id,snp0,snp1,snp2,snp3,snp4,snp5,snp6,snp7,snp8,snp9,snp10,snp11,snp12,snp13,snp14,snp15,snp16,snp17,snp18,snp19,U,X,Y
0,0,0,1,0,0,1,0,2,1,0,0,0,0,0,1,0,1,0,1,0,1.554359682326249,0.7833170639165542,1.7995235643820564
1,0,2,1,1,0,1,0,1,1,1,0,0,0,0,0,0,2,1,2,1,-1.1526150016337366,0.21456277449324868,0.6834981491037995
2,1,1,1,0,0,0,0,0,2,0,1,0,1,1,0,1,2,2,1,0,0.7807335414033469,2.149063268759978,0.664968804773707
3,0,2,1,0,1,1,0,1,1,0,0,1,0,0,0,1,0,1,0,0,1.027641623632129,-0.8385855346045001,0.08034581187741023
4,2,1,1,0,1,1,0,1,1,0,1,1,0,1,0,1,2,0,0,2,-0.14756332008434173,-2.021817274849705,-1.3069830262618352
5,0,1,1,0,1,0,0,1,0,0,1,0,0,0,2,0,2,1,1,2,-0.14014034524126032,0.7242045005239955,1.1482325342453419
6,1,1,1,1,0,2,0,1,1,2,0,1,0,1,1,2,1,1,0,0,-0.5277827824709294,0.16276411673676916,0.6012848641396598
7,0,2,1,0,0,1,0,1,0,2,0,0,0,0,0,0,2,1,1,0,1.3615288300250146,2.356649890374364,-1.3324970893283812
8,2,2,2,0,1,0,0,0,0,0,0,0,0,1,0,1,0,0,2,1,1.93301501604911,-0.4621203257916915,2.2678383942923697
9,1,1,1,0,0,0,0,2,2,0,0,0,0,1,1,0,2,1,0,2,-1.006186027364519,-1.3455840338514997,-0.8727260865070414
10,1,0,1,0,0,0,0,1,1,1,0,1,1,1,0,0,1,0,1,2,-2.0820477386723444,-0.4892263907154734,-0.12493644419858285
11,0,0,1,0,0,1,0,1,1,0,0,0,0,0,0,0,0,1,1,1,1.0147449385811484,-0.9362867107872443,1.392575187215543
12,0,1,0,0,0,0,1,0,0,1,0,0,0,1,0,1,0,1,1,2,0.19879033284959732,0.5639503755932647,0.2616777200385611
13,1,1,0,0,1,0,0,1,1,1,0,0,1,1,1,2,2,2,1,1,1.0707357633243444,-0.8050059307470948,-1.057726576610356
14,1,0,1,1,1,1,0,1,0,1,0,0,0,1,0,1,2,1,0,2,0.1049385270341149,2.7653086815400614,0.7419453443604862
15,2,0,1,1,1,0,0,2,0,0,0,0,1,0,1,0,2,0,1,0,-0.7779203665223726,0.49480963260308186,-0.2341708681453485
16,0,1,1,0,0,2,0,2,0,0,0,0,0,0,0,0,2,1,0,1,0.2866330673291082,0.18464326802933145,-0.4969982546780022
17,0,1,0,0,0,1,0,1,2,0,0,0,2,2,0,2,0,1,1,2,-1.2127822370627275,-2.151005748214784,-1.0826587814502253
18,0,1,1,0,0,1,0,1,1,1,1,1,0,1,0,0,2,0,2,1,1.7087108351815015,1.8021032569596132,-0.5695788182507231
19,0,2,0,0,0,2,0,1,0,1,1,0,1,0,0,1,2,0,1,0,-0.6341285493036574,-3.3323901617698164,-2.7246336465141403
20,1,1,0,1,0,2,0,1,1,0,1,0,0,0,2,0,1,1,1,0,-0.7956273710232457,0.9356248505448063,-0.278668218090392
21,1,0,0,1,0,1,0,1,1,1,0,0,1,1,1,0,1,1,1,1,0.9858193396790184,0.5494378978172929,-0.17125803542386375
22,1,1,1,0,1,1,0,1,1,1,0,0,1,1,1,1,1,1,0,0,1.2359876758145067,1.544978583214304,2.86299203324785
23,0,0,1,2,0,1,0,1,2,1,0,0,1,0,1,0,2,0,1,0,-2.1585987007467433,-0.08084462329704656,-1.1069825734052308
24,0,2,1,0,1,1,0,1,0,0,1,1,0,1,1,0,0,1,0,1,0.13240506368643615,0.31236166932950443,-0.6667766710232406
25,0,1,0,0,0,1,0,2,0,0,0,0,0,1,1,0,0,0,1,1,0.47205867710083493,-0.7323313144991253,-1.2570259239828472
26,2,1,1,1,1,1,0,1,1,0,0,0,0,0,0,0,2,0,0,0,0.17154945394082308,-0.20311299236918132,0.39800264735563007
27,1,0,1,0,0,1,0,1,1,0,1,0,1,1,1,0,1,1,1,0,-2.2685222428670926,-1.5344313759329151,-1.805749141064188
28,2,2,0,0,0,2,1,2,1,1,1,0,1,1,0,1,0,1,1,1,0.9666513874034982,0.6059054981594353,-0.6096617177093343
29,1,1,0,0,0,0,0,1,2,0,1,1,1,0,0,1,0,0,1,1,-0.3756513216277657,1.310004269225051,1.6220464881672794
30,0,0,2,0,1,0,0,0,1,0,0,1,0,0,1,1,1,1,1,2,-0.9426707844827203,0.7634950628224758,-0.5262384143031292
31,0,1,1,1,0,1,0,1,0,2,1,0,1,0,0,1,1,0,0,0,0.7019795513730521,-0.6263500659258002,-1.9673081426182801
32,0,0,0,0,0,0,0,2,0,1,0,0,0,1,0,1,0,1,1,2,-0.6600667794573689,0.693824215129998,-0.7634384020475687
33,0,1,1,1,0,0,0,1,1,2,0,0,0,0,0,1,2,1,1,1,-1.974744459466269,-1.3147000303913914,-1.6890705953632807
34,1,1,1,1,0,0,0,1,0,1,1,0,0,1,0,0,1,1,1,1,-0.7303376057523419,-0.6112114588994817,-0.2579017573322433
35,0,2,2,0,0,0,0,2,0,0,0,0,1,0,0,0,1,1,0,0,-0.9362148530312496,-0.26950670540822164,-0.9584925835670149
36,0,2,1,0,1,1,0,0,2,0,0,0,0,0,0,0,0,0,0,1,-0.0806791499198505,-1.1891738923116841,-0.3462408925311801
37,0,1,0,0,0,1,0,1,1,0,1,1,0,1,0,0,1,1,2,0,-0.04873928302430136,-0.43676698761754307,0.6426086781154469
38,1,1,0,1,1,0,1,0,0,0,1,0,1,1,0,1,1,1,1,1,-0.8410619159743701,0.9894165681962332,0.3207019841796334
39,2,0,1,0,1,2,1,0,1,2,1,0,1,0,0,1,1,1,0,1,0.7209648183291097,-0.051955217061314805,-0.1940948478832667
40,0,0,1,0,1,1,0,0,0,0,1,0,0,1,0,0,1,1,0,1,-0.28289731416856784,-1.2553817875150546,-0.43151712912813395
41,0,1,1,0,0,1,0,0,1,0,2,0,0,0,2,0,1,2,2,0,1.087644069665402,-0.49358813356016085,-1.906636277375391
42,1,1,1,0,0,0,0,1,0,0,0,0,0,1,0,0,1,0,0,2,-0.42456451475707063,-0.42522825347400856,-1.054594791428363
43,2,1,0,0,0,0,0,0,1,0,0,1,0,0,0,1,1,1,1,0,-0.12172259042925879,-0.1827240346070732,-0.8600750263203716
44,0,1,2,1,0,1,0,2,0,0,1,1,1,0,0,0,2,2,0,2,0.4073855225794831,-1.0003602547590895,-0.4702832191823846
45,0,1,1,0,0,0,0,1,2,1,0,0,1,0,0,0,2,1,0,1,0.13316146768235815,-0.3886087805738544,0.40493835182859617
46,1,1,2,1,0,0,0,2,1,1,0,0,1,0,1,0,1,2,1,0,0.8845466279561459,1.1635335440312946,1.2603311718150692
47,0,1,0,0,0,1,0,1,0,1,0,1,1,0,0,1,1,1,0,1,0.9208283152901436,0.8585234987594685,0.7881215685238322
48,0,1,2,0,1,1,0,1,0,0,0,0,0,2,2,1,2,0,2,0,1.6197309882620625,0.14118234616488856,0.5540524417929371
49,1,2,1,0,0,1,0,0,0,1,1,0,0,0,0,0,1,1,0,0,0.7750070060761801,0.3665017509714222,0.2741606814799825
50,1,0,1,0,1,0,0,0,2,0,0,1,0,0,0,2,0,0,2,0,0.6416775509001976,-0.05036009337960233,0.6022418447614477
51,0,0,0,0,0,1,0,1,1,1,0,0,0,0,1,0,1,0,1,2,-0.12802990145864487,-0.4842766437123088,0.8863721881084408
52,1,0,2,0,0,1,0,0,1,1,0,1,0,0,0,2,1,1,0,2,1.5370872512271614,1.621811874834688,1.898880488327058
53,2,0,2,0,0,1,0,1,0,0,0,0,1,1,0,1,0,1,2,0,-1.0838515642996953,-0.3174636760832149,-0.12973457822783363
54,1,1,0,1,0,2,0,0,1,0,0,0,0,0,1,1,0,1,2,1,-0.4820281326368272,-1.2143408679799654,-0.3538444762280421
55,1,0,2,0,1,1,0,0,1,0,0,0,0,1,2,0,0,1,1,1,0.12068319287344238,-0.7974100004008907,-0.11964835029308765
56,1,1,1,0,0,1,0,1,0,0,0,0,0,2,0,0,1,2,1,1,-1.1838126765586843,-1.6344064440205799,-0.3061258965076925
57,1,1,2,0,0,2,0,2,1,0,0,1,0,2,1,0,0,2,1,0,-0.5204783683674961,0.9161934720057413,-0.3300448319649353
58,1,0,1,0,1,1,0,1,1,2,0,0,1,0,0,1,1,2,0,0,-1.9210772827729239,0.172138700603781,-0.5906835684807503
59,0,1,0,1,1,2,0,0,1,2,1,0,1,1,2,1,2,2,0,0,-0.25139020113087435,-1.6643071248703833,-0.6046182183033985
60,1,0,1,2,0,1,1,0,2,1,0,0,0,1,0,0,2,1,1,1,1.0650722311192302,-0.134695848859097,0.3593182249615755
61,0,0,1,0,0,1,0,1,0,0,1,0,0,0,2,0,1,1,1,2,0.4124738543308671,-0.5794011894177123,-0.7795209150556455
62,1,1,0,0,2,0,0,0,1,0,0,2,0,0,1,0,1,1,1,1,0.08487099660581886,-0.134901280660646,0.45224084137498827
63,0,0,1,0,1,2,0,1,2,0,0,0,0,2,0,2,1,1,1,2,0.6137625704184912,-0.3100901495255616,0.16846957124964992
64,0,1,0,0,1,0,0,1,1,1,0,0,0,1,1,1,1,0,1,1,-0.2989422151400717,0.15322546822068978,2.9750618964067406
65,1,1,0,0,0,2,0,0,1,0,1,0,0,0,1,1,1,1,0,1,0.80456787915696,0.8763150556419177,-1.582051301578803
66,0,1,1,0,0,1,0,1,0,1,1,0,0,1,0,1,0,1,1,0,-0.22439267104416533,0.0893135510871046,-0.7031205651986625
67,0,0,1,2,0,1,0,1,1,0,1,1,0,0,1,2,1,2,2,1,-0.37562620501943217,0.754949608633104,-0.684140442035982
68,1,0,1,0,1,0,0,0,1,0,1,0,0,1,0,0,1,1,0,0,0.03525634291089457,-0.6435694807713999,0.18803486995056032
69,1,0,1,1,1,2,0,0,1,1,1,1,1,0,1,1,1,0,0,1,0.04304849426408605,1.5505290030763905,0.887652434111148
70,0,1,2,0,1,2,0,1,0,0,1,0,1,1,0,1,1,1,1,0,-0.6987518008128482,-2.75984162740185,-0.7593619156669644
71,0,1,2,0,0,2,0,2,2,1,0,0,0,0,0,0,2,1,2,1,-0.4221882170913876,-0.14896541088036386,-0.6586222451706394
72,0,1,0,0,1,1,0,0,1,0,0,1,0,1,0,1,1,1,2,2,-0.48916983313316625,0.8993564589941665,1.8072612449921164
73,0,1,0,0,0,0,1,1,2,1,0,0,0,0,0,1,0,0,1,1,-0.8485946504134878,-1.5070271246147264,-1.2940195546610922
74,1,1,0,0,0,0,0,2,1,0,0,1,1,1,0,0,1,2,0,0,-0.8771314462878264,0.45157203876136637,0.20653783501543163
75,0,0,2,0,2,0,0,1,1,0,0,0,0,0,0,2,1,1,1,0,0.09425565183665774,-2.458026440044341,-2.7069341317908604
76,0,0,0,0,0,1,0,1,0,0,1,0,0,0,1,0,2,1,0,0,0.2322031367371266,1.1687101347331086,0.49165338886131044
77,1,1,1,1,1,2,0,2,1,0,0,0,1,1,0,0,1,1,2,2,-2.4389191466385602,-0.16658325093414392,-1.0586040063973048
78,2,1,1,0,0,0,0,0,0,0,0,1,0,0,1,1,1,1,0,2,0.1060792431717215,-0.06942460141744858,-0.3426031376485579
79,1,1,0,0,0,1,0,1,1,0,0,0,0,1,0,0,2,1,1,1,1.2915497727900755,-0.44975477564368804,-0.2910937545461729
80,1,2,1,0,1,0,0,0,0,0,0,0,0,1,1,0,1,2,0,0,-1.111568631661892,0.1674397448687669,-0.37559855811924336
81,0,1,0,0,0,1,0,1,0,1,1,1,0,2,1,0,1,1,1,0,0.37413605633753794,1.8985313163950908,1.582274570622995
82,0,1,1,0,0,1,0,0,2,0,0,0,0,1,2,0,1,1,0,1,-0.8696309479276739,0.19729474212423004,0.9015994849893967
83,1,1,1,0,0,1,0,1,1,1,0,0,0,2,0,0,1,1,0,2,0.19848916211321221,0.2548815807810523,-0.40158308034395673
84,0,1,0,1,0,1,0,0,0,1,0,0,1,0,0,0,1,1,0,1,0.04024053228555956,-0.4198182532652608,-0.457321587002221
85,0,0,1,0,0,1,0,0,1,0,1,2,1,0,0,0,0,2,0,0,-1.123547819768874,-0.110915690368833,-0.04883156742406808
86,1,1,0,1,0,1,0,2,0,0,1,1,1,1,0,0,1,0,2,0,-1.5154555356989734,1.2600373716008662,0.22676016037242247
87,0,0,0,0,0,2,0,1,2,1,0,1,1,1,0,1,2,0,0,2,0.13771702414512338,-0.8847214119667068,-0.07905032312257043
88,1,0,1,0,1,1,0,0,0,2,0,0,1,0,0,1,0,2,1,0,0.8379283722007888,0.8071029414821574,1.0105184445216255
89,1,1,1,0,0,0,0,0,2,1,0,1,0,0,0,2,1,1,2,1,0.012379618458397218,0.5333777478433268,0.02117130170297271
90,1,0,1,1,1,2,0,2,0,0,0,0,0,1,1,0,2,0,0,2,-0.2811724826133513,-0.17581395710499215,1.6056711944726276
91,2,1,0,0,1,1,0,1,1,1,0,1,0,0,1,1,1,0,2,2,-0.5488526407403713,-0.6548922190664319,-1.4796329474282222
92,0,2,1,0,1,1,0,2,1,0,1,1,1,0,1,1,1,1,0,0,-0.35573402269057547,1.2104032660171886,-0.17766292905360226
93,0,1,0,1,0,1,0,1,1,0,0,0,0,1,0,1,1,0,2,1,-0.8771820495234661,-1.2983249323884163,-0.38103725130451205
94,0,1,1,0,1,0,0,1,2,1,0,0,0,0,1,1,1,2,0,2,0.6214001641539908,0.4582555320315167,1.9328176034178317
95,1,1,0,0,1,0,0,1,2,0,1,0,0,0,1,1,2,0,1,1,1.1799858080622194,0.9888000903081646,-0.23630835628333768
96,0,1,2,0,1,0,0,1,0,1,0,0,1,1,0,0,2,2,1,1,-1.1753549537882169,-0.2898897506253953,-1.259249832272244
97,0,1,0,0,0,0,0,0,1,1,0,2,1,1,1,0,2,0,1,2,0.2835918249398483,1.6176429728410422,0.62810313439736
98,1,1,1,0,1,0,0,0,0,2,0,0,0,1,1,0,0,2,0,0,-0.35803209139040587,0.9594747592781745,0.5417513670272496
99,0,1,2,1,0,1,0,1,0,0,0,1,0,1,0,1,1,2,1,1,-0.5470247271461687,-0.7670429131397818,0.7835033314791775
100,1,1,1,0,0,1,0,0,1,0,1,0,0,2,0,1,0,0,0,2,0.454319806539411,0.2027527490471832,1.5373221737846294
101,0,2,2,0,0,0,0,0,2,0,1,0,0,0,1,1,1,2,0,1,0.8779764370455521,-0.07168662594193742,-1.9092001411130968
102,0,1,0,0,1,1,0,1,1,0,1,0,0,0,0,0,1,1,0,1,1.5768523592421142,-1.1190246777790456,-1.3929163011259278
103,0,1,1,1,0,2,1,1,1,1,0,0,0,1,0,0,0,2,1,0,-0.11514144885463316,0.789496614637319,2.047430986274349
104,1,1,0,0,1,1,0,2,1,0,0,0,1,1,1,1,1,1,1,1,-1.177126998974553,-0.8720172478191273,0.11181727832747246
105,1,1,1,0,0,0,0,2,1,1,0,0,0,1,0,1,1,0,1,1,-0.11562544080269939,0.12317844180691585,-0.32752820310448344
106,0,0,1,0,0,0,0,1,1,1,1,1,0,1,0,2,2,1,1,1,0.6023921309349471,0.906750800348723,-0.6119238747095774
107,1,0,2,1,0,0,0,1,0,2,0,2,1,0,0,0,0,1,1,2,0.10984280663639329,-0.6549671461620782,0.5557853809794682
108,0,2,0,1,1,0,0,1,1,1,0,0,0,1,1,0,2,0,0,0,-0.5407908404211944,-1.8151359608242201,-0.9280443307370158
109,1,0,0,0,0,1,0,1,1,0,0,1,2,1,0,1,1,0,1,2,1.9849124834689762,1.5755162684777688,2.303765953475552
110,1,1,0,1,2,1,0,1,1,0,0,0,0,0,0,2,0,1,1,1,-0.13081340979553407,-0.08131787175713208,-1.333093959341097
111,1,0,1,0,1,1,1,2,1,1,0,1,0,1,0,2,0,1,0,0,0.8440825587951514,1.789239485434997,1.2320935745623713
112,1,0,1,0,1,0,0,2,1,1,2,0,0,1,1,1,0,0,1,1,-1.3301693481986283,-1.0326250483361896,-1.7177562240102933
113,0,0,1,0,1,1,0,0,1,0,1,0,0,2,1,0,2,1,2,1,0.7206001499146254,0.19020055305674824,2.498519351849279
114,2,0,1,0,0,1,0,0,0,1,0,0,0,0,2,1,1,1,1,1,-2.12523918740998,-0.8704949393310937,1.0369008435187201
115,0,1,0,0,1,1,0,0,1,0,0,2,1,1,1,1,1,1,0,1,-0.513291369339081,-0.5342538017857764,-0.5113093657968504
116,0,0,1,0,1,1,0,1,2,1,1,1,0,0,0,0,0,2,0,0,-0.36104117480769005,0.598770636442172,-0.4909811485284045
117,1,0,0,1,1,1,0,0,2,1,0,1,0,1,0,0,0,0,1,2,0.46488887093941117,-1.1529606667403078,1.0543995367734738
118,1,1,0,0,1,2,0,1,2,2,0,0,0,0,0,0,0,1,1,2,1.805991488555687,-0.39076751393536563,1.0110391974676438
119,0,0,1,1,0,0,0,2,2,1,0,0,1,1,1,0,1,0,1,2,0.687098128194311,-0.6623931617050178,-1.5682895483229848
120,0,2,1,0,0,0,0,0,0,0,0,1,0,0,1,0,1,1,1,2,-0.9959129030863554,-1.4665477423191364,-0.43638709593714975
121,1,0,1,0,1,0,0,1,1,1,0,1,0,1,1,0,2,2,1,1,-1.6337269063271638,1.3797593147335285,-0.34910148505658856
122,1,0,1,1,0,1,0,0,2,0,0,0,1,0,0,0,1,1,1,1,-1.5307257307525908,-1.0259099087644523,0.13601460774918717
123,1,0,0,1,1,1,1,1,1,0,0,0,0,0,0,0,1,0,1,2,-1.4041719534050916,1.2784662777899896,-1.2952634373624439
124,1,1,1,0,0,2,1,0,0,2,1,0,1,1,1,0,1,1,0,1,1.792382255979854,0.12505840142835128,0.8563081049088318
125,0,1,1,0,2,1,0,0,0,1,1,0,1,0,1,1,1,1,1,0,-2.45950423370595,-0.5943926375989188,-2.604372122063385
126,1,1,1,0,0,0,0,0,0,0,0,0,1,1,2,1,1,0,2,0,-2.0559038716231406,0.09117127750085374,0.1379089276256431
127,1,0,1,0,0,0,0,1,1,0,0,1,1,1,2,1,0,1,0,1,1.2579724810340036,1.9064183833806352,1.6427537284283846
128,1,1,2,1,0,2,0,1,1,1,0,0,0,1,0,0,1,0,0,0,-0.7809264730511103,-1.3683510938669192,-0.5680693736224304
129,1,1,1,1,0,2,0,2,0,0,1,0,1,0,0,1,1,1,2,0,1.2861425743707813,0.008048446530040665,-1.422405199328694
130,2,1,0,0,0,1,0,0,0,0,0,1,0,1,1,0,0,2,0,2,-0.14845471079082992,0.23694367857268353,-0.2375499804102994
131,1,0,0,0,0,1,0,1,1,0,0,1,0,1,0,1,1,1,1,2,1.2642069133742702,1.2996892704760836,0.3526447520989523
132,0,0,0,1,0,0,0,2,1,0,0,0,0,2,0,0,2,2,1,0,-0.7382759178144719,0.35902708688838925,-0.7125216060717965
133,0,1,1,1,2,2,0,1,0,0,0,0,0,0,0,1,0,0,1,1,-1.0996681946758906,-1.3431414307778635,0.1469045248963542
134,1,1,1,0,1,0,0,1,0,0,0,0,1,1,0,0,2,1,0,2,2.5666394015567797,0.39268426657653765,2.7882176271203534
135,1,2,1,1,0,1,0,0,1,1,0,1,1,1,0,0,2,1,1,1,0.9477387094653111,1.2326212836502823,1.3573494947045066
136,0,0,0,0,0,2,1,0,0,0,1,0,0,0,0,0,1,0,1,1,-0.7961741129160864,-1.144506934345415,-0.7751763955638301
137,0,0,1,0,0,1,0,2,1,1,0,0,0,1,0,1,0,0,1,1,1.3996457260457273,2.9033391693789037,2.5826900012400547
138,1,2,1,0,1,1,0,2,1,0,0,0,0,1,0,0,1,1,0,2,1.8724490418937418,-1.4938175295589666,1.1944706194159467
139,2,2,1,0,0,1,1,0,1,0,0,0,0,0,0,1,1,1,1,2,1.0927031645913896,-2.5463408141810477,-0.7567111323788926
140,0,2,1,0,1,1,0,1,0,0,0,0,0,2,2,0,0,1,0,1,0.18792802275956288,0.412168024969899,2.3398427620567497
141,1,1,1,0,0,1,1,2,2,1,0,0,1,0,1,0,0,1,0,1,1.8767458484775312,0.19422128978076886,1.2298220790707306
142,0,2,0,0,1,1,0,0,1,0,0,0,0,0,1,1,0,0,0,2,0.5580575548223309,-1.460807133585105,-1.3694802422267407
143,0,1,0,0,1,0,0,1,0,1,0,1,0,0,0,1,2,1,0,1,1.3642973603858537,0.41521194369568065,2.093519327474965
144,0,2,1,0,0,1,0,1,1,0,1,0,0,0,0,0,1,1,0,1,-1.9077320490315093,0.2808136702322801,0.7843359000506542
145,2,2,2,0,0,1,0,1,1,0,0,0,1,0,0,1,0,2,1,1,0.8884158598518014,-0.2571168159616539,-0.930617897977475
146,0,2,0,0,0,0,0,1,0,2,1,0,1,0,1,1,2,0,2,1,2.191575532387547,1.0081785617390728,1.1864509036181419
147,0,1,1,1,0,0,0,1,1,0,1,1,0,0,0,1,0,2,0,1,-0.024670360973477037,0.31608238630423463,0.13137925651821436
148,1,1,0,1,0,0,0,1,1,0,0,1,1,0,0,0,1,1,0,2,1.3375805286712439,-0.17070327205549835,-0.18076804318071904
149,0,2,1,1,1,0,1,1,1,2,0,0,0,1,0,0,1,2,1,1,0.9923598413345971,0.5506113916826287,1.0016461210594012
150,0,1,2,0,1,1,0,1,1,0,0,1,0,0,0,0,1,1,1,0,-0.9046945152148781,-0.7311695673638913,-1.0663469549832654
151,0,1,0,1,1,0,0,1,1,1,2,0,0,1,0,0,1,1,2,1,0.9132632104912133,-0.16600983655898344,1.6057585597585344
152,0,2,1,0,0,1,0,1,1,2,0,1,1,0,0,1,1,0,1,0,1.0563921227240889,0.5649999868258974,-0.006260577371361542
153,1,1,2,0,0,2,0,1,0,1,1,1,0,0,1,1,1,0,0,2,-0.20889612347988423,0.03804171892427298,1.1545244000148431
154,0,0,0,1,0,1,0,1,1,0,0,0,0,1,0,0,2,1,0,1,0.2739067797681508,0.047027408979730734,0.4413096484968123
155,1,0,0,0,0,2,0,1,2,0,0,1,0,0,1,1,1,0,0,1,0.04337988596672832,-0.7699950225407207,0.2643862212926129
156,0,0,1,0,0,2,0,2,1,1,0,0,0,0,1,0,1,1,0,1,-0.1879202587030362,-0.34203475666448246,0.9716510159061005
157,2,0,0,1,0,1,0,0,2,1,1,0,0,1,1,0,0,0,0,1,0.6509681510572334,-1.6259206009084675,1.6673153323009329
158,1,1,0,0,0,0,0,2,1,0,1,2,1,1,0,0,1,1,1,1,0.17189515515332662,0.5121648635017724,-2.495330321242911
159,1,1,1,0,0,0,1,1,2,1,1,0,1,0,1,0,2,2,0,2,0.5940950352653529,0.18530576422775516,-1.4218079807678068
160,1,0,1,0,0,2,0,0,1,1,0,0,0,0,0,1,2,1,1,2,0.7259630061624632,0.3574034269245999,0.7282052481360728
161,1,1,0,1,0,0,0,1,1,0,1,0,1,0,0,0,1,1,0,1,-2.0255195990177564,0.9060228851654991,-2.527332066578976
162,0,1,0,1,0,2,0,1,1,1,0,1,1,0,1,0,0,1,0,1,0.29338576286797613,0.7197712515863504,-0.0894163884828994
163,1,1,2,1,0,0,0,0,1,1,0,1,1,0,0,1,1,1,1,1,2.080081078025401,0.8252752975823752,2.1230621334444466
164,1,1,0,0,0,2,0,1,2,0,1,0,0,0,1,1,0,0,0,0,0.2390211986840797,-1.3875450690924984,0.3563631571719005
165,1,1,0,0,0,0,0,0,1,0,1,1,0,1,2,1,1,0,0,1,-0.18861302567074187,-1.228234118815227,-2.108116872214615
166,1,0,0,0,0,1,1,1,2,1,1,1,0,1,0,1,0,1,0,1,0.022623574479788616,1.5055714999830216,-0.2029872291287661
167,1,2,2,0,1,0,0,1,2,1,0,0,1,1,0,1,1,2,1,2,-2.148730594167885,-1.7219579591556058,-0.962191029101979
168,1,2,2,0,0,1,1,1,0,0,0,1,1,0,0,1,0,0,1,1,-0.7430563828251713,1.6417840320571537,0.07393008253621436
169,1,0,2,0,0,1,0,2,2,2,0,0,0,1,0,0,2,0,0,0,0.5269280976944047,-0.28156679799612183,0.5291137316393487
170,1,1,1,1,0,2,0,2,1,0,0,1,0,0,1,1,1,1,1,2,0.32100671669341463,-0.23645276910273239,-2.329546104837361
171,0,0,2,1,1,0,0,2,2,0,0,0,0,1,0,1,2,0,1,1,0.06057562894922844,1.8047676724311423,-0.04538800582493485
172,0,1,1,1,1,0,0,2,1,1,0,1,0,1,0,1,0,0,1,2,-2.1388421721571973,0.8135185639000435,-0.015108120579702566
173,0,1,0,0,1,0,0,1,0,0,0,0,2,0,0,1,1,0,1,0,-0.05273854356624121,0.5848341208350152,0.49359459578181064
174,0,2,2,1,0,1,0,0,2,0,0,0,0,0,2,0,2,0,0,0,1.6632210870364608,-0.21859034470034866,0.3646804134421591
175,2,0,2,0,1,1,0,1,0,0,0,1,0,0,0,2,0,0,0,1,0.911721714146557,0.09489828103746847,0.08256026320865428
176,0,1,0,0,1,0,0,1,0,1,0,0,0,0,1,0,1,1,1,0,-0.8508712401647551,-0.6512649667891343,-0.20438212145627022
177,1,2,0,0,1,1,0,0,1,2,1,0,0,2,1,2,1,1,1,0,0.060711897455136984,1.5875112537228846,1.3281715900454556
178,0,0,2,2,0,0,0,1,1,0,0,0,1,0,0,0,1,1,0,2,0.00934121494354969,0.8802372504937348,-1.0198403610584055
179,0,1,1,1,1,0,0,1,2,1,0,0,2,0,1,1,2,1,0,1,1.3143467393159423,-1.0253882523735725,-0.5263533646270795
180,2,1,0,0,1,2,0,1,1,2,0,1,1,1,0,0,1,1,2,0,0.1916133574108892,-0.12159484994654941,0.5500683859810774
181,0,1,1,0,0,0,2,1,0,1,0,0,0,0,0,0,1,0,1,2,0.646565497674356,1.160544287963885,-0.7855335926843947
182,1,0,2,0,0,1,0,1,1,1,0,0,0,0,0,1,1,1,1,2,0.5937447172844081,-0.08449396386992741,1.3081054003586414
183,1,1,2,0,1,1,0,2,1,2,1,0,0,1,0,1,2,0,0,1,-0.43291091346293203,-1.1667739839225415,-0.38552070355350126
184,0,0,1,1,0,1,0,0,2,0,1,0,0,1,0,0,1,0,0,0,1.6650709244469954,0.41497602014333745,0.1222890362794532
185,0,1,0,0,0,1,0,2,1,1,0,0,0,1,0,1,1,0,0,1,0.8629317934791317,0.32377047533749764,-0.39053059423012637
186,1,1,0,1,0,1,0,0,1,0,0,0,0,1,1,0,2,2,0,2,0.7358497098838983,-0.533251434758189,1.305059843725069
187,0,1,0,0,0,1,0,1,2,0,0,0,0,0,0,1,2,2,1,1,-0.9310079953693102,0.5935231158987799,1.0535788798592296
188,1,1,0,1,0,1,0,2,1,2,0,0,0,1,0,0,0,1,0,2,2.2874438456640114,0.8421374696527757,1.007910824289427
189,1,2,1,0,0,0,0,1,1,0,0,0,1,0,0,0,1,0,1,0,0.9585095467314569,0.4040265301231011,1.8855964421517262
190,0,1,1,0,0,1,0,1,1,0,1,0,0,0,1,1,1,1,1,2,-0.4318358357845607,-0.31838508685495437,-0.7304002601775076
191,0,1,1,0,0,1,0,1,1,2,0,0,0,2,0,1,0,1,0,1,-0.7981984309303624,0.46418264666614895,0.5436294427375647
192,0,1,0,0,0,0,0,0,1,0,1,0,0,1,1,1,0,1,0,1,0.6636270666204133,-0.8155817755347329,-1.5289194091945688
193,0,1,0,1,0,1,0,0,1,0,0,0,0,1,0,0,0,1,1,1,-0.2889563771734055,0.2674912695307322,-0.0809035960384977
194,1,2,1,0,0,1,1,1,1,1,0,0,1,2,0,0,0,1,0,1,0.45124967950664857,-0.03229712317080291,-0.49845785988972735
195,1,0,2,0,0,1,0,1,0,0,0,0,0,0,1,2,0,2,1,0,-0.67329474706803,0.09777785759349114,-0.03660338649041173
196,0,2,0,0,0,1,0,1,0,0,0,0,1,0,0,0,0,1,2,1,0.5928367488748402,-0.3458716726657519,0.23577415665286847
197,1,2,0,1,1,1,0,0,0,1,1,0,0,0,1,1,2,1,0,1,-1.5848929503888123,-0.6284345040097332,-3.048522568794542
198,1,2,1,0,0,0,0,1,0,0,1,1,0,1,1,0,1,0,0,1,-0.602732071125637,-0.9158075397494146,-0.007727958799129575
199,1,0,1,0,0,2,0,0,1,0,1,0,0,1,0,1,0,0,1,1,1.0789472720436233,-0.17115481033909513,0.1908657344380274
200,0,0,1,0,0,2,0,1,2,0,1,0,0,0,0,0,2,1,0,2,-0.5684054906021297,-0.6736247103845172,0.6145384465063035
201,1,1,0,0,1,1,0,1,1,1,0,0,0,1,0,0,1,1,2,0,-0.5264670814709494,-0.5281308091724666,1.5419464820652578
202,0,0,1,0,0,1,0,1,0,0,1,1,0,2,0,0,1,1,1,1,1.2275402224609548,0.6388239049009364,-0.3599912583934497
203,0,1,0,1,0,0,0,0,1,0,0,0,1,0,0,0,0,1,0,2,0.2756863940637001,0.500276456161164,-0.2503481540469898
204,0,1,1,0,0,0,0,0,2,0,0,1,0,0,0,0,2,0,0,1,1.0268180744439646,0.3779421176094764,1.9054515887461496
205,0,2,0,0,0,1,0,0,1,1,0,0,0,0,1,1,1,2,1,2,-0.24499838831431184,-1.020422845671999,0.20196378229299622
206,1,0,0,0,0,0,0,1,1,0,0,0,1,0,0,1,0,2,1,1,0.16160183244753099,-2.140187345359149,-0.978049741651829
207,0,0,1,0,0,1,0,2,1,1,1,1,0,1,0,0,0,0,0,0,0.6047366583664923,0.6270256994288653,1.0583450528178986
208,1,0,0,0,0,1,0,1,0,0,1,0,0,0,0,0,2,0,1,1,1.1455285394109995,0.9171473602436631,1.2322906588372247
209,1,0,1,0,1,0,0,1,1,0,0,1,1,0,0,0,1,1,2,0,-0.6482570184473898,-1.1316548730370615,-2.828707999544453
210,2,0,0,0,0,2,0,2,1,0,0,1,0,1,0,1,1,2,1,0,-1.0400809556333688,0.7320770178780256,-0.38871417097851535
211,1,0,1,0,0,1,0,1,2,0,1,0,0,2,0,0,1,2,0,0,1.190512851247473,1.0655997340517998,-1.2307728657892925
212,0,0,2,0,0,2,0,0,1,0,0,0,0,1,0,2,0,0,0,1,0.2491094978947588,-0.5994931481002866,0.16788952733212942
213,0,1,2,0,1,0,0,0,2,0,1,0,0,0,0,1,0,1,1,0,0.1577008222140764,0.5791916132244298,0.9418151661442133
214,1,0,0,0,0,1,0,1,0,0,1,1,0,0,0,1,1,1,1,0,-0.11310899690926186,1.157109199318568,1.9932028061337435
215,2,0,0,0,1,1,0,1,1,0,0,0,1,0,1,0,1,2,0,1,0.8955679070389008,-0.7263877921823174,-0.15163521355731632
216,1,2,2,0,0,0,0,1,0,0,0,0,0,1,0,2,2,2,1,0,0.6276662788665084,1.374674887260912,0.9046509879797995
217,0,1,0,0,1,2,0,0,2,1,0,0,0,0,1,0,1,1,2,0,-1.1997441856690159,-1.1477421326312363,0.890878191822998
218,1,1,1,1,1,2,0,0,0,0,0,1,0,0,1,1,2,1,0,2,-1.0214464591490997,-1.3717693950417065,-0.1892573412484162
219,0,1,0,0,0,1,0,1,1,0,0,0,0,0,0,0,1,0,2,2,-0.10745425587148351,1.4626383266478955,0.7713825568912305
220,0,1,0,0,0,0,0,0,1,0,1,1,0,1,2,0,1,1,0,1,0.005439684198356002,-0.0026737579749353466,1.0344168891058103
221,0,1,0,0,1,1,0,2,1,1,0,0,0,0,0,0,2,1,2,1,0.9523109948655077,-0.5586929336627253,1.014063968402835
222,0,0,0,0,0,0,0,2,1,1,0,0,1,0,0,1,1,0,1,1,-3.0160107308779662,-1.0723084129159137,-0.3472766173353141
223,0,1,1,1,0,0,0,0,2,2,0,1,0,2,0,0,0,1,0,2,-0.649935277957571,0.9501352153673448,0.8668833220582877
224,1,1,1,0,1,1,0,0,0,0,0,0,1,0,1,0,1,1,0,2,-0.3361483776239063,0.04611123424809416,2.248941330883087
225,0,0,1,0,1,0,0,1,2,1,0,0,0,1,0,1,1,0,0,1,-0.41504663929082114,-0.5641179152334671,-0.3415077495851478
226,2,1,1,1,0,2,0,0,0,1,0,1,0,1,0,1,1,1,1,2,1.2307077093974852,0.7522561095944456,0.9867534111391527
227,2,1,0,1,0,2,0,1,2,1,1,1,0,2,0,0,1,1,1,1,-1.0806848949550043,2.0261970919157815,0.7956692619323804
228,1,2,1,1,1,2,0,0,1,0,1,0,1,0,1,1,2,1,1,1,-0.1659929598882763,-0.05291376391158631,-1.191672482695454
229,0,1,2,1,0,1,1,1,2,1,1,0,1,2,0,1,0,1,1,1,-1.6525975884047135,-0.14844134801492573,-0.3954503022994432
230,1,0,0,1,0,0,0,1,1,1,1,1,1,1,0,0,1,1,1,2,2.23066183017401,-0.5162164885113055,1.3405331717622628
231,0,0,1,0,0,0,0,0,0,0,0,0,0,0,0,0,2,2,0,0,2.401335418341929,0.874912861641125,-0.2982707860655809
232,0,1,1,0,1,1,0,0,0,0,0,0,0,0,0,0,0,1,2,1,0.5117818828150564,-1.0090245396025137,-0.379955389840929
233,1,1,1,0,0,1,0,0,2,1,0,0,0,0,0,0,2,0,2,0,-0.7390517993915077,0.5466926506462889,-0.623462638346991
234,0,0,2,1,0,1,0,1,0,2,0,1,0,1,0,1,1,1,0,0,-1.2177926010959568,-0.11377017562424685,1.873856744265853
235,2,0,0,0,0,2,0,0,0,0,0,0,0,2,0,1,0,0,1,0,-1.0556602015668828,-0.5642199141629083,-2.641045057907373
236,0,2,0,0,1,0,0,0,1,0,0,1,1,0,1,0,1,0,1,1,-0.4810081723488372,-0.444535711526102,1.7351307655632333
237,1,1,1,0,0,1,1,1,1,1,1,1,0,0,1,0,1,0,2,0,0.47199064520024375,1.0995331339849357,1.1726484680116338
238,1,2,0,1,0,1,0,0,0,0,0,1,1,0,0,1,2,0,0,1,-0.6422444183335831,0.7151898661017104,-0.46307835940017217
239,2,0,2,1,0,1,0,1,1,1,0,1,0,0,2,0,2,2,1,1,-0.8320620588814601,-1.3200940938525392,-0.41261662908235425
240,1,2,1,1,1,2,0,1,0,0,0,1,0,1,0,0,2,1,0,2,0.21728635203369895,-0.24593115699048085,2.7067408130389286
241,0,2,0,1,0,2,0,2,0,0,0,0,0,1,0,0,1,1,1,1,0.8548175458265047,0.43761134153118475,0.5306994865273542
242,2,0,2,0,1,2,0,1,0,0,0,1,0,2,0,0,1,1,0,0,-0.5199231665056362,-0.8070778234458015,-2.049165733862283
243,0,0,1,0,1,1,0,0,0,1,0,0,0,1,1,1,2,0,1,0,1.1113063176731348,0.07664242485826098,-0.14052322471672707
244,1,1,1,0,0,1,1,1,0,0,1,1,0,0,0,2,0,0,1,2,0.9732177131631139,0.15230255919196067,1.466885823331978
245,1,0,1,0,1,1,0,1,1,0,1,1,2,1,1,0,0,0,1,2,-1.2336603801657855,0.048805489860099194,-0.8554733486351553
246,1,2,0,0,0,1,1,1,1,0,1,1,1,0,0,1,2,0,0,0,1.1202553027522437,-0.5701187682446249,-0.3605508257198725
247,0,0,1,0,0,1,0,1,1,0,0,2,0,2,0,0,2,2,0,1,1.4555383209152266,-0.8809367373097872,0.16834089273914987
248,1,1,1,0,0,1,0,1,1,1,0,0,0,1,0,1,2,0,0,1,1.6294232595006124,1.590897310133291,1.2444667128254603
249,1,2,1,0,0,1,0,0,1,0,0,0,0,1,0,1,1,1,0,0,2.315106839804645,0.34993055890666247,0.005786525663646902
250,2,2,2,0,1,2,0,2,1,0,0,0,0,1,1,1,2,0,0,2,0.6898015928008019,-0.04742668245730153,0.9959689265841695
251,1,0,1,0,0,2,0,1,1,2,1,0,0,1,0,1,1,0,0,1,1.6494703029672833,-0.8292746566086012,1.2158729710513574
252,2,0,1,0,1,2,0,2,0,1,0,1,0,0,1,1,1,0,2,1,-2.0513735172821583,-0.8183921623636805,-0.7483422586398631
253,1,0,1,0,0,1,0,2,0,1,0,0,0,0,1,1,1,1,2,1,-1.952088675737282,-1.3647516201593155,-1.0826396691271947
254,1,2,0,2,0,0,0,0,0,0,0,0,0,0,1,0,0,1,0,0,-1.9414264811758275,-0.41774267671159715,-2.7655044295892064
255,1,1,0,0,0,0,0,0,0,1,0,0,0,0,0,1,2,1,1,2,-0.1323070553495025,0.45973266642677013,-0.45311601657603573
256,1,1,1,0,1,1,0,1,0,1,0,0,0,1,0,1,1,0,0,1,-1.0695583061153875,2.077269520479381,0.11255561893209037
257,0,2,0,0,0,0,1,2,2,0,1,0,0,1,0,0,2,1,1,1,0.9330961396903139,0.633333221971593,3.059387931879191
258,0,1,0,0,0,1,0,0,2,1,1,0,1,1,1,0,0,1,0,2,-0.0904843069458554,-0.7920000601502847,0.8913063754059222
259,1,1,2,0,0,1,1,0,0,1,1,1,1,1,0,0,1,0,1,0,0.02440924257558003,-0.148956529351005,-1.7129287442176913
260,0,2,0,0,0,2,0,1,2,0,0,0,0,1,1,1,1,1,0,0,0.8240979885793499,0.08915886335818164,2.1114440898220086
261,2,2,1,1,1,0,0,1,2,2,0,0,0,0,2,0,2,0,2,1,0.1283376635132032,-0.2963744987498198,-1.4401671683730661
262,1,1,1,0,0,1,0,2,1,1,0,1,0,1,1,0,1,1,1,0,-1.3918460731645868,-1.5183946762360643,-1.3839346683780265
263,1,2,1,0,1,0,0,2,1,0,1,0,0,0,1,1,0,1,1,1,1.7349345136130299,1.2572769889026865,0.29207922759455907
264,0,1,2,1,0,2,0,0,0,0,0,0,0,1,1,1,2,1,2,2,-1.0692200746479066,0.5889352590936251,0.11923590554321856
265,1,1,1,1,1,1,0,0,2,1,0,0,0,2,1,2,1,1,1,2,0.2912916092270825,-0.6601731711290566,-0.8425753654037396
266,1,1,1,1,0,1,0,2,0,0,0,0,0,2,2,0,2,1,1,1,1.6027955870695303,-0.8014703372577243,0.41135515139302076
267,1,0,1,0,0,0,0,1,1,1,1,1,0,0,1,0,0,0,0,1,-0.23727931870075214,1.4642134020236701,0.5939153302156304
268,0,1,1,0,0,2,0,0,1,1,0,0,0,0,1,0,0,0,1,0,-0.5359328476103178,-1.7519425923297498,-0.4960337234732752
269,1,2,1,0,0,1,0,1,0,0,1,1,0,1,0,0,2,2,1,1,0.8471195819959906,-0.038103016262296396,0.004886007394099001
270,0,2,0,0,0,1,0,2,0,1,1,1,0,0,0,0,2,0,1,0,0.16640691120372947,2.0351539859367263,0.6496544539200477
271,1,0,1,0,0,1,0,1,1,0,0,1,1,1,1,1,0,2,0,2,-0.5797038758969745,-0.9061040465025022,-0.26087397760682296
272,1,1,1,1,0,1,0,1,0,1,0,0,1,0,2,0,0,2,0,1,1.5741533403108199,-0.25857725883126503,-1.1709018431781462
273,2,2,1,0,0,0,0,0,0,0,1,0,0,0,1,1,1,1,1,2,-0.1528495525763758,0.5968748378560211,0.9744048917903606
274,1,2,2,0,0,1,0,1,1,1,0,0,0,1,0,0,1,0,0,0,0.5544865948852908,0.4307285415126043,0.7058534659827312
275,0,0,0,0,0,1,0,1,1,0,0,0,1,1,1,1,1,1,0,2,-1.1865904769127187,-2.5724885170486775,-0.8778715073800133
276,1,0,0,0,0,2,0,0,0,0,0,0,1,0,1,0,2,1,0,2,0.02321817927916674,-1.690468771598513,0.1036252047311706
277,0,1,0,0,0,1,0,2,0,0,0,0,0,0,1,1,1,1,1,1,-0.10953446979490575,1.402528671884884,2.190764325527142
278,0,1,1,1,0,1,0,0,2,0,1,1,1,0,0,0,1,2,1,0,-0.0008980781352772788,0.047954131081834966,0.12431752678472277
279,0,1,1,0,0,0,0,0,2,0,0,0,0,1,1,1,0,0,0,1,-1.1711334819005488,-1.516235851281742,-1.5785127782315893
280,1,1,1,0,0,1,0,1,0,1,0,0,0,1,0,0,1,0,0,2,0.9085444821952979,-2.3796250285126743,-0.28694126715772544
281,2,0,2,0,1,0,0,1,1,2,0,0,0,1,0,0,0,2,0,0,0.4788597848144228,0.4568927682840525,-0.7257107836874348
282,1,1,1,2,1,1,2,1,1,1,1,1,0,0,0,0,2,1,1,1,-1.773095542022258,0.6476745951116454,-0.6700081909609192
283,1,2,1,0,0,1,0,0,2,2,1,0,0,0,0,0,2,2,1,2,1.0504149971993606,-0.4364713176045576,-0.928172165500087
284,0,2,2,0,1,1,0,1,0,0,1,0,0,0,1,2,1,0,1,1,0.16884632104907338,0.028271751711004822,-0.8658716987736286
285,1,0,0,1,1,2,0,1,2,1,0,0,0,0,0,0,1,2,0,0,-1.4573935263808828,-1.2741414297401836,-2.011617083029378
286,2,2,2,0,0,1,0,0,2,0,0,0,1,0,1,0,1,0,0,2,-1.3563411130590708,-1.8770963711257727,-1.4371116527154149
287,0,1,2,0,0,1,0,2,0,1,0,0,0,1,1,1,0,0,2,1,1.9617009943822237,0.29777264238849166,1.5823969526710338
288,1,1,0,1,0,0,0,0,1,1,0,0,0,0,0,0,0,0,0,1,0.07395208022712575,-0.7905889115107676,-1.9804250213036432
289,1,0,1,1,0,1,0,2,1,0,1,0,0,0,1,1,1,0,0,2,-1.0543789138007729,0.2042359120633884,-1.1809377179179061
290,0,1,0,0,0,1,1,1,0,0,0,0,1,0,1,1,0,0,1,0,-0.6067048692165805,-0.1089163999145017,1.1275315326684874
291,0,1,1,0,0,2,0,0,1,1,2,0,1,0,0,1,0,0,0,1,-0.3927083113008108,0.6224353395058191,0.31402668716960486
292,1,0,0,1,0,1,1,1,1,1,0,0,1,1,1,0,1,0,0,0,0.3090715298364309,-1.8575341752286945,-0.9630707199536351
293,0,0,1,0,1,1,0,1,1,0,0,0,1,1,0,1,0,1,1,1,0.7857654578665539,-0.3202558949706443,-0.2087390142993178
294,0,1,0,0,1,1,0,1,0,1,1,0,0,1,0,0,0,1,0,1,0.5680946522154726,-0.6212353325800668,0.03236912828404771
295,1,0,1,0,0,1,0,2,1,0,0,0,2,1,0,0,1,1,0,0,-1.3516370828409527,1.701308810225349,-1.5204665960152655
296,1,1,1,0,1,0,0,0,0,0,0,0,0,1,2,1,1,1,2,1,0.9097251514683955,-0.22809018833670175,0.28894914162055235
297,1,1,2,0,0,1,1,0,0,0,0,0,1,1,1,1,1,1,0,1,0.1675452621585569,-0.2240664794964826,1.5841572473980483
298,0,1,1,0,0,0,0,2,1,1,0,0,0,0,0,0,1,1,1,0,0.5095299948696121,0.6784146594345929,1.0689874339277807
299,0,0,1,0,0,0,1,1,2,0,0,1,1,0,1,1,2,2,0,2,1.308951636100109,-1.0976456635919511,-0.24837759819658028
300,0,1,1,0,0,1,0,1,1,0,0,0,0,1,1,2,2,1,0,0,-0.3445887353517742,1.0045957199315785,-0.8192105435858923
301,1,1,1,1,0,2,0,1,2,1,1,1,0,1,0,0,2,2,2,2,0.10218774604683879,0.3535761619282227,-0.8893941691529959
302,1,2,1,0,0,1,0,1,1,1,1,0,0,0,1,1,1,0,0,1,0.10972942092346133,0.5565543898176113,1.8472455697272778
303,0,2,0,1,0,2,0,0,1,1,0,0,0,0,0,1,1,0,2,0,-1.106289519680265,-0.42382225394766343,-1.9567514421282388
304,2,2,1,1,0,1,0,0,2,0,1,0,0,0,1,2,2,0,0,1,0.9332351025346732,0.6075536577261982,-0.31412550505736814
305,1,0,2,1,1,0,0,2,1,0,0,0,0,1,0,2,1,1,0,1,0.8790815803876373,1.3637768919955107,-0.43629666009232637
306,0,2,1,0,0,2,0,0,1,0,0,1,1,0,1,0,0,0,0,1,0.4038672138194289,-0.21328780568740147,-0.2840075725426333
307,0,1,1,0,0,0,0,1,1,0,0,1,0,0,1,0,1,1,1,0,-0.6270076633440235,-0.6708444613656335,1.5595485381058496
308,2,2,2,1,0,2,0,1,1,0,1,0,0,0,0,0,2,1,0,2,1.2538546679501397,0.7869015570621288,0.9922727075448715
309,0,0,1,0,0,2,0,0,0,0,1,0,0,1,0,1,0,1,1,0,0.17162224121952577,0.7478610647056452,0.4996537369709594
310,1,1,0,1,0,2,0,1,2,1,0,0,0,1,0,0,2,1,0,1,0.7451121871744066,-1.1290248234036575,-1.1212297205151527
311,1,2,1,0,0,0,1,1,0,2,0,0,1,1,0,0,1,1,0,0,-0.2373675748457035,0.3422725357623805,-0.6717628682010915
312,0,0,1,0,0,0,0,0,1,1,0,1,0,0,0,1,0,0,1,0,0.8143842384854126,1.1808684437442059,-0.010526073949767123
313,0,0,1,0,1,0,0,1,1,0,0,0,2,0,1,1,2,0,0,2,0.69333501501553,-0.0740232900876528,-0.43415851921003457
314,1,1,1,1,1,1,0,2,0,1,0,1,0,0,1,1,0,2,1,1,0.49142654574338257,-1.0047193214458632,-0.6629936610030093
315,2,0,0,1,0,2,0,1,1,1,0,0,0,1,0,2,2,0,0,1,0.2886569267849988,-1.498430881935475,0.3221603784092852
316,1,1,0,1,0,1,0,0,1,1,2,0,0,1,0,1,1,0,2,1,-0.5880759424707765,-2.1148869085413633,-0.5877056978457286
317,0,0,1,0,0,1,0,2,1,1,1,0,1,0,1,0,1,1,1,2,-0.9265858576634963,1.4270498864054058,-0.5018472162946663
318,1,0,2,0,0,1,0,0,0,1,1,0,1,0,0,0,0,0,0,0,0.6349387388059506,1.178787488181445,1.2176610848696783
319,1,1,1,2,0,2,0,1,2,0,0,0,0,1,1,1,0,0,1,1,-0.4535452617173387,-1.3062325467891691,0.8407580636986505
320,0,0,0,1,1,0,1,0,0,0,1,0,0,2,0,0,1,1,0,0,0.2857340038139511,2.300077744891194,0.5260408730428819
321,1,2,2,0,0,2,1,1,2,1,0,0,0,0,1,1,1,1,1,1,0.04832455903582397,-0.4409638565234768,-0.022588816954958235
322,1,1,1,0,1,0,0,1,0,1,0,0,0,1,0,1,0,0,1,2,0.43954691114589356,-0.5629739373707192,-0.4145887461719532
323,0,2,1,0,0,1,0,1,0,0,0,0,2,1,2,0,1,0,0,1,-0.43138760177411256,-0.9619794421887656,0.9266625382542771
324,1,1,1,0,1,0,0,1,1,1,1,1,0,2,0,1,1,1,1,0,0.025366140659692202,-0.8317806385569184,-1.0624339085736603
325,1,1,1,1,0,0,0,1,1,1,0,1,0,1,2,1,2,1,2,1,0.09973675825026301,0.28911647986289174,-0.14448087013230598
326,0,1,2,0,1,0,1,2,1,1,0,0,0,1,1,2,0,1,1,0,-1.036534564151306,2.2040258879740424,0.3837799844340128
327,2,1,0,0,1,2,0,1,0,1,0,2,0,1,1,1,1,0,0,0,0.2977569087119324,-0.5885161269684992,-1.3158478449301714
328,0,1,1,0,0,2,0,0,1,2,0,1,0,1,1,1,1,2,1,1,-0.965169061021636,1.5737478591091834,-0.3364701156171941
329,1,1,2,0,0,1,0,0,1,1,0,0,0,1,0,1,2,2,1,2,0.6737179691676171,-2.297519603987669,-0.8918696397383215
330,0,2,1,0,1,0,1,0,1,0,0,0,1,0,1,2,0,1,0,2,0.7900391406052264,-0.2453504692955124,-0.19297844232122996
331,1,0,2,0,0,2,0,0,0,1,2,0,0,1,1,0,2,2,0,1,-1.7715153876466319,0.4513041600154448,-0.20511886020298353
332,2,1,1,1,0,1,0,1,1,1,0,1,0,1,0,1,1,1,1,0,1.2167862402530294,-0.985605887744141,0.7575412784093832
333,1,2,0,0,1,1,0,1,1,1,1,1,0,1,1,0,1,2,1,2,-1.377878700336234,-1.6045196629591216,-0.6904649485491745
334,0,1,1,0,1,1,0,1,1,0,0,1,0,0,0,1,0,2,0,2,-0.838269178028466,-0.08754640226663679,-0.4461566836544158
335,1,1,1,0,0,1,0,0,2,1,1,0,0,1,0,0,1,0,1,1,-0.6851945368621367,-0.5917474756118337,-0.34736888047260667
336,0,1,1,1,1,1,0,1,0,1,0,0,0,0,0,1,2,1,1,1,0.46485133392400313,-0.15210804500849834,0.4270715265305015
337,1,1,1,0,1,1,0,0,0,1,0,0,1,0,1,0,1,1,1,2,0.12101363900021721,0.06044260984019109,-0.4350370713285853
338,1,1,0,0,1,0,1,0,1,0,0,1,0,1,1,1,1,1,2,1,0.6225990875399827,-0.34758676638782665,-1.4007857721986234
339,0,1,2,1,0,1,0,1,1,1,1,2,0,2,1,0,1,1,0,0,-0.8699171779919306,-0.5476239116992898,-0.47748302908478646
340,0,1,0,0,1,2,0,1,1,1,0,1,0,0,1,1,2,1,0,0,1.2655595247153983,1.3784403574782516,1.8424433549351134
341,0,0,1,1,0,0,0,0,0,1,0,0,1,1,2,1,0,0,1,1,-1.1318125477040066,-0.2585466974745863,-1.63977408033258
342,0,0,0,0,0,1,0,1,2,0,0,1,0,1,0,2,1,1,0,0,-2.4574719158016336,-0.4873087047780543,-0.5665637111075669
343,0,0,0,0,0,0,0,0,0,0,0,0,1,2,1,0,0,1,2,2,0.08732756038614001,-0.13952940122358387,1.020322567920017
344,1,2,0,0,0,0,0,1,2,0,0,0,0,0,0,2,1,1,0,0,-0.09306617004514622,0.23632238636018732,-0.17141466899391106
345,0,1,0,0,0,0,0,0,1,2,0,0,0,1,0,0,1,1,0,1,0.5489704700569149,0.4150293184190987,0.8836876119696435
346,1,1,1,0,0,0,1,0,1,0,1,0,1,0,0,1,2,1,2,1,0.18608831390878752,-0.5675836403640491,1.5323978666031415
347,2,0,2,1,1,1,0,2,1,0,0,1,0,0,0,1,0,1,1,0,-1.2988611265614998,0.6403090553708961,1.3534772662607897
348,0,2,0,0,1,1,0,2,0,0,1,0,0,1,0,0,1,2,0,0,-1.4461858057843975,0.5688250120848877,-0.9934187017925149
349,0,1,1,0,1,2,0,1,1,1,1,2,0,1,0,0,2,1,1,0,0.08384607567868671,0.4752518506405187,0.19532380209468458
350,1,0,1,1,1,1,0,0,1,0,0,0,2,1,1,0,2,1,1,1,-0.5477100252689875,0.8027087656546141,-0.005331870517649518
351,1,0,0,0,0,1,0,0,1,0,1,0,0,1,2,0,0,1,1,2,0.7923770885463375,1.442638795564263,-0.5001448949056367
352,0,0,0,0,1,1,0,1,1,2,0,0,0,1,0,1,1,1,1,1,0.4190869990426813,0.4561103594028924,-0.8940989524279215
353,0,1,0,1,1,0,0,1,1,2,0,0,0,2,0,1,0,1,2,1,-1.3898969615926278,-0.4935984441937514,-1.3863766462118396
354,0,2,1,0,1,1,0,1,1,0,0,0,0,0,0,1,1,0,1,1,0.512299334386078,-1.2774723011219922,-1.5234663984462085
355,1,0,1,0,0,1,0,1,2,1,0,1,0,1,1,0,2,0,0,1,-0.8558672423182188,0.3791868648173871,0.1859313577211787
356,1,1,0,0,2,2,0,0,1,1,1,1,0,0,0,1,2,1,0,1,0.9287969545066053,-0.21502754377688582,0.1956574166398774
357,0,1,0,0,0,0,0,2,1,0,2,0,0,1,2,1,0,1,0,0,2.2210111100866214,2.360924835832872,1.5163549084611065
358,1,0,0,0,1,1,0,1,2,0,0,0,0,0,0,0,1,1,0,0,0.34559925625818216,0.19195436574641173,-0.7037807658098673
359,2,0,0,0,0,0,1,0,2,0,0,0,0,0,0,0,2,1,1,2,-0.878373088669307,0.31855814105905256,0.12250963976987528
360,0,1,1,0,0,2,2,2,1,0,1,0,0,0,1,2,2,0,1,1,0.7945314051042939,-1.5373613745571553,0.661280669343753
361,1,1,0,0,0,1,0,1,1,1,1,0,0,0,1,0,0,1,0,2,1.7038735021097182,0.314098321095164,2.455661535322152
362,1,1,2,0,0,1,1,0,1,1,0,1,0,0,1,2,1,1,1,0,0.2434205963618097,0.3423492084146046,1.0992237234545224
363,1,0,2,1,1,2,0,0,1,1,0,1,0,0,0,0,2,1,0,2,0.12522963373414156,-1.0373125540485573,-2.3103049743284507
364,2,1,1,0,1,1,1,1,0,1,1,0,0,0,1,0,1,1,0,1,2.082930285775655,0.4887129390126529,1.063451507086485
365,0,0,1,0,1,0,0,0,2,1,0,0,0,1,1,1,1,1,1,0,1.139593097133711,1.7030427686033374,-1.0882644745356767
366,1,1,1,0,0,2,1,1,1,0,1,1,0,1,0,0,2,1,1,1,-1.3208722129272974,-0.8454424981748425,-3.0203805307764693
367,2,0,1,0,0,0,0,0,1,0,0,1,0,0,0,0,1,2,0,1,-1.2342210121969868,0.896840776450529,0.5422232368572456
368,0,1,1,0,1,1,0,0,2,2,0,0,1,0,1,0,0,0,1,0,-0.448562011864912,0.6400112371428075,-0.5362732098871655
369,0,2,1,0,1,1,1,0,0,1,0,0,0,1,0,1,1,1,1,0,-0.012229994634920228,-1.6121676315230207,0.30795099662825326
370,1,0,0,0,0,0,0,2,0,0,0,0,0,0,0,1,1,1,1,2,-0.3052891282469758,0.9684103254082115,-0.17398497401884455
371,0,2,0,0,0,1,1,2,1,0,0,1,0,0,1,1,1,2,1,0,-0.4260029069086361,1.3600077939323396,0.15720567713063457
372,2,1,0,1,0,1,0,0,2,1,0,0,0,2,1,0,2,1,1,0,1.123232734367096,1.493664989845036,1.8092429966240278
373,0,2,2,0,0,1,0,2,1,1,0,0,0,0,0,1,2,2,1,1,-0.6835659219280339,-0.07834188866346778,-1.2759305035707296
374,0,1,0,1,1,0,0,0,0,2,0,1,1,0,1,0,0,0,0,1,1.3950779056262361,1.3845350070006712,1.284034764635041
375,1,2,0,1,0,1,0,1,2,0,0,1,1,0,0,1,0,1,1,2,-0.5492767142613589,-0.10399616109697124,-1.758857977629868
376,0,1,0,0,0,2,0,1,1,2,0,1,0,0,0,1,1,1,1,1,-0.5053046635400656,0.4217187378311135,1.0699019855257443
377,1,1,0,0,0,1,0,1,1,0,0,1,1,1,0,1,1,2,0,2,0.896034475611028,0.0417581083341394,0.2289465303992272
378,1,2,1,0,1,1,0,0,1,1,0,0,0,1,1,1,1,0,1,0,1.4035052073016636,-0.9753331120682699,0.3379972121963687
379,0,1,1,0,1,0,0,1,0,0,0,0,0,0,1,0,1,2,1,2,-0.21509354822769927,1.5761214759062248,3.060829669398521
380,1,0,1,1,0,1,0,2,1,0,0,0,1,0,1,1,0,1,1,1,1.1194287087922148,-0.014585208233054425,0.4212111159336401
381,0,0,0,0,0,0,0,2,1,0,1,0,0,1,1,1,2,1,1,0,0.17693440664250737,-0.19452227111968146,-2.4045828615006033
382,2,1,1,0,0,0,0,1,2,0,0,0,0,1,0,0,0,1,1,2,-1.5163949179456226,-0.22571458597864905,-0.2003569081802713
383,1,2,2,0,0,1,0,1,0,0,1,0,1,0,0,0,0,1,0,0,1.1382002625002228,0.753219116302126,-0.2607600408738484
384,1,0,2,0,0,0,0,0,1,0,0,0,0,0,1,1,0,1,0,1,-0.8011773473782733,-0.644380806794661,2.1418123434124317
385,0,0,0,1,1,1,0,1,0,1,0,1,1,0,1,1,0,1,0,1,0.43083805317424506,-0.1635897551250729,0.4167434915124903
386,0,1,0,0,0,1,0,1,1,1,0,0,0,1,1,0,1,2,1,1,2.5785008438764736,1.9544670229087093,2.2333542112761466
387,1,1,0,0,1,0,0,0,1,0,0,0,0,1,1,0,2,2,1,1,0.8976261680625157,-0.8667809642508503,0.4735715248369309
388,0,0,1,0,2,1,0,1,0,1,0,1,0,0,1,0,0,1,1,1,-1.1130754694173888,-0.07239266334942185,-2.1317836124405107
389,2,1,2,0,0,1,0,2,0,0,0,1,1,0,0,0,0,2,1,2,-2.783471758600263,0.5612299870362718,-1.093103413841662
390,0,1,1,1,0,0,0,0,2,0,2,0,0,0,1,2,1,2,1,2,-0.12047836164709885,-1.3493234070376903,-1.7160482888874877
391,0,1,0,0,0,0,0,0,0,0,0,1,0,0,0,2,1,1,1,2,-0.877524943335393,-1.3005245769263947,-1.318501175412258
392,1,2,0,1,1,1,0,2,1,1,1,1,1,0,0,0,1,0,1,2,0.5471031580972036,-0.018671763860601265,-0.7373894683390213
393,2,0,1,0,1,0,0,0,0,1,0,1,1,0,0,2,1,2,1,0,0.24654069706422868,1.656050261457277,-1.1397390900878466
394,0,1,0,1,1,1,0,1,1,0,0,1,0,0,0,0,1,1,1,2,1.2560413253801872,-0.18153301498143504,0.13198890032734312
395,1,1,1,1,0,1,0,1,1,1,0,0,1,1,0,1,0,1,1,1,-0.8924936623083697,0.4682125159387505,0.48904173495147824
396,0,0,2,1,0,2,0,0,1,0,0,0,0,1,0,0,2,0,0,1,1.58181384040764,1.1429734266138483,1.45277450850979
397,0,2,1,1,0,1,0,0,1,1,0,1,0,0,0,2,0,1,1,0,0.6056936785297992,-0.047320131362632134,0.5058211601531727
398,2,2,0,0,0,1,0,1,2,1,0,1,0,2,0,0,2,0,1,1,-0.4627912980529286,0.9361008694944197,1.061528340705575
399,1,1,2,1,0,1,0,0,0,0,0,0,0,0,0,1,0,0,0,1,0.3785611871909263,0.540522635031508,-0.28105922115763143
400,0,0,1,0,1,1,0,1,0,2,0,1,0,1,0,1,1,1,0,0,-0.7738679225374743,0.514414417102707,-1.067404931631888
401,1,2,1,1,1,1,0,1,0,1,0,0,0,2,0,1,1,0,2,0,-2.3937322127286365,-0.2451250820226043,-1.452775178711111
402,0,1,1,0,1,2,0,1,1,1,0,0,0,0,0,0,1,1,0,2,-0.08489042986505035,1.099667263957977,-1.445940974803566
403,0,1,1,1,0,2,0,2,0,1,0,1,0,1,0,0,0,0,1,1,-0.06253838445318842,0.46311856720561273,-0.28361915392744896
404,0,0,0,0,0,2,0,1,0,1,1,2,1,1,2,0,2,1,1,1,0.9189785777128946,0.6399082340848276,0.8843452741557576
405,0,0,1,0,1,0,0,1,0,0,0,0,0,0,2,0,1,1,0,2,0.2296049199971763,-1.6484091293092444,-0.5818763128647801
406,0,0,0,0,0,1,0,0,2,1,0,1,0,0,1,2,0,1,0,2,1.018168220108656,0.9345635369498033,0.9262364684993005
407,0,2,0,0,1,1,0,1,0,0,0,0,1,0,0,0,0,0,1,1,-2.3758031457825552,0.5701280450246727,-2.8868609193755526
408,1,2,2,1,0,1,0,2,0,2,0,1,0,1,0,1,1,1,2,0,-1.2818257549525867,0.2815592661164576,-1.2406714771630578
409,2,1,1,0,0,1,1,1,2,0,0,1,0,0,1,1,1,0,1,2,0.1453226843008961,0.6850449014785506,-0.2837310735398938
410,1,2,0,0,0,1,0,1,2,0,0,0,0,0,1,1,1,0,1,1,-0.8800339036696865,-0.47770601150259073,-0.4705731119547643
411,1,1,1,1,0,0,0,0,2,1,0,0,0,1,1,0,2,0,0,2,1.0377369494354929,-0.5925293868658126,-0.9755689601894874
412,1,1,2,0,0,1,0,0,0,0,0,0,1,1,0,1,2,0,1,1,-1.828347050469856,-0.6929318457243305,1.2715465592224202
413,2,1,2,0,0,1,0,1,1,1,0,0,0,0,1,1,1,1,0,1,-1.2204354005365818,-2.1265964577620653,-1.830468636582923
414,0,2,1,0,0,2,0,1,2,1,0,0,0,0,1,1,2,2,1,1,-1.3716166346177074,-2.3880103699507638,-1.1962977945361277
415,0,1,1,1,1,1,0,1,1,0,1,1,0,0,0,1,2,2,1,0,-0.46229059792668914,0.2688013645288928,-0.47513491241325356
416,2,2,0,0,1,1,0,0,0,0,0,0,0,0,0,0,0,1,0,2,0.45674815238783356,0.3812951264035907,1.140216923065057
417,0,1,1,0,0,1,0,1,0,0,1,0,1,0,0,1,0,2,2,2,-0.6653574805561064,0.347951988093651,0.8916337351107468
418,1,0,0,0,0,1,0,1,1,1,1,1,0,0,0,1,1,0,0,0,-2.5682231011666388,1.2526274618441564,-1.1952938413040517
419,1,1,2,1,1,2,0,0,0,0,1,0,0,0,1,0,1,0,0,0,-0.06919030986687666,0.20850476638801785,-1.9838920983207127
420,0,2,2,0,1,1,0,0,2,0,1,0,2,0,0,1,1,0,1,2,-1.7074897763056658,-1.8519455541439045,-1.8213607975107213
421,2,1,1,0,1,1,0,1,2,0,0,2,0,0,0,0,1,2,1,1,0.6871014974802717,-0.2665878710100631,0.8246531497980001
422,0,1,0,0,0,1,0,1,1,1,0,0,0,1,0,1,1,0,0,0,-2.8361859972317416,0.3107128773605877,-1.2118968864703927
423,1,1,0,1,0,1,0,2,0,1,0,0,0,0,0,2,2,0,1,0,-0.3791590407426687,1.1886660410241054,-0.7179626648862186
424,0,1,1,1,1,0,0,1,1,1,0,0,0,1,1,0,1,1,1,0,0.4780428436097603,-0.5186307712513036,-1.4047781359161828
425,0,1,1,1,0,0,0,0,1,0,0,1,1,1,1,1,2,0,2,0,0.7850637119677436,0.9812954993596517,0.020745165862056436
426,0,1,0,1,1,0,0,2,1,0,0,0,0,1,2,0,0,0,0,0,-0.4395532117050992,0.5633923671010106,1.4386469925540524
427,2,1,1,0,2,0,0,1,0,0,0,0,0,1,0,0,1,1,1,1,1.8190920373221633,-0.6010291920516593,0.44685903051681375
428,0,1,1,1,0,0,0,0,0,0,0,2,0,2,0,0,2,1,2,1,1.362823680455792,0.8716079746551735,-0.2614037093994539
429,0,1,1,0,0,2,0,1,0,2,0,0,0,0,0,1,2,0,1,2,0.8570190093761584,-0.5274443902500489,-0.5469393226278332
430,0,1,0,0,0,2,0,0,2,0,0,1,0,1,0,0,0,2,0,2,-1.4774401019793204,-1.296466108475149,-0.026024798827028905
431,1,2,0,1,2,1,0,2,1,0,2,0,0,0,1,0,0,1,1,0,-1.283932274389446,-0.17608338976631663,-2.250608945416012
432,1,0,1,0,0,0,0,1,1,0,2,0,0,1,0,0,1,1,1,1,-0.9284508018816859,-1.9884712417657913,1.3240663663000587
433,1,0,2,0,1,0,0,1,0,1,1,1,0,1,1,0,0,2,0,1,1.811420951808679,2.470207827702003,1.6402836128323477
434,0,1,0,0,0,2,0,2,0,0,0,0,0,1,0,0,1,2,0,1,0.2757598497293899,1.3857796714131885,1.004872271258844
435,0,2,1,0,0,1,0,0,0,1,0,0,0,0,0,0,2,0,0,0,0.26725337033714847,-0.8730721271796387,-1.3801809342686808
436,0,1,1,1,0,0,0,1,0,1,1,0,0,0,1,1,0,1,0,0,-1.8404164598180794,-0.12010526644120131,-0.7231408904211585
437,1,1,2,1,1,1,1,0,1,0,1,0,0,0,0,1,0,1,1,0,-0.5455592917435711,0.4771850880124181,-2.043144109316424
438,1,1,0,0,1,2,1,1,1,1,0,1,0,0,1,1,1,2,0,1,-0.10572486672754272,1.1542984860232086,-1.884209308383574
439,0,2,2,0,1,1,0,1,2,0,1,0,0,0,1,1,2,2,0,0,-0.32097866504718026,0.207498213356881,-0.5583054014442894
440,0,1,0,1,0,2,0,1,1,1,0,1,1,1,1,0,1,1,0,0,-0.9223012111775444,-0.7309125378430564,-1.5075000376934655
441,2,2,1,0,0,2,0,1,1,0,0,1,1,1,0,1,1,2,1,1,-1.173617272842967,-0.0063902102678780465,-0.5856694784170403
442,1,1,2,0,0,1,0,0,1,0,0,0,0,0,0,0,0,0,1,2,-0.7388536874861075,0.8977735621588754,0.003154438812817295
443,1,0,1,1,1,1,0,1,1,0,0,0,1,1,1,0,1,1,1,0,2.1665124376021545,0.5284837267100673,2.2949475701788353
444,1,1,1,0,1,2,0,2,0,1,0,0,0,0,0,2,1,2,1,2,-0.16932488287201652,-0.30951635254970356,2.1626550619852343
445,0,2,1,0,0,0,0,1,1,1,0,1,0,0,0,0,1,1,0,0,-0.7412454481781359,0.45855136895186666,-0.5380212980157523
446,0,1,0,0,1,1,0,0,2,0,1,0,0,1,1,0,1,0,1,1,-0.8361021463761158,-0.14351570179166023,0.24061705524403187
447,2,1,1,1,0,0,0,0,1,2,0,1,0,0,0,0,0,0,0,1,-0.2873590475101998,-0.15230408585021293,0.12356977984114864
448,1,1,1,1,1,1,0,0,0,1,0,1,0,0,1,1,2,1,2,1,-0.3351179983982389,0.25196530087505936,0.10966738256544538
449,0,1,1,1,1,2,0,1,1,2,0,0,0,1,1,2,1,1,1,2,0.26608356974108677,2.990694070282221,2.7948252997269543
450,1,2,2,0,0,2,0,0,2,0,0,0,0,0,0,0,0,1,0,2,-1.50759851222337,-0.46180280971780374,-1.6869590974325166
451,2,2,1,1,0,2,0,1,1,0,0,0,1,0,0,2,1,1,1,1,-0.6985940720739741,-1.4022179204306267,-1.5865871390703135
452,0,0,0,0,0,1,0,2,1,0,1,0,1,1,2,2,1,0,2,1,-0.20023565662272474,0.3417537416706735,-1.6739277263711851
453,0,1,0,0,0,1,1,2,2,1,1,0,1,0,0,0,1,0,1,0,-1.6020977854391472,0.8123549116960692,-2.1175040529309097
454,1,1,1,0,1,1,0,0,1,0,1,1,0,0,0,1,1,0,1,1,1.6831912525360146,0.29477144024228774,0.1265244609886187
455,0,0,1,0,1,1,0,1,2,0,0,2,1,0,0,1,0,0,1,1,-1.2743145955268267,-2.4761498372239115,-0.2931701328687103
456,1,1,2,0,0,2,0,2,1,1,0,0,1,0,0,0,1,0,0,2,-0.31346076941633294,0.23994745069648094,0.6392841693997845
457,2,2,1,0,0,0,0,1,1,1,1,1,0,0,1,1,2,1,1,0,-0.3804404716030006,-0.3413718562161545,0.07440004737490385
458,1,1,2,1,0,0,0,1,0,1,0,1,0,0,0,1,2,1,1,2,-0.7558984400908892,-1.8442477536392041,-2.527822399769378
459,1,1,2,1,0,0,0,1,1,0,1,1,0,0,2,2,0,1,0,1,-0.6261484521388785,0.7275836941295134,0.04443225787937127
460,1,1,1,0,1,1,0,0,1,2,1,0,0,0,1,2,0,0,0,0,0.45212473751895665,0.6073448760648235,-2.6560193887479366
461,1,1,0,0,0,1,0,1,1,1,0,1,0,1,0,0,1,0,1,1,-1.5645622093384097,-1.2485574262994297,-1.248066125125321
462,1,1,1,0,1,0,0,0,0,0,0,0,0,0,0,1,2,0,2,1,-0.816293342455143,-0.23309513532000262,-0.11492064706792249
463,1,2,0,0,1,1,0,2,2,1,0,1,0,0,0,0,0,1,2,1,-0.10796679651261805,0.06448973307530219,0.062058991643981445
464,0,1,0,0,1,0,0,0,1,0,1,0,1,0,0,0,1,1,2,1,-0.35331860402077636,-0.6849334007921519,-2.0300823455591552
465,1,2,0,0,1,1,0,1,1,0,0,0,0,0,1,1,1,1,2,0,1.4248551366784006,0.5478042213312382,1.4235109509825747
466,1,1,2,0,0,1,0,1,1,0,0,0,1,0,0,0,1,2,1,1,1.339816056804188,-1.1767600665894482,0.8459775468783168
467,1,1,2,0,0,1,0,1,1,1,0,0,0,1,1,1,1,1,2,1,-0.3519046633328402,0.33144372955541057,-0.32072442309819577
468,1,0,1,0,1,1,1,0,1,1,0,1,0,1,0,0,2,1,2,2,-0.3102004773663666,-0.5422112845692567,-0.011381906943250863
469,0,0,0,0,1,2,0,1,1,1,0,1,0,0,0,0,1,1,0,1,0.03384911835808477,1.1903709267184939,0.9148474300603706
470,1,1,0,0,1,1,0,0,0,0,0,0,0,0,0,1,1,0,1,1,-0.794965654475876,-1.2213582013610096,0.6255779759651399
471,2,1,0,0,0,1,0,1,0,2,0,1,1,0,0,0,1,0,0,0,-1.3842249620804161,0.6460600092105664,-0.7334715282602043
472,0,0,2,0,0,0,0,0,0,1,0,1,1,1,0,1,1,2,0,1,1.776388099522256,0.345627508365994,0.44826523979691935
473,1,0,1,1,1,2,0,1,0,1,0,0,0,1,1,1,0,0,1,0,-0.44115950951895605,0.27616507919637495,-1.1560824014880333
474,1,1,1,0,1,0,0,1,0,0,0,1,1,1,1,0,0,0,0,2,-1.3197294568964408,1.8517882427711718,0.17898799088449271
475,0,0,1,0,0,0,0,0,0,1,1,1,0,2,1,0,1,1,0,1,-1.033067913652473,-0.6116201730984596,-0.9310086964899591
476,1,2,2,0,0,1,0,1,1,2,0,0,0,1,0,0,1,1,1,0,1.695443571384083,0.16660663854009633,1.915939841814329
477,1,1,0,0,0,1,0,1,2,0,2,0,1,0,1,1,0,2,0,1,-0.8468136500837409,0.6048911925322906,-0.9243099667058301
478,0,1,0,0,1,1,0,1,1,0,1,0,1,0,1,0,1,0,1,0,-0.20200946706204576,-1.0043856423222417,0.3988334075921336
479,0,2,1,1,1,0,0,1,2,0,1,0,1,1,0,0,1,1,1,0,-1.0330757701535371,-0.29600135077910616,-2.6006039307683384
480,0,1,0,0,0,0,0,0,1,0,0,1,1,1,0,0,2,0,1,1,0.7442873017490922,-1.1794940882092866,-1.5563964529970367
481,0,1,0,0,0,0,0,1,1,2,1,1,0,0,0,0,0,1,1,1,-2.0120964900738723,0.297675521545646,-0.21656200031392392
482,0,1,2,0,0,1,0,1,1,1,0,0,0,1,0,1,1,1,0,0,0.44121864876989636,-0.27845328273608294,1.41468536373488
483,2,1,0,0,0,0,0,2,0,1,1,1,0,0,1,2,1,0,1,0,-0.258966931076294,-0.1327931672792972,0.2550083854257498
484,0,1,0,0,0,0,0,2,2,1,0,0,0,0,0,1,1,0,0,1,0.5465034403347474,-0.5207092821164495,0.6295158595354178
485,0,0,0,1,0,1,0,1,0,0,0,0,0,0,0,0,1,2,0,1,-1.368977776263088,-0.7779666954834069,0.9458596098443401
486,0,1,2,0,0,1,1,2,1,0,0,0,1,0,0,0,2,2,1,1,2.004339876905554,-0.5285528777861024,0.5892020434670611
487,1,1,2,0,1,1,0,1,1,1,1,0,0,0,1,0,0,1,1,2,0.4662329700724229,1.534292857853288,1.3633112362005502
488,2,2,0,0,1,1,0,0,2,1,1,0,0,1,1,1,0,0,1,2,-0.6138090397442536,0.1068168597687042,-0.8911221848959825
489,0,2,0,0,0,1,0,1,1,1,0,0,0,2,0,0,1,1,0,1,0.25045128471922434,-0.6714785963515169,-1.4647692920248239
490,0,1,1,1,1,1,0,0,1,1,0,1,0,1,0,0,2,1,2,0,0.25108626072696383,-0.5799724587916241,-0.6541463906079941
491,2,0,1,0,0,0,0,1,1,0,2,0,1,1,2,0,2,1,1,0,1.0121880507036851,0.5463423788118634,1.7202148948373726
492,0,1,2,0,1,1,0,2,0,0,0,1,0,0,0,0,1,1,1,0,-1.3123803310067825,-0.22854023833463272,-0.3247375126257905
493,0,1,2,0,0,1,0,1,2,1,0,0,1,0,2,0,2,0,1,1,0.5882682284892686,0.8615946133914647,0.8284016543610799
494,0,1,0,0,1,1,0,0,0,0,0,0,0,0,1,1,2,0,0,2,0.6929850840427152,1.2364574148411807,0.8059699711281938
495,1,0,1,1,1,2,0,0,1,0,0,0,0,0,0,1,1,0,1,2,0.4247559300175702,0.7869810959225683,1.0286680229588923
496,2,0,1,0,1,2,0,2,2,1,0,0,0,1,1,1,1,0,0,0,-1.3558533526639631,-0.0883271390553571,-1.0321554623378906
497,0,2,0,0,0,0,1,2,1,1,1,2,0,0,0,1,1,1,0,2,1.3049858136623884,0.11435187565465887,-0.3652352507747274
498,1,1,0,0,1,1,0,0,0,1,0,2,0,2,0,0,0,2,1,1,0.43762812762622105,1.257559902078846,1.109132484688806
499,1,2,1,0,0,1,0,1,1,1,1,0,0,1,1,1,2,0,0,1,0.005506716708069543,-1.7858239970610386,-2.1877582075918274
500,0,0,1,0,0,2,0,2,1,0,0,0,0,1,1,0,1,1,0,1,-0.7702948045547946,0.8857246549830878,1.7213115810398305
501,1,2,2,0,0,1,0,2,1,2,0,1,0,1,2,0,0,1,0,1,0.002169006476795193,1.2962707556211484,-0.11950544422283066
502,2,2,1,0,2,1,0,0,0,0,0,0,0,1,0,0,2,1,1,1,-0.5066460281018486,-0.9793428258213577,0.6780113471643572
503,0,1,1,1,0,2,0,2,2,0,0,2,0,0,0,1,0,1,1,0,1.0310992098292708,-0.5488144344860677,3.103373199913543
504,0,2,0,0,0,1,0,1,0,0,1,0,0,1,1,0,1,2,0,2,-0.010212702998579687,0.5093783418452396,0.23533810655345883
505,0,1,0,0,1,0,1,0,0,1,0,0,0,0,2,2,2,1,1,1,-1.6587177448275485,0.17154142079856266,-0.5764129209402592
506,0,1,0,0,0,0,0,2,1,0,0,0,0,0,1,2,0,0,1,1,-2.1033924534917734,0.5060586734611645,-1.4418223825493577
507,0,2,0,1,0,2,0,2,1,1,0,0,0,0,1,1,1,2,0,1,-0.5720627235030171,-0.8016764448848501,0.8910041282688439
508,0,2,1,0,1,1,0,1,0,1,0,1,0,1,0,0,1,1,1,0,-1.2279728805655128,-0.623080917081459,-0.3122631151485283
509,0,0,1,0,1,1,0,1,1,1,0,0,0,1,0,2,1,0,1,1,-1.029868578145126,1.4660039239568536,-0.5508621926490409
510,0,1,1,0,0,0,0,0,1,0,0,1,0,0,0,0,1,0,0,0,0.62518844366697,0.8992691361421267,0.36663680596268555
511,0,2,1,1,1,0,0,1,1,1,0,0,0,2,1,1,2,2,0,1,-1.0102247003186793,-0.22418506459309093,-2.09316562945617
512,2,1,2,0,2,1,0,2,1,0,0,0,0,2,1,0,1,0,1,1,-0.12233677866567898,-0.7985280629502441,0.5922161794378077
513,0,1,2,1,1,0,0,1,1,0,0,0,1,1,1,1,1,2,0,1,-0.9720991653160983,0.20059590107172184,-0.7311049448416769
514,2,2,1,1,0,0,0,0,0,0,1,0,0,0,1,1,1,2,1,1,-1.6292479314933843,-1.591456170019803,-3.010141369845744
515,1,1,2,1,0,0,1,1,1,0,0,0,1,1,0,1,1,2,0,0,-0.2489669749046033,2.459285264760466,0.43059071415539957
516,1,1,0,0,0,1,0,0,0,1,0,0,1,1,2,0,1,1,0,1,-0.5171200334450234,-1.2230822059985753,-1.0994522099032058
517,0,1,0,0,1,1,0,1,1,2,0,0,0,1,0,1,0,1,0,1,-2.4517390606131197,-0.44523031176369,-1.202933662214772
518,0,1,1,0,0,0,0,0,1,1,2,1,0,2,0,0,1,2,1,2,-0.5992561078935047,0.2506046013352858,1.2499694038949793
519,1,0,1,1,0,1,0,0,2,0,0,0,0,0,0,0,1,0,1,0,-0.7177566380193686,-0.8876584869765967,0.3129190383644229
520,0,0,2,1,2,2,0,1,1,1,2,0,1,2,2,1,1,2,0,2,0.5236372789154542,-1.4460957466879576,-0.7832859110100108
521,0,0,1,1,0,2,0,0,0,0,1,2,1,0,1,0,1,1,0,1,-1.6082031648115331,0.05718041381435607,1.236686754197873
522,0,2,1,0,0,1,0,2,1,1,1,0,0,0,0,0,0,0,0,1,0.30828497261990945,0.7689992929590582,0.45759135296179765
523,0,2,1,0,0,1,1,0,0,1,0,0,1,2,0,0,2,0,0,2,-0.32463292896211965,1.144744838759677,1.1900031268196618
524,0,1,2,0,0,0,0,0,1,0,0,1,1,1,0,0,1,1,1,1,-0.36609827614670404,-0.6667665490751008,-0.26976092292163256
525,2,0,1,1,2,1,0,1,1,0,1,0,2,1,1,0,1,0,1,1,-0.8747572717135585,-1.2218964085675839,-0.05782819414866669
526,0,1,1,0,0,1,0,1,1,1,1,0,1,2,0,1,0,0,0,0,-0.09830098651434226,0.41772675818153515,0.2569687193306389
527,0,1,2,0,2,1,0,0,0,1,1,0,1,1,0,1,1,0,1,1,-0.6501938098616452,-0.020947752382769164,0.7934394246093478
528,1,2,2,0,1,1,0,0,2,2,0,0,0,1,0,1,1,1,1,0,0.9518080391866828,-0.42532812153264155,0.6200392640107015
529,0,1,1,0,1,1,0,0,0,0,0,0,1,0,0,2,1,2,1,1,-0.11216894238458402,-0.6199706497117528,0.613485503083669
530,0,2,0,1,0,1,0,1,0,2,0,0,0,0,1,1,0,0,0,1,-1.9786624746635006,-1.2326022015544038,-0.9561427514187741
531,1,2,0,0,0,2,0,1,0,1,1,0,1,1,2,0,1,0,0,1,0.8472224982955843,0.4038284559187157,-0.09289233436467392
532,0,2,0,1,0,1,0,0,0,0,0,1,1,1,0,1,2,2,1,0,-2.0575182932930454,-0.7075359783771378,-0.6422963242496145
533,0,1,0,0,1,1,0,0,2,1,0,0,1,0,0,0,0,1,1,1,-0.96482146853055,-1.509213943627897,-1.680309702321849
534,0,1,1,0,0,1,0,1,1,0,0,0,2,1,0,2,1,1,1,1,2.5252026853629235,1.1115150763942756,0.632669215309812
535,2,1,0,0,1,1,0,1,2,0,0,0,2,1,1,0,0,0,0,0,0.8381429460370251,0.3101076203831949,-0.3572677030801716
536,1,1,2,1,0,0,0,0,1,0,1,0,1,0,1,0,2,0,0,0,-0.27757969925028525,-0.6797458517359358,-0.46177772702149145
537,0,1,1,1,0,1,0,0,1,0,0,0,0,1,0,0,1,2,0,1,-0.5436145396995041,0.1567573725433763,0.7558526771150134
538,0,1,0,1,2,1,0,0,1,1,0,2,0,0,2,2,0,1,1,1,-2.102192040472877,-1.64602040709312,-0.8466572508896226
539,2,0,2,0,0,1,0,1,0,1,0,0,1,0,2,0,1,1,1,2,0.3728729859390646,-0.2664713854542562,-0.6391183401884385
540,1,2,1,0,0,0,0,2,1,0,0,0,0,0,0,2,1,2,0,1,-2.660624833029614,-1.126210484174146,-1.1120835735359211
541,1,1,0,0,0,2,0,0,1,1,0,0,0,1,1,0,2,1,1,1,1.9187381108683859,-1.1771977650082686,1.0774143590318757
542,0,0,0,0,0,2,0,1,0,0,0,1,0,1,1,0,0,1,1,0,-0.2764598697040199,-0.931879391878182,-0.4648247603033015
543,0,1,1,0,0,2,0,0,1,0,1,1,0,2,1,0,1,1,0,0,-1.2778632186966357,-0.6736677768288892,-1.311469892345828
544,0,1,1,1,0,1,0,1,1,1,1,0,0,1,1,1,1,1,0,1,1.7229868575548055,-0.5085270729652589,0.45659891891440224
545,0,1,1,0,0,1,0,2,1,0,0,2,1,0,0,0,2,1,2,1,0.7499620991990774,0.8807250133288493,0.19763611986484936
546,0,2,1,1,0,0,0,0,2,0,1,0,0,0,0,0,2,1,1,1,-2.317913927195414,-1.6747552579641785,-1.4727263924002534
547,0,2,1,1,0,1,0,2,0,2,1,0,0,1,1,1,1,0,1,1,-0.7134368257117627,-0.31857012149248,0.18627570634778173
548,0,2,1,0,0,2,0,1,0,1,0,0,0,0,1,0,1,1,0,2,-0.9621397491093225,-0.35134718042649316,-1.7942715668174876
549,1,1,0,0,0,1,0,0,1,0,0,0,0,0,0,1,2,1,0,1,0.8096471930699441,-0.7175005303750136,0.5716580064067202
550,0,0,0,0,0,0,1,0,1,1,0,0,0,1,1,1,0,0,1,0,1.8539257189879348,0.9077231721873049,0.7977225500015225
551,0,2,0,1,0,1,0,1,1,0,0,0,1,0,0,2,1,1,1,1,-0.2951352325182362,-1.49006349987785,-0.2153747363757318
552,0,1,1,0,0,0,0,0,1,0,1,0,0,1,0,0,2,0,0,2,1.385427526409482,1.0405256966655867,1.3231741269343102
553,1,1,0,1,0,1,0,1,0,0,0,2,0,0,0,0,0,2,0,1,-0.1405609906889317,-0.22719952798548249,-0.09671431306095835
554,1,2,1,0,1,1,0,2,0,1,1,0,0,1,0,0,2,2,0,1,-0.16230560072368924,0.30161478613400977,1.230119337225817
555,1,1,0,0,0,1,0,0,1,0,0,0,0,0,0,0,1,0,0,2,-0.26154690105367107,-0.2982629989991986,0.08365244568936853
556,1,2,0,1,0,2,1,1,0,1,1,0,1,0,1,0,1,1,0,1,-0.9827623860841486,-0.8814383666864878,-1.6601960088744994
557,1,0,1,0,0,0,0,1,0,0,0,0,2,0,0,1,1,0,1,1,0.09306032935583268,0.787966769401031,-0.6604257094913661
558,0,1,2,0,1,1,0,1,1,1,0,0,0,0,0,0,2,1,1,0,-0.12299607230699992,0.3386465506567112,1.5555524807226162
559,0,0,2,0,0,1,0,1,1,0,0,0,0,0,1,0,0,1,1,2,1.0502134343859475,0.7480166420640901,0.5960320153680826
560,1,0,1,0,0,1,1,2,0,0,1,1,0,0,1,0,0,0,1,1,-1.825880470371436,0.9558745946962729,0.013436410769394058
561,1,1,1,0,1,1,0,2,0,0,0,0,1,0,1,1,0,0,0,0,-0.476779855338622,-0.26642679115282164,1.6451407115348506
562,0,1,0,0,0,1,0,0,1,1,1,0,0,1,1,0,2,2,1,0,0.9460067670103713,-1.035826491984591,0.36030134254824253
563,2,1,0,0,1,1,0,0,2,0,1,0,0,1,0,1,2,1,1,1,0.05167505528009865,1.397284470647286,-0.3585438726659947
564,0,1,1,0,0,2,0,0,0,1,1,0,0,1,0,1,1,2,1,0,-1.845593756280262,-0.8050234411703635,-1.1477625043828708
565,1,2,0,0,0,2,1,1,0,0,0,0,0,0,0,2,1,1,1,0,0.6764455658984841,-1.1160799754230397,-0.7028809970805456
566,1,1,1,1,0,0,0,1,1,1,0,0,0,0,0,2,2,1,0,1,0.5564681802453093,-1.2475873772973225,0.013864534556446567
567,0,1,0,0,0,2,0,1,0,1,0,2,1,0,1,0,1,2,0,1,0.1171395213444523,-0.5697826551623045,0.9079937111202624
568,1,2,1,1,0,1,0,1,1,1,1,1,0,0,0,0,1,1,1,1,-0.7947900700474613,-0.5402760194526067,-1.264588129967085
569,0,0,2,0,0,0,1,0,1,1,0,0,0,2,0,0,1,1,1,0,-0.5739813090732709,-0.05827086080209282,-1.567888549762279
570,1,0,1,0,1,1,0,0,0,0,1,1,0,0,0,0,1,0,1,1,-0.1279123017970871,-0.5627432070867642,0.17692843253499185
571,1,1,0,1,1,0,1,1,1,1,0,0,1,1,0,1,1,0,1,1,-2.0215391827159257,-1.9605546878957405,-1.4382174463867263
572,0,1,0,0,0,0,0,1,0,1,0,0,0,0,1,1,0,1,1,2,-0.8166177651584834,0.5651919560141947,0.9131112906803874
573,1,2,2,1,1,2,0,1,1,0,0,0,0,1,1,2,1,0,1,2,-1.0170844658832776,-0.5724791285314209,-0.42518486114626186
574,0,1,0,0,1,2,0,2,0,1,1,0,0,1,0,0,1,0,0,0,1.5969779701729783,0.8356705202647601,0.24691577206598248
575,1,1,1,0,0,1,0,0,1,0,1,1,0,1,1,0,1,1,1,1,-1.4731484107905428,-1.508357773284049,-2.0354978190236745
576,1,1,0,0,1,0,0,1,0,0,0,0,0,1,1,1,0,1,1,1,-0.3072130237832761,0.6528386731392273,0.192986117030149
577,1,1,1,0,1,2,0,1,0,0,1,2,0,1,0,0,1,0,1,1,0.24592834365245547,-0.4453270604102087,0.09821400387723563
578,0,2,0,0,0,0,0,1,1,1,0,0,0,0,0,0,1,0,0,1,0.5082097059292713,0.3329803760879709,-0.2442148217214073
579,0,1,2,0,0,1,0,1,1,0,0,0,1,1,0,0,1,0,0,1,-0.02528888585687712,0.3456554546801497,0.08610316843358715
580,1,1,0,0,0,0,0,0,0,0,0,0,0,1,0,2,2,0,0,0,0.031000189993621603,0.3519436414228455,1.145028925269687
581,1,0,1,0,1,1,0,1,1,0,0,0,1,0,0,1,0,0,1,0,0.003475092049201385,-0.7121086696820814,0.5443404001160371
582,0,0,0,1,1,1,0,0,1,1,1,0,0,0,0,1,0,0,0,2,-0.31116708762091055,0.9753610673410363,-1.4685565968225966
583,1,2,0,0,1,0,0,1,1,1,1,0,1,2,0,2,1,1,1,2,-1.2429260354117198,-0.5080260447787273,0.4292345211585934
584,0,0,1,0,0,1,0,1,1,1,0,0,0,0,0,0,1,1,0,2,1.1738538069590354,0.1252634853610312,0.21577786223535195
585,0,1,0,1,0,2,0,0,1,0,0,0,0,1,1,1,2,1,0,1,0.9653963733760424,1.3800475568270143,2.822076981991064
586,1,0,1,0,1,0,0,0,2,1,0,0,0,1,1,0,2,0,0,0,-0.8633061580010433,-2.0452202574886016,1.389296526590076
587,0,0,1,0,1,0,0,0,0,2,1,1,0,0,1,0,2,1,1,2,0.3314745626714036,1.306424250994508,-1.2051988738578248
588,1,0,0,0,1,1,0,2,1,0,0,1,1,0,2,1,1,1,2,2,2.2320026620540823,0.6869798018514958,0.8829821514942885
589,0,1,0,1,0,1,0,0,0,2,0,0,0,0,1,0,1,1,0,2,0.6286098450358012,0.4074336444652128,-0.40504978646129164
590,0,1,2,1,0,1,0,0,2,0,0,0,0,0,0,0,2,1,1,0,1.6059008139546134,-0.19818772143074162,-0.4939815504747397
591,2,0,1,1,0,1,0,1,0,0,0,0,0,2,0,2,1,2,0,1,-0.2893599656998598,0.3882224847020629,1.7000316141634961
592,1,2,1,0,0,2,0,1,1,2,0,1,0,0,0,0,1,0,0,1,-0.1460040760687558,0.40579395650262234,-0.4138291188913443
593,1,1,1,0,0,0,0,1,1,1,1,1,0,0,0,0,1,2,2,1,0.7647535453440193,0.4949338043299124,1.5681958074970839
594,1,0,1,0,1,0,0,0,0,1,0,0,0,1,1,0,2,0,0,1,0.9967024438998712,1.2846954493594955,1.0071872219794158
595,0,2,2,0,0,1,1,2,0,2,0,0,0,1,0,0,0,1,1,2,-0.6952505201916779,1.4417302935413678,0.11963564346505737
596,0,0,1,0,0,2,0,2,1,0,0,0,1,1,0,1,1,2,0,1,0.10134497101446101,0.8405549246513945,0.888679651708649
597,0,0,1,0,1,0,0,0,1,0,1,0,0,0,0,1,2,1,1,1,0.554110056604157,-0.3353901746568849,0.7255633268695939
598,0,0,1,0,0,1,0,1,1,1,1,1,0,1,0,2,2,0,0,1,1.5521729450936812,-0.02858123613673247,1.1751009055665973
599,2,0,0,2,1,1,0,0,0,0,1,0,0,1,0,0,1,1,2,1,2.34975781425838,0.263949114635723,1.3572685314402124
600,0,2,0,0,1,2,1,1,0,0,1,0,0,1,2,0,1,1,1,0,-1.5431217454339317,0.9019982811629431,1.587441165958292
601,2,0,1,0,0,2,0,2,2,1,0,0,1,1,1,1,1,1,1,1,-0.33267128971731097,-1.3774567065083358,-0.4464008211712547
602,1,0,0,0,1,2,1,1,1,0,0,1,0,0,0,1,2,0,1,2,0.23357103638979396,0.42946202568795405,-0.06206907155507643
603,1,2,1,1,0,1,0,1,1,1,0,1,1,0,0,1,1,2,0,2,-0.09441597022042669,0.4165493447775479,0.4479111680835026
604,0,2,1,0,0,1,0,1,1,1,0,1,0,0,2,1,2,1,0,0,-1.025476324018487,1.1774417328483446,-0.032358002294500685
605,1,1,1,0,1,0,0,0,2,0,2,0,0,0,0,0,1,1,1,2,-0.5908746936498527,0.14281184667894303,-0.24617803283876108
606,1,0,2,0,1,2,0,1,1,1,1,0,0,0,0,1,1,0,0,1,0.2533395342028947,1.2666637187012888,2.001768980026147
607,2,2,1,0,1,1,0,1,0,1,0,1,1,1,1,1,1,0,0,1,-0.2899457773965933,-1.3755941536907814,-0.42545129191725023
608,0,2,0,0,0,1,0,2,0,1,1,0,1,0,1,2,0,1,0,1,-0.10888816681767888,0.3401593490791588,2.299184833230844
609,0,1,1,0,0,0,0,0,0,1,1,0,0,1,0,0,0,1,0,1,-0.19348001521737665,-0.7325151352542371,1.4102722977916382
610,0,1,1,0,0,1,0,1,0,1,1,0,0,0,0,0,1,1,0,2,0.7697409711794493,-0.6258317701305665,0.840425106502724
611,1,1,2,0,1,2,0,1,0,1,1,1,0,1,0,0,2,2,0,1,0.024773158744876178,-0.06176645637757422,0.19854071889976377
612,0,2,0,0,0,0,0,1,2,1,0,0,0,0,1,0,1,0,0,1,-0.3025061163184687,-0.8384635785326313,-0.3418587304023153
613,0,1,1,0,1,0,0,0,1,0,1,0,0,1,2,2,1,1,0,1,0.48316510494316917,-0.14514042805787764,0.3098911662483241
614,1,0,1,0,1,0,0,2,1,2,1,1,1,1,0,1,2,2,0,0,-1.0120041921809357,-1.2353801023978719,-0.4038886124317363
615,1,1,1,0,0,1,1,1,0,1,0,0,0,1,0,1,0,1,0,1,-0.6208138591044257,0.8908501866050096,-0.8550930119362058
616,1,0,0,0,1,0,0,2,1,1,0,1,1,1,0,0,1,0,0,1,-1.1138867233980907,1.7682062198744688,-1.3136741513361336
617,1,1,1,1,0,1,0,1,2,0,0,0,0,0,0,0,1,1,0,1,-0.1536958500007523,0.8174971155710825,0.7059381780806949
618,0,1,1,0,2,0,0,0,0,1,0,0,0,1,1,0,0,1,0,0,0.46760664547675124,0.9152054004050423,-1.0781179589980505
619,1,1,0,0,0,1,0,0,2,0,0,0,0,0,1,0,1,1,1,1,0.6194841690987446,-0.08910096756713787,-0.638470320156587
620,0,1,1,1,0,0,0,1,0,0,2,0,1,0,0,1,0,1,0,2,-1.1943826500710402,0.9433556518794994,-1.431709001703633
621,0,1,0,0,0,0,0,0,1,1,1,0,0,2,0,0,2,0,1,1,-1.2702931780944575,-0.4232694384537172,-1.0334212717602775
622,1,1,1,0,2,0,0,1,1,0,0,1,0,1,1,0,1,1,1,0,1.5054899567153763,0.38653615191061186,0.9929214497361795
623,1,2,1,1,2,0,1,2,1,0,1,1,0,0,2,0,2,1,1,2,0.8015644914406604,0.22005311776106468,1.792580985721834
624,0,0,0,0,0,2,0,1,0,0,0,1,1,1,0,1,1,1,1,1,0.6407494282613428,0.44600536017012066,-0.008393990881345847
625,0,1,0,1,0,0,0,2,1,0,1,0,0,0,1,1,1,0,1,2,0.44710913563874227,-0.7962823195713371,1.2994031524526701
626,0,0,0,1,0,1,1,2,1,0,0,0,1,1,0,1,0,0,0,0,-1.1221263792010985,1.3656992390797462,-0.06798528227610766
627,0,0,1,0,0,1,0,1,0,0,1,1,1,0,0,2,2,0,1,1,0.5761962083107298,-0.31570420973941277,-1.6740684892030242
628,0,0,0,1,0,0,0,1,2,0,1,0,0,1,0,0,1,0,1,1,0.34611982003867736,0.5485161990697008,0.1843205624921394
629,1,1,0,0,0,1,0,0,2,0,0,0,2,1,0,0,1,2,1,1,-1.1118273830836096,0.2779796139639288,-0.3417369311969207
630,0,0,1,0,0,1,0,1,1,0,0,1,0,2,1,2,2,0,0,2,0.3835974821841742,0.20965631207621804,2.0888594542052044
631,0,2,2,1,0,1,1,1,0,1,0,0,0,1,1,0,2,1,0,0,0.08717622178813632,2.1196121187380395,1.0164054913271052
632,1,0,1,0,0,0,0,1,2,1,0,0,0,2,0,1,0,2,0,1,-0.3789222718573539,1.8291428675485248,1.6790204769840393
633,0,1,0,1,2,1,0,0,1,0,0,1,1,0,0,0,0,0,0,2,-0.1095408037587443,0.013542906121737232,-0.35691153544911586
634,0,1,1,1,2,1,0,1,1,1,1,0,0,0,0,0,1,1,0,1,-0.0042726347625517925,-0.42757733611148396,-0.5080604409336915
635,1,0,1,1,0,1,0,1,1,1,1,0,0,2,1,0,1,2,1,1,0.9177905147930449,0.6068937675665322,1.7515501007989382
636,1,1,2,0,1,1,1,0,1,0,0,0,0,1,1,0,1,0,1,1,0.6099214758051519,0.6225191733951003,-0.15297720105506785
637,0,1,0,0,0,1,0,0,1,0,0,1,0,1,1,0,1,0,0,1,-0.7923469117765799,0.16714704619987505,2.320699755630492
638,1,1,1,0,0,2,0,0,1,0,0,1,0,1,0,2,2,1,2,1,0.3309030916394259,0.03406439600357443,0.3863204858902975
639,0,0,1,1,0,2,0,2,1,1,0,0,0,0,1,1,2,1,0,1,-0.16613020516886295,-0.9214344695772683,1.0368138642938534
640,2,1,0,1,1,1,0,1,1,0,1,0,0,1,1,0,2,1,0,1,-0.6118325644893713,1.3779111538456927,0.029421447181985208
641,0,1,0,0,1,0,0,1,0,0,0,1,0,1,1,0,0,0,1,1,0.5993661498665427,-1.1172593971348415,-0.5039489808284596
642,1,1,0,0,0,0,0,1,1,0,0,0,0,1,0,1,1,1,1,1,-0.8278316952615635,-1.7067051050704707,-1.265430502501232
643,1,0,0,0,0,0,0,2,2,1,0,0,0,0,0,1,1,2,0,1,-1.3665924452538618,-1.1666559682300688,-1.2330189246660725
644,1,0,0,2,0,2,0,2,1,0,0,0,0,0,1,0,1,2,1,2,1.7722746681510568,-0.21645729373267797,0.3235000452247529
645,0,2,1,0,0,2,0,2,0,0,1,0,0,0,0,0,0,2,0,1,-0.4277305387505011,-1.045819588078764,-1.3226450156863583
646,0,2,1,1,0,1,0,2,0,0,0,0,1,1,1,1,1,0,0,1,2.5356061121788165,0.8500085222979045,2.596492539615453
647,2,0,1,0,0,2,0,0,0,1,1,0,0,1,1,0,1,1,1,1,0.8059273580435725,0.24009727398110176,0.7554225637234271
648,1,1,2,0,1,0,0,1,0,1,1,1,1,1,0,2,1,0,1,1,-0.7846027612742733,1.572010693356285,0.4500685794372706
649,0,2,0,0,0,0,0,0,1,1,1,0,0,1,0,0,1,1,1,2,-0.12081364332119436,-1.842604990315029,-0.275731064202439
650,1,0,1,0,0,0,0,1,1,2,1,1,1,0,0,1,2,0,0,1,-0.7484457302205797,0.3184219513921746,-0.2147961132154495
651,1,1,1,0,1,2,0,1,2,0,1,0,0,1,0,0,0,2,0,1,-0.37440415856359105,0.9717726417071464,0.40605730756719
652,2,2,0,0,1,1,0,0,1,1,1,0,0,0,0,1,1,1,0,1,0.7938360644600758,-0.7175607440211877,-0.9063477276250907
653,1,1,0,0,1,1,0,0,1,0,0,0,1,0,0,2,0,0,0,1,2.4740656392609406,-0.05413344545521476,2.3272114803380033
654,2,0,1,0,2,1,0,0,1,1,0,0,0,1,1,1,0,0,1,1,-0.7579364976772252,-2.14213456933167,-0.7438602959249128
655,0,2,0,1,0,2,0,2,1,1,0,0,0,2,0,1,1,1,0,1,-1.432716556405529,1.0028813743674716,0.3095325548937394
656,0,0,0,1,1,0,0,1,0,0,0,0,1,1,1,1,2,1,0,0,1.8294504843879564,1.9451551165181682,2.911130998429347
657,1,1,1,0,0,0,0,2,0,1,0,0,0,0,0,0,0,2,0,0,0.09477390854099271,-0.6360818226019307,-0.17680724174915727
658,2,1,1,1,0,1,0,0,0,1,0,2,0,1,0,0,1,1,1,1,-0.3101667236426893,-0.36948753209314505,1.5378487831446706
659,0,1,0,0,0,1,0,2,1,0,0,0,1,0,1,0,1,2,1,1,1.329503915268457,-0.9420535019180716,-0.5758067886798228
660,0,0,0,0,1,1,0,1,1,0,0,0,0,0,1,1,1,1,1,1,-0.057414100991708635,0.9937557732663062,0.4785486372621578
661,0,0,2,0,0,1,0,0,1,0,0,1,0,1,0,0,1,0,1,1,0.2497305490181269,1.6839773059670073,-0.4329060076390647
662,1,2,1,1,0,1,0,1,1,1,0,0,0,1,0,1,1,2,2,0,-1.0654656512474507,-0.399853319898935,-1.5847622662226852
663,1,2,0,1,0,1,0,1,0,0,0,2,0,0,0,1,1,1,1,1,-0.4992609114393774,-0.9564529604159037,0.357257245711595
664,0,2,1,0,1,1,1,0,1,0,0,0,0,1,0,0,1,1,0,0,-1.7160997394279782,-1.4961497334362828,-1.7338244168278838
665,1,1,1,0,0,2,0,0,0,0,0,0,0,0,2,0,2,1,0,2,0.7005815677322283,1.897563802336654,1.876342245179541
666,1,0,1,0,0,1,0,1,0,1,0,0,0,0,0,0,1,0,1,1,1.0821991214756048,2.4079406991698296,0.6170833547729947
667,0,1,0,0,0,1,0,1,0,1,0,1,0,1,0,0,0,0,0,1,0.18667310825618366,0.42916541815278064,0.4869223009511589
668,1,1,2,0,0,2,0,1,1,0,1,0,1,0,0,1,2,1,1,2,-0.27327878976179765,0.3133326638614286,0.5048458850657578
669,0,1,2,0,0,1,1,1,1,0,0,1,0,1,1,1,1,0,0,2,0.48448291489574247,0.9005945181640478,-1.9618323372321909
670,0,2,1,1,0,1,0,1,0,0,1,0,1,2,0,0,0,1,1,2,-0.9267360482674838,1.23129655447887,0.3259235440470938
671,1,0,0,0,0,0,0,1,0,0,0,1,0,0,0,0,1,1,0,1,-1.681371138272926,-0.8107084087267178,-0.42413750643034953
672,0,2,2,0,1,0,0,2,1,1,1,1,0,0,0,1,1,0,1,1,0.49522296464419924,-0.984889009773236,1.923618117021566
673,1,0,0,1,1,1,1,0,0,2,1,1,0,1,0,0,2,0,0,1,-1.1002905142385555,0.7765920196167924,-1.1077641357170425
674,1,1,1,1,0,1,0,1,1,0,1,1,1,1,0,1,2,1,1,0,0.7247824505724533,-0.3615555025189244,-0.12322555402671226
675,0,1,1,1,2,1,1,1,0,1,0,0,1,1,1,1,1,0,1,1,0.25005706705254255,1.7144497900088533,-0.3331381988852731
676,1,1,1,0,0,1,0,1,0,1,0,1,0,1,1,1,1,2,0,1,1.818755940410438,2.638200008939916,-0.48871310039145754
677,1,1,0,0,0,1,0,0,0,0,0,1,1,0,1,0,0,1,0,1,-0.09229239318898795,-1.255652943781365,-0.2093885446398915
678,0,1,2,1,0,0,0,2,1,0,1,0,0,0,0,0,1,0,1,2,0.032811157772606424,0.7907083579550633,0.27955901473932676
679,0,0,1,0,0,2,0,1,0,1,1,1,0,1,1,0,0,2,0,0,-1.4540585681089826,-0.6781317868363709,0.05192786641206537
680,0,0,1,0,0,2,0,1,2,1,0,0,1,0,1,1,0,0,1,1,1.016854172042274,-0.44548816288456344,2.144295576412257
681,1,1,1,0,0,0,0,0,2,0,2,1,0,1,0,0,1,0,0,0,0.40943289829397145,-0.6261486722992096,-1.4059995239078045
682,1,1,2,0,1,1,0,1,2,1,1,1,1,0,0,0,1,0,2,2,0.46233369951295383,-1.1353137564925253,-0.4128573124352364
683,1,1,0,1,0,1,0,1,0,2,1,0,0,0,0,1,1,0,1,1,0.8888369669295672,1.0630208898742444,0.41818869892947347
684,0,1,1,0,0,2,0,1,1,1,0,1,0,0,0,1,1,1,2,1,1.9640250402519266,0.7575932685842083,2.8054512667371228
685,1,2,0,1,0,0,0,0,1,0,2,1,0,1,1,0,1,0,0,1,1.03906856815496,0.3753982574731734,-0.23716012422260413
686,0,0,0,0,0,0,1,1,1,1,1,0,1,0,0,0,2,1,1,2,1.366288748311011,2.0454544858851778,1.4036078389497477
687,2,1,1,0,0,1,0,0,0,1,1,0,1,0,1,0,2,0,0,1,-1.3786038158892335,-1.267260700991803,-0.7184947213116697
688,1,1,0,1,0,1,0,0,0,0,0,0,0,1,0,1,1,0,1,0,0.07877582770272792,-0.12480067911315999,-0.42249447130407203
689,0,1,0,1,0,1,0,2,2,1,0,0,0,0,1,1,0,0,2,2,0.8288725850571191,1.1761435740815234,-0.7754903715815344
690,0,0,1,1,2,0,0,1,2,0,0,0,0,0,0,1,1,1,0,1,1.2175377514483432,-0.1130741039614559,-0.1879833806558165
691,0,1,0,0,1,2,0,1,1,1,0,0,1,1,0,0,2,0,0,2,-0.6001566776681642,0.0027212978942518784,-0.31854168043765
692,1,2,2,1,0,0,0,1,0,1,1,0,0,0,1,1,0,1,0,0,0.2109399324100354,2.313903435594307,-0.07418968655339142
693,0,1,1,0,1,2,0,1,1,0,0,0,0,0,0,2,1,0,1,1,-1.0155752257049853,-1.4216476959343243,-1.1919187720765467
694,1,2,1,0,0,1,0,1,1,0,0,0,0,1,0,1,1,1,2,1,-1.5314665482201055,-0.4648476043740096,-0.2532063335407181
695,0,1,0,0,0,0,0,0,1,1,1,0,0,0,0,1,1,0,2,0,1.361936776663091,1.346128491397932,1.0046352936719722
696,1,1,1,0,0,0,0,1,1,0,0,1,1,0,0,1,1,0,0,1,-0.6566243632713286,0.24367452597494327,0.2714066983366893
697,1,1,1,1,1,0,0,0,0,1,1,0,1,0,1,0,1,2,0,1,0.9041322008199972,1.2118280677310438,0.793073157878311
698,0,0,1,1,0,0,0,1,0,0,0,1,0,0,1,1,1,1,1,0,0.606505754590922,0.3538945973453333,1.0587851302481428
699,1,1,1,0,0,1,0,0,1,0,0,1,0,1,1,0,1,1,1,1,-1.161607440010695,-0.2734715935494984,-0.06439360234540248
700,1,1,1,1,2,0,1,2,2,1,1,2,0,0,1,2,1,1,1,1,-1.1012817820459575,-0.562065332203198,0.20214768158132468
701,1,1,1,0,1,0,0,0,1,0,1,0,1,0,2,1,1,1,0,1,-0.00726152070789156,-0.41666586882220585,0.36781625284022956
702,1,1,1,0,1,0,0,1,1,2,0,0,0,0,1,0,1,0,1,1,-0.48357073005769485,-0.1957948551596193,-0.3804225423338758
703,2,1,0,0,0,1,0,1,2,0,0,0,0,2,0,0,1,1,2,2,-1.23220504858775,-2.075076930489371,-0.9311348872306653
704,2,1,1,0,1,1,0,1,2,0,0,0,0,1,0,0,0,0,1,1,-0.3963256100522712,0.5742589679507518,-0.9017307547123941
705,2,1,0,0,2,0,0,1,1,0,0,0,0,0,2,1,1,1,0,0,1.0802224428160863,-0.27226135347630837,0.5801615895255754
706,1,2,2,1,0,2,0,0,1,0,1,1,1,1,1,0,0,0,0,1,0.6874713335309988,-0.5692113186922378,-0.6660973441356655
707,2,2,0,0,1,1,0,2,2,0,1,0,0,0,1,0,0,2,0,2,-1.7943835800366188,-0.9871852086209859,-1.15340309668471
708,0,0,2,0,1,1,0,0,1,1,1,1,1,1,2,1,2,0,0,0,-0.1233150905268435,0.9085187981226401,-0.8322935157433405
709,0,1,2,0,2,2,0,1,0,2,1,1,0,1,1,1,1,0,0,1,0.9406884812473465,0.7092660091321723,-0.23243522938073846
710,0,1,0,0,1,1,0,2,2,1,0,1,0,1,0,0,2,2,1,1,0.7017650120412698,-1.4088745923088757,-0.8095200173723696
711,1,1,1,0,0,1,0,1,0,1,0,0,0,1,2,0,1,1,0,1,1.5284067181795427,0.799076049678399,1.6510966956619484
712,1,2,0,0,0,0,0,1,1,0,0,0,0,1,1,0,2,2,1,0,0.8507665737696432,0.35092846235633035,1.555417373040933
713,1,1,1,0,0,2,0,0,1,0,0,1,0,1,1,1,2,1,2,2,-0.5245251078953794,-1.1610383993764293,0.11436937089075971
714,0,1,1,0,0,1,0,1,1,1,0,0,0,1,0,2,2,1,2,0,-0.7390159037249132,-0.7716232413956179,-1.3949922204290173
715,1,2,0,0,0,1,0,1,2,0,0,1,0,1,1,1,1,0,1,0,1.1331156935260127,-0.7980056405914198,0.22819199264389825
716,1,1,1,1,0,0,1,2,0,1,0,0,0,1,1,0,0,0,0,1,-0.06093073894831795,-0.403013543027006,-1.0024870593080975
717,0,1,0,0,0,0,0,2,1,0,0,0,0,1,0,2,1,1,0,0,-0.27206193838481896,1.8251231482230794,1.649831897919059
718,0,2,2,0,0,1,0,2,0,1,0,0,0,1,0,0,2,0,0,1,-0.8841568026033516,-0.012677191453011244,-1.5687448819779406
719,2,1,0,0,2,0,0,0,1,1,1,0,0,0,0,0,1,0,1,0,-0.25392329859553786,-0.6538096021917397,0.22727196760645807
720,0,1,0,1,0,2,0,0,1,0,0,1,1,1,1,1,2,2,1,0,-0.4902306880788504,-0.38374684600415243,1.227368753170972
721,1,1,1,0,0,0,1,1,0,0,2,0,2,0,0,2,1,2,0,1,-0.3811866262756932,-0.05274668768707462,-0.8491663724465995
722,2,0,1,1,0,0,0,0,1,0,1,0,0,1,0,1,1,2,0,1,-0.3939824589555267,-0.6600704533929025,-1.0617678834939746
723,0,1,0,0,0,1,0,1,0,1,0,1,1,0,2,1,1,1,1,0,1.228949331016989,0.0792355522780645,0.6638058388673739
724,1,2,1,0,2,2,0,2,0,0,0,1,1,0,0,1,1,2,0,1,-1.0349505989825354,-0.0038999538839389614,-2.04869137192732
725,1,0,2,0,0,2,0,1,1,1,1,0,0,1,1,0,2,1,1,1,-0.18257038293371805,-0.4726782723658288,-1.819689442610903
726,2,1,0,0,0,1,0,1,1,0,0,0,0,0,0,2,2,1,1,0,0.8617326823794235,-1.1072699847800314,1.997774367475147
727,1,1,0,0,1,0,1,1,1,0,1,0,0,0,0,1,1,1,0,2,-1.9688033503431746,0.2726481957476465,-0.8165619623687017
728,1,1,2,1,2,1,0,1,1,0,0,0,0,0,0,1,0,1,1,1,-0.832639640904713,-0.08111175304332532,-1.6430904875784222
729,0,0,2,0,0,0,0,1,1,0,0,1,1,1,1,1,1,0,1,1,1.3499973204143672,0.110347563141249,-0.8080104104481672
730,0,2,1,0,0,1,1,1,0,0,1,1,0,0,1,1,1,1,2,1,1.661192900566223,1.4485879278949936,0.4454741685621407
731,0,0,0,0,0,1,0,1,1,2,1,0,1,0,0,0,0,0,0,0,1.3558197474964981,-0.4078190138584349,0.9244502948634429
732,0,1,1,0,0,0,0,0,2,0,0,0,0,1,0,1,1,0,0,0,-0.5869493653473111,-0.13667896428113555,-1.4138457262557191
733,1,1,2,1,0,1,0,1,0,1,1,1,0,0,0,1,1,0,1,1,-0.7227061476278772,-1.2183021155566292,0.2006170717925846
734,1,2,0,0,1,1,0,1,1,1,0,0,0,1,0,1,0,2,0,1,-0.012263108173967412,-0.3951673571206624,1.2460410372110626
735,0,1,1,0,1,0,0,1,2,1,0,0,0,0,0,1,1,1,0,2,-0.6372818758379281,0.5277904183636605,-1.0590489193383037
736,0,0,2,1,0,1,0,1,2,2,0,1,1,0,1,1,2,1,1,2,-0.17174021744590875,1.206580236622016,-0.7642787471582957
737,1,0,1,1,0,0,0,0,0,0,0,0,0,1,0,2,0,2,0,1,1.1100812542886698,-0.21619949209867506,1.8518054470126493
738,0,1,1,1,0,0,0,1,1,0,0,1,0,1,1,0,1,1,0,1,-0.5324643161265474,-0.21801171820365833,-1.8528001069799425
739,0,2,2,1,0,2,0,1,1,1,0,0,0,1,0,2,1,1,2,1,1.5581722383569818,1.1050599018010678,3.707409927682939
740,2,2,1,0,0,1,0,0,0,1,0,1,0,1,1,2,0,1,0,0,0.7285192989214704,0.1917968866490205,1.3668884153118912
741,0,0,1,1,0,1,0,1,0,0,1,0,0,1,0,1,2,1,0,0,3.261243499412059,1.2082291976146946,0.7980102984505412
742,2,1,2,0,0,1,0,1,0,2,0,1,0,1,1,0,1,0,1,1,1.739479239084899,-1.2533073409414057,-0.7304127449799763
743,0,0,0,0,0,1,0,0,0,1,0,0,0,1,0,0,0,1,1,2,1.5973048435027217,0.8431691998268812,-0.575588109538906
744,1,1,0,0,0,1,0,2,2,1,1,0,2,2,1,0,1,1,1,1,-0.7044127349834801,0.513167821444795,-1.2805869538977368
745,1,1,1,0,1,1,0,0,1,0,0,2,1,1,1,0,1,1,1,0,2.46205702991346,0.8272334937969033,2.223384710049868
746,0,1,0,0,0,0,0,0,1,1,1,0,1,1,2,1,1,1,0,1,-0.5191836621300908,-0.19252200243745665,0.4837551933043627
747,0,1,1,0,0,1,0,1,1,0,1,1,0,1,1,1,1,1,0,2,-0.769415738805934,0.8041094358970977,1.4726678001483176
748,1,2,1,0,0,0,0,1,1,1,0,1,0,0,0,0,0,1,1,0,-1.3599386187667784,0.5973377279679819,-1.0863134268606274
749,0,0,0,0,0,1,0,0,1,0,1,0,0,1,0,0,1,2,0,1,0.011441813094729568,-0.813718908069423,-0.25768696850773554
750,1,0,1,0,1,1,0,0,1,0,0,0,0,0,0,0,2,1,0,1,-0.17619817975261226,-1.1662227241395242,-0.5837337095776539
751,1,1,0,0,0,1,0,2,1,0,1,0,2,2,0,0,0,1,1,0,-1.4243947253638516,-1.6203378600207334,-3.4147442111677067
752,1,1,1,1,0,1,0,1,1,1,1,0,0,0,0,1,0,1,0,2,0.2334719600854372,0.621043262464292,0.24416009478263137
753,0,0,1,1,0,1,0,2,1,0,0,1,1,0,0,1,1,1,1,2,-0.36760110252611095,1.0488253413513577,-0.6243512587006004
754,0,1,0,1,0,1,0,0,0,0,0,1,0,0,1,2,1,1,0,2,-0.23069166488613221,0.25166450162335435,0.7820939024047118
755,2,1,0,1,1,1,0,2,1,1,0,1,0,0,0,0,1,1,0,0,0.11880975474261923,-1.0321217399824998,0.49126638143993107
756,1,1,1,1,0,1,0,2,2,0,0,1,0,1,0,1,1,1,1,1,0.9239513353118327,-0.574546624464106,-1.6596474713441929
757,1,2,0,1,1,1,0,1,1,0,0,1,0,1,1,0,2,0,1,1,-0.7382557088145757,-0.5961237093914691,-1.3414041278076654
758,0,0,0,0,1,1,0,1,2,0,0,0,1,0,1,0,2,1,1,1,-0.17344134841082534,-0.26771095282451474,-0.5535268136542
759,1,1,0,0,0,0,0,0,0,1,0,0,1,0,1,1,1,2,0,0,-0.1861440943993683,-0.20803416503580732,-0.06864605453613302
760,0,1,0,0,1,2,0,1,1,0,1,0,0,0,2,0,2,2,0,0,0.3699559005904425,-1.0925244923059343,0.4334735515600553
761,1,0,0,0,0,1,0,2,0,1,1,1,0,0,0,0,2,1,2,1,-0.9380007025382047,0.9019456228875977,-1.6303111447254581
762,0,1,1,0,0,1,0,2,0,1,1,0,0,0,0,0,0,2,1,1,0.7605592810234723,1.5189509888104376,-0.5687680952348383
763,0,1,1,0,1,0,0,1,0,1,0,0,0,0,0,1,1,1,1,0,-0.86070129565958,-0.3919247670634458,-0.2749937423252784
764,1,1,2,0,0,0,0,1,1,1,0,0,1,0,0,1,1,1,0,0,-0.5679261772453572,0.46301909173322664,0.7844219694421022
765,2,1,0,1,1,1,0,1,2,0,1,0,0,1,0,1,1,0,0,0,-2.163535020059497,-0.3450821703746386,-0.8876788769611007
766,0,1,0,0,0,2,0,0,1,0,1,0,1,0,0,0,1,0,1,1,-0.3460678603562015,-0.49225538857970935,-0.04986015059276783
767,1,0,1,0,1,1,0,1,1,2,0,0,1,0,1,1,2,0,0,2,0.4130081082138743,0.1229114549924511,0.9412950361506432
768,1,0,1,0,0,0,0,2,1,2,0,0,0,0,1,2,1,0,0,2,-0.681105225767013,0.6771078525211274,0.2584740810564176
769,1,1,2,1,0,1,0,1,0,1,0,0,0,1,0,1,1,1,1,2,0.09908627653822834,-0.06334191665402944,-1.7760835413100309
770,1,0,0,0,0,1,0,0,2,1,1,0,0,0,0,0,0,1,1,1,-1.5689011352041355,1.7687317529261104,-0.49523523235876377
771,0,2,1,1,0,0,0,0,0,0,1,0,0,1,0,0,2,1,1,1,0.5055682547385867,-0.4155517945011296,1.7361875757615421
772,1,0,0,0,0,1,0,1,2,0,0,1,0,1,0,0,2,0,0,0,0.08482871955512142,-0.10852055222864647,0.7105741464253197
773,0,2,1,1,0,1,0,0,0,0,1,0,0,2,0,0,2,0,0,1,-0.19503115497394333,1.2284121712840905,-0.7204660590753427
774,2,2,2,0,2,0,0,1,1,1,0,0,0,0,0,1,0,2,1,1,0.490478815211889,-1.039068763073527,0.9431685479274997
775,0,1,0,0,0,1,1,2,2,0,1,0,0,1,1,0,0,1,1,1,-1.5345346849096528,1.3961103865582944,2.0989360892468354
776,0,1,2,0,1,2,0,2,1,2,1,0,1,0,0,0,0,0,1,1,-1.2159027189552545,-0.25985215750001783,0.8761558499279126
777,0,1,0,0,0,1,0,1,2,2,1,0,1,0,2,1,0,0,1,1,0.24519163412254694,0.9240652803374418,0.6041238990171444
778,0,1,1,1,1,1,0,1,0,1,1,1,0,0,0,0,1,1,1,1,-0.2220479081444536,0.016957878128258067,-0.5377834486194439
779,1,2,1,0,0,0,0,1,0,0,0,1,0,0,0,0,0,1,0,2,-0.629747242823881,0.6881683729725647,-0.21083434480113347
780,1,2,0,0,0,1,0,1,0,1,0,0,1,1,1,1,2,0,2,0,1.1340885788662072,0.34987370477967283,1.897188482226261
781,1,1,0,0,0,2,0,1,0,0,0,0,0,1,0,1,1,0,0,2,-0.9655475312857736,-0.3094432421480626,0.6091587538845991
782,2,1,0,1,0,0,0,1,0,0,2,0,0,1,1,1,0,2,0,0,0.14754559532996694,-0.09194398730040754,-0.18837788681741652
783,1,1,0,1,0,1,0,1,1,1,1,0,0,0,1,0,2,1,0,1,0.3529540822763317,1.3966479221378394,-1.4170162277101013
784,0,1,0,0,1,1,0,0,1,2,0,0,0,0,0,0,0,1,0,1,-0.689301645070529,-0.25421375268751234,-1.329480036130926
785,1,2,0,0,0,2,0,0,2,0,0,0,1,0,0,1,0,2,1,1,-0.3288386231239149,-0.739064160360568,0.3328232833566091
786,0,2,0,0,0,1,0,2,1,0,1,0,0,0,0,0,1,0,0,1,0.11243969284808973,-1.4554849069564233,-3.1957278074907594
787,0,0,0,0,0,0,0,2,0,1,0,0,1,0,1,1,0,2,2,0,-0.2888871621401289,1.6920294478127393,1.091479592656279
788,1,1,0,0,1,2,0,1,0,0,0,0,0,0,0,0,1,1,0,1,0.9827308666326895,0.40502497260337306,-0.2948339407447331
789,0,1,1,0,0,0,0,0,1,0,0,0,0,0,1,1,1,1,1,1,-0.11385403505908384,1.3603300248245556,-0.9119114286231564
790,1,1,0,0,1,1,0,0,0,1,0,0,1,0,1,0,2,0,1,0,0.6525202926575989,0.04015838381704434,-0.2847860918926378
791,0,1,1,0,0,2,0,0,1,1,0,1,1,0,0,0,2,2,1,1,-1.331416140319852,0.5984233273453707,0.023876882409057387
792,0,1,0,0,0,0,0,1,0,0,1,1,1,1,2,1,1,1,0,0,-1.1048140010549428,1.764477049577396,0.3204764568131125
793,1,1,1,1,1,1,0,2,0,1,0,0,0,0,0,1,2,0,1,1,-0.4137562968699007,0.7747097131932508,-0.9660477169924182
794,1,1,1,0,0,1,1,1,1,0,2,0,0,1,1,0,1,0,0,0,0.5638270410654267,-1.0129845628935645,-0.3406144727478143
795,0,1,0,0,0,0,0,1,1,2,0,1,0,0,0,1,0,0,1,1,0.6979632085299639,1.1450025492406224,-0.12699629535970713
796,0,1,1,1,0,1,1,0,1,1,1,0,0,0,2,0,0,2,0,1,0.04119129098889725,0.015505827971711614,-0.0742969224784996
797,1,1,0,0,1,0,0,0,0,1,0,0,0,1,0,2,1,0,0,1,-0.7763579295833304,0.360697925973733,-1.449041038723728
798,0,0,2,1,0,1,0,0,0,1,0,0,2,0,2,1,1,0,0,1,0.6056718682934475,-0.4911792942892476,2.21393729079006
799,1,2,0,0,1,1,0,1,1,0,0,1,0,1,0,0,1,1,2,1,-1.4277019239854203,-1.4154655132116072,-2.18308835542142
800,1,1,0,1,0,0,0,1,0,1,1,1,1,2,0,1,1,1,1,0,-0.5597104729071739,0.004540831194781297,1.0030144295901637
801,0,0,0,0,0,1,0,1,0,0,1,0,0,0,2,0,2,1,1,0,-0.8681465292730822,0.3581724592895292,-0.67295995941978
802,0,2,0,1,0,1,0,1,2,0,0,1,0,0,1,0,0,1,2,1,-1.2540633901893297,0.023900521127011076,-1.7421697628259598
803,2,1,0,0,1,2,0,1,1,0,1,0,0,0,0,1,2,0,1,1,-0.9140603054246601,-1.4259589615928343,-1.2997053494665016
804,0,1,0,1,1,1,0,0,0,0,0,0,1,0,2,0,1,1,0,2,0.4243958141420714,-1.2314481297220932,1.3194547208481842
805,1,0,2,1,0,1,0,0,1,0,0,0,1,1,0,1,2,0,1,0,-0.12855015374206094,-0.28306530970580435,-1.5743652528979581
806,0,1,0,0,0,0,0,0,0,2,0,0,0,2,1,0,1,1,1,1,0.7858112058707639,-0.732492728455735,-0.3640127408659792
807,0,1,0,0,0,2,1,0,1,0,0,0,0,0,1,1,1,1,0,1,-0.291283678696056,-1.4080707450604801,0.12211469676734177
808,0,1,0,1,0,1,0,1,2,1,0,0,0,2,0,1,1,2,0,0,-1.0612129544811382,1.4457812705506388,0.30665425468975027
809,0,2,0,0,0,2,0,0,2,1,2,1,0,0,0,1,1,0,1,2,0.6633503816549235,0.9303804126295728,1.7748234206365214
810,1,0,0,0,0,1,0,0,1,0,0,0,1,1,2,2,2,1,0,1,0.5203133099735552,1.0577728711256558,1.4375112136351622
811,2,0,0,0,1,1,0,1,0,0,0,1,0,1,1,1,0,0,1,0,-0.5423016446143236,-1.915200294936246,-1.4019754685344394
812,1,1,0,0,1,0,0,0,0,1,0,0,0,1,0,0,0,2,0,1,-1.3887913228087265,0.32305281992763984,0.890261604104539
813,0,0,2,0,0,2,0,0,1,0,1,1,0,0,0,1,2,2,2,1,-1.4095925123026503,0.4680937031125749,0.9692132817961485
814,1,2,1,0,1,1,0,0,1,0,1,1,0,1,1,2,2,0,0,2,-0.1568488495889709,-0.8364431628952427,0.42466990592392934
815,1,0,1,0,0,0,0,2,1,0,1,0,2,1,0,1,0,0,1,0,-1.0079841312043805,0.6188369137177392,-1.2928475560623955
816,0,2,0,0,1,1,0,0,0,1,0,0,0,1,1,1,1,1,2,1,0.016495037686611584,1.1519873565574685,-0.6133949697588674
817,1,1,0,0,1,0,0,1,2,0,0,0,0,0,1,0,1,2,0,1,-0.00011874749912345243,-0.5218097841513635,0.49495146225636744
818,2,0,1,1,1,1,0,0,0,0,1,0,0,0,1,1,2,2,1,2,-1.169140702332393,-2.1644379767935664,1.7452683775905868
819,2,0,0,1,0,0,0,1,0,0,2,0,0,1,1,0,2,0,1,2,0.26921351807339045,-0.4143507850732975,-0.19349568287137453
820,1,0,1,0,0,2,0,1,1,0,0,0,0,0,0,0,0,0,0,1,1.4054531947705546,0.9513563911107722,0.5883700688158785
821,0,1,2,0,0,1,1,0,1,1,0,0,0,0,1,1,1,0,1,1,-0.9163349055194854,-1.0723242079415334,2.008395220526735
822,0,0,2,0,1,0,0,1,2,1,0,1,1,0,0,1,1,0,1,2,-0.9809213656912739,-0.313765493833583,1.0067488111405094
823,0,2,1,0,0,2,2,0,1,0,0,0,1,1,0,1,1,1,0,2,-2.2409016282853704,-0.9879537921981539,-0.5859964767073279
824,1,2,2,0,1,0,0,1,1,2,0,0,0,1,1,0,1,1,0,1,-2.7297435810862716,-0.39973620826918443,-0.43108363447632947
825,0,2,1,1,0,1,0,1,0,0,0,0,1,1,1,1,1,0,0,1,-0.9894347923213507,1.034961934428958,-1.484609832505208
826,2,1,1,1,0,0,1,0,1,0,0,1,0,0,0,2,1,0,1,0,2.4766687171355732,0.994807495497195,0.28765002865867095
827,1,1,0,0,0,0,0,0,1,1,1,0,0,0,0,0,2,1,0,1,-1.1566814430660295,-1.4294143164837045,-2.082877529681144
828,0,1,0,0,1,1,0,1,1,0,0,1,1,2,0,1,2,1,0,1,-0.2923496234642198,0.5633820149301578,-0.24857938436552451
829,1,0,1,1,0,1,1,0,0,0,0,0,0,2,0,0,1,0,0,0,0.21008282233125447,0.9115114433843053,-0.5734981552713608
830,1,1,0,1,0,0,0,1,1,0,1,2,0,1,1,0,1,1,0,0,-0.2861812681234538,-1.5585345968414095,-0.5896916996385607
831,0,0,0,0,0,1,0,0,2,1,0,0,0,1,1,0,1,0,1,1,-2.230213525277083,0.6895618047391563,0.6336680733998956
832,0,0,1,0,0,1,0,1,1,1,0,1,0,0,0,0,1,0,0,2,-0.5500608438784982,1.578193135687017,-0.518729833465184
833,1,2,1,1,2,1,0,0,1,0,1,0,0,1,1,1,1,0,1,1,-2.4114889529819794,1.5937953723628102,0.26334646236597725
834,0,2,1,0,0,0,0,2,1,0,0,0,0,0,1,0,0,2,0,1,0.4050318791787118,0.06776310403465954,1.226285232468919
835,1,0,1,0,1,1,0,1,1,0,0,0,0,0,1,1,2,2,0,1,-0.39889010376489314,-0.5286992029793761,1.8341258507514704
836,1,0,1,0,0,2,0,0,1,1,0,1,0,1,0,1,2,0,1,2,-0.2947152213211993,0.1591220522185962,-0.18895924747443216
837,0,0,1,0,0,2,0,1,0,1,0,0,0,0,2,1,1,1,0,1,-1.2950489207993112,-0.7138614037349345,-2.0469467039490974
838,2,2,0,1,1,1,0,2,1,1,0,0,0,0,0,1,0,1,0,1,1.297051422550695,0.3536756933172264,0.6866865921683499
839,0,1,0,1,0,0,0,1,1,0,0,0,0,0,0,1,0,0,0,1,-0.06606551535182946,1.914959927343124,0.15544683599156334
840,1,1,0,1,0,1,0,1,1,0,0,0,1,0,0,2,2,0,2,2,0.20894951971967354,-0.4030485415235374,0.5649637502837013
841,0,1,1,0,0,1,0,1,1,0,0,0,1,0,0,0,1,1,1,2,-0.2909596984223167,0.3190525023905579,-0.10829590205914912
842,1,0,0,0,1,0,0,0,0,1,0,0,1,0,0,0,0,1,0,1,0.38732355332221957,2.5674354506676655,-0.374073716955052
843,0,0,1,0,0,0,1,2,0,2,0,1,1,0,0,0,1,0,1,1,1.4073648209583376,3.581258454727762,2.95570921228983
844,1,1,0,0,0,1,0,0,1,0,1,1,0,0,0,0,1,2,0,0,0.4712259925676218,-2.1274698373378587,-1.7062586601398264
845,0,2,0,0,0,1,0,1,0,0,0,1,0,0,0,0,0,0,0,1,-0.7110411121024068,-0.389900166439477,0.017971366338634998
846,0,2,1,1,0,2,0,0,2,0,0,0,0,0,0,0,0,0,1,2,-0.8264785870572207,-1.6034655557668571,0.12762998023279426
847,0,1,1,0,0,1,0,0,1,0,0,0,0,1,0,1,2,1,0,1,1.0150193958393021,0.11787621428794853,0.30999247018813464
848,1,1,1,0,0,0,0,0,0,0,0,0,1,1,1,1,2,0,1,2,-0.1406637593267616,0.3019427582920286,-0.16848859685360382
849,2,1,0,0,0,1,0,1,0,1,1,1,1,2,0,0,2,1,0,1,0.25687037978246785,0.16694175227926336,-0.6936876080647527
850,0,0,2,1,0,1,0,1,1,1,0,1,0,0,0,0,1,0,1,0,-2.032103661880827,-1.1309980783258835,-0.9989722348187322
851,0,0,0,0,1,1,0,1,0,1,0,1,0,0,1,1,2,1,0,1,0.5681784995982535,1.776802604456574,0.9197394670466302
852,0,1,2,0,0,2,0,1,0,0,0,0,0,0,1,1,1,1,0,1,-1.533210391851763,-0.25007070077832033,-1.5825381801750527
853,0,1,1,0,0,1,0,0,1,2,1,0,1,2,2,1,0,1,1,2,0.8606936284840859,0.10821581362260307,0.3390902619614999
854,1,1,0,0,0,1,0,0,2,0,0,0,0,0,2,1,0,0,1,0,0.7058843455502309,0.7513965522925182,0.16954969226096683
855,0,0,0,0,0,2,0,1,0,0,0,0,1,0,2,0,1,1,2,0,-1.4714063544038967,-2.1085358096884246,-0.9180079146897946
856,1,2,1,2,1,0,0,0,1,0,1,0,0,1,0,1,2,0,0,2,1.0169727698155253,0.5885739880856328,1.3178278302701332
857,1,1,0,0,1,1,0,1,1,0,0,0,0,1,0,1,0,1,1,1,-0.11442883226273284,0.6669521010075897,-0.00617032918265864
858,1,2,0,1,0,1,0,0,2,1,0,0,0,1,0,1,1,1,0,1,-1.326944278849604,0.669870903425871,-1.2333150535402004
859,0,1,0,0,1,0,0,0,0,1,1,1,0,1,1,1,1,2,1,0,-0.8097720198047614,0.01005115024411865,-0.4993746019358503
860,1,1,1,0,0,1,0,1,1,1,0,1,0,0,0,2,2,2,0,1,-1.6270175255438108,-2.429344578642581,-2.2807009135812613
861,1,2,1,0,0,1,0,1,1,1,0,0,0,1,0,2,1,1,1,0,2.097270612436595,1.1410087075769586,1.9133939864710026
862,0,1,2,1,0,0,0,1,1,1,0,0,0,0,1,0,1,1,0,0,-1.0224134558216373,-0.23976097977803662,-0.7004239817624414
863,0,2,1,0,2,1,0,0,1,1,0,0,0,0,0,0,0,0,1,2,-0.36635116031814136,-0.47961054337744824,0.9874555954606304
864,0,1,1,1,0,1,0,0,1,0,0,0,1,0,1,1,1,0,0,2,-2.219070591682019,0.3947697965262469,-1.3108616806280593
865,1,1,1,0,0,0,0,1,2,0,2,0,0,1,1,0,2,2,0,1,0.21907974578595157,0.6213922865447242,-0.11548291558254054
866,1,1,1,1,0,0,0,2,2,0,0,1,0,0,0,0,1,2,0,1,-0.329652647185608,-1.3439841529782952,1.6453351938243763
867,0,1,0,0,0,1,0,1,1,0,0,0,0,2,2,0,2,1,2,1,1.0415613556780858,-0.3718583390120218,1.0124361056565467
868,1,1,1,0,1,0,0,1,2,0,1,0,0,0,1,0,1,0,2,1,-1.1451882143944534,-0.7862925107767851,-2.166584749514395
869,1,1,2,0,0,0,0,0,1,0,1,0,0,1,0,0,2,0,2,0,0.0904270778018876,1.175323313959754,1.7298094982947576
870,1,2,1,0,0,1,0,1,2,1,1,2,0,1,0,2,1,1,1,2,1.1082252631814622,0.6563869583182044,0.5222997103160002
871,0,1,1,0,0,2,0,1,2,0,0,0,0,1,0,0,1,0,0,2,-0.9228817612729362,-0.75704975921815,-0.8371486026626626
872,2,1,1,0,0,2,0,0,0,1,0,1,0,0,0,0,0,2,1,1,0.6309776452573881,0.9819709709451296,1.962424470362536
873,0,2,1,0,0,2,1,2,1,0,0,0,0,1,0,1,2,1,0,0,-0.11619661231869419,-0.36529491326584596,-0.2730762514738968
874,2,0,1,0,0,1,1,1,1,0,0,0,0,0,0,1,0,0,0,2,0.99974594127297,1.30177126851021,2.775326437425532
875,0,2,2,0,1,0,0,1,1,2,0,0,0,0,1,0,1,1,1,2,-1.028212449943285,-1.738038569231182,-1.6537428668934644
876,1,1,1,0,0,1,0,0,0,0,0,0,2,0,0,0,1,1,0,2,0.7988665571151058,-1.4552804865588818,1.1229611022645798
877,0,0,0,1,0,1,0,1,1,1,1,0,0,0,0,1,1,2,0,0,1.106363887607289,1.1357786500415394,1.4743933636876003
878,0,1,2,0,1,1,1,2,2,1,1,1,1,1,0,0,2,1,0,2,1.1207038047660207,-0.9649941829245624,-0.21857718294324724
879,0,1,1,0,0,1,0,1,1,1,0,0,1,1,0,1,0,1,0,2,0.7194837259095485,0.08054978567027088,0.6100883852926251
880,1,1,0,0,1,0,1,2,0,2,2,0,0,0,1,1,1,0,0,0,0.48696778139019736,1.0260534529019405,0.3226331401732197
881,1,0,1,0,0,1,0,1,1,0,0,0,0,1,0,1,0,2,0,2,0.5140228502989808,0.19036727336765302,0.03958143075464418
882,1,1,1,0,0,1,0,0,1,1,0,0,0,1,0,1,2,1,2,1,-1.823189901397854,1.2057982179652462,0.3911441240826345
883,0,1,1,1,0,0,0,1,0,1,0,0,1,1,0,0,1,0,0,2,0.1922351592063119,0.11616878748393797,-1.5068564297918108
884,0,1,1,0,1,1,0,2,0,0,0,0,2,0,1,1,0,0,0,0,0.0031248473899546,-0.8288665512685774,0.5057065774251779
885,0,2,0,0,0,0,0,2,2,0,1,1,0,0,0,1,2,1,0,1,-0.14837407070803454,1.1113580162398768,-0.6448740395954632
886,1,0,1,0,0,1,0,0,1,1,1,0,0,1,1,0,1,1,1,2,-0.3257734101537954,-0.015030381110576974,-0.6112239237802414
887,0,1,0,1,0,1,0,0,1,0,0,1,1,0,0,1,1,1,0,2,1.350616766975801,0.35522538664675496,1.0847646706883767
888,0,2,2,0,0,1,0,2,1,0,0,0,0,2,1,1,2,2,1,0,-0.1926050904100192,0.3515598147419253,0.022663572270255998
889,2,1,1,0,0,1,0,1,0,0,0,0,1,1,0,1,1,1,1,2,-0.17395997750131237,-1.4891010012744046,0.4908216792736029
890,0,1,1,0,0,0,0,2,1,0,2,1,1,0,1,0,0,1,1,1,0.2560306477504902,-0.07631607030599397,-0.06389103500163022
891,1,0,0,0,1,1,0,1,0,1,2,0,0,1,0,0,2,2,0,1,0.36213725765216287,0.2775223276163237,1.1797337368887424
892,1,1,1,0,1,0,0,0,1,0,0,1,0,0,0,0,1,2,0,2,-0.43112114294691034,1.8077226869672247,-0.16626987411453953
893,1,1,1,0,0,1,0,0,0,2,0,1,1,1,0,1,0,2,0,1,0.9195071228972507,-0.32054615348031057,-0.5290079543214129
894,1,1,1,1,0,1,0,1,0,1,0,0,1,0,0,1,0,0,0,1,1.0792473541746384,-0.06913436250800825,1.8382768025057863
895,2,0,2,0,0,1,0,0,1,0,0,2,0,1,1,0,1,1,1,2,-0.6570452183847052,1.0807060971274662,0.4387543299490871
896,1,1,0,0,0,1,0,1,1,1,1,0,0,0,1,1,0,1,1,0,-0.01506248943386242,1.3211458080360865,-1.2695865324869224
897,1,0,2,2,0,1,0,1,1,1,0,1,0,1,0,1,1,1,0,0,-1.1377729299988606,-0.6020943381681205,0.1516561699173975
898,0,0,0,0,1,1,0,1,1,0,0,0,0,1,2,2,1,1,0,1,0.19357447251048976,-1.0075051737535283,1.3926972589595419
899,0,1,0,0,0,0,0,1,0,0,0,0,0,0,1,0,1,1,1,1,-0.4265355602565982,-1.270851887394396,1.516534414804619
900,1,0,0,0,0,2,0,2,1,0,0,0,1,0,2,1,0,0,1,2,1.5595964019642996,0.2592067895645732,0.987599474571654
901,1,2,1,1,0,1,0,0,0,0,1,0,1,0,1,0,2,0,1,1,-1.3555811613485318,-0.6158667116397574,-0.0415347446482921
902,0,1,0,0,0,2,0,2,0,1,1,0,1,0,0,1,1,2,1,2,-0.43975496381639423,0.9898549951292661,-1.4150526993551626
903,0,1,1,2,0,0,0,0,0,1,0,0,0,0,0,0,1,0,1,0,-0.6317248284983014,1.2501349987006918,-0.7805892298088204
904,0,1,2,0,0,1,1,1,2,0,1,1,2,0,0,2,2,1,2,2,0.4498370234495303,0.2480882526636231,1.2077420841948387
905,1,1,0,0,1,1,0,1,0,2,0,0,0,1,0,1,1,1,0,1,-0.9385569267094876,0.09431250089923524,0.04544241829865403
906,1,1,1,0,1,1,1,1,1,0,1,0,0,1,1,1,1,0,0,2,2.0516951997872055,0.09719343651987894,2.0215813037788566
907,2,1,1,0,0,1,0,1,2,0,1,0,0,0,0,1,0,2,0,2,1.225886994358534,0.17022569650445954,-0.7722841481864855
908,1,0,0,1,0,0,0,0,1,1,0,0,1,1,0,0,1,2,0,2,2.2883948071997278,-0.1802030537736839,1.2925189091074754
909,1,1,1,0,0,0,0,0,1,0,1,0,0,0,1,1,1,0,1,2,0.2586154586067945,-0.15268794441336636,-1.3977599227102901
910,1,1,0,0,0,1,0,2,1,0,1,0,0,1,0,0,2,0,0,2,1.3917121004648119,0.6512175193130804,-1.1213928019619215
911,0,2,0,1,0,1,1,1,1,0,1,1,0,1,1,1,0,1,0,1,-0.7139025467794945,-2.2185095847692016,-1.3907892632720738
912,0,2,1,0,1,1,0,1,0,0,0,1,0,0,0,0,0,1,2,1,-0.3034386655047234,0.49060390736858284,-0.32573494857040947
913,1,2,0,0,0,2,0,1,2,0,0,0,0,1,1,0,0,0,1,1,-0.2992595809882994,0.1504788927494553,1.4833119863700492
914,1,1,0,0,0,2,0,0,0,1,1,1,0,0,1,2,1,1,0,1,0.40283288061930395,-1.138681836671544,-1.1054046266525146
915,0,0,0,0,0,1,0,1,0,0,1,1,1,1,1,1,0,1,1,1,0.07428271398429298,0.28908411752483165,-1.8842015928924332
916,0,0,1,0,1,0,0,2,0,2,0,1,0,0,0,0,2,0,2,2,-0.5989391769982011,0.1587224902725085,-1.0816529438610138
917,1,0,1,1,0,1,0,0,1,1,1,1,1,0,2,0,1,1,1,1,0.24888339393725345,-0.6935211267201203,-0.006035814874159218
918,0,2,0,1,0,2,0,0,1,0,1,0,0,0,0,0,2,1,0,0,1.2771704301402078,0.13897139077605156,0.7624811337747175
919,1,1,0,0,0,1,0,1,2,0,1,0,0,0,0,1,1,0,1,1,-2.096414279895543,-1.9737071974439624,-1.0341805244667057
920,1,1,2,0,0,1,0,2,2,0,1,0,0,1,0,1,1,1,1,1,0.2653972524341708,-0.3913506284441682,-0.6079083005438273
921,1,1,0,0,0,1,0,1,0,1,0,1,0,0,1,0,1,1,1,1,-0.5759607067021897,0.03516140150724478,-0.1909032953181571
922,1,1,2,0,2,1,0,0,1,0,1,1,1,0,1,1,1,1,2,0,0.45169193955546794,0.11237608300256652,1.6716483931885042
923,1,0,0,1,0,1,0,2,1,0,0,1,1,0,2,1,0,1,1,1,-0.3549720156008402,0.708171822232307,-1.2638627763738048
924,0,2,1,0,1,1,0,1,1,0,0,0,1,0,0,1,0,1,1,1,-0.0013817408576030068,-0.8140537158602674,0.22463993146614095
925,1,0,1,0,0,1,1,1,0,1,0,1,1,0,1,1,1,0,0,2,0.43622201624764484,1.637587040496331,-0.10062954340217412
926,0,1,2,1,0,0,0,0,1,1,1,1,0,0,0,1,0,0,1,1,1.392013983111253,0.27026291600684327,1.718170744028745
927,2,2,2,1,0,2,0,0,2,0,0,0,1,0,1,2,1,0,0,0,-1.0011259968805006,-2.2220909678494207,0.5533402106636502
928,0,1,0,0,0,2,1,1,0,0,1,2,1,0,0,0,1,1,0,1,1.1846409896949806,0.295736507533042,-0.4854941024421222
929,0,1,0,0,0,0,0,0,2,2,0,1,0,1,2,0,0,1,1,0,-0.2001630020034281,-1.3578086320227443,-1.7721363431773058
930,1,1,1,0,1,1,0,1,1,1,0,1,0,1,1,0,1,0,2,1,0.8862831504491853,0.5683267798991753,3.3647675776683044
931,0,1,0,0,0,1,0,1,1,0,0,0,1,0,0,2,0,1,2,1,-0.6525507848630295,0.9893820819235442,0.15518569553639236
932,1,0,1,0,0,0,0,1,2,0,1,1,0,1,1,1,2,2,1,0,0.9192802277826403,0.992654158910035,1.0363294088677748
933,0,2,1,0,1,0,1,1,2,0,1,0,0,1,2,2,0,1,1,1,0.6992543258078348,-0.6775509179729333,-0.03874965148422416
934,1,1,2,0,0,1,0,1,1,0,0,1,0,1,0,1,1,1,0,0,-1.2777240351033208,0.50157155998554,-1.0890090357182443
935,1,0,1,0,1,1,0,1,0,0,0,0,1,0,0,0,2,2,1,0,1.019711172261506,0.11820848423350763,0.399410276602214
936,1,1,1,1,0,0,0,2,0,1,1,0,0,1,0,0,1,1,1,1,-0.1868839791140042,1.0614915873305986,1.2870860498550367
937,1,1,0,0,0,0,0,0,2,0,1,1,0,0,1,0,2,1,1,1,-0.8976973385756944,-0.7117723192333791,-1.8049012057093474
938,2,1,1,0,2,0,0,1,2,0,0,0,1,1,0,0,1,0,0,1,2.3636639122181857,-1.016111019939139,0.23589528936746434
939,0,1,1,0,0,0,0,0,1,0,0,0,0,1,1,1,1,1,1,0,-0.9181345747527513,-0.14921851303227737,-0.1405710049688801
940,0,2,2,0,1,0,0,2,0,0,0,0,1,0,0,0,2,1,1,1,0.6460600715483781,0.13330743042017296,-1.1345189748697884
941,0,1,1,0,0,1,0,0,0,1,1,0,1,1,0,1,0,1,0,1,0.6064236287013826,0.8704969033699592,-0.8416696935077184
942,0,0,2,0,0,2,0,1,1,1,0,0,1,1,0,1,0,0,2,0,-0.0778701040160032,-0.5659862177727318,0.27579039735031186
943,0,0,2,0,0,1,0,0,0,1,0,0,1,0,0,1,2,2,1,1,-0.01098003010747675,0.8752464288256858,-0.8632009808728772
944,0,1,1,0,0,0,1,1,2,1,0,0,1,0,1,0,2,0,1,1,0.20771923568893721,-0.3259835917156971,-0.34993541583761534
945,1,1,2,0,1,1,0,2,1,1,1,0,0,1,0,0,1,0,1,0,0.6221345866524344,0.6283686510400814,0.0617717143106889
946,0,1,0,0,0,1,0,1,0,0,1,0,1,0,0,0,0,0,0,2,-1.0330087014214882,-0.8230954803980112,0.4814126358966171
947,1,1,1,0,1,1,0,1,0,0,0,1,0,0,0,1,0,2,1,2,0.5953690980369334,2.289801549889621,1.7968444302178193
948,0,1,1,0,1,1,0,0,0,1,1,0,0,0,0,1,1,2,1,0,-1.097182695841678,-0.2305860357134586,-1.4932448643770195
949,0,1,0,0,0,1,0,1,1,0,0,1,0,1,1,0,1,2,1,2,0.6185098803279908,0.7667220715650342,0.17722938365137125
950,0,2,0,0,1,1,0,2,0,1,0,0,1,1,2,1,2,0,0,1,-0.6393212361065688,0.3745500701650155,-0.8353391271403581
951,1,2,2,0,1,1,0,0,2,0,2,0,0,0,0,0,2,1,1,1,-2.4306212930075453,0.15230786538420527,-1.282304283169172
952,1,1,0,0,0,0,0,2,1,1,1,2,1,2,0,1,1,1,0,0,-0.6175868630490398,0.387022316554973,-0.18544917971905445
953,1,0,1,0,0,1,0,2,1,1,0,0,0,1,0,2,1,1,1,2,0.640273252989728,0.5302333414636019,-0.9059249247201969
954,1,0,0,0,0,1,0,1,1,0,1,0,0,1,0,0,2,1,0,2,-0.35760164209382406,0.26714588626283875,0.708587357715801
955,2,1,0,0,0,0,0,0,1,0,1,0,0,1,0,0,2,0,1,0,-0.27274715745760214,0.5985557181195889,0.6641325495902322
956,1,2,0,0,0,1,0,2,1,0,0,0,0,1,0,1,1,1,1,0,-0.208141126933715,-2.3297325017475505,-1.144532323496759
957,2,2,0,0,0,1,0,1,0,0,1,0,0,0,1,0,1,0,1,1,0.5516002018742248,0.4727081112763777,-1.9730295724587539
958,0,1,0,1,1,0,0,1,0,0,0,0,0,1,0,1,1,2,0,1,-0.6954659309080825,-0.49011869756865895,1.75050018794412
959,0,2,0,0,0,1,0,1,1,0,0,2,0,1,0,0,2,1,0,1,1.2937749656737672,0.08073280783761766,0.6602248469943682
960,1,2,2,0,0,0,0,1,1,0,0,0,0,1,0,0,2,0,1,1,0.8020927014602565,-1.13722169137024,1.4267545094154162
961,1,2,0,1,1,1,0,2,1,2,0,0,0,1,0,0,1,0,0,1,-1.1617241914833356,0.19722953833423262,-0.46427893645151724
962,0,1,1,0,0,0,1,1,1,1,0,2,0,0,0,0,0,0,0,1,1.181609394078392,1.7563545974391177,0.9019296059581435
963,0,2,2,0,0,1,0,0,0,0,1,0,0,2,0,1,1,1,1,1,-0.02408468545194762,0.9966641726592753,1.5057699873087733
964,1,0,0,0,1,1,0,0,1,1,0,0,0,0,0,0,1,1,2,0,-0.7790255124859345,-0.9602654217148539,-0.032866927388924494
965,0,2,1,0,0,2,0,0,0,0,0,0,0,0,0,1,1,0,2,2,-1.164334404065375,-0.5569594804371809,-0.6733409114361999
966,0,1,0,0,0,0,1,0,1,1,0,1,0,0,1,0,0,1,1,1,0.1373831013585836,-0.5228370751134311,-1.903957486061822
967,0,0,0,0,2,0,0,1,0,1,1,1,0,0,1,1,0,2,2,2,-0.510554197976501,-0.01675411817374453,-0.9625442913896908
968,1,0,0,0,0,1,0,1,1,0,0,0,0,1,0,1,2,0,2,1,-1.5511087758240245,-1.3175416577253891,-0.28642996081097916
969,1,1,1,1,0,1,0,1,0,1,1,0,1,1,1,0,0,1,2,2,0.6360053560020644,0.4436256946550104,-0.6014149562429779
970,0,2,1,0,0,1,1,1,2,1,0,0,0,0,1,0,2,0,0,0,0.666361572279509,-1.171467920619845,0.7622113383879123
971,0,1,0,0,1,1,0,1,2,0,0,0,0,1,0,1,1,1,2,1,3.0232086556982254,-1.283230667556875,-0.29751260007894487
972,1,0,1,0,0,2,0,0,2,0,0,1,1,2,2,0,0,1,0,1,-0.8221142068226218,0.11179627668467274,-0.6768824920611656
973,0,1,1,0,0,0,0,2,0,1,0,0,0,0,0,0,2,2,1,1,-1.0060760869127963,0.7990408038643746,-1.328215327484585
974,0,1,1,1,0,2,0,2,0,0,1,0,0,1,1,0,1,2,0,1,0.4101892252839568,1.853828660979159,2.267562070285035
975,1,1,0,0,0,2,0,1,0,1,0,0,0,0,0,0,0,0,2,2,-0.10618238292184086,-0.3713414356590328,-1.4250405971482394
976,0,1,0,1,0,1,0,1,1,1,0,2,0,1,0,1,1,0,0,0,-0.3509174244488127,0.51321266561557,-1.6497873100630516
977,2,1,0,0,1,1,0,1,1,1,0,0,1,0,1,1,1,0,0,1,-0.0038046507101450826,-0.6784788357727936,0.3264370867646926
978,2,2,1,0,0,1,0,2,2,1,0,0,1,0,1,1,1,0,1,2,-0.630196492601444,-0.5404951781212192,0.05944652464778688
979,1,2,2,0,1,1,1,0,0,1,1,0,0,0,1,0,0,2,1,0,-0.2151699850637411,-0.43569002704256043,0.05114961254203326
980,0,2,2,0,1,1,0,1,1,1,1,2,1,0,0,0,1,1,0,0,0.04767359623039116,0.6551772588174111,0.5758533870362348
981,1,0,1,0,0,2,0,0,2,1,0,1,0,0,1,2,2,2,2,0,0.2033403994060117,-0.6445258811949399,-1.3282771191440017
982,0,0,1,0,0,0,0,1,0,0,2,0,0,1,1,1,0,0,1,1,-0.30288911138923896,0.1290700543467208,0.16237291700516504
983,0,0,1,1,1,2,0,2,2,1,0,2,0,0,1,0,0,1,1,1,-0.30611287736224285,0.6429091868133436,-1.2435141693768903
984,1,0,1,0,0,1,0,1,1,0,1,0,1,2,0,1,0,1,1,2,-1.0708146536572762,0.7648721291571792,0.2553845668117751
985,1,1,2,0,1,1,0,2,1,1,0,1,0,0,1,1,2,1,1,2,-1.429590804585869,-0.348711901213701,-0.9465000015106614
986,1,2,1,0,0,1,0,2,0,0,0,1,0,1,0,1,1,1,2,2,-0.10765161199823291,0.31510117517280056,0.9708275237577507
987,0,2,1,0,0,1,0,0,1,1,1,1,0,1,1,0,1,0,2,1,-1.0702645146258454,0.3009686700755319,-0.00979099207647044
988,1,2,1,0,0,2,0,1,0,0,1,0,1,1,0,0,2,1,1,2,-0.8850595263899645,-0.30191058855191844,1.2227416870506147
989,0,1,0,0,0,1,0,0,0,0,0,1,0,0,2,0,0,0,2,0,-0.2585553588093798,1.777607201386288,0.1274696338935255
990,0,1,1,0,0,0,0,1,1,0,1,0,1,0,0,2,0,0,1,1,-0.05079837419928473,0.06815151143137448,0.21298248429244448
991,0,1,2,0,1,2,1,0,0,0,0,0,0,0,1,0,0,0,2,0,-1.3724847913992868,1.8220148892521324,1.2461270532206699
992,0,1,1,0,0,1,0,0,2,0,0,0,2,1,1,0,1,1,1,1,-0.7614616711315353,-1.2984225633749962,0.2376175233755765
993,0,1,0,1,0,1,0,0,2,0,1,1,0,0,0,0,1,1,0,1,-0.16123494792777926,0.05929738917528471,1.3828937188169244
994,1,1,0,0,0,2,0,0,0,1,0,0,1,0,0,1,1,1,0,1,-0.20168973046549246,-0.724915136609882,-0.9316290707060342
995,1,1,0,0,1,1,0,1,0,0,0,0,0,1,0,2,2,2,1,2,0.6770806253209413,0.3276677210090171,-0.8840533878547961
996,0,1,1,0,2,1,0,0,1,0,0,0,0,0,1,0,1,2,1,1,0.8620520271786756,-0.7966388193751953,0.7074175992263448
997,1,0,1,0,1,0,0,0,0,2,1,1,0,0,0,0,1,1,1,2,0.7699553151651534,0.09522593447809645,-1.0263133715656187
998,0,2,1,0,1,1,1,1,0,0,0,0,1,0,0,1,0,0,0,1,0.2067217421192361,0.5719842138542448,1.245365062221294
999,1,2,0,0,0,2,0,0,0,2,0,1,0,0,1,0,1,2,0,1,-1.6452939098064,0.16889299250137546,-1.3842295675381602
1000,0,1,0,0,2,0,1,1,1,0,1,0,0,1,0,0,1,0,1,2,0.597484880700217,0.6924357429781007,-1.2886766988696567
1001,2,1,0,0,2,0,0,1,1,1,0,1,1,1,1,0,1,2,0,1,0.30155266432163147,-0.7388468937406996,-0.43442316313626933
1002,1,1,1,1,2,0,0,1,1,1,2,1,0,0,2,1,0,0,0,0,0.07797176468106207,-0.4394832367906115,0.8422446887874399
1003,1,1,1,1,0,1,0,1,0,2,0,1,0,0,0,0,2,0,0,2,0.5629406979970824,1.707545481405023,1.6293044346460441
1004,0,2,1,1,0,0,1,1,0,0,1,0,1,0,0,1,0,0,0,1,-0.33853345750419855,1.782883946106221,1.2702072289265725
1005,1,2,1,0,0,1,0,2,0,0,0,1,0,0,1,2,2,0,0,1,-1.8136917355850866,-0.6683860684835532,-1.280701107548632
1006,1,2,0,0,1,2,0,2,1,0,1,0,0,1,0,1,1,0,0,2,0.0241236346579599,0.6257024390943067,-0.43554705529526927
1007,0,0,2,0,0,1,1,2,2,0,0,0,1,1,0,0,2,1,1,1,1.0598773331396751,1.3644442776170025,-0.8921434867831113
1008,2,0,1,1,1,2,0,1,1,0,1,0,0,0,2,2,1,1,0,1,-0.21279364307679685,-1.2110337074118773,-0.1254659764173997
1009,0,2,0,0,0,0,0,1,1,1,0,0,0,0,1,0,1,2,2,2,0.66155609672916,1.2352585587802871,0.6798557199314073
1010,1,1,0,1,0,2,0,1,2,0,1,0,1,0,1,0,1,0,0,0,0.9648522688022901,-1.4628640581347798,-0.3180694709686614
1011,0,1,1,0,0,0,0,1,1,1,1,0,0,0,0,0,1,1,1,1,-1.233281720208268,-1.6658121086973745,-0.9212481122956188
1012,1,1,2,0,1,2,0,0,2,0,0,1,0,0,0,1,2,2,0,0,0.046581478047463105,-0.6279987630241486,-0.25160517641286767
1013,1,1,1,0,0,1,0,1,1,1,0,2,0,1,1,1,2,0,1,2,0.2062793546378175,1.1410185813898202,1.047045762626069
1014,1,2,0,0,2,1,0,1,2,0,0,0,1,0,0,0,1,0,1,2,-1.4523422630505094,-1.0507173022317,-0.737219370226611
1015,2,0,0,0,1,2,0,1,0,0,0,1,0,1,1,0,2,1,0,1,-1.1663589298093366,0.9126885663796068,-0.5104983491729832
1016,1,1,0,0,0,0,0,1,1,1,1,1,1,2,1,0,1,0,0,2,-0.20108416543036586,-1.2033845121305013,-0.8969697222690207
1017,1,2,2,1,0,0,0,2,0,0,0,1,1,0,1,2,1,1,0,1,-0.47615462185853186,0.8797706546713397,-0.6582111552445942
1018,1,0,1,0,1,1,1,1,2,2,1,0,0,0,2,1,1,1,1,0,0.24212552935581017,-1.5447641569686064,-1.0495267443875838
1019,0,0,1,1,0,0,0,1,2,2,0,0,1,0,0,1,2,0,2,1,0.06344068807115909,0.4149734254637297,0.6212735571966101
1020,2,1,0,0,0,1,0,0,1,2,0,0,0,0,0,1,1,1,2,2,-0.43882697393585524,-1.6454571479413518,-1.3208147413080167
1021,0,1,1,1,0,1,0,0,2,1,0,1,0,0,0,1,1,0,0,0,1.7364105272018062,-0.13572691748535398,1.2839543848269368
1022,2,0,0,0,0,0,0,1,1,1,2,0,1,1,1,1,0,2,1,2,0.5367069402892716,0.9710101571791508,0.40319868863288083
1023,2,0,0,0,1,0,0,0,1,0,0,1,0,1,0,1,1,2,0,0,-0.041665189759297276,0.054359909434521625,1.0473285328601616
1024,0,2,0,0,0,0,0,1,1,1,0,1,0,1,0,1,1,2,0,2,1.8723514947415278,2.1012345193254163,1.1152319414858183
1025,0,0,1,0,1,1,0,0,1,1,1,1,0,1,0,1,1,1,2,1,0.10569958788693466,0.5904782607403624,-1.1210481272432475
1026,0,1,0,0,0,1,0,2,2,1,0,0,1,1,2,1,1,0,0,2,-0.5322346313634204,0.041808926333518126,0.29793172744926616
1027,0,1,1,0,0,2,0,0,1,0,1,0,1,0,0,1,1,2,2,2,-1.0707341273701754,1.0595640991917052,-1.2131610837730553
1028,0,1,1,0,0,1,0,0,1,0,0,0,0,1,0,2,1,0,0,2,-0.4593847351021519,0.6987264123276558,0.09181463772031817
1029,2,0,1,0,1,1,0,0,0,1,0,1,1,1,0,2,1,2,0,2,-0.04161348252745565,-1.157925031441613,0.5349936382386857
1030,1,2,1,2,0,1,0,1,1,1,0,0,0,1,1,0,0,1,0,1,0.783133295911014,1.8549285871687593,1.2962130055790437
1031,0,2,0,1,0,0,0,1,0,1,0,0,0,1,2,0,1,0,1,1,-0.40293005642236684,0.5323720813912242,-0.23300185769871004
1032,0,0,0,0,1,1,0,1,1,1,1,0,0,2,2,1,1,0,1,1,1.3383984441446273,1.5727812282371127,3.2403668095638234
1033,0,0,2,0,0,0,0,2,1,0,1,1,0,1,0,1,1,1,2,1,-1.019893435169884,-0.34952295210533063,-1.0663522112542374
1034,1,1,0,1,0,2,0,0,1,1,0,2,0,0,1,1,1,2,0,1,0.9680256001356882,1.0365146675246215,1.7529043807563616
1035,0,1,1,0,0,1,1,0,1,0,0,0,0,0,1,0,2,2,1,2,-1.1185742335008737,0.219407899734121,1.2936536008422217
1036,1,1,1,1,0,1,0,1,1,1,0,0,0,0,0,0,1,1,2,1,-0.6069042541269342,0.43350513096999205,0.035380099697962464
1037,0,1,1,0,1,1,0,1,2,0,0,1,1,1,1,0,1,0,1,1,0.7380597812709738,0.18373787246152362,-1.6686800363577814
1038,0,2,1,0,1,1,0,0,1,1,1,0,0,0,0,0,1,2,1,0,-1.1127318936413648,1.4488627421396378,-1.5965966636792672
1039,0,0,0,0,0,0,0,1,1,0,1,0,0,1,0,1,1,0,0,0,-0.9111035671654604,0.6737222802710071,0.056081313016100864
1040,2,2,2,0,0,1,0,0,1,0,0,0,0,1,0,0,1,2,0,0,0.34463358854090104,-1.5994348991360856,-0.7833757108324979
1041,1,2,0,0,0,0,1,1,1,0,1,1,0,1,2,0,0,0,1,2,1.3071779987135956,0.9064685423893779,3.5376800115472093
1042,2,2,1,0,0,0,0,0,1,1,1,1,0,0,1,1,0,0,0,1,-0.8752137082247757,-0.0026377477628982127,0.8624602947636433
1043,1,0,1,0,2,2,0,1,1,0,0,1,0,1,0,1,1,1,0,0,-0.01961352417731379,-0.7338160614230153,-0.826070415153827
1044,0,1,0,1,0,1,1,2,0,0,1,0,1,0,0,0,0,0,0,1,-0.037041979722189824,-1.0758063852575246,0.3577900473653274
1045,0,2,2,0,0,0,1,0,1,0,1,0,0,1,0,0,2,1,1,0,0.7379282933902257,-0.5116016487508095,0.72604566661056
1046,2,1,1,0,0,2,0,0,1,1,0,1,1,0,0,0,2,1,0,1,0.288545513590098,-0.5311560521002932,-0.8122069342707696
1047,1,1,0,0,0,1,0,0,0,0,0,0,0,0,0,0,1,1,0,2,0.043847644391031566,0.8238041918871218,0.05711780335802388
1048,1,0,1,0,0,0,0,0,2,0,0,0,0,0,0,0,1,1,1,1,-1.198397195627804,-1.9354355281212814,0.5581307560994067
1049,0,1,1,0,0,2,0,1,0,0,0,1,0,1,0,0,1,1,0,2,-0.534367699875307,0.8616865716496821,-0.03307030539372514
1050,1,0,1,2,2,2,0,2,0,1,0,0,0,0,1,0,1,0,0,1,-0.469650811206566,-0.7089825730366464,-1.2548614861282905
1051,0,1,1,0,0,0,0,1,2,0,0,0,0,2,0,0,0,1,1,1,0.9608153884418573,0.17603664684159906,-1.170004542329164
1052,0,0,1,0,0,1,0,0,1,0,0,1,0,0,0,0,2,1,1,1,1.269217678616827,1.0419120694108481,1.4030685608786386
1053,2,2,0,0,0,1,0,0,1,2,1,1,1,0,1,1,1,0,0,1,0.3173656939790238,0.08951716707778498,2.856002338325766
1054,1,0,2,1,0,0,0,0,1,0,0,0,1,0,0,1,1,0,1,1,0.734799434559573,2.6513615664268264,3.684065284705065
1055,0,2,2,0,1,1,0,1,0,2,0,0,0,0,1,1,1,0,1,1,-0.18360726607745287,0.0416467236383547,-0.7813452849073906
1056,2,1,1,1,1,0,0,1,1,1,1,0,1,1,0,2,1,0,0,1,0.16917693622756483,-0.059896119165796624,-1.1262058932467964
1057,0,1,1,0,0,1,0,2,2,0,0,1,1,2,0,0,0,2,0,0,-0.5699989833113964,-0.20681681563962853,0.3636352420521937
1058,1,1,1,0,1,1,0,2,2,1,0,0,0,1,2,1,0,0,1,0,0.046708192932344454,0.528492836687399,1.4281051672739344
1059,1,1,1,0,1,2,0,1,1,0,0,0,1,1,0,0,1,0,0,1,-1.6854101815118265,0.17664969190111712,-1.0116823417985858
1060,1,0,1,0,0,0,0,0,0,1,0,0,0,1,0,1,2,0,0,0,1.805507467620486,-0.700517117660597,-1.3938707970987616
1061,1,0,1,0,1,0,0,1,0,0,0,0,2,0,0,0,1,0,0,1,-0.522326643360501,-0.5813898007996366,1.2429270473452079
1062,1,2,1,0,0,1,0,2,0,1,1,0,0,1,0,0,1,0,1,1,1.3935238741439226,-0.18082480214205077,-0.5550487564105149
1063,2,1,1,0,1,1,0,1,1,1,1,1,0,0,0,1,1,1,1,2,-1.8826314175302985,-0.7472628587417494,-1.4096923542962017
1064,2,2,0,0,1,1,0,1,2,0,0,1,0,1,1,0,0,1,0,1,-1.4458375799787593,-1.3421484690907626,-1.2500608930595132
1065,1,0,2,0,0,2,0,2,1,0,1,1,1,0,0,1,1,1,2,0,-2.2979510356532256,-0.7928398656706008,-1.76827698306275
1066,0,1,1,1,0,0,0,0,1,0,1,0,0,1,0,0,0,0,0,1,-1.356759390210479,0.5495268003578426,-2.6593151452196993
1067,1,1,1,0,1,0,0,0,1,0,0,0,0,0,1,0,1,0,1,1,0.18794535059122913,-0.5168468414341392,0.8544821767614276
1068,0,1,1,1,0,0,0,0,2,0,1,0,0,1,0,0,1,1,1,0,1.8811637018816394,-0.7856546049527362,1.2928203024166578
1069,1,1,1,0,0,1,0,1,1,0,1,0,0,2,2,0,1,1,2,2,-0.5068426539793139,0.8604425559602056,-1.7038017865018709
1070,1,1,2,0,0,1,1,1,0,0,0,1,2,0,1,0,1,2,1,1,-0.843643461214042,-0.5690602108413766,-1.5391359529946647
1071,0,1,0,1,0,0,0,1,0,0,0,1,0,1,0,0,0,1,2,1,-0.41929888148594985,0.12948714635259637,-0.42898773399055634
1072,0,0,1,0,1,2,0,0,1,0,0,0,0,1,0,1,1,0,1,1,0.13806895440435057,-2.913730727217959,-0.544873513230192
1073,0,2,1,0,1,2,0,1,1,0,0,0,1,0,1,0,1,0,0,1,-0.039692206992973544,0.008557877789703155,-0.0713585583508561
1074,0,2,1,1,0,1,0,0,0,2,1,0,0,1,1,1,1,0,0,2,0.8682491343965879,0.21770045966453316,-0.4385073847906275
1075,1,1,1,0,0,0,1,0,1,0,0,1,1,1,0,1,1,1,1,0,0.1298673077071299,-0.2543616717084114,-1.181173449618625
1076,1,1,0,0,1,0,0,1,1,1,1,0,2,0,1,1,1,1,1,0,0.14912384434646733,-1.9867086457099834,-0.38476653082776735
1077,1,0,2,0,0,1,0,1,0,0,0,0,0,0,0,0,1,2,1,1,-1.8072336795527693,-0.035486776537193954,1.082648363135338
1078,1,1,0,0,0,1,0,0,1,0,0,0,0,1,1,0,1,1,0,1,-0.9417235571299465,0.33412323932189003,-0.7078071564542825
1079,0,1,1,0,0,0,0,0,2,0,0,0,0,0,0,1,2,1,0,0,-0.32854218882379677,-2.353606943418675,-1.5257667445407694
1080,0,1,0,2,1,1,1,0,0,0,1,0,0,0,0,0,2,1,1,1,-1.0829584504661907,-0.9942246923607784,-0.24540687174666476
1081,0,1,1,0,0,0,0,1,1,0,0,2,0,1,0,1,1,1,1,1,0.24885784870422634,1.123282463030757,2.3311140265771804
1082,1,1,2,1,0,1,0,2,1,1,0,0,0,1,0,0,2,2,0,1,0.21839322208892056,0.002547435727181177,-0.07563713309786513
1083,1,1,0,0,0,2,1,0,1,0,0,0,0,1,1,1,2,0,0,2,-0.49799131206220876,-0.29068904306982324,-0.11856135788733857
1084,1,0,1,0,1,0,0,0,1,0,1,1,1,1,1,1,1,0,0,2,-0.6000842533481788,0.435602207846323,-1.0573047824690567
1085,0,0,1,1,1,1,0,0,1,0,0,0,0,2,1,1,0,0,0,0,0.07852571668126926,-0.8209178466176282,-0.8425507913366295
1086,0,0,0,2,0,0,0,1,2,1,0,1,0,0,1,0,1,1,0,0,-0.10053715171112815,-0.31182629127706446,-1.1134022811841722
1087,2,2,2,0,1,1,0,1,0,1,0,1,1,0,0,1,0,2,1,2,-0.14080437220887324,-0.44347195298094566,0.833520596217491
1088,2,1,1,1,0,2,0,1,1,1,1,0,0,0,0,2,1,1,0,2,0.393264669699055,0.6918424152503224,0.8321954094537625
1089,1,0,0,0,0,1,1,1,1,0,0,0,0,1,2,1,1,1,1,1,-0.024582059825364086,-1.1806547732426,-0.4025982835237891
1090,1,1,1,1,0,1,0,1,2,0,1,0,1,0,0,0,2,0,0,1,0.8667415114257448,-0.776535576327141,0.6765756272560466
1091,0,0,0,1,0,1,0,0,1,1,0,0,0,0,0,1,0,0,0,0,2.2629367936990783,0.40768613176163926,1.0213284066106376
1092,1,1,1,0,0,1,1,1,2,0,1,0,0,2,2,0,2,1,0,0,0.03824275587231484,0.815861458122995,-0.7460766219444407
1093,0,0,1,0,2,1,0,1,1,0,0,1,0,0,0,0,2,2,2,0,0.0023660093740372457,0.4145526830297907,-0.581369006956581
1094,0,1,0,0,0,1,0,0,1,0,0,0,1,0,1,2,1,1,0,2,0.8928059623480289,-0.012704428571024162,1.4099287577391761
1095,0,0,1,0,0,1,1,0,1,0,0,2,0,0,1,1,1,0,1,1,-0.5891457097598441,0.24617500715960863,-0.04817206298746357
1096,1,1,1,1,0,2,0,2,1,0,1,0,0,0,0,0,2,1,1,1,0.6535951929014476,-0.7544479452370048,-0.06565395571873331
1097,0,0,0,0,0,0,1,1,0,0,0,0,0,0,0,1,2,2,1,2,0.34945305329896015,-0.2953514867193914,-0.8900644038643205
1098,1,1,2,0,0,1,0,1,1,0,1,1,1,0,0,1,0,1,2,1,-0.7030517158612452,1.0290875954506473,0.7554477180035881
1099,1,1,1,0,0,1,0,1,1,0,0,0,0,0,1,2,0,0,1,2,1.227799736489003,0.10797289603227211,1.2092355436213524
1100,1,0,0,0,1,2,0,1,1,0,1,0,0,0,1,1,0,1,2,1,0.11766978191580975,-0.29234491369801663,0.8752572519891103
1101,0,0,0,0,1,2,0,1,2,1,0,1,1,1,0,1,0,1,0,1,-0.05725826029273384,0.01577232987610484,-0.0486758665498869
1102,0,1,0,0,0,1,0,1,0,0,1,0,0,1,1,0,1,1,1,1,0.007935416358560349,0.12100145424039349,-0.6995974130978398
1103,0,2,2,0,1,1,0,1,1,1,0,0,0,0,0,0,1,1,0,2,0.8285401712305017,2.0525887187375282,0.49762871149455923
1104,1,1,1,2,0,1,2,0,0,0,1,0,0,0,0,0,1,0,0,2,-0.37346303178904683,-0.08758977064857049,0.6402890142233538
1105,0,1,1,0,1,1,0,2,2,1,1,0,1,1,0,0,1,1,1,1,-1.1631199118161057,-1.0452891222824336,-0.5941771233982858
1106,0,1,1,1,0,2,0,0,2,0,0,1,2,0,0,0,1,2,1,1,0.6657355068738544,1.5185990987996076,0.6833721720294843
1107,1,1,1,0,0,0,0,1,0,0,1,1,0,0,0,0,2,0,0,2,0.6122365080426714,0.306852565223408,1.1562490388082622
1108,1,2,1,0,1,2,0,1,0,0,0,1,0,0,0,1,1,1,0,0,-1.2191163841877783,-1.9564042601761509,-1.197137436333688
1109,1,2,1,1,0,1,0,0,0,0,1,0,0,1,0,1,1,0,0,1,-1.727739318046615,-1.0144285894782994,-2.76084177230534
1110,1,1,0,0,2,1,0,1,1,0,0,0,0,1,0,0,1,1,2,1,-0.83333877707629,-0.6591390448867371,-1.279622054819845
1111,0,0,1,0,0,1,0,1,1,1,1,1,0,1,1,1,1,1,0,1,-1.1425270976176165,-1.7929313847914414,0.15716385416776468
1112,1,1,1,0,0,2,0,1,1,1,0,0,0,0,0,2,1,1,1,1,-2.0996311097555833,-1.9474997521260935,-0.3339457022727559
1113,0,1,0,0,0,1,0,1,0,0,1,0,1,0,0,0,0,1,1,1,0.4200106803121492,0.34484253416826205,-1.5479500835026
1114,1,0,1,0,0,1,0,0,1,1,0,0,1,0,1,0,1,0,0,0,-0.6108665573125864,-0.7650806493329634,1.3430690280354871
1115,1,1,0,0,0,2,0,1,1,0,0,0,1,1,1,0,1,0,1,0,0.6198155192848245,-0.2600905816919958,0.7927196144544619
1116,1,1,0,0,0,1,0,0,0,1,0,0,1,0,1,0,1,1,0,2,0.6163740089141898,0.4312678332427191,-0.19220187678938727
1117,1,0,1,1,0,1,0,0,0,1,0,1,1,1,0,1,0,2,2,1,0.19311288775765093,-0.1265303275592641,0.39455201748581614
1118,1,1,0,0,0,0,0,2,1,0,0,1,0,2,0,0,0,2,1,1,1.0808415731894716,-0.3441705173088486,0.9977103495635559
1119,0,0,1,0,0,1,0,1,0,1,0,1,0,0,1,0,2,2,0,0,-0.7767125204546322,-0.5441553675884483,-1.0659764711738335
1120,1,0,1,1,0,0,0,1,1,2,0,1,1,0,0,1,1,1,0,0,-0.044930432026810366,1.1578879617946396,1.1959569476134724
1121,0,2,0,1,0,0,0,2,1,1,1,1,1,0,2,2,1,0,0,2,-1.537961336841415,0.5211801931530992,-0.355951893641137
1122,0,1,0,0,0,1,0,0,2,0,1,0,0,0,0,0,1,1,2,1,-0.8845063698864059,-1.209499553912719,-1.136846693656167
1123,1,0,0,0,0,2,0,0,1,0,0,0,1,0,2,0,1,2,0,0,1.0819737002892573,1.2060421155754033,1.4484730665810246
1124,2,2,1,1,0,2,0,1,0,0,1,0,0,0,0,0,1,1,0,2,-0.690373235020928,-1.2119227227922234,-0.8584320358553115
1125,0,0,1,1,0,1,0,0,1,0,0,1,0,1,0,2,0,1,0,0,-0.32534523377219104,-0.2946119406880003,-0.6515815725580016
1126,1,1,1,0,0,1,0,0,1,1,0,0,1,1,0,0,1,0,1,0,-0.33042326809737194,1.6303852183808598,0.8176671219539735
1127,1,0,1,0,1,1,0,0,2,1,0,1,0,0,0,1,2,0,1,0,0.8105262396328832,0.7028015349827528,-0.14392256963442884
1128,1,0,1,0,1,1,0,2,1,0,0,0,0,0,0,0,0,0,0,2,1.104388417095677,-0.5766914814595505,0.6293013956414439
1129,1,1,1,1,0,2,0,0,1,0,0,0,0,1,0,1,0,2,1,0,-2.8677000334910843,-0.4108000738120926,0.5299212856629665
1130,1,2,1,1,0,1,0,1,2,1,1,1,0,0,0,1,1,0,0,2,1.2078459793787901,1.717686391562591,0.9690684738185742
1131,0,2,1,1,0,1,0,1,2,0,1,0,0,1,1,0,1,1,2,1,0.5512846913422906,-1.127273230043,0.20539731038912204
1132,2,1,1,0,0,1,1,2,2,0,1,0,0,0,0,1,2,1,0,0,-1.8376307133196297,1.2559772755359577,0.7325880821419546
1133,1,1,2,0,0,2,0,1,1,2,0,1,1,1,1,0,2,1,0,0,0.6765075343585127,0.12162752183525534,-0.10017445473979797
1134,0,2,1,0,0,2,0,0,2,0,0,0,0,1,1,0,0,0,1,1,0.6228317978192238,-0.41636617588221336,-0.43985136393979846
1135,1,0,0,1,0,1,0,0,1,0,0,0,0,1,0,0,2,1,1,1,-0.04391408063841381,0.2820475105832415,0.3493026501678067
1136,0,0,0,0,0,2,0,1,0,0,1,0,0,0,0,0,0,0,0,1,0.4588466756209566,-1.0617007035191037,-1.0031307668146954
1137,1,1,0,1,0,2,0,0,2,1,0,1,0,0,1,2,1,2,0,1,1.132269127092425,0.793802690859741,-0.00704300777688438
1138,0,2,0,0,0,1,0,2,0,0,1,2,0,1,0,1,1,1,1,0,0.7905455327747544,1.0045639601386318,0.7835748676753065
1139,0,0,0,1,0,2,0,1,1,0,1,0,0,1,1,1,1,2,1,1,2.9778970152740123,0.9413688527883126,2.0172800284257675
1140,0,0,1,1,0,2,0,0,1,2,1,0,0,0,1,1,2,1,1,1,-1.5946786680285645,-0.7155012113239327,-0.21804666847344922
1141,0,1,1,0,2,0,0,0,2,0,0,1,0,1,0,0,1,1,1,1,1.437116323820255,0.945782627014414,0.7173280764289901
1142,1,1,1,0,0,1,0,1,0,0,1,2,1,0,1,1,1,1,1,0,1.4544535534608622,-0.5093088579372316,0.017695084978129827
1143,0,1,1,0,0,2,0,1,0,0,1,0,1,0,1,0,1,0,0,1,-0.8434475559003429,-0.7537929128162468,0.4032596653466709
1144,1,1,0,0,1,1,0,1,0,0,0,0,0,1,0,1,1,2,0,1,1.741440433400495,-0.26603886013230266,1.9086145573038338
1145,1,0,2,0,0,0,0,1,1,1,1,2,0,0,2,0,1,0,1,2,0.7896407266519445,0.2250931869992316,-1.2657392833549101
1146,1,2,1,0,1,2,0,1,1,1,0,1,0,0,0,0,2,1,2,1,-0.12892199043116137,0.8130425436420537,0.08866771238857336
1147,0,1,0,0,0,2,0,1,1,0,1,1,0,0,1,0,0,2,1,1,-0.47669810425942544,-0.12753250387327983,-0.5061607979308964
1148,0,1,1,0,0,0,0,1,1,0,1,0,1,2,1,1,0,0,0,0,0.45325928750024524,0.2394454496554878,0.7367273731957629
1149,0,0,2,0,0,0,0,0,1,0,0,0,0,1,1,0,0,1,1,0,0.3266704436035352,-0.2507485965422954,-0.03149016796546386
1150,0,1,0,0,0,1,0,2,0,1,0,0,0,1,0,1,1,0,1,0,0.024207794623652995,1.690779172309791,-0.9992162063245454
1151,0,1,2,0,1,0,0,1,0,0,0,0,1,0,0,0,1,1,0,1,0.2467510451066154,-0.15236984431854175,-0.11383465666867076
1152,0,0,0,0,1,2,0,1,1,1,0,0,0,0,1,0,0,2,0,0,-0.7768485898731518,-2.071775553432511,-2.4872419598973683
1153,0,2,1,1,1,2,0,0,2,1,0,0,0,2,1,1,0,0,0,2,-1.5989272355293778,0.7258378744171229,-0.4551805146004339
1154,1,0,0,0,1,2,0,0,1,1,0,1,0,0,0,1,1,0,0,1,-1.141000273629391,-0.35200400728137593,-0.09861671586016313
1155,1,2,1,0,1,2,0,1,0,1,0,2,1,0,1,1,1,1,1,0,1.6725340485279014,2.606046661928452,0.2322968790472093
1156,0,0,0,0,1,1,0,1,2,0,0,0,0,1,0,2,0,0,1,1,-0.04076476589596653,-0.6807036020580446,-2.5986754717280354
1157,0,1,1,1,1,0,0,0,0,0,1,0,0,0,2,1,2,1,0,1,-1.078075038046206,-0.3537362763743701,0.5321043932188645
1158,1,1,0,1,0,1,0,1,2,0,1,0,2,1,0,0,2,0,1,1,0.30815862005426853,1.0793766212655211,1.0390447436190926
1159,0,2,0,0,0,1,0,2,2,0,1,0,0,0,0,0,2,1,0,1,1.808196378482788,-0.29714522585777176,1.274630392474855
1160,0,1,0,1,0,0,0,0,0,2,0,0,0,0,0,1,0,0,2,1,1.4326125195317725,0.9399932874638341,1.8586855598791105
1161,0,1,1,0,0,1,0,1,1,1,0,0,0,1,0,0,1,1,1,2,0.261324597356784,0.5332542126436983,-0.20350057046807624
1162,0,1,2,1,1,0,0,1,1,0,0,1,0,1,2,0,1,2,0,2,0.15663825935051595,0.6761797973852357,-0.9393256675982349
1163,1,1,1,0,1,2,0,1,0,0,0,0,0,0,1,1,0,0,1,2,-1.204183740365172,-0.3242610613768879,-0.29482632894990424
1164,2,2,1,1,0,0,0,0,0,0,1,1,0,0,1,1,2,1,0,1,1.1092066541979553,0.1808021741360812,0.6204342614652698
1165,1,0,2,0,1,1,0,1,0,1,0,0,0,1,1,0,0,0,0,1,-1.5811100842780879,1.5588297726517304,-0.5730193782546237
1166,0,1,1,0,0,2,0,1,1,2,0,0,1,0,0,0,1,1,1,0,0.29617797538685575,1.3337339078079693,1.4364828719295026
1167,2,1,1,0,1,2,0,2,1,0,0,0,1,1,1,0,1,0,0,0,1.3637262451105636,-0.8594543274880242,0.1200806128387866
1168,0,1,0,0,0,0,0,1,1,1,0,0,0,1,0,0,2,2,0,0,-0.5371455547326826,-0.1968903086187863,0.5407161492418051
1169,1,0,1,1,0,1,0,1,0,0,0,1,0,1,0,0,2,2,1,0,0.23170248862943985,0.41064775763584865,-0.555177634854835
1170,0,1,1,0,0,0,0,2,1,0,2,0,0,1,0,0,1,0,1,2,0.8758104405469865,-0.9012563199293762,-0.5096237772812722
1171,0,1,2,0,0,0,0,0,0,1,0,0,0,0,1,1,1,0,1,1,-0.9881693234960575,-0.035071566159698225,0.9480643774540836
1172,0,0,1,0,0,1,0,0,0,0,1,0,0,0,2,1,0,0,0,2,-1.2473548701202228,-0.22462031050839454,-0.2672382660159774
1173,0,0,0,1,0,1,0,2,1,0,0,0,1,0,1,1,0,0,0,2,-0.30120551066309637,0.029962293043887187,0.4849638890783975
1174,0,1,0,0,0,2,0,1,0,0,2,0,0,0,0,0,1,2,2,2,0.5420136041290492,0.8294259306119055,1.943507451663107
1175,0,1,0,0,0,1,0,2,2,0,0,0,0,2,2,0,2,1,0,1,-0.704573448615408,1.111548818756974,-0.09306687796903208
1176,1,1,1,0,0,1,0,1,0,2,0,0,0,1,0,0,0,1,0,1,1.2295355784466744,-1.0095268631648036,1.250079675468004
1177,0,1,1,0,0,1,0,2,2,0,0,2,0,0,0,1,2,1,0,1,1.1571748206976544,-0.22978934242760685,0.576814292648256
1178,1,0,1,0,0,1,0,1,1,1,0,1,0,2,1,1,2,0,2,1,0.41629166670012085,-0.2619614479531762,1.0041045654800327
1179,0,0,0,2,0,0,0,0,0,0,0,0,1,2,0,0,2,0,0,2,-0.8151737038527445,-1.219768159555677,0.30976014267541907
1180,1,0,1,0,0,0,0,2,1,0,1,0,0,0,1,0,1,0,0,2,-0.7233521264915859,0.7216848646154138,-0.8867161025409847
1181,1,2,2,0,0,0,0,2,0,1,0,1,0,1,2,0,1,1,2,0,0.41806403911935175,2.0688823451157514,1.015514208583011
1182,1,1,2,0,1,1,0,1,1,0,1,0,1,0,0,1,2,1,1,0,-0.4291437154582268,0.7545236941001903,-0.8854488012845365
1183,0,1,2,0,1,1,0,1,1,1,0,0,1,1,0,0,1,0,0,1,-0.10218571442856066,-0.29536444897628306,0.8284916626581104
1184,0,2,0,0,0,1,1,1,2,0,0,0,0,0,0,1,2,1,0,0,0.6627409451741312,-0.8934822860700213,-0.11752011849313365
1185,0,0,1,0,2,1,0,0,1,1,0,1,0,0,0,1,0,1,2,1,-0.6852480454104386,-1.9768749103377552,-0.4941522846412519
1186,2,0,1,1,0,2,0,2,1,0,0,0,0,1,1,0,1,2,1,1,0.6179135911474432,0.23464264391537104,-0.2383989526291942
1187,1,1,1,0,0,0,0,1,2,1,0,1,0,1,0,0,1,2,1,0,0.1778459262796697,-0.125963909121905,-0.8098367825464257
1188,0,0,0,0,1,1,0,1,1,1,1,0,0,1,0,1,2,1,0,1,0.10742581105680984,-0.6475618812307891,-0.35095300587216777
1189,0,0,0,0,0,1,0,2,1,0,0,0,1,0,0,0,1,0,0,0,-0.3494056111295141,-0.5545123405945591,-1.0851422359825125
1190,0,0,2,0,1,0,0,2,1,1,0,0,1,2,1,0,1,0,0,0,-0.8287160316079548,1.404868849166477,0.9925682921769987
1191,0,1,1,0,0,2,0,2,0,0,0,0,1,0,0,1,2,2,0,1,-0.7981022501363357,-0.47909306836366067,1.1072557995021937
1192,0,1,0,0,0,2,0,2,2,1,1,1,0,1,1,0,1,1,1,0,-0.6154722866185266,1.1493051878471943,2.573476875903248
1193,0,2,0,0,0,1,1,1,2,1,0,0,1,1,1,0,2,1,0,1,1.191890225827614,-0.3043127970224787,-0.23877872992062765
1194,1,1,1,0,0,0,0,1,0,0,0,1,1,1,1,0,0,0,1,2,0.10829773454746403,0.3848829970371406,0.3100102530492155
1195,2,1,1,0,1,1,0,1,1,0,0,0,0,0,0,1,1,1,1,2,0.4385041024952293,2.173379911809335,0.2599373833468849
1196,1,2,1,1,1,1,1,0,0,0,1,0,1,1,0,0,2,1,0,1,-0.828966696662616,0.9544632131472665,-1.0113904481104086
1197,1,1,2,0,0,0,0,1,0,1,0,0,1,0,2,1,0,0,1,0,0.6187048506018326,-0.2857354939449114,1.553177712581219
1198,1,1,1,1,0,1,1,0,0,0,0,0,1,1,0,1,1,0,1,1,-1.030165179201659,-0.07143971298642326,0.6584372417454386
1199,0,0,1,1,0,1,0,1,1,0,1,1,1,0,0,1,0,1,1,1,-0.8050351761748145,-1.5120420169261355,1.1133876766253958
1200,2,0,1,1,1,1,0,2,2,0,0,0,0,0,0,0,0,1,1,1,-0.2938411059989882,-2.769648660342622,-0.8780320904881026
1201,1,0,1,0,0,1,0,2,0,0,0,0,1,0,1,0,0,2,0,2,-0.8129052852397958,0.509428406150407,-0.3942210929408595
1202,0,0,0,0,0,1,0,0,1,1,1,2,0,1,1,1,2,0,0,1,1.2786769306583672,-0.16657242462764005,-0.0571499113977032
1203,0,0,0,1,0,0,0,1,0,0,1,1,0,0,1,1,0,0,0,0,-0.23992343769117297,-0.24785374194523832,0.9295372629278844
1204,1,2,1,0,0,2,0,2,1,0,0,1,1,0,0,0,1,0,1,1,1.463696802985161,1.4631668633442787,-0.04256792331253911
1205,1,0,1,0,0,0,0,1,2,2,1,1,0,1,0,1,1,1,1,1,0.6871012935219211,1.9141046501930505,1.6355541517455479
1206,1,2,1,0,0,1,1,0,1,1,1,1,0,0,0,1,0,0,1,0,-0.5950579803714148,-0.774339091688814,-2.413611366573065
1207,2,1,0,0,0,1,0,2,1,0,0,0,0,0,1,0,0,0,1,1,-1.779455530841367,1.9384994707974972,0.6222446406034742
1208,0,1,1,0,1,1,0,2,0,1,0,0,0,0,1,1,2,1,0,1,-1.2718697704661845,-0.08516148410530094,-1.0166910011874175
1209,1,2,1,0,0,1,0,1,1,1,0,0,0,0,1,0,1,1,1,1,1.4716189089165197,1.1755472470576964,0.35965166575640073
1210,2,2,2,1,0,0,0,1,0,0,0,0,1,0,0,1,2,1,0,1,-0.7160120082042843,-1.4689409023365152,0.14482348820992208
1211,2,1,0,0,1,0,0,0,2,1,0,0,1,0,1,1,0,2,0,1,-1.4407725111632719,-1.427681836399092,-0.006269156063645864
1212,1,2,1,0,0,1,0,1,2,1,0,0,0,0,0,2,1,0,1,1,1.8083539887192868,1.7059267512643908,0.5703269556117947
1213,0,1,1,1,0,1,0,1,1,1,0,0,0,1,0,0,1,1,0,0,1.9450237343497103,0.9193387467713037,2.0596199309807037
1214,0,1,1,0,1,0,0,0,1,0,0,0,0,0,0,0,0,0,1,2,-0.788276894926779,0.2587495789503609,-1.124993668873703
1215,0,1,2,0,0,1,0,1,0,0,0,0,0,1,1,1,1,0,0,1,1.7374135913141522,-0.9814010979694293,1.0054405909723267
1216,1,2,0,0,0,0,0,1,2,0,2,0,0,1,1,0,1,0,1,0,-0.9235698075743465,0.9228688565864626,-1.8735570191526374
1217,1,2,0,0,0,0,0,1,1,0,0,0,1,0,2,1,2,1,0,2,1.2770783592466224,0.09208670432888325,0.6512255759714013
1218,0,2,1,1,1,0,0,0,1,1,0,1,1,1,1,1,1,2,1,1,0.4732875274399378,0.6503162571097549,2.049051723594306
1219,1,1,1,1,0,1,0,0,0,1,0,1,2,1,1,0,2,1,0,2,0.2848507822822061,0.1984692515077401,0.24824805907090347
1220,1,2,1,1,0,0,0,0,0,0,1,1,1,1,0,0,1,1,2,1,-1.4036592440818103,-2.0776723643438952,-3.0644011164230007
1221,2,2,1,0,0,1,1,1,1,1,0,0,0,0,1,1,2,0,0,0,-2.7032897323951057,-2.0424235797616452,-3.2689731850526416
1222,2,1,2,0,0,0,0,2,1,2,0,0,1,0,0,2,1,0,0,1,0.550817268907947,-0.2952789673121531,-1.03505011287886
1223,2,2,1,1,0,0,0,0,0,0,0,0,0,0,0,1,1,1,1,1,0.9168779839176858,-0.5484336775383031,0.16644731109774352
1224,0,1,1,0,0,0,0,1,0,0,0,0,1,0,2,0,2,0,0,2,-0.8891943711453275,0.45757370120214624,-1.3557645671958583
1225,2,1,1,0,0,1,0,0,1,0,0,0,1,0,1,0,2,0,0,0,-2.0740270513151198,-0.38076143655313743,-1.3062500422938133
1226,0,1,1,0,0,1,0,0,1,0,0,1,0,0,2,1,0,2,1,0,1.7910050495208407,1.84404356018795,2.0895575987240793
1227,1,1,2,1,0,2,0,2,1,0,0,0,0,1,0,1,0,0,0,0,0.495504617089866,0.1365235061242091,-0.7903310178761876
1228,0,0,1,1,1,1,0,0,0,1,0,0,0,0,0,0,1,0,1,1,-0.5032319702030543,-0.5576450050540089,1.3238074742376411
1229,0,0,1,1,2,0,0,1,1,0,0,0,0,1,0,1,0,0,1,0,1.9581547530119214,1.341501548704095,1.5564099344080258
1230,0,2,2,1,0,1,0,0,1,0,0,0,0,2,0,1,1,2,1,1,-1.1502771522413366,1.5668641073087621,-0.060623640536130036
1231,2,1,1,1,0,1,0,0,0,1,1,1,0,0,1,2,2,1,0,1,1.293822797718425,0.9118852747139724,0.9001206386264083
1232,2,1,0,1,0,1,0,1,1,0,0,1,0,1,1,1,1,1,0,1,0.32725377473873957,0.5655920490292774,0.8523711396729126
1233,0,1,1,1,0,2,0,0,2,0,0,0,0,0,0,0,2,0,0,0,-2.729555716794566,-0.47400271577288294,-2.3779579452756145
1234,1,0,1,0,1,1,0,2,0,0,1,0,2,2,0,2,2,0,1,1,-1.4711155143626953,0.05358282758769817,0.5390050584918838
1235,0,1,0,1,1,0,1,2,1,0,0,0,0,0,0,1,0,2,0,0,-0.7421021677421555,2.2182008927621446,-0.2617383896902609
1236,0,1,1,0,1,0,0,1,1,0,0,0,1,1,0,0,0,1,1,1,-1.417795554512158,-0.2949220255760029,-2.375086806317899
1237,2,1,1,1,1,0,0,1,1,0,0,0,0,0,0,0,0,0,0,1,-1.1508714804366071,-1.71455192841842,-2.564005405600767
1238,1,2,1,0,0,2,0,1,0,1,1,0,0,0,0,0,1,1,1,0,-0.4802538797315461,0.10712448991593046,0.19385454416654666
1239,1,1,0,0,0,1,0,1,0,0,1,0,0,2,0,0,2,0,0,0,-1.164165017097249,-1.7658601282767608,-0.09318658883754116
1240,0,1,2,0,1,0,0,1,2,1,0,0,0,1,0,0,1,1,2,1,-0.4176856332321934,0.434341051266594,0.3476299027304864
1241,1,2,1,1,0,1,0,0,1,1,0,0,1,0,0,1,1,1,2,0,0.019343979719124653,-0.4355484226420361,-0.938910428147817
1242,0,2,0,0,0,0,0,0,1,1,0,1,0,0,0,0,0,1,0,2,2.0202716763790485,0.5764630730833563,0.44070724775252346
1243,0,1,2,0,1,2,0,1,1,0,1,1,0,1,2,0,0,1,0,1,0.6625943274664318,0.3058637628705151,-0.4622928821295351
1244,1,2,0,0,0,1,0,2,1,1,0,0,0,1,0,1,1,2,1,1,-1.5769712356198629,1.6059790710333592,-1.8639849221914935
1245,0,1,1,0,0,0,0,0,1,1,1,0,1,1,0,0,0,2,0,0,0.04822558107349474,1.157198330076,-1.4760001728531238
1246,1,0,2,0,0,0,0,1,1,0,0,0,0,0,0,0,1,2,0,1,1.1627173640702506,1.6473811130788554,-0.8163893760048555
1247,0,0,0,0,0,1,0,2,2,0,1,0,0,1,0,2,1,0,1,1,1.7465897463142268,0.9137529535456483,1.463333966193003
1248,1,1,2,0,1,1,0,1,2,0,1,0,0,2,0,1,1,0,0,2,1.1299567830488646,1.5022137366767232,0.889550804712494
1249,2,1,0,1,0,1,0,0,1,0,1,0,0,1,1,0,1,2,0,1,-0.7525369285423898,-0.5585106750031914,-1.3565818575300228
1250,0,2,2,1,0,1,0,1,2,1,0,0,0,0,1,1,0,1,0,1,0.7219979489806216,0.7101882355640086,1.1904176969378044
1251,1,2,2,0,0,1,0,1,2,0,0,0,0,2,0,0,2,2,0,1,0.4567253290665463,1.1985238617521186,1.8790005041554596
1252,1,1,1,0,1,0,0,1,1,2,1,1,0,1,0,0,2,1,1,1,2.0536763647381986,0.2745401087852338,-0.056986705849803254
1253,1,1,0,1,0,0,0,2,0,0,0,0,0,1,0,0,1,1,1,1,-0.546971536357092,0.36238254461770447,-1.2749361006305775
1254,1,2,1,0,1,0,0,1,0,1,0,0,0,0,0,1,0,1,1,1,0.9182202143640693,0.276181940080772,-0.3115215301592841
1255,1,0,2,0,1,2,0,1,0,1,0,0,1,1,0,0,0,1,0,0,-1.7417138737218425,-0.6742022837349839,-1.87309812766729
1256,0,1,1,1,2,0,0,1,0,0,1,0,1,0,0,0,1,1,1,1,-0.7481272606991035,0.6227772227938826,-0.11148837399392851
1257,1,1,1,0,2,1,0,1,0,1,0,2,1,0,0,1,1,0,1,0,-0.5217019087727421,-0.7626164279971961,-2.4372275797782073
1258,1,1,2,1,1,2,0,0,0,0,1,1,1,0,2,1,0,0,1,1,-1.4975171374008172,-1.0518721458926203,-1.3608792880850977
1259,0,1,1,0,0,2,0,0,1,2,0,0,0,0,2,0,2,2,0,2,1.2922569056877922,0.5946213873338696,0.8704836951045429
1260,1,1,0,1,1,1,0,0,0,0,0,0,0,0,1,0,0,0,0,2,0.4534597292865206,0.44637712933002693,-1.588228093879505
1261,1,1,1,0,0,0,0,2,2,1,0,1,0,0,2,1,2,1,0,1,-0.06553350348715699,-0.44590018477912935,0.12691612550240694
1262,0,0,1,1,1,2,0,1,1,0,0,0,0,0,1,0,0,0,1,0,-0.8443952402229769,0.031801540061030475,-1.1937435653927835
1263,1,1,0,0,1,2,0,2,1,1,0,0,0,0,0,1,1,1,1,2,0.2113988871472416,0.1698131094464559,-1.1718812099444877
1264,1,0,2,0,0,0,0,1,0,1,1,1,1,0,1,0,1,1,0,1,-1.1930865731729092,-1.5740104028869732,-2.6871431815727735
1265,1,1,1,0,1,2,0,2,2,0,2,0,0,2,0,0,1,1,2,2,1.3996423682207007,2.0931514660298745,3.313939910379651
1266,1,1,1,0,0,1,0,0,0,0,0,0,0,0,2,0,0,1,0,1,1.1421209555162422,-0.16727095297888833,0.17400234176234652
1267,0,0,0,1,0,1,0,2,0,0,1,1,1,0,1,1,2,2,1,0,-0.0800252323994718,0.011571105191277613,0.24558768601610625
1268,2,0,1,0,0,2,1,0,1,0,0,0,1,0,0,1,0,2,1,1,-0.19622535495138954,0.8533882172117453,0.8981595639599083
1269,0,1,1,0,1,2,0,2,0,0,0,0,0,0,0,0,0,0,1,2,-1.4170364649680494,-0.7791187561114119,-0.9468232199026752
1270,1,1,1,1,1,0,0,0,1,0,0,0,0,0,0,1,1,0,1,1,-0.7504779345812608,1.0705265450942616,-1.7246434497095837
1271,0,0,0,0,0,2,0,0,2,0,0,0,1,0,0,0,2,1,1,0,0.8146452820404999,0.4830150120755491,-0.5449703120117866
1272,2,2,1,1,1,1,0,1,0,0,0,0,0,0,0,0,2,0,2,2,1.3733493728328625,1.0486199733996533,0.5006231973488096
1273,0,1,1,0,0,1,0,1,1,1,1,1,1,0,1,0,1,0,0,1,0.7981101492318944,-0.16512514523715904,0.4321888284033517
1274,1,2,1,1,0,1,0,2,0,0,0,0,2,1,1,2,2,0,0,2,-0.40095296472876873,1.7596801717539796,-0.614240616324213
1275,2,1,2,0,0,2,0,0,2,0,1,1,0,0,1,0,2,2,0,2,-0.09981783710738126,-1.2897586813821766,-1.3826196422555916
1276,0,1,0,1,0,1,0,1,2,0,0,0,0,0,1,0,1,0,2,2,-0.8904427779979968,-0.6344468140620101,-0.7742691178204738
1277,0,0,0,0,2,2,0,0,2,0,0,0,0,0,1,0,1,0,0,0,-0.21059565523852225,-1.1587322673183547,0.3751525205974129
1278,0,0,1,0,1,2,1,1,1,0,0,1,0,0,1,1,0,0,0,0,-0.961109353564895,0.5919998966618554,-0.4437739495565489
1279,2,2,0,0,1,1,1,2,0,2,0,0,1,1,0,2,1,1,0,2,-0.5790073889298678,0.7837902029753829,-0.044220401402502094
1280,1,1,1,0,1,0,0,0,1,1,0,0,0,1,0,0,1,0,0,1,0.1031168811327776,-0.01007546872078785,-0.05080863297725107
1281,1,0,0,1,1,1,1,1,0,2,0,1,1,0,0,1,1,0,1,2,0.5202068047091416,0.5081059729935907,-0.8465694018069817
1282,1,1,1,0,0,2,0,1,0,1,1,0,1,2,1,0,1,0,0,1,-1.0095981303641874,-0.09093737813728356,0.4856247327307889
1283,0,1,0,1,0,1,0,2,0,0,1,1,0,0,0,0,1,0,1,1,1.2480774740030303,0.2492716004549242,2.0131085381930895
1284,1,0,1,1,0,0,0,0,2,1,0,0,0,2,2,1,0,1,1,1,-0.3526927119316438,-1.453503172249251,0.23905285702539658
1285,0,1,2,0,0,2,0,2,0,0,0,0,0,1,2,0,2,1,1,1,-0.44825120231463744,1.0222795877772002,-0.4674677959107615
1286,1,2,1,0,0,0,0,2,1,0,0,0,1,1,0,2,0,1,0,2,0.47027398273667986,0.4947073853771448,-0.8016095278049573
1287,0,1,1,0,1,1,0,2,0,0,0,0,1,1,2,0,1,2,1,1,-0.24878009939661988,0.2188433644842157,0.7767156719939328
1288,1,0,1,0,0,2,0,2,1,0,0,0,0,1,0,0,2,0,1,2,-1.5456028584164259,-0.7304641766787673,-1.0190512353061032
1289,0,2,1,0,1,1,0,0,0,0,1,0,0,1,0,0,1,1,0,0,-1.791799259704218,-1.4504482961153253,-0.015067537835354639
1290,1,1,1,0,0,2,0,0,0,0,0,1,0,1,2,1,2,1,0,1,-0.4835126518530824,0.5017888177686962,1.0398036926309377
1291,1,0,2,1,0,0,0,2,1,0,2,0,1,1,1,0,0,2,1,1,0.18154087084700293,0.4438867921076034,0.7055971687522506
1292,0,1,2,0,1,1,0,0,1,1,1,2,0,1,0,0,1,0,0,1,-0.11078583156595093,1.6196342066157061,0.11890692098904426
1293,0,0,1,0,0,1,0,1,0,0,1,0,2,1,0,0,2,2,2,1,0.6304131620527479,-0.5356100881551049,1.4567695132682312
1294,1,1,0,0,1,1,0,1,1,0,0,2,0,1,0,1,1,1,1,2,-0.473461619095841,0.7758657589913113,0.8300068418783297
1295,2,0,0,0,1,0,0,0,1,2,0,0,0,1,1,0,1,1,0,1,-0.3437666234874415,0.040465748727746054,0.2725060572131144
1296,0,0,1,1,0,1,0,1,1,0,0,1,0,0,0,1,2,2,1,0,-0.4685305275460262,-0.21195856396426252,0.5338630852323101
1297,2,2,0,0,0,1,0,0,0,1,0,1,0,2,0,1,2,0,0,2,-1.6967588184311495,-0.6387437950710861,-0.9034440571651988
1298,2,2,1,1,1,1,0,1,0,0,1,0,1,0,1,0,2,1,0,1,-2.5042135124274414,-0.2733889063656045,0.09323003323766743
1299,1,1,0,1,1,1,0,1,1,0,0,1,0,0,0,1,1,2,0,1,1.2445519978993456,-1.9726855867601405,0.24002077397287347
1300,2,1,1,0,0,0,0,2,1,1,0,1,0,0,1,1,1,0,0,1,0.3457108063510234,-0.38164145420132206,0.4225838633013709
1301,0,0,2,1,1,1,0,1,0,1,1,1,0,1,2,1,1,0,2,0,-0.0409717025037397,0.39187037742823294,-0.2671970950990906
1302,0,1,0,0,0,1,0,0,2,1,1,0,0,0,0,0,1,1,1,2,0.7801775248473661,-0.609910074848676,0.19708236834640952
1303,1,1,2,0,0,1,0,0,0,1,0,1,1,2,0,0,2,1,2,1,0.9093874492968592,-0.6022238741800301,0.4569076615518476
1304,1,1,0,0,1,1,0,1,1,1,1,0,0,1,1,1,1,2,0,0,-0.1386993628237219,1.090881248917357,2.180387329528273
1305,2,0,0,1,0,2,0,1,1,0,0,0,0,0,1,0,1,0,0,1,0.2580828313665872,0.6615640279730779,0.14615931887116282
1306,0,0,1,0,0,0,1,2,0,1,0,0,0,0,2,1,1,2,0,1,-1.745262337573764,0.3191565354359681,-2.730269620402422
1307,0,2,0,0,0,0,0,0,2,0,0,0,1,0,0,2,1,2,0,1,-0.12997437829751834,1.8330059050672718,-0.5279772666868819
1308,0,1,0,0,0,1,0,0,1,1,0,0,1,1,2,1,1,1,2,0,-0.249606324636487,0.5087789864076655,-1.3025248652688248
1309,2,1,1,0,0,0,0,0,0,1,1,0,0,1,0,0,2,1,1,0,-0.2456734987307806,-0.38272976064085773,-0.942552059721997
1310,0,1,1,1,1,1,0,1,1,0,0,1,0,1,1,1,0,1,0,1,-0.2663977248094146,0.3996797048885997,1.3595094775747503
1311,1,1,1,1,0,0,0,1,1,0,0,0,0,1,1,1,0,1,1,0,-0.040853885588669925,1.4277684563257758,1.336472342718391
1312,2,1,1,0,0,1,0,0,0,1,0,1,1,0,1,0,1,2,1,2,-0.9496139719192863,-1.0850490919516649,-0.6881935423901879
1313,0,2,2,1,1,2,0,2,1,0,0,0,1,0,0,1,1,2,0,1,-0.28633786276177703,1.270755961311018,-1.2368898430590036
1314,0,2,1,1,0,1,0,1,2,0,0,0,0,0,1,1,1,0,1,2,-2.2455738596127333,0.15332292610128562,0.3849413413625383
1315,1,1,0,1,0,0,0,0,2,0,0,1,0,0,1,2,1,1,0,1,-0.6111067423566767,1.2266073293184114,-0.5048525424113858
1316,0,1,0,1,1,1,0,2,1,0,0,0,0,0,0,1,1,0,0,0,-0.6535877192338788,-0.9948769677748568,0.6210914995459411
1317,1,1,0,0,0,2,0,2,1,2,0,0,0,0,1,1,0,2,0,0,0.11365816814874015,-0.7001562214329387,-0.9365407905268003
1318,0,1,1,0,0,1,0,1,1,0,1,0,0,1,1,1,1,1,0,1,-1.7839330978705716,-1.3125244219554357,-2.0571027828616764
1319,0,1,0,0,0,0,0,0,1,0,0,0,0,0,1,1,0,0,0,2,0.017359801109674767,0.4638293543138735,-0.4456404516910778
1320,1,0,1,1,0,0,0,0,0,1,0,1,0,0,0,1,2,2,1,0,-0.20327684706810323,-0.17066807805372422,-0.6516824023410258
1321,0,1,1,1,1,1,0,1,2,0,0,2,1,1,0,0,2,0,1,1,0.21886530175140984,0.25953536350170936,-2.6954322736486485
1322,0,0,1,1,0,1,0,0,1,1,0,1,2,0,0,1,1,0,0,1,0.5840669449321579,0.13899994475753752,-0.8531542843121891
1323,2,0,2,1,0,1,0,2,0,0,0,1,1,0,1,1,0,1,0,1,-0.08818783939243094,-0.4848845599593222,-1.2936625074843215
1324,0,0,0,0,0,2,1,1,1,0,0,0,0,0,1,1,0,0,0,2,-0.6216197698548311,1.3569995637288645,0.006862854583505745
1325,0,1,2,0,0,1,0,1,2,0,0,0,1,1,2,1,1,1,1,1,0.7490412058096676,0.005699619714436471,-1.6715651009727044
1326,1,0,1,0,0,1,1,2,1,0,1,0,0,1,1,1,1,1,0,1,-0.11226533311653335,1.793809936078436,-0.5638878394674227
1327,2,1,1,1,0,1,0,1,1,0,0,0,1,1,1,1,2,0,1,1,-0.5573978529032017,-0.7971213650823913,1.3973575357865176
1328,2,0,0,0,0,1,0,2,1,0,0,0,1,0,1,1,2,1,0,0,0.30325118815752006,-0.41860577736296395,1.1997246610274277
1329,1,1,1,0,1,0,1,1,0,1,0,0,0,0,1,1,0,0,0,1,1.3461794171553605,-0.32772984296175595,-0.8068564419726736
1330,1,2,1,0,1,0,0,1,1,0,0,0,0,1,1,1,1,1,1,1,0.6715754277974338,0.9293653216227712,-1.6852796455245511
1331,0,1,2,0,0,0,0,0,1,0,0,1,1,1,1,1,1,2,0,1,0.7417117831108399,1.4802072787148848,2.503709175266002
1332,1,1,0,1,0,1,0,1,1,1,0,0,1,0,2,1,2,0,1,2,1.9156381315416262,1.573630145940871,0.6299254380475372
1333,0,1,2,1,2,2,0,1,1,1,1,1,2,0,1,1,1,0,1,2,1.192056498360988,-0.33442800563011293,0.0721993124577785
1334,0,1,1,0,0,1,0,1,1,1,0,0,1,1,1,1,2,0,1,2,-0.7589588359689972,-2.121086123473942,-0.5871737598287083
1335,0,0,1,0,0,0,0,0,2,0,1,0,1,0,0,0,2,1,0,1,0.7348348389575837,-1.0812897964002324,1.98786553253918
1336,0,1,1,1,1,1,1,0,0,0,1,0,1,0,0,1,0,0,1,2,0.38829612621513676,0.03241482406036367,-0.30405115211432615
1337,1,1,2,0,0,0,0,1,1,0,1,0,1,1,0,1,2,0,0,1,-1.1901187913429148,0.13183785296094785,-1.6569883011367543
1338,1,1,1,0,1,2,0,1,2,1,0,1,0,0,1,0,0,0,0,2,1.3596585547997861,1.0022763725717985,1.9524897755655495
1339,0,0,0,0,1,0,0,1,0,1,0,1,0,0,0,0,2,2,1,2,-1.340792659059596,-0.6287955918380548,-0.6520435745134627
1340,0,2,1,0,1,1,0,1,2,0,0,0,0,0,0,0,1,0,0,1,0.7523125925290074,0.7938847621323258,0.4094741826418569
1341,2,1,2,0,0,1,0,1,0,0,0,0,0,0,1,0,2,0,1,0,0.1555514043662924,0.9703914411892387,1.7690800890459015
1342,1,1,2,0,0,0,0,0,1,2,0,1,0,0,1,1,2,2,0,2,0.1836819381488992,1.252065855664524,0.8325713627161235
1343,0,2,1,1,0,0,1,0,1,1,0,1,0,1,2,0,2,2,0,0,0.7910516472473096,-1.593859317508925,0.8729515425539042
1344,1,1,0,0,0,0,0,1,0,0,0,0,0,1,0,1,0,1,0,1,0.33234432484384707,-0.6845715775132044,-0.8741406975999789
1345,1,1,1,1,1,2,0,2,2,0,1,1,0,0,0,1,0,1,0,2,-0.21457589110637926,-0.22333562597126608,-0.3562232700434756
1346,0,1,0,0,0,2,1,1,1,2,1,0,0,0,1,1,0,1,0,2,-2.2943355756799155,-0.018976016693739717,-0.23305701416736913
1347,0,0,1,0,1,2,0,2,1,2,1,0,0,0,1,2,2,0,2,2,1.0131540183856453,0.7688611528006875,0.6827762289857306
1348,0,0,0,1,1,0,1,1,1,1,0,1,0,1,0,0,0,1,1,1,-0.6814811437015369,-0.07009453859774156,-0.48819438366053397
1349,1,2,0,0,0,2,0,1,0,0,1,0,0,1,0,1,1,0,1,0,-2.1862179397430648,0.5001553816199147,-1.4341971185989222
1350,1,1,1,0,1,2,0,1,1,0,1,2,0,2,0,1,0,1,0,2,-0.45084243489071524,0.2997010387594581,-0.5217079142830038
1351,0,1,0,0,0,2,1,1,1,1,0,0,0,1,0,0,0,1,1,2,1.0899390977293908,0.7959627445766349,-0.15382082305841016
1352,0,2,0,0,0,0,0,2,0,0,0,0,1,0,0,0,2,1,1,0,1.2739041310063994,-0.1321332119940778,-0.8605681099120777
1353,0,0,1,0,0,0,0,1,1,1,0,0,0,0,1,1,1,0,1,1,0.2007652420772878,-0.14215273515566504,-0.5232272917788156
1354,1,0,1,0,1,0,0,0,1,0,0,0,0,0,1,0,1,0,1,0,-0.2788997910922542,-0.2306084424226523,0.45992355795511386
1355,0,1,0,0,0,0,0,1,0,0,1,1,0,1,1,1,2,0,0,2,0.8503308670651308,-0.6144219248317401,1.4025463540480023
1356,1,0,1,0,0,1,0,0,2,0,0,0,0,2,0,0,1,1,0,0,0.950925699185598,0.23755935737973155,0.9654697782774085
1357,0,1,0,0,0,1,0,0,0,0,0,0,1,0,0,1,1,0,0,0,-1.8673202361628947,-0.5152228186401304,-1.0335804086154503
1358,2,2,1,0,1,1,0,1,1,0,1,1,1,0,0,0,2,1,1,0,0.3473474799864011,-0.35615951092068154,0.6071049854811773
1359,2,1,1,1,0,2,0,1,0,0,0,1,0,2,1,1,1,1,1,0,1.625648733137329,-0.3131811071048941,0.40641709565103346
1360,1,1,1,0,0,2,1,0,0,2,0,0,0,0,0,0,0,0,0,1,-1.6047371806088455,1.6353115129589566,-0.19500492504029973
1361,1,2,1,0,0,1,1,0,1,0,0,1,1,1,0,0,0,1,0,1,1.63939591507143,0.06657721163798624,2.622067182216068
1362,0,0,0,0,1,1,0,2,1,1,0,0,1,2,1,0,2,1,0,1,0.8279333088779551,-0.29166503188999415,0.9975825457140584
1363,1,1,1,0,1,1,0,0,0,1,1,0,1,0,1,1,1,1,1,0,-0.3870388611994492,-0.8073611958715218,0.597467997424036
1364,2,1,0,0,0,0,0,1,0,1,1,0,0,0,0,1,1,0,1,1,0.43409916079810645,0.9648672176458168,1.19108472653823
1365,0,1,1,1,0,1,0,0,0,0,0,0,0,0,1,1,1,0,0,1,-2.355227198836527,-1.1059824828902522,-0.7160296046090988
1366,1,2,1,0,1,2,0,1,0,1,0,0,1,1,0,0,1,2,2,2,-0.2450081706378941,0.7203858318410667,-0.28414637475330196
1367,1,2,2,0,2,2,1,2,1,2,0,1,0,1,1,2,2,0,1,0,0.4933353299284744,0.009884131280094022,0.9846726419052052
1368,1,1,0,0,1,1,0,2,0,1,0,0,0,1,0,2,1,0,0,2,1.3491149215848346,2.3663400256256657,2.471864645273889
1369,1,0,0,0,0,0,0,0,0,0,1,0,0,0,1,0,2,0,1,0,1.280751912187461,-0.6952281193103433,-0.6417416899835096
1370,1,1,1,0,0,1,0,0,0,0,0,0,1,0,0,0,1,1,0,0,-0.7481211832869478,0.6852672495743535,0.3940471192864674
1371,1,1,0,1,1,2,0,1,1,1,0,0,0,1,1,0,0,1,1,1,0.6625412974306435,0.7056939758137224,1.1727050913570016
1372,0,1,1,0,0,1,0,0,2,1,1,0,0,0,0,0,1,1,1,2,0.33233859886055106,-0.44983824907717196,-2.56329789958032
1373,0,0,1,0,0,0,0,2,1,0,0,0,1,0,2,1,1,0,0,2,-0.7015727815161272,-0.03051850355110125,-1.01638146115984
1374,1,0,1,1,0,1,0,1,0,1,0,0,0,1,1,2,1,0,1,1,1.5369243992536517,1.6135573856887664,2.8748875485741516
1375,1,0,0,1,0,1,0,0,1,2,0,0,0,1,1,0,1,1,1,0,1.3471039056717216,1.324190314944707,1.4429852373514926
1376,0,1,0,0,0,0,0,2,0,0,0,0,0,0,0,1,1,2,1,1,0.8954502493443022,0.8614892699622226,0.9910163000942428
1377,0,1,1,0,1,2,0,1,0,0,0,0,0,2,1,1,1,2,0,1,1.1130576507983876,1.5041779367689703,1.8559793378487595
1378,2,1,0,2,1,0,0,0,0,0,1,0,0,2,0,1,1,1,0,1,0.13371500912012782,-0.00901577632392972,0.0653989707094549
1379,0,0,1,0,0,1,0,0,0,2,0,0,0,0,2,1,0,0,0,0,1.8248801730356814,0.28534533401556844,-0.4694257943928444
1380,2,2,2,0,1,0,0,2,1,1,0,0,1,1,0,1,0,0,1,0,-0.30806405652880314,1.859225649112779,-1.9577502397152018
1381,2,2,1,1,1,1,0,1,0,2,0,0,0,1,2,2,1,1,1,1,0.22601744296247558,-1.4662109022529655,-0.5812086461994006
1382,1,1,2,1,0,0,0,0,1,0,1,0,0,0,1,0,2,1,1,1,0.07307161889936384,0.5478047184705135,-0.42890450100939004
1383,1,0,2,0,2,1,0,0,2,1,0,1,0,0,0,1,2,0,0,2,-0.5725070535557252,0.05116189498796847,-0.5405026025612953
1384,1,1,1,0,0,1,0,2,0,2,1,2,1,1,0,2,2,0,0,1,-0.8742528768084028,-0.028698749262110634,0.9924891299932842
1385,1,0,0,0,0,1,1,0,0,0,1,0,0,0,1,0,1,1,0,1,0.8842667390423211,-0.3259946768769677,-0.4563428679513152
1386,2,0,0,1,1,1,0,2,0,1,0,1,0,0,0,0,2,0,1,1,0.1481841716975509,0.14478522268998445,0.7168418335590497
1387,0,1,0,0,0,1,0,1,0,0,0,0,1,0,1,1,2,0,2,2,-0.1983677592790973,0.9339811912742803,0.2684157543181279
1388,0,0,0,0,1,1,0,1,2,1,0,0,1,1,0,1,1,1,0,0,-0.07243057075330517,-0.8916417697639442,0.11814393321708627
1389,0,1,0,0,0,0,0,0,1,1,0,0,0,2,1,1,0,0,2,1,1.311413437720639,-0.15365374375305035,0.7560549819511035
1390,0,1,0,0,1,1,0,2,0,0,1,0,1,0,1,0,2,2,0,1,1.909595295460063,0.6811071187870308,1.3348925380112924
1391,2,1,1,1,1,1,0,2,2,2,1,0,1,0,1,0,1,0,0,2,-1.5816398910812641,0.07503172962135063,-1.3249303971944997
1392,1,0,1,0,0,0,0,1,1,0,0,0,0,1,0,0,1,1,1,1,0.18549591199072343,-0.6994773961205043,-1.7703267278514843
1393,1,2,1,0,0,1,0,2,0,1,0,1,2,0,1,1,0,0,2,2,-0.8073185770350569,1.559987147938737,0.6606867465255886
1394,0,2,2,1,0,1,0,0,1,2,1,0,0,1,0,1,1,1,0,1,0.5497421540686138,-1.247771134060645,-0.5098264959715569
1395,1,1,1,0,0,1,0,0,2,0,1,0,0,1,0,1,1,1,1,2,-1.4432575428116425,-0.6922016252016574,-0.2783304494337646
1396,2,1,1,1,0,1,1,1,1,0,1,1,0,0,0,1,1,0,2,1,-0.012596253662003825,-0.2977433786352215,0.1874175711541452
1397,1,1,1,0,1,1,0,1,0,0,0,0,1,0,1,0,1,1,1,2,0.48449376543710937,-1.0156337567048581,1.7812929964576516
1398,2,1,0,1,0,1,1,1,1,1,0,0,0,0,0,1,0,2,0,2,-1.549152887225875,-1.6227920716534014,-1.5120439125580876
1399,1,1,0,0,1,2,0,1,0,0,1,0,1,2,0,0,1,1,1,1,0.31538310888522664,0.1822944223154225,0.47374543109095607
1400,0,1,0,0,0,1,0,0,1,1,1,2,0,0,0,0,2,1,1,1,-1.8058744416009762,0.663398947849204,-1.9325286215772421
1401,0,1,0,0,1,1,0,1,0,1,1,1,0,0,1,1,2,0,0,1,0.8714482193875517,1.4385350477651153,1.7406000389351024
1402,1,1,1,0,1,0,0,0,1,0,0,1,0,0,0,0,1,0,0,0,0.1832316866006759,0.03797096658205823,1.6199253718262354
1403,0,0,1,1,1,1,0,1,1,2,0,0,1,0,2,2,1,1,1,1,-0.17256002148542365,-1.2184244840531002,-2.3858840823646617
1404,0,1,0,0,0,1,1,1,1,0,0,0,1,1,1,0,0,2,0,1,1.3039911537264897,-0.7903973942379987,-0.877701214781831
1405,0,0,1,0,1,1,0,1,0,1,0,0,0,0,0,2,1,1,1,0,2.791436520716377,1.8108825246945506,0.7093277651081658
1406,1,1,2,0,1,1,1,1,2,0,0,0,1,1,1,0,0,2,1,1,-0.5976649543997029,1.0314955292972143,1.2803877910990662
1407,1,2,1,0,1,1,0,1,1,0,1,1,0,0,2,0,0,0,0,1,0.6996816819116854,-0.9381812420130058,0.48687798855523257
1408,0,2,0,1,0,1,0,0,1,0,0,0,0,1,1,0,1,1,1,0,0.32822370013402646,0.427843841445192,-0.07996055535462582
1409,0,0,2,1,0,2,0,2,0,0,1,0,0,1,0,0,1,1,0,1,2.0485345718322385,1.5988894947703542,1.5805303317185766
1410,1,2,1,0,0,0,0,2,1,0,2,1,1,2,2,0,1,2,1,1,-0.14553828626877421,0.5920840240413761,1.7120294767773179
1411,1,0,1,0,0,1,0,1,0,0,0,0,0,1,1,1,1,0,0,2,-1.3561430185597012,-1.9797180210895116,-2.01983392301341
1412,0,0,1,0,1,1,0,1,0,0,0,1,1,1,0,1,0,1,0,0,1.0249476181778001,-0.2066281068441692,0.20201368488864355
1413,2,1,1,1,1,1,0,1,1,0,1,0,0,0,1,2,1,1,1,1,-0.18614098596501533,-0.03737192421669727,0.9548452044581245
1414,2,1,1,1,0,1,0,0,1,0,0,0,1,0,0,0,1,1,0,2,0.6511157550463958,-0.8326762045638162,-0.5211304396783571
1415,0,0,0,0,1,2,0,1,0,0,1,1,1,0,0,0,1,1,2,1,0.20317589163383235,0.15149637281557587,0.5759150276496523
1416,0,1,0,0,0,1,0,0,1,0,0,0,0,0,0,1,0,0,0,1,0.4272802883992199,0.17050982584170254,-0.7901074200732784
1417,1,1,0,1,0,1,0,0,2,0,0,0,0,0,1,0,0,0,2,2,0.26009133465792084,-0.19931022499376402,-0.5459901902129117
1418,1,2,1,0,0,1,0,1,2,0,0,0,1,1,0,0,2,1,0,0,1.58281406708397,0.3023999032708642,-2.563360977201946
1419,1,1,0,2,0,1,0,0,0,1,1,1,0,0,0,0,2,0,0,1,0.6547808143903642,0.5383404342515012,-0.02434682416670142
1420,1,2,0,0,0,2,0,2,0,1,0,0,0,1,0,1,1,0,2,2,-0.28554362924251037,0.29640349803528593,-1.382469051393456
1421,0,1,1,1,0,1,0,1,0,0,0,1,0,1,1,1,1,1,0,1,2.007131618998811,-0.2455257785093342,0.6996864183614644
1422,1,1,2,1,1,2,0,2,1,0,1,1,0,1,0,0,1,0,1,0,0.3929751434817681,-1.004192857643931,-2.224067522333238
1423,0,2,1,0,0,0,0,1,0,1,0,0,0,1,2,2,1,1,1,1,1.8599830472202965,1.5994763499827456,0.4345849954555705
1424,0,1,1,0,0,0,0,1,0,2,0,1,0,1,1,1,2,1,1,1,-0.4363295855931728,-1.3989100193547872,-0.06288957950207241
1425,1,1,1,1,0,1,0,0,1,0,0,1,0,2,0,1,1,0,1,2,-2.0465918071695715,-0.5336467785818425,-2.3126840110108664
1426,1,2,0,0,0,0,0,1,1,1,0,0,0,0,1,0,1,1,0,2,0.5486488646284559,-0.8826446543174417,-0.40123190618245863
1427,0,0,0,0,0,1,0,1,1,0,0,0,0,0,1,2,0,0,1,1,-0.9358526500658159,-0.6939536865090585,-1.0490207461638852
1428,1,1,1,0,0,0,0,1,1,0,0,0,0,0,1,0,0,0,0,2,1.0490841415030592,0.3525080896213076,0.8619297525933551
1429,2,2,0,0,0,1,0,0,1,0,0,0,0,0,0,0,0,1,1,2,2.5825087725846685,0.7838467998476875,2.5748249413872717
1430,0,0,0,0,1,1,0,1,0,0,0,0,1,0,0,0,1,0,0,2,-1.0442137902656412,-0.6224111367925029,-1.122861862502685
1431,0,0,0,0,0,1,0,1,1,0,0,1,0,0,0,1,1,1,0,1,-0.008427697445588059,0.0765485389019529,1.0320216805368385
1432,0,2,1,0,1,0,0,1,0,1,1,2,0,0,0,0,1,2,1,1,-1.149445035691345,-1.0393268486946456,1.211170440156931
1433,0,1,0,0,1,0,0,1,2,1,0,0,1,1,1,1,2,1,1,0,0.8671255377679921,-0.35313233709368086,-0.41286860240044126
1434,1,1,0,1,1,2,0,0,0,0,0,0,0,0,2,0,1,0,0,1,1.3226934074112056,-0.14105202760107588,0.04275769758367243
1435,1,1,0,1,1,1,0,1,1,0,2,0,0,0,0,1,1,1,2,2,0.9161165130642521,-1.017707404163216,0.8736985369861934
1436,0,1,1,0,2,1,0,0,0,0,0,1,1,0,0,0,2,1,0,0,1.8859926337292043,0.19358615416930236,0.18226268991006755
1437,1,1,1,1,0,0,0,1,0,1,1,0,2,1,0,1,1,1,2,2,1.7747625189177176,0.6305866381057581,0.4573581367851316
1438,0,0,1,0,0,0,0,0,1,1,0,1,0,1,0,1,1,1,0,1,-0.05435686390070069,-0.8533016100349302,0.014512746681337285
1439,0,1,2,0,0,2,0,1,1,0,1,0,0,2,1,0,1,1,0,1,0.19678710871570726,0.9113780582634675,-1.2388237016883759
1440,1,1,2,0,0,1,0,0,0,1,0,2,1,1,1,0,0,1,0,1,-0.3204852251240767,0.6782477172372832,0.4202998508349225
1441,1,1,0,1,2,1,0,0,1,0,1,0,1,1,0,1,0,2,1,2,-0.7800040934397183,-0.2879825212540326,0.9242231367997339
1442,0,1,0,0,0,1,0,1,0,1,0,0,0,0,1,0,1,2,1,1,0.9860844151753866,0.3548417024670089,1.08282250581088
1443,1,1,0,1,0,2,0,0,1,1,0,0,0,0,0,0,0,1,1,1,1.3069950033238282,-0.12590924826582128,-0.2944193757965702
1444,0,1,1,0,0,1,0,1,1,0,0,0,0,0,1,0,1,0,1,0,2.0480516437153415,-0.9079155475408667,0.6225018065716882
1445,0,2,1,0,0,0,0,0,0,0,1,0,0,0,0,0,2,1,1,0,-0.9046670258645206,-0.17591174731303813,-1.1515993663837518
1446,1,0,1,1,0,0,0,1,0,0,0,0,1,0,1,1,1,1,0,2,0.5469979234215772,-1.939276597585443,1.6685023454628785
1447,0,2,0,0,0,2,0,2,0,1,0,1,0,1,0,0,0,2,1,0,-1.2976310728414466,-0.22745821869320676,0.04271799486171601
1448,0,1,1,0,1,2,0,0,2,1,0,1,0,1,1,0,2,0,1,1,2.0205088506549913,-0.3009283189804746,-0.6227423473924775
1449,2,0,1,0,0,1,0,1,0,0,0,0,0,1,1,1,1,1,2,2,0.02931590879438825,0.05390922581359748,0.00791901996012357
1450,2,0,1,1,1,1,0,2,0,0,0,0,1,0,2,1,1,2,0,1,-1.214180591877976,-0.7044289993582209,-0.3467039006164462
1451,1,1,0,0,1,1,0,2,2,0,0,0,0,1,0,0,1,1,1,2,0.38120924226749625,-0.2899626272076542,0.11153288707064649
1452,0,1,0,1,1,1,0,1,2,1,0,0,1,1,1,0,0,2,0,1,-1.4512601152284106,0.3810374739528859,0.15717429319547738
1453,0,2,0,0,0,2,0,1,1,0,0,1,1,1,0,0,0,2,0,0,0.42043057907622877,-0.6602434953225722,-1.9139445035649
1454,0,1,1,0,0,0,0,2,0,1,0,0,1,0,0,1,1,1,0,1,-0.20960129588325874,-1.1385299889023202,-1.042974085411692
1455,2,0,1,0,0,1,0,1,1,1,1,0,1,1,1,2,0,1,1,0,-0.2507892286585737,-0.3116453187673135,0.15036973797383124
1456,0,1,0,1,2,0,0,2,2,1,0,1,0,1,0,0,2,1,1,1,0.08089210059316759,-1.5529908745282175,-1.6711873170085685
1457,0,0,1,1,1,1,0,1,1,1,0,1,0,0,0,1,2,0,1,1,-1.5235892274791771,0.605333496727406,-2.0180570481892666
1458,1,2,1,0,0,1,0,2,2,0,0,1,1,0,0,1,2,1,1,2,1.1620011949336417,-0.1482133519305726,1.9778156256052526
1459,0,1,0,1,0,0,0,2,1,1,0,0,0,0,0,0,1,1,1,0,-1.0833779512767232,0.29490529901004514,-1.975027149474328
1460,0,0,2,0,0,0,0,1,0,0,0,1,1,2,1,0,1,1,2,1,-1.2109447260657253,0.13962077496505654,0.008292371474698246
1461,2,1,0,0,2,2,0,1,1,0,0,0,0,2,0,0,1,0,1,0,1.3750353888691742,-1.4621792169568955,0.9583170856805567
1462,0,2,1,0,0,1,0,0,1,0,1,0,0,0,0,0,1,2,0,1,2.4421161174217345,-0.7048133966633647,0.15516037779439817
1463,0,1,2,2,1,1,0,1,1,1,1,0,0,0,1,1,0,1,0,0,-0.042010777148314776,0.5832948518797191,0.4232769052034714
1464,0,2,1,0,0,1,0,1,0,1,0,0,1,0,1,2,0,1,0,2,-1.793448904949029,-0.5134652308455427,0.5603407811115817
1465,1,1,1,1,0,0,0,0,1,0,0,1,1,1,0,1,1,0,0,2,-0.06773858008018539,1.1553295074740995,-1.1339955951871465
1466,2,1,1,0,0,0,0,0,0,1,0,0,0,1,0,0,1,1,1,2,-0.3412132090238626,0.5632594018577172,0.37489230251500816
1467,1,2,1,0,0,1,0,1,1,1,0,1,0,1,2,1,1,2,1,1,-0.5377200760470836,-1.418250869321544,-1.0328448128694614
1468,1,1,1,1,0,1,0,1,2,0,0,0,0,0,0,1,2,1,1,1,-0.6661646618857291,-1.8435635128580043,-0.8342690368926229
1469,1,1,1,0,1,1,0,1,1,1,1,0,1,0,0,1,2,0,2,1,0.5486491765315095,-1.0835570684816276,-0.9295216423317341
1470,0,0,2,0,0,1,1,0,1,1,0,0,0,1,0,1,0,0,0,1,-2.20342600016621,-2.3076617481633055,-1.880310779479372
1471,2,0,0,0,0,1,0,0,1,2,0,0,0,1,0,1,1,1,0,0,-0.9972032869826488,-0.17336166600692965,0.6681430485923892
1472,0,1,0,0,0,2,0,1,0,0,1,0,0,1,1,1,1,1,0,0,-0.5618021696740417,0.11695804595497125,2.3453488664595907
1473,0,1,1,0,0,2,1,0,0,0,0,1,1,0,1,2,2,1,0,1,-0.9744667037771155,-0.8570030223996904,1.0440393567759503
1474,1,0,0,1,0,0,1,1,1,1,0,0,0,1,1,1,1,0,1,2,-1.7596591330778237,0.31180500153665186,-0.16153589969101245
1475,0,1,0,0,0,0,0,1,1,0,1,0,0,2,0,0,0,1,0,1,1.0449479554742471,-1.2460566537388045,0.9526944690774726
1476,1,1,0,0,1,1,1,1,0,1,0,0,0,0,0,1,1,2,1,1,1.0953593320157886,0.583916128650013,1.9764422930929144
1477,0,1,0,0,0,1,0,0,0,1,0,0,0,1,1,0,1,2,0,0,0.07007448061866096,0.3895978528078145,1.5657788403975634
1478,0,1,2,0,0,1,0,0,2,0,0,1,0,1,0,1,0,1,1,0,-0.8997855261108769,-2.3182700823828184,-1.306117165745697
1479,0,1,0,1,0,0,1,0,1,1,1,1,0,1,0,1,2,1,1,1,-1.2763613153744813,-0.3166742954520233,-1.784788443473234
1480,1,2,0,0,2,0,0,0,1,1,0,0,0,1,0,1,2,2,0,0,-0.6802458047758679,-0.6313669316002194,-1.7010580386613867
1481,0,0,2,1,1,1,0,0,0,0,0,0,1,0,0,0,2,2,0,1,-0.5883968752412518,0.4399771505898603,-1.14163991089815
1482,0,2,1,0,0,0,0,0,2,1,0,1,1,2,0,0,1,0,0,2,0.4567641482897699,0.6778825334941507,1.0177569104445061
1483,1,1,0,1,0,1,1,0,1,0,0,0,1,0,0,1,1,0,0,2,-0.5758226124742823,-1.729158467044114,-0.3345893135620107
1484,1,2,0,0,1,0,0,1,1,0,0,0,0,1,0,0,0,2,0,0,-0.5863244904603223,1.473180415887442,-1.069932864476061
1485,0,1,1,1,0,1,0,1,2,0,0,0,1,0,0,0,2,2,1,1,0.4406542222118463,-0.5724963374277338,1.067076255087681
1486,2,1,0,0,0,0,0,0,1,0,0,0,0,1,1,0,2,1,0,1,0.17752001521854635,-0.627347986414251,-0.14118070234356145
1487,0,1,1,0,0,2,0,0,0,0,0,2,1,0,1,0,0,1,1,0,0.5360138561804894,-1.4795022380719098,-0.7976080851473917
1488,0,2,1,0,0,2,0,0,1,1,0,0,0,0,1,0,2,0,0,2,-0.44375302345088685,0.5657228158439608,0.25598234503521583
1489,1,1,2,0,0,1,0,0,1,0,1,0,0,0,0,0,0,1,0,1,0.6547330164799259,1.2191870990572597,2.308242920104785
1490,0,1,1,0,0,2,0,1,0,1,0,2,0,1,0,1,2,1,0,2,-0.35053646360134244,1.1285485611509838,-2.246814096481486
1491,0,0,0,1,1,0,0,1,1,0,0,0,0,0,0,0,0,0,1,0,0.4918627869773049,-0.6332047804079732,-0.9150546456063433
1492,2,1,1,0,0,1,0,2,0,1,0,0,0,2,1,0,1,2,1,1,-0.606616432826289,0.6643665003035201,0.9408268771290953
1493,1,0,1,0,0,2,0,2,0,0,1,1,0,0,1,1,1,1,1,0,0.4393717233342654,0.2902053119119591,-2.013876456208619
1494,0,0,2,0,1,1,1,0,2,0,0,0,0,0,0,1,1,2,0,2,0.6879369693498999,0.8514741507072126,0.8241415053258236
1495,0,0,0,0,1,0,0,0,0,1,0,0,0,0,0,0,2,1,0,1,1.7904267791336657,0.8831203525377856,0.5527283106589691
1496,1,1,2,1,0,0,1,0,0,0,0,0,0,0,0,1,1,1,1,1,-1.7416954224772505,-0.04377542208927698,0.5561194674769067
1497,1,1,1,0,0,1,0,0,2,0,0,0,0,0,1,0,1,2,2,1,0.9051829338151572,0.3355160371864604,0.4525001026788333
1498,1,1,1,0,0,0,0,0,0,1,0,1,1,1,1,1,0,1,1,2,-0.01814674723461048,-0.2792051359562771,-1.5684578644455465
1499,1,2,0,2,0,0,0,2,1,0,1,2,0,0,0,0,1,1,1,0,0.7380901090449341,0.24571423697037656,-0.7557570477583115
1500,1,2,0,0,0,2,0,1,1,2,1,0,1,0,0,0,0,0,1,1,0.5342245017878553,1.756188307953222,1.5478745069449205
1501,1,1,2,0,1,1,0,1,1,0,0,0,0,1,1,1,2,0,0,0,-0.36889735863194123,0.2530126907123235,0.12997800588733427
1502,1,1,0,0,0,1,0,1,1,0,0,2,0,2,0,1,2,0,1,1,1.1974216497782573,0.8741582786940862,2.6087695981323002
1503,1,1,2,0,0,1,0,0,1,1,1,1,0,0,0,1,1,2,1,1,0.8728650515487504,0.3710446491731089,-1.5719805008829155
1504,1,0,2,0,0,2,0,2,1,0,0,0,0,0,1,0,0,1,2,0,-1.330811006403349,0.3473034597351168,-2.688098683548451
1505,0,1,1,2,1,2,0,1,2,1,1,1,0,1,1,0,1,1,2,0,-2.5030420436650602,0.29026635021233416,0.02563121953221492
1506,2,1,0,1,2,0,1,1,1,0,0,0,0,1,1,1,0,2,1,1,0.9931544246284926,0.673840771703198,-0.033878177789871455
1507,0,2,0,1,0,0,0,2,2,0,1,1,0,2,0,1,1,1,2,0,0.9686289769811908,0.8781336375785158,0.5214128032852398
1508,0,1,1,0,2,1,0,1,1,1,0,0,0,0,1,0,0,0,2,1,1.15152934000774,-1.7394881214101698,0.31362695748281155
1509,1,2,1,1,0,1,0,0,0,1,0,0,1,0,0,1,0,1,0,0,2.5792148888681354,1.2784363952151256,1.886976320039587
1510,1,1,1,0,1,2,0,0,2,0,1,0,0,0,0,1,0,1,1,0,0.46482258162852963,0.20797581423437678,1.9818139840769888
1511,2,2,2,1,1,1,0,0,0,0,0,0,0,0,0,1,0,1,1,2,0.5541970563295241,0.855373670998355,0.4673049038085987
1512,1,2,1,0,1,1,1,0,0,0,0,0,1,1,2,1,1,1,1,1,0.06319493366146,-0.06286937521332381,-1.1658881316170602
1513,1,1,0,1,0,1,0,0,1,0,0,1,0,1,0,0,1,2,0,1,-1.1427487763751278,-0.23019598142368258,1.0422195534432794
1514,0,2,1,0,0,1,0,0,0,0,0,0,0,1,0,1,1,0,1,0,0.42195346785317217,-1.0575425856767902,-0.8782499958319128
1515,1,1,1,0,1,0,0,1,1,0,0,0,0,0,0,1,1,0,1,2,-1.2472806261505702,-0.9875887534885466,-3.131513565130554
1516,0,2,1,0,1,1,0,1,2,1,1,0,0,1,1,1,1,1,1,1,-0.5972782678314414,-1.1810287828977906,-0.4250268760072015
1517,0,2,1,0,0,2,0,1,1,0,1,0,0,0,1,0,1,1,2,1,0.09068526559824013,0.10485982919409634,-0.21233345398719577
1518,0,1,2,1,0,2,0,1,0,1,0,1,0,0,0,0,1,0,2,2,-0.7837030066066,-0.43552087321466804,-1.7102402234354046
1519,1,2,1,0,0,1,0,1,1,1,0,0,1,0,0,0,0,1,0,0,0.29742474365986615,-0.27499971393587863,-0.16179876923296554
1520,0,2,1,1,0,0,0,0,2,0,0,0,0,1,1,1,0,1,1,1,-0.22225187548793957,0.1446726807309497,-2.079238136328274
1521,1,2,0,0,2,1,1,1,0,2,1,0,0,1,0,0,1,0,0,1,-1.1580455367547133,0.33655570539400925,-0.23415020953745305
1522,0,0,1,0,0,0,1,1,0,1,0,0,0,0,1,1,1,1,0,1,1.6657875163094993,0.11676786675049333,2.2075024114489166
1523,1,0,1,0,1,2,0,0,2,0,1,0,0,0,0,0,1,0,1,1,0.003180398293166104,0.5278831877664466,-0.28009754325962133
1524,1,1,1,1,2,1,1,1,1,0,1,0,0,0,0,0,0,0,1,2,-0.23475123556796068,-0.4343590111118632,0.09221788103253412
1525,1,1,1,0,0,0,0,0,0,0,0,0,0,0,1,1,0,1,1,1,0.42167079390915524,-0.10068226932241797,0.052273936733055304
1526,0,1,1,1,0,0,0,1,1,1,2,0,0,0,1,0,1,0,1,2,-0.957159234222213,0.4950582234084637,0.7823443433895146
1527,0,1,0,1,0,2,0,0,1,0,0,0,1,0,0,0,1,0,0,1,1.522515918247234,-0.30281571736603363,2.321575634124623
1528,0,2,1,1,1,1,0,1,0,1,0,0,0,0,1,1,1,2,1,0,-1.4844708382383933,0.6979440674001562,-1.1484962520325528
1529,0,1,0,1,0,1,0,1,0,1,0,1,0,0,1,1,1,0,2,1,0.6359289754451295,-0.7967606376750458,1.3953738877951216
1530,0,1,1,1,0,1,0,1,0,0,1,0,1,0,1,0,2,1,1,0,-0.2957320748053025,-0.20910556204094802,-0.3960155506731392
1531,1,0,2,0,0,1,0,1,1,1,0,0,0,0,0,1,2,1,0,2,0.38120520219514775,-1.867350141657104,0.7256774467609269
1532,2,1,1,1,0,1,0,1,2,0,1,0,0,0,0,0,2,0,1,1,-0.9997258818029202,0.5703848493693036,-1.0201193125844514
1533,0,1,2,0,1,1,0,1,1,0,0,0,0,1,1,2,1,0,0,2,-0.9485511102180655,1.9249549938352015,-0.5908465215685624
1534,1,0,2,0,0,0,0,1,1,0,0,0,1,0,1,2,1,0,0,2,-0.03445888785158209,0.6131095506938163,2.1644315289509546
1535,0,2,2,0,1,1,0,2,0,0,1,0,0,1,0,0,1,2,1,2,0.49419829581037106,-0.14797802220438105,-1.3106299056340982
1536,0,2,1,0,0,1,0,0,0,1,0,0,0,0,0,0,0,1,0,2,-0.5283427799268515,0.9312914287870937,-0.4787587633864069
1537,0,1,2,1,0,2,1,0,1,0,0,0,0,1,1,1,0,1,1,1,0.039427103153298726,0.46891328376720454,-2.0270585124271956
1538,0,0,1,1,0,1,0,2,2,1,1,0,0,2,0,1,1,0,1,1,-0.8890062181143176,-0.9919210875363402,-1.2544081983402067
1539,1,1,0,0,1,2,0,0,1,1,1,1,0,0,1,0,0,1,0,0,0.742798541274833,1.551077506256839,2.6813090212453354
1540,1,0,1,0,1,2,0,2,1,0,1,1,0,0,0,2,2,1,1,1,0.5197553576377459,-0.7569895158680213,1.3663065400501142
1541,1,2,1,0,1,1,0,1,0,0,0,0,0,1,0,1,1,0,1,0,0.4612593018252742,0.26926292561814924,0.532667070214389
1542,0,1,1,0,1,0,0,1,0,1,2,1,0,1,1,1,1,2,1,2,-1.2709272492815957,-0.7354326060464632,-0.542806643682344
1543,1,1,1,0,0,2,0,0,0,1,0,0,0,0,1,0,2,1,1,0,-0.08714526520673192,-1.3755906911823728,-0.44055308519263525
1544,2,0,1,0,0,2,0,2,2,1,1,0,0,2,1,1,1,0,0,2,-0.5575827568054947,0.13288583030741133,0.9917264494483069
1545,1,0,2,0,0,1,0,0,1,0,0,1,1,1,1,1,1,1,2,2,-0.05633899217041664,-0.2758737686845144,-0.614675742593042
1546,1,2,0,0,0,1,0,1,2,2,0,1,0,0,2,1,1,1,0,1,0.08915400430258719,0.10919283883995592,-0.653053152906709
1547,0,0,0,0,0,2,0,2,0,0,0,0,1,1,0,1,0,1,0,1,2.354106605083432,0.6641122558073715,-0.40702054818791034
1548,2,1,0,0,0,1,0,1,2,2,0,1,1,0,0,2,1,0,0,1,-0.3424360484716179,0.4662455474686543,-0.4370862356195621
1549,1,1,1,0,0,2,0,0,0,1,1,0,0,1,0,1,1,0,1,0,0.47923490144446557,0.8712989325591296,0.7089224909739389
1550,0,0,2,0,0,1,0,1,0,0,1,0,1,0,1,0,1,1,1,2,1.573463030004303,1.2174993176125997,0.9484564116973813
1551,1,1,0,0,0,0,1,0,0,1,0,0,0,0,0,1,0,1,1,0,-0.2943190616223742,0.2697029250682864,0.46054338839859554
1552,1,0,1,0,1,1,0,1,0,0,1,1,0,1,1,0,0,1,0,1,0.01813172310564063,-0.2213524314748297,-0.8879453494480062
1553,0,0,2,0,1,0,0,0,1,1,0,0,1,0,2,2,1,0,1,1,0.2702612997383914,-0.2014018492443199,0.16159578052109888
1554,0,0,0,0,0,0,0,1,1,2,1,0,0,0,1,1,0,1,1,1,0.9302746350924631,-0.4807273455549974,1.9015462734055322
1555,1,0,0,0,0,2,0,0,1,0,1,1,0,1,1,0,1,2,1,2,0.6139779340929044,-1.4062244955974104,-0.10329415785824067
1556,0,1,0,1,1,0,1,1,0,0,1,0,0,2,1,1,1,1,0,0,-0.03172163560498612,1.6846249677360905,0.2667648312518308
1557,0,1,2,0,0,0,0,0,1,0,1,0,1,1,0,1,1,1,2,1,-2.131740005859421,-1.2335380821082138,1.7857131142543077
1558,1,2,0,0,1,0,0,1,1,0,0,0,0,1,0,0,1,1,1,0,0.5134066484163353,0.3952527145149473,0.8465013394026478
1559,0,1,2,0,1,0,0,0,0,0,0,0,0,0,1,0,1,0,0,1,-0.1796610184387177,-0.5421019891084109,-1.2600193214613695
1560,1,1,0,0,0,0,0,1,1,1,1,0,0,0,1,0,1,1,0,1,-1.1631717118491804,0.5886987571412826,-1.5105106338552303
1561,0,0,2,0,1,1,0,1,0,0,1,0,1,0,1,1,0,0,1,0,-0.769317600910667,1.293772040870075,-0.7412769757437803
1562,0,0,2,1,2,0,0,1,1,0,1,0,0,0,0,2,2,1,0,1,1.4490486278664272,0.2472441957693412,0.40615787630865857
1563,1,1,0,1,1,1,0,1,0,1,0,0,0,0,0,1,1,2,1,0,-2.4035003576880403,-0.41814310070460203,-1.4118461680999435
1564,0,1,1,0,0,0,0,1,1,0,1,1,0,0,0,1,1,1,0,1,0.6588309721225681,1.401252606206759,0.6752145631291748
1565,0,1,0,0,0,1,0,0,1,0,0,1,0,1,1,2,1,1,1,1,-0.21208724178372768,0.033949705211253504,1.2971630327721737
1566,1,2,1,0,1,0,0,0,1,0,1,0,0,2,0,1,2,2,0,2,2.6321298724729525,-0.3141177394397048,1.1079164346704797
1567,0,1,1,0,0,1,0,2,1,1,1,0,0,0,1,1,1,2,0,2,0.8582875837819506,2.1477762589050693,-0.9923991845400129
1568,1,0,0,0,1,2,0,0,1,0,0,1,0,0,1,0,0,0,1,1,-0.6099880987489966,-2.938507966838562,-0.6322227726245476
1569,0,1,2,0,1,1,0,0,0,0,0,0,0,0,1,2,2,2,0,1,0.9907846060589602,-1.7365138706174057,-1.0791589671997994
1570,1,0,0,0,0,1,0,2,1,0,0,1,0,1,2,1,1,1,1,2,-0.5070122672811912,1.4090156623581773,0.32185236974771725
1571,1,1,1,0,0,1,0,1,1,1,0,1,1,1,0,2,1,1,0,1,-1.3824970887367338,1.4817592471237997,0.24751396052477892
1572,1,1,1,2,0,2,1,1,1,0,0,1,1,1,2,0,1,1,0,0,0.5946602330986658,-0.8864474588670621,-0.025623095637170884
1573,1,0,1,0,0,1,0,1,0,1,1,0,0,2,1,1,0,1,1,1,0.6120683297025292,-1.9248853762091696,0.6895412385100772
1574,1,2,1,0,1,1,1,1,1,0,0,0,0,0,1,1,2,1,2,2,-0.14406219168972112,-0.5701554950123935,-1.843997326623081
1575,1,2,2,0,0,1,0,1,1,0,0,0,0,1,0,0,1,1,0,0,-1.7755514847852432,0.43666425172808443,-2.274959832417642
1576,1,2,2,0,0,2,1,1,2,1,0,1,1,0,1,0,1,1,0,1,0.8697975354637028,1.416144827580759,0.6435206356695269
1577,1,2,0,0,1,1,0,0,2,0,1,0,0,0,1,1,1,0,0,0,1.5336064853376352,-1.2781424429306851,2.6262374219750813
1578,1,2,1,0,2,1,0,1,1,0,0,1,0,0,1,1,1,0,0,1,-0.7477250733890631,1.2534328989121093,-1.1605884832439497
1579,2,1,1,0,1,0,0,1,2,0,1,0,0,2,0,0,0,1,1,0,-0.9689762125897143,-0.7553603531211427,-0.21175462670422762
1580,1,2,1,0,0,1,0,1,1,1,0,0,0,2,0,1,2,1,0,2,-0.1320511021992667,-0.2771378631697593,-0.6917831084127938
1581,0,0,2,0,0,2,0,0,1,1,1,0,0,1,1,2,2,0,2,1,0.3832349151249894,0.26275531976897853,3.3185266575598824
1582,1,1,0,0,0,1,0,1,0,1,0,0,0,0,0,0,1,0,0,2,-1.300381280145052,0.023197144279886617,-0.7421899585786316
1583,0,1,0,0,0,2,0,1,1,0,1,0,1,1,0,0,1,0,1,1,0.07560012466815459,-0.28093926265079594,0.6398917321426538
1584,2,1,0,0,0,0,1,1,0,0,1,0,2,0,1,0,1,0,1,0,0.19003499349801356,0.11461735278217103,-0.1940738424283739
1585,1,1,1,0,1,1,0,2,1,1,0,1,2,0,0,0,2,1,0,1,-0.8084326345526007,-2.093094390676351,-1.415843369179972
1586,0,2,0,0,0,0,0,2,1,1,0,0,0,0,1,1,1,1,0,1,-0.22842358686371203,0.3449209043245803,0.7840996720509342
1587,1,0,1,0,1,1,0,1,1,0,0,1,1,0,1,2,0,2,2,0,1.7615099280433335,1.4841647709982193,1.8514041030996133
1588,0,0,0,0,1,1,0,1,1,0,0,0,0,1,0,1,1,1,1,1,-0.2821362133376122,-1.3586357550119328,-2.138353040963396
1589,2,2,1,0,1,1,1,0,0,0,0,0,1,1,1,1,0,0,1,1,-0.1223916938020816,-0.009372252504049966,-1.152490342263425
1590,1,1,0,0,0,0,0,1,1,0,0,0,0,0,2,1,1,1,0,1,0.4075488551820738,-0.03543786400627272,0.6636729772248031
1591,0,2,0,0,1,1,0,1,1,0,0,1,0,1,1,1,2,0,0,1,-0.6631604567826641,0.027549314451236,-1.3790353446189636
1592,1,1,1,0,1,0,0,0,0,0,0,0,0,0,1,0,2,0,1,0,0.7337839027808082,0.5967239374346035,-0.9926787009555194
1593,0,2,1,1,0,0,0,0,1,0,0,0,0,0,0,0,1,1,0,1,-1.1279999236532232,-0.48289408293653197,-0.539336438831471
1594,1,1,0,1,0,1,0,1,0,1,0,0,0,0,1,1,0,2,0,1,-0.42288094706686946,-0.5897345508012355,0.572579711263375
1595,1,0,1,0,0,0,0,0,1,0,1,0,0,0,2,0,0,2,1,0,0.24218852924985473,-0.5826354633589128,0.8458909855849899
1596,1,1,0,0,1,2,0,0,0,0,0,0,0,1,1,1,2,0,0,1,1.3519365586980936,-1.1573140366661856,-0.41072179746788134
1597,1,1,1,0,0,1,0,1,2,0,1,0,2,1,0,1,1,0,1,1,-0.24529171443498834,-0.011532112765505476,-1.149715840333164
1598,1,1,2,0,0,0,1,1,1,0,0,0,0,1,1,1,0,1,1,1,2.483348575884743,-0.5170494913025172,-1.6311811234378728
1599,0,1,1,0,1,1,0,1,1,0,0,1,0,1,1,1,1,0,0,0,1.2797893937177516,-0.25781024341962167,-0.23676214154417408
1600,1,1,1,0,0,1,0,1,0,0,1,0,0,1,2,1,0,0,0,1,-0.14075802568749143,0.43982376558781633,-0.03943713567638303
1601,1,1,1,0,0,0,0,0,0,1,0,1,0,0,0,0,2,1,0,1,0.4501600800915983,0.2904476225552837,1.1768171255374116
1602,0,1,0,0,1,0,0,0,0,2,0,0,0,0,0,1,0,0,1,0,1.120721006195105,-0.5198111476727256,1.116678113022222
1603,0,1,0,0,0,0,0,0,1,1,1,1,1,0,0,1,1,0,0,0,-0.4743023034270185,0.2530237817918025,-0.5772814041957949
1604,1,1,1,0,0,0,0,1,1,0,0,0,0,0,1,0,2,1,1,0,0.5597878717879953,-0.1949753895286392,0.47446574351014675
1605,1,1,1,1,0,2,0,0,1,1,1,0,0,1,1,1,1,1,0,1,0.56771298915132,0.923541458763122,-0.27477796951747335
1606,2,1,1,0,0,0,0,0,0,0,0,0,0,0,1,0,2,1,1,1,0.17861573700679703,0.9202308071238019,1.427637023922523
1607,0,1,1,0,1,2,1,0,1,2,1,0,1,0,1,1,1,0,0,1,0.06013019066683299,-0.10025349294523958,0.38545614504414544
1608,2,1,2,0,1,0,0,1,1,2,0,0,0,0,0,2,2,1,1,1,-1.209275255850037,-0.3467831188860279,-0.7642101093142676
1609,1,2,1,0,0,1,0,1,1,0,0,0,0,0,1,2,1,0,1,2,0.47306512748223484,-0.3787114258057672,0.8155098682229335
1610,1,2,1,1,1,1,0,0,0,1,1,0,0,0,1,0,1,1,0,1,-0.4236163209650664,-0.14303402485655137,-0.8486902083355319
1611,0,1,1,0,1,2,0,1,1,0,0,0,0,0,0,1,0,2,1,2,-0.9955707962418399,-1.8699192550507278,-2.3666026294203313
1612,1,0,2,0,0,2,1,0,0,1,0,0,0,0,1,1,2,1,0,1,-0.14845267886770772,-1.2355027270346128,-1.0921800812361895
1613,1,2,1,0,0,1,0,1,1,0,0,1,0,1,0,0,2,0,0,1,-1.0606114612244935,-0.7043957336281632,-0.36032293292726014
1614,1,0,0,1,0,1,0,0,1,0,0,2,0,0,1,0,2,1,0,0,0.11839176671002244,0.3723896556488878,-0.8509315242765513
1615,0,1,0,0,1,1,0,0,0,0,0,0,0,0,1,0,2,1,0,1,-0.48617147518728193,-1.1081179290172443,-0.23484014462686004
1616,1,0,1,0,0,2,0,1,0,1,1,0,0,0,1,2,2,0,1,2,1.4006912789278165,-0.28568034793023367,1.2403704143410645
1617,0,1,1,0,1,1,0,0,0,1,0,0,0,1,0,1,2,0,0,1,0.481102519203045,-1.3571406850269652,-1.2778782975349092
1618,1,2,1,1,0,1,0,1,1,0,0,0,0,1,1,0,2,0,0,0,-0.5268465095553823,-0.7021839315394307,-1.9287700818282676
1619,2,0,0,0,0,1,1,1,0,0,0,0,0,0,1,1,2,1,2,1,-0.2803638461821945,0.6551670838650181,-0.8785775238695677
1620,1,0,1,0,0,0,0,1,0,0,0,1,0,1,1,0,0,2,1,0,-2.7239662354533993,0.1802311674572657,-0.9700013605540839
1621,0,2,0,0,1,0,0,1,1,1,0,0,1,1,2,2,2,1,0,0,-0.9731679573101848,1.539624421369603,-0.7005667758104743
1622,1,1,1,0,0,1,0,1,0,1,0,0,1,1,0,1,1,1,1,1,0.022708196423946534,1.2787331896154057,0.38955604096451846
1623,1,0,1,1,1,1,0,0,1,2,0,0,0,0,0,0,1,1,0,0,0.028921467832056347,-0.16280700976679244,-1.8537034398847665
1624,0,1,1,0,0,1,0,0,1,1,1,1,0,0,0,0,2,0,0,0,0.7673201714684614,1.4085327499571045,0.7193970880347275
1625,0,0,1,0,1,2,1,2,1,0,0,0,0,2,1,0,2,1,0,1,0.4960814089658691,0.8652809692265644,-0.8365080767234632
1626,1,1,1,0,0,1,1,1,1,1,0,0,0,0,0,1,1,2,0,1,-0.5690141260954518,0.21320110268230358,-1.9528893406641827
1627,1,0,1,0,0,0,0,0,1,1,0,0,0,0,1,1,1,0,1,1,-1.8295380112183999,0.4591798390031955,0.47986067001768806
1628,1,1,1,1,0,1,0,1,0,0,0,0,0,0,1,2,0,2,1,1,-1.0256161009305176,0.2848563056184137,-1.015249993752154
1629,1,2,0,0,1,2,0,1,2,1,1,0,0,0,1,1,2,1,1,1,-1.3480081755475781,0.16648763236695963,-0.8343796601079801
1630,1,1,0,1,1,2,0,0,1,1,0,2,0,0,0,0,1,1,1,0,0.7958473001587413,0.9089553525697567,1.0468347800749807
1631,2,2,0,0,1,2,0,0,1,1,0,0,0,0,1,2,0,0,1,2,0.1946457624561271,2.785117473369547,1.1120689041581782
1632,1,1,1,1,1,1,0,0,1,0,1,0,1,0,0,0,1,0,0,1,0.02462832707332729,0.23040512220350148,-1.156662307117672
1633,0,1,1,0,0,1,0,1,1,0,0,1,0,1,0,1,2,1,1,1,1.703210580197755,-0.31250862151221365,-0.5473341153397617
1634,2,1,1,0,0,2,0,1,0,0,2,1,0,1,0,0,0,1,1,1,-1.2165919126825107,0.10048425988366363,-0.19916888497092178
1635,0,1,0,0,0,1,0,1,2,0,0,2,0,0,0,1,2,0,1,1,1.0006449918311717,0.6155392609014382,1.8326472825171694
1636,1,1,2,0,0,1,0,1,0,1,1,0,1,0,1,1,0,1,0,2,0.39433225622235657,2.164429533775708,-0.20463896811429538
1637,1,2,0,0,0,2,0,1,1,0,0,0,2,0,1,0,1,1,0,0,0.8460355369945214,-1.146492123104123,-0.5196853486544346
1638,0,1,1,0,0,0,0,1,0,1,1,0,0,0,0,0,1,0,1,0,0.08827552125684507,0.7583391331191794,1.7666350005337723
1639,1,2,0,0,0,1,0,0,2,0,0,0,0,0,2,0,1,1,0,0,-0.3919806230326882,0.2442401435781988,-1.2934612239081207
1640,0,1,2,1,1,2,0,1,1,1,1,0,1,0,1,0,2,1,1,2,0.605575260453204,0.5961033037453466,1.742467049828279
1641,0,2,0,0,0,2,0,1,1,0,1,0,0,0,0,0,1,1,1,1,-0.8089106054551904,1.1022225577779592,-2.2816021303683685
1642,0,2,1,0,1,0,1,1,0,0,1,0,0,1,1,1,1,1,0,1,0.9809680295315222,-0.7061111684610168,-0.3254809012186198
1643,0,2,2,0,0,0,0,1,1,1,0,2,1,1,1,1,0,1,1,2,-0.46408254663855575,0.3392346439631959,-1.1277345128266196
1644,1,1,0,0,0,2,0,1,2,1,0,1,0,0,0,0,0,1,0,1,1.7153611759678842,-0.15497526042211723,2.4314477907378844
1645,1,1,2,0,1,2,0,0,0,0,0,0,1,0,0,2,0,0,1,0,-1.3306899131190946,-0.8676505191054523,0.223330478486649
1646,1,0,1,1,0,1,0,1,2,0,0,1,0,1,2,1,1,1,1,1,2.1660193681749504,0.9591508627813029,1.1442003792891438
1647,1,1,1,0,1,2,0,0,2,1,1,0,0,0,0,0,0,1,1,2,-1.5400377364669533,-0.3626750470973056,-0.9383476137078514
1648,1,1,0,0,0,1,0,0,2,0,0,0,1,1,1,0,1,1,0,2,-1.2646822978717995,-0.8070665426809762,0.02247017651792127
1649,2,1,1,1,0,1,0,2,2,1,0,1,1,0,1,0,1,0,0,2,0.42088832817025323,0.587608516391465,0.7118707301362798
1650,1,1,1,2,0,1,0,0,0,2,2,1,0,0,0,0,2,0,0,1,0.39985680796181794,-0.6502740802849515,-0.27687864907874105
1651,1,0,2,1,0,0,0,2,0,0,0,0,1,0,0,0,0,1,0,0,0.785041964597715,1.4198462672134715,0.6833106263497399
1652,0,1,1,1,0,2,1,1,0,0,0,1,0,1,1,1,1,1,2,1,0.7605863724705603,0.28150915096212803,0.8878374436113922
1653,0,2,1,0,0,0,0,1,1,0,1,0,1,0,2,0,2,2,0,1,0.545216695930311,-0.3462989821319832,0.6448213796212827
1654,1,1,1,0,1,1,0,0,0,0,2,0,0,0,1,1,1,1,0,2,-0.9317461942902979,-0.05285665574365672,0.3901643869174981
1655,1,2,2,1,0,2,0,2,0,1,0,0,0,0,1,0,1,0,2,1,-0.48115328686477327,-1.3899049482504622,-1.1336436280214777
1656,1,1,1,2,1,0,0,1,0,0,2,0,0,0,2,1,0,1,2,1,0.8018685178006221,-1.4376669827223991,0.17891331545171651
1657,0,2,1,0,0,2,0,2,2,0,0,0,0,0,1,0,1,1,0,1,0.38170430754906653,0.06996368419318452,1.1333391126655392
1658,0,2,1,0,1,1,0,1,0,0,2,0,0,1,0,0,1,1,0,1,1.7402311932163987,1.8301958024673919,0.9031890964511076
1659,0,2,0,0,1,1,0,0,2,0,0,0,1,1,1,0,1,1,1,1,0.42607009162320164,-1.109035421651679,1.2322760298623952
1660,2,2,0,0,0,0,0,0,0,0,0,0,0,1,0,1,2,1,0,1,0.7707101661761789,0.4346037400524517,-0.7826462986968232
1661,0,2,0,0,0,2,1,1,1,1,0,0,0,0,0,2,1,0,0,1,1.310656012389579,-0.5691511729813243,-2.0957298860399436
1662,2,0,1,0,0,0,0,1,0,1,0,0,0,2,1,0,1,1,1,0,-0.45161129056872507,-0.754912088387991,-0.3373818304763334
1663,2,1,1,1,0,1,1,0,1,1,0,0,0,2,0,0,1,2,0,2,-0.01636831938951925,1.132316451455317,0.0019277339668593019
1664,1,1,1,0,1,1,0,1,1,1,0,0,0,2,1,0,1,0,1,1,0.036044082848311634,-0.228348783093219,1.2858842480816872
1665,1,0,0,0,0,0,0,0,0,0,0,0,0,1,0,0,1,1,1,0,0.5937571989702853,-0.7282758234366639,-0.31614408405611427
1666,1,2,2,0,2,2,0,1,2,1,0,0,0,1,0,0,2,1,1,1,0.7622444217555814,1.958602903889469,1.7075157560304173
1667,1,1,0,0,0,0,0,1,0,0,0,1,1,1,0,1,1,0,1,1,-0.5328788708447401,0.6679181121009019,0.0029675867366135214
1668,0,2,0,1,1,0,0,1,0,1,0,1,0,1,1,1,2,0,1,0,1.2176907453821286,-1.9777031875762947,-1.559829097643625
1669,0,1,1,1,1,0,0,1,1,0,0,0,0,0,0,0,0,2,1,1,1.0701989481416725,-0.7169001591022925,1.0147683923794493
1670,1,1,1,1,0,1,0,1,0,0,0,1,0,1,1,1,1,1,0,1,-0.5430917945826668,0.5295689383826068,0.031471601311781366
1671,0,0,2,1,0,0,0,1,0,0,0,1,1,0,0,1,1,1,1,2,0.42490529594044696,0.3689315366330148,2.6419421555363165
1672,1,1,0,1,0,0,0,2,1,1,0,0,1,1,1,0,2,1,0,1,-0.48821899447426215,0.770789482362572,0.972290062945205
1673,2,1,0,0,0,2,0,1,1,2,0,0,0,2,0,0,2,0,1,2,1.039499462973705,-0.5610040560604199,0.8448784541544522
1674,0,2,1,0,0,0,0,1,2,0,1,0,0,0,0,0,0,0,0,0,0.06697336746689589,-0.475939637420394,0.9387061053942684
1675,2,2,1,0,0,2,0,1,2,1,0,1,1,1,1,0,2,1,0,1,-1.6070162211938555,-0.7128191276696414,-1.63222781704502
1676,1,1,1,0,1,1,0,1,2,2,0,0,0,0,2,0,2,0,2,1,-0.15306684902508924,0.7181843180689407,0.7103561835622698
1677,0,1,0,1,1,1,0,1,0,2,0,1,1,0,1,0,1,1,0,0,0.669105359805112,1.217720238058566,1.4761321399510505
1678,0,1,1,0,1,2,1,0,1,0,0,0,1,0,1,0,1,1,2,1,0.009819186824959764,0.05978730467499607,0.45551396648590897
1679,0,0,1,0,0,0,0,1,1,1,1,0,0,0,0,0,1,2,0,1,-0.9783937114392441,-0.9428438435991204,-0.6481168074276109
1680,0,2,0,0,0,2,1,1,0,0,1,0,0,1,0,2,1,0,0,1,1.3735856854623945,1.0463183343102063,1.8752128516779987
1681,0,1,1,0,0,1,1,2,0,0,0,1,0,0,0,2,2,1,1,1,1.0200406807679447,0.6460971644108378,0.53192506539591
1682,0,0,0,1,0,0,0,0,1,0,0,1,0,1,0,1,1,0,0,1,1.4964778372191334,-0.7668204120806827,-0.4197469150866392
1683,0,1,1,0,0,2,0,1,0,1,1,1,0,0,0,0,0,2,1,2,0.4228622478533137,0.22870157242325256,-1.8100061789648936
1684,0,1,1,0,0,1,0,1,2,2,0,0,0,1,2,1,0,1,0,1,-1.5667218740848814,-0.6230643927687991,-0.5277893370136952
1685,0,1,0,0,0,2,1,1,0,1,0,0,0,0,2,0,0,1,2,2,-0.45459172149662463,-0.2883959398654408,-0.8015602978875629
1686,1,1,2,0,0,0,0,1,0,0,1,0,0,0,1,1,0,0,1,0,-1.9720663681903705,-0.9653705473081081,0.8158759825077744
1687,1,1,1,1,0,0,0,1,1,1,1,0,1,0,0,1,0,1,2,1,0.9850816128694609,-0.7942173059301001,-1.0737037453588707
1688,0,1,1,1,0,1,0,1,1,1,0,0,1,1,0,0,1,1,2,0,-0.47629255520186087,-0.6538393280617824,-0.323317101190902
1689,0,2,1,1,0,0,1,0,1,0,0,0,0,0,2,0,1,1,1,2,-0.7191641849067236,-0.9280111744586697,-3.317207284324649
1690,1,1,1,0,0,1,0,1,1,0,0,1,0,2,0,0,1,2,0,1,0.34348572674098343,-0.4052818879930837,-0.6588393147230747
1691,2,1,1,1,1,1,0,1,1,0,0,1,0,0,0,1,0,1,1,0,-1.7701860774107954,-1.4443957826561293,-0.6320020282427996
1692,0,1,0,0,0,0,0,1,2,2,1,0,1,0,0,0,2,1,1,1,-0.5653385335325315,0.1910721599911927,1.0332182334802233
1693,0,0,1,1,1,1,0,1,1,0,1,1,0,0,0,1,1,1,1,1,-0.806683944697761,-0.8647220839230383,0.07709567774566894
1694,1,0,2,1,0,1,1,1,1,0,2,0,0,0,0,0,0,0,0,0,1.922027866633093,0.47602468264404135,0.4294963269234314
1695,0,1,2,0,0,1,0,0,0,0,1,1,0,0,0,1,1,0,1,0,-0.585656344277208,-1.0519468584635985,-1.913055818862857
1696,2,0,1,2,0,1,0,1,1,2,1,0,0,1,0,1,1,0,2,1,0.019089834434343936,0.2932995731141878,0.20807841023739798
1697,1,1,1,0,0,1,0,0,1,0,1,0,1,0,1,0,1,1,1,1,-0.8284441673260097,-1.5950470742093321,-0.057924229068285094
1698,0,0,1,0,1,1,0,1,1,1,0,1,0,0,0,1,1,2,1,2,2.0511317339930737,0.2808318583381971,-0.6712764530539944
1699,0,0,1,0,0,0,0,1,1,1,0,1,1,1,0,1,1,0,1,0,-1.2073122812993866,-0.44984593087399183,-2.234588983304825
1700,0,2,0,0,0,1,0,0,1,0,0,1,0,0,0,1,1,0,0,2,0.08985061641500841,-0.9681071287063236,-0.436939994386658
1701,1,0,1,1,1,1,0,0,1,0,1,0,0,0,0,1,2,1,1,1,0.7941205903531268,0.2620306476204318,0.4501704717903878
1702,0,0,1,1,0,2,0,1,2,0,1,0,0,2,1,0,1,1,2,0,1.1270868563967282,-1.6639301698976323,0.26127290010658116
1703,2,1,2,0,0,0,0,1,0,0,0,1,0,0,0,1,1,2,2,1,-0.031587469573214,-0.010416405015690619,0.8249171728183881
1704,1,0,1,1,0,2,1,0,0,0,0,0,0,0,1,1,1,1,1,1,1.0029875342592038,0.7120034832539924,-0.01774794040309413
1705,0,1,0,0,0,1,0,1,0,1,0,0,0,1,1,1,1,0,1,2,-2.3143155548577528,0.17230155421254945,0.835919517141592
1706,1,1,1,0,2,1,0,1,1,0,0,1,0,1,0,0,2,1,0,0,-0.4472451056081571,-0.07305291474812378,0.5466264062790002
1707,1,1,1,0,1,1,0,1,2,0,0,0,0,1,0,1,2,0,1,1,-0.0030116806121635877,0.7337629631408431,1.3907380288281668
1708,1,1,1,0,0,2,0,1,1,0,1,1,1,1,1,0,0,0,1,0,-0.3282743177110586,0.9416269141373429,-1.3031350614972783
1709,0,1,1,1,0,2,0,0,1,0,0,1,1,0,0,1,1,1,2,0,0.3572182284269721,1.1292289192427862,0.15196093553263806
1710,0,1,0,0,0,1,0,1,2,0,1,0,0,0,0,1,1,1,2,2,-0.31421655071733817,-1.393924423729565,0.184544176793622
1711,0,1,0,1,0,2,0,0,1,0,1,0,1,1,2,0,1,1,2,1,0.37654374590916845,-0.3693277720149668,0.7803650384121703
1712,0,1,1,0,0,0,0,0,1,0,0,1,2,0,0,1,1,1,1,1,0.6389036111254437,-1.0702153529658005,-1.525549852196507
1713,1,0,1,0,0,1,0,1,1,2,0,0,0,1,1,0,0,0,0,2,-0.7394130867794271,-0.3231140168355436,1.7050106143455843
1714,0,2,1,0,0,0,1,2,1,1,1,0,0,1,0,0,1,2,0,1,1.487863510791041,-3.111143128207635,-1.4625898574325866
1715,1,1,0,0,1,0,0,2,0,0,1,1,1,0,1,0,0,1,2,2,1.6010793379290222,0.8590891232280284,0.004913340450113379
1716,1,1,0,0,0,0,0,0,1,0,0,0,0,0,0,0,0,1,1,2,-0.5021727112838758,-0.44909677629806805,0.15489157993959562
1717,0,2,1,0,0,0,0,0,2,0,1,0,0,0,0,2,1,1,0,2,0.2511498023336841,1.3590489697972368,0.23409091668646131
1718,0,1,1,0,0,2,0,1,1,1,0,0,1,1,1,1,0,1,0,1,-0.7024862469480654,-1.6868078634742734,-1.3579727609604517
1719,1,2,2,2,0,0,0,1,0,0,0,0,1,0,1,0,2,0,1,1,0.5811469278824836,-0.3468757929386899,-0.20482068301938375
1720,0,2,1,0,1,2,0,1,1,0,2,0,0,0,1,2,0,0,0,2,1.2064628546889251,1.9736266894126686,-0.10359054122538502
1721,1,0,1,0,1,0,0,1,1,1,1,0,0,1,0,0,1,0,0,1,0.5483021727098725,1.0831602844697878,-0.05333563510577699
1722,1,1,1,0,0,1,1,0,1,0,1,1,0,0,0,1,1,0,1,2,1.5583960632073894,-0.8310565692584593,1.0231635031030497
1723,1,1,0,1,1,1,0,1,1,0,2,1,0,1,0,0,1,0,2,1,1.7758228994441971,0.5739508973135566,0.130114345137334
1724,0,1,2,0,0,1,0,2,0,0,0,0,1,0,0,0,1,0,0,1,0.4021219152463302,-0.2654176980204848,-0.497890188250328
1725,1,0,0,0,1,1,0,0,1,0,0,0,1,0,0,1,2,0,2,1,-0.6629785996379159,-0.458455814931119,-0.35725947749455644
1726,1,2,0,0,1,2,0,1,0,1,0,0,2,0,0,0,1,2,0,1,-0.4611054332306572,-0.6177043519874695,0.5572898340080791
1727,1,1,1,0,0,0,0,0,1,0,0,2,0,0,1,0,0,1,0,1,-1.2918441060137513,-0.4254219029704023,-0.9597381737766758
1728,1,1,1,0,0,0,0,0,0,0,0,0,1,0,1,1,0,0,0,1,-1.6504619163153396,-1.070013896148201,-2.45376120256599
1729,0,1,1,1,0,0,1,1,0,0,2,1,0,0,0,0,2,0,0,1,-0.1356852323068012,0.13425873962572848,-0.5093975323399238
1730,1,0,0,0,0,1,0,2,0,1,1,0,0,1,0,1,1,1,0,2,0.12473131798155791,-1.1463435379672455,1.597962982346292
1731,0,1,1,0,1,0,0,2,0,1,0,0,0,1,0,1,1,0,0,2,-0.2153437871518969,0.2169707487477086,0.8451537531083084
1732,1,0,1,0,0,0,0,1,1,0,0,1,0,1,0,1,1,1,2,1,0.9492484204042957,0.37981493483939155,0.20128929670418266
1733,1,1,1,1,1,0,0,1,1,0,0,0,1,1,1,1,0,1,1,0,-0.49340632450889155,0.3465725400314931,-2.0730932797443193
1734,0,0,0,0,0,2,0,1,1,0,0,1,0,1,1,0,1,1,0,2,-1.1454844229328847,1.0379818311620963,0.32384664889229287
1735,1,1,0,1,1,0,1,2,2,0,0,0,0,0,1,1,2,0,1,1,-0.5413544714547771,-0.21937491652659336,-0.5282627836731725
1736,1,1,1,1,1,0,0,2,2,0,0,1,0,0,0,0,0,1,1,1,1.1521684321242769,2.041480771147346,1.460577492901397
1737,2,0,0,1,0,1,0,0,0,0,0,0,0,1,0,0,2,2,0,2,-1.0124183807570013,0.33817578455183606,-2.379416398485801
1738,1,2,0,1,1,1,0,2,1,1,0,0,0,0,0,0,0,0,2,1,1.9993175131175351,1.5802591600676963,1.4601750695792557
1739,0,0,0,0,0,2,0,0,2,0,1,1,0,0,0,1,0,2,0,2,-0.9898457383889318,-0.9393411970933732,-0.35815382815906976
1740,2,2,0,1,0,0,1,0,2,0,0,0,0,0,2,1,0,1,1,0,-0.4273023954374584,0.40124989024826724,0.02797703804231806
1741,2,1,1,0,0,2,0,0,0,0,0,0,0,0,2,0,0,0,0,1,1.375531941088403,1.8513911050242475,2.379500840606779
1742,1,1,1,0,0,0,0,0,1,1,1,0,0,1,0,1,1,1,1,1,1.0958565724056435,0.7756536875990931,0.8480735082685096
1743,1,1,1,0,0,1,0,0,2,0,0,0,0,0,0,1,1,0,1,0,-0.43933424400572535,-1.6518160987916353,1.0783459603267396
1744,1,2,0,2,1,1,0,0,0,1,0,0,1,0,0,0,2,1,0,1,-0.7339517982581597,-0.30083860762625164,-0.25253580926637853
1745,1,1,1,0,0,0,0,1,1,2,0,0,0,0,0,0,2,0,0,0,-0.31496651634377343,0.33450709973109394,0.06391020429329025
1746,1,1,2,0,1,1,1,1,2,0,1,0,0,1,1,0,0,1,1,1,1.8031862706451323,0.47487269057547477,2.322754997746798
1747,2,2,1,1,1,1,0,0,1,1,0,0,0,0,1,2,1,1,0,2,1.438714250392342,0.07900153795040854,0.942093360142171
1748,1,0,0,1,1,1,0,1,2,1,0,0,0,2,0,1,1,1,0,1,-0.05188421035137118,0.8485288085484782,0.4474690354032393
1749,0,0,0,0,0,1,0,1,1,1,0,0,0,2,0,0,1,1,1,0,-0.22343115700275565,0.20695084159208776,-0.2573814144037794
1750,0,0,0,0,1,0,0,0,0,2,1,0,0,0,1,1,1,0,2,2,-0.8113639886664258,-1.14873672708592,0.44861098604267624
1751,0,0,1,0,2,2,0,1,0,0,0,1,1,2,0,1,2,2,1,1,2.286835648534659,0.6634358801825291,2.4928651521840863
1752,1,0,1,1,1,1,0,1,1,1,0,2,1,1,1,1,0,1,0,1,0.25634197940766634,2.180026149713028,0.5671670350245628
1753,0,1,2,1,0,0,0,0,0,0,2,0,0,0,0,0,0,0,1,0,0.06748426001122212,0.5482001726751945,0.4748542736096168
1754,0,0,1,0,1,1,0,2,1,0,0,1,0,0,1,0,1,2,2,1,0.008695437715871536,-1.3999774658433248,1.6977785691329117
1755,1,2,1,1,0,1,0,0,1,1,1,0,1,0,0,0,0,0,0,2,-1.5730001082298213,-0.36662117616809753,0.7006114462972394
1756,2,0,0,1,0,0,0,0,0,1,1,0,0,1,0,1,2,0,0,2,0.04951663193563789,-0.8872405831356388,0.3250329337350103
1757,0,1,1,0,1,0,0,0,0,1,0,0,1,2,1,0,0,1,0,1,0.2766300735583576,1.8532428541151211,0.5579172684026963
1758,1,0,1,0,0,0,0,1,1,1,0,0,1,1,0,0,1,2,0,1,-0.414819433040746,0.02685468808981653,-1.2922075642295547
1759,2,1,1,1,1,1,0,1,1,0,1,0,0,2,2,0,0,1,2,0,1.062672522455363,-2.6424857920015277,0.7285080791026544
1760,1,2,1,0,1,1,0,1,2,1,0,1,2,0,1,1,2,1,0,1,1.4794658066864312,0.7897673974193473,1.911546779508138
1761,0,1,0,0,1,2,0,0,1,2,1,0,1,0,0,1,0,1,1,0,-0.8332723952472739,-0.41586090706970663,-0.13310419773379994
1762,1,0,0,0,1,1,0,1,1,0,0,1,0,1,0,1,0,0,2,1,-0.06846366289117052,-1.0368515043669022,0.40357337940246507
1763,0,1,0,1,0,1,1,1,0,1,1,0,0,2,0,1,1,1,1,1,1.3810346256305448,0.8799915921963806,-0.1849838745026784
1764,1,2,1,0,1,1,0,1,0,1,1,1,1,1,1,1,0,1,0,1,0.5709676498958741,2.818693438304289,2.2892914981351282
1765,0,2,1,0,2,2,1,0,1,2,0,0,0,0,0,1,1,1,2,1,1.6388574434587315,-1.7623826393546682,-1.2651256266100182
1766,0,2,0,0,0,1,0,0,0,0,0,1,1,0,0,0,0,2,0,1,-0.21284966279262094,0.3455295241156205,-0.17339810525616334
1767,1,2,1,0,0,1,0,1,0,1,0,0,0,1,1,1,1,0,1,1,0.37744202745008576,0.1466914516404776,2.6162165147851084
1768,2,1,0,1,0,2,0,1,1,0,0,0,0,1,1,1,1,1,1,0,-2.1866355637151806,-1.691310085587357,-0.6694847870187471
1769,0,0,2,0,1,0,0,1,0,0,1,0,0,0,0,0,2,2,1,0,0.5450907781521462,-1.274845258469339,-0.4736128732504312
1770,1,1,0,0,0,1,0,0,1,0,1,0,0,0,0,1,2,0,0,1,-0.8635042216569807,-0.519373411792598,-0.9866329779323055
1771,1,2,2,0,2,0,0,0,1,1,2,0,0,0,1,0,1,1,0,0,0.42310220295524475,0.4018006058681112,3.379824984084637
1772,1,1,1,2,1,0,0,1,2,1,1,0,0,0,0,0,1,1,0,1,0.4129048135431262,1.0876682059826992,1.2451385051411257
1773,1,0,1,0,1,2,0,1,1,0,0,0,1,0,0,0,1,2,0,1,0.1816512734800169,-1.0262692756942038,-0.8414149032245594
1774,0,2,0,1,1,2,0,2,1,0,0,0,0,0,1,1,1,1,1,0,-0.16853960263722584,0.5421104227878166,0.02720608154920666
1775,0,0,0,0,1,2,0,0,2,0,0,0,0,0,1,2,0,1,1,2,-1.7456304310230426,-1.3121463054383,-1.076944775599586
1776,0,1,1,1,0,1,0,2,1,0,0,0,0,1,0,0,1,0,1,1,0.3442369967762687,-1.1626025956337158,1.661222024291723
1777,1,2,0,0,1,1,0,2,1,1,0,2,1,1,1,0,0,0,1,1,0.7095516738013569,0.33613444396193787,1.5310863225633882
1778,1,1,1,0,0,1,0,0,1,0,0,0,0,0,0,0,0,2,1,2,1.3263339525628197,0.8654004798459282,-0.5806581277127983
1779,0,1,0,0,0,1,0,2,0,1,1,0,1,0,2,0,1,1,0,1,0.030143807540082466,-0.789831019243443,-0.17649318777297426
1780,1,1,2,1,0,1,0,2,1,0,0,1,1,0,1,0,2,1,1,2,0.2874916481053211,1.3125272671519541,-0.8866136581349183
1781,1,0,1,0,0,1,0,1,1,0,1,0,0,1,1,2,1,0,1,0,-1.309843674630226,0.5229724829151582,-1.4641694130287903
1782,2,2,0,0,0,1,0,2,0,0,2,0,1,0,1,1,2,0,2,1,-2.102838162435239,1.0671541487339793,1.229766204803393
1783,2,0,1,0,0,1,0,1,1,1,0,0,0,1,1,0,2,1,1,1,-0.0600391996233094,-1.1609326418841244,-0.5367531197378241
1784,0,2,2,0,0,0,0,1,0,0,1,1,1,1,0,1,1,1,1,1,0.17819361548269094,0.05398026973283726,-0.7601956150388547
1785,1,0,0,0,1,0,0,1,2,1,0,2,1,0,1,1,1,1,0,1,-0.9392200481700744,-0.2688581128727256,-0.5439845592855375
1786,2,2,0,0,1,1,0,1,0,1,0,0,0,0,0,0,1,2,0,2,0.10691047737923634,0.8826789887474156,0.4561525788941623
1787,2,2,0,0,0,1,0,0,0,0,0,1,1,0,0,1,1,1,1,1,-0.7176531846322356,0.7868607947467091,-0.1651224174239092
1788,0,1,0,0,0,0,0,0,2,0,1,0,0,2,0,0,1,0,1,1,-0.24154588509283045,0.05986538924114761,-1.4829793366762547
1789,1,2,0,1,0,2,0,1,1,1,1,0,1,0,0,0,1,2,0,2,0.5702462250485877,-0.312477448403902,-0.3878480416500481
1790,0,1,0,0,0,0,0,1,0,0,0,0,0,0,0,0,1,1,2,2,0.5204996606084047,0.5368235779606239,1.3423951730564212
1791,1,2,2,1,0,1,0,0,2,1,1,1,0,1,0,0,0,0,0,2,-1.5087830051320394,0.1137373606978902,0.1351144346735108
1792,1,1,0,1,1,1,0,2,2,0,0,0,0,1,1,0,1,0,1,2,0.784683860873192,-0.7902250073383048,1.3288239802354735
1793,0,1,0,0,0,0,0,0,0,1,0,0,1,1,0,1,1,1,0,1,-0.029284418299003915,0.14746115733044649,-0.1728426046198651
1794,0,2,1,0,0,1,0,1,0,0,0,0,0,0,1,1,0,1,0,0,-0.39372649655589803,-1.198643124006932,-0.4806051247666409
1795,1,0,1,1,0,1,0,1,1,0,0,0,0,0,1,1,1,2,1,2,-0.19339139497312796,-0.23049622337945835,-1.4264805924711021
1796,1,2,1,0,0,1,0,2,0,0,1,1,0,1,0,0,0,0,1,2,0.21275420212527218,0.26069038618775014,-0.238450137749187
1797,1,1,1,0,0,0,1,1,1,1,0,0,0,1,1,0,0,1,1,1,-0.7257629107444816,-0.04487828662133703,-0.8314106732057394
1798,1,1,1,0,1,2,0,2,1,1,0,0,0,1,0,0,2,2,2,2,1.9343531581619193,-0.2900933237532094,1.4284008415906575
1799,0,0,0,0,0,2,0,0,1,0,0,2,0,0,1,0,2,1,1,0,-0.028679261188558586,1.6896927967185653,1.0272848765983418
1800,1,1,1,0,0,1,0,2,1,0,1,0,1,0,0,0,1,0,1,2,-0.026467783236696983,-0.35322483862888443,-0.668378305267711
1801,1,2,2,0,1,0,0,0,1,0,0,1,1,0,2,1,2,0,2,0,-0.3681101834509232,-0.6696922340329925,-0.1520882075687463
1802,1,1,1,1,0,2,0,2,2,1,1,1,0,1,1,1,1,1,2,1,-0.6544403739475584,-1.7461013797150653,-0.7265471816814207
1803,0,1,0,2,1,1,0,1,0,1,0,0,0,0,0,1,1,1,1,1,0.9871202674484197,-0.36956150893588463,0.4831068035222815
1804,1,1,1,0,0,0,0,0,0,0,0,0,0,2,0,1,2,1,1,1,-1.3948698367697008,0.1612868143450894,-2.276437637309522
1805,1,0,1,0,0,2,0,0,0,0,0,0,0,2,0,0,1,1,2,0,0.15501788681248171,1.3308631703442957,-0.16438516213398158
1806,1,1,2,0,0,0,0,1,1,0,0,0,1,1,0,2,1,0,1,1,0.7768391720881783,2.673679808364815,0.8687516072570227
1807,0,1,2,1,0,2,0,2,0,0,1,0,0,0,0,0,1,2,0,1,0.2650592784575794,-0.2732186110807399,-1.1718294625460248
1808,0,2,0,2,0,0,0,0,2,1,0,1,0,1,0,0,0,2,1,0,-2.0000731520249326,-0.39472337911072886,-1.9600244332033783
1809,0,2,1,1,1,0,0,0,1,1,0,1,1,0,0,0,1,1,0,1,-1.109656092954984,-0.49728636930730435,-1.3829368071732309
1810,0,0,1,0,0,1,0,1,1,1,1,1,0,1,0,0,1,0,1,2,-0.8050174531898028,0.3282400520355709,-1.5898602948310903
1811,0,1,1,0,0,1,0,0,0,0,0,0,0,0,0,0,1,0,1,2,-0.6591359789228068,-0.9445176226986015,-0.5264009193413931
1812,0,1,2,0,2,2,1,1,1,1,0,0,0,0,0,1,1,0,0,1,0.6810548740817669,0.45058502151856067,1.2844440932225598
1813,1,1,1,0,2,1,0,2,1,2,0,1,0,2,2,0,1,1,0,2,-0.1467518274453988,0.973192818632642,-0.12662164069762247
1814,1,1,0,0,0,1,0,1,0,0,0,0,0,1,2,2,2,0,1,1,-2.927279997238935,0.4573657248359104,0.03974080559280435
1815,1,0,1,0,1,0,0,2,0,0,0,1,0,0,0,0,0,1,0,1,1.0649659873421424,0.2872474883875505,0.15804947287345655
1816,1,1,2,0,0,1,0,2,1,0,0,0,1,0,1,1,1,2,0,1,-0.19408941058442386,-0.226880376739875,-0.5429454472561233
1817,2,0,1,0,0,2,1,1,1,1,0,0,1,0,0,0,2,0,0,2,0.8545552926307451,-1.0008496925915813,1.7863546338048284
1818,1,0,1,1,0,2,0,1,0,0,0,0,1,1,0,2,1,0,0,2,-0.705634202106401,0.7979093507032384,-0.8374676595982803
1819,0,1,0,0,0,0,0,1,0,0,0,0,0,1,0,1,0,2,1,0,-0.04493732640177395,0.06406071648183914,0.16367607729360834
1820,0,1,2,0,1,0,0,0,1,0,0,0,0,0,2,0,0,2,1,1,0.08455127985906319,-0.16851792085976175,0.17869605731583293
1821,0,0,1,0,0,1,0,1,1,2,1,0,1,0,0,2,1,0,1,0,-1.2498726524323929,-1.4953285612338645,-1.1722622604865616
1822,2,0,1,1,0,2,0,1,1,0,1,0,0,0,0,1,2,0,0,2,-1.2187028254568326,-1.5957823279039633,-1.135990836230573
1823,1,2,1,0,0,1,0,1,0,0,0,1,0,0,0,1,1,1,1,0,-1.053462389447343,-0.3010234282146327,-0.8281767311940544
1824,2,2,1,0,1,2,0,1,1,0,1,0,0,1,0,0,1,2,1,1,-2.1728998549679335,-1.2181031827923265,-1.4117364196652202
1825,0,1,2,0,0,0,0,2,0,2,1,0,1,0,1,1,0,1,0,0,-0.5303337705860399,1.1467370618582378,0.37495699269623595
1826,0,1,2,0,1,1,0,0,1,1,0,0,0,0,0,2,2,1,1,1,1.1305041179848985,-1.3801279861548315,-1.2268220481923378
1827,0,1,1,1,0,1,0,1,0,0,0,0,1,1,2,1,1,0,1,0,-0.6303636241371562,0.4289612225364602,-1.121122062166586
1828,0,1,0,1,0,0,0,1,0,0,0,2,1,1,1,0,1,1,1,0,-0.3133132833692176,-0.3041830330059826,-0.9958538482992632
1829,0,1,1,0,1,0,0,0,0,2,0,0,1,0,1,1,1,2,1,1,-0.07221692548088131,-0.6210908090187343,-2.0055638014735813
1830,0,2,1,1,0,0,0,1,0,0,1,1,0,0,0,0,1,1,1,0,-1.3314204127198812,-0.5802936502965779,0.5193111752189421
1831,0,1,0,0,0,1,0,1,0,1,0,0,1,0,0,1,2,1,0,1,-1.2463949323725598,2.1368073983952662,3.0224591057585566
1832,1,0,2,0,0,2,0,0,0,1,1,1,0,0,0,0,0,1,1,1,-0.41340816444421785,0.15641885264278454,-1.2952515956454689
1833,1,0,1,0,0,0,0,2,0,0,0,0,0,0,1,1,1,1,1,2,0.9810035103847088,0.8689057289104993,-0.2058271424787259
1834,0,0,1,0,1,1,0,1,0,1,1,1,0,0,1,0,1,1,0,2,0.49972420468408074,-0.43160157657925197,-1.5378123984415741
1835,1,1,0,0,0,0,0,0,1,1,1,1,0,1,0,0,0,2,2,0,0.8745279863675709,1.1317470331433865,1.8749178789228256
1836,0,0,0,0,0,0,0,1,1,0,0,0,0,1,1,1,2,1,0,0,0.8771155022457908,0.1977578926194459,0.3894613632291066
1837,2,1,1,0,0,2,0,2,1,0,1,0,0,1,0,1,0,0,1,0,2.451139010572562,0.3942788629002485,1.471715322657141
1838,1,1,1,0,0,1,0,0,1,0,1,0,0,2,0,1,1,1,2,1,-1.9140814786904743,-2.0952335000261235,-1.5924285243513134
1839,0,1,1,0,0,1,0,1,1,0,0,0,1,1,0,1,1,1,1,1,-1.650927121044036,-1.3480590862164576,-2.5902145848826326
1840,1,0,0,0,0,0,0,0,1,0,1,0,0,1,0,1,1,2,1,0,0.9372327607395039,0.44795964796901155,-0.7969953202676501
1841,1,1,1,0,1,2,0,1,0,1,0,0,1,0,0,2,2,0,0,0,0.31062045364736673,-0.3916834088362858,0.843332896880614
1842,0,0,1,0,1,1,0,1,1,1,1,2,0,0,2,0,0,2,1,0,-0.6942256225765021,-0.2299003465360046,-0.04907018809301078
1843,0,1,1,0,0,1,0,2,1,2,0,1,1,0,1,1,1,0,0,0,-0.12335000662705932,-2.56465213412458,0.8636313582288966
1844,1,2,2,1,1,2,0,1,1,0,0,2,1,0,0,2,1,1,1,1,0.979243956828411,0.8142803845587934,0.9065246278551009
1845,0,0,1,0,0,2,0,2,1,0,1,0,1,0,0,0,1,1,0,1,-0.4017010939987197,0.5199791265374092,1.7961431648699389
1846,0,2,1,0,1,1,0,0,2,0,1,1,0,0,1,0,1,0,1,1,0.416468093042202,-0.27937193179539865,2.2005702911510814
1847,1,2,1,0,0,0,0,0,0,0,0,1,0,1,1,2,0,1,0,1,0.18975122296904556,1.356883883175875,-0.26808855352617567
1848,1,0,0,0,0,1,0,1,0,0,0,2,1,0,0,1,1,0,1,1,-0.4014643440711897,-0.6449191204119525,0.6139567031661675
1849,1,0,1,1,0,0,0,1,0,1,1,1,0,0,2,0,1,1,0,2,-0.18407329912979187,1.3017144145484187,-0.5059033685161811
1850,0,2,0,0,0,0,0,0,1,2,0,1,0,0,0,1,0,1,1,2,-0.18644438324488347,-0.39390994252340017,0.6575198549480002
1851,0,1,1,0,0,0,0,1,1,0,0,1,1,1,0,1,0,1,0,0,-0.9434996278660229,-0.2162155806961758,-1.8315674820471677
1852,1,1,0,0,1,1,0,0,1,1,0,0,0,0,0,1,0,1,1,0,0.16537051034748199,0.6627521168216324,-3.7759135882365653
1853,1,1,0,0,0,2,0,0,1,1,0,1,0,1,1,1,0,0,1,1,0.05352818023696785,0.09046802729442299,0.15037064345515444
1854,0,1,0,0,0,1,0,0,1,0,0,1,0,1,2,1,1,0,1,1,-1.7101340705961987,0.8811206260111487,-1.3250292646509934
1855,0,1,1,1,0,2,0,1,1,0,1,1,1,0,0,0,0,1,0,1,0.07996659123747625,0.651459543475826,-0.27759843277696067
1856,0,1,1,0,1,2,0,2,1,1,0,1,0,0,0,0,2,1,0,0,-1.7608914504777664,0.26257701638451403,-0.4675213866258515
1857,1,2,1,1,1,2,1,1,0,0,1,0,0,0,1,0,1,0,1,2,-0.9579078981018228,-0.9058641783278836,-2.2198148726136298
1858,1,1,0,0,1,2,0,0,0,0,0,0,0,0,0,1,2,0,0,1,-1.757014992689319,0.2827505712495595,0.9674870991844258
1859,0,1,0,2,0,0,0,1,2,2,1,1,0,0,1,0,1,1,1,0,0.7624297186036786,-0.3086274009572645,2.1603244065604104
1860,1,1,0,0,1,0,1,1,0,0,0,2,0,1,1,0,1,1,0,2,0.564531065759512,2.1277191087817116,1.496401642431784
1861,1,1,1,1,0,0,0,1,1,0,0,2,2,0,0,0,1,2,0,0,-0.09526196795639771,-0.1335825198213272,0.8680273063684947
1862,0,1,1,0,0,0,0,2,1,0,0,1,1,0,0,0,1,1,2,2,0.3530979120188813,1.2857310649846991,0.2724809705103062
1863,1,1,1,0,1,2,0,1,2,0,0,0,0,1,0,0,2,0,1,1,-0.4930974461682444,0.2553510589560016,0.8439885553132186
1864,1,0,2,0,0,2,0,2,0,0,0,0,1,1,1,1,2,0,0,0,-2.365400442914308,-0.5616618187390421,0.10931238727084569
1865,0,1,1,2,0,0,0,1,1,0,0,0,1,0,0,0,2,0,1,2,-0.934045609511191,-0.4668592893194016,-1.7509951734985498
1866,1,1,2,0,0,1,1,2,0,0,1,0,0,0,2,1,0,0,0,2,0.35273144948285295,1.2419936295110676,1.1903141037464828
1867,1,1,1,0,0,2,0,1,0,1,0,1,0,0,1,2,1,1,1,0,-0.6536452235599062,0.10673788626286887,-0.5700152422109703
1868,1,1,1,0,0,1,0,0,1,0,0,1,0,0,1,0,1,1,1,1,-1.4883100001569036,0.848672421971089,-0.07527938252127192
1869,0,2,2,0,0,0,0,2,0,0,0,0,0,1,1,2,0,0,1,0,0.8139227873327359,0.9532220575879664,-0.2953702013476005
1870,0,2,2,0,1,1,0,0,0,1,1,0,1,1,2,1,0,1,2,1,-1.9824677809064684,-1.3068843488453106,-1.5755300368911496
1871,0,1,2,0,0,1,0,1,1,0,0,0,1,0,0,0,0,1,2,1,1.1881194987847923,-0.8402427692078537,1.824114221144101
1872,0,1,0,1,0,0,0,2,1,1,0,1,0,0,0,0,1,0,2,1,-0.2707183077247996,-0.7372189169055136,0.1565910759352907
1873,0,1,0,0,1,1,0,1,1,0,0,0,0,0,0,0,0,1,1,1,-1.5197606723795432,0.6592447941334334,-0.36675419452757024
1874,0,1,1,0,0,1,0,1,2,0,0,1,1,1,0,2,1,1,1,1,1.178600942883146,-0.03269314024969333,0.20641748382834701
1875,1,0,1,0,1,1,0,0,0,1,0,1,0,0,0,0,0,1,0,1,1.2665731848109527,0.4477195450741238,2.3685149070659337
1876,0,0,1,0,1,0,1,0,1,0,0,0,0,0,1,0,1,0,1,2,-1.8016345328743064,-0.772666912851288,-1.048221892533768
1877,1,0,2,0,0,1,0,0,1,2,2,0,1,1,0,0,1,1,0,1,1.9268687845620713,-1.2126353276413626,0.18558862289250144
1878,1,1,1,0,0,1,1,0,1,0,1,0,0,0,0,1,1,2,1,2,0.5289123430881743,0.5165730279302354,1.4000906566830602
1879,1,0,1,0,0,2,0,2,1,0,1,0,1,0,1,0,1,0,1,1,2.0778626218898393,1.6478953511153795,1.8391291428810268
1880,0,1,0,0,0,0,1,1,2,1,0,0,1,0,0,1,1,1,1,2,0.09678394876034184,-0.2695723367537451,-0.7026364298343295
1881,0,1,0,0,0,1,1,2,0,1,0,1,0,0,0,1,1,0,0,1,-0.2987187743932614,1.0306254728139825,1.1688778625268665
1882,0,1,0,2,0,0,0,0,0,0,0,1,0,0,0,0,1,0,0,0,0.6719650684934322,0.6877943394815326,1.1751171417541602
1883,1,0,1,0,0,1,0,0,1,0,0,1,0,1,0,1,0,1,0,1,1.0300458069611167,-1.8043322160843296,-0.5555552277694399
1884,0,0,0,0,0,0,0,2,1,2,0,0,0,1,0,0,1,0,1,1,-0.4999526264238736,-0.08426537365598187,-0.5688511332276538
1885,0,1,0,0,1,2,0,2,0,1,0,0,0,0,1,0,0,0,0,1,-0.015003713994993482,-0.010648984660813363,1.3587605133914196
1886,0,0,1,0,0,1,0,1,0,0,1,0,0,1,1,1,1,1,1,1,-0.39984380481570536,-0.6388106130313235,-0.29632953965598485
1887,2,1,0,0,0,2,1,1,1,0,0,0,0,1,1,0,0,1,2,0,-0.6370213366523566,-0.1583774451842545,-0.8104845714306549
1888,2,1,0,0,0,1,0,0,1,1,1,0,0,0,0,1,0,1,0,0,0.3974367462188739,-0.3998561842513324,-0.339529403598676
1889,1,1,2,0,1,1,0,2,1,0,1,0,0,0,1,1,1,0,0,2,-1.5785727298213936,0.41770472601369246,-1.206549334787472
1890,1,2,0,0,0,0,0,1,0,0,1,1,0,0,1,1,1,1,1,1,0.04038437085616413,0.7370345215880247,-0.5627063159417199
1891,0,1,2,0,1,0,0,0,1,2,1,0,0,0,0,1,0,1,0,0,1.475875180985566,-0.31755744416221404,3.307596911080824
1892,1,1,1,0,1,1,0,0,1,1,1,0,0,0,1,0,0,1,1,1,-1.7023483948542735,-0.7904384272266407,-1.9604634802696528
1893,1,1,1,1,0,1,0,1,0,1,0,0,0,2,1,0,0,1,0,1,0.10064491841516374,1.1928354954611895,-2.3856940465929144
1894,1,2,0,0,0,1,0,1,0,0,1,1,0,0,1,1,1,0,1,1,0.95686024155468,-1.2459163844145957,-1.0612868836981613
1895,1,0,0,1,2,1,0,0,1,0,0,0,1,1,1,2,0,1,1,2,-0.1930131909892259,-0.42515255590626955,-1.4299873155933653
1896,0,1,2,0,0,2,0,2,1,1,0,0,0,2,1,1,1,2,0,1,-1.6950184671466044,-0.7662811587346581,-0.5878290786836826
1897,1,0,2,0,0,0,0,2,0,1,1,0,0,0,1,1,1,1,0,2,0.7174600277472588,-0.8695625590688355,-0.32827139831474156
1898,1,1,1,0,0,1,0,2,0,0,1,1,0,1,0,1,0,0,1,2,-0.6770306276476874,0.9950196979806705,-0.7019223460953197
1899,1,1,2,0,0,1,1,2,1,0,0,0,0,1,0,1,1,1,1,1,0.8182186214002034,0.33306727487537446,1.2154727529535405
1900,1,1,1,0,2,0,1,1,1,0,0,1,1,0,2,0,2,2,2,1,-1.491230326192152,-0.15773935157872493,-1.7303432029413632
1901,0,0,0,0,0,0,0,1,0,1,0,0,1,2,0,0,1,0,0,0,1.134738403251841,2.017398013930493,0.7376287917267537
1902,1,0,0,0,0,1,0,1,1,1,0,1,0,1,0,1,2,1,1,0,-1.9791344046508026,-1.5491410450113183,-1.183045988093566
1903,0,2,0,1,1,0,1,0,0,0,0,1,1,0,1,0,1,1,0,2,0.5010422796875336,-2.165304837098098,1.1604435916726552
1904,0,0,2,0,0,0,0,1,1,0,0,0,1,0,0,0,0,0,0,1,-0.5065778727122618,-1.5010174470023974,-1.4935922297334487
1905,0,1,0,0,1,1,0,2,0,0,0,0,1,0,0,1,1,1,0,2,0.5947461745319984,-0.2872848247216644,-1.582785793422306
1906,0,0,1,1,0,2,0,2,1,1,0,0,0,0,0,2,0,2,1,2,0.2633691612183246,0.6560027880268929,-0.3222379802552565
1907,0,1,1,0,1,1,0,0,0,1,0,0,0,0,0,0,1,1,2,2,-0.6888758316119181,-0.881314344603519,-0.764549305970416
1908,0,0,2,0,0,0,0,0,1,0,1,0,0,0,1,1,2,1,0,1,0.23997205085062992,-0.8713309199995549,-0.585262615380991
1909,0,1,1,0,0,2,0,1,1,1,1,0,1,1,0,0,2,0,2,1,-0.186819445211349,0.5432720740985719,0.3025136755032727
1910,1,2,0,1,1,0,0,1,1,0,0,0,1,0,2,0,0,0,0,1,0.10443399021590914,0.6169104999626353,-0.0745485954359199
1911,1,0,1,0,0,1,0,0,0,0,0,1,0,0,1,1,1,0,0,0,-1.4325554493979888,0.8994762573149794,-0.0160376680522738
1912,0,2,0,1,1,2,0,0,1,0,1,0,0,0,0,2,0,0,0,1,0.9123436629388868,1.4956082465055545,1.9543777193080891
1913,2,2,0,0,0,2,0,1,2,1,0,1,0,2,2,0,2,0,1,2,0.37881568913901686,-0.2795875966010868,0.42029172287941907
1914,1,0,0,0,0,0,0,1,1,0,0,1,0,0,0,2,1,1,0,1,-0.5375205942120761,-2.1292075756412263,-1.526581672204774
1915,1,1,0,1,0,0,0,1,2,1,0,0,1,0,0,1,1,1,1,0,1.567349343817397,1.0591751447772282,-0.17400313164759873
1916,0,0,0,0,0,1,0,0,0,1,1,0,1,0,2,0,1,2,0,0,0.8338765598829694,1.5056565222022444,0.06774750790611084
1917,1,2,1,0,0,2,0,1,1,0,1,0,0,0,0,0,1,0,1,0,1.9679437488534621,1.303903351256835,-0.2327780394012664
1918,0,1,2,1,1,0,0,2,0,2,0,0,0,0,0,1,0,0,0,1,-2.344358761196845,-1.3254868129855641,-1.7781069058712315
1919,0,0,0,0,0,1,0,0,0,1,0,0,0,1,1,0,2,1,0,1,0.10774253535743634,-2.1530294963258725,0.7110812177985724
1920,0,1,0,0,1,0,0,0,0,0,1,0,1,0,2,1,1,1,1,1,0.33141407369648423,-0.9029375223594786,0.003967390704443546
1921,1,0,1,1,1,0,0,0,1,0,0,1,0,0,0,1,1,1,1,1,-2.971786173518502,-1.2073498814191346,-2.266838055907355
1922,1,1,0,0,0,0,0,1,1,0,0,0,0,1,0,0,1,0,0,1,0.10648747584464265,-0.7179430318067946,-0.3162642584769031
1923,0,2,0,0,0,1,0,1,1,0,1,0,0,1,1,0,1,0,0,0,-0.989758864296322,0.5559169178368051,0.4939558820984061
1924,1,1,0,0,0,0,0,1,0,1,0,0,1,1,0,0,1,0,2,1,0.005046749779427894,0.3094477317322345,-0.22338209211607868
1925,0,1,1,1,0,2,0,2,1,1,0,0,0,0,1,0,0,1,0,1,-0.4119207375048455,-1.1199671432197986,-1.9472763205589918
1926,0,2,1,0,0,2,0,2,0,0,1,0,0,0,0,1,1,0,1,2,1.1756830247754777,-0.633183629989928,1.9984925560800866
1927,1,1,0,0,0,1,0,2,2,0,0,0,0,0,1,2,1,0,1,1,-1.1031245710602544,-1.4398785897380226,0.1272188760291968
1928,2,1,2,0,0,2,1,0,1,1,1,0,0,0,0,0,1,0,2,1,0.6085403785254311,0.29712694017325936,0.762344511157649
1929,0,1,1,1,0,2,1,2,1,2,1,1,0,0,0,2,0,1,0,2,1.334224080226225,0.4699399157706405,-0.044594340476957206
1930,1,0,0,0,0,1,0,1,0,1,1,1,0,1,1,1,1,2,1,1,0.32294813508857195,0.07616256988602269,-0.37638087116427654
1931,1,0,1,0,0,2,0,2,1,0,0,0,1,1,1,1,2,1,1,1,2.4741806342225714,0.789248973194346,2.014276644568279
1932,0,0,1,2,0,1,0,2,1,0,1,0,0,0,0,1,1,1,1,1,0.7449604664834478,-0.203591230242025,-0.30416090298476883
1933,2,1,2,1,1,2,0,0,1,1,1,1,0,1,0,0,1,0,0,1,0.4237878493635959,0.7031475206346977,1.2374311702794096
1934,1,0,1,0,0,1,0,0,0,0,0,0,0,0,1,1,0,0,0,0,-0.15742396417562923,-1.0558909173244382,0.8493435476155008
1935,1,2,1,1,0,1,0,1,0,0,1,0,0,0,1,0,1,1,1,0,1.414360894851657,-0.37283058653852663,0.5849108957868907
1936,1,1,1,0,2,0,0,0,0,0,0,0,0,1,1,0,1,2,0,0,-1.183251678135045,0.7337499600738696,-0.6819414208088668
1937,1,0,0,0,1,1,0,1,1,0,1,0,0,1,0,0,1,0,1,1,1.8678330955288975,0.09910917294185281,1.4423295816060078
1938,0,0,0,0,2,1,0,2,1,1,0,0,1,0,0,0,1,1,1,2,1.7855192513345715,1.5259306302136766,2.4605444723703442
1939,2,1,1,0,0,1,0,1,1,2,0,1,0,1,1,0,0,1,1,0,1.6915837644075395,2.4551769384667095,0.6307321790303346
1940,2,1,1,0,0,0,1,2,1,0,0,1,1,0,1,1,1,0,2,1,-0.0999202155931289,-0.8319511521588736,1.0721186094031783
1941,1,1,1,0,0,0,0,1,2,0,1,0,0,1,1,1,2,0,1,0,1.732547027427505,0.6493387025444997,0.413603919765849
1942,2,1,0,1,0,1,0,1,1,1,0,0,0,0,1,1,0,1,1,0,0.4736778097605015,0.696591507140235,-2.093008407715332
1943,1,1,1,0,1,0,0,1,0,0,0,0,1,0,2,0,2,0,0,0,-0.06584635039843513,-0.43953139700815835,-0.7512256142745161
1944,1,1,0,0,0,1,0,1,0,0,0,0,1,0,1,1,1,1,2,0,0.16216184900051003,0.2667878564745025,1.6643532536959886
1945,1,0,0,0,0,2,1,2,0,0,2,1,0,0,1,1,2,1,0,0,0.3122107062097834,0.7807554935418286,-1.9540853606138548
1946,1,1,2,0,0,2,0,2,0,0,0,0,0,2,0,0,1,1,0,1,-1.327606075332904,0.8528965990431343,-0.23289893114661733
1947,0,2,1,0,0,2,0,2,1,0,1,0,1,0,1,0,1,0,1,1,0.38735677624984416,0.1785910618831598,1.496695954801574
1948,1,2,0,1,0,0,0,1,0,0,1,1,1,1,1,2,2,1,1,2,-0.3397013260282742,2.179426450113981,-0.8541178747096287
1949,2,0,0,1,0,2,0,2,0,1,0,1,0,0,1,1,2,0,1,0,-1.3739974436463473,-0.0941651104256297,-2.132936315616041
1950,0,1,1,0,0,2,0,1,2,1,0,0,0,0,0,1,0,1,0,2,-1.6269325342186958,-0.7365498661944662,-0.6545070481377769
1951,0,1,1,2,1,1,0,0,1,1,0,0,1,0,1,1,1,1,0,0,-0.2537367032085429,-1.3120483576022015,0.9755520429680146
1952,0,0,2,0,0,1,0,2,1,0,0,1,1,0,0,1,1,1,1,1,0.4282552467015936,-0.7572076702824291,0.7582154678637543
1953,0,1,0,0,0,1,0,1,2,0,0,0,0,1,0,0,2,1,0,1,0.28438108552417474,0.4405102929679722,0.02474148706264223
1954,0,1,1,1,0,0,0,1,0,0,1,0,0,0,1,2,1,2,1,2,0.5663943491663419,1.680648699570325,1.8062665320002225
1955,0,1,2,0,0,1,0,0,1,0,1,0,1,0,1,0,1,0,1,0,-0.42753699617239094,-0.9214203814694155,0.4270824884638712
1956,2,0,1,1,0,1,1,0,1,0,0,1,0,1,0,1,1,0,1,1,-0.5873561286098087,-0.08000206927744724,-0.7754400325465485
1957,1,2,1,0,1,1,0,1,0,0,0,0,1,0,0,1,1,1,1,1,-1.143711751631685,-0.643919343252237,0.5399463922149673
1958,2,0,1,0,0,0,0,1,1,0,0,0,1,0,0,1,1,2,0,2,-1.5146479660927237,-0.712252176661533,-1.546893813836958
1959,1,1,0,0,0,1,0,0,2,0,1,0,1,0,0,0,2,1,0,0,0.5248559380989678,-0.49373601690336366,1.8915575566427665
1960,1,1,0,0,1,1,0,2,0,0,1,0,0,0,0,1,0,0,2,1,-1.05470412564241,1.955443998273431,0.36869090732894827
1961,1,1,1,0,0,2,0,1,0,0,0,0,0,0,1,1,1,0,0,1,-0.1846858536411097,-0.18656721572024418,-1.6597728416705169
1962,0,1,0,0,0,1,0,1,1,0,0,1,0,0,0,1,0,1,1,1,0.31687936240351416,-1.291690298602524,-0.19933043415194845
1963,2,0,1,0,0,1,0,1,2,0,0,0,0,0,1,0,1,1,0,1,0.12980662355958175,0.046884676410826887,-0.7677685364738328
1964,1,1,0,0,1,0,0,1,0,0,0,1,1,1,0,1,0,0,0,0,0.8842182949166886,0.686316619930876,0.5141952387030497
1965,1,0,0,0,0,2,0,1,1,0,0,0,0,0,0,0,1,2,1,1,0.5992973818847482,0.13583473357667872,1.0379148573111534
1966,2,2,1,1,1,1,0,0,1,1,0,2,0,1,1,1,2,0,2,2,0.06595829992974625,1.208258027078074,0.8521256047173333
1967,0,1,0,1,0,1,0,2,0,2,1,0,1,0,0,0,1,1,1,1,-1.1994338023616353,-0.27579185199635337,-1.218512714449548
1968,1,2,0,1,0,0,0,2,1,0,0,0,1,0,0,0,2,0,0,1,0.40412120167775745,-0.2651734595931611,0.7118461560892644
1969,1,1,0,0,0,1,0,0,1,0,0,1,1,1,0,0,1,0,0,1,1.069098750724168,0.692597162696792,0.8099339558382834
1970,1,1,0,1,0,1,1,0,0,0,1,0,1,0,1,1,2,1,1,0,-2.0222666266877942,0.5537795977207018,1.8114902462121234
1971,1,0,1,0,1,0,0,0,1,0,0,1,0,1,1,0,1,1,0,1,-1.3821600825846476,-0.7961892859020375,0.03133872856503672
1972,1,1,1,0,1,1,0,1,0,0,1,0,0,0,1,1,1,1,1,2,0.10068467041018299,0.6531697835381672,1.323981346705794
1973,0,0,0,1,1,1,0,1,0,1,0,0,1,0,1,1,2,1,1,0,-0.7484205079940317,-0.21176227812036436,-0.749755085975324
1974,0,2,1,1,1,1,0,1,0,1,0,1,0,0,0,0,1,0,1,1,1.8864376030059067,-0.38803262144232176,1.12168752738523
1975,1,0,2,0,1,0,1,0,1,0,0,1,0,1,0,2,1,1,2,1,1.1635363617956296,1.2737797480820034,1.161339312798675
1976,0,0,0,0,1,1,0,0,1,0,0,1,0,2,1,1,1,0,0,1,-0.10255094275628314,-0.45710051696611964,0.26550506864624734
1977,0,0,0,0,1,0,0,0,1,0,1,0,0,0,1,0,2,1,0,1,0.4720257835733278,-0.15253638540463904,-0.16941851265262833
1978,0,0,0,0,0,0,0,0,0,0,0,0,0,0,0,0,0,1,0,1,0.5090966156482737,-1.1107856989606764,-0.9825685895151255
1979,2,0,1,1,0,2,0,0,0,2,0,0,1,1,1,0,2,0,1,2,-0.7396169818094034,-0.5826026695875003,-0.03119365875858182
1980,0,0,0,0,1,1,0,2,0,0,0,0,2,0,1,0,2,0,1,1,0.21603079221834748,1.5545219237791668,0.8185410413823123
1981,0,1,0,1,1,1,0,1,2,0,0,0,0,0,0,1,1,2,1,1,1.9704436747006078,0.5846516644470822,1.7843779820306402
1982,1,1,1,0,0,1,1,0,2,0,0,1,0,0,0,0,1,1,1,1,0.4641025871445889,-0.3022964539010048,-0.8809679586751943
1983,0,1,1,0,1,0,0,1,0,0,0,0,2,1,0,0,0,0,1,1,-1.216586305958288,1.4432473151303629,0.7109651805541468
1984,0,1,2,2,0,1,1,0,1,1,1,1,1,2,0,1,2,1,1,1,-0.19420297040691534,0.12218970588088646,-1.2151546823274486
1985,1,2,1,1,0,2,0,0,0,0,0,0,0,0,0,1,2,0,1,1,0.5062777301345804,0.1714480085497638,0.2786923424640815
1986,0,0,0,0,1,1,0,1,1,1,1,0,0,0,0,1,1,1,2,1,0.23347989269451355,-0.3301810860019485,-0.10229213572119177
1987,1,0,0,0,0,0,0,0,1,0,0,0,0,1,2,1,2,1,0,2,0.13452241470802198,1.5160957770855097,1.7264183193163123
1988,0,0,0,0,0,1,0,1,1,0,0,1,0,1,0,0,2,1,1,2,-2.109669072895843,-1.404791331093063,-0.61365276752424
1989,2,0,1,0,1,1,0,2,0,0,0,0,1,0,1,0,2,2,1,2,-0.32490453599425057,0.9978923491914954,0.8695543038792877
1990,0,1,1,0,0,2,0,1,0,0,0,1,1,1,0,1,0,1,2,0,1.394728029645794,0.2905437638198745,-0.910069088073951
1991,1,2,2,0,0,0,0,0,1,1,0,0,1,0,1,1,2,2,1,1,0.37605509486121885,-1.2276048153306072,-1.452457203817408
1992,1,0,0,2,2,2,0,2,1,0,1,0,1,1,1,0,2,0,0,1,-0.2868152801744411,-0.9621173211558598,-1.3631481557313703
1993,0,1,1,0,0,1,0,1,1,0,0,1,0,1,0,1,1,1,0,1,1.9250874137733154,2.4017317880369147,1.2221428315292564
1994,0,0,1,0,2,0,0,1,0,1,0,1,0,1,0,2,0,1,2,0,-1.9527432946894552,0.22530025012928973,-2.0598340758967586
1995,1,1,1,0,0,0,0,2,1,0,0,1,1,0,2,0,1,2,0,0,0.9374130716105251,0.607782798237293,2.620543421187247
1996,1,1,0,0,0,1,0,1,0,1,0,0,0,0,0,2,0,0,1,1,-0.545920018118176,-2.977807729355537,-1.1528319510228398
1997,1,2,0,2,1,2,0,2,2,2,0,0,0,0,0,1,0,0,1,0,-1.1460007008634137,-1.0067475614489594,-0.3886331556513146
1998,1,1,0,0,0,0,0,0,2,2,0,0,1,0,1,0,1,1,0,0,1.2217103742375357,-0.8678143413573068,-1.8761448011413957
1999,0,1,1,1,1,1,0,2,1,0,0,0,1,0,1,1,1,1,0,1,0.4378374025152432,-0.37356092755166187,0.12221377920161963
2000,1,1,1,0,0,0,1,1,2,2,0,0,1,2,1,1,1,1,0,2,-1.396764331137803,0.1803085660741055,-2.207825372748359
2001,0,2,1,0,1,1,0,1,2,0,0,0,0,1,1,1,2,1,1,0,0.022255906954089175,-0.6425326121137216,-1.71132345427365
2002,1,1,0,0,0,2,0,0,1,0,0,2,1,1,2,1,1,0,0,1,-0.08330789295730091,0.04288857961750889,-0.7228975516652791
2003,0,1,0,0,0,2,1,0,1,2,0,1,0,0,0,1,1,0,1,1,1.0236724578134724,-0.09716082303486195,1.1763200700502967
2004,0,1,1,0,0,2,0,1,1,0,1,0,0,1,1,1,0,1,1,1,0.2903506741474789,-0.08734228260270796,-1.0358634213167508
2005,0,0,0,1,0,1,1,1,1,0,0,0,0,0,1,0,1,0,0,2,-0.9747321155128061,0.33037172750695104,0.4933506061230281
2006,0,2,1,0,0,2,0,1,1,1,0,0,0,1,1,0,1,1,1,0,0.40111666746620533,-0.359957603808219,-0.1780291219493448
2007,1,1,2,0,1,0,0,0,0,0,1,1,1,1,0,2,1,0,0,2,-1.8883344807477367,1.0723661167425464,-1.0047955640083028
2008,0,0,0,0,0,0,0,1,1,0,0,0,0,0,0,1,0,1,1,1,-1.4901294438132484,-1.2114936083609313,-0.5199682491676543
2009,1,0,1,0,2,2,1,0,0,1,1,0,0,1,0,0,1,1,1,0,-2.160276000275972,1.3742314551278927,0.7892198877039156
2010,1,0,1,0,1,1,0,1,1,1,1,0,0,0,0,0,1,0,1,1,0.9306353030714867,1.363332687475414,0.8367402602738621
2011,0,1,0,0,1,0,0,1,1,0,0,0,0,1,1,1,1,0,1,2,0.25172918171345593,0.8918070626258225,0.38677474106746923
2012,0,2,1,0,0,0,0,0,1,0,0,1,0,1,0,1,1,0,1,0,-0.7561435007385419,0.04405384569568731,-0.9489678371766301
2013,2,1,1,0,0,0,0,1,1,1,0,0,0,0,0,0,1,1,2,2,1.5309775162712709,0.0950423738664595,-0.8074289023899265
2014,1,1,0,0,1,1,0,1,0,0,1,1,0,1,0,1,1,2,1,0,0.70369648563972,-0.3525270776801654,0.20588069559504105
2015,1,1,0,0,0,1,1,1,1,0,1,1,1,1,2,1,0,1,1,2,-0.022574341045502138,-0.44373582612947804,-0.20477374294716538
2016,1,2,0,0,1,2,0,0,1,0,0,0,0,0,0,0,0,2,1,1,1.1194341106644197,-0.31567443428925823,0.23779658215914776
2017,0,0,1,0,0,2,0,1,0,0,1,1,0,1,0,1,1,0,0,0,0.49327376476386414,-0.01373986475118319,-1.330177196797643
2018,1,0,1,0,0,0,0,1,0,2,1,0,1,1,0,0,2,1,2,0,-0.33453642913432713,-0.8594348698522435,0.30452560145270774
2019,1,2,1,0,0,0,0,1,1,0,1,0,1,0,1,1,2,0,1,1,0.24374275955243935,0.11972014342197043,-0.03890101976900337
2020,0,2,2,0,0,2,0,0,0,0,1,1,1,1,0,1,1,0,1,1,0.08465395518453026,1.2944770523741014,0.22446440204865523
2021,0,0,1,0,0,1,0,1,0,0,0,0,1,0,0,0,0,1,0,0,1.0214057292894403,-1.8389173168729316,-0.7649443756079971
2022,2,0,0,1,1,1,0,0,1,1,1,1,1,1,1,2,2,0,1,1,-1.3199195077857937,-1.509299160312302,-2.072205664785079
2023,2,1,0,1,0,1,0,1,0,2,0,0,0,1,1,1,1,1,1,0,-0.7294297520573004,0.17647598619901206,0.2622751936656169
2024,1,1,1,0,0,2,0,1,2,1,0,0,0,0,1,1,1,1,1,0,-0.22406115397892726,0.5784139315775357,0.028527288198554476
2025,0,1,0,0,0,1,0,1,0,0,0,0,0,0,0,1,1,1,0,2,-1.1074143737435524,1.281723642274829,-1.312370989776133
2026,1,2,2,0,1,1,0,0,1,2,0,0,1,0,0,1,2,1,1,1,-1.4255592730183049,-1.577795295096267,0.3579439704154428
2027,1,1,1,0,2,1,1,0,2,0,1,0,0,0,0,0,1,0,1,2,-0.0333633349530851,-0.060209549226171,-1.1334989203870915
2028,1,1,0,0,0,0,0,1,1,0,2,1,1,1,0,0,1,0,1,1,0.9581111726571478,-0.2835958219483967,-0.14188269317418623
2029,1,1,1,0,1,1,0,1,1,0,0,0,1,0,0,0,2,0,0,2,-1.1478114417569363,-1.4048766699372686,-1.592430439964167
2030,1,0,1,0,0,2,1,1,0,0,0,0,0,0,1,0,2,1,0,1,-0.9427943735092229,-0.2705963244906987,0.7248607794571302
2031,1,0,1,1,0,2,0,1,0,0,1,1,0,0,0,0,2,2,0,1,-1.4476337128202545,-0.9360193611087061,-0.1565160183656945
2032,1,2,0,0,0,2,0,0,1,0,0,0,2,0,0,1,0,1,1,2,0.5788047200395728,0.2013450008172986,1.1998623531485826
2033,1,1,0,0,0,1,0,1,1,1,0,1,0,0,0,1,1,2,1,2,-2.070242800853819,0.3550710462367312,-0.6906556719146826
2034,0,1,1,1,0,1,0,0,1,1,0,1,0,0,1,0,2,1,0,1,1.0232377005828148,-0.21597790369917286,0.6060270831712276
2035,0,1,0,0,0,0,0,0,1,0,0,0,1,1,2,2,2,0,0,1,0.6113617411930621,-0.5697375688527736,1.8497341606140665
2036,0,2,1,0,0,1,0,1,0,0,0,0,0,1,0,1,1,0,2,1,0.8414102008695873,1.042991150722874,2.337504480186596
2037,1,1,2,0,0,1,0,1,2,0,0,0,0,1,2,2,2,1,2,2,0.23395345318102825,0.18668418793445657,-0.5963088358703791
2038,1,1,1,0,0,1,0,1,2,0,1,0,0,0,0,0,1,1,0,0,0.7284868519161393,-0.6466156017755325,0.143043262112881
2039,0,1,1,0,0,0,0,0,0,0,0,0,0,2,1,1,2,2,0,1,0.37689064496003744,-1.6223959806710417,-0.006290355633674027
2040,0,1,1,0,0,1,0,1,2,0,0,0,0,0,0,0,1,0,1,0,-1.228288626514033,-1.9106958942789496,-1.5453532290616558
2041,1,2,2,1,0,1,0,1,0,1,1,0,1,0,1,1,1,1,0,0,0.28873659814669816,0.258401697087435,0.4432669055161746
2042,0,1,0,0,1,0,0,1,0,1,2,1,1,0,2,0,1,0,1,1,0.6665929571019327,0.534356206545638,0.16044855206301673
2043,0,1,0,0,0,2,0,0,0,1,1,0,0,0,0,1,2,1,0,1,-2.1038648905295867,-1.2813051429114581,-0.8364435432287758
2044,2,1,1,0,0,1,1,2,0,1,0,0,1,0,0,0,2,2,2,0,1.5777922466929748,-0.9397570795502345,1.4341820027441625
2045,1,1,1,0,0,0,0,0,1,0,0,0,0,1,1,1,1,0,0,0,-0.5798425832652889,-0.9234493103877861,1.2805104503307634
2046,1,0,0,0,1,0,0,0,0,2,0,0,0,1,1,1,1,0,2,1,-0.014937065927253985,0.5939856913055185,1.2595415673096972
2047,0,0,1,0,1,0,1,1,1,0,0,0,0,1,1,1,1,1,1,0,0.649646437632942,0.35972657774360883,-0.5032314897633543
2048,1,0,1,1,1,1,1,0,1,2,0,0,1,0,2,0,0,0,0,1,-2.6324617104039687,0.19587055158101874,-0.7373848658366862
2049,1,2,1,0,0,1,0,1,1,1,1,1,0,0,1,1,1,1,1,0,0.45026096732980075,-1.3964008198149198,-0.20945606221683433
2050,1,0,0,1,1,0,0,0,1,0,0,0,1,0,0,0,1,2,0,1,-0.5654283183183989,-0.6821497793939195,0.4032284256264826
2051,0,2,0,1,0,0,0,0,0,0,0,2,0,1,1,0,1,1,2,1,0.24342451027068546,0.8252632118860379,0.8855354029047589
2052,1,1,0,0,0,2,0,2,1,0,1,0,0,1,1,0,0,2,1,1,-0.4623624115745748,-0.8045893403198823,-1.3554720102521474
2053,2,2,1,0,1,1,0,1,1,0,1,0,0,1,0,1,1,0,1,2,-2.031908235128369,-1.5475574426209306,-1.6679671299664087
2054,0,1,0,0,0,1,0,1,1,1,0,0,1,0,0,2,2,0,1,1,0.9051589955423778,0.06750764958850368,0.04730416057071579
2055,1,1,0,1,1,1,0,2,0,0,0,0,0,0,1,1,1,0,1,0,-2.19493694067437,-0.6037199166688547,-2.083184160988383
2056,0,0,1,0,0,1,0,0,1,0,0,1,0,0,1,1,1,0,0,1,-0.3393227027693225,-0.37464832886985866,0.1520121050655241
2057,1,2,1,1,0,2,0,0,0,1,0,2,1,0,1,0,1,1,0,0,1.8012849436472085,0.25224813223862474,0.6007937831954929
2058,0,2,0,0,0,1,0,1,2,1,0,1,0,0,0,1,1,2,1,2,0.4079978955799612,-0.961950289158248,-0.6699452896926494
2059,1,1,1,0,0,1,0,0,0,0,1,1,0,1,0,2,2,0,1,1,0.12373701854274151,-0.9750335978097291,0.26499230463217754
2060,1,1,2,0,0,1,0,1,1,1,0,0,1,0,1,1,2,1,2,1,-0.5330219112297566,0.8980007083730177,0.6910176901192061
2061,1,1,0,1,0,0,0,1,1,1,1,1,0,1,0,1,0,1,0,1,1.8436053754190664,-0.6323135046863751,0.05950925680165953
2062,1,0,2,0,0,0,0,1,0,0,0,1,0,1,0,2,1,0,1,1,0.4400933861070087,-0.21672383673692908,1.083960234313457
2063,2,2,0,0,0,0,1,0,0,1,0,0,0,0,1,2,1,0,1,1,0.3305226288426176,-0.9934288563578996,-0.46963272834443837
2064,1,2,0,0,1,1,0,0,2,0,0,0,0,1,0,0,0,2,0,2,1.036610707493615,-0.07683691640445428,-0.7148551350478857
2065,1,1,1,0,1,0,0,1,2,0,1,0,1,1,1,0,2,1,0,0,0.04708932830720531,0.2993605732972835,-0.12767284815966196
2066,0,0,1,0,0,1,0,1,1,0,0,0,0,1,0,0,1,1,1,1,1.7617500651839426,0.2626591484545876,1.4433035369675369
2067,1,0,2,0,1,2,0,0,0,0,0,1,0,0,2,1,0,1,0,2,-0.9973819432439819,-0.6989746562422111,-1.433344172465854
2068,1,1,2,0,0,0,0,2,1,2,0,0,0,0,0,0,0,1,1,0,-1.4153146013665991,-1.4190775460101055,-0.1505643276523666
2069,0,1,1,1,1,0,0,2,1,1,0,0,1,1,0,0,1,2,0,1,-0.6119305879919695,-0.9501272349816404,-0.9283618276281173
2070,1,1,0,0,0,0,0,1,1,0,0,0,0,0,0,0,1,0,1,2,-1.038215096226382,0.25982156024672187,1.0130930492480812
2071,1,1,1,0,1,0,0,1,0,0,0,0,1,0,1,0,0,0,1,2,-0.00797849716243573,0.2786700524415859,-0.3101225772098022
2072,1,1,0,0,0,2,0,0,0,1,1,2,0,1,0,1,1,2,0,2,-0.05695713035963192,-1.2617289013069077,-0.600808076638978
2073,1,0,1,0,1,1,0,1,2,1,0,0,1,0,1,1,1,2,1,0,0.7353614816638515,-0.47520510986502906,-0.8855451229009083
2074,1,0,1,0,0,1,1,1,1,0,1,1,0,0,1,1,2,1,2,1,-0.608866625570154,1.3476081408339533,0.05735907617509997
2075,0,0,0,2,1,0,0,1,1,2,0,0,1,0,0,1,2,1,1,1,2.044903443308576,1.7512200711848058,1.9912048078743179
2076,0,0,1,0,0,0,1,1,2,1,0,0,1,1,1,1,2,2,1,2,0.4405088448778416,2.013445254385552,-1.2334338156239375
2077,2,1,0,0,0,0,0,1,0,1,0,1,0,0,1,1,2,1,1,0,0.5078023048450542,-0.33948733522207203,1.8837157893800929
2078,2,2,1,0,1,0,0,1,0,0,1,0,0,1,1,0,1,2,0,0,0.9938015910663553,-0.1089421456437153,-1.487614584960856
2079,0,1,0,1,1,1,0,1,1,0,1,1,0,1,0,0,0,0,0,0,1.1372588179755703,-0.05183320142336506,-0.5791018404889584
2080,0,2,0,0,0,0,0,0,1,0,1,0,1,1,0,0,1,0,1,1,-0.3593510262982028,-1.4961997572793753,-0.994828874701233
2081,1,2,0,0,0,0,0,0,1,1,0,0,1,0,0,1,1,0,1,2,-0.5494649677683268,1.1068722649898421,-1.5111565324573366
2082,0,2,1,1,0,1,0,2,1,0,1,0,0,0,0,1,0,0,0,1,-0.19015251526973653,0.7382965506053797,0.1629591390639867
2083,1,1,1,0,2,0,0,0,0,1,0,0,0,2,0,0,1,0,0,0,-0.027853231805229882,0.29474005254691205,1.197872928282957
2084,0,1,0,0,1,0,1,0,0,0,0,1,0,1,0,1,1,0,0,1,-1.6429053905867648,-0.8529474096876574,0.9112023561540812
2085,0,0,0,0,1,1,0,1,1,1,0,1,0,0,1,0,2,1,0,1,-0.642227888111327,-0.3312121813026886,-1.239016316774387
2086,0,0,1,0,0,1,0,1,2,1,1,0,0,0,1,0,1,1,1,2,0.8652822697191467,0.971638432329377,-1.1927508070721462
2087,0,2,2,0,0,1,0,1,0,0,1,0,0,0,1,0,1,1,1,1,0.8352606469258421,0.14410353148713217,0.44970279499003396
2088,0,2,0,0,0,2,1,0,1,1,0,1,0,0,1,0,1,1,0,1,-0.46608733011593473,-1.9771952786343623,-1.612551136259715
2089,0,1,0,0,0,1,0,0,0,1,0,0,0,1,2,0,2,0,1,1,0.0994226661559286,0.21914017329562058,-0.16683728415635987
2090,1,1,0,0,2,0,0,0,1,0,0,0,1,0,1,2,1,0,1,1,0.10156262219400894,1.4467250909192588,0.7660306503681424
2091,1,1,0,0,0,1,0,1,1,0,0,0,0,0,0,0,2,0,0,1,0.4430200754407496,1.8629004820817414,1.1709794887791272
2092,1,0,2,1,0,0,1,0,1,0,1,0,0,1,1,0,1,1,0,0,-1.67692099705418,-0.9685039208978306,-3.2878900993890086
2093,1,2,1,0,0,2,0,2,0,1,0,1,0,0,0,2,0,1,0,1,-0.06257404503010203,0.6662652409727567,1.278595655453409
2094,1,0,0,1,0,0,0,2,1,0,0,0,0,0,1,0,1,1,0,2,-1.6714409968828092,-1.6317495964123616,-2.7814336894821086
2095,0,1,1,1,0,1,0,2,1,1,0,0,1,2,1,0,1,1,0,1,1.5294346574780855,1.7469488611158743,0.699253225020257
2096,1,2,1,0,0,2,0,1,1,1,0,0,0,0,0,1,0,1,2,2,1.0638376862304357,1.385171983270478,0.18180882663430165
2097,1,0,0,1,1,1,0,0,1,0,0,0,0,2,0,1,1,1,1,0,-1.1925180369415318,-0.6472563093003602,0.19677869920590796
2098,1,1,1,0,0,1,0,1,0,1,1,1,1,0,1,0,1,2,1,1,0.08598804397865482,0.08250958793935512,0.6166097947855311
2099,1,0,1,1,0,1,1,2,0,1,0,0,1,0,2,2,0,1,0,2,0.6943917049331084,-0.6021526886774939,-1.2884888977190923
2100,1,2,0,0,0,2,0,2,1,0,1,0,0,0,2,1,0,2,0,0,-0.7057042747606417,1.5975533689923718,0.7120651728007328
2101,1,1,0,0,0,0,1,0,2,1,0,0,1,1,0,0,1,1,0,1,2.0495433458114767,1.6680477398791935,4.013279106414145
2102,1,2,1,1,0,1,0,1,1,0,0,0,0,0,0,0,0,1,0,1,0.22678340351044127,1.223423505574385,1.4762504889451993
2103,1,1,1,1,0,1,0,0,2,0,0,1,1,1,0,1,1,1,1,1,-0.3382769169765364,0.6647867007320589,-0.014693736589183007
2104,1,0,1,0,0,1,0,0,2,0,0,0,0,0,0,0,1,0,1,1,-1.1749399885465255,-0.1035290513150337,-2.164134493352887
2105,0,1,0,1,0,2,0,0,1,0,0,0,0,1,0,2,1,1,1,1,1.0597649310111212,0.824799745790698,1.8571219836610973
2106,1,1,2,0,1,0,0,0,1,2,0,0,0,0,0,0,1,1,0,1,1.0347268578828266,0.2887733153918456,0.7599206255066351
2107,1,1,1,1,1,1,0,0,2,0,1,1,1,1,1,0,1,2,0,2,1.8279396598791036,1.051880229705311,0.2584375601046097
2108,1,2,2,1,0,1,0,1,0,1,0,0,1,1,1,2,1,1,0,2,0.9888036895110148,-0.01085240479859717,0.8903535022020946
2109,0,1,2,0,0,2,1,1,0,0,0,0,1,0,0,0,2,1,0,1,0.24499327772395046,0.7963756275848761,0.768033076634056
2110,1,0,1,1,1,1,0,0,2,1,1,0,1,2,1,0,2,0,0,1,0.3888665958949098,0.04455354156970939,1.6105204164560574
2111,1,1,1,0,0,0,0,2,2,0,0,1,0,1,1,1,0,2,0,1,-1.360569897367477,0.2736501260410058,-0.9428764040926384
2112,1,0,1,0,0,1,0,0,2,0,0,0,0,0,0,2,1,1,1,1,-0.5710055374932848,-0.7556059845172287,0.7079647187458145
2113,1,1,0,0,1,0,0,1,0,1,1,0,1,1,1,0,1,1,0,0,1.758638709941504,-0.5030573509613888,0.60886274389125
2114,0,1,1,0,0,2,0,0,1,0,0,0,0,0,0,0,1,2,0,0,-1.4612356404664586,0.2883971081429414,0.6889644117815696
2115,1,1,0,0,0,1,0,0,1,0,0,0,0,0,0,1,1,1,0,1,1.2557623443769965,-0.9425751308128978,-0.7809681521485639
2116,2,1,2,0,1,0,0,1,0,0,0,0,0,0,0,0,0,1,0,1,-0.9437044762032355,2.97740499556203,-0.977005165670981
2117,1,0,2,1,0,1,0,2,0,0,2,1,0,1,1,0,1,1,0,0,-0.679345802010929,-1.7251281544390702,0.22452963908964296
2118,1,2,1,0,0,2,0,1,0,0,0,1,0,0,0,1,1,0,0,0,0.11350801931059017,1.7249538094512042,0.18537827915372623
2119,0,2,0,1,0,2,0,1,1,0,1,0,0,1,1,1,1,1,0,2,0.24915753511595934,1.2814533670477402,-0.9127044758801149
2120,0,0,1,0,0,1,1,0,1,0,0,1,0,0,0,1,1,1,1,1,1.3123716315149156,0.7596464855954821,1.6013441952249658
2121,1,1,2,0,1,0,0,1,2,0,2,0,0,0,2,1,1,0,0,2,2.1790463721893283,-0.9914449793501494,0.6430412945711671
2122,0,0,0,1,1,1,0,2,1,0,0,0,1,1,1,2,1,1,0,2,0.9470103568528301,1.108765091836434,1.6680183358669582
2123,1,0,2,0,0,0,0,2,2,1,0,0,0,0,1,1,2,0,2,0,0.2226805306940623,0.2492639117525422,-0.4446464999984612
2124,0,0,0,1,0,1,0,1,1,0,0,1,0,2,1,0,1,1,1,1,0.026797288946056177,0.2378932161821012,-0.5324846582286865
2125,0,2,0,0,1,0,0,1,1,0,0,1,1,0,1,1,2,1,0,2,-0.9294847640868902,0.2101666894403655,0.07460009124493155
2126,1,2,0,1,0,0,0,0,0,1,0,0,0,0,1,1,1,0,2,2,-0.9630817106429417,0.2261825301829066,0.20554497722250303
2127,0,2,1,0,0,2,0,2,1,0,1,1,0,1,1,1,1,1,1,2,-0.13780369414265234,0.16717750371943715,-1.3725287090834526
2128,0,1,2,0,0,2,0,0,1,1,1,0,1,1,0,0,1,1,0,2,-0.5439473984427298,-0.602473252152123,0.6213686651414986
2129,0,1,1,0,0,1,0,2,1,2,0,1,1,1,0,1,2,0,1,2,-0.3661219458698813,-0.7192817567169334,-0.051567971962447
2130,0,0,1,0,0,1,0,1,1,0,1,0,0,0,0,0,1,0,1,1,2.1561259739291274,-0.6214873293742613,-0.8490423725086732
2131,1,1,0,0,0,0,0,2,2,1,1,1,0,1,1,1,0,1,0,1,1.2813868267184623,-0.9642767019696945,1.1003675269530415
2132,1,1,0,0,0,1,0,1,0,0,1,0,0,1,1,1,1,1,2,1,-1.8203269686839674,-0.4416834904408995,0.3582399449307352
2133,0,0,0,1,0,2,0,0,0,1,0,2,0,0,1,1,1,0,0,1,-0.7095710090351007,-0.89938118897203,-0.01992087723565339
2134,2,1,1,1,1,1,0,2,2,0,0,0,0,0,0,1,2,0,0,2,-0.9202189696851116,-1.781197748732881,0.2562260624842436
2135,1,0,1,0,0,1,0,1,2,0,0,0,1,0,0,1,0,0,1,2,1.5298523622840647,0.5174122346092437,1.4454694679606162
2136,0,2,0,1,0,1,0,1,2,1,0,0,0,1,1,0,0,1,0,1,2.0366083339930667,-1.5504013787985502,-0.003721339348187913
2137,1,1,1,1,0,1,0,0,0,0,0,0,0,2,1,2,1,0,1,1,0.6546090324410199,2.1393114765832775,0.9469947261101594
2138,1,2,0,0,0,0,0,1,2,0,0,0,0,0,0,1,1,0,0,1,1.449268361613156,1.372147366906919,1.8271886946575915
2139,1,0,1,0,0,2,0,1,0,2,1,0,0,0,1,1,1,2,2,0,0.7691269228869703,0.0594920314038206,2.520657116644319
2140,0,1,2,1,1,2,0,2,1,1,0,2,0,0,0,1,2,1,0,1,0.561224463040884,0.0392217226302457,-1.059616146050409
2141,1,1,1,0,0,0,1,0,1,1,0,0,0,0,1,0,1,0,1,0,-0.7806571346942245,0.08977396350530314,0.26630336268000526
2142,0,2,1,1,0,2,0,1,0,0,0,0,0,1,1,1,0,1,0,2,-1.0562047503204746,0.7847356881314651,-1.6548822215453365
2143,1,1,0,0,0,2,1,1,1,1,0,0,0,2,0,1,1,0,2,2,0.08838393063180172,2.5986264953016,1.4642978925749355
2144,0,0,1,0,0,2,0,0,1,0,1,1,0,0,0,0,2,2,0,1,-0.4279119761148147,0.92074103466899,0.2352298193437182
2145,1,2,0,0,1,1,0,0,0,0,1,1,0,0,1,0,0,1,1,1,0.12419981082480563,-3.5759664138844585,-1.0603680523991703
2146,0,2,1,0,0,1,0,1,2,0,1,0,0,0,1,1,0,1,0,2,2.0965356080790767,0.662125033123189,2.4982288485403554
2147,0,1,0,0,1,0,0,1,1,0,0,0,0,1,0,0,1,1,0,2,0.25460400454176957,1.1120017768134747,-1.0848357761069924
2148,1,0,2,1,0,1,0,0,0,0,1,0,0,0,2,0,0,0,0,1,0.09683378138658001,-0.7459571475577756,-1.5726012904277797
2149,1,2,0,0,0,0,0,2,2,0,0,0,1,0,0,1,0,0,2,1,1.2439428658842004,1.8583017880995052,-0.3800644858352167
2150,0,0,2,0,0,2,0,1,1,0,0,0,0,0,0,0,1,1,0,0,1.349942796186334,1.1429167288068445,1.1353325349718084
2151,0,1,0,2,0,1,0,0,1,0,1,0,0,0,0,0,2,2,0,1,1.315709665401634,-0.42320105343410674,1.23971910805186
2152,1,1,0,2,0,2,0,0,0,0,0,0,1,0,0,1,0,0,0,1,-0.5178122789005682,-0.8936810434220894,0.44934406456481063
2153,1,2,2,0,1,1,0,2,2,0,1,0,0,0,1,1,1,0,0,0,1.1128153528106677,0.9617047423841418,1.382990345459947
2154,0,1,0,0,0,2,1,2,1,0,0,0,0,1,0,0,1,0,1,1,-0.3278201033391805,0.7991432312507494,0.7596699368896225
2155,1,1,1,0,0,1,1,0,2,2,0,0,0,0,0,1,1,0,0,1,-0.9204464310232116,0.8099195463229754,1.627971073972226
2156,0,1,1,0,0,0,1,1,0,1,2,1,0,1,2,0,0,2,0,2,1.3191727998228944,2.129254072659983,3.419387288064324
2157,1,0,0,0,1,1,0,0,1,0,0,0,0,0,0,1,1,1,1,1,1.8153143445588347,-0.13906158874165364,1.8651634237872916
2158,0,2,1,0,1,2,0,1,0,1,0,0,0,0,0,0,2,1,0,0,-1.1949595253953191,-0.4154031724384137,-0.5942586162824184
2159,1,0,1,0,1,1,1,1,1,0,1,0,1,0,0,1,1,0,0,0,0.0003671556490883014,-1.500052016386607,0.7280213999937177
2160,0,0,0,0,1,0,0,1,1,0,1,0,0,0,0,2,0,0,0,0,1.134820255247727,0.7482796985463787,0.46023610030568846
2161,0,2,2,0,1,1,0,1,0,0,1,0,0,2,0,0,1,0,0,2,0.6635472429407222,0.1257999575705983,0.802267555840941
2162,0,1,1,2,1,2,0,1,0,0,1,0,0,1,1,0,1,1,0,1,-0.7588684875567746,-0.7582023872688466,-0.6954913050439411
2163,2,2,1,0,1,0,0,1,0,1,1,1,0,0,0,0,2,1,0,1,-1.8089804287687448,0.83019064362964,0.5160217430609383
2164,0,0,1,0,0,1,0,1,0,1,1,1,0,0,0,0,1,1,0,1,0.6518403740576254,0.13277728257991603,0.46015237452777624
2165,1,0,0,1,1,1,0,1,0,0,0,1,1,0,2,1,1,1,1,0,-2.009518148411932,-1.4382013321217264,-0.6539362673489093
2166,0,1,1,0,1,1,0,0,0,0,1,1,0,0,0,0,0,1,2,1,-1.1586229380590196,-2.2579843670619653,-1.6555523586864396
2167,0,1,1,1,0,1,0,0,1,0,0,0,0,0,0,0,0,1,0,1,1.3075465258463295,-0.306712849604699,1.620367355507447
2168,1,2,0,1,2,2,0,1,1,0,0,0,0,0,1,0,2,0,1,0,-1.2833726865034285,0.7941502100630449,-0.7466776603798745
2169,1,0,1,0,1,2,0,0,1,1,0,1,0,1,1,0,1,1,1,2,-0.19620435435716915,0.17338044107565784,0.5889414324628169
2170,0,1,2,0,0,2,0,0,0,2,1,1,1,1,0,0,1,0,1,1,-0.26161145268027314,-0.24752042703475807,0.6357408738413617
2171,0,0,1,0,0,1,0,1,1,0,1,1,0,0,1,0,1,1,0,2,1.1132766902614715,-0.35700222951216104,-0.7789464839009134
2172,2,1,2,0,1,1,0,2,0,0,0,1,1,1,0,0,0,1,0,2,-0.20434391470460408,-0.10610674086552141,-0.49109339885160114
2173,0,1,1,0,1,2,0,1,0,1,1,1,0,1,2,0,1,2,1,1,1.1558556813719747,-0.6286374231475834,1.340738278001116
2174,2,2,0,0,1,1,0,2,0,1,0,0,0,0,1,2,1,0,0,0,1.294528203762686,1.520889955726465,0.2718284908546762
2175,0,0,1,0,2,0,1,2,0,1,0,0,0,0,1,2,1,0,0,1,-0.45711898235252213,-0.20297263601011506,0.3134811219416206
2176,1,1,0,0,0,1,0,2,1,0,0,0,0,0,1,0,1,2,0,1,-1.5524314900667855,-0.29888095638794354,-0.5761458651307305
2177,0,1,0,0,0,0,0,1,1,0,1,2,1,1,1,0,1,0,0,2,0.7939059991749982,2.116300172857335,1.5148723606041319
2178,0,1,2,0,1,1,0,1,2,1,1,1,0,2,1,0,0,0,0,1,1.6109996662547206,2.3692030094066183,1.1302806367768712
2179,1,0,1,0,0,1,1,0,1,0,0,0,0,0,0,1,1,1,1,2,-0.17296631612576685,0.06797468283493666,-1.113537048150833
2180,0,2,1,0,0,2,1,1,1,1,1,0,1,1,1,0,1,0,1,1,-1.0864821700596279,-0.3260248393072194,-0.7252974559879601
2181,0,0,0,0,0,1,0,0,0,1,0,1,1,0,0,0,2,0,1,1,-0.9680964897824441,1.558853825817975,0.7535581666177211
2182,1,1,2,0,0,1,0,2,1,0,0,0,0,0,1,1,1,0,0,1,-0.7341438955446303,-0.016430596944731715,-0.028547492587203405
2183,2,1,2,1,0,1,0,0,1,1,0,0,1,1,0,0,0,1,0,1,0.4197805235145946,0.5903272140292303,0.3025220855749338
2184,0,2,2,0,0,1,0,0,1,0,0,1,0,1,1,1,1,0,0,0,1.9334106593770768,1.5412715571332638,0.5481802300738453
2185,1,2,0,0,0,2,0,1,2,1,0,0,1,0,0,2,0,0,0,1,-0.8552274356057473,-0.46052578893518814,0.7615503998173905
2186,1,1,2,0,1,1,0,0,1,0,0,0,2,0,1,0,0,1,1,1,0.7334552843535579,-1.415140480684525,0.3562800244799793
2187,0,1,0,1,1,2,0,0,2,1,1,1,0,0,0,1,2,0,1,0,-0.7462483922293386,0.3719205619382975,0.10106281925783295
2188,2,1,1,1,0,1,0,1,0,0,1,0,0,0,1,1,2,0,2,0,-0.7735455076882363,0.8501631347215451,-1.2062601406660889
2189,1,2,1,0,0,0,1,0,1,2,0,1,1,0,0,0,2,0,0,1,-2.325267321029739,-0.9675908058034283,-1.3138365836296326
2190,1,2,0,1,0,2,0,1,0,0,0,1,0,1,1,0,2,1,0,2,0.21136321910771377,-1.1521687671349339,-0.751069080717892
2191,1,2,1,1,1,1,0,1,0,2,1,0,0,0,0,0,1,0,0,0,-1.0927326108464679,-1.2362158511976604,-1.9508834905383978
2192,1,0,0,0,0,1,0,0,1,0,1,1,0,0,0,0,1,1,2,1,0.31168818560816536,-1.3040153866516546,0.013888310327065778
2193,1,0,1,1,0,1,0,1,1,0,0,1,1,0,1,1,1,0,1,1,0.24009622611425055,0.5592944453222266,2.036695129491413
2194,0,1,2,0,0,0,0,0,1,1,0,1,0,1,2,0,1,0,1,0,-1.5092176821168768,-1.6137063730946668,-0.8083000126665394
2195,1,1,0,0,0,1,1,1,0,0,0,0,1,1,0,0,1,0,1,1,0.4781127847735536,0.8282763086188107,1.592364722038781
2196,0,1,1,0,1,0,0,0,1,1,1,0,1,0,0,1,2,1,1,1,-1.518548910761431,0.968279596658867,-2.360800109432456
2197,0,1,1,0,0,2,0,0,1,0,1,0,0,1,0,0,2,0,0,1,-0.6637719241803113,0.13162485463987794,0.3326839359833309
2198,1,2,1,0,0,2,0,0,0,0,0,0,0,0,0,1,1,1,2,2,-0.47958793426738927,-1.4199330870811782,-1.769320101649334
2199,0,1,2,0,0,1,0,0,0,1,1,0,0,1,1,0,2,1,0,2,0.40256303878558947,-1.8363626327755658,0.2231376428391797
2200,2,1,1,2,0,0,0,0,1,0,0,1,0,0,0,0,1,2,1,1,2.824658126097715,-2.0143697106649854,-0.34030105126267085
2201,1,0,1,0,0,0,0,1,2,0,0,1,0,0,0,1,1,1,0,2,-1.1539384117174962,-0.21590690663963416,-1.762885224773464
2202,0,2,1,0,0,0,0,1,0,2,0,0,0,0,1,1,2,1,1,1,1.1285243589918157,0.5421576975197198,1.675631224339979
2203,0,0,1,1,0,1,0,0,0,0,0,0,0,0,2,2,2,1,0,2,1.0892273509168606,1.4631805232024373,1.3513097300369596
2204,0,2,1,0,0,0,0,0,1,1,0,0,0,0,1,2,1,1,0,1,0.0015972608597712022,0.28295479657497347,-1.0062503026952032
2205,0,1,0,1,0,2,0,1,1,0,1,0,0,0,0,1,1,0,1,0,-0.14292729726530798,-2.649946061714814,-0.49418420405775937
2206,0,0,1,0,0,1,0,1,0,1,0,1,1,0,2,1,1,1,0,2,0.08227461492974421,-0.3390814995458469,0.8540185199709507
2207,0,0,2,1,1,1,0,1,1,1,1,0,0,0,1,0,1,1,2,0,0.7333852036333043,0.5698640177674369,0.1963314407251378
2208,1,1,0,1,0,1,0,0,1,1,1,0,0,0,0,1,1,0,1,1,0.17688263929879253,-0.19565677269364118,0.0479703202022952
2209,1,0,0,1,0,1,0,2,1,0,0,1,1,0,0,0,1,0,1,2,-1.1260523301257457,-0.4607225479693732,-2.1569674500149807
2210,1,0,1,1,0,1,0,0,1,0,0,0,0,0,1,0,2,0,1,1,0.5847888419603384,-0.2720891599138827,-1.920800025308767
2211,1,0,0,0,0,0,1,1,0,1,0,1,0,0,1,2,1,1,2,1,-0.4260442598697385,-0.0434996326841163,0.1552287630685638
2212,1,1,1,0,0,0,0,1,1,1,0,1,0,0,0,0,1,2,0,2,-1.2679615090883027,0.2875008033843603,1.6585315649841874
2213,0,1,0,2,1,1,0,0,1,1,0,0,1,1,1,1,2,1,1,2,-1.5655393243063327,-0.4419098565951135,-0.259081128855424
2214,0,2,0,0,0,1,0,2,1,1,0,0,0,0,0,1,0,1,1,1,0.8502285513318182,0.7009683212771468,0.15984148909553414
2215,0,1,1,0,0,2,1,1,1,0,0,1,0,1,1,1,1,2,1,1,0.12113285187348312,-0.82324918726093,-0.8463300128165505
2216,0,1,1,0,1,1,0,1,0,1,0,0,1,1,0,0,2,1,0,0,1.0674230560503721,-0.7157000630368469,-0.20374316413747975
2217,1,1,1,0,0,2,0,1,1,1,1,0,0,1,1,1,1,1,1,1,0.12220792422014305,1.0212202288756378,0.591868560165592
2218,1,1,2,0,0,1,0,1,2,0,1,0,0,0,0,1,0,0,0,1,-2.2418137987197135,-0.5585658764309286,-0.1684188174280794
2219,0,2,1,0,0,2,0,2,2,1,0,1,1,0,0,0,1,1,0,2,0.6471916611385266,-1.4924649134577301,-2.02264893240943
2220,0,1,0,0,1,2,0,2,2,0,1,0,1,0,0,1,2,2,1,1,0.5833755109480109,-0.10064193596985727,-0.27428406208953793
2221,1,0,0,0,1,0,0,1,0,0,1,0,0,1,0,0,0,1,1,2,-1.1668680811966523,1.4944316225271363,0.25300318573258945
2222,1,1,1,0,0,1,0,2,2,1,0,0,1,0,1,1,0,0,0,1,-0.6919064421598886,-0.45169622358792005,0.5589820583785584
2223,0,2,1,0,0,1,1,2,1,1,0,1,0,1,0,0,2,0,0,1,-0.5177927722589861,-0.11684467116908698,-0.6437521079057766
2224,0,0,0,0,1,1,0,1,1,0,0,1,0,1,1,0,1,0,2,1,0.4956490484315268,1.170974529413233,1.8832518394788886
2225,1,1,1,0,1,1,0,0,2,1,1,1,1,0,0,2,2,1,1,0,-0.13496941534470203,0.6947902809521682,0.8173012154459642
2226,1,1,0,0,0,0,0,0,1,0,0,0,0,1,1,2,0,1,1,1,0.12617269960416808,-0.2751308925690533,1.2011649178438306
2227,0,1,0,0,0,0,0,1,0,0,0,1,0,0,0,1,0,1,2,1,-0.9650488882534534,0.03887142936719701,-0.6814431884846602
2228,1,2,1,0,0,0,1,0,1,1,0,0,0,1,0,0,2,2,0,0,-0.5312652116205088,-0.1917720354804794,0.3262403881711953
2229,0,2,0,1,1,0,0,1,1,0,1,0,0,2,0,0,0,1,1,1,-0.21732586055644204,-0.25879754361791574,0.47136242222426883
2230,1,0,0,0,0,1,0,1,2,0,1,0,1,1,0,0,0,1,1,0,1.3469299929883525,0.8362861889357518,3.3650491031584293
2231,1,1,0,1,2,0,0,0,0,1,0,0,0,0,0,0,0,1,0,1,0.49700200125613964,0.11578129647015087,-0.05662935422323395
2232,1,0,1,0,0,0,0,0,1,0,0,0,0,0,1,0,0,1,0,1,0.3018999596543609,1.7926784474325532,0.9111906493043447
2233,1,0,1,1,0,0,0,2,0,0,1,0,0,1,1,1,0,1,0,1,-1.188274165263298,0.7750470672462142,-1.3806259438933888
2234,0,2,0,1,1,0,0,1,1,1,1,0,1,0,2,0,2,2,0,2,0.643274314659535,-0.26236457940250657,-0.2878467256541837
2235,0,0,1,0,0,0,0,0,2,0,0,0,0,0,0,0,1,0,1,1,-0.987054309650545,-0.5025311950625853,-0.6113956493048551
2236,2,1,1,0,1,0,0,1,0,0,1,1,0,0,0,1,1,1,2,1,1.1392442609975995,-0.27919090592541573,0.8418463764287398
2237,1,1,1,1,0,1,0,1,1,0,1,1,0,0,0,0,2,0,0,0,-0.00212704173601295,1.098109231519843,0.921942933410056
2238,0,0,1,0,0,1,0,0,0,0,0,0,1,1,0,1,1,1,2,1,-0.3485443180902856,-0.6663700862277949,0.7524303050413643
2239,0,1,1,0,1,2,0,1,1,0,1,1,0,0,1,0,2,2,1,1,-0.5658779954236319,-0.5257908103765354,-1.2214103446094629
2240,2,0,0,0,0,0,0,1,1,0,0,1,0,0,1,1,1,0,0,2,-1.1628993091981539,0.7199223379467546,-1.3703351754421802
2241,0,0,2,0,1,0,0,1,1,1,0,1,1,0,0,1,0,2,0,1,0.2863924874972055,-0.4884008583774446,-1.3431284581791811
2242,0,0,0,0,0,1,0,1,0,0,0,2,0,2,1,0,0,1,0,1,-1.2361193460418125,-0.25700738832353914,-0.6389076276292652
2243,0,0,1,0,0,1,0,2,1,2,0,1,0,1,1,0,1,1,0,2,1.8901792901004844,1.0244694674522496,0.30379361437105457
2244,0,2,0,0,1,1,0,1,0,2,0,0,0,0,0,1,1,2,1,0,-1.3736934587419523,-1.5709573209168934,-1.40123072321767
2245,1,0,0,0,1,0,0,0,1,0,0,1,0,1,2,2,2,2,1,1,1.0301936990775398,1.8480969470272168,2.4790247156816814
2246,0,0,1,0,1,1,0,0,1,1,0,0,0,0,0,1,1,0,0,0,0.2387167295333602,0.8157774870851331,1.9675905686005148
2247,1,1,0,1,1,1,0,1,0,1,1,0,0,0,1,2,0,2,2,1,0.17169756856464863,-1.328489897256576,-0.28029686959939093
2248,0,1,1,1,0,1,0,1,0,1,1,0,0,0,1,0,2,1,0,1,-0.43613616356144225,0.9295755380315496,-2.044499382159637
2249,1,2,1,0,1,1,0,1,1,1,1,0,0,0,1,0,2,0,0,1,0.007993825900565717,-0.6219949946758143,-2.291150490257406
2250,1,1,1,0,0,0,0,2,0,0,1,1,0,1,1,1,1,1,1,2,-0.4717653070749521,0.7671159010842141,0.48659912673180283
2251,1,1,0,0,0,2,0,2,0,0,0,0,1,2,1,0,2,1,1,0,-0.5824033503703265,-0.48032900688166896,0.12836244494296223
2252,1,1,1,0,0,1,1,0,0,1,0,0,0,2,0,0,2,1,0,2,-0.40443569978938915,0.4327620184236102,-0.3751197338607582
2253,2,1,0,0,0,1,0,0,1,0,0,1,0,0,1,0,1,0,1,0,-1.3502670108815389,0.013225817757520797,-2.067821247878106
2254,2,0,2,0,0,1,0,2,1,0,1,0,1,0,1,0,0,2,1,0,0.41325671537590336,-0.006201340201596017,-0.5434717219004723
2255,0,1,1,1,0,1,0,0,0,0,0,1,0,1,0,2,1,1,0,1,-1.6070345090532987,0.08733936017580227,-2.0780015826304616
2256,1,1,1,0,0,1,0,0,1,1,2,0,0,0,0,1,2,1,0,0,-0.5984619206412102,0.06139770320639626,1.1746383181109976
2257,0,1,0,1,0,1,1,1,1,1,0,0,0,1,1,0,1,1,1,2,0.2931283439274573,-0.6624741988731624,-0.13112798694553207
2258,0,1,1,0,0,1,0,1,0,1,1,0,1,1,1,1,0,0,0,0,0.5846568992543809,1.4000706330208914,1.4976670034698674
2259,2,2,1,0,1,1,0,1,0,1,0,0,0,0,1,1,1,1,2,2,-0.6696798949352437,-0.6401177617957838,-1.6261071152379714
2260,0,0,1,0,0,0,0,1,1,1,0,1,0,1,2,1,1,0,0,2,0.34592192604015937,0.5346371288100785,0.4702577565777075
2261,0,1,0,0,0,1,0,0,1,1,0,0,0,1,0,0,1,1,1,2,0.4466820358644668,-1.761446497278798,0.06939652868477131
2262,0,0,0,0,0,1,0,1,0,1,1,1,0,0,1,1,2,0,0,2,0.3440960752047026,0.9459382341485316,1.1856455867034166
2263,2,0,1,0,0,1,0,0,0,0,0,1,0,0,1,0,0,1,0,0,-2.1151096502167093,0.29512855098726254,-1.1489696002144645
2264,1,1,0,0,0,1,0,0,0,0,0,0,0,0,1,1,1,1,0,1,1.5264504616782844,0.03588467172820359,1.1577035560028173
2265,1,0,2,0,0,2,1,1,0,0,0,1,0,0,2,0,1,1,0,0,-0.4874390090028812,0.5722344780724944,-0.5650436321963793
2266,1,0,1,1,0,0,0,0,1,0,1,0,0,0,0,0,1,0,1,1,0.4789820710179536,-1.1621935989735965,-1.708917921828922
2267,1,1,0,0,0,0,0,1,2,1,0,0,1,0,0,0,2,2,0,1,2.5083448012614693,-1.4396058406619854,0.5664064621276744
2268,1,1,1,0,1,1,0,1,0,0,0,0,1,2,0,2,1,2,1,0,0.4482336942396017,0.4751722208421968,2.5399311179793242
2269,1,0,1,1,1,1,0,0,0,1,0,1,1,0,1,1,0,1,0,0,-0.7906216333963946,-0.8242978241795974,-0.4026442016987212
2270,0,2,1,0,1,1,0,2,0,0,0,0,0,2,0,0,2,2,1,1,-0.08696019181685458,1.4860884217244705,0.4661667998293366
2271,1,0,2,1,1,1,0,1,1,1,1,1,1,1,0,0,1,2,1,1,2.1028935761848135,-0.40990520558095495,0.29799706468886544
2272,2,0,1,0,0,1,0,0,1,1,0,0,0,0,1,0,2,1,0,1,-0.7379132069078518,-0.003207381015134514,1.1179027821839074
2273,1,1,1,1,0,2,0,1,1,0,1,0,1,2,1,0,1,0,1,1,0.8584576515263842,-0.4688858733972534,2.1989310495222907
2274,0,0,0,0,0,0,0,1,1,1,0,1,0,1,2,1,2,1,1,1,-0.8509598397170887,-1.7875699247311736,-1.2861112233990062
2275,0,1,1,0,1,0,0,1,1,0,0,0,0,1,1,0,1,1,2,1,-0.17322188008397668,0.2629429983957945,1.9874518114083937
2276,0,0,0,1,1,0,0,1,1,0,0,0,0,0,1,1,2,1,2,1,0.5092215098299322,-0.037141316233557486,-0.6500291742450679
2277,2,2,2,1,0,0,0,1,0,1,0,1,0,1,1,1,0,1,1,1,0.22830702147196105,0.6572880613353658,-0.14250596361469103
2278,0,1,0,1,0,2,0,0,1,0,0,0,0,1,1,1,2,0,1,1,-0.6606839750398397,-0.06766535716802952,-0.3691899042568646
2279,0,1,0,0,0,2,0,0,1,1,0,0,0,0,1,1,2,1,0,1,0.7354239122315612,-0.43639053965520297,-0.2267693755420423
2280,1,1,2,0,0,1,0,0,1,1,1,1,0,1,1,0,0,2,0,1,0.3584270798159709,-0.6263809648575904,-0.2201902279750744
2281,1,2,0,1,1,0,0,1,1,0,0,0,0,0,0,0,1,1,0,2,-0.27016764305628577,-1.0830878664384807,-0.5888653783137671
2282,0,2,0,0,0,1,0,1,1,1,0,1,0,0,0,0,1,1,1,1,-1.8128244804482303,-0.1487399483173973,-1.771570289284396
2283,1,1,0,0,1,1,0,1,0,1,0,0,0,0,1,1,2,0,1,2,-1.1545928352084418,-0.7432311575761583,0.6584622969853379
2284,1,1,1,1,2,0,0,1,0,1,0,0,0,2,0,2,1,0,1,0,-0.31210685917988085,0.3526617948445797,1.606745904855187
2285,1,1,1,0,0,2,0,0,1,1,0,1,0,0,0,1,0,0,1,0,-1.0670114021557375,0.16979422065641187,-2.1696709372302796
2286,0,0,2,1,0,1,0,2,0,1,0,0,1,0,0,1,1,1,1,1,0.8300906846114744,0.8723935721982922,0.8946640903684673
2287,0,0,1,1,0,1,0,1,2,0,0,0,1,1,1,0,1,0,2,2,-0.6569987616513911,-0.3757711604526472,-0.44475235983477335
2288,1,0,1,0,0,1,0,2,0,1,0,0,1,0,1,0,0,2,1,0,-1.7525687327851942,-1.5297584087927725,-1.6032890883306594
2289,0,1,0,0,0,0,0,0,2,0,2,1,0,0,1,0,2,0,2,1,-0.14470697591004514,0.33261631997898256,0.5282120415086905
2290,0,1,1,0,0,1,0,1,1,0,1,0,1,0,0,0,0,0,0,2,-0.14584601311999518,-0.9501091695635048,-0.3808396542139335
2291,1,1,1,0,2,2,0,1,1,0,1,1,0,0,1,1,1,1,1,0,3.3451005056622263,1.004705215077826,1.0176601845123878
2292,0,1,1,0,1,1,0,1,2,1,0,0,0,0,0,0,1,1,0,0,1.3323533057739538,2.320615674971307,0.9322235923757327
2293,0,0,1,0,0,1,0,2,0,1,1,0,0,0,1,1,1,1,0,0,-1.8394655155795,-1.402354819817824,-1.004942533324348
2294,2,1,0,0,1,1,0,0,1,2,1,2,0,0,0,0,0,0,1,1,-1.334412651785556,-0.2699493597980836,-0.2597967875114684
2295,0,1,0,0,1,2,0,1,2,1,0,0,1,0,0,0,2,0,2,2,-0.5447277982674261,0.5873641926419628,-1.6243098305773607
2296,0,1,0,1,0,1,0,1,1,0,0,0,1,0,0,0,1,0,2,1,0.4180215162871808,0.5979812791010611,0.4345334832701211
2297,1,1,1,0,1,2,0,1,1,0,0,1,1,0,0,1,1,1,0,1,0.1812596610588158,0.4156430601500884,1.5761911500719274
2298,0,0,1,1,1,1,0,1,0,0,0,1,0,2,0,0,1,0,0,1,1.3546387759303706,1.0148032155557734,1.7664463640478745
2299,0,2,2,0,0,1,0,1,2,0,1,1,0,1,0,1,1,0,0,1,1.5015073451166239,1.5939611186369755,-1.5113076289306588
2300,1,1,1,0,1,1,0,1,2,1,0,0,0,2,0,0,1,1,1,2,-0.07319694491918532,1.0310575948030023,-0.02362112279679307
2301,0,1,2,0,1,1,0,1,1,2,0,2,0,2,1,1,0,0,2,1,-0.31268740759241853,0.6724933328592589,0.19570634710162274
2302,1,1,1,0,0,1,0,1,0,0,0,0,1,0,0,0,1,2,1,1,1.0750386299510934,-0.2763693453133127,-0.8328385583056238
2303,1,0,0,0,2,1,0,2,1,1,2,0,0,0,2,0,1,0,0,0,-0.5938534026614342,-1.511179632438518,-1.0288613060131848
2304,1,2,0,0,0,0,0,1,1,0,0,1,1,2,0,0,1,2,0,2,0.9796966359402571,2.274310811314322,1.8311484172451933
2305,0,2,1,0,1,1,1,1,0,1,0,0,1,1,1,0,2,2,1,1,0.8193373315040213,-0.04751734007026609,3.0003109383595103
2306,1,1,1,1,1,0,0,0,2,0,0,0,0,0,0,1,1,0,0,0,0.3141696840011313,1.630841198036894,-0.35439716437613134
2307,1,1,0,1,0,1,0,1,0,1,0,0,0,2,0,1,1,1,2,0,0.24910820000661324,2.8726800584826453,1.343261540566242
2308,0,1,1,0,1,0,0,1,0,0,1,0,0,1,1,1,1,0,2,0,-0.20107082655724465,0.1277359889430329,-0.33949019537865244
2309,1,1,0,0,1,2,0,1,2,1,0,0,0,0,1,0,1,1,1,1,-1.803112759660504,-1.262689099881923,-1.8690638631112289
2310,1,2,1,1,1,1,0,0,1,0,1,0,0,1,0,0,2,2,2,0,-0.9061194789922773,0.6827664269495138,-1.5303337404988182
2311,1,1,0,0,0,2,0,0,1,0,0,0,0,0,1,1,1,0,0,1,-0.1859214198088348,-1.2206372305214384,-0.8825799160959498
2312,1,0,1,0,0,1,0,1,2,0,0,0,0,1,0,0,2,2,0,0,1.1594486058725904,-0.5498864016760391,0.939074530218923
2313,1,0,1,1,1,1,0,0,0,0,1,1,1,0,1,1,0,0,1,1,-0.3730107280384236,-0.04393663713034509,1.0383319734561909
2314,0,1,0,0,2,1,0,1,1,1,2,0,0,0,1,1,2,1,2,1,1.4769201438990993,0.020870921517692115,0.4801380909640116
2315,0,1,2,0,0,1,0,1,2,1,0,0,0,1,1,0,2,1,1,0,-2.0045078532750744,0.2925455710120404,-2.085500961010645
2316,1,0,1,0,0,1,0,1,0,1,0,1,1,0,1,0,1,1,2,1,-0.8200711364113145,0.23760906860457795,-0.5735572091468225
2317,1,0,0,0,0,0,0,1,0,0,0,0,0,0,2,1,1,0,0,0,-0.30961240506201665,0.04478538502229701,0.4390770593036088
2318,1,2,1,0,1,2,0,1,2,2,0,0,1,1,0,0,0,0,0,0,1.0207731342143633,0.8976300576107075,2.817900907473355
2319,1,1,1,0,1,0,0,0,2,1,1,0,0,0,0,0,1,1,1,0,0.2624590100543101,0.051345930215039415,-2.9603741246169233
2320,1,0,1,0,0,0,0,2,0,0,1,1,0,2,1,1,2,0,0,0,0.16800863796954818,-0.4915749676702613,1.2385525978557543
2321,2,2,0,0,0,1,0,0,0,0,0,1,0,0,1,0,2,1,1,1,0.08435732042991444,-0.7898544292582816,-0.8316039958730348
2322,1,1,1,1,1,2,0,1,0,0,0,0,1,0,0,1,1,1,0,1,-0.9506793637734902,0.4971073912259032,-0.3640681357042943
2323,0,2,1,0,0,2,0,0,0,2,1,0,1,1,1,1,1,0,0,1,-2.439138376405888,-0.7169849766871311,-0.24173419030838872
2324,2,1,1,1,0,1,0,2,1,1,0,1,1,1,1,1,1,1,1,0,1.5683721467543354,0.4415107859486049,-0.3564657122004342
2325,0,2,1,0,0,1,0,0,2,0,1,0,1,0,1,1,1,1,0,1,-1.3148799378000882,-0.7905092646889702,-1.7276233053642982
2326,1,1,0,1,0,2,0,1,1,1,0,0,0,1,0,0,0,1,2,0,-1.7604690515946775,-1.0071171566456032,-1.552863837542405
2327,0,2,1,0,1,0,1,0,0,1,1,1,2,1,0,0,0,0,1,1,-1.1520770219348333,-0.9027094902381447,0.5847477485312111
2328,0,2,0,0,0,0,0,1,1,0,2,1,0,0,0,0,0,1,1,2,0.6365575635621268,0.26663562929138523,2.0891228719002983
2329,0,0,1,1,0,2,0,0,1,1,1,0,0,0,0,0,1,0,0,1,-0.06507540134493632,0.4520862588145908,1.4233434456056757
2330,1,1,2,0,0,0,0,0,1,1,0,1,0,0,0,1,1,2,1,1,0.41429480385758666,0.14121379319259542,-1.3557497218592522
2331,2,0,1,0,0,1,0,1,0,0,0,0,0,0,0,2,1,0,1,1,-0.4357769249810104,-0.16433839911048098,0.40245625428010345
2332,1,2,0,0,0,1,0,1,1,0,0,0,0,0,0,0,2,2,1,1,1.1834419864027668,-0.49851382017703566,1.8268336930485958
2333,1,1,0,1,0,1,0,1,1,0,0,2,1,0,0,1,0,0,0,0,-0.6246520386124923,-1.5131548898524503,0.9019078783686767
2334,1,0,0,0,1,0,0,1,0,0,1,0,1,1,1,1,0,1,1,0,0.1209735404376693,0.12744499271456078,-0.7492488066981922
2335,1,1,2,0,0,2,0,0,2,1,0,0,1,0,1,0,1,0,0,0,-1.0248240612574133,-0.2039885063574643,-1.361175227376541
2336,1,2,2,0,1,1,0,1,1,1,2,0,0,1,0,1,1,2,0,1,0.3536910366613036,1.1611646588604936,-0.14204019132834
2337,1,0,1,1,1,0,0,0,0,0,0,0,0,1,0,0,0,1,1,0,-0.7286669095002472,1.0932448860151125,-0.9098639409218603
2338,0,0,0,0,0,1,0,0,2,0,0,1,0,1,1,1,1,0,0,1,0.7025684279880748,0.5479198437776337,0.9715717548629489
2339,2,1,0,0,0,1,0,2,1,1,0,0,0,0,1,2,1,0,1,1,0.8240180958698282,-0.5339407363351194,0.9928960969134387
2340,1,0,0,0,1,1,0,1,0,0,0,0,0,2,0,2,0,1,0,2,1.0298415600250315,0.9472377884120715,0.28981971829938424
2341,0,1,2,1,0,1,0,0,1,0,1,1,0,1,1,0,1,1,0,2,0.0001279608368885028,0.4593344070263935,-1.0924426284189224
2342,1,2,1,1,0,0,0,0,0,0,1,0,0,0,0,0,1,1,2,1,0.6205572132965125,-0.2564680166868973,-0.9872700407958943
2343,2,1,1,0,0,1,0,1,2,1,1,0,1,0,1,1,1,2,0,0,-0.3837107731664838,-1.199212340320731,-0.14821154118120633
2344,0,1,1,0,1,1,0,1,0,0,0,0,0,1,1,2,1,0,0,1,-0.13015925079913745,-0.5385883958440265,0.8133985889658151
2345,0,1,1,0,0,1,0,0,1,1,0,0,0,0,1,0,1,0,1,2,0.4969522988637625,0.3391172400416411,-0.09684175567602643
2346,0,1,2,1,0,0,0,2,1,0,0,0,1,0,1,0,1,1,2,1,0.321932157436139,0.5613286926797298,2.7883066065725997
2347,0,2,1,0,1,1,0,1,1,0,0,0,0,1,0,2,1,0,1,0,-0.6845248410352872,0.19699104960346803,0.8016865245990363
2348,1,2,1,0,0,1,1,1,1,1,0,0,0,1,1,0,1,1,1,1,0.8895355511710844,0.04785829133595887,1.8059671670897568
2349,0,1,0,1,1,1,0,0,1,0,1,1,1,1,0,0,1,1,0,2,-1.7212891952194895,-0.8811675604947937,-0.9836026402562505
2350,0,1,0,0,0,1,0,1,0,0,0,1,0,0,1,1,0,0,2,1,1.2359531882311978,-0.6264405627958978,0.1910289363165101
2351,0,1,1,0,0,1,0,2,2,0,0,0,0,0,0,0,2,1,0,0,-0.3680253432083144,0.20633739578843846,0.3471184738818872
2352,1,2,1,0,0,1,0,1,1,0,0,1,1,0,0,0,0,0,0,0,0.9718239002395945,-1.9007599110272855,-0.8825475235844998
2353,1,1,0,0,1,1,0,1,2,0,0,0,1,1,1,2,0,1,2,1,0.6133154876286361,1.0985461172378952,0.7561945147240791
2354,0,1,1,0,1,0,1,0,1,1,0,0,0,0,0,0,1,1,1,1,-0.5426236204005814,0.5998365710517606,0.06941860642668798
2355,1,1,0,0,0,0,0,0,1,0,0,1,0,0,0,0,1,1,1,1,-0.2564563234379151,-1.871228172678362,-0.7492286625843668
2356,0,1,0,0,0,2,0,0,2,1,2,0,0,1,0,0,1,1,0,2,-0.03158160272117038,0.326009490431156,0.56241073671324
2357,0,2,2,0,0,1,0,1,0,1,1,0,0,2,1,1,1,0,0,1,0.6551834089128835,-0.28910915144068083,0.0007282867524528447
2358,2,2,1,0,0,1,0,2,0,0,0,0,0,0,1,2,1,1,0,1,-1.2637663784307487,-1.0471933355035978,-2.646868774194002
2359,1,2,1,0,0,0,0,1,0,0,0,0,1,0,0,0,1,0,1,1,-0.13870726959290813,1.0932566583620569,-0.6867824117236816
2360,1,0,2,1,0,1,0,0,1,2,1,1,0,0,1,0,2,1,1,1,-0.9954188761725995,0.4575920724012206,-0.19397994378951938
2361,2,1,1,0,0,2,0,1,1,0,0,0,0,1,2,1,1,1,0,1,-2.264071269902736,-1.1633488178301166,-0.2581470704247377
2362,1,0,1,0,0,2,0,1,1,1,0,0,1,1,2,1,1,1,1,1,-0.5516628177011235,0.6569989904189986,-0.8885278575782358
2363,1,2,1,0,0,2,0,1,2,2,0,0,0,0,2,0,1,1,1,2,2.609354360178913,0.9867763013198438,1.5697093873031869
2364,1,0,0,0,0,1,1,1,1,0,0,1,0,0,1,0,1,2,1,2,1.0968254704877132,-0.7590175089017249,-0.7689684958161661
2365,0,0,1,0,1,0,0,0,0,2,1,2,1,0,0,1,1,0,0,1,0.12251090607668715,0.260504815372411,0.1399541933908793
2366,1,2,2,1,0,0,0,0,0,1,0,1,1,1,1,1,1,1,0,1,0.2038557738490514,0.5683942204420194,-0.3217204525176246
2367,1,1,1,0,0,1,0,1,0,1,0,0,1,1,0,2,2,0,1,1,-0.19242971504387157,1.4697488223742035,-0.6025718080969267
2368,0,2,1,0,0,1,0,0,0,1,0,0,0,0,1,1,2,1,0,1,-0.14714271295558345,-1.0920896791064532,-0.03670026625240602
2369,0,1,2,1,0,1,0,0,1,1,0,0,0,1,1,1,2,1,1,2,0.2850516881702618,0.13398895528522442,-0.42857724632000427
2370,1,0,1,0,0,0,0,0,0,0,0,0,0,0,0,0,0,1,1,1,1.1381101891060361,1.0447598743137887,0.9757498813729379
2371,1,1,1,0,0,2,0,2,1,0,0,2,1,0,0,0,1,1,1,0,-0.25331400277691335,0.0834000857889397,0.33500981730916723
2372,1,1,2,0,2,0,0,0,0,1,0,0,0,0,1,0,2,0,2,1,0.21392955729232882,1.7241029399783472,1.461475079023422
2373,1,0,1,0,0,1,0,0,0,1,0,0,1,0,0,0,0,1,1,2,-0.397462512725706,-0.7286009079724983,-0.2616494142890659
2374,0,2,0,2,1,2,0,2,2,0,0,1,0,1,0,0,2,2,1,2,1.536257526889723,1.2842175665609898,0.5598744774853873
2375,2,2,1,0,0,0,0,0,1,2,1,1,0,1,1,2,0,2,0,2,-0.4160787728000632,0.9154536590428997,0.32710787321826684
2376,1,2,1,1,1,1,0,0,1,0,0,0,0,1,1,1,1,0,1,1,-0.0605753898262854,-0.07987334794477194,0.7679308900141638
2377,0,0,1,0,1,0,1,2,1,0,2,0,1,1,0,1,2,1,1,0,0.14926931633911042,0.4368879365410749,0.19420782295179576
2378,0,0,1,1,0,0,0,1,1,0,0,0,0,0,2,1,2,0,1,1,0.4689908756747146,-1.0832061768832886,1.7650987530615267
2379,0,1,0,0,0,1,0,0,1,1,0,0,0,1,1,1,2,0,1,0,-0.8859091925902371,1.733621406778136,0.7694998631722603
2380,1,1,2,0,1,0,0,0,1,1,0,1,0,1,0,1,0,2,1,1,0.37516511599895724,1.1616805108890436,0.8256288985492832
2381,0,1,1,1,0,1,0,1,1,0,0,1,1,0,0,0,1,1,0,1,-0.3775439253894644,0.23756686433178958,1.6679742925596834
2382,1,2,0,0,1,2,0,0,1,1,2,0,1,1,0,1,1,1,2,1,0.04247529743171746,0.04936010266497888,-0.7390381322411325
2383,1,1,2,0,0,1,0,0,1,1,1,0,0,0,1,1,1,2,0,2,-0.7229478305265755,-0.2232652835070176,-0.9550075464885308
2384,1,2,1,1,0,1,0,1,0,0,1,0,0,0,0,1,1,0,0,0,-1.0209787667269599,1.3743671335552232,0.7372131619396904
2385,0,0,2,0,1,0,0,2,2,0,0,0,0,1,1,0,2,1,1,1,-0.44651084356768017,-0.5100419726676635,-0.7136638499239418
2386,0,1,1,0,1,0,0,0,0,0,0,1,0,1,2,2,1,0,2,0,0.5230523736446439,1.1114545365380886,-0.6088264327737662
2387,2,1,0,1,0,0,0,2,1,1,0,0,1,1,1,1,1,1,1,0,1.945204383772013,0.7491160080820849,-0.40644218813331356
2388,1,1,2,2,0,2,1,1,1,0,1,0,0,0,0,1,2,1,1,1,1.4321760523450313,2.9838015677540715,2.7743912122712615
2389,0,0,2,0,1,1,0,0,0,0,0,1,0,1,1,1,1,1,0,2,0.02932824134534284,1.2564732003964285,0.20830068964215384
2390,0,1,2,0,0,1,0,2,1,1,0,0,0,0,2,1,1,0,0,1,0.7360941390385755,-0.26576161195441966,1.895430469295803
2391,0,2,1,1,0,0,0,1,0,0,0,0,1,0,0,0,1,1,1,1,-0.916198376992897,-2.0183384245709024,-0.1895124095306855
2392,1,1,2,0,2,0,0,0,1,1,0,0,0,1,1,1,1,1,1,1,-0.3022121718897261,-2.770809460695642,-1.360996990269102
2393,0,2,0,0,0,0,0,0,1,1,0,0,0,0,1,0,1,1,0,1,0.2206263312871756,-1.0175835241028282,-0.2537580560054857
2394,2,1,0,0,1,1,0,0,1,1,0,0,1,0,1,1,1,0,0,1,0.19769104165508422,0.5090583730897397,-0.06525072766949291
2395,0,1,1,0,0,1,1,2,0,1,0,1,0,0,0,0,1,0,1,2,-1.1487734172134092,0.2856768021085123,-0.6925293572846556
2396,1,2,1,0,0,1,0,1,0,0,1,0,0,2,1,0,0,0,1,0,1.1634524363330878,-0.11822827814418313,1.323681384105765
2397,2,1,0,0,0,0,0,0,0,1,0,0,0,1,0,0,1,1,0,1,-1.5318049373833238,-2.09605924928718,-1.0901152032219716
2398,0,1,0,2,0,1,0,1,1,0,0,0,0,0,0,0,1,2,0,2,-0.7369017887393046,1.2807446650480738,-0.13863513394713867
2399,0,2,1,0,0,2,0,1,2,1,0,0,0,0,0,1,1,1,1,0,0.7592761022197708,-2.428740478367253,-1.2112016929267289
2400,0,0,1,1,0,0,0,2,0,0,0,1,1,1,2,2,1,1,2,0,0.2255276503233862,0.27222382236095133,2.076913147232647
2401,0,0,1,1,1,0,0,1,1,0,0,1,0,0,0,2,1,0,1,1,1.3878940563457571,0.6839316600892642,0.6750234175945096
2402,0,0,1,0,1,0,1,1,1,1,0,0,0,0,0,0,1,0,0,2,1.0563773120336177,-0.14555293811694048,0.7520680282775416
2403,0,2,1,0,1,1,0,1,0,0,1,0,0,1,0,1,1,1,1,1,-0.5215942631167425,0.5806928962036745,-0.5759044210876445
2404,0,1,1,0,0,1,0,0,1,0,0,0,1,0,0,0,1,2,1,0,-0.3296352903427006,-0.6022100292644179,0.2001580640921642
2405,1,1,1,0,0,2,0,2,0,0,0,0,0,0,1,0,0,1,1,1,1.814603384232331,0.6969014331820946,1.1631311119379708
2406,0,1,0,0,0,1,0,0,0,1,0,0,0,1,1,1,1,0,1,2,-0.0034638341454528254,1.0156035314364684,-0.32883766114198454
2407,0,0,0,0,0,2,0,1,1,0,1,0,0,0,1,0,2,1,1,1,1.1148563028560194,0.8738850018403697,1.1564139486461327
2408,1,2,1,1,0,1,0,1,1,1,1,1,0,0,1,0,1,1,0,1,1.54644564416209,0.1116849038831289,-0.2854418692009102
2409,0,0,0,0,1,2,0,1,0,0,1,0,1,0,1,1,1,1,0,2,3.056275386407309,-1.3911292767488692,1.9284463096397144
2410,1,1,1,0,1,0,0,1,1,0,1,1,0,1,0,1,2,0,1,2,0.2728994860797154,-1.1967675757591019,-0.6954225998613771
2411,1,2,0,0,1,1,1,1,1,0,1,1,0,1,1,1,1,2,1,0,0.3009789250925257,1.0679513570122892,1.2568664942745067
2412,0,1,2,0,1,2,0,1,0,0,0,0,0,1,1,1,1,1,2,1,-0.37777526983791293,0.7867033606768292,-2.3243888111000275
2413,0,1,0,0,0,1,0,1,1,0,0,0,1,2,0,0,1,1,0,1,0.5058327504234845,1.237230893166662,0.32840205738294714
2414,0,1,1,0,0,0,0,2,0,0,0,0,0,0,0,0,2,1,0,1,0.0014806782155195408,1.0975515496264334,0.6930953109373532
2415,0,2,1,0,0,2,0,0,1,0,0,0,0,0,0,1,0,0,0,1,1.7572701370254387,0.9598106745201065,1.0209894943379338
2416,1,1,0,1,0,2,0,1,0,1,2,1,0,2,0,0,1,2,2,1,0.9846523163455095,0.9254389791970066,0.13447813800394148
2417,1,0,1,0,0,1,0,1,1,1,0,0,0,1,0,0,1,1,0,0,1.1375286248585972,1.3812016940908178,0.11551615137672289
2418,0,2,1,0,0,1,0,1,1,1,1,1,1,0,0,0,1,1,1,1,0.5472875001563944,0.602043408317676,-1.3462947508004421
2419,1,1,1,0,1,0,0,0,1,0,0,0,0,0,1,1,2,0,0,2,1.4567991323965492,-0.34570841664498353,1.3481961810006053
2420,1,0,0,0,1,2,0,2,0,0,0,0,0,1,0,1,2,0,0,0,0.5398711377054594,-0.024473695978929635,-1.4812380817519177
2421,0,1,0,1,0,1,0,2,1,2,1,0,0,1,1,1,1,0,1,1,-1.9318561349724985,1.1549316048898948,-1.1354457333112307
2422,0,1,0,1,0,1,0,0,2,0,1,0,1,1,1,0,0,2,0,2,1.12869461601848,0.8555739581144371,2.486413188406824
2423,0,2,1,1,0,0,1,0,2,0,0,1,0,0,1,2,2,1,0,2,-0.44270338222494077,0.6508257373752034,1.4774740563452247
2424,1,0,0,1,0,1,0,1,2,1,0,0,0,0,0,1,1,0,1,1,-2.2672885711422786,-0.9177444741845024,-0.013510121179308943
2425,0,0,1,0,0,0,0,1,0,0,1,0,1,0,0,2,1,1,1,2,-2.339491174359312,0.33624207193453004,-1.7426821258339475
2426,0,0,1,0,1,2,1,0,1,0,1,1,2,0,2,1,1,0,0,0,-0.757422509099652,-0.8080787210726967,-1.332671382654922
2427,0,1,0,1,0,1,0,0,0,0,2,1,1,0,1,0,1,1,0,1,-0.7646943936378151,-0.8423677891285767,-1.304246800900322
2428,1,2,0,1,0,1,0,1,1,1,0,0,1,0,0,2,2,0,0,1,-0.8082727822391492,-0.1096448502529413,-0.38924159938142683
2429,0,2,1,0,1,2,0,1,1,0,1,1,0,1,0,1,2,2,0,2,0.4818945214930455,1.02557122155853,-0.21891347536807582
2430,0,1,0,0,0,1,0,1,0,1,1,0,0,0,1,0,0,1,0,1,2.0813523168067674,1.4136579855168587,1.9110203862639241
2431,0,2,0,0,0,2,0,1,2,1,0,1,0,0,1,0,2,2,0,1,-0.062447440171937596,0.19557492007392663,-0.64560428367614
2432,0,0,1,1,0,0,0,1,0,0,1,0,0,0,1,0,1,1,0,2,0.45619608579368404,0.7833003295450942,0.2585581011132465
2433,0,0,0,0,0,0,0,2,1,0,0,0,0,1,1,1,2,1,1,0,0.059581029465115835,0.38623775615911293,0.7808068828659641
2434,2,1,2,0,1,2,0,2,1,0,1,0,0,1,0,1,2,1,2,1,1.246250724299286,1.5826873785889917,-0.786326551934889
2435,0,1,2,0,1,1,0,1,2,1,0,0,0,1,0,2,1,2,0,2,-0.7257233187597786,0.8291985521476473,-0.8344301581681894
2436,0,2,0,0,0,1,0,0,1,0,0,0,1,0,1,1,2,1,0,1,-1.1887641376523894,-0.4422411720073437,0.5864143928419923
2437,1,1,1,1,0,0,0,0,2,0,1,0,1,1,0,1,1,1,2,2,-0.390760732123867,-0.45014282964216323,0.14123512719397474
2438,0,1,0,1,0,0,0,2,2,0,1,0,0,1,0,0,1,0,0,0,-1.127043923788397,-1.476318445919541,-0.07284051975359562
2439,0,0,2,0,1,1,0,1,1,0,1,0,2,0,0,1,1,0,1,1,-2.2700103951580317,-0.6473284689315686,-1.7084620856569936
2440,1,1,0,0,0,0,0,0,0,1,1,0,1,1,0,0,0,2,0,0,0.31545879940304805,-0.09439431794659418,-1.0319676593727913
2441,1,0,2,0,0,1,0,1,1,0,0,0,1,0,0,1,0,0,1,1,0.23295999743430054,0.04176260830915587,-0.311528441476615
2442,1,0,1,0,0,2,0,1,0,0,1,0,0,0,1,0,2,2,0,0,1.7337330479847823,0.7361856149314183,2.2720637550435776
2443,0,0,0,0,1,1,0,1,0,0,0,0,0,0,1,0,2,1,0,0,0.8862233495305092,-0.47625932282372185,-0.5822321523164427
2444,0,2,0,0,0,1,0,1,1,1,0,0,0,1,1,1,0,0,1,1,0.13984840230401668,0.49372139907904733,-1.413348789464321
2445,1,1,2,0,0,1,0,2,1,1,0,0,1,0,0,1,1,0,2,0,-0.3339903590932969,0.8917600412768191,0.3364746985845821
2446,0,1,1,0,0,2,0,1,2,1,0,1,0,1,1,0,2,1,1,1,-1.1246977973755268,-0.6081430145326616,-0.5971916451312624
2447,1,2,1,0,0,0,0,0,0,2,0,1,1,1,0,0,1,0,1,1,-0.6659907874119808,1.574441852485678,1.309828532263651
2448,1,1,0,0,1,1,0,1,0,0,0,0,0,0,1,0,0,2,0,1,0.4799437593973891,-1.7807749571476783,-1.3717606318204778
2449,1,1,1,0,1,1,0,2,2,0,0,1,1,1,0,0,2,2,1,1,0.45417111060887294,-0.37156718070529804,-1.207342368009489
2450,1,1,1,0,1,1,0,1,1,0,0,0,0,1,0,1,1,1,0,2,-0.019107058166225103,-0.14445883678500654,1.516334139339747
2451,1,1,2,0,1,1,0,2,0,0,0,1,0,0,1,1,2,1,0,0,0.10569519256920941,-0.10957969219203098,-1.159792744541757
2452,0,2,0,0,0,1,0,1,0,0,0,0,0,1,1,2,2,1,1,1,0.0045153246060453045,-1.391659575437753,-0.6332439904875218
2453,1,1,1,0,0,1,0,1,1,1,0,0,0,0,1,1,0,0,1,1,1.1488502276035726,1.108324010292213,0.72689753176866
2454,0,0,1,0,0,1,0,1,1,0,2,0,0,0,2,0,1,1,2,1,-0.5267133853762046,0.48482666926925394,-0.26375392484035626
2455,1,2,0,0,0,1,1,1,0,0,1,1,0,1,0,0,0,1,2,1,0.6181460213300418,-0.07228942360361967,-1.1822114337558467
2456,1,2,1,0,0,1,0,0,0,1,0,1,0,0,0,1,2,2,2,1,-1.4856475429350204,1.1880054780433813,2.890192211762627
2457,1,0,1,0,0,0,0,1,0,0,0,0,0,0,0,1,1,0,1,0,-2.149153474114889,0.8249285604816418,0.6481520545163226
2458,0,1,0,1,0,2,0,1,1,1,1,0,0,0,0,0,1,0,1,0,0.14777692599912046,1.2521205636724289,0.4758975886792292
2459,1,0,0,0,0,0,0,1,0,0,1,1,0,0,1,0,2,0,2,1,0.9705466840245539,2.2158676710859186,2.0956163486534134
2460,1,1,0,0,0,0,0,1,0,1,0,0,0,0,1,0,1,0,0,1,-0.5618071070434424,-0.2940743441276615,-2.2988953252700495
2461,0,0,1,1,0,1,0,0,2,1,1,1,0,0,1,1,0,1,1,2,-0.14667302292771825,-1.082092571202238,-1.170608230609875
2462,1,1,1,1,0,1,0,1,0,0,1,0,0,1,1,0,1,0,1,0,-0.5166321967575154,0.9582867130036063,0.30728659338341546
2463,1,0,2,0,0,1,0,1,1,1,1,0,0,0,2,0,2,2,0,2,-1.5024175407183502,-0.7472858168074132,-2.6376304177254726
2464,0,2,2,0,1,0,0,1,0,0,0,0,0,1,0,0,2,1,1,0,0.5969183347674584,2.032518829894096,1.3846429438876242
2465,1,1,1,0,0,0,0,0,0,1,0,0,0,0,0,0,0,2,1,1,-0.22086984702509288,-0.7128812400376652,0.22840088113924567
2466,0,1,0,0,0,0,0,0,1,1,0,0,1,0,0,0,1,1,2,0,-0.8213152192299041,-0.8844397260522643,-1.5752652194020729
2467,1,1,0,0,0,1,1,1,0,0,1,0,0,0,1,0,0,0,1,1,-0.17619329033517375,0.8612174777097983,1.6393918606615396
2468,0,1,1,1,0,1,0,0,0,2,1,0,1,0,0,1,1,1,1,2,0.027940913331861935,-0.7673002577780672,2.032688851160226
2469,0,1,1,0,0,1,0,0,0,0,0,0,0,0,0,1,1,0,0,1,0.19225393249522524,1.4989998253069845,-0.6325067577484116
2470,0,1,1,0,0,1,0,2,1,0,0,0,1,0,1,0,0,1,1,0,-0.9576501521139962,-0.5752833707156416,-0.859562715316148
2471,0,1,1,0,1,2,0,2,0,0,0,0,0,0,0,0,0,0,0,1,-1.5481934305842215,0.7773487240385687,-0.3309676527351142
2472,0,1,1,1,1,2,0,1,0,0,0,0,1,0,0,0,1,2,0,1,0.8805976542022638,-1.2109733609000655,0.9250844417696623
2473,0,1,0,0,1,1,0,1,1,1,0,0,0,0,0,0,1,1,1,1,0.34863496356817375,0.5423065097405789,-0.3715761621690441
2474,0,1,0,1,0,2,0,1,2,0,0,1,0,0,0,1,1,2,2,1,0.08189764262914177,-0.49431214761157927,-0.8768506312900497
2475,1,1,0,0,1,1,0,0,2,1,0,1,2,2,2,0,2,2,1,2,2.184722672842797,-0.4343176922922936,0.6098002051040694
2476,2,0,0,0,0,1,0,1,2,0,0,0,1,0,1,0,0,2,1,2,0.8765348742875172,1.6737778544313973,0.3281780762612394
2477,1,1,1,0,1,0,0,1,1,2,1,1,0,0,0,0,1,0,2,0,-0.01969392804750534,-0.33117370590273193,-0.04802979220795601
2478,0,2,0,0,1,0,0,0,1,0,0,1,0,1,0,0,0,0,0,1,0.8399585817384169,1.9218725609031904,-0.3022332861709607
2479,0,0,2,1,1,1,0,0,0,1,1,0,0,1,1,1,1,0,0,1,0.7129338821949598,0.4883446329017789,-0.028268087319182567
2480,1,2,0,1,0,0,0,1,0,1,0,0,0,0,2,2,1,2,0,1,0.5739400224571977,1.3901727574249894,-0.5128131425389332
2481,1,0,1,0,0,1,0,1,0,0,1,0,0,0,1,1,1,1,1,2,-1.3075159650207093,0.16013724634251325,0.2989104449464709
2482,0,1,0,2,0,2,0,0,1,0,0,1,1,2,0,0,2,1,1,1,-0.20303882043711957,-0.02862705768675719,0.43021996281808494
2483,2,1,1,0,1,2,0,0,0,0,1,0,1,0,1,1,2,0,1,2,1.2447952578840333,0.5223239827823043,1.1589719385555186
2484,1,0,1,0,0,0,0,1,0,1,1,0,0,1,0,1,2,0,1,2,0.32489397611836796,-0.7242935012738636,0.4641309023540292
2485,1,0,0,1,2,0,0,2,1,1,0,1,1,0,1,0,2,0,1,1,-0.3397046256601888,-0.44423200124682927,-2.673305063170605
2486,1,0,0,1,0,1,0,0,1,1,1,0,0,0,1,1,1,2,0,0,-0.7718215914062316,-0.845224500668858,1.4817564693679823
2487,1,1,1,0,1,0,0,0,0,2,0,1,0,1,0,0,0,0,0,0,1.3011739608304909,0.19559314877186282,1.9443040184442208
2488,1,0,1,0,0,0,0,2,0,1,0,1,0,1,1,1,1,2,0,2,-0.7146340598725841,0.38157096731822204,-1.194829967991563
2489,1,0,1,0,2,0,0,0,2,0,1,1,1,1,1,0,0,0,2,1,-0.6511853574633923,-1.8710922947317687,-1.4102131857143434
2490,1,1,1,0,0,1,0,0,0,1,1,0,1,1,1,0,2,1,1,0,0.9331436247736534,-0.9372805141792008,0.7730598146440647
2491,1,2,1,1,0,1,0,0,1,0,0,2,0,0,1,1,1,0,0,1,0.46295316657790725,1.4231736695437411,-0.1993940280845955
2492,1,1,1,0,0,0,0,0,0,0,1,0,0,0,1,0,2,2,0,1,0.06752763703278754,-0.6027109074034149,-0.8717299122435128
2493,2,0,1,0,0,0,0,1,0,0,0,0,0,0,0,1,2,0,2,1,0.32814009515138226,-0.21295882544487627,1.5951382472707438
2494,1,1,0,1,0,0,1,2,2,0,0,0,1,1,1,1,2,1,2,1,0.7668443859810787,-0.569398327764507,-0.5132152901176947
2495,0,2,2,0,1,0,0,0,1,1,0,0,0,0,0,0,1,0,2,2,1.4387515417486663,0.148156064521619,3.443893155088099
2496,1,0,1,1,1,0,1,1,1,0,1,1,0,0,2,2,1,0,1,1,-0.8991215512858065,-0.3539726689212836,0.7687061934286088
2497,1,0,0,1,0,0,0,1,2,1,1,2,1,0,0,1,1,1,0,2,0.4887903620716334,-0.5223941935573138,-0.22805148932307462
2498,0,1,1,0,0,1,0,1,1,0,0,2,0,1,1,0,2,1,1,1,-1.4268901029065184,-0.6302704676495111,-0.6940983557179096
2499,0,1,1,0,0,1,0,0,0,1,1,0,0,0,2,0,1,0,0,1,-0.402189913221419,1.6957170836406683,-0.1884286763079936
2500,2,1,0,0,0,0,1,2,1,0,0,0,0,0,0,0,2,1,1,0,-0.7059824853850553,1.4731615982561657,-0.11122205644085295
2501,0,1,1,0,0,2,0,1,0,1,1,1,0,0,1,0,1,0,1,0,-0.015174479900284676,-0.43444011850640135,-0.25127987898019444
2502,1,0,2,1,1,2,0,0,1,0,0,1,0,1,0,0,1,0,1,1,-0.3538563182096583,1.0149083535090762,-0.21287522189263008
2503,1,1,1,0,0,1,0,1,2,0,1,0,0,0,1,1,1,0,0,2,-0.24330714829642577,-0.6139416604999549,-1.652745927307418
2504,2,1,1,0,0,2,0,2,0,0,1,0,1,1,1,0,1,2,1,0,0.8982598842680125,-1.6342114923645967,0.18376331697441667
2505,1,1,1,0,1,0,1,2,2,0,1,0,0,1,1,0,2,0,2,2,-0.7448709732058961,1.7084234430187213,0.558215816188461
2506,0,0,0,0,1,0,0,0,1,1,0,0,0,1,1,1,1,2,0,1,0.532312558007002,-0.08887913343202034,-0.552312560290228
2507,2,1,2,1,0,1,0,0,1,0,1,0,0,2,0,0,1,1,2,1,-0.3983560468914532,-1.518413384596668,-1.7212388261016476
2508,0,2,0,1,0,0,1,2,1,0,0,1,0,1,0,1,1,1,1,1,1.586055684462515,0.6602262986850691,-0.33985842271045896
2509,2,1,1,1,1,0,0,1,0,1,0,0,0,1,1,1,1,0,1,2,2.1413035644870675,0.46927657581617777,1.1803118503618926
2510,0,0,1,0,0,1,1,1,0,0,0,0,0,1,1,2,2,1,1,2,-1.2868718591030568,0.09042052093901126,0.21614898057992782
2511,0,1,1,1,0,1,0,1,2,0,0,0,0,0,0,1,2,2,2,1,1.0655897605946547,1.1296350660691798,-0.7934197221247357
2512,1,1,2,0,0,0,0,1,1,1,1,0,0,1,0,1,0,1,2,1,0.9425493571007083,0.9158649358752908,0.6629006537682399
2513,1,2,1,1,0,2,0,0,0,1,1,1,0,0,0,1,0,1,0,2,-0.432880112164243,-0.8118689731429461,-0.2808327033069308
2514,1,1,1,0,1,0,0,2,0,0,0,0,1,1,0,2,1,1,0,1,1.5215686257274943,0.8068907801387026,2.2676332174786116
2515,0,1,0,0,1,0,0,1,1,0,0,1,1,0,0,0,1,1,1,2,0.13437631692366442,0.690068876463594,0.5691716562177729
2516,0,1,1,0,0,0,0,0,0,0,1,1,0,0,0,0,2,1,1,1,0.25623157553575215,1.053165525299406,-1.4790453834472146
2517,2,1,0,0,0,0,0,1,2,0,0,1,0,0,1,1,1,1,1,2,0.4705299580601551,-0.8908971378086641,0.508789376343858
2518,0,1,1,0,1,1,0,1,1,0,0,1,1,0,1,1,1,1,1,1,0.2182761662945266,-1.105492004327786,-1.1448578399437013
2519,0,2,1,0,0,1,1,1,0,0,0,0,0,1,1,0,1,1,1,2,-1.1320171420349843,0.003220994439695951,-2.4731132794954944
2520,1,0,1,0,0,1,0,1,2,0,1,1,1,1,1,0,0,1,1,2,-1.1048371215547435,1.15103864861636,1.0759312517673276
2521,1,1,1,0,0,0,1,1,0,0,0,0,0,0,1,1,2,2,1,2,-3.2962799040003805,0.009714901776405216,-1.0595937180810289
2522,1,0,1,0,0,0,0,0,1,2,0,0,0,0,0,0,2,0,0,2,2.0293416970970735,0.19199888229481457,0.7451570504773365
2523,0,1,1,2,0,0,0,1,1,0,0,2,1,1,1,0,2,0,1,1,-0.34106138760986326,-0.3213983965840221,0.5643215761975862
2524,0,2,1,0,0,1,0,2,1,1,0,0,0,0,0,0,1,1,0,1,-1.1806462463956036,1.1592288256541352,1.4915029419184318
2525,1,1,0,0,0,0,0,0,0,0,0,0,0,0,0,0,1,0,0,1,-0.6049972992784131,-1.5525432207770273,-1.7944990617447014
2526,0,0,1,1,2,0,1,1,0,1,1,0,0,1,0,0,2,1,0,1,-0.506944214565604,-1.1396190699198157,-0.7860047913582558
2527,1,2,0,0,0,2,0,0,1,0,0,0,0,0,0,1,1,0,2,0,-1.547471872432005,-0.05584929171873415,-1.6815609240498866
2528,1,1,1,1,0,2,0,1,2,1,1,1,0,0,0,2,2,0,1,0,-0.2269209865749176,-1.233572617777269,0.2032214727877063
2529,1,1,1,0,0,2,0,2,1,0,0,0,0,2,0,1,1,0,1,1,0.10202251128649828,0.4294943987969424,0.8807903362409488
2530,1,2,1,1,0,1,0,0,1,0,0,2,0,0,1,1,1,2,0,1,-1.0848522430696208,0.7423455316588611,-0.16849866177283496
2531,2,1,1,0,1,0,0,1,1,1,0,0,1,0,1,2,1,1,0,1,-0.8936681189683942,-2.6334519965023655,-0.5859627156404077
2532,2,1,1,0,0,0,0,0,1,0,0,0,0,2,1,2,1,0,0,1,0.12805440925301204,-0.07600853726194307,-0.272526930337198
2533,0,1,1,0,1,1,1,0,1,0,2,0,1,0,1,1,2,2,2,1,0.2643389686343183,-0.18627042400352928,0.05405802544462411
2534,0,0,0,1,1,0,0,1,1,0,0,0,0,0,1,1,1,1,2,1,1.6825956056989766,1.7741650919386736,0.48998475063374447
2535,2,1,2,0,1,1,0,1,1,1,0,0,1,2,1,1,1,0,0,0,-0.637954997738282,0.31051381862794547,0.3556371635202225
2536,0,0,1,0,0,2,0,1,0,1,1,0,0,0,1,0,1,1,0,1,1.277024937487404,0.6117135409725408,-0.40432479750241945
2537,1,2,1,0,0,0,0,0,0,0,0,1,0,0,0,0,2,0,1,2,0.005855568225083559,0.7504943270581848,0.6715957594301634
2538,0,2,1,0,0,2,0,1,2,2,1,0,0,0,2,1,0,0,2,2,0.3363289571803174,-0.2498152065422809,-0.0721191587311132
2539,0,2,1,0,0,2,0,0,0,0,0,0,0,1,1,0,2,1,1,1,-0.5164450163014305,-0.6535010764453375,-0.015806688281262304
2540,1,1,0,0,1,1,0,2,1,0,1,0,0,0,0,1,0,0,1,1,-1.2532440715677968,0.9980679478140018,0.7467882108028623
2541,1,0,0,0,0,2,0,1,1,2,1,0,0,1,1,0,0,0,0,2,-1.4730034621206343,-0.11728613031394514,-0.7401311509589321
2542,0,1,2,0,0,0,0,1,0,0,1,1,0,0,0,0,1,2,0,0,-0.4896627385813199,0.47488025580011234,0.31223934664288255
2543,1,1,0,1,1,2,0,0,1,0,1,0,0,0,0,0,0,1,0,1,0.35822742861216084,-0.28000616988781035,-2.062730770285928
2544,2,1,0,1,2,0,0,1,1,0,0,0,0,0,2,1,1,2,0,1,0.4895151899358835,0.7696221088914663,2.18244926974428
2545,2,0,1,0,0,0,0,1,2,1,0,0,0,0,1,0,0,1,0,1,1.225526689330337,1.586731916278962,1.6504130272978206
2546,2,1,1,0,0,2,0,1,0,1,0,1,0,0,0,1,1,1,1,2,-0.039248319222938914,0.3339159622670703,0.5374808887131582
2547,1,0,0,0,0,1,1,0,1,1,0,0,0,0,1,1,0,0,2,1,-0.1434768619294793,0.044219312583791553,0.5269484457733931
2548,0,2,1,0,0,1,0,0,2,1,0,1,0,1,1,0,2,1,1,1,-0.426571375756882,0.9258644993401416,-0.1471510730245731
2549,1,2,2,0,1,1,0,0,0,1,0,1,1,2,0,2,1,0,2,2,-0.20748223694256726,-0.3263071171386194,-0.8785353326180104
2550,1,1,1,0,0,1,0,0,1,0,1,1,1,2,0,1,0,0,1,2,-1.6162142218645796,1.0076145517862165,-0.8979129908013861
2551,0,2,1,1,0,0,0,0,0,0,1,1,1,1,0,0,1,1,1,1,0.1502057318697127,-1.2385779126074001,-2.1606979393036982
2552,0,1,0,0,1,2,0,1,1,0,1,0,0,0,0,0,1,1,1,1,0.12760169783950093,0.7398737523113144,1.24617838135394
2553,0,1,0,0,0,2,0,1,1,0,1,0,1,0,1,0,2,1,0,0,0.46047766910765986,0.6909608599347642,-0.017786266336427103
2554,0,2,1,0,0,0,0,0,2,2,0,1,1,1,1,0,0,0,1,1,0.930720603805858,-0.4648250168376363,-0.6092102451192583
2555,2,1,2,1,1,1,0,0,0,2,0,0,1,0,0,2,0,0,1,2,0.9257926622008302,1.0136804276837261,-1.1986103861535617
2556,1,1,0,0,1,1,0,1,1,1,0,0,0,0,1,0,0,0,0,1,1.6601267044154764,-0.7747402751862831,1.6393879205857593
2557,1,0,1,1,0,1,0,0,1,1,0,0,1,1,0,1,1,0,1,0,0.3749437605872926,0.20962978131130247,0.8901472533045709
2558,0,1,1,0,0,0,0,2,0,0,1,0,2,0,0,0,1,0,0,2,0.37173100910226564,1.4995477331389526,-0.398130566510417
2559,0,1,2,0,0,1,0,0,2,1,1,0,1,1,0,0,2,1,2,1,-0.901786952027847,-0.4503051137927735,-1.387875468977894
2560,1,1,2,0,0,0,0,0,2,1,0,0,1,1,0,0,1,2,1,1,1.166333177617274,0.5674119895428855,0.9724204571002626
2561,2,0,0,1,0,1,0,0,0,1,0,0,0,0,1,1,2,1,0,1,-0.5125037084853289,-0.04142141438346014,-0.26543438660950136
2562,0,0,0,0,0,0,0,0,1,1,0,0,0,0,0,0,1,1,2,2,0.3912317343409089,0.7877688131362844,0.05009495795636798
2563,0,0,2,1,1,1,0,1,0,0,0,0,1,1,0,0,0,1,2,1,-0.7353885665761485,1.5943934079182065,0.3899335297248675
2564,1,1,1,0,1,0,0,0,1,0,0,0,0,0,0,0,1,1,1,0,-0.446368491833576,0.5195750664916878,-0.7173120096991922
2565,1,2,0,0,0,1,0,0,2,1,0,1,0,0,0,1,1,1,2,2,0.4579496929962567,-2.0581683551534513,0.2827354107885093
2566,0,1,2,0,0,0,0,1,0,0,1,0,0,0,0,0,2,1,0,2,1.0358790654513126,0.20717438370616603,0.46483155055675984
2567,1,1,1,0,0,1,0,0,0,0,0,0,0,1,1,1,2,1,1,0,0.4247985984316205,0.6185135014213619,0.08419587268386636
2568,1,1,0,0,0,1,0,0,0,0,0,0,0,0,1,0,2,0,1,2,-0.21370267193323797,-0.7774066152427448,-1.1284888638710968
2569,1,1,1,0,1,2,0,1,0,1,0,0,1,1,2,1,1,2,0,1,1.7730451975673716,0.5407378848167569,-0.6799321223510887
2570,1,2,0,1,1,1,0,0,1,0,1,0,0,0,0,0,1,1,0,1,-1.35462592656087,0.5042122908486659,-1.2778826958389515
2571,2,0,0,2,2,0,0,0,1,0,0,0,0,0,1,1,0,1,0,2,-0.2012194893868486,1.3053062231412564,2.284994941535039
2572,2,0,0,0,0,0,0,0,2,0,1,1,0,0,0,1,1,1,0,2,1.9009514163114272,1.281477872591192,0.11552828357577849
2573,0,0,1,0,0,0,0,1,1,1,0,0,0,0,1,0,2,1,0,2,-0.5411758738060146,-0.2191480355498529,-1.0994524966514603
2574,0,0,1,0,0,1,0,0,0,0,1,0,1,0,1,0,0,1,2,1,-2.0105690741656077,-0.6517750081566611,0.20915269335521125
2575,1,0,1,1,0,1,0,1,1,0,1,0,0,0,1,1,1,1,0,1,0.7867831029716887,-0.4771427945644585,0.6431708647261916
2576,0,1,0,0,1,2,0,0,1,0,0,0,1,1,0,1,1,1,1,1,2.967020039146444,1.1136379495147408,2.2215915307284586
2577,1,1,1,0,1,1,0,1,0,1,1,0,0,1,0,1,2,1,0,1,-0.0027364366768470863,-0.16228470385383,0.4626367278075836
2578,1,1,1,0,0,1,0,1,2,0,0,0,0,0,0,2,1,1,0,1,-1.4162089391390804,-2.3817264443028625,-1.1476988426069128
2579,2,1,1,1,0,0,1,0,0,1,0,1,1,0,2,0,1,2,1,1,-1.2793740126502695,-2.380932243553148,-1.6966361029005324
2580,0,0,0,0,0,0,0,0,0,1,1,1,0,0,0,0,2,1,1,2,0.051603398363155646,0.28174458823560755,0.9691809267528968
2581,1,2,0,0,1,1,0,0,1,0,0,0,0,1,1,0,1,0,1,0,0.5607795667442542,-1.5652873067505715,-3.0359756712000068
2582,0,1,1,0,1,0,0,2,1,0,1,0,0,1,0,1,1,0,0,0,-1.0758260315778532,-1.0983281100408269,-2.0237817399660587
2583,1,2,1,0,0,0,1,1,0,2,0,0,0,2,1,2,0,0,1,0,-0.7666582257055107,0.6010197992432149,0.054556313589394306
2584,0,0,2,0,0,0,0,1,0,0,0,1,1,1,0,2,1,2,0,1,0.8117123066208713,1.5816487745419041,1.0169345014625129
2585,1,1,0,0,1,2,0,2,0,0,0,0,0,0,0,2,1,0,0,2,-1.3882320448243797,0.18760785875307537,1.01813886486029
2586,0,0,0,0,1,1,0,0,0,0,0,0,1,0,0,0,1,2,1,1,-0.22343146690707147,-1.546738443116594,0.2542125289713245
2587,0,1,1,0,0,1,0,0,2,2,0,0,0,0,1,0,0,1,2,2,0.2659894279471657,1.9095500551099611,2.276384006379666
2588,0,0,1,0,1,1,0,2,1,0,0,1,0,1,1,1,1,1,1,1,0.2319187137040036,-0.575048861080339,0.10971255441528827
2589,0,1,1,0,0,0,0,1,1,0,1,1,1,1,0,1,1,0,1,1,-1.0101623607217705,-0.1188084588322271,-0.10239392629749328
2590,0,2,1,1,1,1,0,0,2,0,0,0,0,0,0,0,2,2,1,1,-2.2700441577084765,-0.8045934680306672,-0.4687632328165475
2591,0,1,1,0,1,1,0,0,1,1,0,0,1,0,1,0,2,1,1,2,1.5431587129066882,-1.4010733701598017,0.08620117912939737
2592,0,0,2,1,0,1,0,2,1,0,0,0,1,1,0,0,1,1,0,0,-0.7878907418806619,-1.074368375339991,-0.9642375147406195
2593,1,1,1,1,0,0,0,0,1,1,1,0,0,1,0,0,0,1,1,2,1.0222154735743654,0.5252939578756579,1.2534418160391452
2594,0,1,2,0,0,1,0,0,1,0,0,0,1,0,1,1,1,1,0,0,-2.1290695986281984,-0.5881007048815936,-0.3891444145255283
2595,0,2,1,1,1,0,0,1,1,1,0,0,1,0,0,0,0,1,1,1,-1.5451629404909761,0.8781362299525475,0.32224985165271325
2596,0,0,1,0,1,0,0,2,0,1,0,0,0,0,1,1,0,1,2,2,-0.2941736505202556,0.0729277071500709,0.14514135336864287
2597,1,1,1,0,1,0,0,1,0,0,0,1,0,1,0,0,1,1,1,1,-0.1054903922439713,-1.3578581424787306,-1.2893305342967922
2598,2,0,1,0,0,1,0,1,0,0,1,0,0,1,1,2,1,0,1,1,-0.5925717384160433,-0.5445088207347681,-1.3906196493892171
2599,0,1,0,1,1,0,0,1,0,1,0,1,0,0,1,1,2,1,0,2,0.6408543141202837,-0.25178044571468816,0.592095608852447
2600,1,2,1,0,0,1,0,2,2,1,1,0,0,0,1,1,1,1,1,2,0.9677172191918477,-0.25417945021941135,-0.2567935967794258
2601,0,2,0,1,0,2,0,0,2,0,0,0,0,0,1,0,1,1,1,0,-1.0204363069081692,0.9571974871386892,1.0277602515030237
2602,0,2,0,0,1,2,0,1,1,0,0,0,0,0,2,1,1,1,0,2,0.1387611725880713,0.4648568817087487,-0.5259511355788102
2603,1,1,1,0,1,2,1,2,0,0,0,0,0,0,1,0,2,1,1,1,0.820261859159242,-2.338812906136453,0.33035942712186367
2604,1,1,0,0,0,0,0,1,1,0,0,0,1,0,1,2,2,0,0,2,-0.96632418385403,-1.1078814494352227,1.0010820262104043
2605,0,1,1,0,0,1,0,0,1,1,0,0,0,0,1,1,2,0,0,1,-1.0683672700776419,-0.6718326968520537,-1.674632455189558
2606,2,1,2,0,0,0,0,1,1,0,1,1,0,1,0,0,0,2,1,1,1.1038104209669664,1.348766832771749,2.0467292505185046
2607,1,0,0,0,1,1,0,0,1,0,0,0,0,0,0,1,2,2,2,2,-0.5957091736789879,0.12470401629861005,1.2881336232015288
2608,1,1,1,0,1,1,0,1,0,0,1,0,0,0,1,0,1,1,1,1,-0.8352887745113335,1.12532692787175,0.7689117529838689
2609,1,1,0,2,0,1,0,0,1,0,0,1,0,0,1,0,2,0,0,2,1.4877923765134922,0.510082855966985,0.2891558005356887
2610,0,0,0,1,1,1,0,0,1,0,0,0,0,2,1,1,1,0,1,1,-1.6177763670422989,0.09903359337437107,-2.4083362412191733
2611,1,1,1,0,0,1,0,0,2,0,0,0,0,0,1,1,1,1,1,0,-0.2779061360230671,0.4500800671547833,-1.9925360004886674
2612,0,2,1,0,0,0,0,2,1,1,0,1,0,1,1,1,1,1,0,1,-0.7147752113295105,-0.4475743626074089,-0.07393282770853105
2613,1,1,1,0,2,1,0,1,1,1,1,0,0,1,1,0,1,0,2,1,-0.4047728209354043,-0.28213990643465986,-0.24965157371348906
2614,1,0,2,0,1,2,0,2,1,0,2,1,1,0,1,1,1,0,1,1,-1.2293327005605403,-0.09165796896093809,-0.3211650025363655
2615,0,1,1,0,0,0,0,2,0,0,0,0,0,2,1,0,0,0,0,2,0.04162991891936969,0.9371152759117143,0.8586366550811682
2616,0,2,1,0,1,1,0,2,0,2,0,0,0,0,2,0,1,1,0,1,-0.44370626851979783,1.8436496644602993,-0.203253708806726
2617,1,0,1,0,1,1,0,0,2,1,0,0,0,2,1,1,0,1,1,2,-1.9111917774505331,0.8236051703016039,-1.8210650986087442
2618,1,1,1,1,0,1,0,0,1,0,0,0,0,0,1,2,2,0,1,0,-0.10430875599377755,0.5534653270022536,0.3566856363946911
2619,0,1,1,0,0,0,1,1,1,1,0,0,1,0,0,1,0,1,0,1,0.1843766968271358,-0.5442402261013943,0.10332598222811641
2620,2,0,0,1,0,2,0,0,0,1,0,0,0,1,0,0,1,1,1,1,-0.8274489362286431,-0.42065445132659074,0.8471202000063707
2621,0,2,2,0,0,2,0,0,2,1,1,0,0,0,2,0,1,2,1,1,-0.3639639379159449,-1.986569298611525,-0.447441298976582
2622,0,0,0,0,1,0,0,1,1,1,0,0,0,0,0,1,1,1,0,0,0.1459757037889755,-0.9403237219203915,-0.9321902015390389
2623,2,0,1,1,1,2,0,0,1,1,0,0,0,0,1,1,2,1,0,1,-0.11255821882847766,-1.4130357575930592,1.3021863692283686
2624,0,2,1,0,0,0,0,0,0,1,0,0,0,1,0,1,2,1,1,1,0.008243315439615918,-1.6161504563248665,-0.2696052006119907
2625,2,1,2,0,1,1,0,0,0,0,0,0,1,2,2,1,2,1,0,2,-0.6145468636130167,-2.146858427724994,0.3643751910186772
2626,2,1,1,0,0,0,0,2,0,1,0,0,0,2,1,0,0,1,0,1,-0.022139902558822797,1.7351232965963235,1.3851270771498045
2627,0,1,0,0,0,1,0,0,1,1,0,0,0,0,0,1,0,0,1,1,0.16184954894859757,0.2508760977421368,0.8649054430561028
2628,0,2,0,2,0,0,0,0,1,1,0,0,0,0,1,0,1,1,0,0,0.6346173387995301,0.5152334300393133,-0.11560666474018877
2629,1,2,1,0,0,0,0,2,0,1,0,0,0,1,0,1,1,1,1,1,-0.3464646517957886,0.9095975426845035,-0.19548898222598163
2630,1,0,1,0,0,0,1,1,0,2,0,1,0,2,0,2,1,0,1,2,0.5781218112073778,1.3617261564223129,-0.23148632085196896
2631,1,2,2,0,0,0,0,0,1,0,1,0,0,1,1,0,1,1,0,1,0.5568839251322474,0.21555915175798404,-2.564727304681263
2632,1,0,1,0,0,1,0,0,0,0,0,0,0,0,1,0,0,0,2,0,-1.2771095482766852,1.3355141755741198,1.1999274045523607
2633,0,1,1,0,1,2,1,0,1,0,1,0,0,0,0,1,1,2,0,1,1.5934556574902818,0.49236443462448976,1.2495741812975099
2634,1,1,0,0,0,1,0,1,1,0,1,0,1,1,0,1,1,0,1,0,-0.6715806578606146,-0.21929583801254413,0.40758475782914827
2635,0,0,1,0,0,2,0,0,1,1,0,0,0,1,0,0,1,1,1,1,0.9690667416712727,-0.3510478682281759,-1.1798821082778448
2636,0,0,1,0,0,0,0,1,1,1,0,0,0,1,0,1,1,0,1,2,0.519456950810563,0.34304648344908295,0.3783650948074374
2637,2,1,2,0,1,0,0,0,0,0,0,0,0,0,0,0,1,2,1,0,0.5920612219630522,-2.0363322024514154,1.0319647611166523
2638,1,1,0,0,0,1,0,0,0,0,1,0,0,0,0,0,1,1,0,1,-0.8955698472303825,0.32557014985989685,0.15514586088704296
2639,1,1,0,0,0,0,0,2,0,1,0,0,0,1,2,1,1,1,0,1,-0.08515893903466318,1.0857462301833984,-1.9203225448014036
2640,0,1,0,1,0,2,0,2,0,1,1,0,0,0,1,1,1,1,0,1,0.8372958383963237,1.4551172384737747,-0.8716102220485922
2641,1,0,1,0,0,2,0,0,2,0,0,1,0,0,1,1,2,0,1,0,0.022625201877697836,-1.6965708517336748,-1.0799810463837916
2642,0,1,1,0,0,1,0,2,1,1,0,0,2,1,1,0,1,1,1,0,0.01137070807769801,-0.34529952778634665,0.9716829860780345
2643,1,1,0,0,0,2,0,1,0,0,0,0,0,0,1,1,2,1,2,1,-0.8592060054354245,-0.14505380285442998,-0.5428936275719188
2644,1,1,0,1,1,1,0,0,1,1,0,1,0,1,0,1,0,1,0,1,-0.48827926811849476,0.20921752364896576,-0.3516063608585569
2645,1,0,1,0,1,0,0,2,2,1,0,0,0,2,0,0,0,1,0,2,0.028804369179721505,1.7547497872264386,-0.40171330610895517
2646,0,1,1,0,1,0,0,1,0,0,1,0,0,0,2,1,0,0,1,1,0.2051955064535974,2.3468273340456047,1.5756514932924572
2647,0,1,1,0,1,2,0,1,2,1,0,1,0,1,1,1,1,0,1,0,-0.5437030564491877,0.2354523339770349,-0.19097125561749378
2648,0,1,1,0,0,0,1,0,1,1,1,0,1,1,1,0,2,1,0,1,0.4676223027540992,0.7213593157373951,1.3524918344339316
2649,0,1,1,0,0,0,0,1,1,2,0,0,0,0,0,0,0,0,1,2,0.9172519520034781,0.8229126747201825,2.554860830220063
2650,0,1,2,0,1,2,0,0,2,0,0,0,0,0,0,0,1,1,1,1,0.5457961624248342,-1.8903936332181623,1.2061577937237693
2651,0,1,0,0,0,1,0,0,1,1,0,1,0,0,2,0,2,1,0,2,0.03224782911869037,-0.7704923032022468,-0.21304273266075943
2652,2,1,0,1,0,1,0,2,0,1,1,0,1,0,1,2,0,0,1,1,-0.6022846317577635,-0.07697121888506692,-0.210181114144963
2653,0,1,1,2,0,2,0,2,2,1,1,1,2,0,0,0,1,0,2,0,-0.36693994706031535,-0.4098038650310571,-1.5741875386447846
2654,1,0,0,0,1,0,0,1,1,0,0,0,1,0,0,1,1,2,1,1,-0.21641474114736775,0.6312011986706478,-0.1922327310475755
2655,0,1,1,0,2,1,0,0,1,0,0,0,0,1,0,0,2,2,1,0,-0.7252903041354296,-0.2972744876169703,-1.6533439773618488
2656,0,1,0,0,1,1,1,1,0,0,1,0,0,2,1,1,1,1,0,1,-1.2991573199307056,-1.9846842267613287,-2.2093101601672664
2657,0,1,0,0,0,2,0,1,0,1,0,0,0,0,1,1,0,0,1,1,-2.205769177090194,-1.0860964187223243,-2.3647757126541396
2658,1,2,2,0,1,1,0,2,2,2,0,1,0,0,1,1,1,1,2,0,0.046047276682601536,0.6273101414270756,2.3270818379200193
2659,1,0,1,0,0,0,0,1,0,0,1,0,0,2,1,0,2,0,1,2,0.10732371154358526,0.003939436855668388,0.7237004857818564
2660,0,0,1,1,1,1,0,2,0,0,1,0,1,2,1,0,1,2,0,0,-1.666964364689216,-0.14258481594056432,-1.0223762417019882
2661,0,1,1,1,0,0,0,1,0,1,0,0,0,1,0,1,1,0,1,0,0.9134377025625335,-0.3132264523917358,1.570868190462818
2662,1,1,1,0,1,1,0,0,2,1,1,1,1,0,1,1,1,1,0,0,-0.9483191357168008,-0.20715059281043163,-1.4683177040563344
2663,1,1,1,1,1,1,0,1,0,0,1,0,0,1,1,1,0,1,1,1,0.5626322656012985,2.9267223954495165,1.0983416216003106
2664,2,2,2,1,0,0,0,1,1,1,1,0,2,0,2,1,2,0,2,1,1.2036772798162476,-0.11125539206329005,0.3454025945233877
2665,0,1,0,0,0,1,0,0,2,0,0,0,0,1,1,1,0,0,0,1,0.3315130363335202,0.18064577928946807,-1.0188081209622424
2666,0,0,1,1,1,2,0,1,1,1,1,0,1,0,1,0,2,1,1,2,-1.3634270834790299,-1.7748078787079165,-1.9052581953201178
2667,2,2,1,1,0,0,1,0,1,0,0,1,0,1,0,0,0,1,0,2,-0.12806656153840282,-0.7255183464553547,-2.2389547539190673
2668,0,2,0,0,0,0,0,0,2,1,0,0,1,1,0,0,2,2,0,2,-0.23667444255690606,0.9043401780942122,-0.06720668157510323
2669,1,1,2,0,0,1,0,1,1,0,0,1,0,0,0,1,1,1,0,2,0.8306400222916492,0.21291576986431104,0.31857248269104244
2670,1,1,1,1,1,1,0,1,1,0,0,0,0,0,1,0,0,0,1,1,-1.9108001429249897,0.7265325433998213,-0.19205998956435155
2671,1,0,1,1,1,2,0,0,2,0,0,0,1,1,1,0,1,1,2,1,0.37430031063554864,-1.861545081443981,-1.8548246782367195
2672,0,0,0,1,1,0,0,0,1,1,0,0,0,1,1,0,2,0,1,1,-1.6722949731989183,-0.15649999621837618,-0.224873295542649
2673,0,2,0,1,0,1,0,0,0,1,0,0,1,0,0,0,1,2,0,2,0.38931717928379345,-1.076950976578184,-0.9515493387676108
2674,0,0,0,0,1,2,0,1,0,1,0,0,0,1,0,1,2,2,0,1,0.8613921207777537,0.3089170214342154,1.7100094373900891
2675,1,1,1,0,0,1,0,1,1,0,0,0,2,0,0,0,0,1,1,1,0.8300478370031398,-2.009384731634096,-1.162861380158654
2676,1,0,2,1,0,1,0,1,1,0,0,1,0,1,0,1,1,1,0,1,-0.47667024509919437,-0.17131936681460097,-0.37902172584031235
2677,0,0,0,0,0,1,0,1,0,0,0,1,0,1,1,0,1,0,1,1,0.19175570526124977,1.4370787330822798,1.6362079551755915
2678,1,1,0,0,1,1,0,2,1,0,0,1,0,2,0,1,2,0,0,1,0.45486556377630644,-0.232564766106026,0.45211096289279745
2679,0,1,0,0,1,1,0,1,0,0,0,0,0,1,1,1,1,0,1,1,0.04592736480049198,-0.48313411268144324,-1.4541345666647596
2680,1,2,1,0,0,0,0,0,0,1,0,1,1,1,0,0,1,1,1,2,-0.8294541136859009,0.4038675570805489,0.07146946392745307
2681,1,0,0,0,0,2,0,1,0,0,0,0,1,0,1,1,0,0,1,2,0.10148028436039049,0.07017017044037091,-1.1035604117761888
2682,1,0,0,1,0,1,0,1,2,1,0,0,0,0,0,1,0,1,1,1,-0.4687601936137533,0.48622446299064753,-0.2453045630607933
2683,0,1,0,0,0,2,0,1,1,0,0,0,1,1,1,0,1,0,1,2,0.7065416782758496,-0.1026521502396282,-0.5644659344796458
2684,0,0,1,1,0,1,0,1,1,0,1,0,0,0,1,0,1,0,1,1,-0.9632587521289663,0.3513079206295451,-0.44898236475361636
2685,0,2,0,1,0,1,0,0,0,1,0,1,0,0,2,0,1,1,1,1,0.4669078628130645,0.14232989782884878,-0.8122843401792013
2686,0,2,2,0,0,1,0,1,0,0,1,0,0,1,0,0,1,0,1,0,-1.1973510397756129,-0.09526216471766262,-1.1651283027228605
2687,2,1,0,0,0,2,0,0,1,0,1,0,0,0,1,1,2,1,1,1,0.05330485738949532,0.14475641162956987,-0.3525942223036805
2688,1,1,1,0,0,1,0,2,1,0,1,0,0,1,1,0,1,2,0,0,0.1174104468780276,-0.4919546929618842,0.757759503845885
2689,1,1,1,0,1,2,0,1,1,1,1,1,0,0,1,1,1,1,0,0,-0.524667462581145,1.111667200346949,0.6084416440304339
2690,0,0,2,0,0,0,0,0,0,2,0,0,0,1,1,1,1,1,1,1,0.5845189348829182,0.10093444627840491,1.304806230341078
2691,1,1,0,1,0,1,1,1,1,0,0,1,0,1,0,1,0,1,1,2,-0.7838048252510531,1.4240049315518544,-0.7902595612961931
2692,1,0,1,0,1,0,0,0,1,2,0,0,1,1,0,1,1,0,1,2,1.234293885445746,-0.9799648402626306,1.8669266082443292
2693,0,0,1,1,0,0,1,0,1,0,0,0,0,1,1,2,2,1,0,2,-0.13897333880138948,1.5601313275994104,-1.2842160070619866
2694,1,1,1,0,0,0,0,1,1,1,0,1,1,1,0,0,0,1,0,1,-1.0704277210257511,0.39123542138871004,-0.13205723497275523
2695,0,1,0,1,0,1,1,1,1,1,0,0,0,0,0,0,1,1,1,2,-0.8992377620736727,-0.37106720321329134,0.3229306209977321
2696,1,0,0,0,0,0,0,1,0,0,0,0,0,0,0,0,1,0,1,2,-0.45640230892164857,-1.7513515719677346,1.7434645113631717
2697,0,1,1,0,0,1,0,0,1,1,0,0,0,1,0,1,0,0,1,0,1.2162943237713135,0.08843844946952223,1.518109310880848
2698,0,0,0,1,0,1,0,1,2,0,1,1,1,0,0,0,2,2,1,1,-0.10515103964783584,-0.35857052380991455,-1.7785720758741441
2699,1,0,0,0,0,2,1,0,1,0,0,1,1,1,2,0,1,0,1,0,-1.5090478261784652,-2.9648861560041166,-0.8646043525534893
2700,0,1,0,0,2,1,0,0,1,0,1,1,0,0,1,1,1,1,1,1,0.04999574421150942,-0.6712775972978962,0.7639782806741382
2701,0,0,1,1,1,2,1,1,0,1,0,0,0,0,1,1,1,0,0,1,0.36744694503755826,-0.3108852002556265,0.9925717781498132
2702,1,1,1,0,1,0,0,2,1,1,0,0,2,1,0,0,1,1,0,0,-0.3491838058972605,-0.19286795578738358,-1.5048631012489286
2703,1,0,1,0,0,0,0,1,1,0,1,0,0,0,0,0,0,1,0,2,-0.23835058818863725,1.6410296895685066,0.09396844613958094
2704,1,0,0,0,0,1,0,1,1,0,0,1,1,1,0,1,1,1,0,2,0.945080362596133,0.2507793461990583,1.5503570499434476
2705,0,1,0,1,1,2,0,0,0,0,0,0,1,1,0,1,0,1,2,0,-1.3812416252958504,0.13327221218134466,1.1580907428707503
2706,1,1,0,0,0,1,1,1,1,0,1,0,0,1,0,1,1,2,2,1,-0.18149085075782026,-0.521987807986449,-0.19852610206162527
2707,0,1,1,2,0,2,1,0,1,0,0,0,1,1,0,1,0,0,0,2,-0.43519447381266435,-0.3844048238884381,0.06254486739737819
2708,2,2,1,0,0,0,0,2,1,0,0,1,0,0,2,1,2,2,0,2,-0.9796744402517569,-1.2325681469823446,-0.10487916362934047
2709,0,0,1,1,0,1,0,1,2,0,0,1,0,0,0,1,0,0,1,2,-0.937907832015365,0.6350262769157957,0.981119347246502
2710,0,2,0,0,0,1,0,2,0,0,0,0,1,0,1,1,0,1,2,1,-2.27557690860143,1.0486776750463744,-0.966570185613419
2711,1,1,2,0,0,0,0,1,2,0,0,0,0,1,0,1,1,2,0,1,-2.649031775280187,-2.6107480209777427,-1.1106766724795163
2712,1,0,0,1,0,0,1,1,1,0,0,0,1,0,1,1,1,1,0,1,1.8943735990483057,0.8097267977244715,1.2732754919040832
2713,0,0,1,1,0,0,0,1,2,1,1,1,1,1,0,1,0,0,1,1,1.200890989281482,0.6174529794023821,1.8989587856314176
2714,1,1,1,0,0,1,0,1,1,0,1,1,1,0,0,1,2,0,0,0,-1.3599405560476412,-0.2621834352871681,0.6303742467513829
2715,1,1,1,0,0,0,0,1,1,2,1,0,1,1,1,0,0,0,1,1,-1.0170327716050889,-1.136618908178457,1.1249635882894142
2716,0,1,1,0,0,1,0,1,1,0,0,0,0,0,0,1,0,0,1,0,1.590202249252535,0.21764189879546686,0.751690568794794
2717,2,2,0,1,0,1,0,2,2,1,1,0,0,0,1,0,1,1,0,1,0.08616983500967902,0.4327489050755475,0.06591810202015538
2718,1,1,2,0,0,2,0,1,0,1,0,0,1,1,1,0,1,0,1,1,0.5435916613397885,0.99613773958967,1.2575857105049415
2719,0,1,1,1,0,1,0,2,1,2,2,0,1,1,1,0,2,2,0,2,-0.7269446940853992,1.4073919155161565,-0.6715993880543683
2720,0,0,0,0,0,1,0,0,1,0,0,0,0,0,1,1,0,1,2,1,0.3023089102704965,-1.6401068755696684,0.3333367741578027
2721,1,1,1,1,0,1,0,2,2,0,0,0,0,1,0,1,1,1,1,1,1.257441782893342,0.31317679553337274,1.2891604395351597
2722,0,1,1,0,1,0,0,1,2,1,1,1,0,0,0,1,1,1,1,0,0.02083367699180277,-1.3147307655769964,-0.7901709142568201
2723,0,0,2,0,0,1,1,0,2,2,1,1,1,0,0,1,0,0,1,0,0.8103358660808375,0.06350510634187603,0.8304165954393743
2724,1,2,1,0,2,1,1,2,0,1,0,2,0,1,0,0,1,1,0,1,-0.09014413614471227,-1.1296894001791928,-0.23558769160502768
2725,0,0,2,1,0,0,0,0,1,0,1,0,0,0,0,0,2,1,1,0,-0.09256810883710956,0.9284720390375512,-0.9665157192927523
2726,0,1,0,0,1,1,0,0,1,1,0,0,0,0,0,1,1,1,2,2,-0.5376177634992063,-0.9390234594058615,-1.1909796593618984
2727,0,1,1,0,1,0,0,0,1,0,1,0,0,0,1,1,0,1,0,0,0.36747724338942683,-0.2638218638100008,-0.27803396685256637
2728,1,1,1,1,1,2,0,1,1,1,0,0,0,1,0,1,2,0,0,2,0.36024192888676143,0.8068255972779002,0.012216420682831963
2729,0,0,1,2,0,0,0,2,2,1,0,2,1,1,2,1,0,1,1,2,0.5361617523048147,1.7707386585206488,1.7854879939584405
2730,0,0,2,0,1,1,0,1,0,1,0,2,0,0,0,1,1,0,0,2,-0.6743081978644289,0.5709161811411203,-1.3159554480177702
2731,0,1,1,0,1,2,0,0,2,0,1,0,0,1,0,0,1,1,0,0,-0.9964662748633067,1.703857273040287,1.1984099179423153
2732,1,1,2,0,0,0,0,1,1,1,0,1,1,1,1,1,1,0,0,1,2.0625155248056855,1.250915253823126,-0.06720726842148395
2733,1,1,1,0,0,1,0,1,0,1,1,0,0,0,0,2,1,0,1,1,-0.9096790213392606,0.46645042736892944,0.3925918579844243
2734,1,0,0,1,0,1,1,0,1,0,0,0,1,0,1,0,1,1,1,1,-0.336393803677255,-0.6366593089794113,-0.9107016676221332
2735,0,1,0,0,0,1,0,2,1,0,0,1,1,0,0,0,0,1,2,0,0.6605925453277436,-1.6760040060997854,-1.3341208759269243
2736,0,1,1,0,1,1,0,0,1,0,0,1,0,0,1,1,2,1,0,2,1.326543333701922,0.034407378548063444,0.7036431690504112
2737,1,2,0,0,0,1,0,0,0,0,0,1,1,1,1,0,2,2,0,0,-0.7872891618915895,-0.8095909716491685,-0.7116507695889085
2738,0,1,1,2,1,2,0,2,1,0,1,1,0,1,1,1,2,1,2,1,0.812769718689619,0.09514413101444502,0.5489328600915273
2739,1,2,0,0,1,1,0,1,2,2,0,1,0,0,0,1,1,0,2,2,2.640613171781561,0.8776712786048011,1.7134591972455393
2740,2,1,1,0,0,1,0,1,1,0,0,0,0,1,1,0,1,0,0,1,-0.9051022090939014,0.824757834093113,0.2306442943390869
2741,1,1,1,0,2,1,0,1,1,0,0,0,1,0,0,0,1,0,0,1,1.1454047999656058,1.3961663655086842,2.030981993604691
2742,1,2,0,0,0,0,0,0,0,0,0,0,0,0,0,0,2,1,1,1,-0.2710535996573443,-0.8267344809530915,0.016082243359957893
2743,1,1,0,1,1,0,0,0,1,0,1,0,1,1,1,1,1,1,0,2,-2.316467818075482,0.6210598383640746,-0.6341783681971997
2744,1,1,2,0,1,1,0,1,1,0,0,1,0,0,2,0,0,0,2,2,-0.5383056814274395,1.5617545367319559,0.9602434499592759
2745,0,1,1,0,0,2,0,2,0,0,0,0,0,1,0,0,1,0,1,1,0.3522178126110795,0.8471133181704658,-0.13711961836058562
2746,1,1,2,0,0,1,0,1,1,0,0,1,0,0,0,1,2,2,1,1,-0.9666311640349111,-0.7021664687098741,-0.8892059481106271
2747,1,1,0,0,1,0,0,0,1,1,0,0,2,1,0,0,2,1,0,1,0.980822733518025,-1.332866132664119,-0.9016882874010733
2748,1,0,1,0,0,0,1,1,2,0,0,0,0,0,1,0,2,1,0,1,-1.2495021088812945,-0.7289276779416867,0.6517350462720097
2749,1,2,1,1,0,2,0,1,0,1,0,1,0,2,0,0,0,0,0,2,-1.6980136096759808,0.08901673961891526,-1.0184568693031655
2750,1,2,1,2,0,0,1,1,2,0,0,1,1,1,0,1,1,1,0,1,0.3454918460529002,0.48518819609803093,0.3298818377093337
2751,2,1,1,1,0,1,0,1,2,1,0,0,0,0,0,0,1,1,0,1,-1.2289700811474187,0.07552255978000721,-3.2881927235110764
2752,2,0,0,1,1,0,0,1,0,0,0,0,0,1,1,1,1,1,0,1,0.9557222676254843,0.3603926032212744,0.33807520493665344
2753,0,0,0,1,0,0,0,1,2,0,0,0,1,1,1,0,2,0,0,2,0.024025805806234996,-0.9747584551045771,-0.7351904726270605
2754,1,0,1,0,1,1,0,0,0,1,1,0,1,0,0,1,1,0,1,0,0.6769093460108058,1.475499564356371,-0.2952916651054951
2755,1,0,0,0,1,1,0,1,1,2,1,1,0,0,2,0,1,0,1,1,0.385303511001314,0.24457220313699468,-0.1721949498051724
2756,1,2,2,0,0,0,0,0,0,0,0,1,0,1,0,0,0,1,0,1,1.3833640015826885,2.885780011344693,-0.05346460217300719
2757,1,2,1,0,0,1,0,1,0,1,2,0,2,0,0,1,1,0,0,2,1.5015925855753354,0.8997180657278872,2.7575522238105465
2758,0,1,0,0,0,1,0,0,0,1,1,1,0,1,0,0,2,2,0,1,0.05591921130678786,-2.6222250532080533,-0.1142512029432865
2759,2,1,1,1,0,0,0,2,1,0,0,1,1,1,0,1,1,1,1,1,-0.4325796959261236,-0.23096755968977956,-0.7127134051804507
2760,0,1,0,0,0,0,0,2,0,0,0,0,1,1,1,0,1,0,1,1,0.5475179644899576,0.9152051047554275,1.3183214652515527
2761,0,0,0,0,0,0,0,1,1,0,0,1,0,0,0,1,1,1,0,0,-0.798850413338703,-0.3401466641137051,-0.9572426500454186
2762,1,0,1,1,0,1,0,0,1,1,0,0,0,2,0,1,2,1,0,0,0.7962952800625752,0.3478826228146962,0.029500004211862996
2763,0,1,0,0,1,1,0,0,1,0,0,0,0,0,1,2,0,1,0,1,-0.46538033142826335,-0.9784950887686269,1.003928505519267
2764,0,0,1,0,0,0,0,2,0,0,1,0,0,0,1,1,1,2,0,1,0.36489973543267556,-0.3711285616033142,-1.8177864654144156
2765,0,0,1,1,0,2,0,2,0,1,0,0,0,0,0,0,0,1,1,2,1.1496436610907892,0.6262014005511886,0.6447593938275259
2766,1,0,1,1,0,1,0,1,2,0,0,0,1,0,0,0,1,1,0,2,-0.3039558512394115,0.11380928329367312,0.33425094667891686
2767,1,1,2,0,2,0,0,1,0,1,2,0,0,0,0,1,0,2,0,0,0.7725010195220788,0.3965050619574473,1.347829875923662
2768,0,1,1,0,0,1,0,1,1,1,0,2,1,0,0,0,1,1,0,0,-0.10793818577309536,1.4827992171874955,0.21030887541294446
2769,1,2,1,1,0,0,0,1,1,0,0,1,0,0,0,1,0,1,1,2,-0.12425945711901525,0.43287534599170785,-0.3807029458472231
2770,1,0,0,1,0,0,0,0,0,0,1,0,0,1,2,1,2,1,0,1,-0.3783154577073716,0.1468241549341351,-1.9546026393212668
2771,0,1,2,0,1,1,0,1,0,1,1,0,1,0,1,0,0,1,2,0,0.7311037225649284,-0.9868936131844492,1.1014536640238248
2772,0,1,0,0,0,1,1,0,2,1,0,0,0,0,0,0,0,0,0,1,0.41190134355794666,-0.15992983567160557,1.4456384839035819
2773,1,1,0,1,0,0,0,0,2,0,0,0,0,0,0,0,1,0,1,1,-0.10756960317049656,-0.4699577115096014,-0.8804799234216742
2774,1,0,1,0,0,1,0,1,2,0,1,0,1,0,0,0,0,1,1,1,0.27629055454976803,1.057931881131772,2.8018698642737565
2775,0,1,2,1,0,1,0,1,2,0,1,0,0,1,0,1,1,1,1,0,-0.2185694640206822,-0.931821938329932,-0.5042390416668363
2776,0,1,0,0,1,0,0,1,2,0,2,0,1,0,0,0,0,1,0,1,-1.710398601868533,-0.35694254140793147,1.338012815487704
2777,1,2,1,1,0,2,0,2,0,0,0,0,1,0,0,1,2,0,1,1,-0.1993102115567739,1.6236573543695396,-0.21707513250289545
2778,2,0,1,1,0,1,0,0,1,0,1,0,0,0,0,0,1,0,0,2,-1.6990191549010638,0.28630035716885804,0.800193656254433
2779,0,0,0,0,0,0,0,0,1,0,0,0,1,1,1,1,1,0,1,2,-1.1274844025967716,-1.6752481235528314,-1.7999501780033902
2780,1,1,1,0,0,0,0,1,1,0,0,0,0,0,1,0,1,1,1,2,0.7160507632964819,-0.13598303724745547,-0.5008424134229841
2781,0,0,1,1,1,0,0,1,0,1,1,1,0,1,0,0,2,1,1,1,-1.071133015569423,0.9115647445846463,0.583822453715539
2782,0,0,0,1,1,0,0,1,1,1,0,1,0,0,1,0,0,1,2,1,-1.0449791474845909,0.6863522548404839,-0.8238236225228973
2783,1,1,2,0,1,0,0,1,1,1,1,0,1,1,2,1,1,0,0,0,-0.5800633918627389,-1.362051928343738,-3.018072129764562
2784,0,1,2,0,2,1,0,0,0,0,0,1,2,0,1,1,2,0,1,1,0.6372498018170675,1.0185690558276341,1.4901886167360918
2785,1,2,0,0,0,0,1,1,1,0,0,0,0,0,1,2,0,1,0,0,0.3730503413746059,-1.5308967605144361,-0.04012461302429382
2786,1,0,2,1,0,1,0,2,0,1,0,0,0,0,0,1,1,1,1,1,0.3350970700334121,-0.43916430234991505,1.2438903061118418
2787,0,2,0,1,1,1,0,0,2,0,0,0,0,0,2,0,1,0,1,1,2.4531228394815274,1.7640870655086562,2.551601730928217
2788,1,2,0,0,0,0,0,1,0,1,0,0,0,0,1,0,2,0,1,2,1.3644157060512008,1.408039093911169,1.2699169038135478
2789,1,0,0,1,1,2,1,0,0,1,0,0,0,0,0,0,2,0,0,1,-2.7396476827906455,-0.027347272059182193,-2.4205506416192892
2790,0,0,0,0,0,0,1,1,0,1,0,2,1,1,0,0,2,1,1,1,-0.7125340899879039,-0.15971501875394398,-0.1766513438141229
2791,0,1,2,1,0,1,0,0,1,1,0,0,1,0,2,2,1,1,0,2,-1.4315582151806712,-1.1298728375058256,-0.2836693018596774
2792,2,0,1,0,0,1,0,1,0,0,0,1,0,0,0,0,1,0,1,2,-0.8567036795221129,-0.5226082059933159,-1.1985064206188172
2793,0,0,0,1,0,1,0,1,1,0,0,0,0,0,2,2,0,1,0,1,1.201237959908482,1.2060414794689325,1.3436456984962548
2794,1,1,1,0,1,0,0,1,2,0,0,0,0,0,0,0,0,1,0,0,-0.40489267751077956,-0.8059841180074911,-0.7096319436992053
2795,1,1,1,0,0,0,0,1,1,0,0,0,1,0,0,1,1,0,1,0,0.6548293916684463,-0.09771632202435267,-0.6290294865056265
2796,0,1,1,0,1,0,1,0,2,0,1,0,0,1,1,1,0,2,0,2,0.6742748207698968,0.26816785794436676,1.7185449484778508
2797,0,0,1,0,0,1,0,2,1,0,1,1,0,1,1,2,2,1,1,0,0.6275367381490287,-0.004498639764093065,0.9569051312331711
2798,1,2,2,1,0,1,1,0,0,1,0,2,0,0,1,1,1,1,0,1,-2.92374470552257,1.0963707718826585,-1.1597835767318958
2799,0,0,0,2,1,1,0,0,0,1,1,1,1,1,0,0,1,2,1,0,1.5612887274397393,0.20462106113376557,0.4012644410710556
2800,0,0,0,0,1,1,0,1,1,1,0,0,0,1,1,0,0,0,1,0,-0.7805581859917102,1.4908056347094147,-0.12253652401173815
2801,0,1,0,0,0,0,0,2,1,0,1,0,1,1,0,1,1,1,1,2,-0.7710422543351445,0.20447814943730977,-0.36911502706854865
2802,1,1,2,0,0,1,1,1,0,2,1,0,0,0,1,2,2,0,0,0,-1.202166748752081,-0.3493867476631423,-1.665906159786134
2803,2,1,0,0,1,1,1,1,0,1,1,1,1,0,1,0,0,2,0,0,-2.7643285174831984,0.622199655549898,-2.2557333641723947
2804,0,1,1,0,1,1,0,1,1,0,0,1,0,0,1,1,0,1,2,0,-0.948401161911202,-0.7660723700918235,0.25739288947272043
2805,2,1,1,1,0,1,0,1,1,1,0,0,0,0,0,1,2,2,0,0,-0.019109368228038034,-1.2666223936344918,0.23968273964595793
2806,1,2,1,0,1,1,0,1,0,0,0,0,0,2,0,0,2,1,2,2,-0.44787198765589176,0.3763870357267196,1.2188993038125613
2807,0,2,1,0,0,1,0,1,0,0,0,0,0,2,0,2,0,1,0,0,-0.04778948886874739,1.6551145755412264,-1.6610296552668045
2808,1,1,1,0,0,1,0,0,0,0,1,1,1,0,0,0,2,0,0,1,1.174153484644251,0.42386925658234564,1.2276150451950487
2809,1,0,0,0,1,1,0,2,1,1,0,0,1,0,0,1,1,0,1,1,-1.2243462685553868,-0.1864117105096786,-0.6688319660029576
2810,0,2,1,0,0,0,0,1,0,0,1,0,0,1,0,0,0,1,0,1,-0.5651927506924015,-0.19062412227768305,-0.3396168606513271
2811,0,2,2,0,0,1,0,1,1,0,0,0,1,0,0,0,2,0,1,2,0.04608114125502641,-1.000524758799678,-1.212980229259579
2812,1,1,1,1,1,2,0,1,1,0,0,0,0,1,0,0,0,2,0,1,1.1213895943476664,1.0046873488756944,0.021032225282133887
2813,2,1,0,0,1,1,0,1,1,1,0,1,1,0,1,0,1,1,1,1,0.9829731965665477,0.07196121859871024,0.2846874534357513
2814,1,1,0,0,0,1,0,0,1,0,0,1,0,0,0,0,2,1,0,2,-0.7524373081858361,-0.43988484254993465,1.6671603417438603
2815,0,1,2,1,0,0,0,1,1,2,2,0,0,1,1,1,0,1,1,0,-0.08888214465480429,0.4134118503511579,-0.10721225167529991
2816,2,2,0,1,0,2,0,1,1,0,0,0,0,1,1,0,0,1,1,2,0.014799852612490162,-1.1603526727341182,-0.495852618366047
2817,0,1,0,0,1,1,0,1,0,1,0,0,0,0,0,1,1,1,0,1,0.17764587523245834,-0.9527526712400625,-0.9200248548044571
2818,1,2,1,2,0,0,0,1,0,1,0,0,0,0,1,0,1,0,0,1,-0.7661326164512067,-1.4560082319525538,0.28217814681173725
2819,0,2,1,0,0,0,0,1,2,2,0,0,1,0,1,0,1,0,1,2,-0.03953804765817696,1.0183398739990155,-0.23001336189085908
2820,0,1,1,0,1,2,1,0,0,0,1,0,0,2,0,1,1,1,1,0,0.12339204164453094,-0.04637989991061364,0.09647410790809516
2821,0,1,1,1,0,0,0,2,0,0,0,0,0,0,1,0,1,0,0,1,0.668878570959012,-0.4202458489242642,0.7921409955627915
2822,1,2,0,0,0,1,0,0,0,1,0,1,0,0,1,1,2,2,0,0,0.45381744031612525,0.22580501771028522,-0.11331991341082154
2823,0,1,1,0,0,1,1,1,1,0,1,0,1,1,2,1,0,2,1,1,-0.18855817533738586,-0.31703194016167996,1.2389318492572259
2824,1,1,1,0,0,1,0,1,1,0,0,1,0,0,1,1,1,1,1,1,-1.5156276287047716,-0.7313896612638695,-1.3278188289539383
2825,2,1,2,1,1,0,0,0,0,1,0,0,0,0,1,0,1,0,0,0,1.048701825697332,1.1429539593382447,1.711683730926246
2826,1,1,1,1,1,0,0,1,0,2,1,0,0,1,1,0,2,0,0,1,-1.0111743249856935,1.2799314331018208,1.2244965921364297
2827,0,0,1,0,0,1,0,0,2,0,0,0,0,0,0,0,0,1,1,2,-0.73532945844222,-1.4006778429353743,-1.1499468986139687
2828,1,1,0,0,0,1,0,0,2,1,1,0,0,0,1,0,1,0,1,2,0.7816396011012015,0.1176386733994583,0.4236474677823744
2829,1,1,2,1,0,1,0,0,1,0,0,0,0,0,1,1,0,1,2,0,0.13122789965722562,1.3713042309707777,0.23043661462392862
2830,1,1,1,1,1,0,0,1,1,0,0,1,0,1,0,1,1,0,0,1,-0.4078882651777067,-0.4675576101769152,-0.12182275869658446
2831,1,0,0,1,1,0,0,1,0,1,0,1,0,0,0,0,1,1,2,1,-0.9130208556917313,0.05089628601724408,0.9262027258355334
2832,0,2,1,1,0,0,0,2,1,1,0,0,1,1,1,1,1,0,1,1,1.1015981881080665,1.8591272501166558,2.612126640093128
2833,2,2,0,0,1,1,0,2,0,1,1,1,0,0,0,0,2,2,0,2,-1.0435750139599929,0.48822038284700153,0.4065701760954099
2834,1,2,1,0,0,1,1,1,1,0,0,0,1,0,0,0,1,1,1,1,-1.3151847533239858,-1.8161311724462692,-0.08067990969296268
2835,1,2,0,0,0,2,1,1,2,1,0,1,1,0,1,0,0,2,0,0,-0.30789397296580273,-0.7624415300505265,0.21179469186949562
2836,0,1,0,0,0,0,0,1,0,1,1,0,0,0,0,1,1,0,1,0,-0.342000778986282,-0.14916726057398597,-0.012891177041871316
2837,1,1,2,0,0,1,0,1,1,0,0,1,0,0,1,1,1,2,0,2,0.25411954004366527,-0.29050372190057233,0.5685022699381967
2838,0,0,0,0,0,2,0,1,1,0,0,1,1,2,0,1,2,1,1,0,-0.32709340973663836,0.34910746845904767,0.0910073589126883
2839,0,1,0,0,0,0,0,1,0,1,1,0,0,1,2,1,1,1,1,0,-0.6880086680980423,0.31544332995733104,-1.3513492082771301
2840,1,1,1,0,1,1,0,2,0,1,0,0,0,0,0,0,2,1,1,1,-0.26736957594794863,0.7526137443413992,0.33368013219071724
2841,0,0,1,0,0,1,0,1,2,0,0,1,0,1,1,0,0,0,1,2,-0.05595144802312587,0.38341109164734655,0.45386301905664445
2842,1,1,0,1,0,0,0,1,0,1,0,0,0,0,1,0,1,1,2,0,0.0504121001599603,-0.5899274851963672,0.17200929316220842
2843,1,1,0,1,0,2,0,1,1,0,0,1,1,0,0,2,1,1,2,1,0.8508487299076534,-0.20111102707682993,0.08374369340995874
2844,0,1,0,0,1,1,0,1,0,1,0,0,0,0,0,0,0,1,0,1,-0.02737669369169822,-0.8735706695840192,1.3997584015405007
2845,1,1,1,1,0,1,0,2,1,1,0,0,0,0,0,2,1,0,1,1,-0.21044171814308504,1.3027351215673013,-0.8764503680177693
2846,0,1,1,0,0,2,0,1,0,0,0,1,0,0,0,1,2,1,0,1,1.1124018980495494,1.7652099248507793,0.06479649298763479
2847,0,1,1,0,0,2,0,2,1,0,1,0,0,1,1,0,0,1,1,1,-0.004388640638941872,1.6286637614011479,0.8548192061255575
2848,1,2,1,1,1,2,0,0,1,1,0,0,0,1,0,1,1,1,1,2,-1.7471451314692878,0.7510675393803048,0.42069404107402775
2849,1,0,0,0,1,1,0,1,0,0,1,1,0,0,0,1,2,1,1,1,-0.48169219560839627,0.25371742993711294,-1.9771575507724053
2850,1,2,0,1,1,0,0,1,0,0,0,0,0,1,1,1,1,0,1,1,0.4146605307360401,-0.5589352478759558,-0.0336830801408702
2851,0,1,1,0,1,1,0,0,0,1,0,1,1,1,1,2,1,1,1,1,0.15743824233871384,0.46496644992490044,0.396185523847201
2852,0,1,0,0,1,2,0,0,1,0,1,0,1,0,0,0,0,1,1,1,-0.45192974831924937,0.28483838690337526,0.09183400482521413
2853,1,1,0,2,0,2,0,1,0,0,1,0,2,1,0,1,1,1,2,2,1.3965554957619326,1.4235517293121318,-0.45735192169957095
2854,1,0,1,0,1,0,0,2,1,0,0,1,0,1,0,0,1,1,0,1,-0.18790669994278386,-0.6140762949591583,-0.22154100211920283
2855,1,1,1,0,1,0,0,1,2,0,1,0,0,0,0,0,1,0,1,0,-0.34533682428746326,-2.1524584970816227,-2.0787739453386678
2856,1,1,1,0,0,2,0,0,1,0,0,1,0,0,2,0,2,1,2,0,-1.2395917294874879,-0.7436813558133876,1.2774459744501778
2857,0,1,1,2,0,1,0,0,0,1,1,0,0,0,0,0,1,1,2,2,1.4953563992308672,1.7673404940010475,-1.043261890833105
2858,0,2,0,0,1,0,0,1,1,0,1,1,0,0,1,1,2,1,0,1,-0.6971562649684375,-0.661085076983666,-0.40384929969585215
2859,1,1,0,0,0,0,0,2,1,0,0,0,1,0,1,0,2,0,2,1,-1.0084902166425203,0.8530284508786592,1.3604357344114264
2860,0,0,1,1,0,2,0,1,1,0,0,0,0,1,1,1,1,0,0,2,-1.4870351811398836,-0.49538847766839256,-0.3730380716854345
2861,0,1,1,0,0,1,0,1,0,0,0,1,0,1,1,1,1,1,0,1,-2.523366297863175,-0.37920680868083173,-3.4667431742122528
2862,0,2,1,0,0,2,0,1,0,0,0,0,1,0,0,1,1,1,1,1,-1.3025085248438,-1.118151304007473,-1.0061441539400962
2863,0,0,0,0,0,2,0,1,0,1,0,0,0,1,1,0,1,1,0,2,0.6207478452063298,-0.427381433473192,-0.4307981165035695
2864,1,1,2,0,0,2,0,1,2,1,0,0,0,0,0,1,1,0,1,2,0.6230490947407961,-0.7453191368539958,0.34915005674624605
2865,1,0,0,0,2,1,0,1,1,0,0,0,0,0,0,1,1,1,0,0,-1.3019391186121259,-0.7691214975526321,-1.912062981428658
2866,0,2,0,0,0,0,2,0,1,1,0,0,0,0,0,1,2,1,1,1,-0.49610075133792547,-0.3374697919106396,-0.961780413290777
2867,0,1,0,0,1,1,1,1,1,1,0,0,1,1,0,1,2,1,2,0,-0.5200466719032565,-2.5095345880329747,-0.0565360615712972
2868,1,0,0,0,1,0,1,1,0,1,0,1,0,1,1,1,0,0,1,0,-0.03689923324181353,-0.44469026024640107,-0.37782584720845985
2869,0,1,1,0,0,1,0,2,0,0,0,0,0,0,1,2,1,1,1,1,0.8681949625820582,0.9887915468978815,0.8778203163842547
2870,0,0,2,0,2,1,0,1,0,0,0,0,0,0,1,1,0,1,2,1,0.49098500444102594,-0.30831798575557073,-0.9528108505478753
2871,0,0,0,0,1,2,0,2,1,0,0,1,0,1,1,0,1,2,0,1,0.7191328082101838,1.6576157237781444,1.2556482929297144
2872,1,1,1,0,0,1,0,0,0,0,0,0,0,2,2,2,1,1,1,1,-0.9667181996952556,-0.0787898360025868,-0.22599566829637419
2873,1,1,2,0,0,1,0,0,1,0,0,0,0,0,1,2,0,0,1,1,0.828495036300355,-1.3397805354110952,0.5325320655544441
2874,0,2,1,0,0,2,0,2,1,0,0,0,0,1,2,0,2,1,0,2,-0.4474146886908075,0.6392819733702768,-1.9672689832123431
2875,0,0,1,0,0,1,0,2,0,0,0,0,0,0,1,1,0,0,1,0,-1.6691193818706895,-0.39803951362096684,0.30332565669573797
2876,2,0,0,0,0,1,1,0,1,1,0,1,0,0,1,1,2,0,0,2,0.7774731693460721,0.42674943408854343,2.1341255855480843
2877,0,1,0,0,1,2,0,2,1,0,0,0,0,1,1,1,2,1,1,1,0.002495934683463441,0.15545780341997478,0.6092387358603957
2878,0,0,0,1,0,0,0,1,1,0,0,0,1,1,1,1,2,0,0,2,-0.15181680537178516,1.4504375491581387,-0.09360696878555591
2879,0,2,2,0,0,1,0,1,0,1,1,1,0,0,0,0,2,1,1,0,0.08348836967068848,1.3810058762016308,1.3407868415273023
2880,2,1,2,0,1,1,0,0,1,0,0,0,1,0,0,1,1,1,0,2,-0.8803623527336736,1.9838237261031615,1.5640492003055864
2881,0,1,0,1,0,2,0,1,2,0,0,0,0,0,1,1,1,1,1,2,2.1688218295921438,0.21888909762595002,0.8655333468916374
2882,1,1,1,0,0,1,0,1,1,1,1,1,1,1,0,0,2,1,0,0,0.9676329938317151,0.7910394130775851,-0.21391600965355861
2883,0,1,2,0,0,0,0,0,0,1,0,0,2,1,0,0,1,1,0,1,0.8821301301594249,-1.0414205266282248,-1.2792042477664647
2884,1,0,1,0,0,1,0,0,2,0,0,0,1,0,0,0,2,0,0,2,-0.3525481352094632,-1.7663454927296436,-0.6828769910531126
2885,0,0,0,0,0,2,1,1,1,0,0,1,1,1,1,0,2,1,0,1,0.49077194211442676,0.9192433477831767,0.977661918355166
2886,2,0,0,0,1,1,0,0,2,1,1,0,1,0,0,1,1,0,1,2,0.42493578729171816,0.8592076932730723,2.7698963433813972
2887,2,0,1,1,0,2,0,1,0,0,1,0,0,0,0,0,0,2,1,0,0.22506979138321068,-0.16243463433471733,-0.13723403314471463
2888,0,1,0,0,1,1,0,0,1,0,0,0,0,0,1,1,0,0,0,0,-0.5223385855077047,-0.5210867730615809,-1.0010492793592425
2889,1,2,1,0,1,1,0,0,2,1,1,1,0,0,1,2,1,0,0,1,1.2767159775795436,0.10791881666952101,1.3968273300935905
2890,0,1,2,0,2,1,0,1,0,0,0,0,0,0,0,0,1,0,0,0,0.3634838982553529,-0.359439983132546,-0.23083374959214842
2891,0,0,1,0,0,0,0,2,0,1,0,0,0,0,0,0,1,0,2,1,0.5441328907449887,-0.45531442899293006,-0.19544359686647533
2892,1,1,0,0,0,1,0,1,0,0,0,0,0,1,1,1,0,0,1,1,-0.7628257985036061,-1.4931736230687092,0.5428919626404063
2893,0,2,0,0,0,2,0,0,0,0,0,0,0,1,0,0,0,0,2,0,1.194839775323782,0.9216915723339489,0.6536801411252423
2894,1,0,0,0,1,0,0,0,1,0,2,0,0,0,0,1,1,1,0,0,0.22215124646952544,-0.08910998213272836,-1.0583013561356294
2895,1,0,0,1,0,1,0,1,2,0,0,0,0,2,1,2,0,2,1,1,0.2888522301307158,0.19537262838254066,0.6015810603911886
2896,1,1,0,0,1,0,0,2,0,0,1,0,0,0,0,0,0,1,2,2,-2.540250191554803,0.5022915609218048,-0.39988183993321713
2897,0,1,0,0,0,1,1,2,0,2,0,0,0,0,0,1,0,2,0,0,-0.8574924672052149,1.3712928367383501,0.545943429641458
2898,0,1,2,0,0,1,0,1,1,0,0,0,1,1,0,0,1,2,1,1,-0.6381806870045207,-0.08901385900113401,-0.07817253163375457
2899,0,0,1,0,0,0,0,1,2,0,0,0,1,0,2,0,1,1,2,1,0.6468436086337607,-0.7429044144262588,-0.6823195983663161
2900,1,0,0,0,0,2,0,2,1,0,1,0,1,1,0,1,2,0,1,1,2.6100879811428888,-0.027012633698603405,0.9667039322680968
2901,2,2,1,0,0,0,0,2,2,0,0,0,0,0,0,1,1,2,0,0,-1.8876359607318238,-1.3607612236282574,-0.28622159257572766
2902,0,2,0,0,0,1,0,1,1,0,0,1,1,1,0,1,1,1,1,2,0.09381863885083255,-0.5723351454940611,-0.86145836324853
2903,1,1,1,0,1,1,0,0,0,1,0,0,0,1,0,1,0,1,0,0,-0.08360319529040337,0.22419530635896306,0.8054579914036717
2904,0,2,0,1,0,1,0,1,0,0,0,0,0,0,1,1,1,1,0,0,-0.1711448213330652,-0.22092003789851405,-1.7377085931022387
2905,0,1,1,0,0,1,0,1,1,1,0,0,0,1,0,1,1,0,0,2,0.916968209756934,0.32548319504199436,1.602830254486107
2906,1,0,0,0,1,1,0,2,1,0,0,0,1,0,0,1,1,0,0,2,-0.5001086608939198,1.0628317510188268,0.040752970312665324
2907,1,0,2,0,1,1,0,1,0,0,0,0,0,0,0,1,0,0,1,0,0.502519709509659,0.6181835900155056,0.4258562576624006
2908,2,0,0,0,1,1,0,0,1,1,0,0,1,0,1,1,0,0,0,1,1.4837648370753562,-0.5164098118450595,0.364652459957562
2909,1,0,2,0,0,1,0,0,1,2,0,0,0,0,0,2,2,1,0,0,1.427514279896906,0.3704852128041574,0.9790998720287429
2910,1,0,2,0,0,0,0,1,2,1,0,0,1,0,1,2,0,2,1,1,-0.9166395080929941,0.19687784773155675,-0.9405991129796241
2911,1,2,0,0,0,1,0,1,2,1,0,0,1,2,0,0,1,1,1,2,2.120972528575306,1.7282661930332495,2.661347131772801
2912,0,0,0,0,1,0,0,2,1,1,0,0,0,0,0,0,2,0,1,1,0.7898134976365244,-0.18302646668691766,-0.33906221305246914
2913,0,1,0,0,0,1,1,1,1,1,0,1,2,0,1,0,1,2,1,2,1.0153121386813049,-1.0319982886726566,-0.05990907465245357
2914,1,0,0,0,0,0,0,0,1,1,0,0,0,1,2,0,0,2,0,2,0.770930753873231,-1.1873515436219906,-0.19473878334174677
2915,0,0,0,0,0,0,0,0,1,1,0,0,1,1,0,0,1,2,1,2,-0.4958725694450925,-1.6471203938425716,0.08934792568390237
2916,0,0,0,1,0,0,0,1,0,2,1,0,0,1,0,1,1,1,2,1,0.1317158233395931,-0.6834803265625703,-0.31495952867884003
2917,1,0,0,0,1,0,0,0,0,0,0,0,0,0,0,1,0,0,1,1,0.010298666454578394,-0.7703983580273438,0.35345190404145843
2918,1,0,2,0,0,1,0,1,2,0,0,1,0,1,0,1,0,1,0,2,0.7005195527594309,-0.9059001270480294,0.20578504063400258
2919,0,1,2,0,1,0,0,1,2,1,0,0,0,0,0,1,2,1,2,0,-1.1760242518919872,-1.1052552358302057,-1.9597718040340653
2920,1,1,0,0,0,2,0,0,0,0,0,0,2,1,0,0,1,2,1,1,0.7878798757210518,0.6530630384447877,1.338922753698756
2921,1,2,1,0,0,0,0,0,2,0,0,1,0,2,1,0,1,1,1,0,-1.4832386595116376,-2.553405408757894,0.21156554304103747
2922,0,2,0,0,0,1,0,0,0,0,1,0,0,1,0,2,2,0,0,0,-0.7995729014028801,0.8623881841782398,0.01299914981047176
2923,0,1,1,0,0,1,0,1,2,0,0,0,0,2,0,1,1,0,1,1,-0.9878102238845973,0.22624159474421537,-1.3130591703106516
2924,0,0,0,0,1,1,1,0,0,0,0,0,0,0,1,1,0,0,0,1,0.5378086917138063,0.6357829743397677,0.2498586145619538
2925,1,2,0,0,1,2,0,1,0,0,0,1,0,1,1,0,1,1,0,1,0.0061464130080288205,-0.35467026333037943,-0.7927184875584682
2926,0,1,1,0,0,2,0,2,0,0,1,1,0,0,0,1,0,0,1,0,1.625952195315844,1.9083282837281543,1.3944976799934088
2927,1,2,0,0,0,0,0,0,0,1,0,0,0,0,2,0,2,0,1,1,0.4470423050633657,-0.06099119323741539,0.9646539885139113
2928,1,2,1,0,0,0,0,0,1,0,1,0,0,1,0,1,2,1,0,1,-1.4815853806637074,-0.8823186221529186,0.03436228451786971
2929,1,0,1,0,0,1,0,1,1,1,1,0,1,0,1,0,2,1,0,2,-0.7494782342560992,-0.8273783499469984,0.32396627007478174
2930,2,2,1,0,1,0,1,2,1,0,0,1,0,1,0,0,1,2,1,0,0.5710119447399988,2.337402382935378,1.2820188954758214
2931,2,1,2,1,0,0,0,1,2,1,0,0,0,0,0,0,2,1,0,0,0.25994199930484496,0.6828360158048766,-1.635303295522828
2932,0,2,1,0,1,1,0,1,2,1,1,1,1,1,1,1,0,1,2,1,1.2404668325017592,2.1957691780859294,1.5101728909093537
2933,0,1,1,0,1,1,0,0,1,1,0,0,0,0,0,2,0,1,1,1,0.45171545859976076,0.10873482108321644,-0.7156431486278835
2934,1,1,0,0,0,2,0,1,1,0,0,0,1,0,1,1,0,0,0,2,0.8486609027192658,-1.0445909044500874,0.018159451057024108
2935,1,1,2,0,0,1,0,0,2,0,0,0,0,0,0,0,2,1,0,0,-1.701197335276523,-2.637720635301858,-3.2826528851190906
2936,0,0,0,0,1,1,0,1,0,0,0,1,1,1,1,1,2,2,0,0,1.0874639003577615,-0.7854136317710161,0.09332623351002714
2937,1,1,1,0,1,1,0,0,1,0,0,0,0,0,1,0,0,0,0,1,1.5031119507578234,0.3982104329064883,1.7825321182665341
2938,0,2,0,1,0,1,0,0,0,0,0,0,1,0,1,1,2,0,2,2,-1.4834759949168075,0.5534444842258769,-1.80856981592138
2939,1,0,0,0,1,1,0,0,1,1,0,1,0,1,0,1,0,1,0,0,-2.3881099060678004,-0.8256077274887734,-2.8554647128050035
2940,0,1,1,0,0,1,0,1,1,0,0,0,1,0,1,2,2,0,1,0,0.041954054035795586,0.22373399277216086,0.4412039978899005
2941,0,0,0,1,1,1,0,0,1,0,0,0,1,0,1,0,1,1,1,1,-0.8704053740405653,-2.7929437087742515,-0.7235981138662252
2942,1,0,0,0,0,2,0,1,1,0,0,0,0,1,0,1,1,1,1,1,0.8836730034033328,0.24045481908149585,-0.08332436389730863
2943,1,1,0,0,0,2,0,1,0,1,0,0,1,1,1,0,0,1,0,1,-1.2435053278970207,-2.4435441304552836,-1.1360041541936055
2944,0,2,1,0,0,1,1,2,1,0,1,0,0,0,1,0,0,1,0,2,-0.08003306577619261,-0.3287544208823803,-0.7026307510193721
2945,0,1,1,1,0,1,0,0,1,0,1,0,1,0,0,0,0,1,1,2,2.1721261677477295,0.5850565803054303,0.9987926549364177
2946,0,1,0,1,0,2,0,2,1,0,0,2,0,0,0,2,1,0,0,1,-1.1026926976953153,0.6663583516940672,-1.7657200494277194
2947,1,0,1,0,0,0,1,1,0,1,1,1,0,1,2,1,2,1,0,2,0.8836804294422058,1.023491160853511,0.6094077849053903
2948,0,0,1,0,0,1,0,1,1,0,0,1,1,2,1,2,2,1,2,2,-1.803988673952984,1.3587299280243532,-1.4588872384739815
2949,1,1,0,0,0,0,0,0,1,0,1,0,0,0,1,1,0,2,0,1,-1.5980151724628495,-0.4088642043187767,-1.5029961736444792
2950,1,1,0,0,2,1,0,0,1,0,1,0,0,0,0,1,2,2,1,0,0.9145628779229459,-1.7201122263477875,2.023231910233638
2951,0,0,2,0,0,1,0,1,1,0,0,1,1,0,0,1,1,0,1,1,0.06700293050262345,0.26741558902629325,0.8878780062026099
2952,0,1,0,0,0,1,0,0,0,1,0,0,0,0,0,1,0,0,1,0,-3.2743492255867994,0.3163978413677764,-1.5509725921724764
2953,0,1,1,0,0,0,0,1,2,0,1,0,0,0,1,1,0,0,2,1,-2.0749356492895155,1.4906259459817737,-1.123413895882585
2954,2,2,1,1,0,1,0,0,1,1,0,0,2,1,1,0,1,0,0,0,-0.5733390264600211,-0.6604801434646064,-0.3481111496410777
2955,1,0,1,1,2,1,0,1,0,0,0,0,0,0,1,0,0,0,0,0,-0.24242069538485758,0.42813698008436474,0.38759272115698634
2956,2,0,0,0,0,1,0,1,1,0,0,0,0,1,1,0,1,1,0,2,1.468410080860639,-1.5273374229381556,0.2056324739992342
2957,1,0,1,0,0,1,0,1,0,0,0,0,0,1,0,0,0,0,1,1,0.17897730351372793,1.0276428306672234,2.9574067532774624
2958,0,0,2,0,0,2,0,2,0,1,0,1,1,0,0,1,2,2,2,0,-0.9598399502682459,1.199642338002437,-0.6348631953085334
2959,1,1,1,0,0,1,0,1,0,1,1,0,1,0,0,0,1,0,0,0,-0.8748421294098708,0.3928071344488858,-0.09207209710454639
2960,2,1,0,0,0,1,0,1,1,1,0,0,1,1,0,0,0,1,2,0,0.08753187652292184,0.11579689877345468,-2.95441410274618
2961,0,1,2,0,0,0,0,1,1,1,0,1,1,1,1,0,0,1,1,2,-0.7775064683730089,0.1595348735743845,-1.8450594383105845
2962,0,1,0,0,1,0,0,0,1,1,0,0,0,0,1,2,0,0,2,1,-0.9980397423876154,-0.571824516679853,-0.4710421376215284
2963,0,1,2,0,2,1,0,0,1,1,0,0,1,1,1,0,1,0,0,2,-0.6881468770152619,-1.015066416787582,-1.184174376354185
2964,2,2,1,0,1,0,0,2,2,0,1,1,0,0,0,1,2,2,0,1,0.3088958374972416,-0.05088686955904405,-0.7752313120797024
2965,2,1,0,0,1,2,0,1,1,1,1,2,2,1,0,0,2,2,0,2,1.4384988455394312,1.5900770956977053,2.02764213845051
2966,0,0,1,0,2,2,0,1,1,0,0,1,0,1,0,1,1,0,0,1,1.5212866243528966,0.31988312127171836,-0.29273985253271184
2967,2,1,1,0,1,1,0,0,0,0,0,0,0,0,1,1,2,1,0,2,1.2205878487179835,0.9805600158906155,0.05602688868143002
2968,1,1,0,0,0,2,0,1,1,0,0,1,0,2,0,1,1,0,0,1,0.3631884626760268,0.38759613926543907,-0.5515296100980454
2969,1,2,0,0,0,0,0,1,0,0,0,2,0,1,0,0,0,0,1,1,0.4345981560979648,1.4202974511992523,1.450146121767529
2970,1,1,1,0,0,0,0,0,1,0,0,0,0,0,1,0,1,1,0,0,0.5019202726957102,0.027324469967833,-2.2653774187632854
2971,1,2,1,0,0,0,0,0,2,0,0,0,0,0,0,0,1,0,1,0,-0.25322529511265246,-1.371742658728698,-0.5021225980318382
2972,0,0,0,0,2,2,0,0,1,0,0,0,1,1,1,1,2,0,0,0,-0.47601476561924355,-0.2184145913864483,-0.4703213183154077
2973,0,2,1,0,0,2,0,0,0,0,0,1,0,1,1,1,1,1,2,2,-0.009338174219921133,-0.37613158254029816,0.30170846465736223
2974,1,0,1,0,1,1,0,1,1,0,1,0,0,2,0,1,2,0,0,2,0.3474315775577044,0.18331861511874725,1.2940326641681286
2975,1,1,0,0,1,1,0,1,1,0,0,0,0,0,1,0,0,2,1,2,-0.9858713803514377,1.6654295686501115,-0.2942562883292023
2976,1,2,1,0,0,0,0,2,0,0,0,1,0,2,0,0,0,1,1,1,0.2392870374112925,0.6712765919999081,2.344266622883675
2977,1,2,2,1,1,2,0,0,1,1,0,1,0,1,1,1,2,0,0,1,-0.48408256067550715,-0.302668632510105,0.24948846823230453
2978,0,0,2,0,0,2,0,1,1,1,0,2,0,0,0,0,1,2,1,1,-0.6030210039744249,0.43009019628969364,-0.4902454356140843
2979,1,0,1,2,1,2,0,2,0,0,1,0,1,0,2,2,1,1,0,0,-0.0007807379678303805,-0.4959275539184451,0.1567936379690187
2980,0,1,1,0,0,0,1,1,0,1,1,0,0,1,0,0,0,0,1,1,-0.1386417852478579,1.1564062684188554,0.391468446897885
2981,1,1,0,0,0,1,0,1,2,1,1,0,0,0,2,1,1,0,1,1,2.224518260564916,0.2545259424342704,0.5637658437986222
2982,0,1,1,1,0,1,0,0,2,0,0,0,0,2,2,1,1,0,0,1,-0.83830764764614,-0.19120342644104305,-1.847055848635783
2983,2,0,0,0,0,2,0,1,0,1,0,0,0,0,1,0,0,0,1,1,-0.03159105359071635,0.17984208384447078,-1.1714913425341908
2984,1,1,0,0,0,0,0,1,0,1,0,0,0,1,1,0,0,2,1,2,-0.14597198485687649,0.24068924286460006,0.19252141979333517
2985,0,2,1,0,1,1,0,0,0,0,1,0,0,1,1,0,1,1,1,0,1.1113919263017158,0.39051616208006956,0.9158250739747256
2986,1,0,1,0,0,1,0,1,1,1,0,1,1,0,1,0,1,2,1,0,-0.5516760189107567,-1.7219305650872487,-1.311595491934366
2987,1,1,1,0,1,1,0,0,2,1,1,1,0,1,0,1,0,1,1,1,0.1866672027264482,-0.05835057150494991,-0.38159821919785475
2988,0,0,0,1,0,0,0,1,2,1,0,1,0,0,1,0,2,1,1,0,1.5072479613620122,2.444138991125655,0.9498884473729525
2989,0,0,1,1,1,1,0,1,2,0,0,1,0,1,1,1,2,0,0,1,-1.2445503026253224,-0.5682358543067764,-2.2554001424806187
2990,2,0,1,0,0,0,0,1,1,0,0,0,0,0,0,1,0,2,0,1,-0.2729385366166855,-0.3822473173316092,-0.11269461705863038
2991,2,2,1,0,1,0,1,2,0,2,1,0,1,1,1,1,2,0,0,1,-0.10459537507857526,-1.3745127815198974,0.2851744954743416
2992,2,1,1,1,1,1,0,1,1,1,0,0,0,0,1,1,1,2,0,0,0.697888431100385,-0.7610192900289879,-0.5000808099444782
2993,1,0,0,0,0,0,0,0,0,0,0,0,0,0,2,1,1,1,0,0,-0.15460271484915783,-0.8039909338154043,0.5638936222793041
2994,0,0,0,1,1,1,2,0,1,0,0,1,0,2,0,0,2,0,0,0,0.7099374670239657,0.47569439710959,0.06684386491050243
2995,0,0,0,0,0,0,1,0,0,1,0,0,0,0,1,0,2,2,0,1,0.5050434300344937,-0.3548515518108623,0.6161431701237277
2996,2,2,1,0,0,1,0,1,1,0,2,0,0,0,0,1,2,1,0,2,0.4110764789299451,0.1365336404527418,1.0737970123343112
2997,1,0,0,0,0,0,0,0,0,0,1,1,0,1,1,1,2,2,1,1,0.5874339750769817,0.6340854297258152,0.22747813964996974
2998,1,1,1,0,0,0,0,1,1,0,0,0,1,0,1,0,0,1,0,2,0.43381885022104233,0.07472153444599935,1.5020370872242519
2999,2,0,1,0,0,2,1,0,1,0,0,1,1,0,0,0,0,0,0,0,0.010114821873960575,0.3372997792924022,-0.1890972640710991
3000,0,1,2,0,1,0,1,1,0,0,0,0,1,0,0,0,2,0,1,2,-0.11594872132843813,-1.4525495714731225,-1.4648479285083398
3001,1,1,0,0,1,0,0,1,1,2,0,0,0,1,0,2,1,1,1,1,0.4362416656526131,0.5559792795883028,0.7736128821856614
3002,1,2,1,1,1,1,0,0,1,0,1,0,0,0,1,0,2,1,1,1,1.5615020719993917,-0.11872494716454754,0.8644556011262016
3003,0,0,1,1,0,1,0,1,0,0,0,0,0,0,0,1,2,1,1,1,1.384791214768484,1.1463430353521353,-0.21091115449708375
3004,0,1,1,0,0,0,0,0,1,0,0,0,0,1,2,1,2,0,0,2,-0.9659616727784364,-1.8737879267573032,-2.560379688027231
3005,1,0,1,0,1,1,0,1,2,0,0,1,0,0,0,0,1,1,0,1,-1.4664286734092933,-1.8355341385651431,-0.7431592221706438
3006,1,1,1,1,1,0,0,1,0,0,1,0,0,0,0,0,0,1,0,1,-0.07865667785443872,-0.3804824585175325,-0.9941366185958538
3007,1,0,1,0,0,1,0,1,0,0,0,0,0,1,1,0,0,1,0,2,-0.6846372224945197,1.2569081291841393,0.04864616867721553
3008,0,1,1,1,0,1,0,0,0,1,1,1,1,0,0,1,2,2,1,1,-0.10175660391666021,0.35805555288847235,1.6345614906649208
3009,0,1,0,1,0,1,0,2,1,0,0,1,1,0,0,0,1,0,1,1,-1.6438873249894213,-1.1700165114387728,-1.6947199300410793
3010,1,1,2,0,0,2,0,1,0,1,0,1,0,1,0,0,0,1,2,1,0.4496854155397726,2.534779367565889,0.4712982190660271
3011,1,0,0,0,0,2,0,1,1,1,0,1,0,0,0,0,1,0,1,0,-0.40699974734436944,-1.6692809809043931,0.5178787692660131
3012,1,0,1,1,1,1,0,0,1,1,0,0,0,0,0,0,1,1,1,1,0.8297369560196115,0.8702783968836209,2.6000377843820353
3013,1,1,0,0,1,0,0,2,0,0,0,0,1,0,0,2,1,1,1,1,1.5910869059130774,0.24265509359374607,1.012377053802962
3014,2,0,1,0,0,1,0,1,0,1,0,0,0,0,0,1,2,1,0,1,0.6567570347902724,-0.624378743243431,-0.46406121764497243
3015,1,0,0,1,0,1,0,1,1,0,0,0,0,1,2,0,0,1,0,1,-0.9079506684702419,-0.2591800952360113,-0.5503111917024252
3016,1,1,1,0,0,1,0,1,1,0,1,1,0,1,1,1,1,0,1,1,-0.31914740938001673,0.8371615336997414,0.699734780115084
3017,0,1,0,0,0,1,0,1,1,0,0,0,1,0,1,0,2,2,1,1,0.9819159434742297,-0.8696986750168214,1.1323034690959048
3018,1,1,0,0,0,1,0,2,2,1,0,1,0,1,1,1,1,1,2,2,0.6772355615260741,-0.37786692125568444,0.6762931903271119
3019,0,1,2,1,0,2,0,1,0,1,0,1,0,0,1,0,1,0,1,1,-0.595232374293394,-1.8372436506705985,-0.5866241599087104
3020,2,0,1,1,0,0,0,1,0,0,1,0,0,1,1,0,1,0,1,1,-0.8172420179401287,0.575725035992929,0.4102106286515921
3021,1,0,1,0,0,0,0,2,0,0,1,0,0,2,1,0,2,1,1,2,0.05977395109185952,-0.0013955036372674534,1.1651981060100272
3022,0,0,0,0,1,1,1,1,1,1,1,0,1,1,0,1,1,2,0,0,0.8226401612579595,1.0468852690046488,0.1873970164023369
3023,0,0,0,1,0,1,0,0,0,1,1,0,1,0,1,1,2,0,1,0,1.443127055782874,-0.18053497243940841,1.380136744807061
3024,0,0,0,1,0,1,0,1,0,1,0,0,0,0,1,0,0,0,0,2,0.8747623578664377,0.7686544520856635,1.3064521816014039
3025,0,0,1,0,1,2,2,2,2,1,0,1,1,0,1,1,1,1,1,1,1.2961298914394688,0.8265939922991854,2.689453541126958
3026,0,0,0,0,1,2,0,1,0,1,0,0,0,0,0,2,1,0,2,1,-0.210195077912576,0.33481075712142844,-0.08754021156637966
3027,2,1,1,0,0,0,0,0,1,0,0,0,0,1,0,1,2,1,0,1,0.16571502410944727,-1.3803466604697028,0.2535306276933142
3028,0,0,1,0,0,1,0,0,1,0,0,0,0,0,1,0,1,1,0,1,-0.06781368716936606,0.1241406113660819,-0.42683416755339937
3029,1,0,0,0,0,1,0,0,2,1,1,0,0,1,1,0,0,1,0,2,-0.03854128074037207,-1.0325650263267563,-0.19917408378695092
3030,1,1,0,0,0,1,0,2,1,0,0,0,0,0,0,0,1,1,1,1,-0.9775567649329742,0.038285930774405535,-1.0373442746420793
3031,0,1,2,0,1,0,0,1,1,1,1,1,0,1,0,0,1,0,0,1,-1.1353910101904219,-0.24856977726235877,1.2921596753766043
3032,1,0,0,0,0,1,0,1,0,0,0,1,0,0,0,0,1,0,2,2,0.8495032258083569,1.6662587155153228,0.06128773185808123
3033,0,0,0,1,0,0,0,1,0,1,0,1,1,1,1,0,1,1,0,0,-1.3985486983331235,-0.21875592895210066,-0.7600681259535433
3034,0,1,0,0,0,2,0,2,1,1,0,0,1,1,0,0,2,0,1,0,0.723681554003627,1.3713825555597374,1.1145001457522377
3035,0,2,0,0,0,1,1,1,1,2,0,0,1,0,1,0,2,1,0,2,0.03238727341103221,-0.421749025674393,-0.45398864819822554
3036,2,0,1,0,0,1,0,1,1,0,0,0,1,0,1,2,1,0,1,1,-0.7522341905664138,1.8480119114996243,2.2871178589538324
3037,1,1,2,0,0,1,0,2,1,1,0,0,1,2,1,1,0,1,1,1,-0.36753480046853493,0.30099733441305515,0.42242966208952604
3038,0,0,1,0,0,2,0,2,1,1,1,0,0,1,0,0,1,1,0,0,-0.457053218868708,1.2200456908655346,0.7255230357716322
3039,1,0,1,1,0,0,0,2,0,1,0,1,1,0,1,1,1,0,0,1,0.38699724607112546,1.4496186306445225,-0.9183610834900306
3040,1,1,1,0,1,0,0,1,2,1,2,1,0,0,0,0,0,1,0,1,-1.4107273019307123,-1.5414353422738365,0.21842152400175108
3041,0,1,0,0,1,1,0,0,0,1,0,1,1,0,1,0,2,1,1,1,0.7055715497014705,0.5037830057449131,-0.7348703926603228
3042,1,1,1,0,0,1,0,1,2,2,0,1,0,0,0,1,1,1,0,1,-0.3646650189352064,-0.6959386615506393,-0.34514497983525927
3043,1,1,1,0,0,1,0,0,0,1,0,1,0,1,2,1,1,0,1,0,0.7814901717762563,0.6215861593478412,1.0230792617747015
3044,0,0,1,0,0,1,0,0,2,1,1,1,1,0,0,0,1,1,0,1,-0.6839915577309222,-0.8600536588331146,-0.6443546831197362
3045,0,0,2,1,0,0,0,1,2,0,0,1,1,0,0,2,0,1,2,2,-0.28207114280759993,0.5269357805702921,2.3261110921390573
3046,2,1,1,0,0,1,0,2,1,0,0,0,0,1,1,2,2,0,0,1,0.0866834830676054,0.5850386522561256,-0.3670781886216218
3047,0,0,0,0,0,0,0,0,0,1,1,1,0,0,2,1,0,0,0,0,0.346856342862849,0.0161120938753855,1.1294744504448053
3048,0,0,1,0,1,2,1,0,0,1,0,1,0,0,2,0,1,0,1,1,0.8863438642221386,0.832377539997233,-0.10172349140074344
3049,2,2,2,0,0,2,0,1,2,0,1,2,0,0,0,0,0,0,0,1,-0.5023144237166047,-1.038804188105627,0.535295683372576
3050,1,2,0,0,0,1,0,2,0,2,1,0,0,0,2,0,0,0,0,0,-0.8736843085759018,-0.23936560557408804,-0.4566732446541753
3051,1,2,1,0,1,0,0,1,0,0,0,0,0,1,2,1,2,0,2,1,0.7144406683771374,0.5414260414483226,0.394117062653099
3052,2,1,1,0,0,1,0,1,2,0,0,0,0,0,2,1,1,0,0,0,-1.7685045910480577,-0.10597432353751424,-0.5422985497707492
3053,0,0,1,0,1,0,0,0,2,0,0,0,0,1,0,1,0,1,0,1,-0.03704987000170208,-0.3481889531638411,-1.41854803380238
3054,2,0,2,0,1,2,0,0,1,0,0,1,0,0,1,1,0,0,0,1,0.4768233499968735,-0.69429394246032,0.071193195655149
3055,2,0,1,0,0,1,0,1,0,1,1,0,0,0,0,0,0,0,0,2,-1.0439878810161767,0.37239525346948277,-1.9527895792310117
3056,0,2,1,0,0,2,0,1,0,1,0,0,0,0,1,1,2,0,0,1,2.041104922900345,-1.0372440190567243,-0.03662550323460223
3057,0,1,1,0,0,2,0,2,2,0,1,0,0,0,0,0,0,1,1,2,1.6498189059245743,0.6756054199205724,3.3499242410928596
3058,1,1,0,0,0,1,0,2,1,0,0,0,0,0,2,0,0,2,2,2,-0.2171599884868513,0.058849326594785346,-0.7669235399261162
3059,0,1,0,1,0,2,0,1,1,0,0,0,0,2,1,0,1,1,0,1,-1.5814561076515605,0.8122254893023155,-1.1274821547392861
3060,1,0,2,0,0,0,0,0,0,1,0,0,1,0,1,0,2,0,0,0,1.7427573442858404,-0.667145645430424,2.917021816323059
3061,0,1,0,0,1,1,0,1,1,0,0,0,1,1,1,1,0,1,1,1,-0.811163434039536,0.8698142596145582,-0.3220908214776894
3062,0,0,2,0,0,0,0,1,0,0,1,0,1,1,1,1,0,1,0,1,0.03833185783616983,0.3907212683894731,0.6274645075038308
3063,0,0,0,0,1,1,0,1,1,0,1,0,0,1,1,0,1,2,0,2,0.3772280222431891,0.21057050962028584,-0.5037271519219803
3064,0,1,2,0,0,2,0,1,1,0,0,0,0,1,0,2,1,2,1,1,-1.0470680884765133,0.15496460904824422,0.6442042615874207
3065,1,1,1,0,0,0,0,1,0,0,0,0,0,0,0,1,1,1,1,0,-0.40371756288573046,1.3202312062556514,-0.4906126140474335
3066,0,1,1,0,0,1,0,1,1,2,0,0,0,1,1,0,2,0,0,1,-0.14855263689346107,-0.36607608731210123,-0.7711901221302879
3067,0,1,1,0,1,1,0,1,0,0,1,0,1,1,1,0,0,1,1,2,0.10101899378863984,1.6512311953337047,1.9117518013181236
3068,2,1,1,0,1,1,0,0,0,1,0,1,1,0,1,1,1,1,0,0,-0.8689203143600622,0.11852785920496434,-1.4387437967751835
3069,0,1,0,0,0,1,0,2,1,0,0,0,2,0,1,0,1,1,0,1,1.2959122944042731,0.6597048492338238,2.622899660084629
3070,0,1,0,0,0,2,1,1,0,1,0,1,0,0,0,0,1,0,2,0,0.19679022885050576,0.5941337679233852,0.8363980038743957
3071,0,1,2,1,1,0,0,0,1,0,0,0,0,1,1,0,0,1,0,1,1.8133700795763183,1.80870051826518,1.0008776281882663
3072,0,1,1,1,0,2,0,2,1,0,1,0,1,2,0,0,1,0,1,1,-0.8119733219484241,0.27749297640820014,-0.642497056082856
3073,0,1,1,1,1,1,0,0,2,0,0,1,0,0,1,0,1,1,0,1,-1.3213626249845098,-1.030492900257081,-1.519579277728941
3074,1,1,2,1,0,1,0,1,1,1,0,0,0,0,2,2,1,0,1,0,-0.039720994827593885,-0.7280972972270021,-1.0636947799740641
3075,1,0,2,1,0,0,0,2,1,0,0,0,0,0,2,1,1,0,1,2,0.8223381777222429,0.6760053238664222,0.5625454046922559
3076,0,0,0,0,1,1,0,1,1,0,0,1,1,0,1,1,1,0,0,2,0.005680654154789257,0.22563797578585465,0.2985482762793019
3077,1,2,0,0,0,0,0,0,1,0,0,0,0,0,2,0,0,1,1,1,0.15582807762546744,-0.7551380996802097,-1.6069183799186328
3078,0,1,1,0,1,1,1,1,2,1,1,0,0,0,2,0,1,1,1,1,-0.6133594093629798,-0.00870710664051827,-1.656813296787799
3079,0,2,0,0,1,0,0,1,2,0,0,0,0,0,2,0,1,1,0,0,-0.5904823888717825,-2.096069974409279,-1.4971627061126933
3080,1,2,0,0,1,1,0,0,0,0,0,0,0,0,0,0,0,1,0,1,1.5399769909557668,-0.522418281613771,1.0540835205917407
3081,0,2,1,0,0,0,0,0,0,0,0,1,0,0,1,1,0,0,0,2,0.7301347717322155,1.0605775414940852,0.5994668642360285
3082,0,2,1,0,0,1,0,1,0,0,0,0,1,0,0,0,2,1,0,1,-1.3524559309808437,-0.6505078254648704,-0.8091208730020061
3083,0,0,1,0,0,1,0,1,1,1,0,1,0,0,1,0,2,0,0,2,0.048455510774478586,0.3218272731083321,1.5291691863517076
3084,1,1,0,0,0,0,0,1,2,0,0,1,0,0,1,2,0,2,0,2,-1.0139928520257304,-1.7190171909498786,-1.6841697775041975
3085,0,1,2,0,0,0,0,0,1,0,0,1,1,1,0,0,2,0,1,1,-0.5697409956153442,-1.473598193237144,-1.9362333235050135
3086,1,2,1,0,0,0,0,1,0,2,0,0,0,0,0,1,1,0,0,1,-0.43943737604009814,-0.7055177604649472,-1.1516363601247883
3087,1,0,2,0,0,2,0,2,2,0,1,1,0,1,1,0,1,1,0,0,-0.9893055920893916,-0.3622478994104239,0.5775457783845483
3088,2,0,1,0,0,2,0,1,0,0,1,0,1,1,1,1,0,0,1,1,-0.5531781566785986,-1.5161004574164536,-0.5508544120909817
3089,1,2,0,0,0,2,0,1,1,0,0,0,1,1,0,1,1,0,0,1,-1.482442146561605,-0.8561482738227625,-1.586556352146419
3090,2,1,0,0,0,0,1,1,1,0,0,0,0,0,0,1,1,2,2,0,1.8181591474879186,0.37988251267592144,1.210042824108033
3091,1,0,1,0,0,1,0,1,2,1,0,0,1,1,2,0,1,1,0,1,-1.1034811571378724,-0.7952438938398565,0.37323137226866177
3092,0,1,0,2,0,0,0,1,1,1,0,0,1,0,1,0,1,2,1,2,0.13080876253071333,0.5389693519938453,-0.012064767359617784
3093,2,1,0,0,0,2,0,1,1,0,1,0,0,1,1,1,2,1,1,1,0.12093644110749208,1.662940613086943,1.5632610669194764
3094,0,0,0,0,0,0,0,2,0,1,1,1,0,0,2,0,1,1,0,1,-0.7932353157056067,0.5367760387866307,-0.18658406974755845
3095,1,0,1,0,0,2,0,0,0,1,1,1,0,1,1,2,0,1,0,1,-0.5523090184641005,-1.220841406723062,-0.4769644354225472
3096,1,2,1,0,0,2,0,1,1,1,0,2,0,1,1,1,1,1,0,0,-0.28748746629342387,-0.9383924250183955,-0.476302635784471
3097,1,1,1,0,0,0,0,1,2,0,1,1,1,1,0,0,0,1,1,1,1.051579664983374,0.5262426337600421,1.1232817396976968
3098,0,2,1,1,2,1,0,0,2,0,0,0,0,0,1,1,2,1,0,0,-1.7299446186009773,-1.4782735017768553,-1.6922921433703513
3099,1,0,0,1,0,0,0,1,1,1,0,1,1,0,0,0,2,1,0,1,-0.29683558519491027,0.8532550731113531,-0.5718754618200884
3100,0,0,0,0,2,1,0,2,0,0,1,0,0,1,1,0,0,1,1,1,-0.33446361400036667,-0.06454459400858711,-1.62793113087442
3101,0,0,0,0,0,1,0,1,1,0,0,0,0,0,0,1,2,2,0,2,-0.4622577654328365,0.08321705257932616,-0.7846049609781469
3102,0,1,2,0,0,1,0,1,2,0,0,0,0,0,0,0,0,2,1,1,0.5637159277688838,-0.23403831213718557,0.400151831059215
3103,2,2,2,0,0,2,0,1,1,1,0,0,0,0,0,1,1,1,1,1,1.314583612596935,1.1478509949483717,2.7746795107218785
3104,0,1,1,0,1,0,0,0,1,0,0,0,0,2,0,1,2,1,0,1,0.9218523457988016,0.060253390028396796,0.5703865630474383
3105,1,1,1,1,1,2,0,0,0,0,0,0,0,0,0,1,2,1,2,1,0.3314086359906114,-0.237495956001474,-1.0921023032945036
3106,0,0,0,0,1,1,0,1,2,1,1,0,1,1,1,1,2,1,0,2,-1.1675739968016206,-1.0404928626356573,0.5867958990780671
3107,0,1,2,1,0,1,0,0,1,1,0,0,1,0,1,0,0,0,0,1,1.7150751436712581,-0.8863044647421695,0.583594290400676
3108,2,2,2,0,0,0,0,0,1,1,1,0,1,1,0,1,1,0,0,1,-2.0842585179302597,-0.7066796461710405,-2.403612700237388
3109,0,1,1,1,0,0,0,1,1,1,0,0,0,0,1,1,1,1,0,1,-0.6127018796309431,-1.0885938209812829,-1.0485764606284491
3110,2,1,1,0,0,1,0,2,0,0,0,1,0,1,0,0,1,0,1,2,0.8899575259609857,-0.23778737786698445,0.02217917074701997
3111,1,0,1,0,0,1,0,1,1,0,1,0,1,0,1,0,1,1,0,0,0.24232311536597154,-0.5956431518882219,0.8796461382579869
3112,0,0,0,0,1,1,0,0,1,0,2,0,1,0,1,1,1,0,1,2,0.6465055012586638,0.16386251340844254,-2.375965553899482
3113,2,2,1,1,0,1,0,1,1,1,0,0,0,0,0,2,1,1,0,0,0.613274023277685,0.2644665111380653,-0.5085918235096046
3114,1,1,1,0,0,0,0,0,1,0,0,0,0,2,1,0,1,1,0,0,0.13529886634344418,0.014192961279774652,-1.1481300029333152
3115,0,2,0,0,0,1,0,0,0,0,1,0,0,0,0,1,1,1,0,1,-1.1128111554455344,0.12450135545571173,-0.45943638407116616
3116,1,2,0,0,0,0,0,0,0,1,0,0,1,2,0,0,2,0,1,1,1.6450822010207722,2.2672922436236993,-0.5494211946294878
3117,0,1,0,0,2,1,1,1,2,0,0,1,1,0,1,2,1,0,0,0,-0.9435982336311384,1.0214123070326042,-0.37625296301493394
3118,2,0,1,1,0,2,0,1,1,0,0,0,0,0,0,0,2,1,1,1,-0.20889273455495513,-0.20434727209118492,-0.4134353532309159
3119,1,0,0,0,1,1,0,2,2,1,0,0,1,0,2,2,2,2,1,1,0.5375768721169787,1.875229261651781,0.9756412630190044
3120,1,0,0,0,0,2,0,1,0,0,0,1,0,1,0,1,1,0,1,1,0.41312086233208767,-0.3112188776273128,-0.21845244114919912
3121,0,2,1,1,0,1,0,2,1,2,0,0,1,0,0,2,1,0,0,1,-0.6424239803433962,0.35356882128041844,0.8012941301221346
3122,1,2,0,0,1,1,0,0,2,1,1,0,1,0,1,0,0,1,1,2,-0.5416090624302812,-1.0692025073241598,-0.2694396204992276
3123,1,1,0,0,0,0,0,2,1,1,0,0,0,0,1,0,2,0,2,2,0.3375124663019989,0.9037398867285358,0.5842527762273271
3124,2,1,1,0,1,1,0,0,0,1,1,1,2,1,0,0,2,0,0,1,-0.3544553711683459,-0.6359991315585116,-0.3977116069299828
3125,0,2,1,0,0,1,0,1,2,0,0,1,0,0,0,1,1,0,1,1,0.06667000284789179,0.1271834208533285,-0.9408838077322342
3126,1,1,0,0,0,1,0,1,2,1,0,1,1,0,1,1,2,2,0,1,0.7343820715552845,1.6285280805057176,0.8484896329783168
3127,0,1,1,0,1,1,0,0,1,1,1,1,1,1,1,1,2,1,2,1,-0.33856968685974764,-0.8809337187919255,-0.8394749493675286
3128,1,0,1,0,0,1,1,1,1,1,0,1,1,1,1,1,2,2,1,2,0.5809949826046239,1.559644048111965,1.0448141978955419
3129,1,1,1,0,0,1,0,0,1,0,0,0,0,0,1,0,2,2,1,1,0.5653593469721128,-1.0336126857774148,-0.901335744790861
3130,1,1,1,0,0,1,0,1,1,1,2,1,0,0,0,1,1,1,1,1,0.22977097129972227,2.2456676267620397,1.9508368958261297
3131,0,1,0,0,0,0,0,1,1,1,1,1,0,1,1,0,0,0,0,1,0.3167010786035081,-0.35795699250021956,-0.5246404573008372
3132,1,1,0,1,0,0,0,1,0,1,1,0,1,0,1,0,2,0,1,2,0.8561449985663337,-0.3976351919407139,1.3300124213036641
3133,1,1,2,0,0,0,0,1,2,2,0,1,1,0,0,0,1,0,1,1,0.11659246842549349,-1.0142324223899886,1.4352715541291223
3134,1,2,1,0,2,1,0,2,1,0,1,1,2,0,0,1,2,1,2,1,0.27519474243600783,0.29151414959434996,0.45235808769124586
3135,0,1,1,0,0,0,0,2,0,2,0,1,0,0,0,1,1,1,0,1,-0.7147285584574218,-0.8394256083686149,-0.29517285360315804
3136,0,2,1,0,1,2,0,0,1,1,0,1,0,0,0,0,2,1,0,0,0.7066259477882577,-0.16223804148874899,0.05689761927889894
3137,1,2,1,0,0,1,0,0,2,1,0,1,1,0,2,0,1,0,0,1,0.11855897619487361,-0.6006370327779675,1.7926201192666753
3138,1,2,2,0,0,1,0,1,1,1,0,0,0,0,0,1,1,2,0,1,-1.075669447275071,0.021575192306290347,-1.3305625702285155
3139,2,1,1,0,0,0,0,1,0,0,0,1,0,1,0,0,0,0,0,1,0.5672997565452994,0.30538767800418987,0.45545585081267437
3140,0,2,1,0,1,1,0,2,0,1,0,2,0,2,1,2,2,1,1,1,0.47100706127750175,2.0111974542672444,1.1387549671703245
3141,0,0,0,0,0,1,0,1,1,1,1,0,0,0,1,1,0,1,0,1,-1.4077664032036632,-0.04725313218428223,-1.2365416630179267
3142,1,1,1,0,0,2,0,0,0,1,0,0,1,0,1,1,1,1,2,1,-0.6893224630458274,0.3042333381931745,-0.6156616310889391
3143,0,1,1,0,0,1,0,0,2,0,1,0,0,0,0,1,1,1,1,1,-0.3546355394139031,-0.947696473760258,1.7090975616799917
3144,0,1,1,1,0,0,0,1,2,1,0,0,0,1,2,0,1,2,1,0,-0.9712236889677565,-0.30196157802572426,1.3258384273765524
3145,1,2,0,0,1,2,0,1,1,0,0,0,1,0,1,0,0,1,1,0,0.21962567863426824,-1.5313682865489844,-0.9014158126557038
3146,1,1,0,0,1,0,0,2,1,1,0,1,1,1,0,0,1,1,0,1,0.4304837067296048,-0.5153351093682348,-0.8302245357778588
3147,1,1,1,1,0,1,0,0,0,1,0,1,1,0,0,2,1,2,0,0,0.2208875414570709,-1.6939510303276857,0.9108911394001377
3148,1,0,1,0,0,2,1,2,0,0,0,0,1,1,2,0,1,1,0,2,0.59902876980119,-0.1269874955010073,1.3392347322321647
3149,2,0,0,0,0,1,0,0,0,0,1,0,0,1,0,0,2,2,1,0,1.8594543982294205,0.6806253409936343,1.4465735401229174
3150,0,0,0,0,1,1,0,1,0,1,0,0,0,0,1,0,1,1,1,1,1.660982024358903,0.5432167703358944,-1.8084751975836144
3151,1,1,1,0,1,1,0,1,0,1,0,0,0,1,0,1,1,1,1,1,-0.7738447883049812,-0.2730423201522859,-1.5383327177431818
3152,0,2,2,1,1,1,1,1,1,1,0,0,0,0,0,0,2,2,0,1,-1.4668599423013224,-1.0711462817145523,-0.7700229527287759
3153,0,0,0,1,0,2,0,0,2,1,1,0,0,1,0,2,1,1,1,1,-1.6753486818440435,-0.925506339161545,-0.7536050225105164
3154,1,1,0,0,0,0,0,1,2,0,0,1,0,0,0,1,2,2,1,0,-0.19969257066968224,0.20708745420253752,0.9399294614685701
3155,1,1,1,0,1,1,0,1,2,0,0,1,0,0,1,2,1,1,2,0,0.5664586884963315,0.613062075531087,1.1628312623336443
3156,1,0,2,0,1,0,0,0,1,0,1,0,1,0,2,0,1,1,0,1,0.713634320096905,0.3606044274421456,0.6643749103324634
3157,0,1,0,0,0,1,0,1,0,1,0,0,0,1,0,0,2,0,1,2,-0.7037991173519411,-0.8383151080499756,-1.14675349114489
3158,0,0,1,0,0,1,0,0,2,0,1,0,1,1,0,0,1,1,1,0,0.18313280932504797,-0.15013813176397267,-1.119037367676879
3159,0,1,0,0,0,1,0,0,1,0,0,0,0,0,1,1,1,1,1,0,0.11427801750711353,-2.391378944592606,-0.8002344370745788
3160,0,0,0,0,0,1,0,0,0,1,0,1,1,1,1,1,1,1,1,0,-0.99812971836896,0.385731996548798,-2.14091802598348
3161,1,2,0,1,0,1,0,0,1,0,0,0,1,0,0,0,0,2,0,1,-1.2119747598040373,0.3170847699306476,-2.3636154629615116
3162,1,1,1,0,1,1,0,1,2,0,0,1,0,1,1,1,2,2,0,2,-1.097461397718954,0.3694987189228749,0.12416897199999327
3163,0,1,1,1,0,1,0,0,1,1,0,0,0,1,0,1,1,0,1,2,-1.7172445369195233,-0.8744718318333509,-0.7713489782646678
3164,1,0,0,0,0,1,0,1,1,0,0,0,0,1,0,0,1,2,1,1,0.7459151926247757,0.6089816705817315,1.0799706442361092
3165,1,2,0,0,0,1,0,2,0,0,0,0,1,0,1,0,2,0,0,1,1.2054506044011963,-1.0526312227839496,1.533874298216689
3166,1,1,1,0,0,0,0,1,0,1,0,0,1,0,0,1,0,0,1,0,-0.6560428910341621,-1.4423723711189909,-0.6845368574138075
3167,0,2,1,0,0,1,0,1,0,0,0,0,1,1,0,2,1,0,0,1,-0.3077462219820807,-0.5561075876211352,-0.19647658827046677
3168,1,1,0,0,0,1,0,0,1,1,0,0,0,0,0,1,0,1,0,0,0.2784402944477353,-0.22340138954857747,-1.8033578068513128
3169,0,2,1,0,1,1,0,2,0,1,0,2,0,0,0,1,0,0,2,0,-1.8442525615605991,-0.29329222859712634,0.17923409853445627
3170,1,1,1,0,0,1,0,1,1,0,1,0,0,0,2,0,1,1,0,0,-1.457952389181085,-3.434641150948333,-2.8010465620296854
3171,0,2,1,0,0,1,0,1,1,1,1,0,0,0,1,1,1,1,0,1,-0.6345487166819992,1.361206985056082,0.26111502499561257
3172,2,2,0,0,1,1,0,0,1,1,0,0,1,0,1,0,0,0,0,1,-1.6844244520928036,-0.016858074111846033,-1.2484195399416245
3173,1,2,1,1,0,1,0,1,2,1,1,1,0,0,0,0,1,1,0,2,0.3817961446264575,0.8400110550063553,0.36389751109870355
3174,0,0,1,1,1,2,0,1,1,1,0,0,0,1,1,1,2,1,1,0,-1.5550303459467545,0.16580185631448008,0.3087106191829243
3175,0,1,0,0,0,0,0,1,1,0,2,0,0,1,0,0,1,0,0,2,0.4853488234786777,0.3575855608694018,-0.8378947513337334
3176,0,2,2,0,0,1,0,1,1,0,1,1,0,0,0,1,1,2,2,2,-1.0571396407222735,0.27357277368433586,0.16099381998338413
3177,1,1,1,0,1,0,0,2,1,0,0,1,1,0,1,0,1,2,1,0,-1.25306896630765,-0.8073913429276467,0.6719506325195408
3178,0,2,0,1,0,0,1,1,0,1,0,0,0,0,0,1,0,1,0,1,0.8646953130731337,1.0857147353683907,-0.07705764179457697
3179,1,0,2,1,1,0,0,1,1,0,0,0,0,1,2,2,1,0,0,1,0.11508462399744436,2.807781863160461,1.1837542524990319
3180,1,0,1,0,0,1,0,2,2,0,0,1,1,2,1,0,2,1,0,1,-0.4540572320368849,-1.3201960411420999,-0.33143795038055357
3181,2,2,1,0,0,0,0,1,1,0,1,0,1,0,0,2,1,1,0,1,0.5929866639986278,0.3082810607608918,1.2470191996220572
3182,1,1,0,1,1,0,0,1,0,0,0,0,1,0,0,1,1,0,1,0,0.2753523923577906,0.7274225921148225,3.427305793589894
3183,1,1,1,0,0,1,1,0,0,1,0,0,0,1,1,1,1,0,1,1,0.31350175614128023,0.7232366317152693,1.7006524319384944
3184,0,0,0,0,2,0,0,2,1,0,0,0,1,2,1,0,2,0,0,1,-0.3006699553065445,-0.287149567159689,0.29342045289314744
3185,1,1,0,1,1,1,0,1,0,0,0,0,0,1,1,0,1,0,0,1,-0.7705687971949982,-0.5278596391438246,-0.39121743007375853
3186,2,0,0,1,0,1,0,1,0,0,1,0,0,1,0,0,0,1,2,0,0.22110515500743516,-0.3353528121351449,0.5616101957245648
3187,0,1,0,0,0,2,0,0,1,0,0,0,0,1,0,1,2,1,1,1,-0.36133246186147633,0.3682436411029805,1.5103699479603674
3188,2,0,1,1,0,1,0,2,0,0,0,1,1,1,2,1,1,1,0,0,-1.8890659038157434,0.8481325988358228,2.033462166361585
3189,0,0,1,0,0,1,0,1,0,0,0,0,0,0,1,0,0,0,1,1,-0.5006714040831993,0.6966340031480891,-0.7607661573772717
3190,2,0,0,0,0,2,0,2,0,0,0,0,0,0,0,0,1,0,2,1,-1.9459251694237316,-1.48639358714067,-3.249694673904883
3191,0,1,0,0,0,2,0,0,0,2,0,1,0,0,0,1,2,0,0,1,1.1867676333298043,0.8165702179841243,0.24723067931665732
3192,0,2,1,1,1,0,0,1,0,1,0,0,0,1,0,0,2,2,1,1,0.789505883656798,0.36379535718145894,0.651856664137808
3193,0,1,2,0,0,0,0,1,1,1,0,0,0,1,0,0,1,1,0,1,-0.6352580245563355,-1.1058855375341439,-0.5960929848936447
3194,1,1,2,0,0,0,0,1,1,0,0,0,0,0,1,0,1,2,0,1,0.20496693728775922,1.091658604305712,0.7298675712599025
3195,0,1,0,1,0,1,0,0,0,0,1,0,0,0,0,2,2,1,1,1,0.5423159085122874,0.16171367484391136,0.7595063102442237
3196,0,0,2,0,1,1,0,0,1,1,0,2,0,1,0,0,2,0,1,1,-0.4247188911426875,-0.2454604679785733,0.0736981073673163
3197,0,1,1,0,1,2,0,1,1,1,1,0,0,1,1,2,2,0,2,2,1.9789716345028892,1.1356642358898932,0.6598901922322304
3198,0,0,0,0,0,1,0,1,2,0,0,0,1,1,1,1,0,1,1,0,-0.6852130629281198,-0.31474479239123576,0.30922471876590113
3199,0,0,1,1,0,0,0,0,0,0,0,0,0,0,1,1,1,2,0,1,-0.15016945330918785,-0.4780467624791608,1.1048268613952583
3200,1,1,1,0,0,1,0,0,0,1,1,1,0,0,1,2,0,0,1,1,1.4683634807283323,0.19895424746996382,2.702194817125632
3201,1,1,0,0,0,0,0,2,0,0,1,1,0,2,2,1,2,2,0,1,-0.4477737841255981,1.449527137288778,-0.34643243174731364
3202,2,2,0,0,0,2,0,0,0,2,0,1,0,0,0,1,2,0,0,1,-0.5772651318301236,-0.05104101858120911,-1.600506910437221
3203,0,0,1,0,1,1,0,1,0,2,0,1,0,1,1,2,1,2,2,1,-0.2514022066836723,1.0231237100418795,1.9879934311636158
3204,1,2,2,1,1,0,1,2,1,0,0,1,0,1,2,1,1,0,0,1,1.5509994976252364,0.44802117330218105,0.9001312155266601
3205,1,1,1,0,0,1,0,0,0,0,1,0,0,1,1,1,1,0,0,0,0.349663944144905,0.5645739100812555,-0.6445956745890422
3206,1,1,2,0,0,0,0,1,2,1,0,0,0,1,0,1,0,0,2,0,0.8599982892339365,1.8093903692143551,-0.8490975345369234
3207,1,0,1,0,1,0,1,0,1,0,0,0,0,0,1,1,1,1,1,1,-1.9321630013736302,-0.04304045081162844,-1.7463516506261385
3208,0,1,0,1,1,0,0,1,1,0,1,0,0,2,0,2,2,0,0,0,-0.3818380098205708,1.5762596231673591,1.7214039648407296
3209,0,2,2,1,0,1,0,0,0,0,1,1,0,0,2,0,1,0,1,0,-0.7929089833633267,-0.6469262812541766,-0.05988208408919543
3210,1,1,2,0,0,0,0,1,1,0,0,1,0,1,0,1,2,2,1,1,-0.632069077571708,0.7069897168016904,0.9229275682471234
3211,2,0,2,0,0,1,0,0,1,0,0,0,0,1,0,0,1,1,2,0,-1.5414189528652442,-0.538078293715316,-0.6256386327632777
3212,0,0,1,0,0,0,0,0,0,0,0,1,0,1,0,2,2,1,0,0,-0.6082689803379523,-0.8485037594120013,0.4713480516249934
3213,0,1,1,0,0,0,0,0,0,1,1,0,0,1,2,0,1,1,2,2,-0.32184979184177176,0.14147251605682232,0.6638083047595352
3214,2,1,0,1,1,0,0,2,1,0,1,0,1,0,1,0,0,0,0,0,-1.2065552939191084,-2.55025185430192,-0.5031664506781961
3215,0,0,0,1,0,1,1,0,0,1,1,0,0,0,0,0,1,1,0,1,1.210736867373152,-1.2079535773393792,-1.324595483021557
3216,0,2,0,0,0,0,0,1,1,1,0,1,1,0,0,1,0,1,1,2,0.46602138582497643,0.7242613472606643,-0.5285129452407384
3217,1,1,0,0,0,2,0,1,1,0,1,1,0,0,0,1,2,0,1,1,-0.05661037312405143,2.0632563120299543,0.369536330655567
3218,0,1,1,0,0,1,0,0,0,0,0,1,1,0,0,1,2,2,1,1,0.63713310666244,-0.8733955429725826,-1.5553219476872697
3219,0,1,1,0,1,0,1,1,0,1,0,1,0,1,1,0,2,1,0,2,-0.8258641758704252,0.7333191174755169,-0.2300385761141483
3220,1,1,1,0,0,1,0,0,1,1,0,0,0,1,2,0,0,1,1,0,-1.0918594809677653,0.1020717234608417,-2.611691509817379
3221,2,1,2,1,0,1,0,0,1,0,1,0,0,0,1,1,1,1,0,1,0.9011731515529859,0.9663747522046789,-0.32786446444806217
3222,0,2,1,1,0,0,0,0,1,1,0,1,1,1,1,1,1,2,2,1,0.052904657070707614,0.3339075533189578,-1.032923247009154
3223,0,1,1,0,1,1,0,1,0,0,1,0,0,1,1,1,1,0,0,1,1.8223766895166775,1.4292470677278737,1.3741386000870652
3224,0,1,0,0,0,1,0,1,1,1,0,0,0,0,2,0,0,0,1,0,-1.229719443284276,0.9457235355386155,-1.130173430228123
3225,0,1,1,1,1,1,0,1,0,1,0,0,1,1,1,1,0,1,1,1,0.3672318702612441,-0.3235233156543541,0.49748786732422545
3226,1,2,1,0,0,0,0,1,1,0,1,0,0,0,0,1,0,1,0,1,0.7893788423941012,1.2296489103246673,1.1393085008372805
3227,1,0,1,0,0,0,0,0,2,1,0,2,1,1,0,0,1,2,0,1,-3.3492210630323482,-0.1494829603889063,-2.201129858131641
3228,1,1,1,1,1,1,0,0,0,0,0,0,0,0,0,0,2,0,0,0,-0.9917874691992534,1.6057870546939355,-0.9823547151701648
3229,0,1,0,1,0,0,1,1,0,1,1,0,0,0,0,0,0,0,2,1,-0.6232270789319315,0.11650111575880752,-0.44697659800428874
3230,1,1,1,1,0,1,0,0,1,0,1,1,0,1,1,0,0,2,0,1,-0.866799235358353,-1.1620945026202538,0.15076190086832764
3231,1,0,0,0,1,1,1,0,1,0,0,0,0,1,0,0,1,2,0,0,-0.8894017097439715,0.6534631864299143,0.08879133263479375
3232,0,1,2,0,0,1,0,1,1,1,1,0,0,0,0,0,2,1,1,2,-0.8691397511987558,0.34342989585427286,-1.1181639930915326
3233,1,0,1,0,0,2,0,0,0,1,1,0,0,0,0,0,0,1,0,1,-3.063359008295835,-0.9237393555756545,-2.6803733518059087
3234,0,2,2,0,0,0,0,0,1,1,0,0,2,0,0,0,1,2,0,2,0.816719102367115,1.4760613496718917,1.8431680962325383
3235,1,1,1,0,0,0,0,2,1,0,1,0,0,1,0,0,2,0,0,0,-0.37964386895427993,0.9838261585361111,1.5156747456839073
3236,0,2,0,0,0,1,0,1,1,0,0,1,0,1,2,0,1,0,0,1,0.008750363726987807,0.3047907089423391,0.7934205737407654
3237,0,2,0,0,0,1,0,0,0,1,1,0,0,0,1,1,1,0,2,2,-0.605473833576417,-0.5742419535331322,-0.022891573706188773
3238,0,2,1,0,0,1,0,0,0,2,2,0,0,0,1,1,0,0,0,0,-0.440416161809848,-0.17352656721971052,0.33937410710568594
3239,0,0,0,1,0,0,0,2,1,2,0,0,0,0,0,0,0,2,2,0,0.4099477531013146,0.7786724932064898,0.4031517616110799
3240,1,1,1,0,1,0,0,1,0,1,0,1,0,0,0,1,2,1,1,1,-0.7093954501574037,0.29168804252340674,0.6921597303508167
3241,0,0,1,1,1,0,0,0,2,1,0,1,0,1,2,2,2,1,0,1,-0.7361824682079158,0.14448088375583146,-2.655602973301834
3242,1,0,1,0,0,2,0,2,1,1,0,2,0,0,2,0,0,0,1,1,0.49825836468124857,-1.0742264475535335,-1.7597127828897268
3243,1,1,0,0,1,1,1,2,1,1,0,0,0,1,1,1,1,1,0,2,-0.48399628212380996,-1.0761853988097903,-1.3072874845935663
3244,2,2,0,0,0,2,0,1,0,0,0,1,0,0,0,1,0,2,0,1,0.21845204155710826,0.45994283957364446,0.04388327023112737
3245,1,1,0,1,1,0,1,1,1,0,0,0,0,0,0,0,2,1,0,2,0.039742433301165274,-0.9969295340523434,-1.749084040243519
3246,2,1,1,0,1,1,0,0,2,0,0,0,0,1,0,2,2,1,1,1,-0.6963142151702482,-0.7966246587408792,-1.7509760062431998
3247,0,0,1,0,0,1,0,1,0,0,0,0,0,0,1,0,1,1,1,1,0.238165976519907,0.5327124671958224,1.2675777857559503
3248,1,1,1,0,0,1,0,2,0,2,0,1,0,0,1,1,2,1,2,0,2.1500124634853166,-1.664076890154254,0.5645430884801432
3249,0,1,1,0,0,2,0,2,0,1,0,0,0,0,0,0,2,1,0,1,-1.2757436885538294,0.9302342736210405,-1.195493030282921
3250,0,2,2,1,0,1,0,2,1,1,0,0,0,0,0,0,2,0,2,0,1.849115321916726,-1.5572476640024608,0.8292002071763733
3251,1,1,1,0,0,1,0,2,1,0,1,0,1,0,1,1,1,1,1,1,0.493988360640451,-0.9559991936567318,0.40844783562398623
3252,1,2,1,1,1,1,0,1,1,2,0,1,0,1,1,0,0,0,0,1,0.982799518098781,0.8400270093242828,0.5555613626552629
3253,0,1,2,0,0,0,0,1,0,0,1,0,2,0,0,0,0,1,1,1,1.165546834638605,1.7652372379242345,0.7771560408266545
3254,0,2,1,2,0,0,0,2,0,1,0,0,1,0,1,0,0,0,2,1,0.4977235136200829,0.22348288373615854,0.06498496982521482
3255,1,1,0,1,0,0,0,1,1,0,0,1,0,1,0,1,2,1,1,1,-1.063176970399949,-0.7218756246099399,-0.42910926281765127
3256,1,1,2,1,0,2,0,1,1,1,0,0,0,1,1,0,0,1,1,2,0.1577963215280346,0.4542020477724627,-0.6314004965254845
3257,0,0,1,0,0,1,0,1,1,0,0,0,0,0,0,1,1,0,0,0,-0.3473222129553333,-0.41466368532652076,0.5584552139488331
3258,1,2,0,0,2,2,0,1,1,0,0,0,1,0,0,0,1,1,0,2,-1.0223704096119608,-1.3246444694300203,-0.9929882259462466
3259,1,2,0,0,1,0,0,1,1,0,0,0,0,1,0,0,0,2,0,1,0.5625310068609138,0.8348547449893824,0.7255457690203195
3260,2,1,0,0,1,1,0,1,1,0,0,0,0,1,1,0,0,1,1,2,-0.4972694626832103,2.247625308708124,-0.5941340695673571
3261,0,1,0,0,1,2,0,1,1,0,1,0,1,1,2,2,1,0,2,1,-1.9353987403482327,1.8262390153164967,-1.4093125828772524
3262,0,1,1,0,0,1,0,0,1,1,1,1,1,1,1,0,1,0,0,1,-1.9823125535389472,-0.11421667400941521,-1.1503261383978287
3263,2,1,0,0,1,2,0,0,1,0,1,1,0,0,2,1,0,1,1,1,-1.9851525184640906,-1.7894116962397981,-0.9697132330963874
3264,1,0,0,0,0,0,0,1,0,1,1,1,0,0,0,0,2,0,1,2,0.6568798673063176,-0.060026979796837104,2.079088760660894
3265,2,0,2,1,0,1,0,1,0,0,0,0,2,0,0,1,1,1,0,2,0.42489370997656184,0.04571286090564921,0.9193336787834985
3266,1,0,1,0,1,0,0,1,1,1,0,0,0,0,1,0,1,0,0,1,-0.7613617514082848,0.2732952219938599,-0.7899991977998038
3267,0,2,0,0,0,0,0,0,2,1,2,0,0,0,1,0,2,1,2,0,0.27614352837087053,-1.1012641518394761,1.2206597956922398
3268,1,1,1,0,0,1,0,1,1,2,0,0,0,0,0,0,1,0,1,0,-0.7689560273359838,0.3687418622386379,2.509293036355372
3269,1,2,1,0,0,0,0,0,1,2,0,1,0,0,1,1,1,1,2,2,1.2693218705483562,0.8798434724489941,1.9599418534120387
3270,0,1,0,2,0,2,0,1,0,0,0,0,0,1,0,2,1,0,1,1,-0.363065852941262,0.08033657328713371,2.2236879271188394
3271,1,1,1,0,0,1,0,0,0,1,1,0,1,0,1,1,2,0,0,0,-0.21813373442835582,0.5885727930274972,1.137154642250044
3272,2,0,0,0,0,0,0,1,1,0,1,0,0,1,0,1,1,1,1,2,1.0389132751100953,0.12444028949205414,-0.32833856121178984
3273,1,0,2,0,1,1,0,2,0,1,0,0,0,0,2,1,2,0,1,0,0.18278214924228448,-0.5738301015931483,0.07322250215817838
3274,1,0,1,0,1,1,1,1,1,0,0,0,0,1,0,1,1,1,1,1,1.3991110637480513,-0.23943892556919377,0.11424131194737636
3275,0,1,2,0,0,1,0,0,1,1,0,1,0,1,1,0,1,1,0,1,0.264170772426242,0.7381777019735518,1.5434932312214622
3276,2,0,0,0,0,1,0,0,1,0,1,0,1,1,0,1,1,1,2,1,-1.1424754667509052,-0.2006917094827933,0.5230104885453444
3277,2,1,2,1,0,1,0,0,0,0,2,0,0,0,0,2,0,1,0,1,-0.15278520469134108,0.17600192516729254,-1.2040430341212878
3278,0,0,1,0,0,0,0,0,0,1,1,1,1,1,1,0,0,1,0,1,1.6370166200872134,-0.00931711059033985,-0.5338446301697476
3279,0,0,2,0,1,1,0,1,1,0,1,0,0,0,1,2,0,0,2,1,0.8044890956938374,-0.08295870779688588,2.000056290819745
3280,1,0,2,0,0,0,0,2,2,0,0,0,1,0,1,1,0,2,0,1,-2.9383040147532116,-1.6701697964433317,0.3902135565781597
3281,2,1,1,1,0,0,0,0,2,0,0,0,2,0,1,0,1,2,1,1,-0.006783643714803464,-2.028097517246534,-2.5791734572987077
3282,0,1,1,0,1,1,0,2,0,0,0,0,0,1,0,1,2,1,1,1,-1.1470194020798128,-0.9051664167373574,-0.4238568392285637
3283,1,0,1,0,0,0,0,1,1,0,1,0,0,1,0,0,0,1,1,1,-0.292269253019337,-0.8380346281694554,-0.09589004889874514
3284,1,1,0,1,0,1,0,1,1,1,1,0,0,1,0,1,1,0,1,0,1.4345059427020237,1.4000903041500445,0.9122515726627786
3285,1,2,2,0,1,1,0,0,0,0,1,0,0,1,1,0,1,1,0,1,-0.22799139376004923,-0.015494386278845335,-0.6081045798047889
3286,1,1,0,0,1,1,0,0,0,0,0,0,1,0,2,1,0,1,0,1,-0.08250404685559855,-0.9540338045972242,-0.3296493786370223
3287,0,1,0,0,0,1,0,0,1,0,0,1,1,0,0,2,1,1,0,0,0.9665170230159593,-0.09560158512246905,0.3089123963876086
3288,1,0,1,0,0,2,0,0,0,1,0,0,0,0,0,0,1,2,1,1,0.7704980607746289,-0.0193428118620635,0.1926067515847842
3289,0,1,2,0,0,0,0,2,1,1,1,0,1,1,0,1,1,0,1,1,0.7820708817684116,1.0585043039186157,0.9561992503972796
3290,0,2,1,0,1,0,0,0,1,0,0,0,0,0,1,1,1,2,1,2,-2.200930828963422,-1.0056058519576836,-2.042886376579971
3291,1,2,1,0,0,0,1,1,2,1,1,0,0,0,0,0,2,1,1,2,0.1716563449540069,-0.5597384398911408,-0.00656633275421957
3292,0,0,1,1,0,2,0,2,1,0,0,0,0,1,0,1,1,0,2,1,-1.3556042530453525,-0.5798530327201326,-0.682346473485873
3293,0,2,1,0,0,1,0,1,2,0,0,0,0,1,1,1,2,0,2,2,-0.9778572485879118,-1.4741653151175862,-0.33898411266407646
3294,0,1,0,1,0,0,2,1,0,2,0,0,0,0,1,0,1,1,2,1,-2.537544375139613,0.19699498856374487,0.050194292310758115
3295,1,1,1,1,1,1,1,1,1,1,0,0,0,1,1,1,2,1,2,1,-0.9818750726232943,0.9191255163681866,0.30803832320492347
3296,0,1,0,1,1,2,0,0,0,0,1,0,2,1,1,2,1,1,1,1,-0.09293227288404222,-1.6310981891677616,-1.8615873159712342
3297,2,0,1,2,1,2,0,1,1,0,0,0,1,0,1,1,1,0,0,1,0.07994853000855295,-0.7127777415251684,-1.119444973414754
3298,0,1,1,0,1,1,0,2,0,1,0,0,0,2,0,0,1,1,1,2,0.6372650300385421,0.8110977849981948,0.05452780913152272
3299,1,1,2,0,1,2,0,2,2,0,1,0,1,0,1,1,0,0,0,1,0.17341461221062596,0.02605113387825433,1.5988078572621158
3300,0,0,1,0,2,0,0,0,2,0,0,1,0,2,1,0,1,1,0,2,-0.6801524603955383,-0.07005203713363564,0.6458883139817274
3301,1,1,0,1,2,1,0,0,0,1,0,0,0,0,1,0,0,0,1,1,0.5493175811596706,-1.3396127892422618,0.10735019640462695
3302,1,0,1,1,1,0,0,1,2,0,1,0,0,0,1,0,1,0,1,1,-0.44089429811095115,-2.315463643669391,-0.9450876536633378
3303,0,1,1,1,2,1,0,1,1,0,0,0,0,0,1,1,2,1,2,0,-0.3867313207259136,-1.3976360268300974,-0.1842569676011443
3304,0,1,2,0,0,2,0,0,0,1,1,0,0,1,1,0,1,1,0,1,-1.4176564077646694,-0.5612489078393377,-0.2657454082473589
3305,1,1,1,0,0,0,0,0,0,0,0,1,0,0,0,2,1,1,1,2,-0.4838425495784453,-0.17002199364675785,-3.0066873443293627
3306,0,1,1,0,0,2,0,0,0,0,0,1,0,0,0,0,1,1,1,1,-1.5527844127250574,0.621533718005104,-0.8129543997192052
3307,1,0,1,1,0,2,0,0,1,0,1,0,1,0,1,1,2,2,1,2,-1.2542621185465785,1.4100930977436845,-0.4330246575260478
3308,1,1,1,0,1,1,0,1,1,1,2,0,1,0,1,0,2,0,0,1,-0.9236087958724097,-0.06874298612204605,-0.32404289582766954
3309,1,0,0,0,1,0,0,2,1,0,0,0,0,0,0,1,1,1,0,1,-0.9403469759029995,1.593690008152423,-0.17106752020427077
3310,1,0,0,0,1,0,0,0,1,0,0,0,0,1,0,1,2,0,2,1,-0.6717520706363895,-0.7667718777672605,0.8951228934310262
3311,1,0,1,0,0,0,0,0,0,0,1,0,0,1,0,1,0,1,1,2,-1.250269424524298,-1.248187857377331,-2.082092541887305
3312,0,1,0,0,0,1,0,0,0,1,1,0,2,0,0,1,1,1,1,1,-1.0363790524091665,-2.327295851224943,-1.2482546454228607
3313,1,1,0,1,0,1,0,0,0,0,0,0,1,0,1,1,1,0,1,2,-0.6772054676644069,0.11949329824659938,1.1339496786373542
3314,0,0,0,1,0,0,1,1,0,0,0,1,0,1,0,1,0,1,0,1,-2.151132840196581,0.9482194198690335,0.8818092687146367
3315,0,1,0,0,1,1,0,1,1,0,0,2,0,1,1,0,1,0,1,1,0.18165341035691152,1.828298036781451,0.5111909731928231
3316,0,0,2,0,0,1,1,2,1,1,0,0,0,0,0,0,1,0,1,0,-0.9549395792435126,1.3971392342112139,0.9926700491540905
3317,0,1,0,0,1,0,0,1,0,1,0,1,1,1,0,0,2,0,0,0,0.3336590851737542,0.815682937598931,0.9375939632638011
3318,0,1,2,0,0,0,1,1,1,1,1,0,0,0,0,1,0,0,1,2,-0.19751336982231837,-0.21979005954357544,-1.176942661541927
3319,0,0,1,0,1,1,1,1,0,1,1,0,0,0,1,1,1,0,0,1,-1.5221877535857082,-1.9678958926433014,-2.560020754621873
3320,2,1,1,0,0,0,0,0,1,0,0,0,0,0,0,0,1,1,2,0,-0.24745771000184205,-1.3287357393458243,0.13377792005200806
3321,1,2,0,0,0,0,0,1,0,0,0,0,0,0,1,1,1,1,2,1,1.208785686923559,-0.010799540685056619,0.30189558620696155
3322,0,1,0,1,1,1,0,1,1,0,0,1,0,0,1,2,2,1,1,0,-0.4246185665913982,-0.5222696356301522,-0.7332845951942923
3323,1,2,2,0,1,1,1,0,2,0,0,1,0,0,1,1,0,2,1,1,-1.6584911131410915,1.232265945840078,0.25080329052228223
3324,0,0,0,0,0,0,0,1,0,0,0,0,0,0,0,1,1,0,0,1,-0.3733424951717278,1.273664082347703,1.0515885234386433
3325,1,1,0,0,0,0,0,1,1,1,1,1,1,0,1,1,1,1,2,1,0.0640499236527425,-0.3251086537109027,-1.7804381577112869
3326,2,0,0,0,1,1,0,1,1,0,0,1,0,1,1,0,0,1,1,0,-0.5352447883868238,1.1066763925759906,-0.5545546816898339
3327,0,2,1,1,0,1,0,0,0,0,0,1,1,0,1,1,1,0,0,0,0.32480324316335896,0.973568706718119,-1.3107450936027567
3328,1,1,1,1,1,0,0,1,1,0,0,1,0,0,0,2,1,2,1,1,-0.7091539655045548,0.7932940397209766,-0.21728493660058332
3329,0,1,1,0,1,0,0,1,0,0,0,1,0,0,1,1,2,2,0,2,-0.5708316343507603,1.54703864081971,0.8186537106212461
3330,1,0,2,0,0,2,0,1,1,1,0,0,0,1,0,0,2,0,0,2,-0.2713100766106571,-0.7667663768384059,-0.394589800183319
3331,0,0,1,0,0,1,0,0,0,1,0,0,0,0,1,0,1,0,0,0,1.7209396375351071,1.007913601963661,-0.15673943984474015
3332,0,1,0,0,0,1,0,1,1,1,0,0,0,1,0,0,0,0,1,1,-0.32219005472218804,-0.6868795575285741,0.30748651653983683
3333,0,1,1,0,1,1,1,1,1,0,0,0,0,0,2,0,0,0,2,1,1.0636066392834234,0.5270571034140368,1.4026340960720445
3334,1,1,2,0,1,2,0,1,1,0,0,0,0,0,1,0,2,1,0,1,-1.183970598350412,-0.554042518281658,-1.3602908309592796
3335,0,1,1,0,0,2,1,1,2,1,0,0,0,0,0,0,0,0,0,0,0.877887585634802,1.2112559410414754,1.979689208378911
3336,1,1,2,0,0,1,0,0,0,0,1,1,0,1,2,1,2,1,1,2,-0.10270083987466706,-0.04178435315326595,0.14057070221851256
3337,1,0,0,1,0,1,0,1,0,0,1,1,0,1,0,1,1,0,1,1,0.43832883020570956,1.3704495440760316,2.3747581844362378
3338,1,0,0,2,0,1,0,1,1,1,0,0,1,0,0,1,2,1,0,1,-0.487340001644406,-0.33460335295468535,1.2829516107302597
3339,1,1,2,0,0,1,0,1,0,1,0,1,1,0,1,2,2,0,2,2,-0.5071711820024257,1.2409668469134933,-0.38576991744251043
3340,0,2,0,0,0,1,0,1,1,1,1,0,0,0,1,0,2,2,0,1,-0.8671586182223101,-0.3061089293567385,-0.674245438559819
3341,1,2,1,0,0,1,0,1,0,1,0,2,0,0,0,0,2,2,0,1,0.18502736274274445,-0.5986764602886697,1.3160232309005846
3342,1,0,1,0,0,0,0,1,1,0,0,0,0,0,0,1,1,0,1,1,-0.20833313541617368,-1.0961361329547636,1.3036612922557402
3343,2,1,1,0,0,1,0,0,1,0,0,0,2,1,0,0,0,1,1,0,0.9754759550314088,-1.1330194548322114,2.139867962546168
3344,0,1,0,0,0,2,0,1,1,0,0,0,0,0,0,1,0,1,2,2,-1.2067025209571034,0.1984121903206602,-1.703638874813746
3345,1,2,0,0,1,1,0,0,1,0,0,0,0,0,0,0,0,1,0,1,1.179533734174214,-1.306437149732346,0.45614831487309704
3346,0,2,1,0,0,0,0,0,2,1,0,0,0,0,1,1,1,2,1,0,0.7408207726465961,-0.8472178418225387,-1.1631645772322987
3347,2,1,2,0,0,1,0,1,1,0,1,1,0,0,0,1,0,1,0,2,-0.5188198779182742,1.3227721531250693,-0.7307820900286643
3348,1,1,1,1,0,1,1,1,2,1,1,0,1,0,0,0,0,0,0,1,-1.136588001113269,0.5616028359540342,-0.22120721124727055
3349,0,1,2,0,1,2,0,1,1,0,1,1,0,0,0,2,1,2,1,1,-0.556362792300914,-1.0063973139150624,-0.6242769854839649
3350,1,1,1,1,1,2,0,1,0,0,0,0,0,0,0,1,1,1,1,1,0.6572080000769697,-0.7077209061211215,1.8559306447028256
3351,0,0,0,0,0,1,0,0,2,1,0,1,1,0,1,1,1,1,2,1,1.147049680484917,-1.5632114281718659,0.04523705573100642
3352,0,1,0,0,0,2,0,1,0,0,0,0,0,0,0,1,1,1,1,2,-0.4396878306875695,0.3775553657260515,-1.1416754884132347
3353,0,2,1,2,0,0,0,0,1,0,0,1,0,1,1,2,2,1,0,1,-0.7272901807604125,-0.169633487373782,0.23523188929202543
3354,2,1,1,1,0,1,0,0,0,1,0,0,0,1,0,1,2,1,1,1,0.7121602282397577,1.1255638153024154,1.1979841482002305
3355,0,2,0,0,0,0,0,2,0,0,0,0,0,0,0,1,1,2,0,1,1.4990154757389371,-0.15246237641263943,-0.05409789963427969
3356,0,0,0,0,0,2,0,1,1,0,0,2,0,1,1,0,1,0,0,0,0.24382498425105423,0.49220999719870207,-0.4629317555704976
3357,0,1,0,1,1,1,0,1,0,1,1,0,0,0,0,0,1,2,1,1,0.6826218891391244,2.2673859021172196,-0.43911055378631747
3358,1,2,1,0,1,0,0,1,0,1,0,0,0,1,0,2,1,1,1,1,-0.26760950638329833,0.9997043962108081,-0.29859916425299615
3359,1,0,0,0,0,1,0,0,0,0,1,0,1,0,1,2,1,1,0,1,0.16594947103645016,1.0081924969944105,-0.17631246396636957
3360,2,1,0,1,0,0,0,1,0,1,0,0,0,0,0,1,1,2,1,0,0.21112092081025544,0.2413554711310372,0.2944744485295381
3361,0,0,1,0,2,0,1,1,1,0,0,0,0,1,2,0,0,2,0,0,-1.472436554219662,-0.8143609900451854,1.060448204517776
3362,1,1,2,0,0,2,0,0,0,0,0,0,0,0,1,0,2,1,1,1,0.5046104205442606,0.5731581147595817,-1.5407742810481522
3363,0,2,2,1,0,0,0,0,0,0,1,0,0,0,1,1,2,0,1,1,-1.8809222597085493,0.8539023419071552,-0.5319113830045272
3364,1,2,1,0,0,0,1,0,2,0,1,0,0,1,0,0,1,2,0,1,0.4271517877620436,-0.7746319658600048,-0.5208177611253729
3365,0,1,1,1,2,1,0,2,1,1,0,0,0,1,1,0,1,2,0,2,1.2463140192518516,-1.4701993186202889,1.7399012797988416
3366,0,2,1,1,0,0,0,1,1,0,1,0,0,1,1,1,1,0,0,1,-0.18520431693734818,-0.1702989744809418,-2.561776405704105
3367,0,1,1,0,0,1,0,1,1,1,0,2,0,0,1,0,2,1,0,2,0.21711007430186016,-0.6181002637669828,1.2064555598799804
3368,1,1,2,0,0,1,0,1,0,0,0,0,0,0,1,0,2,2,0,2,-0.9089020328244725,0.08357912953678731,-1.4879218890136439
3369,1,1,1,0,1,0,0,1,1,0,2,0,0,0,0,1,1,1,1,1,0.5752153235067259,1.018530547340173,0.23088406992031935
3370,2,1,0,1,0,0,0,0,1,1,1,0,0,0,1,1,0,1,2,1,-0.007402488905322335,-1.1169488802868583,-0.7972074797522607
3371,1,1,0,1,0,0,0,2,1,0,0,0,0,0,0,1,1,0,1,1,-1.6308387145236631,0.12103946338793792,-0.4235694907373392
3372,1,1,0,0,1,0,0,2,0,0,2,1,0,1,0,0,2,0,0,0,-0.423056387113018,1.2708650299681943,0.5385142069299358
3373,2,1,2,1,1,2,0,1,0,0,1,0,0,0,1,0,1,1,2,1,-1.4107044576520256,-1.0821342921434904,-0.9780300800548796
3374,0,0,1,1,2,1,0,0,0,0,0,1,0,0,0,0,1,2,1,1,-1.1220807481973922,0.7691024748958132,-0.45685723861048555
3375,2,1,1,0,0,2,0,0,1,1,0,1,0,1,1,2,1,0,0,1,-0.6303176110824736,-0.2363167258638339,0.478935639143206
3376,0,1,0,0,1,1,0,0,2,0,0,1,0,0,1,0,1,1,0,0,0.6819841678587845,-1.0568895952568926,0.16033216274643847
3377,1,1,0,0,0,1,0,0,1,1,1,1,0,1,1,1,0,0,1,1,-1.0144746656160806,-1.0024951905507073,0.336321405586564
3378,1,1,0,0,0,1,0,0,1,0,0,1,0,1,0,1,0,1,1,1,0.556733804816436,2.0900982680797857,2.044581641905509
3379,0,1,0,1,0,1,0,1,1,0,1,1,1,0,0,1,1,1,1,1,0.14948199401260157,0.48979851653276507,1.6401462457858709
3380,0,1,0,1,1,0,0,1,1,0,0,1,0,1,0,0,0,0,1,1,1.0659625678173776,0.6204755853327262,1.5719211292795054
3381,0,2,1,0,0,1,0,0,1,1,1,0,0,1,1,1,1,1,1,0,-0.04347179104435337,0.2955575271323314,0.7641127265604444
3382,1,1,1,0,0,0,0,0,1,0,0,0,0,1,0,1,0,2,1,1,1.0587941367344067,2.3374232020178387,2.9921592048496106
3383,1,2,1,0,1,2,0,1,0,0,0,1,0,0,2,0,2,1,2,2,-2.019552434500364,-0.7892627046952714,0.5119292014069075
3384,0,1,1,0,0,1,0,1,1,0,1,0,0,1,0,0,2,0,0,2,0.2548429412784453,0.12244111722845843,-0.2836239083493286
3385,0,0,2,0,0,1,0,0,1,0,2,0,0,0,1,0,1,2,1,1,-0.039674904476937695,-1.3064960277763311,0.8359623082248104
3386,2,1,1,1,1,0,0,1,1,0,0,1,1,2,1,1,1,1,1,2,-1.0216935801039781,0.08757729422194638,0.9258063466032801
3387,0,1,0,0,0,0,1,1,1,0,0,0,0,1,0,0,2,0,0,0,-0.08608675702950541,-0.0574245572211331,1.2107310397188213
3388,1,0,1,0,0,1,0,1,1,1,0,0,1,0,0,0,0,1,1,1,-0.5027302609197895,-0.3071567517116263,-0.10694246147677647
3389,1,2,2,0,0,1,0,0,0,1,0,1,0,0,0,0,1,1,2,1,0.9675535281387628,-1.1796313344265288,-1.4423805019949008
3390,1,1,1,0,0,0,0,0,1,1,0,0,0,0,1,1,1,1,0,2,0.603230630439775,-1.4028301577914801,-0.016768458175031253
3391,0,0,2,0,0,0,0,2,1,1,0,0,0,1,0,0,2,1,2,1,-0.7274681971011088,0.29298480959177964,0.3761860571848363
3392,1,1,0,1,0,1,0,1,1,0,1,0,0,1,1,0,1,0,0,0,0.3823533261524375,-0.7964070915135536,-0.6944368667825772
3393,1,0,0,0,1,1,0,0,1,1,1,0,0,1,0,0,1,0,0,1,1.9333617358486925,-0.08870283165665827,1.1393731991715326
3394,1,0,2,0,2,1,0,1,1,1,0,0,0,0,0,1,1,2,0,0,1.7994427376852153,-0.0014281552631140032,0.04293274275636616
3395,1,1,1,0,0,0,0,1,0,1,0,1,0,0,1,1,0,1,1,0,-0.526406984008072,0.2537219445079423,1.8801980142108612
3396,0,1,1,0,1,2,0,1,1,0,0,0,0,0,1,1,2,1,1,1,-0.5686465446470376,-0.017772042321257342,1.4158799640934365
3397,0,0,0,0,1,0,0,2,2,1,0,0,0,1,0,2,0,2,0,0,1.0235453634605896,-0.36787977760065754,0.9747362026048292
3398,0,1,0,0,0,2,0,1,0,0,0,1,0,0,0,0,1,2,2,0,0.7655418041161515,0.8918390806731696,-0.7036593005214875
3399,1,0,0,1,1,0,0,0,2,0,0,1,1,0,0,1,0,1,1,0,-0.18772840678049074,0.9132514511006227,-1.134837413412876
3400,0,2,2,0,0,2,0,1,1,0,0,0,0,0,1,2,1,0,0,1,-0.26740603821287073,0.07873127546280237,0.4366477617755926
3401,2,1,1,0,0,1,0,1,0,1,1,0,1,0,1,1,1,2,1,0,-0.03807834675172742,-0.5217696443475076,0.9123896714578491
3402,1,0,2,0,0,0,0,0,0,0,0,0,2,0,0,1,1,0,2,1,1.6054141750096431,0.44792243875696564,2.163261289697255
3403,0,1,1,0,0,1,0,1,0,0,0,1,0,1,1,0,0,1,0,0,0.42196819661629315,1.036896720869064,0.21830870003967245
3404,0,1,1,0,0,0,0,1,1,1,0,0,1,1,0,1,1,1,0,0,-0.11984517864048254,0.8096203174184511,0.2964266582252933
3405,1,1,0,1,0,0,0,0,0,1,1,0,1,0,1,1,0,1,1,2,-0.3558617409150191,1.529312952277513,-1.091286099057182
3406,0,0,1,1,1,2,0,1,0,0,1,1,0,0,2,1,2,1,1,2,1.7149611000321863,-0.7813639801743074,3.032333763291267
3407,0,1,0,0,0,2,0,1,0,0,1,0,1,1,0,1,1,1,0,1,-0.44741007609813715,-0.9847456131168313,-1.495161317223186
3408,2,1,1,1,2,0,0,0,2,0,2,0,0,0,1,1,2,1,1,2,-2.303559255135142,-0.23533524130236572,-0.48209254277858904
3409,1,0,1,1,0,1,0,1,0,0,1,0,1,0,2,1,1,0,0,2,-1.228185056212469,-0.15805790116831744,-1.149307674443441
3410,1,2,1,1,0,0,0,1,1,1,0,0,2,1,0,1,0,2,0,2,-0.7385638950790429,0.6161632895569139,0.04268651027317055
3411,1,0,0,0,0,1,1,0,0,1,0,1,0,1,0,1,2,1,0,1,-1.1134012879701758,-1.175911182024461,-1.4681920596643174
3412,2,2,1,0,0,2,0,2,0,0,1,2,1,2,0,0,1,1,0,2,0.6270869853445356,1.6605168347915775,1.6208707280957175
3413,1,1,0,0,0,0,0,1,1,1,0,0,0,1,1,0,1,1,1,0,-1.0758808402327702,0.36399560546290644,0.2674478056310424
3414,1,1,1,0,0,0,0,1,1,2,1,0,0,0,0,1,1,0,0,2,-0.056293702391934076,-0.6917904170476663,0.22907444684201253
3415,1,2,2,0,0,1,0,2,1,0,1,0,0,0,1,0,0,0,1,1,-1.1095333798141773,-0.8944884732758993,-1.2804570765326257
3416,1,0,0,0,0,1,0,0,2,2,0,0,0,0,1,0,1,0,1,2,-1.525271708162663,-0.24146692275778803,-0.35927449919710225
3417,1,0,0,0,0,1,0,1,1,1,0,1,0,0,1,0,1,1,0,2,0.4068198584605911,0.27010017420854265,2.031803241420749
3418,0,2,1,0,1,0,0,2,1,1,0,1,1,0,1,0,1,0,1,0,0.23047942201909372,0.5770132992235715,-0.6037918459353234
3419,1,0,1,0,0,2,0,0,0,1,1,1,1,2,1,1,1,1,0,1,-0.6072326070145676,-0.5412306378616369,-2.4477262609206183
3420,1,0,0,0,0,0,0,0,1,0,0,1,0,0,0,2,1,1,1,1,-0.5780686013718392,-3.1269991484794377,-1.1120462581565251
3421,0,1,0,1,0,1,0,1,1,2,1,1,0,0,1,0,1,1,1,1,0.8731119952763635,-1.492800393084369,-1.317790876714164
3422,1,1,0,1,0,0,0,0,1,1,0,0,0,0,0,0,1,1,1,0,-0.492131350191334,-0.8432044495627727,-0.18621548295997797
3423,1,1,0,0,0,2,0,1,0,1,0,1,0,0,0,0,2,0,1,0,-0.5057449942727869,-0.026386627611727928,-0.9967239892662291
3424,0,0,0,0,0,0,0,0,1,0,0,0,0,1,0,1,2,0,0,0,-1.0600176093848064,0.19632345696216374,1.0383191129998324
3425,0,1,1,0,0,0,0,0,1,0,1,0,1,0,1,1,0,0,0,1,-0.646319170396063,-0.5641276480156623,-0.48072356935298144
3426,1,0,0,0,0,1,0,0,0,0,1,0,0,1,0,0,1,1,0,0,1.4577992473864219,-0.8332909949272819,0.4031380086686236
3427,0,1,1,1,0,0,1,1,1,0,0,0,0,0,0,0,0,1,1,0,0.7554071545267648,1.5578525733982347,0.07553331119482642
3428,1,2,0,0,0,2,0,1,1,0,1,1,0,1,0,1,2,1,1,0,0.8500630911756047,2.0390795337868086,-0.5066001403078546
3429,0,0,1,1,0,1,0,1,0,1,2,1,1,1,0,0,1,1,1,0,0.0590298096494026,2.343305759916881,-0.506641192551137
3430,0,1,1,0,0,1,0,0,1,1,1,0,0,0,1,0,0,1,0,1,-0.6070586993522954,-2.2250947742978897,-1.7186020037636722
3431,1,1,0,0,0,0,2,2,1,0,0,0,0,1,1,0,1,1,0,0,-0.6704698883996146,1.1681595260359543,0.3925865336169059
3432,0,1,1,1,1,0,1,0,1,1,0,0,0,0,1,0,2,1,0,2,3.1810884363552017,-0.8113129155012673,0.826234351087866
3433,0,0,1,1,1,1,0,2,0,1,0,0,0,1,0,1,1,0,1,2,0.4627775165282442,1.2566675555645008,1.7198234583569607
3434,1,1,0,0,0,2,0,1,1,1,2,0,1,1,1,1,0,2,1,2,-0.41227125386863406,-0.5117014484667773,-0.7163618658518925
3435,0,1,1,0,0,2,0,0,0,0,1,0,0,0,0,1,0,0,0,1,-0.6242314578102042,-0.8165592984464989,-0.30286667977514936
3436,0,1,1,0,1,1,0,1,1,0,0,0,0,0,1,0,0,1,1,1,0.8453484582739722,-0.13950692166884146,1.0912995313793274
3437,1,2,0,1,0,2,0,1,0,1,0,0,0,0,1,0,2,2,1,0,-0.8991050202159631,-0.965081047416412,-1.1448325569101325
3438,1,1,0,0,0,0,0,1,1,1,0,0,0,1,1,0,1,0,0,1,-0.9152721228188686,0.2473812414591921,-1.067717442351021
3439,1,1,1,1,0,1,0,1,1,0,0,1,0,0,1,1,1,1,0,2,1.7648158828727152,1.2958504304764373,0.5043446696408782
3440,1,1,1,1,0,1,0,1,2,0,1,0,1,0,1,1,0,1,0,1,-1.0057174825538673,1.73622328246454,-0.590026154776701
3441,0,1,1,0,1,0,0,2,2,1,1,0,0,1,1,0,1,1,1,0,-1.3876945960580387,-0.7635302980293313,-0.8774246448336912
3442,1,2,1,0,1,2,0,1,1,0,0,1,0,0,0,2,1,1,1,1,-0.20093202684483522,-0.866189854850735,0.5529979669432727
3443,1,0,0,0,0,1,0,2,1,2,0,2,0,0,0,0,0,0,1,1,0.04062210767782611,0.2774319222744444,1.1166325221659112
3444,1,2,0,0,0,1,0,1,0,1,0,1,0,1,1,0,1,1,1,1,0.3768486449362471,-0.047679490504195454,0.12637114195841642
3445,1,1,1,0,1,1,0,0,2,1,0,0,1,2,1,1,1,1,0,2,1.4341033090005706,-0.5302581185276133,-0.8656321109286531
3446,1,0,1,0,0,1,0,0,0,0,1,0,0,1,0,1,0,1,0,1,0.8419503383441994,0.36927565070012935,-0.62993172705311
3447,1,1,0,0,0,1,0,0,1,0,0,0,0,0,0,0,1,1,1,2,1.1554149738040482,-1.7914437324209465,-1.7241902098327286
3448,1,0,1,1,0,1,0,1,2,0,1,0,0,0,0,1,0,1,1,2,0.826169100717596,-0.4957170182117741,0.842401887279874
3449,1,0,0,0,0,1,0,2,0,1,0,2,0,1,0,1,1,0,1,1,1.1239998796767117,1.741762782738037,0.17456046250669088
3450,0,1,1,0,1,1,0,1,1,0,0,0,1,1,0,1,1,1,0,1,0.8197393838710936,0.3959713259770128,0.8196462075518923
3451,1,2,1,0,1,1,0,2,2,0,0,0,1,0,0,1,2,0,0,0,-1.5129347024396906,-0.7962014263310861,-0.80235940187484
3452,0,1,0,1,1,2,0,0,1,1,1,0,0,0,1,0,0,0,2,2,-1.3382255873488578,-1.0727651462005103,-1.636197612755406
3453,0,2,1,0,1,0,1,1,1,2,1,1,0,2,1,0,1,1,2,1,-0.10576048652750486,0.6755240051702266,-1.2473250812017844
3454,0,0,0,0,0,1,1,2,2,0,0,0,0,1,0,1,0,0,1,1,0.9137268196511927,0.8039847540730503,0.5599247923089521
3455,1,2,1,1,0,2,0,1,1,2,0,1,0,0,1,0,1,0,0,1,0.5963927092427699,-0.5857150053784541,0.5934520077267124
3456,1,1,0,1,0,1,0,0,1,0,1,1,0,0,1,0,2,2,1,0,-0.04446119002942468,-0.7843372039628509,0.3088583173495235
3457,1,1,0,1,1,0,0,0,1,0,0,0,1,0,1,1,2,0,2,1,0.7782925193334976,1.9164825980545188,0.3491841202132908
3458,0,0,2,0,1,1,0,1,1,1,0,1,0,1,0,1,1,2,0,1,0.308452503199111,1.1954676136465308,-0.47614263508828314
3459,1,1,1,0,2,2,0,0,1,0,0,0,0,1,1,0,2,0,1,1,1.3243253276770177,0.01840370233894962,1.4151537747253724
3460,0,1,0,1,0,0,0,1,1,1,0,1,1,0,1,0,1,0,1,2,2.039085051378139,-1.0044530431994048,0.5158795208774622
3461,1,1,0,0,0,1,0,1,1,2,0,0,0,0,1,0,1,1,1,1,-0.027849691499636075,0.6377658029362877,1.0683211569143753
3462,0,1,1,0,0,2,0,0,0,0,1,0,0,1,1,0,0,0,0,1,-0.03678037050686485,-0.6420920792305287,-0.35179068342593056
3463,1,2,0,0,0,1,0,1,0,0,0,0,0,0,1,1,1,1,1,0,0.29669647521954085,-0.5825874619435314,0.4472481374965392
3464,0,2,0,0,1,2,0,1,2,0,1,0,0,2,0,0,1,2,2,2,-0.2751417617731219,0.18874699779514664,0.05737046356815404
3465,1,1,2,0,0,0,0,0,0,0,1,0,1,0,0,2,1,0,0,2,0.5826352427882456,1.3599341047115976,0.03365616662685067
3466,1,0,1,0,0,0,1,1,0,0,1,1,1,0,0,0,1,0,0,2,1.005335663747591,0.9213961880389137,0.04387622810807734
3467,0,1,1,1,2,1,0,1,1,1,1,0,0,1,1,0,0,2,1,1,1.2765052798765704,-0.9326004056940554,0.6594846309029674
3468,1,1,1,0,0,1,0,1,1,1,0,0,0,1,1,1,1,0,0,2,0.6559602322854314,1.0144613800859172,-0.17777972536682474
3469,1,0,1,0,0,2,0,1,1,0,0,1,1,0,0,0,2,2,0,0,1.6989480518471392,0.008781440009067887,-0.24197571136920415
3470,1,1,0,0,0,2,0,0,1,1,0,1,0,0,1,0,1,1,1,1,0.17980006907788246,2.091378061494145,-0.8316012984334825
3471,1,2,0,0,1,0,0,0,1,1,0,2,1,0,0,1,0,1,2,1,0.5622113748458702,0.8631871716819196,-0.23560827836473675
3472,0,1,2,0,1,0,0,0,0,1,0,0,1,0,1,1,2,1,0,2,-1.9774469038945708,-0.6691516985991652,1.2251580331367704
3473,1,0,2,0,0,1,0,1,1,1,1,0,0,0,1,1,1,1,1,0,-0.688710950914267,-1.341291931236809,-1.0150722432402384
3474,1,1,0,0,0,1,0,1,0,0,0,0,0,0,1,2,2,0,1,0,-0.814807635593283,-0.124838116421331,-1.2807975618997143
3475,2,2,0,0,0,1,1,1,1,1,2,0,0,0,0,1,1,0,2,2,2.2359867915183513,0.5995800169825223,0.7706549937838718
3476,0,1,1,0,1,1,0,0,1,0,1,0,0,0,0,1,0,1,1,2,0.7259737150492607,0.7086237636094824,0.3801049506782986
3477,1,1,0,1,0,1,1,1,2,0,1,1,0,1,1,2,1,0,1,1,1.1998139143467672,0.38664436330575425,0.44190990234266736
3478,0,1,2,1,1,1,1,2,1,1,0,0,0,0,1,1,1,2,0,0,0.5851797231187387,-0.7167295279201082,0.14671376081639992
3479,0,1,2,1,0,1,0,2,0,0,0,0,0,1,1,1,0,0,1,1,-0.18680818998375742,1.1093511886344012,-1.5925692228347006
3480,0,1,1,1,0,0,0,2,0,0,0,0,0,0,0,1,0,0,1,1,0.18165619607424868,0.35037609844442735,-0.10931341644061071
3481,1,0,0,0,0,2,0,1,2,1,0,0,1,1,2,0,1,1,0,1,1.2968781542474401,2.4405780505667543,2.6360116744575777
3482,0,1,0,0,0,1,0,1,1,1,0,1,0,0,0,0,1,0,1,1,-0.5404876333474709,0.6411603301858297,2.001859767450182
3483,0,0,1,0,1,2,0,1,1,0,0,0,1,0,1,1,1,0,2,1,-0.3053923494429694,1.2758186024700537,-0.28486326715053056
3484,0,1,2,0,0,1,0,1,1,0,0,1,0,2,0,1,1,2,0,1,-0.5588677858798842,1.3018145692520007,-0.719112155315202
3485,0,0,1,0,0,0,0,0,1,0,1,0,1,0,0,0,1,0,0,1,-1.1926769679649958,-0.4139881941521414,-2.2956082474631807
3486,1,1,1,1,1,1,0,2,1,0,1,0,0,0,0,1,0,1,1,2,1.137579848119297,1.3240034701380772,-1.3725761277506558
3487,1,2,1,0,0,1,0,1,1,0,0,1,0,0,0,0,1,1,1,2,1.1868412208575088,0.6515587659986419,0.9982717475530084
3488,0,1,0,0,1,0,0,1,1,1,0,1,0,0,0,1,1,1,0,0,0.766788756947914,1.7456671135731137,0.34103908798074856
3489,1,2,2,0,1,0,0,0,0,0,0,0,0,2,1,0,0,1,1,2,-1.3671806154453061,0.15182786955384267,-1.504773020470712
3490,0,1,0,1,0,1,0,0,0,1,0,1,0,0,1,0,1,0,1,1,0.20522114470457925,0.42891091031373185,1.5013789982181045
3491,1,2,0,0,0,0,0,1,1,0,0,1,0,1,1,0,1,2,0,1,1.5460241001233077,1.3003090367503314,1.268027657921277
3492,0,2,1,1,0,1,0,2,0,0,0,0,0,0,1,1,2,2,0,1,-0.7587899388279932,-0.18445885213545243,-0.26448583051361363
3493,0,1,1,1,0,1,0,1,2,0,1,0,0,0,0,1,0,1,0,2,0.7846040525896956,0.8734625983163244,0.5167167650363592
3494,1,1,0,0,0,0,0,2,1,0,0,1,0,0,0,1,2,0,0,1,-0.8804178283919314,0.5166234643327984,-0.1040795661399488
3495,0,0,1,0,1,1,0,2,1,1,2,1,0,0,1,0,1,0,1,0,0.6016565053260435,1.3732745579574617,0.22111088717401695
3496,0,2,0,1,0,1,0,0,1,0,0,0,0,0,1,2,1,1,0,0,-0.5738579470867448,-0.7786432981154416,-0.43808102591266385
3497,0,1,0,0,1,1,1,0,1,1,1,0,0,1,0,1,1,1,0,1,1.3255383175814306,0.4968361916442996,-0.9461104305639753
3498,1,1,0,1,1,1,0,1,2,0,0,0,0,0,1,1,1,1,1,0,0.5193087857190006,-0.40748508112916393,1.2069608837964723
3499,0,2,2,1,0,1,0,0,2,0,0,0,0,1,0,0,1,0,0,2,-0.0945730273302347,0.05319452403376978,0.027659715648263167
3500,1,1,1,0,0,1,1,1,1,0,0,0,0,0,1,1,2,1,1,1,-1.422281141865084,-0.6506363829322601,0.9714927733053301
3501,0,1,2,0,0,0,1,1,0,0,0,1,1,0,1,0,1,2,1,1,-0.699719093351336,1.069492706741677,-1.3980244568650262
3502,1,2,2,0,0,1,1,1,0,0,1,0,0,1,0,0,1,1,2,1,1.4070408393597493,-1.1739701986196591,0.010072918164476558
3503,2,0,1,1,1,1,0,1,0,0,0,1,0,1,0,0,1,1,0,1,-1.3277048202622432,0.7644058944367381,0.06115060731060651
3504,0,0,0,0,0,1,0,0,0,1,1,1,1,0,0,0,2,1,0,0,1.08472232184514,-1.0425115733478147,1.153632484125571
3505,1,1,1,0,0,0,0,1,1,2,1,0,0,0,1,1,1,0,0,0,0.38099941144593397,0.4803441529603009,-0.8680877583464166
3506,0,1,1,0,0,0,0,1,0,1,0,0,0,0,2,1,2,1,2,0,-0.6132441253448211,0.13585013536788804,1.8308605482367581
3507,1,2,2,0,0,0,0,1,1,1,0,0,0,0,0,0,0,1,2,1,0.14798063724694205,0.6062479249778544,0.7559252741111852
3508,0,2,1,0,0,2,0,2,1,0,0,2,0,1,1,0,0,0,1,2,-2.8203799411576598,0.15241972184805577,-2.9604456257578255
3509,1,1,1,0,0,0,1,1,1,0,0,0,0,1,0,0,0,1,0,1,0.09163200412991396,-0.8175302773104176,-0.20152261020358095
3510,2,2,0,0,0,1,0,1,2,1,0,1,1,1,0,0,0,1,0,1,0.8279575322795228,1.7128793236882651,2.4430886966985206
3511,0,1,2,0,0,0,0,0,0,1,0,0,0,0,1,2,1,1,1,1,0.5340963701831033,2.0746977373019426,1.365407621864539
3512,0,1,1,1,0,0,0,1,1,0,1,0,0,0,1,2,1,1,1,1,-0.20719134406922318,0.3285283311258816,-0.4646385296144836
3513,0,0,0,0,0,2,0,0,0,1,0,1,1,0,0,0,1,2,0,1,0.4800853379702939,0.37724684394409136,1.61802009017879
3514,0,0,0,0,0,1,0,0,2,0,0,0,0,0,1,1,2,1,1,1,-0.7149519227087264,-1.2920449167913757,-1.1300603994110434
3515,0,2,2,1,0,0,0,1,1,0,0,0,0,0,1,0,1,0,0,0,1.0765493241713917,-0.5586738062077828,2.51606602351412
3516,1,0,1,0,0,1,1,1,0,0,1,1,0,0,0,0,0,1,1,0,-0.8785285196856639,-0.5398180930887899,1.3459682261178187
3517,0,2,1,1,0,1,0,2,1,0,0,0,0,0,0,0,1,1,0,2,0.6762644279372585,-2.150945811446654,0.8593272824573055
3518,1,1,1,0,0,1,0,1,0,0,0,0,0,0,0,0,0,0,2,1,0.9144343276697102,0.5620094354751282,1.1695258103548327
3519,1,1,1,0,0,1,0,0,0,1,0,0,1,1,1,0,2,0,0,1,-0.9959237101746661,-0.8154779606938509,-0.6197384476329169
3520,0,1,0,0,1,1,0,0,0,0,0,0,1,0,0,0,1,1,1,1,-0.38898937787660787,1.6907096017269752,0.39441301382506994
3521,0,2,0,1,0,0,0,1,0,1,0,0,1,1,1,0,1,1,2,0,-0.0463921571950801,-1.1680294181602822,0.19395235117244314
3522,1,1,0,0,0,2,0,1,1,1,0,0,1,1,0,0,0,1,1,2,1.0941532418498459,1.091968244399257,0.7597297364744403
3523,1,2,0,1,0,2,0,0,0,0,0,0,0,0,0,0,1,2,0,2,-1.1096520026964285,0.03416102341750632,0.20081441560311852
3524,0,0,1,1,1,1,0,1,2,1,1,0,0,2,2,0,1,2,0,0,0.29917409267802203,0.9828730848732571,0.7864330098429989
3525,0,0,2,0,0,0,0,2,0,1,1,0,0,0,0,0,1,1,0,1,-0.8738979646920177,-0.5757526225246161,-2.9067578735230137
3526,1,1,0,1,0,1,0,1,0,0,0,0,0,0,1,1,2,2,1,0,1.1497015011364125,-0.2003351011611026,1.3520943721170666
3527,0,1,1,0,1,1,0,0,1,0,0,0,0,0,1,1,0,1,0,0,-0.3063445420869357,0.7262672496159431,0.397450091138837
3528,0,0,0,1,0,1,0,1,0,1,0,0,0,1,0,1,1,1,1,1,-0.4608885449078186,0.9573079867168547,-0.073767376484067
3529,0,2,1,0,1,2,0,1,1,0,0,0,0,0,0,0,1,0,0,2,0.5851386383201054,-0.8798784527943944,1.4590245496233856
3530,1,2,2,0,0,0,1,0,2,1,0,0,0,1,0,0,1,2,0,2,1.290307848094186,0.6213867271152701,0.9385102937443252
3531,1,0,1,0,1,2,0,1,0,1,0,0,0,2,1,1,1,1,0,0,-0.14171632264634618,-0.14499483854013268,-1.0987716456894117
3532,0,1,1,1,0,1,0,0,1,1,0,0,0,1,0,1,2,0,2,1,-2.1749880610137415,0.8439984534794371,-0.7834212608822415
3533,2,1,1,0,0,1,0,1,1,1,0,0,0,0,1,1,1,1,0,0,-1.2886852751483457,-1.6213938793252332,-0.4080143360982579
3534,1,0,1,0,0,0,0,1,1,1,1,0,1,0,0,1,0,0,1,1,-0.47230800436450965,1.4913644731247762,-0.8114753986094339
3535,0,2,1,0,0,0,0,2,1,1,0,0,1,0,0,1,1,1,1,1,0.19619549361814637,0.0823784908746822,0.5104531770181846
3536,1,1,0,1,2,2,1,1,1,0,1,1,0,0,2,1,1,2,0,1,2.2934795123370715,1.4974363158690873,4.02443236088932
3537,1,0,1,0,0,0,0,0,1,1,0,1,0,0,1,2,1,2,1,1,-0.4157423522927823,-0.00824967585614464,-1.5908037232024423
3538,0,1,1,0,1,1,0,0,0,1,0,0,1,1,0,1,0,1,1,0,-0.348104920561973,-0.07724388458600641,-0.08084898759793797
3539,0,0,1,0,1,0,0,1,1,0,0,0,1,0,1,0,2,0,0,1,-2.7229546837828282,-2.1054234014453037,-1.5282612060056053
3540,0,2,2,0,0,0,0,0,2,1,1,0,1,2,0,1,2,0,0,2,1.0448751128866995,0.11513704186927334,1.0731759847044355
3541,2,2,1,0,1,0,0,1,0,1,1,1,1,2,0,1,1,0,1,2,-2.0760501180619775,1.7636943455781042,-0.8355249268273652
3542,0,1,0,0,0,1,0,1,0,0,1,1,0,0,0,1,1,0,0,1,-0.6814981045601405,-0.1622186625278098,-1.890065577377933
3543,0,0,1,0,1,0,0,0,2,1,1,0,0,0,2,2,1,1,1,2,0.9518151880238318,-1.3976347612827247,1.9082711043961509
3544,1,1,2,1,0,0,1,1,1,2,0,0,1,2,0,1,0,1,0,2,0.5453320629577059,0.7782983358880413,0.9291745708090589
3545,1,2,1,1,1,0,0,0,1,0,1,0,0,0,0,2,0,2,1,0,0.5388718734019676,-1.4705624907028803,0.4284303419758394
3546,1,0,0,0,1,0,0,0,1,1,1,1,0,0,0,0,1,0,0,0,0.8525509568197999,0.6893334752410986,0.7429754913581953
3547,1,0,1,1,1,0,0,2,1,0,1,1,0,0,0,0,1,1,0,0,1.070079777624423,1.795751011916105,1.0587696954241443
3548,0,2,1,0,0,1,0,2,0,0,0,0,0,0,0,1,0,1,0,0,-0.45274935261571925,0.9634883550844195,-0.1944007766396548
3549,2,0,0,0,0,0,0,1,1,1,0,1,0,1,0,0,1,2,1,1,0.07792118311679289,-2.1818893894886116,-2.7524768480835027
3550,0,1,1,1,0,1,0,0,1,1,0,0,0,1,0,0,0,1,1,1,-0.3529740930120994,0.002483853001474433,0.7172308737687703
3551,0,2,0,0,0,1,0,0,1,1,0,0,0,2,0,1,1,2,1,1,0.0036321519379095765,-0.6888641771129767,-0.988727441253521
3552,1,1,2,0,1,1,0,0,0,0,2,2,0,1,0,0,1,2,0,1,0.8410930105686258,1.38735814330142,2.1110881104458974
3553,0,1,1,0,0,2,0,0,0,0,0,1,0,1,0,0,2,0,0,1,0.3479111016577453,-0.7686156426968216,1.175323993656393
3554,0,1,1,0,1,1,0,1,1,1,0,0,1,1,0,0,2,1,0,1,0.5943317136088114,0.506275402716071,1.223658712391842
3555,1,2,0,1,0,1,0,0,1,0,0,1,1,0,2,1,2,1,1,1,1.5132561446617472,0.36653186449621805,0.7858996225595485
3556,1,1,1,1,0,2,0,1,1,0,0,0,0,0,0,0,1,1,0,1,1.311699847673511,-0.03128451833219109,1.3630489097248144
3557,1,1,1,0,0,1,1,0,1,1,0,1,1,2,1,1,2,1,1,2,-1.7373515798167667,-0.29477144919054576,0.48633428423701985
3558,1,1,0,2,0,1,1,1,1,1,0,0,1,1,0,1,1,1,2,1,0.5176680426614765,1.4474795414896153,-0.9658743955117874
3559,1,2,1,0,0,1,0,2,1,1,1,1,0,0,0,0,1,1,0,1,-0.7975281460080411,1.0287165246693235,-1.0541841792618123
3560,0,1,1,1,1,2,0,0,2,1,1,0,0,1,0,0,0,1,1,1,-0.6533934450297549,-0.49109257379936117,0.5400375522679414
3561,0,2,0,0,1,0,0,1,0,2,1,1,0,0,1,0,1,1,0,0,-0.31088893564371156,-0.9467022668107518,-1.2833081529105252
3562,0,1,1,0,0,1,0,0,0,0,0,1,0,0,0,0,1,1,1,1,-0.2985471034556795,-1.2959360403571007,-1.1509848303219998
3563,2,2,1,0,1,0,0,0,0,0,1,1,2,0,1,1,1,1,0,0,0.6614024426236195,1.1440470875502737,-0.612795447146395
3564,0,1,0,0,0,1,0,2,1,0,1,1,0,1,0,1,1,1,0,1,0.37919579201895204,0.444262464027516,0.09868518254026376
3565,0,1,0,0,0,1,0,0,2,1,0,1,0,1,1,2,1,0,1,1,1.115635549172909,1.3002706952248855,1.0878303023996252
3566,1,1,2,2,0,1,0,1,0,0,0,1,1,1,1,1,1,1,0,2,0.21489713458700593,-1.1265183993078627,1.1614453241630232
3567,0,1,1,0,1,1,0,1,0,0,0,0,1,1,1,0,1,1,1,1,-0.5871459855184297,0.6695827874465646,0.05229425029632484
3568,0,0,0,0,1,1,0,1,0,0,0,1,0,0,0,2,1,1,1,1,0.4854134094233205,0.9640395826006968,-0.9542074266319006
3569,0,1,1,0,0,0,1,0,0,2,0,0,1,1,0,1,1,0,0,1,-1.5985337151476453,-1.5107857752430858,-1.715150155476627
3570,1,1,0,1,0,1,0,1,0,0,1,0,0,1,1,1,0,1,0,0,0.26546179590361313,-1.6003700215375827,-2.0197869316859993
3571,1,1,1,0,0,2,0,0,0,1,1,1,0,0,0,1,1,1,0,1,0.8491243589157224,-0.019089270870610353,-0.33206137605588637
3572,1,2,2,0,0,1,1,0,1,2,1,1,0,1,0,1,0,0,1,1,0.24614173808103143,-0.0068059593999298396,1.3331956667707048
3573,0,2,0,0,0,0,0,0,2,1,2,0,0,0,1,1,2,1,0,0,-1.4226352734506165,-1.5707101616989763,0.4175174091605196
3574,1,1,1,0,0,0,0,0,1,1,0,0,1,1,1,2,0,0,1,1,0.584957312682453,-0.0733336055547158,0.31767468247848607
3575,1,1,1,0,0,2,1,1,0,0,0,1,0,0,1,1,1,2,1,0,-0.15984423460835562,0.823111311315857,-1.5234025448988715
3576,1,0,0,0,0,0,0,1,0,1,1,0,0,1,1,1,2,2,0,1,0.6081190042137703,-0.5416845220337142,0.4775765329877826
3577,0,1,2,0,0,1,1,1,0,1,0,1,0,2,0,0,1,2,0,0,0.9271444955299616,0.773703265192414,1.0565109836669069
3578,0,0,0,0,0,1,0,1,0,0,0,0,0,0,0,0,1,0,1,1,-0.6561870554234039,0.6131719407158123,-0.009326770372878102
3579,2,0,2,1,0,0,0,1,1,0,0,0,1,1,0,1,1,1,0,1,-0.18764604103484647,0.9163393856195332,0.616063322904971
3580,1,2,1,0,0,2,0,0,0,0,0,0,2,0,0,2,1,2,0,1,1.1275520591064379,0.7882252846628903,1.0531212428612047
3581,1,2,1,0,0,1,1,1,1,0,1,0,0,2,0,1,2,1,0,0,-0.6167161939712484,-1.039031599813708,-1.3191203311314559
3582,0,1,1,0,0,1,0,2,0,1,0,0,0,1,0,1,1,0,1,0,-0.9191921969534441,0.960814922234248,-1.6477357512510817
3583,1,0,2,0,0,2,0,0,2,0,1,0,0,1,0,0,1,2,0,1,-1.6275777789524162,0.16833061405059047,-1.4789077391893763
3584,2,1,1,1,1,1,0,0,1,0,0,0,1,0,0,1,1,1,1,1,-0.2551122753182909,-0.7203719730292635,0.30705949232812535
3585,1,1,0,0,0,2,0,1,0,0,0,2,0,0,0,0,1,1,0,1,-0.7313243321286792,1.8725917501230576,0.39597202397636455
3586,2,2,1,0,1,1,0,1,1,0,1,0,0,0,0,1,2,0,0,2,0.6338356803910006,0.6456998513206497,0.6225985300433861
3587,1,1,1,0,0,1,0,0,1,0,1,1,0,1,1,0,1,0,1,2,-0.09517390196559551,0.12753772654598905,-0.17881187372580232
3588,2,1,1,0,1,0,0,0,1,0,0,0,0,1,0,1,1,0,1,1,1.1418728096273032,1.4955547622146819,0.3946951728943623
3589,0,2,2,0,0,0,0,0,1,0,0,0,0,0,1,2,1,0,2,2,-0.4883326547482917,1.3441940996336412,-0.967133338938547
3590,0,1,2,0,1,0,0,1,0,0,0,1,0,2,0,0,1,1,0,2,1.4442465176942267,-0.1423587408869993,-0.6087439044545916
3591,0,1,2,1,0,2,1,2,1,1,0,0,1,1,0,0,1,1,1,1,-0.8190641714572109,0.12110545807245518,0.22113288956277027
3592,0,0,0,0,0,0,0,0,0,0,0,0,1,0,0,1,1,1,1,1,0.24724608908708468,0.4045461254014743,1.1877166174423386
3593,1,1,2,2,1,1,0,1,0,1,1,0,0,0,1,0,1,1,0,2,-0.122930443013162,-0.9536293437631256,-0.8290453990150233
3594,1,1,0,0,0,0,0,0,0,1,0,0,0,0,1,1,1,1,1,1,-0.7654942964965423,-0.027450380115641382,0.04316242756270283
3595,1,0,1,0,0,0,0,0,0,0,0,0,0,1,0,0,2,0,1,0,-0.19801114152069815,-0.06823890009207229,0.20649904573569094
3596,0,1,1,1,0,0,0,0,1,0,0,0,0,0,0,0,1,1,1,1,0.6425870514314126,-2.3220943431565746,-0.7732874314661025
3597,1,0,0,0,1,1,0,1,2,1,0,1,0,0,0,0,2,1,1,2,-0.43977127368435526,-1.6740323723686517,-1.7718300127927913
3598,1,0,0,0,2,2,0,1,0,0,1,0,0,1,1,1,1,2,0,1,0.04258843638763968,0.6981062530925943,-1.2243180834027838
3599,0,0,0,1,1,0,0,1,2,0,0,0,0,0,1,0,1,2,0,2,-0.040188856450457326,-0.44483851211421765,0.7275778566843097
3600,1,0,0,0,2,1,0,1,1,0,2,0,0,1,2,1,1,2,1,2,0.1406934491321091,-0.43725175327985144,1.3903802601548352
3601,1,0,1,2,0,1,0,2,0,0,0,0,0,2,1,1,2,0,1,1,-0.05818201578313226,0.7490952288399535,-0.3649941241731093
3602,1,2,0,1,0,1,0,0,1,0,0,0,1,1,0,0,2,2,1,2,-0.9215797843109774,1.076834003049017,-0.3625770112164525
3603,0,1,0,0,0,1,0,2,1,1,0,0,0,0,1,1,1,1,2,1,-0.09032061047947958,0.2910558185200093,0.6559167150864027
3604,1,1,1,1,1,2,0,0,2,2,0,0,0,0,0,0,2,0,1,0,-0.17862854021816013,-0.754853582560827,-1.4076314649378623
3605,0,1,1,1,1,1,0,0,1,0,0,1,0,1,1,0,1,1,0,2,0.3571381957709955,0.11963427631021134,1.648087986930792
3606,1,2,0,1,0,2,0,0,0,0,0,0,2,0,0,1,0,1,1,1,0.044734784196343275,-1.0900037245990486,-2.2856728510233735
3607,1,0,1,2,0,1,0,0,1,1,0,0,1,0,0,2,1,1,1,1,-0.8643510602177684,0.011786098517050203,-0.126570940991591
3608,0,0,0,0,0,1,0,0,0,2,0,1,1,0,0,0,0,1,1,0,-0.8293848364402915,-0.15756900787745048,-0.8111528429993029
3609,1,1,0,0,0,1,0,2,1,0,0,1,0,0,1,1,1,2,0,2,-1.383365086494385,-1.0186914750925973,-0.7858124887444339
3610,1,1,1,0,1,2,0,0,2,2,0,0,0,0,1,1,1,1,0,1,-0.5579914250157337,-0.6647446466206455,0.26311170431075
3611,1,0,1,0,0,1,0,0,1,0,0,1,1,1,1,1,1,1,0,2,-1.1181189349951126,1.1501318855458789,-0.644186350964168
3612,1,1,0,1,0,1,0,1,1,0,1,0,0,0,0,1,2,1,0,2,-1.4286850255075336,-0.03102615220082844,0.333140014513186
3613,1,2,0,0,0,1,0,1,0,1,1,0,2,0,0,1,2,1,1,1,-0.7595505654069622,1.7505392767248789,1.149782462381238
3614,1,2,2,0,1,1,0,2,1,1,0,0,0,1,0,1,1,2,0,2,1.9491993518623334,2.1186874285640034,0.1887941593159872
3615,0,1,1,0,0,1,0,1,2,2,0,1,1,0,0,2,1,1,1,2,-0.22903392995989,-0.3969856518584637,-0.5340051321428743
3616,1,0,1,0,0,1,0,0,0,1,0,2,0,0,1,1,2,0,2,1,-0.9755211092462251,1.6255853580961273,1.725316066987354
3617,0,1,0,1,1,2,0,0,1,1,1,0,1,0,1,0,2,2,0,1,-1.121056826387311,0.12321888370104184,-0.12392403209312253
3618,0,2,1,0,0,1,0,0,1,0,0,1,0,0,0,0,2,1,0,2,-0.39701958726412545,-0.27399378855811685,-1.33473902503349
3619,1,1,1,0,1,2,0,1,0,0,1,2,0,0,2,1,1,1,0,1,0.372982261941198,-0.018141810103089517,1.0811132156251504
3620,1,2,1,0,0,2,0,1,2,0,0,0,0,1,0,1,0,2,1,1,-1.331322802014803,-1.5660968430122009,-2.5565334361223333
3621,1,2,0,0,0,1,0,0,1,1,1,0,1,1,0,1,1,0,1,1,-1.2443304339635335,1.233476430029241,0.6719174503041427
3622,1,1,1,2,1,1,0,0,1,1,1,0,1,0,0,1,1,0,1,0,1.3417263576248015,1.2569294930203778,0.6241987254568736
3623,0,1,1,0,1,2,0,1,0,0,1,0,1,0,1,1,1,0,1,0,0.04607103581464749,-1.2263994450897577,0.10441386252014062
3624,2,1,1,0,2,1,0,0,2,1,1,0,1,2,2,1,2,0,1,1,0.04360011353793707,-1.60997377501492,0.44687875233923585
3625,0,0,2,0,1,2,0,0,1,1,0,0,0,0,1,0,1,2,2,0,1.638097159884096,-1.7562272509325711,-0.726920894047041
3626,2,1,2,0,0,1,0,1,2,1,0,1,0,0,0,0,2,0,1,1,-1.5710302655979005,-0.48359082151746147,-0.9130216303883918
3627,0,1,0,1,0,0,0,2,1,0,1,0,1,1,1,1,0,1,0,2,0.25255029941834345,-1.022187954702016,0.8858878729082037
3628,1,0,1,0,0,1,0,0,0,0,1,1,0,0,0,1,1,2,1,1,0.571536903607379,0.6136575728680765,1.3571376678892064
3629,1,1,1,0,0,1,0,0,1,0,0,0,0,0,0,1,1,1,0,2,-0.7468585462927393,-0.06281241140671034,-0.8430399757052469
3630,1,1,1,0,0,2,0,0,0,0,1,0,1,1,1,0,1,0,1,1,-2.546492406783162,-0.8314812651877141,-1.706377729935385
3631,0,1,0,1,1,2,0,1,0,0,0,1,0,1,2,1,1,2,1,2,0.9218317234518273,1.5533401078308144,0.2747365636113773
3632,2,0,2,0,1,1,0,1,1,0,0,0,0,0,1,1,1,2,0,0,0.14707218238285769,-0.31656854222755315,-1.9430297845204383
3633,1,1,1,0,0,0,0,0,1,0,1,0,1,1,0,0,0,0,1,1,-0.9176635195674553,-0.021611495587124246,-1.2457881133231923
3634,1,2,1,0,2,1,0,1,1,1,0,0,0,1,1,0,1,1,0,1,-0.5538864854757531,0.5354747863645528,-0.29263785162590883
3635,1,1,2,1,0,2,0,1,1,0,0,0,0,0,0,1,0,2,0,1,0.4058323392066856,0.12267565291817557,0.6247640391171257
3636,2,1,0,0,0,1,0,1,1,1,0,2,0,1,1,0,0,2,0,1,-0.0762993268748038,0.2728399282059599,1.5904794202020724
3637,1,0,0,1,1,0,0,1,1,0,0,1,0,0,0,0,2,1,0,0,0.40835259535780266,-0.5297135496028874,-1.446444369044219
3638,0,2,1,1,1,0,0,0,1,0,0,0,0,1,1,0,1,0,1,2,-1.1105652363493939,0.7951885210450739,1.2530665729806114
3639,0,1,1,0,0,1,0,1,0,1,1,0,1,2,0,2,0,0,1,2,0.8527482091237908,0.7891118824105804,-1.7126366567409637
3640,0,1,0,0,0,1,0,1,1,1,1,0,0,1,1,0,1,2,0,1,0.5610438012529858,-0.8248245949158723,-0.8733082949713245
3641,0,0,1,2,0,2,1,1,0,2,0,0,0,0,2,0,2,0,1,1,-0.35735929267593725,0.7139619328526222,1.4492987401874293
3642,1,2,0,0,0,2,0,0,2,1,0,0,1,0,0,1,1,0,1,2,0.258307641260774,-0.9853269175982075,-0.1170612128472266
3643,1,1,1,1,0,1,0,0,2,0,0,0,0,0,0,1,1,0,1,2,1.6767616085133825,0.3876936118158261,2.1579750204959134
3644,1,1,0,0,0,1,0,0,2,2,1,0,1,0,0,2,1,1,1,1,0.5775757318987469,0.24542629714745304,0.9023651978659833
3645,0,0,1,0,0,0,0,2,1,0,0,0,0,0,1,2,0,1,0,0,1.721655951606093,0.36180950668029654,0.8586669125118529
3646,0,1,1,0,1,1,0,1,2,1,0,1,0,0,1,1,2,0,2,1,-0.4555828614208683,-1.873449980509703,-2.5709565752016976
3647,2,0,1,0,1,2,0,1,2,0,1,0,0,0,1,1,2,0,0,1,1.2610574118363587,0.6012054306749263,2.202464474953551
3648,1,0,1,1,0,1,0,1,1,1,0,0,0,0,2,0,1,1,2,1,-0.27810686764190373,0.5983254256415325,1.4320094730181747
3649,1,0,1,0,0,1,0,1,0,0,0,0,0,0,0,1,0,2,1,0,1.5496552572289355,0.679632052137336,-0.2284609167874898
3650,1,0,1,0,0,0,0,1,1,2,0,0,1,1,1,2,2,0,0,1,1.5931413482476242,0.57168771461084,1.5993343734143084
3651,1,1,2,0,1,2,0,0,2,0,1,0,1,0,0,0,1,2,1,0,-0.8770091703426119,0.17241030696738957,-0.9846503479603356
3652,0,0,2,0,0,1,0,0,2,1,0,0,0,1,0,2,0,1,1,0,0.21370339176457373,-0.9191294197295241,1.2787852001545112
3653,2,0,1,0,0,0,0,1,2,0,1,1,0,0,0,1,1,0,1,2,-1.444627313219909,-0.5658888149572238,-0.6534586159324793
3654,1,1,1,0,0,1,1,0,0,1,1,1,0,0,1,1,1,1,1,1,-3.2753552786234676,-0.4074145239771092,-1.9718861452195524
3655,0,1,0,0,1,2,2,1,1,0,0,0,1,0,0,1,1,0,1,1,0.7178413413041604,-1.1330357671373186,-0.7983975381425426
3656,0,1,0,0,1,1,1,2,2,0,1,0,0,2,0,0,1,1,0,1,-0.614163200546594,0.3518492547000429,0.20352590275296123
3657,0,1,1,0,0,0,0,1,1,1,1,0,0,1,2,2,0,1,0,0,0.7877245011354548,1.531836693413418,1.1618650510508621
3658,1,1,0,0,0,2,0,1,1,0,0,1,0,0,0,0,1,1,0,1,1.1379315756805077,-1.5738385971925364,0.3146251498732498
3659,1,1,0,0,0,0,0,2,2,0,0,0,0,1,1,1,1,2,0,1,1.186032198622542,0.7000267537394633,0.493309114136511
3660,1,1,1,0,0,1,0,1,0,1,0,0,0,0,1,0,1,1,1,1,-0.21058352148029652,0.25836259539427864,0.8884563480006251
3661,2,2,1,0,0,1,0,1,0,1,1,1,1,0,1,1,1,1,2,1,-0.7673085391758468,0.40585773835973193,-0.3117011159921581
3662,0,1,0,1,1,2,0,0,1,1,0,0,0,1,1,0,0,0,0,1,-1.172049009777874,-0.9633077196861413,1.4195037007771276
3663,1,1,0,0,0,0,0,1,1,0,1,0,0,0,0,0,1,1,1,0,0.40539078789763255,-0.441055656221123,-1.0332609993288038
3664,0,1,1,0,0,1,0,1,1,0,1,0,0,0,1,1,1,2,2,0,-0.6538148581023778,-0.6965155282393976,-1.2283343102495619
3665,0,1,2,0,0,1,0,1,1,0,0,0,1,0,1,0,2,1,1,1,0.13637445874782939,-1.3873342781640747,0.12246655793726485
3666,1,1,1,0,1,1,0,1,1,1,0,0,0,0,1,0,1,0,0,0,1.099577401754081,-0.43111460712749117,0.1984680476127683
3667,1,1,1,0,0,1,0,0,1,2,0,0,0,1,0,2,2,1,1,0,0.590038179526019,0.2045998268290311,0.15369197808210527
3668,1,1,0,1,0,0,0,1,2,1,0,2,0,1,2,0,0,1,0,0,-2.156980018936736,1.1198181291950227,0.05007683840624755
3669,0,2,0,1,1,1,0,2,2,0,0,1,1,0,0,1,0,1,1,0,0.5835442068363151,1.1741310947413708,0.0926533009986249
3670,0,1,1,0,1,0,0,0,1,1,0,0,0,0,1,1,0,0,0,0,-0.3312698072235,-0.6949545775695185,1.4472806923635078
3671,0,0,1,0,1,2,0,1,2,0,0,0,2,0,1,0,2,2,1,1,1.3326888480161676,-0.5785376745272706,0.9486546397066666
3672,0,0,1,0,0,1,0,2,0,0,0,0,0,1,1,2,0,2,0,1,-0.17984782063929833,-0.9160129432575245,0.7612886870228873
3673,1,0,1,1,0,1,0,1,0,1,1,2,1,0,1,0,1,1,0,2,0.6978022699917793,1.045323250616162,1.0007185691414018
3674,0,2,0,0,1,1,1,2,0,1,1,1,0,1,1,1,1,1,0,1,-0.6290314504814095,0.12217759155362223,1.2422788068725266
3675,0,1,0,0,1,1,0,2,0,0,0,0,1,0,0,1,2,2,0,0,-0.680923444771613,-1.0738007616890815,-0.9275697690363712
3676,0,1,1,0,0,1,0,1,0,0,0,0,1,0,2,2,0,1,1,2,0.420483404547695,0.08098048191244159,0.856841554521343
3677,1,1,0,2,0,2,0,1,2,1,0,0,0,0,1,1,1,1,1,2,-0.8083182537750656,0.7363410892656718,-0.3887598480322422
3678,0,1,0,0,0,1,1,1,1,1,0,1,0,0,0,0,1,0,0,2,-0.5643177350058108,1.6369861656598816,0.33674731228854293
3679,0,0,0,0,0,2,0,0,2,1,0,0,0,1,0,0,0,1,0,0,-0.9436267001275386,-1.7402251263052317,-1.6455171277071394
3680,0,0,0,0,0,0,0,2,2,0,0,0,0,1,0,0,1,0,0,1,-0.8914589418024356,1.4660728783752393,-0.27812501463088
3681,0,0,0,0,0,1,0,0,1,0,0,1,1,1,0,1,1,1,2,0,-0.04579416336223374,-0.0407226172276807,-0.4120820870128883
3682,0,1,2,1,0,1,0,1,1,1,0,0,0,0,1,1,0,1,1,2,-0.3055314975372647,-0.2754594642980038,-1.3666027680867543
3683,1,1,0,1,0,1,0,1,0,1,2,0,1,1,1,1,2,2,0,0,-0.48282326135182296,-0.29597813009327834,-1.9206425410777759
3684,1,2,0,1,0,0,0,1,1,0,0,0,0,1,1,1,1,0,1,2,1.4528827480965782,0.7585266777608812,2.045654994115524
3685,1,1,2,0,0,0,0,1,1,1,0,0,0,1,1,0,0,2,0,1,-0.18366050627684966,-0.7172350087380903,-1.3589489126782794
3686,1,0,2,1,0,1,0,2,1,0,0,0,0,0,1,0,1,0,1,0,-0.10642311101928924,0.7126989251443345,-1.0265315147282028
3687,0,0,0,0,0,0,0,1,2,2,0,2,0,0,1,1,0,0,1,1,-2.1737682594939742,0.3290767267923106,-1.0493532772151628
3688,1,2,1,0,1,1,0,1,2,1,1,0,0,1,0,2,1,0,1,1,0.01075536152742828,-0.18558349824815376,-1.3645989034704307
3689,0,0,2,0,0,1,0,2,0,0,1,0,1,1,1,1,1,2,1,1,0.022743402790405026,-0.47638631639327644,0.7718194451943408
3690,1,1,0,0,0,0,0,1,0,0,0,0,0,0,1,0,0,0,1,1,0.944836960652877,0.17650041462759858,-0.8558951585569978
3691,0,1,2,1,0,1,0,1,2,1,1,1,2,1,0,1,2,1,1,1,0.7433369454226035,-0.8124702453102403,1.1462298731972906
3692,1,1,1,0,0,1,0,0,1,0,0,0,1,0,1,1,1,0,1,2,2.2308878043893285,0.3083494215393662,2.3037490382664183
3693,0,1,2,0,0,2,0,1,1,0,0,0,0,0,0,0,1,2,1,2,0.3356508223018813,-0.6112889751570764,-0.9042313084208655
3694,2,1,2,0,1,0,0,0,1,0,0,0,1,0,1,1,1,1,1,0,-1.717298677321027,-2.0881158051535413,-0.9481438913887477
3695,2,0,1,0,0,1,0,1,0,0,1,0,0,1,0,1,2,1,1,2,-0.0612085475872021,2.11663407238494,-0.5913428326502679
3696,1,0,1,0,1,2,0,2,2,1,0,1,2,0,1,1,0,0,2,1,-0.434542788034596,0.03624619134225279,-2.1449904661394497
3697,0,1,0,0,0,0,0,1,1,1,0,0,0,0,0,0,2,1,2,1,0.08861023093383905,0.2058566979265273,0.7320138805484435
3698,1,1,2,0,0,0,0,0,1,0,0,0,0,0,1,0,1,1,0,0,0.7313125375717437,-1.00468832527806,0.6873556093414002
3699,1,2,0,1,0,2,0,0,2,1,1,0,0,0,0,1,1,1,1,2,1.6606198469759397,0.5127433814438643,-0.31399832015716955
3700,2,2,1,0,0,1,0,1,0,0,0,0,0,1,0,1,1,1,1,1,-0.3131524255921708,1.234265072700467,-0.25862463829420707
3701,0,1,0,0,1,0,0,1,1,0,1,0,0,1,0,0,0,0,0,1,0.28314441310453947,0.2987243264429109,-1.138466719350502
3702,0,1,0,0,1,0,0,0,1,0,0,1,1,0,0,0,2,0,2,2,1.037528381728839,0.5289040049271256,-0.21516399028441957
3703,1,0,0,0,0,1,0,1,2,1,0,0,0,1,0,0,2,1,1,2,-0.07796896309833712,1.064656228205102,-0.44700667150102574
3704,0,0,0,1,1,1,0,1,0,1,1,0,1,0,1,1,1,2,1,1,-0.974107945984078,0.24800897144272782,-0.31920356076236706
3705,2,1,2,0,2,1,0,0,0,1,0,0,1,1,0,1,0,1,1,0,1.987858462954298,0.8034679672983998,0.4665628574573827
3706,2,0,0,0,1,0,0,0,2,0,0,1,0,1,0,0,1,1,1,2,0.735851941026011,0.9266132408035426,1.8747570738463717
3707,0,1,0,0,1,2,0,0,0,1,1,1,1,0,2,0,2,1,0,2,0.8747789287524106,0.4188327568278576,0.9740773158976448
3708,1,1,0,0,0,0,0,2,0,1,1,1,1,0,0,1,2,1,0,1,0.42378491132817603,-0.2442255023082156,0.8554212935228207
3709,0,1,1,2,0,0,1,0,0,0,0,0,1,1,0,1,0,0,2,0,-0.19760113570052393,0.9787350341703625,-0.46481950016130325
3710,2,2,1,0,0,0,2,1,0,0,0,0,0,1,0,1,1,1,1,0,-0.3341409324230287,0.037332995813335546,-1.2268427850211583
3711,0,0,2,0,0,0,0,2,2,0,0,0,1,0,1,0,1,0,0,0,0.6737706530204938,-1.1738675657148645,0.791518143139742
3712,0,1,1,0,1,1,1,1,0,1,0,1,0,1,0,1,1,2,0,0,0.25524731600856293,0.04045232825384931,0.4222083634844815
3713,1,1,0,0,1,2,0,1,1,2,0,2,0,0,0,2,2,0,1,0,-0.030496736994531575,0.31299444889233446,-0.10242022518548317
3714,1,1,1,1,1,2,0,2,0,1,0,1,0,0,0,1,1,0,1,2,-1.7051340964981951,0.39112608828790246,1.2627757880818582
3715,0,1,2,0,0,0,0,1,0,0,0,0,1,0,0,0,2,0,1,2,-0.5904735641871649,0.4354038701988362,0.3758834128346811
3716,1,2,1,2,0,0,0,0,2,1,0,2,1,0,0,1,1,1,0,1,0.14088503915403736,-1.0611816077882517,0.3869729450693637
3717,1,2,1,1,0,1,0,1,1,0,0,0,0,0,0,1,1,1,2,1,-1.6328152978279833,0.01516085161861086,-1.1637509887797344
3718,0,1,0,1,0,1,0,1,2,0,1,0,1,0,0,1,0,0,1,2,-1.7903352578055218,-1.0051639747128167,0.37715516984545894
3719,2,0,1,0,0,1,0,2,1,1,0,0,0,0,0,1,0,1,1,1,0.7001596249123556,-1.3508451984591014,-0.8621889857008278
3720,1,1,1,0,1,2,0,0,2,0,0,0,0,0,0,2,1,2,1,1,0.20694790470636432,-0.41154440079161353,1.4868719037509346
3721,2,0,0,0,0,2,0,1,1,0,0,2,0,0,1,1,0,0,1,2,-0.8915848147738122,0.3164416737077388,-1.1982590055410527
3722,0,0,1,0,1,1,0,0,1,0,0,0,0,1,2,1,2,0,0,1,0.48893114041479724,0.3479311166230826,-0.5980692606560803
3723,2,1,1,1,0,1,0,0,1,0,0,0,0,2,1,1,0,1,2,2,0.40723405910935867,-2.350238306593942,0.008059408802564394
3724,1,2,1,0,0,0,0,1,2,0,0,0,1,0,0,0,0,1,2,1,0.20314981323399994,0.2264846688437671,-0.09018064312823587
3725,1,1,1,0,1,1,0,0,2,1,1,1,0,2,0,1,2,1,0,1,-0.15756689208836977,-1.0746850259547305,-4.074576205397811
3726,2,2,0,2,0,2,0,1,1,0,0,0,0,0,1,2,1,1,2,1,-0.7197724036655944,0.7519948424619249,-0.8883514640933542
3727,0,1,1,2,0,2,0,1,1,0,0,0,0,1,0,0,0,1,1,1,1.3411275142223853,0.695077269227532,0.6645409814016504
3728,1,2,1,1,0,1,0,0,0,0,0,0,0,0,1,0,2,2,0,2,0.36956698127601695,0.4649783168319097,-0.25477478386371827
3729,0,1,0,0,1,1,0,1,0,0,2,0,1,0,1,1,1,1,1,2,-0.7321630444897494,1.1534512304430264,0.615252979453478
3730,1,1,0,0,0,0,0,1,2,0,0,2,0,0,1,0,0,1,1,0,-0.45125120281508524,-0.2429467694535698,-0.5355037330647897
3731,0,1,0,0,0,1,0,0,2,1,0,0,0,0,0,1,0,1,0,0,0.2749504402343393,-0.0622173831385706,-0.8906788362483036
3732,0,1,2,0,1,0,0,1,0,1,1,1,1,1,0,1,2,1,1,2,-0.024105710283545453,0.4701913389405095,-0.574480108737172
3733,1,2,1,0,0,1,0,2,1,0,0,1,1,0,0,0,1,1,0,1,-1.4433885891209801,-1.4708326630791382,-0.6535525622041332
3734,0,1,0,0,0,2,0,1,0,1,0,1,1,0,1,0,2,0,1,0,1.0198447373432087,-0.060826556292036815,1.7357470005343396
3735,2,0,0,0,1,1,0,0,0,1,0,0,0,0,0,1,1,1,0,0,0.29556893846902543,0.5750954487151898,-1.52095484772306
3736,0,1,1,0,1,1,0,0,1,2,1,0,0,0,0,0,2,2,1,2,1.513625397939553,-0.6325261809641338,1.332142958852612
3737,0,1,0,0,1,2,0,1,0,1,0,0,0,0,0,1,1,0,0,2,-2.137458954862878,-0.19602147937097675,-0.6918403606826657
3738,1,0,1,0,1,1,0,1,1,1,0,0,0,0,0,0,2,0,0,1,-1.7547386656587542,-2.456500062287325,-0.4623940031903955
3739,2,1,0,0,1,1,0,1,0,1,0,0,0,0,0,1,0,1,1,1,0.19602544231377914,0.09083871190280148,-0.36265656505746935
3740,0,1,1,0,0,2,0,2,1,0,0,0,0,0,2,0,1,0,0,1,-0.5858448958112231,1.8364124475151458,0.8235522686459416
3741,1,1,1,0,1,0,1,0,0,0,1,1,0,0,0,1,1,1,0,2,1.9001854073599047,-0.043818709863809535,0.5252427053652062
3742,1,2,0,0,0,0,0,1,1,0,0,0,2,0,0,0,0,1,1,1,-0.42066589854429076,0.09502359934811107,-0.09104884211421865
3743,0,1,1,0,0,1,0,1,0,2,0,0,0,0,1,0,1,1,1,2,0.7916289556817184,-0.9804901270710425,-0.09964003651130648
3744,0,1,0,1,0,1,1,0,0,0,0,1,1,1,1,0,1,0,0,1,-1.2252407850670288,0.5852750074344033,-1.091374055190973
3745,0,0,1,0,0,1,0,1,0,0,0,0,0,0,0,0,2,2,0,1,-0.20203509671275208,1.040068851236122,0.1871040034853147
3746,0,2,1,0,0,0,0,1,2,0,2,0,1,0,1,1,1,1,1,1,0.8617385257328715,-0.8041213611952421,-0.3481012376598607
3747,2,0,1,1,1,2,0,1,0,0,0,0,0,0,1,1,2,1,1,2,0.4893690430295496,-1.328166043939414,-0.743413141415034
3748,0,1,2,0,0,1,0,1,1,0,0,0,0,0,0,0,2,0,1,1,-0.7003818334907637,-3.6634348716074054,-1.3931771452107824
3749,0,0,1,0,0,0,0,1,0,0,0,0,0,1,0,1,0,1,0,2,-0.22574180593299875,-1.8452276861950023,-1.8492796057429528
3750,1,0,1,1,1,2,0,2,1,0,0,1,0,0,1,1,1,2,0,1,-1.6955250263270885,-0.947426241744771,-1.6080318448183202
3751,0,0,1,0,0,1,0,1,1,1,1,1,0,1,0,1,1,1,1,1,-1.1196630285151976,0.4814176204994889,1.6776814096898904
3752,1,1,1,0,0,0,1,0,1,1,0,1,0,0,1,0,1,0,0,2,0.8401445500814719,1.0357884538242264,0.8368426508909959
3753,2,0,1,0,0,0,0,0,1,0,1,0,1,1,1,2,1,1,1,2,-1.1710896556735475,-0.8685873969031439,0.7414626761936975
3754,0,1,0,0,0,1,0,0,0,0,0,0,1,0,1,0,0,0,1,0,0.8489398882727058,0.4316503546896113,2.0911444148690603
3755,1,2,1,0,0,0,0,2,1,1,1,1,1,0,0,0,1,1,1,1,-2.211375185940848,-0.5666074649843291,-1.6843064527080873
3756,0,1,0,0,0,0,0,0,1,0,0,0,0,0,1,1,1,1,1,0,0.20422550878214016,-1.030301819875182,-1.3796283270193683
3757,1,1,1,1,0,1,0,1,1,0,0,0,1,0,1,0,1,1,1,0,-0.8271500614597046,-1.5609085080002183,-0.5903380970405594
3758,1,1,2,0,1,1,0,0,0,0,0,0,1,0,0,1,2,1,0,0,1.613150870301655,-0.0029849326517684682,2.005355899934756
3759,0,0,1,0,1,1,0,2,1,2,2,0,1,0,1,0,0,2,1,0,1.3476891470332975,2.415705905342059,0.05573696278936935
3760,1,0,1,0,0,2,0,2,2,0,0,1,0,1,0,0,1,1,0,1,0.4973377722115327,0.21403616818283672,-1.476110202175925
3761,0,1,1,1,0,1,0,0,1,1,0,0,0,0,0,1,1,0,0,1,0.43735572930270694,0.2378973082803715,2.4007440790741774
3762,1,2,0,0,0,0,0,0,2,0,1,0,0,1,2,2,1,1,0,0,-0.15033288436251788,-1.0598206994873085,-2.295276143869185
3763,0,0,0,1,0,0,0,0,2,0,1,0,1,1,0,0,2,2,0,2,1.0455743543060727,1.818106486984063,1.9915128274171052
3764,2,0,1,0,0,0,0,0,0,1,1,0,0,1,0,2,1,2,2,2,-0.8813194362541965,-0.21007212699981587,-1.356285095380692
3765,1,1,0,0,1,1,0,1,1,0,1,0,0,0,0,0,2,2,1,2,0.990925971156505,1.6746782478655964,1.1434195612060463
3766,1,0,1,1,0,1,0,0,1,0,0,1,0,0,2,0,0,1,1,0,-0.4749984476340724,-0.8620960779440251,-1.22519363215437
3767,0,1,1,0,1,2,0,0,0,0,2,0,0,0,2,0,0,1,1,1,0.29097168337703017,-0.4557313621382919,-1.7021134697733475
3768,0,0,1,2,0,2,0,1,0,0,0,0,0,0,1,1,1,1,0,1,0.08080159269510655,-0.3041191485985235,-0.3614909552692992
3769,1,2,2,0,0,1,0,0,0,1,0,0,0,0,2,0,1,1,1,1,1.2356615316829056,0.2005030063104459,0.6265642645040207
3770,2,0,0,1,0,1,0,0,1,1,1,0,1,0,1,0,1,2,1,2,1.249520419362665,-0.8629528657729759,-0.2561288399374681
3771,0,1,2,0,0,0,0,1,1,0,0,0,0,0,0,1,1,1,1,1,0.7453035576058562,-0.17044190838383685,-0.2932974531878225
3772,1,2,2,1,0,0,0,1,0,1,0,0,1,0,2,1,1,1,0,0,0.05792663185882287,0.8467549034014401,0.27260670552628224
3773,1,2,1,0,1,0,0,1,0,1,0,1,0,0,0,1,0,0,0,1,0.09317141999750456,1.4317213782381668,0.08769725177819965
3774,1,2,0,0,1,2,0,0,0,0,0,0,1,1,1,0,1,1,1,1,-1.480098326579863,0.0009336799621023628,-0.743832227509609
3775,0,0,2,1,0,1,0,1,1,0,1,0,0,0,1,0,2,0,1,1,0.5837331798218873,-1.4257823435655443,1.0497431576533076
3776,1,2,0,0,1,1,0,0,1,1,0,0,0,1,1,0,1,2,0,0,-1.1169649640855244,-0.19685684741246107,-2.278721982244637
3777,2,1,1,0,1,1,0,1,2,1,0,0,0,0,0,1,1,2,2,0,-0.2611167979862247,0.37470294981373325,-1.5036625397612298
3778,0,1,1,0,0,0,0,2,1,0,0,1,1,1,1,0,1,0,1,2,-0.10133046726679579,-0.5536338300867083,-0.7396896379597397
3779,1,1,0,0,1,1,0,1,1,1,0,1,0,0,1,0,1,1,0,0,-0.2723713351862339,0.0973983210617741,-0.48061789135534405
3780,1,2,1,0,0,0,0,1,0,0,0,0,0,1,1,0,2,2,1,1,-0.6554659816006869,-1.1745298169744354,-1.8948349082022846
3781,1,0,1,0,1,1,0,1,0,1,1,0,0,0,0,1,1,0,0,1,-1.8904163270084875,-0.9227882180435953,0.9546242390975499
3782,2,0,2,0,0,1,0,1,0,2,0,0,0,0,0,1,1,0,1,1,-0.10507020292934581,-1.8625747767715022,-1.414776413267136
3783,0,0,1,0,0,1,0,0,0,0,0,1,1,0,0,1,1,1,0,1,-0.7206953287719152,-0.7793419363188092,0.568294304806733
3784,0,0,1,0,0,1,0,1,1,2,1,1,0,1,1,0,0,1,0,0,-1.1262246303958463,-0.17820555182208103,-0.5839131955135961
3785,2,1,1,0,0,0,0,0,2,2,1,0,0,1,0,1,1,1,1,1,0.6980143922685044,0.42164951116802174,1.7479594078666787
3786,0,0,1,0,1,0,1,1,2,0,0,0,0,1,0,0,1,1,1,2,0.11889531406660848,-1.2663218928630142,0.3553582056235974
3787,2,2,0,1,0,2,0,1,1,1,1,1,1,0,0,0,0,1,1,0,0.1641618880503184,-0.465979617779693,1.32246497779466
3788,1,1,0,0,0,1,0,1,1,1,0,1,0,1,1,0,2,1,1,2,0.5725898158549383,-0.6994389991416929,0.24146916942521437
3789,1,1,1,0,1,0,1,1,0,0,0,0,0,0,0,1,1,1,0,0,0.1009835949488015,0.5028859996863804,0.6249825145374184
3790,1,1,1,1,1,1,0,1,0,1,0,0,1,0,0,1,2,0,1,1,0.9968408500388438,-0.6327045645966137,0.6302347411902066
3791,0,2,0,0,0,0,0,1,1,0,0,0,1,1,0,0,0,1,2,1,-0.6206341993624875,-1.4355624597525491,-0.8890514330417838
3792,2,2,1,0,0,1,0,1,1,0,1,0,0,0,0,0,1,0,1,1,-0.8844628294971072,-0.2240408864905617,-1.356884857111972
3793,0,0,1,0,1,2,0,1,1,1,0,1,2,1,1,0,0,0,1,0,-0.9197906526940662,-0.8513642476265697,-1.3072703155707388
3794,1,2,1,0,0,1,1,1,1,0,0,1,1,0,1,1,0,2,1,1,-0.20662490702201095,1.3397511931482307,0.625820780958884
3795,0,0,1,1,1,0,1,1,1,1,0,0,0,0,2,1,0,1,1,1,-0.18186234227063103,0.8758665251587062,0.6648440185622403
3796,2,0,1,0,0,1,1,0,1,0,0,0,0,0,0,0,0,0,0,2,-1.1598711722519166,0.6479611640739502,-0.615771184023417
3797,1,1,2,0,0,1,0,1,2,2,1,0,0,0,0,2,1,0,0,1,0.608628889067691,0.8133232146537603,0.2666063151144725
3798,0,1,1,0,1,0,0,2,0,2,0,1,0,0,0,2,1,1,0,1,1.1406590025825654,-0.3891436067629691,0.10494077158586851
3799,1,1,1,1,1,2,0,1,1,1,0,0,0,1,1,1,1,1,2,2,-1.9597765215420597,-0.20651214044635358,0.3977035680452293
3800,2,0,1,0,0,2,0,1,1,0,0,1,0,0,0,0,2,0,2,2,-1.1051022997378563,-0.10885144730839141,-2.330135113234316
3801,0,1,2,0,0,1,0,1,1,0,0,0,1,1,1,1,0,0,1,2,-2.442609594049259,0.6618382762003872,-1.0712123306785137
3802,0,1,0,1,0,2,0,0,2,0,0,1,1,0,1,0,1,2,0,1,0.28537462154127613,-1.5748631187190891,-1.519760736379935
3803,0,1,2,0,1,1,0,1,1,2,0,0,0,0,0,1,2,0,0,1,-1.3958560747251743,-1.2870686886966507,-1.1129002865568225
3804,0,2,0,0,0,0,0,1,0,1,1,0,0,0,1,0,2,1,0,0,1.0602048355184643,0.12644069845347627,0.5179914151739003
3805,0,0,1,0,0,2,0,0,1,1,1,0,0,0,1,2,1,0,1,0,0.3773071559717602,0.2293113997954364,-0.2628510537998531
3806,1,1,1,0,0,0,0,2,0,1,0,2,2,0,1,1,1,0,1,2,0.3035698819978052,2.23900103869953,0.2330385393288048
3807,1,1,1,0,0,1,0,2,0,1,1,0,1,2,0,1,1,1,1,2,0.14313844582948898,0.40284652418968453,0.3301669997343718
3808,1,1,1,0,0,0,0,0,1,0,1,0,0,0,0,0,2,0,1,1,-0.17462625256433817,-1.7856279413610117,-2.1486040153585373
3809,0,1,0,1,0,0,0,0,1,1,0,1,0,1,1,2,0,1,1,1,-0.09024140994926691,0.4951541157201034,0.025605601858725804
3810,1,1,0,0,0,1,0,0,2,0,1,1,0,0,1,1,1,2,1,2,-0.3864139993200072,-0.02318612411216084,-0.974651749004543
3811,1,0,1,1,1,1,0,1,1,0,0,1,0,0,1,0,1,2,0,1,-0.33949695435276384,0.031824459645599545,2.0217600574815355
3812,2,1,1,0,0,0,0,0,1,0,0,0,0,1,0,0,0,0,0,1,-0.9977738898301449,0.7573838123130812,0.0026389145091184896
3813,1,0,0,0,1,1,0,2,0,0,1,1,0,0,2,1,1,1,0,1,0.30736983594591094,-1.0172543003722372,0.4728356007432708
3814,1,1,0,0,0,1,0,2,0,0,0,0,1,1,0,0,1,0,0,0,0.4944909648094243,-0.7831230147186659,-0.9000568045274162
3815,1,1,1,0,0,0,0,0,1,0,1,0,0,2,0,1,1,1,0,1,1.1202876541941424,2.942426056333018,1.006532376728111
3816,1,0,2,0,2,0,0,1,2,1,1,0,0,0,2,1,0,0,1,1,-0.5619093052696146,0.42121107068917685,-0.8443230764932261
3817,0,1,1,0,0,1,0,1,1,1,0,0,0,0,0,0,1,0,1,2,-1.8543909486288306,-0.9854939250480155,-1.933186475494606
3818,1,2,1,0,0,0,0,0,0,2,0,1,0,0,0,1,1,0,0,1,0.4914079000866955,-1.841911586981352,0.09093115210735225
3819,1,0,0,1,0,1,0,0,1,0,1,1,0,1,0,0,1,1,0,2,-0.6172034944064497,-1.2265499358648635,-0.1682286028342463
3820,1,1,1,1,0,1,0,0,0,1,0,1,1,1,1,1,2,0,1,1,-0.8796642296957043,1.1834415979907305,0.2791409432334465
3821,1,0,2,1,0,1,1,2,1,1,0,0,0,0,0,2,1,1,0,0,-0.3240612206981818,-1.932803011417153,-1.9994884944825713
3822,0,2,0,0,1,2,0,0,0,0,0,0,0,0,1,1,1,1,1,1,-1.3886753629324642,-1.89915850293094,-0.6414843360879322
3823,0,1,0,0,0,1,0,0,1,1,0,0,1,1,1,1,1,0,1,2,-0.24622214496449868,0.6346960881310412,0.003685770266020183
3824,0,0,0,0,0,1,0,2,0,0,2,1,0,1,1,1,0,0,1,1,0.7060859317045822,0.400049905426011,-0.37554307076599247
3825,0,1,1,1,0,2,0,1,1,1,0,1,0,0,0,1,0,1,0,0,1.4962827081787207,1.840225792783622,1.8649234359542017
3826,1,1,1,0,0,1,0,0,1,0,2,1,1,0,0,0,2,0,0,0,-0.7580183300228754,-0.41209168140541963,0.8995939407814946
3827,1,2,1,0,0,2,0,0,1,2,0,0,0,1,1,0,1,2,0,0,0.5805636518198001,-0.5485072189423557,0.5755388283907326
3828,1,2,2,0,1,0,1,0,1,1,0,0,1,1,1,1,0,2,1,2,0.892792576809759,-0.5096140954880435,0.5048173994597545
3829,2,2,0,0,0,2,0,1,0,0,0,0,0,1,0,0,0,1,1,1,0.40227973361816577,0.2469554140407549,0.8706159065681552
3830,1,1,0,1,1,1,0,0,2,0,0,0,1,1,1,0,2,0,1,1,-1.295071325895044,-0.1743273459024679,0.18853122498796004
3831,0,0,1,0,0,1,0,1,0,0,0,0,0,0,1,1,1,1,2,2,-0.7811582174700682,0.4074398849145692,-0.9922531635689942
3832,1,1,0,1,1,2,0,2,1,1,1,0,1,1,0,1,1,1,0,1,-0.6627373893671586,0.06353903935483589,0.21595543442063675
3833,1,0,0,1,0,0,0,2,0,0,0,0,0,0,0,1,1,1,2,1,1.2734901465771737,0.2015064989828184,-0.8141735117162547
3834,0,0,1,1,0,2,1,2,1,1,0,0,1,1,0,0,0,1,1,0,-1.6364490004953147,0.578794359621784,-0.03798052353186693
3835,0,1,1,0,1,1,0,2,0,0,1,0,1,2,1,0,0,0,1,2,-0.8779041212807684,1.1155862955462914,1.4146601132582077
3836,0,1,1,0,0,1,0,0,2,1,0,0,1,0,1,0,1,1,0,1,-0.9792905097260041,-1.141981853474194,-2.2959115528066647
3837,1,1,0,0,0,2,0,2,1,0,0,1,0,1,1,2,0,0,1,1,-0.31891834932961877,-0.28949377416096783,-1.3088998723239265
3838,0,2,1,0,0,1,0,0,1,0,1,2,1,0,0,1,1,1,0,2,-0.01420731540196827,-0.17893649164200523,0.9275342616895473
3839,0,0,2,0,1,0,0,2,2,2,0,2,0,0,1,0,0,0,0,0,1.1491291910992392,-0.5759100063700103,-0.7924549390854768
3840,1,0,2,0,0,1,0,1,1,0,0,0,1,0,1,0,1,2,1,0,1.325194474045834,1.7853130197688007,-0.4223898834243174
3841,0,0,1,0,0,2,0,1,1,0,0,1,0,0,0,0,2,0,0,1,0.4796745784999592,0.7333101827725759,0.4373447318198451
3842,0,1,1,0,1,1,0,1,0,0,0,1,1,1,0,0,0,2,1,0,1.3369142815847688,-0.9145814836917103,2.2436241147946037
3843,2,1,1,2,0,2,0,1,1,0,0,1,1,1,0,1,1,1,1,1,-1.262403959311517,0.5090589942699206,1.1548032305756046
3844,0,1,2,0,1,1,0,0,1,0,0,0,0,0,0,0,0,0,2,1,-1.6400313344276463,-1.0125917898641001,0.5487829440663075
3845,2,1,0,1,0,1,0,1,0,0,0,0,0,1,0,1,1,1,0,1,0.031875516719719894,-0.24896492950475788,1.3987526026690715
3846,0,1,0,0,0,1,0,1,2,0,0,2,0,2,1,0,0,1,0,2,-0.4855669586465914,1.164517937008485,0.8925607812086143
3847,1,2,0,0,1,1,0,2,1,0,0,1,0,0,0,0,0,0,0,1,0.4773521340864948,0.49316964240246886,0.7762966818740165
3848,1,1,1,0,1,2,0,0,1,0,0,1,0,1,1,0,1,0,1,0,-0.5185000740297602,-0.691102560532486,-0.03678758991603348
3849,0,0,0,1,1,1,0,1,0,2,0,1,0,0,2,1,0,2,1,0,-0.041998649793782615,-0.2142479753096737,-0.5163896831622636
3850,0,2,1,0,0,2,0,0,0,1,1,1,0,0,1,0,0,0,2,0,0.5539865772288635,0.22899846694975562,1.754679011918472
3851,1,1,0,0,0,1,0,0,0,1,0,0,1,1,0,1,0,2,0,1,0.1457698350308949,0.241217288408298,-0.4477460029977034
3852,0,2,1,0,0,2,0,1,1,1,0,0,0,1,1,0,2,0,0,1,1.379258155461783,0.999835787858969,0.5021197768986672
3853,0,0,1,1,0,1,0,1,1,0,0,2,0,1,0,0,2,1,1,1,0.38683704158034027,-0.3610303890530382,0.17667482799810585
3854,1,0,1,0,0,1,0,2,1,0,0,1,2,0,1,0,2,2,0,1,1.4550790701897458,-0.19661261810422992,0.5011148322330871
3855,1,2,1,1,1,0,1,2,2,0,1,0,0,0,1,0,0,0,1,1,-0.6337593172687649,0.8068505533186041,-0.4309991258999212
3856,0,1,1,0,0,1,0,1,0,0,0,0,0,0,0,2,1,0,1,2,-0.40417310224581965,0.29880622498055526,1.3781595756450125
3857,1,1,1,0,1,0,0,1,1,0,1,0,0,0,1,1,2,1,0,0,0.8330518296234095,-0.009115522116130315,0.3637077124379553
3858,2,1,1,0,1,1,0,1,0,0,0,0,1,0,0,0,1,2,1,2,-1.3145009674419819,-0.5245155085229738,0.45185466025598586
3859,0,1,2,0,0,1,0,1,0,0,0,1,0,1,2,1,1,0,1,1,0.3839780640730332,1.296301789206277,1.1020763313285062
3860,0,1,1,0,1,2,0,1,1,0,0,1,0,1,0,0,1,1,0,0,0.412518827692495,0.238888730534406,-0.3807967877152603
3861,1,0,2,1,0,0,0,1,2,1,0,1,0,0,0,1,1,1,1,1,-0.7485006852883181,-0.46494442804859076,-0.8255349097964024
3862,1,1,1,0,1,0,0,0,1,0,0,1,1,0,1,0,1,1,2,1,-0.6863485798401673,-2.781171004518266,0.1936494310557566
3863,1,1,1,0,0,1,0,1,0,1,0,1,0,0,1,0,2,0,0,0,0.07979113070824062,0.23763631938013022,-1.1117639012767027
3864,0,0,2,1,0,0,0,1,1,1,1,0,0,0,0,0,1,0,0,1,0.37342499677841606,-0.25548172758431253,1.6720501882139773
3865,0,1,0,1,2,0,0,2,1,0,1,0,0,0,0,1,1,1,0,1,0.432634261482644,2.747985076177166,2.0050867734807025
3866,2,2,1,0,0,0,0,1,1,2,1,1,0,1,0,0,2,0,1,0,-0.24670691245756818,-0.6945247626718096,0.8082864551629778
3867,0,0,1,0,1,2,1,1,0,1,0,1,0,0,0,0,1,0,2,2,0.6038137068661789,2.515118565831957,0.13811179914416238
3868,1,0,0,1,0,1,0,0,1,0,0,0,1,1,0,0,1,2,0,1,0.1935534805353216,0.9392102770998507,-0.0573611971319406
3869,0,2,2,1,0,0,0,0,1,1,0,1,0,0,0,2,2,1,0,1,-1.767362049647989,-0.10203159444855692,0.6243934970565301
3870,1,0,0,1,0,1,0,1,1,1,0,1,1,2,1,1,1,1,0,0,-0.00800154562444298,1.9318491088516154,1.1134500065208877
3871,2,2,1,0,1,1,0,1,1,0,0,1,0,1,2,0,1,0,0,1,-0.9251497304354884,0.1691436437064436,0.1989126574241431
3872,0,0,0,1,1,1,0,1,0,0,0,1,0,0,1,0,0,0,1,1,-1.4594098638546216,1.2790196542297787,-0.4123564809774959
3873,0,2,2,0,0,1,0,2,0,0,0,0,0,1,0,0,1,0,1,2,0.1608975033502705,-0.5290129442515166,-0.28333664667547165
3874,2,1,0,1,0,2,0,0,1,1,1,0,1,0,0,1,1,2,0,1,-0.36774297200359324,-1.0094447920342786,-0.3817972337128276
3875,1,0,0,0,0,1,0,1,0,1,0,0,0,1,2,2,1,1,1,1,0.2182092404721984,-0.7877548614914188,0.5032699189185472
3876,0,1,1,2,1,1,0,1,1,0,0,0,1,1,0,0,0,1,2,2,-0.3240281806898104,0.8555469596544589,1.7538678367805716
3877,0,1,1,0,1,0,0,1,1,1,0,0,0,0,1,0,1,1,0,1,1.5471772793687224,1.221839495931879,2.276566951834563
3878,0,0,1,0,1,1,0,0,1,0,0,0,0,1,1,0,1,0,0,1,-0.5468120610938908,-1.700466703285331,-0.7389688107257534
3879,0,1,0,0,0,1,0,1,1,0,0,1,0,0,0,1,1,2,0,2,0.16928297251719465,1.3518949935283096,-0.1620199310328979
3880,0,2,0,0,0,1,0,1,0,1,0,0,0,0,0,1,2,2,0,0,0.3065394905321735,-0.1519111733330757,-0.923614304363408
3881,2,1,2,0,0,0,0,0,2,1,2,0,0,1,1,0,2,2,1,2,0.1619336567149099,-0.12960993982884478,0.3731985703028447
3882,0,0,2,1,0,1,0,1,1,1,0,0,1,2,0,1,0,1,2,1,0.3736338582457071,-1.1856805728960285,0.10032991436524513
3883,2,1,2,1,1,2,0,1,1,0,0,0,0,0,1,0,2,0,1,2,-1.26402893232684,0.8053587965096609,0.06151853092532328
3884,0,0,1,0,0,0,0,2,0,0,0,1,0,1,0,1,0,0,0,1,0.790905311485616,-0.2693863501233881,-1.8494254318751262
3885,0,2,1,0,0,0,0,1,0,1,0,0,0,0,1,1,2,1,1,1,0.45401536808545884,0.459148039186342,-1.245432141809494
3886,1,0,1,1,1,0,0,1,0,1,1,0,0,1,0,0,0,0,0,1,0.5407860400422478,-0.90870165505608,0.005108146387238589
3887,0,0,1,1,0,0,0,1,0,1,0,1,1,2,0,0,0,0,1,2,-0.6090198099146303,0.7339240215806708,0.6490437122997772
3888,1,2,1,1,0,1,0,1,0,1,0,1,1,1,1,1,1,0,0,1,-0.4184096972758198,-0.8172598940809199,-0.942717974387026
3889,1,2,0,0,1,2,0,1,1,1,0,0,1,1,1,2,0,0,1,1,-0.2370248559708994,-0.41322705804293824,0.21240056482290903
3890,1,1,0,0,0,0,0,2,1,1,0,0,1,0,1,1,1,0,1,2,-1.0596603016777544,0.5784144755217953,0.11620899610506441
3891,1,0,2,0,0,2,0,2,1,1,0,0,0,1,2,1,1,2,0,0,-0.15491249768009888,0.061123412876173774,-1.566429670706112
3892,0,1,1,0,1,0,1,1,1,1,0,2,0,1,1,1,1,1,0,1,-2.6294711231346932,0.9211284013803132,-1.0952159905606158
3893,0,0,0,1,0,0,0,2,1,0,0,0,1,0,0,0,1,1,0,2,0.8372838882640239,-0.052801385770868736,-0.5898618977031969
3894,0,1,0,0,0,1,0,0,1,2,1,0,1,1,0,0,1,0,0,1,-1.2522827279073854,0.4344991540249784,-0.6601760325888733
3895,1,1,2,0,0,2,0,1,0,2,0,0,1,0,1,0,2,1,0,0,0.4686469187532978,0.18539399525362657,1.3197590542498192
3896,1,2,2,0,0,1,0,1,1,1,1,1,0,0,1,1,1,1,0,1,-0.8556732930649941,1.614679150327658,-0.5432964377537751
3897,1,1,0,0,0,1,0,0,1,0,0,1,0,1,1,2,1,1,0,1,1.950435797484552,0.22915307047104003,1.4170135642610762
3898,0,2,0,0,1,1,0,0,2,1,0,0,0,1,2,1,0,1,0,1,0.8842034340669964,0.8094715925643197,0.6121653650103663
3899,1,1,2,0,1,1,1,0,0,0,0,0,1,0,1,0,1,1,2,0,1.4498127321677619,1.5894319359085411,1.4064875760730409
3900,0,1,1,0,0,2,1,1,2,0,1,1,0,2,1,0,1,0,1,2,1.7650417914348027,1.999740032187906,0.723090403946799
3901,1,2,1,0,1,2,0,0,2,0,0,1,0,0,1,0,0,0,1,0,-0.25098506964034034,0.4911077901555559,-0.05788525245537178
3902,1,1,0,1,1,1,0,2,1,1,0,1,0,0,0,0,1,0,0,1,0.7298159464182982,-0.298758095504136,2.4349756315336113
3903,0,1,0,2,0,1,0,2,2,1,0,1,0,0,1,0,1,1,2,2,0.3728269618922219,-1.0284784745221538,-1.5558204191992162
3904,1,0,1,0,0,1,0,1,1,0,0,1,1,0,0,1,0,2,1,0,-0.8393445846289002,0.4956590992687995,-0.7699966318931194
3905,2,1,1,0,0,2,0,0,0,0,1,2,0,0,1,1,0,1,0,1,0.5389797362704379,-0.5336284836573769,0.9337168261903613
3906,0,1,1,1,0,1,0,1,1,0,0,0,0,1,0,1,1,0,1,1,0.710433946488095,1.4019712288405595,-0.23897513672908322
3907,0,1,2,0,0,0,0,1,2,0,1,0,1,0,1,0,2,0,1,0,-1.1503451711688595,-0.20857368271089433,-0.9002462283640604
3908,0,1,1,0,1,1,0,1,0,0,0,1,1,0,0,1,1,1,1,1,0.16644483330423465,-0.3228055433863663,-0.5654643976075385
3909,0,0,0,0,2,0,0,1,1,0,0,0,1,2,1,0,1,1,1,1,0.4568166270848176,0.6617720485454173,-0.0734509556392825
3910,1,0,2,0,0,0,0,1,0,1,2,0,1,1,1,0,1,1,1,2,-0.020901630361212207,-0.8778663602127891,-0.14690604952920103
3911,1,1,1,0,1,0,0,1,1,1,0,0,1,0,0,0,1,1,2,2,0.10212226854564677,0.5253316879197042,1.0445395997029594
3912,1,1,0,0,0,2,0,1,1,1,1,2,0,0,0,1,1,1,0,1,-0.11467110355330153,1.7113349737348502,-0.6777464959285177
3913,1,0,1,0,1,2,0,1,1,0,1,1,0,0,1,2,2,0,2,2,-1.4716455447552266,-0.148900889539591,-0.15320371845638536
3914,1,1,0,0,1,0,0,1,1,1,0,0,0,0,0,1,0,1,1,2,-1.7813479212896182,-0.2844184647759497,-0.1440917029914488
3915,1,0,1,0,0,1,0,0,1,0,1,1,0,0,2,2,1,1,0,2,1.3771296666930333,1.5503778019783432,1.805322713181639
3916,2,0,1,0,1,0,0,1,0,1,0,0,1,1,0,1,2,1,2,1,-1.5713373441310918,-0.0827951693453236,1.0787957289619645
3917,0,1,1,0,0,0,0,0,0,1,0,1,0,0,1,0,1,2,1,2,-1.196150990810565,2.7908883178254467,0.36287680756708446
3918,0,1,0,0,1,2,0,2,1,1,0,1,0,1,1,0,0,0,0,1,-0.5498363933169935,1.705628019841861,1.372336686055946
3919,1,1,1,1,1,0,0,2,2,0,0,0,0,1,0,0,0,1,0,2,0.6520845743529269,-1.2067691349455432,1.8495898400507307
3920,2,0,0,1,1,1,0,1,0,0,0,0,0,0,0,1,1,1,0,2,0.5871279704106854,-0.36363068900435735,0.6612811843971839
3921,1,1,1,0,1,1,0,1,0,1,0,0,0,0,1,0,2,1,1,1,1.7811235170764732,-1.5175764904769165,1.0438316273434565
3922,2,1,2,0,0,2,0,1,1,0,0,0,0,0,0,0,1,0,1,1,0.8773967629580861,-0.46220128868617877,-1.2962830335688302
3923,1,1,2,0,1,0,0,1,1,0,0,0,1,0,1,1,0,1,1,0,-1.2729800052410756,-1.0296680905904065,-1.9235785069684366
3924,1,0,1,1,1,2,0,0,2,0,0,1,0,0,1,0,1,2,0,2,-0.03323363219317176,-1.3617355397111148,-0.8977558879389816
3925,1,0,1,0,0,0,0,1,0,1,1,0,0,1,0,1,0,2,0,2,-0.1838989387326403,1.0598366065514297,2.2168413372638702
3926,2,1,1,0,1,2,1,0,1,2,0,1,0,1,0,1,2,1,1,0,0.37188421171750496,0.09300512283369672,-0.15432757486769147
3927,1,1,0,0,0,1,0,1,0,0,0,0,0,1,0,0,1,1,1,0,0.004690627786310397,-0.17042585829727147,0.6431490762510986
3928,0,0,2,1,1,1,1,2,0,1,0,0,0,2,0,0,0,1,0,1,-0.4913955732410391,1.1627975265957917,0.3888951085508778
3929,1,1,1,1,0,2,0,2,1,0,1,1,1,0,0,0,2,1,1,1,0.6672253722334535,0.006425080194337074,-0.8289208070080667
3930,1,0,1,0,2,1,0,2,1,0,1,1,0,1,1,0,2,2,0,0,-0.9414292042408671,-0.918683235450622,-2.593512524558708
3931,1,1,0,1,0,2,0,2,2,0,0,1,0,0,0,0,2,0,0,2,-0.029600828486783314,-1.378800947821904,0.2395438234618409
3932,1,1,0,0,0,2,0,0,1,2,1,0,0,0,1,0,0,0,1,0,0.9775008117263154,-0.7464597562109181,-0.31046069970618484
3933,0,1,1,0,0,2,0,0,1,1,0,0,0,1,0,0,0,1,2,1,-0.43821803580949586,0.9206955203066177,0.5385309112489154
3934,2,1,2,0,0,2,0,1,1,0,0,0,0,0,1,0,1,1,2,2,-0.17823410149851646,0.1473028638515807,-0.31242543327936106
3935,1,1,0,0,0,2,0,1,2,0,0,0,0,0,0,1,2,1,0,1,-0.5081043681611784,-0.024050642960909252,-0.4374539673599424
3936,0,2,1,0,0,2,0,1,2,2,0,0,1,0,2,1,2,1,1,1,-0.5093222916427372,1.8178694148949488,0.1646955715860192
3937,2,2,0,1,0,1,0,2,1,2,0,0,0,1,1,1,1,2,1,1,0.27372613500997484,-0.6508210165126495,-0.5700413814852314
3938,0,1,0,1,1,0,0,1,1,0,0,0,0,0,0,1,0,0,0,2,0.42931860499121116,1.7735579500188325,-0.3362286862081043
3939,1,0,1,0,0,2,0,2,1,1,0,0,0,1,1,0,1,0,0,2,-0.2597626750056747,-2.3472637101787885,-1.1427203518382107
3940,0,2,0,0,1,2,0,0,0,1,0,0,1,0,0,0,1,1,0,0,0.28468464126310244,1.2209976922514423,0.38930680349556385
3941,2,1,1,0,1,2,0,0,0,0,0,0,0,2,0,0,0,1,1,1,0.6930776464861292,0.4442050970706523,-1.000178872952692
3942,1,2,1,0,2,1,0,1,0,0,0,0,0,1,1,0,0,1,0,0,-0.8611969833926643,-0.9425148566986037,0.17275713449304964
3943,1,1,0,1,0,2,0,1,1,1,0,0,0,1,0,1,1,1,1,0,0.7737167581071532,0.042989006264644566,-0.4626161558681183
3944,0,1,2,1,1,1,1,2,1,1,0,0,1,0,0,0,1,0,0,2,2.509326210265323,0.21967555772547598,1.3026180561413367
3945,2,1,0,0,0,0,0,2,2,1,0,2,0,0,1,0,2,0,1,1,1.2809386309982622,0.05081956913119701,0.5588240455367561
3946,0,0,1,0,0,2,0,1,2,1,0,1,1,0,1,0,0,1,0,0,0.7181261387788114,1.2692518635004422,-1.0311831486338365
3947,1,0,1,2,1,0,0,0,1,0,0,1,0,0,0,0,0,1,0,1,-0.3337204714993152,0.8100972694154247,-1.0558232171751094
3948,2,2,0,1,0,2,0,1,1,0,0,1,0,0,0,2,1,1,0,0,0.06257370353941823,0.20732735880512715,-0.07386342130695034
3949,0,2,0,1,0,1,0,0,2,1,0,0,0,0,1,0,2,1,0,0,0.19316625982743416,0.6378697216461394,-0.31943628646482075
3950,1,0,1,0,0,1,1,2,0,1,1,0,0,0,1,0,0,1,0,0,-1.53378824797212,-1.5670675791762545,-1.478531490088153
3951,0,0,1,0,1,1,0,0,1,0,0,0,0,0,2,0,1,1,0,2,-0.11107447435879894,-0.6475346677187996,0.027926654627441483
3952,1,0,0,0,1,0,1,2,1,1,0,1,0,1,0,1,1,2,0,1,1.5273934578203734,0.9037358896581504,1.2378620674089742
3953,1,1,0,1,0,1,0,1,0,0,1,1,0,0,1,0,2,0,1,0,0.5734432295814766,-0.49332851233529357,-0.7462485839482624
3954,0,2,0,1,0,2,0,2,2,1,0,0,0,1,0,2,1,0,1,1,-1.8905056071341708,-0.7991812436586253,-2.212549895209855
3955,1,0,0,0,0,0,0,0,0,0,2,1,0,1,1,1,1,0,2,2,0.7070309759536646,0.8354615221677213,1.3541252189838422
3956,1,2,2,0,1,1,0,2,1,0,1,0,0,0,0,1,2,0,0,1,0.8338985048751785,-0.5632535695586658,0.1991557929054201
3957,2,1,1,0,0,0,0,1,0,0,0,0,1,1,1,0,2,1,1,2,-0.333375258027064,1.182418759074342,1.0858968735717163
3958,2,1,1,0,0,1,0,2,1,0,0,0,0,1,0,1,0,2,1,2,-1.2463875243404823,-0.3371241841842994,-1.7496432375473652
3959,1,1,0,0,0,1,0,0,1,1,1,0,0,0,1,0,2,1,2,1,1.6798413866516815,-1.5059851884046358,0.5415667340734198
3960,1,0,2,0,0,2,0,1,0,0,1,0,0,1,0,1,2,1,1,1,-0.8847887637438718,0.15767202647376,-1.0015393805136021
3961,0,1,0,0,1,2,0,2,0,0,1,0,1,2,2,0,0,0,0,0,0.5650384738076198,-0.9146896603990027,1.1786082329095242
3962,1,0,0,0,1,0,0,2,2,0,1,0,0,0,1,1,0,1,1,2,-1.1633361249981538,0.8180046172914894,-1.4000736429423046
3963,1,1,0,2,0,0,0,0,0,0,0,0,0,1,1,1,1,1,1,2,0.24291786619703934,0.6861026413577096,1.072955811844455
3964,0,2,1,1,0,1,0,0,1,0,1,0,1,1,1,1,1,1,0,1,1.2723318711887062,-0.021365847254034842,-0.6483361601194466
3965,1,1,1,0,0,1,0,2,2,0,0,1,0,2,0,1,1,1,1,0,0.06559600330096817,0.1391282050498246,0.9080187988166469
3966,0,1,0,2,1,2,0,0,0,1,0,0,0,0,0,0,1,1,0,1,-0.5064409595132191,-1.27436112736304,-1.1339054319392938
3967,1,2,1,2,0,1,0,0,0,0,0,1,0,0,1,0,1,0,1,1,0.1435286975203872,1.3504104902399412,2.799356888414675
3968,2,2,0,1,1,1,0,0,1,0,0,2,0,1,1,0,1,1,0,1,1.2206878385880962,1.854492694474413,-0.2971891686450705
3969,1,0,0,1,0,0,0,0,1,1,0,1,0,1,1,0,0,1,0,0,0.2957277324005796,1.6764098652137174,0.4693994002063364
3970,0,1,0,0,1,1,0,0,1,1,1,1,0,0,0,1,0,2,1,1,-1.9651338894717385,-1.718961205982741,0.43178475314662657
3971,1,2,2,0,0,1,0,0,0,1,0,0,0,0,2,1,1,1,2,0,-0.5750033774575417,-1.3770414733503822,-0.6041446625237262
3972,1,1,0,1,0,1,0,0,2,0,0,0,0,0,1,0,0,2,0,0,-0.35726089409678075,0.08703227477757614,-0.24257768214028505
3973,0,0,2,1,0,1,0,1,1,1,0,1,0,0,0,2,2,2,2,1,1.736968029729476,-0.2646564360808078,1.7956153727032216
3974,0,0,1,1,0,0,0,0,1,0,2,0,0,1,1,2,1,1,1,0,-0.9203558818651317,-0.35754032494519267,0.8690139271728247
3975,0,0,0,0,1,2,0,1,2,1,2,0,0,2,1,0,0,0,0,1,0.8358566859380717,1.6569565310029926,-0.07475527400285797
3976,1,0,0,0,1,1,0,1,1,1,1,0,0,2,0,1,1,0,1,2,1.0269931743536251,1.34476932158448,2.763757830768991
3977,0,1,1,0,0,1,0,2,0,0,0,0,1,0,0,0,2,2,2,1,-0.44505912207811266,-0.28987675727197315,2.2372274908954815
3978,1,0,2,0,0,1,0,1,2,0,0,1,0,0,1,1,1,2,0,1,-0.6964107849720536,-1.212624539624296,0.3019054318742299
3979,0,0,2,1,1,1,0,2,1,0,0,1,0,0,1,0,2,1,0,2,0.5155212062956759,0.40614419486922704,0.44387863726446286
3980,0,1,0,0,0,0,1,1,0,1,0,0,1,0,0,0,2,1,0,2,0.28441538147933404,-0.007597086066176734,-1.2386284812582804
3981,0,1,0,0,0,1,0,1,1,0,0,1,0,0,0,0,0,1,1,1,1.4673550088873593,-0.24864249797014382,0.39293787054957846
3982,0,1,0,0,0,1,0,0,2,0,1,1,1,0,1,1,1,1,2,1,-1.1782888753856373,-1.2225955844047096,-2.1703819487021208
3983,0,1,0,1,0,1,0,1,1,0,1,0,0,0,1,1,1,1,0,2,-3.010867921291254,0.07326284477379286,-1.8353696823618646
3984,0,1,1,0,0,1,0,2,1,1,0,1,0,1,1,0,1,1,1,0,0.3670744771705717,-0.43532115545463973,-1.3306354942766758
3985,0,1,0,1,0,1,0,0,0,2,1,0,0,0,1,0,1,0,1,0,0.41321298038746196,0.6085413511829662,2.188889807343851
3986,1,0,1,0,0,1,0,1,0,1,1,1,0,0,0,0,0,0,0,2,-0.9664588150214537,-0.5268635347390791,-1.3870037256067662
3987,0,1,2,0,0,2,0,1,1,0,0,0,0,0,0,0,1,0,1,1,-0.8040625259543597,-0.011198808540165,0.021150893372106405
3988,1,0,0,2,1,2,0,0,0,1,0,1,1,1,1,1,1,1,0,1,0.024489157511079992,-0.6680744479897628,-0.03495863409290917
3989,0,1,0,0,0,0,0,0,0,1,0,0,0,1,0,0,0,1,1,2,2.67256224036654,-0.5079652126675223,1.3824332491718054
3990,1,1,0,1,0,1,0,1,1,0,0,0,0,2,1,0,0,1,0,1,-0.0921494274231745,0.20628732645534226,0.6487519340243599
3991,0,1,0,1,0,1,0,1,1,0,0,0,0,1,1,0,0,1,1,0,1.0387087674071143,2.01245937486325,0.6100734133288058
3992,0,1,2,0,2,0,0,1,1,0,1,0,0,1,0,1,2,1,2,1,0.5292653691780362,1.9897433488561374,0.22726656341856233
3993,0,0,0,0,1,1,0,0,0,1,1,0,1,0,0,0,2,1,1,0,0.7361463156808721,-1.1773044178290637,2.5189594566181297
3994,0,1,1,0,0,1,0,1,1,1,0,0,0,0,1,1,0,1,1,2,-0.516612476045875,-1.7481392959814377,0.08537768435586812
3995,2,1,2,1,0,0,0,1,0,1,0,1,1,1,0,0,1,0,0,1,-1.4728226059490412,2.583373321242333,0.011472968428158009
3996,0,1,2,0,0,1,0,0,1,0,0,0,0,0,1,1,1,0,1,1,0.05200990021690055,0.5528770295895498,-1.2153680101190734
3997,0,1,2,0,0,0,0,1,1,0,0,0,0,0,1,1,2,0,1,1,0.02041972781141812,-0.3467133857260905,-0.23646274321838856
3998,1,1,1,0,0,1,1,1,2,1,1,0,1,0,1,1,1,1,1,0,-0.9259809131743029,-0.6346549362147896,0.015020172331219328
3999,0,2,0,0,0,0,0,0,0,2,0,0,0,0,1,2,0,1,0,0,-1.8269902787871288,-1.1849245938908284,-2.6643709462660987
4000,0,1,1,0,0,0,0,0,1,1,1,0,0,0,1,1,1,2,1,1,1.6432325092065387,-1.425230837840174,-0.8199345434182846
4001,1,0,1,0,0,0,0,0,2,0,0,1,0,1,1,0,0,1,1,0,1.0140298457291592,-0.23911710054819982,0.2667057514231373
4002,1,0,1,0,0,1,0,1,1,1,1,1,1,0,0,1,0,2,1,2,-0.4352839537053803,0.9092549038903682,0.034501141934193846
4003,0,1,0,0,0,1,0,1,0,0,0,0,1,0,1,1,1,1,1,1,-0.31189234609648026,1.0470316807712619,2.0262922047994563
4004,2,2,1,0,0,0,0,0,2,1,1,0,1,0,1,1,2,1,1,2,1.9707684918724353,1.634519487234026,0.4723128159418225
4005,0,0,0,1,0,1,0,2,0,1,1,0,1,0,1,0,1,2,0,1,0.008817922124729862,0.9322200543048265,0.44732903156798337
4006,2,1,1,0,1,1,0,0,1,1,0,0,1,2,1,0,1,0,2,1,1.760067464541701,0.13063746752850955,0.5939906877173502
4007,0,1,1,0,0,1,0,1,1,1,0,1,0,0,1,1,2,2,1,0,-0.7850339082373855,1.2006285712555074,0.5639570204813475
4008,0,1,1,1,2,1,0,1,1,2,0,0,0,1,0,1,1,0,1,1,-2.15915200821567,-0.6135158903412306,-0.1816139325561401
4009,0,0,1,1,1,1,0,1,1,1,0,0,0,1,1,1,1,0,1,1,-0.5970264358617411,0.7963450835346451,-0.17050235685616222
4010,1,0,2,0,0,1,0,1,0,1,0,1,0,2,1,0,1,0,1,0,-0.8998770037043435,-1.071533296604155,-0.4313259667487717
4011,0,0,0,0,1,1,0,1,0,0,0,1,0,0,0,1,1,0,0,1,1.0729470700694246,1.5924040071952872,2.1688452033148837
4012,1,1,1,0,0,0,0,2,1,1,0,0,0,1,2,0,1,2,2,1,0.572968717344268,0.6121463953269597,-0.10654055803665108
4013,0,0,1,0,0,1,0,0,1,0,0,1,0,1,0,1,0,0,1,1,0.2680897618682294,-0.5519776066284255,-0.25752916264322195
4014,0,1,0,0,1,1,0,1,0,0,2,0,0,0,0,0,0,0,0,1,-2.3307149379099728,0.3959916744135211,-0.05373082687180253
4015,0,1,1,0,1,1,0,0,1,1,0,0,0,1,0,1,0,1,2,2,-1.409609531610967,-0.7728810708477323,0.04566093118166881
4016,2,1,0,0,0,0,0,1,1,0,0,0,1,1,0,0,2,2,1,0,-0.56240577056273,0.4285831875320602,-1.8728887076340746
4017,0,1,1,0,0,1,0,1,0,0,0,0,0,1,0,0,2,1,0,1,-0.15644876302519276,1.6410370012576891,0.5363962833695239
4018,1,1,1,0,1,1,0,2,0,1,1,0,0,1,0,1,1,1,1,1,-0.6372590610150811,-0.6108235301270727,-0.4817803043519268
4019,0,1,1,0,1,2,0,0,0,0,0,0,0,0,1,0,2,2,0,1,-0.46117226382883303,-0.7666120269248147,0.936185918536027
4020,1,1,1,1,1,1,0,0,1,0,1,0,0,0,0,2,0,0,0,0,0.47536277379770453,0.3988116251950651,1.5840038718673046
4021,1,0,1,0,1,1,0,1,1,0,0,0,2,1,0,0,2,1,1,1,1.797865711179582,0.3740771539399096,1.0417447978845495
4022,0,0,1,0,0,1,0,0,0,0,1,0,0,1,0,0,1,0,0,0,1.7660771039097842,0.7103918631698399,0.1842332141156786
4023,1,1,1,1,0,0,0,0,2,0,0,0,2,1,1,1,1,1,0,0,-0.41408722786003366,-0.09078893761437626,-1.2018961795870329
4024,0,0,1,0,1,0,0,2,0,0,0,0,0,1,0,2,0,1,1,2,-2.0466711072330668,1.1321981492099353,1.1595514417079673
4025,1,1,2,0,0,1,0,2,0,1,1,0,1,0,0,1,0,0,1,0,2.021246164305727,1.580701839605446,1.0085390297752013
4026,1,0,1,1,0,1,0,2,1,1,0,0,1,0,2,1,0,0,0,1,0.8388718210615044,0.034948878127344624,0.8521656879064727
4027,0,0,0,0,0,1,0,1,2,0,0,1,1,1,0,1,1,0,0,2,1.3782236218841886,-1.4389030119466626,-0.653278234914936
4028,1,2,1,0,2,1,0,2,1,0,0,0,0,1,1,1,1,1,0,1,-0.5388835452180197,1.9416522139959844,-0.1635410042340889
4029,0,0,1,0,0,0,0,1,1,0,1,0,0,0,0,0,2,0,1,2,-0.18353236662007044,0.5786297377744037,-0.9312025715780361
4030,0,0,1,0,0,0,0,1,1,1,0,1,0,0,0,0,1,1,0,0,0.9583556318286961,-0.45233856333117556,-0.26529026744070267
4031,1,2,1,0,0,0,0,0,1,0,1,0,0,0,0,2,1,0,1,1,-0.09073139278069695,0.11037562924220726,-0.5589023985253564
4032,0,0,2,0,0,2,0,1,2,1,0,0,0,1,0,1,1,1,2,0,1.4887468171790699,0.3119900682944437,2.577162962591331
4033,1,1,1,1,1,0,0,0,2,1,1,0,1,1,0,0,2,0,1,0,0.4646484575367289,0.8141976121382927,-0.9069501719837495
4034,0,2,2,0,0,2,0,1,1,0,0,0,0,1,1,0,1,0,0,2,-0.7176524580208201,-0.7715346159159131,-0.2840590232874669
4035,0,1,1,0,1,1,0,1,0,0,0,0,0,0,1,1,2,1,0,0,-0.021032193756371807,-1.3029398397765337,-1.1789705212023402
4036,1,1,1,1,0,0,0,1,0,1,0,1,0,0,1,0,0,0,1,1,-0.5013332102796385,1.191298626851646,1.8921400154190047
4037,1,0,1,0,0,1,0,1,1,0,0,0,0,1,0,0,2,0,1,2,-0.5752153853773498,-0.06210652238589978,0.07998388205841905
4038,0,0,2,1,1,0,0,0,0,0,1,0,1,0,0,1,1,1,0,2,-0.014603703309577989,0.574829632565059,-0.5398728200634457
4039,1,1,0,0,0,1,0,1,0,1,0,0,0,0,1,0,1,1,0,1,0.3149794783774584,0.3542629792407057,-0.5558781999873192
4040,0,1,1,1,0,1,0,1,0,1,1,1,0,0,1,0,1,1,0,2,-0.500145130219295,0.03364860886505508,-0.1162192452131484
4041,1,1,1,0,1,1,0,1,2,1,0,1,0,0,1,0,2,1,2,0,0.6503358258954055,1.1033331575637197,-0.221294841836996
4042,0,0,2,0,0,2,0,1,1,0,0,0,0,1,0,1,0,1,1,1,-0.3026409172683901,-0.6415163660953305,-1.2663470525245208
4043,0,1,1,1,0,0,0,1,0,0,2,1,0,1,1,0,0,1,1,1,-0.7728196527327275,-1.7789006438807111,-0.393757003162246
4044,0,1,0,0,0,0,0,1,1,1,0,0,1,0,0,0,1,0,0,1,-0.2669520683058986,0.62671339820913,-0.2817520154661909
4045,1,2,2,0,0,0,0,1,2,0,1,1,1,0,1,0,1,1,1,2,1.504438739329047,1.6181893867173567,2.425941988359651
4046,0,0,1,1,0,2,0,0,1,1,1,0,1,0,0,1,2,1,1,0,-0.5883056738396696,0.44412941614082746,-0.574481747161578
4047,1,1,0,1,0,1,0,0,1,0,1,0,0,0,0,0,1,0,0,1,0.41807244340376476,-1.4219866691809997,-1.1085710570414409
4048,1,2,0,0,0,0,0,0,0,0,0,0,1,1,1,1,2,0,0,1,0.3782961333865292,1.2427133003887767,0.1507772873195607
4049,0,0,1,2,0,1,0,1,2,0,0,2,0,1,1,0,1,0,0,1,-0.5141091545916676,-1.6246552293487895,1.223871742663337
4050,0,0,1,0,1,2,0,1,1,1,0,1,1,0,0,1,0,0,1,1,-0.7951774492041018,-0.3764613537987911,-0.8891782490309614
4051,2,1,2,0,0,0,0,0,1,0,0,2,1,1,1,1,0,1,1,0,1.1572503205038556,0.7782011982103114,1.5971563427656505
4052,0,2,0,0,1,1,0,2,1,0,0,0,0,0,1,1,1,0,1,1,0.041481732080438316,0.41529565886461606,-0.7516146586672185
4053,1,1,1,1,0,0,0,2,1,0,2,0,0,1,0,1,1,1,0,2,0.752887421668032,1.2673510396543504,1.7227354862691386
4054,0,1,1,1,1,0,0,1,1,0,0,2,1,1,2,1,2,0,0,2,-0.5416560283518426,0.1712726284079104,-0.26368436267419076
4055,1,2,0,0,0,1,0,1,0,0,0,1,1,0,0,0,1,0,0,1,-0.4008533949100216,0.27136368611278794,1.4732107463248205
4056,0,1,0,0,0,1,1,0,2,0,0,0,0,1,0,1,0,2,0,1,-0.5458421599594727,-1.4034854232739005,-2.1616453212946056
4057,1,0,0,1,0,2,0,1,1,0,1,2,1,0,0,1,1,1,1,2,-1.0560719735801238,-0.6555832488188106,-0.32166044701285706
4058,1,1,0,0,0,1,0,2,0,0,1,0,0,0,1,1,1,0,1,0,-0.14334837105433396,0.008332895553866203,-0.07785003866550028
4059,1,1,0,0,1,0,0,2,0,1,0,0,1,0,1,0,1,0,1,1,-0.05306058243471405,0.06985754229324007,0.07316976822878893
4060,0,1,1,0,0,0,0,0,0,1,0,0,0,1,1,0,1,1,1,0,1.0652910487668776,-0.2920308979698137,-1.0491752750380101
4061,2,2,1,1,1,2,0,1,0,0,0,1,0,1,0,1,1,1,0,1,-0.8355962794627998,-1.0110493603348272,-1.0854445593030742
4062,1,1,1,0,0,2,0,2,1,1,0,0,0,1,0,2,2,1,1,1,-0.3451896814484238,0.4768180447586773,0.7305663739737768
4063,1,1,0,0,0,1,0,1,0,2,1,1,1,1,0,0,1,0,1,0,0.7049606014038495,0.0639856115662506,1.4148929181535164
4064,1,1,0,0,0,0,0,2,2,1,1,0,0,1,1,1,1,0,2,2,-0.48103416698764667,-0.4620939613976652,0.6844537431292044
4065,1,0,0,0,1,0,0,1,2,1,1,1,0,1,1,0,1,0,1,1,0.2607348555560415,1.156413182025326,-1.0036657478091282
4066,0,1,1,1,1,1,0,1,0,1,0,1,1,1,0,1,0,1,0,1,-1.3162204262678818,-0.19143403289761093,-0.5473102108540944
4067,1,1,1,2,0,1,0,1,2,0,1,1,0,0,0,1,1,0,0,0,1.3021172661286817,0.6667119983728137,0.5152557668157953
4068,1,1,1,0,0,1,0,2,0,0,0,0,0,0,1,1,0,1,1,1,-0.15608469840756936,-0.17062965906051875,-1.132823135331884
4069,0,1,0,0,2,0,0,0,1,0,2,0,0,0,0,0,1,1,0,1,-1.5771939475628658,-0.48160659368635905,-1.522720164552338
4070,0,0,1,1,0,0,0,0,0,0,1,0,1,0,0,1,2,2,1,0,-0.7781701948577053,-1.5721895266106871,1.793681797376809
4071,1,1,0,1,0,1,0,0,2,1,0,1,0,1,0,0,1,2,0,1,0.3398198157165478,1.1657975498931907,-0.1520185189184654
4072,0,2,2,0,1,1,0,1,1,1,0,0,0,1,1,0,1,0,1,0,0.21162673586076047,1.5082009179819071,1.7512918928186676
4073,1,1,0,0,1,1,0,2,1,1,0,0,0,0,0,0,0,1,1,2,0.1901365860912363,-0.009838214921902275,-0.8742882848039331
4074,1,1,0,1,0,1,0,1,1,0,0,0,1,0,0,0,2,0,1,1,1.3667142818738955,-0.624506707826587,0.8395890123098881
4075,1,1,2,1,0,2,0,0,2,0,1,1,0,0,0,0,1,0,1,0,1.3610898713130624,-0.9308466508932299,2.1402885522889026
4076,0,2,0,0,1,1,0,1,0,0,0,0,0,1,0,1,0,1,1,1,0.14643610273366428,0.6782811972570342,0.4701944373086911
4077,1,1,1,1,0,1,0,1,1,0,0,1,0,0,0,0,2,2,0,2,1.7274585320011577,-0.20554749171615644,1.017661212878941
4078,1,0,1,0,0,1,0,1,1,0,0,0,0,0,0,0,1,2,1,0,-0.6678379413271522,-0.6223100826091613,-0.8174942788039037
4079,0,1,1,0,0,1,0,1,2,0,0,0,1,0,0,1,0,1,0,0,-1.2045373407258908,-0.9873192524599054,0.3268580448666236
4080,0,0,1,0,1,0,0,0,2,0,0,0,0,0,1,0,1,1,0,1,1.1138873490927343,-1.0501326197042613,1.1747236087165227
4081,0,1,1,0,0,0,0,1,0,1,0,0,2,0,0,0,1,0,1,0,-2.352965188357834,-1.880052041864766,-0.4919202506696878
4082,0,1,1,1,0,1,0,0,1,0,0,1,1,1,2,1,1,0,1,1,0.875395435189731,-0.49389871645146854,0.2820425446571793
4083,0,1,0,0,1,1,0,0,2,2,0,1,1,1,2,0,1,1,1,0,1.225131374116989,-0.7902018006931582,2.6022764937621083
4084,2,2,1,0,0,2,0,1,0,0,0,0,1,1,2,0,0,0,1,1,0.6568386919177985,-0.49425357668512326,2.559266410389814
4085,0,2,0,1,0,2,0,2,0,0,0,0,1,0,1,0,1,0,1,1,1.1875115171314161,-1.406204238104781,0.9611583978279536
4086,1,1,2,0,0,1,0,0,1,0,0,1,0,0,0,1,2,0,2,1,0.9634101324467792,0.391296295499588,1.7626695393348226
4087,0,2,2,0,1,0,0,0,1,0,1,0,0,1,1,0,1,1,2,1,-1.2075058246731356,0.005809086274988662,-2.1280808386463645
4088,0,2,0,0,0,1,0,2,0,1,1,0,0,1,0,2,2,0,1,0,-0.8500822387571293,0.5527582200435373,-2.3467138129749916
4089,1,1,1,1,0,0,0,0,2,0,1,0,0,0,0,1,2,0,1,2,-0.4748816896925769,-0.16189380861426803,-0.26009535986002313
4090,1,0,1,0,1,1,0,1,2,0,1,0,0,0,0,0,1,1,1,1,-1.2364556609869717,-0.9713052314100856,0.13709190129987303
4091,1,1,1,1,0,0,0,0,0,1,1,2,0,1,0,1,1,0,1,2,2.017420110240912,-1.1172988773730288,2.143523310662517
4092,1,0,1,0,0,0,0,1,0,0,0,0,0,1,1,1,2,1,0,0,0.6239314358714927,1.0721736465071354,0.2846003343650402
4093,0,1,1,0,1,1,0,2,1,1,0,1,0,0,2,1,2,2,0,1,-0.4996675961920548,0.2180902001212493,-0.4861375662357788
4094,0,0,2,0,1,1,0,1,0,2,0,0,0,0,0,1,0,2,0,2,-0.9265092352049648,0.023090221511049752,0.7381360241638198
4095,1,0,1,0,0,1,0,1,0,2,0,0,0,0,1,1,1,2,1,2,-1.6709131375353778,0.26190695491351335,-2.3288951352988008
4096,0,1,2,1,0,0,0,0,1,1,0,0,0,0,1,0,2,1,0,0,-1.1962971201842072,-0.509818651031198,-0.5545237237999245
4097,1,1,0,0,0,1,0,1,1,1,0,1,0,0,0,1,1,2,1,0,-0.1534899194655668,0.2500539790738182,-0.3316348973768851
4098,1,2,1,0,0,2,0,1,0,0,0,1,0,0,0,1,0,1,0,2,-0.2711153937698213,-0.2103563975475377,-0.47454708014430846
4099,1,1,1,0,0,2,0,1,1,1,0,0,0,0,2,1,0,2,1,2,-1.4742988048886658,0.5656282377016519,0.001270902544000918
4100,0,1,1,0,2,1,0,2,0,1,1,0,0,0,0,1,0,1,1,1,-1.623569874887221,-0.8166981160131651,-0.8519912465388757
4101,1,1,1,1,0,0,1,1,2,0,0,1,0,0,1,0,0,1,0,0,-0.9815395370081105,-1.0439731040869866,-0.1961432866968834
4102,2,0,1,0,0,1,0,0,2,1,1,0,1,0,2,0,0,0,1,0,-0.2258413511692331,-0.9738675851804768,-0.27367258366530545
4103,0,2,1,0,0,1,0,2,1,0,0,0,0,0,2,1,1,1,1,2,-0.17324760397880926,1.9509417778643425,-0.7204512355238548
4104,0,1,1,1,0,1,0,0,0,0,0,1,0,0,0,0,1,1,0,2,0.6355784741554535,-0.16221994638078047,2.580672267125395
4105,0,1,1,0,1,1,0,1,1,0,1,0,0,0,0,0,1,1,0,1,-0.5803311871797919,0.9089159982455615,0.8974687034562971
4106,1,0,1,0,0,0,0,0,1,1,0,1,1,0,0,0,0,1,1,1,-0.30080302338731674,0.5023735976789707,-0.5534603368023375
4107,1,1,1,1,0,0,0,1,0,0,0,1,1,0,0,0,2,1,1,2,0.5697787201501916,1.6244138768149199,1.2903895755093617
4108,2,0,1,0,0,1,1,0,1,0,1,0,0,0,2,0,2,2,0,1,-0.24965357306028754,-0.030903810924761854,-1.463393256206167
4109,0,1,1,0,0,0,0,1,2,0,0,0,0,0,0,1,1,2,1,2,0.9268544562915801,-0.07938958222626422,-1.3071820437499397
4110,0,1,1,1,1,1,0,1,1,0,1,1,0,0,0,0,1,0,0,2,-0.044739694057499765,0.8925577904004705,-1.3640771596227697
4111,2,0,0,0,2,0,0,1,0,0,2,0,0,0,0,0,0,0,1,1,0.7522362541007488,-0.4785063366811668,1.1437656777237417
4112,1,1,0,0,0,0,0,0,1,1,1,0,0,1,1,1,1,1,1,1,1.460602424892687,0.5251093652985414,0.7865972583725281
4113,1,1,0,0,0,1,0,0,1,1,0,0,0,0,1,0,2,2,0,1,0.22074844692344095,0.5099299609522387,0.7604411796708941
4114,2,1,0,0,1,1,0,2,1,2,0,0,0,1,1,1,2,1,1,1,-0.24813256832577138,-1.096547647769134,0.3176719859010837
4115,0,1,1,1,0,1,0,1,1,0,0,0,0,0,0,1,1,1,1,1,-0.13964646190454666,-0.34459041563972626,-1.2706886287423231
4116,1,0,0,0,1,1,0,0,0,0,1,0,0,1,0,1,1,0,1,1,-2.148053084727838,-0.8923251452030565,-1.3716279531704059
4117,0,1,0,1,0,1,0,1,0,1,1,0,0,2,0,0,1,1,1,1,-0.6952754873856372,-0.498770353516181,0.4887627493061409
4118,2,0,2,1,0,2,0,1,1,2,0,0,0,0,0,1,1,0,0,0,-1.4050902657418431,-1.5348941325379672,-0.6013741251851052
4119,0,1,1,0,0,2,1,0,0,0,0,0,0,0,0,2,1,1,2,2,2.754038433384647,0.7459591178947972,1.0559846374707764
4120,0,2,0,0,1,0,0,1,2,0,0,0,0,0,0,1,1,1,0,1,2.0259484875145946,-0.3001805463465035,0.34527661750822325
4121,0,2,0,1,0,0,0,1,0,0,0,0,0,0,1,1,0,1,0,2,-0.5314933148744304,0.30862289141097415,0.2804062820561813
4122,1,0,0,0,0,0,1,1,1,1,1,1,0,1,1,1,2,1,0,1,-1.010667653059168,2.1324685712125984,-0.5382726360847384
4123,1,1,2,0,0,2,0,1,0,0,0,0,0,0,1,1,1,0,0,1,-0.48506654568551905,-0.36683126612881317,-1.194217785868145
4124,2,1,1,0,0,0,0,0,2,2,0,0,0,0,0,1,1,0,0,2,-0.42492047585426695,-0.7904595547071813,-0.48125313426571104
4125,1,0,1,1,1,0,0,0,1,0,2,0,0,0,1,1,2,1,1,1,-0.7702701446004927,-0.6257011148523971,-1.048967144546414
4126,1,1,0,0,0,1,0,2,0,1,1,0,0,0,1,0,2,1,0,0,0.6127010551042292,0.8325955187037434,0.6687516068543964
4127,1,1,0,0,0,0,0,2,2,0,1,0,0,1,1,0,1,2,0,2,-0.4272208081628171,0.2289071805753205,0.8612743384880789
4128,1,1,2,0,1,0,0,1,1,0,0,0,0,0,0,0,1,0,1,2,0.7425610818867961,-0.648862675904211,0.5768176921564356
4129,0,1,0,0,0,2,0,1,1,1,0,0,0,1,0,2,1,0,0,1,0.6808736461675066,1.0254164182163494,1.121891654946122
4130,1,0,0,0,1,1,0,2,1,1,0,0,1,0,0,0,1,0,0,0,1.0540083194107892,0.024220665150729015,0.5767061687052849
4131,1,0,1,0,1,1,1,1,1,1,0,0,1,0,1,1,1,1,1,2,0.6952181471560258,1.0149801282197004,-0.21642559301439834
4132,0,0,2,0,0,1,1,2,2,0,0,0,2,0,0,0,1,0,1,0,-0.1562736935484329,-1.07832271748908,0.18804043056055103
4133,0,1,1,1,2,1,1,1,2,1,0,1,1,1,1,0,0,1,1,0,-0.4274813109886174,1.2501637528670333,0.41490369527600235
4134,1,2,0,1,0,0,0,1,0,1,0,1,1,0,0,1,0,1,0,2,-0.8250096665004972,1.3040854212711752,-1.0537442282316234
4135,1,1,0,0,1,0,1,0,1,1,0,0,0,0,0,1,1,1,2,1,1.2394021164755231,2.001007810310269,1.691245024518718
4136,2,1,1,0,0,1,0,1,0,0,0,0,1,0,0,0,0,1,2,1,-1.4474239063471959,-0.16998514256738004,0.06529661521507513
4137,1,1,1,0,1,1,0,0,2,1,0,0,2,0,0,0,2,1,0,2,-0.204039006661963,-1.0584960333274733,0.27133322966605655
4138,0,2,1,1,0,1,0,0,1,1,2,1,0,0,1,1,1,1,0,1,-0.4096536334412024,-0.28218530281779103,0.5796102561347263
4139,0,0,1,0,1,1,0,1,2,0,0,1,0,0,1,2,0,1,0,0,1.0603860043361464,0.6302722903474446,0.35596794890485706
4140,0,1,0,0,0,1,0,1,1,1,1,0,0,1,0,0,1,0,1,2,0.915578847208231,0.29124269063577884,1.1243784809295745
4141,1,1,1,0,1,1,0,0,1,0,0,1,0,0,0,0,1,1,1,1,-0.9965769020106715,-0.1699905805537198,-1.6368508189894984
4142,0,1,2,0,0,1,0,1,1,1,0,1,0,1,0,1,0,1,0,1,-1.3393138760196277,-1.4454932956216457,-1.231090128779897
4143,0,2,0,0,0,1,0,0,0,0,1,0,1,2,1,1,0,2,1,1,1.2567179654629637,-0.7922693967939417,-0.4370755122768063
4144,1,1,1,0,1,1,1,1,0,0,0,0,0,1,0,0,1,0,1,0,-0.06886516048045664,-2.301329507701803,-1.3004297060640029
4145,1,2,1,0,0,1,0,1,2,0,1,0,0,0,0,0,2,0,1,2,-0.7625725057530897,0.011645554158261073,-0.17573997987839948
4146,1,2,1,0,0,0,0,1,0,1,1,1,0,2,0,2,1,2,0,1,0.10922209012815452,0.3906843635681765,0.7698454450943711
4147,0,1,1,1,0,1,0,0,1,1,0,1,1,0,0,0,1,1,1,1,0.897647364505708,-0.07732617674079886,-0.8835330675474454
4148,0,1,0,0,0,0,0,2,0,1,0,1,0,1,2,1,1,0,1,1,-1.6020332354867712,-0.3737402194888691,-0.05037085132954511
4149,0,1,0,0,0,2,0,1,0,1,0,0,0,0,0,1,0,0,0,0,-1.4016643970243252,-0.5905274825072421,-0.2270264531520173
4150,0,2,2,0,1,0,0,0,1,1,0,1,0,1,0,0,0,1,1,2,-2.497915650232425,-0.7839156578226139,-0.26973574114029364
4151,1,2,0,1,1,1,0,0,0,1,1,0,0,0,2,0,1,0,0,1,-0.9480208065869723,0.29433139236538897,0.8029163739476917
4152,1,2,1,0,1,1,0,1,1,0,0,1,0,1,0,0,1,0,0,1,0.7177645870481898,0.6279025826331279,0.48202155196990437
4153,0,0,1,0,0,1,0,1,1,1,1,0,0,0,1,0,0,2,1,1,0.9774255958935112,0.9775370680732609,1.6138199795151473
4154,0,1,1,1,1,0,0,2,1,2,1,0,1,0,1,2,1,2,0,2,0.2970428373875731,1.4290120859003335,0.9492440972791748
4155,1,2,0,0,0,0,0,1,0,0,0,0,0,0,0,1,1,1,1,1,-0.7355095755625504,-1.0143375807389077,-1.8056996650236325
4156,1,1,0,0,1,0,0,1,0,0,0,1,0,1,1,0,1,0,0,0,0.10429513271136766,0.8363687000035848,0.08610764311556995
4157,2,1,0,0,1,1,0,1,1,1,1,0,0,0,2,0,1,1,0,2,0.946664509815219,-1.52843497192636,1.3369066524527884
4158,0,0,1,1,0,0,0,2,1,0,0,2,0,0,0,0,2,0,2,1,0.7394562476916914,1.1177924431204243,1.2818276930900248
4159,1,0,0,0,0,1,0,2,1,0,0,0,0,1,0,2,0,1,0,0,0.6860265861151836,0.32155907105016934,-1.1447219485024116
4160,1,1,2,1,0,0,0,1,1,1,1,0,1,0,1,0,0,1,0,0,-0.8077981679670354,-0.857229268395223,-0.467513706096958
4161,0,1,2,1,0,0,0,1,1,0,2,0,0,0,1,1,2,1,0,1,-0.7938526877961105,-1.8656286008213092,-1.569769181494888
4162,0,2,1,0,0,0,0,2,1,0,0,0,1,1,1,0,2,0,0,0,0.1980621662997079,-0.4788148390480572,-2.909806291897565
4163,0,1,0,1,2,0,0,0,0,1,0,0,0,0,1,2,0,1,1,2,0.8504546810626952,-1.2513771266306302,-0.10648543950783834
4164,1,1,1,0,0,1,0,2,0,0,0,0,0,1,2,0,0,1,0,1,1.6108591077104717,0.34001835092190213,0.14206279852449022
4165,1,2,0,0,0,0,0,0,1,1,0,0,0,0,0,1,1,1,0,0,-0.5137029642799522,-1.0960064465046857,-2.0047648187279483
4166,0,0,2,0,0,1,0,2,1,0,0,0,1,1,1,0,2,1,1,0,-0.3728929895845467,0.6021025126439514,-1.5518794551713437
4167,1,2,2,0,0,0,0,1,1,1,2,0,0,0,0,1,1,1,2,1,1.6949168016185578,-0.08632209048312461,-0.295945181820624
4168,1,1,0,0,0,0,0,0,0,0,0,0,0,2,1,1,1,2,1,2,1.3092415716882062,-0.7842517765323254,0.9987305284621569
4169,0,0,1,2,1,1,0,1,1,1,0,0,0,0,0,0,1,1,1,0,-0.5571797504057294,1.2625566971831115,-0.41884153024313886
4170,0,1,1,0,0,1,0,1,1,0,0,1,0,1,1,1,1,0,1,1,0.19324980685339596,0.10956438178060432,0.48627853750027233
4171,1,2,1,0,2,1,0,0,1,0,0,0,0,0,0,2,2,2,1,1,-0.7953012225540882,-1.3728113500397758,-0.3798970564116523
4172,2,1,2,0,0,0,1,0,0,0,1,0,0,0,1,2,0,1,0,1,0.13373385407606594,-1.2170111698416044,0.3826176565373408
4173,1,1,1,1,0,1,1,1,1,1,1,1,1,1,1,1,0,0,0,0,-1.2658314211145507,0.8817666769999257,0.27459190452151444
4174,1,2,1,1,1,1,0,1,1,0,1,1,0,0,0,1,1,0,0,1,-1.171376904627152,0.5589967010611121,-1.4349627600585915
4175,1,2,0,1,0,1,0,1,2,0,0,0,1,1,0,1,2,1,0,0,-1.241931569344566,-0.6324571424347071,1.5165796739864732
4176,0,0,0,0,0,2,0,2,1,1,0,0,0,0,1,1,2,1,2,1,1.734425196455415,-0.7025175043891452,-0.6148109685311468
4177,0,1,1,1,0,0,1,2,2,1,0,1,1,0,1,0,2,0,2,2,0.1295163552802952,-0.272341119689051,-0.8476756807391189
4178,0,1,0,1,2,0,0,0,2,0,1,0,0,0,1,0,0,1,2,1,0.13520997881570393,-1.4070421002519216,-0.38262061640905476
4179,1,2,1,0,0,1,0,2,0,1,1,2,0,1,0,0,2,1,2,1,0.033556295754909746,0.750757951359104,1.0894041103860348
4180,1,1,1,1,0,0,0,1,2,0,0,1,0,1,1,0,1,1,1,2,-0.24798729705684067,0.4164132463308487,-0.12523363469808815
4181,0,1,1,0,0,1,0,1,2,1,0,1,0,0,0,1,0,1,0,1,-0.327871744256405,1.5240827614939003,-1.2945926239762873
4182,1,1,0,0,0,1,0,1,1,1,0,1,0,1,1,0,1,0,0,0,2.3780537389743373,2.3574985031855817,0.7630492533388679
4183,1,2,2,0,2,2,0,1,0,1,0,0,0,2,1,1,0,1,0,1,1.1584830237025472,0.19276087688340549,0.3847298774019914
4184,2,1,2,0,0,0,1,1,0,0,1,0,0,0,0,1,1,2,1,0,-0.8784632869028322,-0.8687779609171634,-1.7429294230707497
4185,2,1,0,0,0,2,0,2,1,1,0,0,0,0,1,0,2,2,1,1,0.972637245300549,-0.11343947935010432,-0.6346849585403154
4186,2,2,0,0,1,1,1,1,1,2,1,0,1,0,0,0,1,1,0,2,0.8934362224410435,-1.7116348907880459,-0.702371116783105
4187,0,2,2,0,0,0,0,1,2,0,1,0,0,1,1,0,1,0,1,0,0.05367085582595587,1.0241319399996651,1.9982174015298027
4188,0,0,2,0,1,1,0,0,1,0,0,0,0,0,1,0,0,1,1,2,-0.7078420334621657,-0.6649175593667888,-0.7505971375686367
4189,0,1,1,0,0,1,0,0,1,0,1,0,0,1,0,1,1,1,0,1,1.3948048633335477,0.759544007946042,1.3556164442661145
4190,1,1,1,0,0,0,0,0,1,0,0,2,0,0,1,1,2,0,1,1,0.11814911472164932,0.5708843959222749,0.18879496196472828
4191,0,1,0,0,1,0,0,0,2,2,0,1,0,2,1,1,0,0,2,0,-0.19204410764098717,-0.8476868015437469,0.595136384830294
4192,1,1,1,0,1,1,0,1,2,1,0,1,0,1,0,0,2,0,1,1,-0.7798692037393777,-0.26979517813213744,0.07131300186027506
4193,0,0,0,0,1,1,0,1,1,1,1,0,0,0,1,0,1,0,2,1,-0.2743278275086835,-1.7225035940214832,-1.3951021182344223
4194,0,0,1,0,0,2,0,1,1,0,0,0,0,1,1,0,0,2,0,1,0.7010432970138037,0.18173480545067594,1.1173413345445717
4195,1,1,0,0,1,1,0,1,2,0,1,1,0,1,1,0,1,0,1,1,-1.4578876295750778,1.2960577599820748,-1.5864002677370355
4196,0,1,2,1,1,1,0,0,1,0,0,1,1,0,2,0,0,1,0,1,1.7935315016543845,-0.014406368597962349,0.16182048613447297
4197,2,1,2,2,0,2,0,2,1,0,1,0,0,0,2,0,0,0,1,0,1.4181871161557433,-0.007673354866365167,-0.05524798026448785
4198,0,0,1,0,0,2,0,0,0,0,1,0,0,0,1,1,0,1,1,0,0.284684209966512,0.7720420021766659,1.4193329719944041
4199,0,2,1,0,0,0,0,1,0,0,0,0,0,0,0,0,1,0,1,0,1.0661702550714172,-0.36272314992773486,-2.2640567397334594
4200,1,1,2,0,0,0,0,1,2,1,0,0,1,1,2,1,0,2,0,2,-0.8761270078170572,-1.7011078528870345,-1.2255292619996032
4201,0,2,1,1,0,1,1,2,0,1,0,0,0,0,1,1,2,1,0,1,-1.4224097259722173,0.35678877619991134,0.08460663639119659
4202,0,1,0,0,0,0,0,1,0,1,0,0,0,0,2,0,2,1,1,0,0.7551863442455282,-0.22853510432644136,0.12362158456631753
4203,1,0,1,0,0,1,0,0,2,0,1,0,0,1,0,1,1,1,0,2,0.02316391198943216,0.4415696796700237,0.4271876719437526
4204,1,1,1,1,0,1,0,1,0,0,1,0,1,1,1,0,1,1,0,2,0.8717638343844081,1.4170985034131895,-0.06582247197779278
4205,1,1,1,0,0,1,1,0,1,1,0,0,1,0,1,2,2,1,0,1,-1.3946344356977267,-0.7278105511892493,-0.31349218637039167
4206,1,1,0,0,1,1,0,2,0,0,1,0,0,0,1,0,2,2,1,0,-0.9797711820000232,-0.9575357360932857,-0.05744508003698645
4207,0,0,1,0,0,0,0,0,1,1,1,0,0,0,1,1,1,1,0,1,-0.9826680880663833,0.6427099856356357,1.0701552835671837
4208,0,0,1,1,0,2,0,1,1,1,0,0,0,0,0,0,1,1,0,0,0.3859970172171269,-0.9286121314861362,1.1304592945434169
4209,0,1,1,0,1,1,0,1,0,0,0,0,0,0,1,1,1,0,0,2,-1.5404944640190457,0.7301078847600663,0.9066354753238028
4210,1,2,1,0,0,2,1,0,2,0,0,0,1,0,0,0,1,2,1,2,0.4241783712314748,0.8226191519799195,1.3817517249029447
4211,0,2,2,0,0,1,1,1,0,1,1,0,1,0,0,1,1,0,1,2,-0.6185190767736322,0.3596096738042931,-0.3812455655358479
4212,1,1,1,1,0,0,0,1,0,0,0,0,0,0,1,1,1,0,0,1,0.8451507780792262,-0.25414764811796936,-0.012310632572758995
4213,2,0,2,0,0,1,0,2,1,1,1,0,0,1,1,0,1,1,0,0,1.0344034861594096,0.7832246935591098,0.721183807432567
4214,0,1,0,0,0,0,0,2,1,0,0,0,2,0,1,1,0,1,1,1,-0.46034203672158874,-0.5081396701177563,-1.4637513194221867
4215,1,1,1,0,0,0,1,0,0,0,0,0,1,1,1,1,0,1,0,0,0.5066760298712464,1.323731613086066,0.6190262912666726
4216,0,0,0,1,0,1,0,1,0,0,0,1,1,1,0,0,1,0,1,0,-0.2884665255618104,-0.8292113511748166,-1.797701861572936
4217,0,1,1,0,0,1,0,2,2,0,0,1,2,0,1,1,1,2,0,1,-1.6010583221359553,-0.2022141813295016,-0.9027156352914182
4218,1,1,1,0,1,0,0,1,1,1,0,1,0,0,0,2,1,1,0,0,-1.0171418618660302,-1.041279742993369,-0.6177808792518618
4219,0,1,2,0,0,1,0,0,2,1,1,0,0,0,0,0,1,0,2,1,0.5941562575355238,1.1248846491206643,-0.49170377882953287
4220,0,1,2,0,0,2,0,0,1,0,1,1,0,0,0,1,0,2,1,1,-0.5736772422782239,1.1991686548935399,1.4918834753070351
4221,1,2,0,0,0,1,0,2,0,0,0,0,0,1,1,0,1,1,0,1,2.5766210699515977,1.3189252400715374,2.474619898181227
4222,1,1,2,1,0,1,1,2,1,1,0,1,0,2,0,0,0,2,0,1,-0.9583894470701628,1.3079696977891966,-0.7827567985989842
4223,0,0,1,0,0,1,0,0,0,0,2,0,0,1,1,1,1,0,1,0,0.17971560564980854,-2.1979960054370573,-1.6337321667264944
4224,0,0,1,1,0,2,0,1,1,0,0,0,1,2,1,0,1,1,0,1,-0.09229968864837433,0.08335368714900995,-0.06742280141949383
4225,1,2,2,1,0,1,0,1,0,1,0,0,1,0,0,2,1,0,1,2,0.4174081610192505,0.13639822880608413,0.10603845640176704
4226,0,1,2,1,0,1,0,0,1,1,1,1,1,0,1,1,1,2,1,2,0.5342067980363502,-1.0573830723213355,-2.393803861138006
4227,2,1,0,0,2,1,0,1,0,0,0,0,0,0,1,1,2,0,1,1,0.8597664211693695,1.3692205078436628,-1.3438346824512353
4228,0,1,2,0,0,0,0,2,0,1,1,1,0,1,0,1,2,1,0,0,0.39238515755383857,-0.020836597860822925,-0.5767109969021699
4229,0,0,1,1,1,1,0,1,0,0,0,0,0,2,1,1,1,0,1,1,0.16426037112957545,0.5412949015359648,0.3033751226100633
4230,1,2,0,0,0,2,0,0,0,0,0,1,1,1,2,1,1,1,1,0,0.35351518401650867,-2.0940260188715336,-1.1904040992250091
4231,2,1,0,0,0,1,0,1,2,0,1,0,0,0,0,1,0,2,1,1,-0.6622742127270471,0.7822555887667375,-0.7129957005119925
4232,1,1,0,0,0,1,0,2,1,0,0,0,0,2,0,0,1,2,0,0,1.2100361012359664,1.0411444768511458,1.0613241402819642
4233,1,2,1,0,1,0,0,0,0,1,0,0,0,0,1,0,2,0,1,0,1.613837111830178,0.5908506663287645,1.1109531823400027
4234,0,2,1,0,1,0,0,1,1,2,0,0,1,0,2,0,1,0,1,1,-1.1563117465993527,0.25941854041329804,-0.12314820116370523
4235,1,0,1,0,1,2,0,0,2,0,1,0,0,0,0,0,2,0,1,1,0.7888211885762254,-1.6164799114955881,0.5531589977715383
4236,0,2,1,0,0,0,1,0,0,0,0,0,0,0,1,1,2,0,1,1,-1.3762014121282573,-0.15797447384033558,-1.2167266400173156
4237,0,0,2,1,0,0,0,1,1,1,0,0,1,0,0,1,2,2,1,1,0.6247883408006389,0.3669850318190617,-1.3886420627997604
4238,2,1,2,0,0,0,0,1,0,0,0,0,1,2,1,0,1,1,0,1,1.7110625744266554,2.1330700446990547,1.6400956272615828
4239,0,0,1,1,1,0,0,0,0,1,1,1,0,0,0,1,1,0,1,1,-1.3037053100781455,-0.23843232210419996,-0.9269263752230079
4240,2,1,1,0,0,0,0,2,2,0,0,1,1,2,0,0,0,2,2,1,-0.2789031577624306,1.2456745078530942,-0.9856459745686346
4241,0,1,1,0,0,1,0,1,2,0,0,0,0,1,2,2,2,1,1,0,1.0107473476790112,-1.569690299840195,0.14643627306288945
4242,0,1,1,1,1,0,0,1,0,0,0,0,0,0,0,1,1,1,0,1,0.41621632328614905,0.4339890852981908,1.8622571928199028
4243,0,1,1,0,0,1,0,0,0,0,0,0,0,0,0,1,1,1,1,1,-0.004519510406962281,-0.5955570616023933,-0.20475835505358228
4244,1,1,0,0,1,0,0,1,1,0,0,0,1,1,0,1,1,2,1,0,0.015389118692217024,1.2458480393257287,1.5291442099449992
4245,1,0,2,1,0,1,0,2,1,0,0,0,0,0,0,1,1,1,0,2,-0.454677376249374,-0.42000948801764254,0.17492678448527665
4246,0,1,0,0,0,1,0,0,1,1,0,0,0,0,0,1,1,2,1,1,0.7781533108327582,0.6755333311423253,0.49072041590352594
4247,1,2,0,0,0,2,0,1,0,2,0,0,0,0,0,2,0,2,0,1,-0.3975032093087736,-0.1999087976778245,1.4958906679199104
4248,1,1,1,1,0,1,0,0,0,1,0,0,1,1,0,1,0,1,1,0,2.044306165524128,0.5140545101212026,1.5141309745014202
4249,1,2,0,0,0,2,0,0,1,0,0,0,0,1,1,1,0,0,0,1,0.2085631633237879,-0.019624818920512183,-0.7388029156608946
4250,2,1,0,0,0,1,0,1,1,0,0,0,0,1,1,0,1,2,0,1,-0.08725504568099407,-1.6277000526038927,-1.3625715476041769
4251,1,1,0,0,0,1,0,1,0,0,0,0,0,1,0,1,1,2,2,1,0.87585208651971,1.6065141423115945,0.3243650439424761
4252,1,0,1,0,0,1,0,2,1,1,1,0,0,1,0,0,2,0,1,0,0.07660924856956046,0.8362894882128168,0.390368228006805
4253,0,1,1,1,0,0,0,0,1,1,0,0,1,0,0,0,1,0,1,1,1.376681964578215,0.35621923995197596,1.318730878109505
4254,2,2,1,1,0,1,0,0,1,0,0,0,0,1,0,1,2,1,1,1,-0.2632856304198852,-0.6145936834094068,-0.2009445048338934
4255,0,0,0,0,1,0,0,0,0,0,0,1,0,1,1,0,2,0,0,0,-1.2844874488632538,-1.2850139309218531,-2.004197271177018
4256,1,2,1,1,0,1,0,0,1,1,0,0,0,1,0,0,2,0,1,2,-0.3410523714609635,0.3310945002028113,-1.1400731732166032
4257,2,2,0,0,1,1,0,1,1,1,0,0,0,0,1,0,1,1,2,0,-0.9759901042711048,1.7027576924564203,1.2103972132530316
4258,1,0,0,0,0,0,0,1,0,0,0,0,0,1,0,2,0,2,1,2,-0.14192468882253323,-0.5087161784429143,-1.9119724628036954
4259,2,1,1,0,0,1,0,1,1,0,0,0,1,1,1,0,0,0,0,1,1.1456093781254117,2.1993186073366413,1.7125189604041213
4260,0,1,0,0,1,0,0,2,1,0,1,0,0,0,0,0,1,1,1,1,-0.1869522241384002,0.6734219207437336,-2.4141376760333197
4261,0,1,1,0,0,0,0,0,1,2,0,1,1,0,1,0,1,2,0,2,0.13361482889574625,-1.5988172279713593,0.1370548090697341
4262,1,1,0,2,0,1,0,0,1,2,0,0,0,0,1,0,0,2,0,1,0.048870680690303675,-0.5996236341340715,-0.7078630867822346
4263,0,2,1,0,0,0,0,2,0,0,0,0,1,1,0,0,0,0,1,2,0.6256727008648737,1.6442817469272417,2.531704332827425
4264,1,0,1,0,1,1,0,0,0,0,0,0,0,0,1,1,0,1,2,0,-1.83131412197651,-0.7080361983146988,0.3547088443628885
4265,2,1,1,0,2,0,0,1,0,0,0,0,0,0,0,2,0,1,1,1,0.42887850095812874,0.24583177228888056,0.35459875645623684
4266,0,1,0,1,0,1,0,1,0,0,0,0,0,1,1,0,0,1,2,0,0.5757596235152695,0.31331096704239847,0.7373245421448138
4267,1,1,1,0,0,2,0,1,1,1,1,0,0,1,0,0,0,1,0,0,0.3160829451189278,0.034832783192557934,-2.070700970822194
4268,0,1,0,0,1,1,0,1,0,1,0,1,0,1,1,0,1,1,0,1,-0.4219887375708027,-1.0255541780625124,1.5375631922826707
4269,1,1,1,1,0,1,1,0,0,1,0,0,0,1,1,1,0,2,0,2,0.06450310166869574,2.0270917377173423,2.6915894127377857
4270,1,1,0,0,0,2,0,1,1,1,0,0,0,1,1,0,1,0,0,0,-0.33934107858916834,0.1502332780823667,-0.5434731788865397
4271,0,0,1,1,0,1,0,1,0,0,0,0,0,0,1,0,1,1,2,0,0.33310559294568465,0.8242679539101415,0.5003167205904132
4272,1,0,0,0,0,1,1,2,1,0,0,1,0,1,0,1,2,0,1,1,-0.10589299331906352,0.07314920714032785,3.2216755693754204
4273,0,0,2,0,0,1,0,0,0,0,1,0,0,0,1,1,2,1,1,1,1.8568693785510018,-2.016883816477914,0.6936091144839486
4274,1,2,0,0,0,0,0,1,0,0,0,0,0,1,1,1,2,1,0,2,0.086441498652726,-0.5252789853770414,0.7214656127119454
4275,0,1,2,0,1,1,0,2,1,0,0,0,0,0,0,0,0,1,2,1,-0.5055677243515432,-0.1447485256858276,-1.5439292052009805
4276,1,0,2,0,0,1,0,1,0,1,0,0,0,0,0,0,2,0,0,1,0.583081920799887,0.45182832544388496,0.7651417387870043
4277,1,1,2,1,0,0,0,0,0,0,0,1,1,0,0,0,1,1,0,1,-0.26465765713137945,-1.738073464512715,-2.54045453221262
4278,0,1,1,0,1,1,0,1,0,0,1,1,0,1,1,2,2,1,1,0,0.2847344591896027,-1.8522252907102408,1.4307815931669556
4279,1,1,0,0,1,1,0,0,1,2,0,1,1,1,0,0,2,0,1,1,-0.9547880082583875,-0.9401258539921034,-0.8354721435232597
4280,0,0,1,1,0,0,0,2,1,0,0,0,1,1,0,1,2,2,0,1,0.555564589911372,0.2482581682871693,0.1254638606186067
4281,1,1,2,0,0,0,0,1,1,0,0,1,1,1,1,2,1,1,2,2,0.35352389099356757,-0.2929560192688365,-0.21081084451609255
4282,0,2,0,0,0,0,0,0,2,1,0,1,0,0,1,0,1,1,0,1,0.8705385902565611,1.3657912927229783,1.3245333437021123
4283,1,1,1,1,0,2,0,1,1,1,0,0,0,0,1,1,2,1,2,1,-0.40544752772160786,-1.986526798285297,-1.580528308938804
4284,0,2,1,0,0,1,0,0,2,0,0,0,0,0,0,0,1,1,0,0,-1.316522275539146,-1.2765304641771322,-2.057161537508339
4285,0,1,1,1,0,0,0,2,0,0,1,0,0,0,0,0,1,0,2,1,1.1309331675112073,1.958906569968255,2.0774325921163665
4286,1,1,2,1,1,0,1,1,1,1,0,0,0,0,0,0,2,1,1,1,-0.02756960862402331,-0.7537139941982449,-1.8496896868257713
4287,1,1,0,0,0,0,0,1,0,1,1,1,1,0,0,0,1,0,1,0,-0.8658593692343124,0.5734406596505994,1.1356436110279124
4288,1,0,0,0,1,1,0,1,2,2,1,0,0,0,0,0,1,1,0,0,-0.004959729081868429,-0.9635479587129976,0.9260022133458401
4289,1,0,0,0,0,1,1,1,0,2,0,0,0,1,1,2,2,0,1,1,1.4087515607135692,1.3384806001712173,-0.09842587638874711
4290,2,2,0,0,1,1,0,1,1,0,0,1,0,0,0,1,0,2,1,0,0.8689473727339998,-0.8436315264514846,1.1403597114022164
4291,2,1,1,0,0,1,0,1,1,1,1,0,0,0,0,1,1,1,2,0,-0.23222598263432823,-1.1582292350706407,-1.0253808666488085
4292,0,1,1,1,0,2,0,2,0,1,1,0,0,1,0,0,1,1,0,1,-0.5307649600681635,0.64573236497491,1.3272339720572819
4293,0,0,1,0,0,1,0,0,0,0,0,0,0,1,2,0,1,1,1,1,0.6513385592266128,0.9269861739654695,-2.081169539626069
4294,2,2,1,1,0,0,0,2,2,0,0,0,1,0,0,0,1,1,0,1,1.4026251850893043,1.6277047530804314,1.946621892194043
4295,0,2,1,0,1,0,0,0,0,1,0,0,0,0,0,1,2,0,0,0,-0.44761064218500257,-0.0960384708045256,0.4957877302189868
4296,1,0,1,0,1,0,0,1,2,1,1,1,0,1,0,2,1,1,0,1,-0.7723060538394813,-0.4940495746060256,-1.5694235215296515
4297,2,1,1,1,0,2,0,1,2,1,0,0,0,1,0,1,0,1,1,1,1.1624750455473982,1.5571616324578672,1.0056888868112845
4298,1,0,2,0,1,0,0,2,1,1,0,0,0,0,0,2,1,1,1,1,0.8755250714862666,1.061689883290489,-0.01739855370006782
4299,0,1,0,1,0,1,0,0,2,0,1,1,0,0,1,0,1,2,0,0,0.671031704339614,0.008878132108353781,1.1726715623567043
4300,1,1,0,2,0,0,0,0,2,1,1,2,1,0,0,0,0,0,1,2,0.049446478844776307,0.677898056202619,-0.6560824804940787
4301,0,1,0,0,0,0,0,1,1,0,0,0,0,0,0,0,1,1,2,1,-0.61886751754147,-1.370133878156182,0.27591259887550135
4302,1,1,0,0,1,0,0,2,1,0,0,2,0,1,2,2,2,1,0,0,-0.663849029729851,-0.2034301461494946,2.3713623513204003
4303,0,1,1,0,0,1,0,2,1,2,1,0,0,0,1,1,1,1,0,2,1.7283740875223748,0.15775016511081225,1.4081406596578034
4304,1,0,1,1,1,1,0,0,2,1,0,0,0,0,0,0,1,2,1,1,-1.9911548630094322,-1.8644526932829308,-2.5202360935819303
4305,1,1,1,1,1,0,0,0,2,1,0,0,0,0,0,1,2,0,1,2,0.7328690739934539,-0.5470154263820605,0.4774812493281676
4306,0,0,1,1,0,1,0,1,0,0,0,0,0,0,0,0,1,0,1,0,-0.8746675549638024,1.2041485655932913,-0.16687717752192516
4307,0,1,1,1,0,2,0,1,1,1,1,0,0,1,2,0,2,2,0,0,1.0685235466505028,0.7333727282232908,0.800712909847391
4308,0,0,1,0,0,0,0,1,2,0,0,1,0,1,0,0,1,2,1,0,-1.2513017312974422,-0.8003363784915014,-0.7768626800540103
4309,1,0,0,0,0,0,0,1,1,1,0,1,0,1,0,1,1,1,2,0,1.1158445803512838,0.033968408115615134,-0.7892881536060689
4310,0,0,0,1,0,1,0,1,0,0,0,1,0,0,0,0,0,0,1,1,-0.17446652700292334,-1.509420817933812,-1.6878145745975117
4311,1,2,1,0,0,2,1,1,0,1,0,0,1,0,1,1,1,0,1,1,1.3793598015956312,0.12241045348223539,2.394508923093512
4312,0,1,2,0,2,1,0,2,2,1,0,1,0,1,1,0,1,1,1,1,-0.7642175899767994,-0.5420097731303298,0.8735318839223585
4313,1,1,0,0,0,1,0,0,1,0,1,1,0,0,1,2,1,0,0,1,1.740583384677967,0.8313181569357556,1.5347486611565904
4314,2,2,1,0,0,0,0,1,0,0,0,0,0,2,0,1,2,1,1,1,-0.5614299449230018,0.48858836233763725,-0.8012108654670616
4315,1,1,1,0,1,1,1,1,2,0,0,1,0,1,0,0,1,1,0,1,-0.19851445804002493,-0.29608050414987486,-0.48362470113780975
4316,2,0,1,1,0,1,0,1,1,0,1,0,0,0,1,0,1,0,1,1,1.0737836582721014,1.5499027319073047,0.7735765464604982
4317,1,0,0,0,1,1,0,0,1,2,1,0,0,0,1,1,0,1,1,0,-1.5692331408477174,-0.6262531795501405,-1.9551329586181374
4318,1,1,1,1,1,1,0,1,1,0,0,0,0,0,1,0,1,0,1,1,2.3807466634180714,1.859412698179097,2.655931177972967
4319,1,0,1,0,0,2,0,1,1,1,1,1,0,0,1,0,0,2,1,1,-0.9299299219766451,-1.2364032978882256,-1.909982652049633
4320,0,1,1,0,1,1,0,0,1,0,0,1,0,0,0,0,1,2,1,0,0.30043121320549,0.08265729287861298,0.4983421548713458
4321,1,0,2,0,1,2,0,1,0,0,1,0,0,0,0,0,0,1,2,0,-0.40950534418249096,0.09956575972491952,-0.7710855727951949
4322,1,2,1,1,0,2,0,1,0,0,0,0,0,2,2,0,0,1,0,1,-0.6711322366555411,-0.2111739330565609,0.023492395373970576
4323,0,2,0,0,0,1,0,0,0,1,0,1,0,1,1,0,1,1,0,0,-0.7385161195401759,-2.0492122555667702,-1.5021230573289222
4324,1,1,1,0,1,1,0,1,0,0,1,1,0,0,1,0,0,1,1,0,0.8870198772993261,-0.5427311813698917,0.3420031748536579
4325,1,2,0,1,0,0,1,1,1,0,1,0,0,0,1,0,1,2,1,0,-0.5215290327958781,0.49467494873994167,0.4447674649441311
4326,0,0,2,1,0,0,0,0,0,0,1,0,1,0,0,0,2,0,1,0,0.09337039875727532,-1.9277132095615657,-1.5715792977792251
4327,2,1,0,0,0,0,0,2,0,0,0,1,1,0,0,2,1,1,0,0,0.5112168294040138,-0.17349233389386237,-0.43143889649919837
4328,2,0,1,0,0,2,0,1,1,0,1,1,0,0,1,0,2,2,1,1,-0.44872604596825316,-0.8061347595970969,-1.669369154676998
4329,1,0,0,1,0,2,0,1,1,1,1,0,0,1,1,0,0,1,2,1,-0.9645571618688737,-1.616536720817348,-2.3455755432756145
4330,0,2,2,0,0,1,0,1,1,0,0,0,1,0,0,1,0,1,0,0,0.600594404422108,-0.8613507701681494,0.7616549751259678
4331,2,1,1,1,0,2,0,1,0,1,0,1,0,0,0,0,1,0,0,1,-0.6928418590372128,-0.26091584493620745,-1.3779056481911176
4332,0,2,0,0,0,2,0,0,2,1,1,1,1,0,2,0,1,2,2,1,0.43963076822085373,-1.0725262425503286,-0.4556123190194943
4333,1,1,1,0,1,1,1,2,1,1,1,1,0,0,1,1,1,1,0,1,-1.1740408905745008,-0.04142596654297615,-0.5853986848662788
4334,1,0,0,1,2,1,0,1,1,0,1,1,0,1,1,0,1,1,1,1,0.8025981929591713,-0.4437530021076338,1.9191336332100115
4335,1,1,1,0,0,1,0,0,2,1,0,1,0,0,0,0,0,1,0,0,0.7480923741659035,-0.7785978433862685,1.4575484918997905
4336,1,1,1,0,2,2,0,1,2,1,1,0,1,0,0,2,0,1,1,1,0.26166411811991813,0.04955582263641049,1.0413903012395342
4337,0,1,1,1,0,0,0,0,1,1,1,0,1,0,0,0,2,1,0,1,0.6430492536854635,-2.631381157081914,0.6607580506837489
4338,1,1,0,0,1,1,0,1,0,0,1,0,1,0,0,0,0,0,1,1,-0.3932459114709098,-1.1103280331480525,0.806797802170019
4339,0,0,0,0,1,2,0,0,1,0,1,0,0,0,0,1,2,0,0,1,-0.967389515198569,-1.5021209256671828,-2.222941355772886
4340,1,0,0,0,0,0,0,1,1,1,0,1,0,1,1,0,1,1,1,1,0.9722936880073207,-0.45023604461456296,-0.9392002117944208
4341,1,0,0,0,0,0,0,1,0,0,0,1,1,0,1,1,1,1,1,1,0.3749950296439726,0.9308693442158182,1.5132386262053554
4342,0,1,1,0,0,0,0,1,0,0,2,1,1,1,1,0,1,1,1,1,0.7989510304727209,-0.1573080519840101,-1.9874558650851448
4343,0,1,0,1,1,0,0,0,1,1,1,1,0,0,1,2,0,1,1,1,-0.006631048164099891,-0.159880554498579,-0.21375913233585225
4344,0,2,0,0,0,1,0,1,1,0,0,0,0,0,0,1,2,0,0,2,-0.16484210947064554,-3.105705755531025,0.22275609491939474
4345,1,1,2,0,0,2,0,1,0,1,0,1,0,0,1,0,1,1,1,2,-1.2424119666365125,0.5524061147806459,-0.21538798657335956
4346,1,1,0,0,0,2,0,2,1,1,0,0,1,1,0,1,1,0,0,1,-0.21951888085782176,-0.17906211472682795,-1.2504850555378508
4347,0,1,0,0,0,1,0,2,2,1,1,0,1,1,0,1,1,1,1,2,0.577915176599146,0.6707586049882144,1.8429180655722017
4348,1,0,0,0,1,1,0,0,1,1,1,0,0,1,1,0,1,0,1,2,-0.28811320070386554,0.8622216541152117,1.38144855637153
4349,0,1,1,1,1,0,0,0,1,0,0,0,0,1,2,0,1,1,0,1,0.8719415144642696,0.24768519160605423,0.49643400779982827
4350,2,1,0,0,1,1,0,0,1,2,0,1,0,0,0,1,0,1,0,2,0.6178112745922881,-0.35078620936615756,-0.2203886355119659
4351,0,1,0,1,0,1,0,0,2,0,0,1,0,0,0,0,0,1,0,1,-0.49606972008445255,-1.8725417968077132,-0.3067750766349708
4352,0,2,2,1,0,2,0,0,0,0,1,1,0,1,1,0,1,0,1,1,2.353425760635017,2.5155006130158757,2.193351886586147
4353,1,1,0,0,1,1,0,1,0,1,0,1,1,0,0,0,1,2,0,2,0.35375526168764654,0.09012854906479964,-0.026537713794727247
4354,1,2,0,0,1,0,0,0,1,0,0,0,0,2,0,2,1,1,0,1,1.1259646243053567,-1.0544360075993213,0.12353192507305638
4355,2,1,1,0,0,1,0,2,1,1,1,0,0,1,0,0,2,1,1,2,-0.0834026338482405,1.0193358819456682,1.7980679357112908
4356,0,1,2,0,1,1,0,0,1,0,0,0,0,0,0,0,2,0,0,0,-0.8566698432608517,-1.2323036999053434,-0.007137152695062654
4357,0,1,1,1,0,0,1,1,1,0,0,0,0,0,1,1,1,1,0,1,0.3305518101872336,-1.0126191261966568,-0.22292291681849885
4358,0,0,2,1,1,1,1,1,1,0,0,0,0,0,1,1,0,1,0,1,-0.6734307619340361,-0.011411083697193375,-0.4349157381091261
4359,1,1,2,0,0,0,0,1,0,0,1,1,1,0,0,0,1,1,0,1,0.31515004124036233,-0.6452216159204026,-0.9195246372686964
4360,2,0,1,0,0,1,0,1,2,0,1,0,0,1,1,2,0,1,2,1,1.0436778252290424,-1.628632516931577,1.0508185348448746
4361,0,0,2,1,0,0,0,2,1,1,0,1,0,1,0,1,1,0,1,1,0.36955310678086634,0.7074895265072741,1.1187241926893285
4362,1,2,1,1,0,2,0,2,1,2,0,0,1,0,0,1,1,0,0,1,0.7283089903529277,0.5206827640829292,0.7736341235242078
4363,0,2,2,0,0,1,0,0,0,0,1,1,0,1,0,1,2,1,1,0,0.44839020443759353,0.5746923202401828,0.5119084932942746
4364,1,2,1,0,0,1,0,1,0,0,0,1,0,0,0,1,2,1,1,1,0.0819330495766849,0.2704544411133752,0.0276440468677481
4365,0,0,2,0,0,2,0,0,1,1,0,0,0,0,0,1,1,0,2,2,1.0176390452567912,-0.8051219632495871,-0.5867423270868097
4366,0,1,1,1,0,1,0,1,1,0,0,0,0,1,0,0,1,0,0,1,-0.6015674969548735,-0.5686280649640327,-0.8576744059640522
4367,1,1,1,0,0,0,0,2,1,0,1,1,0,0,0,1,2,1,2,0,2.4815011263178577,1.0873943895807963,1.9719787967027942
4368,0,1,1,0,1,1,0,0,1,0,1,1,0,0,0,0,2,1,1,1,-1.4454227368505694,-0.5068767402519797,-0.8796212786319189
4369,0,0,0,0,0,2,0,2,0,0,1,0,0,0,0,1,0,2,0,2,2.952094097380933,1.0477054468076474,1.9900864141946875
4370,0,1,1,0,0,2,0,1,2,1,1,0,0,1,0,1,0,2,0,1,1.1381546403086853,-0.7591399677965959,-0.6610548478265384
4371,0,1,1,0,0,2,1,1,1,1,0,0,0,0,0,0,1,2,0,1,0.657038690072711,-0.8077176253975495,0.3029777032090685
4372,0,2,2,0,0,0,0,2,1,1,0,0,1,0,1,1,0,0,1,1,1.210048862088493,0.6739682385253746,-0.6644542554572201
4373,2,1,1,0,0,0,0,2,0,0,0,1,0,0,1,0,1,0,0,2,1.1962352563573382,-0.2674593194225495,0.7022002698608576
4374,0,1,1,0,0,1,0,0,1,1,0,1,0,1,0,0,1,1,1,1,0.011518734367617927,0.7364543854878427,0.4017248107101247
4375,2,2,1,0,0,1,0,1,0,1,0,0,0,1,1,1,1,1,0,0,0.21189300768871533,1.9743419349069409,0.4718133948792028
4376,1,1,0,0,0,0,0,1,1,0,2,1,0,1,1,0,1,0,1,0,0.481449436922766,0.7676965675130556,0.6478920060375624
4377,1,1,1,0,1,0,1,1,1,1,0,1,1,0,1,1,0,2,1,0,0.40378680888605767,0.01988483529153237,1.666017578506953
4378,0,1,0,0,2,0,0,1,1,0,0,0,0,1,1,1,1,1,0,1,-2.122698604220539,0.6618324894937659,-0.09025912291312577
4379,1,1,0,1,1,0,0,2,1,0,1,1,2,0,1,0,1,1,1,0,2.3454743501620676,1.9593960103356234,2.4906502924898426
4380,1,1,1,0,0,1,0,0,1,1,0,1,0,0,0,1,1,1,1,1,0.09617927938604576,0.31381418752476176,0.19880334244102843
4381,1,2,0,0,1,1,0,0,0,0,0,1,0,1,2,0,1,1,2,1,-0.10799429888933178,1.3388698185515877,0.6156477989042126
4382,1,0,1,0,0,1,0,1,0,0,1,0,0,1,1,1,0,1,0,2,1.9581243487052706,1.0748280339983636,1.0064033294118189
4383,0,1,0,1,0,1,0,1,0,0,0,1,0,0,0,2,2,1,0,1,1.2207016826659267,-0.2737491656896481,-0.06709824277785048
4384,1,1,1,0,1,0,0,0,0,1,0,1,0,0,2,0,0,1,0,2,-0.8971971500883988,0.9969687818709978,-2.0945571525258826
4385,0,1,1,0,0,1,0,1,0,0,0,0,0,1,1,0,1,1,0,1,-1.7060415068908592,0.2799864297708703,-0.33726778017479403
4386,1,1,1,0,0,2,0,1,1,1,1,0,0,0,1,1,2,1,1,1,-0.3676119318620668,-1.8775098402983148,-2.952085424121298
4387,1,1,0,1,1,2,0,0,1,0,1,0,0,0,0,1,0,1,0,1,-2.6882512712722235,-1.5688326488914002,-2.1763735441170358
4388,1,1,0,0,0,1,0,2,0,0,1,1,0,2,0,0,1,0,1,1,0.22240810821234647,-1.1629047251243303,-1.9887339466800227
4389,1,0,0,1,1,0,1,1,1,1,1,0,0,0,2,0,1,1,1,2,-1.284870911970677,-1.5692462383354964,-1.4888584089361805
4390,0,0,1,1,0,0,0,1,0,0,0,1,1,0,1,1,2,0,1,1,1.0610848598124822,1.2148158592731382,3.150000086493134
4391,0,1,1,0,0,1,1,1,0,1,1,1,1,1,2,0,1,1,0,2,-0.3006621888756671,-1.256823044653713,-2.906972107453215
4392,1,1,2,0,0,2,0,0,1,1,1,1,0,1,0,0,0,1,0,1,1.0874822140694251,0.14942141796375183,0.8380440076326179
4393,0,1,0,0,0,2,0,1,0,1,0,1,2,0,0,0,1,1,2,0,-0.5805526814476666,-0.8979134164478366,1.26059482542826
4394,1,1,2,1,1,2,0,1,1,2,0,0,0,0,1,0,1,0,1,1,-1.5514852026869725,0.5413341316022727,-0.7015777125267982
4395,1,1,1,0,0,0,1,1,0,1,0,0,1,0,1,0,0,1,1,1,0.6766266295299499,1.4726304908693886,1.1893717520900555
4396,2,1,0,0,1,2,0,2,0,1,2,0,1,0,1,0,1,0,0,2,0.6058573525725771,0.7326332418991326,0.45306080706387275
4397,1,1,1,1,1,1,0,1,0,1,1,1,1,0,0,1,2,2,0,1,0.6425306361854675,1.1555686304739048,1.1123052543077647
4398,1,0,1,1,0,0,0,0,1,0,0,0,0,1,0,0,0,1,1,1,-1.34546172833669,0.10641615871804316,0.2624018805569164
4399,0,1,1,0,0,1,0,1,1,1,0,0,1,0,1,1,1,0,0,2,-0.4541102832822361,0.8078895242181373,-0.6532039286808025
4400,1,2,1,1,0,1,0,1,1,0,2,1,0,1,1,0,0,1,2,1,1.521712061071964,-0.20009401117618064,0.22170047083732752
4401,1,0,0,1,0,0,0,1,1,1,0,1,0,1,0,0,1,1,0,0,0.24035514793572849,0.5583989647847346,-1.122565413172551
4402,1,0,1,0,1,1,0,2,1,0,1,0,0,0,2,0,1,0,1,0,-1.1010759101096916,-0.23241537518632047,0.585864649057913
4403,1,0,2,0,0,0,0,2,0,1,0,1,1,0,0,0,1,1,0,1,0.034793170545939445,0.3449618995861315,0.10281540987886875
4404,1,1,1,0,0,2,0,1,0,0,0,1,1,0,0,1,1,0,0,0,0.6810407781698187,1.1656501927360179,0.7984026490690879
4405,1,1,0,1,1,1,0,0,0,1,1,0,0,1,0,1,0,1,1,1,0.5724336393491963,-0.8730729573443995,0.9948821543678429
4406,1,2,1,1,0,2,0,2,2,2,0,1,1,0,1,0,0,1,1,1,-1.9573696036286299,0.9504116514834957,0.5377477820224812
4407,1,0,1,1,0,1,0,2,0,1,0,1,0,2,1,0,1,1,0,2,2.5463376903987944,0.9530807815704784,0.7908041812302684
4408,0,0,2,1,0,1,0,0,2,0,0,0,0,0,1,0,1,1,1,0,-1.2821310860404724,-1.180180335324867,-2.8160383956046573
4409,0,0,2,0,0,1,0,0,1,0,0,0,1,0,1,1,1,0,1,0,-0.32407832674708476,-1.6669636797728327,2.050039848621607
4410,0,0,0,0,0,2,0,1,1,1,1,1,1,0,1,1,2,1,1,2,-1.236464954035744,-0.3503953268893948,-0.5322531341276663
4411,0,1,1,0,0,0,0,0,0,0,1,0,0,0,1,0,1,0,0,1,1.1222344633422197,-0.7808713851700788,2.5244721900328178
4412,2,2,1,0,1,2,0,0,0,1,0,0,0,0,0,0,1,0,0,2,-0.8774614493561286,-0.5700506189413823,0.17194143110535998
4413,2,1,1,0,1,1,0,1,0,1,0,0,0,0,2,0,1,1,0,1,-0.927134861747224,0.40639383070952834,-1.230415230850289
4414,1,2,0,0,1,0,0,1,0,1,0,0,1,0,1,1,0,1,0,1,0.41300910812456104,-0.4474128716138758,-0.19910511347608661
4415,1,0,0,1,1,0,0,0,0,1,1,0,0,1,0,0,0,0,0,0,-1.1832438800527962,-0.34346880463169693,-0.827319535465201
4416,1,2,0,0,1,0,0,1,0,1,1,0,0,1,1,2,2,1,1,0,-0.4088046614534105,-0.6738065485339277,-0.3275231134348895
4417,0,1,1,0,1,1,0,0,0,2,1,0,0,0,0,1,1,1,2,0,1.0526487066717372,-1.1885910841066276,0.7302821069947347
4418,1,0,0,0,0,0,0,1,2,0,1,0,1,1,0,0,1,2,1,1,-0.6348853659113923,-0.6921078232237725,0.11503214478063506
4419,2,0,1,0,0,1,0,1,1,1,0,1,0,0,1,1,1,0,1,1,-1.271767534960909,0.3839591967266392,-1.098457243087714
4420,0,2,1,1,0,1,0,1,1,0,0,0,0,0,0,1,1,1,1,1,1.379786028766794,-0.0007116744674208753,1.0653222574054615
4421,0,1,1,1,1,2,0,1,2,0,0,1,0,0,0,1,2,2,2,2,-0.06295257710533572,-0.8291167946112479,0.9901542964823231
4422,2,0,1,0,0,0,0,0,1,0,0,0,1,1,0,1,0,1,1,1,1.146711132010204,-1.0131435608775683,-0.769035308751355
4423,0,2,0,0,0,0,1,1,0,0,1,0,1,0,1,1,1,0,1,1,-0.47200640925274034,0.5120572772865277,1.5066165286205349
4424,1,1,0,0,0,0,0,1,1,2,0,0,0,0,1,0,1,1,0,1,1.2726557661337063,0.37482622670656374,1.7225683165635912
4425,1,0,0,0,2,0,0,1,1,0,0,0,0,1,1,1,0,2,1,1,0.5797681295088081,0.59259490694502,0.04334594098424133
4426,0,2,1,0,1,1,0,1,0,0,1,0,1,1,1,1,0,1,0,0,1.3610351178260778,-0.23367085059814907,0.06047327392477092
4427,2,1,1,0,0,2,0,0,1,0,0,0,0,0,1,0,2,1,2,2,-1.0826769275370187,-1.3407067043963687,0.6934037728874329
4428,1,0,1,0,0,1,0,2,1,0,0,0,0,2,1,2,2,0,2,0,1.466482716402701,0.9204236786356826,0.42998862341226307
4429,0,1,1,0,0,1,0,0,1,0,0,1,0,1,1,1,1,2,1,0,1.193518826314356,0.03192086117265072,0.8141533201480872
4430,0,2,1,0,0,1,0,0,1,2,0,1,1,0,1,2,0,1,1,1,0.34070365746098474,-0.39965752225756607,0.36038994440445987
4431,0,1,0,0,0,0,0,0,1,1,0,0,1,0,0,1,2,0,1,1,-0.8843667978982521,-0.29685979706736176,-2.217020937070114
4432,1,1,1,0,0,1,0,1,1,1,1,1,1,0,1,1,1,1,1,1,1.031082342905074,0.8985494931464235,1.2232843990606372
4433,0,0,0,0,0,0,0,1,0,1,1,1,0,0,0,0,1,0,0,1,-1.7811188600934074,-2.436921840502651,-0.7410001055736497
4434,1,0,1,0,0,1,0,1,1,1,0,1,1,1,0,1,0,0,1,2,-0.3369707904422692,0.010044948289483768,-0.8748779024241884
4435,0,2,1,1,0,0,0,0,2,2,1,1,1,1,1,1,2,1,1,1,-1.4452462145626739,-1.801742012612022,-0.7291682230516849
4436,2,1,0,1,1,2,0,0,1,1,1,0,0,1,1,0,1,0,1,0,0.5747713678841524,-0.46755970900668686,-1.079780910093192
4437,1,2,0,1,0,0,0,1,1,1,1,0,0,0,0,1,0,1,1,2,0.32063374056361693,0.28358972019216017,-0.7576375963923252
4438,1,2,1,0,1,1,0,1,1,0,0,1,0,0,1,1,1,0,1,2,0.252211395818481,-0.7606784344673588,1.6208592263484483
4439,0,0,1,1,0,1,0,1,1,1,0,0,0,1,0,0,0,1,1,0,1.320121342882183,-0.4387224866293362,0.029725876557315456
4440,1,1,0,1,0,1,1,2,1,0,0,1,0,0,0,0,2,1,0,1,0.12814272100251692,-0.32151317342063324,-1.0833135989687888
4441,0,1,0,0,1,1,0,0,1,1,0,0,0,1,0,0,0,0,1,2,-1.398978706521135,-0.03502287467632448,-1.3092750150594001
4442,2,1,0,1,1,0,0,1,0,0,0,0,0,0,0,1,1,1,2,2,1.9268029989784488,1.1586729059977996,-0.1483422999230921
4443,1,1,1,0,0,1,0,1,1,1,0,1,0,1,1,0,2,1,2,2,1.0189030358000324,1.3151040780553065,1.377570968741698
4444,1,1,2,0,0,1,0,2,1,0,0,0,0,0,1,0,0,1,2,2,0.20287678393438235,-0.6386961817943074,0.44897165886747314
4445,1,1,1,0,1,2,0,1,2,1,1,0,0,0,0,1,1,1,2,1,1.1453529384408936,-1.3681088225431932,0.999187988772958
4446,0,1,0,0,0,0,0,2,0,0,1,0,1,0,0,0,1,1,0,0,-0.11204136492476291,-0.8259935946571659,0.6109541813548516
4447,0,2,2,1,0,0,0,0,1,1,0,1,1,0,0,1,1,1,0,1,-0.44669390005262744,0.5236757285081572,1.5524240413465769
4448,1,1,1,1,0,1,0,0,1,0,0,0,0,1,1,0,0,1,0,1,0.3611690773384516,-0.22055968859446842,-0.7219202477017209
4449,1,2,1,1,0,1,0,2,0,0,1,1,0,1,0,1,1,1,1,2,1.1720495845930166,0.003636742699186901,-0.0029387593833831716
4450,1,0,2,1,0,0,0,0,1,1,0,2,0,0,0,2,0,1,0,1,-1.5303238222294344,0.18526560807625056,-0.6528149962464528
4451,2,0,2,0,0,2,0,0,0,0,1,0,0,1,1,2,2,1,0,1,0.8406812258202695,-0.014776302634699399,1.3190003797814942
4452,0,1,0,1,1,2,0,0,1,0,0,0,0,1,0,1,1,1,1,0,0.2675999441129059,0.6835379091065361,1.3935289854127058
4453,0,1,0,1,0,2,0,2,2,2,0,1,1,0,2,2,1,1,1,0,1.4752348131041289,-0.6243952326410112,0.7610524412168336
4454,0,1,1,1,1,1,1,1,0,0,0,1,0,0,1,0,2,0,0,0,0.5258869477956752,1.801650722076403,2.12761621569433
4455,0,0,0,0,0,1,0,1,1,1,1,0,0,1,0,2,1,0,0,1,-0.19855703197970964,-0.27876410490914044,-0.11977584084470666
4456,1,0,0,2,0,1,0,1,1,1,1,0,0,0,1,0,1,1,1,2,-1.4678663330984325,-0.6561385825347672,-0.5890386633289735
4457,1,0,0,0,0,0,0,1,0,2,1,0,0,0,0,0,0,1,0,1,0.5954469430314427,-0.4259970884519628,1.6228598872350852
4458,1,0,2,0,1,1,0,1,1,0,1,1,0,0,0,1,2,1,1,0,-0.2984172662238268,-0.3823271392982904,-3.144940363001936
4459,0,1,1,1,0,1,0,1,1,1,0,1,0,0,2,2,1,1,1,2,-0.5971256955017668,0.27687287325987875,-0.43454756149164964
4460,1,1,0,0,1,2,1,0,0,0,0,1,0,0,1,1,1,2,0,2,0.4188665528781106,0.27474185876029555,-0.05095904982466237
4461,0,1,1,0,0,1,0,0,1,1,1,0,0,2,0,0,1,2,0,1,0.9322248170119485,1.115468924284247,1.4619202589710143
4462,1,1,0,0,0,0,0,0,0,1,1,0,1,0,2,0,1,0,0,1,-1.2387673220271944,-0.21820760856387486,-0.6908039293468176
4463,1,1,1,0,0,2,0,2,0,0,0,0,1,0,0,0,1,2,0,1,-1.152100993297568,-0.23529179724216545,0.03814900719070746
4464,1,1,0,0,1,1,0,1,0,2,0,0,0,1,1,1,1,0,1,2,0.6337763880767671,-0.45906140914298454,0.9949614194618147
4465,1,1,2,1,0,0,0,2,0,0,0,1,1,1,1,0,0,2,0,2,0.6635810750019561,0.12413813563361792,0.263772415656013
4466,1,1,0,1,0,1,0,1,1,1,1,0,0,0,1,0,2,1,0,1,-0.6980167188264375,-0.7790895216940112,-1.6742705014434311
4467,1,1,1,1,0,1,0,0,1,0,0,0,0,0,0,1,2,2,0,1,0.4077248771766235,0.09987403557699381,-0.34397486995408955
4468,1,1,2,0,0,0,0,0,1,0,0,0,0,0,0,0,1,2,1,1,-0.4544927904273378,0.40068011209622345,-0.1370619854555863
4469,1,1,1,0,0,1,1,1,2,1,0,0,1,0,0,0,1,2,0,1,-0.6118375167932447,0.7919862211049133,-0.049528990909138634
4470,2,0,1,0,1,1,0,1,1,1,1,0,1,0,2,0,0,1,1,2,-0.2623098716883828,1.041770666264504,1.9110497448932782
4471,1,0,1,0,0,0,0,2,0,1,0,0,1,0,0,1,1,0,1,1,0.360030364049947,-0.2115691896908485,0.8909769276202759
4472,1,1,0,1,0,2,0,1,2,0,0,0,1,1,2,1,0,2,1,2,1.3978749455020403,0.3136430490401397,0.2924782538530481
4473,0,1,2,1,0,2,0,1,0,0,1,0,1,1,2,1,1,1,1,1,-0.44234364548903293,-0.023689038288863457,-1.3935162125921408
4474,0,0,0,0,0,1,0,2,0,0,0,0,0,1,1,0,2,2,1,1,0.04958821496291445,-0.7372280671273691,0.7792626796233049
4475,2,0,2,0,1,0,0,1,1,0,1,1,0,0,1,2,2,2,0,1,-0.22868153545038794,0.13558145522819026,1.5758019562808647
4476,1,1,1,0,1,1,0,2,1,0,0,0,1,0,1,1,2,0,0,1,-0.16243128317325556,0.09082735242758369,0.5028587905217532
4477,1,0,0,0,2,2,0,2,1,0,0,0,0,0,1,1,2,1,0,1,1.2398964953494704,-0.7481900440767735,1.2049584651019778
4478,1,0,0,0,0,1,1,2,1,0,1,1,0,0,2,1,1,1,2,1,2.3215549009477776,0.08019936983624176,0.03255019582819796
4479,1,2,0,0,0,0,0,0,1,1,0,2,0,2,0,1,1,0,1,1,0.7726283383738585,0.5255132542690159,0.9426743288421243
4480,1,0,1,1,1,1,0,1,1,1,1,1,1,1,1,0,1,0,0,0,-0.05427392119799847,1.4470986268784447,0.6472151683847365
4481,0,1,1,1,1,1,0,0,1,0,0,1,0,0,1,0,2,2,1,1,1.5268582570868081,-0.9726500676624887,-0.9688095413571656
4482,0,2,1,0,1,1,0,0,0,0,1,1,0,2,2,0,2,1,1,2,0.3468746909156683,2.4161603931732913,0.6231405214813228
4483,0,1,0,0,0,1,0,1,2,0,0,1,0,0,0,0,1,1,1,2,0.06015204528858893,1.2270952184965767,-0.7127853286378942
4484,1,0,0,1,0,2,0,0,1,0,0,0,0,1,1,0,1,0,2,0,-0.6646364593513455,-0.8847034902989119,0.19370072052852316
4485,1,0,1,0,1,2,0,0,1,1,1,0,0,0,1,0,2,1,0,1,1.8522614545240892,-1.6153633103901184,0.4715297709718805
4486,1,0,0,1,1,0,0,1,0,1,0,1,1,1,0,1,1,2,1,2,-1.336278926410435,1.1179384087734423,1.9349956341264534
4487,1,0,2,2,0,2,0,1,1,0,1,1,0,1,0,2,0,1,2,1,2.204120965031049,1.457784754230373,2.121967697757229
4488,0,1,1,1,0,1,0,0,0,1,0,0,0,0,1,0,1,1,0,1,-0.41728411911755947,-0.5010339238291269,-0.3015282553362865
4489,2,1,0,0,0,1,0,1,0,1,0,0,1,1,0,0,1,0,2,0,-0.6379058994468735,-0.12850085300391917,-1.2597924092347683
4490,0,1,2,0,0,2,0,2,2,0,1,0,1,1,1,1,0,0,0,1,1.9084867158920522,1.0387998023375282,-0.3190403853728929
4491,0,0,0,0,0,0,0,2,0,0,0,1,0,1,0,0,2,1,1,1,-1.6900605771569719,-0.3099026601860579,-0.34328585241673026
4492,0,1,1,2,0,0,0,1,1,1,1,2,0,1,0,1,2,2,2,1,-2.4816675863322653,0.44516450712234207,1.326864687870556
4493,0,1,0,0,0,1,0,0,0,0,0,0,2,1,1,2,1,2,1,1,0.6845036470313044,0.734865347488568,1.7058860379126717
4494,0,1,2,1,0,1,1,1,0,0,0,0,0,0,1,1,1,0,0,1,0.625321250329342,-0.04881470792852921,2.512340141690162
4495,1,0,1,0,0,1,0,1,0,0,0,1,0,1,1,0,0,2,0,1,2.597414736664304,0.9546661221932545,1.846359653915013
4496,1,1,0,2,0,2,0,2,1,0,1,0,1,2,0,0,1,1,0,2,-1.5809354664444415,0.7802153498222082,-0.7791406413249828
4497,0,1,1,2,0,0,0,0,1,0,1,0,0,2,2,0,2,2,0,1,-1.5055083110508602,-1.535118578560176,-1.1396948042063555
4498,0,0,1,0,0,1,0,0,0,2,0,1,0,0,0,0,1,2,1,2,-0.09815202633734431,1.7977634619559708,2.059845944965679
4499,0,1,0,0,0,1,0,0,1,2,1,1,1,0,0,1,2,1,0,1,1.6951054720850454,1.0450697211709632,2.5486143808716255
4500,0,2,1,1,0,1,0,0,2,1,1,1,0,0,0,0,1,0,1,1,-0.47655495532737757,-1.7168933463910352,0.31076381711246703
4501,1,2,1,0,0,1,0,1,1,0,1,0,1,1,1,1,0,0,1,1,0.4868886894744824,0.1277098034799447,1.4860551722145767
4502,0,1,0,0,0,0,0,0,1,1,0,0,1,0,0,0,0,1,0,0,1.6680816309650628,0.14757686936109382,0.47525206596702335
4503,1,0,1,0,0,1,0,2,2,0,0,0,0,0,1,1,1,1,0,1,0.7850368712385059,1.0059459004297608,-0.5616640059652176
4504,0,0,0,1,0,1,0,0,2,2,0,0,1,0,1,0,1,1,1,1,0.3814472164541476,0.5075526214649926,0.1493565830085296
4505,0,0,1,0,0,2,0,0,1,1,0,0,0,0,1,2,1,2,0,0,-0.3261196014183086,-1.2392332858535728,0.18383086584063935
4506,0,1,2,0,1,0,0,1,0,1,1,0,0,1,1,0,1,1,1,1,-1.5043294958442837,1.6150767493038576,-0.4582670424538237
4507,1,2,1,1,1,0,0,1,1,1,1,0,1,0,0,0,1,1,1,2,0.29684928957625645,0.16172775915512774,2.132066629798854
4508,0,1,2,0,2,2,0,0,1,1,0,0,0,0,1,0,0,1,1,2,0.24285622173516647,-0.02186017221872999,0.09377579302954234
4509,0,0,0,1,2,1,0,1,0,1,0,1,0,0,0,0,2,1,2,1,-0.8359996371122289,-1.0380678160356158,0.5180252253932238
4510,2,0,1,0,0,0,0,2,2,1,0,1,0,1,1,1,1,2,1,2,-0.31074968223628074,2.6395670196679806,-0.5016918803793489
4511,1,0,1,1,0,0,0,1,0,0,0,0,0,0,0,1,1,1,0,1,0.06843911736725804,1.4225778986935886,0.8629891162922576
4512,2,0,0,0,0,1,0,0,1,0,0,0,0,0,0,0,1,1,0,2,-0.11083592117995007,-0.01969978038764425,-1.0969010912122192
4513,0,1,0,0,1,0,1,0,2,0,1,0,1,1,2,1,0,1,0,1,-1.2122124415335451,-0.23548193124802327,-0.6805720256690037
4514,1,0,2,1,1,1,0,1,1,0,1,1,0,2,2,0,1,1,1,0,-1.1901739742656143,1.4703062260200062,0.1842891054263403
4515,0,0,1,0,0,1,0,2,1,0,0,0,0,2,2,2,1,0,0,0,-0.533441932925287,0.39910976430265294,-1.4611433320956217
4516,0,0,1,0,1,1,0,0,0,0,1,0,0,1,0,1,2,2,0,1,0.11383494058796295,-1.3576108006262873,-0.2141923514960075
4517,0,1,0,0,0,1,0,0,0,0,0,1,1,1,0,0,0,0,1,1,-0.21613302283385571,-0.4455615113975363,-0.8014297577159701
4518,0,0,1,0,1,0,0,1,1,0,0,0,0,0,1,0,0,1,1,0,-0.33234718770460064,0.4084244286626189,1.0257094108506934
4519,1,1,2,0,1,1,0,2,0,2,1,0,1,0,0,1,1,2,0,1,-1.214143913691473,0.9997361804667086,0.5196929662222709
4520,1,0,0,0,1,1,0,2,1,0,0,1,1,0,1,0,1,1,0,2,-0.5139222104691716,1.3489564818457782,-0.498954025169852
4521,1,1,0,0,1,0,0,0,0,1,2,1,1,0,1,0,0,0,0,2,-0.5629660423104834,0.08128561580258208,2.0591420031991534
4522,0,1,1,0,0,1,1,0,1,1,0,0,1,1,0,1,1,0,1,0,0.06801960879693841,-0.514731857231314,0.45244354821180766
4523,1,1,0,0,0,1,0,1,1,0,0,1,1,0,0,0,2,0,1,1,-0.4456306582682149,-0.9320054350181447,0.6848626500756919
4524,2,1,0,1,0,2,0,0,2,0,1,1,0,0,0,1,1,1,0,0,-0.648202389588957,-1.0042702210968066,-0.8478702556920614
4525,1,1,0,1,0,0,0,2,0,1,0,0,0,0,0,0,2,0,0,1,-0.15004457380241182,0.3674238191135327,-1.425733149358254
4526,0,1,0,0,1,1,0,1,0,0,1,1,0,0,0,1,0,0,1,1,-0.28556075072623904,-0.9338534753622557,-0.3319920771115962
4527,0,0,1,1,0,0,1,1,2,1,0,1,1,1,0,0,1,2,2,2,1.6763761287141756,-0.019734400914372507,0.251091753639285
4528,1,1,1,0,0,1,0,2,1,1,0,0,2,0,0,0,1,1,1,2,1.554534984914379,0.24392393364481268,-0.9069879787139762
4529,1,1,0,0,1,0,0,2,2,1,1,2,1,0,0,2,1,2,1,0,0.11529699787527424,-0.24324291099367024,0.35182430872924514
4530,1,2,1,0,1,1,0,2,1,1,0,1,0,0,0,2,0,2,1,1,-0.5368086245228729,0.6683543317018901,0.019691485183559197
4531,0,1,1,0,0,0,0,1,1,1,0,1,1,0,1,1,0,0,2,1,-0.4769859628375324,0.20050214575212105,1.8125901308131762
4532,0,0,1,0,0,1,0,0,1,0,0,2,0,0,1,0,1,1,0,0,0.24351918468423595,1.5693999065281077,1.1882545423822088
4533,1,1,1,1,0,0,0,1,0,0,0,0,0,0,1,1,2,2,0,2,-0.8509404249674252,-0.33254825959756196,0.28614915087804
4534,0,1,0,0,0,1,0,0,0,2,0,0,0,1,0,1,0,0,1,2,-0.45120838889467874,0.7846800466493549,1.6150714341521173
4535,0,0,0,1,1,1,0,0,1,0,2,0,0,0,2,1,2,1,1,0,-0.1439520505749909,-0.39677262356365256,-0.39578510175308523
4536,0,1,2,0,1,0,0,0,1,0,0,1,0,0,0,1,2,1,0,1,-1.2488800626157097,-0.35985044882700906,-0.7566239193196922
4537,0,2,1,0,0,1,0,1,1,0,0,0,0,0,1,0,1,0,1,1,1.4293470547951537,0.41591458133049203,0.8045053834204905
4538,1,1,0,2,1,1,1,0,1,0,0,0,0,1,0,0,0,2,2,0,-0.4116914509239829,-0.6422808302124161,-0.39135446945209307
4539,1,2,1,0,1,1,0,1,1,0,2,0,1,0,0,0,0,1,0,1,0.8525121259782489,-1.2661002444753122,0.37562357959391474
4540,0,1,1,2,1,1,0,1,2,0,1,1,0,1,0,0,2,1,0,2,-0.984179390098436,0.05145286171727814,-2.362071064544624
4541,0,0,1,0,0,0,0,0,1,1,0,1,1,0,0,0,1,0,0,0,-1.3561188692996262,1.0839651217188666,0.05060819725926119
4542,1,0,0,0,1,2,0,2,1,0,1,0,1,0,0,0,1,0,1,1,-1.653528695348169,0.020316156396106844,0.8574854619930308
4543,1,0,1,0,0,1,0,0,0,0,0,0,0,0,0,0,2,2,0,2,-1.3389354911694864,0.5492104476141013,0.3157973492559428
4544,0,1,0,0,0,1,0,0,2,1,0,1,0,0,0,0,0,2,1,1,-0.33836105699370395,-0.4488437670903124,-0.28074577776375453
4545,0,0,1,1,0,2,0,1,0,0,0,0,0,0,1,1,1,1,2,1,-0.7744008356502738,-1.6533348979714573,-1.2246496992728673
4546,1,2,1,1,0,2,0,1,1,0,1,0,0,1,0,0,2,0,1,1,1.3699380211545513,-0.44162520498082103,0.06185083212209419
4547,1,1,0,0,0,0,0,0,0,1,1,0,1,1,1,1,0,1,1,2,-0.3415347860736353,1.1570324130223553,1.888834746439212
4548,0,0,1,0,0,2,1,1,1,1,0,1,0,1,0,0,1,1,0,1,2.59154996862629,0.7606856204831193,1.242926504439928
4549,0,2,1,0,0,2,0,1,2,0,1,1,1,0,0,2,0,1,0,2,-1.3850834662678286,1.482272802496587,0.5782813593892981
4550,0,1,0,0,0,0,0,0,2,1,0,0,0,1,0,1,1,0,1,1,0.13627235422415307,-0.5092532464912141,1.4864604793147482
4551,2,1,0,2,0,0,0,1,0,0,1,0,0,1,0,1,1,1,0,1,0.8350836612066643,1.2163729582354295,1.414932680890047
4552,0,1,0,0,0,0,0,0,1,1,1,1,1,0,0,0,2,1,2,2,1.3230560852178197,0.521672102423294,-1.2456245180813066
4553,1,1,0,0,1,1,0,2,0,1,1,0,1,1,0,0,1,2,1,1,-0.8594792887831568,-0.4119275776299134,0.5480664247579609
4554,0,2,2,0,0,1,0,0,1,1,1,0,0,0,2,1,1,1,1,1,2.715456048890786,-0.48979127008914375,1.3072119259776425
4555,1,0,1,0,1,2,0,1,1,0,0,0,0,0,0,0,2,2,1,1,-0.9825232977447785,-1.387510347314831,-0.12639230355641096
4556,1,2,1,1,0,0,0,0,1,0,0,0,0,0,1,1,0,2,0,1,0.6123338473136247,0.5375263313109045,-1.057059219630831
4557,0,0,0,0,0,2,0,1,1,1,1,0,0,1,0,0,2,1,0,0,-2.3249535800421333,-0.09333668328564193,-1.3582981817564166
4558,0,1,2,0,0,1,0,1,2,0,0,1,0,0,1,0,0,1,1,1,-0.10354447674740018,1.9223733049150014,1.5958279681810306
4559,0,2,0,0,0,0,0,1,1,0,1,0,0,0,1,1,2,1,1,1,-0.4414349291046572,-1.874251456576396,-1.023334041321609
4560,1,0,1,0,0,1,0,1,1,2,0,2,0,2,0,0,1,0,1,1,-0.8124212796492248,1.257052209685379,-0.7542942844372682
4561,1,1,0,0,0,1,1,1,0,0,0,0,1,0,1,0,0,1,2,2,1.4152525420652546,0.7499720773771494,2.4152940416259554
4562,1,2,1,0,1,1,1,1,1,0,0,0,1,1,0,1,1,2,0,2,1.0577199139246276,0.49566268505261124,1.112617104042304
4563,2,1,2,0,0,2,0,1,1,0,0,0,0,0,2,0,2,1,0,2,1.4877533984613,0.28083786334729866,1.1171288807678128
4564,0,1,1,0,0,1,0,1,1,0,0,1,0,0,0,1,1,0,0,0,-0.08606348570619375,0.706754704253069,0.7010524141932685
4565,0,2,0,0,0,2,0,1,0,0,0,0,1,1,1,2,1,0,2,2,-0.09384002247570071,-0.7670872019998627,0.6056301417560972
4566,1,0,2,0,0,0,0,2,1,0,1,0,0,0,1,0,1,1,1,0,-1.0588437082562225,0.16987306834299176,1.2385448291690508
4567,0,1,1,0,0,1,0,2,1,1,0,1,1,0,0,1,1,2,0,2,1.2558579883869045,1.697009152130902,0.598995635757971
4568,0,0,1,1,0,2,0,0,1,1,0,0,0,0,1,0,1,1,1,1,-0.562582398104466,-0.8378209538562993,-1.2805259416730461
4569,0,1,1,0,0,1,0,1,0,1,1,0,0,1,0,2,1,2,0,2,0.136019055212848,1.338673383599179,1.9761960669803722
4570,0,1,2,1,0,2,0,2,1,0,1,1,1,0,1,0,1,1,2,1,-0.694540795182759,-1.1058575471596965,-1.4136240667035587
4571,1,0,0,1,1,1,0,1,0,0,0,0,0,0,1,0,0,1,0,2,1.9004317872657863,-0.8045784097056516,2.025564073191006
4572,1,0,1,0,1,1,0,0,2,0,0,0,1,1,2,0,1,0,0,1,-1.4282584241883325,0.22467213093464466,0.5223227867120286
4573,0,2,0,1,1,2,0,0,0,1,0,0,0,0,1,1,1,2,1,2,-0.6761410084100585,0.8720131931024049,-0.547634849670913
4574,0,0,0,0,0,1,0,1,0,0,0,0,0,1,1,1,0,1,1,0,0.7398524039453757,-0.21373005162284656,0.6373676970865461
4575,2,1,1,0,0,0,0,1,0,0,0,0,1,0,0,0,2,1,0,0,0.8865575527637968,0.08413992420753084,0.6440960758316958
4576,1,1,0,1,1,1,0,0,0,0,0,0,1,1,1,1,0,0,1,2,-0.12615998780375254,-0.041610034038134736,0.9785790816068971
4577,0,2,1,1,0,1,0,1,1,0,0,1,1,0,1,0,1,1,0,1,-0.6164124052153165,-1.2954812543250143,0.01586294907482677
4578,1,1,1,1,0,1,0,1,0,2,0,1,0,0,1,1,0,0,0,1,0.487526155583784,2.5223150630755953,1.165754944429095
4579,1,1,1,0,0,1,0,1,0,1,1,1,1,1,0,1,1,0,2,1,-0.6546634642922663,-0.09603310096760845,-0.331382232363417
4580,2,1,0,0,1,1,0,0,0,0,1,0,0,0,0,2,2,2,0,0,-0.3970356915618718,-2.1714258476488517,0.3680036131857516
4581,1,1,1,0,0,1,0,1,1,0,1,1,0,0,0,0,1,1,1,0,-2.059305085709432,1.3739611839250885,-1.6039544375072758
4582,1,1,2,0,0,0,0,2,0,0,1,1,1,1,1,0,2,1,0,1,-0.6849376544394448,0.9745071521090374,1.0268999194019333
4583,0,0,1,0,0,1,0,0,0,2,0,0,1,0,0,2,1,1,1,1,-3.2296304213263927,-0.6540298412938435,-1.9736697071447873
4584,1,1,1,0,0,2,0,0,1,2,0,0,0,0,1,1,1,1,1,1,1.5596493186876703,0.2628160044663017,-1.2875890901361275
4585,0,1,1,0,1,1,0,1,1,1,0,0,1,0,0,1,1,0,0,1,-1.3084167237211006,-0.49453980142888426,-0.3866840312723318
4586,2,0,0,0,0,1,0,1,0,0,0,0,0,0,0,1,1,1,0,1,-0.3201189920094012,-1.453294777263445,-1.20784405860006
4587,1,1,0,0,1,1,0,0,1,0,0,0,0,0,1,1,0,1,2,1,-0.06610445885297048,0.2183402645086253,0.9525574627034622
4588,0,2,1,0,0,2,0,0,0,1,0,0,0,0,2,1,1,1,2,0,-0.1179034161714632,-1.5762052240329405,-0.026898616559004662
4589,1,1,0,1,1,0,1,1,1,1,0,0,0,0,0,2,1,1,0,1,-0.4455551114141238,1.3671762298348535,0.993654338310819
4590,1,2,0,0,0,2,0,0,1,1,0,1,0,0,0,2,1,1,2,1,0.3977898501903304,1.136390893002899,1.4109775637912247
4591,0,1,1,0,1,2,1,1,2,2,0,0,0,0,0,0,1,1,1,1,-1.815096678954774,-1.5026889075933019,-0.43850718507379405
4592,0,1,1,1,0,0,0,2,2,0,0,0,0,0,0,1,1,1,1,2,1.0242549377614827,0.8208293919521561,1.2027649391544222
4593,1,1,1,1,0,0,0,0,1,0,0,0,0,1,0,0,1,0,1,0,1.2246330046486413,-0.19765670393607243,-0.04021902219744222
4594,0,1,1,0,0,1,0,1,1,0,0,0,0,1,0,0,1,1,1,1,0.6680243837973772,0.24114663631842628,1.8820768789623794
4595,0,2,1,0,0,2,0,1,0,0,1,0,0,0,0,1,2,1,1,1,0.8881701382027858,-0.49815917091153605,-0.6242073196214767
4596,0,0,1,2,0,2,0,2,1,1,1,1,1,1,1,1,1,1,1,2,-0.1380714260003529,1.8845460420998676,0.3879056652455721
4597,1,1,0,0,0,1,0,2,0,0,1,1,0,1,1,1,2,2,2,1,-2.782895462612424,-0.4486205691748552,-1.8563453198828417
4598,1,2,1,0,0,1,0,1,1,1,0,1,1,2,0,0,1,0,1,1,-0.10888183748437766,1.1062475043573652,-0.011465541027435189
4599,1,1,0,0,0,0,0,2,2,0,1,0,0,2,2,0,2,0,1,0,3.283099170039086,-0.40223793828201204,0.466181300604384
4600,0,1,0,1,0,0,0,0,1,2,0,0,0,0,1,1,2,2,1,0,-0.19711736862025578,0.21443533910511492,-0.06839633386589107
4601,0,2,0,0,1,1,0,1,1,0,0,0,2,0,1,0,0,1,0,1,-0.25890151900890357,0.2741257333510494,-0.9319120005217407
4602,2,0,0,1,0,0,0,1,1,0,0,0,1,0,1,1,0,0,1,1,-1.054192413330641,0.2427691182531122,-0.7860846858792995
4603,0,1,2,0,0,1,0,1,1,1,1,1,1,0,1,0,1,1,2,2,1.9221473142382581,1.1625109437284613,1.8020604674358767
4604,0,2,1,0,1,1,1,1,2,1,0,1,0,2,1,1,1,1,1,1,-1.6896544442992714,-0.18678113459641302,0.14987266788035136
4605,0,2,1,0,1,2,0,1,1,1,0,0,0,1,1,0,2,1,2,2,-0.2705465221323292,-0.5829581090535811,1.1030624150891462
4606,0,1,1,2,0,2,0,0,0,2,1,0,0,1,1,0,1,1,2,1,-0.003100667633807698,-0.18412917706794094,2.0424365670232185
4607,0,1,0,1,0,0,0,2,0,0,1,0,1,0,0,1,0,2,0,0,0.6710313465525438,-2.293185453182403,1.0208422769613914
4608,2,0,1,0,0,1,0,1,1,1,2,1,0,0,0,0,1,1,1,2,0.11452724533358087,-0.7708887905616689,-0.1530145296665798
4609,1,0,1,0,1,2,0,1,0,0,0,0,0,0,1,0,1,1,1,2,-1.5439532963679066,-0.3468189127522498,-0.9369334729319067
4610,0,0,1,0,0,0,0,1,0,0,1,0,0,1,0,0,0,2,0,0,0.6362738708639997,-1.0339120817925536,-0.287293563253437
4611,1,1,1,0,0,0,0,0,1,0,1,1,0,2,0,0,1,0,0,0,-0.834034328961528,-0.6274845420374932,0.7805535535792407
4612,0,2,1,0,1,0,0,0,1,0,1,0,1,0,0,0,0,2,2,1,-0.2148817230537641,2.5491736340884614,0.09896697912977692
4613,1,2,1,0,0,1,0,0,0,0,0,1,0,1,1,2,1,0,1,0,-0.598682651510755,0.20402049175756665,-1.8663862006248988
4614,1,1,2,0,0,2,0,1,0,0,0,1,0,1,0,1,0,1,1,1,-0.9044192626197592,1.0329548829085695,-2.2005138589333746
4615,2,0,2,0,1,1,0,1,0,1,0,0,0,0,2,0,1,0,0,2,0.8910517824112251,0.3565088860019751,0.7080784328370218
4616,0,2,2,0,0,0,0,1,1,1,0,1,0,1,1,0,0,1,0,2,1.7202027247560747,0.2607272301478918,0.36963977113520957
4617,0,0,2,1,1,1,0,1,0,0,1,0,0,0,0,1,2,2,1,1,1.0696304206452405,-2.755754001041878,0.4361284437510123
4618,1,0,0,1,0,1,0,0,1,0,1,0,0,1,1,1,1,1,1,0,1.2236309418590943,0.14094030448956824,-1.1114849027438607
4619,1,2,2,0,0,2,0,1,1,2,1,0,1,1,1,0,1,1,0,2,0.5043826608745314,1.4150911643535058,0.5794899378268772
4620,1,2,0,1,0,1,0,1,1,0,0,0,0,1,1,0,0,1,2,1,-0.9806415293765344,0.8421602095949043,-0.17417431896358246
4621,1,1,0,0,1,2,0,1,1,1,0,2,0,0,0,0,2,0,0,2,-0.6593701387117594,0.9980871785960418,-0.8499906093642448
4622,0,0,1,0,0,1,0,0,1,0,0,2,0,2,0,1,0,1,1,0,0.4598810821447105,-0.4668913974500956,1.0994610968849312
4623,0,1,0,0,1,0,0,0,1,0,1,0,0,1,0,0,0,2,0,2,0.09594171265810153,0.787968418584384,-1.0302460318483186
4624,1,2,1,0,0,1,0,1,0,0,0,0,0,0,1,0,1,1,0,2,0.48444274011002214,1.3756026687024034,0.8775587373121556
4625,1,0,1,0,0,1,0,1,1,0,0,0,0,0,1,0,0,1,1,1,0.516922321984372,-1.151284001813002,-0.02830530316548696
4626,1,2,0,0,0,0,0,1,0,0,0,0,0,0,1,0,1,2,1,1,-0.10430659885170028,-1.4908004867848546,-0.35975185871062887
4627,1,1,1,2,0,0,0,0,0,1,0,0,0,0,1,0,2,1,1,2,-0.8768450252838085,-2.5205465906917492,-2.9381716927945067
4628,0,1,0,0,1,1,0,1,0,0,1,0,0,0,1,0,2,0,0,1,0.45895379241594936,-0.46571620282178383,-0.24154559099317455
4629,0,2,1,1,0,2,0,0,1,1,0,1,1,0,1,2,1,1,1,2,-0.5508765196185456,-0.007997884383432324,-0.7238487365459367
4630,0,2,1,1,0,1,0,1,0,0,1,1,0,1,0,1,1,0,0,1,0.06728734902887862,0.7146357398991435,-0.6403016635970837
4631,2,1,0,0,1,1,0,0,1,1,1,1,0,0,2,1,1,0,0,1,1.6384482038747823,-1.4497582554045003,2.543325328940438
4632,1,2,1,0,2,1,0,1,0,0,0,0,0,1,0,0,2,2,1,1,0.9102393608386541,0.9713701633139085,0.1362902409008756
4633,2,0,0,0,1,1,0,1,0,0,1,1,0,1,0,2,2,1,0,1,0.8079360653922355,1.2711647644640474,-0.2645489727134448
4634,1,1,2,0,0,1,0,0,1,0,1,0,0,1,0,0,1,1,1,0,-1.7314656999564377,-1.416359727872104,-0.18111459339926694
4635,2,0,2,0,0,0,0,1,0,0,0,0,1,1,0,1,1,2,1,2,-0.5037980621634182,-0.7693525881505975,-1.5878371998843845
4636,2,2,2,0,0,1,0,0,0,0,0,1,1,0,0,0,2,1,1,0,-0.9015195688364906,-0.35163992951255946,-0.8450905711538086
4637,1,1,1,1,0,2,0,0,1,0,1,0,0,1,0,1,2,1,1,2,0.19171644033221416,-0.4114605148396428,-1.0338049284323356
4638,0,1,1,0,0,2,0,2,2,1,0,1,1,0,1,0,0,0,1,1,1.5576074202516814,-0.3064810929689197,1.5602016563113648
4639,1,0,0,0,0,2,0,0,0,0,0,0,1,0,2,2,1,0,0,1,-0.9748378990482974,-1.1403235423162945,0.0454978539357167
4640,0,2,1,0,0,1,0,0,1,0,0,0,0,1,0,1,1,0,1,1,0.06731943618076305,0.3677233413132669,-0.04713402768459876
4641,0,1,1,0,1,1,1,1,2,1,0,0,0,0,1,0,1,0,0,1,0.7645728765439717,1.2960430986922011,0.7493571502595622
4642,1,1,1,0,2,0,1,1,0,1,0,0,1,2,1,2,0,1,1,2,1.0564470457930062,1.6619476599853649,0.7677814106114326
4643,0,2,1,1,0,2,0,0,1,0,0,1,1,2,0,0,1,1,0,1,0.6637973067122547,0.4987719678297725,1.117853766409735
4644,0,1,0,1,0,1,1,2,2,1,0,1,0,0,0,1,1,1,0,2,-1.2238084633314303,0.31130860650182096,-0.08368564190858724
4645,1,1,2,0,0,1,1,0,0,0,0,0,0,0,1,1,1,1,1,1,-0.3358048233665865,1.2176263519177017,0.8907256780067991
4646,0,2,1,0,0,0,0,1,0,1,0,0,0,0,1,1,0,0,0,2,-0.8966957922913679,0.6983139842682762,1.105979064059449
4647,1,1,2,0,1,0,1,1,1,0,0,0,1,0,1,1,0,1,1,2,1.0985160486573242,0.8609958334670075,-1.6615416263530876
4648,2,0,1,0,0,1,0,0,0,0,0,0,0,0,0,0,0,0,0,1,0.4113521402121699,0.06689759114803669,0.38214929354322086
4649,1,2,2,0,0,0,0,1,0,0,0,0,0,0,0,1,2,0,1,0,-1.6387210528989073,-0.9809372206051558,-1.1224693677215223
4650,0,2,0,1,0,2,0,1,0,0,0,0,0,1,1,0,0,2,1,1,0.6042286426604065,1.3042558304712837,1.6827295497964014
4651,1,1,1,0,1,2,0,1,1,1,0,1,1,0,0,1,1,2,0,2,-1.3156548523379057,0.5799730046477216,-0.5641687780550091
4652,0,2,1,1,0,1,0,1,1,0,1,1,0,1,0,1,1,0,1,0,1.1060213561345038,-0.16114204722225745,0.9000128718716693
4653,0,0,1,0,0,0,0,1,0,1,2,0,0,1,0,0,2,2,1,2,2.374140451982185,-0.37264664368291534,0.34306463728666436
4654,2,1,2,0,1,1,0,2,2,0,0,0,0,0,1,1,0,0,1,1,1.9843100865344532,0.06434504732874241,-0.0967320466679551
4655,0,0,0,0,0,0,0,1,0,0,0,0,0,0,0,1,0,0,1,1,-0.38263966061327326,-1.3313140056348056,-0.8691199633049036
4656,1,2,1,0,1,1,0,0,1,0,1,0,0,0,2,1,0,1,0,0,-0.7639631503270105,-1.905974717246,-2.3124930166309103
4657,0,1,1,0,0,2,0,1,0,0,0,1,1,1,1,0,2,0,1,1,-0.8012267309486641,-1.3422419931942033,-1.4015990733801247
4658,0,2,2,1,1,1,0,0,1,1,0,0,0,0,0,0,1,2,1,1,-0.41635929343250955,1.7669526409194132,-0.0815905800431177
4659,1,2,2,0,0,0,1,0,2,0,0,1,1,1,0,1,1,1,1,1,1.906620203219986,0.7237796339020406,1.0197553346415842
4660,0,0,1,0,0,1,0,1,0,1,1,0,1,0,0,0,2,1,0,2,1.4071179369024773,0.3312180567320506,1.0844987942336344
4661,0,2,1,0,1,1,0,1,1,1,0,0,0,0,0,0,2,0,0,0,-1.118939966921888,-0.1870790265708244,-0.7073529054254382
4662,1,0,1,0,1,2,0,2,0,1,0,0,1,2,0,1,1,1,0,1,-0.27932432565947185,-0.1445940422302002,-1.242280043859998
4663,1,1,1,0,0,1,0,1,1,0,0,0,0,0,1,0,2,1,0,2,-0.6886921588459107,-0.558127404829418,-0.5846004586864364
4664,0,0,0,0,0,1,0,1,1,1,1,0,0,1,1,0,1,0,1,1,1.3659519101245683,-0.9660999542401945,1.0593204179188025
4665,1,0,0,0,0,0,0,1,0,1,0,0,1,0,2,0,0,0,1,2,0.44112545128967967,0.3284286982530493,-0.7259514316186679
4666,1,2,1,0,0,1,0,1,1,1,0,1,0,0,0,0,0,2,2,2,1.8837781564795575,0.7333407483758952,1.0845694090938374
4667,1,0,2,0,0,0,0,0,1,0,0,1,0,0,0,0,1,0,0,2,-0.11631963048852444,0.29461519784060486,-1.246441704545789
4668,1,0,1,0,0,0,0,0,2,1,1,0,1,1,1,2,1,0,0,1,0.6325274855288475,1.3434984638307144,-0.49062229867584894
4669,1,0,1,2,0,1,0,0,1,1,1,1,1,1,0,0,1,1,0,0,0.2934790508637621,-0.3573869121895871,1.3011369952345504
4670,1,1,1,0,0,1,0,2,0,0,1,0,0,0,1,1,1,1,0,0,1.4261808120691994,-0.467253053994187,1.0044541788005308
4671,1,0,1,2,0,0,0,1,1,1,1,0,0,0,1,0,1,0,0,1,0.8295842890673953,-0.6668824046398335,1.4110048269221918
4672,1,2,1,1,1,1,0,1,1,2,1,0,1,0,0,0,0,1,0,1,-0.7783927344143539,-0.22670760991736766,1.7656645115927674
4673,0,1,0,1,0,0,0,1,1,0,0,0,0,0,2,1,2,0,0,1,-0.1920166268432172,-1.3531385639818723,-0.6070898255191962
4674,0,1,0,0,1,0,0,1,1,1,1,0,1,1,1,1,1,0,1,2,-0.7154043874232685,0.16167523775068485,-0.14732807795331854
4675,0,2,1,0,1,1,0,0,0,1,0,0,0,0,0,1,0,0,2,0,-1.1465395778521286,-1.4530068317734437,-1.4863551920102696
4676,0,0,0,0,2,1,0,1,2,0,0,0,0,1,0,0,1,1,1,0,1.2358391811509537,0.38429998402641796,1.6688431165677173
4677,0,1,1,0,1,0,1,1,1,0,1,0,1,1,1,2,1,1,0,1,-0.34073622067077636,-0.11122809358997872,0.8722999340843782
4678,1,2,1,1,1,0,0,1,0,0,0,0,0,1,1,0,2,1,1,1,0.37579066269664657,-0.311744883105212,-1.537697313860526
4679,1,1,0,1,1,0,0,0,1,1,1,1,1,1,0,0,1,2,2,1,0.4474143623273839,1.2231957232799568,0.3719025158164201
4680,1,1,1,0,1,0,0,0,1,0,1,0,0,1,0,0,1,0,0,0,1.0681721293132367,1.2942496029055368,0.38623460565332046
4681,1,0,0,1,1,2,0,1,2,1,0,0,2,0,0,1,0,1,0,2,1.599765973715168,1.2639843323469573,1.4184236777590564
4682,0,1,1,0,0,2,0,1,0,1,1,0,1,1,2,2,1,1,1,1,0.1492508581987449,-1.4915764221603376,0.872330082311073
4683,1,1,0,0,0,1,0,0,2,2,1,0,0,0,1,0,1,0,1,1,-0.8399791635838606,-0.6719894015521669,-0.23746982332694677
4684,1,0,1,1,1,0,0,1,1,0,0,0,0,0,0,2,1,0,0,1,0.37790432863795037,0.5266798869212145,-0.1572386072385734
4685,1,1,0,0,0,0,0,1,0,0,0,0,0,0,2,1,1,1,0,1,1.0235610010365288,-0.1292668898728243,0.7931936973083147
4686,0,0,2,0,0,0,0,2,1,1,0,0,0,1,1,0,0,0,0,0,0.11709895891741658,-0.47231516899281945,1.063863529771302
4687,0,0,1,1,0,1,0,0,0,1,0,0,1,2,1,0,0,2,1,1,-1.429538321239881,0.9989832915351884,-0.13026125030608066
4688,2,0,1,0,1,2,0,0,1,1,2,0,0,1,1,0,1,2,0,0,-1.0579039219483541,0.40404445316337867,1.163262050587307
4689,1,0,0,1,1,2,0,0,1,0,0,0,0,1,1,0,1,1,2,2,0.823059992140261,0.42984364722396595,-0.8261199278605631
4690,1,1,1,0,0,1,0,1,1,0,0,0,1,0,0,2,0,1,0,2,-0.36042245325003597,-0.8223114774598328,0.5875791364055446
4691,1,1,1,1,1,1,0,1,0,0,0,1,0,0,0,2,1,2,1,0,-0.27155930528498046,-0.0976264709723138,-0.6459792473133965
4692,1,1,2,0,0,0,1,1,1,1,0,0,2,1,1,0,1,2,1,1,-1.916222583720841,-0.5890102435698362,-0.05861905700322412
4693,1,1,1,0,1,1,0,1,0,0,1,1,0,0,0,0,1,0,0,0,-0.3433434540141299,1.1144913058213586,-0.26041354074398415
4694,0,0,0,0,0,0,0,2,1,0,0,0,1,0,1,2,0,0,2,1,0.8294315080458627,1.198235243174706,1.4874604086109455
4695,1,1,1,0,1,0,0,2,2,1,1,0,0,1,1,1,2,0,0,2,0.8317258733029255,-0.32160825025669904,2.1863326135544217
4696,0,2,2,0,1,2,0,0,0,1,1,0,1,1,0,1,1,1,0,0,-1.6245572057144486,-0.0993113863397499,-0.20426653615556922
4697,0,1,1,0,0,1,0,1,1,0,0,1,0,1,1,1,1,1,1,0,0.2923422246807265,-0.7771477426519406,-0.7687520241657044
4698,0,0,1,0,0,1,0,1,0,1,0,0,1,0,0,2,1,1,0,1,0.05038493395490675,-1.253766363350211,1.5251711591791886
4699,2,1,1,1,0,1,0,1,0,2,0,0,0,0,0,1,1,0,1,2,-0.36518423068958916,0.16296982162541476,-3.294176042127062
4700,1,1,1,1,1,1,0,0,2,1,0,0,1,1,0,1,2,0,1,0,-0.5525874846446845,-0.36321953306611443,0.34861664913521556
4701,1,1,0,1,0,0,0,0,1,0,0,0,0,0,1,1,1,1,1,2,0.34369922662133234,1.166553853942588,0.3975770437928758
4702,2,0,1,0,0,1,0,2,2,0,2,0,1,1,1,1,0,1,0,1,1.4733226712001584,0.6241472180184373,0.20613678221655685
4703,0,1,1,0,0,1,0,0,0,0,0,1,0,0,2,0,1,0,2,2,0.7256257212650179,-1.1845975080343143,-0.897645824484347
4704,0,1,1,0,0,1,0,1,0,0,0,2,2,0,0,1,1,1,1,0,1.1146379034822684,2.0951555968320577,2.2285311516588906
4705,0,1,0,0,1,0,1,1,2,0,0,1,0,0,2,1,0,2,1,0,-0.30430332923265463,-0.6730291855326107,0.3782419678006369
4706,0,2,1,0,1,1,0,1,0,2,0,0,0,0,0,0,1,1,2,1,0.8782411538408211,0.01776999332021395,0.0449685486609695
4707,2,0,1,0,1,2,0,0,2,1,0,0,0,1,0,0,1,1,0,1,0.028063786402085875,-0.13563433278093928,-0.3111235085655761
4708,0,0,1,0,0,1,0,0,2,2,1,1,0,0,0,2,0,0,1,1,0.44603131617501623,1.2902872208032832,0.12531349780943313
4709,0,1,0,0,0,1,0,1,1,1,0,0,0,0,1,1,1,1,1,2,-2.1232212037036082,-2.86197786009708,-0.48401888676277816
4710,0,0,2,0,0,1,0,1,0,0,0,0,0,0,0,1,1,1,1,1,-0.4351587724372415,0.38163330040252214,-2.541313783353893
4711,0,0,1,1,0,1,0,1,1,0,1,0,0,0,1,0,1,1,0,1,0.7056775737927365,0.637945762388194,1.7424802760341929
4712,1,1,1,0,1,0,0,0,0,1,1,0,0,0,0,0,1,0,0,1,-0.8227666090655218,2.3298295156401645,0.48268390253038784
4713,0,2,0,0,1,1,0,1,0,0,0,0,0,0,0,1,1,0,1,0,0.8239777081336686,0.9648408725866019,-0.6263656528712079
4714,0,1,0,0,1,1,0,0,0,1,1,1,0,0,1,0,1,0,0,1,-0.6024078073590756,0.6773223843021305,1.7348448991966734
4715,2,1,0,0,0,0,0,0,2,1,1,0,0,0,0,0,1,1,2,0,-0.43707580365173365,-0.9411275283108296,1.8387142261182525
4716,1,1,1,0,0,0,0,1,0,0,0,0,0,1,0,0,2,0,0,1,1.3358721296249307,-0.11132617560326591,1.0439949658721936
4717,0,0,0,0,0,1,1,1,1,1,1,0,0,1,0,0,1,1,0,2,-0.38913721194233214,-0.552010867674822,-1.118477853400449
4718,1,2,1,1,0,0,0,0,1,1,0,2,0,0,0,1,1,1,1,0,-1.242284548992899,-2.7116659545292583,-0.16686224483173007
4719,0,0,0,0,0,2,0,2,0,1,0,2,0,0,0,1,0,1,1,1,0.14276061605467025,-0.5883305596155924,0.6855079563713549
4720,0,0,0,0,1,1,0,0,1,0,0,1,0,1,0,0,0,0,1,1,-1.0636543170259907,0.06169528743835104,0.01667632452992157
4721,1,2,1,1,0,1,0,1,1,0,0,0,0,1,0,1,1,1,2,1,-1.277282813097201,-0.5213437130922445,-0.8741988692640987
4722,2,0,1,0,0,1,0,0,0,1,0,1,0,1,1,0,0,0,1,1,-0.9076176306728166,0.64545364269614,0.2472478231283242
4723,1,1,1,1,0,2,0,2,2,1,0,0,1,0,0,0,2,0,1,0,-0.525534631371863,-2.098870986158362,-0.5794446427958221
4724,0,1,0,0,0,2,0,0,2,0,0,0,0,1,1,0,2,2,0,2,0.9681170651912154,-0.8614491871876679,0.23984430960810343
4725,0,0,1,0,0,0,0,1,2,1,0,0,0,1,0,1,1,0,0,1,1.9301797986378173,1.5560501732417371,-0.5152691175912059
4726,1,2,0,0,1,1,0,1,2,0,1,0,1,0,2,0,1,0,1,1,2.2384992231038106,0.1286476478208521,0.9794370452488917
4727,0,0,1,0,0,0,0,0,1,0,1,0,0,1,1,0,1,2,2,2,-0.1509622135174858,0.4231372531352166,-0.807597006874923
4728,1,0,1,0,0,1,1,2,1,0,0,0,0,0,0,0,2,1,0,1,-0.5300647588077827,1.1494623253416552,-0.3132225149849366
4729,0,0,2,0,0,2,0,1,0,0,0,0,0,1,1,0,1,1,0,0,-0.3318134242085131,2.569523426657458,-0.024203082994332714
4730,1,2,1,0,0,1,0,1,1,0,0,0,1,1,0,0,1,1,0,2,-1.5873454643737488,0.18237685592754166,-0.7813514156569853
4731,1,0,0,1,0,0,0,1,0,0,0,0,1,0,2,0,1,0,2,0,0.40700776471601446,1.0866807240786056,0.9102110470066481
4732,1,1,1,0,0,2,0,1,1,1,0,0,0,1,1,2,1,1,1,1,-0.2724579018034206,0.43410016152824915,-0.9762607609431118
4733,1,0,1,1,0,1,0,0,2,0,0,0,0,1,0,0,1,1,0,0,-0.9335358112046362,-1.376414755343788,-0.5913559727084972
4734,1,0,0,0,0,1,0,0,1,1,0,0,1,0,0,1,1,2,1,0,-0.40710858140648243,-0.4390324565657964,-0.024218253167574977
4735,1,1,2,0,0,0,0,1,1,0,1,0,0,2,0,0,1,1,1,1,1.4260845605349386,-1.9560799487772362,0.27444976548529804
4736,2,1,2,0,0,1,0,1,1,0,0,0,0,0,0,1,1,1,1,1,-0.7333916223307007,0.30317585976503225,-0.8941848772669384
4737,0,1,2,1,1,0,0,1,1,0,0,0,0,1,1,2,1,2,1,1,-0.7944104398744527,-0.55237373313127,-2.48497106951822
4738,0,0,1,0,0,0,0,1,1,2,1,0,0,1,0,0,1,0,1,0,-1.3248264670659533,-0.7905476882742581,-0.29330217592496666
4739,1,1,1,0,0,2,0,1,1,1,2,0,0,1,1,2,1,1,2,0,-0.051156136322796884,0.2631420381345091,-1.350736341095816
4740,0,2,1,0,1,1,0,1,1,0,1,1,1,0,1,1,0,1,2,2,0.08874994993193923,0.14604346610497315,0.5532116275809696
4741,1,0,0,0,0,1,0,1,2,1,2,1,0,1,0,1,1,1,0,1,0.5333057750415752,-0.5747488330688196,-0.41174996218344806
4742,1,0,2,0,0,0,0,1,1,0,0,1,1,1,0,1,2,2,0,1,-2.176378634655571,-0.7941364325579121,-0.8887970808652468
4743,1,1,0,1,0,1,0,1,2,0,0,2,0,0,1,0,0,1,1,0,-0.4316964167173143,1.3497471593304249,1.1788342665925615
4744,1,1,0,0,1,0,0,1,1,1,1,1,0,0,0,2,1,1,0,1,0.217521097148194,0.3433171514490644,-0.4581572507118109
4745,1,1,1,0,0,1,1,1,1,1,0,0,1,0,0,0,1,0,1,2,2.047460173331631,1.4654959106958425,1.895673081445055
4746,1,2,0,0,0,1,0,2,1,1,0,0,0,1,1,1,2,1,0,2,-0.22173303942709321,-0.9090839830759699,-0.4488271618606453
4747,1,0,2,0,0,0,0,0,1,0,0,0,2,1,0,0,0,2,1,1,0.3272932780277918,-2.1122562252040833,-1.5536632841666898
4748,2,1,1,0,1,1,0,0,1,0,0,0,0,1,0,0,0,1,1,1,-0.5649527392594533,0.3652252724437326,-0.7060908997802828
4749,1,1,0,1,0,2,0,0,0,2,0,0,0,0,0,0,2,1,2,1,0.7570070745851826,-0.5846260529784266,0.6772416496676891
4750,1,1,1,0,0,1,0,0,2,0,0,1,1,1,1,0,2,2,0,1,0.24463191317466798,-1.2813824915153733,-1.5071411943868678
4751,0,1,1,0,0,2,0,0,1,1,0,0,1,0,0,2,0,0,2,2,-0.6252152844292962,0.9078929064731514,1.3159686920705793
4752,2,2,2,0,0,1,0,1,0,1,0,0,0,0,0,0,1,1,0,2,1.0259176473319263,-0.08651665085926552,1.1542994070739063
4753,0,1,1,1,0,0,0,0,0,0,0,0,0,0,0,2,2,2,0,1,-0.0673492756244016,0.057117128204025924,0.27600928002224495
4754,0,0,1,0,0,2,0,1,0,0,0,0,0,1,1,0,1,0,1,2,-0.36336055669427525,-0.13131849243122445,0.37593519293608874
4755,0,0,1,0,0,2,0,2,1,0,0,0,0,0,0,1,0,2,1,2,-1.1726922910016973,-0.0069858480612259855,-2.3203782454891977
4756,0,1,0,0,0,1,0,1,1,0,0,0,1,0,0,1,0,2,1,1,1.5724180570699984,0.3561988267801678,1.5147507810405247
4757,1,1,1,1,0,0,0,0,1,1,0,0,0,0,2,1,2,1,0,0,0.12705187121751338,-1.4469141200390598,-0.2772090986975661
4758,2,0,0,0,0,2,0,0,2,0,0,0,0,0,2,0,2,1,1,1,0.44111003180115743,1.1036785632802992,-0.49546411459977446
4759,0,0,1,0,1,1,0,2,1,1,0,1,0,1,0,0,0,2,2,1,1.2629749403770267,1.0055877568391667,-1.725275861922515
4760,0,0,1,0,1,2,0,1,1,1,0,0,0,0,1,0,2,2,1,2,1.0296904014788189,0.5277229801160002,0.5574610425587443
4761,0,1,1,0,0,1,0,0,0,0,1,0,0,0,0,1,2,0,1,2,0.46980045656439345,-0.14108231054422676,-0.06203433361698052
4762,0,1,2,0,0,1,0,1,1,0,0,0,1,0,1,1,1,1,1,0,1.0994823566239427,-1.072044507056485,-0.8017326483332714
4763,1,1,0,0,0,1,0,2,2,0,0,0,0,1,1,1,1,1,0,0,1.1059605551263425,0.6368198505097645,1.7415901827554083
4764,1,1,1,0,0,1,0,2,1,0,0,0,0,1,0,1,1,1,0,0,-0.4778340245093371,-0.32461683202356395,0.07106828735794857
4765,0,2,0,0,0,0,0,0,0,1,0,2,1,1,2,1,2,1,0,1,-0.2651767306735251,-0.452526856536962,1.3884707803565028
4766,0,1,1,1,0,1,0,2,1,1,0,0,0,0,1,0,2,1,1,0,-0.1318518046107683,-1.0701622808248294,-0.3410926023514666
4767,1,1,1,0,0,0,1,1,2,0,0,1,1,0,0,0,1,2,0,1,0.31902542986461707,1.2654610835578775,3.7110612018051237
4768,1,2,1,0,0,1,0,2,0,0,0,0,0,0,1,0,1,0,1,1,0.4900431502786693,-0.046700526879670634,0.8528885801545634
4769,1,1,0,0,0,1,0,1,0,1,0,1,0,0,1,1,2,2,1,1,0.898189577967526,-0.28216264505994054,-0.24637548735503506
4770,1,1,1,0,0,2,0,0,1,0,1,1,0,0,1,1,1,1,0,2,-0.8938494171966564,0.2822790959819384,0.3386794179457595
4771,0,0,0,0,1,1,0,0,0,1,0,1,1,1,0,1,2,2,0,2,0.35566365422960844,0.3283396220639489,1.4839145411097916
4772,0,0,1,0,0,1,0,0,0,1,0,0,0,1,1,0,2,1,2,1,0.7187962663999116,-0.7307924195149957,-1.168827785663469
4773,1,1,2,0,1,0,0,2,0,1,1,0,0,0,1,0,2,1,0,1,-0.27303732765483274,0.7446310274555678,-0.4191011535325023
4774,0,1,1,0,0,1,0,0,0,1,1,0,0,2,0,0,1,0,0,2,-1.188524320247372,-1.36222445471915,-1.4315915274696243
4775,1,0,0,0,0,0,0,1,2,0,1,0,1,0,1,2,0,0,1,2,1.6802473466576497,0.27722632261684493,-0.04030206104223555
4776,2,1,1,0,0,2,0,1,2,1,0,0,0,2,0,0,0,1,0,1,-1.03245703207398,-0.8297946837787915,-0.7761916873631929
4777,1,1,0,0,2,1,1,2,0,0,0,0,1,1,0,0,1,1,0,1,0.31727337654825,0.5676375769597986,-2.2188389581874737
4778,1,1,1,1,1,2,0,2,1,0,0,1,0,1,1,0,0,0,2,1,-1.0307429208417898,2.359364830511201,0.7754670375084574
4779,0,1,1,1,0,1,0,1,1,0,1,0,1,0,0,1,1,1,0,1,-1.074714236189398,-2.118640510453355,-0.15971031909778666
4780,0,2,1,0,0,1,0,1,0,0,0,0,2,1,0,1,1,1,1,0,-0.3567225651504901,1.2598670043294218,0.6181044128926807
4781,0,0,0,1,1,1,0,1,1,1,1,0,0,1,0,1,1,1,1,1,-0.6805766924149335,0.9374713456652706,0.9730691184854192
4782,0,1,1,1,0,2,0,1,0,0,2,0,0,0,2,0,1,1,1,0,-0.23620870263176486,-2.0596641888161322,-0.9699835222080376
4783,1,1,0,0,0,2,0,1,2,1,0,0,1,0,1,0,0,1,0,2,-0.3751806828982947,-1.299809590757119,-3.0128080323790427
4784,0,1,0,0,1,2,0,1,1,0,0,0,1,0,0,1,1,1,1,0,2.067786623123028,0.38925195450335587,0.8110643443995497
4785,0,1,1,1,0,1,0,1,1,0,0,0,1,1,1,0,1,1,1,2,1.0061952372270104,-0.6561896458428105,1.2218441214948133
4786,1,0,1,0,2,2,0,0,2,0,0,1,1,0,1,0,1,1,1,1,-0.36497096967674203,-0.22446042780575465,1.216576688324968
4787,2,1,0,0,0,2,0,0,1,1,0,1,1,2,0,1,1,1,1,1,-0.32735395619216273,0.6092162523090949,-0.7920427298677549
4788,0,0,1,0,0,1,0,0,0,1,0,0,0,0,1,0,2,1,0,0,1.1958551962907453,0.19518178581443174,0.7798495887645103
4789,0,0,1,1,1,0,0,1,0,0,0,0,0,1,1,1,2,2,1,1,0.5136106936836844,-0.4166767835106586,-0.7780091196024572
4790,2,1,0,0,1,2,0,2,2,0,0,0,0,0,1,0,1,1,1,2,0.20018669077009463,-1.3774262037661598,0.18053767828058032
4791,1,1,1,0,1,1,0,0,2,2,1,0,0,1,0,0,1,1,0,2,1.4896810543427348,2.0057634293673723,0.8695725867952981
4792,1,1,0,0,0,0,0,1,0,0,0,0,1,1,0,1,1,0,1,0,-0.8012070104602366,-0.7890049821356937,0.173009825746127
4793,0,0,1,1,0,1,1,0,2,1,0,0,1,1,0,1,0,1,1,1,-0.06506480879525686,-1.1553511244751502,-0.7437223281961931
4794,1,0,1,1,0,0,0,0,2,0,1,0,0,1,1,1,2,1,1,1,0.2064671910215503,-0.10081068223500025,1.4434060000119344
4795,1,1,1,0,1,2,0,0,0,1,1,0,0,1,0,1,1,2,0,1,-0.3652797057767555,0.23328451327938815,0.18331482301743657
4796,0,2,2,0,0,1,0,2,1,0,1,1,1,1,1,0,1,1,0,0,-1.5954530980870014,-0.9191324351768213,0.3697434135238855
4797,0,2,0,0,0,1,0,1,0,1,1,1,0,1,1,0,2,1,0,1,-2.0420300270951226,-1.687965228425452,-3.273726244609339
4798,0,0,1,0,0,1,0,0,0,1,0,0,0,0,1,1,0,2,0,2,0.8801534957421336,1.470724438426764,1.56212048876138
4799,1,1,1,0,0,0,0,0,1,1,1,2,0,0,0,0,1,2,0,2,1.2191193617705842,2.0505059907592686,0.1596216316068405
4800,1,1,0,0,0,1,0,1,1,1,0,1,0,0,1,0,1,1,0,1,0.21042924928662626,2.4762800599536168,0.3056154369430941
4801,1,0,0,2,0,1,0,1,2,1,0,0,1,1,1,0,1,1,0,2,-1.0795980536579757,-0.2345019507187313,0.06591976819987366
4802,2,0,1,0,0,1,1,1,1,1,1,1,1,0,0,2,1,0,0,1,-2.051570144247938,0.4218420474963198,-0.9000704706817639
4803,0,1,1,0,0,2,0,1,1,2,0,0,0,2,1,0,2,0,0,1,-1.4889376348781207,1.0938461670450264,-0.7833452088079987
4804,2,2,2,1,1,1,0,1,1,1,1,0,0,0,1,1,1,0,1,1,-0.15074290251153652,-0.08976147970484892,0.11054690560530266
4805,0,0,2,0,0,1,0,1,1,1,0,0,1,1,1,0,2,1,1,1,1.6718556976082626,0.36721807060802125,0.5194691788051923
4806,1,2,1,0,1,1,0,0,2,0,1,1,0,0,0,1,1,0,0,0,-0.6780085799331016,0.8974060435430182,2.761181627002609
4807,1,0,1,0,0,1,0,1,1,0,0,0,0,0,0,0,1,0,1,2,-0.06298085608317432,-0.32313616269048284,-0.5715469893639764
4808,0,0,1,0,1,1,0,0,1,1,0,0,0,0,0,1,2,1,1,0,0.09314815714190529,0.4545591433277561,-0.053192778905763266
4809,1,0,1,0,1,1,0,0,0,0,1,0,2,0,0,0,2,1,0,2,-0.08897591445326791,-1.5523727198858106,-0.5130791678329387
4810,1,0,2,1,2,2,0,1,0,0,0,0,1,2,1,0,0,0,0,2,-0.6982847129913039,-0.4194344667790975,0.6877094156150599
4811,0,0,1,0,0,0,0,1,1,0,2,0,1,2,0,0,1,2,1,2,-0.5253901794550889,-0.2599266697255946,-1.3259000145949347
4812,1,2,1,0,0,1,0,1,0,0,0,0,1,0,1,0,0,1,1,1,-0.8009312395177216,0.6122026734372596,-3.1366619089814924
4813,2,1,1,0,0,2,0,0,2,0,0,1,0,0,1,1,0,2,1,1,-0.4757240973231472,0.2208734361166888,-1.550410077270385
4814,1,2,0,0,1,0,0,1,0,1,1,1,1,0,0,0,1,1,0,2,0.8686890541684229,-0.3984411398222633,0.7514526543698217
4815,1,1,2,0,0,0,0,2,1,0,0,1,0,0,0,1,1,1,0,0,0.3549453166337942,-2.6298512386715602,0.3495793686427583
4816,2,1,1,0,0,1,0,0,0,0,0,0,1,0,2,0,1,0,0,1,-0.5172575728797073,2.068182303179529,0.9134210713985973
4817,0,2,0,1,1,2,0,1,1,0,1,0,0,1,1,0,1,1,0,0,1.0134908416407693,-0.41585046608631676,0.9282357593733248
4818,1,0,0,1,1,2,0,0,0,0,0,0,0,1,0,0,1,2,2,2,0.03484720121519204,-0.293727259543508,-1.274205624823669
4819,1,2,2,0,0,1,0,0,0,0,0,0,1,0,0,0,0,1,1,1,-0.7856324109453044,0.3541860461657758,-0.07489350987182422
4820,0,0,1,1,0,1,0,0,0,0,0,0,0,0,2,1,1,0,0,1,-0.05330091373717213,0.5513250220713728,1.379119993062492
4821,1,0,0,0,0,0,0,0,1,1,1,1,0,1,0,1,2,2,1,1,-0.7893907352744769,0.612630641129144,-1.6111300768013777
4822,2,0,1,0,0,1,0,0,1,0,0,0,2,0,0,1,2,0,1,1,-0.8483550555516002,-0.6958552154904033,-0.33155688512638365
4823,1,1,1,0,1,0,0,0,2,1,0,0,0,1,1,0,1,0,1,2,0.5842493546895317,-0.9631908095366839,-0.9527444571846848
4824,1,1,0,1,0,1,0,1,1,0,0,0,1,0,0,0,1,0,1,1,-2.553318995115583,-0.6246018958138614,-2.7099521383829117
4825,1,0,0,0,0,0,0,0,1,0,2,0,0,1,0,2,2,1,0,0,0.38504067267091846,0.4197813251285941,-0.22175411258195898
4826,1,2,1,0,0,1,0,0,0,1,0,1,0,0,1,1,2,0,0,0,0.09938652400023469,0.20298064253948922,-0.8489960814197092
4827,2,1,1,0,0,1,0,0,1,0,0,0,0,0,1,1,1,1,1,1,-0.3219617738445613,0.9251412028265285,1.8905121243390621
4828,1,0,0,1,1,1,0,1,1,1,1,0,0,0,0,1,0,0,1,1,1.2773532453682186,1.5635685399287824,1.8874774186453824
4829,0,0,0,0,0,0,1,1,1,0,1,1,0,1,0,0,1,2,0,0,-1.4388468012533537,-1.3166742962399667,-0.7661256131718956
4830,2,0,1,0,0,1,0,1,0,1,0,0,0,1,1,0,1,0,1,1,-0.612856931230602,-0.26485506252747093,0.4146321769099891
4831,2,1,0,0,1,0,0,1,1,1,0,0,0,1,1,0,2,1,1,1,-0.03841289900314765,1.176134378994575,0.2110995488656831
4832,1,0,1,0,0,1,0,0,0,0,0,0,0,0,0,0,1,2,1,2,-0.1341952302964229,0.003674084173743486,0.6713176605739523
4833,1,1,0,1,0,1,1,0,0,0,0,0,0,1,0,1,1,1,0,2,-0.8518267757136029,0.7799352407857261,0.425178669001256
4834,0,1,1,0,0,1,0,1,1,2,1,0,1,0,0,1,1,1,0,1,-0.1415603680505021,-0.4447318537456466,-1.818095051367352
4835,1,0,1,1,1,1,0,2,1,0,0,0,0,2,1,0,1,0,1,1,1.4640883833152956,0.103070448202492,-0.3818653859177261
4836,0,1,1,0,0,0,1,0,1,0,0,1,0,2,2,1,1,1,1,0,0.20626795919807975,1.1509827925623792,1.4442708146788439
4837,1,2,2,1,0,0,0,2,0,1,0,0,0,0,0,2,0,1,1,0,0.43541765345794525,2.6611529635790214,1.2693613428368575
4838,1,1,0,0,1,1,0,1,2,1,1,0,1,0,1,1,1,0,1,1,0.7666951252509823,0.8699872395649529,2.327387254619297
4839,1,1,1,1,1,0,0,0,0,1,0,0,0,0,1,0,1,0,1,1,-1.3002552266041905,-0.44711592805155964,-0.5461809091320385
4840,1,1,0,0,0,1,0,0,1,0,1,1,0,0,2,0,1,0,0,2,0.6220841882162755,-0.43778800150544966,-1.132573747589789
4841,1,0,0,0,0,1,0,0,2,0,1,1,1,1,0,0,1,1,1,2,-1.6928592091013341,-0.38550978805454,-0.752999125500511
4842,0,2,2,2,1,0,0,1,2,1,1,0,1,1,2,1,2,1,0,1,0.7863929708070769,0.30086869243419273,-0.1405522259868881
4843,1,1,1,0,0,1,0,1,0,0,0,0,0,0,1,0,1,0,2,1,-1.5349885954178255,-1.7315609136615044,-0.9641898029783293
4844,0,0,1,0,0,0,0,1,0,0,2,0,1,0,1,1,2,2,1,1,-1.4579066865922898,-0.15286096020789797,-1.0842270196424053
4845,0,1,1,0,0,2,0,0,1,0,0,1,0,0,0,2,2,0,2,2,0.6822444519633218,0.9110417455567024,2.125742248069309
4846,1,1,1,1,1,0,0,1,0,0,1,0,0,0,0,1,2,2,1,2,-1.6749091801369052,-0.15295698810465685,-1.019874933391605
4847,2,0,0,0,1,2,0,1,2,0,0,1,0,0,1,1,1,1,0,2,0.8614410950627307,0.37509736641759045,1.1886128509787528
4848,1,1,1,0,0,1,0,2,1,2,0,1,0,2,0,0,1,0,1,1,-0.33119548691355044,0.5062392190448534,-1.1697100646704233
4849,1,1,1,0,0,0,0,1,2,2,0,0,0,0,1,0,0,2,0,1,0.8684715906918338,0.4232063143282255,-0.782100709040761
4850,1,0,1,0,0,1,0,0,1,2,1,0,0,2,0,1,1,1,1,0,-0.5276003939068803,0.9296124487911126,0.1628272469424628
4851,0,0,1,1,0,1,0,0,1,0,1,0,1,0,0,1,0,1,1,2,-0.19389438509371154,1.5137494653185484,0.0673944881870584
4852,2,1,1,0,0,0,0,1,0,0,0,0,0,1,0,0,1,1,1,1,-0.9662874695485304,-0.5993232537482321,0.712062088797768
4853,1,1,1,0,1,0,0,2,1,0,0,0,0,0,1,2,1,1,0,1,1.6005355788804208,0.7802226912548393,0.5228186748526724
4854,0,2,0,0,0,2,1,1,0,0,1,1,1,2,2,0,0,1,1,1,-1.2881222925163436,1.344713925537666,1.6529465285844176
4855,1,1,2,0,0,0,1,1,2,0,1,1,0,0,0,1,2,1,2,2,0.4601372126838188,0.3164524000191228,-0.42044732115657024
4856,1,2,1,0,0,0,0,1,0,0,0,1,0,0,0,1,1,1,0,1,-0.05536278681451554,1.366236163506124,-0.03760357674565623
4857,0,1,0,1,0,1,0,2,1,2,0,0,2,0,2,1,1,2,0,1,1.4156978012207266,1.3007785275050603,-0.6046935249096992
4858,2,2,2,0,0,1,0,0,0,0,0,0,0,0,1,1,0,1,1,0,-1.0086966390783891,-0.1940765304676473,0.8812488674880679
4859,1,1,1,1,0,0,1,1,0,1,0,0,0,0,1,0,1,1,2,2,0.03453632976474411,-0.4805995191515804,0.5138441791086957
4860,0,0,1,0,0,0,0,1,1,1,1,0,0,0,0,2,1,0,0,2,0.1965631970791299,-1.1064702506633963,-0.6973559119509753
4861,1,1,1,1,0,1,0,1,1,0,0,0,0,1,0,0,1,0,0,1,-0.13325199962005715,0.21462724301983932,0.137591296168448
4862,2,2,2,0,0,1,0,0,1,0,1,2,1,1,1,1,2,0,1,1,0.672028904213423,0.29874911935742504,0.17371186234821656
4863,2,2,1,0,1,1,0,0,1,0,0,2,0,2,1,0,2,2,0,2,-0.9291715738982315,-0.2824723964611525,1.7077277041029453
4864,1,1,1,1,0,1,0,1,1,0,0,0,0,0,2,1,1,0,0,1,-0.27218568958904904,0.8048710199397551,-0.4998701710198631
4865,0,1,1,1,1,0,0,1,2,0,1,0,0,1,1,0,0,1,2,1,0.009343294219751165,0.756536970904731,0.14375590020903262
4866,0,2,0,0,0,0,0,0,2,0,0,0,0,1,1,2,0,1,0,1,-0.4845449007110018,1.9955587091954898,-0.2717603871748039
4867,2,2,1,1,0,0,1,1,1,0,0,1,0,0,1,0,2,1,0,0,-0.7969677728307196,-1.636146726609493,-1.123709540478381
4868,1,1,0,1,0,1,0,1,0,0,0,1,0,0,1,0,2,1,1,0,-0.49269845555318986,-1.0600206705951483,1.2281225512292822
4869,1,0,1,0,1,1,0,0,2,2,0,0,0,0,1,0,1,1,0,1,0.7205677175902616,-0.8002263517526964,1.8044576087863304
4870,0,2,0,1,0,1,0,1,1,2,1,1,0,0,1,1,1,2,1,1,-0.5939228941182735,-1.8591538753454229,-1.5383436238645025
4871,1,1,0,1,0,0,0,0,2,1,0,0,0,1,0,1,1,0,1,1,-0.5552405317493674,-0.7574794856154494,0.030609972597916646
4872,2,1,0,0,0,0,0,1,1,0,1,0,0,0,1,0,2,1,1,1,1.4407948831787387,-1.4152398067472498,-0.9138213301935478
4873,1,1,1,1,0,0,0,0,0,0,0,1,0,1,0,1,2,1,1,2,0.721483272155206,2.020964268596789,1.5104531530831193
4874,1,1,1,0,0,1,0,2,0,0,0,0,1,0,0,0,1,0,0,1,0.35839631667992705,-0.3876647793842928,-1.442078412878821
4875,1,1,0,0,0,1,0,1,1,0,0,1,0,0,0,0,2,0,0,1,0.016565166874255837,0.7061550300648679,0.0028385992536174576
4876,0,0,0,0,0,0,0,1,0,0,1,0,0,1,1,0,1,0,0,2,-2.23164233232759,-0.4386599057617871,-1.8064166251915097
4877,0,0,0,0,0,1,0,1,0,0,1,0,1,0,1,1,1,0,0,0,0.42948357078673793,-1.1610636887221415,1.9569571250888775
4878,1,1,1,0,1,0,0,1,2,0,1,0,0,1,0,2,0,0,0,1,-0.6134079098646097,-0.055728700601952674,0.2499679894789008
4879,1,0,0,0,0,1,1,0,0,0,0,0,1,1,1,0,1,0,1,1,-0.8015397077486381,0.048104454667003416,-2.584093340133784
4880,2,1,1,1,1,0,0,0,0,0,0,1,0,0,1,0,0,0,1,1,0.10229226045224431,0.35112170615083355,-0.9846533093249432
4881,1,1,0,0,0,0,0,0,1,1,0,0,0,1,0,0,1,1,0,2,-0.1626571549914754,1.7646174615105419,-0.001330527232566825
4882,0,0,0,0,0,0,0,0,0,1,0,0,1,0,1,1,2,0,0,1,0.13912723951994724,-3.4586680680541675,-0.23408893890811344
4883,1,1,0,0,0,1,0,0,1,1,0,0,0,0,0,0,1,2,1,1,0.40357061579275394,-0.2547744137819005,0.6365844009675561
4884,1,2,1,0,0,0,0,2,1,1,1,1,1,0,2,0,1,0,0,0,0.03480545488313787,1.2092744347870297,0.05981997521662158
4885,0,0,0,0,1,0,0,0,0,0,1,0,0,1,0,0,1,1,2,1,-0.31639128419052404,-0.012817512563781941,-1.4417390968502555
4886,0,1,1,0,1,0,0,1,0,1,1,1,0,1,1,0,0,0,0,1,1.0589679249459931,1.1078289238021266,-0.12097492673011023
4887,0,1,2,1,1,1,1,0,1,0,2,1,0,1,0,0,1,1,0,1,-1.3756292352088129,1.2015209464576642,-0.5511195571153977
4888,0,1,2,1,0,0,0,0,1,1,1,0,0,0,1,1,1,0,1,2,-0.8407453559929158,0.024264036890907836,-0.529904903562
4889,0,2,0,0,1,0,1,2,2,0,1,0,0,0,0,1,2,1,2,1,-2.6946999691232016,-1.54391153150008,-2.038434212373962
4890,1,1,0,0,1,0,0,0,0,0,0,0,0,0,1,0,2,1,1,1,0.2174840481587388,-0.6170543083800223,1.8969043963885903
4891,1,0,1,0,0,1,0,1,0,1,1,0,1,0,2,1,1,1,1,0,0.4693834849054047,0.28128793609377,-0.2996217867219638
4892,1,1,2,1,1,2,0,1,1,1,1,1,0,0,0,2,1,1,0,1,-0.475022174382455,0.3312365273970279,0.06048902027186033
4893,1,1,1,0,0,2,0,1,0,1,0,0,0,1,1,0,1,1,1,1,0.5041347070808571,0.20842012670469212,1.6482488198179286
4894,1,1,0,1,0,1,0,2,1,1,1,0,0,0,0,1,2,0,0,0,-0.1669283086759744,-1.7314840798451498,-1.6463375908921272
4895,0,0,1,1,0,0,0,1,0,1,1,1,1,2,1,0,0,1,0,0,1.8287291812568969,1.126845597577749,-1.1708806693373341
4896,1,0,0,1,0,1,0,0,1,0,0,1,0,0,1,0,1,1,1,1,-0.2657342344188343,-1.5053484020156194,-1.1834696031981893
4897,1,0,1,0,0,0,0,1,1,1,0,1,2,0,1,2,1,0,0,1,-0.05370005212258443,-1.539466045272004,0.20463095071415738
4898,2,1,2,0,0,2,0,1,1,0,1,1,0,0,0,2,0,0,0,1,0.6323915327166161,1.7697450227122558,-1.3611900624323072
4899,1,1,1,1,0,1,1,1,1,0,0,0,0,1,1,1,2,1,1,1,-0.34729480325044,1.2501819363721602,0.9453136080705784
4900,1,1,1,0,0,1,0,1,2,0,0,0,0,0,1,0,1,1,1,0,-0.9646892321599059,0.3557476548854236,-1.4546520740211655
4901,1,0,1,1,0,0,0,2,1,0,1,0,1,1,2,1,1,1,0,0,2.7154740937980923,-0.7586585224160806,0.36931403718705724
4902,1,0,0,0,0,1,0,1,2,1,2,1,0,1,0,2,1,0,1,1,-0.756757056906516,0.20937122045754084,-0.2101011623256616
4903,2,0,1,0,0,1,1,2,1,2,1,0,1,2,0,0,2,2,0,0,-0.849738704565697,0.2822138885234319,0.12435801610727737
4904,0,1,2,1,0,1,0,0,2,0,0,0,0,0,2,0,1,1,0,1,0.23721876811950363,1.0727771131356332,0.573053582340549
4905,0,1,2,1,0,1,0,1,0,0,2,0,0,0,1,2,2,0,1,2,-1.4744090272504502,1.8397585331889137,1.3305453292860312
4906,1,2,2,0,0,2,0,1,0,2,0,1,0,0,0,2,2,1,1,0,-1.4544116805822311,-0.3767207781242777,-1.057468422124452
4907,1,1,0,0,1,1,0,1,1,0,0,1,0,0,1,1,2,1,1,2,-1.21088034916102,-0.9464875052805196,1.190636150024174
4908,2,1,2,0,0,1,0,2,1,0,0,0,0,0,0,0,1,1,0,0,2.459331108295997,0.8597156801049366,1.9058934720565213
4909,0,1,0,0,1,0,0,1,0,0,2,0,1,1,0,1,1,0,1,2,0.8371386315861267,3.260578993733157,1.8234368846198818
4910,2,0,1,0,0,1,0,1,2,0,0,1,0,0,0,1,2,0,0,0,0.026052767089406324,-0.32490428448556374,-1.2834708387907303
4911,0,2,1,0,1,0,1,1,0,0,2,0,0,1,0,1,1,2,2,2,-1.0028889156849938,0.02763857365264688,-0.008733393118219024
4912,0,2,1,0,0,0,0,2,0,1,0,0,0,0,1,1,2,2,1,1,-0.7165139663190081,-0.2669254419172954,-1.3723502556831417
4913,0,0,0,0,1,0,0,1,1,0,0,0,0,1,1,2,2,1,0,2,-1.1848052767909885,-0.05868316591636841,-0.2607413949705311
4914,0,1,0,0,0,1,0,0,0,0,0,1,0,1,1,0,1,1,0,0,-0.5298431150448324,1.1286971043006309,1.3033594352127642
4915,1,1,1,0,0,0,0,1,2,1,1,1,0,0,1,0,1,2,0,0,-0.32251078491228635,0.19115652200554217,-0.6421357434978057
4916,0,2,0,0,0,0,0,1,0,1,0,0,0,0,1,0,1,1,2,2,-1.0770971907572944,-0.6322931671082872,0.9435236510609575
4917,0,0,1,1,1,1,0,1,2,1,1,0,0,1,0,0,0,2,1,1,0.12289288028508943,0.07867202805048101,-0.3330073086855134
4918,0,1,0,1,0,1,0,2,2,0,1,0,0,0,1,0,1,2,0,1,0.45249842571002785,-0.2106820880145296,0.2345581978245228
4919,0,1,0,0,0,1,0,2,0,1,1,0,0,1,0,1,0,0,2,2,-1.7658004926571809,-1.5796461939973323,-1.6735804611308864
4920,1,0,1,1,0,2,0,1,1,1,0,0,1,0,1,2,2,1,0,2,-0.7969929188739044,-1.5923879270910744,-1.0812806548108846
4921,1,2,2,0,2,1,0,1,2,1,1,1,2,0,1,2,1,0,1,0,0.628997875057243,0.6745880438343735,-0.5313321682353752
4922,0,1,0,0,1,0,0,1,0,0,0,1,1,0,0,1,1,1,2,1,-0.023270794767534915,0.6645583329772513,0.3948624824606333
4923,1,1,1,0,0,1,0,2,1,0,1,0,1,0,1,0,0,0,0,1,-0.2321594311104154,-0.3866220140787853,2.827274968132745
4924,1,1,2,1,0,2,0,0,1,0,0,2,0,0,1,1,2,1,0,1,0.5662465289522729,-1.0622259254339979,-0.3014049492875335
4925,0,2,1,0,0,0,0,1,1,1,1,0,1,1,0,1,1,1,1,2,0.026738450329824998,-0.6052828774019268,1.3789642651844218
4926,1,1,1,0,0,2,0,0,2,1,1,0,0,1,1,0,1,0,1,1,-3.227873017067746,-0.147161254582586,-1.8155288684231334
4927,0,2,0,0,0,0,0,1,1,1,0,1,0,0,1,0,2,1,0,2,0.5840795490231335,0.7915664250807656,0.012693230714957426
4928,0,0,1,0,1,1,0,0,1,1,1,0,0,1,2,0,1,1,1,0,0.2045028201015265,0.01750123486940447,0.5394331880253145
4929,0,0,0,0,1,1,1,1,2,0,0,1,0,1,0,0,0,0,2,1,2.0140129247873237,0.41088092974686147,-0.5789320553953478
4930,0,1,0,0,0,1,0,1,1,1,0,1,0,1,1,1,0,0,0,2,1.7744786265707297,2.090292747510107,0.8147308177125527
4931,1,1,0,0,1,2,0,1,0,0,0,0,1,0,1,0,1,2,0,0,-1.0231858038931143,-1.505233093687428,-1.9531730969270165
4932,1,0,1,0,1,1,0,0,1,1,1,0,0,2,1,1,1,2,1,2,-0.4706756599176965,-0.4576494992217975,-1.1637068541085211
4933,2,1,1,1,0,1,0,1,1,0,0,0,0,1,1,0,1,0,1,1,-0.29507906702924486,0.5173521500252135,-0.0007041224387713228
4934,0,1,0,1,0,0,0,1,0,1,1,0,0,0,1,2,2,1,0,0,-1.6329668375625317,-0.15795653270492432,-2.679497907533894
4935,1,1,2,1,0,1,0,1,0,0,1,1,0,0,1,1,1,1,1,2,-0.25150978126608275,1.9625808389018404,-1.0496297314764251
4936,0,2,0,0,1,1,0,2,1,0,0,1,0,0,1,0,0,0,1,0,1.0024821137744482,-0.37867936247357087,0.6450013871171316
4937,1,1,0,0,0,0,1,0,0,1,1,1,1,0,0,0,1,0,0,0,0.5279574007165813,2.0233141596259014,1.600752975992674
4938,1,0,1,0,0,1,0,0,1,2,0,0,1,0,0,1,0,0,0,1,-2.1460154594783667,-2.7314733291393116,-2.8675420944926833
4939,1,1,0,0,0,1,0,2,0,1,1,0,1,0,1,0,1,0,2,0,0.11291238244415855,0.5631239520281435,-0.3549428846257943
4940,1,0,0,0,0,1,0,1,1,1,0,1,0,1,0,0,1,0,1,1,-0.5403535224767052,1.6099504743961242,-1.0600126243526367
4941,1,1,2,0,0,0,0,1,0,0,1,0,0,2,1,0,2,1,0,2,-0.08908993040069264,-0.30648267133561835,-0.7430121829656325
4942,1,0,0,0,1,0,0,0,0,0,0,0,1,1,0,2,0,1,1,2,-0.428748119410648,0.7257227455808603,0.31352958489868665
4943,0,1,1,0,0,0,0,0,1,1,0,0,0,1,0,1,2,0,0,0,-0.800679987177643,-0.42960431908125024,-1.2284677706126585
4944,2,2,1,0,0,0,0,1,1,0,0,0,1,0,1,1,2,0,1,2,-0.1305767040553305,0.5164643001269136,-0.18557335823763504
4945,1,1,2,2,1,0,0,0,0,0,1,1,0,1,1,0,0,1,0,1,0.06123702884027107,1.532998186899811,0.0868509175278363
4946,0,1,1,0,0,1,0,0,2,1,0,0,0,0,1,1,2,0,1,2,0.5019465802603419,-0.3563912200158752,-0.5530027870209474
4947,0,0,0,1,0,1,0,1,0,1,0,0,0,1,0,1,0,2,0,2,-0.23811901521909745,-0.008417196293679263,-0.13646802313977724
4948,0,0,0,1,0,1,0,1,1,0,1,0,0,1,0,0,1,1,0,1,0.7862633689221951,0.6906684703577524,-0.9452672658207067
4949,1,1,1,1,0,2,0,1,0,0,0,0,0,0,1,0,1,1,0,1,0.16265546418429586,-0.1638437297656254,-0.9670126956172441
4950,1,1,0,1,1,1,0,1,1,0,0,0,1,1,0,0,2,2,1,1,-0.9285564282700368,-0.3396102848238448,-1.2470345379643932
4951,1,0,0,0,1,0,0,0,1,0,0,0,0,1,0,1,0,0,0,1,0.7864866943365892,-1.5375817183353735,-0.987398922266357
4952,0,2,0,0,0,1,0,1,0,0,0,0,0,0,0,2,1,0,0,1,-2.3072541952064194,-0.3934044467598461,-1.3814190390637133
4953,1,0,1,0,0,0,1,2,0,1,0,0,1,0,0,1,1,1,1,0,0.0777422559103399,-0.20153123404892195,-0.45136611557276163
4954,1,1,0,1,0,1,0,2,0,0,1,0,0,0,0,1,2,0,0,1,0.24207660775183062,0.8547281785148152,1.8132408437511887
4955,1,1,1,1,0,2,0,0,1,0,0,1,0,0,1,0,1,1,1,0,0.5483600993301648,-0.8302613677601222,0.9933574562501355
4956,1,0,1,0,1,1,0,0,2,0,1,0,1,1,1,0,1,0,1,1,-1.421795918212309,-1.3824669111523924,-0.6637025514467099
4957,1,1,1,0,0,0,0,2,0,0,1,0,0,0,2,0,0,2,1,0,-0.4781300530135659,-1.7449296853249254,0.21557212550253457
4958,0,1,1,0,0,0,0,1,1,1,1,0,0,2,1,2,0,1,0,1,-1.5643649042501993,0.5029992540386399,-0.15763840286591108
4959,1,0,0,0,1,1,0,1,1,0,0,0,0,1,1,2,1,1,0,0,-1.0721136665661977,-1.2466378563119764,-0.7786788239946945
4960,1,1,1,1,1,1,0,1,2,0,0,1,1,0,1,1,1,0,1,1,-0.40300621992543734,0.4343550181761948,-0.38654020350261814
4961,0,0,0,0,1,0,0,1,1,1,0,0,0,0,1,0,1,2,1,0,-1.3567760571247127,-2.3387657049987243,-1.8689720522063948
4962,0,1,2,1,1,1,0,1,1,0,0,0,0,0,1,1,2,0,1,0,1.9043756504821037,-0.14174317250448076,0.64417763584632
4963,0,1,1,0,0,0,0,0,1,0,0,0,1,0,0,0,0,1,0,1,0.2845673147832259,-0.3747779673969298,-0.442064294056826
4964,0,2,1,0,0,1,0,1,1,1,1,0,0,0,0,0,0,2,1,1,0.5153848268377155,-1.4324129966722974,-0.37459578919628733
4965,0,2,2,0,1,2,0,1,1,0,0,1,1,0,0,0,2,1,0,2,-0.040046451944485285,-0.8368435616581318,0.055003762587155336
4966,1,1,0,0,1,1,0,0,0,0,0,0,0,1,0,0,1,1,1,2,1.0939240117851976,-1.4925828342279615,0.8385812810711257
4967,2,0,1,0,0,0,0,0,2,1,0,0,1,1,1,1,2,1,0,1,1.1396930488312602,-0.6466960688627175,0.3663782957824174
4968,0,1,0,0,0,0,0,0,1,0,0,0,0,0,0,1,1,0,1,0,1.4666853168080862,0.4056829357827094,-1.1611933838655146
4969,0,0,1,1,1,1,0,1,2,1,1,0,1,0,0,0,1,2,1,1,0.6009448980867262,-1.9044003334044857,-1.1732474802933783
4970,0,1,2,0,1,0,0,2,1,0,1,1,0,0,0,1,0,0,1,1,-1.8762508031968748,0.9028930836986542,0.023480278745333205
4971,1,1,0,0,0,2,0,0,1,1,0,0,0,1,2,0,2,1,1,0,0.8510865051511117,-0.5415078624863008,1.2821802539793106
4972,0,1,2,0,0,0,1,1,1,1,0,0,0,1,0,1,1,2,0,0,0.9103723842067691,-1.2599238405549893,0.8787769618949779
4973,0,0,1,0,0,2,0,0,1,1,1,0,1,1,1,0,2,1,0,1,-0.8223781021609543,-0.6419518018638646,-0.7015651336621265
4974,0,0,0,2,1,1,0,1,1,0,1,0,0,0,1,0,0,0,0,0,0.008929969251162484,-0.6512155299236431,-1.3305421315151773
4975,0,1,2,0,0,0,0,0,2,0,0,0,0,0,0,0,1,1,1,1,-0.7620453766370248,0.6132909666716,-0.3288425516342979
4976,0,1,1,0,0,0,0,0,0,0,1,0,0,0,1,1,1,1,0,1,0.7811452194204157,0.34520412687720636,0.6239917929679935
4977,1,1,1,0,0,0,0,0,1,1,1,1,1,0,1,0,0,0,2,1,0.9661937659211894,-1.0726854128365293,-1.7582233453982048
4978,1,2,0,1,0,1,0,1,0,0,0,1,0,1,0,1,1,0,1,1,-2.256253387768647,1.2831933827675739,-0.9499696937794078
4979,1,0,1,0,1,1,0,1,1,0,0,1,1,0,1,0,0,0,0,2,-0.7578028983628118,-0.7367703186905231,-0.5457591069575781
4980,0,0,2,1,1,1,0,1,1,1,1,0,1,0,0,0,2,0,1,1,-0.4736463900626836,-0.7151519269112778,0.7827001557557204
4981,1,0,0,0,1,0,0,0,2,0,1,0,0,0,0,2,1,0,0,0,-0.9050286186331106,-1.0441295784178344,-0.4672669033511595
4982,1,0,1,0,0,1,0,1,0,0,1,0,0,0,0,1,0,2,0,1,-0.08481149047198427,-0.720964140571941,-0.10262802077341932
4983,0,2,2,0,0,0,0,0,0,1,0,1,1,2,1,1,1,2,1,1,1.0279975429991195,0.24972466388249526,1.6167892337200374
4984,0,2,1,0,0,1,0,2,2,1,0,0,0,0,0,1,1,1,0,1,0.5138912215873939,1.999170839744803,2.2031879141725463
4985,0,1,2,1,1,1,0,1,0,0,1,0,0,0,2,0,1,1,1,2,-0.3497907819591189,-0.5000732988173111,-0.8016867958203562
4986,0,0,0,0,0,1,0,0,0,0,0,0,0,1,2,0,2,0,1,2,-0.7325992219127858,-0.2854306868350406,1.59974357853249
4987,1,1,0,0,1,1,0,1,1,1,0,0,1,1,0,1,0,1,1,2,-2.1939206734588423,-2.8329747342576543,-3.1894277215048836
4988,0,1,1,0,0,0,1,1,0,2,1,0,0,0,0,0,0,0,0,1,-0.2621231290049331,-1.1932304858003338,-0.5756487067274161
4989,0,2,1,0,1,2,0,0,1,0,0,0,0,1,1,1,1,0,1,1,-0.7540775105142745,1.169776601841101,-1.0243126588615432
4990,0,1,0,1,0,1,0,1,1,1,1,0,0,0,0,0,0,0,1,2,-1.6524879557698366,1.0104759022405114,-0.9287482021398707
4991,1,1,1,0,0,1,0,0,0,1,0,0,2,1,1,0,0,0,1,1,0.5221603895065906,-0.9098041970932106,0.3813837155586446
4992,1,2,2,0,1,1,0,2,1,1,0,0,0,1,0,1,1,1,0,2,-0.48301075172364294,-0.7016232392740416,-1.0216093208255042
4993,0,0,0,0,0,1,1,1,0,1,0,0,1,1,0,0,1,0,1,2,-0.8582887271127652,0.9912030611975908,0.7187884516370713
4994,1,1,1,0,0,1,1,1,0,0,0,1,0,0,0,0,1,0,0,1,-1.8270882725320956,-0.8257407629310716,-0.6963021711547486
4995,0,1,1,0,1,2,0,0,0,0,0,0,0,1,1,1,0,1,0,1,-2.6837460557589887,-0.8010911110260559,-0.8521615701287174
4996,1,1,1,0,0,1,0,0,0,0,1,0,1,1,0,0,1,1,0,0,-0.08895289045405544,-0.23931611049079776,1.7361691846963128
4997,1,1,1,0,0,1,0,2,0,1,1,0,0,1,0,1,2,1,1,1,1.129465101350957,1.5052436678284429,0.06720597852862109
4998,0,1,1,0,0,1,0,1,1,0,0,0,0,0,1,1,1,1,1,0,0.5382889116275003,-1.1121136912255858,-1.2552444442694144
4999,1,1,2,1,0,0,1,2,0,1,0,0,0,0,1,0,2,1,0,2,-2.2506230228907365,-0.030670175832290564,-1.6672117732469691
5000,0,1,1,0,0,1,0,0,0,0,2,0,1,0,1,1,1,1,0,2,1.4744380367218068,2.0112838000780657,0.6212581569774362
5001,0,1,0,0,0,1,0,0,1,0,0,0,0,1,1,0,1,1,1,1,0.018417867974563126,0.3027058802889728,-0.32743435992680336
5002,2,0,0,1,1,0,0,1,1,1,1,1,0,0,0,0,1,1,0,1,-0.401494430652708,0.12828717832670536,0.8594418183817624
5003,1,2,2,1,1,1,0,2,0,0,0,0,1,0,1,1,0,1,0,1,0.10306444794144301,-0.3439178638426905,-1.4909682464310088
5004,0,2,0,0,0,0,1,0,1,0,0,1,0,1,2,0,1,0,1,1,1.0962174576421209,0.01426375843564609,-2.2167403396892547
5005,0,0,1,2,0,1,1,1,1,0,0,1,1,0,0,1,2,1,2,1,0.40364401765523317,-0.9343522387094312,1.0004802705222475
5006,0,0,1,0,1,1,0,1,1,1,0,0,0,0,0,1,2,0,0,2,-0.3049140517907813,-0.9772811627177027,-0.4164655509147238
5007,0,1,0,1,2,0,0,1,2,0,2,1,1,0,0,1,0,1,0,0,-0.3622448681908624,-0.1641013711799879,0.3882221816968023
5008,0,2,1,1,1,1,0,1,0,1,0,0,0,0,1,1,1,1,0,1,1.4604785589146292,0.6099801453220738,1.0501285423398514
5009,1,1,1,0,1,2,0,0,1,1,1,0,0,0,1,0,1,0,1,1,-0.297408188679931,1.5486792543900876,0.19978459732248993
5010,1,0,0,0,0,0,0,2,1,0,1,0,0,2,0,0,1,0,0,1,-2.5222241501264016,0.21969060556948583,-2.349428668791885
5011,0,2,0,0,1,2,1,0,2,1,0,0,0,1,1,1,1,0,0,2,-1.8456538265075584,1.3204269260530783,0.8712077684203186
5012,1,2,1,0,0,1,0,1,1,0,1,0,0,0,1,2,1,1,2,0,1.0443022870873324,1.0023003208188868,-0.038353800936076654
5013,1,1,1,0,0,1,0,0,2,0,0,1,0,0,0,0,2,1,2,1,-1.0290439303163077,-2.0677370437724663,-1.8576065955289045
5014,1,1,0,0,1,2,0,1,1,1,1,0,1,1,0,1,0,0,0,1,-1.1209772701760823,1.981808380056284,-0.8587748168021367
5015,0,0,2,0,0,2,0,0,0,2,1,1,1,1,0,0,1,1,1,2,0.7686267490543233,1.3389468370612232,0.27770711032982176
5016,2,1,2,1,0,0,1,1,0,1,0,0,1,0,1,1,1,1,0,1,0.9115904244728857,0.9292312104369447,0.3725313838466707
5017,0,1,1,1,1,1,0,2,0,0,1,0,0,1,1,1,1,1,0,0,0.6900843380152346,-1.9147000179968714,-0.7000357237439728
5018,0,0,0,0,0,2,1,1,0,1,2,0,0,1,1,2,2,0,0,1,-0.7753985213887381,-1.1370506086165948,-0.7470749583222426
5019,2,2,0,0,0,1,0,0,1,0,0,0,0,0,2,0,1,1,1,1,-1.0531462495134163,0.5740589673253348,-0.02948443343045154
5020,2,1,1,0,0,2,0,0,1,1,0,0,0,1,1,0,1,0,1,2,0.7320319852973661,-0.6121284925303696,-0.14241607246650695
5021,0,1,1,0,0,1,0,2,1,0,1,0,0,0,1,1,1,0,1,0,-0.19044784226326866,-0.9303690384216232,-0.3537377190872172
5022,0,2,0,0,0,0,0,2,0,0,0,0,0,1,1,0,1,1,0,1,1.6685876881573098,0.6208713034714994,1.3033657717888263
5023,0,2,0,1,0,2,0,1,1,0,0,1,0,0,0,2,2,0,1,1,1.1440339483346975,-0.09809991045012911,-1.3878259784617164
5024,1,1,0,0,1,1,0,1,1,0,0,0,0,0,0,1,1,0,0,1,-0.5609333188225136,0.07163282856557279,-1.4463739023473248
5025,2,1,1,1,0,2,0,1,1,0,0,0,0,0,1,0,0,2,2,1,-1.0087981271775828,-1.3396581402521597,1.3084816302868734
5026,1,2,1,2,0,0,0,1,0,0,0,0,0,0,0,1,1,1,0,2,-0.3327615830420903,0.3267523339477264,1.3454055547756947
5027,2,1,0,0,0,2,0,2,0,0,1,0,0,0,0,0,2,1,1,0,1.143375494425607,0.015770979077036174,-0.2996157062501027
5028,0,1,1,0,0,0,0,1,0,0,0,0,1,2,0,0,1,1,2,0,-0.5344301376805897,0.7498265417908802,1.753952439901035
5029,1,0,2,1,1,1,0,1,1,1,0,0,0,0,1,1,1,0,1,0,0.9208793384592241,-0.6806728417708285,-1.6747271858210198
5030,1,1,0,0,1,1,0,2,0,1,0,0,1,0,0,1,1,0,1,1,-0.06238375295251065,0.11930101758420364,0.8513019841330285
5031,1,0,2,0,0,1,0,0,2,2,0,0,0,0,1,1,0,0,2,2,0.8744678221709286,-1.6867377559426402,-0.3286782099544614
5032,2,1,0,0,0,1,0,1,1,0,1,0,0,0,0,0,0,1,0,1,0.8163600478745618,0.29556425334998027,1.8679290880889652
5033,1,0,0,0,0,2,0,2,1,0,0,0,0,0,0,1,1,1,1,1,-0.13891751171596148,0.12757194425276108,0.49535488990883125
5034,0,1,2,1,0,1,0,1,1,0,0,1,1,0,0,0,1,1,0,0,-0.5291908345780089,0.33815899447115144,1.5642325930359817
5035,0,2,0,0,1,0,0,1,0,1,1,1,1,1,0,0,1,1,1,1,-0.32163543120665633,-0.2973864876432975,-0.19468868869302555
5036,0,2,0,0,1,0,0,0,1,0,0,0,0,0,0,0,2,1,1,2,1.8122646734508157,-0.476183610668186,-0.08908732294488897
5037,1,0,0,1,0,0,0,0,1,2,1,1,1,1,2,1,2,1,0,0,1.8903986022363652,1.3753754077468592,2.44788211923413
5038,1,2,0,0,0,1,0,0,0,1,0,0,0,0,0,0,1,1,1,1,0.5331206872413992,0.19045232999114164,0.39372668193834864
5039,0,1,0,0,0,1,0,1,0,0,0,0,0,1,1,0,0,1,0,0,1.4409422830615741,0.9356991030029411,1.1327999505843707
5040,0,1,2,0,0,1,1,2,2,1,0,1,0,1,0,0,1,1,2,1,-0.8625846354644043,0.09973504207790554,-0.7614453027048264
5041,2,1,0,0,0,2,0,2,0,0,0,0,0,0,1,2,1,0,0,1,-0.6728811667606702,0.0502861981724594,-1.2909112022443636
5042,0,1,0,0,1,2,0,0,2,1,0,0,0,0,1,1,2,1,1,0,0.09006301812529495,-2.1101356960666813,-0.0004105279484479807
5043,1,0,1,1,0,0,0,0,1,1,0,0,0,1,2,0,1,0,0,1,-0.15139194405241785,0.4259344912334755,-0.050782818630914744
5044,1,0,1,0,1,2,0,1,0,0,0,0,0,0,0,0,1,0,0,1,-1.2129572142441192,-0.3470295949885569,-0.032550454100753634
5045,1,0,1,1,0,2,0,0,2,0,0,1,0,0,0,0,1,1,1,1,-0.8442947542641945,-0.9894881544250694,-0.3433148631637838
5046,1,2,0,1,1,1,0,1,1,1,1,0,0,0,0,1,0,1,1,0,0.06994445190049295,-1.4861701163470165,0.39522866339624846
5047,2,1,0,0,0,1,0,1,1,1,0,0,1,1,0,0,1,1,1,2,0.27660686834513765,-0.6812247049700986,-1.0533431140468663
5048,1,1,1,1,1,0,1,1,0,2,0,0,1,1,1,0,1,2,0,1,0.41095884367148955,-0.29488907237379475,-1.658428767921054
5049,0,0,0,0,0,2,0,0,0,1,0,1,0,1,0,1,0,0,1,1,0.9176516278023417,0.27932771410217166,-1.4036012394338708
5050,1,1,1,0,0,2,0,1,0,0,1,0,1,0,1,1,1,2,2,1,-0.34664544445468093,1.6140199311414298,-0.8491312881809957
5051,1,2,0,0,0,2,0,1,0,0,1,0,0,1,1,0,2,0,1,0,-0.7699620563199732,0.4428631785631529,0.4768939966876754
5052,0,1,1,0,0,0,0,2,1,0,1,0,0,0,0,2,2,2,1,0,0.30437426172744525,-0.32815882912415967,-1.5615430245501145
5053,2,0,1,0,0,0,0,0,1,0,0,0,0,1,0,0,0,1,0,1,0.1636384644606898,-0.9291237457788262,-1.179541416667167
5054,1,0,0,1,0,0,0,2,0,1,0,0,0,1,0,0,0,1,0,1,0.4402468573960223,1.502415492107771,0.25526358986277164
5055,1,2,0,0,0,1,0,2,0,0,0,1,1,1,1,1,0,0,0,1,0.8281314723147402,1.9252292983485528,1.135330917665152
5056,0,0,1,0,0,1,0,2,1,1,0,0,0,0,0,1,1,1,1,1,0.004513057253074915,-1.5485059536504697,-0.25024717395223617
5057,1,1,2,1,2,0,1,2,1,0,0,1,0,0,0,0,1,2,0,0,1.2207565817418395,-0.7591884129716052,1.7930449723723716
5058,1,0,1,0,1,1,0,1,1,0,0,0,0,1,1,0,0,0,1,0,0.5098349362367212,-1.6910074828432597,0.6447846407733855
5059,1,2,1,0,1,0,0,0,1,0,0,1,1,1,1,1,2,1,1,1,0.11528957060472675,0.23734050867368803,-0.6909284977820664
5060,0,0,0,0,1,2,0,1,1,1,0,0,0,1,0,1,1,2,1,1,1.0253213166667443,0.6299643796480612,0.41522012016545373
5061,0,0,1,2,0,2,0,0,1,1,0,0,1,0,0,0,1,1,0,0,-1.0340079661442423,0.3839703184338681,-0.13558026664524123
5062,1,2,1,0,0,2,1,0,2,1,1,1,1,0,0,0,1,0,0,1,1.0259340270555588,-1.2715073232623122,0.3516520402973064
5063,0,0,0,1,0,0,0,0,0,0,0,1,0,1,0,0,1,2,0,1,1.7613057066131688,0.9516687464949489,2.65897624378852
5064,1,2,1,0,0,1,0,2,2,0,1,1,0,0,0,1,0,0,0,1,0.42908229312502055,0.8836804660044364,0.4208964414392838
5065,1,0,1,1,0,1,0,2,1,1,0,0,0,0,1,0,1,0,1,0,-0.8825637498539028,-0.559778331101551,0.3586646715917313
5066,1,0,1,0,0,0,0,0,0,2,1,0,1,1,0,0,2,1,1,0,0.604564537296939,-0.3821767283695855,0.09575829325459057
5067,1,2,1,0,0,0,0,1,0,1,1,0,0,0,1,0,0,2,0,1,0.44764523010624613,-0.076019687563223,1.4350247622550205
5068,1,0,0,2,0,1,1,0,1,0,1,1,1,0,0,1,1,1,1,1,-1.2197333101707406,-0.09069198589720737,0.33125865799578313
5069,0,1,1,0,2,1,0,1,1,0,0,0,0,0,1,0,2,0,0,2,-0.20153513789075136,0.6520796092505643,-1.0136352652655145
5070,0,0,0,0,1,0,0,1,1,0,0,1,2,2,0,1,0,1,0,0,0.01147060471464395,-1.0194175152145262,-1.8451986408558876
5071,1,1,1,0,0,0,0,2,1,0,2,1,1,1,0,1,1,2,1,1,0.1541604119645659,-1.0279576567619468,-1.5907883000692564
5072,0,1,1,1,0,2,0,0,2,1,0,0,0,0,0,0,2,0,0,2,-2.043748829365043,0.964121656574718,0.9023056921481657
5073,1,0,1,0,0,1,0,1,2,1,1,1,1,0,0,0,0,1,2,1,1.4004358675232624,-0.4419441002954468,0.6070320638826029
5074,1,0,1,0,0,1,0,0,2,1,0,1,1,2,0,1,2,0,0,0,0.08801423122370428,-1.2757276603645202,0.5232880113686182
5075,0,1,1,0,0,1,0,1,1,0,1,1,0,0,1,0,1,1,2,2,0.04944830209809804,0.7146251064448146,0.9522307510261061
5076,0,1,1,0,0,1,1,0,2,2,0,0,1,0,1,0,1,1,1,1,-1.167709357105528,-0.850508409058603,-1.2429975222073517
5077,0,2,1,1,0,1,0,1,1,0,0,0,0,1,1,0,2,0,1,0,-1.5559136733919634,-1.2268607971938548,-0.8248053247491629
5078,1,2,2,0,0,1,0,2,0,0,0,1,1,0,0,0,1,0,0,2,0.32778292111555,0.36625486551917547,0.11345137897280139
5079,1,1,0,0,0,0,0,0,0,0,0,1,0,0,0,0,0,1,0,2,0.01275577389179774,0.02595999445520454,0.6169894956105938
5080,1,0,2,0,0,0,0,2,1,0,1,0,0,0,1,1,0,1,0,1,-1.8370691416683147,0.5585021274158681,-1.0469951462229394
5081,0,1,1,0,1,0,0,1,0,1,0,0,0,2,0,0,0,1,1,0,1.0187055318996157,1.0399361446627018,0.6134169493033734
5082,1,0,1,0,0,1,0,2,1,0,1,0,0,0,0,0,1,2,1,0,-2.3366789861035806,-0.8977747504329427,-1.8138529740514584
5083,0,1,0,0,1,2,0,2,0,0,0,2,0,1,1,0,0,2,0,0,-0.35681033231658704,-1.4078013975698669,-0.3651451877608445
5084,0,0,0,1,1,2,0,0,2,0,0,0,0,0,0,1,0,0,2,0,0.5803772357430023,-0.9727847101767697,0.14351882181957817
5085,1,0,0,0,0,1,0,0,1,2,0,0,1,0,0,0,1,1,1,0,-0.9504711834509054,0.7660883549846824,-2.0350117974239246
5086,1,1,0,0,0,1,0,1,0,1,0,0,0,0,0,0,2,1,1,0,-0.1641259512309283,1.0904321612103436,2.6487945172101313
5087,0,1,2,0,0,0,0,0,2,0,1,1,0,0,1,1,1,0,0,0,-0.4644000013351458,-0.14848208516859396,1.5440938772622654
5088,0,1,2,0,1,1,0,0,2,1,1,0,1,1,0,1,2,1,0,2,0.7728936636066591,0.6092006673326085,0.832101439657372
5089,1,2,1,0,1,0,0,1,1,0,2,0,0,1,1,1,1,1,0,1,-1.0298151519233225,-0.5708952736081984,0.17550495822374923
5090,0,1,1,0,1,2,1,0,1,0,0,1,0,1,1,0,2,1,0,2,0.209510109888105,-0.7222538297348029,1.7452596353365
5091,0,1,1,0,1,2,0,0,1,0,1,1,1,0,0,1,0,1,1,1,-0.4736164809313048,0.13223600462366142,1.959858042575084
5092,2,1,2,0,1,1,0,0,1,0,0,0,0,0,1,1,1,1,1,1,-0.6939192487690314,-0.5232672171553651,-0.36381629576721386
5093,1,2,1,0,0,0,0,1,1,0,0,0,0,1,1,0,2,1,0,1,0.461613388542312,0.5723673253798076,1.4150519773203554
5094,0,1,1,0,0,0,0,2,2,0,0,0,0,0,1,0,0,0,1,0,0.8640076059534033,1.4434797398375365,0.09001792867937308
5095,1,1,0,0,0,0,0,1,0,0,0,1,0,0,0,2,1,0,1,1,-0.4327295234844308,-1.7885179716055846,-1.0519032746697232
5096,1,0,1,0,0,1,0,1,2,1,0,1,0,1,0,1,1,1,1,1,1.875626298231235,-0.06378229033277522,2.272426644506519
5097,0,1,1,1,0,0,0,0,1,1,0,0,0,0,1,0,2,1,1,1,-0.3773558769483137,-2.432503015628641,-1.7061443325485723
5098,0,2,1,0,0,0,0,0,1,1,1,0,0,2,1,1,1,1,0,1,-0.031219013771740745,1.2528385206557748,0.10734228893057324
5099,1,1,2,1,0,1,0,2,2,1,0,1,0,0,1,1,1,1,0,1,-0.004789018728045306,0.5216355800279269,0.2171720461356308
5100,2,0,2,0,0,1,0,1,0,0,1,1,1,0,1,0,0,1,0,0,0.02978108705163441,-1.07177663242508,-1.0833830170900587
5101,2,2,0,0,0,0,0,0,1,2,0,0,0,1,0,0,2,0,1,2,1.3183957208478707,1.8485461371999512,-0.7023656872363844
5102,0,2,0,0,0,1,1,0,1,0,0,0,2,0,0,1,1,1,1,2,-1.269211194747574,-0.16939902625275954,-1.3349602684657087
5103,1,0,2,0,1,1,0,0,1,0,1,0,0,1,0,0,1,1,2,0,1.0891539839843003,-0.7198497249246953,-0.16320266986262472
5104,2,0,2,0,0,1,0,1,1,1,1,0,0,0,2,1,2,0,2,0,-1.1270393209947742,-0.35057039503474186,1.743444963053685
5105,0,0,1,0,0,0,0,0,2,1,2,1,0,1,1,1,2,0,1,0,1.29599212290173,0.415577369598667,-0.005657003446229436
5106,1,1,2,0,0,0,1,1,0,0,0,0,0,1,2,0,1,1,2,0,-1.0848705303349686,-0.6336315993625983,0.21100606344420503
5107,0,0,2,1,0,0,1,0,0,2,0,0,0,0,0,0,1,0,1,1,-0.5510615613583466,-0.12457892097148242,0.2593505246194663
5108,1,1,0,1,0,1,0,1,1,0,0,0,0,1,1,1,0,0,0,0,0.6836882518797698,-0.48290810904663156,-0.599479323576964
5109,1,1,0,0,0,1,0,0,0,0,0,0,0,1,0,1,2,0,0,2,-1.000727504830967,0.03138511927287979,0.4938815546061222
5110,0,1,0,0,1,1,0,1,1,0,0,0,1,0,1,0,0,1,2,2,0.538348406783108,-1.4307775723589011,-0.08529409688089047
5111,0,0,2,1,1,1,0,1,1,1,0,0,0,0,1,1,2,0,0,1,-2.097836904671272,-1.3468366243294019,-1.905023893324342
5112,1,0,1,2,0,0,0,2,2,1,0,0,0,1,0,0,0,2,0,0,-0.8222576729866772,0.5056177013242698,0.8240880609273896
5113,1,1,1,0,0,1,0,0,0,1,0,0,0,1,1,1,1,1,1,1,-0.056688290443891814,-1.7054848846911665,-2.583278023812807
5114,0,1,1,0,1,1,0,0,1,0,1,0,0,0,1,0,1,1,0,1,0.3214413942235941,-0.5503099097745292,-0.5207232913951858
5115,0,0,0,1,0,2,0,0,1,0,0,1,0,0,0,0,1,0,0,0,1.4169692483677432,-1.4406751688181918,1.5893451604707252
5116,2,0,0,0,1,0,0,0,2,2,1,0,2,0,0,1,1,0,2,2,0.29299968069160104,-1.0265165896012933,-0.06145154393707107
5117,0,1,2,1,0,1,0,1,1,1,0,1,1,0,1,2,2,1,1,1,1.0896578357986852,-1.0786228693535362,0.5974055374955296
5118,0,0,0,0,0,1,0,1,2,0,0,0,0,0,1,2,1,1,1,1,-1.252001173936043,-0.4327419496553097,-1.1830173109028101
5119,1,0,2,0,0,2,0,1,0,0,1,0,1,0,0,2,0,0,0,0,-1.7503298461139853,-0.3740681391766336,-0.8266416677543632
5120,1,1,1,0,1,1,0,1,0,1,1,1,0,1,1,0,2,1,1,2,1.223200834245178,0.8742952948361976,2.6952885475222903
5121,0,1,0,0,0,1,0,1,1,1,1,0,0,0,0,0,1,1,1,2,-1.4863693894286287,0.11900234761565992,-0.5650637322667114
5122,2,1,0,0,0,2,0,0,1,0,0,2,0,0,1,0,1,1,1,0,-0.7278505394521149,0.06917233328283179,-0.1352122740531195
5123,2,0,1,0,0,1,0,2,1,1,1,0,1,0,1,1,1,1,0,2,0.7993550089646749,-0.14305665560169234,0.7555534749579513
5124,0,1,0,0,1,0,0,0,1,1,0,0,0,1,0,1,0,0,0,1,-1.203865104488317,-1.258452283519543,1.3310062423592388
5125,0,0,0,1,1,1,0,1,1,0,0,1,1,1,0,0,1,1,1,2,-0.3680350942644637,1.1992386133822486,-0.6804852533517315
5126,2,0,0,0,1,1,0,1,0,0,0,0,0,2,0,2,1,1,0,1,0.15289313390963716,0.727914798130121,0.464023287517492
5127,0,0,1,0,0,0,0,2,0,1,0,0,0,1,0,1,1,0,1,1,1.6019048843112718,0.24582561245339463,1.0747577673488
5128,0,0,1,0,0,1,0,0,0,0,1,0,0,0,0,0,0,1,0,1,-1.1151699901258816,1.1841106450078174,0.05795124509735483
5129,1,0,0,0,0,0,0,0,0,0,1,0,0,1,1,0,0,2,1,0,-1.1979177569574457,-1.3017874216674792,-1.064228831454116
5130,0,1,2,1,0,2,1,1,2,1,0,0,0,0,2,1,1,1,1,2,-1.9420526028944045,-2.5596561317498554,-3.83077190713597
5131,1,0,1,1,1,0,0,0,0,0,1,0,0,0,1,0,1,1,1,2,1.6525481910434823,1.0936054484713515,-0.4836420614883479
5132,1,0,2,0,0,1,0,1,0,0,0,0,2,0,0,1,2,2,1,1,-1.0146925657638701,-0.9557260883298531,-0.6840830329699169
5133,1,0,1,1,0,0,0,2,1,1,0,0,0,1,0,0,1,1,1,1,-0.4721500008490682,0.17200354566049084,0.5034163917248168
5134,2,0,2,0,0,0,0,1,1,0,1,1,0,1,0,1,1,1,0,1,1.9019469242623805,0.1532567783886435,1.7856143928677148
5135,0,1,1,1,0,1,0,0,0,0,0,0,1,0,1,1,1,1,0,1,-2.141877942956024,0.2989390424280123,-0.2828460272697696
5136,0,0,1,0,0,2,1,2,1,0,0,0,0,0,0,0,1,1,1,1,-1.15025912845439,-0.006440003189188748,-1.2369790338835767
5137,1,0,2,0,1,0,0,0,0,0,0,0,1,1,1,0,1,1,1,1,0.12028949446340792,0.7837913652736991,-1.3537645411691996
5138,1,0,1,0,1,2,1,1,1,0,0,1,1,0,1,1,1,0,0,2,0.9394605025799418,0.8602549139509837,0.798482213912056
5139,1,1,1,1,0,2,0,2,0,0,0,1,1,2,1,0,1,1,0,2,-1.1801849771253548,-0.526945176028595,-1.6546181042847752
5140,0,1,1,1,2,0,0,2,0,0,1,0,0,0,0,0,0,1,1,1,1.068635192782625,0.8580726948615969,-0.4976682882660828
5141,1,2,1,0,0,1,0,2,1,0,0,2,0,0,1,0,1,1,0,0,0.35581801798328655,0.12303251696097267,2.5287234727797183
5142,2,0,1,0,0,2,1,0,0,1,0,0,0,1,1,0,0,1,1,1,-0.9390676283363671,-1.0228343438948646,-2.563838236102022
5143,0,1,1,0,1,0,1,1,0,0,1,0,0,0,2,2,2,0,1,1,1.336492781459676,0.7901063244212877,-0.2834124039201765
5144,2,1,1,0,0,0,0,1,0,0,0,0,1,1,1,1,1,0,0,1,1.4243260774427893,-0.5198267113298041,0.4931153922316435
5145,1,1,0,0,0,1,0,0,0,1,1,0,0,1,0,2,2,0,0,0,-0.17222803045592092,-0.8708576698781761,-1.7445119123599175
5146,1,2,1,1,1,1,0,0,1,0,0,0,2,0,0,1,1,2,2,0,0.905999425805186,-1.370687368018205,-0.7356028087790718
5147,0,1,1,1,0,0,0,1,1,1,1,0,1,1,1,1,1,1,1,1,1.1922810671131603,-1.1084258128715696,-0.8415956316055098
5148,1,1,0,1,1,0,0,2,0,2,1,0,1,0,1,1,0,1,2,1,0.734913165234397,0.5596264113949597,-0.74840137138716
5149,1,0,2,0,1,1,1,1,1,1,1,0,0,0,2,1,1,1,2,1,-0.5306575059617137,2.012578558694475,0.902627246569797
5150,1,2,2,1,0,1,0,1,1,0,0,1,0,0,1,1,2,1,1,0,-0.9363182523669565,0.3972562153129139,1.1165257533289674
5151,0,1,0,0,0,1,0,0,1,1,0,0,0,1,0,0,1,1,0,2,-1.537521893103465,-1.9966268297823548,-0.9433532174316912
5152,2,0,1,0,1,2,0,0,0,1,0,1,0,0,0,0,0,0,1,1,0.8464220042542471,0.2735753263876036,-1.3341896490547729
5153,1,2,1,0,0,1,0,1,1,0,0,0,0,1,0,1,1,1,0,1,-0.6317029149175556,-0.17698649540120442,0.9230307217011862
5154,1,2,0,0,0,0,0,1,0,0,0,0,1,1,1,0,1,1,0,0,0.2755046700865395,0.15302722367423433,0.22663452172063675
5155,1,0,1,0,0,0,0,1,0,0,0,1,0,0,0,0,1,1,1,1,-1.0044392714105626,-1.3475892343200055,-1.0451347249839764
5156,1,0,0,0,0,2,0,2,1,1,0,0,0,1,1,0,1,1,0,1,1.8197973534847844,1.2356939278931636,0.6394759966682249
5157,0,1,0,0,0,1,0,2,0,2,0,0,0,0,2,0,2,1,0,2,1.6568314081794004,-1.9797699617630977,-0.09473385185871919
5158,1,1,1,1,0,0,0,0,1,2,0,1,0,1,0,0,1,1,1,2,0.20640553160253355,0.3423464814197573,-0.9744058264607449
5159,1,0,1,1,0,2,0,0,0,1,1,0,0,0,0,0,2,0,1,1,1.3829764482013251,-0.2571110902331425,-0.5918626893241181
5160,1,1,1,0,0,1,0,0,2,0,0,0,0,1,0,0,0,1,1,1,-0.5077100788171591,-0.9917106277082166,-0.3034432713944975
5161,2,0,1,0,0,1,0,0,1,1,0,1,1,1,0,0,2,1,0,1,-0.3505592956348013,-0.9780654924919581,-0.1368563301394184
5162,0,1,1,0,0,1,0,1,0,0,0,0,0,1,0,0,0,1,1,1,-0.7553002382927393,-1.4577586261473134,-1.3200668193145997
5163,1,1,2,0,0,0,0,1,1,0,0,0,1,2,1,0,0,1,2,1,1.1019223323048857,1.4856053896285966,0.37753774269944707
5164,1,0,1,1,1,1,0,0,1,0,0,0,0,0,0,1,0,2,0,0,-0.23397042366868054,1.0503614809144741,-0.1607883364269469
5165,0,2,0,0,0,1,0,0,1,1,0,1,0,1,0,0,2,2,1,1,-0.8663823028588896,-1.1311763891075985,-2.3707314069875176
5166,1,2,1,0,0,1,0,0,0,2,0,0,0,0,1,1,1,1,0,1,0.9927569231937955,-0.2894032387840453,-0.7830543556410676
5167,0,2,1,0,0,0,1,2,0,1,0,1,0,0,0,0,1,2,0,1,0.883500657184012,1.4528325128189488,-0.317179232657268
5168,1,0,1,0,0,1,0,1,2,0,1,1,0,1,0,1,0,1,1,0,1.0488096476632638,-0.46902590314100134,-0.4956391042074393
5169,0,2,1,0,1,2,0,2,0,1,0,0,0,1,1,2,1,0,1,0,-2.299961907703166,-0.011699852954839718,-2.073627582736915
5170,2,0,1,0,1,1,0,1,0,1,1,1,0,1,0,1,1,1,1,2,-0.5123861317150421,-1.0227998058495456,-1.1371704584186695
5171,0,1,1,0,0,0,0,1,0,0,0,0,0,1,0,0,2,2,0,2,-1.404103645640728,0.3624323089681324,0.48852251983078937
5172,0,0,1,1,0,1,0,1,2,1,0,0,0,0,0,1,0,0,2,1,-0.4661417531633932,-0.029240207646117067,0.040445545068069244
5173,0,1,0,0,0,0,0,0,0,1,1,1,0,0,0,1,0,1,1,1,-0.8388284595338207,-0.6630785773064837,-1.4451600211132933
5174,0,1,1,0,0,2,0,1,2,0,1,1,0,0,0,1,2,1,0,0,-0.7343604363247085,1.0439594423546819,-0.6275429885249224
5175,1,0,1,0,0,1,0,1,0,0,0,0,1,0,1,2,2,1,0,2,1.9643530126888635,0.21940771866324155,1.2823307394837367
5176,1,1,0,0,0,1,0,1,1,1,0,0,1,1,0,1,1,0,0,0,-0.8430435630594861,1.618921185701213,1.1251463246899795
5177,1,1,2,0,1,0,0,2,2,1,0,0,0,0,1,1,2,1,1,2,0.536478561676749,0.23562385784477977,1.365813940069566
5178,1,0,2,0,0,1,0,0,0,0,0,0,0,0,0,0,2,0,2,0,-0.2242782256707323,0.35462834165592283,0.3991394634917924
5179,1,0,0,0,0,1,1,1,0,1,0,0,0,2,1,0,1,0,0,1,-0.7047590176470879,1.6795811326203889,2.8471103083342566
5180,0,1,1,0,0,2,0,1,2,1,0,0,1,1,2,0,1,0,1,2,0.7967106553013042,-0.410347613972202,0.7996105669512015
5181,1,0,1,0,1,1,0,1,0,1,0,0,0,1,0,0,0,2,2,1,1.2362397148543747,-0.38118975296531943,-0.993771990531509
5182,0,1,0,0,0,1,0,1,0,0,0,1,0,0,0,0,0,1,1,1,1.244870175269371,-0.6942885279322416,2.377799726716359
5183,1,1,1,0,0,2,1,0,2,0,0,0,1,0,0,1,2,0,1,2,0.639235837866188,0.41552181218670536,1.7475581009142875
5184,2,1,2,0,0,1,0,1,0,0,0,1,0,0,1,1,1,1,0,0,1.1924676123227678,0.8683183565323533,1.3631303008656337
5185,1,1,0,0,1,1,0,0,1,1,0,1,1,1,1,1,1,2,1,2,-0.09656081860683001,-0.5399267219610623,-0.5255989901102397
5186,1,2,0,0,0,2,0,1,0,0,0,1,0,1,0,0,1,0,1,0,-0.445310264811128,-0.14990987456010002,-0.04962187805781523
5187,1,1,0,0,0,0,0,1,0,2,0,0,0,2,0,2,0,1,1,1,-0.3265600571836641,-0.3159959299581752,1.0755138473665624
5188,0,1,2,0,0,1,0,2,2,1,0,0,0,1,0,0,1,1,0,1,0.5943361944653452,1.3987868598658444,0.44297039247781334
5189,0,1,1,0,0,2,0,1,1,0,0,1,0,0,1,2,0,2,1,2,1.1621005774360453,1.2173662013982085,0.118815251477285
5190,1,1,0,0,0,2,0,1,1,1,0,1,0,0,1,0,1,2,0,1,0.9558882080915336,0.635451992562314,1.4225780633746379
5191,1,1,0,0,1,1,0,0,0,1,0,0,1,1,0,0,0,1,1,0,-1.7527186384841584,0.04151176759951625,-1.3999828884856411
5192,1,1,0,0,0,1,0,2,1,0,0,0,0,1,2,0,1,1,0,1,1.3605520528433523,0.015112706182556335,0.07456012508232446
5193,0,2,1,0,1,1,0,1,1,0,0,0,0,0,1,0,0,0,0,1,0.08973174061761069,-1.9051280695283483,-1.6473318231969143
5194,1,0,0,1,1,2,0,0,0,2,1,0,1,1,1,2,1,2,0,2,-0.017990839220419712,-1.0990593699395867,-1.2049972687379196
5195,1,1,1,0,0,0,0,2,2,1,0,0,0,1,1,1,0,0,0,1,1.713497812684103,-0.13963248075056667,1.55549680444321
5196,2,2,0,1,0,1,0,2,1,0,0,0,1,0,2,1,2,1,1,1,-0.6058045280947615,-0.3066592126536266,-1.5444665526990822
5197,0,1,0,0,1,0,0,0,1,0,0,0,0,0,1,0,0,2,0,2,-0.188975085163054,-1.301983448837099,-0.7171153175687118
5198,0,1,0,0,0,0,0,0,2,0,0,1,0,0,0,2,2,1,0,1,-0.7705200447678238,-1.1731694944971878,0.11342539057461443
5199,1,0,1,0,0,0,0,0,1,0,0,0,0,0,0,1,0,1,0,2,-0.5076641976622661,-1.294544053408384,-0.7289237238280273
5200,1,2,0,1,0,1,0,1,1,1,0,0,0,0,1,1,2,0,1,2,0.3257451202963586,0.8907024510247022,0.32657238563016905
5201,1,0,1,0,0,1,0,1,0,1,1,0,0,0,1,1,2,0,1,1,-0.6498963835379395,0.8976954763655173,0.18637686266494183
5202,0,0,0,0,0,1,0,2,1,1,0,0,0,0,0,0,0,1,0,0,0.9379373446353724,1.6749359420066663,-0.20150908571327109
5203,1,1,0,0,1,1,0,0,1,1,0,0,0,1,0,1,1,2,0,1,-0.4888933393016332,-0.7462116716843867,0.6946329136946491
5204,2,0,0,0,1,1,0,2,0,0,0,0,1,0,1,1,1,0,0,2,0.16908001176889978,0.6397728665222016,0.24397506220054826
5205,0,0,0,0,0,1,0,0,1,2,0,1,0,0,0,0,1,2,1,0,1.2890841780313431,-0.014754156812929978,-0.03746241479644885
5206,2,0,1,1,1,0,0,2,2,0,0,0,1,1,1,2,2,2,0,1,-0.74944960687085,2.840927672345149,0.6458010923620997
5207,1,0,1,0,0,0,0,0,0,0,0,1,0,0,1,0,1,1,1,1,-0.460415074250042,0.03853122505739745,0.056031839618899876
5208,0,1,1,0,0,0,0,2,2,0,2,0,0,1,1,0,2,1,0,0,-0.6397656467595175,0.4769289004444776,0.5329329109178498
5209,0,0,0,0,1,2,2,2,2,0,0,1,0,0,1,0,0,1,2,1,-0.17816290295366774,-0.5223063628279596,-0.8321886139069807
5210,1,1,1,0,1,2,0,0,2,1,0,0,0,0,0,0,2,0,2,1,-0.12072491279120333,-0.12280867909336984,2.090071386546328
5211,1,1,0,0,0,1,0,1,0,0,0,0,0,1,1,0,2,2,2,1,-0.14230068255215306,-0.7418608977224027,-0.24625756309113195
5212,0,1,1,1,0,0,0,1,2,0,0,2,1,0,1,0,1,0,0,1,0.6997980265473851,-0.5449296297416919,1.31489037346262
5213,2,1,1,0,0,1,0,1,1,1,0,0,2,0,2,1,1,1,0,2,-1.0766713518470472,-1.6931928041413107,-2.0978120662854987
5214,0,1,2,0,0,1,0,0,2,0,0,0,0,1,1,0,2,0,0,0,0.15021805849678843,0.1247077813873479,0.8191569426540998
5215,1,1,1,1,0,0,0,1,2,1,0,1,0,1,1,2,0,0,0,1,-0.11944133315093494,1.4618067114448303,1.1441991831730443
5216,0,1,2,0,0,1,0,1,1,2,0,1,0,1,1,2,2,0,0,0,0.025003877926442264,-0.3130404407560742,-0.509482722839694
5217,0,0,1,1,1,1,0,1,1,0,1,0,0,0,2,1,1,1,0,1,-0.8755236536189963,-0.6624640421845446,0.046087575553028226
5218,2,1,0,1,0,1,0,2,0,0,0,0,1,1,0,1,2,1,1,2,0.6384467566432723,1.408280322125579,1.0197560788955111
5219,1,1,2,0,1,1,0,1,1,1,0,0,0,0,1,0,1,1,1,2,-0.9311537538133147,-0.656485785238087,-0.3432299792067065
5220,1,1,2,1,1,1,0,0,0,0,1,1,0,0,1,1,1,2,0,0,-0.28920457931335014,1.530244043798379,-0.10282890137576323
5221,0,0,2,1,0,2,0,0,2,0,1,2,0,0,0,1,1,0,2,1,1.1235241093068755,1.9211800270304205,-0.660151165685301
5222,1,0,0,0,1,0,1,1,0,1,0,0,0,0,0,0,2,0,1,1,1.738290186684189,1.074199113703974,-0.3424727567229058
5223,1,2,0,0,1,0,0,1,1,1,1,1,0,1,0,1,1,0,0,1,0.018705510481439525,-1.1588048415942627,-1.4668340330254064
5224,1,1,0,1,0,2,0,1,1,1,0,1,1,1,0,1,1,1,0,0,-0.30127668081591297,-0.8914570106593271,-1.3829473919233122
5225,1,2,0,0,0,2,0,1,1,0,0,0,1,1,2,0,1,2,1,1,-1.7702781473552271,-1.290125650599836,0.7559507508965826
5226,0,1,2,1,0,0,0,1,0,1,0,0,0,1,1,1,2,2,1,2,-0.2969299612898157,0.17900151477954268,-0.4352534574288929
5227,0,1,1,0,1,2,0,1,2,1,1,0,2,0,0,0,1,1,1,1,-1.0830181807642538,0.7053540669235288,-1.392799874809945
5228,1,0,0,0,0,2,0,1,0,0,1,0,0,2,0,0,1,0,0,1,0.33033691927243236,1.1067353375995537,1.4142957629078694
5229,0,1,0,0,0,0,0,2,1,0,0,1,0,0,0,0,0,0,1,1,-0.4757153886314069,2.2444699765759424,1.3008901310270728
5230,0,1,1,0,1,2,0,2,2,0,0,0,1,0,0,1,1,0,1,0,0.5007557024729501,-0.5410076631771727,-0.5750024452420276
5231,1,2,0,0,0,1,0,1,1,0,0,0,1,0,0,0,2,0,1,2,-0.7628448931536006,1.1450190224247083,-1.531888742584807
5232,0,1,0,0,0,1,0,1,1,1,0,0,1,0,1,1,0,1,0,0,-1.0270457143594645,0.1559396205246874,-0.49889939105423503
5233,1,1,0,0,0,1,0,0,0,2,0,0,1,0,0,1,0,1,0,1,0.052023749685730765,0.3831820117208326,0.2584170522949968
5234,0,2,1,0,0,0,0,1,1,0,0,0,0,0,1,2,1,0,1,1,0.2565832958509565,-0.049622116112195344,-0.8398383642378817
5235,1,0,0,1,1,0,0,2,1,1,0,1,0,1,0,0,1,1,0,1,-0.26932339540444267,0.37455881517736833,1.034477991533473
5236,2,1,2,0,1,1,0,0,0,2,1,0,0,0,0,0,1,1,1,1,-0.7684835467932475,-0.006508322114020526,-0.5176307311011372
5237,1,0,1,1,0,1,0,2,1,1,0,0,0,1,0,2,0,1,0,1,0.4160708213594145,-1.0701271890656354,-0.36951849617697213
5238,1,1,2,0,0,2,0,1,0,1,0,1,0,1,0,0,2,1,1,1,1.6805782602315669,1.173313548584391,3.439032377674704
5239,1,1,1,0,1,1,0,1,1,1,0,0,0,0,1,0,1,1,0,0,-1.184700185981386,-1.5329347735801244,-0.6806471176592623
5240,0,1,0,0,1,0,0,1,1,1,0,0,0,1,1,1,2,1,0,1,-1.6936703971482412,-2.1707241892298006,0.06465860200583684
5241,0,0,1,0,1,1,0,1,0,1,0,1,0,0,2,1,0,0,1,1,1.0195991269466282,-1.7582635171063785,-0.2711046706821521
5242,0,1,1,0,0,1,0,0,0,1,1,0,0,0,0,1,1,1,2,1,-1.3073299037819248,-0.23421828208323725,-0.2535318530190544
5243,0,0,1,0,1,1,0,0,0,1,1,1,0,0,1,1,1,0,1,1,0.6482701518530825,-0.9204515473901036,0.026874368416730767
5244,0,1,1,1,1,0,0,2,0,1,0,0,0,0,0,0,1,2,2,2,-0.5294579194753238,0.23582354023029956,-2.5254344470047423
5245,0,0,1,1,1,0,0,2,0,2,0,0,0,1,0,2,1,2,1,0,0.007563336241218833,-0.5609348438053443,-0.952737940791654
5246,2,1,2,0,1,0,1,1,1,1,1,1,0,1,0,1,2,1,0,1,0.5575151599541338,-0.8110066954691938,-0.43408405432871455
5247,0,2,0,0,0,0,0,1,1,0,0,0,1,0,1,0,0,1,1,1,0.02018829764042646,-1.0654930823240703,0.753264408733755
5248,1,0,0,0,2,1,0,2,2,0,1,0,0,0,0,2,2,0,0,0,-0.5611379783516798,1.1395019799869042,0.3954956303390925
5249,2,1,1,1,1,1,0,1,1,1,1,1,0,1,0,1,1,1,1,1,2.796663625186615,0.8425058726167304,1.091778212581494
5250,1,1,2,1,1,1,0,1,1,2,0,2,1,0,0,1,0,1,1,1,-0.897868200863395,-2.0990018209108867,-1.021285710957167
5251,0,1,2,0,0,2,0,0,0,0,1,0,0,1,1,0,1,1,0,1,-0.5118931652825043,1.1915352451714452,-0.675204094876974
5252,1,2,0,0,0,0,0,1,1,0,1,1,0,1,2,0,0,1,0,1,-0.7558518764686001,-0.382371985493686,1.8959801882139773
5253,0,1,0,0,0,1,0,1,1,1,0,0,0,1,0,0,1,2,1,1,-0.14250513518032584,-1.621418086578463,-1.3316668688757716
5254,1,1,1,0,1,1,0,1,0,1,1,0,1,1,0,0,1,0,2,1,0.10422471204069943,-0.4021754928155301,-1.3965847261760924
5255,1,1,1,0,0,1,1,1,1,0,0,0,0,0,0,0,2,1,0,2,-2.0820025471287518,-0.7323998087016074,-0.8760342094698234
5256,0,2,1,0,0,1,0,0,0,2,0,0,1,0,2,0,1,0,1,0,0.522184406985361,-0.5247298075566665,0.545313242267333
5257,0,1,1,0,0,0,0,2,1,1,0,0,0,1,0,0,2,1,0,1,0.6765721518341643,0.11411319052135209,-0.9946157997381784
5258,0,0,2,0,0,0,0,1,1,2,0,1,1,1,0,1,0,1,1,2,-2.1218115787255876,0.16873865098543567,-2.503402497616447
5259,0,2,2,1,0,1,0,1,0,1,0,0,1,0,1,1,1,2,1,1,-0.4785420617080504,-0.5814708169242317,-2.0984639693660325
5260,0,1,1,0,0,0,0,0,0,1,0,0,0,0,1,1,2,1,1,1,-0.009371331182766167,0.36672825091030936,0.33036966239970056
5261,1,2,1,1,0,1,0,2,1,0,1,0,1,2,1,0,1,1,0,1,-0.19861740569731462,-0.26933230061428926,-1.817049685103995
5262,0,1,0,0,1,2,0,1,0,1,1,0,1,0,0,0,2,1,0,2,0.029586626635164537,-1.7134104043671825,-0.2438139533180531
5263,2,2,1,0,0,0,0,0,1,0,0,0,1,0,1,0,2,0,0,1,-1.9801200488324169,-0.6884051068870877,-0.0638455537333239
5264,0,0,1,0,1,0,0,1,1,2,0,1,1,0,0,1,2,0,1,1,0.6321185668317594,-0.06745144932110106,-2.1043538452842805
5265,1,1,0,0,1,1,0,0,0,1,1,0,0,1,0,1,1,1,0,2,0.6279511568391841,-0.3925892149037417,1.2270916184507188
5266,0,1,1,0,0,1,0,0,1,1,0,0,1,2,1,1,1,1,2,2,0.31901394531551763,0.6177667417102273,-0.10783767576911224
5267,0,0,1,0,0,1,0,1,1,0,0,0,0,0,1,0,2,1,0,2,1.1398527346434795,0.7371282513823041,1.9160215001541199
5268,0,1,1,1,1,0,0,1,1,1,0,0,0,0,1,2,1,2,0,0,1.3326859583086992,-0.38555443989109117,0.060975685017641
5269,1,1,0,0,0,1,1,1,1,0,0,0,0,0,1,1,1,0,1,1,1.7586687345656675,-0.8169385528414211,2.8876155936234533
5270,2,1,0,0,1,1,0,1,0,2,1,0,1,1,0,1,2,1,1,1,0.967615930440677,0.5638550990545074,0.6894661753546748
5271,2,1,0,0,0,2,0,0,1,0,1,1,0,0,0,0,1,2,1,0,-0.5253628992548921,-0.08441213189010816,1.1224781855922856
5272,0,0,1,0,0,1,1,1,2,1,1,2,0,0,0,0,1,1,0,2,0.5704243345599158,0.3862763048372543,-0.9329840617518653
5273,1,0,2,0,0,1,0,0,0,0,0,0,0,1,0,1,1,1,1,0,1.4942698560319014,-0.9063860566107302,1.0429310770958644
5274,0,1,0,1,1,1,0,2,1,0,1,0,0,0,1,1,1,0,0,1,-0.9644393684896736,1.235231339059239,0.22376293961072946
5275,0,0,0,0,0,2,0,2,1,0,0,2,0,1,0,0,1,0,0,1,-0.7193499411872356,1.0875457454743096,0.08278544901642187
5276,0,2,0,0,1,1,0,0,0,1,0,0,0,0,0,0,1,0,0,1,1.1287938553218537,0.8620799420272566,0.4101407373876942
5277,0,0,0,1,1,1,0,1,1,0,0,0,0,0,1,1,2,1,1,2,0.5700516294543013,0.19562047437194857,-0.35833928577041646
5278,0,1,0,0,1,0,0,1,2,0,1,0,0,0,1,1,1,0,0,1,-0.14850945291552928,-0.5457094378856782,-0.22183070871440563
5279,0,1,1,0,1,1,0,0,1,0,0,2,1,0,0,2,1,1,0,1,-0.8849151496439541,0.7587950464148282,-1.4242318657995616
5280,1,1,1,1,1,2,1,0,0,0,1,1,0,0,1,1,1,1,2,0,0.30082279458591715,-0.6753460914690034,0.17571077593226717
5281,1,1,1,1,0,1,0,0,2,0,1,0,0,0,1,0,1,0,0,2,0.1491528449406762,-0.7884698433953004,0.6901375374613743
5282,1,0,2,0,0,1,0,0,0,2,0,0,0,0,0,1,2,1,1,1,0.49617870770421973,-0.2908701450417144,-1.0410349200710551
5283,1,1,0,0,0,1,0,1,1,0,0,1,1,0,0,1,0,2,2,0,0.10693903492241912,0.9586749248766266,0.8843470979858274
5284,1,1,0,0,0,0,0,1,0,1,0,1,1,0,0,0,2,0,1,1,0.04611505379229578,-0.5208688591412631,0.05859565818963197
5285,1,1,0,0,0,0,0,1,2,0,0,1,0,1,0,1,1,2,0,1,1.1118368047494847,1.4015993127954087,2.550717634898402
5286,1,2,1,1,0,1,0,0,1,0,1,0,0,0,0,0,1,0,0,1,1.9215023642513887,0.8015501563592333,0.28744916364411266
5287,1,1,2,0,0,1,0,1,1,0,1,0,1,0,0,1,0,0,0,1,0.1288262055709684,-0.9790642195479623,-1.2224501554902192
5288,0,2,0,0,1,1,0,1,1,0,0,1,1,1,1,1,1,1,0,0,1.386901536352193,0.37628326250204125,1.414473421234503
5289,0,0,0,0,0,1,0,2,2,1,0,1,1,1,0,2,0,0,2,2,1.3671845904931037,-0.1112526963806797,2.675910576124597
5290,1,1,1,0,1,2,0,0,1,0,1,0,0,0,0,1,2,0,0,1,2.49533831605856,0.5773870177908219,0.8817200737617614
5291,0,2,0,0,1,1,0,2,0,0,0,0,1,0,1,1,0,1,0,1,0.7328647046055086,0.7085082482471392,1.4540547281236114
5292,1,0,2,0,0,1,0,1,1,0,0,0,0,0,0,0,1,2,0,1,-0.6260151020312001,-0.47405831041043783,0.05403060124946507
5293,1,1,2,0,0,0,0,1,1,1,0,1,1,1,1,1,1,1,1,1,-0.5074650052389842,0.5058502779566224,2.1548393823147403
5294,1,1,2,0,0,1,0,1,1,1,1,1,0,0,1,0,2,0,1,1,0.5556765978458478,1.3286422880147413,-0.24014271122492514
5295,1,0,0,0,0,2,0,1,1,1,0,0,1,1,1,1,1,1,0,1,-0.2062356106918085,-1.07948474207533,-0.1132153823586361
5296,0,1,1,0,0,0,0,0,0,0,0,0,0,0,1,0,1,1,1,1,-1.0144849463610768,-1.6204266122221602,0.20613831338811472
5297,0,0,0,0,0,0,0,2,0,1,1,0,1,1,1,1,1,0,0,2,0.24694098687708463,-0.35906031418124795,0.5274652505565929
5298,0,0,0,0,1,2,0,1,2,1,0,0,1,0,2,0,2,1,0,2,2.3948451036602627,-0.597148388538046,-0.2839740328997289
5299,0,1,2,0,0,0,0,1,1,0,1,0,0,0,0,1,1,0,0,1,-0.2380334853609346,-1.8713623880377213,-0.4163796553769946
5300,0,1,0,0,0,1,0,0,0,0,1,0,1,1,0,1,0,1,0,0,-0.055131477361443616,-0.2134108562010512,0.43281131042364684
5301,1,1,2,1,1,1,0,0,2,0,1,0,0,0,0,1,0,1,1,1,0.5949787410185513,0.352499030424404,-0.6803092150526933
5302,2,1,0,0,0,0,0,2,0,0,0,0,0,1,0,0,1,2,1,1,0.4835411282141464,1.032014368236456,-0.5770727763506353
5303,0,1,0,0,0,0,0,1,2,0,0,0,0,0,0,0,1,1,2,1,0.9870299788615072,0.492447358509118,1.4230953484637827
5304,0,1,1,0,0,1,0,1,0,1,0,0,0,0,0,0,1,2,1,2,0.2801522615032854,0.6593862587866433,-0.003965201604788082
5305,0,1,0,1,0,1,0,2,1,0,0,1,0,1,0,0,1,1,2,0,1.1821431102531426,1.8355564953595125,3.180246189116228
5306,0,0,1,0,0,1,0,2,1,1,0,0,0,1,1,0,1,0,1,1,-1.102100686674352,-1.315604325420788,-1.2530643704660456
5307,1,2,0,0,1,2,0,1,2,1,0,0,0,1,2,1,1,2,1,2,0.6341265088139151,0.03939396127195807,0.6730827174969447
5308,1,1,0,0,0,0,0,0,1,1,0,0,0,1,0,1,0,1,1,0,-0.34450930796688206,-1.1470582688128341,-1.551157242536695
5309,1,1,0,0,0,1,0,1,1,0,1,0,0,1,0,1,1,2,1,0,-0.040366828066774836,0.1629718403571442,0.9686865611104764
5310,1,1,1,0,0,1,0,1,1,0,0,1,0,1,1,0,0,2,2,0,0.6184012683808775,-0.007373756998661801,0.8531031013236002
5311,1,1,0,0,1,1,0,2,1,0,1,0,0,0,1,1,1,0,0,1,0.7338836061184935,1.607737193163597,-2.490455373099886
5312,1,1,0,1,1,0,0,1,1,0,0,1,0,0,1,0,2,1,1,0,-0.5427898322758204,-0.35584279687569753,0.1776071960470923
5313,1,1,1,0,0,1,0,2,1,0,1,0,0,1,0,0,0,0,0,0,0.1714063688718083,-0.9956056425463033,-1.70505726983803
5314,0,1,1,1,0,1,0,1,0,1,1,0,0,0,1,0,1,1,0,1,1.1145484002680492,-0.33182540190264287,0.04934939500835234
5315,0,0,1,0,0,1,0,0,0,1,0,0,0,2,1,1,0,1,0,1,0.2656553314559156,-2.1112117484154598,-2.258508685581511
5316,1,0,0,0,0,0,0,1,1,0,2,0,1,0,1,0,0,1,1,1,0.27100454176767225,-0.1939765116778812,1.8011766304808425
5317,1,1,1,0,0,1,0,1,1,1,0,1,0,0,1,1,1,1,1,1,-0.9955452828924389,0.6661130266920049,-0.32283635121277016
5318,1,0,2,0,1,0,0,1,0,1,0,1,1,1,0,0,1,0,1,2,0.8049011231795808,1.4423879681814784,2.0257735869641915
5319,2,1,1,0,0,1,0,1,0,1,0,1,1,1,2,2,0,2,1,1,-0.7537001438129457,-0.5213312697791677,-1.7785354745446988
5320,2,1,1,1,0,0,0,1,1,1,0,1,0,0,2,1,0,1,0,1,0.937199689986657,1.588497237949327,0.6155242309184783
5321,0,0,0,2,1,1,0,1,1,1,0,0,1,0,1,0,1,0,1,0,-1.0218358136806853,-0.7036169267908311,0.31882484729335125
5322,2,0,0,1,0,0,0,2,1,1,0,0,0,1,1,0,0,2,2,1,-0.35734839490910586,-1.2784429114533784,-2.4401196858472325
5323,0,1,1,1,1,2,0,2,2,2,1,0,0,0,1,0,0,0,1,2,0.7776743800002909,-1.2293206688038205,-0.015497431233016182
5324,1,0,0,0,1,1,0,1,0,1,0,1,0,0,0,0,2,0,1,0,-0.2977287330206221,-0.16880479563127548,-2.3102629899330194
5325,0,1,1,0,1,0,0,1,2,0,0,0,0,0,0,1,1,0,1,1,0.9675663851752638,0.521511207803658,0.2617400154453627
5326,0,0,2,0,0,0,0,0,1,1,1,0,1,2,0,0,1,1,1,1,-0.5169498806015451,-2.0702669012082313,-1.0188685257600127
5327,1,2,0,1,1,0,0,1,0,0,0,0,1,0,1,2,1,1,1,1,1.6384676667520632,0.028216469387143117,1.3505896667445736
5328,0,0,1,0,1,0,0,1,0,0,1,1,1,0,1,2,1,2,1,1,0.8740257291851924,1.246541335297384,2.70181826702171
5329,0,0,1,0,0,1,0,1,1,0,0,0,2,0,1,0,1,1,0,0,0.28312397465471056,0.15452890884649184,1.222926271089297
5330,1,0,2,0,0,2,0,0,0,1,0,1,0,0,1,1,0,0,0,1,-1.4121307923932833,-0.510581499694795,-0.29015806084637863
5331,0,2,1,0,0,0,0,1,1,0,0,0,0,0,1,1,1,1,2,0,-0.31846086659989803,-0.1299520776103655,-1.2963845626348012
5332,1,2,1,1,1,1,0,0,1,0,0,0,0,1,0,1,1,1,1,0,1.47967827055412,0.3045609265391414,2.2151871403801047
5333,0,0,1,0,1,1,0,1,1,0,0,0,1,1,0,1,0,0,0,2,-0.5254405574382162,2.5752643000913285,1.4264348860732605
5334,0,1,0,0,1,1,0,0,1,1,2,0,0,0,0,0,0,0,0,1,-1.5364055782708277,0.06844486288504459,-1.1211122045687922
5335,2,0,1,0,0,2,0,1,1,2,1,0,0,1,1,0,0,1,0,1,1.5155950770701114,0.9491941101854018,1.8050021492257773
5336,1,0,2,0,0,1,0,1,1,1,0,0,0,1,1,1,1,1,1,2,-1.150686240012387,-0.8807579268987284,0.34574462706462294
5337,0,1,1,0,0,1,0,0,2,1,0,0,0,0,0,1,1,2,0,1,1.0710354058526552,-0.06505661662566035,1.1446375744770214
5338,1,0,1,0,0,2,0,0,0,1,0,0,0,0,1,2,2,1,1,1,2.9401452452334773,1.711433790686886,2.6749311109348755
5339,1,2,1,0,0,0,0,0,1,0,1,0,0,0,1,1,1,1,0,0,-0.008239081050461124,-0.7674908152484572,0.697783975286785
5340,0,0,1,0,1,2,0,2,1,1,1,0,0,1,0,1,1,0,0,0,-0.9491150127032782,0.6666009078312503,-0.3927315718006774
5341,1,0,1,0,0,2,0,2,2,0,0,0,0,0,1,1,2,0,1,0,0.8477160069555678,1.087731338095537,0.1663435915450584
5342,1,0,1,1,0,1,0,0,2,0,0,1,1,0,0,1,0,2,0,1,0.6652183442934085,1.084296258749751,0.44445667984683224
5343,0,0,0,0,0,2,0,0,2,1,0,1,0,0,0,1,1,0,1,0,0.5236934022015717,-0.19063297898146891,-0.5606464728417104
5344,0,1,1,1,1,1,0,0,1,2,0,1,1,1,0,1,1,1,1,1,-0.0500850209598892,0.949537383072973,0.22539997827806696
5345,1,0,1,1,0,1,0,0,2,1,0,0,1,0,0,1,1,1,0,0,0.9843250539956157,1.4746564489236145,0.7378827533797216
5346,0,2,1,0,1,0,0,1,2,1,1,0,1,0,0,1,0,1,2,0,-0.34809663661021545,1.109078533566944,0.4337316030728785
5347,0,0,2,0,0,0,0,2,0,0,1,0,1,1,1,0,0,2,1,0,-0.1263714412751064,-0.5944938379021973,1.3502188740171075
5348,1,1,0,0,1,1,0,1,0,1,1,0,0,1,1,1,1,0,1,2,-0.34785288069691234,-0.4696628674165371,-0.6799175104588719
5349,0,1,0,0,0,0,0,1,1,1,0,0,0,1,1,1,2,1,0,0,0.32246151662096545,-0.7125358038594977,0.28479051479971695
5350,0,1,0,1,0,2,0,1,1,1,1,0,1,1,0,0,0,1,1,1,1.4111466952813314,-0.6177727458495581,0.5136128142682586
5351,1,1,1,0,0,2,0,1,0,0,0,0,0,0,1,0,1,0,0,2,-2.0351358183486634,-0.09954052896081872,-0.897287858911432
5352,0,0,0,0,0,0,0,1,0,0,0,0,0,1,0,0,1,1,0,2,0.49751650232368394,-0.3954143784834654,-1.334206878606342
5353,1,0,0,0,0,0,1,2,0,2,1,1,0,0,1,1,1,2,1,1,-1.2525469063477976,-0.17560763484217926,-0.2029120625738372
5354,1,1,1,0,2,1,0,0,0,0,2,1,0,1,0,1,1,2,1,2,-1.1683156825258172,1.335974605133784,0.09415488236655625
5355,1,1,0,0,0,1,0,1,1,1,0,1,0,1,1,0,0,0,2,1,1.3559896248360443,0.6085637013553022,1.0034680191244185
5356,1,1,1,0,1,1,0,1,0,0,0,0,0,0,0,1,0,2,2,1,0.6668166055318506,0.8915028106634411,1.6886192789327286
5357,0,1,2,0,0,0,2,1,2,0,0,0,0,0,1,1,1,1,0,2,0.32313247596762507,0.7801845877405171,-0.20394520079332634
5358,0,0,0,0,0,2,0,0,0,0,0,0,0,0,1,2,2,1,0,0,-0.32259023902978157,0.24578766611201885,0.08021959348153072
5359,1,1,1,0,1,1,0,0,0,0,0,0,0,1,1,0,2,1,1,0,-0.25929687553137193,0.7393145908665459,0.761753435511362
5360,1,0,2,0,0,0,0,1,1,0,1,0,1,1,1,2,1,2,0,2,-0.7122751578392508,-0.7613222344099002,-0.29158059581083773
5361,2,1,0,0,1,0,0,1,1,0,1,1,2,0,0,1,0,1,0,1,0.9554127631976207,0.90950823518558,-0.0404625802816968
5362,0,1,0,0,0,2,0,0,0,0,1,0,0,1,0,1,2,0,1,0,0.3426491066411408,0.3610036704657765,-0.06719904761371148
5363,1,0,2,1,1,1,0,1,2,1,0,0,1,0,0,0,2,0,0,0,-0.4592023948792458,-0.5004045072002807,-0.5947184118889288
5364,0,1,1,2,0,1,0,1,1,0,0,0,2,0,2,1,2,1,1,0,-1.0296724831654296,1.289216287601434,0.4789068897012397
5365,0,2,2,0,1,1,0,1,0,0,0,0,0,0,2,1,2,1,1,1,-0.6390038430683422,0.07770455262919362,1.8199556255210938
5366,1,1,0,0,1,1,0,1,1,0,0,0,0,0,1,0,0,1,1,1,-0.28148971285941377,0.41970711227346913,-0.33907234976925416
5367,2,2,0,1,0,2,0,0,2,1,0,0,0,1,0,0,1,1,0,1,-0.24102843520704564,-0.8352840468769309,-1.4072977949451388
5368,1,0,0,0,0,1,0,0,0,1,1,0,0,1,0,1,2,0,1,2,0.9948702360755018,0.47517862899856295,-0.3353861271973506
5369,0,1,1,1,1,1,0,1,0,0,1,0,0,1,1,2,1,2,1,2,-0.2254795788497323,1.1798879917847456,0.31158818005880734
5370,0,0,0,0,1,1,0,2,0,0,0,1,0,0,0,1,1,0,0,2,-0.633152124549124,0.355189899762704,-1.1663246372527725
5371,1,2,0,1,0,0,0,1,0,0,1,0,1,1,0,0,1,2,0,1,1.4603063624139558,0.2279612784889325,-0.12554399586246845
5372,1,0,1,0,0,1,0,1,0,0,1,0,0,1,0,0,0,0,1,1,0.6335682586490973,0.8517221942283404,-0.48956971372471036
5373,1,0,0,0,1,2,0,0,1,0,0,0,0,1,1,2,1,1,1,1,-0.22316628087238558,-0.35118761902595347,-1.6599693674580471
5374,1,1,0,0,0,1,0,0,1,1,0,0,0,0,1,0,1,0,2,0,0.12529475844931748,0.07324659981570875,0.33062695956850086
5375,0,2,0,0,1,1,0,1,2,1,1,2,0,0,0,0,1,1,0,0,0.9999659574167518,-1.700685276422823,-0.6067641230086827
5376,1,1,0,0,0,2,0,0,1,1,0,0,0,0,1,1,0,2,1,1,-0.5079673708009672,0.7332510062752705,-0.6033344867371568
5377,0,1,0,0,0,1,0,1,0,1,0,1,0,0,0,1,0,1,1,2,0.10686441683888097,-0.5705737516395757,-1.1587052699307123
5378,0,1,1,1,0,1,0,2,2,0,0,1,0,1,0,1,2,0,1,2,0.026497905863765322,0.203441643887814,-0.0640250133548416
5379,1,1,1,1,0,1,0,0,0,1,1,0,0,0,1,1,1,2,0,2,-0.10123644369847186,0.1668779018946083,0.6322636710235722
5380,1,1,1,1,0,0,0,0,1,0,0,1,0,0,0,0,0,1,0,1,2.0115194062093025,-0.5335221528324379,-0.27458019756880114
5381,1,0,1,0,0,2,0,0,1,0,1,1,1,0,0,1,0,0,1,0,1.0079547378364697,0.2636035957050832,0.2258249264589668
5382,1,1,0,0,1,1,0,0,1,1,0,0,0,1,0,1,1,2,0,0,-0.5912630930291085,-1.5404951803725342,-0.7830684051440817
5383,1,0,1,1,0,2,0,1,1,1,0,1,0,0,0,0,2,1,0,1,-0.11305118252875437,-0.40444215917379633,-0.015862505092609613
5384,1,2,0,0,0,2,0,0,2,0,0,0,0,1,1,0,0,1,2,1,0.45740309041620625,0.31592491438776965,2.691752538773118
5385,2,1,1,0,1,1,0,1,1,0,0,1,0,0,1,1,1,1,0,2,-0.22645640229544547,0.41626824213923436,-0.4611307580998168
5386,0,2,1,0,1,1,0,1,0,0,1,1,0,1,0,0,1,1,1,2,0.3937520540108462,0.9946681937719235,2.0947361976503185
5387,0,2,2,1,0,1,0,1,1,0,0,0,1,1,0,1,2,1,2,2,0.7100456625952589,1.6459226903218371,0.13547863795374826
5388,2,1,2,1,0,1,0,1,1,1,0,0,1,0,0,1,0,0,0,2,-0.8427412243120525,0.593232266037461,0.014532921985254882
5389,1,1,1,0,0,2,0,2,1,1,0,1,0,0,1,0,0,0,1,2,0.1866211951655728,0.5990768214534705,-0.1473735032637165
5390,0,2,0,0,0,1,0,1,1,0,0,1,0,1,1,1,1,0,0,1,0.4128870744558102,0.39564847542561327,-0.4859643178343156
5391,1,2,1,1,0,0,0,1,2,2,0,0,0,1,0,0,0,1,1,1,-1.6977420000239574,0.17369794187855037,-1.624420810973827
5392,0,1,1,0,0,1,0,0,1,1,1,0,1,1,0,0,2,1,0,1,0.8962028286775752,-0.5113132945330214,-0.014369671316158378
5393,0,0,1,1,1,1,0,1,2,0,0,0,0,1,1,1,2,1,1,1,0.8427099740389241,-2.960296843099166,-0.47816981458000785
5394,2,0,1,0,0,2,0,2,2,0,1,1,1,0,1,0,2,1,0,1,0.2835286090069004,0.9592320091370306,0.8574543350294173
5395,0,1,0,1,0,1,0,1,2,0,0,0,1,1,1,1,2,1,1,0,0.6064776293867058,0.3121669396966791,0.797287523088184
5396,1,1,1,0,1,2,0,1,0,0,0,1,0,1,1,1,1,1,0,2,0.5389095689404927,-0.3016247009390012,1.4262214552866306
5397,2,0,1,1,1,0,0,2,2,0,0,1,0,1,1,0,1,1,1,2,-0.8980250195656451,0.011631904136560456,-1.6076887286543893
5398,0,0,1,1,2,2,0,1,2,0,0,2,1,0,1,2,0,1,1,1,-0.5429939621589663,0.7339538594701616,-1.5989961193794786
5399,0,1,2,0,0,1,0,2,1,1,0,1,0,0,1,0,2,0,0,1,1.6206899859777706,-0.8205734736606919,-0.19251564550986855
5400,0,0,1,0,0,2,0,1,1,1,2,0,0,0,0,1,0,1,2,1,0.6000140250772291,-2.184709049336479,-0.767415474595627
5401,1,2,1,0,0,2,1,0,0,1,0,1,0,1,0,0,2,2,1,1,0.8591471891320211,1.6312030658549013,1.540190855298275
5402,1,1,1,0,0,1,0,0,0,0,0,0,1,0,1,2,1,1,1,0,-2.0014015619734433,0.809339965026563,0.26994063436543936
5403,0,2,2,0,1,1,0,0,1,1,0,1,0,1,0,0,2,0,0,1,-0.48292714057635483,0.9752200277480142,-0.6638921020327713
5404,1,1,1,0,0,1,0,2,0,0,1,1,0,1,0,0,0,1,1,1,-0.8575600620208627,0.3235575072382213,-2.033614607151749
5405,1,1,0,0,0,0,0,1,1,1,1,0,1,0,0,1,2,1,0,1,-1.35604582280007,-0.25522752514631863,0.2949252687444499
5406,1,0,1,0,0,2,0,0,1,1,1,0,0,1,0,0,0,1,2,2,-0.7266813086451841,-0.6786215767347485,0.07485598553137829
5407,1,0,0,1,1,2,0,0,2,0,0,0,1,0,0,1,2,0,2,2,1.1260623309518982,-0.8867280680586735,1.0933524156015455
5408,0,0,2,2,1,1,0,0,0,0,0,1,1,1,0,0,1,0,1,2,1.266096504922599,-1.1463213765176379,-0.8980450575147063
5409,1,1,1,1,1,1,0,1,2,0,0,0,0,1,0,2,2,1,0,1,0.7361607664606495,-1.568865530122205,0.9433181404676237
5410,0,1,1,0,0,1,0,0,0,1,0,0,0,1,0,0,1,2,1,2,-1.1269295740868401,1.1682347806037774,0.41663655711089176
5411,0,1,0,0,0,0,0,2,0,0,0,1,0,0,0,0,1,1,0,2,-0.12780019720352165,1.7093215590322954,0.5401509162585899
5412,1,0,0,0,0,0,0,1,1,0,0,0,1,1,1,1,0,1,0,2,-0.6344830366395684,-1.9682468885042996,-0.07561287044097453
5413,2,1,1,0,0,0,0,1,1,2,0,0,0,0,1,0,0,0,1,2,-0.6502189516323923,0.4842228946934142,1.2441266420620578
5414,0,1,1,0,1,1,0,1,2,1,0,0,0,1,0,1,1,1,1,1,-1.769492290558636,-2.7075740753851694,-1.525246673122722
5415,0,2,0,0,1,1,0,2,1,0,1,1,1,1,2,1,2,2,0,1,1.1425197794555053,0.38537710317842644,-0.7897306187268485
5416,0,1,1,0,0,0,0,0,0,1,0,1,0,0,0,2,0,1,0,1,2.7655226515783005,1.4467938500503714,0.6944901820084387
5417,2,2,1,1,1,0,0,2,0,0,1,0,0,0,2,0,1,0,1,1,-0.9096758520876921,1.914672509035329,-0.8688167675632298
5418,0,1,1,0,0,0,0,1,1,0,0,0,0,0,1,0,1,0,1,1,0.2483133152221448,-1.3234405161982856,1.9871781839249456
5419,1,1,0,0,0,0,0,1,1,0,0,1,0,2,0,0,1,2,2,2,-0.5860549321821233,1.2262474542164679,1.0107690179487088
5420,2,1,1,0,0,0,0,1,0,0,1,1,0,0,2,1,2,2,1,2,0.03488104392559507,0.2636539552286396,-0.774681391470496
5421,0,2,1,0,0,0,0,0,1,0,1,1,0,1,0,0,2,1,0,2,-1.4273607010783513,1.16124713034297,0.15486980940825584
5422,1,1,1,1,0,1,0,2,1,0,0,0,1,0,0,0,1,0,0,1,-0.1638785917515412,0.13541571407051434,1.2110300119823858
5423,1,0,0,0,1,1,0,1,1,0,1,0,1,0,2,0,1,1,1,0,0.8309157023985688,1.88225797950492,1.5837976060025074
5424,0,1,0,1,0,1,0,1,1,0,1,0,1,1,1,0,1,2,1,1,0.23218250463647244,0.9044608240719846,0.08110350339077055
5425,1,0,0,0,0,0,0,1,1,1,0,0,0,1,0,1,0,1,0,0,1.098753159333489,0.17866226016839024,0.8718795552679547
5426,0,1,1,0,0,1,0,0,0,1,0,0,0,0,0,1,0,1,0,1,-0.34229531279958136,0.38706084406062297,0.810904914844611
5427,0,0,1,0,0,0,0,0,1,0,1,0,0,0,2,0,2,1,0,1,-0.2456543758355219,0.05924889529307398,-0.7133661765891786
5428,1,1,1,0,1,1,0,0,0,0,0,0,0,0,1,1,2,0,1,1,1.30746844831581,1.1802053061676285,0.8527489866546522
5429,0,2,1,0,0,1,0,1,0,0,1,1,0,1,1,2,1,1,0,1,1.1409276182028367,3.8729515636620033,1.329213883939677
5430,1,1,1,0,0,1,0,1,1,0,0,0,0,1,2,1,2,2,1,0,-2.192196591820991,-1.3138018967254848,-3.4950500094785544
5431,0,0,1,1,1,1,0,0,0,0,0,0,0,0,0,0,1,1,1,1,-1.2047266477464176,-0.4008386084186334,0.26542172537929254
5432,0,2,0,0,0,0,0,1,1,1,0,0,0,0,0,2,1,1,0,0,0.1780028703543289,1.441812128453743,-0.3027064754904373
5433,0,1,1,1,0,0,0,0,1,0,1,0,0,0,0,0,2,2,0,2,-0.18498191908564293,-0.131784368718734,-0.6909170642401706
5434,0,2,1,0,0,0,0,1,1,1,0,0,0,0,0,0,1,0,1,0,1.0296028768520704,-0.7909592730737125,-0.5975147559994809
5435,0,1,2,0,0,1,0,2,1,1,0,2,1,0,2,1,0,0,1,0,-0.2328836506278281,0.8148534678391132,1.3308704421848963
5436,0,2,0,0,0,0,0,1,2,1,0,0,0,1,1,0,2,0,0,2,-0.07327589868199552,-0.9542136151011172,-1.8293723993092692
5437,2,1,1,0,1,2,0,1,0,1,1,1,1,0,0,1,2,0,1,1,0.5887460829231025,-0.6273575075733944,-0.4912386424786461
5438,1,0,0,0,1,0,0,1,1,0,1,1,1,1,1,1,0,1,2,1,-1.1211141106532805,0.06341236079435325,0.7344906977209954
5439,1,0,1,0,0,0,0,1,1,0,0,0,0,0,0,1,0,1,0,1,-1.596473179315175,0.5861937385474575,-1.3592501640548569
5440,0,1,1,0,0,2,0,2,1,1,1,0,0,0,0,0,1,0,1,2,0.6729496748243542,1.5514038777421058,1.319636370124972
5441,2,1,1,0,0,0,0,1,2,1,0,1,0,0,1,0,1,1,0,1,0.17135857669286408,1.6951999387434564,0.48713271182022644
5442,2,1,1,0,0,1,0,1,1,1,0,0,0,0,1,0,1,1,1,1,-0.9771728634886807,-0.992440372384288,-0.8950193695677043
5443,1,1,1,0,1,2,0,1,0,0,1,0,1,2,0,1,1,1,0,1,-0.5961704783711873,1.595052453458583,0.43642855240427175
5444,1,1,1,0,0,0,0,1,1,0,2,0,0,0,0,0,1,2,2,1,1.6896085510869325,-0.5885866858076696,1.193590531968963
5445,1,1,1,0,0,0,1,0,0,1,1,1,0,2,0,0,1,0,1,1,2.1561064973082886,1.397235995199719,1.1041112399645343
5446,0,1,1,0,0,1,0,1,1,0,1,0,0,0,0,1,1,2,0,0,1.6181953588163946,-0.2849074638174239,-0.5306314207481988
5447,1,0,0,0,0,0,0,1,0,0,0,1,0,0,1,1,1,1,1,1,2.148102072658737,0.653236680690817,-0.6281183924317526
5448,2,2,1,1,1,1,0,1,1,2,0,0,0,1,0,0,2,1,0,0,0.26849286303402475,-0.940291572153267,-0.4983128159215291
5449,1,0,1,0,1,1,0,0,1,0,0,0,0,1,1,0,0,0,0,1,0.8502026614110986,0.12631287461908444,0.2586099507637507
5450,2,1,1,0,0,2,2,1,0,0,0,0,0,0,0,1,0,2,0,2,-1.8493010434687174,-0.8666725569501683,-0.7963127196770232
5451,0,1,0,0,1,1,0,1,0,0,0,0,0,0,1,0,1,0,1,2,-0.09761544399835674,-0.34101235562291693,-0.22165836054108812
5452,1,2,0,1,0,2,0,1,1,0,0,0,0,0,2,1,1,2,0,0,-0.43024143572060614,-0.22824194562487485,-0.5047252223442309
5453,0,0,1,1,1,0,0,1,0,0,0,1,0,1,1,1,0,1,1,2,-1.0836606226274779,0.5025397932813277,1.0943485675225264
5454,0,1,2,1,2,1,0,1,0,1,0,2,0,0,1,1,1,1,0,0,-0.8026740688642865,1.5927378024497576,0.7765210327171619
5455,2,2,1,0,0,1,0,1,0,1,1,0,0,1,0,2,1,2,0,2,1.9264373358136744,0.11440325091031656,1.424496339935654
5456,1,1,1,0,0,0,0,2,0,1,0,1,0,0,1,0,2,0,2,2,-1.129764496935785,3.2806407426577557,0.007901023717465705
5457,1,0,1,0,0,2,0,2,0,1,0,0,0,1,0,0,1,0,1,2,1.0133944781219812,2.422774232823831,1.230416689607342
5458,1,1,1,0,1,1,0,0,2,1,2,1,0,0,0,0,2,1,1,1,-1.102333750993257,-0.8605525647106144,-1.5779004322509804
5459,0,1,1,0,0,2,0,1,1,1,0,0,0,1,0,0,1,1,0,0,0.13948369583222156,-1.3644978918478972,0.5179362272616326
5460,1,0,1,0,1,0,0,1,1,0,0,1,0,0,0,1,2,1,1,0,-0.43659961220106264,0.9628106635336847,-1.446807389657501
5461,1,1,1,0,0,1,0,1,1,0,0,0,0,1,0,0,2,1,1,1,-0.6029530466310303,-1.9463073957187271,-2.639630603706107
5462,0,2,1,0,0,1,0,0,0,1,1,0,0,1,0,0,0,2,0,1,0.4085847904788374,0.42813803928696714,0.7361454681771871
5463,1,1,0,0,0,0,0,1,1,1,0,0,0,0,0,0,2,0,1,1,-0.6039142580409773,-0.2943424088836963,-0.8515767344200093
5464,1,2,0,0,1,0,0,2,1,1,0,0,0,0,1,0,1,0,0,1,-0.7988187492252856,-0.9180853348015643,0.2844869232461321
5465,2,0,1,0,1,0,0,2,0,0,1,1,0,0,2,0,1,0,2,1,-0.09125914043556427,1.798353207134968,0.06093075610977455
5466,2,2,0,1,0,0,0,0,0,0,1,1,0,0,0,1,1,1,1,0,0.6473766410203095,-1.752752666516125,0.59621243622851
5467,1,1,1,0,0,2,0,0,1,2,1,0,0,1,1,0,1,2,0,0,0.19261284082461735,0.10319711236133719,0.3315007870326035
5468,0,1,1,0,0,1,0,0,1,0,2,0,0,0,0,1,0,0,1,0,-0.155222369227846,-0.319770684694201,-1.5610560261381239
5469,0,1,0,0,0,1,0,1,0,0,0,0,0,1,0,0,2,1,1,1,0.2453529162109901,0.5200009876198896,0.20804979100294538
5470,0,0,2,0,0,1,0,0,1,1,1,0,1,1,0,1,2,0,2,2,-0.3158128101409583,0.01877995058881643,-1.4663551920785016
5471,1,1,1,0,0,1,0,1,0,0,0,0,0,1,1,1,0,1,0,0,-0.4399219381580316,0.15704609802986072,-1.7153607038301317
5472,1,2,1,1,0,1,0,0,2,0,0,0,0,1,1,1,0,1,0,2,-0.36562338111010817,0.7107286091953638,-0.27985021703986457
5473,1,1,2,0,0,1,0,0,0,0,0,2,0,0,1,1,2,1,0,0,-0.3180676348169973,-0.8227760429562607,1.0422504177722411
5474,1,0,1,0,0,0,0,0,2,1,1,0,1,0,0,1,2,0,0,1,0.5444190111788949,0.8548519855598521,1.595271322602392
5475,1,1,1,0,0,1,0,1,0,0,1,0,0,0,1,0,1,0,0,1,1.983976693470417,-0.034515591619696084,1.9526295703126575
5476,1,1,0,0,1,1,1,0,1,2,0,1,0,0,0,0,2,0,0,0,0.696087849419881,-2.3185511883652414,-0.9792690758609346
5477,1,1,1,1,1,1,0,2,0,1,1,1,0,0,1,0,1,2,1,0,-0.2653296387497078,-1.2663063623132034,0.18672120029525724
5478,1,1,1,0,0,1,0,1,1,1,1,0,0,1,1,1,1,2,1,1,-0.48764931158894587,-1.0248038933234473,-1.6726612696464132
5479,1,0,1,0,0,0,0,1,0,1,1,2,1,0,2,0,2,1,1,1,-0.37078769538273215,0.1478843164709215,-0.8958764338513459
5480,1,2,0,0,2,1,0,1,0,1,0,0,0,0,0,0,1,0,1,0,1.4590463788852868,-0.7043026049740414,-0.058583714218833904
5481,1,2,1,1,0,1,0,0,1,0,0,1,0,0,0,1,2,2,0,2,-0.16401305562369028,0.13693137010291653,-0.6071409137850284
5482,0,0,1,1,0,1,0,2,1,2,2,0,0,1,0,1,1,1,0,0,-2.3395736910275655,0.09055868237645942,-1.9185598120741787
5483,1,1,2,1,2,0,0,1,1,1,1,0,0,1,1,1,0,1,0,0,0.1827920594481093,0.0887430077262418,-0.30090780809312395
5484,1,1,0,1,0,0,0,2,2,2,1,0,0,1,0,1,1,0,1,2,0.04838287778646317,0.6072242553335236,-1.2144780015912784
5485,1,2,1,0,0,1,0,1,2,1,0,0,0,1,0,0,2,1,0,1,-1.3766493768021506,-0.2754317534848412,-0.9165930391464229
5486,1,1,1,1,0,2,0,0,0,0,0,0,0,0,0,1,1,1,1,1,-0.9998842366966033,-0.5656234651896077,-1.2824442462614336
5487,0,0,0,0,0,2,0,1,1,0,1,2,1,0,1,0,1,1,0,1,0.41251612211653504,0.003661503203962163,-0.09757661836615705
5488,0,0,1,0,0,1,0,1,1,0,0,0,0,0,2,0,0,0,0,2,0.9394894195771208,0.8751463150772861,1.139642195007038
5489,0,1,0,1,0,0,0,1,0,1,0,0,0,2,1,2,2,2,0,2,-0.11917341240205769,1.399509840831143,-0.03378982906686573
5490,1,1,1,1,0,0,0,2,1,1,0,0,0,0,1,2,1,0,0,1,2.1361353405758696,0.09866008192208087,1.9139526964970908
5491,1,1,1,0,0,0,0,2,0,1,0,0,1,0,0,2,0,0,1,1,0.8434643734821954,1.1320915839483927,1.4853624741089475
5492,0,2,0,0,0,0,0,1,2,0,0,1,1,0,1,1,1,2,2,1,-0.21387472217600426,0.81939032760556,0.09092812478258357
5493,1,1,0,1,0,2,0,1,0,0,0,1,0,0,0,0,2,1,0,0,0.21869479077809012,1.0392514866754754,0.8546767659950965
5494,0,0,0,0,0,1,0,0,1,0,0,1,0,0,0,1,1,1,0,1,1.2243664016552462,0.04713934461999161,0.0165893505089707
5495,0,1,0,0,1,1,0,2,0,2,0,0,0,0,0,1,1,1,0,2,-0.307127309262378,0.016633828438221428,0.45675528117547104
5496,1,1,1,0,0,1,0,0,2,0,1,0,0,1,0,1,1,0,2,1,0.40709318739911105,0.024797626727985245,-0.3940439189738516
5497,1,1,1,1,0,0,0,0,0,1,1,0,0,1,0,0,1,0,0,1,-0.2441796320247656,-1.1993407947372927,-0.5604446362099751
5498,0,2,1,0,1,1,0,0,1,0,0,0,0,1,1,0,2,1,1,1,-0.9032484061085683,-0.05346041216096925,0.2094886873640604
5499,0,1,1,0,0,0,0,2,1,0,0,1,0,1,0,0,0,1,1,1,0.037847383737046644,-0.1822805457715893,0.8506768939573038
5500,1,1,1,0,0,2,0,1,1,0,0,0,0,0,1,0,1,1,1,2,0.05251464080046218,0.18509104860892392,0.7687479487715898
5501,0,1,2,0,1,2,1,2,2,0,0,1,0,0,1,1,1,0,0,2,-1.283524757148179,0.49264461064121484,-1.0879824880532043
5502,0,1,1,1,0,2,0,1,1,0,0,0,0,2,0,2,1,0,1,0,0.056636392742346574,0.6931253316182733,-0.5482203773869654
5503,1,0,2,0,0,2,0,1,1,1,1,0,0,0,0,1,0,0,0,0,0.12269076411571173,0.7603739845534916,1.3259792567642759
5504,0,1,0,0,0,0,0,0,2,1,0,0,0,0,1,0,1,2,0,1,-0.3874325307163753,-1.6048980549311793,-1.2614978393079261
5505,0,1,1,1,1,0,0,0,1,1,0,0,0,1,1,0,1,2,1,1,-0.3649474469631021,1.1430209325071359,-0.42409717188366264
5506,1,1,1,0,0,1,0,2,2,0,0,0,0,0,0,1,0,2,0,1,-0.24828335963629228,-1.4147018462263552,-2.0730454613697744
5507,2,1,0,0,1,1,0,1,2,1,0,0,0,0,1,1,2,0,2,1,-0.2168017975167568,1.5067084166897484,0.29447606586293995
5508,0,2,2,2,0,0,0,2,2,0,0,1,1,0,1,0,0,1,1,2,-0.3923744219694646,1.5650463287762157,0.510122297932579
5509,0,0,0,0,0,1,0,0,1,1,0,0,0,1,0,1,1,0,1,0,-2.1439858183509055,1.3400053159014156,0.09837045677423151
5510,0,1,0,1,0,1,1,2,2,1,0,1,0,0,1,0,0,1,0,1,0.12060753120606826,0.239617439530996,0.18785294816183423
5511,1,1,1,0,0,1,0,0,0,2,1,1,1,0,1,1,0,0,0,1,0.9256850171833282,0.8893875113823857,2.4706991459704915
5512,2,2,2,0,0,0,0,2,1,2,1,0,0,0,1,2,2,1,2,1,-0.628362427766175,-0.2952490035338223,-0.3588499652865719
5513,0,1,1,0,0,1,0,0,2,1,1,0,0,1,0,1,1,2,1,0,-0.015252298387098774,1.2844153867293278,0.07601449336779875
5514,0,1,1,0,2,1,0,1,1,0,1,1,1,0,1,1,1,2,2,2,-0.4273862174018969,0.10561316597435887,-0.5047594584790687
5515,0,1,1,0,0,0,0,2,1,0,0,2,0,2,1,1,0,0,0,1,-0.4634036763750611,0.43436283086743466,0.995834593021523
5516,2,2,0,0,0,1,0,0,1,1,0,0,1,0,0,0,0,0,0,0,-1.1148962665825681,-1.221110456481522,0.053575841373756705
5517,1,1,1,0,0,0,0,1,1,1,0,1,2,1,0,0,0,1,1,1,0.35261782021717897,0.574192907835181,0.8971503015122058
5518,0,2,1,1,0,1,0,2,0,1,0,1,0,1,0,0,0,1,0,2,-0.887585154738607,-0.09411472350428557,0.43118270715956275
5519,0,1,1,0,0,1,0,0,1,1,1,0,0,0,0,0,1,0,2,1,-1.0478765292769274,-1.1960070192701648,-0.35848744348169287
5520,0,0,1,0,2,2,2,2,0,0,0,0,0,1,1,1,1,0,2,0,0.2000272625607777,0.9321133368249557,-0.5478025090153933
5521,1,0,1,0,0,1,0,1,1,0,1,0,0,1,0,0,1,2,2,1,1.4476520534070456,-0.3597674735818768,0.9094293546284355
5522,0,2,2,0,1,0,0,0,0,0,0,0,0,0,0,1,1,0,0,1,0.24550616376729525,-0.18570880283255994,0.5487578020198339
5523,1,1,0,0,0,2,0,2,1,1,0,1,1,2,0,2,1,1,1,1,0.1707671280685264,1.0651528706841007,0.6751697221085549
5524,1,0,1,0,0,2,0,0,2,0,0,0,1,0,2,0,0,0,1,1,-0.07665139357636445,-0.47519847020500516,0.01951273629695688
5525,1,1,0,1,0,1,0,1,0,0,0,0,0,0,1,0,0,1,0,1,-0.2836578777794076,0.10207904210692605,-1.870959826754532
5526,0,1,0,1,1,1,0,1,0,0,1,0,1,1,0,1,1,0,1,1,-1.907978633760963,0.11654605058040651,-0.4220082646335949
5527,0,1,1,1,0,1,0,1,1,2,0,0,0,0,0,0,2,0,0,0,-0.47800348004847437,-0.5021827935666765,-0.7232806440698702
5528,0,1,2,0,0,0,0,1,1,0,1,1,1,1,0,0,1,1,1,1,0.6907622602197361,1.3589925474071167,-0.07899540697622276
5529,0,1,1,0,0,0,0,0,1,0,1,0,0,2,0,0,1,1,0,0,-1.3155139087260639,-0.12231047420350846,-1.3301969203803923
5530,0,0,0,0,0,1,0,1,1,0,0,0,0,1,0,0,0,0,0,1,0.3758975338841426,0.12538273521535884,-2.6756978202850976
5531,0,2,0,0,1,2,0,1,0,1,0,0,1,0,1,1,1,1,1,2,-1.102267552860128,-0.07857369559404928,-0.5171189904174609
5532,0,0,0,2,1,1,0,2,0,2,1,0,0,1,0,0,0,0,1,0,2.088619494365017,1.4364428973337038,3.072078169608418
5533,0,1,0,0,1,1,0,1,1,0,0,0,1,2,1,1,2,1,1,1,0.2969917737967451,2.105479292715215,0.45298039711597815
5534,0,1,0,0,0,1,0,0,1,0,0,0,0,1,1,0,2,1,0,1,0.9207042365526353,-1.104462980163848,-1.3336729968579428
5535,0,2,1,0,0,0,0,1,0,2,0,0,0,1,0,1,1,1,0,0,-0.06741281427721232,-0.19438693295046858,0.9410111950419557
5536,1,0,2,1,0,0,0,2,0,2,1,0,0,0,1,0,1,0,0,1,-0.18898366607865877,0.4425769312327852,0.8783484515876606
5537,1,2,1,0,0,1,0,0,0,1,0,0,0,0,1,0,1,0,1,1,1.3984651144007725,-1.5060972991466945,0.6650109255167029
5538,0,0,0,2,1,2,0,2,0,0,1,1,0,1,0,1,1,2,1,0,-1.778029678608034,-0.43358660727963716,-1.5036011380342718
5539,0,1,2,0,0,1,1,1,0,0,0,0,0,0,0,0,2,2,1,2,-0.4117427720665169,-0.45295376031866047,-1.5017280478833235
5540,1,0,1,0,0,1,0,1,0,0,0,1,1,0,0,0,0,1,1,0,0.6736749805064551,0.3519462506222626,-0.5148589947191461
5541,2,1,0,0,0,1,0,0,2,1,2,1,1,1,0,1,0,1,0,2,0.396811760314215,-1.2955545097945276,-0.9940023128748086
5542,1,1,1,1,0,0,0,0,2,0,2,1,2,0,0,0,0,1,1,0,-0.9120264934272239,0.4011199634327378,-2.581621372473828
5543,1,0,0,0,0,0,0,0,1,1,0,2,0,2,0,1,1,2,1,1,-1.783315282943178,0.2727937257989621,-0.28029604302589234
5544,1,0,1,0,0,0,0,1,0,0,0,0,0,0,1,0,2,0,0,2,0.4026318123276528,0.6027260351277787,0.8324788452203575
5545,0,2,0,0,0,2,0,1,0,1,0,1,0,0,1,1,1,1,2,0,1.1708452306946107,-0.41036694836981835,-0.21397050657510774
5546,1,2,0,0,0,0,0,0,2,2,0,0,0,0,1,1,2,2,1,0,1.9720318958101122,1.1730542147690686,3.1746841704788507
5547,1,0,0,2,1,1,0,1,1,0,1,0,0,1,0,0,2,2,1,2,0.7363189039429576,-0.7918105362283412,1.6104121538880933
5548,1,1,1,0,1,0,1,1,1,0,2,1,0,0,1,0,0,0,0,2,1.0899080620561004,2.4195159482424895,1.2715126860705532
5549,0,0,2,0,1,2,0,2,2,1,0,1,1,0,1,0,0,2,1,2,0.9060763521065919,2.9554315036546503,1.4411082109083377
5550,0,1,2,0,0,1,0,1,1,1,0,0,0,1,0,0,1,2,1,0,-0.07107118355458196,0.24474947351366927,-0.8866922502885058
5551,0,2,0,0,0,0,0,1,0,0,0,1,0,0,0,1,0,0,0,1,-1.8308477787785047,-0.8173418088350934,-1.7395893268349094
5552,1,0,2,0,1,0,0,0,1,0,0,0,0,2,2,0,1,1,2,1,-0.9932810984604096,-1.934786103559417,-0.44728423355071767
5553,0,1,0,0,0,1,0,0,0,0,0,0,0,1,1,1,2,1,1,1,-0.22207510496674804,0.14848727577781562,-0.600697209986545
5554,1,1,0,1,1,1,1,2,0,1,0,1,1,0,2,0,0,1,1,1,-0.21759940350823723,0.0872591792846924,0.36646117753269514
5555,1,0,1,0,1,2,0,1,2,0,0,0,1,0,1,1,1,0,0,1,0.17740736830195725,-2.447695761623671,-0.31681012817494775
5556,0,1,1,0,0,1,0,0,1,1,2,0,0,1,2,2,1,2,1,2,-0.5000829586690371,-0.5951269065166638,-1.012872251819559
5557,1,2,0,0,0,2,0,0,1,0,1,0,1,1,0,1,1,1,0,0,-0.7398149659452045,0.32819746697754193,0.763549892771193
5558,1,0,2,0,0,1,0,1,1,1,0,1,0,0,1,2,1,0,2,1,-0.09421916941113169,-1.3595119249352006,-1.8905991217198017
5559,0,2,1,0,0,0,0,0,1,0,0,0,0,1,1,1,2,0,1,1,-0.35008640231116156,0.22197527259006117,-0.27615434613561807
5560,0,1,0,1,0,1,0,2,2,1,0,0,2,1,0,1,1,1,0,0,0.12763534829628348,0.1288225533086232,0.14418172665116769
5561,1,0,1,0,0,2,0,1,0,1,1,0,1,0,0,0,0,2,1,1,0.9280836988525514,1.0635576084311171,1.421766165777313
5562,1,1,1,1,2,2,0,1,2,0,0,0,1,0,0,1,1,0,0,1,0.8899593604890795,-1.3089010369562317,0.8911338791274404
5563,1,1,0,1,0,1,0,1,1,0,0,1,0,0,1,0,1,1,2,2,-3.0113298810240114,-1.2901208899029126,-0.7353549538792754
5564,0,1,1,0,1,1,0,1,1,1,1,0,1,0,1,1,2,2,1,1,1.1683922471333108,0.4228322127547272,1.1122535712589512
5565,1,2,1,1,0,1,0,0,0,1,0,0,0,0,0,1,2,0,1,2,0.8739029312448261,-0.1829129134899052,1.1836895902164115
5566,1,2,1,0,0,0,0,0,2,0,0,0,0,0,2,0,0,1,1,1,1.528308574157812,-1.8874356178876135,0.5487263595045071
5567,0,0,0,0,0,1,0,0,0,1,0,1,1,0,1,0,0,1,1,1,0.7364147042526279,-0.23175593321471294,0.5748544459841647
5568,1,1,1,0,1,1,0,1,1,2,0,0,1,1,2,1,1,2,0,1,-0.6971607445599469,-0.46120862598542733,0.08629295911968438
5569,0,1,0,0,1,0,0,1,2,0,2,0,0,0,1,0,1,2,1,1,1.8660720652702565,-0.9446285257302371,-0.3706363066829539
5570,0,1,2,0,0,2,0,1,1,2,1,0,0,1,0,0,2,1,0,0,-1.4049808291705592,-0.05604416860833156,-0.7640169787568379
5571,0,1,1,0,1,1,1,1,1,0,2,0,1,1,0,0,1,1,0,1,-0.18489967328543716,-0.05006073945479035,-0.7427884937904687
5572,1,0,0,0,0,0,0,0,2,0,0,0,0,1,0,0,0,2,1,2,-1.1544325167150498,0.24811919670294402,1.358249276266441
5573,0,1,0,0,0,1,0,1,1,0,0,0,0,1,2,0,1,1,1,0,-1.644488577109509,-2.3789970598087447,-2.4591903442314735
5574,0,1,0,0,1,0,0,2,1,1,1,1,0,1,0,1,1,2,1,0,0.9048144455089748,1.1324995443940171,0.8867618031658342
5575,1,1,2,0,0,2,0,1,0,1,0,0,0,1,0,0,0,1,1,1,0.44485539809284114,0.5577774644800992,-1.2948373154078574
5576,0,1,2,1,2,2,0,2,2,2,1,0,1,1,0,1,1,0,0,0,1.4520490079823019,1.9184112161984972,2.190763622666317
5577,0,0,1,0,0,0,0,1,1,1,0,0,1,1,1,2,2,0,0,2,0.4582769002086271,1.697157357882292,0.7579094433191649
5578,0,1,2,1,0,1,0,1,1,1,0,0,0,0,1,0,1,1,0,0,-2.7513752760041457,0.19881679547931064,-1.1415036807686159
5579,0,1,2,1,1,1,0,1,0,0,0,0,1,0,0,1,2,1,1,0,-0.49298755448844084,0.17430896243742494,1.1827535359824983
5580,2,1,2,0,0,2,0,1,0,2,0,0,1,2,0,0,2,0,1,1,0.8104572731121745,2.0765713037254674,0.04545580515071779
5581,0,1,1,0,1,1,0,1,2,0,0,0,1,0,0,1,1,1,0,2,1.1873002113162603,1.4159147138615003,1.9036411592912914
5582,0,1,0,1,1,1,0,0,2,0,0,0,0,1,0,1,0,0,1,1,1.0183977371722748,-0.5593798790903495,0.6626106606691216
5583,0,1,1,0,0,1,0,2,1,0,1,0,0,2,1,1,2,2,0,1,1.620648691632908,-1.743561333121898,1.2462485136490993
5584,1,1,2,0,2,0,0,1,1,0,0,0,0,0,1,0,0,1,1,1,-0.9275320522588828,-1.9833966088535313,-0.8316133991836643
5585,0,1,1,0,1,1,0,0,0,0,0,0,1,1,2,1,1,2,2,0,-0.4638103711880527,0.625449103139948,0.571061579968655
5586,0,1,1,0,0,1,0,1,1,0,1,0,0,0,0,1,1,1,0,1,-0.5685893716618293,-1.1502661802691732,-1.9567678042252894
5587,1,1,1,0,0,0,0,1,2,0,0,0,0,0,0,0,0,0,0,2,-0.128968039578432,-1.179447212834389,-1.8054290109682865
5588,0,1,0,0,0,2,0,1,2,0,1,1,0,0,0,0,0,0,1,2,0.9280993059126432,-0.1092838669885216,1.6096483827082113
5589,0,0,1,0,0,1,0,0,0,0,0,0,1,0,0,1,1,0,1,2,1.15200953037758,-0.053449295337722635,1.0376883142800306
5590,0,2,0,0,0,1,0,0,0,0,1,1,1,1,0,0,2,1,2,1,0.3791849330998696,0.4491734896848716,0.6568441386739736
5591,0,1,1,0,0,0,0,1,1,0,0,1,2,2,2,1,1,1,1,1,-2.119699347594305,-0.9119079596336541,-2.001088525637125
5592,0,2,1,1,2,2,0,1,2,0,0,0,0,0,0,1,1,0,1,2,-0.30463710129153837,-1.2334831629620704,0.14530342472069635
5593,1,1,0,0,0,1,0,1,0,1,0,0,0,0,0,0,2,0,1,1,0.29949954475821644,-1.1255247958315509,-0.20920737845469142
5594,1,2,1,0,1,1,0,0,0,1,1,0,1,0,0,0,1,0,0,1,-0.2677210750119514,0.08751671808930403,0.635782091506683
5595,0,1,1,1,0,0,0,0,0,1,0,0,1,1,0,0,0,0,2,2,0.5566159721007904,0.07681638477237857,2.3501076554964095
5596,1,1,1,0,1,1,0,1,1,0,0,1,0,1,0,0,2,2,0,1,-0.14800322811119787,0.5764180554226277,0.8795124036231394
5597,0,1,2,0,0,2,0,1,1,0,1,1,0,0,1,0,1,2,1,0,0.7660099868086327,1.2763870222362057,2.6380578296775674
5598,0,0,2,0,1,1,0,1,1,1,1,0,0,0,0,0,1,1,1,1,1.6389390314409906,-0.14816413026427622,0.544505587748667
5599,0,0,0,0,0,1,0,1,1,1,0,0,0,1,1,2,1,0,0,0,0.4304541038676398,0.8581374220563841,-0.3579126313631219
5600,0,1,1,2,1,2,0,1,1,0,0,1,1,1,0,1,0,1,0,0,-0.07707883305171061,0.10347889127266152,-0.9335481752794458
5601,2,0,1,0,1,1,0,1,1,0,0,0,1,0,1,1,2,1,1,0,-1.3996714579263057,-1.1145294806180281,0.3549434553527091
5602,1,0,0,1,0,2,0,1,1,2,1,0,0,1,1,1,2,0,1,1,1.0819285883373089,0.668249772430878,0.9073149376950116
5603,1,2,0,0,1,1,0,0,2,1,0,2,0,0,1,1,1,1,0,2,-1.0930095358055056,-1.3792052885870443,-2.8464779833610048
5604,0,0,1,1,0,1,0,0,0,0,0,1,1,1,1,1,1,2,0,1,-1.5986412767806264,1.183235865451685,-0.22482794791961264
5605,0,1,1,0,0,0,0,2,1,1,0,0,0,0,1,1,2,0,2,0,0.27504949186311317,-0.9852580116208289,-0.23458888161328456
5606,1,0,1,1,0,2,0,0,1,0,0,1,0,1,0,0,1,0,1,1,1.8925822179328893,0.7383196401713961,1.9070529418703042
5607,0,0,1,1,1,1,0,0,2,1,0,0,1,0,0,0,0,1,0,1,1.8890069998225798,0.5687092631485097,-0.5988737565699696
5608,0,1,1,1,0,0,0,1,1,2,1,0,0,1,0,0,1,1,1,1,-1.2773594476805958,-0.28994277953251146,-1.9006269172160224
5609,1,0,0,1,1,1,1,0,0,0,1,1,0,0,0,1,1,2,1,1,-1.4224516376049081,-0.472346966968153,-0.4719658161431754
5610,2,1,1,0,0,2,1,2,2,1,0,1,1,2,0,0,0,0,1,1,-0.06060509839888706,2.6969427647754114,0.8057166353092147
5611,2,1,0,1,0,2,1,1,1,1,0,0,0,0,0,1,0,1,2,0,1.2346214622912,0.3334960581230504,-0.7304896009606893
5612,0,2,0,0,2,0,0,1,1,0,2,0,0,0,0,1,2,2,0,1,-0.46285115919648584,-0.23081983925042296,0.6070623092003574
5613,1,0,1,0,1,1,0,1,0,0,1,1,0,1,1,0,0,0,1,2,0.6863203578480542,0.23020275140614074,-0.5672758483130209
5614,1,1,1,0,0,1,0,1,2,0,0,0,0,0,1,0,1,2,2,1,-1.362881689276329,-2.5616362484820487,-0.07176311906703137
5615,1,1,2,0,0,0,0,0,2,1,0,0,1,1,0,1,1,2,2,1,0.9744822396630288,0.23536804181225301,0.8130607919536301
5616,1,1,1,0,0,0,0,0,1,0,0,1,0,0,0,0,0,1,0,1,0.010230018169273105,0.7630625095420049,0.8087365541458665
5617,0,1,1,0,0,1,0,1,0,0,0,0,0,0,1,1,1,0,0,1,0.5253962129100351,1.1498022290561498,1.8497461095831407
5618,1,1,1,1,0,1,0,1,0,1,0,0,1,1,1,1,2,0,1,1,-0.403156539904683,0.7542425360965247,0.17447440861722452
5619,0,1,1,0,0,1,0,2,1,1,0,0,0,0,0,0,0,1,2,1,1.2022709157247835,-0.011466844855265501,0.04252605264149811
5620,1,1,2,0,1,2,0,2,1,1,0,0,0,1,0,1,1,1,0,0,-0.6911980756509801,-1.3939226064601964,-2.900769905227181
5621,0,1,1,1,0,1,0,1,0,0,1,1,0,0,1,2,0,1,1,2,0.9578984428240306,-0.2154395466581942,2.4693044292450748
5622,1,1,1,1,0,1,0,2,0,1,0,0,0,0,1,0,1,1,1,2,0.9352644229736146,0.7697165067769001,1.0705738233644781
5623,0,0,1,0,0,1,0,1,0,0,2,0,0,0,1,1,2,2,1,1,-0.5874610075786497,-2.3463241541920405,-1.4016197642083679
5624,0,2,1,0,0,0,0,2,0,0,0,0,1,0,0,0,0,1,1,0,0.44315055192129155,1.244043081087355,0.7861334770429965
5625,0,1,0,1,0,1,0,0,1,1,1,1,0,0,1,0,0,0,1,1,1.3538727555819927,1.2813506576365299,1.1522938268815799
5626,0,1,2,1,0,1,0,0,0,0,1,1,0,0,0,0,1,0,0,2,-2.143830288753343,-1.171941555976929,0.3566106939357152
5627,0,1,1,1,0,1,0,0,1,1,0,0,0,0,0,0,0,2,1,0,0.8189451979324054,1.5326207680036381,0.7592012997412627
5628,1,1,2,0,1,0,0,1,0,1,0,0,0,0,0,0,1,0,2,2,-0.26034392600914846,0.6374923772966322,0.442580045420397
