id,snp0,snp1,snp2,snp3,snp4,snp5,snp6,snp7,snp8,snp9,snp10,snp11,snp12,snp13,snp14,snp15,snp16,snp17,snp18,snp19,U,X,Y
0,1,0,1,0,0,1,0,1,2,0,0,0,0,1,0,0,1,0,2,0,-0.7204726612060618,0.6206465044108176,0
1,0,0,0,0,1,1,0,0,0,2,0,1,0,0,1,1,0,0,0,0,1.0641542434947406,2.164436613650889,0
2,0,1,1,0,0,0,0,0,2,0,1,0,0,0,0,1,1,1,0,0,0.21639272808375964,-1.4314900060759184,0
3,0,2,2,0,0,1,0,0,0,0,0,1,1,0,0,1,1,2,0,1,-1.1499052377535859,0.4078241165465213,0
4,0,0,1,1,0,0,0,0,2,0,0,0,0,1,0,0,1,0,1,0,-0.19727614318890777,-1.1477688971249274,0
5,0,0,1,0,0,1,0,0,1,0,1,0,0,0,1,2,1,0,1,1,1.4014049909600288,1.35828908508825,1
6,0,0,0,0,0,2,0,0,2,0,0,0,1,0,0,1,0,1,1,1,0.979221662263204,0.06614866891243187,0
7,0,1,0,0,0,1,0,1,0,0,0,0,0,1,0,1,2,1,0,1,0.22301417306436602,-1.226161233684554,1
8,0,1,0,0,1,1,0,0,2,0,0,0,1,1,0,1,1,1,0,1,-1.3574477935822407,-0.4792374110935545,0
9,0,0,1,0,0,2,0,0,1,1,0,0,1,1,0,0,0,0,2,0,0.30229557819324376,0.7083948905713976,0
10,2,1,0,0,0,1,0,0,0,1,1,0,0,1,1,0,0,0,1,0,1.087309258738109,-1.0893374312025297,0
11,0,0,0,0,0,0,0,0,2,2,0,1,2,0,0,1,0,1,0,1,-0.6203748391286732,0.11180795825084786,0
12,1,1,0,0,1,2,1,0,1,0,0,0,1,0,0,1,1,2,0,0,0.4286348905452393,1.7249408787070404,1
13,0,2,1,0,0,1,0,0,0,0,0,1,2,1,1,1,1,1,1,0,-1.7990235044537706,-0.7736229865228414,1
14,0,1,0,0,0,1,0,0,1,0,0,1,1,1,0,1,0,0,1,0,0.5044095335270044,-0.3705334369648763,1
15,0,0,0,0,0,2,0,0,1,0,0,0,0,0,0,1,1,2,1,1,-0.18182585473051788,-1.0696236342354208,1
16,0,0,1,0,1,2,1,0,0,0,0,1,1,0,0,0,1,0,0,1,1.072785504686916,1.62228346560254,0
17,0,0,0,0,0,0,0,0,2,0,2,0,0,0,0,1,0,0,0,0,0.6459321073968162,-1.316788741614492,1
18,1,0,0,0,1,1,0,0,2,1,0,0,1,1,1,1,1,0,2,1,0.516653426614318,-0.022066014062217865,0
19,0,1,0,0,0,1,0,1,2,0,0,2,0,1,0,1,1,1,2,0,0.42151269307390643,-0.296383989765691,1
20,0,1,0,0,0,2,0,0,1,1,0,0,0,0,0,2,1,0,0,0,-0.5541068834285486,0.6870107496981701,0
21,1,0,1,0,1,0,1,0,1,1,1,0,1,0,0,1,1,1,0,1,2.534103184849193,1.1702903297759097,0
22,1,1,2,0,0,0,0,0,0,0,1,0,1,0,0,1,0,1,0,0,-0.038936869651742236,0.01529553946310358,0
23,0,0,0,0,0,1,0,0,0,0,1,1,1,1,0,2,0,1,1,1,-0.18475779772106982,-0.18523568683611202,0
24,0,0,0,0,1,2,0,0,2,0,2,0,0,0,0,1,1,0,1,2,1.3440908512168241,0.6757164698735101,1
25,0,2,1,0,0,2,0,1,1,1,1,1,1,2,0,0,1,2,1,0,-0.18530239306825044,-0.3267204920947803,0
26,0,0,1,0,0,0,1,0,0,0,1,0,0,1,0,2,0,1,0,0,0.9537869214247863,0.6719486159223903,0
27,0,2,2,0,1,2,0,0,2,0,0,0,0,0,0,1,1,2,1,2,1.3674794317930536,-0.5547420584983185,0
28,0,1,1,0,0,1,0,0,1,0,0,0,0,0,0,0,1,0,1,1,-0.592185194075995,0.01278083379143019,1
29,1,0,0,0,0,0,0,0,0,1,1,0,0,0,0,0,1,1,1,0,0.2956959425757905,-2.2304538539895367,0
30,0,0,0,0,0,0,0,0,1,1,1,0,0,0,0,2,2,1,1,1,-0.2735762405621941,-1.169105328218501,0
31,0,1,0,0,0,0,1,0,1,0,0,0,1,1,0,2,0,1,0,1,-0.5740301133606956,-1.4524733570035215,0
32,0,1,1,0,0,1,0,0,0,0,1,2,0,1,1,0,0,1,0,2,0.7722152641795565,-0.0739679472990051,1
33,0,1,1,0,1,1,0,0,1,1,0,1,0,1,0,0,0,0,1,0,1.5077405415896155,1.9351107174928428,0
34,1,1,1,0,1,1,0,1,1,0,0,1,1,1,0,1,2,0,1,1,-0.2453261542211171,-0.26141321875508294,0
35,0,0,0,0,0,0,0,0,0,1,1,1,0,1,0,1,0,1,1,0,-0.2716710891546417,-0.6925794524644372,0
36,0,0,0,0,0,1,0,1,0,0,0,0,0,0,0,1,1,0,1,0,0.08329974827589742,0.5728713002787263,1
37,0,0,0,0,0,2,0,1,1,1,0,1,0,0,0,2,1,2,0,1,-1.285843851675178,1.1147714510312,0
38,0,0,1,0,0,1,0,0,1,0,0,1,0,0,0,1,0,0,1,0,1.5688700961863757,-0.6953044526569359,1
39,0,2,0,0,0,1,0,0,1,1,0,1,0,0,0,0,1,0,0,0,0.36907840870792763,-2.1284985814705895,0
40,0,0,1,0,0,0,0,1,0,1,0,1,0,0,0,0,1,1,1,1,-0.015400274651692619,2.1431822947036565,0
41,0,2,0,0,0,2,0,0,0,1,0,0,1,0,0,0,1,0,1,2,0.4049103662938718,-0.26248875587202447,0
42,0,0,1,1,1,1,1,0,1,0,0,1,1,1,0,2,0,2,2,0,-0.37797825069899027,0.13123920265133532,1
43,0,2,2,0,0,0,0,1,2,0,1,1,0,1,0,0,0,0,1,0,-0.7661925850923477,-1.6514985982254098,0
44,0,0,1,0,0,0,0,1,1,1,1,1,0,0,1,1,1,0,1,0,-0.12265689275840953,-0.138059923463844,0
45,0,1,0,0,0,1,0,0,0,1,1,1,0,0,0,1,0,1,1,2,-1.4861312565354308,0.41785138808084976,0
46,0,0,1,0,0,0,0,0,1,0,1,1,0,0,1,0,2,1,1,1,-0.396840376844137,0.11556548365931663,0
47,0,1,1,0,0,1,0,0,1,1,1,0,1,0,0,0,0,1,0,0,0.2834485156990302,-0.1301320147211522,1
48,0,0,1,0,0,1,1,0,1,0,1,0,1,1,0,0,1,2,2,0,1.442594052073158,-0.7209667437552518,1
49,1,0,0,0,0,2,0,0,2,0,0,1,2,0,0,1,0,0,1,1,-0.18382047554435954,0.4642533096634747,0
50,0,0,1,0,0,1,1,0,0,2,0,0,0,0,0,2,0,0,0,2,0.16042233105693407,0.22069849954733411,0
51,0,0,1,1,0,2,0,0,1,0,0,0,0,1,1,0,0,1,2,1,0.37269607229916063,0.7935359646722342,1
52,0,0,1,0,0,0,0,0,1,0,0,2,0,0,0,1,0,1,0,0,0.13566542364955514,0.6378758743700352,1
53,1,0,0,0,0,1,0,0,1,1,0,0,1,0,0,1,0,1,0,0,2.0783507480482575,1.9885664864242527,1
54,1,1,1,0,0,1,0,0,2,0,1,0,0,1,0,1,2,1,1,1,0.36148934035526464,-0.5889584053878354,0
55,1,2,0,0,0,0,0,1,0,0,0,1,1,0,0,2,2,0,1,1,-1.170271065378443,0.5224189648403884,0
56,1,0,0,0,0,1,0,0,1,1,0,0,0,1,0,1,1,1,2,1,1.0518824455441618,1.5278576507106025,0
57,1,2,1,0,0,0,1,0,1,0,1,0,1,0,0,2,1,0,1,1,-0.6456178327932801,-0.6264696314305697,1
58,0,0,0,1,0,0,0,0,1,1,0,0,0,0,1,1,0,0,0,1,-0.12775537566439407,1.4791667093331802,0
59,1,0,1,0,0,1,1,0,1,0,0,1,0,1,0,0,1,0,1,0,-0.8369259144314736,0.032812825517647026,0
60,0,1,1,0,1,1,0,0,1,1,0,1,1,1,0,2,0,0,2,1,-1.1970371379921676,-1.1227251009015107,0
61,0,1,0,1,0,1,0,1,2,1,1,0,1,1,0,0,1,0,0,2,1.274233717399987,-0.11071586976222036,0
62,1,1,1,0,0,0,0,0,1,0,0,0,0,1,0,1,1,0,1,1,-0.6296841667489134,-0.5298037715285875,1
63,0,2,1,0,1,0,0,0,0,0,0,0,0,0,0,1,0,0,2,0,-0.25897458393683004,-0.5124335127955197,1
64,0,1,2,0,1,0,0,0,0,1,1,0,1,0,1,0,0,1,0,0,1.3592880860164016,0.8806261981135859,1
65,1,0,0,0,0,1,0,0,0,0,0,0,2,0,0,1,1,0,2,2,-2.46330674803771,-0.5835400408187001,0
66,0,1,0,0,0,1,0,0,2,0,0,1,1,2,0,1,0,0,0,0,-0.0074255820816776785,0.9504272849109682,0
67,0,0,2,0,0,2,0,0,2,1,0,2,0,1,0,0,1,0,2,1,-0.39197694324814153,0.60554543888851,0
68,0,0,0,0,0,0,0,0,2,2,0,1,0,1,0,1,1,0,0,1,0.12114962363726192,1.4156010102986463,1
69,0,2,0,0,0,0,0,0,1,0,1,0,0,0,0,1,0,1,2,0,-0.9453008521283394,-0.5538685072016426,1
70,0,1,0,0,2,1,1,0,0,0,0,1,2,0,0,0,0,0,2,1,1.0903074753143682,-0.4973717077775188,0
71,1,1,1,0,0,1,0,0,2,0,0,1,1,0,0,0,2,0,2,0,-3.100586614686154,-1.1108704991206566,0
72,1,1,1,0,0,0,0,0,1,1,1,1,0,1,0,1,1,1,0,0,-0.05891771758198424,-0.201937183632197,0
73,1,1,1,0,0,1,0,0,1,1,0,0,0,1,0,1,1,1,2,0,-0.720971008064103,-2.024247366467346,1
74,0,0,0,0,1,2,0,0,1,2,0,0,1,0,1,0,1,1,1,0,1.2453191499822631,-0.19114374900892506,1
75,0,1,0,0,0,2,1,0,1,0,1,1,1,1,0,1,0,1,0,1,0.12997928800273928,0.6351976110816078,0
76,0,0,1,0,0,0,0,0,1,0,0,1,0,1,0,0,1,0,2,2,1.1143915778865219,-0.04971954982054794,0
77,1,1,2,0,0,0,0,1,1,1,0,1,1,0,0,0,1,1,0,0,0.24150641626895603,-0.30734404166604995,0
78,1,0,0,0,0,1,1,0,2,1,0,0,2,0,0,2,0,2,1,1,0.5514249903057445,0.8445023677325245,0
79,0,1,1,0,0,0,0,0,2,0,0,0,0,0,0,0,1,0,1,2,1.3337913637150893,1.2833882935195189,0
80,0,0,2,0,0,0,0,0,1,0,2,1,0,0,0,0,1,0,2,0,-0.3359417032174833,0.04020697565941722,1
81,0,1,0,0,0,0,0,2,0,1,0,0,2,0,0,2,1,0,1,1,-0.30548567884428635,-1.5045329442727444,0
82,0,1,2,0,1,2,0,0,1,1,1,0,0,0,1,0,0,1,0,0,0.7020571846955649,0.3346593017527982,1
83,0,0,1,0,0,1,0,1,0,0,1,0,1,0,0,0,1,0,0,1,0.46009929152165663,-0.13040404367523628,0
84,1,2,1,0,0,1,0,2,1,0,1,0,0,1,0,2,2,0,1,0,-2.3333484198475607,-2.8511146989399365,1
85,0,2,1,0,0,2,0,1,1,0,1,1,2,0,0,2,1,0,0,0,0.5266112128912996,0.10293704015698324,0
86,1,0,2,0,0,0,0,0,2,0,0,1,1,0,0,2,0,0,2,1,0.5930138369678987,0.2361959946385227,1
87,0,0,2,0,0,1,0,0,2,0,1,1,1,0,0,0,0,0,1,1,-0.6684077274390497,-1.157531633746548,0
88,0,0,1,0,0,1,0,0,2,1,0,0,1,0,0,0,1,0,1,0,1.1434433812731561,-0.43947039324834836,0
89,0,1,0,1,0,2,1,0,0,0,0,1,0,0,0,1,1,0,0,0,-0.6005268333153732,1.2627061534997948,0
90,1,1,0,0,0,1,0,0,2,2,0,0,1,0,0,2,1,0,1,1,0.24944346368339443,-0.6394550588965979,1
91,0,1,0,0,0,2,0,0,1,0,0,0,1,0,0,1,1,2,1,1,-1.3657610768250212,-1.104152766239836,0
92,0,0,0,0,0,0,0,1,0,0,0,0,0,0,0,2,1,1,1,0,0.4509859122378217,0.5775257200705897,1
93,1,1,2,0,0,1,0,0,1,1,0,1,1,0,0,1,0,1,0,2,-1.3003136290733208,-0.3192352210743581,0
94,0,0,0,0,0,1,0,0,1,1,0,0,0,0,0,0,1,0,0,1,-0.4093752745603295,-0.8280183998853412,0
95,1,1,1,0,2,1,1,1,0,2,0,1,0,0,0,0,1,0,0,0,-1.1681589772828476,-1.249332243009578,0
96,0,1,1,0,1,0,1,0,0,2,0,1,0,1,1,0,0,1,1,0,0.8888948081026111,0.016763970942717865,0
97,0,0,0,0,0,1,0,0,1,0,1,1,1,0,0,1,1,1,1,1,-0.31759051252423015,0.6789837016279674,0
98,0,1,1,0,0,2,0,0,1,1,0,0,2,0,0,0,1,1,1,0,1.4754528110294707,1.2376033171561658,1
99,0,1,2,0,0,0,0,0,0,1,0,0,1,1,0,0,0,0,1,0,0.38166933262438346,-0.1334934641950507,1
100,0,1,1,0,0,1,0,0,0,1,0,1,0,0,1,0,0,0,1,0,0.17684680139471817,-0.019722179667381018,0
101,0,0,1,0,0,0,0,0,1,1,2,0,1,2,0,0,1,1,1,1,-0.6550378896619793,-1.2729288942152337,0
102,0,0,0,0,0,1,1,0,0,1,0,0,0,0,0,1,2,0,1,0,-1.9386086410085246,-1.1224970684665614,0
103,0,1,0,0,0,1,0,0,0,0,0,0,1,1,0,0,0,1,1,0,2.1399455002793655,2.5345389127557136,1
104,0,1,1,0,0,2,0,0,0,2,1,1,0,1,0,1,0,1,0,1,-0.5273721622906893,0.22329393704611064,0
105,1,0,0,0,0,1,0,1,1,0,1,1,1,0,0,1,1,2,1,1,0.7582280578211283,0.8390090540984216,0
106,0,1,1,0,0,1,0,1,2,1,1,0,2,1,0,1,0,0,2,0,0.6498556790095454,-1.4219067570493518,0
107,1,1,0,0,0,1,0,0,1,2,0,1,1,0,1,2,2,0,1,1,0.47601509905342343,0.8317937013988155,0
108,1,0,0,0,0,2,0,0,1,1,1,0,0,0,0,1,0,1,2,1,0.5459860156241756,0.9404783536367136,0
109,0,0,1,0,0,2,0,0,2,0,1,0,1,0,0,0,0,1,1,0,-0.7003668830346025,-0.3972081293549167,1
110,0,0,0,0,0,1,0,1,2,1,2,2,1,0,0,1,1,0,2,0,-0.25724522556307305,-1.259949427067875,0
111,2,0,1,0,0,1,0,0,2,1,2,0,1,1,0,1,1,1,2,1,0.043024040516682,0.9643564320189743,1
112,0,1,1,0,2,1,0,1,0,0,0,0,2,0,1,0,0,0,2,2,-1.0259534825253993,-0.43808090992068877,0
113,0,0,1,0,0,1,0,0,2,0,1,0,0,0,2,0,1,0,0,2,-1.0266433979960408,0.18561958827005398,1
114,0,1,1,0,0,1,0,1,0,0,0,0,1,1,0,0,0,1,1,1,0.21614274348997548,0.7652371844207111,1
115,0,0,1,0,0,0,0,0,0,0,0,0,1,0,0,2,1,0,0,0,-0.04391067929303858,0.7024617964425752,1
116,0,0,0,0,0,2,0,1,1,0,0,0,2,0,0,0,1,2,1,0,-0.3905733137111095,-1.356167386818766,0
117,1,1,2,0,0,0,0,0,1,1,0,1,1,0,1,1,0,2,0,0,-0.6094569421870377,-1.6836770704333588,0
118,0,1,0,0,0,1,1,1,1,1,1,0,1,0,0,2,1,0,1,1,0.2942415689640213,0.4235989261214208,0
119,1,1,0,0,0,1,0,0,1,0,1,1,2,0,0,1,0,1,0,0,1.0980636471448695,-1.1042067986036266,0
120,0,1,0,0,0,1,0,0,1,1,0,2,0,0,0,1,1,1,0,1,-0.8557499745096222,-1.0436085280656724,0
121,1,0,1,0,0,1,0,0,2,1,0,1,1,0,0,1,0,1,0,0,-0.5233018812128357,-0.8875948616902385,0
122,0,1,1,0,0,1,0,0,0,1,1,1,1,1,0,1,1,0,1,0,1.3762273713595938,1.5346912863607243,1
123,0,0,0,0,0,1,0,0,0,1,0,0,0,1,0,1,0,1,0,0,1.7949836342446357,-1.4630665506559,0
124,0,1,0,0,1,0,0,0,2,0,0,1,1,0,0,1,0,0,1,1,0.8650887940937217,0.2364749427515287,1
125,0,0,1,0,0,1,0,0,1,1,1,2,0,0,0,1,0,0,0,1,0.6706339019102475,1.261751395971591,0
126,0,0,0,0,0,2,0,0,1,0,0,1,1,0,0,0,1,0,1,1,1.4223458240281268,0.8133744723558984,0
127,0,2,1,1,1,0,0,0,1,1,0,1,1,0,0,0,1,1,0,1,-1.152353250532747,-1.5027390080160752,0
128,0,0,1,0,1,0,0,0,2,1,0,0,0,1,1,2,1,0,1,1,0.2907410270217252,-0.009522693670912297,0
129,0,0,1,0,0,2,0,1,1,1,0,1,0,0,0,0,1,0,0,1,0.2556452526345704,0.12309444114087388,0
130,1,1,2,0,1,1,0,1,0,0,1,0,1,0,0,0,0,1,0,1,2.197976131324461,-0.11390834727712285,0
131,1,0,2,0,0,2,0,0,0,0,0,0,1,0,0,2,1,0,1,1,0.9372018406090671,-0.058039376428580036,0
132,1,0,2,0,0,1,0,0,1,1,0,0,0,0,0,1,1,0,0,1,1.0764163362878147,1.2254490091014523,0
133,0,1,1,0,0,0,0,0,1,2,1,0,0,0,0,1,0,0,0,0,1.1251240490791388,1.7804186890776506,1
134,0,0,0,0,0,1,0,0,2,1,0,0,1,0,0,1,0,1,1,0,-0.2566670771453573,0.07421027304598281,0
135,0,1,0,0,0,1,0,0,2,1,1,1,2,0,0,1,0,2,1,1,-0.8274735354820565,-0.11698732241036364,0
136,1,1,2,0,1,1,0,0,1,1,0,2,1,1,0,0,0,0,1,0,0.21377729218641078,-0.31847001492519866,0
137,0,1,2,0,0,1,0,0,1,0,0,0,2,0,0,2,0,0,0,1,-1.083522688482374,0.17299672658392212,1
138,1,0,1,1,0,2,0,0,1,0,0,0,1,0,0,1,2,1,2,0,0.4128227487059365,0.6769543743203912,1
139,0,1,0,1,0,0,0,1,2,0,1,0,1,0,0,0,1,1,2,0,0.338302685969474,1.7677456747662426,1
140,0,1,1,0,0,1,0,0,1,0,0,0,1,1,0,1,1,1,0,1,-0.2349505874019459,-0.7148586084281383,0
141,1,2,0,0,1,2,0,1,0,0,0,0,0,0,0,2,1,0,0,1,0.4979266174961805,1.4723753726119182,1
142,0,0,0,0,0,1,0,0,0,1,0,1,2,1,0,0,2,2,0,0,-1.0053219007658714,0.35493489939198763,0
143,0,0,1,0,0,2,0,0,2,1,0,1,1,1,1,1,1,1,0,1,-0.1661573905732285,-0.9157364974669456,0
144,0,0,0,0,1,1,0,0,1,2,1,0,1,0,1,0,2,1,1,1,-0.9040829926324351,1.1804238905425049,1
145,1,1,1,0,0,1,0,0,1,1,1,0,0,0,0,0,0,0,1,2,-1.6906972065800145,-0.9516993067705646,0
146,0,0,1,0,0,0,0,0,1,2,1,1,1,0,1,2,0,1,1,0,1.0561625341083118,1.0988729722485036,0
147,0,0,0,0,0,1,0,0,1,0,1,1,2,1,0,1,1,0,0,0,-0.6308051336857834,-1.31057443287473,0
148,1,1,0,0,0,2,0,0,0,0,0,0,1,0,0,1,1,1,0,1,1.314228148297038,0.343229874896256,0
149,1,0,2,0,0,1,0,0,2,0,0,1,2,0,0,0,0,1,0,0,0.5109115791631775,0.7715042101639727,1
150,1,1,2,0,0,0,0,0,0,1,0,2,1,0,1,1,1,1,2,0,-0.8767970310714245,-0.566435222403455,0
151,1,0,0,0,2,0,0,0,0,2,1,1,0,0,0,1,1,1,0,1,0.9678414289834989,-0.5668580902735572,1
152,0,0,0,0,1,0,0,0,1,2,1,1,1,1,0,1,1,0,0,1,0.9802195382877481,1.746721659844639,1
153,0,1,0,0,0,0,0,0,1,1,1,0,1,1,0,1,2,0,1,1,-0.3989740120809502,-0.35205337765133327,1
154,0,1,1,0,1,1,0,0,1,0,0,0,2,2,0,1,1,0,0,1,-1.1398831259917457,0.028975665886634805,1
155,0,2,1,0,0,1,0,0,1,1,0,0,1,0,0,1,0,1,1,0,-0.49901401559273456,-0.5097919153164725,0
156,0,0,0,1,0,1,1,0,0,1,0,1,1,0,0,0,1,0,1,0,0.14192040739326364,0.47720036747894057,0
157,0,0,1,0,0,2,0,0,1,0,0,0,1,0,0,0,0,1,0,1,-1.3697572400505011,0.5211373957764273,1
158,0,0,0,0,0,1,0,0,1,1,0,0,1,0,1,0,0,0,1,1,0.5023600326362415,-0.8770577648954503,1
159,0,1,1,0,1,2,0,0,0,0,1,0,0,0,0,0,0,1,1,2,0.14186150292710106,0.2642502293197607,0
160,0,2,0,0,0,1,0,0,2,0,0,0,1,0,0,2,0,1,2,0,0.17935208669448624,1.3066658934094433,1
161,0,1,1,0,0,0,0,0,2,0,0,2,1,0,0,1,0,0,0,2,0.13626993296917178,0.5168206105534214,0
162,1,1,0,0,0,2,0,0,0,1,2,1,0,0,1,0,1,0,0,0,0.8939821286403751,-0.2912602515398834,0
163,0,0,1,0,0,1,0,0,1,0,0,2,0,0,0,0,0,1,1,1,0.8042587895173078,-0.8348803689501771,0
164,0,0,0,0,0,0,0,0,1,1,2,1,0,0,0,1,1,0,0,0,1.466433008046793,-0.5803290488588758,0
165,0,0,0,0,1,1,1,0,1,2,0,1,0,0,0,0,1,1,0,0,-0.3544462754962293,0.722848309995033,0
166,0,0,0,0,1,1,0,0,2,0,1,1,2,1,0,1,0,0,0,0,-0.25219218075064354,-0.8079836465109843,1
167,1,0,1,0,0,0,0,0,2,1,0,1,0,0,0,1,1,0,1,1,-2.009367692619973,-0.5978680641832665,0
168,0,0,0,0,0,1,0,0,1,1,1,0,1,0,0,1,0,1,1,0,-0.6121017063334254,0.5785094363010219,0
169,0,1,0,1,1,0,0,0,2,2,0,1,0,0,2,0,0,2,0,1,-0.6203276585822513,0.6633249469798169,1
170,0,0,2,0,0,2,0,0,0,0,1,2,0,0,0,2,0,1,1,1,0.015549115771397844,0.40843444060360046,0
171,0,0,1,0,1,2,0,0,2,0,0,0,0,2,0,1,0,0,2,1,1.1441735659655203,2.5901312965285523,0
172,0,1,0,0,1,0,0,0,0,2,1,1,1,0,0,0,0,0,0,1,-0.22891443858855895,-2.9852217610977396,0
173,0,0,1,1,0,1,0,0,1,1,0,1,1,0,1,2,1,0,1,1,0.0671148744802629,0.3276135292575488,0
174,1,0,0,0,0,1,1,0,2,1,0,1,0,0,0,0,0,0,1,2,-0.44035729746980257,0.7964139148997248,0
175,0,0,1,1,0,1,0,0,2,1,1,0,1,0,0,1,1,1,1,0,0.6760504365575323,-0.3020128946021448,0
176,1,0,1,0,0,2,0,0,1,1,0,0,1,0,1,1,1,0,2,1,0.7705933754668066,2.1092142513352075,1
177,1,1,1,0,0,2,0,0,0,1,1,1,1,0,0,0,0,0,1,0,-1.5166809987808003,-2.044598150543608,0
178,0,1,0,0,0,0,1,1,1,0,1,1,0,0,0,1,0,0,2,0,-0.5739734036474504,-0.9694796003860411,0
179,0,0,1,0,0,0,0,0,1,1,0,0,2,0,0,1,0,1,2,1,0.9408600674951129,0.2621683907362405,1
180,0,1,0,0,0,0,0,0,2,1,1,0,0,0,0,1,1,1,0,1,-0.5295741371088655,-0.22627928892130872,0
181,0,0,0,0,0,1,0,1,1,0,1,0,1,0,0,1,1,0,2,0,0.2625465572898178,-0.24154452276613442,0
182,0,1,0,0,0,1,0,0,2,1,0,1,2,1,0,2,1,1,0,0,0.5629550489897716,-0.1717646914491873,0
183,1,0,1,0,0,1,0,1,1,0,0,1,1,1,0,0,0,0,0,0,-1.853358755161564,-1.3624426811249735,0
184,0,0,0,0,0,2,1,0,1,0,1,1,1,0,0,0,1,1,0,2,0.2645648822187709,-0.7344442598587217,0
185,0,1,2,0,1,1,0,0,1,0,1,0,2,0,0,1,1,0,1,2,-0.3837315213167002,1.066097014850987,0
186,0,0,0,0,0,0,0,0,1,1,0,1,0,1,0,2,0,1,1,0,-0.6769305171558948,0.26157367744082854,0
187,0,0,0,0,0,2,0,0,1,1,1,0,2,1,0,0,1,1,0,1,0.43389499128262665,-0.6816792267610017,0
188,0,1,0,0,0,1,0,0,1,0,0,0,1,1,1,0,0,0,1,0,0.44345826980498665,1.3072998942235168,1
189,0,1,2,0,1,1,0,0,2,0,0,1,0,1,1,1,2,1,0,0,0.006720307322231527,-0.6629077365818028,0
190,0,0,1,0,0,0,1,0,0,2,1,1,1,0,0,1,1,0,1,1,0.9084782829426461,-0.25226779374090336,0
191,1,0,1,0,0,1,0,0,2,0,0,0,1,0,0,1,1,0,0,0,-0.01538481344281724,-0.7471459901265175,1
192,0,1,0,0,0,1,0,0,1,0,0,1,1,0,2,1,1,1,2,1,0.14547320215001527,0.14530229051775873,1
193,0,1,1,0,1,0,0,1,1,0,0,0,0,2,0,0,2,1,0,1,-1.2851697733295586,-0.015112288928942008,0
194,0,0,1,0,0,0,0,0,1,1,0,0,1,0,0,2,1,0,1,2,0.42788252273515387,-0.2213655371171419,0
195,1,1,1,0,0,1,1,0,0,1,1,1,2,1,0,1,1,1,0,0,-1.0786127261545215,-0.9911758473352644,0
196,0,1,0,0,0,1,0,0,2,0,0,0,1,0,0,0,1,0,0,2,-1.9965888450981,-1.7368379472988718,0
197,0,0,0,0,0,1,1,0,2,0,2,2,0,0,1,2,0,0,0,1,0.38430615903466614,0.48598525575752105,0
198,0,0,0,0,0,1,1,0,2,2,0,0,2,0,0,0,1,0,1,0,0.012290536694048098,0.2630297552333308,0
199,0,0,1,1,0,1,0,0,2,0,0,1,1,0,0,1,1,0,1,0,-0.10617599043446306,0.49680915180669916,0
200,0,0,2,0,0,1,0,0,2,2,0,0,0,1,0,1,1,1,0,2,-0.010247895827785009,0.5314563270983043,0
201,2,0,2,0,0,1,0,1,0,1,0,1,1,1,0,1,1,0,2,2,-0.9318826192759226,-0.31581490209332264,0
202,0,1,0,0,0,1,1,1,0,1,1,1,1,0,0,0,1,0,1,0,0.7022457719596708,-0.4605011408299438,0
203,1,0,0,1,0,1,0,0,1,1,1,0,2,0,0,1,0,1,1,1,-0.05758531596561669,-0.023224225174521634,0
204,1,0,0,1,1,0,0,0,2,2,1,0,1,0,1,1,1,1,0,0,-1.520789890163843,-1.3971884461124393,0
205,0,1,2,0,0,2,0,0,1,2,1,1,0,1,0,0,1,1,1,2,0.28702705197803396,1.1974041215317306,1
206,0,0,0,0,1,2,0,0,1,0,0,0,1,0,0,2,0,0,0,0,-2.27819969308162,-0.3263038450108569,0
207,0,1,1,1,0,1,1,1,1,1,0,0,1,0,0,1,0,0,0,1,1.3464437965762148,0.448524635145768,0
208,0,2,0,0,0,1,1,0,1,2,0,0,0,1,0,0,1,0,1,1,1.1187456836295757,0.2742815851059658,1
209,0,1,0,1,0,2,0,1,2,1,0,0,0,1,1,0,0,1,0,1,-0.8821657892397455,0.16001504184944376,0
210,0,0,2,0,2,1,0,0,2,0,0,1,1,1,1,2,1,0,1,0,-1.161403854109139,0.9714643776444638,0
211,0,2,1,1,0,1,0,0,2,0,0,0,0,0,1,2,0,0,0,0,1.1669365306100852,0.5249770573695874,0
212,0,0,1,0,0,0,0,0,1,1,1,0,1,0,0,1,0,0,1,0,0.8695816775765036,0.9934713821220856,0
213,0,1,1,0,0,0,0,0,0,1,0,1,0,0,0,0,1,1,2,0,-1.1568344628095875,-0.590512741666481,1
214,1,0,0,1,0,0,0,1,2,0,0,0,0,0,0,1,0,0,1,0,0.5185605905414584,0.13212832554700216,0
215,0,2,1,0,0,1,1,0,2,0,0,1,1,0,0,2,1,0,1,1,1.119555159395956,-0.035266748334167264,0
216,0,0,1,1,0,1,0,0,1,1,0,1,0,0,0,0,1,1,0,1,-0.30912146368417964,-0.8316475111381703,0
217,1,1,0,0,0,1,0,0,1,1,1,1,1,1,0,0,1,0,1,1,-0.28009108047987735,-0.42486477188207195,1
218,1,1,1,1,0,1,1,0,1,0,0,0,1,0,0,0,1,0,1,1,1.1718571115426468,-0.21347113086455294,0
219,0,0,1,0,0,1,0,1,0,1,0,0,1,0,0,1,1,0,1,0,-1.6169411887318264,-1.2124717326757952,0
220,0,0,1,0,0,1,0,0,1,1,2,0,1,0,0,0,1,0,0,1,-1.4748624705727602,0.4709689525943255,0
221,0,1,1,0,0,0,2,0,2,0,0,0,1,0,0,1,1,0,0,2,-0.3583348559021772,-2.074887473005804,0
222,0,0,1,0,0,1,0,0,2,2,0,0,2,0,0,1,1,1,1,1,-1.5316861399708552,0.2850997767256722,0
223,0,0,1,0,0,1,0,0,0,1,0,0,0,0,0,0,1,1,0,0,1.310803603383819,1.1958040394749128,0
224,0,1,0,0,0,1,0,0,0,1,0,0,2,0,0,2,1,0,0,0,1.6256780673662847,0.8757374685405344,0
225,0,2,0,0,0,2,0,0,1,1,0,1,0,1,0,1,0,0,2,0,0.8358871783497297,-0.43618014654511117,0
226,0,0,2,0,1,2,0,0,2,1,1,1,1,0,0,0,0,0,1,1,-0.06779415486761471,-0.2590897640411963,0
227,0,1,1,0,1,1,0,0,0,1,0,1,1,0,1,0,0,0,0,0,-0.6778947365898621,-1.1633793220778201,0
228,1,0,1,0,0,0,0,0,1,1,1,0,1,0,0,1,1,0,1,0,0.24629585594867529,-0.47816387495805845,0
229,0,0,0,0,1,0,0,1,2,2,0,1,0,0,0,2,0,0,2,1,-1.6316823722573424,-0.6118144507586001,0
230,0,0,0,0,1,1,0,0,1,1,2,0,0,0,0,1,1,0,0,0,0.8255754294068757,1.1045140289405277,0
231,0,0,2,0,1,0,0,1,1,0,0,0,1,1,0,1,1,0,2,0,-2.042204143761161,-1.9840153914455345,0
232,0,1,0,0,0,1,0,0,1,0,0,1,1,0,0,0,0,0,1,0,0.9871998416567628,0.6797006179078413,0
233,0,1,2,0,0,2,1,0,1,1,0,1,1,1,0,1,0,2,1,2,-0.1532301037178371,0.4590993135804419,0
234,0,0,1,0,0,1,1,0,1,0,0,0,0,1,2,2,0,0,1,1,0.46997194963099803,0.15328245217351677,0
235,0,0,1,0,0,0,0,1,1,0,0,1,1,0,0,1,1,2,1,1,-0.8275587317213381,-1.073819447878202,0
236,0,0,1,0,0,0,1,0,1,1,1,1,0,0,0,1,1,0,1,1,2.085781764208761,0.025323713068970743,1
237,0,2,1,0,1,1,1,0,1,0,0,0,1,0,0,1,0,0,2,0,0.41638273260333,-0.583898672481455,1
238,0,0,2,0,0,0,0,0,2,1,0,2,1,0,0,0,1,0,0,0,-0.6706704745322105,0.8053195024733383,0
239,0,0,0,0,1,0,0,1,0,1,0,0,1,1,0,1,0,1,0,1,-1.8524036323411763,-1.0695191215837685,0
240,1,0,1,0,1,2,0,0,1,1,0,2,1,0,0,1,1,0,1,2,2.9660372333422855,2.273989731235573,1
241,2,0,0,0,0,0,0,0,0,1,0,2,1,0,0,0,1,2,2,2,1.3424492689815857,0.25087536569904034,1
242,0,0,0,0,0,0,0,1,1,1,0,0,1,1,0,0,0,0,1,1,-0.6913949069586984,0.2955665951079572,0
243,0,2,1,0,0,1,0,0,1,0,0,0,0,0,0,1,0,1,0,1,0.9316462964700812,-0.5343894868111034,0
244,1,0,1,0,0,0,0,0,1,0,0,1,2,0,0,0,1,1,1,2,0.6199247764221645,1.3831970575823038,0
245,0,1,0,0,0,0,0,0,2,0,0,1,1,2,0,0,0,1,0,1,-1.707742912347774,-0.6787194961078016,0
246,1,1,2,0,1,0,0,0,2,0,1,0,1,1,1,1,0,0,1,1,0.5003957296750992,0.17197549897807246,0
247,0,0,0,0,0,1,1,0,1,1,1,0,0,1,1,1,1,1,2,0,-0.5770306018669175,-0.5479030488690487,1
248,0,0,0,0,0,1,0,0,0,0,1,2,0,0,0,1,1,0,2,0,1.191958309910915,2.2720547215018847,1
249,0,0,0,0,0,1,0,0,1,1,0,0,1,0,1,2,1,0,1,1,-0.45502269119567174,-1.0408580957563898,1
250,0,2,0,0,0,2,0,0,0,1,0,1,1,0,0,1,0,0,1,0,2.062255769153951,1.6529292112110459,0
251,0,0,1,0,0,1,0,0,0,0,1,0,1,1,1,1,2,1,2,0,2.672128551075031,0.08793240236810007,0
252,0,0,0,0,0,1,0,0,1,2,2,1,1,1,1,1,0,1,1,2,-0.40552662762555175,0.29503485042031413,0
253,0,2,0,0,0,1,1,2,0,1,0,0,0,2,0,1,1,1,0,0,1.575626017337649,0.48242727050123707,0
254,0,0,1,0,0,1,0,1,1,1,1,1,2,0,0,0,1,1,2,1,1.7736323128753015,-0.3015191758329042,0
255,1,0,0,0,1,0,0,0,0,0,1,2,1,0,1,1,0,1,1,1,0.6578612951425464,-0.7125405066801502,1
256,0,0,0,0,0,1,1,1,0,1,0,0,0,0,0,0,2,0,1,0,0.5054262844919732,0.5285227451681639,0
257,0,0,1,0,0,2,0,0,0,0,1,2,1,0,0,0,0,1,2,0,-0.9550759183639594,1.019587168393048,0
258,0,1,0,0,0,0,0,0,0,0,1,1,2,2,0,1,2,0,2,2,0.16792291126530304,-0.45617539830188425,0
259,0,0,1,0,0,0,0,0,0,2,0,0,0,0,0,1,1,0,1,0,-1.3411286920963108,-1.6069942472914194,0
260,0,1,1,0,1,1,0,0,1,1,2,0,0,0,0,2,0,0,1,2,-1.120977333634658,0.15331474790482358,0
261,1,1,0,0,0,1,0,0,0,1,0,2,0,0,1,1,0,2,1,1,0.40960831544726667,-0.2697022191222298,0
262,0,0,1,0,1,1,0,0,0,1,2,0,1,0,1,0,1,1,0,1,-0.06970600409950213,-0.7208526788904182,0
263,0,0,0,0,0,0,0,1,1,2,1,0,2,0,0,0,1,1,1,0,0.9226663286077057,1.5618982514806201,0
264,0,1,2,1,0,2,0,0,1,0,0,0,0,0,0,1,1,0,1,0,0.6127029518432963,-0.1561468643390292,0
265,0,0,1,2,0,2,0,1,2,0,0,0,1,0,1,1,0,0,1,0,1.509450554747094,0.5433933130079867,0
266,0,0,0,0,0,1,0,1,0,0,0,0,0,0,0,0,0,0,1,1,-1.7076980031533315,-0.20052782062396918,0
267,0,0,1,1,0,1,0,0,0,1,1,1,1,0,0,0,1,0,0,0,0.10494165725992934,0.2398196386156261,0
268,0,0,0,0,2,1,0,0,0,0,0,1,0,1,0,2,1,0,0,0,-0.272095264972875,-1.218001201759682,0
269,0,1,1,1,1,1,1,0,0,0,0,0,0,1,0,1,0,0,1,1,-0.9135925672262312,-0.0551533686042948,0
270,0,0,1,0,0,0,0,1,1,1,0,1,1,0,0,1,1,2,0,1,-0.27670168571129733,-0.3005745963818771,1
271,0,1,1,0,0,2,1,1,1,0,0,1,1,0,0,0,1,1,1,0,1.4105753573096067,-0.9537494177330366,0
272,0,0,1,0,0,0,0,0,0,1,1,0,1,1,0,1,0,0,0,1,-0.010458335855407591,-0.17937244297890892,0
273,0,1,0,0,0,2,0,0,1,0,1,1,1,0,0,0,1,0,2,0,-0.5826585257879562,-1.4093179881830575,0
274,0,0,1,1,0,1,0,0,0,2,0,1,1,0,0,1,2,0,2,1,-0.373360947327641,-0.08387463516150295,0
275,0,1,2,0,1,0,0,0,1,1,1,1,0,0,0,1,0,1,1,0,-0.5899713232920898,-0.626877105842278,1
276,0,0,1,0,0,0,0,0,0,0,0,1,2,0,0,1,0,0,1,1,1.02304492173597,0.4759957751041106,0
277,0,1,2,0,1,2,1,0,2,1,0,0,0,0,0,1,0,1,0,0,-0.6271130638303876,-0.029258376730148167,0
278,0,1,1,1,0,1,1,0,1,1,0,0,2,0,1,0,0,0,0,1,-0.3749068773344067,1.7908156593822526,1
279,0,1,0,0,0,1,0,0,1,1,0,0,1,0,0,1,1,0,1,0,1.226713547529422,0.13852618705603337,0
280,0,2,0,0,0,1,1,0,0,1,0,0,0,1,0,2,1,0,1,0,1.8856204355351067,1.4387704014856162,0
281,0,1,1,1,0,0,1,0,1,0,1,1,0,0,0,1,0,0,1,0,1.362737442919532,-0.03542478178873426,1
282,0,0,0,0,0,2,1,1,0,0,0,1,1,0,0,1,1,0,1,0,0.09953249227653782,0.676427599727204,0
283,0,1,0,0,0,2,0,1,1,0,0,0,0,0,0,2,0,0,1,1,-0.5173805156245709,-0.5243750569136119,0
284,0,0,0,0,0,1,0,1,1,0,0,0,1,0,0,0,1,1,0,1,0.600452620336855,-1.5137886940256224,0
285,0,1,0,0,0,0,1,0,1,1,0,0,0,0,1,1,0,1,1,2,-0.9285907122705364,-0.012285948318465793,1
286,0,0,0,0,0,1,0,0,0,1,0,1,1,0,0,1,1,1,1,0,0.8486439123165008,2.028563800785316,0
287,0,1,2,0,0,0,1,0,0,0,1,0,1,0,0,1,0,1,0,0,-0.020977052874332817,-0.8637544452601547,0
288,0,0,0,0,0,0,0,0,0,1,0,0,1,0,0,1,0,1,1,0,0.09620074572359918,0.10418968993847,0
289,0,0,0,0,0,1,1,0,1,0,1,1,1,0,1,1,2,0,1,0,0.40345126920944785,1.8128012726300833,1
290,0,0,0,0,1,2,0,0,2,1,1,0,0,0,0,2,1,0,0,1,-2.3595279599714982,-0.8374427931906898,0
291,0,1,1,0,0,2,0,1,1,1,2,0,0,1,1,0,1,1,2,2,-0.15213497558736594,-0.16721544603339078,0
292,0,0,0,0,1,1,0,0,2,1,1,2,1,1,0,1,0,0,1,1,1.0141235108706752,-0.9560530776557548,0
293,1,1,0,0,0,0,1,0,1,0,0,1,2,0,0,0,1,0,1,0,-0.35712149074054844,0.5704275316728759,0
294,0,1,0,1,0,2,0,1,1,2,1,0,0,0,1,2,0,0,1,0,-0.09018447947329958,0.4131550261930365,0
295,0,1,1,1,0,2,1,1,1,0,0,1,1,0,0,0,0,0,1,0,-2.6625901370369958,-0.887996846057528,0
296,0,1,0,0,0,2,0,1,2,1,0,0,1,0,0,0,1,1,1,1,-0.8397536740846966,-0.40676368068196805,0
297,0,0,0,0,0,1,0,0,2,2,1,1,0,0,1,2,0,1,0,2,1.7245254879406655,-0.36441909700652,1
298,0,1,2,0,0,1,0,1,1,0,1,1,1,0,1,0,0,2,1,0,-0.3189549738453933,-1.6658809579287481,0
299,0,1,0,0,0,2,0,0,1,0,1,1,0,1,1,2,1,0,1,0,-1.232696823578018,-1.2700023055682683,1
300,0,1,1,0,0,1,0,0,1,1,0,1,0,0,0,1,1,0,0,0,0.3530754676681565,-0.21132350682310574,0
301,0,1,0,0,0,0,0,0,0,2,1,2,0,0,0,1,0,0,1,0,0.42209573840728415,-1.099605020780034,0
302,0,2,1,0,0,1,0,0,0,0,1,0,2,0,0,0,0,1,1,0,-0.27951825164923627,0.10766023249588186,0
303,0,1,0,0,0,0,0,0,1,0,0,0,0,0,0,1,1,1,0,0,-1.9705995507880756,-1.6734154702356916,0
304,0,0,0,0,0,1,0,0,1,0,0,1,1,1,1,2,2,1,2,0,-0.9799020582328868,0.672907487507177,0
305,0,0,0,0,0,1,0,0,1,0,1,1,2,1,0,0,1,0,1,1,0.8068217998764263,-0.12972519856770698,0
306,0,0,0,0,1,2,0,1,0,1,0,1,0,0,0,1,1,2,0,1,-1.5430362339572445,0.4618077689452004,0
307,1,0,1,0,0,1,1,0,2,2,0,1,0,0,0,2,0,2,1,2,0.49096202945799233,0.35392112132466635,1
308,0,1,0,1,1,0,1,0,1,0,0,1,1,0,1,1,0,1,0,1,0.678302541076045,1.3635268993422867,1
309,0,0,0,0,0,1,0,0,1,2,1,0,1,0,0,0,0,1,1,1,-0.9983706790744831,-0.9602924655956135,0
310,0,0,0,1,0,2,0,0,1,1,0,0,0,0,0,1,1,0,1,2,-0.09876136257660809,-0.4795267067259156,0
311,0,1,0,0,0,0,0,0,0,0,1,1,0,1,0,1,0,1,1,1,-0.09743523449814377,-0.06787238959803377,0
312,0,0,0,1,0,1,0,0,0,0,0,1,1,0,0,1,1,0,1,0,0.02265882543856346,0.6872960216477979,0
313,1,0,0,0,0,2,0,0,2,0,0,0,0,0,0,0,0,1,0,1,0.24056021125316218,-1.6978371494734583,0
314,0,0,1,0,1,2,0,0,0,2,0,2,1,0,0,0,2,1,1,0,0.8698933027954798,-0.3839449476694712,0
315,0,1,0,1,0,0,0,0,2,2,1,0,1,0,0,0,1,1,1,0,0.9087180731377451,-1.3669929396319602,0
316,1,2,0,1,0,1,0,0,1,1,0,0,1,0,0,1,1,0,1,1,0.40962148356468364,-0.2873206324572172,0
317,0,0,1,0,0,0,1,0,1,0,0,0,0,0,0,1,0,0,1,1,-0.2103420573840439,0.8269441622499865,0
318,1,1,1,0,1,2,0,1,0,2,0,1,0,1,0,1,0,0,0,0,0.6676779561673166,0.7103219691377459,0
319,2,0,1,0,1,1,1,0,1,1,1,1,1,0,0,0,1,0,0,2,0.7593630395968095,-0.7097157216680958,1
320,0,0,1,0,0,2,0,1,1,1,0,0,1,0,2,1,1,0,0,0,-0.3299793897888544,0.22876602109301408,0
321,1,0,1,0,0,1,0,0,0,1,0,1,1,0,0,0,2,1,0,0,0.9043795453449078,0.36154384770996173,1
322,0,1,1,0,0,2,0,1,1,1,0,0,0,1,0,1,0,0,0,0,-0.7807430314399607,-0.6686004897055473,0
323,0,0,1,1,2,1,1,0,1,1,1,0,1,1,1,1,1,0,0,0,-0.8858384221399898,0.48053269550285393,0
324,0,0,1,0,0,2,0,1,1,0,0,1,0,0,0,0,0,1,0,1,1.5052023353072927,-0.322947192966728,0
325,0,1,1,0,1,0,0,0,0,1,0,1,1,0,0,2,0,0,0,2,1.3236483253074411,1.3835935238431882,0
326,0,0,0,0,0,1,0,0,1,1,1,0,2,0,0,0,0,2,1,0,0.6743442555881654,-0.21371835526230082,0
327,0,1,1,0,0,0,0,0,1,1,1,1,1,1,0,1,1,2,1,0,1.3205678685891922,-0.5190094594722313,0
328,0,0,1,0,0,0,0,0,2,0,1,2,1,1,1,1,0,0,0,0,0.6395085033785928,-1.3296372153921605,0
329,1,1,1,0,0,1,0,0,1,1,1,0,1,0,0,1,0,0,1,1,2.437775486332725,0.6657809857627568,0
330,0,1,1,0,0,1,1,1,2,1,1,0,0,1,0,0,2,0,0,0,-1.7265182622035875,-1.8452892702081325,0
331,0,0,0,0,0,0,0,0,1,0,0,2,1,0,0,2,1,1,0,1,0.2740426619081113,0.5417334751108591,0
332,0,2,0,0,0,1,0,0,2,0,0,0,1,0,0,1,1,0,0,1,0.40372165050217107,-0.5570233111994737,0
333,2,0,1,0,0,1,0,0,1,0,1,0,0,1,0,1,0,0,1,0,0.1460787804030935,-1.448486509557054,0
334,0,0,2,0,0,1,0,0,1,0,0,1,0,0,0,1,0,0,0,0,0.7886230162193908,0.05942822925009644,1
335,0,0,1,0,1,2,1,0,0,2,0,0,0,0,1,0,0,0,2,1,0.5762077954934385,2.3473454761011436,1
336,0,0,0,0,0,0,0,0,1,0,1,0,0,0,0,1,0,0,1,1,-0.5236309391733216,-0.42609278249586446,0
337,0,1,0,0,0,1,0,0,2,1,0,1,1,0,0,0,1,1,2,1,-0.5452794113775525,0.5666884613586872,0
338,0,0,2,0,0,1,0,1,2,0,1,0,1,0,0,0,0,0,2,1,1.0269157222600669,0.25027580209429107,1
339,0,1,1,0,0,0,0,0,0,0,0,0,1,0,2,1,0,0,0,1,0.9056869164496586,0.2956425157353941,0
340,0,1,1,0,0,2,0,0,0,2,0,1,0,0,0,0,0,1,1,0,-1.1654055484939705,-0.3557599766339125,0
341,0,1,1,0,1,2,0,0,2,0,0,0,1,0,0,1,0,0,2,0,0.1676268075799933,0.034899598529246706,1
342,0,0,0,0,1,1,0,0,2,1,1,0,1,0,0,1,1,0,0,1,0.9884731858290016,0.09412374280708871,1
343,0,0,2,0,1,2,0,0,1,0,1,0,1,0,0,1,1,0,1,1,0.04557683326694459,-0.980981984936641,0
344,0,1,0,1,0,0,0,1,2,0,0,1,0,0,0,0,1,1,1,0,-0.5002473720571057,-0.8838042775645707,0
345,1,1,0,0,0,2,0,0,0,1,0,1,0,0,0,0,0,0,1,1,-1.4510580398456303,1.110270723763005,1
346,1,0,1,0,0,1,0,1,2,0,0,0,1,0,0,1,1,1,0,0,1.9139615923002289,0.5040045354646179,0
347,0,1,0,0,0,2,1,0,1,1,0,0,1,0,0,1,1,0,1,1,0.10883768433264196,0.5943770735005203,0
348,1,0,1,0,0,1,0,1,1,2,0,0,0,1,0,1,1,1,1,0,0.45551316994676555,-0.7214992598074197,0
349,0,1,0,0,0,1,0,0,1,0,0,1,2,0,0,1,0,1,0,0,0.43918002225719444,-1.9751513936130982,0
350,1,1,0,0,1,0,1,0,1,0,0,0,0,0,0,1,1,0,1,0,0.11783640730794008,1.7130920821177962,0
351,0,0,0,0,0,0,0,0,2,1,1,0,1,0,2,1,0,0,1,1,1.0944101744208723,1.0315899115175668,0
352,0,0,0,0,0,1,0,0,1,1,0,1,2,0,0,0,1,1,0,1,-0.6486369619369367,0.2673537195848048,1
353,0,1,0,0,2,0,0,1,2,1,0,0,0,0,0,1,1,0,0,0,-0.18634095484002663,0.7032099958018004,1
354,0,0,0,0,0,0,0,0,0,1,1,0,0,1,0,0,2,0,1,0,1.515134425915065,-0.15622867561448894,0
355,0,0,1,0,0,1,0,0,1,0,0,1,1,0,0,1,0,2,0,0,-2.1708444675642857,-0.29244537441683993,0
356,0,0,2,0,1,1,0,0,0,1,0,1,0,1,0,1,0,1,0,0,-0.47427943563331915,0.03374955433183806,0
357,0,1,1,0,1,0,1,0,2,0,0,0,0,1,0,2,1,0,0,0,0.3890060541131534,0.5510157053199882,1
358,0,1,1,0,0,0,1,1,1,0,0,1,1,1,0,1,1,1,0,0,-0.15345093248349798,-0.0686826351551697,1
359,0,1,1,0,1,1,0,1,1,1,1,0,0,0,1,1,2,1,1,0,1.8200619214977587,-0.797513560167445,0
360,0,1,1,1,0,1,0,0,0,1,0,1,0,0,1,1,1,1,0,0,-0.8747352847852888,0.26832071122850326,0
361,1,0,2,1,0,1,0,0,2,0,0,2,1,0,1,1,0,0,1,0,0.5002874253715609,0.8770457871269028,1
362,0,0,1,0,0,1,0,0,2,1,0,0,1,0,0,0,0,1,0,0,0.7092972209839586,2.372760952982702,1
363,0,1,1,0,0,0,0,0,0,0,1,0,1,0,1,1,1,1,1,0,1.0971156219482463,-0.13984141331256353,0
364,1,0,0,0,0,1,0,0,1,1,0,1,2,1,2,1,0,0,0,1,1.0352905429616774,1.3508782465581575,1
365,0,1,2,0,0,0,1,1,1,1,0,2,0,1,0,2,0,0,1,1,-0.7246205105827853,-0.3276371138007948,0
366,0,0,0,0,0,1,1,0,1,0,0,1,1,0,0,2,2,0,1,0,0.2524243427821172,1.077650418652971,1
367,0,0,1,0,1,0,0,1,1,1,1,0,0,0,0,1,1,1,1,1,0.2781189359451542,0.8238416067864247,0
368,0,0,1,0,0,0,0,0,0,1,1,1,0,0,0,2,0,0,2,1,0.5490116967762185,0.6587043867663963,0
369,0,1,0,0,0,1,0,0,1,0,0,0,0,0,0,2,2,0,1,0,0.2081564344862718,-1.1931127787769682,0
370,0,0,2,1,1,2,1,0,0,0,0,0,0,0,1,1,1,0,2,1,-0.43530609932814945,0.8141124775631279,1
371,1,0,0,0,0,1,0,1,0,1,0,1,1,0,0,0,1,1,0,0,1.529691113787415,-0.04198835009390922,0
372,0,0,1,0,1,0,0,1,1,1,0,1,1,0,0,0,0,0,0,0,0.8181139270415222,1.0677569309054193,0
373,0,1,2,0,0,1,0,1,2,0,0,1,2,0,0,0,1,0,2,2,-0.1123330683988673,0.40038195487807055,0
374,0,0,1,0,0,1,0,0,2,1,1,1,0,0,0,1,0,1,0,1,-0.37963077671919626,0.15390613803261077,0
375,0,0,1,0,0,0,0,0,0,1,1,1,1,1,0,0,0,1,1,0,-0.04079333540103316,-0.06289885247352117,0
376,0,0,0,0,1,2,0,0,0,0,0,1,1,0,0,0,0,1,1,0,0.21130784241748002,-0.02540703278358089,0
377,1,0,2,0,1,1,0,0,1,2,0,1,1,0,0,1,1,0,1,0,2.031789525219294,1.432834188307266,0
378,0,1,2,1,0,2,1,0,1,1,0,1,0,0,0,1,0,1,2,1,0.022026534152929517,-0.726034118314531,0
379,0,0,0,0,0,1,0,0,2,1,0,0,2,0,0,1,1,2,1,0,-1.143576454220001,0.2243110458876887,1
380,0,0,0,0,0,1,0,0,2,1,0,0,1,1,0,1,1,0,0,0,0.46409830169694405,1.7590614632986603,0
381,0,1,0,0,0,2,0,1,2,1,0,1,1,1,0,0,0,1,1,0,0.8560078878191816,0.5516806880482086,1
382,0,1,0,0,0,2,0,0,0,0,2,0,0,0,0,2,0,1,2,0,-0.8892443366017959,-0.050021646901738215,0
383,0,0,0,0,1,2,0,1,0,0,1,0,1,0,1,1,0,1,1,1,-0.5360460437435566,-0.7932347760126693,0
384,0,0,0,0,0,2,1,0,2,1,1,0,0,0,1,0,2,0,1,2,1.8717093845918717,1.2884974519993695,0
385,0,2,1,0,1,2,0,1,0,1,1,1,1,0,0,1,0,1,1,1,-1.4763149370119206,1.4429456618447105,1
386,0,0,1,0,0,2,0,0,0,1,1,0,1,1,1,1,1,0,0,0,0.5598941447552643,-0.1926425393904717,0
387,0,0,2,2,1,1,0,0,1,0,1,0,1,0,0,1,1,1,1,2,0.22635965660157967,1.2222729224868583,0
388,0,0,0,0,1,0,1,0,0,0,0,1,0,1,0,1,1,1,1,0,0.4748059803391937,-1.3043444665810482,1
389,0,0,1,1,0,0,0,0,1,2,2,1,1,0,0,1,1,0,1,1,0.6410040184818065,1.2089501818040027,1
390,0,2,1,0,1,1,1,0,1,0,0,1,0,0,0,0,0,0,0,0,-0.7001707144216368,-2.0969821447375354,0
391,0,0,0,0,0,0,0,0,1,0,0,2,1,0,0,0,0,0,1,0,-0.6564817032566392,-1.7141329889612824,1
392,1,0,0,0,0,1,0,0,2,1,0,0,2,1,0,2,1,1,1,0,0.6078252940829737,-0.3195891557146113,0
393,1,0,2,0,0,1,0,1,1,1,1,0,0,0,0,2,1,1,0,1,-1.3813819527923767,-0.770084139073727,1
394,0,0,0,0,0,1,0,1,1,0,0,1,0,0,0,0,2,0,1,0,0.2432584103885904,0.07907022081772114,0
395,0,1,0,0,1,1,0,1,1,1,0,0,1,0,0,0,1,0,1,1,2.268984073950022,1.3652743963280636,0
396,1,0,1,0,0,0,0,0,1,1,0,0,1,1,0,2,1,1,0,0,1.382941544581656,0.375915531934309,1
397,2,1,0,0,0,1,0,1,1,1,0,0,0,0,0,0,1,0,2,0,1.0433813963042495,-0.20855516986071754,0
398,0,1,0,0,0,1,0,0,0,0,0,0,1,1,0,0,0,1,1,0,0.06157488336567014,-0.0673787693376371,0
399,0,1,2,0,0,1,0,0,0,0,1,0,1,0,0,1,0,0,1,0,0.31445623898710356,0.3710597886726601,1
400,0,1,1,0,0,1,0,0,2,0,1,1,1,1,1,1,0,1,0,1,-0.04124100253303233,0.056034087104460506,1
401,1,0,1,0,0,2,0,1,0,0,0,0,1,1,1,0,0,0,2,0,0.26135132835802977,-0.987944600809054,0
402,0,0,0,0,0,1,0,1,2,0,0,0,0,1,0,0,1,0,2,0,-0.8862866861236197,0.4806260830434095,0
403,0,0,0,1,0,2,1,0,1,1,0,1,0,0,0,0,0,0,1,0,-3.1049524320049575,-0.8561460965815991,0
404,0,1,1,0,0,1,0,0,2,1,0,0,0,0,1,1,0,1,1,0,0.805340852685387,0.1989953459346808,1
405,0,1,2,0,1,2,0,0,1,1,1,1,1,0,0,2,0,1,1,1,0.7320684506496871,0.6458870433752014,0
406,0,0,1,0,0,1,1,1,2,0,0,0,2,0,0,1,1,1,0,1,0.6614344216256044,-0.05352826436798516,1
407,0,0,1,0,0,1,0,0,2,1,0,0,1,0,0,1,1,0,0,0,1.1525889055184968,1.7545925080113278,0
408,0,0,0,1,1,2,0,0,1,2,0,0,0,0,0,0,1,1,1,1,1.0806057376891791,1.8043430100033828,1
409,0,0,2,0,0,2,1,0,0,0,1,0,1,0,0,1,1,0,0,0,-0.43455292496919434,-0.5830517657937637,0
410,0,0,0,1,0,2,0,0,2,2,1,0,0,1,0,1,1,1,0,0,-1.173817028482836,-1.2762260579979885,0
411,1,2,0,0,0,0,0,0,1,0,0,1,2,0,0,1,0,1,1,1,0.6026718294766212,0.2775442528426881,0
412,0,1,1,0,0,1,0,1,1,1,1,1,1,1,0,0,0,0,1,0,2.6599984116512605,0.13921217032985955,0
413,0,1,0,0,1,2,0,0,2,0,0,0,2,0,0,1,1,0,1,0,0.5091789783388879,0.7549471086718474,1
414,0,0,2,0,0,0,0,0,0,0,0,1,2,0,1,1,1,0,1,2,-0.38080529651061124,-0.7755748601265752,0
415,0,1,1,0,0,1,0,0,1,2,0,2,0,0,1,1,1,1,1,1,1.4029275206983634,0.9525142785562533,0
416,0,0,1,1,0,0,1,0,2,1,0,1,0,1,0,1,0,1,2,0,0.8634352016698329,0.6282751211139964,1
417,1,0,2,0,0,1,0,0,2,1,0,1,1,0,0,0,1,1,0,1,-1.2201614925527342,-2.0220172872776305,1
418,0,0,1,0,0,1,0,0,2,0,0,1,0,1,0,0,1,1,1,0,-1.2428738847463932,1.0420723266558714,0
419,0,0,0,0,0,0,0,0,0,1,0,0,1,0,0,1,1,0,1,0,0.9896018700381466,0.6661677447162734,1
420,0,0,1,1,0,0,0,1,1,1,0,1,1,0,1,0,1,0,1,1,1.564171167019438,2.107949178433674,0
421,0,0,1,0,0,2,0,0,2,1,0,0,2,1,1,1,0,1,0,0,-0.6396660712251319,-0.19382467566934083,1
422,0,0,0,1,0,2,0,0,0,2,0,1,1,1,0,1,0,1,0,0,-0.7739118543355566,1.1789876420679086,0
423,0,0,2,0,0,1,0,0,1,0,0,0,0,0,0,1,2,0,2,0,-1.1153797008696944,-0.4205934912346969,0
424,0,0,1,0,0,2,0,1,0,1,0,0,2,0,0,0,1,0,1,1,-1.0480589940675147,0.2703222194267052,0
425,1,0,1,0,0,1,1,1,1,1,0,1,1,0,0,2,1,1,1,0,-0.6271338410462302,1.0359482303513403,0
426,0,1,1,1,0,1,0,1,0,0,1,0,1,1,0,2,1,1,0,0,-0.8985842565111662,0.2763140398197923,0
427,1,0,1,0,0,1,0,0,1,0,0,1,1,0,0,0,2,1,0,0,1.2383726520558942,0.2629132602356836,0
428,0,1,1,0,1,2,0,0,1,0,1,0,0,0,1,2,1,2,1,0,1.1903028550083294,0.014815931682430117,1
429,0,1,0,0,0,2,1,0,0,0,1,0,1,0,0,1,1,1,1,1,0.8726097425622193,-0.13750161315852746,1
430,1,1,0,0,0,1,0,0,0,2,0,1,0,0,0,1,1,1,1,0,1.6905929060189375,-0.06923562733150679,0
431,0,2,0,0,0,0,0,0,2,1,0,2,0,0,1,0,1,0,0,0,0.5136857041308073,-0.7598996973631673,1
432,0,0,0,0,0,0,0,0,2,2,0,0,2,0,1,0,1,0,1,2,1.0672661953956202,0.3301466244830851,1
433,0,1,2,0,0,0,0,0,1,1,0,1,2,0,1,1,0,0,1,0,-0.33922261495163875,1.3497069478497994,1
434,1,2,0,0,0,1,1,0,2,0,1,1,1,0,0,2,1,0,0,0,-0.08892589020279545,0.9494013079540992,0
435,0,1,0,0,0,1,0,0,1,0,0,1,1,1,0,2,2,2,1,1,-0.16275322666600095,0.43600629724490947,0
436,0,0,0,0,0,1,0,0,1,0,0,1,1,0,0,0,2,2,1,0,1.841119775375447,0.7120234656683242,1
437,0,0,1,0,0,0,0,0,1,1,0,0,1,0,0,1,1,0,0,0,-2.6458178473542673,-0.9690981641806815,0
438,0,0,2,1,0,2,1,0,0,1,0,0,1,0,0,0,1,1,1,0,-0.1067403542681439,-0.08627610139111314,0
439,0,1,0,0,1,0,0,0,1,1,1,0,1,0,1,1,2,0,0,0,-0.9241365022280552,-0.5796065323327482,0
440,0,1,1,1,0,0,0,1,1,1,0,0,1,0,0,1,0,0,2,0,-1.0357594583273508,0.2808096606211007,0
441,0,2,0,0,2,1,1,0,1,0,0,1,1,0,0,2,0,0,2,0,0.4367077733784887,-0.7026934200899856,0
442,0,1,1,0,0,1,0,0,1,0,1,1,0,0,0,0,1,0,0,0,-0.35493154770781105,-0.5997665659174192,0
443,0,0,2,1,0,1,0,0,2,1,1,1,0,0,0,1,1,1,1,0,-0.4553317779101869,0.8627343907054571,0
444,0,0,0,0,0,1,0,1,1,0,0,0,0,0,0,0,0,0,1,1,0.7004652278879698,-0.001177377815580749,0
445,0,0,0,0,1,1,0,0,1,1,0,1,2,0,1,1,0,0,2,0,-0.27665304803083157,0.42513330840891006,1
446,0,1,1,0,1,0,0,2,2,0,0,0,0,0,0,0,0,0,1,0,-0.6182312478516775,-0.18097214559414615,0
447,0,1,2,0,0,0,0,1,2,2,2,0,1,2,0,0,0,0,1,1,0.6385557927729311,-0.5611126698209006,1
448,0,1,0,0,0,1,0,0,1,0,0,0,1,1,1,1,2,0,1,1,0.2611112808769809,-0.2245212353399345,1
449,0,0,1,0,0,1,0,0,1,1,1,0,0,0,0,2,1,1,0,0,1.2127147404715264,1.7313521874892797,1
450,0,1,0,0,0,1,0,0,1,1,0,0,2,0,0,0,1,0,0,1,1.3386987135141666,-0.8010804739588961,0
451,0,0,2,0,0,1,0,1,0,2,0,0,0,0,0,1,0,0,1,0,-0.4341869209928202,0.04025701350482902,0
452,1,1,0,0,0,1,0,0,1,0,0,0,0,0,1,1,1,0,1,0,1.3248102330278935,1.5845113635016805,0
453,1,1,0,0,0,0,0,1,2,0,1,2,2,0,0,1,0,0,1,0,-0.011655685064165354,-0.7880983967096906,0
454,0,1,1,1,0,1,1,0,2,0,1,0,2,1,0,0,0,0,1,0,0.803272829212873,0.4508860154238164,1
455,0,0,1,0,0,0,0,0,2,2,0,0,1,0,2,1,1,0,2,0,-0.1359266304408579,-0.5276592625814006,0
456,0,0,0,0,1,1,0,0,1,1,0,0,0,0,0,2,1,1,0,1,0.43597674498894107,1.7078044312101133,0
457,0,0,1,0,0,2,0,0,1,0,0,0,1,0,0,2,0,0,0,0,1.1712530176929838,1.0216518942195072,0
458,1,1,0,0,1,1,0,0,2,0,1,1,1,0,0,1,1,1,0,0,-1.3473034533759933,-2.478286987889339,1
459,1,0,1,1,0,0,0,1,1,0,0,0,0,0,1,1,1,0,0,0,1.208226657120524,0.5739298002157555,0
460,0,1,0,0,1,1,0,0,2,0,1,0,0,1,1,0,1,1,1,0,0.4359475174822333,-0.14404749007985643,0
461,0,1,1,0,1,1,0,0,1,1,0,0,2,1,0,1,0,0,1,0,-0.1511996716088669,0.7407998478756501,0
462,0,2,1,0,0,1,0,0,1,0,0,0,1,0,0,2,0,1,1,1,-1.1901698512487908,-0.33280673200051514,0
463,0,0,1,0,0,1,0,0,0,0,0,0,1,0,0,0,1,2,0,1,0.26567174767758694,0.1729334891241015,1
464,0,0,0,1,1,1,0,0,1,0,0,0,1,0,1,0,1,0,1,0,-1.353130954525037,-2.8824261021526314,0
465,0,0,2,0,0,0,1,0,0,0,2,0,1,0,0,1,1,0,1,1,0.2683351644580449,-1.9435077195854342,0
466,0,0,1,0,0,1,0,0,1,1,1,2,1,1,1,0,1,1,2,0,1.490412812998819,1.404693748576817,1
467,0,1,0,0,1,1,0,0,1,1,1,1,0,0,1,1,0,0,1,0,-1.6896574600867733,-1.13330390632535,0
468,0,0,0,0,0,1,1,0,2,0,0,0,0,0,1,0,0,0,0,0,-0.15263965253932946,0.9868013442691677,0
469,0,0,0,0,0,0,0,0,2,1,1,0,1,0,0,1,1,1,0,1,0.7276870187952384,0.0929130414631208,0
470,0,0,1,1,0,0,0,0,0,0,0,0,0,0,0,0,1,1,0,1,0.6330261320259944,1.4102267351885671,0
471,0,1,1,0,0,1,0,0,1,0,0,0,0,0,0,1,1,0,1,0,0.9783153538116808,-0.5977950478422982,0
472,0,0,1,0,0,2,0,1,0,1,1,0,0,1,1,0,0,0,1,0,-0.010499318319412481,0.40202669537168734,0
473,1,1,0,0,0,2,0,0,0,0,0,2,1,1,0,0,1,0,1,0,0.03505550947085331,-1.0438055640409445,1
474,0,0,0,0,0,2,0,0,1,1,0,1,1,0,0,1,0,1,0,0,-0.15006188682286126,-0.433660930803207,0
475,1,1,0,0,0,1,0,0,2,0,0,1,0,0,0,1,1,1,0,0,-0.9722320027184358,-0.9170489986159701,0
476,0,1,0,0,0,2,0,1,2,1,0,1,0,0,0,0,2,0,1,1,-0.17898793551744988,-0.8538389981242206,0
477,1,1,0,0,1,1,0,0,1,1,0,1,0,0,0,0,1,2,1,2,1.5484757119118748,1.2936698048532689,0
478,0,2,0,0,0,1,1,1,0,1,1,2,1,0,0,2,0,2,1,0,0.7465066687493276,-0.7333458635145002,1
479,1,1,0,0,0,1,0,1,0,0,0,1,0,0,0,0,0,0,1,1,-2.1465259589873518,-0.7167153081572321,1
480,0,0,0,0,0,2,0,0,0,1,0,0,0,0,0,1,1,2,1,1,0.03098451958543151,0.4587485314653852,0
481,1,1,1,0,1,1,0,0,1,2,0,1,1,0,0,1,0,0,1,1,-0.8709546834037137,-0.6035180823016992,0
482,1,0,1,0,0,2,0,0,1,1,0,1,1,0,0,1,0,0,2,0,0.4905100804094052,1.932684289605281,1
483,0,0,0,0,0,1,0,0,1,0,0,0,0,0,0,1,0,1,1,0,-0.474324480419376,0.4339447210629155,0
484,0,0,0,0,0,2,0,0,2,1,1,0,0,0,0,1,0,0,0,0,-0.09228868523695227,-1.235058875929151,1
485,0,0,1,0,1,1,0,0,1,0,0,0,0,1,0,1,0,2,2,0,1.1318394327819448,1.1601670669438693,0
486,0,0,1,0,0,1,0,0,1,1,1,1,1,1,0,1,2,1,2,2,0.9135105022705724,0.1585251934260941,0
487,0,0,0,0,0,1,1,1,1,2,0,0,2,1,0,1,0,2,0,0,0.20642664098656782,0.8759205030289996,1
488,1,0,0,2,0,1,0,0,0,0,1,1,1,1,0,1,1,0,0,1,0.21655997467205035,1.783900266148787,0
489,0,1,2,0,0,1,0,0,1,1,1,1,0,1,0,0,1,0,2,0,0.7591054047846346,-0.5342620391135051,1
490,1,1,0,0,0,0,0,0,1,0,1,0,0,0,1,1,1,1,1,0,0.23036114767889765,0.32106741581759035,1
491,0,0,1,0,0,1,0,0,1,1,0,0,0,1,1,0,2,1,1,0,0.15336328439146357,0.10539250503208059,1
492,0,1,0,0,0,0,1,0,0,1,1,1,1,0,1,1,0,1,1,1,-0.21491699689826488,-0.7492409674813121,0
493,0,0,1,0,1,0,0,1,2,0,0,1,1,0,0,1,0,1,2,1,-0.036972161640564744,-0.7487674298555639,1
494,0,1,2,0,0,1,0,0,1,0,1,0,1,0,0,1,0,0,2,0,-1.5986845325248575,1.0023644730621424,0
495,0,0,1,0,0,2,0,1,0,0,1,0,1,0,0,0,1,0,2,2,-0.33435276906465106,-0.27231180610261274,0
496,0,0,2,1,0,0,0,0,2,1,2,0,2,0,0,0,1,1,1,0,0.3214731070741928,0.20223824921427924,0
497,0,1,0,1,0,1,0,0,1,0,0,0,1,0,1,0,0,1,0,1,-0.26500809015469523,-0.6157113642655333,1
498,1,0,2,0,0,0,1,1,0,1,0,1,1,0,1,1,1,0,2,1,0.7176571854496927,0.318122052912887,0
499,0,0,1,0,0,1,1,0,0,2,1,1,0,1,0,2,0,1,0,1,1.4256399720337067,1.4735981635817361,1
500,1,1,1,0,1,0,0,0,0,0,0,0,0,1,0,2,1,0,1,1,0.7982594960337959,1.5406690388802051,1
501,0,2,0,0,1,1,0,0,2,1,0,0,0,0,0,1,2,1,1,1,0.39134657331283995,0.040351962561175875,1
502,0,0,0,0,0,1,2,0,0,2,0,0,0,1,0,0,0,1,1,2,-0.8587059615356927,1.105696866725219,0
503,0,0,0,0,1,2,0,1,1,0,0,1,1,1,0,2,2,0,2,1,-0.12889983847691855,0.8990229733706331,0
504,0,1,1,0,0,1,0,0,1,1,0,0,1,0,0,0,0,0,2,1,-0.46060077585805087,0.16679967830477957,0
505,1,0,1,0,0,0,0,1,1,1,0,0,0,0,0,1,0,1,0,2,1.6598796403140599,1.2258758390509998,0
506,0,1,2,0,0,1,0,1,0,0,1,0,1,0,0,0,1,0,1,0,-1.3040740327673443,-1.614309610281032,1
507,0,0,1,0,0,0,0,0,1,1,2,1,1,0,0,0,1,1,1,1,-1.657238505819867,-1.5842364037959742,0
508,0,1,1,0,0,1,0,1,0,0,0,0,2,0,0,1,0,1,2,0,0.10240787892288407,-0.014536309555728745,0
509,0,0,0,0,0,1,0,0,2,0,1,0,2,0,0,0,1,1,0,1,-1.8983136360392014,-0.16974839429114885,1
510,0,1,0,0,2,1,0,1,0,0,0,1,1,1,1,0,0,0,1,0,-0.700242584169765,-0.9686944369262114,0
511,0,1,1,0,1,2,0,0,1,1,0,2,1,1,0,0,0,1,1,2,0.45384713776202634,2.119628295392018,0
512,0,0,2,0,1,0,0,0,2,0,0,1,0,0,0,0,0,1,0,1,0.2246009100052137,-0.5485796234716336,0
513,0,0,2,0,1,0,0,0,2,0,0,1,0,0,0,1,1,0,1,1,-1.1219899954547372,-0.23750970823787368,0
514,0,1,0,0,1,1,0,0,2,2,0,0,0,1,0,1,1,1,1,2,-0.7275874777786778,-0.17278554631496384,0
515,0,0,1,0,0,1,0,2,0,0,1,0,0,0,1,1,2,2,1,1,-0.04670121681187649,-1.0963846854548251,0
516,0,1,2,0,0,0,0,0,0,0,0,0,0,1,1,1,1,0,0,0,-1.3154533069429586,0.2684466747162727,0
517,0,1,0,0,0,1,0,0,0,1,0,2,1,1,0,1,0,1,1,0,-0.8110997371377232,0.020972060167474743,0
518,0,0,1,0,1,1,0,0,0,1,0,0,0,1,0,1,1,1,0,0,-1.387500162220832,-0.23929588997691315,0
519,0,0,1,1,0,0,0,0,1,1,0,1,0,0,0,1,1,1,1,1,0.9841935665104413,0.6452557735859327,0
520,0,1,2,0,0,2,0,1,1,0,1,1,0,0,0,1,1,0,1,1,-1.1153035272161915,0.06540685054957662,0
521,1,2,0,0,0,0,0,0,1,2,1,0,0,0,1,0,1,0,1,0,-0.7192578086554141,-0.7046631421216696,0
522,0,1,0,1,0,0,0,1,1,0,0,1,0,1,1,1,0,0,1,1,1.107284342706375,-1.421277558276,0
523,0,1,2,0,1,1,0,0,0,2,1,0,0,0,1,1,2,0,0,0,1.8234594124424077,-0.019040311867869697,0
524,0,0,1,0,1,1,0,0,1,0,0,1,1,1,0,0,0,1,2,1,-1.2252389801156343,0.8633724591402201,0
525,0,0,0,1,0,1,1,1,2,0,0,1,0,0,0,1,2,1,1,0,1.0844721317472663,0.232548597204901,0
526,0,1,0,0,0,2,1,0,1,1,0,0,1,0,0,1,1,1,0,0,0.8965241653969795,1.340633170704627,0
527,0,1,1,0,0,1,0,1,1,1,1,0,0,1,1,0,1,2,1,0,0.8336823001473459,-1.4922219795695852,0
528,0,2,1,0,1,0,0,0,0,0,0,0,0,1,0,0,2,0,1,0,-0.6974454936138862,-0.29441164306131007,0
529,0,1,1,0,0,1,0,0,2,0,0,1,2,1,0,0,1,0,2,0,-0.5797288827545143,-0.4978642312988087,1
530,1,0,0,0,0,1,1,0,1,0,0,0,0,0,0,0,0,0,1,1,0.949292381004049,-0.34684744661839373,1
531,0,0,0,0,0,1,0,0,1,0,2,0,1,0,0,2,2,1,1,0,-0.07691686110088092,-1.0023132434152258,0
532,0,0,1,0,0,1,0,0,1,1,1,2,1,0,0,0,0,1,2,0,1.6416001339821482,2.0945231061791265,1
533,0,0,0,0,1,1,0,0,2,1,0,0,2,0,1,0,0,0,0,1,-0.40205093486368193,0.9961699155530992,0
534,1,0,0,0,0,1,1,1,2,1,0,2,0,1,0,0,0,0,1,2,0.6559452187936257,0.9443390833540759,0
535,0,0,1,0,0,2,0,0,2,1,0,2,0,1,0,1,0,0,1,1,0.23336345360690772,0.06841969049741808,0
536,0,1,0,0,0,0,1,1,1,0,1,0,0,1,1,0,0,1,0,0,0.7964219437730182,1.088201173836429,0
537,0,1,1,0,0,0,0,0,0,1,1,1,1,0,0,0,2,1,0,1,-0.3022269486329935,-0.7619961621888005,0
538,0,0,1,0,1,1,1,0,1,0,0,1,1,1,0,0,2,0,1,1,-2.0022823884559693,0.6705090870433628,1
539,0,0,0,0,0,1,0,0,0,2,1,0,0,0,0,1,1,1,1,0,-0.2727310696653212,-1.013289448339676,0
540,0,1,2,0,1,1,0,0,1,0,0,0,0,0,1,0,1,1,1,1,-0.4388779528356366,-1.3056094026541256,0
541,0,1,0,0,0,2,0,0,2,2,0,1,1,1,1,1,1,1,1,0,0.830943623501626,0.6434544691926101,0
542,2,2,0,1,0,1,1,0,1,0,1,1,1,0,0,1,1,0,1,0,-0.11518311395054909,-1.2678711668913158,0
543,0,2,0,0,1,0,0,0,2,0,0,0,2,0,1,1,1,0,0,1,-1.9293486282807715,-0.19908330437977662,0
544,0,0,0,0,0,1,0,1,1,1,1,1,0,0,1,1,2,0,0,1,-1.2612183439903233,0.07322200528012024,0
545,1,0,0,0,0,0,0,0,0,1,1,1,1,0,1,2,0,0,1,1,0.45419063751305855,0.2939548419831266,1
546,0,1,2,0,1,2,0,0,2,1,1,1,0,1,0,0,1,0,1,1,-1.502928436479053,-0.8829103150203126,0
547,0,0,0,0,0,1,0,0,0,1,1,1,2,1,1,2,1,2,2,0,-0.1515331041431219,0.36992492381322395,0
548,2,1,1,0,1,2,0,0,1,1,0,1,1,0,0,2,0,0,0,0,-0.13554782471182983,-1.35524397493691,0
549,0,0,0,0,0,1,0,0,0,0,2,0,1,0,0,0,1,0,1,0,0.9223773275801024,-0.3772060741858584,0
550,0,0,1,0,1,2,0,0,1,0,0,0,0,0,0,1,1,0,1,1,-0.4941722002267289,0.3393427357634543,1
551,1,0,1,0,0,1,0,1,2,1,1,0,0,0,0,0,0,0,1,1,-0.29052339403312516,-0.42438588298234503,0
552,0,1,1,0,0,1,0,0,1,2,0,0,0,0,0,0,0,0,1,2,-1.3557750271881797,-0.5037939836371483,0
553,0,0,0,0,0,2,1,1,0,1,1,2,0,0,0,0,1,1,0,1,-0.014249295311523413,1.289644704304899,1
554,0,1,1,0,0,1,0,0,0,1,1,0,0,0,0,1,1,0,0,0,1.3421828634661197,-0.40155952710476084,1
555,0,1,2,0,0,1,0,0,1,0,0,0,0,2,0,1,1,1,1,0,-0.518595644409244,1.0842553967254718,0
556,0,0,1,1,1,0,1,0,1,0,1,1,0,0,0,0,0,0,1,1,0.691762700767651,0.330081363942211,0
557,0,0,1,0,0,1,0,0,2,1,1,1,0,0,1,2,0,1,0,0,-0.9870197278641029,1.1886736814214736,0
558,0,1,0,0,1,2,0,0,0,1,0,1,0,0,0,1,0,0,1,1,0.7879011923910544,-0.2092962248859077,0
559,0,2,1,1,0,1,0,0,2,1,0,0,0,0,1,1,0,1,2,1,1.9771627311661883,0.23287161739468143,1
560,0,0,1,0,0,1,0,0,1,0,1,0,1,1,0,1,1,0,2,1,-0.06289033208403717,0.7698643719849694,0
561,0,0,0,0,0,2,0,0,0,1,1,1,1,0,0,0,0,0,2,1,-0.03913103211515197,0.6354477150957559,1
562,0,0,0,0,0,1,0,0,1,0,1,0,1,0,0,2,2,1,0,0,-1.7788093392139712,-0.9501494221960617,0
563,0,1,0,1,0,0,0,1,1,1,1,1,0,0,1,0,1,1,0,1,-1.4169509871749328,-0.6965637774881792,0
564,0,0,1,0,0,1,0,0,0,0,0,1,0,1,0,0,1,0,0,0,0.6105530522281638,-0.9134040237276742,0
565,0,1,0,0,0,0,0,0,0,1,2,1,0,0,0,1,1,2,2,0,-1.1729676585048738,0.5629344363641176,1
566,1,1,0,0,0,0,0,0,1,0,1,0,1,0,0,1,1,0,0,1,1.1398202560314692,2.214819047959088,0
567,1,0,1,0,0,2,0,0,1,1,0,1,1,0,0,0,0,0,2,1,0.3571477804507085,-0.44657894594237546,1
568,0,0,0,0,0,2,0,1,2,1,0,0,0,0,0,2,2,1,1,1,-0.49072382618812055,0.7611377443070051,0
569,1,1,1,0,0,0,0,0,2,2,2,0,1,0,0,0,1,1,1,0,-0.20647042464982732,-0.3177063284989149,0
570,0,0,0,0,0,0,0,0,0,0,0,0,1,0,0,0,0,0,0,1,-0.5680310437100968,0.22518278834019184,1
571,1,0,0,0,0,0,1,1,1,1,2,1,0,1,0,1,2,0,1,2,0.674613611716562,0.7438321385473101,1
572,0,2,0,0,0,1,0,1,1,1,0,0,1,1,0,1,1,0,1,0,1.2077411558102782,2.5090788220390015,1
573,0,1,0,0,0,1,1,0,2,0,0,0,2,2,0,0,1,1,0,1,-0.9520289466883816,-2.6412248981096504,0
574,1,0,1,0,0,1,1,0,1,0,1,0,0,0,0,0,1,1,0,1,-0.061225068079452744,-0.47401578536563427,0
575,0,0,0,1,0,2,0,0,1,0,0,1,1,0,1,0,0,0,0,0,0.1186968277960938,0.7701344688101365,1
576,0,1,1,0,1,1,1,0,1,1,0,0,0,0,0,2,0,0,1,0,0.8177237292251305,0.6580990100935941,0
577,1,1,2,0,0,1,0,0,1,1,0,1,0,1,0,2,2,1,0,1,1.0139081829335816,-0.20407627096347158,0
578,1,1,2,0,0,0,0,1,0,1,0,1,0,0,0,0,2,1,2,0,-1.85839766116728,0.3954387719323684,0
579,0,2,0,0,0,2,0,0,0,0,0,1,0,1,0,2,0,0,1,0,-0.18882725676679082,-0.6412822923607943,0
580,0,0,0,1,0,2,0,0,2,1,0,0,0,0,0,2,1,1,0,0,1.551600442107039,2.943905586775478,1
581,0,0,0,0,1,2,0,1,1,1,0,0,0,0,0,1,2,1,0,0,1.152660113665968,-0.7743746434048328,1
582,0,1,0,0,0,1,1,0,0,0,0,1,1,0,1,1,1,1,0,1,-0.9466851161399572,-0.1675414654773738,0
583,0,2,0,0,0,1,0,0,0,2,1,0,0,0,1,1,0,0,1,0,-0.7071937677820953,-0.4077303018079379,1
584,0,0,2,0,0,0,0,0,1,2,1,0,2,0,0,0,0,0,1,0,0.7535927391629756,0.39875815504410667,0
585,1,2,0,0,1,0,0,0,2,0,0,0,2,1,1,1,2,0,1,0,-0.9242102442277229,1.0138875274906303,0
586,0,0,0,0,1,2,0,0,1,0,0,0,1,1,0,0,2,1,1,1,0.6908163815908303,0.9088597574427235,1
587,0,1,1,0,1,2,0,0,0,0,1,1,0,0,0,1,0,0,0,0,1.195011041536321,0.5764127421920313,0
588,2,0,0,0,0,1,0,0,2,1,0,0,2,0,1,0,1,1,1,1,-0.016784824625066686,-1.0283367163493446,1
589,0,1,0,0,2,1,0,0,2,0,0,1,1,1,0,2,0,0,0,0,-0.2933765123210625,1.7433421913832117,0
590,0,1,0,0,1,1,0,0,2,0,0,1,1,0,0,1,0,0,0,1,-1.3096488458718023,-0.9320542527416733,0
591,0,1,1,0,1,2,0,1,1,0,0,1,1,0,0,0,0,1,0,1,0.3348189864147904,0.7238520680022417,0
592,1,2,2,0,0,2,0,0,1,0,0,1,0,0,0,0,0,1,0,0,-0.5922203835064371,-1.5601677525286335,0
593,0,0,2,0,0,1,0,0,0,0,0,0,1,1,1,1,0,0,1,2,-0.0483455815487266,0.7978730618255603,0
594,0,0,0,0,0,1,1,0,1,0,0,0,0,0,0,0,1,0,1,0,1.5595122930485974,0.10849084695687844,1
595,0,2,1,0,0,2,0,0,1,1,0,1,1,0,0,1,1,1,1,1,-0.1548562524407,0.12178882258760138,0
596,0,0,0,0,2,1,0,0,0,1,2,2,1,0,0,1,1,0,2,1,1.369242726969053,-0.38660245065324805,0
597,1,0,0,0,0,2,0,0,2,0,0,0,1,1,0,0,2,0,0,0,0.09779061392201795,-1.1049011430101467,0
598,0,0,2,1,0,2,0,1,1,1,1,0,1,0,0,0,2,2,1,2,0.7247252964135945,0.4652611229307865,0
599,0,0,2,0,0,1,0,0,0,1,0,0,2,0,0,1,1,0,1,0,-0.6671285420680177,-0.9342853453847916,0
600,0,1,0,0,0,2,0,0,0,0,0,2,1,0,0,1,1,0,1,0,-1.3384978090030346,-1.7951521373461263,0
601,0,0,1,1,0,2,0,0,0,0,1,0,0,0,0,1,0,0,0,1,0.49922156436705944,-0.22148619137332337,1
602,0,1,1,0,0,2,0,0,1,0,0,0,0,0,0,1,0,1,1,0,-0.3846444635459594,0.0540092528628858,0
603,0,1,2,0,0,1,0,0,1,0,1,1,0,0,0,2,2,1,1,2,-0.22750259379619253,-0.34176094138862245,1
604,0,0,1,0,0,1,0,1,1,0,1,1,1,1,0,0,1,0,0,0,0.8823010048074065,0.7161889859515612,1
605,0,1,1,0,0,2,0,0,1,0,1,0,1,0,0,0,0,1,1,0,0.8359788427383762,1.3631950224836948,0
606,1,0,1,0,0,2,0,0,1,1,0,0,1,0,0,1,1,0,2,0,0.17568885779357593,1.9765724510625775,1
607,0,2,0,0,0,0,0,0,0,1,0,0,0,0,1,2,0,1,1,0,0.7152886088558214,1.0873473905378663,1
608,0,0,2,0,0,0,0,0,0,1,1,1,1,1,0,1,0,0,0,1,-0.37566222253351556,-0.12212220542265667,0
609,1,1,1,0,0,0,0,0,1,0,0,1,1,0,0,1,0,1,0,1,-0.4670957577273564,-0.7062126503822462,0
610,0,0,1,0,1,1,0,0,2,1,0,0,1,0,0,0,1,0,0,1,0.6995748974343812,0.03608912847074655,1
611,0,1,1,0,1,1,0,0,1,0,1,1,0,0,0,0,0,0,2,1,0.2886190473267346,-0.22107541030915412,0
612,0,0,0,0,0,0,0,0,1,1,1,1,1,0,0,0,1,0,0,0,0.37045022563639385,-1.0711860044843646,0
613,0,1,0,0,0,2,0,0,1,1,0,1,1,0,1,1,0,0,0,0,0.2682285912957435,1.6021428862275984,0
614,0,1,2,1,0,1,0,0,1,0,0,1,1,2,0,1,1,0,1,1,0.3930277452399385,0.46354030532063906,1
615,0,0,1,0,0,1,1,0,1,0,1,1,0,1,0,0,0,1,0,1,-0.646038406685497,-1.0137687449577903,0
616,0,1,1,0,0,1,0,0,1,2,0,1,2,1,0,1,1,0,1,0,0.8374158178691179,1.1967581834713097,1
617,0,1,1,0,0,1,0,0,0,2,1,1,2,0,0,1,0,0,2,0,0.21341383550252838,-0.7405750876397412,0
618,0,0,1,1,0,1,2,0,0,0,1,1,1,0,0,1,0,0,1,0,0.8957320935692868,-0.05667794030134837,0
619,0,2,2,0,0,1,0,1,0,0,1,0,0,0,0,0,0,0,0,0,0.6573281000168556,0.3136695442690295,0
620,0,0,0,1,0,1,0,0,1,1,1,1,0,0,0,1,2,2,2,1,0.5777339900391938,0.16066291610819639,0
621,0,0,1,0,0,1,0,0,2,0,1,1,1,1,0,1,0,0,0,1,0.2691027949125061,-0.30260254380890245,1
622,1,0,2,0,1,1,0,0,0,1,0,0,0,1,0,0,0,0,1,2,0.5852950467293478,2.225658240047718,1
623,0,0,0,1,0,1,0,1,0,0,1,2,1,0,1,1,0,0,0,1,-0.01375355172004496,1.3722679401434565,0
624,0,1,2,0,1,0,0,1,0,1,2,0,0,0,0,0,1,0,0,0,1.148692731685624,-0.004577294038051488,0
625,1,1,1,0,0,0,0,0,0,1,1,1,1,0,0,2,0,1,0,0,0.16879925665303558,-0.49711888966283474,0
626,0,1,0,0,0,1,0,0,1,1,0,0,1,0,1,1,0,1,1,1,0.18258235158959882,-0.043760382942414355,0
627,0,1,0,0,0,2,1,0,2,1,0,2,0,1,0,0,0,0,2,0,-0.35182714127626064,-0.7249066418809069,0
628,0,1,1,1,0,2,0,0,2,0,1,0,0,0,0,0,1,1,1,1,-0.3658469657681001,0.5984034392353326,0
629,0,0,1,0,0,2,0,0,1,0,0,1,0,1,0,1,0,1,0,1,-0.8432532360908108,-0.5744534089823097,1
630,0,0,2,0,0,1,0,0,0,0,2,0,0,1,0,1,1,1,0,0,0.1694175986715552,-1.2778771995587768,0
631,0,1,1,0,0,1,0,0,2,0,0,2,1,0,0,1,0,2,2,0,0.6778735899808422,0.4276266209514701,0
632,0,2,1,0,0,2,0,0,2,0,1,0,0,1,0,1,0,2,1,0,0.05537088029777249,-1.1943210360668588,0
633,0,0,1,0,0,1,1,0,1,2,0,0,1,0,0,0,1,1,0,1,0.8069550249166726,0.277358515144593,0
634,1,1,1,0,0,2,1,0,1,0,1,2,2,0,0,0,1,1,0,1,0.36330690275299715,-0.29159807300210827,0
635,0,1,2,0,2,2,0,0,1,0,0,0,0,0,0,2,1,1,0,2,-0.44939145655612306,0.973671723169556,0
636,0,2,1,0,0,2,0,0,1,1,0,0,1,0,0,0,0,1,0,0,-0.9358544176147402,-1.917772550335083,1
637,0,0,0,0,0,2,1,1,0,1,2,0,2,0,0,1,1,1,0,1,0.2818450786524341,0.7765169126185566,0
638,0,0,0,1,1,1,0,1,0,2,1,0,0,0,0,1,1,2,0,0,0.3372256181175305,1.2843394961741996,1
639,0,1,2,0,0,1,0,0,1,1,0,0,0,0,0,0,0,1,2,1,1.225760706895763,0.3233639983168755,0
640,0,1,1,0,0,1,0,0,1,2,0,1,2,0,0,1,1,0,1,1,0.02412403673010794,-0.4397588357781676,0
641,0,0,0,0,0,2,0,0,2,1,1,1,1,0,0,2,1,0,2,1,0.3095310794671261,0.13192463822528955,0
642,1,0,0,0,0,2,0,0,0,1,0,1,0,0,0,1,0,0,0,1,1.2534440305551862,-0.5189044979839348,0
643,0,2,1,1,0,1,0,1,2,0,0,0,0,1,2,2,2,0,1,2,1.3570813047698524,0.06160200375872493,1
644,0,2,0,0,0,1,0,1,0,1,0,1,1,0,0,0,0,0,0,0,-1.942882519077901,-0.8521485896739218,0
645,1,1,0,0,0,1,1,0,1,0,1,0,1,1,1,1,0,0,1,0,0.8867273250662141,1.3018451803232463,1
646,0,2,1,0,0,1,0,0,2,0,0,1,0,0,0,0,1,0,2,0,0.9854256867155928,-0.03714841860577102,0
647,0,1,1,0,0,1,0,0,1,0,0,0,1,0,0,1,1,0,0,0,-1.2179089154491354,-1.1327008292441763,0
648,0,0,2,0,0,1,0,0,0,0,0,0,1,1,1,1,0,1,0,1,-0.5126086899411262,0.5770179763906922,0
649,1,0,0,0,0,1,0,0,2,1,0,1,0,1,0,1,1,2,1,1,-1.0062171124257078,-1.1608406857966957,0
650,0,0,0,0,0,1,0,1,1,1,0,0,0,0,1,1,1,0,0,2,-0.47587638020850864,0.9584497764494238,1
651,1,0,1,0,1,1,0,0,0,1,1,0,0,0,0,1,0,0,0,0,1.3605373636797282,0.3875906687247588,0
652,0,1,0,0,1,0,0,0,1,1,1,0,1,0,0,2,1,0,1,0,0.16875234704551714,-0.8675383060561094,0
653,0,1,1,0,0,1,0,0,0,0,0,0,2,0,0,1,0,0,0,0,-0.27958192836797696,-1.449083714308079,0
654,0,1,2,0,0,2,0,0,0,0,1,1,1,0,1,1,1,0,2,0,-0.9185139167185868,-1.792585160332099,0
655,0,1,1,0,0,0,0,0,1,1,0,2,0,0,1,1,1,1,0,2,-1.2041561780847359,-0.5451204025057033,0
656,0,0,0,0,0,2,1,1,1,1,2,0,1,0,0,0,2,0,1,1,-0.4633969522237511,-0.6547258070761203,0
657,0,0,0,0,0,1,0,1,2,0,2,0,0,1,0,1,1,0,2,0,-0.30083659162577586,-0.9909764541207603,0
658,0,0,0,0,1,1,1,0,2,1,0,0,1,0,0,1,1,1,0,2,0.09560670486559314,2.0607050174109567,0
659,0,0,0,0,0,2,1,0,2,0,1,0,2,0,0,0,0,0,1,0,-0.006887738383121418,-0.40225395186095353,0
660,0,0,1,0,0,1,0,0,1,1,1,1,1,1,1,2,0,1,0,0,1.2949903539598622,-1.1278551417181293,1
661,0,2,2,0,0,1,0,0,2,0,1,2,0,0,0,0,1,1,1,2,-0.21737808172202056,0.715133591426449,0
662,0,1,1,0,0,1,0,0,1,0,0,0,2,0,0,1,1,0,0,1,0.23656250209331403,0.15255837102510172,1
663,0,1,1,0,0,1,0,0,0,2,2,1,1,0,1,2,0,0,0,0,0.0478565570527673,-0.7136139492193612,0
664,0,1,0,0,0,2,0,0,2,1,0,0,0,0,0,1,0,1,0,2,-1.1090159523323488,-0.6876572686760367,1
665,0,1,0,0,0,0,0,0,1,0,1,1,1,0,0,1,0,0,0,1,-1.3661024402680817,-1.0851375061257764,1
666,0,1,0,0,1,2,0,1,1,1,1,1,1,0,0,2,1,0,0,0,1.0400619362562853,-0.9659512666601178,0
667,1,2,1,0,0,1,0,0,2,0,0,0,0,0,0,1,1,0,1,1,-1.0614817716493556,-0.3218299849712999,1
668,0,1,0,0,0,1,0,0,0,1,1,1,0,0,1,2,1,0,1,0,0.3992002805079912,-1.3834875325916196,0
669,0,0,0,0,0,2,0,0,1,1,2,0,1,1,0,0,1,1,1,0,-0.1444565835826666,0.686546725069281,0
670,1,0,0,0,0,2,0,0,1,2,0,1,1,0,0,0,0,0,2,1,1.0508074293667509,0.2689431973412891,1
671,0,0,1,0,0,1,0,0,0,1,1,1,0,0,1,1,1,1,0,1,0.1656427092912833,-0.1192654849657303,0
672,0,0,0,0,1,0,0,0,0,0,0,1,1,1,0,1,1,0,1,1,-1.8721326765864865,-0.6829228273574472,0
673,1,1,0,0,1,0,0,0,1,0,0,0,0,0,0,1,1,0,1,0,-0.25919668064934903,0.17844003649497397,1
674,0,0,2,0,1,2,0,0,1,0,0,0,1,0,0,1,1,1,0,0,-0.5970037249397965,-3.101098320619394,0
675,0,0,0,0,0,1,0,1,0,1,0,1,0,0,1,1,1,1,1,1,-1.5546297133310036,0.5002734187586696,0
676,0,1,0,0,0,0,0,0,1,0,0,1,0,1,0,1,1,1,0,0,-1.9397787993145343,-0.8877823309919688,0
677,0,1,0,2,0,0,0,0,1,1,0,0,0,1,0,1,0,0,0,2,0.20348227144321537,0.8831507519932703,0
678,0,0,1,0,0,1,0,1,1,0,2,0,0,0,0,1,1,1,1,1,-1.2081755652713062,-0.662423860593561,1
679,0,0,0,0,0,1,0,1,1,1,1,0,1,1,0,1,1,2,1,0,-0.7411579079297153,-0.17154309600205764,1
680,1,0,0,0,0,2,0,0,2,2,0,1,1,0,0,1,1,0,0,2,0.6040652695016618,2.226293714570037,1
681,0,0,0,0,0,1,0,1,2,0,0,0,0,0,0,1,1,0,1,1,0.66474098185326,0.2780031196166569,0
682,0,0,0,0,1,0,0,0,1,0,0,1,1,1,0,1,1,0,1,0,-0.018405308200121685,1.124828307989944,1
683,0,1,1,0,1,1,0,0,1,0,0,0,1,1,0,0,0,1,1,1,0.40839465753460347,2.772617838362801,1
684,0,1,0,0,0,1,0,0,1,0,1,0,1,1,0,0,2,0,0,1,-1.207861341900469,-1.0722282294773335,0
685,0,0,0,0,0,0,0,1,1,1,0,0,1,1,0,0,2,0,0,0,1.1753588978409386,0.28508620440144794,0
686,0,1,1,0,0,2,0,0,1,1,0,1,1,0,0,1,0,1,1,1,-0.2587884660111663,-0.07549387275108828,1
687,0,1,0,0,1,1,0,0,1,0,0,0,1,1,0,0,1,1,1,1,2.0665567276585985,0.846225150417113,0
688,0,0,2,0,0,1,0,0,1,1,1,1,0,1,0,1,2,1,0,1,1.1000352531973192,-0.19015493532372119,1
689,0,0,0,0,0,2,0,0,1,0,0,0,0,0,0,1,0,0,1,0,0.6781766788454944,1.6554713447936609,0
690,0,0,1,0,0,1,0,0,1,0,0,0,1,0,1,1,1,0,2,1,-0.5104811478106509,-0.5641547650385892,0
691,0,1,2,0,2,0,0,0,1,0,0,1,1,0,0,1,0,1,0,1,-1.4108857140751507,-0.7414242301063241,0
692,0,0,0,0,0,1,0,0,2,0,0,0,1,0,0,1,1,2,0,2,-1.22125054972035,-2.375913327705055,0
693,0,0,1,0,0,0,0,0,2,2,0,1,1,0,0,1,1,1,0,1,0.09415638929431379,0.2687895164767725,1
694,0,2,2,1,0,0,1,0,2,1,0,1,0,1,0,0,1,1,0,0,-0.853883894409082,-0.2717424893002632,1
695,0,1,2,0,0,0,1,1,2,0,0,1,1,0,0,2,0,1,1,1,-0.5060627645959442,-0.9829666758430172,0
696,1,0,0,0,0,2,0,0,1,0,0,0,1,0,0,0,2,2,0,0,-0.19056873919986245,0.35703206012086675,0
697,0,0,1,0,0,0,1,0,2,1,0,1,1,0,0,0,0,1,1,1,2.7376082938229787,1.127239979888442,0
698,1,0,0,0,0,0,1,0,1,1,1,0,2,0,0,1,0,1,0,0,0.6194888880847876,0.3331320224414836,1
699,0,1,1,0,0,1,0,0,1,1,0,0,0,0,0,1,0,1,1,1,1.2369152149737492,1.477654993646882,0
700,2,0,1,0,0,0,0,0,0,1,2,1,0,0,1,0,1,1,0,0,-0.0420309925015377,0.6605325080802916,0
701,0,0,2,0,0,1,0,0,1,0,1,0,0,0,1,0,1,1,1,0,-0.041813085191479755,-0.7319297494708314,0
702,0,2,0,0,0,1,0,0,1,1,0,1,2,0,1,1,2,0,0,0,-1.8311946865871043,-1.9985607934620377,0
703,0,0,2,0,0,1,0,0,0,0,1,1,0,0,0,1,1,1,0,0,-1.0241398234102026,-1.0936067486597318,1
704,0,2,1,0,0,1,0,0,0,1,0,0,1,0,1,0,1,0,0,0,-1.4438087224541367,-0.7993199493836985,0
705,0,1,0,0,1,1,0,1,1,0,2,0,1,0,0,1,2,0,0,0,-1.053774598291652,-3.38142145771785,0
706,0,1,0,0,0,1,0,0,2,1,1,1,0,1,0,0,0,1,1,1,-0.28321499138882417,-0.6345802658936421,0
707,0,1,0,0,0,1,0,0,1,2,1,0,0,1,0,1,2,1,2,0,0.1009458827895894,-0.39734459426690294,0
708,0,1,0,0,0,0,0,0,0,0,0,0,2,2,0,0,1,0,2,0,-1.4085115659366079,-2.0160892092340825,0
709,0,0,0,0,0,1,0,0,1,0,1,0,0,1,0,1,1,1,2,1,1.3609304479234436,0.10675359945065577,0
710,0,0,1,0,1,1,0,0,1,0,0,1,2,0,0,1,1,0,1,1,-0.27407106218404387,-1.095381498326796,1
711,1,0,1,0,0,0,0,0,1,0,2,2,2,0,0,1,0,1,2,0,-1.0884543914075278,-1.0625510059785317,0
712,0,1,2,0,0,0,0,1,0,0,0,0,1,1,0,1,1,0,0,0,-0.6759862435344255,-0.8853427097007068,0
713,0,1,0,0,1,2,0,0,2,0,1,0,0,0,1,2,0,0,1,1,-1.7712332245240185,-1.607281454945687,0
714,0,0,0,1,0,0,1,0,1,1,1,0,1,0,1,1,0,0,1,0,-0.4309549506575512,-0.055278128164555504,1
715,2,1,0,0,0,1,0,0,1,0,0,0,0,0,0,0,1,0,1,1,-0.8711730165891794,-0.05428043815615419,1
716,2,1,2,0,0,0,0,0,0,2,1,0,1,0,0,2,2,0,2,2,1.2618591879192906,0.06290991567778259,0
717,0,1,1,0,0,0,0,0,0,1,1,0,0,0,1,0,1,0,0,0,-0.45083767733342284,-0.8658093133450757,1
718,0,1,2,0,1,1,0,0,2,0,0,0,1,0,0,1,1,2,2,0,1.3427863066977663,0.8279985081173578,0
719,0,0,0,0,0,1,1,1,0,1,1,0,1,1,0,0,0,0,0,0,2.0153991869440757,0.09529362475972203,0
720,0,2,1,0,1,0,1,1,0,0,1,1,0,1,0,2,0,0,1,1,-0.4391310816020948,-0.9568777064602285,0
721,0,1,0,0,1,0,0,0,0,0,0,1,2,0,0,1,1,2,0,0,0.27580408446527455,-0.7667141315205345,0
722,1,0,0,0,0,1,0,0,0,1,1,1,0,0,0,1,1,1,0,0,0.28181802514795473,-0.413477971834759,0
723,0,1,1,0,0,2,0,0,2,0,0,0,0,0,0,0,1,1,1,0,0.7981587525783534,0.9245903721540462,0
724,0,0,1,0,0,1,0,0,0,0,0,1,1,0,2,0,1,0,0,0,0.337491310302394,-0.6354127158276772,0
725,0,1,1,0,0,0,0,0,1,1,0,2,2,1,0,2,1,0,0,0,1.1022765767260516,-1.9825947052600301,1
726,1,0,2,0,0,2,0,0,1,0,0,0,2,1,1,1,0,0,0,1,-2.320656199973259,-0.6640642499161398,0
727,1,0,0,0,0,1,2,0,0,2,1,0,1,0,0,2,1,0,0,0,-0.6731368542463202,1.525146338134498,0
728,0,1,2,0,1,1,0,0,2,0,0,1,1,1,0,0,1,2,1,0,-0.6165674021792842,-0.8408129912610037,0
729,1,0,0,0,0,2,0,0,0,0,2,1,0,1,0,0,1,1,1,0,2.405611170473656,-0.0771888361782408,0
730,0,0,1,0,0,1,0,0,1,2,0,1,1,1,0,1,1,0,2,0,0.8852987361463687,0.22704587446290647,0
731,0,0,1,0,0,0,0,0,1,0,0,0,1,0,0,1,1,1,1,0,-0.0005582216987946577,0.2762816361060703,0
732,0,1,0,0,1,2,0,1,2,0,0,2,0,1,0,2,1,1,1,1,1.13537072560966,0.8549634207758551,0
733,0,1,0,0,0,0,0,0,1,1,0,1,0,0,0,2,2,0,0,0,0.34982013092720504,0.5251460072798679,0
734,0,0,0,0,0,0,0,0,0,1,0,1,0,0,0,2,0,0,2,1,0.7534898877136281,1.2565659472062498,0
735,0,1,0,0,0,0,0,0,0,1,0,1,0,1,1,1,1,1,1,1,0.017562665583993636,1.7247139787310504,1
736,0,0,0,0,0,1,0,0,2,0,0,1,0,0,0,1,1,1,0,1,-0.046406698548516624,1.097124929795428,0
737,0,0,1,0,0,1,0,0,2,1,0,0,0,1,0,2,1,0,0,1,-1.852422071252494,-0.8976894203049919,0
738,0,0,0,0,0,2,0,1,2,1,0,1,1,0,1,1,0,1,1,1,0.6473638326212814,0.85706918451561,0
739,0,0,1,0,0,1,0,0,1,0,0,1,1,0,0,1,0,2,1,0,-1.4926926771075495,0.13826601520629034,0
740,0,0,1,0,0,2,0,0,2,0,0,1,2,0,0,0,2,0,1,1,0.3627013713574569,-0.8751584067727375,0
741,0,2,1,0,0,1,1,0,1,1,1,0,2,0,0,0,0,0,0,1,-1.1435208945711037,-0.015936038116132423,0
742,0,0,1,0,0,1,0,1,0,1,1,0,2,1,1,2,0,2,1,0,1.2414958783549694,1.2533669970229024,0
743,0,0,0,0,1,0,0,0,2,1,0,0,1,0,0,0,0,0,1,0,0.9063212578256271,0.4707489984476893,1
744,0,0,0,0,0,1,0,0,1,1,1,0,0,0,0,0,1,0,1,1,1.2906886209010633,-0.6383851790421793,0
745,0,1,0,0,1,0,0,0,2,0,0,0,1,0,0,2,1,0,0,1,-0.660296685889678,0.8286867834940959,0
746,0,0,0,0,1,2,1,0,1,1,0,0,0,0,0,0,2,0,1,1,-0.05905674531882929,0.3078407938258581,0
747,0,1,1,0,0,1,0,0,1,1,0,2,1,0,0,2,0,0,0,1,0.8883875655492187,0.5468065292464794,1
748,0,1,0,0,0,1,0,1,2,0,1,1,2,1,0,2,1,1,0,1,0.44353660408032314,-1.0477320908986472,0
749,0,0,0,1,0,1,0,0,0,2,1,1,1,0,0,2,0,1,0,1,-0.8847515430014902,0.6353683336712659,0
750,0,1,0,1,0,2,1,0,0,0,1,0,1,1,0,0,0,1,0,1,0.35412397883867874,-1.9813301871201974,0
751,0,0,1,0,0,1,0,0,1,0,0,1,1,1,1,0,0,1,1,0,1.485187232291675,-0.2780312001964952,0
752,0,1,1,0,0,0,0,0,0,1,0,0,0,1,0,0,2,1,2,0,0.8397766146856619,0.6226574609924428,0
753,0,1,0,0,0,1,0,1,2,1,0,0,1,2,0,0,0,0,1,0,1.1078530201410086,0.742526470619161,0
754,0,0,0,1,0,1,0,0,1,0,0,1,1,0,0,2,0,0,1,1,0.40729952244100887,-0.025137820080521567,0
755,0,1,0,0,0,2,0,0,2,0,0,1,1,0,0,0,0,0,1,2,0.7284584089843943,0.004652854330398082,0
756,0,0,2,0,0,2,0,0,1,0,1,0,1,0,0,0,0,0,2,0,-0.2979304971028447,-1.4847846388799137,0
757,0,0,1,0,0,0,0,0,0,1,0,0,0,0,0,0,0,0,1,1,0.13851435449472732,0.7256813205971129,0
758,0,1,0,1,0,0,0,0,1,0,1,1,1,0,0,1,1,0,1,0,1.5999338883707783,-0.0594618810433607,0
759,0,0,2,0,0,2,0,0,0,0,0,0,1,1,0,1,0,1,0,1,-1.819998418584186,-1.0782654106617382,0
760,0,0,0,0,0,1,0,1,1,0,0,0,2,0,0,1,0,1,2,0,3.0509703893041595,2.121235674061415,1
761,0,1,0,1,1,1,1,0,0,1,1,0,2,0,0,0,1,0,0,0,0.38594529756485463,0.31899213448152675,0
762,0,1,1,0,1,2,0,0,1,1,1,0,2,1,0,0,0,0,1,0,-1.494028905965341,-1.7996456356112411,0
763,0,0,1,0,0,2,0,0,1,1,0,0,1,0,0,0,2,0,2,1,0.8855243123345936,-0.012744088498178097,0
764,0,0,1,0,0,0,0,0,0,0,0,1,1,0,0,1,0,0,0,0,0.8249279037796229,1.5463010759500495,1
765,0,1,1,1,0,1,0,0,0,1,0,1,1,0,0,1,2,0,1,1,0.13457926739847054,0.8111085991349918,0
766,0,0,0,1,0,1,1,0,1,0,1,1,0,1,1,2,2,0,0,1,-0.8036033355041048,0.3404745491292637,0
767,0,2,1,0,0,1,0,0,1,0,1,0,1,0,0,0,0,0,0,2,-0.51973964964932,0.11614649299939817,1
768,0,1,0,0,0,2,0,1,2,1,0,0,0,0,0,2,0,1,0,0,-0.6810228899983275,-0.9823295798302383,0
769,1,1,1,0,0,1,0,0,1,1,0,0,1,0,0,0,0,1,0,1,-1.0457304919749466,-1.4027529142115265,0
770,0,1,1,0,0,1,0,0,0,0,1,1,0,1,0,2,0,0,0,0,-0.29411682721947213,1.7308686067906707,1
771,0,1,1,0,0,1,1,0,1,0,1,2,1,1,0,1,1,1,1,1,-0.827745976971355,-1.7892971536319615,0
772,0,0,0,0,0,1,0,0,0,1,0,1,1,0,0,2,0,1,1,1,-1.8358762734015666,-1.477989347937517,1
773,1,1,1,0,0,2,0,0,1,0,0,2,0,0,1,1,1,0,1,1,1.1230405582546934,-0.651911945976228,0
774,0,1,0,0,0,1,0,0,2,1,1,1,0,1,0,2,0,1,1,2,-0.1555179402874452,-0.11502994654241902,0
775,0,0,0,1,0,1,0,1,1,0,0,2,0,0,0,2,0,1,0,0,0.19876834590762008,2.3188073453264675,0
776,1,1,1,0,0,1,0,1,1,1,0,1,0,0,0,0,1,1,1,1,-0.7245620983481553,-0.2269658350478011,0
777,0,1,0,0,0,1,1,1,1,1,0,0,0,0,0,1,0,1,1,0,-0.005499239132203571,0.3690141792472595,0
778,0,2,0,0,0,1,0,0,1,1,0,2,0,0,0,1,0,1,1,0,1.2451486754654808,1.2916391615137703,1
779,0,2,2,0,0,2,0,0,1,1,0,1,1,0,1,1,1,0,0,0,1.5975750022319504,-0.4918399926058147,0
780,0,0,1,0,0,1,0,0,1,2,1,1,0,0,0,2,0,0,1,2,-0.10922052782001632,1.2380384323147475,1
781,1,0,1,0,0,2,1,0,2,1,0,0,2,2,1,0,1,1,0,1,-1.1117100928853145,0.5183273343173342,0
782,1,0,0,0,0,1,0,0,0,1,0,1,0,1,0,0,0,0,2,0,-0.12488400839104564,-1.5998536326992714,0
783,1,0,0,0,0,1,0,0,1,1,1,0,0,0,1,0,1,0,0,0,-0.5870722900649809,0.6348777354024258,1
784,0,1,1,0,0,0,0,0,1,2,1,1,1,2,0,1,2,1,1,2,0.5813508435846644,-0.6085242167654918,0
785,0,1,1,0,0,1,0,0,1,1,0,0,0,1,1,1,0,0,1,0,-0.14441440577838335,-0.4520317302519205,0
786,1,2,0,0,0,0,0,0,0,0,0,1,0,0,0,1,1,1,2,1,1.3759615336026143,1.2359802145489862,1
787,0,0,1,0,0,1,0,0,1,0,0,0,1,0,0,1,1,1,1,0,0.7025347841584236,0.28817490303052673,0
788,0,0,0,0,0,1,0,0,1,1,0,0,1,0,0,2,2,0,1,0,-0.17242387406436094,0.19387968333596764,0
789,0,0,0,0,0,2,0,0,1,0,1,1,1,0,0,2,1,1,2,0,-1.4709101769862658,-0.1867965532130657,1
790,1,0,0,0,1,1,1,0,2,1,1,0,0,0,0,1,1,0,0,1,0.20881108752555197,0.9261879666658505,1
791,0,0,0,0,0,1,0,1,2,1,1,0,1,1,0,1,1,0,2,0,1.843195579582462,-0.18281063591675928,0
792,0,0,1,0,0,0,0,0,2,0,0,1,1,0,0,2,2,0,1,0,-1.3677389375348203,-1.5976957211107528,0
793,0,0,1,1,0,1,0,0,2,0,0,2,0,1,0,0,0,1,1,1,1.1120284374930887,2.003538502578986,0
794,0,0,1,1,1,2,0,0,1,0,0,1,0,0,0,0,0,0,1,2,0.0885421809024898,1.0911639207261008,1
795,1,1,1,0,0,0,0,0,1,1,0,1,1,1,0,2,0,1,1,2,0.9952016927236659,1.119266082154228,0
796,0,1,1,1,1,0,0,0,0,0,0,0,2,0,0,0,1,2,2,1,-0.8393758586462523,-0.672877074117149,1
797,0,1,0,0,0,1,0,0,1,0,0,0,1,0,0,1,1,0,2,0,1.2220919710598166,-1.4210154095056293,0
798,1,0,0,0,0,1,0,0,1,0,0,0,1,0,0,1,0,0,1,0,0.2644707110616339,-0.8295655836136208,1
799,0,0,0,0,0,1,0,0,1,1,0,1,1,0,0,1,1,0,0,1,0.26604255335097604,2.034946075229737,1
800,0,0,1,0,1,0,0,0,1,1,0,0,1,0,0,1,0,0,2,0,1.9150732662942873,0.9144870990365528,0
801,0,0,0,0,0,0,0,0,0,1,0,0,0,0,0,1,2,0,1,1,2.498839909142042,1.446374706998552,1
802,0,1,1,0,0,1,0,0,2,1,0,1,0,0,1,0,0,0,1,0,-1.3478716243683742,-1.2140525516888583,0
803,0,0,1,1,0,1,0,0,2,1,1,1,0,1,0,2,1,1,1,0,0.4699415002057356,0.8317085568408424,0
804,0,0,0,0,1,1,0,0,2,0,1,0,0,0,0,0,0,0,1,1,0.28436379319640004,-0.39768625741305025,0
805,1,1,0,0,0,0,0,0,0,0,0,0,2,0,0,0,1,1,1,0,-0.12150566683911102,-0.41887733247871717,1
806,2,0,0,0,0,0,1,0,2,0,1,1,1,0,1,0,1,1,1,2,-0.9456657161540248,0.4756152358834298,0
807,0,0,0,1,0,1,0,0,1,1,0,1,1,0,0,2,1,1,2,0,1.1359244842621208,2.184486763987147,0
808,0,1,0,0,0,2,0,0,1,2,0,0,1,0,1,2,1,1,0,2,-1.169738876819556,0.42934379025555086,0
809,0,1,0,1,0,1,0,0,2,1,0,0,2,0,0,1,0,1,1,1,-2.3557857289350292,0.539793082888349,0
810,0,0,2,0,0,1,0,0,1,0,0,2,0,0,0,2,2,0,1,0,-0.6371765037919457,0.6149096099052984,1
811,0,1,1,1,0,0,0,0,1,0,0,1,0,1,0,2,1,1,1,0,0.66867609095446,2.4197922012899085,0
812,1,1,2,0,0,2,1,0,1,0,0,1,0,0,0,0,0,1,1,0,-0.9651216925982122,-0.89200446387828,0
813,1,0,1,1,0,0,1,0,2,0,1,2,0,0,1,0,1,1,1,0,-0.612020814780325,-1.8296848099021705,0
814,0,1,2,0,0,1,0,1,2,1,0,0,1,0,0,0,0,0,2,1,-1.60364038658201,-0.9367214840877818,0
815,1,0,1,0,1,0,0,0,1,1,1,0,1,0,0,1,1,1,2,1,-1.4925662996489768,-1.5221833126029858,0
816,0,2,1,0,0,2,0,0,1,0,0,1,1,0,0,0,0,2,0,1,1.0554996753225059,1.4693263831203642,0
817,1,1,1,0,0,2,0,0,2,0,0,0,0,1,0,0,1,0,1,0,-1.9621266188811015,-2.3852145093101544,1
818,1,0,0,0,1,1,0,0,2,1,1,0,1,1,0,1,0,1,1,1,0.6053219813792884,-1.6531109780747346,0
819,0,1,1,0,0,2,0,0,2,0,0,0,2,0,0,1,0,0,1,0,-0.965612610054034,0.4614356038407337,0
820,0,0,2,0,0,1,0,0,0,1,0,0,0,1,0,0,0,1,0,0,-1.827834132799154,0.49985251184405244,0
821,0,2,1,0,0,1,0,0,2,0,2,0,1,1,0,2,1,0,1,1,-0.0644215748872367,-0.435652679697419,0
822,0,0,0,0,0,0,0,0,2,1,2,1,0,0,0,1,1,0,0,0,-1.450230545758682,0.07361345857744683,1
823,1,0,1,0,0,0,0,0,2,2,1,1,1,1,0,1,0,1,0,0,0.6484044918011617,1.1198233993349342,0
824,0,1,0,0,0,1,0,0,1,0,0,0,0,0,0,0,0,1,2,1,-0.9228395108159246,-1.5063770667857805,0
825,0,2,1,0,0,1,0,0,0,1,1,1,1,0,0,0,1,0,0,1,-0.5739928777068716,-2.1195143917734094,0
826,0,1,1,0,1,2,1,0,1,1,0,0,0,0,0,0,0,2,1,0,-0.8232688553822813,-1.4629328499428953,0
827,1,1,0,1,0,1,0,0,1,1,0,0,0,0,0,0,1,1,1,0,-0.5766695123472542,-1.2843119925686421,0
828,0,0,0,0,1,1,0,0,0,1,0,0,1,1,0,1,2,1,1,0,-1.764105226976503,1.1849554519222611,1
829,0,1,1,0,0,0,0,1,1,0,0,0,1,0,0,2,0,0,2,1,-0.58778080944397,0.5643820402767094,0
830,0,1,1,0,1,0,0,0,2,0,0,1,0,0,0,1,0,0,0,1,0.13035527406200745,0.6398318980019977,1
831,0,1,1,0,0,1,0,0,0,0,0,1,2,0,0,1,0,1,0,1,-0.6379146923465353,-1.7650906367602552,1
832,0,0,0,0,0,2,0,0,1,0,1,1,1,0,0,1,1,0,1,0,-1.713201728149169,-0.10138528555631288,0
833,0,0,2,1,0,0,0,0,1,0,1,0,0,0,0,0,0,0,2,0,1.7198183814651693,-0.3668550540814707,0
834,0,0,2,0,0,1,0,0,1,0,1,1,0,0,0,1,1,1,1,1,-0.5270945510884066,0.32835684006097454,0
835,0,0,1,0,0,1,1,0,2,1,1,2,1,0,0,1,2,0,1,1,0.15740825314892518,1.2635509017640951,1
836,0,0,0,1,0,1,0,0,0,0,0,1,1,0,0,2,0,2,1,1,-0.3118841022869525,0.9042698844345838,0
837,0,2,0,0,0,2,0,0,0,2,0,2,2,1,0,1,0,1,0,0,-0.8773122807117236,-1.0841310635893218,0
838,0,0,2,0,0,1,0,0,2,0,1,0,0,1,0,1,1,0,0,1,-1.587140954723215,-0.26088885346530083,0
839,0,2,0,0,0,2,0,0,1,1,0,1,1,1,2,1,0,2,0,0,0.5591617794790649,0.17077078500753223,0
840,0,0,0,0,1,0,0,0,1,1,1,0,1,0,0,0,0,1,0,0,-0.7951814887870513,-1.3879943617933908,0
841,0,1,0,0,0,1,0,0,1,0,0,2,0,0,0,0,2,1,2,1,-0.885867069426359,-0.3418145220940798,0
842,0,1,1,0,0,1,0,0,1,1,0,0,1,0,0,1,0,0,0,2,-0.5984110363740253,0.29430326492879566,1
843,0,0,1,0,0,0,0,0,0,0,0,1,0,0,0,1,1,1,0,1,-0.5680102770662395,-1.303393589518866,0
844,0,1,2,0,1,1,1,1,1,0,1,0,0,1,0,1,0,1,2,2,-0.7485404702340971,-1.0532806235551724,1
845,0,0,0,0,0,1,1,1,1,0,1,0,1,0,0,0,0,1,0,2,0.4920925023882625,-1.240107855187705,0
846,1,1,0,0,0,1,0,0,1,1,0,1,2,0,0,1,2,1,1,1,-0.1802749018504511,0.03546196212030406,1
847,0,2,0,0,1,1,0,0,2,0,0,1,0,0,1,2,0,1,1,0,-0.8867785600960602,0.15552332462092516,0
848,1,1,1,0,1,1,0,0,0,1,0,1,0,2,0,0,0,1,0,1,-0.8644644812125717,2.1859208872995697,1
849,0,2,0,0,1,0,0,0,2,1,0,0,1,0,0,0,1,0,1,0,0.609899424557723,-0.16311615924201395,0
850,0,0,1,0,0,2,0,0,0,0,2,0,1,0,0,0,1,2,1,2,-0.6076912135822446,-0.4410124158604708,0
851,0,0,2,0,0,0,0,0,1,1,0,0,0,0,1,0,0,1,0,0,-2.8070774850130977,-1.8623437647376768,1
852,0,2,0,0,0,0,0,0,2,1,0,1,0,0,0,1,0,0,0,0,2.340260933373395,1.2474753914883978,0
853,0,1,1,0,1,2,0,0,1,1,0,1,1,0,1,1,0,1,1,2,-0.8954236024505668,-0.04767831393186241,0
854,0,1,0,1,0,0,0,0,1,0,0,1,2,0,0,1,0,0,2,0,-0.04971747386009819,-0.6861766546438656,1
855,0,1,0,0,0,0,0,0,2,0,0,0,2,0,1,0,1,0,0,1,-1.0374280243522622,0.5854916783569207,0
856,0,1,1,0,1,1,0,2,2,1,0,0,1,0,1,0,2,1,0,0,0.3791766816185159,-1.0321026589343767,0
857,2,1,0,0,0,1,0,1,2,0,0,0,1,1,0,1,0,0,0,1,-0.5320712003860607,0.8174935745821461,1
858,0,1,1,0,0,1,0,0,1,2,1,1,0,0,0,1,0,0,1,2,-0.17816924860288225,-0.04545584325090743,1
859,0,0,1,0,1,0,0,0,1,0,0,1,1,0,0,1,0,1,0,1,0.925251871539606,1.0464179650031198,0
860,0,0,0,0,1,1,0,0,2,1,0,0,1,1,0,1,1,1,2,0,0.3480080755918869,1.3858724132067397,0
861,0,1,1,0,0,1,0,0,1,1,0,1,0,1,1,1,0,2,1,1,0.16925517712827864,-0.031169194226391084,1
862,0,1,0,0,0,1,1,0,0,1,0,0,1,0,0,1,1,0,0,0,-1.4004911236866684,-1.562222770141319,0
863,0,0,0,0,0,1,0,0,1,1,0,0,1,0,0,0,1,1,0,0,-0.2710658015475577,-0.9961398005936523,0
864,0,1,1,0,0,0,0,1,1,1,0,0,1,0,0,0,1,1,1,0,-0.891721714876367,-1.119205447284489,1
865,0,2,1,0,1,0,0,1,0,1,0,0,0,0,0,1,1,1,2,1,1.4810069030025916,0.4954392887137169,0
866,0,2,0,0,0,1,2,0,2,1,0,1,0,0,0,1,0,0,2,0,-0.8540364804286222,0.11235777750711978,0
867,0,0,1,0,0,2,0,0,1,0,1,0,1,0,0,2,0,2,1,0,0.41272432762921185,0.16329324011926727,1
868,0,1,1,0,1,2,0,0,0,0,1,1,2,1,0,1,0,2,1,1,1.536039625313727,0.1694786575287348,1
869,0,1,0,0,0,1,1,1,1,0,1,0,1,0,0,2,1,1,0,1,-1.419859953121668,0.10099227777364761,0
870,0,2,0,0,0,2,0,1,1,1,0,0,0,0,0,2,2,1,1,0,0.18781311059728575,-1.5082517430497508,0
871,0,0,2,0,0,1,0,0,1,0,0,0,0,0,0,1,0,1,1,0,0.9595833603832487,2.2382259566325735,1
872,1,0,1,1,0,1,0,0,0,0,0,0,1,1,0,0,1,1,0,0,0.7684735732265644,-0.7102322795146152,0
873,0,1,1,0,0,0,0,1,2,1,0,0,0,2,0,1,0,0,0,0,-0.18070228147502598,-1.3501337397167745,0
874,1,0,1,1,0,2,0,0,1,2,0,0,1,0,0,0,1,1,0,1,-0.6921312489026497,1.259247554331365,1
875,0,0,1,0,0,1,0,0,2,1,1,0,0,0,1,1,2,2,2,0,-2.9100989492105693,-2.1331449039059804,1
876,0,1,1,0,0,0,0,1,2,0,0,1,1,0,0,0,0,1,1,1,-1.0197037716960915,-1.926850019026585,0
877,0,1,0,0,0,0,0,0,1,1,0,0,0,1,0,0,2,2,2,1,0.25551684532249563,1.5991788134228815,1
878,0,0,0,0,0,2,0,0,1,1,1,1,0,0,0,0,1,1,0,1,-0.19607358231401686,-1.5410014850817164,1
879,1,1,1,0,0,1,0,0,0,1,0,0,1,0,0,0,1,0,1,1,-0.7028683005534213,-1.1107216406494653,1
880,0,0,0,0,0,0,1,0,2,0,0,0,1,0,1,0,1,0,1,1,-0.48826632548498305,-0.8682306203444892,1
881,0,2,0,0,0,1,0,1,1,0,1,0,0,0,1,2,2,2,1,0,1.3710389387830846,0.9786882529427359,0
882,1,1,1,0,0,1,0,0,1,1,0,1,0,0,0,0,1,1,1,0,-0.5969939274328669,0.42411802041183255,0
883,0,1,1,0,1,2,1,0,0,0,2,0,1,1,0,2,0,0,0,0,-0.42186976713726076,-0.9322695872845994,0
884,1,0,1,0,0,0,0,0,2,1,0,0,1,1,1,0,1,0,0,0,-0.19114153193712202,-0.9533831398889578,0
885,0,0,2,0,0,1,1,0,0,1,0,1,0,2,0,1,1,0,0,0,-0.485622506872902,1.7004460288029133,1
886,0,0,1,0,0,2,0,0,1,1,1,0,0,0,1,0,1,0,0,1,0.6301406352465396,0.344857915635326,0
887,0,1,0,0,0,1,2,1,1,0,2,1,0,0,1,2,0,0,0,0,1.1067612147671861,-1.0148680994562658,1
888,0,0,0,0,0,0,0,0,1,0,0,0,1,0,1,1,1,0,2,1,0.4533638842591921,0.01912156292351702,0
889,0,1,1,0,0,1,0,0,1,1,1,2,2,0,0,1,0,1,2,1,-0.8182228731569299,-1.2461300234254225,0
890,0,0,1,0,1,1,0,0,0,0,1,0,1,0,0,0,1,0,2,1,-0.9974707917738782,-0.335719640181949,1
891,1,1,0,0,0,1,0,1,1,0,1,1,0,1,0,0,1,0,1,0,0.2712043369966829,-0.4666696679767313,0
892,0,0,0,0,1,0,1,0,1,1,1,1,1,0,0,0,1,0,1,1,1.2130599784807015,0.539328621158869,0
893,0,0,0,0,0,0,0,0,1,1,0,1,1,0,0,1,0,0,1,0,-1.553805472536459,-1.9851591489616487,0
894,0,1,0,0,0,1,0,0,1,1,0,0,1,0,0,1,1,1,1,1,-0.07891085602135174,0.1664425671982075,0
895,0,0,0,0,0,1,0,0,1,0,1,0,0,0,1,0,1,0,0,1,-1.1138149514982254,-0.4276333974027793,0
896,0,2,2,0,0,1,0,0,0,0,1,0,0,0,1,2,1,1,1,1,-1.1554921187917182,-1.112357159018499,0
897,0,1,1,0,0,0,0,0,2,1,0,0,0,0,0,1,1,0,1,1,2.1631682696980365,-1.051224909618114,0
898,0,1,1,0,0,1,0,0,2,1,0,0,0,0,0,1,0,0,1,0,-0.0033802070945701756,-0.26530796404735263,1
899,0,1,2,0,0,1,0,0,1,1,0,0,0,0,0,2,1,0,1,1,-1.267088262732287,0.04069617690078296,0
900,0,0,0,0,0,2,1,0,0,1,0,1,0,0,0,1,1,0,0,1,1.1649821115510663,0.3823268814105162,0
901,0,2,0,0,0,1,0,0,2,0,0,0,1,1,0,1,1,1,1,0,0.7442201285413821,0.31116375056366036,0
902,1,0,1,0,0,0,1,0,2,0,0,0,2,0,1,1,1,1,1,0,-0.9565891080686232,-0.3085575638111218,0
903,0,1,2,0,0,2,0,0,1,0,0,1,0,0,0,0,0,0,0,1,-1.5530985357774876,-0.6543879169889075,0
904,0,1,0,1,0,2,0,0,1,1,1,0,2,0,0,1,1,0,1,1,-1.5951365770744448,-1.156526319057651,0
905,0,0,1,0,0,0,0,1,1,0,2,1,1,0,0,0,0,0,1,0,-0.9130594479173568,-1.073670504680967,0
906,0,0,1,0,0,0,0,0,2,0,0,0,1,1,0,0,2,1,1,0,-1.1364525896026978,-0.04674885004727192,0
907,0,0,0,1,0,1,0,0,1,0,0,1,1,0,0,1,0,0,2,2,-1.299418294941375,0.3843199123623711,0
908,1,0,1,0,0,0,0,0,1,1,0,0,1,1,0,1,1,0,1,0,1.2996385745950663,0.6213316863004719,0
909,1,0,1,0,0,0,0,1,0,0,1,0,0,1,0,0,0,1,2,0,0.5436737186905016,0.7064949570605009,1
910,0,1,1,0,1,2,0,1,1,1,0,0,1,0,0,2,0,0,0,1,-0.08918287601886372,-0.223448502685898,1
911,0,2,1,0,0,0,1,0,1,2,0,1,1,0,0,1,0,0,1,1,-0.7875492029722277,-1.3917198938088644,0
912,0,1,1,0,1,0,0,0,0,0,1,1,2,0,0,0,0,0,0,1,0.48746279576345175,-0.4840260948594053,0
913,1,2,0,0,1,2,0,0,1,0,1,1,0,0,0,2,1,0,0,1,-1.292595782876125,0.5614027074200247,1
914,0,0,1,0,0,0,0,1,1,0,0,1,1,1,0,1,1,0,1,1,-0.023521751246956022,-0.7769935624121433,1
915,0,1,1,0,0,0,1,0,0,1,0,1,0,0,0,0,2,0,0,0,0.05041372830952926,-0.19102437933973682,1
916,1,0,0,0,0,1,1,0,1,1,0,2,0,0,0,1,1,1,2,0,-1.0572153203490755,-0.2410191295440357,0
917,0,0,0,0,0,0,0,0,2,0,1,0,0,1,0,1,0,1,0,0,0.24686780362993171,0.4000000600450728,0
918,0,1,1,0,0,1,1,0,1,0,0,1,2,0,1,1,1,1,0,0,-0.8118482519521982,-0.5810715230699702,0
919,1,1,0,0,0,2,0,0,0,0,0,1,1,0,0,1,1,0,0,1,-1.755680441507332,-1.645185524914631,0
920,0,1,0,0,1,2,0,0,0,1,0,0,0,0,0,1,0,0,1,0,-0.36689446674595355,-1.9455221303618784,0
921,0,0,0,0,0,1,0,0,2,1,0,0,0,0,0,0,0,1,0,0,-1.0809666415819783,-1.2234535945373008,0
922,0,0,0,0,0,1,0,2,1,1,0,0,1,0,0,2,1,1,0,1,-1.3995642008541194,0.6169075488245177,0
923,0,1,0,0,0,0,0,0,0,2,1,0,1,1,0,0,0,1,0,1,0.09383964449482632,-0.13238231070096368,0
924,0,1,1,0,0,0,0,1,1,0,0,0,0,0,2,1,0,1,0,0,-0.6282185639088157,0.8467774120510113,1
925,0,0,0,0,1,1,1,0,0,1,0,1,0,0,0,1,0,0,1,1,-1.2088614007245986,2.202091081024931,1
926,0,0,2,0,0,1,0,0,0,2,0,0,0,1,0,1,0,2,2,1,-0.0940060613340745,-1.0516776032801478,0
927,0,1,2,0,0,1,0,0,1,0,0,1,0,0,0,1,0,0,2,1,0.08757814060572953,0.03938155034281085,1
928,1,1,1,0,1,1,0,0,0,0,0,0,1,0,0,2,2,1,2,2,2.2931450077018605,-0.059481803152215296,0
929,0,0,0,1,0,1,0,1,0,2,0,0,0,0,0,1,1,0,0,1,0.4772018410220554,1.4645267285429706,1
930,1,0,0,0,0,1,1,0,1,0,0,1,0,1,1,0,0,0,0,1,-1.0624254957186539,0.2736472236813019,0
931,0,1,0,0,0,0,0,1,2,0,1,0,1,1,0,0,0,0,1,1,0.2705421432714882,-1.5743918004218123,0
932,0,0,0,0,0,1,0,0,1,1,1,0,0,0,1,1,1,1,1,1,0.22104449787338418,-0.10321053881657455,0
933,1,1,0,1,0,0,0,1,1,0,0,1,0,0,0,2,0,2,0,0,-1.0072417081778888,-0.9651973079261982,0
934,0,0,0,0,0,1,0,0,1,0,1,0,1,0,0,0,0,0,0,1,-1.1908248781833175,-1.6448494388581798,0
935,0,1,1,0,0,1,0,0,0,1,0,1,0,1,0,1,1,1,1,1,1.0771750859337867,0.4055150868714001,1
936,1,1,1,1,0,1,0,0,0,1,0,1,0,1,0,1,0,0,0,0,-0.5813570415711944,1.1519494417595688,0
937,0,1,0,1,0,0,0,0,1,1,0,0,2,1,2,1,0,1,2,2,1.923427448835352,2.632087441291049,0
938,1,0,1,0,1,1,0,0,2,1,1,0,0,1,0,0,1,1,1,1,1.1301786331881172,0.28558934558937155,0
939,0,0,0,0,0,1,0,0,2,1,0,1,0,1,0,1,2,2,1,0,0.6571614581679261,0.4948898803129701,0
940,1,0,1,0,0,2,0,0,1,1,0,1,0,0,1,2,0,1,0,0,-0.9876564250800265,-0.8548019902243814,0
941,0,1,1,0,0,0,0,0,1,0,0,1,1,1,0,1,2,0,1,1,-1.6696294926136996,-2.0928432061043605,1
942,0,0,1,0,1,0,0,0,0,1,0,0,0,0,0,1,0,0,1,1,-0.36484094225519287,0.7566977798953358,0
943,1,1,1,0,0,2,1,0,0,1,0,0,0,0,2,1,0,0,2,0,1.05695339580986,1.534134176002468,1
944,0,0,0,0,0,2,0,0,1,0,1,0,0,0,0,2,0,2,2,1,0.7676172538362656,-0.40042637494214206,1
945,1,1,0,1,0,0,0,0,0,0,0,0,1,1,0,0,1,2,2,0,1.8277953165302576,0.9156857529846364,0
946,0,0,1,0,1,0,0,1,0,2,0,0,0,2,0,1,0,1,0,2,-0.7814233435432921,0.8341755728847976,1
947,1,0,2,0,0,2,0,0,0,0,2,0,1,0,1,1,1,0,0,0,0.7254368464929715,0.6083597237369545,0
948,0,0,0,0,0,1,0,1,2,0,1,0,0,1,0,1,1,0,1,0,0.877472531699955,1.255915187012433,0
949,0,0,1,1,1,2,1,0,1,0,1,2,2,0,0,0,0,1,0,0,-0.822392343951099,-0.8627875209670495,0
950,0,2,0,0,0,2,0,1,2,2,0,0,2,0,0,0,0,2,1,0,1.0813252721385636,2.214008494883002,1
951,1,0,0,0,0,0,0,1,1,0,1,0,1,0,1,1,1,1,1,1,-0.7965593896443666,-1.1323696999354702,1
952,1,1,0,0,1,1,0,0,0,1,0,0,1,0,1,1,0,0,1,0,1.6468547952646182,0.8386416944417983,0
953,0,0,0,0,0,0,0,1,1,1,1,1,1,0,0,1,1,0,1,0,0.743577455112039,-1.225113757265711,0
954,1,1,0,0,0,0,0,0,1,0,0,0,0,0,0,2,1,2,0,0,0.1787314412309714,0.41612662746864504,1
955,0,0,2,1,0,1,0,0,1,1,1,0,0,1,0,0,0,0,1,0,0.7363687774423635,-0.226375324516485,0
956,1,0,2,0,0,1,0,0,2,1,0,0,0,0,0,1,2,2,1,2,1.2156484961912255,0.05619960747744779,0
957,1,0,0,0,0,2,0,0,0,0,0,0,0,0,0,1,1,0,0,0,-0.7325693878475058,-1.6251818784014211,0
958,1,0,1,0,1,2,0,0,0,1,0,0,1,0,0,1,1,1,0,2,-0.6667356109220532,-1.2232742437696595,0
959,0,0,1,0,0,0,1,1,0,0,0,2,1,1,0,0,0,1,1,0,-0.17000064266986445,-0.9259682489925822,1
960,0,1,0,0,0,2,0,0,1,1,0,1,1,2,0,1,0,0,0,0,-1.7849289378605313,-0.8110458398427326,0
961,2,0,1,0,0,1,0,0,2,1,1,1,1,1,0,1,0,1,1,2,-0.37562209588397405,0.24594965819987974,0
962,0,1,0,0,0,0,0,0,2,0,0,0,1,0,1,0,1,0,2,0,-1.089450883116279,-0.7189739672015806,1
963,0,0,1,0,0,0,0,0,0,1,0,1,0,0,0,0,0,0,0,0,0.2763854372006776,0.05865203567574486,0
964,0,1,0,0,0,1,0,1,1,1,0,0,1,0,1,1,1,0,0,1,-0.0758154972515597,-1.3702391599923216,0
965,0,1,2,0,0,0,0,1,1,1,1,1,1,1,0,2,0,0,2,1,1.711398905844525,2.231235653072048,1
966,0,0,0,0,0,2,0,0,2,1,0,1,0,0,0,1,1,1,1,1,-0.7839220888150762,1.6008960244170565,1
967,0,0,1,0,0,2,0,0,0,0,0,0,1,0,0,0,0,1,1,1,-0.5561983259193681,0.9062077207613235,0
968,0,0,1,0,0,0,1,0,1,1,1,0,1,0,0,1,0,1,1,0,-0.7743484889972716,-0.36530782636684006,1
969,0,1,0,0,1,0,0,0,2,1,1,0,0,1,0,0,1,1,2,1,-0.9748787387699395,-0.6422490659337377,0
970,1,1,1,1,1,2,0,0,2,0,0,0,2,1,0,1,1,0,1,1,-0.26070522323850076,0.3939407689017701,0
971,0,0,0,0,0,1,0,1,0,2,1,0,1,0,0,2,2,2,1,1,0.6742076570312318,1.1640300595265325,0
972,0,1,0,0,0,0,0,0,0,0,1,0,0,0,0,0,1,0,0,1,1.9257420928645506,-0.40894892046210696,0
973,0,2,1,0,1,1,0,1,1,0,0,0,2,1,0,1,0,0,1,1,1.1108002894885287,0.22919498128446042,0
974,0,1,1,0,0,2,1,1,1,1,1,0,1,1,1,1,1,0,1,0,-1.183854245275138,-1.1641477648369474,0
975,0,1,0,0,0,0,0,0,1,1,0,0,0,0,0,1,1,1,1,0,1.6927239228927542,1.4305997860721869,0
976,0,2,1,0,0,2,0,0,1,1,1,0,0,0,0,0,1,1,1,0,1.3596395544247264,-0.39407650531187133,0
977,0,1,0,0,0,1,0,0,0,1,0,1,2,1,0,2,1,2,1,0,-0.009536945487626649,-0.16464285709922694,0
978,0,1,0,0,0,0,0,0,0,2,0,1,1,0,0,1,2,1,0,1,0.9498876698176267,1.1635468153514852,0
979,0,1,0,0,0,1,0,0,2,1,0,0,1,0,0,1,1,2,0,1,-0.07440559042049497,-0.01616892239427618,0
980,0,1,2,0,0,1,0,0,1,0,0,1,1,0,0,1,1,0,1,1,1.6069004474521906,-0.5150080687676714,0
981,0,0,2,0,1,1,0,1,2,0,1,0,2,0,0,0,2,1,0,1,-0.020841898964321336,1.2892176059153537,0
982,0,1,1,0,0,2,0,0,1,1,1,0,1,0,2,2,0,1,1,0,0.9267302496426166,-1.2895676774944023,0
983,0,1,0,0,0,1,0,0,1,2,1,1,2,1,0,1,1,1,0,1,-0.34603838994651237,-0.6833536398579756,0
984,0,0,0,0,0,1,0,1,1,1,0,0,0,1,0,2,2,1,0,1,0.8317732956949088,2.271019882866544,1
985,1,0,1,0,0,2,0,1,0,2,0,2,0,0,0,2,1,2,0,0,1.0930609814426755,1.072549519899641,1
986,1,1,0,0,0,2,0,0,0,1,0,0,2,0,0,0,0,2,0,0,0.2336865235288365,-0.6958820372442183,0
987,0,1,1,0,0,1,0,0,0,0,1,1,0,0,0,1,0,1,0,1,-0.7908200683208676,0.32820156682793916,0
988,0,0,1,0,0,1,0,0,0,1,1,0,1,1,0,1,1,2,2,1,0.7309527848758917,-1.9749168294384574,1
989,0,0,1,1,0,1,1,0,2,1,0,1,1,0,0,0,1,0,0,1,0.2837317235030197,-0.5649397141086603,0
990,1,2,1,0,1,1,0,1,1,0,0,1,1,0,1,0,1,1,1,1,-0.9228497335429513,-2.243988312491451,0
991,0,0,1,0,0,2,0,0,0,0,0,0,0,0,1,1,0,0,2,1,-1.3021719479963538,1.0226521583401937,1
992,0,2,0,0,0,1,0,0,1,1,0,1,0,0,0,2,1,1,1,1,0.7360523617868583,-0.656260791540433,0
993,0,1,0,1,0,2,0,0,1,1,1,2,0,0,1,1,1,0,0,0,0.6916454675518946,0.33897159212882993,0
994,0,0,1,0,0,1,1,1,0,0,0,1,0,0,0,2,1,0,1,0,0.2906493633676484,1.7972838334047696,1
995,0,1,1,0,0,1,0,0,1,0,1,1,1,1,0,1,2,0,2,1,0.4312501023019964,-0.339395045038231,0
996,1,1,0,0,1,1,0,1,1,1,2,1,0,0,0,2,1,1,2,0,0.8187181955727362,0.673269913198056,1
997,0,0,0,0,0,1,0,0,1,0,0,0,1,0,0,0,0,1,1,0,0.24536807792316895,0.18966459303014743,1
998,0,0,1,0,1,0,0,0,0,1,1,0,1,1,1,0,2,0,1,0,-0.5781667424072318,-1.6123403588589782,0
999,0,1,1,0,0,2,0,1,1,2,0,1,0,0,1,0,0,0,0,0,-2.152545196620169,-0.6948924460266417,1
1000,0,1,1,0,0,0,0,0,0,0,0,0,1,0,0,2,1,0,2,1,1.0989062735297725,0.715492776223662,0
1001,0,1,1,0,0,1,0,0,0,1,1,1,0,2,1,0,0,0,0,1,-0.2877002746787738,0.008428869305977,0
1002,0,0,0,0,0,2,0,1,1,1,0,1,2,2,0,0,2,0,1,0,-1.018627943779448,-0.4553331593027934,0
1003,0,0,0,0,0,0,0,0,1,0,1,0,2,1,0,1,0,0,1,1,1.6386545194579292,-1.106910999281144,1
1004,0,1,0,0,0,2,0,1,1,0,0,0,2,1,0,1,1,0,0,1,-0.8144032203136411,-0.6178887951289667,1
1005,1,1,0,0,1,2,2,1,2,0,2,1,2,0,1,0,1,0,0,0,0.06606602717340211,-1.4306497798016133,0
1006,0,0,0,0,0,2,0,0,1,0,0,1,0,0,0,2,1,1,1,1,-0.7523204987662245,0.08768702129572356,1
1007,0,0,0,0,1,0,1,0,0,1,0,0,1,0,0,1,0,1,1,0,0.31003257850284693,-0.4508353655869845,1
1008,0,0,0,0,0,1,0,0,0,1,1,0,2,0,1,1,1,0,1,0,-0.17012797295458568,-0.04439162186583559,0
1009,0,0,0,0,0,1,0,0,2,1,0,1,2,0,1,1,0,0,1,0,-0.5174721186294885,0.2553521522058471,1
1010,0,1,1,1,0,0,0,0,1,0,0,1,1,1,0,2,0,0,1,1,-1.758960908186436,-0.9624591412972996,0
1011,0,0,0,0,0,1,0,0,0,0,0,2,1,2,0,2,0,0,1,1,-0.3459066574327545,0.5282005384597386,0
1012,0,1,2,0,0,2,0,0,2,1,1,0,2,0,0,0,1,1,1,0,0.3281117833642425,-0.10092317094098585,0
1013,0,1,1,0,1,2,1,0,1,2,1,0,1,0,1,2,0,0,0,2,-0.1633274785774586,-0.28341885345493856,0
1014,0,1,0,2,0,1,0,0,2,0,0,0,2,0,0,0,1,0,1,1,-0.2626108972037313,0.5951988224599936,1
1015,1,0,0,0,0,1,0,0,1,0,1,0,1,2,0,1,1,1,0,0,0.5765967345692725,-0.24018088371853535,0
1016,0,0,0,0,0,1,0,0,1,2,0,0,0,0,0,0,1,0,0,0,-0.8349180525772372,-2.178834316122714,1
1017,0,0,1,0,0,2,0,0,1,0,0,1,1,1,0,1,0,0,1,1,0.59354412614368,1.2692503013750023,1
1018,0,0,1,0,0,1,0,0,0,0,0,0,1,0,0,1,1,1,1,1,-1.9519203752460665,-1.8325543179311263,0
1019,0,1,0,0,1,0,0,1,0,0,0,1,1,1,0,1,1,0,0,0,-2.592559015681033,-1.284460331744651,0
1020,0,1,1,0,0,1,0,0,1,0,1,0,0,0,0,1,1,0,2,0,1.0419797810118883,-0.2231843832422201,0
1021,0,0,0,0,0,1,0,0,0,1,0,1,0,0,0,0,2,0,1,1,0.27604415611217326,0.42921982037657547,1
1022,0,0,1,0,0,1,1,0,0,0,0,0,1,0,0,1,1,0,1,0,-0.28508226768242484,-0.10368888426536901,0
1023,0,0,0,0,1,1,1,0,2,2,0,0,1,0,0,1,0,0,2,1,1.0194928209658327,0.021478290714854853,0
1024,1,0,0,0,0,2,0,0,2,1,0,0,0,0,0,0,2,1,0,1,0.6888353081725122,1.5646401644080283,1
1025,0,0,2,0,0,1,0,1,1,0,0,0,1,0,0,1,1,0,0,1,-0.0005663501017433349,-1.529583463688529,0
1026,0,2,1,0,2,0,0,0,1,1,1,1,0,0,0,1,2,0,0,0,-2.3655764837094826,-2.1323600639461637,0
1027,0,0,0,0,0,1,0,1,2,1,0,0,1,0,0,0,1,1,2,0,0.7091452131585618,0.06247958787445071,0
1028,0,0,1,0,1,0,0,0,1,2,0,0,1,1,1,1,0,0,1,0,0.7600205714215826,0.0931271858561139,0
1029,0,0,1,0,1,1,0,0,1,0,1,1,1,0,0,1,1,1,1,1,0.05645831529506841,0.5293871161468908,1
1030,0,1,0,0,0,1,0,0,1,1,1,0,2,0,1,0,1,0,1,0,2.209489168359333,1.2281724358464046,0
1031,0,0,1,0,0,0,0,0,2,0,0,0,1,1,1,2,0,0,1,1,-0.6429988403732436,0.0077481700212150145,0
1032,0,0,0,0,0,2,0,0,1,0,0,1,0,0,1,0,1,0,0,2,0.1547759787914549,-0.6780828484345768,0
1033,0,0,0,0,1,2,0,1,1,1,1,0,1,0,1,1,1,2,1,0,1.3508552008489247,1.614664566837508,1
1034,1,1,1,0,0,1,0,1,2,1,0,0,1,0,0,0,1,0,1,1,0.9059489554179434,0.2354539110770062,1
1035,0,0,2,0,0,1,0,0,0,0,0,2,1,1,1,1,0,1,0,1,-0.02453051198809274,0.6001248410039153,0
1036,2,1,0,0,0,1,0,1,2,0,1,0,2,0,0,0,0,0,2,0,-1.2783995190908544,1.5622796954880145,0
1037,0,0,1,0,1,2,0,0,0,1,1,1,1,2,1,2,0,1,0,0,-1.8689480961548226,1.1166465192659447,0
1038,0,1,1,1,0,0,0,0,1,0,1,2,1,0,0,1,0,0,1,0,0.07520761533572141,1.1320840603061642,1
1039,0,0,2,0,0,1,0,0,2,0,0,2,0,1,0,1,1,0,0,1,-1.2446573846592517,-1.316004054623191,0
1040,0,0,0,0,0,1,1,1,1,0,1,1,0,0,0,1,1,1,2,1,0.38379629155597417,0.19014887041054795,0
1041,0,0,1,0,0,2,1,0,1,0,0,0,0,0,0,1,1,1,2,0,0.07349077113349921,-0.6981273736229372,0
1042,0,1,1,0,0,1,0,0,1,0,0,0,0,0,0,2,0,0,1,2,-0.28779694703655423,1.25639355143574,0
1043,0,1,1,0,0,1,0,0,1,0,1,1,0,0,1,0,0,1,1,0,0.835265189584402,-1.033779591423824,0
1044,0,0,1,0,0,1,0,1,1,1,0,0,2,1,0,1,1,0,2,2,-1.2132705287096404,0.28208398202860885,1
1045,0,1,0,0,0,1,0,0,1,1,2,1,2,2,1,1,0,0,1,0,2.210230243508606,-0.6362629433544402,0
1046,0,1,0,0,0,1,0,0,1,2,0,0,1,0,1,1,1,0,0,0,-0.10322038954784507,-0.3692629302421159,0
1047,0,0,1,0,0,2,0,0,0,2,1,1,2,2,1,1,0,1,1,1,0.20157048918935416,0.660550629994791,0
1048,0,0,0,0,0,1,1,0,0,1,1,1,1,1,1,1,0,0,0,0,0.3457158505635459,-1.2438530876491005,0
1049,0,1,1,0,1,0,1,0,1,0,0,0,1,0,0,0,1,1,2,0,1.6759287831146636,0.10157213529331074,0
1050,1,0,1,0,0,0,0,0,1,0,0,1,2,0,0,0,1,0,0,0,-1.4174429853297565,-0.08477849396704629,0
1051,1,2,1,0,0,1,0,0,0,0,2,0,1,0,1,1,0,1,1,1,-2.0907871619982865,-1.5567477931654672,0
1052,1,0,1,0,0,0,0,0,0,0,0,0,0,0,0,2,0,1,0,0,-0.09355767821503076,0.44038170564342466,0
1053,1,1,0,0,0,2,0,0,0,0,0,1,1,0,2,1,0,0,1,1,0.30123776556547804,-1.1477978374111169,0
1054,1,1,0,0,0,2,0,0,0,0,1,0,1,0,0,2,0,1,1,0,-0.917348951612557,0.603639967986489,0
1055,0,0,0,0,0,1,0,0,2,0,0,2,0,1,0,1,0,1,1,1,-0.22801259208672092,0.3656043129740232,1
1056,0,0,0,0,0,2,1,0,2,1,0,0,1,1,0,0,0,0,2,0,0.538676242969798,-0.33787316011107316,0
1057,0,1,1,0,1,1,0,0,1,2,0,0,1,0,0,1,0,1,1,0,-0.07836124234566684,-0.7986460464706052,0
1058,0,1,1,1,0,2,0,1,1,1,0,1,1,2,0,1,1,0,2,0,-1.3718817934071734,-1.2130877849585995,0
1059,1,0,1,0,0,0,0,1,0,0,0,1,1,0,0,1,0,1,1,1,-1.1188540037147168,0.6200847967161605,0
1060,0,1,0,0,0,1,0,0,0,0,1,1,1,0,0,1,1,1,0,1,0.23314735006742568,-0.6165614831957871,1
1061,0,0,2,0,0,0,0,0,1,1,0,1,1,0,1,1,0,1,2,0,0.544621408866396,0.6375489921136626,0
1062,1,1,1,0,0,2,1,0,1,1,0,0,0,0,0,0,1,0,0,2,-0.1356555542009515,-0.1258976189986118,0
1063,0,0,1,0,0,1,0,0,0,0,1,2,2,0,0,1,0,1,0,1,0.22620624276660953,-0.6442176574862583,0
1064,0,0,0,0,0,0,0,0,2,0,0,0,0,1,0,0,1,0,1,1,0.6376768367735042,-0.879268715007204,1
1065,0,0,0,0,1,1,0,0,0,2,0,0,0,0,0,1,2,0,0,1,0.6181561948443547,0.181350829569089,1
1066,0,0,1,0,0,0,0,0,0,0,1,0,1,0,0,1,0,0,1,0,-2.1963285212387906,0.0011612776955419735,0
1067,0,1,0,0,0,0,0,1,1,1,1,1,0,0,0,1,2,0,1,0,-0.4291338114565286,-0.6560717294417451,0
1068,1,0,0,0,0,0,0,0,0,1,0,1,0,1,1,1,1,0,1,1,0.3415077216613348,0.5284316617248458,0
1069,0,1,1,0,0,1,0,0,0,1,1,1,2,0,0,1,0,1,1,2,-0.14847685471129107,-1.213838466665086,0
1070,0,2,0,0,0,0,0,0,1,0,1,0,0,1,1,1,0,0,1,1,-0.9322037808767117,-0.8524065300116461,0
1071,0,0,1,0,0,2,0,0,1,1,0,0,1,1,0,0,1,0,2,1,1.6681077400447801,2.110886819722456,1
1072,1,0,0,1,0,1,0,0,1,2,0,0,1,0,0,2,0,1,1,0,0.26500538830102344,2.7098822809338956,1
1073,0,2,2,0,0,1,0,0,2,0,1,0,0,1,0,1,1,0,0,0,0.04024796616660827,-2.062726626733446,1
1074,0,0,1,1,1,0,0,0,1,1,0,0,1,0,0,1,1,0,0,0,-0.5699270246852439,0.06241070351698695,0
1075,0,0,0,0,2,0,0,0,2,0,0,2,0,0,0,1,1,0,1,1,-1.618238782959496,-1.832059300995342,1
1076,0,1,0,0,0,2,0,1,0,0,0,0,0,0,0,1,1,0,2,0,0.757236154994091,0.4904024008109754,1
1077,0,1,0,0,0,0,0,0,0,0,0,1,1,2,0,0,0,1,0,0,0.11200235200390696,0.869148972896176,1
1078,0,1,2,0,1,1,0,0,0,0,0,0,0,0,0,2,0,1,0,0,0.4989511577978402,0.1468512139968482,0
1079,0,0,1,0,0,2,0,1,0,1,1,1,0,0,1,2,1,0,0,0,-1.116234461203626,0.7740059109376541,0
1080,0,0,0,0,0,0,1,0,1,1,0,0,2,2,1,0,0,1,1,0,1.5532070749452538,2.308095435065848,0
1081,0,0,1,0,0,1,0,2,2,1,0,0,1,0,0,0,1,0,2,2,0.5041989216138378,0.9257182937308721,0
1082,0,1,1,0,0,2,0,0,1,0,0,0,1,0,0,1,1,0,0,0,-0.2108069586740809,0.4389870753212619,1
1083,0,1,0,1,0,2,1,1,2,0,0,0,0,0,0,1,1,0,2,1,1.5059050013057365,0.9020271633328417,0
1084,1,0,1,0,0,1,0,0,1,1,2,1,1,0,0,1,1,1,1,0,-0.9621610339879149,0.6212483247435926,0
1085,1,0,1,0,0,2,1,0,0,1,0,1,0,1,0,1,1,1,1,2,0.030191664444876302,-0.27837880841278473,1
1086,0,1,0,0,0,2,1,0,0,0,0,1,1,0,0,0,2,1,2,1,1.4195785185721317,-1.0425225256953814,1
1087,1,1,1,0,0,1,0,0,1,0,1,1,1,1,0,1,2,2,1,0,0.537715818256643,0.015406423233577354,0
1088,1,0,1,0,0,0,0,0,1,0,2,0,1,0,0,1,1,1,1,0,0.602727897632667,-0.7208076138328816,1
1089,0,1,1,0,0,2,0,0,2,1,1,1,1,1,0,1,0,1,1,0,1.4814846856819832,-0.5197881889495488,0
1090,0,0,1,0,1,1,0,0,1,0,1,1,1,0,0,1,0,0,1,1,0.017356270186851753,-1.9768607695470817,1
1091,0,0,0,0,0,0,1,0,1,1,0,1,1,0,0,1,2,2,2,0,-0.1629986883772172,-0.7972337527342741,0
1092,0,1,0,0,0,0,0,0,1,1,0,1,0,1,0,1,0,1,0,0,-0.04317727404631228,-0.21902890328058638,0
1093,0,0,2,0,0,1,0,0,1,0,0,1,1,0,0,0,0,1,0,0,0.5417940525805347,1.6003510722144598,1
1094,0,1,1,0,0,0,0,0,2,0,0,1,2,0,0,0,1,1,1,2,0.4130859281785026,0.752675333965235,0
1095,0,0,0,0,0,1,1,0,1,0,1,0,1,0,2,1,1,0,1,0,-0.43122872065812695,-1.3117274246179937,0
1096,0,0,1,0,0,1,0,0,2,1,2,1,0,0,1,1,0,1,0,1,0.16076653206220984,0.9229270963985892,1
1097,0,0,0,0,0,1,1,1,0,1,1,2,0,0,0,1,0,0,1,1,0.848045207046536,0.23943105191857073,0
1098,0,0,0,0,0,1,0,0,1,0,0,1,0,0,0,1,1,0,2,1,-1.2759676985000992,-2.0058303680023215,0
1099,1,1,1,0,0,1,0,0,1,0,0,0,1,0,0,0,1,0,0,0,0.6927599525005502,-0.6539134218189876,1
1100,0,0,0,0,0,2,0,0,0,0,0,1,1,0,0,2,2,0,0,1,-0.14721323320562382,0.6805967034270453,0
1101,0,1,0,0,1,2,0,0,0,1,1,1,0,2,0,0,1,0,1,2,-0.7793463037222566,1.4633632105436645,0
1102,0,1,0,0,0,1,0,1,0,0,0,1,1,0,0,1,1,2,2,0,0.3752874266270462,-0.44610209024038927,0
1103,2,0,0,0,0,1,1,0,1,0,1,0,1,1,0,0,0,2,1,0,-1.3105693375591685,-2.348879274378409,1
1104,0,0,0,0,0,1,0,0,1,0,1,0,0,0,0,0,1,0,1,1,0.11338673772239895,-0.993263937700279,0
1105,0,0,0,0,0,1,0,0,1,0,2,2,1,0,1,1,1,1,0,0,0.6813525813781972,-1.1664901656615165,0
1106,0,1,2,0,0,1,0,0,0,0,0,0,1,1,1,1,1,1,0,1,-1.0741816717106618,1.110801565015784,1
1107,0,2,0,0,0,0,0,0,0,2,0,1,1,1,0,1,1,1,1,1,0.22993626383844193,0.21846230981522247,0
1108,0,1,1,0,0,1,0,0,0,0,0,1,1,0,0,1,2,2,1,2,-0.2447704058039196,0.35613979933567624,1
1109,0,2,0,0,0,1,0,0,0,0,0,0,1,0,0,1,1,0,1,0,-0.17656480394183946,-1.066488143170177,1
1110,0,0,0,0,0,2,0,0,1,0,0,0,0,1,1,0,1,1,1,0,0.04927783759004305,1.2368130202264194,0
1111,0,1,0,0,0,1,0,0,2,0,0,0,1,0,0,2,1,0,1,0,-0.17998636826119005,-0.07876006199825315,0
1112,0,0,1,0,0,1,0,1,1,1,0,1,1,2,1,0,1,1,0,0,-2.1169980880281343,-0.8588705441737544,0
1113,0,1,1,0,0,0,0,0,2,2,0,1,0,0,0,0,0,1,0,2,0.09680726582764948,-0.1455220213883499,0
1114,0,0,0,0,0,1,1,0,0,0,2,2,0,1,0,0,1,1,1,2,0.2219334355749835,-0.6814568029136997,1
1115,0,1,0,0,0,1,0,0,0,1,1,1,0,1,0,2,0,1,2,2,2.7221232678520555,2.9554813530698114,1
1116,1,0,2,0,0,2,0,0,0,1,0,0,0,0,0,1,0,1,2,1,-0.043570174229793514,1.176565323414732,0
1117,0,1,0,0,0,2,0,0,1,0,1,1,1,1,0,0,1,1,1,1,-0.23073578230547637,0.4923199375823072,0
1118,0,1,1,0,0,2,0,1,1,0,0,1,0,0,0,0,1,1,0,0,0.38351222509737276,1.2913522625751983,0
1119,0,0,2,0,1,2,0,0,1,0,1,2,1,0,0,0,1,1,0,0,0.5750775194001688,-0.08797631935625061,0
1120,0,2,1,0,1,1,0,0,2,1,0,1,0,0,0,1,1,0,1,2,1.855807768725494,2.8271226927105184,1
1121,0,0,1,0,0,0,0,0,1,2,1,2,0,0,1,1,0,1,0,1,-0.1675892027155831,-0.6452692410545993,0
1122,0,0,0,0,1,1,0,0,0,0,0,1,0,0,0,0,0,1,2,1,0.7421467118281319,-0.3693840816388699,0
1123,0,0,0,0,0,1,0,0,1,0,0,2,1,0,0,1,1,0,1,0,0.4780311369185383,0.13596438444924697,1
1124,0,0,0,0,0,1,0,0,0,0,1,0,0,0,0,1,0,0,2,2,0.10872287904826411,-0.2902168396792542,0
1125,0,0,0,0,1,1,0,1,0,1,1,0,0,0,0,1,1,0,1,0,-0.1810037840386181,-0.2539518503343247,1
1126,0,1,1,0,0,1,0,1,0,0,0,1,1,0,1,0,0,1,0,0,2.151077748261455,2.726047801114597,0
1127,0,1,0,0,0,1,0,1,1,1,0,2,0,1,0,1,0,0,1,0,-0.8113388593608218,-0.021319985060130775,1
1128,0,0,0,0,0,1,0,0,1,1,2,0,0,1,1,0,0,1,1,2,0.7879848420927306,0.3833360117711825,1
1129,1,0,0,0,0,1,0,1,0,1,1,0,0,1,0,1,0,0,2,0,0.43516596493695087,-0.5646512893919289,0
1130,0,1,0,0,0,2,0,1,0,0,0,2,1,0,1,1,1,0,0,1,-0.034651295110997654,1.0380336675311965,0
1131,0,0,2,0,0,1,1,0,2,1,0,1,0,0,1,0,0,1,1,0,-0.10426257645876051,1.130739044965295,1
1132,0,0,1,0,0,0,0,0,1,0,1,0,0,1,1,0,1,0,2,0,0.03450143010788344,-1.0259886794206854,0
1133,0,0,2,0,0,1,0,0,1,2,0,1,1,0,1,0,0,2,1,1,0.8694204114294235,-0.0531192657392221,0
1134,0,0,1,1,0,1,0,0,1,0,0,1,1,1,0,1,0,0,0,0,0.457839393924,-0.722431319089788,0
1135,0,1,0,1,0,1,1,0,1,1,0,0,0,0,0,1,2,1,0,1,-0.8884107714808318,0.9748564001104576,0
1136,0,0,2,0,0,1,0,0,2,1,0,1,2,1,0,0,0,1,1,0,0.9087486144599559,-1.3019832944114231,0
1137,2,0,1,0,2,0,0,0,0,1,1,0,2,0,0,2,1,1,0,2,0.40736481194857194,-1.0396272329983423,0
1138,0,0,0,0,1,1,0,1,1,1,0,0,0,0,0,2,0,1,0,1,-0.08531370442995136,0.21538800122256402,0
1139,0,1,1,0,0,1,0,0,0,1,0,0,1,1,0,1,1,0,1,1,-1.1599669249137512,-0.43019006982133745,0
1140,0,0,2,0,1,1,0,1,1,0,0,2,1,0,0,1,0,0,2,1,0.15451830058636615,-0.8085323247566594,1
1141,1,1,0,0,0,0,0,1,2,0,1,1,1,0,0,1,0,1,2,0,-1.324085967977806,-2.602376248104602,0
1142,0,2,2,0,0,2,0,0,1,1,0,0,2,0,0,1,1,1,1,0,-1.4857980912793618,-0.04461484543693728,1
1143,0,0,1,0,0,2,0,0,0,0,0,1,1,2,0,0,0,0,1,1,0.44677908568752334,-0.7392901701877075,0
1144,0,1,2,0,0,0,0,0,1,1,1,0,1,0,0,0,0,1,0,0,0.07933908984514841,0.030975209897424527,0
1145,0,1,1,0,1,2,1,0,2,1,0,2,1,0,0,0,2,1,0,2,-0.2732691846311701,-0.27597978447113,1
1146,0,0,1,0,0,0,1,0,0,1,0,0,0,1,1,0,1,0,0,0,-0.6908978218291382,-0.19325480496497618,0
1147,1,0,0,0,0,0,0,0,1,1,0,0,1,0,0,0,0,0,1,1,-0.04346442438399271,-0.5445294047276585,0
1148,0,1,0,0,0,2,0,0,2,0,0,0,0,0,0,0,2,1,0,0,1.1516534007782568,0.9868591238162085,0
1149,0,1,1,0,1,0,0,0,1,1,0,0,0,0,1,1,0,1,1,0,-0.6104967590892451,-0.8609264617616127,0
1150,0,1,0,0,0,2,0,1,1,0,0,1,1,0,0,0,0,0,0,0,1.7495991611785084,1.4509050037021318,0
1151,1,0,0,0,0,0,0,0,1,2,0,0,1,0,0,1,1,2,0,1,0.6599013592352941,0.3863980868923684,1
1152,0,1,0,0,0,1,0,0,0,1,1,1,0,1,0,1,0,1,1,2,-1.1694082214000783,0.18719614759696812,1
1153,1,1,0,0,0,0,0,0,1,0,1,1,1,0,0,2,0,0,1,0,-0.6759675895070495,-1.076960363680655,0
1154,0,0,0,0,0,1,0,0,1,0,0,1,0,0,0,2,2,0,0,1,0.1275130607919963,0.42157594974712365,0
1155,1,0,1,0,0,0,0,0,2,2,0,0,0,0,0,1,1,0,0,0,-0.1638868671878273,0.6005819895385421,0
1156,1,0,0,1,0,0,0,1,1,0,1,1,0,0,0,1,2,2,0,2,0.8758253686970093,-0.3702122409133126,1
1157,1,1,1,0,0,1,0,0,0,0,0,1,1,0,0,1,1,0,1,1,0.7462354287167615,-0.3765795619694001,0
1158,1,0,1,0,0,1,1,0,2,1,0,0,0,1,0,1,2,1,1,1,-0.31356309818709477,1.6133734479148503,0
1159,1,1,0,0,0,2,0,0,1,0,0,0,1,1,0,1,1,0,0,1,2.083905895101483,1.329959783993134,0
1160,0,1,1,0,0,0,0,0,2,1,1,1,1,0,0,0,1,0,1,1,-0.5348907823395747,-0.12100920934727555,0
1161,0,0,0,0,0,1,0,1,1,0,0,0,0,0,0,1,1,1,1,0,-0.2581226104770619,0.8263378523764978,0
1162,0,1,2,0,0,0,0,0,1,0,0,0,2,0,0,2,1,0,0,0,-0.428991550693418,0.0384825297834443,0
1163,0,0,1,0,0,1,0,0,1,1,0,1,2,0,0,1,2,0,2,1,0.548191487204402,0.8309386960366472,0
1164,1,0,1,0,0,2,1,0,0,0,0,1,1,1,0,1,0,0,0,0,1.3353910886185905,1.0671177743750886,0
1165,0,1,0,0,0,1,0,0,2,0,1,1,0,0,1,0,1,0,0,2,-0.1938415209509579,-0.9002189806021631,1
1166,1,1,1,0,0,0,1,1,0,1,0,0,0,1,0,0,0,1,1,1,-1.0513035542145168,-1.432524632912218,0
1167,0,1,1,0,0,0,0,0,2,0,1,0,1,0,1,1,1,0,0,1,0.23739216617326797,0.4596436857682891,0
1168,0,1,0,0,0,0,0,0,1,0,1,1,1,1,0,2,0,0,2,0,1.2952403970651611,0.5107276817680837,0
1169,0,2,0,0,0,0,0,0,1,1,1,1,0,0,1,0,1,0,2,0,0.5677647214573864,0.6910362582552666,0
1170,0,0,0,0,0,2,1,0,0,0,0,0,1,0,0,0,0,0,1,0,0.37870550443875983,1.327379314623335,1
1171,1,0,1,0,0,1,0,0,1,2,1,1,0,0,1,1,0,1,0,0,-1.396217979783687,-0.8210723031788865,0
1172,0,2,0,0,0,1,0,0,1,1,0,0,1,0,0,2,0,1,2,0,0.3532430808545864,1.9198787107188622,0
1173,0,1,1,0,0,1,0,1,1,0,0,0,0,0,0,1,1,1,0,0,1.6352812392870482,1.9695995818811773,1
1174,0,2,0,0,1,0,0,0,1,0,1,2,2,0,1,1,1,0,2,0,0.9700528149637736,0.9831048229832835,0
1175,0,0,0,0,1,0,0,1,0,0,1,1,0,0,0,1,1,1,1,1,-0.8563692930757774,0.9480881616445191,0
1176,0,0,1,0,1,0,0,0,0,1,0,2,0,0,0,2,2,0,0,0,0.22468913346709596,0.2675136752934,0
1177,1,0,0,1,2,0,0,0,0,1,1,0,1,0,1,1,1,0,2,1,-0.7597313261841239,-1.1282778660652337,0
1178,0,0,0,0,1,0,0,0,1,1,1,1,0,1,0,1,0,0,1,0,-0.5343927252927438,-0.601781794991441,0
1179,0,0,1,0,0,1,1,1,0,1,0,0,1,0,0,1,1,0,2,0,1.385493400788475,0.9522647694991769,1
1180,0,0,0,1,0,1,0,0,1,1,0,1,1,1,0,2,0,1,2,2,-0.09369877693376472,0.3233268972301421,0
1181,0,0,1,0,0,0,0,1,2,0,1,1,0,0,2,0,0,0,2,0,-1.676012922930956,-2.0540198284376725,1
1182,1,0,0,0,0,1,0,0,2,1,0,1,1,0,0,0,1,1,1,0,1.2838089497052358,0.4902744268398531,0
1183,0,1,0,0,0,1,0,0,2,2,0,0,0,0,0,1,1,1,1,1,0.2985829584945916,-0.023261557484931028,0
1184,0,0,1,0,0,1,0,0,1,0,0,1,1,0,1,0,0,0,1,1,1.0908699183692854,0.7307004705417323,0
1185,0,0,0,0,1,1,0,0,1,1,0,0,0,1,0,1,2,0,2,0,0.9203927103661982,0.3870778820560449,1
1186,0,0,0,0,0,2,0,0,0,2,1,0,0,0,0,2,1,0,1,0,0.36645547582522137,0.7591110672581617,1
1187,0,1,0,1,0,2,0,1,0,1,0,1,0,0,0,1,2,0,0,0,0.895511282755883,-1.178044965152596,1
1188,0,1,1,0,0,1,0,0,2,2,0,0,1,0,1,1,0,1,2,1,-0.40700560855198825,0.7246163489115949,1
1189,0,0,0,0,0,2,0,0,1,1,0,1,1,1,0,1,1,0,1,0,-0.6450664299582898,-0.20719841379875825,0
1190,0,1,0,0,2,1,0,1,0,0,1,1,0,1,0,0,0,0,1,1,0.6959229875853908,0.1271360093501123,0
1191,0,0,0,0,0,1,0,1,1,0,1,0,0,0,0,1,1,0,1,0,-0.11632862645489965,-0.49622318075631033,1
1192,1,1,0,0,0,2,0,1,1,2,0,0,0,0,0,0,1,0,0,2,-0.022884039227156282,0.698140570025368,1
1193,0,1,2,0,1,1,0,0,0,0,1,1,1,0,0,1,1,1,1,0,-0.3137782531149508,-0.4585418700529479,1
1194,0,0,1,1,1,2,0,0,1,0,0,1,0,2,1,0,1,0,0,0,0.775241217123921,1.2052260107781458,0
1195,0,0,0,1,0,0,0,0,2,2,1,1,1,0,0,1,1,1,0,0,0.7987337026754291,0.49994763257210595,1
1196,0,0,1,0,0,0,1,0,1,0,0,0,1,1,0,2,1,1,1,0,-1.5687998261918572,-0.7156952930624164,0
1197,1,0,0,0,1,1,0,0,1,1,1,0,1,0,0,2,1,0,1,0,0.022393311255559763,0.47617048059659817,0
1198,0,1,1,0,0,0,0,0,0,1,1,2,1,0,1,0,2,0,0,0,-1.789480402380823,-0.13145136892398246,0
1199,0,1,1,0,0,2,1,0,1,1,0,2,1,0,1,0,2,0,1,0,-0.47647803888882234,-1.96976818156076,0
1200,0,1,1,0,1,1,0,0,1,1,0,0,0,1,0,0,0,0,1,0,0.8715862388609956,-0.5741250207674389,1
1201,0,0,0,0,1,2,0,1,1,1,0,1,1,0,1,1,2,0,1,1,1.957723481989447,1.8611709181115579,0
1202,0,1,1,0,2,0,0,0,2,1,0,0,2,0,0,1,2,1,0,1,-1.4806017430267537,1.3068862248474087,0
1203,0,0,1,1,0,1,0,1,1,0,0,2,0,1,0,0,1,0,1,1,0.5415984473225509,0.8237957841666523,0
1204,1,1,0,0,0,1,0,1,0,2,0,0,0,1,0,1,0,1,1,1,-0.03453762612773085,-0.1683705209492397,0
1205,0,0,0,0,0,1,0,0,1,0,0,0,0,0,0,1,1,0,0,0,-0.8472031283505218,0.33910346268839286,1
1206,0,0,0,0,0,2,0,0,2,0,0,0,1,0,0,0,2,1,0,0,-0.1500427176948161,-0.7425989876777828,1
1207,0,1,0,1,0,0,0,0,1,1,0,1,1,1,0,1,2,0,2,0,0.12835061751432483,0.2200412624383321,0
1208,1,1,0,1,1,2,1,0,1,1,0,0,0,0,0,1,1,0,0,1,0.9590438746858848,1.143021960711887,1
1209,0,1,1,0,0,2,1,0,0,1,1,0,1,1,1,1,2,1,1,1,-0.8127151546190692,-1.2924517097733381,0
1210,0,0,0,0,0,1,0,0,1,0,0,1,1,2,1,0,0,2,1,1,-0.564325950975417,-0.9061693713947557,0
1211,0,1,2,0,0,2,1,1,0,1,0,1,0,1,0,1,0,1,1,2,0.10194581406162768,-0.1684310041186926,0
1212,0,0,1,0,0,0,0,0,2,0,0,0,1,0,0,0,0,1,2,1,-0.32873612960749743,0.05370033055849241,1
1213,0,0,0,0,0,2,0,0,2,0,0,1,0,0,0,2,2,0,0,0,0.4322272996622222,0.3409860751374542,1
1214,0,0,1,0,0,1,0,0,1,0,0,2,0,1,0,1,1,0,1,0,-0.6403165240460248,0.6561762412827417,0
1215,0,1,1,0,0,0,0,0,0,1,1,1,1,0,0,0,1,0,1,1,-0.6907830557254389,-1.4939391018693176,0
1216,0,2,0,0,0,1,0,0,1,0,0,1,1,0,0,2,1,1,0,2,-1.0316724384585299,-1.4402829211513986,0
1217,0,1,0,0,0,1,1,0,1,0,2,2,0,0,1,2,0,0,2,0,-0.00832858741267798,1.2646939232593557,0
1218,0,1,0,1,0,0,0,0,1,1,0,1,1,0,0,0,1,0,1,0,0.08472227340860722,1.0232898431034367,0
1219,0,0,0,1,0,1,0,0,1,1,0,1,1,0,0,2,2,1,0,0,-0.7295458906352101,0.4177400918400808,1
1220,0,0,1,1,1,0,0,0,1,2,0,0,1,1,0,0,0,0,1,2,1.0942957414548016,0.3102795815593069,0
1221,0,2,0,1,0,1,0,0,1,1,0,0,1,1,0,1,1,0,1,2,0.4010993577766282,0.9533434942805838,0
1222,0,0,0,0,0,0,0,0,1,0,0,0,0,0,0,1,0,0,2,1,-0.370825486072476,-0.0117864086189427,0
1223,0,0,1,0,0,2,0,0,1,1,0,1,1,0,0,1,1,1,0,0,0.573807448940448,-0.227206432860601,0
1224,0,1,0,0,0,2,0,1,1,0,1,0,1,0,0,0,0,1,1,0,-1.3344141176264157,-0.31340345806187264,0
1225,0,1,0,0,0,0,0,1,1,0,1,0,0,0,0,0,1,0,1,0,-1.1788196003055227,-0.5964030112834456,0
1226,0,0,2,0,0,1,0,0,1,2,0,1,0,0,0,1,1,0,1,0,-0.8393748789822566,-0.4653570598897604,0
1227,0,1,0,0,0,2,0,0,0,0,0,0,1,0,0,1,2,0,0,0,1.872324398424079,1.7105489124871942,0
1228,0,1,1,1,0,0,0,0,1,0,0,1,1,1,0,2,0,0,1,0,-0.9139026669611408,-0.7427609483784252,0
1229,0,0,1,0,0,0,0,0,0,1,1,0,1,0,0,0,2,0,0,1,-1.8955738913064237,-0.17332496467972258,0
1230,1,1,1,0,1,1,0,0,1,1,1,0,1,0,0,1,2,1,2,2,-0.7097512358188045,0.4608536623486365,1
1231,0,1,1,0,0,0,0,0,2,1,0,1,1,0,0,0,2,1,2,0,1.2692551668915446,1.4839438874282573,0
1232,2,0,1,0,0,1,0,1,1,0,0,0,1,0,0,0,1,0,0,0,0.6324742578506356,0.4457179775831776,0
1233,0,1,1,0,0,2,0,1,2,0,0,0,2,0,0,1,1,1,1,1,-0.35957337699224706,-0.33748992737902345,0
1234,0,0,0,0,0,1,0,0,1,0,0,0,1,0,0,1,0,1,0,0,-0.00554263030075446,-0.47846423737547805,1
1235,0,1,1,0,0,1,0,1,2,0,1,0,0,1,0,1,0,0,2,1,-0.009549322571834976,0.42713277089666124,0
1236,0,0,1,0,0,1,0,1,1,2,0,0,2,0,0,0,0,0,2,1,-0.47327642657626756,-1.306625252718809,0
1237,0,0,0,0,0,1,0,1,2,1,2,0,0,1,0,1,0,1,0,1,1.088399400414405,0.10644598178625322,0
1238,0,2,1,1,0,1,0,0,1,0,0,1,2,0,0,0,1,1,0,1,0.7004549158388375,1.6651089578949927,0
1239,0,1,0,0,0,1,0,1,2,1,0,0,2,0,0,0,0,0,0,1,0.2907618791821334,-2.4009800509418375,1
1240,1,0,0,0,1,1,0,0,1,0,1,1,2,0,0,1,1,1,1,0,0.8418985794216958,-1.187603520361191,1
1241,0,0,2,0,0,1,0,0,1,0,1,1,0,0,0,0,0,0,0,2,0.4699415850096837,0.8448461179739861,0
1242,0,1,0,0,0,1,1,0,0,0,0,1,0,0,0,2,2,0,0,0,0.33311628379173647,0.9400205532891235,0
1243,0,1,2,0,0,1,0,0,1,0,0,1,1,0,0,1,0,0,2,0,1.0360982719825322,0.6844317798749759,1
1244,0,0,0,1,0,0,0,0,0,0,0,2,0,0,0,2,1,0,1,1,-0.7939613082367293,0.5033082074770312,0
1245,0,0,1,0,0,1,0,0,1,1,0,2,0,0,0,0,0,0,1,0,-1.2325840769488503,0.6305542313268502,1
1246,1,0,1,0,0,1,0,0,1,1,0,0,0,1,0,1,1,1,1,0,-0.3530590521556555,-0.8392801451544386,1
1247,1,0,0,0,0,2,0,0,0,1,0,2,2,2,0,0,1,2,2,2,0.5053873417762748,-0.3044927636440712,1
1248,0,0,2,0,0,0,0,0,1,1,0,0,0,1,1,1,1,1,1,1,-0.640342302803045,-0.9367365924357371,1
1249,0,1,0,1,0,0,0,0,0,1,0,0,0,0,1,1,1,0,0,1,0.5976209060500174,-0.5409746107365591,1
1250,0,1,0,0,0,1,0,0,1,1,2,0,1,0,0,0,1,0,1,0,-0.26416311429921047,-2.3087678237751956,0
1251,0,0,1,0,0,2,1,0,1,0,0,0,0,0,0,0,0,2,1,0,-1.2926088674417697,-0.041286515769524745,0
1252,0,1,0,0,0,0,0,0,1,0,0,1,1,0,0,2,1,1,2,0,-1.2001406314807486,-0.30110112328784727,0
1253,0,0,1,0,2,1,0,0,0,1,0,2,0,0,0,0,2,1,1,1,0.2977259348747833,-0.21439713189964987,0
1254,0,1,0,0,0,2,0,0,1,0,1,0,0,1,0,0,0,0,1,0,-0.42878557453813604,0.24994548254675486,0
1255,0,0,0,0,0,2,0,0,0,0,2,1,2,1,0,1,1,1,0,1,0.7799789746431022,0.028134899347342063,1
1256,1,0,1,0,1,1,0,1,1,0,1,2,1,0,0,1,1,0,0,0,-0.4773871956895273,-0.709749807889427,0
1257,0,1,0,0,0,1,0,1,1,1,0,0,0,0,0,1,1,1,1,0,-1.0554083699594536,-0.3756860363539231,1
1258,0,0,1,0,0,1,0,0,2,0,0,1,1,1,1,0,1,1,1,0,1.047319127067104,1.715825811814425,0
1259,0,0,0,0,0,1,0,0,1,1,0,1,1,1,0,1,1,2,1,1,0.3186642024898574,-0.49826368041052055,0
1260,0,1,1,0,0,0,0,0,0,0,1,0,0,2,0,0,1,0,1,1,0.2395479486123804,-1.1061091628489346,0
1261,0,1,1,0,0,1,0,0,2,2,1,1,1,0,0,1,0,0,1,0,-0.6410876655233959,0.6344532642253832,0
1262,0,0,0,0,0,1,0,0,1,0,1,1,1,0,0,1,0,0,2,0,-0.32990701311282356,0.001353257169685318,0
1263,0,0,0,0,0,0,1,0,1,1,1,1,1,1,1,2,0,0,1,1,2.1820204521707685,1.085245088166078,0
1264,2,0,1,0,1,1,0,0,0,1,0,0,1,0,0,0,0,1,1,0,-0.6615829758112475,-0.4801434136363855,1
1265,0,0,1,0,1,0,0,0,2,1,0,1,1,0,0,0,1,1,0,1,-0.9853058150334624,-1.1961067962947363,0
1266,0,0,0,0,0,0,0,0,1,1,0,0,1,0,0,1,1,1,0,0,-0.1609826594793776,0.04844776245280924,0
1267,0,0,1,0,0,0,0,0,2,0,0,1,0,1,0,0,1,1,1,1,-0.007362806436260378,-0.8439092184976666,0
1268,1,1,0,1,1,1,0,0,1,1,1,2,0,0,0,1,0,1,1,1,-1.7685658343953798,-1.1675661038953618,0
1269,0,0,0,0,0,0,0,1,2,0,0,0,0,0,0,2,0,1,2,0,0.8030099575240007,-0.141605177626011,1
1270,0,0,0,0,0,1,0,0,1,1,0,0,0,0,0,2,1,1,0,0,0.43453663363817063,1.0436932193954884,1
1271,1,0,0,0,0,0,0,0,0,1,0,0,1,2,0,1,1,0,0,0,0.7632155565845793,-0.03487639906366302,0
1272,0,0,1,1,0,1,0,1,0,1,1,1,1,0,1,1,0,0,2,0,0.7157934851003553,1.904379262751342,1
1273,0,1,1,0,0,2,0,1,1,0,0,1,1,0,0,0,0,1,0,0,-0.15285174621453038,-0.4983585453238427,0
1274,0,1,1,1,0,1,0,1,2,1,1,0,0,0,0,2,0,1,2,1,0.5741892902203833,-0.18872333443836597,0
1275,0,0,1,0,1,0,0,1,0,1,0,0,1,1,0,0,0,0,0,2,0.3087948262058894,0.1351309958776004,1
1276,0,0,0,0,1,0,0,0,1,0,0,1,0,0,1,0,1,0,2,1,2.2477531981827297,0.9408148083310232,0
1277,0,2,0,0,0,2,0,0,1,1,1,1,1,0,0,2,0,0,1,0,-1.0247849489832122,-0.09066745829253547,0
1278,0,0,0,0,0,1,0,0,1,0,1,1,1,0,0,0,0,0,0,0,-1.5621668814471272,-0.4738068356412557,1
1279,1,1,0,0,0,1,0,1,1,2,1,1,0,0,0,1,1,0,0,0,-1.4029827482419248,-1.19047955006264,0
1280,0,0,1,0,0,1,0,0,1,0,1,1,0,0,0,0,1,0,2,1,-0.6594135181847883,-1.3524208667667657,1
1281,0,0,0,1,0,1,0,0,1,1,1,0,2,0,0,1,0,0,1,1,0.024522663469925005,0.93833626430766,0
1282,1,1,0,0,0,1,0,0,0,2,2,1,1,0,0,0,2,0,0,2,-0.17796326133563847,0.27268930152475757,0
1283,1,1,0,0,0,0,0,1,1,0,0,1,0,0,0,1,0,1,2,2,-1.1125935235606257,1.0916474880322722,0
1284,1,1,0,0,1,0,0,0,2,0,0,1,0,2,0,0,1,0,0,0,-0.8175970556744382,-0.18027593576279877,0
1285,0,0,0,0,0,1,0,0,1,1,0,1,0,2,0,1,1,0,0,1,-0.3533035736732008,-1.4232466660207992,1
1286,0,2,1,0,0,2,0,0,1,0,0,0,1,1,1,1,1,0,1,0,-1.3816397133041187,-1.166863253136209,0
1287,0,1,1,0,0,2,1,0,2,0,0,1,1,1,0,1,1,1,1,0,-0.5954280047950415,-0.7196420848967131,0
1288,0,1,1,0,0,1,0,0,0,1,0,0,1,0,0,2,1,0,1,0,0.7761711961114391,1.3046659983080966,0
1289,0,0,0,0,1,0,0,0,1,0,1,0,0,0,0,0,0,1,1,0,0.6552553372736845,2.0102470661172567,1
1290,0,1,0,0,0,1,0,0,0,1,1,0,1,1,0,2,1,0,1,0,-1.185968923727341,-1.2383367367544742,1
1291,1,1,0,0,0,1,1,1,0,0,0,1,0,2,0,0,1,0,1,1,1.2127031915006414,0.9192297369167572,0
1292,0,0,0,1,0,0,2,1,1,0,0,1,1,0,0,1,1,1,0,0,-1.2689643673269972,-1.9813927820339312,0
1293,0,2,1,0,0,0,0,1,1,0,0,0,2,0,0,1,1,0,0,0,0.17788568446107417,-0.6064477229002095,1
1294,0,0,0,1,0,0,0,0,2,1,0,1,0,0,1,1,1,1,2,0,1.6387657854481263,1.4187104976263714,0
1295,0,0,0,0,1,0,0,0,1,0,0,2,1,0,0,0,1,1,1,0,-0.43857493957522575,-1.2882060329657492,0
1296,0,2,1,0,1,2,0,0,1,1,0,0,1,0,1,1,2,0,1,0,-1.212648786930349,-0.24452268266241373,0
1297,0,1,0,0,0,1,0,0,1,1,0,0,0,0,1,1,0,0,2,0,0.1735352018761053,1.1021884602356873,1
1298,0,1,1,0,0,2,0,0,1,0,1,0,1,0,0,0,2,1,1,0,1.4033560747165525,0.5309909193306059,0
1299,1,1,1,0,0,1,0,1,0,2,2,0,0,1,0,1,0,1,0,0,-0.27685830048311033,-0.6012340680532202,0
1300,0,1,0,0,1,1,0,1,0,0,1,1,0,0,0,1,0,0,1,0,-0.09517486907822167,0.6369634578146136,1
1301,0,1,0,0,2,1,0,0,1,1,0,0,1,0,0,0,1,2,1,1,0.09509598914206328,0.3090313728532045,0
1302,0,1,0,0,0,1,0,0,0,0,0,1,0,0,1,1,0,1,0,0,-0.06430485152815385,0.10686298090562683,0
1303,0,1,0,0,0,0,0,0,1,1,1,2,0,0,0,2,1,1,0,1,1.8330851199025953,1.3132044020563303,0
1304,1,0,1,0,0,1,0,0,2,0,0,2,0,0,0,0,0,1,1,1,-0.036285148449358505,1.135363868138833,0
1305,0,0,0,0,0,1,0,0,0,0,2,1,1,1,0,0,0,1,0,2,0.2031246158715785,-0.7657726430376088,0
1306,0,0,2,1,1,1,0,0,2,1,1,0,2,1,0,1,1,0,2,1,0.5527989471215331,0.15469548167073033,1
1307,0,1,1,0,0,1,0,0,1,1,0,0,1,1,0,1,1,2,2,0,-0.6334610900444467,1.4639468812970478,1
1308,0,1,1,0,0,1,0,0,0,0,1,0,0,1,0,1,1,1,2,0,-0.8707079700872223,-0.7340589898600185,1
1309,1,2,0,0,0,1,1,0,1,1,1,0,0,0,0,2,1,1,2,1,-0.7892327269731251,-0.7317246479553537,0
1310,0,0,1,0,0,1,2,0,2,1,0,0,2,1,0,1,1,2,2,1,0.5941213378538308,1.1102881210389413,0
1311,0,1,0,0,1,1,0,0,1,1,0,1,1,0,1,1,0,1,0,0,1.1562090055601855,0.16689055274410172,0
1312,0,0,0,0,1,2,0,0,1,1,0,0,0,1,0,1,0,0,0,1,-1.2028913869807945,-0.3446118450940182,1
1313,0,0,2,0,1,2,0,0,1,0,1,1,1,0,0,1,1,1,0,0,-0.1806039600124018,0.6290439787495798,0
1314,0,0,0,0,0,0,0,0,2,0,0,0,1,0,0,0,1,1,0,0,-1.6179252188487159,0.12612587824093358,0
1315,0,1,1,0,0,1,0,0,0,0,1,0,0,0,0,1,1,1,0,1,1.3221395925504298,-1.8705253848052577,0
1316,0,0,0,0,1,1,0,0,0,1,1,0,1,0,0,0,1,1,1,0,-1.586099818782955,-1.8929985282058186,0
1317,0,1,0,0,0,1,0,0,2,0,0,0,1,0,0,0,2,0,1,2,-0.762052144570172,0.6998640793308651,0
1318,0,0,0,0,0,1,0,0,1,2,1,0,1,0,0,0,1,1,1,0,0.2244625489629731,-0.38700199068501673,0
1319,0,2,1,1,1,1,0,0,1,2,0,0,0,0,0,0,0,1,1,1,-0.5610086627024359,-1.7869725934563438,0
1320,0,0,2,0,0,2,0,0,1,1,1,1,0,0,0,0,1,0,1,2,0.9822930831762832,1.0287903579008213,0
1321,0,1,0,0,0,1,0,0,2,1,0,0,1,1,0,1,1,1,2,1,-0.27001839778458064,-0.12038485170757668,0
1322,1,0,1,1,0,0,0,0,0,0,0,0,2,0,2,0,0,1,2,1,-0.11611198438246585,1.1328711243462513,1
1323,1,0,2,0,0,1,0,0,2,0,1,1,0,0,0,0,1,1,0,1,-0.38560793437181184,-2.5691857278023935,0
1324,0,1,2,0,0,0,0,1,2,0,1,0,1,1,1,2,0,1,1,2,-0.869409125944581,-0.7178040658716293,0
1325,0,1,1,1,0,0,0,1,1,2,0,0,1,0,1,1,1,1,1,0,0.11152866555943622,-0.8161977784130452,0
1326,0,1,1,0,0,2,0,0,0,1,0,0,0,1,0,1,1,0,0,0,-1.0243271068494735,-0.24472776884370878,0
1327,1,0,1,0,0,1,1,0,0,1,0,0,1,0,0,1,0,1,1,0,0.1214041187616898,0.05034266781668878,1
1328,1,0,1,0,1,2,0,1,1,0,2,0,0,1,0,0,1,0,0,0,0.8366111571123067,0.9558323701374156,0
1329,0,2,1,0,0,1,0,0,2,1,0,1,1,0,1,1,0,0,1,0,-0.0747421309992194,0.6482433299636255,0
1330,0,0,0,0,1,1,0,0,2,1,1,0,0,0,0,1,0,0,1,1,-0.05328828830281696,0.11691696440060184,0
1331,0,0,0,0,1,1,1,0,0,0,1,0,1,0,0,1,0,0,1,1,-1.4719018547062932,-1.4882280854396304,0
1332,1,0,0,0,0,1,0,0,0,0,1,1,0,0,1,2,1,0,2,0,-0.7094135586737454,-0.9280864323414291,0
1333,0,0,2,0,0,1,0,0,2,1,1,0,2,0,0,0,0,1,0,1,-1.4150092555415226,-1.4305224326164252,0
1334,1,1,1,0,0,0,1,0,1,0,0,1,0,0,2,1,1,0,1,0,-0.32800542114704684,-0.20605560219818628,0
1335,0,1,1,0,1,1,2,1,1,0,1,1,1,0,0,1,0,1,2,1,1.5417140460133187,0.5037929129545324,1
1336,0,2,0,0,2,2,0,0,1,0,1,1,2,1,0,1,0,0,1,0,0.7806204438491594,0.47912556889587166,0
1337,0,1,1,0,0,2,0,0,0,1,1,0,0,0,0,0,1,1,0,0,0.4378505026871522,-0.26384361524506816,1
1338,0,1,0,0,0,2,1,0,1,0,1,0,0,2,0,2,1,0,1,1,0.5460857065965691,1.9201782449566003,0
1339,1,0,0,0,0,1,0,1,1,0,1,1,1,0,0,0,0,1,2,2,1.9677931192612914,1.0466784931896662,0
1340,0,1,1,0,0,0,0,0,1,0,0,1,1,0,0,1,0,1,1,1,-0.2468883125168608,0.37141804461039835,0
1341,0,0,1,0,0,1,1,0,0,0,0,1,0,0,1,1,1,1,2,0,0.9068424384982547,1.0025754229430484,0
1342,0,0,2,0,0,0,0,0,1,0,1,1,0,0,0,0,0,2,1,2,-1.2469823499963937,-1.3237705951642358,0
1343,0,1,2,0,0,0,0,0,1,0,1,1,1,0,0,0,1,1,0,1,-1.0368325340933942,-1.5872953344347214,1
1344,0,0,0,1,1,1,0,0,1,2,0,1,0,0,0,0,1,1,1,0,0.7242717765073324,1.2259999918954931,0
1345,0,0,0,0,0,0,0,0,0,1,0,1,0,0,0,0,0,0,2,0,0.866419390159907,-1.1215734793741368,0
1346,0,0,0,0,0,1,0,0,2,0,1,0,0,1,0,2,0,0,1,1,-1.0252975283241794,-0.3538905815150972,0
1347,1,1,0,0,0,0,0,0,1,0,0,0,0,1,1,0,1,0,0,0,1.619096274897314,-0.3296954292568944,0
1348,0,1,0,0,0,1,0,0,1,1,1,0,1,1,0,2,0,1,0,1,-0.05133411292051833,-1.5354390636317725,0
1349,1,1,0,0,0,1,0,0,1,1,0,1,1,1,0,1,0,0,1,0,0.18780500088763502,-0.49264887660056783,0
1350,0,1,0,0,0,2,1,2,1,1,0,0,2,0,1,1,0,1,0,0,-1.0678032287436712,0.8575000851419207,0
1351,0,1,0,0,0,1,0,0,0,1,0,0,0,0,0,1,1,0,0,0,-0.7523908656607002,0.013129038745137989,0
1352,0,2,0,0,0,1,1,0,2,0,0,0,1,0,0,2,1,0,0,2,-0.12580736481309018,-1.0756756231158076,0
1353,2,0,0,0,0,1,1,0,0,0,0,0,0,0,0,0,0,1,1,0,0.20170227299665952,0.2695264122044645,0
1354,0,1,0,0,0,2,0,0,1,1,1,1,0,0,0,1,0,1,1,1,0.7692062182514355,1.0418324824114413,0
1355,0,0,0,0,0,0,0,1,1,0,0,1,0,0,0,0,1,0,1,0,0.5213389087156332,0.5556227718167023,0
1356,0,0,2,0,0,2,0,0,2,1,0,0,1,1,0,0,0,0,1,1,0.6621933247325642,-0.7125909790231905,0
1357,0,1,1,0,1,0,0,0,1,1,1,0,1,0,0,0,1,1,0,0,1.1100572473444796,-0.8030607944233399,0
1358,0,0,0,0,1,1,0,0,1,1,0,0,1,1,0,1,0,0,0,0,0.39728750553637915,1.0236628730897444,0
1359,0,1,1,0,0,1,0,0,0,1,0,0,0,0,0,0,1,1,1,0,-0.29158839011416393,0.7624754822219328,1
1360,1,0,0,0,0,0,0,1,1,0,0,1,1,1,0,1,1,1,2,0,2.1231714838924747,1.8499676556709423,1
1361,1,0,1,0,0,0,1,0,1,0,0,0,0,0,1,1,2,2,1,2,0.8492854780967096,2.681275131710347,1
1362,0,2,0,0,0,0,0,1,2,0,0,0,1,0,1,0,1,1,1,0,-0.7242189904784828,-0.7328515118985593,0
1363,0,0,0,0,0,2,0,1,1,0,0,0,1,2,0,0,2,0,2,0,1.431904113699816,0.5886955790214482,1
1364,0,1,1,1,0,1,1,1,0,1,1,1,1,1,0,2,1,0,2,0,-2.1656927501316456,-0.5990649499142129,0
1365,0,1,0,0,0,0,0,0,1,1,0,0,1,1,0,0,0,1,0,0,-0.500156465203456,-0.44745675999924184,0
1366,0,2,1,0,0,1,0,0,2,0,0,0,0,0,1,2,2,0,2,1,-0.005142643967923336,-1.0234712492688494,0
1367,1,0,1,0,0,2,0,0,0,0,0,1,1,0,1,1,2,0,2,2,0.22179644216684402,1.0581174932798678,0
1368,0,0,0,0,0,2,0,1,0,1,0,0,0,0,0,0,1,0,1,0,0.24512385609581042,0.20334512700996515,0
1369,0,1,0,0,0,2,0,0,0,1,1,0,2,0,0,0,1,0,0,0,0.25346244992161676,-1.3681309572445277,1
1370,1,0,1,0,0,1,1,0,2,0,1,1,0,1,0,1,1,1,0,1,-0.926296031415166,-0.3723977337886015,0
1371,1,1,0,0,0,1,0,0,0,0,0,1,2,0,0,0,0,0,1,2,0.8327499340611314,0.2725934865866896,1
1372,0,0,1,0,1,2,0,0,1,0,0,0,2,1,1,1,1,1,1,2,1.986732138225837,1.53019440402896,1
1373,0,1,1,0,1,2,0,0,1,1,0,2,1,0,0,2,0,0,1,1,0.7497853706577098,0.400536094757343,0
1374,1,0,0,0,0,0,1,0,1,2,0,0,1,0,0,0,0,0,1,1,-0.14156149179577637,-0.0018082772881421877,1
1375,0,0,0,0,0,1,1,0,1,0,1,2,0,1,0,1,0,1,1,2,0.32867715504498835,-0.8126960500516585,0
1376,0,0,0,0,2,1,0,0,1,1,1,1,1,0,0,1,1,1,1,0,1.4484614390807276,0.3723043086435784,0
1377,0,0,1,1,0,2,0,0,1,1,0,0,0,0,0,0,1,0,1,1,0.9125131661099637,2.018340426291265,1
1378,2,1,0,1,0,0,1,0,0,1,0,0,2,0,0,2,0,0,1,0,0.6954053854076068,0.8487347886256327,0
1379,0,1,0,0,0,1,0,0,1,1,0,0,1,0,0,2,1,1,0,0,0.20858000806533186,-0.2949483020776727,1
1380,0,0,1,0,1,2,0,0,1,1,1,0,2,0,0,1,0,0,1,1,1.0135328621392525,-0.2679211069919578,0
1381,0,0,1,0,0,1,0,0,0,1,0,0,1,0,0,1,0,2,1,1,2.0717211671268556,0.3830351802424582,1
1382,0,0,0,0,0,1,0,0,2,0,1,0,0,0,0,1,1,1,0,2,-1.8477222123364399,0.353253685761151,0
1383,0,0,2,0,0,2,0,0,0,0,1,1,1,2,0,0,1,2,1,1,0.8883325507008162,0.4985893250990476,0
1384,1,1,0,0,0,1,0,0,1,0,0,0,1,0,0,2,0,2,2,0,1.140762748729948,0.9970757327715776,1
1385,0,0,0,0,0,2,0,0,1,0,0,0,1,1,0,0,0,0,1,0,-0.5213738177555932,-0.6385397691760418,0
1386,1,2,1,0,0,1,0,0,2,0,0,1,0,0,0,0,0,0,1,1,0.5864653976572478,0.1701108513160555,0
1387,1,0,1,0,0,1,0,1,0,0,0,1,1,0,0,1,0,0,0,0,-1.1207652464701892,0.43924799409678916,0
1388,0,0,0,0,0,2,0,0,2,0,1,0,1,1,1,1,0,0,1,0,0.12580730360361242,-1.9534019398649185,0
1389,0,1,1,0,0,1,0,0,1,1,0,1,0,0,1,1,1,0,1,1,2.7088628099455625,-0.1333300413616787,1
1390,0,0,1,0,0,1,0,0,0,0,1,1,0,0,1,0,1,1,1,0,-1.1393045020230936,-2.0104363047349807,0
1391,0,1,0,0,0,0,0,0,1,1,1,1,1,0,0,1,1,1,1,1,0.7449754030786997,0.7887262748247063,0
1392,1,0,1,1,1,1,0,0,0,1,0,0,1,0,0,1,1,2,1,1,-1.6521169091974648,0.929334428855785,1
1393,0,1,0,0,0,1,0,0,1,1,0,1,0,1,0,1,1,0,0,1,0.05851832595989877,0.04190072167405616,1
1394,0,1,2,1,0,0,0,0,1,0,1,1,1,1,0,1,1,1,0,0,0.5373137271508764,0.812447754216098,1
1395,0,0,1,0,0,1,0,0,2,1,0,0,1,1,0,0,1,0,1,1,-0.3440361455584609,-2.1560487429006465,1
1396,0,0,2,0,0,1,0,0,1,0,1,0,0,0,0,1,1,1,1,0,0.7674985865079943,-0.7749050616915333,0
1397,1,1,1,0,0,0,0,1,1,0,1,0,1,1,0,1,2,0,1,1,-0.2749484253830358,-0.22820979369998518,0
1398,0,0,0,0,0,1,1,0,0,2,0,1,0,1,0,2,1,2,1,1,0.16030305628896718,0.7709203038520596,0
1399,0,0,0,0,0,2,1,0,0,1,0,1,1,0,0,2,1,1,1,1,0.9494589664315006,0.6941492933860202,0
1400,1,0,0,0,0,2,1,0,0,0,2,1,2,0,0,1,1,1,0,2,-0.43077408802198314,-1.3112534827540847,1
1401,0,0,0,0,0,0,0,0,0,0,0,1,0,0,0,1,1,0,1,1,0.6035385343315233,0.035309005149810835,1
1402,0,1,0,0,0,1,1,0,0,1,0,0,1,0,1,1,0,1,2,0,-0.6061991009292736,-0.4852299819023146,0
1403,0,0,0,0,0,0,0,0,1,1,1,1,1,0,0,2,1,0,0,0,0.10766697155472246,-0.3845459870004156,1
1404,0,0,1,0,0,0,0,0,0,1,1,0,1,1,0,1,1,1,1,0,-0.2967895504600899,-0.3373920700122566,1
1405,0,0,0,0,0,1,1,0,0,0,0,0,1,1,1,0,1,1,2,0,-0.22853827590434853,0.4689518658601387,0
1406,0,0,0,0,0,1,0,0,1,0,2,0,0,0,0,1,0,1,2,1,-0.48171012263190566,-0.2764115767490081,0
1407,0,1,1,0,0,1,0,1,1,2,0,1,1,0,0,1,1,0,1,1,1.8782461856356114,1.091502597227737,1
1408,1,0,1,0,0,1,0,0,2,0,0,1,1,0,0,2,0,1,1,1,-0.2631457603498086,0.3376231649554773,1
1409,0,0,0,0,0,2,0,0,2,1,1,0,1,1,0,0,1,1,1,0,0.351860920276146,0.09133246346030927,0
1410,0,0,0,0,0,1,0,0,2,0,0,0,1,0,0,0,0,0,1,0,-1.704353523005384,-1.0446016906060385,0
1411,0,1,1,0,1,2,0,1,0,0,0,0,1,0,0,1,2,1,0,0,-1.6179929214990254,-1.6031138896450394,1
1412,1,1,0,0,0,2,0,1,2,1,1,1,0,1,1,0,1,1,1,1,-0.16739289974667948,1.6256086245277257,1
1413,0,1,1,0,0,1,0,0,2,0,1,0,1,0,0,0,1,1,1,1,-0.619069460381424,-1.434496006608635,0
1414,0,1,0,1,1,1,1,0,2,1,0,0,1,0,0,0,2,0,1,0,0.25729675273263103,0.02470092541799397,0
1415,0,1,1,0,0,1,0,0,1,1,0,0,1,0,0,1,2,1,2,1,-0.9620286741192934,0.6373504322160497,0
1416,0,0,1,0,0,0,0,0,0,1,0,1,1,1,0,1,1,0,1,0,-0.9345952932863714,0.7213601121266122,0
1417,0,1,0,1,1,0,0,1,0,1,0,0,2,0,0,0,1,0,1,1,0.11925247313181472,-0.9084867433670066,0
1418,0,0,0,0,0,2,0,1,0,0,1,0,2,0,0,0,1,0,2,0,-1.940416330137063,-1.554906107401272,0
1419,0,1,1,0,1,2,1,0,1,1,1,1,2,1,1,0,1,0,2,0,-0.022227812777801573,-0.6422207341812877,0
1420,1,1,0,0,0,1,0,0,1,1,1,1,2,0,0,1,0,0,1,0,-0.03049998572769963,-1.4544207278161052,0
1421,0,2,1,0,0,0,0,0,1,0,1,0,1,1,1,0,1,1,1,1,0.46282956834214617,-1.1857970690373258,0
1422,1,0,1,0,0,2,0,0,0,0,2,1,0,1,0,1,1,1,1,1,-0.8306254938011199,-0.330304003504022,1
1423,0,0,1,0,0,0,0,1,2,0,0,1,2,1,0,1,0,1,1,2,1.8436615291470042,0.6991095172772143,1
1424,1,0,0,0,1,1,1,0,1,1,2,1,0,0,1,2,0,0,0,1,-0.33018863821533634,-0.9930999725024146,0
1425,0,0,0,0,0,0,0,1,2,0,0,1,1,2,1,1,1,0,0,2,0.026583793523546395,1.2191366598425464,1
1426,1,0,0,0,0,1,1,0,1,0,1,0,1,0,0,1,0,2,2,1,0.34991309808722754,-1.2982299681875324,0
1427,0,0,0,0,0,1,0,0,1,1,0,0,1,2,1,1,1,0,0,1,0.26873317721884094,1.4029089696396566,1
1428,0,0,0,0,0,2,0,0,2,1,2,0,0,0,0,1,0,0,0,0,0.29375798770817413,-0.490887628543393,0
1429,0,1,1,0,0,0,0,1,2,1,0,1,1,1,1,0,1,1,0,1,-1.7734187326956241,-0.7414026143488757,0
1430,0,1,0,0,0,0,0,0,0,0,1,0,0,0,0,2,0,0,1,1,-2.1424107472215814,-1.4035950157421122,0
1431,0,1,1,0,0,2,0,0,1,1,0,0,1,1,1,0,0,0,1,1,-1.172699421910612,0.654862684126575,1
1432,0,2,1,0,0,1,0,0,1,0,1,0,0,1,0,0,0,1,1,0,0.5203599555726326,-0.39508541628807653,0
1433,1,1,0,0,0,1,0,0,1,0,1,0,0,0,0,1,0,0,0,1,-0.530066901797481,-0.8633901145743099,0
1434,1,1,1,0,1,0,0,0,1,0,0,0,1,0,0,1,1,0,0,0,1.3513660432044183,-2.2663295600481232,1
1435,0,0,0,0,0,0,1,0,1,2,0,0,0,0,1,0,1,0,1,1,0.3299363270580818,1.2067898753890898,0
1436,0,0,2,0,0,1,0,0,0,1,0,1,0,0,0,0,1,0,1,0,-0.9519887577900774,1.0159362518382866,0
1437,0,0,1,0,0,1,0,0,1,2,0,0,1,1,0,1,1,1,1,0,-0.2547079218193104,1.0217213569024908,0
1438,0,1,2,0,0,0,0,1,1,1,0,0,1,1,0,0,1,0,0,0,-0.9024287294551919,-0.8175401643375191,0
1439,0,0,0,0,0,2,0,1,1,0,0,1,1,0,0,1,1,1,2,0,-2.3163615173936996,-0.7315698484945415,0
1440,0,1,1,0,0,1,1,0,1,1,0,0,1,1,0,2,1,0,1,1,-0.4102729735167457,0.20454317496468807,0
1441,0,1,1,0,1,2,0,0,1,0,0,0,1,0,0,2,0,0,2,0,0.4656524398971657,0.46252399852813864,0
1442,0,0,1,0,0,0,0,0,2,0,2,0,1,0,0,0,1,2,0,1,0.5279388445827005,-0.7227408182582242,0
1443,0,2,1,0,1,0,0,0,2,0,1,0,0,1,1,0,1,2,1,2,-0.40058288737945286,-1.5920727561241583,0
1444,0,1,1,0,0,2,0,0,1,0,0,1,1,0,0,0,1,1,0,2,-0.7219126467241076,0.9450238223768788,0
1445,1,0,0,0,1,1,1,0,2,2,0,0,0,0,0,1,1,1,2,1,0.6506112338621369,-0.5888122500209668,0
1446,0,1,0,0,0,0,0,1,2,0,0,0,1,0,0,1,0,1,2,1,1.9885399434523865,-0.5510771480763669,0
1447,0,0,1,0,0,1,1,0,1,0,0,0,0,0,0,1,0,1,1,0,-0.9704557697392838,0.37372637267421965,0
1448,0,0,0,0,0,1,1,0,1,1,0,0,2,0,0,1,1,0,0,1,-0.26000349279238727,-1.7239040788317341,0
1449,0,1,1,1,0,2,0,0,2,0,1,1,2,2,0,1,0,1,2,0,0.4965273607108773,1.0917608027066783,0
1450,0,0,0,0,0,1,0,0,0,1,1,2,1,0,0,1,0,0,2,1,-1.2142859945837934,-1.5421936255932653,0
1451,1,0,1,0,0,0,0,0,1,0,1,0,0,1,1,0,2,1,1,0,0.7138642633717517,-0.5846107910403056,0
1452,0,1,1,0,1,1,0,0,1,0,0,0,1,0,0,1,1,0,0,0,-1.1092641833456007,-0.8189959188765137,0
1453,0,1,1,0,2,0,0,1,1,2,1,2,1,0,0,0,0,0,0,1,2.1692954499682333,0.7876933502846091,0
1454,1,0,2,0,0,1,1,0,2,0,0,0,0,2,0,1,1,0,0,1,0.4497841825956891,1.800691631713149,0
1455,1,0,0,0,0,1,0,0,1,1,0,0,2,0,0,1,1,1,1,1,-0.8684158409251307,-1.0714750225831062,0
1456,0,1,2,0,0,1,1,0,2,0,0,0,1,0,1,1,1,0,1,0,0.31516417523217855,-0.13465096238435542,0
1457,0,0,0,0,0,0,1,0,2,1,0,0,0,1,0,0,0,0,1,0,-0.24042097312230623,-0.22358862168263222,0
1458,0,0,1,0,0,1,0,0,2,1,0,0,1,1,0,1,0,1,1,0,0.4249106820978255,0.6378159707355469,1
1459,0,0,1,1,0,1,0,0,1,0,2,0,0,0,0,0,0,0,0,0,-0.21313739782367028,-0.3347579047137697,1
1460,0,0,1,0,0,2,0,0,0,2,0,1,2,0,0,1,1,0,1,1,1.045539174726247,2.236593791124233,0
1461,0,0,1,0,0,1,0,1,2,0,0,0,0,1,0,0,0,0,2,0,-1.0076424738998302,-0.12064059040423189,0
1462,1,0,1,0,0,2,0,0,1,1,0,1,0,0,0,1,0,1,2,1,1.2752987371922773,-1.1455658824904222,0
1463,0,1,1,0,0,1,1,1,1,1,0,1,1,0,0,0,0,1,2,0,-0.5119654098527411,0.19138042304359087,0
1464,1,1,1,0,1,1,0,0,1,1,1,0,0,1,0,0,0,0,1,2,-1.3991920083330258,-0.9705199113100259,0
1465,0,2,0,0,0,1,0,1,0,1,0,1,1,1,0,1,1,0,1,1,1.7706000309270766,-0.006099706566706109,0
1466,0,1,2,0,0,1,0,0,0,1,0,1,0,0,1,1,1,2,1,1,0.709434167251151,1.5888109045652141,1
1467,0,0,1,0,1,0,0,0,2,1,0,1,2,0,0,2,0,2,1,1,0.7904367623856405,0.42332510517846883,1
1468,0,1,0,0,0,0,0,0,1,1,0,0,1,0,0,1,1,0,0,1,-0.6562829350319149,0.942954522250413,0
1469,0,1,0,1,0,0,0,0,1,0,1,0,1,0,0,1,0,1,0,0,0.6946880561658781,-0.4431892412984907,1
1470,0,0,2,1,0,0,0,0,2,0,0,0,1,0,0,2,1,0,1,1,1.309480175447337,0.9688026550082507,0
1471,0,1,1,0,0,2,0,0,1,1,1,0,1,0,0,0,2,1,2,2,-0.5614894948896375,0.5346839033152477,0
1472,1,1,1,1,0,0,0,0,1,2,1,1,0,0,0,2,2,1,1,2,-1.1766041092315875,0.0929721380933716,0
1473,0,0,1,0,0,1,0,0,0,0,0,0,0,0,0,0,1,0,1,0,-0.9927015058878247,0.2484070872882146,0
1474,0,0,1,0,0,0,0,0,2,2,0,0,1,0,1,1,1,1,2,2,1.0381013383748394,0.3607924492239134,0
1475,0,0,0,0,0,2,0,0,1,1,0,1,1,0,1,2,0,0,1,0,2.629432970973053,3.1255058883995663,1
1476,0,0,1,0,0,1,0,0,0,0,1,0,2,0,0,2,1,1,0,0,0.8639349256669894,-0.5004098832164293,0
1477,0,0,2,0,1,0,0,0,1,1,1,0,2,0,0,1,1,2,0,0,1.0678120105117164,-0.1578210236606954,0
1478,0,1,0,1,1,0,0,1,1,1,1,0,0,0,0,1,1,0,0,0,-1.7836612582275264,0.8045966028847702,0
1479,0,0,1,0,0,1,0,1,2,2,0,0,0,0,0,1,0,2,1,1,0.4850662733259694,0.47675049703045397,1
1480,1,1,1,0,1,0,0,1,0,2,1,1,1,0,0,1,1,0,0,0,-0.41000419688543926,-1.1499723422908423,0
1481,1,0,0,0,0,0,0,1,0,0,0,0,2,1,0,2,0,1,1,2,0.5649988424089593,-0.8076917511117747,0
1482,1,1,1,0,1,1,1,0,0,0,1,1,0,1,0,0,1,0,0,1,-1.825027973629221,-2.021609264412266,0
1483,0,0,0,0,0,0,0,0,1,0,1,2,1,0,0,0,0,0,1,0,-0.3843877450837384,0.9788028591381616,0
1484,1,0,1,0,0,0,0,0,1,2,0,0,1,1,0,1,0,0,1,0,0.6901544742015018,1.615039331490443,0
1485,0,0,1,0,0,2,0,0,0,1,1,0,1,0,0,1,1,0,0,1,0.6132200227910618,-0.2914447335794155,1
1486,0,1,1,0,0,0,0,1,2,1,0,0,2,0,1,0,0,0,2,0,1.1527447640649076,-0.553528561043741,1
1487,0,1,0,0,0,1,0,0,2,1,2,0,0,1,0,0,0,1,0,0,0.3735091840285601,-0.26019495232543327,0
1488,0,0,1,0,0,0,0,0,2,1,0,0,0,0,0,2,0,2,0,1,0.8542023087330368,2.1783573173961654,1
1489,0,0,0,0,0,1,0,1,2,1,0,1,0,1,0,1,1,0,2,1,-0.33185178924600084,-0.19646495767325506,1
1490,0,0,2,0,0,2,0,1,1,1,0,0,1,0,1,1,2,0,1,1,-0.6067026025317303,-0.051080635581888995,1
1491,0,1,2,0,0,1,0,0,1,1,1,0,2,1,0,0,0,1,1,0,-1.5903483162882408,-0.7844612017237653,0
1492,0,0,1,0,0,1,0,1,2,0,0,1,0,1,0,1,2,0,1,0,-0.050053371919700856,-1.1009004955108987,1
1493,0,1,2,0,0,1,1,0,2,0,0,0,0,2,0,1,1,1,0,1,-0.9860038998394166,-2.0938542943557197,0
1494,0,0,2,0,0,0,0,0,0,0,0,1,0,1,0,0,0,0,1,0,0.7171761822507091,-0.14267998368727614,1
1495,1,0,2,0,0,1,0,0,1,0,0,1,1,0,0,1,1,0,2,1,1.5289600020147323,0.4204611610809564,0
1496,0,0,2,0,0,2,0,0,0,1,0,2,0,0,0,1,1,1,1,1,0.8681004201931048,1.6301330448755007,0
1497,0,0,1,0,0,1,0,0,1,0,1,0,0,0,1,2,0,0,1,0,1.1380765499978909,0.6935200621986082,1
1498,0,0,2,1,1,1,0,0,1,1,1,0,0,0,0,2,0,2,1,0,-0.6155364490210212,-0.02197862066584444,0
1499,0,1,0,0,0,1,0,0,1,1,0,0,0,0,0,1,0,0,0,1,-0.10415487431254149,0.06423276835335893,1
1500,0,1,1,0,0,1,0,0,1,1,0,0,0,0,0,2,1,0,2,1,0.5000740626269481,0.7888935699438898,0
1501,0,0,1,0,0,2,0,0,1,1,1,0,1,0,0,1,0,1,1,0,0.3252233922420378,-0.05522253641097111,0
1502,0,0,0,0,0,1,0,0,0,1,0,1,1,0,0,0,0,0,1,0,0.36708663042322764,-1.7827495661614714,0
1503,0,1,0,0,0,0,0,1,0,1,1,0,0,0,1,2,0,0,2,1,-2.2266317024525475,-0.012460745657758121,0
1504,1,0,0,0,0,1,0,0,1,0,1,1,1,1,0,1,2,0,1,1,-1.2414875932940288,-2.721276506363277,0
1505,0,1,0,1,0,0,0,0,1,0,0,0,0,0,1,1,1,0,1,0,-0.32740518326921275,-0.2354307600872018,1
1506,0,1,0,0,1,1,0,0,1,2,0,0,0,1,0,1,0,0,0,0,-1.15640083298696,-0.9974347339069256,0
1507,0,0,1,0,0,0,1,0,0,0,1,2,0,1,0,2,0,0,0,0,-0.6545899501060652,0.03029009882016026,0
1508,0,0,1,0,1,1,0,1,1,0,0,0,1,0,0,1,1,1,1,1,-0.5969193318611051,-0.16604366207910756,1
1509,0,1,2,0,0,1,0,0,2,0,0,0,0,1,1,2,2,0,0,1,-0.003859050079460188,-0.253895975474837,1
1510,0,1,0,0,0,0,1,0,0,0,1,0,1,1,0,1,0,1,1,0,1.3889132382021907,-0.6330070177317613,0
1511,1,2,0,0,0,0,0,0,1,0,0,0,2,0,1,1,1,1,2,2,-0.9396361612760175,-1.308660628303788,0
1512,1,0,1,0,0,0,0,1,0,0,1,0,1,0,0,1,0,0,1,2,-2.0087182380964497,-1.8767550843348069,1
1513,0,0,1,0,0,1,0,0,2,1,0,0,1,1,0,1,1,2,1,0,-0.22822932735100576,-0.3739974117392292,1
1514,0,1,2,0,0,0,1,0,1,2,0,1,2,0,0,2,1,0,1,1,0.22595989489874346,0.8236276470733523,1
1515,0,0,1,0,0,1,0,0,0,0,1,1,1,1,0,0,2,1,1,1,0.6542767195113278,0.7126437163397172,0
1516,0,0,1,0,0,1,0,1,0,2,0,1,0,1,0,2,0,0,1,0,1.109818654723291,0.9821231527111008,1
1517,0,1,0,0,2,0,0,0,2,0,0,0,0,0,1,1,1,1,0,0,-0.1828367272696843,-0.2871480730766858,0
1518,0,1,1,0,0,0,0,0,2,2,0,1,1,1,0,0,1,1,2,0,0.5739968756935577,1.0370641518028374,0
1519,0,1,1,0,0,1,0,0,1,0,0,0,0,0,0,1,2,2,1,0,0.0827409848210984,-0.26366445696855056,0
1520,0,0,0,0,1,0,0,0,0,2,1,1,0,1,1,0,0,2,0,2,-0.4762484536361022,0.2195937242204054,0
1521,0,1,0,0,0,1,0,0,1,0,0,0,1,1,0,0,1,2,2,0,0.10034352161475692,-0.01350309050572722,0
1522,0,1,0,0,1,2,0,0,1,2,0,0,0,0,0,1,0,0,0,0,-1.2763523248996556,-0.520770899147438,0
1523,0,1,1,0,0,1,0,0,1,0,0,0,0,0,0,1,1,1,1,0,1.3263228070275106,0.48007992945433026,0
1524,0,0,2,0,0,1,0,0,0,0,0,1,1,0,0,1,2,1,0,1,-0.14569880307141428,-1.110613806180418,1
1525,0,0,1,0,0,1,0,0,2,0,0,1,0,1,0,1,0,2,1,0,1.2900916621365723,0.49260663169036,0
1526,1,0,0,0,0,0,0,1,1,1,1,0,2,0,1,0,1,1,1,1,0.13557847094537195,-1.142459430160363,1
1527,1,0,1,0,0,1,0,0,0,0,0,1,0,0,0,1,1,1,1,1,0.38373113436521333,-0.5823511066633545,0
1528,1,1,0,1,0,1,1,0,1,1,1,0,0,1,0,1,1,0,1,1,1.4125139912671256,-0.34261233826768334,0
1529,0,0,0,0,0,2,0,0,1,0,1,1,2,0,1,1,1,1,1,0,-0.6442349384597428,0.47845353374327915,0
1530,1,0,0,0,0,2,0,0,1,0,0,1,1,0,0,1,0,1,0,1,1.1584452936611116,0.732099110872189,0
1531,0,1,1,0,0,1,0,0,2,0,0,0,1,0,0,2,0,1,1,0,1.1105769656944098,0.3737366703400786,0
1532,1,0,2,0,0,1,0,1,1,1,0,1,1,0,0,0,1,0,1,1,0.7979105236191796,-1.344569724962737,1
1533,0,1,0,0,0,0,0,0,0,1,1,1,2,0,1,2,0,0,1,0,1.3221256694041263,1.8616257487863055,1
1534,0,1,0,0,0,0,0,0,1,0,0,0,2,0,0,1,1,0,2,0,-0.9954529982309293,-1.881135301376196,0
1535,0,1,1,0,1,0,1,0,1,1,1,1,1,0,0,1,2,1,0,1,-0.32123946689341265,0.08989569337210368,0
1536,0,1,1,0,0,2,0,0,0,0,0,0,1,1,1,0,0,2,1,0,0.7906680246912167,0.43868590228724014,0
1537,0,2,1,1,0,0,0,0,0,0,0,2,0,1,0,1,2,0,1,1,-1.6336815896607086,0.773485559118063,1
1538,0,1,0,0,1,2,0,0,1,0,0,0,0,1,0,0,0,2,0,1,-0.7541052041206517,-0.5677731337573375,1
1539,1,0,0,0,0,2,0,0,1,2,1,1,1,0,0,2,0,0,1,1,-0.835615984961188,-1.0818638798587061,0
1540,0,1,0,0,0,1,0,0,0,1,1,0,2,0,0,0,0,1,0,1,1.0061004351429024,-1.3839824428109384,0
1541,0,1,1,0,0,1,0,0,1,1,1,0,1,1,0,0,1,0,1,1,-0.7405404555523275,0.17665975384401322,1
1542,0,0,1,0,1,0,0,0,1,1,1,0,2,1,0,0,1,1,0,0,1.8851117268392241,0.1505185125874259,0
1543,1,0,0,0,0,1,0,0,2,0,0,0,0,1,0,1,0,0,1,0,0.4273914909455542,1.20093598067557,0
1544,0,1,1,0,0,1,0,0,1,1,0,1,1,0,1,2,1,0,1,0,0.6890860790445446,1.2475819973558646,0
1545,0,0,2,0,0,1,0,0,0,1,0,0,1,0,1,1,1,1,1,1,-0.8899304056881873,0.22073120564295529,0
1546,1,0,0,0,1,1,0,1,2,1,1,0,0,0,0,2,1,0,1,0,0.31247461457577136,1.7830755171970025,0
1547,0,0,1,0,0,0,0,0,1,0,0,0,0,2,1,0,1,0,1,0,-0.1850510563141509,-0.07338073772675609,0
1548,0,2,1,0,0,0,1,1,0,1,0,1,1,0,0,2,1,0,1,0,1.0633372596944548,0.3822175355406844,1
1549,2,0,1,0,0,1,2,0,1,1,0,0,2,0,1,0,1,1,1,1,0.26556568876952963,0.41313250814985925,0
1550,0,2,2,1,0,2,0,0,1,1,0,2,1,0,0,1,1,1,1,0,0.8149960775181022,0.15135335789032112,1
1551,2,1,1,0,0,0,0,0,1,0,1,2,0,0,0,1,1,0,0,0,1.2406472914654116,-0.8261663007022803,1
1552,0,1,0,0,0,0,1,0,1,1,0,1,0,0,0,1,1,0,0,1,1.5393491709653442,0.22989559210892313,0
1553,0,1,0,0,0,2,1,0,1,1,0,0,1,0,1,2,0,0,0,0,0.4004617329639485,-0.5634171185216547,0
1554,0,1,0,0,0,0,0,0,0,0,0,0,0,0,1,1,0,0,0,0,0.2704236460605696,-0.36803548782529405,0
1555,1,2,1,1,0,2,0,0,1,1,1,0,0,1,0,1,0,1,2,0,0.9084526933401235,-0.45875575664272683,0
1556,0,0,0,0,0,1,0,0,1,1,0,1,1,1,0,0,2,1,0,0,-0.5246916221398433,-1.8194435494782155,0
1557,0,0,0,0,0,1,1,0,0,1,0,2,0,1,0,1,1,1,1,0,1.5690508411674253,1.1499834609343336,1
1558,0,1,0,2,1,1,0,0,0,1,0,1,2,0,0,0,0,0,0,1,-0.49824180506689314,0.9191396864889592,0
1559,0,0,0,0,0,2,1,0,1,2,1,0,1,0,1,1,1,0,0,1,-1.0013137714609148,-0.8831895475295444,0
1560,0,1,1,0,0,1,0,0,1,0,1,0,1,0,0,0,2,1,1,1,-1.993108937385659,-0.9497733371641394,0
1561,0,0,0,0,1,2,0,0,1,0,0,0,2,1,0,0,1,0,1,0,-0.35305869034135695,-0.5074192259240624,0
1562,0,0,0,0,0,2,0,1,2,1,0,1,1,1,0,0,0,0,0,1,0.9324339477259314,-0.32426855946324445,1
1563,0,1,1,1,0,1,0,0,0,0,1,0,1,0,0,0,1,1,1,2,-0.7755187660048728,-0.10605707969505268,0
1564,1,0,2,0,0,1,0,0,2,1,0,0,0,0,0,1,2,1,1,1,-0.6306722365596944,0.3734223853479708,0
1565,0,1,1,0,1,2,0,0,0,1,1,0,1,0,0,2,0,0,1,0,0.9248304229999733,0.6699410928139479,1
1566,0,0,0,0,0,2,0,0,1,1,1,0,0,2,2,0,0,1,2,1,1.8570027034534626,1.8526561665829488,1
1567,0,0,0,0,0,1,0,1,0,1,0,0,2,0,0,1,0,0,1,0,-2.3870152303007686,-0.4833175469706346,0
1568,1,2,0,0,0,1,1,0,1,0,0,1,0,1,0,1,2,1,1,1,-0.30435688633623076,0.9726811285827587,0
1569,0,1,2,0,1,0,0,1,0,0,1,1,2,1,0,2,2,1,1,1,1.6092493477931171,0.6814376081542663,0
1570,0,0,0,0,0,1,0,0,1,0,0,1,1,0,0,1,2,1,0,0,-0.5019924651091835,1.0023580395201832,0
1571,0,0,0,0,1,2,0,0,2,0,2,0,1,0,0,0,1,1,0,1,-1.24176610290217,-2.2654743197222036,0
1572,0,1,0,0,0,1,0,1,2,1,0,1,1,0,0,1,0,1,2,1,-1.102514647186825,0.11493063413132493,1
1573,0,0,0,0,0,1,0,1,1,0,1,0,1,0,0,1,1,0,1,2,-0.6025535508174967,-0.8322755076509281,0
1574,1,1,1,0,0,0,0,0,1,1,2,1,0,0,0,2,0,2,1,0,-1.4190269509264406,-0.5148912869036794,0
1575,0,0,0,0,1,1,0,0,1,0,0,0,1,0,0,2,1,0,1,0,0.31006573672295107,-0.7552322203474312,0
1576,0,1,2,0,0,0,0,0,0,1,0,0,1,1,0,1,0,0,1,0,0.1856472101660031,-1.4022910870383027,1
1577,0,0,1,0,0,1,0,0,2,0,1,1,0,1,0,1,0,1,2,1,-0.7576484493387797,-0.9055107062935038,0
1578,0,0,2,0,0,2,0,0,0,2,1,1,2,0,1,1,1,0,0,0,1.222913246410399,-0.5858434057451425,0
1579,0,1,1,0,0,2,0,1,2,0,0,0,0,0,0,0,1,1,1,0,-0.21905037274006794,-0.0660761508782984,0
1580,0,0,0,0,0,2,0,0,2,1,1,1,0,0,0,1,0,1,0,0,0.5960057332108064,0.707839397570979,0
1581,1,0,0,1,0,2,0,0,1,0,0,0,0,0,0,0,1,0,1,0,-0.9592845730140058,-2.9610922441399947,1
1582,0,0,0,0,1,1,0,0,1,0,1,2,0,0,0,0,0,0,1,1,-2.2068353987005573,-1.6827948901273841,0
1583,0,0,1,1,0,1,1,0,0,1,0,0,1,0,0,1,1,0,1,0,0.031610762567028,0.8903302311711279,0
1584,1,0,2,0,0,1,1,1,1,2,0,1,1,0,1,1,2,1,1,0,1.8721111057777233,2.4885136063058986,0
1585,0,1,1,0,1,0,0,0,2,1,0,0,0,0,0,0,1,0,1,0,-0.7525508987466263,-0.5856087504257358,1
1586,0,0,2,0,1,2,0,0,1,0,0,1,0,0,0,0,1,1,1,2,1.3006855799761992,2.1139411666622405,1
1587,0,0,1,0,0,0,0,0,0,1,0,0,0,0,1,0,1,1,0,0,-1.798147161190817,0.40287042356714553,0
1588,0,1,2,0,0,0,0,0,1,1,0,0,0,0,0,1,2,1,0,2,0.835914917557007,1.0173147301688674,0
1589,0,0,0,1,1,1,0,1,0,0,0,1,1,0,1,0,0,0,2,0,-0.8657741212611427,0.25148617789301253,0
1590,0,0,1,0,0,1,0,1,1,0,0,1,2,0,0,0,0,0,1,0,0.5196274315562334,-1.138014156110483,0
1591,0,1,1,0,0,2,0,0,1,1,0,0,0,0,0,0,1,0,1,1,0.27019052384564823,-0.46513169515665465,0
1592,0,1,0,0,0,1,0,0,2,2,1,1,1,0,0,1,1,2,1,1,-0.025396370874014133,-0.442722332427105,0
1593,0,0,0,1,0,1,0,0,2,0,1,0,0,0,0,0,0,0,0,0,-1.4556345532968051,-1.0606841640068474,0
1594,0,0,0,0,0,1,1,0,1,1,1,1,1,0,0,0,1,0,0,1,0.5458109988072489,0.23398336497418606,1
1595,0,1,1,0,0,2,0,0,1,0,1,2,0,0,0,1,0,0,1,0,-0.5431597686799621,-0.797168108211824,0
1596,0,2,1,0,0,0,0,0,0,1,1,0,0,0,0,1,1,0,0,1,-0.8004409091831545,-0.5964633380808956,0
1597,0,0,2,0,1,0,0,0,1,1,0,1,1,1,0,2,1,2,0,0,1.3980292915581818,0.9353318903490909,1
1598,1,1,1,0,0,2,0,0,2,0,0,0,0,0,1,1,1,0,1,0,0.264000465607701,0.16731457093089513,0
1599,0,0,0,0,0,1,0,0,1,0,1,0,1,1,0,1,0,1,1,0,-2.3514216143109627,0.5117773612809636,0
1600,0,1,1,0,0,0,0,0,0,1,0,0,1,0,0,0,0,0,1,1,-0.432113170392515,0.012088343008558461,0
1601,1,1,0,0,0,2,0,0,0,0,1,2,1,1,0,1,0,0,2,0,-0.1882597307416779,-1.0530764838245208,0
1602,0,0,1,0,0,1,1,0,0,0,0,0,1,0,0,2,1,0,1,2,-0.24797498380392569,0.5180588508008461,0
1603,0,0,0,0,1,1,0,0,2,0,1,0,0,0,1,0,1,1,1,0,1.4286045384476636,0.4209609855083149,1
1604,0,2,0,0,1,2,0,0,0,1,0,0,0,0,0,1,2,2,2,0,-0.623981655257986,0.3534355599507193,0
1605,1,1,1,0,0,2,0,1,1,1,1,1,0,0,1,1,1,0,0,1,0.29215794802930767,0.3263920693170369,1
1606,1,0,0,0,0,1,0,0,1,1,0,2,1,1,0,0,1,1,1,0,0.16594769012742325,-0.060409176225936216,0
1607,0,1,1,0,0,0,1,0,0,1,1,1,1,2,0,2,2,1,1,0,1.9864341599305464,0.8589734006977904,0
1608,0,1,0,0,0,1,0,0,1,2,1,2,1,0,0,1,0,0,0,2,-0.19466078516592325,-0.03700721475798398,0
1609,0,0,1,0,0,2,0,0,2,1,0,0,1,0,0,1,0,1,0,0,-0.4713025391806854,0.91340796299563,1
1610,1,2,1,1,0,2,0,1,0,1,0,1,1,0,0,0,1,1,0,2,-1.192362541648037,0.0287207776327133,0
1611,1,1,0,0,0,1,0,0,1,1,0,0,1,0,0,1,1,0,0,0,-1.0109007558229586,-0.6457101207220626,0
1612,0,0,0,0,0,1,1,0,2,1,0,1,1,0,1,1,1,1,1,0,1.1799637927095201,-1.3573746997280316,0
1613,0,1,1,0,0,1,0,0,1,0,0,2,0,1,0,0,0,1,0,0,1.6942463379853998,-0.7419595460023507,0
1614,0,0,2,0,0,0,0,0,1,0,1,0,0,0,0,1,1,0,1,0,1.4489673156345715,-0.43880754665947774,1
1615,0,1,0,0,0,0,1,0,1,1,1,0,0,0,0,1,2,0,0,1,-0.5934939429094626,-0.06486374759644675,1
1616,0,1,0,0,0,1,0,0,2,0,1,1,2,1,0,2,1,1,1,0,2.582710406610031,-0.6187780213672953,0
1617,0,1,1,0,0,1,0,0,1,1,1,1,2,1,1,1,0,0,2,0,1.0534618964029479,0.8644538514165869,1
1618,0,1,1,0,0,1,0,0,1,1,2,0,0,0,0,1,1,0,0,2,-0.6425844036801991,0.16309518613946095,0
1619,0,1,0,0,0,1,0,1,1,1,0,0,1,1,0,2,2,1,1,0,-0.07133652578684403,1.181001515466636,0
1620,0,0,0,2,0,2,0,0,2,1,0,0,1,0,0,0,1,0,0,0,0.5263086929952587,-0.6439758391050339,1
1621,1,0,1,0,1,0,0,0,1,2,1,0,0,0,0,1,0,0,0,1,-0.2111307807073598,-0.5427392715995254,0
1622,0,1,1,0,0,2,1,0,1,1,0,1,1,0,0,0,1,1,0,2,-1.318100496007767,0.9038079854539042,0
1623,0,0,1,0,0,0,0,0,0,1,1,1,1,0,0,1,1,1,1,0,0.2647512137892229,-3.145741863113822,0
1624,0,1,2,2,0,0,0,0,1,1,0,0,1,0,0,2,0,1,2,1,-0.18342637326319405,1.180186463031146,0
1625,0,0,2,0,0,0,0,1,1,1,0,0,1,0,0,0,1,0,1,0,-0.4112975759052798,-1.9539906486796161,0
1626,0,0,0,0,0,1,0,0,1,0,0,1,0,0,0,2,1,1,0,1,-0.457545804855391,0.8811061326084673,0
1627,0,0,0,0,0,2,0,1,0,1,2,0,1,2,0,0,0,1,1,1,1.0496616099001885,1.8300387658921737,1
1628,0,1,1,1,0,2,0,1,0,0,0,0,0,1,0,1,1,1,0,1,0.09342443087534996,1.0447505686368488,0
1629,0,1,0,0,0,1,0,0,1,0,0,1,1,0,0,1,0,1,1,0,-1.2720580130409391,0.007901956480919403,1
1630,0,0,0,0,0,1,0,0,1,2,1,1,1,0,1,2,1,2,1,0,-0.15055688264688846,0.824909439525799,1
1631,1,0,1,0,0,1,0,2,2,1,1,0,0,0,1,1,0,1,0,1,1.3535184854801257,1.603726636619728,0
1632,0,0,0,0,1,1,1,0,0,1,0,0,0,2,0,0,2,0,2,1,-0.757839258778549,1.7484022786256574,0
1633,0,0,1,1,0,0,0,0,0,0,0,0,0,1,0,0,1,0,2,1,1.2457519516072748,0.4774393643577149,0
1634,0,0,1,0,0,0,0,1,1,1,1,1,1,0,0,0,1,0,1,0,-0.024480640992024353,2.251230712810954,0
1635,0,0,0,0,0,2,0,0,1,0,0,0,2,0,0,1,0,1,0,0,-0.3966633142044187,-0.6675910692464653,1
1636,0,0,1,0,1,1,0,1,2,0,1,1,1,1,0,2,0,1,1,0,-0.213756813981183,-0.46480067125827096,0
1637,0,0,0,0,1,2,0,0,2,1,1,0,2,0,0,1,0,0,0,1,0.630483805106857,0.6826859277221766,0
1638,0,1,2,0,1,1,1,1,1,0,2,0,0,0,0,1,1,0,0,0,-1.1004405780025919,-0.015043060170916611,0
1639,1,0,0,1,0,1,0,0,2,0,0,1,2,0,0,1,0,1,1,2,-0.1742755575232316,0.1293374371813149,1
1640,0,1,1,0,2,0,0,0,1,1,1,1,1,1,0,1,1,1,1,1,1.3429803246388186,0.1451112352682879,0
1641,0,0,0,0,0,1,1,0,1,0,1,1,0,0,0,1,2,1,1,1,-0.5326120446151174,-0.2890376746414806,0
1642,0,0,0,0,0,0,1,0,1,1,2,1,1,0,0,0,1,0,1,1,-2.0467532504658275,-1.9510969698014553,0
1643,1,0,0,0,0,0,0,0,1,1,1,1,0,0,0,0,2,0,1,1,-0.0073153825179326755,-1.1748702265648432,0
1644,0,0,1,0,0,1,0,1,1,1,1,1,0,0,0,0,0,0,0,1,-0.8162919414277844,1.3514641715874864,1
1645,0,0,1,0,0,0,0,0,1,1,1,1,2,1,1,1,0,0,2,1,0.2975892006509194,-0.09873510414982695,1
1646,0,2,1,0,0,1,0,0,1,1,1,1,1,1,0,0,1,0,1,1,-0.009378962726450188,-1.4638474370149523,0
1647,0,1,1,0,0,1,0,1,2,0,0,1,1,0,0,0,0,1,2,1,-0.7795258024494184,-0.3956299999847619,0
1648,0,0,1,0,0,1,0,0,2,0,0,0,0,0,0,0,1,0,2,0,0.4648297900240411,-0.5591055621688099,0
1649,0,1,2,0,1,1,1,0,2,1,2,0,1,0,0,0,1,0,0,0,-0.8607594753274718,-2.5248535195432593,0
1650,0,1,1,0,0,0,0,0,1,0,1,1,0,0,0,2,1,0,1,0,-0.777112521410762,-0.11914255051991374,1
1651,0,1,0,0,0,1,0,0,1,0,1,0,0,0,0,0,0,1,2,1,-3.014242152879637,-2.172113814414766,0
1652,0,1,0,0,0,0,0,0,1,2,0,0,0,0,0,1,2,1,0,0,0.18317088194690548,1.0855899366333497,0
1653,0,1,1,0,1,2,0,0,1,1,1,0,1,1,0,1,1,0,0,0,-0.8341671245918032,1.81221099473309,0
1654,1,1,1,0,0,1,0,1,1,1,0,0,1,0,0,1,1,1,0,2,-0.5532232662370283,0.6544111885558369,1
1655,0,1,1,0,0,1,0,0,1,1,0,0,1,1,0,0,1,0,2,2,0.7317011759230725,1.2677516221009304,1
1656,0,0,1,1,2,1,0,1,0,1,1,0,0,0,0,2,1,1,0,1,1.1460107277094003,2.3603239671480463,0
1657,0,0,1,0,0,2,1,0,0,2,0,0,0,1,1,1,1,2,0,0,0.7933762543431516,0.30435974561457346,0
1658,1,0,0,0,1,1,0,0,1,0,0,0,0,0,0,0,1,1,1,1,-1.611200743450496,-0.31455320508210693,0
1659,0,1,1,0,1,0,0,0,1,0,0,1,1,0,0,1,2,1,1,1,0.17871656609439737,-0.43211636575798645,0
1660,0,0,1,0,0,0,0,0,1,0,0,0,0,1,0,1,2,2,0,1,1.8823818809141735,1.0574370544930207,1
1661,0,0,0,0,0,0,0,1,2,1,0,0,0,0,0,1,0,0,2,0,-0.9200412442806495,-0.5615491972063696,0
1662,0,0,1,0,0,2,0,0,0,1,0,1,1,0,0,1,2,1,1,2,-0.3740134942186515,-0.6881717843784878,0
1663,1,1,0,0,0,1,1,0,2,1,1,2,1,0,1,0,0,1,2,0,0.35235611920301524,0.9365218938241566,0
1664,0,0,0,0,0,1,0,0,0,0,1,1,0,1,0,0,2,1,0,0,-1.7824952779954104,1.488724295305955,1
1665,0,1,1,1,0,0,1,0,0,0,1,0,1,0,0,1,0,0,2,1,-0.23354603169261576,0.934646833143109,1
1666,0,2,1,0,0,1,1,0,1,0,1,2,0,0,0,2,1,1,1,1,-0.5943773421246101,-1.5849793542073982,0
1667,0,1,0,0,0,1,0,1,2,0,1,1,1,0,0,0,0,0,0,0,-0.07433460798965384,-0.9634172133820904,1
1668,0,1,1,0,0,1,1,0,1,0,0,0,0,0,0,2,0,1,0,1,0.26166762450350917,1.312237154968142,1
1669,0,0,0,1,0,2,0,0,1,1,0,0,0,0,0,0,1,1,0,1,2.165546866578717,1.7830415957518215,1
1670,1,0,0,0,0,2,0,0,1,1,1,0,1,0,0,1,1,0,1,0,0.4307626680922296,-0.47069203980789814,0
1671,1,0,1,0,0,0,0,1,1,0,0,0,1,0,0,0,1,1,1,0,0.4699840046298632,0.3838034588802555,1
1672,2,2,1,0,0,0,0,0,1,0,0,1,1,0,1,1,1,0,0,0,1.2713412147857626,-0.27975086321971904,1
1673,0,0,0,0,0,1,0,0,0,2,2,1,1,0,0,0,1,0,1,0,0.2197969593463687,-0.1324074085697391,1
1674,0,1,1,0,0,1,1,0,1,1,0,0,0,1,1,2,1,0,2,1,0.8051986946847972,0.8459201003528349,1
1675,0,0,0,0,1,1,0,1,0,1,0,0,2,1,0,0,1,1,0,0,-1.480330564374042,-1.449063121666315,0
1676,0,0,1,0,0,1,0,0,2,1,1,0,1,0,0,0,1,1,1,1,0.08900634813387356,0.19218787773478727,0
1677,0,0,0,0,0,2,0,0,2,0,0,0,0,1,0,0,0,0,1,0,1.1995973212237803,-1.1385389496360974,0
1678,0,0,1,0,0,0,0,0,1,2,1,1,2,1,0,1,0,1,0,0,-0.5333760460543442,1.1650026828721318,1
1679,0,0,1,0,0,2,1,0,1,1,1,0,0,1,0,1,2,1,1,0,-0.29590002297145873,-0.05469765646783069,0
1680,0,0,0,0,1,2,0,1,0,0,1,0,1,0,0,1,1,1,0,0,-2.5717884244427114,-0.8526615613111139,0
1681,0,0,2,0,0,1,0,0,2,2,0,1,1,1,0,1,2,0,0,1,0.4211442022198177,1.1704140922650117,1
1682,0,0,0,0,0,0,0,0,0,1,2,0,1,0,0,1,0,1,0,0,-1.6772056869403598,-0.081599564582724,0
1683,0,1,0,1,0,0,0,0,2,1,0,1,1,0,0,1,1,1,1,1,0.41844714982313796,-0.5106427141936984,0
1684,1,1,0,1,1,1,0,0,0,0,1,2,1,0,0,2,0,0,2,1,1.1404230707083007,0.35669890868788307,0
1685,0,1,1,0,0,1,1,0,1,2,1,1,0,0,0,0,2,2,0,0,-1.001566574211647,-1.0396435245703581,0
1686,1,0,1,0,0,0,1,0,0,0,1,1,0,0,1,0,0,0,1,1,0.41796934337749353,-0.49261938402174815,0
1687,0,1,0,0,0,2,0,1,0,0,0,1,0,0,0,1,0,0,0,0,0.05764746904347645,-0.8673290237383569,0
1688,0,0,1,1,0,1,1,0,0,0,1,0,1,0,0,1,0,0,1,0,-0.04256070358009044,0.14489088981784973,0
1689,0,1,0,0,0,1,0,0,1,1,0,2,0,0,0,1,1,0,1,0,0.6033886427810526,-0.6677248274014578,0
1690,0,1,1,1,0,2,0,0,2,0,0,1,0,0,0,1,0,1,0,1,0.7594218909423497,2.116800943126136,1
1691,0,1,2,0,0,1,0,0,1,1,0,1,0,0,2,1,2,1,0,2,0.42816609588116167,-0.3966805516524387,0
1692,0,0,1,1,1,1,0,0,1,2,0,0,1,0,0,1,0,2,2,0,-0.0890095287556731,0.6547569530297772,1
1693,0,0,2,0,0,1,0,0,1,1,1,0,0,0,1,1,1,0,0,0,0.6664895648985596,0.9731475824285085,1
1694,1,0,0,0,0,1,0,0,0,0,1,0,1,0,1,1,1,0,0,0,1.0288810481430055,1.5643525590797278,1
1695,0,2,0,0,1,2,0,0,0,1,0,1,1,0,0,0,1,1,0,1,0.7627222585096317,-1.984496323300558,0
1696,0,1,2,0,0,2,2,0,1,0,1,1,2,0,1,1,2,1,0,1,0.10342713734747264,-1.6889810855251395,0
1697,0,0,0,0,0,2,0,0,1,0,0,0,0,0,0,0,1,0,0,1,-1.0577001207077226,-0.19559997487613368,0
1698,0,0,1,0,1,2,0,0,1,2,0,0,0,0,0,2,0,0,1,1,-0.782775957067167,1.0452568298361773,0
1699,0,0,1,0,0,0,0,0,1,2,0,1,1,0,0,0,0,0,1,0,1.6620627053159927,1.555678791448809,1
1700,0,0,0,0,0,0,0,0,1,1,2,1,0,0,0,1,1,1,2,0,-0.0008670835497445697,0.22258899702529272,1
1701,0,2,1,0,0,1,0,0,2,0,0,1,2,0,0,2,1,0,2,2,0.26588684727690587,-0.09199123728179495,0
1702,1,2,2,0,1,1,1,0,2,1,0,1,0,0,0,1,2,0,0,1,0.8093421281695613,-1.1070809419338867,0
1703,0,1,1,0,0,2,1,1,2,0,0,1,1,0,0,1,1,0,1,1,-1.0710800882074456,-1.3484914675847266,1
1704,0,1,1,0,0,2,0,0,0,0,0,0,0,1,0,2,0,0,0,1,-0.41197962468029464,0.5715595407669214,1
1705,0,0,0,0,1,0,1,0,0,1,0,0,1,0,0,0,1,1,1,2,0.13808612524442268,1.333527101633904,1
1706,0,1,2,0,0,0,0,0,1,0,1,0,1,0,0,1,0,0,2,0,-0.11105964287115634,0.6446897090337804,0
1707,1,1,2,0,0,0,0,1,0,1,1,0,0,1,0,0,2,0,2,0,1.0253472997536253,-1.1921916167097322,1
1708,0,0,0,1,1,1,0,0,1,0,1,1,0,0,0,1,0,1,2,0,-1.7601128337042355,-1.1584099135789914,0
1709,1,1,0,0,0,0,0,0,0,1,1,1,1,0,0,2,1,0,0,1,0.40326803436888886,0.3496598292234828,0
1710,0,0,1,0,0,1,0,0,1,1,0,2,1,0,0,2,1,1,0,1,-1.8513541116839654,-1.372596684689365,0
1711,0,0,0,0,0,2,0,0,2,0,0,0,1,0,0,0,0,0,1,1,-0.5632206841783399,-1.235627956919101,0
1712,0,1,0,0,1,0,0,1,1,0,0,1,0,0,0,2,0,1,2,1,0.8586210108388748,1.6994810394361681,0
1713,0,0,1,0,0,0,0,0,1,0,0,0,0,0,0,2,1,1,1,1,-0.16074433129344637,0.5670685237939385,1
1714,0,0,1,1,0,1,0,0,2,1,0,1,1,1,0,0,0,1,0,1,0.981976275981155,0.591236579833641,1
1715,0,0,1,0,0,2,0,0,0,1,0,1,0,0,1,1,0,0,1,1,-0.008964081341518193,1.2562431331706878,1
1716,0,0,1,0,0,2,0,0,1,2,1,0,0,0,0,0,1,2,1,0,0.7151295239744715,-0.09059820968953397,1
1717,0,0,1,0,0,1,1,1,1,0,1,0,1,0,0,0,2,0,1,1,-1.2938020427382426,-0.5968159272621731,1
1718,0,1,1,0,1,0,0,0,2,1,1,1,2,0,0,0,1,0,1,1,0.7628143290001016,-1.054349825952827,0
1719,1,0,1,0,0,1,0,0,1,0,0,0,1,0,0,1,1,1,2,0,-0.3215203196327874,-0.6570097092847416,0
1720,0,0,1,0,0,1,0,1,1,1,1,0,1,0,0,1,1,0,1,2,1.3117795552411984,1.3459188476452248,0
1721,0,0,0,1,0,2,0,0,1,0,0,0,0,1,0,1,0,1,0,0,1.5450957561190788,2.677839739397358,1
1722,0,0,0,0,0,2,1,0,0,0,0,0,0,0,0,1,1,1,1,0,-1.8899718058736676,0.21005056915188403,0
1723,1,1,1,0,0,0,0,0,2,1,0,1,1,0,0,1,0,0,2,0,-0.597161893335353,0.7802765779179751,0
1724,1,1,0,0,1,2,0,0,0,2,2,1,1,1,0,1,1,1,0,1,0.41635944671396874,-0.6638623334746738,0
1725,1,0,0,0,0,0,0,0,0,0,1,0,0,0,0,1,1,0,0,1,-0.10297747042312187,0.9570389110945404,1
1726,0,1,0,0,0,2,0,0,1,1,0,0,1,0,0,1,0,1,2,0,0.19541076893550444,-0.41113372794784303,1
1727,0,2,0,0,0,1,0,0,1,1,1,0,0,0,0,1,0,0,1,0,0.3707685207019758,1.926328217998051,1
1728,0,1,1,0,0,2,0,0,2,0,1,0,0,0,0,1,0,0,1,1,-0.0012111120209976824,0.4527577169082927,0
1729,0,0,0,0,1,0,0,0,0,1,0,1,0,0,0,1,0,1,1,1,0.7705243279736245,2.101385702660891,1
1730,0,0,2,0,0,0,1,0,0,1,2,1,1,0,1,1,1,0,1,1,1.7557092037398394,-0.6783136585407754,0
1731,0,0,1,0,0,0,0,0,0,1,0,1,0,0,0,1,1,2,1,0,-2.0222594679214327,-1.9891702711284642,0
1732,1,0,0,0,0,2,0,0,0,1,0,0,1,0,0,0,1,0,1,0,-0.8322496648806618,0.43801455557842,1
1733,1,0,1,0,0,1,0,0,2,1,0,2,1,0,1,2,1,1,1,2,0.32514048489219505,2.454371728652487,0
1734,0,2,1,2,0,2,0,0,0,0,0,1,0,0,0,1,0,1,0,0,-0.9921145656231976,0.05507145835624577,0
1735,0,1,1,0,0,2,1,0,1,0,0,0,0,1,1,0,0,2,0,0,-0.8518258833597415,-0.716795350028869,0
1736,0,0,0,0,1,1,0,0,0,0,0,1,0,1,0,1,2,0,1,0,-0.531287625857445,-0.09711308540836097,0
1737,0,0,1,1,0,0,0,0,1,0,1,2,0,0,0,1,0,1,1,1,-1.1413326930248369,-2.725175899969313,0
1738,0,2,0,0,0,1,0,0,1,1,1,1,2,1,0,1,0,0,0,1,-1.1634088646677416,0.2559672759102323,0
1739,1,0,0,0,0,0,0,1,2,0,0,1,0,0,0,1,1,2,1,1,0.08068892185579586,-0.42600654034705954,0
1740,0,0,1,0,0,1,0,0,0,0,1,2,1,2,0,1,1,0,1,1,0.5339902014585881,2.002296910294971,1
1741,0,0,1,0,0,2,0,0,1,0,0,1,0,0,1,2,1,1,1,2,0.36914339060358237,1.0025199345535942,0
1742,0,2,0,0,1,2,0,1,2,1,1,1,2,1,0,2,2,0,1,0,-1.615821630824755,-1.4400511249894579,0
1743,0,1,1,0,0,0,0,0,1,2,0,1,1,0,0,0,0,1,2,2,-1.7055041803591477,1.334131969063776,0
1744,0,0,0,0,0,2,0,0,1,0,0,0,2,1,0,0,0,1,1,0,0.2804031030935127,0.9563000146702209,1
1745,0,1,0,0,0,0,0,0,2,2,1,0,1,0,0,1,1,2,1,1,-0.8680715046541496,-0.554013468495191,0
1746,0,1,1,0,0,1,0,0,0,0,0,0,1,0,0,0,1,1,1,1,-0.8559623347662628,1.9420600765143305,1
1747,0,0,0,0,0,1,1,0,2,0,1,2,0,1,0,1,1,1,2,1,-0.006830404681191683,1.8441508425239963,1
1748,0,0,0,0,0,1,0,0,2,0,1,0,0,0,1,1,2,1,0,0,-0.7938339285213418,-1.2752203919555618,0
1749,0,0,0,0,0,1,0,0,2,1,0,0,2,0,0,2,0,0,1,2,0.5761073490883692,0.32871163873079595,0
1750,0,0,1,0,0,1,0,0,0,1,1,0,1,0,0,1,1,1,0,0,-0.10692776180879911,-0.11445280255354057,1
1751,0,0,0,1,0,2,0,0,0,0,0,1,1,0,0,2,1,1,0,1,-0.7028361705391553,0.28084713461290045,0
1752,0,0,1,0,0,0,0,1,1,0,0,0,0,0,1,1,1,0,1,1,0.2920000917920973,-0.5147435341130134,0
1753,0,0,1,0,1,0,0,1,0,0,1,1,1,0,0,1,2,0,0,0,0.026983596334170207,0.24965800905659236,0
1754,1,0,1,0,1,2,0,1,1,1,0,0,0,0,0,2,0,0,1,1,-0.9500399724448629,1.3013802070158336,0
1755,0,0,0,1,1,1,0,0,1,1,0,1,1,0,0,0,1,0,0,1,-0.21562670852267352,-0.6211070364003533,0
1756,0,1,1,0,0,1,0,0,1,2,0,1,1,1,0,0,2,2,0,2,0.23128626937176675,1.2419623165106255,0
1757,0,0,0,0,0,0,0,0,0,1,0,0,0,0,0,1,1,0,1,0,0.6260106366767348,1.0178074025901416,0
1758,1,1,1,1,0,1,0,0,1,0,0,0,0,0,0,1,0,1,1,2,1.7447329062537937,2.406764275430355,1
1759,1,1,0,0,0,0,0,0,0,0,0,1,0,0,0,0,0,1,1,1,0.1826103051577706,-0.8624113615938068,0
1760,2,0,1,1,0,1,0,0,0,2,1,1,1,0,1,0,0,0,0,0,0.3322086339614534,-1.171030081918812,0
1761,0,1,1,0,1,1,0,0,0,0,1,0,1,1,0,1,1,0,0,0,-1.4185801080154194,-0.5762491843023432,1
1762,0,0,1,0,1,1,1,1,2,0,2,1,1,0,0,1,2,0,1,0,-0.011987524315922756,-0.476320346816419,0
1763,0,0,1,0,0,0,1,2,2,1,1,0,0,0,0,0,0,0,2,0,0.9415491432353306,2.080176312000177,1
1764,1,0,1,0,0,1,0,1,0,0,1,0,1,0,1,1,2,0,1,1,-0.06746761440766787,1.344664574523842,1
1765,0,0,0,1,0,0,0,0,0,2,0,0,0,0,0,1,1,0,1,2,-0.5111679095733604,1.4888147775533989,0
1766,1,2,2,0,0,0,1,1,1,1,1,0,1,0,0,0,1,0,2,1,-0.663760950212794,0.3390424250387799,0
1767,0,0,2,0,1,2,0,0,0,0,0,1,0,0,0,0,2,1,1,1,1.7301362727396548,2.049403703696174,1
1768,2,1,1,0,0,1,0,0,2,2,0,1,0,0,0,1,1,1,1,0,-1.1737235537837498,1.6535113433508322,0
1769,0,1,1,0,0,1,0,0,1,0,1,1,0,0,0,1,0,0,1,0,-0.6102513147642334,-0.9887212175745157,1
1770,0,2,1,0,0,1,0,0,0,2,0,0,1,0,0,1,0,1,1,0,-1.248348655571083,-1.1372211540700388,1
1771,0,1,1,0,1,1,1,0,2,1,1,0,2,0,0,1,1,0,0,0,-0.5863426585680627,-1.3433187652627359,0
1772,0,0,2,0,0,1,0,0,1,0,0,1,2,0,0,2,1,0,0,1,0.2572008570840712,1.1617187628476553,0
1773,0,0,1,0,1,1,0,0,1,1,0,1,0,1,0,1,2,2,1,0,0.011915384791956838,1.8767592949097172,0
1774,0,1,1,0,0,0,0,1,1,0,2,1,1,0,0,1,1,0,1,1,-0.328630809247643,-0.4905616180590901,0
1775,0,1,1,0,0,1,0,0,1,2,0,1,0,2,0,2,1,2,1,0,-0.9252711651348969,1.0522645894054283,0
1776,0,2,1,0,0,2,0,0,1,0,0,1,0,1,1,1,0,0,0,0,-0.008354625523272464,0.04722713722743911,0
1777,0,1,1,0,0,1,1,0,1,1,1,0,1,0,0,0,0,1,0,0,-0.1933364349140077,-0.06467793129647387,1
1778,0,1,1,0,1,1,0,0,1,1,2,0,1,0,0,0,1,1,1,0,0.9601408905711601,0.7589483877338044,0
1779,0,0,1,0,0,2,0,0,1,0,0,1,0,0,0,0,1,1,0,1,0.47210895646240936,-2.068810295054029,0
1780,0,1,1,0,1,0,0,0,0,1,0,0,2,1,1,0,2,0,1,0,0.5968428077668444,-0.5172687958803813,0
1781,0,0,2,1,1,1,0,0,1,2,0,0,0,0,1,1,0,2,0,1,0.029137528981333188,-0.9211672602450423,0
1782,0,1,0,0,0,2,0,0,1,1,1,0,1,1,0,1,1,1,0,0,-0.19140097171571338,0.054967743797922186,0
1783,0,0,2,0,0,1,0,0,1,1,1,0,1,1,0,0,0,1,0,1,0.26537765285704723,-0.6110597180765913,0
1784,1,1,2,0,0,1,0,0,0,1,0,0,2,1,2,0,2,1,1,0,0.644622178600006,1.2333319082780363,1
1785,1,0,0,0,0,1,0,1,1,0,0,1,0,0,0,0,1,0,0,1,0.18124672192835925,0.35863845207199624,0
1786,0,0,0,0,0,0,0,0,1,0,2,0,1,0,1,1,1,2,2,0,1.0275346940366923,-1.85747455289844,1
1787,0,0,1,1,0,0,0,2,0,1,0,1,1,0,1,0,0,1,2,1,1.5699628923438165,0.9153879213775056,1
1788,0,1,1,0,0,0,0,0,0,1,1,1,1,1,0,1,1,0,1,1,0.25430142706843056,-0.9683976128935993,0
1789,0,0,0,0,0,2,0,0,1,0,0,0,1,0,0,1,1,1,2,1,1.421712805951447,-0.5148470476225367,0
1790,0,0,0,0,0,1,0,0,0,0,0,2,1,0,0,1,2,0,1,0,-1.3502959064817188,-0.7565506348774027,0
1791,0,1,1,0,1,1,0,0,2,2,1,0,1,1,1,1,1,1,2,0,-1.1718702584190952,0.7219044160013679,1
1792,0,0,0,0,0,2,0,1,2,1,1,1,1,1,0,0,1,1,0,1,0.1334654462530323,0.1733675783048661,0
1793,1,0,0,0,0,1,0,0,2,1,0,2,0,0,1,1,0,0,2,0,-0.07379446305712735,-0.04662681195973323,0
1794,0,0,1,0,0,0,0,0,1,1,0,0,2,0,1,1,1,0,0,0,-0.1829015463240858,0.28476466680629947,0
1795,0,1,2,0,0,2,0,0,1,0,1,1,1,0,0,1,1,0,0,0,1.4055381035445178,0.8491748912216379,0
1796,0,0,2,0,0,2,0,1,0,0,0,0,1,0,0,1,1,1,2,2,-0.36466925566934305,0.269309912819888,0
1797,0,1,0,0,1,1,0,0,2,1,0,2,1,0,1,0,2,0,1,1,-1.5333795339453422,-0.4651407973367972,0
1798,0,1,1,0,0,0,0,1,1,0,2,1,0,0,0,0,1,1,2,0,1.1948012921176105,-0.05463604091729837,0
1799,0,1,0,0,0,1,0,0,2,0,1,0,0,1,0,2,1,1,1,0,-0.46148480390064284,0.9232200062975147,0
1800,0,0,0,0,2,2,0,0,1,1,0,0,0,0,1,1,0,0,2,1,-0.5231900731008894,0.40027349522594147,0
1801,0,0,0,1,0,1,0,1,2,1,0,1,1,0,0,2,1,0,1,1,-0.5645937491801432,-1.0130020876205463,0
1802,0,1,2,1,0,1,0,0,2,1,0,0,1,0,0,0,0,1,1,1,-1.001330274512542,-0.4668803761061403,0
1803,0,2,0,0,0,1,0,0,1,1,1,0,1,1,0,0,1,1,0,0,0.7958110602781111,-2.371048253311954,0
1804,0,1,0,0,0,2,0,0,1,0,2,0,0,1,0,0,0,1,2,0,-0.6479829737897564,-0.23040384679698778,1
1805,0,0,0,0,0,2,0,1,1,2,0,2,0,0,0,1,0,0,1,0,0.9341353520395833,2.6637159809130573,0
1806,0,0,1,0,1,2,0,1,2,2,0,1,1,1,0,1,1,1,2,1,0.4129837593457786,0.34976978261972386,0
1807,1,1,1,0,0,1,0,0,2,1,0,1,0,0,0,1,0,0,1,1,-0.03975330162792412,-0.2298218363957203,0
1808,0,0,1,0,0,0,0,0,2,1,1,1,1,0,1,1,0,0,1,0,-0.33478089675549644,1.1300295663796187,0
1809,0,1,1,0,1,0,0,1,0,0,0,1,1,0,0,0,2,0,2,0,0.5692404245342503,-0.5541830594578444,0
1810,1,1,2,0,0,1,0,0,1,0,1,1,1,0,1,1,1,1,0,1,-1.4744976410109647,0.48067400295134255,1
1811,2,1,1,0,0,1,0,0,2,0,0,0,0,1,0,0,0,1,1,2,1.2252532181620353,1.541056433354163,0
1812,0,2,2,0,0,1,0,0,2,0,0,1,0,0,0,0,0,2,0,0,0.30130062847281786,-0.9204571153607417,0
1813,0,2,0,0,0,2,0,0,1,1,1,1,1,0,0,0,0,0,0,1,0.2613510461863616,1.04495192573396,0
1814,0,2,0,0,1,2,0,0,1,1,1,0,0,0,0,1,1,0,0,0,0.15373221098354134,-1.900850163249947,1
1815,1,0,2,0,1,0,0,0,1,1,0,0,1,1,0,2,0,0,1,1,-0.34806392862489255,1.6069528362212908,1
1816,0,0,0,0,0,0,0,0,1,0,0,0,1,1,1,0,1,0,0,1,0.8887062136226229,0.653909965680742,1
1817,1,1,1,0,0,1,0,0,2,1,0,2,0,1,0,0,1,1,0,1,-3.2254546309098995,-3.239993204688539,1
1818,0,0,1,0,0,2,0,0,2,1,0,2,0,0,0,0,1,0,1,1,-0.3101540209506843,-0.4770590585512883,0
1819,0,1,1,0,0,0,0,0,0,0,1,0,2,1,0,2,1,2,0,0,0.08810033471910515,1.4600124226207565,0
1820,0,0,0,0,0,2,0,0,2,1,1,1,1,2,0,0,0,1,0,0,-0.24377316167992583,-0.2009460793173639,0
1821,0,0,1,1,0,1,0,0,1,0,0,1,1,0,0,1,0,1,0,0,1.4662083841558082,1.7511023612705423,1
1822,0,2,0,0,1,1,0,0,1,0,0,1,1,0,0,1,1,1,0,0,1.2068215370856898,1.0908003934731936,1
1823,0,0,1,0,0,0,0,0,0,0,1,1,0,0,0,1,0,1,2,0,0.39658023876860543,0.624576826150783,0
1824,0,1,0,0,0,1,0,0,0,2,1,1,1,0,0,1,1,0,2,1,2.2361445064093477,0.48303481139192167,1
1825,0,0,1,2,0,0,0,0,1,1,1,0,1,0,0,1,0,1,1,0,0.15250769809364,0.4909287420546963,1
1826,0,0,0,1,0,1,0,0,1,2,0,0,0,0,0,1,2,0,1,1,0.24312254653734894,1.5803150252816898,1
1827,0,0,1,0,0,1,0,0,1,0,0,1,1,0,0,0,1,2,1,1,-1.5230403096732876,-0.8169501735065535,0
1828,2,1,0,0,1,1,0,0,1,1,0,0,0,0,1,2,2,2,0,0,-0.9066384040125104,-0.9319824918506106,0
1829,1,2,0,0,0,1,0,0,1,0,0,1,1,1,0,0,0,0,1,0,0.37032196683282664,0.7255752240796025,0
1830,1,1,1,0,0,0,0,1,0,1,0,1,1,1,0,1,1,1,0,0,-0.12917205738148638,-0.6062661398523893,0
1831,0,1,0,0,2,1,0,0,1,1,1,1,1,1,0,0,0,0,1,0,1.2623145647453697,0.5903846084668682,0
1832,0,1,0,0,0,2,0,0,2,0,0,0,1,1,0,1,1,2,1,0,0.5679195468322722,1.8321983559202306,0
1833,1,0,1,0,0,2,0,1,2,0,1,0,1,0,0,0,2,1,1,0,-0.15402537785173412,-1.168578615070318,0
1834,0,0,0,0,1,0,0,0,0,2,0,1,1,0,0,1,1,0,0,0,-0.19687369503998642,0.6409342709500973,1
1835,0,1,1,0,0,0,0,0,1,0,0,0,1,0,0,1,0,0,2,0,-1.8628207719728016,-0.009179761110178042,1
1836,0,0,1,1,0,1,0,0,1,0,1,0,2,0,0,1,0,0,0,1,-0.8154141976066036,-0.35046063195751165,0
1837,0,0,2,1,0,1,0,0,2,2,0,0,2,0,1,2,0,0,0,1,-0.7518861458025123,0.45124356026429435,0
1838,0,0,1,0,0,1,0,0,1,0,1,0,1,0,1,1,2,0,2,0,0.2169735692299124,-0.2682003887464998,0
1839,0,1,0,0,1,0,0,1,1,0,1,1,1,1,1,1,2,2,1,2,-0.9600626676786749,-0.7269321412623722,0
1840,0,2,2,0,1,1,0,0,2,1,1,1,2,0,1,1,0,0,2,0,0.8336958033906461,0.27180720954156373,0
1841,0,2,0,0,0,1,1,1,2,1,1,0,1,1,0,2,1,1,2,1,0.15351060624405535,1.1003501472817714,0
1842,0,2,1,0,0,0,0,0,1,1,0,0,1,1,0,2,1,0,1,1,0.5944697372375523,0.13484386319608044,1
1843,0,0,1,0,0,1,0,0,2,1,1,0,0,1,0,0,0,0,0,1,1.1842801961219187,0.46325830279464425,0
1844,0,0,1,0,0,1,0,0,1,1,0,2,2,1,0,0,1,1,1,1,-0.12998249132805323,-1.2840139127392562,1
1845,0,0,1,1,0,1,1,1,1,0,1,2,2,1,0,2,1,0,1,0,-0.8278610028252108,-0.08599700756217132,0
1846,0,2,1,0,0,0,0,0,1,2,1,1,1,1,0,1,2,0,1,0,0.7745113963429051,-1.112613601828694,0
1847,0,0,0,1,0,0,0,0,2,1,1,0,0,0,0,0,2,1,1,0,-0.3947145567116857,1.397293807701366,0
1848,1,0,2,0,0,1,0,0,1,0,0,1,1,0,0,1,0,2,1,1,1.3831395045259447,0.37909968025067614,0
1849,1,1,1,0,1,1,0,0,1,0,0,0,1,1,0,1,0,0,1,1,-2.2269577114968113,-0.694132549168793,0
1850,0,1,2,0,0,1,0,0,1,0,2,1,0,0,1,0,1,1,2,0,-0.5351563690268419,-1.256093638447544,0
1851,1,1,0,1,0,0,0,0,1,1,0,1,1,0,1,1,0,1,1,2,1.7304126540591878,1.4832233552319776,0
1852,1,1,0,0,0,1,0,0,1,2,0,1,0,0,0,1,2,0,1,1,1.403124053537147,0.3870411809066481,0
1853,0,1,0,0,0,1,0,0,1,1,0,1,1,0,0,1,1,2,0,0,0.4282260995220132,-1.0270267937812063,0
1854,1,0,0,0,1,0,0,1,0,1,2,1,2,1,0,0,0,0,0,0,1.5108317422506334,0.4432454385432043,0
1855,0,1,1,0,0,2,0,1,1,0,0,1,0,2,0,1,1,0,1,1,0.4618060797093405,-0.23573372347820942,1
1856,1,1,0,0,0,1,0,0,2,1,1,1,0,0,1,1,0,0,1,0,0.16640806044904596,-1.1656708122743338,0
1857,0,1,2,1,2,0,0,0,2,1,1,1,2,1,0,0,1,0,1,1,1.603408623793802,1.6656894489462735,1
1858,0,0,0,0,0,1,0,0,1,1,1,1,1,0,0,1,0,2,2,1,-0.19906401497360565,0.11584035285763114,1
1859,0,1,0,0,0,1,0,1,0,1,0,1,0,1,0,0,0,1,0,2,-0.16783963387663967,0.5690922339675721,1
1860,1,0,1,0,0,0,1,0,1,0,0,0,0,1,0,0,0,0,0,0,0.564451215689106,-0.6363431077599898,0
1861,0,0,2,0,1,2,0,0,0,0,0,0,2,0,1,0,0,1,0,1,-1.204904880071685,0.7300053876164216,1
1862,1,1,0,0,1,1,0,0,1,1,0,0,1,0,0,0,1,1,1,1,-0.9688146376896124,-1.6867602872023537,1
1863,0,0,2,0,0,0,0,1,2,1,0,0,1,0,0,1,1,1,1,1,-1.8614393144673913,-0.461802863081597,1
1864,0,1,1,0,0,0,1,0,0,1,0,1,1,0,1,1,0,1,1,0,-0.851124027509481,-0.8185303719356892,0
1865,0,1,1,0,0,2,0,0,1,0,1,1,2,0,0,0,0,1,0,0,-0.10316039371982834,-1.212707863105011,0
1866,1,0,0,0,0,0,0,0,0,0,1,1,2,0,1,1,1,0,1,1,-1.5004200759093616,-0.6485048875169337,0
1867,0,0,1,0,0,1,0,0,0,2,0,0,0,1,1,0,1,1,2,0,-0.2419429895670978,0.22591094243464305,0
1868,0,0,1,0,0,1,0,0,0,1,1,1,0,1,0,0,1,0,1,0,-0.5823733999473595,-1.4157294789811021,0
1869,0,1,2,0,0,2,0,0,0,1,1,0,1,0,0,1,0,0,2,1,-0.9439324324840265,-0.5607686692443379,0
1870,1,0,0,0,0,1,0,0,2,1,1,0,1,0,1,1,1,2,1,1,0.5167416637348499,1.0857558430809209,0
1871,0,1,1,0,0,1,0,0,1,0,0,0,0,0,0,2,0,0,1,0,-1.536568975017117,-0.610381353910086,0
1872,0,1,1,0,0,2,0,0,1,2,1,2,1,0,0,1,2,0,0,1,0.6086886545013807,1.3819892882059182,1
1873,0,0,1,0,0,1,0,0,1,0,2,0,0,1,1,2,1,1,2,0,0.3930912434822634,-1.2272902352270787,1
1874,0,0,1,0,0,1,0,0,0,1,0,1,0,0,1,1,0,0,1,0,0.6956903167700554,0.49914498347036196,0
1875,0,0,2,1,1,1,1,0,0,0,0,1,0,0,0,0,1,2,1,0,1.2224450406102367,1.1819448845640415,0
1876,0,0,0,0,0,0,0,0,2,1,0,0,0,0,0,1,1,0,0,1,-0.06362262993844262,2.076574766341886,1
1877,0,0,1,0,0,1,0,0,0,2,0,0,0,2,1,0,1,0,0,0,0.4008572771433739,0.008289164472689181,0
1878,0,0,1,0,1,0,0,0,1,0,0,0,1,0,0,1,1,1,2,2,0.4637165916241806,1.5354669978065778,0
1879,0,1,1,0,0,0,0,0,2,0,1,0,0,0,0,1,0,0,1,1,1.469817740554197,1.3555369489186988,1
1880,1,0,0,1,0,2,0,0,1,2,0,0,1,1,0,0,0,1,2,1,0.16841598852618836,0.4460941502032918,1
1881,1,1,1,0,1,1,0,0,0,0,0,0,1,0,0,2,0,1,1,0,-1.0333904179375233,-0.8256723529267966,0
1882,0,0,0,0,0,2,0,0,0,1,1,0,1,0,0,1,2,0,0,0,1.2371852137251742,1.0683984590702682,1
1883,0,0,0,0,0,2,0,0,2,0,1,0,1,0,0,1,0,1,2,0,-1.291106354034644,-0.48088471268612204,0
1884,0,1,2,0,0,2,0,0,2,0,1,0,1,1,0,0,1,1,1,0,-0.427543261834676,0.8555138911536189,1
1885,0,0,0,0,1,2,0,0,0,0,0,0,0,0,0,0,2,0,1,0,1.5785167196872225,-0.7839867629796038,0
1886,0,1,2,0,1,1,1,0,1,0,0,1,1,1,0,0,1,2,0,1,-0.49432289380166555,-1.6518481521194515,0
1887,1,1,1,1,1,1,1,0,0,0,1,1,2,1,0,0,1,1,1,0,1.4179935181357863,-1.0595755939644085,0
1888,1,1,1,0,0,0,0,0,1,0,0,0,1,1,0,1,1,0,2,1,0.6982706774838465,-0.49549912553771314,0
1889,1,0,1,0,0,0,0,0,1,1,1,0,0,0,0,0,0,0,1,0,-0.10682088864223595,0.8947758709824957,1
1890,0,0,0,0,0,0,0,0,1,1,0,1,0,1,0,2,1,0,1,0,0.7421321447713995,1.8607534799597998,1
1891,0,1,1,2,0,0,0,0,0,1,0,1,0,0,0,1,1,2,1,1,0.6728585581204328,0.6277680041349807,0
1892,0,0,0,0,1,2,0,0,1,1,0,0,0,0,0,1,1,1,0,1,-0.7690605981465225,-0.5390134688100946,0
1893,0,0,1,1,0,2,0,1,1,1,0,0,1,0,0,2,0,0,1,0,0.548948220923723,0.2511072842118508,1
1894,0,0,1,0,0,0,1,0,1,0,1,2,0,0,0,1,0,1,1,0,-0.025147924302675033,-0.09256025690687358,0
1895,0,0,0,0,0,0,1,0,1,1,2,0,0,0,0,1,0,2,1,0,0.36868601852886096,0.5023896402728423,0
1896,1,0,0,0,1,2,1,1,0,0,2,0,1,0,0,2,0,2,2,0,-0.6993256618173722,1.1158787763296987,1
1897,0,0,0,0,0,0,0,0,2,1,0,0,0,1,1,1,1,1,0,0,-0.548604666311489,-0.34369792189802983,0
1898,0,1,0,0,1,0,0,0,0,1,0,1,0,0,0,2,0,0,0,0,0.40915870914916497,1.0195427749338526,0
1899,0,1,1,1,1,0,1,1,2,1,0,0,1,0,1,2,1,1,0,0,-0.45941071002161066,0.24441061962252053,0
1900,0,0,1,0,0,1,0,0,1,2,0,0,0,1,1,1,0,0,1,1,-0.13857130821797256,0.2043839405835608,0
1901,0,0,1,0,0,0,0,0,1,2,0,1,1,0,0,0,0,1,0,1,1.5704614374895531,-0.2811383313113722,1
1902,0,1,0,0,1,0,0,0,2,0,1,0,1,0,0,1,1,1,0,1,0.6003864793213988,0.47464326361389214,0
1903,1,1,0,0,0,0,0,0,1,2,0,2,2,0,1,1,1,2,0,1,-1.015242045773332,-1.7997953786910141,0
1904,0,1,0,0,0,1,0,0,1,2,1,0,1,0,0,2,1,1,2,0,-0.8705000525159926,0.8555718265495753,0
1905,0,0,1,0,1,2,0,1,0,2,1,0,0,1,0,1,0,0,0,0,0.48741932487186684,0.42411218918438387,0
1906,0,0,0,0,0,1,1,0,1,0,2,0,1,1,0,1,1,0,1,1,0.4117781538895569,-0.9269991996514384,0
1907,0,1,0,0,1,2,0,0,2,1,0,1,0,0,1,0,0,1,0,1,0.27844387120762143,0.8360926401216451,1
1908,0,1,0,0,0,1,0,0,2,0,2,0,1,0,1,0,2,2,0,2,0.7267583534159646,-1.5285935923678582,1
1909,1,1,0,0,2,0,1,0,1,0,0,2,0,0,0,1,1,0,0,1,-1.0875781686590726,-0.1753698766690166,0
1910,0,0,1,0,0,1,1,0,1,1,0,1,0,0,0,1,0,0,1,1,0.4646939494731556,-0.3453926110722009,1
1911,0,0,1,0,0,1,0,0,0,1,0,1,0,0,0,1,0,1,1,0,0.031089236574376587,0.09766912960496099,0
1912,0,0,1,0,0,2,0,1,2,0,0,1,1,0,0,2,2,0,0,0,-1.056126737273092,-0.23322997348608457,0
1913,0,0,0,0,0,1,0,0,2,1,1,1,1,0,0,2,1,0,1,0,0.420153793837373,0.07760669962816807,0
1914,0,2,1,0,0,2,0,0,2,0,0,0,0,0,0,1,2,0,1,0,-1.4612308165372807,-1.5450285889969375,1
1915,0,1,1,0,0,1,0,0,1,1,1,0,2,1,0,0,1,1,2,1,0.3760608201400297,-0.0348503461783532,0
1916,0,0,1,0,0,0,2,0,0,0,0,1,1,0,1,0,0,0,0,0,-0.28246390045451325,-0.05175231490155291,1
1917,0,0,1,0,0,1,0,1,1,0,1,0,1,0,1,1,1,0,1,1,0.5636593803668571,0.6702100651852246,0
1918,1,1,0,0,0,1,0,0,1,0,0,0,2,0,0,1,1,1,1,1,0.9389599835540298,-2.8182231625890872,0
1919,0,1,1,0,0,0,0,0,1,0,1,0,0,0,1,0,1,1,2,1,0.9512130601857545,-1.6580844632681484,0
1920,0,0,0,0,0,1,0,0,1,1,1,0,0,0,0,0,0,0,1,1,-0.062313676518978504,-1.561252297457671,0
1921,0,0,1,0,0,1,0,1,2,2,0,0,1,0,0,1,0,0,1,0,-0.3510385781382977,1.094397493201168,0
1922,0,0,1,1,0,1,0,1,1,0,0,0,0,0,0,1,2,0,1,1,0.9111006448258144,-1.2733325572619214,1
1923,0,0,1,1,1,1,0,0,1,0,1,0,0,0,0,0,1,0,0,1,0.16401379269670033,0.18820443080894772,1
1924,0,0,0,1,0,0,1,0,0,1,0,1,0,0,0,1,0,0,1,1,1.9706734756368491,2.4599966489272784,0
1925,0,0,0,0,0,1,0,0,0,0,0,1,2,0,1,0,1,0,1,0,1.0705599622828998,0.46617872006592276,0
1926,0,1,0,0,0,0,0,1,1,1,0,1,1,0,0,1,2,0,1,1,-0.7315946271142453,-0.0356274348703749,0
1927,1,0,0,0,0,1,0,0,0,2,1,1,0,1,1,0,0,0,1,0,0.6005684999314436,1.1864719524315657,0
1928,1,1,1,0,0,0,1,0,2,2,1,0,0,1,2,0,1,1,1,1,1.1742113861771057,-1.0719600434706398,0
1929,0,1,0,1,0,1,1,0,2,0,0,1,1,0,0,0,0,1,2,1,1.710464711199844,0.922811475348263,1
1930,0,1,1,0,0,1,0,1,2,1,1,1,0,1,0,1,0,0,1,1,-0.4544582338902714,0.37273674588991657,0
1931,0,1,0,0,0,0,1,0,1,1,0,2,0,0,0,1,1,1,0,2,1.8081026987768232,2.8945260280156107,0
1932,0,1,0,0,0,2,0,0,1,1,0,1,1,1,0,1,0,0,0,0,-1.1324035129480607,-0.6986868971880249,0
1933,0,1,1,0,0,0,0,0,0,1,0,0,0,0,0,0,2,1,1,1,-0.809636857996339,-1.0157802295589944,1
1934,0,1,2,0,0,2,0,0,0,0,0,1,0,0,0,0,1,0,2,0,-1.297246646262535,0.39563617642314697,1
1935,0,1,1,0,0,1,0,0,0,0,0,0,1,1,0,1,2,2,1,1,-0.4930260985024435,0.7391944160217021,1
1936,0,0,1,0,0,1,0,0,1,1,0,0,0,1,0,0,0,0,1,0,-0.12340572854233804,-0.34440651383336274,0
1937,1,0,1,0,1,1,0,2,1,1,0,0,0,1,0,0,1,0,1,0,-0.627676881092088,-0.5758780612688323,0
1938,0,0,1,0,0,0,0,0,1,0,1,1,1,0,0,1,0,0,1,0,-2.2383290338191615,-1.9467708326958344,0
1939,0,0,1,1,0,0,0,0,0,0,0,1,2,0,0,1,0,0,1,1,1.1341212972070414,0.6636673033790124,0
1940,0,0,2,0,0,1,0,0,1,0,1,1,0,0,0,1,0,0,2,0,0.1742307991098687,0.037960557409360496,0
1941,1,0,1,0,0,0,0,1,1,0,1,0,1,1,1,1,0,0,2,1,-0.3199887917291978,-0.36114142736257016,0
1942,0,1,0,1,1,1,0,0,1,0,0,0,0,0,1,1,2,1,1,1,-0.19167772677087488,0.27669237362254184,0
1943,0,1,1,0,0,1,0,0,0,0,0,0,1,0,1,1,2,0,1,1,1.8252016062104208,-0.03883906086966926,1
1944,0,0,1,1,1,1,1,0,2,2,0,0,1,0,0,1,0,1,0,0,0.1627265865064045,1.0640778281205343,1
1945,0,1,0,1,0,1,0,0,0,0,0,1,0,1,0,1,1,1,1,0,-0.9864769900393038,-0.13189543678901913,0
1946,1,2,1,0,0,1,0,0,1,1,1,1,2,0,0,2,0,1,2,1,-0.25794634865369664,1.7318955559551512,0
1947,0,0,2,1,1,1,0,0,0,1,0,1,1,1,0,1,0,1,1,0,0.6383516928686613,-0.31976119593778907,0
1948,0,0,0,0,1,2,0,0,0,0,0,1,2,0,0,0,1,0,1,0,-0.39601625662238754,0.1243563228214466,0
1949,0,1,1,0,1,1,0,0,1,1,1,0,1,1,0,1,0,2,0,1,-1.6051270210131523,-1.2469321611372133,0
1950,0,0,2,0,0,1,0,1,2,0,1,0,0,0,0,1,0,1,1,1,1.1858394306203979,1.1017160941156319,0
1951,0,0,1,1,1,2,1,0,1,1,1,0,1,0,0,1,2,1,1,1,-0.46266847880248696,0.7954888049771739,0
1952,0,0,1,0,0,1,1,0,1,0,0,0,0,1,1,1,1,2,1,0,0.06909092028474154,-0.6479074326631269,0
1953,0,0,1,0,0,0,0,0,0,0,0,1,0,0,0,0,1,0,1,0,0.6888087109564894,-1.236398740746008,0
1954,0,2,0,0,0,0,0,1,0,1,1,0,0,0,0,1,1,1,0,0,0.31290863216206194,-0.25623812834651494,1
1955,0,0,1,1,0,0,0,0,1,1,1,0,1,1,1,0,0,1,0,0,-1.8286122441275972,-1.1398743379722354,0
1956,0,0,1,0,0,1,0,0,1,0,1,1,0,0,1,1,0,0,0,0,-2.0418312935582414,0.009754561314561427,1
1957,1,1,1,0,0,0,0,1,2,1,0,0,0,0,0,1,1,1,2,0,-0.44726216560967863,0.3660462937051808,0
1958,0,2,0,0,1,1,0,1,1,1,0,0,1,0,0,1,1,0,1,0,2.279350365621847,0.11501244681999079,0
1959,0,0,0,2,0,1,0,1,0,0,0,0,1,0,0,1,0,2,1,1,0.9659932789930621,-0.21012418504401564,0
1960,0,0,1,0,0,1,0,0,2,0,0,1,1,0,0,1,0,1,1,1,1.0964639709772674,-0.45088415145493443,0
1961,0,0,0,0,0,0,0,0,0,2,1,0,1,0,0,0,1,2,2,1,0.2952082190393779,-0.49413907897036136,0
1962,0,0,1,0,0,0,0,0,2,0,0,1,2,1,1,1,0,0,1,1,0.8463029742570036,0.7496744505425903,0
1963,0,0,1,0,0,2,0,1,0,0,0,0,2,1,0,0,1,0,1,0,-0.2647687309985013,-0.2685776893940163,1
1964,0,1,1,0,1,1,0,0,1,1,0,0,0,0,0,1,1,0,1,1,-1.1605716351813802,0.08405522818863065,0
1965,0,2,1,0,0,0,0,0,1,1,0,0,1,0,0,0,0,0,0,0,1.1855068270352505,0.6478925567753477,0
1966,0,0,0,0,0,0,0,1,1,0,0,0,1,0,0,0,1,0,0,0,-0.5816826633951409,-0.17683447192015883,1
1967,1,0,0,0,0,1,1,0,0,0,0,2,0,1,0,1,0,0,1,0,0.9434500968273907,1.6514459027701143,0
1968,0,1,2,0,0,1,0,0,1,1,1,1,0,0,0,2,1,1,0,0,0.4318676354723187,1.222449787406235,0
1969,1,1,0,0,1,0,0,0,1,1,0,0,0,0,0,1,0,0,0,0,-1.6437002068676998,-1.4846482625566182,1
1970,0,0,0,0,0,2,0,0,0,1,0,0,2,0,0,1,1,0,2,0,0.43678746756235454,-0.48512720279910937,0
1971,0,1,0,0,0,1,0,0,2,1,0,0,0,1,0,2,0,0,0,0,-2.7773066688701102,-1.6431355856924479,0
1972,0,0,0,0,0,1,0,0,1,1,0,0,0,0,1,1,1,0,0,1,-0.805689027444499,-0.5900448406278989,0
1973,0,0,1,0,0,0,0,0,0,1,1,0,1,0,0,0,0,0,1,1,-1.1233670609597908,-0.36447950759625825,0
1974,0,0,2,1,0,2,0,1,2,1,0,1,1,0,0,1,2,1,2,0,2.1424800000923367,0.5812591601038261,0
1975,0,0,1,0,0,2,0,0,2,0,0,0,1,0,0,0,0,1,1,0,0.7216912901925879,-0.5887789659535285,0
1976,1,0,0,0,0,1,0,0,1,0,0,0,1,0,0,1,1,0,0,1,-0.37569378811911525,0.1662041416722288,0
1977,0,1,1,0,0,2,0,0,0,1,0,0,1,0,0,0,1,1,1,0,-0.31181293436982827,0.007829519168683241,1
1978,0,0,0,0,0,2,1,0,2,1,0,0,1,0,0,1,1,2,1,0,0.6954126659898392,-0.09020834494223817,0
1979,1,0,0,0,0,2,0,1,0,0,0,1,1,0,0,2,2,2,1,0,0.7045514551087324,0.9140231519235105,0
1980,0,0,0,0,0,1,0,0,2,0,0,1,1,2,0,0,0,0,0,0,-0.2756369641686143,-0.47569582597980586,0
1981,1,0,1,0,1,1,0,1,2,1,1,0,1,0,0,1,0,0,1,1,-1.9637126030402539,-0.8396353827995124,1
1982,0,0,1,0,0,2,0,0,1,2,0,0,0,1,0,1,1,1,1,0,-1.0201230819055747,1.2784957551950158,0
1983,0,1,0,0,0,1,1,0,0,0,0,0,2,0,0,2,0,0,1,0,0.8444245946636022,0.9765817685048267,0
1984,0,1,0,1,0,0,0,0,0,1,0,0,1,2,1,1,0,0,1,0,-0.30691593208300044,-1.084670549274368,0
1985,1,1,1,1,0,2,0,0,0,1,0,0,1,1,0,2,1,0,1,0,1.038435722647556,-0.6363088005101221,0
1986,0,0,1,0,1,1,0,1,1,0,1,1,1,1,0,1,2,1,1,0,-0.37477323398052126,-0.6993305633322064,0
1987,2,1,0,0,1,1,2,0,1,2,0,0,2,0,0,1,1,1,2,0,-0.4833532797827468,-0.2298964597722189,0
1988,1,1,0,0,0,0,1,0,1,0,0,1,0,0,1,0,1,0,0,0,1.3510381629377244,0.7971182011461753,0
1989,1,1,1,0,0,1,0,0,1,0,1,0,0,0,0,1,1,1,0,0,-1.850069298724011,-0.885456842359688,1
1990,0,0,0,0,1,1,0,0,0,0,0,0,1,0,0,1,0,1,1,1,-0.25553542034963234,2.496148372248964,0
1991,1,0,2,0,0,1,0,0,0,0,0,0,1,1,0,1,2,1,2,1,-0.96275845613901,-0.6142409184975393,0
1992,0,0,0,0,0,0,0,1,2,1,0,1,0,1,0,1,1,1,1,2,0.5700495208334775,0.05235564216990407,1
1993,0,2,1,0,0,2,0,0,0,1,0,1,1,0,1,0,1,0,0,1,1.5258529853435332,2.3148021301875463,1
1994,1,0,1,0,0,1,0,1,2,0,1,1,2,0,0,0,1,0,1,0,-0.2274570232429435,-1.75502310580081,0
1995,0,0,0,1,1,1,0,0,1,0,0,0,0,0,0,2,0,1,1,0,-0.9113640121869012,0.4752474990458138,0
1996,0,0,1,0,1,0,0,0,0,0,0,1,0,1,1,0,0,2,1,1,0.4400720859046886,-0.06585776506320767,0
1997,0,0,1,0,0,0,0,0,2,2,0,1,0,0,0,0,1,0,0,1,1.0319468979078725,-0.6937796590573786,0
1998,0,0,0,0,1,1,1,0,2,1,1,0,2,1,0,1,0,2,2,1,1.2747543695602428,0.9131597687757729,1
1999,0,1,1,0,0,0,0,0,1,0,0,0,1,0,0,0,0,1,0,1,-0.26213464523619173,0.08840828947818735,1
2000,0,0,0,0,0,2,0,0,1,0,0,0,1,0,0,0,1,1,2,1,0.06015514549104446,-0.3540492783090135,0
2001,1,1,1,1,0,1,0,0,0,2,0,1,2,0,1,1,1,0,0,1,-2.123745378586522,-1.3623715370557081,0
2002,0,0,0,0,0,2,1,0,1,1,1,1,0,2,0,0,1,0,1,0,0.5137771094114763,-0.06309922708246782,0
2003,0,1,0,0,0,1,0,0,0,1,1,2,0,1,0,0,1,0,2,0,1.3985283266173052,0.16258407518498874,0
2004,0,0,0,0,0,2,0,0,2,1,0,0,0,0,0,0,1,1,1,1,-0.6413039224836466,-0.5846777531354038,0
2005,1,0,1,0,0,2,0,0,0,1,1,0,0,1,0,1,0,1,1,0,0.07071688475000022,-0.7641294463724027,0
2006,0,0,1,0,0,1,0,0,1,0,1,0,1,0,0,1,0,0,0,0,0.4301169488571114,-0.4709669917682801,1
2007,0,0,0,0,0,2,0,1,1,0,1,2,0,1,1,0,1,1,0,1,0.09133046170274838,-0.7561034841774573,0
2008,0,0,0,0,0,0,0,0,1,2,0,1,1,0,0,1,0,1,1,0,-0.00026826486877471064,1.2950058793444357,0
2009,0,1,0,0,0,2,0,2,1,1,0,0,1,0,0,1,0,1,0,1,-1.1581692728363777,-0.15899138403368332,1
2010,0,0,0,0,1,0,0,0,1,0,1,0,1,2,0,0,1,0,0,0,0.4628697163956442,-0.05011117118555236,0
2011,1,0,0,0,1,1,0,0,0,1,1,1,0,1,1,1,2,0,1,0,-0.755207315061423,0.5755617292693238,0
2012,0,2,2,0,1,0,0,0,1,0,0,1,2,0,1,1,0,1,1,0,-2.152386457525027,-1.7383279087999712,0
2013,1,0,1,0,0,1,0,0,0,1,0,1,0,0,0,2,0,2,0,0,-0.320188932594599,-1.2196658218427567,1
2014,0,1,0,0,0,2,1,1,1,1,0,1,2,0,0,2,0,1,0,1,1.3522415642076069,0.5337510558556005,1
2015,0,0,1,1,0,1,0,0,1,2,2,1,0,0,1,0,1,1,1,1,-1.7405249324544518,-2.4166336564381754,0
2016,0,0,1,0,1,1,0,1,0,0,0,1,0,0,0,1,1,1,2,1,1.0800224509807685,0.9030642784223673,1
2017,0,0,1,0,0,1,0,0,2,0,0,1,1,0,0,1,1,2,1,1,-0.32226105808989336,-1.2290538396139092,0
2018,1,1,2,0,0,2,0,0,1,0,1,1,0,0,0,2,0,1,1,1,1.3693967920311565,1.6088456495715375,0
2019,0,1,0,1,0,0,1,1,0,1,1,1,0,0,0,1,2,0,1,1,0.11825617498998783,0.32785636968218845,0
2020,0,1,1,0,1,0,0,0,2,0,0,1,2,0,0,0,0,2,1,1,0.14846960325292252,0.1856278350303563,1
2021,0,1,1,0,1,0,0,0,0,0,0,0,2,1,0,0,0,0,2,0,-0.804143207839893,-0.8785682706722546,0
2022,0,0,0,1,0,0,1,0,1,0,0,1,1,0,1,1,2,0,1,0,-0.8789028831751815,1.1934901375799387,0
2023,0,0,0,0,0,1,1,0,0,2,1,0,0,0,1,1,0,1,2,2,0.6457848575945168,0.12798355016027463,1
2024,0,0,1,1,0,1,0,0,1,1,0,1,0,0,0,0,0,0,1,0,-1.1922338311692189,0.38076720048101387,0
2025,0,0,2,0,0,2,0,0,2,0,0,1,0,1,0,1,1,0,0,1,-0.5131864429336634,-0.2680406131897546,0
2026,0,0,0,1,0,0,0,1,0,2,0,1,1,1,1,0,1,1,1,1,0.6002494874351365,1.8032880038333392,0
2027,0,1,0,0,0,1,0,0,0,0,0,0,1,0,1,2,0,0,0,0,2.0382486863403244,1.7641406025589663,0
2028,0,2,0,0,0,0,0,0,0,1,0,0,0,1,0,1,0,1,1,1,0.10110269678885955,-0.5591879143232129,0
2029,0,1,2,0,0,1,0,1,1,2,0,0,2,2,0,1,0,0,1,0,-0.13154983137534665,0.3697326417157232,0
2030,0,0,1,0,0,1,0,0,0,0,0,2,0,1,1,1,2,0,1,2,-1.4154368810770952,-0.264085650758809,0
2031,0,1,0,0,1,2,0,1,0,0,0,0,1,1,0,0,2,1,1,0,0.5556920314083666,0.2607785345333452,1
2032,1,1,0,0,0,1,0,0,2,1,0,0,0,0,0,0,0,0,0,1,-2.2544840609132555,-0.7262419717626241,0
2033,0,2,0,1,0,1,0,0,1,1,0,2,2,1,0,1,1,1,0,0,0.25557510500048086,-0.6162790779022158,0
2034,0,2,1,0,0,1,0,1,1,1,1,2,1,0,0,1,1,1,2,1,0.05174980681294452,-1.0099048089984621,0
2035,0,0,1,0,0,0,0,1,0,0,1,0,1,0,1,0,0,0,2,0,0.7823958555757944,0.13162559572338373,0
2036,0,0,0,0,0,0,0,0,1,1,0,0,0,0,0,2,1,0,1,1,-0.847056414238525,1.387541008931001,0
2037,0,0,1,0,0,1,0,0,1,0,1,0,1,0,0,0,1,0,2,0,0.22147847576170993,-1.5060434955797188,0
2038,0,0,1,0,0,1,0,0,0,2,0,0,2,1,0,0,0,0,1,1,0.5960738940638184,-0.7195139177953804,0
2039,0,0,2,0,1,1,0,0,0,1,0,1,1,0,0,2,1,0,1,1,-1.2427939556670013,-1.05420858643343,0
2040,0,1,1,0,0,1,1,1,1,1,0,1,0,0,0,1,0,1,2,1,-0.8464279889473504,-0.08761875170854357,1
2041,0,0,1,0,0,2,0,0,2,1,1,1,1,0,0,1,0,0,1,0,0.7518787247053818,0.44395674796358786,1
2042,1,1,1,1,0,0,0,0,0,0,1,1,1,0,0,0,2,1,0,1,0.26281334174231064,-0.07510150602356652,0
2043,0,1,0,0,1,1,1,1,1,0,0,1,2,0,0,1,0,1,1,0,-0.2105809328567471,-1.411104116266888,1
2044,0,1,2,0,0,1,1,0,2,0,0,0,1,0,0,1,1,0,1,0,0.25301394379971864,-0.1097068359848069,0
2045,0,1,1,0,0,1,0,0,1,1,1,1,0,2,0,1,0,0,1,1,0.03647829732227007,-0.6686477974096543,0
2046,0,1,1,1,0,1,0,1,1,1,0,0,1,1,0,0,1,1,2,1,-0.10075461623730665,-0.9609665365704829,1
2047,0,0,1,0,0,0,0,0,0,1,1,0,1,0,0,1,0,1,0,1,0.21414532924802,0.9864649391908096,0
2048,0,0,0,0,0,1,0,1,1,1,2,1,0,0,0,1,1,1,0,0,0.035204144252563005,-1.0253889975673598,0
2049,0,1,2,0,0,1,0,0,1,0,0,1,0,0,0,1,1,1,0,1,2.0126602473777004,2.8533167519994267,0
2050,0,2,1,0,1,0,0,0,2,0,0,1,2,0,0,0,0,0,1,2,0.8496923117199967,-0.12688139248879188,0
2051,0,0,0,0,0,1,0,1,0,0,0,0,1,0,1,1,1,0,2,0,-0.12539128562311788,1.3043134135110337,1
2052,0,1,2,0,0,1,0,1,1,2,0,0,0,0,2,1,2,0,1,1,-1.0012743707551104,-0.5430267076235409,1
2053,2,1,0,0,0,1,0,1,1,1,1,1,1,0,0,0,1,0,1,0,-1.170728687401337,0.6180216373214443,0
2054,0,0,1,0,0,1,0,0,2,0,0,1,1,1,0,1,2,0,2,1,-1.9703279167953773,-0.3770488515372091,0
2055,0,1,0,0,0,2,1,0,1,0,0,1,1,1,0,0,1,0,1,1,0.5815720311080526,-1.3297592918860004,0
2056,0,2,2,0,0,1,1,0,2,1,0,1,1,0,0,0,0,1,0,0,0.0429312435295939,0.5066172885019855,0
2057,0,0,1,0,0,0,0,0,2,0,0,1,0,1,0,1,2,0,1,0,0.4072768702359557,1.5884610121585854,0
2058,0,1,0,0,0,1,0,1,1,1,0,1,1,0,0,2,0,1,1,2,1.2917845653221773,0.8716819191051208,0
2059,0,0,0,1,0,0,0,0,1,2,1,0,0,1,0,0,0,0,0,0,0.7146292079684599,-0.30169740355061647,1
2060,0,0,1,0,0,0,0,0,1,1,0,0,1,1,1,1,0,0,0,1,0.7442428933567891,0.32964378989559284,0
2061,0,1,0,0,0,0,0,0,0,2,1,0,1,0,0,1,0,1,2,0,1.0857743544203382,0.5304261754061254,1
2062,0,0,0,0,0,2,1,0,1,0,1,1,0,2,0,1,1,1,1,1,-0.39537675984702686,-0.0506429120881745,1
2063,1,2,0,0,1,2,0,0,2,0,2,2,0,0,1,2,0,0,2,0,-0.2479875651717127,1.5485045060607536,0
2064,0,0,1,0,0,1,1,2,2,1,0,0,0,1,1,1,0,0,2,0,1.4059504741693534,1.839381479232265,0
2065,0,0,1,0,0,1,0,0,0,1,0,1,0,0,0,0,1,2,0,0,-1.4220378253179031,-0.12421046835675248,1
2066,0,0,0,0,1,2,0,0,1,0,0,1,1,0,0,1,2,0,0,2,0.1555691809787606,-0.1815923574486022,0
2067,0,1,0,0,0,1,0,1,1,0,0,1,1,1,0,1,0,0,1,1,0.14478822329130747,0.9066404116156646,0
2068,0,0,0,0,1,1,0,0,1,1,1,1,1,1,1,0,1,0,2,0,0.30285835553176044,-1.6129422413252357,0
2069,0,0,1,0,0,1,0,0,2,1,0,0,0,0,0,1,1,0,1,0,-1.2645308892290466,-0.4625607214771397,0
2070,1,0,1,1,0,1,0,0,1,1,2,1,1,0,0,0,1,0,0,1,0.5297972135864618,-0.912911427703567,0
2071,0,0,1,0,0,2,0,0,1,1,1,1,2,1,0,2,1,2,2,2,0.5884828305689241,-0.021507120239307898,1
2072,0,1,1,0,0,0,0,0,1,0,0,1,0,0,0,0,0,1,0,1,0.837161932013902,-0.03555738545811418,0
2073,0,1,2,0,0,0,0,0,1,1,1,1,0,0,0,1,0,2,1,1,1.2004664578965376,0.3499746103350203,0
2074,0,1,1,0,0,2,0,0,0,0,0,1,2,1,0,1,1,0,1,1,-1.664653661715706,-0.39939508092744247,0
2075,0,1,2,1,0,1,1,0,0,0,0,0,0,0,0,1,1,0,0,0,0.08522447091807799,0.8300350458054051,1
2076,0,0,0,1,0,1,0,0,0,0,1,2,1,0,0,1,0,1,1,0,0.16110042863472263,0.6412253858287854,0
2077,1,1,2,0,0,0,0,1,0,1,2,2,1,0,1,0,0,1,1,1,-0.05809688052996657,-0.01925009167434122,1
2078,0,1,1,0,0,1,0,0,0,0,0,0,1,0,0,0,0,1,1,1,1.6421347072836487,1.178684782306208,0
2079,0,2,1,0,0,2,0,0,1,1,1,0,1,0,0,1,2,0,0,1,1.190086085677739,1.3165053806241858,0
2080,0,0,0,0,0,0,0,1,2,0,1,2,1,0,1,1,1,0,0,1,1.417579282600698,-1.3579603908265039,0
2081,0,0,1,0,0,0,1,0,2,2,0,0,0,0,0,0,0,0,1,1,-0.07019343156697223,0.4785060692025364,0
2082,0,0,1,0,0,1,0,0,2,1,0,1,0,1,0,1,1,1,1,1,-1.2669614477533824,-0.9723797500932001,0
2083,0,1,1,0,0,1,0,0,2,0,2,0,1,0,0,1,0,0,2,2,-0.18213371148134236,0.7072203181169849,1
2084,0,1,0,0,0,2,1,0,1,0,0,0,1,0,0,2,1,1,1,2,-0.05911994826556207,-0.32355730973518343,0
2085,0,2,0,0,0,1,0,0,1,0,1,0,1,0,0,1,1,0,1,0,0.8559110599237448,0.6741884127238233,1
2086,0,1,1,0,0,2,0,0,1,0,0,1,2,2,0,1,0,1,1,1,0.9993231209148008,0.2647765202676685,0
2087,0,0,0,0,0,1,0,1,2,0,0,0,1,1,0,1,1,2,2,1,-0.8373472584525868,1.1989476276392663,0
2088,0,0,1,1,0,1,0,0,0,1,0,0,1,0,0,0,1,0,0,0,-1.8697260849338873,-1.4855456310246535,1
2089,1,0,1,0,2,0,0,0,0,0,1,0,2,0,0,1,2,1,0,0,-0.1070164770129397,0.8380301772876136,0
2090,0,1,2,0,0,1,1,0,1,1,1,0,1,0,1,1,1,1,2,0,2.0704001132327443,-0.2388939178189392,0
2091,0,1,0,0,1,1,0,0,0,0,2,0,2,0,0,1,0,1,1,2,-0.34947987104460065,-1.1654401625011435,0
2092,0,0,1,0,0,1,0,1,1,0,1,0,1,0,0,1,0,1,1,2,-1.2237546480412087,-0.9284025827184492,1
2093,1,1,0,0,0,1,0,0,2,0,1,1,1,1,0,1,0,0,1,1,-1.03549690622614,-0.5986938379605676,0
2094,0,0,0,0,1,2,0,0,2,2,0,0,0,0,0,2,0,0,0,1,-0.7575641543193494,1.4798830909917144,1
2095,0,1,0,1,0,1,0,0,2,0,0,0,0,0,0,2,1,2,0,0,1.146771892642789,-0.2572220909977754,1
2096,0,2,0,0,0,2,0,1,0,0,0,1,0,1,0,2,1,0,1,1,-0.3029640758667194,-0.7487880646483628,0
2097,0,0,1,0,1,0,0,0,2,0,1,1,0,0,0,0,1,0,1,0,-1.3680447265623685,-1.6954066715272464,1
2098,1,2,0,0,1,1,0,0,1,1,1,0,1,1,0,0,2,0,2,1,0.20262145575126414,1.4805819148234487,0
2099,0,1,0,0,0,1,0,0,2,0,0,0,0,1,0,0,2,0,1,0,-1.2831002633965778,-1.8287140129376047,0
2100,0,0,0,0,1,2,1,0,2,1,0,0,0,1,0,0,1,0,1,0,0.7316003211887095,-0.18421927975669883,1
2101,0,1,2,0,0,0,0,2,1,0,1,0,0,1,1,1,1,1,1,1,-0.2698629338820496,-0.8309649096708939,1
2102,1,0,0,0,0,1,0,0,1,0,0,2,1,0,0,1,0,0,1,1,1.6493238124807588,-0.08899622953577313,0
2103,0,1,2,0,1,1,0,1,0,0,1,0,0,1,0,1,1,1,0,1,-0.11495312425284812,-2.063584684779293,0
2104,0,0,1,0,0,1,0,0,0,0,1,0,1,0,0,0,0,0,0,0,0.9309283428181949,0.21727796696744345,0
2105,0,0,1,0,0,2,0,0,1,2,1,0,1,1,1,1,0,1,1,0,2.33973418014139,3.0959252486411115,1
2106,0,1,0,0,0,1,0,0,1,0,0,2,1,1,0,0,2,0,1,1,-0.3226216154277353,-1.6429211457101769,0
2107,0,1,0,0,0,2,0,0,2,1,0,2,1,0,0,1,1,0,1,0,-1.4991392723195114,-0.9068298998588719,0
2108,0,0,1,0,0,1,0,0,0,2,0,2,1,0,0,0,1,2,2,0,-3.3182048385763614,-0.9113354020133262,0
2109,0,0,1,0,0,1,0,0,1,1,0,0,2,1,0,0,1,1,0,1,1.7638541854620924,1.0866057604288084,1
2110,0,0,1,0,1,1,1,0,1,0,1,0,2,0,0,0,0,1,2,0,-0.25756128121440636,-0.42957245096342606,0
2111,0,0,1,0,1,1,1,0,2,2,1,1,2,0,1,2,1,0,2,0,0.9838428725401409,0.4408848750685689,0
2112,0,0,1,0,0,0,0,0,1,0,1,0,0,0,1,0,1,0,1,1,0.562163799099054,-2.937353893807676,0
2113,0,0,1,0,0,0,1,0,1,0,0,1,1,1,0,0,2,0,1,0,0.43328789453896804,-0.30745082266410517,0
2114,1,0,0,0,1,0,0,0,2,0,0,0,1,0,0,0,0,0,1,0,-0.6021059981053146,-0.7936203937883891,1
2115,0,1,0,0,0,0,0,0,1,0,0,1,1,1,0,1,0,1,0,0,0.09579399398852682,-0.3774013215469555,1
2116,0,0,0,0,0,1,1,1,1,1,0,1,1,0,0,2,0,1,2,1,1.2623710452775043,1.6336286414684287,1
2117,0,0,0,0,0,1,0,0,0,0,1,0,1,0,0,1,1,1,2,0,0.6572817691587558,0.6387193102505677,0
2118,0,0,0,0,0,1,0,1,1,1,0,2,0,0,0,1,0,0,1,1,0.21644374770466407,-0.6113655492962027,1
2119,0,1,0,0,0,0,0,0,2,1,0,1,1,2,0,1,1,1,0,2,1.2278035000110554,0.8014501354315584,0
2120,0,0,1,0,2,1,0,0,1,1,0,0,0,1,0,0,0,0,1,2,0.9876771686676412,-0.09981286675523404,1
2121,0,2,0,1,0,1,1,0,0,0,1,1,0,1,0,1,1,1,1,1,0.1439182203921209,-0.732855034384711,0
2122,0,0,1,0,0,1,1,0,1,1,0,0,0,1,0,1,0,0,2,1,-0.5208049102028601,-0.0944268167714189,1
2123,0,1,2,0,0,0,0,1,1,1,0,1,1,0,0,1,1,1,1,1,0.46953249098277333,0.07449634695560095,1
2124,1,0,0,0,0,1,0,1,2,0,0,0,0,0,0,0,0,0,1,0,-0.16254575770356294,-0.005213414087220786,0
2125,0,0,2,0,0,1,0,0,1,0,0,2,1,0,0,1,0,1,2,2,-0.23114921814549128,1.7280420059060637,0
2126,0,0,0,0,0,1,0,0,2,1,0,1,0,1,0,2,1,1,1,0,0.5030791949471171,1.1133032293218386,0
2127,0,0,0,1,0,1,0,0,1,0,0,2,0,0,0,0,1,2,0,1,0.9768483575209608,-0.558203825953225,0
2128,0,0,1,0,0,0,0,1,1,0,1,0,0,0,0,1,2,0,2,1,0.8757994797920704,-0.9347367095315321,0
2129,0,1,1,0,0,2,0,1,0,0,0,0,1,0,0,2,1,0,1,1,-2.093205246318404,-0.04838493075852435,1
2130,0,0,1,0,0,1,0,0,2,1,1,0,0,0,0,2,0,0,1,1,0.1057237881526293,1.3979924160868518,1
2131,0,0,1,0,0,0,0,0,2,0,0,0,0,0,0,1,0,1,1,1,0.5752466456592512,1.8133808785913308,1
2132,0,1,0,0,1,0,0,0,1,0,0,0,0,1,0,0,0,0,0,1,1.9292656820826746,0.8786870957040073,0
2133,0,0,2,0,0,1,0,0,1,0,0,0,0,1,0,0,0,0,1,0,-0.3246781613943058,0.22782720327884126,0
2134,1,0,0,0,0,1,1,0,1,0,0,0,1,0,0,1,1,2,0,0,0.6859157105800507,0.35414250501525235,0
2135,0,0,1,0,0,1,2,0,0,1,0,0,1,1,0,1,1,1,2,0,-0.5052743805758345,0.8010303875311459,0
2136,0,2,1,0,0,1,1,1,0,0,1,0,1,0,0,1,0,2,0,1,0.19123792850928548,-0.8549678622018965,0
2137,0,1,0,0,0,1,0,1,2,1,1,1,1,2,2,0,1,0,1,1,-1.896116426453832,-1.2092438589957377,0
2138,0,0,1,1,0,2,0,1,1,0,1,0,1,1,0,2,1,1,2,0,-2.3266314524763723,-0.24461320883871496,0
2139,0,1,1,0,0,1,0,0,0,2,1,0,1,0,0,0,1,0,0,1,-1.2225460155952539,-1.2645197429259034,0
2140,0,0,1,1,0,1,0,0,1,1,0,1,1,0,0,1,0,0,1,0,0.8019094222194066,0.12451559102339094,0
2141,0,1,2,0,0,1,0,0,1,1,1,0,1,0,0,0,0,0,2,0,0.22132466312109614,0.06551142369704543,1
2142,2,0,0,1,0,2,0,0,1,1,0,0,2,0,0,0,1,0,0,0,-0.9567720028372402,-0.10798575203942978,0
2143,1,0,1,0,0,1,0,0,1,1,0,1,0,0,1,1,2,1,0,0,-0.09693740997133014,-1.9385014455179814,0
2144,0,0,1,1,0,1,0,0,1,0,0,0,1,0,0,1,0,0,2,1,0.002627106097056208,0.3283667598433857,1
2145,0,0,0,0,0,0,1,0,2,1,0,2,1,0,0,1,0,1,1,0,0.825793533737771,-1.5866622804829236,0
2146,1,0,1,0,0,0,0,0,2,1,0,0,0,0,0,1,0,0,1,0,0.20160721484298516,0.9143224271298566,1
2147,0,0,0,0,0,2,0,0,0,2,2,0,0,1,0,0,1,0,0,1,-1.3415582488716153,-1.4650748213079394,0
2148,0,1,1,0,0,0,0,1,0,1,0,1,1,0,0,0,1,2,0,1,0.061307175503642224,0.5678881085063708,0
2149,0,1,1,0,0,0,1,1,1,1,0,0,1,0,0,2,0,1,1,0,1.1535454109016907,1.215780650174817,0
2150,0,0,1,0,0,1,1,0,1,0,0,0,1,0,0,1,0,0,2,0,0.8713145278441728,-0.44941256091093945,0
2151,0,0,0,0,0,1,0,0,0,1,0,1,0,0,0,1,0,0,1,0,-0.21046398094354407,0.24443248036317705,0
2152,1,0,0,0,0,1,0,0,1,0,1,1,1,2,0,1,2,2,1,1,0.7691537788921985,-0.3226395035383918,0
2153,0,1,1,0,0,1,1,0,0,1,0,1,1,0,0,1,1,1,0,0,0.31309496299856215,-0.30415032056514485,0
2154,0,1,1,0,0,1,0,1,1,1,2,1,0,0,0,0,0,1,1,0,2.050987316184498,-0.4748023761994452,0
2155,0,1,0,0,0,1,0,0,2,2,1,2,1,1,1,0,1,0,1,0,2.0836680417805478,-1.0836989953163907,0
2156,0,0,1,0,0,1,0,0,1,0,1,0,0,0,0,0,0,0,1,1,-0.32478174247389313,-0.14427352045486969,0
2157,0,0,0,0,0,1,0,0,0,1,0,0,2,1,1,1,1,1,1,0,-0.39479515854459807,0.5423765629169037,0
2158,0,1,1,0,0,2,0,0,1,0,1,0,1,1,0,0,0,2,1,0,-1.5576014693865647,-0.605093988676801,0
2159,0,1,1,0,0,1,1,1,1,0,0,0,0,0,0,0,0,1,2,0,1.3143438399699934,1.8654889488454265,0
2160,0,0,1,0,0,1,0,0,2,1,1,1,1,1,1,1,0,0,1,1,-0.9226910640342938,0.08892835180536501,0
2161,0,0,1,0,0,2,0,0,2,1,0,1,1,0,1,1,0,1,1,1,0.7790683025957635,1.1873320270430154,0
2162,1,0,1,0,0,2,0,0,1,0,1,1,2,0,0,0,2,1,2,0,-0.8757187578664588,-0.23126023945447316,0
2163,0,0,1,0,0,1,0,0,2,1,0,0,1,1,0,0,0,1,1,1,1.5567568335437947,0.18346049586323088,0
2164,0,1,1,0,0,0,0,0,1,0,1,2,1,0,0,1,0,1,2,0,-0.27789887114536477,1.2685353068742242,1
2165,0,1,0,0,0,1,0,0,2,1,0,0,0,0,0,1,0,0,1,1,-0.13415922026811766,-0.13938160037081176,1
2166,0,0,0,0,2,1,1,0,1,0,0,1,0,0,0,1,1,1,1,0,-0.16854900500113876,-0.33112950768424554,1
2167,0,1,1,0,0,2,0,0,2,0,0,0,2,1,0,1,0,0,1,1,-0.5793323278029832,-0.1883819662494789,0
2168,0,1,1,0,0,2,0,0,1,0,0,2,1,0,1,1,1,0,1,1,0.1867384642664516,0.7548123540603311,1
2169,1,0,1,0,0,2,0,0,0,0,0,1,0,0,0,0,1,0,1,0,0.13460555580891811,0.5737166240922638,0
2170,0,1,1,0,0,0,0,0,1,0,1,1,1,0,0,1,1,0,0,1,0.4443200362882122,-1.8876658408493596,0
2171,0,0,1,0,0,0,0,0,0,1,2,1,1,0,0,0,0,1,1,1,-0.9286097233781008,-1.8807750200931375,1
2172,0,1,0,1,0,1,0,1,1,1,1,0,1,0,0,2,0,2,1,0,0.8853001297224128,0.7450414678734009,0
2173,0,0,1,1,1,1,0,0,0,0,0,1,1,1,0,0,1,0,1,0,1.257703152422904,-0.20407784809125729,0
2174,1,0,0,0,0,2,0,0,2,0,0,0,1,0,0,0,1,1,0,0,-0.07866831184422768,-1.3007530702239882,1
2175,0,0,1,0,0,1,0,0,1,1,0,0,0,0,0,0,2,0,2,0,-1.0833140983924718,-0.768768451088921,1
2176,0,0,0,0,0,1,0,0,1,0,1,0,0,0,0,0,1,1,0,1,-0.4581184736137739,-0.012217378649074573,0
2177,0,1,0,0,1,1,0,0,2,2,0,1,1,1,0,0,0,1,0,0,0.08891811206076872,-0.803042507586417,0
2178,1,0,1,0,0,1,0,0,1,0,0,1,0,0,0,1,1,0,0,0,0.19969686480560123,-0.6537297442187928,0
2179,0,2,0,0,0,1,0,0,0,1,1,0,1,0,0,2,1,0,2,1,-1.137289474111251,0.177072975273451,0
2180,0,0,0,0,1,2,0,0,1,0,0,1,1,0,0,0,0,0,0,0,-0.8860655923496545,-0.7727759102491456,0
2181,1,1,1,0,0,0,0,1,2,0,0,1,2,0,0,1,1,1,0,0,-1.3786052208871593,-0.8809124024684816,0
2182,0,1,1,0,0,0,0,0,0,0,0,0,0,0,0,1,0,1,1,1,1.3481244527046023,-0.030939460540072572,0
2183,0,0,1,0,0,0,1,0,2,1,0,0,1,0,1,0,1,0,1,1,0.592359482121737,0.885549835455103,0
2184,0,0,1,0,0,1,1,0,0,1,0,0,0,1,1,0,0,0,2,1,2.3089626791768234,0.8188693495276472,0
2185,0,0,0,0,0,2,0,1,1,1,1,0,0,1,0,0,2,1,1,1,0.27151180468457814,-0.04764215095530196,1
2186,1,0,1,0,1,2,0,2,2,1,0,0,0,1,0,0,1,1,0,1,-0.1773977099616902,-0.9222211834735727,0
2187,2,2,1,0,0,0,0,1,0,1,0,2,1,1,0,1,0,1,1,1,0.4370969537723343,0.6951679930421505,0
2188,0,1,0,0,0,0,0,0,1,1,0,0,1,1,0,1,0,0,0,1,0.023114980914822253,0.1058557168744639,0
2189,0,0,0,0,1,0,0,0,2,1,1,1,0,0,0,0,0,2,2,1,0.653959186206346,-0.9447282215246207,1
2190,0,1,0,0,0,1,0,0,1,1,1,0,0,1,1,1,0,1,2,0,-0.6448236436555769,-0.5289144843639408,1
2191,0,0,0,0,0,1,0,0,1,0,0,1,1,1,0,1,1,0,1,0,0.16885410622504962,0.008109499977989279,1
2192,0,1,1,0,1,2,0,0,2,2,0,1,2,0,1,2,1,1,1,1,-0.16001076492765215,0.7640458891611926,1
2193,1,1,0,0,0,1,0,0,1,2,0,0,1,0,1,0,1,0,1,0,-0.8023084328233739,-0.8790850668360433,0
2194,1,1,2,0,0,0,0,1,2,1,0,1,2,0,0,1,0,1,0,2,-0.24518179378829552,-1.3884852731903667,0
2195,2,1,0,0,0,2,0,0,2,1,1,0,0,1,0,0,1,1,0,1,2.8039929503721357,-0.14739371719278327,0
2196,0,1,1,0,0,1,1,0,0,0,0,0,0,0,0,0,1,1,2,1,0.015122500564783526,0.15310625381256943,0
2197,0,2,0,0,0,2,0,0,1,0,0,1,0,0,0,1,0,0,1,0,0.3755337924521723,1.3647451405947062,1
2198,0,2,0,0,0,2,0,1,2,0,0,1,2,0,0,2,1,1,2,0,-0.0027597183120173273,-0.10713145088467643,0
2199,1,0,2,0,1,0,0,0,0,1,0,1,1,1,1,1,0,0,1,2,-0.45585852428309626,-0.3672975340565692,0
2200,0,1,1,1,0,0,0,0,0,1,0,1,1,1,0,1,0,0,0,1,0.8572136390365147,1.1644111888135549,0
2201,0,0,2,1,0,0,0,0,1,0,0,0,1,0,0,1,1,1,2,0,-0.7665706597625356,0.43776203490916027,0
2202,0,1,1,0,0,1,0,0,1,0,0,0,0,2,1,0,1,0,2,0,0.6038828236348261,-0.0044433400951160995,0
2203,0,0,0,0,1,0,0,0,1,1,0,0,0,1,0,1,2,0,1,0,1.3639704970575641,-0.20410327309842657,0
2204,0,0,1,0,0,1,0,0,0,0,1,1,1,1,1,0,0,1,1,1,0.8685255287356726,0.5770740075213934,0
2205,0,1,2,0,0,1,0,0,0,1,0,1,1,0,0,0,2,0,1,0,-1.1204192291250916,-1.2186756852505676,0
2206,0,0,0,0,0,1,0,0,1,0,1,0,0,0,0,0,1,0,1,1,-0.5096012141766443,-1.1262499886463178,1
2207,0,0,0,0,1,0,0,0,2,2,1,2,1,0,0,1,0,1,1,1,-0.9452854820167832,-0.040703952106793284,0
2208,0,1,0,0,0,1,0,0,1,0,0,0,0,0,0,1,0,1,1,0,-0.22680598089413392,-0.8432189815250484,0
2209,1,0,1,0,1,2,0,0,1,0,2,0,1,0,0,2,0,0,0,2,1.2034433483341453,-0.9673016921659472,0
2210,0,0,1,0,1,0,0,0,2,1,0,0,2,1,0,1,2,1,1,0,-2.285381013884126,-0.9763641185092325,0
2211,0,0,1,0,0,2,0,0,1,1,0,2,1,1,0,1,1,1,1,0,0.01298646611913222,1.069114936365296,0
2212,0,2,1,0,0,0,1,1,2,0,0,1,1,0,0,0,2,0,2,0,-0.2676868207255508,-3.0900727597096247,1
2213,1,2,1,0,0,1,0,0,1,0,1,0,0,0,0,2,1,1,0,1,0.601081672963535,-0.09686472165095274,1
2214,0,1,1,0,1,0,0,1,2,1,1,1,1,1,0,0,1,1,0,2,1.340090872169038,1.2346078023266263,0
2215,1,0,1,0,0,1,1,0,1,0,1,1,0,0,0,1,0,1,0,2,-0.4098502930207926,0.9501305737936239,1
2216,0,1,1,0,0,1,0,0,0,1,0,0,1,1,1,2,0,1,1,0,0.48320802473604446,1.0377864625491349,0
2217,0,0,0,0,0,1,0,0,0,1,1,0,0,1,0,0,2,1,0,1,-0.5321281288825729,-0.43895834111373355,1
2218,0,1,1,1,2,2,0,0,1,1,0,0,1,0,0,1,1,0,1,0,0.17537855079783612,-0.8123556206816023,0
2219,0,1,0,0,0,1,0,0,2,1,0,0,1,2,0,0,2,0,2,1,1.717840557069875,0.6945578994678958,0
2220,1,0,1,1,0,1,0,0,0,0,0,1,2,0,0,1,0,2,0,0,0.5142135579540098,-0.10147338023646202,0
2221,1,0,1,0,1,2,0,1,2,1,0,1,0,0,0,2,0,1,0,0,-0.1407387579829613,-0.12639211709675585,0
2222,0,2,0,0,0,1,0,2,2,0,1,1,0,0,0,2,0,0,1,0,-0.7475494483523892,-1.1055195486837137,0
2223,0,0,1,1,0,1,0,0,1,1,1,1,1,0,0,1,1,0,1,0,0.13298334087939892,-1.4348174214285645,0
2224,0,0,0,1,0,0,0,0,1,0,1,1,1,0,1,2,1,1,1,0,-0.4374474705352301,-0.8546073497882625,0
2225,0,0,0,0,0,1,0,0,1,0,1,1,0,0,0,1,0,1,1,2,0.39930793565199074,-0.43354845444899637,0
2226,0,0,1,0,0,1,0,0,1,0,0,1,1,0,0,0,0,0,0,1,-0.8531341006211669,-0.8021057013069878,0
2227,1,0,1,0,1,2,0,0,1,1,1,0,1,1,0,1,0,1,0,0,-0.32362153251727377,0.09517067217608824,0
2228,0,1,1,0,2,1,1,0,2,2,0,1,0,0,0,1,0,1,1,0,0.06935422368594482,-0.4402233141019022,0
2229,0,0,1,0,0,0,1,0,0,1,1,0,0,0,0,2,1,0,2,0,0.8743376259403478,1.504139561111792,1
2230,0,0,1,0,0,1,1,0,0,0,1,1,2,1,1,2,0,1,0,1,0.7898756008992911,1.1143061768824922,0
2231,0,1,1,0,0,2,0,0,1,1,1,0,0,0,0,1,2,2,0,0,0.9165683944062936,0.20645890560435914,0
2232,1,1,1,0,0,2,0,0,1,0,1,2,1,1,1,1,1,0,1,0,0.16440191143537894,0.1905411035767619,1
2233,0,0,1,0,0,0,0,0,0,1,1,1,1,1,0,2,0,1,0,0,-0.16353657257745363,-0.43639940780015846,0
2234,0,0,1,0,1,2,0,1,2,0,0,0,0,0,0,0,0,0,0,1,-1.683590580502181,0.7102922918235807,0
2235,0,1,1,0,0,2,0,0,0,0,2,0,0,0,0,0,1,1,1,1,-2.350310050513897,-2.01126835614159,0
2236,0,1,2,0,0,2,0,0,1,0,0,0,2,0,0,2,1,1,0,0,0.9728992104128815,-1.5409993772430115,1
2237,0,1,0,0,1,2,0,0,2,0,0,1,0,1,0,1,1,1,1,1,0.27024051252541403,-1.2788156464155669,0
2238,1,0,0,0,0,2,0,0,1,2,0,0,2,0,0,2,0,0,1,0,-0.18361390435789823,1.4477308374072781,1
2239,0,0,1,0,0,1,0,0,1,2,0,1,1,2,0,2,0,1,2,0,1.4433461313381915,0.36995055898120066,1
2240,0,1,0,0,0,2,0,0,0,0,0,2,1,1,0,1,1,0,1,1,-0.7391773154413271,0.4808801530744894,0
2241,0,1,1,0,0,2,0,0,1,2,0,0,2,0,0,0,0,0,1,1,-0.5026237887446257,-0.6582404497974929,0
2242,0,0,0,0,0,0,0,0,1,1,1,2,1,0,0,1,1,0,0,0,0.9142097168882815,0.6277040399000393,0
2243,1,1,1,0,0,1,0,0,1,0,0,1,1,1,0,0,0,1,2,0,0.346011066517957,0.4944456305988687,0
2244,0,1,2,1,0,2,0,0,1,0,0,1,0,0,0,2,1,0,1,1,0.04195184371453889,0.07212851986824298,0
2245,0,0,0,0,0,1,0,0,2,2,0,1,1,0,0,1,1,1,1,1,-0.5277076897925204,2.5715471021386547,0
2246,1,1,0,0,0,1,0,0,2,1,0,1,0,0,0,1,0,0,2,1,0.3301127953641461,0.5644920300624591,0
2247,0,2,0,0,0,2,0,0,1,0,0,0,0,0,0,1,1,1,0,0,0.07189117489921164,0.33800062885898213,1
2248,0,0,0,0,0,0,0,1,1,0,1,1,2,0,0,0,1,2,2,0,-0.8277262934818886,-0.7495972090950072,1
2249,0,0,1,0,0,1,0,0,0,2,0,1,0,0,0,1,0,1,2,0,-0.4240419192419968,-1.5952342288021197,1
2250,0,0,0,0,0,2,0,0,1,0,0,0,1,1,0,1,0,1,1,0,0.726017437499562,-0.2816807392145969,0
2251,0,1,1,0,0,2,0,0,1,0,1,1,1,0,0,1,1,0,1,2,1.5112731339381853,1.0547821955237606,1
2252,0,1,0,0,0,1,0,0,1,1,2,1,0,0,0,2,1,1,1,1,-1.0300216651002574,-0.09638325535540965,0
2253,0,0,0,0,0,1,0,1,1,0,0,1,0,0,0,1,1,1,0,2,-0.09712339068699974,-0.24911234038659363,0
2254,1,0,1,0,0,2,0,1,2,1,0,0,1,0,1,0,0,0,1,1,0.6207765637559275,-0.02141356656379928,0
2255,1,1,0,1,0,2,0,0,1,0,0,0,0,0,0,0,0,1,0,1,-0.983820535145819,0.010658121317400793,0
2256,1,0,0,0,1,1,1,0,1,1,0,1,1,0,1,2,1,0,2,0,-0.49750634817466455,-1.0771094332556324,0
2257,0,2,1,0,0,2,0,0,1,1,0,1,0,0,0,1,1,0,1,0,0.044129023229921606,1.66964543059082,1
2258,0,0,1,0,1,1,0,0,0,1,0,0,0,0,0,0,0,0,0,1,0.27938504936108816,0.11189914968855894,0
2259,0,1,0,0,1,1,0,1,2,0,0,0,1,0,0,0,0,0,1,1,0.1046792493534798,1.0563103315951936,0
2260,0,1,0,0,0,1,1,0,2,1,0,1,2,1,0,0,0,1,1,0,-0.589612859031413,0.4044965334834245,0
2261,0,0,0,0,0,2,1,0,0,1,1,1,1,0,0,1,1,0,0,0,0.09537569932139499,-0.381562152248068,1
2262,0,0,1,0,1,1,0,0,1,0,1,1,1,0,0,1,1,0,1,0,0.23058787007085962,-0.24808399641643836,0
2263,0,0,1,0,0,2,0,1,1,1,1,1,1,0,0,1,2,0,0,0,0.6337239837754258,-1.7257383315709145,0
2264,0,0,1,0,1,0,0,0,0,1,0,0,1,1,0,0,1,0,1,0,0.44420593460714103,0.003428904943869021,0
2265,0,1,1,0,0,1,0,0,1,0,0,1,0,0,0,0,2,1,1,1,0.32590054748948866,-1.7019391469816492,0
2266,0,0,0,0,1,1,1,0,1,2,0,0,1,0,0,2,0,1,1,0,-0.3056728833989554,0.6025772280749719,0
2267,1,0,1,0,1,0,0,0,0,0,1,0,1,0,0,0,0,0,1,0,0.6034706433997074,-1.0638657870027897,0
2268,0,0,0,0,0,2,0,0,1,0,1,1,1,0,0,0,0,0,1,0,-3.311406512430325,0.12720932077785108,0
2269,1,1,1,1,0,2,0,1,1,1,0,0,1,0,0,1,0,1,1,0,-0.9522642452604435,-1.573236885457134,0
2270,0,0,0,1,1,1,1,1,1,0,2,0,0,1,0,1,0,2,2,0,0.5258257242104999,1.1307253944533566,0
2271,1,0,1,0,0,0,0,0,0,1,2,0,0,0,0,1,0,1,1,0,-0.4172557954461491,-0.27655927544396675,1
2272,0,2,0,0,1,1,0,0,0,0,0,0,0,2,0,1,1,1,0,2,-0.1452427914685369,-0.6987412420771106,1
2273,0,2,1,0,1,0,0,0,1,0,1,0,1,1,0,1,2,2,2,0,-0.5184093612222632,0.9590319844708501,1
2274,0,1,1,0,0,2,0,0,1,0,0,1,1,2,0,2,0,0,0,1,0.5580113059153422,0.5082824739505477,0
2275,0,0,0,0,0,1,1,0,1,1,0,1,2,0,0,0,0,0,0,0,-0.5692402906108105,0.8408144803462781,1
2276,0,1,0,1,1,1,0,1,1,1,0,1,1,1,0,0,1,0,1,0,-2.1692160007560894,-0.8199042934768435,0
2277,1,0,2,1,0,1,0,0,1,0,0,0,1,0,1,0,0,0,1,1,-0.6468831609456043,1.2859756282632042,1
2278,0,0,0,1,0,0,0,0,1,1,0,1,1,1,0,0,0,1,1,2,-0.7221633948186343,1.0716658836547135,0
2279,0,0,1,0,0,0,1,0,1,0,0,1,0,1,0,0,2,1,1,1,-1.0802289825490343,-0.8465730209984458,0
2280,0,0,1,0,0,1,0,0,0,1,1,1,1,1,0,1,0,0,2,0,0.4164342697968329,0.5807292373941841,0
2281,0,1,0,0,1,2,0,0,1,0,0,0,1,1,1,0,1,1,1,1,-1.2985531480916142,-0.7884556235577742,0
2282,0,1,0,1,0,2,0,0,1,1,1,1,0,0,1,0,1,2,1,2,-0.4702452996313699,-0.2886946918141212,0
2283,1,0,0,0,0,1,0,0,2,1,2,1,0,0,0,2,0,0,0,0,1.0681413761927496,-0.008423431765522654,1
2284,1,0,0,1,0,1,0,1,1,2,0,2,1,0,0,1,0,0,0,2,0.47479079025554216,1.2684894296611835,1
2285,1,0,1,0,1,1,0,0,0,1,1,2,0,1,1,0,2,1,1,0,-1.7095711891540923,-1.876467791317092,0
2286,0,1,1,0,0,1,0,0,0,2,1,1,1,0,0,2,1,0,1,2,1.547137505453048,2.1616598758157384,0
2287,0,0,1,0,0,1,0,0,2,0,1,0,0,0,0,0,1,1,0,0,0.7550446371028872,0.386489402387028,0
2288,2,2,0,0,0,1,0,0,0,1,0,1,1,0,0,2,1,0,1,1,0.30687007848979986,1.2891914656804275,1
2289,0,1,0,0,1,0,0,0,2,1,0,1,0,0,0,0,0,0,0,1,0.3435974898161844,-1.4788458174930206,0
2290,0,0,1,0,0,0,0,0,0,0,0,0,0,0,0,1,0,0,1,1,-0.5353906398057452,-0.6554175810356543,1
2291,0,0,0,0,1,2,1,0,1,0,0,0,1,0,0,1,1,0,0,2,-1.3134905146553129,-1.4721506315589976,0
2292,0,0,0,0,0,0,0,0,0,1,1,1,2,0,0,0,2,1,1,1,-0.40285253644485325,0.4263014949331949,0
2293,0,2,0,0,0,2,0,1,1,1,0,0,0,1,0,1,0,0,0,1,0.6328173027961682,-0.4536007195879622,0
2294,0,0,1,0,0,1,0,0,1,2,1,1,0,0,0,1,1,1,1,1,-0.47962050966171693,0.8893740096462714,0
2295,1,0,1,0,0,2,0,0,2,1,1,1,1,0,1,1,1,1,1,0,-0.23240872242249724,-1.4893122989855034,1
2296,1,0,0,0,0,1,0,0,1,0,0,0,1,0,1,0,0,0,1,0,0.7437532075529116,0.508946200782877,1
2297,0,0,0,0,0,2,0,0,1,0,1,1,0,0,0,2,1,1,2,0,-1.1699929057152925,-0.9713376376876803,1
2298,0,1,0,0,0,0,0,0,1,0,0,0,0,0,0,2,1,2,1,2,0.09534123031986831,-0.14660001386353688,0
2299,0,0,1,0,0,1,1,0,2,0,0,1,1,0,1,1,1,0,1,1,-1.6976847076028654,-0.6673989477801087,0
2300,0,2,0,0,0,1,0,1,1,0,0,0,1,1,0,1,0,0,1,1,-0.6661278762555516,0.3307391365847151,0
2301,0,0,2,0,0,1,0,0,1,0,0,0,0,0,0,2,1,0,1,1,-1.0362681141376504,-1.3364919392455252,0
2302,0,0,0,0,1,2,0,0,0,1,0,0,0,0,0,2,2,0,1,0,1.2442769975845884,1.9022834271975908,0
2303,0,0,0,0,1,2,0,0,0,1,1,2,1,0,0,2,0,0,1,0,0.5384357618323874,1.070179353513246,0
2304,0,0,1,0,0,1,0,1,0,1,0,0,0,2,0,0,1,1,0,0,-1.125495279560292,1.2466175850634613,0
2305,0,0,2,0,0,1,1,0,0,1,0,0,1,0,0,1,1,1,1,1,1.1334102899546223,0.6418099824901864,0
2306,0,0,1,0,0,2,0,0,1,0,1,2,0,1,0,1,0,0,2,1,-0.13742537632574447,-0.658319166073869,1
2307,1,1,0,0,0,2,0,0,0,0,0,1,0,1,0,1,0,1,1,1,-2.0090376327013333,0.2732736455610134,0
2308,0,1,1,0,0,1,0,0,1,0,1,0,1,0,0,1,1,1,1,1,1.172140787421418,-0.16154279257775736,0
2309,1,0,0,0,0,1,0,0,2,0,0,0,2,1,0,1,1,0,1,1,-0.8261243169025514,0.15246094726536946,0
2310,0,0,0,1,0,1,0,0,1,1,0,1,0,1,0,1,1,0,0,2,-0.2684948850099087,-0.1727085137785236,0
2311,1,1,1,0,0,0,0,0,0,2,0,0,1,0,0,2,0,1,0,2,0.29332808114172076,0.5888853270035175,1
2312,1,0,1,0,0,1,0,0,0,0,0,0,0,0,0,1,0,1,1,0,0.7682753687269519,-1.621771352773726,1
2313,0,0,1,0,1,2,0,0,1,0,0,0,0,0,0,2,1,0,0,1,1.622744196116687,0.17404727928050978,0
2314,0,1,0,0,0,0,0,0,2,0,1,1,1,0,0,1,0,0,1,1,-0.5738189193431207,-1.9851721861664042,0
2315,1,1,0,0,0,2,1,1,0,1,0,0,0,0,0,0,0,1,0,0,-0.22501569984363545,-1.0129187930775096,0
2316,0,1,0,0,0,1,0,0,2,1,1,1,1,0,0,1,1,0,1,0,-1.0625546669104091,0.08577217304949414,0
2317,0,0,0,0,0,0,0,1,2,2,1,0,1,1,0,1,0,0,0,0,-1.1985466199235244,0.9105367366328443,0
2318,0,0,1,0,1,2,1,0,0,1,1,1,2,0,0,1,1,0,2,0,0.5949794058228602,-0.26729065237403266,0
2319,0,0,1,1,1,1,0,0,2,1,0,1,0,0,0,1,0,2,1,0,-2.2443894708030614,-0.724286042141792,0
2320,0,1,0,0,0,0,0,0,0,0,1,0,0,1,0,1,2,1,0,0,-0.6438144879929445,0.08102338526733721,0
2321,0,0,1,0,0,1,0,1,1,1,1,1,1,0,1,1,0,1,0,1,0.5341234669047371,0.1797014395377106,0
2322,2,1,1,0,0,0,1,1,1,1,0,0,2,0,0,2,1,0,1,0,1.3758590483653148,0.6561955775971933,0
2323,1,0,1,0,0,2,0,0,0,1,1,1,1,0,1,1,1,1,0,0,0.12180227664996637,-0.41945493955583824,1
2324,0,2,1,1,0,0,1,0,1,0,0,0,1,1,0,0,1,1,1,0,1.5749815391950228,-0.1549956497747827,0
2325,0,1,1,1,0,2,0,0,2,1,0,1,1,2,0,0,1,0,0,0,-1.3311525637880548,-0.8898367968666216,0
2326,0,0,1,0,0,0,0,0,2,0,0,1,1,0,0,1,2,0,0,1,-0.03605978612174264,-0.3071856334324813,0
2327,0,1,0,0,0,2,0,1,1,1,0,0,1,0,0,0,1,0,1,0,-1.689402306260547,-0.9375060534705342,0
2328,0,0,2,0,0,1,1,0,2,0,0,0,1,0,0,0,0,0,1,0,1.1777601858983848,1.0087932602929615,0
2329,0,0,0,0,0,1,0,0,1,1,0,0,1,2,1,1,1,1,1,1,0.5723600049275315,0.9803734070778702,1
2330,0,0,1,0,2,1,1,0,1,2,0,1,1,1,0,1,0,0,2,2,-0.1116612187912882,0.2869999191289543,0
2331,0,1,0,0,0,2,0,0,1,1,1,0,2,1,1,0,0,1,1,1,0.19103465546145493,0.6545080311402821,0
2332,0,0,1,0,0,1,0,0,2,1,1,1,1,0,0,1,0,0,0,1,1.0729654878880206,-0.6743472599796884,0
2333,0,0,1,0,1,1,0,0,2,1,0,1,0,0,0,2,0,0,0,1,-0.21140658207992533,0.5359424082343727,0
2334,0,0,2,0,2,0,1,0,1,2,1,0,1,0,0,0,1,1,1,1,-0.3111605397271464,-0.32421906770919356,0
2335,0,1,1,0,0,1,1,0,1,0,0,0,0,0,0,1,1,0,1,0,0.42572865147150746,0.2767188401647743,1
2336,0,0,2,0,0,1,0,0,1,0,2,0,2,1,0,1,0,2,1,0,-1.6231544100550481,0.5982700729800947,1
2337,1,2,1,0,1,1,0,0,1,1,0,1,1,0,0,2,1,0,0,0,0.09004740076767671,-0.21352451669603484,0
2338,0,0,0,0,0,1,0,0,1,0,0,1,1,0,1,1,0,0,1,0,0.10646650433029343,1.0991810493599865,0
2339,1,0,1,0,0,0,1,0,1,1,0,1,2,1,0,1,2,1,2,1,0.5981519743745809,0.6704335050643,0
2340,0,0,1,0,0,0,0,0,1,1,0,2,0,0,1,1,0,0,0,0,1.46247367584017,1.9147263832380172,1
2341,0,0,1,0,0,1,0,0,2,0,0,1,0,1,0,0,2,0,1,0,0.7245875981211058,-0.30881472213303274,0
2342,0,1,1,0,0,1,0,0,1,0,1,1,0,2,0,1,0,0,0,1,0.41610406274756223,0.8292363307741114,0
2343,0,1,1,1,0,1,0,1,0,0,0,1,0,0,0,0,0,0,0,1,-1.008543433801416,-0.41399087603809875,0
2344,0,1,1,0,0,2,0,0,1,1,1,1,0,1,0,2,0,2,1,1,0.5037301886826772,0.16680010382017257,0
2345,0,1,1,0,0,0,0,1,2,0,1,1,1,1,0,1,1,0,1,0,0.9885854990006039,1.056599574890179,0
2346,0,2,0,0,0,1,0,0,1,1,1,0,1,0,1,2,1,0,1,0,0.19000318657507723,1.6475464426091604,1
2347,0,0,1,0,0,0,0,0,0,0,0,1,0,0,0,1,1,0,2,0,0.33747264124043175,-0.029189760723222102,1
2348,0,1,1,0,2,1,0,0,1,0,0,0,0,1,0,0,0,0,1,1,-0.27223555272841793,0.45603357643746295,0
2349,0,0,1,0,1,0,1,1,2,1,0,0,1,0,0,1,0,1,2,0,0.5337854460179531,0.8805098906096873,0
2350,0,0,1,0,0,1,1,0,0,0,0,0,1,0,0,1,1,1,0,0,-1.434508629956165,-0.7474828366987966,1
2351,0,0,0,1,1,1,0,0,2,0,0,1,2,1,0,1,0,1,1,0,0.21941795253994661,0.5912370854576099,0
2352,1,1,0,0,0,0,0,0,1,1,1,1,0,1,0,1,1,0,1,0,-1.7330794579290902,-0.4403326257613389,0
2353,1,0,0,0,0,1,1,0,2,0,0,0,1,1,0,1,1,0,1,0,-0.05118449748468512,-1.0578437548814033,0
2354,1,1,0,0,0,0,1,0,0,1,1,1,2,0,0,0,0,1,0,1,-0.6300441979958075,-1.4395167886614681,1
2355,0,1,1,0,1,1,0,0,2,2,1,2,0,0,0,1,0,1,0,0,0.4168715627847099,-1.3741687079812084,0
2356,0,0,0,0,0,2,0,0,1,2,0,0,1,0,0,1,1,0,2,0,1.0697592565602114,1.375123912177424,0
2357,0,0,0,0,0,0,1,0,0,0,0,1,0,0,0,0,1,0,1,2,0.7340986068778392,-1.5842705960013046,0
2358,0,0,1,0,0,0,0,0,1,1,0,0,2,1,1,0,1,0,0,1,-1.7113033861407216,-1.8085691002726922,0
2359,0,0,0,0,0,0,0,0,2,0,0,0,2,0,0,1,1,1,1,1,1.0358589467013395,-0.08403234696318662,0
2360,1,0,1,0,1,0,0,1,0,1,0,1,0,0,0,1,0,0,1,1,1.5640889435418217,1.6360917565041202,0
2361,0,1,0,0,0,2,1,0,1,1,1,1,1,1,0,1,1,2,1,0,-1.2454485872953645,-1.47474272445133,0
2362,0,2,1,0,1,2,0,0,1,0,1,1,0,0,1,1,0,0,1,0,0.7419596449553685,1.5148496546337027,0
2363,1,1,0,0,0,1,0,0,0,1,2,1,0,0,1,0,1,1,1,1,0.5640804395241981,-1.0453936824323857,0
2364,0,0,0,0,1,2,0,0,1,1,0,1,2,0,0,2,0,1,0,1,0.8229843044386599,-0.21699206714161057,0
2365,0,0,2,1,0,1,1,0,0,0,1,0,1,0,0,1,0,1,1,0,-0.17841095217242334,1.1904476499722874,0
2366,1,0,1,0,0,2,0,0,0,1,0,0,0,2,0,1,1,1,1,1,-1.1794840841369378,-1.2637766227191185,0
2367,1,1,1,1,0,2,0,0,1,1,0,0,0,0,0,1,0,1,1,1,0.5773738495536213,0.5664706100459389,0
2368,0,0,0,0,0,0,0,0,1,1,0,1,1,1,0,1,1,1,1,2,-0.6144329970090473,0.6715127573793055,0
2369,0,1,0,0,1,0,0,1,0,1,0,0,1,0,0,1,0,1,0,0,0.014259598538620919,-0.5803455838207857,1
2370,0,0,1,1,0,0,1,0,0,0,1,1,0,0,0,1,0,0,0,0,1.0727045778571018,-0.08322044257220496,1
2371,0,1,0,0,0,1,1,1,0,0,0,0,1,0,0,0,1,0,1,1,-0.12577270297434306,-1.1375275980711153,0
2372,0,0,0,1,1,1,0,1,0,1,2,1,0,2,0,0,0,1,0,2,-0.6017424630439314,-1.2199038144856402,1
2373,0,1,1,0,0,2,0,0,2,0,0,1,2,0,1,0,1,0,1,0,-1.1916176564598167,0.5425136427975186,0
2374,1,0,1,0,0,1,0,0,1,2,0,1,1,1,0,1,2,0,1,0,0.29206487603509784,1.5309326878339593,1
2375,1,0,1,1,1,0,0,0,1,1,0,0,0,1,0,1,1,1,1,1,0.8682213953784256,2.0857302027354097,1
2376,0,1,0,0,0,2,0,1,0,1,0,0,0,1,0,0,0,0,1,0,-0.11711767026602404,-0.45419642354054535,0
2377,1,0,1,0,0,2,0,0,1,0,1,0,1,0,0,2,2,1,0,0,0.6003770067523768,-1.1860470540695898,0
2378,0,0,1,0,1,0,0,0,2,2,0,1,1,1,0,1,0,0,1,1,-0.19994918722550037,1.0772408844486576,0
2379,1,0,1,0,0,1,0,0,1,1,0,1,2,1,0,1,0,1,2,1,-0.8436938746022109,0.14571307836223285,1
2380,0,1,1,0,0,0,0,0,0,1,1,0,0,2,0,0,1,1,2,2,2.0021134374244665,0.22585928247078468,0
2381,1,1,1,0,1,1,1,1,1,2,1,0,0,1,0,2,0,0,1,1,-0.11904415881612135,0.1288636908029862,1
2382,1,0,1,0,0,1,0,0,1,0,1,0,1,1,1,2,2,0,0,1,-1.3814428489954802,-0.036548792689827025,1
2383,0,1,1,0,1,1,0,1,0,0,1,1,1,2,0,1,1,1,1,1,-0.7917235393213238,-0.6543683919229244,0
2384,1,1,0,0,0,2,0,0,1,1,1,0,2,0,0,0,1,1,2,0,-0.39169562814877534,-2.3526372112583287,0
2385,1,0,1,0,0,0,0,0,1,2,0,1,1,0,0,0,0,0,1,1,-0.8419367490465273,-0.9152069582641419,0
2386,0,1,1,0,1,2,0,0,1,0,0,0,0,0,1,1,0,0,2,2,-0.842020024881006,1.9655812014136305,0
2387,0,0,1,0,1,1,0,0,0,0,0,0,0,0,0,0,0,0,1,1,-0.7634015127125712,0.6588222124866367,0
2388,0,0,0,0,0,1,1,0,1,1,0,2,0,0,0,0,0,0,2,1,-0.697419353516329,0.5386873450624978,0
2389,1,0,1,0,0,1,0,1,1,0,0,1,0,0,0,2,1,0,1,0,-0.7703897545820642,-0.10632099846206247,0
2390,0,1,1,0,1,1,0,0,1,0,0,0,0,0,0,0,0,0,2,2,-1.3616414552256342,-1.1577161749586642,0
2391,0,0,0,0,0,1,1,0,2,1,0,0,0,0,0,0,1,0,1,0,-0.02352492207169179,-0.19292595640643506,1
2392,0,1,0,0,0,1,1,0,1,0,0,1,2,2,0,0,1,0,2,1,-1.2036450971818522,-1.3255434276224694,0
2393,0,1,1,1,0,1,0,0,0,0,0,1,2,0,0,1,1,1,0,0,0.3842770589002602,-0.6065871551236686,0
2394,0,1,0,0,0,1,0,2,1,0,0,1,0,0,0,2,2,0,1,0,1.559027036386146,0.7034335987901342,0
2395,1,1,2,0,0,0,0,0,1,1,1,0,0,0,0,1,1,0,0,1,0.06128798076864476,0.11098121170677241,0
2396,0,2,1,0,1,1,0,0,2,1,0,1,0,0,0,0,1,2,0,0,-0.32429852529181,-1.1336746784734624,1
2397,0,0,2,0,0,0,0,1,1,1,1,0,0,0,1,2,0,1,1,0,0.6151312409581278,-0.024458304364352257,1
2398,0,0,1,0,0,1,0,0,1,0,0,0,1,0,0,2,0,1,1,1,1.8896904401106145,1.7070024951637799,0
2399,0,0,0,1,0,1,0,0,1,0,0,1,1,0,2,1,1,0,1,1,-0.000029855732516456693,0.33347111651296313,0
2400,0,1,2,0,1,0,0,1,1,1,1,0,0,0,0,1,0,0,1,1,-0.43737966792322847,0.03753178677528432,0
2401,1,2,1,0,0,1,0,0,2,0,1,1,1,0,0,2,1,1,1,1,1.7852282514342896,0.30675005153885737,1
2402,0,0,1,0,0,0,1,0,1,1,0,0,2,0,0,0,0,1,0,0,-1.6464986883126937,-1.1188633894572844,0
2403,0,0,0,0,0,0,0,0,1,1,0,1,0,1,0,0,0,0,0,1,0.45374902105811377,0.06149302800248105,0
2404,0,2,1,0,0,2,0,0,1,1,0,0,1,1,0,0,0,0,0,1,0.8926089129497587,0.24871644147302735,0
2405,1,0,0,0,0,1,1,0,2,0,1,0,1,1,0,0,0,1,2,0,0.0512865772939058,-0.48728900300620037,0
2406,0,0,0,0,1,1,0,0,1,2,0,0,0,1,0,1,1,0,0,1,0.9130036661133982,0.8654896871921184,0
2407,0,0,0,0,1,1,0,0,0,0,0,0,1,0,0,2,0,1,2,1,0.7676730166680618,0.6562491380258576,0
2408,0,0,1,0,0,1,0,0,0,1,0,1,1,1,0,0,0,0,2,0,1.7248260346694788,0.7124784537094204,0
2409,0,1,1,0,0,2,1,0,1,1,0,0,1,1,1,0,2,2,1,1,0.8102420081568837,1.7013756851754205,0
2410,0,1,0,0,0,1,0,1,2,1,0,0,1,0,0,2,0,0,1,0,0.5222930149455307,0.9397087894218594,0
2411,0,0,1,0,0,2,0,0,1,0,0,1,0,0,0,1,0,1,0,0,-1.5520314057031497,0.8607283061521482,0
2412,0,0,2,0,1,0,0,0,1,1,1,0,1,1,0,1,1,0,1,0,0.984946276376898,-0.4474005283602063,0
2413,0,1,0,0,0,1,1,2,2,0,2,0,1,0,1,0,1,0,0,2,0.15658615274471155,-0.4130737919548457,0
2414,0,0,0,1,0,1,1,0,1,0,2,1,1,0,1,2,1,0,2,1,1.053425983664386,1.5570689325935967,1
2415,0,1,0,0,0,1,0,0,2,1,0,1,1,0,0,1,0,1,0,1,-0.5725509851899017,0.8981057703059634,1
2416,1,0,0,0,0,0,0,0,0,1,0,1,1,0,0,0,0,0,2,1,1.3014686778191202,-1.1550622695913042,0
2417,0,0,2,0,0,1,0,1,2,1,0,0,0,0,0,0,2,0,0,1,-1.0647132199770273,-0.3445363798997534,0
2418,0,1,1,0,0,0,0,0,1,1,1,0,1,1,0,2,1,1,1,0,-0.03256739678141602,0.5896736706227512,0
2419,0,1,1,0,1,2,0,0,1,0,0,0,1,0,0,0,0,1,1,1,-0.5662338801575735,0.7950827340159765,1
2420,0,0,1,0,0,2,0,0,1,0,0,0,0,0,1,2,0,0,0,0,-0.16475776368932996,1.14335686924872,1
2421,0,1,0,0,0,0,0,0,1,1,0,1,0,1,0,1,2,0,0,1,0.7913127551437855,0.4517950303235785,1
2422,1,0,0,0,1,1,0,0,1,0,0,0,0,0,0,1,2,1,0,1,-0.580315036448956,0.5009089253538959,0
2423,0,0,1,0,0,1,0,0,0,2,0,1,0,0,0,1,1,0,1,1,0.8492997590492275,1.1705129326857504,0
2424,0,0,1,1,0,1,2,1,0,0,0,1,1,1,1,0,0,1,2,1,1.8967343804917531,1.8184580356316506,1
2425,0,1,2,1,0,0,0,0,1,1,0,1,0,1,0,2,1,1,1,1,-0.6339262939740942,1.1531622944495579,0
2426,0,0,1,0,0,1,0,0,2,1,0,1,1,0,0,0,1,1,1,1,0.09843740771636153,1.2819657706060124,0
2427,0,1,1,0,0,1,0,0,0,0,1,1,0,1,0,2,0,1,1,2,-0.14598293408952442,2.0546342449343524,0
2428,0,1,2,0,2,0,0,0,0,0,1,0,1,2,1,0,0,0,1,0,-0.5410890532214092,-1.236706485307384,0
2429,0,1,0,0,0,0,0,0,1,0,1,0,1,0,1,1,1,0,1,0,-0.01902251554258199,-0.4756762989504102,0
2430,0,0,0,0,1,0,0,1,2,1,0,0,1,0,0,2,0,1,1,2,-1.9860277117107907,1.6255960567560166,0
2431,1,0,1,0,0,1,1,0,1,0,0,0,0,0,0,2,1,0,2,1,0.11183201677911034,0.1820524583157765,0
2432,0,2,0,0,0,1,0,0,1,0,0,1,1,0,0,1,1,0,1,1,-0.4053515394151342,-0.8035774780448528,0
2433,0,0,0,0,0,1,1,0,0,1,0,0,1,1,0,0,1,0,1,0,-2.0023883381586676,0.5908707829046022,0
2434,0,0,2,0,0,0,0,0,0,0,1,0,0,0,0,0,0,0,1,0,0.2158664557567972,-1.1481444665417047,0
2435,1,1,1,0,0,1,0,0,1,0,1,0,0,0,0,0,2,2,1,1,-0.036204100737435574,-0.2900015014699098,0
2436,0,0,0,0,0,1,0,2,1,1,0,1,1,0,1,1,1,1,1,0,0.9015481088119272,-0.24076558060040137,0
2437,1,0,0,0,0,2,0,0,1,0,0,1,0,1,1,1,0,1,0,0,-1.4937736140176205,-2.0557526238528503,1
2438,0,1,0,0,1,1,0,0,2,0,1,0,0,0,0,1,0,1,1,1,-2.1510442935025904,0.6338543312112783,0
2439,0,0,0,0,0,0,1,0,1,0,0,0,1,0,0,2,2,0,2,1,0.02705504177648706,-0.189061275514617,1
2440,1,1,1,0,0,0,0,0,0,0,0,1,1,1,0,0,1,2,0,0,0.7871988043160421,-0.29759178699924393,0
2441,0,1,1,0,0,1,0,1,1,0,0,0,0,0,0,0,1,1,1,1,-0.5461860299860541,0.05672029269377177,0
2442,1,0,0,0,0,1,0,0,2,1,0,0,0,1,1,2,1,0,1,0,-0.5697207389923684,0.6455186062432667,1
2443,0,0,0,0,1,1,0,0,1,0,0,1,0,0,0,1,1,1,1,2,-1.1820381547646897,-0.6967702817003016,1
2444,0,2,1,0,0,0,0,0,1,0,0,0,0,0,0,2,1,0,2,1,-0.7359971764255419,1.1743247563450607,0
2445,1,1,0,0,0,1,0,0,1,0,1,1,0,0,0,1,1,0,1,0,0.5850286175885099,1.31426629990742,1
2446,0,0,2,0,0,2,0,0,1,0,1,0,0,1,0,2,1,0,1,1,0.6882174044492992,0.4166136699084555,0
2447,0,0,2,0,1,2,1,0,1,0,1,0,0,0,0,1,1,0,1,0,-0.6885030670839667,-0.32986640911029963,1
2448,0,1,0,0,0,1,1,0,1,0,0,1,1,0,0,1,0,1,1,2,-0.11725083834828796,-1.7716468916492372,0
2449,0,0,0,0,0,0,0,0,1,2,0,1,2,1,0,1,1,0,2,0,-1.7315934363756194,-0.7715381256805872,0
2450,1,2,0,0,1,1,0,0,1,2,1,1,0,1,0,0,1,0,1,0,0.793172949170522,-2.4630398443549573,0
2451,0,0,2,0,0,1,0,1,2,1,1,1,1,1,0,1,1,0,1,0,-0.4546911845084011,-0.8169576217975947,0
2452,0,1,1,0,0,0,0,2,0,1,1,0,0,0,0,2,0,2,2,0,-0.6764656726298818,0.6124619757209893,0
2453,0,0,0,0,0,1,1,1,2,0,1,1,0,0,0,0,0,1,0,0,0.10786087747718871,-0.11826110121845967,0
2454,0,1,1,1,0,2,1,0,1,1,0,1,2,0,0,1,1,0,1,1,-1.377871407049265,-0.1988061783871357,0
2455,1,1,2,0,0,1,0,1,1,1,1,1,1,1,0,0,1,1,0,1,1.376126206800745,0.9763476629761462,0
2456,1,1,1,0,0,0,1,0,2,2,1,1,2,0,0,0,0,0,0,0,-0.6620870563693404,-0.5537840334732449,0
2457,0,0,1,0,0,1,0,0,1,1,0,1,0,2,0,1,0,1,0,1,1.1534892328670152,1.5819728070199481,0
2458,0,0,0,0,0,1,0,0,1,0,0,0,2,0,0,0,1,1,0,0,1.0169770550556219,-0.4243074508557628,0
2459,0,0,0,0,1,2,0,1,0,1,0,0,0,0,0,1,1,1,1,1,1.0268294289850965,0.8841392707658016,1
2460,0,0,1,0,0,0,0,0,0,0,1,1,0,0,0,1,0,1,2,1,0.25146776963063844,-1.184953917538729,0
2461,0,2,1,1,0,1,0,0,0,0,0,0,0,0,1,1,0,0,1,1,0.39414824853497415,-0.8465478539638794,0
2462,0,1,1,1,0,2,0,0,2,0,1,1,1,0,0,0,1,0,1,0,-0.16936879660782772,0.9345142773766609,1
2463,0,1,1,0,0,1,0,1,0,1,1,0,0,1,1,1,1,1,0,1,-0.5078810462644857,-0.1287953416565782,1
2464,1,0,2,0,1,1,0,0,1,1,0,0,0,1,0,2,0,1,1,0,0.407786385989831,-0.5161728589849859,0
2465,0,0,0,0,1,1,1,1,1,0,0,0,0,0,0,0,1,0,1,1,1.6255812264699183,-0.340975575916862,0
2466,1,0,1,0,0,1,0,0,1,0,0,2,1,2,0,1,0,0,0,2,-0.8046937521008165,-2.0604090533529185,0
2467,1,0,1,0,0,1,0,1,0,0,1,0,1,1,0,0,1,1,2,0,-0.5487272387707952,-0.45024808726978116,1
2468,0,0,1,0,1,2,0,0,2,2,0,0,1,1,0,0,1,1,1,1,-2.066360713833573,-0.8141627836857227,0
2469,1,0,2,1,1,0,0,0,2,0,0,1,2,0,1,0,0,0,2,0,-0.628304404249109,0.6867766882780673,1
2470,1,1,1,0,0,0,0,0,0,1,0,0,1,2,0,1,0,1,1,1,-0.025856131325743253,-1.2791784302401925,0
2471,0,1,1,0,0,1,0,0,1,2,0,1,0,0,1,0,2,0,2,1,-0.2705101003527582,0.22650428866594177,1
2472,0,1,1,0,0,0,0,1,2,1,0,0,1,2,0,0,0,1,2,2,0.8108461654991629,0.12156677126740384,0
2473,0,1,0,0,0,0,1,0,2,2,0,0,2,0,0,0,1,1,1,0,0.5040073583045519,0.4034992426417702,1
2474,1,1,2,0,0,0,0,0,1,1,1,0,0,0,0,1,1,0,0,0,1.917189320552211,0.3286687140028651,0
2475,2,1,1,0,0,1,0,0,0,0,0,0,0,1,0,2,0,0,1,2,-2.2586992028605004,1.3188199228262036,0
2476,1,0,1,0,0,0,0,0,1,0,0,0,0,0,0,1,1,0,1,0,-1.9416045200537846,-1.2965179919978538,0
2477,0,1,0,0,0,2,0,0,1,0,1,0,1,1,0,0,1,1,0,1,-1.5339840404534508,-0.13047357427163264,0
2478,0,1,0,0,0,0,0,1,0,1,0,0,2,0,0,0,0,0,1,1,-0.3699394713647374,-0.6759924286187342,0
2479,0,0,0,1,1,1,0,0,2,0,0,1,0,0,0,1,0,0,0,0,-0.39014426996992463,-0.46073217291401625,0
2480,0,1,2,0,0,1,0,0,1,1,1,1,0,0,0,1,1,1,1,0,-1.3385312304291772,-2.3607283459171344,0
2481,1,1,1,0,0,0,0,0,1,1,1,0,0,0,0,2,1,1,1,1,-0.44648312442312243,-0.9107684968431241,0
2482,0,1,0,0,0,0,0,1,1,0,1,1,0,0,0,2,0,0,1,0,-1.8983676186794665,-1.0315690372143915,0
2483,0,1,1,0,1,1,0,0,2,1,0,1,1,0,0,1,1,0,1,0,-0.03433774707971063,-0.2113891581888359,1
2484,0,0,0,0,0,1,0,1,1,0,1,0,2,0,0,1,2,2,0,1,0.3404191025879721,-0.6518412488392431,0
2485,1,0,0,0,0,1,0,0,1,0,0,0,2,2,0,0,0,0,1,1,0.7026021228783222,0.7325315519619361,0
2486,1,1,1,0,0,1,0,0,0,1,0,1,0,1,0,2,1,1,1,0,-0.46735241495495117,-0.1707280377575342,1
2487,0,0,1,0,0,0,0,0,1,1,2,0,1,0,0,2,0,0,1,1,-1.5597087103109435,-0.8736125322423416,0
2488,0,0,1,0,0,0,1,0,1,2,0,1,0,1,0,2,1,0,2,1,-0.0807768944642051,-0.31502093762249994,0
2489,1,0,1,0,0,2,0,0,0,0,0,0,0,0,0,0,1,1,0,0,-0.8983432123146513,-1.6698052628073468,0
2490,0,0,2,0,1,1,0,0,1,0,1,0,0,1,0,2,1,0,1,2,0.13316999912477417,-0.6187816684693638,1
2491,0,0,0,0,0,1,0,0,0,0,0,1,0,0,0,1,2,1,2,0,-0.9900348327065258,-0.6552694326936235,0
2492,0,1,1,0,1,0,0,0,2,0,2,0,0,1,1,1,1,1,2,2,-0.5026438075375903,-0.17054413658348,0
2493,0,1,1,0,0,1,0,0,0,0,0,1,0,0,0,1,0,1,0,1,0.7667807514031895,-0.07260939114092502,0
2494,0,2,2,1,0,0,1,0,0,1,1,0,1,0,1,1,1,0,1,1,-0.019842417581311545,0.5495258077441462,0
2495,2,0,1,0,0,1,0,0,1,0,0,0,0,0,0,0,2,1,1,0,-1.2271246736705577,-0.4839598169622148,0
2496,1,0,1,0,1,2,1,0,0,2,0,0,1,0,1,0,1,1,2,0,-0.039066689850182676,-0.48115389409808945,0
2497,0,1,0,1,1,2,0,1,2,0,0,0,1,0,0,2,1,1,1,1,1.1919322529481506,1.4800082495671534,1
2498,0,0,2,0,1,2,0,0,1,0,0,1,1,0,0,0,0,1,1,0,0.12336292354398318,-0.31108423272195584,0
2499,0,0,1,0,0,1,0,0,0,1,0,2,0,0,0,0,1,0,2,0,-2.2478975389910825,-1.4361282106019462,0
2500,0,0,1,1,0,0,0,0,1,0,1,1,1,0,0,1,0,2,0,1,1.0089313549515626,0.7579702818532137,1
2501,0,1,1,0,1,2,1,0,1,1,1,0,1,0,0,2,0,0,1,0,-0.8378318903702214,0.017820156304956536,0
2502,0,0,1,0,1,1,0,0,1,2,1,1,1,2,0,0,0,1,1,0,1.0164427134630618,0.726134331229382,0
2503,0,0,2,0,0,1,0,0,1,1,0,2,1,0,0,0,1,0,1,1,-0.7181461932836437,0.009424572018022381,0
2504,0,1,0,0,1,1,0,0,0,0,0,0,2,1,0,1,0,1,2,0,-2.3789525154684545,-1.3550866105960007,0
2505,1,2,0,0,1,0,0,0,1,0,0,0,2,1,0,2,1,0,1,0,0.851932901247993,-1.061939471697855,1
2506,0,0,1,0,0,0,0,0,1,1,0,0,1,0,0,1,1,2,0,0,2.053186644499681,0.6483169043751034,1
2507,0,1,1,0,0,1,0,0,1,1,1,0,1,0,0,1,0,1,1,0,-0.05942106702336717,-0.1621617735309001,1
2508,0,0,0,0,0,1,1,0,1,1,2,1,1,1,0,1,0,1,0,1,-0.03122955314682537,-0.26519457717822603,0
2509,0,0,0,0,0,0,1,0,0,1,0,1,1,1,0,0,0,1,2,0,-0.3711293733997429,-0.6812411532278306,0
2510,0,1,1,1,0,1,0,0,1,0,1,1,1,0,0,2,0,0,1,0,-0.8183417393201693,-1.3813402691915186,0
2511,1,0,2,0,0,2,0,1,2,1,0,0,0,0,0,1,1,2,1,0,0.8863408362036522,1.620536815482513,0
2512,0,0,0,1,0,2,1,0,1,1,2,1,1,0,0,1,2,0,0,1,-1.0363224312859622,-1.0474789889429927,0
2513,0,1,0,0,0,1,0,0,1,0,0,1,1,1,0,0,0,0,0,1,-0.6790721164507576,0.47712914533708417,0
2514,0,1,0,0,0,1,0,0,2,0,2,1,0,1,0,2,2,0,0,2,-0.3772202514583927,-0.8013273900112641,0
2515,0,1,0,0,0,1,0,0,1,0,0,0,1,0,0,0,1,0,1,0,1.3926570944134935,0.24051699049644343,0
2516,0,1,1,0,0,1,0,0,2,0,0,1,1,0,0,1,0,1,0,0,-1.2138209668023032,-0.9699932469275634,0
2517,1,0,1,0,1,1,0,0,0,0,1,0,1,1,0,1,1,0,1,1,-1.8174702649307584,0.8756700913786111,1
2518,0,0,0,0,0,1,0,0,1,1,0,1,1,1,0,1,0,0,1,1,0.9699826302086593,1.1039000904004472,0
2519,1,0,1,0,0,2,1,1,1,1,0,1,0,1,0,1,1,0,1,2,-1.1996416189807462,-0.5385946736740145,1
2520,0,1,2,0,0,1,0,0,1,0,0,0,1,1,0,1,0,1,0,0,-0.508944712753218,-0.022160278588971793,0
2521,0,1,0,0,1,1,0,0,0,0,1,1,1,0,1,0,1,2,1,2,-0.17751110716562066,-0.3157677368561412,1
2522,0,0,1,0,0,0,0,0,1,1,0,0,1,0,0,0,0,2,0,1,0.18222293275789864,0.800739135412583,1
2523,0,1,1,0,0,1,0,0,0,0,1,1,0,0,0,0,0,0,2,2,-0.2887926566153346,-0.04112778122203131,1
2524,0,1,2,1,0,1,0,0,2,1,0,0,1,1,0,0,0,2,0,0,-1.222042769599341,-1.8595052053864292,0
2525,0,0,1,0,0,2,0,0,2,1,0,1,1,0,0,2,1,0,2,0,1.3827013094095746,1.8130388153701942,1
2526,0,1,1,0,0,0,1,0,0,0,0,1,0,0,0,1,0,1,1,0,0.5484572864168605,0.153470670401044,0
2527,0,1,2,0,1,1,0,0,2,0,1,0,0,1,0,0,1,1,2,1,1.0589864839391523,-0.17141586167649384,0
2528,0,0,0,0,0,2,0,0,0,0,0,0,1,0,0,0,0,1,0,0,1.1355285973285822,0.5926405904147181,0
2529,0,1,1,0,0,1,0,0,1,1,1,0,1,0,0,1,2,1,0,2,0.046418256340724905,-1.0122915039501648,0
2530,0,1,0,0,0,1,0,0,1,1,0,0,0,1,0,1,1,0,1,0,0.7099826446217775,-0.3023569628713495,0
2531,0,0,1,0,0,0,1,1,2,0,1,1,0,1,0,0,0,1,0,0,-1.3555307336113158,-0.728750597512248,0
2532,0,1,0,0,0,0,1,0,1,1,0,1,1,0,0,1,2,1,1,0,1.2466912159370445,1.1223993663698084,1
2533,0,2,1,0,0,1,0,0,0,1,0,1,0,0,0,1,0,1,1,0,-0.032756635784357044,-1.344921207159854,0
2534,0,1,1,0,0,0,0,0,1,1,0,0,1,0,1,0,0,0,0,1,-2.204466212227074,1.0648233526534883,1
2535,1,1,0,1,0,0,0,0,1,1,0,2,0,0,0,2,0,1,1,1,0.7819080646228875,0.3786658170801675,0
2536,1,0,0,1,0,1,0,0,1,1,0,0,1,0,1,2,0,0,2,1,-1.0375064499071474,-1.7438368480448514,0
2537,0,0,1,0,0,1,0,0,1,1,1,0,1,0,1,1,0,0,1,1,-0.06824645736477242,-0.2856489720512443,1
2538,1,1,1,0,0,2,0,0,0,1,0,2,0,1,1,2,0,1,2,0,0.12467117340623117,0.5184688066851643,0
2539,0,0,1,0,0,1,0,0,0,1,0,1,0,1,0,1,2,0,1,1,-0.4285476267427565,-0.40270866973820074,0
2540,0,0,2,0,1,1,0,0,1,1,2,1,1,2,1,0,1,1,0,0,-0.776868228860424,-0.19525847820359254,0
2541,0,1,2,0,1,2,0,0,1,2,1,1,0,0,0,1,1,1,1,2,-0.07382427964422705,0.7442388542490953,0
2542,0,0,1,0,0,0,0,0,0,0,0,2,1,0,0,0,1,1,0,0,1.0858034491110884,1.387126331798891,1
2543,0,1,0,0,0,2,0,0,0,0,0,0,1,0,1,1,0,1,2,0,-0.7272874526208579,0.8939851119698078,1
2544,0,0,1,0,1,0,1,1,1,0,0,1,0,0,0,1,0,0,0,0,-0.29115849988433884,-1.6997139977606945,0
2545,0,0,1,0,1,1,0,1,0,1,1,0,1,0,0,1,2,0,0,1,0.12464722335841431,-0.13179432113282719,0
2546,1,1,0,0,0,0,0,0,1,0,0,0,1,1,0,1,0,1,0,2,-0.9725649017028508,-1.9670492074160029,0
2547,0,1,1,0,0,0,1,1,1,0,0,2,1,2,0,1,0,0,1,1,-0.48691088545767564,1.0480426975906396,0
2548,0,1,1,0,0,0,0,0,1,1,1,0,0,1,0,1,1,0,2,2,-0.16327813431897462,-1.1897028349426395,0
2549,0,0,1,0,0,2,0,0,1,2,1,1,1,1,1,2,1,1,2,1,-0.4118519483182802,-0.2312461358091753,0
2550,0,0,0,0,0,0,0,0,0,0,1,1,1,1,0,2,0,0,1,1,0.917178648785429,1.3429469658881423,0
2551,1,1,1,0,0,1,0,0,1,0,1,1,0,0,0,0,0,0,2,0,-1.491629613727733,-2.5382764004391953,0
2552,0,1,1,0,0,0,0,0,0,1,0,2,0,1,0,0,0,2,1,1,0.1691885899215958,-0.47406961327721475,0
2553,0,0,0,1,0,1,0,0,1,1,0,0,1,1,0,2,0,0,0,1,0.10871292314769782,-0.5648434924326932,1
2554,0,0,1,0,1,2,0,0,1,1,0,1,1,0,1,0,0,1,0,0,1.8865364271360956,1.3763629591719162,0
2555,0,0,1,0,0,1,0,1,1,1,1,0,1,1,1,0,2,2,2,0,1.4282392694161448,1.4037426045555998,1
2556,0,0,0,0,1,2,0,0,1,1,0,1,1,0,1,2,0,1,0,0,-0.125611878694011,0.7795934062494745,0
2557,1,0,0,0,0,1,0,0,1,1,0,0,0,0,0,1,1,2,1,1,0.32159332621628156,0.16807765345199144,0
2558,0,1,1,1,0,1,0,1,1,0,1,0,0,0,0,0,1,1,1,0,-0.01759279395666645,-0.6223527250697067,0
2559,1,1,0,0,0,0,0,0,1,0,2,1,2,0,0,1,1,1,1,0,0.03420850575104876,-0.58536974271745,1
2560,0,2,0,0,0,1,0,0,0,0,0,0,1,0,1,1,1,0,1,0,1.7431495305651592,0.8325210365729008,0
2561,0,0,0,0,0,1,0,0,2,1,1,1,1,0,0,1,1,0,1,0,1.0033323210672875,-1.21486346860116,0
2562,0,0,0,0,1,1,0,0,2,1,0,1,0,2,0,1,0,0,1,0,-0.3299949320819782,-0.0685930388596396,0
2563,0,1,1,1,0,1,0,1,2,2,1,0,2,0,0,1,1,0,0,0,0.7508428538573196,-0.27382092160074734,0
2564,1,1,0,0,0,0,0,1,2,0,0,0,1,0,0,0,1,1,0,2,1.4333690294762034,-0.2689902591926497,0
2565,1,1,1,0,0,2,0,0,1,0,1,1,0,1,0,1,0,0,0,0,-0.052172088570555365,-0.7261184904849065,0
2566,0,0,0,0,0,0,0,0,0,0,0,1,0,1,0,1,0,0,2,2,0.13846600958281044,0.12807289177643594,1
2567,0,1,0,0,1,1,0,0,1,2,0,1,0,0,1,1,0,0,0,0,1.421010627232576,0.5461165094329509,1
2568,1,0,0,0,0,0,0,0,0,0,0,1,0,1,0,1,1,0,2,1,0.5361606626154102,1.2854945015445831,0
2569,0,0,1,0,0,1,0,1,2,1,0,1,2,0,0,1,2,0,0,1,-1.1120669220498178,-0.9946144644769617,0
2570,1,1,0,0,0,1,1,0,0,0,0,1,0,1,0,1,0,1,0,0,-0.5954175293087935,-0.7668424275985908,0
2571,0,0,0,1,0,2,0,1,0,2,1,0,1,1,0,1,1,2,1,1,-0.8745495745057629,1.2956781788068499,0
2572,0,1,0,0,0,0,0,0,1,0,0,1,1,0,0,1,2,1,0,1,-0.1852556156862748,0.45213782351184734,0
2573,0,0,0,0,0,0,0,0,2,0,0,0,0,2,0,1,0,2,0,1,-0.7479630710484648,-0.8569314501622418,1
2574,0,2,0,0,0,1,0,0,1,0,0,0,1,1,0,1,1,1,1,2,-1.1422205330225828,-0.14462142634284625,0
2575,1,0,2,0,0,1,0,0,2,1,1,1,1,0,0,1,1,0,2,0,-0.9186329106891852,-1.431279052819042,0
2576,0,2,0,0,0,2,0,0,1,1,0,1,1,0,0,1,1,1,2,0,-1.1766459425031064,-1.0357809681145846,0
2577,1,0,0,0,0,2,0,1,1,0,0,0,1,1,0,0,0,0,1,1,0.6049789304158484,-0.005351682047066653,1
2578,0,0,1,0,0,1,0,0,0,1,2,0,1,0,0,2,0,0,0,1,0.888231200188985,0.9301088599122722,1
2579,0,0,1,0,0,0,0,0,0,1,0,1,0,0,1,0,0,0,2,0,-0.08270130684955325,-0.7397100173678851,1
2580,0,2,2,0,1,0,0,1,0,0,0,0,1,1,0,0,1,1,1,0,0.42307000299951825,-0.8963360384543544,0
2581,0,1,1,0,0,1,0,0,2,1,1,0,0,0,0,0,1,1,1,0,-0.10008017278548212,-0.842209442273598,0
2582,0,0,1,0,0,1,0,0,1,2,1,1,1,0,0,0,0,1,0,1,-1.0021273850487895,-0.15787958286197618,0
2583,0,0,0,0,0,0,0,0,1,1,0,0,1,0,0,1,1,1,1,0,0.8480447962399928,0.700920128305148,0
2584,0,0,0,0,1,1,0,1,1,2,1,0,2,0,0,1,0,0,1,1,0.49325576445579306,1.4096132521373916,1
2585,0,1,0,0,0,1,1,1,2,1,0,0,2,2,0,2,0,2,1,0,0.7182421419756911,-0.7638240740757247,1
2586,2,0,0,0,0,0,1,0,1,1,0,0,0,0,0,1,0,1,1,1,-0.3563042406158433,-0.2866314971058072,0
2587,0,0,0,0,0,0,0,0,1,0,0,1,2,0,0,2,1,0,1,0,-1.1380791733400093,-1.1404716401034818,1
2588,0,1,1,0,0,1,0,0,0,1,1,1,0,0,0,0,1,1,1,0,-0.044122464974302174,1.4456875168931318,0
2589,0,0,0,0,0,1,1,0,0,1,0,1,1,0,0,1,1,0,2,2,-0.8524327908125348,-0.5480037440448859,0
2590,0,0,0,0,0,0,0,0,2,0,0,0,0,0,1,0,1,1,0,1,-0.5677148998012225,-0.3841152552653665,0
2591,0,0,0,0,0,0,0,1,1,1,0,0,1,0,0,1,1,0,0,1,-0.004006445692659341,0.4397334937874076,0
2592,0,1,1,0,0,0,0,1,1,0,1,2,1,0,1,0,1,1,1,0,-0.36430599668944297,-0.7666962638452547,0
2593,0,1,1,0,0,1,0,0,0,2,0,1,1,0,0,1,1,1,1,1,1.120951017585271,0.3555108920393035,0
2594,0,0,1,0,0,2,0,0,1,1,0,1,0,2,0,2,1,0,0,1,-0.16708140171724353,0.6238949922221229,0
2595,0,0,2,0,0,2,0,0,0,1,0,1,0,0,0,1,1,2,2,0,1.0730926293557383,0.9066313716266093,0
2596,0,1,1,0,0,1,1,0,0,1,1,0,0,0,0,0,1,0,1,0,-0.08134456801523234,0.5798886716457035,1
2597,0,1,0,0,1,1,0,0,1,1,0,0,1,1,0,2,2,0,1,1,0.44699120035873674,0.26404905117525,0
2598,2,1,1,0,0,1,0,0,2,1,1,0,1,0,0,2,1,0,1,1,0.21190802213805002,-0.017034943008117406,1
2599,0,1,1,0,0,2,0,0,0,1,0,1,1,0,0,1,0,1,0,0,0.13674888613934955,0.4377023008350822,0
2600,0,0,0,0,0,1,0,0,1,1,0,1,1,0,0,1,1,1,1,0,-0.3583500229486273,-0.09527032727563027,0
2601,0,1,1,0,0,2,0,1,0,1,0,0,2,0,0,0,0,1,0,1,1.0567653814100981,-0.17951784409917926,0
2602,0,1,0,0,0,2,0,1,2,1,0,1,1,0,0,0,0,0,1,1,0.6746197782990543,0.5708092840994354,0
2603,1,1,1,0,0,2,0,0,1,1,0,0,2,2,1,1,0,0,0,1,2.7280063029411057,2.329337501641713,1
2604,0,0,1,1,1,1,0,0,1,1,0,0,0,0,0,1,1,1,1,1,-1.569528617865876,-0.31808989497693596,0
2605,0,1,0,0,0,1,1,0,0,0,1,2,1,0,0,1,1,0,2,0,-0.8180029443401261,-1.1803996008000384,0
2606,0,0,1,0,0,0,0,0,2,1,2,1,0,0,0,1,1,0,0,0,0.5085908736130221,0.5226393781056355,1
2607,0,0,0,0,1,1,0,0,2,1,0,1,1,0,0,1,1,0,0,1,-1.444923332082302,-2.0144352036819466,0
2608,1,0,0,0,0,1,0,1,0,1,0,1,1,1,1,2,1,1,1,0,-2.137928315187699,-0.7434464163613685,0
2609,0,0,0,0,1,1,1,1,2,1,1,0,1,1,0,0,1,0,0,1,1.0863032929111844,0.3416903186308571,1
2610,0,0,1,0,0,0,0,0,0,2,1,0,0,0,1,1,0,1,0,0,-1.9505236166214377,1.1880136424891656,1
2611,0,0,2,1,1,1,0,0,1,2,0,0,0,0,0,1,2,1,0,1,0.8163787847970814,0.9279191553190245,1
2612,0,0,0,0,0,1,0,1,1,0,1,1,1,0,1,1,1,0,0,0,-0.9649243348960377,-0.26760696300067394,0
2613,0,0,0,0,0,0,0,1,0,1,1,2,0,0,0,1,0,1,1,0,-0.655247531803578,-1.0828834391190776,0
2614,0,0,1,0,0,1,0,0,2,0,1,0,2,0,0,1,1,0,0,0,0.6470804658668277,-0.5494869544508851,1
2615,0,0,0,1,0,2,0,0,0,0,1,1,1,0,1,0,1,1,1,1,0.6241581433602296,-0.9939920721321613,1
2616,0,0,1,0,0,0,0,0,2,0,0,1,0,1,0,2,0,0,1,0,1.6587103909406167,1.775495289085685,1
2617,1,1,0,0,0,0,0,0,1,1,1,0,1,0,0,0,0,1,0,0,-1.2474332788542217,-2.6650632555482368,0
2618,1,1,1,0,1,1,0,1,1,0,0,0,0,0,1,0,2,0,1,1,0.9056520203443459,-0.07776189165784439,0
2619,0,0,0,0,1,1,1,0,0,1,0,1,0,0,0,1,1,0,1,0,0.7595521729731168,0.9391335499549013,1
2620,0,1,1,0,0,1,0,0,0,0,0,1,1,1,1,1,0,1,2,0,0.24809952964988233,0.9770973649487957,0
2621,0,0,0,0,0,1,0,0,0,1,1,0,1,1,0,1,1,1,0,1,0.015457917438038874,1.2597801464017886,0
2622,0,0,0,1,0,2,0,0,0,0,0,1,1,0,0,0,2,0,2,1,-1.4923520977164613,0.38137494944895456,0
2623,0,0,0,1,0,0,1,1,1,0,1,1,0,0,0,0,1,1,1,1,-2.302329052609685,-1.5996525358382012,0
2624,0,0,2,0,0,1,0,0,0,1,1,0,1,1,0,1,1,0,0,1,-0.9280767358561824,-0.21977587367138982,0
2625,0,0,2,1,0,0,0,1,1,0,0,0,1,0,0,0,1,2,1,1,1.17948812619866,0.3686747684469879,0
2626,0,0,1,0,0,0,0,2,1,1,1,0,1,0,0,1,1,2,1,1,0.8655497068705401,-2.4687526477964084,1
2627,1,0,0,1,1,1,1,0,0,2,0,1,1,0,0,2,0,0,1,0,0.28555534507157115,0.07499983099226237,0
2628,0,0,1,0,0,0,0,0,1,0,0,1,1,0,1,1,1,1,2,1,-0.20213897339587913,-0.03827005036918252,0
2629,0,1,0,0,0,1,0,1,2,0,0,1,0,0,0,0,1,0,0,1,0.3349072904530637,-0.24640414343137285,1
2630,0,0,2,0,0,2,0,0,1,1,0,0,0,0,0,2,1,1,1,2,-0.7687910944710189,0.10375013727914423,0
2631,0,0,0,0,1,1,0,0,0,0,0,2,0,0,1,1,1,2,1,0,-0.15763896196163274,-0.3919418498677498,0
2632,0,0,1,0,0,2,1,0,2,1,2,1,1,1,1,0,1,0,0,1,0.8290855487412594,-1.4847180884310665,0
2633,0,0,1,0,0,1,0,1,2,1,1,0,0,0,1,0,0,1,1,0,2.3823512829700486,-0.03435742375783102,0
2634,1,1,2,0,2,0,0,0,0,1,1,0,1,0,0,1,1,0,1,1,-0.9827073232169595,-0.6602481035084545,1
2635,0,0,0,0,0,1,0,0,1,0,1,0,0,2,1,1,0,2,0,0,0.22391051513727864,0.7048633967403363,0
2636,0,1,0,0,1,1,0,0,1,1,1,0,0,1,0,0,0,2,2,0,-0.014587650280249196,0.3323875106124714,1
2637,0,1,0,0,0,1,0,0,1,0,0,0,1,0,0,0,1,1,2,0,1.6960109528758847,1.0326882444792425,0
2638,0,1,1,0,0,1,1,0,1,0,1,1,0,0,1,2,0,2,1,1,0.12645122167882927,0.8634790169695571,0
2639,0,0,0,0,0,1,0,0,2,0,0,1,0,1,1,1,2,0,1,0,-1.7856048253728543,-1.655418287848838,0
2640,0,2,1,0,0,1,1,0,1,0,1,0,1,0,1,0,1,1,1,0,0.5462285290461225,-0.9365969958586167,0
2641,0,1,2,0,1,1,0,0,0,1,0,0,0,0,0,0,1,1,0,0,0.3338429587892992,-0.42937642980656276,0
2642,2,0,2,0,0,1,0,0,1,0,0,1,0,0,1,2,0,1,0,0,0.1962219738182081,-0.8629543582262318,0
2643,0,0,0,0,0,1,0,0,0,1,1,0,1,0,0,1,0,0,0,0,0.3768920290834611,0.1655278915557888,0
2644,0,0,0,0,0,0,0,0,2,0,1,0,0,0,0,1,2,1,2,1,0.1833885518050683,0.15520835148053197,0
2645,1,0,0,1,0,0,0,0,1,1,0,0,0,2,0,1,1,0,1,1,0.4220549014628433,1.5362825757420082,0
2646,0,0,1,0,1,0,0,0,1,1,1,2,1,0,0,0,1,1,1,0,0.8036366572147756,0.08180386763436459,1
2647,1,1,0,0,0,1,0,0,1,0,1,1,2,0,0,0,1,2,2,0,0.24647133812830366,-0.6975491271801824,1
2648,0,1,1,0,0,1,0,0,1,0,1,1,1,0,0,1,1,1,0,1,1.1136669148468115,0.8788139164101274,1
2649,0,0,0,1,0,0,0,0,1,1,0,1,1,0,0,0,0,2,1,1,0.036387356770856645,0.587370036632795,0
2650,0,1,1,0,0,2,1,0,1,1,1,0,0,0,1,0,2,1,1,2,-0.007336499018365174,-0.25073969689413983,0
2651,0,0,0,0,0,1,1,0,2,0,0,1,0,0,0,0,1,0,2,0,1.1020284692890676,1.498495226051344,0
2652,0,1,1,0,0,1,0,0,1,0,1,0,1,0,0,1,1,0,0,0,-0.4056716142309214,0.06929369284317366,0
2653,0,2,1,0,0,1,0,0,1,0,0,0,1,0,0,0,1,1,0,1,2.7524499951292416,-0.968310144747489,1
2654,0,0,0,0,1,0,1,0,0,2,1,1,0,0,0,1,0,1,0,0,2.0097892749536648,1.4447615274832772,0
2655,0,0,1,0,0,0,0,0,1,0,0,1,1,0,0,1,1,2,1,1,0.8012969740841136,0.9391678774158952,0
2656,0,1,0,0,0,1,0,0,1,1,0,1,2,0,0,1,2,1,2,0,-0.1500833360608527,0.19097596264786995,0
2657,0,0,0,0,0,0,0,0,2,1,0,1,0,1,0,0,1,1,0,2,-1.0543682196888224,-0.5477200674750285,0
2658,1,0,1,1,0,2,0,0,1,1,1,1,0,0,0,1,0,0,1,0,-0.6488460246579905,-0.9043085710393893,0
2659,0,0,0,0,1,2,0,0,2,0,1,0,1,0,0,0,0,1,0,1,1.9848839465143038,1.3782267759934168,0
2660,0,0,0,0,0,1,1,1,1,1,0,1,1,0,0,1,2,0,2,1,0.43882903531671674,1.7887250680696676,0
2661,0,0,0,0,0,1,0,1,1,0,0,0,1,0,0,2,0,0,1,1,0.13893881391022042,0.33881404539158966,1
2662,0,1,2,0,0,2,0,0,0,0,0,2,1,0,0,0,1,0,1,0,-0.7517667325144607,-0.2803686876383806,0
2663,0,0,1,0,1,0,0,0,0,1,0,0,1,0,0,1,0,2,0,1,1.38840426984986,0.5156045660723798,1
2664,0,1,2,0,2,0,2,0,0,1,0,1,0,0,0,0,0,0,0,1,1.4849566514625447,-0.6229561594513907,0
2665,0,1,1,0,0,0,0,0,1,0,0,0,2,0,0,1,1,0,0,0,-0.49552186670592757,-0.530022621230131,0
2666,0,0,1,0,0,0,0,0,2,1,1,0,1,0,0,1,2,0,2,0,-1.7991672122053046,-0.16697125568344617,0
2667,0,0,1,0,1,1,0,0,0,1,1,0,1,0,0,0,1,0,1,0,1.385925970588831,0.03251926737715788,0
2668,1,0,0,0,0,2,0,0,2,0,0,1,1,0,0,1,1,0,1,0,1.0314933298037148,0.38299510197419895,0
2669,0,1,1,0,1,1,0,0,2,0,0,0,2,0,0,2,1,0,1,0,-0.21521239331817285,-0.060517021111936756,0
2670,0,0,1,0,0,1,0,1,2,1,0,1,2,0,0,0,0,0,2,1,-1.3608782127701444,-0.7596123317702388,0
2671,0,1,0,0,1,1,0,1,2,0,0,0,1,0,1,1,0,1,2,1,0.8269458676798461,0.8362277227808443,1
2672,0,1,0,0,0,2,0,1,0,1,0,0,1,0,0,0,2,1,0,0,0.564293444352226,-0.3246058132977414,1
2673,0,0,0,0,1,1,1,0,0,2,1,0,1,1,0,1,0,0,2,0,-1.0469973415793241,1.045841452169338,0
2674,0,0,0,1,0,1,0,0,1,0,0,2,1,0,0,1,0,1,0,0,1.3823310026999778,-1.1645403315712124,1
2675,0,0,0,0,0,1,0,0,0,1,0,0,0,0,1,1,1,0,2,0,0.8376321455676059,0.48109950505647214,0
2676,0,2,1,0,0,1,0,0,2,1,0,2,1,0,1,0,1,1,1,1,-0.32371869570842227,-1.9535880996870065,0
2677,0,1,1,0,0,0,0,0,0,1,0,1,1,0,0,0,2,0,2,0,0.455270503441471,-0.09300986925251488,1
2678,0,0,0,0,0,1,0,0,1,1,0,1,0,0,0,0,0,0,0,0,0.46839831102680257,-0.21933400619399784,1
2679,0,0,0,0,0,1,1,0,1,1,1,0,0,0,0,1,1,0,1,1,0.07682508531575724,0.6363180056545563,0
2680,0,1,1,0,0,1,0,1,1,0,0,1,0,1,0,1,2,0,1,1,-0.22031881252891744,1.2936626316384556,0
2681,1,1,2,0,0,1,0,0,0,1,1,1,2,1,1,2,1,0,2,1,0.9777614168848051,0.13326882768937226,1
2682,0,1,0,1,0,1,0,0,0,0,1,2,1,0,0,0,1,0,0,0,-0.13328932465364868,-2.148292476637974,0
2683,0,1,1,0,0,1,0,0,2,1,0,0,0,0,0,1,0,0,1,0,-1.2741812643533876,-0.8529822782451907,1
2684,0,0,1,0,0,0,0,0,1,0,2,0,0,1,0,0,1,0,2,0,-0.6717732370632851,-0.2253232305415523,0
2685,0,0,0,0,0,0,0,0,0,0,1,0,1,0,0,0,1,1,1,1,-1.2413096994717228,0.0037354079234390714,1
2686,0,1,1,0,0,2,0,0,2,1,1,0,0,0,0,1,2,1,2,1,0.5756023932019888,-0.21046734201075906,0
2687,0,1,1,0,0,0,1,0,2,0,0,1,1,0,0,0,0,1,2,1,-0.7300344884402785,-1.0532362812243825,0
2688,1,0,0,0,0,0,0,0,1,1,0,0,1,0,0,0,1,0,0,0,1.5977517791144444,1.0345820526647804,0
2689,0,0,0,0,0,1,0,0,1,1,0,0,0,1,0,0,0,0,0,1,0.29677669590366,0.1797406971735819,0
2690,0,1,1,0,0,1,0,0,2,1,1,1,2,0,0,1,0,1,1,0,0.164771568054101,-1.1021582800365852,0
2691,0,1,1,0,0,1,0,1,2,1,0,1,2,0,0,1,0,0,1,0,-1.8927512258784231,0.25741038451844667,0
2692,0,0,2,0,0,1,0,1,0,1,0,1,1,0,0,1,1,0,2,1,-1.955379161133906,-1.2832367699889637,0
2693,0,0,1,0,0,1,0,1,1,0,0,0,1,0,0,1,1,0,2,0,-0.9216645658006458,-0.0039323713794994775,0
2694,1,2,0,0,0,0,0,0,2,1,0,1,0,0,0,1,1,0,1,2,1.588443031084771,0.5582264591402512,1
2695,0,1,0,0,0,1,0,1,1,1,1,0,1,0,0,0,1,1,1,1,0.397949327015677,-2.2337342567047678,0
2696,1,1,1,1,0,1,1,0,1,0,1,1,1,0,0,1,1,0,0,2,-2.374370109988027,-1.5142439874817943,0
2697,1,2,0,0,0,1,0,0,1,0,0,0,1,0,1,0,2,0,0,1,-0.4525932177504308,0.7499014421206249,0
2698,1,0,2,0,0,1,0,0,2,2,0,0,2,0,1,1,1,1,1,1,-2.101263983521925,-0.8149647291259982,0
2699,1,1,1,0,0,2,0,0,1,1,1,1,1,0,0,0,2,2,1,1,-1.7150005025888035,-0.8328612453794196,0
2700,0,1,1,0,0,2,0,0,2,0,0,1,1,0,1,1,1,0,1,0,0.2102621665652907,-0.6535980202109457,0
2701,0,0,1,0,0,0,0,0,1,1,0,1,1,0,0,1,1,1,2,1,0.30081069220926243,1.6875001854080431,1
2702,0,1,1,0,2,0,0,1,2,1,0,1,0,0,0,0,0,1,1,0,-1.12227982656878,0.4542374933488096,1
2703,0,1,0,0,1,0,0,0,0,2,0,0,0,0,0,2,1,0,0,1,0.9748556829981455,1.116531085022367,0
2704,0,0,1,0,0,1,0,0,0,1,0,1,1,1,0,1,1,0,2,0,0.4734569434841353,-0.1455106863354334,1
2705,0,0,0,0,0,0,0,0,1,1,0,0,0,0,0,1,1,1,1,0,-0.47677102836988694,1.0234987640203284,0
2706,0,2,0,0,0,1,0,0,1,1,1,0,2,0,0,1,1,1,0,1,0.458109357187658,0.3860773138979636,0
2707,0,0,0,0,0,0,0,0,0,0,0,0,1,1,0,2,1,0,1,0,0.7283202512796192,1.7148061696260117,0
2708,0,0,0,0,0,0,0,0,1,0,1,0,1,1,0,1,1,0,2,0,-0.8771198582996566,-1.2137642673651738,0
2709,1,0,0,0,1,1,0,0,0,0,0,0,1,0,0,1,2,1,1,1,-0.036775508271775954,0.12458692040744272,0
2710,1,1,1,0,0,1,0,0,2,0,0,0,1,0,0,0,1,0,1,0,1.3393027936843278,-0.6832028407429115,0
2711,1,0,1,0,1,2,0,0,0,1,1,1,0,0,1,0,1,1,1,0,-0.09880153603889645,-0.8756086702140025,1
2712,2,0,1,0,0,1,0,0,2,1,0,1,0,1,0,2,0,0,2,1,0.4127168275522139,1.2607596472335794,1
2713,0,0,0,0,0,1,0,1,0,0,1,1,1,0,0,0,0,1,0,0,-1.3801068787959745,-1.04075373569619,0
2714,1,1,0,0,0,2,1,0,2,2,1,0,0,1,0,1,0,1,0,1,0.12737801391099696,1.8599754933127035,1
2715,0,0,0,0,0,1,0,1,1,1,0,0,1,1,0,1,0,1,0,2,0.16439549341706353,-0.5518119676321096,1
2716,0,2,1,0,0,2,1,0,0,0,0,0,0,0,0,2,0,0,0,0,1.0269863732441118,1.7179112321318883,1
2717,0,1,1,0,0,1,1,0,0,0,0,0,0,0,0,0,1,1,0,1,0.17021264814113263,-0.6403012852116956,1
2718,0,0,0,0,0,1,1,0,2,0,0,0,0,0,1,0,0,2,1,0,1.47637662599054,0.017543490194708744,0
2719,0,0,0,1,0,1,0,0,1,1,0,0,1,0,0,1,0,0,0,1,0.7925245763428191,2.451477705719412,0
2720,0,1,0,0,0,2,0,0,2,0,0,0,1,0,0,0,0,0,1,0,0.4962302440510821,-0.6797237952009662,1
2721,0,0,1,0,0,0,0,1,0,0,0,1,1,1,1,0,2,1,1,0,-1.2659773335525446,-3.0326098122582894,1
2722,0,0,1,1,0,1,0,0,1,0,1,2,0,1,0,0,0,0,1,0,-0.9266250161127393,-1.338495085516771,0
2723,0,0,1,0,0,1,0,1,0,1,0,1,1,0,0,0,1,0,2,0,-1.6553452178363732,0.2331711609221907,0
2724,0,2,0,0,0,0,0,0,1,0,2,0,0,0,0,0,1,0,0,1,-0.7108637432509856,-1.3599255401927932,0
2725,1,0,1,0,0,0,0,0,1,1,1,1,0,0,1,1,1,1,1,0,-0.548113689842359,0.27298295400745626,1
2726,0,2,0,0,0,1,0,0,0,1,2,1,0,0,0,2,1,1,1,1,0.5163372893809491,-0.7626705301992273,0
2727,0,0,2,0,0,1,0,0,1,0,0,2,1,0,0,2,1,0,0,1,-1.94807819100702,0.38190399791143204,0
2728,0,0,0,0,0,0,0,0,0,0,1,1,0,0,0,1,0,1,1,1,-1.5768484957123254,-0.6453338834201813,1
2729,0,0,0,0,0,0,0,0,2,1,1,1,0,0,0,0,0,0,2,0,2.0922483673150825,1.7863607318470172,1
2730,0,1,2,0,0,1,0,0,0,0,1,1,1,0,0,2,2,1,0,0,-0.05934279840918316,0.854529464988826,0
2731,0,1,2,0,0,0,0,0,1,1,0,1,0,0,0,1,1,0,1,0,0.37932563542410913,-0.736440250315842,0
2732,0,0,1,0,0,2,1,0,1,1,1,2,0,0,0,1,1,0,0,1,-1.1397232380560882,-0.25551537834538174,0
2733,0,1,0,1,0,0,0,0,0,1,0,0,1,0,1,2,2,2,1,0,-0.3823306409655616,0.07549923862653833,0
2734,0,1,1,1,0,2,0,0,1,0,0,1,1,0,0,1,0,0,0,0,-1.2288484056396223,0.2369887096962165,0
2735,1,0,0,1,0,0,0,1,1,1,0,1,0,0,0,1,1,1,0,1,-0.799759558195335,-1.2237927426631405,0
2736,0,1,1,0,0,2,0,0,2,1,0,1,1,0,0,0,1,0,1,1,-0.859591185795024,-0.41487536399995834,1
2737,0,2,0,0,1,2,0,0,1,0,2,0,0,0,1,1,2,2,2,0,1.124133703881816,-0.43892112572366043,0
2738,0,1,0,1,0,1,1,0,0,0,0,0,1,1,0,1,0,0,0,2,-0.191931890658511,1.3444407568110157,0
2739,0,2,0,0,0,0,0,0,1,0,1,1,0,1,0,0,1,0,0,2,-0.035553204549893185,-0.8393304717003292,0
2740,0,1,1,0,0,0,0,0,0,0,0,1,2,0,0,0,1,0,2,0,1.100212834806696,0.22819625164662188,0
2741,0,0,0,0,0,1,1,1,0,1,1,0,1,0,2,0,1,0,1,1,-0.41333208509724295,0.8788297140700788,0
2742,0,0,2,0,1,1,0,0,1,1,1,0,1,0,0,1,2,0,1,0,1.2975655434758504,0.15533131708558293,0
2743,0,1,0,0,0,2,0,0,2,2,0,0,1,1,0,1,1,0,1,0,-0.9625087302403263,-0.922331064708658,0
2744,1,1,1,0,0,2,0,0,2,0,0,0,1,0,0,0,2,0,1,0,-0.8231009103361472,-0.5691674602330563,0
2745,0,0,1,0,0,0,0,0,1,0,0,1,1,0,0,1,1,0,1,1,-1.9892413026168587,-0.03380727797183525,0
2746,0,0,1,1,0,2,0,1,1,0,1,1,1,0,1,1,2,1,1,0,-1.3589621894701156,-2.7120378162885004,1
2747,0,1,0,0,0,1,0,0,0,0,1,0,1,0,0,1,1,0,0,1,0.5343846798113449,-0.09465854097514023,0
2748,0,1,1,0,0,0,0,0,0,0,1,0,1,1,1,1,1,0,1,2,-0.495581299014772,-0.57794535997248,0
2749,0,1,0,0,0,1,0,0,1,1,0,0,1,0,0,0,1,0,0,0,0.3472069688871313,0.2541146948515614,0
2750,0,0,0,0,0,1,1,0,1,2,0,0,0,1,0,0,0,2,0,1,-0.6108688594602634,-0.7788747476870119,0
2751,0,0,1,0,0,1,0,0,2,0,0,0,0,0,1,1,0,0,1,1,-0.48524751947496914,-0.07807384896589883,0
2752,1,1,1,1,0,0,1,0,2,1,0,1,0,0,0,0,2,2,1,1,-0.6314895931865115,-0.010814744037387414,0
2753,0,0,1,0,0,1,0,0,1,2,0,1,0,0,0,2,0,0,1,1,0.2816360006641821,0.7691183203040244,0
2754,0,0,0,1,0,1,1,1,0,1,1,0,0,0,0,0,1,0,1,0,-0.11106938724988877,0.4126737608100722,1
2755,0,0,1,0,0,1,1,0,1,0,0,1,1,0,0,1,0,0,1,0,1.1881977102649164,2.8049718245435766,1
2756,0,0,1,0,2,0,0,0,1,1,0,0,0,0,1,2,2,0,0,2,0.4404901203390393,0.8490041762745377,0
2757,0,0,0,0,0,1,0,0,2,0,0,0,1,0,0,1,2,1,0,1,1.9331345975778276,0.9042006213953108,0
2758,0,0,2,0,0,2,0,1,1,0,1,0,1,0,0,1,0,0,2,0,1.416136846250522,0.9558683410394164,0
2759,0,1,2,0,0,0,0,0,2,1,0,0,1,0,0,0,0,1,1,0,0.17051293922132366,1.4296081279419304,0
2760,0,0,1,0,0,0,0,0,2,1,0,0,2,0,0,0,1,0,2,1,0.6622443563217897,1.8346719308673418,1
2761,0,1,0,1,0,1,0,1,0,1,2,1,1,0,0,1,0,1,0,0,0.5004640800008804,0.6538471358570199,1
2762,0,1,0,0,0,1,0,0,1,1,1,1,1,1,0,0,0,0,1,2,0.6053795569841048,-0.3302037515350414,1
2763,0,0,1,1,1,1,0,0,1,0,0,1,1,2,1,1,1,0,1,1,-0.8759268268633528,0.07982121590750262,0
2764,0,0,1,0,0,1,0,0,1,1,1,1,1,2,0,1,1,2,0,0,0.10174500399820566,-2.1034946769338267,1
2765,2,1,1,0,0,2,0,0,0,0,0,0,0,1,1,0,1,1,2,0,-0.9833947100296672,-0.31149945309671023,0
2766,0,2,0,1,0,1,0,1,2,0,1,1,0,0,0,0,1,1,0,0,-0.8863697549899958,-1.7295288583929445,0
2767,0,1,1,0,0,2,1,0,0,1,0,0,1,0,0,2,1,1,1,1,-1.280092342443195,-0.8549231607810717,0
2768,0,0,0,0,0,1,0,0,2,1,0,1,1,0,1,1,1,2,1,2,1.417912243186142,0.41119687271272876,0
2769,0,2,1,0,0,0,0,0,2,0,0,0,1,0,0,1,0,0,1,2,0.22782354026472876,-1.1835070781917199,0
2770,0,1,1,0,0,1,0,0,1,1,2,0,1,0,1,0,0,0,1,1,0.17040095209330647,0.29197589156176734,0
2771,0,0,1,0,0,1,0,0,0,1,0,2,0,0,1,0,0,1,0,0,-0.7168984938825128,-0.5879585760713542,0
2772,0,0,0,0,0,1,0,0,1,0,1,0,0,0,0,0,0,1,2,0,-0.1277372095143162,0.8595101235894931,1
2773,1,1,1,0,1,1,0,0,1,1,1,0,2,0,1,1,1,0,0,1,1.5128211283545878,-1.4394050238005582,1
2774,1,0,0,0,1,1,0,1,1,1,1,0,0,0,0,1,1,2,2,0,-1.5485402640900061,-1.7319317980169022,1
2775,0,0,0,0,1,1,0,0,1,1,1,0,0,1,0,0,0,1,1,1,0.083697144655118,0.7697595338438675,0
2776,0,1,0,0,0,0,1,0,1,0,0,0,1,1,0,2,1,1,2,2,1.6440805774857263,0.2508886567637899,0
2777,0,0,0,0,0,0,0,1,1,1,1,0,0,0,0,0,0,0,0,1,-0.00921368201696307,1.0470694756339671,0
2778,0,0,0,0,0,2,0,0,2,1,0,1,1,1,0,0,2,1,1,0,0.6931437092863897,-0.5142942860345758,0
2779,0,0,0,0,0,1,0,0,1,1,0,0,1,1,0,1,1,0,0,1,0.2667078243096711,-0.4657096515034865,0
2780,0,1,1,0,0,1,0,0,1,1,1,0,0,0,0,0,0,1,1,0,-0.3636487378723925,0.6568407845212751,0
2781,0,0,0,1,0,2,0,0,1,0,0,1,1,1,0,2,1,1,1,1,-0.23329460087887574,0.7865391676461755,1
2782,0,2,1,1,0,2,0,0,1,0,1,0,1,0,0,0,0,2,0,0,0.8613950507277592,-2.0883513360230093,0
2783,0,0,0,0,0,0,0,0,1,1,0,1,0,1,0,0,1,0,2,0,-0.22865814595187606,0.07806223121716105,1
2784,0,1,1,0,0,0,0,0,1,0,0,1,2,0,1,2,1,2,0,0,0.734534903256994,0.8747745885287421,1
2785,0,1,2,0,1,1,1,0,1,0,0,0,1,0,0,0,0,0,1,0,-0.08627144792720963,-0.5795358546745419,0
2786,0,0,0,0,0,0,0,0,1,0,1,0,1,0,0,0,0,0,0,1,1.1727861200185967,0.6486824348264699,0
2787,0,1,0,0,0,0,0,0,1,1,0,0,1,0,0,1,1,0,1,0,0.41902800409277263,-0.7131458770939583,0
2788,1,0,1,0,0,2,0,0,1,0,0,1,1,0,0,0,0,0,0,2,0.7006434584664447,0.08871504333172378,1
2789,0,1,2,0,0,1,0,0,1,1,1,0,0,1,0,1,1,0,1,2,0.10321881330019085,0.8918845755053065,0
2790,0,1,1,0,0,2,0,1,0,2,0,0,0,0,0,1,1,1,0,0,1.1839043189393041,-0.4459786240488097,0
2791,0,0,0,0,0,2,0,1,2,0,1,1,0,0,1,0,1,1,1,0,0.08451224255306036,-0.3184977516428359,1
2792,0,1,1,0,0,1,0,0,0,1,0,1,1,0,0,0,0,0,1,0,0.957488877603724,-0.17628733234837524,1
2793,0,0,0,0,1,1,0,0,2,0,0,0,1,1,1,0,2,1,1,0,0.5758000574949521,1.7110337225268488,1
2794,0,0,2,0,0,0,0,1,1,0,1,1,1,1,0,1,2,0,0,0,-0.5848398999913661,0.06429938492102194,0
2795,0,0,0,0,0,2,0,1,2,1,1,0,0,0,0,0,0,1,1,1,-1.9058341683786824,-1.4048285770201456,1
2796,0,0,2,0,0,1,0,1,1,0,0,1,0,0,0,0,0,0,0,0,-0.6118933668381896,-0.8116562968091188,1
2797,1,0,1,1,0,1,0,0,1,1,0,0,1,0,0,1,2,0,2,1,0.23227460666876898,0.3983088309073414,0
2798,0,2,1,0,0,0,0,0,1,1,0,1,0,0,0,1,0,2,1,0,0.9597685552183954,0.8118499861992419,0
2799,0,1,0,0,1,2,0,1,1,0,1,2,0,1,1,0,0,0,0,1,0.018315493112910718,-1.2598584563732036,0
2800,0,0,1,0,0,1,0,0,1,1,2,0,0,0,0,0,0,0,1,0,0.7317544572279613,0.18902964380969794,0
2801,0,0,1,0,1,0,0,0,1,0,0,1,1,1,0,0,0,0,2,0,-0.885260788529039,-0.12000067600634207,0
2802,1,2,1,0,1,1,1,1,0,1,0,1,1,0,0,1,2,1,0,0,-0.7526794993517099,-1.8233559114120264,1
2803,0,1,1,1,0,2,0,0,1,0,0,0,1,0,0,0,1,0,0,2,0.09872536685899404,-0.05801820324630638,0
2804,0,1,1,0,0,0,0,1,2,0,0,1,1,0,0,0,0,2,1,2,1.3944676009198818,0.2819136040687544,1
2805,1,0,0,0,0,1,0,0,0,1,1,1,1,1,0,1,0,0,1,2,0.5896844775001533,0.9391424644742694,1
2806,0,0,0,0,0,1,0,0,0,0,0,0,0,0,0,0,0,0,0,0,-0.4083483286800477,-2.2999893847964272,1
2807,0,1,0,0,0,1,0,0,0,1,1,1,0,0,1,0,2,0,0,1,0.4487083919620919,0.3038781608514787,0
2808,0,1,1,0,0,0,0,0,0,1,1,0,1,0,0,0,1,0,1,0,0.4893451774049852,-0.8955287045023137,0
2809,0,0,1,0,0,1,0,0,1,0,0,1,1,1,0,1,1,0,1,1,-0.467330618890628,0.5449802838143658,0
2810,0,1,0,1,1,2,1,0,1,2,1,1,1,1,0,0,0,0,1,1,0.7621285286535125,1.7815121271310934,0
2811,1,1,0,0,0,1,0,0,2,2,1,0,2,0,0,1,0,1,1,0,0.7787968783131792,1.3629315620844258,0
2812,0,0,0,0,0,1,0,0,0,1,0,0,2,0,0,2,0,0,2,0,-1.514842230310284,-0.5531075682673199,1
2813,0,2,1,0,1,2,0,0,2,0,0,0,1,0,0,0,2,1,2,2,0.26815484982155774,-0.9817327097382187,0
2814,0,0,0,0,0,2,1,0,2,1,0,0,0,0,0,0,0,0,0,2,1.8705346628596606,-1.0595479428850927,0
2815,0,0,0,0,1,1,0,1,1,0,1,0,1,2,0,2,0,2,2,0,-0.10912133670144328,0.021736312354054016,0
2816,1,0,1,0,0,2,0,0,1,2,1,1,2,0,1,1,0,0,1,0,0.48281817627427914,-0.3124865813999258,1
2817,0,1,0,0,0,1,0,0,2,0,0,1,1,0,0,1,0,1,2,0,0.1387230679075768,1.0329050988550572,1
2818,0,0,1,0,0,0,0,0,0,1,1,0,0,1,1,1,1,1,0,0,0.8221618315381823,0.13282891611525446,1
2819,0,1,0,1,0,2,0,0,0,1,0,0,1,1,0,0,0,1,2,0,-0.5037303290145538,-0.21578448970744687,0
2820,0,1,0,0,0,0,0,0,1,0,0,1,1,1,0,1,0,1,2,2,-0.15064443118001403,0.6231313832306085,0
2821,1,0,1,0,1,1,0,0,1,2,0,0,0,0,0,2,1,0,1,1,-1.1185225190731678,-0.09477474739688946,0
2822,0,0,0,0,0,2,1,0,1,1,1,1,2,1,1,0,0,0,1,0,-2.166752871531427,0.9477063657315004,0
2823,1,0,1,0,0,2,0,1,0,1,1,0,1,0,1,0,1,0,0,1,0.3099396581698569,1.0167540156528942,0
2824,0,0,0,0,0,1,0,1,2,1,1,1,1,0,0,1,0,1,1,1,0.6613893360809905,-0.13708316720563093,0
2825,0,0,1,0,0,1,0,0,2,1,1,0,1,0,0,0,1,1,1,0,0.41063055103940493,-0.5606007313478086,1
2826,2,0,1,0,0,1,0,0,0,0,0,0,1,0,0,1,0,0,1,1,0.1371124460614758,1.0356594622158606,0
2827,0,0,1,0,1,0,0,1,2,0,2,0,1,0,0,1,2,0,2,1,-0.9889476387655934,-0.48043994035488274,0
2828,0,1,1,1,0,0,0,0,2,1,0,2,1,1,0,2,0,0,0,0,-1.3849470769559826,-0.06602121896895533,0
2829,0,0,1,0,0,1,0,0,1,2,0,0,1,1,1,0,1,0,1,1,-0.8064470655553961,-0.7034031204916562,0
2830,1,1,1,0,0,0,0,0,0,0,2,1,1,1,0,1,2,1,0,1,-0.47401861948108,-1.0342717800890582,0
2831,0,0,1,0,0,2,0,0,1,1,1,2,0,0,0,0,1,0,1,1,-1.1741619061731257,0.1155368160764042,0
2832,0,1,1,0,0,0,0,0,2,1,0,1,1,0,0,0,0,2,2,2,-0.04004471023334757,1.040555375342294,0
2833,1,0,0,0,0,2,0,1,2,0,1,0,1,1,0,0,1,0,1,1,-0.9578152980747315,-0.8194714757396572,0
2834,0,1,0,0,1,1,0,0,1,1,1,2,0,0,0,1,0,0,2,0,0.5649982279898712,-0.8240624507232673,1
2835,0,0,1,0,0,1,0,0,1,2,2,0,1,0,0,0,2,1,1,0,-0.6957131701933872,-0.7349379540932379,0
2836,1,0,1,0,0,0,0,0,2,0,0,1,0,0,0,1,1,0,1,1,-1.7433895593493962,-0.3942239516341295,1
2837,0,1,2,0,0,1,0,0,1,2,0,0,0,0,0,1,1,1,0,0,0.772930689388039,-0.1466183807153716,1
2838,0,0,1,0,0,2,0,0,0,0,1,0,0,0,0,0,1,1,2,1,1.1208724714788838,0.2958023070264522,1
2839,0,2,1,0,0,0,0,0,1,1,0,0,0,0,2,0,0,2,1,1,-0.38749103323740924,-0.7371002405471476,0
2840,0,1,0,1,0,1,0,0,2,1,2,1,1,0,0,0,0,1,1,1,0.25033635500028695,0.5433324879643231,0
2841,0,0,0,0,1,0,1,0,0,1,0,1,1,2,0,1,0,0,0,1,-0.49601539619152313,-0.6623608107621026,0
2842,0,0,1,0,0,1,0,0,0,2,0,0,0,0,0,2,0,0,0,0,0.3119969729906814,1.2098103222289347,0
2843,0,1,1,0,1,0,0,0,0,1,0,1,1,0,0,0,1,0,1,1,-0.9479105781786796,-0.930704115841456,1
2844,2,0,2,0,0,0,1,0,2,1,0,0,1,0,1,1,1,0,0,0,0.4552280177333445,-1.630884613954071,0
2845,1,1,0,0,0,1,0,0,0,1,0,1,0,0,1,0,1,1,1,1,0.09692636670191031,0.32437355705949245,0
2846,0,0,0,0,0,1,0,0,1,0,0,0,0,0,0,0,1,0,0,0,0.662979778527744,0.6132125594685531,1
2847,0,1,0,0,0,0,0,0,1,1,1,1,1,0,0,0,0,1,2,1,-1.210529347776421,-1.3874874631320038,0
2848,0,1,1,0,0,1,0,0,0,0,0,1,0,0,0,1,1,0,1,0,-0.2599533672990488,0.8583912166101101,0
2849,0,0,0,0,0,1,0,0,0,0,1,0,0,0,1,1,0,1,0,0,-1.2674645371927749,0.49419709672103107,1
2850,0,0,2,0,0,1,0,0,0,0,0,0,1,0,0,2,1,0,2,2,0.7243542807829263,0.43530813260016665,0
2851,1,0,0,0,1,0,0,0,2,1,1,1,0,0,0,0,0,0,2,1,0.9657170744053984,0.8277848158216559,0
2852,0,0,0,0,0,1,1,0,2,0,0,1,0,1,0,0,1,0,1,1,0.3230895952871848,1.48256898659644,1
2853,0,2,1,0,1,1,0,2,0,1,1,1,0,1,1,0,0,0,1,0,-0.1271654995022071,-0.549100622649044,1
2854,0,0,0,0,0,1,0,0,1,1,2,2,0,0,0,1,1,0,0,0,-1.150908875380733,-0.3070606446801888,1
2855,0,0,0,0,0,1,0,0,0,1,0,1,1,1,0,1,0,0,2,0,0.11336956539114217,0.47756828329135326,0
2856,0,1,0,0,0,1,0,1,0,0,1,0,1,0,0,0,2,0,1,0,0.6779225588214869,-1.3746018656870473,1
2857,0,0,0,0,0,1,0,0,0,0,0,0,1,0,0,0,0,0,0,0,-1.502838867675536,-0.9343787995101144,0
2858,0,0,0,0,0,1,0,0,1,1,1,0,1,0,0,1,0,0,1,2,-1.3921459023652727,-1.9499697345570521,1
2859,1,1,2,0,0,1,0,0,1,1,1,0,0,0,0,0,0,1,1,0,-0.7835610166147452,-0.15380606103400463,1
2860,0,0,0,0,0,0,1,0,1,1,1,0,1,0,0,0,1,1,1,0,-0.06473133935052121,0.043169233614210156,0
2861,1,1,1,0,0,2,0,0,2,1,0,0,1,0,0,0,0,0,0,1,-0.08844313025526325,0.16047255834508425,0
2862,1,0,1,0,1,0,0,0,0,0,1,1,0,0,0,1,1,0,1,0,0.5770573396789362,-0.45063836363811016,1
2863,0,1,1,0,0,0,0,1,0,0,0,1,1,0,0,2,0,0,1,0,0.7459671334302366,0.5214424441034397,0
2864,0,0,0,0,0,1,0,1,1,1,1,0,0,1,0,1,2,0,0,2,-0.4480141848728516,1.3476018974572002,1
2865,0,1,1,0,1,0,0,0,0,1,1,0,1,0,0,1,1,1,2,1,0.7257221186931077,-0.6527353169843794,0
2866,0,0,0,1,0,0,0,0,2,0,0,1,1,1,0,0,1,1,0,0,-0.5538276778976747,-1.201974731301688,0
2867,0,1,1,0,0,0,0,0,1,0,1,1,1,1,0,1,0,0,1,0,0.47071291203560955,-1.659313963415035,0
2868,0,1,0,0,0,0,0,0,1,2,1,0,1,0,0,0,1,0,0,0,1.059811378885718,0.34443731375043984,0
2869,1,0,0,0,0,1,0,0,1,2,0,1,0,1,0,0,1,0,1,0,0.3078019809880622,1.4121290294494773,1
2870,0,1,0,0,0,1,0,1,1,0,0,1,1,1,0,2,0,0,2,0,-1.667833028383181,-0.27783145830138734,0
2871,0,0,0,0,0,1,0,0,1,0,0,1,1,0,2,0,1,0,1,0,-0.06229488876705949,-0.3047207801157585,0
2872,1,1,1,1,0,0,0,0,1,2,0,1,1,1,0,0,0,1,1,2,0.5201935438486585,-0.13933605715776542,0
2873,0,1,0,0,0,1,0,0,1,2,1,0,1,1,1,1,1,1,0,0,-0.44417200652642275,-1.5201545719572396,0
2874,0,1,0,0,1,1,0,0,0,0,1,1,2,0,0,0,0,0,2,0,0.4800568767290593,0.3901416651144816,1
2875,0,0,2,0,1,1,0,0,1,0,0,1,2,0,1,1,0,0,2,0,0.16045550090777919,0.16364617859901892,0
2876,0,2,0,0,0,1,0,0,1,0,2,0,0,0,1,1,2,1,1,1,-0.6870820303191864,-1.617669667979341,1
2877,1,0,0,0,0,0,1,0,1,1,0,2,1,0,0,0,0,1,2,0,1.4405866087187906,-0.47793133749384886,0
2878,0,1,0,1,0,2,0,0,1,0,1,1,1,2,0,1,1,1,1,1,2.2211900874899624,1.3011214878471753,1
2879,0,1,1,0,0,1,0,0,2,0,0,0,2,0,0,1,1,1,0,0,0.08382142426186882,0.0163618915074204,1
2880,0,0,1,0,0,1,0,0,1,1,0,0,0,0,1,0,0,1,2,1,-0.6498152257205287,-0.1851546397660251,1
2881,0,1,1,0,1,1,0,0,1,0,2,1,0,1,0,1,2,0,1,0,0.2555327061415646,-0.8020278085062086,1
2882,1,0,1,0,0,1,0,1,0,1,0,1,0,0,0,2,1,1,0,1,-0.9195389342045908,0.23773794358183975,0
2883,0,1,0,0,2,1,0,1,1,0,0,1,0,0,1,1,1,0,1,0,-0.17155003565920937,-0.7531732725445901,0
2884,0,0,1,0,0,2,0,0,2,1,2,0,0,0,0,0,0,2,0,0,1.3456029333921968,-0.40008018819574015,0
2885,1,2,0,0,0,2,0,0,0,1,0,1,2,0,0,1,1,1,1,0,-0.5706935295653017,-0.2796096300226921,1
2886,1,1,2,1,1,2,0,0,1,1,1,1,0,1,1,2,1,0,1,0,-0.34666232249227885,0.5072870790201365,0
2887,0,0,0,0,1,2,0,0,1,1,0,0,2,0,0,1,1,0,1,0,-0.2656206463167442,-1.3630426315480526,0
2888,0,1,2,0,0,2,0,0,1,0,0,0,1,0,1,1,1,1,2,0,-0.35486408799097585,0.22269359838717825,0
2889,0,0,1,0,1,1,0,0,1,0,1,1,1,0,0,0,2,1,1,1,-0.24701846651803516,-2.3670689674101526,0
2890,0,0,1,1,1,2,0,0,1,0,1,1,0,0,0,2,1,1,1,0,0.9703453251377908,-0.940240991921989,0
2891,0,1,1,1,1,1,0,0,1,2,0,1,0,1,0,2,2,0,1,0,0.1907714953816473,2.1918000670606337,1
2892,0,0,1,0,1,2,0,0,1,0,0,0,1,1,0,0,1,0,1,0,-0.3530145879166494,0.1866785150668336,0
2893,1,0,1,0,0,1,0,0,1,1,0,1,0,0,2,1,1,0,1,2,-1.5664346794302852,-1.521416167760911,0
2894,1,1,0,0,0,2,0,0,2,2,0,2,2,0,0,1,0,2,1,0,1.49778645921787,2.2232373568381645,0
2895,1,1,2,0,0,1,0,1,2,1,0,0,1,1,1,1,0,0,1,1,-1.4273078591517407,0.08980718829544843,0
2896,0,0,0,0,0,0,1,0,0,1,0,2,0,0,0,0,0,0,0,0,-2.1715493322158594,-1.480101158750181,0
2897,0,0,1,0,0,0,0,0,2,1,0,0,0,0,0,2,1,0,0,1,-0.6336910572208481,-0.8705567734891076,0
2898,0,0,0,0,0,0,0,1,0,0,0,0,1,0,0,1,1,1,1,0,0.09897770725975609,0.12008452371377959,0
2899,1,0,1,0,0,1,0,0,0,0,1,1,1,0,1,2,2,0,0,1,-1.3994990319108243,-1.1951803129793461,0
2900,0,0,0,1,0,2,0,1,0,1,0,0,0,0,0,0,2,0,0,1,0.4732747142875131,-0.6075380363552768,1
2901,0,0,1,1,1,0,0,1,1,2,2,0,2,1,0,2,0,1,1,0,0.5058503340413454,-0.27840896155564965,0
2902,1,0,0,0,1,2,1,1,1,1,1,2,0,0,0,1,0,1,1,2,0.019404883628306644,0.6218132235836571,1
2903,0,1,0,0,0,2,1,0,2,1,0,0,1,1,0,0,0,0,1,0,-0.5498253127760899,-0.515995161214321,0
2904,0,0,1,0,0,2,0,0,2,0,0,1,0,1,0,0,1,1,1,1,0.41709374435223817,0.29427750379640616,1
2905,0,0,0,1,0,2,0,0,0,1,0,1,0,0,1,1,0,1,2,0,-0.21949144637687126,0.4802772627343199,0
2906,0,0,1,0,0,2,0,0,0,1,0,1,0,0,0,0,0,0,1,1,0.7342870161748645,1.1330725457300743,0
2907,1,1,0,0,1,0,0,0,0,1,0,0,1,1,1,2,1,1,0,0,1.0847694934930463,1.2769439576926085,0
2908,1,1,0,1,0,0,1,0,1,0,2,1,0,0,2,0,1,0,0,0,-0.4083445038265661,-0.06043940911583934,1
2909,0,0,0,0,0,2,0,0,0,0,1,0,2,0,1,1,2,0,1,1,0.7066794891813789,0.6415401959288256,0
2910,0,1,1,0,0,0,1,0,1,1,0,0,2,2,0,1,1,1,0,0,-0.6795137228767076,1.1759630591596844,0
2911,0,0,0,0,0,2,0,1,2,0,1,0,1,0,0,1,0,1,1,0,-1.5933682007462335,-1.764692911226287,0
2912,0,0,0,0,0,1,0,1,0,0,1,0,1,1,0,0,0,0,1,2,1.023416638651591,0.6230718105017041,0
2913,1,0,1,0,0,2,0,0,2,2,1,1,1,0,0,2,1,0,1,0,1.2227873306703239,0.5111336347619535,1
2914,1,0,1,1,0,0,0,1,1,0,0,2,1,1,0,1,1,0,1,0,-0.49673872561243826,0.07381219982718493,0
2915,0,2,0,0,0,1,0,0,1,0,0,2,1,1,0,0,0,1,1,0,2.685273615906144,0.3460118180919364,1
2916,0,0,2,0,0,1,0,0,0,1,1,1,1,1,0,2,0,0,1,1,1.029983313195946,0.014337299384362012,0
2917,0,0,2,0,0,1,0,0,2,0,0,1,1,0,0,0,0,1,0,1,0.6828663568842018,1.690408867016164,0
2918,0,2,1,0,0,0,0,0,0,1,0,0,1,0,0,2,0,1,1,2,-0.7234121721911874,0.322548124949764,0
2919,0,1,0,1,0,1,0,1,1,0,0,0,1,0,0,0,1,1,0,1,1.3292859341510432,2.291170664933553,0
2920,0,0,0,0,0,1,1,0,2,1,1,0,1,0,0,1,0,2,0,2,0.4439192412038103,0.08161864645018133,0
2921,0,0,1,0,0,1,0,0,1,0,0,1,2,0,0,1,1,0,1,0,-0.5961518454937834,-0.5285052100231773,1
2922,1,0,0,0,0,1,0,0,2,0,0,1,0,0,0,0,1,1,1,0,2.3713539871654556,1.4165650829198893,0
2923,0,0,1,0,1,0,0,0,0,1,0,0,1,0,1,2,2,1,0,0,1.622613826011974,0.3417357386548445,0
2924,0,0,1,0,0,2,0,1,1,1,1,0,0,0,0,1,1,1,0,0,-0.29681210768585853,-0.7841220323651383,0
2925,0,0,1,0,0,1,0,0,0,0,0,0,1,0,0,2,2,1,0,0,-0.8436488929697267,-0.7606169050050785,0
2926,0,0,0,1,1,1,2,0,2,0,1,0,2,0,0,1,1,0,1,0,-0.7635741041617574,0.3607438198201255,0
2927,0,0,0,1,0,1,0,0,2,1,0,0,1,0,0,0,1,0,2,2,0.4266677462777148,0.28282846352220603,0
2928,0,1,1,0,1,1,0,2,1,0,0,1,0,0,1,1,0,0,1,1,1.103272987081496,0.8305420633246959,0
2929,0,1,2,0,0,1,0,1,0,0,1,0,1,0,0,1,0,1,1,0,1.3655086572729893,0.5285276356942347,0
2930,0,0,0,0,0,0,0,1,2,1,0,0,1,0,0,1,0,2,2,0,0.7725649379499762,2.425056384702298,1
2931,1,0,1,0,0,1,1,1,0,1,0,1,0,0,0,1,1,1,1,1,0.7986386362110515,0.7484746438211869,0
2932,0,0,1,0,0,1,0,1,1,1,2,1,1,0,0,0,0,1,1,1,-0.9999365595391383,0.2180512346804201,1
2933,1,1,0,1,0,1,0,0,1,0,0,0,1,1,0,1,0,0,1,1,0.06771093428773907,-0.6653428181298259,0
2934,1,0,0,0,0,0,0,0,1,2,1,1,0,0,0,2,1,1,1,0,0.05513404908297581,2.032930029271321,0
2935,1,0,2,0,0,2,0,0,0,0,0,0,0,1,0,1,2,0,1,0,-1.12117476731366,0.06432096080431032,0
2936,0,0,0,0,1,1,0,0,1,0,0,0,1,0,0,0,2,0,0,0,-0.9253045035809864,-0.3496693311236863,0
2937,1,0,1,0,1,0,0,0,0,0,0,0,0,0,0,0,0,2,2,1,0.2616892374817539,-0.14627962799935473,0
2938,0,0,2,0,0,1,0,0,1,0,2,1,0,0,1,0,0,0,1,0,1.2445224010038112,-1.0584002918327087,0
2939,1,0,1,0,0,0,0,0,0,0,0,2,2,0,1,1,1,1,2,0,-1.3183774419034306,0.3032752478180062,1
2940,0,0,1,0,0,1,0,0,1,0,1,0,0,0,1,1,1,0,1,1,0.5487297529129981,0.3891884932174538,0
2941,2,2,0,0,0,1,0,0,2,0,0,1,0,0,0,0,2,1,1,0,0.8174909366606037,0.05274141254827569,1
2942,0,1,0,0,0,2,0,1,2,0,1,2,1,0,0,2,2,1,0,1,1.9620444107211785,0.2859360006807863,0
2943,1,0,0,1,0,2,1,0,2,0,0,0,1,1,0,1,2,0,1,2,-0.3180857736492634,0.9984534502297597,1
2944,0,0,1,0,0,1,0,0,1,0,0,1,1,1,0,0,0,1,1,0,-1.0080152296171445,0.6620162966266994,0
2945,1,0,2,0,0,2,0,0,1,0,0,0,1,0,0,1,1,0,0,0,-0.2878314337195518,-1.3342731413100473,1
2946,0,1,1,0,0,1,0,0,1,1,2,1,1,1,0,0,1,0,1,1,0.6187364355638454,-0.654215323963805,0
2947,0,1,1,0,0,1,1,0,1,0,0,1,2,0,0,0,0,0,1,0,-0.04199423165549143,0.16547083187735623,1
2948,0,0,1,0,0,1,0,0,0,1,0,0,2,1,0,0,1,1,0,0,1.782848460420774,-0.46555770917132633,0
2949,0,2,0,0,0,2,0,1,1,1,0,0,1,1,0,2,0,0,1,0,-0.7822684352756123,-1.1595053347718904,0
2950,1,1,1,0,0,1,0,0,1,0,0,1,0,0,0,1,2,0,1,0,-0.13141630851305372,-0.26794321757266876,0
2951,1,2,0,0,0,1,0,1,0,0,0,0,1,0,2,0,1,2,1,0,1.0368025721409997,0.07279781842323085,1
2952,0,1,0,0,0,0,1,0,1,0,0,0,2,0,0,2,1,2,1,1,1.4624911130328744,1.2304655783798264,0
2953,0,1,0,0,0,1,0,0,1,1,0,0,2,1,0,0,2,1,2,0,-1.8289548183561841,-0.8249436747693032,0
2954,1,1,1,0,0,0,0,0,0,1,0,0,2,2,0,0,2,0,1,0,2.359110264201911,1.2197307731212974,0
2955,0,0,0,0,0,1,0,0,0,0,1,1,1,0,0,2,1,2,0,1,-1.1221386603348318,-0.07541986473711437,0
2956,0,1,1,0,1,1,0,0,1,1,0,0,1,0,1,1,0,0,1,0,0.7831077023164179,1.218448265567798,0
2957,0,1,1,1,0,1,1,1,1,0,0,0,0,1,1,1,0,0,1,1,-0.46622329164198606,-0.6982516884684172,0
2958,0,0,0,0,1,1,1,0,1,2,0,0,0,0,0,0,1,0,1,0,1.1728875534617516,1.8418034578288922,1
2959,1,0,0,0,0,0,0,1,2,0,1,1,0,1,0,1,0,1,1,1,-1.122673653666431,0.1800552578800486,0
2960,1,1,2,0,0,0,0,1,1,1,1,0,1,0,0,0,2,0,0,1,1.3065093107011636,0.6688034173725541,0
2961,0,0,1,0,0,1,1,1,0,0,0,0,0,1,1,0,0,0,0,0,-0.5429522668088566,-0.18755801674336728,0
2962,0,1,0,0,1,1,0,0,1,1,1,0,0,0,1,0,0,0,1,0,0.6340223603815593,0.8170114865756326,0
2963,0,0,1,0,1,0,1,0,1,1,1,0,0,0,2,1,1,0,2,0,-2.1054847258845233,-2.0663136687612393,0
2964,0,1,0,0,0,1,0,0,1,1,1,0,1,0,0,0,0,1,2,1,-0.44972867191503446,-1.1640861320195945,0
2965,0,0,0,0,1,1,0,1,0,2,0,1,1,0,0,2,1,0,1,2,-2.3953543181630965,-0.21406146454297215,1
2966,0,0,0,0,0,0,0,0,1,0,0,0,1,1,0,0,0,1,1,2,0.7430045130949238,-0.4019952417598547,0
2967,0,0,1,0,0,2,0,0,1,1,1,0,1,0,0,1,1,2,0,2,-0.26783014449292103,0.2947447146082197,0
2968,0,2,0,0,0,0,0,0,1,1,0,0,1,0,0,0,1,1,2,0,0.1366745985971952,0.12619542918754578,0
2969,0,0,1,0,1,1,0,0,1,2,1,0,0,0,1,2,1,2,0,1,1.2955447489635334,-0.01701434871791563,0
2970,0,0,0,0,0,1,0,0,0,1,1,0,1,0,0,1,0,0,0,1,-0.9931209322255978,0.6249941492774436,0
2971,0,2,0,0,0,2,0,0,1,1,1,0,0,0,0,1,1,0,1,1,-1.0797093459853462,-1.0823047931865992,0
2972,0,1,2,0,0,1,0,0,0,1,2,1,0,0,0,1,1,0,0,1,2.4767590789351766,0.8663465774456645,0
2973,0,1,0,0,0,1,0,0,0,1,0,2,1,0,0,1,1,0,1,1,1.018893778194436,0.7933190787110231,0
2974,0,1,2,0,1,1,0,0,0,0,1,0,2,1,1,2,1,0,0,0,-1.8293110660588803,1.5470981480053343,1
2975,0,1,2,0,0,1,0,0,0,0,0,0,1,1,0,2,2,2,1,0,0.3853089414277423,1.0960742850771392,0
2976,0,0,0,0,1,2,0,0,2,2,0,2,0,1,0,2,2,0,0,0,-1.2951410257623857,1.12632477688078,0
2977,2,0,1,0,0,1,0,0,2,0,2,0,0,0,0,1,1,1,1,0,-0.6867999477422334,-0.7076700060849688,0
2978,0,0,1,0,0,1,0,1,0,0,0,0,2,0,0,1,1,1,2,1,-0.5052200899726564,-0.4830456592186396,0
2979,0,0,0,1,0,0,1,0,2,2,0,0,1,1,0,0,1,0,1,2,1.279260585323977,2.6131306584724303,1
2980,0,0,0,0,0,1,1,1,2,0,2,0,0,0,1,1,2,1,0,1,-1.1524347731912876,-1.686966774034433,0
2981,0,0,0,0,0,1,0,0,1,0,1,0,2,0,0,2,1,1,0,1,-0.9799408647991735,-0.23214032498943582,0
2982,0,0,0,0,0,1,1,0,1,0,0,0,0,0,0,1,1,0,1,0,1.0690781476499842,0.06277387072936003,0
2983,0,1,0,0,1,0,0,0,1,1,0,1,0,0,0,0,2,0,1,0,-0.4738608595362381,-0.7638256588165788,0
2984,0,1,1,0,0,2,0,1,1,1,0,0,0,1,0,0,0,1,1,1,-1.1593877349347625,-0.09084138200967692,0
2985,0,2,0,0,0,2,0,0,0,0,1,1,1,0,0,1,1,0,0,2,0.03202628657688943,-0.4565910619715712,1
2986,0,0,0,0,0,2,0,0,0,1,0,1,2,1,0,1,1,0,1,1,-0.008267367722071452,0.5233721763934094,0
2987,0,0,1,0,0,1,0,0,1,1,0,1,2,0,0,1,1,1,1,0,1.1866210095949168,1.4443735843672743,1
2988,0,0,0,0,1,1,1,0,1,1,0,0,1,0,1,1,1,0,0,1,0.5207930959909257,-0.6358727579856382,0
2989,0,0,2,0,1,1,0,0,2,2,0,1,1,0,0,1,1,0,0,0,0.3669659688775689,0.35728714227103325,1
2990,0,0,0,0,0,2,1,0,1,1,0,1,1,1,0,1,2,0,0,2,0.40835130366441613,1.1880299793897766,1
2991,0,1,0,0,0,2,0,0,1,1,1,0,1,0,1,1,1,1,0,0,0.24377504100016373,-1.2252809271381477,0
2992,0,1,0,0,0,1,0,1,1,1,0,2,0,1,0,2,0,0,1,0,-0.6212917503116822,0.43199230170553576,1
2993,0,0,0,0,0,2,0,0,1,1,1,0,1,1,0,0,1,1,0,0,0.5097115425097332,0.9007735148219377,0
2994,0,0,2,0,0,2,0,0,1,1,0,2,2,0,0,0,0,1,1,0,-0.2441945393050039,-0.03360068468521858,0
2995,1,1,0,0,1,1,0,1,0,0,0,0,1,1,1,0,0,0,1,1,0.606459572303074,1.2785143275561464,0
2996,0,0,1,0,0,1,0,0,2,2,0,1,0,0,0,0,0,0,1,1,1.5942250900905974,1.3589945864240778,0
2997,0,0,1,0,0,1,1,0,0,0,0,0,0,0,0,2,1,0,0,0,0.5827455776347309,2.1049630351369997,1
2998,1,0,1,0,0,1,0,0,1,1,2,0,0,0,1,1,2,0,2,0,-0.37141609532400666,-1.1158901086024082,1
2999,0,1,1,0,1,2,0,1,1,1,0,1,1,0,0,1,0,1,2,1,0.3372517664045024,-0.6957746926626731,0
3000,0,0,2,0,0,2,1,0,0,0,1,1,0,0,0,0,1,1,0,1,-0.6584801379583249,0.020900733689422468,1
3001,0,0,0,0,0,1,1,1,1,0,0,1,2,0,0,2,2,0,1,0,-1.9691543999638248,0.2070414415734093,1
3002,0,0,0,0,0,1,1,1,2,1,0,1,1,0,0,0,2,0,2,1,0.28492368298874404,1.0540292223049743,1
3003,0,0,0,0,0,1,1,0,1,1,0,2,0,1,0,0,2,1,1,1,2.1576357101404118,3.001864363627273,1
3004,0,1,0,0,0,1,1,0,0,1,0,0,1,1,0,1,1,1,1,0,-1.2224315983749734,-0.1670192366061289,1
3005,1,1,2,0,0,1,0,0,0,1,0,2,1,0,0,1,0,1,0,0,-0.7721346077966964,1.3929200540923168,0
3006,0,1,1,0,0,1,0,0,0,1,1,2,0,0,0,0,0,1,1,1,1.267422207608949,1.1675558792684109,0
3007,0,0,1,0,1,1,0,0,2,0,1,0,1,0,0,1,0,0,0,0,0.48293707471793706,-2.207785046039575,0
3008,0,1,0,1,0,2,0,0,1,0,1,0,1,1,0,1,1,0,0,1,-1.6774065720027442,-0.14033825849322168,0
3009,0,0,1,1,0,1,0,1,1,1,0,1,2,1,0,1,0,0,2,0,0.01845817529166325,-0.4255262707147447,0
3010,0,0,1,0,0,0,0,0,1,0,1,0,1,1,0,0,1,0,1,0,-1.734375267029454,0.2424982393316062,0
3011,0,0,0,0,1,2,0,0,1,0,1,0,1,0,0,1,1,0,1,1,0.4654452825945633,1.0274591873813876,0
3012,0,0,1,0,0,1,1,0,1,0,0,1,0,0,0,1,0,1,1,1,0.08967440664421757,0.5611430575244296,0
3013,0,0,0,0,1,1,0,0,0,1,1,0,1,0,1,1,1,0,1,1,0.26447039766132463,-0.5254854920155689,0
3014,0,1,1,0,0,1,0,0,1,1,0,0,1,1,0,2,1,1,1,0,-0.6090288540287377,0.9747239032245456,0
3015,0,0,1,0,0,2,0,1,0,0,1,0,1,0,0,0,0,0,1,0,0.4874298748984194,0.4312185051898514,1
3016,0,0,1,0,1,0,0,1,2,0,0,1,1,0,0,1,1,1,2,1,-0.49371545716914483,1.183755552542954,1
3017,0,2,1,0,0,2,1,0,1,0,1,1,1,0,0,1,0,0,1,0,-0.686378275224483,-0.6050419328633121,0
3018,0,1,1,0,1,1,1,0,2,1,0,1,0,0,0,1,2,1,0,1,-2.5038907636973633,-1.8701490127631035,0
3019,0,2,0,0,0,0,0,1,1,0,0,0,0,0,0,2,1,1,0,1,-0.9051209126923999,-1.2961285890932812,0
3020,0,1,0,0,0,1,0,1,2,1,1,2,1,2,0,0,2,1,1,0,-0.8846129878588903,0.2609275241259277,0
3021,1,0,1,0,0,2,0,0,0,1,0,1,2,0,0,1,0,2,1,0,-0.21018364051874733,0.9165033400803037,1
3022,0,1,1,0,1,1,0,0,1,1,1,1,2,0,0,1,1,1,2,0,0.2685432247269236,0.08836688609674564,0
3023,1,1,1,0,0,1,1,0,0,2,0,0,0,0,1,2,0,0,0,1,-1.3305974139640493,-0.7163018465060667,0
3024,0,0,1,0,0,1,0,0,0,0,0,0,1,0,0,0,1,0,0,0,-0.7238071753344977,1.2538923433333657,0
3025,0,0,1,0,1,1,1,0,2,0,1,1,0,0,1,0,1,0,2,0,-0.7665070219845654,-0.1606133510030635,1
3026,1,0,1,0,0,0,0,0,1,1,0,1,0,1,0,1,0,1,1,1,-0.9995144423794168,-0.5907594005477128,0
3027,0,0,0,0,1,1,0,0,0,1,1,2,0,0,0,0,2,1,1,1,0.6608214591962325,-0.2751599597980549,1
3028,1,0,1,1,0,1,0,1,1,1,0,0,1,0,0,1,1,2,1,0,2.0912880900092135,2.9884541440919845,1
3029,0,0,1,0,1,0,0,0,1,1,1,1,1,0,0,1,1,1,0,2,-0.9276662773531016,0.04107204205268694,0
3030,0,0,0,0,0,2,0,0,2,2,2,1,0,1,0,0,1,1,0,0,-1.489478071429543,-0.17891919639974552,0
3031,0,0,2,0,0,0,0,0,0,0,0,0,1,0,0,0,1,1,1,1,0.4290094969274161,0.047672061658570436,0
3032,0,0,0,0,1,1,0,0,1,0,1,0,1,0,0,2,0,0,0,0,-1.3091068287539127,-0.2283293036056246,1
3033,0,0,0,0,0,1,0,0,1,1,0,1,0,0,0,0,1,1,1,1,1.3045391108703686,1.521192904554443,0
3034,0,1,1,0,1,2,1,0,1,1,0,0,1,0,0,1,0,2,2,0,1.7471138981411838,1.9745986205403692,1
3035,1,0,0,0,1,1,1,0,1,1,0,0,0,0,0,1,1,2,1,1,0.5888295265447305,0.9181808028552119,1
3036,0,0,1,0,0,1,1,0,0,0,0,0,2,1,0,1,1,1,1,0,-1.29145800375965,-1.1284993799039351,0
3037,1,0,2,0,0,1,0,1,0,2,0,0,1,0,0,1,0,0,0,0,0.12245056393988746,0.6125564693501594,1
3038,0,0,1,0,0,0,0,0,0,1,0,2,0,0,0,2,2,1,0,0,0.7826278366289904,-1.3534794581391556,0
3039,0,0,0,0,0,1,0,0,0,1,1,1,1,0,0,1,2,2,0,2,-1.2673771549712327,0.7118823959271887,1
3040,0,2,0,0,0,2,1,0,2,0,1,0,1,0,0,1,1,0,1,2,0.009353463719739902,0.11638217678461776,0
3041,0,0,1,1,0,2,0,1,1,1,0,0,0,0,0,1,2,1,1,1,-0.4029482098222712,-0.6694745761837901,0
3042,0,2,0,0,0,1,0,0,2,0,1,1,0,0,0,2,1,0,0,0,-1.3033387423646399,-0.017094825762761,0
3043,0,1,1,0,0,2,2,0,1,1,0,0,2,0,0,0,2,1,1,1,0.8871915551122728,1.0255950585063347,0
3044,0,0,0,2,0,2,1,0,1,2,0,0,1,1,0,0,1,1,0,0,-0.6532051532325519,1.1001359342395916,0
3045,0,0,2,0,1,1,1,0,2,1,1,1,0,1,0,1,0,1,0,1,-0.1435115384396995,-0.6561881206302239,0
3046,0,0,0,0,0,2,1,0,2,0,2,1,2,1,0,0,2,0,0,1,0.9671576445791572,-0.6702872183112834,0
3047,0,1,1,0,0,0,2,0,1,1,0,0,1,1,0,0,1,0,1,0,-0.8476460021484387,-0.5594484249755978,1
3048,0,1,0,0,0,0,1,0,2,0,0,0,2,0,0,1,1,2,1,1,-1.0532079568137689,-0.7988866760577567,0
3049,1,1,1,1,0,2,1,0,2,0,0,1,0,0,0,1,1,1,0,1,0.011713765662519951,0.23701486110361686,0
3050,0,0,1,0,1,0,0,0,0,1,0,1,0,1,1,2,0,1,1,1,-0.3882000162069265,2.0213179740674185,0
3051,0,0,0,0,1,1,0,0,2,0,1,0,0,0,0,0,0,0,2,0,0.16575555519368532,0.1846374974935875,1
3052,0,1,1,0,0,1,0,0,0,0,0,1,1,2,0,1,1,1,1,0,0.35458854086306435,1.6338678516875507,1
3053,1,1,1,0,0,2,0,0,2,0,0,0,0,1,1,1,0,1,1,0,1.3423311214061995,0.5341900537079927,0
3054,0,0,1,0,0,1,1,1,2,1,0,1,2,1,0,0,0,0,1,0,-1.1854909726225233,-0.4973301699464907,1
3055,0,1,2,1,0,1,0,0,1,0,1,0,0,2,0,0,1,1,1,0,-0.9028341684265976,-0.8633846952417971,0
3056,0,0,1,0,0,0,1,0,1,1,2,0,0,0,0,0,0,1,2,1,1.7904759890109807,-0.9922164659470735,1
3057,0,0,1,1,0,0,0,1,1,0,2,1,1,0,0,1,0,0,1,1,-0.13313598360066645,-0.7263665456712104,0
3058,0,0,0,0,0,2,2,0,1,1,2,1,0,0,0,2,0,0,2,0,-0.40738089804950034,1.1428527358330074,1
3059,0,0,1,0,0,0,1,0,0,1,1,1,1,0,0,1,1,1,2,0,0.2427568540455638,0.6999668039051901,1
3060,0,1,0,1,0,1,0,2,1,1,0,0,2,0,0,0,1,0,2,1,0.21535154712124233,-0.4663094896591515,1
3061,0,0,0,1,0,1,0,0,0,0,0,0,1,1,0,0,0,1,1,0,-0.06635700401076872,0.43533875100790576,1
3062,0,0,1,0,0,0,0,0,2,1,0,1,0,0,0,0,2,0,0,0,0.11857958190672141,-0.2913689825789162,0
3063,0,0,0,0,0,1,0,0,0,0,0,2,0,0,2,0,1,0,1,0,0.357063036026037,0.04537060986137827,1
3064,0,1,1,0,0,0,0,0,1,0,0,0,1,1,0,0,1,2,1,0,0.20212377939315912,-0.8409683584429599,0
3065,0,0,1,1,1,0,0,0,1,1,1,1,1,1,0,0,0,1,1,1,1.4375578973205634,1.0012437127994955,0
3066,1,0,0,0,0,1,0,0,1,0,1,0,1,1,1,0,1,1,1,0,1.3431404056375211,-0.44355813357285634,0
3067,0,1,1,0,0,1,0,0,0,1,0,0,2,1,1,0,1,2,1,0,0.5809212850393198,1.170788597551181,0
3068,0,0,2,0,0,2,1,0,0,1,0,0,1,1,0,0,0,1,0,1,-1.5408485781080374,0.9135648587335395,0
3069,1,0,0,1,1,1,1,0,0,0,0,0,1,0,0,0,0,1,2,0,0.2729212411659772,-1.3957680868063085,0
3070,0,0,1,0,0,1,0,0,2,0,0,0,1,1,0,2,0,1,1,2,0.7347998006953479,0.30588764642184574,0
3071,0,2,2,0,0,0,0,0,1,0,1,1,0,1,0,1,1,0,2,1,1.4602403948456757,-1.380605489373226,0
3072,1,0,0,0,0,2,0,1,1,2,0,0,0,0,0,0,2,1,0,1,1.822453238955321,1.8238082904239672,0
3073,0,0,1,0,0,1,0,0,0,2,0,1,1,0,0,1,1,1,2,0,-0.35124610956458213,-0.024917885964398978,1
3074,0,1,1,0,0,1,0,0,2,0,1,0,1,0,0,2,1,1,1,1,-2.10256336092834,-1.1633325688916656,0
3075,0,1,1,0,0,2,1,1,0,1,0,1,0,0,2,0,1,0,1,2,-1.1344092694812333,-1.3228594640547735,0
3076,0,0,0,0,0,1,0,0,1,2,0,0,0,1,0,1,1,0,0,0,-0.23825465453067496,0.5403458649675685,0
3077,2,1,0,0,0,1,0,0,2,0,1,0,1,0,0,0,0,2,1,1,1.7461833235110025,-0.98401329243431,0
3078,0,1,1,0,1,0,0,0,2,1,0,0,1,0,0,1,0,1,0,0,-0.31737480127831563,-0.13599085637195543,0
3079,0,1,0,0,1,0,0,0,0,1,0,1,1,0,0,2,1,0,1,1,2.0367450423751317,-0.06398578311115832,0
3080,0,0,0,1,0,0,0,0,2,1,0,0,1,1,0,1,2,0,1,0,-0.7760577994931457,0.7470461431958294,1
3081,0,1,1,0,1,0,0,0,2,1,1,1,1,1,1,0,2,0,0,1,0.9328524289432193,-2.58174097145724,0
3082,1,0,0,0,0,1,1,0,0,1,1,0,1,2,0,2,1,0,1,1,-1.4942602657078716,1.6121485676666392,1
3083,0,0,2,0,0,2,0,0,1,1,0,1,0,0,0,1,1,0,1,1,1.2996327483587977,1.4270241368721686,0
3084,0,0,0,0,0,0,0,0,0,0,0,1,1,0,0,1,0,0,1,0,0.6008076672270106,1.2400957465482536,0
3085,0,0,0,0,1,1,0,0,1,0,0,2,0,2,0,1,0,1,1,1,0.35865272280700994,1.502122922258806,1
3086,0,0,1,1,0,1,0,0,1,1,1,0,0,1,0,1,2,1,1,1,0.910446701202785,0.9734790953973265,0
3087,0,1,2,0,1,0,0,0,1,0,0,2,1,0,0,0,1,0,0,1,0.1840969315710424,-0.24302976365190845,0
3088,0,0,2,0,0,2,0,0,0,0,0,0,0,0,0,1,0,0,1,1,-0.6702823112926828,1.220549297933906,0
3089,0,0,0,0,1,2,0,0,0,0,1,0,1,0,0,0,1,0,1,0,-2.923622874709992,-0.7906394154977188,0
3090,0,0,0,1,1,1,0,0,2,1,0,0,1,1,0,0,1,1,0,0,0.7603958334204116,-1.2822904818182157,0
3091,1,1,1,0,0,2,0,0,2,0,0,1,0,0,1,2,0,0,1,1,0.7555171913456394,-0.502671538118376,0
3092,0,0,1,0,0,1,0,0,0,1,1,0,0,0,0,2,1,0,0,0,-0.7336093207991989,0.4964232840443751,1
3093,0,1,0,0,0,0,1,1,2,0,0,2,1,0,0,0,1,0,0,0,0.4682020687401175,-1.60887397239905,0
3094,0,0,1,0,0,2,0,0,1,1,0,1,1,0,0,1,1,1,1,0,-0.7641129472557314,0.47810849349396967,1
3095,1,1,0,0,0,1,0,0,1,1,0,1,1,1,2,2,1,0,0,1,1.1263506154652565,0.14986952888706662,0
3096,1,0,0,1,0,2,0,0,1,0,0,0,0,0,0,1,2,0,1,2,0.26509741613389676,0.4629911097307975,0
3097,0,0,0,1,0,1,0,1,0,1,1,0,0,0,1,1,1,2,0,0,0.7370484604593025,2.9515149137232126,1
3098,0,1,0,0,0,0,1,0,2,0,1,1,0,0,0,0,1,1,0,1,-0.9360093213849169,-1.0280522300856694,0
3099,0,0,0,1,0,2,0,0,1,0,0,0,0,1,0,0,1,2,1,1,-1.516643185797736,-1.166026776253106,0
3100,0,0,2,0,0,0,1,0,0,1,1,0,1,0,0,2,0,0,0,0,0.25289410163940795,0.4734114873935661,1
3101,1,0,1,0,0,1,0,0,1,1,0,0,2,1,0,0,0,1,2,0,-0.4714441577297855,1.4155949327229707,1
3102,0,0,0,0,0,0,0,0,2,1,0,0,1,0,0,1,2,1,1,0,-0.5949243147676666,-0.6176011532569019,0
3103,0,0,0,0,0,0,1,0,2,0,1,1,1,0,0,0,1,0,1,1,-0.4089747170169753,-2.5279008989689595,0
3104,0,0,1,0,1,1,1,0,0,1,1,2,1,0,1,1,0,0,0,1,-0.525868293907685,-0.28477684200189524,0
3105,0,1,0,0,0,1,0,0,1,0,1,0,1,1,2,1,0,1,0,0,-0.1524741152975284,0.2061537932530168,0
3106,0,1,0,0,0,0,0,0,2,1,0,1,2,0,0,0,0,1,0,1,1.1904314290655744,0.8809225545452799,0
3107,0,1,0,0,0,2,0,1,1,0,0,2,0,1,1,1,0,0,1,2,0.4803852008726493,0.9860751759816875,0
3108,0,1,1,0,0,0,0,0,2,0,0,1,1,1,0,2,0,0,0,0,-1.5690842276565495,-0.3579776260560354,0
3109,1,1,0,0,0,2,0,0,1,0,1,1,1,1,1,1,1,0,1,0,-0.40634117382373675,0.2588188345684357,0
3110,1,1,0,0,1,0,0,0,1,1,0,0,0,1,0,0,1,1,2,1,0.9150687287670232,1.2104944667494666,0
3111,0,2,1,0,0,1,0,0,0,1,1,0,2,0,1,1,1,1,1,0,0.0882542127963457,0.8156428529214137,1
3112,0,0,1,0,0,1,0,1,2,0,0,0,0,0,1,0,0,0,0,1,-0.13036770011048412,-0.2543633948258899,1
3113,0,2,0,0,0,2,0,0,2,0,0,0,0,0,0,1,1,0,1,0,1.4602474914726558,2.3140574113729904,0
3114,0,0,1,0,0,1,0,0,1,0,0,1,1,0,0,1,2,0,2,0,0.26813543891392033,-1.617828562115748,0
3115,0,0,1,0,0,2,0,0,1,1,0,0,1,1,0,1,2,0,1,1,-0.014937520909133185,-0.42956804361761514,0
3116,0,0,1,0,0,1,0,1,2,0,1,0,0,0,0,0,1,0,1,0,-0.4932477184335707,-1.196524148326818,0
3117,0,0,0,0,1,1,0,0,0,2,0,0,0,0,0,1,0,0,1,0,-2.0123515734002444,0.6258909265501572,1
3118,1,1,1,0,0,1,0,1,1,0,1,1,0,0,0,2,0,1,1,2,0.5682836780120979,0.5156739537425761,0
3119,1,0,0,0,0,2,0,0,1,1,0,0,2,0,1,2,1,1,0,1,0.28862306762365086,-0.1558367222406608,1
3120,0,1,2,0,1,1,0,0,1,2,1,0,2,0,0,1,1,0,1,0,-1.3398107035185585,-0.7954412369451082,0
3121,1,0,1,0,1,0,0,0,0,2,0,0,0,0,0,1,0,1,1,1,0.06674703565565644,1.1475379936629577,1
3122,1,1,1,0,0,0,0,0,0,0,0,1,1,0,0,1,2,0,0,0,-0.2760906723121032,-0.5369462391129549,0
3123,1,1,0,0,1,0,0,0,1,0,0,1,1,1,0,0,0,0,1,0,-1.0427229567336995,-1.4796026938916063,1
3124,0,2,0,0,0,1,0,0,0,1,0,2,1,1,0,1,1,2,0,0,-1.1801577239492318,-0.4676732017100208,1
3125,0,1,1,0,0,1,0,0,1,1,0,1,0,0,0,1,1,0,0,1,-1.9361947405830922,-0.26161963244745695,0
3126,0,0,1,0,0,0,0,0,1,1,0,1,1,0,0,2,1,1,1,1,-1.374262127537063,0.6366359520691897,0
3127,0,1,2,0,0,0,0,0,2,0,0,1,1,0,0,2,0,1,1,1,2.0761769053824706,0.524564718943256,0
3128,0,0,0,2,0,0,0,0,1,1,0,1,0,0,0,1,1,0,0,0,0.9447641529972287,2.1338280658781965,1
3129,0,2,1,0,0,0,0,0,1,2,0,0,1,1,0,1,1,1,1,1,-0.2657560964706683,0.8650481911682307,1
3130,0,1,0,1,0,0,0,1,1,1,0,0,0,1,1,2,0,1,0,2,0.14293334393161383,-0.3952167940667092,0
3131,0,1,1,0,0,1,0,0,1,2,1,1,0,0,1,2,1,0,0,0,0.5019404058785448,-0.03186560454311016,1
3132,1,1,1,1,0,2,0,1,0,0,1,1,1,1,0,1,1,0,1,1,-0.5382035996037338,0.1401763892029404,0
3133,1,0,0,0,0,0,0,0,2,0,0,2,1,0,0,0,1,2,1,1,-0.059463477355370165,-0.6692711654213144,0
3134,1,1,1,0,0,0,0,0,2,0,0,0,0,0,0,0,0,0,1,0,-1.1201223505537063,-2.7251617494069897,0
3135,1,0,1,0,0,0,1,0,0,2,0,0,1,0,1,1,2,1,0,1,2.4565447724968337,1.6199066437558511,0
3136,1,0,0,0,0,1,0,0,2,1,0,0,0,1,0,1,2,0,0,1,0.4595845901732996,0.16972803824146876,0
3137,0,0,0,0,0,2,0,1,2,0,0,1,0,0,0,0,0,0,1,0,-0.4283271317519779,-1.3734886036123153,0
3138,0,1,2,0,0,0,0,0,1,0,1,2,0,0,0,2,1,0,1,0,-2.4952810153463862,-0.628339571006934,0
3139,0,1,0,0,1,1,0,0,1,0,2,1,0,1,0,0,1,0,1,2,-0.847512846062507,-2.0874994641042113,0
3140,0,0,0,0,1,2,0,2,2,1,0,0,1,0,1,1,1,0,1,0,-0.3879246748180765,0.34465048072290394,0
3141,0,1,1,0,0,0,0,0,2,0,0,1,0,2,0,1,1,1,1,1,0.2778251438676888,1.1835579714832438,1
3142,0,0,1,0,0,1,0,0,1,1,0,0,2,0,0,1,1,0,1,0,-1.9839572786344541,-0.5608101860600744,1
3143,1,1,0,0,0,1,0,0,1,0,1,0,0,0,0,2,0,0,1,1,-0.42324418492130383,0.21976922396018386,1
3144,0,1,0,0,0,2,0,0,0,1,0,0,0,0,0,0,1,0,1,0,-0.2719890808054394,-0.7871344869753029,0
3145,0,0,0,0,0,0,1,1,2,0,0,1,1,1,0,0,1,1,1,1,2.4515937066497444,0.35915359079481474,0
3146,0,0,1,0,0,1,0,0,1,2,0,0,1,0,1,1,0,0,1,2,-0.26321483351189423,0.05640883091536547,0
3147,0,0,1,0,1,1,0,0,0,0,0,0,1,0,0,1,2,0,1,0,-0.6697042080672002,0.5848118850689894,1
3148,1,0,1,0,0,1,0,0,0,2,0,2,2,0,0,0,1,0,1,1,-0.18997705770059717,-0.37551755826428884,0
3149,0,1,0,0,0,0,0,0,2,0,0,1,1,0,1,1,0,1,2,0,0.4725635575079261,-0.20203599888981755,0
3150,1,0,0,0,0,0,0,2,1,1,2,0,0,0,1,1,1,1,0,1,0.6043348229242138,-0.2273533033513493,0
3151,0,1,1,1,0,0,1,1,0,1,1,0,1,0,1,1,0,0,0,0,-0.6842249467603571,0.48568393892409734,0
3152,1,0,0,0,1,1,0,0,1,1,0,0,0,0,0,1,1,1,1,0,0.17722627949288272,0.9225096093349048,1
3153,0,0,1,0,0,0,0,0,2,1,1,0,1,1,0,0,1,2,0,1,1.2125538720279154,1.1540498204212164,1
3154,0,1,1,1,0,0,0,1,1,1,0,0,1,0,1,0,0,2,1,0,0.9820983491317614,-0.20763343833072517,0
3155,0,0,0,0,0,1,0,0,2,0,1,0,0,0,0,0,0,1,1,0,0.7365480002734243,-0.039780322469239515,0
3156,0,1,1,0,0,1,0,0,1,1,0,1,1,0,0,1,2,1,0,0,0.4307777634358579,0.6032849345024629,0
3157,0,2,1,1,0,1,1,0,1,2,1,0,2,0,0,1,2,0,1,0,-0.3508936581223034,-1.001440743056142,0
3158,0,1,1,1,0,0,0,1,0,0,1,0,0,1,0,1,2,1,0,1,0.09451218396321122,1.204073395803154,0
3159,0,0,1,0,0,2,0,0,2,2,1,0,1,0,0,1,1,0,0,1,1.2555106533786042,-0.6831151430527109,0
3160,0,0,1,1,0,0,0,0,0,2,0,0,1,0,0,1,0,0,0,2,-1.9146611515567447,0.169834617642335,1
3161,0,1,0,0,0,2,0,1,2,1,1,1,0,0,0,0,1,0,1,0,-1.193091419172747,-1.8357015107701695,1
3162,1,0,1,0,0,1,0,0,0,0,1,1,1,1,0,1,0,0,1,1,-0.6155542926804491,-0.763663088452338,0
3163,0,0,1,0,0,2,0,1,0,0,1,1,0,1,1,1,1,0,0,1,0.07182505450308434,0.15333413447946218,0
3164,0,1,1,0,0,0,0,1,1,1,0,0,0,2,0,0,1,0,1,0,0.518481121320332,0.36644646814622206,0
3165,0,0,0,0,0,2,0,0,1,0,0,0,1,0,0,2,1,0,1,1,0.9446691007326167,1.084568153239963,1
3166,0,2,1,0,1,0,0,0,0,1,1,2,1,0,1,1,0,0,1,0,-0.8099582205442546,0.007553885365717439,0
3167,0,1,1,0,0,0,1,0,2,2,0,2,1,1,1,0,2,1,0,1,-0.5453621031944872,-0.03382676643362181,0
3168,0,0,1,0,0,1,0,0,0,1,0,1,0,0,0,0,1,0,2,0,-1.339898136726652,0.3464972028497869,0
3169,0,1,2,0,0,0,0,0,1,0,0,0,0,0,1,0,0,1,2,1,0.3808031874712773,-1.790753436207809,0
3170,0,1,1,0,0,1,0,0,2,0,1,1,1,1,0,1,0,0,1,1,-0.7087593328358335,-0.24828714368792873,0
3171,0,1,0,0,0,1,0,1,2,0,0,1,2,1,0,1,2,1,1,1,0.32486183452998846,-0.1775659336820223,0
3172,0,0,1,0,0,1,0,0,2,0,0,0,0,0,0,1,1,0,2,0,-0.7414848976980909,1.2381707901850547,0
3173,0,0,0,0,0,1,0,0,1,0,0,1,2,1,2,0,1,1,0,0,0.20315563100864553,-0.11302713052413224,0
3174,0,0,1,0,1,0,0,0,0,1,0,0,0,0,1,2,0,0,0,0,-0.033987434048260705,0.8356981360848852,0
3175,0,1,1,0,0,1,1,0,0,0,0,0,1,0,1,1,0,0,0,0,2.5397494737592154,1.513205998387937,0
3176,1,1,0,0,1,0,0,0,2,1,0,1,0,0,0,0,1,1,2,0,0.9016443553061961,-0.38586660373813664,1
3177,1,0,1,0,0,1,1,0,0,0,0,0,0,0,0,0,1,1,0,2,0.7425588925742109,-1.0122559442308454,0
3178,2,0,1,0,0,2,0,0,0,1,1,0,0,2,0,0,1,0,1,2,0.17123313954163052,0.4196463037209008,0
3179,0,0,1,0,0,1,0,0,2,0,1,0,0,1,0,0,1,1,1,1,0.5978720255237312,-0.9832458689451654,1
3180,0,2,0,0,0,2,0,0,2,0,0,0,1,1,0,1,1,1,1,1,0.31717019922624506,0.3628499703417757,0
3181,0,1,0,0,1,0,0,0,1,1,0,1,1,0,0,0,1,0,1,0,-0.1925249230111175,0.5502507017318439,0
3182,0,1,0,0,0,2,1,0,0,2,0,0,1,0,1,0,0,1,1,1,0.7173128251646985,0.657935441514867,0
3183,0,1,1,0,1,2,0,2,1,0,0,1,0,0,0,1,1,0,1,1,0.22040325818101916,1.4973892808112288,0
3184,0,0,0,0,0,0,0,0,1,1,0,0,0,0,0,1,1,0,1,2,0.5066186637756069,1.4125402749760068,1
3185,0,1,0,0,0,0,0,0,2,0,1,2,1,1,0,1,1,0,0,0,-0.18589479193923716,1.412438847399947,0
3186,1,0,0,1,0,1,0,0,1,0,1,0,2,0,0,0,1,1,2,0,0.7458943284661135,-0.20379221812813972,0
3187,1,1,0,0,0,0,0,1,0,2,0,0,0,0,0,0,1,1,1,0,-1.5917738278694926,-1.2887677519401879,0
3188,0,0,0,0,0,0,0,0,2,0,1,1,0,0,0,1,0,0,1,0,1.2374492308936365,-0.7390722856032713,0
3189,0,0,1,0,0,0,0,0,1,2,0,1,0,1,1,1,0,0,0,0,0.1442250500954408,-0.6127952020000214,0
3190,0,1,0,0,0,1,0,0,1,0,0,0,0,1,0,2,0,1,1,1,-0.5774065274463674,-1.6102661766974693,0
3191,0,0,1,1,0,2,0,0,2,1,0,0,1,0,0,1,2,1,1,1,0.40146293503112235,1.3231856400399522,0
3192,0,0,0,1,0,2,0,0,1,1,1,1,0,0,0,2,1,0,1,1,0.08427529758456119,0.859489051682879,0
3193,1,1,2,0,0,2,1,0,2,1,0,2,0,1,0,2,0,2,2,1,-1.8415911867923545,-0.5868956089725303,1
3194,0,0,1,1,0,1,0,0,0,0,1,0,1,0,0,1,1,0,0,0,-0.6243104619905502,-0.9726688754663665,0
3195,0,2,1,0,0,2,0,1,1,0,0,2,1,0,0,0,1,1,1,1,0.20495543160569002,-0.4659801727861017,0
3196,0,1,0,0,0,1,0,0,2,2,0,1,1,0,0,1,0,0,1,0,1.7322515998497086,-0.2424770713810218,1
3197,0,1,1,0,0,1,0,0,1,1,1,0,0,1,0,1,1,0,2,0,-2.1856667207350706,0.5869737219710194,0
3198,0,0,0,1,0,0,0,0,1,0,0,0,1,0,1,0,1,1,2,0,-0.7876364054460933,-0.3974677873538075,0
3199,0,1,0,0,0,1,0,0,0,0,1,1,1,0,0,0,1,0,2,1,-0.1716760167712177,-1.1611097613803576,0
3200,1,1,0,0,1,0,0,0,1,0,0,1,1,0,0,2,2,0,0,0,0.8475925114913468,-0.5501083028702737,0
3201,2,0,0,0,1,2,0,0,1,0,1,1,2,0,0,2,1,2,0,0,0.7923214363681348,-0.0805969648471557,1
3202,1,1,1,1,0,2,2,0,1,1,1,2,0,1,1,0,0,0,0,1,-0.2720284635535567,-0.5560173938789543,0
3203,0,0,0,0,0,1,0,0,1,0,0,2,2,1,0,1,1,1,1,0,1.3245217068857429,-1.1126486605541555,0
3204,0,2,1,0,0,1,0,0,1,1,1,1,0,0,0,0,1,0,1,1,-1.8192508071921718,0.016302737414027213,0
3205,0,1,0,1,0,1,0,0,2,0,1,0,1,1,0,0,2,0,0,0,0.7173803836434972,-2.1485921845482077,1
3206,0,0,0,0,0,2,1,0,0,0,0,1,1,0,0,1,0,0,1,0,-0.43043120193602935,-0.02408773451909902,0
3207,0,0,1,0,0,1,0,0,0,0,0,0,0,0,0,1,0,0,1,1,0.8049421563221809,0.8815381427967859,0
3208,0,0,1,0,0,2,0,0,1,0,0,0,0,1,0,0,0,2,1,1,-0.46815782125041455,-0.09642597618761911,0
3209,0,1,1,0,0,1,1,1,1,1,1,0,0,0,0,0,1,1,0,0,-0.6656068657408517,-2.0389817319637933,0
3210,0,1,1,0,1,0,0,1,1,2,0,1,0,1,1,1,1,1,0,1,-2.043283676866233,-2.6019721528673214,0
3211,0,0,0,0,0,0,0,0,1,0,0,1,1,0,0,2,1,1,1,1,0.26437008130743556,1.895670474405416,0
3212,0,0,1,0,0,1,0,0,2,1,0,0,0,0,1,1,1,0,1,1,1.316417553161555,0.9232159327772568,0
3213,0,1,1,0,0,1,0,1,1,2,0,0,1,0,1,1,0,1,0,0,0.39997076722646024,0.6565359889886562,1
3214,0,0,1,0,0,1,1,1,0,1,0,1,1,0,0,0,2,1,1,0,-1.3650310494908882,-1.3323047708926783,1
3215,0,0,1,2,1,1,0,0,0,1,0,1,1,1,0,0,0,1,2,0,-0.6063891657056575,0.9048465295059945,0
3216,0,1,0,0,0,1,1,1,1,1,0,0,0,1,0,1,0,0,2,1,-0.4286556698800968,0.14311595126668084,0
3217,0,0,1,0,1,0,1,0,2,0,0,0,1,0,1,0,0,0,1,0,-1.2890178831457428,-0.8786193547064873,0
3218,0,1,1,0,0,2,0,0,2,1,0,0,2,0,0,1,2,1,0,0,0.6261861999818104,-0.2283660552846229,0
3219,1,1,2,0,1,0,0,0,1,1,0,0,1,0,0,1,0,0,1,0,-0.8175166752863201,-0.7043366554316434,1
3220,0,1,1,0,0,1,0,1,2,0,0,0,0,0,0,0,1,1,0,1,0.2687865602563219,0.6241060645093568,1
3221,1,1,1,0,0,2,0,0,1,1,0,1,1,1,1,0,0,0,1,1,1.7784954166623286,1.4298334615839372,1
3222,1,0,1,1,1,1,0,0,1,1,0,1,0,1,1,1,2,0,1,0,0.15671368879999148,-1.7946638740551568,0
3223,0,1,1,0,0,1,0,0,1,1,0,1,1,0,1,1,1,0,1,0,0.10190828088808518,1.1119264834582616,1
3224,0,0,2,0,0,0,0,0,0,1,2,1,1,0,1,0,2,0,1,2,0.261037402615588,-0.07263292765886045,0
3225,0,1,1,0,0,2,1,0,0,1,0,0,0,1,0,2,1,2,2,0,-0.1382277758713196,-0.5929491279589163,0
3226,1,1,1,0,0,1,0,0,1,0,1,1,0,0,0,0,0,1,0,1,0.18031897392435728,-0.5388041314360383,0
3227,0,0,0,0,0,1,0,0,0,0,1,0,0,0,0,1,1,0,0,0,-0.8941250276923777,-0.8984599417369292,0
3228,1,1,1,0,0,1,0,1,0,1,0,0,1,0,1,1,1,0,0,0,-0.31661988830058296,-0.7382233656690195,0
3229,0,0,1,0,1,1,0,0,1,0,0,1,0,1,0,2,0,0,1,0,-1.6460700377602544,-0.20713552993967702,0
3230,0,0,1,0,0,1,1,0,1,0,0,2,1,0,0,1,1,0,0,1,-0.03311957504944186,0.22547131111428403,1
3231,0,0,1,0,0,2,0,0,2,1,1,1,1,0,0,0,1,0,2,1,-1.4997652412157665,-0.8753472065919641,1
3232,1,0,0,0,0,1,0,0,0,2,1,1,1,0,0,1,1,0,1,1,0.6247661619906234,-1.4521685163338287,0
3233,0,1,0,0,0,2,0,0,1,1,0,0,1,0,0,1,0,0,0,1,-0.5714499049335069,0.1420900176387233,0
3234,0,1,0,0,1,0,0,0,2,1,2,0,0,1,0,1,0,1,0,1,-0.4988793246137812,-0.862697247390318,0
3235,0,1,1,0,0,1,0,0,0,0,1,1,0,0,0,1,0,0,2,1,-0.2849755656465706,-1.6164437168967378,0
3236,1,1,1,0,1,1,0,0,1,1,0,1,0,0,0,1,0,0,1,0,-0.17294460335135536,0.06357068791447319,0
3237,0,1,2,0,0,2,0,0,1,1,2,0,2,1,0,1,2,1,1,0,0.1277151474835537,0.7544891098466103,0
3238,0,0,1,0,0,0,0,1,2,1,0,1,1,0,0,2,1,0,1,2,-1.963982833039001,0.0614721052078806,1
3239,0,1,0,0,0,1,0,0,1,0,0,0,1,0,0,0,2,0,1,1,-1.0625090313936563,1.0069503294012632,0
3240,0,1,0,0,0,0,0,1,2,2,0,0,1,2,1,0,0,0,1,0,0.14646975410090748,0.38327028797689133,0
3241,0,1,1,0,0,0,0,0,2,1,0,0,1,0,0,1,2,2,1,1,0.07017048332887392,-0.8972767167143177,0
3242,0,1,0,0,0,1,0,2,0,1,1,2,2,0,0,2,2,2,0,0,0.7644787432201423,0.3757932509805338,1
3243,0,0,0,1,0,1,0,1,1,0,0,0,0,0,0,0,1,0,0,0,-0.13519887426026617,0.15813413035452836,1
3244,0,2,1,0,0,0,1,1,1,0,1,0,1,1,0,0,1,1,1,1,0.5876488695493777,0.7767338633793991,0
3245,0,0,0,0,0,1,0,0,2,1,1,0,1,1,0,1,1,1,1,1,-0.29952561473042677,-1.2309018067871806,0
3246,0,2,1,0,0,1,0,0,1,0,0,0,1,1,0,0,1,0,1,2,1.3389236942491478,0.654027521393308,0
3247,1,1,0,0,0,1,0,0,0,2,0,1,0,1,0,0,1,1,0,1,1.1254957926900317,1.3853116783910657,1
3248,1,1,1,0,1,1,0,0,1,0,1,2,0,1,0,0,1,1,1,2,0.21532181740380074,-1.0109501132056844,0
3249,0,1,0,1,0,0,1,1,1,1,0,1,1,0,0,2,0,0,2,0,-0.48196421256166233,-0.0586419983497965,0
3250,0,0,1,0,0,1,0,0,1,0,1,1,0,0,0,1,2,0,1,0,-0.7658183660695093,-0.8230873021915547,0
3251,0,1,0,0,0,2,0,0,1,1,0,1,1,0,0,1,0,1,1,0,1.9493702709045622,0.6736162840325364,1
3252,0,2,1,0,0,2,1,0,2,1,0,0,0,0,0,2,1,0,1,1,0.9721630854845319,-1.2055154428779136,1
3253,0,0,1,0,0,1,0,0,0,0,0,0,1,0,1,1,1,1,0,1,0.991770238569657,0.375840963405777,0
3254,0,0,1,0,0,0,0,1,2,0,2,1,1,1,1,0,0,0,1,0,-0.7285174084671622,-0.3645468041649882,0
3255,0,1,1,0,0,0,0,0,0,0,0,2,1,2,0,0,1,0,1,0,-0.1063095617897604,-0.15060224108873896,0
3256,0,2,0,0,2,1,0,0,2,0,0,2,0,0,1,1,1,0,1,0,0.2839365182896977,0.1971703102407079,0
3257,0,1,0,0,0,1,0,0,0,0,0,0,1,1,0,0,1,0,1,0,0.8869020172157837,-0.00674970600226063,0
3258,0,1,0,0,0,2,1,0,1,2,0,0,1,0,0,2,2,0,1,1,-0.2288513711299692,0.4864412267608441,0
3259,1,1,1,1,0,2,0,0,0,0,0,0,1,0,1,1,1,1,1,2,-0.6200242212762239,-0.4598622226296072,1
3260,0,0,0,0,1,0,1,0,1,2,1,0,0,0,1,0,1,2,1,0,-1.0973898876623596,0.5409516855374196,0
3261,0,0,1,0,1,2,0,0,0,1,0,0,1,1,0,1,0,0,1,0,-0.4228329183890944,0.12122819361674356,0
3262,0,0,1,0,0,2,0,0,1,0,0,0,0,1,0,0,0,1,0,1,-3.252455363960362,-0.20912215015549684,0
3263,0,0,2,0,0,2,0,0,1,1,1,0,0,0,0,1,1,0,0,1,0.7493824287172465,0.8539561516281391,0
3264,1,1,0,0,0,1,1,0,0,1,1,0,0,0,0,0,0,0,1,0,-0.8382235750870168,-2.455177994281807,0
3265,0,0,0,1,0,1,0,0,1,2,0,0,2,0,0,0,0,0,2,1,1.2838096423643708,2.1849386155671757,1
3266,0,1,0,0,0,2,0,0,2,0,1,0,1,0,0,1,0,0,1,0,0.15472181975920454,-1.9622563976743357,1
3267,0,1,1,0,0,0,0,1,1,1,0,0,2,0,0,1,0,1,2,0,-0.21732521915390757,1.3008054304049959,0
3268,0,1,1,0,0,1,0,0,0,1,0,1,1,0,1,0,0,1,0,0,0.12970022540589923,1.2516610319774166,0
3269,0,1,0,0,0,2,1,0,1,0,0,1,0,0,0,1,1,0,1,1,-1.4795943516893832,-0.8888436470321028,0
3270,2,1,0,1,0,1,0,0,1,0,1,0,1,0,0,0,1,0,0,1,0.13273128502207893,0.6951876257342867,0
3271,0,0,0,0,0,1,0,1,2,0,0,1,1,1,1,0,0,2,0,0,-1.4253817413895788,0.13239101618631344,0
3272,1,1,0,0,0,1,0,0,1,0,0,0,0,0,0,1,0,0,1,0,-0.31385273609216496,0.28066160687531255,0
3273,1,0,1,1,0,0,1,0,1,1,1,0,1,0,0,0,0,0,1,0,0.2865738573632532,0.9706513246228203,0
3274,0,1,0,0,0,1,1,1,2,1,1,1,2,2,1,1,1,2,1,1,0.7628239428131283,1.3853902763141444,0
3275,0,1,1,0,0,0,0,0,2,1,0,0,1,0,0,0,1,1,0,1,0.18598467373549835,-0.5757159255202755,0
3276,0,0,0,0,2,0,0,0,0,1,1,2,0,0,0,1,1,1,1,0,-1.0829334884980353,-0.3661445024644836,1
3277,1,1,1,0,1,0,0,1,0,0,1,0,1,0,0,0,1,0,0,0,0.9934607317325449,-0.01870275924262177,0
3278,1,0,1,0,0,0,0,0,1,0,0,0,1,0,1,1,0,1,2,1,0.11218520836025313,1.9857724812896829,1
3279,0,0,0,0,0,0,1,0,1,0,0,1,0,0,1,1,1,1,0,0,-0.6662286296031881,0.17356907982696373,0
3280,1,2,0,0,0,0,0,1,2,1,0,1,0,0,0,1,1,1,1,0,2.4651941061908063,0.6290920698520479,1
3281,0,0,0,0,0,2,0,0,2,1,0,0,1,0,0,2,0,0,1,0,1.6057175354363875,-0.1727803654360096,1
3282,1,1,1,0,1,1,0,0,0,2,1,0,0,0,0,0,1,0,2,0,-0.7291227780144584,1.6253607483964252,0
3283,0,1,1,0,0,0,0,1,1,1,1,0,0,0,0,1,0,0,1,0,-0.798448207132371,-0.868519409629676,0
3284,0,1,0,0,0,0,1,1,0,1,1,1,1,1,2,1,1,1,0,0,0.061136198954252916,0.7664928513867928,0
3285,0,1,0,0,0,1,0,0,1,1,2,1,0,1,0,1,2,0,0,1,-0.8166184452014726,-1.240140863047544,0
3286,0,0,1,0,0,0,0,1,1,1,1,0,0,0,0,2,0,1,1,0,0.6397518819705641,-0.24033379077350148,0
3287,0,2,1,0,1,1,0,0,0,1,0,1,2,0,1,1,0,0,1,1,0.3952297773711114,0.25286176150939094,1
3288,1,1,0,0,0,1,0,0,1,1,0,1,0,0,0,2,1,0,0,1,-1.3866665597833832,0.6766240396054135,1
3289,1,0,1,0,0,1,0,0,2,1,1,1,1,0,1,1,0,0,0,0,-0.8440109212571353,0.9675866202025796,0
3290,0,0,0,0,0,1,0,0,1,2,1,0,1,1,1,0,2,0,1,0,0.8102460241520656,-0.8687703136542064,1
3291,0,0,1,1,0,2,0,0,1,0,0,0,2,2,0,0,0,0,0,1,-0.7010850961094375,-0.43940591723548944,0
3292,0,1,0,0,1,1,0,0,2,1,1,0,0,1,1,0,0,1,0,0,-1.5019852936678904,-1.3079217285452065,0
3293,0,1,1,0,1,1,1,1,1,0,2,0,1,1,0,0,1,1,1,1,0.5558096794029898,-0.4678154195942412,0
3294,0,0,0,0,1,1,0,0,0,0,0,0,0,1,0,0,1,0,1,1,1.3946129201346176,0.34717968240628516,0
3295,0,0,1,0,0,0,2,0,1,0,2,2,0,1,1,1,1,1,1,0,-0.9009613755857907,-0.9946440366330284,0
3296,0,0,2,0,0,1,0,0,1,1,0,0,0,0,0,0,2,0,1,2,-0.13827590460070285,-1.030322457128282,1
3297,0,1,2,0,1,2,0,0,0,1,0,1,0,1,0,0,0,2,1,0,-1.2650702362968886,-1.9449828333047336,1
3298,0,0,1,0,0,0,0,0,1,1,0,1,1,0,0,0,0,0,1,1,-0.821175571641342,-0.14966170190374334,0
3299,0,1,0,0,0,1,0,0,1,0,0,2,0,0,0,2,1,1,0,1,0.11530909206920324,0.9912965445850659,0
3300,0,0,1,0,0,1,0,0,2,0,0,2,1,0,0,2,0,2,0,1,0.21835807294118373,-0.7364334688122567,1
3301,0,0,1,0,0,1,0,0,0,0,0,0,1,0,0,0,1,1,0,0,-0.4514107344766511,-1.3148858378294144,0
3302,0,0,0,0,0,2,0,0,1,1,1,0,1,0,0,1,0,1,1,1,-0.35593127688185555,-1.1107317197774882,1
3303,1,1,0,0,0,0,0,0,0,2,0,1,1,0,0,1,0,1,1,0,1.9903229060435508,0.7890266251565804,1
3304,0,1,0,0,0,0,0,0,0,2,0,1,0,1,0,1,0,2,1,0,-0.04994411722635018,0.676244479397234,0
3305,0,0,0,0,1,0,0,0,1,0,1,0,1,0,0,0,0,1,0,0,-0.9459970196994099,0.3003319740648971,0
3306,0,0,0,0,0,1,0,0,1,1,0,0,0,2,1,1,0,0,0,1,0.08465768700433478,0.9670206851739651,0
3307,0,2,1,0,0,1,0,1,1,0,0,1,0,0,0,1,1,1,1,1,2.0698468444203146,-0.39549611235787885,1
3308,0,0,1,0,0,1,1,0,1,1,1,0,0,0,0,1,1,1,1,1,-0.1309561899245023,-0.3538501891818038,1
3309,0,1,2,0,1,0,0,0,1,1,0,0,2,1,0,1,0,1,1,1,0.9085571596494613,1.3947243481584843,1
3310,0,1,1,0,0,0,0,0,1,2,0,1,1,0,0,2,1,1,1,0,1.8340650681802575,-0.047896768571922044,1
3311,0,0,0,0,0,2,0,0,2,0,1,1,0,1,1,0,1,1,1,2,-1.296636925968472,-0.44512817029778384,0
3312,1,2,1,0,1,0,0,1,1,0,2,1,1,0,0,0,1,1,1,0,0.3721413140156794,0.5401739004481518,1
3313,0,1,1,0,0,0,1,0,0,1,1,1,2,1,1,1,1,2,1,0,-1.3958898666120632,-0.6784699994076533,0
3314,0,0,0,0,0,0,0,0,0,0,1,0,1,1,0,0,0,0,1,2,3.2706861882809437,0.11667807932014984,0
3315,0,1,0,0,0,1,0,0,1,1,0,0,0,1,0,1,0,2,0,1,0.25720064571951357,1.7619546194228621,0
3316,0,0,0,0,0,0,1,1,2,0,1,0,0,0,0,1,1,0,1,1,-1.3719880502256718,-2.2537618406679747,1
3317,0,0,1,0,0,2,1,0,2,0,0,1,1,1,0,1,1,0,1,1,1.4136455692720986,0.1982063170765893,1
3318,0,0,0,0,0,2,0,1,1,0,2,0,1,0,0,1,1,1,1,1,-0.6867138448608239,-1.4144765042330933,0
3319,0,1,0,0,0,1,0,0,0,2,1,1,2,0,0,0,1,0,1,2,0.2978728667908706,-1.5752950982240437,0
3320,1,0,1,0,0,1,0,1,2,2,0,1,2,0,0,2,1,0,1,1,-0.4022371877943879,0.4402953148805888,0
3321,0,0,0,0,0,1,0,1,1,2,0,0,1,0,0,0,0,1,1,0,-1.360430360876577,-0.02272783814883489,0
3322,1,2,1,1,1,0,0,0,1,1,1,0,0,0,0,0,1,0,1,1,2.100168802610503,-0.5260905985580798,0
3323,1,0,0,0,0,2,0,0,2,0,0,1,2,0,0,0,0,1,0,0,-0.912518431083427,0.012546144521963898,1
3324,0,1,0,0,1,1,0,1,0,0,0,0,0,1,0,1,1,1,0,1,-1.3708326369941397,-0.4218927065862914,1
3325,0,0,0,0,1,1,0,0,0,1,0,1,2,1,0,1,1,1,1,2,-2.0327679762767756,0.35157891685122405,0
3326,0,0,0,0,0,0,1,1,0,2,0,0,2,1,1,0,0,0,2,1,0.5161087611547841,1.7103130781948854,1
3327,0,0,1,0,0,1,0,0,1,0,0,0,1,0,1,1,1,1,1,1,0.8442772156588353,0.3277324933442529,1
3328,0,1,0,0,0,0,0,0,0,1,1,1,1,0,0,2,0,0,1,0,0.5042707592098203,0.26232251850477006,0
3329,0,0,1,0,0,1,1,0,1,0,1,0,1,0,0,0,1,0,2,1,0.11064004277653124,0.2355915001227915,1
3330,1,1,1,0,1,0,0,1,2,0,1,1,1,0,0,1,1,0,2,0,0.5462693703994697,0.9029262006245715,0
3331,0,0,0,0,0,1,1,0,1,1,1,1,2,0,0,1,1,1,1,1,-0.3106979174657634,-0.8035733047370855,0
3332,0,0,0,0,0,2,0,1,2,1,1,1,1,0,1,0,1,1,1,0,0.8137884979491534,-1.3080963012475642,0
3333,1,1,0,0,0,0,1,1,1,0,2,2,1,0,0,0,0,0,1,0,-0.6184097390003389,-0.6300946574632638,0
3334,1,0,2,0,1,1,0,0,1,1,1,1,1,1,0,2,1,1,1,1,0.8457363079805497,0.6691195834515924,1
3335,0,0,0,0,0,1,0,0,1,0,0,0,2,0,1,0,1,1,1,2,1.697721822084187,0.571233665619841,0
3336,0,0,2,0,1,1,0,0,2,0,1,1,0,1,0,0,1,1,1,1,-0.4511437614319817,1.692505735936465,0
3337,1,0,0,0,1,2,1,1,1,1,0,0,0,0,0,0,0,1,1,1,-1.531181331195628,-0.07932021603982542,1
3338,0,0,2,0,0,2,0,0,2,1,0,0,1,0,0,1,2,1,1,1,-1.1480703459909232,0.17776997216754353,1
3339,0,1,0,0,0,2,0,0,1,1,1,0,1,0,0,1,0,1,2,1,0.8609866277418675,0.3006407165210623,0
3340,0,1,1,0,1,1,0,0,1,0,1,1,1,0,0,2,0,0,1,0,-1.4678359890947288,-1.5692100495005454,0
3341,0,0,2,0,2,0,0,0,1,0,0,1,1,1,1,2,0,0,1,0,0.50557943074466,1.389424444341095,0
3342,0,1,2,0,1,0,0,0,1,0,0,0,1,0,1,0,2,0,0,0,-0.5659779829561513,0.2227971190604947,0
3343,2,0,0,1,0,1,1,1,1,0,1,0,0,1,0,2,0,0,1,1,0.514323800480595,1.1674611406848177,0
3344,0,2,1,0,0,1,0,0,1,1,0,1,0,0,0,2,1,1,1,1,-0.23534465049460407,-0.006271393798534863,0
3345,0,0,1,0,0,1,0,0,1,1,1,1,0,0,0,0,0,2,0,0,-0.687638582426841,0.947096223730874,1
3346,0,0,0,1,0,0,0,0,1,1,0,2,0,0,1,2,1,0,0,1,2.4887346681083455,2.411075408530522,0
3347,0,1,2,0,1,0,0,0,0,0,1,1,0,0,1,2,0,1,2,0,0.6037367050459518,0.8158984443341506,0
3348,0,2,0,0,1,2,0,0,0,1,0,1,0,1,0,1,0,1,1,0,0.5631444098371917,-0.7569699261348241,1
3349,0,0,0,0,0,1,0,0,1,1,0,1,0,0,0,2,1,0,1,1,-0.6454642973743219,-0.9286137602654656,1
3350,0,0,0,0,0,1,0,1,0,1,1,0,2,0,0,1,1,0,1,2,1.5310838130863105,0.5620091729945398,1
3351,0,0,1,0,0,2,0,0,2,1,2,1,1,0,1,1,0,1,1,1,-0.8942064609870695,0.8255572025440814,1
3352,0,1,1,0,0,2,0,0,1,1,1,1,2,0,1,1,1,2,2,1,-0.2791525151091086,0.23497923169916107,0
3353,0,0,1,0,0,2,0,0,0,1,0,0,2,1,0,1,0,1,2,0,0.8184096463640725,-1.0503943733580232,0
3354,0,0,2,0,0,1,0,0,1,0,0,1,1,1,0,0,1,1,1,0,-0.8170670710009953,-1.0153055696304438,1
3355,0,0,0,0,0,0,1,0,1,0,0,0,0,0,1,1,2,1,2,1,0.37286086653002337,1.330233487517793,0
3356,1,0,1,0,1,0,0,0,2,1,0,0,1,0,1,1,2,0,1,2,-0.06100695671793659,-1.1502430378489097,0
3357,0,0,0,0,1,1,1,0,1,1,0,1,0,0,1,0,1,0,0,0,-0.050641770483636675,-0.1870952881652884,0
3358,0,0,2,0,0,2,0,0,1,0,1,1,1,0,0,2,1,0,1,1,-2.932691667425335,-1.1927929220064875,0
3359,0,1,0,0,0,1,0,1,0,1,0,0,1,1,0,1,1,1,2,1,0.5082931128622625,0.8420443573451071,0
3360,0,1,1,0,0,0,0,0,1,0,1,1,1,0,0,1,2,1,0,1,1.5977035318178108,0.5052246112763157,1
3361,0,0,1,1,0,1,2,0,0,0,0,0,1,0,0,2,0,0,2,0,-0.10853323252779583,-0.011459521152210828,0
3362,0,2,0,0,0,1,0,0,1,1,0,1,1,2,0,1,1,1,1,0,0.2956617235641949,-0.9299602309522045,0
3363,0,2,1,0,0,2,0,0,0,0,0,1,0,0,0,1,1,0,1,1,-1.315386084981692,-1.5113017228554102,0
3364,0,0,1,1,0,1,0,0,1,1,0,1,1,0,0,2,0,1,1,0,1.1355932585226425,0.4443056510652936,0
3365,0,0,1,0,0,1,1,0,1,0,1,1,0,0,0,1,1,0,1,0,0.51654312790868,-1.262967274984513,0
3366,0,1,1,0,1,0,0,0,2,0,0,0,2,0,0,1,1,2,2,1,1.7305758948874896,1.0392891984542127,1
3367,0,0,1,0,0,2,0,0,1,1,0,0,0,0,0,0,0,1,1,0,-2.6786834779474096,-0.738200434854917,1
3368,0,0,2,0,0,1,0,1,0,1,1,0,0,0,0,2,1,1,2,1,-0.7241790995307973,0.1553288100536832,0
3369,1,1,0,0,0,2,0,0,1,0,2,1,1,0,0,1,0,1,1,1,0.23370595679816797,-0.3519935477218064,1
3370,0,0,0,0,1,1,0,2,2,1,1,1,0,0,0,0,1,0,1,0,0.5050552728201683,-1.1285799101384466,0
3371,0,0,0,0,1,1,0,1,1,0,0,0,0,0,0,2,0,1,0,0,-0.9703267055707961,-0.3776187481332693,0
3372,0,0,1,0,0,1,0,0,2,0,0,1,0,0,0,1,1,0,1,2,-0.7191403551550012,0.0945790339401715,0
3373,1,0,1,1,0,1,0,0,1,1,1,0,1,0,0,1,0,0,1,0,-2.0725153082106806,-1.0712958183363495,0
3374,1,0,0,0,1,1,1,0,1,0,1,0,1,1,1,1,0,0,0,0,1.4522355393527742,0.11027715344364808,0
3375,0,0,1,0,0,0,0,0,0,1,0,0,2,0,0,1,1,0,1,0,0.6693762059134041,0.12203021062042405,1
3376,0,1,1,0,0,1,0,0,1,0,0,0,0,0,0,1,2,1,2,0,-1.6593042216519167,-1.032136674304922,0
3377,0,0,0,0,1,2,0,0,1,1,1,0,0,0,0,1,0,1,1,0,0.002418378530753034,-0.7915040582701299,0
3378,0,0,0,0,0,0,0,0,1,1,0,0,0,0,0,1,0,0,1,0,-0.3431489584528975,0.14558902687719025,1
3379,0,0,0,0,0,0,0,1,0,1,1,0,1,0,1,1,1,0,0,0,1.2476677965224945,-1.11891262121853,1
3380,0,1,2,0,0,2,0,0,1,0,0,1,1,0,0,0,1,1,2,0,-0.3196683575867673,0.5793776666061707,0
3381,2,0,1,0,0,2,0,0,0,0,0,1,1,0,1,0,1,0,1,1,-0.04072190171547653,0.30971202795676345,0
3382,0,1,1,0,0,0,0,0,0,0,0,1,1,0,0,0,1,1,0,1,-1.165282362860713,-0.643011710847775,0
3383,0,1,1,0,0,1,0,1,1,1,1,2,0,1,2,0,2,0,2,1,1.603291004726388,-0.07697079709908933,0
3384,0,0,0,0,0,0,1,0,0,1,1,0,0,0,0,0,0,1,1,0,0.6828038249800923,0.8128815384042156,1
3385,0,0,0,0,1,1,0,0,0,1,2,1,0,0,1,2,0,1,0,2,-0.6057176349711378,0.2472487973478545,1
3386,1,1,1,1,0,1,0,0,1,1,0,0,0,0,0,0,1,1,1,1,0.24827349126043702,-0.9121340788793275,0
3387,0,0,1,0,0,1,0,0,0,1,1,1,1,0,0,1,1,1,1,1,-0.5611386666005571,-0.5822177439094378,1
3388,0,0,1,1,0,1,0,1,0,2,0,1,1,0,1,1,0,1,1,0,-0.38782428934890245,-0.3732908629231312,0
3389,0,0,0,0,0,1,0,0,1,2,0,0,1,0,0,2,2,1,0,0,-0.12438441866838995,0.026687170449633313,0
3390,0,1,0,1,1,1,0,1,1,0,0,0,0,0,1,0,1,2,0,1,1.131304990389308,-0.11893854120560499,0
3391,0,0,0,1,0,0,0,1,2,0,1,1,1,0,0,2,1,1,0,1,1.255383961586471,-0.2569386891934986,0
3392,0,0,0,0,0,1,0,0,1,1,0,0,1,0,0,0,0,1,0,0,-0.7555229319981229,-0.08248674983975507,0
3393,0,1,0,0,0,0,0,0,0,1,0,0,1,0,1,2,0,0,1,0,1.396941873750123,0.9063886514505679,0
3394,0,0,0,0,1,1,0,1,0,1,0,1,0,0,0,0,1,0,1,1,-1.0051328922920248,-0.7819775251249536,1
3395,0,1,0,0,0,1,0,0,1,1,0,0,1,0,0,0,1,0,2,0,-0.1237904117206455,1.0520161274784894,0
3396,1,1,0,0,1,1,0,0,0,0,1,1,0,0,0,0,1,0,2,1,0.3621005425186358,-0.5039786484261615,0
3397,0,0,0,0,0,0,0,0,1,0,1,1,1,0,0,0,1,1,1,0,0.05686959369409602,-1.2347832165053214,1
3398,0,1,0,1,0,1,0,0,0,2,0,1,1,0,0,2,1,0,0,2,-0.06267194917810294,-0.6508994574041681,0
3399,0,0,1,0,0,1,0,0,1,1,1,0,1,1,0,1,0,1,1,0,1.2620087813925964,0.25726171492494637,0
3400,0,0,1,0,0,2,0,1,0,0,1,0,0,0,0,0,1,1,0,1,-0.26714701281519027,-0.9572663285826506,0
3401,0,0,0,0,1,0,0,0,1,2,1,0,0,0,0,1,0,1,0,0,1.7641144532838688,1.0502625183184542,1
3402,0,0,1,0,0,1,0,0,1,0,0,0,0,1,0,2,0,0,0,1,0.6182038932693713,1.9791275975018991,0
3403,0,0,1,0,1,0,0,0,0,2,0,0,0,0,0,2,1,1,2,2,-1.0435543265983735,0.33967209695206324,0
3404,0,1,0,0,1,0,1,0,1,0,2,0,1,0,0,2,0,0,1,0,-0.3837653346075496,-0.8136848910445914,1
3405,1,1,0,0,0,1,1,0,0,0,0,0,1,1,0,1,0,0,0,1,0.04493504035175971,-0.2651214036025755,0
3406,1,1,0,0,1,0,0,0,1,0,0,1,0,0,1,0,0,1,1,1,0.6458607414468811,-0.6970485786206403,1
3407,0,1,0,0,0,1,0,0,0,0,0,0,0,0,0,1,1,1,2,0,1.7980364362980892,1.6643302637726252,1
3408,0,1,1,0,0,0,0,0,1,1,1,0,1,0,0,2,1,0,1,0,0.24331988241412625,0.953641675542536,0
3409,1,0,1,0,0,2,0,0,1,0,0,0,0,0,0,0,1,1,0,0,0.9420937484262968,0.44462800342329545,0
3410,1,1,1,0,0,1,0,0,0,1,0,1,1,1,0,0,0,0,0,0,1.1906278207436978,-0.3048366827050494,0
3411,0,0,1,0,0,0,0,0,1,0,1,2,0,1,0,0,2,1,0,1,1.3472975215575203,-0.5029910632199526,1
3412,0,0,2,1,0,1,0,0,0,2,1,1,1,0,0,1,1,1,0,0,-0.31308231319555735,-0.4217527145021024,0
3413,0,0,1,0,0,2,0,1,2,0,0,1,0,0,1,0,0,0,0,1,0.38312868977939835,-0.45041181203100566,1
3414,0,1,0,1,0,2,0,1,2,1,0,0,0,0,0,0,0,1,2,0,0.8431042913846367,0.523319871577242,1
3415,2,1,1,1,0,1,0,0,0,1,1,1,0,0,0,1,0,0,1,0,-1.5368273510398887,-0.6932413710012317,0
3416,0,1,1,0,0,1,0,0,1,1,1,0,0,1,0,1,0,1,1,1,1.087627335467065,-0.18692635012797554,0
3417,1,2,0,0,0,1,1,0,0,1,0,1,1,0,0,1,2,0,0,0,-0.3025812504124367,-1.056462580097655,0
3418,1,1,1,0,0,1,0,0,0,0,0,1,0,0,0,1,0,1,1,0,0.6712434502784482,0.6353931455735204,1
3419,0,0,2,0,0,2,0,0,0,0,0,0,1,0,0,1,0,2,2,1,-0.916243338886473,0.14917183431194872,0
3420,0,1,0,0,1,2,0,0,0,0,0,0,1,0,0,1,0,1,0,1,0.47201425392190793,1.01592671187633,1
3421,1,0,0,0,0,1,0,0,2,2,1,0,1,0,0,0,0,0,0,1,-1.0752391419310023,-1.0863507417286484,0
3422,1,1,1,0,0,0,0,0,2,0,0,1,0,0,0,1,1,0,2,0,-1.5445367110656052,-0.5992912203739329,1
3423,1,0,1,0,1,0,0,0,1,1,1,0,0,1,0,1,1,1,2,1,-1.4678802285374248,-1.3593675219711607,1
3424,0,1,1,0,1,0,0,0,0,0,0,0,0,0,1,0,2,0,1,0,-0.8136729370584175,-1.2663574138805875,0
3425,0,1,0,1,0,2,0,1,1,0,0,0,1,0,0,0,1,0,1,0,-0.05371936439706686,0.5446847242335608,1
3426,0,1,0,0,0,1,1,0,2,1,1,2,1,0,0,2,1,0,1,1,-0.6912832152156841,0.43662779489747827,1
3427,0,0,1,0,0,2,0,0,0,1,0,1,0,1,0,0,2,1,0,1,-0.9895619726479755,-0.26786713987427957,0
3428,1,0,1,0,0,0,0,1,0,0,0,1,0,0,0,0,1,1,0,0,0.036851881397898904,0.7545085099084853,0
3429,0,1,1,0,0,1,0,0,1,0,1,2,1,0,0,1,0,0,0,1,-0.9017708965087858,-0.11262461118753908,0
3430,0,0,2,0,0,0,1,0,1,0,1,1,2,0,0,1,0,0,0,1,-0.3448616194765609,0.06839781005590156,0
3431,0,0,1,0,0,0,0,0,0,1,0,0,1,1,0,1,0,0,0,1,-0.16093642362710003,-1.3981573489439203,0
3432,0,0,1,0,0,1,0,1,2,0,1,1,0,0,0,0,0,0,0,1,0.20118804732503517,0.1930554938651666,0
3433,0,0,1,0,0,0,0,0,0,1,0,1,0,0,0,2,0,1,2,2,-0.7585089249979123,1.2170452474316418,1
3434,0,0,2,1,0,0,0,0,1,1,0,0,2,1,1,0,1,0,1,0,-1.5456315158388687,-1.2270546899408021,0
3435,0,1,0,0,0,1,0,1,1,0,0,1,1,0,1,1,1,2,0,1,-0.9866438561134584,-0.7247979951058363,0
3436,1,1,0,0,0,2,0,0,1,1,0,0,1,0,0,0,1,0,0,2,-0.39047703227099323,-0.8005078583888516,1
3437,1,0,1,0,0,2,0,2,0,0,1,2,0,0,0,1,1,1,1,1,0.21109431533870573,-0.8638408507742477,0
3438,0,0,0,0,0,0,1,0,2,0,0,0,1,0,0,1,0,0,1,1,0.3555723672209098,-1.3596958709387688,0
3439,0,1,0,0,0,1,0,0,1,1,0,0,0,0,0,0,1,1,1,0,0.2787271963691083,-0.5808969540019274,0
3440,1,0,0,0,0,0,0,0,1,0,0,0,1,1,0,0,1,0,1,1,0.33805660156267847,1.251789633077605,1
3441,0,0,0,0,2,1,0,0,1,1,1,1,0,0,1,2,1,1,1,0,-1.9589247407729813,-0.03826481682464877,0
3442,0,1,1,0,1,1,0,1,2,1,1,2,2,1,0,0,2,0,1,0,-0.4471126772187469,-1.3957076174489442,0
3443,1,1,0,0,0,1,0,0,1,1,1,1,1,0,0,1,2,1,1,1,-1.257910535330223,0.20662183203663254,0
3444,2,1,1,0,0,1,0,0,1,1,0,0,1,0,0,2,0,0,1,1,-0.5612189363612499,0.5727412145744365,0
3445,0,1,0,0,0,2,0,1,1,1,0,1,0,0,0,0,1,0,1,0,0.021107345798796553,-0.1207548330569489,0
3446,1,0,0,0,0,0,1,0,2,0,2,0,1,1,1,0,0,0,2,0,0.6224786649713003,-0.7329879101041421,0
3447,0,0,1,0,0,1,0,0,1,2,0,1,2,1,0,1,0,1,1,2,0.8805959537958228,1.029055301173156,0
3448,0,0,0,0,0,0,0,0,1,1,0,0,1,0,1,0,1,1,0,1,1.501955803450738,2.174699033727505,0
3449,0,1,2,0,0,1,0,0,1,0,0,0,1,0,0,1,0,0,2,0,-0.18819152910866685,0.5492432459686971,0
3450,0,0,0,1,0,1,1,1,1,0,1,1,1,0,0,1,1,1,1,1,-0.5078248716691685,-0.8212423207774336,0
3451,0,2,0,0,0,1,0,0,1,0,0,1,1,1,0,1,1,0,1,0,-1.3667859401798854,0.13235437284785512,0
3452,1,0,0,0,1,2,0,0,2,1,0,0,0,0,0,0,1,1,0,1,1.7601416618736598,0.5190703301292787,1
3453,1,1,1,0,1,0,0,0,1,0,0,2,0,1,0,2,1,0,0,0,-1.7073170889230778,-0.7182742247483266,0
3454,0,1,0,0,0,0,1,0,2,0,1,0,0,1,0,0,0,0,2,0,1.5914713116203802,0.4656439869912197,0
3455,0,0,1,0,0,2,0,0,2,0,1,1,0,0,1,1,0,0,1,0,0.3882697862267546,-0.538485083555213,0
3456,0,0,0,0,0,0,0,1,1,1,0,1,2,1,0,0,2,0,1,1,1.2868695182179746,0.4257827652934365,0
3457,0,0,0,0,0,1,0,0,1,1,1,0,1,2,0,1,1,0,2,0,-0.5954331752548493,0.25114663431632384,0
3458,0,0,1,0,0,0,0,0,2,0,0,0,0,1,0,2,0,0,1,1,0.10215488527472266,0.899197179473335,0
3459,0,2,0,0,0,1,0,0,1,0,0,0,0,0,0,1,2,1,2,0,0.3787433421992573,-0.007737576074309017,1
3460,1,0,0,0,0,1,0,1,2,0,1,2,1,0,0,0,0,2,0,0,1.580271372909076,0.21708315983129953,0
3461,0,1,0,0,1,0,0,0,1,0,1,0,0,0,0,2,0,1,1,0,-0.6277510285025044,-0.29959389708622614,1
3462,0,1,0,0,0,1,0,2,0,0,1,0,1,0,0,1,0,0,1,2,2.0383248256718773,1.159106711736373,0
3463,0,1,0,1,1,2,0,1,1,1,0,1,1,0,0,0,1,0,1,0,-1.2845877345417522,-0.6689954599900956,1
3464,0,1,1,0,0,0,0,0,0,1,0,1,0,1,0,1,0,1,1,1,-1.3994263988991897,-0.7816094972812568,0
3465,0,0,1,0,0,2,0,0,0,0,1,1,0,0,0,1,1,1,1,0,0.8997020857073402,-1.7313086979836163,1
3466,0,0,1,0,0,1,0,0,2,0,0,1,1,1,1,0,2,1,0,1,-0.660746204920642,0.470666870825761,1
3467,0,1,2,0,0,1,0,1,0,0,0,1,0,0,0,1,0,0,2,0,0.43995919581928983,0.8647338229149866,0
3468,1,1,1,0,1,0,0,0,1,0,0,1,1,0,0,2,0,0,0,0,2.0861888654343015,-0.02532227268532994,1
3469,0,0,0,0,0,2,0,0,2,1,0,0,1,0,1,2,0,0,0,1,2.4238569401303227,2.2232095613645466,1
3470,0,1,1,0,0,1,0,0,1,0,0,1,2,1,0,1,1,1,1,0,-0.9687639719560924,-0.24240340717951125,0
3471,1,1,0,0,1,0,0,0,2,0,1,0,1,1,0,1,0,2,0,0,-1.1792514448687157,-0.4309023349510372,0
3472,0,0,1,0,0,1,0,0,2,0,0,0,0,1,0,1,0,1,1,2,1.524530620135914,1.2681562084650184,0
3473,1,1,1,1,0,2,0,0,0,0,1,0,1,0,0,0,2,0,2,0,-0.9611902565367492,0.3537279269175665,0
3474,0,1,2,0,0,1,0,0,1,0,0,0,0,1,1,0,0,1,0,0,-0.9943289828894181,0.4875820948043227,0
3475,0,1,1,1,1,0,1,0,2,1,0,1,0,1,0,2,0,0,2,0,-0.4033269953258431,-0.00897614912114264,1
3476,0,1,0,0,1,1,0,0,2,0,0,0,0,0,1,0,1,1,0,1,-0.309067261532328,0.27623347934593634,0
3477,1,1,2,0,0,1,1,0,1,2,0,0,1,0,0,0,0,0,1,1,-2.379110840201304,-0.16950515189018878,0
3478,0,0,2,0,0,1,0,1,1,1,1,0,0,1,0,1,1,0,0,0,-0.5876475754102549,0.7720832413038612,1
3479,0,0,2,0,1,1,0,1,2,1,1,1,0,0,0,0,1,1,0,1,-3.0181750942450565,-1.818656328864863,0
3480,0,0,0,0,0,1,1,1,1,2,0,1,0,0,0,1,2,0,0,1,0.34515479573510677,0.24003899165361658,0
3481,0,0,1,0,0,1,0,1,1,2,0,2,1,0,0,1,0,1,0,0,0.06354034014913913,-0.7051379050697028,0
3482,0,0,0,0,0,1,0,0,1,2,0,0,1,0,1,1,1,1,1,2,-0.1909815120763221,0.41248616976129715,1
3483,0,1,0,0,0,2,0,0,1,1,1,0,0,0,0,1,1,2,1,1,0.44495386072984694,-0.8407784207729712,0
3484,0,0,1,0,0,0,0,1,0,2,0,0,1,0,1,1,0,0,1,0,0.3353483591969087,1.2826739047874758,1
3485,0,1,1,0,1,1,1,0,1,0,0,0,0,0,0,2,1,1,1,0,-1.33971932534974,-0.34188881393564236,1
3486,1,1,1,0,0,0,0,0,0,0,0,1,1,0,1,1,1,0,1,0,-0.9387696048916049,0.04533349078244908,0
3487,0,2,0,0,0,1,0,1,2,1,1,1,2,0,0,2,0,0,1,1,-0.4967283330272387,-0.959010254757477,1
3488,0,1,1,0,0,1,0,0,2,2,0,1,0,0,0,1,1,0,1,0,-0.3326206743010037,-0.5500411030550856,0
3489,1,1,0,0,0,0,0,1,1,0,1,1,0,0,1,0,1,0,1,0,0.21832335315524581,-1.0919578959067566,0
3490,1,0,2,0,0,0,1,0,1,2,1,1,1,0,0,1,1,2,1,0,-0.3948254152053429,0.9647260662030318,0
3491,0,0,1,0,0,1,0,1,1,1,1,0,1,0,0,1,1,1,1,1,-1.7983578068709833,0.4862647579424617,1
3492,0,0,2,0,0,2,0,1,1,0,0,1,1,0,0,2,0,0,2,2,0.25088272960938757,0.5609440914308185,0
3493,0,1,0,0,0,1,0,0,1,2,0,0,1,0,0,1,0,0,0,1,-1.0281386680117999,-0.8654368612865335,0
3494,1,1,1,0,0,1,0,0,1,1,0,0,1,1,1,0,1,1,1,1,-0.4532417398954929,0.2395008252919723,0
3495,0,0,0,0,0,0,0,0,1,1,0,1,2,0,0,1,2,0,1,1,0.012030089215224072,0.6485863460079757,0
3496,1,0,2,0,0,0,0,0,0,0,1,1,0,0,1,1,2,2,0,1,1.7983873259302792,1.3708478592490771,1
3497,0,0,2,0,0,1,0,0,0,1,2,2,0,1,0,0,2,1,1,1,-1.1169521902261301,-0.7532731948424694,0
3498,0,0,0,0,1,1,0,0,0,1,1,0,1,0,0,1,1,1,0,0,-0.40683047302201314,0.15201528877584902,0
3499,0,0,0,0,0,0,0,0,1,2,0,1,0,0,0,0,2,1,2,0,-0.018583007115774375,-0.7182486814793319,1
3500,1,0,0,0,0,2,0,1,2,0,0,2,0,0,0,0,0,2,0,1,1.2587492386585282,1.278775221006224,0
3501,0,1,0,0,0,2,0,0,2,0,0,0,1,0,0,1,0,0,0,0,1.6915417760144815,1.2656631388982063,0
3502,1,1,2,0,0,1,0,1,1,1,0,0,2,0,0,1,1,0,0,0,0.24489726191587682,-1.3489327178618102,0
3503,0,0,0,0,0,1,0,0,2,1,0,0,1,0,0,0,0,1,0,0,-0.870029903122117,-1.100275093877765,0
3504,1,0,1,0,0,2,0,0,2,1,0,0,0,2,0,1,1,1,0,1,0.5471372614441369,1.7792941669440294,0
3505,0,0,0,0,0,2,0,0,2,0,1,0,1,0,0,0,2,1,0,1,-0.5362150167185965,0.27550395649211845,1
3506,0,1,0,0,0,1,0,0,1,0,1,0,1,0,0,2,0,0,2,0,0.8416317405802832,1.3938395827140784,1
3507,0,0,1,0,1,0,0,0,1,0,1,1,1,1,0,1,1,0,0,1,-1.7114254723880555,-1.2910257291560505,0
3508,0,0,2,0,0,2,0,0,0,0,1,0,1,1,0,2,1,1,0,0,1.821096640551537,2.430601583524864,1
3509,1,0,0,1,0,1,0,0,1,0,0,1,0,1,0,2,1,0,0,0,0.5112453132324919,0.07596561621806186,1
3510,0,0,2,0,0,1,0,0,0,1,0,0,0,0,0,1,0,0,1,0,0.7057737405320623,-0.5585007028459877,0
3511,0,1,0,0,2,1,0,1,2,1,0,0,1,0,0,0,0,0,1,0,0.5585435579222857,-1.0017753071348232,0
3512,0,1,0,0,1,1,0,0,0,0,0,1,1,1,0,2,1,0,2,0,-0.23380262096588333,1.3157701683277239,0
3513,1,0,1,0,0,2,0,0,1,1,0,0,2,1,0,1,0,0,1,0,0.4719261668907843,0.8025416591141779,0
3514,0,0,1,0,1,1,0,0,2,0,1,1,2,0,1,1,0,0,1,0,0.692912863792758,0.48464878832039493,1
3515,0,0,0,0,0,1,1,0,1,0,1,1,1,0,0,0,0,1,0,0,-0.9012190293753237,-2.0681844280563686,0
3516,0,0,0,0,0,1,0,0,0,0,1,0,0,0,0,0,1,0,0,0,-0.5333910903654657,-0.062447023158720305,1
3517,1,1,0,0,0,2,0,0,1,0,1,0,1,0,0,1,1,2,2,1,1.4009036330695415,1.1107313689672411,1
3518,0,0,0,0,0,1,1,0,0,2,1,0,0,0,0,0,1,1,1,0,0.7865005223243496,-1.182136316618453,0
3519,0,1,0,1,0,2,1,0,1,1,0,1,1,0,0,1,0,0,0,0,-2.085538423473298,-0.9040443080618437,0
3520,0,1,1,0,2,1,0,0,0,1,0,1,0,0,0,1,0,0,0,1,-1.00124580998442,-1.275363642483025,0
3521,0,0,1,0,1,2,0,0,1,2,0,0,2,1,0,0,0,0,1,1,-1.0979131332526009,1.173559186166357,0
3522,0,1,2,0,0,1,0,0,0,1,0,0,2,0,1,2,1,0,0,1,0.3027190784620794,0.3941770901091607,1
3523,0,0,0,0,0,0,0,0,0,0,1,0,1,1,0,1,2,0,1,0,-1.3367156343424733,-0.15685264718836067,0
3524,1,1,0,0,1,0,0,0,1,1,1,0,1,0,0,2,0,0,1,0,0.39769058770552035,-0.6125852792848945,0
3525,0,0,0,0,0,2,2,0,0,1,0,0,1,0,0,1,1,1,1,0,0.22207029354125338,1.1430508888388247,1
3526,0,2,1,0,0,0,0,0,0,1,1,1,2,0,0,0,0,0,1,0,-0.8450610748634362,-1.4896662216060212,0
3527,0,0,0,0,1,1,0,0,1,0,0,0,1,1,1,1,1,1,1,0,-0.26511311312359465,0.055740059735030156,1
3528,0,2,0,0,1,1,1,0,2,2,0,0,1,0,0,2,0,0,0,1,-0.6202911399865751,-0.6702672998917051,0
3529,0,1,1,1,0,0,0,1,0,1,1,0,1,0,1,2,1,1,2,0,0.6173021919845099,0.9423809059015384,0
3530,0,1,0,0,0,2,0,0,0,1,1,1,1,1,0,1,2,0,0,2,-0.4871602500499507,0.5459492727100925,1
3531,0,0,0,0,0,0,0,0,0,2,0,0,1,0,0,1,2,0,0,0,1.1533141627365573,-0.10535480087809934,0
3532,0,1,0,0,0,1,0,0,1,0,2,0,0,1,0,2,2,1,0,1,-0.46972945333146726,1.6120731196083453,0
3533,0,0,1,1,0,2,0,0,1,1,1,1,0,1,0,0,0,1,0,0,-0.2633100555997807,-1.1944659006325669,1
3534,0,0,2,0,0,0,0,0,1,1,0,0,2,0,0,0,0,1,1,0,-0.8550946988667506,-1.4674820838876244,1
3535,1,1,1,0,0,2,0,0,1,2,1,1,1,0,0,1,0,0,2,1,-1.2113820483242244,-0.29978815282859844,1
3536,0,1,0,0,0,2,0,0,1,0,0,1,0,0,0,0,0,0,1,0,0.1821007727129269,-1.8991180462425772,1
3537,0,0,1,0,0,1,0,0,1,0,1,0,0,0,0,2,0,0,0,0,1.8493658503258728,1.4617389025503007,1
3538,0,1,0,0,0,2,0,0,2,0,0,1,2,0,0,1,0,0,1,0,-1.1142835734634253,-2.0308881248604145,0
3539,0,1,0,0,0,0,0,0,0,0,1,1,2,0,0,1,1,0,0,1,-0.5230575900302105,-0.7681549763431347,0
3540,0,0,0,0,1,2,0,0,1,1,0,0,1,0,0,1,2,1,1,1,-1.342325817710699,1.5110721223920531,0
3541,1,1,1,0,0,1,0,0,2,0,0,2,0,1,1,0,0,1,1,0,-1.0135189867403172,0.5939044702332877,0
3542,0,0,0,0,1,1,0,0,0,0,0,0,1,1,0,1,2,0,0,1,-0.5284384684829491,0.9260981368597494,1
3543,0,0,0,0,0,0,1,0,0,0,0,1,1,1,0,0,2,1,2,0,0.8695464588234064,0.16367977552228247,0
3544,0,0,1,0,0,2,0,0,0,1,0,1,1,0,1,1,1,0,0,0,1.195546230633021,1.6678696554568484,0
3545,0,2,0,0,0,2,0,0,0,1,2,1,0,0,0,1,0,1,0,1,-0.9165297557249965,0.4352318389202994,1
3546,1,0,2,0,0,1,0,0,1,0,1,0,1,0,0,0,1,0,0,0,0.0868356805513542,-0.2984932903492974,0
3547,0,0,0,0,0,1,0,0,1,1,0,1,2,1,1,0,0,0,0,1,-1.8081195366703455,-1.0367943942187212,1
3548,1,1,1,0,0,1,0,0,2,2,1,0,0,0,0,2,0,0,1,0,-0.6869888236100202,-1.2708957558225478,0
3549,0,1,0,0,1,0,1,0,2,1,1,0,1,1,0,2,0,0,1,0,0.04544845549247701,-0.3366903734241327,0
3550,0,0,0,0,0,1,0,0,2,1,0,0,2,0,0,0,0,0,1,1,0.13720920461968195,-0.5453888111747675,0
3551,0,0,1,0,0,1,0,0,2,0,0,0,0,1,0,0,1,0,1,1,-0.10593915823553864,-0.31255861268115864,1
3552,0,1,1,0,0,0,0,0,1,1,1,1,1,0,0,1,0,0,0,0,0.007840112580277718,-0.8422651776502956,0
3553,0,0,1,0,0,1,0,0,1,0,0,2,1,0,0,1,1,0,1,1,0.20034792057761938,0.7670858978253506,0
3554,0,0,0,0,0,2,0,0,0,0,0,1,1,0,0,2,1,0,0,0,-0.07136412967321402,-1.2689159460067687,0
3555,0,1,0,0,0,1,0,0,1,1,0,0,0,1,0,0,1,0,0,1,1.4722296221863977,1.7455292726464657,0
3556,0,1,0,0,1,1,0,1,1,1,0,1,0,0,1,0,2,1,1,0,-1.2461061810957597,-1.1029705880836025,0
3557,0,0,0,0,1,0,0,0,1,0,0,0,2,0,0,1,1,2,1,0,-0.0027189011927453745,-2.127782134178485,0
3558,0,0,1,0,0,1,0,1,1,2,0,0,1,0,0,1,0,0,1,0,0.986247034446756,1.7071038797881517,1
3559,0,0,0,0,0,1,1,0,2,0,0,0,0,0,0,2,1,0,1,1,0.03717490477437397,1.1562489423966325,0
3560,0,0,2,0,0,1,0,0,1,1,1,1,0,1,0,1,0,1,0,1,-0.6958673845053001,-1.2351132933873097,0
3561,1,0,0,0,0,1,0,0,1,1,0,0,0,1,0,0,2,0,0,0,0.17834885640344514,0.26641767805926375,0
3562,0,1,0,1,0,0,0,0,2,0,0,0,0,0,0,1,0,0,1,0,0.6259224227732555,0.004860083786515368,0
3563,0,0,0,0,0,1,0,0,0,1,1,0,1,0,0,1,1,0,1,2,-1.1700697215726052,-1.7428353676054318,0
3564,0,0,1,0,0,2,0,0,1,1,1,1,0,0,1,1,1,0,1,0,-1.006061888253969,-0.3752073328639736,0
3565,0,0,0,0,1,2,0,0,1,1,0,0,2,0,0,0,1,2,1,1,-0.44853192602098685,0.4700754417633859,0
3566,1,0,2,0,0,1,1,0,1,0,1,1,1,1,0,1,1,1,1,0,-0.18336461706868204,-0.21291159922387998,1
3567,0,0,0,1,0,2,0,1,1,2,2,2,0,0,0,1,0,2,0,2,0.2113509256612658,0.7582026501746586,0
3568,0,2,0,0,0,1,0,0,1,0,0,1,1,0,1,0,0,0,1,1,-0.6116919636756045,-1.0698277159390355,0
3569,0,0,0,0,0,1,0,0,1,2,1,0,1,0,0,0,0,2,2,0,-0.10829548263956856,-0.17896735566815258,0
3570,0,0,1,0,0,2,1,0,2,1,0,0,2,1,0,1,2,0,2,0,-0.7266178232225586,-1.0752517189016393,0
3571,0,0,0,0,0,2,0,0,2,1,0,0,0,0,1,1,1,1,0,0,0.6583054534954094,0.8021301971051634,1
3572,1,0,1,0,0,1,1,1,2,0,0,0,1,0,0,1,2,0,2,0,-1.6511925026366572,0.98740142998128,0
3573,1,2,0,0,1,2,1,0,1,1,0,1,0,0,0,0,0,0,1,2,-1.6339093502086535,-0.8311820381585203,0
3574,0,0,1,0,0,2,1,0,1,1,0,0,1,0,0,0,1,2,2,0,-1.7054639382494314,-1.5425201054864757,0
3575,0,0,1,0,0,0,0,0,2,0,0,0,1,1,0,1,1,0,0,2,1.9998796581814324,2.0957205909526904,1
3576,0,1,1,0,0,2,0,0,1,0,1,1,0,0,0,1,1,0,1,1,1.88129718330178,-0.9114652583314706,0
3577,0,0,0,0,0,1,0,0,0,2,0,1,1,0,0,1,0,0,1,0,0.859663466636334,0.6479931479893366,0
3578,1,0,2,1,1,2,1,0,1,1,0,0,1,1,0,0,0,1,1,1,-0.5851402034361991,1.5536222597394798,1
3579,1,1,0,0,0,0,0,0,0,0,0,0,1,0,0,1,1,0,1,0,0.11859062620826269,0.323813348971023,1
3580,0,0,1,0,0,1,0,0,0,0,2,0,0,0,0,1,1,0,1,0,-0.3660568650092448,-0.17561701904210003,0
3581,0,1,0,0,0,0,0,0,1,2,0,0,0,1,0,0,1,2,0,1,-0.5681516794125058,0.8067162688194176,0
3582,0,1,1,0,0,0,0,0,2,1,0,2,2,0,0,0,1,0,2,1,-1.147463918285747,0.5034999211337273,0
3583,0,0,1,0,0,1,0,0,0,2,0,0,0,1,0,0,1,0,1,0,-0.7161475592496254,-0.9971859968817234,0
3584,1,0,0,0,0,0,0,0,0,1,0,0,0,0,0,1,0,0,0,0,0.4305966362660225,-0.6530902123677098,0
3585,0,0,2,1,1,2,0,0,0,0,1,0,1,0,0,2,1,0,1,1,-0.9898658718200966,0.12387835694130775,0
3586,0,1,0,0,1,1,0,0,0,0,1,0,0,1,0,1,1,0,1,0,1.3057520257075856,-0.4027375632379656,1
3587,0,0,0,1,1,0,0,0,1,1,0,1,1,0,0,2,1,1,2,1,-0.5613573389716968,0.8635838904276679,1
3588,1,1,0,0,1,1,0,2,2,1,0,0,1,1,0,0,2,1,0,0,-0.4439936776932184,-0.692729852397525,0
3589,0,1,0,0,0,2,0,0,2,0,0,1,0,1,0,0,1,1,1,1,-1.7772692304946967,-1.586297692705467,0
3590,0,1,1,0,0,2,0,0,1,0,0,0,0,0,1,1,1,0,1,0,-1.1712846656923883,0.2092800982563316,0
3591,0,0,0,0,1,0,0,0,1,1,1,0,0,0,0,1,0,0,1,2,0.013232885009929512,-0.5616924207506976,0
3592,1,2,1,0,0,1,0,1,0,0,1,1,0,0,0,1,1,1,1,0,-0.19161826961220316,-0.9245480048542019,1
3593,1,1,0,0,0,0,0,0,1,0,1,0,1,1,0,0,0,1,1,0,1.4044583050709358,-0.3346054754071633,1
3594,0,0,1,0,0,2,1,0,1,0,0,0,1,1,0,1,1,0,1,1,-0.29883768786868153,1.161030600700819,1
3595,0,0,1,0,0,2,0,0,0,2,1,1,1,0,0,0,1,0,0,2,-0.9337171250923769,0.22913380970910685,1
3596,0,0,1,0,0,1,1,0,0,0,0,0,1,0,0,1,1,0,1,0,1.6124137712153819,1.0135749147954496,1
3597,0,0,0,0,0,1,0,0,1,0,1,1,0,0,0,1,0,1,1,1,0.1620402561146012,-0.47578954003921176,0
3598,0,2,0,1,1,2,0,0,1,0,0,1,1,1,0,0,2,0,0,0,-0.8332202089621998,-0.5296894025578828,1
3599,0,0,1,1,1,1,0,0,0,1,1,0,0,0,2,0,0,0,1,0,0.5540367330236037,-0.5593082886769775,0
3600,0,0,0,0,0,1,0,0,1,0,1,1,1,0,0,0,0,1,1,0,-0.08230457853477433,-0.02516418160036199,1
3601,0,1,1,0,0,2,0,0,0,1,0,0,1,1,0,0,0,0,2,0,-0.24990683924271498,1.2529433042261897,1
3602,0,1,1,1,0,1,0,0,0,1,1,0,2,1,0,1,0,0,1,1,0.9352255999308241,0.5607528190367114,0
3603,0,2,0,0,0,0,1,0,0,1,1,1,1,2,0,1,1,1,0,2,-0.9995886383684592,-0.8142748676720286,0
3604,0,0,2,0,0,2,0,0,1,0,0,0,1,0,1,1,1,1,2,0,1.3132340271264757,2.8376359293407605,1
3605,1,1,1,0,0,1,0,0,1,1,1,0,0,1,0,1,0,0,1,0,0.2477472481157965,0.17154729000046176,0
3606,1,0,1,0,0,0,1,0,1,0,0,0,0,0,0,1,2,0,0,0,-0.8089343687079746,-0.47118533315404515,0
3607,1,1,0,0,0,1,0,1,1,1,0,0,1,0,0,1,1,1,1,1,0.2708653307932633,0.17011803755373825,0
3608,0,0,0,0,0,2,1,0,1,0,0,0,0,2,1,1,1,0,0,0,1.6053076792657703,-0.06233079864836466,1
3609,0,0,1,0,0,1,1,0,1,1,0,1,1,0,0,0,1,0,1,1,0.2826559392272537,1.2197753627297567,0
3610,0,0,2,0,0,0,0,0,1,0,0,1,0,1,1,1,1,0,1,0,0.046451619882317746,-0.6552644253903843,0
3611,0,1,0,0,0,0,0,0,0,2,0,1,2,0,1,2,2,0,1,1,0.7360089794890841,-1.1155447094182296,0
3612,0,1,2,0,0,2,0,0,0,1,0,2,0,0,0,1,0,0,1,2,1.7072401412332914,0.7312436304109668,0
3613,0,0,1,0,0,1,0,0,2,2,0,0,0,0,0,1,1,0,1,0,-1.096534854767095,1.1242779397184595,0
3614,1,0,0,0,0,2,0,0,1,1,0,1,2,0,0,1,1,1,1,0,0.08250010935801314,-0.16742497534640588,1
3615,2,0,0,0,0,2,0,1,1,1,1,0,0,0,0,0,1,0,1,1,-0.27673924050590015,0.994162960565157,0
3616,0,0,1,1,0,1,1,0,1,0,1,0,1,1,0,1,2,0,0,2,-2.503997637574195,-1.5547751372655314,0
3617,1,0,0,0,0,1,0,0,2,1,1,0,2,0,1,1,1,2,1,2,1.2671037676903585,0.8374356681274894,1
3618,0,1,0,0,1,0,0,0,2,0,0,1,1,0,1,1,1,2,0,0,0.15589124671344898,-0.3230237585375855,1
3619,0,1,0,0,0,1,0,1,1,0,0,0,1,0,0,1,1,1,0,0,1.7208594104109252,1.0009240683311238,0
3620,2,0,1,0,0,0,0,0,2,0,0,1,1,0,0,1,0,1,0,0,-0.12755689621447022,-0.7468142246309334,0
3621,0,1,1,0,0,0,0,0,0,0,0,0,0,0,0,2,2,0,0,1,-0.5747617934887723,-0.3847960369781126,1
3622,0,0,0,0,0,1,0,1,0,2,0,1,2,0,1,0,0,1,0,2,-0.2457407960558996,0.4279715633719744,0
3623,0,0,1,0,0,1,0,1,2,0,0,1,1,0,0,1,0,0,0,0,-0.94190199799432,0.235677134685701,0
3624,1,1,0,0,0,0,0,0,0,0,1,1,1,0,1,1,1,1,1,0,-1.6552865284488443,-0.45115480675183106,0
3625,0,0,0,0,0,2,0,0,0,1,1,1,1,1,0,0,1,1,0,1,-0.4697203361176797,-0.1556604376382536,1
3626,0,2,1,0,0,1,0,1,1,0,0,0,1,0,0,1,0,0,0,0,-0.5240957784409035,-1.617385040930868,0
3627,2,0,0,0,0,2,0,1,1,1,0,1,0,0,0,2,1,0,0,0,0.3053184090611519,2.0662281723303058,0
3628,1,1,0,0,1,0,0,0,2,0,1,1,0,0,0,0,0,0,1,1,0.3928180224379876,-0.4462372526059728,0
3629,0,0,0,1,1,2,0,0,0,1,0,0,2,0,0,1,0,1,0,2,0.5632009702030644,-0.6208895689171187,0
3630,2,0,1,0,1,1,0,0,1,1,0,1,0,1,0,1,2,1,1,0,2.1617293261521753,1.6721121869214537,0
3631,1,0,2,1,0,0,0,0,1,1,2,0,1,0,1,1,0,0,1,1,-0.5317392429766225,1.0030790487044912,1
3632,1,0,0,0,0,0,0,0,0,2,1,1,0,0,0,1,1,1,2,0,1.7836616731635495,0.6271897672576909,0
3633,0,1,2,0,0,1,0,1,2,1,0,1,1,0,0,2,1,1,0,0,-1.3112317919329222,-0.5999866224678861,1
3634,0,2,1,0,0,0,0,0,0,0,1,1,1,0,0,0,1,2,1,0,0.788540724950854,0.5248149773575548,0
3635,0,1,1,0,1,2,0,0,0,0,2,1,1,0,0,0,1,0,0,0,-0.0611952310383749,-1.888872227827247,0
3636,0,0,0,0,0,1,0,1,0,0,1,0,1,0,0,0,0,2,2,1,-1.360664564492691,-0.5320400546348749,0
3637,0,0,0,0,0,1,0,0,1,0,1,0,0,1,0,0,0,0,2,1,0.9240566036018237,2.0856374527873904,0
3638,1,0,0,0,0,1,0,0,2,0,0,0,0,1,0,1,1,0,1,2,-0.1716074827494842,1.9389282045903373,0
3639,0,0,1,0,0,1,0,0,2,0,0,0,1,0,0,2,1,1,1,1,-0.7018900436569425,-0.4221326547597452,0
3640,0,1,0,0,0,1,1,0,0,0,1,0,1,0,0,2,1,0,1,0,1.9987539400899754,1.3761250768859452,0
3641,0,1,2,0,0,0,1,0,2,0,1,0,1,1,0,1,0,0,0,0,-0.8219533587370929,-0.47725362511068226,0
3642,1,2,2,1,0,1,0,0,1,0,0,0,1,0,1,1,1,0,2,1,0.13233325089388318,0.9917978076622542,0
3643,1,0,1,0,1,1,0,0,1,0,2,1,2,0,1,0,2,1,1,1,1.6504865612247688,-0.025655728960315524,0
3644,0,1,0,0,1,1,0,0,0,1,0,2,1,0,0,2,1,1,0,1,2.2679113937599706,1.2482594422771012,1
3645,0,0,1,1,0,2,0,0,2,2,1,0,0,0,0,1,0,0,1,0,-0.6068627631510469,1.6381323934263678,0
3646,0,0,0,0,0,1,1,0,1,1,0,0,1,0,0,2,0,1,1,2,0.18719473961049915,0.6086979279871925,0
3647,0,0,1,0,0,2,0,0,1,2,0,0,1,1,0,1,1,2,1,1,-1.5611675175647652,-0.11106302773052275,0
3648,0,1,1,0,1,2,0,0,1,0,0,0,1,0,0,1,1,1,0,0,0.3416920013274998,-0.7304174284309255,0
3649,0,1,0,0,1,2,1,1,1,1,1,0,0,0,0,1,2,1,1,1,0.5965449333064804,0.8788417792885013,0
3650,0,1,1,0,1,0,0,0,1,1,1,2,2,1,0,1,0,0,1,0,-1.2705074416176678,0.2964910690568754,1
3651,0,0,0,0,0,1,0,0,1,0,1,1,0,0,0,1,2,0,0,0,-0.6107274606404305,-1.4707179383389986,1
3652,0,0,0,0,0,1,0,0,0,2,0,1,0,1,0,0,0,0,1,2,-1.8559642845450919,-0.044006208071863784,0
3653,0,1,0,0,1,1,0,0,1,2,0,0,0,0,0,0,2,0,1,1,-0.895815122731223,0.39816653507098226,1
3654,0,1,0,1,0,1,1,0,2,0,1,1,1,0,0,1,1,0,2,1,-0.7106548037460303,0.6031004841447285,0
3655,2,1,1,0,0,1,1,0,2,1,1,0,1,2,0,1,1,1,1,0,0.6221085400677042,0.40108908470138904,1
3656,0,0,0,0,0,1,0,0,1,1,0,1,1,0,0,0,1,0,1,0,-0.9664687046947845,0.10029199983326365,0
3657,0,0,0,0,0,2,0,0,2,0,0,0,0,0,0,1,1,0,0,1,-2.3713022173057086,-1.688655600969877,1
3658,0,0,0,0,0,2,0,0,2,1,1,0,1,0,0,0,1,0,0,1,-0.4852815998747982,-0.9636838651427159,0
3659,0,0,0,0,0,1,0,1,0,2,0,0,0,0,0,2,1,0,0,1,-1.3697860730775222,-0.8383426104273678,0
3660,0,0,0,0,0,1,1,0,1,0,1,2,0,0,1,1,0,1,2,0,-0.1252317042338691,0.7051402779246281,1
3661,0,1,2,1,0,1,0,1,1,0,1,0,0,0,0,1,0,0,0,1,0.1861226232673468,0.16364052767781545,1
3662,0,0,0,0,1,1,0,0,2,1,0,0,0,0,1,1,1,1,0,1,0.31588354537262714,0.2196868113718331,1
3663,0,1,0,1,1,2,0,0,0,1,0,1,0,0,1,0,1,0,1,0,-0.29590362541120613,0.9792591546113446,0
3664,0,1,0,0,0,1,1,0,2,1,0,0,2,1,1,1,0,2,1,0,-1.0314058947357794,-0.7136824756120882,0
3665,0,0,2,0,1,2,0,0,1,2,0,1,0,2,1,0,2,1,2,2,-0.00494817402375661,0.19260597378740674,0
3666,0,0,0,0,0,2,0,0,1,1,1,0,0,1,1,2,2,0,1,0,0.06030736738490738,0.36987389847330143,1
3667,1,2,1,0,0,1,0,0,1,1,0,1,1,1,0,0,0,0,0,0,0.9834181504621813,0.09966080143918223,0
3668,0,2,0,0,0,1,0,1,0,0,0,0,0,0,0,1,0,1,1,0,-0.03800692384106405,-0.5241263199416352,0
3669,1,0,0,0,0,0,0,0,0,1,0,0,1,0,0,1,2,1,0,0,0.6292994361301184,1.133391656360227,0
3670,0,1,2,0,0,1,0,0,1,0,2,1,0,0,0,0,2,0,0,0,0.15235373255299278,0.20142263715334874,0
3671,0,2,0,0,0,2,1,0,1,0,1,1,0,0,0,1,0,2,1,1,-0.9322956266246851,-0.7038317110724283,1
3672,1,1,1,1,0,1,0,1,0,1,1,1,0,0,0,0,2,0,1,0,-2.168692903864704,0.24999776041308053,0
3673,0,1,0,0,1,1,0,0,0,1,0,0,1,0,0,1,0,0,2,0,-0.45039211478541075,-0.33335278487354003,1
3674,1,1,0,0,0,1,1,0,1,1,1,1,1,0,0,1,0,1,2,1,2.719903504180662,-0.16277620289047268,1
3675,0,0,0,2,0,0,1,0,1,1,0,0,0,0,0,0,0,1,1,2,-1.0669853698418348,0.19563103496564122,1
3676,0,0,0,0,0,0,0,0,1,1,0,1,0,0,0,1,0,1,2,0,0.5308915200284777,0.773367740038996,1
3677,0,2,1,0,0,1,0,0,1,1,0,0,0,1,0,2,0,0,0,0,-0.2460400086952811,0.36697799427853944,0
3678,1,0,1,0,0,2,1,1,1,0,0,0,1,0,1,2,0,0,0,1,-1.9886818722577053,-0.6510064694514219,0
3679,0,1,0,0,0,1,0,0,1,1,0,1,1,0,0,1,1,1,2,1,0.44055686620826345,1.8172074584958728,0
3680,0,0,0,0,0,1,0,1,1,1,0,0,1,0,0,1,2,0,1,2,0.990650295991018,-0.1970789075409345,0
3681,0,1,1,0,1,1,0,0,1,0,1,0,1,0,0,1,1,0,0,0,-0.5429322185203844,0.42593491851810805,0
3682,1,1,1,0,0,1,1,1,0,0,0,0,1,0,0,1,0,0,1,2,-0.6205596181000803,-1.2173889474652708,0
3683,0,1,1,0,0,1,0,0,1,1,1,1,0,1,1,1,0,1,1,1,-2.457502436719275,-0.2786836495419287,1
3684,0,1,1,0,0,0,0,0,2,0,1,0,1,0,0,0,2,0,2,0,-0.2545112411078174,-0.015796073224740637,1
3685,0,0,0,0,0,2,0,1,0,1,0,0,1,0,1,0,0,0,1,2,-2.0470442533387314,-0.24298937034527981,0
3686,0,0,0,0,0,1,0,0,1,1,1,2,0,0,0,0,1,2,0,0,-0.1812620259584932,-2.1740333410832773,0
3687,0,0,1,0,0,2,0,0,0,0,0,1,1,1,0,0,0,0,0,1,-0.37682870657076295,-0.023029237889740817,0
3688,0,1,1,0,0,1,0,0,2,2,1,0,1,0,0,2,1,1,0,1,-0.02239684985613783,-0.44391273391915853,1
3689,0,1,2,0,0,2,0,0,1,0,1,1,1,0,1,0,1,1,1,1,0.13283952088250217,1.3406980588599438,1
3690,0,0,0,0,0,0,0,0,1,0,0,0,1,0,1,0,0,0,0,1,0.7076625427211978,-0.028356558446160612,1
3691,1,2,2,0,2,1,0,0,1,1,0,0,1,0,1,0,1,0,2,0,0.5340616084240699,-0.9313474343070902,0
3692,0,0,1,0,1,1,0,0,1,0,0,1,1,0,0,1,1,0,0,0,1.5979043911465949,1.5626920644597555,0
3693,0,0,0,0,0,0,0,0,0,0,2,1,0,0,0,1,1,2,2,1,0.8894852839684352,0.605296488222983,0
3694,1,1,0,0,0,1,2,0,1,0,2,0,1,1,0,1,0,1,0,2,0.20848359560603671,0.5926781058524486,0
3695,0,0,1,0,1,2,0,0,2,0,0,0,0,0,0,1,1,0,1,0,1.3409986479877234,0.14174326080328403,0
3696,0,0,0,0,0,1,0,0,1,0,0,0,0,0,0,2,2,0,0,0,1.6163013433836282,1.8221003260688045,1
3697,0,1,0,0,1,0,0,0,0,1,0,1,1,0,0,0,0,0,1,0,-0.19230523335222224,-0.4856130141259787,0
3698,0,2,1,0,0,0,0,1,2,0,0,0,1,1,0,1,0,1,1,2,0.17431210036287065,-1.1341505096008033,0
3699,0,1,1,0,0,1,0,0,2,2,1,0,0,1,1,2,1,0,1,0,0.00603214912548854,0.36089469874357333,0
3700,0,0,2,0,1,1,0,0,1,1,0,1,0,1,1,0,2,0,1,1,-1.5152545045649441,-0.8876027916765701,0
3701,0,0,0,0,0,1,0,2,1,1,0,1,0,1,0,0,0,1,1,1,0.6602768207763778,-0.43025078588607346,1
3702,1,0,0,0,0,2,1,0,1,0,1,0,1,0,0,0,2,0,0,1,0.8253117761469514,-0.17726452446646535,0
3703,0,0,1,0,0,1,0,1,1,0,0,1,2,1,0,0,2,1,2,0,0.6419479483164332,1.4058998645143026,1
3704,1,0,1,0,0,0,0,0,0,1,2,1,2,0,0,0,1,0,1,0,1.0099268207956777,0.9475024708604625,1
3705,0,1,1,0,0,1,0,1,1,0,1,0,2,0,0,2,1,0,0,0,-0.5858358738723916,0.46890422009469446,0
3706,0,1,0,0,0,2,0,0,2,0,0,1,0,0,0,0,1,2,1,1,0.9790913738618281,0.9739521982258592,0
3707,0,0,0,0,0,0,0,0,1,0,1,0,0,1,0,1,1,0,1,0,-0.13738969276259652,0.23223146294594593,0
3708,0,1,0,0,1,2,0,0,0,1,1,0,0,1,1,1,1,1,0,1,-0.6279502321109058,-1.0264096214952347,0
3709,0,1,0,1,0,1,0,0,0,1,1,0,0,0,1,2,0,2,0,1,-0.1593852841069943,0.6894125388607653,0
3710,1,0,1,0,1,2,0,0,1,0,0,1,1,0,0,1,1,1,0,0,0.6945329323693458,0.35851655184078446,0
3711,2,0,0,0,0,2,0,1,2,1,1,0,2,0,0,1,1,1,0,1,0.8281659598674099,1.1761457304964675,1
3712,0,0,1,0,0,2,0,0,2,0,0,0,1,0,0,0,1,0,1,0,1.1006370428543824,0.04961219750268775,1
3713,1,1,1,0,0,0,0,0,2,1,1,0,1,1,0,0,1,1,1,1,0.895543638590046,-0.31718342211799677,0
3714,1,0,1,0,0,1,0,0,1,0,0,1,1,0,0,1,0,1,1,0,-0.35605622738310627,-0.41589744643131143,0
3715,1,1,0,0,0,0,0,0,0,1,1,1,2,1,1,2,0,0,1,1,-1.5254665376659353,-0.27638585160164386,0
3716,1,0,1,0,1,0,0,0,0,0,1,1,1,1,0,2,0,1,1,1,-0.7510674755107435,-1.056109746408589,0
3717,0,0,0,0,0,1,0,0,1,1,0,1,0,0,0,0,0,0,0,1,0.09565691208799199,-0.8049965601445331,0
3718,0,0,1,0,1,1,0,0,1,1,0,0,1,2,1,0,2,1,1,0,-0.8842079043534712,0.18280782390261624,0
3719,0,1,1,0,0,0,0,0,0,0,0,0,0,0,0,1,0,0,0,1,0.07379288051662733,-0.40152225458194885,0
3720,0,0,0,1,0,0,0,0,1,1,0,1,2,0,0,1,0,0,0,0,1.255655767331568,-0.4390004478985795,0
3721,1,1,1,0,1,1,0,0,0,1,0,0,0,0,1,1,0,0,0,1,-0.4959192972538281,-0.0025295801998178654,1
3722,0,0,1,0,0,1,0,0,1,1,1,1,0,0,0,1,0,0,0,0,1.0850960928891071,-0.9462445532466914,0
3723,0,0,0,0,0,2,1,0,1,2,1,1,0,0,0,2,0,2,1,0,-1.0802169769743744,1.1953135640014374,0
3724,1,0,0,1,0,0,0,0,2,0,0,0,0,0,0,0,1,0,1,0,1.842053877713153,0.22793390152714177,1
3725,1,0,0,1,1,0,0,1,0,1,0,1,1,0,1,2,1,0,0,0,0.9175392668385046,0.2895126053273759,0
3726,1,0,2,1,0,0,0,1,2,1,0,1,1,0,0,1,1,0,1,1,0.951206003545072,1.49019778007951,1
3727,0,1,0,0,1,0,1,0,1,1,0,0,1,0,0,2,1,0,1,0,-1.13311048787175,-0.2973386913166657,1
3728,0,2,0,0,1,1,1,0,1,1,1,2,1,1,2,2,0,2,0,1,-1.2884594629264006,-0.6311681666295799,1
3729,0,1,0,0,0,2,0,0,2,0,0,0,0,2,0,0,1,1,0,0,1.741984481942715,0.8833995758082396,1
3730,0,0,1,0,0,1,0,1,1,1,0,0,0,0,0,1,1,0,2,1,-0.7762926413088774,-0.4283911114929658,0
3731,0,0,0,0,0,2,0,1,2,0,1,1,1,0,0,1,1,2,0,1,1.228450733379176,-1.025523815252075,1
3732,0,0,0,0,0,2,0,0,2,1,1,0,1,0,0,0,1,0,2,0,-0.1487988379027267,-0.5377353999240394,1
3733,1,0,1,0,0,0,0,0,2,0,0,0,1,0,0,1,1,2,1,0,-0.206599565897997,-0.8336922057074727,1
3734,0,1,0,0,0,1,0,0,1,0,1,0,1,0,0,0,1,1,0,0,1.2568678884294557,0.10204621461196586,1
3735,0,0,1,0,0,0,0,1,0,0,1,1,1,0,1,2,1,1,1,2,-1.361216229772309,-0.18331928889962565,0
3736,0,2,0,0,0,1,0,0,1,2,0,1,0,0,0,0,1,0,1,2,-1.3977886063988167,0.8759784552586907,1
3737,1,0,0,0,0,1,0,0,0,0,1,1,1,0,0,1,0,1,1,0,-0.2652389566567364,0.40077533986718517,0
3738,1,0,0,1,0,1,1,1,1,0,0,0,1,0,0,2,1,0,2,0,-2.4016346373623247,-1.5019201396902302,0
3739,0,1,1,0,0,1,0,0,1,1,1,0,1,1,1,0,2,1,0,0,1.2795365657607225,0.3004138779828828,0
3740,1,1,2,0,0,0,0,0,1,0,0,0,1,0,0,0,0,0,1,2,-1.151878793651955,-0.5178044117880586,0
3741,1,1,1,0,2,1,1,1,1,0,0,1,1,0,0,0,2,0,0,0,0.30123421319085925,-1.7771664310199287,0
3742,0,0,1,0,0,0,0,0,1,0,1,1,0,2,1,2,0,0,0,1,-0.025869175956009596,-0.4781966638069475,0
3743,0,0,1,0,0,1,0,0,2,0,0,0,0,0,0,0,1,0,0,1,-0.6024456368334824,-2.110465350525591,0
3744,0,1,1,0,1,1,1,1,1,1,0,1,1,1,0,2,1,2,0,0,0.4848942289590188,0.028337807953546512,0
3745,0,1,0,0,0,1,0,0,2,1,1,0,1,1,1,0,1,2,1,1,-2.2754015012881843,0.06462012149593144,0
3746,0,0,1,0,0,2,0,0,1,1,2,1,0,0,1,2,1,0,2,0,0.13124763020887364,-0.8713612296686154,0
3747,0,2,1,0,0,1,0,0,1,1,1,0,0,0,0,1,1,1,1,1,1.396785261463798,0.04935140958150963,1
3748,0,0,1,0,0,1,0,0,1,0,0,1,1,1,0,0,2,1,2,0,-0.3581439400325078,-0.35451838766359567,0
3749,0,1,2,0,0,2,0,1,0,1,0,0,2,0,1,1,1,1,0,0,0.03932952407886051,-1.1574751680801405,0
3750,0,0,2,0,0,1,0,0,1,1,0,1,0,0,0,2,1,1,1,2,0.29079123126697665,0.6765055499768098,1
3751,0,1,0,0,0,2,0,0,0,0,0,0,0,1,0,1,1,0,0,0,1.1964197006450876,-0.5486897651250389,0
3752,0,0,2,1,0,2,0,0,1,0,0,1,0,1,0,0,1,1,0,1,0.02810652509909529,0.3228340251204771,0
3753,0,0,1,0,0,0,0,0,0,1,0,0,1,0,0,0,1,1,2,0,-0.6783896074429658,-0.9288439361160152,0
3754,0,1,1,0,0,0,1,0,1,1,0,0,1,1,1,0,1,0,2,1,0.5104838064522214,-0.9031825694085522,0
3755,0,0,0,0,0,0,0,0,0,0,1,1,0,0,0,0,0,1,2,1,-0.16728293618553108,1.1630101654018803,0
3756,1,1,1,0,0,1,0,0,1,0,0,0,0,0,0,1,0,1,0,0,-0.13166832246544366,1.8416099173107308,1
3757,0,1,2,0,1,2,0,0,1,1,1,0,0,1,0,0,0,0,1,1,1.146128434389397,1.183974469046073,1
3758,1,0,1,0,0,1,0,1,1,0,1,1,0,0,1,0,2,0,2,0,-0.6171088338058318,1.7039807945807914,1
3759,0,0,0,1,0,2,0,0,2,1,1,2,0,1,0,1,0,0,0,0,0.3367515988957275,0.613577226483023,0
3760,0,1,0,0,0,1,0,0,1,2,1,1,0,0,0,0,1,1,2,0,-0.599251880404311,-0.6705412813718915,1
3761,0,0,1,1,0,1,0,0,2,0,2,0,1,1,1,0,1,0,1,0,2.501973758356554,0.2143538379223684,1
3762,1,0,1,0,0,2,0,0,1,1,0,1,2,0,0,0,0,1,0,0,-1.7258670126456208,-0.158204055194044,1
3763,0,0,1,0,0,1,0,0,1,1,1,0,0,0,0,2,0,1,1,0,1.4133280639630335,0.26946355593515914,0
3764,0,0,1,0,1,1,0,0,2,0,1,0,0,0,0,1,1,0,1,2,0.6712794285294617,0.496051234582918,1
3765,0,1,0,0,0,1,0,1,2,1,1,0,1,0,0,0,0,1,0,1,0.8576047717138977,0.4742841839597588,0
3766,1,1,0,0,1,2,0,1,1,0,1,0,2,1,0,1,0,0,0,0,-0.9955634161921451,-1.8457363953193031,1
3767,1,1,0,0,0,1,0,0,0,2,0,0,1,0,0,1,2,0,1,0,-0.38235984341780155,-0.17366256904621227,0
3768,0,0,1,1,0,0,1,0,1,0,0,0,1,0,0,2,1,0,2,0,0.10202474800261457,-1.1764937606009758,1
3769,0,0,2,0,0,1,0,0,0,0,0,0,0,0,0,0,0,0,1,1,0.1718369492612765,0.05427160225282082,1
3770,1,1,1,1,1,1,0,0,1,0,2,0,0,0,0,0,0,0,1,0,0.5974949980592998,-2.0038212369389687,0
3771,1,0,0,0,1,1,1,0,1,0,0,1,1,0,0,1,1,0,0,1,0.6374848680196783,0.8294919067147438,1
3772,0,0,0,0,0,1,0,0,1,1,0,0,1,0,0,0,0,1,1,0,-1.8321391785791785,0.5483704093640164,0
3773,0,1,1,0,0,1,1,0,1,1,0,0,0,1,1,0,2,1,0,0,0.028714520108398745,0.13560332518365367,0
3774,0,0,1,0,0,0,0,0,1,0,1,0,0,1,0,2,1,1,1,0,-0.9895932094104349,-0.1385637861419375,1
3775,0,1,1,0,0,2,0,0,0,0,0,0,0,1,0,1,0,0,0,0,0.5418582832729483,-0.009744413959791809,0
3776,0,0,0,1,0,2,0,0,1,0,0,1,0,0,0,0,2,1,2,0,-1.4512121273684082,-1.132337344691103,1
3777,1,0,0,0,0,1,0,0,0,1,1,1,1,1,0,1,0,0,2,0,0.49444870244726347,0.1184051324126548,0
3778,1,1,0,0,0,0,0,0,1,0,0,1,0,0,1,0,0,1,1,0,0.36474216204444515,-0.011625524038374219,0
3779,0,0,0,0,1,1,1,1,0,1,0,1,1,1,1,1,0,0,1,0,-0.20093495679612794,-0.1690279813549656,0
3780,0,1,1,0,0,1,0,0,1,0,1,1,2,0,0,1,2,0,0,0,0.3624483270182052,0.36115536304009266,0
3781,0,0,0,0,0,1,0,0,1,1,0,0,0,0,0,0,1,1,1,1,-1.1506608249980297,-1.0973461054913671,0
3782,0,1,0,0,0,0,0,1,1,0,0,0,2,0,0,1,1,0,1,1,-0.048055782379113544,-0.14486997254448208,0
3783,0,1,2,0,0,1,0,0,2,0,0,0,1,0,0,0,2,0,0,0,-0.29569639140531256,-0.6315773314349992,0
3784,0,0,0,0,0,0,0,1,1,0,1,1,1,0,0,1,1,0,1,1,2.496739024451136,0.30965407895717534,0
3785,1,1,1,0,0,0,0,0,1,0,2,1,1,1,1,1,0,1,0,1,0.5736271177419893,0.535144118985029,0
3786,0,2,0,1,1,0,0,0,0,1,0,1,0,0,0,0,1,0,1,0,-0.7719443567053967,-0.49885870130400733,0
3787,0,0,0,0,0,0,1,0,2,1,0,0,1,0,0,1,1,0,0,1,0.5429243397880746,0.8005710251340905,1
3788,0,0,0,0,0,0,0,0,1,1,0,1,2,0,0,1,2,1,1,1,-0.1391200873650006,-0.7889726574583935,0
3789,0,0,1,1,1,1,1,0,1,2,0,1,1,0,0,1,0,2,1,0,-0.6244295970663502,-0.026062246344845358,1
3790,0,1,1,0,0,0,1,1,1,1,1,0,1,0,0,1,0,0,0,0,1.3050050716157509,-0.34028659394734184,1
3791,0,1,1,0,1,1,0,0,2,1,1,0,0,1,0,1,2,1,1,1,-0.1428248986904361,0.18393985265024176,0
3792,0,0,2,0,0,1,1,0,0,0,0,2,0,1,0,1,1,0,0,0,-0.2441619367958618,-0.27102135716826536,0
3793,0,0,0,0,0,0,0,0,1,1,1,0,2,1,1,1,1,1,0,0,-1.6113748375427726,-0.7434204791256246,0
3794,0,0,0,0,0,1,0,0,2,0,1,1,1,0,0,1,1,0,0,1,-0.7650636800029309,0.2799386548333329,0
3795,0,0,1,0,0,0,0,0,1,0,0,0,1,0,0,0,2,0,0,0,-0.35601033457446724,0.28907937014861285,0
3796,0,1,0,0,0,2,0,1,0,2,0,0,1,1,0,1,1,1,0,1,0.4713000811199993,0.28955514235921764,0
3797,1,0,1,1,0,2,0,0,0,1,1,0,0,1,0,2,0,0,0,1,0.05574530470196354,1.748830137222182,1
3798,0,1,2,0,0,0,0,1,1,0,0,1,1,1,0,0,1,0,1,0,-0.19903420688878598,0.5638393339128591,0
3799,0,0,1,0,1,1,0,0,2,1,0,1,1,0,0,0,1,0,1,1,0.6937504624145394,0.7632656088825482,1
3800,0,1,0,0,0,1,1,0,1,0,0,1,2,0,1,1,2,1,0,0,-0.013504254428101785,0.9368656645252464,1
3801,0,0,0,0,0,1,0,0,0,0,0,1,2,0,1,0,1,0,0,1,-0.6746746784640235,-1.3727104616273589,1
3802,0,0,2,0,0,0,0,0,1,0,1,1,2,1,0,1,0,0,0,1,0.1729737001757667,-0.049671568208114025,0
3803,1,2,0,0,1,0,0,0,1,0,0,1,0,0,0,1,0,1,2,0,-0.5714017907784026,-0.3573551356497603,0
3804,0,0,1,1,0,1,1,1,0,2,0,0,1,0,1,2,1,1,0,1,-0.032812364778212665,0.36484196988015677,1
3805,1,1,1,0,1,1,0,0,1,0,0,1,1,1,1,0,1,0,1,0,2.6221752518746757,-0.3563616578223401,0
3806,0,0,2,0,0,0,0,0,2,1,1,1,1,0,0,0,1,0,0,2,-0.8569154749580522,0.3778071378452117,0
3807,1,1,0,0,1,1,0,0,0,1,0,0,2,0,0,0,1,0,1,1,0.050772357560417376,1.1591018107295017,1
3808,0,1,0,0,0,1,0,0,1,1,1,1,1,0,1,0,0,1,1,0,-0.9476395732511591,-0.3972116128363236,0
3809,0,1,0,0,0,1,0,0,0,1,0,1,1,0,0,0,2,1,0,0,0.3178596818777575,-0.03639713641330694,0
3810,0,0,1,0,0,2,1,0,2,0,0,0,0,0,0,0,1,1,1,0,1.4036878944719693,0.28716563576063897,1
3811,0,0,1,0,2,2,1,1,1,2,0,1,1,1,0,0,0,1,0,0,-0.6407851862603025,1.5229946739456415,1
3812,0,1,0,0,0,1,0,0,1,0,0,0,1,0,0,1,0,2,2,1,0.17349146698883933,0.025787309986897905,0
3813,0,1,0,0,0,2,0,1,0,1,1,2,1,1,0,0,1,0,2,1,0.53254059253133,-0.044658828103898915,0
3814,0,1,0,0,0,2,0,0,0,1,2,0,0,1,1,0,1,1,0,0,-2.3096774410070138,-1.374002370327496,0
3815,0,1,0,0,0,1,0,0,0,1,0,1,0,2,0,0,1,0,1,1,1.851971962063322,-0.5355643329684603,1
3816,0,0,0,0,0,1,0,0,1,0,0,2,0,1,1,2,1,0,2,1,0.4696890192847857,1.6716964752325136,0
3817,0,0,1,0,0,1,0,0,0,2,0,1,1,0,0,1,2,0,0,0,-1.0810125128866017,-1.1181011693005614,0
3818,0,1,0,0,0,2,0,0,0,2,0,0,2,0,0,2,0,1,2,0,-0.006166200116019193,0.7207420624491376,0
3819,0,0,1,0,1,1,0,0,1,0,0,0,0,0,0,1,1,2,0,0,0.5890531119253456,-1.1719947668866006,0
3820,0,1,1,0,0,0,0,0,0,0,0,0,0,0,1,1,1,0,1,2,0.3101448958547115,1.0948304381399363,1
3821,0,0,0,0,0,0,0,0,0,1,1,2,1,0,0,1,1,1,0,2,-0.5529343645842645,-1.1716280418794045,0
3822,0,1,0,0,1,2,0,0,2,0,1,1,1,0,0,0,1,0,0,1,-1.6088275485526322,-0.31650550464856897,0
3823,0,1,1,0,0,1,0,0,0,1,0,1,1,0,0,1,0,1,1,0,-0.16908519662619775,1.562998446391288,1
3824,0,1,0,0,0,1,0,0,0,1,1,0,1,0,0,0,1,1,2,1,-1.0694603606903978,0.06220309195975193,0
3825,1,0,0,0,0,2,0,0,0,0,1,0,1,1,0,1,1,1,2,2,1.1726221344264722,1.9270232994918082,1
3826,1,0,0,0,1,2,0,1,2,0,1,1,0,0,0,0,0,1,0,0,-0.5334347631677834,-1.777123731053661,0
3827,0,1,0,0,1,0,0,0,1,1,0,1,0,1,0,1,1,1,0,0,1.218858720909303,-0.12313934276651572,0
3828,0,1,0,0,0,2,0,1,2,0,1,1,1,1,0,1,0,1,0,1,-0.5994362308111282,0.8099455601823436,0
3829,0,0,1,1,1,1,1,0,0,0,1,0,0,0,0,0,1,1,0,2,-0.3222271227781621,0.6288166811677951,0
3830,1,0,2,0,0,2,0,0,2,0,0,0,2,1,1,2,0,1,0,1,-0.14988620171710648,-0.8546696660788691,0
3831,0,0,1,0,0,1,0,1,0,1,0,0,0,1,0,0,1,1,2,1,0.10669396428722176,1.1434522023206062,1
3832,1,0,1,0,0,1,0,0,2,0,0,0,0,1,0,0,1,0,0,0,-0.49141437695651186,-1.6645128131889748,1
3833,0,0,1,0,0,0,0,0,2,0,1,0,1,0,0,1,1,0,1,1,-0.5628911681703054,-1.2065329894567833,0
3834,0,0,1,0,0,1,0,1,2,1,0,0,0,0,1,0,2,1,1,1,0.8607040001152837,-0.146552249828154,1
3835,0,2,1,0,0,1,0,0,1,1,0,1,1,0,0,1,1,1,1,0,-0.8406777529737128,-1.1360699465365582,0
3836,0,0,0,0,1,1,1,1,1,1,0,0,1,1,0,2,0,0,1,0,-0.5012238731752723,0.9237923600144624,0
3837,0,0,0,0,0,2,0,0,1,0,1,2,0,0,0,0,0,0,0,1,-1.2456115246564525,-1.3778337502078406,0
3838,0,2,0,0,1,1,0,0,0,0,0,0,1,1,0,1,2,0,1,0,-0.4741717349294794,-1.0449543673904806,0
3839,0,0,1,0,0,1,0,0,1,0,0,0,0,0,0,1,0,2,0,1,-1.1106292821107433,0.783398952880733,0
3840,0,2,1,1,0,0,0,0,0,0,0,1,0,0,1,0,0,1,1,1,0.1348377281911735,0.3277442089446353,0
3841,0,1,0,1,0,1,1,1,1,0,0,1,2,0,1,0,0,0,0,1,0.07659595331114813,-0.04437621389150642,1
3842,0,0,1,0,0,0,0,0,0,0,0,1,1,0,0,0,0,0,0,0,0.8860954304874652,0.6446658885207089,0
3843,0,0,1,0,1,0,0,0,1,0,0,1,0,1,0,0,1,1,0,0,-0.11781956590295287,0.788579108587513,0
3844,0,0,0,0,0,1,0,1,1,0,0,0,1,0,0,1,2,2,1,0,0.6621985084837783,0.7648414449694516,0
3845,0,2,1,0,0,1,0,0,1,1,0,2,0,0,1,1,0,0,0,0,-0.03996938343168921,-1.1403545240546993,0
3846,1,2,1,0,0,2,0,0,2,1,0,2,0,1,0,0,0,1,0,0,-0.08714953332710897,0.38465621719061216,1
3847,0,1,2,0,0,1,1,0,1,0,1,2,1,1,0,1,1,2,1,0,0.0748918948701443,-1.0863679119365142,0
3848,0,2,1,0,0,2,1,0,1,0,0,1,0,0,0,0,0,2,1,0,-0.3495094842397448,0.08896831475947264,0
3849,0,0,0,0,1,1,0,0,1,0,0,0,0,0,0,0,2,1,0,1,0.6353731663652622,-1.1142253899815968,0
3850,0,0,2,0,0,0,0,0,1,0,1,0,0,0,0,1,0,1,1,2,-0.5279266632670843,0.9980247430018048,1
3851,0,0,1,0,0,0,0,1,1,2,0,0,0,0,0,0,0,1,1,0,0.4837816660167965,0.01718207040801928,0
3852,0,1,1,0,0,0,0,1,1,0,0,1,1,1,0,1,1,0,1,1,0.42814562439207526,-0.32188162452635993,0
3853,0,0,0,1,0,1,1,0,0,1,0,0,0,0,0,0,1,1,0,1,-0.24327019273712,1.751728602970345,1
3854,0,0,0,0,1,2,0,0,0,2,0,1,1,0,0,1,1,0,1,1,0.9732576233506507,-1.1178344450531843,0
3855,0,0,1,0,0,0,1,1,2,1,0,1,1,0,1,1,0,0,1,0,-0.37207171184910914,0.9046106139087948,0
3856,1,1,1,0,0,2,0,1,2,0,1,1,1,1,1,1,0,0,1,0,-1.6181914627354108,-1.921527160472114,0
3857,1,0,0,0,0,1,0,0,1,0,0,0,1,0,0,0,0,0,1,0,-1.1410821557383397,0.5159374512600877,0
3858,1,1,1,0,0,1,1,0,0,2,0,0,1,1,0,2,1,1,2,1,1.3638651487398084,1.2454129591111731,1
3859,0,2,1,0,1,1,0,0,1,1,1,1,1,1,0,0,1,0,0,1,-0.5852563033428155,-1.2691216748579057,0
3860,0,1,1,0,0,0,0,0,1,1,0,2,1,1,0,0,0,0,1,0,-0.26527465408830797,0.16642632030168397,1
3861,0,0,1,0,0,0,1,0,0,0,1,1,1,0,1,1,1,0,1,0,-0.9938246243354543,-2.93806086166864,1
3862,0,1,1,0,0,1,0,0,0,0,0,1,1,0,0,0,0,0,1,1,-0.30037181708197663,1.163695500051425,0
3863,0,1,0,0,1,1,0,0,0,1,0,1,1,0,0,1,0,1,1,1,0.9583320855846065,1.7173153396998888,1
3864,1,0,1,0,0,2,0,0,2,0,0,0,0,1,0,0,1,1,1,1,-1.5405878046953705,1.391912359130426,0
3865,0,2,1,1,0,1,0,0,2,2,0,0,1,1,0,2,0,0,0,1,2.365793223631187,2.341319670852351,1
3866,0,1,2,0,0,0,1,0,1,0,0,2,0,0,0,1,0,0,0,1,-0.6660323561632573,-0.3056648413622468,0
3867,0,0,2,0,0,1,0,0,1,0,1,0,1,0,1,1,1,1,0,0,-0.5407994729551664,-0.2968183398888141,1
3868,1,0,0,0,0,2,0,0,1,1,1,1,1,0,0,0,1,0,0,0,-0.37715999683975726,0.5481247047782417,1
3869,0,0,0,0,0,1,0,1,0,1,1,0,1,1,0,1,1,0,0,2,3.0060623781699483,0.9681037313628795,1
3870,1,0,1,2,1,2,0,1,1,1,2,1,0,0,0,2,1,1,0,0,-1.3668705831849923,-1.2409216250471244,0
3871,1,1,2,0,1,1,0,0,0,0,1,1,0,0,0,1,1,1,1,0,0.08901026124681465,-1.4409532972674737,0
3872,0,0,1,1,0,1,0,0,1,0,1,2,0,1,0,0,0,0,1,0,-0.8435194852420483,-1.7738413724876012,0
3873,0,0,1,0,1,0,0,0,1,1,1,2,1,1,0,1,1,0,1,0,-0.8399850780940739,-1.1146303274861653,1
3874,0,0,1,0,0,1,1,1,1,0,0,2,0,0,1,0,2,0,1,0,0.13294012689090143,0.011575583733463485,0
3875,0,1,1,0,0,1,0,0,1,1,0,0,1,1,0,0,1,0,2,0,0.4745436256765024,-0.8660440719430182,0
3876,0,0,1,0,0,0,0,1,1,1,0,1,2,0,0,1,1,1,1,1,1.4379631692516386,1.7708042320440844,0
3877,0,1,1,0,0,0,0,0,0,0,1,1,1,0,2,1,1,0,2,0,-0.09226838879185742,-0.5370501435471632,0
3878,0,1,0,0,0,2,0,0,0,1,0,0,1,0,0,2,0,0,0,0,1.8502501735808505,1.302835683148004,1
3879,0,2,1,0,0,2,0,1,1,0,1,0,1,1,0,1,0,0,0,0,-1.7268654144194835,-1.6265618492680511,0
3880,1,0,2,0,1,2,0,0,1,0,1,2,1,1,0,0,1,1,0,1,1.1009946293530393,1.0274920363495768,0
3881,0,1,0,0,1,1,0,0,2,1,0,1,0,1,0,1,1,0,0,0,-0.9732808740337104,-1.9796428674380575,1
3882,0,0,0,0,1,1,0,1,1,2,0,0,0,0,1,0,1,0,0,1,1.382468356158893,-0.4697129711203729,0
3883,0,1,1,0,0,1,1,1,2,1,0,2,0,0,0,0,2,0,1,0,-0.9965668508150405,-0.8970196639156282,0
3884,1,0,2,0,0,0,0,0,0,0,1,2,1,1,0,0,1,1,2,1,0.06898302427579286,-1.100448359976451,1
3885,0,1,0,0,0,1,1,0,1,0,2,0,1,1,0,2,2,0,0,0,1.5314435280886474,-1.4641074808077579,0
3886,1,1,1,1,0,0,1,0,1,1,0,1,0,1,0,1,2,2,1,0,-0.7596835683187352,-0.43351586761532024,1
3887,0,0,0,0,1,0,0,0,0,1,1,0,1,0,1,0,0,1,2,1,1.629233790246,1.5105831122526139,1
3888,0,0,2,0,0,0,0,0,1,1,2,1,1,0,0,1,0,0,1,2,-0.7442178911513189,-0.5098082978532587,1
3889,0,1,1,1,0,1,0,0,2,2,0,0,0,1,0,0,0,1,0,1,-1.0170727547172556,0.4997699937686898,0
3890,0,0,0,0,0,1,0,1,1,1,0,1,1,0,1,2,1,0,0,1,-1.2138605894108225,-0.6187057102114134,1
3891,0,1,0,0,1,1,0,0,0,1,0,0,0,0,1,1,0,0,2,0,0.254570085311314,-0.009237853047526057,0
3892,0,0,1,0,0,1,0,0,1,0,1,2,0,1,1,2,1,0,1,0,0.3013641014071045,0.5298936984223965,1
3893,0,1,2,0,1,0,0,0,0,1,0,1,1,1,0,2,0,1,1,0,0.15737017631086705,-1.1154669867978555,0
3894,0,1,1,0,0,1,1,0,0,0,1,1,1,1,0,2,0,1,1,0,0.8686615911613719,0.47676946843498835,1
3895,0,0,0,0,0,1,0,0,0,1,1,0,1,0,0,1,1,1,2,0,0.7753031546959016,0.6335446177016428,1
3896,0,1,0,0,0,1,0,0,2,1,0,1,1,1,0,0,1,0,0,0,-0.044008655525954045,-0.501037754211123,0
3897,0,2,1,0,0,0,0,1,2,0,0,1,1,0,0,1,0,1,1,1,1.3351329647068073,2.008540224800059,0
3898,0,0,0,0,0,1,0,1,1,1,2,0,1,0,0,2,0,0,0,1,1.9084894551575797,1.2298973322009696,1
3899,1,0,1,0,0,0,0,0,2,0,0,1,1,0,1,1,0,0,0,1,0.25113706611662756,0.9778651070981901,0
3900,0,0,1,0,0,0,0,0,2,2,2,0,1,0,0,0,2,0,0,0,0.5902718285692918,-0.4853028370600242,0
3901,0,0,1,1,0,0,0,0,1,1,1,0,1,0,0,1,1,0,1,0,-0.7502544786567162,-0.9793443538287305,0
3902,0,0,1,0,1,2,0,1,1,2,0,0,0,1,1,2,0,0,1,2,0.1524092904924009,0.5475162154922721,0
3903,0,2,1,0,0,2,0,0,1,0,0,0,1,0,0,2,1,1,1,0,0.44268837590609267,1.3356660252216912,0
3904,0,0,1,0,0,1,1,0,1,0,1,1,2,2,1,1,0,0,2,1,-0.7094760744858793,-1.1981810747440078,1
3905,0,0,2,0,1,1,0,0,0,0,1,1,1,0,0,2,0,1,0,0,1.8753713573753559,2.147273001914056,1
3906,0,0,0,0,0,1,1,0,0,0,1,2,1,0,0,0,1,2,1,1,1.3821544721648051,-0.39764822396611144,1
3907,0,0,1,1,0,1,0,0,1,0,1,1,1,0,1,0,0,0,2,1,-0.017043932068607673,-0.03673652791240139,0
3908,0,1,0,0,1,1,0,0,0,2,0,1,1,1,0,1,0,0,0,0,-0.2108009573758314,0.45947306799075127,0
3909,1,1,1,1,0,1,0,0,1,0,0,1,2,1,0,0,1,0,1,1,-0.4854447445147483,-1.39481918838611,0
3910,0,1,0,0,0,0,1,0,1,1,0,0,1,1,0,1,1,1,0,1,-0.9726218490559418,-0.3605017182710993,1
3911,0,2,1,0,0,2,0,0,2,1,0,0,1,1,0,2,1,0,1,0,0.46869412114235515,-0.42849436254328854,1
3912,0,0,0,0,0,1,0,2,1,0,1,0,0,1,0,2,0,0,0,0,-1.3677662509892792,0.4721012075864549,0
3913,0,1,0,0,0,0,1,0,0,2,1,0,2,0,2,1,1,0,1,1,-1.5264665699525646,-1.1533454475853961,1
3914,0,0,2,1,0,0,0,1,0,1,1,1,1,0,0,1,1,0,1,1,1.1540356862242953,-0.7627868672300265,0
3915,0,1,0,1,0,2,0,1,1,2,0,0,1,0,0,1,1,0,1,0,-1.3066361741840489,-0.20767796252052007,1
3916,0,0,1,0,1,0,0,0,0,0,0,0,2,0,1,1,1,0,2,2,-0.9260691668259036,1.0722924370045985,0
3917,0,0,1,0,0,0,0,0,1,0,0,1,1,0,1,1,0,0,1,2,-0.5682092695999662,-0.06648130119196391,0
3918,0,1,0,0,0,1,0,0,1,1,0,1,2,1,0,1,0,0,0,0,-0.45692212618719896,0.15633572195423578,1
3919,0,2,1,0,0,2,0,0,1,1,0,1,2,0,1,0,1,0,0,1,-0.7122544143267535,-0.9766861659723765,0
3920,0,0,1,0,0,0,1,1,1,0,0,1,0,0,2,1,2,0,2,0,0.08729291325660458,-0.33027249756754734,0
3921,0,1,1,0,0,1,0,0,1,0,1,0,1,1,0,1,0,1,1,1,0.28445671859615596,-1.7716838682566671,0
3922,0,1,0,0,0,0,0,0,0,0,0,0,1,1,0,1,1,1,0,0,-0.6556972409326319,-0.03453994743021416,1
3923,0,1,1,0,0,0,0,0,1,0,0,1,1,0,0,0,0,0,0,1,-1.6670118312090656,-0.44382063902267954,0
3924,1,0,0,0,0,1,1,0,1,1,0,0,2,0,1,1,0,0,2,1,-1.4679608109320348,0.20045534577304241,0
3925,0,0,0,0,1,1,0,0,1,2,1,0,1,1,0,0,0,0,1,1,-0.4432850763289384,-0.2197186241301755,0
3926,0,1,0,0,1,1,2,0,0,0,0,1,0,1,0,0,0,1,0,0,-0.5394912708541016,-1.526972460932778,0
3927,0,0,0,0,1,0,0,0,1,1,0,0,1,1,0,0,0,0,0,0,1.113057604035685,0.8839307908947325,0
3928,0,2,2,0,0,1,1,0,0,1,1,0,1,0,0,1,0,1,1,0,0.4464175642976406,-0.04421526329629999,0
3929,0,0,1,0,1,1,1,0,1,1,0,0,1,0,0,1,1,1,0,1,1.6946864003186979,0.8553159142949385,1
3930,0,0,2,0,0,2,0,0,1,1,0,1,0,2,0,0,0,0,1,0,0.5819597493336485,0.9423466812154391,0
3931,0,1,1,1,1,0,0,0,1,1,0,1,2,0,0,0,0,0,0,2,0.11590422327882294,-0.004421892166367181,1
3932,0,1,1,0,0,0,0,0,1,2,1,0,0,0,0,1,1,0,0,0,1.0296057811658597,0.9311038721597251,1
3933,1,2,1,0,1,2,0,0,0,1,2,1,1,1,0,1,0,0,1,2,1.6026718308426027,0.584089045064351,0
3934,0,0,1,0,0,0,0,0,0,2,0,1,1,0,0,1,0,0,1,0,0.40189382514842353,0.6204044779546811,1
3935,1,1,1,0,0,1,0,0,2,0,0,0,1,0,0,1,1,1,1,0,-0.846929773684827,-0.9800183781372777,0
3936,0,0,2,0,0,0,0,1,2,1,1,0,1,1,1,0,1,0,0,1,-0.15499354773723853,-0.9456294031683886,0
3937,0,1,0,0,1,0,0,1,1,1,0,1,0,0,0,2,1,2,0,0,0.9294224782154765,0.31987326657638565,0
3938,0,2,0,0,1,2,0,0,2,1,0,1,2,0,0,1,1,0,0,1,1.8091127019851159,-0.8107900541335133,0
3939,0,1,1,0,0,1,0,0,2,1,0,1,0,1,0,1,2,1,1,0,-0.9963359939603921,-1.1080352466920016,0
3940,0,0,1,0,1,0,0,0,1,1,0,0,1,0,0,1,0,0,1,1,0.23555490844934243,-0.24468048909344586,1
3941,0,0,0,0,1,1,0,0,1,1,0,1,0,0,0,0,1,0,1,0,0.5125712785804561,-0.30477304683191964,1
3942,0,1,1,0,0,1,0,1,0,0,0,0,0,0,0,1,2,1,0,1,-0.26526131013309434,0.35301589192113514,0
3943,0,0,2,0,0,2,0,0,1,0,0,2,1,0,0,0,1,0,1,1,-0.1930545313616113,0.31646807929890336,0
3944,0,0,1,0,0,1,0,0,0,1,1,0,2,0,1,1,0,2,1,2,0.5047280562045522,1.3924129648501367,0
3945,0,0,0,0,0,1,1,0,1,1,0,1,2,0,0,1,1,2,2,1,-0.8465037250709163,0.03545358768581189,0
3946,0,2,1,0,0,2,0,0,2,0,1,0,0,1,0,1,2,0,0,0,0.6315098622696559,-0.9428990340991645,1
3947,1,1,0,0,0,0,1,0,1,2,0,1,1,0,0,0,2,1,1,0,-0.9858589069919276,-0.12812982073869716,0
3948,1,0,1,0,0,0,0,0,1,0,0,0,0,1,0,1,0,1,1,1,-0.4216139386455282,-0.1803124208182633,0
3949,1,1,2,0,0,2,0,0,0,0,1,1,1,0,0,0,0,0,1,0,1.232018102255471,0.14525895874628678,0
3950,0,0,2,0,0,1,0,0,1,0,0,0,1,0,0,1,1,0,0,1,0.4642994351731958,2.259549325595129,1
3951,0,1,1,0,0,0,0,0,1,1,1,0,1,0,0,2,1,1,1,0,0.6916254492203218,-0.8815355972819322,0
3952,0,1,1,0,0,2,0,0,2,1,1,0,0,1,0,0,0,0,0,0,0.8644483930641726,-2.0200948963370893,1
3953,0,0,0,1,0,2,0,0,0,0,1,0,0,1,0,1,1,0,1,0,-0.6396645230219432,0.5976511258900744,0
3954,0,1,2,0,0,1,0,0,1,0,1,1,0,0,0,2,0,2,2,0,-0.831825983267023,0.15019887949113772,0
3955,1,0,2,0,2,1,0,1,1,1,0,0,1,0,0,0,1,0,0,1,-2.4443570357581637,-2.541365897928336,1
3956,0,0,0,0,0,2,0,0,2,0,0,0,1,1,1,0,2,1,0,0,0.9323456630790513,0.756583291337561,0
3957,0,1,1,0,1,2,0,0,0,1,1,1,1,0,1,2,0,1,0,0,-0.5164531082777366,-0.713031481654035,0
3958,1,0,2,0,1,1,0,0,0,2,1,0,0,0,0,1,1,0,0,1,-0.6659691024087585,1.0204668322522459,0
3959,0,1,1,0,0,1,0,1,2,1,0,0,0,0,1,2,0,1,0,1,0.601434379024138,0.8033581663885688,0
3960,0,1,0,1,0,1,0,0,1,1,1,1,1,1,0,2,1,0,1,1,0.11393035847164777,0.5694872797539886,1
3961,1,1,1,0,0,0,1,0,0,1,2,0,1,1,0,0,2,0,1,1,0.16361215975123686,-0.38993336596867856,0
3962,0,0,2,1,0,2,0,0,0,1,0,0,1,0,1,0,0,0,0,0,0.5108049687055367,1.884949050177899,0
3963,0,0,1,0,1,2,0,0,1,1,0,0,0,0,1,0,0,0,0,0,0.8840123011002164,-0.8989855098200579,1
3964,0,0,1,0,1,2,0,1,1,0,0,0,1,1,0,1,1,0,1,0,0.04846419770321364,0.05576185159461379,1
3965,0,1,0,0,0,1,0,0,0,0,0,1,0,0,1,1,1,0,0,0,0.054757227569735924,-1.4805563443060727,0
3966,1,1,0,0,0,1,1,1,1,0,0,0,1,0,0,1,1,2,0,1,0.709613090884088,0.4248731916433233,1
3967,0,0,1,0,0,0,0,0,1,2,1,1,2,0,1,1,0,1,0,1,-0.5103842660178993,1.7049680479616816,0
3968,0,1,0,0,0,2,0,0,0,1,1,1,1,0,0,0,1,0,0,0,-0.6920352063491692,-1.0863615636108865,0
3969,1,0,1,0,1,1,0,0,2,1,0,1,1,0,0,0,1,1,1,0,-1.9052027455805165,-0.8150936412886105,0
3970,1,0,0,0,0,2,0,1,0,0,0,0,1,0,1,1,1,1,0,0,0.14027195009252247,0.5323066725149865,0
3971,0,0,1,0,1,0,0,0,2,1,0,0,1,0,0,0,0,0,0,0,-0.7378018948557731,-0.9669767141556469,0
3972,0,1,1,0,0,1,0,0,2,2,1,0,1,1,1,1,1,0,2,2,-1.5558915129763857,-0.7208843441691791,1
3973,0,1,1,0,0,1,0,0,1,0,0,1,1,0,0,0,1,0,0,0,0.5247731599227122,-0.41119380045861453,0
3974,0,1,0,0,0,0,0,1,2,0,1,1,1,0,1,1,2,1,1,0,-0.24102917321384734,-1.794597914847609,0
3975,0,1,0,0,0,0,1,0,1,0,1,1,0,0,0,1,1,0,0,0,-0.06003907680153348,0.11243201548303616,0
3976,0,0,0,0,1,1,0,0,2,1,0,0,1,1,1,0,0,0,0,1,-0.9118008403772992,-0.970220180814469,1
3977,0,1,2,0,0,2,0,0,1,2,0,1,0,1,0,2,1,1,1,0,0.06973143837339484,-0.31865272157382996,0
3978,0,1,1,1,0,0,0,0,1,0,0,2,0,0,0,1,2,0,2,0,-2.539026185216555,-0.029997604579536485,1
3979,0,0,0,0,0,1,0,0,0,0,0,0,0,0,0,0,2,0,1,1,0.20613404695244958,0.40775256267744253,0
3980,0,1,0,0,0,1,0,0,2,1,0,0,1,0,0,2,0,1,1,0,-0.32492275899880346,0.006725460109420059,1
3981,0,1,1,0,0,0,0,0,0,2,0,1,0,0,0,2,1,0,0,0,-0.6360460335092366,0.8622010744148227,0
3982,0,1,0,0,2,1,0,1,0,0,0,2,1,1,1,1,1,0,0,1,-0.6168866190777496,-1.0449006110610548,1
3983,0,0,0,0,0,1,0,0,1,1,0,0,1,1,0,0,0,1,0,1,1.5092137394043454,1.5652320080777162,1
3984,0,0,2,0,0,0,0,0,1,1,0,1,1,1,1,1,0,1,1,1,2.849597273958909,1.2810444245459331,0
3985,0,0,1,0,0,0,1,0,2,0,1,0,0,0,0,0,0,1,0,1,0.48753745794403913,-0.7546475501616828,0
3986,0,1,0,1,0,0,0,0,0,0,1,0,0,0,0,1,0,1,1,1,-0.9481259225852978,-0.9946859439942002,1
3987,0,1,1,0,0,1,0,0,1,1,0,1,2,1,1,0,0,0,0,0,0.3281574469425225,-0.7817141324491199,0
3988,0,2,1,0,1,0,1,1,0,0,2,0,0,0,1,2,2,1,2,0,0.41938357832031636,-1.8512970014808472,1
3989,0,0,2,1,1,1,0,0,0,0,0,0,0,0,1,1,0,1,2,0,0.10469404697472164,1.9081157413387717,0
3990,0,1,0,0,0,2,0,1,2,1,0,1,0,0,0,2,1,0,0,0,-1.0013543087912133,-0.19042272368580626,0
3991,0,0,0,0,1,0,0,0,1,2,0,1,0,0,0,0,1,0,0,0,-1.304397894174947,-0.2903882795478722,0
3992,0,1,0,0,1,0,0,0,1,1,1,1,0,0,0,1,1,0,0,1,1.4580928197811893,3.255308926978317,0
3993,0,0,1,0,0,1,0,0,1,1,0,0,1,1,0,0,0,1,1,0,-0.07080527526936453,0.9896415757984985,1
3994,0,1,0,0,0,2,0,0,2,0,1,0,1,1,0,1,1,2,1,2,0.9635361860111058,-0.18181889020128095,0
3995,0,0,1,0,1,0,0,0,2,0,2,1,1,0,0,0,1,2,0,1,-0.4229599431428227,-0.9501744544150494,0
3996,0,1,0,0,1,1,0,0,1,0,0,0,1,1,0,1,1,1,1,0,-0.5985152840442207,-0.4872096459725814,0
3997,1,1,1,0,1,0,0,0,0,2,1,2,1,0,0,0,0,0,1,1,1.99833757706948,0.963397564633163,1
3998,0,0,0,0,0,0,1,0,2,1,0,1,1,0,0,0,0,0,1,0,-0.7315370233056333,-0.6638545125749367,1
3999,0,0,2,0,0,1,0,1,0,0,0,0,1,0,0,0,1,1,1,0,1.5910808386121464,-0.2505686335935675,1
4000,1,2,0,0,0,1,0,0,2,0,0,1,0,1,0,1,1,0,1,1,-0.009398376931083736,-0.8565423474739129,0
4001,0,0,1,0,0,0,1,0,2,1,0,0,2,1,1,1,1,0,0,0,0.796094932977211,-0.6984136205648355,0
4002,0,0,0,1,0,1,0,0,1,1,0,0,1,0,0,1,0,1,2,0,0.4592913125002054,-1.5845625272439814,1
4003,0,0,1,0,0,1,1,0,2,0,0,0,0,0,1,0,1,1,1,1,-0.3729193012997164,-0.009845041269968907,0
4004,0,0,1,0,0,2,0,0,1,1,0,1,0,0,0,1,1,1,2,0,-0.5723187975214813,-1.8068835407301738,1
4005,0,1,0,0,1,1,1,1,1,1,0,0,1,1,0,2,1,1,1,2,-0.15269087908189818,-0.34359760983825327,1
4006,0,0,1,0,0,0,0,1,1,1,0,0,1,0,0,2,0,0,0,0,0.8401353113973332,1.7559151835078746,1
4007,0,0,0,1,0,0,0,0,0,1,0,0,1,0,0,1,0,0,1,0,-1.8347291914167931,-0.8226916392429615,0
4008,0,0,0,0,0,0,0,0,0,0,0,1,0,0,0,1,1,0,1,0,-0.2156415427375491,1.4602495073283652,0
4009,0,2,1,0,0,1,0,1,0,1,0,0,1,0,0,0,1,0,1,0,-1.4165060246031913,-1.5153029590237557,0
4010,0,1,0,0,1,1,0,0,0,1,0,1,1,0,2,1,1,0,1,1,0.5794172648120928,1.2029589737251576,1
4011,0,0,1,0,0,1,0,1,1,2,0,1,0,1,0,1,1,0,1,0,0.2157397623378002,-0.0624383881810201,0
4012,0,0,2,1,0,0,0,1,2,2,0,1,1,0,0,1,0,0,1,1,-0.6941441744487843,1.0680494352701322,0
4013,0,1,1,0,0,1,0,1,1,0,1,0,0,0,0,0,1,1,1,1,0.5190900903013218,0.41996119431457146,1
4014,2,1,1,1,0,1,0,1,2,0,0,0,0,0,0,0,1,1,1,1,0.19524346751278507,-0.622260426030939,0
4015,0,0,1,0,0,1,0,0,1,1,0,0,1,1,0,1,2,0,2,1,-0.8250826598470801,-1.2509060854844685,0
4016,0,1,1,0,0,1,0,0,1,1,0,2,0,0,0,0,1,0,1,0,0.2569783047133653,0.4570147250006515,0
4017,0,0,0,0,0,0,0,0,0,1,0,1,1,0,0,1,1,0,2,0,-0.8300312700429126,-0.9005393865169362,1
4018,0,0,0,0,0,1,1,0,1,1,0,2,0,0,0,0,1,0,0,1,-1.672265152737131,-1.5792368169125375,1
4019,0,0,0,0,0,0,0,1,2,0,0,0,1,0,0,1,0,1,2,2,-0.6692552174817025,0.4916487399557918,0
4020,1,0,2,0,1,0,0,0,2,1,0,0,1,0,0,2,1,0,2,1,0.0838524867174655,-0.1606473185855818,0
4021,0,0,1,0,0,2,1,0,1,1,0,0,0,0,0,1,0,0,1,0,-0.8555495172238742,-0.9237247378106668,0
4022,0,0,0,0,1,1,0,1,1,1,1,0,0,1,0,2,1,0,2,1,0.8534381026892183,1.2542520492659537,0
4023,0,0,1,0,1,1,0,1,0,1,0,1,0,0,0,1,0,1,1,0,0.17818903950078605,0.2653265691160744,0
4024,0,1,1,0,1,1,0,0,1,1,1,1,1,1,0,0,2,1,2,1,1.0431143499413031,-1.0034161667043262,0
4025,0,0,1,0,1,0,0,0,1,1,2,2,1,0,0,2,1,0,0,1,1.1790963832310566,-0.12109345901598093,1
4026,1,0,0,0,0,0,0,0,1,1,2,1,1,1,0,1,1,1,0,1,-0.05081905589299167,0.36593406325085237,0
4027,0,0,1,0,0,0,0,0,1,1,1,2,0,1,0,0,0,0,1,1,-1.474027428088553,-0.5652249599512701,0
4028,0,0,1,0,0,1,0,0,0,0,1,2,0,0,0,0,0,0,2,1,0.30839140479720145,-2.371409362686419,0
4029,0,1,1,0,0,0,0,1,1,0,0,1,1,0,1,0,0,0,1,1,-0.11761201802792705,-1.2301915104762156,0
4030,0,1,0,0,0,0,0,0,2,0,1,0,0,0,0,1,1,2,2,1,0.2877426977529122,0.5286959157808331,0
4031,0,1,2,0,1,2,0,0,0,1,1,1,0,0,0,2,1,1,1,1,0.20018146409801874,0.1469145299308317,0
4032,0,1,2,0,0,0,0,0,0,2,0,0,1,0,1,0,0,1,2,0,1.6453178745465666,-0.5986374856781651,1
4033,0,2,1,0,1,1,1,0,1,0,0,0,0,0,0,1,2,0,0,2,0.9442730727521056,1.0244769800515643,0
4034,1,1,0,0,0,1,0,1,1,0,1,0,1,1,0,2,1,1,1,0,-0.6613588870390062,-0.6331998448623215,0
4035,0,1,1,0,1,1,0,0,2,1,0,0,1,0,0,2,1,0,0,0,-1.1242477027935207,0.09433573179970889,0
4036,0,0,0,1,0,1,0,0,2,1,0,1,2,0,0,0,0,1,1,1,-0.8260042063447742,-0.6744793017434831,0
4037,0,0,2,0,0,2,1,1,1,0,0,1,0,1,0,1,1,1,1,1,0.24097986435641047,-1.1529578558353828,0
4038,1,0,1,0,0,1,0,0,0,0,1,1,0,0,1,0,2,2,0,2,-0.3969555949230822,-0.5578610989369222,0
4039,0,1,1,0,1,0,1,0,2,0,0,0,0,0,0,1,2,1,1,1,1.9323415564616027,0.23681185667095317,1
4040,0,1,0,1,0,1,0,0,2,2,0,0,0,1,0,0,1,1,2,1,-0.915835945600558,0.5961993073252783,0
4041,0,1,2,0,0,1,1,0,1,0,0,0,0,0,0,2,1,0,0,1,0.4286296311099272,-0.27735999476061146,1
4042,0,2,1,1,0,1,1,0,1,0,0,0,1,0,1,1,2,1,2,1,0.3423039772527064,0.5079308678363527,0
4043,0,0,0,0,1,1,0,1,2,1,0,0,1,0,0,2,1,1,1,0,0.09832128573323343,0.9251968801369118,0
4044,1,0,0,0,0,1,0,0,0,1,0,0,2,0,0,0,1,1,0,0,-0.2815414878639589,-0.9222430095475532,0
4045,1,1,1,1,0,1,0,0,0,0,0,1,1,2,1,2,1,1,1,1,1.1007266319976423,0.7329551508579882,0
4046,0,0,1,0,1,1,1,0,1,1,1,1,2,1,0,2,2,0,2,1,-0.9745517575756054,0.15421086816134702,0
4047,0,1,1,0,0,1,0,1,1,0,0,1,0,0,0,1,0,1,0,0,-0.36440059966188326,-0.13470161601245356,1
4048,0,0,0,0,0,1,0,0,1,1,0,1,0,0,0,0,0,0,1,1,-0.9736466267198365,-0.7129826423642529,0
4049,0,1,1,1,1,1,0,0,1,0,0,0,0,0,0,0,0,1,0,0,-1.7825393442119435,-0.43356231556115293,0
4050,0,1,0,0,0,0,0,0,2,2,0,0,1,1,0,1,1,0,1,0,2.072997608331293,0.09201058727759337,0
4051,0,1,0,0,0,0,0,0,1,1,0,1,1,1,0,2,0,0,0,1,0.6841100256781352,1.8389554104689139,0
4052,0,1,0,0,0,1,1,0,2,0,0,0,0,0,0,1,1,0,1,0,0.5829625260911246,1.2114689140439023,1
4053,0,0,1,0,0,2,0,1,0,0,1,0,1,0,1,2,0,1,1,1,0.3485334473657562,0.8500891937157551,0
4054,1,0,0,0,0,0,1,0,0,0,0,1,2,0,1,0,0,1,2,1,0.5576259731038156,0.7351714744410853,0
4055,0,0,1,0,0,1,1,0,1,1,0,0,1,0,0,1,0,0,0,2,1.0835699796999743,0.3491910657273752,0
4056,0,0,1,0,1,1,0,0,1,0,1,0,0,0,0,1,1,0,1,1,0.8669634899442167,0.9300198565966364,1
4057,0,0,1,0,0,1,1,0,0,1,0,0,2,0,0,0,2,1,1,1,-1.381002256382341,-1.045906695170375,0
4058,0,1,1,0,0,0,1,0,1,0,0,2,1,0,0,1,1,1,0,1,0.4938615880675747,-0.01765601464805515,0
4059,0,1,1,0,0,2,0,0,0,1,0,0,1,1,0,1,0,1,0,0,-0.3883027217552124,1.2478661537006812,0
4060,0,1,2,0,0,1,0,1,2,2,0,1,0,0,1,0,1,1,0,0,0.03502110833586283,-1.2051791624657482,0
4061,0,1,2,0,1,0,0,1,0,0,1,1,0,1,0,1,1,0,1,0,-0.6533281902770379,-0.12047279732275346,1
4062,0,1,0,0,0,0,0,1,0,0,1,0,1,0,0,0,2,1,2,0,-0.5603266071391763,-1.0982348475727572,1
4063,0,1,1,0,0,1,0,0,1,1,1,1,1,0,0,1,0,0,1,1,1.1025631362475223,0.9467222307949672,1
4064,0,0,1,0,0,1,0,1,0,0,0,1,1,0,0,1,2,0,2,1,-1.2213995349984226,-0.8002647519854715,0
4065,0,0,1,0,0,1,0,0,0,0,1,1,1,1,0,1,1,1,2,2,-0.3032940181105789,-1.2470250141561015,0
4066,0,0,0,0,1,2,0,0,2,1,0,0,0,0,1,0,2,0,2,0,-1.2577815327821065,-1.2092668520326801,1
4067,0,0,1,0,1,2,0,0,1,0,0,1,0,0,0,0,1,1,1,0,0.056558213987865875,1.1682860868554779,0
4068,0,1,1,0,0,2,0,0,1,0,0,1,1,0,0,0,0,0,0,0,0.4459478551573689,0.18319146827978966,1
4069,0,1,1,1,0,0,0,2,0,1,1,1,1,0,1,2,0,0,1,1,0.6634434877191192,0.39187505227437225,0
4070,0,0,1,0,0,0,0,0,2,2,0,0,0,1,0,2,0,1,0,0,-0.8794215678858321,1.3905936675527917,1
4071,0,1,1,0,0,2,0,0,1,2,1,0,1,0,0,2,0,0,0,0,-1.9554263190752577,-0.9509238891882509,0
4072,0,0,1,0,0,1,0,0,1,2,1,0,2,1,0,0,1,1,1,1,0.3952680080073929,0.28467144701811453,1
4073,0,1,1,0,0,2,0,0,1,0,0,1,0,0,0,1,1,1,0,1,-1.7789826423407757,-1.7230258015476538,1
4074,0,0,0,0,0,2,0,0,2,1,0,1,0,0,0,0,0,1,0,1,0.4064469204363624,1.1995043811608253,1
4075,0,1,1,0,0,0,0,0,1,0,1,1,1,0,0,1,0,1,1,1,-0.22144866181743994,-1.0274230164437474,0
4076,1,2,2,0,0,0,1,1,2,1,0,0,0,0,1,1,0,1,0,0,-0.4197258713918009,0.7558562900162809,0
4077,0,1,0,1,0,1,0,0,0,1,1,1,1,0,0,2,0,0,1,0,1.413414674687024,0.5512468190786192,0
4078,0,0,0,0,1,1,0,1,1,0,0,0,0,0,0,0,2,0,1,1,0.7398360412686236,-0.5690539191983539,0
4079,0,1,0,0,0,1,1,0,1,0,0,0,2,0,1,0,0,0,1,0,-0.8874315785838127,-0.11735200662678158,1
4080,0,1,1,0,0,0,0,0,0,1,0,1,0,0,0,0,0,1,1,1,-1.7955297862114836,-1.7265433307297755,0
4081,0,1,0,0,0,0,0,0,2,0,1,0,0,0,0,0,1,0,1,1,-1.3458734413929552,0.6667540175074693,0
4082,0,0,0,0,0,0,0,0,0,0,1,0,0,0,1,0,0,1,2,0,0.25840544004317106,-0.2939092411683802,1
4083,0,0,1,1,0,2,0,0,2,0,0,0,1,0,0,0,0,0,0,0,0.9882686246459796,0.9726209560050662,1
4084,0,0,0,0,0,1,1,1,1,1,1,1,1,1,2,2,2,1,0,0,-1.9548218573203502,-1.40522682677389,0
4085,1,0,1,0,0,1,0,0,0,1,1,1,0,1,0,0,0,2,1,0,0.3949423233817331,-0.338221899142471,0
4086,0,1,0,0,0,1,0,0,1,0,0,1,1,0,0,0,0,0,1,0,0.743203523538423,-0.45130327210924776,1
4087,0,2,0,0,0,1,1,1,0,0,1,0,2,0,0,2,0,0,0,0,0.516574448218662,0.19588528455564336,0
4088,0,1,1,0,0,0,1,0,0,0,0,0,1,0,1,1,2,1,1,1,-1.3817864087434797,-0.038519091144102346,1
4089,0,2,0,0,0,0,0,0,0,0,0,0,0,0,0,2,1,1,1,1,0.08502511020464379,1.9255949061099717,1
4090,0,1,2,0,0,0,0,0,1,1,1,1,1,1,0,2,0,1,0,0,-0.7246329182734247,0.3604468247339623,0
4091,1,0,0,0,0,1,0,1,1,1,0,1,1,1,1,1,1,0,1,1,-1.0996963043019232,0.4399364988427819,1
4092,0,0,1,0,0,0,0,0,0,1,1,0,2,0,0,2,0,1,1,1,-1.7546526782803804,-0.20277615756931947,0
4093,1,0,0,0,0,0,0,0,2,0,0,0,0,1,0,0,2,0,1,0,-0.24526602707964656,-0.1628293168988473,0
4094,1,1,1,0,0,1,0,1,0,0,2,1,0,0,1,0,2,0,1,0,1.0351294882969684,-0.7727815352274883,1
4095,0,1,1,0,1,1,0,0,1,1,1,1,1,0,0,2,0,0,0,1,-1.0974230131914056,-1.0302027460971412,1
4096,0,1,0,0,0,2,0,1,1,0,0,0,0,1,0,1,1,1,1,1,-0.16331007023962638,0.6640717156613132,0
4097,0,1,2,1,0,0,1,0,1,0,0,0,1,0,0,1,1,0,2,0,0.43379842287668885,0.23162691542795738,0
4098,0,2,2,0,0,1,0,0,1,0,0,0,0,0,0,0,1,1,2,0,0.5196440875146552,0.6877841781515901,1
4099,0,1,1,0,0,1,0,0,1,1,0,1,1,0,1,1,0,1,1,0,-1.3683147171993215,-1.644539176539185,0
4100,0,0,2,0,0,0,0,0,1,0,1,0,0,0,0,2,1,0,1,1,0.24236988410683427,1.0169240462694031,0
4101,0,1,2,0,0,2,0,0,1,0,1,0,0,0,0,1,0,0,0,1,1.5089794058149413,0.47306450302877556,1
4102,0,0,2,0,0,1,0,0,0,0,2,1,1,1,0,0,1,0,1,0,0.6697915835011631,1.2545268669387974,1
4103,0,0,0,0,0,1,0,0,0,0,0,1,0,0,1,1,1,1,0,0,-1.0425632331917514,-2.082495639434334,0
4104,0,0,1,0,0,2,0,0,1,1,0,2,1,1,0,2,0,1,0,1,-1.1969878588007603,-0.8202777519661526,0
4105,1,0,1,0,0,0,0,0,1,0,1,0,2,0,0,2,0,1,0,1,-0.07991585138187857,2.441834316227935,1
4106,0,0,0,0,0,0,2,0,2,0,0,0,0,1,0,2,1,0,1,0,-0.050806976220234605,-0.8520452515319229,1
4107,0,0,0,0,0,1,0,0,2,1,2,2,2,0,0,0,2,1,1,1,0.609968799226057,-0.9762545238181051,0
4108,0,0,0,0,0,2,0,0,1,0,1,0,2,0,0,0,1,0,0,0,-0.04668017463215995,-0.39451114638934637,1
4109,1,0,0,0,0,1,0,0,1,1,0,0,2,0,1,1,0,0,0,0,-0.6523894495247788,0.9396008076857512,1
4110,0,1,1,1,0,1,0,0,1,0,1,1,0,1,0,0,0,1,1,1,0.08548636789255606,0.832207720756983,1
4111,0,1,0,1,0,1,0,0,2,0,0,1,1,0,0,1,0,0,2,2,-0.6245980611144809,0.5984070042311164,0
4112,0,1,0,0,0,2,0,0,1,1,1,0,0,0,0,0,0,1,1,1,0.5336839734039941,0.08846391558242732,1
4113,0,0,0,0,1,2,0,0,1,1,0,0,2,2,0,1,2,1,0,0,-1.2368221644858568,-0.19712733049567055,0
4114,1,0,0,0,1,2,0,0,1,0,0,1,1,0,0,1,1,0,1,1,0.4991320996181375,-0.7823693169312529,0
4115,1,1,0,0,0,0,0,1,2,0,0,0,1,0,0,0,1,0,0,0,-1.0558106149773978,-0.5044648200472014,0
4116,1,1,0,0,0,0,0,0,1,1,0,0,1,0,0,2,1,0,2,0,-0.12636342344017867,0.7812660095541868,0
4117,0,0,1,1,0,2,0,0,0,0,0,0,1,0,0,1,0,2,1,1,-1.2163354455669855,0.6791572282217884,0
4118,0,0,1,0,1,0,0,0,2,0,1,0,0,0,0,0,1,0,2,1,0.5761977237451197,1.0693862457477836,0
4119,0,0,1,0,0,2,0,0,1,0,1,1,0,0,0,0,0,1,1,1,-0.520763860527522,-1.7218312636678044,0
4120,0,0,1,0,0,0,0,0,1,0,2,0,0,0,1,1,1,0,1,1,-0.7529392441793227,0.6136737944557749,0
4121,0,1,0,0,0,1,0,0,1,0,1,0,0,0,0,0,0,1,0,1,0.055282024722992575,-0.33289511216513906,0
4122,0,0,0,0,0,1,0,0,2,0,0,0,1,0,0,0,0,0,0,1,0.8467828471547814,-0.30930616105670006,1
4123,0,0,0,0,1,1,0,0,0,1,0,1,1,1,0,1,0,1,1,0,1.327964720270867,1.6165545820368479,0
4124,0,1,0,0,0,2,1,0,1,1,0,1,0,0,0,0,1,0,0,0,-0.2681506199274086,0.0920567977026931,0
4125,0,1,0,0,0,0,0,1,1,0,1,1,1,1,0,1,0,0,1,1,-0.06812545529054177,-1.2503681409321807,0
4126,0,1,1,0,0,1,0,1,2,1,1,1,0,1,1,0,0,0,0,1,-1.1737980525663192,-0.4083942480397921,1
4127,0,1,1,0,1,1,1,0,1,0,0,1,1,0,0,2,2,1,0,1,0.05682310495824234,-0.8539245731523473,1
4128,0,0,0,0,0,1,0,1,1,1,0,0,1,0,2,1,2,0,1,1,0.21643876113307042,-0.7650455395370409,0
4129,0,0,2,0,1,0,0,0,2,1,0,2,0,1,0,0,0,0,0,1,-0.01977399529039807,0.24725273335545458,0
4130,0,0,1,0,1,2,0,0,0,1,1,1,1,0,0,1,1,0,0,2,1.0255042871171967,-1.0835272948076706,0
4131,0,0,0,0,0,2,0,0,1,2,0,1,0,0,0,1,0,1,0,0,0.652885914747432,0.9099050538035754,0
4132,0,0,0,0,0,2,0,0,1,0,0,0,0,1,0,1,1,0,1,0,-1.1747734577313422,0.4388202052260783,0
4133,0,0,0,0,0,1,0,1,2,0,0,0,1,0,0,1,0,0,2,0,2.093360492557939,0.8589372374413226,1
4134,1,0,0,0,0,0,0,0,1,0,0,0,1,1,0,1,1,1,1,1,0.12405923563063351,0.4187173133423515,0
4135,0,1,1,0,0,2,0,0,1,1,1,0,0,0,1,0,1,0,1,1,-1.6607809243403908,-1.610210541968382,0
4136,0,0,1,0,0,1,0,0,1,1,0,0,0,0,0,1,1,1,2,0,0.014642138485874187,-0.11867031576187748,0
4137,0,0,0,0,1,0,1,0,0,1,1,0,1,1,0,1,1,0,2,0,0.5631357876529969,0.9918971723918837,0
4138,0,0,1,0,1,0,1,0,1,1,1,0,0,1,1,1,1,0,1,1,-0.8894618683944167,-1.3681602773729886,0
4139,0,0,1,0,0,0,0,1,2,1,1,0,0,0,0,2,0,0,1,2,-1.2490122185449177,0.6252788797640785,1
4140,0,1,1,0,0,1,0,0,0,1,0,1,0,0,0,0,2,0,1,0,0.04354229565338761,0.7972025260181155,0
4141,0,2,0,1,0,2,0,0,1,1,0,0,0,0,0,1,2,0,0,0,-2.058687950341668,-1.7921880906269227,0
4142,0,0,1,0,0,2,0,0,0,1,1,1,1,0,1,0,0,0,1,1,-1.0376920995145897,-0.15770128287976698,0
4143,0,2,1,0,1,0,0,1,2,1,1,0,2,0,0,1,1,1,1,0,0.6276073042263799,-1.5191952270980358,0
4144,1,0,0,0,1,2,0,0,1,0,0,1,1,1,0,0,0,0,0,1,0.09540039568185141,1.2208378824375692,0
4145,0,1,1,0,0,0,0,1,2,1,0,1,2,0,0,1,1,0,0,0,0.3890583025712761,0.13655230061511286,1
4146,0,0,0,0,0,2,1,0,1,0,0,0,0,1,1,1,0,1,1,0,-0.539492542010654,-0.027994235278988852,0
4147,0,1,0,0,0,1,0,0,0,0,0,0,2,0,0,1,0,1,0,0,-0.04027329790774363,-1.6057940187531086,0
4148,0,0,2,0,0,2,0,0,1,1,0,1,1,0,0,0,1,1,1,0,-1.3024605400460338,0.3977873600299244,0
4149,0,1,0,0,0,1,0,0,1,0,0,0,1,2,0,2,1,0,0,0,-2.099743916986326,-1.3617710198126654,0
4150,0,1,0,0,0,1,0,1,1,1,0,0,0,1,1,0,1,1,1,0,-1.5713863362244056,-1.5101511243962502,1
4151,0,0,0,0,1,2,0,1,1,0,1,1,0,0,0,0,1,1,1,2,0.6878305982234957,-0.691801127567724,0
4152,0,0,2,0,0,1,0,1,1,1,0,1,0,0,0,1,0,2,0,1,-1.0210411106656725,0.9857497137364339,0
4153,1,0,1,0,0,0,0,0,0,0,0,0,0,0,0,0,0,1,0,1,-0.5697552138025309,-1.011202090710347,0
4154,0,0,0,0,0,1,0,0,0,1,0,1,2,0,0,1,1,2,0,0,-1.4227017014395467,-0.07176062870646949,0
4155,1,0,0,1,1,1,0,0,1,0,0,1,1,1,0,1,1,1,1,1,0.3398024254585154,-0.15905062999393027,0
4156,0,1,1,0,0,0,0,0,1,0,1,2,1,0,0,0,0,1,1,0,-0.11514749561829404,0.06790190779636518,0
4157,0,0,0,0,1,2,1,0,0,0,1,0,0,1,1,1,1,0,0,0,0.3150702258807202,0.7547733922537383,1
4158,0,1,0,0,0,1,0,0,0,1,0,0,0,0,0,2,1,1,1,0,-0.7270859454003303,-0.5296340978812846,0
4159,0,1,0,2,0,1,0,0,1,0,0,0,1,1,1,0,0,0,0,0,0.7380038189902508,-0.057845955114621816,0
4160,0,1,1,0,0,1,0,0,0,0,0,1,0,1,0,0,1,0,1,0,-0.04212539772385351,0.0679966178274913,1
4161,0,1,2,1,0,2,0,1,1,1,1,1,2,1,1,1,0,1,2,1,-0.1844233393280092,-1.3484785469177965,0
4162,0,1,1,0,0,0,0,0,0,0,0,0,1,0,0,2,0,1,0,2,0.7948616834911406,0.34461081641009994,1
4163,0,1,1,0,0,2,0,0,1,0,0,0,0,0,1,1,1,1,2,0,0.7753880981058477,0.6783585601346018,0
4164,0,1,1,0,0,1,0,0,0,1,0,1,1,0,1,1,0,2,2,1,0.06239029652954596,0.360757467555309,0
4165,1,2,0,0,0,2,0,0,1,1,1,0,0,0,0,0,1,0,0,1,-0.656190625253183,-1.8778138946628498,0
4166,0,0,1,1,0,2,0,0,2,0,0,1,0,0,0,2,1,0,1,1,0.16945116182731976,-1.1136118848740666,0
4167,0,1,0,0,0,1,0,0,1,1,0,1,0,0,0,2,0,2,1,0,0.28237946492066845,1.0396341787370218,0
4168,0,0,1,0,0,1,0,0,0,1,0,1,1,1,0,0,1,0,1,2,-1.077794239763667,0.3408749206752405,1
4169,0,0,1,0,0,1,1,1,0,1,1,1,0,0,1,0,1,2,2,0,-0.49289844117352455,-1.3481316615373784,0
4170,0,1,0,1,0,0,0,0,1,2,2,2,0,0,1,0,0,1,0,0,-2.2366840634348524,-2.006861842653449,1
4171,0,1,2,0,0,2,1,1,0,0,1,1,0,1,0,2,0,0,0,2,1.0879331153702119,1.3675603393642475,0
4172,1,0,1,0,0,1,0,0,1,0,0,0,0,0,0,0,2,1,2,1,1.8225120731149769,1.8327565246389572,1
4173,1,0,1,0,0,1,0,0,1,1,1,1,0,0,0,0,2,0,1,1,0.8333120551270662,-0.43093197054065036,1
4174,0,1,1,0,0,0,0,1,1,1,0,1,0,1,0,1,1,0,1,0,0.46432631361579085,-0.1602713190901224,1
4175,1,1,0,0,0,0,0,0,1,0,0,0,1,1,0,0,1,2,1,1,-0.49273039036554983,-0.3199691524720477,0
4176,0,1,0,0,0,1,0,1,2,0,0,0,0,0,0,1,0,0,1,1,0.7495538381821627,-0.636600179205363,1
4177,1,1,2,0,1,0,0,0,1,0,1,0,0,0,0,1,1,0,2,1,-0.39059001860364223,-0.7984553373289419,0
4178,0,1,1,0,1,2,0,0,2,2,0,0,0,0,0,1,2,0,0,0,-1.0915321332052863,0.921700066592912,0
4179,0,1,0,0,0,2,1,1,2,0,0,1,2,1,0,0,1,1,0,1,-2.1766823502636488,-1.0853359266007578,0
4180,0,0,1,0,1,2,0,1,1,0,1,0,1,1,0,1,1,1,0,2,-0.3647143049212243,1.4550684163244507,1
4181,1,1,0,0,0,0,0,1,2,1,2,1,0,1,0,1,0,0,0,0,0.2431011608090197,-0.4314241984434969,0
4182,0,0,1,1,0,2,0,0,2,0,0,0,0,0,0,1,0,0,2,1,1.1999255776367046,1.8571592114207105,1
4183,0,0,1,0,0,2,0,1,1,0,0,1,2,1,0,1,1,1,0,0,0.9967389265195217,-1.7414694841148692,0
4184,1,1,1,0,0,1,0,0,0,1,0,0,1,0,0,1,2,1,0,1,-0.9052057734166638,-0.5519528250887492,0
4185,0,1,1,1,1,1,0,0,1,0,0,1,0,0,1,1,0,0,0,0,-2.0523947206717574,-2.116022718684322,0
4186,0,1,2,0,0,1,0,0,0,0,0,0,1,0,1,1,1,0,1,1,-1.299708932535989,-0.28857432250335036,0
4187,0,1,0,0,1,1,0,0,1,0,0,0,1,0,1,1,0,1,0,0,1.7673156189408723,0.8420593920495935,1
4188,0,1,0,0,0,1,0,0,1,2,1,0,0,1,0,2,2,1,0,0,-1.757410112938536,-0.04543549446928319,1
4189,0,2,0,0,0,1,0,0,1,1,0,1,1,1,0,2,1,1,2,0,-1.1124741879149802,-0.08066457528203003,0
4190,1,1,1,0,0,1,1,0,0,1,0,0,0,0,1,2,1,0,0,0,-0.9110193739160494,1.4700537115234988,1
4191,0,2,0,0,0,2,0,1,1,0,0,0,1,0,0,1,0,2,1,1,1.719280802904818,-0.527585474263715,1
4192,1,0,1,0,0,0,0,0,1,0,1,1,1,0,1,0,2,0,0,0,-0.5406053941434193,-0.831322942291239,0
4193,0,0,0,0,0,1,1,0,2,0,0,1,1,1,0,0,2,1,1,1,1.8818600732823296,0.29232860345637574,1
4194,0,0,0,1,0,1,0,0,0,1,1,1,1,0,1,0,0,1,0,1,0.9656002682830749,-0.16494749318922253,0
4195,1,0,0,0,0,1,0,0,0,1,1,1,1,0,0,0,2,0,1,0,0.783802309421062,1.2389390762364805,1
4196,0,0,1,0,1,1,0,0,0,2,1,0,0,0,0,2,0,1,2,0,-1.2556631186402216,-0.3322963833416884,0
4197,0,1,1,0,0,1,1,1,0,1,0,1,1,0,1,0,1,1,0,0,0.21521887876116494,-0.7548225081302916,1
4198,0,1,2,1,0,1,0,0,1,1,1,0,0,0,0,1,0,1,1,2,-0.3682935084032523,0.6987415264535279,1
4199,1,0,0,0,0,1,0,0,1,1,0,0,1,1,1,1,2,0,1,1,0.5655412480378307,1.3543962026696266,0
4200,0,0,0,0,0,1,0,0,0,0,1,0,1,0,0,1,1,0,1,1,1.45269687658668,-0.4257488171037932,1
4201,0,0,2,0,0,1,0,0,1,0,0,1,0,0,0,2,0,0,1,2,0.8147006458822597,-0.491752631785069,0
4202,0,1,1,0,0,1,0,0,1,0,0,1,1,0,0,1,0,1,0,0,-0.45974429708952924,-0.16929192430827336,0
4203,1,0,0,0,0,2,1,0,2,0,1,1,0,0,0,1,0,1,2,1,0.15037424985874615,0.5211618136720206,0
4204,0,1,1,0,0,0,0,1,0,1,0,0,1,1,0,1,0,0,0,1,0.07103582681340331,-1.3384496686971157,1
4205,0,1,1,0,0,0,0,0,1,0,1,0,1,0,1,1,1,1,0,0,-0.8672629354530276,-0.31867116254866695,0
4206,0,1,2,0,1,2,0,0,2,1,2,1,1,0,0,1,0,0,1,1,-0.21899822859960358,-0.7607906932984176,0
4207,0,1,2,0,0,1,0,0,2,1,0,1,0,0,1,0,1,1,0,2,0.9249466159220611,0.9690672089429264,0
4208,0,0,1,0,1,1,0,0,1,1,0,1,2,0,0,0,0,0,1,0,-1.869044993997481,-0.4342779259435731,1
4209,0,2,0,0,0,0,0,1,2,1,1,1,1,1,0,0,1,1,1,1,0.2738621993453005,1.123042932434898,0
4210,0,0,1,0,1,1,0,0,1,0,0,0,0,0,0,1,1,0,0,1,-0.86955270288445,-0.0599036138800384,0
4211,1,0,1,0,0,0,0,0,1,2,0,0,2,0,1,1,0,1,0,0,1.270107960160012,0.969884761153565,0
4212,1,1,1,1,0,2,0,1,1,0,0,0,0,0,0,2,0,1,1,0,-0.0529484830712233,-0.9969152582270107,1
4213,0,0,0,0,0,1,0,0,1,0,1,1,1,0,1,1,1,0,0,0,0.9968388734683874,-1.9423783296646449,0
4214,0,0,0,0,1,1,0,0,2,0,1,1,1,1,1,1,1,1,1,1,-0.4603283130275079,-1.2072425650168408,0
4215,0,0,1,0,1,2,0,1,1,1,0,0,1,1,0,1,0,1,1,0,-1.6159511636755162,-1.7263476092525198,0
4216,0,1,1,0,0,1,0,0,0,1,0,0,1,0,0,2,1,0,1,2,0.9390134042521763,1.5118780269587435,0
4217,0,1,1,0,1,1,0,0,1,0,0,1,1,0,1,0,0,0,0,2,0.3486696650010963,-0.08730240251745214,1
4218,2,1,2,0,0,0,0,1,2,0,0,0,2,0,0,2,0,0,1,0,1.6753649712000336,-0.22047637972380474,0
4219,0,2,1,0,0,2,0,0,2,0,0,0,1,0,0,0,0,0,2,0,-0.11002903968662615,0.1111335038048406,1
4220,1,2,0,0,1,1,0,0,0,0,0,0,0,0,0,0,1,1,1,0,0.40859295433328013,0.8908590931654705,0
4221,0,0,1,1,0,1,0,0,1,0,0,0,2,0,1,2,0,1,1,0,-0.8866800506081736,-1.144513297804204,1
4222,2,0,2,0,1,1,0,1,2,0,0,0,0,0,0,0,1,0,0,2,-1.013425699481482,-0.7660390209950363,0
4223,1,1,1,0,0,1,0,0,1,2,0,0,0,1,0,1,1,1,1,0,-1.3455287806570757,1.8717136331401858,0
4224,0,0,0,0,1,1,0,0,1,1,0,0,0,0,1,1,0,1,0,1,-0.4491020474521222,-0.7127863015161253,0
4225,0,0,0,0,1,1,0,0,0,0,1,1,1,1,1,1,1,0,1,0,-1.3602037689652489,-1.5828602079632437,0
4226,0,0,0,0,0,2,0,0,2,1,1,0,0,2,1,1,1,0,1,1,-0.6649250996062259,0.2531425918863016,0
4227,0,0,0,0,0,2,0,1,0,0,1,1,1,0,1,1,0,0,0,1,-0.6023310362058254,-2.0822059093751495,1
4228,1,0,1,0,0,2,0,0,0,0,1,0,0,0,0,1,0,0,2,2,0.32783574185566966,0.5597506316205435,0
4229,1,0,0,0,0,0,0,1,0,1,1,0,0,0,0,1,1,0,2,0,1.6440488370569666,-0.763154051334108,1
4230,0,1,0,0,0,2,0,0,2,1,0,1,1,1,0,0,0,1,0,1,0.8709205547938159,0.08451578464957035,0
4231,0,2,1,1,0,2,0,0,0,1,0,0,1,1,0,2,0,1,1,1,-0.08757213833375954,0.5086464402732498,1
4232,0,2,1,0,1,1,0,0,0,1,1,1,1,0,0,0,0,1,1,1,1.1258211339533735,-0.146723120122601,0
4233,1,0,0,0,0,0,1,0,1,1,1,1,0,0,0,1,1,1,0,0,-0.21405377123055108,0.8791721867203779,0
4234,0,0,0,0,0,0,1,0,0,1,0,1,1,0,1,0,2,0,1,2,-0.15170035587100192,0.6087653466255135,0
4235,0,0,0,1,1,0,0,0,1,1,0,0,0,1,0,2,1,0,0,0,1.0986953262154946,0.9990052002791754,0
4236,0,1,2,1,1,0,0,0,1,1,0,2,2,1,0,1,1,2,1,1,0.7887876549615518,-0.13932135751157598,1
4237,0,1,1,0,0,0,0,0,1,0,1,0,0,1,0,0,0,0,0,0,0.44787405896563687,-0.2678882646269578,1
4238,0,0,0,0,0,2,0,0,1,1,1,0,1,0,0,0,1,0,2,0,0.8220233027079364,-0.5169799638394007,1
4239,0,1,0,0,0,2,1,0,1,1,1,1,1,0,0,2,1,0,2,1,-0.8517412798153886,0.996523684530251,1
4240,1,0,1,0,0,1,0,1,2,2,1,0,1,0,1,0,2,0,1,0,-0.5865309068050925,-0.825648045592777,0
4241,0,0,1,0,0,1,0,1,0,0,0,0,1,0,0,0,0,0,1,1,0.531168622099188,0.08883638699002175,0
4242,0,0,0,1,0,2,0,0,1,1,0,0,0,0,0,2,0,0,2,2,2.418887132932218,1.9421143033640065,1
4243,1,0,1,0,1,1,0,0,1,0,1,0,1,0,0,2,2,1,1,0,-0.3131888246193704,-0.05191517644466251,0
4244,0,1,0,0,0,2,0,1,0,0,0,0,1,1,0,1,2,2,0,0,0.25123583669468547,0.41229798456781186,0
4245,0,0,0,0,0,0,0,0,2,0,0,0,1,0,0,2,0,1,0,0,0.15691373849831428,0.7531453418025176,0
4246,1,0,2,0,0,0,0,0,0,0,1,1,1,0,0,1,0,0,1,1,-0.1355646248714346,1.6880923825254397,1
4247,1,1,2,0,0,1,0,0,2,1,1,0,1,0,0,0,0,1,1,0,0.7669565040041234,0.9046826199064334,1
4248,1,0,2,0,0,0,1,0,0,1,0,0,1,0,0,2,1,0,1,0,1.1337218425157665,-0.23713292171677236,0
4249,1,0,0,1,0,1,1,0,1,0,1,1,1,1,0,1,0,0,0,1,-0.10302895780229866,0.27938479644351266,0
4250,0,0,1,0,1,0,0,0,1,0,0,1,0,0,0,1,0,1,0,0,-0.3148805689142335,-0.6329895337953733,0
4251,1,0,0,0,0,2,0,1,1,1,0,1,2,1,0,1,0,0,1,1,-2.159627631341838,0.3398736076222384,1
4252,1,0,1,0,0,1,0,0,1,0,0,1,2,0,0,1,0,0,1,0,0.8184927371821663,-0.13456733588582692,1
4253,1,0,0,0,0,2,1,0,1,1,1,1,0,0,0,0,0,0,0,1,-0.2619002237510687,-1.3943909743618799,1
4254,0,2,1,0,0,0,0,0,2,1,1,0,2,0,0,0,0,1,1,1,0.5364910998818319,-0.6124832384152015,0
4255,0,0,1,0,0,1,1,1,0,1,0,0,1,1,0,2,1,1,0,1,-0.35773387495862846,0.9324900814316617,0
4256,0,1,2,0,0,0,0,0,1,0,0,1,1,0,0,0,1,0,1,0,-0.03661278561849035,-1.03769117700373,0
4257,0,1,0,0,1,2,0,0,1,1,0,1,2,0,1,0,1,1,1,2,0.06958271121718686,0.23202025663261142,0
4258,0,0,2,0,0,1,1,0,1,0,1,0,0,0,0,0,1,0,2,2,-1.597105533229792,-0.5961058373019721,0
4259,0,2,0,0,1,0,0,0,1,1,0,0,0,1,1,1,1,1,0,1,-0.22483199164113038,-0.3218415020912944,0
4260,1,1,1,0,0,2,0,0,1,0,0,1,0,0,1,0,2,0,2,1,0.6469290784484472,-0.809914702791188,0
4261,0,1,2,0,0,1,0,0,1,0,0,1,0,0,0,1,0,1,1,1,0.24913619437208984,1.2211644816596763,0
4262,0,1,0,0,0,1,0,0,2,1,1,1,0,0,0,2,0,1,0,0,-0.3380241230619352,-0.8855750473807975,0
4263,0,1,0,0,0,1,0,0,2,1,0,2,1,0,0,0,0,1,1,1,0.8280593615984779,1.0864267889068842,0
4264,0,2,1,0,0,1,0,0,1,1,0,0,1,0,0,0,1,1,1,1,-0.8723388414266864,-0.20637618070133884,0
4265,0,0,1,0,0,1,0,0,1,1,2,0,1,0,0,1,2,0,1,1,0.8820927846015694,0.3395722251836003,0
4266,1,0,0,0,0,1,1,0,1,1,0,0,2,1,0,1,0,1,2,1,-0.7512357470772901,-0.7829514358466497,1
4267,0,0,0,0,0,0,0,0,1,0,0,0,1,1,0,0,1,0,1,0,0.7986261501259215,0.5499247407436584,1
4268,0,0,1,0,0,1,1,0,1,1,0,0,1,0,1,0,0,1,1,1,1.4625352223489083,0.27587491179443474,1
4269,1,0,1,0,1,0,0,1,0,0,1,2,1,0,0,0,1,0,1,1,-1.3871798420163186,-0.21179417669223133,1
4270,2,2,1,0,0,1,0,0,2,1,0,0,1,0,0,0,1,0,2,0,0.2511682005839493,-0.7822670986956768,0
4271,0,0,2,0,0,1,0,1,2,1,0,0,1,0,0,0,2,1,1,0,0.8332410207686427,0.6257833403473853,0
4272,0,2,0,0,0,1,2,0,1,1,1,0,1,0,0,2,1,1,1,0,-0.48227899788786094,1.0356770646834397,1
4273,0,0,1,0,0,0,0,0,1,0,0,1,1,0,0,0,0,0,1,0,-0.15450702577818973,0.06833126152553867,0
4274,1,0,0,0,0,0,0,0,1,0,0,0,0,1,0,1,1,0,1,0,-1.1940079727167525,-0.8118290382456781,0
4275,0,1,1,0,0,0,0,0,1,0,0,0,0,0,0,0,1,1,1,1,-1.325056533702522,0.053346885024756485,1
4276,0,0,1,0,0,1,0,0,0,1,0,1,1,0,0,1,1,0,1,0,1.9334841133060543,0.6446281945473655,1
4277,0,2,2,0,1,1,0,0,0,2,1,1,2,0,0,0,0,1,1,1,-0.9815961801909032,-0.16449639351044154,1
4278,0,1,0,0,1,1,1,1,0,0,2,1,1,0,0,0,0,1,0,0,-0.0962099902573766,-0.7794462857580343,0
4279,1,0,1,0,0,0,0,0,1,1,0,0,1,1,0,2,0,1,1,0,1.2249521137608825,0.6976235242865934,0
4280,0,0,0,0,0,0,0,0,1,1,0,1,1,1,2,1,1,0,2,0,0.0472680179978551,-1.2979903305226488,1
4281,0,1,1,0,0,0,1,0,1,0,1,0,0,1,0,0,0,1,1,1,-1.9048442608286509,-2.010953681785271,0
4282,0,0,0,0,1,0,0,0,0,0,0,1,1,0,0,0,1,1,0,1,-1.976458227085719,-1.1486408514111053,0
4283,0,0,1,0,0,2,0,0,0,0,0,1,1,1,0,1,1,0,1,1,0.47326460521876873,0.6761517573498341,0
4284,0,1,1,0,0,1,1,0,1,1,1,0,0,1,0,2,0,1,1,0,0.909965660952578,0.25308526450974866,0
4285,1,0,1,0,1,0,0,0,0,0,0,0,1,1,0,1,1,2,0,0,-0.5563600156634959,0.45330340930352264,0
4286,0,0,0,0,0,0,0,0,0,1,1,1,0,0,0,1,1,0,0,2,-1.1042568317186532,-0.19354552170676673,0
4287,0,0,1,0,0,0,0,0,2,1,0,0,0,0,0,2,0,0,1,1,-0.29945557274967927,0.023436900171702857,0
4288,0,2,1,1,0,1,0,0,0,1,0,0,0,0,0,0,0,0,1,2,-1.2718218057784951,0.10666655581040285,0
4289,0,1,1,1,0,1,0,0,0,0,1,1,0,0,0,1,0,0,1,1,-1.3031368540263268,0.110653182470142,0
4290,0,1,0,0,1,2,0,0,1,1,0,1,0,1,2,0,0,1,1,1,0.3088557351278527,-0.27615547137711827,1
4291,1,1,1,0,1,1,0,0,1,0,1,0,0,1,0,1,1,2,0,1,-1.3814699257811933,1.4395606625073545,0
4292,0,0,1,0,0,2,0,0,0,0,0,1,1,0,0,0,1,0,1,1,1.2180479350972686,0.2914186738526186,0
4293,0,0,1,0,0,1,0,0,0,0,2,0,1,1,0,1,0,0,0,1,1.461672426226522,-0.9881175572943685,1
4294,0,1,1,0,0,2,0,0,1,0,0,0,0,1,0,1,2,1,2,1,1.1932478591323532,0.09252598391515221,0
4295,0,1,0,0,0,1,0,1,0,0,0,1,1,1,0,2,0,0,1,0,1.5083971576562616,-1.0698745396843163,0
4296,0,0,1,0,0,0,0,0,1,1,0,0,1,0,0,2,0,0,0,1,-0.12372079915287047,0.4467578678153106,0
4297,0,0,0,0,0,1,0,0,2,0,1,0,1,1,0,1,1,0,2,1,-0.33747074304556496,-0.46838005373830627,0
4298,0,1,1,0,1,2,0,1,1,1,0,1,0,1,0,0,1,1,0,1,0.21047760393624554,-0.21343468004298866,0
4299,0,0,0,0,0,1,0,1,1,1,1,1,1,1,0,1,1,1,1,0,0.25929597020697226,-1.8268692336171377,0
4300,1,0,0,0,0,1,1,0,0,1,1,1,0,1,0,0,1,1,0,0,-0.8269784032499911,-0.6876372738866601,0
4301,0,0,0,0,0,0,0,0,0,0,0,1,1,0,0,2,0,2,0,0,0.4750198630745391,0.8228483418951464,1
4302,0,1,0,0,0,1,0,0,1,1,0,0,2,1,1,1,1,0,1,1,-1.9747469455355122,-0.849464040958218,0
4303,0,1,1,0,1,1,0,0,0,0,0,0,0,0,0,1,0,0,2,1,-0.9694885468172751,0.14632965479472254,0
4304,0,0,1,0,0,1,0,1,2,1,2,1,2,0,0,1,1,0,1,1,-0.8562272908689554,0.0527640626856507,1
4305,0,0,0,0,0,1,0,0,0,1,0,1,1,2,0,1,1,0,2,0,0.943304782768489,1.5249949251210224,1
4306,0,0,0,0,1,1,0,1,1,0,2,1,2,1,0,0,0,0,0,0,-0.6241547992780193,-0.99654155846805,0
4307,1,0,0,1,0,1,0,0,1,0,0,1,1,0,1,0,1,1,0,1,0.3522165437319664,-0.08023190375984071,0
4308,0,0,1,0,0,0,0,1,2,1,0,2,1,0,1,2,1,0,2,2,-0.8205927965757327,-0.7472141886374626,0
4309,0,0,0,0,1,0,0,0,1,0,1,1,1,0,1,0,1,0,1,1,0.003216259707767632,-0.026173861566238688,1
4310,0,0,0,1,0,1,0,1,2,0,1,1,1,0,0,0,1,0,0,1,-1.9865505939955648,-1.4152110929101893,1
4311,0,1,0,1,1,0,0,1,1,1,0,2,0,0,1,1,1,0,0,2,1.4199619410377995,-0.2676700433837189,0
4312,1,0,1,0,1,2,0,0,1,0,0,1,1,1,0,2,1,0,2,1,0.005677680153900738,0.06596223643852767,1
4313,0,1,1,0,1,1,0,0,1,0,0,1,0,1,0,1,2,0,0,0,-0.2187143874368943,-0.3081976915414233,0
4314,0,0,1,0,0,0,1,1,1,0,1,1,1,0,0,1,1,0,0,0,-0.04712537643771175,-1.181235833759685,1
4315,0,1,0,0,0,1,0,1,0,1,0,1,0,0,0,1,1,0,1,1,-1.0199987000938204,-0.25996259837962193,0
4316,0,0,0,0,0,1,0,0,1,1,0,1,1,0,0,1,1,1,1,1,-0.9863184960066251,-0.010540531767279537,0
4317,0,2,0,0,0,0,0,1,1,1,0,1,1,0,0,2,1,0,0,1,-0.4973945364707252,-1.080309811198749,0
4318,1,0,1,0,0,0,0,0,1,0,1,1,1,0,1,2,0,0,2,2,0.10907294182497608,-0.4091293090175282,1
4319,0,0,2,2,0,0,0,0,0,1,0,1,0,1,0,1,1,1,0,0,2.2276712084617323,3.0783376342240008,0
4320,0,2,1,0,0,0,0,0,1,1,1,1,0,0,0,0,1,1,0,0,0.9755200508364726,-0.48443209061015213,1
4321,0,1,0,0,0,2,0,0,1,1,0,2,1,0,0,1,1,1,0,1,0.9225143728190239,0.0731849338441064,0
4322,0,1,1,0,0,1,0,0,1,0,0,1,0,0,0,0,2,0,1,0,-0.34428720074092956,-1.812939624845562,0
4323,0,0,0,1,1,0,0,1,2,0,0,2,1,1,0,0,0,1,1,0,-1.9705582745022463,-0.26774134661138005,1
4324,0,1,0,0,1,2,0,1,0,2,0,1,0,0,0,1,0,1,0,0,0.7738640554157951,0.3849547440945159,0
4325,0,0,1,0,0,2,0,0,1,0,0,1,0,0,0,0,2,1,1,2,0.22990266448040506,0.5468025004611499,0
4326,0,0,2,0,0,2,1,0,1,0,1,0,0,0,0,2,2,1,1,0,-0.9936604383619924,-0.9988332421364672,0
4327,0,1,0,1,0,0,0,1,1,2,0,0,1,0,0,0,1,0,1,1,1.0775184900656385,2.226162951173473,1
4328,1,0,2,1,0,1,1,0,1,1,0,0,1,1,0,0,1,1,1,0,1.990322995260164,0.0016349950006440128,0
4329,0,0,1,0,0,1,1,1,1,2,1,0,1,0,1,1,1,1,1,0,-1.2042113759599962,-0.4703744137841288,1
4330,0,0,2,0,0,1,0,0,0,0,1,0,2,0,0,0,2,1,2,1,-0.9514844554527307,-0.3406518070391414,0
4331,0,1,0,0,1,2,0,1,1,2,0,0,0,1,0,1,0,0,2,0,-0.00611458426914794,0.6210220369702814,0
4332,0,2,1,0,0,1,0,0,0,0,1,0,0,2,0,1,1,1,1,1,-1.48481218997201,-0.5385985916841263,1
4333,0,1,0,0,0,0,0,0,0,1,0,1,2,0,0,2,1,1,1,0,0.23791069722396338,0.4778879114785751,1
4334,0,1,1,0,0,1,0,0,1,2,0,1,0,0,0,1,0,1,1,1,-0.0660433382264026,2.311416051975236,1
4335,0,1,0,0,0,1,0,0,0,1,1,1,0,1,0,1,0,1,1,0,0.032699757176753746,-0.9612137572231991,0
4336,0,1,1,0,0,0,0,0,0,0,0,0,1,0,0,0,0,2,2,0,0.41809621053173374,0.16849712354293528,0
4337,0,0,0,0,0,1,0,0,2,2,0,1,0,0,0,1,1,2,1,1,-0.18214996447089682,-0.19583088353100325,0
4338,0,0,0,0,0,1,0,0,1,0,1,0,1,0,0,0,0,0,0,0,-0.610144978712858,0.7804451240220538,1
4339,0,0,1,0,1,2,0,0,1,1,1,0,1,1,1,1,1,0,1,0,0.8355609716198815,-0.289066725494786,0
4340,1,0,1,0,1,2,0,1,1,1,0,1,0,0,1,1,1,1,0,0,-0.20629500464979011,-0.0836142423143512,0
4341,0,0,2,0,0,1,0,1,1,1,0,2,1,0,0,1,0,2,1,2,0.08794258529974829,1.2517719623788177,0
4342,0,1,1,0,0,1,0,2,0,2,0,0,2,0,0,0,2,0,2,0,-0.9977413889063494,-2.5019352081761026,0
4343,0,1,0,1,0,0,0,0,2,2,2,1,2,0,0,0,0,1,1,1,-0.29570766889862465,-0.894258656605085,0
4344,0,1,0,0,0,1,0,1,1,1,1,1,1,0,1,0,1,0,1,0,-0.23338807971316045,-1.432299877099688,0
4345,1,0,0,0,0,1,0,0,1,1,1,0,1,0,0,0,1,1,0,0,-1.1487480005369701,-0.957231671424785,0
4346,0,1,0,0,1,1,1,1,0,0,0,0,1,0,1,1,0,0,1,0,0.8190299514757058,-0.503550982676544,0
4347,0,0,0,0,0,1,0,0,2,1,1,1,1,0,0,2,1,1,2,0,-0.7294918704324712,-1.0213310649249023,1
4348,0,0,1,0,0,1,0,0,0,0,0,1,0,0,1,1,0,0,1,2,1.913693835814837,2.5603358500865796,1
4349,1,0,0,0,0,0,1,0,0,2,1,1,0,0,0,1,1,1,2,0,-0.6631257441783361,1.1125420101413048,0
4350,1,1,1,0,0,0,0,0,2,1,0,1,0,0,0,1,0,0,2,0,1.0322797667167682,-0.558518913666187,0
4351,0,1,1,0,1,2,0,1,1,0,1,0,1,0,0,1,1,0,1,0,-1.7919591372459027,-0.21558656123875664,0
4352,0,0,0,0,1,1,0,0,1,1,2,0,0,1,0,1,1,1,1,0,0.9222059317229981,1.0038091221291026,0
4353,0,0,1,0,1,1,0,0,2,1,1,0,0,0,2,0,1,0,0,1,0.9573671736624322,-0.10191465187188767,0
4354,0,0,1,1,0,0,0,0,0,1,0,1,1,1,0,1,2,0,0,1,0.2249996790248513,-0.8230583942697764,0
4355,0,1,1,0,1,0,0,0,1,0,0,1,0,0,0,1,1,2,1,1,0.03254502510435325,-1.1399714798806424,0
4356,0,1,1,0,0,1,0,1,1,0,0,0,1,0,0,1,1,1,1,0,-1.3837240740000845,-0.693512061898985,0
4357,0,1,1,0,0,1,0,0,1,0,1,0,2,1,0,0,0,0,1,1,-0.6237561229724009,-0.7069611142557836,0
4358,0,1,1,0,0,2,0,0,1,0,0,1,0,1,0,0,1,0,0,0,0.3973660496095437,-0.6098041900050027,1
4359,0,1,2,0,0,1,0,0,1,0,0,1,1,0,0,0,1,0,1,0,-0.7662171712908222,0.32215405462063285,0
4360,0,0,0,0,0,1,0,0,2,1,2,2,1,1,0,0,0,1,0,0,-0.288994549250206,0.7039965304446067,0
4361,0,1,0,0,0,0,0,0,0,1,2,0,0,0,1,1,0,1,0,2,-1.1813390369485266,-0.09796919645633406,0
4362,0,1,1,0,0,0,0,0,0,2,0,0,1,0,0,1,0,1,0,0,-0.5552677641855284,-1.4971853937185993,0
4363,0,0,0,0,0,1,0,0,1,0,1,0,0,1,0,2,0,1,0,0,-0.5179029526544923,0.2872049279198258,0
4364,0,2,1,1,0,0,0,0,2,0,0,2,0,0,1,0,1,1,1,1,-0.6943747243071113,0.6882668596036934,0
4365,0,0,0,0,1,2,0,0,2,1,1,2,1,0,0,0,0,0,0,0,-4.108157907891736,-2.8046822125879256,0
4366,0,1,0,0,1,1,0,0,1,1,0,0,2,0,0,1,1,1,0,0,0.7756134482770634,0.5469301466040595,0
4367,0,0,0,0,0,1,0,0,0,0,0,0,1,1,0,2,2,0,1,1,-0.14678888492810244,1.1836549983052114,0
4368,0,1,0,0,0,1,0,0,1,1,0,0,0,0,0,0,0,1,1,1,0.3020885565777799,-0.23082465755177323,0
4369,0,0,1,0,0,0,0,0,2,0,0,1,0,1,0,1,2,1,0,1,-1.2020298921416466,-0.15796898016042876,1
4370,0,0,1,0,0,0,0,1,0,0,1,1,0,0,1,2,2,0,0,0,-1.2215927461405427,-0.5251284004208684,0
4371,0,0,1,0,1,1,0,0,1,2,1,0,1,1,0,1,0,1,1,0,-0.1261974218507095,0.5916751359495926,0
4372,0,0,0,0,1,0,1,0,2,1,0,1,1,1,0,2,2,1,0,0,-1.6983781815793535,-1.5421713693254695,0
4373,0,1,1,0,0,0,0,0,1,1,0,0,1,1,0,1,0,1,0,0,1.3912477094312514,-0.3595735867554716,1
4374,0,1,0,0,0,1,0,0,1,1,0,1,1,0,1,1,1,0,1,1,0.3598040182940156,1.911393782785394,0
4375,0,0,0,0,0,0,0,0,1,1,0,0,0,0,0,2,0,0,1,1,-0.6490261163581696,-1.1342007291967489,0
4376,1,0,2,0,0,0,0,0,1,0,1,0,2,0,0,1,0,2,1,1,-0.7385935352550085,-1.0900012857884127,1
4377,1,0,1,1,0,1,0,0,0,0,0,1,0,0,1,0,0,1,0,0,0.24755438121551182,1.3879661751766705,0
4378,0,1,0,0,1,2,0,0,1,1,1,1,1,0,1,1,0,0,1,0,0.2962433351229465,-0.49267676419768885,1
4379,1,1,2,0,0,1,1,0,1,1,0,2,1,1,0,1,1,0,1,0,0.07717767252040113,1.4516256306911985,1
4380,0,0,0,0,1,0,0,0,1,1,1,1,2,0,1,2,1,0,0,1,-0.49288298476801545,1.2208151850798088,0
4381,0,1,0,0,1,0,1,0,2,1,0,0,1,1,1,2,0,1,2,1,-1.485642047299895,0.2523229172722301,0
4382,0,0,1,0,0,0,0,0,1,0,0,1,1,0,0,1,1,1,0,0,-1.4928969290081566,0.41221330813550816,0
4383,1,0,0,0,0,1,0,0,2,0,0,0,0,0,0,1,1,1,1,0,-1.5106876744038606,-1.5348844609762726,1
4384,0,0,1,0,0,0,0,0,1,1,1,1,1,0,1,2,0,1,0,0,1.9346633737833503,1.4528469886797355,0
4385,0,0,0,0,0,1,0,0,2,0,0,2,1,1,1,0,0,0,2,2,1.396563391668174,-0.2168265354305099,0
4386,0,1,0,0,0,1,1,0,0,2,0,0,1,0,0,1,0,0,1,0,0.3760395974645604,-0.0888733360323602,0
4387,1,0,1,0,0,1,0,0,1,0,1,0,1,0,0,1,2,1,0,0,0.36525215227769053,0.08117597413534275,1
4388,0,0,1,0,0,0,0,0,1,2,0,0,0,1,0,1,1,0,1,1,0.7490112759463331,-1.4105760907564133,0
4389,0,0,1,0,0,1,0,0,1,1,0,0,1,0,0,1,2,0,0,0,1.8395212805353398,-0.6744128284321426,0
4390,0,1,1,0,1,1,0,0,1,1,0,1,1,2,0,2,1,1,1,0,-1.1210042182317492,0.0028352190085526863,0
4391,0,0,0,0,0,2,0,1,0,0,1,0,0,0,1,1,1,0,2,0,0.5947901923198108,1.9312536309151915,0
4392,1,0,1,0,1,1,0,0,1,1,2,0,0,0,0,1,1,2,0,1,0.3962297394820264,0.860226654957019,0
4393,0,1,0,0,1,0,0,1,0,0,0,0,0,0,0,0,1,0,1,0,-1.6495881367544298,-1.7723170864818032,0
4394,0,1,0,0,0,1,0,0,0,1,0,1,0,0,1,0,0,0,2,1,0.6600115423387393,-0.6662709374129091,1
4395,0,0,0,1,0,1,0,0,1,2,0,1,2,0,0,0,1,2,1,1,-1.7089209163620807,-0.1799263129875901,0
4396,0,2,1,0,0,1,0,0,2,0,1,1,1,1,0,0,1,1,1,1,0.47230746951356645,-0.569603839902092,1
4397,0,1,1,2,0,2,0,0,1,1,0,0,2,0,0,0,1,0,1,0,-1.3623871600930768,-2.6267043316915784,0
4398,0,1,2,1,1,1,0,0,1,0,2,1,0,0,2,0,0,1,1,0,-0.489651890053318,0.3225596918611845,1
4399,1,0,0,0,0,1,0,0,0,0,0,0,1,0,0,1,0,0,1,1,-0.12790428312723248,0.05451758107223753,0
4400,0,1,1,1,0,1,1,0,0,0,0,0,0,0,1,0,0,1,1,0,0.427275424092505,0.745301058718866,1
4401,0,0,0,0,0,0,1,1,1,1,2,0,0,1,1,2,0,1,0,1,-1.3954175739689831,-1.160579926231191,0
4402,1,0,1,0,0,2,0,0,1,0,1,1,1,0,0,0,0,0,1,0,0.14358231334424418,-1.089067491366513,0
4403,0,2,2,0,0,2,1,0,0,1,0,1,0,0,0,0,0,0,2,2,-0.9864701697747174,-0.2914250630045093,0
4404,0,0,0,0,0,0,0,2,1,0,0,1,0,0,0,0,0,0,1,0,-0.36877237525965206,-0.7793271517553583,0
4405,0,0,1,0,0,1,0,0,0,0,0,0,0,1,0,2,2,1,1,1,1.759529014672321,0.8034692310070477,1
4406,0,0,1,0,0,2,0,0,2,1,1,1,2,0,0,0,1,0,1,1,-0.4214397103328102,-0.6095564662081685,0
4407,0,2,1,0,1,0,0,0,0,1,0,2,1,0,0,1,1,1,0,1,0.9406439646239733,0.912335265087783,1
4408,1,0,1,2,0,1,0,0,2,1,0,0,1,1,0,1,1,0,2,0,-0.7249927579163291,2.4608490190335295,0
4409,0,0,1,0,0,2,0,0,1,1,0,0,0,1,0,1,1,0,1,1,0.5744827034741459,1.6271751075631244,0
4410,0,1,1,0,1,2,0,0,1,0,1,0,0,0,1,0,1,0,1,0,0.5242596947070604,-0.7078254026086185,1
4411,0,1,0,0,0,0,0,0,0,1,1,2,1,1,0,2,1,1,1,1,0.5008039457331003,0.2010313003020172,1
4412,1,1,0,0,1,1,0,0,2,2,0,2,0,0,0,2,1,0,0,0,0.3091291419157157,-0.35167930357852967,0
4413,0,0,1,0,0,1,0,0,1,0,0,1,2,0,0,0,1,0,2,0,0.5894620823293512,-0.01643307874734161,1
4414,0,1,0,0,0,2,0,0,1,1,0,1,0,0,0,1,0,0,1,1,1.0367036997978283,0.008821192655875554,1
4415,1,1,0,0,0,1,0,0,2,0,0,0,1,0,0,0,0,0,1,1,0.7089869113622981,-0.1262043002965443,1
4416,0,0,2,0,0,0,0,0,2,1,0,0,1,0,0,0,1,0,0,0,-1.2580546948632665,-0.9887514579476394,0
4417,1,2,0,0,0,2,0,0,0,0,1,0,0,0,0,1,1,1,0,1,0.9977570106863013,0.04627456945500384,0
4418,0,0,1,0,0,1,0,0,1,1,0,0,2,1,0,2,1,0,2,0,-0.3744320245271233,-1.0811191524132557,0
4419,1,2,1,0,0,0,0,0,2,0,0,0,1,0,0,1,0,1,0,0,-1.0993930788846997,-2.6381664332416515,1
4420,0,0,1,0,0,1,1,0,0,2,0,0,1,0,0,1,0,0,1,1,0.760604539884599,1.6459368946025863,1
4421,0,2,0,0,0,0,0,0,1,2,0,1,1,1,1,0,1,0,1,0,0.03760243897651643,-0.46092477059374615,0
4422,0,0,0,1,1,0,0,1,1,1,0,0,1,0,0,2,0,0,1,0,-0.0635722258708123,0.7092089390210751,1
4423,0,1,2,0,0,0,0,0,1,0,0,1,2,0,0,0,1,2,2,1,0.03160171025604683,-1.0577309071230176,0
4424,0,1,0,0,0,1,0,0,0,1,1,0,0,1,1,1,2,1,2,1,0.15751407545297952,-1.0593680464305777,0
4425,0,0,1,0,0,1,1,0,0,0,1,2,2,0,0,0,1,0,1,0,-0.5048735895377695,-1.13297452726655,0
4426,0,1,1,0,0,1,0,0,0,0,0,0,1,0,1,0,0,0,1,2,1.0253864275325044,0.8995726302920468,0
4427,0,0,1,0,2,1,0,0,1,1,0,0,1,0,0,2,0,0,2,1,-0.07658292680741734,-0.4165133521171641,0
4428,0,1,2,0,1,0,0,0,2,0,0,0,1,0,0,1,1,0,2,1,-0.045522294599965825,0.4026965317201763,0
4429,0,0,2,0,0,0,0,1,0,0,0,0,0,1,0,1,2,0,0,0,-0.316717293624377,-0.010624277130474966,1
4430,0,1,0,0,0,0,0,0,2,1,0,1,0,0,0,1,1,1,1,0,-0.6627554220122914,-0.1403385560773134,1
4431,0,1,0,0,0,1,0,0,2,0,0,1,1,0,0,0,1,0,0,2,0.6239757822579961,-0.3671099919212393,0
4432,1,0,0,1,0,1,0,1,1,1,2,1,1,0,1,2,0,1,0,1,2.143159732238054,4.003720515432696,1
4433,0,1,1,0,0,1,0,0,0,0,0,2,1,0,0,1,0,0,0,1,-0.1015514391059302,0.6981856488406541,0
4434,0,1,2,0,1,0,0,0,1,0,1,2,0,0,0,1,1,2,1,2,1.0133434773411787,0.573889292590227,0
4435,0,0,1,0,0,0,0,2,2,1,0,2,1,1,0,2,1,0,1,1,0.22674325587646246,-0.18800321003796655,1
4436,0,0,0,0,0,2,0,0,1,0,0,1,0,0,0,0,1,0,2,0,-0.8944805885582265,0.4599278980763821,0
4437,0,0,0,0,0,1,0,0,2,1,0,1,1,0,0,0,0,0,1,0,-0.14602305677126284,1.3767309768708749,0
4438,0,1,0,0,1,1,0,0,2,1,2,0,1,1,1,2,1,0,1,0,0.44986888244443146,0.3880055600933583,0
4439,0,0,0,0,0,0,1,0,1,2,1,0,0,1,0,0,0,0,1,1,-0.9693181104341743,-0.43766032288374446,0
4440,0,0,1,0,0,1,0,0,2,0,0,1,0,0,0,0,0,2,1,0,-0.45901298001219026,0.041437829676508775,0
4441,0,0,0,0,1,0,0,0,1,2,1,0,2,0,0,1,1,0,1,1,-1.8290048062798336,0.616995453627649,0
4442,0,0,2,0,0,1,0,1,0,1,0,0,0,0,0,2,1,0,2,1,0.7710605246001931,1.5039664299930453,0
4443,0,0,0,0,1,1,0,0,2,1,0,1,1,0,0,1,1,1,1,1,1.0695670182049724,1.6766498616434735,1
4444,0,0,1,0,0,1,0,0,1,1,1,1,0,0,1,0,1,0,0,1,1.810226443898915,0.15822409757208244,1
4445,0,0,1,0,1,2,0,2,0,1,0,0,0,0,1,1,1,1,2,1,0.19436762507928562,0.3409797566744806,0
4446,0,0,1,1,0,2,0,0,2,0,1,0,0,0,0,1,1,1,1,0,-0.7866129754628937,-1.177796293865477,0
4447,0,2,1,0,1,2,0,0,2,1,0,2,0,0,0,2,1,0,1,1,0.5792445080023046,0.4910797558746021,0
4448,0,0,1,0,0,2,1,0,0,0,0,1,0,0,0,0,0,0,0,0,-0.21002706721900308,0.0967554337440652,0
4449,0,0,1,0,0,2,0,0,0,0,0,2,0,1,0,2,1,0,2,0,1.0623962446286204,2.2714851160322858,0
4450,0,0,1,0,0,0,1,0,1,1,0,0,2,0,0,0,1,0,0,1,-1.7566283755525718,-1.2175144994447415,0
4451,0,0,0,0,0,1,0,0,1,1,0,1,1,0,1,0,0,0,0,1,1.365252525531709,0.3617425094151089,1
4452,1,1,0,0,0,1,0,0,1,1,0,1,0,0,1,0,1,1,1,0,0.03755666651256708,0.39867085429233845,0
4453,0,1,1,0,0,2,0,0,2,1,0,0,1,0,0,0,0,0,2,1,-0.6656508959051455,0.3355002429732363,1
4454,0,1,0,0,0,0,0,0,1,0,0,1,1,1,1,1,1,0,1,1,0.3864861084536654,1.3663201445351085,0
4455,0,2,1,0,0,1,1,0,1,0,0,0,1,1,1,1,0,0,1,1,-0.06941077835966217,-1.0013838084289828,0
4456,1,1,0,0,0,1,0,0,0,0,0,0,0,0,0,0,0,0,0,1,1.1264495917312007,2.135932907817403,0
4457,0,0,0,0,0,2,0,0,2,1,1,1,0,0,1,1,1,0,0,0,-0.5028894386990777,-0.08536825463317976,1
4458,0,0,0,0,1,1,0,1,1,0,1,0,1,1,0,2,2,0,0,1,-0.31363934834459317,-1.2557470867399072,1
4459,0,2,1,0,0,1,0,0,2,2,0,1,1,1,0,0,0,1,1,2,-0.24770520268778132,1.3169815097665416,1
4460,0,1,1,1,1,0,0,0,1,1,0,1,1,0,0,1,0,0,0,0,-0.14514203991426333,-1.7240598132436056,0
4461,0,2,1,0,0,1,0,0,0,0,0,1,1,0,0,1,2,0,2,0,-0.32071921397668457,-2.6837446255443034,0
4462,0,0,1,1,0,1,0,0,1,0,1,0,1,0,0,1,0,0,1,0,-0.8883972814135386,-0.5385764079217141,0
4463,0,0,1,0,0,0,0,0,2,2,0,0,0,0,0,2,1,1,1,0,1.8874856761047518,0.625801352489255,0
4464,0,1,0,0,0,1,0,0,2,0,0,0,1,1,0,1,0,1,2,0,1.0668716985806133,0.7110750215651149,0
4465,0,0,0,0,1,0,0,1,2,1,1,0,1,0,0,0,1,0,1,1,-0.41578992049217367,-0.40717653234313084,0
4466,0,1,2,0,0,0,0,1,1,2,1,0,2,0,0,1,2,1,0,0,-2.2035697499559523,-1.7705965028271504,0
4467,1,0,0,0,0,1,0,0,1,2,1,1,0,0,0,1,2,1,1,1,-0.1600851284434538,-0.9504628175886144,1
4468,0,0,2,0,0,1,0,0,1,0,0,0,1,0,1,1,1,2,1,0,-2.083839012015793,-1.1059040875711676,0
4469,0,1,0,0,0,0,0,0,2,0,0,1,1,0,0,1,0,1,1,0,0.15297562589295607,1.614982266393482,0
4470,0,1,0,0,0,0,0,0,0,1,0,0,1,1,0,0,1,0,1,1,0.49684975887947264,-0.8318782120181382,0
4471,0,0,1,0,0,1,2,0,2,1,1,1,0,0,0,0,0,0,1,0,0.12347038894190875,1.3370491221221072,0
4472,1,1,1,1,0,0,0,0,1,1,0,2,0,1,1,2,0,1,0,0,2.4538009198132227,-0.5834402328131405,1
4473,0,0,0,0,1,2,0,1,2,1,0,2,1,0,0,1,0,1,2,0,0.6119049349517173,0.4458376872519729,1
4474,0,0,1,0,0,1,0,0,0,2,0,1,1,1,1,1,1,0,1,0,1.0222882610376627,0.02808360401895038,1
4475,1,0,1,0,0,0,0,0,1,1,0,1,1,0,0,1,0,0,1,2,-0.15208623998518742,-0.10532916140475629,1
4476,0,0,1,0,0,0,0,1,1,2,0,0,0,0,0,2,1,0,0,0,1.7380742897209838,1.373524760802017,0
4477,0,1,0,0,1,1,0,0,0,0,0,1,0,0,0,0,1,0,2,1,0.562988125259456,-0.4915884963886273,0
4478,0,1,0,0,0,1,0,0,1,0,1,0,1,0,1,2,0,0,1,1,0.8041099958299599,0.17850797989704312,0
4479,0,1,1,0,1,0,0,0,1,2,0,1,1,0,0,0,1,1,0,0,-0.41094314000518645,-0.025074361696010627,1
4480,0,0,2,0,0,1,0,0,1,1,1,1,1,0,1,2,1,0,2,1,0.5658936251237099,0.8223240357597421,0
4481,0,1,2,1,1,0,0,0,1,1,1,1,0,0,0,1,1,0,1,2,-0.23063116914723858,-0.5836095800679977,0
4482,0,1,1,0,0,2,1,0,0,0,0,0,0,0,0,2,1,1,2,1,-0.7227855520051041,0.34992597631408573,0
4483,0,0,1,0,0,2,0,1,1,0,1,1,1,0,0,1,2,1,2,1,1.9097728341580251,-0.6939149373950266,0
4484,0,1,0,0,0,1,0,0,1,0,1,0,1,0,0,1,1,0,0,1,-0.11090963156732091,0.907381509451715,0
4485,0,1,0,0,0,1,0,0,2,0,0,0,1,2,1,1,1,2,1,0,1.3271659800584608,1.7868429663135346,0
4486,0,0,1,1,0,0,0,0,2,1,0,1,0,0,0,0,1,0,0,0,-0.2118913887558111,-0.5129008769425224,0
4487,1,0,0,0,0,0,0,1,1,1,0,1,1,0,0,0,2,1,0,1,-0.25885502833067514,0.0811775300857892,0
4488,0,0,0,0,0,2,1,0,0,2,1,0,0,1,0,0,1,1,1,2,-0.7436310696874397,0.13739543523004022,1
4489,0,0,1,0,0,1,0,0,0,0,0,1,0,0,0,1,1,2,0,1,-0.6450083766322794,0.04461283357106388,0
4490,1,1,0,0,0,0,0,0,2,1,0,0,2,1,1,0,0,1,1,1,-0.09737172374891485,0.1760585331809214,0
4491,0,2,0,0,1,2,0,1,0,0,0,1,0,0,0,0,0,0,0,0,-0.28223636801611207,-0.5440458447483237,1
4492,0,0,1,0,0,0,0,0,1,0,0,0,1,1,0,1,1,0,1,1,1.1942533551921195,-0.22795215858622309,0
4493,1,0,0,0,2,1,0,0,1,0,2,0,2,0,1,0,1,0,1,0,-0.6557860650386514,-0.6023676682034109,0
4494,0,0,1,1,0,0,0,0,1,1,0,0,1,0,1,1,1,0,1,1,0.2607246780102658,-0.04860419613082023,0
4495,0,0,0,0,0,0,0,0,2,0,0,2,0,1,0,2,0,0,1,0,0.31107225521249543,0.9444895340674524,1
4496,0,1,0,0,0,2,0,1,0,1,0,0,1,1,0,0,0,1,1,1,-0.30865145160490276,1.5882152290009866,1
4497,1,1,1,0,0,1,0,0,0,0,1,1,1,0,0,1,2,1,0,0,-1.124309577431896,-1.0497737015115693,0
4498,0,1,0,0,0,1,0,0,1,0,0,1,0,0,1,1,0,1,0,0,0.10144270939416623,0.15173705053647168,1
4499,0,1,0,0,0,0,0,1,1,1,0,1,1,0,0,1,1,1,1,1,0.12614631883431174,1.164245312814356,1
4500,0,1,0,0,0,1,0,1,1,0,1,1,0,1,0,0,1,0,1,0,0.2558280635439097,-1.1141026343561546,1
4501,0,0,1,0,0,1,0,0,1,1,1,0,1,0,1,1,1,0,1,0,0.7706449757292761,0.5388328904140699,1
4502,1,2,0,0,1,1,1,1,0,0,0,1,0,1,0,0,1,0,1,0,0.2345976107291039,-1.7087909826745709,1
4503,0,0,0,0,0,2,0,0,1,1,1,0,1,0,0,0,0,0,0,0,-0.6560870642504825,-1.510212764650674,0
4504,0,0,1,0,1,1,0,0,2,0,1,0,0,0,0,1,0,1,2,1,-0.8322022766944724,0.6468249092241216,0
4505,0,0,1,0,0,1,0,0,0,1,1,0,2,0,0,2,0,1,1,0,0.5153328113922386,1.0451989858890514,0
4506,0,2,0,1,0,0,0,0,1,1,0,1,0,0,1,0,0,1,0,1,-0.2831308800058043,1.7053153627091853,1
4507,0,0,2,0,0,2,0,0,1,0,0,2,0,2,0,0,0,0,0,1,-0.687992011184756,-0.6231084010715404,0
4508,0,1,1,0,0,1,0,0,0,1,0,1,0,1,0,0,1,0,1,0,-0.1945678675773616,-0.9215814400394373,0
4509,0,0,1,0,0,0,0,0,1,1,1,0,0,1,0,0,1,2,1,1,0.3936944100059858,-1.4132005704883135,0
4510,0,1,2,0,0,1,0,0,2,0,0,0,1,0,0,1,0,0,2,0,-0.724959804521188,0.2684882386853388,0
4511,0,1,1,0,0,2,0,0,1,0,0,0,1,0,0,0,1,0,1,1,-0.3247153985216065,-0.9697864588577549,0
4512,0,1,0,0,0,2,0,1,0,0,1,0,2,0,0,2,0,0,0,0,0.23323691876286567,-1.1089556589539176,0
4513,0,0,0,0,0,0,0,0,0,0,0,0,0,1,1,0,1,0,0,0,-1.4448933692197277,0.11758434586913591,0
4514,0,1,0,0,1,1,0,0,0,1,0,1,1,1,1,0,1,1,0,1,1.0319105921040843,-0.7032173953160226,0
4515,0,1,0,0,0,1,0,1,1,0,1,0,0,0,0,0,0,2,0,1,-0.4903151842408758,-1.0254488254849314,0
4516,0,0,1,0,0,1,0,1,2,1,0,0,1,0,0,1,1,0,1,2,0.2755422058036439,-0.23481994309101561,0
4517,0,2,0,0,1,0,0,1,2,0,0,0,2,0,0,1,0,0,2,0,-0.24058072923612592,-1.0862866872387134,0
4518,0,0,0,0,0,1,0,0,1,2,1,0,0,1,0,0,1,0,0,0,-1.2300985608551915,1.5118674294253318,0
4519,0,0,0,0,1,0,0,0,2,0,1,0,0,1,1,1,1,1,1,1,-0.11191012373137246,0.17673740970793644,0
4520,0,0,2,0,1,1,1,1,0,0,1,0,0,0,0,1,1,1,0,1,0.6477796167415735,0.972146187788512,1
4521,0,1,1,0,0,2,0,0,1,1,0,1,0,2,1,1,2,0,2,1,-1.1139143089006684,1.0809739296855683,0
4522,0,0,1,1,0,1,0,0,1,1,1,0,2,0,0,1,0,0,0,1,0.13506738208600322,-0.027747241463862482,1
4523,0,0,1,0,0,1,0,0,1,1,0,1,0,1,0,2,2,1,1,1,-0.7153790484126388,2.2084403168290194,1
4524,0,1,1,0,2,1,0,0,1,2,0,1,1,0,1,2,0,0,0,0,-0.8315171630234421,-1.3183414766993469,0
4525,0,0,0,0,0,1,0,0,2,0,1,0,0,0,1,1,0,0,1,0,-0.3320723871691683,0.08674144105870937,0
4526,0,0,1,0,0,1,0,0,1,2,1,0,1,0,0,2,1,1,0,0,0.6516436803828741,0.06640929512599769,1
4527,0,0,2,0,1,0,0,1,1,0,1,1,0,0,0,1,2,1,1,0,-0.22234573570666633,-0.07314674748270444,0
4528,0,1,1,0,2,0,0,0,0,2,0,0,1,0,0,0,0,0,2,0,0.588019482634231,0.007878119013481788,0
4529,0,0,1,0,0,1,0,0,0,1,0,1,0,1,0,1,1,1,1,1,-0.8250017935339884,1.2935796437733738,0
4530,0,0,1,0,0,2,0,1,1,0,0,0,1,0,0,2,0,1,1,1,1.1205483206732243,1.080859699153963,0
4531,0,1,0,0,2,2,0,0,1,0,2,0,1,1,0,0,0,0,1,2,-0.26110326136549583,-0.19408217975831704,0
4532,0,0,1,0,0,1,0,0,2,0,1,0,1,0,1,0,1,0,2,2,-0.19195617887371338,0.7505577278026467,1
4533,0,1,2,0,1,1,0,0,1,1,1,0,0,0,0,0,0,0,0,1,-0.2387605779755384,-2.2198043671857373,0
4534,0,1,0,0,0,0,0,0,1,1,0,0,2,1,1,1,0,1,1,1,0.46338389338414104,-1.2080108975320831,1
4535,0,0,1,0,0,2,1,0,0,0,1,0,0,0,0,2,1,0,2,0,3.0589458442236634,1.8111137404610576,1
4536,1,0,0,1,0,1,0,2,0,1,0,1,1,0,1,0,0,1,2,0,-0.5295338554491422,-1.503245748319235,1
4537,0,0,0,0,0,1,1,1,1,1,0,0,2,0,0,1,1,1,1,1,2.0369229961777573,0.036173372210556054,0
4538,0,0,0,0,0,2,0,0,0,2,0,0,0,1,2,0,1,0,1,2,1.0462233836305153,1.3881352877031932,0
4539,0,0,1,1,0,0,0,0,1,0,0,0,2,1,0,1,0,0,1,1,0.4744794774100027,-0.25032043375331203,1
4540,1,1,0,0,0,2,0,0,0,1,1,0,2,0,0,1,1,1,1,0,-0.5853089528449142,-1.4916789166906284,0
4541,0,0,2,1,0,1,0,0,0,1,1,0,1,0,0,0,0,1,1,0,1.0068528475818561,1.7079642658210021,0
4542,0,0,1,0,0,0,1,0,0,0,1,1,1,0,0,2,0,0,1,1,-0.5826229354304904,0.18825580070749154,0
4543,0,2,1,0,0,1,0,0,1,0,1,0,1,0,0,1,0,0,1,1,0.5639921792645947,-0.8044379576007339,0
4544,0,2,1,0,0,1,0,0,1,1,0,0,0,0,0,2,0,0,2,1,0.2019684378433799,0.7534016535588266,1
4545,0,1,2,0,0,2,0,0,1,0,0,0,1,1,0,0,0,0,1,1,-0.47462914357714464,-0.8569525785150572,0
4546,0,0,1,0,0,1,2,0,1,0,1,1,0,1,0,1,0,0,2,0,1.3217727922656237,0.27641206484726255,0
4547,0,0,0,0,1,0,0,0,0,1,1,0,1,1,0,2,2,0,2,0,0.9376645442318108,-0.33095367795306874,1
4548,0,0,0,0,0,1,0,0,1,1,2,0,1,1,0,2,0,0,1,0,-0.14547595260722687,0.9837170247126156,0
4549,0,2,0,0,0,2,1,0,1,1,0,0,0,0,2,1,0,0,1,1,2.1413983624389736,0.9805999270323047,0
4550,0,0,1,0,0,1,0,0,0,1,1,1,2,1,0,1,0,2,1,0,0.18055394578007897,0.9054025714768877,0
4551,0,1,1,0,1,0,0,0,1,1,1,1,1,0,0,1,0,2,0,0,-2.2315948812836797,-2.688299053580398,0
4552,0,0,1,0,0,1,0,0,1,0,2,0,1,2,1,1,0,0,0,1,-0.5538775951939006,-0.46593751167584085,0
4553,1,0,0,0,0,1,1,0,2,2,1,0,1,1,0,0,0,1,0,1,-0.6097672108660371,1.4620790196918938,0
4554,0,1,1,0,1,2,0,0,1,0,0,1,0,0,0,1,1,0,1,0,-0.38130981279622417,-1.2758540126606859,1
4555,1,1,1,0,0,1,0,0,0,0,1,0,0,0,0,1,1,0,1,2,-0.6447189569234846,-0.265208322611833,0
4556,0,0,1,0,0,1,1,0,0,0,0,1,0,0,0,0,1,1,2,1,-1.3999858572918866,-1.0016380005869299,0
4557,1,1,0,1,1,1,0,1,0,1,1,0,0,1,0,1,0,0,1,1,-0.32058087859370815,1.165134606753985,0
4558,0,1,1,0,1,0,0,0,1,2,1,1,0,1,0,1,0,0,2,0,-0.8094703749412232,-1.7586644287567055,0
4559,0,0,1,0,0,1,0,0,1,0,0,1,1,1,0,0,0,0,2,1,-0.9632041232737425,-1.4347717754200882,0
4560,0,1,1,0,0,1,0,0,2,0,1,1,0,1,0,1,1,0,1,1,-0.11395976982669147,0.5335837634038347,1
4561,0,0,0,0,0,1,0,0,0,0,0,1,1,0,0,1,1,0,1,1,-0.20908538569290852,-0.3253943996972785,0
4562,1,0,0,0,1,0,0,0,1,1,0,2,0,0,0,0,2,0,2,0,0.7791797874533594,1.3449956578048945,1
4563,0,0,0,0,1,0,1,0,1,1,0,0,0,0,0,0,2,1,0,1,0.2537636774911167,-0.24888870386069764,0
4564,1,1,1,0,0,2,0,0,1,1,1,0,0,2,0,0,1,2,0,1,-0.4617868216702263,-0.15167936066414556,0
4565,0,1,1,0,0,1,0,0,0,0,0,1,2,0,1,1,1,0,1,0,1.3019844372071177,0.641278403585991,1
4566,0,0,1,0,0,1,0,1,0,0,0,0,0,0,0,0,1,1,0,1,0.22508657493014797,-0.7833155919202119,1
4567,0,2,1,0,0,1,0,0,2,2,1,0,0,0,1,0,1,0,2,0,-1.314938909997427,-0.3760154331493305,1
4568,0,0,1,0,0,1,0,0,0,0,0,1,0,0,0,0,1,0,1,0,0.10353186435772646,-1.512516515036826,1
4569,0,0,1,0,0,0,0,0,1,1,0,1,0,1,0,0,1,0,2,0,-0.8022721584411464,-0.8087370387605336,0
4570,0,1,0,2,0,1,0,0,1,1,0,1,0,0,0,2,0,0,0,0,0.7016550976517004,0.012427365969381321,1
4571,0,0,0,0,0,1,0,0,1,1,1,0,1,0,0,1,1,1,1,0,0.5569928093915698,0.1491703090646609,0
4572,0,0,1,0,1,2,1,0,1,1,0,0,0,0,0,1,1,0,0,0,-0.9230034258402354,0.5197751681460598,0
4573,1,2,1,0,0,1,0,1,2,1,0,1,0,1,0,0,0,0,2,0,-1.3482613453140402,0.1695237622077893,1
4574,1,1,1,1,0,1,1,0,2,1,1,1,1,0,1,2,2,1,0,0,0.714515898979674,-0.25007344018273736,0
4575,1,0,1,0,1,2,1,0,2,2,2,1,0,0,0,1,0,1,2,1,0.8994081667180985,0.12823005503608742,1
4576,0,2,2,0,0,0,0,0,2,0,1,0,0,2,0,0,0,1,0,1,0.6462435656612514,0.825154278564418,0
4577,0,1,1,0,1,2,0,0,1,1,0,0,1,0,0,0,0,1,1,0,0.9190406493173942,0.11600639561484558,0
4578,0,2,0,0,1,2,0,0,2,1,0,0,0,2,0,1,0,1,1,0,-0.20896825773823824,0.6114392317869904,1
4579,0,0,0,0,0,1,0,0,2,1,1,0,0,0,0,0,0,1,0,1,-0.2755762142297989,0.5144864772621637,0
4580,0,1,1,0,0,1,1,1,0,1,0,0,2,0,0,0,1,0,1,0,-0.15142900626333378,0.09743596951866423,0
4581,0,1,0,1,0,0,0,0,0,0,0,0,0,0,0,0,0,0,0,1,1.5157660067502774,-1.243277640826442,0
4582,1,0,1,1,0,0,0,0,1,2,0,0,0,0,0,1,0,1,2,0,0.5513493816995555,-0.016206133367562492,0
4583,0,0,1,0,0,1,0,0,2,0,1,1,1,0,0,1,1,1,0,1,-1.299747530760051,-1.3487535265907376,1
4584,1,1,0,0,0,1,0,0,1,1,0,0,2,1,0,0,1,0,0,0,-0.13155455939665595,0.30703806252730026,0
4585,0,0,0,0,1,2,0,1,1,1,0,1,1,0,0,0,1,1,0,1,-0.984075172037426,0.10996059034960048,1
4586,0,0,0,0,0,2,0,0,0,0,0,0,0,1,0,0,0,0,1,0,-0.017121522694093214,1.188113701622758,0
4587,0,2,1,1,0,1,0,1,2,1,0,2,0,0,1,1,1,0,1,0,-0.7774914077798182,0.003941838798914077,1
4588,0,1,1,0,1,0,0,0,0,0,0,2,0,1,0,0,1,0,0,1,1.8201813029308815,1.314108123214266,0
4589,0,0,0,0,0,1,0,0,0,2,0,1,0,0,2,0,0,1,2,0,-1.3178709783723075,0.20913078133801655,0
4590,2,2,0,0,0,1,0,0,0,0,0,2,1,0,0,1,1,1,1,0,0.8684320736901576,-0.27716685440811933,0
4591,0,0,2,0,0,0,1,0,1,0,0,1,1,0,1,0,1,0,1,1,-0.6496310311851746,-0.02364578510490911,0
4592,0,1,1,0,1,0,0,0,2,0,0,2,0,1,0,1,1,1,2,1,-0.5491353347431563,1.3038671404072768,0
4593,0,0,0,0,1,2,0,0,1,0,0,0,0,1,0,1,0,0,0,1,-0.9742153217381839,0.1178514361401532,0
4594,0,1,0,0,0,0,0,0,2,0,1,0,0,0,1,0,0,0,1,0,0.010625694983881582,0.026815024846394753,0
4595,0,1,0,0,0,1,1,0,0,0,0,1,0,0,0,0,1,1,2,1,1.643916768157849,0.7407893067345017,0
4596,0,0,2,0,0,1,0,2,2,2,1,1,0,0,1,0,0,1,1,0,0.32822479910666663,-0.4308782085130613,1
4597,1,0,0,0,0,1,1,0,2,1,0,0,0,0,0,2,1,1,0,1,0.48596495354492614,0.7497611802594002,0
4598,0,2,2,0,0,2,0,0,2,0,0,0,1,0,0,1,1,2,0,1,-0.11284111111252809,0.2333807899700378,0
4599,1,1,0,0,0,1,0,0,1,0,0,0,1,0,0,2,2,0,2,0,-0.014442251427152063,1.235477294833955,0
4600,0,0,0,0,0,0,0,1,2,0,0,0,0,0,0,1,1,1,2,2,-0.354712438958633,0.17193453798115757,1
4601,1,1,1,0,0,2,1,0,0,0,0,1,1,1,0,0,0,0,1,0,1.4581310474274911,-0.20137567309894844,0
4602,0,1,2,0,0,1,0,0,1,1,0,0,0,0,1,1,1,0,1,1,1.3088975751412102,0.1318106515007511,0
4603,0,0,1,0,0,2,1,0,1,2,0,0,1,0,0,1,0,0,1,0,0.0596815657615042,0.3812801446463655,0
4604,0,1,0,0,0,1,0,1,2,0,0,0,1,0,0,1,1,0,1,0,1.9214902850533213,1.3754940954359185,1
4605,1,0,0,0,0,1,0,1,0,1,1,1,1,0,0,2,0,2,0,1,-0.2777140013068338,2.5331328625695773,1
4606,0,0,1,0,0,1,0,0,0,1,0,1,0,0,0,1,2,0,0,0,0.3330390667425675,-0.6663477461039963,1
4607,0,0,0,0,1,0,0,0,1,1,0,1,0,0,2,1,2,2,1,0,-0.8156071119064894,-1.4959720607765905,0
4608,0,0,0,0,0,0,0,0,1,0,0,0,1,1,0,1,0,0,0,0,-0.7559407311608484,-0.7780306894910545,1
4609,0,0,0,0,1,0,0,0,2,2,0,1,0,0,0,0,1,0,2,1,0.19673932714401424,-1.4625557454559144,0
4610,1,0,1,0,2,0,0,0,1,1,1,0,1,0,1,1,1,1,1,1,1.4591326577859929,1.0343432577607308,0
4611,1,0,0,1,0,1,0,0,2,0,1,1,0,0,1,1,1,1,1,1,0.40708740644376407,-0.10499287444330563,0
4612,0,1,0,0,0,1,1,0,1,1,2,0,1,0,0,1,0,0,1,0,-0.12170689810872305,-2.0321442029416716,0
4613,0,0,2,1,1,2,0,0,0,0,0,0,2,0,0,2,2,0,2,0,-2.622341693791847,-0.8471820732358538,0
4614,0,1,1,0,0,2,0,0,1,1,1,0,1,0,0,0,1,1,1,2,-0.0878576383335824,-0.970401117897408,1
4615,0,1,0,0,0,2,0,0,0,0,0,1,0,0,0,2,1,1,1,0,2.1533401673519705,1.6552968090857894,0
4616,0,0,1,0,0,0,0,0,1,1,1,0,1,1,1,2,0,0,0,0,-0.5923098787705657,-0.0467266309159836,1
4617,0,2,2,0,0,1,0,0,0,1,0,1,1,0,1,2,0,0,2,2,-0.3019176108681791,-0.5481309778990855,0
4618,0,1,1,0,0,1,0,0,1,1,1,1,0,1,1,0,0,1,1,0,0.12969677198312193,-0.10075540473263615,1
4619,0,1,2,0,0,0,0,0,0,0,0,1,0,0,0,0,1,0,0,1,0.10363185251813956,0.575785565562978,1
4620,0,0,1,0,0,1,0,0,1,1,0,0,2,0,0,1,0,0,1,1,0.5761464319046127,-0.9629439298309168,0
4621,1,0,1,0,0,1,0,2,1,0,0,0,0,0,0,1,0,1,2,1,-0.22129929853893368,-0.8041488891829296,0
4622,0,2,0,0,0,2,0,0,0,0,0,1,1,1,0,0,2,1,1,1,-0.08983806974734403,-1.9149810641358005,0
4623,2,0,1,0,1,2,0,0,1,1,0,0,0,1,1,0,0,0,1,0,1.9303230038639958,-0.7491320444580494,1
4624,0,1,0,0,0,2,0,0,1,1,1,0,2,1,0,0,2,0,0,1,-1.4399701219313716,-2.818118620596714,0
4625,0,1,0,0,0,2,0,0,2,0,1,0,0,0,0,1,2,1,1,1,-0.7561481146655451,0.5230211021188329,0
4626,0,1,2,0,0,0,1,1,1,1,1,1,2,0,0,1,0,0,1,1,1.465150151840134,0.7159823301725936,0
4627,0,1,0,1,0,0,0,0,2,1,0,1,2,0,0,0,2,1,1,1,0.737249767231869,-0.0923604181330259,0
4628,0,0,0,0,0,2,0,0,2,1,0,1,1,1,0,1,1,0,1,1,0.34593722098146934,0.79686875140513,0
4629,1,0,1,0,0,2,0,1,1,1,0,0,1,0,0,1,0,2,1,0,0.9881418242712996,0.8979216331380312,0
4630,0,1,0,1,0,0,0,1,1,1,0,1,0,1,0,2,1,1,1,1,-1.357025132309975,-0.26971496093339575,0
4631,0,1,0,0,0,0,0,0,0,1,1,0,0,0,1,1,2,0,1,1,-0.2545172245562502,-2.0859530607074874,0
4632,0,1,0,0,0,1,0,0,2,1,1,0,0,0,0,0,1,1,1,0,-1.3975146109994432,-0.9668649538320285,0
4633,0,0,1,0,0,1,0,0,1,1,0,0,0,1,0,0,0,1,1,2,1.079695181378003,-0.27743200251821165,0
4634,2,0,0,0,0,0,0,0,0,1,0,1,1,0,1,1,1,0,1,1,0.7771643807006244,0.4220778346348982,0
4635,0,1,1,1,0,1,0,0,2,1,1,1,2,1,0,1,2,2,1,1,-0.36621699993511847,-1.856408556445239,1
4636,0,0,0,0,1,1,0,0,2,1,0,0,1,2,0,0,1,0,2,0,0.6260068183991209,-0.41127491625641865,1
4637,0,0,0,0,0,1,0,0,1,1,1,0,0,0,0,1,0,2,1,0,0.6498253275207391,-0.3806203338780691,0
4638,1,1,2,0,0,1,0,0,0,1,0,1,1,1,0,0,0,0,1,1,-0.8913898810625085,0.2893978684219312,0
4639,0,0,1,0,0,0,0,0,1,1,1,0,0,1,0,0,1,0,1,2,0.023754452748410808,1.5237439425326318,1
4640,0,1,1,1,0,0,1,1,0,0,0,0,0,0,0,2,1,1,1,1,-1.1635481611170835,0.9577816326658062,0
4641,0,0,0,1,0,1,0,0,1,0,0,0,1,2,0,0,2,1,1,1,1.6038452327713062,-0.5215567953565184,0
4642,0,0,1,0,0,1,0,0,1,1,0,0,1,0,0,1,1,1,1,0,-0.7259837869609405,-0.8671516018658549,0
4643,0,1,0,0,0,1,0,0,1,0,0,1,1,0,0,1,0,0,1,1,-2.07095840327386,0.828546812662622,0
4644,0,0,0,1,0,0,0,0,1,0,1,1,1,0,0,1,0,0,1,1,-0.11827607933300925,-0.27335975339542773,0
4645,0,0,0,0,1,0,0,1,0,2,1,1,2,0,0,0,1,0,1,0,-0.17628977391462072,1.3759242979031572,0
4646,0,1,2,0,0,1,0,1,0,1,0,0,0,0,0,0,0,1,2,0,-2.226880621471457,-0.4016243433550771,0
4647,0,0,1,0,0,0,0,0,1,0,0,1,0,1,0,0,2,0,1,1,-0.3994765038758978,-2.325552971729169,1
4648,0,1,0,0,0,1,0,0,1,2,1,1,0,0,0,1,0,0,1,1,0.5395067864036696,1.1884762037106784,0
4649,0,1,0,0,1,0,0,0,1,0,0,1,0,1,0,1,2,1,2,0,0.35637422526552087,-0.4692130246689943,1
4650,1,1,0,0,0,2,0,0,2,1,2,0,1,0,0,2,0,1,1,0,0.1402362652021943,-0.5025527220594,0
4651,0,2,0,0,1,1,0,0,0,1,0,0,0,0,1,1,1,1,1,0,0.23007379598486888,-0.6569530432921085,0
4652,0,2,1,1,1,2,0,0,1,1,1,1,0,0,0,0,1,0,1,0,-0.4761781144727927,-1.2264015722608834,0
4653,0,0,2,1,0,1,0,1,0,1,1,1,0,0,0,0,0,1,0,1,-0.6224554475205771,-0.5760690758344568,0
4654,0,1,0,0,0,2,0,0,2,0,0,1,1,0,0,2,1,0,1,1,4.299421991280944,2.223492728155907,1
4655,0,1,0,0,0,2,0,0,0,0,0,1,1,0,0,0,0,0,1,0,-1.3041104335145717,0.0004145477854994306,0
4656,0,0,2,0,1,0,0,0,0,1,0,1,2,1,0,0,0,0,1,0,-0.9334560693988412,0.002455907624261233,0
4657,0,0,1,0,0,2,0,0,1,1,0,1,1,0,1,1,1,0,1,1,-1.3887836397176359,-0.6426813257253552,0
4658,0,0,1,1,0,2,0,1,1,0,1,0,1,0,0,0,1,0,2,2,-2.115731817996963,-0.9098181431464296,0
4659,0,0,0,0,1,1,0,0,1,1,2,0,0,1,1,0,1,0,2,0,-0.5000047014435222,-0.8509416492353576,0
4660,1,0,0,0,0,0,0,1,1,0,0,1,1,0,0,2,1,0,1,1,0.6572935159184734,0.8388525685738699,0
4661,0,1,1,0,0,1,0,1,1,1,1,0,0,0,0,1,0,0,2,1,0.04759244456785828,-0.4410970713621426,0
4662,0,1,0,0,0,2,0,0,2,0,0,0,0,0,0,1,0,1,0,1,0.3694216859425993,-0.2312049079452642,0
4663,0,0,1,0,0,2,0,0,1,0,1,2,1,0,0,0,0,1,2,0,0.039806631054621934,0.3665095919021376,0
4664,1,1,0,0,0,2,1,0,0,0,1,0,0,1,0,1,1,0,0,0,0.8792825132736999,-0.12466081735451762,1
4665,0,0,1,1,0,2,0,0,0,1,0,1,1,1,0,1,1,0,1,0,-0.026799435904521336,2.130765359918357,0
4666,0,0,0,0,0,0,0,0,2,0,1,1,1,1,1,1,1,2,0,1,2.0136993905727674,0.6832651412896114,0
4667,1,0,2,0,0,0,0,0,1,0,1,0,1,2,0,1,0,1,1,0,-0.37550446312848423,0.8725803226445671,0
4668,0,0,0,0,0,0,0,0,2,1,0,2,0,0,0,1,1,1,1,1,0.04433797466179755,-1.6235569199609525,0
4669,0,2,1,0,0,2,0,0,2,1,1,0,1,0,0,0,1,0,0,1,-0.20125229919780915,-1.19301050959824,0
4670,1,0,1,0,1,0,0,0,2,2,0,1,2,1,0,1,1,1,1,0,-2.8534442129194306,-1.5765689653461954,1
4671,2,0,1,0,1,1,1,0,1,1,1,0,1,0,0,1,0,2,2,2,-0.056456743425665507,-0.9855619656096763,0
4672,0,1,0,0,0,0,0,1,0,2,0,0,1,1,1,1,0,0,2,1,-1.8681807575040303,-0.08564756343020238,1
4673,1,1,1,0,2,0,0,0,1,0,0,2,1,0,0,1,0,0,1,1,0.826092974753125,-0.34605845570839744,0
4674,0,1,0,0,0,1,0,0,1,0,1,1,0,1,0,0,2,0,1,0,0.9433488275203132,-1.3882884327101297,0
4675,0,1,1,0,0,1,0,0,0,2,2,1,2,0,0,0,1,0,0,1,1.146603115420976,-1.1559606320096192,1
4676,1,1,1,0,0,1,0,0,0,1,0,0,1,0,0,1,1,0,1,0,2.125019586839597,1.941106734009804,1
4677,0,0,1,0,1,0,2,0,1,0,0,1,1,0,0,1,1,0,1,1,-1.0187001145204189,-0.28407530672063386,1
4678,0,0,0,0,0,1,0,0,1,1,1,2,1,1,0,2,1,0,0,0,-1.0396821878721063,0.8145089345482694,0
4679,1,0,0,0,0,1,0,0,0,1,1,1,1,1,0,1,0,0,2,1,-0.22682668658222804,-1.1549466747793793,0
4680,0,0,1,0,0,1,0,1,0,0,0,1,1,1,2,1,0,0,0,0,-0.3281594843451828,-0.2473894034813934,1
4681,0,0,0,0,1,0,1,1,1,1,1,1,1,1,0,0,0,0,0,0,-0.829593385379899,-0.958938681399155,0
4682,0,1,1,1,0,0,0,0,1,0,1,1,1,0,0,1,0,1,1,2,1.6586964591560343,-0.15127059624800943,0
4683,0,1,2,1,0,1,0,1,1,1,0,0,0,0,0,2,1,1,2,0,-0.36419540274974066,1.6968823980126997,1
4684,0,0,0,0,1,1,0,0,1,2,1,1,1,0,1,1,0,0,0,2,-1.5326470395931588,-1.9393271239429513,1
4685,0,0,0,1,0,1,0,0,2,1,1,1,2,1,0,0,1,0,1,1,-1.391807966617821,-1.4041860932632677,1
4686,0,1,0,0,1,1,0,0,1,1,0,1,1,0,0,0,0,0,1,2,-0.9712831379233634,-0.8062362717074247,0
4687,1,1,0,0,1,1,0,0,2,0,0,0,1,0,1,1,0,0,2,0,-1.435784790280149,-1.6411082372540804,0
4688,0,2,1,0,0,1,0,0,0,0,1,0,0,0,0,1,0,1,0,0,0.7878798613974553,-1.5933306167445018,0
4689,0,0,1,0,0,0,1,0,1,0,0,2,0,0,1,1,0,0,1,0,-0.20509886785152903,-1.0640589229107686,1
4690,0,1,0,0,1,1,0,1,0,0,0,1,0,0,1,0,1,0,2,1,-1.1013292483545705,-0.19328356780109202,0
4691,0,1,0,0,0,1,0,0,1,0,1,0,0,0,0,2,0,0,0,1,-0.0825233522119807,-0.38524877044137723,1
4692,0,0,1,1,0,1,0,1,1,1,2,1,0,0,0,0,1,0,1,0,0.7679286968406598,-2.535959483369992,1
4693,0,0,1,0,0,1,1,0,0,1,1,0,1,0,0,0,1,1,0,1,0.2608690962837878,-0.48255520120080275,0
4694,0,1,0,0,0,2,0,0,2,2,0,1,1,1,0,1,1,1,1,0,-1.2299926518369189,-1.4281423819946024,0
4695,0,1,0,0,0,2,0,0,2,1,0,1,0,1,0,1,0,0,0,1,-1.1897757932027626,0.2328306738026193,0
4696,0,0,0,0,0,1,0,1,2,1,0,1,2,0,0,0,1,2,1,1,0.4473006067850521,0.6721056446947432,0
4697,0,2,0,0,1,1,1,0,1,0,0,1,2,0,0,1,1,2,0,0,-0.4120564161838838,-0.7580278672611623,0
4698,0,1,1,0,0,0,1,0,1,0,1,0,1,0,0,1,0,1,0,1,0.5009164837472104,-0.4111200273920934,0
4699,1,1,2,0,1,0,0,0,2,1,0,0,1,1,0,1,1,2,0,2,-0.34397020877392853,0.5821544947398565,1
4700,0,1,0,0,0,1,0,0,1,0,1,0,0,0,0,2,1,1,2,0,1.0562427997354564,-0.9823291878349314,1
4701,0,0,0,0,0,1,0,0,0,0,0,1,0,1,0,2,1,0,1,0,-1.7552381950707925,0.19985168523456498,0
4702,0,0,0,0,1,1,0,1,1,1,1,0,1,1,0,0,1,0,1,0,-0.6251155915174699,-0.6177481261981712,1
4703,0,0,0,0,0,1,1,1,2,1,1,2,1,0,0,1,2,0,0,1,0.4952140861608842,-0.410645392783179,0
4704,0,1,2,0,0,1,0,0,1,1,2,0,1,0,0,1,2,1,0,1,-1.0722505451600592,-1.8604129861465148,0
4705,1,1,0,0,0,0,1,0,1,0,1,1,2,0,1,1,1,0,0,0,-0.8074958107354309,-0.08896017037413295,0
4706,0,1,0,1,0,2,0,0,0,1,1,1,1,1,0,1,0,2,1,1,0.8527654487634311,1.0962397442830585,1
4707,0,0,1,0,0,1,1,0,0,0,0,0,0,0,0,1,1,1,2,2,0.3578649111509989,1.0230048628824011,0
4708,0,1,1,0,0,0,0,0,0,1,0,1,2,0,0,1,0,0,1,2,-0.16699339647979572,0.9879400054553181,0
4709,0,1,1,0,0,2,0,1,0,0,0,0,1,0,0,0,1,2,1,1,-1.4058871215897109,-1.5380509693991553,0
4710,1,0,2,0,0,1,0,0,1,1,0,1,1,0,1,1,0,1,0,0,-0.20451241852995472,-1.1101079640660103,0
4711,0,1,1,0,0,1,0,0,0,1,0,0,0,0,1,1,1,1,1,1,-0.9752708988001962,-1.6216317996774605,0
4712,0,1,0,0,0,1,0,0,1,1,0,0,1,0,0,1,1,1,1,0,1.4974151746750355,0.7830753970226464,0
4713,1,0,0,0,0,1,0,0,2,1,1,0,1,0,0,1,1,1,2,1,0.722746361542928,0.7150613926948559,0
4714,1,0,0,0,1,2,0,0,1,1,0,0,0,0,0,1,0,0,0,0,0.06888692778497041,1.7698632723171173,1
4715,0,0,0,0,0,1,1,0,1,0,0,0,1,0,0,1,0,1,1,2,-0.8870656060759289,0.2675814480865581,1
4716,0,0,1,0,2,0,0,0,1,1,1,0,1,0,0,2,0,1,2,0,-0.377110081851353,0.9670697409619737,1
4717,0,1,1,0,0,1,0,0,0,1,1,1,1,0,1,2,1,1,0,0,0.2220397948163381,0.2752836114042538,0
4718,0,0,1,0,1,1,0,0,1,0,1,1,2,0,1,0,0,1,1,2,-0.6668943921777061,0.7040851947172064,1
4719,0,1,1,0,0,2,0,0,0,0,0,1,2,1,0,2,1,1,0,0,-2.2995941318093718,-1.857671494217786,0
4720,0,1,1,0,0,2,0,0,1,1,1,0,0,0,0,1,0,1,1,1,-1.1916093667032042,0.6735042487408477,0
4721,0,0,1,0,0,0,0,0,0,2,0,0,2,0,1,0,1,1,1,0,0.3060646165045367,0.9926464702999571,1
4722,0,0,0,1,1,0,0,0,1,0,1,0,0,0,1,2,0,2,1,1,-1.6117481082781955,0.2723203113934264,0
4723,1,0,1,0,1,2,1,1,1,0,0,0,0,0,0,0,1,2,1,2,0.11972951571138023,0.6986245592277667,0
4724,0,1,1,0,0,0,0,0,2,1,0,0,2,1,1,1,2,0,0,1,2.072260250087867,-0.9299787386960612,1
4725,0,0,1,0,0,2,0,1,1,1,0,1,2,0,0,2,0,1,2,1,-0.38347527575036255,0.3678188866176993,1
4726,0,1,1,0,0,0,0,0,0,0,0,2,1,1,0,0,0,0,0,0,-0.7185373079252311,-0.6336826064828787,0
4727,0,0,1,0,0,1,0,0,0,0,2,1,0,0,1,0,2,0,1,2,0.1648005152441419,-2.3237085988452817,0
4728,0,0,0,0,0,2,0,0,2,0,0,0,1,1,0,0,0,0,0,0,1.3102451569956195,0.8136934020325035,0
4729,0,1,0,0,1,2,0,0,2,0,1,0,0,1,0,0,1,0,1,0,0.3629563441608383,-1.0391830910859716,0
4730,0,1,1,1,0,2,0,0,2,0,0,1,0,0,1,1,1,0,1,0,1.4532983068624248,0.7874902390661924,0
4731,0,1,2,0,0,2,0,0,0,1,0,0,0,0,0,0,0,0,1,1,3.969885504484865,0.590672520462624,1
4732,0,1,0,0,0,2,2,0,2,0,1,1,2,0,0,0,0,1,1,0,-0.5502638914180522,-0.9172311744758539,0
4733,0,1,0,0,0,1,0,0,1,0,0,1,0,0,0,1,0,2,2,2,-0.3576452041661497,1.2911195020407922,0
4734,0,0,0,0,0,1,0,0,2,0,0,0,1,0,0,0,1,1,1,2,0.007376085104270018,-0.770845480252477,0
4735,1,0,1,1,0,1,0,0,0,1,1,1,0,0,0,1,0,0,1,1,1.579422209024054,1.7200831643020846,0
4736,1,1,2,0,1,0,0,0,1,1,0,0,1,0,0,0,0,1,0,0,1.3791586294513307,0.31964896662781905,0
4737,0,1,1,0,0,2,0,1,0,0,0,0,0,1,0,0,1,0,1,1,-2.3845446703161084,-0.3192152876217321,0
4738,0,1,0,0,1,1,0,0,0,1,0,1,1,0,0,0,2,2,0,0,1.340036346226692,2.181503359316016,1
4739,0,0,0,0,1,0,0,1,0,0,2,1,1,0,0,2,0,0,1,0,0.8448111389372348,0.6758310998164205,0
4740,0,1,0,0,0,0,1,0,2,0,0,1,1,1,1,1,2,0,0,2,-0.9435561796443906,-1.2410541479498103,0
4741,1,0,0,0,0,1,0,1,1,1,1,0,2,0,0,0,0,2,1,1,-0.8133134123901933,-0.23036361391934002,0
4742,0,0,1,0,0,2,1,0,0,0,1,1,2,0,0,1,1,2,1,0,-1.256104985556845,-0.38030586359394664,0
4743,0,0,1,0,0,1,0,0,1,0,0,0,2,0,0,1,0,1,1,0,-0.30532237769738574,-1.1987357711850493,0
4744,1,0,2,0,0,0,0,1,2,1,0,1,1,0,0,1,1,1,0,1,2.2682483653801793,-0.15745100831118897,0
4745,0,0,1,0,0,0,0,0,1,1,1,1,1,0,0,1,0,1,0,0,-0.39877374751745776,-0.7061895238983427,0
4746,0,1,1,0,0,1,0,0,2,0,0,0,1,0,0,1,0,0,1,1,0.015002583217911898,0.02437910156081491,0
4747,1,0,1,0,0,1,0,0,1,0,0,1,0,1,0,1,2,0,0,1,-0.3924240876079023,-0.05149931077699196,0
4748,0,0,0,0,1,2,0,0,1,2,0,1,1,0,0,0,0,0,2,0,0.1420999224560683,0.03309138471684683,0
4749,0,0,0,0,0,1,0,0,1,0,0,0,2,0,0,1,2,0,1,0,-0.102048062522014,-0.6046215324082467,0
4750,0,1,0,0,0,1,0,0,2,1,0,1,1,0,0,2,0,0,1,0,-0.7502957049023654,0.9883189781987454,0
4751,0,1,0,0,0,2,0,0,2,1,1,0,0,0,1,1,1,0,2,1,0.6131757327398164,1.3272119684466117,0
4752,1,0,0,1,0,2,0,0,0,0,0,0,1,0,0,0,1,1,2,1,-1.0880052282211679,-0.7750429330607387,0
4753,0,0,0,0,0,0,0,0,2,0,2,1,1,1,1,1,2,0,0,0,-1.3412305281138703,-0.8604397199687275,0
4754,0,1,1,0,0,1,0,0,0,1,0,0,1,0,0,1,0,1,0,1,-0.6186260551998557,0.06721195274151551,1
4755,1,1,1,0,0,1,0,0,0,0,0,1,2,0,0,0,0,0,1,1,-0.8509945460039969,-1.8851101586289658,0
4756,0,0,0,1,0,1,0,0,1,1,0,0,1,0,0,1,1,1,1,2,-0.3900071078058526,0.3569987642450021,0
4757,0,1,1,0,0,1,1,0,1,0,0,1,2,0,0,1,0,0,0,0,-1.6005787933613749,-0.15341176702514892,0
4758,0,0,0,0,0,1,0,0,1,0,1,0,0,0,0,0,1,0,0,0,-0.06686074275172894,-1.1095513148531766,0
4759,0,1,0,0,0,1,0,0,0,0,1,0,1,0,1,0,2,1,1,1,-0.34569410260790107,-0.6258773681575738,0
4760,0,0,1,1,0,1,1,0,1,0,0,0,0,2,1,0,2,2,2,1,0.3921082756608583,1.3664472296301349,0
4761,0,2,0,0,0,1,0,1,2,1,0,0,1,1,0,0,1,1,1,1,0.2705964130086587,-0.21808448119017632,0
4762,0,0,2,0,1,0,0,0,1,2,0,0,0,2,1,0,2,2,0,1,1.642127132327117,1.0373145125204841,0
4763,1,1,0,0,0,0,0,0,2,1,1,0,0,0,0,1,1,0,2,0,-2.2974001779982633,-0.5438771995783348,0
4764,0,0,1,0,0,0,1,0,1,0,1,0,2,0,0,0,0,0,1,1,0.9148492569531391,-1.0132240937265444,0
4765,0,0,1,0,0,1,0,1,0,0,0,0,2,0,1,1,0,2,0,0,0.24028152594742216,0.512705405647145,1
4766,0,1,0,0,1,0,0,1,1,1,0,0,1,0,0,0,0,0,0,0,1.4477868921852064,0.5188718382567818,1
4767,0,0,0,0,0,1,0,0,1,0,1,1,2,1,0,0,0,1,1,1,-0.004666429810735003,0.09930736418285008,0
4768,0,0,0,0,1,1,0,1,2,1,0,0,0,1,0,1,0,0,0,1,0.2744501412710702,-0.7093727857733414,0
4769,0,0,0,0,1,0,0,0,1,0,1,0,0,0,0,0,1,0,1,1,-1.085636664519309,-0.7371797145350995,0
4770,0,0,1,0,0,0,0,0,2,2,1,0,0,0,1,1,1,0,2,1,1.132545643375864,1.4975711751759997,1
4771,0,0,1,0,0,2,0,0,2,2,0,0,0,0,0,0,0,0,0,1,-0.9803244154410158,-0.046631688397054755,0
4772,0,1,1,0,0,1,0,0,1,2,1,2,0,0,0,1,0,1,0,0,0.3857350041335499,-1.246137481042055,0
4773,0,1,1,0,0,1,0,1,1,1,1,0,0,1,0,0,1,0,1,1,2.173616996334547,0.8715488812951924,0
4774,2,1,2,0,0,2,0,1,0,0,0,1,1,0,0,1,1,1,0,0,-0.22814285431175485,-0.0917746374131351,0
4775,0,2,0,0,0,0,0,0,1,0,0,1,1,0,0,1,2,0,2,1,0.3775662600179937,-1.286688032871433,0
4776,0,0,0,0,0,1,0,0,0,1,1,0,1,0,1,2,1,0,0,1,0.17142594427334318,-0.32268793076353974,1
4777,0,1,1,0,0,0,0,0,2,2,0,2,0,0,1,1,0,2,1,0,-0.05052294401580146,-0.3241061919417004,0
4778,0,2,0,0,0,2,0,0,2,0,0,0,1,0,1,0,0,0,0,0,0.3285091897027997,-0.8763660476673886,0
4779,0,0,1,0,0,0,0,1,1,2,1,1,1,1,0,2,1,0,1,0,1.1453889435459115,1.4087719273338362,1
4780,0,1,0,0,0,2,0,0,1,1,0,0,1,1,1,2,2,1,2,1,0.22534921177350756,1.0261448613380448,1
4781,0,0,1,0,0,1,0,1,1,1,0,0,2,0,0,0,0,0,0,1,0.4068313641154295,0.13583437562680392,0
4782,1,0,0,0,0,1,1,0,0,0,0,0,0,0,2,2,1,0,1,1,1.028218046113639,0.7200687068148529,0
4783,0,1,0,0,0,2,0,0,1,2,0,0,0,0,1,1,0,1,1,0,-0.8530738842768719,0.6758759790704886,0
4784,0,1,0,0,1,1,0,0,2,1,1,1,0,0,1,2,1,0,1,0,1.2095610159754155,-0.04845179618532092,1
4785,0,1,1,0,0,1,0,0,1,2,0,1,0,0,0,0,1,1,2,0,-0.23914845131282392,-0.14858538905990915,1
4786,0,0,0,0,0,1,0,1,2,0,1,0,1,0,0,2,1,0,2,1,-0.02085084306484418,1.9685347033170069,0
4787,1,1,0,0,0,0,0,0,1,0,0,0,0,0,0,1,2,1,1,0,-0.6230068853659154,-1.890169518032912,0
4788,0,0,0,0,0,1,0,0,0,1,0,1,1,1,0,0,0,1,0,0,1.2760163503028075,0.38294354421585775,1
4789,0,0,1,0,0,0,0,0,1,1,1,1,0,1,0,0,0,0,0,0,-0.0032280721560145878,-0.4814515591051137,1
4790,0,1,1,0,0,1,0,0,1,1,1,1,1,0,1,1,1,1,1,1,0.22440982783705388,0.8384804006302445,0
4791,0,1,1,0,0,2,0,0,1,1,1,0,0,0,1,1,0,1,1,1,0.9677710654889597,-0.15107882128606287,0
4792,0,1,0,0,1,0,0,0,1,1,1,2,0,1,0,1,0,1,0,0,-0.9581962960723849,0.04285060625898285,0
4793,0,1,0,0,0,1,0,0,2,1,1,1,1,0,0,1,1,1,0,0,1.8102345934300512,0.6692674188222241,1
4794,1,1,1,0,0,1,0,0,0,2,0,0,1,0,1,0,1,0,1,0,-1.5202776655528476,0.4806575294411092,1
4795,0,2,0,0,0,0,0,1,1,0,0,0,0,0,0,1,1,0,1,1,-0.585177205492975,-1.4775131976917661,1
4796,0,1,1,0,0,0,0,0,1,0,0,0,1,2,0,1,0,1,1,0,-0.1451419764891305,0.4946022885261506,0
4797,0,0,1,0,0,0,0,0,0,2,1,0,1,0,0,1,0,1,0,2,1.144544440104551,-0.10078173613935049,0
4798,0,1,1,0,1,0,0,0,2,1,0,0,0,0,0,0,1,0,0,1,-0.9357742620178058,-0.4658658717014398,0
4799,0,2,1,0,0,0,1,1,1,0,1,1,0,0,0,1,0,1,1,1,-0.5217423615057619,0.12903443604797393,0
4800,1,0,1,0,0,1,0,0,1,1,0,0,0,1,0,0,2,1,2,1,0.00726082235027197,1.946148898633439,0
4801,1,0,0,0,0,1,0,0,1,0,1,1,0,0,0,2,1,0,1,0,-0.34361946739042587,-0.2500017865258242,0
4802,0,1,1,0,1,1,0,0,0,1,0,0,1,1,0,0,1,2,0,1,-0.789892556493104,-0.2633845769220406,0
4803,0,0,1,0,0,0,0,1,1,1,1,0,1,0,1,0,1,0,1,1,-1.477158310474183,-1.5854706951779303,0
4804,0,1,1,0,0,0,0,0,1,0,1,1,0,1,0,1,0,1,2,2,-0.38857235416483066,0.8175872179527788,1
4805,0,0,0,0,1,1,0,0,1,1,0,1,2,0,0,1,1,0,0,2,-0.44237735701027964,-0.12255695150191023,0
4806,0,0,0,0,1,1,0,0,0,0,0,0,1,1,0,1,0,0,1,0,-0.9324235004234953,1.4275106849506223,0
4807,0,2,0,1,0,0,1,0,1,2,0,1,1,0,0,1,1,0,1,0,0.43954262299168123,0.2770348741429671,1
4808,2,0,1,0,0,1,0,0,0,0,0,1,1,1,1,0,0,0,1,0,-0.6180598309942948,-0.5863933389181082,0
4809,0,0,1,0,0,1,0,0,1,1,1,0,1,0,0,1,2,1,1,0,-0.6702520843032622,0.909277008920547,1
4810,0,0,0,0,1,2,0,0,1,1,0,0,0,0,0,0,0,0,0,1,-0.08222802336304537,1.2546284689187994,0
4811,0,0,0,0,0,1,1,0,1,2,0,0,1,0,1,1,1,0,0,0,-1.5067681425820485,-1.2833659230075187,0
4812,1,1,2,0,0,1,0,1,1,2,1,0,1,0,1,0,1,0,2,1,-0.9860536066299967,-1.8699970841759597,1
4813,0,0,0,0,0,2,0,0,1,0,1,1,2,0,2,0,1,0,0,0,0.26313332677527695,-0.5703119254358816,0
4814,0,0,0,0,0,0,1,0,1,0,0,1,1,0,0,1,1,0,2,1,-1.01133250081541,-0.3438710801137264,0
4815,0,1,2,0,0,1,0,0,0,0,1,1,1,0,0,0,0,0,1,0,-0.2710439447606587,0.12129612778833232,0
4816,0,1,1,0,0,1,0,0,1,1,0,0,1,0,0,1,1,1,0,0,0.43827106052988385,-0.038104126582628434,0
4817,0,0,2,0,0,1,0,0,1,1,1,2,0,0,1,2,1,1,0,1,-1.6834381761382895,-0.2671815269636704,0
4818,0,1,0,0,0,0,0,0,1,0,0,0,0,1,1,2,1,1,0,0,1.84747132840227,1.935056373033687,0
4819,1,1,0,0,1,2,0,0,1,0,0,0,1,0,0,0,0,0,1,1,2.307923157712668,0.8794580722520806,0
4820,0,1,1,0,0,0,0,0,0,0,0,0,0,0,0,0,2,2,0,1,-0.965228916815301,-0.038227810706467635,1
4821,1,0,0,0,0,0,0,0,1,0,1,1,0,1,0,0,1,1,2,0,0.021574469113864642,-0.7282515568814157,0
4822,0,2,0,0,0,0,0,0,1,2,0,0,0,0,0,0,1,1,1,0,-0.19769134154558649,0.5876408736695946,0
4823,0,0,1,0,1,1,0,0,1,1,0,1,0,0,0,1,1,1,0,1,0.44361893267777286,0.6107932139675384,0
4824,0,1,0,0,0,1,0,0,1,1,0,1,1,0,0,0,0,1,1,2,2.1171033723351966,0.9579770673307358,0
4825,0,0,0,0,0,1,0,0,1,0,0,1,0,1,1,1,1,1,2,0,-1.1053763290126286,-0.7611993537287751,0
4826,0,2,0,0,0,2,0,0,0,0,0,0,1,0,0,1,0,1,1,1,-0.3760822225280229,-1.0237870793679458,0
4827,0,1,2,0,1,2,0,0,1,0,0,0,2,0,0,1,0,1,1,0,-1.8688312267104814,0.4838925265553101,1
4828,0,1,1,0,0,0,0,0,0,1,0,0,1,0,0,1,1,2,1,1,-1.5101643524284412,-1.1034562723126837,0
4829,1,0,0,0,0,2,0,0,0,0,0,0,1,0,0,0,1,0,1,2,1.527306028728826,1.3515242294120293,1
4830,0,1,0,0,0,1,0,0,1,2,0,1,0,0,1,1,0,0,1,1,-0.5173703431437285,1.1472122280863524,1
4831,0,1,0,1,0,0,0,0,0,1,1,0,0,1,0,2,1,1,0,0,0.40829282276120915,1.2141671127687004,0
4832,0,0,0,0,0,1,0,0,0,0,2,1,0,0,0,1,0,1,1,1,0.10120223559913662,-0.03187032833555904,0
4833,0,0,2,0,0,0,0,0,1,0,0,0,1,0,0,1,0,1,0,0,0.7942438562952745,-0.307709272373728,0
4834,0,2,1,0,0,1,0,1,0,1,0,2,0,1,0,0,1,1,2,0,0.18659788005740044,1.6261621353150817,0
4835,0,0,1,0,1,2,0,0,2,2,0,1,1,2,0,1,0,1,1,1,0.7262350633692378,-1.1417879263787496,0
4836,0,1,2,0,0,1,1,0,1,1,0,1,0,0,0,1,1,2,1,1,-0.5349133468684564,0.7477757394776756,0
4837,0,1,1,0,0,1,0,1,0,1,0,1,2,1,0,2,0,0,0,1,-1.4232917556832672,-0.9052210910066454,0
4838,0,1,1,0,0,2,0,1,1,2,1,0,0,0,0,0,0,1,0,0,-0.5584602796152968,-1.2257285062935281,1
4839,0,0,0,0,0,1,0,0,1,0,0,0,0,0,1,1,0,0,0,0,-0.7614789908958786,-0.22779808425098888,0
4840,0,0,0,0,0,2,0,0,1,0,0,1,2,1,0,2,0,0,1,1,0.06614388528448314,1.8272804130426814,0
4841,0,0,1,0,0,1,1,1,1,1,1,0,1,0,1,2,0,1,2,1,-0.1137518561021733,0.5648462652824884,1
4842,0,0,0,0,0,2,0,0,2,0,0,1,0,0,0,0,1,0,1,0,0.44489026090055794,0.11966993465470195,0
4843,1,0,0,0,0,0,0,0,2,0,1,0,0,0,0,1,0,1,1,2,-0.5638551877737421,-1.5237951446201958,1
4844,1,1,1,0,1,1,0,0,2,0,1,1,0,0,0,1,0,0,1,1,0.36725130474813056,-1.396899515550136,0
4845,0,0,0,0,0,0,0,0,0,1,2,0,0,0,0,1,0,2,1,1,0.5494710660141463,0.748740913124545,1
4846,0,0,0,0,0,2,0,0,0,2,0,0,0,1,0,0,0,0,1,1,-1.2494100268407078,-0.8582533228127718,0
4847,0,0,1,0,0,1,2,0,2,1,0,1,1,0,1,1,2,0,1,0,0.9286465793240701,-1.4105162316935325,0
4848,0,0,1,0,0,0,0,1,0,0,0,0,0,1,1,1,2,1,0,1,-0.18202060425201677,-0.07519881538505316,0
4849,0,1,1,0,0,0,0,1,0,0,0,0,0,0,1,1,0,1,1,0,0.9637513930846621,-0.10031765956075073,0
4850,0,0,0,1,0,2,0,0,2,0,1,1,0,0,0,0,0,1,1,1,2.0271249181287105,-0.4917081589218597,1
4851,0,0,1,0,0,1,1,0,0,0,0,1,1,0,1,1,0,1,2,0,-0.19623609399620862,0.534416473764676,0
4852,0,0,2,0,1,2,0,0,0,0,1,1,0,0,0,1,0,0,1,1,0.2324488831240489,0.3520709396093876,0
4853,0,1,1,0,0,0,0,0,2,0,1,1,0,0,0,0,0,0,1,0,-1.5236048943211462,-0.7634364403881554,0
4854,0,1,0,0,0,0,0,0,2,0,0,2,1,1,1,0,0,2,0,1,1.5554937534131483,-0.08587327304722109,0
4855,0,0,1,0,0,1,0,0,1,0,1,0,1,1,0,1,0,0,0,2,-0.8749631863525799,0.3110917516487274,1
4856,0,0,0,0,0,1,0,0,0,0,0,1,1,0,0,1,1,1,2,1,1.1067722647243343,2.0752208565685923,1
4857,0,2,0,0,0,1,0,0,1,0,0,1,1,0,0,1,0,1,0,0,-0.4482604740243928,-0.9659618161634387,0
4858,0,1,0,0,0,1,0,0,2,0,0,1,0,0,0,1,0,0,0,0,-0.5596848392826098,1.7270480007751878,1
4859,0,1,1,0,0,0,0,0,2,1,1,2,0,0,0,0,0,1,1,0,0.06472084298460357,-0.5956106113721314,1
4860,0,0,0,0,0,1,0,0,2,0,0,1,0,1,1,1,1,0,1,0,1.0800148183072968,1.3010901512009487,0
4861,0,1,0,0,0,0,1,0,1,0,0,1,0,0,0,1,2,0,1,2,0.7619843878865564,-0.19556533203877124,0
4862,0,0,1,0,0,0,1,0,1,0,0,1,1,0,0,1,2,1,0,0,0.11024454476028973,0.6215733020440086,1
4863,0,1,0,0,0,1,1,0,1,1,0,0,1,1,0,1,1,0,0,1,-1.050483154482397,-2.3200414198100776,1
4864,0,1,0,1,1,1,1,0,1,1,0,1,0,1,0,0,0,1,1,0,-0.3647412918262471,1.6934818577446102,1
4865,0,0,0,0,0,1,0,0,1,1,1,2,0,0,0,1,1,0,2,1,-0.4603189182729199,-0.5181570310045653,0
4866,1,1,0,0,0,1,1,1,2,1,1,0,1,0,0,0,1,0,1,2,-0.5804759972822803,-0.2496644328290002,1
4867,0,2,0,0,1,2,0,0,1,1,0,0,0,1,1,2,0,0,0,0,-0.48074888080931333,-0.3303554189089588,1
4868,0,0,1,0,0,0,0,0,2,1,1,0,1,0,0,0,0,1,0,0,-2.5419615946982463,-3.1578527895547626,1
4869,0,1,1,0,0,1,0,0,1,0,0,2,1,0,0,0,0,0,1,0,-1.3824626845921286,0.6636271221165947,0
4870,1,0,0,0,0,0,0,0,1,1,0,0,1,0,0,1,0,0,1,0,1.6687572368675812,0.8311510069236291,1
4871,0,1,0,1,0,1,0,0,0,1,0,1,0,1,0,0,1,0,0,1,0.33448824363335383,-0.8261510934006593,0
4872,0,0,0,0,0,1,0,0,1,2,0,0,1,1,0,1,2,1,2,0,1.4306403646277166,1.1793842574089897,1
4873,1,0,1,0,0,2,0,0,0,0,0,1,2,0,0,1,1,0,0,0,0.9726004923117527,-0.22230424219130462,0
4874,0,0,0,0,0,1,0,0,1,0,1,1,2,1,1,0,0,0,1,0,-1.548448635120341,-0.8632619552254119,0
4875,0,1,0,0,0,1,0,0,1,0,1,0,1,0,1,2,2,2,2,1,-0.7342650860566355,0.34545835298355587,0
4876,0,1,1,0,1,1,0,0,0,0,1,0,0,0,0,1,0,0,0,0,2.4981833125043447,1.4210219374172346,1
4877,0,1,2,0,0,1,0,0,1,0,1,0,0,1,0,0,1,0,1,1,-1.0835662018821497,-2.467756797983637,1
4878,0,2,0,0,0,2,0,0,0,1,0,1,0,0,0,0,0,1,1,0,-1.1001016407024047,0.030495265827037987,0
4879,0,0,1,0,1,0,0,0,1,2,0,0,1,0,1,2,1,1,2,1,-1.3300807578409313,-0.20956748684015786,0
4880,0,1,2,0,0,0,1,0,0,0,1,0,0,0,1,1,1,1,1,0,0.24688970266442647,-0.6488539264519444,1
4881,1,0,1,0,1,0,0,1,1,1,0,0,1,0,0,0,0,0,2,0,-0.3246193005751171,1.1280042480746666,0
4882,1,0,1,0,0,1,1,1,1,0,2,1,1,2,0,0,0,1,1,1,-0.28914625403942357,0.586465885657903,0
4883,0,0,0,0,0,1,0,0,1,0,0,0,1,1,0,0,1,1,1,0,-0.544281732395323,-0.5748098873614773,0
4884,0,0,1,0,1,0,0,1,0,2,0,0,1,1,0,0,0,1,1,1,0.09693914652733686,0.8616413915418919,1
4885,0,1,1,0,0,1,1,0,1,2,1,0,1,1,0,0,2,1,2,0,-1.4203629633919992,-1.9888071337873263,0
4886,0,0,1,0,0,0,0,0,1,2,0,0,1,1,0,1,1,0,0,0,-0.5327020856323654,0.9474535817449584,0
4887,0,1,1,0,0,2,0,0,2,0,1,1,1,0,0,1,0,1,0,1,1.6501391124242828,-0.13275050650454973,0
4888,0,1,0,0,0,2,0,0,0,0,0,2,1,0,0,1,1,0,2,1,-0.8995978720977228,-0.29558602890131747,0
4889,0,0,0,0,0,2,0,1,0,1,0,1,2,1,0,0,1,1,1,0,0.07672879880067583,1.258869140710592,1
4890,1,0,0,0,0,2,0,1,1,0,1,0,0,0,0,1,1,0,1,1,-0.6338061635485368,0.9206920252629822,1
4891,1,1,0,0,0,0,1,0,1,0,1,0,1,0,0,0,0,0,0,0,0.6818642994328535,-0.2742458710388076,0
4892,1,0,0,1,1,0,0,0,0,0,0,0,0,0,0,1,1,0,1,2,1.2808360847823406,1.735295429443061,0
4893,1,0,0,0,0,2,1,0,0,1,1,0,0,1,0,1,0,0,0,0,0.38355133184256385,0.05047717202649796,0
4894,0,1,0,0,0,2,0,0,2,1,0,1,1,0,0,0,0,1,0,0,-0.21414819024376072,-1.1044411421570373,0
4895,0,1,1,0,0,1,0,0,1,0,1,0,1,0,0,0,2,0,1,0,0.6363840167635099,-0.28002783175561274,0
4896,1,2,1,0,0,0,0,0,2,0,2,2,1,0,0,1,0,1,1,1,0.0714903352097522,-2.7186785274958405,0
4897,0,0,0,0,0,2,0,1,2,0,0,0,0,0,0,2,0,2,1,1,-1.1066705276429667,0.22813519173368352,0
4898,0,0,1,1,1,1,0,0,0,1,1,0,1,0,0,1,1,0,0,1,-0.18369955337174287,0.06906025494814808,1
4899,0,0,0,0,0,0,0,0,0,0,2,1,1,0,0,0,1,0,2,1,1.9328617757917803,-0.006040382425932578,0
4900,0,0,0,0,0,1,0,0,1,0,0,0,0,0,0,0,1,1,1,1,0.2589253779702676,-0.12929587170595866,0
4901,0,1,1,0,1,2,0,0,2,1,0,1,2,1,0,0,1,1,0,1,-0.8204476814251206,-0.6095366423636036,0
4902,0,1,2,0,1,1,1,0,0,1,0,1,0,0,0,1,2,1,1,1,0.9853517691274168,1.2626517569081093,1
4903,0,1,0,0,1,1,0,1,2,1,1,2,0,1,0,1,0,0,0,0,0.9627339737536939,-0.5495067100400555,0
4904,0,0,1,0,0,1,1,0,2,2,0,0,0,1,0,0,1,0,1,0,-0.13820277211917295,0.5673500027077211,0
4905,0,0,1,0,0,0,0,0,1,2,0,0,1,0,0,2,0,1,2,1,-0.5481426276136682,0.5244475346685152,0
4906,0,0,0,0,0,0,0,1,2,2,0,0,1,0,0,0,1,1,1,0,-0.9687337237071316,0.18967929997001426,1
4907,0,1,1,0,1,0,0,0,0,1,2,2,1,0,0,1,0,1,0,0,0.5580908517809817,-0.16797193322175777,0
4908,0,1,0,0,0,0,0,0,1,0,0,1,0,0,1,2,1,0,1,2,-1.49767660218147,-0.4819235379756062,0
4909,0,1,0,0,2,1,0,1,1,0,0,1,0,0,0,1,0,0,1,1,2.107777659711079,-0.7976251463756866,0
4910,0,1,1,0,1,1,0,0,2,1,1,0,2,0,1,0,0,1,0,1,-1.4167390786968523,-1.6585392903427616,0
4911,0,0,1,0,0,2,0,1,2,1,0,1,1,1,0,0,1,1,1,1,-1.998750132366927,-0.9040080743734475,1
4912,1,0,2,0,0,2,0,0,1,0,0,1,2,0,0,1,0,1,0,1,-1.2512530616756192,-1.746132033230121,0
4913,0,0,0,0,0,1,0,0,0,0,1,2,1,0,0,1,0,0,0,0,0.5535150537933432,0.45825347417629103,0
4914,0,0,0,0,0,0,0,0,1,0,0,0,0,1,0,2,0,0,1,2,1.1406320824964162,1.0735963397819035,0
4915,0,0,1,0,0,2,0,1,0,0,1,0,1,0,0,1,1,1,1,2,0.6624077929008747,-0.8041947487577799,0
4916,1,0,2,0,0,0,0,1,1,0,0,1,0,1,0,1,1,1,0,0,-0.7214812455355188,-1.0694869179252116,0
4917,2,1,1,0,0,1,0,0,1,1,1,2,0,0,1,1,0,0,0,1,0.31466550135040167,-0.10451992435424404,0
4918,1,1,0,0,1,0,0,0,1,2,0,1,1,1,0,0,2,0,1,0,0.018897388125721778,-1.5918611900820558,0
4919,1,1,0,0,1,0,0,0,2,1,1,1,0,0,0,0,1,0,1,0,-1.2297034693702673,-0.9601184606740785,1
4920,1,0,0,0,0,2,1,0,2,0,1,0,0,1,0,0,0,0,2,0,-0.6497347687100214,-1.7003841853636064,1
4921,0,0,1,0,0,1,0,1,1,1,0,0,0,0,0,1,1,0,0,0,0.9157755259340649,1.2953494743423546,0
4922,0,1,1,0,0,0,0,0,1,1,1,0,1,0,0,0,1,0,0,0,0.2738903230304458,0.7869032863121638,1
4923,0,0,0,0,0,0,0,0,2,2,0,1,1,0,2,1,1,0,0,0,0.8519780014805853,-0.6852767201344732,0
4924,1,2,1,0,0,0,1,0,1,0,0,1,1,0,0,1,0,0,0,2,0.14863872508282228,0.8706913487958347,0
4925,0,1,0,1,0,1,0,0,2,1,0,1,2,0,0,2,2,0,0,1,1.5088793726179734,-0.6378850551866104,0
4926,0,1,0,0,0,1,0,0,1,1,1,1,0,1,0,1,0,0,2,1,0.5761440542084326,0.36583371875844134,0
4927,0,1,0,0,0,2,0,0,2,0,0,0,0,0,0,2,0,0,0,0,1.1243203628072522,0.30615425105968896,1
4928,0,0,1,0,0,1,0,1,0,1,1,0,1,1,0,1,0,1,1,1,1.9402287930635802,1.5890468385851184,0
4929,0,0,0,0,0,2,0,1,1,1,0,1,0,2,0,2,1,0,1,0,0.1298333353230122,1.994658865830046,1
4930,0,0,1,1,0,0,0,0,0,0,1,1,0,1,0,1,0,1,0,2,0.9840069256975679,1.196546518304861,0
4931,0,0,0,0,0,1,0,0,1,2,1,1,0,0,0,1,1,0,0,0,-0.494143093135999,-0.09332919683994842,0
4932,1,0,0,0,0,2,0,0,1,0,1,0,1,1,0,1,1,0,0,1,0.41422084021614425,0.45121210756729674,1
4933,0,2,0,1,0,2,0,0,2,0,0,1,2,0,0,0,0,2,0,0,-0.365391421646533,-1.2114402105908986,0
4934,0,0,0,0,0,2,2,0,0,0,1,1,1,0,0,1,1,1,2,0,0.899611457618799,-0.0784154146183225,0
4935,0,1,0,0,0,1,0,0,2,2,1,0,0,0,0,1,1,1,0,0,0.08698015150797608,-0.5715847730526664,0
4936,0,1,1,0,0,2,0,0,2,0,0,1,1,1,1,0,0,2,1,1,0.209719506291406,0.9558474850748782,0
4937,0,0,0,0,0,1,0,0,1,1,1,0,1,0,0,2,0,2,1,1,0.6098568718532285,1.1130506032339227,0
4938,0,1,2,0,1,0,0,0,0,1,0,0,2,0,0,1,0,0,0,0,-0.29339836038770484,-0.9429464211277147,0
4939,1,0,0,0,0,0,0,0,1,0,1,1,0,0,0,0,1,1,0,0,-0.9295526791608143,-1.162621532182762,0
4940,0,2,0,0,0,1,0,0,0,1,0,1,1,0,0,1,0,1,0,1,-0.6747914195827277,-1.159954720481184,1
4941,0,1,0,1,0,1,0,0,1,1,1,1,1,0,0,2,0,0,1,2,-0.22350875078131843,0.4840581094570371,0
4942,0,0,1,0,1,1,1,0,0,0,0,0,0,0,0,1,1,1,1,0,-0.5392061732989254,1.1251280031172033,1
4943,0,1,0,0,0,0,1,0,1,1,0,1,1,2,0,2,0,1,1,0,-0.9242425605071901,-1.1863143801165807,0
4944,1,1,1,0,1,0,0,0,1,1,0,1,1,0,0,1,1,0,1,1,-0.29551675490124824,-0.5982408353843945,0
4945,0,0,0,0,0,0,0,0,1,0,0,0,0,0,0,1,0,0,0,0,2.3986504463143277,0.8983311742229302,1
4946,0,0,0,0,1,1,0,0,0,1,1,1,0,0,1,1,2,1,0,2,-0.7050702498208633,-0.7921962772089376,1
4947,1,1,1,0,0,1,0,2,1,1,0,0,1,1,0,1,1,0,2,0,0.33476340140120325,0.06085567299655814,0
4948,0,0,2,0,0,1,0,0,1,1,0,1,0,2,1,1,0,0,0,1,0.2674456331826952,0.5965318284875221,0
4949,0,0,1,0,1,1,0,0,2,1,0,0,2,0,0,2,0,1,1,1,0.3322648966232184,0.584965702494037,1
4950,0,2,1,0,0,0,0,2,1,0,0,0,0,0,0,0,0,1,1,0,-0.6141819500105284,-0.7495584915541496,0
4951,0,0,1,1,1,2,0,0,1,1,1,0,0,0,0,2,1,1,1,0,-0.9387300216430734,-1.591692667720279,0
4952,0,1,2,0,0,1,1,0,0,0,0,1,2,0,0,1,1,0,0,0,0.0820892989435924,-1.0361129919652523,1
4953,0,0,1,0,0,2,1,0,0,0,0,0,1,0,0,1,0,1,0,1,1.3615978907919366,-0.027404084138972107,0
4954,0,0,0,0,1,0,0,0,1,0,0,1,2,0,0,2,0,0,0,0,0.495334390043477,-0.5630687738695903,1
4955,1,0,1,1,0,1,0,0,1,1,2,2,1,0,1,1,1,1,1,1,0.02453367140855869,-0.8689138682994924,0
4956,0,0,1,0,0,2,0,1,0,2,0,0,0,0,0,1,0,1,1,0,-0.1698401617352479,1.2825617149014024,1
4957,0,0,0,0,0,1,0,0,1,1,0,0,0,0,0,1,0,0,0,1,0.7879586887822023,2.163890543319934,1
4958,2,0,1,0,0,0,0,0,1,1,2,0,1,0,0,0,0,1,1,1,-0.01291262211199235,-0.5186954255519441,1
4959,1,0,1,0,0,1,0,1,2,1,0,1,1,1,0,1,1,0,1,1,-0.2069604139934972,-1.6817652040982425,0
4960,0,0,0,0,0,1,0,0,1,1,1,2,2,1,0,1,1,1,1,0,1.387298124455725,-0.44377251318603794,1
4961,0,1,0,0,0,2,1,0,2,1,0,0,0,0,0,1,1,0,1,0,0.4249803820189416,1.4798969457390063,0
4962,0,0,0,0,0,0,1,0,0,1,1,1,1,0,0,0,0,1,2,1,1.3249785148927362,-0.23977150709734685,0
4963,1,0,0,0,0,2,0,0,1,0,0,1,2,2,1,1,0,1,0,0,0.4714426687853962,0.13413827519142835,0
4964,0,1,1,0,0,0,0,1,1,1,0,0,0,0,1,1,0,1,0,0,0.12365982848577228,-0.7600736505778719,0
4965,1,0,2,0,0,1,0,1,2,2,1,1,0,0,0,2,0,0,2,1,0.017960642136985495,0.6834274552158176,1
4966,0,0,1,0,0,1,0,1,1,0,0,0,1,0,0,2,1,1,1,1,0.5741452090209365,1.4166627941915024,0
4967,0,1,1,0,0,1,1,0,1,0,0,2,0,1,0,0,0,0,1,0,1.4860648982715372,2.0125297192259732,1
4968,0,0,0,0,0,1,0,2,1,1,1,0,1,2,0,1,1,0,1,0,0.80172046687787,-0.3981959901461695,1
4969,0,1,1,0,0,0,0,0,1,0,2,0,1,0,0,1,0,0,1,0,-0.04581171083044934,0.14421116794186595,0
4970,1,0,0,0,0,1,0,0,2,1,2,0,1,0,0,1,0,0,1,0,1.6427703921139485,0.6461683174614715,1
4971,0,1,1,0,0,0,0,0,1,1,0,1,1,0,0,1,1,0,2,0,0.4744639712058909,-0.6720033089995257,0
4972,0,1,0,0,1,2,1,0,2,0,0,0,1,0,1,1,2,1,2,0,0.27392190772348357,-0.5592671425073222,0
4973,0,1,2,1,0,1,0,0,0,1,0,0,1,0,0,1,2,1,0,0,1.676040249137878,0.9109418959286504,1
4974,0,1,0,0,0,0,0,0,2,0,0,1,2,2,0,1,0,1,0,1,-2.3463650082013925,-1.598038085331487,0
4975,0,1,1,0,0,1,0,0,1,1,0,1,0,0,0,0,1,0,0,0,-1.793029480247856,0.709851963834898,0
4976,0,1,1,0,0,2,0,0,0,0,0,0,1,1,0,0,1,0,1,0,-0.5365281358069287,1.7338010595144047,0
4977,0,0,0,0,0,0,0,0,1,2,0,1,1,2,0,1,1,1,1,0,1.037336728457715,3.350241857663641,1
4978,0,0,0,0,0,2,0,0,1,1,0,0,1,0,0,0,0,0,1,1,-2.3690695405587805,-0.5820806464094491,0
4979,0,0,1,0,0,1,0,0,1,2,1,0,0,0,1,2,0,0,2,2,-1.3943587271761468,0.11552037159556414,0
4980,0,0,0,0,1,2,0,0,1,1,0,0,0,0,0,1,0,1,0,0,-1.2507012958377681,-0.42159172659601435,0
4981,0,1,0,0,0,1,0,1,2,1,1,1,1,0,0,1,0,2,2,0,-0.10908394150015051,-0.49540427523517194,0
4982,0,0,0,0,0,1,1,0,1,1,0,2,2,0,0,1,2,0,1,2,-1.916868360889108,-1.684701824399977,1
4983,1,1,1,0,0,2,0,0,0,0,1,1,1,0,0,2,0,1,2,0,-1.6182872338341456,-0.18280801048013273,0
4984,0,0,1,1,0,0,0,0,2,0,1,0,1,0,0,1,1,0,1,1,0.37279162849104663,-0.1992012057499502,0
4985,0,1,0,0,1,2,2,0,0,2,1,0,0,0,1,1,0,1,2,1,-1.1501299534752072,-1.8835005092526547,0
4986,1,1,1,0,1,1,0,0,1,0,0,2,1,0,0,0,1,1,2,1,-0.47410090568517577,-1.82780506640973,0
4987,1,0,0,0,1,1,0,0,2,1,0,1,1,0,0,0,0,1,1,1,-0.743047675895304,0.052130508008037924,0
4988,0,0,1,0,0,1,0,0,2,1,0,1,0,0,0,0,0,0,0,0,-0.31637103281285595,-0.27694266120390687,1
4989,0,0,1,0,2,0,0,0,1,0,0,0,0,0,0,2,0,1,2,0,-0.4831470727374453,1.1853954784205438,1
4990,0,1,1,0,0,1,0,0,1,0,1,0,0,1,1,1,1,0,0,1,1.3218375188903568,0.3485945683501127,0
4991,0,0,0,0,0,1,0,2,1,1,0,1,0,0,0,2,0,1,1,0,0.24845420825218115,0.4816156505476207,0
4992,0,1,0,0,0,2,0,0,0,0,0,0,1,0,0,1,0,1,1,0,-0.11632435883383381,-0.38753161381982915,0
4993,1,1,1,0,1,0,0,0,0,0,0,0,0,0,0,0,2,2,1,1,-1.4340333018923115,-2.793644839827941,1
4994,0,1,1,1,0,0,1,0,1,1,1,0,0,1,0,1,0,2,1,1,0.2832388141136493,0.5642389229004383,0
4995,0,1,0,0,0,1,0,0,1,1,0,0,2,1,0,2,1,0,1,1,-0.20624394396327164,0.3847288872857061,1
4996,0,0,1,0,0,1,0,1,1,1,0,1,0,1,2,1,2,1,1,0,0.2131746057415347,-0.22812309598388414,1
4997,0,1,0,0,0,2,0,1,1,0,1,1,1,0,1,0,1,1,0,0,-0.3665548317445861,0.8255775248672699,0
4998,1,1,1,0,0,0,1,0,0,2,0,0,1,0,0,1,0,0,0,1,-0.43764836554641123,0.3262207411323589,1
4999,0,0,1,0,0,1,0,0,1,1,0,0,1,0,1,0,1,1,1,0,-0.4871942304518891,-0.13658664275843285,1
5000,1,1,1,0,0,2,0,0,0,1,0,1,1,1,0,1,1,1,1,2,-0.7662168478544665,0.3707219114952752,0
5001,1,0,0,0,0,1,0,2,1,1,0,0,0,1,0,0,1,1,2,0,-1.5733100219278844,-1.2330287978710475,0
5002,0,0,0,0,0,1,0,0,1,1,0,1,1,0,1,0,1,0,2,0,1.026346926495798,0.0733611795520952,0
5003,1,1,1,0,0,2,0,1,1,0,1,0,1,0,1,0,0,0,1,1,0.13561955859289423,-1.4454769032298367,0
5004,1,0,1,1,0,0,0,1,0,1,0,2,1,0,1,0,1,0,0,0,1.7726886232006818,0.21037419612938152,0
5005,0,0,1,0,0,1,0,0,0,1,1,0,2,0,0,1,1,2,1,1,-2.325357599064522,-2.338726790327824,0
5006,0,0,1,0,0,2,1,0,2,0,0,0,1,1,0,0,0,0,0,1,-1.3271097192553019,-0.6355931218803399,1
5007,0,1,1,1,0,1,0,0,0,0,0,0,0,0,0,1,1,0,1,0,-0.9543313242919944,-0.21936165273707214,0
5008,0,0,1,0,0,2,1,1,1,1,0,1,1,0,0,0,0,0,2,1,2.4038578048312536,1.89180885153071,1
5009,0,1,0,0,0,0,0,0,0,1,1,1,0,0,0,2,0,1,0,0,0.556430889532654,0.3849739824565569,0
5010,0,0,0,1,1,1,1,0,1,1,0,0,1,0,0,0,1,0,1,0,-0.6565432701245671,-1.0104621088067556,0
5011,0,1,0,0,1,1,0,0,2,2,0,1,1,0,1,1,0,1,0,1,-0.6653258702835069,-0.694386262899326,0
5012,0,0,0,0,1,2,0,0,0,1,1,0,0,0,0,0,1,0,0,0,0.36736532635606844,-0.544335113989204,0
5013,0,0,1,1,1,1,0,0,2,0,0,1,0,0,0,0,1,2,1,1,-0.002195818215329568,0.4030997452320883,0
5014,0,1,0,0,0,1,0,0,1,1,0,0,1,1,1,1,0,1,1,0,-0.3997042862553424,0.6220900055706768,0
5015,0,1,0,0,0,1,0,1,1,1,2,0,1,0,0,0,0,1,1,1,1.1760959825379085,-0.8077001580163403,0
5016,0,2,1,0,0,1,0,0,0,0,1,0,0,1,0,2,0,0,2,0,0.45761542230290386,-0.7500684053331358,0
5017,0,0,2,0,0,0,0,0,1,0,0,0,0,0,1,1,1,0,0,2,-1.0182244535567326,0.8655225633321724,0
5018,1,1,0,0,0,1,0,0,1,2,0,2,0,1,0,0,1,0,2,0,0.6754455933059343,0.7733307711961832,0
5019,0,1,2,0,0,0,0,0,0,1,1,1,1,0,1,0,1,0,1,0,0.8308298907090684,0.4912601002678427,0
5020,0,1,0,0,0,0,0,0,2,1,1,1,0,1,0,0,0,2,1,1,-0.25421764090566323,0.21182443485150076,0
5021,0,0,2,0,0,2,0,0,1,1,0,1,0,0,0,1,0,2,1,0,-0.37654088763287474,-1.5519409898201537,0
5022,0,0,0,0,0,0,0,0,0,2,0,0,1,1,0,1,0,0,0,0,2.18573408357665,2.832564463774919,1
5023,1,1,1,0,0,0,0,0,1,0,1,0,0,0,0,0,0,0,0,0,0.4257668244686561,-0.7519334969364646,0
5024,0,0,0,0,0,2,0,0,1,2,0,1,1,0,0,1,1,1,1,1,1.4456890526978416,0.7379593331065736,1
5025,0,0,0,0,0,1,1,1,0,0,0,0,0,0,0,2,1,1,1,0,-1.1716444860214899,-0.10036160919437745,0
5026,0,0,0,0,1,0,0,0,1,1,0,1,1,0,0,1,0,2,1,0,-0.8505559214107287,1.6158805187737846,1
5027,0,1,0,0,1,1,0,0,1,0,0,1,2,0,0,0,1,0,0,2,1.670168108496248,2.2911527975804535,1
5028,0,0,0,0,0,2,0,0,0,0,0,1,1,1,0,0,1,0,0,0,-0.11017899283187994,0.43781200906406686,0
5029,0,1,0,0,0,0,1,0,0,1,1,1,2,1,0,0,2,0,2,0,-1.5397136547222425,-1.4031567149972026,1
5030,0,0,0,0,1,1,0,1,0,1,0,0,1,2,0,1,2,0,1,0,-0.5472234317770177,-1.718339732690383,1
5031,0,1,1,0,0,1,0,0,1,1,1,0,0,0,0,1,1,0,2,0,-1.402646612929837,0.4426118386903787,0
5032,0,1,1,0,0,0,0,0,1,0,0,0,2,0,1,1,0,1,0,0,0.9649147705630559,0.33160617074392096,0
5033,0,1,0,0,0,1,0,0,0,0,0,1,0,0,0,1,0,0,2,0,0.19886125045938918,0.9445419040200881,0
5034,0,0,0,0,0,1,0,1,1,1,0,0,2,0,0,1,0,0,1,1,1.516451479927172,1.6655038388963552,1
5035,0,0,0,0,0,1,0,0,1,1,1,2,1,0,0,0,1,0,1,0,1.2556904931891562,-2.042336481885002,0
5036,0,0,2,0,0,0,0,0,0,0,1,0,2,0,0,1,0,0,1,1,-0.1944934916973769,0.5832830596425425,0
5037,1,1,0,0,0,0,0,0,1,0,1,0,0,0,1,1,2,0,2,0,0.216584593657943,-1.3143970717209135,0
5038,1,1,0,0,0,1,1,0,2,2,1,1,1,0,0,0,1,1,1,1,-0.664713088726198,-1.2380533266977891,0
5039,0,0,1,0,1,1,1,0,2,0,1,1,0,0,0,0,0,0,1,1,0.4908707366358511,0.19976654711588482,0
5040,0,1,1,0,0,0,0,0,0,0,0,0,1,0,0,0,0,0,2,0,0.34229269728841605,-0.4455997793371106,0
5041,0,1,0,0,0,1,0,1,2,1,0,1,1,0,0,0,1,1,1,1,-0.042716985834967906,-0.46398960113420074,0
5042,0,0,1,0,0,2,0,0,0,1,0,0,2,1,1,1,2,1,1,0,1.1361188806710565,1.7760080742997393,1
5043,0,0,2,0,0,2,0,0,2,0,2,0,1,0,1,1,1,0,1,0,-2.3724007101176485,-2.236605011210039,1
5044,0,0,1,0,0,0,1,0,0,0,1,2,1,0,0,1,0,1,1,0,-1.1400195919243625,-1.2929695880067773,1
5045,0,1,2,0,0,1,1,0,1,1,1,0,0,0,1,0,1,0,2,2,-0.9692955874984567,-0.3555483517465132,0
5046,0,0,1,0,0,1,0,0,2,1,1,1,0,0,0,2,0,2,1,0,-0.4269586646822087,-0.5046528546328237,1
5047,0,1,0,0,0,0,0,0,1,0,0,1,1,0,0,0,0,1,0,0,-0.33850261034953294,-1.2815687052339841,0
5048,0,1,0,0,0,2,0,1,0,0,0,1,0,0,0,0,1,1,0,0,0.19866714847754074,0.7174581192959932,0
5049,0,1,0,0,0,1,0,0,1,1,1,1,0,0,0,0,1,1,0,0,0.8837537752487648,0.5987907639396245,0
5050,0,1,0,0,0,0,0,0,1,0,0,0,1,0,0,0,1,1,2,0,1.5240456760558347,-1.4376884013057607,0
5051,0,1,0,0,1,1,0,0,0,1,0,0,0,2,0,0,0,1,1,0,-1.2446930879458125,0.057966885879363717,0
5052,0,0,0,1,0,1,0,0,1,0,0,2,1,0,0,1,1,1,0,1,0.4266925743688733,1.66653758460884,0
5053,0,1,1,0,0,2,0,0,1,1,0,0,1,1,1,0,1,0,0,1,-0.7414024161110441,0.6924493980335427,1
5054,1,1,0,0,0,1,0,0,0,1,0,2,1,1,0,0,0,0,1,2,1.7203303876538028,-0.47073946869377714,0
5055,0,1,0,0,0,0,0,0,2,1,0,0,0,0,0,0,1,0,0,0,0.2723787709223581,0.8771925938287866,0
5056,0,0,2,0,1,0,0,0,0,0,0,2,1,1,0,1,0,0,1,0,1.3463439037488267,1.0849027370948838,1
5057,0,0,0,1,0,2,0,0,1,1,0,1,1,0,0,1,1,0,2,1,0.1076469878209042,1.5545998663652227,1
5058,0,1,1,0,0,0,0,0,0,1,0,0,1,1,0,1,0,0,1,2,1.2837019090720045,0.7084663903429981,0
5059,0,1,1,1,1,0,0,1,1,1,0,0,0,0,1,0,0,0,1,0,-0.4361617456472447,0.8368403548242311,0
5060,0,0,1,0,2,0,0,0,0,0,0,1,2,0,0,1,0,1,0,1,0.9038511826362877,-0.818049131955092,0
5061,0,0,1,0,0,2,0,1,1,2,1,0,1,2,0,2,0,0,0,1,-1.0204952036027937,-2.320037441787804,1
5062,0,1,0,0,0,0,0,2,0,0,0,1,0,0,0,0,0,0,0,0,-0.09144047021958669,0.4372271212785118,0
5063,0,0,1,0,0,1,0,1,0,1,0,1,0,1,0,0,0,0,0,1,-1.3658278970470263,-0.26896489028899795,0
5064,0,1,0,0,0,1,0,0,1,1,0,0,1,0,0,1,0,1,0,0,1.418314251657037,0.2673682838830977,1
5065,1,1,2,0,0,2,0,0,1,1,0,0,2,0,0,0,0,0,2,0,-0.9285022717987832,0.6163226752855377,0
5066,0,2,1,0,0,2,0,0,1,1,0,0,1,0,1,0,0,2,0,1,-0.5973853736993042,0.04620145364440814,1
5067,0,0,1,0,1,1,0,0,2,1,0,1,0,0,0,1,0,0,1,1,0.5920111088996005,-0.5261854976316905,0
5068,0,1,0,0,0,1,1,2,1,1,1,0,0,1,1,2,2,1,1,0,-0.7587662888945454,0.4909109545710999,0
5069,0,2,1,0,0,1,0,0,2,2,0,0,2,0,0,1,0,1,0,0,-2.026137894132245,0.42596698030690217,0
5070,1,0,0,0,0,1,1,1,0,1,0,0,1,0,0,1,1,0,0,0,0.6020944767932822,-0.20511679757826917,1
5071,0,0,0,0,0,1,0,1,1,1,1,1,0,0,1,2,0,0,1,0,-0.23603801898446064,-0.9997679843731733,0
5072,1,0,1,0,0,0,1,1,2,1,0,1,0,0,0,1,2,0,1,0,0.9277324848849797,2.0505333104322117,0
5073,0,1,0,1,0,2,0,0,0,1,1,0,0,0,0,2,1,0,1,0,-1.076583321923955,0.02618090806602308,1
5074,0,1,1,0,0,0,0,1,1,0,1,0,1,0,0,1,1,0,0,0,1.7961725368994466,1.214639915543086,1
5075,0,0,1,0,0,1,1,0,1,0,0,1,0,0,1,0,2,1,2,0,-1.3110715655535727,-2.3753498348460353,0
5076,0,1,0,0,0,0,1,0,1,0,0,0,1,1,1,0,1,1,1,0,-1.6245085503711707,0.834582109247022,1
5077,0,1,1,2,1,2,0,0,1,1,0,1,0,0,0,2,2,0,1,1,0.968859707962497,0.6218737207277105,0
5078,0,0,1,0,1,1,0,0,1,1,0,1,1,1,0,0,1,0,0,2,-0.802968752872871,-0.6952180828538412,0
5079,0,2,0,0,0,2,0,1,1,1,0,1,0,0,0,1,0,0,1,0,-0.4931762755662419,1.6038190741605716,1
5080,0,0,2,0,1,0,0,2,0,2,0,0,0,0,0,2,1,1,2,0,-0.3347866650592884,0.19025484888388072,0
5081,1,0,1,0,1,2,0,0,0,0,0,1,0,0,0,0,1,0,0,1,0.7355208478833042,2.297267021742029,0
5082,1,1,0,1,0,0,0,0,0,2,0,0,1,0,1,1,2,1,1,0,0.8164642987007859,1.3234070151283746,0
5083,0,2,1,0,0,1,0,0,0,0,0,0,1,0,0,1,1,1,1,0,0.43947877646208583,0.6152946860574479,0
5084,0,1,0,0,1,2,0,0,1,1,0,1,0,0,1,0,1,0,0,0,-0.8112139160784938,-1.799806564857585,0
5085,1,1,0,0,0,1,0,1,1,0,2,1,1,0,0,0,1,0,0,1,0.3462036955714028,-1.4181297104853874,0
5086,1,1,0,0,1,0,0,2,1,1,0,1,2,0,1,2,0,0,0,1,1.2133318599827172,-1.063502399748343,0
5087,0,1,1,0,0,2,0,0,1,1,1,0,0,1,0,1,2,0,2,1,0.9606949155122937,0.8934011324932725,0
5088,2,0,1,0,0,1,0,0,2,1,0,1,0,0,0,0,0,0,1,0,-1.1469280578532692,0.538790190200165,1
5089,0,1,0,0,1,1,0,0,2,0,0,1,0,1,1,1,1,1,0,0,-0.6497226227388533,-0.35252113067982727,0
5090,1,1,1,0,0,1,0,0,0,2,2,1,1,0,1,1,1,2,1,0,-0.5952602778248163,-1.1386971244871296,0
5091,0,0,2,0,0,1,0,0,1,0,1,0,0,0,0,1,1,0,1,0,-1.0474956534976632,-0.4367681803084643,0
5092,1,0,1,1,0,1,0,0,2,1,0,0,0,1,0,0,1,1,1,1,1.0370771105304797,1.1805582629789,1
5093,0,0,2,0,0,0,1,1,0,0,0,1,2,0,0,1,0,1,0,1,-0.8488099610789756,-0.14555281187093042,0
5094,0,0,1,0,0,2,0,0,0,0,0,0,0,0,0,1,2,1,1,0,-0.17441907637869766,-0.5613373025443283,1
5095,0,0,1,0,0,0,0,0,2,1,0,1,1,0,1,0,0,0,1,0,0.2218336232917217,1.6891471350183769,1
5096,0,1,1,0,0,0,0,0,1,0,0,2,0,1,0,2,1,1,0,1,-1.0503692742825925,-1.0100841171282473,0
5097,0,2,1,0,0,1,0,0,2,1,1,1,1,0,0,0,0,0,0,0,1.1545945382079412,1.419376966180506,1
5098,0,0,1,0,1,1,1,0,1,0,2,1,1,1,1,0,0,0,0,1,0.749204902763022,0.2368163909981944,1
5099,0,0,0,0,0,1,0,0,1,1,1,1,1,1,0,0,0,1,1,1,-0.1452841480662999,0.20496067606224086,0
5100,0,0,1,0,0,0,0,0,1,0,1,2,0,1,0,1,1,1,1,0,0.91970649769554,-0.7353863953450762,1
5101,0,1,0,0,0,2,1,0,1,0,1,1,0,0,0,1,0,0,1,0,-1.110802211670026,-0.08251521556518637,0
5102,0,1,1,0,0,1,0,0,0,1,0,1,0,0,0,1,0,0,2,1,1.6011590189617217,0.3424837739116905,1
5103,0,1,1,0,0,1,0,0,0,0,0,1,0,2,1,0,0,1,0,1,-0.1255039726926872,-0.3603272891863168,0
5104,1,1,1,0,1,2,0,1,1,0,0,0,0,0,0,1,2,1,1,0,-1.0533504043471817,0.46278917524302776,0
5105,0,0,0,0,0,1,0,0,1,0,0,1,0,0,0,0,0,0,1,0,0.22264452617576966,-1.7004880640373605,0
5106,0,0,1,0,0,1,1,0,1,0,0,0,1,0,0,1,2,2,1,1,0.3839819615033785,1.1049586419305075,0
5107,0,1,1,0,0,1,0,0,1,1,0,1,1,0,0,1,0,0,1,0,-0.42020872803211007,0.44387891934373014,0
5108,0,0,1,0,0,1,0,0,0,0,0,0,1,0,0,1,0,0,2,1,0.07677742075943667,0.8453306064025824,0
5109,0,1,1,0,0,1,0,0,1,0,0,1,0,0,0,0,1,1,0,1,1.480997399994467,1.5630985844313585,0
5110,0,1,0,0,0,1,0,0,2,0,0,1,0,0,0,1,0,0,2,1,1.7446235587406824,0.28484373121215323,1
5111,0,0,0,0,0,0,0,0,1,0,1,2,1,1,0,0,0,0,2,0,1.195831254908612,-0.5245226911892351,0
5112,1,0,0,0,1,0,0,1,2,0,0,0,1,1,0,0,0,2,1,2,0.5247211819037267,-0.057730663816952216,0
5113,0,1,2,0,0,1,1,0,2,0,0,0,0,0,0,0,2,1,1,1,3.2251478716176107,2.1312343042618114,1
5114,1,1,1,0,0,1,0,0,2,1,1,0,0,0,0,0,1,0,1,0,-1.3679674362454177,-0.9546087369721243,0
5115,1,0,2,0,1,1,1,0,1,1,0,0,0,0,1,1,1,0,0,0,0.052228566608047707,0.26276657754498534,1
5116,0,0,1,0,0,1,0,0,2,0,1,0,0,0,0,2,2,0,0,1,1.2715020009998035,0.9547441648349382,0
5117,0,0,1,0,0,1,1,0,1,0,1,0,1,0,1,2,1,0,1,0,0.030291714967925733,-0.23438153622394411,0
5118,0,2,0,0,0,0,0,0,1,0,0,1,1,0,0,1,1,0,1,1,0.2711769809439954,-0.20414299725912444,0
5119,0,0,0,0,0,0,0,0,2,2,1,1,2,1,1,0,0,1,1,0,0.09855826524929268,-0.6681481277422365,0
5120,0,0,1,0,0,1,0,0,0,2,0,1,1,0,1,1,1,1,0,0,-0.22102839606255106,-0.26941736162490204,0
5121,0,0,2,0,0,1,0,0,1,1,0,0,1,0,0,0,1,2,1,2,-0.9587733185206829,0.04107460931875642,1
5122,0,1,0,0,1,1,0,0,1,0,1,1,1,1,1,2,1,1,0,0,1.1465193401128324,0.3334507557814853,1
5123,0,0,1,0,0,2,1,0,1,1,0,0,0,2,0,0,1,1,1,0,0.3482254871450863,1.7534703292028668,1
5124,1,1,2,0,1,0,0,0,1,0,0,0,0,2,0,0,0,0,0,0,-1.0722478170497844,-1.7590009327554674,0
5125,1,0,1,0,0,1,0,0,1,1,0,1,1,0,0,0,0,0,2,0,0.541819270680973,-0.41117068087787384,0
5126,0,0,0,0,0,1,0,0,1,1,1,1,2,0,0,1,0,0,1,2,-0.15250429622361103,-0.11065551968685264,0
5127,0,0,1,0,1,2,0,1,1,1,0,1,2,0,0,0,0,1,0,1,-0.6098731695846118,-0.5719862595319448,0
5128,0,2,0,1,1,0,0,1,2,1,1,0,2,0,0,0,2,2,1,1,-0.06846892740403591,0.09426604490956869,1
5129,1,1,1,0,0,1,0,0,0,1,1,0,2,1,0,1,1,0,2,0,-0.10179422950423572,-1.4391801287276318,1
5130,1,0,1,1,0,0,0,0,0,1,0,1,1,0,1,0,1,0,1,1,-1.2438100949746866,0.48693805903118953,0
5131,0,1,1,0,1,1,1,0,2,0,1,1,1,1,0,1,0,0,0,1,0.16198968530588667,-0.7609297822136385,0
5132,0,0,0,0,0,0,0,0,2,2,0,0,0,0,0,0,1,1,0,0,0.3159189784996646,1.0955383688293576,1
5133,0,0,0,1,0,1,0,1,1,1,1,0,1,1,0,1,0,1,2,2,1.2199350348735247,0.3226253478230612,0
5134,0,0,1,0,0,1,1,0,2,1,0,1,0,0,0,1,1,1,1,1,-1.3949664501739356,0.470876534471477,0
5135,0,0,0,0,0,1,1,0,2,1,1,0,2,0,0,0,1,0,1,1,-0.4627647011343772,-0.2628520309155561,0
5136,0,2,0,0,1,1,1,1,1,2,1,0,2,0,0,2,1,0,0,0,1.232640170126957,0.5681465910554535,0
5137,0,0,0,1,0,1,0,1,1,0,1,2,0,1,0,1,1,0,0,1,-0.048970924386034564,-2.3668474901122707,1
5138,0,0,0,1,0,1,0,0,1,2,0,0,1,1,0,0,1,2,0,0,0.6072118875913342,0.8857021417024462,0
5139,1,1,0,0,0,1,0,0,2,0,0,0,2,0,1,1,1,0,0,1,-0.07751679016390722,-1.3088826328425132,0
5140,1,1,1,0,2,0,0,0,0,1,0,0,2,1,0,1,1,0,1,0,-1.224233680205869,-2.142420759132156,0
5141,0,0,1,0,0,2,0,0,1,1,1,1,1,1,0,0,0,0,0,0,-1.7374976447851083,-1.245774934297337,0
5142,0,0,1,0,1,0,1,0,0,1,0,1,0,1,0,1,1,0,1,1,0.659972690487327,1.2385297154547223,1
5143,0,1,0,0,1,0,0,0,1,0,0,2,0,0,1,1,0,0,1,0,-0.16152747951918253,0.8844047705305175,1
5144,0,0,1,0,1,1,0,0,0,0,1,0,0,0,0,1,1,2,0,0,0.04056269378781037,-1.1044685119781523,0
5145,1,1,1,1,0,2,0,0,1,1,0,0,1,0,0,1,1,1,1,1,-1.3383004630506448,-0.57524497593998,0
5146,0,0,1,0,0,1,0,1,1,2,0,2,1,1,0,0,2,0,2,1,-1.0822735303645394,-1.1831155676189065,0
5147,0,0,0,0,1,0,0,0,0,0,0,1,1,1,0,1,1,0,1,0,0.08455907481847083,0.9199806176671228,0
5148,0,1,1,0,0,2,0,1,1,1,0,0,1,0,0,1,1,1,0,1,0.12687526320012482,0.9922065616361256,1
5149,0,1,1,0,0,1,0,0,1,0,1,1,0,1,0,0,1,0,2,0,0.010939455086279793,-0.33509083478710794,0
5150,1,0,0,0,0,1,1,0,1,1,0,1,1,0,0,2,1,1,1,0,-0.7853567059273615,-1.7891532434648676,0
5151,0,1,0,0,0,1,0,1,1,1,1,0,1,2,0,0,1,1,0,1,1.6249040393330862,0.08979323870014294,0
5152,0,0,0,0,0,0,2,0,1,1,0,0,0,0,0,1,1,1,0,1,0.5863783095930987,0.5813887138095846,1
5153,0,0,1,0,0,0,0,0,1,1,1,1,0,0,0,2,2,0,1,1,0.6313335095694221,0.9071681762974514,0
5154,0,0,0,0,1,2,0,0,2,2,1,0,1,1,0,0,2,0,1,1,0.7244531417792833,-1.2807053315745462,0
5155,0,1,1,0,0,0,1,0,0,0,1,0,1,0,0,2,1,0,0,1,1.2048189872846629,0.5908448822229903,0
5156,0,0,1,0,0,0,0,0,0,2,0,1,2,0,0,1,0,2,1,1,0.6790170327597118,1.275057118449677,0
5157,0,1,1,0,0,1,0,0,1,0,0,1,0,0,1,0,1,0,2,0,-0.15670622147586788,-0.645715799334752,0
5158,0,0,0,0,0,1,0,0,2,0,0,2,1,0,1,0,1,0,1,0,0.7357181142461934,-0.9385154833770557,0
5159,0,0,0,0,1,1,0,2,2,1,0,0,0,1,0,2,1,0,1,0,-0.3401546873445888,1.3031717177025695,0
5160,0,0,1,0,1,2,0,0,2,1,0,1,0,0,0,0,1,1,1,0,0.05753947620767164,-0.7297223462698039,0
5161,0,0,1,0,1,0,0,0,2,0,1,2,0,0,0,2,1,1,0,0,-1.1917710234071486,-1.2589497681735318,0
5162,0,0,0,0,1,1,0,0,1,0,0,0,1,0,0,2,1,1,1,2,1.8866270316860476,1.3019678155630239,0
5163,0,0,1,0,0,0,0,1,0,0,0,0,0,0,1,1,1,0,1,1,0.010166453044785216,-0.7518672428023421,0
5164,0,1,2,0,1,0,0,0,1,1,0,1,0,0,0,0,1,0,2,2,0.5113627210182906,1.7432428314699409,1
5165,0,0,1,0,1,1,0,1,2,0,1,1,0,1,0,0,1,0,2,1,0.6130327781990139,-0.45166715258687806,1
5166,0,1,1,1,0,1,0,0,2,1,0,1,0,0,1,1,0,1,1,0,-1.4266998876734927,1.3391711471833199,0
5167,1,0,1,0,1,0,0,0,0,0,0,1,1,0,0,1,0,1,1,0,-2.071872903289269,-1.2663244100549547,1
5168,0,0,1,0,0,1,0,0,0,1,0,0,0,0,1,2,1,1,1,1,1.0770567847410006,-0.05875063218669685,0
5169,0,0,2,0,1,0,0,0,1,0,0,0,1,0,0,1,1,0,2,0,0.2000452986609593,0.6867476633945264,0
5170,0,0,1,0,0,1,0,1,0,1,0,0,0,0,0,1,1,1,1,1,-0.8605447232407446,-0.21669808603622664,1
5171,1,0,0,0,0,1,0,0,1,1,1,0,1,0,0,1,1,0,1,1,-0.00952697741589807,0.1690473977693252,0
5172,0,0,0,0,0,0,0,0,1,0,0,1,0,0,0,0,1,1,2,2,0.49630150600200534,0.6569831372263291,0
5173,0,0,1,1,0,1,0,0,1,1,0,1,1,0,0,0,1,0,2,1,-0.4662886743020941,0.5834953993450862,0
5174,0,1,1,0,0,2,0,0,1,1,1,0,1,0,0,1,0,0,2,0,0.586614959454865,-0.8213962202693246,1
5175,0,1,0,0,0,1,0,1,0,0,0,0,1,0,1,0,2,1,1,2,0.2758984743126276,0.6585156142692657,0
5176,1,2,0,0,0,0,0,0,2,1,0,1,1,0,0,1,0,1,1,1,0.6930150481576339,0.38926797015072534,1
5177,0,1,1,0,0,1,0,1,1,1,0,2,1,1,0,1,2,0,1,0,-0.4799085248218874,0.7578944176518918,0
5178,1,0,0,0,0,1,0,0,1,1,1,1,0,0,1,0,0,0,1,2,-1.040984061991942,-0.7542023319406644,0
5179,0,1,0,0,0,1,0,0,0,0,0,0,1,0,0,0,1,0,1,0,0.4831532656571861,-1.1934002188692958,0
5180,0,1,0,0,1,2,0,0,1,0,0,0,0,0,0,1,0,1,2,1,-0.1308400208795849,-0.28199468877330647,0
5181,0,0,0,0,0,2,0,0,0,0,0,1,1,0,0,1,0,0,1,0,-0.42405307531913083,-0.5661553428454771,0
5182,1,0,0,0,0,1,0,1,1,0,1,0,1,1,1,0,0,1,1,0,-0.1757999565434486,-1.044577305207428,0
5183,0,1,1,0,1,1,0,1,0,0,1,1,2,0,0,1,1,1,2,1,-0.5086275826185414,0.09365002149744633,0
5184,0,1,0,0,1,2,1,1,2,0,0,1,0,0,0,0,1,0,0,1,-0.9271489442977331,-1.1301725958938738,0
5185,0,0,0,1,0,0,1,0,2,0,0,0,0,0,0,1,1,0,0,1,1.2446368931762164,1.715547281727253,1
5186,0,0,2,0,1,0,0,0,1,0,0,0,2,0,1,0,1,1,1,1,0.3500752951876912,-0.19582243039473493,0
5187,0,1,2,0,0,1,0,0,1,1,0,0,0,2,0,2,1,1,2,0,-1.3444112214313892,-0.0537560207352043,0
5188,0,0,1,0,0,1,1,0,2,0,0,0,1,0,0,0,2,1,2,1,1.2004172372248947,0.4469354553238622,0
5189,0,1,2,1,0,0,1,1,0,0,0,1,1,1,0,1,0,0,1,0,1.1424384994554746,0.772256356489162,0
5190,0,1,0,1,1,1,0,0,2,1,0,1,1,0,0,0,2,1,0,1,0.8789653448930735,-0.6812672569485654,0
5191,0,0,1,0,1,2,0,0,1,1,0,2,1,1,1,1,2,0,0,1,-0.04600565772554539,-0.5017054002419102,0
5192,0,1,1,0,0,0,1,0,1,1,0,0,1,2,0,0,0,1,1,2,-0.6201553262820696,1.4167450060235012,1
5193,0,0,1,0,1,2,0,0,0,1,0,0,0,0,0,2,1,1,1,1,-0.43960992873708843,-0.34938140816757257,1
5194,0,0,0,0,1,1,0,0,2,0,0,0,1,1,0,1,1,0,0,1,0.35178829917251603,-0.8398197581051245,0
5195,0,0,1,0,1,1,0,0,0,0,0,2,0,0,0,0,1,0,0,1,-0.6127082466477434,0.4446869837553767,0
5196,0,0,0,0,0,2,0,0,1,2,0,0,1,0,0,1,1,0,0,0,-0.02197802158521107,0.2574393083145759,0
5197,0,0,1,0,0,1,0,0,0,1,0,1,1,0,0,0,0,1,1,0,-1.462002519239814,-0.8547720763920832,0
5198,0,0,2,0,1,1,0,1,1,1,1,1,0,0,0,0,0,0,1,0,-1.1645898530197054,0.21904779099105776,0
5199,0,1,0,0,1,1,0,0,1,2,2,0,0,0,0,0,0,0,1,0,-1.5397191415204108,-0.272389367903187,0
5200,0,1,0,0,0,0,1,0,0,2,1,0,1,0,0,0,1,2,0,0,1.439201297100165,0.68777380269971,1
5201,0,1,0,0,1,0,0,1,2,1,0,0,1,2,0,1,2,1,1,0,0.1099972506419471,-1.0918253908605644,0
5202,0,1,1,0,1,0,1,0,1,2,0,0,0,1,1,1,1,0,1,0,-0.6528374257152859,-0.19687623564805137,1
5203,0,0,0,0,0,1,0,0,1,0,2,1,0,0,0,1,1,1,1,0,-0.6059307293500564,-0.5397172832015762,0
5204,0,1,1,0,1,2,0,0,2,1,0,0,0,0,0,1,0,2,2,0,0.21880029946384805,1.96853652695148,1
5205,1,1,0,0,0,0,0,0,0,0,0,0,0,0,0,1,1,0,1,1,-0.16871231064065567,-1.1122444579558437,0
5206,0,1,0,0,1,2,1,0,1,1,1,1,1,0,0,1,1,1,2,1,-0.1670187816470551,-0.2894789750534077,1
5207,0,1,1,0,1,0,0,0,2,1,1,0,1,1,0,1,0,1,0,2,0.649207784518996,1.2938795480445928,1
5208,0,0,0,0,0,0,0,0,1,1,1,0,0,1,0,1,1,2,2,1,0.32483820223319554,0.9641077425752033,0
5209,0,1,1,0,0,0,0,0,1,1,0,1,1,1,1,0,0,1,1,0,-0.7001052255517187,-0.2205816892748555,0
5210,0,1,1,0,0,1,0,0,1,1,1,0,0,0,0,2,1,0,0,1,1.9870521768628542,0.6038656835977132,0
5211,0,1,2,0,0,1,0,0,1,1,0,1,0,0,0,1,0,0,0,1,-2.3228631126026302,-1.2451158917739282,0
5212,1,1,1,0,1,1,0,0,2,1,1,1,0,0,0,2,1,2,1,2,-0.34514430866291507,1.1397481875455577,0
5213,0,0,2,0,0,2,0,1,2,0,1,1,1,0,0,0,1,0,1,0,0.13829493524514722,1.7346351052184703,1
5214,0,0,1,0,0,1,1,0,0,1,2,1,0,0,0,0,1,1,1,1,0.5354621131868991,-0.8495346483524107,1
5215,0,0,0,0,1,2,0,0,0,2,0,1,0,0,0,1,1,1,2,1,-1.1853468526722677,-0.8592073828701619,0
5216,0,0,0,0,0,1,0,0,0,1,0,1,1,0,0,1,1,1,1,0,1.1938080586490218,0.4307590782552543,0
5217,0,1,0,0,1,1,0,0,1,0,0,1,1,1,0,1,1,0,2,1,0.7862662469659444,-1.8875851783953803,0
5218,0,1,1,0,0,1,0,0,1,0,0,0,2,0,0,2,0,2,1,1,0.5496045749529304,-0.2108608764060455,0
5219,0,1,1,0,1,1,0,1,1,1,0,1,2,0,0,0,1,1,2,1,-0.0246481809712497,-1.3433375308190922,0
5220,0,1,0,0,0,1,0,0,1,1,0,0,1,0,1,0,2,0,1,2,0.09131215008253804,0.021718508116664054,1
5221,0,1,0,1,1,1,0,0,0,0,1,1,0,1,0,1,2,1,0,1,-1.1322334918939223,-1.1652605734579202,0
5222,0,1,0,0,1,1,0,0,1,0,2,0,2,0,0,0,2,1,1,0,1.010818518334113,-0.26506695380253775,0
5223,1,1,1,0,0,0,0,0,2,0,0,0,0,0,0,0,0,1,2,0,1.2624140046104404,0.13674660647305564,0
5224,0,1,1,0,0,1,0,0,2,1,0,1,1,0,0,1,1,0,1,0,0.565788868225029,0.26678994441723075,1
5225,0,0,0,0,0,2,0,1,1,0,0,0,0,1,0,1,1,0,1,1,-0.5503083832356616,-1.7198638562552813,0
5226,0,1,2,0,0,1,0,0,1,0,1,2,0,0,0,0,0,0,0,1,0.46192992915983155,-0.7378656207315154,0
5227,0,0,1,0,0,1,0,0,1,1,1,0,0,0,0,1,0,0,0,2,-2.459727594671374,-0.9695459959079444,0
5228,0,0,0,0,0,0,0,0,2,1,1,0,1,0,1,0,1,0,0,1,1.3503361772701927,-1.1555135378114316,0
5229,1,2,0,1,0,0,0,0,1,0,0,0,2,0,0,1,1,1,0,1,1.4410191816101314,1.6665022712003599,0
5230,0,0,0,0,1,0,0,0,1,1,0,0,0,0,0,2,0,0,1,0,0.7469464825594551,1.749943998038063,1
5231,0,0,1,1,0,1,0,0,0,0,0,0,0,1,0,0,1,0,1,1,-1.771280276863716,0.42064917482456243,0
5232,0,0,1,0,0,1,0,0,2,1,0,0,1,1,1,2,2,1,2,1,1.8132017039381432,2.1561895904179442,1
5233,0,1,0,0,0,1,0,0,0,1,0,0,1,0,0,1,0,1,1,0,0.49089291870828067,0.7827456694256711,1
5234,1,0,2,0,1,1,1,0,1,2,0,0,2,0,0,1,2,1,1,1,-0.1949420797069371,0.5002432883765519,0
5235,1,0,0,0,0,1,0,0,1,1,0,0,1,0,1,0,1,2,2,0,-0.20767461914267357,-0.1378464486971479,0
5236,0,0,2,0,1,1,0,1,1,0,1,0,1,0,1,0,1,0,0,1,0.7693184595979616,-1.5733035207147612,0
5237,0,0,0,0,0,1,1,0,2,0,0,1,1,1,0,0,2,1,0,0,-1.1972376603198762,-0.7750151003342804,0
5238,0,1,1,0,0,1,1,0,1,1,0,0,0,1,0,1,1,1,1,0,-2.111474683149372,-1.6448219703506965,0
5239,1,0,0,0,0,0,1,0,2,0,0,0,0,0,0,1,1,0,0,1,-0.6658288386207101,0.8585454195841564,0
5240,0,0,1,1,1,2,0,0,2,1,0,2,0,2,1,0,1,0,1,0,-0.059837520042037365,-0.33564991390241017,0
5241,0,0,0,1,0,1,0,0,2,1,1,0,1,0,0,2,2,0,1,0,-0.4951656062412388,-1.0383289004054945,0
5242,1,2,2,0,0,0,0,0,2,0,1,2,1,1,0,2,0,1,0,0,0.6238953199506742,-0.8476302059385123,0
5243,1,0,1,0,0,1,0,0,0,1,1,0,0,0,0,0,1,1,0,1,-0.4889163333965081,-0.29075033348078816,0
5244,0,0,0,0,1,2,0,0,1,0,1,2,0,0,0,1,0,1,0,2,-0.2663755025882037,-0.28918447420457183,0
5245,1,1,1,0,1,1,1,0,0,1,0,1,0,0,0,1,0,1,1,1,-0.8613841193444702,-0.9481461895472736,0
5246,0,1,0,1,1,2,0,1,1,0,0,1,0,2,0,0,0,0,0,2,0.5702514498438757,-0.8517873309963964,0
5247,0,0,0,0,0,0,0,0,1,1,0,2,2,0,0,1,0,0,1,0,0.17143505475277845,-0.40637591963648156,0
5248,0,1,0,0,1,2,0,0,2,1,0,2,1,0,0,1,2,1,0,2,-1.6801314864030388,-2.0310236077941575,0
5249,0,0,0,0,0,1,0,0,1,0,0,1,1,0,0,1,1,2,0,0,2.4175388137337057,2.696607223033216,1
5250,0,0,1,0,0,2,0,0,2,0,1,1,1,1,0,1,0,0,1,2,-0.8594211944860873,2.150116171427907,1
5251,0,1,1,0,1,1,0,0,1,0,0,1,0,0,1,0,1,1,0,1,-0.7993680487757333,0.7217391420412105,1
5252,0,1,1,1,0,1,0,0,2,2,0,1,2,1,1,1,0,0,1,0,0.6095773962170978,0.5380485069948293,0
5253,0,1,1,0,0,1,0,1,0,0,0,1,1,0,0,1,1,1,0,1,-0.5517255999719308,-1.0988750945236023,0
5254,0,0,0,0,0,1,0,0,1,1,1,1,2,1,0,1,2,0,2,0,-0.4939828260905885,-3.184335913423878,0
5255,0,1,2,0,0,1,0,0,1,2,1,0,0,0,2,1,2,0,2,2,0.12330108983625199,1.2793898223300908,0
5256,0,1,1,0,0,0,0,0,1,1,0,1,1,0,0,1,1,1,1,2,-1.0890358488988714,0.25414946982910425,1
5257,0,0,1,2,1,1,0,1,0,2,0,0,0,0,0,2,1,0,0,1,1.9355662720536104,1.3968425597554308,0
5258,0,0,2,0,2,0,0,0,1,1,0,1,1,1,0,0,1,1,2,0,-0.5552388082046283,-0.4242995134202995,0
5259,0,1,1,0,0,0,0,0,1,2,0,1,1,1,0,2,0,0,0,2,-1.3063013787166429,0.9749139371000326,0
5260,1,0,2,0,0,1,0,0,0,1,1,0,0,0,0,2,1,1,2,0,0.8629706030460128,1.6002323350053018,1
5261,0,1,0,0,0,0,1,0,1,0,0,1,0,0,1,1,0,0,0,2,-0.24331833909176728,-0.42800826661329683,0
5262,1,0,1,0,0,1,0,0,1,0,1,0,1,2,0,1,1,2,0,1,0.9036783295087791,-0.34840473389160087,0
5263,0,0,0,0,0,1,0,1,1,2,0,0,0,0,0,1,1,0,0,0,-0.04354444814760627,-0.004508738013050045,0
5264,0,0,0,0,0,0,0,0,1,0,0,1,0,0,0,1,0,1,0,1,-0.1942593164765715,-1.0828548910987956,0
5265,0,0,1,0,0,1,0,0,0,1,0,1,0,0,2,1,1,0,0,1,-0.10591208054688636,0.2852939803121702,1
5266,0,0,1,0,0,1,0,0,1,1,0,1,0,1,0,1,1,2,2,0,-0.5984271958134281,1.8401531933694533,0
5267,0,1,0,0,0,0,0,0,2,0,0,1,1,0,0,1,1,1,1,0,-1.0683333832304753,-1.720509303694272,0
5268,0,0,1,1,2,0,0,0,1,0,0,0,1,1,2,1,0,0,1,0,-0.002502864960514596,2.2752618752915135,0
5269,0,2,1,0,0,1,0,0,1,0,1,0,0,0,1,0,0,0,0,0,0.5814434288132481,-0.35677079033892106,0
5270,0,2,1,0,0,2,0,0,0,0,0,0,0,0,0,1,0,0,1,1,0.844235536548657,1.1023035798162488,1
5271,1,1,1,0,0,2,0,0,2,0,0,2,1,0,0,1,2,1,2,1,0.3244794909202744,-0.30191531361374885,0
5272,1,0,1,0,0,1,0,0,0,0,1,1,1,0,0,1,2,0,1,1,1.3817659757798848,-0.33488852315746487,1
5273,0,0,1,0,0,1,1,2,1,1,2,0,0,0,0,0,1,1,0,1,1.8808961937404456,0.8786349736503576,1
5274,0,1,0,0,1,1,0,0,2,0,0,1,1,1,0,1,0,1,0,1,1.1633940425033884,1.453234945593247,1
5275,0,0,2,0,0,0,0,0,1,0,0,1,1,0,0,1,1,1,0,1,1.5995922363198736,1.6116859016844303,1
5276,0,0,0,0,0,2,0,1,1,0,0,1,0,0,0,1,2,0,1,1,-1.5542474476834427,0.2114110508187233,1
5277,0,0,0,0,0,0,0,0,2,1,0,1,1,1,0,2,1,1,0,1,0.8330787664426905,0.41571101407879163,0
5278,0,0,0,1,0,1,0,1,2,0,0,0,0,0,1,2,1,0,1,1,-0.6838335638756478,-1.222531647846905,0
5279,1,2,0,0,0,0,0,0,0,1,0,0,1,0,1,0,0,0,1,1,0.496196618503357,1.1910491404661432,0
5280,0,1,0,0,0,1,0,1,0,1,0,2,0,0,0,1,1,1,0,0,-0.7763833526597468,-0.3858753555757055,0
5281,1,1,0,1,0,2,0,1,0,1,0,0,1,1,0,0,0,2,1,0,-0.41662404634430983,-0.3472463922467377,1
5282,1,0,0,0,0,2,0,0,1,1,0,0,2,0,0,1,0,0,0,0,-0.8787496542389523,1.2463160566033853,0
5283,0,1,1,0,0,1,0,1,0,1,0,0,1,1,0,1,0,0,1,0,-0.5319003769112903,-0.6645074798104582,0
5284,0,1,1,0,0,1,0,0,1,1,0,0,0,1,1,1,0,0,1,0,-1.1863903312261999,0.9735312428093311,0
5285,0,0,1,0,0,2,0,0,0,2,1,2,2,0,0,2,0,0,0,1,-0.5497280695723434,0.6366994350125537,0
5286,0,1,1,0,0,0,1,0,0,1,0,0,1,0,0,1,1,1,0,0,1.2063371790161395,-1.307648652050688,0
5287,0,0,0,0,0,0,0,1,0,1,1,1,1,0,0,0,0,1,1,1,-0.8539543669534745,-0.05415811135507659,0
5288,0,1,0,0,0,1,2,2,2,1,0,2,0,0,1,0,0,0,0,0,-1.0673465750522695,0.22067029537612504,0
5289,1,0,0,0,0,2,1,0,2,0,0,1,1,0,0,1,1,1,1,1,-0.49519109014534324,-1.4646196404024023,0
5290,0,0,0,0,0,0,0,0,2,2,0,0,1,1,0,0,1,1,2,1,-0.0239526142634886,0.9813961087205273,1
5291,0,0,1,0,0,1,0,0,2,2,0,1,1,0,0,0,1,0,1,1,-1.508308058487673,2.8234844696853916,1
5292,0,0,1,0,0,0,0,0,1,0,0,1,0,0,0,1,0,0,2,0,-1.0870484837499073,-1.6119948445010495,1
5293,1,1,0,0,0,1,0,0,0,2,1,1,0,0,0,1,0,0,0,1,-0.42442790118543067,-1.289987670275231,0
5294,0,0,1,0,0,0,0,0,0,0,0,1,1,0,0,1,1,0,1,0,-0.040559377562482436,0.4515518090661693,0
5295,0,0,2,1,1,1,0,1,2,1,1,0,2,0,0,0,1,0,2,0,-0.5379415913058171,-0.030199874572056362,0
5296,0,0,0,0,0,1,0,0,2,0,0,1,1,0,0,0,0,0,0,0,-0.9286492311370649,-0.7423605350192699,0
5297,0,1,0,0,0,1,0,1,1,1,0,1,1,0,0,0,1,1,2,1,-0.08682716599785378,0.4810920439108455,1
5298,0,1,0,0,0,0,1,2,1,2,1,0,1,0,0,0,2,1,1,1,-0.39418176509451597,0.20385269186055077,0
5299,1,1,1,0,0,2,0,0,2,0,1,1,0,0,1,1,1,0,0,1,1.692763372435759,-0.45961821380257817,0
5300,1,1,1,0,0,0,1,0,0,1,0,1,0,0,0,1,0,1,1,2,-0.04181219289484118,0.9014542245333996,0
5301,0,0,0,1,0,1,0,0,1,0,1,0,1,0,0,0,1,1,1,0,0.7908530720046059,-0.6332174040617313,0
5302,0,0,0,0,0,0,0,1,1,1,0,2,0,1,0,0,2,0,1,0,-0.52591677417218,0.05198105082280641,0
5303,0,0,1,0,1,1,0,0,1,1,2,0,2,0,0,0,0,1,0,0,-0.22886354251007646,-1.5217972040036893,1
5304,0,2,1,0,0,0,1,0,1,1,0,1,1,0,0,2,1,2,1,0,1.270885619745558,1.0489929128035365,1
5305,0,0,1,0,0,2,0,0,2,0,0,0,0,0,0,0,1,0,0,1,0.2518766479761483,0.8315694257409283,1
5306,0,1,0,0,0,2,0,0,1,1,0,1,2,2,0,1,0,0,1,1,-0.35503386507317214,2.380764793903179,1
5307,0,1,0,0,1,1,0,0,2,0,1,1,1,1,0,1,1,1,1,0,-0.5349926719418608,0.3270254757873451,0
5308,0,1,2,0,0,1,0,0,1,0,2,1,1,0,0,1,0,0,0,1,0.9752101175933681,-1.2413349453861442,1
5309,0,1,0,0,0,0,0,0,2,1,0,1,0,0,1,2,1,0,1,0,0.3244793755511736,0.11171540593487472,0
5310,0,0,0,0,1,2,0,1,1,2,0,1,1,1,0,1,0,0,0,0,1.618318317103008,1.4733925313408494,1
5311,0,1,1,0,0,1,0,1,1,0,0,1,1,0,0,2,0,0,1,0,-0.5320812910933665,-1.5480814983807711,0
5312,1,0,0,0,1,2,0,0,0,0,1,1,0,1,0,0,0,2,0,0,0.5613917284999529,0.05334089689152918,0
5313,0,1,1,1,0,2,0,0,0,1,0,0,1,0,0,1,2,1,1,1,-0.1543558434099582,0.21660015873260113,1
5314,1,2,1,1,0,1,0,0,1,0,1,0,1,1,1,0,1,1,0,1,2.090263332959614,1.1364692460600414,0
5315,1,0,0,0,0,0,0,1,0,2,1,0,0,0,0,1,0,0,0,1,-1.0095378892222722,-1.487632978830311,0
5316,0,1,1,0,0,1,0,0,1,1,0,1,0,0,1,1,0,1,0,1,1.0857826384920988,-0.6058787771100181,0
5317,0,0,0,0,0,2,0,0,0,0,1,2,1,1,1,2,0,2,0,0,1.1232453136157545,-0.10682246435591636,0
5318,0,1,0,0,0,1,0,0,1,1,1,0,2,0,0,1,1,0,0,1,0.5057377121389437,-0.19000504259840045,0
5319,0,2,0,0,0,1,0,0,0,0,0,1,1,0,0,1,2,1,1,1,0.338949607456385,0.4187996449411583,0
5320,1,1,1,0,1,2,1,1,2,1,1,1,0,1,0,1,0,0,0,1,0.7385575719043679,0.4436282296357143,0
5321,0,1,0,1,0,2,0,0,1,0,1,0,0,0,0,2,1,1,2,1,0.5134644712300307,0.6563598840614211,0
5322,0,0,1,0,1,2,1,0,2,1,0,0,1,1,0,0,2,0,0,0,-0.5500251998334175,-0.04388644026120764,0
5323,0,2,0,0,0,2,0,0,0,1,0,2,1,1,1,1,1,2,1,0,-0.7909826232775947,-0.22022598201188154,0
5324,0,1,1,0,0,1,0,1,1,1,1,2,0,1,0,2,0,0,1,0,-0.04502378503530438,0.156185833289383,1
5325,0,1,2,0,1,1,1,0,1,0,0,0,1,0,0,0,1,0,1,1,-0.6704737159912232,-1.8566253293970532,0
5326,0,0,0,0,0,1,0,0,1,0,0,1,1,0,0,1,1,1,1,1,0.4564690331514084,1.3206634771078174,1
5327,0,0,1,1,0,0,0,0,1,1,1,1,0,1,1,0,0,0,0,0,0.46744030831726496,0.1707393617158012,0
5328,0,0,1,0,1,2,1,0,1,1,0,1,1,0,1,0,1,0,1,2,-0.9199149919875619,0.8419536071290064,0
5329,0,0,0,1,0,1,0,1,2,1,0,1,1,0,0,1,0,0,2,0,-1.0634059277884838,-0.7772542564094481,0
5330,0,1,0,0,0,0,0,0,2,2,0,0,0,0,1,1,1,1,1,0,0.14907913741182147,0.2508753196395599,1
5331,0,0,0,0,0,2,0,0,0,2,0,0,0,0,0,2,0,0,1,1,-1.206206784345351,0.2681177975423749,0
5332,1,0,1,1,1,1,0,0,2,0,2,2,1,0,0,2,0,0,0,1,0.923237507132115,0.6137982427377188,0
5333,0,0,0,0,0,2,0,0,1,1,0,0,1,2,1,0,0,0,0,0,0.5225550329470695,-2.183360679228554,1
5334,0,2,0,0,1,1,0,0,2,1,1,0,2,2,1,1,0,1,1,1,1.0714622813450765,1.1577866205763838,0
5335,0,1,1,1,0,1,0,0,1,0,2,2,0,0,0,1,2,1,1,0,0.48684914846813937,-0.5457552747994008,0
5336,0,1,2,0,0,0,1,0,0,0,0,0,1,1,1,1,0,1,0,1,-0.1725281928817659,0.5632273607929233,0
5337,1,1,0,0,0,1,0,0,2,1,0,0,0,0,1,0,1,1,2,0,1.0711648917307446,0.21084229513624578,1
5338,1,1,0,0,0,1,1,0,1,1,0,1,0,0,0,0,0,1,1,0,0.5775434865936526,1.6101170301404966,1
5339,1,0,0,0,0,1,0,0,1,1,0,0,2,1,1,1,2,0,1,0,1.5606520371058636,-0.444150220771933,1
5340,0,0,1,0,0,1,0,0,2,2,0,0,1,0,1,0,1,1,1,0,-1.9804244099493191,-1.2720722067550114,0
5341,1,1,1,0,1,0,0,0,0,1,0,0,1,0,1,0,2,0,0,0,-0.5071430437180214,0.3828203049340406,1
5342,0,1,0,0,1,1,0,0,1,2,0,0,1,0,0,1,1,0,1,1,-0.888286446397369,-0.8163369236751492,0
5343,0,1,1,0,0,2,1,0,1,0,1,0,1,0,1,0,0,0,1,0,1.0821696335871804,0.06795736965518615,0
5344,0,2,1,0,1,2,0,0,1,0,0,1,0,1,0,1,1,0,1,0,-0.9994133713604711,0.2410460463930607,1
5345,0,0,2,1,1,1,0,1,1,1,0,1,1,0,0,0,0,1,1,1,-0.9496565259611819,1.4147008845054914,1
5346,0,1,1,1,0,1,1,0,0,0,0,0,1,0,0,2,1,0,0,1,-0.4488659759197663,0.05597822939714202,1
5347,0,0,1,0,0,0,0,0,0,1,0,0,1,1,0,2,1,1,0,1,0.4886821125798824,0.3747381906171376,0
5348,1,1,0,1,0,1,0,1,2,0,0,1,1,0,0,1,0,0,0,2,-0.9360334954949456,0.6180080891092108,0
5349,1,1,1,0,0,2,0,1,1,1,0,0,0,0,0,1,2,1,1,0,-0.49595654667936295,0.8287806467203808,0
5350,0,1,0,0,0,1,0,0,1,1,0,0,0,0,0,0,0,0,0,0,-0.286175527151249,-0.9813439614601858,0
5351,1,1,0,0,1,0,0,0,0,1,0,2,0,0,0,1,1,1,1,1,0.8296847318270435,1.1690083227498134,0
5352,0,0,1,0,0,1,1,0,1,1,0,0,0,1,0,0,0,0,1,1,0.00010955611547341522,-0.21209572221691153,0
5353,0,1,1,0,0,1,0,1,1,1,1,1,1,0,1,1,1,1,1,0,-0.9793956795350016,-0.054632085927851404,1
5354,0,0,1,0,0,0,0,0,1,0,0,0,1,0,0,0,0,1,1,1,-0.76407536801932,-0.3697618295751807,0
5355,0,2,1,0,0,1,0,0,1,0,1,0,1,2,1,1,2,1,2,1,-0.5223584723776321,0.45009166623716557,1
5356,0,0,1,0,1,1,0,0,0,1,0,1,1,0,0,0,0,0,0,1,-0.3280364920238738,0.027799726556982277,0
5357,0,1,1,1,0,2,0,1,1,1,2,0,0,0,0,1,1,0,0,0,1.459805974468173,-0.24290012911771475,0
5358,1,0,1,0,0,2,0,0,1,1,0,2,1,0,0,1,2,1,1,1,-0.4805031445906119,-1.0370152912537154,0
5359,0,0,1,0,0,1,0,0,1,1,0,0,0,0,0,1,1,2,1,2,1.718011926720646,0.9486957153676978,0
5360,0,0,0,0,0,0,0,0,2,0,0,0,2,0,1,0,0,0,2,1,1.154817314014693,0.8687960956015643,0
5361,0,0,1,0,0,0,0,1,1,0,0,1,1,0,0,1,1,2,0,0,0.8859376063864116,-0.9935733649933051,0
5362,1,1,1,0,0,1,1,0,1,0,0,0,1,0,0,2,2,1,1,0,0.7422147160682971,0.15027915710559098,0
5363,0,2,1,0,0,1,0,1,1,1,0,0,1,0,0,0,0,1,1,0,1.0667736933250673,0.8838205160267858,1
5364,0,0,0,0,0,0,0,0,2,0,1,1,0,1,0,1,0,2,2,0,0.4856535019954589,-1.344565317794007,1
5365,2,0,0,0,0,1,0,0,0,0,1,1,0,1,1,1,1,0,2,0,0.35331585394451676,-0.9664187122542729,0
5366,0,0,1,1,0,1,1,0,1,0,1,0,1,0,0,0,1,1,1,1,-0.16790563310120593,0.8116048497776036,0
5367,1,2,0,0,0,1,0,0,1,1,1,0,0,0,0,0,1,0,1,0,-1.2357215805483963,-1.4908960820833483,0
5368,0,2,0,2,1,1,1,1,1,1,0,1,1,2,0,0,0,1,1,1,-0.6197866582334638,-1.4561970298253675,0
5369,0,1,1,0,0,2,0,0,1,2,0,1,0,2,1,0,0,0,1,1,0.5800594384943726,0.051351702751637696,1
5370,0,0,1,0,0,0,0,0,1,1,0,0,0,0,0,0,2,0,0,1,-1.3821919682588795,0.3926282838618672,0
5371,1,1,1,0,0,1,0,0,0,1,0,0,2,1,1,1,2,1,2,2,0.2342775891993806,1.549055150642976,1
5372,0,1,1,0,0,0,0,0,0,1,0,1,0,0,0,1,0,1,0,1,-0.7437118725956986,-1.077058802943872,0
5373,0,0,1,0,0,1,0,1,0,1,0,1,1,1,0,0,1,1,0,0,-0.5047259452845031,-0.4399339783318005,0
5374,0,1,0,1,0,0,0,1,1,0,1,1,1,0,0,2,0,1,0,0,-1.4088851461159135,-1.869429436571772,1
5375,0,2,1,0,0,0,1,0,2,0,1,1,0,1,1,1,1,1,1,1,0.9900412812513919,-0.48398176010600596,0
5376,0,2,1,0,0,1,0,0,1,0,0,0,1,0,0,0,1,1,1,0,-0.5530040754060103,-1.0439844164013157,0
5377,1,1,0,0,0,2,0,0,2,0,0,1,0,0,1,1,1,1,1,2,-1.0602164891443175,-0.25616371344509375,0
5378,1,2,0,0,1,1,1,0,1,1,0,0,1,0,0,1,0,2,1,0,-0.8695365044406662,-0.5745169663012248,0
5379,0,0,1,0,0,1,1,0,1,1,2,1,0,2,0,1,2,0,1,1,1.1190984617620605,-1.9341383669861196,1
5380,0,0,1,0,0,1,0,0,1,1,1,0,2,0,0,1,1,1,0,0,0.10901152293788326,-0.17621052159791287,0
5381,0,1,1,0,0,1,0,0,1,1,0,0,1,0,1,1,2,0,1,1,-0.9683676081099198,-1.572377668755851,0
5382,0,2,1,0,0,1,0,0,1,0,1,0,1,0,1,1,0,1,1,0,0.4214161158080422,-0.712108493794221,0
5383,1,0,1,0,1,1,0,1,1,1,0,1,1,1,0,0,0,1,1,1,0.9613360339848888,-0.7540564903690299,0
5384,0,0,1,0,1,1,0,0,2,0,0,1,0,0,1,0,0,1,0,0,0.5211384003946733,0.7375470155742015,0
5385,0,0,0,0,0,0,1,0,2,1,0,1,1,0,1,2,0,1,0,0,-2.4370369452846163,0.0014536280522859935,0
5386,0,0,1,0,0,0,0,0,2,1,0,0,1,0,1,0,1,0,1,0,-0.5878619232315752,-0.8312526044970652,1
5387,0,1,0,0,0,2,0,0,2,1,0,0,1,2,0,0,0,1,0,0,-0.6483298711703438,0.49093457479943925,1
5388,0,0,2,1,1,1,0,1,2,0,1,1,0,0,1,1,1,0,0,1,0.5741251283127382,-1.1613060076506843,1
5389,1,0,1,0,0,1,0,0,1,1,0,1,0,0,0,1,1,0,0,0,1.6132658310465986,1.4149618012143876,1
5390,0,2,0,0,0,2,0,0,2,1,0,2,2,0,0,1,1,0,1,0,1.0160652828729648,-0.5459439995623637,0
5391,0,1,0,1,0,2,0,0,0,1,0,0,0,0,1,1,1,0,0,1,0.2162005301455786,-0.6290807663761786,0
5392,0,0,2,0,0,1,1,0,1,1,0,0,0,1,0,1,0,1,1,1,1.3408530195063195,0.21231788888306324,0
5393,0,1,1,0,0,0,0,2,2,0,0,0,2,1,0,1,0,1,2,1,-1.9461595080981873,-0.6039648518268871,0
5394,0,0,2,0,0,1,0,0,1,1,1,1,1,0,1,1,0,1,0,1,0.32014567005315503,-1.5457137678854096,0
5395,0,0,1,0,0,1,0,0,2,0,0,1,1,0,0,1,1,1,0,0,0.8207323587381847,0.5458904272503096,0
5396,0,0,1,0,0,1,0,0,1,1,1,1,1,0,0,1,0,1,2,1,-0.42700674353320417,0.2595673478786573,0
5397,0,1,0,0,0,0,1,0,2,0,1,0,2,1,1,1,1,0,0,0,-0.8978300320619315,-2.7592012226394123,0
5398,0,0,1,0,0,1,0,0,0,0,1,0,1,0,0,0,1,0,0,1,0.33039196802203047,-0.5150542369767696,0
5399,0,0,1,0,0,1,0,1,1,2,0,1,1,0,0,0,1,0,1,0,0.34338502443735053,-0.8340044970293847,0
5400,0,0,0,0,1,2,0,1,2,0,1,0,1,0,1,0,1,2,2,1,-0.9700178554431406,-2.040116593735188,0
5401,1,0,1,0,0,1,1,0,1,0,1,0,1,1,1,1,1,1,1,1,0.37284610728264933,0.03244354647312713,0
5402,0,1,1,0,0,0,0,0,1,2,0,0,0,0,0,1,1,1,0,2,1.239763837026824,1.3843515574213758,1
5403,0,1,0,0,0,1,0,1,2,1,1,0,2,0,0,1,2,2,2,1,-0.9136443708957652,-0.7717875527605949,1
5404,0,0,0,0,0,1,0,1,1,1,0,0,0,0,0,0,2,0,1,0,-0.12252729468892966,0.20330919790069468,0
5405,0,0,0,0,1,2,0,1,2,1,0,0,1,0,0,0,1,0,0,0,-2.320436265723811,-0.5037669234929594,0
5406,0,1,1,0,1,2,0,0,1,0,0,2,0,0,0,0,0,0,2,1,-1.775810892698913,-0.7040924433999631,1
5407,0,1,0,0,0,1,0,0,1,1,1,1,1,1,1,0,1,0,0,2,-0.14623939754709014,0.3071176931439702,0
5408,0,0,1,0,1,2,0,0,1,0,0,1,1,0,0,0,1,0,2,0,-0.37989180732729166,-0.6569904314858966,0
5409,0,0,0,0,1,0,0,0,0,1,0,1,2,2,0,0,1,0,1,1,-0.5578317015189556,0.26050693410409986,0
5410,0,1,0,0,0,1,0,0,2,0,2,0,1,0,0,1,0,0,2,1,-1.6877805910092212,-2.0616285418363853,0
5411,0,0,1,0,0,2,0,0,0,1,0,0,1,0,0,1,1,0,1,1,1.505458094685013,0.9533452647810744,1
5412,0,0,1,0,0,1,1,0,2,1,1,0,0,1,0,2,1,1,0,0,0.8839222686591068,1.1959287757082024,0
5413,0,0,1,0,0,1,0,0,0,0,1,1,1,2,0,0,1,1,1,2,-0.3466650959062893,-0.5398584813097744,0
5414,0,0,0,0,0,0,0,1,0,1,1,1,2,0,0,0,2,0,0,1,-0.5510641352625072,-1.5239706871379701,0
5415,0,1,1,0,2,2,0,0,0,1,1,1,0,0,0,2,0,0,1,1,0.18637436436750804,0.4262210858069546,0
5416,0,0,2,0,0,1,0,1,1,0,1,0,0,0,0,1,1,1,0,0,-0.9429122492009097,1.4728657209454108,0
5417,0,0,0,1,0,0,0,1,0,1,0,0,0,0,0,0,2,1,0,0,0.21692887943177175,-0.23023339393979608,0
5418,0,0,1,0,0,1,0,1,1,0,1,0,0,1,0,0,1,0,0,0,-1.2182570550921226,-2.4503387400164343,1
5419,0,0,1,0,0,1,0,0,1,1,1,1,2,0,0,0,0,0,0,0,0.27486126222126694,0.39016003229238655,0
5420,0,1,2,0,0,1,0,0,2,1,1,1,0,0,0,1,2,0,0,1,-0.07849472849926685,0.7260686206302693,0
5421,1,0,1,0,0,1,1,0,2,0,0,1,1,2,0,1,0,0,0,2,-1.673474056278661,-2.23493839886018,0
5422,0,0,2,0,1,0,0,0,1,1,0,1,1,0,1,1,0,1,0,1,0.37596317666405893,0.13047323356005286,0
5423,0,2,1,0,1,0,0,0,1,1,0,0,0,1,0,2,0,1,0,0,0.5716138838954334,-0.6303336999529905,0
5424,0,0,0,1,0,2,0,1,1,0,0,0,0,0,1,2,1,1,0,0,1.0501204724694937,0.9542041135831876,0
5425,0,0,0,0,0,2,0,0,0,0,0,1,0,0,1,0,0,0,0,1,1.77067746821239,0.33547568163029284,0
5426,0,1,1,0,1,0,1,0,2,1,0,1,0,0,0,1,1,1,1,0,-0.6554653019275556,-0.5823034411698309,1
5427,1,1,1,0,0,1,0,0,0,1,0,2,2,0,0,0,0,1,2,0,1.087259098274986,0.9872107414758445,1
5428,1,2,1,0,1,2,0,1,1,0,0,1,0,0,0,0,2,1,0,0,-0.5973358215374958,-1.0405799832742306,1
5429,0,1,1,0,0,0,0,0,1,1,1,1,0,0,1,0,0,1,0,1,0.4217047789723274,0.38508347976510854,0
5430,0,0,2,0,0,0,1,0,1,0,0,0,1,0,1,1,1,1,1,0,-0.14470177366519793,0.705595785687237,1
5431,0,0,1,0,0,1,0,0,1,2,0,1,2,0,0,2,0,0,1,0,1.6662230982157267,0.926768256049175,1
5432,0,0,1,0,0,0,0,0,2,1,1,1,1,0,0,1,0,1,0,0,0.5640652641520845,-0.3048716397537866,0
5433,0,1,0,0,0,1,0,0,0,2,1,0,2,0,0,1,1,0,2,0,0.19698254732190168,0.9404532686119096,1
5434,0,1,1,0,0,1,0,0,1,0,0,1,0,0,0,0,1,1,0,1,0.2879845241474046,-1.678056605528861,0
5435,0,0,2,0,0,1,0,0,1,0,1,1,0,1,0,2,1,0,1,1,0.2533550647482854,1.325724611841899,0
5436,0,0,2,0,0,1,0,0,0,1,0,2,0,0,0,0,0,1,2,0,-0.776287237832514,-1.2001418133161355,0
5437,1,0,2,0,0,1,1,0,1,1,0,0,1,1,0,1,2,1,1,1,-0.8568928261251564,0.22745062847942282,0
5438,0,0,0,0,1,2,0,0,2,0,0,0,1,0,0,0,1,0,2,0,0.36619635203535594,-0.3983918643997469,0
5439,1,0,1,0,1,2,0,0,0,0,1,0,0,1,0,1,1,0,1,1,0.367891166302478,-0.6103753094630697,0
5440,0,1,0,0,0,1,0,1,1,1,0,0,1,1,0,2,1,0,1,0,-0.0496627860051755,-1.0732231726311308,0
5441,0,0,1,1,0,2,0,0,2,0,0,0,0,1,0,1,1,0,1,1,1.8931296738713213,1.4215311816653147,1
5442,1,1,0,0,0,0,0,1,0,1,1,0,0,0,0,2,1,1,2,0,0.8974399310388553,-0.4877088244512512,0
5443,0,1,0,0,0,1,0,0,1,0,0,1,0,0,0,1,0,1,2,1,1.0617520835342336,1.427772070795334,1
5444,0,1,1,0,0,1,0,0,0,1,0,0,2,0,1,0,0,1,1,2,0.3363679412364116,-1.7150040237144544,1
5445,0,0,0,0,0,1,1,0,2,1,2,0,0,2,0,2,0,0,2,1,-0.564515494800169,1.3792282328825318,1
5446,0,2,0,0,0,1,0,0,0,1,0,0,2,1,0,1,1,0,1,0,0.9055536199794044,-0.6703504404939395,0
5447,0,1,1,0,0,0,0,0,2,0,1,1,0,0,0,0,1,0,0,0,-0.8563588745360249,-0.2868604776869015,0
5448,0,1,0,1,0,2,0,0,1,1,0,0,1,0,0,0,1,2,1,1,-1.2598940193186507,0.06181415817101166,1
5449,0,1,0,0,0,1,0,1,0,1,1,0,1,0,1,1,1,2,0,0,-0.2407283243974745,-1.3697551185651524,0
5450,0,0,1,0,0,1,0,0,1,2,1,1,2,0,0,1,1,0,1,1,-2.337177770126844,0.30207488992732134,0
5451,0,0,0,1,0,1,0,0,1,1,1,0,1,0,0,2,2,0,0,0,-1.788869302169521,-1.5821058053851687,1
5452,2,1,1,0,1,1,0,0,1,0,0,0,1,1,0,0,1,1,1,0,-0.7485031062291241,0.27859613985863896,0
5453,1,0,1,0,0,1,0,0,2,1,1,0,1,0,0,0,1,2,0,0,-1.1761855089012156,-0.18367569922101468,0
5454,0,1,1,0,1,1,0,0,2,0,0,1,0,0,0,0,0,0,2,0,0.6808250097658716,1.0173319609424105,1
5455,1,0,1,0,0,2,0,0,1,1,0,0,1,0,0,0,1,0,0,0,-0.08862753685828521,-0.3950366685308421,0
5456,0,2,0,0,0,2,0,0,1,0,0,0,0,1,0,0,0,0,2,0,2.5963481778618935,0.6706842409109721,0
5457,0,1,1,0,0,0,0,0,0,1,0,0,0,1,0,1,1,1,1,0,0.25772792486545315,1.1182879371798968,0
5458,0,1,1,1,0,1,0,0,2,0,1,2,1,1,1,2,0,2,2,0,0.1777791641753137,0.4865159849517577,0
5459,1,2,0,0,0,2,0,0,2,1,1,0,0,0,0,1,1,0,1,1,0.03456726508259186,-0.03203293077299399,1
5460,0,1,1,0,0,1,0,2,1,1,1,1,1,0,0,1,2,0,1,0,1.9325081960884603,-0.32256938737421703,1
5461,0,0,1,0,0,2,0,0,1,0,1,1,0,0,0,0,0,0,1,0,-0.539252054451924,-0.5980008223586597,0
5462,0,0,1,1,0,2,0,0,0,0,1,0,1,0,1,1,1,0,1,2,0.8076616425685225,2.0468180647502265,1
5463,0,0,0,0,0,1,0,0,1,0,0,0,1,1,0,2,0,0,2,0,1.3260903791767065,1.8639418456457044,1
5464,0,1,1,0,0,1,1,0,1,1,2,0,1,0,0,1,2,0,2,0,-0.38698892642504745,-0.30350917184699455,1
5465,0,0,1,0,0,1,0,0,0,0,0,1,0,0,0,0,2,1,0,2,0.03669320316524088,-0.355653957755072,0
5466,0,2,0,0,0,1,0,0,2,0,1,1,0,0,1,1,0,1,0,1,-1.6788564404005326,-1.3306432420970065,0
5467,0,1,1,0,0,1,0,0,1,0,1,1,2,0,0,2,1,0,1,0,-0.3115257708678501,-1.1455910819034152,1
5468,0,0,1,0,0,0,0,0,0,2,0,0,0,0,0,0,0,1,0,0,0.18780867360864203,0.48971663912799124,0
5469,0,1,0,0,0,0,0,0,1,0,1,0,2,0,2,1,1,0,1,0,0.8575061730104813,-0.3935603639357188,0
5470,0,1,1,0,0,1,0,0,1,0,0,1,1,0,0,0,2,0,1,1,-1.2038306477872134,-0.612845347321923,0
5471,0,1,1,0,0,2,0,0,1,2,0,1,1,0,0,1,2,1,1,0,0.4485526759940608,0.9936186732998734,0
5472,1,0,1,0,1,1,0,2,0,0,0,0,1,0,0,2,0,1,2,0,-1.7062917952348569,-1.083982490828092,0
5473,0,1,1,0,0,1,0,0,1,1,1,0,1,0,0,0,1,0,2,0,-2.1124006079082727,-3.0202153285236575,1
5474,0,1,1,0,1,1,0,0,1,0,0,0,1,0,0,0,1,0,1,1,0.07019960573291956,0.9270830401909705,1
5475,0,1,0,0,0,1,0,0,2,1,0,1,0,2,1,1,2,2,0,2,0.5307046459237524,1.3469997298091134,0
5476,0,1,1,0,0,2,0,0,2,1,1,0,0,0,0,1,0,0,1,0,0.4791290409982977,1.2877959234758323,0
5477,1,1,0,0,0,1,0,0,1,0,1,0,1,0,0,1,0,0,1,2,1.5392149390856074,0.3218820435703378,0
5478,0,2,1,0,1,0,0,0,1,1,0,1,2,0,1,0,0,0,1,1,-2.2112194422918776,-0.8165996133045808,1
5479,1,0,0,0,0,1,0,0,1,0,1,1,0,0,0,0,1,0,1,1,-1.1582038614364336,0.5768204898856246,1
5480,1,0,0,0,1,0,0,1,1,1,2,1,1,0,1,1,0,1,1,0,1.1182968531645194,-0.1504879932841703,0
5481,0,1,1,1,0,1,0,1,2,0,0,1,0,0,1,1,0,0,0,1,-0.7242648551882769,-1.1768683602033936,0
5482,1,0,0,0,1,1,0,1,1,1,0,1,1,1,1,1,0,0,0,0,-0.22851506471350166,0.6258401172815607,0
5483,0,1,0,0,0,1,0,1,2,1,0,0,1,0,0,2,1,1,2,0,1.653276228786702,1.554439473014393,1
5484,0,1,0,1,0,1,0,0,1,1,0,1,0,1,1,2,1,1,0,1,0.09754298813454038,0.778472387095915,0
5485,0,0,1,0,0,1,0,0,0,2,0,2,1,1,1,0,0,1,1,1,-0.3504231194798478,0.9512947704024525,1
5486,0,1,2,0,0,1,0,0,1,0,2,0,2,2,0,1,1,0,0,1,-0.20205404837699542,0.21270785057282215,1
5487,0,1,1,0,1,1,0,0,1,1,0,0,1,2,0,1,1,1,0,2,0.2731902643269721,-0.48780776163256356,0
5488,0,0,1,1,0,1,0,0,1,0,1,1,2,0,0,0,1,1,1,1,1.5376337262136242,0.3495277776043247,0
5489,0,2,0,0,0,0,0,0,0,1,0,1,1,0,1,1,1,2,0,1,-1.2665098324799353,-0.7002765412161092,0
5490,0,1,0,1,0,0,0,0,1,1,0,1,0,0,0,0,0,1,1,1,0.06245315796391821,-0.9545602979641097,1
5491,0,0,0,0,0,1,0,0,1,1,0,1,1,1,1,1,1,1,1,2,0.3502687387922885,0.3320649841355139,0
5492,0,0,1,0,0,0,0,0,2,1,0,1,2,0,0,2,1,1,1,0,-0.5199015538958691,0.3318580951423167,1
5493,1,1,2,0,0,0,0,0,2,1,2,1,1,0,0,0,1,1,0,2,-0.2614388211733157,-0.38209138396783104,0
5494,0,1,1,0,1,0,0,0,1,0,1,0,1,0,1,1,1,1,1,0,1.3239734726875712,0.5033473264414561,0
5495,0,1,0,0,1,0,1,0,0,1,0,0,2,0,1,1,1,0,0,0,-0.3663330164005992,2.0355134160202772,1
5496,0,1,0,0,0,1,0,0,1,0,0,0,0,0,0,0,2,1,0,1,0.2418528035093932,0.1439361617811693,0
5497,1,0,0,0,0,2,0,0,0,1,1,2,1,0,1,1,0,0,1,1,-0.9004308978256902,-0.12267179063438549,0
5498,0,1,1,0,0,1,0,1,1,0,2,0,2,1,0,1,0,0,1,0,-0.5654591374074059,-2.002202741133212,1
5499,2,2,2,1,0,1,0,0,1,0,1,0,0,0,0,1,1,0,1,0,0.13112922754751502,-0.7913881804176337,0
5500,0,0,1,0,0,1,0,0,1,0,0,0,1,0,0,0,2,0,0,1,0.276306422007496,-0.5472722714582847,0
5501,1,1,0,0,0,0,0,0,0,1,0,2,0,0,0,2,0,2,0,0,-2.345344522526171,-0.18992462602796567,0
5502,0,2,2,0,0,1,0,0,0,1,1,2,1,1,0,2,1,1,1,2,-0.4701193695655374,-0.07714742406328728,0
5503,0,0,1,0,0,0,0,0,0,0,0,0,1,0,2,0,0,1,1,1,1.9131873029232118,0.7838519009286588,0
5504,0,2,0,0,0,1,0,0,1,0,0,2,1,0,0,2,2,0,1,0,0.6375319053648832,-0.3188949134172684,0
5505,2,1,0,0,1,2,0,0,1,0,0,0,2,1,0,1,1,0,1,0,-0.3353766532796296,-1.190418086199712,0
5506,0,0,0,0,1,1,0,0,1,2,0,0,0,0,0,0,1,1,0,0,-1.7407394736847883,-0.5359007638998078,0
5507,0,1,0,0,1,1,0,0,1,1,2,0,1,1,0,0,0,0,0,2,0.7373268059648627,1.3976829519663345,0
5508,0,1,0,0,0,0,1,0,0,0,1,1,0,1,0,0,1,0,0,0,-1.850827123899732,-0.8761005844864574,1
5509,0,0,1,0,1,1,1,0,0,1,0,0,2,1,1,0,0,1,1,1,0.1613496011163784,0.48974540625167184,0
5510,0,1,0,0,0,0,1,1,0,1,0,1,1,1,1,0,0,1,0,1,-0.0482997552027635,0.33639127866546803,0
5511,2,0,1,0,0,2,1,1,0,1,1,0,1,0,0,1,1,0,0,1,1.6793185040474996,1.664911728582252,1
5512,0,1,0,0,0,2,0,0,2,0,0,0,0,0,0,1,1,1,1,1,0.1483286918479235,0.31638680773212197,0
5513,0,1,0,0,0,0,0,0,2,2,0,0,0,1,0,1,0,1,1,0,-0.5236772620512018,-0.5759604556669975,0
5514,0,0,0,0,0,0,0,0,0,1,1,0,1,0,0,2,0,0,2,1,-0.4437933967228564,-0.35030624946381095,1
5515,1,0,1,0,0,1,0,0,2,0,0,0,0,0,0,0,0,0,0,0,0.7630681390988958,0.6576859171020291,1
5516,0,0,0,0,0,2,0,0,1,1,1,1,1,0,0,1,1,0,2,0,-1.4598578000266111,0.43258196758141043,0
5517,0,0,1,0,1,1,0,0,2,1,0,0,1,0,0,1,1,1,0,0,-0.9366702996481386,-2.0510736625129766,0
5518,0,0,0,0,0,1,0,0,0,0,1,1,2,1,1,1,0,0,0,0,-1.0405936003534417,-1.4817097130524184,0
5519,0,0,0,0,0,1,0,2,0,0,0,2,1,2,0,1,1,0,1,1,-1.3009234992602712,0.4789056289879595,0
5520,0,0,0,0,0,0,0,0,1,1,1,1,1,0,1,1,1,2,2,0,2.0390476376453255,2.174818342096244,1
5521,1,0,0,0,1,0,1,0,0,1,1,1,1,0,1,1,0,1,2,1,0.5396334141324794,0.5209505463032258,0
5522,0,1,0,0,0,1,0,0,1,2,1,0,1,0,0,1,0,1,0,0,0.25398264246344315,0.06689383213915769,1
5523,0,0,0,0,0,2,0,1,1,1,1,1,1,0,0,2,0,0,1,0,0.21976571603568354,0.6368741770687241,0
5524,0,0,0,0,1,1,0,1,1,1,0,0,0,0,0,0,0,1,0,1,-0.49096200459475825,-0.8433048180728159,1
5525,0,1,0,0,0,0,0,0,1,1,1,0,1,0,0,0,2,1,1,0,-0.18141159545744207,-0.4406969972786593,0
5526,0,0,0,0,0,1,0,0,2,1,0,1,1,0,0,1,0,1,0,0,-0.4166026828899198,-1.2735929304569216,0
5527,0,2,1,0,0,0,0,0,2,0,0,2,0,0,1,2,0,1,1,0,1.1521243464331814,-0.891839443428604,0
5528,0,1,1,0,0,1,0,0,1,0,1,0,1,0,0,1,1,1,1,0,0.4555574768654866,1.1754260186876793,1
5529,0,1,1,0,0,1,0,1,1,0,2,2,1,1,0,1,1,1,1,1,0.016646992429157383,-0.8233478587533565,0
5530,0,0,0,0,0,1,0,0,0,1,1,1,1,0,0,0,0,0,0,0,-0.6821289906385507,2.4142629220638607,0
5531,0,0,0,0,0,1,1,0,1,0,1,0,1,1,0,2,0,0,1,1,-0.6152145709606011,-0.13971403607582664,1
5532,1,1,1,1,0,1,0,0,2,2,1,0,0,1,0,0,0,0,0,1,-0.2824499929751409,-0.14915043559413055,0
5533,0,0,0,0,0,0,1,0,1,0,0,1,1,1,0,1,2,1,2,0,-0.7419191895814924,-0.909550955382913,1
5534,0,1,1,0,1,1,0,0,2,1,0,1,1,1,0,0,1,1,1,0,-1.492418486537667,-1.4800517130149706,0
5535,0,0,0,0,1,1,0,0,2,2,1,0,0,1,0,1,0,0,1,0,0.4672511374191416,1.7760057057947285,0
5536,1,0,1,0,1,0,1,1,1,1,0,0,0,0,0,1,0,0,1,1,-0.3149360011596729,0.008218264892846106,0
5537,0,0,0,0,0,2,0,0,2,2,1,1,0,0,1,1,0,0,2,1,0.18879743824536827,1.0263655096874298,0
5538,0,0,0,1,0,1,0,0,1,1,0,0,1,0,0,1,1,1,1,0,-1.9257554746487544,0.018961977681193676,0
5539,0,1,1,0,1,1,0,1,0,1,0,0,0,1,0,1,0,1,0,0,-1.6234191718093929,-0.5966922784595015,0
5540,0,1,1,0,0,1,0,1,1,1,0,1,0,0,1,0,1,0,0,1,-0.21021614371857625,-1.2664463464470668,1
5541,1,1,0,0,0,1,0,1,2,1,0,1,1,1,0,2,2,0,2,1,-1.111478997985213,-0.30887401416713045,0
5542,0,1,2,0,0,2,1,0,0,2,1,0,1,1,0,0,1,0,0,0,0.8953722128938921,1.7980787875761015,0
5543,0,0,0,0,0,2,0,0,1,1,1,0,0,0,0,1,1,0,0,1,0.47241146525556516,-0.520358436782745,0
5544,1,0,0,0,1,1,0,0,2,1,0,1,1,0,0,1,0,1,0,1,0.6939198317897262,-0.1269204594721723,0
5545,1,0,0,0,1,2,0,0,1,1,0,0,0,0,1,1,1,0,1,1,0.09022791506922197,0.2313172976642614,0
5546,0,0,0,0,0,1,0,0,0,1,0,0,0,0,0,0,1,0,0,0,-0.7788806639586406,-0.29045502310268595,0
5547,0,1,0,0,0,0,0,0,1,1,1,0,2,0,0,0,0,0,1,1,2.6243777477795294,0.687418409896749,0
5548,1,1,1,0,0,2,1,0,1,0,1,0,1,1,0,0,0,0,1,0,0.5206041790573795,-0.6737803171296483,1
5549,0,1,1,0,0,2,0,0,0,1,1,1,1,0,0,0,0,0,2,0,-0.17741612778894686,-1.716668582785135,0
5550,0,1,0,0,0,1,1,0,1,0,0,1,1,0,1,0,1,1,0,0,0.15239578855972855,0.4825731003516456,1
5551,0,0,2,1,0,1,0,0,2,1,0,0,1,1,0,0,0,0,0,1,1.9514790994297355,2.4642076363323913,0
5552,0,0,1,0,0,1,0,0,2,0,0,1,2,0,0,1,0,0,0,0,0.5096922477100547,0.9895186780231012,0
5553,0,0,1,0,0,1,0,0,1,2,1,1,0,1,0,2,2,0,2,1,-0.5015096091221485,1.205095308733653,0
5554,1,0,1,0,0,1,0,0,0,0,0,0,2,0,0,2,0,0,0,1,-0.49397284605930614,0.4234621983473581,0
5555,0,1,0,1,0,0,1,0,2,1,0,1,1,0,0,2,1,0,2,1,-0.36912871133981495,-1.0382812461256872,0
5556,0,0,0,0,0,2,0,0,1,1,1,0,1,1,0,0,0,0,1,2,-0.7082245944813187,1.2756208791867978,0
5557,1,1,0,0,1,1,0,0,1,0,0,1,2,0,0,1,1,0,1,1,0.059498498131772215,-1.040221751127833,1
5558,0,0,2,0,0,1,0,0,1,2,0,1,0,1,1,1,0,0,2,0,0.034359832732491914,0.9427836450858612,0
5559,0,0,0,0,0,2,0,0,1,0,1,1,0,1,1,2,2,1,1,1,1.1729158117187783,-0.7940908855330141,0
5560,0,0,0,0,0,1,0,0,1,0,0,0,0,0,0,0,1,0,2,0,0.7144217465224886,-1.9167091233375357,1
5561,0,1,0,0,0,0,0,0,1,0,1,0,1,0,0,0,1,0,0,0,-1.5498808922829908,-1.973506273622598,1
5562,1,0,2,0,0,1,1,0,2,1,0,1,1,0,0,1,0,1,1,1,-0.11356078470022658,0.29708317069580703,0
5563,0,1,1,0,1,2,0,0,0,0,1,1,0,0,1,1,0,1,0,1,1.013651255934359,-0.4025199442865299,0
5564,0,1,1,0,1,2,0,1,0,1,0,0,0,0,0,1,0,0,1,0,-0.4374770722003544,-0.8031574046920701,0
5565,0,0,1,0,1,1,1,0,1,0,0,0,2,0,0,0,1,0,0,1,-1.6849700800606882,-1.3694488842955326,0
5566,2,1,0,0,0,1,0,0,1,2,1,2,1,0,0,1,2,2,0,0,0.5589109266596965,-0.9332327019524357,0
5567,1,1,0,0,1,0,0,0,0,0,1,1,0,0,0,0,2,2,0,1,1.050778132766966,-1.0252546700265168,0
5568,1,0,0,0,0,0,0,0,0,0,0,0,1,2,0,1,2,1,1,0,-0.38334414246232296,-0.3303589476505631,0
5569,0,1,1,0,0,0,0,0,0,0,0,1,1,0,0,1,0,1,1,1,1.1905435518056275,1.0472571147584846,0
5570,0,0,1,0,1,2,0,1,2,1,1,0,2,0,0,0,0,1,1,1,0.22280427735754182,0.06366738169674459,1
5571,1,0,0,0,0,1,0,0,0,0,1,1,1,0,0,2,1,0,1,0,1.351793232085979,1.0192783037184256,0
5572,0,1,1,1,0,1,0,0,0,1,0,1,0,1,0,1,0,1,0,1,1.345392371211257,2.1617042720467046,0
5573,0,0,1,0,0,1,0,0,2,1,0,0,0,1,0,0,0,0,0,1,1.7722086090419307,0.0047434990039109115,0
5574,0,1,1,0,0,1,0,0,2,1,0,0,0,0,0,0,0,1,2,0,-0.5240635179747564,-1.2417866314430954,0
5575,1,1,1,0,2,1,0,0,2,1,0,0,0,0,1,0,0,1,2,0,-0.8247318941514017,-0.5845807268909159,0
5576,0,0,0,0,0,1,0,0,2,0,0,0,2,0,0,1,1,1,0,1,1.338725227786224,0.056548061470646505,0
5577,0,0,1,0,0,0,0,0,1,0,1,0,1,0,1,2,0,1,0,1,0.9615868862880969,0.17897528472825944,0
5578,1,1,0,0,0,1,0,0,1,0,1,1,0,1,0,0,1,0,1,0,-0.22132950198658843,-0.77047215681047,1
5579,1,0,0,0,1,1,0,0,1,2,1,2,0,1,1,0,0,2,1,0,0.8252051642033579,-1.104316540183726,1
5580,0,1,1,0,0,0,0,0,0,0,0,1,2,0,0,1,0,0,0,2,-1.2302537044850708,-0.4855313473003842,0
5581,0,0,0,0,0,1,0,0,1,0,0,0,2,1,1,1,1,1,1,2,-0.04516536400463763,-0.9737288834157378,0
5582,0,1,2,0,0,1,0,1,1,2,0,0,1,0,0,0,1,1,0,0,0.7985985576631931,-0.11931435142068697,0
5583,0,0,0,0,1,0,0,0,0,1,0,1,2,0,0,1,0,1,2,0,-0.2812650123409769,1.4161470985499771,0
5584,1,0,1,0,0,0,0,1,1,1,0,1,1,1,0,0,1,0,0,1,-0.16399013148159525,0.75229734259876,0
5585,0,0,1,1,0,0,0,0,1,1,1,1,0,0,1,0,0,0,0,0,-0.343341382790585,-0.12679172623640916,0
5586,0,0,0,0,0,1,0,0,2,1,0,0,0,0,0,0,0,1,2,1,1.0083506668692792,0.5866894617052361,1
5587,0,0,1,0,0,0,0,0,1,0,0,0,0,2,0,1,2,1,0,0,0.12500252188334957,0.04426121845412469,0
5588,0,1,0,0,0,1,0,0,1,0,2,0,0,1,0,2,1,0,1,1,0.6599231916738882,1.0161043422476823,0
5589,1,0,2,0,1,1,0,0,2,2,0,1,0,0,0,2,0,1,1,1,0.9239722742552576,-0.04373583038975082,0
5590,1,0,0,0,0,1,0,0,1,0,0,1,1,1,0,0,0,1,1,1,1.382660900762488,0.5859726254237463,0
5591,1,1,0,0,0,2,0,0,0,0,0,2,1,0,0,1,0,0,1,0,-0.1728511408945625,0.09633452537386361,1
5592,0,1,2,0,0,1,1,0,2,0,1,0,2,0,0,1,0,0,1,1,0.9411202001759734,0.5976205495308525,1
5593,0,0,1,0,0,1,0,0,1,0,0,0,1,0,0,1,0,0,1,1,0.1519336593066621,1.8368187950097685,1
5594,1,0,1,0,0,0,0,0,1,0,0,0,0,0,0,0,0,0,1,0,-1.0203637181953744,-1.1375750924746963,0
5595,1,0,0,0,0,1,0,0,1,1,0,2,2,1,1,1,1,0,0,2,-0.2534472829787912,2.2693680218858794,1
5596,0,1,2,0,1,1,0,0,2,1,1,0,0,0,0,1,1,0,2,1,0.9274233357143254,1.788833498342161,1
5597,0,0,0,0,0,0,0,1,2,0,1,0,0,0,0,1,0,0,0,1,0.7314314899263011,0.4635999126132131,0
5598,1,0,1,0,0,0,0,0,1,0,0,1,0,0,0,1,2,0,0,2,0.4739230297153069,-0.5627038254985584,0
5599,0,1,0,0,0,0,0,1,2,2,1,0,0,0,1,0,0,0,0,0,2.9642982681060066,-0.38790109801960937,0
5600,1,1,2,1,0,1,0,1,1,1,1,2,1,0,1,1,2,0,1,1,1.1550838168436683,1.4688594348808555,0
5601,0,1,1,0,0,1,0,0,1,0,1,0,0,0,0,0,1,0,2,0,0.7485563804533313,-0.7968361219748687,0
5602,0,0,1,0,0,1,0,0,1,1,0,0,0,0,0,1,1,0,1,2,-0.4097581767293985,0.7962742415242883,0
5603,0,1,0,1,0,0,0,0,1,1,0,1,1,0,0,1,2,0,1,0,0.6598208480373695,0.5775271184083871,0
5604,0,0,1,0,0,0,0,0,0,1,0,0,1,0,0,0,0,2,0,0,-0.3026979708990271,0.14265809608879995,1
5605,0,0,1,0,1,2,0,0,2,2,1,2,1,1,1,1,0,1,2,2,0.2542292947731091,0.45769611411868827,0
5606,0,0,0,0,1,0,0,0,1,0,0,1,1,0,0,1,1,0,0,0,1.832689860831895,0.946318817986294,0
5607,0,0,1,0,0,0,0,0,0,1,1,0,1,0,1,0,0,1,1,0,0.9786258878825392,-0.372692000265304,0
5608,0,0,0,0,0,0,0,0,0,0,0,0,0,0,0,2,1,0,1,2,-0.019829559690894658,0.11825506628250038,0
5609,0,0,1,1,0,1,0,0,1,1,1,0,1,0,0,1,0,0,0,0,0.2624293882501281,0.3124704742092058,1
5610,0,0,1,0,0,2,0,0,2,1,1,1,2,0,0,0,0,2,1,0,0.47849104034550494,-0.3296310203380501,0
5611,0,1,0,0,0,2,0,0,1,0,0,0,1,0,0,1,2,0,1,1,-0.06897981611639323,0.32645643347727715,0
5612,0,1,1,0,1,1,1,0,0,0,0,1,1,0,0,0,1,1,1,2,0.6443536245259289,2.032047152958313,0
5613,0,1,1,0,1,1,0,0,2,1,0,1,1,1,0,1,2,1,0,1,0.12604032889613823,0.6304201690652789,1
5614,0,0,0,0,0,1,0,0,0,0,1,1,1,0,0,0,1,0,1,1,1.2700812416412772,0.43849991235050545,0
5615,0,0,0,0,0,1,0,0,0,1,1,0,0,0,0,2,0,0,0,0,1.9395136591090423,0.682260137133345,1
5616,0,0,1,0,0,1,1,1,0,2,0,1,0,0,0,2,1,2,2,0,2.8408152186796425,2.628886815766922,0
5617,0,0,0,0,0,2,0,0,0,1,0,1,1,1,0,0,0,1,0,0,-0.18560634350790084,0.16063966166887778,1
5618,0,0,1,0,1,2,0,0,1,0,0,1,1,0,0,1,0,0,0,1,0.38949264784368387,-0.22328359835746342,0
5619,0,0,0,1,0,1,0,0,1,1,1,1,0,1,2,1,0,1,1,2,1.4554068767971036,1.8277889596603039,0
5620,1,0,2,0,0,0,0,0,0,1,0,0,2,0,0,1,1,2,0,1,-0.013622691786224475,0.04389500910211257,1
5621,0,1,1,0,1,0,1,0,0,0,0,1,0,0,0,0,2,0,2,0,1.1597287900828883,-0.6196475791947584,0
5622,0,2,0,0,0,0,0,0,1,1,0,0,0,1,0,0,1,2,1,0,0.10260475697719601,1.619755008287783,1
5623,1,1,2,0,0,2,1,0,2,1,0,1,0,1,0,1,0,0,0,0,0.06626317831381409,-0.5312544707091377,0
5624,0,2,1,0,0,2,0,0,1,2,0,2,1,0,0,0,1,0,0,0,-0.5806487396027489,-1.6655957784710913,1
5625,1,1,0,0,0,1,0,0,0,0,0,0,2,0,1,0,0,1,0,0,-1.0437858736459826,-1.8798421232358205,0
5626,0,0,0,0,0,1,1,0,1,0,0,0,1,0,1,1,2,0,2,1,0.6354423442525362,1.0525733532423316,0
5627,0,0,2,0,0,2,0,1,0,0,0,0,1,1,0,0,1,0,0,1,-0.026945229818299773,0.4003837656833715,0
5628,0,1,0,0,0,0,0,0,0,1,1,1,2,0,1,2,1,1,0,0,0.5758197711125423,0.03845535451290913,0
5629,1,0,1,0,0,1,1,1,2,1,0,1,0,0,1,0,1,2,0,1,1.061931204806091,0.24093680166452386,0
5630,0,1,0,0,1,1,1,0,1,0,0,1,1,0,0,0,0,2,1,0,-0.2924612751775643,-0.09031016249871893,0
5631,1,1,0,0,0,1,0,0,1,0,1,0,1,1,0,1,1,0,1,0,-0.4231301264983559,-0.4771206636366311,0
5632,0,1,1,0,0,1,0,0,1,1,0,0,0,0,0,1,1,0,2,0,0.033582575788274935,0.09731413339822367,0
5633,0,1,1,0,0,1,0,0,2,0,1,0,0,0,0,0,1,0,2,0,0.6901448695828559,0.1274778251998095,0
5634,0,2,1,0,0,0,1,0,0,1,1,1,0,1,1,1,1,1,1,0,-0.23303705363303165,-2.5069696846470095,1
5635,0,2,1,0,1,0,0,0,1,1,1,0,0,1,1,1,0,0,1,1,-0.7576926495432106,0.27372879493310703,1
5636,0,0,1,0,0,2,0,0,1,1,0,0,1,0,0,1,0,1,1,1,1.6600506438832725,1.329853907772141,0
5637,0,0,0,0,0,0,0,0,1,1,0,0,1,0,0,0,1,0,2,0,1.9536091769146726,1.3429787381820941,1
5638,0,0,2,1,0,0,0,0,1,1,1,1,1,0,0,1,0,2,0,0,-0.28130563927433194,-0.03991056176419311,0
5639,0,0,0,0,0,0,0,0,0,0,1,1,0,1,0,0,1,0,0,0,0.09994708233292968,-1.4825501063026731,0
5640,0,0,2,0,1,1,0,0,1,0,1,2,0,0,0,2,2,0,0,0,2.0276155874712813,-0.4140946840626901,0
5641,2,1,2,0,0,0,1,1,1,1,0,0,1,0,0,2,2,1,0,1,0.40693323875226495,1.4803650498912766,1
5642,0,0,0,1,0,1,0,0,0,0,0,0,1,0,1,0,0,1,0,1,-2.085507004808658,-0.9306886084269934,0
5643,0,2,0,0,0,0,1,0,2,0,1,1,0,0,1,0,1,1,1,1,-0.20387656905682014,-0.9385690053426897,1
5644,0,1,0,1,0,1,0,0,0,1,0,0,0,1,0,1,0,0,0,1,-1.1070633042142763,-0.8367395575995938,1
5645,1,0,1,0,0,0,0,1,2,1,0,0,2,0,0,1,0,0,1,1,0.719641977408585,-0.2045177779468333,0
5646,0,0,1,0,0,1,0,0,1,1,0,1,1,0,2,1,1,0,0,1,0.9454992766802041,0.32731108425945,0
5647,0,0,1,0,0,2,0,0,1,1,1,1,1,0,1,0,0,0,1,0,-0.31705453610704576,0.6859078732885674,0
5648,0,0,0,1,0,1,0,0,1,0,1,0,1,0,0,0,0,0,1,0,-1.4522798734291062,0.2929520955325706,0
5649,1,1,0,0,0,1,0,0,1,2,0,0,2,1,0,1,1,0,1,2,0.05533284609712106,-0.3348689927781581,0
5650,0,0,0,0,0,1,0,0,1,0,1,1,1,1,0,2,0,0,0,0,-0.20786396185994843,0.6337587081513276,0
5651,0,0,0,0,1,1,0,0,2,1,1,1,1,1,0,1,0,1,1,0,-0.5131884390329378,-0.5144817581085273,0
5652,0,0,0,0,0,1,0,0,1,0,0,2,0,1,0,0,1,1,0,0,2.2568313015518995,1.8728847153856985,0
5653,0,1,1,0,0,0,0,0,0,0,0,0,0,0,1,1,1,0,1,1,-0.17341564782180066,0.3726511040226351,0
5654,0,1,2,0,0,1,0,1,2,1,0,2,1,0,0,0,1,0,1,0,-0.25744574584957564,-2.39475433619196,0
5655,0,0,1,0,1,1,0,0,2,1,1,1,0,0,0,2,1,0,0,0,-0.6547563611901975,1.3212638372367782,0
5656,0,0,0,0,1,1,0,0,1,0,0,0,0,1,0,2,0,0,1,0,1.3592321919271175,0.6634141469261311,1
5657,0,0,0,0,0,2,0,0,2,1,0,1,0,0,1,0,1,1,2,1,-1.6100660974477499,0.9914379299811459,1
5658,1,0,1,0,0,0,0,0,0,1,0,1,1,0,0,0,2,0,1,1,-1.3017772849342915,0.6402563945882838,1
5659,0,0,0,0,0,0,1,0,1,1,1,1,1,0,0,1,0,1,2,2,0.35593743770988756,0.023053238490143735,0
5660,0,0,1,0,0,0,0,0,1,1,0,0,0,0,1,2,0,0,2,0,-0.7682158621648102,-0.43754202735367714,0
5661,0,0,0,1,0,2,0,0,1,2,0,1,0,1,0,1,1,1,0,0,1.289629360855224,1.2333089079990374,0
5662,0,1,0,0,0,0,0,0,2,1,1,0,0,0,1,1,0,1,2,0,-0.7753616511149719,-1.1007231870075695,1
5663,0,1,0,1,0,1,0,0,2,0,0,0,1,0,0,0,1,0,0,0,-0.7318485148769335,0.4865023038891416,1
5664,0,1,2,0,1,1,0,0,0,1,0,0,1,1,0,0,0,2,1,0,1.0148094250053343,0.8442554846754988,0
5665,0,0,1,0,0,1,0,0,1,1,1,1,0,0,0,0,2,0,0,1,0.6456311800508632,-1.6769120173777132,1
5666,0,1,1,0,0,1,0,0,1,2,0,0,1,0,0,1,0,2,1,1,-0.4625911705989835,0.7209645493932653,0
5667,0,1,0,0,0,1,0,1,0,1,0,0,1,1,0,1,2,1,0,1,0.36539369949160727,0.35259906480535025,1
5668,0,0,1,0,0,0,0,0,1,0,0,1,1,1,0,1,0,0,1,0,0.5919197203628389,0.7760597955765358,0
5669,0,1,1,0,0,1,0,0,1,1,2,1,0,1,0,1,1,0,0,2,-0.9192600420087714,-0.6299737431253447,1
5670,0,0,1,0,0,1,0,0,2,2,1,1,0,1,0,1,1,0,1,1,-1.4428967521850915,-2.23189160743721,0
5671,0,0,0,0,0,2,0,0,2,0,1,0,1,0,0,0,2,0,1,1,0.4428333731421686,-0.8830330833648036,0
5672,0,2,0,0,0,1,0,0,2,0,0,0,1,0,1,0,2,1,0,1,0.48314571411299956,-0.9645226313921795,0
5673,0,1,1,0,0,1,0,0,0,0,1,1,1,1,1,0,2,1,0,0,-0.1483240978793607,-0.20095076691418845,0
5674,0,1,2,0,0,0,0,0,1,2,1,0,1,0,0,0,0,0,1,0,-1.2650984137640975,0.1469324734380293,0
5675,0,0,1,0,0,1,0,0,2,0,1,1,2,0,0,1,1,0,1,1,1.1500848013203189,-0.028454877400789474,0
5676,0,0,0,1,1,1,0,0,0,1,1,1,1,0,0,0,1,1,1,0,-2.2633187495093874,-1.3497800485659182,0
5677,1,2,1,0,0,2,0,0,2,1,1,0,0,0,0,1,2,0,1,0,-1.305055523099383,-1.6267718323084315,0
5678,0,0,0,0,0,0,0,0,1,1,1,0,0,1,0,1,1,1,1,0,-0.7495853886132949,0.9704535476913159,0
5679,0,1,1,0,0,0,0,0,0,0,1,1,1,0,1,1,1,1,0,1,0.4180646939897687,1.8986576461873401,0
5680,1,2,0,0,0,0,0,0,0,1,0,1,2,1,0,2,0,1,1,0,0.6008221477645624,0.7445873828590575,1
5681,2,0,0,0,1,0,0,0,1,1,0,0,1,0,0,1,1,0,1,0,2.5001110842385845,1.62202556084888,0
5682,1,0,1,0,0,2,0,0,1,0,1,1,1,0,1,0,1,0,2,1,0.5351232949324473,1.095357428523705,0
5683,0,0,0,0,0,2,0,0,0,1,1,1,0,1,0,0,1,0,1,1,0.14172351154939475,-0.4123534616506175,1
5684,0,0,1,0,0,1,0,0,1,2,2,1,0,0,0,0,1,0,1,1,-0.8566345857123514,0.2643131889390512,1
5685,0,0,1,0,1,1,0,0,2,0,0,1,1,1,0,1,1,1,1,0,0.35630004647646873,-2.2616312260042255,0
5686,1,1,1,1,0,1,0,0,1,0,1,1,1,1,1,1,0,1,0,0,-0.016803569935828325,-0.3987487658335638,0
5687,0,0,1,0,0,2,0,0,1,0,0,1,2,0,0,0,0,0,0,1,-0.2441425332255034,-0.5927596811288897,1
5688,1,2,1,0,1,1,0,0,0,0,1,0,1,1,0,0,0,1,2,0,-1.1692447077927306,-1.8460938125445259,0
5689,0,0,0,0,0,0,0,0,0,0,1,0,1,0,0,2,0,2,0,1,-0.46001320901347936,-1.5660921086393695,0
5690,1,0,1,1,0,0,0,0,1,1,1,0,0,0,0,0,1,1,0,0,-0.9875716432052261,0.7174915228556676,1
5691,0,1,1,0,1,1,0,0,1,0,0,1,1,0,0,0,0,0,1,0,-0.9726140884798556,-0.6556803390945874,0
5692,0,1,1,0,0,2,0,0,1,1,2,0,2,0,0,1,1,2,1,1,-0.06666780033535864,-0.7480077317695245,0
5693,0,0,0,0,0,0,0,1,1,1,0,1,0,0,0,1,1,1,1,0,-0.44913269009946943,-1.4265003488938046,0
5694,1,2,1,0,1,1,0,0,0,1,0,1,2,0,0,1,1,0,0,0,-1.0023455934829255,-0.642411851396548,0
5695,0,1,1,0,0,1,0,0,2,1,1,1,0,0,0,1,1,1,0,0,-0.07392665267294908,-0.07523658804404237,0
5696,0,1,0,0,0,0,0,0,1,1,1,0,1,2,0,1,1,1,1,0,-0.02230779569842358,-1.2113024929147407,0
5697,0,0,2,0,1,1,0,0,1,0,0,0,0,0,1,1,1,1,1,1,-0.28081449722111185,-0.31373400587682787,0
5698,0,1,0,0,0,1,0,0,0,1,0,0,0,0,0,1,2,1,2,0,0.8573734634243866,0.17348138088494608,0
5699,1,1,0,0,1,1,0,0,1,1,0,0,1,0,0,0,2,1,1,0,1.220952491128844,-0.4099567282595832,0
5700,1,1,0,0,1,2,0,0,1,0,1,0,1,0,0,1,1,2,1,0,0.3211182804488925,0.9174287378514995,0
5701,1,1,1,0,1,0,0,0,0,1,1,1,0,0,0,0,2,1,0,1,0.49513385377963187,-0.0037340913494988692,1
5702,0,0,0,0,1,2,0,0,0,1,0,2,1,1,0,0,1,0,1,0,1.0609376110224662,2.116316588893074,0
5703,0,0,0,0,0,1,0,1,1,0,0,0,0,0,0,1,1,0,2,1,-0.8650683904482797,-0.05169447586688729,0
5704,0,2,1,0,0,1,0,0,1,0,0,0,0,0,1,0,1,1,0,0,0.46543589132006497,-0.002697967882538732,1
5705,0,1,0,0,1,0,2,0,0,0,1,0,0,0,1,0,0,0,0,1,-2.2078006335214333,-0.9762829272723772,0
5706,0,0,0,0,0,1,0,0,2,1,0,1,1,0,0,0,1,0,0,1,0.20880502763066916,0.4241878688793167,1
5707,0,1,1,0,0,1,0,0,0,0,1,0,2,0,1,0,0,1,0,1,1.069195569390637,0.08874571685052085,0
5708,0,0,0,0,0,1,0,0,1,0,0,1,0,1,1,0,1,0,1,0,-0.28619797315558637,-1.2935154686511359,0
5709,0,0,2,1,0,2,0,0,2,0,0,0,1,0,0,0,2,0,0,0,0.2084534811500053,1.0157679985590395,1
5710,1,1,1,0,1,2,0,0,1,1,1,1,1,0,2,2,1,0,2,2,0.8713635703562833,0.06771661901302439,0
5711,0,0,1,0,0,0,0,0,1,0,2,1,1,0,0,1,0,1,2,0,0.11934066570142561,0.9791363627811565,0
5712,0,1,0,0,0,1,0,0,1,0,0,0,0,0,0,1,0,0,1,1,0.7151366430381618,0.08310839496628747,1
5713,1,1,1,0,0,2,0,1,2,0,0,0,1,0,0,0,2,0,1,0,0.774633828892741,-1.6049446053394276,1
5714,0,1,0,0,0,0,0,0,1,0,0,0,0,1,0,1,0,0,2,0,-0.5251555442296044,-1.612555571314445,0
5715,0,1,0,0,2,0,0,0,2,2,0,0,0,0,0,1,0,1,2,1,-0.6079286034561011,-0.26446572920937855,1
5716,0,0,0,0,0,2,1,0,1,1,1,1,1,0,2,0,0,0,0,1,0.9297116783773154,-0.30013425890796175,0
5717,0,1,0,1,0,2,0,0,1,1,0,0,1,0,0,0,0,1,0,1,0.6134643411726435,0.807853681114032,1
5718,0,0,1,0,0,1,0,0,1,0,0,1,0,0,0,1,0,1,0,0,0.9109888739007078,0.677857229030354,0
5719,0,0,2,0,0,2,0,0,2,0,0,1,1,0,0,0,0,0,0,0,-1.18450622023718,-1.3153977683691631,0
5720,1,0,1,0,0,0,0,0,0,1,0,0,0,0,0,0,1,0,2,2,-1.4361484009603187,-0.6785372048691636,1
5721,0,0,1,0,0,1,0,0,1,0,0,2,1,0,0,0,1,1,1,1,-0.920640177123329,-0.05248850012731532,1
5722,0,0,1,1,0,2,0,1,0,0,0,1,1,1,0,2,1,0,0,0,1.4045565018513049,0.734964149923208,0
5723,0,0,0,0,0,1,0,1,1,0,1,2,1,0,0,0,1,0,1,0,-0.30681477548450126,0.13972030639429656,0
5724,0,2,0,0,0,0,0,0,1,0,1,0,1,0,0,1,0,0,0,1,0.06361774600183837,1.565359683219037,0
5725,1,2,0,0,0,2,1,0,1,0,1,1,0,1,0,0,0,1,1,2,-0.6350915786534918,-1.9033861983942626,0
5726,0,1,0,0,0,2,0,0,2,0,2,1,1,0,0,2,0,0,1,0,-0.5551427582258098,0.03673440994814681,1
5727,2,0,0,1,0,0,0,1,0,0,0,0,0,1,0,1,2,1,1,2,1.453686812070717,-0.25411394660757036,0
5728,1,0,0,0,0,1,0,0,1,0,1,0,1,0,2,0,1,1,0,0,-1.6408116343107468,-1.8354586249822096,0
5729,0,1,1,1,0,1,0,0,2,1,0,2,0,1,0,1,1,1,1,1,0.3974172698892608,0.10571794584907618,0
5730,1,0,1,0,1,1,0,0,2,1,0,1,0,0,0,1,0,1,1,0,-0.08545502193702602,-1.765611245088101,1
5731,0,0,2,0,0,1,0,0,0,1,1,1,0,0,0,2,0,1,0,0,-1.917210333414125,-0.16299065102962274,0
5732,0,0,2,0,0,1,0,1,0,1,0,0,1,0,0,1,1,0,0,0,0.2560726198372303,0.5996382844057271,0
5733,0,1,1,0,0,1,0,0,1,2,0,0,1,0,0,1,2,0,1,0,-0.636656876376272,-0.7700940638177283,0
5734,0,1,0,0,0,1,0,0,1,0,1,1,1,1,0,0,1,0,1,1,-0.8559902716894209,-2.2702247185590063,0
5735,0,0,0,0,1,2,0,1,2,1,0,2,1,0,0,0,1,1,2,2,-0.46148489767331335,0.4363367413684676,0
5736,0,1,0,1,0,2,0,0,2,1,0,0,2,1,0,1,1,1,0,0,0.35898278553200547,-0.353569477677317,1
5737,0,0,0,0,1,0,0,0,1,0,0,1,1,0,1,1,1,1,1,0,0.2172540603294467,2.0390282767728047,1
5738,0,1,1,0,0,2,0,0,1,1,1,0,1,0,0,2,1,1,2,0,-0.9896237268078557,-1.2418683229275236,1
5739,1,2,1,0,0,0,0,0,1,0,0,1,0,0,1,1,1,0,2,0,0.03534122494718139,1.4727631472538285,0
5740,0,0,0,0,1,1,0,1,1,1,1,1,1,0,0,1,0,1,1,0,2.430478743220949,-0.10463536095435699,0
5741,0,1,1,0,0,1,0,1,0,0,1,0,2,0,1,0,0,1,1,0,0.5709530846869874,0.7619583226531299,0
5742,0,0,0,1,1,1,0,0,0,0,1,1,0,0,0,1,0,0,1,0,0.01310375724127305,0.6044000194659613,0
5743,0,1,2,0,0,1,0,0,1,1,0,0,2,0,0,0,0,0,1,0,-0.2600706933208239,1.13644414974152,0
5744,0,1,1,0,0,2,1,0,1,0,1,1,0,1,0,1,1,0,1,0,-1.7629061217867772,-0.2913328859683513,0
5745,0,1,2,0,0,2,0,0,1,0,0,1,1,0,1,0,0,0,0,0,-0.13364242005574806,-2.018703732736021,0
5746,1,0,0,0,0,1,0,0,1,0,0,1,0,1,0,0,0,1,1,0,0.39656469060160265,1.7295163448946644,1
5747,1,0,0,0,0,1,0,0,1,1,0,1,1,0,0,0,2,1,1,1,-1.3717178263052479,0.5660602996666229,0
5748,1,0,0,0,0,0,0,0,2,0,1,0,0,0,1,1,1,1,2,1,0.17595657463921177,0.6997013634434754,1
5749,0,1,0,0,1,0,0,0,0,0,0,1,1,0,0,0,0,0,0,0,0.3142961216840871,0.4924787838787134,1
5750,0,0,1,0,1,0,0,0,2,1,0,0,1,0,0,0,0,1,1,0,-0.642047920106046,-0.019089470776435857,0
5751,0,1,1,0,0,1,0,0,1,1,1,0,0,0,0,1,0,0,2,0,-1.3070199392275124,0.7807876999551391,1
5752,0,1,0,0,0,2,0,0,1,0,0,0,1,0,0,0,2,1,1,1,-1.3366532147486065,-1.689363068555609,1
5753,0,0,0,0,1,1,0,0,1,1,0,0,2,0,0,2,1,0,1,1,0.012307107740063234,0.1618151774787453,1
5754,0,0,1,0,0,1,0,0,0,1,0,0,1,0,0,0,1,1,0,0,-0.9193449726927242,-0.9496028831244261,0
5755,0,0,1,0,0,0,0,1,2,0,2,0,1,1,0,0,1,1,2,0,-0.7876012715391218,-1.3254052147230837,0
5756,0,0,0,0,0,0,0,0,1,0,0,0,2,0,0,2,0,0,0,1,-1.326326684931955,-0.9943280108718623,0
5757,0,1,0,0,1,0,0,0,1,1,0,0,1,2,0,2,0,0,0,1,-0.06449495714153172,0.1538904209520855,1
5758,1,1,1,0,0,2,1,0,2,2,0,1,1,0,0,0,1,0,0,0,1.132662400003181,0.443307301938179,1
5759,1,0,1,0,0,1,1,0,1,0,1,0,0,0,1,0,0,1,1,1,1.2431103740652962,0.9502129895630007,1
5760,0,0,1,0,0,1,0,0,2,1,0,1,0,1,0,1,0,0,1,2,0.8135177072135646,-0.32624373985575295,0
5761,1,0,0,0,0,1,0,0,2,2,0,1,0,1,0,1,0,2,2,0,0.5416555206076543,0.5709769107817892,0
5762,0,1,0,1,0,1,0,0,2,0,0,1,2,0,1,1,1,2,0,0,-0.7736934788003293,0.5676464534847223,1
5763,0,0,1,0,0,2,1,1,1,2,1,0,0,0,0,2,1,2,1,0,-0.8013911659084744,-0.2523120754526989,0
5764,0,0,1,0,0,2,0,0,1,1,0,1,0,1,0,1,1,1,1,1,-0.3900929441765845,-0.3549862658755697,0
5765,0,1,0,0,0,0,0,0,0,0,1,0,0,0,1,1,1,0,1,2,0.19353586599109945,1.1131452999278337,0
5766,0,1,0,0,1,2,0,0,1,1,0,0,1,0,0,1,1,0,0,0,-0.37472448109025064,-1.0863677743350857,0
5767,0,0,1,0,1,2,0,0,0,0,1,2,1,0,0,0,1,1,2,0,0.5200130112245592,0.8776421094526905,1
5768,0,2,0,0,0,2,0,0,2,0,1,1,1,1,0,0,1,1,2,1,-0.11500790465646961,-1.1430455641433468,0
5769,0,0,1,0,0,0,0,0,0,1,0,1,2,0,1,1,0,0,0,0,1.392166249323066,-0.12372021732294147,0
5770,0,1,0,0,0,1,0,1,2,1,0,1,2,0,1,0,1,0,0,0,0.6538997682847454,1.0420204578854115,0
5771,0,1,0,1,0,2,1,0,1,0,0,1,0,0,0,2,0,1,1,1,0.038440781588415976,0.4133927374953027,0
5772,0,0,1,0,1,2,1,0,2,2,0,0,0,0,1,1,1,0,1,1,0.5276567737266931,0.6479526249969629,0
5773,1,0,0,0,0,0,0,0,1,1,0,0,0,1,0,2,0,1,2,1,-0.07053878907482375,0.7192296364962928,1
5774,1,0,0,0,0,2,0,1,0,1,0,0,0,1,0,0,1,0,1,1,-0.5860020843827175,-1.8485622803364874,0
5775,1,0,0,0,0,1,0,0,2,0,0,0,1,0,0,1,0,0,2,0,0.484238200201318,-0.07296907833344307,0
5776,0,0,1,0,0,2,0,0,2,0,1,1,0,0,1,0,0,0,1,1,-0.5494447045943469,-0.21735973359945285,0
5777,0,1,1,0,0,1,0,0,1,0,0,0,0,0,0,1,1,1,1,0,1.2796236856648766,1.6012255917791987,0
5778,0,2,1,0,0,0,0,1,1,0,0,1,1,0,0,2,0,1,1,1,-0.6225749585462955,-0.27375072313709004,0
5779,0,0,1,0,1,1,0,0,2,1,1,0,0,0,0,1,2,0,2,1,-1.1549483491156547,-0.4408111146917548,1
5780,0,1,1,0,1,0,0,0,1,1,0,0,1,0,0,1,0,0,1,0,0.272320248084295,0.2018040628688026,0
5781,0,0,2,0,0,1,1,0,0,1,0,2,1,1,0,2,1,0,1,0,0.6097602496206415,1.6627492813069755,1
5782,0,0,1,1,1,1,0,0,0,0,0,0,0,0,0,2,0,1,0,0,-1.862074622324486,0.5793420793315025,0
5783,1,1,0,0,0,0,0,0,1,0,1,1,1,0,0,1,1,1,0,0,1.4105539158388665,-0.2691322095791706,0
5784,0,1,1,0,0,0,0,1,1,1,1,0,1,0,0,1,1,0,0,1,1.9584062814936603,1.1759540855849504,1
5785,1,1,0,0,1,0,0,0,1,2,0,1,0,0,0,1,0,1,0,1,0.5091995102118664,0.540619439412739,0
5786,0,0,0,0,0,1,0,1,0,1,1,0,0,0,1,1,0,1,1,0,-1.1086812358374167,-0.4122844118056591,0
5787,0,0,2,0,1,0,0,0,0,0,0,1,2,0,1,0,0,1,1,0,-0.1924246781897605,-0.6362640820126251,0
5788,0,0,1,0,1,0,0,1,2,0,0,2,2,0,0,0,1,0,1,0,-0.2059571044061657,-0.47248001368741566,0
5789,0,1,1,0,0,2,0,0,2,1,1,1,0,1,0,0,1,0,0,1,1.3234101719709999,-0.2491310976931977,0
5790,1,2,1,0,0,2,0,1,0,0,0,1,1,0,1,1,0,2,0,1,1.5174303995088272,-0.5443291172968668,0
5791,0,0,0,0,0,1,0,0,1,1,2,1,0,0,0,0,0,0,0,2,0.4875966551510359,-0.5547406860894983,1
5792,1,0,0,1,0,2,0,1,1,1,1,0,0,0,0,0,0,1,1,1,1.912405192383227,-0.7032110757051373,0
5793,0,1,2,0,1,0,1,1,0,1,0,0,1,0,1,0,0,0,1,0,-0.9833224921206988,-0.14003818425060477,0
5794,0,1,1,0,0,1,0,0,1,2,0,0,1,1,1,0,1,0,1,1,-0.16471200048168294,-0.14145396193403853,0
5795,0,1,0,0,0,1,0,0,1,1,0,2,2,0,0,1,2,0,0,0,0.2175364619127647,-1.7484040821293616,0
5796,0,1,0,0,0,1,0,1,2,0,1,1,0,0,0,1,0,2,2,1,-0.22996836448529243,0.3682212749233347,0
5797,0,2,0,0,0,1,0,0,0,1,1,0,1,2,0,2,1,0,0,1,-2.679516507519262,-0.9115303421378184,1
5798,0,2,1,0,1,0,0,0,2,0,0,0,0,0,0,1,2,0,0,0,-0.9006740692457523,-0.6027260582196157,0
5799,0,0,0,0,0,1,1,1,0,0,0,0,1,0,0,2,0,0,1,1,0.7095362741957733,0.08980619267696022,1
5800,0,1,0,0,0,2,0,0,0,0,0,0,1,0,2,1,0,0,2,1,-0.03682353946807745,1.8424731133590464,0
5801,0,1,0,0,0,0,0,0,1,0,0,0,0,0,0,1,1,1,0,1,-1.5189183183520258,0.36217396985370554,0
5802,0,0,0,0,1,1,0,1,1,1,0,0,1,1,0,0,0,1,1,1,-1.2000654888014197,-0.2067270691023968,0
5803,0,1,1,0,1,0,0,0,0,1,1,1,1,1,0,2,1,0,0,2,-1.2573486838284418,0.19511166591841822,0
5804,0,1,1,0,0,1,0,0,1,0,1,1,0,1,0,1,1,1,0,1,1.0509006005495147,-0.033933255717830346,0
5805,1,1,0,0,0,1,0,0,1,0,1,1,1,0,1,0,1,1,1,0,0.22763047157421093,-2.3307839903808047,0
5806,1,0,1,0,0,2,0,0,1,0,1,0,0,0,0,1,0,0,1,0,0.18643358333918894,-0.10627841040790727,1
5807,0,2,0,0,0,1,0,0,1,2,0,0,1,0,0,0,0,0,2,1,-0.889269893029932,0.005903266499047322,0
5808,0,0,0,0,0,0,0,0,1,1,1,1,1,0,0,0,1,0,1,0,0.5203262481974331,-2.8001242346585786,1
5809,0,0,1,0,0,1,0,1,1,0,1,0,0,0,0,1,1,0,1,0,0.8795191693679145,-0.7692479711947698,0
5810,0,1,0,0,0,0,1,0,1,1,0,1,1,1,1,2,1,0,2,1,-1.1243952213829522,-0.3913278166187254,1
5811,0,1,0,0,0,1,0,0,1,0,1,0,1,0,0,0,2,0,1,0,0.33424812191289394,0.6129699077737173,0
5812,0,0,1,0,0,1,0,0,2,0,1,1,0,0,0,1,1,0,0,2,-0.40797695944969203,-1.45766581259407,0
5813,0,1,1,0,1,1,0,0,1,0,0,1,0,0,0,2,0,0,2,2,-0.2727462027918334,-0.05479718014635643,1
5814,0,0,0,0,1,1,0,0,0,1,0,0,0,0,0,1,0,0,1,1,0.09181622212402557,0.4605292762001951,1
5815,1,0,0,0,0,0,1,0,0,0,1,0,0,0,0,1,0,0,1,1,0.44335042473073183,-1.0384302465824518,0
5816,1,0,1,1,1,1,0,0,1,0,1,1,1,0,1,0,1,1,2,1,-1.3479248135573043,-1.1330096953268778,0
5817,0,1,1,0,0,2,0,0,1,1,0,1,1,0,0,0,1,1,2,0,-1.4320922681832973,0.2167461747130195,1
5818,0,0,1,0,0,0,0,0,1,1,0,1,1,0,0,1,1,2,2,2,2.188522018192303,2.106115835918218,1
5819,0,0,0,0,1,2,0,0,1,0,1,2,1,0,0,0,0,1,1,2,0.6620714795521399,1.107743076453377,1
5820,1,0,1,0,0,0,0,0,2,0,0,1,0,0,1,1,1,1,1,0,0.467968672032698,0.4465872479732948,0
5821,0,1,1,0,0,1,0,0,1,0,2,1,1,1,0,1,1,1,1,2,0.06130235030948275,0.2795842640004138,0
5822,0,0,0,1,0,1,0,2,0,1,1,0,1,0,0,0,1,1,0,0,-0.9342179545194458,-0.4840103778003063,1
5823,0,1,0,0,0,1,0,0,0,1,1,1,0,0,1,0,0,1,1,1,0.17206132744653768,0.3954512626401294,1
5824,0,0,0,0,1,1,0,0,1,1,0,0,2,0,0,2,2,1,2,2,0.8874894623697738,-0.46057127346546545,1
5825,1,1,1,0,0,1,0,0,0,0,0,0,1,0,0,1,1,2,1,0,0.5979964433572421,1.9015937438704464,1
5826,0,0,0,0,0,1,0,0,0,1,0,1,1,2,0,1,1,0,0,2,1.6057836130445493,2.1914836373086706,1
5827,0,0,1,0,0,0,0,0,0,2,1,1,1,0,0,1,0,1,1,0,0.801557410676669,1.0293953972466443,0
5828,1,0,0,0,0,1,1,0,1,0,0,0,1,0,1,0,0,1,2,0,0.5615990877959551,0.1588968997873499,0
5829,1,0,0,0,0,1,0,1,2,2,0,1,1,0,0,0,1,0,0,2,-0.9238145167101078,-0.3493813484678945,0
5830,0,1,1,0,0,1,0,0,1,0,1,0,0,1,0,0,1,1,1,0,-0.9059020811566598,0.5797352879127486,1
5831,0,0,2,0,0,0,0,0,1,1,0,0,0,0,1,1,1,0,2,1,-0.8458631888071693,-0.06407790342575365,0
5832,1,0,1,0,0,1,0,0,0,1,0,0,1,0,1,0,1,1,1,1,-1.2499275323054586,-0.8287485624860074,0
5833,0,1,0,0,0,0,0,0,1,2,0,0,1,1,0,0,0,1,0,1,1.6436952071960413,0.6729806318535799,1
5834,0,0,0,0,0,1,0,0,1,1,1,0,1,0,0,2,1,1,0,1,0.10269625445602666,0.18773859414672417,0
5835,0,0,1,0,0,0,0,0,1,0,0,0,1,0,0,0,0,0,1,0,-1.4982845591424412,-1.6149816955167497,0
5836,0,1,1,1,1,2,0,0,1,2,0,1,0,0,0,2,0,1,0,0,-0.06840504303861297,0.7197978946450255,0
5837,0,0,0,0,1,1,0,0,0,1,0,1,1,0,0,0,2,0,0,1,-0.3768705054953047,0.3076125634349582,0
5838,0,1,0,0,0,1,0,0,2,0,1,0,1,0,0,2,0,1,1,1,-0.18868004852102957,-0.8566509162775895,0
5839,1,1,0,1,0,2,0,0,2,1,1,1,0,0,1,1,1,0,2,0,0.6898857217702102,0.222475934249793,0
5840,0,1,0,0,0,1,0,0,1,2,0,0,0,0,0,0,0,1,1,1,1.8838623524684572,-1.117966925940602,0
5841,0,0,0,0,1,1,0,0,0,0,0,1,0,0,0,0,1,2,2,0,-0.002245633999719294,1.0243042085970804,1
5842,0,0,0,0,1,1,0,0,0,0,0,1,0,1,1,1,2,0,1,0,-2.09906675502893,-2.0381268091162923,0
5843,1,0,0,0,0,1,0,0,1,1,0,1,0,0,0,1,1,1,0,0,-0.14914532756507737,0.2794355346208942,1
5844,0,2,0,0,0,1,0,0,1,0,1,1,1,1,1,1,0,1,0,0,-0.06747285780868907,-2.746483751314801,0
5845,0,0,1,0,0,1,0,1,0,1,0,2,0,0,0,2,1,0,1,0,-1.7914618734218213,0.39128393520620847,0
5846,0,1,0,0,0,0,0,0,1,0,0,1,0,0,0,1,0,0,1,0,0.4335241925860582,1.1910056198507635,0
5847,1,2,1,0,0,1,1,0,0,1,0,1,0,0,0,0,0,1,0,1,-0.2155858414015332,1.8346077741312914,0
5848,0,0,1,0,1,2,1,0,1,1,1,0,1,1,0,2,0,0,0,0,-0.1050884164125753,1.3681584135645366,0
5849,1,0,0,0,0,1,0,0,2,1,0,1,1,0,0,1,2,1,0,1,0.20208591466350448,-0.7451936732564415,0
5850,0,1,1,2,0,1,0,1,1,0,0,1,1,0,0,2,1,0,1,0,1.8867093171772895,0.654027846125662,0
5851,0,0,1,0,0,1,1,0,1,0,0,1,0,0,0,1,2,0,0,1,-0.05813675369910649,0.6654668449723417,0
5852,1,0,0,0,0,1,0,1,0,1,0,0,0,1,0,1,1,0,2,0,0.7001965965346169,0.6227205420979989,0
5853,0,0,1,0,0,0,0,1,1,0,0,0,2,0,1,1,0,1,1,0,-0.6859067436089311,-1.66453551134278,1
5854,0,1,1,0,0,2,1,1,1,2,0,0,1,2,0,1,1,1,0,1,-1.2639217656808328,0.3989201970516271,1
5855,0,1,1,0,0,1,0,0,2,0,1,0,1,0,0,0,1,0,1,0,0.6226039806676646,0.45709755365003346,0
5856,0,1,1,1,0,0,0,0,0,1,0,1,0,1,1,0,1,0,0,0,1.8046750569752403,-0.01994188217586279,0
5857,0,1,0,1,0,0,0,1,0,0,0,0,0,0,0,1,0,1,1,0,-2.7934725766180954,-0.8232622049304886,0
5858,0,1,0,0,0,1,0,0,1,1,1,0,1,1,1,1,1,1,1,1,0.7002955557635092,0.3653174640768245,1
5859,1,1,1,0,0,0,0,0,2,0,0,0,0,1,0,0,2,0,1,1,0.28726652971246563,-0.6717500891820638,0
5860,0,0,0,0,0,2,0,1,0,0,0,2,1,1,0,1,2,0,2,0,-0.36773037543241743,-0.6641477668036958,0
5861,0,1,0,0,0,1,0,0,1,0,1,0,1,1,1,0,1,0,2,0,1.178079949779696,-1.0216130631701168,0
5862,0,0,0,0,0,2,0,0,2,2,1,0,2,0,0,1,0,0,0,1,-0.06761296201685289,0.5633227719159715,0
5863,0,1,0,0,0,0,0,0,0,1,0,1,0,1,0,1,1,1,1,0,-0.22821018331654971,-0.7676741921865088,1
5864,0,1,2,0,0,1,0,0,0,2,1,1,1,1,0,0,0,0,1,0,-0.13497507230394404,-0.4557365642418696,0
5865,0,0,0,0,0,1,0,0,1,0,0,1,1,1,1,0,1,1,0,0,-0.1916581818202558,-1.7585016517714136,0
5866,0,2,0,0,0,2,0,0,1,0,0,0,2,0,0,1,1,1,2,1,1.4037469576361084,-0.6332916582821775,0
5867,0,1,0,0,1,1,0,0,0,0,2,0,1,1,0,1,1,0,0,0,0.5499360553955781,1.212458969614957,0
5868,0,1,1,0,0,1,0,0,0,0,1,2,0,0,1,1,1,2,0,1,-0.07237395605931798,-0.42996521908700613,1
5869,0,1,1,0,0,0,1,0,2,1,2,0,2,0,2,2,2,0,2,0,0.36843381374164547,1.9437649966444157,0
5870,0,0,1,0,0,1,0,1,1,0,0,0,1,0,0,1,0,0,1,1,-0.47790122597670964,0.11843552152395435,1
5871,0,1,1,0,0,2,0,0,0,0,1,0,0,0,0,0,0,0,1,0,0.974573775914027,-0.04479049474793906,1
5872,0,2,0,0,1,0,0,0,1,0,1,1,0,0,0,2,0,2,1,0,-0.5384073193998183,-0.0023972544629451975,0
5873,1,0,1,1,0,0,0,0,0,0,1,0,0,0,0,2,0,0,2,1,0.24274827075923874,-0.2230209191570266,1
5874,0,1,1,0,1,1,0,0,1,1,2,1,2,0,0,1,1,1,1,0,0.6569140978192528,0.19744635919325632,1
5875,0,0,1,1,0,1,0,0,1,0,0,1,1,1,0,1,1,0,0,0,0.3568855303485996,-0.5632378732357075,1
5876,1,0,2,0,0,1,0,0,1,1,1,0,0,0,0,0,0,0,1,1,1.3284517273561018,0.9359907600169644,0
5877,0,2,0,0,0,1,0,1,1,2,0,0,1,0,1,1,2,0,2,1,0.718239950402724,0.6153090145422337,0
5878,0,1,2,0,0,0,0,0,2,0,1,1,0,0,1,0,0,0,1,1,0.2631162772345525,0.5084437857342033,0
5879,0,1,2,0,0,1,0,0,1,0,0,0,0,1,0,1,2,0,1,0,-1.303630019557264,-1.7074642330542726,1
5880,0,2,0,0,0,1,0,0,1,0,0,0,1,0,0,1,1,0,1,1,0.10066489393575577,0.21536824112391179,1
5881,0,0,2,0,0,1,1,0,1,1,0,2,1,0,0,1,1,1,0,2,-0.8628690704796724,1.2590272974503032,0
5882,0,1,1,0,1,2,0,0,2,0,0,0,1,0,0,2,2,0,1,1,-2.6520035197126592,-0.8408538398861931,0
5883,1,1,0,0,0,1,0,0,2,1,0,2,1,0,0,2,1,1,1,1,-0.363860113219683,-0.9140134772121198,0
5884,0,1,2,0,0,1,0,0,2,0,0,0,1,1,0,1,1,0,0,0,-1.5237481132344224,-1.7100852385712482,0
5885,0,2,1,0,0,2,0,0,2,1,1,0,1,1,0,1,1,1,1,1,0.21925978378890565,-0.691137531689375,0
5886,0,0,1,0,0,1,0,0,0,0,1,1,1,1,0,2,0,1,0,0,0.4631655299677512,-2.220745845146209,0
5887,1,0,1,0,1,2,2,0,1,2,0,1,0,0,0,0,1,2,2,0,-0.42534174395605173,0.34934699807956826,0
5888,0,0,0,0,0,0,0,0,2,1,0,2,0,0,0,0,1,1,1,1,-1.3597401523099242,-1.6802614925604948,1
5889,1,1,0,0,0,1,0,0,0,2,2,0,0,0,0,0,2,1,0,0,0.04209708963085179,-1.1802366848953891,0
5890,1,0,1,0,1,0,0,0,1,0,0,0,0,0,1,2,0,0,2,0,0.1342762836977461,1.6145413454649753,0
5891,1,1,0,0,0,0,0,0,1,0,1,0,0,0,0,0,0,1,0,1,-0.840341585612161,-1.7146311043491442,0
5892,1,0,0,0,0,0,0,0,1,0,1,0,0,0,0,1,1,1,1,1,-1.58277028789999,-0.6892082987635095,0
5893,0,2,0,0,1,0,0,0,1,1,0,1,0,1,1,0,1,1,2,1,-0.14461645413340793,-0.42899407515890947,0
5894,1,0,0,0,1,1,1,0,0,1,0,2,1,1,0,1,0,0,0,1,-0.38746774677992263,-1.1453217951059624,0
5895,0,0,0,0,0,1,0,0,1,1,1,2,2,0,1,1,2,1,0,0,-0.20611992507401805,0.16795366668410827,0
5896,0,1,0,1,0,1,0,1,0,0,0,1,0,1,0,1,1,2,2,1,-1.061951230289181,0.05392543605545439,1
5897,0,0,1,0,0,0,0,0,1,1,0,0,1,0,0,2,1,1,1,0,0.06674561694452745,1.1212770706143238,0
5898,1,1,2,0,0,1,0,0,1,0,1,1,0,1,0,1,1,0,0,0,-0.8575264760824661,0.542561238757807,0
5899,0,1,1,0,0,1,0,0,1,0,0,0,0,0,0,1,1,1,1,1,0.9039839740859952,-0.11756903907664817,1
5900,0,0,0,0,0,1,0,0,1,1,0,0,0,0,1,2,1,0,1,2,-0.1236293951822593,-0.03516429484242978,0
5901,1,1,0,0,0,0,0,0,0,0,0,0,0,0,0,0,1,2,0,1,0.13537743151867584,-0.9540824895865003,0
5902,0,0,1,0,0,2,0,0,2,1,0,0,1,0,1,1,1,0,0,0,0.5777338203590532,1.124613934745173,1
5903,1,1,0,0,0,2,0,0,1,0,2,1,1,0,0,0,1,0,1,0,-0.40257179596933185,-0.6401286081148709,0
5904,0,0,1,0,0,2,0,0,0,0,0,0,1,0,0,1,1,0,0,1,-0.10588648313174844,0.6577663595350376,0
5905,1,0,0,1,0,2,0,0,1,0,0,1,0,0,0,0,0,2,2,0,1.3719251659165932,0.8203924085592972,0
5906,0,2,0,0,1,0,0,0,1,2,0,0,0,1,0,0,0,0,1,1,1.348896721136758,0.1998947037555821,0
5907,0,0,2,0,0,0,1,0,1,1,1,0,1,0,0,1,0,1,0,1,0.10729118747601246,-0.8474796278150006,0
5908,0,0,0,0,1,2,0,1,0,0,0,1,0,0,0,0,1,0,0,2,1.1559739437317529,0.4406745242057526,0
5909,0,1,0,0,0,1,0,0,0,0,0,0,1,1,0,0,0,1,1,0,0.1881604864235376,0.9969394711048267,1
5910,0,0,0,1,1,2,0,0,2,0,1,0,1,0,0,0,1,1,0,0,-0.7804464937236905,-0.3175608092047345,0
5911,0,1,0,2,0,0,0,0,0,0,1,0,0,0,0,0,0,0,0,1,0.07089805383435278,0.12523512956593943,0
5912,0,1,2,0,1,2,0,0,1,0,0,1,0,0,0,2,1,0,1,0,1.4417318544663287,1.3532448453894008,0
5913,0,0,0,0,0,1,0,1,2,1,0,1,0,0,0,0,1,1,0,0,-1.4749202162384205,-1.4446822451250156,0
5914,0,0,0,1,0,0,1,0,2,1,1,0,1,0,0,1,1,0,0,0,0.29992433027349896,-1.1681881244437566,0
5915,0,1,0,0,0,1,0,0,1,1,0,1,1,0,0,1,1,1,1,0,0.6954183474510103,-1.1379600800837526,0
5916,0,0,0,0,0,0,0,0,1,1,0,2,1,0,0,0,0,0,1,1,0.964076414970075,0.3380438426830131,0
5917,0,0,0,0,0,0,1,0,1,1,1,0,2,0,0,1,1,0,2,0,1.4483911622533312,0.5264370425896792,0
5918,0,1,0,0,1,2,0,0,1,0,1,1,1,0,0,0,0,0,1,2,-0.0374483617626015,0.08463014631639987,0
5919,0,0,1,0,1,0,0,0,1,0,1,0,0,0,0,0,0,1,0,1,-0.1935030865649788,-1.1001666627620383,0
5920,1,1,1,0,1,1,0,0,1,2,1,0,0,0,0,1,2,0,1,2,-1.03711632006165,1.2548285772201284,0
5921,1,0,0,0,0,2,0,0,1,0,1,0,1,0,0,0,2,0,2,0,0.7099577487579503,-0.9654129586148981,0
5922,0,0,0,0,0,2,0,0,0,0,1,0,0,1,0,0,0,1,1,1,0.47046897229131784,-0.46563478581527756,1
5923,0,1,1,0,0,1,0,0,1,0,1,0,1,0,0,1,1,0,2,2,1.6705186852315244,-0.09805396149180678,0
5924,0,1,0,1,0,0,0,0,1,2,1,0,1,0,1,2,0,0,0,1,-0.5106740958971802,1.1173982445250858,1
5925,0,0,0,0,0,0,1,0,2,0,0,1,1,0,1,0,0,0,0,0,0.6516593964699043,-1.1847088997069886,0
5926,0,0,0,0,0,0,0,0,1,2,0,0,2,0,0,0,1,1,1,2,0.7762091203796382,0.25910945871711644,0
5927,0,1,1,0,0,0,0,0,0,1,1,2,0,2,0,0,1,1,0,1,1.3592132275450026,0.020597110893738557,0
5928,0,0,0,2,0,1,0,1,1,0,1,0,0,0,0,1,1,2,1,0,0.4108812132726284,1.0508109945553603,0
5929,0,0,0,0,0,1,0,0,0,1,1,0,0,0,0,1,1,0,1,1,-1.0615406567695078,0.24426911754743186,0
5930,0,0,0,1,0,1,0,1,2,0,1,1,1,0,0,2,1,1,1,0,-1.8160487412061084,-0.46006498153318165,0
5931,0,0,1,0,0,0,0,0,2,0,1,0,0,0,0,0,1,0,0,0,-0.31058694470369114,-0.30298651301230806,0
5932,1,1,1,0,1,0,1,0,0,0,0,1,2,0,0,1,1,0,1,1,1.902907742949947,1.0934258998124793,1
5933,0,1,0,0,0,1,0,0,2,1,1,0,1,0,0,2,2,1,1,1,-0.28889907167071516,-0.3191416512844504,1
5934,0,0,0,0,0,1,0,0,2,0,0,1,1,0,0,0,2,0,1,0,-0.17394890159011414,-1.6467808487463462,1
5935,0,1,0,0,0,0,0,1,1,0,1,2,1,0,0,1,2,2,2,1,0.8892734325985251,-0.03463037233817643,1
5936,0,2,1,0,0,2,0,0,1,1,0,1,1,1,0,0,0,1,1,1,-0.7514563128438756,-0.6795702013791018,0
5937,1,0,0,0,0,1,0,0,1,0,1,1,1,0,0,2,1,2,0,0,-0.1322588978760316,0.05081549748854938,1
5938,0,1,0,0,0,1,0,0,1,0,1,1,0,1,0,2,0,1,1,0,-0.3806517702010036,0.6041363099241511,0
5939,0,0,2,0,0,1,0,0,0,0,1,1,0,0,1,0,0,0,1,1,-1.16143561193684,1.2168561378746947,0
5940,0,0,0,1,0,1,0,0,1,0,0,0,1,0,0,1,0,0,0,1,1.3479327829670398,1.1780355333947135,0
5941,0,0,1,1,0,0,1,0,1,1,0,1,1,1,1,1,1,0,1,1,0.8827436029838636,0.28006946496750834,0
5942,0,1,0,0,0,1,0,0,2,2,0,2,0,1,1,1,1,1,1,0,0.4934708408614209,1.9526445867613655,1
5943,0,1,0,0,0,0,0,0,2,1,0,0,0,0,0,1,1,2,1,0,-2.111347511267805,-3.572528696969926,0
5944,1,1,0,0,0,0,0,1,0,0,0,0,1,1,0,0,1,1,1,1,-0.38226610519744814,-1.288005326144641,0
5945,0,1,2,0,1,0,0,1,2,2,0,0,0,1,0,2,1,0,0,1,-0.3444844490961543,1.8349990330353756,0
5946,0,0,0,0,0,1,0,1,1,0,0,0,0,1,0,0,0,0,2,1,-1.0932105727277812,-2.0896894272352897,0
5947,0,1,1,0,0,0,0,0,1,1,1,0,1,0,1,0,1,0,2,1,1.1322361073324507,0.8247426458423028,1
5948,0,0,1,0,0,1,0,0,2,1,0,1,1,0,0,1,1,0,1,0,1.9703282203517707,-0.039236255299505474,1
5949,0,0,2,0,0,0,0,0,0,0,0,1,1,1,1,2,0,0,1,1,-0.10064669294304357,1.4073281970697085,0
5950,1,1,1,0,0,1,0,1,0,0,0,0,0,1,0,1,0,1,2,1,1.0099591634443075,0.12357425102696895,0
5951,0,1,1,1,0,0,0,0,0,1,0,1,1,0,0,0,0,1,1,0,-0.9878757221086505,0.26703177911425635,1
5952,0,1,0,1,0,1,0,0,0,1,0,1,1,1,0,1,0,0,2,1,-0.2372677600752318,1.4206092905508791,0
5953,0,1,0,0,0,1,0,1,1,1,1,0,1,0,0,0,0,1,1,0,-0.12625923286626153,-0.05731456387389727,0
5954,1,0,1,0,0,0,1,0,1,0,0,1,2,1,0,1,1,0,1,1,1.324385124331588,-0.7551164596928734,0
5955,0,1,1,1,0,2,0,1,1,1,0,0,0,0,0,0,1,1,1,0,0.3064419448566372,0.9023628008486553,0
5956,0,1,1,0,2,1,1,1,1,1,1,1,1,1,1,1,1,0,2,1,-0.30312682631898746,-1.2491610099975274,0
5957,0,1,0,0,1,0,0,0,2,1,0,0,2,0,0,1,0,0,1,1,1.0812531105762475,1.0787486164779883,0
5958,0,1,0,0,0,1,0,0,0,1,0,0,1,0,0,0,1,0,1,0,0.8641514727213994,-0.07262740587116917,0
5959,0,0,0,0,1,0,1,2,1,1,1,1,0,0,0,2,1,1,1,0,-0.9977098878427374,-1.8055409295793137,1
5960,0,0,1,0,0,1,0,0,2,1,1,0,0,0,1,1,1,0,1,0,-0.5197892124924246,-0.3375668574876848,1
5961,0,0,1,0,1,0,0,0,1,1,1,0,2,0,1,1,0,1,1,1,1.1189520272919236,-0.12124816725328608,0
5962,0,1,1,0,0,2,0,0,1,1,0,1,0,0,0,1,1,0,2,1,-0.2799769170657476,0.6234513684433959,0
5963,0,0,0,0,0,0,0,1,0,2,0,0,2,0,1,1,0,1,2,1,0.7238387813872296,1.1225388282948052,1
5964,0,0,1,0,0,1,0,0,2,0,0,0,1,0,2,1,0,1,2,1,-1.1573311651428813,-1.9960647389918398,0
5965,0,0,1,0,1,1,0,0,2,1,1,1,1,0,0,0,0,1,0,2,1.223418717975781,1.1448282577713669,0
5966,0,1,1,0,0,0,0,1,1,0,1,0,2,0,0,0,1,0,1,0,-1.2731435437450849,0.6236160323610582,1
5967,0,0,0,0,0,2,0,0,2,0,1,1,0,0,0,1,1,0,1,1,-0.07949982158504586,0.8785717240470583,1
5968,0,1,2,0,0,2,0,0,0,0,1,2,1,0,0,0,1,1,1,1,-0.8555521004553038,-1.9881912429599315,1
5969,0,1,1,0,0,1,0,0,0,1,0,1,1,0,0,0,1,1,1,1,-1.519175392173159,-0.1509330072674912,0
5970,0,0,1,1,0,1,0,0,1,0,1,1,0,0,1,2,1,1,1,1,1.5248177336635607,2.895457722914828,0
5971,0,1,1,0,0,1,0,0,1,0,1,1,0,0,0,1,2,0,2,0,-0.31715814335406917,0.06643330561335087,0
5972,0,0,1,0,0,2,0,0,2,1,0,2,1,1,0,0,2,0,0,2,0.22818864658163424,1.3629901460124034,1
5973,0,1,1,0,1,0,0,1,1,0,0,0,2,0,0,0,1,2,1,1,-1.2500885434174351,-1.0437579409742004,0
5974,0,0,1,0,0,1,0,0,1,0,1,0,0,1,0,2,1,1,0,0,1.482534339749738,0.2440497804797193,0
5975,1,0,0,0,0,1,0,0,1,1,0,1,2,0,0,2,0,0,1,1,-1.8593723627206513,-0.7392432350654419,1
5976,0,0,0,0,0,2,0,0,2,0,0,0,0,0,0,0,1,1,1,1,-0.5515462472512631,1.5844593067611652,1
5977,0,0,1,0,1,2,0,0,1,0,0,2,0,0,0,1,0,0,1,0,0.46244525944388226,0.6620808267416121,0
5978,0,1,2,0,1,0,0,0,1,1,0,0,0,0,0,2,2,2,1,0,0.27137405369348166,-1.9084752912077012,0
5979,0,2,0,0,1,1,0,0,0,1,0,1,0,1,0,0,0,0,0,1,-0.22765582572583637,1.4577318828335066,0
5980,0,0,2,0,1,2,0,0,2,0,0,1,0,0,0,0,1,0,0,0,-0.38465813221678297,0.48111153361558634,0
5981,0,1,0,0,0,0,0,0,1,0,0,0,2,0,0,0,0,1,1,0,0.42272731385086243,-0.38198102225680397,0
5982,0,0,1,1,0,2,0,0,0,1,0,0,0,0,0,0,1,1,1,0,-0.1011660834113652,0.8907593239391727,1
5983,0,0,0,0,0,0,0,1,2,0,0,1,0,0,0,1,0,0,0,0,1.4868010620054994,0.6231625473142279,1
5984,0,0,0,0,0,0,1,0,1,1,0,1,0,0,1,0,0,2,2,0,-0.4516336989011695,-0.20209480358284293,0
5985,0,1,1,1,0,1,0,0,1,2,0,0,1,1,0,0,0,0,2,1,0.9516095638464702,1.880126308591384,1
5986,0,1,0,0,0,1,0,0,0,1,0,1,1,0,0,0,0,1,1,1,-0.5282035130482184,-0.5415587917731277,0
5987,0,0,1,0,0,2,0,0,0,0,0,1,2,0,0,1,1,0,1,0,0.29539341915207823,0.6782191611674786,0
5988,0,0,1,1,0,0,0,0,1,0,0,1,0,0,0,0,1,0,1,2,0.5222781000750574,0.7320709587361458,0
5989,0,0,0,0,0,2,0,0,0,0,0,0,1,0,1,1,1,1,1,1,2.9230947087497534,-0.9509323532981804,0
5990,0,1,0,0,0,1,0,1,0,0,1,2,0,0,0,2,0,0,1,1,-0.4867743533994511,0.8636942605092236,0
5991,0,1,1,0,0,0,1,0,0,2,0,0,1,0,0,1,2,0,1,1,-0.1738553721827845,1.62888353760531,0
5992,0,1,0,0,0,1,0,0,1,0,1,0,2,0,1,1,1,0,2,2,1.6143350701194583,0.793155370027775,0
5993,1,1,1,0,0,2,1,0,0,0,0,0,1,1,0,1,0,0,1,0,-0.5726372935794192,0.5703375146704631,0
5994,0,1,2,0,0,2,0,0,0,0,1,1,0,0,0,0,1,0,1,0,0.003355015605141602,0.24644486531988818,0
5995,0,1,1,0,0,0,0,0,1,0,0,0,1,0,0,1,0,0,2,1,0.6483260134135397,-0.34509576964772437,0
5996,0,1,1,0,0,0,0,1,2,1,0,0,0,0,1,2,1,1,0,0,-0.3144813086719769,-0.2321169490816912,0
5997,1,0,2,0,0,0,0,1,1,1,0,0,2,1,0,1,1,0,1,0,1.317299347166543,0.16486409163929566,0
5998,0,1,1,0,0,0,0,1,1,1,0,1,1,0,0,0,1,1,1,1,-0.13955640102275538,0.21040439846287026,0
5999,0,0,1,0,0,2,1,0,1,0,1,1,0,1,1,0,1,0,1,1,-1.9531844260869766,-1.4496911756579687,1
6000,1,1,1,0,0,2,0,0,0,0,0,0,0,1,0,1,1,1,0,1,-0.6157279681456661,-1.0097355805671127,0
6001,0,1,2,0,0,1,0,0,2,1,0,0,0,0,0,1,0,0,1,0,0.20625557741650782,1.02024357652689,1
6002,0,1,1,0,1,2,0,1,1,0,1,1,0,1,0,2,0,0,1,1,0.07346325604850684,1.0353503604734475,0
6003,1,0,0,0,0,1,0,0,1,1,0,1,1,1,0,2,2,0,1,1,0.5983751503817564,-0.6599885305074823,0
6004,0,1,2,0,0,1,0,0,1,0,0,0,0,0,0,0,0,1,2,1,-0.9114647124105867,-0.039814303334283346,1
6005,0,1,1,1,0,2,0,0,1,2,0,0,0,0,1,0,1,1,0,0,0.2760300796526112,-0.23038506060545405,0
6006,1,0,0,0,0,1,0,0,2,1,1,0,0,1,0,0,0,0,2,1,-1.6638695961490155,-0.5625322451745467,1
6007,1,1,1,1,0,1,1,0,1,1,0,0,2,0,0,1,0,1,0,1,-2.0997379582863407,1.0222702733702151,0
6008,0,0,1,0,0,2,1,0,1,1,0,1,2,0,0,0,1,0,1,1,-1.560479216048705,-0.028257790515164416,0
6009,1,2,1,0,1,1,0,0,1,2,0,0,0,1,0,0,1,0,2,1,1.7333873332395504,0.7639390683290193,0
6010,0,1,0,0,0,1,0,0,0,0,2,1,1,0,0,1,2,1,1,1,-0.8202228262264053,-0.7890533804044196,0
6011,0,1,0,0,0,0,0,0,1,1,0,0,0,0,0,1,0,0,2,1,-2.067438001439967,-0.08044317170470289,0
6012,0,2,1,1,0,1,0,1,2,1,0,1,0,0,0,1,1,0,2,1,-0.899247585523306,-1.152041213391242,1
6013,0,0,1,0,0,0,0,0,2,1,0,1,1,1,1,0,0,0,1,1,0.3400640470038332,-0.7269215025991346,1
6014,0,1,1,0,1,0,0,0,0,1,0,1,1,1,0,0,1,0,2,0,-0.27619068680353137,0.5415322040492212,0
6015,0,1,1,0,0,1,1,1,1,1,1,1,1,1,0,0,1,1,1,0,-0.8418072575312776,-1.088599143614256,0
6016,0,1,1,0,0,2,0,0,1,0,0,0,1,0,0,2,0,0,1,2,-0.9345285980229872,-0.23046778998777173,0
6017,0,0,1,0,0,1,0,0,1,1,1,0,0,1,0,0,1,0,1,0,-1.2677488602688292,-0.19614549565283307,0
6018,0,0,2,0,0,1,0,0,1,0,2,0,1,1,1,0,0,0,0,1,1.156171864184669,0.3747570473774671,0
6019,0,1,0,0,0,0,0,0,0,0,0,0,1,0,0,0,0,1,1,0,0.15485629204834428,0.9247532135005079,0
6020,0,0,0,0,0,2,0,0,1,0,2,1,1,0,1,2,0,0,2,0,-0.2598452612440192,-0.2245397053280976,0
6021,0,0,1,0,0,1,0,0,1,0,0,0,0,0,1,1,1,1,1,0,0.5692619102855742,0.8722425122897042,0
6022,1,1,1,0,0,1,0,0,1,1,0,1,1,0,0,0,1,0,1,1,-0.2991007113657129,-0.9230059046698195,0
6023,1,1,0,0,1,0,0,0,1,1,0,0,0,0,0,1,2,0,1,0,-0.3904809709140814,-0.06272496585692414,1
6024,1,1,0,0,0,2,0,0,1,1,0,0,0,1,0,0,1,0,2,1,-0.8157415806016391,1.177186167918387,0
6025,0,0,1,0,0,1,0,0,1,1,1,1,0,0,0,0,2,0,1,1,0.1649779386951046,-1.4909219196602108,0
6026,0,1,0,0,0,0,2,0,1,0,0,1,0,0,0,1,2,1,1,1,0.6045557294414199,-0.27278915762134515,1
6027,0,0,0,0,0,1,0,0,0,1,1,1,0,2,0,1,2,0,0,0,-0.5781035219327765,-1.4476708417250006,1
6028,1,1,2,0,0,1,0,1,2,2,2,0,0,0,1,2,2,1,1,1,-0.003560587406419402,-0.7492548125434512,0
6029,0,1,0,0,0,1,0,0,1,2,0,1,1,0,0,1,2,0,1,0,1.9807738615379529,-1.526602928483066,1
6030,1,0,1,0,0,2,0,0,0,1,1,0,1,1,0,0,0,0,0,1,0.7467630855769055,0.1707055864061996,0
6031,0,1,2,0,0,1,0,0,0,1,0,1,0,0,0,1,0,0,0,1,0.6329889471995958,-0.05177638943277496,0
6032,0,0,0,0,0,2,0,0,1,0,0,0,1,0,0,1,0,1,1,2,0.8652700383823819,0.38076320479664943,0
6033,0,0,0,0,0,1,1,0,1,1,2,1,2,0,2,2,0,0,2,0,0.2876414322127529,1.002542407437676,1
6034,0,0,0,0,1,1,0,0,1,0,0,0,1,0,0,2,1,0,1,0,0.6445265390294578,0.2466588938813352,0
6035,0,0,1,0,1,2,0,0,1,1,2,1,1,0,0,1,1,0,1,0,-0.16114131622621075,-0.7258236994750882,0
6036,0,0,2,1,0,1,0,0,1,0,1,0,1,1,0,0,1,0,2,0,0.2982331570214203,-1.0811164585061006,0
6037,0,1,1,1,1,1,0,0,1,0,1,1,2,0,0,1,0,1,1,0,-1.186514815115385,0.23671438312263715,0
6038,0,0,0,0,1,1,1,0,1,0,0,1,0,1,0,1,0,1,1,1,0.3647233965202507,-0.6380857150982027,0
6039,0,0,2,0,1,2,1,0,1,0,1,1,0,0,0,1,2,0,1,0,1.3729595787894109,-0.9189095551437034,0
6040,0,1,0,0,0,1,1,0,1,0,0,1,0,0,0,0,1,1,1,0,0.8276703750796354,1.9685858398509406,1
6041,0,1,0,0,0,2,0,0,0,0,0,1,0,0,0,2,1,2,1,1,-0.17266050316231488,-0.584150277556987,0
6042,0,1,0,0,0,1,0,0,1,0,0,0,0,1,0,0,2,0,1,0,-0.9335466903869367,-0.06906840624381372,0
6043,0,1,1,0,0,1,0,1,0,1,0,1,0,1,1,0,1,1,1,0,0.42417896745481787,0.6846272247708137,0
6044,0,1,0,0,0,1,0,0,0,0,2,1,0,0,0,0,0,1,1,0,2.289550639369801,0.2648356759057539,1
6045,1,0,1,0,1,0,1,0,2,1,0,0,0,0,0,2,0,0,0,0,-1.0783734660272868,-1.1441547725207535,1
6046,0,1,1,1,0,0,0,0,0,0,0,1,1,0,0,0,0,1,1,1,-1.2047146298117313,-1.0262084481505278,0
6047,0,1,0,0,0,1,0,0,1,0,0,1,1,0,0,2,0,0,0,1,-2.6926167961957512,0.1829586240065314,0
6048,0,0,1,0,0,1,0,0,1,0,1,2,0,0,0,1,1,0,1,2,1.621720492258356,-1.2799099683537278,0
6049,0,0,0,0,0,2,0,1,2,0,0,0,0,1,0,0,1,2,0,1,0.6595368895858791,0.9575499369984586,0
6050,0,0,0,0,0,1,0,0,1,1,1,0,0,0,0,2,1,1,1,0,0.3452143449534642,1.334300978889047,0
6051,0,1,1,0,0,1,0,0,1,1,2,1,0,0,0,1,1,0,0,0,0.254619267669612,-0.7424242530995722,0
6052,0,0,0,0,0,1,0,0,2,1,0,1,1,0,0,0,0,1,1,0,0.16012918941922655,-1.671991941653777,1
6053,0,1,1,0,0,0,1,0,2,0,2,0,1,1,0,0,2,0,1,0,-0.4205195785636012,-1.6768776413940931,1
6054,0,0,1,0,0,1,0,0,1,1,1,2,2,1,1,2,0,2,1,0,0.7509956893556741,1.4819666591626706,0
6055,0,1,0,0,1,1,0,0,2,1,0,0,1,0,1,1,1,1,1,0,-1.51531738560205,-2.8458823221177605,0
6056,0,1,0,0,0,2,0,0,0,0,0,1,0,0,1,1,2,2,1,1,-1.1343837151474712,-1.149174782619558,1
6057,1,1,1,0,2,2,0,0,1,1,0,0,2,2,0,0,1,2,1,0,-1.4290625385513769,-1.4352697548786635,0
6058,0,0,1,0,0,1,0,0,1,1,0,0,0,0,0,0,1,0,0,1,0.4300436402070486,1.2433857566146826,0
6059,0,0,1,0,0,0,0,1,1,0,1,0,1,0,0,2,0,0,1,1,0.8683822256456569,0.2742288613767074,0
6060,1,1,0,0,0,2,0,1,1,1,0,0,0,1,1,0,1,0,1,1,-1.4329342653705675,0.16937621004998127,1
6061,1,1,0,0,0,1,0,1,1,1,0,1,2,1,0,1,0,0,1,0,1.6159246110344148,0.09517790487296085,0
6062,0,0,1,0,0,2,0,0,1,1,0,0,1,1,0,2,1,1,0,2,0.4320266019801216,0.9483983701294778,0
6063,0,1,1,0,0,1,0,0,1,0,1,2,2,0,0,0,0,0,1,0,-0.4790348308220543,-2.0873232316519488,0
6064,0,0,0,0,1,1,0,0,1,1,0,0,1,1,0,0,1,1,0,0,0.9755135461894868,0.9317313035519044,0
6065,0,1,1,0,0,2,0,0,0,0,0,2,1,0,0,0,2,1,0,2,1.7950988188050345,-0.43156739985958936,0
6066,0,2,1,0,0,1,0,0,0,0,0,1,1,1,0,0,0,2,0,0,0.5875900295773395,1.296538701326427,0
6067,0,1,0,0,0,1,0,0,2,1,0,1,0,0,0,1,1,1,0,2,-0.32936627345502945,-0.19578300189748427,0
6068,0,0,1,0,1,1,0,0,0,1,0,0,2,1,1,2,1,0,1,0,0.08600341189012357,1.7743639994700997,0
6069,0,1,1,1,0,1,0,0,1,1,1,1,0,1,1,1,0,1,1,0,-1.4448885131947407,0.06949926600752432,0
6070,1,1,0,0,0,1,0,0,0,2,0,0,0,0,0,1,2,1,0,2,-2.8822417044825257,-0.7772659976130383,1
6071,0,0,1,0,1,2,0,0,0,0,0,2,0,0,0,0,0,0,1,1,-0.3128008948726639,1.4171424027547566,1
6072,0,0,1,0,0,2,1,0,2,0,1,1,0,0,0,2,2,1,0,1,0.4457300568860878,-0.3920763577028699,1
6073,0,0,1,0,0,0,0,0,1,1,1,1,0,0,0,1,0,1,0,0,0.9281455119329053,0.2695894997171775,0
6074,0,0,2,1,0,0,0,2,1,0,0,1,0,0,0,0,1,0,0,1,0.6710087925516456,0.8216215105393905,1
6075,0,1,1,0,0,1,0,0,2,1,1,0,0,0,0,1,1,0,1,2,-0.32450290760451195,-0.5284327594799418,0
6076,0,1,1,0,0,0,0,0,0,0,0,1,0,1,0,1,0,0,1,0,0.18244301720992565,0.06230439650657642,0
6077,0,0,1,1,0,1,0,0,1,0,0,0,1,0,0,1,1,1,2,0,-0.9927854006628998,0.6791716612987315,0
6078,0,0,0,0,0,0,0,1,1,2,0,0,1,0,0,2,2,0,0,0,-1.9605132274023256,0.18391058241785674,0
6079,0,0,0,0,0,0,0,1,0,0,0,2,0,1,0,2,0,0,1,0,0.5928857176722458,1.473342243542445,0
6080,0,0,0,0,0,2,0,0,0,0,0,1,1,0,0,0,1,1,1,0,-0.37611625716881814,-1.6328682671723938,0
6081,1,0,0,0,0,1,0,0,0,2,2,0,0,0,0,2,0,0,0,2,-0.17643570732188293,2.0467104165522954,1
6082,0,1,0,0,0,2,0,0,1,1,0,0,1,1,0,0,2,1,0,1,-2.117001583439834,-1.2873525759871884,0
6083,0,1,0,0,0,1,0,0,0,2,0,1,0,0,0,1,2,1,1,0,-0.055996558622366424,0.17585277790301135,1
6084,0,0,0,1,0,0,0,0,2,1,0,0,2,1,0,2,1,0,1,0,-1.8993021022445131,-0.9429663164828737,0
6085,1,0,0,1,0,0,0,1,0,2,0,0,1,0,0,0,1,1,0,1,-1.7835808681615295,0.20449402581745213,0
6086,1,0,0,0,0,0,0,0,1,1,0,1,1,2,0,1,0,1,0,0,1.6896368153909853,1.9259751681128292,1
6087,0,0,0,0,1,2,0,0,1,0,2,0,1,0,0,1,0,0,1,1,-1.2706609452790345,-0.45197126202628213,0
6088,1,2,1,0,1,1,1,0,1,0,0,0,1,0,1,1,2,1,2,1,-0.25745541508638076,-0.6954689945009546,1
6089,0,0,1,0,0,1,1,0,1,1,0,2,0,1,1,1,1,0,1,1,-0.9941564332952829,1.205004107312103,0
6090,0,1,0,0,1,1,1,0,0,1,0,0,1,0,0,0,1,0,0,1,0.6559123526107202,0.876379757244513,0
6091,0,0,1,0,0,0,0,0,0,1,1,0,1,0,1,1,2,1,0,0,0.618766918444932,-0.9469850390218484,0
6092,0,1,0,0,0,0,1,0,1,0,0,0,0,1,0,1,0,0,1,0,0.7993675581880089,-0.37013384956724626,0
6093,0,1,0,0,0,0,0,0,1,1,0,1,0,0,0,1,0,1,1,0,-1.8398801006924335,0.0024292920560116116,0
6094,0,2,2,0,0,0,0,1,2,0,0,1,1,0,0,0,1,0,2,0,0.08311687701194098,0.5256911103820564,0
6095,0,0,1,0,0,1,0,0,1,1,0,1,0,0,0,1,1,0,1,0,-0.5382861518541016,0.661583941364887,1
6096,0,0,1,0,1,1,1,0,1,0,0,1,1,0,0,1,2,0,1,0,0.3428059344266422,-0.8056324731144957,0
6097,0,1,0,1,0,1,0,0,2,0,1,1,1,0,0,1,0,1,0,0,0.9765081538842301,1.233102988918884,1
6098,0,0,0,0,0,1,1,1,2,1,2,0,2,0,1,2,1,0,1,1,-0.587689695163969,0.3309581290135123,1
6099,0,0,0,0,0,1,0,0,0,1,1,0,1,0,0,1,0,2,0,0,0.034273363911989395,-1.8727912058152885,0
6100,1,0,1,0,1,2,0,0,1,0,0,0,1,0,0,0,0,0,1,2,0.15155560961604417,0.5398998001636058,1
6101,0,0,1,0,0,0,0,0,1,0,0,0,1,1,0,1,1,0,0,0,0.17178222814276572,-1.0379933156782513,0
6102,0,2,1,0,1,2,1,0,1,0,0,0,1,0,0,1,0,1,1,0,-0.8922052660191573,-2.660706274521854,0
6103,0,1,1,0,0,2,1,0,0,0,1,0,2,0,0,0,1,1,2,0,-1.5117700411445252,-2.005914342133634,0
6104,0,0,1,0,0,0,0,0,1,1,1,0,2,1,0,0,1,1,0,0,2.243848751548013,1.0812433848742207,1
6105,0,0,0,0,0,1,0,0,0,1,0,0,0,0,0,1,0,1,1,0,-1.1993725729548026,-1.4695787537199174,0
6106,0,0,1,0,0,0,0,0,1,0,2,1,0,0,0,1,0,0,1,0,-0.749093401714912,-1.858186741629168,1
6107,0,1,0,0,0,0,0,0,2,0,0,0,1,0,0,2,1,1,2,1,0.7240617056100677,0.8392652605135124,1
6108,0,0,1,0,0,0,0,0,1,1,0,1,1,1,0,1,0,0,1,2,0.6491605835429974,-0.9432563653451627,0
6109,0,0,0,1,0,1,0,0,2,0,1,0,2,0,0,0,0,0,0,1,1.6513988634438768,-0.6420381778375408,0
6110,0,0,1,0,0,0,0,1,2,2,0,0,0,0,0,1,1,0,1,1,-1.417316716509593,-0.29832783701813176,0
6111,0,1,0,0,0,0,0,0,1,1,0,0,0,1,1,0,1,0,2,2,0.3977137433762482,-0.22132559567598387,0
6112,0,1,2,0,1,0,0,0,0,1,0,1,0,0,0,1,1,0,1,1,0.9790280970427906,0.9616438140286978,1
6113,0,1,0,0,0,1,0,1,1,0,2,0,0,0,0,2,0,1,2,0,0.35924213516993164,0.26308792195740544,1
6114,0,0,0,0,0,1,0,0,1,2,0,0,1,0,0,0,0,1,1,1,-2.18444555762019,-0.9626372925246982,0
6115,0,0,0,0,0,0,0,0,1,0,1,0,1,0,1,1,1,1,1,1,0.5106265124501047,-1.6939617789429116,1
6116,1,2,0,0,0,1,1,0,0,1,1,1,1,0,0,1,1,1,0,0,0.2002394677537504,-1.648193826754925,1
6117,0,1,1,0,0,0,0,1,0,0,0,1,0,0,0,0,1,1,2,0,0.553731657059237,-1.1922426502125985,0
6118,0,0,0,0,0,0,0,0,0,0,1,1,1,0,0,1,0,1,2,0,1.7250274447231064,0.624956817349951,0
6119,0,0,0,0,1,1,0,1,1,1,1,1,0,1,0,2,0,0,0,0,1.0183187656881783,0.5956424540541557,1
6120,0,0,0,0,2,0,0,0,0,1,0,1,1,1,0,2,0,1,1,1,-2.1473542653561823,-0.1912530573316189,0
6121,0,1,0,0,1,1,1,0,1,0,1,1,1,0,0,0,0,1,1,0,-0.3824867858470274,0.008613571931227693,1
6122,0,2,0,1,0,0,0,0,1,1,2,0,1,0,0,1,1,0,0,0,0.58866474288558,0.25068790581758527,1
6123,0,1,1,1,0,2,1,0,2,1,0,2,0,0,0,1,0,2,1,0,0.06367502194673348,0.2918729979968046,1
6124,0,1,0,0,0,0,0,0,2,0,1,1,2,0,0,2,1,0,2,0,0.11369817549944672,-0.8413135884861284,0
6125,1,2,0,0,0,2,1,0,2,1,0,0,1,0,0,1,1,1,0,1,0.121504923367018,-0.43380068205380373,1
6126,0,2,1,0,1,0,0,0,2,1,1,0,1,2,0,0,1,1,0,1,-0.004731947471354297,1.026485253526673,1
6127,0,2,0,0,1,1,0,0,0,0,2,0,1,0,0,0,1,1,0,0,-1.4671251883606806,-1.64915570887164,0
6128,0,0,0,0,1,1,1,0,1,1,0,0,0,0,1,1,1,1,1,0,0.5053666708295265,2.9293270612164277,1
6129,0,1,2,0,1,2,0,0,0,1,0,0,0,0,0,2,1,1,0,0,0.12628835025050894,0.3455657633918009,0
6130,1,0,0,0,0,1,0,0,0,1,1,0,1,1,0,1,2,0,0,0,1.0860640410559896,0.2508679594647238,0
6131,0,1,0,0,0,2,0,0,0,0,0,2,1,1,0,1,0,1,2,0,-0.3128278389470128,-0.8379061432872585,0
6132,0,2,0,0,0,0,1,0,1,1,0,1,0,0,0,0,2,1,2,2,0.4357022586417362,-0.040238813169175734,0
6133,0,1,1,0,0,2,0,0,2,0,0,0,0,0,0,1,0,1,2,2,0.06662149323348944,0.1966349743929335,0
6134,0,1,2,0,1,1,0,0,1,1,1,0,1,0,0,0,1,1,2,2,-1.2536735836604236,-0.75940870134798,0
6135,1,1,0,1,1,1,0,0,1,0,0,1,0,1,0,0,1,0,2,0,0.21907789027130195,-0.057158339830813226,0
6136,0,0,1,0,0,1,0,0,2,0,1,1,0,0,0,2,0,1,1,0,-1.3720979214631446,0.9681431826448191,1
6137,0,0,1,0,0,2,0,1,2,0,1,0,0,0,0,1,0,0,2,1,1.4408853018875067,-0.2619537151918403,0
6138,0,0,0,0,0,0,0,1,1,0,0,0,1,2,0,2,0,1,1,1,-1.082472858048372,0.5907942960566578,1
6139,1,0,0,0,1,1,0,1,1,0,1,0,1,0,0,1,0,1,0,1,-2.05755623840184,-1.0068981020029248,0
6140,0,2,1,0,0,1,0,0,2,1,0,0,1,0,0,1,0,0,0,0,0.4823541065340291,1.0188646175053262,1
6141,0,0,0,0,0,2,0,0,0,0,0,2,0,0,1,1,1,0,1,1,0.048235485972303656,-0.1514107908579121,0
6142,0,0,0,0,0,1,0,0,1,1,0,0,0,0,0,1,1,0,0,0,0.6725482172352995,-1.5684128714833176,0
6143,0,1,0,0,1,1,1,0,0,1,1,1,1,0,1,1,0,0,2,0,-0.41530101414921694,0.27563070968740794,0
6144,0,0,1,0,0,2,1,1,2,1,1,0,2,1,0,1,1,0,2,2,0.643994025575353,0.5043841987116,0
6145,0,1,2,0,0,1,0,0,1,1,0,1,1,0,0,1,1,2,0,0,0.9370275303481834,1.3276270950608167,1
6146,0,0,0,0,0,0,0,0,1,0,1,0,0,0,0,2,2,0,0,0,-0.04011778523151542,1.5955269358443347,0
6147,1,0,0,0,0,1,0,0,2,0,1,0,0,0,0,0,0,0,0,1,1.689757204995989,2.193308441758928,1
6148,0,0,0,0,1,2,0,0,1,0,0,1,1,1,0,1,0,1,0,1,0.7246231891304422,0.2577044993608265,0
6149,0,1,0,0,0,2,0,0,1,1,0,0,0,2,1,0,0,1,0,0,-0.8408227665503017,-0.7645500572590233,0
6150,0,0,1,1,0,0,0,1,0,2,1,1,0,0,1,1,0,1,1,1,-0.648120691642932,0.02361160414320454,0
6151,0,0,1,0,1,0,0,0,0,0,0,1,0,0,0,2,0,0,1,0,1.468500272663441,0.521870398743869,0
6152,0,1,1,0,1,2,0,0,1,0,1,1,1,0,0,1,1,0,0,0,-1.663276623495019,0.43426665948881515,0
6153,1,1,2,0,0,1,0,0,1,0,2,1,2,0,0,1,0,1,1,2,-1.4433400989523912,1.0593839238691802,1
6154,0,0,0,0,1,1,0,0,1,0,1,1,0,1,0,1,1,0,1,0,1.6688385290743282,0.592229414188821,0
6155,0,1,0,0,0,0,0,0,1,1,2,0,1,0,0,0,1,2,1,0,1.2151138608982488,0.051882353100852485,1
6156,0,1,0,1,0,2,0,1,1,0,1,1,1,1,1,1,2,0,0,0,-1.3408230576110922,-0.4344441067520184,0
6157,0,1,2,0,0,2,0,0,1,1,0,0,1,1,0,2,0,1,1,0,-0.33994735345100835,1.562507030859467,1
6158,0,0,0,1,0,2,0,1,1,1,0,1,2,0,0,1,1,1,0,1,0.14054213063466173,1.792241075827791,0
6159,1,0,0,0,0,1,1,0,0,0,0,1,0,0,0,0,0,1,0,1,0.12849125712887877,-0.18481799326075032,0
6160,1,0,0,0,0,1,0,1,0,0,2,0,1,0,1,0,1,1,2,1,0.1196627286871684,0.5245077406841145,0
6161,0,1,1,0,0,1,0,0,1,0,0,1,1,0,0,2,2,0,1,1,0.5137552648829599,1.132739339122778,0
6162,0,1,0,0,1,0,0,0,1,0,1,0,2,0,0,0,1,1,1,0,-1.4074378109326489,-0.35713108077022715,1
6163,0,1,0,0,1,1,0,0,0,1,1,1,0,0,1,0,0,1,1,0,1.5189543058512691,0.718640287695933,0
6164,0,0,0,0,0,2,0,0,2,0,1,0,0,1,1,1,0,2,1,0,-2.1285173499965997,-2.1132725284577303,0
6165,0,0,2,0,1,1,0,1,0,1,2,1,0,2,0,2,0,0,0,1,-1.1570087073166777,-0.8633399756833691,0
6166,0,0,1,0,1,2,0,0,0,1,0,1,0,1,0,1,1,0,0,0,-0.8548220818370332,-0.6258768892644795,0
6167,0,1,0,0,0,1,1,0,1,0,0,0,0,0,0,1,1,0,1,2,-0.13994373404738455,-0.2645722566365005,0
6168,0,0,1,0,0,2,0,0,1,2,2,1,0,1,0,1,2,0,1,0,-1.4079827716073152,0.878804430804465,1
6169,1,1,1,0,0,1,0,0,0,0,0,1,1,0,1,1,1,0,1,1,-0.7571057035860018,0.8643301573004925,0
6170,0,1,1,0,0,1,2,0,0,1,0,0,0,0,0,2,0,1,0,1,-0.928348174173131,-0.9094879529281714,0
6171,0,0,0,1,1,1,1,0,0,0,1,0,1,1,0,0,0,0,1,0,0.03044800662575734,0.06780622216354498,0
6172,1,0,1,0,0,2,0,0,1,1,0,0,1,0,0,1,1,0,2,1,0.06684687389715545,0.6266211238133008,1
6173,0,1,0,0,0,1,1,1,1,0,1,1,1,0,1,1,1,0,2,1,-1.1754455678306586,-1.8593412316255558,1
6174,0,1,2,0,0,2,0,0,2,2,0,1,1,0,0,1,0,0,2,0,-0.13354175547786995,0.35850554611684277,0
6175,0,0,0,0,0,1,1,0,2,1,1,1,1,0,0,0,2,1,0,0,0.16396438753839293,-0.9770420247236941,0
6176,0,1,0,0,0,0,0,0,2,0,2,0,0,1,1,0,0,0,1,1,-0.2145435941965748,0.49581774878678386,0
6177,0,1,1,0,1,1,0,0,2,0,1,0,1,2,0,1,0,0,1,0,-0.02592084999681977,-0.32075321177966665,1
6178,0,0,1,0,0,1,0,0,1,0,0,1,0,0,0,0,1,0,2,1,1.218955659401086,0.5751677736137646,0
6179,0,2,2,0,0,0,0,1,1,0,1,1,1,0,0,1,1,1,1,1,0.030633171601737647,-1.2950947529695005,0
6180,0,2,0,0,0,0,0,0,2,0,0,2,1,0,0,0,0,0,2,0,0.6332191779400665,1.7993663059636806,1
6181,0,0,2,0,1,0,0,0,1,1,1,0,0,1,0,1,0,0,0,2,-0.3684525469362245,1.2128404157033836,0
6182,0,1,1,0,0,1,0,0,2,0,0,1,1,0,0,2,1,1,2,0,-0.23487847821192265,-0.4632452137362743,0
6183,0,0,1,0,0,1,0,0,0,0,0,0,2,0,1,1,1,1,0,0,-0.4296085334938532,-0.788643995668259,0
6184,1,0,0,0,0,2,0,0,0,1,2,1,1,0,0,2,1,1,0,1,-0.36359888726093664,-0.9191227012753105,0
6185,0,0,0,0,0,1,0,0,1,0,2,0,1,0,1,1,1,1,1,0,1.085125764603463,0.048212199249517945,0
6186,0,1,1,0,0,0,0,1,0,1,1,0,1,0,0,1,0,2,0,1,-1.0774078027014358,0.02888510741985162,0
6187,1,2,1,0,0,1,0,0,0,1,1,0,2,0,0,2,0,1,2,0,-0.7748638435033665,-0.21798646092938948,0
6188,0,2,0,0,1,0,0,1,1,0,1,2,1,0,0,2,0,0,1,1,-0.3731792326206533,-0.7941175399880436,1
6189,1,0,1,0,0,2,0,0,1,0,0,1,0,0,0,0,1,0,0,0,-1.6806133514952855,-0.25487733289351455,0
6190,0,1,1,0,1,1,0,0,1,1,0,0,0,0,1,2,1,0,1,0,-0.2391722785286317,-0.30646099718122344,0
6191,1,0,0,0,0,0,0,0,0,1,0,1,1,0,0,0,1,0,0,0,0.9108853373910172,-0.760896927092849,1
6192,0,0,1,0,0,1,0,1,1,1,1,2,0,0,0,2,1,0,1,1,-0.24518600538867424,0.30519500687894596,0
6193,0,1,0,0,0,1,0,0,1,2,0,1,1,0,1,2,0,0,0,1,0.3223273321494003,1.5428539798365217,1
6194,1,1,0,1,0,1,0,1,2,2,0,0,1,0,0,2,1,0,1,1,-1.080921412731491,-1.1865266279615336,0
6195,0,0,2,0,1,0,0,0,0,1,0,0,1,0,0,1,0,0,0,1,0.29406885402563704,-0.022503014611726546,0
6196,0,1,1,0,0,0,2,0,0,0,0,1,1,0,0,1,1,0,2,0,-0.5056924046780029,-0.7518318120006288,0
6197,1,1,1,0,1,1,0,0,1,0,0,1,1,1,0,2,1,0,0,1,0.5850001423947356,0.20718379191487632,0
6198,0,1,1,0,1,1,0,0,1,0,1,0,0,0,0,1,1,0,0,1,1.1188723230132054,1.5509690316402716,1
6199,0,0,1,0,0,1,0,0,2,1,0,0,1,1,1,0,1,1,2,0,0.6168875794375416,0.707292393010209,1
6200,0,0,0,0,0,0,0,0,0,2,1,0,0,1,1,1,0,0,2,1,0.7961363524063964,1.1391882977562668,1
6201,1,0,1,0,0,0,0,0,1,1,1,1,0,0,0,1,1,1,1,0,-0.13329862212533028,0.8939168884407833,0
6202,0,0,1,0,0,2,0,0,2,0,1,0,1,0,0,1,0,1,1,2,0.10146796321670835,0.11759639971395018,0
6203,0,0,1,0,0,1,2,0,0,1,1,1,1,0,0,0,0,1,0,0,-0.45713788536311495,-0.9572407708231857,0
6204,0,1,1,0,0,2,0,0,0,1,0,2,1,0,0,1,0,1,0,0,-0.3824016978598628,-1.5184056288895402,0
6205,0,2,0,0,0,2,0,0,1,1,2,1,1,0,2,0,1,0,1,1,-1.2530134920446319,-1.137770173089282,0
6206,0,0,0,0,1,0,1,0,0,0,1,1,0,1,0,1,1,1,1,1,0.9656249299011541,0.6717050941673284,0
6207,0,0,1,0,0,0,0,0,1,0,0,2,0,0,0,2,0,0,0,0,-1.560646265125545,1.347573525724425,0
6208,0,0,1,0,0,0,0,0,2,1,0,0,0,1,0,0,0,0,1,1,-0.8588879013369579,-0.40597528395011995,1
6209,0,0,1,0,1,1,0,0,1,1,1,1,1,0,0,0,1,1,1,0,-3.007679065124143,-1.8776129611403174,0
6210,0,0,1,0,0,1,0,0,0,2,1,1,0,1,0,1,1,0,0,0,3.1299173006393137,3.230196364298652,1
6211,0,1,1,0,0,0,1,0,0,0,0,0,0,0,1,0,0,0,2,1,0.3448765941877596,1.3648224973182748,1
6212,1,0,1,0,0,1,0,0,1,1,0,0,0,0,0,1,0,0,1,0,0.3592377982677665,2.779176324016111,0
6213,1,0,1,0,0,1,0,1,1,0,0,1,0,1,0,0,0,0,0,0,0.9744178644419929,-0.9791716613200458,0
6214,0,1,2,0,1,1,0,0,1,1,0,0,1,1,0,0,2,1,1,0,0.09787579835750955,-0.6726538652054851,0
6215,0,2,1,0,0,1,0,0,0,0,0,0,1,0,0,1,1,2,1,0,0.31200458536211445,-0.7026944691678826,1
6216,0,0,0,0,1,1,1,0,0,0,0,1,0,0,0,0,0,1,0,1,-0.0390838879347912,0.0751682951726803,0
6217,0,2,0,0,1,1,0,0,1,0,1,0,0,0,0,1,0,0,1,0,1.1976475025632844,-1.0364843122173473,0
6218,0,1,0,0,0,2,0,1,2,0,0,1,0,0,0,1,1,0,1,1,-0.28207904230815617,0.41360602642484756,1
6219,0,0,1,0,0,1,0,0,0,1,1,1,0,0,0,1,2,0,1,0,0.7405827860287657,-0.7574633469075667,0
6220,0,1,0,0,0,1,0,0,1,0,1,1,0,1,0,1,1,0,0,0,-1.01506530039036,-1.9944457533544317,0
6221,0,0,2,0,0,1,1,0,0,0,1,0,1,0,0,0,0,0,1,0,-0.06881564396088745,-1.1596640006560657,0
6222,0,1,0,0,0,0,0,0,0,2,1,0,0,0,0,1,1,0,0,2,0.35498476854617245,-0.4633759179342032,0
6223,0,0,0,0,1,0,0,0,1,0,1,0,1,0,0,1,0,1,2,0,1.821542652141265,0.28809487861692273,1
6224,0,0,1,0,0,2,0,0,1,2,2,1,1,2,0,1,2,2,1,1,1.5075832502823707,-0.05446245440877662,0
6225,0,2,1,0,1,1,0,0,1,1,0,2,1,0,0,1,0,1,0,0,0.1252570042393041,0.35994669601175,1
6226,1,0,0,0,0,0,0,0,0,1,0,1,1,1,0,0,1,0,0,1,0.7081815343691705,2.631655859090731,0
6227,0,0,1,0,0,2,0,0,1,1,0,0,0,0,0,0,0,0,2,0,-1.6339543825255378,-0.32829046828678066,0
6228,0,1,1,0,1,2,0,0,2,2,1,0,1,0,0,1,0,0,0,0,1.0810048199565772,0.6688179726618798,0
6229,0,0,0,0,1,0,0,0,1,0,2,0,1,0,0,0,1,1,0,0,-0.06909645486534358,-0.5259122075620621,1
6230,1,1,1,0,0,0,0,0,2,0,0,1,0,0,1,2,1,0,1,0,0.32374696337520265,0.675259135200703,1
6231,0,1,0,0,0,1,0,0,1,1,0,0,2,0,0,1,0,2,0,0,0.8539699556783794,-0.775132664942619,0
6232,0,1,0,0,0,2,0,0,1,0,0,0,0,2,1,1,0,1,1,0,-0.023618845191962563,0.8024821472509611,0
6233,2,1,0,0,0,2,0,0,0,2,0,1,1,0,0,0,1,1,2,1,-0.571945176831867,0.45253353932172313,0
6234,0,0,2,0,0,2,0,0,0,1,1,1,0,0,0,2,1,1,1,0,0.010501888690239113,-1.9329760331114636,0
6235,0,0,0,0,0,1,0,0,2,0,0,1,1,0,0,1,2,0,0,0,-0.3057384892290646,-2.1548254905752953,0
6236,0,1,0,0,0,1,0,0,2,0,0,1,0,0,1,0,0,0,0,0,1.0391647510241966,0.022265397346150236,0
6237,0,0,1,0,0,1,0,1,0,1,0,0,2,2,0,1,1,1,2,0,-0.7278626477406869,-0.9131867984474045,0
6238,0,1,0,0,0,1,1,0,2,1,1,1,1,1,0,0,1,0,0,0,0.9721345284081535,0.40065184436588186,0
6239,0,0,1,0,0,1,0,0,0,0,0,0,1,0,0,0,2,1,0,1,-0.9246675058376866,-0.0471632040528317,1
6240,1,1,1,0,0,1,0,2,1,1,0,0,1,1,0,1,0,1,1,0,0.20032150240153898,1.2756303107301217,0
6241,0,1,0,0,0,1,0,0,2,2,1,1,0,0,0,1,1,1,0,1,-1.4387098937813407,0.30264019068127235,0
6242,0,1,0,0,0,2,0,1,1,0,1,0,0,1,1,1,0,0,1,0,0.18631198176219685,0.7658129686331039,1
6243,0,0,0,0,1,0,1,1,2,0,0,0,1,0,0,0,1,2,0,0,-0.8748532221962361,-1.382789573185037,0
6244,1,1,1,0,0,2,0,0,2,1,0,2,2,1,0,1,1,0,0,1,1.2811735114731762,0.27294565858034325,0
6245,0,1,0,0,1,1,0,0,1,1,0,1,1,1,0,1,1,0,1,0,0.05104682396701066,-0.28465181355416863,0
6246,0,0,1,0,0,0,0,0,2,1,0,0,1,1,1,2,2,0,1,0,-0.8917082846737091,-1.6313834932828752,1
6247,0,0,2,0,1,1,0,0,0,0,1,0,1,1,1,1,1,0,1,1,-0.08770353908420363,-0.5426865643922313,0
6248,0,1,1,0,0,1,0,1,1,0,0,1,0,1,0,1,2,0,2,1,-0.9610201643385927,-0.08265319982007602,1
6249,1,0,1,0,0,0,0,1,2,1,0,1,0,0,0,1,0,1,1,0,-0.06192895073966924,-0.8008384967470221,0
6250,0,1,0,0,0,1,0,0,1,0,0,1,1,1,0,2,2,0,1,0,1.6741189838078971,0.6449745975881178,0
6251,0,1,1,0,1,1,0,0,0,1,1,0,0,1,0,1,1,1,2,1,-0.23946720937356908,-0.058673143352290055,0
6252,0,2,1,0,0,0,0,0,0,1,0,0,1,0,0,1,1,1,2,1,-0.6483781156883669,1.5130928781534718,0
6253,0,1,1,0,0,2,1,0,1,0,0,0,0,0,1,2,1,1,0,0,-0.30717315936108686,0.22388197978524366,0
6254,0,1,0,0,1,1,0,1,0,0,0,0,0,0,0,1,1,0,1,2,-0.023782099834191474,1.767800130737857,0
6255,0,0,1,0,1,1,0,0,2,0,0,1,1,0,0,1,2,0,0,1,0.24291061760826854,1.3407863569554277,1
6256,0,2,0,0,0,1,0,0,2,2,1,0,2,1,0,0,1,1,1,0,0.45607344956977525,-0.4165936221029496,0
6257,0,1,1,0,0,1,0,1,0,1,0,0,1,0,0,0,1,1,0,0,1.0210402967706695,-0.29573119264329917,0
6258,0,0,1,1,0,1,0,0,1,0,0,1,0,0,0,1,0,0,1,0,-0.5697661278184631,-0.7857098867417728,1
6259,1,0,1,0,1,2,0,0,1,0,0,0,0,0,1,1,1,0,0,2,0.29378810297813984,-1.0181903598289188,0
6260,1,0,0,0,0,1,0,0,1,2,1,0,2,1,0,2,0,0,2,0,1.3883370418607521,0.08203227000399271,0
6261,0,1,1,0,0,1,0,0,1,0,2,0,1,1,0,1,0,0,0,0,-0.7040475766502392,-2.025851287075338,0
6262,0,1,1,0,1,1,0,0,0,1,1,2,1,1,0,1,1,1,1,1,1.1737849355098178,-1.2064535030523789,0
6263,0,0,0,1,1,1,0,0,1,0,0,0,0,0,0,1,0,1,1,2,-0.5113092858738806,0.6848745861078585,0
6264,0,0,1,0,0,0,0,0,1,1,2,2,0,2,1,0,2,1,1,1,-0.9646185961076618,-0.0671812482293892,0
6265,0,0,1,0,0,1,0,0,1,1,1,0,0,0,0,1,1,2,1,2,-2.5974065280476504,-2.4896470884425703,0
6266,0,0,2,0,0,1,1,1,0,0,2,2,0,0,0,2,1,1,2,0,0.390990077029685,0.491930097016119,0
6267,0,1,1,0,0,1,0,1,1,1,0,0,0,0,1,0,0,0,0,1,-0.8199591163979653,0.9547874660029054,1
6268,0,1,0,0,0,1,0,0,1,0,1,1,1,0,0,1,1,1,0,2,-1.527608825833889,-1.9986429690981566,0
6269,0,1,0,0,2,0,0,1,1,2,1,0,1,1,0,2,0,0,2,0,-2.603341118034941,-1.319613904057283,0
6270,1,0,1,0,0,1,0,0,0,1,0,0,0,0,0,1,2,0,1,1,1.1900604284751322,0.6871781909746544,1
6271,1,0,1,0,0,1,0,0,1,1,1,0,1,0,0,2,0,1,0,1,0.40180220857768933,0.5082258503000117,1
6272,0,0,2,0,1,1,0,0,1,0,0,2,2,0,0,1,0,0,1,2,0.9551441626844357,2.1104338241236578,0
6273,0,0,0,0,0,1,0,0,0,1,1,1,1,0,0,1,1,0,1,1,-1.7838504422892907,-0.5435678102209673,0
6274,0,0,0,1,0,1,0,0,1,1,0,1,0,1,0,0,0,0,2,0,1.0625619855321036,1.7932041287367677,0
6275,0,0,2,0,0,1,0,0,1,0,1,2,0,0,0,1,1,1,1,2,0.08235513085704768,1.4732407028215297,1
6276,1,0,0,1,0,1,0,1,0,0,2,1,1,0,0,0,2,1,1,0,1.4870343000158766,0.6478817067712658,0
6277,0,1,0,0,0,2,1,0,0,0,0,1,0,0,0,0,0,1,1,1,0.6057559363008526,1.716478738252525,1
6278,0,1,1,0,0,0,0,0,1,1,2,0,0,0,0,0,0,2,0,1,-0.41316156370423973,-0.835804777594034,0
6279,0,1,1,0,1,2,0,0,0,1,0,1,1,0,0,2,1,2,2,1,-1.5976081502683575,-1.0416081538062962,0
6280,1,1,0,0,0,0,0,1,0,0,0,0,0,0,0,2,1,1,1,0,0.1716692860116912,-0.2599492490927141,0
6281,0,0,1,0,1,1,0,1,0,0,0,0,0,0,0,1,0,2,1,1,-0.14799487206132897,0.9895045833875282,0
6282,0,0,0,0,0,1,1,1,1,1,0,1,0,0,0,2,0,0,0,1,1.0524581079848967,-0.5918888146342804,0
6283,0,1,0,0,2,2,0,0,0,0,0,1,2,1,1,1,1,1,0,1,0.546967311353013,0.26533187494931915,1
6284,0,0,0,0,0,0,0,0,0,1,0,1,2,0,0,0,0,0,2,1,1.8347601890225806,1.837415446512388,1
6285,0,0,0,0,1,1,0,0,2,1,0,0,1,1,0,1,1,1,1,1,0.6128128741555545,1.4169045212700577,1
6286,1,1,0,0,0,0,0,0,0,0,0,0,0,0,1,0,0,0,0,1,-0.6784179220619917,0.8335930255674815,1
6287,1,0,0,0,0,2,0,0,1,1,0,0,1,0,0,0,1,0,1,1,0.9623871223446097,0.17971705905494906,1
6288,0,0,0,0,2,1,0,0,1,1,0,1,1,1,0,2,1,0,0,1,-1.3529655308656283,0.3176958197424555,1
6289,0,0,0,0,0,1,0,0,2,1,2,0,2,1,0,0,0,1,1,1,0.06999092206450554,0.5341808085552691,0
6290,0,0,1,0,0,0,0,0,1,0,0,0,0,1,0,0,0,1,0,2,0.8123787307795235,-0.5800382745503101,0
6291,0,0,0,0,0,1,0,0,1,1,1,1,1,0,0,0,1,0,0,0,0.9541293669370731,-0.9014288602969617,0
6292,0,0,1,0,0,0,0,0,1,2,1,0,0,0,1,2,1,0,0,1,0.9930059519597748,1.5500278268181042,1
6293,0,1,0,1,2,2,0,1,0,0,0,0,1,0,1,1,1,0,0,0,0.5607284634341624,-0.2535788263489691,0
6294,1,0,0,0,1,0,0,0,1,1,0,1,0,0,1,1,2,0,0,1,0.5455552266745265,-0.5044380460761926,1
6295,0,1,0,0,1,1,0,1,2,2,0,2,0,1,1,0,0,1,1,2,-0.26939549364079785,-0.556257253929079,0
6296,0,1,0,0,0,2,0,0,0,1,1,0,0,1,0,0,0,1,1,1,0.39134455363095605,1.601307551075649,1
6297,1,0,1,0,0,1,0,0,2,2,0,2,2,0,1,0,0,0,2,1,0.5619034533261599,1.0567552198050194,0
6298,0,2,2,0,0,0,0,0,2,1,0,1,1,1,0,2,0,0,1,1,0.40518114740783,-0.4989379678034461,0
6299,0,1,1,0,0,1,0,1,1,1,0,1,0,0,1,0,0,0,2,2,-1.36039245314468,-1.4928954839080868,0
6300,0,1,2,0,0,2,0,0,2,2,1,2,0,0,0,0,1,0,1,1,1.4683272477083071,-0.5567410151314374,0
6301,0,1,1,0,0,1,0,0,1,1,2,1,0,0,0,0,0,0,0,0,-1.5038170777976252,-0.7197424351610681,0
6302,0,1,1,0,0,0,0,0,2,1,0,1,1,0,0,0,0,0,2,1,1.6667503603850484,1.2532531117799421,0
6303,1,0,0,0,1,1,0,0,0,1,2,0,0,1,0,0,0,0,0,2,0.2757651448728725,-0.005060525998755179,1
6304,0,1,0,0,0,1,0,0,0,1,0,1,2,1,1,0,1,0,1,1,-0.8635597860014396,-0.2690768005489675,0
6305,0,0,1,0,0,0,0,0,0,1,1,0,0,0,0,2,1,0,0,0,2.285697848133847,1.509930308383976,0
6306,0,1,1,0,1,2,0,0,2,0,1,2,1,0,0,0,1,2,0,1,-0.49880195260856397,-0.2913325934629181,0
6307,0,0,1,0,0,1,0,0,2,2,0,0,2,0,0,0,1,1,1,1,0.09947148078650288,1.1190321578008344,1
6308,0,0,1,0,0,0,0,0,2,1,0,0,1,1,2,0,0,1,1,0,-0.22792338821108896,0.03912814155540999,1
6309,0,1,1,0,0,2,0,2,0,0,0,2,2,0,0,1,0,0,0,1,0.24288423518835245,0.36112000891105783,1
6310,1,0,1,0,0,1,0,1,0,1,0,0,1,0,0,1,1,0,1,0,-0.8149764531641294,1.2368085163752338,0
6311,1,1,1,0,1,1,0,0,1,0,0,1,2,1,0,0,0,1,1,1,0.07458463946683669,-0.8305733753025004,0
6312,0,0,1,0,0,0,0,0,0,0,0,0,1,0,0,0,1,1,0,0,-1.1569753185879528,-0.7427239047949067,1
6313,0,0,0,1,1,1,0,0,1,2,1,1,1,1,0,2,1,1,1,0,-0.49026820431208584,0.4135299538135927,0
6314,0,0,0,0,0,1,0,0,2,0,1,1,2,0,0,1,1,1,0,0,1.098067666108029,-1.6585410719263298,0
6315,1,1,1,0,0,2,0,0,1,0,0,2,1,0,1,1,1,0,1,0,0.6409969118488774,1.0245307070204137,0
6316,0,0,1,0,0,1,0,1,0,1,0,1,1,0,0,1,1,0,1,0,-0.9546429463507402,-1.926685126107235,0
6317,1,0,2,0,0,0,0,0,0,0,0,0,1,0,0,1,1,0,0,0,0.5883957916669754,0.12661606978018392,1
6318,0,0,1,0,0,2,0,0,1,0,0,0,0,1,0,0,0,1,1,0,0.7994017850396864,-0.09022007946921307,0
6319,0,2,0,0,1,0,0,0,0,1,0,1,0,0,0,1,0,0,0,0,0.6124875569314624,1.7495553005515017,0
6320,1,1,1,0,0,0,1,1,2,0,1,0,1,0,0,1,1,1,0,1,0.9629720440316448,1.3360523314900061,1
6321,0,1,2,0,0,1,1,0,2,0,2,0,1,0,0,2,0,0,0,0,-0.7889999229673312,-1.8880631841532556,0
6322,0,0,0,0,0,2,0,0,1,0,1,1,1,1,1,1,0,0,0,0,1.514258868740046,0.9547509051410321,0
6323,0,1,1,0,0,1,0,1,1,1,0,0,1,0,0,2,0,1,0,1,-0.9585844708438983,-1.757018297938998,1
6324,0,0,0,0,0,2,0,0,2,1,2,0,1,0,0,2,2,0,2,0,-0.0709550242676403,-1.9312158185731676,0
6325,0,0,0,0,0,0,0,0,0,2,1,1,0,0,0,1,0,0,1,0,-0.11106878567760617,0.9301562756810442,0
6326,0,1,0,0,1,2,0,0,2,0,0,1,2,0,0,1,0,1,1,0,-0.2370284158028067,0.9766825521953857,1
6327,1,1,0,0,0,1,1,0,1,1,1,0,1,0,1,2,0,0,0,1,1.714454484974988,1.1630840987128503,0
6328,0,1,1,0,0,1,0,0,1,0,1,1,2,1,0,0,1,0,1,0,1.3189073253067054,-0.23872253203764465,0
6329,0,0,1,0,0,2,0,0,2,0,1,0,0,0,0,2,1,1,0,1,-1.3970106373823454,0.4446331179490196,0
6330,1,1,2,0,0,1,0,0,1,1,0,0,1,0,1,0,1,0,0,0,-1.6479086045745335,-1.293656003006412,0
6331,0,1,1,1,0,0,0,0,2,0,1,0,0,0,1,0,2,0,1,0,-1.0715540990954469,0.17002150900042734,0
6332,2,0,0,0,0,2,1,0,0,1,1,1,0,0,0,1,0,0,0,1,-2.0460863101279494,-0.5045603574076465,0
6333,0,0,1,0,0,0,0,1,1,0,2,1,0,0,0,2,1,0,2,1,0.7639896493631392,0.18063885065811291,1
6334,0,1,2,1,0,1,0,0,0,1,1,0,1,0,0,0,1,0,1,1,1.1900785997831296,0.25436073281159993,1
6335,1,0,1,0,0,0,0,0,1,0,1,0,1,1,0,1,1,0,2,0,0.3259052260244549,0.7599046605066906,0
6336,0,1,1,1,0,1,0,1,0,0,1,2,0,0,1,1,1,1,1,0,-0.45132633867017835,-2.3390352325615216,0
6337,0,1,2,0,0,2,0,0,0,0,0,1,0,0,0,0,2,1,0,0,0.4231502465769102,-0.5682825924042431,0
6338,0,0,2,1,0,2,0,0,1,1,0,0,2,1,0,2,0,0,1,0,1.5923265673691613,2.126591062042687,1
6339,0,0,1,0,0,1,0,0,2,0,2,0,1,0,0,1,1,0,0,0,1.8859140307110542,-0.11369664571448879,0
6340,1,0,0,0,0,1,1,0,1,1,0,1,0,0,1,0,0,1,2,0,-1.0190167469711138,0.3416563337754278,1
6341,0,0,1,0,0,1,0,0,1,1,0,1,2,0,1,0,1,0,1,1,1.2786949350801302,0.47753163086712963,0
6342,0,0,1,0,0,2,1,0,1,0,1,1,0,0,0,1,1,0,2,1,-1.051098344276049,-1.7951475751028947,0
6343,0,1,0,0,0,2,0,0,1,0,0,1,2,0,0,2,0,0,1,1,0.4535298565044349,1.7044479406321753,0
6344,1,0,2,0,0,0,1,0,1,2,1,2,1,0,0,2,0,0,1,1,-1.4612916165840688,1.3927582006423493,1
6345,0,1,1,0,1,0,0,0,1,1,2,0,2,0,1,0,0,0,1,1,1.3291334948845204,0.500492531971122,0
6346,1,1,2,0,0,1,0,0,1,1,0,1,0,2,1,0,2,0,1,0,0.6343109567318306,0.39058522975317,0
6347,0,1,1,0,0,1,0,0,1,1,1,0,0,0,0,1,0,0,1,1,-0.5365218802251009,0.1606872452061383,0
6348,0,0,1,0,0,1,0,0,0,2,0,0,2,0,0,0,2,2,1,0,-1.3061695373825912,-1.0853588219946098,0
6349,1,1,2,0,0,2,0,0,1,2,1,0,0,0,0,0,0,1,2,0,-0.19335063608459058,-1.0144524787128426,1
6350,0,0,1,0,0,2,0,0,0,2,0,0,0,0,0,1,1,0,0,0,-1.5286943568443512,-0.190224331936687,1
6351,0,1,1,0,0,1,0,0,1,1,0,0,1,1,0,0,1,1,1,0,0.6146259705300153,0.04294507581741619,0
6352,0,0,1,0,1,1,0,0,2,1,0,0,2,0,1,1,1,0,1,0,-1.1639147616835883,-1.3155211836582525,0
6353,0,2,0,2,0,1,0,0,1,0,1,0,1,0,1,0,1,2,0,2,0.2813408542063307,0.6595753728191077,0
6354,1,0,1,1,0,0,0,0,2,1,2,0,0,0,1,1,1,1,0,0,1.7666677098911612,-0.1759525372676577,1
6355,0,1,0,0,1,1,0,0,1,1,1,0,0,0,1,1,0,0,0,1,0.7347515053951179,1.0476239528381848,0
6356,0,0,2,1,0,2,0,0,1,0,1,0,1,0,0,2,1,1,1,1,-0.03566159029286494,-0.336849912065002,0
6357,1,0,0,0,0,1,0,0,2,2,1,0,2,0,0,0,0,0,2,0,1.0162752278358032,0.8112764181238775,1
6358,0,0,0,0,0,1,0,0,0,0,0,0,1,0,0,0,0,0,1,1,0.36399570877848214,-0.6959072919672089,1
6359,0,0,0,0,0,2,0,0,1,0,0,1,0,0,0,2,1,0,2,1,-0.2605149706067215,-0.4710579782593073,0
6360,0,2,1,0,1,0,1,1,2,1,0,0,2,0,0,1,1,0,1,0,-1.6000942392710804,-1.415627378249026,0
6361,0,0,0,1,0,1,0,0,0,0,0,1,0,0,1,2,0,0,2,1,-0.3348030188300039,0.9310459960711273,0
6362,0,0,1,0,0,0,0,0,1,1,0,0,0,0,0,1,0,1,1,0,-0.2556890249912898,0.7866646938410803,0
6363,0,1,0,0,0,1,0,1,1,0,0,1,0,1,0,2,0,0,1,2,-0.6296982934679657,-2.2722370224178903,1
6364,1,0,1,0,1,0,0,1,1,0,0,0,0,0,0,1,1,0,1,1,-0.1617419908727933,-0.7076581923056694,0
6365,0,1,0,1,0,1,0,1,0,0,1,0,1,0,0,1,1,0,1,0,-0.16186353474654588,-1.0325824656262237,0
6366,1,1,0,0,0,2,0,2,0,1,0,2,1,0,0,2,1,0,0,0,1.1757658266294115,0.1408520556429564,1
6367,0,0,1,0,1,2,0,0,2,1,1,0,0,0,1,1,2,1,1,1,0.4798304565388193,0.4600205006563931,0
6368,0,1,0,0,0,2,0,0,1,1,1,0,0,0,0,0,0,1,1,0,-1.518899011045382,-0.5015198076906435,0
6369,0,0,0,0,1,1,0,0,2,0,0,0,2,0,0,1,1,0,1,1,-0.522639824144722,-0.31553061220114675,0
6370,0,0,1,0,0,2,0,0,1,1,0,1,0,0,0,1,2,1,1,1,2.0299008307955853,0.5745244012033772,0
6371,1,0,0,0,0,2,0,0,1,1,1,0,0,0,0,0,0,0,0,0,1.1906075396014668,1.178406375584293,0
6372,0,1,0,0,1,0,1,0,1,0,0,0,1,0,0,1,0,1,1,0,0.6825138905058036,-0.844244320729251,0
6373,0,0,0,0,0,2,0,0,1,1,0,1,1,1,0,0,0,0,1,0,-0.5766320413193396,0.8220933299237483,0
6374,0,0,0,0,0,1,0,0,2,2,0,1,0,0,0,1,1,1,0,0,-1.4884147308201743,0.9411082038147851,1
6375,0,1,0,0,0,2,0,0,1,2,0,1,0,0,0,0,0,2,0,0,0.44877820587740486,-0.8012046215896529,0
6376,0,0,2,0,0,0,0,0,1,1,0,0,1,1,0,1,1,0,0,0,-1.6174633064527266,-1.7519089937459924,0
6377,1,0,1,0,1,1,0,0,1,1,1,1,2,0,1,1,0,0,1,0,-1.298368658722821,1.5317544439565034,1
6378,1,2,1,0,0,2,0,0,0,1,1,1,1,0,0,2,0,1,1,0,0.7144814194471552,0.7553420152501538,0
6379,1,1,1,0,0,0,0,1,2,1,1,2,1,1,0,1,1,0,0,1,0.5664103474577967,0.07532782651232389,0
6380,0,0,1,1,1,0,0,1,0,1,2,2,2,0,0,0,1,1,0,0,0.14275919361091013,-0.48704762538014595,0
6381,0,1,1,0,0,1,1,0,1,0,0,0,1,1,1,1,1,1,2,1,-1.3805308328231267,-0.4372887021946308,0
6382,1,1,2,0,1,0,0,0,1,0,0,0,0,2,0,2,0,1,1,0,-0.3810809962406692,0.17797737882660314,1
6383,0,2,0,0,0,0,0,0,1,0,1,2,1,0,1,1,0,0,0,0,0.915506648529077,-0.7214345315911738,1
6384,0,0,0,0,1,1,0,0,0,1,0,0,0,0,0,1,2,0,1,1,-0.09307439471430377,0.8773544202530043,0
6385,0,1,1,0,0,1,0,0,1,1,0,0,1,0,0,1,1,0,0,1,0.6002966410492979,0.08145395888392817,0
6386,0,1,0,0,0,1,1,0,1,0,0,0,0,0,1,1,1,1,1,1,-0.13267605149495665,-0.4351470462698148,0
6387,0,0,1,1,0,1,0,0,0,1,1,0,0,0,0,1,0,0,1,0,-0.7255161900929972,-0.6065461728411505,0
6388,0,0,1,0,0,1,0,0,1,0,1,0,1,1,0,1,0,0,0,0,-0.041771455228654414,0.34567148630601885,0
6389,1,1,1,1,0,1,0,0,2,0,2,1,1,0,0,0,1,1,0,1,-0.8553689016575466,-1.6508352242748416,0
6390,0,1,1,1,0,2,0,1,1,1,1,0,0,0,0,1,1,0,1,0,-1.047765986118667,-0.6333573869525648,0
6391,0,0,0,0,1,0,0,1,1,1,0,0,1,0,0,2,0,1,1,1,-0.26404230318927635,0.4575543307131788,0
6392,0,1,0,0,0,1,0,2,2,0,0,0,0,0,0,0,2,1,2,1,0.24081447828988933,-0.6234062947829724,1
6393,0,1,0,0,0,1,0,1,1,1,0,0,1,0,0,0,1,0,0,0,0.0826211052675131,-0.826799241957815,1
6394,0,1,0,0,1,1,0,0,1,1,0,1,1,0,0,0,1,0,2,2,1.0274764888314933,0.7791170192278924,0
6395,0,0,1,0,1,1,0,0,1,0,1,1,0,0,0,0,0,0,1,0,-0.9728152578245097,-0.06059667862632134,0
6396,0,1,2,0,0,2,0,0,2,0,1,0,0,1,0,1,2,2,1,0,-0.8488523962753332,-0.6165599669891024,0
6397,1,1,1,0,0,1,0,0,1,0,0,0,1,1,0,1,1,1,1,1,-0.3381708281412405,-0.047783347135759005,1
6398,0,0,0,0,0,0,1,0,1,1,1,1,2,0,0,2,0,1,0,0,0.24715999042629422,-1.2601636383895356,0
6399,0,1,1,0,0,1,0,0,0,1,0,0,1,0,0,2,2,1,1,1,-1.6291359623220387,-0.48073374863391716,0
6400,0,0,1,0,1,2,0,0,2,1,0,2,0,0,0,0,1,0,0,1,-1.146122477159646,0.7392199083340127,1
6401,0,1,1,1,0,0,1,1,1,1,0,1,1,0,0,2,0,0,1,1,0.5824635171200051,0.9291174199681527,0
6402,0,1,1,0,0,1,0,1,0,1,0,1,1,0,0,1,1,1,0,1,1.7223018470901577,0.4415593113066035,1
6403,0,1,0,0,0,0,0,1,1,0,0,0,0,0,0,0,0,1,1,2,1.3325950187056315,-1.1098862117752009,0
6404,1,0,2,0,0,2,0,0,0,0,1,0,1,0,1,0,0,2,2,0,-0.5373258818844601,0.33516386408436466,1
6405,0,1,2,0,1,0,0,0,2,0,0,0,0,1,0,0,2,0,1,0,-0.030040351126281124,1.468727276058654,0
6406,0,0,0,0,0,1,0,0,1,0,1,2,0,0,1,1,0,0,1,1,-0.42131787982400076,-0.8738400093876724,0
6407,0,0,0,0,0,0,0,1,1,1,0,0,1,0,0,0,1,2,1,0,1.1193591810786407,0.022587279498116286,0
6408,0,1,0,0,0,0,0,0,1,1,0,0,0,0,0,2,1,1,1,1,1.4882135956445697,3.0719990613429857,1
6409,1,1,0,0,0,1,0,0,0,2,2,1,0,0,1,0,0,0,0,0,-1.0470976244710624,0.8776773349526823,0
6410,0,0,1,0,0,1,0,0,2,1,0,0,0,1,0,0,1,0,0,2,1.6114811994964622,0.2593832258112285,0
6411,0,2,1,0,1,2,0,0,0,0,0,0,0,0,0,1,0,0,0,1,-0.04435843674808614,-0.9456354347145062,0
6412,0,1,0,0,0,2,0,0,0,0,0,0,0,0,0,0,0,0,1,1,0.977413143458362,1.100870016962452,0
6413,1,0,0,0,0,1,0,0,0,1,0,1,2,0,0,0,1,1,1,1,-0.2742875035663555,-0.19210019116446495,0
6414,0,1,1,0,0,1,0,0,1,0,2,0,1,0,1,1,1,0,0,0,-0.9464365527312981,-1.7466399309162306,0
6415,1,0,0,0,0,1,0,0,1,0,0,1,1,1,0,1,2,0,0,0,0.6990065617696533,-0.32348359683754213,0
6416,0,1,0,0,1,0,0,0,2,1,1,2,1,0,1,1,1,0,2,1,-1.2212792673228503,-1.5835341994556105,0
6417,0,0,0,0,0,1,0,0,1,1,0,0,0,1,1,0,0,0,1,1,-0.3199493982869539,1.5794912442400555,1
6418,0,0,1,0,0,0,0,0,0,0,0,0,2,0,0,1,1,0,1,0,0.35126659332464144,0.5323949645743157,0
6419,0,1,1,0,0,0,0,0,2,1,0,1,0,0,0,1,0,0,0,0,1.4562872743692623,-0.632578732994609,1
6420,0,0,0,0,0,2,1,0,2,1,0,2,0,0,0,1,0,1,0,1,-0.157958208136773,0.7136727746263773,0
6421,1,0,0,0,1,0,0,1,0,0,0,0,1,1,0,1,1,0,0,2,-0.14410249016075366,-1.8121491120408526,0
6422,0,0,1,0,0,2,0,0,1,0,0,1,0,0,0,1,2,0,1,2,0.594046385043046,0.5596622924882352,1
6423,0,0,1,0,0,1,0,0,0,2,1,1,1,0,0,0,1,0,1,1,-0.5720182418659208,0.42192770777426725,0
6424,0,0,0,0,1,1,1,0,1,0,1,1,0,1,0,1,0,1,1,2,0.35240201269010607,0.125832792992203,0
6425,0,0,1,0,0,1,0,0,2,0,0,0,0,0,0,1,0,0,1,1,1.4654264939308104,-0.6230514820519576,0
6426,0,1,0,0,0,2,0,0,2,1,0,1,1,0,0,1,0,0,1,0,-0.3500030817304097,0.35700129203677217,0
6427,0,0,0,0,0,1,0,0,1,0,1,2,0,1,1,1,1,1,2,0,-0.21571381136245196,-0.4105843824698134,0
6428,0,1,2,0,0,2,0,0,0,2,0,0,1,1,0,1,0,0,1,1,-0.40738782875955865,-0.9510266793218299,0
6429,0,2,1,0,0,0,0,0,0,2,0,1,0,0,0,1,1,1,1,1,0.5126899736898527,2.4482317966213083,1
6430,0,0,2,0,0,1,0,1,0,0,0,0,0,0,0,1,2,1,2,0,0.17404287861376871,1.6403263316497942,0
6431,0,1,0,0,0,0,0,0,0,0,0,1,0,1,0,0,2,0,1,0,0.3751988776779578,-0.42693561190153806,1
6432,0,0,0,0,0,0,0,0,1,2,0,0,0,0,0,0,1,1,2,0,0.059512697405575736,1.739739354983403,0
6433,0,2,0,0,1,1,1,0,2,1,0,0,2,0,0,2,1,1,0,1,1.2555560445504719,-0.19773449246064007,1
6434,0,0,1,0,0,1,1,0,1,1,0,1,1,0,0,0,0,0,2,0,-0.6763912372776207,-1.0434504954907706,0
6435,0,1,1,0,0,1,0,0,0,1,1,0,1,0,1,1,2,1,1,2,0.08447668751157289,-1.7010536419860043,1
6436,0,1,0,0,0,1,1,0,2,1,0,1,0,0,1,2,2,2,1,2,-0.23608333892998282,-0.6908913957891203,0
6437,0,0,1,0,0,0,0,0,1,1,0,1,2,0,1,1,2,1,1,0,1.3721676188227698,2.8370740673003283,0
6438,0,0,1,1,1,2,0,0,1,1,1,1,1,0,0,0,2,0,2,1,1.5804899607847995,0.39283790710033156,0
6439,0,0,0,0,0,2,0,0,2,0,0,0,2,1,1,2,0,0,0,0,-1.4592759481053523,-1.630880606848907,0
6440,0,0,1,0,0,1,0,0,2,1,0,0,0,0,0,0,1,0,2,0,0.1951737294977043,-0.12125330772483414,1
6441,0,0,1,1,1,1,0,0,1,1,0,0,0,2,0,2,0,1,1,2,1.493469036094848,1.503729717884735,1
6442,0,1,1,1,0,1,0,0,1,2,1,1,0,0,1,0,0,1,2,0,0.3139340079337566,-2.2511842943687927,1
6443,0,0,1,1,0,2,0,0,1,1,1,1,0,1,0,0,1,0,1,1,0.7580671456170308,0.6559532883599271,0
6444,0,1,1,0,0,1,1,1,1,0,1,0,0,0,1,1,1,1,1,1,-1.8888089916713962,-2.694961645298145,0
6445,0,1,2,0,0,1,1,0,2,1,0,0,1,0,0,1,2,0,0,1,-0.04404872752865591,0.7600193054718716,0
6446,0,1,0,0,1,2,0,0,1,0,0,0,0,1,1,2,0,1,0,0,-0.12789435050741615,0.2221240108856658,0
6447,0,0,0,0,1,0,0,1,2,0,1,0,0,2,0,2,1,2,0,0,0.4958751345121752,-0.7628759977822247,1
6448,0,1,1,1,2,1,0,0,1,1,0,0,0,0,0,1,0,0,0,1,-0.4227754213100965,-0.2204738694790382,0
6449,0,1,0,0,0,1,0,0,2,2,0,1,0,0,0,0,1,1,0,1,1.7888471499109946,0.18553146442469565,0
6450,0,0,0,0,1,2,0,0,0,2,1,0,0,1,1,1,0,0,1,0,-0.16762078298485264,1.337740231971346,1
6451,1,2,0,0,0,1,0,0,1,1,0,0,0,1,0,1,0,1,0,1,-1.2266162497508781,-1.098111920214886,1
6452,0,2,0,0,0,1,1,0,1,1,0,0,0,0,0,1,1,1,0,0,-1.1620881282082176,-0.711464381699688,0
6453,0,1,1,0,1,0,1,0,2,2,2,1,1,0,0,2,1,0,1,0,-1.4099822301491085,-0.7114590271696113,1
6454,1,0,0,0,0,2,0,0,1,1,2,2,1,1,0,1,0,1,0,2,-0.197062601112522,1.5003415645426759,0
6455,0,0,0,0,0,1,0,0,2,0,2,1,0,1,0,2,1,0,1,0,0.3718105810667113,-0.10674687466067548,0
6456,0,0,1,0,0,1,0,0,0,1,1,1,0,0,0,0,2,1,1,0,-1.0412565116801074,-1.0607420865164474,1
6457,0,0,1,0,0,1,0,1,2,1,0,0,1,0,0,0,0,0,1,1,1.991060871955452,3.076551914781449,1
6458,1,1,1,0,0,2,0,0,2,1,1,0,0,1,0,1,1,1,1,1,-1.111675755257529,0.6029524144249214,1
6459,0,1,1,0,2,1,0,0,1,1,0,0,1,0,0,0,1,1,0,1,1.5327925762380679,0.5639725216911822,0
6460,0,1,0,0,0,2,1,0,2,0,2,1,0,1,1,1,1,1,0,0,-0.41003418246401424,-1.583263361130327,0
6461,0,0,2,0,0,2,1,0,0,1,0,1,0,0,0,0,0,0,2,0,-1.182845928839933,-0.5156419412838393,0
6462,0,1,0,1,0,0,0,1,2,0,1,0,0,0,0,0,0,0,0,1,-1.2340254002967657,-1.9736336959425258,0
6463,0,0,1,0,0,1,0,0,2,0,0,1,1,0,0,1,1,0,1,1,-1.4414548789279744,0.42580298669378014,0
6464,0,0,1,0,0,0,0,0,1,2,0,0,1,0,0,1,2,1,2,1,0.9650083655619015,1.5048991839904533,0
6465,0,0,1,0,0,1,0,0,1,0,0,1,0,0,0,1,1,1,2,0,0.09539222525109362,0.6283425457173615,0
6466,0,0,0,0,0,1,0,0,1,0,0,0,2,0,1,2,1,0,0,0,0.2339853563411091,0.0028932826294566227,0
6467,1,0,1,1,1,0,0,0,1,0,0,1,1,0,0,0,2,2,2,1,2.3414305776586954,2.0884992689878614,1
6468,1,1,0,0,0,0,0,0,1,1,1,1,1,0,0,2,0,1,1,0,-0.507548685122047,0.20523955207005556,0
6469,0,0,1,0,1,1,0,0,1,1,0,0,1,0,0,0,2,1,2,2,1.9395788891672348,0.08213031980555308,0
6470,2,0,0,0,0,1,0,0,1,1,1,0,1,0,1,1,0,0,1,0,-0.40490902239503374,-1.356215214149598,0
6471,0,0,0,0,0,1,0,1,2,1,0,2,1,0,0,1,0,0,0,1,-0.508474544630412,0.1621927482252062,0
6472,0,0,1,1,0,1,0,0,1,1,0,0,1,0,1,2,1,0,0,0,0.3874033267645744,2.4411996948080557,0
6473,1,2,1,1,1,1,0,1,0,2,0,1,0,0,0,1,1,0,0,0,1.4551856169958335,0.2744179789781058,0
6474,0,1,0,0,1,0,0,0,1,1,0,0,0,1,1,0,2,1,1,0,-1.9634962374809068,-1.6623726902303804,0
6475,0,1,2,1,0,1,0,0,0,0,1,0,1,1,1,1,2,0,0,1,-1.5640594179835636,-0.7694471806354314,0
6476,0,1,0,0,0,0,0,0,2,1,0,0,0,0,0,0,1,0,1,1,-0.5373232420581004,-0.5263079978681557,0
6477,0,1,1,0,0,0,1,0,1,1,0,0,1,1,2,1,0,0,0,0,-0.39827343501871143,-0.276816905599488,0
6478,0,0,2,0,0,1,0,0,1,1,0,0,0,0,0,0,1,0,1,0,0.5348665992037236,-1.7146791151108272,0
6479,0,1,1,1,1,1,0,0,1,0,0,1,0,0,0,1,2,0,1,1,0.9171379232205749,1.6331403857385185,1
6480,0,0,2,0,0,1,1,0,1,1,0,0,0,0,0,1,1,0,1,0,1.4564285166046693,2.679657054835618,0
6481,0,0,1,0,0,0,0,0,2,0,0,1,1,0,0,1,1,1,1,0,-0.6398982012239255,-1.4395056294706499,0
6482,0,1,0,0,0,1,0,0,1,1,0,1,2,1,0,0,0,2,2,1,-0.4664536935584352,-0.0900684554036521,0
6483,0,0,0,0,1,0,1,0,2,0,0,1,1,0,1,2,1,0,0,1,0.19867689506236577,0.6639520227493586,1
6484,0,0,0,0,0,0,0,0,1,1,1,1,1,0,0,0,0,0,0,0,0.6320005856893092,1.6641078265511722,0
6485,0,0,1,0,1,0,0,0,1,1,2,1,1,1,0,0,1,0,0,1,0.6146839638866722,1.1113766463320296,1
6486,0,0,0,0,0,2,0,0,1,1,0,2,1,0,0,1,1,0,1,1,1.0846814791098651,1.133104539384615,0
6487,0,1,1,0,0,2,0,0,2,1,0,0,1,1,1,1,1,0,1,1,-0.07809887580217464,-0.6907129562362041,1
6488,0,1,1,0,0,0,0,0,1,0,0,2,1,0,0,1,0,0,0,1,-0.34501007844833304,-0.456461695130126,0
6489,0,1,0,0,0,1,0,0,0,1,1,1,0,0,0,2,0,1,1,0,-0.11878513411670828,0.7688754330712935,0
6490,0,0,0,0,0,2,0,0,2,0,1,0,1,1,0,2,1,1,0,0,0.36986151700913195,-0.7499161079401568,0
6491,0,0,0,0,0,1,0,1,0,1,0,0,1,0,0,0,0,0,0,0,0.7713697769254705,1.307142329982042,1
6492,1,0,0,0,0,2,0,0,1,0,1,0,0,0,1,0,1,0,1,1,-1.3440006766853334,-1.397135572886325,1
6493,0,0,0,0,1,0,0,0,0,2,0,0,2,1,0,2,1,0,2,2,-0.5033367840728077,0.4978384704346427,1
6494,0,2,0,0,0,0,0,0,1,1,0,1,1,0,1,2,1,1,0,0,0.9362067171716372,0.4649173209279685,0
6495,0,1,1,0,0,2,0,1,1,1,2,0,1,0,0,0,2,0,1,1,-0.1965694886049282,-2.4833406525710005,0
6496,0,1,2,0,0,2,0,0,0,1,0,2,1,0,0,1,1,0,0,0,2.3211722762167253,0.8882350409762003,0
6497,0,0,0,0,0,1,0,1,0,0,0,1,0,1,0,1,1,1,0,0,0.17781314225417652,1.8736511617529672,1
6498,0,2,0,0,0,2,0,0,2,0,0,0,0,0,0,0,0,1,1,1,-0.6466134069414495,-1.3236596076265683,0
6499,0,0,0,1,0,1,1,0,2,2,1,0,2,1,0,0,1,0,0,2,-0.5137330571677301,-0.2756764904883617,0
6500,1,1,0,0,0,0,0,0,2,2,0,1,0,0,1,1,0,0,1,1,1.9380622208566352,1.4981019147546684,1
6501,0,0,1,0,0,2,0,0,0,0,1,1,0,2,0,1,0,1,0,1,0.04629377907173395,1.3736537824816146,0
6502,0,1,1,0,0,1,1,0,0,0,1,0,0,0,1,1,1,0,1,0,-1.222896510019107,-1.9284259189245927,0
6503,0,0,0,0,0,1,0,0,0,1,1,2,1,0,0,0,0,1,1,1,-1.777635322407629,-1.6925884067964603,0
6504,1,1,0,0,0,1,0,0,1,2,0,1,0,0,1,1,1,1,0,1,-0.4332479281939646,0.22958625802112695,0
6505,0,0,0,1,0,2,0,0,0,1,1,1,0,1,0,1,1,1,0,1,-0.6719255102571556,0.4327602899668845,1
6506,0,1,1,0,1,0,0,0,0,0,0,2,1,1,0,1,0,1,1,2,-0.20429687000363336,-0.23135532846058188,1
6507,0,1,1,0,0,1,0,0,1,0,0,0,0,1,1,1,1,0,1,2,0.7896641194300228,0.6645136620369738,1
6508,0,0,1,0,0,1,0,0,1,0,0,1,0,2,1,0,0,0,1,0,0.2711126841155481,0.03250796221894811,1
6509,0,1,1,0,0,1,0,0,2,0,1,1,1,0,1,1,2,1,1,0,0.5788291812179809,1.2487984979475202,0
6510,0,0,0,0,0,2,0,0,0,1,1,1,1,0,0,1,0,0,0,1,0.5275017233088503,-0.38510211179820186,0
6511,0,0,0,0,0,1,1,0,2,1,1,0,1,0,0,0,1,0,1,0,0.9732850660954887,-0.7556700070271753,0
6512,1,0,1,0,0,0,0,0,0,1,0,1,1,0,0,0,1,0,0,0,1.4707908916544266,-0.08587699480612848,0
6513,1,0,2,0,0,1,0,0,2,1,0,1,0,0,0,2,1,1,2,1,-0.02529024810039837,-0.23953075768309784,0
6514,1,1,0,0,0,0,0,0,2,0,0,0,1,1,0,1,1,0,2,1,0.384775894028464,-0.11714535473583909,0
6515,0,1,1,0,1,1,0,1,1,0,0,0,0,0,0,0,1,0,0,1,-2.715313265751904,-1.593943648161542,0
6516,1,2,0,0,0,1,0,0,1,0,1,1,1,0,0,0,1,1,1,0,0.027155224614833665,0.39378850718857983,1
6517,0,0,0,0,0,0,0,0,2,1,0,0,1,1,0,0,1,0,0,0,-1.4879265533466648,-2.5078476828016623,0
6518,0,1,1,0,0,0,0,0,1,1,1,1,1,0,0,1,0,2,2,1,-3.6000164658903504,-2.562486739647052,0
6519,1,0,0,0,0,0,0,0,1,1,0,2,1,1,0,0,1,1,0,1,-0.5259528822393632,-0.3760779140348145,1
6520,0,0,2,0,0,0,0,0,1,1,1,1,1,0,0,1,2,0,2,1,0.9572986651901385,-1.2962280929969672,1
6521,1,2,2,0,0,1,0,0,2,0,0,1,0,1,0,0,0,0,0,0,-1.4591953059298777,-1.4834903278394242,0
6522,0,0,0,0,0,1,0,0,1,0,1,0,0,1,0,0,1,0,1,0,0.1265165845601606,0.8292406467100724,0
6523,1,0,0,0,1,0,0,1,1,2,2,2,0,0,0,0,1,0,2,0,1.7522707526511307,-2.0963620826671407,1
6524,1,1,1,0,0,0,0,0,2,2,0,0,1,1,1,0,1,0,1,2,0.9415392155392817,2.1868560306877347,1
6525,1,0,1,0,0,0,0,0,0,1,1,0,2,1,1,1,0,1,2,0,1.125410930907999,0.4355435062880124,0
6526,0,1,0,0,0,2,0,0,0,1,1,0,0,0,0,1,1,0,1,0,0.0946892548951508,1.6192006574053033,1
6527,1,1,0,0,0,0,0,0,1,0,1,2,1,0,0,1,1,0,1,0,-0.025373735554304458,-0.34774070038761046,1
6528,0,0,0,0,0,1,1,0,0,1,0,1,2,1,0,1,1,1,1,1,-1.3924082980625552,-2.2664471139045594,0
6529,0,0,2,0,0,2,0,0,0,0,0,0,1,0,0,1,0,0,0,0,-0.7258098712193827,-0.9010679609084872,0
6530,0,0,0,0,1,0,0,0,1,0,0,1,0,0,0,0,0,0,0,1,-0.282028052720242,0.7862623978898298,0
6531,0,0,1,0,0,1,0,0,2,0,1,0,1,0,0,1,1,0,1,0,-0.2883090481477622,-0.901915005137826,0
6532,0,0,1,0,0,1,0,0,0,1,0,0,0,0,0,2,2,0,1,0,-0.39825317428835444,0.4831849470351226,1
6533,0,2,0,0,0,1,0,0,2,0,0,1,1,0,0,0,0,1,0,1,2.658781352095966,2.9980162477672447,1
6534,0,1,1,0,0,0,0,1,1,1,1,1,0,1,0,0,0,0,1,0,0.2539571681090667,0.17350576715506183,1
6535,0,0,1,0,0,2,1,0,2,1,0,0,0,0,1,1,2,0,0,0,-0.8118069278943192,-1.5687223233804477,1
6536,0,0,1,0,0,1,0,0,0,0,0,0,0,0,0,1,2,0,1,0,-1.6525387435493042,-1.5126179981934746,0
6537,0,0,1,0,0,0,0,0,0,1,0,0,0,1,0,2,1,0,0,0,0.5156444981578697,2.4051159006286715,1
6538,1,0,0,0,1,1,0,0,2,0,1,0,1,0,1,0,1,0,1,1,0.27256853327628666,-0.5476630408761327,0
6539,1,0,1,0,0,2,0,0,0,0,1,2,0,0,0,0,0,1,2,1,-0.8770019852222407,0.06708076400251928,0
6540,0,0,1,0,0,1,0,0,2,1,1,2,0,0,0,2,0,0,1,0,1.2589359398910784,1.307949189434642,0
6541,0,1,1,0,0,0,0,1,1,0,1,0,1,0,0,1,1,1,1,1,1.8726321606958456,1.381022036745475,0
6542,0,0,0,0,1,2,0,0,1,1,0,0,1,0,1,2,0,2,1,0,1.2787418498977825,0.7852699202278871,1
6543,0,1,0,0,1,1,1,0,0,0,1,1,1,0,1,1,0,0,2,1,1.3557464819760732,-0.7462963341347597,1
6544,0,1,0,0,0,2,0,0,2,1,1,0,1,0,0,0,0,1,0,2,-1.452739186310094,-1.1399383704778825,1
6545,0,0,0,0,0,1,0,1,1,0,1,0,0,0,1,0,0,0,1,1,-0.9294081390211307,-1.194929034939111,0
6546,0,0,1,0,0,2,0,0,1,1,0,0,1,0,1,1,1,1,1,2,0.3231776760730579,-0.16378196473991746,1
6547,0,1,2,0,0,0,0,1,1,1,1,1,1,0,0,0,1,0,0,1,-0.1314756277221554,0.6684280638298047,1
6548,0,1,0,1,0,1,0,0,0,0,0,1,0,0,0,0,0,0,2,0,0.8339403977540326,0.9672844771798291,1
6549,1,1,1,0,1,1,0,0,1,2,1,0,0,0,1,0,2,1,0,1,0.29820645637117893,1.4515740007508926,1
6550,0,1,0,0,0,0,0,0,1,0,0,1,0,0,0,1,1,1,1,0,0.8411384241981631,-0.6568222926983086,0
6551,0,0,0,0,1,0,0,1,1,1,1,0,0,1,0,0,2,1,0,1,-0.2179564567117027,0.0935411777635341,1
6552,0,1,0,1,0,0,0,0,0,1,0,0,0,2,0,0,2,1,0,1,-0.5006498217625344,0.7068586384705537,0
6553,0,1,0,0,0,0,0,0,0,2,0,0,1,1,1,1,2,0,1,1,0.043132116344491565,-0.08433902346560712,0
6554,0,0,2,0,0,2,1,0,0,2,1,0,1,0,1,2,1,0,2,2,0.07745798061464242,-0.08700556063130394,0
6555,0,0,1,0,0,1,0,0,1,1,0,1,1,1,0,2,0,0,1,0,0.7427887115221349,1.03396666463093,0
6556,0,1,0,0,0,0,0,0,1,1,0,0,2,1,0,0,0,0,0,0,-1.7046820553662645,0.23833334536359385,0
6557,1,1,1,0,1,1,0,0,1,0,1,1,0,0,0,1,0,0,1,0,-0.12588635926139705,0.6327390691981589,0
6558,0,1,0,0,0,1,1,0,0,0,1,0,0,0,0,2,0,1,2,0,0.9656010918337913,-0.6916857466085873,0
6559,1,1,1,0,0,1,0,0,2,0,1,1,1,0,0,2,1,1,0,0,0.07048974973796414,-0.7264428646435319,0
6560,0,2,0,1,0,2,0,0,2,1,0,0,2,0,0,1,2,0,1,0,-0.044704169640858354,0.8467393092184063,1
6561,0,1,2,0,0,1,2,0,0,2,0,1,1,0,1,0,0,1,2,1,-0.7136515942853,-1.3895626095339277,0
6562,0,1,1,1,1,1,0,0,1,0,0,1,0,1,0,2,0,1,1,1,1.1668503130443544,0.21086245272955384,0
6563,1,0,0,0,0,0,0,0,1,1,1,0,0,0,0,0,0,1,1,0,0.6433404301914499,-1.6153745071213543,0
6564,0,0,2,0,0,2,0,0,1,1,1,0,2,1,0,1,0,0,0,0,-0.9298601921403722,-0.6469122548496722,0
6565,0,1,2,0,0,0,0,0,1,1,1,0,0,0,1,1,0,0,0,1,0.33999157102984606,0.5684442783500058,0
6566,0,0,2,0,1,0,0,0,1,0,0,0,2,0,0,0,0,1,0,1,-0.9769329129935908,-0.6673144718377997,0
6567,0,1,1,0,1,1,1,0,2,0,2,1,2,0,0,0,0,1,0,1,-1.0555644898506036,-1.645890180959407,1
6568,0,0,0,0,0,1,0,0,1,0,0,0,2,0,0,0,0,0,0,1,0.5408862568844615,-0.3608817408698672,0
6569,0,0,0,0,0,0,0,0,0,1,0,2,0,0,0,1,1,0,0,1,1.2172456619157466,-0.6657947284306084,0
6570,0,1,1,0,0,1,0,0,2,2,0,0,2,0,0,2,0,1,0,1,0.25684427046636943,-0.6673028535487071,0
6571,0,0,1,1,0,1,0,0,1,0,2,1,1,0,0,2,2,1,1,1,0.9128465116388074,0.5403902761342319,1
6572,0,1,1,0,0,1,0,0,0,1,1,0,1,0,0,1,2,0,1,1,1.7323707060574056,1.8915223977064612,1
6573,0,1,0,1,0,2,0,0,2,1,2,1,1,0,0,1,1,0,2,0,0.89270266491941,0.25023385747341653,1
6574,0,1,1,1,0,0,0,0,0,1,0,0,0,0,0,0,2,2,1,0,-0.6138929639767169,-0.37705926507703424,1
6575,0,1,0,0,0,1,0,0,1,1,0,0,1,0,0,1,1,0,2,1,-0.9976098148693977,-0.6204599765899671,0
6576,0,0,1,0,1,1,0,1,0,1,1,1,1,0,0,0,1,0,0,1,-0.7197513865393336,0.2536665591572691,1
6577,0,2,0,0,0,2,1,0,1,0,0,0,1,1,0,1,2,0,1,0,-0.6060964133794882,0.10885961201591021,1
6578,0,1,1,0,0,2,0,1,0,1,1,1,0,0,1,0,0,0,1,0,-0.2931400972417412,-2.1202537192523474,0
6579,0,1,1,0,0,1,0,1,2,0,0,1,2,0,0,0,0,0,1,0,0.2458619059875622,1.1151993588854923,0
6580,0,0,0,0,1,1,0,0,2,1,0,1,1,0,0,2,0,0,1,0,0.3009425994614313,0.9364511592426369,0
6581,0,0,1,0,1,1,1,1,1,0,0,0,0,0,0,1,1,1,1,0,-0.9983086186421717,-1.8417061041135019,0
6582,0,1,1,0,0,2,0,0,1,0,0,1,1,0,1,0,1,1,1,1,-0.9102749441923234,1.0662774730784872,0
6583,1,0,0,0,0,2,0,1,0,2,0,2,1,0,0,0,1,0,0,1,-0.0466137005862147,-0.6240886116405886,1
6584,0,0,0,0,0,1,0,1,1,1,1,1,0,2,1,1,1,0,1,0,-0.25139654498242225,-0.16169523437308128,1
6585,1,2,1,0,0,2,0,0,0,2,0,0,0,0,1,1,0,0,1,0,1.026245259499674,0.10636195455096364,0
6586,0,1,0,0,0,1,0,0,2,0,1,0,2,0,0,1,0,1,2,0,0.306471595799925,0.08237524634867599,1
6587,1,1,0,0,0,2,1,0,0,1,0,1,0,0,0,2,0,1,0,0,1.2489107456240047,0.13279323510830943,0
6588,0,1,0,1,0,1,0,0,2,1,0,0,0,0,0,1,1,0,1,1,0.832794372659131,1.982521351367876,1
6589,0,0,1,0,0,1,0,0,1,0,0,0,1,0,0,0,0,1,0,0,-0.3276088353127912,-1.2598519250593472,1
6590,0,1,0,0,0,1,0,0,1,1,0,0,2,0,2,1,1,1,1,0,-1.108490429868785,-1.0447526731973138,0
6591,0,0,0,0,0,1,0,0,2,0,0,1,2,0,2,1,0,0,1,0,-0.3624890063055621,0.015360745564306805,1
6592,0,0,2,0,0,0,0,0,0,1,0,1,1,1,0,1,1,0,1,1,-1.601418305456819,0.7046253976246508,0
6593,0,0,2,0,0,1,0,0,0,1,1,0,1,0,0,0,1,1,0,1,-0.9486075578195863,-1.1114091631418757,0
6594,0,0,0,0,0,1,0,1,1,0,0,1,1,0,0,1,1,0,1,1,1.498791681149188,2.411137283342047,1
6595,1,0,2,0,0,2,1,0,2,1,1,1,0,0,0,1,0,0,0,0,-1.2944573676954587,-1.2808590266838131,0
6596,0,1,0,1,0,2,0,0,0,1,0,2,2,1,0,0,1,0,1,0,-1.8649051561100953,-1.4554620909343354,1
6597,0,0,1,0,0,1,0,0,2,0,0,0,0,0,1,1,1,1,0,0,0.8584204042666398,0.2333710282262621,1
6598,0,0,0,0,0,1,1,0,1,1,0,1,0,1,0,2,0,0,1,1,0.474000910351375,0.109578040277722,0
6599,0,1,1,1,0,2,0,2,2,1,0,1,1,0,0,0,0,0,1,1,-0.7623875757682638,-0.30927636355511656,1
6600,0,0,1,0,0,0,0,0,0,1,0,1,0,0,0,1,0,1,1,1,0.33130906172638874,0.3841389726879636,0
6601,0,0,1,0,0,1,0,1,2,0,0,1,0,1,0,0,0,0,2,0,-0.4947317120349746,-1.0181951121119912,0
6602,0,0,0,0,0,1,0,1,2,1,0,0,0,0,1,2,0,0,1,0,0.6882848132710523,0.6130918935552746,0
6603,0,0,0,0,0,2,0,0,2,1,1,0,0,0,0,1,1,0,1,0,-0.4150021711600757,-1.5040790384356546,0
6604,0,1,1,0,0,1,0,0,1,0,0,1,0,0,0,1,1,2,0,1,0.8805714551559332,-0.6713993779633609,0
6605,0,0,1,0,1,1,0,0,0,0,1,1,1,0,0,1,0,1,1,0,-0.6409891637993385,0.33078131187365156,0
6606,2,0,0,0,0,0,0,0,1,1,0,1,2,0,0,1,2,0,2,0,0.02241259313192794,-0.07333648007407453,1
6607,1,0,0,0,0,0,0,1,1,2,0,1,1,1,1,2,1,0,2,0,-0.11950080923378123,-1.002690554895486,0
6608,0,1,1,0,0,1,0,1,0,1,0,0,0,0,0,1,0,0,2,0,-0.9434876404429033,-0.9105693551729763,0
6609,0,1,0,0,1,1,0,0,1,1,0,2,1,0,1,1,1,1,2,0,-3.1688209088616808,-2.065591943725443,1
6610,0,0,0,0,0,1,0,0,2,1,1,1,1,0,0,0,2,0,0,1,-0.6644556905954297,-0.8432515270146999,0
6611,0,2,0,0,0,1,0,1,0,1,0,1,2,2,0,1,1,0,1,1,0.004837430871842702,0.6910194288133407,1
6612,0,1,2,0,0,1,0,0,2,2,0,1,1,1,0,1,1,1,0,0,-0.44345463736110263,0.029433150254587787,1
6613,0,0,0,0,0,1,0,1,1,1,0,0,1,0,0,0,0,0,1,0,-3.0827658077074207,-2.1006066115814024,0
6614,0,0,1,0,0,0,0,0,2,2,0,1,1,1,0,1,2,0,0,1,-2.489238665951734,0.572951803790003,0
6615,1,0,1,0,1,0,0,1,1,0,0,1,1,0,0,2,1,1,1,2,-1.681340295959655,-0.10588806246300175,0
6616,1,1,0,0,0,0,0,0,0,0,2,1,0,0,0,2,0,2,1,0,-0.503748951348457,-1.2858240206740414,0
6617,0,0,0,0,1,0,1,0,1,2,1,1,2,0,0,2,0,0,0,1,-1.288000633021206,-0.7611151746798032,0
6618,0,0,1,0,0,1,0,0,2,1,1,0,1,0,0,0,1,0,1,0,-1.4715650361802792,-0.06793160765517026,0
6619,0,0,1,0,0,0,0,0,0,0,1,0,1,1,0,0,1,0,2,0,-0.4792469810114955,0.8059397002949009,0
6620,0,0,1,1,0,0,0,0,0,1,1,2,0,0,1,1,0,0,1,0,1.0519579970796145,2.051710110021779,0
6621,1,2,0,1,0,1,0,0,0,0,0,0,2,0,0,0,0,1,1,0,1.0986106831870452,-0.5993968828677252,0
6622,0,0,2,0,1,0,0,0,2,2,0,0,1,0,0,0,0,0,2,0,-0.6950312053680578,-1.0611192532507476,0
6623,0,0,0,1,0,1,0,0,1,1,0,0,0,0,0,2,1,1,2,0,-1.0570684358725322,-0.14381077766165273,0
6624,0,2,1,0,1,0,0,1,1,0,0,1,2,0,0,1,0,0,1,1,-0.07475997671439644,0.3394887229616585,0
6625,0,1,0,0,0,1,0,1,0,1,0,0,1,1,0,1,1,1,1,1,0.06238722508900283,0.2714525290760228,0
6626,0,0,2,0,0,2,1,0,0,1,1,2,1,0,0,1,0,0,1,1,0.2330737409538246,-0.8541836193844197,0
6627,1,2,0,0,0,1,0,0,1,0,0,1,2,0,0,2,2,1,1,0,1.9903103786867746,0.07296372337445589,1
6628,0,1,1,0,0,1,0,0,1,0,0,0,2,0,0,1,1,0,2,0,0.6882112189033189,-0.3320656209449172,0
6629,0,1,1,0,0,1,0,1,1,1,0,2,1,0,0,1,1,0,0,0,-1.6533578997253475,-0.8776740507034723,0
6630,0,0,2,1,0,1,0,0,1,1,1,2,1,0,0,2,1,0,0,0,1.274567660401478,-0.16175618783153667,0
6631,0,2,0,0,1,2,0,0,0,0,0,1,1,0,0,0,0,0,1,0,-0.889336187338428,-1.1188171656565333,0
6632,0,1,1,0,1,2,1,1,0,0,1,0,1,0,0,1,1,1,1,2,-0.5352878917831052,-2.6476981616248727,0
6633,0,1,0,0,0,2,0,0,2,1,0,0,1,1,1,1,0,1,2,1,-0.49284313107263805,0.29397790100214993,0
6634,0,0,1,0,0,2,0,2,0,1,0,0,1,0,1,2,1,1,1,0,1.986642590375401,1.5792838695722138,0
6635,1,0,2,0,0,1,0,0,0,0,0,0,2,0,1,0,0,1,2,0,0.4200133374182516,-2.2707757834224354,1
6636,0,1,1,0,0,0,0,0,2,1,0,0,1,0,1,1,0,1,0,1,-0.06496412337791647,0.7556381231720442,0
6637,1,0,0,0,0,0,0,1,1,1,0,0,0,0,0,1,1,0,1,0,-0.2144133863718592,1.4455872902181646,0
6638,0,0,0,0,0,2,0,0,1,1,0,0,2,0,0,0,1,0,1,0,-1.1155297080305977,-0.4183698434724092,0
6639,1,2,1,1,0,2,0,0,0,1,0,2,1,0,1,1,1,0,0,1,-0.1410455780305102,-0.6117402863745045,0
6640,0,0,0,0,0,1,0,1,2,0,1,0,1,0,0,1,0,0,1,0,1.2485765493096022,0.327095571320407,0
6641,0,0,0,0,1,2,0,0,2,0,0,0,1,0,0,1,0,1,0,2,-1.6004046442817754,-0.2963319308014086,0
6642,0,0,1,0,0,0,0,2,1,1,0,0,1,0,0,2,0,0,2,2,-0.5603621420526199,-2.2726984861732182,0
6643,1,0,1,0,0,1,0,0,0,1,1,0,1,0,0,1,0,0,1,0,1.7191105497360968,-0.1993398585645184,1
6644,0,1,1,0,0,1,0,0,2,1,0,1,1,0,0,1,0,0,1,1,0.3248747489061677,-0.4076786054373038,0
6645,1,0,2,0,0,2,0,1,0,0,0,0,1,1,0,1,2,1,0,0,1.4844151687440592,1.040813717073768,0
6646,0,0,1,0,0,0,0,0,0,0,1,0,2,0,0,1,0,0,1,1,0.19812620978991377,0.036693430034251656,0
6647,0,1,2,1,1,2,0,0,1,1,1,2,1,0,0,1,0,0,1,1,0.5509216581198977,1.0690940491194745,0
6648,0,1,1,0,0,0,0,0,1,0,0,1,0,2,1,1,0,0,0,0,-0.5948487871631907,-0.35821638788230564,0
6649,1,1,0,0,0,0,0,0,1,1,0,1,2,0,0,0,0,1,0,0,0.5449364226093235,0.798878583833043,0
6650,0,2,0,0,1,0,0,0,0,1,0,0,0,1,0,0,2,0,1,2,-0.4400425846501396,-1.0511719229011571,0
6651,1,0,1,1,0,2,0,0,1,0,0,0,1,0,0,1,1,0,1,1,2.2568224793835627,1.1661825434013589,0
6652,0,1,2,0,0,1,0,0,1,0,0,0,0,0,0,1,0,1,1,0,-0.5851330907009673,-0.4772376249467115,0
6653,0,1,1,0,0,0,0,0,0,2,0,1,1,1,0,0,1,0,0,0,-0.26789824192750117,-0.04256878427405858,1
6654,1,0,2,1,0,0,0,0,1,0,0,0,1,0,0,1,0,2,0,0,0.452260922771147,0.5028118286144556,0
6655,0,1,2,1,0,1,1,0,1,2,0,0,0,0,1,0,0,1,0,1,0.6788966187541684,1.2988421106783798,1
6656,0,0,2,0,0,1,1,1,0,1,0,1,1,0,0,0,1,1,1,0,-2.4857816980081076,0.05957020959782511,0
6657,0,0,0,0,0,0,1,0,1,1,1,0,1,1,0,0,0,1,1,0,0.6733584384046052,-1.371948459651867,0
6658,1,1,1,0,0,2,0,0,1,1,1,0,0,0,0,0,0,0,2,0,-0.9449111992653482,-1.7377801003685809,0
6659,0,0,0,0,0,0,0,1,1,1,0,0,0,1,0,2,1,1,2,0,0.5625324753277308,-0.5086475208874545,0
6660,1,1,1,0,0,0,1,0,2,1,0,0,0,0,1,0,1,1,0,0,2.102476392335768,1.0055138217418402,0
6661,0,0,0,0,1,1,0,0,2,0,0,1,1,0,0,1,0,0,0,1,-1.1733134972129564,-0.04786081080976007,1
6662,0,1,0,0,0,0,0,0,1,1,0,0,0,0,0,2,0,1,0,0,-0.5980473539350113,0.13723684232109515,0
6663,1,1,0,1,0,2,0,0,2,0,1,0,0,0,0,1,0,1,1,0,1.03577895607893,0.6322249469550985,1
6664,0,1,1,0,0,1,1,0,1,0,0,1,1,0,0,1,1,0,1,0,1.267963629302449,0.7848371459867466,0
6665,1,1,1,0,0,2,0,0,1,0,0,0,1,0,0,1,1,0,0,1,2.049369147161321,2.982234774731066,1
6666,0,1,0,0,0,1,1,0,1,1,2,1,1,1,0,2,0,0,2,1,1.3165055226115754,-1.8431351905498243,0
6667,0,0,1,0,1,1,0,0,1,0,0,1,1,0,1,0,0,0,0,0,0.6512605336339548,-0.26454100934125074,1
6668,1,0,1,0,0,0,0,0,0,1,0,0,0,1,0,1,0,0,1,1,-2.3396509701071517,0.48158620757324927,1
6669,0,0,1,0,0,0,0,0,0,1,0,1,0,0,0,1,0,0,1,2,-0.5965954470662029,0.5730239040850911,0
6670,0,0,1,0,0,2,0,0,1,1,1,0,1,0,0,1,0,1,1,1,-0.5167184897406847,0.9506041945191348,0
6671,0,0,0,0,0,1,1,0,2,1,0,0,1,0,0,1,1,0,0,0,-1.3700187616151103,-0.502083872598885,0
6672,0,0,0,0,0,0,0,0,1,1,1,1,1,0,0,0,1,1,0,0,-0.49019823269001117,-0.5516283498810667,0
6673,1,2,1,1,1,2,0,0,1,0,0,1,0,0,1,1,1,1,1,1,-0.04978162648861797,0.27688786944339344,0
6674,0,0,1,0,1,1,1,0,1,0,0,0,0,0,0,1,1,1,1,0,0.11776189979560667,1.7104194237518293,0
6675,1,0,0,0,0,2,0,0,1,2,1,0,0,0,0,2,0,1,2,0,-0.19121381847072483,0.8350112892984152,0
6676,0,0,0,0,0,2,0,0,1,0,0,1,1,0,0,1,0,0,2,0,0.2070548315435794,0.5424111016956124,0
6677,0,1,0,0,0,1,1,0,1,1,0,0,0,1,0,1,0,2,1,1,-1.0034346910779453,0.3242573216376554,1
6678,0,1,1,1,1,1,0,1,0,1,0,0,1,1,0,1,0,0,0,1,1.6687471970422925,0.8490940379729772,0
6679,2,0,2,0,1,1,0,0,1,0,0,1,1,0,0,2,0,1,0,1,-0.8287825866277371,-1.1454061605855705,0
6680,0,0,0,0,0,0,0,0,1,1,0,2,1,1,1,1,1,0,0,2,1.8872042210074325,1.3242216468301795,0
6681,0,1,1,0,0,0,0,0,1,1,0,1,1,0,0,1,0,0,0,0,0.05442512962628747,-0.25245737817411434,1
6682,1,2,0,0,0,2,1,0,2,1,0,0,0,0,0,0,1,0,2,1,-0.0037477942844279305,-1.1031517073115285,1
6683,0,0,1,0,1,1,1,0,2,0,1,0,0,1,0,0,1,1,0,1,-1.0624936978740935,-1.0301207321842325,0
6684,0,0,1,1,1,0,0,0,1,0,1,1,0,0,0,0,0,1,0,0,1.5223598693750642,-0.49937017884037554,0
6685,0,1,1,0,0,1,0,1,1,0,0,0,1,1,0,1,0,0,1,0,-0.2985687806953823,-0.22647947257433523,1
6686,0,1,0,0,0,1,0,0,1,0,0,0,1,0,0,0,0,0,1,2,0.4464287670429628,0.07649416071540975,1
6687,2,0,1,0,0,1,0,0,1,0,1,1,0,0,0,2,1,1,0,0,-1.0690073834663079,-0.5964525649670211,0
6688,0,1,1,0,0,0,0,0,0,0,0,0,1,1,0,0,0,1,0,0,-0.3013990827101508,-1.0754392779737567,0
6689,0,0,0,0,0,1,1,0,0,1,0,0,1,0,1,1,0,1,1,1,2.0205440795952465,-0.33358955690651015,0
6690,1,1,1,0,0,1,0,1,1,0,0,1,0,1,0,1,0,0,1,0,1.7320927468631249,-0.03527042834089733,0
6691,0,0,1,0,0,0,0,1,0,2,0,0,0,1,0,0,1,0,2,1,-0.5135790355809942,-0.5934657924812815,1
6692,0,0,0,0,0,1,0,1,1,0,0,1,1,0,0,1,1,1,2,1,0.5803451356513957,-1.1233480400585822,0
6693,0,1,0,0,0,1,0,1,1,0,1,1,1,0,0,0,2,1,0,0,0.2614668837709139,-0.4592763210877582,0
6694,0,0,1,0,1,0,0,0,1,1,1,0,1,0,1,1,1,1,0,1,0.9078917427082599,0.4460556348675382,0
6695,0,1,1,0,0,2,1,0,1,0,0,0,1,1,1,1,2,0,1,1,1.276514800575731,0.8202948952099349,1
6696,0,0,1,0,0,2,0,0,2,1,0,1,1,0,0,1,0,1,0,0,-0.7193906238127028,0.6450926244684991,0
6697,0,1,0,0,0,0,0,0,1,0,0,0,0,0,1,0,1,1,0,1,0.497394357198573,1.1566120100607655,1
6698,1,0,1,0,0,2,0,0,1,2,0,1,2,1,0,1,0,0,0,1,0.5984553735676487,1.9924187251350132,0
6699,0,0,0,0,0,2,0,0,0,0,0,0,1,0,1,0,1,1,0,0,-1.3821919967205984,-0.009162102875500344,0
6700,0,1,0,1,0,1,0,0,1,0,1,0,1,0,0,1,0,0,1,1,-0.20491408277093912,0.7170227611942678,1
6701,1,0,0,0,0,1,0,0,2,1,0,0,1,2,0,0,1,0,2,0,0.07435206322731028,-0.7692463079384014,1
6702,0,0,1,0,1,1,0,1,2,0,1,0,1,2,1,0,1,0,0,0,1.6151331225517662,0.013069642467019443,0
6703,1,0,1,0,0,0,0,1,1,0,0,2,1,1,0,1,2,1,2,0,-0.772068114298654,-0.636939440649491,1
6704,0,0,0,0,1,1,0,1,0,1,0,1,0,0,0,1,0,1,1,2,1.497794331726194,1.9566462731934684,1
6705,0,2,1,0,0,0,0,0,1,0,0,0,0,1,0,1,0,1,1,1,-1.432199930554398,-0.6157478511168857,0
6706,0,1,1,0,0,1,0,2,0,1,0,1,1,0,1,1,0,1,1,0,-0.834379979403723,0.32775106501720974,0
6707,0,0,0,0,1,0,1,1,0,0,1,1,2,1,0,1,0,2,0,0,-0.11541105190538203,-0.7453828323273397,1
6708,0,0,0,0,1,0,0,0,2,1,1,2,0,0,1,1,0,0,1,0,0.1451967599240139,-0.9850868886577613,0
6709,0,0,1,0,1,2,0,0,1,1,1,1,1,1,0,1,0,1,0,1,1.5399894114067434,0.6758394571057735,1
6710,1,0,1,1,1,1,0,0,1,0,1,0,0,0,0,2,2,0,0,0,-1.6154898236511892,-0.27267386501616414,0
6711,0,0,1,1,0,1,0,0,1,0,0,1,2,0,0,1,0,0,0,1,0.5911014413480494,1.4915843594962053,1
6712,0,0,0,0,0,1,0,0,1,0,0,0,1,1,0,0,1,0,1,1,-1.7852763188684853,-0.6009600257851068,0
6713,0,1,0,0,2,1,1,1,1,1,1,1,2,0,0,0,0,1,1,0,-1.4911096763880902,-1.9229966209210219,0
6714,0,0,0,1,0,1,0,0,2,0,0,2,0,0,0,1,2,0,1,2,-0.37965739112178054,-2.2975573215116283,1
6715,0,2,1,0,0,1,0,0,1,1,2,0,0,0,1,1,2,1,1,1,-1.2591293674836381,-0.18844206601629654,0
6716,0,1,0,1,0,0,0,0,1,0,0,1,0,0,0,1,0,1,1,1,0.6832081187337851,-0.6657646091492961,0
6717,0,0,1,0,0,1,0,0,1,0,0,2,1,0,1,1,1,0,1,1,-0.05080411381420283,0.42488159318274743,0
6718,0,0,1,0,0,0,1,0,1,0,0,1,1,0,0,0,0,1,0,1,0.6498255960057118,-0.07230092218533082,0
6719,0,2,0,0,0,0,0,1,1,0,2,1,2,0,0,0,1,0,1,2,-1.34287687595993,-1.1355667418926736,0
6720,0,1,0,1,0,0,0,1,1,2,1,2,2,0,1,0,0,1,0,1,-0.7138531771932303,-1.3628968829786603,0
6721,1,1,1,0,1,1,0,0,1,1,1,0,1,2,1,0,0,2,1,1,0.06655557536824794,0.13896537205512643,0
6722,0,0,0,0,0,0,0,0,1,1,0,0,1,0,0,1,1,0,1,0,1.5407799657378336,1.68263130412288,1
6723,1,0,2,0,0,1,0,0,1,0,1,0,1,0,0,1,0,0,1,0,0.7579480709446287,0.6847545733857295,1
6724,0,1,0,0,0,0,1,0,0,0,2,0,0,1,0,1,1,0,0,0,-0.11542436038648114,-1.2822376177510697,0
6725,0,0,1,0,0,1,1,0,2,2,1,1,1,0,0,2,0,0,2,1,-0.12099649570534637,1.152097997977111,0
6726,0,1,1,1,0,2,0,0,1,2,0,1,0,0,0,1,0,1,0,1,-0.47842584350433676,0.6497288982305574,0
6727,0,0,0,0,0,1,0,1,2,2,1,0,1,1,0,1,1,0,1,1,1.5935417964636909,0.5442345839585861,0
6728,1,0,2,0,0,0,0,0,0,0,0,1,1,0,0,1,0,1,1,0,1.186705482033128,0.19473040056154844,0
6729,0,1,1,1,0,1,0,0,2,2,0,0,1,1,1,2,0,1,2,0,-0.5565485569478834,0.4383118792327334,0
6730,0,0,2,1,0,2,1,0,1,0,1,0,1,1,0,0,0,0,0,1,0.24546647970852759,0.5646961155243981,1
6731,0,1,0,1,0,1,0,0,1,1,1,0,2,0,0,0,0,0,0,1,0.8767688268041057,0.26639471071920273,1
6732,0,1,0,0,0,0,1,1,2,1,0,0,0,1,1,0,1,0,0,1,-0.7470926914194999,-0.4258237108510213,0
6733,0,1,0,0,1,0,0,0,2,1,0,0,1,0,1,1,1,2,0,1,-0.41909004230527674,-1.3707026732913672,0
6734,0,1,2,0,1,1,0,0,0,1,0,1,0,0,1,0,2,2,2,1,0.12855006676065653,-0.39713537356675116,0
6735,1,1,0,0,0,0,0,0,0,1,0,2,1,0,0,0,0,0,2,1,1.9659447693914238,0.5399702098210395,1
6736,1,0,0,1,0,2,0,1,1,1,0,0,1,1,0,1,1,0,0,1,-1.2117215354802786,0.7063740317492675,0
6737,0,0,0,0,0,1,0,0,0,0,0,0,1,1,1,0,2,0,1,1,0.7168212369882144,0.793122165193843,0
6738,0,1,2,0,0,1,0,0,1,0,1,2,1,0,0,1,0,0,1,1,-0.41839980466241306,-0.2838755171720747,0
6739,0,1,1,0,0,0,0,0,1,0,0,0,0,0,0,2,0,1,0,0,-1.045600980348288,-1.3201790254663468,0
6740,0,1,0,0,0,1,0,0,1,0,0,0,0,0,1,1,1,1,2,0,-0.8545821238217117,-1.5325407681472794,1
6741,0,1,1,1,1,0,0,0,2,1,0,0,0,0,0,0,0,0,1,0,-0.7003381661219082,-0.8003283509436938,0
6742,0,0,2,0,0,2,0,0,1,2,1,2,0,0,1,0,1,0,1,1,0.11391075502859765,0.7671930648766608,0
6743,1,1,1,0,0,0,0,0,0,1,0,1,0,1,0,0,0,1,0,0,-0.24107139351406304,-0.1147821591561641,1
6744,0,1,1,0,0,1,0,0,1,1,1,1,2,1,1,1,1,0,1,0,-0.11136244192465522,0.3034112077025883,0
6745,0,1,0,0,0,1,0,1,0,1,1,0,1,0,0,0,1,1,1,1,-1.3714707362473844,-1.61002974394409,0
6746,0,1,0,0,0,1,0,1,1,1,1,1,1,0,1,2,1,0,2,1,-0.8772794493355709,-1.3979796623212097,0
6747,0,2,1,0,0,1,0,0,1,1,1,0,2,0,2,1,1,1,0,0,-1.0717241691507147,-1.3753684911740367,0
6748,0,0,1,0,0,1,0,0,0,1,1,0,0,0,0,0,0,0,0,0,0.04657749263387793,1.2083306012866264,0
6749,0,1,0,1,0,1,0,0,1,0,1,0,0,0,0,1,1,1,1,0,-0.9947404474084782,0.8938549660782831,1
6750,0,0,1,0,0,1,0,0,2,0,0,0,1,0,0,2,1,0,1,0,-1.4652040352992326,-0.3439565546870373,0
6751,0,1,2,0,0,0,0,1,0,0,1,2,1,0,2,0,1,2,1,1,-0.34494920579465765,-0.5345195652730261,0
6752,0,0,1,0,1,1,1,0,0,1,1,1,1,0,0,1,0,1,0,0,0.4142927052261987,0.5365673444550582,0
6753,0,1,0,0,0,0,0,1,1,0,0,1,1,0,1,1,0,0,0,0,0.7661181370696396,-0.7679292240579982,0
6754,0,1,0,0,0,1,1,0,1,0,0,0,0,1,0,1,0,0,0,0,1.2566120047096938,0.9439612041351808,0
6755,0,0,0,0,0,1,0,0,1,1,1,2,0,0,0,1,0,0,0,0,-1.158563508832499,0.31351030822949877,0
6756,0,1,0,0,0,0,1,1,1,1,0,2,1,0,0,0,2,0,2,1,-0.020411419294216797,-0.49411470831242865,0
6757,1,0,1,0,0,1,1,0,1,0,0,0,1,0,0,2,0,0,1,1,-1.4952222391951542,-1.6177861132241405,1
6758,1,0,1,0,0,0,0,0,0,0,0,1,0,0,1,1,2,0,0,2,-0.3002721434141045,0.5237269529929125,0
6759,0,2,1,0,0,1,0,0,2,0,0,1,0,0,0,0,0,1,0,1,0.18912487385959353,-0.2590145662558323,1
6760,1,1,0,0,0,1,0,0,1,1,1,1,0,1,0,1,2,0,2,0,-0.3303538382353242,-0.5629160119412219,0
6761,0,0,0,0,0,0,0,0,1,1,0,1,1,1,0,0,0,1,1,0,1.007573995799003,0.8910788105560585,1
6762,0,0,1,0,1,2,0,1,1,1,0,0,0,2,1,0,0,1,1,2,0.4534663700923591,1.1283681031839217,1
6763,0,0,1,1,1,2,0,0,1,1,1,1,1,1,0,1,0,0,0,0,0.28227682931266107,0.6198745608568755,0
6764,0,0,1,0,0,1,0,0,2,0,0,1,0,0,0,2,0,0,1,2,1.1069516645793487,0.7565662649755277,0
6765,0,1,0,0,0,0,0,0,1,1,0,1,2,1,1,1,1,0,1,1,-1.550685217624964,0.07535454429422672,1
6766,0,0,1,0,0,2,0,0,2,1,0,0,1,0,1,0,1,0,1,0,-0.12781709224735086,1.0378227930728543,0
6767,1,0,1,0,1,1,1,0,2,0,1,0,1,0,0,1,1,1,1,1,0.5073348470601294,-1.5005250138217388,0
6768,0,0,1,0,0,0,0,0,2,0,1,0,0,1,0,1,1,1,1,2,-0.3632410934333397,-0.8914838958997966,0
6769,0,1,0,0,0,0,1,0,2,0,0,1,0,0,0,0,1,0,0,0,-0.9108693588974256,-0.04796201645975129,0
6770,2,1,1,0,0,0,0,0,0,1,0,0,0,1,0,0,1,0,1,2,-0.1843636556415633,-1.4407106251282489,0
6771,0,0,0,0,1,1,0,0,0,1,1,0,0,0,0,2,0,0,1,0,-0.6391102182666457,-0.8834973071719519,0
6772,0,0,0,0,1,0,1,1,1,1,0,0,2,0,0,1,0,0,0,0,0.19618594420029928,-1.5962655916401671,1
6773,0,1,0,0,0,1,0,0,2,1,0,1,1,0,0,1,1,1,1,2,0.20001424638716342,-0.15320942662535508,0
6774,1,0,0,0,0,1,0,0,0,2,1,1,0,1,0,0,1,1,0,0,-0.9083462695769198,-0.22805581612824924,0
6775,0,0,0,0,0,1,0,1,1,0,1,1,2,1,0,0,0,1,1,1,0.5485870893796814,1.6271075302248006,0
6776,0,0,0,0,0,1,0,0,0,0,1,0,0,0,0,0,2,1,1,0,-1.7011958570238044,-0.554197874519481,1
6777,0,0,0,1,0,0,1,0,2,2,0,1,1,0,0,1,2,1,0,1,-1.1643183875322796,0.5933480828428561,0
6778,0,0,0,0,0,0,0,0,1,0,0,1,1,0,0,1,1,0,0,0,0.3090900107087466,0.6367826853504068,1
6779,0,2,1,0,0,1,0,0,1,0,1,1,1,0,0,2,1,0,0,1,0.8986080320351949,-0.20548864851107473,0
6780,0,1,2,0,0,2,0,0,0,1,1,0,2,1,0,0,0,1,2,0,-0.8352745161860435,0.14257906402491044,0
6781,0,1,1,0,0,1,0,1,1,0,0,0,1,0,0,1,0,0,1,2,-1.1744837597110447,0.9724913130946903,1
6782,0,1,1,0,0,1,0,0,0,0,1,1,0,0,0,1,0,1,1,1,-0.8361891372503157,-0.20059464240620667,0
6783,0,0,1,0,0,1,0,0,1,2,0,0,0,1,0,1,0,0,1,1,-0.051548626175220526,0.7487551297526632,0
6784,0,0,1,0,1,0,0,1,1,0,0,0,1,0,1,1,0,1,0,0,0.17244395343175978,0.49410726529478105,0
6785,1,1,1,0,1,1,1,1,0,0,0,0,1,1,0,1,0,0,0,0,-0.8722595802968184,-1.1089674341658429,0
6786,0,0,0,1,1,1,0,0,0,1,0,0,0,0,1,1,1,1,0,0,0.008218698882648404,0.27452083026526286,0
6787,0,0,2,0,0,1,0,1,1,0,0,1,2,1,0,1,1,1,1,0,-0.9377722269528006,-1.2918162334696734,0
6788,0,0,0,0,1,1,0,0,0,1,1,0,0,1,0,0,1,0,0,1,0.3754041551192098,-1.4667896369866713,1
6789,0,0,0,0,1,1,0,0,2,0,1,1,0,0,0,1,1,0,1,1,-0.01923331234805907,0.49746715462828356,0
6790,0,0,1,0,0,0,0,0,0,2,0,0,1,0,0,1,2,1,0,1,0.5980184098357981,0.7084819933555686,0
6791,0,0,1,0,1,2,0,0,2,2,0,0,1,0,1,0,0,1,1,0,-1.5067067141578756,-0.7596969959790838,1
6792,2,0,1,0,1,1,1,0,1,1,1,1,1,0,1,2,1,1,0,2,0.23368514558050554,0.5210321193358365,1
6793,1,2,0,0,0,2,0,0,0,1,0,0,1,1,0,2,1,1,2,2,0.39320561336698495,1.9076329567859995,0
6794,1,0,1,0,0,1,0,0,0,0,1,0,2,1,0,0,0,2,0,0,0.8060065360682052,0.14947723371401872,0
6795,0,1,0,0,0,1,1,0,2,0,0,0,1,0,0,1,2,0,1,0,0.6072573114006465,0.42644978057953076,0
6796,0,0,1,1,1,2,0,0,1,0,1,0,0,0,0,1,2,1,1,0,2.3622146025691677,1.4345514256440932,0
6797,1,0,1,0,0,0,1,0,2,0,0,1,1,0,0,1,1,0,1,2,0.9826194389861375,-0.9694375194130285,0
6798,0,1,1,0,0,1,1,0,0,0,1,0,0,1,0,2,0,1,2,0,-1.1575031339435236,0.6590703843929391,0
6799,0,1,0,0,0,1,0,0,2,1,0,1,1,0,0,2,2,1,1,1,0.3980939596687899,-0.6873257461258999,0
6800,0,0,1,0,0,1,0,1,0,1,1,1,1,1,0,1,1,2,1,2,0.2182202375183112,0.592522235024461,0
6801,0,0,0,0,0,0,0,1,1,1,0,1,1,1,0,1,0,0,1,0,1.1824217405541906,1.348350004552316,0
6802,1,0,2,0,0,0,0,0,0,1,0,0,0,0,0,0,1,1,1,2,0.3891827066093759,1.3347217231807966,1
6803,1,0,2,0,1,1,0,0,2,1,0,1,0,1,0,0,2,1,1,1,0.4922809213258729,1.6191098753604987,0
6804,0,0,1,0,0,0,0,1,1,0,0,1,1,1,1,0,1,1,1,0,-0.5654469091764794,-0.6759161123781492,0
6805,0,0,0,0,0,0,0,0,1,0,0,0,1,0,1,2,0,1,0,1,-0.25570770697963147,0.06470308028301455,0
6806,0,2,0,0,0,0,0,0,1,0,0,0,1,2,0,1,0,1,1,0,0.35135354306526356,-0.3894860701317783,1
6807,0,1,2,0,0,2,0,0,1,2,0,0,0,0,1,1,0,0,1,1,1.282995416405703,-0.30037495931614433,0
6808,1,0,1,1,0,0,0,0,0,1,1,1,1,1,1,1,1,0,2,1,-0.9063170197779461,0.5928047069229216,0
6809,0,0,0,0,0,0,0,0,1,0,0,0,2,0,1,0,1,1,0,1,-1.8833660795508098,-1.0907354883024198,0
6810,0,0,0,0,0,1,0,0,0,2,0,1,1,1,0,0,0,0,1,1,-0.04506421119175063,-0.14374830180897263,0
6811,0,0,0,0,1,2,0,0,1,2,0,0,1,0,0,1,1,0,2,1,0.2233092993008159,0.7559744852128858,0
6812,0,1,1,0,0,2,0,0,1,1,2,1,0,0,1,0,1,0,2,1,-1.0319853514746864,-0.7224664252281509,0
6813,1,0,2,0,0,0,0,1,1,1,1,0,0,0,0,1,0,1,1,1,-1.162339113170446,-1.3911925118781037,0
6814,0,0,1,0,0,1,0,1,1,1,0,1,0,0,1,1,0,1,2,0,-1.3908478677625513,-0.5397717358418364,1
6815,0,1,0,0,0,1,0,0,1,1,1,0,0,1,0,1,1,2,2,0,0.22590489433173774,0.1522373939496765,0
6816,1,0,2,1,0,0,0,1,1,0,0,0,2,1,0,2,0,1,0,0,0.577087873118703,1.2801402299022833,1
6817,0,0,0,0,0,0,0,0,0,1,0,1,2,0,0,2,0,1,0,0,0.7722919217925536,0.3661707161941088,1
6818,0,0,1,0,0,1,0,0,1,0,0,0,0,0,0,0,0,2,0,1,0.9053322089098538,0.858607644114345,1
6819,0,1,0,0,0,1,0,0,1,0,0,0,0,0,0,1,1,0,0,0,0.5869330194690687,-0.24978996182992189,0
6820,0,2,0,0,0,2,0,0,2,1,1,0,1,0,0,0,0,0,1,0,-1.059594165021364,-1.618798131205921,0
6821,0,1,1,0,0,1,0,0,0,0,1,0,0,1,0,1,1,0,0,0,-0.9960230781813516,0.8356619529549403,0
6822,0,1,1,0,0,1,0,0,1,1,0,0,0,1,0,0,1,0,1,0,-2.149886342062321,-1.376808715871701,1
6823,0,0,1,0,0,1,0,1,2,0,0,0,1,1,0,2,1,1,2,0,-0.7366118823012285,-1.9480274071995307,1
6824,0,0,1,0,0,0,0,0,0,2,1,0,1,1,0,2,1,0,1,0,0.3156855953668442,0.5345410030602665,0
6825,0,0,0,0,1,2,0,0,0,0,1,1,1,0,0,0,1,0,1,0,1.5005777269013327,0.48344725404720895,0
6826,0,0,1,0,0,1,1,0,0,0,2,1,0,2,0,0,0,0,1,0,-0.6529494763950712,0.383117366863432,0
6827,0,1,0,1,0,0,0,0,1,2,1,1,2,0,0,1,2,1,2,0,-1.5673967530034036,0.5210097411896953,0
6828,0,0,1,0,0,2,0,0,0,0,1,0,0,0,0,1,0,1,1,0,-0.34633537557342114,0.09923279494940443,0
6829,0,0,1,1,0,2,1,0,1,0,1,0,2,0,0,2,0,0,0,0,-1.1628359303329028,0.23785102995442275,0
6830,0,1,2,0,0,1,1,0,2,0,0,0,2,0,1,2,0,1,2,0,0.27633793102048754,-0.8467948007560819,0
6831,0,0,1,0,0,1,0,0,1,0,0,0,1,1,0,1,0,0,2,0,0.8642985440161484,-0.31643057326774193,0
6832,0,0,0,0,0,1,0,0,2,1,1,1,1,1,0,1,1,1,1,1,0.4522183351564606,-0.6286207466873233,0
6833,1,0,1,0,1,0,0,0,2,0,1,1,0,1,1,1,0,0,0,2,0.05263180852831563,-0.5675206065310526,0
6834,0,1,0,1,0,2,0,0,1,0,0,1,0,1,1,1,1,1,0,1,-2.016037049414307,0.6727590855037731,0
6835,0,0,0,0,0,2,1,0,1,0,0,1,0,0,1,1,0,0,1,1,0.38945595644655223,0.014579655523176527,0
6836,1,0,1,0,0,0,0,0,0,2,1,0,1,0,0,2,0,1,1,0,0.4933062044775129,0.14529960406426728,1
6837,0,0,1,0,0,2,0,0,1,1,1,1,1,0,1,0,0,0,1,0,-0.8729546776795475,-0.19467908094175207,0
6838,0,2,1,0,0,1,0,0,1,0,1,1,1,0,0,0,0,0,0,1,-0.7471827258665092,-0.8403447311504441,0
6839,0,1,0,0,1,1,0,0,1,0,0,2,0,0,0,1,1,1,0,2,0.0409684293315421,-0.28609819960808763,1
6840,0,0,1,0,0,1,1,0,0,0,0,0,0,1,0,0,1,1,1,1,-1.0644932249001815,-0.3260503090928723,0
6841,0,1,1,1,0,0,0,0,2,0,2,0,0,0,0,1,0,0,1,2,0.2233704530002366,-0.08767375667237007,1
6842,0,1,1,0,0,0,0,0,2,1,1,1,0,0,1,0,0,2,1,0,-1.0511714782929416,-0.9562609479285352,1
6843,0,0,0,0,0,1,0,1,0,0,0,1,1,1,0,2,0,0,1,0,0.47728174962781345,1.8470873838336608,1
6844,1,1,1,1,0,2,0,0,0,1,1,0,1,1,0,1,1,2,0,0,-0.5995992793094931,0.08796332151904096,0
6845,1,0,1,0,0,0,0,0,2,1,1,0,0,0,0,0,0,1,0,1,-0.6752562721990066,-0.5029557545300769,0
6846,1,0,1,0,0,0,0,0,1,1,2,1,1,1,0,0,1,1,0,1,-0.7156457861727586,0.14982465637957587,0
6847,0,0,0,0,0,1,1,0,0,1,1,0,0,1,0,1,0,0,1,1,-1.746958301707463,1.217959554476666,0
6848,0,0,2,0,0,2,0,1,1,1,0,0,0,0,0,0,0,1,0,1,-0.27812339158110566,-0.26117646250448256,1
6849,0,1,2,0,0,1,0,0,1,0,0,1,1,0,0,1,1,1,1,0,-0.2865049662964822,-0.5053189228057515,0
6850,0,0,0,0,0,2,0,1,0,0,0,1,2,1,0,1,1,1,1,1,0.17965798856673576,0.9579316413038376,0
6851,0,0,0,0,1,1,0,0,0,1,1,0,1,0,0,1,1,0,1,0,0.6042906384355281,1.336082465619177,0
6852,0,0,1,0,0,0,0,0,0,1,2,1,1,2,0,1,1,0,2,2,-1.0052084857326054,-0.30133141357744403,1
6853,0,1,0,0,1,1,0,0,1,1,1,1,2,0,0,1,1,0,0,1,-1.5962862620044078,-0.26589052732769913,0
6854,0,2,1,0,0,0,0,0,0,1,0,0,1,0,0,0,0,0,0,0,0.7279658494073963,-1.093865775353481,0
6855,0,1,1,0,1,0,1,0,1,1,0,0,1,1,0,2,0,0,0,0,-2.4339993201013495,-1.7500327780404916,0
6856,0,0,1,0,0,1,0,1,1,2,0,0,1,0,0,1,2,0,1,2,0.8719803525821654,3.2727350663288717,1
6857,1,1,1,1,0,2,0,1,0,1,1,0,0,0,0,0,1,1,1,0,1.5751292568342785,0.8469842198501444,1
6858,0,0,1,0,0,0,0,0,1,0,0,1,0,0,0,1,2,0,0,1,0.5770882392520637,0.0005589287306494162,0
6859,0,1,1,0,0,1,0,0,1,0,0,0,0,0,0,1,0,0,1,0,-0.889550459014753,-1.2161213286534514,0
6860,0,0,1,0,0,1,0,0,1,2,0,2,0,0,0,0,0,0,1,1,-0.4453232762218241,0.561505379514102,0
6861,0,2,1,1,0,2,0,0,1,0,0,1,1,0,0,1,1,0,1,0,-1.2580399011552317,1.0156058400030248,0
6862,1,0,0,0,1,0,0,0,1,2,0,0,2,2,1,1,2,0,2,0,-1.2781143082035809,0.7422688507222226,0
6863,0,1,0,0,0,2,1,1,2,0,1,1,0,2,0,0,0,1,1,0,1.4313503619761647,-0.5651762701353209,0
6864,0,0,1,0,0,1,1,0,1,2,0,0,2,0,0,1,2,0,1,1,1.309781087182794,0.3586995941383404,1
6865,0,2,1,0,0,2,0,0,1,0,0,0,1,1,0,0,1,0,2,0,0.13175150056275794,-0.7155002326510427,0
6866,0,1,0,0,1,1,0,1,1,0,0,1,0,1,0,0,0,1,0,1,-1.3976517938027833,-0.6064952382299864,0
6867,1,0,1,0,0,0,0,0,1,2,0,0,0,1,0,0,1,1,2,0,1.030207377734743,1.1951263247276882,0
6868,0,0,0,0,0,0,0,0,2,0,1,1,0,0,0,0,0,1,1,1,1.2358341403414597,-1.356381436040682,0
6869,1,0,1,0,0,1,0,0,2,1,2,0,1,0,0,1,2,1,1,2,0.1554170675030591,-0.0049888097417112864,0
6870,0,1,1,0,0,0,0,0,1,1,0,1,1,0,0,1,0,0,1,2,-0.5297938010283251,0.45644442519877554,1
6871,0,1,1,0,1,1,0,0,1,0,1,1,1,1,0,0,0,1,1,1,-0.13176251328154512,-0.042221735820124506,0
6872,1,0,1,0,1,1,0,0,1,1,1,0,1,1,1,1,1,1,2,1,0.10900707062014739,0.3468835288835123,1
6873,0,1,0,1,0,0,0,0,0,1,0,0,0,0,0,2,1,0,0,2,-0.4337378545602309,-0.1392855945275825,0
6874,0,0,0,1,0,2,0,0,2,1,0,1,0,0,1,0,1,1,2,0,-0.03745735589877718,0.005853341199957729,1
6875,0,1,2,1,1,2,0,0,0,1,1,0,1,0,0,0,1,0,1,0,1.2140184504052358,0.06992747878289546,0
6876,0,1,1,0,0,1,1,0,1,0,0,0,1,1,0,2,1,1,1,0,0.3810054862090096,2.500783911862359,1
6877,0,1,0,0,0,2,0,0,1,1,0,1,1,0,0,1,0,0,0,0,1.7848963736111836,-1.3071516629537399,1
6878,0,2,0,0,0,1,0,0,0,0,0,1,1,0,1,2,2,0,1,1,1.3471104544359034,0.35469817240689716,0
6879,0,2,1,1,0,2,1,0,1,1,0,0,1,1,1,2,2,0,0,1,-0.5967762943039276,-0.31495615070364535,1
6880,0,0,1,0,0,1,0,0,1,2,1,0,1,0,0,1,1,0,1,0,0.19460775123556515,1.2499854090768134,0
6881,0,0,2,0,1,0,0,0,1,1,0,0,0,1,0,1,1,1,0,0,-1.5836834453130895,-1.2762180299647623,1
6882,0,1,1,1,0,1,0,0,0,0,1,0,1,0,1,2,0,0,1,0,-0.7933162199260125,-0.7222233533858425,0
6883,0,1,0,1,0,1,0,1,2,2,1,1,1,1,1,1,2,1,1,1,0.1258343422319949,0.912278435907363,0
6884,0,0,1,0,0,0,0,0,2,0,1,0,0,0,0,0,1,0,1,0,-0.7507994526849551,-0.7503298838254384,0
6885,0,2,1,0,0,0,0,0,1,2,1,1,0,0,0,2,0,0,0,0,-0.044573645104313234,-0.1273421482146285,1
6886,0,1,2,0,0,1,0,0,1,0,1,1,0,1,0,1,1,0,0,1,-1.4754557281652332,-1.8017750331161495,0
6887,0,0,1,0,0,1,1,0,1,0,1,0,1,0,1,1,0,1,0,0,0.21397130480194052,-1.8452901728138669,1
6888,0,1,0,0,1,2,0,0,1,0,1,1,1,1,0,0,0,0,1,2,0.6218964065272062,1.2671630511802814,0
6889,1,1,0,0,0,1,0,0,1,1,0,1,1,1,0,0,2,2,0,1,-0.7379035403921879,-0.03852539493591095,0
6890,0,1,1,0,0,1,0,1,0,1,1,0,0,0,0,0,0,0,0,0,0.23510817653386756,-1.128796545635569,0
6891,1,1,0,0,1,2,0,0,1,1,0,0,1,1,0,1,1,0,1,1,-0.8568452911142108,-1.7029914054724993,1
6892,1,0,0,0,0,0,0,0,0,1,1,0,0,0,0,0,0,1,1,0,0.497653517316674,0.257087385852574,0
6893,0,1,1,0,0,0,0,0,1,0,2,1,0,0,0,2,0,1,0,0,-0.8750116700945224,-1.2155054045061646,0
6894,1,0,0,0,0,0,0,0,1,0,0,1,1,0,0,1,0,2,1,1,-1.0019407078769313,0.5729034103420669,0
6895,0,1,0,0,1,1,0,0,1,0,0,0,2,0,0,1,0,0,1,2,1.2180735381880332,-0.9289256288062164,0
6896,0,0,1,1,1,1,0,1,2,1,0,1,1,2,1,2,2,0,0,1,-0.10614390110271714,-0.6297024177091716,0
6897,0,0,0,0,1,1,0,1,2,1,1,0,1,0,0,0,1,0,1,1,0.09601667774667681,1.3689905367924486,1
6898,1,0,0,0,0,1,1,0,1,1,1,1,2,0,1,1,1,1,1,0,-1.8625400442588018,-1.6663260066886432,0
6899,0,1,0,0,0,1,1,1,0,0,1,1,1,1,1,2,1,0,0,0,-2.25067650877979,-1.1953089957778913,1
6900,0,1,1,0,0,1,0,0,1,1,2,1,2,0,0,1,1,0,1,0,-1.6088938379839037,0.13684138646502308,0
6901,0,0,1,0,0,1,0,0,1,0,1,1,0,1,0,1,2,0,1,0,-0.4551255585955911,0.28033141388714555,1
6902,1,0,1,1,0,1,0,0,2,2,0,0,1,0,0,2,1,1,0,1,-0.6009104121579852,1.1453401818342215,1
6903,0,2,0,0,0,1,1,0,1,1,1,1,0,0,0,0,1,1,1,0,0.1901462949125394,0.40577036895522567,1
6904,0,0,0,0,0,0,0,0,0,0,1,0,0,0,0,0,1,0,1,1,0.29340792364369656,1.0339458133472794,1
6905,2,0,0,1,0,1,0,1,0,1,1,0,0,0,0,1,1,0,1,0,1.4749370581877617,0.6415737191901978,0
6906,0,0,1,0,0,0,0,0,1,0,0,1,0,0,1,2,0,1,1,1,-1.4479478811084565,-0.5982204851690034,0
6907,1,0,0,0,0,1,0,0,1,0,0,1,0,0,0,0,1,1,1,2,-1.2529060397652854,0.561703032122355,0
6908,1,1,0,0,0,0,0,0,1,1,1,2,0,1,0,0,0,1,1,0,-0.5210225827346384,-2.0637210280520595,1
6909,0,1,0,0,1,1,0,0,2,0,1,0,1,0,0,1,0,0,1,0,1.3555480928365922,0.5919672314813155,0
6910,0,0,2,0,0,1,0,0,2,1,0,0,1,0,0,1,1,0,0,1,-2.150116476288453,0.11127409074910455,0
6911,0,0,0,0,0,1,0,0,1,0,1,0,1,0,0,1,1,0,1,1,0.14302254422900035,-0.1779342215422906,1
6912,0,2,1,0,0,1,0,0,1,1,1,1,2,0,1,2,0,1,1,0,-0.745382760643116,0.3165134040669243,0
6913,1,1,1,1,0,0,0,0,2,0,0,1,1,0,0,1,0,2,0,1,-0.14504488033045362,0.10224783188368866,0
6914,0,1,0,0,0,0,0,2,0,1,1,1,0,0,0,1,2,0,1,0,-1.0447200028907067,-1.0371452093753564,0
6915,1,1,1,1,1,0,0,0,1,0,0,0,1,0,0,1,1,2,1,0,0.6731284660986673,-1.093758416938906,0
6916,0,0,1,0,1,0,0,0,2,1,0,1,0,0,0,1,1,1,1,0,0.36161563402469066,0.12754799174885867,0
6917,0,0,1,0,0,2,0,1,0,1,0,1,1,0,0,0,0,0,2,0,0.4870321511743146,0.26743084777738957,0
6918,0,0,0,1,1,1,0,0,0,0,0,0,1,0,1,2,0,0,2,0,1.7242225600876528,1.54002011011705,0
6919,2,1,0,1,0,2,0,0,1,1,0,1,1,0,0,1,0,0,0,0,0.015280910165236897,-0.6308375471874147,0
6920,0,0,1,0,1,0,0,0,1,0,2,1,1,0,1,0,2,0,1,1,-0.6425077193378105,0.2851599260424743,0
6921,0,1,1,0,1,1,0,0,1,0,1,0,0,0,0,0,0,1,0,1,0.21313140190917926,0.0599818450895378,1
6922,0,1,0,0,0,0,0,0,1,1,0,0,0,0,1,0,0,0,2,0,1.0713580929944158,0.021828464255975066,1
6923,0,0,0,0,0,1,0,0,0,1,0,0,1,1,0,1,2,1,1,1,-0.8536608907344212,-0.956524093580602,0
6924,0,0,0,0,1,2,1,0,0,0,1,1,0,0,1,2,1,0,2,1,0.5884059831078271,-0.44588000960197766,0
6925,0,1,2,1,0,2,0,0,2,1,2,0,0,0,0,1,0,0,1,0,1.0134757518467603,2.152882086774596,1
6926,0,0,1,0,0,1,1,0,1,0,0,0,1,0,0,1,0,1,0,1,-0.9971164244323866,-0.9176210914659654,0
6927,0,1,2,0,0,2,0,0,2,1,0,0,0,0,0,2,0,0,1,1,-3.3384376558489213,-1.1682206398161037,0
6928,0,0,0,0,0,1,1,0,0,0,0,0,2,1,0,0,1,0,2,1,1.2637754839920559,2.2700776927538784,1
6929,0,1,1,0,0,1,0,0,1,2,0,0,1,1,1,1,0,1,0,0,1.1340554424220999,1.9328358720418397,1
6930,0,1,0,0,1,0,2,0,1,0,0,1,0,0,0,1,0,0,2,1,-0.17655299414035522,0.06681688461327463,1
6931,0,0,0,0,0,1,0,0,0,1,0,1,1,0,0,1,1,0,0,0,1.306483354177238,0.749177657910132,0
6932,0,0,0,0,0,0,0,0,0,0,0,0,0,0,0,1,0,0,2,0,-1.3970377612986715,0.20018584883864188,1
6933,0,0,1,1,1,2,0,0,1,1,1,1,1,0,0,2,1,0,0,0,-0.7137458465679273,0.6432675525513972,0
6934,1,1,1,0,0,1,0,0,0,1,1,0,0,1,0,1,0,0,0,0,0.15301841730570467,-0.7341296662605685,0
6935,0,1,0,0,0,2,0,0,0,2,1,1,0,0,1,0,1,0,1,1,-0.26358353265985796,0.3314260876052425,1
6936,1,0,2,0,1,2,0,0,1,1,0,0,0,1,1,0,1,1,0,0,1.5065085469400084,-0.5361690931291434,1
6937,0,1,1,1,0,2,0,0,1,2,0,1,0,1,0,1,0,1,1,0,0.44674290222952173,1.7021974656214187,0
6938,0,0,0,0,0,1,0,0,1,0,0,0,1,0,0,0,1,0,0,1,0.5262057707017508,-0.8505970573896959,0
6939,0,0,0,0,0,2,0,0,2,0,0,1,1,0,0,1,2,1,1,0,2.365412548794108,-0.21498897476258194,0
6940,0,0,1,1,0,1,0,0,2,1,0,1,2,1,1,1,1,2,1,0,0.8991907471393454,-1.4604096962318154,0
6941,1,2,1,0,0,0,0,0,2,2,0,1,0,0,0,1,1,2,1,1,1.6754875880674374,0.946153147954413,0
6942,1,1,1,0,0,2,0,0,1,1,0,1,2,0,0,0,2,0,1,0,0.0015226226022597383,-1.1070041896071525,0
6943,1,1,1,0,0,0,0,0,0,1,1,1,0,0,0,1,0,1,2,0,-0.5454744731439013,-0.9873463838249169,0
6944,1,0,0,0,1,0,0,1,1,1,0,1,1,1,0,0,1,1,2,1,-1.383235240587067,-0.47272024074478003,0
6945,0,1,1,0,0,0,0,0,0,0,0,1,1,1,0,0,0,0,1,0,-0.7788799306307771,0.31120231808358234,1
6946,0,0,0,0,0,0,0,0,1,1,0,1,0,1,0,1,2,0,0,0,-0.8335388215081584,-0.2882200559794936,1
6947,0,0,1,0,0,2,0,0,1,1,0,0,0,1,0,2,1,0,1,0,-0.7086615365636515,-0.0699111326415287,0
6948,1,0,2,0,0,1,1,1,1,0,2,0,0,0,2,1,0,0,0,0,0.28067065704042676,-0.2605483778672914,0
6949,0,1,1,0,1,0,0,0,0,1,1,0,2,0,0,2,1,1,1,1,-1.7609025684718544,-0.1438274129685314,0
6950,0,1,1,0,1,1,0,0,1,2,0,1,1,0,0,0,0,1,1,0,-0.9496695080907323,0.2867023086250093,0
6951,0,0,1,0,0,0,1,0,2,0,1,0,2,2,1,2,2,1,1,1,1.9492292829182798,-0.002661656553830216,1
6952,0,1,1,0,0,0,0,1,2,0,0,0,1,0,0,1,1,1,1,1,0.8053230068084763,1.037175406207295,0
6953,0,0,0,0,0,0,0,0,0,1,0,1,1,0,0,1,1,1,1,0,1.0869268884988337,0.46772522507096265,0
6954,0,1,0,1,2,0,1,1,2,0,1,0,0,1,0,1,0,1,0,0,0.9927326732701538,-0.02888504473595216,0
6955,0,0,2,0,0,0,0,1,1,1,1,1,1,1,0,0,2,2,2,0,-1.1792902861224939,-0.5948653084193047,0
6956,0,0,0,0,0,1,1,0,1,0,1,1,1,0,0,0,0,1,0,1,0.01431558465924199,-1.046773958562698,1
6957,0,1,2,0,1,2,1,0,1,2,1,0,0,0,0,1,0,0,1,1,-1.3263159878995188,-0.350376982608589,0
6958,1,0,1,1,0,0,0,0,2,1,0,0,1,0,0,0,0,0,1,1,2.003273372811157,0.8314703228933964,0
6959,0,0,1,0,0,1,0,1,0,1,1,0,1,0,1,2,1,0,1,0,-2.1457177473357354,-0.14998545524276252,0
6960,0,1,1,0,0,2,0,0,2,0,0,0,2,0,0,0,0,1,1,0,-2.161522181777527,-1.2621503670579348,0
6961,1,1,0,0,0,0,0,0,1,1,0,0,0,0,0,1,1,2,0,1,-0.552808225208781,-1.6093545557554465,0
6962,0,1,0,0,0,0,0,0,1,0,1,2,0,1,1,2,1,0,0,0,-1.1919862388188451,0.7530723156159437,0
6963,1,1,1,0,0,1,1,0,2,0,0,2,2,0,0,2,1,0,1,0,1.8282776119479818,0.2558877228173425,0
6964,0,1,0,0,0,0,0,0,1,0,0,0,0,1,0,0,1,0,0,1,0.11051005838867586,-0.10237330090899552,0
6965,0,2,1,0,0,0,1,1,2,1,0,1,1,0,0,2,2,0,0,1,-0.7762625941972057,-0.4235272758307672,0
6966,0,0,1,0,0,0,0,0,0,1,1,0,2,0,0,0,1,1,2,0,1.0578518565926607,-0.5820538748880135,1
6967,0,0,0,0,0,1,0,0,2,1,1,0,1,0,0,1,0,0,2,0,0.3023850077791938,-0.46712736270926447,0
6968,1,1,1,0,0,1,0,1,0,1,1,1,1,0,0,0,0,0,1,0,-0.9616739358384893,0.49472044190657827,0
6969,0,0,2,0,1,1,0,0,0,1,1,1,0,1,0,1,0,0,2,1,-1.0936511406090794,-0.49062576483921483,0
6970,1,0,1,0,0,2,0,1,0,1,0,2,1,0,1,2,1,1,0,1,-0.03258514728996421,1.4762409833544599,0
6971,0,0,0,0,0,1,0,0,2,1,1,1,0,0,1,2,0,1,1,0,0.03578390841975858,-1.0864398739780836,1
6972,1,0,0,0,1,2,0,1,2,0,0,2,2,1,0,2,1,1,1,0,-0.03523811548776749,1.0510946204677127,1
6973,0,0,0,1,0,1,0,0,1,1,0,0,0,0,0,1,1,0,1,0,0.34207097252832097,1.9493351173380273,0
6974,0,1,0,0,0,1,0,0,1,1,0,0,0,0,0,0,0,1,1,1,-0.5927794125482481,0.16893350012717923,0
6975,1,0,0,0,0,1,0,0,0,1,1,0,2,0,1,1,1,0,1,1,-0.5064572838233043,-0.8402339001736964,0
6976,0,1,0,0,0,0,0,0,1,1,0,1,0,0,1,0,0,0,0,1,-1.8514301231923629,-0.07194064756395369,0
6977,0,0,1,0,2,2,0,0,1,0,1,0,0,1,0,1,1,0,0,1,-0.529848167653274,-0.14626256729530032,0
6978,0,0,2,0,0,1,0,0,2,1,0,1,1,2,0,0,1,1,1,0,1.1081291929611423,1.3557809098653162,1
6979,0,0,0,0,0,1,0,1,2,0,0,0,0,0,1,1,1,0,1,0,0.13082883352954405,-0.4376757465203818,0
6980,0,1,1,0,0,2,1,1,0,2,1,0,1,0,0,1,0,1,1,0,-0.18206496749862539,-0.5346074708175601,1
6981,0,0,2,0,1,1,0,0,1,0,1,1,0,0,0,1,1,0,0,1,-0.9384049433887711,0.6056989544413671,1
6982,0,0,2,0,0,1,0,0,2,1,0,1,1,0,0,2,1,0,0,1,-0.28940990817037965,0.12673563086362777,1
6983,0,1,0,0,1,1,0,0,1,1,0,0,0,1,0,1,0,2,2,0,1.0904621548486904,0.8607907049690386,1
6984,0,1,1,0,0,0,0,0,2,0,0,0,1,1,0,1,0,1,2,1,-1.2021822171853347,0.8174892900562599,0
6985,0,0,1,0,1,1,0,0,2,1,0,0,0,1,0,1,1,1,1,1,0.48545172332281167,2.2659908887365177,1
6986,1,1,1,0,0,0,0,0,1,1,0,0,0,1,0,1,0,0,1,0,0.6454984609725141,1.1298310582953206,0
6987,0,0,1,1,1,0,1,0,1,0,0,0,1,1,1,2,1,1,1,1,0.6072088632010734,0.23043988964974566,1
6988,0,0,1,0,1,1,0,0,1,1,0,2,1,0,0,1,0,2,0,1,-0.28854812937690744,2.498845829949082,1
6989,0,1,1,0,0,2,0,0,1,1,0,1,0,0,1,2,1,1,2,0,0.4220682894593159,-0.7945011169462021,0
6990,0,0,2,0,0,0,0,0,0,1,1,0,1,0,0,0,0,1,1,1,-0.3733665098509972,1.1035877647227277,1
6991,0,1,1,0,1,0,0,0,0,0,0,0,1,1,0,1,0,0,0,1,0.27132822227839254,1.2504806026302802,0
6992,0,0,0,0,1,1,0,0,1,0,0,1,0,0,1,0,0,1,2,0,-0.3971142922337325,0.2810946896762987,0
6993,0,1,1,0,0,1,0,0,2,1,0,0,1,2,0,1,2,1,1,1,0.7377197504182372,0.0017421843407731674,0
6994,0,0,1,0,0,1,0,0,0,1,0,0,1,0,0,0,1,1,2,1,-1.5929617774544678,-0.4307819304012369,0
6995,0,0,0,0,0,2,0,0,1,2,1,0,1,1,0,1,0,0,1,0,0.9527200125124068,1.1104230558035506,0
6996,0,0,0,0,0,1,1,0,2,2,1,0,0,0,1,2,0,0,1,1,-0.8047021429729748,-0.9846773162964513,0
6997,0,1,1,1,0,2,0,0,0,1,0,0,1,0,0,2,0,1,0,0,1.901922341815087,1.340876133288474,1
6998,1,1,1,0,0,0,0,1,1,0,0,0,1,1,0,0,0,0,0,0,0.177805209951513,0.5188345078942009,0
6999,0,1,2,0,0,2,0,0,1,2,1,0,0,0,0,2,1,0,2,2,-2.0381022128957595,-1.2701466994060118,1
7000,0,1,0,1,0,1,0,0,1,0,0,0,2,1,0,0,0,2,1,1,0.8300206093075938,-0.2893288050547187,0
7001,0,0,0,0,0,1,0,0,1,1,1,0,0,1,1,2,0,1,1,0,0.16103858534690063,1.64244980204677,0
7002,1,0,0,0,1,0,0,0,1,0,0,1,2,0,0,2,1,0,1,1,1.645106572440416,0.6914857139772894,0
7003,0,1,0,0,0,0,0,0,0,0,0,0,1,0,0,1,1,0,1,1,-0.10138103289077038,1.701595568272181,0
7004,0,1,1,0,1,2,0,0,2,0,0,1,1,0,0,1,0,1,1,1,1.847730552575947,1.7880668648602498,0
7005,0,1,0,1,0,1,0,0,0,1,0,1,1,1,0,2,1,0,0,0,-1.1469247425091682,-1.3950637054622306,0
7006,0,1,1,0,0,0,0,0,1,2,1,2,0,0,1,0,1,0,2,1,0.3060132693825786,-0.0516010762512275,0
7007,0,0,0,0,0,1,0,0,2,1,0,1,1,0,0,0,0,1,1,0,0.903723411407063,-0.0036555164165577025,0
7008,1,1,1,0,0,0,0,0,0,1,0,2,0,0,1,2,2,0,1,1,-0.9664790787816584,-0.7074198987126459,0
7009,0,0,1,0,1,2,0,0,2,0,0,1,0,0,1,1,1,0,0,0,0.4331949047865425,0.4869006816327048,0
7010,0,0,1,0,2,1,0,0,1,0,0,0,2,0,0,0,1,0,2,0,-0.655851009880086,-1.6627033360093093,0
7011,0,1,1,0,0,2,0,0,0,0,1,1,1,0,1,0,1,0,0,1,0.2770513030009864,-0.4242348766191361,1
7012,0,1,1,0,1,1,0,2,1,2,0,1,0,1,0,1,0,2,1,1,0.1538631638332067,0.6037681692950144,1
7013,0,0,0,0,0,1,1,0,1,1,0,0,0,1,0,0,1,0,1,0,1.3353747559040383,0.7514014392845609,1
7014,1,1,1,0,0,2,1,0,1,0,0,2,0,1,0,1,1,1,0,1,0.4699230442589487,0.24612902124660885,0
7015,1,2,0,0,0,2,0,0,1,1,0,0,1,1,0,0,1,1,1,0,-3.235432492829583,-2.472308646852884,0
7016,1,2,0,1,0,0,0,0,2,1,0,0,2,0,0,1,1,1,2,1,0.06245724521304947,-0.2538204167456058,1
7017,0,0,1,1,1,1,0,0,0,0,2,0,1,0,0,1,2,2,0,1,-1.6644057731146462,-0.8415910334960409,1
7018,0,0,2,0,0,1,0,0,1,0,0,0,2,0,0,2,0,2,1,1,-1.1534154376891013,-0.5189878765029667,0
7019,1,1,2,0,0,1,0,0,1,1,0,1,2,1,1,0,1,0,0,0,-2.144922999144012,-0.9007270874384474,0
7020,0,0,0,0,1,2,0,0,1,0,0,0,1,0,0,1,0,0,0,0,0.17765440702553398,-0.03661070079617379,0
7021,0,0,0,0,0,0,0,0,2,0,0,1,2,0,0,1,0,0,1,1,0.24997340898245624,1.0832784350824514,1
7022,1,0,0,0,0,2,1,0,1,1,1,0,1,0,0,2,2,0,0,0,-0.11720474760331247,-0.44610375106434397,0
7023,0,0,0,1,0,2,0,0,2,0,0,1,1,1,0,0,0,1,1,2,-0.4600182469734751,1.1064156635451121,0
7024,0,0,0,0,0,2,0,0,0,1,1,0,1,0,0,1,1,0,1,1,-0.7022926270644126,1.2617726647448482,0
7025,0,1,1,0,0,1,0,0,0,2,2,1,2,0,0,1,1,1,0,1,1.1351343873496524,0.2746762338337734,0
7026,1,1,0,0,0,1,1,0,1,0,0,2,1,0,0,0,2,1,0,1,-0.6227110788735192,-0.8048763626927357,0
7027,0,1,1,0,0,1,0,0,0,1,0,1,1,0,0,0,1,0,1,0,1.2805835899823377,0.28826979002641717,0
7028,0,1,1,0,0,1,0,1,2,0,0,2,1,0,0,0,0,2,0,2,0.15667925778785943,0.4010435160824949,0
7029,0,1,0,1,1,2,0,0,1,1,1,2,0,0,1,1,2,1,1,1,0.6991705141777388,-0.577557413954264,0
7030,0,1,1,0,0,1,0,1,1,1,1,0,1,1,0,0,2,2,0,0,0.2141481536459972,-0.3186506657205015,1
7031,0,1,0,0,0,0,0,1,1,1,0,0,1,0,1,0,0,1,0,0,-1.7423059122191489,-0.771308659233756,0
7032,0,0,1,0,0,0,1,0,2,0,1,1,2,0,0,0,0,0,1,1,0.9186372106330486,-0.5148554863381077,0
7033,0,2,0,0,1,2,0,0,1,1,0,0,2,1,0,2,1,0,0,0,-0.04895793930584575,1.105730696055658,1
7034,0,1,1,0,0,2,0,0,1,0,0,1,1,0,0,1,1,1,0,0,0.5340355337090238,0.09662484689237674,1
7035,0,0,1,0,0,1,0,0,0,1,0,1,1,0,0,1,0,0,0,1,-0.5312496351879593,-0.6062780069836917,0
7036,0,1,1,0,0,1,0,0,1,1,1,2,0,0,0,0,0,0,1,0,1.135983595234681,-0.17281697954558256,0
7037,1,0,0,0,0,0,0,0,2,0,1,1,1,0,0,2,2,0,0,0,-0.5346857844603421,-0.9612234060775495,0
7038,0,1,0,0,1,0,0,0,1,1,0,0,0,0,1,0,0,0,0,1,-0.3595572539616675,-0.22150231180957994,0
7039,0,0,0,1,2,1,1,0,0,1,1,1,2,0,0,1,1,0,1,1,-0.22187348100292453,-0.1783872954002545,1
7040,0,0,0,0,0,1,0,0,0,1,0,1,0,1,1,2,0,0,2,0,-0.2859890571574628,-0.030739252012407348,0
7041,0,0,1,0,0,1,0,1,2,0,0,0,0,0,1,1,0,1,1,1,-0.37350317060647226,1.6757910054824532,1
7042,0,1,2,0,0,0,0,0,1,0,0,0,1,0,1,1,2,1,1,0,0.058694650649649974,0.14765224474009947,1
7043,0,0,1,0,0,1,0,0,1,1,2,0,2,0,0,0,1,0,0,0,0.5217491252318358,-1.483616569203598,0
7044,1,2,0,0,0,2,0,0,1,1,2,0,0,0,0,1,1,0,2,1,-1.0366666534362405,0.6053120294925045,1
7045,0,0,1,0,0,0,0,1,1,1,0,0,1,1,0,0,1,0,1,0,1.8985078315848918,0.12271964572143457,0
7046,0,0,1,0,0,0,0,0,1,1,0,1,1,0,0,1,0,0,2,1,-0.7048345915254848,-0.5955192425088573,1
7047,1,0,0,1,1,1,0,0,1,2,1,0,0,0,0,0,0,1,1,0,-0.16291737990736482,-0.04138791135886295,1
7048,0,0,1,0,1,1,0,0,1,1,0,1,1,1,0,1,0,1,1,0,-0.2762935894788696,1.2884941248887216,1
7049,2,0,0,1,1,0,0,0,1,1,0,0,1,0,0,1,0,0,2,1,-0.849284748380669,0.05949543469696761,0
7050,0,1,1,1,0,1,0,0,0,0,0,1,0,0,1,1,0,0,0,0,-0.5496091555824365,-0.3880931101525861,1
7051,0,1,0,0,0,1,0,0,2,0,2,1,1,2,0,1,1,1,1,0,1.7806410691791286,-1.3955781813874397,0
7052,0,0,0,1,0,0,0,0,1,0,1,1,1,1,1,0,2,2,0,1,-0.5319118750807704,-0.2830669568587102,0
7053,0,1,1,0,0,1,0,0,0,0,0,0,0,0,0,2,0,0,1,0,0.228409705242488,0.80356280238982,0
7054,0,0,1,0,0,1,0,1,1,0,0,1,1,1,0,2,0,1,1,1,-0.2827836425813496,1.6021289259487086,1
7055,0,1,1,0,0,2,0,1,2,1,0,0,1,1,1,1,1,1,2,0,1.3485807942025252,0.2505490875146044,1
7056,1,0,1,0,0,0,0,0,0,1,0,0,1,0,0,0,1,0,0,2,1.7317045400784414,1.1037147563841763,0
7057,0,0,1,0,2,0,0,0,0,0,0,2,0,0,1,1,0,0,1,2,-3.027425891134961,-0.985824988172731,0
7058,0,1,0,0,0,2,0,0,0,0,0,0,1,0,0,1,1,2,2,1,0.09088101165929258,0.004107298574836438,0
7059,0,1,1,0,0,1,0,0,1,0,1,1,0,0,0,2,1,0,1,1,-1.009773808608714,-1.4494921905139206,0
7060,0,0,1,0,0,1,0,2,2,1,0,2,2,0,0,0,0,1,0,1,0.44063540184944106,-0.3021799630833062,0
7061,0,0,0,0,0,1,0,0,2,1,1,1,2,1,0,1,1,1,2,1,-1.3221036835020643,0.13664740979529144,0
7062,0,0,2,0,0,0,0,0,1,0,1,1,1,0,0,1,2,1,0,0,-0.3394462637235184,-0.5049370552912852,0
7063,0,0,2,0,0,1,0,0,1,0,0,1,0,1,1,1,0,1,0,1,-2.841297156704786,-1.561385614931135,0
7064,0,0,0,0,0,1,0,0,2,1,1,1,1,2,0,1,1,1,1,1,0.7158196545235053,1.1719649504413616,1
7065,0,0,2,0,0,2,0,0,1,0,0,0,0,1,0,0,1,0,1,1,0.44458746318367365,-0.24014408070613935,0
7066,0,0,0,0,0,1,0,0,0,1,0,0,0,1,0,0,1,0,0,1,0.6895378327387215,-0.6440185497230034,1
7067,1,2,1,0,0,1,0,0,0,1,0,0,1,0,0,1,1,0,2,1,1.8825129720116456,2.140076455350412,1
7068,0,0,1,0,0,0,0,0,1,0,1,1,2,1,0,0,0,0,0,0,1.6769952400611754,-0.14976822379292482,1
7069,1,0,2,0,0,1,0,0,2,1,0,1,0,0,0,0,1,1,0,2,-0.6889593769118039,-0.2167308559173371,0
7070,0,0,1,0,0,1,0,0,1,0,0,0,0,0,1,0,0,0,2,0,0.29130714214372566,1.4263443236837177,0
7071,1,2,1,0,0,2,0,0,1,1,0,1,0,0,0,0,1,0,1,0,0.10246370436307686,-0.01043198873684753,0
7072,0,0,1,0,0,0,0,0,1,1,0,0,0,0,0,1,0,0,0,0,0.7172136856284248,-0.00041447378724879247,0
7073,0,1,1,0,1,1,0,0,0,0,0,0,0,0,0,2,1,1,2,0,-0.4997520779927203,-0.4640468014949125,1
7074,1,0,1,0,1,0,0,0,0,0,1,0,0,0,1,1,0,1,1,1,-1.4576750547180508,-0.9441251310080079,0
7075,0,0,1,0,0,1,0,0,1,0,1,2,1,0,0,1,0,2,2,1,0.03665141595364694,-0.2707469329537874,0
7076,0,0,1,0,0,1,0,0,0,1,2,0,1,0,0,0,0,1,0,0,-0.49838962197914455,-1.1498082143910777,0
7077,0,1,0,1,0,0,0,0,0,1,0,1,2,0,0,0,0,0,2,1,-0.07822197879658047,-0.9784098886219919,0
7078,0,0,0,0,1,0,0,0,1,1,1,1,0,0,0,0,0,1,0,0,-0.29925112760408884,0.5689801163627186,0
7079,0,0,1,0,1,0,0,0,2,1,0,0,0,0,0,1,1,1,2,0,0.524963968086549,1.0998153044902075,1
7080,0,1,1,0,0,1,0,0,1,0,0,1,1,1,0,2,1,1,0,0,0.36601015427362116,-0.2201044664036485,0
7081,0,1,1,0,0,0,0,0,1,2,1,0,1,0,0,0,1,1,0,2,1.991815778758686,1.1115142077398805,1
7082,0,0,0,0,0,1,0,0,2,1,1,1,0,0,0,0,1,0,1,0,1.1560295183045386,-0.2506341947414621,1
7083,0,0,0,0,1,1,0,1,0,1,1,0,0,0,0,1,1,1,1,0,-0.00704304430573067,-0.047678915449059785,0
7084,1,0,2,0,1,2,0,0,0,1,0,0,1,0,0,1,0,0,1,0,1.5857738779238515,-0.16655408459370147,0
7085,0,1,0,0,0,2,0,0,2,0,0,0,1,0,0,1,2,0,1,0,-1.1047671554952103,-2.3462072189841425,0
7086,0,0,1,0,0,1,0,1,1,0,0,0,1,0,0,1,0,0,0,1,2.2949491060582377,0.30717448766361466,0
7087,1,1,0,0,0,2,0,1,1,1,2,0,1,0,0,1,1,0,1,1,0.9862755149002144,0.6472430102719176,1
7088,1,1,1,0,0,2,0,1,2,1,0,0,0,1,0,1,0,2,1,0,-0.8986825873748681,0.24950720786578917,1
7089,0,1,0,1,1,2,0,0,1,1,0,1,1,1,1,0,2,2,2,0,0.6648366514250045,-0.22947705567991433,0
7090,0,0,0,0,0,0,0,0,0,0,0,0,0,0,0,0,1,0,1,2,-0.8910377501039565,0.5210604560497089,0
7091,0,0,1,0,0,1,0,0,2,0,1,0,1,2,0,0,0,0,0,1,0.504815029601796,-1.3348254270633082,0
7092,0,1,1,0,0,0,0,0,1,0,1,1,0,0,1,0,1,1,2,1,-1.4982374710850055,-1.6835462570369082,0
7093,1,0,0,1,0,2,0,0,1,1,0,0,0,0,0,1,1,0,0,1,0.4671863518252986,0.8292977562527447,1
7094,0,1,1,0,1,1,0,0,1,2,0,2,2,0,1,1,1,1,2,1,1.6735498263251605,0.5570459101715441,0
7095,0,2,0,1,0,2,0,0,1,1,0,0,1,1,0,1,1,0,0,1,-0.9060847479137296,-1.5020734880369353,0
7096,1,0,0,1,0,1,0,0,1,1,0,0,2,0,0,1,1,0,2,0,0.6325268057165914,0.012842429222900797,0
7097,1,0,0,0,0,2,0,0,1,1,0,0,0,0,0,1,1,1,1,0,-0.8334334118561384,1.299471155354912,1
7098,0,0,2,0,0,1,0,0,1,1,1,1,0,0,0,0,1,1,2,0,0.019462597880425234,0.9173958350868865,0
7099,0,1,1,0,0,1,0,0,0,1,0,0,1,0,0,0,0,0,1,1,0.39232961544730754,0.8103938231519542,0
7100,0,0,1,0,0,1,0,0,2,1,0,0,1,0,0,1,0,0,1,0,0.3015299142655388,-0.42447214919707466,0
7101,0,1,1,1,0,2,0,0,2,1,0,0,0,0,0,1,2,1,1,0,1.0685421580325014,-0.7961357994341618,0
7102,0,0,0,0,0,1,1,0,2,0,0,0,0,0,0,1,0,0,1,0,-0.23461946391238186,-0.33575033756329725,0
7103,0,2,1,0,1,1,0,0,1,1,0,0,0,1,0,1,0,0,2,0,1.4299933511411829,1.8102297528732412,1
7104,0,1,0,1,0,1,0,0,1,1,0,2,0,0,0,1,1,0,0,0,-0.5880561975469198,-1.016605647986104,1
7105,0,0,1,0,0,1,0,0,2,1,0,0,1,0,1,2,0,0,1,0,0.2036839905032612,1.2161708572292942,1
7106,0,0,0,0,0,1,0,0,1,0,0,0,0,0,0,2,1,0,2,0,1.1579975692639863,0.1222153887276004,0
7107,0,0,1,0,1,1,1,0,1,1,1,0,0,1,0,1,1,2,1,0,-0.14107660902644303,0.10557502855793949,0
7108,0,0,0,0,1,1,0,1,1,1,1,1,1,1,1,2,0,1,1,0,1.0380885457612001,-0.4487792057212152,0
7109,2,0,1,0,0,2,0,1,1,2,1,0,1,0,0,2,1,0,0,1,-1.0727254282507168,-0.07792574512720754,0
7110,0,0,1,0,0,0,0,0,0,1,1,1,1,0,1,2,1,0,0,1,-0.16490172633406397,1.641007599001199,0
7111,1,0,1,0,1,1,0,0,0,0,0,1,0,1,0,1,0,1,1,0,-0.5007131516518138,1.1128306759305493,0
7112,0,1,1,0,0,2,0,0,0,1,2,1,1,1,1,2,1,1,1,0,-0.950086692097241,-0.08964043807530886,0
7113,0,0,0,0,1,2,0,1,0,0,0,0,1,0,0,0,0,0,1,1,2.176733359494315,2.3544625322252393,1
7114,1,1,1,0,0,0,1,1,1,0,0,1,2,1,0,1,0,0,1,1,-1.8879340570613599,-0.25515025882447095,1
7115,0,2,0,0,0,1,0,1,1,0,1,0,2,0,0,1,1,0,1,1,0.5772818041617259,-0.002917517433659922,0
7116,0,1,2,0,0,1,0,0,0,0,0,0,1,0,1,2,1,1,1,1,-1.47896045149278,-1.5022351158966334,0
7117,0,0,0,0,0,0,0,1,1,0,0,1,2,0,0,0,1,1,1,2,0.5770356908659156,0.05697391672740299,1
7118,0,0,0,0,0,0,0,0,1,0,0,0,0,0,0,1,1,1,0,0,1.0956190701027193,0.008498811053139876,0
7119,0,1,0,0,0,1,0,0,0,1,0,0,1,1,0,0,0,0,2,1,-0.10959606131103965,-0.026340571381497924,1
7120,0,0,0,0,0,0,0,0,1,1,1,1,1,0,0,0,0,1,1,1,-2.007336531952818,-1.6459129249990552,1
7121,0,0,1,1,1,1,0,0,0,2,1,1,0,2,0,0,2,0,1,1,-1.0181274401496203,-0.924390443474439,0
7122,0,1,0,0,0,1,0,0,1,1,1,0,1,1,0,1,1,1,2,1,-0.8805204792444228,0.7068289457609516,0
7123,0,0,1,1,0,2,0,1,2,1,0,0,0,1,0,1,0,1,1,0,-0.19674884733127027,-0.21566848503748437,1
7124,0,0,0,0,0,1,0,0,1,1,0,0,1,0,0,2,0,0,0,1,-1.61845914147656,0.824246009725466,0
7125,0,0,0,0,0,2,0,0,2,1,0,2,0,0,0,0,0,0,1,0,-0.1226957538720221,0.0028144032492481673,0
7126,0,1,2,0,1,1,0,0,0,1,0,1,0,0,0,2,2,0,0,0,0.10235618142676375,-0.09235286067289086,0
7127,0,1,1,0,0,1,0,0,2,1,1,0,1,0,0,1,2,0,2,1,-1.8246088179515496,-1.5252407358457418,1
7128,0,0,1,0,0,2,0,0,1,0,0,1,1,1,0,1,0,1,1,0,0.15689049916214695,-0.38611638177230556,0
7129,0,0,0,0,1,2,0,0,0,0,1,2,2,1,1,1,0,0,1,1,-0.4169514446801177,0.8950219899526743,1
7130,0,0,0,0,1,0,0,0,1,1,0,1,0,0,0,0,2,1,2,1,0.06789233131999756,0.49709493490858614,0
7131,0,1,1,0,0,0,0,0,1,1,0,1,0,0,0,1,0,1,0,0,-0.25064175348509615,-0.9932955864738485,0
7132,1,0,1,0,0,2,0,0,2,1,0,1,1,0,1,2,1,1,1,0,-0.35679193700257705,0.4374358175495252,0
7133,0,0,1,0,0,1,0,0,1,0,1,0,1,0,0,1,1,0,0,0,-0.8027933649719416,-0.07895073740653857,0
7134,0,1,2,1,1,1,0,0,0,0,1,0,0,0,1,1,2,0,0,0,-0.5790583497206325,-0.687481433182884,0
7135,0,1,0,0,0,2,0,1,1,0,0,0,1,0,0,1,0,2,0,1,-0.1137074688639682,0.727070015794024,0
7136,1,0,1,0,1,0,0,0,1,0,0,0,0,0,0,0,2,1,1,1,-0.04549306687198355,-0.4909274683767091,1
7137,0,1,1,0,1,1,0,0,2,0,1,1,1,1,0,2,0,1,0,2,0.446329760574747,-0.18267613853391912,0
7138,0,1,1,0,0,1,0,0,0,0,0,0,0,1,0,0,0,0,2,1,2.223944317762935,-0.24319194715587256,0
7139,0,1,1,1,1,1,0,0,1,0,1,0,0,0,0,0,1,0,1,1,2.441083675933311,0.5938923248267876,0
7140,1,0,1,0,0,1,0,0,1,1,0,1,0,2,0,0,1,0,1,0,1.508168055457083,0.5580016017931693,1
7141,0,1,0,0,0,0,0,0,1,1,1,0,0,0,0,1,1,0,2,1,0.76026348255743,0.7632793522831964,1
7142,1,0,0,2,0,0,0,0,1,0,1,0,1,0,0,0,0,0,2,1,0.04531031723320389,1.1126190461291194,0
7143,0,1,1,0,1,1,0,1,1,0,1,0,1,0,0,1,0,0,0,1,-1.7436549411580289,-0.35065259356420486,1
7144,0,1,2,0,1,2,0,0,2,0,1,1,0,0,1,2,2,1,1,0,-1.9157391957964052,-2.5392450744458963,0
7145,1,0,1,0,1,1,0,0,2,0,0,0,0,0,1,0,1,2,2,0,-0.446498517751962,0.21273829680961903,0
7146,0,0,1,0,0,2,0,0,0,1,0,2,1,1,0,0,2,1,1,0,0.5594446697257053,-0.22800236904790547,0
7147,0,0,0,0,0,2,0,0,1,1,1,1,1,1,0,0,0,0,1,1,0.44505207929663737,1.1243268484423823,0
7148,1,2,0,0,1,1,0,0,1,0,0,0,1,0,0,2,1,1,1,1,-0.12103484451546169,-0.8925155320278013,0
7149,0,2,0,0,0,1,1,0,1,1,0,2,1,1,0,1,1,2,0,1,-0.13129495101232458,0.39650569721076845,0
7150,0,2,0,0,0,1,0,0,1,0,0,1,1,0,0,1,1,1,1,0,0.43295121034739315,0.9747846850656914,1
7151,0,1,1,0,0,0,0,0,1,1,0,0,1,0,0,1,1,0,0,0,-0.5823752893970089,-0.26723905418960775,0
7152,0,0,0,0,0,1,0,0,1,0,0,1,0,0,0,0,2,1,0,1,-1.380917983441021,-0.5392648257713616,0
7153,0,1,0,0,0,2,0,1,0,1,0,0,1,1,0,1,1,1,1,0,0.3071960057669599,-0.01656933505354563,1
7154,0,0,1,0,0,0,0,2,1,1,0,0,1,0,0,0,0,0,1,1,-0.9017276618539029,1.7139832383737321,0
7155,0,1,0,0,1,2,0,0,0,0,1,1,0,0,0,1,0,0,1,1,0.7466141710588106,0.872030797657424,0
7156,0,1,1,0,1,1,0,1,2,0,1,1,1,0,0,1,1,1,1,0,1.9709402681155983,0.03880148661240784,0
7157,0,2,0,0,0,1,0,0,1,0,1,0,0,0,0,1,1,0,1,0,-0.03932093867822017,-2.6182940067120293,0
7158,0,0,0,0,0,0,1,0,2,0,0,1,2,0,0,1,0,2,0,0,1.0027970107378361,-0.15372182411464455,0
7159,1,0,0,0,0,1,0,1,1,1,1,2,1,0,0,0,1,0,0,0,0.5953240728298452,0.2489424027330372,0
7160,0,0,0,0,0,1,0,0,2,1,0,2,0,0,0,0,1,0,1,1,-0.19478871432615869,0.9634337702029935,1
7161,0,0,1,0,0,2,0,0,1,1,0,0,1,1,0,1,0,1,0,0,-0.9246149822440572,0.9811731832243695,1
7162,0,0,1,0,0,1,2,0,1,1,1,1,2,0,0,1,0,0,0,1,2.196777107399932,0.6533269722712929,1
7163,0,1,0,0,0,2,0,0,0,1,0,0,1,1,0,2,0,1,1,0,0.5465704137135831,-0.2967285545553092,0
7164,0,0,1,0,0,2,1,0,1,1,1,0,2,0,0,1,2,0,0,0,0.5916001327757576,0.5396187560520569,0
7165,0,1,2,0,0,1,0,0,1,0,0,0,0,1,1,1,1,0,1,0,-0.48501921023899663,0.5055798924518173,1
7166,0,2,2,0,0,1,2,1,1,1,0,0,1,2,1,0,2,0,1,1,-0.16235494744945736,0.40974995866802555,0
7167,0,1,1,0,2,1,1,0,1,1,0,0,0,0,0,1,1,0,0,0,-1.6236387778891899,-0.07887917466350636,0
7168,0,1,1,0,0,1,1,0,1,1,1,2,0,1,0,1,2,1,1,1,0.20123419958033775,0.11137070968298428,1
7169,0,0,0,1,0,1,0,0,2,0,0,0,0,0,0,1,0,0,2,0,-1.2885726446932542,-0.07596023111905083,0
7170,0,0,1,0,0,1,0,1,0,1,0,1,1,1,0,1,1,1,0,1,-0.2808489746204382,2.0359440493391507,0
7171,0,0,0,0,0,2,2,0,0,1,0,1,2,0,0,0,1,1,1,2,1.1680029983702682,2.443296704756005,1
7172,1,0,0,0,0,0,0,0,2,2,1,1,1,0,0,1,0,0,1,0,-0.307408474183629,-0.06017825552350632,0
7173,0,0,0,0,1,2,0,0,1,1,0,0,0,0,0,1,1,0,1,0,-0.3011306984004728,-0.8154911554247624,0
7174,0,0,1,0,0,1,0,0,1,0,0,1,1,1,1,1,0,2,2,0,-0.7511573399559822,-0.5016268785507432,1
7175,0,1,0,1,0,2,0,1,1,0,1,0,0,0,0,0,0,1,0,0,-1.0734740764155923,-1.4551788006572606,0
7176,0,0,1,0,0,1,0,0,2,0,1,1,0,1,0,0,1,1,0,1,1.0063163832128859,0.7974405593206647,0
7177,0,0,2,0,0,0,0,0,0,1,0,2,2,0,1,1,0,1,1,1,-1.778580306120662,-2.8912788362741852,1
7178,0,0,0,0,0,0,0,1,0,1,0,1,0,0,0,1,0,0,0,1,-1.1958330017273284,-1.4300750831457987,0
7179,0,0,2,0,0,2,0,0,0,2,0,1,1,1,0,1,0,1,0,0,-0.21043317860303468,0.11157955328816266,0
7180,0,0,1,0,0,2,0,1,2,1,0,1,0,0,1,0,1,0,1,0,-0.9774957077947196,-0.37396472286545374,1
7181,0,0,1,0,1,1,0,0,2,1,0,1,2,0,0,1,0,0,1,1,0.8781721430422335,0.4193765172459718,0
7182,0,1,2,0,0,1,0,1,1,1,0,1,1,0,0,0,0,1,2,1,-0.9299608087984431,0.08366516386473727,0
7183,1,0,1,0,0,2,0,1,2,0,0,0,1,0,0,1,1,1,0,2,-0.5263972034642675,-1.131837231387866,0
7184,0,1,0,0,1,1,0,0,2,0,1,0,1,0,0,0,1,0,0,0,0.6684959081257155,-1.0100947932418776,0
7185,0,1,1,1,0,1,0,1,2,1,0,0,1,1,0,0,1,2,1,1,0.5496483723167297,-1.1998971130166445,0
7186,0,1,0,1,0,1,0,1,2,2,0,0,0,0,0,0,1,1,1,0,0.9751370541192386,0.7335990745413477,0
7187,0,0,0,0,0,0,1,0,2,1,0,1,0,0,1,1,1,0,2,1,0.07049395288985963,-0.46722390799209484,0
7188,0,0,1,0,0,0,0,0,0,1,0,0,1,1,0,2,0,0,0,0,0.06218676288410657,0.7515695265270148,0
7189,0,0,0,0,0,0,1,1,1,0,0,1,1,0,0,0,0,1,0,1,0.45726898566449115,-0.39556827710901316,0
7190,1,0,1,0,0,2,0,0,1,0,1,0,0,0,0,2,0,1,1,0,0.5119658004809976,-0.1501745388997675,0
7191,0,0,0,0,0,1,0,0,0,0,1,1,1,0,0,1,1,1,1,0,-0.009648092904492256,0.7433578609825661,0
7192,1,0,0,0,0,1,0,1,1,0,1,2,2,0,0,1,0,1,1,2,0.7153883577961723,-0.00577295033378647,0
7193,0,0,0,0,1,2,1,0,0,1,1,0,0,0,0,0,0,0,1,1,-1.1520176390183652,-0.5514082539269209,0
7194,0,0,0,0,1,0,0,0,0,1,0,0,2,0,0,0,2,1,1,1,-0.6746211827455687,-0.8363074475978134,0
7195,0,1,0,0,0,1,0,0,2,1,0,1,0,0,0,2,0,1,1,1,0.13424103398222084,1.9658239720354445,1
7196,0,1,0,1,1,1,0,0,2,0,2,1,1,0,0,1,2,0,1,1,-0.07266960877592003,-0.32772802216285657,0
7197,0,1,2,0,0,0,0,0,0,0,1,0,1,0,1,1,0,0,1,0,-1.7215062981625924,0.026469592022448585,0
7198,0,1,0,0,0,0,0,1,1,1,0,1,1,0,0,1,1,1,0,0,0.07747462508214072,0.40526748510920296,0
7199,0,0,0,0,1,0,0,0,2,0,1,2,1,0,0,0,0,1,1,1,-0.5574659225286288,-0.9458742700995199,1
7200,0,1,1,0,1,1,0,1,0,1,0,0,1,1,0,1,1,1,0,2,2.1064450468215545,1.067823182187345,1
7201,0,0,0,0,0,1,0,0,1,1,0,0,2,0,0,1,0,2,1,0,-0.5292826284606795,0.7586872914000387,0
7202,1,0,0,2,1,1,0,1,1,0,0,1,0,1,0,0,2,0,0,1,-0.6715987337889188,-1.453488609025503,1
7203,0,1,2,0,0,1,0,0,2,0,0,2,1,0,0,1,1,0,1,0,1.0756699837249049,-0.0650995584451004,0
7204,1,1,2,0,0,0,1,0,1,0,0,1,1,0,1,1,2,1,0,0,-0.5265880248600375,-1.7290801871991937,0
7205,0,0,1,0,0,1,1,0,1,1,0,1,1,1,1,0,2,0,0,0,1.2792146398464614,-0.9566304181629315,0
7206,1,0,1,0,0,1,0,0,2,0,1,0,1,0,1,0,0,1,0,1,-0.8604631143964009,-0.16377174892584945,0
7207,0,0,1,1,0,1,0,1,0,2,0,1,1,1,0,0,0,1,2,0,0.6370351507941029,1.078319602147656,1
7208,0,0,1,0,0,0,0,0,0,0,0,1,1,0,0,1,1,1,1,1,-1.5382543949597982,-0.7704265141989588,0
7209,0,1,1,0,0,1,0,0,2,1,0,2,0,1,0,1,0,0,1,1,0.5689326510417905,-0.6605365376855321,1
7210,0,1,2,0,0,1,0,0,1,1,0,1,1,0,1,1,0,1,2,0,-0.1935344628223968,0.1824339023993242,0
7211,0,0,1,0,0,1,0,0,1,1,0,1,1,0,0,0,0,0,0,1,-1.0028951953060599,-1.4842611832886003,1
7212,1,1,2,0,0,0,0,1,0,1,1,0,0,1,0,1,2,2,0,1,-0.23978578767964162,-0.531959352803251,0
7213,2,0,0,0,1,1,1,0,1,2,0,0,1,0,0,1,1,0,1,1,0.03572202749215231,-0.06006537402154666,0
7214,0,0,1,0,1,1,0,1,1,0,0,1,2,0,0,1,0,1,1,0,-1.1223855602392379,-0.5726383181116815,0
7215,0,1,1,0,1,2,0,0,2,1,0,0,2,0,1,1,0,0,1,1,-1.5024368295720933,-0.015900998099865393,0
7216,0,0,0,1,0,1,0,1,2,0,1,0,0,0,1,1,0,1,2,1,-0.5631899751523115,-0.7430195973788237,0
7217,0,1,1,1,0,2,1,1,1,1,1,0,0,0,0,1,1,1,1,1,0.9614188454133438,-0.8240965649907723,0
7218,1,1,1,0,0,1,0,0,0,1,0,1,1,1,0,0,1,0,0,1,-0.4094713423056674,0.29229272820230406,0
7219,1,1,1,0,0,1,0,0,1,1,0,2,1,0,0,0,2,1,1,0,-1.591206644072147,-1.5429044805777532,0
7220,0,1,1,1,0,0,0,1,1,1,0,0,1,2,0,0,2,0,0,0,-0.030641895635954357,-0.5863517076035626,1
7221,0,1,0,0,0,0,0,0,0,1,0,1,1,0,0,0,0,2,0,0,-0.3898043836627809,-0.19084832807123744,0
7222,0,1,0,0,0,1,0,0,0,0,1,1,1,2,0,2,0,1,1,0,0.10676676298354187,-0.051556145707292264,0
7223,0,1,0,2,0,1,0,1,2,0,2,0,0,0,0,0,1,1,1,0,0.12624207878799765,0.22121597977063567,0
7224,1,0,0,0,0,0,0,0,0,1,1,1,1,1,0,1,1,2,0,0,-0.9996131185105348,1.1045935223093593,0
7225,0,0,2,0,0,2,0,0,1,0,1,1,1,1,1,1,2,0,1,1,1.279037531831709,0.5733967723844234,1
7226,0,2,1,0,0,0,1,0,1,1,1,1,0,0,0,2,1,0,1,0,1.078147427953328,-1.5659497631883093,1
7227,0,0,1,0,0,1,0,0,1,2,1,2,1,0,0,1,0,0,1,0,-1.2058860560160978,-0.5156018128015183,0
7228,0,0,1,0,1,1,0,0,0,1,1,1,1,1,1,1,1,1,1,1,1.242141584178614,1.1170271801841016,1
7229,0,0,0,0,1,1,0,0,1,1,1,1,0,0,0,1,1,0,1,0,0.7151548690905988,0.03804446462991626,0
7230,0,1,2,0,0,1,0,0,1,0,1,0,1,0,0,2,2,2,0,1,-0.19944158827858985,-1.0588541722732794,0
7231,0,0,1,0,0,1,1,0,0,0,0,0,0,1,0,0,1,1,2,0,0.5352134915951879,0.38752374270319256,0
7232,1,1,1,0,0,2,0,0,1,0,1,0,1,0,1,1,1,0,1,0,0.5745668768769149,0.8142263808569836,0
7233,0,1,1,0,0,1,0,1,1,0,0,1,1,0,0,0,1,1,0,0,0.46050203432043907,-0.00964855082689825,1
7234,1,0,2,0,1,1,0,0,1,0,1,0,0,0,0,0,0,2,1,1,-0.23483321356742973,0.3962524167016649,0
7235,0,1,0,1,0,2,0,0,1,0,0,0,1,0,0,0,2,0,1,1,0.18076838688496294,-0.10179978430861039,1
7236,0,0,1,0,0,0,0,1,1,1,0,1,1,0,0,1,2,0,0,1,-0.05142441681894653,0.7458523215415351,1
7237,0,1,1,0,0,1,0,1,1,0,0,1,1,0,0,0,0,0,1,0,0.12787167444114522,1.5928825507892026,0
7238,0,1,1,1,0,1,0,1,2,1,0,1,0,0,0,1,0,0,2,0,-1.3631691314758456,-0.22158992291067567,0
7239,0,0,2,0,1,1,0,0,1,2,0,0,1,0,0,2,1,0,1,1,0.7202813693927289,0.9940590207941011,0
7240,0,0,0,0,1,1,1,0,2,1,0,2,2,0,0,0,1,1,1,1,1.4223943560645704,-0.7109764491718397,0
7241,0,1,1,0,0,1,0,1,0,1,2,0,0,0,0,1,1,0,0,1,0.18603502868179733,1.1753837251353445,1
7242,0,0,1,0,1,1,0,0,0,0,0,0,0,0,0,1,1,0,0,0,-1.2172937679382672,-0.00041700853316156694,0
7243,0,1,0,0,0,2,0,0,1,1,0,1,1,0,0,0,0,0,0,0,2.0599267141934776,1.3425956101949597,1
7244,0,0,0,0,0,0,0,1,1,2,0,1,1,0,0,0,2,0,0,0,0.5741164794563853,0.17405395370008922,0
7245,0,0,2,0,0,0,0,0,2,1,1,0,2,0,0,1,1,1,0,1,0.1973012452882123,-0.1481898677600675,0
7246,1,0,1,1,0,1,0,0,1,1,0,0,0,0,0,0,1,1,1,0,1.0339460056972525,0.49275915624313416,1
7247,1,1,1,0,0,0,1,0,1,1,0,0,0,0,1,0,0,0,0,1,-1.2888187913864075,-1.7058337578757752,0
7248,0,0,0,1,0,1,0,0,1,0,0,1,1,0,0,1,0,1,1,1,0.37642491969169606,-0.03494903523768261,1
7249,0,1,1,1,0,0,1,0,1,1,0,0,0,0,0,1,0,0,1,0,-0.964866442972938,0.9223291866860961,0
7250,0,2,0,0,0,1,0,1,0,1,2,1,1,0,0,1,1,2,2,0,1.5453097166797238,-0.08060709847771669,0
7251,0,1,0,0,1,1,0,0,0,0,0,2,1,1,0,1,1,1,1,1,1.0287731998880394,0.02615086859809046,0
7252,0,1,0,0,0,1,0,0,1,0,0,1,1,0,0,1,0,1,1,0,-0.4813059206667111,-0.16387456274209208,1
7253,1,1,0,2,0,0,1,1,2,0,1,1,2,0,2,1,2,1,1,0,0.5448251614881522,0.5145323508542049,0
7254,0,0,0,0,0,0,0,0,2,0,1,1,2,0,0,0,2,1,2,0,-0.444988807598108,-1.3681830516107198,0
7255,1,0,1,0,1,1,0,1,1,0,0,0,0,0,1,0,0,0,1,0,0.059971429864651545,0.9128113010311871,1
7256,0,1,1,0,1,1,0,0,0,1,0,2,2,2,1,1,2,0,2,1,0.3952154699802698,1.832949164838904,0
7257,0,1,0,0,0,2,1,0,1,1,1,1,1,0,0,0,0,0,0,1,-2.1961224594613897,-0.32914124539762835,1
7258,0,1,0,0,0,0,0,0,2,1,2,1,0,0,0,1,0,0,1,0,-0.3543834383939775,-2.47161439220959,0
7259,0,0,1,0,1,1,0,0,1,2,0,1,2,0,0,1,1,1,1,0,-2.6175831971482455,-0.5018973018545454,0
7260,0,2,0,0,0,2,0,0,1,0,1,0,1,0,1,1,0,1,1,1,0.9141887768848606,-1.307369474110065,0
7261,0,0,0,0,0,2,0,0,1,0,1,1,0,0,1,2,1,0,1,1,-0.5448431015065437,0.6858531654964226,0
7262,0,0,1,0,0,0,0,1,1,0,0,1,1,1,1,1,0,0,0,2,0.7172487051355324,0.07767869487730256,0
7263,0,1,1,0,0,1,0,0,1,1,1,1,0,0,0,1,1,0,2,1,0.8191113952230997,1.1484628294343444,0
7264,0,1,0,1,0,0,0,0,1,2,0,0,0,0,0,0,1,0,1,0,-1.397886225727602,-0.3026761307565151,0
7265,0,2,2,0,0,1,0,1,1,0,0,0,1,1,0,1,0,1,1,1,-0.13974480065526396,1.0846542433693753,1
7266,0,0,1,0,0,2,1,0,1,0,1,0,1,0,0,0,0,1,0,1,-0.16609660198372997,-0.530217190357623,0
7267,0,2,1,0,0,0,0,0,2,1,1,1,1,0,0,1,1,0,0,2,0.6595956035260887,-0.5178725949315215,0
7268,1,0,0,0,0,1,1,0,0,0,0,1,2,1,0,1,1,1,2,1,-0.05994445256683831,0.45594862354890836,0
7269,0,0,1,0,0,1,0,0,2,0,0,2,0,0,1,1,1,0,0,1,0.6211270701201544,0.135767357657479,0
7270,1,1,0,0,0,1,0,0,1,0,0,0,0,0,1,1,1,0,2,2,-0.24418183941206012,-0.8590865308771565,0
7271,0,2,0,0,1,1,0,0,2,1,0,0,0,0,0,1,0,0,2,0,-0.8881645615482205,0.07841164631522618,0
7272,0,0,0,0,0,2,0,0,1,1,1,1,0,0,1,1,0,0,2,0,1.3903925797728658,2.5127788701456852,0
7273,0,0,1,0,0,1,0,1,1,1,0,0,0,1,1,0,0,1,0,0,-1.3462682146961518,0.057480466616306014,0
7274,1,1,2,0,0,1,1,0,0,1,0,0,1,0,0,1,2,0,1,2,-0.30838781431629975,0.7185098695551863,1
7275,0,1,2,0,0,1,0,0,2,1,1,0,1,1,0,0,1,0,1,0,-1.6026468949645103,-0.6172243239502369,1
7276,0,1,0,0,0,2,1,0,0,0,0,0,0,0,1,0,1,1,1,1,-0.06987810895038908,0.06087922879910039,0
7277,0,0,2,0,1,2,0,0,1,0,0,0,0,0,0,1,0,1,0,0,-1.5747229274721413,-0.6385456193191466,0
7278,0,0,0,0,0,0,0,0,1,0,0,1,1,0,0,2,1,0,0,1,0.4743753876952258,-0.2991909619089663,0
7279,0,0,0,2,0,0,0,0,1,0,0,0,1,0,0,0,0,1,1,0,0.5295074294203365,0.09068796852619443,0
7280,0,1,1,0,0,1,1,0,1,1,0,0,0,2,0,0,1,1,0,0,-0.8925466005720488,-1.6140631939616823,0
7281,0,0,1,1,1,0,0,0,0,0,0,1,0,0,1,1,1,1,2,1,0.5868642737467623,0.37136494015281235,1
7282,0,0,0,0,0,1,0,0,0,1,0,1,0,0,1,0,0,1,1,1,0.8957052543658507,2.0596330412039836,0
7283,0,1,1,0,2,1,0,0,2,0,0,0,1,0,0,1,1,1,0,1,1.4487326107392229,0.2595232042763069,0
7284,0,1,0,0,0,2,0,0,0,0,0,1,2,0,1,0,1,0,2,1,-0.8544615097500564,-1.5654295791497002,0
7285,1,1,2,0,0,1,0,0,0,0,1,0,1,0,0,1,1,0,2,0,0.22079599590773047,0.7424956770893345,0
7286,0,2,1,0,1,2,0,0,1,1,0,1,0,1,1,1,1,1,2,0,-0.34012631962935824,-0.4110671997013422,0
7287,1,1,0,0,0,0,0,0,0,1,0,1,2,1,0,1,1,1,1,0,-0.196588323737257,-1.212685253485184,0
7288,0,2,1,0,0,1,0,0,1,0,1,1,0,0,1,1,0,0,1,1,1.9462441170995874,-1.2329602627587541,1
7289,0,0,1,0,0,1,1,0,1,0,0,0,1,0,1,2,1,2,0,0,-0.0408777052278112,-0.8254933333272776,0
7290,0,1,2,0,0,2,0,0,2,1,1,1,2,1,0,1,1,2,1,1,-0.7708703738188597,-0.36535250448960316,0
7291,0,0,0,0,1,2,0,0,1,1,0,0,1,1,0,1,0,0,2,1,0.47810947593010555,1.2001569282717106,0
7292,0,0,0,0,0,0,0,0,2,1,0,0,1,0,0,2,0,0,1,1,1.6394122408246026,-0.20969331899418653,1
7293,0,1,0,0,1,1,0,0,0,2,0,2,1,1,0,1,0,0,0,1,-0.5971724168344518,-1.2180294422785487,0
7294,0,1,1,0,0,0,0,0,1,0,1,0,0,0,0,1,1,0,0,0,-1.6747376385497237,-0.35910939974734934,0
7295,1,0,0,0,1,1,1,0,2,1,0,1,2,1,2,0,1,0,1,1,-1.8038842276415905,-1.6439711258427558,1
7296,1,0,1,0,1,0,1,0,0,0,0,2,1,0,0,1,0,0,1,0,-1.1936968122219098,0.1878009033753656,0
7297,1,0,0,0,1,1,0,0,1,2,0,0,0,1,0,1,0,2,1,1,-1.521768027718235,-0.6494947335198187,0
7298,0,0,1,0,0,2,0,0,2,1,0,1,1,0,0,1,2,0,2,2,-0.4922796956566096,0.3459410183158155,0
7299,0,1,2,0,0,2,0,0,1,0,0,0,0,0,0,2,1,0,2,0,-0.030788574528939003,1.2120932277214758,1
7300,0,1,0,0,0,0,0,0,1,1,1,2,1,0,0,1,0,1,1,0,-1.6586148229265145,-2.3044886234942012,0
7301,0,1,1,0,1,1,0,1,0,0,0,0,2,0,0,1,1,0,0,0,-0.34596211412682026,-1.125422487156917,0
7302,0,1,2,0,1,1,0,0,2,0,0,0,0,1,0,1,1,0,2,0,0.0773820707588583,2.378673652530283,0
7303,1,0,0,0,0,1,0,0,1,2,0,0,0,0,0,1,1,2,1,2,0.19152280842978261,0.16997932767645685,0
7304,0,0,0,0,0,2,0,0,1,1,0,1,1,1,0,0,1,0,1,1,0.6266420031991488,1.1618517291255834,0
7305,0,1,0,0,0,1,0,1,1,0,1,0,1,0,0,1,0,0,1,1,-0.34313747656380167,-0.28636240985432965,1
7306,0,0,0,0,1,0,0,0,0,1,1,0,1,0,0,2,2,2,1,0,1.3308046955913542,0.3673542855763835,0
7307,0,1,1,0,0,2,0,0,2,0,1,0,0,0,0,2,0,0,2,0,1.2058783413529899,0.32077051435810244,1
7308,0,2,2,0,1,0,1,0,0,0,0,0,1,0,0,1,1,0,1,0,-0.24574253664244886,-0.7482500142828368,0
7309,0,1,1,0,1,1,0,0,2,0,1,0,1,1,0,1,0,0,0,0,0.7842068726738375,-0.7159918732217709,0
7310,0,1,0,0,0,1,0,0,2,0,0,1,0,1,0,0,0,0,2,1,0.6656800504225414,0.025334053355804603,0
7311,0,0,1,0,0,0,0,1,1,1,0,0,1,0,1,2,1,0,0,0,-0.07531754923581224,0.5497925969920433,0
7312,0,1,0,0,0,2,0,0,1,0,1,0,1,0,0,0,1,0,2,0,0.9528015224016558,-0.661233603504175,1
7313,0,0,0,0,0,0,0,0,1,1,0,0,0,1,1,1,1,1,0,1,-0.7547946981960019,-0.3753953135480595,0
7314,0,1,1,0,0,1,0,1,1,2,0,0,1,0,0,0,0,0,1,1,1.7792585277436572,0.7810713524265074,0
7315,0,0,0,0,1,0,1,0,1,2,1,0,0,0,0,1,1,0,1,2,-0.9188152470032336,-1.6149435144843005,0
7316,0,2,1,0,0,1,0,0,1,0,1,2,1,0,0,1,1,1,2,1,-0.782192252631972,-1.892497545006206,0
7317,0,0,1,0,0,1,0,0,1,1,0,1,1,1,0,0,0,2,2,2,0.7931048229279232,0.9784213427717217,1
7318,0,1,0,1,1,1,0,0,1,0,1,0,1,0,0,0,0,1,0,1,0.9988557934469041,0.5613456863617015,1
7319,1,0,0,1,0,0,0,1,1,1,0,0,0,0,0,0,1,0,0,0,-0.6723252366631809,-0.021611342384309368,0
7320,1,0,1,0,0,1,0,0,1,0,0,1,1,1,0,1,2,0,2,0,0.8922199921799557,-0.18383200506226538,0
7321,0,0,0,0,0,1,0,0,0,0,1,1,0,1,1,0,1,0,2,1,-1.9430885800217925,-2.180813129444557,0
7322,1,0,1,0,0,1,0,0,2,1,0,0,0,0,0,0,1,0,1,0,-0.3756133714110427,-0.1661406071149533,0
7323,0,1,0,0,0,0,1,0,0,0,1,1,0,0,0,1,1,0,0,1,-0.3579321934332591,-2.1112244513250564,0
7324,0,2,0,0,0,1,0,0,1,0,0,0,1,0,0,1,1,1,1,0,-0.7570153741647858,0.8705969703448495,0
7325,0,1,0,1,0,0,0,0,2,0,0,0,1,1,0,0,1,0,0,1,-0.16882512552600257,0.0894605429162659,1
7326,0,1,0,0,0,2,1,0,2,0,0,1,2,1,0,0,1,0,1,1,1.2499713028230115,0.9393181610057928,0
7327,0,0,0,0,0,0,1,1,0,0,0,0,2,0,0,0,0,0,1,0,-1.3671790843778613,0.8915235316183101,0
7328,1,1,0,0,0,0,0,0,0,2,1,0,0,0,0,0,0,0,1,1,-1.0818471934289962,-1.3544332100556127,0
7329,0,0,0,0,1,1,0,0,0,0,0,1,0,1,0,1,1,0,0,0,-0.1199991694772042,-0.24873187353002377,0
7330,0,0,2,0,0,1,0,0,0,1,0,0,2,0,0,0,0,1,1,0,1.6956068432523193,0.7447157664713795,1
7331,0,0,1,0,0,1,0,0,1,1,1,1,0,0,1,1,1,1,2,0,-0.8539955163891737,-0.5753728585947142,0
7332,0,1,0,0,0,1,0,0,0,1,0,1,1,0,0,1,1,0,1,1,0.17638789329091903,-1.546495279389708,1
7333,1,0,0,0,0,0,0,2,1,0,0,0,1,0,0,1,1,0,2,1,2.0023743455956464,-0.11637309552013497,1
7334,0,1,1,0,1,1,1,1,0,0,1,1,2,1,0,2,2,0,0,0,-0.2706459647650324,0.04580450024780325,0
7335,0,1,1,0,0,0,0,0,1,0,1,0,0,0,0,2,1,0,0,1,-0.7301284373696396,-1.710017482633204,0
7336,1,1,0,1,0,1,0,0,1,1,1,1,0,1,0,2,1,1,0,1,0.9552267562122229,0.7988351601489792,1
7337,0,1,0,0,0,0,1,0,2,1,0,1,1,1,0,1,1,0,1,1,0.1402612915071867,-0.52509127589581,1
7338,1,2,1,0,0,0,0,0,1,1,0,1,0,0,1,1,0,0,0,0,-1.4610816491818226,-0.3504225220001076,0
7339,0,1,0,0,1,1,0,0,1,1,0,1,0,0,0,0,1,0,1,0,1.066093926550622,2.0640238551623744,0
7340,0,0,0,0,1,1,0,0,1,2,0,2,2,0,0,0,0,1,0,0,-0.6055543902858185,-0.2553293772826901,0
7341,0,2,0,0,1,1,0,0,1,1,0,1,0,0,1,1,1,1,1,0,-0.2723920735328948,-0.16100006433540637,0
7342,0,1,2,0,1,2,0,0,0,1,1,0,0,0,0,2,0,0,0,0,0.8202085557319403,0.616492785899849,0
7343,0,0,0,0,0,1,1,1,2,1,2,0,2,1,0,1,1,0,1,1,0.43251498156571716,-0.6513522661327112,0
7344,0,0,0,0,1,1,0,0,2,0,0,0,0,1,1,0,0,0,2,0,0.619462054573656,0.4919671958561643,1
7345,0,2,1,0,0,1,0,0,1,0,0,1,1,0,1,1,0,0,1,1,0.5016509237460943,0.1403936614268455,1
7346,0,2,0,0,0,1,0,0,1,1,0,0,2,1,0,2,2,1,2,0,-1.7608178935976047,-2.534473980569513,0
7347,0,0,1,0,0,2,1,0,1,1,0,0,0,0,0,1,1,0,2,1,0.06839794370977786,0.6094442245908034,0
7348,0,1,0,0,0,1,0,0,1,1,0,1,2,0,0,2,1,2,1,0,0.07949157979907195,1.3115061889446908,1
7349,0,1,0,0,0,0,0,0,1,1,1,1,0,0,0,1,1,2,0,2,1.7548699924237994,0.293695669803644,0
7350,1,0,0,0,1,1,0,0,2,1,0,2,1,0,0,1,1,0,0,0,-1.14937177910169,0.643722392318855,0
7351,0,1,1,1,0,1,0,0,1,1,0,1,1,0,0,1,1,0,1,1,0.7408961538059391,1.082397033617118,0
7352,0,0,2,0,0,1,0,0,2,0,0,1,1,1,0,0,0,1,0,1,0.3877407703553817,1.0967339237785179,0
7353,0,0,0,0,0,2,0,0,1,0,1,1,2,1,0,2,0,1,0,0,0.8131770893812765,0.34441226094643834,0
7354,0,1,1,0,0,2,1,1,1,0,0,0,1,1,0,1,1,1,1,0,0.4210677039222197,-0.23533141358523776,0
7355,0,0,0,0,0,1,0,1,1,1,1,0,1,0,1,2,1,0,1,1,-0.9231525095395233,1.130129192195415,1
7356,0,0,0,0,0,1,0,1,1,0,1,0,1,0,0,0,2,1,1,0,-0.8705985372288755,-0.22306187756482088,0
7357,1,0,1,0,0,2,0,0,1,0,0,0,0,1,0,0,0,0,0,1,1.212034889703584,0.37097021498033433,0
7358,1,0,1,0,0,0,0,1,1,1,0,1,0,0,0,0,2,0,0,1,-0.6181525834819034,-1.4440908459904682,0
7359,0,1,0,0,1,0,0,0,0,1,1,0,0,0,0,2,1,1,1,0,-1.7074843079302506,-0.26417366914196816,1
7360,0,0,0,0,0,1,0,1,0,1,1,0,1,0,0,1,1,0,0,2,-2.0088649134978582,-0.09080043569685903,1
7361,0,1,0,0,0,2,0,1,0,1,0,0,0,0,0,2,0,0,0,1,1.3092211205772173,1.0824230913906496,0
7362,0,1,0,0,0,0,0,0,1,1,0,0,0,0,0,1,1,0,0,0,-1.4955159125856266,1.310060593908823,0
7363,0,1,1,0,0,0,1,0,0,1,0,0,1,1,1,1,1,0,1,1,-0.028606778668929782,0.6637887544481349,0
7364,0,1,0,1,0,1,0,0,1,1,1,1,0,0,0,1,1,0,2,0,0.4465275027560392,0.44752118100838345,0
7365,1,1,0,0,0,2,1,1,1,0,1,1,1,1,0,0,1,0,0,1,-0.9179904458309002,-0.9393854034216509,0
7366,0,0,1,0,0,0,0,0,1,0,0,1,0,0,0,0,0,1,0,1,-0.17564782989746433,-0.7164550374173377,1
7367,0,0,0,0,0,1,1,1,1,0,1,1,2,1,0,2,0,0,1,1,1.5097810925255197,-0.7216655437117259,0
7368,0,1,0,1,0,2,0,0,1,0,1,1,1,0,0,0,1,1,2,0,1.6531112430837025,2.4097455905025296,0
7369,0,1,0,1,0,1,0,0,1,1,1,1,0,1,0,0,0,1,1,1,-0.5678733748420771,-0.24287962779589284,1
7370,0,0,0,0,0,0,0,0,1,0,0,0,0,0,0,1,0,0,0,1,0.4700195184008947,-0.6442898206540604,0
7371,0,2,0,0,0,2,0,0,2,1,0,0,0,0,0,0,1,0,1,0,-1.295613364383192,-0.18503224769319526,1
7372,1,0,1,0,0,1,0,0,1,0,1,0,1,0,0,1,1,1,2,0,0.3261630796140058,-0.2603663942586052,0
7373,0,1,2,0,0,0,0,0,2,1,0,1,2,1,0,1,1,1,0,0,2.244440589587435,0.7726614026204831,1
7374,1,0,1,0,0,0,0,0,1,1,0,1,0,1,1,1,1,0,2,1,0.04222876925886246,1.6706688491152737,1
7375,0,0,1,0,0,2,0,1,2,0,0,0,0,0,0,0,1,1,0,0,1.3203739907672603,1.5825054496268685,1
7376,0,0,0,1,0,1,0,0,0,1,0,0,0,1,0,1,0,0,2,1,0.8980471842555016,0.2512589842480183,0
7377,0,0,2,0,0,0,0,0,0,0,0,1,0,0,0,1,2,0,0,0,0.19602098171481083,0.9520176119116539,1
7378,0,0,0,0,0,2,0,0,2,1,0,1,1,1,0,1,0,0,1,1,-0.6242358718094969,0.9708193981333119,0
7379,0,1,1,0,0,1,0,0,2,0,0,0,1,1,1,1,1,1,1,1,-1.3560027539029966,-0.8977543311858618,1
7380,1,1,1,1,1,1,0,0,1,1,0,2,2,1,0,1,2,0,2,0,-1.4373806323208234,-0.9038248244191489,0
7381,0,0,1,0,0,1,0,1,2,0,1,1,1,0,0,0,1,0,0,1,-0.14800884694126948,-1.8735511649327472,0
7382,1,0,1,0,0,0,0,0,0,1,0,0,0,0,0,1,1,1,2,0,-1.0200435787877278,0.049270254991230306,1
7383,0,0,1,0,1,1,0,0,1,0,0,1,1,0,0,0,1,0,1,0,1.4110803623166328,0.0015592680567145245,0
7384,1,1,0,0,1,0,0,0,1,0,1,0,0,1,0,1,1,0,1,1,-0.3690902176510824,-1.014211508145069,0
7385,1,1,1,0,1,1,0,1,1,1,0,1,0,1,1,0,0,0,1,0,-0.5843458773574371,0.2911100290870583,0
7386,0,1,1,0,0,0,2,0,1,0,0,1,0,0,0,1,0,1,1,1,0.08289336706214058,-0.23090800274652817,0
7387,0,1,0,0,0,1,1,1,1,0,1,1,0,0,0,0,1,1,1,0,0.1651420616135949,-0.8627682712795579,0
7388,1,1,1,0,0,1,0,0,2,0,1,0,1,0,0,0,1,0,0,1,-0.44587824575693435,-0.987147739201102,0
7389,0,1,0,0,1,1,0,0,2,0,0,0,2,0,0,2,0,1,0,1,-1.1121401628253755,0.5391610249016938,1
7390,0,0,0,0,0,1,0,0,0,2,1,1,0,0,0,0,0,0,2,2,0.4424649389563592,0.9555285917392872,0
7391,0,2,1,0,0,1,0,0,2,1,0,2,0,0,0,1,0,0,0,0,0.4668486189569931,-2.277500499373679,1
7392,0,1,0,0,0,0,0,0,2,0,1,2,0,0,0,0,1,1,0,0,-0.34157176141321566,0.9816573816189842,1
7393,0,0,2,0,0,0,0,0,2,1,0,1,0,1,1,1,1,1,0,1,-0.4013970862925711,0.7979344621437008,1
7394,1,2,1,0,0,1,0,0,1,2,1,2,0,1,0,0,1,1,0,0,-0.7934044598839096,-0.8007516481212453,0
7395,0,1,0,0,0,1,1,0,1,2,1,0,1,0,0,1,0,1,2,0,-0.4496192779911965,0.11286857866229733,0
7396,0,0,0,0,0,0,0,0,0,0,1,1,0,0,0,1,0,0,0,1,-1.0826589185821376,-1.5629837554942632,0
7397,0,0,2,0,0,1,0,0,1,0,1,1,1,2,0,1,1,1,1,2,-1.285384474134542,-1.6204852241668197,0
7398,0,0,1,0,0,1,0,0,1,0,0,1,0,1,1,0,1,0,2,0,1.0632789175531285,0.8781272635294668,0
7399,0,0,1,0,1,1,0,0,0,1,0,1,1,1,0,1,1,1,1,0,-1.3772338693752881,-0.3685447783804002,0
7400,1,0,0,0,1,1,1,0,1,0,0,1,1,0,0,0,0,1,1,1,1.1638257249700061,0.734513105730882,0
7401,0,1,1,1,0,1,0,0,1,0,0,1,0,0,0,1,0,1,1,2,2.0833661124429215,3.1956114724439066,0
7402,0,0,0,0,1,0,1,0,1,1,0,0,1,0,0,0,1,1,0,0,1.2615783581821622,-0.22671368278502446,0
7403,0,1,1,0,0,2,0,0,1,1,0,1,2,0,1,0,2,1,0,0,0.13799108122991724,-0.07088263808537248,0
7404,0,0,1,0,0,0,1,1,0,1,0,2,0,0,0,2,0,0,0,1,1.4890609445062284,0.7168331744944083,1
7405,1,1,0,0,0,1,0,0,1,0,0,1,2,1,1,1,0,0,1,1,0.004946905908595378,0.6896502880566483,0
7406,0,1,1,0,1,0,0,0,2,0,0,1,1,1,0,1,1,0,1,2,-2.080523871471647,-1.5730040506478398,0
7407,0,1,0,0,0,1,0,0,0,1,1,0,0,1,1,2,1,2,0,0,0.024408701345814666,0.5983542116759187,0
7408,0,0,1,0,0,1,0,0,0,1,0,1,1,1,2,1,1,0,1,1,0.8699175929367939,0.9762803278434491,0
7409,0,1,1,1,0,0,0,0,2,0,0,2,0,1,1,0,1,0,1,1,-2.0705761448374234,0.4336106318767763,0
7410,0,0,0,0,2,1,0,0,1,1,0,1,1,2,0,1,1,0,1,1,-0.07438821220042581,-0.14340600529262204,1
7411,0,2,1,0,0,2,0,0,2,1,1,1,1,0,1,0,1,0,0,0,-1.555185574775312,-2.3452145271478786,0
7412,0,0,2,0,0,1,0,0,1,1,1,0,1,0,0,2,0,2,0,1,-0.4293972259043012,0.5930384982052632,0
7413,0,0,1,0,0,1,0,0,0,2,2,0,2,1,0,2,0,0,1,1,1.5648072409469487,0.04291154904327399,1
7414,0,1,1,0,0,1,0,0,2,0,0,0,0,0,0,1,1,0,1,1,0.41269565469288577,0.22295702401047113,0
7415,0,1,0,0,0,0,0,0,0,1,0,1,0,2,1,1,2,0,0,1,-2.387131289533448,-0.3679569621515612,0
7416,0,1,1,1,0,2,1,0,1,1,1,2,0,0,1,0,0,1,2,1,0.9522714252322626,-0.7016026046312793,0
7417,1,0,0,0,1,1,0,1,1,0,0,0,2,1,0,0,0,1,2,0,0.35027104247658797,-0.16187905390594526,0
7418,0,0,1,0,0,1,1,0,1,1,1,1,0,0,1,0,1,1,2,1,-0.45045763357834,-0.006887013138664466,0
7419,0,0,0,0,0,1,0,1,2,0,0,1,0,0,0,2,0,1,1,1,-1.0384799308568486,0.48049400642796947,0
7420,0,0,2,0,0,1,1,0,1,0,0,0,2,0,1,1,1,0,0,0,0.12105304613777537,0.053987493521342966,0
7421,0,1,1,0,0,2,1,0,1,0,0,0,0,1,0,0,2,0,1,0,0.8477550886728786,0.15009094855931485,0
7422,0,0,0,0,0,2,0,0,1,0,0,0,1,0,0,0,0,2,0,2,1.368769444842358,-1.3291874123422696,0
7423,1,0,0,0,0,0,0,1,1,1,1,1,2,0,1,1,1,0,1,0,-0.3142214478475503,-0.7118981705988927,1
7424,1,2,0,1,1,2,0,0,1,1,1,2,1,0,0,1,1,0,1,1,0.8386457058298991,0.24446371728352184,0
7425,0,1,1,1,0,1,0,0,1,1,1,1,1,0,1,1,1,0,1,1,-1.047129690853626,-1.9830258996547845,0
7426,0,1,1,0,0,2,0,0,1,0,0,2,0,0,1,2,1,1,1,0,1.1059079376405323,-0.6245954153918648,0
7427,0,1,1,0,1,2,0,0,0,1,0,0,2,0,1,2,0,1,1,1,-1.1515291814708888,-0.002635761797662388,0
7428,0,0,1,1,0,2,1,0,1,1,0,0,0,1,0,2,1,0,2,0,-0.715544306558544,-0.23227312318681703,0
7429,0,1,1,0,1,0,0,0,1,2,0,1,1,1,1,1,1,1,0,1,0.4869285183015833,0.03859032550736691,1
7430,0,1,0,0,0,1,0,1,0,1,0,0,2,1,0,1,0,1,1,1,0.23547290632916054,0.978344291476591,0
7431,0,0,2,0,0,2,0,0,1,0,1,0,1,0,1,2,0,1,1,1,0.8498023334256714,1.7474480732841857,0
7432,0,0,1,0,0,1,0,0,0,0,1,0,1,0,0,1,1,0,0,1,-0.5699037438988771,-0.7591210277886762,0
7433,0,1,0,0,0,0,1,0,0,1,0,1,1,1,0,2,1,0,2,1,0.9623980380957547,0.4464133262486458,1
7434,1,1,1,0,0,1,0,0,0,0,0,0,0,0,0,1,0,1,0,1,0.11645461093148023,0.4695776591475082,1
7435,0,0,0,0,1,1,1,0,0,0,0,0,0,1,0,1,1,2,1,0,-0.39676513747084896,-1.377123200427266,1
7436,0,0,0,0,0,1,0,0,0,0,1,0,2,0,0,1,0,1,0,0,1.0026283585892395,1.2212492857906536,0
7437,0,0,0,0,1,1,0,0,2,1,0,0,0,0,0,1,2,1,0,0,-0.8186151154482252,0.128964042086897,0
7438,0,2,0,0,1,2,0,0,2,1,0,1,0,0,0,0,1,1,2,0,-0.4690125308363626,0.029545208676489243,0
7439,0,1,0,0,0,1,0,0,1,1,0,0,1,0,1,0,2,1,1,0,-1.8749996882423343,-0.757249211461391,0
7440,1,0,1,0,0,1,1,0,0,0,1,0,1,0,0,0,1,0,1,0,0.861564250941607,-0.08730235584083669,1
7441,1,2,1,0,1,1,0,1,1,2,1,0,2,0,0,1,1,0,0,0,0.6494596989778677,2.598346048399295,1
7442,0,1,1,0,0,2,0,1,1,0,0,0,2,1,0,1,1,2,2,1,0.3234343569012241,-0.18383218808015367,0
7443,0,1,0,0,0,1,1,0,1,0,1,1,0,1,0,0,1,1,2,1,-0.21850358119394309,-1.3655559799519776,0
7444,0,1,1,0,0,2,0,1,1,1,0,0,1,0,0,0,1,0,0,1,0.920155927325886,0.9257918914572982,1
7445,0,0,1,0,0,0,0,0,1,0,2,0,1,0,0,1,2,1,1,2,-1.4135796082690397,-0.7660382303684318,0
7446,0,0,0,0,0,1,1,0,1,1,0,0,1,1,0,1,0,0,1,1,0.2557165285686315,1.0824499467678392,0
7447,1,1,1,0,0,0,0,0,2,2,0,1,2,0,1,0,2,1,1,2,0.011481999691327323,-2.368809011482184,0
7448,0,1,1,0,0,0,0,0,1,0,1,0,0,1,0,1,0,0,0,0,-0.35713284583185695,-1.068776386310419,0
7449,0,0,0,0,2,1,0,1,0,1,1,0,0,0,0,0,1,1,2,2,-0.0006955961909074103,0.03257909996168691,0
7450,0,0,1,1,1,1,1,0,1,1,0,0,1,0,1,1,1,0,0,0,-0.4024978405909154,0.771154462020293,1
7451,0,0,0,0,0,1,0,0,2,0,1,1,1,0,0,2,1,2,2,1,1.106096080872538,0.5489915858264189,0
7452,0,2,0,0,0,0,0,1,0,1,0,0,1,1,0,1,1,0,0,0,-2.3381923171978864,-0.9753011065262648,0
7453,1,0,0,1,1,2,0,1,0,2,0,1,2,1,0,1,0,0,0,2,-0.725455377018254,-0.09253725753077041,0
7454,0,1,2,0,0,2,0,1,1,1,1,0,2,1,0,1,1,0,1,1,-1.6910388294666632,-1.4370050108978933,0
7455,0,1,0,1,0,1,0,0,1,0,1,0,1,0,0,0,1,1,0,1,-0.7395307362116009,1.1902612737529488,1
7456,1,1,1,0,1,1,0,0,1,1,0,0,2,0,0,1,1,1,1,2,-0.22107864067036712,-0.014527130187821459,0
7457,0,0,1,0,0,0,0,0,2,1,0,0,0,0,0,0,1,2,2,1,-0.3497824730125146,0.9878470455820683,1
7458,0,0,0,0,0,0,0,0,2,1,0,0,0,0,0,2,0,0,1,0,-0.4404847057958631,0.8072017277796774,0
7459,0,0,0,0,0,1,0,0,1,1,0,0,0,0,1,2,1,1,1,0,0.3841380261163281,0.6359207758439693,0
7460,0,1,0,0,0,0,2,0,2,1,0,0,1,0,0,0,0,0,1,0,-2.3838053960649006,-0.5785879569921445,0
7461,0,0,2,0,0,1,0,0,1,0,1,0,1,1,0,1,2,0,2,1,-0.4015734155902496,0.022857351613326443,0
7462,0,1,1,0,1,1,0,0,0,0,1,1,0,0,0,0,0,0,0,1,0.5151546307077208,-0.6768682450445616,1
7463,0,0,1,0,0,1,0,0,1,1,0,1,1,2,0,0,2,0,1,0,-0.6372004090996709,-1.4937224851906168,0
7464,1,1,0,0,1,1,0,0,2,2,0,0,1,1,0,0,0,0,1,0,1.3996225551212362,0.13541461602111116,1
7465,0,1,1,0,0,2,0,0,0,1,0,1,0,0,0,1,0,2,2,1,0.17786921955106325,2.1236335873216943,1
7466,2,1,1,0,0,2,0,1,0,1,0,1,1,1,1,0,0,1,1,0,-1.0742317173694298,0.5923529671997665,0
7467,0,0,1,0,0,1,0,1,2,1,0,1,1,0,0,1,0,0,2,1,0.9214795655368895,1.1848236560324072,1
7468,0,1,0,1,1,1,0,1,2,2,0,0,1,1,0,1,0,1,1,0,-1.6511051084069286,-0.9913119294728358,0
7469,0,1,0,1,0,1,1,0,1,1,0,0,0,0,0,0,0,2,1,1,0.41498655724118244,1.0094912199096173,1
7470,0,0,0,0,0,2,0,1,1,2,0,0,0,0,0,1,1,0,2,1,0.20435424518507286,0.5738485851267634,0
7471,0,0,0,0,0,2,0,1,1,0,0,0,1,1,1,0,1,0,2,0,-0.218312886176728,0.9576278670990066,0
7472,0,0,1,0,0,0,0,1,1,1,1,0,1,0,0,1,0,0,2,0,-1.1678155403632549,-1.464748755270384,0
7473,0,1,1,0,0,1,0,0,1,1,1,0,0,0,1,0,1,0,2,0,-1.084472164149759,-0.5436993420623285,0
7474,0,0,0,0,0,0,0,0,1,0,1,0,0,0,0,2,1,1,2,1,0.9460858264431987,-0.5462120872681123,1
7475,0,0,0,0,0,1,0,0,1,0,1,1,1,0,0,1,1,0,1,0,1.766137476925133,0.8563238363129597,0
7476,0,1,1,0,0,1,0,0,2,0,0,0,0,0,0,1,1,1,2,1,-0.10684068498189879,1.2035286088266397,1
7477,0,2,1,0,0,1,0,0,1,1,0,0,0,1,0,2,1,1,1,0,0.316182019881052,-1.1764041339757747,0
7478,0,1,0,1,0,0,0,0,0,0,0,1,1,0,0,1,2,0,0,1,1.9141238127303066,1.7921606531127088,0
7479,0,1,0,0,0,1,0,0,0,0,0,2,0,0,0,1,0,0,1,1,-2.8341683272775096,-2.386993995706792,1
7480,0,1,1,0,0,0,1,1,0,1,1,0,1,0,0,0,2,1,0,1,0.5842922062016486,0.4237615315049121,0
7481,1,0,0,0,1,1,0,0,1,0,0,1,2,0,0,0,2,0,0,0,0.9744453396095619,-2.247359233615475,0
7482,1,1,1,0,0,0,0,0,0,1,0,0,1,0,1,1,1,0,2,1,-0.6477470653037863,-0.29425477510113796,1
7483,0,2,0,0,0,1,0,0,1,0,1,1,0,0,0,1,1,0,1,0,0.722982661842782,0.5993715473689802,0
7484,1,0,1,0,0,1,0,0,1,0,0,0,1,1,0,1,2,0,1,0,-0.47447558419052294,0.09824678322096045,0
7485,0,2,1,0,1,0,0,0,1,2,0,0,0,0,1,0,2,0,1,1,0.186472937047482,-0.33442054627693296,1
7486,0,0,1,0,0,1,0,0,1,1,0,0,1,0,0,2,0,1,0,0,0.4738094607661837,0.8283523751428155,0
7487,0,1,1,0,0,1,1,0,1,0,0,1,0,0,0,2,0,0,0,0,-1.8098797125107164,-1.9281450323732165,0
7488,0,1,0,0,0,0,0,1,1,1,0,1,2,1,0,2,1,1,1,0,-0.4551958577541793,0.9539439813006455,0
7489,0,1,0,0,1,1,0,0,0,1,1,0,0,0,0,0,1,0,0,1,2.0815726754391553,0.3224166433560633,0
7490,0,0,0,0,0,1,1,1,1,0,1,1,1,0,0,2,1,0,1,0,0.0394303652951744,1.0544637766973777,1
7491,0,0,0,1,1,2,0,0,0,0,0,1,1,0,0,1,2,1,0,1,-1.6621753197946176,0.1374475197226599,0
7492,0,1,0,0,0,2,0,0,1,1,2,1,0,0,0,0,2,1,0,1,-0.0569517312063162,0.7176092653192799,1
7493,0,1,1,0,0,2,1,0,1,0,0,0,1,1,2,1,0,1,1,0,0.07135998479963325,-0.6656959590599764,0
7494,0,1,1,0,0,0,0,0,0,0,0,1,1,0,0,2,0,0,1,1,-0.9547306617059023,-0.9489569761500452,0
7495,0,1,1,0,0,1,1,0,2,1,2,1,1,0,0,1,0,0,0,1,0.27699542005805267,-1.2144417016467275,0
7496,0,0,2,0,0,1,0,0,1,0,0,0,1,0,1,1,0,0,1,0,-1.0794070482857627,0.7244403317258601,0
7497,0,0,0,0,0,0,0,0,2,1,0,0,1,0,0,0,1,0,1,0,-1.404851690521093,-0.5038087863135345,0
7498,1,1,1,0,1,2,0,0,1,0,0,0,1,0,0,0,1,0,1,0,0.1651126277791671,1.1268979919436632,0
7499,0,1,0,0,0,1,0,1,1,1,0,0,0,0,1,0,1,1,0,0,-1.1763539580143971,0.6350308187887064,0
7500,0,0,0,0,1,0,0,0,2,0,0,1,0,0,0,1,1,1,1,1,-1.2363897843070673,-2.0621308850994557,0
7501,0,0,1,0,1,2,0,0,0,1,0,1,0,1,0,0,1,0,1,0,0.5205252467754893,1.5560064955961648,0
7502,1,1,0,0,0,1,0,0,0,1,1,1,1,1,0,2,1,0,0,0,-0.4443253423369687,-0.29306099945286607,0
7503,0,1,1,0,0,1,0,0,2,0,1,2,1,0,0,0,0,1,0,1,-1.6382151781205643,-0.2673071208187975,0
7504,0,0,1,0,0,1,0,0,1,0,0,1,2,0,0,1,0,0,0,1,0.7154211880246181,1.2444271134855271,0
7505,1,0,1,0,1,1,0,0,0,1,1,1,2,1,0,2,0,0,2,0,-1.3034906142488376,-0.11106066435428052,0
7506,0,1,1,1,1,1,0,0,1,1,0,0,1,0,0,0,0,1,2,0,0.1661422133651493,-1.2585252656892778,0
7507,0,0,2,0,0,0,0,0,1,2,1,0,1,1,0,2,1,0,1,0,0.40497083426287694,1.0029860152861705,0
7508,0,1,1,0,1,1,0,0,1,1,0,2,1,0,0,1,1,0,2,1,0.08312601335615111,0.8802755891615655,1
7509,0,1,1,0,0,0,0,1,2,2,0,1,1,1,0,1,1,1,0,1,0.8812513395705297,2.1850260469524008,1
7510,0,1,1,0,0,2,1,0,1,1,0,1,1,0,0,0,1,1,2,1,0.7282399075501644,1.0215879030777344,1
7511,0,1,0,0,2,1,0,0,1,0,1,1,1,1,0,2,1,1,2,1,-1.0198845276245305,-1.2149188516255152,0
7512,0,1,0,0,0,0,0,0,1,2,0,1,1,1,0,0,1,0,1,0,0.9700001845513387,1.021302898191648,0
7513,0,0,2,0,0,0,0,0,0,1,0,1,2,1,0,1,1,1,1,1,1.0087085343600892,-0.28434330407359376,1
7514,0,0,0,0,0,1,0,0,2,1,0,1,0,1,0,1,0,1,1,1,0.1487141942269489,1.6205758468507292,1
7515,0,2,1,0,0,1,0,1,1,0,1,0,0,0,0,0,1,1,0,1,0.6289949222458353,-0.5694528605666704,0
7516,0,1,0,0,0,1,1,0,2,2,0,0,0,0,0,2,2,1,2,2,0.4629040296691537,1.029152984321344,0
7517,0,1,1,0,0,1,0,0,0,0,0,1,1,1,0,2,0,1,1,0,-0.46187585792846686,0.08158134131130967,0
7518,0,1,0,0,0,2,0,0,1,2,0,0,1,1,1,1,0,0,1,1,0.5587022929029462,0.41305656903073085,1
7519,1,1,0,0,0,1,0,0,1,2,0,0,1,0,0,0,2,0,1,0,0.31052192172913157,0.3363441799616934,1
7520,0,1,1,0,0,0,0,0,1,0,1,1,1,0,0,0,1,2,1,0,0.4189225064217481,0.2444292542025539,0
7521,0,0,0,0,0,0,0,0,0,1,0,1,1,1,0,2,2,0,1,0,-1.1837946865604403,-0.6867642383604531,1
7522,1,2,0,0,0,0,0,1,2,1,0,1,1,1,0,1,1,0,1,0,0.4397555466575505,0.2634366425700529,0
7523,0,1,0,0,0,0,0,0,1,0,1,1,1,0,0,0,0,2,0,1,-1.2462773715712971,0.5166213938671127,0
7524,0,0,1,0,2,1,1,0,0,0,1,0,2,0,0,1,0,0,2,1,-1.3244248858499612,-1.5639054519151219,0
7525,0,0,1,0,0,0,0,0,0,0,0,0,0,0,0,0,1,0,0,1,-1.2865430553308417,0.46159925394180534,0
7526,0,0,1,0,0,1,0,0,0,0,0,0,1,0,0,2,1,0,1,1,-0.7564697751990391,1.6403312333289413,0
7527,0,0,1,0,0,0,0,0,2,0,0,0,1,0,0,2,2,2,1,1,0.12184050282381118,-0.21506427496915898,0
7528,0,0,0,0,0,0,0,0,1,1,0,1,0,0,0,1,1,0,0,0,0.1458915935159799,0.6402911221124703,0
7529,0,0,0,1,1,1,1,0,2,0,0,0,0,1,0,1,2,1,1,1,-0.7390013753103336,-0.47046792563104367,0
7530,0,0,0,0,1,1,0,0,1,0,0,0,1,0,0,0,1,0,1,1,0.0065546979732757195,0.3007178291710812,1
7531,2,1,1,0,0,0,0,0,0,1,1,1,1,1,1,1,1,0,1,1,0.2569990320736917,1.044377477371665,0
7532,0,0,0,1,0,1,0,0,0,0,0,0,1,0,0,0,1,0,0,1,0.282962438254231,0.6388342947676202,1
7533,0,1,1,0,0,1,0,0,0,1,1,2,1,0,0,0,0,1,1,1,0.5456912276931069,0.9803290732067613,1
7534,1,0,1,0,0,1,1,0,0,2,0,0,1,1,0,0,1,1,2,0,0.9986820681727482,1.8149276976575077,0
7535,1,0,2,0,1,2,0,0,2,0,0,1,1,1,0,1,1,0,1,1,-0.6798176674681894,-1.6450400789516686,1
7536,0,2,0,0,0,2,0,0,1,0,0,1,1,0,0,0,1,1,1,1,-0.8770349931614744,0.1069802857135308,0
7537,0,2,1,0,0,1,0,0,2,2,0,0,1,0,0,1,2,0,2,1,0.000959317938889922,-1.2162665736283922,0
7538,0,0,2,0,0,1,0,0,1,0,0,1,1,0,0,1,1,1,2,0,0.6264989081656136,0.16167132540415774,0
7539,0,1,0,0,0,0,0,0,1,1,0,2,1,0,1,2,1,0,1,1,1.4836697884566514,1.0096048035185725,1
7540,1,1,0,0,0,1,0,1,1,1,0,0,1,0,0,1,1,2,0,0,-1.645489272574024,-1.3473414267252237,0
7541,0,1,1,0,0,0,0,0,1,0,1,1,1,0,1,1,1,2,2,0,0.4560883744667502,-1.1842744750358554,0
7542,0,0,0,1,0,1,0,0,2,0,0,1,0,0,1,1,0,1,2,1,0.29580424047105564,-0.3425172955790007,0
7543,0,0,0,0,0,1,0,0,0,1,2,2,0,1,0,1,2,0,2,0,1.237048700311118,-1.5726675318497845,0
7544,0,1,1,0,1,1,0,0,1,1,2,0,0,2,0,2,1,1,1,0,1.0261298199054536,1.9289752368669277,0
7545,0,0,0,0,0,2,0,0,1,0,0,2,1,0,0,2,1,0,1,0,-0.866205393240558,1.081286713025695,1
7546,0,0,0,1,0,0,0,0,0,0,0,0,1,1,0,1,1,2,0,0,0.5746170540807123,0.297532268494677,0
7547,0,0,2,0,0,2,0,0,0,1,1,0,0,0,0,1,0,1,1,1,1.5543124028327673,-0.4886013109277505,0
7548,1,0,2,0,2,1,0,0,0,2,1,1,0,0,2,1,2,0,1,0,0.11554890718766328,-0.8452806110138945,0
7549,0,0,1,0,1,2,1,0,0,2,2,0,1,2,0,0,1,0,1,0,0.04751422905507715,-0.17638217524975386,1
7550,0,1,0,0,1,0,1,0,2,0,1,0,0,0,0,2,0,0,1,0,0.6366917479918024,0.2462493881170005,0
7551,0,1,0,0,0,2,0,1,1,0,0,1,1,0,0,1,0,1,2,0,1.139065376683973,2.2320818736032395,1
7552,0,1,1,1,0,1,1,1,1,1,1,1,1,1,0,1,0,1,2,0,-1.4509871516924364,-0.8512285323551263,0
7553,0,1,0,0,0,1,0,0,1,1,0,0,1,0,1,0,1,1,1,1,-1.5913333215800234,-1.566138003974409,1
7554,1,0,0,0,0,2,0,0,2,0,0,2,1,0,0,0,0,1,1,0,1.7363691882803292,0.4933656740971726,1
7555,0,0,1,0,0,2,1,1,1,0,0,1,0,1,0,1,2,0,1,0,-2.188400230704133,-0.7457781585167934,0
7556,0,1,1,1,1,0,0,1,2,1,1,0,1,1,0,0,1,1,0,0,-0.7630597063646559,-0.8890984292998216,0
7557,0,0,2,0,0,1,1,0,1,0,1,0,0,2,0,1,0,0,1,0,-0.12718013126102884,-0.7025354296086824,1
7558,0,1,1,0,0,2,0,0,0,1,0,1,1,0,0,0,2,1,2,1,-0.4464632255695486,1.0308603286675795,1
7559,0,0,1,0,0,0,1,1,1,1,0,1,0,0,1,1,0,1,1,0,0.35584302363610193,1.1051247404248774,0
7560,1,1,1,0,0,0,1,0,2,0,0,0,0,0,0,0,1,2,1,0,-1.0822045681536696,-1.3296235799792673,0
7561,0,0,2,0,1,2,0,0,0,2,0,1,1,0,0,1,0,1,0,0,-0.7156253570951998,0.3522719678127731,0
7562,0,0,0,0,0,1,0,0,0,1,0,0,0,0,0,0,0,2,2,0,-1.3957504699006826,-1.5794577256196771,0
7563,0,0,0,0,1,1,0,0,1,2,1,0,0,1,0,1,0,1,1,0,-0.24386533288316192,0.7521143819873546,0
7564,1,1,0,0,0,1,0,1,1,0,0,1,0,1,0,1,1,0,1,1,-1.283638130547096,-1.1445378511958206,0
7565,0,1,1,0,0,1,0,1,1,0,0,1,0,1,0,2,0,0,1,0,0.7542693759933253,0.7417894748033603,0
7566,0,0,0,0,2,0,0,0,0,0,1,1,0,1,0,2,0,0,1,0,0.729999455321475,-0.5911116357158455,1
7567,0,1,1,0,0,0,0,1,2,1,0,1,1,1,0,1,1,0,0,0,2.203384596929084,1.23848756853012,0
7568,0,0,0,0,0,2,0,0,1,0,0,1,0,0,0,2,0,0,1,2,-0.12829052471317773,0.9077632077701383,0
7569,0,1,1,1,0,1,0,1,1,1,1,0,0,0,0,1,1,1,1,0,0.7546539870072464,1.5556490071308946,0
7570,1,0,1,0,0,1,0,1,1,0,0,0,0,1,0,1,2,1,0,0,0.3087128614647469,0.8715358501373117,1
7571,0,1,1,0,1,0,0,0,0,2,1,1,2,1,0,0,1,0,1,0,1.1126487549178836,0.41728263528176146,0
7572,0,2,0,1,0,1,0,0,1,0,0,0,1,1,0,2,0,0,0,0,-0.3307680119450026,1.4089670210591074,1
7573,0,2,1,0,0,2,0,0,1,2,1,1,0,1,0,0,1,0,1,0,-0.13205829199868457,-0.569318218810879,0
7574,0,1,0,1,2,2,0,0,2,0,1,0,1,0,0,1,0,1,1,0,-0.8574210387119965,0.8095956132605002,1
7575,0,0,0,0,0,1,0,0,1,0,0,0,1,0,0,2,1,0,1,1,0.1826196050728962,0.2357687010443575,0
7576,0,0,1,1,1,2,0,0,2,0,1,1,1,0,1,1,0,0,2,0,0.036299275504037484,0.02257440390953952,0
7577,0,1,1,0,0,1,0,1,0,1,0,0,1,0,0,1,0,2,2,1,0.16408570840402342,-1.275734299284065,0
7578,0,2,0,0,0,2,0,0,0,1,1,1,1,0,1,0,2,0,1,1,-0.6765319754806641,-1.6565809915794867,0
7579,1,0,2,0,0,0,0,0,0,1,0,1,2,0,0,1,1,0,2,0,0.5215270014220098,0.9904677125447903,0
7580,0,0,0,0,0,2,0,0,0,1,1,0,0,1,0,1,0,0,0,0,-0.6979466608850688,-1.7196261228519822,0
7581,0,0,2,0,0,0,0,0,0,1,0,1,1,0,1,1,0,0,0,0,0.26713773765369253,0.6171782857433055,0
7582,0,1,1,0,1,2,0,1,0,0,0,1,0,1,1,2,0,1,2,1,-1.7403984082403692,-0.6039772279800726,0
7583,1,0,0,0,0,0,0,0,2,1,1,1,0,1,0,0,1,1,0,0,-0.8677688531189062,-1.4379063149179339,0
7584,0,1,1,0,0,0,1,0,0,2,0,0,1,0,0,2,1,1,2,0,-0.7383936210453821,0.19225395866189932,1
7585,0,0,0,0,0,1,1,0,1,0,2,0,0,0,0,1,2,0,2,1,0.008099205059584023,0.22926268558950452,1
7586,0,1,1,0,1,0,1,1,1,0,1,0,0,0,1,1,0,1,0,0,0.9787076732637513,1.264392085476895,1
7587,0,0,1,0,0,2,0,0,2,1,0,2,1,1,0,1,0,0,0,1,-1.1995740467955744,-1.5880362112992539,0
7588,0,1,2,1,0,2,1,0,1,1,0,1,2,0,0,1,1,1,1,0,1.3934828460161257,-0.7427591135063395,0
7589,0,1,1,0,0,1,0,0,2,1,0,1,1,0,0,1,0,2,0,1,-0.17896939119935196,-0.3726829793345126,0
7590,0,0,0,0,1,1,0,0,2,1,0,1,2,0,1,0,1,0,0,0,0.40550874111345325,-0.35931516348583403,0
7591,1,1,1,1,0,0,0,0,1,0,0,0,0,0,1,1,0,1,0,0,0.4617072761369824,0.22363710292578481,1
7592,0,0,0,0,1,0,0,0,1,0,0,1,1,0,0,1,2,0,1,2,-1.0822193989139606,-0.5698470919426538,0
7593,0,2,0,0,1,1,0,0,2,1,1,0,2,0,0,1,0,2,2,0,-1.7912557539884362,-2.2932237478134,0
7594,0,0,1,0,0,0,0,0,0,0,0,1,0,1,0,0,0,0,1,1,-0.8772637592921774,0.7681862153163826,1
7595,0,1,0,0,1,0,0,0,2,1,1,0,2,0,1,0,1,0,0,1,0.6940310691666357,-1.2171686365882763,0
7596,0,1,0,0,0,0,0,0,1,2,1,1,1,2,0,2,0,0,1,1,-0.04138044109467396,0.45708798797681505,0
7597,0,0,2,0,0,0,0,0,1,0,0,1,0,1,1,0,0,1,1,1,-1.669602781818681,0.21013631449695735,0
7598,0,2,1,0,0,0,0,0,0,0,0,1,1,0,0,1,0,1,0,0,0.999085420073492,0.7690521922604763,0
7599,1,2,0,0,0,1,0,0,1,0,0,1,0,1,0,2,1,1,1,1,0.7825297808391857,1.763872141601302,1
7600,0,0,2,0,1,2,0,0,1,0,1,0,0,1,0,1,1,1,1,0,-0.9907583359486993,0.099450916886617,0
7601,0,0,0,0,1,2,0,0,1,2,1,0,0,0,0,1,1,0,0,1,0.2563914822330886,-1.3759483932202348,0
7602,0,1,1,0,0,1,0,1,2,2,0,1,0,1,0,0,2,0,0,0,1.3832946823299388,1.3598708605818988,0
7603,0,0,0,0,1,1,0,1,0,0,0,0,1,0,0,1,1,0,1,0,0.2956642739752148,-0.4309907530453228,0
7604,1,1,0,1,0,1,0,0,1,2,2,1,0,1,0,0,1,0,2,0,0.46415820704583394,0.09106503355077886,0
7605,0,1,1,1,0,1,0,1,2,1,0,0,0,0,0,0,1,0,1,0,-1.2669706095591773,0.15785358532664578,0
7606,0,1,2,0,1,1,0,0,1,2,0,1,1,0,0,1,1,0,1,0,-0.9092120567538041,0.31184517200491724,1
7607,0,0,1,0,1,0,1,0,1,1,1,0,1,0,0,1,0,1,0,1,0.2936278836556407,-1.0934319356414366,0
7608,0,0,1,0,0,2,0,0,0,0,0,2,1,0,0,1,0,0,1,1,-1.7275898435819301,1.1142375980883514,0
7609,2,1,0,0,0,2,1,0,0,1,0,1,0,1,0,1,0,2,0,0,-0.5983757948279232,0.42306319853495833,1
7610,1,1,0,0,0,2,0,0,2,0,0,1,2,0,0,1,2,1,1,1,-0.021444392769787105,-0.5185914365638247,0
7611,0,1,2,0,0,2,0,0,1,1,0,0,0,0,1,0,1,1,0,1,-1.7136155491951037,-1.6525094445075106,0
7612,0,1,0,0,0,1,0,0,0,2,1,1,1,0,1,2,1,1,2,1,1.9674298773414705,1.4595427621729706,1
7613,0,0,1,0,0,1,1,0,1,0,0,1,0,0,0,1,1,0,1,0,0.5806462025437875,-0.38570426237483313,0
7614,0,0,2,0,0,0,1,0,0,2,0,2,2,0,0,1,0,0,1,0,0.577908109808764,0.529727291540625,1
7615,0,0,2,0,0,1,0,1,1,0,0,0,0,0,0,0,2,0,1,1,0.25727174197650415,-1.5212519311751316,0
7616,0,1,1,0,0,0,0,1,0,1,1,1,1,0,0,0,1,0,1,0,-0.7603161577293021,-0.07453656805497144,1
7617,1,1,0,0,0,1,1,1,0,0,1,0,0,0,0,0,0,1,0,1,1.1333231083879733,0.1588226820548044,0
7618,0,0,0,0,0,1,0,0,2,1,0,1,2,0,1,0,1,2,0,1,0.7025032116636201,0.6004733391964872,1
7619,0,0,1,0,0,1,0,0,2,1,0,1,0,0,0,0,0,0,1,0,1.2873703212996002,0.3340753456711979,1
7620,0,0,0,0,0,2,0,0,0,2,0,0,2,0,1,0,1,0,0,1,1.419782077773747,2.2725112301704398,1
7621,0,0,0,0,0,2,0,0,0,1,0,1,0,0,0,0,2,1,1,0,-0.24947531283212387,0.5143296450235036,0
7622,0,1,1,0,0,0,0,0,1,1,0,0,1,0,0,1,1,0,1,0,1.1983523665144917,-0.9356842756207462,0
7623,0,0,1,0,0,1,1,0,2,2,0,0,0,0,0,1,1,2,1,1,-0.4255666538958431,-0.6393418100401937,1
7624,0,1,1,0,0,2,0,1,1,0,0,0,1,0,0,2,2,1,1,2,0.9052306807410393,-0.11246351486118178,0
7625,0,1,0,0,0,0,0,0,1,0,0,0,0,1,0,1,1,1,0,1,-1.008766445975921,-1.430345808844014,0
7626,1,1,2,0,0,0,0,1,1,0,0,0,0,1,0,2,0,0,1,0,-2.410439056762257,0.7672485266232228,0
7627,0,0,0,0,1,1,1,0,0,0,0,1,1,0,0,1,1,1,0,0,-0.8593993970687798,-0.26424885544050736,0
7628,0,1,0,1,0,1,1,1,2,0,0,1,0,1,0,2,0,2,0,0,-0.5589323451624804,0.16249222458927612,0
7629,0,1,0,0,0,0,0,0,1,1,0,1,0,1,0,2,2,1,0,0,-0.7451010494825773,2.143645128593558,1
7630,0,0,0,0,0,1,0,2,1,0,2,0,1,0,0,1,0,1,0,0,-0.3293959737451901,0.27845449713694925,1
7631,1,1,0,0,0,1,0,1,0,0,1,0,1,0,1,0,1,1,1,0,0.3546334347359383,-0.8009261479191156,0
7632,0,1,0,0,1,0,0,0,1,2,1,0,0,1,1,1,0,0,2,1,-0.2852881764537522,0.02354550448726564,0
7633,0,1,1,0,1,2,0,0,1,1,0,0,1,0,0,0,1,1,1,1,-0.41076882495441575,0.33015962497193496,0
7634,0,0,0,0,0,1,0,0,1,0,0,0,1,0,0,2,0,0,1,1,0.14720991582105258,2.5595328150169387,0
7635,1,0,0,0,0,0,0,0,2,0,1,0,1,0,0,0,2,0,1,1,-0.9861686142126418,-1.1127971206026128,1
7636,0,2,0,0,1,1,0,1,2,1,0,0,0,0,1,1,1,1,0,1,0.04032282875463986,0.7337388438581658,1
7637,0,0,1,0,1,1,0,0,2,1,0,0,1,0,0,1,1,1,1,0,-0.052038841578371235,0.5602896724073637,0
7638,0,1,0,0,0,1,1,1,1,1,0,0,0,0,0,2,1,0,1,1,0.4379368355705576,-0.19270617497129067,0
7639,0,1,2,0,0,0,0,0,1,2,1,1,2,0,0,0,0,0,0,0,0.4556296745969201,-0.2201228860381224,0
7640,0,0,1,0,0,1,0,1,1,0,1,2,2,0,1,1,0,1,1,0,-0.9938076897133135,-1.1525074002339242,0
7641,0,1,2,0,0,2,0,0,1,1,1,0,1,0,0,0,0,1,1,0,-0.555875440418546,-0.5692458252519204,0
7642,0,1,1,1,1,1,0,0,0,0,0,0,2,1,0,2,1,0,0,0,0.5949570479828936,-0.20855904325934937,0
7643,0,0,0,0,0,1,1,0,1,0,1,0,0,1,0,1,0,1,2,0,-2.119690339956967,-2.1657081140379133,1
7644,0,0,1,0,0,1,0,0,0,1,2,0,1,2,0,1,0,0,0,1,1.4890809143708752,-0.7438488623930218,0
7645,0,0,1,0,0,2,0,0,1,1,1,1,1,0,1,1,1,0,0,1,1.8351031525957735,-0.5363418364856298,0
7646,0,0,2,0,0,1,1,1,1,0,0,1,0,0,0,1,1,1,1,0,-0.5756719121861978,-0.5940252149820524,0
7647,0,0,0,0,0,1,1,0,0,1,1,1,0,1,0,1,1,0,0,1,0.7076631883785561,0.76651254924423,0
7648,0,1,0,0,1,1,1,0,1,2,0,0,1,0,0,2,2,0,1,1,-0.23378210311335912,0.6034605643461718,1
7649,0,0,1,0,0,0,1,0,0,1,1,2,0,0,0,1,0,0,1,0,1.202605555385023,-0.7875425304508454,0
7650,0,1,1,0,0,1,0,0,1,0,1,0,1,0,0,1,1,0,1,0,0.9768368434947071,1.582915665776198,1
7651,0,0,1,1,0,0,0,0,1,0,1,0,2,0,0,0,0,0,0,0,-0.2914702244267892,-1.0009145990444503,0
7652,1,1,0,0,0,1,0,0,1,1,1,0,1,0,0,1,1,1,0,0,0.630769983508158,-0.45609980849416354,1
7653,0,1,1,0,0,1,1,1,2,1,0,0,0,0,1,1,1,1,1,0,-0.21280766426855208,1.2304789431540506,0
7654,0,0,1,0,0,1,0,0,1,0,1,0,0,0,1,0,0,0,2,1,0.3739092601445659,0.9028234187276558,1
7655,0,1,0,1,0,2,1,1,2,0,0,1,1,0,0,0,0,0,0,1,0.11299686807629084,-0.3182735039048809,0
7656,1,1,0,0,0,0,0,0,0,1,0,0,1,0,1,1,0,0,1,1,0.6440241141117697,0.582903857818833,0
7657,0,1,1,0,0,2,0,0,1,0,0,1,1,0,0,1,1,1,1,1,0.541186546012643,-1.5371153200877374,0
7658,0,1,1,0,0,1,0,1,1,1,0,0,0,0,0,2,0,1,0,0,-0.585967997078796,0.2936262889125587,0
7659,0,1,0,0,0,0,0,0,0,1,0,1,1,0,0,0,1,0,1,1,0.7581422894783884,-0.5340851238812993,0
7660,0,1,0,0,0,1,0,0,0,1,0,0,0,0,0,1,0,0,1,0,-0.5735938740233927,0.27947034056581077,1
7661,0,0,2,0,0,0,0,0,1,0,1,0,0,0,0,1,1,0,1,0,-1.0722185919272829,-0.846473003932019,1
7662,0,1,1,0,0,0,0,0,1,2,1,1,2,2,0,1,0,0,2,0,1.4046696381837285,-0.8955607207247892,0
7663,1,1,0,0,0,0,0,0,0,0,1,1,0,1,0,2,1,0,0,1,0.743307409290594,0.6168664474570762,1
7664,0,1,0,0,0,0,1,0,1,0,1,1,1,0,0,1,2,1,2,1,1.5302196584332168,0.304863679255386,0
7665,0,0,0,0,0,1,0,0,1,1,1,0,0,1,0,2,1,0,1,0,0.45660794171780444,-0.5293952151102775,1
7666,0,0,1,0,0,1,0,0,0,0,0,1,0,0,0,1,2,0,2,0,1.4341093312399984,0.5578430268500191,0
7667,1,0,1,0,0,2,1,0,2,0,1,1,2,0,0,0,0,2,1,1,-0.6195818660009942,-0.8620375749936031,0
7668,0,0,1,0,0,0,0,1,1,1,0,1,1,1,0,2,1,1,1,1,0.6860862939118968,1.3391514657059234,1
7669,0,0,0,0,0,1,0,0,1,0,1,0,0,0,0,0,0,2,1,0,0.6979709231272683,1.0015646295153318,1
7670,0,0,0,1,1,2,0,0,0,1,0,2,2,0,0,1,0,0,2,1,-1.486704835181277,0.3947884940799758,1
7671,0,0,2,0,1,1,0,0,0,0,1,1,1,0,0,0,1,0,0,1,-0.6372473954547132,-1.2288652895943253,0
7672,0,1,0,0,0,1,0,0,2,1,1,0,0,0,0,0,1,1,1,0,-1.8612644718498013,-1.2680521140352137,0
7673,0,0,0,0,0,1,1,1,1,0,0,0,1,2,1,0,1,1,2,0,1.1443988593778236,1.582731603580175,0
7674,1,1,1,1,0,2,0,0,2,0,0,0,1,2,0,1,0,0,0,0,0.2835022353499536,-0.3379401624427898,0
7675,0,1,1,0,0,0,0,1,0,1,0,1,0,1,1,1,0,0,0,0,-0.5250861989681477,0.5470790968497078,1
7676,0,1,0,1,0,1,0,1,1,1,2,0,2,0,1,1,1,1,0,1,1.3011708525690373,-0.5404088111048626,0
7677,0,1,0,0,0,1,0,0,1,1,0,0,0,0,2,1,2,0,1,0,-0.5024496329933498,0.16382513916766148,0
7678,1,0,0,0,0,1,0,0,0,0,0,1,2,0,0,0,1,0,1,1,0.5839179769475015,0.6733380293641085,1
7679,0,2,1,0,0,1,0,0,0,0,0,0,2,1,0,1,0,1,2,0,-0.1739247722383189,0.6522979323988607,1
7680,0,0,1,0,0,1,0,0,1,1,1,1,2,0,0,0,1,0,1,0,-0.3392879191685186,-1.4159361415835532,0
7681,0,0,1,0,0,0,0,1,2,0,0,0,1,0,0,0,0,1,1,2,0.5782543569730542,-0.5627030588864064,0
7682,0,0,0,0,0,1,0,1,1,1,0,1,0,0,0,1,1,1,0,0,0.2867641345401073,0.11765215070117659,0
7683,0,1,1,0,0,1,0,0,1,2,0,0,0,0,0,0,0,0,1,0,0.5188935588997262,1.0558136915964718,0
7684,1,0,0,0,1,1,0,0,2,0,0,1,1,2,0,2,1,1,0,0,-0.5697681689025332,0.22485006743640956,0
7685,0,0,1,0,1,1,0,0,1,1,1,1,0,1,0,1,0,0,1,1,1.208341312025206,0.9797174876280343,0
7686,0,0,0,0,0,1,1,0,1,0,1,0,0,0,0,1,0,0,1,1,0.4025978620450264,-1.8437692166522908,1
7687,1,0,0,0,0,1,0,0,1,0,0,0,1,1,0,0,1,0,1,2,-0.3664462466698107,0.36228000815316647,1
7688,0,0,0,0,0,0,0,0,1,0,0,0,1,1,0,2,1,1,1,0,-0.7598255778268526,-0.4635487811813329,0
7689,0,1,1,0,0,1,1,0,1,2,0,2,1,0,0,1,1,1,0,1,1.3390194887319493,0.8666170489931373,0
7690,0,1,0,0,1,2,0,0,1,0,0,2,0,0,0,2,1,1,2,1,1.3570101876146734,0.6312940179700607,0
7691,0,2,2,0,0,0,0,0,1,1,0,0,0,0,0,1,1,1,0,1,0.052551274263631424,0.18004583283726008,0
7692,0,1,1,0,0,1,0,1,0,1,0,0,1,0,0,0,2,1,0,1,-0.6222669978591548,-0.08758717219396261,0
7693,0,0,1,1,0,1,1,0,2,1,0,0,0,0,0,1,1,0,1,1,0.03053254855572204,1.2934712773996393,1
7694,0,1,0,0,1,1,0,0,1,0,2,0,1,1,2,1,2,0,1,1,1.6024379943786162,-0.28914347836023974,0
7695,1,0,1,0,0,1,0,0,1,0,1,0,0,1,2,1,1,1,1,0,-0.7836803870166567,-1.305800282715136,0
7696,0,0,1,0,0,0,1,0,2,0,0,1,1,1,0,2,2,2,1,2,0.027518117054695423,0.8872233685941705,0
7697,0,0,0,0,0,2,0,0,1,0,0,0,1,0,1,0,1,2,0,1,-0.9302507058413747,-0.9730356713269248,0
7698,0,0,0,1,1,1,0,0,2,0,0,0,1,0,0,1,2,0,0,1,-1.0427229425373827,-0.29199676150138226,0
7699,1,0,1,0,0,1,0,1,0,0,0,0,0,0,0,1,0,1,0,1,1.1492822082382967,1.2161690477708773,1
7700,1,1,1,0,0,2,0,0,0,1,0,0,1,0,0,0,1,1,1,0,-0.4306582385638325,0.25981881456806066,0
7701,0,1,1,0,1,1,0,0,0,1,0,0,0,0,1,0,1,1,1,0,-0.6929658416727009,0.5358974056811587,0
7702,0,1,1,0,0,2,0,0,2,1,1,1,1,0,0,1,2,0,1,2,1.3088676389308536,-0.7336246487326457,0
7703,0,1,1,0,0,1,0,0,1,0,0,1,1,1,0,1,0,0,1,0,1.4246383894831494,-0.40541301434332366,0
7704,1,1,2,0,1,2,0,0,2,0,0,0,0,0,0,1,2,0,2,0,1.7367162049401648,1.2855726407270864,0
7705,0,0,1,0,0,0,0,0,1,1,0,0,1,0,1,1,0,1,0,0,-1.2823892116928264,-1.005548169640382,0
7706,1,2,1,1,0,1,0,0,2,1,0,0,1,1,0,1,0,0,2,0,-0.1739335993820708,-1.3760710789758943,0
7707,1,0,1,0,0,2,0,1,1,0,2,1,1,0,0,1,1,0,0,2,-0.16182239153968894,-0.6218809253346013,0
7708,0,1,0,0,0,1,0,0,1,1,1,1,0,0,0,0,1,0,0,1,-0.6769575800304365,-0.7906585787810392,0
7709,0,1,0,0,0,0,0,1,0,1,0,2,0,1,0,0,1,0,1,0,-2.971465013263856,-1.9825119984646786,0
7710,0,2,0,0,0,2,0,0,1,1,2,0,1,0,0,1,2,1,1,0,-0.044671359453288005,-0.5243989978112522,0
7711,0,0,0,0,0,0,0,0,0,1,0,0,0,1,0,0,2,1,1,1,0.3441833461949582,-0.6278769392751147,1
7712,0,0,1,0,0,0,1,0,0,1,1,0,0,0,0,2,0,1,1,0,-0.3857888914454084,-0.008168888592126222,1
7713,0,0,1,0,0,1,0,1,1,1,0,0,0,0,0,1,0,0,0,1,-1.0257770236779107,-0.6944760032140158,0
7714,1,0,2,0,1,0,0,0,1,1,0,1,1,0,0,2,0,1,1,0,-0.9505226167705246,-0.12815612966620926,0
7715,0,1,0,0,0,2,0,0,1,0,1,1,0,0,0,0,0,1,2,0,-0.2968897670446122,-0.07869766149083746,0
7716,0,1,1,0,0,1,2,0,2,0,0,1,0,0,0,1,0,0,2,0,0.43355438461986184,-0.2443281276327354,1
7717,1,0,1,0,1,1,1,0,1,0,0,0,1,0,0,1,1,0,1,0,0.41018980906379277,1.6636041276017977,0
7718,0,1,2,0,0,2,0,0,0,1,0,1,0,1,1,1,1,0,1,1,0.8416536406788999,1.2436289955021227,1
7719,0,1,1,0,1,1,0,1,2,2,0,1,2,0,0,1,1,1,0,0,1.1095118465670166,-1.0684258006390623,0
7720,0,1,2,0,1,1,1,0,1,0,0,0,0,0,0,2,1,0,0,0,-0.7752381942943573,-0.44209520093634247,0
7721,0,1,0,0,0,2,1,0,2,0,0,1,1,0,0,0,1,0,1,0,0.4339655962677472,-0.48405256010515696,0
7722,0,1,0,0,0,2,1,0,1,1,0,1,1,0,0,1,0,0,2,0,0.7054178702710182,-0.2840828241101928,1
7723,0,1,0,0,0,1,0,0,1,2,1,0,0,0,1,2,0,0,0,0,1.3189565792474411,1.3967459927443993,1
7724,0,0,2,0,1,0,0,1,2,1,0,1,0,1,0,1,0,0,0,1,-0.9888856717506814,0.8482048549035568,1
7725,1,0,0,0,0,2,0,0,0,0,1,1,0,0,0,0,2,0,1,1,-0.5111893952542865,-1.737881194758196,0
7726,0,0,1,0,0,0,0,0,0,0,1,0,0,1,0,0,2,1,1,1,1.6896052592031685,-0.6811601562206243,0
7727,0,0,0,0,1,0,0,0,0,1,0,0,0,0,0,2,1,1,0,1,0.7243955583973337,0.8361906412071496,0
7728,1,1,0,0,0,0,0,0,0,0,0,0,1,0,0,0,0,1,0,0,-0.07397996573331722,-0.1350800151918985,0
7729,0,0,0,0,0,2,0,0,2,2,0,1,0,0,0,0,0,0,0,1,-0.9599815382753712,-0.5659901275646998,0
7730,1,0,1,0,0,1,0,0,0,0,1,1,1,0,0,1,1,0,0,0,0.38615160757329237,0.09939448649868904,1
7731,0,1,1,0,0,1,0,0,1,1,1,0,1,1,0,1,0,0,0,0,1.293493773664442,-0.40781340713504083,0
7732,0,0,0,0,0,0,1,0,2,0,0,0,0,1,0,0,0,1,2,1,1.036687510004241,0.17250895736303418,0
7733,0,0,1,0,0,1,0,0,1,1,0,0,1,0,0,2,1,0,0,0,0.24738570558942308,0.6659124483700773,0
7734,0,2,0,0,0,1,0,0,1,0,0,0,1,0,0,1,0,2,1,1,1.0995018067794635,0.6631656274534001,0
7735,1,0,1,0,2,0,0,0,1,0,1,1,1,0,0,2,0,0,2,1,-0.7526367364281681,-0.5937188595820914,0
7736,0,1,1,0,1,2,0,0,1,1,1,1,1,0,0,2,0,1,1,0,-0.5890192378059596,-0.8999445039218179,0
7737,1,2,1,0,0,1,0,0,2,1,0,0,0,0,0,1,0,0,1,0,0.7656990206983407,-1.146014727795866,0
7738,0,0,0,0,0,2,1,0,2,1,1,1,0,0,0,0,0,1,1,0,-0.006513359800194221,-0.6652714439101786,0
7739,0,0,1,0,1,1,0,0,2,1,0,0,0,1,0,1,0,1,2,0,-0.20841633376825552,0.23484393369887394,1
7740,0,0,0,0,0,0,0,1,2,1,0,1,1,2,0,1,2,0,0,0,-0.025084482379501654,-0.30395150072561483,0
7741,1,1,0,1,0,0,1,0,0,2,0,1,0,0,0,1,0,1,0,1,-0.045508613066335926,0.15119581294899093,0
7742,0,1,1,0,0,1,1,0,1,1,0,0,1,0,0,1,1,2,2,0,-1.0789608739117056,-0.4313653423685942,1
7743,0,1,1,0,0,1,0,0,1,0,1,1,2,0,0,1,1,0,0,0,-0.3982981903036856,-0.08829315188057352,0
7744,0,0,0,0,0,0,0,0,2,0,2,1,2,1,0,1,0,0,2,1,-1.3331499395780904,0.29283358231516987,0
7745,0,0,1,0,0,0,0,0,0,1,0,0,1,0,0,0,1,0,2,1,0.8275581360807961,-0.2875194750975426,0
7746,0,1,1,0,0,0,1,0,0,1,0,1,1,0,1,2,1,1,0,1,-1.0558965226014183,0.45992079805997954,0
7747,0,0,1,0,0,1,1,0,1,0,1,0,1,0,1,1,0,1,2,1,0.25453972529109314,-0.16567957855839882,0
7748,0,0,0,0,0,0,0,1,0,1,0,0,1,0,0,1,1,0,2,0,0.2752632782056021,0.5075325317208018,0
7749,1,0,1,0,0,2,0,1,0,0,1,0,1,0,0,0,1,0,0,0,-1.3661172624936193,0.3664816883651305,0
7750,0,1,0,0,0,2,0,0,0,0,0,1,1,1,1,1,1,1,0,0,-2.070039662848555,-0.7491450046092217,0
7751,0,1,1,0,0,1,1,0,1,1,0,1,0,0,1,0,1,0,1,1,-0.5270740547869486,0.12948775884443997,0
7752,1,0,0,0,2,1,0,1,1,1,1,0,0,0,0,0,0,1,0,1,0.8577152047027261,-0.08867368163804373,0
7753,0,1,0,0,0,0,0,1,1,1,1,0,1,1,0,2,1,1,0,0,-0.39795126665427893,-1.497530948945108,0
7754,0,1,0,0,1,0,0,0,1,0,0,1,0,2,0,0,1,0,1,0,-0.15885445433671863,-1.8421675712272063,0
7755,0,1,1,0,0,2,1,0,2,1,1,1,2,0,0,0,1,1,1,0,-0.7335929679247636,-1.6177711211003234,0
7756,0,1,0,0,0,1,1,1,1,0,1,0,1,0,0,0,0,0,1,1,0.651682301028588,-0.8830298611182397,0
7757,0,0,0,0,0,2,0,1,0,1,0,2,0,0,0,1,1,0,2,1,1.3411790390651743,1.4634066898642288,0
7758,0,0,0,0,0,0,0,0,2,0,0,0,0,1,0,1,0,0,0,1,-1.3598342047517606,0.3205322491909114,0
7759,0,1,0,0,0,1,0,0,2,0,0,1,1,1,0,1,1,0,1,1,0.4406126241261549,0.4422433216596689,0
7760,0,0,0,0,0,2,0,0,2,1,1,1,1,0,0,0,0,1,0,1,-0.07781729057384196,0.21209694717751687,1
7761,0,0,2,0,0,1,0,1,1,0,0,1,0,0,0,2,0,0,1,1,0.39961711177776105,0.8551537270904085,0
7762,0,0,1,0,0,2,0,0,0,1,0,1,0,0,0,1,0,1,2,0,0.3112730304741218,1.1498034821759906,0
7763,0,1,0,0,0,1,0,0,1,0,1,2,1,0,0,1,1,0,2,1,-2.007037484559496,-1.1952693913452672,0
7764,0,1,1,0,0,1,0,2,0,1,0,0,1,0,0,1,1,0,2,1,-1.7211083889260947,-1.2162573256404778,0
7765,1,0,0,1,0,1,0,0,1,1,0,0,2,1,0,0,0,1,1,1,-1.3292001298772966,-1.9293825910643856,0
7766,1,0,2,0,0,1,0,1,1,0,0,0,0,0,0,2,0,1,1,2,-0.35269306554394597,-0.22213348130142935,0
7767,0,0,0,0,0,1,0,0,0,2,0,0,0,1,0,0,0,2,1,2,-0.2654910648621642,1.3683412895677787,1
7768,0,1,1,0,0,1,0,0,1,1,1,1,0,0,0,1,1,1,0,1,-0.21995760215029048,0.44262327128882223,1
7769,0,0,1,0,0,2,0,0,1,0,0,0,1,0,1,2,0,0,1,0,0.7305502197890571,0.04151075961700368,0
7770,0,0,1,0,0,1,0,1,1,2,1,1,0,1,0,0,1,0,1,0,-0.08390634615302656,0.34924115798488486,0
7771,1,1,1,0,0,2,0,0,0,1,1,1,0,0,1,2,0,1,2,1,-1.784555238667522,-0.14386778930744443,0
7772,0,0,1,1,0,1,0,0,1,0,1,0,1,0,0,1,1,0,2,1,-0.2763022187766447,-0.8694264403141975,1
7773,0,0,0,0,0,1,0,0,0,1,1,0,1,0,1,0,1,1,0,0,-0.14730380667983878,1.1517145650754692,0
7774,0,0,0,0,0,2,0,0,1,0,1,0,1,1,1,0,1,0,1,1,0.8746047789290391,1.2980415914786771,1
7775,0,0,0,0,0,1,1,1,1,1,0,1,0,0,0,0,1,1,1,0,0.6333448654694311,-0.09243405788140271,0
7776,0,1,0,0,1,0,0,0,0,0,0,1,1,0,0,0,2,1,1,0,-3.3311238642964245,-2.687827683833227,1
7777,1,1,1,0,0,1,0,0,0,2,0,1,1,1,0,2,1,1,1,1,0.1602318492606478,0.3030878555966155,1
7778,0,0,0,0,0,2,0,0,0,0,0,1,2,1,0,1,2,1,0,0,-1.7194265714227774,0.11290900266267723,0
7779,0,0,1,0,0,0,0,0,0,1,1,0,0,1,1,1,1,1,0,0,0.4975766351913826,2.07749134126592,1
7780,0,0,0,0,1,1,0,1,2,0,2,0,0,0,1,2,1,2,2,2,1.3574688996473334,0.9756825148025361,1
7781,0,1,1,0,0,1,1,0,1,0,0,0,1,0,0,0,1,0,0,1,0.16893537821578347,-0.48498365878862065,0
7782,0,0,0,0,0,0,0,0,2,2,0,1,0,1,0,0,0,0,1,1,0.30556322703862254,1.4165867409455035,1
7783,0,1,1,0,1,1,0,0,1,0,1,1,1,1,1,0,1,0,0,0,-1.1225171830739393,-0.6970630665147992,0
7784,0,0,1,1,0,0,0,2,1,0,0,0,1,0,0,2,1,0,0,0,-0.7855404057147434,0.23566365852937776,0
7785,0,2,1,0,1,2,0,0,0,1,0,1,1,1,1,1,0,1,0,1,-0.6012351953035769,-1.1400809122775002,0
7786,0,0,0,0,0,0,0,0,0,1,0,2,0,0,0,0,1,1,2,1,0.9791700357056398,0.8820033443406814,0
7787,0,1,0,0,0,1,0,1,0,2,0,0,0,1,0,0,2,0,0,0,-0.11999538684791253,0.1677725381692478,1
7788,0,1,0,0,0,1,0,0,2,1,0,0,0,0,0,1,1,0,1,0,-0.566723593192244,1.721182872975584,0
7789,0,1,1,0,0,0,0,0,2,1,0,0,0,1,0,0,1,0,1,1,-1.067267404967373,-0.5046129866474804,0
7790,1,0,0,0,0,1,1,0,1,1,1,1,1,0,0,0,0,2,0,1,-1.4256066354241976,0.4573823540315387,1
7791,0,1,0,0,0,2,0,1,1,1,0,1,0,0,0,1,1,0,1,2,0.09521205634068762,-0.6533279833226331,0
7792,0,0,1,0,0,1,0,0,1,1,1,1,0,0,2,2,2,1,1,1,0.04984830113481215,1.1054865804644347,0
7793,0,0,1,0,0,0,0,0,1,0,1,1,0,0,1,0,0,1,1,1,-0.0807042654707298,-0.009781695559233639,0
7794,0,0,1,0,0,2,0,1,1,1,0,1,1,0,1,1,0,1,0,1,0.9395375895541639,-0.002844989025424738,0
7795,0,0,0,1,1,2,0,1,1,0,0,0,2,0,0,1,1,0,0,0,-1.3330392662689492,-0.9113733547273579,0
7796,0,1,1,0,0,1,2,0,2,0,0,0,1,0,0,0,1,1,0,0,-1.1651084759929156,-2.110701969897619,0
7797,0,0,1,0,1,0,0,0,1,0,0,1,0,0,0,1,0,0,1,1,-1.195683915604515,0.3241015590483204,0
7798,1,1,0,0,1,1,1,0,1,2,1,1,2,0,0,0,1,0,1,0,-1.2487585806074024,-2.326663125757883,0
7799,0,2,0,0,0,2,0,1,1,2,0,0,0,0,0,1,0,0,1,2,0.24715341532211815,0.7790236269868384,0
7800,0,2,0,0,0,2,0,0,2,2,0,1,1,1,0,1,0,0,2,0,-0.17897736552988264,1.1631413368822177,0
7801,0,2,1,0,0,2,1,0,1,1,0,0,1,0,0,0,0,1,1,0,0.6116027736769513,1.330360762185362,0
7802,1,1,1,0,0,2,0,0,0,1,0,1,0,0,0,0,1,1,2,1,-1.5995580260592341,-1.3074970518237796,1
7803,0,1,1,0,1,1,1,0,2,1,1,0,0,1,0,1,0,1,0,2,-0.0426692009882359,0.6031072480963294,0
7804,0,0,0,0,0,1,0,0,1,0,0,1,1,1,0,1,0,1,0,0,-1.0677305008194462,-0.04116840390267207,0
7805,0,0,1,0,0,1,1,0,2,1,1,0,1,0,0,1,0,0,0,0,0.9241319624854168,1.4565901878691403,1
7806,0,1,1,0,0,1,0,0,1,0,0,1,0,0,1,2,0,1,2,0,0.8095932694427251,-1.0757807908880332,0
7807,0,1,0,1,0,0,1,1,0,1,0,0,0,0,0,1,1,0,0,1,1.04226337547977,0.5466934536494279,0
7808,0,0,1,0,1,1,0,0,2,0,1,1,0,0,0,0,2,1,1,2,2.052407383555328,-0.3664272432246207,1
7809,0,0,0,0,0,1,1,0,0,1,0,0,0,0,0,1,0,0,1,1,-1.3690427476096594,-3.027990139818497,0
7810,0,1,0,1,0,2,0,0,2,1,0,1,1,0,0,1,0,0,1,1,1.5775792886867575,2.143158477653579,0
7811,0,0,1,1,0,2,0,0,0,1,0,1,1,0,0,2,0,1,2,1,0.09592521232899823,0.9768785228069705,1
7812,1,1,1,0,0,1,0,1,0,0,1,0,0,0,0,1,1,0,0,0,-0.4570274047191517,-1.0261238870834353,1
7813,1,0,1,1,0,1,0,1,0,1,0,0,0,0,0,2,1,1,2,0,-0.6069139972999492,1.789748102402936,0
7814,0,0,0,0,0,0,0,0,1,0,0,1,1,1,0,0,0,0,0,0,1.3896537835893163,0.6091103995122404,0
7815,1,0,0,0,0,0,0,1,1,0,1,1,1,0,1,2,0,1,0,2,0.4156162470916369,0.1881245920379645,0
7816,1,0,0,0,0,1,0,0,1,1,0,0,1,0,0,2,0,0,2,0,-1.691533988250685,-0.41173784548590453,0
7817,0,0,0,0,1,1,0,1,1,0,0,0,0,1,0,1,1,1,0,1,-1.1930544529115659,-0.7985021635101339,0
7818,0,0,1,1,0,2,0,0,2,1,0,1,0,1,0,2,0,1,1,0,1.2288221653683475,0.6444872305350955,0
7819,0,1,1,0,0,1,0,0,2,0,1,1,0,0,1,0,0,0,1,1,1.1102103840818414,1.1715822333536068,1
7820,0,2,2,0,0,1,0,1,2,0,0,0,1,1,0,1,1,1,1,1,0.7402877866625218,-0.5744110427781379,0
7821,0,2,1,0,0,2,0,0,2,0,0,0,0,0,0,0,1,0,0,1,0.2368210063716586,0.2932575691373305,1
7822,0,0,0,0,0,1,0,1,2,1,0,0,0,0,0,1,0,1,2,1,1.1696045197873333,2.4231706409586677,0
7823,1,0,0,1,1,1,0,0,1,0,0,2,1,1,0,1,1,1,0,1,1.3200171433254362,0.03297999817477604,1
7824,1,0,0,0,1,1,0,0,0,0,0,1,2,0,0,2,1,0,0,2,1.635879455448825,-1.2773956391189367,0
7825,0,0,1,0,0,2,0,0,2,0,1,2,0,1,0,0,0,0,0,0,1.151327850814778,-0.3991129102910492,0
7826,0,0,1,0,0,1,0,0,1,0,0,0,0,0,0,1,0,0,1,0,2.0552405375466436,1.990824655156592,1
7827,0,1,1,0,0,0,0,0,1,1,0,2,0,0,0,0,2,0,2,1,1.8100687640152715,0.47729893633327586,0
7828,1,1,1,0,0,1,0,0,1,0,0,1,2,0,0,0,0,0,1,0,-0.6428541435431068,-1.8571021614002505,1
7829,1,1,1,0,0,0,0,0,0,1,1,1,0,2,0,0,1,0,2,0,-0.6951687749060295,0.4381023160989217,0
7830,1,0,1,0,0,1,0,0,0,2,1,0,1,0,0,0,0,1,1,0,-0.22751515407683343,0.1977726235119005,1
7831,0,0,2,0,0,0,1,0,1,1,1,0,0,0,0,2,1,1,1,0,2.263574724461098,1.3837780986032955,1
7832,1,1,2,0,0,1,0,0,1,1,0,0,0,0,0,1,0,0,1,2,-2.0555647463451097,-1.58792267581773,1
7833,0,1,2,0,1,2,0,0,1,0,1,0,0,0,0,1,1,1,1,0,1.4139435336445993,1.6926888291844526,0
7834,0,0,0,0,0,0,0,0,0,1,0,0,0,0,2,1,0,0,0,1,0.9222191130954731,0.9110489775267095,1
7835,1,0,1,0,1,0,1,0,0,0,0,1,0,0,0,0,0,1,1,1,1.3609659740691413,-0.6166456097065911,0
7836,0,0,1,0,0,0,0,0,0,0,0,1,0,0,1,0,1,0,2,1,0.9190313876544993,-1.6599428341821256,0
7837,0,1,0,0,0,0,0,1,1,1,1,0,0,0,0,1,1,0,1,0,1.1598939996877295,-0.8052216528240261,0
7838,0,0,1,0,0,0,0,0,1,1,0,0,0,2,0,2,1,0,2,1,-1.0758716417400664,0.3503086799235464,0
7839,0,2,1,1,0,2,0,0,1,1,1,0,1,0,0,1,1,0,0,1,1.5502849935628134,0.897006409959141,0
7840,0,0,0,0,0,0,0,1,1,0,2,0,0,1,0,1,1,0,1,1,0.13446167600763168,0.5859133890838573,0
7841,2,0,0,0,1,2,0,0,1,0,1,0,1,0,0,0,1,0,2,0,0.8570932449077208,-0.23103670559370598,0
7842,0,0,1,0,0,0,0,0,2,1,0,1,1,1,0,1,0,1,0,0,-1.1564582294833525,-1.5233776495160334,0
7843,0,0,0,0,0,2,0,0,1,0,1,0,1,1,0,2,0,0,1,1,-1.12098501329347,1.7674149951209333,1
7844,0,0,0,0,0,0,1,0,1,1,1,0,1,0,0,1,0,0,1,1,-0.014763458232142647,0.602897431262466,0
7845,0,1,0,0,0,0,0,0,0,1,1,0,0,0,1,0,0,1,1,1,1.6208736588316521,1.639008094740428,1
7846,1,1,1,0,0,2,0,0,0,0,0,2,1,0,1,1,1,1,1,1,0.4090012115316899,-0.44165047602551744,0
7847,0,0,0,0,0,1,1,0,0,1,0,0,0,0,1,1,2,0,1,0,0.5740760714609389,0.30700749775248465,0
7848,0,1,1,0,0,1,0,0,1,0,1,0,1,0,0,1,1,1,1,0,0.394753740869091,-1.0276626220394367,1
7849,0,0,0,0,0,1,0,1,2,1,1,0,1,0,1,1,1,1,1,0,-0.2442343442014458,-1.0632410351348105,0
7850,0,0,0,0,0,1,1,0,2,2,0,1,0,0,0,1,0,0,1,1,0.8587468688045543,-0.3240833837472631,0
7851,0,1,0,0,0,0,0,0,2,1,0,0,1,0,0,0,1,0,1,0,0.37178140503949303,0.31231268069688223,0
7852,0,0,0,0,1,0,0,0,2,1,0,1,2,0,0,1,0,1,0,0,-0.14201994522546932,-0.1588218537522977,0
7853,0,0,1,0,0,0,0,1,1,0,0,1,0,0,0,1,1,1,2,2,0.7995064646035621,1.43509899286915,0
7854,0,2,1,0,0,0,0,0,0,2,1,1,2,0,0,1,0,1,0,1,0.6434149660909358,-0.8040294182520226,1
7855,0,0,1,0,0,1,1,0,1,0,0,0,0,1,0,2,0,0,0,0,-1.0053333605822383,1.3365532696058224,1
7856,0,0,1,1,0,0,0,1,1,0,0,0,1,0,0,2,1,1,1,0,-1.4071333084024251,0.9598377252098058,1
7857,0,0,1,0,0,2,0,0,0,1,1,0,2,0,0,2,1,0,1,0,-0.6181536164378373,-0.7198909905644566,0
7858,0,0,1,0,0,1,0,0,1,2,1,1,2,1,0,0,0,0,0,0,-0.08418025129469026,-1.548667941630536,0
7859,0,1,0,0,0,0,0,0,0,1,1,0,0,1,0,1,0,0,2,0,-0.27867522803443745,0.6873399735064069,1
7860,1,1,0,0,0,1,0,0,1,0,0,0,0,1,0,1,0,0,2,2,-0.42804417933336236,-0.9135791222722293,1
7861,0,0,1,0,1,1,0,1,1,2,0,1,0,1,0,0,1,0,0,1,0.438767682271379,-0.39197288640587546,0
7862,0,0,0,0,0,1,0,0,1,1,0,0,0,0,0,0,0,1,1,0,-0.24840232833054002,-0.20138626113797473,0
7863,0,0,1,0,0,1,0,0,1,0,0,0,0,1,0,1,0,1,1,0,-0.2658306837434897,0.32072944163151956,0
7864,0,0,1,0,1,2,0,0,1,0,2,1,2,0,2,1,0,1,0,0,-1.2395674451108478,0.24002727905971954,1
7865,0,1,0,0,1,1,0,0,0,0,0,1,0,0,0,1,0,1,1,1,-1.53002990743107,-1.5754603144318358,0
7866,1,1,1,0,0,1,0,0,1,0,0,0,1,0,1,1,2,0,0,1,0.44699590795269445,0.9167503015598432,0
7867,0,0,0,0,0,2,1,0,1,1,0,0,0,1,0,0,2,0,1,1,1.7896152255328324,1.810832703973262,0
7868,0,0,0,0,0,0,0,0,1,1,0,1,1,0,1,2,0,1,2,1,-0.2239716547063654,0.6575085242525182,1
7869,0,0,0,1,0,0,0,0,0,1,0,0,1,0,0,1,0,0,0,0,0.3578350596434,0.2516508635996526,1
7870,0,0,0,0,0,2,0,0,1,0,0,1,1,1,0,1,2,1,2,1,0.6463198440271127,0.7821549771016351,0
7871,1,0,1,0,0,1,1,0,1,1,0,0,1,0,1,0,1,1,1,0,1.074396283743963,-0.018631810082690492,1
7872,0,1,0,0,0,0,0,1,0,0,0,0,1,0,0,1,0,1,0,0,-2.144927464545223,-0.9738490460091107,0
7873,0,1,0,0,0,1,0,1,1,0,0,1,1,0,1,1,1,2,1,2,-0.5882315041689634,-0.9526008212834819,0
7874,0,0,0,0,0,1,0,0,1,1,0,0,2,0,0,1,0,0,1,1,0.6009720375617503,2.4700417038146423,1
7875,0,0,1,0,1,2,0,0,0,1,0,0,1,0,0,2,1,1,1,0,0.5499005258264038,0.21072877156257241,0
7876,0,1,0,0,2,0,0,0,1,0,0,0,0,0,0,0,2,0,1,0,0.5960497098113366,0.2463692989395205,0
7877,1,0,0,0,1,1,0,0,1,0,1,1,1,1,0,2,1,1,1,0,0.8585179404545799,-0.06791620890439864,0
7878,0,0,0,0,0,0,0,0,0,0,1,2,0,0,0,0,0,1,0,0,-0.34728664416162724,-0.7309418069702245,1
7879,0,0,0,0,0,1,0,0,1,0,0,0,0,0,1,2,0,2,0,2,-0.5753943909857833,1.0022089756726125,1
7880,0,0,1,0,0,1,1,0,1,1,0,1,2,0,0,0,2,1,0,0,0.1740898510365407,-0.5433582434113098,1
7881,0,0,0,1,0,1,0,0,1,1,0,1,2,1,0,2,0,1,1,1,-0.05590315865799002,1.333607096233592,0
7882,0,1,1,0,0,0,1,0,2,0,0,0,1,0,0,0,1,1,1,0,-0.5520326753224731,-1.9700614923501596,0
7883,0,0,0,0,0,2,0,0,0,0,0,0,1,1,0,0,0,1,0,0,1.300038757335876,-0.7893226882477128,0
7884,0,1,1,0,1,1,0,0,2,0,1,0,0,0,0,0,1,2,0,0,-0.33732907791512867,-1.6747947657523639,0
7885,0,0,0,0,0,2,0,0,0,1,1,1,0,0,0,1,2,1,0,1,1.4400952162780662,1.1350987043629703,1
7886,0,0,0,0,0,1,0,0,1,0,2,1,2,0,0,1,0,0,1,0,1.505892434598129,-0.36535265955481544,0
7887,0,0,0,0,0,1,0,1,1,2,0,0,1,1,1,0,1,0,1,0,-0.7014232498919861,0.8055677412618603,0
7888,0,1,1,0,0,1,0,1,0,1,0,1,1,1,0,1,1,0,1,2,-0.43101996898062594,-0.3230407808407156,1
7889,1,1,1,0,0,2,1,0,1,0,0,1,0,0,0,1,1,0,0,0,-1.142026764196044,-0.14493079373469503,1
7890,0,0,1,0,0,1,0,0,1,1,1,0,1,0,0,0,1,0,0,1,0.8533898756605801,0.12111985768608835,1
7891,0,1,1,1,0,1,0,0,1,1,1,0,2,0,0,1,0,0,0,0,-0.536128059164683,0.08022052210174746,1
7892,0,0,1,1,1,0,0,1,1,0,0,1,1,0,0,0,1,0,1,1,-0.7248737277698901,-0.3763603633674446,0
7893,1,0,1,1,0,2,1,0,1,1,1,0,0,1,0,2,0,0,0,1,0.36899554655118716,0.8123827681360826,1
7894,1,0,0,0,0,1,0,0,1,0,0,1,0,0,0,2,2,0,2,0,-0.5787383551070971,-0.15521310883688882,1
7895,1,0,2,0,0,1,0,0,2,2,0,0,0,2,0,1,0,0,0,1,1.0129595954019055,0.3356119703843585,1
7896,0,1,1,0,0,0,0,1,1,2,1,1,1,0,1,1,0,1,2,1,-0.47695226977150224,-0.1257160825275817,0
7897,0,1,0,0,0,2,0,0,1,0,1,1,0,1,0,1,0,0,1,1,1.4128140839880576,1.7665399842432103,1
7898,0,0,1,0,0,2,0,0,1,1,1,2,1,0,0,1,1,0,1,1,-2.1067294608138214,-2.219516684610997,0
7899,0,1,2,1,0,0,0,0,1,0,1,0,2,0,0,1,1,1,1,0,1.6425637153832797,-0.46373093132154747,0
7900,2,0,0,0,0,1,0,0,2,0,0,0,0,0,0,1,1,0,1,1,0.06948666078962133,0.2084835218074853,0
7901,0,1,2,0,0,1,0,0,2,1,1,0,1,0,1,0,0,0,1,0,-1.9499247052367632,-3.2148687631831416,0
7902,0,0,0,0,0,1,0,0,0,0,0,1,0,0,0,2,1,0,0,2,-0.2497907853385717,0.04803407930517978,0
7903,0,1,1,1,0,0,0,1,1,0,1,0,1,0,0,2,0,1,1,0,1.6270363045191665,0.3869010727599463,1
7904,0,0,1,0,0,2,0,1,2,0,1,0,1,0,0,1,1,1,0,0,1.0766155553094594,-0.22839041050253767,1
7905,0,0,2,0,0,0,1,0,1,1,0,0,1,1,0,0,1,0,1,1,-0.831464587573144,-2.1229776393915185,0
7906,0,0,0,0,0,1,2,0,0,0,1,0,0,0,1,1,0,2,0,1,-0.8798998541807151,0.7241364857882981,0
7907,0,0,0,0,1,1,1,0,1,1,1,1,0,0,0,1,0,0,0,0,-0.33881472302689386,-0.8570905448980455,1
7908,0,1,0,0,0,0,0,0,1,2,0,0,1,0,0,1,1,0,2,0,1.4090419591536152,0.27273421286634697,0
7909,0,0,1,0,0,0,1,0,2,1,0,1,1,0,0,0,1,1,0,0,-1.1887895360056542,-1.637661412846397,1
7910,0,0,1,0,0,1,0,0,0,0,1,1,0,1,0,1,1,1,1,1,-0.3605243832692955,-0.3080187731434839,1
7911,0,0,0,0,0,1,0,0,0,1,1,0,0,0,1,1,0,0,1,0,-1.9014078193724304,-0.4655103997744644,0
7912,0,2,1,0,0,1,1,0,1,0,1,0,1,1,1,0,1,0,0,1,-0.22874399422367653,-0.9897755582587114,0
7913,0,1,0,0,0,0,0,0,2,0,0,1,0,0,1,1,0,1,1,0,0.1798396417312621,-0.8578177165813259,0
7914,1,0,0,0,0,0,0,0,1,0,0,2,0,0,0,0,1,1,2,0,-0.17113803084057239,-0.3429959804994503,0
7915,0,0,1,0,1,1,0,0,0,0,1,1,1,0,0,0,1,0,2,0,-1.0713673055854882,0.3838244979641221,0
7916,0,2,1,0,0,0,0,0,0,0,0,0,0,0,0,1,1,1,1,0,0.384308708624534,-0.28960037409852823,0
7917,0,2,1,1,0,2,1,1,1,0,0,0,0,1,0,1,1,0,0,1,0.3143268170468803,-0.23876593258304069,0
7918,0,0,0,0,0,1,0,0,1,1,0,1,0,0,0,0,0,1,1,0,-0.5585770092984321,-1.4339580897891002,0
7919,0,1,1,0,0,0,1,1,2,2,0,0,0,1,0,0,0,0,1,1,-1.0192064400742207,-0.7820917388718456,1
7920,1,1,0,0,0,1,0,0,0,1,1,0,0,0,1,0,0,1,1,1,-0.3781223354857061,-2.3777224554460195,0
7921,1,1,1,0,0,1,0,0,2,1,0,1,2,0,1,1,1,0,0,1,0.2449714639476884,0.06340761323082711,0
7922,1,1,0,0,0,1,0,0,1,0,1,1,0,0,0,1,1,1,2,1,0.8120953318851245,0.2877338406327481,0
7923,0,2,0,0,1,2,0,0,0,2,0,0,0,0,0,1,2,0,0,0,0.5710636744742345,-1.3126830321879028,0
7924,0,0,1,0,0,2,1,0,1,0,1,1,0,0,0,2,0,1,2,0,0.333298206390112,-0.028752544553739656,0
7925,1,0,1,0,0,0,0,1,2,1,0,2,1,0,0,1,2,2,0,1,0.0059175369045882465,-0.2076407987668574,0
7926,0,0,0,0,0,1,0,0,0,1,0,0,1,0,0,1,2,1,1,0,0.0389074897731283,1.0555603377311653,1
7927,1,1,0,0,0,1,0,0,1,2,1,1,1,1,0,1,0,0,0,0,-0.4273860697151281,0.8262700319064888,0
7928,0,0,0,0,0,1,0,0,1,1,0,1,0,0,0,2,0,0,1,1,0.7254126703518998,1.3910039536511225,0
7929,2,0,2,1,1,1,1,0,1,1,0,0,2,0,0,2,1,0,2,1,0.3248925157053951,0.9703398248225152,0
7930,0,0,1,0,0,2,0,0,0,0,1,2,1,1,0,1,0,0,1,2,1.1395660263126302,2.108594404858608,1
7931,0,0,0,0,0,1,0,0,1,0,1,2,2,0,0,1,1,0,0,0,2.1228279140954736,1.72100398829029,1
7932,0,1,1,0,0,0,0,0,0,2,1,1,1,1,0,0,0,1,2,0,-1.0952142008665997,-2.4074027876850645,0
7933,0,2,1,0,1,1,0,1,1,0,1,1,0,0,1,0,0,1,1,0,0.5161341259227656,-0.5396364853399636,0
7934,1,0,1,0,0,1,1,0,2,1,0,1,1,1,0,1,1,0,1,1,-0.4611932013833453,1.3048815377150635,0
7935,0,0,0,0,0,1,0,0,0,0,0,0,0,0,0,0,0,1,1,1,-1.2805533319663278,1.4400045305430191,0
7936,0,2,1,1,1,1,0,0,1,0,1,0,0,0,0,1,0,1,0,2,1.0408702417055071,0.9114067592666545,0
7937,0,0,1,0,0,1,0,1,2,2,0,2,0,0,0,0,1,0,2,1,0.4034445507528426,0.9046766642208203,1
7938,0,0,0,0,0,1,0,0,0,2,0,0,0,0,1,0,1,0,0,0,0.13951545414191205,0.05220422024207519,0
7939,1,0,1,0,0,1,0,0,2,1,0,0,1,0,0,1,2,1,0,1,0.04770664158942818,-0.1258530464292962,0
7940,0,0,1,0,0,1,0,0,1,1,0,0,1,0,1,0,0,2,2,1,1.6380365112766313,0.8566755367416649,1
7941,1,0,1,0,0,1,0,0,2,1,0,0,0,1,0,1,0,1,0,0,0.09995982458156816,2.111199088413945,0
7942,0,0,1,0,0,1,0,0,1,2,0,1,2,1,0,1,0,1,2,0,0.774200930269696,2.8279668137448404,1
7943,0,1,0,0,0,1,1,0,0,2,1,1,2,1,1,1,0,0,1,0,0.8963735176838165,1.2303324933989979,0
7944,0,1,0,0,0,0,1,0,1,1,0,0,0,1,0,0,1,0,1,0,0.7687776555187092,1.2990299515620856,0
7945,0,1,0,0,0,1,0,0,1,2,0,1,1,1,0,1,1,1,0,0,0.5308817915238879,0.13963450391912544,0
7946,0,1,2,0,0,2,0,0,2,2,1,1,2,0,0,0,1,1,2,0,0.32459137589816145,-0.45929252908392104,0
7947,0,0,1,0,0,1,1,0,0,0,0,0,1,1,2,0,0,0,0,0,-1.4599799652903287,-0.8568256321943559,0
7948,1,1,0,0,0,1,1,0,1,1,1,0,0,1,1,1,1,0,1,1,-0.26269549864736796,0.1076451629339153,0
7949,0,1,1,0,0,1,0,0,2,1,1,1,0,0,0,2,2,0,0,0,0.02222501362015311,-0.05778242412610293,1
7950,0,0,1,0,0,1,0,0,0,2,0,2,1,0,1,0,1,0,2,0,0.34667396045685006,0.7621190059151915,0
7951,0,0,1,0,1,0,0,0,1,0,0,1,2,0,0,1,1,1,0,0,1.7023137505774169,0.13187827817631614,1
7952,1,2,0,0,0,1,0,0,0,2,1,0,0,0,0,1,0,0,2,1,-0.5452525781583225,-0.46419342249148887,0
7953,1,0,1,0,0,2,0,0,0,1,1,0,1,0,0,1,1,1,1,1,0.16657985902383124,-0.8686434157974546,0
7954,1,0,1,2,0,1,0,1,0,0,0,0,2,1,0,1,0,0,2,1,0.10318211857827075,2.208786907273222,1
7955,0,1,2,1,0,1,0,0,1,1,0,2,2,0,0,0,1,1,0,0,-0.6173568979706207,-0.13960811111651678,0
7956,0,1,0,0,0,2,0,0,1,1,0,0,0,1,0,0,0,1,2,1,-0.8766588340550969,-1.406533652135544,0
7957,1,1,0,0,0,1,0,0,1,0,1,1,0,0,0,1,1,1,0,0,-0.40522910598654927,-1.844021606099956,0
7958,0,1,1,0,0,0,0,0,1,1,0,0,0,0,1,0,1,0,2,0,1.07754131575141,0.693321700405779,0
7959,1,0,2,0,0,2,0,0,1,1,0,0,1,0,0,2,1,0,1,0,-0.31363626823729335,0.6035324966838558,0
7960,0,0,0,0,0,1,0,0,1,0,0,1,0,0,0,0,1,2,1,0,-0.1767945969557421,-1.950943084110747,1
7961,0,1,0,0,0,0,0,0,0,0,1,0,1,0,0,1,1,2,2,1,-0.46540407585362575,-1.116296011426019,0
7962,0,1,0,0,0,2,0,0,2,0,0,2,1,0,0,1,0,1,0,0,-0.08822139574423099,1.1852314872337315,0
7963,1,0,0,0,0,1,0,0,2,1,0,0,0,0,0,1,0,1,1,1,-0.5955657042747993,0.08669797030277795,1
7964,0,0,1,0,1,1,0,0,1,0,0,2,1,1,1,0,0,0,1,0,0.5298351185546879,-0.8332412707181952,1
7965,0,1,1,0,0,2,0,0,0,1,0,0,0,0,0,0,0,1,2,0,-2.7405209244084174,-2.7508791203891287,1
7966,0,2,2,0,0,1,1,0,1,1,1,0,0,0,0,1,2,0,2,0,0.5168963733975334,1.421956553705992,0
7967,1,1,0,0,1,1,0,0,2,0,1,1,0,0,0,2,0,1,1,1,-1.0637251262485818,-0.47357509133131587,1
7968,0,1,1,0,0,0,0,0,0,1,0,0,2,0,0,0,2,1,0,1,0.1851406670957641,-1.1281085259280257,1
7969,0,1,1,0,0,2,0,0,2,0,0,0,1,0,0,0,1,1,1,0,-0.042568018292109266,1.946253230920893,1
7970,0,0,0,0,1,1,0,0,1,0,0,0,0,0,1,0,0,0,0,2,-1.497079620526677,-0.6716099847415226,1
7971,0,0,1,0,0,1,0,0,2,1,1,0,2,1,0,0,0,1,0,0,-0.8244133710876027,-0.21551643849251811,0
7972,0,1,1,0,1,2,1,0,1,0,1,2,0,0,0,1,2,0,2,0,-0.8906731959318874,0.01756475912056521,1
7973,0,0,1,0,0,0,0,0,1,1,1,1,1,0,0,1,1,2,0,0,0.15035964470159152,0.9250072796231028,1
7974,0,1,1,0,1,0,0,0,0,1,0,0,1,1,0,1,0,1,1,0,-0.9145958679573422,-1.2377788000520142,1
7975,0,0,1,0,0,1,0,0,2,2,0,1,1,0,1,1,1,1,0,1,-0.06218197922659276,-1.352757694108232,0
7976,1,1,1,1,0,1,0,0,0,0,0,0,0,0,0,2,1,1,1,0,0.054261635229363454,-0.5105446849406392,0
7977,0,1,1,0,0,0,0,0,1,0,0,0,1,1,0,1,0,0,0,0,-1.0819374210618091,-1.0672151652576969,1
7978,1,0,1,1,0,1,0,0,1,0,0,1,2,1,0,0,0,0,1,1,-1.6295504566156052,-1.115888941282289,1
7979,0,1,1,0,1,0,1,0,1,0,1,0,0,0,1,1,0,1,1,1,-0.9213068271018217,-1.2852133431537434,0
7980,0,0,2,0,0,1,0,0,2,0,0,0,1,0,0,0,1,0,1,2,-0.1620389114020906,-1.153712585468021,1
7981,1,0,0,0,1,1,0,1,1,1,2,0,0,1,0,1,0,0,2,1,-0.6879572091998639,-1.4498696120326695,0
7982,0,1,0,0,0,2,0,0,2,0,1,1,2,1,2,1,1,1,2,0,0.8924075758808943,0.19807901671168712,0
7983,0,1,0,0,0,1,0,0,1,0,0,0,2,0,0,0,1,0,0,0,-1.5302904121572434,-0.7871214445602024,0
7984,0,0,0,0,0,1,0,0,1,0,0,0,0,1,1,0,1,1,0,0,0.6298568890263491,-1.5748825410788911,1
7985,0,0,0,0,0,1,1,0,1,1,0,0,0,2,0,2,2,1,1,1,-0.942307375767049,-0.9066667929042567,0
7986,1,0,1,0,0,1,0,1,0,1,0,0,1,0,0,2,1,2,1,1,0.8742882306981522,1.5062565332251394,0
7987,1,0,1,0,1,1,1,1,1,1,1,1,0,0,0,2,2,2,2,1,1.4671414718394913,2.1644643858208656,0
7988,0,1,1,0,0,2,0,0,1,1,0,2,0,0,2,2,0,1,1,0,-2.10158258159293,0.5554117838097727,0
7989,0,2,0,0,0,2,0,0,2,1,0,1,0,0,0,1,1,2,1,1,-0.4864696899275982,0.299207983946927,1
7990,0,0,1,0,0,1,0,0,1,2,0,1,0,1,1,0,1,0,1,0,-0.19309529204696177,-1.6170511546173032,0
7991,0,1,1,0,0,0,0,0,2,1,0,0,0,1,0,1,1,0,0,1,1.6508574678193448,0.2587319056491773,0
7992,1,0,1,0,0,1,0,0,2,2,0,0,0,0,0,0,1,0,1,0,1.5127706066008102,1.0815886195154845,1
7993,0,1,0,0,0,2,0,1,1,0,0,0,0,0,0,0,0,0,0,0,1.7302043457722582,-0.23864216067533073,0
7994,1,1,0,0,0,0,0,0,1,1,1,2,1,2,0,1,2,0,1,1,-0.6725053845041367,-1.3504914984993168,0
7995,0,1,1,0,0,1,0,0,1,1,0,0,1,0,0,0,1,0,2,1,-0.6792475982103103,-0.8305521411920572,0
7996,0,2,1,0,0,1,0,1,1,2,0,2,0,0,0,1,1,1,1,0,-1.098108856122997,-0.5799440827153459,0
7997,0,1,1,0,0,1,1,0,0,1,0,0,0,0,0,1,1,0,0,0,0.5980921417013892,1.4945612880484467,1
7998,0,0,0,0,0,0,0,0,1,0,0,0,2,0,0,2,2,1,0,1,-0.8115783548506977,1.451866238652415,0
7999,0,0,0,1,1,0,0,0,1,1,0,0,0,0,0,1,1,0,1,1,0.29245982877447163,0.3285743699502368,1
8000,0,2,0,0,0,1,0,1,0,0,1,2,0,1,0,0,2,0,0,0,2.117412100604298,-0.4130283834786172,0
8001,0,0,0,0,0,2,1,0,1,1,0,1,0,0,0,1,0,0,1,1,1.2809293132149224,-0.07014094272239857,1
8002,0,1,1,0,0,1,0,0,1,2,0,0,1,0,0,0,1,0,1,2,-0.5877273697226161,-0.15018401959087105,0
8003,0,0,0,0,0,0,0,0,0,1,0,2,2,0,0,2,1,0,1,1,0.7088271865632648,1.9799949012479117,0
8004,0,0,1,0,0,0,0,0,0,0,0,2,1,0,1,0,0,1,1,0,-0.11965041840394106,-0.3035304292421439,0
8005,0,1,1,0,0,0,0,0,2,1,1,0,1,0,0,1,0,0,2,0,-0.15173610493629933,1.2152811761116846,0
8006,0,0,0,0,0,1,0,0,1,0,1,1,2,0,0,1,1,0,1,1,1.0792823515809373,-1.130962444454577,1
8007,0,1,1,0,0,1,0,0,1,0,1,0,2,1,1,0,0,0,0,1,0.35496261710097027,0.823257537468755,0
8008,0,0,0,0,0,0,0,0,0,1,0,2,2,1,0,1,0,0,2,0,-0.2263398033914054,1.1662867253819937,1
8009,0,0,1,0,1,1,0,0,2,1,0,1,1,1,1,1,1,1,1,0,-0.15685858577822576,-0.23093952538433768,0
8010,0,0,0,0,0,0,0,0,1,1,1,1,1,0,0,1,1,1,1,0,-0.2895052882132383,-1.214908675198698,0
8011,0,1,0,0,0,0,0,1,2,0,0,0,2,0,0,0,0,0,1,0,-0.4550450892634479,-0.692669409684529,0
8012,0,2,0,0,0,0,0,0,1,0,0,2,2,0,0,1,1,0,2,0,-0.35760171479559644,0.6268524833835174,1
8013,0,1,1,0,0,2,0,0,0,0,0,1,1,2,0,0,1,0,0,1,-0.8238815652179612,-1.128571773645048,0
8014,0,1,1,0,0,1,0,0,0,0,2,0,1,0,0,0,2,0,0,1,-0.6860705670675089,-1.1974899023666903,1
8015,0,0,0,0,0,1,0,0,2,1,1,0,1,0,0,2,0,0,1,0,0.10751070704292197,0.4058712345894845,1
8016,1,2,0,0,1,2,1,0,1,1,0,1,2,1,0,1,2,0,1,1,-0.08902752065643302,-0.8570839270909327,1
8017,0,1,1,0,1,2,0,0,1,1,0,0,1,0,0,2,1,1,1,2,-1.4472295386628111,0.9608588319877819,0
8018,1,1,1,0,0,1,0,2,0,1,0,0,1,0,0,1,0,1,0,1,1.0136993808340353,0.962433924409167,0
8019,0,0,2,0,1,1,0,0,2,1,0,1,0,1,0,0,0,1,1,2,0.3172472374526461,1.6173172455747415,0
8020,0,1,0,0,0,0,0,0,0,1,1,0,0,0,1,0,0,0,0,1,0.7804898623878621,0.9601234125793828,1
8021,0,0,0,0,1,0,0,0,0,0,0,1,1,0,0,0,2,1,0,0,0.7830499785170718,0.09474781591411027,0
8022,0,0,2,0,0,0,1,0,0,0,1,0,1,0,0,1,1,0,1,1,0.5573219516412403,-0.4755351780404176,0
8023,0,0,0,0,0,1,0,0,1,1,1,0,2,0,0,2,1,1,0,0,-0.331657753611407,-0.9063088062837433,0
8024,0,1,1,0,0,1,1,0,1,1,0,1,2,0,0,0,0,1,1,1,2.1653940144567354,1.274570656354959,0
8025,0,0,2,0,0,0,0,0,0,1,0,0,0,0,0,1,1,1,1,1,0.35029065293188455,1.1497152549523584,1
8026,1,1,0,1,1,1,0,0,0,0,1,0,0,0,0,1,1,1,0,0,1.250971567825168,0.7738926167943945,0
8027,0,0,0,0,0,0,0,0,1,0,2,2,0,0,0,0,1,0,1,0,-0.17714968258142313,-0.6449105787833269,0
8028,0,0,0,0,0,1,0,0,2,2,1,0,1,0,0,1,1,0,2,1,-0.03789960883977647,0.035803165623700034,0
8029,0,0,0,0,0,1,0,1,1,1,0,1,1,0,0,0,0,0,1,0,-0.3208187818230322,0.46974264481309747,0
8030,0,0,1,0,0,2,0,0,0,0,0,1,1,0,0,1,0,0,1,1,-1.0199335801859146,1.7796988980448927,1
8031,0,1,1,0,1,1,0,0,1,0,0,0,1,1,0,1,1,2,2,0,1.043702538093073,-0.31473615562996077,0
8032,1,0,0,0,0,1,0,0,0,1,1,0,1,0,0,1,1,2,0,1,0.24095168536222927,0.6226974500522979,0
8033,0,0,0,0,0,0,0,1,0,1,0,0,0,0,0,0,0,1,2,0,0.4748235998065683,-0.010675132374366958,0
8034,1,0,0,0,0,1,0,0,0,1,1,0,1,1,0,1,1,0,1,1,-1.1139770282514951,1.2592654129082121,0
8035,0,1,1,0,0,1,0,0,0,1,0,1,1,0,0,2,1,2,1,0,2.602543506976876,1.3081153572081217,0
8036,0,0,0,1,0,2,1,1,2,1,1,1,0,1,2,0,0,1,1,0,0.9220662476612838,0.9043277549362032,0
8037,0,2,0,0,1,1,0,1,2,1,0,0,1,0,0,1,0,1,1,0,0.25643767565296033,-1.072814802588887,0
8038,0,0,1,0,0,0,0,0,1,1,0,1,1,1,0,0,1,0,1,1,-0.2481697888653507,0.028498558849247874,0
8039,0,0,1,0,0,1,0,0,0,1,0,0,2,0,0,0,0,1,2,1,0.870553502959546,0.48672922170365696,1
8040,0,0,1,0,0,1,0,1,1,1,0,0,1,0,0,1,1,0,0,0,0.08613846294796733,0.4565121174228347,1
8041,0,0,0,0,0,1,0,0,1,1,0,0,0,1,1,1,0,2,1,1,-0.3524586636565148,-0.9665390435013839,1
8042,1,0,0,0,0,0,1,0,2,0,0,1,0,1,1,1,1,0,0,0,2.726305030803259,0.9167848106172781,1
8043,0,0,1,1,0,1,0,0,1,0,0,2,0,1,0,0,0,1,2,0,1.446513710564771,1.8237522536218678,0
8044,0,0,0,1,0,2,0,0,0,1,0,0,0,0,0,1,1,0,0,1,0.05030400581455723,2.0270450959910664,1
8045,0,0,0,0,0,1,0,0,2,0,1,0,0,0,0,1,0,0,2,0,-1.0923687270219087,0.9132219002360584,1
8046,0,0,1,1,0,0,0,0,2,1,0,0,1,0,0,1,2,0,1,1,-1.48757880297926,-0.9357357660039085,1
8047,0,1,1,0,1,0,0,0,2,0,1,0,0,0,1,0,1,0,2,0,-0.537643279174969,-2.195318530652684,1
8048,0,0,1,0,0,2,0,0,1,0,1,0,0,0,0,1,0,0,2,1,-1.1625873662141901,0.5015158629952096,0
8049,0,1,0,0,0,0,1,1,0,0,0,0,0,0,0,1,2,0,1,0,-0.8575370524176168,-2.5108475523833724,0
8050,1,1,0,0,0,0,0,0,1,1,0,1,0,1,1,1,0,0,1,0,2.4221632700267586,0.8353831048918345,1
8051,0,0,0,0,0,0,0,0,2,1,1,0,0,1,0,2,1,0,0,0,-0.7157943485625125,-0.439271974687533,0
8052,0,0,0,0,0,2,0,0,0,0,0,0,0,0,0,1,1,0,0,1,-0.1579877267798846,0.04135730855479572,1
8053,0,0,1,0,0,0,0,0,0,2,0,1,0,0,0,0,0,1,1,2,0.361296335637028,1.791611436742881,1
8054,1,0,0,0,0,1,0,0,0,1,0,0,2,1,1,1,0,0,1,0,0.7623902546692952,-0.23445006437095683,1
8055,0,0,2,0,0,0,0,0,1,0,1,0,0,0,0,2,0,2,0,1,0.3709529665071441,0.5163663306849771,1
8056,0,1,0,0,1,1,0,0,1,1,0,0,0,0,1,2,1,0,0,0,0.48728495852713966,-0.1058168245586038,1
8057,2,0,1,0,0,2,0,0,0,2,0,1,1,0,0,0,1,1,2,0,-0.917793578332899,-0.45431155100143195,0
8058,0,0,1,0,0,2,0,1,2,1,0,1,1,0,1,1,0,1,1,1,-0.12082128103391007,-1.4170682007162907,0
8059,0,1,1,0,0,1,1,0,0,0,0,0,0,1,0,1,0,0,1,1,0.7369603422702717,-0.5967988319161309,0
8060,0,1,1,0,0,1,0,0,2,1,0,0,0,1,0,2,0,2,0,1,-0.43050790357933266,-0.645364391707345,1
8061,0,0,1,0,1,1,1,0,2,1,1,1,1,1,0,2,1,0,0,1,-0.6200895596360758,-1.1300979243047125,0
8062,0,1,1,0,0,0,0,0,2,0,0,1,2,0,0,2,1,1,2,1,-1.447223431155284,-2.4910003687758575,0
8063,0,1,1,1,1,1,1,0,0,1,1,1,0,1,0,0,0,0,1,0,0.9329359937241323,-0.16726083138664694,0
8064,0,0,2,0,0,1,0,0,0,0,1,0,2,0,0,1,1,0,1,0,-2.767252978454056,-1.5314032790398693,0
8065,0,1,1,1,0,2,0,0,1,1,0,2,0,1,0,1,2,0,0,1,0.9757522365977167,0.5865859933559681,0
8066,1,1,0,0,0,1,0,1,0,1,0,0,1,0,1,1,0,2,0,1,-0.9985055348005302,-0.3157185708917791,0
8067,0,0,1,0,0,2,0,1,1,1,0,0,0,1,0,2,0,0,0,1,0.04957280423209145,0.12898396337633666,0
8068,1,0,1,0,1,2,0,1,2,2,0,0,1,0,0,0,1,0,1,1,2.046714606790056,2.7094273295733533,0
8069,0,0,1,0,0,0,0,0,2,1,0,0,1,1,0,1,0,1,1,1,-0.4821106746364129,1.7594901106501057,1
8070,1,0,0,0,0,1,0,1,0,0,0,1,1,0,0,2,0,1,1,1,1.1922355755208045,2.368253137548149,1
8071,0,0,1,0,1,0,0,1,1,0,0,2,0,0,0,1,0,1,0,0,1.7537407416851476,1.0339008473587932,1
8072,0,1,2,0,0,1,0,0,1,0,0,1,1,0,0,0,0,0,0,1,-0.8494133870205266,-0.6035837843761191,0
8073,0,0,1,0,0,2,1,0,1,1,0,0,2,0,0,0,1,0,1,0,0.21006867822810252,-0.8939657810856093,0
8074,0,0,0,0,0,2,0,0,1,1,0,0,1,0,0,0,1,0,1,0,-0.8974932201543796,-0.30582776909301207,0
8075,0,2,0,0,1,1,1,0,0,0,0,0,1,0,0,1,1,1,1,0,-0.7675365044854284,-0.383757711984389,1
8076,0,1,0,0,0,1,0,0,2,1,0,1,0,1,0,0,1,0,1,1,0.5305681863409378,-0.33239317070239405,1
8077,0,1,0,0,0,1,0,0,1,0,1,0,2,0,0,1,0,0,0,2,0.7920592252428611,-0.5944623867129789,0
8078,0,0,1,0,0,2,0,0,2,0,0,1,0,0,0,0,1,0,0,0,0.4576411417132448,0.5941092565430721,1
8079,0,1,0,0,0,1,0,0,1,0,0,0,0,0,0,1,1,1,1,0,-0.677012269090547,-0.2758772640709396,0
8080,0,2,0,0,1,1,0,1,2,1,1,1,0,0,1,1,0,1,2,1,1.2585281329599995,0.982464538126233,0
8081,0,0,1,0,0,2,0,0,2,2,1,2,0,1,0,1,1,0,0,0,-1.051536059507406,0.15158259478700153,0
8082,1,2,1,0,0,1,0,1,1,1,1,2,2,0,0,0,1,0,0,1,-0.3121869150442368,-1.2465106028427255,0
8083,0,0,1,0,1,1,0,0,1,2,2,0,0,0,0,1,0,0,0,0,0.2698443356110482,0.891112093156308,0
8084,0,1,2,0,0,0,0,0,2,0,0,0,1,0,1,0,1,1,0,0,-0.6113647465642865,0.25124617223302403,0
8085,0,0,1,0,0,1,0,0,2,2,0,1,0,1,0,1,1,1,1,0,0.6701392489629202,0.5511420518347638,0
8086,1,0,2,0,1,1,1,0,2,2,1,1,0,0,0,0,1,1,2,1,0.28231329251726334,-0.9029275625977559,1
8087,0,0,0,0,0,2,0,0,2,0,0,0,0,0,0,1,2,1,0,0,0.19313434332504806,0.33393928203680245,1
8088,1,1,2,0,0,1,0,0,1,1,2,0,2,0,1,0,2,0,1,1,-0.8694276608831552,-0.21938983697370185,0
8089,0,2,0,0,0,1,2,0,0,0,0,0,0,0,0,2,1,0,1,2,-0.23518582051356698,-1.3323919425117767,0
8090,0,1,0,0,1,2,0,0,2,0,0,1,0,0,0,1,1,1,0,1,-0.30733410561851915,-0.08747378013237042,0
8091,1,1,1,0,0,1,0,1,1,1,0,1,0,0,0,0,0,0,2,0,-1.1301408939795108,-0.1550135729516764,0
8092,0,0,0,0,1,1,1,1,2,2,0,0,1,1,0,0,2,1,1,1,-1.9891624616802484,0.23567087208554205,1
8093,0,1,0,0,1,0,0,0,2,0,0,1,2,0,0,1,2,1,0,0,-0.7376607808831399,-0.08362682325020365,0
8094,0,0,0,0,0,1,0,0,0,0,0,0,2,1,1,1,1,1,0,1,0.4197506554281892,-0.18224902256238878,1
8095,0,0,1,0,0,0,0,0,1,0,0,0,0,0,0,1,0,0,2,1,-0.8456027454659613,-1.8971504944360924,0
8096,0,1,0,0,0,0,0,0,2,1,0,0,0,0,0,1,1,1,1,2,0.9342058093955364,-0.32766794438127855,0
8097,0,2,0,1,1,1,0,0,2,1,0,1,1,1,0,1,1,0,0,0,0.7394020055410927,0.19737521611246028,0
8098,0,0,0,0,1,1,0,0,1,0,0,0,0,0,1,1,1,1,1,0,-2.076156523003311,0.47341173939866255,0
8099,0,0,2,0,0,1,0,1,2,1,0,0,2,0,1,1,0,0,1,1,-0.38760013948159383,0.2119828908565945,1
8100,1,1,1,0,0,1,0,0,2,0,0,0,1,1,0,1,1,1,0,0,-1.3930195955190923,-0.2874566861017743,0
8101,0,0,2,0,0,2,1,1,1,0,1,0,1,1,0,0,1,0,1,2,0.2571630445963063,0.15057737521502834,0
8102,0,0,1,0,0,0,0,0,1,2,1,1,0,1,0,0,2,2,0,0,-0.05326461835280002,-0.019171067534879127,0
8103,1,1,1,1,1,0,0,1,0,0,0,0,1,0,0,0,0,1,1,1,1.2064568383619607,1.896305785998129,1
8104,1,1,0,0,0,1,0,0,2,1,0,1,0,0,0,0,0,2,2,0,0.4148619184823617,-1.2638413180306638,1
8105,1,0,1,0,1,0,0,0,2,0,1,1,0,0,0,1,0,1,1,0,-0.3489871932606076,-0.06860158655839216,0
8106,0,0,0,0,0,0,0,0,2,0,0,2,2,0,0,1,1,0,2,1,0.2543941686426954,0.8820921864270325,0
8107,0,1,1,0,1,1,0,0,2,0,0,0,1,0,1,0,0,1,1,0,1.243450152104347,-2.4778833788406978,0
8108,0,1,2,0,1,1,0,0,0,1,0,1,0,0,0,1,1,1,2,0,0.17807641568778382,0.3772625357701693,0
8109,0,0,0,0,0,0,0,0,1,1,0,0,0,0,0,1,1,0,0,1,0.9643623715465716,-0.46373781350049603,0
8110,0,1,1,0,0,1,0,0,1,1,1,1,1,0,1,1,1,0,0,0,0.19625947990694345,-1.396274458326506,1
8111,0,0,1,0,0,1,0,0,2,0,0,1,1,0,0,2,1,1,1,0,1.0952343224474514,0.9622431940866761,0
8112,0,0,1,0,0,1,0,1,1,2,0,2,0,1,0,1,1,0,1,1,-1.725723585573462,0.16554291393856535,1
8113,0,0,0,0,0,2,0,1,0,1,0,0,1,0,0,1,0,1,0,1,0.29122225126246776,2.167486484139339,1
8114,0,1,1,0,0,1,0,0,1,0,0,1,0,1,0,0,1,1,0,2,-0.5080594049150213,-0.22026391963884648,1
8115,0,2,1,1,0,1,0,0,0,0,1,1,1,0,0,1,0,0,1,1,-0.04577016416837663,0.5444425991291594,0
8116,0,1,0,0,0,1,0,0,1,0,0,0,2,1,0,0,0,1,0,0,-1.017507621328037,0.6851189503980033,1
8117,0,1,0,0,0,1,1,1,2,0,0,0,1,1,0,0,0,1,0,1,0.3386639783812891,-1.6420623984257507,0
8118,0,0,0,0,0,0,0,0,1,0,0,2,2,0,0,1,1,0,1,0,-1.1700022958974712,-0.8467985441677943,0
8119,0,0,2,0,0,1,0,0,1,2,1,1,1,0,0,0,1,1,1,2,0.6526488393545727,0.8872517642757352,0
8120,0,0,0,0,0,0,0,1,1,1,0,0,2,1,0,1,0,0,0,0,1.1522412125450938,0.008024954549129826,1
8121,0,0,1,0,0,1,1,1,2,0,1,1,1,0,1,2,1,0,1,1,0.08892107842380606,-0.31473074837059534,1
8122,0,0,2,0,1,0,1,1,0,1,1,0,1,1,1,2,1,1,2,1,-1.2050380367265587,-0.6674825309430514,1
8123,0,0,1,0,0,2,0,1,0,1,0,1,1,1,1,0,1,1,2,1,1.5924645596014075,0.238431719085761,0
8124,1,1,1,0,0,2,1,0,1,1,0,0,1,0,0,1,0,0,1,1,-0.9574092810499862,-0.10069389220894782,1
8125,0,1,0,1,0,0,0,0,0,0,1,1,0,0,0,0,0,0,0,1,0.3875434261449706,-0.12703173329153808,0
8126,0,0,0,0,0,1,1,0,0,0,0,1,0,1,0,1,1,0,1,1,0.22023962146260737,1.3412431406602932,1
8127,0,0,1,0,0,1,0,1,0,0,0,1,1,0,1,2,0,0,1,1,-0.09114546256270807,0.2812639005940039,1
8128,0,2,1,0,0,0,0,0,1,0,0,1,0,1,0,0,1,0,0,1,-0.23834721150219038,-0.9351955880031996,0
8129,0,1,0,0,0,0,0,0,1,0,0,1,1,1,0,2,0,1,1,0,-0.3262833579096109,0.18937349992400326,0
8130,0,0,1,1,0,1,0,0,1,0,0,2,1,0,0,1,0,1,1,1,0.361681169253755,0.8651076497089665,0
8131,0,0,1,0,1,0,0,0,2,1,1,0,1,0,0,0,1,1,1,0,-0.7751391975749105,-1.6369546760047995,1
8132,0,0,0,0,1,2,0,0,1,0,1,0,1,0,0,0,0,0,0,1,-0.9933726409181156,0.5446173802846018,0
8133,0,0,0,1,0,1,0,0,0,2,1,1,1,0,0,2,1,1,0,0,-0.08011166872075272,-0.27375785780650846,0
8134,0,0,1,1,0,1,1,0,2,0,0,0,1,1,0,0,1,2,2,0,1.1196021029607433,-0.06293534544644075,0
8135,0,0,0,0,0,1,0,0,2,1,1,1,1,0,2,1,0,1,1,2,0.5075976104040488,-0.06276861364496494,0
8136,0,1,0,0,1,2,0,0,0,0,0,0,1,0,0,0,0,1,0,1,1.1871521177283648,-0.15969470201337382,0
8137,0,1,0,0,0,1,0,0,2,1,1,0,0,1,0,1,0,0,0,0,-3.051500072936667,-1.9015906800697873,1
8138,0,1,1,0,0,0,0,0,1,1,0,0,0,0,1,0,2,1,1,0,1.5760646841071682,0.8570744015218755,1
8139,0,1,0,0,0,1,0,1,1,1,1,0,1,0,0,1,1,1,1,1,-1.1780831196143207,-1.141916992794264,0
8140,0,2,0,0,0,1,0,0,0,0,0,0,0,0,0,1,1,0,2,1,-2.064150312748897,-2.1393214489916508,0
8141,1,2,2,0,0,2,0,1,2,1,0,0,1,1,0,1,0,1,1,0,-0.0543844068542219,0.508654395604108,0
8142,0,0,0,0,0,1,0,0,0,1,0,0,1,0,0,1,2,1,1,1,-1.180865082114845,-0.7077496579815374,1
8143,0,2,1,0,0,1,1,1,1,0,0,0,0,1,0,1,2,1,2,1,-0.7515503052770007,-1.1869560678539148,0
8144,0,0,1,0,0,2,0,0,2,2,1,0,0,1,1,2,2,0,1,0,1.718854971498448,1.7349450515285338,0
8145,0,1,0,0,0,1,0,0,1,2,0,1,1,1,0,1,1,0,1,0,1.0113761091933269,0.7776534330151992,0
8146,0,1,1,0,0,0,0,0,2,2,0,1,0,0,0,0,0,1,1,0,2.496936534713275,1.0559790958018032,1
8147,0,1,0,0,0,2,1,1,1,0,1,0,1,0,0,1,1,1,1,1,-2.2906973344914414,0.06250512764954919,0
8148,0,0,0,0,0,1,0,0,0,0,0,1,2,0,0,0,2,1,1,1,-0.4274458959575114,-0.0282013829004778,0
8149,0,1,1,0,0,0,0,0,1,1,0,1,1,0,0,0,0,0,1,0,0.2376681590488727,0.3820652947869961,0
8150,1,0,0,0,0,1,1,0,2,0,2,1,0,1,0,1,0,1,2,1,-2.5411055962128466,-0.5196012412375098,0
8151,0,1,1,0,0,1,1,0,0,0,1,0,1,1,1,0,1,0,1,0,1.444174188515609,-0.7401027955090613,0
8152,0,1,1,0,0,1,0,0,1,1,0,1,2,1,1,1,1,0,0,2,1.0744358903171016,0.8688211020051042,0
8153,0,2,1,0,0,1,0,0,0,0,1,1,0,0,1,2,0,1,1,0,0.7589050761339289,1.4844742590169528,1
8154,0,1,0,0,0,0,0,0,0,1,0,0,1,1,1,2,0,1,0,0,1.1114915421551996,-0.027355511111861075,0
8155,0,1,1,0,0,0,1,0,2,2,0,2,0,0,0,1,1,0,1,2,0.8798037257619351,1.6182969833285696,0
8156,0,0,0,0,0,1,0,0,2,1,0,0,0,0,0,0,1,1,1,1,0.32371249273364094,1.840430064286378,0
8157,0,0,1,0,0,0,0,1,0,1,0,0,0,0,0,0,1,1,0,0,0.17480426208888136,0.2408534877186707,0
8158,0,0,0,0,0,1,0,0,0,1,0,1,0,0,0,1,1,0,2,1,1.9057447043415594,0.7520649617557936,0
8159,0,0,0,0,0,1,0,0,0,0,0,1,0,1,0,0,0,1,1,0,-0.536801051646879,-0.49585844205353896,0
8160,0,1,1,0,0,1,0,0,1,0,0,0,1,0,0,0,0,1,1,0,1.211524676058034,0.5224294547862992,0
8161,0,1,0,0,0,2,0,0,0,1,1,0,1,0,0,1,0,1,2,0,0.6492981325392333,0.502785589200899,0
8162,1,1,1,0,0,1,1,0,2,0,1,0,1,0,1,0,1,0,1,1,-0.3974882618367495,0.596750911215448,1
8163,0,0,0,0,0,1,1,0,1,0,1,0,0,0,0,0,1,0,1,1,0.9774020279349724,1.0927404832708958,0
8164,0,1,0,0,0,0,0,0,1,1,0,0,1,1,0,0,0,0,1,1,0.8273936785729684,2.4431766752179636,1
8165,0,0,1,0,0,1,1,0,1,0,0,1,0,1,0,2,0,2,0,0,-1.1791137625668124,-2.1540752790241813,0
8166,0,0,0,0,0,1,0,0,1,1,1,1,0,0,0,1,1,1,2,1,-0.037847244315827235,1.1331441869929209,0
8167,0,0,0,0,1,2,0,0,1,1,0,0,0,0,0,1,0,0,1,0,-1.0478896923069374,-0.03569035449694345,1
8168,0,1,0,0,0,1,0,0,0,1,0,0,1,0,0,2,0,1,1,1,0.5753558707154016,0.23594553513321004,1
8169,0,0,1,1,0,0,0,1,1,2,1,0,0,0,0,2,1,1,2,0,-0.7007751936668575,0.31063245924943766,1
8170,0,0,1,1,0,1,0,0,1,1,2,0,1,0,1,0,0,1,1,1,-1.090315897206634,-0.22098593891439738,0
8171,0,0,1,0,0,1,1,1,0,1,1,0,0,0,1,1,0,1,0,1,-0.5892497214868033,0.1613060604209222,1
8172,1,1,1,0,0,1,1,0,1,0,0,1,2,0,0,0,0,1,1,1,-0.3172069637550747,-1.2576845226562074,0
8173,0,0,1,0,0,0,0,0,0,1,0,0,0,0,0,1,0,0,1,1,0.762175325538254,2.3403561866403395,1
8174,0,1,2,0,0,1,0,1,1,1,1,0,1,0,0,1,1,0,1,0,0.12398547073661191,-0.09162286466372542,0
8175,0,1,1,0,0,2,0,0,1,1,0,0,0,0,0,2,1,0,1,1,1.2790363059817857,1.3002255513405094,1
8176,0,0,2,0,0,1,0,0,1,0,0,0,1,0,0,2,2,0,0,0,-0.7442451054641055,-0.7644730879155882,0
8177,1,0,1,0,0,1,0,0,2,0,0,1,0,0,0,1,0,0,1,1,-0.7160345607931463,0.14685145637325073,1
8178,0,1,1,1,0,0,0,0,2,2,0,0,2,0,0,0,1,1,1,1,1.264595155123987,0.630728603211026,0
8179,0,0,0,0,0,1,0,0,0,1,0,1,2,0,1,0,1,2,1,0,0.11951182760335803,-1.808934147410139,0
8180,0,1,2,0,0,1,0,0,2,0,2,1,0,1,1,1,0,0,1,0,0.7487093828140792,-0.41710677600199997,0
8181,0,0,0,0,1,1,1,1,1,1,0,0,1,1,1,1,1,0,1,0,1.07091997414341,1.0177678470000635,1
8182,0,0,1,0,0,2,0,0,2,1,1,0,1,0,0,0,0,1,1,2,0.01690760364733455,-0.9654820417174503,0
8183,0,1,0,0,0,1,0,0,0,1,0,0,0,1,0,1,1,1,1,1,0.9449179773701931,-0.8736789706586467,0
8184,0,0,0,0,0,1,0,0,1,0,0,0,0,0,0,0,0,0,1,2,-0.8203482501732472,-0.9408189423126745,0
8185,0,0,1,0,0,1,1,2,1,0,0,0,0,0,0,0,1,0,2,0,-0.7478953325789017,-1.6075759013285025,0
8186,0,0,0,0,1,0,0,0,2,1,0,1,1,0,0,1,2,0,1,0,-0.4677686719570627,-1.130512803919203,0
8187,0,1,1,1,2,0,1,0,1,0,1,0,2,0,0,2,1,0,0,1,-1.069608940040486,-0.4035196733270252,0
8188,1,1,0,0,0,1,0,0,1,1,0,1,1,0,0,2,2,0,0,1,-1.8481836506647946,-1.7531705388166832,0
8189,0,0,1,0,0,1,0,0,2,1,1,1,1,0,0,0,0,1,1,1,1.881253500360116,0.9951366358683906,0
8190,1,1,1,0,0,2,0,0,1,0,0,1,1,0,0,0,0,1,1,1,0.2792247811171565,-0.10664855007074761,0
8191,0,1,0,1,0,0,0,0,2,2,1,2,1,0,0,1,1,0,1,2,0.22317133107741768,0.7991602731662619,0
8192,0,1,2,0,0,2,1,1,0,0,0,1,0,0,0,0,1,1,0,1,-0.6678395985818246,-1.1400866848718803,0
8193,0,0,1,0,0,1,0,0,1,1,0,2,2,0,0,1,1,0,0,0,0.8558598221144814,0.874315672570091,0
8194,0,0,0,0,1,1,0,0,2,1,0,0,1,0,0,0,2,0,2,1,0.9372655630232147,-0.6729140627728228,1
8195,0,0,0,0,0,2,0,1,1,2,0,0,1,1,0,2,2,2,1,0,-0.2970236682362428,1.2059140959923171,0
8196,0,1,1,0,0,2,0,0,0,0,1,0,0,0,0,1,1,1,0,1,0.2824303112975598,0.45680319033761685,1
8197,1,1,1,0,0,2,0,0,0,0,0,1,1,1,0,1,1,1,1,1,0.7728407951871133,0.4007310311242535,0
8198,0,1,0,0,1,0,0,0,0,1,0,1,1,0,0,0,1,0,0,0,1.0338619049144377,-1.4008695808231968,0
8199,0,0,0,0,2,1,0,0,1,1,0,2,1,1,0,1,1,1,1,0,-0.7338729209992695,-0.6576377209063314,0
8200,0,1,0,0,0,0,0,1,1,1,0,0,0,0,0,2,1,2,2,0,1.4511451819619223,-0.3842354872147463,0
8201,0,0,2,0,1,1,0,0,0,0,1,1,1,0,0,2,1,2,2,2,0.7897671421920818,0.20274540726801216,0
8202,0,0,2,0,0,1,0,1,1,2,1,0,1,1,1,1,1,1,2,1,-1.0459158085076858,-0.5845343167723787,1
8203,0,1,1,0,0,0,1,0,0,0,1,2,0,0,0,1,0,0,1,1,-0.44102928737039854,-0.07630633691994265,1
8204,0,1,1,0,1,2,1,0,1,1,0,1,0,0,0,1,0,0,0,1,-0.03851280105973985,-0.8582570122068348,0
8205,1,0,0,0,0,2,0,1,1,1,0,1,0,0,0,1,1,0,0,0,1.2309568742597712,-0.2744078351631736,0
8206,0,0,0,0,0,0,0,0,1,1,2,1,0,0,0,1,0,0,1,0,-0.21835684256870191,-0.7822815789330555,0
8207,0,0,0,0,1,0,0,0,0,1,0,0,1,0,1,2,2,0,2,1,2.4953176655608598,-0.3402226924275584,0
8208,0,0,0,0,0,1,0,0,2,0,0,1,0,0,1,2,0,1,0,2,-1.3622685605859406,-0.31641158076503384,0
8209,0,0,0,0,0,1,1,0,1,0,0,1,0,0,0,0,1,1,1,1,1.3490346858926894,0.29761358217631473,0
8210,1,0,0,0,0,2,0,0,1,1,1,0,0,0,0,2,1,0,1,1,0.7595857465608388,-0.31699465707334773,0
8211,2,1,1,0,0,0,1,0,1,0,2,1,1,1,0,1,1,0,2,1,0.10144353241678714,-0.7227244994259421,0
8212,1,2,0,0,0,1,1,1,1,0,1,1,1,0,1,1,1,0,2,2,0.2904257263966446,-0.4616417434699678,0
8213,0,0,2,0,0,0,1,0,0,1,0,0,1,1,1,1,1,0,1,1,-0.5688517686184305,0.5072690298134581,1
8214,0,0,0,0,0,1,0,0,0,1,1,0,1,0,1,0,0,0,1,1,0.5238628310521578,-0.3919700828191523,0
8215,0,1,1,0,0,0,0,0,1,0,0,0,1,0,0,0,1,1,0,1,0.07517631725205559,-1.5469465467445458,0
8216,0,1,0,0,0,2,1,0,0,1,1,1,1,0,0,0,1,0,0,2,-0.03161604605893827,0.6337968167020245,0
8217,0,0,1,0,0,1,0,1,2,1,0,1,1,0,0,2,1,0,2,1,-0.4261870366864457,-0.13322472908739275,0
8218,1,0,1,1,0,0,0,0,0,1,0,1,0,0,1,1,0,0,1,0,-0.050907870857779994,1.011819864206597,1
8219,0,2,0,0,0,0,0,0,0,0,0,1,0,0,0,0,2,2,1,1,-0.6240811193672936,-1.7842754142684982,0
8220,0,0,1,0,0,1,0,0,2,0,0,0,2,0,1,1,1,2,0,1,-2.374566662231404,0.664510983105635,1
8221,0,1,0,0,0,0,0,0,2,1,0,0,1,0,0,0,1,0,0,1,-0.03885641364651889,0.32313208698675283,1
8222,0,2,1,0,0,0,0,0,1,2,0,2,1,0,0,0,1,1,2,0,-0.17948887749868878,0.3025622723406642,0
8223,0,1,0,1,1,1,1,0,1,0,0,0,2,0,0,0,1,2,2,0,0.15608147506171743,-0.4232862504237467,1
8224,0,1,1,1,0,1,0,0,2,2,2,2,0,0,1,0,1,0,0,0,-1.7567800229917199,-0.2102852360223011,1
8225,0,0,1,0,0,2,0,0,0,0,2,0,0,1,0,2,0,0,1,0,-0.9558755285155563,-0.3372638861414459,0
8226,1,1,0,0,0,0,0,0,1,0,0,0,2,0,1,0,0,1,0,1,0.9532626054941411,0.771805744991629,1
8227,1,1,1,0,1,0,0,0,1,0,0,0,0,1,0,0,2,1,2,0,0.08967381313179926,0.5704155000655853,0
8228,0,0,1,0,0,2,0,0,1,1,0,0,1,0,1,0,0,0,0,0,0.48988301275505153,1.8186728733927564,0
8229,0,1,0,0,0,1,0,1,0,2,1,1,0,0,0,0,1,0,1,0,-1.2175133861969853,-0.5587741566316158,0
8230,0,1,1,1,0,2,0,0,0,0,0,0,0,0,0,1,1,0,0,0,-0.30869950984966843,1.4606001746109067,0
8231,0,0,0,0,0,0,0,0,1,2,0,1,1,0,0,1,1,1,1,1,-0.5088219345892884,0.18391876211161406,1
8232,0,1,0,0,0,1,0,0,1,0,0,0,2,0,0,0,1,1,0,1,-1.6887869991538733,0.5335106751014527,1
8233,0,1,0,0,0,1,0,1,1,0,0,0,0,1,0,0,1,1,1,0,-0.8420470040818793,-1.8858693345754167,0
8234,1,0,1,0,0,2,0,0,1,1,0,1,0,1,1,0,0,0,0,1,-0.685809260072368,-1.0265494082716373,0
8235,0,1,1,0,0,1,0,0,1,1,0,0,2,1,0,1,1,1,1,2,0.2646526738886889,-1.9433866134077697,0
8236,0,0,1,0,0,1,0,0,1,0,0,0,1,0,0,1,0,1,0,0,1.4921717126930039,2.32996229630106,1
8237,0,1,1,0,0,0,0,0,1,1,1,1,0,0,0,1,1,1,0,1,1.7715526055468955,-0.6682876482355598,0
8238,0,0,1,0,0,1,0,0,1,0,1,0,1,0,0,1,0,0,2,0,-0.2656723514412187,0.060258006917696755,0
8239,0,1,2,0,0,1,1,1,1,1,0,0,1,0,0,1,1,0,1,1,-0.6010321620443264,-0.9811328587568398,1
8240,0,0,1,1,0,0,0,0,0,1,1,0,1,0,1,1,1,0,0,1,1.275252862587275,0.28021513523217867,1
8241,0,1,0,0,0,0,1,0,1,2,1,0,0,1,0,0,0,0,2,1,-0.5522419029142326,0.06521597002593679,0
8242,0,1,0,1,0,1,0,0,1,1,0,0,1,2,0,1,0,0,0,1,1.4698083027662399,1.2023577703442254,0
8243,1,0,0,0,0,2,0,0,1,0,1,0,0,0,0,1,0,1,2,0,-0.7209929115193549,0.12502460411828292,0
8244,0,2,0,0,0,1,0,0,2,1,0,0,0,1,0,2,2,1,1,0,0.9087581589094723,1.2711607408517966,0
8245,0,0,0,0,0,2,0,1,2,0,0,0,1,0,0,1,0,0,1,1,-1.1884910994310447,-1.2640522686269862,0
8246,0,1,1,0,0,2,0,0,1,1,0,0,2,1,1,1,2,0,1,1,-0.013458613861312672,-0.03173623829645801,0
8247,0,0,0,0,0,1,1,0,2,1,0,1,0,1,0,0,0,0,0,1,0.059563141084377165,-2.378856822170318,0
8248,0,0,0,0,0,0,0,0,2,1,1,1,0,0,2,1,0,1,0,1,0.6221397405535618,1.9052775531069792,0
8249,0,0,0,0,0,1,0,0,1,0,0,0,0,0,0,0,1,0,0,1,-2.1425404097962804,-0.3014908121853189,1
8250,0,1,2,0,0,0,1,1,0,1,0,1,0,0,0,0,1,0,2,0,-0.6613817023383353,-0.5998501563829697,1
8251,1,1,0,0,0,1,0,1,1,0,0,1,0,1,0,1,1,0,0,2,1.0693733981221023,1.0902762780451762,0
8252,0,1,1,0,0,0,0,0,2,1,2,1,2,2,0,1,0,1,1,0,-2.352902045463785,-0.3439580512421234,1
8253,0,0,1,0,1,0,1,0,0,0,1,1,2,0,0,0,0,0,1,1,-0.8146064309072664,-1.8048286331147771,1
8254,0,0,1,0,0,1,0,0,0,1,1,0,1,0,0,0,2,1,1,2,0.6417073568327595,0.7234366604653071,0
8255,1,1,2,0,0,1,0,0,1,0,1,1,0,1,0,0,0,1,0,0,0.5035897532938165,-0.20187365760010456,0
8256,0,0,0,0,2,0,0,0,1,1,1,0,1,1,1,1,0,1,1,1,-1.0014011207401605,-0.2899261518246422,0
8257,0,0,2,0,0,2,0,1,1,1,0,1,1,0,0,2,1,1,1,2,1.2561089867379227,1.3233657789468638,1
8258,0,1,0,0,1,0,0,1,2,2,0,1,1,0,0,1,0,0,2,1,1.3430582762714864,2.268998374403731,1
8259,1,0,2,0,0,1,0,1,1,1,0,1,1,0,0,1,2,0,1,1,1.6767531897244623,-0.12981528626240912,1
8260,0,1,1,0,0,1,1,1,1,0,0,1,0,1,1,1,1,1,0,1,0.8568418013419067,-0.06734606236051799,0
8261,0,0,1,0,0,1,0,0,1,1,0,0,1,0,0,2,0,0,1,2,-0.8177612109772052,1.3444131677402245,0
8262,0,1,1,1,0,2,0,0,0,1,0,1,0,2,0,1,1,0,1,0,0.30328408434757653,0.7957432497262446,0
8263,0,0,1,0,2,0,0,0,0,0,0,1,1,1,0,0,0,0,2,2,-1.3612344832716445,-0.020827078754156347,0
8264,0,0,0,0,1,2,2,0,1,1,1,0,2,1,1,0,1,0,0,1,0.6637831115883547,-0.5680526118623219,1
8265,0,1,0,0,0,2,0,0,1,0,0,2,0,0,0,0,1,1,1,1,-0.6612807187077663,1.2055296490599914,0
8266,1,1,0,0,1,1,0,0,0,1,1,1,0,0,0,0,0,1,2,0,-2.156275894596961,-1.2868791403799993,0
8267,1,1,2,0,0,2,1,0,1,0,1,2,1,0,0,0,0,0,0,1,0.9855327685468729,-1.5923743173724145,1
8268,0,2,0,1,0,1,0,0,1,0,2,0,1,1,0,2,1,0,1,0,-0.027845450701779975,-2.13641996605649,0
8269,0,0,2,0,0,1,0,0,2,2,0,0,0,0,1,1,1,0,1,2,-1.3450593953086523,0.5395967269568421,0
8270,0,1,0,0,1,1,0,1,0,0,0,0,1,1,0,0,1,0,0,0,-0.8206654080248481,0.407621331932038,1
8271,1,1,1,0,0,1,0,0,1,2,0,2,0,0,0,1,1,0,1,0,1.0794290770405008,0.480854485048317,1
8272,0,0,0,0,1,0,0,0,0,1,0,0,1,1,1,1,1,1,0,0,0.42211504836911085,0.18768263058660328,0
8273,0,0,2,0,0,1,0,0,0,0,1,1,0,0,1,1,1,0,0,0,0.259145538319982,0.6397487765316899,0
8274,0,0,1,0,0,0,0,0,0,1,1,0,1,0,0,1,1,0,1,0,0.8776368307241061,-0.4607971455894275,0
8275,0,0,2,0,0,1,0,0,0,1,0,0,0,1,0,0,1,2,2,0,-1.7788910939925837,-1.136843214743871,0
8276,0,0,0,0,1,2,0,0,1,1,0,1,0,0,0,1,1,1,1,1,-0.17787891970334263,-0.11029337863442024,0
8277,0,0,0,0,0,2,0,0,1,2,0,1,1,0,0,1,0,0,1,0,-0.1861412884758441,-0.26814069943250635,0
8278,0,1,2,0,0,1,0,0,2,1,0,0,0,2,0,1,0,0,0,0,-0.6995371241711495,-1.4537026870368088,0
8279,0,1,1,0,0,1,0,0,1,1,1,0,0,0,0,1,0,1,0,1,-0.5732382982172614,-0.12568901161093032,0
8280,0,0,0,0,0,1,0,0,1,1,2,1,2,0,0,2,1,0,0,0,0.4666807320172995,0.2047533909633275,0
8281,0,1,2,0,2,1,0,0,2,0,0,0,0,0,0,1,0,0,0,1,-0.7198306067177934,-0.3757077291419318,0
8282,0,0,2,0,1,1,0,0,2,0,0,1,1,0,0,0,0,0,1,2,-1.8966981931534612,-0.2750549383053349,0
8283,0,0,2,0,0,2,0,0,1,2,0,1,1,0,0,0,0,1,2,1,-1.5476232468131308,0.13270841178836995,0
8284,0,0,1,0,0,1,0,1,1,0,0,1,2,1,0,1,0,0,0,1,1.183191834462033,0.47863511383126156,0
8285,0,0,0,0,0,1,1,1,1,1,2,1,0,0,0,2,1,1,0,0,-0.13116347145394305,0.4036728051331867,0
8286,1,1,0,0,2,2,0,0,2,0,1,2,1,1,0,0,0,1,0,1,0.7975193302094697,0.8757011332047298,0
8287,0,0,0,0,0,1,0,0,2,1,0,0,1,0,0,0,0,0,1,1,1.1677883785905734,-0.13523807867932092,0
8288,0,0,1,0,1,0,0,0,0,1,1,0,0,1,0,0,1,1,2,1,-0.6128470813810851,-0.5147674903342142,0
8289,0,0,0,0,0,0,1,0,1,1,1,0,2,0,0,0,1,1,1,0,0.8318164019360732,-0.025953684777665076,1
8290,0,1,0,0,0,0,0,0,2,1,0,2,0,1,0,1,2,1,1,2,1.1280459991617293,-0.25645395682966987,1
8291,0,1,2,0,0,0,1,0,1,1,1,2,0,1,0,1,1,0,1,1,0.07769446162495112,0.5465941045617636,1
8292,0,1,0,0,0,1,0,1,2,0,1,0,1,0,0,1,0,1,0,0,-0.8961252186809004,-0.7361969698827157,0
8293,0,1,1,0,1,1,0,0,0,0,0,0,1,0,1,1,1,0,0,1,0.9248267045597195,-0.3990218884515324,0
8294,0,2,1,0,0,1,0,0,0,1,0,2,1,1,0,0,0,2,1,2,-0.36595961019254486,-1.4857624892187846,0
8295,0,0,1,0,0,0,0,0,0,1,0,0,1,0,0,1,0,0,0,0,0.683664641611541,1.2068508039742527,0
8296,1,1,1,0,0,2,1,0,2,0,0,2,1,0,0,1,1,1,2,0,-0.11808252224885087,-0.16212243718833005,0
8297,1,0,1,0,0,1,0,0,1,1,0,0,0,0,0,0,0,0,1,0,1.8988688724487974,-0.20883261091334449,1
8298,0,1,0,0,0,1,0,0,1,1,1,0,0,1,0,1,0,0,1,0,1.1356258500815837,-0.24309184785077936,0
8299,0,0,1,0,0,0,0,0,0,1,0,2,0,0,1,1,0,0,1,0,0.0008618650376893523,-0.08368535978002445,0
8300,0,0,0,0,1,0,0,0,1,1,0,0,1,1,0,2,0,1,0,1,-1.554950388250471,-0.17959098394398737,1
8301,1,0,2,0,1,1,0,0,0,0,1,0,0,0,0,2,0,0,0,2,-2.4806545041894665,-3.021132943755468,0
8302,0,0,1,0,0,0,0,0,2,1,1,0,2,1,0,1,2,0,0,1,-0.4700140858140299,-0.5946176973551539,0
8303,0,0,1,0,0,1,1,0,0,1,1,0,0,0,0,1,1,0,1,2,2.2855775195668406,1.383701006964535,1
8304,1,0,0,0,1,2,0,0,1,0,1,0,2,0,1,0,1,2,0,0,-2.193846847330482,-3.5392839929474404,0
8305,0,0,0,0,1,1,0,0,1,0,0,1,1,1,0,2,0,0,0,1,-0.22559746817709828,-0.924352791646783,0
8306,0,0,1,0,1,0,0,1,0,0,0,1,0,0,0,2,1,1,0,0,0.36989278929892966,2.9541273436568405,1
8307,0,2,0,0,0,0,0,0,0,0,0,1,0,0,0,1,0,0,2,1,-1.8388000452841773,-0.5550023743542802,1
8308,0,1,0,0,0,1,1,0,1,2,0,2,0,0,1,0,0,1,0,1,0.7055124351724582,-1.1229239784831961,0
8309,0,0,1,1,0,1,0,0,2,2,0,1,0,1,0,0,0,0,1,0,-0.4069674290658143,0.6368662716994014,0
8310,1,0,0,1,1,1,0,0,0,0,2,1,0,0,0,0,0,1,1,1,-0.26733399494548915,-1.4623258946220752,0
8311,0,1,1,0,0,0,0,0,1,1,0,1,1,1,1,1,1,2,0,0,-1.3909412535183074,-0.9094874234912529,0
8312,0,0,0,0,0,2,0,1,0,0,0,0,0,0,0,0,0,0,0,1,-0.13749278741809612,1.7054873531132437,0
8313,0,0,1,0,0,0,0,1,1,0,2,0,1,0,0,2,0,0,1,1,0.35165149354894537,-0.8010890133376666,0
8314,0,0,0,0,0,1,0,1,1,2,1,1,2,0,0,1,0,0,1,1,0.24802752175505496,1.0605534181709357,0
8315,2,0,1,0,0,2,0,0,2,1,0,1,0,1,0,1,1,1,0,0,-0.5153470432051556,-0.36420829026894097,0
8316,1,1,1,0,0,1,1,0,1,0,0,1,0,0,0,0,0,1,1,0,0.49281685021051636,0.21725706868193145,0
8317,0,0,1,0,0,0,0,0,1,2,1,0,1,0,0,0,1,0,0,1,-0.34651921984521394,0.7312694325226385,0
8318,0,0,1,0,0,1,0,0,1,1,1,0,0,1,0,1,0,1,1,0,-0.2404058034402206,-1.4441817150027487,0
8319,0,1,0,0,0,1,0,0,0,1,0,0,1,0,0,2,1,1,0,1,-0.2810481133075763,-0.2385330330837484,1
8320,0,1,2,0,0,1,0,0,0,0,1,1,1,0,0,0,1,0,2,1,0.35693465934238156,0.356088076768013,1
8321,0,1,0,0,0,1,0,0,0,1,0,0,0,0,0,1,1,0,0,0,-0.43474937452858714,-0.7784758025953002,1
8322,1,0,0,0,0,2,0,0,1,0,1,1,2,1,0,1,1,0,0,1,0.821579809884606,0.8984341597219742,0
8323,0,1,1,0,0,2,0,0,2,2,0,1,1,1,0,2,1,1,1,0,0.6787243975948213,0.7582586017181837,0
8324,0,1,0,0,0,0,0,1,2,1,0,0,2,0,0,1,1,1,0,1,1.8540287565157663,0.727828883795507,1
8325,0,0,0,1,0,0,1,0,0,1,0,0,1,1,0,2,0,1,2,1,-0.4577142506850053,0.4556581399086597,0
8326,0,0,2,0,0,1,0,0,0,0,1,0,0,0,0,0,0,0,1,1,0.8984220231029347,1.308772380159637,1
8327,1,1,2,0,0,0,0,0,1,0,1,1,0,1,0,0,1,0,1,1,-0.8699292942597002,-0.9165595912494982,1
8328,0,0,0,0,0,2,0,0,0,1,1,0,1,2,0,0,0,1,1,1,0.45890383992798156,0.6120873388391428,1
8329,0,0,0,1,1,1,0,0,1,0,0,1,1,0,0,0,0,2,1,1,0.9537097743199134,2.5853302446062165,1
8330,0,1,1,0,0,1,1,0,1,0,0,0,1,0,0,0,1,0,2,0,0.9923434053692152,-1.4511582572217265,0
8331,0,0,0,0,0,2,0,1,0,2,1,0,1,1,0,1,1,1,2,1,-0.24287755861288637,1.5848566050300987,1
8332,0,0,0,0,0,1,0,0,2,0,0,0,1,0,0,1,0,0,0,0,0.9981148623712813,0.023747441605964537,1
8333,0,2,0,0,0,1,0,0,2,0,0,0,0,0,0,1,0,0,2,1,0.557780125304144,-0.7964444256907208,0
8334,0,2,0,1,0,2,0,1,1,1,1,1,1,0,1,1,0,0,1,1,0.06979048220697633,-0.49001686246912907,1
8335,0,1,0,0,0,2,0,0,0,0,1,1,1,0,0,0,0,0,1,1,-0.371559910937823,-1.106032428534641,0
8336,0,0,1,0,0,2,0,0,2,0,1,1,1,0,1,1,2,2,1,0,1.1491775821190915,0.12490620915082076,0
8337,0,0,1,1,0,2,1,0,2,0,0,0,0,0,0,2,1,1,1,1,-0.8558279671522401,-0.5494626805350411,0
8338,0,0,1,1,0,1,0,0,2,0,0,1,0,0,1,0,0,2,1,1,-0.6224482901563568,0.17051566851156344,0
8339,0,1,1,0,1,1,1,0,2,1,0,0,0,1,0,1,2,0,1,1,0.8129672059434744,-0.4992043686101081,0
8340,0,1,0,0,0,0,0,0,1,0,1,0,1,0,0,0,1,1,2,1,0.3114155558930717,-0.7817920209231823,0
8341,0,0,1,1,0,1,0,0,1,1,1,0,2,1,0,1,0,1,1,0,0.3236533293778536,0.5486413306304193,0
8342,0,0,1,0,0,0,0,1,0,1,0,1,2,0,0,1,1,0,1,1,0.655629750127411,-0.5365207247352806,1
8343,0,0,0,0,0,0,0,0,2,2,0,0,1,0,0,1,0,1,0,0,-1.3281053994251841,-1.5353930840270928,1
8344,0,1,1,0,0,1,0,0,1,2,0,0,0,0,0,0,1,1,0,0,-1.1848068546189277,-0.21780306309676833,0
8345,0,0,1,0,0,0,0,0,0,2,0,0,1,0,0,1,0,0,1,1,0.23108627886004998,-0.3889176565878252,0
8346,0,0,1,0,0,2,0,0,2,0,0,0,0,1,1,1,1,0,0,0,1.2244779719249987,0.23155463153043548,0
8347,1,2,1,0,0,1,0,0,1,0,0,1,0,1,2,1,0,1,1,0,1.8968416024780506,-0.41638319277744884,0
8348,0,0,1,0,0,1,0,0,0,1,0,1,1,0,0,2,2,1,2,0,1.6493917536405316,2.5806632634034536,1
8349,0,0,1,0,1,0,1,0,1,2,2,0,0,0,0,1,2,1,1,1,1.0825309735704314,1.8539055437138892,0
8350,0,0,1,1,0,1,0,1,1,0,1,1,2,0,1,0,2,1,1,0,0.608369765983486,1.5975928610200842,1
8351,0,0,0,0,0,0,0,0,1,0,0,2,1,0,0,1,0,2,1,0,-0.8535166858220671,-0.020124223516777118,0
8352,0,1,0,1,0,0,0,1,1,1,1,1,1,1,0,1,2,2,1,0,0.9499261441109478,-0.25880632007978455,0
8353,0,0,0,0,0,1,0,1,1,0,0,0,1,0,1,1,0,0,1,0,0.2526026247958722,-0.5153864335918277,0
8354,0,1,1,0,1,1,0,0,0,1,0,1,1,2,0,1,0,1,0,1,0.16354298221977384,0.18178869456196223,1
8355,0,1,0,0,0,0,0,1,2,1,0,0,1,2,0,1,1,1,1,0,1.1994047122856502,1.8038348345214985,1
8356,0,0,2,0,0,2,0,0,2,1,0,0,0,0,0,0,2,0,0,0,-0.0895391515486843,0.9096688335292744,0
8357,0,0,2,0,0,0,0,0,0,0,1,1,2,0,0,1,1,1,1,1,-1.5187679593678087,-1.9278772687763888,1
8358,0,2,0,0,0,1,0,0,1,1,1,2,0,1,0,1,0,1,1,1,0.3456037232825183,-0.289180639425773,0
8359,0,1,0,0,0,2,0,0,2,1,0,1,0,0,0,0,1,0,0,1,-0.5797787241513349,-0.6135962048709007,0
8360,0,0,1,0,0,1,0,0,2,1,0,1,0,0,0,0,2,0,0,1,0.9900999762531042,0.5383657962514972,0
8361,1,1,1,0,0,1,0,0,0,1,1,0,1,0,0,0,0,1,0,0,-0.3275170956439765,-1.1145251774514735,0
8362,0,0,0,0,0,0,0,1,0,0,0,0,1,1,1,1,1,0,2,0,-0.8550831404490369,0.3753133409195826,0
8363,1,0,2,0,0,0,0,0,1,2,0,0,2,0,0,2,1,0,0,1,1.0220796526358662,0.021608422063271626,0
8364,0,0,0,0,0,2,0,1,1,0,0,1,0,0,1,1,1,0,0,1,-0.13697154124627003,1.0009704782985887,0
8365,0,0,1,0,1,1,0,1,0,0,2,0,0,1,0,0,1,1,2,0,0.029834310033819884,-0.7927579943315177,0
8366,0,0,1,0,0,0,1,1,1,0,0,1,1,0,1,1,1,0,1,0,-0.2747911403737862,-0.21265295868127693,1
8367,1,1,0,0,1,0,0,0,1,0,0,0,0,1,0,0,1,0,1,2,-0.6307588827147157,-0.6855289690184381,1
8368,0,1,1,0,0,1,0,0,0,0,2,1,0,2,0,1,1,0,1,0,1.0645136994124558,0.8461658306253017,1
8369,0,1,0,0,0,0,0,1,1,1,0,0,0,0,0,1,1,1,1,1,-0.1313047800499949,-0.2930384539890031,0
8370,0,0,0,0,0,1,1,0,1,1,2,0,1,0,0,0,1,0,1,1,0.08256934393946885,-0.4156916515566233,0
8371,0,0,0,0,1,0,0,0,1,1,0,0,0,2,1,0,0,1,0,2,-0.5545379919538823,-1.2066984588392997,0
8372,0,0,0,0,0,0,0,0,0,1,0,0,1,0,0,2,1,2,0,1,0.6932208315721771,0.8110965793483751,0
8373,1,1,2,0,0,1,0,0,0,0,0,1,1,0,0,0,2,1,0,1,-0.5652652577915572,-1.8354034231558591,0
8374,0,1,0,0,0,2,0,1,1,1,1,0,0,0,0,2,1,1,1,1,1.7957044815275915,1.0653454134503266,0
8375,0,1,0,0,0,1,0,0,1,0,0,1,0,1,0,2,1,1,1,1,0.5534257403906583,-0.3487876900320377,0
8376,1,0,0,0,0,2,0,0,1,1,0,0,1,0,0,1,0,0,2,0,1.301383298552375,0.9868001879722532,0
8377,0,0,0,0,1,2,0,0,2,1,1,1,0,0,1,1,0,1,2,1,1.6758327719335147,-0.4378198089707397,1
8378,0,1,0,0,0,1,0,0,0,1,0,1,0,1,0,0,1,1,1,0,-0.7214720179144134,0.5392471724536662,0
8379,0,0,1,0,0,2,0,1,1,0,0,0,0,0,0,0,1,1,0,1,-0.32039766295715344,-0.758506748374777,1
8380,0,0,1,0,1,0,0,1,2,0,1,1,1,1,0,1,1,0,1,1,-0.06805113225238761,-0.6468220103820028,0
8381,0,1,2,1,1,1,0,0,1,0,0,0,0,1,1,0,0,1,1,0,-1.4102471015194569,-1.6130271351998777,1
8382,0,1,0,0,0,1,0,0,1,1,1,0,0,0,0,0,0,0,2,0,1.3363802346428997,0.05080621557826642,1
8383,0,1,1,0,0,0,0,0,0,1,0,1,0,0,0,0,2,0,1,0,0.2455261451024786,0.2769576461572526,1
8384,1,0,1,0,0,2,0,0,0,1,0,0,2,0,0,0,2,1,1,0,-0.4084065980277422,-0.9078850470378321,0
8385,0,1,0,0,1,2,0,0,1,1,1,0,1,1,0,1,1,0,1,1,1.64221095953599,1.0977555293265475,1
8386,0,0,1,0,1,0,0,0,1,0,0,0,0,0,0,1,1,1,0,1,0.12141609213509078,-0.10022195445144592,0
8387,0,1,0,0,0,1,0,0,1,2,0,0,0,0,1,0,1,0,1,1,-0.7271612693760604,-1.4719503261815865,0
8388,0,0,1,1,0,1,0,0,0,0,0,1,0,0,0,1,2,0,1,0,-0.685955191091013,-0.835715806130982,0
8389,1,1,0,0,1,0,0,0,0,0,0,1,0,0,0,1,1,2,0,1,0.744011627421639,1.5042484336009068,0
8390,0,1,1,0,0,2,0,0,1,0,0,1,1,0,0,1,2,0,0,0,-0.8299879566112842,-0.6418800173996009,0
8391,1,1,1,1,0,1,0,0,1,0,0,0,0,0,0,0,0,0,0,0,-0.56482261941215,-0.8460952061774735,0
8392,0,0,0,0,0,0,0,1,0,2,0,1,1,1,0,1,1,0,2,0,0.3549622964059664,0.29125906384470246,0
8393,0,0,0,0,0,1,0,0,2,1,0,0,1,0,0,2,2,0,0,0,1.1972005400012393,1.7645546326700612,1
8394,0,1,2,0,0,1,1,1,1,0,1,1,0,0,0,2,1,0,0,1,-0.29771602547282117,-0.20962861557801124,0
8395,0,1,1,0,0,1,0,1,2,0,0,0,2,0,1,0,0,0,0,0,0.5601813955822068,1.7212877370385682,0
8396,0,0,1,0,0,2,0,0,1,0,1,0,2,1,0,1,1,1,1,0,0.1639390005984834,0.9671565613026568,0
8397,0,1,0,0,1,1,0,0,1,2,0,1,2,1,1,1,1,1,1,1,-1.774211622241287,1.602849190790737,1
8398,0,1,1,0,0,0,0,0,1,1,1,1,0,0,0,0,0,1,0,0,0.6933997970456833,1.0198098315662505,0
8399,1,1,0,0,0,2,0,0,1,1,0,1,0,1,0,0,0,1,1,1,-1.1209928325500886,-0.2106525636552976,1
8400,0,1,0,0,1,2,1,0,0,0,0,0,0,0,0,1,0,1,2,2,-0.3414556606759675,-1.1501094543866963,1
8401,0,1,0,0,0,1,1,1,0,2,0,0,0,0,1,0,2,1,1,0,0.3425054360074541,-0.12391862585654936,0
8402,0,1,2,0,0,0,0,1,1,1,1,0,1,0,0,0,1,1,1,2,-2.0707367583940055,-1.582732074919071,0
8403,1,0,1,0,1,1,1,0,1,0,0,1,0,1,0,1,2,0,0,0,-0.9938578320271789,-0.7203302888414342,0
8404,1,1,1,0,0,2,1,0,2,2,0,1,1,0,0,0,1,0,2,0,-1.486951731659789,-0.0904797073776199,0
8405,0,1,1,0,0,2,0,1,1,1,0,0,0,0,0,0,2,1,1,1,0.7152985596343495,0.1565586748650168,0
8406,0,1,2,0,0,2,0,0,1,0,2,1,1,0,0,1,2,2,1,1,-0.6249184581795382,-1.2802426378735607,1
8407,1,0,0,1,0,0,0,0,1,0,0,0,1,0,0,1,0,0,0,0,0.7733708496082007,2.57511313043324,1
8408,0,0,1,0,0,1,0,1,1,1,1,2,0,0,0,0,0,0,1,1,-0.8896699758696365,-1.4598982546831074,0
8409,0,0,0,0,0,1,0,0,2,1,0,1,0,0,1,1,0,1,0,1,1.1032846818280593,0.5593258193568045,1
8410,0,1,0,0,0,0,0,0,2,1,1,2,0,0,0,0,1,1,1,0,0.9380801225247694,0.9170920447549338,1
8411,0,1,1,0,0,1,0,0,1,0,0,2,1,0,0,1,0,0,1,0,-0.023532848223097612,0.9711988379400701,0
8412,1,0,0,0,0,0,0,0,0,1,0,0,1,1,0,0,1,2,1,1,0.9455569164379671,0.5667746946074912,0
8413,0,0,1,0,1,0,0,0,1,2,0,1,0,0,0,1,1,0,1,1,-0.5771311846082376,-2.0275390300987812,0
8414,1,0,0,0,1,1,1,0,1,0,0,1,0,0,0,1,1,0,1,0,-0.08026217605867676,-0.34514504248324124,0
8415,0,1,0,0,0,1,0,0,0,0,2,0,2,0,0,1,2,0,0,0,-0.07502483815648632,-1.1168297571009886,0
8416,0,0,0,0,0,1,0,1,0,1,2,2,1,1,0,0,2,1,0,0,-0.1703257102533915,-1.5529262612040413,0
8417,0,0,1,0,0,2,0,1,1,1,0,0,1,1,0,1,0,1,0,1,-0.2230053628223711,1.2025254741349698,1
8418,0,0,1,0,0,0,0,0,2,1,1,1,0,0,0,1,2,1,1,0,0.4032981780744694,0.7168599729892664,0
8419,0,1,0,0,1,1,0,1,1,2,0,1,2,1,0,0,0,0,0,0,-0.4109963071713612,-1.1505731563426724,0
8420,0,0,2,0,0,1,0,0,0,0,0,1,1,0,0,1,0,2,2,1,0.4320126950054351,-0.3693779994194555,0
8421,0,2,0,1,1,2,0,0,0,2,2,2,0,0,1,0,1,1,0,0,-0.414227257362712,0.20167169214121772,0
8422,0,1,1,0,0,1,0,0,1,1,0,0,1,1,0,0,0,0,1,0,-0.8963883156282485,-0.41276159459874756,1
8423,0,1,1,0,1,1,0,1,1,1,0,0,1,0,0,1,1,1,0,1,-0.5035300122955253,-1.0690836859879727,1
8424,0,0,0,0,1,1,0,0,0,1,0,0,0,0,0,1,0,1,0,0,-0.020110673727435965,0.37764861780592773,0
8425,1,0,0,0,0,2,0,0,2,0,1,1,0,0,0,2,0,1,2,1,-0.3487777711657257,-0.6162765876735014,0
8426,0,1,1,0,0,1,0,1,0,0,0,1,0,0,0,1,2,0,1,1,0.7618211651377658,0.868846618612676,0
8427,0,1,1,0,0,1,0,0,1,0,0,1,1,0,0,1,2,0,2,0,0.5523706762888018,1.8010720846548156,0
8428,0,1,0,0,1,1,0,0,2,1,1,2,1,0,0,0,0,0,0,2,0.1734360162986699,1.7220124246529425,0
8429,0,1,0,0,0,1,0,1,2,0,1,1,1,2,0,0,2,0,0,0,-1.895843493625106,-0.989959526498052,0
8430,0,1,1,0,0,0,0,0,1,0,0,0,1,0,1,1,2,1,1,1,-0.7202333050602983,0.4726031544361582,0
8431,1,0,0,0,1,2,0,1,1,0,0,0,1,0,0,0,0,0,2,1,0.3303379810418595,-0.7516787631516506,0
8432,1,0,0,0,0,1,0,0,2,0,0,0,1,0,0,1,1,1,1,1,-0.021511393341722668,0.27277998675805837,0
8433,0,2,1,0,0,2,0,0,0,0,0,0,0,0,0,1,1,0,1,0,-0.8255207695493174,0.0853150871653281,0
8434,0,0,1,0,0,1,0,0,1,0,1,0,1,0,2,1,0,0,1,0,2.089301624223006,0.9483483696496018,0
8435,0,1,0,0,0,0,0,0,0,0,1,1,0,1,0,1,1,0,0,0,1.993606997376352,0.21032158930110825,1
8436,1,1,0,0,0,1,0,1,0,1,0,0,1,1,0,2,1,1,0,1,0.4923580383813068,1.7688061133977797,1
8437,0,0,1,0,1,2,0,0,1,0,1,1,0,0,0,1,0,1,1,0,0.17807243596177466,0.18861357416865068,0
8438,0,1,1,0,0,1,0,0,1,0,0,0,0,0,0,1,1,1,1,0,-0.3589969677144394,0.3105064440611872,1
8439,0,0,1,0,0,1,1,0,0,1,1,0,0,1,0,1,0,0,0,1,-0.5185729063745609,-0.2025260054704624,0
8440,0,0,0,0,0,1,0,0,1,1,1,0,1,1,0,1,1,1,2,2,-0.9952821243989156,-0.7130766633239842,0
8441,0,0,0,1,0,1,0,0,2,0,0,0,1,0,1,1,1,1,1,2,-0.6961948807531071,0.3099552945964221,0
8442,0,0,1,0,2,2,0,0,1,0,1,1,1,1,0,0,0,0,1,0,-0.7713289646664659,0.4549925832768791,0
8443,0,1,1,0,0,0,0,0,0,0,1,1,1,0,0,1,1,0,1,0,-0.2735103049787702,-1.2183463184716148,0
8444,0,0,1,0,1,0,0,0,0,2,1,1,1,1,0,2,0,1,2,0,-0.9320701578486953,-1.216948532697728,0
8445,0,0,0,1,0,1,1,0,1,0,1,0,0,1,2,1,0,1,1,1,-2.2845261518125373,-1.0370675667892297,1
8446,0,1,0,1,0,2,0,0,2,1,0,1,0,0,0,2,1,0,0,0,0.5045440078646287,2.1847159300730516,1
8447,0,1,0,0,0,2,0,0,1,0,0,0,0,0,1,2,0,0,1,2,-1.2789251815873421,0.4423453173298256,0
8448,0,0,1,0,0,2,0,0,1,0,1,0,0,0,0,1,1,0,2,0,-0.9582374473539641,-0.5555285681606865,0
8449,1,1,0,0,0,1,1,0,1,1,0,0,0,0,0,1,1,0,2,0,-1.0811980599452675,-0.19168643290737347,0
8450,0,0,0,0,0,1,0,0,1,0,2,0,0,0,0,1,1,0,0,1,-0.2030408386144539,-0.2394125092511746,1
8451,0,0,1,0,0,0,0,0,0,0,0,0,2,0,0,0,0,1,0,2,-0.3479385658140858,0.44300092858619006,0
8452,0,0,1,1,0,2,0,0,0,1,0,0,1,1,0,1,1,0,1,2,-0.030969498565783606,0.21787828281625166,0
8453,0,0,0,0,0,0,0,0,2,0,0,0,2,0,1,2,0,0,0,2,-1.4778135985962897,-0.7530609064684315,0
8454,0,1,1,1,0,0,0,1,1,2,0,1,1,1,1,1,1,1,1,0,-0.16178106217689384,-0.7891844045482852,1
8455,0,0,0,0,0,1,0,1,0,0,1,0,1,0,0,0,2,1,1,1,0.4736209916814884,-1.0934130058933693,0
8456,1,0,0,1,0,1,1,2,0,2,1,1,1,0,0,2,1,0,2,1,0.2706420879171534,-0.39558796321404177,0
8457,1,1,1,1,0,1,1,0,2,0,0,1,1,0,0,1,1,0,0,0,-0.13808566768891442,-0.9671649950767371,0
8458,1,1,0,0,0,0,0,0,2,0,0,1,1,0,0,0,0,1,1,1,-0.9744947942400635,-0.4825960999915236,0
8459,0,1,0,0,0,1,0,1,0,0,0,1,0,0,0,1,2,0,0,1,-0.6515548346792506,-0.45489996554737905,1
8460,1,0,0,0,0,0,0,1,0,2,1,0,2,1,0,1,0,1,1,0,0.24992154538265993,-0.6992936562936922,0
8461,0,0,1,0,1,1,0,0,1,0,1,1,1,0,0,1,0,0,0,0,0.17271801054362718,-1.5929283991025471,0
8462,0,1,1,0,0,2,0,0,0,0,0,1,1,0,0,1,1,1,0,1,-0.42179988000499136,0.453377740227762,0
8463,0,0,0,0,1,0,0,0,2,0,0,0,0,0,1,0,0,1,1,1,1.4316178865690976,0.10220065635355047,0
8464,1,1,1,0,0,1,0,1,0,0,0,0,1,0,0,1,0,0,2,1,0.4222743353019255,0.39574550381651874,0
8465,0,0,1,0,1,1,0,1,1,1,0,1,2,1,0,1,1,1,1,0,0.9522343436001468,0.6314817880672537,0
8466,0,0,2,1,1,1,0,0,0,2,0,0,1,0,0,1,0,0,1,1,-0.7612930949900897,1.1661247781716677,0
8467,1,2,1,0,0,1,0,0,1,1,1,1,1,0,0,1,0,0,2,0,1.56848688304339,0.7276291382143993,1
8468,0,1,0,0,0,0,1,0,1,1,0,0,0,0,0,1,0,1,0,0,-0.6908719254684925,-0.06136810288585076,1
8469,0,0,0,0,0,1,0,1,2,1,1,0,1,0,0,1,0,0,2,1,0.40996204976221734,-0.2566271575086459,1
8470,0,0,1,0,0,1,0,0,0,0,1,1,1,1,0,0,1,2,2,0,-0.5683245710730406,-0.40556908349106496,1
8471,1,2,0,0,0,2,0,0,1,0,0,1,0,1,0,1,0,2,1,2,0.5043559308230401,0.9028473646745103,0
8472,0,0,0,0,0,1,0,0,1,1,1,0,1,0,0,0,0,1,0,1,0.4264290377019692,0.9120447615757467,1
8473,0,1,0,1,2,0,0,0,2,0,0,1,0,0,1,1,0,0,0,0,0.035108160287606764,-0.9531639835516752,0
8474,0,0,2,0,0,0,0,1,1,0,0,1,1,0,0,1,0,1,1,1,-0.39237368084973057,0.0752427083067891,0
8475,0,0,0,0,0,0,0,0,1,1,0,1,1,0,0,1,0,0,1,1,0.6103979270107543,1.378637131538146,0
8476,1,0,1,0,1,0,0,1,2,0,1,0,0,0,0,1,1,0,0,0,-0.858454158505341,-1.8093802709586786,0
8477,1,0,1,0,0,1,0,0,2,0,0,0,0,1,0,0,2,2,1,2,0.7925104167968401,1.4842883482382174,0
8478,0,0,1,0,0,0,0,0,2,0,1,1,0,1,0,0,2,1,0,1,0.0023693248244463228,0.44712137307137,1
8479,0,0,2,0,0,2,0,0,2,0,1,1,1,0,1,0,0,1,0,1,-0.9879317615341457,-0.8128908657333371,1
8480,0,1,1,0,0,2,0,0,0,0,1,2,1,0,0,1,1,1,0,0,0.13441954576970813,-1.7074156810341912,0
8481,0,0,0,0,0,1,0,0,2,1,1,0,2,0,0,0,1,0,1,0,-0.39953414197636866,-0.9355621942306193,0
8482,0,0,2,0,0,2,0,1,1,1,0,0,1,1,0,1,1,1,1,0,-1.478548139893871,1.1390159727793452,0
8483,0,0,2,0,1,1,0,0,2,0,0,0,0,0,1,1,1,0,2,0,-0.2555029222937999,1.5190446435848874,1
8484,0,0,1,0,0,0,0,0,0,0,1,0,1,0,0,0,1,1,1,0,-1.5962452451825162,-2.541673092957792,1
8485,0,0,1,0,1,1,1,0,0,1,0,0,2,0,0,1,1,1,0,0,1.4677340280418605,-0.3439161649379866,1
8486,0,0,1,0,0,0,0,0,2,1,2,1,0,0,0,1,1,1,1,0,-0.03736887688232289,-0.044238289952397813,0
8487,0,1,1,0,0,1,0,0,2,0,0,1,0,1,0,0,2,2,0,0,-1.0990685483726415,-0.645756952895357,1
8488,0,1,0,0,0,1,0,0,1,0,0,1,0,0,0,1,0,2,0,0,-0.053664835317801224,-0.32290578276810433,0
8489,0,0,0,1,1,0,0,0,1,1,2,2,0,0,0,0,1,0,0,0,0.24270000556150692,0.7309333803902651,1
8490,0,1,0,0,0,1,0,0,1,1,0,0,1,0,0,1,1,1,1,2,1.6882374351967186,0.9700434929459237,1
8491,0,0,1,0,0,0,0,0,2,1,0,0,1,0,0,0,2,1,0,1,1.9577663934432346,0.43252753694860785,1
8492,0,1,0,1,0,1,1,0,1,1,0,0,1,0,1,0,1,0,1,0,1.0213428105080933,0.029764514306153678,0
8493,0,0,1,0,1,1,1,0,0,0,0,1,2,0,0,1,0,0,1,1,0.019345102932347185,-1.5681555816143176,0
8494,0,0,0,0,0,0,0,0,1,1,1,0,1,2,0,1,1,1,1,0,0.5855934800847241,0.8122417941213093,0
8495,0,0,1,0,0,2,0,1,1,0,1,1,1,0,1,0,1,1,0,1,0.413922068785005,-0.1335977255928112,0
8496,0,1,0,0,0,2,1,0,2,2,1,1,2,0,1,1,2,1,1,0,-0.4452064797986493,-0.036084715725160144,0
8497,1,0,0,0,1,2,0,0,0,1,1,0,0,1,0,1,2,1,1,1,0.31738719911944474,1.0345988469337855,0
8498,0,1,1,0,0,0,0,1,1,1,0,0,0,0,2,0,1,1,0,2,-0.020800878064755862,1.0836949949065493,1
8499,0,1,0,0,0,2,0,1,1,1,0,1,0,1,0,1,1,0,1,1,0.001441976432854826,-0.5848140082439849,0
8500,0,0,1,0,1,2,0,0,1,0,0,0,1,1,0,1,1,0,0,1,1.2818910122589986,0.9712949028560807,0
8501,0,0,0,0,0,2,1,0,1,0,1,1,0,0,0,0,1,0,1,1,1.0060289416806478,0.27970688456554516,0
8502,0,0,0,1,1,0,0,1,1,0,1,1,0,0,0,0,1,1,0,1,0.21029608289748464,-0.7614717433469762,1
8503,0,1,0,0,0,1,0,0,1,2,0,0,2,0,0,0,1,1,1,0,0.512155502237398,-3.2129869267900926,0
8504,0,0,0,0,1,0,0,0,0,0,2,0,0,1,0,1,1,0,2,1,-0.23584947788385305,-0.3085353101013828,1
8505,0,1,1,0,0,1,0,0,2,1,0,2,0,0,0,2,1,1,1,2,2.210892844273668,1.8724519952210417,0
8506,0,0,1,0,0,1,0,0,1,0,0,1,0,0,0,0,1,2,1,0,0.791927645338832,-0.8434704094735559,0
8507,1,0,0,1,0,2,0,0,1,1,0,1,1,0,0,2,1,0,0,1,-0.4924840307447867,0.7822682934559171,0
8508,0,2,0,0,0,1,0,2,1,2,0,0,0,1,1,0,0,0,0,0,-0.6670884548413683,0.6769104461584916,0
8509,0,0,1,0,0,1,0,2,1,1,1,0,1,0,0,1,0,0,1,1,-0.39847475660717036,-0.477490856521041,0
8510,0,1,0,2,0,2,1,0,2,0,0,1,0,1,0,0,0,0,1,0,0.36564387347568794,0.09458901443938902,0
8511,1,1,0,0,0,1,0,0,1,0,1,0,0,0,0,1,0,1,0,0,-0.030860946239758033,-0.35970260995279324,1
8512,0,2,2,1,0,2,1,1,2,0,0,0,0,1,0,0,0,1,0,1,-1.195239831607008,-1.8916693700726968,0
8513,0,1,1,1,0,1,0,1,1,1,1,1,1,0,0,1,2,0,2,2,0.4573875081566206,-0.5025100357857151,0
8514,1,0,2,0,0,1,0,0,2,2,1,1,0,0,1,2,1,1,1,1,0.99315699922386,1.1665313781705118,0
8515,0,0,1,0,0,2,0,0,0,0,0,2,1,0,0,1,1,1,0,0,0.10148121241095939,0.8305909485796774,0
8516,0,0,0,0,1,0,0,0,2,1,1,0,1,0,0,0,1,0,2,1,-1.097622899771867,0.0395208852593838,1
8517,0,1,1,0,1,2,0,0,2,1,0,1,0,1,0,1,1,0,0,1,0.39186764562714904,1.154162295379936,1
8518,0,1,1,0,0,0,0,0,1,1,0,1,1,0,0,0,1,0,0,0,-0.4176374615692548,-1.0348900367886196,0
8519,2,1,1,0,2,1,0,0,1,0,0,0,0,1,0,2,0,1,1,0,-1.2605405053502228,-0.9037158365687363,0
8520,0,1,0,0,1,2,0,0,2,1,1,1,1,0,0,1,0,0,0,0,0.7699885523596293,1.2906302248533075,0
8521,0,0,0,0,0,2,0,1,0,1,1,1,0,0,0,1,1,1,1,1,1.7905530245259516,1.119685346184029,0
8522,0,1,0,0,0,1,0,0,1,0,1,0,0,0,1,0,1,0,2,0,0.7118667104948113,-0.40534357530569937,1
8523,1,0,1,0,0,1,0,0,2,2,2,0,0,1,0,0,2,0,0,1,0.004665547008178882,-0.12212565387079755,0
8524,0,0,0,0,0,0,0,0,2,0,0,2,1,0,0,1,0,1,1,0,-0.92612518312071,-1.3829486143933267,0
8525,0,0,1,0,0,2,1,0,1,1,0,0,1,0,0,1,0,0,0,0,-1.0565158678955406,-0.7119475903264578,0
8526,1,2,0,0,0,1,1,0,0,0,0,2,1,1,0,0,1,0,1,0,1.4347217297295374,0.701660986754396,1
8527,0,1,2,0,0,0,0,0,1,1,2,0,1,0,0,0,1,0,2,0,0.6218787073378588,0.008844291330830034,0
8528,0,1,0,0,0,2,0,1,2,1,0,1,0,0,1,1,0,1,0,0,0.18489466446905808,1.4416020655617996,1
8529,0,0,2,1,0,0,0,0,2,1,0,1,0,1,0,0,1,1,1,0,-0.921939759008082,-0.6663207250442058,0
8530,0,0,0,0,0,2,0,0,2,1,0,0,1,0,1,1,0,1,0,0,-0.979105561375122,0.3970233495510398,0
8531,0,2,2,1,0,1,0,1,0,0,0,2,1,1,0,1,0,1,0,0,-0.14226285193323868,0.8647234450544994,0
8532,0,1,0,0,0,1,0,0,1,1,2,0,1,0,1,1,2,0,2,1,-1.3591464309742902,-0.9043287458104411,0
8533,0,0,0,0,0,2,1,2,1,1,1,1,1,0,0,0,0,1,2,1,0.41947777015865045,0.6914754593700205,1
8534,0,2,0,0,0,1,0,0,1,0,2,1,1,0,0,1,0,1,2,0,-0.717711868541296,-0.2746854644950757,0
8535,0,1,0,0,0,1,0,0,0,1,0,0,2,1,0,1,0,1,0,0,0.07377728901998881,0.5239364321191956,1
8536,0,1,1,0,0,1,0,0,2,0,0,1,2,1,0,0,0,1,0,0,-0.3143370559026909,0.17900700157528215,0
8537,0,1,1,0,0,0,0,0,0,1,1,0,2,0,1,1,1,0,1,1,0.28577144723028725,0.013009264095260764,0
8538,0,0,2,1,1,1,0,0,1,1,0,0,1,1,0,1,1,2,1,1,1.3433962364077705,0.10659348417608827,0
8539,0,1,1,0,0,2,0,1,1,1,0,2,1,2,0,2,0,1,0,2,-1.5267043980484225,0.44559327676537897,0
8540,0,0,2,0,0,2,0,0,0,0,0,1,1,0,0,1,1,0,0,0,-0.5436156448391893,1.6820341154214395,1
8541,0,1,0,0,0,0,0,1,0,1,1,0,1,0,0,2,0,0,1,1,-1.1101291858528974,1.2269758737423588,0
8542,0,0,0,0,1,1,0,1,1,1,1,1,1,0,1,1,0,1,1,0,-0.5204892332793465,-1.1606294685231073,1
8543,0,0,1,0,2,2,0,0,2,1,1,0,1,0,1,1,1,0,2,0,0.5515356790801341,0.49592921183713345,0
8544,0,1,1,0,0,0,0,1,0,0,0,1,1,1,1,0,0,1,1,0,0.2165083848600189,0.46537387891810883,1
8545,1,1,1,1,0,2,0,0,1,0,0,0,1,1,0,1,2,0,1,0,1.3808177589943513,0.4887032125682117,1
8546,0,1,1,0,0,1,0,0,2,0,1,2,2,0,0,2,0,0,2,0,0.7013443372549968,0.40177044599413525,0
8547,1,0,1,0,0,1,1,0,0,2,1,1,0,0,1,1,1,1,0,0,-1.15115144321672,-0.6872655097866402,0
8548,0,0,1,0,0,1,0,0,1,0,0,1,0,0,0,1,1,0,0,0,1.3217770744826456,0.6956075701039384,0
8549,0,1,0,0,1,2,0,0,1,1,0,1,1,0,0,1,0,1,0,0,-0.20906402676001815,-0.22083916622926925,0
8550,0,1,2,0,0,0,0,1,0,2,1,0,1,0,0,0,0,0,0,1,-0.31094055112653657,-0.5457124126953734,0
8551,0,0,0,1,0,0,0,0,1,2,1,1,2,0,1,1,0,0,1,1,-1.3906655856304955,-0.5243898423034344,0
8552,0,1,0,0,0,1,1,0,2,1,1,0,1,0,0,1,1,0,1,1,-0.10803369914642942,-0.3261249939576925,0
8553,0,0,1,1,0,0,0,0,1,1,0,1,1,1,0,0,2,0,0,1,3.0124902890509193,1.6753351047901701,0
8554,0,1,2,0,0,1,0,0,0,0,0,1,2,0,0,1,0,1,1,1,0.02660595354789746,-0.9865253931221943,0
8555,1,1,0,0,0,1,0,0,2,0,0,0,1,0,1,1,0,0,0,2,-1.7193387063516488,-0.9099363015979675,0
8556,0,1,0,0,0,0,0,0,1,1,1,1,1,1,0,0,2,1,1,1,-0.6212749205159098,-0.19339253804883538,0
8557,1,1,1,0,0,1,0,0,1,1,1,0,0,1,0,0,0,0,0,0,-0.6047680587543275,-0.43108278447204573,0
8558,0,2,0,0,0,1,0,0,1,1,1,1,0,0,0,0,0,0,0,0,-1.493995717430324,-1.7255413873992487,0
8559,0,0,0,0,1,1,0,1,1,0,0,0,0,1,0,2,1,0,2,1,1.3935511861127665,0.8031392222731654,0
8560,0,1,0,0,0,0,0,0,1,1,1,0,0,0,0,0,0,1,0,0,0.6240602003994182,0.6371905362670416,0
8561,1,0,1,1,0,1,1,0,1,2,2,1,0,1,0,2,0,0,0,1,0.9210659977208115,0.5809842294231367,1
8562,0,1,1,1,0,1,0,0,0,1,0,1,1,0,0,0,1,0,2,0,-0.677908754133668,-1.818928745922117,0
8563,0,0,1,0,0,2,0,0,0,1,0,1,2,0,1,1,0,0,0,0,0.5692075342889553,0.6444072978266737,0
8564,0,1,0,1,0,1,0,0,2,1,0,0,1,0,0,2,0,0,1,1,0.0044420456679763985,0.7458447611325774,1
8565,0,1,1,0,0,2,0,0,0,0,1,1,1,0,0,0,1,0,1,0,-2.3235820686189355,-1.637442102952736,1
8566,0,1,1,0,1,1,1,1,1,2,0,0,0,2,0,2,0,0,0,1,-0.2775585935422199,0.7657273646368279,0
8567,0,1,0,0,0,1,1,0,1,0,0,2,1,1,0,0,0,1,2,0,-1.5939732030510445,-2.0269912349192323,0
8568,0,1,1,0,0,1,0,0,1,2,0,1,0,1,1,1,0,0,1,2,-0.07350699001623934,0.8267044880237785,1
8569,0,1,2,0,0,2,0,0,1,0,0,1,1,1,0,1,1,0,1,1,-0.8264161148480634,0.650011071167294,1
8570,0,0,0,0,0,1,0,0,0,2,0,2,0,0,0,1,0,1,0,0,1.1846242741319293,0.4377585714787223,0
8571,0,1,1,0,0,0,0,2,1,0,0,0,0,1,0,0,1,0,1,0,-0.688556192016102,-0.029369394677649097,0
8572,0,1,0,0,0,0,0,0,1,0,0,0,0,0,0,0,0,1,1,0,-0.8280813072364184,0.03628988474400441,0
8573,1,1,0,0,1,1,0,0,0,2,1,1,0,0,0,1,1,0,1,0,-0.8451954449354213,0.4281478981226005,0
8574,0,1,1,0,0,2,0,0,0,0,1,1,0,1,0,0,1,0,2,0,0.15624934547786754,-0.131089857908156,0
8575,1,0,0,0,0,1,0,0,1,0,2,1,1,0,0,2,1,1,0,1,-1.478521469377319,-0.9111683421912338,0
8576,0,0,0,0,0,0,0,0,1,1,1,2,0,0,0,1,1,0,1,0,0.4294407798663585,-1.9991106759162025,0
8577,0,2,1,0,0,1,0,0,1,1,0,0,1,1,0,1,0,0,2,0,0.48426514278560756,0.3696610284779315,0
8578,0,0,1,0,0,0,0,0,0,0,0,0,0,0,0,0,2,1,1,1,0.2560001924919434,0.8045494118248122,0
8579,0,0,0,0,1,1,0,0,0,1,0,0,1,0,0,0,1,0,0,0,0.3296084962565991,0.18001277923041006,1
8580,0,1,0,0,0,0,0,0,1,0,0,0,0,0,0,1,0,0,0,1,-0.9162434927943092,-0.0021580880958769755,0
8581,0,1,0,1,0,2,0,0,0,1,1,0,2,0,0,0,0,2,1,0,1.5555449550426064,0.9872144246355397,1
8582,0,0,0,0,0,0,0,0,0,0,0,1,0,1,0,1,0,1,0,0,0.5583106651762664,-0.7817831781866984,0
8583,1,0,0,0,0,1,0,1,0,2,0,0,1,0,0,1,1,2,1,1,-0.7521001608820569,0.6796479765627875,1
8584,1,2,0,0,0,1,1,0,0,0,1,0,1,1,0,0,1,0,0,1,0.8289318949367867,0.2765467457059928,0
8585,0,0,0,0,0,0,0,0,1,1,1,1,1,0,1,1,0,0,1,1,-1.0662292520519216,-1.0468738428508118,0
8586,0,0,0,1,0,2,0,2,1,0,0,0,0,0,0,1,1,0,1,1,-0.5579554833599865,0.9005416462147643,0
8587,0,1,0,0,2,0,0,0,1,1,0,0,0,0,1,2,1,1,0,0,0.9405299069981644,-0.07402690690187108,0
8588,0,1,0,0,0,0,1,0,2,1,0,0,0,0,0,1,0,1,1,1,0.8293923940447259,1.0731697464595795,1
8589,0,1,0,0,0,2,0,0,0,1,0,1,2,1,1,1,1,2,1,0,-0.060826192313519524,0.2990439980173659,0
8590,1,0,2,0,1,1,0,0,2,0,1,2,0,1,0,0,1,1,1,0,0.5489445155669518,-0.5943084600264575,0
8591,0,0,1,0,1,0,0,0,1,0,0,1,1,1,0,1,1,1,0,0,-1.163407150910482,-0.33235752313868855,1
8592,0,0,0,1,0,0,0,2,0,1,1,2,0,0,1,2,1,0,0,0,-2.079148215348952,-0.7178058119204475,1
8593,0,0,0,0,1,2,1,1,0,1,1,0,1,1,0,0,1,0,1,1,-1.3502343479965568,-2.7631343833926407,0
8594,0,1,1,0,1,0,1,0,2,1,1,0,1,0,0,2,1,1,0,2,1.93793249077985,0.30552822929506795,0
8595,0,2,1,0,0,0,0,0,1,2,2,0,1,0,1,0,0,0,2,0,0.3070864876654677,0.4469759451737375,1
8596,0,1,0,0,0,2,0,1,0,1,0,0,0,1,1,0,0,1,2,0,0.8137221966799348,-0.6908421657754489,0
8597,0,0,0,0,0,0,0,0,1,1,0,0,0,0,1,2,2,0,1,1,-0.6279793491193697,0.32172100624569866,1
8598,1,2,1,0,0,2,0,1,0,0,0,1,0,0,0,0,0,0,1,1,1.251038672616552,-0.9302053666601318,1
8599,1,2,1,0,0,0,0,0,2,0,0,1,1,0,0,0,0,1,0,0,-0.9809200460662727,-1.0120270297849372,0
8600,1,0,0,0,0,1,1,0,0,0,0,1,0,0,0,0,0,1,2,1,-0.5945399339070403,-0.3221667462482579,0
8601,0,0,0,1,0,2,0,0,0,1,1,2,0,1,0,1,0,1,2,0,-1.434859146715914,-1.5227992620254542,1
8602,1,0,2,0,0,2,1,0,0,1,0,0,1,0,0,1,1,0,1,0,1.4536439632785902,0.8168820930923579,0
8603,1,0,1,0,0,1,0,1,1,1,0,1,0,0,0,0,1,1,0,1,-0.07812084956415735,-0.4914894728356084,0
8604,1,1,0,0,1,0,0,0,1,0,1,0,1,0,0,1,1,2,1,0,-0.6507956471607245,-1.3221924471823066,0
8605,0,1,0,0,0,2,0,1,1,0,0,1,0,0,0,0,0,1,1,0,-1.0219115727850454,-1.93568379584429,0
8606,0,0,1,0,0,0,1,0,2,1,1,1,0,0,0,1,1,0,0,2,-1.1891094709453256,2.1215032466331216,0
8607,0,1,0,0,0,1,0,0,1,0,0,1,1,0,0,1,0,0,1,1,-0.13878226027186985,-1.903454268810746,0
8608,0,0,0,0,0,1,1,0,0,0,0,0,1,0,0,0,0,0,0,1,0.7140941953650166,0.7744129003202214,1
8609,0,1,0,0,0,1,0,0,2,1,1,1,0,1,0,2,1,2,1,1,-0.546498605585118,-0.5999133434614323,0
8610,0,0,2,0,0,0,0,1,0,1,1,0,1,0,0,0,0,0,2,0,-0.3453566251434045,-0.5716180845286792,0
8611,0,1,2,0,0,1,1,0,0,0,1,0,1,1,0,0,0,1,0,0,1.8182060174978527,0.5864167573959722,0
8612,0,1,1,0,0,0,0,0,2,1,1,0,0,1,1,2,0,0,1,1,0.17039636754219248,0.7225657722996703,0
8613,1,1,2,0,0,1,0,0,1,1,0,1,0,0,0,2,1,2,1,0,-0.3490692669307914,-1.2252311434264185,0
8614,0,1,2,0,0,0,0,0,0,1,0,2,2,0,0,0,0,0,1,0,-1.12988133780746,-0.9260041857333788,0
8615,0,1,1,0,0,1,0,0,1,0,1,1,0,0,1,2,0,1,2,1,-0.8633782280786829,0.24228502856449635,1
8616,0,0,1,0,0,1,0,1,2,1,0,0,0,0,0,2,0,0,0,0,0.5011657883967263,0.5141022405350326,0
8617,0,1,1,1,0,1,0,1,2,1,1,1,1,1,0,0,1,1,0,2,0.6457003408064659,0.3062853955890256,1
8618,0,0,1,0,0,1,0,0,1,1,0,1,0,0,1,0,0,2,0,0,1.002133956871553,1.3384115279275657,1
8619,0,1,0,0,0,0,0,1,2,1,1,2,1,0,1,1,1,0,1,0,-1.6903226006652896,-0.85984349872826,0
8620,0,0,1,0,1,1,0,0,2,0,1,1,0,0,0,0,0,1,2,0,-0.3448546975686801,-0.9609225063978188,1
8621,0,1,0,0,0,0,0,0,1,1,1,0,1,1,0,2,1,1,1,2,-0.21263223992280633,0.7555509660346614,0
8622,0,1,1,0,0,2,1,0,0,0,1,0,0,2,0,0,1,0,1,1,-0.3617173335047826,-0.5764552350317881,0
8623,0,0,1,0,1,1,0,1,0,0,0,0,2,1,0,1,1,2,2,1,1.105067113423032,0.5475001934278476,1
8624,0,0,1,0,0,2,0,1,1,1,0,1,0,1,0,2,0,0,0,0,0.06738834196833257,0.04108261422107451,1
8625,1,2,0,0,0,0,1,0,0,1,1,1,0,0,0,2,1,1,0,1,-0.13408489348983235,-0.3012294724324815,0
8626,0,1,1,0,0,1,1,0,1,0,0,1,0,0,1,1,1,0,0,1,0.5251656057970203,0.5517071014614864,1
8627,1,1,1,1,1,1,0,1,2,1,0,0,0,0,1,2,1,0,1,0,1.2341907028570915,0.5303564110688728,1
8628,0,1,2,0,0,1,1,0,1,1,1,0,0,1,0,1,1,0,2,0,0.06275982060290036,0.1962255917694249,0
8629,0,0,1,0,0,0,0,0,0,1,1,1,0,0,0,1,1,0,1,2,0.6640398990971093,0.1847116540159935,0
8630,0,1,1,0,0,0,0,0,1,0,0,0,1,0,0,2,1,0,2,0,-0.8387777410629074,-0.5564990030960912,0
8631,0,0,1,0,0,0,0,0,1,1,0,2,0,0,0,1,0,0,1,1,0.05254358257616994,-0.47842345544980064,0
8632,0,1,1,0,1,0,1,0,1,0,0,0,0,0,0,0,0,1,0,1,0.427102447451915,0.3452536773122167,0
8633,0,0,1,0,0,1,0,0,2,0,0,0,1,0,0,1,1,1,1,0,-1.0514650846519866,0.5410700446468862,1
8634,1,0,0,0,0,1,0,1,0,0,0,1,0,0,0,0,2,0,2,1,0.04040940334567364,0.5786751725279408,0
8635,0,1,1,0,0,2,0,0,2,0,0,1,1,1,0,2,1,0,1,0,-0.8549197046889523,0.7749831594801884,0
8636,1,0,1,0,1,0,0,0,0,0,1,0,0,0,0,0,0,1,0,1,-1.7418360097802428,0.053304382819673424,0
8637,0,1,0,0,0,0,0,0,1,1,0,0,1,1,0,2,0,0,1,0,0.49681331883871716,0.7621577053828306,0
8638,0,0,1,0,0,0,0,0,1,1,1,2,2,1,0,0,0,0,1,1,-0.334509947574399,-0.6098417919504251,1
8639,0,1,1,0,0,1,0,0,0,0,0,1,0,0,0,1,1,1,1,0,1.1165731345321313,1.133244981700042,0
8640,0,0,1,0,0,0,1,1,1,0,1,0,2,0,0,1,1,0,1,0,-0.3510114472750887,-0.7305407817796832,0
8641,0,1,0,0,0,2,1,1,1,1,1,0,0,0,0,1,2,1,0,1,0.985815465910091,0.4617049171618971,0
8642,1,0,1,0,0,2,0,1,1,1,1,1,0,1,0,1,2,1,2,0,-0.8924530083966311,-0.7296595423344858,0
8643,0,2,1,0,1,1,0,0,2,0,1,2,0,0,0,1,0,0,1,1,1.3117833639968044,0.00912067578905841,0
8644,1,0,0,1,1,1,0,0,2,0,0,0,0,1,0,0,1,1,1,1,-0.3171438378542351,0.9723731543387932,0
8645,0,1,0,0,0,1,0,0,2,1,0,1,1,0,0,2,0,1,0,1,1.2366571394232462,1.250651893449091,0
8646,0,1,2,0,0,0,0,0,1,0,0,1,1,0,0,1,2,0,1,0,0.19827997141289863,-0.04716964219607775,0
8647,0,0,0,0,0,1,1,0,2,0,1,1,1,0,0,2,1,1,2,0,-1.715127095654979,-0.13412677346720148,1
8648,0,0,1,0,1,1,0,0,1,1,1,1,0,0,0,0,0,2,0,0,-1.5518134546249303,-1.359558121085137,0
8649,0,1,1,0,0,2,0,1,2,0,0,1,1,0,1,2,2,0,1,2,0.5801405156393187,2.9003277173617943,1
8650,0,2,0,0,0,0,0,0,2,1,0,1,2,2,1,0,1,0,2,1,-0.4116629380847248,-0.18668949077923583,0
8651,0,0,0,1,0,0,0,1,2,0,2,1,2,1,0,0,1,0,2,0,-0.417942441025832,-0.6907476438507595,0
8652,0,1,1,0,1,1,0,0,1,0,0,0,0,1,2,1,1,1,1,1,1.0788934615173944,0.8856431692839024,1
8653,1,0,1,0,0,1,0,0,1,0,0,1,1,0,1,1,2,0,1,0,0.1393592384243692,1.8604645676082032,1
8654,0,0,1,0,0,1,0,1,1,0,1,2,1,0,0,1,1,1,0,1,-0.12661599978628554,-1.1989310278193352,0
8655,0,1,0,1,0,1,0,0,2,1,0,1,0,0,0,1,1,1,2,1,-0.041609574616504795,1.6892117120886134,1
8656,1,0,1,1,1,1,0,0,1,2,1,0,1,0,0,1,0,0,1,2,0.5671614075955387,1.2275521380195809,0
8657,0,2,0,0,1,1,0,0,2,1,2,0,0,0,0,1,0,1,1,1,-0.6649475785061235,-0.11024720946416733,0
8658,0,0,1,0,1,0,1,0,0,0,0,1,0,0,0,1,2,1,1,0,-2.4549790609744093,0.0812394924332982,0
8659,0,1,1,0,0,1,0,1,0,1,0,0,0,0,0,0,1,1,1,2,-0.4641465749801425,1.6308550142611273,1
8660,0,0,1,0,0,1,0,0,2,0,1,1,1,0,0,0,1,0,0,1,0.17147963074216116,0.42543648251995386,0
8661,0,0,1,0,0,1,0,0,0,0,0,0,1,0,0,0,0,0,1,1,-2.0287922363017024,-1.344892509619049,1
8662,0,1,1,0,0,1,1,0,1,1,0,0,0,0,0,1,1,0,0,0,-0.3450961673836347,-0.7310442999401147,0
8663,0,2,1,0,0,1,0,1,0,2,1,0,1,0,0,0,0,0,0,0,2.627897735423471,-1.5589472117791943,0
8664,0,0,1,0,0,1,0,1,0,1,0,0,1,0,0,1,0,1,1,0,0.35510495554909977,-1.0165341610757919,0
8665,1,1,0,0,0,1,0,0,2,0,0,0,2,0,0,0,0,1,1,1,-1.1547923861075566,-1.61841047202135,0
8666,0,0,2,0,0,0,0,0,1,0,0,1,0,2,0,1,0,0,0,0,0.9687051011242928,-0.8654492823194427,0
8667,0,0,1,0,0,0,0,0,0,0,0,1,0,0,0,1,2,0,0,0,-1.169004291669986,0.2913900093727385,0
8668,0,0,1,0,1,1,0,0,0,1,2,0,0,0,0,1,1,0,1,1,0.3795975611821799,0.8834093051118782,0
8669,0,0,0,0,2,0,0,0,2,1,0,2,0,0,0,2,0,0,2,1,1.7479259615228413,0.6672268696388128,0
8670,1,1,1,0,0,0,1,0,0,0,1,0,1,0,2,1,1,0,1,1,0.763557665133485,-0.9601688190413715,0
8671,0,0,0,0,2,1,0,0,1,1,1,1,2,1,0,1,0,0,1,0,0.5710082181213159,0.8042499702184167,1
8672,1,1,0,0,0,0,0,0,0,1,0,1,1,0,0,0,0,0,1,0,0.5090313723869334,0.0602879416118426,1
8673,0,0,0,1,0,1,0,0,2,1,1,0,1,0,0,0,2,0,2,1,-0.9222522210999712,0.5204725870540561,0
8674,0,1,0,0,0,0,1,0,1,2,0,0,1,0,0,0,1,1,0,0,-0.013310552284176751,-0.13561266265121608,0
8675,0,1,0,0,0,0,1,0,1,1,0,0,2,1,0,1,2,0,2,1,0.29023146414544615,-0.3113073864758612,0
8676,1,0,1,0,0,0,1,1,1,0,0,2,0,0,0,1,1,2,1,1,-0.20781064852342881,-0.15310711862437829,1
8677,0,1,0,1,0,0,0,0,0,0,0,1,2,2,0,1,0,1,1,2,-0.8059292358754263,0.3446649996032418,0
8678,0,1,1,0,0,2,0,0,1,1,0,0,0,0,0,0,0,1,0,1,-0.04488080144982066,-0.8951213334514599,0
8679,0,0,1,0,0,2,0,2,0,0,0,1,0,0,0,1,1,0,1,0,1.824574600798226,0.9094517255904082,1
8680,0,0,1,0,0,1,0,0,2,1,0,0,1,0,1,1,1,0,1,1,-0.5708460632396456,0.09507269117034879,0
8681,0,1,0,0,0,0,0,0,1,1,0,1,1,0,0,1,1,0,0,1,-0.3928371329440589,-1.1018474970551908,0
8682,1,0,0,0,0,0,0,1,1,0,0,0,1,0,0,2,2,1,0,2,-0.7652852434378206,0.8100984927289364,0
8683,1,1,1,0,0,2,0,0,1,1,1,1,1,1,0,1,0,1,1,1,0.6271198170216131,0.3554450573310298,0
8684,0,0,0,0,0,0,0,0,2,0,1,1,0,0,0,1,2,0,0,1,-1.4126912531403064,-0.9263141482240775,1
8685,1,1,1,0,1,1,0,0,1,0,0,2,0,1,1,1,1,0,1,0,-0.2337741376230294,-0.47106277628167526,0
8686,0,0,1,0,0,1,0,0,0,1,0,1,0,0,0,0,1,0,1,1,-0.49594678503016876,0.9125195722935995,0
8687,0,0,1,0,0,1,0,0,1,0,1,2,0,0,0,0,0,0,1,1,0.5387340152103531,-1.3920983658396637,0
8688,0,0,0,0,0,0,1,1,1,0,1,0,1,0,0,2,1,0,1,2,1.0391961328580637,-0.42259240590707975,0
8689,0,0,1,0,0,2,1,0,1,0,1,1,0,0,0,0,1,1,1,1,-1.789231663738571,-1.624517567581222,1
8690,0,0,2,1,0,1,0,1,1,1,1,1,1,1,0,0,1,1,0,2,0.38946433164843197,0.860848857886885,0
8691,0,0,2,0,0,2,0,0,0,0,0,0,0,0,0,1,0,0,1,2,1.0182375498175686,1.5319161088253495,1
8692,1,0,1,0,0,2,0,1,1,1,0,1,1,0,1,1,1,1,0,1,-0.41547110793640707,-0.4130768838087784,0
8693,0,1,0,0,1,2,0,1,2,1,0,1,0,0,2,1,1,0,1,0,0.34092499337556786,2.073102558192299,0
8694,0,1,1,0,0,2,0,0,0,0,1,1,0,1,0,0,1,1,0,0,-1.5317710022167106,0.8333901598524018,0
8695,0,1,1,0,0,1,1,0,1,0,0,1,0,0,0,1,2,1,2,1,0.4943952867338208,-0.07364900571307775,0
8696,1,0,0,1,0,2,0,0,2,0,0,1,1,0,0,0,1,0,2,0,0.5621638149700952,-1.3401844170436714,0
8697,0,0,1,0,0,1,0,0,1,0,0,0,0,0,1,1,1,0,1,0,0.18362022148919985,1.654101269686748,1
8698,0,0,1,0,0,0,0,0,0,0,2,0,1,1,1,1,0,1,0,0,-1.507752015377115,0.2840575280152122,1
8699,0,0,0,0,0,2,0,0,1,1,0,1,1,0,0,2,2,0,1,2,1.646262404151487,0.9529424073393887,0
8700,0,0,1,0,0,1,0,0,1,1,0,1,0,1,0,1,1,0,2,2,1.7702136682850125,-0.939939344421866,1
8701,1,0,0,0,0,1,0,0,2,0,0,1,0,0,1,1,2,0,0,0,-0.44696516537342673,-1.2186039003248545,0
8702,1,0,1,0,0,0,0,1,1,1,0,0,0,0,0,0,1,1,1,2,-0.1408320956804151,2.121207413473016,0
8703,1,0,0,0,0,1,0,1,1,1,0,0,1,0,1,0,0,0,0,0,0.2454957760936251,0.8388429208109971,0
8704,0,2,1,1,0,1,0,0,1,0,1,0,2,0,1,2,0,1,1,2,-1.9713239303476704,-0.4917092118122405,0
8705,0,0,0,1,0,0,0,0,2,1,1,0,2,0,0,2,1,2,1,1,-2.753839820631651,-0.4852351413926986,0
8706,0,0,0,1,0,0,0,0,0,1,0,1,0,0,0,1,1,1,1,0,2.6534494484856004,2.086695953393993,1
8707,0,2,1,0,0,0,0,0,1,0,1,0,0,0,1,1,1,0,0,1,-1.3746236606496283,-0.8426507773352228,1
8708,0,2,0,1,0,2,0,0,1,0,2,1,0,1,0,1,1,0,2,0,1.188776639561503,0.04922343003054766,0
8709,0,0,1,0,0,2,0,0,1,1,0,1,1,1,1,1,1,1,0,0,0.42115979227477,-0.445314599843434,0
8710,0,1,1,1,0,0,0,0,1,0,1,1,2,1,0,1,1,1,1,2,-1.1622713520314523,0.27147595656786727,0
8711,1,1,1,0,0,1,0,0,1,0,1,0,1,0,0,0,2,1,0,1,1.1818655018524526,-0.5347509655400227,0
8712,1,0,0,0,1,1,0,0,1,0,1,1,0,0,0,1,1,0,0,0,-0.27657881121469297,-0.6923797330612186,0
8713,0,1,1,0,0,2,0,1,1,1,1,0,1,0,1,1,1,0,0,1,-0.27588638413845284,0.2793428419921978,1
8714,0,0,0,0,0,0,0,0,1,1,0,0,1,0,0,1,2,0,1,0,1.4844263927865136,0.6286518183511796,0
8715,0,0,1,0,0,1,0,1,2,0,0,0,1,0,0,0,1,1,0,0,0.08655111108383293,0.9508881939008555,1
8716,1,0,0,0,0,0,1,0,2,0,1,1,1,0,0,1,1,1,0,1,0.5245502165144222,0.17598123808397356,1
8717,0,1,0,0,1,2,0,1,1,1,1,1,1,0,0,0,0,2,1,1,0.3110503476562424,-2.200322540963964,0
8718,0,0,1,1,0,1,0,0,2,1,0,1,1,0,1,1,0,1,2,1,1.239635540999121,0.6147777500617513,1
8719,0,0,0,0,0,1,1,0,0,0,1,1,1,1,1,2,1,1,1,1,0.24983752493517877,0.24674295531037937,0
8720,0,1,2,0,0,2,0,0,2,1,1,0,0,1,0,0,1,0,1,1,1.1817059583610938,-0.5585871185518296,1
8721,1,1,0,0,0,0,0,0,1,0,0,1,1,1,1,1,0,1,1,1,0.12308556960184013,-0.18628791469119493,0
8722,2,0,0,0,0,2,0,0,2,2,1,1,0,0,0,1,1,1,1,1,-0.6092965320413499,-1.310616372710347,1
8723,1,0,1,0,0,1,1,0,1,2,0,1,1,0,0,1,1,1,2,0,0.2745235828894674,-0.3198736909860961,0
8724,1,1,1,0,0,1,0,0,2,0,1,1,0,0,0,0,1,1,1,0,-0.31829565853013553,-1.941584490695082,1
8725,0,2,1,1,0,2,0,0,0,1,1,0,2,1,0,1,0,1,0,1,0.03340416111706211,1.123282358449351,1
8726,0,2,1,0,0,2,2,0,1,0,1,1,1,0,0,0,0,0,1,2,-0.47968486609899724,-0.23815696076059129,0
8727,0,1,1,0,0,1,0,0,0,1,0,0,0,0,1,0,2,1,1,0,-0.9597322506140492,-1.8091908025336907,1
8728,0,0,1,0,0,2,0,0,0,0,0,0,0,0,0,1,1,0,1,0,-0.15935446383888055,-0.20248954242718278,0
8729,0,0,0,0,0,0,0,1,1,1,0,1,2,2,0,1,1,0,0,1,-1.9471071545015004,0.2936908943484591,0
8730,1,0,0,0,0,0,0,0,0,0,1,0,0,0,0,0,1,2,2,1,0.040024482928301526,-0.9196378504442584,0
8731,0,0,0,0,0,1,1,1,2,1,1,1,1,0,0,0,1,1,1,2,2.713509691316372,1.2231761017851475,1
8732,0,0,2,0,0,2,0,0,2,1,0,1,0,0,1,1,0,0,0,0,0.8778835023431166,0.38350697139474293,0
8733,0,0,1,0,0,1,0,2,1,1,0,2,1,0,1,0,0,1,1,0,-0.9505734472169609,0.8731405614380163,1
8734,0,2,0,0,0,1,0,1,0,0,1,0,0,1,0,0,1,1,1,1,-0.9317359296885539,0.5195365200119394,1
8735,1,0,1,0,0,0,0,0,2,1,0,2,1,0,1,1,0,0,1,1,-1.3003278280844628,-0.628400477791905,0
8736,0,0,1,0,0,1,0,0,0,1,0,1,0,0,0,1,0,2,2,2,-0.7733643193108539,0.9820398291820296,0
8737,0,1,1,0,0,1,0,0,1,0,1,1,1,0,0,1,0,1,1,1,-0.09797985572288029,-0.6132073998641377,0
8738,0,0,1,0,0,1,0,0,1,2,0,0,0,0,0,0,0,0,1,0,-0.6816579140201721,0.17168085140893796,0
8739,0,1,1,1,0,2,1,0,0,1,2,0,0,0,1,0,1,1,1,1,-0.4428856912660416,0.05091911301475255,1
8740,0,0,1,0,0,1,0,1,2,0,0,0,2,0,0,1,0,0,2,0,1.085943839185466,0.7311270875119963,0
8741,0,0,0,1,0,1,0,0,2,1,0,0,1,0,0,0,1,1,1,1,0.16334461263770042,0.4366784128117384,0
8742,0,1,0,1,0,0,0,0,1,1,0,0,0,0,0,1,1,0,0,0,0.311147446413223,0.6228411904113665,0
8743,0,0,1,0,0,0,0,0,2,1,2,0,0,0,1,0,0,0,2,0,0.6765650574741582,-0.8434713960675735,0
8744,0,0,1,0,0,1,0,0,1,1,0,1,1,0,0,1,1,1,0,1,-1.2051023850751188,-1.6306311682408365,0
8745,1,0,1,0,0,0,0,0,1,2,2,0,1,1,0,1,0,0,0,0,1.863750754177671,1.331006123696338,1
8746,0,0,1,0,0,1,0,0,0,0,1,1,0,0,0,2,1,0,1,0,-0.865924070301352,0.1622633650136559,0
8747,0,1,0,0,1,2,0,0,1,1,1,1,1,0,1,1,0,0,0,0,-0.6696667687402668,0.04641477382784498,1
8748,0,0,1,0,0,2,0,0,0,1,0,0,1,0,0,0,0,1,1,0,0.39925625654038716,0.2830706690154678,0
8749,0,0,0,0,1,0,0,0,1,1,1,1,2,0,0,1,0,0,2,1,-0.8343967332285626,0.2943515481452818,0
8750,0,0,0,0,0,0,0,0,2,1,1,1,1,0,0,1,1,0,1,1,0.5783663710351664,-0.5517431386074222,0
8751,1,1,1,0,0,1,0,0,1,0,1,1,0,0,0,2,1,0,0,1,0.48095931584775276,-0.48199419356795714,0
8752,1,2,0,0,0,2,0,0,1,0,0,1,1,1,0,1,1,1,1,1,0.23950164825304956,-1.0837572238905337,0
8753,0,0,0,1,0,1,0,0,0,1,1,0,0,0,0,0,1,1,1,0,0.24229070039768918,2.2508153108719937,0
8754,0,1,0,0,1,0,0,0,1,0,0,0,1,0,0,1,0,1,0,2,0.6924448877921097,0.604683621154976,0
8755,0,1,2,0,2,1,0,1,1,0,1,1,0,1,0,1,0,0,0,1,0.05911724964688538,-1.0490036092873951,0
8756,1,0,0,1,0,2,0,1,1,0,0,1,1,1,0,0,0,1,2,0,-1.6358864565304265,-2.1609207033712337,0
8757,1,1,1,0,1,1,0,0,1,0,0,0,0,0,1,2,0,0,1,1,-1.4488276703084804,1.753024348538787,1
8758,0,1,0,0,0,2,0,0,1,1,0,2,1,1,1,2,0,2,0,0,0.4218369413925593,0.24257230107148417,0
8759,1,2,0,0,0,2,0,0,2,0,0,1,1,1,0,1,0,0,2,0,0.3417520110525938,-0.3057275309624755,1
8760,0,0,0,0,1,1,0,0,0,1,0,1,1,1,1,0,0,1,0,0,-0.5974631769087942,-1.5315590203430134,0
8761,0,1,1,0,0,2,0,0,1,0,0,0,1,0,0,2,0,2,1,0,0.707757031907978,0.09329374806002716,1
8762,0,0,0,0,1,2,0,0,1,1,0,2,1,0,0,0,1,1,2,0,0.6057508626122302,0.003918537975168085,0
8763,0,0,0,0,0,1,0,0,1,2,0,1,1,0,0,1,1,0,1,0,-0.529620296760289,-0.7957794210241724,1
8764,0,1,0,1,1,1,0,0,2,2,0,0,0,1,1,1,1,0,2,0,1.848308560670748,-0.023823952973485385,0
8765,0,1,2,0,0,1,0,1,0,0,0,0,2,0,0,0,1,0,1,1,-1.5729170736788343,-0.32425921913236055,1
8766,0,1,1,0,0,1,0,0,1,0,0,0,2,0,1,1,2,1,0,0,-1.3924739914502775,-0.7835854066062525,1
8767,1,0,1,0,0,1,1,1,2,0,0,0,1,2,1,0,1,0,2,1,-0.7676422459348112,-0.6637317468975475,0
8768,0,0,0,0,0,0,0,0,1,0,0,0,0,0,0,1,1,2,1,2,0.05161644527047132,0.07495561390659858,1
8769,0,0,1,0,0,2,0,0,0,0,1,1,1,0,0,0,0,0,1,0,0.6116992109248967,0.6225591315570839,0
8770,1,0,0,0,0,1,0,0,1,0,0,1,1,0,0,1,1,1,1,1,-0.37383410877190176,0.9794737626274381,1
8771,0,0,2,1,0,2,0,0,1,1,1,1,0,0,0,1,0,0,0,0,-0.9856014179391305,-0.4845468295111727,0
8772,0,1,1,0,0,0,0,1,2,2,0,1,0,0,0,1,1,1,1,0,0.46354472604337005,1.154709583717916,0
8773,0,0,1,0,0,0,0,1,1,1,0,1,0,0,0,1,1,1,0,1,1.3819441431846495,1.7343535568060064,0
8774,0,0,0,0,0,1,0,0,2,1,1,0,1,1,0,1,0,0,1,0,-0.36279803998660765,-0.5644775403216844,0
8775,1,1,0,0,0,2,1,0,0,1,1,1,0,1,0,1,2,0,0,0,0.3580132577063126,-0.03924428124504214,0
8776,0,0,0,0,1,1,0,0,1,1,0,1,1,0,0,0,1,0,2,1,-0.8457199079081622,0.3537092753615677,1
8777,0,1,0,0,0,2,0,0,0,1,1,1,1,0,0,1,1,0,0,0,-0.18746941515947388,1.8984969932111788,0
8778,0,1,0,0,0,2,0,0,0,0,1,1,1,2,1,1,0,1,2,0,0.9906113731980853,-0.9328753477843827,0
8779,0,0,1,0,0,2,1,0,2,0,0,2,0,0,0,1,1,2,0,0,-0.6586734924904463,-0.21010778898903038,0
8780,0,0,1,0,0,0,0,0,0,0,1,1,0,0,0,2,2,0,0,2,0.21656063965984923,0.5186960255252961,1
8781,0,1,0,0,0,2,0,1,1,0,0,1,0,1,0,1,0,1,0,0,0.9467988210032516,-0.015020708044038267,1
8782,0,1,0,0,1,1,0,0,1,0,0,1,1,0,0,1,1,0,1,0,-1.7873787041466926,-0.6629489949423062,0
8783,0,1,1,0,0,0,1,0,2,0,1,0,0,0,0,1,1,0,0,1,0.45613552425146053,-0.057332971846694336,0
8784,1,0,1,0,0,1,1,0,1,1,1,1,1,1,0,2,2,0,2,0,1.1389486260974604,-0.7499068695646123,0
8785,0,2,1,1,0,1,0,0,2,0,0,0,0,1,0,1,0,0,1,0,1.3070301373300628,0.21763630023755814,0
8786,0,0,1,0,0,0,0,0,2,1,2,1,1,0,0,2,0,0,1,0,-1.6602209489262736,-1.6511875369158104,0
8787,0,0,0,0,0,0,1,0,2,0,1,1,1,0,0,1,1,0,1,0,2.202915480335226,-0.06994549199046152,0
8788,0,1,0,0,0,1,0,0,1,1,1,1,1,1,0,2,0,0,2,0,-0.10193011965620062,0.6022117662542325,0
8789,0,2,0,0,0,1,0,0,2,1,2,0,1,0,0,0,0,1,0,1,2.293180411822861,1.7726193029698827,1
8790,0,0,1,0,0,0,0,0,1,0,0,0,0,0,0,1,0,1,0,0,-0.8598275137142529,0.2182598255784195,0
8791,0,0,1,0,0,1,0,0,2,1,0,0,0,0,0,1,1,1,1,1,-0.7381049383297714,-0.8170805810120881,1
8792,0,0,1,0,1,0,0,0,1,0,1,0,1,0,0,2,0,2,1,0,-0.11473037981352051,-0.3626029360505807,0
8793,0,2,2,0,0,1,0,0,1,1,0,0,0,1,0,1,0,0,2,1,0.6454452110223675,1.1976228870359766,1
8794,1,0,1,0,1,0,1,0,1,0,1,1,0,0,0,1,2,0,0,0,0.996607772330538,1.0892059661670763,0
8795,0,1,1,0,1,2,0,1,0,0,1,1,1,0,1,0,1,0,2,0,-0.07881558043825874,-0.5837322045338359,0
8796,1,0,0,0,0,2,2,1,0,0,0,0,0,1,1,1,0,0,1,0,0.20365010494965158,-0.48940868075742305,0
8797,1,1,0,0,1,1,0,0,0,0,2,1,0,0,0,2,0,0,2,1,-0.3766377824113274,0.8567890177145288,0
8798,0,0,2,0,0,0,1,1,0,2,0,0,0,0,0,0,2,0,2,1,0.6646637476516497,-1.8497427189821936,0
8799,0,0,0,0,1,0,0,0,2,1,1,1,1,0,2,1,0,0,1,0,-1.1128960949083095,-1.2753611144340886,0
8800,0,1,0,0,1,1,0,0,1,0,0,0,0,0,1,0,0,0,0,0,-1.4911399146103061,-0.3473953823467336,1
8801,0,1,1,0,0,1,0,1,2,0,0,1,0,1,1,0,1,0,1,0,1.0718478430942422,0.9472373757830838,1
8802,0,0,1,0,0,0,1,0,1,0,1,0,1,1,1,1,2,2,2,0,0.4298542113133253,0.1257569015557504,0
8803,0,1,0,0,1,0,0,0,0,0,0,0,0,0,0,1,1,0,1,1,1.0063251081777116,0.4912247574857808,1
8804,0,0,1,0,0,2,0,0,2,0,0,1,1,0,0,0,0,1,0,0,-0.029824332390437254,0.09544714063399773,1
8805,0,0,1,0,0,0,0,0,0,0,2,1,1,0,1,0,1,0,0,0,-0.39868512589300015,-0.9045578919905822,0
8806,0,0,0,0,0,0,0,0,1,2,1,1,1,0,1,1,0,0,1,2,-0.9783649941451915,-0.7382999824470444,0
8807,0,0,0,0,0,1,1,1,0,1,0,0,1,1,0,1,0,0,0,1,0.5270982813385086,0.030035463104584825,0
8808,0,0,0,1,0,1,0,0,0,1,1,0,1,0,0,0,0,1,0,2,0.822635481830889,1.026481532853274,1
8809,0,1,2,0,0,2,0,0,0,1,0,1,0,1,0,0,1,0,1,1,0.6727477328898206,-0.5970670903393228,0
8810,0,0,1,0,0,0,0,0,0,0,1,0,1,0,0,1,1,0,2,0,0.30644519369649287,0.5514052512484997,0
8811,0,1,0,0,0,0,0,0,1,0,0,0,1,1,1,1,1,0,0,1,-0.07520171671044337,-0.13873457115791585,0
8812,0,1,1,0,0,0,0,1,1,1,1,0,1,0,1,1,0,0,1,1,-0.28283995495778425,-0.4125386889109568,0
8813,0,1,1,0,1,1,1,0,0,0,1,0,1,0,1,2,1,0,1,0,-0.6035098499836097,-2.1729318479912836,1
8814,0,1,1,0,0,2,0,0,1,0,1,0,1,1,1,2,1,0,0,0,-0.5467641371911026,0.45514995541798464,0
8815,0,1,2,0,0,2,0,1,0,1,0,0,0,0,0,1,1,1,2,1,0.5743659556596885,-0.36189389740742284,0
8816,0,0,1,0,0,1,0,1,0,0,1,0,2,0,0,1,1,0,1,0,0.5037197339893709,-0.2023855009198762,0
8817,0,1,1,0,0,0,0,0,1,0,1,0,1,1,0,1,0,0,1,2,1.7882089456342793,1.4986102189166624,1
8818,0,1,0,1,0,2,0,0,1,1,0,1,1,0,1,1,1,1,1,1,-0.2643491812074773,1.1671362161977727,1
8819,0,1,1,0,0,1,0,0,1,0,0,0,1,0,0,2,0,0,1,0,0.9618939714264755,0.7464586945375228,0
8820,0,2,1,0,0,0,0,0,2,2,0,0,0,0,0,0,1,1,1,1,-0.15236050868698225,0.40317411209046705,0
8821,0,1,0,0,0,2,0,1,1,0,0,0,1,0,0,1,1,0,1,1,0.25978202326560224,1.3448406515233828,0
8822,0,1,0,1,2,1,0,0,0,0,0,1,0,0,0,1,1,0,1,1,0.9433569600267285,1.487022878509203,0
8823,0,0,2,0,1,1,0,0,2,2,0,0,2,0,0,0,1,1,0,1,-1.924496365847643,-0.4180106892562019,0
8824,0,0,0,0,0,1,0,0,0,0,0,0,0,1,0,0,1,1,1,0,-0.6647226358943092,1.5919184007454068,1
8825,0,0,1,0,0,1,0,0,1,2,0,1,2,0,0,2,1,1,1,0,-2.4884201012432885,-0.1073611307546466,0
8826,0,0,1,0,1,1,1,0,1,1,1,0,0,0,0,0,0,1,2,1,-1.7595075865828849,0.37277009553529816,1
8827,0,0,0,0,0,1,0,0,1,1,1,0,0,0,0,2,2,1,1,0,1.0238844914589298,1.9523047151819033,1
8828,0,0,1,0,0,0,0,0,1,0,1,1,1,0,0,1,1,1,0,1,-0.1824349772478978,-0.6150387586678404,1
8829,1,0,1,0,1,0,0,0,1,0,0,0,0,0,0,1,1,1,1,0,-0.958055700726754,-0.334623172341065,0
8830,0,0,0,0,0,1,0,0,2,0,0,1,0,0,0,0,1,0,0,2,0.14192792628374223,0.2613194995886814,1
8831,0,0,0,0,2,1,0,1,2,0,0,1,1,0,0,1,1,1,1,0,0.9960346590412201,0.022542945398316555,0
8832,0,0,0,0,0,1,0,0,2,0,1,1,0,1,1,2,1,0,1,1,-0.9114856821382811,0.6477319412783258,1
8833,0,2,0,0,0,2,0,0,0,1,0,1,1,0,0,2,1,1,1,2,-1.997355200872976,0.6083291153071478,1
8834,0,2,0,0,1,1,0,1,1,1,0,0,1,1,0,2,0,1,1,1,1.7209303182019084,0.327406503702643,0
8835,0,0,1,0,0,2,0,0,0,1,1,0,1,1,0,2,0,0,1,1,1.1644544842170372,-0.5960559156225465,0
8836,0,1,1,0,0,1,0,0,1,1,0,1,2,1,0,0,0,0,1,0,0.40335733006794955,-0.8459019017593133,1
8837,0,0,0,0,0,1,0,0,2,1,0,0,0,0,1,1,2,1,1,0,1.0250009087868561,1.6022107345137258,0
8838,1,0,1,1,0,1,0,0,1,0,0,0,1,0,1,1,1,0,1,1,-1.5617263408154023,0.4032924731711292,0
8839,0,1,1,0,0,0,0,0,1,1,1,0,1,1,0,1,0,1,2,1,-1.350814720706318,-0.32568921274555684,0
8840,0,1,1,0,0,0,0,0,2,1,0,0,1,0,1,0,0,1,1,0,0.6616074374959425,-0.15157857201705033,0
8841,0,0,0,0,2,1,0,0,0,0,1,1,1,0,1,2,0,0,0,1,-0.8858848936955183,-0.8154804589148573,1
8842,0,1,0,1,0,2,0,1,0,0,0,0,0,0,0,1,1,1,1,2,2.118984821076117,1.8329346086657177,1
8843,0,1,0,0,1,0,0,0,1,1,0,1,1,1,1,1,1,0,0,0,-0.09794843793747676,0.34529781948510524,0
8844,0,0,1,0,1,0,0,1,0,0,0,0,1,0,0,1,0,1,2,1,3.5807398567828983,3.161000376549355,1
8845,0,0,0,0,0,1,0,0,2,0,1,0,1,0,0,1,0,1,0,0,-2.311567588434112,-2.380991631000553,0
8846,0,0,0,0,0,1,0,1,0,2,0,0,2,0,0,2,1,2,1,0,0.7411306785095171,0.42641985360409546,0
8847,0,2,1,0,0,1,0,0,0,1,1,2,0,0,0,0,0,1,1,1,0.00375643212402234,-0.6643793443316461,1
8848,0,0,1,0,1,2,0,0,1,0,0,0,1,0,1,2,0,1,2,0,-0.38906075793243067,0.8720088150933718,1
8849,0,1,0,0,0,0,0,0,1,0,1,1,0,0,0,1,1,1,2,1,-0.6822312597392933,-1.1213482738599303,0
8850,0,1,0,0,0,2,0,1,2,1,0,0,1,0,0,0,0,0,1,1,0.7943493040897583,-0.8988477499037868,0
8851,0,1,1,0,0,1,1,0,2,1,0,0,0,2,0,0,1,0,1,0,1.219492590809802,1.5705837948750618,1
8852,0,0,1,1,0,1,0,0,1,0,1,0,1,1,0,1,0,2,1,0,0.6593158023230064,0.5851443844336143,1
8853,0,0,1,0,1,1,0,0,1,1,1,0,0,0,0,0,0,0,2,1,0.0569469499399952,0.10364206138552585,1
8854,0,0,0,0,0,1,0,0,1,0,0,0,0,0,1,1,0,0,1,1,1.475070756524973,0.6064571883207983,0
8855,0,1,1,0,1,1,0,0,1,1,1,1,0,0,1,2,1,1,1,1,-0.7177900875028558,0.37871548050502696,1
8856,0,1,0,0,1,2,1,0,1,0,2,1,0,0,0,2,1,0,1,1,0.8445047682621103,1.401479555304424,1
8857,0,1,2,0,0,1,0,1,1,1,0,0,1,1,0,0,1,0,0,1,0.7815448706148915,0.27093130519152986,1
8858,0,1,0,0,1,0,0,0,0,1,1,0,1,0,1,1,1,0,0,0,0.5506285910323907,0.5205808061900848,0
8859,0,1,1,0,1,0,0,0,1,1,0,1,1,1,0,1,1,0,2,0,-0.6341463884817388,-0.9570129910585659,0
8860,0,0,0,0,0,1,0,0,1,1,2,1,1,1,1,0,0,1,1,0,-1.9678254509460171,0.6479564053145939,1
8861,0,1,0,0,1,0,0,0,1,1,0,1,1,0,0,1,1,0,1,0,0.33205829818803967,0.08579912124525928,0
8862,1,2,0,1,0,2,0,1,0,2,1,2,2,0,0,0,1,1,1,1,-1.2723044030147326,-1.4859195040119948,0
8863,0,1,1,1,0,1,0,0,2,0,0,0,1,1,0,2,1,2,2,2,-0.6626515474479877,1.173049928231889,0
8864,0,1,0,1,0,2,0,0,1,0,0,0,0,0,0,1,0,1,1,2,0.5944226674102198,1.0506610523183655,1
8865,0,0,0,0,0,0,0,0,1,0,0,2,0,0,0,2,0,0,2,0,-1.5910966088162526,-0.7062113947628172,0
8866,1,1,0,0,0,2,0,0,0,1,0,1,1,0,0,0,0,0,0,1,1.6337430288280805,1.9882827661197509,1
8867,0,0,1,0,0,0,1,0,1,0,0,1,2,0,1,1,0,0,0,1,-0.04288369074962936,-0.31697971412904163,0
8868,0,0,1,0,1,1,0,0,0,2,0,1,1,0,0,1,1,1,0,1,-0.1738861870907641,0.07013504446994107,0
8869,0,0,0,0,0,2,0,0,1,1,2,0,0,1,0,0,1,0,2,2,0.6794005786359396,1.4417923273273567,0
8870,0,0,1,0,0,2,0,0,2,2,1,1,0,0,0,1,0,0,0,0,0.09601110032424244,-1.3715543052601218,0
8871,1,0,1,0,0,2,0,0,1,0,0,0,1,0,0,0,0,2,0,0,0.608285192225673,-0.6932372480732666,0
8872,0,1,2,0,0,2,0,0,0,1,0,1,0,0,0,1,1,1,1,1,1.2205254750550476,1.2042795754087385,1
8873,0,1,0,0,1,0,0,1,1,0,0,0,1,0,0,1,0,0,1,1,0.21688109708047099,0.5472146092550573,1
8874,1,0,1,1,0,1,0,1,1,1,0,1,0,2,0,2,1,0,0,0,-0.20631398046204458,-1.0726533145833508,0
8875,1,0,0,0,1,0,0,1,1,0,1,1,1,1,0,0,0,1,1,0,0.12025459765607896,0.08263976594147959,1
8876,0,1,2,1,0,1,0,0,2,2,0,1,1,0,0,0,0,0,0,1,0.533310955849742,0.02860672211345211,0
8877,0,0,1,0,0,1,0,1,1,1,0,1,1,0,1,2,1,1,0,0,-0.6954254443695665,0.21778564699971237,0
8878,0,1,1,0,0,1,1,0,1,1,1,0,1,0,1,2,1,0,1,2,-0.4214800001422545,-0.6219027294572497,1
8879,0,0,2,0,0,1,0,2,2,1,0,0,0,0,0,1,0,0,0,0,1.7625799638566282,0.9285485598346248,1
8880,1,0,1,0,0,1,0,0,2,1,1,1,1,1,1,0,1,1,0,1,1.6043715751782883,1.6653580970815391,1
8881,0,1,1,0,0,0,1,0,2,1,0,0,1,0,0,0,0,1,1,0,-1.5855171984238714,-3.248354933391045,0
8882,0,0,2,0,0,0,0,0,0,1,1,0,0,0,0,2,0,0,0,1,0.4600742034864934,1.3906156468348343,0
8883,0,0,1,0,0,2,0,0,2,1,0,0,0,1,0,1,0,1,0,0,0.12411467971585712,-0.44326246173206335,0
8884,0,0,1,0,0,1,0,0,0,1,1,0,1,0,0,2,2,0,0,1,0.578123367083704,0.5753955349227522,1
8885,0,0,1,0,0,0,1,0,0,1,0,0,1,0,0,0,0,1,0,1,-1.865347058265756,-1.5742803044557574,0
8886,0,1,1,0,0,2,0,1,1,0,0,1,2,1,0,1,1,1,0,1,-0.13936300320273157,-0.7575418238190412,0
8887,1,0,0,0,0,0,0,0,1,2,0,0,0,0,0,1,1,2,1,1,0.27199146537678165,-0.17793005275395157,0
8888,0,0,0,1,0,0,0,0,1,0,2,1,2,0,0,1,0,1,2,2,-1.0875475727894606,-1.6227977203352988,0
8889,1,2,1,1,0,1,0,1,1,0,0,0,1,1,0,1,0,0,0,1,1.7427626980546058,0.19470164391097333,1
8890,0,0,1,0,0,1,0,0,0,0,0,0,0,1,0,1,0,1,0,1,-0.38020910772393324,-0.5142025049110257,0
8891,0,0,0,0,0,1,1,0,0,0,0,2,1,0,0,1,2,0,0,0,-1.0706065512637921,-2.2276076392879416,0
8892,0,1,0,0,1,1,0,0,1,1,1,0,0,0,0,1,0,1,0,2,0.99016000583762,0.741664447919751,1
8893,0,1,0,0,0,1,0,0,1,0,0,1,0,0,1,1,1,0,1,0,1.0937284324547822,-0.5430093806435887,0
8894,0,1,1,0,1,0,0,0,0,0,0,1,1,0,0,0,1,0,1,1,-1.0575226424806352,-1.4547033540275451,0
8895,0,2,0,0,0,0,0,0,0,1,2,1,2,0,0,0,0,1,1,1,-0.028106255633201193,-0.4637361885799699,0
8896,0,0,0,0,0,1,0,0,0,0,0,2,0,0,0,1,0,0,1,1,-0.17080274790416952,0.3451880279444721,0
8897,1,0,2,0,0,0,0,0,1,0,2,1,1,0,0,0,0,0,2,1,-0.36155455741823966,0.35832995592861205,0
8898,0,1,0,0,0,1,0,1,0,0,1,1,0,1,0,1,2,1,1,1,-0.9868061685597117,0.31489549562869845,0
8899,1,1,0,0,1,1,0,0,0,0,0,0,1,0,0,2,0,1,1,1,1.184996120054167,1.5262858466713216,0
8900,1,0,1,0,0,0,0,0,1,0,0,0,2,0,1,1,0,0,0,2,1.0954136880988616,-0.7124157764766971,0
8901,0,0,0,0,1,1,0,0,1,0,0,0,0,0,0,2,1,0,1,1,0.12034570001084317,-0.2590060977638081,1
8902,0,0,0,0,0,0,2,0,1,1,0,1,1,0,1,1,1,0,0,1,-1.8613093658765802,-2.52708540235629,0
8903,1,0,0,1,0,0,0,1,0,0,0,0,0,0,1,0,2,1,1,0,1.183886927105105,0.4666295012265903,0
8904,0,0,1,0,1,0,0,0,1,1,0,0,0,0,0,0,0,0,1,0,-0.3095441974444146,-0.5573126275578391,0
8905,0,1,0,0,0,1,0,1,1,1,1,0,1,1,1,1,1,0,2,1,1.0828543109016808,-0.3102636671097287,1
8906,0,1,2,0,0,1,1,0,2,0,0,0,1,1,0,0,1,0,1,0,2.3752399018387926,1.1437981367940389,0
8907,0,0,1,0,0,1,0,0,1,1,0,0,1,1,0,1,1,0,1,1,-0.8838278803946121,0.1334051116107193,0
8908,0,1,1,0,0,2,0,0,0,2,1,0,1,0,0,1,1,0,0,0,0.1334406205318527,0.11796269101672258,1
8909,0,0,2,1,1,0,0,1,0,1,0,0,0,0,0,2,1,0,1,1,-0.4717778536895507,0.2637920805807242,0
8910,1,1,0,0,0,0,0,0,0,0,0,0,1,1,0,1,0,0,0,0,-2.049877043348712,-0.4540559571437246,0
8911,0,1,1,0,0,1,0,1,1,1,0,0,2,0,0,0,1,1,1,0,0.2303750719311545,0.27592226417507887,1
8912,0,0,1,0,0,1,0,0,1,1,0,1,1,0,0,0,2,1,0,1,-0.9597790000853355,-1.4863955188298443,0
8913,0,0,1,0,0,0,0,0,2,0,0,1,0,0,0,2,0,0,1,1,-0.4848047376273929,0.2543245783738295,0
8914,0,0,1,0,0,0,0,1,1,1,0,0,0,1,0,0,0,0,2,2,0.9899021853533604,0.9661010301668631,0
8915,1,1,0,0,0,0,0,1,1,1,0,1,0,0,0,0,1,0,2,0,0.5104704771700764,0.817281290534616,0
8916,0,0,1,0,0,0,1,0,1,1,1,0,2,0,0,0,1,1,0,1,0.8084665831815534,-0.05215928782318332,0
8917,0,1,0,1,0,0,1,0,1,0,1,1,2,0,0,2,1,2,1,0,0.6072718695422976,-0.1282703977777127,0
8918,0,0,1,0,0,0,0,0,1,1,1,1,1,1,0,2,0,0,0,0,-0.625464572111688,-0.4051393964565154,1
8919,0,0,1,2,0,1,0,1,1,1,1,0,1,0,0,2,2,1,1,2,0.05997597454200347,-0.5368907652037478,1
8920,0,0,2,0,0,1,0,1,2,2,1,0,0,0,0,2,0,0,2,0,0.8025963007439442,-0.0812301173803347,0
8921,0,0,1,1,0,1,0,0,2,0,0,1,0,0,2,0,1,1,0,1,0.13857719152868594,-0.11608550693364109,0
8922,1,2,0,0,1,0,1,1,1,1,1,1,1,0,0,1,1,1,1,0,0.019767954383031954,0.026185273274828225,0
8923,0,0,0,0,0,0,1,1,1,1,0,0,0,1,0,0,1,1,2,0,-1.0647162432520623,-1.873986066801538,1
8924,0,2,1,0,0,1,0,0,2,2,0,1,1,0,0,0,2,0,1,0,0.06722566789212284,-0.05974103077038645,1
8925,0,1,0,0,0,1,0,0,1,0,0,2,0,0,0,1,1,1,0,2,-0.6377635992649622,1.3566126844827318,1
8926,0,1,1,0,1,2,0,1,1,0,2,0,0,1,0,1,1,1,0,1,-1.3524923942959333,0.4841205834828599,1
8927,0,1,1,0,0,0,1,0,0,2,0,1,0,0,0,2,0,0,1,2,-0.5774947525975831,0.284589390682431,1
8928,0,0,0,0,0,1,0,1,1,0,1,0,0,0,1,0,1,0,0,2,-1.374287564265154,-1.44406802034892,1
8929,1,0,0,0,0,1,0,0,0,0,0,1,0,0,1,1,1,1,0,0,-1.009709971122139,-1.7543033366360232,0
8930,0,0,2,0,0,1,0,0,2,1,0,1,1,0,0,0,1,1,1,0,0.8555509627625129,-0.8381460368220885,0
8931,1,0,0,0,0,1,0,1,0,0,0,1,1,1,0,0,0,0,0,0,-0.6908558553645999,-0.44259059981614396,1
8932,0,1,2,0,1,0,0,0,1,0,1,0,0,0,0,1,1,0,2,1,-1.0377482427560643,-0.5403797843867058,1
8933,0,1,0,0,0,0,1,0,1,0,1,0,1,0,0,1,1,0,0,0,-0.3675470609279176,-1.3493475721367916,1
8934,1,0,0,0,1,0,0,0,1,0,1,1,0,2,0,2,1,1,1,0,-0.20005482972856894,-0.7058948540504981,0
8935,1,0,0,0,0,1,1,0,0,0,0,0,0,0,0,1,2,2,0,0,-0.9824676920867675,1.5967846486313444,0
8936,0,0,0,0,2,2,0,0,1,1,0,2,0,0,0,1,0,0,0,0,-1.1657233688875597,0.17636353407277888,0
8937,0,1,0,0,0,0,0,1,0,0,0,0,0,0,0,1,0,1,1,1,0.9820412758217046,-0.03973714339536083,0
8938,0,1,1,0,1,0,1,1,1,1,0,0,0,0,0,1,1,0,1,0,0.2819090017423153,-0.6441262548205547,0
8939,0,1,0,0,0,1,0,0,1,0,0,2,0,0,0,1,1,0,2,1,-0.4664721486591485,0.037218972964470215,0
8940,0,0,0,0,0,1,1,0,1,0,0,0,0,0,1,0,1,0,1,2,-0.041985627754361404,1.4981484493004658,0
8941,0,0,0,0,0,1,0,0,1,2,2,1,1,0,0,0,0,2,1,2,-1.8349617227316295,0.04928402071191573,0
8942,0,1,1,1,0,1,0,0,0,0,0,1,1,1,0,0,1,2,1,0,0.06720761194447394,0.22515955639199536,0
8943,0,0,0,0,0,0,0,0,1,0,1,0,2,0,0,2,1,1,2,1,1.0193790016936939,1.0027378380312653,0
8944,0,2,1,0,0,1,0,0,2,1,2,0,1,0,0,1,1,0,0,0,-0.13830170716644902,-1.900142374994526,0
8945,1,1,0,0,0,1,0,0,1,0,1,0,2,0,0,0,1,1,1,1,-1.2367856776229915,-0.1823413355648501,1
8946,0,0,2,0,1,2,0,0,1,0,0,2,2,0,0,1,1,0,1,0,-0.7785343889279146,-0.45118484598971453,0
8947,0,2,0,0,0,0,0,0,2,0,0,0,1,0,0,0,2,0,1,0,0.37239314120762096,-0.8387453432488481,0
8948,0,1,2,0,0,0,0,0,1,0,0,0,1,1,0,0,1,0,2,2,-1.2925425159015302,-0.8640153883557093,1
8949,0,2,1,0,0,1,0,0,2,1,0,0,0,0,1,0,1,2,0,0,1.3121197520375436,1.7687054255944,0
8950,1,0,1,0,0,0,0,0,2,0,0,2,0,1,1,1,2,1,1,0,-0.04917437431377083,0.8062571195387135,1
8951,0,0,2,0,0,1,0,1,1,1,0,1,0,0,0,2,1,1,0,0,0.7798191389754547,1.5988235398632793,1
8952,0,1,2,0,0,1,0,0,2,0,0,0,0,0,0,0,1,2,2,1,-0.24678588536123602,0.014055276807410033,0
8953,0,1,2,0,1,1,0,1,1,0,2,1,2,0,0,1,1,0,1,1,-2.491376900953161,0.7554813164217369,0
8954,0,0,1,0,0,0,0,0,1,0,0,1,1,0,0,0,1,0,0,1,1.0962891425247232,1.2955656980946848,0
8955,0,0,0,0,1,1,0,0,0,1,0,1,2,0,0,1,0,0,1,1,-1.8509286329181336,-0.841974499948984,0
8956,0,1,1,0,0,2,0,0,2,0,0,1,0,0,1,2,1,0,1,0,0.7479467243846919,1.2546882507465171,0
8957,0,1,1,0,0,1,0,0,2,1,1,0,1,0,0,1,0,0,1,0,2.040114701955599,0.3125475212552693,1
8958,0,0,0,1,0,1,0,0,1,0,0,0,0,0,1,0,0,1,2,0,-0.029491834110369698,-1.7839280346284454,0
8959,0,2,0,0,0,1,0,0,0,1,0,0,1,1,0,1,0,0,0,1,-1.731880012880653,-0.9782277061342968,1
8960,1,0,1,0,0,1,1,0,0,0,2,0,0,0,0,1,0,0,1,1,-1.0386326313062562,-0.39191004534929674,1
8961,0,1,0,0,0,0,0,0,1,1,0,1,0,1,0,0,1,1,0,0,-0.47289919946178965,-1.0739562478032094,0
8962,0,2,0,0,0,1,0,0,0,0,1,1,1,0,0,2,1,1,1,0,1.0653641740559772,-1.3788528614614353,1
8963,0,0,1,0,0,1,0,0,0,0,0,0,1,0,0,2,0,1,0,1,-0.3582441537649895,0.6228663437467998,0
8964,0,0,1,0,0,0,0,0,0,0,0,0,2,0,0,1,1,1,0,0,-0.25219688863786394,1.4183089970564269,1
8965,0,0,1,0,1,1,0,0,0,1,0,0,1,1,0,0,0,1,1,0,0.8751706827511958,0.7990053521268577,0
8966,0,0,0,0,0,1,0,1,2,1,0,1,2,1,0,0,0,1,1,0,1.5594926578790533,0.5979930522458675,1
8967,0,1,0,0,0,1,0,0,1,0,0,0,0,1,1,0,1,0,0,1,-2.1423603945322047,-0.19225375027030223,0
8968,0,1,0,0,0,1,0,0,1,0,0,1,1,0,1,2,0,0,1,0,-1.579794276744449,0.7353573382199052,0
8969,0,0,1,0,0,1,0,0,2,0,0,0,0,0,0,0,0,0,0,0,-0.48657971670243233,-0.7859018638136999,0
8970,1,0,0,0,0,0,0,0,2,1,0,1,0,0,0,0,1,1,0,0,-0.12380508072674948,0.139748933487636,0
8971,0,1,0,0,0,1,1,0,1,1,0,0,1,0,0,0,0,1,1,1,0.14069281648607163,-0.37147524392679715,0
8972,2,1,1,1,0,2,0,0,0,0,0,0,0,0,0,1,1,1,1,1,1.035377934117163,-0.24683201687419498,0
8973,0,0,0,0,0,2,0,0,0,0,0,0,1,1,1,0,0,1,0,1,-1.9114322749744301,0.0752687507823061,0
8974,0,1,2,0,1,0,1,0,0,0,1,0,0,0,0,0,1,0,0,1,0.12271784236557685,-0.7609404702900506,0
8975,1,1,1,0,0,2,0,1,1,1,0,0,1,0,0,2,0,0,1,0,-0.33620415385541613,0.47611413540354686,0
8976,0,0,0,0,0,1,0,0,2,1,1,1,1,0,1,0,0,0,1,0,0.24889040664549955,-2.402982988291837,0
8977,0,0,0,0,0,1,0,0,0,1,0,1,0,0,2,0,1,0,1,0,-1.5723168830507277,-0.2506634436206809,0
8978,0,2,0,0,0,2,1,0,0,1,0,2,2,0,0,1,1,0,1,0,-1.7252159495338126,-0.48561393127317015,0
8979,1,2,2,0,0,1,0,0,2,1,0,1,1,1,0,2,1,1,1,0,-0.6792758621707894,-0.4413737971124828,1
8980,0,0,1,0,1,2,0,0,0,1,0,0,0,0,0,1,1,1,2,0,0.24200936112682817,1.819636194479586,1
8981,0,1,0,0,0,1,0,0,1,1,1,0,1,0,0,0,2,1,0,1,-1.5879977253608184,-2.038202381645304,0
8982,0,1,1,0,0,0,0,0,1,1,1,0,1,0,0,0,0,0,1,2,0.2529694953322909,0.012302969376909514,1
8983,0,1,1,0,0,1,0,1,2,2,1,1,1,0,1,1,2,1,1,0,0.15425206191315505,-2.0556216573426,1
8984,1,0,0,0,0,1,0,0,1,0,0,0,0,1,0,0,1,1,0,0,0.695507202503139,1.6622910450883064,1
8985,0,1,1,0,0,1,1,0,0,1,0,1,1,1,0,0,1,0,1,1,0.5795083593380277,-1.0610595225574562,1
8986,0,1,0,1,0,1,0,0,2,0,0,1,1,0,0,2,0,0,1,1,0.4689468248571109,1.4109191459521906,0
8987,0,1,0,0,0,1,0,0,1,1,0,0,0,0,0,0,0,2,1,2,1.3708811530972627,1.3517542274224263,0
8988,0,0,0,0,1,1,0,0,0,0,0,0,0,1,1,0,1,1,2,0,-0.6606289014511479,-0.8486472406360355,0
8989,1,0,0,0,1,1,0,1,1,0,0,0,0,1,1,0,0,0,1,0,0.9698255732319233,1.2930944293483284,0
8990,0,0,0,0,0,0,0,1,2,0,0,0,0,0,0,1,0,1,2,1,0.6344798872338011,-0.36114845517085953,0
8991,0,1,1,0,0,1,0,0,0,0,0,0,0,0,0,2,1,0,2,2,-1.6370755781022068,-1.0376864241386714,0
8992,0,1,1,0,1,1,0,1,2,2,0,0,2,1,1,1,1,1,0,1,-0.6751253062621732,-0.24332954900953951,0
8993,1,1,0,0,0,1,0,0,1,1,0,0,0,0,1,1,1,2,1,1,-1.2314682620099826,1.0290450892227767,1
8994,0,0,0,0,0,1,0,0,0,0,1,1,0,1,0,2,0,0,2,2,-0.3442211095424565,-1.0716645556478825,1
8995,0,1,1,0,0,0,0,0,0,1,0,0,2,0,0,0,1,1,1,0,-0.03662223081745498,-0.5609717819673835,1
8996,0,1,0,0,0,2,1,0,1,2,0,1,0,1,1,1,1,0,2,0,-0.3174370226443409,0.8781263780635039,1
8997,0,0,1,0,1,2,0,0,2,2,0,0,1,0,0,0,1,1,1,1,0.32336709394359414,-0.4330432635679361,0
8998,0,0,0,0,0,1,0,0,0,1,0,0,2,0,1,2,1,1,1,0,0.10055500729771463,0.8241339359226691,0
8999,0,0,0,0,1,1,0,0,1,1,2,1,0,0,0,0,0,2,0,0,-2.10268515564328,-2.555385787577839,0
9000,0,0,0,0,1,1,0,0,1,1,1,0,2,0,0,1,2,0,0,1,-1.177077906622909,-1.2134856963683225,0
9001,0,0,0,0,0,2,0,0,1,1,0,0,0,1,0,0,1,2,1,1,0.21033707550521627,-0.4338639587788602,0
9002,1,0,0,0,0,2,1,1,2,1,1,1,1,0,0,0,2,2,0,0,1.2007229918530522,0.5872569203146811,0
9003,0,0,1,0,0,1,0,0,0,0,0,0,0,0,1,1,0,1,1,1,0.3990862974811586,-0.01713123475642364,0
9004,1,0,0,0,1,1,0,0,1,1,0,2,2,0,0,1,0,1,1,2,0.4320852305326259,0.49705263013522977,1
9005,0,0,0,0,0,1,1,0,0,0,0,1,1,0,1,1,1,2,1,0,-1.9065622236940036,-1.0540645669525477,0
9006,1,0,0,0,0,2,0,1,1,1,1,0,2,0,0,1,1,0,0,1,0.426010418757532,-0.4100730575366621,0
9007,0,1,1,1,0,0,0,0,0,2,1,1,2,1,0,2,1,1,2,0,-1.714694399828988,-0.4880997653986069,0
9008,0,0,1,0,0,0,0,0,1,0,0,0,0,0,0,2,0,1,1,0,0.7313406049783456,-0.3207615961220752,1
9009,0,0,0,0,0,1,0,1,1,0,0,0,1,0,0,0,2,2,1,0,-1.1783567253191796,-0.4384984615763989,1
9010,0,0,0,0,1,0,0,0,2,2,2,0,2,0,0,0,1,1,1,1,-1.0291221421266465,0.2700612861672089,0
9011,0,1,1,1,0,1,0,0,1,1,1,1,1,0,0,0,2,0,1,0,-1.0312120959398232,-1.1873514974274244,0
9012,0,2,0,0,1,0,0,0,0,0,0,1,0,0,0,0,0,0,1,0,1.2627634556081924,0.9616444509137787,1
9013,0,0,0,0,0,1,1,0,1,1,0,0,1,1,1,1,1,0,1,0,-0.5950744987895803,-1.1142021109904534,1
9014,0,0,1,0,0,0,1,0,1,1,0,2,0,0,1,1,0,1,1,0,0.23293543198324534,0.3649286286271632,0
9015,0,1,2,0,0,1,1,0,0,0,0,0,1,0,0,1,2,1,1,2,1.7350930415492616,0.5522914129899422,1
9016,0,0,1,0,0,1,0,0,1,2,1,1,1,1,1,1,1,0,0,0,-1.5166221143387772,-0.24031480773703595,0
9017,0,0,0,0,0,1,0,0,0,2,0,0,1,0,0,1,2,0,0,2,0.13057845159855105,-0.19004100335157303,1
9018,0,0,2,0,0,1,0,0,1,0,1,0,1,0,0,1,1,1,1,1,-0.47659200404679797,-1.1521916300391348,1
9019,0,0,0,0,0,1,0,0,1,2,0,1,1,0,0,1,0,1,2,1,0.8959010531375142,0.7448173510820145,0
9020,0,2,1,0,0,1,0,0,2,0,0,0,0,0,0,1,2,0,0,0,0.11625175530359581,-0.18922249687226717,0
9021,0,2,2,1,0,1,0,0,1,1,0,1,1,0,0,1,0,0,1,1,1.7788711561885406,0.2739655927608712,1
9022,0,0,1,0,0,2,0,0,2,0,0,0,0,0,1,1,1,0,0,1,0.22714287956022255,0.4548412659780112,0
9023,0,0,0,0,1,1,0,0,0,0,0,0,0,0,1,1,0,1,2,0,1.1580524741536335,1.0567468730962413,0
9024,0,0,0,0,0,2,0,0,1,1,1,0,1,1,0,0,1,0,0,1,0.758539323779338,-1.4992562710638353,0
9025,1,2,1,0,0,2,0,1,0,1,1,2,1,0,0,1,2,0,2,0,0.10959755958290623,-1.5455333296492326,0
9026,0,0,1,0,0,1,0,0,1,1,0,0,1,0,0,0,1,1,2,0,0.2571003929695089,0.5232717601105488,0
9027,0,0,1,0,0,2,0,0,0,1,2,0,1,0,0,1,0,0,0,1,0.28731105580626237,-1.1959922511598642,0
9028,0,1,0,0,0,0,0,0,1,0,0,1,0,0,0,2,1,0,0,0,-0.8160086505241165,-0.84828249518831,0
9029,0,0,0,0,0,1,0,0,0,0,0,0,0,0,1,1,1,0,0,1,-0.10099074178590065,0.3634322953098076,0
9030,0,0,1,0,0,1,0,0,2,0,0,2,1,1,0,1,1,0,1,1,0.06333165251633723,0.37317200214557017,0
9031,0,0,0,0,0,1,0,0,1,2,0,1,0,0,1,1,0,2,1,1,0.042923904620598745,0.949746091305896,1
9032,1,0,2,0,0,0,1,0,2,0,0,2,0,0,0,1,0,0,1,0,-0.2782307068479352,-0.35950381320488917,0
9033,1,0,1,0,0,1,0,2,1,1,0,1,1,0,0,2,0,1,2,2,-0.9911808390549564,1.4502306926107118,0
9034,0,1,1,0,0,0,0,0,2,1,0,1,1,0,1,2,1,0,1,0,-0.5905423467328422,-0.9746087553835214,0
9035,0,1,0,0,0,1,0,1,1,2,0,1,1,0,0,2,0,0,0,1,0.8724716509698601,1.0106166764771327,0
9036,0,0,0,0,0,0,0,0,2,1,0,1,1,0,0,1,0,0,1,0,-0.6095900244426679,0.27597096459313286,0
9037,0,1,0,0,0,1,0,0,0,0,1,0,1,0,0,0,2,1,0,0,0.06911062012312565,-1.4549263713792346,0
9038,0,0,0,0,2,2,0,0,1,0,1,1,0,0,0,0,2,1,0,1,1.181529125616925,0.34232403343282614,1
9039,0,0,1,0,0,1,0,1,0,0,0,0,1,1,0,2,0,0,0,0,-1.0467604216159374,0.6006037237041126,0
9040,1,1,1,0,2,1,0,0,1,0,0,0,2,1,1,0,1,0,1,0,0.3698303593900691,0.018074735253803154,0
9041,0,0,1,0,0,1,0,0,0,2,1,0,2,2,0,1,0,0,1,1,-0.5594607111656618,-0.4501063511442138,0
9042,0,0,0,0,0,2,0,1,2,2,0,0,0,1,0,0,0,0,1,1,-1.160624154116007,-0.333412500980533,1
9043,0,2,0,0,0,2,1,0,1,0,2,0,1,0,0,0,1,1,1,1,0.03959438237667784,-0.8438702064997484,0
9044,1,0,0,0,1,2,0,0,2,1,0,1,1,1,0,1,0,1,0,1,1.1923093180188344,1.8302980576716317,1
9045,0,1,1,0,0,1,0,0,1,1,0,1,1,1,0,2,0,2,1,0,-0.08400052650747959,-0.26534097907371845,1
9046,0,0,1,0,0,1,0,0,1,1,0,1,0,1,0,1,1,0,1,0,0.6288826366343244,2.0054636386855247,0
9047,0,0,2,0,0,1,1,1,1,0,1,1,1,0,0,1,0,1,2,1,0.08372263940930655,-1.0706408471737114,1
9048,0,0,1,0,0,2,0,0,1,0,0,0,1,1,1,0,1,0,0,0,0.5143442601833023,-2.1030897999306095,0
9049,0,0,2,0,0,0,0,0,0,0,0,1,1,0,0,1,0,1,1,1,0.2851595311303737,0.6090730665390565,0
9050,0,1,1,1,0,0,0,0,1,0,0,0,0,0,2,1,0,0,2,0,-0.8942692556786789,-0.20846283956130862,0
9051,0,0,0,0,0,1,0,0,0,1,1,0,1,1,0,2,0,2,0,0,0.7736321462675477,0.8181352972672383,1
9052,0,0,0,0,0,1,1,0,1,1,0,0,1,0,0,0,1,0,0,0,1.4601848602973164,-0.18778086463962962,0
9053,0,0,0,0,1,1,0,0,0,1,0,0,2,0,0,1,1,1,1,0,-0.035993294395599645,1.418242517892461,0
9054,0,0,1,0,0,1,0,0,2,1,1,1,0,0,0,1,1,1,1,0,0.3521240665447837,0.5056437794985815,0
9055,0,0,1,0,0,2,0,0,2,1,0,0,1,0,0,1,0,0,1,2,-1.386686174567469,-0.1846909971758981,0
9056,0,0,1,0,1,1,0,0,0,1,0,0,1,0,0,1,0,1,2,0,0.9463008627082,-0.08280621443751957,1
9057,0,2,1,0,0,1,0,0,0,0,0,2,0,0,0,1,2,0,0,0,0.7419942801557732,1.9441229072453066,0
9058,2,1,1,0,1,2,0,0,2,1,1,2,0,0,0,2,0,0,2,0,0.03917444044660762,-0.03526191083801042,0
9059,0,0,0,0,1,2,0,0,0,1,0,1,1,0,1,2,2,0,2,1,-2.203193687617757,-1.307601989302528,0
9060,0,0,2,0,0,0,1,0,2,2,0,1,0,0,0,1,1,0,1,1,1.879028245067787,2.5109436128494353,1
9061,0,1,1,0,1,1,0,0,1,0,0,0,1,0,0,0,1,2,1,0,0.25511443963806624,0.2695136723198013,0
9062,0,2,1,0,0,2,0,1,2,1,0,0,1,0,0,1,1,1,1,0,1.7314061960636489,1.530384638473258,1
9063,0,0,1,0,0,1,0,1,0,0,0,0,0,0,0,0,0,0,2,0,0.89162863205248,-0.8898998028349561,0
9064,0,1,0,0,0,2,0,0,1,1,0,1,1,0,1,1,1,0,2,1,-0.4638804526233338,0.3407324385796555,1
9065,0,2,0,1,1,1,1,0,1,1,1,1,1,0,1,0,1,0,0,1,0.09045354728620636,1.1104624507049616,0
9066,0,0,1,1,0,0,0,0,1,0,0,0,1,1,0,1,1,0,0,0,-0.4956133829911712,-0.07911164261340822,0
9067,0,0,0,0,0,0,0,1,1,1,0,2,0,0,1,1,0,1,0,2,0.1018323587415903,0.03887005702899948,1
9068,0,1,0,0,0,1,0,0,1,2,0,1,0,1,1,1,1,0,2,2,-1.0525791511512546,-1.6880140158637218,0
9069,0,2,1,0,0,1,0,0,0,1,1,0,2,1,0,1,2,1,2,0,0.7923977499954304,0.39865261562941456,1
9070,0,0,0,0,1,0,1,0,1,1,1,1,1,2,0,1,0,0,1,1,-2.099287752874688,-1.6143020479305292,1
9071,0,0,1,0,0,1,0,0,0,0,0,1,1,1,1,0,1,1,0,1,-0.7770327066824289,-0.803780451943033,0
9072,0,0,0,0,0,1,1,1,1,1,0,0,1,1,0,1,2,1,0,1,-2.8905150814841574,-1.3279032433834002,0
9073,0,0,0,0,0,0,0,0,1,1,0,0,0,1,0,0,1,0,1,1,0.05713252683184268,-1.1410237140855486,1
9074,0,1,1,0,0,1,0,0,1,0,0,0,0,0,0,1,1,0,1,1,-0.1906771409369364,0.5593760901064958,1
9075,1,0,1,0,0,1,0,0,0,0,0,0,0,0,0,1,1,2,1,1,-0.09527398262040786,-1.8174375219870773,0
9076,0,1,0,1,0,1,0,0,1,1,2,1,2,1,1,1,2,2,0,0,1.2139074310775555,-0.16995894620622384,0
9077,0,1,1,0,0,0,0,1,0,1,0,1,1,0,0,1,1,0,1,1,0.34264954855426927,0.6020902379666215,0
9078,0,0,0,0,0,2,0,0,0,1,1,0,1,1,0,1,0,1,1,0,-0.2539400019162607,-0.16057637042914863,1
9079,0,0,0,0,0,1,0,1,1,1,0,2,1,0,0,1,2,1,1,2,1.077376077152076,1.5354501073841509,0
9080,0,0,0,1,1,1,0,0,0,0,0,0,0,0,0,1,2,0,0,0,0.23830408553430424,0.4125895705786389,1
9081,0,0,1,0,0,1,0,0,1,1,0,1,1,0,1,0,0,1,1,0,-1.6549933162536377,-0.6032485156855776,0
9082,0,0,2,0,1,0,0,0,0,1,0,1,1,0,0,0,1,2,1,1,0.15337367467186405,-0.04956506823325782,1
9083,0,1,1,0,1,1,0,0,1,0,0,1,1,2,0,0,0,0,0,0,1.4028609109151586,0.746521968400408,1
9084,0,0,0,0,0,1,0,2,1,0,0,1,1,0,0,0,0,1,0,0,-1.800059378481046,0.27342148471136973,0
9085,0,1,1,0,0,1,0,0,0,1,0,1,0,0,1,1,1,1,1,2,-0.9520591596511968,0.5938933207824786,0
9086,0,1,0,0,0,2,1,0,1,1,1,0,0,0,1,0,1,0,0,1,-1.0807760773646875,-0.1791981106023809,0
9087,0,0,0,0,0,1,0,0,1,2,1,1,1,1,0,0,1,2,0,1,1.6217827896093235,-0.7414115917212136,0
9088,0,0,0,0,1,1,0,0,1,0,0,1,2,0,0,1,0,0,1,1,1.1591507759707613,1.0634702456964058,0
9089,0,0,0,0,0,1,0,0,2,0,1,1,0,1,0,1,1,0,1,1,-0.5205818163135465,0.04469995473424687,0
9090,0,1,0,0,0,1,0,0,0,1,1,1,1,0,0,0,1,1,1,0,0.4523640569572552,0.006034368942136187,1
9091,1,1,1,0,0,0,0,1,2,0,0,0,0,1,0,2,1,0,0,0,-0.45738145916543377,0.12914026074420398,0
9092,0,0,0,0,0,0,0,0,1,0,1,0,0,0,0,0,2,0,0,0,-1.4679047861366443,-2.0095189754041094,1
9093,0,1,1,0,0,2,1,0,1,1,1,1,1,0,0,2,0,1,0,0,0.33055585175392804,0.40914613821416324,0
9094,2,0,2,2,1,0,0,0,0,0,1,0,1,1,1,1,1,1,2,0,2.2476804381659603,0.7695294191471382,1
9095,1,0,2,0,0,0,0,0,2,0,0,1,0,0,1,1,0,0,0,0,-1.9702847178533043,-0.41811433366453554,0
9096,0,1,0,0,1,2,1,1,2,0,1,1,1,0,0,2,0,1,0,1,0.32240637204353556,1.232985790253859,0
9097,1,1,0,0,0,0,0,0,2,0,1,1,1,1,0,2,1,0,0,0,-0.07118981552773544,0.5611138788359475,0
9098,0,0,2,0,0,1,0,0,1,0,0,1,1,0,0,2,1,0,1,1,0.0792122574684373,-1.1157439090953862,0
9099,1,2,0,0,1,1,0,1,1,0,1,0,1,0,0,0,2,0,2,1,-0.9098396772406372,-0.9942442004224586,0
9100,0,0,0,0,1,0,0,0,2,1,0,0,1,1,0,1,0,0,0,2,0.9314177349606718,-0.06638904639319931,0
9101,0,1,2,0,1,1,0,0,1,2,0,1,0,1,0,2,2,0,0,1,-0.33473462350442484,-0.49977621363516334,0
9102,0,1,1,0,0,1,0,0,1,1,0,1,2,0,1,1,1,1,1,1,0.49775114730456993,1.6043186030749725,0
9103,0,0,1,1,0,1,0,0,1,1,1,2,0,0,0,0,2,1,0,1,0.06574188159235168,-0.42237942290418584,0
9104,0,1,1,0,0,1,0,1,0,0,0,1,1,1,0,1,1,1,1,1,0.6011143080478546,0.9934150277679261,1
9105,0,1,0,0,0,1,0,0,0,0,0,0,0,1,0,2,1,1,2,2,0.6811900855049743,0.0008879926370469748,0
9106,1,1,1,0,0,0,0,1,1,0,0,2,0,0,0,1,0,0,2,1,1.2932987548318906,0.008789865202795344,0
9107,0,0,2,0,0,1,0,0,1,1,0,0,1,0,0,2,0,0,1,1,-2.1757070310725632,-0.9647720442783684,0
9108,1,1,1,0,0,1,0,1,2,0,1,2,2,1,0,1,1,1,1,2,-0.9841287135996922,-0.4378551583449397,0
9109,0,1,0,0,0,0,0,0,1,0,0,0,0,1,0,2,2,2,1,1,-1.9768494648876378,-1.4530812919834122,1
9110,0,0,1,1,0,1,0,1,1,0,0,0,2,2,0,1,0,1,1,1,0.4924704655804007,0.03773310280605602,0
9111,1,0,0,0,1,1,1,1,2,0,0,0,2,0,0,2,0,1,1,2,0.4290015989291619,1.1487744650040628,0
9112,0,1,2,0,0,0,0,0,0,0,0,0,0,0,0,0,1,2,2,1,2.268045948939504,0.2921846321659708,0
9113,0,0,1,1,0,1,0,1,2,2,0,0,1,0,0,1,1,2,1,0,-0.18271861416854332,0.435188445728305,0
9114,0,0,1,0,1,1,0,0,1,0,1,1,2,0,1,0,2,1,1,0,-0.5527157048623912,-0.7185582505807044,0
9115,0,0,1,0,1,2,0,0,0,0,1,0,0,1,1,1,0,1,2,2,-0.8315275547363958,-0.7908236987502346,0
9116,0,1,1,0,1,0,0,1,2,0,0,0,0,1,0,1,0,1,0,0,-1.3078815124952023,-1.2450605295043224,0
9117,0,0,0,0,0,0,0,0,2,0,0,1,0,1,0,0,0,1,0,2,-0.5924661450196707,-0.3484281041716355,1
9118,0,1,0,0,0,1,0,1,2,1,0,0,1,0,0,0,0,0,0,1,0.17962178314951013,-0.34635944523582773,0
9119,0,1,1,0,0,1,1,2,0,0,1,1,0,0,0,0,1,0,2,0,-0.060216356360251425,-0.5454023039174983,0
9120,0,2,1,0,0,1,0,1,0,0,1,1,0,0,0,0,1,0,1,0,-0.45347436668642166,-0.5498410060493417,0
9121,0,0,0,0,1,1,1,0,1,0,0,1,1,0,0,2,2,2,0,2,-0.4241693289059818,0.1655899214935946,0
9122,0,0,0,0,0,2,0,0,2,2,1,1,0,1,0,2,2,1,1,0,-0.5814139846277571,-0.8180361499086947,0
9123,0,1,1,1,0,0,0,0,0,1,0,0,0,0,1,1,0,1,1,0,1.1493654838150478,1.0566148465124099,1
9124,1,0,0,0,0,2,1,0,0,1,1,0,2,0,0,1,0,0,1,1,-0.9099419106020066,-0.36345966511145533,0
9125,0,1,0,0,0,0,1,0,1,1,0,2,0,0,0,1,0,0,1,1,-0.35856395621081577,0.9215261642439234,0
9126,0,0,1,0,1,1,1,0,1,0,0,1,0,0,0,1,1,0,0,1,-0.8687305417202976,-0.5870886197801526,1
9127,0,0,0,0,1,1,0,0,0,0,0,0,1,1,0,0,1,1,0,0,0.2017694943888886,-0.2262464826940865,0
9128,0,0,0,0,0,2,1,0,1,1,1,0,1,1,0,1,1,0,0,0,0.43836819819091644,-0.484865612096591,1
9129,0,0,0,1,0,1,0,0,0,1,1,2,1,1,1,1,1,1,1,0,0.3409403775563693,-0.014600477827753922,1
9130,0,1,1,0,0,1,0,0,2,0,1,0,1,1,0,0,1,1,1,0,0.18212295939903805,0.042590568984248234,0
9131,1,0,1,0,0,1,1,0,1,1,0,0,0,0,0,0,0,1,1,1,-1.9107584760388945,-2.0178611394749586,0
9132,0,1,1,0,0,1,0,0,1,1,2,1,1,1,0,1,0,1,1,1,1.182848955717951,0.2618319718582118,0
9133,1,0,1,0,0,1,0,0,1,0,0,0,2,1,0,2,0,0,0,0,0.5979598428941045,1.7627815371453148,0
9134,0,0,1,0,0,0,0,1,0,2,0,1,0,2,0,1,0,0,0,1,0.7479762262353061,0.6586816568733995,0
9135,1,1,0,0,0,2,0,0,0,0,1,0,1,0,0,0,1,1,1,0,0.4757756434536027,0.1261004489129936,0
9136,0,1,0,0,0,0,0,0,1,0,0,1,1,1,0,2,1,0,1,2,-0.13775214793984975,0.8791922841112522,1
9137,0,0,0,0,0,1,1,0,2,0,0,1,0,0,0,1,1,1,0,1,0.16462691611107408,-1.6999419028247778,0
9138,0,2,0,0,0,2,0,0,1,0,2,2,1,0,0,0,2,0,1,0,-0.9462612339543005,-2.0191594947262383,1
9139,0,0,1,0,0,2,0,1,2,1,0,1,0,1,0,2,1,0,1,0,-0.018510601240889834,-0.09470730214306472,1
9140,0,0,2,0,0,1,0,1,1,1,1,1,1,0,0,1,2,1,1,1,-1.1379535396989902,-2.453913492118782,0
9141,0,0,2,0,0,1,0,0,1,0,0,0,0,1,0,2,1,1,0,1,0.16199883348471705,0.5689500987146795,0
9142,0,2,1,0,0,1,0,0,2,2,0,2,2,1,0,1,0,1,1,1,0.22638748900900768,0.6304378503877412,0
9143,1,0,0,0,0,1,0,0,0,1,0,0,1,0,0,1,1,2,0,1,-2.0796677329671724,-2.0107477433701995,0
9144,0,0,1,0,0,2,1,0,0,0,0,0,0,0,1,2,2,1,0,1,-0.3261771248335103,-0.5575051097336021,1
9145,0,0,0,0,1,0,0,0,2,0,0,2,1,0,1,0,1,0,1,2,0.3192585533557192,-0.41589541456630635,1
9146,0,0,1,0,0,0,0,0,1,1,0,0,0,0,0,1,2,0,0,2,0.0277677252248757,1.113369351805704,0
9147,1,0,0,0,0,1,0,0,0,1,0,0,0,1,0,1,1,1,2,0,0.2738417606804895,0.44138938411695733,0
9148,1,1,0,0,1,2,0,0,0,1,1,0,1,1,1,2,0,1,0,1,-0.36064237358274015,-0.21955948221268523,0
9149,0,0,1,0,0,0,1,0,1,0,1,0,1,0,0,2,1,1,1,1,0.7401289943523042,-0.6983381124013563,0
9150,0,1,0,0,0,2,0,0,0,1,1,1,1,0,0,1,0,0,0,0,0.047030749780595696,0.07612799972016002,0
9151,1,0,1,0,1,0,0,1,1,0,0,1,2,0,0,2,0,1,1,1,-0.6221824219973037,-0.588757585615163,0
9152,0,1,0,0,1,0,0,0,2,1,0,0,1,1,0,1,2,0,1,0,-0.5475912689270979,0.6460100801770116,0
9153,0,0,1,0,0,1,0,0,2,0,0,0,0,0,0,1,1,0,0,1,-1.896512695962629,-1.3301728929517955,0
9154,0,0,2,0,0,2,0,0,1,1,1,1,1,0,0,1,1,0,0,0,0.14329072733846954,-1.0855759184110965,0
9155,0,0,1,0,1,1,0,0,1,0,0,1,1,0,0,2,1,0,1,1,-0.26513419548462475,0.05836531216244446,0
9156,0,0,0,0,0,1,1,0,1,0,1,1,1,0,0,0,1,1,1,0,0.32800180697608755,-0.5037839686790891,1
9157,0,0,1,0,0,2,0,0,0,0,2,0,0,0,0,0,0,2,1,0,-0.8594205943664451,-1.7512752430920677,0
9158,0,1,1,0,0,0,0,0,0,1,0,0,2,0,0,1,0,1,1,1,0.21293837372027657,-1.556234376600531,0
9159,0,1,2,0,0,1,0,0,1,1,0,0,0,0,0,1,0,0,2,0,-0.8245974724036512,1.2096225638061087,0
9160,0,1,0,0,0,0,0,0,0,0,1,1,1,0,0,1,1,0,0,0,0.06536408678958695,1.794672726937748,0
9161,0,2,0,0,0,0,1,0,0,0,0,0,0,1,0,2,0,0,0,2,0.8163784833767231,0.724857223113339,0
9162,0,2,1,0,0,0,1,0,1,0,0,2,0,0,1,1,1,0,0,0,-1.8140954150379147,-0.48424120123503567,1
9163,0,0,2,0,0,0,0,0,1,0,1,1,1,0,0,1,2,0,1,0,0.19094056645592786,-1.7488252304091743,0
9164,0,0,2,1,0,0,1,0,1,0,1,0,0,0,0,1,0,1,1,1,2.15861181894977,1.3177611953741653,0
9165,0,0,2,1,1,1,0,1,1,1,1,2,1,0,0,1,1,1,1,0,0.0011461716742495972,1.4201989054348905,0
9166,0,2,0,0,0,0,0,0,1,0,0,2,2,1,0,1,0,0,1,0,0.04021559160999114,-0.6549364736162074,0
9167,0,0,2,0,0,1,0,0,1,2,2,0,1,0,0,1,1,1,0,1,-2.7235520375032007,-1.6705493386207393,1
9168,0,0,2,0,1,1,1,0,2,1,2,0,1,1,1,0,0,0,0,0,-0.0034833437513751148,-0.2600736807842706,0
9169,0,0,1,0,0,2,1,0,2,1,2,2,2,0,0,1,1,0,1,2,0.5942003111172454,-0.8644047682878097,0
9170,0,0,0,0,0,1,0,0,1,1,0,1,2,0,0,0,1,0,0,0,0.2145255446332649,-1.3985057472515008,0
9171,0,0,0,1,0,1,0,0,1,0,0,0,2,1,0,2,0,1,1,0,-1.2029349859444192,0.3399350911341009,1
9172,0,1,2,0,0,0,0,1,1,1,1,0,1,1,0,1,1,0,1,0,-1.5483241717975678,-1.4135823157929388,0
9173,0,0,0,0,0,1,0,0,1,1,0,1,1,0,1,0,1,1,1,1,-0.8851281839309882,-1.3435103056686881,0
9174,0,0,0,0,0,0,0,0,0,0,0,0,2,0,1,1,0,0,2,1,1.1811035959941985,0.7229356445330174,0
9175,1,0,1,0,0,1,0,0,1,1,0,0,1,1,0,1,0,0,0,1,0.24646898216715873,0.9797695576997798,0
9176,0,0,1,0,0,2,0,1,2,1,0,1,0,0,0,0,2,2,1,0,-0.848231424216741,1.186871855635767,0
9177,0,1,1,1,0,1,0,0,0,0,0,0,2,0,1,0,1,2,1,0,1.0214005241775466,-1.6868822060783952,1
9178,0,0,1,0,0,1,0,1,1,1,0,1,2,0,0,1,1,1,2,1,0.285943157663195,0.013230874506884094,0
9179,0,0,1,0,0,1,0,0,1,0,2,0,1,1,0,1,0,0,1,1,-2.640047647630741,-1.8996171774454795,1
9180,0,1,1,0,0,1,0,0,1,1,1,1,0,0,0,1,1,1,1,1,2.0889509985373707,1.2675070442957899,0
9181,1,2,0,0,0,2,0,0,1,0,0,0,2,1,0,1,1,1,1,1,-0.46802228164406806,-0.46526626482636085,0
9182,0,0,0,0,0,1,0,0,1,0,0,0,0,0,0,2,1,0,1,1,-1.6409143192198752,-0.31737309009630743,0
9183,0,1,0,0,1,0,2,0,2,0,2,0,0,0,0,1,1,0,2,1,-0.05977252573318764,-0.6128595082473682,1
9184,1,1,0,0,0,1,0,0,2,0,0,0,1,0,0,0,1,0,1,0,0.3963754011554169,-1.078024581659628,1
9185,0,1,0,0,0,1,0,0,1,0,0,0,0,0,0,0,1,1,2,2,0.5713139720966585,-1.8427406245320428,0
9186,0,0,1,0,0,1,0,1,1,0,0,1,1,1,0,1,0,0,2,1,-0.37595871687520116,0.007139053021497144,1
9187,1,0,1,0,1,1,1,0,0,1,0,0,0,0,0,0,1,1,0,0,-0.16281413841043338,0.8653328742151458,0
9188,0,1,1,0,0,0,0,1,1,0,0,0,0,1,0,2,1,1,1,0,-0.7845739944788291,-0.4309200473722924,0
9189,0,0,0,1,0,0,0,0,0,0,1,2,1,0,0,1,1,1,1,1,-0.4531075500740099,0.14527115231427873,1
9190,0,1,0,0,1,1,1,0,0,1,1,1,0,0,0,1,0,0,1,0,-0.031383659271205476,0.3424251635319602,0
9191,0,2,0,0,0,0,1,0,1,1,1,0,0,0,1,1,2,0,2,1,0.10282385211895713,0.3570778008002703,1
9192,0,2,0,0,0,1,0,2,2,1,0,1,1,0,1,0,1,0,0,0,1.4731330376234169,0.5298566142673689,1
9193,1,1,0,0,0,1,0,1,0,1,0,1,0,0,0,1,1,0,1,0,-1.2121794315979966,-1.6371307414512546,0
9194,0,1,1,0,0,2,0,0,0,2,0,0,1,1,0,1,0,0,0,0,-1.4561844135181226,0.01978088060660782,0
9195,1,0,0,0,0,0,0,0,2,1,0,1,1,0,0,0,0,0,1,0,-1.1713916345694346,-2.033742179628942,0
9196,0,1,1,0,1,0,0,0,0,0,1,1,0,0,1,0,2,1,1,1,-1.015654059857041,-0.295834103800673,0
9197,0,1,2,0,0,1,0,0,1,0,1,1,2,0,0,1,1,1,0,1,1.7351734402822159,1.1173533632254207,1
9198,0,1,1,1,0,2,0,0,1,2,0,0,1,0,0,1,0,0,1,0,0.7477782877082912,-0.8544523099887826,0
9199,1,2,2,0,0,1,0,0,1,1,0,0,0,1,1,0,1,0,2,1,-0.4410585445427809,0.47286004947245736,0
9200,1,0,0,0,1,1,0,1,2,1,0,0,1,2,1,2,1,0,0,0,-0.936942600703845,0.19153899124920143,1
9201,0,1,1,0,0,0,1,0,1,0,1,1,0,1,1,0,1,0,0,0,-0.6344727808015765,-1.3021645696870003,0
9202,0,1,0,0,0,1,1,0,1,1,0,0,1,0,0,1,1,0,2,0,-0.48770601171507366,-0.10486616147577936,1
9203,0,1,2,0,0,1,1,0,1,0,0,1,2,0,0,1,1,0,2,1,-0.7658751260239919,-0.2539950618585417,0
9204,0,0,1,0,0,1,0,1,2,1,0,1,0,1,0,2,0,1,1,0,1.7602253594243005,-0.10585891650553014,1
9205,0,0,1,1,0,2,0,1,0,0,0,0,0,1,0,0,0,2,0,0,0.6717259115784647,1.2348116175745583,1
9206,0,1,1,0,0,2,0,0,2,1,0,0,2,0,1,1,1,0,1,0,-2.7334759511848046,-0.2797769516416174,0
9207,0,0,1,0,0,1,0,0,1,0,0,0,0,0,0,2,2,1,0,1,0.9062281175035134,0.7284466900685718,1
9208,1,1,1,1,0,0,0,1,0,0,0,2,0,1,1,1,0,1,0,0,-0.13629406292179844,0.07123372787527446,0
9209,0,0,0,1,0,1,0,0,1,1,0,0,1,0,0,2,0,1,2,0,0.6506703547437739,0.09527087488549324,0
9210,1,0,1,0,0,1,0,0,1,1,0,0,1,0,1,0,1,0,1,1,-0.0002058002740333921,-1.1746945219494007,0
9211,0,0,0,0,0,2,0,0,1,1,1,2,0,1,0,2,0,0,0,0,-0.06491768737007202,1.0662431946146154,1
9212,0,1,2,0,0,2,0,0,1,0,1,1,0,1,1,2,2,0,0,2,0.29849880452075367,1.8162168464990769,0
9213,0,0,2,0,0,1,0,0,0,0,0,0,0,1,0,2,1,0,2,1,0.37040949607711354,1.1906202871568288,0
9214,0,0,0,1,0,1,1,0,2,0,0,0,0,0,0,1,1,1,2,1,0.8152288996357067,-0.7036741102211499,0
9215,0,0,1,1,1,1,0,0,1,0,1,1,0,1,0,1,0,0,1,1,0.03058955155817393,0.2202818091666349,0
9216,1,0,2,0,1,1,0,0,2,1,0,1,0,0,0,1,1,1,1,0,1.2092131520676441,0.17630920474961342,0
9217,0,0,1,0,1,0,0,0,1,1,0,0,1,1,0,0,0,1,0,1,-0.5854889960862408,-1.6593007339806705,0
9218,0,1,0,0,0,0,0,0,2,0,0,0,2,0,0,1,0,1,1,1,-1.6608455936069522,-0.1234101142617563,0
9219,0,1,0,0,0,1,0,0,1,0,0,1,0,0,1,1,0,1,1,2,-0.0020971615762694486,0.37589123634056565,0
9220,0,0,0,0,0,1,1,0,0,1,1,1,0,0,0,0,0,0,1,0,2.048964547649733,-0.10602553148016436,0
9221,0,0,0,0,0,2,1,0,1,0,1,0,1,1,0,2,2,0,2,1,-0.1237241934085467,-0.14596929011917076,0
9222,1,1,1,0,0,1,0,0,0,1,2,1,0,1,0,1,0,0,0,0,-0.29164377228995375,0.5868593830671682,1
9223,1,0,1,1,0,1,0,0,0,1,2,2,2,0,1,1,1,1,1,0,1.340920136605738,0.12026110440525561,1
9224,0,0,0,1,0,2,0,0,2,0,0,0,1,0,0,0,1,1,1,0,1.4261734793762892,1.4090928563473948,1
9225,0,0,0,0,0,0,0,0,2,2,1,0,0,1,0,0,1,0,0,0,1.5230249023249451,0.2984318244375854,0
9226,1,1,1,0,0,1,0,0,2,1,0,0,0,1,0,1,0,0,1,2,1.1829019114270671,0.7383482508896416,1
9227,0,0,0,0,0,1,0,1,2,2,0,1,0,0,0,2,1,1,1,1,-1.3580348473108912,0.794809175025723,1
9228,0,0,0,0,1,2,0,0,2,1,0,0,1,1,0,1,1,0,0,1,-0.4316414619588223,-1.3066402096646161,0
9229,0,0,1,0,0,1,0,0,2,1,0,1,2,0,0,0,1,1,1,0,-1.4876751998654056,-1.5928520438343625,0
9230,1,0,2,0,1,0,0,0,0,0,1,1,0,1,0,1,0,1,0,0,0.6917968797760544,0.7929790107909107,0
9231,0,1,0,0,1,1,0,0,1,0,0,1,1,0,0,0,1,0,0,2,-0.32508462059459364,-1.0003047389021669,0
9232,0,0,1,0,1,0,0,0,2,1,1,0,0,0,0,2,0,0,0,0,0.9940062979365237,0.022168846137740672,0
9233,0,1,1,0,0,2,0,0,0,0,0,0,1,1,0,0,0,0,1,1,-0.4966086585136084,0.54722999368139,0
9234,0,0,1,0,1,2,1,0,0,1,0,1,1,0,0,2,0,1,0,0,-0.23292992704226437,-0.7152912863686243,0
9235,1,0,0,0,1,0,0,0,1,1,0,0,0,0,0,2,1,1,1,1,1.0208268569140837,0.5449111664085544,0
9236,1,1,0,0,0,1,1,0,0,0,0,1,0,0,0,1,0,0,0,0,-0.5192655991078458,1.0925405574840767,0
9237,0,1,0,0,1,1,1,1,1,0,0,0,0,0,0,1,1,1,0,2,-0.364350967328276,-1.311234031995315,0
9238,0,0,1,2,1,0,0,0,1,1,0,0,1,1,0,0,1,0,0,1,-0.5007303360008892,0.45845680064414607,0
9239,1,0,0,0,1,1,0,1,0,2,0,1,1,0,0,1,0,1,2,1,-0.5257477157504028,0.24304498095125834,0
9240,0,0,1,0,0,0,0,0,1,1,0,1,0,0,2,1,1,1,0,2,-0.31839807750635685,1.1357738483184856,1
9241,0,0,1,0,0,2,1,0,1,1,1,1,0,1,0,2,2,1,0,2,-1.1104169144578253,0.36714308286595443,0
9242,0,1,2,0,1,2,0,0,1,0,0,0,0,0,1,0,0,1,1,0,0.2967919560211936,-0.6394301038390324,1
9243,0,0,0,0,0,1,0,0,1,0,0,0,0,1,0,0,0,0,0,0,0.367270229816309,-0.8868730635300452,1
9244,0,1,0,0,0,1,0,0,0,2,0,0,0,0,1,0,0,1,1,0,-0.5797155725672059,0.11772855835697643,0
9245,0,1,0,0,0,1,0,0,1,0,1,1,0,0,0,2,1,0,2,1,-1.698560593346446,-0.3147400255739528,0
9246,0,2,1,0,0,1,1,1,2,0,1,2,1,1,0,1,1,1,1,1,1.385451024313471,0.7947208715002455,0
9247,1,1,0,0,0,0,0,1,0,0,1,1,0,1,0,1,0,0,1,1,-0.2526460291844394,-0.6668211897430657,1
9248,0,0,1,0,0,2,0,0,0,0,1,1,0,1,0,1,0,1,2,1,-0.9700859421431745,-0.2112717318162755,0
9249,0,1,0,0,0,1,0,0,0,0,0,0,1,0,0,2,1,1,1,0,0.2806700627178057,0.31794589236451504,0
9250,1,0,1,0,0,1,0,0,2,1,0,1,0,0,1,1,0,1,1,0,-0.28007275589380015,0.1805555657188087,0
9251,0,0,0,0,0,2,0,0,0,1,0,2,0,1,0,0,1,0,0,1,0.18278792110540942,-0.014414721735466651,1
9252,0,1,2,0,0,1,0,0,1,1,0,1,2,0,0,1,1,1,2,0,-0.615646743741183,1.7613087878575318,1
9253,0,0,0,0,1,1,0,1,0,1,0,0,1,0,0,1,1,2,1,0,0.43647974197502726,-1.4190550517769296,1
9254,1,0,1,0,0,1,0,0,0,1,0,1,1,0,1,1,2,1,1,2,0.38083929847328923,1.9796567367629674,1
9255,0,0,2,1,0,1,0,0,1,2,1,1,1,0,0,1,0,0,0,1,-0.23422650742463755,-0.9339694165538287,0
9256,1,0,2,0,0,1,1,0,2,1,0,1,0,1,0,0,1,1,2,0,-0.727548869492575,1.0577361930654459,1
9257,0,0,1,0,0,1,0,0,0,2,1,1,0,1,1,1,1,1,2,0,-0.9788582049838414,-0.17811743846596556,0
9258,0,1,0,1,0,0,0,0,1,0,1,1,2,0,0,1,2,1,2,1,1.0506315003175852,0.3085841436624174,0
9259,0,0,1,0,0,0,0,0,1,0,1,2,0,1,1,1,0,0,0,0,0.287742122714739,0.5789633407238415,0
9260,1,0,0,1,1,0,0,1,2,0,0,1,0,1,1,2,2,0,1,0,0.30308496985730454,-1.014028737219099,1
9261,0,2,0,0,0,1,0,0,1,1,0,0,0,0,0,1,1,0,0,2,-0.1522871340030585,-1.299651611084942,0
9262,0,0,1,0,0,1,0,0,0,0,0,1,1,1,0,1,1,0,0,1,0.6034585874103775,-1.0235427552140364,0
9263,0,1,2,0,0,0,0,0,0,1,0,0,1,0,0,1,1,0,2,1,-0.7122807213167586,-1.0131455905832913,0
9264,1,1,1,0,0,1,0,0,1,1,1,1,1,0,1,1,0,1,1,0,0.3323541483364291,0.2388069715512208,0
9265,0,1,0,0,0,0,0,0,2,0,1,2,2,0,1,1,0,1,2,1,1.0524154500370362,-0.869047412195483,0
9266,0,1,0,0,0,1,0,1,0,1,0,0,0,1,1,0,1,1,0,1,-0.2079099469719961,-0.514635311425169,0
9267,1,0,1,0,1,1,0,0,2,0,0,0,0,2,1,1,1,1,0,1,-0.2884476658430004,0.052961500171800846,1
9268,0,0,1,0,0,1,0,0,1,1,0,0,0,0,1,1,1,0,1,0,-0.41114393320745984,2.028479451155398,0
9269,0,0,0,0,0,0,0,0,1,2,1,1,0,0,0,0,0,0,1,1,1.7340486493665734,0.46334721839165754,0
9270,1,1,1,0,1,2,0,0,1,1,0,1,0,0,1,1,2,1,1,0,0.038588419540838075,-0.8953432225089871,0
9271,0,0,0,0,1,0,0,0,1,0,1,1,0,1,0,1,1,0,0,0,0.03945411535099255,-0.09295483245739156,1
9272,1,1,1,0,0,0,0,0,1,0,0,0,1,1,1,1,2,1,1,0,0.35753484951992054,-1.3310445136417304,1
9273,0,0,0,0,0,1,0,1,1,0,0,1,0,0,0,1,0,1,1,0,0.41872326619277594,0.9702246263330623,1
9274,0,1,0,0,0,0,2,0,2,1,0,1,1,0,0,0,0,0,2,1,1.6542798710550979,1.897142944594989,1
9275,0,1,1,0,0,1,1,0,1,1,0,2,1,0,1,1,2,0,1,0,1.9072445932976052,-0.5554316427609657,0
9276,1,1,0,0,0,1,0,0,1,0,1,0,0,0,0,2,1,1,0,1,-0.21630982451640338,1.0702530248117617,0
9277,0,2,0,0,0,1,0,0,0,1,0,0,1,0,0,2,2,1,1,1,0.38665580962005336,-0.08259079372996114,0
9278,1,1,0,0,0,0,0,0,2,0,0,1,1,0,0,0,0,2,1,0,-0.8862557804967995,-0.4140569945814623,0
9279,0,1,0,0,1,2,1,0,1,1,0,2,0,0,0,0,1,1,1,0,-0.24273560488051268,0.1542778210440926,0
9280,0,0,1,0,0,1,0,0,1,2,0,0,0,1,0,0,0,1,0,1,0.396827468477698,0.358829965823817,0
9281,0,1,1,0,1,1,1,1,1,1,2,0,1,0,0,1,1,1,1,1,2.100433126635719,-0.5429167904635794,1
9282,0,1,0,0,0,2,0,0,1,0,0,1,1,0,1,1,0,1,1,0,-0.11455316867020887,-2.3965653617952505,0
9283,0,0,1,0,0,1,0,0,1,0,0,1,1,0,1,1,1,0,1,0,-3.1088541668991407,1.1355714134619634,0
9284,0,0,0,0,0,1,0,2,0,1,1,1,0,0,2,1,0,0,2,1,0.3602934089591339,0.8856497793095643,0
9285,0,0,1,1,0,0,0,1,1,2,0,0,1,0,1,1,0,0,0,0,-0.11586227206278982,-0.04505879574401356,0
9286,0,0,1,0,0,0,0,0,1,0,1,1,2,0,0,1,2,2,1,0,0.3514773363647536,-0.8622211318688944,1
9287,0,0,0,0,0,1,0,0,1,2,0,2,1,0,0,1,0,1,2,0,-0.5325541364735954,-0.03731501780504162,1
9288,0,0,2,1,0,1,0,0,2,0,0,0,1,0,0,0,2,0,1,2,-0.6452028400446422,1.0076134050523782,0
9289,0,1,2,0,0,1,0,0,1,1,0,2,2,0,0,0,2,0,0,1,0.8762380830978397,0.8394374007315909,0
9290,0,1,0,1,0,1,0,0,1,0,0,1,0,2,1,1,1,0,1,1,-1.0023510507143092,-0.5290832994967785,0
9291,1,0,1,0,0,1,0,0,0,0,1,1,0,1,1,1,0,0,0,1,-1.0950628164350913,-0.33460157195639395,0
9292,0,1,0,0,0,1,0,1,1,1,0,1,1,0,0,1,0,0,1,0,0.21374649988364114,-0.8883427498446489,1
9293,0,0,1,0,1,0,0,0,2,0,1,0,1,0,0,1,2,1,1,1,-0.0876031660320347,-0.9902336530283335,0
9294,0,1,0,0,1,0,0,0,0,0,1,0,0,0,0,0,2,0,1,1,0.7708143676917073,-1.6824086779099543,0
9295,0,1,0,0,0,0,0,0,1,0,1,0,1,0,1,2,2,1,1,0,0.5471208508886325,-1.5402446880644176,0
9296,0,0,0,0,2,1,1,0,0,1,0,1,1,0,0,0,1,0,0,0,-0.003963988159011528,0.028206922094778986,0
9297,0,0,0,0,0,1,0,0,1,0,0,0,1,0,0,2,1,1,1,0,-1.059087453226826,1.281498075024557,0
9298,0,1,0,0,0,1,0,0,1,1,1,0,0,1,0,1,0,0,1,1,-0.2923118107455235,1.536004672737338,1
9299,0,0,0,0,1,1,0,0,1,1,0,0,1,0,0,1,0,1,0,1,-2.1080178446688875,-1.3047929474359727,0
9300,0,0,1,0,1,1,0,0,0,1,1,0,1,0,0,1,1,0,1,0,-0.5402880325271182,-1.7875024537818218,0
9301,0,1,1,0,1,2,0,0,1,0,0,1,0,0,0,0,1,0,1,0,-3.2219668102341923,-1.4963980492372249,0
9302,0,0,0,1,0,2,0,1,1,1,0,1,1,1,0,2,1,1,1,1,1.6642974522183096,0.8186826901632145,1
9303,0,1,1,0,0,2,0,1,2,1,0,1,0,0,1,1,1,0,0,0,0.5431121921385726,-0.17049906606225756,1
9304,0,1,2,1,0,2,0,0,2,0,1,1,0,0,0,1,0,1,0,0,0.9587630921902227,0.8532525646183801,0
9305,1,0,0,0,0,0,0,0,1,0,1,1,1,0,1,2,1,1,0,1,-0.6868182656149173,-0.10052110651393986,0
9306,1,1,0,0,0,2,0,1,1,1,0,1,2,0,0,0,2,0,1,0,-0.8262403379102549,-0.9984844892295857,0
9307,0,0,2,0,1,1,1,0,1,1,0,1,1,0,1,2,0,0,1,0,0.8009955332915655,0.1172095336648844,1
9308,0,1,0,2,1,2,1,0,2,2,0,1,2,1,2,0,0,1,1,2,0.6506679588725627,0.39938461691712884,0
9309,0,1,0,0,1,1,0,0,1,0,0,0,0,1,0,1,1,1,1,0,-0.7349605220753308,-1.1217419340846544,0
9310,0,1,1,0,0,0,0,0,1,1,2,1,0,0,0,0,1,1,1,1,-1.1860822423510757,-2.5393708436597193,0
9311,0,0,0,0,0,1,1,2,1,0,0,1,0,0,0,0,0,1,1,0,-0.4566779650834014,-1.2519061827107705,0
9312,0,1,1,0,0,0,0,0,1,0,1,0,1,0,0,1,0,1,0,0,0.8462517272495393,1.1537295901010927,0
9313,0,1,2,0,0,0,0,0,2,0,0,0,0,2,0,0,1,1,0,0,-0.9148630519345803,-1.436685323836723,1
9314,0,1,0,0,0,1,0,0,2,0,0,0,0,0,0,0,1,0,0,0,-0.3321982349677586,-1.2826908721168775,0
9315,0,0,1,1,0,0,1,0,1,1,0,1,1,1,2,2,0,0,1,1,-0.34857885465553934,-0.4098358440603648,0
9316,1,0,1,1,0,2,0,0,1,1,1,0,0,0,0,1,1,1,2,0,2.109452111333429,0.30127580590126435,0
9317,0,0,1,0,0,0,0,0,1,0,0,2,0,0,0,0,1,0,1,1,-1.475659701288184,-1.4941448584615808,0
9318,0,1,1,0,0,2,0,0,1,1,0,0,1,0,1,2,0,0,1,1,2.1838461615525944,2.106822353258699,1
9319,0,1,0,0,0,2,0,0,1,1,1,1,0,1,0,0,1,1,0,1,0.9541124358653826,-0.2990552866418591,0
9320,0,2,1,0,0,1,0,1,1,1,0,1,0,1,1,0,1,0,0,2,-0.23024256518372174,-0.6052130640845028,0
9321,0,0,1,0,0,1,0,0,1,0,1,1,0,1,0,0,0,0,0,2,-0.9204343579750366,0.3097406853627552,0
9322,1,1,0,1,0,0,1,1,1,2,1,1,0,0,0,1,1,2,0,1,1.2654354107207846,0.6361617009778034,0
9323,0,1,1,0,0,1,0,0,0,1,1,0,1,0,0,1,0,1,2,1,-0.36550535832623016,0.1340880641057689,0
9324,0,1,2,0,0,1,0,0,0,0,1,0,0,1,0,1,0,0,1,1,-0.6828390910794261,0.5006306709669684,0
9325,0,1,1,1,0,0,0,0,1,0,0,1,1,0,0,2,1,1,1,0,-0.20723722594159122,-0.500222337247721,1
9326,0,0,0,0,1,1,0,0,1,0,0,0,1,0,0,0,0,1,0,0,-1.800978375383626,-0.054556804672935666,0
9327,1,1,2,0,1,1,0,0,0,1,2,1,2,0,0,0,1,1,1,0,0.18573127252298,-0.957098572736486,0
9328,1,0,1,1,0,1,0,0,1,2,0,1,1,1,0,1,0,0,2,0,0.7119579497341813,0.6759224394770593,0
9329,0,1,1,0,1,1,1,0,1,1,0,1,1,0,0,2,1,0,1,0,0.14721389126399462,0.10990816361912073,0
9330,1,0,1,0,0,0,0,0,0,2,0,2,0,0,1,1,1,0,0,2,0.3914072700207728,1.0595829074098453,1
9331,0,1,0,0,0,1,0,0,1,1,0,0,1,0,0,1,1,1,0,0,0.8295965314973718,0.45810054773343684,1
9332,0,0,1,0,0,2,0,0,0,0,0,0,1,0,0,1,1,1,0,0,-0.5988821734305569,1.657908834591393,0
9333,0,1,2,0,0,2,0,0,1,0,0,2,0,0,0,0,1,0,0,1,0.8126220269052034,-1.770436697666849,0
9334,0,0,1,0,0,1,0,0,2,0,2,0,1,0,0,1,1,1,0,1,1.0055515755855513,0.4284042102462447,0
9335,0,1,2,0,0,0,0,1,1,0,1,0,1,0,0,2,0,0,1,0,-0.9496161302064933,-1.4117805085943451,1
9336,0,0,0,0,0,2,0,1,2,2,1,0,0,0,0,1,1,1,0,0,-1.7129574055490835,-0.4043032213827518,1
9337,1,0,1,0,0,0,1,0,1,1,0,1,1,0,0,1,1,1,0,0,-0.24163972777407902,-0.45427490455041614,0
9338,0,0,0,0,0,0,0,0,2,0,1,0,0,1,0,1,1,1,0,0,0.7478904647917877,1.6426253826242263,1
9339,0,1,0,0,0,2,0,0,2,0,0,1,1,0,0,0,1,2,0,1,0.39291479383854516,0.20521004424911438,1
9340,0,1,2,0,0,1,0,0,1,1,0,1,1,0,0,0,1,0,1,0,1.6992872608632454,-0.17750803391383696,1
9341,0,1,1,0,0,2,0,0,0,2,0,1,2,2,0,2,1,1,0,1,-0.3830768864101246,0.348140319181241,1
9342,0,0,2,0,0,1,0,0,1,1,0,0,1,0,0,1,0,1,1,0,-1.7379574624550835,-0.547568019945612,0
9343,0,0,1,0,0,1,0,0,0,2,1,1,0,0,1,1,0,1,0,0,0.5504647931919926,0.3198893133854424,0
9344,0,2,0,0,2,0,0,0,0,1,0,0,0,0,0,1,1,2,2,0,-0.10809070459268787,0.05538700169828592,0
9345,1,0,1,0,0,1,0,0,0,1,0,0,0,0,0,0,1,0,1,0,-0.422553100579292,-0.21129124771204283,1
9346,0,0,2,0,0,0,0,0,1,1,0,1,0,1,1,0,2,0,2,0,0.6657695383206713,-0.3170483631588621,0
9347,1,1,1,0,0,0,0,0,1,2,0,2,0,0,0,0,1,0,1,1,-0.13942158257815723,0.06861948394823487,0
9348,0,0,0,0,0,1,1,0,2,2,0,0,1,0,0,0,0,0,0,1,0.8072416374168848,0.1000384236961076,0
9349,1,1,0,0,0,1,0,0,0,1,0,0,0,1,0,1,0,1,1,2,0.9826974963023063,-0.137882754155375,1
9350,1,0,0,0,0,1,0,1,1,0,1,1,0,0,0,0,1,0,0,1,0.5842723679226305,0.6865693751250564,1
9351,0,1,1,0,1,1,0,1,2,2,1,0,0,0,1,1,1,1,0,2,1.5203269085368292,-0.15665257493324714,0
9352,0,0,0,0,0,0,0,0,1,0,0,0,0,0,0,1,0,1,1,0,-0.6203696734212448,-0.6202101768924653,0
9353,0,2,1,0,0,2,0,0,1,1,0,0,1,0,0,2,2,1,0,0,-1.001663021695119,-0.8344855153878412,1
9354,0,0,1,0,0,0,0,0,0,1,0,2,0,1,0,0,0,0,2,2,0.8863813571841489,1.8549415890320218,0
9355,0,1,0,0,1,1,0,0,1,0,0,1,2,0,0,2,1,1,0,1,-0.3988190965549958,-0.015951450857548344,0
9356,0,1,0,0,0,0,0,0,0,0,0,0,1,0,0,0,0,0,0,1,0.10755167062810098,-0.22888809778745603,1
9357,0,1,0,0,0,2,0,1,1,2,1,1,1,0,0,1,1,0,0,1,-0.2605831337722915,0.5481177737628535,0
9358,0,0,1,0,0,0,0,0,1,0,0,1,2,0,0,1,1,0,1,1,1.2331061794222846,1.9727972123527526,0
9359,0,1,0,0,0,2,0,1,1,0,0,0,1,2,0,0,0,0,0,0,-0.20756395321179463,-0.27831469558433486,0
9360,0,1,1,1,0,1,0,0,1,1,0,1,1,0,0,1,2,1,2,0,0.9205524767506945,-0.32816843024788445,0
9361,0,0,2,0,1,1,0,0,0,0,2,0,0,0,0,0,1,0,1,2,0.07906250899854167,-0.9238254411763187,1
9362,0,1,1,1,0,0,0,0,0,0,0,0,2,0,0,1,1,2,1,1,0.38281442396726917,1.0295341574219878,0
9363,0,0,0,0,0,0,1,1,1,0,1,1,0,1,1,0,0,1,1,0,1.1013550419553044,-0.6089592142447615,1
9364,0,1,0,0,0,1,1,0,0,1,1,2,1,0,0,0,1,0,1,1,-0.3143300572429257,-1.602834548909056,0
9365,1,2,1,0,0,1,0,1,2,0,1,0,1,0,0,1,0,0,0,0,-2.225009583925954,-2.6539810840201956,0
9366,1,1,1,0,0,1,0,0,1,1,0,0,1,0,0,2,1,0,1,1,-0.2959209624251498,-0.7089832277843495,1
9367,0,1,0,0,1,2,0,0,2,0,0,0,2,1,0,1,1,0,0,0,-0.46630011225294243,0.46339145623434597,0
9368,0,0,0,0,0,2,0,0,0,2,0,0,0,1,0,1,1,0,1,1,0.42665089267479256,1.523510334132471,0
9369,0,0,1,0,0,1,0,1,1,2,0,2,1,1,0,2,1,1,1,1,0.05450263887275304,0.8804521237963565,1
9370,0,1,1,0,0,1,0,0,0,0,0,1,1,1,0,0,1,0,0,0,0.2843976063325097,0.08435636211669312,1
9371,1,0,1,0,0,0,0,0,0,2,1,0,2,1,0,2,1,0,0,1,-0.7621501900437615,-0.8225537624886295,0
9372,1,0,1,0,1,1,0,0,1,1,2,0,1,1,0,1,1,1,0,0,-0.3941623877421191,1.714400730176627,1
9373,0,1,1,0,1,1,0,0,2,1,0,0,0,0,0,1,1,1,0,0,-1.144663512557441,0.0433705919098637,0
9374,0,1,0,0,0,1,0,0,2,0,0,0,1,1,0,0,0,1,2,1,1.4012428877721084,0.7652750049606738,1
9375,1,0,2,0,0,0,0,0,1,0,0,1,0,0,1,1,1,1,0,0,-1.890079620949885,0.03974726406041362,0
9376,0,0,0,0,0,1,1,0,2,0,0,1,2,0,0,0,0,0,0,2,2.040226094670696,-0.7776126503258846,0
9377,0,0,0,0,0,0,0,0,0,0,0,0,0,0,0,1,1,0,1,0,-1.1566009624482743,-0.7594335178262552,0
9378,1,0,1,0,0,1,0,0,1,0,0,1,1,0,1,0,1,0,1,1,0.7180966595251748,-0.8180950562221732,0
9379,0,1,0,0,0,2,0,0,0,0,1,1,0,1,1,0,1,1,0,0,-0.8049890760187085,-0.5663098117740704,0
