id,snp0,snp1,snp2,snp3,snp4,snp5,snp6,snp7,snp8,snp9,snp10,snp11,snp12,snp13,snp14,snp15,snp16,snp17,snp18,snp19,U,X,Y
0,1,0,1,0,0,1,0,1,1,0,1,0,0,1,0,0,1,0,0,0,-0.16552358146188806,1.9446892728484069,1.3166331326613039
1,1,1,0,0,0,0,0,0,0,2,0,1,0,2,1,2,0,0,1,0,-0.2225086404102931,-0.34209255476597783,1.3137826382223132
2,1,1,0,0,0,1,1,0,0,0,0,1,0,1,1,2,2,1,1,0,-0.24857934773200718,0.19780323562951624,-0.0010485545161617372
3,1,2,0,0,0,2,0,0,0,1,1,1,1,1,2,0,1,0,0,0,-0.7443114751410259,-1.036721414286691,-0.6519207722184475
4,2,1,0,0,0,0,0,0,1,1,1,0,0,0,1,2,1,0,1,0,0.25027586121826206,-1.0635976827460683,0.3960741141424771
5,2,0,1,0,0,1,0,0,0,0,0,0,0,0,0,0,1,1,0,0,0.5340932144677285,0.33142573692567995,-0.40502378140786255
6,1,1,1,1,0,1,0,0,0,2,1,1,0,1,1,0,0,0,1,0,0.6413351243293096,0.06690762051080545,-0.29981981388976847
7,0,1,0,0,0,0,0,0,0,0,1,0,0,2,1,2,0,0,0,0,0.9561187056108087,0.17049086480053494,-1.7119495574496706
8,0,0,1,0,0,0,0,0,0,1,1,0,0,1,2,0,1,0,0,0,-0.3534978291715034,-0.0059783287551594955,-1.2831998687437616
9,0,2,0,0,0,0,0,0,0,2,2,0,1,2,0,2,0,1,0,0,-1.2015240005011618,-0.9185551444358748,0.11118600100017884
10,1,0,1,1,0,0,2,0,1,1,0,0,0,1,0,0,0,0,0,0,-1.5907204921510798,0.003458703838186361,-0.24010373797422088
11,2,0,0,1,0,0,1,0,0,2,1,0,0,0,2,2,0,0,0,0,0.7039485497690258,-0.9048571212272641,1.946029710985782
12,1,1,0,0,0,0,1,0,0,1,0,0,2,1,1,1,0,1,0,0,-0.8644510657586771,-0.6579775130753838,-0.883352270322549
13,2,1,2,0,0,0,0,1,0,1,0,0,1,1,1,0,2,2,1,0,-0.04740589542249496,0.2140564393488305,1.4985425984695218
14,1,0,0,0,0,0,0,0,0,2,0,0,0,2,2,0,1,0,0,0,-0.4756432137507046,0.7370736235679651,0.4982137904810884
15,0,2,0,0,0,0,1,1,0,0,1,0,0,1,0,0,0,0,1,0,-1.1998413385818651,-1.4810134635952288,0.32593283279847807
16,0,2,1,0,0,2,1,0,0,1,1,0,1,1,1,1,0,0,2,0,1.1209926807683974,3.0564282100628066,2.0011448001892695
17,0,0,0,0,0,0,0,0,0,2,2,0,0,1,1,1,1,1,2,0,-0.3253202951390128,1.48318130043547,0.8993370238051326
18,0,2,1,0,0,1,1,1,0,0,0,0,1,1,1,0,1,1,2,0,1.8521338230785538,1.6224933707390496,0.990005802265917
19,0,1,0,0,0,1,1,0,1,0,0,0,0,0,1,2,0,0,1,0,0.714941322896053,0.39773902114398946,-0.479530611120233
20,2,2,1,0,0,0,0,0,0,1,0,1,0,1,2,0,0,0,1,0,1.7948705426920148,2.093650094122802,3.0104147307099103
21,0,1,0,0,0,0,2,0,0,2,1,0,0,0,1,2,1,0,1,1,-0.4735300081827927,1.178392224054845,1.1413212284713996
22,0,0,2,0,0,0,0,0,0,0,1,1,0,0,0,1,1,0,1,0,0.13035796269103456,-1.5176118596566717,-0.7667570794744036
23,1,1,0,0,1,0,1,0,1,1,1,0,0,0,1,1,0,0,1,0,-0.5748596148671509,-0.9696672505381283,-0.6176171078272219
24,0,1,1,0,0,0,1,0,0,2,0,0,0,1,1,1,1,0,2,0,0.6912838286772119,-0.3747031953523664,-0.8078317658631269
25,1,1,0,1,0,0,0,0,0,0,2,0,1,1,1,1,0,0,1,0,0.3213094044875374,0.9931694883748661,-0.5659780690769923
26,0,0,0,0,0,0,0,0,0,2,0,0,0,2,1,1,1,0,2,0,-0.2504370052687059,-0.96946121130291,0.9224005795780178
27,1,0,1,2,0,0,0,0,0,0,1,0,1,2,0,0,1,0,0,1,2.42930077892772,0.9558980890623716,0.6939102272452073
28,1,0,0,0,0,0,1,0,0,2,1,0,1,0,2,1,0,0,0,0,1.2945385084197707,0.22417034058171847,0.17918881506932005
29,1,1,1,1,0,0,0,1,0,1,1,0,0,1,0,0,0,0,1,1,0.7474078655494385,1.3346223197497482,1.1060426659546458
30,0,2,0,1,0,1,1,0,0,2,0,1,0,1,0,1,0,1,0,0,-0.7120099158780182,0.2883846049537626,-1.2014429918643954
31,2,1,0,1,1,0,0,0,0,1,1,1,0,0,1,2,0,1,0,0,0.1711969092873056,-2.25073332243604,0.8094890925772908
32,1,0,1,1,0,0,0,0,0,0,0,1,1,1,2,0,0,1,1,0,0.6135529964322561,-0.13323018702776623,0.868415260945256
33,0,0,0,1,1,0,1,0,0,1,1,0,0,2,0,0,1,1,1,0,0.47451546578353027,-0.28601979318533155,1.216267559774074
34,0,0,2,1,0,0,0,0,0,0,0,0,1,2,1,0,2,0,1,0,0.08378773482794553,-0.15251616152541292,-0.3639461780333194
35,0,0,0,1,0,1,0,0,1,1,0,0,0,1,1,1,1,1,2,0,-0.9914864822644492,-0.3500310523445841,0.7131590966632488
36,1,2,0,0,0,0,0,0,0,1,1,0,1,0,1,1,0,0,1,0,-1.0320630766406869,-0.998783161655446,0.2622040452198106
37,1,2,1,0,0,1,2,0,0,0,2,0,0,1,0,1,0,1,1,0,-0.5431682495880034,0.749571316842628,1.9840139103587535
38,1,1,0,1,1,0,1,0,0,1,0,0,2,1,1,1,0,0,2,0,0.9666184844560273,1.8625146541065982,1.2310759416922783
39,2,2,0,0,0,0,1,2,0,0,2,0,2,2,2,1,0,1,1,0,-0.25501166386790286,-0.5396294994560804,1.094153351064654
40,0,1,1,0,1,1,0,0,0,0,1,0,0,1,0,1,0,0,1,0,1.1072812797338356,-0.7351121829565064,2.2984566713682
41,2,1,2,0,0,1,0,0,0,1,0,0,1,0,1,0,1,0,1,0,-0.6448929965002314,0.025405757460873535,1.0922761296798402
42,1,0,1,0,0,0,1,0,0,0,0,0,1,0,1,1,0,1,1,0,0.7828817482024039,0.8036325505817152,1.7595263983149685
43,1,1,0,1,1,1,0,0,0,1,1,0,1,1,1,1,1,0,2,0,-1.1849227875178816,-1.2027820837598793,0.028113096088513367
44,2,2,1,0,1,1,0,0,1,0,0,0,1,1,0,1,0,1,1,0,-1.2053104654616353,-0.04192440896275018,-0.33795616269047507
45,1,0,0,2,0,0,0,1,0,1,1,1,1,1,0,1,1,1,2,0,-0.48563035736628957,-0.47332593213006824,-0.6889979652547837
46,2,1,0,0,0,2,1,1,0,1,0,0,0,0,1,1,2,1,0,0,-0.30244554898570125,-1.283649138978952,-0.3069134655244867
47,1,1,2,0,0,0,0,0,0,1,2,1,0,1,0,2,1,0,0,0,-0.02867378183772593,-0.9044684190803132,-0.5896450806888973
48,0,0,1,0,0,1,1,0,0,1,0,0,0,1,1,1,0,0,2,0,0.978826415390658,0.33849313611559745,-1.6795314674
49,2,0,1,0,0,0,0,0,0,1,1,0,2,1,0,0,1,1,1,0,-0.03937281522816562,-0.1916596817652439,0.14221563722686914
50,0,1,1,0,0,1,0,0,1,0,0,0,0,1,1,2,1,1,2,0,0.7472719061141738,0.7527812895569866,1.4223533317173531
51,1,1,2,0,0,0,0,0,0,2,1,0,1,1,0,1,1,1,0,0,-0.5192648405832272,-0.6370061712007676,-0.16649805461604467
52,1,2,0,0,0,2,1,0,0,1,0,0,0,0,0,0,0,0,1,0,-0.4614446320421705,0.4380564067355591,0.05039458988819531
53,1,1,0,1,0,0,1,0,0,1,2,1,0,2,1,2,0,1,2,1,1.2398452481162168,2.036714376522658,1.6520594415194134
54,0,0,1,0,1,0,0,0,1,1,0,0,0,2,1,0,0,0,1,0,0.06710040359100511,0.5325523661704592,1.079101016340119
55,0,1,1,0,0,0,1,0,0,0,0,0,1,2,0,1,2,0,1,0,1.0748036618889976,1.1548211446955956,1.331598271331584
56,1,1,1,1,0,0,0,1,0,1,1,0,0,1,2,0,2,1,1,0,0.20793010031092737,-0.3408035088495748,0.7271795548397184
57,0,0,0,0,0,0,1,0,1,1,1,0,0,0,2,1,0,0,0,0,-0.7003261218363194,-0.25220720011388287,0.1675552026118946
58,1,0,1,1,1,1,1,1,0,1,2,0,1,1,1,2,0,0,1,0,-0.7933351321470627,0.7763412475107848,0.15647261455836275
59,1,0,0,2,0,0,0,0,0,1,1,2,0,1,1,1,1,0,1,1,-1.1018399174563531,-1.6392726658614896,0.20360093192466022
60,1,0,0,0,0,1,0,0,0,2,2,0,1,1,1,2,0,1,1,0,-0.13841568943831617,0.8423180794051818,-0.9276549267924614
61,1,1,0,0,0,0,1,0,0,2,0,0,0,1,1,1,1,0,1,0,-0.819866826477107,-1.3122581525517913,-0.18729865765071288
62,1,1,1,0,1,1,1,0,0,1,0,0,1,0,1,1,0,1,1,0,-1.3581133775620045,0.07437996178083578,-0.37769166439337903
63,0,1,1,0,1,0,0,0,1,2,2,0,0,1,1,1,1,1,0,1,-0.7938913678309119,-2.009032555455679,1.6890744030746456
64,1,1,2,0,0,1,0,0,0,2,0,0,0,1,1,1,0,1,1,0,-0.7037694967004104,-1.1372261692770815,0.6405166413997677
65,2,1,0,0,0,0,0,0,0,2,0,0,1,1,0,1,0,1,0,0,0.4677426238757697,0.47449513662149445,0.14826391970923647
66,0,1,1,0,0,0,0,0,0,1,0,0,0,0,0,1,1,2,1,0,-0.6018933814013055,-0.8581639750473167,-0.5802652128007868
67,0,0,0,1,0,0,0,0,0,0,1,0,2,1,1,0,0,0,2,0,-0.49568031523124517,0.033756146411320326,0.3846303040749737
68,1,1,0,0,0,0,1,0,0,2,0,0,1,2,1,1,1,0,0,0,0.07316744591278986,0.27365773654338954,1.0492038053238204
69,0,1,2,0,2,0,1,0,0,0,0,0,0,1,1,2,2,0,0,0,-0.7636564994813116,-1.7938054035175537,0.5283505820296016
70,0,1,1,2,0,0,2,0,0,1,1,0,0,2,2,2,0,0,0,0,-0.38609346302433545,-0.24411774352078677,-0.8083982422183205
71,1,1,2,1,0,0,0,1,0,2,1,0,0,1,1,1,0,0,2,0,1.2479326210225468,0.17894864889502965,0.6976860877560664
72,2,1,1,0,0,0,2,0,0,0,0,0,0,1,1,1,1,0,2,0,-2.174063779508242,-0.9230273589256212,-0.4122877267941427
73,1,1,0,1,0,0,0,0,0,2,1,0,1,2,1,1,1,0,1,0,-0.48420618352206374,-0.45792466466490206,-0.03943544327533838
74,1,1,2,1,0,2,1,0,0,1,0,0,0,2,1,0,0,0,1,0,1.331905958173105,0.8481971465815492,1.7088191065807337
75,0,0,0,0,0,0,0,2,0,1,2,1,1,1,1,2,0,1,1,0,0.10768426873348565,1.3335221851815373,-0.7035927603649272
76,2,2,1,0,0,0,0,0,0,0,0,0,1,0,0,2,0,0,1,0,-0.14120884052760205,0.04949234367108468,0.9020011424122104
77,1,2,0,0,0,1,0,0,0,1,0,0,2,1,1,1,1,1,1,1,0.6914048488970393,0.8404361137562282,2.2509906220916434
78,0,1,0,1,0,1,1,1,0,1,0,0,1,2,1,0,0,1,1,0,-2.3142240696903276,-0.9367230564781404,-0.4705049369320201
79,1,1,0,1,0,0,1,0,0,1,0,0,1,0,1,0,2,1,0,0,2.0973265172693085,-1.2473569024324471,1.6722615967223702
80,1,0,0,0,1,0,0,0,0,2,1,0,0,2,1,1,0,2,1,0,-0.5726127266431056,0.6912334477990554,-1.701375958150296
81,1,1,0,0,0,0,0,0,0,0,1,0,1,1,1,1,1,0,0,1,1.382274968720705,0.21558511442071457,0.8262546635447277
82,1,0,1,0,0,0,0,0,0,2,0,0,1,2,2,1,0,0,0,0,1.1478395907033674,0.6405385236829547,-0.008194953787783787
83,1,0,0,1,0,0,0,0,2,1,2,0,1,1,1,1,0,1,2,0,0.4069915362820041,2.89146379179932,3.811399556167735
84,0,1,0,0,0,1,1,0,0,1,1,0,0,1,1,2,1,1,0,0,-0.1995403943459036,-0.7615207072129111,-0.3102050399640778
85,1,1,0,0,0,0,0,0,1,1,0,0,1,1,0,2,0,1,1,1,0.24981465805612796,0.09480240248345251,0.5197161318971183
86,0,1,0,1,0,0,0,0,1,0,1,1,0,0,1,1,1,0,1,0,-0.29116282881014294,-0.73597985899184,-1.202170147861861
87,0,0,1,0,0,0,0,0,0,1,0,0,1,1,1,1,0,1,1,1,2.06347105881245,-0.5328531918311968,1.5688545584994356
88,1,1,0,0,0,0,0,0,0,0,0,1,1,1,0,0,0,0,1,0,-2.474216204908189,-1.582009355181532,0.7420458054168558
89,0,2,1,0,0,0,0,1,0,0,0,0,1,2,2,1,1,1,2,1,0.07239188379726016,0.5954448552908524,1.106630275819062
90,1,0,0,0,0,1,1,0,0,1,0,0,1,1,1,1,0,1,1,0,-0.08040347621418636,-1.2474371687734118,0.3270668261939942
91,0,1,1,0,0,0,1,0,1,2,0,0,0,0,2,1,0,0,1,0,0.03950827854169738,1.2200802066100191,1.1931230654806053
92,1,2,1,1,0,0,0,1,0,0,0,1,0,1,0,0,0,1,1,0,-0.949625419074216,-0.8420439948315472,-0.543372097006156
93,1,1,0,0,0,0,0,0,0,0,1,0,0,2,1,1,2,1,0,0,-0.6372782230988613,-0.0668653587871012,0.08508480439738347
94,1,1,1,0,0,2,0,0,0,1,2,0,0,2,2,1,0,0,0,0,1.5572137841791407,1.789302162453636,1.3329226636254787
95,2,1,0,0,0,1,0,0,0,1,1,0,0,1,1,1,1,1,1,0,0.31924688463766443,0.2256394906927425,1.2540662837213647
96,1,1,0,0,0,1,0,0,0,0,1,0,0,1,1,0,1,1,1,0,-0.4727653188191546,-0.17410505704857657,0.2853206224089076
97,0,2,0,0,0,0,0,0,0,2,0,0,1,2,2,0,0,0,1,0,-0.537366994692558,2.1236833844932184,-0.9573931608766708
98,1,0,0,0,0,0,2,0,0,0,1,0,1,1,0,1,0,1,1,0,-1.9699254230820624,-0.48205943992143,0.2605426352174399
99,0,0,0,0,0,0,0,0,0,0,0,0,0,1,1,0,0,0,2,0,-1.5389861272211516,0.7571117863347802,0.15676294904379312
100,0,1,0,0,0,2,2,0,0,1,1,0,1,1,0,1,0,0,1,0,-0.9127369175096809,-1.6001516768749957,-0.34698919914681836
101,1,1,0,0,1,1,0,0,0,2,0,0,1,2,0,0,1,0,0,0,-0.9772078820789111,1.2195692910736669,0.06044862946813645
102,1,1,0,0,1,0,0,0,0,0,0,0,1,1,2,2,1,1,0,0,-1.0224218365389304,-1.4114371106524617,-0.21721408281491691
103,1,2,1,1,0,0,0,0,0,0,0,1,1,2,1,0,0,2,0,0,2.2028653567397103,1.5710648672317769,0.6253427981687544
104,1,1,0,0,0,1,0,0,0,1,0,0,0,0,1,0,1,1,1,0,0.20744592424142363,1.170626135200809,1.1282604563617578
105,1,1,2,0,0,0,1,0,0,1,0,1,1,1,0,1,1,0,1,0,0.7223923082021162,-0.8204612739190826,-0.8431837711047819
106,1,0,0,0,0,0,1,1,0,2,1,0,0,1,0,0,0,0,2,0,-1.1963511701925935,0.05501088663712987,-0.9383474846849121
107,1,1,1,1,0,0,2,1,0,0,0,0,1,1,1,1,1,0,0,0,0.726847187238195,-0.5297310496965899,0.44242886579750484
108,2,1,0,0,0,0,0,1,0,0,1,0,0,1,1,0,1,0,0,1,-0.6412039535786018,-0.6544632387087062,0.4713350248851822
109,0,0,2,0,0,0,0,0,0,1,0,0,1,2,0,0,0,1,0,0,-0.3505838023346781,-0.4159932796144348,-0.06254280380163552
110,1,1,0,0,0,0,0,1,0,2,0,0,1,0,0,1,0,0,1,0,-2.042108140788669,0.7015375789296141,-1.0765977902813484
111,0,1,1,1,0,1,1,0,0,0,1,1,1,2,1,1,0,1,2,0,-1.4101057135974497,-0.49144249157929576,-2.202157091543373
112,1,1,1,0,0,1,0,0,0,1,2,1,0,1,0,2,2,0,1,0,-0.42541967185548873,-1.8146389445889495,-0.6023962127330363
113,0,1,2,0,0,0,1,0,0,2,2,1,1,0,1,1,1,1,1,0,-1.0945527784837674,0.773703495766562,0.8199158783091016
114,0,0,0,1,0,0,0,0,1,2,1,1,0,0,1,2,0,1,1,0,-0.5712600402520256,-1.0422665823612034,-2.367373449346743
115,0,1,0,0,0,1,0,0,0,2,0,0,1,1,0,2,0,1,1,0,-0.11049428960245285,-0.9269135032118531,0.5632805892790334
116,0,1,1,0,1,0,0,0,1,2,1,0,1,1,1,1,1,0,2,0,0.31969792853496765,1.0933070098694215,-0.23426460279571082
117,0,2,0,0,0,0,1,0,0,1,0,0,0,1,2,0,1,1,1,0,-1.1059954486522863,0.07977553398971715,0.403520542109681
118,1,2,1,0,1,1,0,0,2,0,2,0,1,1,0,0,1,2,1,0,0.5947881228716261,0.03608448597448652,-0.40377113453194546
119,0,1,2,1,0,0,1,0,1,2,1,0,0,2,1,0,1,1,0,0,0.4045921445958448,0.772247602029339,0.002590863077352068
120,0,1,0,0,0,1,0,0,0,2,1,0,1,1,0,1,0,0,1,0,-0.3770251584973099,-0.5418139761122911,-1.7807878298712585
121,0,1,0,2,0,0,0,0,0,2,0,0,1,1,1,1,1,1,1,1,0.28008502916541317,0.9628322770847365,1.5162950891903295
122,1,1,0,0,0,0,1,1,0,2,0,0,0,0,0,2,0,2,0,0,0.3664068165893755,1.1026658009521326,0.1704276514697331
123,0,1,0,1,0,1,0,1,0,0,1,1,0,1,0,1,0,1,1,1,0.6153377288609941,-0.2863590944257971,1.0710558437875595
124,1,0,0,0,0,0,0,0,0,1,0,0,1,1,1,1,0,1,0,1,0.3720657441252815,-1.0270931468453262,-0.7392862377904803
125,1,1,1,1,2,0,1,0,0,0,0,0,1,0,0,2,0,0,2,0,0.02187288333624586,0.961012343351275,0.22464632090401226
126,0,1,1,0,0,0,0,0,0,1,1,0,1,2,1,0,1,1,1,0,-0.8854301269876047,-1.6744438897306981,0.21087980529072714
127,1,0,1,0,0,1,0,0,0,2,0,0,0,1,0,1,0,2,0,0,0.33919842416174784,0.6958421535770776,2.9629575682973353
128,1,0,1,0,0,1,1,0,0,0,2,0,2,1,0,1,0,0,1,0,0.6126805273044288,-0.561350413252498,0.5298318380655054
129,0,2,2,0,0,0,0,0,0,1,0,0,0,0,2,0,0,0,1,0,-0.8000258347986828,0.7093339935566642,0.13000515392102155
130,0,1,1,0,0,0,1,0,0,2,1,0,1,0,0,2,1,0,0,0,0.09372954128481989,-0.7012396926684299,-0.18137703382328577
131,1,0,0,0,1,0,0,1,1,1,0,0,0,1,0,1,2,1,1,1,-0.8967371866525867,-1.8107428741335116,0.7332081301028648
132,2,1,1,0,0,1,0,0,0,2,1,0,1,2,1,2,0,0,1,0,0.8360729780517425,1.282048153927906,-0.40581220223823955
133,1,1,2,0,0,0,0,0,1,0,0,0,0,2,1,2,0,2,0,0,0.024993454276385572,-1.4348487619174142,-2.264473526487297
134,0,1,1,1,0,2,0,0,0,0,1,0,1,2,0,1,1,1,1,0,0.23257141695224323,-0.2305410564853651,-0.9895680218579997
135,2,2,0,0,0,0,1,0,0,2,0,0,1,1,2,1,0,0,0,0,1.0960442686541518,-0.1296135984871571,1.5891457175866797
136,1,0,2,0,0,0,0,0,0,1,0,0,0,0,0,2,0,2,2,0,0.23528869600289715,0.2951872131671371,-0.5191087728720458
137,0,1,0,0,0,0,1,1,0,2,0,1,0,1,1,2,0,1,2,0,-0.38127855036661634,0.03384635194546512,1.30710353978605
138,2,2,2,1,1,0,0,0,0,1,0,0,2,0,1,1,1,1,0,1,0.27554934054832225,2.174698105610753,0.8111136230838893
139,1,2,1,1,0,0,0,0,0,0,0,0,1,0,0,1,2,0,1,0,-2.0881763410330114,-0.3507861347323519,0.8858229284403146
140,0,1,0,1,0,1,0,0,0,1,0,0,0,2,1,0,1,1,0,0,0.18946563640819677,-1.1506637852726873,0.7231352100555328
141,1,1,1,1,0,0,0,0,0,0,0,0,2,1,2,0,1,0,0,0,0.023067015943833247,-0.4568369816207262,0.16291596192392768
142,1,0,1,0,0,0,0,0,0,1,1,0,0,0,1,2,1,0,1,0,-0.18227576331790732,-0.49665112286573987,1.0019180787720448
143,0,0,0,1,1,1,1,0,0,1,2,0,2,2,1,1,1,0,0,0,-0.37879317524776573,2.1956178444197594,2.3480221719055994
144,1,1,0,0,0,2,1,0,1,1,1,0,0,0,0,1,2,0,1,0,-1.958043932668937,-0.9995771369380393,0.1743710189433333
145,0,0,1,1,0,0,1,0,0,0,0,0,0,1,1,1,0,2,1,0,0.24652218561987171,-0.2632119509791697,0.9555858221390563
146,2,1,1,0,0,1,0,0,0,1,1,0,0,0,1,1,0,0,1,0,-0.09765746595372321,-0.050288114273785184,-0.08575627557846997
147,0,1,0,0,0,1,1,1,1,1,1,0,2,2,1,0,2,0,1,0,1.481339705340921,-0.27975532255130675,-0.0779711200083098
148,0,0,2,0,0,0,0,0,0,0,0,0,1,1,1,2,0,0,0,0,0.05415760055413719,0.42999616233926935,-0.4804474898114396
149,1,2,1,1,0,1,2,0,0,0,0,0,0,2,1,0,0,0,2,0,-1.494751865014013,1.2106133413238442,0.3311005485004036
150,0,1,0,0,0,0,1,0,0,1,1,0,0,0,0,1,0,0,0,0,-0.8157602651950849,0.680601949405407,-1.0954443384085772
151,1,0,1,1,1,1,0,0,0,1,0,1,0,1,1,1,1,2,1,0,0.024409439153253363,1.101046316142285,0.09593143573797641
152,0,2,0,0,0,1,0,0,0,0,1,0,0,0,2,0,1,0,0,0,-0.33923230339697563,0.4552455021108765,0.9857966232727461
153,0,2,2,1,0,1,1,0,0,0,0,0,0,1,0,2,2,1,0,0,1.1006658258116542,1.0762985057208287,-0.09064998722564421
154,1,0,1,0,0,0,0,0,0,1,1,0,1,0,0,0,0,1,0,0,0.8574692851927304,0.2300084940286199,-0.28550969045435315
155,1,0,0,0,0,0,0,0,0,1,0,0,0,1,0,0,1,0,0,0,-0.38993730698349893,-1.1886487932487637,-0.5145426838764802
156,1,1,1,0,0,1,1,0,2,1,1,0,0,0,2,1,0,1,0,0,0.32293480343271436,-0.43172673639903353,1.5405598967826026
157,2,0,0,1,0,0,0,0,0,1,0,0,0,2,0,0,0,1,1,0,0.5041584483226496,-0.33931277542881455,-1.7484413421053304
158,1,0,0,0,0,0,1,0,0,0,0,1,1,0,1,0,0,0,0,0,0.21229407606405046,0.5191323382691391,-0.5825714338366326
159,0,1,1,0,0,0,1,1,0,0,0,0,1,1,1,1,0,0,0,0,2.9372849982569145,0.942917277051557,0.46262452974060864
160,2,1,1,0,0,1,0,0,1,1,1,0,0,2,1,2,0,0,2,0,-0.9977263381440724,0.11892664319969432,0.7855718661685854
161,0,1,1,0,0,0,0,0,0,0,0,1,0,2,1,1,0,0,1,0,0.38245405583808095,-0.5601763492065148,0.1732940113955247
162,1,2,1,0,0,0,1,0,0,2,0,0,1,0,1,1,0,1,0,0,-1.574846616769451,-1.979631945821089,-1.2098230107280046
163,0,2,0,0,0,0,0,0,1,1,1,1,1,0,1,2,0,1,1,0,0.8891780142614928,-0.17297490282125905,2.966265273600927
164,0,0,1,1,1,0,0,0,0,1,1,0,0,0,0,0,0,1,1,1,0.5265230052510876,-0.283463301687233,-0.3591680842927222
165,0,0,0,0,0,0,0,0,0,0,0,1,1,1,0,1,0,0,2,1,-0.6384699849499299,-0.22204794873015346,-0.7361509505732928
166,0,0,0,0,0,1,0,0,0,0,1,0,1,1,0,1,0,0,1,0,-1.1447814720811504,-1.9239173255498154,0.5334592995016711
167,1,1,0,0,0,1,0,0,1,1,1,0,1,1,2,0,0,0,0,0,-0.323683258309006,0.5710534276138197,-0.8771606350586488
168,1,2,1,0,0,0,1,0,0,1,2,0,0,0,0,0,0,1,1,0,0.3346173369803517,0.06628425142208548,1.749849864321597
169,0,1,0,1,1,1,1,0,1,2,0,2,0,1,1,1,1,0,0,0,0.10404394955811877,-0.7675837486587334,-0.3378946247522016
170,2,0,1,0,0,1,0,0,0,1,0,0,1,1,2,2,0,2,1,1,0.3850862346834639,1.0063481439892856,-0.0897844419794096
171,1,1,0,1,0,0,2,0,1,2,0,1,1,2,0,0,0,0,1,0,1.7130626519215995,3.233633884679033,2.570822660094941
172,1,0,0,0,0,0,1,0,1,1,0,1,1,2,1,1,0,1,1,0,-2.479022475135118,1.0486947793295895,0.5477914854563268
173,1,1,0,1,1,1,0,0,0,1,1,1,1,0,1,1,0,0,1,0,2.8690651170837795,0.5226697903062307,2.713597232570971
174,2,0,0,0,0,1,0,1,0,1,0,0,0,0,2,1,0,2,2,1,-1.1526925923647855,0.7229518036322742,0.3769502618663032
175,1,1,0,0,0,0,0,0,0,2,1,0,0,1,0,2,0,0,1,0,-0.5645914671850686,0.23350077672551534,-1.4137204744128395
176,0,2,0,0,0,0,0,0,0,0,2,0,1,1,2,0,0,0,1,0,-0.3210980056743457,-1.0074208242550726,-1.855742893542639
177,1,1,0,0,0,0,0,0,0,0,1,0,0,1,1,1,0,0,1,0,-0.7832261480378147,-1.1369373431035772,-1.8360333412657166
178,2,1,1,0,0,0,0,0,0,1,1,0,1,2,1,0,0,0,1,0,-0.3907563435170499,1.5753638823805336,2.915145874779528
179,0,0,1,0,0,0,0,0,0,2,1,0,0,0,1,2,1,0,1,0,-0.1628871208753827,0.9558176862180714,0.9270330166107044
180,2,0,0,0,1,1,0,0,0,0,0,0,0,1,2,2,0,1,0,0,0.12723183245190886,0.08709719142999428,0.20566258516584177
181,1,1,0,0,1,1,1,0,0,0,1,0,1,2,2,2,0,1,2,0,-0.575077179314648,0.062184003692240586,0.9304365476404557
182,1,1,0,1,0,0,0,0,0,1,1,1,1,0,2,2,1,1,1,0,2.1127985621791305,0.2628419239607223,2.4031599977479483
183,2,0,0,1,0,0,0,1,0,2,1,0,0,2,0,2,1,0,0,0,-0.2947579981780916,0.7276463044675985,-0.39666864652286227
184,1,1,1,1,0,0,1,0,0,1,0,0,0,1,0,0,0,0,1,0,0.26347807598015044,0.6877972467790193,0.5164085282531032
185,1,1,0,1,0,1,0,0,0,0,0,0,1,1,0,0,0,0,1,0,1.745031960640919,0.09772545400278787,0.04155206831702418
186,2,1,2,1,0,0,1,0,1,1,1,0,0,1,1,2,0,1,0,0,-0.06906665305127503,0.0030279940698960395,-1.7959022984001214
187,1,1,0,1,0,0,0,0,0,1,0,0,1,0,0,0,0,0,1,1,0.1450111160610269,0.13009111446076418,-0.7134607562437909
188,1,0,0,0,0,0,1,0,1,0,1,0,0,1,1,1,0,0,1,0,-0.8475078799857632,-0.7586634193144498,0.4766237155367439
189,0,0,0,0,0,0,1,0,1,0,1,0,1,1,0,2,2,0,0,1,0.5029759683757301,0.08445570698739582,0.31239570500422353
190,2,1,0,1,0,1,0,0,0,2,1,0,2,2,1,0,0,1,1,0,-0.6450351602151736,-0.5651793573465853,-1.0334263638427668
191,1,0,1,0,0,1,0,0,0,1,2,1,0,1,2,2,0,1,2,0,0.07870994997660984,0.3499796285670824,-1.6189866097034502
192,2,2,1,0,0,2,2,0,1,2,0,1,0,0,1,0,1,1,1,0,-0.40408107316798075,0.8230564075631039,0.09731158970345136
193,0,1,0,0,0,0,1,0,0,2,1,0,0,2,1,0,0,0,0,0,-0.9784350823875444,0.9883809177132323,0.6546434756393602
194,2,2,1,0,1,0,1,2,1,2,1,0,1,1,0,2,0,0,0,0,-0.08358140763844085,-0.5079947761569386,-0.47660544721518155
195,2,1,1,0,0,1,0,0,0,1,0,0,1,0,0,0,0,1,1,0,-1.70341117621475,0.8669884835460409,-0.4096988308188284
196,1,1,0,0,0,0,0,0,0,2,2,0,2,0,1,1,0,2,0,0,0.798612111867949,0.23077703179354275,2.083090847150342
197,2,1,0,0,0,0,0,0,0,1,0,0,0,1,1,1,0,0,1,1,0.30194547998070603,1.052289445289767,0.19440748529981056
198,2,1,0,0,0,0,0,0,0,1,1,1,0,2,2,0,0,1,1,0,-0.47316227888516826,1.4213787148543615,0.7374696076940586
199,1,1,1,1,0,1,0,1,0,1,0,0,0,0,1,1,0,0,0,0,0.8931468861385348,0.633106440962377,-0.8831910359359898
200,1,2,1,0,0,0,0,0,0,1,0,0,1,2,1,0,1,1,0,0,-0.21898166355591164,-0.5917582849022559,1.9596387292929747
201,0,1,1,0,1,0,0,0,0,2,1,0,1,1,1,1,1,0,0,0,0.9905407616759064,-2.3622350889027164,1.7646624807605997
202,2,2,0,0,0,1,1,0,0,1,2,0,1,1,0,1,0,0,0,0,-0.52465395122999,-1.8417069348042643,-0.6532483775336595
203,1,1,0,0,0,1,0,0,0,1,1,1,1,2,1,0,0,0,2,0,-0.08462990323848536,0.6114021436659365,0.9127521383449334
204,2,0,0,0,0,0,0,0,0,1,1,2,0,0,0,1,1,1,0,0,0.9984298470051559,0.0038581889697105465,0.8123558225881349
205,0,2,1,1,0,0,1,0,0,0,0,1,0,1,1,0,0,2,1,1,0.15495634041318135,-0.39152547107448266,-0.03297651853156265
206,0,0,1,0,0,0,0,0,0,2,0,1,2,2,0,0,1,1,0,0,-1.3114814917092779,0.4954628740575612,-0.7199606444248786
207,0,2,2,0,0,0,0,1,0,0,1,0,2,1,1,1,0,0,0,0,0.7610007555317517,-0.5079999292720716,2.283158453632237
208,1,1,0,0,0,0,0,0,0,2,0,1,0,1,2,1,0,1,1,0,0.08269337116181641,0.8166150057030359,0.66974656499069
209,1,0,0,1,0,1,0,0,0,1,1,0,1,1,0,0,0,1,1,1,1.0700568004662347,0.9991177796333748,0.8356587135578702
210,1,1,0,1,0,0,1,0,0,2,0,0,0,2,2,0,0,0,0,0,-0.5116014148848911,-1.2014716075103387,-0.7191535937542637
211,1,1,0,0,0,0,1,1,0,0,1,1,0,2,2,0,1,0,1,0,-0.10746614283391338,-0.2334738356686063,-0.16805899190114332
212,0,0,1,1,0,1,0,0,0,1,0,0,1,2,2,1,1,1,0,0,0.18829209672547215,0.34628119076741704,1.7031478450517095
213,1,0,1,1,0,0,0,0,0,1,1,0,1,0,2,0,0,1,1,0,0.9156109509344514,0.9203494822927846,-1.0414389779041642
214,1,1,1,0,0,1,0,0,0,2,1,0,0,2,0,1,0,0,1,0,0.07124551726415838,0.7391337190095784,-1.5410626051516343
215,1,0,0,0,0,2,0,0,0,1,2,0,1,1,0,1,0,0,0,0,1.0034522145299813,1.9396522738056985,1.221230085929584
216,1,2,1,0,0,2,0,0,0,0,1,0,0,1,2,1,2,0,0,1,0.6239644956796713,0.4900318750586563,0.24699065606557283
217,1,1,1,0,0,0,0,0,0,2,1,0,0,0,0,2,0,1,2,1,-0.5891512563196818,-2.5680812579761643,-2.1086258004511604
218,2,2,0,0,0,0,0,0,0,0,1,0,0,2,1,1,1,0,0,2,-1.2216787245617675,-2.1462701253296492,1.0391779377776258
219,0,1,1,0,0,0,1,0,0,1,1,0,0,1,2,2,0,0,1,0,-0.7825004798446753,0.023152827171123713,-0.048261564012980984
220,0,1,0,0,0,1,0,0,0,2,1,0,0,2,0,0,0,1,0,0,-1.6869662365808904,-0.44017826359909085,-1.6140758883563717
221,1,0,0,0,0,1,1,0,0,2,0,0,0,0,1,0,0,0,1,0,-0.6969347906842726,0.8733978232358764,-0.022005018922006403
222,1,2,0,0,0,0,0,0,0,1,0,0,0,0,0,2,1,2,1,0,-0.12801175075799653,-1.158380272085918,0.35399182706475024
223,0,0,1,0,0,0,1,0,0,2,0,1,0,0,1,1,0,1,1,0,-0.2027420880268982,-0.6646367858805629,0.07181622619046288
224,1,0,0,0,0,0,0,1,1,2,2,1,1,2,1,1,0,0,1,0,0.3706513105204816,-1.2859276597194782,-0.13262940958270178
225,1,0,0,1,0,0,1,0,1,2,0,0,0,1,2,0,0,0,0,0,0.7629884038400084,1.8628124168747635,2.654748978360495
226,1,0,1,0,0,0,1,0,0,0,0,1,0,2,2,1,1,2,1,0,0.47670383187803617,-0.09908443818570002,-0.5313909144139031
227,0,2,0,1,0,0,0,0,0,1,2,1,1,1,1,1,0,0,1,0,1.0875737743067315,0.18338176311740226,-1.9225171730331716
228,2,0,0,0,0,1,1,0,0,1,1,0,0,0,1,1,1,1,1,0,0.5757049800646195,1.259194056274405,0.912933380035536
229,0,2,1,0,0,1,0,0,0,1,2,0,0,0,1,1,0,1,0,0,1.054555797231318,0.4746293467750453,0.22931097528871006
230,1,1,0,1,0,1,0,0,0,1,1,0,0,2,1,1,0,0,2,0,-1.1527444284761335,-1.2232655652095974,-1.0830086022831322
231,1,0,1,1,0,0,1,0,0,2,1,0,0,2,1,0,0,1,1,0,0.48175176250964974,0.4039189332851339,0.4171605617835998
232,0,1,2,0,0,2,0,1,0,1,1,0,0,2,0,1,0,1,1,0,-0.014534627794533246,-1.6262755398186197,-1.0661469358091475
233,0,0,0,0,0,0,0,1,0,1,0,0,0,1,1,0,0,0,0,0,1.662311743514775,0.9551108599190801,1.2685215702890396
234,2,1,0,1,0,0,1,0,0,1,0,0,0,1,1,1,1,1,1,2,0.7082376372725987,0.5357312338286906,-0.35659027887187844
235,2,1,0,1,0,0,1,0,0,2,1,0,0,1,1,2,0,0,0,0,-0.7984171875902923,-0.052594100092374696,0.6885726390855067
236,1,2,2,1,1,1,1,0,0,1,1,1,1,0,1,2,0,0,1,0,1.0844572357479363,0.10052308848510216,-0.7380860049541793
237,0,0,1,0,0,0,0,0,0,2,1,0,1,0,1,1,0,1,1,0,0.2861651755175473,-0.16565906827688703,0.01510458102928209
238,2,0,0,1,0,0,0,0,0,2,1,1,0,1,0,2,1,1,1,0,-0.43641889306304604,-1.497631849935268,-1.119670480442018
239,1,2,0,0,0,1,0,0,0,2,1,1,0,2,1,1,0,0,1,0,2.4092880464129522,1.8884529274113553,1.054596115918788
240,0,0,1,0,0,0,0,0,0,1,1,0,1,2,1,0,0,0,2,0,-0.5406099532416652,1.464661473681516,0.7867157127706456
241,0,1,2,1,0,0,1,0,0,2,0,0,1,1,1,0,1,1,1,1,0.06866042191862512,-1.4759536288248998,2.055995024087884
242,0,1,0,2,0,0,0,0,1,1,0,2,2,1,1,1,0,0,0,0,0.019071847815469327,1.1363175818033284,0.8292748526824076
243,0,1,1,0,0,1,1,0,0,1,1,0,1,2,1,1,1,1,1,0,0.6195599779039178,-0.15565010913927077,1.4677267034158938
244,1,1,1,0,0,0,1,0,0,1,0,0,1,0,0,1,1,0,2,0,1.1974591849498812,1.4075526836777197,1.1786221548333788
245,1,0,0,0,0,0,0,1,0,0,0,1,0,1,1,0,0,0,1,0,-1.9259719068524246,-0.19259289482267744,-1.3101757647875147
246,0,1,0,0,0,1,1,0,0,1,2,1,0,1,2,1,0,0,2,0,-0.135935021783428,0.48407488460296566,-0.7760793513404827
247,2,0,0,1,0,1,0,0,0,1,0,0,1,1,1,0,2,0,2,1,-1.2116848543207064,-0.46088844476902413,-0.002892476671369437
248,1,0,1,0,0,0,0,0,0,1,1,0,1,1,2,1,1,1,0,0,1.0819722260864029,1.3377785642732636,-0.9522875671948643
249,1,1,0,0,0,0,1,1,0,2,1,0,1,1,0,0,1,0,0,0,-0.2285498183043095,-0.15084086251362694,-1.1560876280966719
250,2,0,1,1,1,1,2,0,0,2,0,0,0,2,0,0,0,0,1,0,-0.6174112440626652,-0.1295882333420467,-2.877228829542781
251,1,2,1,0,1,0,1,1,0,0,1,1,1,0,2,0,0,1,0,0,0.17028271070762063,-1.9512400086278145,2.1508559433907326
252,1,1,0,1,0,1,0,0,1,2,0,0,1,1,0,1,0,0,1,0,0.15436352453686847,1.5527263819331378,0.8510223625726907
253,2,1,1,0,0,0,0,0,0,0,0,0,0,1,2,1,0,0,0,0,-0.16685418798999807,-0.7179231271705476,-1.329648586885324
254,2,2,2,0,0,0,0,1,0,1,1,1,0,1,1,0,1,0,0,0,0.41738644986169987,1.1247987523313112,-0.4614163031512759
255,0,1,0,1,0,1,1,0,0,0,0,0,0,2,1,0,0,2,1,0,-0.12893289762112778,0.8853076104916929,-0.437050755084719
256,0,1,1,0,0,1,1,0,0,1,0,0,1,1,0,1,0,0,1,0,0.08614575173391727,0.6215021064851207,2.8548257573262488
257,0,2,1,0,1,0,1,0,0,1,1,0,0,2,2,1,1,0,0,0,1.0938139814641605,0.9246135355678127,1.8046043410930463
258,0,0,0,0,0,1,0,0,0,0,0,0,1,1,1,0,1,1,0,0,-1.6611487134518879,-0.5046829181415233,-1.3472106533969597
259,0,0,1,0,0,0,0,0,0,1,0,0,0,0,1,0,1,0,1,1,-1.066759679509154,1.6102448362061035,1.2387495875308532
260,1,1,1,0,0,1,1,0,0,1,0,0,1,0,0,1,0,0,1,0,0.46192650526185863,-0.6605750183438283,-0.19779755824052017
261,1,2,0,1,0,1,1,0,0,0,1,1,1,2,1,2,0,0,0,1,0.3993843301675551,-0.2717656160516942,0.2514433565242014
262,0,0,2,0,0,0,0,0,0,1,0,1,1,1,0,0,0,0,0,0,0.5922939941353575,-0.7623129594685794,0.11332405910352686
263,2,1,0,1,1,0,0,0,0,1,1,0,0,1,1,1,1,2,0,0,-1.2037685132705553,0.449354820691538,-0.289737458948493
264,0,0,0,0,0,2,0,0,0,2,0,0,1,1,1,0,0,0,1,0,-1.379714687229235,0.7490011645935934,-1.466504563341365
265,1,1,1,0,0,1,0,0,0,1,0,0,0,1,0,0,1,0,0,0,0.08503069973797409,-1.6656739582881819,-0.924855389050848
266,1,0,1,2,0,0,0,0,0,1,0,1,0,1,0,1,0,1,0,0,-0.5324466499766753,-0.06783349579099196,0.31184113083763987
267,0,2,2,0,0,0,0,0,0,0,1,0,0,0,1,1,0,1,1,0,-0.6497278622370074,-1.5090773176295356,0.5124768760331178
268,2,1,2,1,0,0,0,1,1,2,0,0,0,1,1,1,0,0,0,1,-0.17587685009773785,0.35163571074245364,-1.0407794156437467
269,1,0,1,0,0,0,0,0,1,1,0,0,0,1,0,1,0,0,0,0,1.3608984004445461,-0.24542177822749767,1.0688220386192406
270,1,2,1,0,0,2,1,0,0,2,2,0,0,2,2,1,2,0,1,0,1.6220372871839228,0.46020121279847853,-0.7978175729567991
271,0,1,0,0,0,2,1,1,0,2,0,0,1,1,1,1,0,1,0,0,-0.46635876322323055,0.08954776756307628,-0.20409810882756035
272,1,1,0,0,0,0,0,1,1,0,0,0,1,0,1,1,1,0,2,0,1.0251454666819524,-1.1828026837893688,-1.9469703767708215
273,1,1,0,1,0,0,1,0,0,0,0,0,1,1,0,1,0,1,1,0,-1.1344167452530136,-2.056366372848384,-0.026115093187737026
274,1,2,0,1,0,0,0,0,0,1,1,1,1,1,1,2,0,0,0,0,-0.7953158985150761,0.11479737716525873,0.11841984091499314
275,0,0,1,0,0,1,1,0,0,1,0,1,0,0,0,1,0,1,0,0,-0.23421469977001746,-0.851738047427073,-0.02167796856990481
276,0,1,0,0,0,0,2,0,0,1,0,0,0,2,1,1,0,0,1,0,0.880202696566694,-1.396683490114406,1.6476214048517237
277,0,1,1,1,0,0,0,0,0,0,2,1,0,1,0,2,1,0,1,1,0.32181942628871146,-0.7076094160398707,0.5851356346000263
278,2,0,0,1,0,0,1,0,0,1,0,0,0,1,0,1,0,0,1,0,0.9448337195269391,-0.24854865960263556,0.5425480185096205
279,1,1,1,0,0,1,1,0,0,0,0,0,1,1,2,0,1,0,2,0,1.2232125631886375,1.8783326851465512,1.5173157406056756
280,1,0,1,1,1,0,0,0,0,2,0,1,1,1,2,1,1,1,0,0,0.20048780352597326,-0.8742585412158799,-1.2070155355535408
281,0,1,0,0,1,0,1,0,0,1,0,1,0,1,1,0,1,2,1,0,0.0953806882729261,0.18438827861249302,1.2841282399588922
282,0,1,1,0,0,1,0,1,1,2,0,0,2,2,0,1,0,1,1,0,-1.0657592233026885,1.586489516473324,1.6344966631736035
283,1,1,0,0,0,1,0,0,0,0,0,1,1,2,1,2,0,0,1,0,0.9674455055232709,0.06612411651371113,1.7419648111117567
284,0,1,1,1,0,0,1,0,0,2,0,0,0,2,1,1,0,2,2,0,-0.5937132574509513,-0.5417163286825706,-0.7915835012984253
285,2,1,1,0,0,1,0,0,0,1,0,1,1,1,2,1,0,0,1,0,0.8239742868887775,1.6666108686436059,1.1507064947107848
286,0,1,0,0,0,1,1,0,0,1,0,0,0,1,1,1,1,1,1,0,-0.5574003783104968,0.3920717783682113,-0.4808958811190189
287,0,2,1,1,0,0,1,1,1,1,0,0,1,1,1,0,0,1,2,1,0.3899206445529327,-0.5762234914055049,-0.866609004221699
288,2,1,0,1,0,2,0,0,0,1,0,0,0,1,1,0,0,0,1,0,-0.8520221406905877,0.10055311134031451,0.7937438052011082
289,2,2,0,1,1,0,0,0,0,2,1,0,2,1,0,1,0,0,1,0,-0.5627543303553441,-0.13124324254657554,1.1535393109895942
290,0,1,1,1,0,0,0,1,0,1,0,0,1,0,1,0,2,1,1,0,-0.03445292244797451,-0.7423161912850396,1.162069860436834
291,1,2,1,0,0,0,1,0,0,2,1,0,0,1,1,0,0,0,0,1,0.759997931223128,-0.9896984435025186,0.20413077525207102
292,0,0,0,0,0,0,2,0,1,0,0,1,0,1,2,1,1,1,0,0,0.23881781414998765,-0.9451242228165974,-0.776922311000343
293,0,2,0,0,0,1,0,0,0,1,0,0,2,1,1,1,1,1,1,2,0.3406856785007042,1.9040958442832565,0.07453371498414696
294,1,0,0,0,0,2,0,1,1,2,1,0,0,1,2,1,1,0,1,0,0.8990173178325517,0.8418246776140681,0.36833246520306273
295,1,1,0,1,0,0,2,0,0,1,0,0,0,1,2,2,0,0,0,0,1.1907138490725937,0.4325487552301423,0.6194023801946781
296,1,0,0,0,0,0,0,0,0,1,1,0,0,1,1,1,0,0,0,0,-0.3224222961323921,1.463700560430204,0.7975635960153593
297,1,0,0,0,0,0,0,0,1,1,1,1,1,1,1,0,0,0,1,1,-0.6770466630106852,0.7608563643713473,-0.4234716087102282
298,1,1,0,0,0,0,0,0,0,2,0,1,0,0,1,1,0,1,0,1,1.8051036590649112,-0.8011805080039679,-0.22586212491823915
299,1,1,2,0,0,1,1,0,0,0,1,0,0,1,1,2,0,0,0,0,-0.7025820519618029,-1.5858952194916593,-0.7228283240862978
300,0,2,0,1,0,0,0,0,0,1,0,1,0,2,0,0,0,1,2,0,0.3227527165204969,0.9642945275742869,1.1377559707688936
301,1,1,1,0,1,1,1,0,0,1,0,0,0,1,0,0,0,1,1,0,1.2560203217547652,1.001850309953802,2.0869989096815478
302,0,1,0,0,0,0,1,0,0,1,0,0,2,1,1,1,0,0,2,0,1.0805973412814314,1.453813734297131,-1.0921645115675216
303,1,1,0,1,0,0,1,0,0,1,1,0,0,1,1,2,0,0,0,0,-0.40254974778734526,-1.585224023211223,-0.651916074611282
304,2,2,0,0,0,0,0,0,0,2,1,1,0,1,1,2,0,1,1,2,-1.7204294283180537,-0.2671475827861612,-0.8360213832293351
305,1,0,1,1,0,0,0,0,0,0,0,0,0,2,1,0,0,0,2,0,1.3508330704366431,0.1246111760373953,0.8530690578368098
306,1,2,0,0,0,1,0,0,1,0,0,0,0,0,0,1,0,0,0,0,0.5921136142493474,-0.3300085757778568,-0.7048944698834839
307,0,1,2,1,0,0,0,0,0,0,2,0,0,0,2,0,0,0,1,0,0.1222747482631744,-0.3465188320218944,0.6749682108037092
308,1,0,0,1,0,0,1,0,0,2,1,0,2,1,1,1,1,2,0,0,-0.04152745453974704,-0.022739586718762306,1.103371144939828
309,1,1,0,1,0,0,0,0,1,2,1,0,0,1,1,1,1,0,1,0,-0.4089714042387866,-0.8266758961320606,-0.2299704399454351
310,1,1,0,0,0,1,0,0,0,1,0,0,1,0,1,0,1,1,1,0,0.3438667223642698,0.19745058888062772,0.894048108224968
311,1,2,1,1,0,0,0,0,0,1,2,0,1,0,0,0,1,1,0,0,-0.5540446510033961,-0.5187204395926464,0.2269602238915428
312,1,2,1,2,0,0,0,0,0,1,0,0,1,1,1,0,0,0,0,0,0.7200673054644978,0.2610710591087715,-1.0663813229296157
313,0,1,0,0,1,0,1,0,1,0,1,0,0,0,2,0,1,1,1,0,-0.9962966586404804,-0.8296665585242544,-1.0606643143753016
314,1,1,2,1,0,1,1,0,0,0,0,0,0,0,0,0,0,1,1,1,0.6177311896880057,0.687295573343234,-0.45619201724553465
315,0,1,0,1,0,1,2,0,0,0,1,0,1,2,0,1,0,0,1,1,-0.08760453244775313,-0.5366071368696593,-1.4615082861500333
316,1,0,0,0,0,0,1,0,0,2,1,0,0,1,2,0,1,0,0,0,-1.0323212541919966,-0.47829607825352194,0.849678231895742
317,2,0,1,0,0,0,0,0,0,1,0,0,1,2,1,1,0,1,1,0,0.8338678155265437,1.340583886750207,0.057269450088348606
318,2,1,0,0,0,1,0,0,1,2,2,1,2,1,1,1,0,1,2,0,-2.080892576293451,1.9781855362231417,1.2593413024533069
319,0,1,1,0,0,0,0,0,1,2,1,0,1,1,0,1,0,2,0,0,-0.30513255430472325,-1.9515197655919794,0.24176043363717334
320,2,1,1,0,0,0,0,0,0,1,0,0,0,0,2,1,1,1,0,0,0.8854455288887474,1.7417658571488939,0.5988228174078087
321,1,0,1,0,1,0,0,0,0,2,0,0,1,1,0,2,2,1,1,0,0.37560547522041693,0.5162174496734898,1.6142114572027562
322,0,0,0,0,0,0,2,0,0,1,1,0,0,2,2,1,1,0,1,1,-0.00041799810390906515,-0.24181172851279092,0.09863995587711889
323,1,0,1,1,0,0,1,0,0,1,0,0,0,1,0,0,0,0,2,1,-1.1590689017000542,-0.38308974335466617,-1.085563782275438
324,1,2,1,0,0,0,1,0,0,0,1,1,1,0,1,0,2,0,0,0,0.49637172174592964,-0.38330645062936985,-1.3373231500689735
325,2,0,2,0,0,0,0,0,0,1,1,1,0,1,1,1,1,0,2,0,-0.6290345817846051,-0.25919346335383575,-0.9765801219478858
326,1,1,1,0,0,1,1,0,0,2,0,1,1,2,1,2,1,0,1,0,-0.2709853588147107,0.47701454153399386,0.6719221940751858
327,0,2,0,1,0,0,0,0,1,1,0,2,0,0,1,0,0,0,0,0,-1.3223488091716895,-0.3984399506004459,1.291214696779182
328,2,0,0,0,1,0,0,1,0,1,2,0,1,2,2,1,0,0,1,0,-0.20669275230967793,-0.5667082274288449,0.7084880027957685
329,0,1,1,0,0,0,2,0,0,2,1,0,0,2,1,1,2,0,0,0,1.2488165755558451,-1.4320325391863662,-0.8274445320100581
330,2,1,0,0,0,0,1,0,0,0,1,0,1,1,0,1,1,1,1,1,-1.6539734933547536,-0.06369863328834091,-0.6299278295317446
331,0,0,1,0,0,2,0,1,1,2,1,0,0,2,1,1,1,0,0,0,0.5581330459690295,1.5662893984880428,2.438891745816655
332,2,0,0,0,0,1,1,0,0,1,1,0,1,0,2,1,1,1,0,0,-0.36527651079801404,-0.3224835900033186,-1.4958328659551967
333,0,1,0,1,0,1,1,0,0,0,0,0,2,2,1,1,0,0,1,0,0.3888301875543677,0.5174816480700888,1.04445307840368
334,2,2,2,0,0,1,0,1,0,1,2,2,0,1,1,1,0,0,0,0,1.6701650482995563,1.2203475109786222,-0.025542208104045505
335,1,0,0,1,0,0,0,0,0,2,0,0,1,1,1,0,0,1,0,1,1.2450775386678097,-0.8834406797848326,0.8413588408337868
336,0,2,0,1,0,0,1,0,0,0,1,1,1,1,1,0,0,0,1,0,-0.688181786715102,-0.4705126236004443,0.2616729428794696
337,0,1,0,0,0,0,0,0,0,2,0,0,0,1,1,2,0,1,0,0,-0.8281333593669498,-1.8045111348146072,-1.3098023308556317
338,0,1,1,0,0,2,0,1,0,1,1,1,1,1,1,1,0,2,1,1,-1.2679583681040034,0.6654239675220774,0.05908427590354584
339,1,1,0,0,1,0,0,0,1,0,1,0,0,1,0,2,0,0,1,0,1.4835322747861337,-1.1884769267448032,-0.531659447451545
340,1,1,1,0,0,1,1,0,0,1,0,0,0,1,0,2,1,0,0,0,0.5429552827906753,-1.1287357678536996,-1.5836680643460868
341,0,1,1,1,0,0,1,1,0,1,2,0,0,2,0,1,0,2,0,0,1.0791373639242703,-0.39134572230100284,0.6723833559920778
342,0,0,1,1,0,2,0,0,0,2,0,0,1,2,2,1,0,0,1,0,1.5772797361979283,1.3996838990856415,1.268569313499396
343,2,2,0,0,0,1,0,1,0,2,2,0,1,2,2,1,1,2,1,0,1.386178822239415,-0.3722511372949904,1.0729800510321201
344,2,0,1,0,0,0,1,0,0,2,1,0,1,1,1,1,0,0,0,0,1.3424991377893065,0.07128547661334184,0.2560851941728156
345,1,0,1,0,0,0,2,1,1,2,1,0,1,1,1,1,0,1,0,0,-0.8230985774194511,-0.091309958375765,-1.6860246560968226
346,1,2,1,1,0,0,0,0,0,1,1,0,0,1,0,0,0,1,1,0,-0.057994254429016616,1.163588806878955,1.2254439005190163
347,2,2,0,1,0,0,1,1,1,0,1,1,0,1,1,0,0,2,1,0,-0.7969516785978555,-0.8497256660523491,0.4130180183846043
348,2,0,0,0,0,0,0,0,0,1,0,1,1,1,0,0,1,0,0,0,0.5581782911455639,0.055449205257064094,0.771821341208114
349,1,1,1,0,0,0,0,0,0,2,0,1,0,1,0,1,0,0,1,0,-1.5612274447565833,-2.9348957609720125,-2.394335614564798
350,1,1,1,0,0,0,0,0,0,1,0,0,0,2,1,0,0,1,1,0,1.2396691364334569,-0.4650018552323746,0.5596755313332368
351,0,0,2,0,0,0,1,0,0,0,0,0,1,2,1,1,0,1,0,0,0.5939271389799624,-0.6191846532677969,-1.1637180275194103
352,1,0,0,1,1,0,1,0,0,1,1,0,0,1,0,1,0,1,0,0,-0.42117705685501855,-0.9715819034637503,-0.017322323054089594
353,0,1,0,0,0,1,0,0,0,0,0,0,0,1,2,0,1,0,1,0,0.8892526436442941,0.7599480313040506,1.4131006426048909
354,2,1,0,0,1,0,1,0,0,1,0,1,0,2,1,0,0,1,2,0,0.759653707632835,-0.7731412164740104,0.10342529151338341
355,0,0,1,0,0,0,0,1,0,1,0,0,0,1,2,1,2,0,2,0,-2.075338692306189,-0.2949202034522326,-1.920706769253993
356,1,0,0,2,1,0,1,0,0,1,2,0,0,0,0,0,0,0,1,0,1.925749277351988,1.4030983129624102,0.7473924410119303
357,2,2,0,1,0,0,1,0,0,1,1,0,1,1,1,1,1,1,0,0,-0.03344366226031447,-1.0062941746534393,-0.6768570962252682
358,1,1,0,1,1,1,0,0,1,1,1,0,0,1,1,1,1,0,0,0,-0.08568632070904798,-0.1471591362841954,-1.0616951040403624
359,0,1,0,0,0,1,1,0,1,2,0,0,1,2,1,1,0,1,2,0,-0.11273416541346096,0.14647302786174987,0.22670858474746877
360,1,1,1,2,0,1,1,0,1,1,2,0,0,1,1,0,1,0,1,0,-1.268013891396329,-0.13625050767432473,1.2029811034213174
361,0,0,0,2,0,0,0,0,0,1,0,1,0,1,2,2,0,0,1,0,-1.0486652302896255,0.7383423586697463,0.4008012694777443
362,0,2,0,1,0,0,0,1,0,2,2,0,0,1,1,1,2,0,0,1,0.4951764840526086,-0.01083242654006189,-0.2763325163530286
363,1,1,0,0,0,0,1,0,0,1,0,1,0,1,0,2,0,1,1,1,1.4573931580324462,-1.4773740645350542,-0.05434791999391847
364,2,1,0,0,0,1,0,0,0,1,1,0,1,2,2,0,1,2,0,1,-0.9317841541954588,-1.036987810706965,-0.20856523799791293
365,1,0,1,1,0,2,1,1,0,2,0,0,0,2,1,1,0,0,1,0,0.7789756141653744,0.5520306041376999,0.6404619876453918
366,1,1,1,0,0,1,0,0,0,0,1,0,0,1,2,0,0,0,0,0,0.74132566594123,1.1053158533553709,0.8547818435907755
367,0,1,1,0,1,1,0,0,0,2,0,2,1,1,2,0,0,0,1,0,-0.008234427041658896,1.4170138668639722,0.03325290623870958
368,0,1,0,1,0,0,0,0,0,1,1,0,0,0,0,1,0,1,1,0,0.8439689297189676,-0.17267254081820096,0.06363557573308189
369,0,1,1,0,0,0,1,0,0,1,0,0,0,0,0,1,0,0,0,0,0.5543785764544055,-1.4593103779568875,0.5851158307483503
370,1,1,0,1,0,0,0,1,0,1,0,0,0,1,2,1,0,1,1,0,1.421124086906872,0.40460214284539836,0.017140972993354042
371,2,1,1,0,0,1,0,0,0,0,1,0,0,1,0,1,0,0,0,0,0.7230109464000315,-0.08993670312207207,-0.25220224746698416
372,0,0,0,0,0,0,0,0,0,1,1,1,1,2,0,0,0,0,0,0,2.49365950667344,-0.39656338415543957,-0.27572882496051754
373,2,1,1,0,0,0,1,0,0,1,1,0,2,0,1,0,0,1,1,0,1.6434077389995636,0.0699762472482578,-0.6170849015742004
374,0,1,0,0,0,1,0,0,0,1,1,2,0,0,0,0,1,1,1,0,0.1507661934755834,0.2279061907166151,-1.7006829261729282
375,1,1,1,0,0,1,2,0,0,2,0,0,0,2,1,0,1,1,0,0,-0.7352361073461164,-0.5682401610021967,0.35069551790567965
376,0,1,0,0,0,0,1,0,0,2,0,0,1,1,2,1,0,0,0,0,-1.085230982157183,-0.6143379006739694,-0.4295737352092146
377,0,1,0,0,0,0,0,1,0,1,1,0,0,0,1,1,0,0,1,0,1.3140508850590737,1.8491563296175049,-0.3818043685970991
378,1,1,1,0,0,0,1,0,1,0,0,0,0,2,1,2,0,0,1,0,-1.3699379945147394,-0.5511323439794704,-1.2135871533643146
379,1,1,0,0,0,0,0,0,0,1,1,1,0,1,1,2,1,1,1,0,0.23180206148786697,1.2228684741455411,0.8543834449430409
380,2,2,0,0,1,1,0,0,0,0,0,0,0,1,1,1,0,1,1,0,-0.4857125799201593,-1.6208374227522602,0.5390696707043723
381,0,1,0,0,0,1,0,0,0,1,1,0,1,0,0,2,1,1,2,0,-0.5807296441610784,-1.172504586954213,-1.0787713139219082
382,0,2,2,0,1,0,0,0,0,0,1,0,1,1,0,1,0,1,1,0,-0.061598588539106186,-1.0399724039606317,-0.4195585258493068
383,0,0,1,0,0,0,0,1,0,1,1,0,0,0,1,1,0,0,1,0,0.2984540337207694,-0.0963156135993144,-1.5615411488772248
384,2,1,0,2,0,1,0,0,0,2,0,0,0,0,1,1,0,1,2,0,-1.6573954925419143,1.6923336630034858,1.0381002320539703
385,1,1,1,0,0,1,0,0,0,0,0,1,1,1,0,2,0,0,1,0,-0.5348536423166116,0.5878401223373823,-0.6049687662682062
386,1,0,0,1,0,0,2,0,0,1,1,0,0,2,1,1,1,0,1,0,1.3404596604520147,1.0326696087067888,3.066159731899477
387,1,0,0,0,0,0,0,0,1,2,1,0,2,1,0,1,1,1,0,0,0.3114983030315289,1.5322300599795164,2.5213209789262576
388,1,0,0,1,0,1,0,0,1,2,1,1,1,2,1,1,2,1,0,1,0.9375129316791553,0.1568037649575107,0.008736913815718783
389,0,1,2,2,0,1,1,1,0,0,0,1,0,0,2,0,0,1,1,1,-1.8553157694972309,-0.21307240021162305,0.46171206835840717
390,0,1,0,0,0,0,0,0,1,1,0,0,1,1,2,2,2,1,1,1,0.21860395463298654,0.19051292729411023,1.7840888283867697
391,0,1,2,0,1,0,0,0,0,2,1,0,1,1,1,2,0,0,0,0,0.8781167604548898,-0.28282505362299404,-1.3932021750189518
392,0,1,1,0,0,0,1,0,0,1,0,0,0,1,2,0,0,1,1,0,-1.9981420491162254,-1.032949883909073,-1.6465788432229118
393,2,0,0,0,0,0,1,0,1,1,1,0,1,0,1,1,1,0,1,0,0.11636197937630739,1.3853508456339578,1.6304332453756634
394,1,1,1,0,0,0,1,0,0,1,1,0,2,0,1,0,0,0,0,0,0.2683457777916549,0.2895418017798041,0.12524385106015634
395,2,1,0,0,0,1,1,1,0,2,2,0,1,2,1,2,0,1,1,0,-1.6990947747297913,-0.2520826060816799,-2.9338276450633045
396,0,1,0,2,0,0,0,0,0,2,0,1,0,1,0,0,1,0,2,0,-0.14047230225851903,0.151786620971413,-0.019742679101971673
397,0,2,1,1,0,0,0,0,0,2,2,0,1,1,0,1,0,0,1,0,0.3089837446584569,1.0245612065912018,-0.28031603544909545
398,0,1,0,1,0,1,0,0,0,2,1,0,0,0,1,1,0,1,2,0,1.083013876715682,0.8641664131214196,0.8974683570716124
399,1,2,1,0,0,1,0,0,1,0,1,0,2,1,1,0,0,0,2,0,-0.22087071355206297,0.7407636965322789,0.19982594626556927
400,2,1,2,0,0,0,0,0,0,1,0,1,0,1,1,0,0,1,0,0,-0.8969720418459199,-1.9516729255098486,2.103502960655657
401,1,1,1,0,1,0,0,0,0,2,1,0,0,2,0,1,0,1,2,0,-0.6216969631268188,-0.7841126100700622,0.9757191988348948
402,1,0,1,0,0,2,0,0,0,1,0,2,0,1,2,1,0,1,0,0,0.5892141873087055,0.403959289181166,-0.04559906377146167
403,1,1,0,0,0,0,0,0,0,0,2,1,0,2,1,0,0,1,1,1,0.12786956972529792,-0.16179153010408814,-1.0115278350647596
404,1,1,1,0,0,1,1,1,0,0,0,0,1,0,1,0,0,1,0,1,1.0046219565215269,-0.7711420161536394,-0.6547009673228795
405,1,1,0,1,0,0,0,0,0,1,0,1,0,1,1,0,0,1,1,0,0.9702352126996084,0.2325282014874869,1.2803337730433282
406,0,0,0,0,0,0,0,0,1,1,0,0,0,1,1,2,0,0,0,0,2.116935872092612,-0.4983948401306736,-0.004085004855242436
407,0,1,0,0,0,0,0,0,0,0,1,0,1,0,0,1,0,2,1,0,-0.2258785361974901,-1.4067151270483662,0.09416223760077858
408,1,2,0,0,0,2,1,0,0,2,1,1,0,1,0,1,1,0,0,0,-0.08197899804374376,-0.5948826816438992,-1.1549411542655112
409,2,0,0,0,0,0,0,0,0,1,1,0,1,1,1,2,0,1,2,1,-1.896230082067216,0.44535924553925593,-0.2168626399283257
410,1,2,0,0,0,1,0,1,0,2,0,0,0,1,2,0,0,0,1,0,1.2483124511826493,0.198385777908218,0.11390910473015242
411,0,1,0,2,0,1,0,0,1,1,0,0,1,0,2,0,0,0,1,0,-2.463617050675769,0.06062800364535714,-0.6237922076448655
412,0,2,0,0,0,1,0,1,1,0,1,0,0,1,0,0,1,0,1,0,-0.41965018028985984,-0.5699355459989295,-1.6351965754779265
413,1,2,0,0,1,0,1,0,0,0,1,0,0,1,1,1,0,1,1,0,-0.8487778502439502,0.1672326634931367,0.7068366407713362
414,0,0,2,0,0,0,1,0,0,1,2,0,0,0,1,1,0,0,0,0,-0.23367564529221133,-0.28786652524662854,0.31974154419233086
415,2,0,0,0,0,0,1,0,0,0,1,0,0,2,1,1,0,1,1,0,2.2798436735805163,0.9169002282735681,1.3496906165319493
416,0,1,0,1,0,0,0,0,1,2,1,0,0,0,2,2,0,1,1,0,-0.11972519239338432,0.9789841033115932,0.737322325009967
417,1,1,0,0,0,0,0,0,0,1,1,0,0,1,2,0,0,0,0,0,-2.7791410553209066,-1.2742447571838127,-0.9076032492192575
418,1,0,1,1,0,1,1,0,0,0,1,0,0,1,1,0,1,1,0,0,-0.7219687057908178,-0.9371044265645085,1.3885434301158286
419,0,2,2,0,0,2,0,0,0,1,2,1,0,1,1,1,1,0,1,0,-0.4083431891875268,-2.0045403466816913,-0.2062698942713974
420,0,0,1,1,0,1,1,1,0,1,0,0,0,1,0,2,2,1,1,1,1.2854637482969495,-0.33122930609057816,0.9070707895776162
421,0,1,1,0,0,1,0,0,0,1,0,0,0,1,1,1,2,0,0,0,0.10485587528413388,-0.2624891141356969,-1.450725531526071
422,1,1,0,1,0,1,2,0,0,2,1,0,2,2,1,1,0,1,2,0,0.5122151809938483,-0.6358767587756035,0.984523776638993
423,2,1,0,1,0,0,0,1,0,2,0,0,0,2,2,1,1,1,0,0,0.1268790942008201,-1.1499671520111612,-0.3221823429933188
424,1,0,0,0,0,0,1,1,0,2,0,1,0,2,1,0,0,0,1,0,0.9203453855401696,1.2240294286566775,1.0544587727254155
425,0,1,0,0,0,0,0,0,0,0,0,0,0,2,0,0,0,0,1,1,-1.2187178487202794,-1.6407983408875706,-0.7493421205764181
426,1,2,1,1,0,0,1,0,0,1,0,1,0,1,1,0,1,1,2,0,-0.44202885800246816,1.388112967516343,0.24608953941910466
427,2,0,0,1,0,1,1,0,0,0,0,0,0,0,0,1,1,1,2,0,-1.241775455351869,-2.2669881183031784,-0.9388520501547392
428,0,1,0,0,1,1,0,0,0,0,0,1,0,1,0,1,0,1,0,0,0.046342727443156366,0.3924346791683716,-0.08635503525823374
429,1,1,2,0,0,1,1,0,0,1,1,1,1,1,2,1,0,1,0,0,1.3415256264448667,0.03377583612488677,-1.4213391143452792
430,0,1,1,2,0,0,1,0,0,2,1,0,1,1,1,1,0,2,0,0,0.45795138621467557,0.5377065483332335,0.12782699231803926
431,1,1,1,0,0,0,0,0,0,2,1,0,0,1,1,0,0,1,0,0,-0.8163159066876411,-0.27816347814108405,1.67312987619375
432,1,1,1,0,0,1,0,0,0,1,0,1,0,1,1,1,1,0,1,0,0.7517670197507582,0.09480041892593971,-0.022981274599072066
433,1,0,0,0,0,0,0,0,0,1,0,1,0,1,2,1,1,0,0,0,0.01328510487940472,-1.4827902176698398,0.23131279360178528
434,0,1,0,0,0,0,1,1,0,0,0,1,0,2,1,1,0,2,1,1,-1.1510106503345234,-0.608518980909081,-0.5446885206780897
435,0,1,0,0,0,1,0,0,1,1,1,0,0,1,1,0,1,1,2,0,0.46621368733197416,0.6108963245108529,0.5010797177570816
436,0,1,1,0,0,0,1,1,0,1,1,1,0,0,0,0,1,1,1,0,-0.38907758135034326,-0.05196895828173276,-0.9948545649857921
437,1,1,0,1,0,1,1,0,0,0,1,0,0,0,2,1,0,2,2,0,-0.02213357489715933,1.4369036511593443,1.080536890712914
438,1,0,2,1,0,2,0,0,0,1,0,0,0,1,0,1,0,0,0,0,0.32364864260784537,-0.6716753976707279,0.8908117016198233
439,1,0,0,0,0,0,0,0,1,2,0,0,1,1,2,1,1,1,0,1,0.6987125389286803,1.5036933890572985,2.142240044591321
440,1,2,0,0,0,1,0,1,0,1,0,0,0,0,1,0,0,0,1,0,-0.7013025934519944,0.5088614125575363,-0.8259056065599157
441,2,2,1,0,0,0,1,0,1,0,2,0,0,1,1,1,0,1,0,0,1.929009199197645,-0.8612515536994971,0.08208050574466708
442,0,2,1,0,0,0,1,0,0,2,0,0,0,0,1,1,1,0,1,1,-0.46953077089888867,-2.179468430430685,0.08365002906966998
443,0,1,0,0,0,0,0,0,0,0,0,0,1,1,0,1,0,0,2,0,1.649458978351349,-1.052564489833131,-0.1200254901282139
444,0,1,1,0,0,1,1,0,0,1,0,0,0,0,2,2,0,1,0,0,0.4561741102539194,0.06895948978391647,-0.41405474956758315
445,1,1,1,0,0,0,1,0,1,1,0,1,1,2,0,1,1,1,0,0,-0.1540929753758858,-1.0888756217929467,-1.0071138053240505
446,1,1,0,0,0,1,0,0,0,0,1,0,1,1,0,0,1,1,2,0,0.993231736910455,-1.2549187226409662,-0.7498070566125798
447,1,0,1,0,0,1,0,0,0,2,1,0,1,2,0,1,0,1,0,0,0.5534648576589729,-0.42901226931185216,-1.0733061304026401
448,0,0,1,0,0,0,0,0,0,2,2,0,0,1,1,2,0,0,1,0,-1.0932104061247927,0.17177108184592615,-1.2029702980924182
449,0,1,1,2,0,0,1,1,0,0,1,0,2,0,0,1,0,0,0,0,-2.6440318011254296,-0.43626828167658094,-2.048366105173754
450,0,0,1,2,0,1,0,0,0,1,0,0,0,1,1,1,0,1,0,0,-0.7074271577106085,0.43139370055161635,-0.355841654646901
451,1,1,0,1,0,1,0,0,0,1,0,1,1,1,1,0,0,0,0,0,-0.36700154243851096,-1.2389887647516826,-2.3833514843837884
452,1,0,0,0,0,0,1,0,0,2,1,0,0,1,1,1,0,1,1,0,-0.23730165689105062,0.3707204349671418,0.3626684539042029
453,2,0,0,0,0,1,1,0,0,2,1,0,2,0,1,1,1,1,0,1,0.24259422251892485,1.2446813242955115,-0.0028005471400772697
454,1,1,0,0,0,1,1,0,1,1,1,1,1,1,0,1,0,0,0,1,1.5916302209608917,1.377563623318356,1.6688369581302487
455,1,0,1,2,0,0,0,0,0,2,0,1,1,2,2,1,1,0,1,0,-1.4703487416499947,-0.8928105364526422,-2.1896039278041073
456,1,0,0,1,0,0,2,0,1,2,1,1,0,2,2,1,1,1,0,0,-0.7626565283494744,0.010100764385657088,0.26046367766470824
457,0,1,0,1,0,1,0,1,0,0,1,1,0,1,1,1,0,0,1,1,-2.0729416080743466,0.4708981269084732,0.4501368554817895
458,0,1,1,0,0,0,1,0,0,0,0,1,0,1,2,1,1,0,1,0,-1.7819884114360023,-1.382640515008209,-1.3071462690387268
459,2,1,0,0,0,0,1,1,1,1,0,1,0,1,2,2,0,0,1,0,1.84285117564881,-0.12849043012508532,1.1023211578827556
460,1,1,1,0,0,0,1,0,0,2,0,0,1,1,0,1,0,0,0,0,-2.2059147577334643,-0.13202202146443587,-0.520583821089427
461,1,1,0,0,1,0,0,0,0,1,1,1,0,0,1,0,0,0,0,0,-1.0199027445279232,-0.1573255360577517,-1.2126537245488556
462,1,0,1,0,0,1,0,0,0,1,2,0,2,0,1,2,1,0,1,0,0.2698238204922045,0.5374961736246477,0.11179484141917784
463,1,0,1,1,0,1,1,0,0,1,1,1,2,1,0,1,0,0,0,0,0.29927989024793433,1.205032553119995,0.9397654759317822
464,1,2,1,1,0,0,0,0,0,1,0,0,0,2,0,1,0,0,1,1,0.19231412573628132,-0.5861217957485155,1.8940432978267683
465,2,1,1,0,0,1,1,0,0,2,2,0,2,2,2,1,0,0,2,0,-1.3594335874663421,-0.29302735763145143,-1.4716551434523202
466,1,0,1,0,0,1,0,0,0,1,0,0,0,1,0,0,0,1,2,0,0.9580864874984394,1.2326150711418074,1.3728863693431337
467,2,1,0,0,0,1,0,0,0,0,0,1,1,0,0,1,1,0,1,0,-1.0148881929642712,0.43428573790495284,-0.36932197568947867
468,1,1,2,0,0,0,0,0,0,1,0,0,0,1,2,0,1,1,0,0,-1.0482994447783347,-1.142418330646719,-0.7643312107896181
469,0,1,1,0,0,1,0,0,0,2,2,0,0,1,1,1,2,1,1,0,-0.7597709448536588,1.0869232508891136,-0.4547393964147127
470,0,1,1,1,1,1,0,0,0,2,0,0,0,2,1,2,0,0,0,0,-0.8641301924450683,-1.1851130640977745,-1.5088147659681996
471,0,2,1,1,0,0,0,0,0,2,0,1,1,1,0,0,1,0,1,0,-0.7542494836286362,-2.6063603709808114,0.12725119246368816
472,2,0,2,0,0,0,1,0,1,1,1,0,0,0,0,1,0,1,1,0,1.634225887560217,0.6822488111291478,-0.7924986233427647
473,1,1,1,0,0,0,0,0,0,1,1,0,1,2,0,0,0,0,0,0,0.4320096941879199,-0.3650712243579541,-0.5720718416546681
474,0,0,0,0,0,1,0,0,0,1,0,1,1,1,1,1,0,1,0,0,0.015289178644288312,-0.5101195221973552,-0.0806148637725062
475,0,1,1,0,1,0,1,0,0,1,0,1,1,2,1,1,0,0,1,0,1.3420912847296715,1.0692778353425973,3.1454291957124814
476,0,2,2,1,1,0,1,1,0,1,0,0,0,1,1,1,1,0,0,0,-0.33951287391863455,-1.5185605765055876,0.9750914745657491
477,2,0,1,0,0,0,1,0,0,2,0,0,0,0,0,2,0,0,1,0,-0.3655243885682098,0.9572597665324477,0.13722288162918936
478,0,0,1,1,0,0,0,0,1,0,0,0,0,1,1,1,2,0,1,1,0.19212590434512403,-0.789490820525446,-0.42617735720925964
479,0,1,1,1,0,1,0,1,1,0,0,0,0,2,1,0,0,1,1,0,-1.0119879363655662,-0.2981945444714869,-0.27664699397539266
480,1,1,0,1,0,0,0,0,0,0,0,0,0,1,1,0,0,2,0,0,-0.8441523276165552,-0.017657171887074607,-2.595984887437
481,1,1,1,0,1,1,1,0,0,1,1,1,0,1,0,1,0,1,1,0,0.41507273566405034,0.38594698898032587,1.0132922475825992
482,1,1,1,0,0,0,2,1,0,2,1,0,2,1,1,1,1,2,1,0,0.24288862667150013,-1.2947834007263848,-0.10352234533417293
483,1,1,0,1,0,0,0,0,0,0,0,0,0,1,2,1,0,1,1,1,0.2804508922221998,0.11526352249462403,-0.7735803292518505
484,1,0,0,0,0,1,2,1,0,1,1,0,0,1,0,0,1,1,1,0,-1.2859901735043255,0.48377653814699473,0.7867634314823597
485,1,0,1,0,0,0,1,0,0,2,1,1,0,0,0,1,1,0,2,0,-0.46032610705188337,-1.3491045892881475,-0.37655459286110826
486,0,0,0,1,0,0,0,0,2,2,1,1,0,1,0,1,0,1,0,0,-1.915495215135538,-1.1817930105412633,-1.6542858881544882
487,1,1,0,0,0,0,1,0,0,1,0,1,1,1,1,2,0,0,0,0,-0.7161370033758508,0.5034670435927783,-1.492895909033148
488,2,0,0,0,0,0,0,0,0,1,1,1,0,0,1,2,0,0,1,0,0.2811446598466782,0.4708661793441269,0.8543537732750627
489,1,1,1,0,0,0,0,0,0,1,2,1,0,2,0,0,1,1,0,0,-0.9312044296423438,-0.7725180617791015,-2.244199392648693
490,0,0,1,1,0,1,1,1,0,1,1,0,0,2,1,1,0,1,0,0,-0.3137510315184365,0.9039479896187607,-0.575050788295825
491,1,1,0,1,0,0,1,0,0,1,2,0,0,2,1,1,0,1,1,0,-0.3977256756839569,-1.1713892777228525,-0.39196288364401133
492,0,1,1,1,0,1,0,0,0,2,1,1,1,0,2,1,1,2,0,0,0.7073251572752176,1.5031728997771951,0.9796534988598411
493,1,0,0,1,0,0,0,0,0,2,1,1,0,1,2,0,0,1,1,0,0.18740840234167913,0.02166270264358816,-0.31447132213452794
494,0,1,1,0,0,0,0,0,0,0,1,0,1,1,1,1,0,0,0,0,1.187579082672061,0.6410004239050336,0.25451195195865906
495,1,0,2,1,0,0,0,0,1,0,1,0,0,0,1,1,1,0,0,0,-0.8545236251921476,-0.4283153708208106,1.4728995337867488
496,1,1,2,0,0,0,0,0,0,1,1,0,0,1,1,0,1,0,0,0,1.3572740457809476,-0.23106179478030914,0.8432593605817309
497,1,1,1,0,1,2,0,0,1,2,0,0,0,1,2,0,0,0,0,1,0.164256399362298,1.7657765244498784,1.9055559796653836
498,2,1,1,0,0,1,1,0,0,2,0,0,0,1,2,1,0,0,1,0,-0.664618527955986,-2.058954677820051,-0.4013970670898457
499,0,0,1,0,0,0,1,0,0,0,1,1,0,1,1,0,1,0,0,0,1.532152435631196,0.17516441873506042,1.4054735456516456
500,0,1,0,0,0,0,2,0,0,2,2,1,1,1,1,0,1,0,0,0,1.1686254336846638,1.270539931007508,0.7003872158244487
501,1,1,1,0,0,0,0,0,0,1,0,0,0,0,0,2,0,1,1,1,-0.8043721823476375,-0.762680090624408,0.14981921315775865
502,1,1,0,0,0,2,2,0,0,2,0,0,1,2,2,2,1,1,1,0,0.30123210697998204,1.3716366945261182,0.9174391047177188
503,0,0,1,0,0,1,0,1,0,0,2,0,0,0,0,1,0,1,1,0,-0.12317555280851916,-1.0499406403153402,-1.040717791722807
504,1,0,0,0,0,1,0,0,0,1,1,0,0,2,1,0,0,0,0,0,-1.5105214327671779,0.5358009961022018,0.7437153090803548
505,1,0,0,2,1,0,1,0,0,1,1,0,0,0,2,2,0,2,1,0,-0.46167672366661755,0.1690029620855334,-2.1354824758508193
506,0,0,1,0,0,0,0,0,0,1,1,1,0,1,1,2,1,0,2,0,-0.6756590351409263,-0.09427341338308545,0.21323183325492545
507,0,2,0,1,0,0,0,0,0,0,2,0,0,1,1,1,2,0,0,2,0.8038340965729808,-0.6045513788786485,-0.2608165901235011
508,1,1,1,1,0,0,2,0,0,0,0,0,0,1,1,1,1,1,0,0,-0.4581809864177153,-0.11702998908939588,-1.160325870022362
509,1,0,1,1,0,0,0,0,1,2,1,0,1,1,0,1,1,0,0,0,-0.35055754229148006,0.917794999985502,1.4119233126442126
510,0,1,0,0,0,0,0,0,0,2,1,1,1,1,0,1,0,0,1,0,-0.6007758696468644,-0.7426469739812908,1.613228906822451
511,1,1,0,0,0,1,0,0,1,0,0,1,2,2,1,1,1,0,1,1,-0.051185158492051054,-0.30364708650355254,-1.0784964919696416
512,1,1,1,0,0,1,0,0,1,2,1,0,0,1,1,0,1,0,1,0,0.9148598075451547,0.9304397876280548,2.2629398901190125
513,0,1,2,0,1,0,1,0,0,1,1,0,1,1,1,1,0,1,1,0,-1.1888228097261662,-0.7538283694695905,0.1992971164111637
514,1,0,0,0,1,0,0,0,0,0,0,0,0,1,2,1,0,1,0,0,2.0210740852342584,0.04480125395368728,0.2634022172214453
515,0,2,1,0,0,1,0,0,0,1,1,0,0,2,1,1,0,0,2,0,0.5567216485575446,-0.6735772971855805,0.38109324832261005
516,2,1,0,0,0,0,0,0,0,0,1,0,0,0,2,1,0,1,0,0,-1.2325869756376495,-0.003547610768887932,-0.4621076947303262
517,1,2,0,0,0,0,0,0,0,1,0,0,1,2,1,0,0,0,1,0,0.7085700584390797,-0.47696967978625593,0.7220365583819398
518,0,0,0,1,1,1,0,0,0,1,1,0,0,0,0,1,0,1,1,0,-0.9889108735545413,-0.5430168876038508,-1.374073678616968
519,2,0,1,0,0,1,1,0,0,1,1,0,0,1,1,1,0,0,0,0,-2.4062867074996266,-1.513179686228563,1.6535271471708517
520,1,1,0,0,0,1,1,0,0,1,0,1,1,1,1,1,1,1,1,1,0.4379680353559898,-0.2509315957699033,0.3596186430637099
521,1,1,1,1,0,0,0,1,0,0,0,0,0,1,2,1,1,0,0,0,0.2253535355595451,1.3841603266537814,2.555040599767181
522,0,1,1,0,0,1,0,0,0,2,0,0,0,0,0,1,0,0,0,0,1.2437373015309297,0.7854495182550578,-0.1863360698760962
523,1,0,0,0,0,0,0,1,0,1,0,0,0,1,1,1,0,0,0,0,-1.4277224953817167,0.05765461286606288,1.392694711357647
524,0,0,1,0,0,1,0,0,0,0,0,0,1,1,0,1,1,1,1,1,-1.4014132834855841,-0.7046894043213268,-0.9299913235872983
525,2,0,1,0,0,1,0,0,0,1,1,0,0,1,0,1,0,0,1,0,-0.339235039477583,1.6588533161127037,1.3694427965470246
526,2,1,0,1,1,0,1,0,0,0,2,1,0,0,0,1,0,1,1,1,2.4193263507833063,0.38187275061697845,1.2613556126026313
527,0,2,0,2,0,0,1,0,0,1,0,0,0,0,2,1,0,0,0,0,-0.5575513826515721,0.2097963765344829,-0.24317372804221207
528,1,1,1,0,0,1,1,0,1,2,2,0,1,1,2,0,0,0,0,0,-0.1313815431877902,1.9353182335328336,1.178605318626523
529,0,1,1,0,0,0,0,0,0,2,1,0,0,1,1,0,0,0,0,0,0.5717676005547209,1.081482648302433,0.23730123079415116
530,0,0,2,0,0,0,1,0,1,2,0,2,0,2,1,1,1,1,0,0,-0.18758357386992802,0.03575229654526055,1.2997220536618448
531,1,1,0,0,0,0,1,1,0,0,1,0,0,1,1,1,1,2,2,0,-1.0852927863162591,-0.37936286234819033,-1.963409103748909
532,1,0,1,0,0,1,0,0,0,0,0,1,0,1,1,0,1,0,2,0,-0.02975068869215046,0.6551231885895967,0.8209475551915344
533,0,2,1,0,0,2,0,1,0,1,2,0,0,1,1,1,1,1,0,0,2.421022195182773,-1.8381343860758181,0.4200578041288775
534,1,0,1,0,0,0,1,0,0,1,0,0,0,1,1,1,0,1,1,0,-1.0578029144092238,-0.7085768865352244,0.46122885105868366
535,0,0,0,1,0,1,1,0,0,2,0,0,0,0,2,1,1,1,1,0,0.884653650440647,2.5774535439813633,1.4837596796008716
536,0,0,1,0,0,0,0,1,0,1,0,0,1,1,1,2,0,0,1,0,-0.9516093374200741,-0.5844647885626879,-0.5433815146217202
537,2,2,2,0,0,1,0,0,0,2,1,0,2,2,0,1,0,1,0,0,1.0772183743052293,0.15268859376312244,1.7256979746171202
538,1,1,0,0,0,0,0,0,0,2,0,0,1,1,1,1,1,0,0,1,0.1025142310388919,-0.6175772809094178,1.5219022263082875
539,0,1,0,0,0,0,1,0,0,2,1,0,0,2,2,0,1,1,2,0,-0.1276681250098068,-1.1907072264917729,0.3714056649334806
540,1,0,1,2,0,0,1,0,1,0,1,1,0,1,2,0,1,1,0,1,1.0710661136042705,0.28143766770609535,0.3401787544392472
541,1,0,1,0,1,0,0,0,0,1,1,0,0,1,2,0,1,1,1,0,2.247205095921078,2.235741120541751,1.3167752387565028
542,1,1,0,0,1,0,0,0,0,0,2,0,0,0,0,2,0,0,1,0,-1.1663501512663423,-0.37022135111895266,-1.6451479217953455
543,2,1,0,0,1,0,0,0,0,1,1,0,0,0,2,0,0,0,0,0,-0.7009865678603747,1.449646513650106,0.9662310511443197
544,1,0,1,0,0,2,0,0,0,1,2,1,1,0,2,1,0,0,0,0,-0.1600072575467264,2.320527441108151,2.025934833696838
545,1,0,1,0,0,1,2,0,0,1,0,0,1,1,2,1,2,1,0,1,-0.4089896051707476,0.5785364795970718,0.6601817895881299
546,0,1,1,1,0,1,0,0,0,1,1,0,0,2,1,2,0,1,0,0,-0.33402462513222564,-0.38275668757267156,2.018476686290474
547,0,0,1,0,0,0,0,1,0,2,1,1,0,1,0,2,0,0,0,1,-1.5643247214545155,-0.6988034185521805,0.21669771898792634
548,1,2,1,0,0,1,0,0,0,2,0,0,0,1,1,1,1,1,1,0,-1.6768556086200088,-0.6051153416260752,-0.6032929428707402
549,1,2,1,1,0,0,0,0,0,2,0,0,0,1,1,0,0,0,1,0,0.10627442415486896,-0.41237158935147167,2.439525974620877
550,1,0,1,0,1,1,0,0,0,1,1,0,1,2,2,1,1,1,1,0,0.7118872293527524,1.3238971859111264,1.8324631093685628
551,1,1,0,0,0,1,0,0,0,1,0,0,0,0,2,1,0,2,1,0,-0.2167681917656653,0.895431099807566,-0.9117562375778786
552,0,2,0,1,0,1,0,0,0,2,0,0,1,1,0,0,1,1,1,0,1.4578539177452248,1.8064077352979973,2.3540943897971323
553,2,2,1,2,0,0,1,0,0,0,1,1,2,1,1,2,0,1,1,0,-2.6158435913366125,-0.8040530945897785,-0.6598779232845535
554,1,2,0,0,0,0,1,0,0,0,0,0,1,1,0,1,1,0,1,0,0.11412530866780962,0.17518092970377508,-0.0361109483355823
555,1,2,1,0,0,0,0,0,0,1,2,0,1,0,2,2,0,0,1,0,-0.2705560255758251,0.8458928171963177,0.9080861000692412
556,1,1,1,0,0,1,0,0,0,2,1,0,0,1,2,0,0,0,1,0,1.1914757376732026,1.5990861378260544,2.601174990402005
557,0,0,1,0,1,1,0,0,0,2,1,0,0,1,1,1,1,1,1,1,0.28474610369857606,0.6601106364319134,-0.05422350797789566
558,1,0,0,1,0,0,1,0,0,2,0,0,0,1,2,0,1,0,1,1,1.3056629046523254,0.5859959285619021,3.016373923317679
559,1,1,0,1,0,1,1,0,0,1,0,0,0,2,2,0,0,1,1,0,-0.7390174370394887,0.516832581797792,0.34414535757986436
560,2,0,0,0,0,0,0,0,0,0,0,1,1,2,0,0,1,1,2,0,-0.44402853973618095,-0.07080031538089931,-1.0274209076431708
561,1,1,0,0,0,1,1,0,0,1,1,0,2,0,1,1,0,0,0,1,-0.329661184661403,0.3189627908668433,1.601033976521883
562,0,1,1,1,0,0,0,0,0,2,0,0,1,1,0,1,1,0,1,0,-0.6692350658709522,-1.4614413851806458,-1.9451923700470406
563,2,1,1,0,1,1,1,0,0,0,1,1,1,1,0,0,1,1,0,0,0.20311972628507463,0.1425147860102321,-0.4124327616478016
564,1,0,0,1,0,1,1,0,0,0,0,0,0,1,0,1,1,0,1,0,-1.2903428709871196,-0.8111068031894817,-0.31343065696794603
565,2,1,0,0,0,1,0,0,0,1,1,0,0,2,0,1,0,0,0,0,-0.10425701735902554,-0.5802053706996942,-0.3203278879955221
566,1,2,1,0,0,1,0,0,0,2,1,0,0,1,1,1,0,0,1,0,1.1022356298795195,1.0714793952902102,0.37843366124576455
567,1,0,0,0,1,0,0,0,0,2,1,0,2,1,2,0,0,1,0,0,1.119432281244197,0.8036127255056054,0.2748381501003874
568,0,1,0,1,0,0,0,0,0,1,1,0,0,1,1,2,0,0,1,0,0.016411835072622918,-0.4302201747468688,0.3384027577869958
569,1,0,0,0,0,1,0,0,0,1,1,1,0,1,2,0,0,1,0,0,0.9444719033388469,-0.887653659386279,0.2824989469256627
570,1,0,1,1,0,0,0,0,0,2,1,0,1,2,0,1,0,0,1,0,0.3436449366316295,0.23106824533510786,0.9542439183447387
571,2,1,0,0,1,1,0,0,0,1,1,0,1,2,2,1,1,0,1,0,-1.4430615879809572,0.5330235677345401,-0.40261893709876573
572,2,1,0,1,1,1,1,0,0,1,1,0,0,0,0,0,0,2,0,1,-0.7519723860106967,-1.7240523163169024,-0.2841215426387619
573,0,0,1,0,0,0,1,0,0,1,1,1,1,0,1,1,0,0,1,0,0.8972289906617722,0.6544820838555336,0.6201544794079954
574,0,2,1,0,0,0,1,0,0,1,0,0,1,1,0,0,1,1,1,0,-0.02513985341894271,0.5844583245473709,0.8892278469549745
575,1,1,1,1,0,0,0,0,0,1,0,0,1,1,0,2,0,0,1,0,-0.07673310917771149,-1.4032134768844786,-1.596064033913082
576,1,0,1,0,0,0,0,1,0,1,0,0,0,0,0,0,0,1,1,1,-0.5219045347877733,-2.766230067735852,0.36716543836617355
577,2,0,0,0,1,1,1,0,0,1,0,0,0,1,0,1,0,1,1,0,0.8570784043669502,0.05619886414218511,0.1986263765739921
578,0,0,1,0,0,0,1,1,0,1,1,1,0,2,0,2,0,1,0,0,-0.010053793497359017,-0.42266351770544064,0.6179756932252456
579,1,1,1,0,1,0,0,0,0,1,0,0,1,0,2,1,0,0,1,0,-0.8433872889325262,-1.1694690004306965,-1.3296558031747447
580,0,0,0,0,0,0,0,0,0,1,0,1,0,1,1,0,0,0,1,0,0.06016138753051282,0.7820917184488457,-0.6646780591022168
581,0,0,1,0,0,1,0,1,0,0,0,1,1,0,1,1,1,0,0,0,-1.1442085537999938,0.25902744915588355,-0.8269979095698867
582,1,1,0,0,0,0,0,0,1,0,1,1,1,2,0,1,2,0,1,0,0.11319154075101291,0.7795011462299173,0.32804215659083713
583,1,2,1,0,0,0,0,0,0,0,0,0,0,1,2,0,1,0,0,0,0.04144900727832388,0.25106019201862023,0.8891134835427419
584,1,0,0,0,0,1,0,0,0,2,0,0,0,0,1,1,1,0,1,0,-1.0934021206380313,0.47164692459930746,0.09997596196916406
585,1,1,1,1,0,0,0,0,0,1,1,0,0,0,2,0,0,1,0,0,0.19165945120855093,-0.49718370599640876,-1.177673496174274
586,1,0,1,0,0,0,1,1,0,1,0,0,1,1,0,0,2,0,1,0,-0.3109713851253098,-1.030674843451077,-0.8802755815353532
587,1,0,0,1,0,1,1,0,0,0,0,0,0,1,1,1,1,0,1,1,0.4630073994722136,-0.28854618029912615,0.7078303213755079
588,1,1,0,0,2,1,0,0,0,1,2,0,0,1,2,1,0,0,1,0,-0.8773528571904502,0.06431138126599126,1.1847853735637979
589,2,1,2,0,0,0,0,0,0,1,0,0,0,1,1,2,0,0,1,1,0.2587717474694154,-1.021599750454667,-0.0017596556190553336
590,0,0,1,0,0,0,2,0,0,0,1,0,0,1,2,1,0,1,1,1,-0.3056641073850958,0.7380564447936132,-0.6403721529535893
591,2,0,0,0,0,1,1,0,0,2,1,0,0,1,2,1,0,1,0,1,-0.3112171811926212,1.975628966334065,1.2939289952702777
592,1,0,1,0,0,0,0,0,0,1,0,0,0,1,2,2,0,1,0,0,0.31084868798795795,0.4416095076410569,-0.2932569667923821
593,2,2,1,1,0,0,0,0,0,2,1,1,0,1,1,2,1,0,1,0,0.07945465508481557,0.6640044982596229,-0.9823241108021632
594,2,2,1,1,0,0,1,0,0,0,1,0,1,0,1,0,0,0,0,0,0.35278094790772313,-0.8942568964153581,1.0479126577264604
595,2,1,1,0,0,0,1,0,0,2,1,1,1,1,1,0,1,1,1,0,0.1784984715670667,0.18231001164579788,-0.03146259217256819
596,1,0,1,0,0,0,0,0,0,1,0,1,1,0,1,0,0,2,1,0,-0.937484079271667,-1.7638423100556493,-0.03524627370802358
597,0,2,0,0,0,1,0,0,1,2,2,1,1,0,0,1,1,1,1,0,-1.092481279141124,-0.7986176415332498,-2.161071262755666
598,0,1,2,0,0,0,1,0,0,1,1,0,1,0,1,0,0,0,0,0,-1.3236179945558808,-0.8620658713544254,-0.9241479445431655
599,0,0,0,1,0,0,0,0,0,1,0,1,2,1,1,0,0,0,2,0,0.911006812796486,0.39567868947025764,1.0100991570021618
600,0,1,1,0,0,1,0,1,0,1,0,1,1,2,1,1,0,1,2,1,-0.27897930266272425,-1.0574697833039965,-0.6803416511086534
601,1,0,0,0,0,0,2,0,0,1,0,1,0,1,1,1,1,0,1,0,-0.7359919107097765,-1.5322599003128117,-0.5450256620374796
602,2,1,0,0,0,0,0,0,0,1,0,0,0,1,2,0,0,0,0,0,0.1387806220301176,1.4716090631989116,2.847224403357414
603,1,0,0,0,0,1,0,0,0,2,1,0,1,1,2,1,1,0,0,0,0.39475726137165773,-0.9827197019679274,-1.0700062495332991
604,0,1,1,0,0,0,0,1,0,1,0,1,0,1,1,1,1,0,0,1,0.10188342878613786,-1.2858596649480223,-0.977322662980402
605,0,1,1,0,0,1,0,1,0,0,1,0,0,2,1,0,0,0,2,0,-0.11071840219718924,-0.32782182105326,0.1600830062543972
606,2,1,0,1,0,0,0,0,0,1,2,0,0,1,0,1,0,1,0,0,0.40929567633898956,-0.8941666932380457,0.9491487045206912
607,0,0,0,1,1,0,0,0,0,0,1,0,1,1,2,2,0,1,0,0,-0.011348090194751208,-0.2838589842200835,-0.5371868703163496
608,0,2,0,0,0,0,0,0,0,1,1,0,0,1,0,0,1,1,1,0,-1.4730675042697352,-0.812509240876095,-1.5740081160704915
609,1,1,1,0,0,2,0,0,0,1,1,0,0,0,2,0,1,0,0,0,0.3772611118033242,-1.693788789610653,1.1841149152932504
610,0,0,2,2,0,0,1,0,0,2,1,0,0,0,1,1,0,0,1,0,-0.387551852182244,-0.6188343614926468,0.5261004292507927
611,0,0,0,0,0,0,0,0,0,0,0,0,1,1,1,1,0,0,0,0,-0.21701186432607164,0.6941440111777912,0.9934016379207893
612,0,1,1,1,0,2,0,0,0,1,1,0,1,1,0,1,1,0,0,0,-0.6579998843517245,0.9378735625655998,0.8965351499354487
613,2,0,0,1,0,0,1,0,0,1,0,2,0,1,1,1,1,0,0,0,-0.4895702601089783,0.9496350573026691,1.8881445405453263
614,2,1,1,0,0,1,2,0,0,1,0,1,1,1,0,0,0,0,0,0,-0.2989248054885578,-1.1757341691405203,0.383714722824577
615,1,2,0,0,0,1,0,0,0,0,2,1,1,1,1,1,2,1,1,0,-0.8807732305664189,1.0290701138537148,0.8844092928209135
616,2,2,0,1,0,1,1,1,0,1,1,0,0,1,1,0,0,1,2,0,-0.529152985911349,1.739685119731398,-0.5559306869488966
617,1,0,1,1,0,1,0,1,0,2,1,1,1,1,2,1,1,0,1,1,0.9226420900627014,0.8312651752752809,0.5041552699161458
618,0,0,0,0,0,0,1,0,0,1,1,1,1,1,0,0,0,2,2,0,0.05609304727887765,-0.5656032179494548,-0.19570848562586007
619,2,1,0,0,0,1,1,0,0,0,1,1,1,2,0,1,1,1,0,1,1.1060626335103327,-0.5719611521244835,0.8259522956929285
620,2,0,1,0,0,0,0,0,0,1,1,1,1,0,1,1,0,0,1,0,1.7570440323909464,2.612655681068482,3.0741156608649653
621,2,1,2,1,0,0,1,1,0,0,1,0,0,2,2,1,0,1,0,0,-1.2597723910969523,-0.8332786741071476,-0.5119882002781284
622,1,0,1,1,0,0,0,0,0,2,0,1,0,1,2,1,0,1,1,0,-0.8985150597968306,0.05449719453393616,-0.1256315114920344
623,2,0,1,1,1,1,0,1,1,2,0,0,0,0,1,1,0,0,1,0,-0.1139571580927081,1.510057016087507,0.23759950844687527
624,0,1,0,0,0,0,1,0,0,0,1,0,1,2,2,1,0,0,1,0,-0.0524714344433278,2.3289793913302606,2.7258963242107432
625,0,1,0,1,0,0,0,0,1,1,2,0,1,0,0,0,0,1,1,0,-0.4086087712320081,0.08077726340625238,-0.8022183575633984
626,0,1,1,0,0,1,0,0,1,0,0,0,0,1,2,0,0,2,1,0,0.023999916092237387,0.8140867038718047,0.5038314544516056
627,1,0,0,1,0,0,0,0,1,1,2,0,2,2,1,0,1,0,1,0,-1.87784220152755,-0.24992282978370134,-3.0634221220558957
628,1,1,0,0,0,0,0,0,1,1,1,1,0,1,1,0,0,2,0,0,-0.8919371849891887,-0.5934742807323503,0.018991981551196357
629,1,2,0,0,0,0,0,0,0,1,1,0,0,1,1,1,1,0,0,0,-0.5887132324853606,0.2193999260816335,-2.3602421763411416
630,0,1,1,1,0,0,1,0,1,1,1,1,0,2,0,0,1,0,1,0,0.8845655372693854,-0.36912698473369315,-1.072595279264638
631,0,0,1,0,0,1,0,0,0,2,0,0,0,2,1,1,0,1,1,0,-0.6950272733097306,-0.11735111608545237,1.4763806065448277
632,2,2,0,0,0,0,0,0,0,2,0,1,2,2,2,1,1,0,1,0,0.7731845628862093,-0.18236768151836497,1.0192039686771992
633,2,2,0,0,1,0,1,0,0,1,0,0,0,2,2,1,1,1,1,0,0.157402925110922,0.700123036423711,1.395292728196265
634,2,1,0,0,0,0,0,1,0,2,1,0,0,1,2,1,2,1,0,0,0.5671020769424372,1.2317343393949527,-2.13969745609892
635,0,1,0,1,0,0,1,0,1,1,0,0,1,1,1,1,0,0,1,0,2.118121528455674,2.941721856246989,0.9305114684430682
636,0,0,0,1,0,2,0,0,0,2,0,0,0,0,1,1,0,1,0,0,-0.028140820890146617,1.392813457146671,0.3440271445096907
637,2,1,0,2,0,2,0,0,0,1,1,2,2,1,1,0,0,2,1,0,-0.44150981106724857,-2.3055881235241156,-1.1823939754071529
638,1,1,2,1,0,0,0,0,0,1,0,0,0,0,2,0,0,1,1,0,0.9189707039060582,0.684364903997426,0.628578251164441
639,1,0,0,0,0,1,1,1,0,1,0,0,0,2,2,0,0,1,1,0,0.464504365512218,-0.18915376500681935,-0.2822750161564029
640,1,1,0,0,0,0,0,0,0,2,2,0,1,0,1,1,2,0,1,0,1.4508788158382249,1.3814503174579875,1.0712274997729254
641,0,1,1,0,0,1,0,0,1,2,0,0,0,0,1,0,0,0,1,0,-1.3376541786468268,-0.5152181469163677,0.2028790033581015
642,1,0,0,0,0,0,0,1,0,2,2,0,0,2,1,0,0,1,0,0,0.17657179094489328,-1.0928948656882747,-0.9925406802828092
643,2,1,0,1,0,1,0,0,0,2,1,0,0,2,0,2,0,0,0,0,0.2755891019467025,-0.7346090900412691,-0.01131753825131182
644,2,0,0,0,0,0,0,0,0,1,0,2,1,1,1,1,0,0,0,0,0.19155295832187313,0.5796397292302384,0.15183774234335756
645,2,0,1,1,0,1,1,0,0,0,0,0,1,1,1,0,1,0,0,0,-0.11091272270113448,1.405073984810416,1.2744403701800278
646,2,0,1,0,0,0,1,0,1,0,1,0,0,0,1,1,0,0,0,0,-2.3469367165723085,0.15260075631784487,0.5926266307946639
647,1,1,0,0,0,1,1,1,0,1,1,0,0,1,1,1,1,2,0,0,2.2404386259866467,0.7886572770464542,1.833791808772352
648,1,1,1,0,0,0,0,0,0,0,0,1,0,0,2,1,1,0,2,0,0.6768949268958959,0.9024585209081302,0.7081019990049265
649,1,1,1,0,0,0,1,0,0,1,0,0,0,0,1,1,0,0,0,0,-0.2120503316647489,-1.147746328906306,-0.03460144500618395
650,2,2,0,0,0,0,0,0,0,1,2,0,0,1,0,0,0,1,0,0,-0.4618817067941583,1.7043055825242894,1.2701675362052163
651,2,1,1,0,1,1,2,0,0,2,1,0,0,0,2,0,0,2,0,0,-0.4402693961773381,0.15652543054067014,-1.114165109909237
652,2,1,0,1,0,0,0,0,0,0,0,0,0,1,1,1,1,1,0,0,0.5336020476123555,-0.14564791798072826,-0.36853153026559415
653,1,2,1,0,0,0,1,0,1,1,0,0,0,1,1,1,2,1,2,0,0.6422078352773315,0.588274386636121,-0.16429512041882366
654,0,0,0,0,0,0,0,0,1,0,0,0,2,1,1,0,0,0,1,0,-2.0097443800223194,-0.9447766517597168,-2.534189199173661
655,0,1,1,0,0,0,0,1,0,2,0,0,1,2,0,1,0,1,0,0,-0.5121827793082843,-0.6376432487412355,-0.30892827605502515
656,1,0,1,0,1,1,0,1,0,0,1,0,1,1,1,1,0,0,0,0,-0.05321747844475789,0.9908403044689719,0.5626948048497172
657,1,0,1,1,0,0,0,0,1,1,0,0,0,1,1,2,1,0,1,0,0.9778660701688028,-0.35695350716344454,-0.23159881755496287
658,1,1,0,0,0,2,1,0,0,1,1,0,1,2,0,1,0,0,0,0,1.2305951796513857,0.23873770437429792,0.5115417015624378
659,0,0,1,0,0,1,0,0,1,0,1,1,0,2,0,0,1,1,1,1,-1.517124643115607,-0.9204785461077432,0.5706431153747008
660,0,0,0,0,0,1,0,0,0,1,1,0,0,2,1,0,2,0,0,0,-0.10726901776091946,-0.007325300071920338,-0.978822883274809
661,2,2,0,0,0,0,1,1,0,1,0,0,0,0,1,0,0,1,1,0,0.28561693407734035,-1.2426269532098015,-0.16861556542383377
662,1,2,2,1,0,0,2,0,0,0,0,1,0,0,0,0,0,1,0,0,0.3684946159592121,-1.7998784859407313,-1.8713064798427577
663,2,1,0,0,0,1,0,1,0,1,1,1,0,1,2,1,1,0,1,0,0.6932882148440055,0.33209620168956566,0.8961999226802174
664,1,0,1,1,0,0,2,0,1,1,0,0,0,1,1,1,0,0,0,0,0.2070801712040086,0.5018016424716181,-1.4649748162356049
665,2,0,0,1,0,0,1,0,0,0,0,0,1,1,1,0,1,1,1,2,-0.38945828119202447,-1.7891589835954744,0.14468060047941447
666,1,0,1,1,0,0,1,0,0,1,1,0,0,0,1,2,1,2,2,1,-0.3864879503095377,-1.4098021737244175,-1.0605006880853536
667,1,1,1,0,0,0,1,0,1,1,0,1,1,2,2,1,0,0,1,0,-1.9241105736967394,-1.5243565353294701,0.8060776484881137
668,1,0,1,0,0,0,0,0,0,1,0,0,1,1,1,0,1,0,2,0,0.11928002212026359,1.4490150914808158,0.691252404424095
669,0,1,1,1,0,2,1,0,0,1,0,0,0,1,0,0,0,0,0,0,-0.1979899068672793,1.130372847541009,-0.19834859214637923
670,1,0,0,1,0,0,1,1,0,0,2,0,1,1,0,1,1,1,1,1,-1.0535976142000667,1.0032444095405837,-0.20936704454513683
671,0,0,1,0,0,2,0,0,0,1,0,0,0,1,1,2,0,1,1,0,-0.12078347971064222,-0.8700602355280186,-0.13668519662826137
672,1,1,0,0,0,0,1,0,0,0,0,0,0,0,2,0,1,1,0,0,-0.7998667962280104,-1.927299310002036,0.07308072680589284
673,0,0,0,0,0,0,1,0,0,2,1,1,0,2,0,2,0,0,0,0,-0.003204477111795306,0.8898024273193337,-0.31668243161700577
674,1,1,1,0,0,0,0,0,0,0,0,0,1,2,2,0,0,0,1,0,1.602301078624078,-0.47006881281794866,0.39339163190210924
675,0,0,1,0,0,1,0,0,0,1,0,1,1,1,1,1,2,1,1,0,0.343458695663516,3.000790500466033,2.940404057522203
676,0,0,0,0,0,0,0,1,0,0,0,1,0,1,0,2,1,0,2,0,-1.4450868652276565,-0.02247853013209633,-1.4370237279733367
677,1,0,0,1,0,1,0,0,0,1,1,1,1,1,0,2,1,0,2,0,0.2920155618289438,0.7024175526486274,0.11929461062504246
678,1,0,1,1,0,0,2,0,0,1,0,0,1,0,0,0,0,0,1,0,-0.20602373859757794,0.5408252573308638,-1.1559973735796678
679,0,0,1,1,0,0,1,0,0,0,2,1,2,1,1,1,0,1,1,0,-0.0544839064540515,-1.4024661678892218,0.10140825818744648
680,0,1,0,1,0,0,0,0,0,1,0,0,1,1,1,1,1,0,2,0,1.2550227656456125,0.7848301590082745,0.8890527581011543
681,2,2,0,0,0,1,0,1,0,2,0,1,0,1,1,1,1,0,2,0,-0.05984772140643163,-0.1645489192129198,-0.9966052266333163
682,1,1,0,0,0,0,1,0,0,2,1,0,0,0,0,0,1,1,0,0,0.6205161519224702,0.22547895747513194,-0.7659459384353339
683,1,0,1,1,1,0,0,1,1,1,1,1,2,2,0,0,1,1,0,0,-0.41292482001982017,0.3459497985210548,0.8631987592246219
684,0,1,0,0,0,1,0,0,0,2,0,0,0,1,2,1,1,1,2,0,1.2150134263470769,1.3247431504085814,1.3696296269216053
685,1,1,0,0,0,0,1,0,0,1,0,0,1,0,0,1,0,1,1,0,1.6375315360116314,0.3556112575674774,0.5287317147933789
686,2,2,1,0,0,1,1,0,0,0,0,0,0,0,0,1,0,1,1,1,-1.1577855316669021,-1.0091644043539454,0.2659297856655151
687,0,0,0,0,0,0,1,0,0,2,0,0,2,1,1,1,1,1,0,1,-0.6754137361045605,-0.08404458686450511,-0.11419923576020227
688,1,2,1,1,0,0,0,0,0,1,0,0,1,2,1,0,0,1,0,0,0.5179288887729947,-0.7737557922671289,-1.0417045716879405
689,0,1,1,1,0,2,2,0,0,0,1,0,0,0,1,2,0,0,0,0,-1.185208397772881,0.46366159671407814,-0.12305808287449718
690,0,1,1,1,0,1,0,0,0,1,1,0,0,0,1,1,0,0,1,1,-0.0008872862896468158,0.43302433800715556,1.5539378533959085
691,1,1,0,0,0,0,0,1,0,0,1,0,0,1,1,1,0,0,1,0,-1.0071394143206986,-0.6397121917177188,-1.441268221965013
692,1,1,1,2,0,1,1,0,0,2,1,0,1,1,0,1,0,1,0,0,-0.4095402243399066,0.06316631124417413,0.09240249950679569
693,1,0,0,1,0,0,1,0,0,1,1,0,0,0,2,2,0,0,0,0,-0.797604438083884,0.1961111683423582,2.3384677837623693
694,1,1,0,0,0,1,1,0,0,1,1,0,0,2,1,0,0,0,1,0,-2.2049826777036277,0.08766642261241725,0.4681895003747216
695,1,0,0,0,0,0,1,0,0,0,1,0,2,1,2,1,0,0,0,0,0.3180720077701214,-0.01915175395751534,-0.5632764229870935
696,0,1,1,0,0,1,0,1,0,0,0,1,0,1,0,2,0,0,1,0,1.2590645400178455,-0.18848625124278423,-0.8574260041519286
697,2,2,0,0,0,0,1,0,0,0,1,1,1,1,1,1,1,0,0,0,0.42096470747654186,-0.9638884082142454,-0.5961211191296969
698,1,2,0,1,0,1,0,0,0,1,1,0,1,1,1,1,0,1,2,0,-0.0864859183428374,0.1574801779282822,-1.54697925036946
699,2,0,1,1,0,0,0,0,0,0,1,1,0,1,2,2,0,0,0,0,0.4596383913772905,-1.0035330871841432,2.3400259769328975
700,0,0,0,0,0,0,1,0,0,2,1,1,0,1,1,0,0,0,1,0,0.815569772167646,0.3661572856417764,1.017124772492755
701,1,0,1,0,0,0,1,0,0,1,0,2,1,1,1,1,0,0,1,0,-0.7417249249342254,0.8376917967922549,-0.21860805338302733
702,2,2,0,0,1,0,1,0,0,0,0,1,1,2,1,1,1,0,1,0,-0.23779986347624207,0.189112014260499,-1.2748322251254287
703,1,1,2,0,0,1,1,0,0,0,1,0,0,1,1,1,0,1,1,0,0.18993194479303216,-0.4692616778252556,-0.07959628703143778
704,2,0,0,0,0,0,0,0,0,2,1,0,0,2,2,2,0,0,1,0,-0.3063620318424391,1.089962198466101,-0.15965026398396193
705,0,1,1,1,0,0,0,0,0,1,0,1,1,0,1,2,0,0,1,0,-0.19447241179309524,0.03490809823983573,-0.8461967826121426
706,2,2,0,0,0,1,1,0,0,1,1,0,0,2,2,0,0,0,1,0,-0.7278440800609199,-0.04466340788945704,0.1467473122653413
707,2,2,1,1,0,0,0,0,1,0,0,0,0,1,0,0,0,0,2,1,0.021586978710077386,0.5298649220747744,-0.013043908825949524
708,1,0,1,1,0,0,0,0,0,2,2,1,1,1,0,1,2,2,1,0,-2.027720004423821,-0.14694072936592317,-1.8802990677268188
709,2,0,0,0,0,1,1,0,1,1,1,1,1,1,1,1,2,1,1,0,-0.40048379693931074,0.9456484015418212,1.230770648390088
710,0,1,0,1,0,0,0,0,0,1,0,2,0,1,0,1,0,2,2,0,-2.236327602492054,-0.4840814920139713,0.3861949453400487
711,0,1,0,0,0,0,1,0,0,1,0,0,0,2,2,0,0,1,1,0,0.3985079496129181,0.7854663936293721,0.37620374433354403
712,1,0,1,0,1,0,0,0,0,1,1,0,0,1,2,0,0,2,2,0,-0.21129759180762334,-0.6153217954588369,0.7868129926205201
713,1,2,1,0,1,0,0,0,0,0,2,0,0,1,1,0,0,0,1,0,-0.4513556271442735,-0.9945024003257967,-0.3317044500420365
714,1,1,0,1,0,0,0,0,0,1,2,1,0,1,1,1,0,0,0,0,-0.5093440831810039,-1.1321449821260048,-1.3610812340817178
715,0,1,0,0,0,0,1,0,0,1,0,0,0,1,1,1,1,0,1,0,0.4826491061627592,-1.7792978645147195,0.8088140940387791
716,1,2,0,0,1,0,1,0,0,2,1,0,0,0,0,0,1,1,1,1,-0.255320136361201,0.056538954797955676,0.10019736988456536
717,2,0,2,0,0,0,0,0,1,1,1,0,0,2,0,2,1,1,0,0,0.3435227290207236,-0.2964590836363992,0.3936572008298047
718,1,2,2,0,0,0,0,0,0,2,1,1,1,1,0,2,0,0,0,0,-0.829775301853329,1.3289699545083016,-1.821549750548299
719,2,0,1,1,0,1,2,0,0,1,1,0,1,2,1,0,1,1,0,0,0.20523443361486432,-0.5039365251695855,0.5299781589146492
720,2,1,0,0,0,1,0,0,1,2,0,1,0,1,1,1,0,0,1,0,0.33328183977774634,2.025300970312625,0.644168498102526
721,1,1,1,2,0,1,1,0,0,0,0,0,0,0,2,2,0,0,1,0,0.25012839790098484,-1.061622781028968,-0.6913700112277714
722,2,1,0,1,0,0,0,0,0,2,0,0,0,1,2,1,0,1,1,0,-0.7505201319419127,-0.30170412398961033,0.3186466097141403
723,0,0,1,1,1,1,1,0,0,1,0,0,0,2,1,1,1,0,0,0,0.08776205748285322,-0.17263080585570104,0.7483638626671881
724,1,0,0,0,0,1,0,0,1,2,0,1,0,1,2,2,0,1,1,0,-1.196268519033262,-0.3781581844456669,0.07925028155549879
725,0,1,0,0,0,1,0,1,0,1,1,0,0,0,0,0,0,0,1,0,1.6246836628901793,0.7038150262759482,0.5973982385071632
726,0,1,0,0,0,0,0,0,1,1,0,0,0,1,1,1,1,0,2,0,1.0549976941321109,1.3750882516018421,-1.0901496149891097
727,1,2,1,0,1,0,0,0,0,0,1,0,0,1,1,2,0,1,0,0,0.13058045385475472,-0.4304698933027791,0.16930565932909727
728,0,0,1,1,0,0,0,0,0,0,0,0,1,1,1,1,0,0,0,0,0.3376404297887016,-0.5748484634692168,-0.09375991247726859
729,2,0,0,0,0,1,0,0,0,0,1,0,0,0,1,0,0,1,1,0,-0.8533106773321121,-0.0022101853603606197,1.0833196968020213
730,1,1,1,1,0,2,1,0,0,1,0,0,0,0,2,0,0,0,2,0,-1.038838233338507,0.5459321031828185,-0.5107556100430195
731,2,2,0,0,0,1,2,0,0,0,1,0,0,1,1,0,1,1,1,0,-0.5234266036238132,-0.3467707741266751,-1.9717198696751963
732,0,1,1,0,0,0,0,1,0,2,1,0,1,2,1,0,1,1,0,0,-0.1875171223818104,1.0970759606249947,-1.8593182078158872
733,0,2,1,0,0,0,0,0,1,1,1,0,0,2,2,0,0,1,1,2,0.43981592140447046,0.1507278051618674,-0.40679475103853835
734,1,2,1,1,0,0,0,0,1,2,0,1,1,2,1,1,0,0,0,1,2.107348409616962,0.023846569780578752,1.0769941687588926
735,0,0,1,2,1,0,0,0,0,1,1,1,0,2,2,1,1,0,0,0,0.9435060615561308,0.6710458163612278,1.0555011943270918
736,1,1,1,0,0,1,1,0,0,1,2,0,0,0,2,0,0,1,0,0,0.7062227160201503,-0.16782429914397157,-2.0193604464636103
737,1,0,1,0,0,0,1,0,1,2,1,1,0,2,0,1,1,0,1,1,-0.5638723777851459,0.8464030942911376,0.850089573284053
738,1,0,0,0,0,2,1,0,0,2,1,0,1,1,0,1,0,1,1,0,-0.32917252519300527,-0.5056993478445337,-0.07821454847792894
739,0,1,1,0,0,0,0,0,1,1,0,1,1,1,1,0,1,1,0,0,-1.0392251248144966,0.07043138651480041,-1.1121845515926172
740,0,0,0,0,0,1,1,0,0,1,1,0,0,1,1,1,1,1,0,0,-1.1534892312476344,-0.5274960417250538,1.928962123810358
741,0,1,0,1,0,0,1,0,0,1,0,0,1,0,2,0,0,1,1,0,0.8460588212117778,0.6453239803275493,1.9661058044314441
742,1,1,0,1,0,1,0,0,1,2,0,1,0,1,1,2,1,2,1,0,0.7076718666668823,-0.11546193779918157,0.45742973335501064
743,2,1,0,1,0,0,0,0,0,1,0,0,1,0,1,0,0,1,2,0,-1.8460873241590938,-0.8878802712955365,-2.1129336620657893
744,0,1,0,1,0,1,1,0,0,0,0,0,1,0,2,0,2,1,0,1,-1.239416701491842,-0.3331095355254409,-0.012340186196557135
745,1,1,0,1,0,0,1,0,0,2,0,0,0,2,2,0,2,0,0,0,-0.5707194036867308,0.589978648407422,1.6320339639137404
746,1,1,0,1,0,0,1,0,0,1,0,1,0,0,1,2,1,0,1,0,-0.8669734817518612,-0.2018027565325795,-2.691575626890025
747,1,1,1,0,0,0,0,1,0,2,0,0,0,2,1,0,1,1,0,0,0.24190694589723322,0.19769242861547465,0.159794301692913
748,1,0,2,1,0,0,0,1,0,2,0,0,1,0,1,1,0,0,1,1,-0.8737456107386792,0.18834233988366206,-1.510045662977761
749,1,1,1,0,0,0,0,0,1,0,2,0,1,2,1,0,1,1,0,0,0.17197465477065144,-0.9934643934964508,-0.21348041913707394
750,0,1,1,1,0,1,0,0,0,1,0,1,1,1,2,2,0,0,0,0,0.6808805044334177,-0.5855237224606595,-1.1970682041725638
751,0,1,0,1,0,1,0,0,0,2,0,1,0,1,0,0,0,0,1,0,-0.14130271123275823,-0.20034043676511235,1.0057025318931603
752,1,1,0,1,0,0,0,0,0,2,2,0,1,1,0,0,0,0,0,1,-0.22226539480296686,0.13619671712070622,0.42234528390788767
753,0,1,0,0,0,0,0,0,0,1,0,0,0,0,0,0,0,2,1,0,-1.0242388066028436,0.7154653170599817,-0.350696578145661
754,0,1,0,0,0,0,0,0,0,2,1,0,0,0,1,0,0,1,0,0,0.33089228492948713,-0.46316367956930754,-0.21784847614374747
755,1,0,1,0,0,0,0,0,1,1,1,1,1,2,1,1,0,0,0,1,1.390726969189837,-0.11118955504252759,0.11292614311561544
756,1,2,2,0,0,0,1,0,0,1,0,0,1,0,0,1,0,0,1,0,-1.3143546948767402,-0.38196188092752154,-1.302099604186906
757,1,1,1,0,0,0,1,0,0,0,1,0,1,1,0,1,1,1,0,1,0.1928694653795129,-1.4271883155747662,0.36876839564164676
758,0,1,1,0,0,0,1,0,0,1,1,0,0,1,0,0,1,0,1,0,0.8022393733808888,-1.3742530591479123,-0.4546931075559604
759,1,1,0,0,0,0,1,1,0,1,1,0,1,1,1,1,0,0,1,0,1.3586678221908415,0.22793392917550487,-0.5435245142298959
760,1,1,0,0,0,0,0,0,1,1,1,0,1,0,0,1,1,1,1,0,1.1000258329645827,1.6742126206970749,2.7494304606698767
761,1,0,1,0,0,0,1,0,0,2,1,0,0,1,1,0,0,1,0,0,0.35571041129957975,2.231176323541495,1.455716161209032
762,0,1,0,0,0,1,0,0,1,1,0,0,0,2,1,0,0,0,1,0,-0.4252889603355035,-0.7418338759448092,-1.8451656878742029
763,1,0,1,0,1,0,0,0,0,1,0,0,1,2,1,1,0,1,1,0,-0.8001049973908868,0.8329966445187429,-0.23973244284236633
764,1,2,0,0,0,1,0,0,1,1,0,0,1,0,1,1,0,1,1,0,0.3130147575035754,-0.6884091547468079,-0.3946982959514256
765,2,0,2,0,0,0,0,1,0,1,1,0,0,2,0,2,1,1,1,0,0.03449148562261668,-0.10417111728127967,-0.78329132893162
766,2,0,0,0,0,1,1,0,0,2,1,1,1,1,2,0,1,0,2,0,-0.18639366408888294,0.5181814429067445,1.0696121246727492
767,0,2,2,0,0,0,0,1,0,0,1,0,0,2,0,0,0,0,1,0,-0.7961927610756272,-1.7835232937944476,-3.9556886366199038
768,1,2,1,0,0,0,0,0,0,1,2,1,1,0,1,0,1,0,0,1,-2.145097286027546,0.9166568586180724,-0.566514022756859
769,0,1,1,1,0,2,0,0,0,1,1,0,1,2,2,1,0,1,1,0,-1.3845177334602483,-1.6153674019978657,-1.154248010327652
770,1,1,1,0,0,0,0,0,0,1,0,0,1,0,0,0,1,0,0,0,-0.9597668177094191,0.4722978582994023,0.8991376532146524
771,2,1,1,0,0,1,0,1,0,1,1,1,0,0,0,1,0,1,1,0,-1.1245389832289914,0.2442010095883469,-1.3692957253081062
772,2,0,0,1,0,0,0,0,0,1,0,1,1,0,1,0,0,1,1,0,-0.7295556708138347,0.460317780941326,0.36046192611071437
773,1,2,0,0,1,1,0,0,0,0,2,0,0,1,1,0,0,1,1,0,0.062008120632550075,0.7474043280901003,-0.44248165152879154
774,2,0,0,0,0,0,1,0,0,1,0,0,0,1,0,1,2,1,1,0,-1.2767253017149602,0.33862467511288974,0.9539029183913419
775,2,2,0,0,0,1,1,0,0,2,0,0,0,1,1,2,1,1,0,0,1.7550236839476634,0.928740748161571,0.8013319884965794
776,1,1,1,0,0,0,1,1,0,1,0,1,1,2,0,2,0,0,2,0,-1.9492972403801645,-1.1559537894000094,-1.5936897560053849
777,0,2,1,1,0,1,0,0,0,1,1,0,0,1,2,0,0,0,1,0,0.883293177898095,0.7722599353547295,-0.6001501365302582
778,2,0,0,1,1,0,1,1,0,2,1,0,0,1,0,1,0,0,2,0,0.5229344527138831,2.1099791704130295,4.000793656835878
779,1,1,0,1,0,0,0,0,0,1,1,0,0,1,1,0,0,1,0,0,-1.1560250951309996,-0.549491282869625,-1.0127614096229411
780,0,0,1,0,0,1,1,0,0,0,1,0,0,1,2,2,2,0,1,0,2.2713434101363372,-0.6998368361188091,-0.5558782210310451
781,1,0,0,0,0,1,0,0,0,2,0,0,0,2,1,0,0,0,0,0,-0.41381940596365946,-0.3730346635018021,-1.4690701706369387
782,1,1,0,0,0,0,0,0,0,1,1,0,0,1,2,0,0,1,0,0,-2.2631079690979297,-1.508404961433406,-2.5010702637075246
783,0,1,1,0,0,0,1,2,1,2,2,0,0,1,0,1,1,2,1,0,-0.4092719664683642,-1.7798886850783546,0.47938460420952106
784,2,1,0,1,0,1,1,1,0,0,1,0,1,2,1,1,0,0,0,0,1.03634600654996,0.595734213748245,1.3817815738386299
785,1,1,1,0,0,0,0,0,0,1,1,0,1,2,1,1,0,0,0,0,0.6402897787950169,-0.221076898529737,0.6027733334210378
786,1,1,0,0,0,0,1,0,0,1,2,0,2,0,0,1,0,1,2,0,1.88611668571079,1.0265343257920565,-0.1142358066658603
787,1,0,1,0,0,0,1,0,0,0,0,0,1,2,1,1,2,0,0,0,0.9900253809078807,0.5425055158509697,0.04274272896740561
788,0,1,1,0,0,0,0,0,1,0,1,0,2,2,0,1,1,0,1,0,0.7586881134671154,0.7569557582578583,0.3028392056330139
789,1,1,0,0,0,1,1,0,0,0,1,0,0,0,0,1,0,0,1,0,-0.8099092030771755,0.8536087141127423,-1.8850242138212292
790,1,0,0,0,1,0,0,1,0,2,0,0,0,0,2,2,0,0,0,0,-1.2291158189698057,1.435302778196107,0.8919433413375917
791,1,0,0,1,0,0,1,0,0,0,1,0,1,0,0,0,0,0,2,0,1.4626006755765557,0.5266989134393054,0.6173294383342363
792,0,0,1,0,0,1,1,1,1,1,0,0,1,1,1,0,0,0,1,0,-0.16719422039294013,0.32603520374445566,1.0313235979892545
793,1,1,0,0,0,2,2,1,0,1,1,0,0,1,0,0,1,1,1,0,0.34236790158227265,-0.60323649062981,-0.1775415250523742
794,2,2,1,0,0,0,1,0,0,0,1,0,0,1,1,1,0,1,0,0,-1.5164741624941753,-1.2627572899065236,0.16938799652577374
795,2,1,0,0,0,1,0,0,1,1,1,0,0,0,0,2,0,0,1,0,1.096719740910009,0.056720020199448495,1.9779226842719215
796,1,0,1,1,0,0,1,0,0,2,0,0,0,2,0,1,0,0,0,1,-1.0409136171658633,-0.9887762983141002,-0.9689042276318617
797,0,0,1,0,0,0,1,0,1,2,0,0,0,2,2,0,1,0,0,0,-0.9070074137353599,-0.5070287326656464,-0.7894832331418238
798,1,1,1,0,0,1,1,0,0,1,1,0,0,0,1,0,2,0,0,0,-0.25946919898571413,-0.4376243677404353,-1.7105926168223884
799,2,2,0,0,0,1,0,0,0,2,0,1,0,1,1,1,0,0,0,0,0.1341060070984653,0.46495945363667035,0.6403855375126899
800,1,0,0,0,0,1,1,0,1,1,1,1,0,0,1,1,2,0,1,1,-0.5645686972353519,-0.5132219676968661,0.23021665398354463
801,1,0,0,0,0,0,0,0,0,1,1,0,0,1,1,1,1,1,1,0,0.5967978003735956,0.11992029395587522,0.23864285155661139
802,1,2,1,1,0,2,1,0,0,1,1,0,1,1,0,2,1,0,0,0,1.6498416066151043,0.035764619850497864,-0.295089027883537
803,1,0,1,1,0,0,0,0,0,2,2,0,1,2,1,2,0,0,2,0,-2.060243330079742,-0.909548689190963,-1.0094648463238642
804,2,1,1,0,0,0,1,0,0,0,1,1,1,0,1,1,0,0,1,0,0.37720529138163855,-0.0674069166783424,-1.4766814089836324
805,0,1,1,0,0,0,0,0,0,2,0,2,0,1,1,0,1,0,0,0,3.0742545077967844,-0.09537065161532565,0.06438950216064132
806,1,1,1,0,1,0,1,0,0,1,0,0,0,1,0,2,0,0,1,1,0.4764154616037086,-0.7386094351430952,0.6917442503601451
807,0,0,0,1,0,0,0,0,0,1,1,0,0,1,2,1,0,1,2,0,-0.09314277468139968,0.2470997727125929,-1.849352685453025
808,2,0,1,0,0,0,0,0,0,2,0,1,1,1,0,1,1,1,1,0,1.4133163188403888,0.9452256809680047,0.17161917235794377
809,1,0,0,0,0,1,1,0,0,1,1,0,0,0,2,2,0,0,1,0,0.23463369941155365,1.0984933537243475,-0.4522350393756358
810,0,2,0,0,0,1,1,0,0,2,0,0,0,2,1,0,0,0,0,0,1.9327391226178838,-0.041669149176436715,1.0924421177526873
811,2,0,1,2,1,1,0,0,0,0,0,1,0,0,1,2,0,0,2,0,-0.7478625605286344,0.1723750627627985,0.3015594181591634
812,1,0,0,1,0,0,2,0,0,1,1,1,0,2,1,2,1,0,2,2,-0.5689434515372691,-1.761551578873499,-0.29274987438136274
813,0,0,0,0,0,0,0,0,0,2,2,1,0,2,0,1,1,1,1,0,-1.4808572034435044,-1.6689688876372055,-0.3734948919794366
814,0,0,0,1,0,0,0,0,1,0,0,1,1,2,1,2,0,1,1,1,0.011847829688647919,-0.8059224370915922,-0.12345233988740197
815,1,1,1,0,0,0,0,0,0,1,0,1,1,0,0,0,0,0,1,2,-0.29085979395619077,0.12646194743784628,-0.246970951099038
816,2,2,0,0,1,1,1,0,1,0,0,1,1,1,0,1,0,2,0,0,0.12813312270984195,0.8258002913151993,1.5541836398989979
817,1,1,1,0,0,0,0,0,0,1,0,0,0,0,0,1,0,0,0,0,1.1403892786587713,1.500530504403324,1.6833279518028919
818,1,1,1,1,0,0,1,0,1,2,0,0,1,1,0,1,0,0,1,0,1.078834433830201,0.7927852300301348,-0.08387383690307415
819,1,1,1,0,0,1,0,0,0,2,0,1,1,0,2,0,0,1,0,0,-0.21163313245401572,0.8487429979195833,0.3066227859996841
820,1,0,0,0,0,0,1,0,0,0,1,1,0,1,1,1,0,1,0,1,-0.6297260780837618,0.7537096345154913,1.3993271920848613
821,1,1,1,0,0,1,1,0,0,1,1,0,0,0,2,0,1,1,0,0,1.2571801381313426,0.30596552579046643,-1.0473107869001033
822,1,1,0,0,0,1,0,0,0,1,0,0,0,1,1,0,0,1,2,0,0.6303170853216815,2.023229552495622,1.8731536419843848
823,0,1,1,0,0,0,1,0,1,1,0,1,2,1,1,1,2,0,0,0,0.531656373347728,-0.13031108741555109,0.4144510540300461
824,1,0,0,0,1,0,1,0,0,1,1,0,0,1,2,1,0,0,0,0,-0.23141744059604072,-1.155232332907161,-0.5937205590676223
825,1,2,1,0,0,0,0,0,1,1,0,1,0,2,2,1,1,1,1,0,1.1555764800932995,0.3985550039038539,0.34685527038351305
826,1,0,0,1,0,1,0,0,0,1,0,0,0,2,1,2,1,1,1,1,0.8541262646678996,-0.13717563050095005,1.4522877214416081
827,1,1,0,0,0,0,0,0,0,1,0,0,1,0,1,0,0,1,1,0,0.8648840333148609,-1.1301145651838884,0.01598049072367977
828,1,1,0,1,0,0,0,0,0,2,1,0,0,1,1,1,0,0,0,1,-0.9393776743553754,-1.3850455621441564,0.26566087992323056
829,0,1,0,1,0,0,1,1,0,1,1,0,2,1,1,1,0,1,1,0,-0.6700293185969407,-0.44189963050897807,0.8229928851226409
830,1,1,1,0,0,1,0,0,0,1,1,1,0,0,1,1,0,1,1,0,-0.532490950064847,-0.9201383399878871,-0.33846097635348305
831,1,1,1,1,0,0,0,2,0,0,1,0,0,1,1,0,0,0,1,1,0.18487871957326513,-1.0465437406324727,-0.15625823366331537
832,1,0,0,0,0,0,1,1,0,2,1,0,2,0,1,0,1,1,1,0,0.9078885584081767,1.4019262907019283,0.9917098738987145
833,1,2,0,1,0,0,0,0,0,1,2,0,1,1,1,2,1,1,0,1,-0.2086476060641814,-0.4641924810581988,-0.88063888049977
834,0,2,0,2,1,1,1,1,0,1,0,1,0,1,1,1,0,0,1,0,-0.9535794559740715,0.17378791618926792,-0.2702793421478467
835,0,2,1,0,1,0,0,0,0,1,0,2,2,1,2,1,0,1,0,0,-0.49687656235051536,-0.44133815080874234,-0.8399235665273548
836,0,2,2,0,0,0,0,1,0,1,2,0,0,2,2,1,0,1,1,0,-0.4362031022330759,0.24096667153838558,-0.3704345461676785
837,0,2,1,0,0,1,1,0,0,2,0,1,1,0,1,2,1,1,2,0,-1.0516324882818304,-0.1877159860210162,-1.0117739368432457
838,1,1,2,1,0,0,1,0,0,1,2,1,0,1,1,0,1,1,2,0,0.36332700770835336,0.8141369233888287,0.3379295247948185
839,2,1,0,2,0,0,1,0,1,1,2,0,0,1,1,2,0,0,1,0,0.3009876038307991,-0.3961797462919808,1.454150144820424
840,0,0,1,0,0,1,0,0,0,1,1,0,0,2,2,1,1,1,1,0,1.8276221447095453,0.0897282268083307,1.3915145695823976
841,0,0,0,0,0,0,0,0,0,1,1,0,1,2,2,1,1,1,0,0,-0.23041422803450723,-0.3706939715658171,-1.5286439302525705
842,1,0,0,1,1,0,0,0,0,1,0,0,0,2,0,1,0,0,1,0,0.19045698141637982,0.46147895265175587,0.2844633705483076
843,2,0,1,0,2,0,1,1,0,1,0,1,0,0,1,1,1,0,2,0,-0.37747775647744136,0.4289710734532537,-1.1363104267122497
844,2,2,0,0,0,0,0,0,0,2,1,0,0,2,2,0,0,2,1,0,0.12604158634643262,0.05600282514076689,0.6069832662738139
845,1,0,0,0,0,1,2,0,0,2,0,0,1,0,1,1,0,0,1,0,0.3060071009117667,1.4712548709334818,0.8400694650118318
846,0,0,1,0,1,0,1,0,0,0,0,0,0,0,0,0,1,0,1,0,0.6923436414834486,0.47022651759765793,1.2171476225588636
847,0,0,0,1,0,0,1,0,0,1,0,0,0,1,1,0,0,0,0,0,0.5416050026787516,0.5296792559995497,0.12230801687145249
848,0,1,0,1,0,1,1,0,0,1,2,0,0,1,1,2,0,1,2,1,-0.7506083050473792,-0.5049819975795447,-1.1581169207826396
849,0,1,1,0,0,0,0,0,1,1,1,1,0,1,1,0,1,0,1,0,0.3996361535868591,1.9739597668298832,2.728178855985022
850,1,0,0,1,0,0,1,0,0,0,1,0,0,0,2,1,0,0,0,0,-0.4776748799148555,-0.6727200778521495,-1.0187870596553867
851,2,0,0,0,0,0,1,0,0,1,1,0,1,1,1,0,1,1,1,0,0.23703498767116188,1.4309137453521168,2.71124954553488
852,0,1,1,2,1,1,1,0,0,0,1,1,1,1,1,2,1,0,1,0,0.31869545841402597,1.1752737468785064,0.7979735130061412
853,1,2,1,0,0,1,0,0,1,1,0,0,0,2,1,2,0,0,1,0,1.1581473239079643,1.3274292590071337,0.8184553743580167
854,1,1,0,0,0,0,0,0,0,0,0,0,0,2,2,0,0,0,1,0,-0.42662589964814024,1.5163034860732745,1.154321730905028
855,0,0,1,0,0,1,0,0,0,1,1,1,0,2,1,1,0,0,0,0,-0.389004282424352,0.02952394428137682,0.5401887681662075
856,0,2,1,0,0,1,2,0,0,1,1,0,2,0,1,1,0,1,0,0,0.6558471106556439,0.6683078222111328,-0.3620657227454438
857,2,2,0,0,0,0,0,0,0,1,2,0,0,2,1,2,0,1,2,0,-1.0010502436042428,-0.5233443063083829,-0.2006333641193299
858,2,1,0,0,0,1,1,0,0,0,1,1,0,1,1,1,0,0,2,0,0.21525363308567783,-0.6449569472758161,-0.2832033429264307
859,0,1,0,0,0,0,0,0,0,1,0,0,0,1,0,2,0,0,2,0,-1.3117994797091581,-1.7026128120931983,-0.9430706427419271
860,1,0,1,0,0,0,0,0,0,1,1,0,0,0,0,1,0,1,0,0,-1.1373859092345493,0.4059482477256733,0.3847824297958804
861,2,1,0,0,1,0,0,0,1,2,1,1,0,1,2,0,0,0,0,0,0.2575671473366376,-0.7053700871351032,-0.7137187845929684
862,1,1,2,1,0,1,0,0,0,1,0,0,0,2,1,0,1,1,0,1,2.2569078735843924,1.1680661327414776,1.8017512038039283
863,1,0,1,0,0,0,1,0,0,1,1,0,0,0,0,0,1,0,0,0,-1.8096977825319138,-1.1001018813529444,-1.868139639903938
864,1,1,2,0,0,0,1,1,0,0,0,0,0,0,2,0,1,2,0,1,0.625667263683105,-1.2711990097486516,-0.38330630357220347
865,0,0,1,0,0,0,0,1,0,1,0,0,0,2,1,0,1,0,1,0,2.8168158331950863,2.3886028422940697,1.4389723122686848
866,0,2,0,2,0,0,1,0,0,0,1,0,0,1,1,2,1,0,1,0,-0.4539409825293868,0.42394735663745564,2.764623084994937
867,0,1,0,0,1,1,0,0,0,1,0,0,1,1,0,1,0,1,1,0,-1.1102765361621199,-0.6950734010699966,-0.3648142259871796
868,1,1,0,0,0,0,0,1,0,2,1,0,0,1,0,2,2,1,0,0,-2.2321155948702662,1.489313119064549,-0.7632917899020194
869,0,1,1,0,0,0,0,1,0,2,1,1,0,2,1,0,0,1,2,0,0.3736756754197636,-1.1832495723880578,1.3585876904511311
870,0,2,0,0,0,0,1,0,0,0,2,0,0,0,0,1,0,2,1,0,1.0839894055028332,-1.4869157720719683,0.10978351192142152
871,1,2,1,0,0,1,0,0,0,1,0,0,1,1,0,0,2,0,0,0,1.6458933146852335,2.0070019695144072,0.09958815587178349
872,0,0,0,0,1,0,1,0,0,1,1,0,0,0,2,1,0,0,1,0,-0.019087884615677887,-0.7839747143187955,-0.9069794338806587
873,1,0,0,1,0,1,1,0,0,1,0,0,0,2,1,1,0,1,0,0,0.6803366237764746,-0.7000650226791193,0.15227677660073896
874,2,1,0,1,0,0,0,0,0,0,2,0,0,1,0,2,0,0,1,1,1.1723183766751533,-0.5289324488395066,0.7684749592124117
875,0,1,1,2,1,0,1,2,0,1,1,0,1,2,0,0,0,0,1,0,0.7102545986920689,-1.1245167853178524,0.23723833271843708
876,1,1,0,0,0,0,0,0,0,1,0,2,0,1,2,1,1,0,1,1,1.2618936260602334,-0.7943948525099347,3.309078125496857
877,2,0,0,0,1,0,1,0,0,2,1,0,1,1,1,0,0,0,1,0,-1.0676015676279458,1.5748344073654121,0.8143532459346059
878,1,1,0,0,0,0,1,0,0,2,1,0,0,1,2,0,0,0,0,1,-0.809864429093769,-0.11596652091320109,-0.596664227175506
879,0,1,0,1,0,1,1,0,1,0,2,0,2,1,1,0,0,1,0,0,-0.2629342433485671,-0.009798355745938486,-1.5853961739290283
880,0,1,1,0,0,1,1,0,0,2,1,0,0,2,1,1,0,0,0,0,-0.6526958788774785,-2.8208422085370857,0.31303981447896223
881,2,1,1,0,0,0,1,0,1,0,0,0,1,1,2,2,0,0,2,0,0.7876121587271462,-0.9372049973562229,0.11815682916549786
882,1,1,0,0,0,2,0,0,0,1,0,0,1,1,1,0,1,0,0,0,0.656100152430913,-0.7024500028632866,-0.12362623287925834
883,0,0,1,0,0,0,0,1,1,0,1,0,1,2,1,1,0,0,1,0,1.2120008768127934,-0.31738483291617015,-0.7881001836212124
884,1,1,0,1,0,0,1,0,0,0,1,0,1,1,2,1,2,1,1,0,0.09169898971450927,0.11000589194574788,0.5396148222223236
885,1,1,0,0,0,1,0,0,0,1,0,1,0,2,1,0,0,2,1,0,1.0977937642974074,-0.39459253696521923,-1.1868127873441157
886,1,1,0,2,0,0,0,1,0,2,1,0,0,1,1,0,0,1,1,0,0.5417161810536324,0.8495632177299753,-0.9191902367078303
887,2,0,1,0,0,1,0,0,0,0,1,1,0,2,1,1,0,0,1,0,-0.10138393412685814,0.9047378201369343,-1.337169667063812
888,1,0,0,0,0,1,1,0,0,1,1,0,1,2,0,1,0,1,0,1,0.019039167880871934,1.562121812840335,-0.6405168409894698
889,1,0,1,1,0,0,0,0,0,0,0,0,0,1,1,0,1,1,0,0,-1.2921826859721492,-1.0560505895971772,0.4541908246270393
890,0,2,1,1,0,1,1,1,0,1,0,0,1,2,1,1,0,1,0,0,-1.8707254312775525,-0.9530376187804392,-3.1359969954929947
891,2,0,0,1,0,0,1,0,0,1,0,0,1,0,0,2,0,1,1,1,0.2572999070023371,0.443335961594429,0.44381816916556927
892,1,2,0,0,0,1,1,0,0,0,0,0,0,1,1,2,1,1,1,0,1.402687002138287,0.5432421075098552,0.6078534776009961
893,1,0,2,0,0,2,2,0,2,1,1,1,1,1,1,1,1,1,1,1,-0.6112109468521708,0.12861792333424116,-1.7070194619773726
894,1,1,1,2,0,0,1,0,0,0,0,0,1,0,0,2,1,1,1,1,-1.1128870815217373,-0.22126139265696998,-1.4146728009160556
895,2,0,1,0,1,0,1,0,0,0,0,0,0,1,2,2,0,0,0,0,2.175509473225763,-0.1994149137177978,-0.4132309883434493
896,1,2,1,0,0,0,1,0,0,2,0,1,1,2,1,0,2,1,2,0,0.4537466477269694,-0.68616723718218,-1.9514150832582597
897,1,0,0,0,0,1,1,0,0,2,1,0,0,0,0,2,1,0,0,0,-0.8890997998742327,-0.16632341768342188,0.8945182346855023
898,2,0,1,0,0,0,0,0,0,1,2,1,0,2,1,0,0,1,0,0,-0.4059229025954248,-0.5838758904067292,1.8826818746654639
899,0,0,0,0,0,1,1,1,0,1,1,0,0,0,1,2,0,1,0,0,-0.6132056721196364,-0.6843920503708614,-0.7522299742752525
900,1,2,0,0,1,0,1,0,0,1,0,1,0,1,1,2,1,0,1,0,-0.6498266344773269,0.2271339940984073,0.34357834853153424
901,1,0,0,2,0,0,1,1,0,1,1,0,0,1,1,2,1,1,2,0,-1.4312008356596735,0.9309232083580884,-1.4336801984739922
902,0,0,0,1,0,2,0,0,0,2,0,1,1,2,2,1,0,2,1,0,1.8243737803036706,-0.25124612469046737,0.026176172203032144
903,1,1,0,1,0,1,0,0,0,1,0,1,0,1,2,1,0,0,0,0,0.9386567792211845,-0.26540016581728415,2.124645018354091
904,2,1,0,0,0,1,2,1,0,1,0,1,1,1,1,1,0,1,1,0,0.0709908505807978,0.06342147145166596,-0.2698563751616496
905,1,1,1,0,0,0,1,0,0,2,1,0,0,2,1,2,0,1,1,2,0.10298476792944329,0.46164841655917627,0.2903673399282964
906,1,1,0,1,0,1,0,0,0,0,0,0,1,1,1,2,0,1,0,2,-0.6334249063926098,-0.042733512604706814,-0.05689207694754142
907,1,0,0,0,0,0,1,0,0,2,1,0,0,1,1,1,1,0,1,0,0.7795170261184595,0.12047005879919498,2.659424698267886
908,1,0,0,0,0,1,1,0,0,1,0,1,0,1,2,2,1,0,0,0,-0.7040346830505952,-0.9181783698953552,-0.5932078567983072
909,2,1,0,0,1,1,1,1,0,2,1,0,0,0,2,0,0,0,1,0,0.3436775582997336,0.40339958169746487,-0.56217792212537
910,1,0,0,1,0,0,1,1,1,0,0,2,0,2,2,2,1,1,1,0,0.0673035319075143,-1.2894949653674703,0.1302207230292786
911,0,1,1,0,0,0,0,0,0,0,1,1,0,0,0,0,1,0,1,0,-0.3632263700769565,-1.8968547694428506,-1.2389160644261743
912,0,1,0,0,0,1,0,0,0,1,0,0,1,1,0,0,0,0,1,0,0.7649755321494079,0.32897344553236774,-0.5258235222552995
913,1,2,0,0,0,0,0,1,0,1,1,1,1,2,0,1,1,0,0,0,-0.6068649458633036,-0.7901811830373366,-0.7988180395957689
914,0,0,2,0,0,0,1,0,0,1,1,0,2,2,1,1,0,1,1,0,-0.9117646528644916,-0.5373662276229204,-0.5413474708655093
915,1,1,1,1,1,0,1,0,0,2,0,1,1,1,0,2,1,1,1,0,-0.015538318306165061,-0.9348189093103083,-0.32133433097907965
916,0,0,1,0,0,1,1,0,0,2,1,0,0,1,2,1,1,1,0,0,0.01811235557880201,-1.3361124127039046,-0.023714206656429968
917,1,2,1,2,0,1,1,0,0,2,2,0,1,1,1,1,1,1,1,0,2.662024702439243,2.025140597238912,1.2540948339018438
918,1,1,0,1,0,1,1,0,0,2,2,0,1,0,0,0,0,1,0,0,1.141591250394259,1.7201386778171033,1.6768909954505327
919,1,0,0,1,0,1,0,0,0,1,2,0,1,2,0,1,2,0,0,0,-0.9952392385933875,-1.4161146908477777,1.3739109897827861
920,1,0,1,0,0,0,0,0,1,0,1,1,1,1,2,0,1,1,0,0,-1.0741957915066922,-1.0241242821994114,0.30573091740442937
921,1,2,1,0,0,1,0,0,0,1,0,0,0,0,1,1,1,1,2,0,0.18575590875844855,1.0766893063459415,0.7395772030727075
922,0,1,0,0,1,1,0,0,1,2,1,1,1,1,1,1,0,0,0,0,0.33382648324883296,-0.036840954561559225,-0.6041676443451494
923,0,2,0,0,0,0,0,0,0,0,1,0,0,2,2,1,0,1,1,0,1.225025290121006,0.12230725579200671,1.7201456736853449
924,1,0,1,1,0,0,0,0,0,0,0,0,1,2,2,2,0,0,0,0,0.49087065462510726,-0.7039601770682165,0.465581484363504
925,0,2,0,0,0,0,1,0,0,0,1,0,2,1,2,1,0,0,1,0,-0.26886274882350414,-0.6833894269714231,-0.17074089901598877
926,2,1,0,2,0,0,1,0,0,1,1,0,0,2,2,0,0,1,0,0,0.6045913977831059,-0.2166252358850827,1.8165599884880412
927,1,1,2,1,0,0,0,0,0,1,1,0,0,2,2,0,1,1,1,0,-0.3959903038378852,-0.47368553998833957,-0.3558516630942742
928,0,1,0,0,0,1,2,0,0,2,1,0,1,1,1,0,1,2,1,0,-0.8269344004410529,-0.8136754793314893,-1.6350174322251645
929,0,0,0,1,0,1,0,0,0,1,0,0,0,2,1,1,0,1,2,0,0.9153565544177796,2.1340217531241965,0.8376657364565349
930,0,0,0,0,0,0,1,0,0,0,1,1,0,2,1,0,1,1,1,1,-0.5517545839447182,0.6575193732025375,0.4985361267456529
931,1,2,1,0,0,0,0,0,0,1,0,0,1,1,0,2,0,0,1,1,-0.44276613895288935,1.0503397436594946,-0.6917968506098804
932,1,0,0,1,0,0,0,0,0,0,0,1,1,1,0,1,0,1,1,0,0.8238665801483026,0.31852287965340914,0.9986917786196127
933,1,0,0,0,0,1,1,0,0,2,1,0,1,1,1,1,0,0,0,0,-0.8836713952557649,1.582384216528657,-0.2926819118802715
934,1,1,0,1,0,0,1,1,0,0,2,1,0,0,1,1,1,1,0,0,0.5877604373954114,-1.2756906016213914,2.047620608028615
935,1,1,1,0,0,0,0,0,0,2,0,1,1,1,2,2,0,1,0,0,1.2623111132114895,0.851078757964407,1.1737865540104628
936,2,0,0,0,0,0,0,0,0,2,0,0,1,1,2,2,0,0,2,0,-0.935555614873298,-0.26081855074706184,-1.6369560056430936
937,1,2,0,0,0,1,0,1,0,1,2,0,0,0,0,2,0,0,1,0,1.5855864845974939,0.3043432647215961,0.7129898605689624
938,1,1,0,0,1,0,0,0,0,0,0,1,0,0,0,1,1,0,0,0,-0.35090239278745666,0.5762494294742224,-0.5802874580378523
939,0,2,0,0,0,0,0,1,0,2,0,0,0,2,0,0,0,1,1,0,-0.052271694873939824,1.0812172401993583,0.9353782117054954
940,0,1,0,2,0,1,2,0,0,1,2,0,1,1,2,2,1,0,0,0,0.905523625704868,0.0520785928235758,1.5051573205168984
941,1,1,1,1,0,0,1,0,0,1,1,0,0,1,1,1,1,0,0,0,1.0963380451481664,-0.15480756903217371,-0.7031045744997237
942,0,0,0,0,0,1,1,1,0,0,2,1,0,1,1,1,0,0,2,0,-0.5295907737289015,-0.6137768092668126,-2.4713314457456685
943,0,0,1,0,0,0,1,0,0,1,1,0,1,2,2,1,0,1,2,0,-0.8424914692413501,-0.27835289542411373,-0.45478527711605754
944,1,1,1,0,0,0,1,0,0,1,0,0,0,0,1,0,1,1,1,0,-0.37012795305188384,1.2830627117520343,0.6299032966025029
945,1,1,0,1,0,0,0,0,2,0,1,0,0,1,1,1,1,0,1,0,-0.7148021335597917,-0.5485331310161077,1.1510219468648755
946,1,0,0,2,0,0,0,0,0,2,0,1,0,0,1,0,2,0,1,0,-0.7213386437241741,-0.5958277267525169,0.45855994613290524
947,0,0,0,0,0,0,0,0,0,1,1,0,0,0,1,0,0,0,1,0,0.5734818814665482,1.3421226395074999,0.6526044987041622
948,0,1,1,1,0,0,1,0,1,2,1,1,0,1,1,2,1,0,0,0,1.9312673984944129,0.6659156753027258,0.726760939215029
949,0,1,0,1,0,1,1,0,0,2,0,0,0,1,1,1,0,2,1,0,-0.23583443589702183,-0.9732656056102493,0.3007346936737194
950,2,0,0,0,0,0,0,0,1,2,0,0,0,1,1,1,0,0,2,0,-0.38878733079838984,2.38156219022455,3.0203099701205742
951,1,1,2,0,1,0,1,0,0,1,1,0,0,2,2,2,1,0,1,0,2.188711209104498,0.5526289935930084,1.232042157150019
952,0,1,1,0,0,1,1,0,0,1,2,0,1,1,1,1,2,0,0,0,-1.051805205800679,-1.0623838977567217,-0.6744299252121749
953,0,2,1,0,0,1,0,0,1,1,0,0,1,1,1,1,1,1,0,0,0.518307668352593,0.2306410270188946,-0.29406873190467536
954,0,1,0,0,0,0,2,0,0,0,0,1,1,0,0,1,0,2,2,0,-0.3810341122468155,-0.9987577858026037,0.7344785273367148
955,2,0,1,0,0,1,1,0,0,1,0,1,0,2,0,1,1,0,1,0,0.2454433296940102,-1.1860662252481449,1.4090752947205114
956,1,0,0,1,1,0,0,0,0,2,0,1,1,2,0,0,0,0,0,0,-0.7007955318407876,0.6217838920673,-1.211010733360995
957,0,0,0,1,0,1,2,0,1,2,0,0,0,1,1,1,1,0,1,0,0.298461630230368,0.09067985704870157,-0.3979494577176477
958,2,1,1,0,0,1,1,0,0,1,1,0,1,0,2,1,0,0,0,0,-0.4601409755559911,0.9056045817009599,0.31937560541601673
959,0,0,0,0,0,0,0,1,0,1,0,1,0,0,0,0,0,2,0,0,-1.1131856457108007,-1.3643417284158295,-0.04714744458541226
960,0,2,2,1,0,1,0,0,0,2,2,0,0,2,1,0,0,1,1,0,-1.228993225130203,-0.568625479075808,-0.6248111256532077
961,2,1,0,1,1,1,0,0,1,2,0,0,0,2,1,1,0,1,0,0,0.866020756998751,0.968467844171149,2.933298168686362
962,2,1,0,0,0,0,2,0,0,1,0,1,0,2,2,0,0,0,2,0,2.176515507587574,1.1410581703506726,1.3485876102913423
963,1,0,0,2,0,0,0,0,0,0,1,0,1,1,1,0,1,1,0,0,0.5105005750033434,0.13030983781573358,-2.2460337966755244
964,1,0,0,0,0,1,1,0,0,2,0,0,0,1,0,1,0,1,0,0,-0.29261914740899025,-0.6292479713598707,-0.36403473219228927
965,2,2,1,1,0,1,0,0,1,0,0,0,0,2,1,1,0,2,1,0,0.48033639292479147,-0.9887026256751746,1.749530557019262
966,1,1,1,0,0,1,1,0,0,1,1,0,1,0,1,1,0,1,1,0,1.5159409676499707,-0.6576849638112298,-1.0103928930830048
967,2,0,1,0,0,1,0,0,0,1,0,1,0,2,1,2,0,0,1,0,0.15005619255378788,1.361246626104002,0.6831580847729146
968,0,0,0,1,0,0,0,0,0,2,2,0,1,1,0,1,0,0,1,0,1.0071687228715689,-0.021438315886210257,2.092611118900615
969,1,1,0,0,0,0,0,0,0,1,1,0,1,1,1,0,1,1,0,1,-0.2795373340955781,0.24220311854490317,0.4967132297183548
970,0,0,0,0,0,0,0,0,0,0,1,0,0,1,1,1,0,0,0,0,-0.972451476565081,-0.6141678964327448,-0.8869557620584837
971,2,2,0,0,0,0,0,1,1,0,0,0,1,2,1,0,0,1,2,0,0.40567126335840736,1.8502858927256562,2.575038805099714
972,1,1,2,0,0,0,0,0,0,0,0,0,0,1,1,0,2,1,2,0,-1.8396859310159839,-0.18343888351898374,-0.29616586613935786
973,1,1,0,1,0,1,1,0,0,1,0,0,0,1,1,1,0,1,1,0,-0.9972404395399258,-1.6848474998936274,-0.3885439378752239
974,2,1,0,0,0,0,0,0,0,1,0,0,0,1,1,0,1,0,0,1,0.03454135704492969,-0.3400570839416956,0.8026033275516931
975,1,0,1,1,1,1,1,0,0,1,1,0,0,1,0,2,0,0,0,0,-2.2586579316641098,-1.5060368180933248,-0.9554435419335336
976,0,1,1,0,0,0,1,1,0,2,2,2,0,0,1,2,0,0,0,0,-2.34815777042192,-2.0468333244718124,-1.7417409542299889
977,1,0,2,0,0,0,1,0,0,1,0,0,0,2,1,2,2,0,1,0,-0.32729195699536767,-0.23968678903193208,0.5194923936786675
978,1,0,0,1,0,1,0,0,0,2,0,0,1,1,0,2,0,0,0,0,-0.8065522293035698,0.20742296293071943,-0.3686234128928031
979,0,0,1,0,0,1,1,0,0,0,0,0,0,2,0,1,1,2,1,0,0.11367925275713252,-0.6370611408923164,-1.3169656604210362
980,1,0,0,0,0,1,0,1,0,1,0,1,1,0,2,0,0,0,2,0,-0.20907384709945775,-0.3922036403000383,-0.7120794526967459
981,1,1,0,0,0,1,0,1,1,2,1,0,0,0,1,1,1,0,1,0,-0.6077298908225824,0.8115543874266087,0.4128897798977721
982,1,0,1,0,1,1,2,0,0,0,0,0,0,1,2,1,0,0,0,0,1.3650140751260358,0.4367306464735271,-1.491375148826728
983,1,1,0,0,0,0,0,0,0,2,1,0,1,0,2,0,1,2,1,0,1.231047706884084,2.4529083905516864,1.7679567341059648
984,0,0,0,0,0,0,1,0,1,0,1,0,1,1,1,1,0,2,0,0,0.07424461254081632,0.6858571002280793,-0.6638252994863694
985,0,1,2,1,0,0,2,0,0,0,2,0,1,2,1,0,1,2,0,0,1.5056238225946323,0.6297284452422317,0.9272676235644377
986,0,1,1,2,1,0,0,0,0,1,1,1,1,1,1,0,0,0,0,1,0.3114830105930704,1.8603958893742378,2.4903498628157292
987,0,0,0,0,1,0,1,1,0,1,1,1,1,2,1,1,2,0,1,0,0.6940680069874495,0.6102968232017669,-0.8327774279972509
988,0,0,0,0,0,0,0,1,0,0,0,1,0,1,0,1,0,1,0,1,0.3503218809755097,0.9937052898001094,1.4752595818792136
989,0,0,1,1,0,0,1,0,1,1,0,0,0,1,1,2,1,1,0,0,0.4707205148835813,-1.2730986597694751,0.388105444876022
990,1,0,0,0,1,1,1,0,0,2,1,0,0,0,0,1,1,0,2,0,-0.2690844249751336,-0.3654750111546541,-0.2953673978911355
991,0,1,1,1,0,0,2,0,0,1,1,0,0,0,2,0,0,0,0,0,-0.2365391063813055,1.0186493602563922,-0.7694728307560956
992,0,2,1,0,0,1,0,0,0,1,1,0,0,1,0,1,0,1,0,0,0.054633119232856395,-0.24849787368838383,0.8028073677742729
993,1,0,0,0,0,1,0,1,0,1,1,0,1,1,1,0,0,0,1,0,0.5492784900246092,1.350659465989953,1.6646835561776816
994,1,1,1,1,0,0,0,0,0,2,0,0,1,1,1,1,0,0,1,0,1.8864278209150838,0.9181724048778046,1.5750852367086594
995,1,1,0,0,0,1,0,0,1,1,0,1,0,0,2,1,0,0,1,0,1.3917318293836933,-0.02811433556332721,-0.9894166897635388
996,2,1,0,0,0,0,1,0,1,1,0,1,0,1,0,0,1,2,0,0,0.005103515468113201,0.004244426712117638,-1.9429239695252711
997,1,1,1,1,0,0,1,0,0,1,2,0,1,0,1,0,1,0,1,0,-0.08364060502663559,0.8157736215702261,1.0590655918223597
998,1,1,0,0,0,0,0,0,0,0,0,0,0,1,0,1,1,2,0,0,-1.1342424444584558,-0.3944280600183141,-0.9391064217572543
999,0,0,1,0,0,0,0,1,0,0,0,1,1,0,0,0,0,0,1,0,-0.849655012675446,0.6201910361976626,0.7733603552679482
1000,0,1,0,1,0,0,1,0,1,2,0,2,0,0,0,0,0,0,0,0,-1.1882016326157852,-1.3244035022050755,-1.7120465783054866
1001,0,0,1,0,0,0,0,0,0,2,1,2,0,1,2,1,2,1,1,0,0.020436530482503996,-1.7464868199042611,-0.11793662384304332
1002,0,2,1,0,0,0,1,0,0,0,0,0,1,1,2,1,1,1,2,1,0.7828439854822888,1.0732642433941368,2.610197608918502
1003,2,0,0,1,2,0,0,0,0,2,1,1,1,1,1,0,1,0,1,0,-1.0439225146424014,-1.4390549642740524,0.0856051039276915
1004,1,1,1,0,1,0,1,0,0,2,1,0,0,2,1,1,0,2,0,0,1.5140829846491584,2.2438895265168104,2.6463477667712736
1005,1,0,0,0,0,0,2,0,0,1,1,0,0,0,1,2,0,1,1,0,-0.7904909545700012,0.01048983014299551,-0.011158619853014223
1006,2,1,1,0,0,1,0,1,0,1,1,0,0,0,0,1,0,0,0,1,0.8054107295621538,0.8008809587578268,0.8879086209261093
1007,0,1,2,1,0,0,1,0,1,0,0,0,0,1,1,1,0,1,1,0,1.552249488606972,0.01023654243579425,1.0169841470015863
1008,0,2,1,1,0,0,0,0,0,1,1,1,0,2,1,1,0,0,2,0,-1.1078599893935734,-0.5488974912164493,-0.7988038534363361
1009,1,1,2,1,0,2,0,0,0,1,1,2,0,0,1,0,2,2,1,0,2.012098858247149,1.6344169405998705,2.0960615046698448
1010,0,0,0,0,0,0,0,0,0,1,1,0,0,0,1,1,2,0,0,0,0.6539417038384138,0.348218020317147,2.394539255554483
1011,0,0,2,0,0,1,0,0,0,1,0,0,0,1,1,0,2,0,1,1,0.9589525825944016,1.0299213902839424,-0.02957653990156839
1012,1,0,0,0,0,1,0,0,0,1,1,1,0,1,2,1,0,0,0,0,0.21862515383185452,-0.39159959772427144,1.294590773016237
1013,1,0,1,1,0,1,1,0,0,1,1,0,1,1,1,1,0,0,1,0,1.5456907298427074,1.2994840153037466,2.7434679065957948
1014,0,0,1,0,0,0,0,0,0,1,1,0,0,1,0,1,1,0,1,0,0.2621207907910662,0.05276693512764742,-0.943569171265187
1015,0,0,0,0,0,0,1,0,0,1,0,0,0,1,1,0,0,0,1,0,2.134532596809157,0.47199807531285315,1.008070409890528
1016,1,1,0,0,0,0,0,1,0,1,0,0,0,1,1,1,1,2,0,1,-0.5195247892973088,-1.166192934373299,1.5718962622141799
1017,1,2,1,0,0,1,2,0,0,0,0,0,2,0,1,1,0,0,0,0,-0.8828580727844759,-0.24063018397165228,0.003646703964679976
1018,1,1,0,0,0,0,0,0,0,1,0,0,0,1,1,1,0,1,1,0,1.127157645495693,-1.2138855725597488,1.5795445947347595
1019,0,0,0,0,0,1,0,1,0,0,1,0,2,2,0,0,0,2,0,0,-0.04945159402640489,0.16674726504661497,-0.5755433783193945
1020,2,1,1,1,0,0,1,0,0,0,1,1,1,1,1,1,0,1,0,0,2.14161384407397,0.5200500894503,1.1348869843270317
1021,1,0,0,0,1,0,1,0,0,0,1,0,1,1,0,0,1,0,0,0,-0.8447320823029869,-1.806042975373948,-0.7152112856325058
1022,0,1,1,1,0,0,1,0,0,1,0,0,0,0,1,0,0,0,0,1,-1.0183138470014073,0.857482185958164,0.23946054709312808
1023,1,0,2,1,0,1,0,0,1,2,1,0,1,2,0,0,1,0,2,0,0.05976644554734539,-0.7791953712284021,-0.13749913870054897
1024,2,0,0,0,0,1,0,0,1,1,0,1,0,2,2,0,0,1,2,0,-0.21706531046264213,1.622211650654533,-0.05880797912889224
1025,2,0,0,0,0,0,1,0,1,1,0,0,0,1,1,0,2,0,1,1,-0.05105240535745655,0.05664786886667539,0.5612345928429209
1026,1,1,1,2,0,0,1,0,0,1,1,0,0,0,2,1,0,0,2,0,0.8273817856346961,-0.8000380268681854,-0.048997416600299576
1027,0,1,1,2,0,0,0,0,0,2,1,0,0,1,0,0,0,1,0,0,-1.0221704694528897,-1.6560274116128717,-1.4713493333134224
1028,0,0,0,1,0,2,0,1,0,1,1,1,0,0,2,0,2,1,1,0,-0.728655665008866,0.2313303105415328,-1.106975262455539
1029,1,1,2,0,0,1,1,0,0,0,2,0,1,2,0,0,0,0,1,0,-1.3005370264626566,-0.3384866032181743,-1.04513457223729
1030,2,0,1,0,0,1,0,0,0,1,1,0,0,1,2,1,0,0,0,0,0.370742988884246,0.6403589369832376,1.3113212906652756
1031,1,1,1,0,0,0,0,0,0,0,0,0,0,2,1,0,1,1,1,0,0.5027804158663086,0.0028684662528879468,0.29241788659629886
1032,1,0,0,0,0,1,0,0,0,2,1,0,0,1,1,2,0,1,1,0,-1.933685795749704,-1.6401683011492656,0.20323400634715139
1033,1,1,1,0,0,1,1,0,0,1,0,0,0,2,0,1,0,0,0,0,-0.5088558471838787,-1.5036600387550099,-0.16255026518794635
1034,0,0,1,0,0,1,0,0,0,1,0,1,1,1,0,0,0,1,1,0,0.17284274611722916,2.1832276930663945,1.406213529029904
1035,0,1,2,1,0,0,0,0,0,2,1,0,1,1,2,1,0,0,1,1,1.637583495365501,0.7950583863074586,1.5550486205068332
1036,0,1,1,0,0,0,0,0,0,1,0,1,0,1,2,1,1,0,0,0,0.8637467305594944,-1.8766869369591115,-0.1607406069148567
1037,1,2,0,0,0,0,1,0,0,2,0,0,0,1,1,1,0,1,1,0,0.4406378541167365,-0.4601075883958536,-0.07598122252592732
1038,1,1,1,1,0,1,1,0,0,0,1,1,1,0,1,2,2,1,0,1,-0.8067634719166402,-0.06339122626194621,-0.1664451089680229
1039,0,1,0,1,0,2,0,1,0,1,2,0,2,0,0,1,0,0,0,0,-0.5541527970312806,-0.39041024488339826,-1.9368691550775432
1040,1,1,1,0,0,0,1,0,0,1,1,1,1,1,0,1,0,0,1,0,-0.368555140566556,1.1857738308579608,-0.13452572415047065
1041,1,1,0,0,0,0,1,0,0,0,0,0,0,1,2,2,0,1,1,0,0.6768405749718042,-0.1778498904599577,-1.3502173298282467
1042,0,0,2,0,1,0,0,0,0,0,0,1,0,1,0,0,2,0,1,0,2.0315198802745904,1.0203318612892736,0.7850084526219104
1043,0,1,1,1,0,1,0,0,0,2,2,0,1,1,1,1,1,1,2,0,-0.9152410476984066,0.481839687628217,-0.7250058152192671
1044,0,0,0,1,0,0,0,0,0,1,0,1,2,1,0,1,0,0,0,0,0.12078573957852837,0.6598590010592943,0.7539067340093748
1045,1,0,1,0,0,0,0,0,0,0,1,0,1,0,1,0,0,2,1,0,-0.7571761722462198,0.24182333039817247,0.8440546256276593
1046,0,1,0,0,0,1,2,0,0,1,1,0,0,0,0,1,1,1,1,0,1.1170975686748883,0.04529526839886314,2.1320429407381307
1047,0,2,2,1,0,0,0,0,0,1,0,0,0,0,1,0,0,2,1,0,0.5470037682143528,-0.8311804564162518,0.39101080128921495
1048,0,2,0,0,0,0,1,1,0,2,0,0,0,0,1,1,1,1,0,0,0.6679972374667317,-0.08804522601706073,-0.5253627519661745
1049,0,1,1,0,0,0,1,0,0,1,1,0,0,2,1,1,1,2,0,0,-0.8529043613393532,-0.5576757725715945,-0.41973926707939596
1050,0,0,2,0,1,0,1,0,0,1,2,0,1,1,2,1,1,1,1,1,-0.29216766467347033,-0.21331946465505872,-1.6318520345635468
1051,0,1,0,0,1,0,0,0,0,1,0,0,0,1,0,2,1,0,1,0,0.4574658664630647,-0.10980659252128411,0.34530735666863216
1052,1,0,1,0,0,0,0,0,0,1,0,0,0,1,1,0,2,0,1,0,0.7088279399551133,-1.6255755055028764,2.2376983752523123
1053,0,1,0,1,0,0,0,1,0,2,1,0,0,1,1,0,1,1,0,0,-0.6839810660377466,-0.15185220733724822,-0.22937788624915678
1054,1,1,1,0,0,0,0,0,0,0,1,1,0,2,1,1,1,0,1,0,-0.16144968239560287,0.33746777276093093,0.45175145073608014
1055,1,2,0,1,0,0,1,0,0,1,0,0,0,1,1,1,0,1,0,0,1.6823368982178022,0.693476951991165,-0.6296482512610401
1056,0,0,1,0,0,1,1,0,0,0,1,0,0,0,0,1,1,0,0,0,-0.9499440062067084,-0.8720163239706421,-0.6720554279052113
1057,2,1,0,1,0,1,1,1,1,0,1,0,1,1,0,1,1,0,0,0,-0.3655382331587674,-0.33389318983396,-0.43010707716097796
1058,1,2,1,0,1,0,1,0,0,1,2,0,0,0,2,0,0,2,1,0,-0.06502699443919195,0.2688171626411557,0.04141110044173347
1059,1,0,1,0,0,1,0,0,0,0,0,0,1,2,2,0,1,1,1,1,0.516051646320272,0.044524476129341406,-0.05763756319440619
1060,0,1,1,1,0,1,0,1,0,0,1,0,1,1,1,0,1,2,0,0,0.18984058457270403,0.7775094102998907,0.5624187817655277
1061,1,1,1,0,1,0,0,0,0,0,0,0,0,0,1,0,0,0,0,0,0.5436108979091572,-0.31003088944380247,-1.1995345626654317
1062,1,2,0,1,0,1,1,0,0,0,2,2,0,2,1,0,0,2,1,0,0.8121929734401417,0.21940007566794056,-0.8878600440596814
1063,1,1,1,1,0,1,0,1,0,1,0,0,0,1,1,1,0,0,0,0,-0.9674621720799778,0.509356726500691,0.5129717419192267
1064,0,0,1,0,0,0,1,0,0,1,1,1,0,2,1,0,0,0,0,0,0.22998277190800442,-0.8320643517178045,0.7833603619358418
1065,0,0,0,0,0,0,1,0,0,2,2,0,0,1,0,1,1,1,2,0,1.2328518109905084,-1.50443150135545,-1.1850560648829218
1066,0,0,1,1,0,0,0,0,0,1,1,1,0,0,1,0,0,0,1,0,-0.7829192527464834,0.5024438553530167,-0.03150244620473116
1067,0,1,2,1,0,1,0,1,0,0,0,0,0,2,1,2,1,0,1,0,0.6145099525853018,-0.7450637881194186,0.0490895075608545
1068,2,1,0,1,0,0,0,0,0,1,1,0,1,0,1,2,0,0,1,0,-0.9402342009998115,-0.24075793060648756,0.4046399530140705
1069,1,1,1,1,0,0,0,0,0,1,0,0,1,2,1,1,0,1,1,0,-0.9093975975609423,-0.49793879384867723,-0.6274400510835797
1070,1,1,0,1,0,0,0,0,1,2,0,1,0,0,0,2,1,1,1,0,-0.16633337097883832,-0.11351964879563511,-2.4704291970675682
1071,1,0,1,0,1,1,0,0,0,0,1,1,0,1,1,2,0,0,0,0,-1.0441428354471958,-0.6783211717810378,-0.01048570101033125
1072,0,0,1,1,0,0,0,0,0,2,0,1,1,0,0,0,1,0,0,0,-0.05814719013022848,-1.3027368091315774,-0.648513765235538
1073,1,1,0,1,0,0,1,1,0,0,2,1,0,1,0,1,0,0,1,0,0.24497882479388502,-0.19756818447205757,-2.1233545723426133
1074,2,2,0,0,0,0,1,0,1,0,1,0,0,1,1,1,0,2,0,0,-1.1732378821048173,-0.08356221693383303,0.5532063426878565
1075,2,1,1,0,0,0,0,0,0,0,2,0,1,1,2,1,0,1,0,1,0.01639737159946974,0.393990926681599,2.073375436451663
1076,1,1,1,0,0,1,2,0,0,0,1,1,0,1,1,2,0,1,0,0,0.60398698146472,-1.0811037522664801,-0.2649675281329328
1077,2,2,2,1,0,0,0,0,0,1,0,0,0,0,0,1,0,0,0,1,-0.9998157194841403,-0.8701504466681925,-0.5298876544944284
1078,1,1,0,0,0,0,0,0,1,1,0,1,1,1,2,1,1,1,0,0,0.8380177768644098,0.8350902280765744,0.25490406352066436
1079,1,1,1,0,0,0,0,1,0,0,1,0,1,1,1,0,1,0,0,0,0.6275431838783364,0.6183311979572931,0.16197812643725734
1080,1,1,1,0,0,0,1,0,0,2,1,0,1,1,1,1,0,0,0,0,-1.6242172394638892,1.008514716157046,0.03920856999763436
1081,0,1,0,0,0,1,0,1,0,1,0,0,0,1,1,1,1,1,1,0,1.0020097944551922,-1.0925394651796316,1.5168020086250358
1082,1,0,0,0,0,1,0,0,0,1,1,0,0,2,2,0,1,1,1,0,-1.2400001168449157,0.05125691604746036,0.6056918177008421
1083,0,1,0,0,0,2,2,1,0,2,0,0,0,1,0,1,0,1,0,0,0.495869004182907,0.9951438511703354,-0.2221537349178755
1084,1,1,1,1,0,1,0,0,0,0,0,0,0,0,1,0,0,0,1,0,-1.3648947123884427,0.0013679220902239053,-2.2325266048397068
1085,1,2,1,1,0,0,1,0,0,2,1,0,1,2,1,1,0,1,1,0,0.11440896552389349,0.8089559738628789,-1.0684337737417398
1086,2,1,0,0,1,0,0,0,0,1,0,1,0,1,2,1,2,0,1,0,-1.5307798192821276,-0.33566973373327935,-2.4939324297532055
1087,2,0,1,0,0,0,1,0,0,1,1,0,1,0,1,0,1,1,1,0,-1.6166281468393857,0.76597832697519,-0.28415513137707815
1088,2,0,2,0,0,0,0,0,1,1,1,0,0,2,1,1,1,1,0,1,0.21220754101264291,0.47826130448102544,0.4543405635268474
1089,0,0,1,1,0,0,1,1,0,1,0,1,1,0,1,0,0,1,2,0,0.27813370213410005,0.19269243291671423,1.7397503658333289
1090,1,0,0,0,0,1,0,1,1,0,0,0,2,0,2,0,0,0,1,0,-1.9928694094723156,-1.2495293287259228,-0.7072002658509007
1091,2,2,0,0,0,0,1,0,0,1,2,1,1,0,1,2,0,1,0,0,1.062927848903323,1.1908833830230414,2.0712927777394485
1092,1,1,0,0,0,0,0,0,0,1,1,0,0,1,1,1,0,1,2,0,0.3995806508450303,-1.5085946413117013,0.7190498244123938
1093,1,0,0,1,0,0,0,0,0,2,0,0,0,0,1,1,0,2,1,0,-0.4496488000636533,1.0588528762006528,0.6758233442927866
1094,2,1,2,0,0,0,1,1,0,1,0,1,0,0,0,2,1,0,1,0,0.13211920530968102,-0.7572214928421381,2.023521422636398
1095,1,2,0,0,0,1,0,1,0,1,1,1,0,2,0,0,1,1,1,0,0.06387435286999185,0.6963143258636413,0.4101977398561054
1096,2,1,0,1,0,0,1,0,1,1,0,0,1,2,1,1,0,0,1,0,0.5214953622527575,0.22680778352954814,0.14568281434500965
1097,1,2,0,0,0,0,0,0,0,0,0,0,1,0,0,1,0,0,0,0,-0.3671363364771269,-1.4846695195059016,1.5838982145536395
1098,1,1,0,1,0,0,1,0,0,2,1,1,0,1,1,1,0,0,1,0,1.1790708875719258,1.018122825430526,0.5234864101720389
1099,0,0,0,0,1,0,0,0,0,0,0,0,0,1,1,0,1,1,2,0,-0.9955450433982914,-0.2795305848577602,0.31630909162823584
1100,1,1,2,0,0,1,0,0,0,1,0,0,0,1,0,0,1,0,1,0,2.349706417595422,-1.7909579603819687,-0.8418339904567196
1101,1,1,0,0,0,1,0,0,0,0,0,0,1,1,1,0,0,1,1,0,0.02505700625603216,0.9489694048571846,-0.1258263053068534
1102,2,1,0,0,0,1,0,0,0,1,1,0,0,2,1,0,1,2,0,0,-0.2650188018067102,-0.01640038801874716,-0.7759760662423054
1103,1,1,1,0,1,1,0,0,0,1,1,1,0,1,2,1,0,1,1,0,0.6545522180604171,0.08402397606799777,0.7493102891596554
1104,0,2,0,0,1,2,0,0,0,2,1,0,0,0,2,1,0,0,1,0,-0.05405480126487629,-0.3081891906229206,0.8558541089083934
1105,1,0,1,0,0,0,0,0,0,2,0,0,0,0,0,0,1,2,1,1,-0.01284632964086352,0.29141860544151127,0.5128932940086144
1106,0,0,1,0,0,0,0,1,0,1,0,1,0,1,1,0,0,0,2,1,1.1322838541506117,0.7466767369332524,1.4939156916897474
1107,2,0,2,0,0,1,1,1,0,1,1,0,1,1,0,1,0,0,1,0,1.6121848527058398,0.3907494632126539,3.1253808060684447
1108,1,0,0,1,0,0,0,1,2,0,0,0,1,1,1,2,1,1,1,0,1.3144147039801581,0.21241606809451966,1.7392088742078857
1109,1,2,2,0,0,0,1,1,1,1,1,0,1,1,0,1,0,1,1,1,0.16914612187759182,0.10832098491326325,-0.13053238036098203
1110,1,1,0,1,0,0,0,1,0,1,2,0,1,0,2,1,1,1,0,0,-0.023388995326788908,0.2560487683137888,0.9572549601352911
1111,1,0,0,0,0,0,1,0,0,1,1,0,0,1,2,1,0,1,1,0,-0.6833286228590392,0.9728555431235821,-1.11965598521793
1112,1,0,0,0,0,1,1,0,0,1,0,0,0,1,1,0,0,0,1,1,0.7688048692156816,0.01790134710942537,-0.8594573654181137
1113,0,2,1,0,0,0,1,0,1,0,1,0,0,1,2,2,0,1,1,0,0.41955976192321615,-0.33457913254526056,0.2596973497756288
1114,1,1,0,1,0,1,1,0,1,2,1,0,0,1,0,2,0,1,0,0,0.8545041109342307,0.3564322340140022,0.6937726547968861
1115,0,1,0,0,0,1,1,0,1,1,1,0,0,0,2,1,0,0,2,0,2.0636059447698507,-0.25048374688764175,-0.49092745659578874
1116,1,2,0,0,0,0,0,0,0,1,0,0,0,2,0,0,0,0,1,0,-1.0722119331916582,-1.9210533179971443,2.178217257178308
1117,1,0,1,1,1,0,0,1,0,1,1,0,2,2,2,1,2,0,0,0,-0.5051914821253994,-0.025670936341540353,-0.6921865911028338
1118,1,2,2,1,0,0,1,0,0,1,0,0,0,2,0,0,0,0,0,0,0.42134388776227694,-0.44109046657250933,0.9796502727794456
1119,2,0,1,1,0,0,0,0,1,1,1,1,0,0,0,1,0,2,0,0,-0.3310415853260765,-1.4229697336625122,-0.007431256501085254
1120,0,0,1,0,0,1,2,0,0,0,0,0,0,0,1,1,1,2,0,0,-0.11069173316694005,1.9319827230218507,1.7199438142148389
1121,1,1,1,0,0,1,0,0,0,2,1,1,0,1,1,0,0,0,1,1,1.1754907645895256,2.4763230206198292,3.1815187837725434
1122,0,1,0,0,0,0,0,0,0,1,0,0,0,1,0,1,0,1,1,0,-0.6374839754935056,-0.10056544703186332,2.2002386855328346
1123,0,1,2,0,1,1,0,1,0,1,0,1,1,2,1,1,0,1,0,0,-1.3004276869243314,-1.735276340249829,-0.9869361069371398
1124,1,1,0,1,1,0,1,0,0,1,0,0,0,1,0,1,0,1,2,1,0.9418479060390937,-0.1883263699753195,0.6356352904362886
1125,1,2,0,0,0,1,1,0,0,2,2,0,2,1,1,0,0,1,1,0,-0.49041849197823106,-0.04399679013887725,0.09112571964196137
1126,1,1,2,1,0,1,2,0,0,1,0,0,0,1,0,2,0,0,2,0,-0.2826816102058939,-0.20395627874013555,0.551684891478071
1127,0,2,0,0,0,0,0,0,0,0,1,1,2,1,1,2,1,1,1,0,0.06463720829870796,0.6193080975852463,-1.419609445157076
1128,1,1,1,0,0,0,0,0,0,2,1,0,1,1,0,0,0,0,0,0,-0.8285999723691687,-0.5361908817471898,1.5189001711497685
1129,1,2,1,0,0,1,1,1,0,2,1,1,0,1,0,0,0,0,1,0,0.024946783912978693,0.22461144335770855,0.16174726565070205
1130,1,1,1,0,0,0,1,0,0,1,2,0,1,1,1,2,1,1,0,0,-1.2207101985850564,-1.0026027279285943,0.0844599339470527
1131,0,1,2,1,0,1,1,0,0,1,2,0,1,0,2,0,0,2,0,0,0.5180232365974429,-0.1624853419543425,0.5376814545773959
1132,2,0,1,0,0,0,0,0,1,1,0,0,0,1,1,0,0,1,0,0,1.1439720414512227,0.14702150788256574,1.6993956961165118
1133,0,1,1,0,0,0,0,0,1,1,0,0,0,2,2,1,1,1,0,0,1.631383868634891,0.5767754631576715,0.5137896058567146
1134,0,1,0,0,1,0,0,0,0,1,0,1,0,0,0,2,1,0,1,0,2.7076266849407973,0.23009080631964643,1.2525098802781738
1135,0,1,0,1,0,0,0,0,1,1,0,0,1,1,1,0,0,1,1,0,-1.1193578570168137,0.203562739258015,0.6637474611431651
1136,0,1,1,0,0,2,0,0,0,2,2,0,1,1,1,0,0,1,2,1,0.19237282960412452,1.9129992088527028,1.1118692536711148
1137,0,0,0,0,0,0,0,0,1,1,0,0,0,2,1,2,1,0,1,0,1.7876490210909437,1.001555703440852,1.7292244933608254
1138,0,0,0,0,0,0,1,1,0,0,1,0,0,2,1,2,1,0,0,0,-0.45995432839437955,-1.4922554068717964,2.266234500768379
1139,1,2,1,0,0,1,1,0,0,2,0,0,0,0,0,2,1,0,1,0,0.8993526535017525,0.12548746391051424,-0.03758887820307821
1140,1,1,0,0,0,1,1,0,0,1,1,0,1,0,1,2,1,0,0,0,-1.2911445044160064,-0.7133892323396895,-0.07130845367108235
1141,2,2,2,0,0,0,1,0,0,1,1,0,0,1,0,2,0,0,0,0,-0.8892064298827709,-0.7105496401038661,1.7505231196069533
1142,1,1,2,0,0,0,2,0,0,2,0,0,2,0,2,0,0,0,0,0,1.0668930788646254,1.7622190904428257,1.8194309550049028
1143,0,2,0,0,1,0,0,0,0,2,1,1,0,1,0,2,0,0,1,0,1.621373367874089,-0.7051860207526207,-1.0288493762526398
1144,1,2,1,0,0,0,0,0,0,1,0,0,0,0,1,0,0,0,0,0,-0.6460960214143283,0.17075837286569961,0.17403992248555464
1145,1,0,0,0,0,0,0,0,0,1,0,1,0,2,2,1,0,1,1,0,-1.135163561311591,-1.7593837035684168,-0.43555099663607333
1146,0,1,0,1,0,0,1,0,0,2,1,0,0,1,2,0,0,1,1,0,-0.9749360828777588,-0.4604859648573281,0.2739491919030037
1147,2,1,0,0,0,1,0,0,0,1,0,1,1,2,0,0,0,0,1,0,1.0625144640881277,-0.9336036437170465,-0.22916767214837228
1148,1,1,1,0,0,1,0,0,0,1,0,0,0,1,1,1,0,0,0,1,-0.6868239513684652,-0.12558752913638166,-0.6115539142365997
1149,0,2,0,0,0,0,1,1,0,2,0,1,1,0,2,2,1,2,1,0,-1.7731036409332068,0.9318742142418712,0.24465009722230335
1150,1,1,1,0,0,0,0,0,0,1,1,1,0,1,1,1,0,0,2,0,0.47676944220048906,1.4181492400355706,-0.36241748442381194
1151,1,2,2,0,0,0,1,0,1,1,0,0,1,1,1,0,2,2,1,0,0.42373265272918126,0.5055431860173275,-1.2700878999079213
1152,0,0,1,0,0,0,0,0,1,1,1,1,1,1,0,0,0,0,1,0,-0.5120992539502893,0.4167083945364745,0.48284348067562155
1153,1,1,2,0,0,0,0,0,0,0,1,0,0,1,1,0,0,1,1,1,-1.6898640893125332,0.09008651885277241,1.0834850676837529
1154,1,1,0,0,0,0,0,0,0,0,0,1,0,2,2,0,1,1,2,0,2.087424075370516,0.4906048910446661,1.5990985685449295
1155,2,0,1,0,1,2,0,1,0,1,0,0,1,2,1,0,0,0,1,0,0.2949085436787762,0.3011979659357825,-0.31271387486877866
1156,1,0,1,0,0,0,1,0,0,1,1,1,1,1,1,1,0,1,1,0,-0.8340200621555162,-0.9313867824627826,-1.0039905150374666
1157,0,1,1,0,0,0,0,0,0,1,0,0,0,1,1,0,2,0,1,0,1.8991418958887745,0.40994007617878775,2.3334036100684563
1158,0,1,0,1,0,1,0,0,0,2,0,0,0,0,0,1,0,0,0,0,0.3598354624019065,-0.24754610718006193,-0.13591551322767242
1159,1,1,0,0,1,0,0,1,0,1,1,1,0,2,0,0,0,1,0,0,-0.7149474705615693,-1.8488084820388666,0.018464343925691712
1160,1,0,0,1,0,0,0,0,0,0,1,0,1,1,1,1,1,2,0,0,-0.9580086357706752,-1.9338824124905143,0.3915838022380109
1161,0,2,0,1,0,0,0,1,0,0,0,0,0,2,1,2,0,1,0,0,1.436165227708931,-0.5523465884915633,0.9700751772486922
1162,1,1,1,1,1,0,0,0,0,1,1,0,0,1,1,2,0,1,0,0,-0.9743090736056497,-0.1706337719825607,-1.7251538729564233
1163,2,1,1,0,0,0,1,0,1,0,0,0,1,0,1,1,0,0,0,0,0.3343872127513933,0.24734096705988656,0.18106796367679917
1164,0,0,1,1,0,0,0,0,0,1,1,1,0,1,1,1,0,0,1,0,-1.6558012927346488,-1.245768074291984,-0.655670260408881
1165,0,1,1,1,0,1,1,0,0,1,0,0,0,1,1,1,0,0,1,0,0.13953209485383566,1.2280801596954316,0.4837265016396669
1166,2,0,1,0,0,1,0,0,0,0,2,0,0,1,0,0,0,1,1,0,-0.5795976199889054,0.4426879754640213,0.6765640475091977
1167,0,1,1,0,0,1,1,0,0,0,1,1,1,1,2,0,0,0,2,0,0.9184025949223211,-1.726080207382538,-1.1758243141391276
1168,0,0,1,0,0,1,0,0,0,1,1,0,1,0,1,1,0,1,1,0,0.8113931195663405,1.3009104780116931,1.0807639134222757
1169,1,0,1,0,0,1,1,0,0,1,1,0,0,1,0,1,1,0,1,0,-0.7423929935271424,-1.6023833303834731,-0.13254541172618564
1170,0,1,1,0,0,0,0,0,0,0,2,0,0,1,2,0,0,2,0,0,0.11611909908894112,1.3120558769103992,-1.7990743745117697
1171,0,0,0,0,0,1,0,0,0,1,1,0,1,2,1,1,1,1,1,0,-1.4644877948262949,-0.713771663103615,-2.228563781401027
1172,1,1,0,2,0,2,0,1,0,1,1,0,0,1,1,1,0,0,0,0,1.4086458313761208,-0.6026490320616325,0.9098323254513632
1173,1,2,2,1,0,0,0,0,0,2,0,1,0,0,1,1,0,0,1,0,0.7848925309599399,-0.050700998597425745,0.4484383168037994
1174,1,1,2,0,0,1,1,0,0,1,0,1,1,1,0,0,1,1,1,0,0.29320737210153186,-0.07907752452878121,-2.1620801190098518
1175,1,0,0,0,0,0,0,0,0,1,0,0,0,1,1,1,1,0,1,0,0.9843948180046335,-0.028680230792238137,0.2705273941053873
1176,0,0,0,0,0,1,0,0,0,2,0,1,0,1,0,1,0,0,0,0,0.5907356161301262,0.5888634760603199,1.6627527307454868
1177,1,1,0,0,0,0,1,0,0,1,1,1,0,1,1,1,1,0,1,0,0.09233549087851312,1.3139655635926935,2.048203809273834
1178,1,0,2,0,0,0,1,1,0,1,0,1,0,2,1,1,0,0,0,0,0.11348300969828255,-0.8250163033383916,0.05540111076341106
1179,1,1,1,1,0,1,0,0,0,0,0,0,0,1,1,1,1,0,0,0,-0.41573653294748664,-0.43988322691019843,-0.11831495660754558
1180,1,0,0,1,0,0,0,0,0,1,0,1,1,0,0,1,0,1,0,1,3.2593408128394388,0.222310183524147,1.3825138233629939
1181,1,1,1,0,1,0,1,0,1,0,0,0,0,1,0,1,0,0,0,0,-0.5208158510640662,-0.42826569876041465,0.2454990593548778
1182,2,0,1,1,0,1,0,0,1,2,1,0,1,0,1,1,0,0,1,0,-2.2646143985700085,0.41118355950529367,-1.4482195176274517
1183,1,1,0,1,0,1,0,0,1,0,1,1,1,1,0,0,0,1,0,0,-0.37897493467611865,0.3816366191380232,-1.0310871909849657
1184,1,0,1,1,0,0,0,0,0,0,1,0,0,0,0,1,0,1,1,1,0.6413764888000014,0.591095497632943,1.5766357300119065
1185,0,2,0,1,0,0,0,0,1,0,0,0,0,2,1,0,0,0,1,0,-0.14331211537496788,0.26661484918781164,0.2963428509069686
1186,1,0,0,0,1,0,0,1,0,1,0,0,0,2,0,0,0,0,0,0,-1.2286159393102754,0.06764399278016309,0.661692917124104
1187,1,2,0,0,0,1,0,0,0,1,1,0,2,0,0,1,1,0,1,0,0.2310411767105196,-1.6867470603916892,-2.4214958064154932
1188,1,2,2,0,0,0,2,0,0,1,0,1,0,2,2,1,0,1,1,1,-0.9539704895773109,-0.25115033994721986,0.48198505551586923
1189,1,2,0,1,0,0,1,1,0,1,0,1,0,1,1,0,1,1,0,0,-1.6042842502789456,-1.1988323831447876,-1.024164746102373
1190,0,2,1,1,0,0,0,0,0,2,0,0,1,1,0,2,0,1,1,0,-0.37544943394231856,-0.05821886562633172,-0.592065405790617
1191,0,2,0,0,0,0,0,1,0,1,0,1,0,1,0,2,0,0,0,0,0.8983903553399121,-0.20306266083861274,1.5618169219304123
1192,1,0,1,0,0,1,1,0,0,1,1,0,1,2,1,1,1,0,2,1,0.11680705086909819,1.7596647996236197,0.6299104853558879
1193,1,0,0,0,0,0,0,0,0,1,1,0,1,1,0,0,1,1,0,0,-0.21537791403770123,0.9547513548916684,1.8827485263230355
1194,1,1,0,2,1,1,1,1,0,1,0,0,0,0,0,1,0,0,1,0,-0.24908855010106173,0.6782670714975471,2.872788405740796
1195,0,2,1,0,0,1,0,0,0,1,1,0,0,1,1,0,0,0,1,0,-0.5288270378241995,0.3259020199353153,0.9129755827481679
1196,1,2,2,0,0,0,1,1,1,2,1,0,1,0,1,1,0,2,1,0,1.2257276367618295,-0.22216773521821626,1.172922323362677
1197,1,1,2,0,1,0,0,1,0,0,1,0,0,0,1,2,0,1,1,0,-1.6581885779956325,-2.411838060170253,-0.23288374812345264
1198,0,0,1,1,0,0,0,0,1,1,0,1,0,0,1,1,0,1,1,0,-0.974311198242537,-0.9012879249278747,-0.1534055074885582
1199,1,1,2,2,0,0,1,0,0,2,0,0,0,2,1,1,1,1,0,0,-0.06680274110019294,0.2664328587094847,-0.045908848585983056
1200,1,1,1,0,0,1,1,0,0,0,1,0,0,1,0,0,0,0,1,0,0.5861430502612665,0.6753233504716514,-0.5075390412052525
1201,1,1,0,1,0,0,1,0,0,1,0,1,0,1,1,2,2,0,1,0,0.3009986489432874,0.18235155677134945,-0.42339699232217964
1202,1,1,1,0,1,1,1,0,0,1,1,0,2,0,1,2,1,0,1,0,-0.5684200046618955,1.6812575713749793,1.106974577541283
1203,1,0,0,0,0,1,1,0,0,1,0,1,0,0,2,1,0,0,0,0,-0.4906638432690774,-1.5593599426515832,-0.8201850054402312
1204,0,2,0,0,0,0,0,1,1,1,0,0,1,0,2,1,1,0,1,0,-2.517846474998268,0.39505024194439453,0.24060190484380306
1205,1,0,2,1,0,1,1,0,0,0,1,0,1,1,0,2,1,1,0,0,0.018748880482744777,-0.5031477595035168,0.40060293902377386
1206,1,0,1,0,0,0,1,0,0,2,1,0,0,0,2,1,0,1,0,0,-0.14239534868484588,-1.303381067152265,-0.1358191531681285
1207,0,0,1,0,0,0,0,0,0,2,1,0,0,1,2,1,1,1,1,0,0.31832297273149457,0.693827156539683,0.41083079857071747
1208,1,1,1,0,0,0,0,0,0,1,1,1,0,0,1,1,0,0,1,0,-0.05942547477185992,-0.21183756679732288,-0.4603031569600101
1209,1,1,2,0,0,0,0,0,0,1,0,2,1,2,2,0,0,1,0,0,-1.1792671903409604,-1.1211078179376446,0.21025044942833782
1210,1,0,1,1,0,0,1,0,1,1,0,0,0,1,0,0,0,0,0,0,-1.3559970980784253,-1.2276997446308104,-1.984225334893148
1211,0,1,0,0,0,0,1,0,0,1,1,1,1,0,0,1,0,0,0,0,-1.0131723959868657,0.1824463944596335,-0.6322329609269485
1212,1,2,0,0,0,0,1,0,0,1,0,0,0,2,1,2,1,0,2,0,-0.30771706829702294,-0.6275986510970044,-2.3238722710958353
1213,1,1,1,1,0,1,1,0,0,1,1,0,0,2,1,1,1,0,1,0,2.8946216025003446,1.3415372943780457,1.4468173608895436
1214,0,1,0,0,0,0,1,0,0,1,0,1,1,2,1,0,1,1,1,0,-0.05299459501805198,-0.7295657969821239,0.18335911647853567
1215,1,0,0,0,0,1,0,0,0,1,1,2,0,2,2,2,0,1,1,0,-2.6863922730080905,-0.4656707040590266,-0.8537897956557277
1216,1,1,0,1,0,0,1,0,0,1,1,0,0,1,2,0,2,1,0,0,0.10462722919203836,-0.44215116141072175,0.22702464784606757
1217,2,1,0,1,0,0,0,0,0,1,0,0,1,1,1,0,1,1,0,0,2.451807113006014,-0.5830840751649234,1.2976669578004767
1218,1,2,0,0,0,1,0,0,1,1,0,0,0,1,0,1,0,0,1,0,-2.2745750693709663,-1.0468462992239524,0.09194090539320754
1219,0,0,2,1,0,0,0,0,0,1,0,0,2,1,1,1,0,1,1,0,1.010830382340809,0.7512061345689515,2.1493531309309826
1220,0,1,1,0,0,0,2,0,0,1,0,0,1,2,1,1,0,1,1,0,-0.5727227697038021,0.4481603482109643,0.2813345590871754
1221,2,0,0,1,0,1,0,1,0,1,1,0,2,2,0,1,0,1,0,0,1.0672168571743386,-0.6519612967182091,0.12611116555131047
1222,1,0,1,0,0,0,0,0,1,2,0,0,1,2,1,0,0,0,0,0,-0.9213963664252813,-1.5419564075699064,-0.2516058882092381
1223,1,1,1,0,0,0,1,0,1,1,1,2,1,2,0,0,0,2,1,0,0.5473336752200779,-0.40534373323822576,0.6571945752107645
1224,0,1,2,0,0,0,1,0,1,1,0,1,0,1,0,0,0,0,2,0,0.4474506745405889,0.9853513453156841,0.7739803873776885
1225,0,1,1,0,0,1,0,1,0,1,1,0,0,1,0,1,0,0,0,0,-0.787781237911578,-0.4645451835021043,0.3198591835173792
1226,2,2,0,1,0,0,0,0,0,1,0,0,0,0,1,2,0,1,2,0,-0.5010674234764871,-1.0847506192698986,1.739480075070359
1227,1,1,1,0,0,1,1,0,0,0,1,0,0,1,0,0,0,0,1,0,0.34004988382861673,-0.3928974284750769,0.19933121147148275
1228,0,1,1,0,1,0,1,0,0,1,0,0,0,2,0,2,1,2,1,0,0.2070355305152511,-2.4388619370166635,2.608984162969801
1229,1,1,1,0,0,1,0,0,0,2,0,0,0,1,0,1,1,0,2,0,0.14906756291639325,0.4164973356681503,-0.3556293126862619
1230,2,0,0,0,0,0,0,0,0,2,0,2,0,2,0,1,0,1,1,0,-0.3447616205558671,-1.1419598247145264,-1.1571274589464267
1231,1,0,1,2,0,0,1,0,0,1,0,1,0,2,1,1,0,1,0,0,0.10789866676887531,-0.4446461179008362,0.3328300445297814
1232,1,1,1,0,1,0,2,0,0,0,1,0,1,0,0,0,1,1,1,1,-0.053126717697416885,0.12985091557772682,-1.3190752198092255
1233,2,2,1,0,0,1,0,0,0,0,0,0,1,1,0,0,0,0,1,0,1.5004536181423505,0.1512940071044456,-1.9630259691284495
1234,0,1,1,0,0,1,0,0,0,2,1,0,0,1,1,0,1,0,1,0,1.2397403123434878,0.5602435461985488,0.018280021504458066
1235,1,0,0,1,0,1,1,0,0,0,1,1,1,0,2,2,0,0,2,0,-1.8511112023242047,-0.2982399438113625,-0.8260310020857148
1236,1,0,0,0,0,0,1,0,0,2,0,0,1,1,1,2,0,0,1,1,1.9401810026490323,0.579011871011668,0.5839084690432098
1237,1,1,1,1,0,0,2,0,0,2,0,0,0,1,2,1,1,0,2,1,-0.1257268486075129,2.2810243300149327,1.72084766211596
1238,0,1,0,0,0,0,1,0,0,2,1,0,1,0,0,0,1,1,0,2,-0.3294102506183654,-1.4253702441051046,0.20875724166257847
1239,1,1,1,0,0,0,0,0,0,2,1,1,1,1,0,2,0,0,0,0,-0.673433245682178,-0.5699892979858772,-1.6856937039558968
1240,1,1,1,1,0,0,2,0,0,1,0,0,0,1,2,2,0,0,1,0,-0.22307122060738055,-0.055806997638386785,-0.6174810717196306
1241,0,1,1,0,0,0,1,0,0,2,0,1,0,0,0,1,1,0,2,1,-1.0760761431417167,0.67614134631631,-0.9060018534782985
1242,0,0,2,0,0,0,1,0,0,1,0,0,1,0,1,0,1,1,0,0,-0.42852939839260884,-1.4436458624913737,0.2686150468071954
1243,0,0,1,0,0,0,0,0,0,2,1,0,1,0,0,1,0,1,1,0,0.6525693192296622,-1.3708381501922107,-0.35340744774208055
1244,2,2,0,0,0,0,0,0,0,1,1,1,1,0,1,1,1,2,1,0,-1.198867035636642,-1.6343274232086853,0.14933186522599512
1245,0,2,1,0,0,1,1,0,0,2,0,0,2,1,0,0,1,1,0,0,0.5788227780863449,0.7116485959102882,1.6845359241683975
1246,0,0,1,1,1,2,2,0,0,2,0,0,2,2,1,1,0,0,2,0,-0.9975551092815763,0.7141754667621203,1.4659955360449788
1247,0,1,0,0,0,1,1,0,0,0,0,0,2,0,1,0,0,1,1,1,-0.49645150827757956,-1.0439489838489031,-0.35438521531481104
1248,1,0,1,0,0,1,1,0,0,0,1,0,1,1,0,0,0,1,1,0,-0.5229364692182104,-1.373704680722054,0.8608600236455557
1249,2,1,0,1,1,0,0,0,0,1,1,2,0,2,1,0,0,0,0,0,-0.8150097005296629,-0.5598944768374443,-2.9674673942705097
1250,0,1,0,0,0,0,2,0,0,2,2,0,1,0,0,2,0,1,1,0,0.22052176338284168,-0.4952098692166449,0.3900865889651665
1251,1,1,0,1,0,1,2,1,0,0,0,1,0,0,1,1,0,0,2,0,-2.2319886790669745,-0.02645797008242634,-1.7384885316483105
1252,2,0,0,1,1,0,0,1,0,2,0,0,0,2,1,1,0,0,1,0,1.6264233047231194,0.44562651394554365,0.22247718588608373
1253,1,0,1,0,0,0,0,0,0,1,0,0,0,0,0,1,0,0,2,0,-0.09750867529895063,-0.8545962911371914,0.7796057947093962
1254,2,1,1,0,0,0,1,0,1,1,0,1,2,2,1,1,0,0,1,0,-1.2097355691557974,1.1189235740027184,1.3322251715390678
1255,2,0,1,0,0,1,1,0,0,1,1,0,0,1,1,0,1,0,1,0,0.014646872420400997,-1.1311199060799657,-1.8178165458917266
1256,1,0,1,2,0,0,1,0,1,1,0,1,0,1,2,1,1,0,1,0,-0.8696702141617967,-1.103151370803581,-0.826679123145263
1257,1,1,0,0,0,0,0,0,0,1,0,0,0,2,0,2,0,0,1,1,-1.377356216217388,0.40176426766020223,-0.43556762957268125
1258,1,1,0,0,0,1,0,0,1,1,0,0,0,2,1,1,0,2,0,1,-0.7215336709142524,0.7786703256408848,1.490855805322738
1259,1,1,0,1,0,0,0,1,0,2,0,0,1,2,1,0,0,0,0,0,-0.1744637531311378,-2.0035474355441725,0.7359454729611535
1260,0,0,1,0,0,0,2,0,0,2,1,1,1,1,2,1,0,1,1,0,-1.2053485975291252,-0.3511483393374215,1.2023268922484696
1261,1,0,1,0,0,0,0,0,0,2,0,0,0,1,0,2,0,0,2,1,0.4088649094549426,-0.3717241774117735,0.5417093931844625
1262,1,1,1,1,0,1,0,0,0,1,2,1,1,1,1,1,2,0,1,0,-1.0737835029890919,0.5002555491029113,-2.6030795429043114
1263,1,0,0,1,0,1,0,0,0,2,1,0,1,0,1,1,2,0,1,0,-1.0808577439702414,1.9473185931077648,0.9223442151172425
1264,0,0,0,0,0,0,1,0,0,1,2,0,2,0,2,1,1,1,0,0,-1.239664831912467,-1.3201715563667478,0.3017665226103769
1265,1,0,0,1,0,0,0,0,0,1,1,0,0,1,0,0,0,0,1,1,0.445519156110947,1.3144020315088705,-0.20597575604242468
1266,1,2,1,0,0,0,0,0,1,0,0,2,1,1,1,0,0,0,2,0,0.22254954853842268,0.5845538742239194,-0.38262805498353814
1267,0,1,1,0,0,1,2,0,0,1,1,2,1,1,2,1,1,1,0,0,0.40081266915910735,-1.0769175043201005,-0.6189226240495994
1268,1,2,1,0,0,0,0,0,0,1,0,0,0,1,0,1,1,1,1,0,-0.9872320156400618,-0.8882784361712325,1.0003382471094555
1269,1,1,0,0,0,0,1,1,1,2,1,0,1,0,1,0,0,0,1,0,-0.5286598380204509,0.8473730999862625,-0.3654444753675862
1270,2,1,0,0,0,1,0,0,0,2,0,0,0,1,2,2,1,0,1,0,-0.3417920936226003,1.2110313184530712,-0.8398403671131589
1271,2,1,0,1,1,2,1,0,0,1,0,0,1,0,0,0,0,1,1,0,-0.7212871019489782,-0.38559561714067225,-0.002792744887238907
1272,0,0,1,0,0,0,1,0,0,1,1,0,0,0,1,0,1,1,0,0,-0.32816564226205575,-0.7246727402989405,-0.23336182722039278
1273,0,1,0,1,0,1,1,1,0,0,1,0,0,2,0,1,1,0,1,0,-0.11914545587827753,-0.5432522774840719,-1.1459749278938844
1274,2,0,0,1,0,0,0,0,0,0,1,1,2,1,1,1,1,0,0,0,0.3259353270083192,-0.23705811096820795,-0.025081457205196195
1275,1,1,0,0,1,2,1,1,0,1,2,0,1,1,1,2,0,1,1,0,1.5122081242884475,0.4006990142089112,0.016484706053850662
1276,1,1,0,0,0,0,0,0,0,1,0,0,0,1,2,1,1,0,0,0,0.7940516349183286,-0.9396220589422799,1.233642116227311
1277,1,1,2,0,0,1,0,0,0,0,0,1,0,2,0,0,0,0,0,0,-0.35926962642238297,-2.0096082803406548,-0.7760880032555748
1278,1,1,1,2,0,0,0,0,1,2,0,1,1,1,0,1,0,0,0,0,1.209948045934275,-0.44230865907739797,2.5100385783953234
1279,0,1,1,0,0,0,1,0,1,0,1,1,0,1,1,2,0,0,2,1,-1.5514438084140614,-0.7204080734743833,1.3077666499723297
1280,0,1,0,0,0,2,1,0,0,0,1,0,1,1,1,2,0,0,1,0,0.8044108900589598,-1.1693374453420482,1.8894509945720908
1281,0,1,1,0,0,2,0,0,0,1,1,1,0,2,1,0,1,0,0,0,-0.937234200471811,-2.1626103472232536,-1.1460156837966724
1282,1,2,0,0,1,1,1,0,0,2,1,0,0,1,1,1,2,1,2,0,-2.292888666147665,0.07584032632835691,-1.610857129996008
1283,1,1,1,1,0,1,1,0,0,0,1,0,0,1,1,1,1,0,1,1,-0.5562186064656486,0.07493896346409581,-0.7224431901251531
1284,0,1,1,0,0,1,0,0,1,2,1,1,0,1,2,1,1,1,1,0,0.44412795451307197,0.5146327310170589,0.8951384283729036
1285,1,0,1,1,0,2,0,0,0,2,1,2,1,0,1,1,0,1,1,0,-0.0222548286265047,-0.13340990021413268,-1.2413748976731398
1286,1,0,1,0,0,0,0,0,1,1,0,2,0,2,0,0,0,0,0,0,-0.824822744317892,-0.21034061111316077,0.66795460123453
1287,1,1,1,0,0,0,1,0,0,2,0,0,1,0,0,1,1,0,1,0,0.09060714029203648,-0.21200821579143955,-0.7886486492953109
1288,1,1,1,1,0,1,1,0,1,0,0,1,0,2,1,1,0,0,1,0,0.032582117148689686,-0.9626264096220252,1.0561643728293022
1289,1,1,1,0,0,1,1,0,1,1,2,0,0,1,0,1,0,0,1,0,1.2776751196370302,-0.5511611884727894,-2.0352130722489465
1290,2,0,0,0,0,0,1,0,0,1,1,0,0,1,1,1,0,1,1,0,-0.7786887295712644,-0.7727308234974799,1.984736630113175
1291,2,1,1,0,0,0,2,0,0,0,1,0,2,1,0,0,0,1,0,1,-1.9904390511832932,-0.9022563498761019,-1.145699493695158
1292,1,1,1,1,1,2,0,1,0,2,0,0,2,1,1,1,0,1,0,0,-0.5113791010236917,1.0085825083545736,0.6752356609310848
1293,1,1,0,0,0,0,1,0,0,1,1,0,0,2,1,0,0,1,0,0,-0.012715181091218438,-1.3840842408839817,-0.5621937786467285
1294,2,0,1,1,1,1,0,0,0,0,1,1,0,2,0,1,0,0,0,0,-0.8703904552193552,-1.3316941044051953,-0.4786468096966683
1295,0,1,1,0,0,0,0,0,1,0,1,0,0,1,1,1,0,1,2,0,-0.23314925133872705,0.744314794792191,1.3733505227857248
1296,2,1,0,0,0,0,0,0,0,2,1,0,1,1,2,1,0,0,0,0,-0.47022974202270273,1.3886742548113173,0.7348490771926183
1297,2,0,0,0,0,0,1,0,1,0,0,0,0,0,2,1,0,0,0,0,0.3645261173213265,1.117898765844636,1.1694253703684034
1298,1,0,1,1,0,0,1,0,0,1,2,1,0,2,2,1,0,1,0,1,-0.5601003121934326,0.8292660387810007,-1.6191664577560636
1299,1,0,1,0,0,0,1,0,0,1,0,0,0,1,1,2,0,0,1,0,-0.781912763466237,0.11311946875687595,-0.877476489898245
1300,1,1,0,0,0,0,0,0,0,2,1,0,0,1,0,2,0,1,0,0,0.38213780265398256,0.01799658499420037,1.6789169725912836
1301,1,1,1,1,0,0,0,0,0,0,0,2,0,1,0,1,0,1,0,0,-0.7457539102798748,-0.21871005250215614,-0.33807167270441363
1302,0,1,1,0,0,1,1,0,0,1,1,0,0,0,1,0,1,0,0,0,1.1922075868375783,0.6436651045805192,0.040119856164631096
1303,0,1,0,0,0,0,0,0,0,1,1,0,0,1,1,1,2,1,1,0,-0.015130912176448047,-0.34159718167935127,-0.2755740086131481
1304,0,1,1,0,0,1,0,0,0,0,1,0,1,2,1,2,0,0,0,0,0.631376393806124,1.940477388535509,1.2032407435289438
1305,1,1,0,0,0,1,0,1,0,0,1,1,1,1,1,0,0,0,0,0,-0.8843416240893878,-0.9668405219317309,-1.7894553754824596
1306,0,0,0,0,0,0,0,0,0,2,0,1,0,0,1,0,1,0,0,0,-0.16682942932688605,-0.5674294636372597,-0.8609298398840415
1307,1,2,1,0,0,1,0,0,0,0,1,0,1,1,1,0,0,1,1,0,0.5693690215560248,-0.22185401929017082,0.435088684859135
1308,0,1,0,0,0,0,0,0,0,2,0,1,0,0,0,0,1,1,1,0,-0.6424914172417213,-0.2526957545291375,-0.08047855710561408
1309,0,0,0,0,0,0,0,0,1,1,1,0,0,0,2,2,0,0,0,0,-0.4118642880596804,-0.20963266830613492,0.15176738309073864
1310,1,0,0,0,0,1,0,0,1,1,0,1,0,1,1,0,1,0,2,0,-0.10656608312004108,1.2866850289770864,0.24849973033652323
1311,1,0,0,2,1,0,0,0,0,1,1,0,0,1,2,0,0,0,0,0,0.8989484337672774,-1.0524157742669995,0.25194286589625586
1312,0,0,0,1,0,1,0,0,1,2,0,0,2,0,0,1,0,1,0,0,0.2918267997955938,0.42886953970337666,0.9415843303970997
1313,1,1,1,0,0,0,1,0,0,1,0,1,0,0,1,2,1,2,0,0,0.2123689458197861,-0.795023240553099,-0.8458844648935123
1314,1,0,0,0,0,1,0,0,0,1,0,0,1,0,0,0,0,0,1,0,-0.32903367744117756,-0.027236675129811094,-1.342704549627212
1315,1,1,0,0,1,0,1,0,0,0,1,1,1,1,1,0,0,1,0,0,1.4942002497656797,0.0046579529022965915,0.6194738053043621
1316,0,1,0,1,0,0,0,0,0,1,0,0,1,2,1,0,0,1,0,0,1.0211586750718695,2.10546854902118,0.13848484627503588
1317,2,0,1,1,0,1,0,1,0,0,0,0,0,1,0,1,0,0,0,0,0.8989135998125592,-0.2651737220014889,1.5299144814419838
1318,1,0,1,1,0,0,0,0,0,2,0,0,0,1,1,1,1,0,1,0,-0.39458832247088166,-0.15901609794346386,0.44719276568516053
1319,1,0,2,0,0,1,0,1,0,1,0,2,0,2,2,1,0,1,1,0,-0.6794130941423074,0.051037845624480514,0.763429152881837
1320,0,1,2,1,0,1,0,0,0,1,2,0,1,1,2,1,1,0,1,0,-0.556590085335473,-1.7450764324902444,-0.9120062024545612
1321,2,0,0,2,0,1,0,0,0,2,0,0,0,1,1,2,1,0,1,0,-0.6742402092329285,-0.8184494854392099,-0.9077036882597864
1322,2,0,1,0,0,1,0,0,1,1,0,0,1,1,0,1,2,0,1,1,-1.0132516912326626,0.0669322572729066,-0.12352184856952297
1323,1,1,0,0,0,2,1,0,0,1,0,0,0,2,1,1,0,1,0,1,1.3773596130781312,1.0659351895895695,2.0647113686432457
1324,1,0,0,1,0,0,0,0,1,1,1,0,0,1,0,1,0,1,2,0,0.32143053491558343,0.689263649264757,0.4948624578899591
1325,1,0,1,0,0,0,0,0,0,2,1,0,0,2,1,2,1,0,1,0,1.1470908376535331,-0.10333032263529468,0.46580754804110663
1326,1,1,0,0,0,1,0,0,0,1,0,0,1,1,0,0,0,1,0,0,-0.563546728850936,-0.828414677535098,-0.04257513770258042
1327,0,1,1,0,0,0,0,0,0,2,0,0,0,1,1,0,0,0,1,0,1.286334623167204,0.3630146629480766,3.4619085863616794
1328,0,1,1,1,0,0,1,0,1,1,1,0,0,1,0,0,1,0,1,0,0.9644817176465323,1.0450988383550304,0.5838717605213571
1329,0,0,1,1,0,0,1,0,0,1,0,0,1,1,1,0,1,1,0,0,-1.1432746605450987,0.25970729987874513,-0.5546490497015014
1330,2,1,1,0,0,0,0,0,0,0,0,0,0,2,1,0,0,0,1,1,0.12738486920381983,-0.23672921443495742,-1.6685770996021965
1331,1,1,0,1,0,0,0,0,0,0,1,1,0,0,2,0,0,0,2,0,0.07356376841851048,1.2457691552110994,1.2210996282649362
1332,1,2,0,0,0,2,0,1,0,1,1,0,2,1,1,1,0,1,0,0,1.8288282399230518,1.595012275117961,1.610431279651074
1333,2,0,1,0,0,0,0,1,0,2,1,1,0,0,1,1,0,0,0,0,-2.4335550295773123,-1.076400306706347,-3.583812583381931
1334,0,1,0,0,0,0,0,0,0,2,1,0,0,2,1,0,0,1,1,0,-1.0036579724331531,-1.6729233301524116,-0.26158207914143505
1335,1,2,2,0,1,0,0,0,0,1,1,1,1,1,1,1,1,1,2,0,1.4344246456874028,1.618893101008388,-0.535290054937533
1336,1,1,0,0,0,1,1,0,0,0,1,0,0,1,0,1,1,2,1,0,-2.195613229503585,-2.0340978274979578,-0.5564186452790948
1337,1,1,1,0,0,1,0,0,0,2,1,0,1,2,1,1,1,0,0,0,0.651920226542805,-0.019091326981088896,-0.9493251800837293
1338,0,1,1,1,0,0,0,0,0,0,0,0,0,1,0,1,0,0,2,0,-1.300388965611464,-1.046670019376676,-1.4149428837129265
1339,1,1,0,0,0,1,0,0,0,2,1,0,0,1,0,0,1,0,1,0,-0.0833012039934856,0.4007051450599094,0.27104980347852103
1340,1,0,0,0,0,1,0,0,0,1,2,0,0,1,0,1,0,0,1,0,0.550667048122108,-0.7758573438199341,-0.3867338366598302
1341,1,1,1,1,0,0,0,0,0,1,1,0,1,2,0,0,0,1,0,0,-0.31121477619867177,1.4314585094858652,0.994544290633395
1342,0,1,0,0,0,1,0,0,0,0,1,0,1,2,1,2,0,1,1,0,1.0687197274607267,0.16096939376289526,1.6653853709943103
1343,1,1,1,0,0,1,1,0,0,1,0,0,0,1,1,0,0,0,1,0,-0.2483686022700404,0.5161154466653634,0.9658209226086766
1344,0,2,0,0,0,1,0,1,0,1,1,0,0,0,0,2,0,1,0,0,0.928991399812993,0.15510591152640263,0.36536675008765074
1345,0,1,1,1,0,1,0,0,1,1,0,0,0,1,0,0,1,0,1,0,1.8380965711717592,1.0335962260890632,2.1497088597754455
1346,2,0,0,1,0,0,0,1,1,1,1,0,1,0,1,1,0,0,1,0,0.2727498411658657,1.4320918826117288,1.1923116194451424
1347,1,1,0,0,0,1,1,0,0,1,0,0,0,0,0,1,1,0,1,0,0.5303915855195924,-0.0014309004198760356,0.2547793460048915
1348,1,1,0,0,0,0,0,0,0,1,1,0,0,0,1,0,1,0,0,0,0.9247944643177862,-1.1388902441537272,0.21428269609230988
1349,0,1,0,0,0,0,0,0,0,1,0,1,0,1,0,0,1,1,1,0,-1.4066400815269042,1.097122093898946,0.8510248429956553
1350,0,0,1,0,0,1,1,0,0,1,1,0,0,1,1,1,0,0,1,0,-1.5304739879547873,-1.1207175199142643,-0.3740922786253702
1351,0,1,2,0,0,0,1,0,0,1,1,0,0,2,2,0,1,0,0,0,0.7385083834622341,0.41347310693051503,0.12840159946345844
1352,2,1,2,0,0,0,0,0,0,1,0,0,0,1,2,0,0,0,0,0,1.415040941479461,0.8632839450017868,0.6663409341525326
1353,1,1,1,0,2,1,1,0,0,1,1,0,1,1,1,1,2,0,0,0,-0.08765189808097197,0.7503273726675401,1.1202451213409848
1354,1,0,1,1,0,0,1,0,0,1,0,0,1,2,2,1,0,1,1,0,-0.3919057902798513,-0.0819937005374916,2.2362153346280182
1355,0,1,0,0,0,0,0,0,0,1,1,1,0,1,2,1,1,1,1,0,-0.702613896917941,-1.7374926624289744,-0.36609504363294293
1356,0,2,1,1,1,0,1,0,0,1,1,0,2,0,0,1,1,1,1,1,-0.8816413812879297,-0.5559377914939191,0.2706354269100295
1357,1,0,1,1,1,2,0,0,1,1,1,0,0,1,1,1,1,1,2,2,-0.8833340207715513,1.3998214743675192,1.8980107447173917
1358,0,0,0,1,0,0,1,0,0,0,0,1,0,0,1,1,0,0,1,0,2.383774526795761,0.21764127215313572,0.4891991847178318
1359,2,1,1,0,0,0,1,0,0,2,2,0,0,2,0,2,1,0,0,0,1.5275847036186005,-0.3205005121880022,0.6770758904190747
1360,1,0,2,0,0,0,0,0,1,1,1,0,0,2,1,2,1,2,0,1,1.4257864369643065,0.004182859876747574,0.8336238826223403
1361,1,0,0,0,0,2,0,1,0,1,1,2,0,1,1,1,1,0,2,0,-0.4043821697391066,1.1887314092136447,1.0354744340236244
1362,0,0,0,0,0,0,1,0,0,0,2,0,0,0,0,0,0,0,1,0,0.12326487145826873,-0.41831939357432474,-0.5919664534296106
1363,2,2,2,0,0,0,0,0,1,0,1,0,0,2,1,1,1,1,0,0,1.358611756172903,-0.6955546607072379,1.7795478256818809
1364,2,2,0,0,0,0,1,1,0,0,0,0,1,1,1,1,0,0,0,0,2.038493180046025,1.1518950604920986,0.0944001322239012
1365,0,2,0,0,0,0,0,0,0,2,0,0,1,1,0,2,1,0,1,0,0.5675883783765776,0.17278521425648657,-0.9615133293172822
1366,0,1,0,0,0,0,0,1,0,2,1,1,1,0,1,1,1,1,1,0,-0.700253049043222,1.2472273647933625,-0.7858275919680352
1367,1,1,2,0,0,0,1,0,0,0,2,1,0,1,2,1,0,0,1,0,0.29384216286350584,-1.8818249073356839,-0.08144333940711766
1368,0,0,0,0,0,0,0,0,0,1,1,1,1,1,2,1,1,0,1,0,0.05985093970187921,-0.1898082269103103,0.494816164992839
1369,2,0,1,0,0,0,0,0,0,2,1,0,0,0,0,1,0,1,0,0,1.9099467993105455,-0.212905631682472,-0.47281914841188444
1370,1,1,1,1,0,0,1,0,0,2,0,1,0,1,2,0,0,1,1,0,1.2082538406932728,0.6576221067302499,2.221424293907761
1371,0,1,2,2,0,1,0,0,1,1,1,2,1,0,0,0,1,0,2,0,-0.65823642580819,-0.5471351097515774,-0.3464043440919628
1372,0,0,0,0,0,1,0,0,0,1,0,1,0,2,1,2,0,1,0,0,0.34674127867642435,-0.20758006390951395,0.031633744004113465
1373,0,0,1,0,0,0,0,1,0,1,1,1,0,1,1,1,0,1,1,0,1.3409339138556031,0.14034508038422855,-0.16120418330335373
1374,0,1,2,1,1,0,2,0,0,1,0,0,0,0,1,1,1,1,1,0,-1.3577874045812055,-0.8674511773461744,-2.1362179710700304
1375,1,2,1,0,0,0,0,0,0,1,1,1,1,1,1,1,0,1,1,0,-1.777353528831322,-1.1724418401577261,0.3890491197816732
1376,0,0,1,0,0,1,1,0,1,2,2,0,1,0,1,0,0,0,2,0,0.4431778716882022,0.5322916298751502,2.006535872952208
1377,0,0,0,1,0,1,1,0,0,1,1,1,0,0,1,0,0,0,0,0,-0.3518420151754991,1.221050053811514,-0.5133851830434926
1378,0,0,1,0,0,0,0,0,0,0,0,0,0,2,2,0,0,0,1,1,-0.236544511150015,-0.5417502051364657,-1.3503779685402715
1379,1,2,1,1,0,0,0,0,1,2,0,0,0,0,1,1,1,1,0,0,-1.1536069746229087,-0.512031466836021,2.1011339938618425
1380,0,0,0,1,0,0,0,0,0,2,0,1,0,1,0,0,0,0,1,0,-1.782918885017566,1.724704876186506,-1.6247083233930943
1381,1,1,0,0,0,0,1,0,0,1,1,1,0,1,0,1,0,0,0,0,-0.7730772766062518,-1.9449977328845773,1.2294736722327975
1382,0,1,1,0,0,0,1,0,0,0,1,1,0,1,1,1,0,0,1,0,-0.21787926775274186,-0.9713910668410286,0.9038335590182699
1383,0,0,1,0,0,2,1,1,1,2,0,1,0,0,2,0,0,0,0,0,-0.8659268988449383,0.9051879123453825,0.15504881726013353
1384,1,0,0,1,0,0,2,0,0,2,0,0,0,2,1,0,0,1,1,0,-0.2160662668390636,-1.245472140532903,1.5362432121479477
1385,1,0,0,0,0,0,0,0,0,2,1,0,0,1,0,0,0,1,2,0,-1.095251067286129,-1.9053565410163593,-1.3364061446514819
1386,2,1,0,0,0,0,1,0,0,1,0,1,1,1,1,1,0,0,1,0,1.0456190914822145,-0.026623461708613405,0.08403201508844765
1387,1,0,1,1,0,1,0,0,1,0,1,0,1,2,0,1,1,0,1,0,0.07281282286834376,0.3120968230972758,1.2682388782926415
1388,0,1,0,0,0,0,1,0,0,1,1,0,0,1,2,0,1,0,0,0,0.35079648700430277,-0.33304868064427684,-0.7063560064083994
1389,2,2,0,0,0,1,0,0,0,1,0,0,0,1,0,1,1,0,0,1,0.629654547218846,-0.05598676949763713,-0.658004402608267
1390,0,1,1,1,0,0,0,0,1,1,1,0,0,0,1,2,0,0,1,0,0.8821863297109679,-1.1583541106528612,0.24068000282943663
1391,1,0,1,1,0,0,0,0,0,0,0,0,2,1,0,1,0,1,2,1,0.8136013972494678,2.4623363904445306,0.20981316468377909
1392,1,1,0,0,0,0,1,0,0,2,0,1,0,1,1,2,1,0,1,0,0.07816279167971862,0.5184548115341311,-0.5106793716892948
1393,1,1,0,0,0,1,0,0,0,0,0,0,2,2,2,1,2,1,1,0,-0.3834113126445189,0.01955208383127855,0.17013276880732575
1394,1,0,0,0,0,0,0,0,1,1,0,0,0,0,1,1,0,0,1,0,0.6880490255502345,0.1742040523987053,-0.6377089086443193
1395,1,1,1,0,1,1,2,0,0,0,0,0,0,1,0,1,0,0,1,0,-1.1630608207310136,-1.9821775468585199,1.4168670646932897
1396,1,1,1,2,0,0,1,1,0,2,0,0,1,1,2,0,2,1,1,0,1.2019228429705524,0.03962946354614716,-0.4702644339470048
1397,1,1,0,0,1,0,2,0,0,0,1,0,2,1,2,0,1,0,1,0,0.4006897984585367,0.6254296768799459,-0.30858718315832634
1398,1,0,1,0,0,1,0,0,0,1,1,0,2,1,1,1,0,0,1,0,0.2980970485317005,1.194013830696028,0.9462780782372682
1399,1,1,0,1,0,0,2,0,1,2,1,0,1,1,2,1,1,1,1,0,0.32271879094077177,1.0957125147448634,1.9278611345402017
1400,1,0,0,0,0,2,0,0,1,1,0,0,0,1,2,1,0,1,0,1,0.6387341082551896,-0.20581715128143885,-1.2059501261361476
1401,1,0,1,1,0,0,0,0,0,2,0,0,0,0,0,1,1,1,1,0,0.8710341819236272,0.6081673525565701,0.5509032819080893
1402,0,1,1,0,0,1,1,0,0,2,1,0,1,2,1,0,0,0,0,0,0.21471777829198518,-0.37178364575466105,-1.5358219216402105
1403,1,0,0,1,0,0,0,0,0,1,0,0,1,1,2,1,0,1,1,0,-0.14911911218333468,-0.2992626322441432,-1.330705066948783
1404,1,0,0,0,0,1,0,0,0,1,2,0,0,1,2,0,1,1,0,0,0.3508810457507915,0.0626156436870523,0.19983993524513322
1405,0,1,2,0,0,1,0,1,0,2,0,0,0,1,2,0,0,1,0,0,-1.5215173441872931,0.4411149640736368,0.9098170111806102
1406,2,1,0,1,0,1,0,0,0,1,0,1,0,2,1,2,1,0,0,0,-0.4497916993538556,-0.9497244804510527,-1.441960747544349
1407,0,0,0,0,0,0,1,0,0,0,0,0,0,2,2,1,0,0,2,0,0.18100093951030743,-0.4130132997879918,-0.26669484739945704
1408,0,1,0,1,0,1,0,0,0,1,1,0,1,1,1,2,0,0,1,0,0.7326039018731314,-0.3926236140590085,0.9686312090232144
1409,0,1,0,1,0,0,1,0,0,2,0,0,0,2,1,0,1,0,1,0,0.7068332043973444,-0.5817261191034973,-1.5283161862974515
1410,1,1,1,1,1,1,0,1,1,0,0,1,0,2,1,0,0,1,0,0,-0.47808970787284966,-0.3167563671240842,0.02888430472102843
1411,1,0,0,0,0,0,2,0,0,2,1,0,0,2,1,0,1,2,2,0,-0.44050903094446386,-0.4625266821005054,0.5009055361973532
1412,2,0,2,0,1,1,1,0,0,0,0,0,1,0,0,2,0,1,1,0,0.32215702463728135,-1.3970823936925092,-1.0080014303279285
1413,1,1,1,0,0,1,0,0,0,1,0,0,1,1,1,0,1,1,2,0,-0.053597629167618795,0.20959433787559512,-1.3695490895370892
1414,2,0,0,0,0,0,0,0,0,0,1,0,1,2,2,0,0,1,1,0,0.4740714363676188,0.7945613003254262,1.7010238606368846
1415,1,1,0,0,0,0,1,0,0,1,1,0,0,2,0,1,0,0,0,0,1.8658568336743286,0.41491859056719904,0.6211906899706107
1416,1,1,0,2,1,0,0,0,0,1,1,0,2,0,2,2,1,2,1,0,1.0234483460363821,0.42236824802436623,0.29003410053636147
1417,1,1,0,0,1,0,1,0,0,2,1,1,1,1,1,0,0,0,1,0,0.3999754912054156,0.4443028611434921,2.102280977335336
1418,1,2,2,1,0,0,0,0,0,2,0,0,0,0,0,2,0,1,1,1,0.8357415885708825,0.047591769944172274,0.5453916057153224
1419,0,1,0,0,0,0,1,0,0,0,0,1,0,1,0,1,0,0,2,0,0.5088079747062143,1.1881961789481599,1.2196218282725706
1420,0,1,1,1,0,2,1,0,1,1,1,0,0,2,2,1,0,0,0,0,-1.2797652726609088,-1.7590237779566384,0.8999839066137051
1421,1,1,1,0,0,0,0,1,0,1,1,1,0,1,1,2,0,0,1,0,1.4117853676125602,-0.3790888432943451,-0.6993752095590785
1422,1,2,1,1,1,1,0,0,0,2,0,0,0,1,1,1,0,1,2,0,-0.508950612673812,0.34661111273550277,1.0419801274402036
1423,1,1,0,1,0,2,0,0,0,2,0,0,2,0,1,2,1,0,2,1,0.07592131804143176,0.8859888680891799,2.549882377692168
1424,0,1,0,0,1,0,1,1,0,1,0,1,1,1,1,2,0,1,2,0,1.635716711608547,-0.3659067882166888,-0.8074083225181217
1425,1,0,0,0,1,1,0,0,0,1,0,0,0,2,1,1,1,0,2,0,1.021061018464861,0.2974166486165464,-0.4399256457294753
1426,0,1,0,0,1,0,0,0,0,2,1,0,0,1,1,1,0,0,1,0,0.27292351370865514,0.8964446056302796,0.7734571943971271
1427,1,1,1,0,0,0,0,0,0,1,1,0,0,1,2,0,0,0,0,0,-1.0938607349924412,-0.20324837891243547,0.705725783611678
1428,0,2,1,0,0,0,1,0,0,1,0,0,0,2,0,1,1,1,2,1,1.3979043419273858,0.7070674713972498,0.9362152905114349
1429,1,2,0,0,0,0,0,0,0,0,0,0,0,0,0,0,1,0,1,0,1.1362016355564335,-1.973589380232002,-0.31941356513682195
1430,0,1,1,0,0,1,0,0,0,1,0,1,0,1,1,2,0,0,1,1,-0.4976409724512347,-0.7286333100202782,1.256188038607137
1431,1,1,0,0,0,0,0,1,1,2,1,0,1,1,1,1,0,1,0,0,1.2427626419864386,2.9982443549196427,3.636432579802034
1432,1,1,0,0,0,1,0,0,0,1,0,0,0,1,2,1,1,0,1,1,-0.37409261833206664,1.2491566860953873,2.5750455534191974
1433,1,1,0,1,0,1,0,0,0,0,1,0,0,1,1,2,1,1,0,0,-0.4607597445235729,-1.416604453398361,0.10060919092685178
1434,1,1,1,0,0,0,0,0,0,1,1,0,0,1,0,0,0,1,1,0,1.0808970104763858,0.07285924560037868,0.7546961938993012
1435,0,1,0,0,0,0,0,0,0,1,1,0,0,1,1,2,1,1,0,0,-0.7828568141397925,-0.5022691536857797,-0.32598208408291096
1436,1,2,0,0,0,1,1,1,0,0,1,0,2,1,1,0,0,1,1,0,0.8716723193138909,-0.8534309748339476,-1.759608481196546
1437,1,1,0,2,0,1,1,2,0,1,0,2,1,1,1,0,1,0,2,0,0.16421883377236024,0.018934752586831693,0.8173080624802894
1438,2,1,0,1,0,2,0,0,0,1,0,0,0,1,1,1,0,0,2,0,-1.5775182533165202,0.408081713125699,0.29594095234508966
1439,1,1,1,1,0,1,2,0,0,1,1,0,1,0,0,0,0,1,0,0,0.4849685161804781,-0.7752802119060267,-1.4521375976470858
1440,2,1,0,0,1,0,1,0,0,1,1,1,1,1,1,0,0,0,1,0,-0.8720828748878582,-0.4558276872423642,-1.8449296383452456
1441,1,2,1,0,0,0,0,0,0,1,0,0,1,1,2,1,0,1,1,0,0.7563187456725216,-0.15538343675976463,-0.47797712725379526
1442,0,2,1,0,0,0,0,0,0,1,1,0,0,1,1,1,1,1,1,0,-1.1952659083233752,-0.665530839324308,0.2340701456553222
1443,1,1,2,0,0,0,0,0,1,0,0,0,2,0,1,0,1,1,0,0,-0.28189115148375893,-0.638179272788297,-0.31850801155497144
1444,1,1,0,0,0,0,0,0,0,0,0,0,0,2,0,0,0,0,1,0,-0.2660232281041691,-0.2278636219606356,-1.3040579384805038
1445,1,1,0,1,1,1,0,0,1,1,0,0,0,1,0,0,0,0,0,0,2.1268147292816413,0.642454064734648,1.4243893809877508
1446,1,0,0,0,0,1,2,0,0,1,0,1,0,2,2,2,0,0,1,0,-1.0510108961802485,0.06900184947189028,0.8248327797943249
1447,0,1,1,1,0,0,2,0,0,1,2,1,0,2,1,1,0,2,1,0,-0.27945572258153484,-1.1611784439502368,0.06617784168770205
1448,0,0,0,0,0,0,0,0,0,1,1,0,2,2,1,1,1,0,1,0,1.3939482217598402,0.6693485557427766,-0.15411762781649951
1449,1,1,1,0,0,0,0,0,0,1,1,0,0,0,1,0,0,0,0,0,0.4064972324447936,1.165441048657996,1.7566152072026813
1450,2,0,1,1,0,1,2,0,0,1,1,0,2,1,0,1,1,0,2,0,1.0650107820638774,0.49042088054257704,1.3232643922635203
1451,2,1,1,0,0,0,1,0,0,1,1,0,0,0,1,0,0,1,0,0,0.3692023466053787,1.364102558109837,0.21136620873497602
1452,1,1,1,0,0,0,0,0,0,1,0,0,0,0,1,0,0,1,1,0,1.4205463867225727,-1.8166409560916685,1.1186288362509194
1453,1,1,1,0,0,0,1,0,0,2,1,0,1,1,1,0,0,0,1,1,-0.16379070742444446,1.0077003074766673,-0.9705695309776082
1454,1,1,0,0,0,2,1,0,0,1,2,0,0,2,1,0,0,0,0,0,0.11151438138710228,0.5887523598232514,-1.2375573971523943
1455,0,1,1,0,0,1,1,0,0,2,1,0,0,1,1,1,1,1,0,0,-1.8203299094582424,-0.731762397743585,-2.0369402538130212
1456,1,1,1,0,1,0,0,0,0,1,1,1,0,1,0,1,0,1,0,0,0.342854591382357,0.02187531564317252,0.6074889508227894
1457,0,1,1,0,0,0,1,1,0,0,1,0,1,2,1,0,1,1,2,0,0.5370788713851304,-0.21158410122634225,1.4473903962108992
1458,1,2,0,0,0,1,0,1,0,2,2,0,1,1,1,0,1,0,0,0,1.2404871806481572,0.5696912502665512,-0.25127596947533615
1459,1,2,1,1,0,0,0,1,0,1,1,0,1,2,2,2,0,1,0,0,-0.5902263827927027,0.009898015774541524,0.0504061632539585
1460,0,1,1,1,0,0,0,0,0,1,0,0,0,2,1,1,0,0,0,0,1.6184891163763737,-1.3437747107336113,1.3789719290450397
1461,1,1,0,0,0,1,0,0,0,1,1,0,0,1,1,1,1,0,0,0,-1.47686217440703,-0.02294333162747908,-0.17955603224508382
1462,0,0,0,0,1,0,1,0,0,2,1,0,1,1,1,2,0,0,1,0,-1.1909008874906872,-0.48551475529252586,0.9074617030547014
1463,1,1,1,0,0,0,0,0,0,2,1,0,0,0,0,0,0,0,2,0,1.011127863354672,1.1893655009932853,2.230714805533321
1464,0,1,1,0,0,1,0,0,0,1,1,0,0,0,1,2,0,1,1,0,2.324485029109481,0.5875673183649177,1.023837946441488
1465,1,0,0,1,0,0,1,0,0,1,0,0,0,2,1,1,0,1,0,0,0.7195126278914233,-0.04521059489246643,0.2749555240126503
1466,1,1,0,0,1,0,1,0,0,0,0,0,1,0,1,2,1,0,0,0,-0.6291541692619728,-0.8188642760852876,1.1952649376996534
1467,0,2,0,2,0,0,0,1,1,2,2,0,2,0,0,2,1,1,0,0,-1.0688797487290354,0.1873828995293101,-0.7550746157770087
1468,1,0,0,1,0,1,1,0,0,2,1,0,0,1,1,0,0,0,0,0,0.35712883585356825,-0.5572271797172477,-0.5802977238706079
1469,1,1,1,0,1,1,0,0,0,2,0,1,0,1,2,1,1,2,1,0,-0.13361135583757336,0.47565411159704934,-0.1495161266859122
1470,0,2,1,0,0,0,0,0,0,1,1,0,0,2,0,1,1,0,2,0,-0.9324369781593108,0.5147235457652168,2.72067989805281
1471,1,1,2,0,0,0,0,0,1,1,1,0,2,0,1,2,1,2,0,0,0.10620126588603797,0.7993495027410551,-0.916444768518434
1472,2,0,2,0,0,0,1,0,0,1,1,0,1,1,0,0,0,0,2,0,1.1298981980805318,0.12275564066041766,-0.4589066117896322
1473,1,1,1,0,0,0,1,0,0,1,1,0,1,0,1,2,1,1,1,0,2.503598853120611,0.40489917302746553,-0.15581648337811982
1474,2,1,1,1,0,0,1,0,0,1,0,0,0,2,1,1,1,0,1,0,-0.9807766616960752,-0.7196760320760247,0.5051696287389756
1475,1,0,0,0,0,1,0,0,0,0,0,1,0,1,1,1,1,1,0,0,-0.23480250424536317,-1.3117863257067066,-0.6350938652196889
1476,0,0,1,0,0,0,0,1,0,0,1,1,0,1,1,0,1,1,0,0,-0.1970888401918037,-0.3032596389150353,0.9142398863742192
1477,0,2,0,0,0,0,1,1,1,2,1,0,1,1,1,1,1,0,2,1,-0.2978806692549298,2.056028012497303,1.5445521489305358
1478,0,1,0,0,1,1,0,0,0,0,2,0,0,2,1,0,1,1,1,1,-0.9906725736815567,0.6976677518210863,-2.1250775451302193
1479,1,1,1,0,0,0,1,0,0,0,0,1,0,0,1,0,1,0,0,1,0.09026689611976847,0.13211105208869847,-1.4431761187594843
1480,2,1,0,1,1,0,0,0,0,2,0,1,0,1,0,1,0,2,0,0,1.3105086956134375,-0.18124711431105367,0.4412492773448231
1481,0,2,0,0,1,0,1,0,0,1,2,1,1,1,1,2,0,0,1,0,0.16611105548463692,-1.0058570158896238,-0.4208469390382805
1482,2,0,0,0,0,1,1,0,0,1,1,0,1,0,0,1,2,0,0,0,0.26711076880634027,0.34011723050822185,0.3532102417055065
1483,0,0,1,0,0,1,0,1,1,2,1,0,1,0,1,0,0,1,0,0,0.9940507522476673,2.3487818363355624,0.150987405780328
1484,0,2,0,0,0,2,1,0,0,1,0,0,1,1,1,0,2,0,2,0,1.254981142825139,0.5570500914144885,1.0123341078083192
1485,0,1,1,1,1,0,1,0,0,1,0,0,0,1,1,1,0,0,1,0,-0.2629713567193354,-1.5173789644111149,0.3622288886044029
1486,1,2,1,0,0,0,0,0,0,0,1,0,1,2,2,1,0,2,0,1,1.9109970122889093,-0.911085800202925,-0.10266642590170577
1487,2,1,1,1,0,0,1,0,0,0,2,0,0,2,1,1,0,1,1,1,1.3449535969201987,-0.0267054998500168,0.9917266113598812
1488,1,0,0,0,0,0,1,0,0,1,1,0,0,1,2,1,1,1,0,0,1.9153216797197241,0.46990625488689886,1.0346563059005764
1489,0,1,0,0,0,0,0,1,0,2,1,1,0,0,2,0,0,0,0,0,1.191539067525243,2.4550793503422246,1.6818856587585533
1490,2,0,0,1,0,1,1,0,0,1,1,1,1,0,0,0,0,0,0,0,-0.42566310428194903,-1.3613937772107745,-0.6411577575049561
1491,1,1,1,1,0,1,2,0,0,1,1,1,1,2,1,1,1,1,0,0,-1.3258486068260757,0.6646651421542589,1.4497586756837424
1492,0,1,1,0,0,1,0,0,0,0,0,0,0,0,0,0,1,0,0,0,2.3538315656680635,0.43399141069992914,0.6104855206243168
1493,2,1,0,0,1,0,0,0,0,1,0,1,1,0,1,2,0,0,1,0,-0.30956786304429906,0.6637137908048931,1.5425128842748745
1494,1,1,0,1,0,0,1,0,1,2,0,1,0,0,1,0,1,1,1,0,-0.21975030183972985,0.21993606533108412,-0.43188689770328664
1495,0,0,1,0,0,2,0,0,0,2,0,0,1,2,1,2,0,0,0,0,-1.2816038605227291,-0.8764563674901931,-1.039129675486469
1496,0,0,1,0,0,0,1,0,0,0,1,1,0,1,1,0,0,0,0,0,0.30124075703745434,-0.7239207443092395,-0.4814453077273728
1497,0,1,1,0,0,0,0,0,0,2,0,0,0,1,1,1,0,1,0,0,0.5460547892502058,-0.8531440949394359,-1.3221691541498486
1498,2,1,0,0,0,0,0,1,0,2,2,1,0,1,2,0,0,0,1,0,0.36893856692620663,2.7096845062082506,3.3063759594926063
1499,1,1,0,0,0,0,0,0,0,2,1,0,0,1,0,1,0,0,1,0,-0.32292533727378714,0.8807207968973676,-0.28609712350526506
1500,1,1,0,0,0,0,1,0,1,1,2,0,0,1,2,0,0,1,2,1,0.09962044839190926,-1.1270461997098673,-0.5368232322588592
1501,2,1,0,0,0,0,0,1,0,2,2,1,1,1,1,1,1,2,1,0,-0.34268414502701994,0.40544522855336584,1.6879455864471162
1502,0,1,1,1,1,1,0,0,0,2,0,0,0,1,0,2,1,0,2,0,0.7492766307748062,1.8237981020752776,1.2356189478235629
1503,0,2,0,0,0,1,0,0,0,1,0,1,0,1,0,0,0,0,1,2,-0.2374502010508859,1.5983167719640425,1.0909849527010564
1504,2,0,0,0,1,0,1,0,0,1,0,0,0,2,0,2,0,1,1,0,-1.2968169279698636,0.9036437488028424,0.7447710400814511
1505,1,0,0,0,1,1,2,0,0,1,0,0,1,1,0,2,0,0,0,0,0.5966785483850852,-0.6331016724774419,1.2581796052864553
1506,1,1,0,0,0,0,0,0,1,1,0,0,0,0,1,0,0,0,0,1,-0.24573799569692684,-0.5581687471356999,-0.9754992486190747
1507,0,0,1,0,0,0,1,0,1,1,0,0,1,1,0,1,0,0,1,0,-1.7880905407533938,0.31480851289767686,-1.0969775109006625
1508,1,0,1,0,0,0,0,1,0,2,0,0,1,1,0,1,0,0,2,0,-1.4660347187096852,0.7616659108220372,0.6871105776773175
1509,1,1,1,1,0,0,1,0,0,0,1,0,0,0,1,0,0,1,1,0,-0.9895024664807296,-1.8157453586186334,0.22581107671393852
1510,1,1,0,1,1,1,0,1,0,0,1,0,0,1,0,1,0,1,1,0,-1.3133127978126033,-1.4558719100840856,0.6100707988893341
1511,1,1,1,0,0,0,0,0,0,0,0,1,1,1,1,1,0,1,1,0,-0.8500559629536125,0.09561803328982071,0.5421769491159166
1512,1,0,0,0,0,0,0,0,0,1,1,1,0,1,1,0,0,0,0,0,-0.7020485989251233,-1.1259926122926394,0.5519257460288118
1513,1,1,0,1,0,0,0,0,0,1,2,0,1,0,1,0,0,0,0,0,0.01632508288180931,-1.4887884729051277,-0.35962897272640765
1514,0,2,0,0,0,1,0,0,0,1,1,0,2,2,1,1,0,0,1,0,-1.169005792337672,0.04644749841004353,1.381435766267096
1515,0,2,0,0,0,0,1,1,0,1,0,0,1,0,0,1,1,0,0,0,-1.0602317955554348,-1.2091346443042843,0.025077464977299013
1516,2,1,2,1,1,1,1,1,0,0,1,0,1,1,1,0,1,0,0,0,0.9259688484556716,0.006462991723630129,0.9760050370175514
1517,1,2,0,0,0,1,0,1,0,2,2,1,0,0,2,2,1,0,1,0,1.6486758126830379,-1.2215355626154492,2.735479094773565
1518,0,1,1,0,0,0,1,0,0,2,2,2,1,0,1,2,0,0,0,1,0.5152929432983882,0.6473267392309432,-0.31065091091999675
1519,1,1,1,0,0,0,0,1,1,1,1,0,0,0,2,2,1,0,0,1,0.9167160506719036,0.24621522472455154,-0.08313010271705035
1520,1,0,0,2,0,0,0,0,0,2,1,1,0,0,1,0,0,0,1,0,-1.8847631066088273,1.6724760402901873,1.405297164041416
1521,1,2,0,0,0,0,0,0,0,2,0,0,0,1,1,1,1,1,1,0,-0.31953938846272,0.06296589418515242,1.4216939181204247
1522,2,1,0,0,0,1,0,0,0,1,0,0,0,2,0,0,0,0,1,0,0.1827744111860683,1.1513597018928459,-0.29267884513063924
1523,0,2,0,0,0,0,1,0,0,1,1,0,0,1,1,1,0,0,2,0,1.0095155508713625,0.04066732438936352,0.3596444190171534
1524,0,1,0,0,0,0,0,0,0,1,0,0,0,2,1,1,0,0,0,0,0.9443263731596705,0.6230627492784676,0.2837421128919032
1525,2,0,0,0,0,2,0,0,0,1,0,1,0,0,0,1,0,1,0,0,-0.8213995805343117,-0.185626063109778,-0.6503803218700497
1526,0,1,1,1,1,0,1,0,0,2,0,1,0,0,1,1,0,0,0,0,1.0474180015985517,-1.7310923158390092,-1.4476998023172927
1527,1,1,1,2,0,0,1,0,0,0,1,0,0,0,1,0,1,1,1,0,-0.6912565033010417,-0.7275036736617565,-0.2176391693267024
1528,1,1,0,0,0,0,1,0,0,0,1,1,1,0,1,1,0,0,0,0,-0.59732296327185,-1.3351940010294256,0.6912839912816269
1529,1,1,1,0,1,0,0,0,0,1,0,0,1,1,1,1,1,1,1,0,0.2257184471229431,0.10004456233680678,-0.15593340696668417
1530,1,2,0,0,0,0,1,0,1,1,1,1,0,0,1,0,0,1,2,0,-0.834475894828243,1.6650309030242627,0.6108281835693619
1531,2,2,0,2,0,1,0,0,0,1,0,0,1,2,1,2,1,1,0,0,-0.0075505082129482875,-0.08308373160801008,1.9807174105716523
1532,1,2,1,0,0,0,2,0,1,2,1,2,1,1,0,2,0,0,1,1,-0.15747557249245514,-0.5986775772720527,-0.3209389681246986
1533,1,0,2,0,0,1,0,0,0,1,1,0,0,0,2,0,0,0,1,0,-1.0412840205382252,1.3221109694153899,0.22683870711297868
1534,1,1,1,1,0,1,0,0,0,1,1,1,0,0,2,2,0,1,1,0,0.6528223352525881,-0.5039946046578777,-0.7925686954441005
1535,1,0,2,0,0,0,0,0,0,2,0,0,1,0,0,0,1,2,1,1,-0.7884114012280773,1.2789784131555837,0.16839093482652706
1536,0,0,1,0,0,0,0,0,1,1,2,1,1,1,0,1,0,1,0,0,1.2875860121328975,0.10756180879893595,1.2160836729916185
1537,1,0,1,0,0,0,1,1,0,1,0,0,1,1,0,0,0,0,1,0,0.21311762208087595,-0.7497833629594403,0.13119893485439474
1538,1,0,0,1,0,0,1,0,0,2,1,0,1,0,1,0,0,1,1,0,2.643246027509729,0.724541971838746,0.7002410771620318
1539,0,2,0,2,0,1,0,0,0,2,1,0,0,1,0,0,0,0,0,0,-1.4570099443634195,-0.9797846833333348,1.9831089817436731
1540,1,1,0,0,0,1,0,0,0,1,0,0,1,1,0,1,0,1,1,0,-1.5598610351745887,-0.8210050363518162,-0.13623952108861992
1541,1,1,1,0,0,1,1,0,0,1,0,1,1,1,1,0,0,1,1,0,-0.05972305180204165,-1.1624629234722086,0.8262631422616887
1542,0,0,0,0,0,0,0,0,0,2,1,0,0,1,1,0,0,0,1,0,-0.6958466890354467,-0.043517249108618705,-0.30183164023034
1543,2,1,1,1,0,0,0,0,0,2,0,2,0,0,2,0,1,0,0,0,-1.0112716459997244,-0.16609269088823161,-0.5009124616151193
1544,1,2,0,0,0,1,1,0,0,2,0,0,0,1,1,1,1,0,0,0,-0.6357024678013099,1.8207750917796388,2.0870835239596643
1545,1,2,2,0,0,0,0,0,0,1,2,1,0,1,1,0,0,0,1,0,0.023808740896857198,-1.862736343480581,-0.37088890725498563
1546,2,2,1,0,0,0,1,0,0,2,0,0,0,2,0,2,1,0,0,0,-0.0243758299094209,0.4302952829689882,-2.058283981221726
1547,0,1,2,0,0,0,1,0,0,2,1,0,0,0,1,1,0,0,1,0,0.041272192214978826,-2.4801608372224537,0.10417071878614763
1548,1,0,0,0,0,1,0,1,0,1,1,0,0,1,1,2,0,0,0,0,1.5205636551433213,-0.2621871204737996,0.7044925390552872
1549,1,1,2,0,1,0,1,0,0,1,1,0,1,1,0,1,0,2,0,1,0.5127002925811013,-1.237573957751929,0.12026837304538035
1550,1,0,0,1,1,2,1,0,0,2,1,0,0,1,2,0,2,1,1,1,-1.4300165175143467,0.7185778504190344,-0.14382608289117862
1551,2,1,0,0,0,1,1,0,0,0,1,1,1,1,0,0,0,1,2,0,0.9752975875858937,0.34175592626773466,0.6725741151656038
1552,0,2,0,0,0,1,1,1,0,0,1,1,1,1,0,1,0,1,1,0,0.22795642705448674,0.22233486863985885,0.962915567804105
1553,1,1,0,0,0,1,1,0,0,1,1,1,0,2,2,0,1,1,0,0,-0.5184799352364535,-0.9989668993813531,-1.1271270873402808
1554,0,1,0,1,0,0,0,0,0,0,2,0,0,0,2,2,0,0,0,0,-0.6237280122514717,-0.004838204454701844,-1.1344982356577404
1555,1,1,0,1,0,1,1,0,0,0,0,1,0,0,1,1,0,0,0,0,-0.8222517678974477,0.08871882283148946,-0.807793266027071
1556,0,0,0,2,0,1,1,0,0,0,1,1,1,1,1,0,1,0,1,0,-0.5707696117265464,0.7387249555773289,0.46153505925714844
1557,2,1,2,0,0,0,0,0,0,1,0,0,0,1,0,0,1,1,2,0,1.883672989455747,0.7910856949494318,1.7811877897719284
1558,2,1,0,1,0,0,0,0,0,1,0,1,1,1,0,1,0,0,0,1,-0.4239179480426968,-1.1942799883296875,0.17515019500466555
1559,2,1,1,0,0,0,0,0,0,1,0,1,1,1,1,0,0,0,1,0,-0.30139700322389174,0.9961208178322467,0.7042176557721505
1560,0,1,2,0,0,0,0,0,0,2,0,0,1,1,2,1,0,1,1,0,0.03454264492553118,2.0280102270049856,-0.032508058786327565
1561,1,1,0,0,1,0,1,0,0,1,1,0,0,1,2,2,0,0,1,0,1.587186198587494,1.2647901066143108,0.39539814785078353
1562,0,0,0,0,0,1,0,0,0,1,0,2,1,2,1,0,1,1,0,0,2.531756872236904,1.3648061742835338,1.6175534826395543
1563,1,1,1,0,0,0,2,0,0,1,2,1,0,2,1,1,0,1,0,0,0.6238283481453178,-0.931617636976544,0.29537621908146333
1564,0,1,1,0,0,1,0,0,0,1,0,0,0,0,2,1,0,0,1,0,-0.941423625617974,0.5035873428298066,1.826243849398745
1565,1,0,0,0,0,0,1,0,0,2,1,1,0,0,1,1,1,0,1,0,-0.21650950342630668,2.0954446900164587,0.5076409921318089
1566,2,1,1,1,0,1,1,1,0,2,1,1,0,0,1,0,0,0,2,0,-0.6464626816794299,1.0681938732465435,1.3941549406531235
1567,2,1,0,0,0,0,1,0,0,2,0,2,1,2,1,1,0,0,0,0,-0.21738517299307394,-0.8254358866456889,0.42181760268871893
1568,0,2,0,0,0,0,0,0,0,0,1,1,0,1,1,1,0,2,1,0,0.09243491825717656,-0.4462558044556734,1.1440608216377828
1569,0,1,0,0,0,0,0,1,0,1,1,0,0,1,0,1,1,0,2,0,0.3948948841828329,1.322927841870876,-0.6660071992569927
1570,1,1,0,0,0,1,0,0,0,1,0,0,1,0,0,0,0,1,1,1,0.8882998593753602,0.4668097981117489,0.09935558536161604
1571,0,2,0,0,0,0,0,0,1,1,0,1,1,2,1,0,0,1,1,0,-1.5766744201565122,-1.2894850305888546,-0.03561958821716271
1572,1,1,0,0,0,1,0,0,1,0,2,0,1,0,0,0,0,1,0,0,1.6436016242246705,0.7155913284194556,0.9470686534311369
1573,2,0,0,0,0,0,1,0,0,1,0,0,0,1,1,0,0,0,0,0,-1.1809911390567396,0.7902400211029501,0.6345776900265573
1574,0,0,0,1,0,0,1,0,0,1,0,2,1,0,1,0,1,1,2,1,-0.000668306932426332,1.5456770286846773,0.45817663067886655
1575,0,1,0,0,0,0,0,0,1,1,2,1,1,1,1,1,1,0,1,0,0.919671428227626,0.7349679971283445,0.6056298511171196
1576,1,0,1,0,0,1,0,0,0,2,0,0,0,1,1,1,0,0,0,0,1.1069419910992369,-1.2058826201038113,0.3925570026200604
1577,1,0,0,0,2,0,0,0,0,1,0,0,0,1,1,0,0,1,0,0,-1.0367158101924032,-0.14761584515892712,-1.399851843783751
1578,0,0,1,0,0,2,1,0,0,0,0,0,1,1,0,2,0,2,0,0,0.2353454080588973,-0.8410736059244842,-1.0768374377467074
1579,0,2,0,1,0,0,1,0,0,1,1,0,0,1,0,1,1,0,0,0,-0.47075442366969983,-0.9815701041495507,0.5691328253086496
1580,1,0,1,0,0,0,0,0,0,1,1,0,1,1,1,0,1,1,1,0,-0.7344451596023952,0.22385732098779754,-0.09317110160225894
1581,1,0,2,0,0,0,0,0,0,1,1,0,0,0,1,2,1,0,0,0,0.9733754652322493,0.5367797645755948,-1.0087682049995834
1582,0,1,1,0,0,0,0,1,0,0,0,0,1,1,1,1,0,1,0,0,2.0529569333358566,0.5754310905378355,2.372227298652314
1583,0,1,2,0,0,1,0,0,1,1,2,1,1,1,1,1,0,0,0,0,0.7940793673942588,2.1896426910515476,0.9339120150952227
1584,1,1,0,0,0,0,1,0,0,1,0,0,1,0,1,2,0,0,1,0,0.13777141702353898,1.119131279487676,-0.12669853899552663
1585,0,2,2,1,0,0,0,1,0,2,0,0,0,0,0,1,0,2,1,0,0.7904369313744457,-0.05734870707331752,2.1586032689619636
1586,1,0,1,1,0,0,0,0,0,1,0,0,0,2,1,2,1,0,1,0,-1.2150414016491318,-2.1847546492435246,-0.5603213576369506
1587,1,0,0,0,1,1,0,0,0,2,0,0,1,0,0,0,0,0,1,0,0.38816773868822924,-0.4439645989958835,-1.3410550896204745
1588,0,1,0,0,0,0,0,0,0,1,1,0,0,0,2,1,0,1,0,0,-1.2180439971773025,-0.14933753473148437,0.8201206183842358
1589,0,0,0,1,1,0,1,0,0,0,0,0,0,1,1,0,0,0,0,0,1.6376888092172315,1.3272030859028712,1.01138357559004
1590,2,2,0,1,0,0,0,0,0,1,1,0,1,1,2,2,0,0,1,1,-0.932769363454796,-0.5320758378395656,-1.7796656138770617
1591,0,1,0,0,0,0,0,0,0,0,0,0,1,1,2,2,1,0,0,1,0.34347314910875587,0.4743288760765897,0.5162379024277625
1592,0,1,0,1,1,0,0,1,0,2,1,0,1,0,1,0,0,1,0,0,1.1495481130084269,0.7820561686758452,0.48744500626556586
1593,1,0,2,0,0,0,0,0,0,1,0,0,0,2,2,0,0,0,0,0,0.1271766986278519,0.16633348943533252,3.0511538666510725
1594,1,2,0,0,0,1,0,0,0,0,0,1,1,2,2,1,0,1,1,1,-0.7022087707529789,1.2352544378872716,1.0922217251843223
1595,0,1,0,1,0,1,0,0,0,1,1,0,1,1,1,1,0,1,1,0,-0.03760038746939546,0.9318878003706778,1.1107270535186426
1596,2,1,0,0,0,1,0,0,0,0,0,0,0,1,1,2,0,0,0,0,-0.7043320713583984,-0.9258066509316025,-0.8848242149337335
1597,2,1,0,0,1,1,0,0,0,0,0,1,1,1,2,0,0,0,0,0,-0.6888239747445551,0.19106707390900093,0.9383855322021538
1598,1,1,1,0,0,0,1,0,0,1,1,1,0,2,1,1,0,1,0,0,-1.3527980356969966,-0.3114767488173879,0.35833478827470955
1599,1,0,1,0,0,1,0,1,0,0,2,2,1,0,1,2,1,0,1,0,-0.6697682704610705,0.30439269528434,2.271326307526614
1600,1,0,1,1,0,1,0,0,0,0,1,1,1,0,0,1,0,0,1,0,0.6248807652880018,-0.36311810800695643,-0.5217848803705667
1601,1,1,1,0,0,0,1,1,0,0,0,1,0,0,1,1,0,0,1,0,-0.7660486303284698,0.3472944430091171,-1.015697343394838
1602,0,0,1,1,0,0,0,0,1,2,2,0,1,1,1,0,0,0,0,0,0.10198006159430757,0.3189561108874116,-0.83906845484414
1603,1,0,1,1,0,0,1,0,0,1,1,0,1,1,0,1,1,1,1,0,-0.6748240031249068,0.21175264004705083,-0.8362962927503289
1604,1,1,0,0,0,0,0,0,0,1,1,0,2,1,1,1,0,2,0,0,-0.7274016760229615,-0.9602894104990686,1.5339658124368967
1605,1,1,1,0,0,0,0,0,1,1,1,0,1,0,1,0,0,1,1,0,0.05581360701128504,-0.8440449964318406,0.6653682925286781
1606,2,0,1,0,0,1,1,0,1,1,1,0,0,1,1,1,0,0,0,1,-0.2706256201497926,0.4071381786753846,-1.0295719724479198
1607,0,1,1,0,1,2,0,0,0,1,1,0,1,0,1,1,0,1,2,0,-1.1373915102123473,0.01761746986131113,0.39417425625736435
1608,1,2,2,1,0,2,0,0,0,1,2,0,0,2,0,1,0,0,0,0,-0.5469127553663539,-1.3402864374205188,-0.47407918876373245
1609,0,0,0,0,1,0,2,0,0,1,1,0,0,2,0,0,0,0,1,0,-0.3517482274081617,0.8123745949656466,1.569348883228845
1610,1,1,1,0,0,0,0,0,0,2,1,1,0,1,0,1,0,1,0,0,-0.5415732978997635,-0.37607879129970173,-0.4763405028938932
1611,0,1,1,1,0,0,0,1,0,2,0,1,0,0,2,1,1,1,1,0,-0.4434482626093234,0.4400566212675663,-0.2359028720805263
1612,2,1,2,1,0,2,1,0,0,1,0,1,1,1,1,0,1,0,0,0,-1.0414923810364276,-0.693398413299523,-0.12841548650934415
1613,2,1,1,0,1,0,0,0,0,2,1,0,1,1,2,1,1,0,2,0,0.16215563939805958,1.1643496360158754,0.753501321604036
1614,1,1,0,0,0,0,0,1,0,0,0,0,0,2,0,1,1,1,2,0,0.23425037657531922,-0.3701050052705342,0.3724998357942857
1615,0,0,0,0,0,1,0,0,0,0,1,0,1,2,0,1,0,1,1,0,1.2883385986465525,2.0987240572815367,2.5296858039054597
1616,1,0,1,1,0,0,1,0,0,1,1,0,0,0,1,0,0,1,1,1,-1.1451590544178483,-0.005578857071981681,1.1510258295868614
1617,1,0,1,1,0,0,0,0,0,2,2,0,1,1,1,0,0,1,1,1,-0.2767706769433729,-1.3209740946135984,-1.0428959739269044
1618,0,0,1,0,0,2,0,0,0,0,1,0,0,2,0,2,0,0,2,1,-0.7738783477314598,0.07218997334225369,-0.6861325973400426
1619,1,0,1,1,0,0,0,0,1,0,0,0,0,2,2,1,1,1,2,1,-1.1729783260816613,0.3746128737346466,0.5224721851493578
1620,0,1,0,0,1,0,1,0,0,1,0,0,1,0,1,1,2,0,0,0,0.517319819071892,0.7580100524295383,1.0207504173909103
1621,1,1,0,1,0,0,0,0,0,0,0,0,2,1,0,1,0,2,0,0,-1.9139066847541415,-2.1473822134819125,-1.2110834719998047
1622,1,1,2,1,1,0,0,0,0,1,1,0,1,1,0,0,1,0,1,0,-0.06168169702757551,-3.090947842644758,-1.6100108075381632
1623,0,0,1,0,0,1,0,0,0,1,0,1,1,2,0,1,1,0,0,1,0.785372983290661,-0.011698624545798147,1.65433722855476
1624,1,1,0,0,0,1,0,0,0,1,1,0,0,1,1,1,0,1,2,0,0.8895204604551928,0.8124942915645532,0.9145740701690488
1625,1,2,0,1,0,0,0,0,1,1,0,1,0,1,1,2,0,1,0,0,-0.11105589386389678,-0.21265855301385506,0.684298421626081
1626,0,0,0,0,0,2,1,0,0,0,0,0,0,0,1,2,0,0,1,0,-0.9756403149600825,-0.8780702288065626,-1.985400526157671
1627,2,1,0,0,0,1,0,0,0,2,0,0,1,1,1,2,0,1,0,0,1.085395759290773,-2.8991428997805886,3.841597536372512
1628,0,0,1,0,1,1,1,0,0,1,2,0,1,0,1,1,1,1,2,0,-2.011212142243058,-0.5391528151334531,-1.363082564595186
1629,1,1,0,0,0,1,0,0,0,0,1,0,1,0,1,0,0,0,1,0,-0.21926144955175111,-1.4320324674425406,-0.9089204755132245
1630,1,0,1,0,0,0,0,0,0,1,2,0,1,2,1,1,0,1,0,0,-0.8550115854328447,-0.2028447490019699,-0.3935046011520425
1631,1,1,1,1,1,0,0,0,0,2,0,0,1,0,0,2,0,2,2,0,-1.5688290762214347,-1.3991152364436692,1.3347877227690674
1632,2,1,0,0,0,1,0,0,0,1,0,0,1,0,0,0,0,1,1,0,0.5873135170317603,0.062290152189047765,-0.3636334301059705
1633,0,0,0,1,1,0,0,1,1,2,1,1,0,1,1,0,0,2,0,0,1.081933001633418,1.6777306574017665,-0.20610752853787528
1634,0,1,1,0,0,1,0,0,0,1,0,0,0,0,1,2,0,0,0,0,0.6041972897630243,-1.1293296850147765,0.3150107861420757
1635,1,0,0,1,0,1,0,0,0,1,0,0,1,1,1,0,1,0,1,0,0.7173968292900678,0.7473349043084394,2.0915134808942755
1636,1,0,0,0,0,0,0,0,0,1,0,0,0,1,2,1,0,1,1,0,-0.556050053107222,-0.3889098929045825,1.1914165602568831
1637,0,2,0,0,0,0,1,0,0,0,1,0,0,1,1,2,0,0,0,0,1.4884790757652078,-2.4430072552529407,1.0129975666281663
1638,0,1,0,0,1,1,1,0,0,1,2,0,1,1,0,0,0,0,2,0,-0.9170870363127077,0.2925554459187958,1.9966519190435907
1639,2,1,0,1,0,0,0,1,0,1,1,0,1,1,0,0,0,1,1,0,1.9360002838096189,-0.6631682563324554,-0.34981872784011514
1640,2,1,0,0,0,1,0,0,0,0,0,0,0,0,0,0,2,1,1,0,-0.5104759406267277,0.8345090027959194,0.38460158478290074
1641,1,0,0,0,0,0,0,0,1,0,0,0,1,1,2,0,0,1,1,0,0.6262492524082488,1.0291833938196702,-0.4488546042620758
1642,2,1,1,0,0,0,1,0,0,2,1,1,1,0,2,1,0,0,0,0,-0.8557541493815676,-0.3862403642739418,-2.033520603602273
1643,1,1,0,0,0,1,0,0,0,1,1,1,0,2,1,0,0,2,1,0,-1.119709152081239,-0.6128472176169921,2.742453197286269
1644,1,1,0,1,0,0,2,1,0,0,1,0,1,0,2,1,0,1,2,0,1.4796914186823207,0.359552445861492,0.4266955635909999
1645,1,0,0,0,0,0,1,0,0,2,2,1,0,0,0,0,2,1,0,1,0.8513739867290429,0.5002097617305387,1.2016988403901046
1646,0,1,0,1,0,0,0,0,0,1,0,0,1,1,0,2,1,0,2,0,-1.248269588794013,-0.3727556874575596,-0.2539747525479341
1647,2,1,2,0,0,1,2,0,0,1,1,0,0,1,2,2,1,1,1,0,-0.8662524932514417,-0.5866558694143499,0.53359995018477
1648,1,0,0,0,0,0,0,0,0,2,1,1,1,0,1,1,0,2,1,1,0.3583441350860202,0.7557661904180751,1.3639999003315362
1649,1,1,2,0,0,0,0,0,0,1,0,1,0,2,1,1,0,0,0,0,-1.3271969857495753,0.05978024593294751,0.24299074948193466
1650,0,0,2,1,0,0,1,0,0,0,0,0,0,1,1,1,0,1,1,0,-0.3022399715947003,0.2051008597898148,-1.0409847323750747
1651,1,1,0,0,0,0,0,1,0,2,1,0,1,1,1,1,2,1,0,0,-0.6537869617994366,0.32151469754404516,-1.069269081483196
1652,2,0,1,1,0,1,0,0,0,0,0,0,0,1,1,2,0,0,1,0,-3.0941877836667,1.4643851659157414,-0.20571238575484235
1653,0,1,0,0,0,1,0,0,0,1,1,0,1,1,0,1,2,0,1,1,-0.299218752023137,-0.15916733994998022,1.5210410781000328
1654,1,1,1,0,0,1,0,0,0,1,0,0,0,2,2,0,1,0,0,0,0.217592328075058,-1.011075989179043,0.09413208239648638
1655,2,0,0,0,0,1,1,0,0,0,1,1,0,1,0,2,0,0,1,0,0.856990172429479,-0.40594911286252566,-0.24396868780865982
1656,1,1,0,1,0,0,0,0,1,2,0,0,1,1,1,0,0,1,1,0,-0.757023898053445,0.25953685531108994,1.0069101780952991
1657,0,1,1,0,0,0,0,0,0,2,1,0,0,0,0,0,0,1,0,0,0.6967688503677826,0.3647002809816608,0.5338862893301182
1658,2,1,0,1,0,1,0,0,0,0,1,0,1,1,1,0,0,1,1,0,0.531552568947466,1.199330195047613,1.421084765074111
1659,1,1,0,0,0,0,2,0,1,1,1,1,0,2,2,1,0,1,0,0,-0.28183756287585116,-0.6590395194765517,-0.40626293308291295
1660,1,0,0,0,0,1,1,1,0,1,1,0,1,2,0,0,0,0,1,0,-2.116837264738283,0.2181770232020942,-0.057921159027806146
1661,0,1,0,0,0,1,1,0,0,1,1,0,0,2,1,1,1,0,1,1,0.62310864510146,0.40320984040877605,0.4921201002428842
1662,1,1,0,0,0,1,1,0,0,0,1,0,1,1,2,1,1,1,0,1,0.6019924062103351,1.2525504618500691,0.22740903903198784
1663,0,2,0,0,0,0,0,0,0,1,0,0,0,0,1,2,0,2,0,0,1.1323729521062755,-0.9280868176312871,1.2793619753024525
1664,0,1,1,1,0,0,0,1,0,1,0,0,1,0,0,0,1,1,1,0,-0.3784340421632473,0.08727880110299385,-0.1728956488997516
1665,1,0,0,0,0,0,2,0,1,1,1,1,0,1,0,1,0,0,0,0,0.03450646023025196,1.6910941654180356,1.2141809842977969
1666,1,1,0,0,1,0,0,0,0,1,0,0,0,2,1,0,0,1,0,0,-0.4920010487401584,-0.8527780626975447,-2.185848995049581
1667,1,2,0,0,0,0,1,0,0,1,0,0,0,1,0,1,1,0,1,1,0.5198871395672163,0.2865148230397052,0.296971147859498
1668,1,1,0,0,0,1,0,0,0,0,1,1,1,0,1,0,0,0,0,0,0.891790545618727,-0.35769882295714694,-0.35490374948408315
1669,1,0,1,0,0,1,1,0,0,1,1,2,0,2,2,2,0,0,0,1,-1.2399506688385968,0.15415232986657038,-0.4752199432643793
1670,0,0,1,1,0,0,0,0,0,2,0,0,0,2,1,0,1,0,1,0,0.024949546825274133,0.8571112901478893,-2.0962162426044526
1671,0,1,0,0,0,2,0,0,0,2,2,0,1,0,0,0,0,1,2,0,-1.249840177512302,0.6846185437781867,1.0021422620386304
1672,1,1,0,0,0,0,1,0,0,1,1,0,2,1,2,2,1,0,1,0,-1.931519469857167,-1.3214994720801978,-1.412842540191332
1673,1,1,0,1,1,1,1,0,0,1,1,0,0,0,0,1,0,0,1,0,-0.6070731905604683,0.11614586823956036,1.0957753534625392
1674,1,0,0,1,0,1,0,0,0,0,1,0,1,1,1,2,0,0,0,1,0.5484729242131058,0.1325010108641615,1.4234618121173543
1675,1,1,1,0,1,0,1,0,1,1,1,0,0,2,1,0,0,1,0,0,-1.3981682691794608,0.5777028744890914,0.6774819033621591
1676,0,1,0,0,0,0,0,0,0,1,1,1,1,1,2,0,0,1,1,1,0.6506755626820775,1.9875062693366892,1.1961815478475484
1677,1,0,0,1,0,0,0,0,0,2,2,0,1,2,0,0,1,1,1,1,0.3073924375915971,0.8109368311695185,0.3194445534330089
1678,1,0,0,1,0,0,1,0,0,2,0,1,0,0,2,2,1,1,0,0,-0.3888128813076601,0.7223785765089616,1.0251384535655275
1679,0,0,1,2,0,1,0,0,0,1,1,0,0,0,1,0,2,0,1,0,1.8903771686024544,1.5633473240949898,2.2882880474432787
1680,1,1,1,1,0,1,0,0,1,1,0,0,0,1,2,2,1,1,2,0,0.7949628183430981,0.1208432477694823,-0.296271232261979
1681,2,0,0,0,0,1,0,0,0,1,1,0,1,0,0,1,0,0,1,0,-0.20956131344388013,-0.2741739918728193,-0.5554169109540608
1682,2,0,0,0,0,1,0,0,0,1,0,1,1,1,2,1,0,2,1,0,0.2025107693669314,0.20108117844101048,0.002753986731123634
1683,0,2,1,2,0,1,0,0,0,1,1,0,0,0,1,0,0,1,0,0,1.126338938642199,1.104741086235981,-0.057117693704957784
1684,0,1,0,0,0,0,0,0,0,1,1,2,1,2,2,1,1,2,0,0,0.23423362665816128,0.9638287304291813,1.5269393472496076
1685,1,0,0,0,0,0,2,0,1,1,1,0,0,0,2,1,1,1,1,0,0.058194290562470156,-1.327749180888208,0.9707712085125456
1686,1,2,1,1,0,1,2,0,0,2,1,1,0,2,1,0,0,1,0,1,0.4281128112247589,0.5959922113923503,0.49528543506759903
1687,1,0,1,0,0,0,0,0,0,1,0,0,0,0,1,1,1,0,0,0,0.9635310468675425,-0.16201146502288788,0.3848313789597412
1688,1,1,1,0,0,1,0,0,0,1,1,1,1,1,2,1,0,1,0,0,0.20764988738613274,1.0626380595650187,0.3090743940707549
1689,0,0,1,0,0,1,1,0,0,1,0,1,1,1,1,1,0,1,2,1,0.9951127240463555,1.8489266076775395,2.8210863782422697
1690,1,1,2,0,0,1,0,0,0,0,0,1,0,0,0,1,0,0,1,0,-1.0387801638027683,-0.38006664541339,-1.9754490469885053
1691,1,2,0,0,0,1,0,0,0,1,1,0,0,0,1,0,0,1,2,0,0.77040859726216,-0.4654811270984811,-1.244075593340156
1692,1,2,1,1,0,0,0,1,0,2,2,0,1,1,0,1,0,0,0,0,1.341919653789948,0.3691825581805422,-0.28756885152467326
1693,2,1,0,1,0,2,2,0,0,2,0,0,0,2,1,1,0,0,0,1,0.20675712086858092,1.3116264683535157,1.2195640304200572
1694,0,0,0,1,0,1,0,1,1,0,1,0,2,0,0,1,1,0,0,0,-0.3361686567609687,0.5604088896227619,0.013087365086952393
1695,1,1,0,1,0,0,0,1,0,1,0,1,1,2,0,0,0,1,0,0,1.4151878194063001,-0.529293551580211,-0.1597758405746597
1696,0,1,2,1,0,0,0,0,0,0,0,1,1,2,0,1,1,0,2,0,1.238061966737315,0.903922845726216,-1.2896260330198288
1697,1,1,1,0,0,0,0,1,0,1,1,1,0,2,1,1,0,1,1,0,-1.0207465060880223,-0.9961884925661073,-1.4173061085292458
1698,2,0,2,0,1,1,0,1,0,1,0,1,0,1,1,1,0,0,1,0,-2.1248658317405043,-2.17764392521061,0.47075012928105664
1699,1,1,1,1,0,0,0,1,0,0,0,0,1,1,2,0,0,0,0,0,-0.954838967506009,-1.379208184718839,-1.8014406780041063
1700,1,1,1,1,0,2,1,0,0,1,0,0,0,1,2,1,0,1,1,0,-0.1481345086582726,1.1082937238537454,0.37875712088689284
1701,0,0,1,0,0,0,1,0,0,1,0,0,0,1,2,1,0,0,1,0,-0.062106079920077134,-0.038952678178575756,0.46971718867637
1702,1,2,0,1,0,1,0,0,1,2,2,1,0,1,1,1,1,1,1,0,-0.7708704247468274,-0.6173082723425172,0.176521886012603
1703,1,2,0,1,0,1,1,0,0,1,0,2,0,2,0,0,2,0,2,0,0.13558206957865662,-0.08772980668769907,2.1836398980401617
1704,0,2,0,0,0,0,0,0,0,1,0,0,0,0,1,1,1,0,0,0,1.3567891623244455,0.8084767284151989,2.0705422853657884
1705,1,0,0,1,0,1,1,0,0,1,0,0,0,1,1,1,0,2,0,0,-1.3289790005620483,-0.05200802736569421,-2.0565863249736656
1706,0,2,0,0,0,0,0,0,0,0,2,0,1,2,1,1,0,1,0,0,-0.573609061237678,0.6365900576030157,0.26245329838764425
1707,1,1,0,0,0,0,0,0,1,1,0,0,0,1,0,0,1,0,0,0,1.1741603693119622,-1.2395671954253986,-0.331533407653846
1708,0,0,1,0,0,0,0,0,0,0,0,0,1,2,1,0,1,1,0,0,1.1863286494287295,-0.40704711320846243,-0.5045076046421565
1709,1,0,1,0,0,1,1,0,1,2,0,0,1,1,1,1,0,0,2,0,-0.3259586410862029,1.5726029174174139,0.5670420808584479
1710,1,0,0,1,0,0,1,0,0,1,0,0,0,1,1,0,1,0,2,0,-0.729880471354225,-0.218708136495836,-2.01990333705399
1711,1,1,0,1,0,1,0,0,0,1,0,0,1,2,1,1,0,0,1,1,0.12167558609921776,-0.537632323976015,-0.027445213333744112
1712,0,1,0,1,0,0,0,0,0,2,1,0,1,1,2,2,0,0,1,0,1.330117658707619,0.6661372380853865,2.8313527803837077
1713,1,1,1,1,0,0,1,0,0,2,1,0,1,2,2,1,0,1,1,0,-1.183237718141158,-0.16948887158549297,-0.6310698282416978
1714,1,1,0,0,0,0,0,0,0,1,0,0,2,1,0,1,1,0,1,1,-0.056204283890852774,-0.8640089207498917,-1.0926669294625129
1715,0,2,1,1,0,0,1,0,1,1,1,0,0,0,2,1,1,1,1,0,1.059857613930672,0.8066495517637678,-0.5641648958477317
1716,1,1,1,0,0,1,1,0,0,1,1,0,0,1,0,2,0,1,0,0,0.5492715502268977,-0.4184201378557814,3.143016506600228
1717,1,2,1,0,0,0,0,0,1,1,0,0,0,1,2,1,0,1,2,0,-1.1610760708129932,0.24103428917179082,-2.643557702127087
1718,0,0,0,1,0,0,0,0,0,0,0,1,0,1,1,0,1,0,0,0,-1.4986132596651196,-0.8051986870705424,-1.0502014861715216
1719,1,1,2,1,0,1,0,0,1,2,1,0,2,2,1,0,0,0,0,0,-0.9224693979260817,0.25485672806982895,-1.0327016517280365
1720,1,2,0,1,0,0,0,0,0,0,0,1,0,1,1,0,1,0,0,0,-2.060547238232224,-1.8245416795460678,-1.7851202866976297
1721,1,1,0,0,0,0,0,0,0,1,1,0,0,2,1,0,1,2,1,0,0.9428311438865551,1.9702032828618863,2.094226287454812
1722,1,1,1,0,1,1,1,0,0,2,2,0,0,1,1,1,1,1,2,0,0.7329380788467097,1.4855958502441942,1.2061418054426905
1723,1,1,0,0,0,1,0,0,0,0,1,0,1,1,1,1,1,0,1,0,0.531619641648722,2.773747762344823,2.9836414468249304
1724,1,0,1,1,0,1,1,0,0,1,0,0,1,1,0,1,1,0,0,0,0.027045995606678416,0.09202353854886572,-0.5339346118229699
1725,2,0,0,0,0,0,0,0,0,2,1,0,0,1,1,0,1,0,2,0,-0.09203799028435386,1.240265963061086,0.2843568261554985
1726,2,1,0,0,1,1,1,0,1,1,1,0,2,1,1,1,1,1,0,1,-1.5837918528840287,0.2229398154298683,-0.06592522305633541
1727,0,2,1,0,0,1,1,0,0,2,1,0,0,0,0,2,0,1,1,0,0.08621682323436597,0.5450934750072808,1.387136919669178
1728,0,0,0,0,0,0,0,0,0,2,0,1,0,2,1,1,0,0,2,2,-1.3295194844667495,-0.8710031930207596,-1.3912138801780993
1729,0,1,1,0,0,1,0,0,0,1,1,0,1,2,0,1,0,0,1,0,-1.2113689331066841,1.501616820300015,0.5194450821920371
1730,0,0,1,0,0,0,0,0,0,2,0,0,2,1,1,0,0,2,0,0,-0.812377191131594,-0.6457976786175395,-0.22069642452823102
1731,1,0,0,0,0,0,1,1,0,1,0,0,1,2,2,1,0,1,0,1,-0.809170923862736,-0.6267231716989812,-0.3701721633085034
1732,1,1,1,0,0,0,1,0,0,1,1,0,0,0,1,1,1,2,2,0,0.21276433157168712,-0.9816405433635014,-0.02478249434243221
1733,0,1,1,2,0,0,0,0,0,2,0,0,0,0,2,1,0,0,1,0,0.4270720220366905,0.37512163644185836,-0.30150020064851435
1734,1,1,0,1,0,1,0,0,0,0,0,0,0,2,0,2,1,0,0,1,0.36664780030073296,1.1237716911098206,1.7467814382175268
1735,1,1,1,1,1,0,1,0,0,2,0,0,0,1,0,0,0,1,1,0,-0.8774981789619404,-0.1467215647545836,-1.0525666012839645
1736,0,2,1,0,0,0,1,0,0,1,0,0,1,1,2,1,0,1,0,1,-0.02749802303000067,-0.11735756334490344,-0.7356693186787134
1737,2,0,1,1,0,0,0,0,0,1,0,0,1,2,1,1,1,0,1,0,-1.2172457272190258,0.8930385768840536,0.3608863629716693
1738,0,1,1,0,0,1,1,0,0,1,0,1,1,0,1,0,0,1,1,0,-0.5618786472556175,-1.0595433841385888,-0.042071936009579425
1739,2,1,0,0,0,1,0,0,0,0,2,1,0,0,1,2,0,1,1,0,0.9673067966666625,-0.1315405421481563,0.472613191864072
1740,1,0,0,1,0,1,0,1,1,1,0,0,1,1,2,1,2,1,0,0,1.8056884447033927,0.9745648049169718,0.21014199380700405
1741,1,0,0,0,0,0,1,0,0,2,1,0,0,2,0,0,0,0,1,0,0.8910816937992757,0.794156858962769,0.010794029455524101
1742,1,1,0,0,0,0,1,0,1,1,1,0,1,2,2,2,0,1,0,0,0.08739425438755094,-1.1050048800408028,-0.22341918666111188
1743,0,2,1,1,0,0,0,0,0,1,1,1,0,1,0,1,1,0,1,0,0.06612649779631886,-0.8217551980303507,-0.95924266863941
1744,2,0,2,0,1,0,2,0,0,0,0,1,0,2,1,1,0,1,1,0,-0.5204229754540444,-1.587695293471893,-0.22852481881878592
1745,0,1,1,0,0,0,1,0,0,0,0,0,1,1,2,2,0,0,1,0,0.5612254284240329,-0.28946610477237383,0.357620810870804
1746,1,0,0,1,0,0,0,1,0,1,0,0,0,1,2,1,0,2,1,0,-1.7982987176449197,-1.279073994152854,-2.2073487106306757
1747,1,1,0,0,0,0,0,0,1,2,0,0,1,1,2,1,1,0,0,0,-0.5165286477013415,-1.182805820504112,1.3217152013398858
1748,1,1,0,0,0,0,1,0,0,1,1,1,1,1,1,1,1,1,0,0,-0.03306738074083146,0.9124432290891946,1.1580659894244738
1749,1,1,1,1,0,1,0,0,0,1,0,0,1,1,0,1,1,1,0,0,1.1876526800551674,1.4235519005227417,-0.7460471696037434
1750,0,1,0,0,0,1,1,0,0,0,1,0,1,2,0,1,0,1,1,0,1.527826671201191,-0.261599637503802,0.7793409965647038
1751,1,1,1,0,0,0,0,0,0,2,0,1,0,2,1,0,0,1,1,0,-1.617778543486628,-0.7321436438661046,-2.8894207844376796
1752,1,1,0,1,0,1,0,0,0,1,0,0,0,1,2,0,0,0,0,1,0.5576158237242831,0.30806496416452445,2.2985369841516134
1753,1,2,1,0,0,0,0,0,1,0,1,0,0,0,0,0,1,1,1,0,-1.3685943496768724,-0.38685283209190413,0.4339073531846094
1754,2,2,0,0,0,0,1,0,0,0,0,1,0,1,2,1,0,0,0,0,0.6647096012826647,-0.9301177489812029,-1.8071455286193425
1755,1,1,1,1,0,1,0,0,0,1,0,2,0,1,2,1,1,1,1,0,1.1386878778122804,0.3916958430861989,0.3375444514140571
1756,2,2,1,0,0,0,0,0,0,1,0,0,1,0,1,1,0,0,1,0,-0.10693083370732055,0.5287919318173393,0.934576769621554
1757,1,0,0,0,0,1,0,0,0,1,1,0,1,1,1,0,0,1,2,0,0.9142452922265861,1.2140125320181032,0.5411602595990002
1758,0,1,0,0,0,1,1,1,0,0,0,0,1,1,1,0,1,0,2,0,-1.2168912367945786,-0.42750605779163786,0.81250780608964
1759,1,1,1,1,0,2,0,0,1,1,0,1,0,2,1,2,0,0,0,0,1.3218093993266016,-0.46245036286847957,-0.8099988158482216
1760,0,1,1,1,0,0,0,0,0,0,2,0,0,0,0,2,0,0,1,0,-0.922583905828689,-0.1302230477910511,0.3897555395324205
1761,0,1,0,0,0,1,1,0,0,1,2,0,1,1,2,0,1,0,1,0,1.0931734318688804,1.437600510451126,0.5006486901290889
1762,1,1,1,0,0,1,0,1,0,1,1,0,2,1,2,0,1,1,1,1,-0.14686199732648586,0.47267175757145297,-1.4704453411257072
1763,1,1,1,0,0,1,1,0,0,1,1,0,0,1,2,2,0,2,0,2,-0.2345718005750779,0.665054658730845,-0.9396362821169697
1764,2,1,1,1,0,2,1,0,0,0,1,0,0,1,0,0,0,1,0,0,1.2232572783632942,0.9892171639791851,0.29572030452903114
1765,2,1,0,2,0,0,1,1,1,1,0,0,1,2,1,2,0,2,2,0,2.0170751707291954,0.9653853451188192,1.511612739244696
1766,1,2,1,0,0,0,0,2,0,1,0,1,1,1,1,2,0,0,0,0,-0.3258335035516755,-0.6640878651031216,-1.5493323262033754
1767,1,2,1,0,0,1,1,0,0,0,1,0,1,1,1,0,2,0,1,0,0.6568962432207756,-0.5410185140080223,1.4111408234866305
1768,0,1,0,0,0,1,0,0,1,1,1,0,0,0,0,2,0,0,2,0,0.298684636916587,-0.0034696829204456936,2.12838774312619
1769,0,2,0,0,0,1,0,0,0,2,0,0,0,0,1,0,1,1,0,0,0.7931969277819285,1.0178712461520891,0.96356328000826
1770,1,1,0,0,1,1,1,0,0,1,0,0,1,1,1,1,0,0,1,0,-0.6598744483526869,1.8727663622010087,2.5426439599273243
1771,1,1,1,1,0,0,0,0,0,1,1,0,0,1,2,1,0,0,1,0,0.349206707287224,-0.2713736012511519,-0.2066641431886223
1772,1,0,1,0,0,0,0,0,0,1,1,0,0,2,2,0,0,0,0,0,-0.14764672406541104,-0.10987435210158414,-0.10269481626619736
1773,0,1,0,0,0,0,0,0,0,0,1,0,1,1,0,2,0,0,0,0,-0.6590886211728063,-1.6462539945175372,1.475562828328329
1774,2,2,0,0,0,0,0,0,0,2,0,2,1,2,0,1,1,2,1,0,-0.9898090256014508,0.09979688920191776,-0.12352164249281693
1775,1,2,0,0,0,0,0,0,0,2,0,1,0,0,1,0,0,0,2,0,-1.403075543482064,-0.9298258077614215,0.45841911638920885
1776,1,2,1,0,0,0,0,0,1,1,2,0,0,1,0,0,0,0,0,0,-1.680986758721402,-1.9082597845357643,-1.4239093570817976
1777,1,1,0,2,0,0,1,0,1,1,1,0,1,2,2,0,1,1,1,1,0.39309331434260386,1.1812444853823219,1.020602495922764
1778,0,0,0,0,0,0,0,0,0,1,0,0,0,0,0,0,0,0,1,0,0.1750811210832806,1.5280871646730976,1.3559553082884546
1779,2,0,1,0,0,0,1,0,0,0,1,0,0,0,1,1,0,2,1,0,-0.31630631706524,-0.6280423958446164,-0.7767799979974113
1780,1,0,1,0,0,1,0,0,0,2,1,0,0,2,2,0,0,1,0,0,-1.1937579121199153,-0.021012784776285237,-0.19258700407653193
1781,1,0,0,0,1,0,1,0,0,1,0,1,1,2,2,2,0,0,1,1,-0.8331582018696302,0.016954869773887313,-0.11188794372359928
1782,1,2,0,0,1,0,0,0,0,1,1,0,1,1,1,0,0,0,1,0,-1.8689989446848516,-0.863975404765462,-0.4338566875942635
1783,1,1,0,0,0,0,1,1,0,1,0,0,1,0,2,1,0,1,0,0,0.20060037951255133,0.354819516733258,0.3049888392967712
1784,1,0,0,0,1,0,0,0,0,2,1,1,0,1,2,2,1,1,0,0,-0.2583875755164798,-1.8029147713180946,0.30086921954700474
1785,1,2,1,0,0,0,1,0,0,0,2,0,1,1,2,1,1,1,0,0,-1.8650027147078898,-1.934649100362294,-1.9463887180304313
1786,1,1,0,0,0,0,0,0,0,1,1,1,1,2,1,0,1,1,1,0,1.5683873734369578,-0.5250539914558491,0.41317885172399915
1787,0,0,0,0,0,1,0,0,0,0,0,0,1,2,1,0,0,1,0,0,-1.7321922146007789,-0.7000186067988788,-1.009148440568354
1788,0,1,0,1,0,0,0,0,0,0,1,0,0,2,1,0,0,1,0,0,0.6529525327556319,-1.0061093117006636,-0.33528867133278606
1789,0,2,1,0,0,0,1,0,0,2,0,0,0,0,1,0,0,0,0,0,1.3492691361123528,-0.7308858119417655,0.6633197418970809
1790,0,2,0,0,0,0,0,0,0,2,0,0,0,1,1,2,0,1,1,0,0.7381157397305246,0.47903461066801045,2.4859541623951227
1791,0,0,1,0,0,0,1,0,1,1,1,0,0,1,1,0,0,0,1,0,-0.13602399845068067,-0.4843185699502055,-0.046473289519902566
1792,1,0,1,0,0,1,1,1,0,1,1,1,0,1,1,2,1,0,1,0,1.9783878377178337,1.5547505676485895,0.9466038666415242
1793,1,1,1,0,0,0,1,0,0,0,0,0,0,0,1,2,1,1,2,0,-0.5599006403051978,-1.335808185006688,-0.18701951279618234
1794,1,0,0,1,0,2,0,0,0,2,1,1,1,2,0,2,0,0,1,0,0.49524463691397935,-0.9284549679998312,-0.01721115563913108
1795,0,0,0,0,0,0,1,0,0,1,0,1,0,1,1,1,0,0,1,0,-1.2251043121005145,-0.052038790395312284,-0.5664072590798439
1796,2,1,1,0,0,1,0,0,0,0,0,0,0,1,1,1,0,1,0,0,-0.7056389103268418,-0.721430202322142,-1.679144724552997
1797,1,0,0,0,0,1,0,0,1,0,0,0,2,1,0,2,0,1,1,0,0.6308253437092317,2.6559478352813093,1.7627586953037506
1798,0,1,1,1,0,0,0,0,0,1,1,0,0,1,0,0,0,0,0,0,1.3728965280617105,0.30733168698142715,0.2806736991159532
1799,1,1,1,0,0,0,1,1,0,2,1,2,1,1,1,1,1,0,0,0,0.6663592388616965,2.663859738022603,2.0931706401508006
1800,0,1,1,0,0,1,1,0,0,0,1,0,1,0,1,1,2,0,2,1,-0.6689398957873698,-0.2670688002932834,-0.12910301330850016
1801,1,2,0,1,0,1,2,0,0,0,2,0,1,1,0,1,0,2,2,0,-1.6983800419370914,-0.726976184688689,0.6220771312526918
1802,2,0,1,2,0,0,2,0,1,1,1,0,0,0,1,1,1,0,1,0,0.28480960381684955,2.8753149755043093,1.2696919218050593
1803,0,0,1,2,0,1,0,0,0,0,2,0,0,1,1,2,1,0,1,0,1.2992147647224812,1.5687199383641246,0.5933538841052484
1804,1,0,0,0,0,1,0,0,1,0,0,0,0,1,1,1,0,1,1,0,0.40382666314148913,-0.9362079197025206,-0.48860984804090113
1805,0,0,1,0,0,0,0,0,0,0,2,0,1,0,0,2,0,1,0,0,-0.9129556987477424,0.6930189081355529,0.7542268331436455
1806,2,1,0,0,0,0,1,0,0,0,1,1,1,1,1,1,0,1,1,0,0.6321684709123709,-1.622161837650819,0.3652596726236741
1807,0,1,1,0,0,1,0,0,0,1,1,0,0,0,1,1,0,1,1,1,0.8575638861070382,0.9655231784617573,-0.8634975084728982
1808,0,0,0,0,0,1,1,0,0,2,0,0,1,2,0,2,0,1,0,0,-0.8938085199539764,-1.317143016570605,-0.7373360896373593
1809,0,2,1,0,0,0,0,0,0,1,0,0,0,1,2,0,1,1,0,0,0.3933366198144494,-1.821159671489188,-0.005719563867934513
1810,1,0,1,1,0,0,1,1,0,1,0,1,0,1,1,0,0,0,1,0,-0.9802290490602428,0.4637207870206761,0.1271680920179504
1811,2,1,0,0,0,1,0,0,1,1,2,0,0,1,2,0,2,0,1,0,-0.13743065809229416,2.7843565305688003,1.192853146900576
1812,0,0,1,0,0,0,1,0,0,1,0,1,0,1,0,0,0,0,1,0,-1.370779392003499,-0.728140075274774,-0.9674262471478072
1813,2,1,0,1,0,0,0,0,0,0,1,0,0,1,1,0,0,0,0,0,-0.41529744610950203,0.24848491996826905,0.6221968617765787
1814,1,1,0,1,0,0,0,0,0,1,1,0,1,1,1,0,0,1,0,0,-1.7717620581802482,-1.0671991914966579,-0.685681697247498
1815,1,2,1,0,0,0,0,0,0,1,1,1,0,1,0,0,0,1,0,0,0.6741936813324503,-0.2460210816414802,2.0074295212516415
1816,1,0,0,0,0,1,0,0,0,1,0,0,0,2,1,0,0,0,0,0,1.2790336006409337,-0.09935871677516606,2.1480774583304796
1817,0,0,0,1,0,0,1,0,0,0,1,0,2,1,1,1,1,1,1,0,0.8349556318664768,-0.16174835472965465,-0.8593810025024031
1818,2,0,1,2,0,0,2,0,1,2,0,2,1,1,1,1,0,0,1,1,-1.3599187394885304,1.2416694837230877,0.25504743909369926
1819,1,0,1,0,0,0,0,0,0,1,0,0,1,0,1,2,1,0,1,0,-0.9479265916863622,-0.07261648825236433,-0.39881190667838334
1820,1,1,1,2,0,0,1,0,0,0,2,0,0,1,0,0,0,1,1,0,0.32504825169646334,-0.871913771450237,-0.509182951971425
1821,1,2,1,1,1,0,1,0,0,1,1,0,0,1,0,0,0,0,0,0,-1.2808413497341087,-0.3422467765306828,-0.12874496174584776
1822,2,1,0,1,0,1,0,0,0,1,2,0,1,1,0,1,0,0,0,0,-0.965257692185013,0.09505968539933224,-1.420905439447192
1823,2,1,1,1,1,1,0,0,0,1,0,0,0,1,1,0,1,0,1,0,-0.9080570070775689,0.6432423247425685,-0.6286594284345347
1824,1,1,1,1,0,0,1,1,0,2,0,0,1,1,2,1,0,0,1,0,-0.6515895942865725,-0.2512222588022477,-0.4627570387024249
1825,1,0,1,1,0,1,0,0,1,1,0,0,1,2,2,0,1,1,0,2,0.8062693507407204,2.661260898418794,2.357063424162446
1826,1,1,1,0,0,1,0,0,0,0,0,0,0,2,2,0,0,1,1,0,0.7739751259464518,0.4580703883352184,0.34240218634789793
1827,2,1,0,0,1,1,1,0,0,0,1,1,1,2,1,2,1,0,1,0,-0.36874272883380943,-2.0062407642942235,-0.24575865311708023
1828,0,0,0,0,0,0,0,0,0,1,1,1,1,0,1,1,0,0,0,0,1.7786905833932813,-0.4417921530253368,1.3022575465129775
1829,1,0,1,0,0,0,0,0,0,0,1,0,0,2,0,1,1,1,0,0,0.6609164049241054,-0.6181116783469522,-1.1041957236427915
1830,1,1,1,0,0,1,0,0,0,1,0,0,0,1,1,1,1,0,0,0,-0.33192179058196025,-0.8636086331936156,0.3171162372330715
1831,2,1,0,0,0,0,0,1,0,0,1,0,0,0,0,2,0,1,1,0,-0.7342920960078736,0.017386816562438567,-1.168558595698221
1832,1,1,1,1,0,0,0,0,0,1,0,1,0,1,2,2,0,1,1,0,-1.493311682858631,-0.6464655483704537,-0.22574910459514458
1833,0,1,0,0,0,0,0,0,0,2,0,0,1,1,1,1,1,1,1,0,1.465446385340396,0.937471311816867,0.2298557442629554
1834,0,1,1,0,1,0,1,0,0,1,0,0,0,2,1,2,1,0,1,0,0.18367523800266908,-1.4359320945576965,0.9784561047778808
1835,1,1,0,0,1,0,0,0,0,2,1,1,0,2,0,0,1,1,1,1,0.8454532223632418,-0.4973115631616486,0.13285578777461957
1836,0,0,1,0,0,1,1,1,0,1,0,0,1,0,1,0,0,0,1,0,2.6927442350997373,2.185682327359038,2.6994603658093412
1837,1,2,2,0,0,1,0,0,0,1,0,1,0,1,1,0,0,0,1,0,1.6964324090828626,0.9901442220213887,1.6061376795353426
1838,1,0,1,1,0,0,1,0,0,1,1,1,1,0,0,0,0,0,1,1,-0.42859668765335324,-0.8882234620111296,-0.7020726808942308
1839,1,0,2,0,0,0,0,0,0,0,1,0,2,0,1,0,0,1,1,0,1.8963803393147367,0.8625612094007512,1.5489561341320526
1840,1,1,1,0,1,1,0,0,0,2,0,0,2,1,1,1,1,1,0,1,-0.8167949606030694,-0.897964295370684,0.6186957482195095
1841,0,0,0,0,0,0,0,0,0,1,2,0,0,1,1,1,0,0,2,0,1.894504472202354,-0.26091043319206364,1.095774209425321
1842,1,1,0,0,0,1,0,0,0,2,0,1,0,1,0,1,1,0,1,0,0.006567068284147067,0.40433046396999817,1.205189997890019
1843,1,0,0,1,0,0,1,0,0,1,1,0,1,2,0,1,0,0,0,0,1.2212823837073676,-0.7504708471754467,0.07637784190832643
1844,1,1,0,1,0,1,1,0,0,2,0,0,0,0,1,2,0,1,1,0,-1.006413771188793,0.35101416429667637,0.9606719472587101
1845,0,1,1,1,0,1,0,0,0,1,0,1,1,1,1,1,1,1,0,0,-0.48836134914819723,1.2658954621912233,-0.07632569627340585
1846,0,0,0,0,0,1,0,0,0,1,1,0,0,2,0,0,1,1,0,1,-0.341998578937629,1.0861597888061212,0.32867639290176753
1847,1,0,0,0,0,2,0,0,0,1,2,0,0,0,2,1,0,0,0,0,0.17961695292642363,1.2369396614811796,1.3609422272605336
1848,1,1,0,0,0,0,0,0,0,2,1,1,1,0,1,1,1,1,1,0,0.6728122616242755,0.6339558529861213,0.8359962795088435
1849,1,1,1,0,0,0,0,0,0,2,2,0,1,0,0,1,1,0,1,1,-0.884430862947107,-0.08411022156436171,-1.020702406071547
1850,2,1,0,0,0,1,1,1,1,1,0,1,1,1,2,0,1,0,0,0,0.2541934766176878,2.773488664677619,1.8692434178688317
1851,1,2,0,0,0,2,0,0,1,2,1,1,0,1,0,1,0,0,1,0,-0.9553385347883045,0.26445529949758073,-1.0680132520155678
1852,0,1,1,1,0,2,0,1,1,2,0,0,1,1,2,0,0,1,2,0,-1.1335531226921278,1.1896215849492986,0.2581718577899224
1853,0,1,0,0,0,0,1,1,0,1,0,0,0,2,1,0,0,0,2,0,-0.918117884094687,2.1992068864007948,0.9055041575523186
1854,0,0,0,1,0,0,0,0,0,1,1,0,0,1,1,1,0,2,0,0,-0.6863341580898741,-0.8422138337277123,-0.9699581141245448
1855,1,2,1,0,0,1,0,0,0,2,2,0,0,0,0,1,1,0,2,0,-0.9465499312049004,1.9175776247319765,0.6674034736541563
1856,0,1,0,1,0,1,0,0,0,1,1,0,0,1,0,1,0,0,0,0,0.4914672670575698,-1.9899911115074858,-0.07464721707049476
1857,1,2,0,2,0,1,1,0,0,0,1,1,0,2,2,1,0,2,0,0,2.1672704251862314,1.3912163469483798,0.46409126395628764
1858,0,1,0,0,0,1,1,1,1,0,2,0,1,2,2,0,0,1,0,0,0.36623192548867844,-0.3006440502009592,0.4572528732508978
1859,0,0,0,1,0,0,0,1,0,1,1,0,1,1,1,1,1,1,0,0,-2.2067709552523316,-1.877034640296031,-0.6055811584885559
1860,1,1,0,0,1,0,2,1,0,2,0,0,1,2,1,0,0,0,1,0,-0.1700943698707096,1.6385689440404985,0.48172862746791417
1861,1,2,0,0,0,0,0,1,1,1,2,0,1,2,2,0,1,1,0,0,-0.578241499856532,-0.49695679683236427,-0.46443850651830776
1862,0,1,1,1,0,1,0,0,0,1,0,0,1,1,1,1,0,0,1,0,-0.22912965310003328,-0.7451520043129459,0.14959815167119034
1863,0,1,0,0,1,0,0,0,0,1,0,0,0,1,2,1,1,0,1,0,0.25282413272870985,0.1733956781997288,-0.12990160576448553
1864,0,0,0,0,0,0,0,0,0,0,1,0,1,0,1,1,0,0,1,0,1.4947127449449114,1.6113555831673387,0.890130759384315
1865,1,2,0,0,0,0,0,0,0,0,1,1,0,0,1,0,0,1,1,0,2.2256291391304974,0.9415923667511692,1.5973617481536095
1866,1,1,0,1,0,1,0,0,0,2,1,0,0,2,2,1,0,1,1,0,0.12196832736902533,-0.40974322439555566,-0.3114764022535804
1867,0,2,1,1,0,0,0,0,0,1,0,1,0,1,2,1,0,0,1,0,0.34304316900437803,0.46670772229258456,-0.12211991117902721
1868,1,0,1,0,0,1,0,0,0,1,0,1,0,1,0,1,2,2,2,0,0.6220210870714318,1.5914710694246126,2.7650593496279914
1869,1,1,1,0,0,0,0,0,0,1,2,0,1,0,1,2,2,0,0,0,-2.3872538653455124,-0.7182745485262509,0.8305198341114061
1870,1,0,0,1,0,0,1,0,0,1,1,0,0,2,0,2,1,0,0,1,-0.6350299798986598,0.3206496686212472,0.9912886847328711
1871,1,1,0,0,0,0,0,0,0,1,1,0,0,0,1,1,1,2,2,1,0.9450433840439976,-0.149326180187412,0.213156921199336
1872,0,1,0,0,0,0,0,0,0,1,1,1,1,0,1,0,0,0,1,1,-0.35730347345285607,0.4142961521485386,-0.8557904649027993
1873,1,0,1,0,0,1,0,0,0,1,0,0,1,0,2,0,0,1,0,0,-0.7809363231074395,0.8000183406619281,0.5681654644312364
1874,1,2,1,0,0,0,0,0,1,1,0,0,1,1,1,0,0,0,1,0,-0.1373200063782275,-1.4372426887933685,-0.5736183336393135
1875,1,1,0,1,0,0,0,0,0,0,0,0,2,2,1,0,0,1,1,0,-0.5331906488240666,0.2253760945226927,0.4464506654499564
1876,0,2,1,0,0,0,1,0,0,1,0,0,0,1,1,1,0,0,1,1,-0.4471799094164148,0.465984068319354,2.05840393198374
1877,1,2,0,0,0,0,0,0,0,1,0,1,1,0,2,0,0,0,2,1,-2.065229625656714,-0.27474384598460844,0.12151536346131342
1878,2,1,0,0,0,1,0,1,0,0,0,1,2,2,0,0,0,0,1,2,-0.9879633508088409,0.1644746562237363,-1.8745437488622685
1879,1,0,0,1,0,2,0,1,0,2,1,0,2,0,1,0,0,0,0,0,1.0298096031623094,-0.61513161673839,1.3200399945132189
1880,0,2,1,0,0,1,1,0,0,1,1,0,1,0,0,1,2,0,1,0,-1.4723832708091462,0.8780992420680063,-1.327834558214396
1881,0,1,1,1,0,0,1,0,1,1,1,0,0,0,1,0,0,0,0,0,-0.08167935452247732,-0.31742536134748384,-0.385420560844985
1882,1,0,0,0,0,0,1,0,0,0,1,0,0,0,1,0,0,2,1,0,-1.0394971519886778,0.33451033623242565,-1.153559022426201
1883,1,0,0,0,0,0,1,0,0,1,0,0,1,2,2,1,1,1,2,0,-0.7856453022134683,-0.6338113134413175,-1.5284373931699564
1884,2,0,0,1,0,1,1,0,0,0,0,0,1,1,2,1,0,1,1,0,0.25957997074742306,-0.12494856900417817,0.012041765140822485
1885,2,1,0,0,0,0,0,0,0,1,0,0,1,1,2,1,0,0,1,0,0.7472455494788043,1.0797215842626802,-0.25778696482203345
1886,1,1,0,1,0,0,0,1,0,2,1,0,1,1,0,1,1,0,1,1,0.525708547913283,-1.2960731250353332,-0.7857611801520615
1887,1,0,0,1,0,2,0,0,0,0,1,0,0,2,2,0,0,0,0,0,0.5490821072947751,0.01264960151497807,0.40692252051362654
1888,0,1,1,1,0,0,0,0,0,1,0,0,1,2,1,2,0,1,0,1,-0.5101769163103212,-0.47807195286548715,-0.21781915661164658
1889,1,0,1,0,0,0,0,0,0,1,0,0,0,2,2,1,1,0,1,0,0.980929123691653,0.7220864727057403,-0.054918551116637015
1890,0,2,1,0,0,1,2,1,0,0,1,1,2,1,2,1,1,0,1,0,0.6125028473415307,0.5155489934165329,-1.1041615062021684
1891,2,2,0,0,1,0,0,0,0,1,0,1,0,0,0,1,1,1,0,0,0.06408053244925918,-0.29943674849470125,1.4333466143235032
1892,0,0,0,0,0,0,1,0,0,1,2,0,0,1,0,2,0,1,2,0,0.9711550084825653,0.9436111794927899,2.116801045977301
1893,1,2,0,0,0,1,2,0,0,0,1,0,1,1,1,0,0,1,0,0,-0.3652896992222993,1.3089198187123505,0.051595197928925085
1894,1,0,1,0,1,1,1,1,1,1,0,1,0,2,0,0,0,0,0,1,0.4611675171485318,0.13711282881579148,0.19953288974625893
1895,1,1,0,1,0,0,0,0,1,1,0,0,0,1,0,1,0,1,1,0,-0.08593315378613374,-1.7309078826670299,0.3216418404202516
1896,1,1,0,0,0,0,0,0,0,0,0,1,0,1,1,1,0,0,1,0,-1.4882010895522755,-1.3333101453758809,0.667952393546257
1897,2,0,0,0,1,0,1,0,0,2,1,0,0,2,1,2,0,1,1,0,0.798664244196075,-0.3984714556071004,0.7864867976459183
1898,1,0,0,0,0,0,1,1,0,1,0,1,0,1,1,2,0,1,0,0,1.1550801106170268,1.0430428741559212,-0.2338409256480204
1899,1,0,1,0,0,0,1,0,0,0,1,0,1,1,2,1,0,0,1,0,0.04486178279050913,-0.08605287257366806,0.021914232657083345
1900,0,1,0,0,0,0,2,0,0,1,0,0,0,2,2,0,1,0,2,0,0.35596047362484634,-0.12051402648044474,-1.4366909294707346
1901,2,2,1,0,0,0,0,0,0,1,0,0,0,1,1,0,0,1,1,0,-0.268884794264024,-2.0784746619424457,-0.05987545901044596
1902,0,0,0,0,0,0,0,0,0,0,2,0,0,2,1,0,1,1,0,0,2.044795951990794,0.18278451092531478,1.3449869051242263
1903,1,1,1,0,0,1,1,0,0,0,0,0,1,0,1,2,1,0,0,0,-1.1426640312613823,-0.3530501085458387,0.35645194869735286
1904,0,2,0,1,0,0,1,1,0,1,1,1,0,2,1,0,0,0,1,0,-1.5772212331710853,-0.7519293618771393,0.5047199454874025
1905,1,1,1,0,0,1,1,0,0,1,1,0,1,1,0,0,0,1,1,0,0.3224051409027299,1.0810531808920076,1.7893969247230674
1906,1,2,1,0,0,1,0,0,0,0,1,1,1,2,2,2,0,1,2,0,0.5033411381774634,-0.3294073876848941,-0.3981947289514389
1907,1,0,1,0,0,1,1,1,0,0,2,1,0,2,2,0,0,0,0,0,0.46503441938174017,-0.011301790289443947,-0.6987149321392017
1908,1,0,2,1,0,1,0,1,0,2,0,0,0,0,0,1,1,0,1,0,0.5307558794475384,-1.3159433317134375,1.4576085755116437
1909,1,1,0,0,0,0,0,0,0,1,1,0,0,2,1,1,1,1,0,0,-1.8971534734883655,-0.1861047440472393,-2.1626786896570542
1910,0,1,1,0,0,1,0,0,0,2,1,1,0,0,1,1,1,0,1,0,0.21797938682518764,-0.9393741029401159,1.1289371587046935
1911,1,1,1,0,0,0,1,1,0,0,0,1,1,1,1,2,0,1,0,1,1.0561870925078836,-1.103455362603081,0.23030790499777093
1912,1,1,0,0,0,0,0,0,2,1,0,0,0,1,2,2,0,0,1,0,-0.593397231900245,-0.23494598645448939,0.5722819856180625
1913,1,1,0,2,0,0,0,0,0,1,1,0,0,1,0,1,0,1,0,1,-0.15789996060099937,-1.2022600857991117,-0.668092359686631
1914,0,1,0,1,1,0,0,0,1,2,0,0,0,2,0,1,0,0,0,0,-0.28507783401322834,-1.6206123687805554,-1.4042148675525084
1915,1,2,0,1,0,0,0,1,0,1,0,0,0,0,0,1,0,0,0,0,-0.6846220587265411,-1.5997201141049238,-0.8333218120724575
1916,1,2,0,1,0,1,0,1,0,1,1,0,0,1,1,1,1,0,0,0,-1.762044128421634,-0.6433953961731512,-1.995058944502516
1917,1,0,1,1,0,2,2,0,0,2,0,0,1,0,2,1,2,0,0,0,-0.07674818873995848,-0.20496233434213318,-0.08700192476793756
1918,1,0,1,0,0,0,0,0,0,2,1,0,0,2,1,0,1,1,1,0,0.3826010675012387,1.1672607801652726,0.7970080636371608
1919,1,1,1,0,1,0,1,0,0,1,1,1,0,1,1,1,0,1,2,0,2.528510759487432,1.0792023048568278,1.7993299231403823
1920,1,1,1,1,1,0,0,0,0,1,2,0,0,1,1,0,0,0,0,0,0.9573762377576325,-0.7895835952460901,0.3893811676456358
1921,2,1,0,1,0,1,0,0,1,0,1,0,1,1,2,1,1,0,1,0,-0.40383301773672836,-1.3130511335499688,-0.1588972009225899
1922,1,0,0,1,0,1,0,0,0,2,1,0,0,1,2,0,0,0,0,0,0.8155797536206824,0.27516032209873775,-0.20960021513096017
1923,2,1,0,1,0,0,0,0,0,0,0,1,1,1,0,0,0,1,2,0,0.9876224632572401,0.3440887779065921,-0.1283518659699482
1924,0,0,1,1,0,0,0,0,0,1,0,0,0,1,1,1,0,0,1,0,-1.48105922007517,-0.21737042988476152,-1.634020210440461
1925,0,0,1,0,0,1,0,0,0,1,1,1,0,1,1,2,1,2,0,0,-0.4718537137028676,-0.17770420727516914,0.2405391367208602
1926,1,0,0,0,1,0,0,0,0,2,1,0,2,1,2,1,0,0,0,0,-0.18948385318254282,-1.1782791397312384,-1.265461437748551
1927,1,0,0,0,0,1,1,0,0,0,1,0,0,2,2,2,0,1,1,1,1.0252395063482296,1.111038203396859,0.5347952237996086
1928,0,0,0,0,0,0,0,0,1,0,1,0,0,1,2,2,0,0,1,1,-2.3346596207912884,-0.4154650272106785,-1.2832460461714994
1929,0,1,1,0,0,1,2,0,0,2,0,0,0,2,0,0,2,1,1,0,1.7707274542837517,0.3317388478207972,0.603508137644688
1930,0,1,0,0,0,1,1,0,0,1,0,0,1,2,1,0,0,0,1,0,0.6100795766103081,0.197109200442697,0.10417467433283528
1931,1,0,1,0,0,0,0,0,0,1,1,0,1,2,0,1,1,0,1,0,-0.4055287560945691,-0.8638700462059764,0.30434782445753406
1932,0,2,0,1,0,0,1,0,0,0,0,1,0,1,2,2,0,1,0,0,0.42716564713374827,-0.4858710843024509,-0.479599696261132
1933,0,1,0,0,0,1,0,1,0,1,1,0,0,2,0,2,0,1,1,0,0.5324392216021753,1.25654529540728,1.8856950918775517
1934,1,1,0,0,0,0,1,0,0,0,2,0,1,1,0,1,1,1,0,1,1.5585534612012326,-0.15593868843956737,1.0639579760463393
1935,1,1,0,0,0,0,0,0,0,1,1,1,0,1,1,0,0,0,0,1,0.10429284553911994,-0.16471475303023225,0.3023086043707095
1936,0,0,0,1,0,1,2,0,0,0,1,0,1,0,1,2,1,2,1,0,0.5593857226791085,0.5351176802727908,0.1824234218707681
1937,1,1,0,1,0,1,0,1,0,1,0,1,0,1,1,0,0,0,0,0,-1.3852373675432783,-0.6806801501250376,1.2113943092349517
1938,0,0,0,1,0,0,0,0,0,2,1,1,1,1,1,1,1,1,1,0,0.3681504852116681,1.1598685203091064,1.1839098826027454
1939,0,0,1,0,0,1,0,0,1,1,0,0,0,1,1,0,0,2,0,0,-0.7400749002988066,1.226412754125472,-0.7552939018207874
1940,1,0,0,1,0,0,0,1,0,1,2,0,0,1,2,0,0,0,0,1,0.2868338042444523,0.24767718899432378,-0.9323714049316301
1941,1,2,2,0,1,1,2,0,0,1,1,0,2,1,2,0,1,1,0,0,-0.5528731804161681,-0.9366681229693888,-0.9200125064609528
1942,2,2,1,1,1,1,0,0,0,2,0,0,1,1,0,1,0,1,1,0,0.919865277699198,0.4585231423012125,0.7137109861129951
1943,1,1,1,0,0,1,0,0,0,0,2,0,0,1,1,1,0,1,1,0,0.3072058133302484,2.331577122885889,2.800680993837488
1944,1,1,0,1,1,0,0,0,0,1,2,0,0,0,1,1,0,1,1,0,-0.19045883834897281,0.6701018651659822,0.6074946420521907
1945,1,1,1,0,0,0,0,0,0,0,1,1,1,1,2,1,1,0,2,0,1.066569590602841,-0.46220801155774327,1.0165998222921926
1946,0,0,0,1,0,1,0,0,0,1,1,0,0,1,1,0,1,1,0,1,-1.171248038119296,-0.16128169208743004,-1.4018872123523292
1947,0,0,1,0,0,0,0,0,0,1,1,0,1,1,1,1,2,1,1,0,0.2258911502082645,-0.3216179533333595,-1.0367203024283302
1948,1,0,0,1,0,0,0,0,1,2,1,0,2,2,1,1,0,2,2,0,-0.9796176369009166,-0.2056831838483894,0.045022182271087674
1949,2,0,2,1,1,0,1,0,1,1,0,0,0,1,1,0,1,1,2,1,0.915586087453343,0.16175147246453314,2.5518627823002538
1950,1,1,0,0,1,0,1,0,0,1,0,1,0,1,1,0,1,0,1,0,-0.7171743849893335,0.49778186244530986,-1.4484527223907273
1951,1,1,0,1,0,1,1,0,0,1,0,0,0,0,0,2,1,0,2,1,-0.8691605696370928,1.4320669828808088,0.1874693640593353
1952,1,2,2,1,0,0,1,0,0,0,1,0,0,1,2,1,1,0,2,0,0.32680477879371067,-0.6442781927306154,-1.0228186506468755
1953,1,0,1,0,0,0,0,0,0,1,0,1,0,1,2,2,1,0,2,0,-1.3392236030981408,-0.8403476480447578,0.34738650754278555
1954,1,2,2,0,0,1,0,0,0,1,1,0,0,1,2,1,1,0,1,0,-0.7591858902386446,-0.5851886877611885,-1.8471631659118894
1955,1,2,0,2,0,0,1,0,0,1,2,0,0,0,1,0,1,0,1,0,-0.09915575548176468,1.21171028046797,0.5552325743660091
1956,0,1,0,0,1,0,1,0,0,2,2,1,1,1,2,1,0,1,1,1,-0.5963033626331925,0.5595489823921056,0.5587546387491333
1957,2,0,1,0,0,2,1,0,0,0,0,1,0,1,1,1,0,2,1,0,-0.10574761356637924,0.6764821684168237,0.5688091483633138
1958,0,1,0,1,0,1,1,0,0,2,0,0,1,2,2,1,1,2,1,0,0.2385904922455253,1.6287153264834693,1.465030283206938
1959,2,0,1,0,1,1,0,1,0,1,0,0,1,0,1,0,1,0,1,0,-1.5766487963838405,0.08228254890727134,-0.5437445451522633
1960,1,1,1,1,0,1,0,0,0,0,0,1,1,1,1,1,0,0,1,0,-0.6275414553770762,0.5689333878971834,1.4973837197166258
1961,0,1,1,0,0,0,2,0,0,2,1,1,0,1,0,2,1,0,1,0,-1.3353960016060604,-0.29194156558535517,-0.6258079996849775
1962,2,2,0,0,0,0,1,0,0,1,1,0,1,0,1,0,0,1,1,0,-2.9953420572013094,-0.7228919718820482,-0.2983107410183611
1963,1,1,0,0,1,0,2,0,0,1,1,0,1,0,0,1,1,0,1,0,-0.7524108738553367,-1.281702456766435,-0.8898244767388664
1964,1,0,0,1,0,2,0,0,0,0,1,0,1,0,0,1,0,1,0,1,-0.08191595846185727,0.5207239239711985,1.1357276905978317
1965,1,0,0,0,1,1,1,0,0,0,0,0,1,0,2,0,0,0,1,0,0.07523718159820064,0.7841656522172673,0.3861447545880119
1966,1,1,1,1,0,0,1,0,0,2,0,0,0,2,1,1,1,1,0,0,0.4901566853384488,-0.5329727832521207,-0.43645120864084097
1967,1,0,0,1,0,0,0,0,0,0,1,1,1,2,0,1,0,1,0,0,0.5501279664046911,-0.899057376655194,-1.7387684328566952
1968,1,1,0,0,0,0,0,0,0,1,0,1,0,0,1,1,0,2,2,0,0.3184326060669906,0.174739770593079,-0.551893799476432
1969,0,0,0,1,0,0,1,1,0,2,1,0,1,1,0,0,1,0,0,0,0.404139457980294,0.4747675812376128,-0.6317540958921453
1970,0,1,1,0,0,0,2,0,0,1,0,0,0,1,1,1,0,0,1,0,2.1168978838406716,-0.3681456186389679,1.7362328868838726
1971,0,1,2,0,1,1,0,0,0,1,0,2,0,0,2,1,2,0,0,1,0.006760164972630376,-0.4734854993612594,1.360949021108841
1972,0,1,1,0,0,0,0,0,0,2,1,0,1,0,2,2,0,0,1,0,1.2318639142275873,0.5864922835533709,0.30237692461118953
1973,1,2,1,0,0,0,0,0,0,2,2,0,0,0,2,0,0,0,0,0,0.24338764751672046,-1.285272041577529,0.3093490974728397
1974,0,2,0,1,0,0,0,0,0,0,0,0,0,1,1,0,0,1,1,0,-0.20019602455483457,-1.1319019348368653,0.051785630159840224
1975,1,0,1,1,1,0,1,0,1,2,1,1,1,1,2,2,0,0,1,0,-0.9790597332434422,1.175814764347078,0.5266446045525105
1976,2,0,1,0,1,0,1,0,0,1,1,0,1,2,0,2,0,0,0,0,0.037579891359032114,0.17701199110558857,0.004073593191543559
1977,2,1,1,1,0,1,0,0,0,0,0,0,2,1,0,0,1,0,0,0,1.888842970135178,0.7766567089769376,1.2809716540914633
1978,1,0,1,1,0,0,0,0,0,1,0,1,1,2,2,1,0,0,2,0,0.3583685036611506,0.6399239531872055,-0.07363449775309361
1979,0,1,0,1,0,0,1,0,1,1,0,1,1,0,1,0,0,1,0,1,-1.5198793354188278,0.6791302318924922,0.16906054331279557
1980,1,1,1,0,0,0,0,0,1,1,1,0,1,2,1,0,0,0,0,0,1.4385184000762345,-1.0494005609922976,0.2777813692701723
1981,1,1,1,1,0,0,1,0,0,0,0,0,1,2,1,0,0,0,1,0,-0.252564154185578,-4.124260364032591,3.333797431278854
1982,1,1,0,1,0,1,0,0,0,1,0,0,0,1,1,1,0,0,0,1,-0.5768795664629827,0.47535829462723656,0.2901926921958403
1983,1,1,0,0,0,1,0,0,0,1,1,0,0,0,1,0,0,0,0,0,0.7443480326291435,1.433043887517984,1.2029184509348898
1984,0,0,1,0,0,0,1,1,0,1,1,0,0,2,1,1,1,1,1,0,-1.4653213973460795,-1.5726189670080368,-1.3539438803847204
1985,0,1,0,0,0,0,0,0,0,2,1,0,1,1,1,0,1,0,0,0,-2.0010524866703587,-0.8793061937341635,-1.0997625551992574
1986,1,2,1,0,0,0,0,0,0,2,0,0,0,0,0,1,1,0,0,0,-0.3041386011527373,-0.9373295441387657,-0.011480962902242459
1987,1,0,2,0,0,0,0,0,1,1,0,0,1,1,1,1,0,1,2,0,-0.11115841173098857,2.0873774029473493,0.5315033034326124
1988,1,1,0,0,0,0,2,0,0,2,0,1,0,1,0,1,0,0,0,0,0.9649140998571191,-0.4692535353339719,-0.16633228943799708
1989,1,2,1,2,1,2,1,0,0,1,0,0,0,2,1,2,0,0,1,0,0.003211672147541401,-0.554608659363212,-1.3305540658709494
1990,0,0,0,0,1,0,0,0,0,1,1,0,0,0,0,1,0,0,0,0,-0.025430472897370278,-1.5038055503912884,1.126225222103305
1991,1,1,0,1,1,1,1,1,1,0,1,0,0,1,0,1,1,1,0,0,-1.069065015541278,-0.3693507009951096,-2.220208811076304
1992,0,1,1,1,0,0,0,0,0,2,2,1,0,0,1,0,0,0,1,0,1.853243537145937,0.15400059418047007,-1.5819581118850805
1993,1,0,0,0,0,0,1,0,0,2,0,0,1,0,2,0,2,1,0,0,-0.9465927663011549,1.3359364757795404,1.4585636190124713
1994,0,1,1,0,0,1,1,0,0,2,1,0,1,1,0,0,2,1,1,0,-0.7568611812300472,0.3590865439771109,0.5238514658669486
1995,1,1,2,0,0,0,0,0,0,2,1,1,0,1,1,0,0,1,1,0,1.7082171308659515,-0.6575671182224242,-1.3197811666953456
1996,1,0,1,0,0,0,0,0,0,1,0,0,0,1,0,1,0,0,0,0,-0.7278295624221979,0.765564885669119,-2.005105792978203
1997,0,0,1,0,0,1,0,0,0,0,2,0,0,2,0,0,1,1,1,0,0.7506469442431436,-0.9574299662064478,0.6363750014913672
1998,0,2,2,0,0,1,0,0,0,0,1,1,0,2,2,1,0,0,1,0,0.11896953201611682,-0.7892091918113695,0.7418959955450463
1999,0,1,0,1,0,1,0,0,0,1,0,1,1,1,2,1,0,0,0,0,-0.33989010020302035,1.9890174953858772,2.4744969149431064
2000,1,0,1,0,0,0,1,0,0,1,2,0,0,0,2,2,0,1,1,0,0.4146949824005316,0.6003806095377664,-0.5040480641876751
2001,0,1,0,1,0,0,1,0,0,2,1,0,1,2,1,0,1,1,1,0,0.6610864733695799,0.2817698898894696,0.17820335163708279
2002,1,1,1,1,0,0,0,0,0,1,0,1,1,1,1,0,0,1,2,0,-0.9810652146993349,-0.0968482530101654,0.5705654205786544
2003,2,1,0,0,0,2,1,0,0,1,1,0,0,1,2,1,0,1,1,0,-0.002957707204199348,-1.707470519888096,2.175853334032457
2004,1,2,1,0,0,1,0,1,0,2,0,0,0,1,1,2,1,2,1,0,0.9892365639223574,0.23297219117029688,-1.6552989875369648
2005,1,1,0,0,0,1,0,1,0,1,1,1,0,2,0,1,1,0,1,0,2.1963635090152636,0.23472342450493222,1.5810691334561415
2006,0,0,1,1,0,1,1,0,0,1,1,0,1,0,0,0,0,0,1,0,-0.15426464532242165,0.4608720766050618,2.463378910543796
2007,1,0,1,0,0,2,0,0,0,0,0,1,1,0,0,0,1,0,2,0,0.8417974492176262,3.0055981300508297,2.7593163463246415
2008,1,1,0,0,0,1,2,0,0,1,1,0,0,1,1,2,0,1,1,0,-0.09170790407050208,0.8028451709869053,0.03141416539998265
2009,0,1,0,1,0,2,0,0,0,0,0,1,1,1,0,0,1,1,1,0,1.4681848247232947,2.208169289848432,2.5954351862796665
2010,0,0,1,0,0,0,0,0,1,1,2,0,1,1,1,1,1,0,1,0,0.8846220014304157,-0.31979829257224224,-0.7199239479232751
2011,1,0,0,2,0,1,0,0,0,1,1,1,1,1,1,1,0,1,1,0,0.6617228053562324,1.3849374386186164,2.67958952365427
2012,1,0,1,2,0,1,1,0,0,0,0,0,1,0,2,1,2,0,0,0,-0.8361130589516366,-0.6275229884475706,-0.09431990147828972
2013,1,0,0,0,0,0,0,0,0,2,1,1,0,1,1,1,0,1,1,0,0.4143471226444648,-0.6719657403174466,2.355469918106061
2014,2,1,0,1,0,0,0,1,0,2,2,0,1,1,2,1,1,0,1,0,-0.8546179724959642,-0.7039765463368891,-0.1506631674571545
2015,0,1,1,0,0,0,1,0,0,1,1,1,2,1,1,0,1,1,0,0,0.310207524244339,1.2908572141269627,-0.9203866524635758
2016,2,1,2,0,0,0,2,0,0,1,2,1,1,2,1,1,1,0,1,0,-1.3162455027478352,0.5501910129314647,-0.8373960651279002
2017,1,1,1,0,0,0,0,0,0,2,1,0,0,1,1,1,0,0,0,0,-0.6531413243748639,0.06093700328817708,-0.8598734021377872
2018,2,1,0,0,0,1,1,0,0,1,2,0,0,0,0,0,1,0,2,1,-0.2689206257255712,0.3971138650540387,-0.34212185192436845
2019,0,1,0,0,0,0,0,1,1,2,0,0,1,1,1,0,0,1,0,0,-0.9466173272453854,1.327631865027616,-0.9553073518212285
2020,0,2,1,0,0,0,0,0,0,0,1,0,0,2,1,1,1,2,0,0,1.207730712952757,-0.316450097586045,-0.33105738741813945
2021,0,1,0,0,0,0,1,1,0,1,0,1,0,0,0,1,0,0,1,1,0.4208738288605917,-0.2722117447794241,-0.3805365808582789
2022,1,0,0,0,0,0,1,0,0,2,1,0,2,2,0,1,0,0,1,0,0.09948636665286625,0.0639491467721961,0.2300181872658082
2023,1,2,0,0,1,1,0,0,1,2,1,0,1,2,1,0,1,1,1,0,-0.7906738574344846,-0.917382018914191,-0.9669636163021574
2024,1,1,1,1,0,1,1,1,0,0,1,0,1,2,0,1,0,0,1,1,0.8303229130493789,0.12684097638200395,0.04729255699560658
2025,0,1,0,0,0,1,0,0,0,1,1,0,1,2,0,1,0,1,0,0,0.6569917509204214,-0.7768341360413491,0.8733192291507301
2026,1,0,1,0,0,0,0,0,0,2,1,1,0,0,0,0,1,1,2,0,-0.35743902978736497,-1.3138234912370472,0.5591198549511134
2027,0,0,0,0,0,0,0,0,0,1,2,0,0,1,1,2,0,1,0,0,-0.2888610244528117,0.5107629769905897,0.38935714587575576
2028,0,0,0,0,0,1,1,0,0,0,0,0,1,1,1,1,0,0,1,0,0.5108484731814746,0.06643271479347354,-1.4263582916266104
2029,1,1,0,0,1,0,0,0,0,2,0,0,0,2,1,1,0,0,1,0,-0.42554754197019506,-0.9115694090568242,-0.3822517259864326
2030,0,1,0,0,0,0,1,0,0,1,1,1,0,2,2,1,0,2,1,0,-1.7094728015781795,-0.07376158569766134,-0.7686810899577228
2031,2,2,1,1,0,0,0,0,0,1,2,1,1,0,1,2,0,0,0,0,1.8202592579012462,0.818238877089042,1.300405875352589
2032,0,0,0,1,0,0,0,0,0,1,1,1,1,1,1,0,1,1,1,0,-0.7346004445152049,-0.25302665367907917,1.181739885033434
2033,1,0,0,0,0,0,1,0,0,1,0,0,1,0,2,1,0,0,1,0,0.2752427482126274,0.7272805932662694,-0.5174892755078879
2034,1,1,0,0,0,0,0,0,0,1,1,0,0,0,2,0,1,1,0,0,-0.36298212772380695,-0.7058941373665083,-0.3328176347312509
2035,0,2,1,1,0,1,1,0,0,1,1,0,1,0,1,2,2,0,1,0,0.19616154511788367,0.6744797416183756,-0.1517938643453079
2036,1,0,0,1,0,0,0,0,1,1,0,0,1,0,2,0,0,0,2,1,-0.9392159085322812,1.0875880279075527,1.8088240711553716
2037,1,1,1,0,0,0,0,0,0,1,1,0,0,1,1,1,1,1,1,0,0.05651443816810907,1.6766742773694117,1.1170708804771627
2038,2,1,0,0,0,0,1,0,0,1,0,0,1,1,1,1,1,1,1,0,-2.1108741873560826,-1.5594832833404575,0.18935503660707442
2039,0,0,0,0,0,1,0,1,0,1,0,1,1,0,1,1,1,1,2,0,-2.74315462355583,-1.6358994192636545,-0.2829882771701745
2040,1,1,0,0,0,1,2,0,0,1,0,0,0,2,1,0,1,1,1,0,-1.5262772817088006,0.9545090024746246,-1.0569696214966668
2041,0,0,1,0,0,1,0,0,0,1,1,0,0,1,2,1,0,1,2,0,0.27592264964701474,2.677090815070386,2.217083725629032
2042,1,2,0,1,0,0,0,0,0,1,1,0,0,0,0,1,1,0,0,0,-0.21024637384313663,0.459702263014685,-0.8588579982620471
2043,0,1,0,0,0,0,1,0,1,1,0,0,2,0,1,1,0,2,1,0,1.011486969885155,-0.2137715407867407,2.0292935865313453
2044,1,1,1,0,0,1,1,0,0,2,0,1,0,1,1,1,1,0,0,2,-0.49831111521415405,-0.025157467321265625,-1.1610882079353764
2045,0,0,0,1,0,1,0,1,0,0,0,0,1,0,2,0,0,0,1,0,-0.5454820216081977,-1.0719288397715732,-0.5054710447489928
2046,0,0,0,1,0,0,1,0,0,2,1,1,2,2,1,1,0,0,1,0,-0.8924892898155067,-0.9774923506414097,0.009919207914340256
2047,1,1,0,2,0,0,0,0,1,1,0,1,0,2,0,1,0,1,0,1,1.8766202954358409,-0.6859448296925901,-0.37970424403134834
2048,0,0,0,0,0,1,1,1,0,2,2,0,1,1,0,1,2,0,1,0,0.38884715368265504,1.3743953453905196,1.5471308359539913
2049,0,0,0,0,0,0,1,0,0,1,0,0,0,1,2,2,1,2,1,0,0.07055964850883054,1.240186817387976,1.5743966783381098
2050,1,0,0,1,0,0,0,0,0,2,1,0,1,1,1,1,1,0,0,0,-0.870296388151216,-0.4657364232274926,-0.6407255415880773
2051,0,0,0,0,0,0,2,0,1,1,1,0,0,1,1,0,0,0,0,0,1.5767033136627566,0.634591420075784,-0.010667562835251942
2052,1,0,1,1,0,0,0,0,0,0,1,0,1,1,1,1,2,0,1,1,-0.06106338520908637,1.1123714631391757,1.0669463220087732
2053,0,2,0,1,0,0,1,0,1,1,2,0,1,0,0,0,0,1,1,1,0.28146376651177335,0.01977038921390699,0.13654768135936005
2054,1,1,1,1,0,1,1,0,0,1,0,1,1,1,2,1,0,0,0,0,-0.5529982180717958,-1.1862628728796585,-0.7322944144381196
2055,1,1,1,1,0,0,0,0,0,0,1,0,1,0,2,0,0,0,1,0,-0.4420116631649716,-0.07591867281603493,-0.24534117313720744
2056,1,1,0,1,0,0,1,0,0,0,1,0,0,1,0,2,0,1,1,0,0.5689774676336747,-2.211431380682188,-0.6550868135244166
2057,1,1,1,0,0,0,1,0,0,1,1,0,0,2,0,2,0,2,1,0,0.17161632203914198,0.07578479891497825,2.208007985918749
2058,0,0,0,0,0,1,0,0,0,1,0,1,0,0,0,1,1,0,2,0,-0.9487427993714587,-1.7043038926901568,0.3576215471998636
2059,2,1,0,0,0,0,1,0,0,1,1,0,2,0,1,1,1,1,0,0,-0.6204343759521559,-0.9906774603316693,-1.6835567464685348
2060,2,0,0,1,0,1,0,0,0,0,0,0,1,0,0,1,1,0,1,0,0.5324709769139049,-0.26344080061677766,0.26933903680382815
2061,0,1,1,1,1,1,1,1,0,1,2,0,0,1,2,1,0,1,0,0,1.5306649226983766,0.5072711541237845,-0.8897145685972708
2062,1,0,0,0,0,0,1,1,1,0,0,2,1,1,2,1,0,1,1,0,0.0021674496754259874,0.4437525353392894,1.2013891745966363
2063,0,1,0,1,0,0,1,0,0,1,1,1,0,2,0,1,0,0,1,0,0.29441306645806536,0.5425490850169532,0.7396506760484216
2064,2,0,0,1,0,1,0,1,0,1,0,1,0,2,0,0,1,0,1,0,0.3075892233843581,-0.8803496311131901,-0.909287240048585
2065,0,1,1,0,0,0,1,1,0,1,0,1,0,1,2,0,0,0,0,0,0.41802415497703116,-0.08846637115188793,-1.444887747101115
2066,0,0,0,0,0,0,0,0,0,1,1,0,0,2,0,1,1,1,2,0,0.3477271003672351,-0.3521975693352372,0.4287738354535029
2067,0,0,0,0,0,0,0,0,0,2,1,0,1,2,1,1,1,0,2,0,0.9384362369115152,2.2806251434781792,0.5485952544776664
2068,1,0,0,0,0,0,1,0,0,1,1,0,0,1,1,1,0,0,2,0,-2.4354594386246657,1.0991642204854744,-0.3051539571653976
2069,1,0,1,0,0,0,1,0,0,1,0,0,0,2,2,1,0,1,2,0,0.3232844776502156,0.03182267287833418,-1.3693694961768963
2070,1,0,1,0,0,0,0,0,0,0,0,0,1,1,1,0,1,0,1,0,-0.737667100202955,-1.0958271459349511,0.3372732050134278
2071,1,1,1,0,0,1,0,0,0,0,2,0,1,1,2,0,1,0,0,1,-0.9894570374985912,-0.04498325821517659,0.17651298004415078
2072,0,1,1,0,0,0,0,0,0,1,0,1,0,1,2,1,1,0,0,0,-0.38360987313583267,0.5190425058007346,0.32019643683065463
2073,0,0,0,1,0,0,2,0,0,0,1,0,1,1,2,1,0,0,0,1,-0.762763587645127,1.1816912978991585,-0.10662073542566441
2074,0,2,0,0,0,1,0,0,0,2,0,1,2,1,1,1,0,1,1,0,-0.24811096721462525,-1.3132610727061074,0.15142697568574529
2075,1,0,0,0,0,1,1,0,0,0,1,1,1,0,2,0,0,0,0,1,-0.33239057102459835,0.20758040000353184,-1.5495513948594284
2076,0,0,0,1,0,1,0,1,0,0,1,0,0,0,1,0,0,0,1,1,-0.8255242218458702,-0.33913802402867277,0.18268056541170913
2077,1,2,1,1,0,0,1,1,0,1,1,0,0,1,2,2,1,1,1,0,0.9021656691508002,0.12237567244640415,0.24543628915365404
2078,0,1,0,0,1,0,0,0,0,1,2,0,0,1,1,2,0,1,0,0,0.4681087349116785,1.1272857556927898,1.0153896203550221
2079,1,0,0,0,1,0,0,0,0,1,1,1,0,2,1,1,0,1,1,0,0.7118749193956487,0.05042934783639633,-1.1198219691653672
2080,1,0,0,0,1,0,1,0,0,1,1,0,0,1,1,1,1,2,1,0,2.5119745714382686,0.6465461208309047,-0.08921096174446874
2081,2,0,1,1,1,0,1,0,0,1,2,2,1,1,1,0,0,0,1,1,-2.156346683098462,-1.2567345178179046,0.7500727848475095
2082,1,1,1,0,0,0,1,0,1,2,0,1,1,2,1,1,1,0,0,0,0.043146896384819215,-1.0363742283886865,0.05646185064109879
2083,0,0,0,1,0,0,0,0,0,0,1,0,0,1,1,1,0,0,1,0,1.3256059112715237,-0.5811118024688373,1.101745339997547
2084,1,1,2,1,0,0,0,0,0,1,1,0,1,2,1,2,0,1,0,0,0.53322197171075,-1.2474896983901804,-1.208073468253916
2085,0,0,0,0,0,0,0,0,1,1,0,2,1,1,1,0,0,1,0,0,1.2628639824429144,-0.5307577908016791,0.6872414652155825
2086,2,1,0,1,0,0,0,1,0,2,1,2,0,2,0,1,1,1,2,0,1.379858918162351,-2.0928286541449332,-0.20174722982108112
2087,1,2,1,1,0,1,1,0,0,2,1,0,1,1,1,0,1,0,1,0,0.36808638107385316,1.438484189274046,1.1087726353211809
2088,1,2,1,1,0,1,0,0,1,1,1,1,0,1,1,0,0,0,0,0,0.5794890579540739,-0.9354627851550251,0.4241340428963477
2089,0,1,0,0,0,0,0,0,0,2,0,0,1,1,2,1,0,1,2,0,0.24059547164675188,0.4991090069378678,-1.2932938662589082
2090,0,1,1,0,0,0,1,0,0,1,0,0,1,0,0,0,0,1,1,0,-1.5118497167239504,-0.5767375464143157,-1.9271208565611255
2091,1,1,0,1,1,1,0,0,0,2,1,0,1,1,0,0,0,1,0,1,0.32575668463074714,-0.5358879142260947,1.9018346922794065
2092,1,0,2,0,0,0,0,0,0,1,0,1,0,0,1,2,0,0,2,1,-0.6411396460138712,-0.4883853197842565,-0.4319384395390767
2093,0,1,1,0,0,0,0,0,0,2,2,0,0,1,1,0,1,2,0,0,-0.10878388208634866,-1.5120088420913653,1.9236057635610833
2094,1,1,2,0,0,0,1,0,0,1,2,1,1,0,0,1,1,0,0,0,-1.6862951239827102,-1.1708259465430808,0.06622367753515546
2095,0,1,1,0,0,1,1,1,0,1,0,0,0,0,0,2,1,2,0,0,0.010538979912428156,-0.8339302670146387,-0.5206823654070972
2096,1,0,1,0,0,2,1,1,0,0,1,0,0,1,2,1,1,0,1,0,-0.17758153997032716,1.9807878984609157,1.1703290652985485
2097,0,0,1,1,0,0,1,0,0,1,0,0,0,1,1,0,0,0,1,0,0.6098316698853942,1.0219005808542083,-0.1264620173031542
2098,0,1,0,0,1,0,1,0,0,1,2,2,0,1,0,1,0,0,1,0,-2.4360617497337995,-0.418220187327207,-1.3233682267871314
2099,1,1,1,0,0,0,0,0,0,2,1,0,1,1,1,1,2,1,1,0,1.3537592779019423,0.810316662010774,-0.658201957481666
2100,1,0,1,0,0,0,1,0,0,1,0,0,0,2,1,2,0,1,0,0,-0.3525693003135619,-0.13653386179849514,-0.8458537786509264
2101,1,2,1,0,0,0,0,0,1,1,1,0,1,1,1,2,0,0,1,0,0.03195798919970726,0.32181640914310417,0.9595615732302171
2102,0,1,0,0,0,0,0,0,0,2,0,0,1,2,1,0,0,0,2,0,0.15705552752890461,0.7576429612637811,1.0818430422303564
2103,0,0,0,0,0,1,0,0,0,1,2,0,0,0,1,0,1,0,1,0,0.7501788154183819,0.24464633941625924,-1.1190933891145733
2104,0,1,0,1,0,0,0,0,0,2,1,0,1,1,0,0,0,1,1,0,-0.6640224970403742,-1.8513942285455378,-0.6888948587859626
2105,2,0,0,1,0,0,1,1,2,2,0,1,0,1,0,1,0,0,0,0,1.6560847677826647,0.9975242269563189,-1.0749633780853682
2106,1,0,2,0,0,1,1,0,0,2,1,0,0,2,2,1,0,1,0,0,2.9686653567652317,1.0322005439822197,2.299640293467413
2107,1,1,1,0,1,2,0,1,0,1,1,0,0,0,2,0,1,1,1,0,-0.697056176994519,-0.5045595738613176,-1.2097535329774178
2108,0,1,0,0,0,0,1,0,1,1,1,0,0,1,0,0,0,1,1,0,-0.6450166008770619,0.106040287792947,1.423208150240715
2109,1,2,0,0,1,0,1,0,0,1,0,0,0,1,1,1,1,0,0,0,0.8968585287288083,-0.9852240600003659,-0.3380353098914876
2110,1,0,0,0,0,0,0,0,0,1,0,0,0,1,1,0,1,0,1,1,-0.6846396007224808,-1.0353930288195365,-0.21160167224515086
2111,0,1,0,0,1,1,1,0,1,1,0,1,2,2,1,0,0,0,1,0,-0.7738004106534293,-0.9667451825644197,-0.9749204279160563
2112,0,0,0,0,0,1,0,0,0,1,0,1,1,2,0,1,0,0,1,0,-1.57836604382793,0.5785251140577903,-0.10567942268202486
2113,0,0,2,0,0,0,0,0,0,2,0,0,2,0,1,0,0,0,1,0,0.1425619051291082,1.7944251286228496,1.9767072736571785
2114,1,0,2,2,0,0,1,1,0,1,1,0,1,1,1,0,1,0,1,0,-1.0230108231546085,-1.2468543794578668,0.28915629715414026
2115,0,1,1,1,0,1,1,0,1,1,0,0,0,1,2,1,0,0,1,0,-0.561082483715734,-1.686314024414195,-0.041673819284720526
2116,0,2,0,0,0,1,0,0,0,1,0,0,0,0,1,1,0,0,0,0,-0.5795208884264497,-1.1211813078196147,-0.8322084154491646
2117,0,1,0,1,0,0,1,0,0,1,1,0,1,2,0,0,0,0,1,1,0.5432005618390726,2.374906797108054,2.358115091191286
2118,0,2,0,1,0,0,1,0,0,1,1,0,0,0,0,2,0,1,1,0,2.01657764733985,-0.2165463901840885,0.9950727790695917
2119,0,1,0,0,0,0,0,0,0,2,0,0,0,0,2,1,1,0,0,0,0.15408324507621493,1.245286782319849,-0.12247338535330987
2120,1,1,0,0,0,2,1,0,0,0,0,0,1,0,1,1,0,1,1,0,-0.5456662662229452,-0.2903939760282034,-0.6423042182077516
2121,1,2,1,0,0,0,1,1,0,0,0,0,0,0,1,1,0,0,0,1,0.48990807386282526,-2.093923307229617,0.018635991980100824
2122,0,0,0,0,0,1,0,0,0,2,0,0,1,2,1,0,0,1,1,0,-0.6834473896757393,-1.1329707888625218,0.39364215469285535
2123,1,1,0,0,0,1,0,0,0,1,1,0,1,0,1,0,1,0,2,1,0.4596124009221805,2.0076370152119383,2.7501121994420696
2124,0,1,1,0,0,0,1,0,0,2,1,0,0,2,2,1,1,2,1,0,-0.6987388598664313,0.9481942062378292,-0.04578965876021557
2125,2,0,0,0,0,1,1,0,0,2,0,0,0,0,1,2,1,0,1,0,2.374860772373006,2.006268078902677,2.478122991752852
2126,1,0,1,1,1,0,1,0,0,0,0,0,1,1,0,1,1,1,2,0,-2.086879711472305,0.5682527585447779,0.38401807914697095
2127,2,0,0,1,0,1,0,0,0,1,0,1,1,1,0,0,0,1,2,0,0.37028522084036086,0.922887169759139,0.8368157069889466
2128,1,1,2,0,0,1,0,0,1,1,0,0,2,2,2,0,1,2,1,0,0.3620935114336839,-1.051404361247448,-1.7135693073928433
2129,2,2,1,1,0,1,1,0,0,0,2,1,1,0,1,2,0,1,1,0,0.2951459431445389,-1.9948632660947228,-1.8739161080542162
2130,1,0,1,0,0,1,0,0,0,1,1,0,0,0,2,1,0,0,2,0,-1.6777549030684724,0.2784071379059756,0.18092556927090137
2131,1,1,0,0,0,1,1,0,1,0,0,0,2,1,1,1,0,0,1,0,-0.9965100658917088,0.3994370872157026,0.15021444519504637
2132,1,2,1,1,0,0,2,1,0,2,2,0,0,1,1,1,1,1,1,0,-0.8253193010284531,0.26766423744861334,1.3615232005822193
2133,0,0,1,0,0,1,0,0,0,0,1,1,0,0,1,2,2,0,0,0,-0.15012574468712062,-0.9446104484237147,0.08115219240675017
2134,1,2,1,0,0,1,0,0,0,1,1,0,1,2,1,1,1,1,0,0,0.6689980586527771,-0.6892646717187112,-0.4382436847008343
2135,1,1,0,1,0,0,0,1,0,1,0,0,1,0,1,1,1,1,1,0,-1.136946297528482,-1.2129879766119436,-0.43105247215587833
2136,1,0,0,1,0,1,0,0,0,1,1,0,0,2,0,1,2,0,1,0,-1.3249055518261854,-1.25347038198703,-0.8707663481529015
2137,1,2,0,0,0,1,0,0,0,1,0,0,1,1,1,1,0,2,1,1,1.8765223919273895,0.3523784874581354,1.1275100130684967
2138,1,1,0,1,0,0,0,0,0,0,0,0,0,1,1,1,1,0,1,0,0.1065629656287477,-0.4745901852623062,0.4348934213724798
2139,2,0,0,0,0,0,1,0,0,2,0,0,2,1,0,0,1,1,0,0,-0.31870136143922645,-1.1984080698880764,-0.83953459833619
2140,1,1,1,0,0,0,2,0,0,0,0,0,0,1,2,1,1,1,2,0,0.17787746548073485,0.13782018092180284,-1.428708727103202
2141,0,1,1,0,0,0,1,0,0,1,0,0,0,1,1,1,1,0,0,0,0.41169251099281645,0.013168971950958563,1.2291417347574134
2142,1,0,1,0,0,0,0,0,0,1,0,0,1,1,2,0,2,0,2,0,1.094253818788329,0.5315011214094327,1.0302131705964597
2143,2,0,0,0,0,1,2,0,0,0,1,0,0,2,0,1,0,1,1,0,0.41774923074574566,1.1128559885529896,1.9256520742497631
2144,0,0,1,0,0,1,0,0,0,0,0,1,0,2,1,0,2,1,1,0,0.4567722705307971,-0.7580246480361326,0.6487957193794698
2145,1,2,0,1,0,0,0,0,0,2,2,0,0,1,1,1,1,0,1,0,0.8565411522933868,1.1390881821943266,2.754143419108761
2146,1,1,2,0,0,0,1,0,0,0,1,1,0,0,1,2,0,2,0,0,-0.22038162674754236,-1.663246909487258,0.7867591754742455
2147,1,0,1,0,0,0,0,0,0,1,1,0,0,1,1,1,0,1,0,0,1.325994054074369,-0.5794617194495701,-0.12539674188439548
2148,0,1,1,1,0,2,1,0,0,1,1,0,1,1,1,1,0,1,0,0,-0.10706070673377434,0.13809254408718147,-1.2746608073338401
2149,1,0,1,1,1,0,1,0,0,1,0,0,0,1,0,0,0,0,0,0,-0.41475576012261256,-0.36581779458261715,-0.37014209488999206
2150,1,1,1,0,0,1,1,1,0,2,0,2,1,1,0,1,0,0,1,1,0.951697307221554,0.8165633152776117,0.20344097669377675
2151,1,1,1,1,1,0,1,0,0,0,1,1,1,1,1,0,0,1,1,0,-1.0755054433629836,-0.21066183952099532,0.8490249385077733
2152,1,0,1,0,0,0,0,1,0,0,0,1,0,1,1,1,0,1,0,0,-0.6101139268742088,0.39297110717866734,-0.5826379012189261
2153,2,0,0,1,1,0,0,0,1,1,0,0,0,2,0,2,0,0,1,0,0.1317474137858606,-0.6606837902335521,-0.02198785320943515
2154,0,1,0,0,0,0,0,0,1,1,0,1,0,2,0,0,0,1,0,0,-0.894940091614215,0.05577671748732849,0.16487543381632613
2155,2,2,0,0,0,0,0,0,0,0,0,0,0,1,0,1,1,1,1,0,-0.8975166088398584,-1.4824611877337315,-0.12173610584711461
2156,1,0,1,1,0,0,1,0,0,1,1,0,0,0,1,0,0,1,0,0,-0.2064273157420651,0.37715579015145273,-0.015230954740704392
2157,0,1,1,0,0,0,1,1,0,2,1,0,0,0,2,1,1,0,0,0,-0.8277410116858868,0.54952943984284,-0.15245538257915825
2158,0,2,1,0,0,1,0,0,0,0,1,0,0,2,0,1,0,2,0,0,0.09797857803597604,-0.15260982769282505,-0.8356585791027459
2159,0,0,0,1,0,0,1,0,0,1,1,2,0,2,1,1,2,0,1,1,-0.20249649668512257,-1.143283931538266,0.5116324914885539
2160,0,1,1,0,0,0,0,1,0,2,2,0,1,1,1,1,0,2,1,1,-0.4380080193209923,1.2416203364258802,2.549397351095164
2161,0,1,2,0,1,0,1,0,0,2,0,0,0,1,0,1,0,0,0,0,-0.7481237727596907,-1.3615109424052647,0.036790567481098935
2162,1,2,1,1,0,1,0,0,0,1,1,0,0,1,1,1,0,0,0,0,-0.8692882839611574,-2.6992008921613695,0.3435041917858672
2163,1,1,2,0,0,0,1,0,0,2,2,1,0,0,2,0,1,1,0,0,0.6710245257137469,1.598899044157437,1.6635597073566593
2164,1,2,1,0,0,0,0,0,0,1,2,0,0,2,1,2,1,0,2,0,2.3415718736922937,1.8903646392374416,1.1577560389681898
2165,0,0,0,0,0,0,1,0,0,1,1,0,1,1,1,2,0,0,1,0,-0.16174613531016582,0.29059598798406044,-0.10227772544456018
2166,2,1,1,1,0,0,1,0,0,2,1,0,0,0,1,0,1,1,0,0,0.5640075509367865,0.5233803265586252,-1.013725027873467
2167,0,1,0,0,0,0,0,1,0,1,0,0,0,0,2,1,0,0,1,0,-0.5786256485826882,0.3014605296079987,0.9900495990565545
2168,1,1,0,0,0,1,0,0,0,1,0,0,1,2,1,2,0,0,0,0,-0.7240141736395707,-0.8105453896347561,-2.7498935458320797
2169,1,0,0,0,0,0,1,0,0,2,1,1,1,0,0,2,1,1,0,0,-0.029256474041521964,0.9298512342092122,0.9307462108838521
2170,1,0,1,1,0,1,0,0,0,1,1,0,1,2,0,0,0,1,1,0,0.8982763226554291,-0.25986743149054636,-1.2480315637036299
2171,1,0,0,0,0,1,0,0,0,1,1,0,1,2,1,2,1,0,1,0,1.490162329507505,0.508105258513697,1.4701846887522927
2172,0,0,0,0,0,0,1,0,0,1,1,0,0,2,1,1,0,0,1,0,-1.566816408580417,-0.950098779646048,-1.33860925650146
2173,0,1,2,1,0,1,0,0,1,0,0,1,0,1,1,2,1,1,1,0,-0.16988743812663518,-1.5384723957253001,0.6710465950258663
2174,0,2,0,0,0,1,1,0,0,1,2,1,1,0,2,0,0,1,0,0,0.5762169191436031,0.0861161848577564,-0.17912635718393705
2175,1,0,0,1,0,1,0,0,0,0,1,1,1,1,1,2,1,0,0,0,-0.07742789095548326,0.18116501344043412,1.0108787485743018
2176,1,1,0,1,1,0,1,1,0,1,1,0,1,0,0,1,0,2,0,0,-0.37442598541375227,0.36346630484097087,0.08599760128665745
2177,0,0,1,1,0,1,1,0,0,2,1,0,1,0,0,1,0,1,0,0,1.2753529207763612,1.0689588029207577,2.10850739621951
2178,1,0,0,0,0,0,0,0,0,1,0,1,0,0,1,1,1,1,0,1,-0.09338173630384518,0.7092191538937481,-1.0442068693320916
2179,1,0,0,0,0,0,0,1,0,1,0,0,1,0,1,1,0,0,0,1,0.45213949958785665,0.2646871647177049,-0.27334592217385495
2180,0,1,1,0,0,0,2,0,1,1,2,0,0,0,2,1,1,1,0,0,-0.10644448521402665,0.09277790353068012,0.8397608616802289
2181,0,0,0,1,0,0,1,0,0,2,1,1,0,0,1,1,0,1,1,0,-0.6073655487262889,0.5212387835794103,-0.7843280843807494
2182,0,0,0,1,0,1,1,0,1,2,0,0,1,1,2,1,0,0,1,0,0.46388567097507627,1.7817995389417804,1.0315575375668777
2183,0,1,1,0,0,0,1,1,0,0,1,1,0,1,0,1,0,0,0,0,0.33463548566497997,-1.0755802092830085,-2.3941471583309784
2184,0,1,1,1,0,1,0,0,0,0,2,0,0,2,2,0,1,1,2,0,-1.0587915100832133,0.8980918147169858,1.0886066534415504
2185,1,0,2,0,0,0,0,0,0,0,1,0,0,2,0,0,0,2,2,0,1.0036907882823065,-1.5257347499257836,0.842699698132161
2186,0,1,1,2,1,0,2,0,0,1,1,0,2,0,2,1,0,0,0,0,-0.5835511800958268,-0.9282255746870474,0.7749275795441515
2187,0,1,0,0,0,0,1,0,1,1,1,0,1,0,1,1,0,1,0,1,1.9550218547606675,0.9682015987456843,0.7840773353425011
2188,1,0,0,0,0,2,1,0,0,2,0,0,1,1,0,1,0,0,0,0,-0.22352523863293114,-0.5651799553269851,-1.4359403486653828
2189,2,2,1,0,1,0,1,0,0,0,0,0,1,1,1,1,0,1,1,0,0.9684389717499698,-1.2720490256577484,-1.0120726233947812
2190,1,2,1,0,0,2,0,0,0,1,1,0,1,2,0,1,0,0,1,0,0.46856335604919086,-1.2483527430792232,1.012615791004236
2191,0,0,1,0,1,1,0,0,0,1,0,0,0,0,1,0,0,0,2,0,0.059542205654774034,-0.9145985904511871,-0.44998148200919497
2192,1,2,0,0,0,1,1,1,0,2,0,0,0,1,0,1,1,0,1,0,0.656849122193474,0.35401791131555227,1.240841958709487
2193,2,2,0,0,0,0,0,0,0,0,0,0,0,0,1,1,1,1,1,0,-0.8561244246581525,-1.9503451258015854,-0.4648171206582755
2194,2,0,0,0,1,1,1,0,0,2,0,0,0,1,0,1,1,0,0,0,1.4964127472775497,1.1128582529291449,2.1885820411497723
2195,1,1,1,1,0,1,1,0,1,1,1,1,0,1,0,1,0,0,0,0,1.5806496707199236,0.6529399135537066,0.1018253252943232
2196,0,0,0,0,1,0,1,0,1,1,1,0,0,1,1,0,0,0,0,0,-2.3531054209661715,-0.46253338821753365,-1.1484844635109226
2197,1,0,1,0,1,1,0,0,0,2,0,0,1,1,1,1,0,1,0,0,-2.8271623151247627,-2.236319209246152,0.3416351259291641
2198,1,2,1,0,2,0,0,0,0,0,0,1,1,1,1,1,0,1,0,0,1.025349494198092,-0.6113785644718982,-1.9257869159656233
2199,2,1,1,1,0,0,1,1,0,1,2,0,1,2,2,1,0,2,1,0,0.7108052018712796,1.1671644158785204,1.9951546927499888
2200,2,1,1,1,0,0,0,1,0,2,1,1,1,1,1,0,0,0,1,0,-0.04976267920508498,1.4796068939268863,1.9239911058773302
2201,2,1,1,0,0,0,0,0,0,0,0,1,1,1,2,1,1,0,0,0,2.2177532989907025,-0.053612895887670375,0.2096837297676084
2202,2,1,1,1,0,0,0,0,0,1,0,0,1,0,1,1,2,1,0,0,-1.6787431741703434,-2.4609145479631582,-1.6447966322148224
2203,0,1,0,0,2,1,0,0,2,1,1,0,1,1,1,1,1,0,1,0,-0.05030355915500651,-0.9178228596770233,-0.4658316862112225
2204,1,0,0,0,0,0,0,0,0,1,0,0,0,1,2,1,1,0,0,1,-1.7309928981818028,-0.31973571800229517,-1.6391291401894246
2205,1,1,1,0,1,1,1,0,0,1,1,1,2,1,1,2,0,0,1,1,2.1848945760350214,0.7800831819208152,0.5836430333751799
2206,1,0,1,0,0,2,0,0,0,1,1,0,0,1,1,0,0,1,0,0,-1.9461942613591907,-0.7377314570261381,-1.630180105343013
2207,0,1,0,0,0,1,0,0,0,2,1,0,0,0,1,0,1,0,1,0,-0.8448305395094019,1.131292923955765,-0.5517755868334461
2208,1,1,0,0,0,0,1,0,0,0,1,1,1,1,0,0,0,1,2,0,0.5806670884595735,-0.7267780469837742,-1.0336593472494997
2209,1,0,2,0,0,2,1,0,0,0,2,0,0,2,1,1,1,0,1,0,1.1872828909324256,1.473642259424561,1.3990565402422268
2210,0,2,0,0,0,0,2,0,0,0,1,0,1,0,0,1,1,1,1,0,-1.1976437270566385,-1.6802540909974062,-0.08518007143842465
2211,1,1,0,0,0,0,0,0,0,2,0,0,0,1,1,1,2,0,0,0,-0.5133927600441306,-0.8663263415020297,1.162094572889214
2212,0,0,1,0,0,0,0,0,0,1,1,2,0,1,1,1,0,2,1,0,-0.3735547941058197,-1.1971103665990381,1.5309320068799357
2213,0,2,1,1,0,1,0,0,1,1,0,0,1,0,1,1,0,0,0,0,0.6530118345750663,-1.260178123411608,1.6911759830748738
2214,2,1,0,0,0,0,1,0,0,1,1,0,0,1,1,1,0,0,2,0,0.677235534029127,0.2349260499019086,0.21096564090993022
2215,1,0,1,0,0,0,1,0,0,2,1,0,0,2,0,0,0,1,0,0,-1.9866960577861723,0.7485042745273084,-0.5095288285939767
2216,0,2,0,0,0,0,1,0,1,0,0,0,0,1,0,1,0,2,1,0,1.1233936160586047,-0.24268834263852163,-0.2698110444318805
2217,0,0,0,1,0,0,0,0,0,1,1,0,0,2,1,1,1,0,0,0,1.2601014679611797,0.37534052400932605,1.0429747509836227
2218,2,2,1,0,0,1,0,0,0,1,0,0,1,1,1,1,0,0,1,1,1.8223639110635668,1.8444648330549762,1.9541858089759598
2219,1,1,0,2,1,0,0,1,0,0,0,0,1,1,1,1,1,0,0,0,0.25620793085815896,-2.758504029271957,-0.11290091249937773
2220,1,0,1,0,1,0,0,0,0,2,0,1,0,2,1,1,0,1,1,1,-0.3913001985711196,-0.01482195775617209,-0.7826759811684482
2221,0,2,0,0,0,1,2,1,0,1,0,0,0,2,1,1,1,0,0,0,-0.20323620289220526,-1.722525884513601,0.1422038110773848
2222,1,0,0,0,0,1,0,0,1,1,1,1,1,0,1,0,1,1,0,0,0.7767386839032365,-0.1520809174213359,1.710442948698037
2223,1,1,1,0,0,1,0,0,0,1,0,1,0,1,0,2,1,0,0,0,-1.9361907369972844,-0.9347272642389401,-1.249122528806701
2224,1,1,1,1,0,1,1,0,0,1,1,0,0,2,0,0,0,1,2,0,1.4589247401937036,1.0941963596249904,1.7960801914944706
2225,0,1,1,1,0,0,1,0,0,1,0,0,1,0,1,2,1,1,1,0,0.8147551538727927,-0.324377624866747,-1.0041383496702283
2226,1,1,0,0,0,0,1,0,0,2,1,0,0,1,1,1,1,0,0,0,0.6487510158385629,1.0258437118077355,2.4875175418276747
2227,0,0,0,0,0,1,0,0,0,1,1,0,1,1,1,0,0,0,1,0,1.1064056254843426,1.728948415869608,1.4646105854557427
2228,0,0,0,1,0,0,1,0,0,1,0,1,1,0,2,1,0,0,0,0,-1.253248502530356,-0.7218572819650807,0.2720795003552367
2229,2,0,1,1,0,0,0,0,0,1,1,0,1,0,2,1,0,0,0,0,-0.040646896424233275,0.13005683945649402,0.5166440935113719
2230,1,1,1,1,0,0,0,0,1,2,1,0,1,0,0,1,1,0,1,1,-0.33987726729843637,0.2318849704090508,0.8768410695454705
2231,2,0,0,1,1,1,0,0,0,2,0,1,1,2,2,1,0,0,0,0,-0.8474823163893522,2.047037581304315,2.6112378436092936
2232,1,1,2,0,0,0,0,1,0,2,1,0,2,1,1,0,0,1,1,0,-1.1528809445485262,-1.373444191139862,-0.2556876890173054
2233,1,1,0,0,1,1,0,0,0,1,0,1,0,0,0,0,0,0,1,0,0.680994352865168,0.19265287754683427,0.7083414311826102
2234,0,0,1,0,1,1,2,0,0,0,1,0,0,0,1,0,2,0,1,1,0.712621129596168,1.5824935259529107,2.082457302619023
2235,1,0,1,0,0,1,1,0,0,1,0,0,1,2,0,1,0,2,1,0,-0.15538668106974973,-0.03332461163082788,-0.2470566545424736
2236,1,1,1,0,0,1,1,0,0,0,0,1,0,0,1,1,0,1,2,0,-0.5600141453054173,-0.858294465541158,-1.531170989271556
2237,0,1,1,0,1,1,0,0,0,0,1,1,0,1,1,2,1,1,0,0,0.1911198326436055,0.008510756332989311,0.3866118457434272
2238,1,1,1,0,1,0,0,1,0,2,2,0,1,0,0,1,1,0,1,0,0.6766469175288269,0.8036222840850351,1.573761943518801
2239,0,0,0,2,0,0,0,0,1,0,0,0,2,2,0,1,0,0,0,0,0.08239098465824043,-0.28491820714867283,1.377133314058411
2240,1,1,1,0,0,0,0,0,0,1,1,1,0,0,1,2,1,0,1,0,0.1817894424071044,-0.33320859355419746,0.5947364982089128
2241,1,1,0,0,0,0,1,0,0,0,2,0,1,1,0,1,1,0,0,1,-0.7241768021684666,-1.4733722048496753,-0.5724235890791312
2242,0,2,0,1,0,1,1,0,0,2,1,0,0,1,2,0,0,1,0,1,-1.4165847120298627,-1.7869170493114264,-1.113557347764518
2243,1,1,1,0,0,0,0,1,0,1,0,0,1,1,2,2,0,0,2,0,1.0906658026642257,0.21456470836010477,1.6146330916869867
2244,0,1,1,0,1,0,0,1,0,1,1,0,0,1,1,0,0,1,2,0,1.8643234821970418,0.20265457114662638,-0.38371801973278685
2245,1,2,2,0,0,1,1,1,1,1,0,1,0,0,2,1,0,0,1,0,0.4930610117265764,0.21035236053854925,1.7097507866596064
2246,1,0,0,0,0,2,0,0,0,2,0,0,1,1,0,0,0,1,0,2,-1.2126277684692703,-0.17460388973249008,-0.05768766309232176
2247,0,0,0,1,0,1,0,0,0,1,0,0,1,1,1,1,0,0,1,0,-0.12988599793803138,0.6345631154101979,-0.08818079141642796
2248,1,0,0,0,1,1,0,0,0,2,1,0,0,2,1,2,0,1,0,1,0.462156420756828,-0.3113576622159036,-0.10281593020891297
2249,1,0,0,0,0,0,1,0,0,2,0,0,2,0,2,1,0,0,0,0,-0.13988749099690553,-0.5786789347282515,-0.3023430389887918
2250,0,1,0,1,0,2,1,0,0,2,0,0,0,2,0,0,0,2,2,0,-0.952321152024063,0.18909686592378613,1.8372072040833576
2251,2,2,0,1,0,0,1,0,0,0,2,0,0,1,1,1,0,1,1,0,-1.018816530940922,-0.4737138430888154,-1.1336160832000792
2252,1,2,0,0,0,1,0,0,0,2,0,0,0,0,2,2,0,0,1,0,-0.2279458356048297,1.1745346041125853,-0.6122463384740949
2253,0,1,0,1,0,0,0,0,0,1,0,0,0,1,0,0,0,1,1,0,-0.1736906000191375,1.7543236884993347,0.1177154172225029
2254,1,0,0,0,0,1,1,0,0,1,1,0,0,1,1,1,1,0,1,0,0.08452930665246743,0.49357637082276173,2.138652091172288
2255,1,0,0,0,0,0,0,0,0,0,0,1,1,2,1,1,0,0,2,0,0.8311104656901829,-0.24580206934897963,-0.4466387119049877
2256,0,1,0,0,1,1,1,0,0,2,1,1,1,2,0,0,0,0,2,0,0.6768745337728279,0.6023296566296481,0.2242906096828831
2257,1,0,1,0,0,0,2,0,0,0,1,0,0,1,2,1,1,1,1,0,-1.5724954942077696,-1.7473829300943255,0.8987183107969514
2258,1,1,0,0,0,0,0,1,0,1,1,0,0,1,1,0,0,1,1,1,1.7346740193511938,0.49503933533086064,0.9431513618467123
2259,2,1,1,1,0,1,0,1,0,2,1,0,1,0,1,0,2,0,0,0,1.8218091492188495,0.9071775352692372,0.6386329367747599
2260,1,1,0,0,0,0,0,0,1,2,1,1,0,1,1,1,0,2,1,0,-0.1240807849808907,1.208428603920829,-0.1925341068572215
2261,1,2,0,1,0,0,1,0,0,0,0,0,0,1,0,1,0,1,1,0,-1.0052730891631487,-1.6244181541731542,-1.7954039847848637
2262,0,1,1,0,0,2,0,0,1,2,1,0,0,0,2,0,0,0,1,0,0.7862292064656486,0.890601638966833,0.1554495821692395
2263,1,1,0,0,0,1,0,0,0,1,1,0,1,2,0,1,1,0,1,0,-2.2299943856075153,-0.6104754972141677,-1.754770445536321
2264,2,1,1,0,0,0,1,0,0,1,0,0,1,1,2,2,1,0,0,0,-0.06793899019633809,0.9409568302211596,2.7119393811426766
2265,1,1,0,0,1,0,0,0,0,0,2,0,0,1,1,1,0,0,0,0,1.6285565421782349,0.09998861072930323,1.5255362614082701
2266,0,1,1,1,0,0,0,1,0,2,1,0,1,0,1,1,0,0,1,0,0.8149476804049214,1.3918850883007885,1.4064799862130615
2267,0,0,1,0,0,1,0,0,1,1,2,0,0,2,1,2,1,1,0,1,0.19215970930261403,-0.6923066711222818,0.511770258642905
2268,1,1,1,0,0,0,0,0,0,0,1,0,0,1,0,0,1,1,0,0,0.5594764668451121,0.49172780013403006,-0.7652257882765261
2269,0,1,2,0,0,0,1,0,0,1,1,0,0,1,2,0,0,0,1,0,1.8144402962637478,1.5924179648972845,-0.049469697637507304
2270,0,0,0,1,0,0,1,0,0,0,0,0,0,0,0,1,0,0,1,0,-0.954110267067988,-0.6395326595881443,-1.8480151796793167
2271,1,2,1,1,0,2,0,0,0,0,1,0,1,1,2,0,1,1,1,0,1.2850529503802413,-0.3844983763574231,-0.03510506712036432
2272,1,0,0,0,0,1,0,0,0,1,1,0,1,0,1,0,0,0,1,0,-1.4190074332083045,0.09671979017234165,-0.4338066605267165
2273,1,1,2,0,0,0,0,0,1,1,1,1,0,1,2,2,1,0,0,0,-0.28673216321435424,1.019455175517031,1.0200092973603478
2274,1,1,0,0,0,1,1,1,0,1,1,1,1,2,2,1,1,0,1,0,0.2852885318059368,-0.37494159392067006,-2.032124896897654
2275,1,1,1,1,0,0,1,0,0,1,0,1,0,0,0,0,0,0,1,0,0.12314010139618406,-1.2477304244957312,-1.088092874602104
2276,0,1,1,0,0,0,1,0,0,1,0,0,0,0,1,2,1,1,1,0,1.6574727826620934,0.9844704401443451,0.8881949791365525
2277,1,0,0,1,0,1,0,0,0,2,0,0,1,0,1,2,0,0,0,1,-1.0228745835380146,-0.5286812311648003,0.03434813952250276
2278,0,0,0,0,0,0,0,0,1,2,2,0,1,1,1,2,0,0,1,1,0.023597761417112263,-0.1605320960582302,0.34417327566685435
2279,0,0,1,0,0,0,1,0,0,0,1,0,1,0,1,0,0,1,2,0,1.1295516608489677,1.4079769785833443,2.002339006701676
2280,1,1,1,1,1,1,0,1,0,1,0,0,0,1,0,1,1,0,1,0,1.1651813274719942,0.4281733916645036,0.5868020576230166
2281,1,0,1,0,1,1,1,0,0,1,2,0,1,1,0,0,1,1,0,1,1.7655040268888702,0.34558330907579043,1.1499424114817667
2282,1,0,0,0,0,1,0,1,0,1,0,0,1,2,1,1,0,0,1,0,-0.6931970261993439,-0.6844355568927685,-0.35159475452889827
2283,1,2,1,1,0,1,2,0,0,1,1,0,0,1,2,0,1,1,2,0,1.2034683262060166,0.1595380402734491,1.6782833450271113
2284,2,1,0,0,1,0,1,0,0,1,0,1,0,0,0,1,0,0,1,0,-0.11410860034186569,0.4222796129093534,0.11880974606954922
2285,0,1,1,0,0,1,2,0,0,0,1,1,0,1,1,1,1,0,2,0,-1.9150560619432726,0.015400713969617286,0.10786893303622247
2286,1,0,0,0,0,0,1,1,0,2,0,1,1,1,0,1,2,1,1,0,-1.6384563036231936,-1.6469232837710566,-1.956187938745818
2287,0,2,1,0,0,1,0,0,0,1,0,0,0,1,1,1,0,0,2,0,0.4004691229984096,-2.2235782435248588,-1.1142600402539888
2288,0,1,0,0,0,0,0,0,0,1,1,1,1,1,2,0,0,1,0,0,0.19281291506357248,-0.01607159041694098,-1.5233573005840872
2289,1,1,0,1,0,0,0,0,1,2,1,0,0,0,1,2,0,1,0,0,-0.6793350939277648,0.02452442566495877,-0.5245019516044278
2290,0,1,1,0,0,0,0,0,0,1,1,0,1,0,0,1,0,0,0,0,0.8059716110013172,-1.3053568729999678,1.2943948756121024
2291,1,0,0,0,0,0,0,0,0,0,1,0,1,2,1,0,0,1,1,0,0.1429070091370834,0.7385635071673269,1.142282564670957
2292,1,1,0,1,0,0,1,1,0,1,0,0,1,2,0,2,0,0,1,0,-0.6267738013763992,0.8311879715750183,0.11486313582961263
2293,1,1,1,0,0,1,1,0,0,1,0,0,1,1,0,1,1,0,1,0,0.48196345769277327,-0.7859699160877228,1.2116360280066247
2294,0,1,0,0,0,0,0,0,0,2,0,1,1,2,1,0,0,1,1,0,-1.4448561345007453,-0.5274016885400151,0.807385781582762
2295,1,2,1,0,1,0,0,0,1,1,2,1,0,0,1,2,0,0,1,2,1.0832125545835682,-1.96022554133091,-0.4390312363724803
2296,1,1,0,0,0,0,1,0,1,1,2,2,1,1,0,1,0,0,0,0,-1.2013691633000627,-0.13845100091906087,-1.9823970966250835
2297,1,2,1,0,0,0,1,0,0,1,2,0,0,2,0,2,0,2,2,0,0.34685469210140796,-0.289142613646309,0.4725241161694394
2298,0,1,0,1,0,0,0,0,0,1,1,0,2,1,0,1,1,0,1,0,0.9057902736907367,-0.1759763710043866,1.0548156584537653
2299,1,1,0,0,0,0,1,0,0,2,1,0,1,1,1,0,0,1,0,0,1.4961773803567813,1.1976542642429293,1.323687408088754
2300,0,1,0,0,0,0,2,0,0,0,1,0,1,0,0,1,1,0,1,0,-0.6613532426247167,0.011901672790777251,-1.4169004787254407
2301,1,0,2,1,0,2,2,0,1,0,1,0,2,0,1,1,0,1,1,0,0.4367489264018346,1.4400545573178811,1.2128343737157754
2302,0,1,0,1,0,0,0,0,0,1,0,0,0,1,1,1,1,0,0,0,-1.3465544426687728,0.415042534657329,-1.483367879935505
2303,1,1,1,0,0,1,1,0,0,1,1,0,1,2,0,0,1,0,0,0,0.7592507950004277,0.1518307754857863,0.6567587488483013
2304,2,2,0,0,0,1,1,0,0,2,0,0,0,0,2,0,0,0,0,0,0.888859488024342,0.9030432528687782,0.49099836509615524
2305,0,2,0,0,0,0,0,0,0,1,2,1,0,0,2,0,0,0,0,0,1.512059578156259,0.49955605460156843,-0.1806953530751073
2306,0,0,0,0,0,0,1,0,1,0,0,0,0,1,0,0,0,1,0,0,0.3897434645760084,-0.15299695464291482,0.8602967628440453
2307,1,1,0,0,0,0,0,1,0,0,0,0,0,0,0,1,0,0,0,0,-1.2724508242381605,-1.5562778325616033,-0.8950338652158272
2308,2,1,1,0,0,1,0,0,0,1,1,1,2,2,1,1,0,1,1,0,0.42324624800732824,0.7770577258189819,0.9986571485187044
2309,1,1,0,2,0,1,1,0,0,0,0,0,0,0,2,1,1,0,1,0,-0.17717065298916784,0.3089317100609375,0.6652609691708095
2310,1,1,0,0,0,1,1,0,0,1,2,0,1,2,1,1,1,1,0,0,0.11651523952442644,0.7344614765373078,1.154917931553642
2311,2,1,0,1,0,0,1,0,0,1,0,0,0,0,1,2,1,0,0,0,0.10605309152431878,-0.6440078569365262,-1.7566697756477638
2312,0,1,0,0,0,1,0,0,0,1,1,0,0,1,0,1,1,0,2,0,-0.6125962144613811,-0.21370592528567803,-0.2798783041346192
2313,2,1,0,0,0,1,1,0,0,0,1,0,1,2,1,2,0,0,0,0,0.2637734714631574,1.7036490516546188,2.3044186732409173
2314,2,0,0,0,0,0,0,0,0,0,1,0,0,1,1,2,0,1,2,1,-1.4869546817610277,-1.058126373984027,0.2500434180571903
2315,0,1,0,0,0,0,1,0,1,1,0,0,0,0,1,1,0,0,0,0,-0.7471980681122585,-1.0902334496273447,-1.6486713172054053
2316,1,1,1,1,0,1,1,0,0,1,1,0,0,1,2,1,0,1,1,0,1.55990101164791,0.48630025861396653,1.5203306351714665
2317,1,0,1,1,0,1,0,0,0,1,0,0,0,0,0,2,1,0,0,0,1.3213746318024548,-0.8633642577846696,1.3243171814307717
2318,1,0,0,0,0,0,0,0,0,2,2,0,1,2,1,0,0,0,1,0,-0.5411259318771507,1.05402785256123,0.37487024903776645
2319,2,1,1,1,0,0,1,0,0,2,0,1,0,2,0,0,1,1,0,0,0.5058639247710306,0.35057136653577137,0.12750390293649772
2320,0,1,1,1,0,2,0,0,0,1,0,0,0,0,1,0,1,0,1,0,-0.058367159773187786,-0.19522858577110416,-0.6158844182845519
2321,2,0,0,0,0,1,1,1,0,1,1,0,0,1,2,1,1,1,2,0,2.8709118346438105,-0.20497339006199566,0.5515844561666976
2322,2,0,1,0,0,0,0,0,0,1,1,0,0,0,1,1,0,1,0,0,0.32552512196676503,-0.49818237225514717,0.12734640883702997
2323,1,1,2,0,0,1,1,0,1,2,1,0,0,2,0,0,0,1,1,0,1.3139850059774647,0.41736520874478,1.1406209401683072
2324,2,1,0,1,0,0,0,0,1,2,2,0,1,0,1,1,0,0,2,0,1.8424470033145384,0.03173825934874697,2.869080069149806
2325,1,1,0,1,0,1,0,0,0,1,1,0,0,2,0,1,0,1,0,0,0.10845849457164056,0.6141367777108411,1.4509988804423943
2326,0,1,0,1,0,0,0,0,0,0,1,1,1,2,2,0,2,0,1,0,-1.6711665357277352,0.9865584256514357,-1.2794346604329934
2327,0,2,0,0,0,0,0,0,0,2,2,0,1,1,1,0,0,0,0,0,0.3420792177869311,0.43429260493683974,0.3702035005295224
2328,0,1,1,0,0,0,0,0,0,1,0,0,1,1,1,1,0,1,0,0,0.48879112383904505,-0.2391489766232286,-0.6150090191052855
2329,1,0,0,0,0,0,2,0,0,2,1,0,0,1,0,0,0,0,1,0,0.11322234398368887,-0.5703169499788558,0.31247692022297235
2330,1,1,0,0,0,0,2,0,0,1,1,0,1,2,0,1,1,1,1,0,-0.7856013468231187,0.43540258276987365,1.1778348507874563
2331,1,1,1,0,0,0,0,0,0,1,0,0,1,2,0,1,1,0,1,0,-1.376900489719211,-0.15302837688517845,-0.6257093202430561
2332,1,2,1,0,0,0,0,0,0,1,1,0,2,2,0,2,1,0,1,0,0.9114867247023125,-0.14951409737530402,1.879306959649692
2333,1,2,0,1,0,0,2,1,0,0,0,0,0,2,0,0,0,1,1,0,-0.3411879596128846,-1.8428161207595912,-1.4877435117967959
2334,1,2,1,0,0,0,0,0,0,1,0,1,0,1,0,1,0,1,1,0,0.9646452663064092,-1.472761554967325,0.6792533664249509
2335,1,0,2,0,0,0,1,0,0,2,1,1,1,2,2,0,1,2,1,1,-0.6912674215763429,0.9259061476205733,1.9362145586200046
2336,1,0,1,0,0,0,0,1,0,1,1,0,0,0,1,0,1,1,0,0,0.8222794879111138,0.6814310320322158,-0.44438209502124804
2337,1,0,1,0,0,0,0,0,0,2,1,0,0,1,1,0,0,0,0,0,-1.4368149826244616,-0.8905344426367318,0.16329453823617257
2338,1,0,1,0,0,2,0,1,1,1,0,0,1,1,2,0,0,1,2,0,-0.2122395845948916,0.9813358242440299,-0.6451961765396332
2339,1,1,0,1,0,0,0,1,1,2,0,0,1,1,2,1,1,1,1,0,-0.6118896761693895,0.36390651982312494,1.493473490651612
2340,0,2,0,1,0,0,1,0,0,1,1,0,1,1,0,0,0,0,0,0,-0.3051645777160739,-0.595186765857664,0.3045673988920849
2341,1,0,1,0,1,0,1,1,0,0,1,0,2,0,2,1,0,0,0,0,-1.1591753220057863,0.1543535560828747,-0.19129507814943614
2342,1,2,0,0,0,0,1,0,0,1,1,1,1,1,1,1,1,1,2,0,0.3821850686858922,-0.08304555188424739,-0.42118443268133293
2343,0,2,1,0,0,1,0,0,0,2,0,1,0,1,1,1,0,0,1,0,0.01795314804160417,0.19502306385513396,-1.140590157328754
2344,0,0,0,0,1,1,0,1,1,1,2,0,1,0,1,1,1,0,0,1,0.7895881094189345,0.029382949552022586,-0.14327819349131568
2345,1,0,2,1,0,0,0,1,0,1,0,0,0,0,1,1,0,2,1,0,-1.6072346085463585,-0.3478201134567877,0.3286988783253242
2346,0,0,1,0,0,0,0,0,0,2,1,0,0,1,0,1,1,1,1,0,0.5194363984804156,-0.018650524919184064,1.0469548324137772
2347,1,1,0,0,0,1,0,0,1,0,1,0,0,0,2,2,1,1,1,0,0.5537908752413975,0.8589047795619495,0.8171221909389381
2348,1,1,0,0,0,1,0,1,0,1,1,1,0,1,1,2,1,1,0,0,0.8029424639316839,-1.239095323006884,-0.6764504658844944
2349,1,1,0,0,1,0,1,1,0,0,0,0,0,1,2,0,1,1,0,0,1.277954985840442,-0.9578617162066865,0.32053388501796887
2350,0,1,1,1,0,0,0,0,0,1,1,0,0,2,1,0,0,0,1,0,0.14009945693121773,1.6995875674322745,-0.18443827032333504
2351,0,0,0,1,0,0,0,0,0,2,1,0,0,1,1,0,1,2,1,0,-0.683135964672343,0.23271309931855375,-0.49024408010589604
2352,1,1,0,0,0,0,0,0,0,0,0,0,0,1,1,0,1,0,1,0,-0.9759028379189698,-1.408197907258273,-0.8643071895142858
2353,0,1,1,1,0,1,0,0,0,1,1,0,1,2,1,2,1,0,1,0,0.4629590468852972,0.40655000375778033,0.21492335044587552
2354,1,1,1,0,0,0,1,0,0,1,1,1,1,1,0,1,0,0,2,0,0.9401808232978436,0.9085014640248594,0.2419811360698902
2355,1,1,0,0,0,1,0,0,0,0,0,0,1,1,1,1,0,0,1,0,-0.21784296308786402,-0.9567976977731238,0.1902630409574973
2356,1,1,0,0,1,0,2,0,0,1,2,0,2,1,0,1,0,2,1,0,0.5071051729516993,0.004538902739081835,0.6788087990985999
2357,1,1,2,0,0,0,0,0,0,1,1,1,1,1,1,0,0,0,0,0,1.309530355450863,0.5802359823758844,0.3895362936863034
2358,2,1,1,0,0,1,1,0,0,1,2,1,0,1,2,1,0,0,1,0,-0.44828297413667284,0.5514409127463511,-0.8440720127678006
2359,2,2,0,0,0,0,0,0,0,0,0,0,0,1,2,1,0,1,0,1,-0.8924454656243547,-0.15957086768244716,-1.0219398254980332
2360,2,1,1,0,0,1,0,0,0,1,0,0,0,0,0,0,0,0,1,0,0.30955139858239883,0.075565705761758,0.26022975182365293
2361,1,1,0,0,0,0,0,0,0,0,1,0,0,0,1,1,0,0,0,0,1.5506741186833233,-1.8547346912869365,1.334697373294797
2362,2,1,0,0,1,1,1,0,0,1,1,0,0,1,1,0,1,2,0,0,0.33261642821835047,0.221012556710886,1.9480375010016817
2363,1,1,0,1,0,1,0,0,0,1,0,0,0,0,0,1,1,1,1,0,0.5468958017236103,0.8111040411929464,0.4109290347036914
2364,2,0,1,0,0,1,1,1,0,0,0,1,1,1,0,1,0,0,1,0,0.7823431207383618,0.6145111677738371,1.0461863903636734
2365,1,2,0,1,0,0,2,1,0,2,2,1,2,2,2,0,0,0,1,1,-1.1548070497206744,-0.053746055466406734,1.2755019242180545
2366,2,1,0,1,0,0,2,0,0,2,0,0,0,1,2,1,1,1,1,0,1.376136066358431,0.7456059681196743,3.0308997880246307
2367,0,1,1,0,0,0,0,0,0,0,2,1,0,1,0,1,1,1,0,0,-0.7178117699999417,-0.35045047919798,0.24930116948723868
2368,2,0,1,0,0,0,0,0,0,1,0,1,0,2,1,1,1,0,1,0,0.18904674881502298,0.012627236995680233,0.36493020731236303
2369,0,1,0,1,0,0,0,1,0,2,1,0,1,1,2,0,1,0,2,0,0.31400071920806044,0.7569519414048647,0.06633100380274803
2370,1,0,0,0,0,1,1,0,1,1,1,1,0,2,1,0,0,1,1,0,0.7998068903381593,2.2597742516410015,2.057649691369404
2371,2,0,0,0,0,1,0,0,0,0,1,0,0,1,2,0,1,1,1,0,0.3227768884106329,-2.071958678587273,-0.2576903618641225
2372,0,1,0,0,0,1,1,0,0,1,0,0,1,2,1,0,0,2,0,0,-0.0007410713398250085,-0.8099835202873895,1.6482312185138277
2373,2,2,2,1,0,1,0,0,0,2,1,0,1,1,0,0,0,0,0,0,-0.01760825413439811,-0.8084229178048492,0.5895161454194
2374,0,1,0,1,0,1,0,0,0,0,0,0,0,1,1,1,0,0,0,0,-1.5842699504449498,-1.569980769734042,-0.6465568955677244
2375,2,1,0,0,0,0,1,0,0,0,1,0,0,0,0,1,0,0,2,0,-1.6971246523361447,0.31576059228505093,-0.31851137500243165
2376,0,1,0,1,0,0,0,0,0,2,0,1,0,1,2,1,0,0,0,0,0.5018733195906102,-1.2851665193318518,-0.40071382140304523
2377,2,1,2,1,0,1,1,0,0,2,0,2,0,2,2,0,1,2,1,0,-0.24412393074192207,-0.1955923693497032,-0.418471988243886
2378,1,0,0,1,1,0,0,0,0,2,1,1,0,1,0,1,1,2,0,0,0.1998192108885154,0.21135175599903955,-0.2525068443477498
2379,1,1,1,1,1,1,0,0,0,1,0,0,2,1,2,1,1,0,1,0,-0.8962860463250119,-0.8778229981331851,-0.741730141562758
2380,1,1,1,0,0,1,0,0,0,1,1,0,1,2,1,2,0,0,2,0,-0.20050638120939454,0.4295029372592474,-0.19642330677868503
2381,0,1,0,0,0,0,0,0,0,1,1,1,1,1,2,1,0,0,2,0,1.371724773438387,-0.5706920461374203,-0.2680260244247541
2382,1,1,1,0,0,0,0,0,0,1,2,0,1,1,1,2,0,1,1,0,-1.4216196604688143,1.845292863869068,1.9560203502289355
2383,1,2,0,0,0,0,1,0,1,0,1,1,1,1,0,1,1,0,1,0,0.1911031704464081,-0.15901888592087862,-0.24551734821831359
2384,2,0,1,0,0,0,1,0,1,1,1,0,1,0,2,1,1,0,1,0,2.2044450580463173,0.5141970533648346,-0.6232716230969366
2385,1,2,2,0,0,0,1,1,0,2,1,0,0,1,1,1,0,1,1,1,-0.6459079339977649,-2.49628016698924,1.1448553159524453
2386,0,1,0,0,0,0,0,0,1,0,1,1,0,2,2,0,0,0,0,0,0.6141767334402563,1.6731563906674465,1.7280866930940362
2387,0,1,0,1,0,0,0,0,0,1,1,0,0,2,1,1,1,1,0,0,1.357056753914665,0.3867058150384047,1.9665537830708697
2388,1,0,1,1,0,0,1,0,0,0,1,0,1,2,0,1,0,0,2,1,-1.5717624173390077,-1.518271670652908,-1.2962571108397678
2389,2,1,0,0,0,0,0,0,0,2,2,0,0,1,0,0,0,1,1,0,-0.8437735144727411,-0.722600329455425,-1.488227285077146
2390,0,1,1,0,0,1,0,0,0,2,1,0,1,1,1,1,0,1,0,0,0.4911024983286742,0.6350897211245157,1.2350259141012792
2391,0,0,0,0,0,0,1,0,0,2,1,1,0,2,2,2,1,0,1,0,1.0125254545195383,1.8473529757550309,1.1518535056776766
2392,1,1,0,0,0,0,0,0,0,0,0,0,1,0,1,2,0,1,2,0,-0.09418960815042816,-0.6078749272572709,-1.2548328252390508
2393,1,1,1,1,1,0,0,0,1,1,1,0,1,0,0,1,0,0,0,0,-1.6886044408346819,-0.22185706678713035,-0.6228846205769596
2394,0,1,0,0,0,0,1,0,1,0,2,1,0,1,2,0,1,0,0,0,1.0138487075726073,-0.15960921151022323,-0.2306554581148017
2395,1,0,1,1,0,0,0,0,1,2,0,0,2,1,1,1,0,0,0,1,0.16288435777482713,0.7410293162535422,1.0612475544968807
2396,0,1,0,0,0,1,0,0,0,1,1,0,0,1,0,1,1,0,1,1,-0.772051331221585,-0.21823086960619376,-1.2985809056524837
2397,1,2,1,0,0,1,1,0,0,1,1,0,0,1,0,1,1,1,0,0,-1.114198600487817,-1.1901841474783503,-1.4942697897473658
2398,0,2,0,0,0,1,0,0,1,1,1,0,0,2,2,1,0,0,2,0,-0.2581906306939359,0.37131904279734196,2.5240379217303097
2399,2,1,1,0,1,0,0,1,0,0,1,0,0,2,1,1,0,2,1,0,0.19102834427315804,1.0215953081921976,1.6304585875348057
2400,0,1,1,1,0,0,0,0,0,1,0,0,0,2,2,1,0,0,1,0,0.13718535975561866,1.4663207709375445,-0.33405255152785973
2401,0,2,0,0,0,0,0,0,1,1,2,0,0,2,0,0,0,0,2,0,0.42177429461870686,0.6525217756919975,0.8861578423759574
2402,1,1,1,0,0,1,0,0,1,1,0,0,0,2,2,2,0,0,2,0,0.7774767474318081,1.425062892311236,0.6354345778030105
2403,2,2,0,0,0,0,1,0,0,2,2,0,0,1,1,1,0,0,0,1,-0.3568598294714237,0.14957249080000898,0.6221508625150067
2404,1,2,1,0,1,0,0,0,0,1,1,1,0,1,0,0,0,0,0,0,0.9950220696816164,-0.41957833253730964,0.6748764974335872
2405,0,0,1,0,0,0,1,1,0,0,1,0,0,1,1,1,1,0,1,0,0.9342178653755215,-0.3693935939886431,0.5845392830920584
2406,1,1,2,0,0,0,0,0,0,1,1,0,0,1,0,1,0,0,0,1,-1.471872132837082,0.04636027562708611,-0.6128101127603093
2407,1,1,0,0,0,1,1,0,0,1,1,0,0,1,0,1,0,0,1,0,-0.12634142875569135,-0.8766687848253326,0.4609039066003202
2408,1,0,1,0,0,1,1,0,0,0,1,0,0,0,0,0,0,2,1,1,0.38104474319425874,-0.1945119214967858,0.861723305431364
2409,1,2,0,1,0,1,0,0,0,1,0,0,1,2,1,0,0,0,0,0,0.01001915615967098,1.5541763538967843,0.8360308664938046
2410,2,0,1,1,0,1,1,0,0,1,1,0,0,2,0,0,1,0,1,1,1.9664301530311825,0.9544848023565483,0.8095431515912124
2411,0,2,1,0,0,1,2,0,0,1,0,1,0,1,1,1,0,0,0,1,-1.0671631771927006,-0.439851271666042,-1.5973299660022031
2412,0,1,0,0,0,0,0,0,0,1,1,2,0,0,1,2,0,0,2,0,1.06559728901611,-0.5734255506765733,0.873510686030027
2413,1,0,0,1,0,2,1,0,0,0,1,0,1,1,1,0,0,1,1,0,0.46953075990699417,-1.7484683520104778,-1.164866544482046
2414,0,2,1,0,0,0,0,0,0,2,1,0,1,1,0,2,0,0,1,0,0.010890057172358662,-0.4324096054156528,0.9284134306723287
2415,2,0,2,0,0,0,0,0,0,0,1,0,0,1,2,0,1,1,1,0,0.49890907306496796,1.27998555507344,0.0056432094269738275
2416,2,0,1,0,0,1,1,0,1,2,0,0,0,1,2,0,0,0,1,0,-0.6479556916313387,0.11513926912325978,-1.2287566553490554
2417,1,0,0,0,0,1,0,0,0,2,0,0,0,2,1,0,1,1,1,1,-0.6327988931255829,2.323091381333218,1.303908556452261
2418,0,1,0,0,1,0,0,0,0,2,2,0,0,2,2,0,0,1,1,0,2.927218966607785,1.0625141126489035,0.7042841074609238
2419,1,2,0,1,0,0,1,0,0,1,2,0,0,1,0,0,0,1,1,0,1.6846016710595164,0.2255541354715968,1.3603949427625095
2420,2,0,1,1,0,0,0,1,1,1,0,0,0,1,2,1,1,0,1,0,1.024142225996862,-0.33414406081667636,0.656127497134089
2421,1,1,1,1,0,1,0,0,0,2,1,0,0,1,2,0,0,1,0,0,-0.8006935198472629,-0.11099079639541398,-0.7225361173599703
2422,0,0,1,0,0,0,1,0,0,1,2,0,1,1,2,0,0,1,1,0,-0.2624277352330234,1.8026179200762895,1.453869682848302
2423,2,0,0,0,0,0,0,0,0,2,1,1,0,0,0,1,1,2,1,1,0.6417711751668893,0.4045332447737783,1.115553886996174
2424,1,1,0,0,0,0,0,0,0,1,1,0,1,2,0,1,2,0,2,1,0.03144882478876444,-0.009573239389007483,0.7741073035599451
2425,0,0,1,0,0,0,0,0,1,1,1,0,1,0,1,1,0,1,2,0,1.528073951557967,0.8080444819801482,0.0896928103460558
2426,1,2,0,0,0,1,0,0,0,0,0,0,0,0,0,1,0,0,2,0,0.052839457271726564,0.7538479679322775,0.6747310793197734
2427,0,1,2,1,0,0,0,1,0,2,0,1,0,0,2,1,1,2,1,0,1.2085592239275353,0.40404955779504037,0.9682207709838146
2428,1,2,2,0,0,0,0,0,0,2,2,0,1,0,0,1,0,2,1,0,-0.3722346182892297,0.41076664456525047,0.5249609376918398
2429,2,2,0,0,0,0,0,0,1,1,0,2,1,0,0,0,1,1,1,1,-0.2968443215091251,1.0920488152146843,0.8262578152087015
2430,2,1,1,1,0,0,1,0,0,0,1,1,0,1,1,1,1,1,1,0,0.5447730422797554,-0.22010352607184605,-0.5444787699292902
2431,1,1,1,0,1,0,0,0,2,2,1,0,0,1,1,1,0,0,0,0,-1.3638007294875167,-1.8206692913434703,-0.43588360455729036
2432,0,1,1,0,0,0,1,0,0,0,1,0,0,1,1,1,0,0,1,1,-0.7790406881805346,-0.5472838711011075,0.06730305119988422
2433,1,1,1,0,0,0,1,0,0,0,1,0,1,2,1,2,1,0,1,0,0.19230940078153763,-0.937295030476212,-0.8561800741935282
2434,0,0,0,1,0,0,0,0,0,0,1,0,0,1,2,0,0,1,1,1,0.5526917311128595,1.350175165651785,2.6680444903753324
2435,2,1,1,0,0,0,1,0,0,1,0,0,1,0,2,0,1,1,1,0,-1.4234334142628422,-0.15831076055809187,0.6915581153420729
2436,1,0,1,1,0,0,0,0,0,1,0,0,0,2,1,0,1,0,2,1,-0.1417544944068905,0.6087857831313217,-0.45213779525411024
2437,1,2,0,1,0,0,0,0,0,2,2,0,0,0,2,0,1,0,0,1,0.18183241784476112,-0.9856680925083586,-1.0963269113185852
2438,2,1,0,0,0,0,0,0,0,1,1,0,1,2,2,2,0,2,1,0,1.553471763415628,-0.36515079637096515,0.5432279046421435
2439,1,1,0,1,1,0,2,0,0,2,1,0,1,2,2,2,0,0,0,0,-2.212695382515694,0.4217701643717582,0.7200119547395936
2440,1,1,0,0,0,0,1,0,0,2,1,1,0,2,1,1,0,0,1,0,-0.6373133474524382,-2.042753495117032,-0.8984884936580679
2441,1,1,2,0,0,0,0,1,0,1,1,0,0,2,0,1,0,0,1,0,-1.069146746497998,0.41905858861958767,1.0350606112099279
2442,0,1,2,1,0,2,0,0,0,0,1,1,1,1,0,1,1,1,1,0,-0.9346048748650717,0.7708004754615781,-0.5751219136451455
2443,0,1,1,0,0,0,0,0,1,1,2,1,1,0,2,0,0,2,2,1,0.48385575367134104,1.9926274576393443,1.0275218383896274
2444,1,1,1,0,0,0,0,0,0,0,0,0,0,1,1,1,0,1,0,0,-1.0837325984552477,0.8397851902518139,1.0112340369437127
2445,0,2,0,0,0,0,0,0,0,1,0,0,1,0,2,1,0,0,1,0,0.5817934082363401,1.691103964401432,1.3597427281781558
2446,2,1,1,0,0,1,0,0,0,1,0,0,1,0,0,1,0,2,0,0,-1.2727290006585745,-2.428240257916175,0.8534246988631061
2447,2,2,0,1,0,0,1,0,0,2,2,0,0,0,1,1,0,2,0,0,-0.05257034955217175,0.022544080645898523,0.08400511394235036
2448,0,0,0,1,0,1,0,0,1,1,1,1,0,1,1,2,0,0,1,0,0.2171773963196399,1.1154571632139032,0.48242427585000547
2449,1,2,0,0,0,0,1,0,0,0,1,0,1,1,0,1,0,1,1,0,-0.08446225022290159,-1.0343480820846354,-0.6632414912643484
2450,0,0,0,0,0,1,0,0,0,1,1,1,0,2,0,2,1,1,1,0,-0.15531051210692162,-0.0804513521941776,0.9278922181181068
2451,0,1,0,0,1,0,0,1,0,1,0,0,0,2,2,1,1,1,1,0,1.2619848591376301,-0.3974199210618574,2.517806405773257
2452,1,0,0,1,0,2,1,0,0,1,0,0,2,2,0,1,1,1,0,0,-0.08290098538558961,1.4743212615873995,2.076097337797367
2453,0,0,2,0,0,0,1,0,0,2,0,0,1,1,0,2,1,1,1,0,0.7850318889688193,0.5201627887711326,-0.877051213282126
2454,0,0,0,1,0,0,1,0,1,2,1,1,0,2,0,0,0,0,2,0,0.4691321951064633,0.928450559209475,0.12691084811412456
2455,1,1,1,0,0,0,1,0,0,0,1,2,0,1,0,1,1,0,0,0,1.5092179167731272,-1.5968447602778815,-0.7093367755280775
2456,2,1,0,1,0,1,2,0,1,1,0,0,1,1,1,1,1,1,0,0,-0.3184289056372845,0.9648435688309783,0.4025634031730653
2457,1,2,0,1,0,1,1,0,0,1,1,0,0,1,2,1,0,1,0,0,0.2541618108340518,-0.07404434462051354,0.3811993698183022
2458,1,0,0,0,0,0,1,0,0,0,0,1,0,0,0,0,1,0,1,0,-1.6914484634239184,0.3751352462837121,-1.3699732078135765
2459,0,0,0,0,0,0,0,0,0,2,0,0,0,1,1,2,0,0,1,1,-1.4176181687154512,-0.9294366129923504,-1.166920834449046
2460,1,0,0,0,0,1,0,0,0,0,1,0,1,1,0,1,0,0,1,0,1.6593139416668552,-0.7526939259532938,2.7320488854391867
2461,1,0,1,0,0,0,0,0,0,1,1,0,0,1,1,1,0,1,0,0,0.7340615927770644,-0.28070060883911874,-0.8102850523754042
2462,1,1,2,1,0,0,1,0,0,1,2,0,0,2,2,0,1,0,0,1,1.1367460980769828,0.8678114976401216,0.8554345707595237
2463,0,1,2,1,1,0,0,0,0,2,1,1,1,2,1,0,0,1,0,0,1.7614470298996665,0.4068568297967925,1.630896191764779
2464,1,2,1,1,1,0,0,0,0,1,1,1,1,1,0,2,0,1,1,0,0.10772277390296739,0.4823043926667653,-0.4027485409008597
2465,1,1,2,0,0,1,0,1,0,2,1,0,1,0,0,1,1,1,1,0,-0.8937868623603198,-0.02920804472011039,0.12090862146178799
2466,0,2,1,1,1,0,1,0,0,0,1,0,0,0,0,0,0,1,0,0,-0.05857250423589805,0.08514949971351848,0.19061667458920364
2467,0,1,1,0,0,0,1,0,0,2,0,0,2,1,1,2,2,1,0,0,1.208550290731353,-0.040149501715256136,-0.79533401329786
2468,1,1,2,0,0,1,2,0,0,0,1,0,0,1,2,1,2,0,1,0,-0.3644540843903191,-2.912124177913858,0.2581885998757328
2469,0,1,1,0,0,1,2,1,0,2,1,0,0,0,2,0,2,1,0,1,-1.1649843717498498,0.5603319117536164,1.2688137543636357
2470,1,0,0,0,0,0,0,0,0,1,1,1,2,0,1,1,0,0,1,0,3.0742421388930197,0.8018792840490004,0.9019965961451433
2471,1,2,1,1,0,0,0,0,0,1,2,1,0,0,0,0,0,2,0,0,-0.4440539120389498,-1.6213815477785691,-0.3622452004867903
2472,1,0,0,0,0,1,1,0,0,1,1,0,1,1,1,1,0,0,0,0,-0.8293978180774595,0.2984493592998237,-2.029294806159176
2473,2,1,0,0,0,1,1,0,1,2,0,0,1,2,0,1,0,0,1,0,0.8843516069876383,0.8598243432675214,0.330377520470233
2474,1,1,0,0,0,0,2,1,0,1,1,0,1,1,2,1,1,1,1,0,-2.1013479863162763,-0.43649075108517876,-0.07763252046548796
2475,1,0,0,0,0,0,0,0,0,2,0,0,0,1,2,2,0,0,1,0,-0.2879932137327397,0.13342407470308576,-0.07824399005054873
2476,0,1,1,0,0,2,1,0,0,2,0,0,1,1,1,0,0,0,0,0,0.559902978614001,-0.12691631660521063,-0.1829115659211269
2477,0,2,0,0,0,0,0,0,0,1,0,0,1,2,1,1,0,0,0,0,-1.6337608554129743,-0.8255183493867085,-2.07571337842651
2478,1,1,0,0,0,1,0,0,0,0,2,0,1,2,0,2,1,2,0,0,-0.9368487585945635,1.0515823165871556,1.0952235993239738
2479,0,1,1,1,1,0,2,0,0,2,0,0,0,2,2,2,0,2,2,0,1.5702441352307355,-0.36869140539524625,0.32746834293275234
2480,0,0,0,0,0,0,0,0,0,1,0,0,0,0,2,0,1,2,0,0,0.4952417997658801,-0.3847974768110373,-2.042101815602235
2481,0,0,1,0,0,0,0,0,0,1,2,0,0,2,1,0,0,0,0,1,0.9806049625069584,1.159209751152746,0.7832032927018562
2482,0,2,1,0,0,1,0,0,0,2,0,1,0,0,1,0,1,0,0,0,0.7161359117363368,0.7277167887769203,1.0334048820119182
2483,1,1,2,1,0,0,1,0,0,1,1,1,0,1,0,1,0,0,1,0,0.32945106933758256,-0.82050398136579,0.7602416101580363
2484,0,0,0,0,0,0,0,1,0,1,0,0,1,0,2,2,2,0,0,0,-0.5811880862206189,-0.1812433685412891,-0.3647113642185511
2485,0,1,1,1,0,0,1,0,0,1,0,1,0,1,2,1,0,0,1,0,-1.5942369566857508,-1.0664329425844001,-0.015595352491715508
2486,1,1,0,0,0,1,0,0,0,1,1,0,0,1,1,1,0,0,1,0,-1.382390028917585,0.22871541878775414,-0.9888220690362688
2487,2,0,0,1,1,1,1,1,1,0,0,1,0,1,2,1,2,0,0,0,-0.20061127916819776,0.8544896846544768,-1.1068043245613333
2488,1,0,0,1,0,0,1,0,0,2,0,0,0,1,2,0,0,1,1,0,1.334457247241698,2.386635560613112,2.209014288803423
2489,1,1,1,1,0,1,2,1,0,1,0,0,1,2,1,0,0,1,0,0,0.6783052362063755,1.0736061698736277,-1.0765696748746274
2490,1,0,1,0,0,0,0,0,1,1,0,1,0,1,1,0,1,0,0,0,-0.1144510050005961,-0.14148651192349165,-1.013475209528011
2491,0,1,1,0,0,0,0,0,0,2,1,0,1,1,1,2,0,0,2,0,-0.6002176633856622,0.03701650449300742,-1.6207738991564618
2492,0,1,1,1,0,0,0,0,0,1,1,0,0,1,1,1,0,0,0,0,1.303531040926186,-0.3689938926173918,0.49040701913529816
2493,0,1,1,0,0,0,1,1,1,1,1,1,0,0,2,0,1,1,1,0,-0.2606273340447007,0.2179666709662353,-1.311704915563444
2494,1,2,0,0,0,0,1,1,0,2,1,0,0,1,1,0,1,0,1,0,-0.7540002216740276,-0.4313207953602922,0.38738372220943507
2495,1,1,0,0,0,0,0,0,0,1,1,0,0,2,0,2,0,0,0,0,1.0963198695621759,0.271073496794383,-0.6407217651972101
2496,1,0,0,0,1,0,1,1,0,1,1,0,0,1,1,2,1,0,0,0,1.477044036853725,0.94712128028533,0.9818678424808862
2497,0,1,1,1,0,0,0,0,0,1,0,0,1,1,0,0,0,0,1,0,-0.2278468255758688,-1.0016031320977463,-1.2557146455607628
2498,1,1,0,1,0,0,1,0,0,2,0,0,0,0,2,0,0,1,1,0,0.850420277687365,-0.2726628499284117,-2.449599753308639
2499,0,0,1,0,0,1,0,0,0,1,0,0,0,1,2,0,1,2,1,1,0.6627345524655013,2.1812921204802382,1.2576523932348562
2500,0,0,1,0,1,0,1,0,0,0,1,0,1,1,2,1,1,0,2,0,-0.5170616814309266,0.6715840824470638,0.22520992360047387
2501,1,0,1,1,0,1,1,1,0,1,2,0,1,0,0,2,0,0,1,1,-0.13792500727258378,0.19249094265722463,0.3614102453353283
2502,1,1,1,0,0,1,0,0,0,0,1,0,0,1,1,1,1,0,0,0,-0.8487701603916489,-0.47907438341174036,-0.8983919841791179
2503,1,1,0,0,0,1,2,0,0,2,1,0,1,1,1,2,1,1,1,0,0.3060425290069483,0.9267413667506161,0.9300610279034187
2504,1,1,1,0,0,1,0,0,0,0,0,1,0,0,1,0,0,0,0,0,0.0587061412613487,0.5915434493847781,-0.5173910752277614
2505,0,1,0,0,1,0,1,1,1,0,1,2,0,0,2,0,0,1,1,0,-0.47149779421376004,1.5187319313385692,0.31266031917476733
2506,1,1,0,0,1,0,1,0,0,2,1,1,1,1,1,1,0,0,0,0,0.0344148731538197,-1.3961397393189519,-0.008187527335458203
2507,2,2,0,1,0,0,1,1,0,0,0,1,0,1,1,1,0,1,2,0,-0.21799052778188333,-0.2249456461761265,0.0739681953970789
2508,0,1,0,0,1,0,0,0,0,1,1,0,1,0,2,1,1,1,1,0,0.3650671505893117,1.3732219407156832,0.2557069093492156
2509,0,1,1,0,0,0,1,0,1,1,0,0,1,1,1,0,1,1,0,0,0.30435516209101543,-1.2108158362134889,-0.23395247300222566
2510,2,1,1,1,0,0,0,0,0,1,0,1,1,0,1,0,0,0,0,0,-0.11030465290371794,1.0638702714688362,-0.8974941307239823
2511,1,0,0,1,1,1,0,0,0,1,0,0,0,1,2,1,1,0,1,0,-0.75504320762105,-0.2175867347438724,0.37480007752714245
2512,1,1,1,0,0,0,0,0,0,0,0,0,0,1,2,2,0,0,1,0,-0.3155852655657373,-1.4149511579095448,-0.804531569023696
2513,0,0,0,0,0,1,0,0,0,1,0,0,1,2,2,1,2,1,0,1,-0.07778542713394372,-1.0544789712789986,-0.05404598072333691
2514,1,1,0,1,0,2,0,0,0,2,0,1,0,1,1,1,0,0,0,0,0.046113537444913484,-0.3583611761988781,0.616966390761558
2515,1,1,0,0,0,0,0,1,0,1,1,0,0,1,1,0,0,1,0,0,0.8436932672987599,0.5900204965906463,1.7412984914664804
2516,1,1,1,0,1,1,0,0,0,1,0,0,0,1,0,2,1,1,0,0,-0.09069483474748415,-0.19773878583055654,0.9500377926779086
2517,1,1,0,0,0,0,0,0,0,2,2,0,1,2,0,1,0,0,1,1,0.06449040227739596,-0.23036955725255936,-0.31799462560240327
2518,1,0,1,0,0,0,1,0,1,1,0,0,0,0,0,0,0,0,0,1,0.981541602476757,1.3386052314938075,1.0072641804145777
2519,0,1,1,1,0,0,0,0,0,1,0,1,0,0,1,1,0,0,1,0,-0.6223947607848697,0.4214281853249867,-0.978088558610094
2520,0,1,0,1,0,1,0,0,0,2,0,0,0,1,0,1,0,0,1,0,-0.9874257929227287,0.8430738841567518,0.00761651363522968
2521,0,1,0,1,0,1,0,0,0,1,0,0,0,1,1,2,0,0,0,0,-1.0121261910552262,-0.9438515057759782,-1.6623002454480678
2522,0,2,1,0,0,0,2,0,0,2,0,0,1,1,0,1,0,0,1,0,-0.1288614554057419,-0.9256885435605123,-0.8998460115004792
2523,1,0,1,0,0,0,0,1,0,2,0,1,0,2,2,0,1,0,0,0,1.2288435057723897,0.5444751532125274,0.06917704933449625
2524,1,0,1,0,0,1,0,0,0,2,0,0,0,1,1,1,0,1,0,0,0.3170555717273014,0.5315980720695118,0.7867518451288549
2525,1,2,0,1,1,1,0,0,0,1,0,0,0,1,1,1,0,0,1,0,-0.2385645204030505,0.898347726141128,0.6225538973172273
2526,1,1,0,0,0,1,1,1,1,1,0,0,0,2,2,1,0,0,1,0,-1.152991014870984,0.8595511883845395,-0.3183716315095067
2527,2,1,1,0,1,0,0,1,0,2,1,0,0,1,0,0,1,0,1,0,0.9272668060401589,-1.1755388669159261,-1.5206471761357891
2528,1,1,1,0,0,1,0,0,0,2,0,0,0,1,1,1,1,1,1,0,-1.0922961654777237,0.4775624710278578,-2.098325246818582
2529,2,1,1,0,0,0,0,0,0,1,0,1,1,2,1,1,1,1,0,0,-1.54087256206628,-0.538365806068935,0.9732176487064286
2530,1,2,2,1,0,1,0,0,0,1,1,0,1,1,1,2,0,0,0,0,0.015635397049685917,-0.5481018482006977,1.225313479360925
2531,2,1,0,1,0,1,0,0,0,0,0,0,1,2,0,1,0,0,0,0,0.675464612194606,1.1985071793170667,-0.8029549726227838
2532,0,0,0,0,0,2,0,0,0,2,2,0,1,2,0,0,0,0,1,0,0.9966236754850947,1.3108817143708542,-0.5662664240200923
2533,1,2,1,0,1,0,0,0,0,2,1,0,0,2,1,0,0,1,2,0,1.9949256431789126,0.4801963264431084,2.501008043791331
2534,0,1,0,1,0,0,0,2,0,1,1,0,0,0,2,2,0,1,2,0,0.14809119251138375,0.03567295695197552,-0.42461314155662877
2535,0,0,1,0,0,2,0,0,0,0,2,1,0,0,1,1,0,1,0,0,0.14463357355710035,1.2218898549766277,2.2294013644819244
2536,2,1,1,0,0,0,1,0,0,1,1,0,0,0,1,1,0,0,2,1,1.2346983745327278,0.6378356317241028,2.290974721254023
2537,1,1,1,0,1,1,1,0,0,1,2,1,0,2,1,2,0,0,1,0,1.8172354098166177,-0.24966031545313083,0.8233552410055547
2538,1,0,0,0,0,0,2,0,1,0,1,0,0,1,1,1,0,2,2,1,-1.3649485776723596,0.384460133253068,-0.9421796582058848
2539,0,2,1,0,0,1,1,0,0,1,1,0,1,2,0,1,0,0,1,0,1.023675900505302,-1.9470735222603115,0.9932329592134358
2540,1,0,1,0,0,0,0,0,1,1,2,2,0,2,1,0,0,0,0,1,-0.6807161728073421,-1.2709590493885545,-1.6648324827275376
2541,0,0,2,0,0,1,0,0,0,1,2,0,0,2,1,0,0,0,2,0,0.8599303474949622,1.8155354138096964,0.5691820578012742
2542,0,0,1,0,0,0,0,0,0,1,1,0,0,1,1,0,1,0,1,0,-0.4301096899020149,0.44297915100929436,-0.8381418116100632
2543,1,1,0,1,0,1,1,1,0,0,0,0,0,1,2,1,0,0,1,1,-0.6050887201971511,-0.5692968756837831,0.4611378965225595
2544,1,1,1,0,1,1,0,1,0,0,1,0,1,1,2,1,0,1,1,0,0.6594591721619915,-0.27158820224094293,-0.5483308591161308
2545,1,1,1,0,0,1,2,0,0,1,1,0,1,0,2,0,0,0,0,0,-0.6784492940070334,0.9429860739514054,-1.129072701614292
2546,0,1,0,1,0,0,1,0,0,2,2,1,0,1,0,1,0,1,0,0,0.8059970229542766,-0.4856443230010721,0.6570309219183116
2547,1,1,0,0,0,1,2,0,1,1,0,0,1,0,1,0,0,1,1,0,-0.15292169147947093,-0.34940598333534917,-0.23863936816257358
2548,0,1,2,0,0,0,0,0,0,1,0,0,1,1,1,2,0,0,0,0,-0.41468422978043207,-0.20423370344285752,0.7532313452457993
2549,1,1,1,1,0,0,0,0,0,1,2,0,0,0,2,0,0,0,1,1,2.143470371067217,0.47559949404585844,0.8152182548537056
2550,0,0,0,1,0,0,0,1,0,2,2,1,0,0,1,1,0,1,1,0,-0.5398251378921401,-0.89307359559914,-0.46835332656598416
2551,1,0,0,0,0,0,0,0,0,2,0,0,0,2,1,1,0,0,0,0,0.2654928688694712,0.8221892660912442,-0.9149092248738336
2552,1,0,1,1,0,1,0,0,0,1,0,0,0,1,0,1,0,0,0,0,0.9214686602311628,-1.8107087559063124,0.2707375408296598
2553,1,0,1,1,0,0,1,0,1,1,2,1,1,1,0,0,1,0,0,1,-0.45615226097726236,-0.23070711662394194,0.5104368428968604
2554,1,1,0,0,0,1,0,0,0,1,1,0,0,0,2,1,1,0,1,0,0.6259365550945369,-0.2198413232654196,0.10183559133279793
2555,1,0,0,1,0,0,1,0,0,1,0,0,0,1,0,1,2,0,0,0,-1.0525317581451845,-0.8602649362097223,0.9153168234046487
2556,0,1,1,0,0,1,1,0,0,2,0,1,0,1,2,2,1,0,1,0,-1.4979139510008894,-0.5924246996309828,-2.9587351667887214
2557,1,0,0,0,0,1,0,0,0,2,0,1,0,1,2,0,0,1,0,1,1.2524799561362614,2.2048423369976096,2.0587818434929517
2558,1,0,0,1,1,1,0,1,0,0,0,0,1,2,1,1,0,0,1,0,0.3520095140877893,-0.5247622058321215,1.091274879193757
2559,0,2,0,0,0,0,0,0,0,1,1,1,0,1,0,1,1,1,1,0,-1.639292893166935,-2.757344888951938,-0.5628727837553984
2560,2,2,0,2,0,1,2,0,1,1,0,0,1,1,1,2,0,0,1,0,0.20791919319135585,-0.6123567024398298,0.7468865448230895
2561,2,1,1,1,0,0,1,0,0,1,1,0,2,2,2,0,0,0,0,0,0.3516698942761146,-0.26528860361722784,-0.989808059099363
2562,2,0,0,0,0,1,0,0,0,0,0,1,1,1,1,0,0,1,0,0,-0.9098017745803098,0.307037627417974,-0.1722060991504013
2563,0,1,0,1,0,1,1,1,0,0,0,0,2,2,0,0,1,0,1,0,0.4578717813645066,0.30513759419819,0.26507375367895414
2564,0,0,1,0,0,0,1,1,0,1,0,0,0,1,1,1,0,0,1,0,-0.9391568464248689,-0.5344132371262913,-0.6735478740267541
2565,1,1,0,0,0,0,0,0,0,1,1,1,0,1,1,1,0,0,0,0,0.5440935406177416,0.7212756729169751,0.3471568096432872
2566,1,1,0,0,0,1,0,0,0,1,0,1,0,1,0,1,0,0,0,0,0.8419867355541837,-2.1022299383049856,-0.34031679389420316
2567,0,1,0,0,0,1,0,0,0,2,1,0,0,2,1,1,0,0,1,0,0.546440890555132,0.4461689448744954,-0.13179413023563186
2568,0,1,0,0,0,1,1,0,1,0,0,1,1,0,1,2,0,1,1,0,1.2363758271236778,0.2302219802855613,-0.8259762166898651
2569,0,1,2,0,0,1,0,0,0,1,1,1,0,0,0,2,1,1,2,0,0.71719213094335,-0.365897423895941,0.9911271972602542
2570,1,2,1,0,1,0,0,0,0,2,0,0,0,1,1,1,0,1,1,0,-1.8898716656064587,-1.7323799817178838,-0.8237534654267418
2571,0,2,1,1,0,1,2,0,0,1,0,0,1,1,1,1,0,1,0,2,-0.24350957340363835,-1.3563970037382218,-0.3182822238147267
2572,1,0,0,0,0,1,0,0,0,0,0,0,0,2,1,2,0,1,0,1,0.5340804649115785,-0.9097605223028403,0.8467430991926084
2573,1,0,2,0,0,0,1,0,0,1,0,0,1,0,0,1,1,0,0,0,0.8947506968125676,-0.7600189332685281,-0.3808918189795999
2574,0,1,1,1,0,0,0,0,0,2,1,0,0,1,0,1,0,0,2,0,1.5448821289322596,-0.9567327861613351,1.1618527713295304
2575,0,1,0,2,1,0,0,0,0,2,1,0,1,1,2,2,1,0,1,0,-0.32452753123014333,-1.6919988914610253,0.2900553358622411
2576,0,2,1,0,0,0,1,0,0,1,0,0,2,0,2,1,0,0,1,0,-1.2992275330817458,0.9783906252383321,0.018292593056008978
2577,1,0,1,1,0,0,1,0,0,1,0,0,0,0,2,2,1,0,2,0,0.17356159359028542,1.656068353596732,2.950464650010799
2578,2,1,0,0,0,0,0,0,0,0,2,1,0,0,1,0,0,2,1,0,0.36589846598000497,-0.3388866114366985,1.0753171631067775
2579,1,0,1,1,0,0,1,0,1,1,0,0,2,1,1,1,1,0,2,1,0.22123682609463496,-0.015619516293483016,0.5680642448845424
2580,1,0,0,1,0,1,0,0,0,2,0,0,1,0,0,1,1,1,0,0,0.708713145708862,-0.3302277803348912,-0.4800336546275233
2581,1,2,0,0,0,0,1,0,0,1,2,0,1,0,2,2,1,0,0,0,1.2595172548072933,0.6028460500155779,-0.41503551160464824
2582,1,1,1,0,0,0,2,0,1,1,0,1,1,0,1,0,0,2,1,0,0.8734346711374785,0.5707989930641205,1.4492458534298114
2583,0,2,1,1,1,0,1,0,0,1,0,0,0,2,2,0,0,0,2,0,0.02817698818772463,0.5064142567541068,1.930153109725064
2584,1,0,0,0,0,1,0,0,0,1,0,0,0,1,1,1,1,0,1,0,0.33244474881405406,0.7460056656212155,2.0110395483864654
2585,1,1,0,0,0,0,1,0,1,0,0,0,1,0,2,1,0,1,0,0,-1.3613520500181615,0.21242790459035032,-0.7027673175862224
2586,0,1,0,1,0,0,1,0,1,0,1,0,0,1,1,1,2,1,1,0,0.05688006285599141,-0.20109632815423167,1.3737267759681777
2587,1,1,0,0,0,0,0,0,0,1,1,0,0,1,1,1,1,0,1,0,-0.5586256874743318,-0.8712630911514643,-1.5974709189137037
2588,0,0,2,1,0,0,0,0,0,2,0,0,2,1,2,1,1,1,0,0,-0.04733526393921353,-0.4939934378295713,0.45731657123568387
2589,1,0,1,0,0,0,0,0,0,1,0,0,0,0,2,1,0,0,1,0,-0.7238932843690161,1.7307152547634201,1.0743358986782787
2590,1,1,0,0,1,0,0,0,0,2,0,0,0,1,2,1,1,1,0,1,1.8550379251797746,0.537603829134095,0.6134068227175952
2591,1,2,1,1,0,2,0,1,0,2,0,0,0,0,1,1,0,1,0,1,0.4778460344191706,0.9619268986193863,-1.0536132517544377
2592,1,1,1,2,0,1,0,0,0,1,0,0,0,1,1,1,0,2,0,0,0.8814316008977452,-0.6054492596248137,0.46881778571128774
2593,1,1,1,1,0,0,0,0,0,1,0,0,0,0,1,1,0,0,0,0,0.3422769194119459,0.24512918642419523,0.7423292889040791
2594,2,0,1,0,0,1,1,0,0,2,2,0,1,2,0,1,0,1,1,0,-1.5845411892597663,-0.8219566602903128,-0.5721758562318536
2595,2,0,1,0,0,1,1,0,0,1,1,0,0,0,0,2,1,0,0,0,0.2215813900563952,1.3349053644489455,2.087517814364032
2596,0,2,0,0,0,0,0,1,0,1,0,0,1,1,1,1,1,0,1,0,-1.361765495803177,-0.1566640050753364,-1.7664671099290112
2597,1,1,0,0,1,1,1,0,0,1,1,0,0,1,1,0,1,2,1,0,1.0378937563304644,-0.7980889643706849,-0.6375440255558265
2598,1,0,0,0,0,1,0,0,0,1,2,0,0,2,2,0,0,2,0,1,1.5778379451528528,1.2339452640571917,1.1074386111181218
2599,1,1,1,1,0,1,0,0,1,1,1,0,0,2,0,0,0,2,0,0,1.0012533729685447,0.6215235705985633,0.3324234533600674
2600,1,0,0,1,0,0,2,0,0,0,0,0,0,1,0,1,0,0,1,0,1.0599047722986623,-1.5451054140203095,-2.0858273582008677
2601,0,0,1,1,0,1,1,0,0,1,1,1,0,2,1,1,0,1,1,0,-0.4000405198527869,0.6039426996797514,1.4279559298370217
2602,0,2,2,0,0,1,1,0,0,2,1,0,0,2,1,0,1,0,0,0,-0.8632294890028714,0.4551514211994685,-2.1125661542454406
2603,2,1,0,0,0,0,0,0,0,0,0,2,0,1,2,2,1,1,1,1,0.3948852837905741,2.190868543056722,1.886055137587013
2604,1,0,0,0,0,1,0,0,0,2,1,0,0,2,1,1,1,1,1,1,-0.24166662286854917,0.2145134955259388,1.1637451806087158
2605,1,1,0,0,0,1,0,0,0,0,1,1,0,1,1,1,1,0,0,0,0.7612464107524746,1.8103593061369276,-0.10217994771801564
2606,1,1,0,1,1,1,0,0,0,2,0,0,2,0,0,0,1,1,0,0,-1.1028085660476992,1.138392531572198,2.820442160520537
2607,0,0,0,0,0,0,1,0,0,1,0,0,1,1,2,1,0,0,0,0,-0.5644538776845854,-0.1418213016857795,-1.590340302805028
2608,2,1,1,0,0,1,1,0,0,0,1,0,0,1,1,0,0,0,1,0,1.2342410357748206,1.4049103211431953,0.8146651821698595
2609,0,0,1,0,0,1,1,0,0,1,0,0,1,0,2,2,1,0,1,1,0.9263347740117338,1.6001497932798987,-0.22590333324266476
2610,1,1,0,1,1,0,0,0,0,1,1,0,0,1,1,0,0,0,0,0,2.3809469275869293,0.24420118463492402,-0.7941266271433537
2611,1,1,1,0,0,0,0,0,0,1,1,0,0,2,1,1,0,1,1,1,0.9145791737142905,2.3180684261729056,1.5721932158433662
2612,1,2,0,0,0,0,2,0,0,0,1,0,0,1,1,0,0,0,2,0,0.7330376659057387,0.47904800893613775,-1.508071573484718
2613,1,1,1,1,0,1,0,0,0,2,1,1,1,1,0,0,1,1,0,1,-1.5776657066354807,0.3747666103953386,-0.5496440991341189
2614,1,1,0,0,2,1,1,0,0,0,0,0,0,1,1,1,1,0,0,0,-2.279835831329703,-1.0346637325254222,-2.2521731258170563
2615,2,1,1,0,0,0,0,0,0,0,1,0,1,2,0,2,0,0,2,0,-0.5753487795701339,-1.0199704216497465,-1.3125977188535176
2616,1,1,0,0,0,0,0,0,0,1,0,0,0,1,2,1,0,0,1,1,0.27334557206215676,0.26842748789627185,0.3007747332553028
2617,1,0,1,0,0,0,0,0,0,0,1,0,0,1,0,1,0,1,1,0,-0.38706750072583945,0.2642789756767905,0.43564729462831825
2618,1,1,1,0,0,0,0,1,0,1,1,0,0,0,1,1,0,1,1,0,0.9882023312622449,2.4679227643867185,1.2675791496487383
2619,1,0,0,1,0,1,1,1,0,1,1,1,1,0,1,0,0,0,1,0,0.7665499614732111,-0.18937187792179278,-0.4103498213058837
2620,0,0,1,1,0,0,0,0,0,2,1,1,0,0,2,0,1,0,2,0,-0.20255263466965137,0.13506684057460128,1.3142738108425096
2621,0,2,0,0,0,0,1,1,0,1,0,0,1,1,1,0,1,1,0,0,0.9844246891050145,-1.4042759774523967,0.016509023559825142
2622,2,1,2,2,0,1,0,0,0,0,0,0,2,0,0,1,0,0,0,0,-0.01605274196829995,-1.002604445311932,0.757755852094959
2623,2,1,0,1,0,0,1,0,0,2,1,0,1,2,1,2,0,0,0,1,1.1725379963418894,-0.18910271643554188,-1.0400366364405853
2624,0,0,1,0,0,1,0,0,0,0,0,1,0,1,1,1,1,1,1,0,2.342647470686393,0.8263306632717096,0.045464208912787685
2625,0,0,0,0,0,1,1,1,0,2,1,0,2,0,1,1,0,2,0,1,-1.1211466181791667,0.6082935016685065,0.23660248191098787
2626,2,2,1,0,0,1,0,0,0,1,1,0,0,1,0,0,0,0,2,0,-1.234867551285173,-0.5834861886882017,-0.48047675107678084
2627,2,0,0,0,0,0,0,0,0,1,0,1,2,0,0,0,0,0,1,0,0.6734921654818068,-0.12779325016091914,-0.8608889111970899
2628,1,0,1,0,0,0,2,0,0,2,0,0,0,2,1,1,0,2,1,1,1.2670308446259078,1.776200927280129,0.9087330570484485
2629,1,1,0,0,0,1,0,0,0,1,0,0,0,1,0,1,0,0,1,0,-1.0026674182366149,-0.783739668534999,0.8823542309951939
2630,0,1,2,1,0,0,0,0,0,2,1,0,2,1,1,1,0,0,0,0,0.6582628908331153,-0.4847082387166658,1.7570763690747455
2631,0,2,1,0,0,0,1,0,0,0,0,2,1,1,2,2,0,1,1,0,-2.3244404459163843,-0.3378171080214276,-2.6879206050440274
2632,2,0,2,0,0,0,1,0,0,0,1,0,0,2,1,0,0,0,0,0,-0.25422419047807593,-0.47123551356645665,0.5907119557403484
2633,1,1,0,0,0,0,0,0,0,0,0,0,0,1,1,1,0,1,1,0,0.36722369256048215,-0.4395531008847054,1.015727415692035
2634,1,0,0,0,0,0,0,0,0,1,1,0,1,2,1,2,1,2,1,1,-0.9965942340775075,-0.796494409142936,-0.3575313411923222
2635,0,1,0,0,0,2,0,0,0,1,0,0,1,1,1,0,1,0,1,0,2.1050964040776368,0.8280015703534073,0.7492450170042295
2636,1,2,0,0,0,1,0,0,0,0,1,2,0,1,2,2,1,0,2,0,-1.2889018260621652,-0.7722082371547185,-0.40728122585003457
2637,1,1,1,0,0,0,0,0,0,2,0,0,0,1,1,0,0,0,0,0,0.2405441220992519,1.4075824361905582,2.9401011198121907
2638,0,2,1,0,1,0,1,0,0,1,1,0,1,1,0,0,0,0,0,0,1.7031565757101426,0.16383038684463672,1.3973880398057892
2639,2,2,0,0,0,1,2,0,1,0,1,0,0,1,1,1,0,0,0,0,-0.20777647879577224,0.9886797519342767,-1.3394806589837072
2640,1,2,1,0,0,1,0,0,0,0,0,0,2,1,2,1,0,1,1,0,0.08536543800318214,-0.3380788476651556,-1.0086533285253823
2641,2,1,0,0,0,1,1,0,0,0,0,0,0,0,2,2,0,1,1,0,0.3944827292306181,-0.8380211548603557,0.5625224300653444
2642,0,1,0,0,1,0,0,0,0,0,1,0,0,2,1,0,0,1,0,0,0.816554996105317,0.23860691065262646,0.3658794080402332
2643,2,1,2,1,0,0,0,0,0,1,1,0,0,1,1,1,1,1,1,0,1.7544112566684782,0.8485076681684094,1.2050657717009843
2644,2,1,0,0,0,0,0,0,0,2,1,0,1,0,1,0,1,1,1,0,0.07916559936630306,-0.8516945691080569,0.26233659012889887
2645,0,1,1,1,0,1,0,0,0,1,0,1,1,1,1,2,1,0,2,0,0.7605615008120258,-0.2775864347578809,0.8203929147931617
2646,1,1,1,0,0,0,0,0,0,1,0,1,1,1,0,0,1,0,1,0,-0.7188021049517949,-0.963751154758065,-0.5967285913881368
2647,0,1,1,0,1,0,0,0,0,1,2,0,1,1,0,2,0,0,1,1,0.1447276256454283,0.9147470228423786,1.1679447361573547
2648,2,0,2,0,0,1,1,0,1,0,0,0,1,1,2,2,1,0,0,0,-1.4755895526693068,-0.16841378091816234,-0.8580237392299553
2649,1,1,0,1,0,0,0,0,1,0,0,0,0,1,0,1,0,1,0,0,1.932254143819961,-0.2001884972032591,-0.43748247425043135
2650,2,0,1,1,0,2,0,1,1,2,1,0,0,1,0,1,0,0,0,1,0.08151413913700072,2.300937910474419,0.6905026009406133
2651,0,1,0,0,0,0,0,0,0,2,1,1,0,1,1,1,0,1,1,0,0.31476762116978907,-0.8035675761232681,-0.4231099198230926
2652,0,0,1,0,0,0,1,0,0,2,1,0,0,0,1,1,1,1,1,0,0.2876736700323638,-1.923228925931923,1.994023318265957
2653,0,1,1,0,0,1,1,0,0,0,0,1,0,1,1,2,1,1,1,0,-1.0828357204767909,-1.007024318538507,1.3459206224526383
2654,2,2,0,0,1,1,2,0,0,2,0,0,1,1,1,1,0,1,1,0,0.3762110008576832,2.01934892647486,2.0145720382187657
2655,0,2,0,0,0,1,1,0,0,1,0,1,0,0,1,1,1,2,0,0,-0.2397960833363399,-0.9278351127703195,-0.6083071922007536
2656,2,1,0,0,0,0,0,0,0,2,2,0,1,0,2,1,0,1,0,0,0.197980362925055,-0.5236581947101426,0.3234681063341477
2657,0,0,2,0,0,0,0,1,1,1,0,0,1,0,2,1,0,0,0,0,0.15803161839510274,0.43555408829950565,0.483963420872247
2658,0,1,0,1,0,0,0,0,0,1,0,0,0,0,0,0,1,0,0,0,1.2768452995134594,-1.0528710655213878,1.5420718472367931
2659,1,2,1,1,0,1,0,0,0,2,0,0,1,2,2,0,0,0,1,0,0.43344365989163447,0.2635843517032321,0.2756018882657925
2660,2,0,1,0,1,1,0,0,0,0,1,0,0,0,1,0,2,0,0,0,0.7600794764239585,1.2573923657504853,1.2994417642546792
2661,0,0,1,0,0,0,1,0,0,2,0,0,0,1,2,0,2,0,0,0,-0.6936063330414671,-1.2606003862446613,0.19254672820924884
2662,2,0,0,0,0,1,0,0,0,2,1,2,1,1,0,1,0,2,2,0,0.07242348959608601,0.9452732241480564,1.1418619099193428
2663,1,1,0,0,0,0,0,1,0,0,0,1,0,2,1,1,0,0,1,1,-1.1496485973533257,-0.13376304307275694,-0.2811114310573286
2664,0,1,0,1,0,1,0,2,0,0,0,0,0,1,2,2,0,2,1,0,-0.37567778693402754,-1.4692049000882625,-1.1913390806307185
2665,1,0,2,1,0,0,1,0,1,2,2,1,2,2,0,1,0,1,0,0,0.7899165968235446,1.4649319224647983,0.19841102410265432
2666,1,1,1,0,0,0,0,0,0,1,0,0,0,2,1,0,1,2,1,0,0.6661505042395839,0.6965563068414234,0.3881600676967565
2667,1,2,1,1,0,1,1,0,0,1,2,0,0,1,0,1,0,1,1,0,1.3910328590544427,0.5535361923755449,-0.2391107408249621
2668,1,0,1,0,1,1,0,0,0,0,0,0,0,0,1,1,0,1,1,0,1.2685256935123224,0.5057565405654599,0.019002507730606633
2669,0,2,0,1,0,1,0,0,0,1,1,0,1,1,0,0,1,1,0,0,0.30035394917299074,-0.21311655965182963,0.5079695806103417
2670,1,0,0,0,0,0,0,0,0,2,1,0,2,1,1,2,0,0,1,0,-0.0645843885755403,-1.3927009574111584,-0.5672187392035412
2671,1,0,1,0,2,1,1,0,0,0,0,0,2,0,0,1,1,0,1,0,-0.28641585026706173,-1.8067705959890001,-0.45242259449961664
2672,1,0,2,1,0,2,1,1,0,2,1,0,0,1,0,0,0,1,1,0,-0.255808348063482,-0.7784591086316672,0.5749960915012954
2673,2,1,1,0,1,2,0,1,0,1,0,0,1,2,2,1,0,1,1,0,0.16384634187835465,0.3276391767103126,0.6916328415822857
2674,2,1,0,1,0,1,1,0,0,1,0,0,1,1,0,1,1,0,0,0,0.5123048911652509,-1.1971642930490192,0.40480515980012854
2675,1,0,0,0,0,1,1,0,0,1,0,1,1,2,0,1,0,0,0,0,0.6911295400849397,0.8138096611644976,0.03041407238012317
2676,0,2,0,0,0,0,2,0,0,0,2,0,0,1,2,1,2,0,1,0,0.17132287643799404,-1.1384745954174378,-1.0323030910405766
2677,1,1,1,1,0,2,1,1,0,1,1,0,1,0,1,1,0,1,0,1,0.809377615862258,2.2383350545315635,3.554176615198875
2678,0,1,1,0,0,1,1,0,1,1,0,0,1,0,0,0,1,1,0,1,0.38928768448330103,-0.6447927161004607,0.8862474830951721
2679,2,2,1,0,0,1,1,0,0,0,0,0,1,2,1,0,0,0,1,0,1.1139723046450383,0.7993113864753443,1.6269568703500858
2680,0,0,0,0,1,1,0,2,0,2,1,0,1,0,0,0,1,0,0,0,0.451295508025757,-0.10384489876488673,-1.283588385183887
2681,1,2,1,0,0,0,1,0,0,1,1,1,1,1,1,0,1,1,1,1,-0.0348981262468699,-0.290185411844385,-0.313057050072345
2682,0,2,1,0,0,0,0,0,0,0,0,0,2,1,0,2,1,1,1,0,0.9148503276410824,-0.3139456293383543,-1.048449087286547
2683,1,1,0,0,0,0,1,0,0,1,1,1,0,0,2,1,0,0,1,0,-0.07190041717886735,0.6366352323785407,0.7350604119971141
2684,1,1,0,1,0,0,0,0,0,1,1,0,1,2,1,0,0,0,1,0,0.4305773522318873,3.8287204754437356,3.3367808258913207
2685,1,2,0,1,0,0,1,0,0,0,0,0,2,1,1,1,1,2,2,0,0.9349765437645193,1.717973517006659,1.0324039015633826
2686,0,2,1,0,0,1,1,0,0,1,1,0,1,0,2,1,0,1,0,0,0.36903643860754426,-0.027536524510423488,-1.1904651026879838
2687,0,2,0,0,1,1,2,0,0,0,0,0,1,1,2,2,1,0,1,0,-1.9559454766434063,-1.497510104026905,0.09503137130021155
2688,0,1,0,2,1,1,1,0,0,2,0,0,0,0,0,0,1,1,0,0,-1.5109774282693547,-1.369471852335622,-1.1142291053552484
2689,1,0,1,1,0,0,1,0,1,0,1,0,1,1,1,1,0,0,0,1,1.2501562177166325,1.1736032301983625,0.7862678549629267
2690,1,1,0,1,0,0,0,0,0,2,1,0,1,1,0,0,0,0,2,1,-0.08094135935547683,1.694073268660674,1.3644084929427052
2691,0,1,0,0,0,0,1,0,0,1,0,1,0,0,1,1,0,1,0,0,-0.3256487004125787,0.42296236756487726,0.8516867168494162
2692,0,1,0,0,0,0,0,1,0,1,1,1,0,2,2,0,0,0,0,0,-0.45004171647774066,-0.1013478264883596,0.22320405601204102
2693,0,1,0,0,0,0,0,0,1,2,2,0,0,2,0,0,0,1,0,0,1.985802957860536,0.5673358894586771,2.411124147328548
2694,1,2,0,1,0,0,0,0,0,1,0,0,1,1,1,1,1,1,0,1,-1.3953999108496535,-1.0116990324591728,-0.14869306757497575
2695,1,1,1,0,0,0,1,0,0,1,0,0,1,2,1,1,0,0,0,1,0.313565031143774,-0.22607256756211758,-0.512755067062176
2696,0,1,0,0,0,0,0,0,0,1,1,1,1,0,1,0,1,0,1,0,-1.1931091860810872,1.0985583946192206,0.7079934898637823
2697,0,0,0,1,0,2,0,0,0,2,1,1,1,1,2,1,2,1,1,1,0.40682400422889115,1.8732551908999664,0.2535119340600106
2698,0,0,0,0,0,1,0,0,0,1,1,1,1,1,1,2,1,0,1,0,0.4217297307143645,1.9885412545493848,1.121169425700461
2699,0,0,1,0,0,1,1,0,0,2,0,0,1,1,0,1,0,1,1,0,-0.17347545649928317,-1.6130903705380955,0.22344043035385042
2700,0,1,0,1,0,1,1,0,0,1,1,0,1,2,1,0,1,0,0,2,1.0656491638233554,0.7548892642300745,0.8183093960484067
2701,2,1,1,1,1,2,0,0,0,1,1,1,0,1,0,2,1,0,0,0,0.24116966627003542,0.016480477952238587,0.2492555513562743
2702,0,1,1,0,0,0,0,0,0,1,0,0,1,0,2,1,0,1,2,0,1.643157139370748,0.6173417525401239,1.7785111283886184
2703,0,1,0,0,0,1,0,0,0,0,1,1,0,1,2,1,0,1,1,0,0.9437465793924197,0.6362326274256139,-0.23975278765352037
2704,1,0,1,0,0,0,0,0,0,1,1,0,2,0,0,1,0,0,2,0,-0.9143840184473434,0.03842340958470515,-1.3686682823947895
2705,1,1,1,0,0,2,0,0,0,1,1,1,0,0,0,1,1,1,1,0,1.2504119982022228,-0.3521678922507502,1.346513208564385
2706,1,0,0,0,0,1,0,1,0,1,0,1,1,1,1,2,1,1,1,1,0.3707866908447816,0.4586996551554541,0.9888491639429193
2707,1,1,0,0,0,1,0,2,0,1,0,0,0,1,0,1,0,0,1,0,-0.6578020571029234,0.8933242248273532,-0.7474222825199186
2708,1,1,0,1,0,2,0,0,1,1,2,0,0,2,2,0,1,0,1,1,1.1394783141217135,0.35917030121778526,0.2794332734835541
2709,2,1,1,1,0,0,0,0,0,1,1,0,1,2,2,0,0,0,1,0,0.6699252826994218,-0.0973128795333833,-0.33104889919328123
2710,0,2,1,0,1,0,1,0,0,0,0,0,0,1,2,1,0,0,1,0,-0.1256644393227043,0.4077024998949982,-0.08429396769669847
2711,0,0,2,0,0,0,2,0,0,1,0,0,0,1,0,0,0,0,0,0,-0.30914248747732315,0.2364091019391671,1.9315405936892809
2712,0,1,2,0,0,1,1,0,0,0,1,0,0,1,1,1,0,1,1,0,0.258282654754534,-0.0828580762628017,-0.516307432324261
2713,1,0,2,0,0,0,1,0,0,2,0,1,0,0,1,0,0,0,1,0,-0.6803615070414832,-0.31453269999328964,0.4583545226767403
2714,1,2,0,1,0,1,0,0,0,0,0,0,1,2,1,0,1,0,1,0,-0.39657636489920395,-0.18496438761174372,0.5647444109266732
2715,2,0,2,0,0,0,0,1,0,1,0,0,1,2,1,2,2,1,0,0,-0.5237388660470285,0.09562870118851996,1.826081879703002
2716,1,1,1,0,0,1,1,0,0,0,2,0,1,0,0,2,0,0,1,1,0.7511335408755287,0.7539575139973045,-1.6884708378324524
2717,1,0,0,1,0,1,0,0,0,0,1,0,0,0,2,0,2,1,1,0,0.46113027434747095,0.03894551312447009,-0.6634521505576795
2718,1,1,0,0,0,0,0,0,0,0,2,1,0,2,0,2,0,0,0,0,0.8659946442090682,-0.3305958960021515,-0.050873325972062705
2719,1,0,0,0,0,1,2,0,1,0,0,0,0,1,1,0,0,0,0,0,1.7982238081878572,1.1191599135458705,1.8990138496037356
2720,1,1,0,1,0,0,1,0,0,1,0,0,1,1,2,0,1,0,2,0,-1.261795167887046,-1.3366136050526274,-1.6079688848409184
2721,1,2,0,0,0,1,0,0,0,0,1,0,0,1,1,1,2,0,0,0,-0.00011484757851521874,-1.092156076941248,-0.5124502341089909
2722,1,1,0,0,0,1,2,0,0,2,1,0,1,1,0,1,0,1,1,0,0.9644383393928834,0.1620857657170648,0.4883369197965016
2723,1,0,2,0,0,0,0,1,0,1,0,0,1,0,1,0,0,1,1,0,-0.3043387221494823,0.10057108303614824,0.46120054309857966
2724,0,0,1,2,0,0,0,0,0,1,1,1,0,0,0,1,1,0,0,0,-0.9906807974131666,-0.6906721502889516,-1.0448715350409952
2725,2,0,1,0,0,0,0,0,0,2,1,0,0,1,1,1,1,1,1,1,-1.516449704719931,0.102038533232223,0.7989630218078183
2726,0,0,0,0,0,0,0,0,0,1,0,0,0,1,1,0,0,0,0,0,-0.16341340663912618,0.10040832144548231,0.3761428356747417
2727,1,0,0,0,0,0,0,0,0,2,1,0,0,1,1,2,0,0,1,0,0.1348734869029351,-0.8126349884347837,-0.15126986695691919
2728,0,0,0,0,0,0,0,0,0,1,1,0,1,2,1,1,1,2,1,0,-0.504427900828299,0.04346567348313207,1.2108919906433413
2729,0,0,1,0,0,0,0,0,1,0,1,1,0,2,1,1,0,1,1,1,-1.815308023297127,0.8402334041203886,0.3737544957851345
2730,0,0,0,0,0,0,1,0,0,0,1,1,0,2,1,1,0,0,1,1,0.807825348890153,-0.8442977966907736,0.33137425426991207
2731,2,0,1,1,0,0,2,1,0,0,2,1,0,2,0,0,0,1,2,0,0.5042873836047541,2.020734840304158,1.2116590577650803
2732,1,0,0,0,0,1,1,1,0,2,1,0,0,1,2,1,0,0,0,0,-0.182233114130852,0.2886095831940262,-1.0979355741952843
2733,0,2,1,0,0,1,1,0,0,0,1,1,0,2,0,1,2,0,0,0,0.020247608110079876,-0.3613201884398415,0.13436808802581868
2734,0,1,0,0,0,0,2,0,0,1,0,1,0,0,0,1,1,0,0,0,0.8719118922652406,-1.133842498610428,0.23336825967550184
2735,1,2,0,0,1,0,0,1,0,0,0,0,0,0,1,0,0,1,1,0,-0.3513241279478884,-0.17057921349794247,-0.4860238510093651
2736,0,1,2,1,0,0,1,0,0,2,0,0,1,2,1,1,1,0,1,1,-0.8225369527710495,-0.27636534602738777,-2.174468856087736
2737,2,1,0,1,0,0,0,0,0,0,0,0,0,1,1,0,0,1,1,0,-0.7848084384514321,-1.29688925410448,1.6011312085386809
2738,1,1,0,0,0,0,0,0,0,0,1,1,1,0,1,0,2,1,2,0,0.4610625284560596,-1.3219304664358449,-0.3871275797779487
2739,2,0,1,0,0,0,1,0,0,1,0,1,2,0,1,1,2,0,1,0,-0.542478516841766,-0.15844901292802052,2.024686019209951
2740,0,0,0,0,1,1,0,0,0,1,2,0,1,1,0,1,1,1,0,0,-1.967683745697874,0.5051120044501338,0.22177017171973612
2741,2,1,2,1,0,0,0,0,1,0,2,0,0,1,1,1,1,1,2,0,1.45804057651817,-0.1830259845671664,-0.16693868781676463
2742,0,1,0,0,1,2,0,0,0,1,0,0,1,0,1,0,0,0,0,0,-0.8914045174038371,0.0010981722793064197,-0.2537216291513914
2743,1,1,0,0,0,0,0,0,0,1,1,1,0,2,1,0,1,0,0,0,0.7405368863994307,-0.6084358658453659,1.8291502184778894
2744,0,0,1,0,0,0,0,1,0,1,0,0,0,0,2,0,0,0,1,0,0.9315861218029112,0.5876742994787385,1.7289761216568316
2745,1,1,0,2,0,1,1,0,1,2,0,0,1,1,1,0,0,2,0,0,-1.5186885811326751,0.8951597654191786,1.6307603995876772
2746,0,2,1,1,1,0,0,0,0,0,1,0,0,2,2,2,0,0,2,0,0.7883533020483847,-0.6286358443422334,-1.3270256294280816
2747,0,2,1,0,0,0,0,0,0,1,0,0,2,1,1,0,0,0,0,0,0.1532535417902259,-0.8854745412838771,-1.374846442060181
2748,1,1,1,1,0,1,2,1,0,1,0,0,1,0,1,1,0,0,1,0,-0.7948853292753806,0.39924700434512755,-0.4444217750486968
2749,0,1,1,0,0,1,0,0,0,1,1,0,1,1,1,0,1,0,0,0,-0.7430351200901308,0.7360841023927702,0.11683969619012459
2750,0,2,0,0,0,1,0,0,0,0,0,1,0,1,2,0,0,1,2,0,1.6224263371633276,0.364483362609316,0.7620807432666248
2751,0,2,1,0,0,1,1,0,0,0,1,0,0,2,1,2,1,1,0,0,0.5352520957445073,0.550628901919111,-0.15399020364780286
2752,1,0,1,0,0,1,0,0,0,1,1,2,1,2,1,1,0,1,1,0,-0.25410776693024223,0.5632185955457056,-0.3190120283365062
2753,2,0,1,0,0,1,0,0,0,0,1,0,1,0,2,1,0,0,1,0,-0.23349271124332774,0.5683279425707088,-0.8749285794666604
2754,1,0,1,1,0,0,0,0,0,2,0,0,0,1,1,0,0,0,0,0,1.7094493642941633,-0.1503366024962911,0.4802407098988498
2755,0,2,0,0,0,0,1,0,0,1,1,1,2,1,1,1,0,0,2,0,0.3194239472603101,0.6837268841828291,0.724920635197969
2756,0,0,0,1,0,1,0,0,0,1,1,0,2,1,2,0,1,0,0,0,0.3920063691869277,0.7488091533477673,-0.19599836018174505
2757,0,0,0,0,0,0,1,0,0,0,0,0,0,2,0,1,0,1,0,1,-0.44271529975110396,-0.005579666988180798,0.3202088989651618
2758,2,2,0,1,0,0,1,1,1,1,1,0,2,0,0,2,1,1,0,0,-1.2294706451509396,-2.1165146034688758,-0.6226755541714761
2759,0,1,1,0,0,0,1,0,0,1,2,0,0,0,0,0,0,0,0,0,0.2818525279526585,0.46605964704604264,-1.9704108030685632
2760,0,1,1,0,0,0,0,0,0,1,1,1,2,1,0,1,1,0,1,0,0.37308873843465096,0.24344791289868628,-0.09950231151531591
2761,1,1,0,0,1,1,1,0,0,1,0,0,2,1,0,1,1,1,1,0,1.4482844355455498,-0.2792324206564889,-1.533822325263777
2762,1,0,0,0,0,1,1,0,0,0,1,0,1,1,1,1,0,0,1,0,-0.7055396458572721,-0.03924295702627907,-1.6103972699720877
2763,1,0,0,0,0,0,1,1,0,0,1,0,0,2,2,1,0,1,1,0,-0.27088218449587215,0.489366975485717,1.009508783494626
2764,1,1,2,1,0,1,0,0,0,1,1,0,0,2,0,0,0,1,0,0,0.24881778204247187,-1.0296138238975658,0.49233471179587146
2765,2,2,0,0,0,0,1,0,0,1,0,0,1,2,1,1,0,1,1,0,0.18410911431577806,-1.7312488722573973,0.24584174818244817
2766,1,0,0,1,1,0,0,0,0,1,0,0,0,0,1,1,0,1,0,0,0.7622668502481795,-0.12696270611729688,0.2695141915774464
2767,1,2,1,1,0,0,1,0,0,2,1,0,1,2,2,0,0,1,1,0,-1.091331014541169,-0.3398334050773739,0.8751809463342628
2768,2,0,0,0,0,0,0,0,1,1,2,1,1,0,1,2,0,0,0,0,0.6586760623224057,-0.10515745950233402,0.23945064226592938
2769,0,0,0,1,0,2,0,0,0,1,0,0,1,1,1,1,1,1,1,0,-0.4811401871217566,-0.11813022905515919,1.556134255000637
2770,1,0,1,1,0,0,0,0,0,1,1,0,1,1,2,1,1,0,1,0,0.13689557743398703,0.17629713119433282,0.9192944980852675
2771,1,1,0,0,0,1,1,0,0,1,2,0,0,1,1,2,0,0,1,0,0.26518144153900974,0.8182383707759092,0.34127292478676713
2772,1,0,1,0,0,1,0,0,0,1,0,0,1,2,2,2,0,1,0,0,1.9503062791741042,2.1976532610771446,-1.095157265762328
2773,1,0,1,0,0,2,0,0,0,2,1,0,1,0,0,0,0,1,1,0,0.5960400980608925,1.0105699176579341,1.0790444025089352
2774,0,1,1,1,0,0,0,0,1,2,1,0,0,1,2,0,0,0,2,0,-0.4431507404750238,-0.09120686147748042,-0.5634850061573355
2775,1,1,1,0,0,1,1,1,1,0,0,0,1,0,1,0,1,0,1,0,-1.200749521399731,-0.5626625135703904,-0.3057362283966595
2776,2,1,0,0,0,0,1,0,0,1,2,0,1,1,0,1,1,0,0,1,-1.4966898767729204,0.10128858396588514,-1.1907075727513288
2777,1,2,1,0,0,1,0,0,1,2,1,0,0,1,2,0,0,2,0,0,2.1061574668881344,1.8065810336065482,0.7878143850172479
2778,1,1,0,0,0,0,1,1,0,1,0,0,0,0,0,1,1,1,0,1,0.6286896729636796,-1.2949312809893754,-0.16144721234229442
2779,0,1,0,0,1,0,1,0,0,0,0,0,0,1,0,1,1,0,1,0,1.4355152405932647,2.368056964884904,0.03398141226452034
2780,0,0,1,0,0,1,1,0,0,1,1,0,1,0,1,0,2,2,0,0,-0.9331986474168418,-0.37721460250345873,-1.5369723700975584
2781,1,1,0,1,0,0,1,0,1,2,0,2,0,2,2,2,1,1,1,0,-0.39196778739056154,0.12301908585369457,1.4648980363453408
2782,2,1,1,1,0,1,0,0,0,1,1,0,1,1,1,2,0,0,0,0,0.334842720807332,0.6141620331091613,0.04291434183529563
2783,1,1,0,0,0,1,0,1,0,0,0,1,0,1,1,1,0,0,0,0,1.623344192483842,-0.9207051975747587,-0.5557932302812628
2784,0,1,0,0,0,1,1,0,0,1,1,0,0,0,2,0,2,0,0,0,-0.4845096334962541,0.9213436473749462,-0.6772981444371375
2785,2,0,1,0,0,2,0,0,0,1,0,1,1,0,1,2,1,1,1,0,1.970524880678157,1.7537465105889305,1.6540099897888494
2786,1,0,1,2,0,0,1,0,0,2,1,0,0,1,1,1,1,0,0,0,1.0712677078338777,1.0907302263463519,1.5427043565289709
2787,1,0,1,1,0,0,0,0,0,1,0,0,0,1,0,1,0,0,0,0,2.519645988668436,-0.06582327417752998,0.7806835752067349
2788,2,1,0,1,0,1,1,1,0,1,1,1,1,1,0,0,1,0,1,1,0.7990158439056767,0.7682856090520858,-0.35187990200270425
2789,1,2,1,0,1,0,0,0,0,2,0,0,0,0,0,1,0,0,0,0,-0.7030502508178166,-0.11867275069025884,0.5149239046063285
2790,2,1,0,0,0,0,1,0,1,0,1,1,0,1,0,0,1,1,0,0,-0.15667655228320096,-1.0653675081886105,0.8978439863968952
2791,1,1,0,0,0,1,0,0,0,1,1,0,1,0,0,2,1,0,1,1,-0.21105556291233468,-0.8111411984839293,0.10585205014633026
2792,1,1,0,1,0,1,1,0,1,0,0,0,0,1,2,1,0,0,0,0,0.21314996423155425,-0.11736910587078814,-0.5822411023701437
2793,0,1,1,0,0,0,0,0,0,2,0,0,1,1,2,2,0,1,1,0,-0.28870691346643623,-2.4030963178455984,-0.41781705080593307
2794,2,2,1,1,0,2,2,0,1,1,2,1,0,1,1,2,0,0,1,0,-0.7750096730141092,-0.3194252931146093,0.31994073612015794
2795,0,1,1,1,0,1,1,0,0,1,0,0,0,1,1,0,0,0,1,1,0.9538158002775586,1.6686623064086756,1.4370242843682393
2796,1,1,0,0,0,0,1,0,0,0,1,1,0,0,0,0,0,0,1,0,1.7313513590448169,0.3844255876554073,1.3820806490466149
2797,1,2,1,0,0,0,0,0,0,0,1,1,0,1,1,0,0,1,0,0,0.8320430786435093,0.6116892907640268,0.2259051560311734
2798,0,1,0,0,0,0,0,0,0,1,0,0,0,0,0,1,0,1,1,1,0.39059221622608453,-0.3264068986967252,-0.802164510769509
2799,2,2,0,1,0,0,1,0,0,1,0,1,1,0,2,0,1,1,1,0,-1.7363318189070767,0.1452312391135172,-0.20332169862754204
2800,1,1,1,0,0,0,0,0,0,2,1,0,2,2,0,1,0,0,0,0,-0.21939148398744085,-2.1140366394121894,-1.2772062059336586
2801,0,2,0,0,0,0,1,0,0,2,2,0,0,1,1,0,0,1,2,0,-0.3801901549488343,0.13931918888275305,0.2420513854885298
2802,2,1,1,0,0,0,0,0,0,2,1,0,0,0,1,1,0,0,1,0,0.22024867106514304,-0.6545511372155568,0.007753870464828366
2803,0,2,1,1,0,1,0,0,1,1,0,1,0,2,0,0,1,0,1,0,1.8887756953686432,0.3100682926739274,0.5677104180965009
2804,1,2,1,1,0,2,1,1,0,0,1,1,0,2,1,1,0,1,0,0,-1.4509031657099838,0.4355815659829255,-0.6506837027089593
2805,1,0,1,1,0,1,0,0,0,1,0,0,1,1,0,1,2,1,1,0,0.6460962868885936,-0.11501754332348127,0.14379710614037614
2806,0,2,1,2,0,1,0,0,0,1,2,1,1,1,1,0,1,1,0,0,-2.0352517865763633,-0.2575150406812753,-0.8295250531010135
2807,1,2,1,1,0,0,0,0,0,2,0,0,1,2,2,1,1,0,1,0,0.22278606813291427,0.6302795172992713,-0.36659254382216594
2808,0,0,0,0,0,0,0,0,0,1,2,0,0,1,0,1,0,0,0,0,0.4663774863943897,0.7354692025022932,1.3610716976585355
2809,1,1,0,1,0,0,1,0,0,1,0,0,0,0,1,2,0,0,1,0,-1.143296467336063,-0.32394634853163196,-0.6636548963214919
2810,2,1,1,0,0,0,0,0,0,2,0,1,0,1,2,1,1,1,1,0,-1.182630436636676,1.4585944607157442,-0.23961398708229498
2811,1,1,1,1,0,0,2,0,0,0,0,1,1,2,1,1,0,0,0,0,-0.2191655976882942,-0.3916553659981017,0.8582784043117773
2812,1,0,1,0,0,1,0,0,0,1,1,1,0,1,1,2,2,0,0,0,0.9723967608604459,-0.2791871684347015,0.9171399529405628
2813,2,1,1,0,0,1,1,0,0,0,1,0,0,0,1,0,0,1,1,0,-2.776181658326282,-0.2636526385939856,-0.5940626051475992
2814,1,0,0,0,0,1,1,0,0,1,1,0,0,1,1,0,1,0,1,0,0.593425202684749,0.127167600017063,0.648720143374656
2815,1,1,1,0,0,0,0,0,0,2,0,0,0,0,1,1,1,1,2,0,0.3186947573510465,1.699217721497163,0.5638390431095582
2816,2,1,0,0,0,0,0,0,0,1,2,0,0,1,1,1,0,0,0,0,0.40208488705154344,-0.6471985216822913,1.9241639829178372
2817,1,1,0,0,1,0,0,0,0,2,0,1,1,0,1,1,0,1,2,0,0.9401290899436684,-0.026418833017119447,0.8848006264186857
2818,0,0,0,1,0,2,0,0,0,1,2,1,0,0,1,1,0,0,1,1,-0.0720108631704136,0.7746962583090863,-0.21098641640864968
2819,1,1,0,0,1,1,0,0,0,1,2,0,1,1,2,1,1,1,0,0,0.1915990959699411,1.1653804248974837,0.8585620185918239
2820,0,1,1,0,0,0,0,1,0,1,1,1,2,1,2,1,0,1,2,0,0.12888310239564033,1.3829861421937801,1.3011046808089635
2821,1,1,1,0,0,1,0,0,0,1,0,0,1,1,0,0,0,1,1,0,-1.1774555119753822,-1.0164427593432823,0.4122762003447532
2822,1,0,1,0,1,0,0,0,0,1,0,1,0,2,1,0,1,0,1,0,-2.163075529108315,1.0349224307226246,0.46539331179138205
2823,2,1,0,1,0,1,1,0,0,1,1,1,1,1,1,0,0,0,1,0,-0.045467090744521106,0.39494745126286235,0.6553283611057781
2824,1,0,1,1,0,1,0,0,0,2,1,0,2,1,2,0,1,0,0,0,-0.17641650177847507,0.19274037375216357,-0.9421346728095308
2825,0,1,0,0,1,0,0,0,0,1,1,0,0,1,0,1,1,1,0,0,0.08935983252534163,-2.14430741324535,1.7199781081839771
2826,0,0,2,1,0,0,1,0,0,0,0,0,1,1,0,1,0,0,2,0,-0.549719205039448,-1.1441631862444748,-1.2579756583632433
2827,0,1,0,0,0,0,1,0,0,0,0,1,0,1,1,0,0,0,0,0,-1.5254986790513538,-1.563441191278399,-3.331219820794248
2828,2,0,0,0,0,0,0,0,0,1,0,1,0,0,0,0,1,0,1,1,0.8553206916428329,0.8088305819496475,2.9792088346539227
2829,0,0,0,1,0,2,0,0,1,1,1,0,1,1,1,1,0,0,2,0,-0.5559133119680721,-0.8961972077477319,-0.45401462545489335
2830,0,0,0,0,0,1,0,0,0,0,1,0,1,2,0,0,0,0,1,0,1.7372499471222447,1.5436504940659188,0.6397705278198835
2831,0,2,2,0,0,2,0,0,0,1,0,0,1,2,0,0,1,0,1,0,0.7448265533956463,-2.2181381504356397,0.7000094169078075
2832,0,1,1,1,0,0,1,0,1,0,0,0,0,1,2,0,1,0,1,0,-2.0330737881689753,-0.04149267653338562,-0.10782185977342046
2833,1,1,0,1,0,2,0,0,1,2,0,1,0,1,2,1,0,1,1,0,-0.8202682990532428,0.364571221513585,1.248222117163385
2834,0,1,0,0,0,1,0,0,0,0,1,2,1,2,2,1,0,0,0,0,-2.0782067264318735,-0.5639926183803732,0.5409380055825275
2835,0,0,1,2,0,1,1,1,0,0,1,0,1,1,2,2,0,1,1,0,-2.3358094539333147,-0.7118486583790202,-1.6326935923159427
2836,1,0,0,2,1,0,0,0,0,1,1,0,0,2,2,1,0,0,2,0,1.716634247333675,-0.11721432934751508,-0.1634250680473895
2837,1,0,1,0,0,0,1,1,1,1,1,0,0,1,2,0,0,0,1,0,-0.7527779370651716,-1.1682563526713476,-3.205946369566091
2838,0,1,1,1,0,0,0,0,0,2,0,0,0,0,0,0,0,1,0,0,1.6576392335281767,-0.46052021038477725,1.577732600884755
2839,0,0,1,1,0,1,1,0,0,1,0,1,0,1,1,1,1,1,1,0,-0.9552232806878036,0.007245337014263775,0.44615540010888766
2840,0,0,1,0,0,0,0,0,0,1,1,0,0,0,1,2,0,0,1,1,-1.7253926442538499,-1.0191412988191038,-0.4571341201695168
2841,0,0,1,1,0,1,1,0,0,1,0,0,0,1,1,0,0,0,1,0,0.2800029377321475,1.4517908077977304,1.0679061372893566
2842,1,0,0,1,0,1,1,0,0,1,2,1,1,2,1,0,1,0,2,0,-0.3093585565297361,-0.552760811568298,0.6728023520852429
2843,2,1,0,0,0,1,0,1,0,1,2,0,0,0,2,1,0,0,2,1,0.874138783961064,0.9532494694770983,3.906267850938271
2844,0,1,0,1,0,1,0,0,2,1,0,0,0,0,1,2,0,1,0,1,-0.6370039347225144,-1.6573132064781038,-1.0003565126911276
2845,0,1,0,1,0,1,0,0,1,1,1,1,2,1,1,1,0,0,0,0,0.07602062143965839,-1.0981680075694236,-0.0059732269234364505
2846,1,0,1,1,0,0,0,0,0,1,1,0,1,0,1,1,0,1,1,0,-1.3445934600810814,-2.346525376849453,-1.1947449475538403
2847,1,1,0,1,0,0,0,0,0,1,1,0,0,1,2,2,0,1,1,0,0.04656523934929731,-0.0572892452651082,1.2629947621615343
2848,1,2,1,1,0,0,0,0,0,2,2,0,0,0,0,1,1,0,1,0,0.21174581827540562,0.6892673568286976,-1.0984245556738403
2849,0,0,1,0,0,0,1,0,1,1,1,1,0,1,1,2,1,0,2,0,-0.6251677674770922,-0.8148775082305126,-0.8099525999286938
2850,0,0,0,2,0,1,1,1,0,1,1,1,0,1,2,2,1,0,1,0,-1.2080296996187565,1.4786992730625506,0.6263899996619943
2851,1,2,0,0,0,0,1,0,0,2,1,0,0,1,2,1,0,1,0,0,0.029610372810068116,0.29880039687618837,0.264241638372916
2852,1,0,0,0,0,1,1,0,0,1,1,0,1,2,2,0,0,0,1,0,-1.7022425820850893,-0.598707326449821,-1.4246361252818627
2853,1,1,0,0,0,1,1,1,0,0,2,0,0,2,1,2,0,1,1,0,-1.2365778944884585,-1.0505811023779046,0.788793664064249
2854,1,1,0,0,0,0,1,0,0,1,1,0,1,1,1,1,1,0,1,0,0.48975844474418145,0.28487099492100243,-0.6210957389976076
2855,2,0,0,1,0,1,0,0,0,1,1,0,2,2,2,1,1,0,0,0,1.107593517540752,1.096619639499062,0.9644998968071539
2856,1,1,1,1,1,0,0,0,0,0,1,0,0,2,0,1,2,1,1,0,0.36523864287025676,-0.6712616752985731,-0.9278454590107736
2857,2,0,0,0,0,0,1,0,0,0,1,0,1,1,1,0,2,0,1,0,-0.10857941827978777,0.5306624883233493,1.139883155735986
2858,1,2,0,1,0,0,0,0,1,1,1,0,0,2,1,1,0,0,1,0,-0.5720294629601119,1.163834844032746,-0.34204219060664115
2859,0,1,0,0,0,1,2,0,0,2,0,0,0,1,1,1,1,0,1,0,-0.03392783258762433,-0.16152146907926562,0.39859147691967783
2860,2,1,1,0,1,0,1,0,1,1,1,1,0,0,2,1,0,1,2,0,0.0977171663561788,-0.674505176503769,-0.21570643308926682
2861,1,1,0,0,0,1,1,0,0,2,0,1,2,1,1,2,0,1,1,0,0.005457383289724858,0.17550190750765898,0.4993800607171751
2862,1,0,1,2,1,0,0,0,0,0,2,0,1,1,1,0,0,0,0,0,0.5045060907284583,-0.5700837722842971,1.215688496434547
2863,2,0,0,0,0,0,0,0,0,0,1,0,0,1,0,0,0,2,0,0,-1.3549169744197742,-2.032795663741629,-1.8667364877307562
2864,0,1,2,1,1,0,0,0,0,0,2,0,1,2,1,1,2,0,1,0,0.3274286947837921,-0.35287648233558155,0.22950950482377208
2865,0,1,1,0,1,0,0,0,0,1,2,1,0,0,1,1,0,1,2,0,-0.26188174168189954,-0.4362821627186171,0.8051113907014671
2866,0,1,0,1,1,1,0,1,0,1,0,0,0,1,0,2,0,1,2,0,0.6757761273126043,0.07969780768873269,0.32457612518381196
2867,1,2,0,0,0,0,0,0,0,1,1,0,0,0,2,0,1,0,2,0,-2.6267754922904594,-0.05702641874314529,-1.0936576773460076
2868,1,1,0,1,1,1,0,0,0,1,1,0,0,1,1,0,1,0,0,0,0.899707309699513,-0.285256605922919,-0.8310277041104115
2869,1,2,1,1,0,1,1,0,0,1,2,0,1,0,1,0,0,0,1,0,-1.4892387610118494,0.8118032024224574,-0.6458228574081439
2870,2,1,1,0,0,0,0,0,1,1,1,0,0,1,1,1,0,1,1,0,-0.32907415300719706,-1.0330599451484743,0.12245521732126768
2871,1,0,0,0,1,0,0,0,1,2,1,0,0,1,0,1,0,0,2,0,0.16219410464981396,-0.3476242856967468,1.5498370100122463
2872,0,2,1,0,0,0,1,0,0,1,0,0,1,1,0,2,0,1,1,1,-0.3183106578844719,-2.3187263895330146,-0.32980202090927474
2873,1,1,0,1,0,1,0,0,0,1,0,0,0,0,1,1,0,0,0,0,-0.42140917754986384,0.8946213246340418,2.0460440210870168
2874,0,1,1,0,0,2,0,0,0,0,0,0,1,2,1,0,0,1,1,0,-0.740747825175772,0.5983882933290445,-0.20131830002841358
2875,0,1,0,1,0,0,1,0,0,0,1,0,0,2,0,0,1,0,1,0,0.5280996820137321,-0.4783780756279513,-0.0596326380160887
2876,2,0,1,0,0,1,0,0,0,1,0,1,1,1,1,2,0,2,2,0,-0.2151802149225681,0.1426322853023854,0.012530865044500569
2877,1,1,0,0,0,1,1,0,0,1,1,0,1,1,1,1,1,1,2,0,1.5319466151567662,0.7128154995044252,-0.1232143907893648
2878,0,0,0,0,0,0,1,0,1,1,0,0,0,2,2,0,2,1,0,1,-2.1949508784786023,0.06294864068242811,-0.3738669403540862
2879,1,0,0,0,1,2,1,0,0,2,0,0,0,1,1,0,1,1,2,0,-0.1065522349907325,-2.2643843849355094,3.979488409657888
2880,0,1,0,1,0,0,1,0,0,0,2,0,0,1,1,0,0,2,1,0,-1.4461857986965054,0.6266534949748157,1.642056637742641
2881,1,1,2,0,1,1,0,0,0,2,0,0,1,2,1,1,1,1,0,0,-0.5226462130958223,0.49842621198436476,-0.5291943938528222
2882,0,0,2,0,0,0,2,0,0,2,0,0,0,2,1,0,1,0,1,0,-0.32496065196808854,0.03624936849114304,-0.799661397940819
2883,1,1,0,0,0,0,1,0,0,0,1,0,1,1,1,1,0,1,1,0,1.898162583376652,-0.8616774274006243,-0.1669366891796336
2884,1,1,1,0,1,0,0,1,1,1,1,0,2,2,1,0,0,1,1,0,-0.3882076072190394,-0.6157798228171714,0.8789452239125823
2885,1,0,1,1,0,1,0,0,0,0,0,0,1,1,0,1,1,0,2,0,0.7919059199123265,-0.08067460808159316,1.5537348686252341
2886,2,1,1,2,0,0,1,0,1,1,1,0,1,1,1,1,0,1,0,1,-1.4497906670509395,-0.1013728102847824,0.12142352234505027
2887,0,2,0,0,0,0,0,1,0,1,0,0,0,2,0,2,1,2,1,0,-1.1731002973982816,-1.536177974084567,-1.2694902048129773
2888,1,1,0,0,0,0,0,2,0,2,0,1,1,2,0,1,0,0,0,1,0.22683284076771237,0.83148915791577,0.8727533533872404
2889,1,0,1,0,0,0,1,0,0,0,0,0,0,1,1,0,0,0,0,0,-1.5082611486879982,-1.6660810337389427,-0.9056534765728759
2890,2,0,1,0,0,2,0,0,0,0,2,0,1,1,0,0,0,0,1,0,-1.0986741509569868,-0.17286321171069213,0.8989400141226549
2891,1,0,1,1,0,1,0,0,0,2,2,0,0,0,1,1,0,0,1,0,-2.135762857159878,-0.9205450925479806,-2.3298090526451958
2892,0,1,0,2,0,0,0,0,0,0,0,0,0,1,0,1,0,0,2,0,-1.745189978387784,-1.43158771777665,-0.9296741495572938
2893,0,1,0,0,0,0,0,0,1,2,1,0,0,2,1,0,0,2,2,0,-0.012875430544959649,1.4527360548031547,2.106134277918906
2894,0,1,1,0,0,1,0,0,0,0,2,0,0,1,1,1,1,1,0,0,-0.8213495686263408,0.16402764953711335,-0.6182813984344128
2895,1,0,0,0,0,1,0,0,0,1,1,0,0,0,2,2,1,1,0,0,1.6775806502384012,0.8940491641681805,-1.3414168805964886
2896,1,2,0,0,2,0,2,0,0,1,2,0,1,2,1,1,2,0,2,0,0.5513418082413815,-0.29016824230354377,2.1142778136444913
2897,0,1,1,0,0,1,0,0,0,2,0,2,0,1,0,2,0,0,1,0,0.06586850915864717,-1.3159790549473291,-0.5403683652200281
2898,1,1,2,0,0,1,1,0,0,0,1,1,0,2,0,0,0,0,1,0,-2.054985448366152,-0.30902782326814654,-1.2771854763622474
2899,1,2,1,0,0,0,0,0,0,0,0,0,0,0,1,1,0,2,0,0,0.10655619854083519,-2.2188393136354905,0.11151155702549911
2900,0,0,1,0,0,1,0,0,1,1,0,0,0,0,2,2,2,0,1,0,0.15606587333820776,-1.16168286201801,0.7914427900335825
2901,2,1,1,0,0,0,0,0,0,2,1,0,0,1,2,0,1,0,0,0,-0.6985884561734277,0.6433203815415091,-0.7399108746240818
2902,1,1,0,0,0,0,0,0,0,0,0,0,0,0,1,0,2,0,0,0,-0.39003894849919934,-0.9801973307531479,-1.3188140438292317
2903,2,0,1,0,0,0,0,0,0,1,0,1,1,1,0,1,1,1,0,0,-1.1240581466524717,-0.6503119583196977,0.4987895363238571
2904,0,1,0,0,0,0,0,0,0,1,1,0,0,2,1,2,1,1,0,0,-0.3556614752133133,-1.3940514671483606,-0.358495652820493
2905,1,1,0,1,0,0,0,0,0,2,1,0,0,1,1,1,0,1,1,1,-0.558901088395095,-1.4061384829173205,-0.47882777053478315
2906,1,0,0,0,0,1,0,0,0,2,1,0,1,1,0,0,0,0,0,0,0.6985534314583925,0.03213521110841522,2.011696913891374
2907,0,0,1,0,0,1,1,0,1,1,1,0,2,1,1,1,0,0,0,0,2.122355543380023,0.8698509350057169,0.6931139539012192
2908,1,1,0,0,0,0,1,0,0,2,0,1,1,0,2,0,1,0,0,0,-0.6687219155440842,0.9987188833230505,-0.33285738254847885
2909,0,0,1,0,0,0,0,0,0,0,0,0,0,2,2,1,1,1,0,0,-0.05275646356081871,-0.38875864204355925,1.0733018824700236
2910,1,1,2,0,0,0,1,0,0,1,1,1,0,1,1,1,1,0,1,0,0.6654011299795963,0.8631739576555089,-0.028347621003052104
2911,2,1,0,1,0,0,2,0,0,2,1,0,0,1,2,1,1,0,0,0,0.8719231077984232,-0.4024707795503526,1.274133483861144
2912,1,1,1,0,1,0,0,1,0,1,0,0,1,0,2,0,0,0,1,1,1.94721643851881,1.304042745893671,0.9274917522649804
2913,1,0,2,0,0,0,0,0,0,1,0,0,0,0,1,2,1,0,0,0,-0.8040953397265449,-0.4045573667825449,-1.1539742206047086
2914,1,0,0,0,0,1,1,1,0,1,1,0,0,2,2,0,0,0,1,1,-1.2230660893123035,0.6193114431957785,-0.66042903328056
2915,0,2,0,0,0,1,0,1,0,1,0,0,1,1,1,0,1,0,0,0,0.5300139666499496,-0.603792051955105,2.1393978643328606
2916,1,2,0,0,1,1,0,0,0,0,0,0,1,1,0,1,0,1,0,0,0.015708359416772108,0.014898600879976631,-1.7512902372119072
2917,1,0,0,1,1,1,0,0,0,2,2,0,0,0,1,1,1,1,1,0,-1.2773305097427132,0.23906537988280116,1.0941745707132102
2918,1,0,0,0,0,0,2,0,0,1,1,0,0,1,2,1,0,1,0,1,0.1740334453221963,0.9087034893822807,1.789126877614145
2919,1,1,0,1,0,2,0,0,0,2,0,0,0,0,0,1,0,0,1,1,0.3352865538743709,-0.38258066452745476,-0.8560902819865379
2920,1,2,1,1,1,1,0,0,0,0,2,0,0,1,1,1,0,1,0,0,0.4446240305003631,-0.5014359175393828,-0.8227731241677676
2921,0,1,1,0,0,0,1,0,0,0,1,2,0,1,2,1,1,1,1,0,-1.2348345874167963,0.5502998344095625,0.7845832355200347
2922,2,2,1,0,0,0,1,0,0,2,0,0,0,1,1,2,0,0,2,0,1.6199152913356771,0.9130517040319068,0.6880182629701765
2923,2,0,1,1,0,0,0,0,0,1,2,0,0,0,2,0,0,0,1,1,0.06023250588757875,2.5090221893328586,1.458671343675614
2924,0,1,0,1,0,1,1,1,0,0,1,1,0,0,0,0,0,1,0,0,-0.1881646636798416,-1.0757948002637914,0.7391079348288278
2925,0,0,2,0,0,0,0,0,0,2,0,0,0,2,1,0,1,0,1,0,0.13282093529209946,-0.5388550819893705,-1.1063846401219195
2926,0,0,1,0,0,2,0,1,0,2,1,1,1,0,2,1,1,0,1,0,-1.2637843905604405,-0.2772568953581869,-0.9686647452920414
2927,0,1,1,0,0,0,0,0,0,1,0,1,1,1,1,1,0,0,0,0,2.93016301607557,0.02183296898086784,-0.9680908864865185
2928,0,1,1,1,0,1,0,0,0,0,0,1,1,1,1,0,1,1,0,0,-0.16553305021195291,-0.4994847941207794,1.2001134765882915
2929,1,1,1,0,0,1,0,1,0,1,1,0,1,1,1,0,0,0,0,0,1.1900049960520727,1.6502407242235084,0.9614218388776629
2930,2,0,0,0,0,0,1,0,1,2,1,0,0,1,1,1,1,0,1,0,-0.2181091914573932,0.8658638745605596,-0.5832027179698558
2931,0,2,1,1,0,0,1,0,1,0,0,2,2,1,0,2,1,1,2,0,-0.5460704345996725,-0.9582128322015977,-2.5425094400715134
2932,2,0,0,2,0,0,1,0,0,1,2,0,1,0,1,2,1,0,0,0,-0.2983874210696849,-0.45582986039472095,-1.4340305368513326
2933,0,1,0,0,0,0,1,0,0,1,1,2,0,2,0,1,0,0,1,0,0.7699726608992703,-0.3842141833550555,-0.09960990821828761
2934,1,0,0,0,1,0,0,0,0,0,1,1,0,1,1,2,1,1,0,0,0.4904254865787485,-0.8745050612891692,-1.0717817272304018
2935,2,0,1,0,0,0,1,0,0,0,1,1,1,1,2,1,0,0,1,0,-0.6674764959519087,-1.1543816742161783,-1.5602361440333676
2936,2,0,1,0,1,0,0,0,0,1,0,0,0,0,1,0,2,0,1,0,0.049521040194676506,0.25372825687057704,-0.32878231784536593
2937,1,0,0,1,1,1,2,0,0,1,0,0,0,0,2,1,0,1,1,0,-0.05339063713443972,1.0352046974162117,0.7900175632887317
2938,0,0,0,0,0,1,0,1,0,0,1,0,0,1,2,0,0,0,1,0,0.9813074829093564,1.1977353055115487,2.0638827517127014
2939,1,1,0,0,1,0,0,0,0,1,0,1,2,2,0,2,0,0,1,0,-0.5326261362632637,-1.2953358479789132,-0.026610971491579094
2940,0,1,1,0,0,0,0,0,0,1,1,0,0,1,2,1,1,0,0,0,0.5410289548518387,0.007783020681979443,0.5810168480592597
2941,1,2,0,0,0,0,1,0,1,2,0,0,1,1,0,1,0,1,1,0,-1.6626046575375908,0.8234566433762293,0.9072305889896024
2942,1,1,1,0,0,0,0,0,0,1,1,0,0,0,1,1,0,0,1,1,-0.3747744814548899,0.48713537238667415,-1.1412155913757887
2943,1,1,0,1,0,1,0,0,0,2,1,0,1,1,0,1,1,0,1,0,1.595806421639386,0.7558615158243581,0.21484209875048343
2944,1,1,1,2,0,0,0,0,1,2,2,0,0,0,0,2,0,0,0,0,-0.817025054480646,-0.6643874118510744,-0.5679403420053583
2945,2,1,0,1,0,0,2,0,0,2,1,0,1,1,1,0,0,0,1,0,-0.39909208480837716,1.5763675317926,2.2266596424880523
2946,2,1,1,1,0,0,1,0,0,1,1,1,1,1,0,2,0,1,1,0,-2.038725811186822,-0.0735871242652193,-1.2385508024246978
2947,2,1,1,1,1,1,1,0,0,2,0,0,1,0,2,0,0,1,2,0,-0.020504474969874183,-0.7488328400492666,-1.4252496630234084
2948,1,1,0,0,0,0,2,0,0,0,1,1,1,1,0,0,0,0,0,0,0.4822143998826903,-0.12217451285875948,0.5781830662544603
2949,2,2,0,0,0,1,0,0,0,1,0,0,1,2,1,0,0,1,0,1,0.09677173920989522,0.11549630930329027,0.69607372603032
2950,1,0,1,0,0,0,1,0,0,1,0,0,0,1,1,0,0,1,1,0,-1.5095558134710951,-1.3146100602173663,0.11372674122708593
2951,0,2,0,0,0,0,0,0,0,0,1,1,0,1,0,1,0,0,1,0,0.09182198746382593,-0.866638328035612,0.06234321389803704
2952,0,1,0,1,0,1,1,0,0,2,0,0,0,1,1,2,1,1,1,0,0.2399439855360092,1.2025014708451103,1.0477479096428801
2953,0,1,1,0,0,1,0,1,0,2,1,0,1,0,2,1,2,0,0,0,-1.3600777852445378,0.03203706994055211,-1.1231866739306342
2954,0,0,1,0,0,0,0,0,0,2,2,0,2,1,1,1,2,1,0,0,-1.5256569260257669,-0.9203361134704604,-1.455877547549043
2955,1,0,1,2,0,0,0,1,0,1,1,0,1,2,1,0,0,0,2,0,1.0974335031361142,0.9903777026692892,2.194050385978579
2956,1,0,0,0,0,1,0,0,0,1,0,0,0,1,0,2,2,0,0,0,-0.09005942756293675,0.23546503202458158,-1.0440988949847136
2957,1,2,1,1,0,2,1,0,0,2,0,1,1,0,1,2,0,0,0,0,-1.5830303665624883,-0.3728877209741035,-2.139319127523522
2958,0,1,0,0,0,0,0,0,0,0,1,0,0,0,1,0,0,1,1,0,0.20727112524360206,1.4526364195454025,1.4806247401391912
2959,1,2,0,0,0,0,1,0,0,1,1,0,1,2,0,1,0,1,2,1,-1.9409527629984196,-1.2919099692616611,-0.8678320556816395
2960,1,0,1,0,0,0,0,1,1,1,0,0,1,1,2,1,0,0,0,1,-0.7422318639385407,0.2794521763424104,-0.5906905719697666
2961,0,1,1,0,0,1,0,0,0,1,2,1,0,1,2,2,2,0,1,0,-1.7339418968570188,0.16400341789080364,-1.1274884957159932
2962,2,0,1,0,1,0,0,0,0,2,1,1,1,2,1,0,0,1,2,0,-1.1489168214487357,1.672476287899402,-0.006850267330161475
2963,1,1,0,0,0,1,0,0,0,0,0,0,1,2,1,2,0,0,0,0,1.920853661917959,0.17085896049880892,0.612723783930595
2964,1,0,0,1,0,0,0,0,0,1,0,0,0,2,0,2,0,0,1,0,0.2822814093150495,0.1336180605904445,-0.576864387514115
2965,0,1,1,1,1,1,1,0,0,0,1,0,0,1,1,2,0,1,0,0,-0.08132121858243352,-0.08617541428925996,-0.43820921046994615
2966,2,0,0,0,0,1,0,0,0,0,0,0,1,2,2,2,0,1,1,1,0.020979877006102383,-0.7987650010683918,0.6276441210056176
2967,1,1,0,0,0,0,1,1,0,1,0,0,1,0,1,0,0,0,0,0,0.037555689886725634,0.15594458602166789,0.3266014821829204
2968,2,1,0,1,0,0,1,0,0,2,0,0,0,2,1,2,0,0,1,0,0.09360459061372274,-0.21562679875521196,-3.2937215513524616
2969,0,0,0,0,0,0,0,0,0,2,1,0,1,2,0,0,1,0,1,0,0.5390734531677904,0.7556322276706476,0.33172330659340754
2970,2,1,1,1,0,0,0,0,0,1,0,0,0,1,1,1,0,0,0,0,0.4910702005121896,-0.21763769859954507,0.27733984282353297
2971,1,0,0,1,0,1,1,0,0,1,0,1,1,2,0,1,1,0,0,0,-0.9492914098046217,-0.18946229820789315,-0.10814430340545694
2972,0,2,0,0,0,0,1,0,0,1,0,0,0,2,0,1,0,2,1,0,-1.9105982263665748,-0.5154201427550503,0.7702283749555788
2973,1,2,1,1,0,0,1,0,0,1,1,1,0,0,1,1,0,0,0,0,0.2669901424067809,-0.7371085171057286,0.9389790426517319
2974,1,1,1,1,0,0,0,0,1,2,0,0,0,0,1,2,0,0,2,0,0.06082400022238649,-0.21719237339089748,2.2037178353075397
2975,2,0,1,0,1,1,0,0,0,0,0,1,1,1,0,1,1,2,2,0,1.1386683741092072,1.2725793369902798,2.0023877698877834
2976,2,1,0,0,0,0,1,0,1,0,0,0,0,2,1,0,1,1,2,0,0.6764362218047538,0.5370188721133409,-0.36993528055669844
2977,0,1,0,0,0,1,0,0,0,0,2,0,0,1,0,1,0,0,0,0,1.0243939091506353,-0.3089794271969744,0.19667175817162516
2978,0,1,1,1,0,0,0,0,0,2,1,1,0,1,0,2,1,0,0,0,-1.5720910202219343,0.6541205632788455,-0.20869640095126293
2979,1,1,1,0,0,0,1,0,1,0,2,0,0,2,0,1,0,1,0,0,-0.6830836326891027,0.19588357785623567,1.765738545198003
2980,0,1,0,1,0,0,2,0,1,1,1,1,0,1,0,1,0,1,1,0,-0.46962399830997636,-0.04078978449173559,-1.6816202173128676
2981,0,1,0,1,0,0,0,0,0,2,1,0,0,1,1,0,0,2,1,0,0.5430772363510458,-0.4351411423359003,1.4137111620526965
2982,0,1,0,0,0,0,2,0,0,0,0,0,1,0,0,1,0,1,2,0,0.5676925202281929,-0.1870923157857164,3.126355927691568
2983,1,1,0,1,0,0,2,0,0,0,1,0,0,2,2,1,2,1,0,0,-1.3813210640980451,-0.3137036691868122,-0.35115341036526565
2984,0,1,0,0,0,1,1,0,0,2,1,0,1,1,1,1,0,1,1,1,-0.8497657062960218,0.9194591355785732,0.1492546651670465
2985,1,2,0,0,0,0,0,0,0,2,1,0,1,1,1,0,0,0,1,0,-0.05868800710498994,0.4636213099596751,-0.18609754379227272
2986,0,1,0,0,0,0,0,0,0,1,0,0,0,2,1,0,0,0,0,0,1.1091913955817916,-1.2386189643029066,1.3068420842609165
2987,2,2,0,1,0,1,0,0,0,2,0,0,0,0,0,1,0,1,0,0,-0.18489030093730316,-1.0340201597903682,-2.348596627524455
2988,1,1,0,0,0,1,1,0,0,0,1,1,0,2,1,1,0,1,1,0,0.07922805534432341,-0.8573886752261058,1.4753548308339246
2989,2,2,0,0,0,1,1,0,0,0,1,0,0,0,0,1,0,1,2,1,0.586340849170348,-1.2925569522725944,-0.22178275839097425
2990,0,0,1,0,0,1,1,0,0,1,0,0,0,2,2,1,0,1,1,0,-0.047126698520239256,-0.2551489611789358,0.693156561476337
2991,0,0,0,1,0,0,0,0,1,2,0,0,0,0,1,0,1,0,0,0,0.4508806531556704,1.0900690086163207,0.42577426351706005
2992,0,0,1,0,0,0,1,1,1,2,1,0,0,1,2,0,1,1,1,0,-0.9187773709920268,0.13230108695235981,-0.16396917475171494
2993,2,1,1,1,0,1,0,0,0,0,0,1,1,0,2,2,0,1,1,0,-0.712188106289562,-0.7923924658473583,-1.0421029901591512
2994,0,2,0,1,0,0,0,0,0,0,0,0,1,1,1,2,1,0,1,1,0.6716106438691503,0.8108957288347991,-0.5718477161521476
2995,0,1,0,0,1,0,2,0,0,0,0,0,1,2,1,0,0,0,1,0,0.28537181780077886,0.2193743520060245,-1.508893085382088
2996,1,0,0,0,0,0,0,0,0,2,1,1,0,2,0,1,1,1,0,0,-1.990010874122438,-2.3301987712452368,-1.7140306041868896
2997,0,1,2,0,0,1,0,0,0,0,1,1,0,1,1,0,0,1,1,0,-0.2988990045671783,-0.8664285663224783,-0.7161364029351416
2998,1,1,0,0,0,0,0,0,0,1,1,0,0,2,0,2,1,1,1,0,0.47703426351183503,0.15705088971328407,0.20820474228005328
2999,0,0,0,0,0,1,0,0,0,1,1,0,0,1,0,2,1,0,0,0,1.364545618847558,0.7387380787064537,0.5612850966186426
3000,1,2,0,0,0,0,1,0,1,1,1,0,1,0,2,1,1,0,1,0,0.31791375343508804,-0.4161282380242385,-1.300559705767716
3001,0,1,2,0,0,0,0,1,0,0,0,0,0,1,1,1,1,0,1,0,0.2183250624070186,0.9997052461888927,0.4223044330489927
3002,2,1,0,1,0,1,1,0,0,2,0,1,0,2,1,0,0,0,1,0,-1.7117064734396643,0.152575849722219,-1.0964414543981864
3003,2,1,0,0,0,0,1,0,1,0,1,0,1,0,1,1,0,0,1,0,-1.7723716254477515,0.0631979503290826,-2.118794527511482
3004,1,0,0,0,0,0,1,0,1,2,1,1,2,1,1,0,0,1,0,0,-0.009013426626817417,0.5639227578145616,0.37565251102795344
3005,0,0,0,0,0,1,0,0,0,2,0,0,0,0,0,1,1,1,0,0,0.6174103351989003,1.8802383082322145,-0.8257205073693497
3006,1,0,2,0,0,2,2,0,0,1,0,1,0,0,0,0,1,0,1,0,-0.3918097842136586,0.7192073512620836,2.282361776213312
3007,2,1,0,0,0,0,1,0,0,0,0,1,0,1,0,1,0,0,0,0,0.6474350997346907,-0.838687401811822,-0.3853892016310855
3008,2,0,2,1,1,0,0,0,0,0,0,0,1,0,0,0,0,1,1,0,0.13786456584010431,-0.5390118082787119,0.5593153424733415
3009,0,2,0,0,1,1,0,0,0,0,0,0,0,0,0,1,0,0,1,0,0.080383695220995,0.6258181045176323,0.3989979558155735
3010,0,1,2,0,0,0,0,0,0,2,0,0,1,1,1,1,1,0,2,0,0.3930474447596282,0.020472648666833404,0.018664643630103686
3011,0,0,1,0,0,1,0,0,0,0,0,0,1,0,1,1,0,0,1,0,3.1976392995953757,1.0831540452496722,0.880610445647326
3012,1,0,0,0,0,1,2,0,0,2,1,0,2,0,1,0,0,2,1,0,1.9548786081748282,0.8959469191796381,1.6729059233324195
3013,0,0,0,0,0,1,0,0,2,0,0,2,1,1,1,1,1,0,2,1,-0.9523931883287257,-0.26313119101811017,-0.544602396523534
3014,2,1,0,0,0,0,0,0,0,2,1,0,0,1,1,1,0,1,1,0,0.20379047088096305,-0.989527044311771,-0.039307263348373006
3015,1,2,1,1,0,0,0,2,0,1,0,0,0,2,0,1,1,2,2,0,-1.2486957870814088,0.367476115212078,-1.5862299218788949
3016,2,0,0,0,0,0,1,0,0,2,0,1,0,2,0,1,1,0,1,0,0.5487001827463593,2.06141757353517,2.1437417032205777
3017,0,0,1,1,0,0,0,0,0,1,2,0,0,0,1,2,1,0,2,0,-0.7918563770148487,0.713890413382195,-1.0213676719646738
3018,0,1,0,0,1,2,2,0,0,1,0,0,0,2,1,1,1,1,0,0,-0.2769321247413584,-0.37608554622516277,-0.645157766310533
3019,0,0,0,1,0,0,1,0,0,1,1,0,1,1,1,1,1,2,2,0,0.8436935134132513,1.1466793972263156,0.5481312063063087
3020,0,1,1,0,0,0,2,0,1,1,0,0,0,0,1,1,1,1,0,1,-0.10159536059015924,1.3157366736947704,0.6902275681170462
3021,0,0,0,1,0,1,1,0,0,1,0,0,0,1,0,1,1,0,1,0,0.15806242939212709,-0.2736361861507493,0.7037659244466922
3022,0,0,0,0,0,0,0,0,1,1,1,0,1,1,0,2,0,0,0,0,1.130020124322575,-0.24816576270543658,0.9763563557454165
3023,0,0,0,2,0,0,0,0,0,0,1,0,2,1,0,1,1,2,0,0,1.1200743564011684,-0.11065470385036642,-0.049541329804641654
3024,1,0,0,1,0,0,1,0,1,2,0,0,0,1,0,0,0,0,0,1,0.44685502247992076,0.45076520836178413,1.7575977227043165
3025,1,2,0,0,0,0,1,0,0,1,1,1,0,1,1,0,0,0,0,0,0.6112799762573912,-0.41358037669039016,1.1911099340925912
3026,0,0,2,1,0,0,0,0,0,1,1,1,1,1,0,1,0,2,2,1,-0.781257756949826,-0.4779113327082613,-0.22090258680068425
3027,1,1,1,0,0,0,0,0,0,1,0,0,0,1,2,0,0,1,1,0,-1.271657883694505,-0.04620334340025617,-2.2691179999209745
3028,1,1,0,0,0,0,0,0,0,1,2,1,0,1,1,2,2,1,0,1,-1.2415519064550453,-1.622394367555927,-0.7189236389592526
3029,0,1,0,0,0,0,1,0,0,0,1,0,1,0,1,1,1,1,2,0,-0.7928018617507819,-0.5843149566774279,-0.9790935572613484
3030,0,0,1,0,0,1,0,0,1,1,1,0,0,1,0,2,0,1,0,0,0.08437050675842316,-0.5344177424288538,-0.9809350477609852
3031,0,2,1,0,0,1,0,0,0,2,1,0,2,0,1,0,0,2,1,0,0.47734928306977714,-0.7246989007934801,2.0568244380838347
3032,1,0,1,0,0,0,0,0,0,1,0,0,1,1,1,2,0,2,0,0,1.2602836231495,1.0816629862304048,1.4973623386479002
3033,1,1,0,0,0,1,0,0,0,0,0,1,1,0,1,0,1,0,1,0,0.9379948616052559,1.060360479376525,0.16056210249976643
3034,2,1,0,1,0,0,0,0,0,1,0,1,0,1,1,1,0,0,1,0,0.4590969543678857,-1.6514681147072834,-0.22258894060441475
3035,1,1,0,0,1,1,2,1,0,0,1,1,0,2,0,2,1,0,0,0,0.5377899879423625,0.7237695520774501,2.1737044926475857
3036,0,1,1,1,0,1,0,0,0,0,0,0,1,1,1,1,0,0,0,0,-0.31667893264707736,-0.3905891860147359,0.4490392726756649
3037,2,0,0,1,0,0,1,1,0,1,0,0,0,2,1,1,0,2,0,1,0.9282040936761927,1.4931023259860243,0.31440264369613635
3038,1,0,1,0,0,0,1,1,0,1,1,0,1,1,1,1,1,1,0,0,0.36370094196815245,1.1044986936361811,-0.5949725136683652
3039,2,1,1,0,0,1,0,0,0,0,1,0,1,1,1,2,1,0,1,0,-0.409758895539102,-1.1346502061978365,-1.0445688320988356
3040,0,1,0,0,0,1,1,0,1,1,0,0,0,1,0,1,0,0,0,2,0.08787326516194459,-0.6240504920830002,0.47368733201381746
3041,1,0,1,0,0,0,0,0,0,1,1,0,1,0,2,1,0,1,1,1,-0.03765091223321639,0.7802715541852796,0.02575062232895886
3042,1,1,0,0,1,1,1,1,0,2,2,0,1,2,1,1,1,0,2,1,0.3214057830356754,-1.405614080711243,-0.0424945319465032
3043,0,1,0,0,0,1,0,0,0,2,1,0,1,1,2,0,0,1,0,0,-0.1326098915130746,-0.4015895509185842,-1.0782367434608304
3044,2,1,1,0,0,0,0,0,1,1,0,0,0,1,2,1,0,0,0,0,-1.4419626952865758,0.04729879518411151,0.45808131962346776
3045,1,1,0,0,0,0,0,0,0,0,2,0,2,0,0,2,1,0,0,0,-0.14693133228296099,-0.5010534447196688,-0.7311640857726092
3046,0,0,2,1,0,0,1,0,0,1,0,1,0,2,1,1,1,1,1,1,0.06714804886099518,1.1536080406889193,-0.9808005161698802
3047,0,0,1,0,0,1,0,1,0,2,2,1,0,1,2,2,0,2,1,0,1.211294443281927,0.2775422991109283,-0.16328939100769552
3048,1,0,0,1,1,1,0,1,0,1,1,1,0,1,1,2,1,1,0,0,-1.652494603676479,-0.5430437412781102,-1.1137848610896637
3049,0,1,0,1,0,0,1,0,0,1,0,0,1,0,1,1,1,0,1,0,1.9606641105509663,0.06563111228680263,1.6256041211944567
3050,1,1,2,0,1,1,0,0,0,0,0,0,1,2,1,2,0,1,1,0,-1.8287304367004895,-0.056726245761343996,-0.20966589329290936
3051,1,1,0,0,0,0,0,0,1,1,0,1,0,1,2,0,1,1,1,0,-0.23299042260765543,-0.3719231608138098,0.23467498493652358
3052,1,0,1,1,0,0,0,0,0,1,2,0,2,1,2,1,2,0,1,0,-2.711233987750828,0.4929515820827715,-0.9744374278188681
3053,2,0,0,1,0,0,0,0,0,1,2,1,2,2,0,0,0,0,1,0,0.89428750162248,-0.266004512802435,1.0870023094281698
3054,1,1,0,0,0,1,0,0,1,1,0,0,0,2,1,1,0,0,1,0,0.6700860983220588,-0.45385452352235983,-0.23435477856622683
3055,1,2,1,0,0,1,0,0,0,2,0,0,0,1,2,2,0,1,1,1,0.8679805147572012,0.5347933662587594,0.7233136675848678
3056,1,1,0,0,0,1,0,0,0,0,1,0,0,1,1,1,0,1,0,0,1.7879113051761513,0.30767815209331095,-0.14511660642627788
3057,1,0,2,0,1,2,1,0,0,2,1,1,0,1,1,2,1,1,1,0,0.05466464520228933,0.5016869902597176,-0.966035632359987
3058,1,1,0,0,0,0,1,1,0,1,2,0,0,2,1,0,0,0,0,0,0.5916575167850481,0.7688412018445807,0.8393837771779874
3059,0,1,1,0,0,0,1,0,0,1,2,0,0,0,2,1,0,0,0,0,-0.7500579800104805,-0.04616261640259217,0.5739112077772051
3060,1,2,0,0,0,1,1,0,0,1,0,0,1,1,1,0,1,1,1,0,-0.3521776681441272,-0.03368406642115018,-1.350215236110187
3061,0,0,1,0,0,0,2,0,0,1,0,2,0,0,1,2,0,1,0,0,0.23699431295551937,1.7021233075613071,1.4266503708165046
3062,0,0,1,0,0,0,0,0,0,2,1,0,1,2,2,2,0,2,0,0,0.8782930803518414,0.6936882487480014,0.8242264191959026
3063,1,1,1,0,0,0,0,0,0,1,2,0,1,0,0,1,0,1,0,0,1.119979486193983,0.5087321514990025,-0.013715196498809368
3064,1,0,2,1,0,1,0,0,0,2,2,2,0,1,0,0,2,0,1,1,0.6308325341856564,0.7759785697101507,2.157886431265445
3065,1,0,1,0,0,0,1,0,0,1,0,1,0,2,1,1,0,0,0,0,-0.14016998317555968,0.750757467140799,-0.7826066750393949
3066,0,1,0,0,0,0,1,0,1,2,0,0,1,1,1,1,0,1,1,0,-1.2279404745398503,-0.8434043587552077,-0.31670323301092695
3067,1,1,0,0,0,0,1,0,0,0,0,0,1,2,0,0,1,0,1,0,-0.8717258571505121,0.07292880825748049,1.0234833342166736
3068,1,0,1,0,0,0,1,1,0,0,1,0,0,1,2,1,1,1,1,0,0.23924578903688723,-0.34238106337421037,-0.6123927403565462
3069,0,1,1,1,0,0,0,0,1,2,0,1,1,1,2,2,0,2,1,1,0.962610444131951,0.07438372638051727,0.678663877470232
3070,1,0,0,1,0,2,0,0,0,0,0,0,1,2,2,1,1,0,0,0,0.5565330216025192,0.2680514276941901,1.2274758079311126
3071,0,1,2,2,1,0,1,0,0,1,0,1,0,0,2,2,1,1,1,0,-2.1599369494867666,-1.5418613757052548,1.0791765276918346
3072,2,1,1,0,0,1,1,0,0,1,0,0,1,2,1,1,0,1,1,0,-0.26424414293361215,0.8678989448249337,0.31842713572463743
3073,1,2,0,0,0,0,0,0,0,1,0,0,2,1,0,0,0,0,1,0,-0.33876728110970494,1.8638087670186378,-0.44858050227337976
3074,0,2,0,0,0,1,0,0,0,1,1,1,1,2,1,2,0,0,0,0,1.4381293449604504,-1.3763357522253572,-0.11435910373170638
3075,1,1,0,1,0,1,0,0,0,1,0,0,0,0,1,1,0,0,2,0,1.0215338076447946,-1.390280078864868,1.6579092463906453
3076,0,0,1,2,0,1,1,1,1,0,0,0,0,2,0,0,0,1,0,1,0.16418218297542797,0.6963903290483463,1.4535782762735914
3077,1,1,2,0,0,0,0,1,0,0,1,0,1,1,1,2,0,1,1,0,-0.01886646696352676,-1.2713674607889187,0.5360750655276186
3078,0,0,0,0,0,0,0,0,0,2,0,0,0,1,0,2,0,0,0,0,-0.6785504085658268,0.31531781682906046,-0.9383113522218395
3079,2,0,0,1,0,0,0,0,0,2,0,0,0,1,0,1,1,2,1,0,0.8457267024086049,-1.1941974805908067,-0.6336459772872524
3080,0,0,0,0,0,0,1,0,0,2,1,0,1,2,2,0,0,0,1,0,-1.2348189169006891,-0.33575485256027016,-0.31575398201841753
3081,1,1,2,1,0,0,0,0,0,1,0,0,0,1,1,0,1,0,0,1,-0.9953842747903343,-0.13993513248806705,1.1075120514549484
3082,1,1,1,0,0,0,0,0,0,1,1,1,1,1,1,1,1,1,0,0,-0.3242251148024258,-1.7270319826770801,1.2903596859366153
3083,0,1,0,0,1,1,2,0,0,1,1,1,1,0,2,1,1,0,0,0,0.6328922624471739,-1.2312222704291496,1.0323365309612937
3084,1,1,1,0,1,1,2,0,0,1,0,0,0,1,2,2,1,1,1,0,0.07698510622502444,0.00665839113362483,-2.7412414627269213
3085,1,2,0,0,0,0,0,0,0,1,0,0,0,1,0,1,1,1,1,1,1.2664224733720792,0.9572180892250151,-1.2789991191647827
3086,0,1,1,0,0,0,0,0,1,0,1,1,1,1,1,0,0,0,1,0,-1.8490027427325604,0.02063939648955837,-2.2375120924390735
3087,2,0,1,0,0,0,2,0,0,1,2,1,1,2,2,1,1,0,0,0,-0.9790756764068883,-0.026119251812887663,-0.19806512382569663
3088,1,0,0,0,0,1,1,1,0,2,1,1,0,2,1,0,0,0,0,1,-1.5367748659896574,-0.40356611862422626,-0.9585189153816045
3089,0,1,0,0,0,0,1,0,1,0,1,0,1,1,2,1,2,2,2,0,1.4668476669273582,0.7220956270722063,2.3572821371661092
3090,0,0,0,0,0,0,1,0,0,0,0,0,0,0,1,2,1,1,0,1,1.1842284201411197,-0.1765582216190177,0.3316505891541381
3091,1,0,0,0,0,0,1,0,0,2,1,0,1,0,0,0,0,0,1,1,-0.15520349708000097,1.2808371846958977,0.8002195792250545
3092,1,1,0,0,0,1,1,0,1,0,0,1,1,0,0,0,2,0,1,0,-0.41769737034601284,0.3932615079900441,1.8241093892181697
3093,0,2,0,0,0,1,1,0,0,1,1,0,1,2,0,0,2,0,1,0,1.1987008951443674,2.2190118267345404,0.7554956499040285
3094,1,1,0,0,0,1,1,1,0,1,1,0,0,1,1,2,1,0,2,1,0.04496906544724121,-0.3776676085088057,-0.5315061979618096
3095,1,0,1,0,0,2,1,1,0,1,0,1,0,1,2,2,2,0,0,0,-0.0893770328524204,0.9278379013571618,-0.06294268684802257
3096,1,1,0,0,0,0,1,0,0,0,0,1,1,0,1,2,0,0,1,0,-1.1261446055954627,-1.5144445631533314,-1.6568349025200326
3097,2,0,2,0,0,1,1,0,1,0,0,0,0,1,0,1,0,1,1,0,-1.4646601171180944,-1.4231984607406605,-0.5549402337411387
3098,0,1,0,1,0,0,0,0,0,2,0,0,0,2,0,2,1,0,0,0,-0.5855401209573442,-1.205835844907812,0.786453424883978
3099,0,1,0,0,0,1,1,0,0,1,0,0,1,1,1,1,2,1,1,0,0.7582114162759654,0.6934909218269177,1.5558157518938887
3100,0,1,0,0,0,0,0,0,0,0,1,1,0,1,0,2,1,0,1,0,-0.7983170686776906,-1.2580385618501004,2.2542383748925214
3101,1,1,1,2,0,0,1,0,0,2,2,0,0,2,1,1,0,0,1,0,-0.02840321074029281,-1.9872134682715306,0.029781109744438396
3102,0,1,0,0,0,0,1,0,0,0,1,0,1,1,0,1,1,0,0,0,0.9101261771836641,-1.3885692989196188,0.9481127692800009
3103,1,0,1,1,0,0,0,1,0,1,1,2,0,1,0,0,0,0,1,0,-0.47848101536348525,-0.7992265948000761,-1.0830700524668548
3104,1,0,0,0,1,1,0,0,0,2,1,0,0,1,2,2,0,0,0,0,0.35347062051047523,1.3789407989306095,1.1979425484039974
3105,0,0,1,0,0,0,0,2,0,1,0,1,1,1,0,2,0,1,1,0,0.07309791915561242,-1.652495382110889,-0.457263890085126
3106,0,0,0,0,0,0,0,0,0,1,1,0,1,2,1,1,1,1,0,2,1.9306204303902432,0.4993045986303138,1.3870498148001258
3107,0,1,1,0,0,1,0,0,0,1,2,0,0,0,0,1,0,0,0,0,1.5604091234888469,0.6158185527246476,1.4493794420481048
3108,0,2,1,0,0,0,0,0,0,0,0,0,2,0,0,0,0,0,0,0,-1.3271195549239458,-1.4568629611703185,-0.5259125411346945
3109,1,1,2,0,0,0,1,1,1,2,0,1,0,1,1,1,1,1,1,0,0.5188175827024702,-0.5755355408780005,-0.24911295006776113
3110,2,1,1,0,0,0,1,0,0,0,2,0,0,0,0,2,0,1,0,0,-0.76552645981496,-1.2489558714212685,1.1635990583972498
3111,1,1,1,1,0,0,1,0,0,1,2,0,0,0,1,0,0,0,0,0,0.012894729378184859,-0.24962397050885976,0.08508860239877396
3112,1,0,0,0,0,1,0,0,0,0,0,0,0,1,0,1,0,1,0,0,0.6600753340149184,0.5774275096787761,1.850798309154957
3113,1,1,1,0,0,0,1,0,0,1,0,0,0,1,0,0,0,1,0,0,-1.7311321292805923,-1.1155214366102655,-1.247209037726701
3114,2,2,0,1,1,1,0,1,0,1,1,1,2,1,1,1,0,2,0,0,0.9182467775754302,0.37042824327037766,0.7383884609658594
3115,1,1,0,0,0,1,0,1,1,0,1,0,0,1,0,1,0,0,0,0,-0.4276301669611746,-0.4264079403944412,-1.1752254070002706
3116,0,2,2,0,1,1,0,0,0,0,1,0,0,2,0,0,0,0,0,0,-0.6173393401790992,-0.7783299635286824,-2.372054324559948
3117,1,0,2,0,0,0,0,0,1,1,0,0,0,2,1,2,0,1,1,0,-0.9205652632548483,-1.4653198957435851,-0.4550025390027961
3118,0,1,0,0,0,0,0,0,0,0,1,0,1,0,1,2,1,0,1,0,-0.2135312743213158,-1.333034276902957,1.4338145887333196
3119,0,1,2,0,0,0,0,0,0,2,1,0,0,1,1,2,0,0,1,0,-1.6030648432563919,-1.4909975970856495,-2.598938195364653
3120,0,0,0,0,0,1,0,0,0,2,2,0,1,1,2,1,1,1,0,0,-1.6993334228168142,-0.36140213309285796,-1.2521611038912128
3121,1,0,1,1,0,0,0,0,1,0,0,0,1,1,2,0,0,1,2,0,-1.6666438710167801,-0.1199274382209153,1.1035356636277005
3122,1,1,1,0,0,0,1,1,0,1,1,1,1,1,1,2,1,1,0,0,0.6502441810065132,-1.7085441206544867,-1.461290409211873
3123,1,0,1,0,0,0,1,0,0,1,1,0,1,0,0,1,0,0,1,0,-1.8252982067026893,-1.3457324651183984,-1.06122475598397
3124,0,0,1,0,0,0,1,0,0,2,0,2,0,1,1,1,0,2,0,0,1.7013840971732423,-0.49973992041094895,0.35909601577747985
3125,1,0,0,2,1,0,0,0,0,2,0,0,0,1,1,1,0,0,0,0,0.5191530117729886,-0.7496380564666646,0.7324873289832431
3126,1,2,1,0,0,2,2,0,1,1,1,0,0,2,1,1,0,1,0,0,-1.4165154028414912,-0.47315907209863317,0.8950745440601913
3127,0,1,1,1,1,0,0,0,1,2,1,0,0,0,1,1,0,2,0,1,1.859380573119805,0.4372930298388195,1.7363215473710103
3128,2,1,1,0,0,1,1,0,0,1,1,0,1,1,2,0,0,1,1,0,0.5750922291057837,1.2605378337578217,1.2298701957879166
3129,1,1,0,1,0,1,0,0,0,0,2,0,1,0,1,0,0,0,1,0,0.33766362672524924,0.7768105455755681,0.527978734338592
3130,2,1,1,0,0,0,0,0,0,1,0,0,0,1,2,1,0,0,0,0,-0.606383150394159,-1.2379240170523962,-1.5334526013794834
3131,2,0,0,0,0,0,0,0,0,2,1,0,1,2,0,1,0,1,0,1,0.5051007806630371,1.3672630986643342,0.5713611940643852
3132,2,1,0,1,0,0,1,0,0,0,1,1,1,2,2,2,1,1,0,0,0.41648712565765705,0.11314198151064087,-2.296078947557901
3133,2,0,1,1,0,0,1,0,0,1,0,0,0,2,1,1,1,1,0,0,-0.6540672805848046,-0.20837507262045965,-0.7569513421287046
3134,0,1,1,0,0,1,0,0,0,1,2,0,0,1,2,2,1,0,1,0,-1.4474673253777306,-1.3867517824876654,-1.0519319210234974
3135,0,2,1,0,0,0,1,0,0,2,1,0,1,0,1,1,1,0,0,0,-0.20553485607857205,0.4163590084111192,1.2152815554236567
3136,2,1,1,0,0,0,0,0,0,0,0,1,1,1,2,1,1,0,2,0,-0.07800283182746336,1.528776477041065,1.2985124884908839
3137,1,0,0,0,0,1,1,0,0,0,0,1,1,0,1,0,1,1,0,0,-0.4017706922301241,-0.0509639864402336,-0.36786325608053133
3138,1,1,0,0,1,0,0,0,0,0,1,1,1,0,1,1,0,1,1,0,-0.1640278130171313,-0.4555918298830919,1.1941811484149383
3139,2,1,1,1,0,0,1,0,0,1,0,1,0,1,1,2,1,0,1,0,0.41848861218216,-1.0031984815143897,0.4842695771582369
3140,1,0,1,0,0,0,0,0,0,2,2,1,1,1,1,2,0,0,0,0,0.09484672935983028,-0.6094407164003037,-0.633406501599907
3141,1,1,1,0,0,1,0,0,0,1,0,1,2,2,0,0,1,1,1,0,0.999240427870055,-0.22549274798024088,0.6961375810615004
3142,2,1,0,0,0,0,0,0,0,0,1,0,1,1,1,2,0,0,0,0,-1.340580850480657,-0.018263051382360063,-1.5427565638194476
3143,1,1,1,0,0,0,0,0,0,2,0,0,1,2,0,0,0,1,0,0,0.2595530438677825,0.29348218055748854,1.0405052822415637
3144,1,2,0,0,0,0,0,0,0,1,0,1,1,2,1,0,1,1,0,0,0.49977850309064487,-1.048792348177304,-0.05608292317505081
3145,1,1,2,1,1,0,0,0,0,1,0,0,1,0,1,1,1,1,1,0,0.32768273667983444,0.9358598429738383,-0.8762451865871372
3146,1,1,1,1,0,1,0,0,0,1,0,0,0,1,1,1,0,0,0,0,0.30025731259820004,-1.068112930194866,1.8681647581521819
3147,0,1,0,0,0,0,0,0,0,2,1,0,0,1,0,1,1,1,2,1,0.3004752811662248,0.6497875183353592,0.5106347075852404
3148,1,1,1,1,0,0,0,0,0,0,0,1,0,2,1,1,1,0,0,0,-0.18430273241465525,0.4864938497801764,1.1829984471357036
3149,0,0,1,0,0,1,0,0,1,1,1,1,0,2,2,1,0,1,1,0,-0.9391640150758375,-0.4424558738442972,0.12476998806069733
3150,1,1,0,0,0,0,0,0,0,2,1,0,0,2,0,0,0,0,1,0,-1.67955112102191,-1.2591243289125433,0.37175300690488255
3151,0,1,0,1,0,1,1,0,0,1,0,0,1,0,0,0,1,0,0,1,-0.4042257135824729,-0.3455259921208579,0.7703625568366618
3152,0,0,0,0,0,0,0,0,0,2,1,0,0,2,0,1,0,0,0,0,1.6228039411419353,-0.8037149158326571,1.1803330818839697
3153,2,0,0,1,0,0,0,1,0,1,1,0,2,1,0,1,1,1,1,1,2.4572227859116795,-0.11783733686857245,0.9202040347905704
3154,0,1,0,0,0,0,0,0,0,1,1,1,0,2,2,1,0,1,1,0,-0.8420254099427339,0.06555394512285795,-0.06289867483010084
3155,0,2,0,1,0,0,0,0,0,0,2,0,1,1,2,0,0,1,1,0,-1.8019759213436133,-0.01801973543060187,-0.39768240287874645
3156,2,0,0,0,0,0,1,1,1,1,0,1,0,1,1,1,1,1,0,0,-2.4842012233372084,-1.3194107197688907,0.3799673247777302
3157,1,0,0,0,1,1,0,0,1,0,1,0,1,2,1,0,0,1,1,0,-0.017705164183073028,-0.5334815977961698,-0.7420374085121176
3158,2,1,1,1,0,1,0,0,0,0,0,0,0,2,1,0,0,1,0,0,0.593372688381527,0.0860625180485192,-0.055645912092317146
3159,2,0,2,1,1,1,1,0,0,0,1,0,1,0,2,1,1,0,1,0,0.8255995471062159,0.3311631385716201,-1.1134755174247914
3160,0,1,0,0,0,1,2,0,0,2,1,0,0,0,1,1,0,0,1,0,-0.05782503527818881,-0.07233906454588512,1.0420257982413905
3161,2,2,2,0,1,1,0,0,0,2,1,1,0,1,1,1,1,0,1,0,1.5705278682022175,2.2808379158919094,1.5074712437777296
3162,0,1,0,0,0,0,0,0,0,2,0,0,0,1,0,1,0,1,0,0,1.3362282629749653,-1.0328812219229588,-0.6607049926714258
3163,1,0,1,0,0,0,1,0,0,1,2,0,0,1,2,2,0,1,0,1,1.2855477556108503,-0.1421454801680877,0.48305547628532497
3164,0,0,2,0,0,0,0,0,0,0,0,0,1,1,1,1,0,0,1,0,0.7517538719435681,0.34164237558689237,0.09166044480154273
3165,1,0,0,1,0,0,1,0,0,2,1,0,0,0,0,1,0,1,1,0,-1.026276248347298,-0.8151044748265108,-0.07100214814760464
3166,0,2,0,0,0,0,2,1,2,1,1,1,1,0,2,0,0,0,0,0,0.7285793198156697,1.182935922428102,0.5445009778816032
3167,1,2,0,0,0,2,2,1,0,0,0,0,0,2,2,1,0,0,1,0,-0.2876608181901573,1.6913767585036128,1.8544249539594277
3168,1,2,2,1,0,0,1,0,0,1,0,0,0,1,0,0,0,1,1,0,0.27308993616593774,0.265910055308035,-1.0828511628409903
3169,0,0,0,0,1,0,0,0,0,0,0,1,1,1,1,0,0,1,1,0,-1.5350360580032545,-0.1761777680598507,-1.0421447734171663
3170,0,0,0,0,0,0,1,0,0,1,0,0,1,1,0,2,0,0,1,0,0.22762485642182495,0.6593757472657684,1.7827458038229484
3171,0,1,0,0,0,0,0,0,0,0,0,1,0,2,1,1,1,0,0,1,-1.7508783607947134,-0.8759227739783821,-2.94401458746495
3172,1,2,1,1,0,2,1,0,0,2,1,0,1,0,0,0,1,0,1,0,-0.1628236865949481,-0.38976079551381476,0.47024284541778194
3173,1,0,0,0,0,0,0,1,1,1,1,0,1,1,2,0,1,0,1,0,0.7272085532312738,0.5911661412395645,-0.40070207636355365
3174,1,2,1,1,0,0,0,0,1,1,1,0,2,1,1,1,0,0,0,0,-0.369566313266637,0.7094269555344354,1.0167841441760974
3175,2,0,1,1,0,0,1,0,0,1,0,0,0,1,1,2,2,0,0,0,0.5070778110004242,-0.5000879759681303,0.5624090527399761
3176,0,1,0,0,0,0,0,0,1,2,2,0,0,1,1,2,1,0,1,1,-0.11250805392403763,0.3117079541749873,-0.29165414547039775
3177,1,1,0,0,0,1,0,0,0,1,1,0,0,1,2,1,2,1,1,0,-0.4211799699214122,-0.3250429744478107,-1.276612949575982
3178,1,0,0,0,0,0,0,0,0,2,1,2,0,0,2,0,0,0,0,0,-0.35864136145436193,-1.3251282103786939,0.3797502146406391
3179,0,0,0,1,0,1,1,0,0,1,1,0,1,2,1,0,1,1,2,0,-0.6957423449447618,-1.5819076951746358,-1.6746449691996457
3180,0,0,2,1,0,1,2,1,0,1,0,0,1,2,0,0,1,1,0,0,1.5132321396500525,-0.46898363126905196,1.0061313967452583
3181,1,1,1,0,0,0,0,1,0,1,2,0,1,1,1,2,0,0,2,0,0.02596300755466192,2.039658037666789,2.286736616338671
3182,1,0,0,0,0,0,1,0,0,2,0,0,1,1,1,0,0,0,1,1,-0.6174997738195552,0.5896096267727022,-0.4605140395590851
3183,2,1,2,1,0,0,1,0,0,1,2,0,0,1,1,1,0,0,2,0,-0.31189279318564955,0.09792384792863014,1.2853789450351634
3184,1,0,1,0,0,0,1,0,1,2,1,1,0,0,0,2,0,0,1,0,0.11811243110620022,1.9824134831920455,1.9746273487513186
3185,1,1,1,0,1,0,0,0,0,1,0,0,0,1,1,2,1,0,1,0,0.2926755584174483,-1.392933714922039,-0.8389248833769571
3186,1,0,1,0,0,0,1,0,0,0,2,1,1,2,1,2,2,0,0,0,-0.5879919746189199,-0.8352321470160498,0.6374725131768586
3187,1,1,1,1,0,0,1,0,0,1,1,0,0,1,1,0,1,1,0,0,-1.22541496568013,-2.5612438924896344,-0.6120279059468225
3188,1,1,0,2,0,2,0,0,0,2,1,0,2,1,1,0,1,0,0,0,-0.19695721219936033,0.5472936200325148,-0.7373370650903734
3189,1,1,0,0,0,1,0,0,0,2,0,0,1,0,1,2,0,0,1,1,0.11915203510476605,1.8432703433167532,0.6119834441707168
3190,1,0,2,0,0,0,1,0,0,1,1,0,0,1,2,1,0,0,0,0,-0.4733143393883018,0.9199218342143202,-0.5760133298023052
3191,0,1,0,0,0,0,0,0,0,1,0,0,0,2,1,1,0,0,0,0,0.48358845166920034,0.5664857818193972,-0.13998458476570674
3192,1,1,0,0,0,0,0,0,0,1,1,0,1,1,1,0,0,0,1,0,-0.516338714673587,-0.18344089574934117,-0.3290550346080666
3193,1,0,1,1,1,1,1,0,0,2,1,0,1,0,2,0,0,1,2,0,-1.7726625420428197,1.024049149003124,0.5628360765949291
3194,2,1,1,1,0,0,0,0,0,1,0,0,2,2,1,1,1,0,0,0,-1.2369955656442344,-0.7995510014131361,0.3264537945735557
3195,2,1,0,0,0,2,0,0,0,1,0,0,2,1,1,0,2,1,0,0,-0.4415242824364253,0.7773826631680796,0.2894116242948378
3196,1,2,1,1,1,1,0,1,0,0,1,0,0,1,0,1,0,0,0,0,-0.8263751108690821,-0.07771415584657726,-0.6779275641439461
3197,1,1,0,0,0,0,0,0,0,0,1,0,1,1,0,2,0,0,1,0,-1.5737732440780874,-1.1369324354992316,0.4714426719169367
3198,0,0,0,1,0,0,0,0,0,0,1,0,1,1,1,0,0,0,1,1,1.252986941375718,-0.5467466396983284,0.7795013242138763
3199,2,0,0,0,0,0,1,0,0,2,1,2,1,0,2,0,1,1,1,0,-1.8096545827645971,0.25212952554624274,0.7872125549340145
3200,1,1,0,1,0,1,0,0,0,1,0,0,1,1,1,1,0,1,1,0,-1.5789697797286353,0.1820371537624595,-0.17662414860184544
3201,1,2,0,0,1,0,1,0,0,1,0,0,0,1,1,1,0,2,1,0,1.016574460829841,-0.139072710558499,-0.2516642514384044
3202,0,0,1,0,0,1,1,1,1,0,2,0,0,1,2,0,0,0,1,0,-0.9318122696750966,0.7421942247657584,0.4845236738136579
3203,0,2,0,0,0,0,0,0,1,2,0,1,0,1,2,1,0,0,0,1,1.5877451137034109,0.8955846414660337,0.8233990037366428
3204,2,1,0,0,0,1,1,0,0,2,2,0,0,1,1,1,0,1,1,0,-0.4444223512729068,-0.5369907999191531,-2.504811095404761
3205,1,2,1,0,0,1,0,0,0,2,0,0,0,2,0,2,0,0,0,0,-0.694972838291948,-1.2930617991589286,-0.3505672571362882
3206,0,0,0,1,0,0,0,1,0,1,1,1,0,2,2,1,0,1,0,0,-0.581563505639739,0.47071250761608663,-0.4960846647436584
3207,1,1,1,0,0,0,1,0,0,1,1,1,1,1,0,1,0,1,0,0,-0.4871287199756725,-0.6428322537765476,0.9443852063106907
3208,0,0,2,0,0,1,0,0,0,1,1,0,0,1,1,0,1,1,1,0,0.03542782951418906,-1.0738067731140064,1.0335366436096463
3209,1,1,0,0,1,0,1,0,0,1,2,1,1,1,1,0,0,1,0,0,1.1614637075860947,-0.3044931357839497,-0.9202123474656545
3210,1,1,1,0,0,1,0,0,0,2,0,1,1,0,1,0,1,0,0,0,-1.2172784702420107,-0.47385725896066344,-0.9162116115890475
3211,0,1,1,1,0,1,1,0,0,1,1,0,2,0,0,0,1,0,0,0,-0.12329137983390578,-0.03092182169361163,-0.292313661501284
3212,1,0,1,1,0,1,0,0,0,2,2,0,0,0,0,1,0,0,1,0,-0.622696468009158,-0.6367605536914966,0.31290691115782315
3213,1,0,1,0,0,0,0,0,1,1,0,1,0,2,0,2,2,0,2,1,-0.50319604708443,0.30468773559448564,-0.5695188944840225
3214,1,1,0,1,1,1,0,0,0,1,0,0,0,0,1,0,1,1,1,1,1.6146705879068053,-0.07265409656412114,0.6002204280242783
3215,1,0,1,0,0,1,0,1,0,2,1,0,0,2,1,0,1,1,2,0,0.8262936987834613,1.4561102068113048,0.15335368040067765
3216,1,0,0,0,0,0,0,0,0,1,1,1,1,1,1,0,1,1,0,0,0.8398641394444758,0.825639972502886,2.0764655844486137
3217,0,1,1,0,0,0,1,0,0,0,1,0,0,2,0,1,0,0,0,0,0.7056581347526718,0.7886312453717925,-0.03729928144939665
3218,0,2,0,1,1,0,0,0,0,2,0,0,1,2,1,0,0,0,0,0,0.2537931463836746,-1.7168333966492955,1.3849268121918903
3219,1,1,0,1,0,0,1,1,0,1,0,2,1,1,0,0,0,0,1,0,-0.4511532344354994,-1.633164169949592,1.441092280394345
3220,2,1,0,0,0,0,1,0,0,0,0,0,1,1,2,1,0,0,1,0,-0.6328487128952219,-0.5636169523299286,-1.197584998392923
3221,1,1,1,1,0,1,0,0,0,0,0,1,1,0,0,0,2,0,2,1,0.5647988394446396,0.9601330317668287,0.08734170804783614
3222,1,0,0,0,0,1,1,1,0,1,1,1,1,1,1,1,1,0,1,0,-0.4298190065453631,0.8827310413155296,-2.1771757695708
3223,1,2,2,0,0,0,1,0,1,0,1,2,0,2,1,1,0,0,1,0,0.8099903224377906,-0.006279607609420722,0.42118916127157313
3224,1,2,0,0,0,0,0,0,1,1,2,1,1,0,0,0,1,0,2,0,-1.5246943254194798,-0.4963926878904906,0.17761184385189543
3225,0,2,0,0,0,0,0,0,1,1,2,0,1,1,2,2,1,0,1,0,0.2183296237655954,0.6390879305953381,0.8060842650173297
3226,1,1,2,0,1,1,1,0,1,1,2,1,1,0,1,0,0,1,1,0,0.12393146600956387,0.5434760320871849,1.8130993504613726
3227,1,0,0,1,0,0,1,0,0,1,1,0,0,1,0,1,2,0,0,0,-0.42097732740547855,0.5430426288178221,1.0486645675837558
3228,1,0,0,1,0,0,0,0,0,2,0,0,0,0,2,2,0,1,1,0,1.0132549474864854,0.13924651395632265,-0.49742571770281985
3229,1,1,1,0,0,0,1,0,1,2,0,0,1,2,2,2,1,0,0,0,-0.10807555175125803,-1.115447921648983,-0.17170620600504
3230,2,1,1,1,0,0,0,0,0,1,1,0,0,1,0,1,0,0,1,1,-0.6076095208939876,-1.5642651317176286,-1.3568492315613456
3231,1,1,1,0,0,1,2,0,0,2,1,0,0,1,1,2,0,0,0,0,0.25135456741256534,-2.090533103440858,-0.11776630628922723
3232,1,0,0,1,0,1,2,0,2,1,1,0,0,2,1,0,0,0,0,0,-0.07175663815102176,0.7263937390163975,0.41383094546943255
3233,1,0,0,0,0,1,0,1,0,1,1,0,0,1,1,1,0,0,0,0,0.49729543153508177,1.3694507501971525,-1.0541591855464545
3234,0,0,0,0,0,0,0,0,0,1,1,0,0,1,2,2,0,0,1,0,0.5512686217419752,0.5607473071448774,-0.8165947025445546
3235,1,0,0,0,0,0,0,0,0,1,1,1,0,2,2,1,0,1,1,0,0.28574581438351226,-0.3413120316651767,-0.9038134910832256
3236,0,1,0,1,0,0,0,0,0,1,1,0,0,2,1,1,1,1,1,0,-0.5099329431507447,0.3535723862933162,-0.23592473601885097
3237,0,2,0,0,0,1,0,1,0,1,0,0,0,2,0,1,1,0,0,0,0.8807488472169899,-0.7286777084785233,0.09030061738806258
3238,2,1,1,0,0,0,1,0,0,2,1,0,1,1,0,2,1,1,2,1,-0.6052001571199964,0.4679006318533584,0.4988142123484656
3239,0,1,0,0,0,0,0,0,0,1,2,1,0,1,1,2,1,0,1,0,-0.3656797325029012,0.2924252441071059,1.690540811983947
3240,1,1,0,1,0,0,0,0,0,1,1,0,0,1,1,1,0,1,1,0,0.14031719261611617,0.2623462270867135,-0.5816753647810651
3241,0,2,0,1,0,1,1,0,0,1,1,0,0,0,0,1,1,0,0,1,0.7092687567306389,-0.21101726365265636,2.074742903229659
3242,2,0,2,0,0,0,0,0,0,0,1,0,1,0,2,1,0,0,0,0,-0.2032016799775902,-0.3105600661438885,-0.8928300851267089
3243,0,0,0,1,0,0,0,0,0,1,1,0,1,1,0,1,0,0,0,0,-0.1386308407174625,-0.16490458114440332,-1.235520311114307
3244,1,0,0,0,0,0,0,0,0,1,0,0,1,2,1,1,1,1,1,0,-0.37546804478300666,-0.5970139775805717,0.5038346673438334
3245,1,0,0,1,0,1,1,0,0,1,1,1,0,0,1,1,1,0,1,1,-1.2494565508899498,-1.207461116140875,1.3719760157150886
3246,2,0,1,0,0,1,2,0,0,1,0,0,0,1,2,0,1,0,0,0,-0.6568861407844748,-1.2792995747767197,-4.105638977952022
3247,0,2,1,0,0,0,0,0,0,2,1,0,1,0,1,0,0,0,0,0,1.0954967350718225,1.2126238805575393,-1.056661248142976
3248,1,1,0,1,0,0,0,0,0,1,0,0,0,1,0,1,0,0,1,0,-0.53656906142382,-0.5230015188143115,0.5605857046736522
3249,2,1,0,0,1,2,1,0,1,1,1,0,0,1,2,2,1,0,2,0,0.24087096427735308,0.22070110219883254,2.317339194807266
3250,1,0,0,0,0,1,1,1,1,2,1,1,0,2,1,0,1,0,2,0,-0.2532100739837397,2.440200407488952,2.2456299889142013
3251,2,1,1,1,0,1,0,0,0,1,0,0,0,0,0,1,1,1,1,1,1.041112635349511,-1.3980642830451426,-0.8042403046651799
3252,0,1,1,1,0,1,0,0,0,2,1,1,1,1,1,2,0,0,0,0,0.5838986465003627,0.06450937362854393,-0.07370758711584516
3253,1,0,1,1,0,1,0,0,0,1,0,0,0,0,0,1,0,2,0,0,0.7184091260266745,0.31738173318987895,-0.7607242136788395
3254,0,0,0,1,0,0,0,0,0,1,1,0,2,2,2,0,0,1,1,1,0.4064091398104989,-1.2745981552007961,-0.8947963072295315
3255,2,0,0,0,0,1,0,0,0,1,1,0,0,2,1,2,0,1,1,0,0.32098352645932887,0.7899394740948431,0.3575031410502568
3256,1,2,1,0,1,0,0,0,0,1,0,0,2,2,0,0,1,0,0,0,-1.759848572077841,-1.1542891006159413,-1.2241617158359992
3257,1,0,0,1,0,1,1,0,1,2,0,0,0,1,0,1,0,0,0,1,0.5914009385314982,-0.1872479404203391,0.38097867978326666
3258,0,0,1,0,0,1,1,0,0,1,0,0,1,0,2,2,1,0,0,1,-0.2766363192855718,-0.2814162496738686,-0.41734127077918165
3259,0,0,1,1,1,0,0,0,1,1,1,0,0,0,0,1,1,0,0,1,0.6142681938379836,0.14321891975290207,1.4510221099059664
3260,1,0,1,0,0,0,0,0,0,2,0,0,1,1,2,0,0,1,1,0,1.0066342430785398,0.6114139752289153,1.4574390545868114
3261,0,0,1,0,0,0,1,0,0,2,2,0,0,1,0,0,1,0,0,0,0.08557688732943573,0.18518723091164008,1.2881534613210475
3262,1,0,0,0,0,0,0,0,0,2,1,1,0,1,0,1,0,1,0,1,1.0208574254079545,1.4358565099160718,0.49324166090149446
3263,1,1,1,0,0,0,1,0,0,2,0,0,1,2,2,1,0,2,1,0,0.12040821314190993,1.0391474452156504,-0.2436448109832695
3264,1,1,0,1,1,1,0,1,0,1,0,0,0,1,2,1,0,0,2,0,0.14717265450980802,1.40693554570945,1.0312169606615702
3265,2,0,0,0,0,1,1,0,0,2,0,0,0,2,1,0,0,1,2,1,-0.39366438246278523,0.2838923984586354,0.11393384344854078
3266,1,2,0,0,0,1,1,0,1,1,0,0,0,1,2,1,0,0,1,0,0.7573256468751979,-0.5712382855330147,-0.2073656534567057
3267,0,1,1,0,0,0,1,0,0,0,2,0,0,1,1,1,0,1,1,0,0.3983360853062582,0.72771388982944,1.1996976437370543
3268,1,1,1,0,0,0,0,1,0,0,1,0,1,0,1,0,0,1,1,0,1.9875051529215078,-0.17313186230628919,0.4664105924219182
3269,1,1,0,0,0,0,1,0,0,1,0,0,1,1,0,0,1,1,0,0,-0.153265690667549,1.0858560101120331,0.9779059086758368
3270,0,1,1,0,0,0,1,0,0,1,0,1,2,1,2,0,0,0,1,1,-0.9855322210409985,-0.8869661773943962,-0.6655887400749422
3271,2,2,1,0,0,1,1,1,0,1,0,0,1,1,0,0,1,2,0,0,-2.03329622244638,-1.6961321334291695,-0.8074800430040706
3272,2,1,0,1,0,1,1,0,0,0,0,1,2,1,2,0,0,0,0,0,2.151533821863199,0.2897643062078904,0.28563310741660386
3273,1,2,1,0,0,0,1,0,0,2,0,0,0,1,1,2,1,1,0,0,-1.1063818999390709,-1.3124154404782236,0.41803689544915185
3274,0,0,0,1,0,0,2,0,0,0,0,1,0,1,2,1,0,0,1,1,-0.8993214391534625,0.403464888530368,0.13707774299164144
3275,2,0,1,0,0,2,0,1,0,2,1,1,0,1,1,0,1,1,0,0,-0.04115454720874434,-0.23394231237420227,-0.2651437735651493
3276,2,1,2,0,0,0,1,0,0,0,0,0,1,1,1,1,0,1,0,0,0.7922659753972683,-0.29994275433342044,-0.28550695287520717
3277,2,1,0,0,0,0,0,0,0,0,2,0,0,2,0,0,0,1,1,1,0.1854873394455625,0.3675948905020159,-0.36369410069800284
3278,0,1,0,0,0,0,0,1,0,0,1,0,0,1,0,0,1,0,0,0,1.0591146298581704,-0.45162050316018343,-0.9112836639551918
3279,0,1,1,0,0,0,0,0,1,1,1,0,0,2,0,1,0,0,1,0,-0.36742868232637105,-0.26169444724917723,-0.32536240224884583
3280,1,0,0,1,0,1,0,0,0,1,0,0,1,1,0,1,1,0,1,0,1.746305442162314,1.4894426653732213,2.294236468022831
3281,0,0,0,0,0,0,1,0,0,1,1,1,0,2,0,0,2,2,1,0,-0.634128156977484,-0.43338744515785,-0.6282760909102334
3282,0,0,1,0,0,0,1,1,0,2,1,0,1,2,0,0,0,0,1,0,0.5830602421452741,0.04261329679056708,0.2099667252967522
3283,0,1,0,0,0,1,1,0,0,0,1,0,0,1,1,1,0,1,1,0,-0.2099632946281995,-0.599532680194371,-1.3894829506832485
3284,2,0,2,1,0,0,1,0,0,1,1,0,1,2,1,0,0,0,0,0,0.44215001002797105,1.33286757894819,-0.40197165533108725
3285,1,2,1,1,0,0,0,2,0,1,2,0,0,1,2,0,0,1,2,0,-0.7769969963417733,-2.292779188107275,-1.4314523334582918
3286,1,0,0,0,0,0,0,0,1,1,0,0,1,0,2,2,0,1,0,0,-0.8264552768035937,-0.25894996526844044,-0.19800458568438845
3287,2,0,1,0,0,1,1,0,0,1,0,0,0,2,2,0,1,0,2,0,1.0072044339377313,1.4224007206902214,2.2363643884674556
3288,1,1,0,0,0,1,0,0,0,2,1,0,2,1,1,1,0,1,0,1,0.028777585497248216,0.172086446901404,0.024538881434922943
3289,0,1,1,0,0,0,0,0,0,0,0,0,0,0,1,0,0,0,0,0,-0.7365496731072017,-0.4565315940738687,0.7640447955918868
3290,1,0,0,0,0,1,0,0,0,0,0,0,1,2,1,0,0,1,0,0,-0.6861546823164019,0.4595691744545619,-0.8086205799021181
3291,2,1,0,0,0,0,0,1,0,1,2,1,0,2,0,1,0,1,1,0,-1.1443592193978536,0.6490211381216945,0.21352732716196782
3292,2,2,0,0,0,0,1,1,0,0,1,0,0,2,1,1,1,0,0,0,0.2536755664779121,-1.5686791143413843,-0.6253640096655215
3293,1,1,1,0,0,0,1,1,0,2,1,0,1,1,1,2,1,1,0,0,-0.5054070180152713,0.6177625427202947,0.3050410601233754
3294,1,1,1,0,0,1,0,0,0,1,1,0,0,2,1,0,2,2,0,0,-0.4034102764493911,0.0970536741598575,-1.1013228223161728
3295,2,0,1,0,0,0,0,0,0,1,1,1,1,1,1,1,0,0,0,0,-0.06150160957386047,-0.1769864535213044,1.3352933889268264
3296,2,0,0,0,0,1,1,0,0,2,1,0,0,0,2,2,0,0,1,0,-0.9223123870756761,1.775894990032587,-0.34718146103370573
3297,1,1,1,0,0,0,0,0,0,0,0,0,0,1,1,2,0,0,0,0,2.34830345399879,0.6374549149108589,0.5380199721993366
3298,2,1,0,0,0,0,0,0,0,1,0,1,1,1,1,1,1,1,1,0,-1.6042289915769836,-1.173610912678376,-0.20613317456563873
3299,2,1,0,0,0,2,0,0,0,0,0,0,0,1,0,1,1,0,0,0,-0.13639814492393987,-0.3181232311995173,-1.8468969238878925
3300,1,0,0,0,0,1,0,0,0,1,1,0,1,2,1,1,1,0,0,1,1.3023485299031663,2.0836427966629243,2.5429220025950174
3301,0,1,2,1,0,0,1,0,0,2,0,0,0,0,1,0,1,0,1,0,0.07024402745310411,-0.0761512204472383,0.3743746337006648
3302,2,1,0,0,0,1,1,1,0,2,2,0,1,1,1,1,1,0,1,0,0.8715518549397352,2.025930759976525,1.7182967924155097
3303,1,0,0,1,1,2,0,0,0,0,1,1,0,2,0,0,1,2,0,0,-2.8833134199628296,-1.5919922196098342,-1.5724380330210965
3304,2,0,0,1,0,0,0,0,0,1,1,1,1,1,1,2,0,2,0,0,0.12005251248307153,-0.109527932248905,0.3821722793018547
3305,2,1,1,1,0,0,1,0,0,2,0,0,1,1,1,0,0,1,1,1,2.3086529199262236,1.7983617855283782,3.6314061570361016
3306,2,1,2,0,1,1,1,0,0,1,1,0,0,0,1,1,1,1,0,0,0.7305607873246355,-0.8377074676303277,0.7046109908840207
3307,1,1,1,0,0,1,0,0,0,2,0,0,0,1,1,1,1,1,0,0,1.4148743739694558,-0.5458554616773822,0.7346665244091405
3308,1,2,1,0,0,0,0,0,0,1,2,1,1,2,1,1,0,1,1,1,-0.21314151052238134,-0.7137202091531716,-0.8004386299787668
3309,0,0,1,1,0,0,0,0,0,1,1,0,1,2,1,1,1,2,1,0,-0.5164387923356295,-1.9282467830816572,-0.17890995584110533
3310,1,0,1,1,0,1,0,0,0,2,1,0,1,1,2,1,2,0,1,0,-0.3882403049389165,0.8349974998615441,0.4925521028085189
3311,1,1,0,1,1,0,1,0,0,0,2,0,0,2,1,1,1,0,0,0,-0.8256806074596581,-1.0383840190381821,-0.9258507502600193
3312,1,0,1,0,0,1,0,0,0,0,0,0,0,2,1,1,1,0,1,0,-0.6599619273329538,-0.8520910850177733,-1.1357985114329983
3313,1,1,0,0,0,0,0,0,0,1,0,0,1,1,0,1,1,1,1,0,-0.5695491384270371,-0.6162011159275151,-0.9119939182192691
3314,1,0,1,1,0,0,0,0,0,0,1,1,2,2,2,0,1,0,0,0,-0.8268934605919402,-0.14063786842372406,-1.0931005953164288
3315,2,0,1,0,0,0,1,0,0,0,1,0,0,0,1,1,0,0,0,0,2.459015230600188,2.3768516554739265,2.190223506244902
3316,2,0,0,0,0,1,0,0,0,0,0,0,0,0,1,2,1,0,1,1,-0.5348794095124125,1.1599931981772025,0.4659420650261209
3317,1,1,0,0,0,0,0,0,0,2,2,0,1,2,0,0,1,0,1,0,-0.24639261483790661,0.5800076881088204,1.7194419409552135
3318,1,1,0,0,0,0,0,0,0,1,0,0,0,1,0,1,1,1,1,0,-0.09994359597908911,-1.969195798873758,0.46668472902928215
3319,2,1,1,1,0,0,0,0,1,1,1,0,0,0,0,1,0,1,0,0,-1.8582586178592964,-0.7598620317403485,-1.350686602042141
3320,1,2,1,0,1,0,0,0,0,2,1,0,1,0,2,0,2,1,2,0,-0.1474952375511521,-0.373720722899394,0.3915400449210022
3321,1,1,1,1,0,1,0,0,1,2,0,1,0,0,0,0,0,0,0,1,0.02312244968073631,-1.455802126406664,0.49521709934387453
3322,2,2,0,1,0,1,0,1,0,1,1,0,0,2,1,2,0,1,0,0,0.36557827274313626,-0.16764951753431298,-1.4060242525150237
3323,0,0,0,1,0,0,0,0,0,1,0,1,0,2,0,2,0,0,0,0,0.8459494389423725,-0.6139491932854413,0.17495775860492385
3324,1,1,1,0,0,0,1,0,0,1,1,1,0,1,1,0,0,0,1,0,-2.1575610934914753,-0.5225900494774689,0.3047912676860888
3325,2,1,1,0,0,1,1,0,0,0,0,0,0,2,1,2,2,0,1,1,-0.8332693415791459,0.18038878790491414,-0.4213232415367085
3326,1,1,1,1,0,0,0,0,0,0,0,0,1,0,1,2,0,1,0,0,0.0647286310813086,-1.8582695640866986,-0.16646575031368768
3327,1,1,0,1,0,2,0,1,0,1,0,0,0,1,2,0,0,1,2,0,2.001567102211773,1.6981679010327855,1.334096415370078
3328,1,1,2,1,1,0,0,0,0,0,0,0,1,0,1,2,1,1,1,0,0.8745917797080927,-1.0912989304006895,0.045624557716338894
3329,1,0,1,1,0,1,0,0,0,0,1,0,0,1,0,1,0,0,0,0,-0.21211337319899787,-1.0435838460621318,-0.2427221195036269
3330,0,2,0,0,0,1,0,0,0,1,1,0,0,2,2,1,0,0,1,1,-0.2542386167661273,-0.1627049187282151,0.39466398029479804
3331,0,1,2,0,0,0,0,0,0,0,1,1,0,1,1,1,1,2,1,1,-0.3003354109166064,-1.0836814670769448,0.4882590325141775
3332,1,1,1,1,0,0,1,0,0,1,0,0,0,1,0,1,0,1,1,0,0.7807336599164435,-1.2241084545552436,0.81002622369997
3333,2,0,2,0,0,0,0,1,0,0,1,0,0,1,1,0,0,0,0,0,2.8435123792676795,-0.0995156543553748,0.2345054212475871
3334,0,1,2,0,0,0,0,0,0,1,0,0,0,1,1,1,1,0,1,0,-0.17679877928793064,-0.550883087140973,1.159589808309654
3335,2,1,1,0,0,0,0,0,0,2,0,0,1,1,0,0,1,1,1,0,-0.2622232525846693,0.09639017945258549,1.5018190534251254
3336,1,1,0,1,0,0,0,0,0,2,0,2,0,2,0,0,0,1,0,0,1.6610755305057718,0.1794645793792622,1.5361849806393542
3337,0,2,0,0,0,1,1,0,0,0,1,0,1,2,2,0,0,0,0,0,0.14842226947853132,-0.6218631276913055,-0.9479089678979813
3338,1,2,1,0,1,0,0,1,0,2,0,1,0,1,1,1,0,0,0,0,-1.5775527667106133,-0.740138425199981,-1.1854069236578995
3339,0,2,2,2,0,0,0,0,0,0,1,1,1,0,1,2,0,2,0,0,-0.9100218179985017,-0.1004001142951696,-0.4783139018252862
3340,2,1,0,0,0,1,0,0,0,2,0,0,0,1,0,1,2,2,0,0,1.3133054251271676,0.10951947086265602,0.8923879801602799
3341,0,1,1,0,0,0,1,0,0,1,0,1,1,1,1,1,1,0,1,0,0.7669659698274479,-1.5168655903118697,0.016092289449043132
3342,1,2,0,0,0,1,1,0,0,1,1,0,1,0,1,1,1,0,0,0,-0.08057223132617183,-0.4747185460944986,-2.6217814073286454
3343,1,2,2,1,0,0,0,0,0,1,1,0,0,0,1,2,1,0,0,0,1.9393846986494947,-1.9167224278655053,-1.4931089116880891
3344,1,0,0,0,0,0,0,0,0,0,1,0,0,1,1,1,1,0,0,0,0.9587034264630477,0.38748491234275095,-0.004711192495522598
3345,0,1,1,0,0,0,1,1,1,0,1,1,2,2,1,1,1,0,0,0,-0.38437423531417236,-0.6671101142046438,-0.9826418766748273
3346,0,2,0,0,0,1,0,0,1,1,1,0,2,0,0,2,0,1,0,0,1.242741983190927,0.20542762492032368,-0.8056860748097661
3347,2,1,0,0,0,0,1,0,0,2,0,0,1,2,1,1,0,1,1,0,1.581006744300457,-0.1775386948713651,1.4009553126895709
3348,0,1,1,1,0,1,0,0,1,1,1,1,1,2,1,0,1,0,0,0,-0.5318490143395264,0.29007168642643716,-0.06982614721539505
3349,2,0,1,0,0,0,0,0,0,0,0,2,0,0,2,1,0,1,2,0,1.3557686355341476,1.3129980696579566,1.5875665651650988
3350,2,0,0,0,0,1,1,0,0,2,1,0,0,0,2,1,1,0,1,1,-0.03794525867580971,0.5011672212429074,-0.5096463256600648
3351,0,0,0,0,0,1,1,0,0,1,1,0,1,0,0,0,1,0,1,2,-1.221608250181622,0.852118584206033,0.6802586115464266
3352,1,1,1,1,1,1,0,0,0,2,1,0,1,1,0,2,1,1,0,2,0.8773949111401247,-1.1364378397395,1.3630265428869566
3353,1,1,0,0,0,0,1,0,0,2,1,0,2,1,0,1,0,0,2,0,0.3709589955182118,-0.6276293260378076,0.6558143295810942
3354,0,0,1,0,0,1,0,0,0,1,0,0,0,0,1,2,0,1,1,0,2.0778207501562553,0.6770139521307857,2.5078684057606564
3355,0,0,0,0,0,0,0,0,0,1,1,0,0,1,0,2,1,1,0,0,0.17050921388268442,-0.03189632261520292,0.9771006289217614
3356,0,2,0,0,0,1,1,0,0,0,1,0,0,2,1,0,0,0,0,0,0.03216032248513419,0.22280954991693236,0.4310063693495778
3357,0,1,1,0,0,1,1,0,1,1,1,0,0,2,1,0,1,1,1,0,2.1261240719584897,1.9271185361087653,-0.10613433223036739
3358,1,1,0,0,0,0,1,0,0,1,1,0,0,2,1,1,0,2,0,0,-1.2635846194776708,-0.3174898820135804,-0.568361207393658
3359,1,0,1,0,0,1,1,0,1,1,0,0,1,1,2,0,1,0,2,0,0.6413781141996434,-0.010568254310520553,-2.3289170828396792
3360,1,0,1,1,0,0,0,0,0,1,0,0,1,2,1,2,1,0,1,0,0.721614313830967,0.60858639166566,1.0101567588015916
3361,0,1,1,1,0,0,0,0,1,0,1,1,0,1,2,1,0,0,1,0,-0.14232676822367804,1.5063219993692936,1.646467891920929
3362,1,1,1,1,0,0,0,1,1,2,2,0,1,1,2,2,0,0,1,0,-1.626923821989806,0.8152102880042744,-0.3999578751705795
3363,1,2,0,1,0,1,0,0,0,1,0,1,0,2,2,0,2,0,0,0,-0.4361314867863457,-1.2069096002642272,1.7650480517776976
3364,0,0,1,0,1,1,1,1,0,1,0,0,0,1,2,1,0,1,0,0,0.3015471150169903,-0.3890231417278448,-1.4282951842310698
3365,2,1,0,1,0,0,0,0,0,2,1,0,0,1,1,0,0,0,1,0,-1.7550398736278485,0.7116226309820006,-2.028460331119972
3366,0,2,0,0,0,1,0,0,0,0,2,1,0,1,2,1,0,1,2,0,-1.096153963951626,-0.3574260133824446,1.0079013967813533
3367,1,1,0,1,0,1,2,0,0,2,0,0,0,1,0,1,0,1,0,0,0.8912754173449806,-0.777765980866865,-1.5342234507842254
3368,0,0,0,0,0,0,0,0,1,1,1,0,0,1,2,1,0,1,1,0,0.4007635532653259,1.4681428050203302,-0.8331217425589463
3369,0,0,0,0,0,0,1,0,0,1,1,0,0,1,0,0,0,0,0,1,0.4002691055992887,0.9607483353467824,0.8808001356439017
3370,1,1,1,0,0,1,0,1,0,1,1,1,0,2,1,0,1,1,1,0,0.26610684931695605,1.5178934266950237,0.020159672332264678
3371,2,1,0,0,0,1,0,1,0,0,0,0,0,1,1,0,0,0,0,0,-1.1648822967111403,-0.9589573971970954,-1.4406306115744822
3372,2,1,0,0,0,1,0,0,0,1,1,0,0,1,1,0,1,1,0,0,-2.348398034830572,-1.5832610037353734,0.3721612060344315
3373,1,1,0,1,0,1,0,0,0,1,2,0,1,0,0,0,0,0,1,1,1.7886583063655435,-0.08893913256695563,-0.05982740749282922
3374,2,0,0,0,1,1,0,0,0,1,0,1,1,0,2,2,0,1,0,0,0.47848950445046295,-2.138663237392281,0.8612042386154446
3375,1,1,2,0,0,0,1,1,0,0,1,1,0,1,0,1,0,2,0,0,-1.3080141471252988,-1.0961471054116898,0.5385372398333936
3376,1,0,1,1,2,1,0,1,0,1,0,0,1,1,1,1,0,0,1,0,1.1099724130818445,0.9387759329750498,1.3949960691143652
3377,0,0,0,1,0,0,0,1,1,0,0,1,0,1,1,0,1,0,1,0,0.5090744611511285,-0.7356104182606161,0.565898614093029
3378,1,1,0,0,0,1,1,0,0,1,1,0,1,0,1,1,0,1,0,0,1.1598969901517857,2.655777376779542,3.504266886305804
3379,1,1,0,0,0,1,2,0,0,2,1,0,0,2,0,0,0,0,0,1,1.7662680002106161,2.0599822901245965,1.4335900758854474
3380,2,0,1,0,0,0,1,0,0,2,0,0,0,1,1,1,0,1,0,0,0.5009715475696241,0.1658541017532735,0.20983126458203338
3381,2,1,1,1,0,2,2,0,0,0,0,0,0,1,0,1,1,1,1,0,-2.2467316221943405,-0.8380691880594812,-0.5935724103236467
3382,1,1,1,0,0,2,0,0,0,1,2,0,0,0,0,1,0,1,1,0,-0.6725423757674033,-1.2714943012894608,-0.45350975624562573
3383,2,1,1,0,0,1,1,0,0,1,0,1,0,1,1,0,0,1,1,0,-1.3214500018930917,-0.9350092099199171,0.10834326089734081
3384,0,1,0,0,0,0,1,0,0,0,1,0,2,1,2,0,1,0,1,0,-1.050926501800176,0.15185128866188735,1.3550648217603407
3385,1,1,0,0,0,0,1,0,0,1,2,1,1,1,0,1,1,0,1,1,-0.6697022099197406,-0.5090129513441745,-3.251722860044159
3386,1,1,1,0,0,0,1,0,0,1,1,1,0,2,1,1,1,0,2,0,-0.09912795643335592,-0.4433235580121124,0.08321088106442812
3387,1,1,1,1,1,0,0,1,1,1,0,0,1,0,2,0,0,1,0,0,1.0333831562332523,2.984092678360926,3.5007484117592567
3388,0,1,1,1,1,0,0,0,0,1,2,1,0,2,1,1,1,1,0,0,1.4180800264766535,-0.6216452417260923,2.042609457064402
3389,1,1,0,1,0,1,0,0,0,1,1,0,0,0,0,2,1,0,0,0,0.632078613195143,0.2475899383968917,0.40260190737567514
3390,1,1,0,1,0,0,1,0,0,2,0,1,0,2,1,2,0,1,0,0,0.19267535585069245,-0.4565158997203698,-0.1311610080898741
3391,1,2,0,0,0,1,1,0,0,2,0,1,0,1,2,1,0,1,0,0,0.8558760355507079,0.6697675642302968,-0.002716248343001215
3392,0,1,1,1,0,2,0,0,0,1,2,0,0,0,1,0,0,2,1,0,0.11954607001253156,0.757515934128812,-1.4074498320218543
3393,1,0,1,0,0,1,0,0,0,2,0,0,0,1,1,1,1,0,1,0,1.098021289458838,-0.8288039690935617,-0.6212074534860017
3394,0,1,1,0,0,0,0,0,1,1,1,0,1,1,1,1,0,0,0,0,-0.5019253191966117,-0.6172368264398842,-1.4030028461630244
3395,1,1,0,0,0,0,1,0,0,0,2,0,1,1,1,0,0,0,2,0,0.054888556368023964,-0.3780528162760038,0.5850181289005059
3396,1,0,1,0,0,0,0,0,0,1,0,0,1,0,1,2,0,0,0,0,-0.31018983226675373,-2.2069455607221475,-1.0859666907745236
3397,1,2,0,2,0,0,0,0,1,0,0,1,0,2,0,1,1,0,1,1,-0.10588382966001365,-0.5542512399823847,-1.9480690427615168
3398,0,0,1,2,0,1,1,0,0,1,0,0,0,1,1,0,0,0,0,0,0.9034163097860243,1.9043173005171465,1.2893898924659544
3399,1,2,1,0,0,0,0,0,0,1,1,1,1,2,1,1,0,1,0,0,2.8342400035414004,-0.9917316548333523,0.5035396708756561
3400,2,1,0,1,0,1,0,0,0,1,0,0,0,2,2,1,0,1,0,0,-0.629165541907885,1.4577298784071446,-1.3867752885158855
3401,2,1,0,0,1,0,1,0,0,1,1,0,1,1,0,1,1,1,1,0,-0.9083101549593894,0.8986408898206073,-0.694693754614343
3402,0,0,0,0,0,0,1,0,0,1,1,2,0,2,0,1,1,0,0,0,-0.21641720679108187,-0.3176682623467675,-0.7353955069441153
3403,2,1,1,0,0,0,2,0,0,1,0,1,0,2,1,1,0,1,1,0,-1.1584436224997818,-0.692425166547479,0.97425050640361
3404,0,0,0,0,0,1,1,0,0,1,0,0,2,1,1,1,0,1,1,0,0.14057922303824832,0.4950802141954884,0.6400552101735613
3405,2,0,0,0,0,0,0,0,0,0,0,0,0,0,0,0,0,0,2,0,-0.7189811501943696,-0.08040869254665685,0.23671546438623758
3406,2,1,0,1,0,0,0,0,0,2,2,0,1,1,2,1,0,0,0,1,-0.6357596194950134,0.5095724078193445,0.7660766785143749
3407,1,1,1,0,1,0,1,0,0,1,1,0,0,2,1,2,0,0,1,0,-0.2779578488953598,-1.0389411893250697,-0.4030785155727805
3408,1,2,2,0,0,1,0,0,1,2,0,0,1,1,1,0,1,1,0,0,-0.9939441237628144,-0.8534352916341583,0.03489962322717377
3409,0,1,1,0,0,0,0,0,0,0,0,0,0,0,1,0,0,0,0,0,-0.12232190774405234,-0.4221767658542438,-0.9524251777437522
3410,2,1,0,0,0,1,1,0,0,1,2,1,0,0,2,2,1,1,1,1,0.3212773332658965,-0.5384124338316623,-0.8558785816258918
3411,1,0,1,1,0,2,0,0,0,0,1,0,1,2,0,1,0,0,1,0,-0.2403763678354914,0.49634602418953894,-1.3651098738899292
3412,1,1,0,0,0,1,0,0,0,0,0,0,1,0,1,1,0,2,0,0,-0.6110310817398219,0.5728447524700905,1.2888670082939688
3413,1,0,0,0,0,0,0,0,0,0,0,0,0,2,1,1,1,0,0,1,-0.11092614902296376,0.5337901128471141,0.6755790423509959
3414,1,0,0,0,0,1,0,1,0,1,1,1,0,0,1,0,1,2,0,0,0.5969593892195956,-0.7998618338846796,0.9825911726987466
3415,0,0,1,0,0,0,1,0,0,1,0,0,0,0,2,0,0,1,1,0,0.5911191083532185,-0.5487587025903519,0.13118898951517802
3416,2,2,2,1,0,1,0,0,0,0,2,1,1,0,2,0,1,1,1,1,-0.7346266490411044,0.17270624261681244,-0.4918732633754037
3417,1,0,2,0,0,0,0,0,0,1,2,0,1,1,1,2,0,0,1,0,-0.699580080399859,0.8821501884336065,-1.3113336211779598
3418,0,0,2,0,0,0,0,0,1,0,2,0,0,2,2,1,1,0,0,0,-0.5479962720329143,-1.7976664323833464,1.9276700146306591
3419,2,0,1,1,0,0,1,0,0,2,1,0,0,2,2,0,1,0,0,0,-0.22476402715081445,1.2524501201878657,1.2508339547822007
3420,0,0,1,0,0,0,0,0,0,0,0,0,2,1,2,0,0,0,1,1,-0.08080620794063624,0.2242375163581575,1.05631024555659
3421,0,2,0,0,0,0,0,0,0,1,1,0,2,1,1,1,1,1,0,1,-0.1141892173018917,-0.7338331844240158,-0.2044663643886121
3422,1,1,0,0,0,0,0,0,0,2,2,1,0,1,1,2,0,0,1,0,-0.35009644721596617,-1.322695266072632,0.40779594323770335
3423,1,0,1,0,0,0,0,0,0,1,2,1,1,2,1,2,0,0,2,0,0.4716379984037403,-0.4645114601415552,-0.0816915977875738
3424,0,0,1,2,0,0,1,0,0,0,0,0,2,2,1,0,1,0,1,0,0.18644643149536966,-0.12346010907409824,1.04010365228251
3425,1,1,0,0,0,1,1,0,0,2,1,0,2,1,0,0,0,1,1,1,0.4351588932788094,1.4392743369750072,1.4936751498162466
3426,0,1,2,0,1,1,1,0,0,2,1,0,0,1,2,0,0,1,1,0,0.4654493344327012,-0.4544473582715901,0.34482226356073004
3427,1,0,1,0,0,0,1,0,0,1,0,0,1,1,1,0,0,0,1,0,0.9956180833401248,0.2471918509029612,0.024805264868779153
3428,1,1,0,0,0,0,1,1,0,1,1,1,1,0,0,1,0,0,1,1,0.08393270696806152,-0.17141971529790256,0.6460151772086038
3429,0,0,0,2,0,1,0,1,0,1,1,0,1,1,1,2,1,0,2,0,-1.3845049443162833,-0.4815208194586122,-3.3960647038077547
3430,0,0,0,0,1,1,0,0,0,2,0,0,1,0,2,0,0,1,1,0,-1.1043711463524082,0.04380907770663345,0.3115706074223987
3431,1,1,2,1,0,0,1,0,0,0,0,0,0,2,2,1,1,0,0,0,-1.2717221982883593,-0.5400725811491242,-1.7742935967455877
3432,1,1,0,0,0,1,1,0,1,2,0,1,1,1,1,0,0,0,1,0,-0.1602084372919804,1.7794838851554955,0.47923072914718295
3433,0,1,0,0,0,0,0,0,0,0,1,0,1,1,1,1,1,1,0,0,0.8435130060689994,0.5050380395405561,2.257708185309476
3434,1,1,1,1,0,2,0,0,0,0,1,0,0,0,0,1,0,0,0,0,0.8392074798295343,-0.09520606944858911,-0.14147258410888
3435,1,2,0,0,0,0,1,0,0,2,0,0,1,2,1,1,0,1,0,0,-1.7605501722135328,-1.4864967384278858,-1.4039829756202358
3436,1,0,1,1,0,1,1,0,1,1,1,0,0,2,1,1,0,0,0,0,-0.26419985793624967,1.7489962896293183,0.5346363333428397
3437,1,0,0,1,0,1,0,0,0,1,1,1,1,0,1,0,0,1,0,1,0.887882574387214,-0.07392599637011266,-1.02625655073458
3438,0,1,1,0,0,1,0,0,0,1,1,0,1,0,2,1,1,0,0,0,-1.0401863072752826,-0.3989377054007144,1.6542456331515885
3439,1,1,1,0,0,0,0,0,0,1,0,0,0,1,1,1,0,1,1,0,-0.4063455816982397,0.14451524075848848,-0.18301650793138147
3440,0,0,1,1,0,0,0,0,0,0,0,0,1,2,2,1,0,0,1,0,1.5665330823837327,1.4186876564858295,1.8618114990033177
3441,1,1,0,0,0,1,0,0,1,1,0,0,0,1,2,0,0,1,0,1,-0.46092153047795925,0.15611311404049902,-2.3678969874478284
3442,0,0,0,1,0,1,1,0,1,2,1,0,1,2,2,1,0,1,0,0,-0.6716131678694373,-0.29093945006212907,0.6355004080793518
3443,2,0,0,0,0,0,0,1,0,1,0,2,0,2,1,1,0,0,0,0,-1.555937379935118,-0.3813732613462113,-1.871968850756836
3444,2,1,1,1,0,1,1,0,0,1,0,1,1,0,0,1,1,1,1,0,-2.221394734289133,-0.7875464066980002,-1.7952924650928517
3445,1,1,0,0,0,1,0,0,0,0,0,1,1,1,0,0,1,0,1,0,-1.383197775353029,-0.32490824547782565,0.49620388948566635
3446,1,1,2,1,1,0,0,0,0,0,1,0,0,1,1,0,0,0,1,0,-0.7481151328339624,-0.2636025266763835,-1.008939801264264
3447,0,1,0,0,0,2,0,0,0,1,0,1,0,1,0,0,0,2,2,0,-1.4531047719807844,0.6632537932031952,1.7881776711954114
3448,2,0,1,0,0,0,0,0,0,1,1,0,0,2,1,1,0,0,1,0,-1.5395719241674721,-0.6886095209067549,-1.6560440976952688
3449,0,1,1,1,1,0,0,0,0,2,1,0,0,2,0,1,1,1,1,0,0.2388636329249023,-0.5382356685770218,-0.6367234019264646
3450,1,0,1,0,0,2,1,0,1,0,0,1,0,1,1,1,0,1,1,0,0.7916027228770122,0.6891579962027234,-0.014132874681361207
3451,1,0,1,0,0,1,1,0,0,2,0,1,0,1,0,1,1,1,1,0,1.3894637198802922,0.41261342073920826,0.1663094083918396
3452,0,1,1,0,0,0,0,0,0,1,0,1,0,2,1,0,1,1,1,0,-0.8463797049659264,-0.614022777393764,-0.554068570198999
3453,0,0,2,1,0,0,0,0,0,2,0,0,1,1,2,1,1,1,1,0,0.05532638676970794,-0.9073419481905166,0.6456489646828492
3454,0,2,0,0,0,0,0,0,1,0,1,1,0,1,0,0,0,0,1,0,-1.0153174298500969,-1.8698358064893768,-2.114288209538992
3455,0,0,1,1,0,0,1,0,0,0,0,0,0,1,1,1,0,0,1,0,0.23495739890773726,0.5675719514088045,1.6943198847364709
3456,2,1,0,0,0,1,1,0,0,0,1,0,0,2,1,0,0,0,1,0,0.958727783504577,1.0396489274491894,2.0621707536710288
3457,1,0,0,0,0,1,1,0,0,2,0,1,0,1,0,1,0,0,2,0,1.1323324291981713,1.2060966793639574,-0.2826484946719874
3458,1,0,1,0,0,1,0,0,0,2,0,0,0,1,2,0,2,0,1,0,-1.9066477765812788,-1.6472615921434062,0.3027953114934737
3459,2,1,0,0,0,0,0,0,0,0,0,1,2,1,1,0,0,1,1,0,-0.08552247850121933,1.6753825137137295,-0.060901007647998884
3460,1,0,0,2,1,0,0,0,0,2,0,0,0,1,1,1,0,1,1,0,-1.4656719668926397,-0.6655353202659782,-1.300499035941039
3461,1,1,0,1,0,2,1,0,0,0,1,1,0,1,1,0,0,1,0,0,-0.3575047462889145,0.0007732835636891037,-0.2843068928241131
3462,1,0,0,0,1,0,0,1,0,2,1,0,1,1,1,0,0,0,1,0,0.7656615289645331,1.4491243543221395,0.09997338477813555
3463,0,1,2,1,0,0,0,0,0,1,0,0,1,1,1,1,0,0,1,0,-0.6089736985297232,-0.45657053222506416,-0.9825920082002038
3464,2,0,1,0,0,1,0,0,0,1,2,1,1,1,1,2,1,1,1,0,1.21850547435062,0.4166498419611898,1.555805428804138
3465,1,2,0,0,0,0,2,1,0,1,1,2,0,1,1,1,0,0,1,1,-0.11090577362686858,-0.6259612765549133,-0.2202299384079095
3466,1,1,0,0,0,0,1,0,0,1,1,0,0,1,0,0,0,0,0,0,-0.29815772944514246,-0.7013182043026813,1.8896930121063114
3467,0,1,1,0,0,1,0,0,0,2,0,1,0,2,0,1,0,1,1,0,1.0017253329055973,1.4381888384548718,2.8919716049070594
3468,1,1,0,1,0,1,1,1,0,2,0,2,0,0,0,1,0,0,0,0,1.4690733325702976,1.1077847472696294,2.805905744800144
3469,1,1,1,1,0,0,0,0,0,1,0,0,0,2,2,1,1,2,1,1,-0.6537963015291541,-0.723200744710138,1.144414509068775
3470,0,0,1,0,1,0,0,0,1,1,0,0,1,2,1,2,1,0,0,0,-1.5031555214907237,-1.9903387061756346,-1.2499356192938096
3471,1,0,1,1,0,0,1,1,1,2,1,0,0,2,1,1,1,1,1,1,-0.8573671788880853,1.3431364697648733,0.10315439443850272
3472,1,0,1,1,0,2,0,0,1,0,1,0,0,1,0,0,1,0,1,0,0.33333169737258705,0.16244213066673951,0.27797008262339773
3473,1,0,1,1,0,1,2,0,0,1,1,0,2,2,2,2,1,0,1,1,-1.4121991709021147,0.02313872622221419,1.0092015575567506
3474,0,1,0,0,0,1,0,1,0,2,2,1,0,1,0,0,1,1,0,0,-0.19817940897264233,0.817258935667314,-1.898440066576578
3475,1,0,1,1,0,0,0,0,0,0,1,0,1,2,0,2,1,2,0,0,-0.097913693462835,-0.20493348862809652,-0.03003906634195274
3476,1,1,1,0,0,1,0,0,0,1,0,1,0,0,0,1,0,0,0,1,-0.5106221931381691,-0.6357705913069013,1.2343203370832774
3477,1,1,0,0,1,0,1,0,0,1,2,0,0,1,2,2,0,0,0,0,-1.833739504357436,0.03364888438389102,-1.715500274506521
3478,2,2,1,0,0,0,0,1,0,0,1,1,1,0,1,1,0,0,0,0,-0.0638162333721222,-1.0116772879556748,0.16797536089642734
3479,2,1,1,0,0,0,0,0,0,0,1,0,2,1,2,1,1,0,0,0,-0.21107204637224483,-1.2415131771461716,-0.5249643121925339
3480,0,1,0,1,0,0,0,0,0,2,1,0,0,0,0,1,1,0,1,0,0.31669672826137085,-0.9276590950571402,0.1884375678641857
3481,0,1,1,0,0,0,1,0,1,0,0,1,0,1,1,1,0,1,0,0,-0.2044352011146059,-1.2658702655370482,-1.2674654307401472
3482,1,0,1,1,0,1,0,0,0,1,0,0,1,2,2,1,0,1,2,0,1.4293590477905085,1.150328282936912,1.225583617602342
3483,1,0,1,0,0,0,1,0,0,1,0,0,0,1,1,0,0,0,1,0,-1.2973588875460704,-0.5533292388528013,0.6766529044185875
3484,0,0,0,0,0,2,0,0,0,1,1,0,1,1,1,2,0,0,0,0,-0.4766887270329734,-0.06887933879924923,0.12447491684061371
3485,0,1,1,0,0,0,0,0,1,0,1,0,0,1,2,0,1,0,1,0,-0.9099008400369305,-0.2440820545403229,1.1497846498587587
3486,0,0,1,0,0,0,2,0,1,0,0,0,1,0,2,1,1,0,1,0,1.0954904744102012,1.2870928691625947,0.3792083172608437
3487,0,1,0,0,0,0,0,0,0,1,1,0,0,1,1,2,1,1,1,0,-1.3791995708282894,-0.6199067459176858,-2.4018781558331823
3488,0,1,1,1,0,1,0,0,0,1,0,0,2,2,0,1,1,1,1,0,-0.2891206868263123,0.4944777192174012,0.21781216234943887
3489,1,0,1,0,0,0,1,0,0,1,1,0,1,0,2,1,2,1,1,0,0.8936400048367327,-0.3351946976444421,2.002256908015728
3490,2,1,1,0,1,2,0,0,0,0,2,0,0,2,1,1,0,1,1,1,0.47740664489467083,1.0983882305003232,-0.815836565673047
3491,0,1,1,1,0,0,1,0,0,1,1,0,0,2,1,2,1,0,0,1,1.408880982596448,-1.877999994128825,1.271497243530809
3492,1,1,0,0,0,0,0,0,0,0,1,0,0,1,0,1,0,0,2,0,0.08734960425938497,-0.4936631976957547,-0.5435509449941157
3493,0,2,0,0,0,1,1,0,0,0,0,0,0,1,0,0,0,0,1,0,0.32692847666971425,0.2185287390780346,-0.39311054450712923
3494,1,0,1,1,0,1,0,0,0,0,2,0,0,0,2,1,2,0,0,0,-0.2588643192835548,-1.0496752784773975,-0.9053052395991166
3495,1,1,1,0,0,0,0,0,0,0,0,0,2,1,0,1,0,0,1,0,0.05775168308545026,-1.43257602856127,0.13161341668208262
3496,2,0,0,1,0,1,1,0,0,1,0,0,0,2,2,0,0,0,0,0,0.31927341054221786,0.44150875041982934,-1.4951170758902932
3497,1,0,0,0,0,0,1,0,0,1,2,0,1,0,2,0,1,0,0,0,-0.03075260867632799,1.076580349625782,0.1492519843552238
3498,1,1,1,0,1,1,0,0,0,1,1,1,2,1,1,2,0,0,2,0,-0.42660443449102664,0.6961540348658948,0.2393846930178672
3499,1,1,1,0,0,0,2,0,0,0,2,1,0,1,2,2,1,0,1,1,-1.5313641588561004,-2.2896379479244517,-2.1979107983870048
3500,1,2,1,1,0,0,0,0,0,0,1,1,1,2,1,2,0,2,0,0,-0.43351882567683536,0.07079987151885159,-1.3806037778030689
3501,1,1,0,0,0,1,0,0,0,1,2,0,0,1,1,1,0,0,0,0,1.3349360851590164,-0.28917594324838636,1.2237294472337665
3502,1,1,0,0,0,0,0,0,0,1,0,0,1,1,0,2,1,1,0,0,1.8064255069945965,-0.5684647562579668,-0.893817051197524
3503,1,1,0,0,1,2,1,0,0,1,2,0,1,1,1,1,1,1,1,0,-0.7864042830608499,0.6354711975463864,-0.01652108755636758
3504,1,2,1,0,0,0,0,0,0,1,1,0,1,1,0,1,0,1,1,0,0.3760395377398234,0.7362355714913682,-1.465584473847926
3505,1,0,2,1,0,0,2,0,1,2,2,0,0,1,0,1,1,0,0,0,0.9474992290088398,-0.7625635189501242,-1.4765909261273884
3506,1,0,1,1,0,0,0,1,0,1,0,1,0,2,1,1,1,0,1,0,2.1414270173633088,0.9225086102630173,0.9663056199955914
3507,1,0,0,1,0,0,1,1,0,2,1,2,1,0,2,0,0,0,1,1,0.3374793675929655,2.28348205429262,1.7345241397640188
3508,1,2,1,0,0,0,0,0,0,2,1,0,0,0,2,1,0,1,0,0,3.001293902484031,1.7014016629461417,2.6186087056753595
3509,1,2,1,0,1,0,0,0,0,0,0,0,1,1,2,1,0,1,2,1,0.06972507127293878,-0.23372216822255865,0.2729124010585802
3510,1,2,1,1,0,2,0,1,1,1,1,0,0,0,1,0,0,1,1,0,-0.358016691362368,0.5213755922231995,1.8701266509659962
3511,0,1,1,1,0,0,1,0,0,2,1,2,0,1,1,0,0,2,1,0,-0.9813661701522105,0.05730887002591706,-1.6044887422829643
3512,1,1,0,0,1,0,0,0,0,0,0,2,1,1,2,1,1,1,0,0,0.38229662513457807,0.3353760747394189,1.465297433561231
3513,0,1,1,1,0,0,1,0,0,0,1,0,1,1,1,1,0,0,1,0,1.2562837398627,-0.7489592441899768,1.2440211693349728
3514,2,2,1,0,0,0,0,1,0,1,0,1,0,1,1,1,1,1,1,0,0.2025935983094373,-1.0463547007620715,-0.05172121377674505
3515,2,2,0,0,1,0,1,0,0,1,2,0,2,0,1,0,0,0,1,1,0.5228489468639717,1.1505885990029674,1.2243880765692703
3516,0,0,0,0,0,1,0,0,0,0,0,0,1,0,1,0,1,0,0,0,-2.5397950051903546,-1.4028499599653577,-0.5101458956540179
3517,1,0,0,1,0,1,0,0,0,1,0,1,1,1,0,1,0,1,1,0,-0.8345608501211799,-0.3746558378553918,0.24395102961546516
3518,2,2,0,0,0,1,0,1,1,0,0,0,1,1,1,1,0,1,0,0,0.45881168252104676,0.035780869238927676,0.3105736458474249
3519,1,0,0,1,0,0,1,0,0,1,1,0,0,1,0,0,1,0,2,0,-0.3568313227042563,1.0127389530636508,0.6571211884629433
3520,1,1,1,0,0,0,0,1,0,1,0,0,1,1,2,1,0,0,1,0,0.08301028007201529,0.5005005367541748,0.18309589013253935
3521,1,0,0,0,0,2,2,0,0,2,1,1,2,1,1,0,0,0,0,0,-0.14668558114205604,-0.14296312612860007,-1.5684815396709157
3522,0,0,0,1,0,1,0,0,0,2,1,0,0,1,1,0,0,0,0,0,0.05252487007096194,0.44743792659755965,1.0923757660799402
3523,1,1,1,1,0,0,0,0,0,0,0,1,0,2,1,0,1,1,0,0,0.7597121019982637,-1.0679535677354957,-0.10106456665138372
3524,1,0,1,0,0,0,0,0,0,2,0,0,0,1,1,1,2,1,0,0,-1.21095821359532,0.07123716110061534,0.5486349818424028
3525,0,0,1,0,0,1,0,0,0,1,0,1,1,1,2,2,2,1,0,0,-0.7776340554949649,-0.07608113208575168,-0.2042402666599331
3526,2,1,0,0,0,1,0,0,0,0,1,0,1,1,1,1,0,1,0,0,-0.29040474400338306,-0.00772387107413991,-0.022480251269830206
3527,0,1,0,0,0,0,0,0,0,2,1,0,1,1,1,1,0,1,0,1,1.784655375417533,0.9096008140118095,1.1712262927130412
3528,0,1,1,0,0,0,1,0,0,1,1,0,0,1,1,1,1,1,1,0,-1.6162722711246746,0.10393125411118254,0.014992132538119318
3529,2,1,0,0,0,1,0,1,0,0,0,1,0,0,1,1,0,0,0,0,-0.510602191039414,-1.3516166822955944,0.2371664874442303
3530,1,0,1,1,0,1,0,0,0,2,0,0,0,0,1,1,1,0,1,0,0.9680299851236227,2.254034781825835,1.5630959187488178
3531,0,0,0,0,0,0,0,0,0,0,1,0,2,1,2,2,0,1,1,0,0.621219688644465,-0.07923815069604934,0.45869125137006433
3532,1,0,1,0,1,1,0,0,0,1,0,0,2,0,1,2,0,0,0,0,0.7463685556926316,0.4883139857782672,0.34614227975157996
3533,1,1,0,0,0,0,1,0,1,1,0,0,0,2,0,1,0,0,0,0,0.4268347179434992,-0.9826205480391819,-0.17730047396531556
3534,1,0,1,1,0,0,0,0,0,2,2,1,1,2,2,2,1,1,1,0,0.18067730254593697,0.29393721763994396,-0.2951500320949172
3535,1,1,1,0,0,1,1,0,0,1,1,0,1,1,0,0,0,0,1,0,-0.09401005384945824,-0.4213184745486227,-0.09865143404761584
3536,2,1,0,0,0,0,1,0,1,0,1,0,1,0,1,1,0,0,1,0,0.6303634705315466,1.1394581135222586,2.1574867745900685
3537,2,0,1,0,0,1,0,1,1,2,1,1,0,0,1,1,0,0,0,0,-0.2627947311391172,-0.9930795662512651,-0.7960707719624411
3538,0,1,0,1,1,1,1,0,0,0,0,0,1,1,1,1,1,1,0,0,0.7867182847758983,-0.2925868253303758,-0.8591009309051482
3539,1,1,1,0,0,1,0,0,0,2,0,0,2,1,1,0,1,1,1,0,-1.281970208217916,0.5151899987791937,0.6277885088630913
3540,2,1,0,1,0,0,1,0,0,1,1,0,0,2,1,2,0,0,1,0,2.0853096713553803,0.0974785466863084,1.1867850506738034
3541,1,1,1,1,0,0,0,0,0,1,1,0,0,2,2,0,0,1,1,0,1.4893519947986764,-0.35808140811228006,-1.6579696082742728
3542,1,0,1,1,1,0,0,0,1,2,1,0,2,2,2,0,1,1,1,0,0.5429922936637731,1.619236929672088,1.5303673038142591
3543,0,1,2,0,0,0,0,0,0,1,2,1,1,0,1,1,1,1,1,0,0.36617376943064933,-1.6766003314056095,0.8836151123822147
3544,2,1,0,1,0,0,0,0,0,1,0,0,0,1,1,1,0,1,1,1,0.012631328540507074,0.899441814992624,1.7270166167416536
3545,0,1,1,1,0,0,0,0,0,2,1,0,1,2,0,0,1,0,0,0,0.47311988754824097,2.2021196225110247,0.7821086308618161
3546,0,1,0,0,0,1,1,0,0,1,1,0,0,2,2,2,0,0,1,0,1.3965464514312103,0.9880259103310703,1.9886474375654462
3547,1,0,0,0,0,0,1,0,0,0,1,0,1,1,0,1,0,1,1,0,-0.6754907720025429,-1.0206136958117984,-1.1588941349301312
3548,1,1,1,0,0,0,0,0,0,1,0,1,0,1,1,0,0,0,0,0,1.1165047519874498,-0.04895670554593726,0.10024343723462742
3549,2,2,1,0,0,2,0,0,1,2,1,0,1,2,2,1,0,1,1,0,0.4840319789380776,0.5573692372374551,-1.5531846242241314
3550,1,2,0,0,0,0,2,0,0,1,1,0,1,1,2,0,1,0,1,1,0.7560634446733506,1.177844737778296,0.3497531932514727
3551,1,0,0,0,1,0,0,0,0,0,1,0,0,1,1,1,0,0,0,0,1.0880428594902887,-0.7861352593814847,1.140812762517585
3552,2,0,1,0,0,0,0,0,0,0,0,1,1,0,0,1,1,1,0,1,-1.111052657112334,-1.5693833237699901,-1.8894561183410739
3553,1,2,1,1,1,0,0,1,1,2,0,1,1,2,1,0,1,0,1,0,1.5659948291871268,-0.47068611765123747,1.4885738378352924
3554,0,1,1,0,0,0,1,0,1,1,0,0,1,1,1,0,0,1,2,1,0.07575690058375441,0.12823998156013636,0.008605221436302102
3555,0,1,1,0,0,0,0,0,0,0,0,0,1,1,1,2,0,0,0,0,-0.9521670293420142,-0.5100796334898687,-0.49287420222181455
3556,1,0,0,0,0,0,0,0,0,1,0,1,1,1,1,2,1,2,0,0,0.5964251866023319,-0.10703855036790313,2.9665371514314796
3557,0,0,0,0,0,1,1,0,0,1,1,2,1,1,1,0,1,1,0,0,0.10509761822194094,0.9582576411973633,1.714183005295535
3558,1,0,1,0,0,0,1,0,0,1,1,0,0,1,1,1,0,0,1,0,-1.9197123142788552,-0.7158050651567751,1.3875002097634892
3559,1,1,0,1,0,1,1,0,0,0,2,0,1,2,1,1,2,0,0,0,0.2340039783223422,0.9363241125849071,0.4794035196952626
3560,0,2,0,1,0,1,0,1,0,0,1,1,1,1,0,1,1,0,1,0,1.6042167955293034,-0.23299274377184404,-0.0565994105114368
3561,1,1,0,0,0,1,0,0,0,1,0,0,1,1,1,1,1,1,0,0,0.060782491190571046,1.1758785014716022,0.8459314190049019
3562,1,1,1,0,0,0,1,0,0,0,2,0,0,0,1,1,1,0,0,0,0.09824127208476686,-0.8061094182917186,1.3413565456333592
3563,0,0,1,1,0,0,1,0,1,1,2,1,2,1,2,0,0,0,2,0,1.291195026204959,1.6193570841438047,0.8885417886573117
3564,1,2,2,1,0,1,1,0,0,2,1,0,0,1,2,1,2,0,1,0,1.1901145757593021,1.3004435046834475,1.2876426988236913
3565,1,2,0,0,0,0,0,0,0,0,0,0,1,2,1,1,1,1,1,0,0.30190950540300804,0.06441372525357852,0.7605506555923873
3566,1,0,0,0,0,1,0,0,0,1,1,0,0,2,0,2,0,1,0,0,-0.6137492836676195,-0.8783567572074429,-1.6660233856959488
3567,1,0,0,0,0,0,0,0,0,0,2,0,1,1,0,2,0,0,1,0,-0.010142873286421496,-0.4180639815951739,-0.12540726146610362
3568,2,0,0,0,0,0,1,1,0,1,2,0,1,2,2,1,1,0,0,1,0.5239965802878911,-0.13340126578325529,0.005840493382145734
3569,1,0,0,0,0,0,0,0,0,0,1,1,0,1,0,1,0,1,1,0,0.018358151421908504,-1.305360934949256,0.6532823610135814
3570,0,1,1,1,1,0,0,0,1,0,0,0,0,2,1,0,0,0,1,1,-0.695536602111793,-0.9709888970403234,-0.4456900149085843
3571,1,0,0,0,1,1,0,0,0,1,0,0,1,1,1,0,0,0,1,0,0.6749096221812023,2.406660170117459,1.3709671093412903
3572,0,0,0,0,0,1,1,1,0,0,0,1,0,2,2,2,0,1,1,0,0.9630789545252406,1.5463963206227782,2.733868674311175
3573,0,2,1,1,0,0,0,1,0,1,0,1,0,1,1,0,0,1,0,0,1.1122436502728907,-0.13354055880240956,0.4719057481469488
3574,0,1,0,0,0,0,1,1,0,0,2,0,0,1,1,0,0,0,0,0,-1.3301535011360979,-1.3032111662486456,-0.2986582051143657
3575,1,2,1,0,1,1,0,1,0,1,1,0,0,1,1,0,0,0,1,0,0.0134734203373273,-0.6045888938946329,0.11064158062095453
3576,2,2,1,0,0,0,0,1,1,0,1,0,0,1,1,1,0,1,0,1,0.18172538964813015,-1.068536892996743,0.18895235159824683
3577,1,1,0,1,0,0,1,0,0,2,0,1,1,1,2,1,0,0,0,0,-0.7544295302256135,-0.2885985334254858,-1.3094283093974681
3578,1,1,1,1,0,0,1,0,1,1,0,0,1,0,0,2,0,1,2,0,1.3363087672343603,0.8513171639021558,1.1548125784078644
3579,0,1,1,0,0,2,0,0,0,2,2,0,0,0,2,1,0,2,0,0,0.08779285550671118,1.1639210030262428,0.08217788263929782
3580,0,0,0,0,0,2,0,1,0,0,1,0,0,1,1,2,1,0,1,0,0.9525443041902079,0.3238849218147537,-0.3362042361430943
3581,2,0,1,0,0,0,1,0,0,1,0,1,0,2,2,2,1,0,2,0,0.6533162548559329,-0.32374623168598404,-2.686769013692992
3582,0,0,1,0,0,0,0,0,0,2,1,0,2,2,0,2,1,0,1,1,-0.26066905311683464,0.5543253959521637,-1.557740889150123
3583,2,1,0,0,0,0,0,0,0,1,1,0,0,2,0,1,1,1,0,0,-1.5144974194492369,-1.2415489046556845,-1.5064983768414622
3584,2,2,1,0,1,0,2,0,0,2,1,0,0,1,0,0,1,0,0,1,-0.4871320786274799,-0.3177543788823481,-0.2602205920970113
3585,2,1,0,0,1,0,0,0,0,0,2,1,0,2,1,0,0,0,1,0,1.1075151996392332,-0.726595225798981,0.3779363672174187
3586,2,2,1,0,0,1,0,0,1,0,0,1,0,1,0,2,1,0,1,0,-1.6562206911043635,-0.3155711961698908,0.35915255434627635
3587,0,1,0,1,0,0,1,0,0,1,0,1,0,1,0,1,1,0,1,0,-1.0106684681489133,0.03339014504390625,0.1052424507557223
3588,1,0,1,0,0,0,0,0,0,1,0,0,1,1,2,1,0,1,1,0,-0.40076811068033424,0.8359059675028718,0.5318225889400076
3589,0,0,0,0,0,0,0,0,0,1,2,0,1,1,1,0,2,0,1,0,0.7896002360908202,-0.6785812085177221,-1.720146578182133
3590,0,0,1,1,0,1,0,0,0,2,0,0,0,0,1,1,1,0,1,0,-1.6429137418298605,-0.5328879008428302,-0.05723768711568289
3591,0,2,0,0,0,0,1,0,0,1,1,0,1,2,0,0,0,0,1,0,-0.3504306547525236,-0.5207049691331932,-1.020805412034011
3592,0,1,1,0,0,0,1,0,0,1,0,0,1,0,1,2,0,0,1,0,0.03963700033608914,-1.1287032709904867,1.7832655874345649
3593,0,0,1,0,0,0,1,0,0,0,1,0,1,0,0,1,0,1,0,1,1.173647077722368,0.5264472677440478,1.1536258646913613
3594,0,0,0,1,0,0,1,2,0,0,0,1,0,0,1,1,0,0,0,0,0.02153367490426805,1.493097086404886,-0.42720788708817103
3595,2,0,0,0,0,2,1,0,0,2,0,0,0,2,1,0,0,1,1,0,0.8272342768481089,0.610539708128818,-0.11450631323286825
3596,2,1,1,1,0,1,1,0,0,2,0,0,1,1,0,0,1,1,0,0,-0.08490483457842615,-1.200662104486372,-0.6903390918099447
3597,1,1,1,0,0,1,0,0,0,0,1,0,2,2,2,1,0,1,1,0,0.6838119648751351,0.21713638743050054,1.5767744875730987
3598,1,0,0,0,0,1,1,0,0,1,0,0,1,1,1,1,0,0,1,0,0.6513735000063439,0.5649512051902352,0.5671251178174486
3599,0,1,1,0,0,0,1,0,0,2,1,0,2,1,1,0,1,1,0,0,1.0174793305948122,0.6654208345371442,-1.2299191466490822
3600,2,1,1,0,0,1,0,0,0,2,0,0,1,2,0,2,0,1,0,0,0.2050531814632881,1.1537641270273695,0.7860713576773835
3601,2,1,2,1,0,0,0,0,1,0,0,0,0,0,1,0,1,0,0,0,0.13132094023351068,-0.07927685986627261,-0.482979311418842
3602,0,1,0,0,0,1,1,0,0,0,1,0,0,0,1,1,1,1,1,0,-1.0922361820879025,-1.705157661425722,0.8525081001519192
3603,0,2,0,0,0,0,0,0,0,0,0,1,0,2,1,2,0,1,1,0,2.7071575133707335,-1.065168810729455,0.3359767329613936
3604,0,1,0,1,0,1,1,0,0,1,0,0,0,1,0,0,0,0,1,0,-2.5985577965143865,-0.9306572144060383,-0.266386666358689
3605,0,1,1,0,1,1,1,0,1,1,1,0,2,2,1,1,1,1,0,0,-0.22901524018145902,0.49642606122142463,0.18503934015840295
3606,1,2,1,1,0,0,0,0,0,1,0,1,2,1,1,1,0,1,0,0,0.9571366343210288,1.9775993094250766,1.873172694904323
3607,0,0,1,1,0,0,0,0,0,1,0,0,0,1,1,1,1,1,0,0,-0.5466598166526788,-0.6600973605101215,-0.37243351581724443
3608,0,0,1,0,0,1,0,0,0,1,1,1,0,2,1,2,0,1,1,1,1.0493286116917964,-0.1050969813374329,0.759776618483983
3609,2,1,0,0,0,0,0,0,0,1,0,0,0,0,1,0,0,0,2,0,-0.7754207626475442,1.2491018201675845,1.7100225835696292
3610,0,0,0,0,0,0,0,0,1,1,1,0,0,1,1,2,0,1,1,0,2.2310683581408846,1.7856013547530676,1.694934065623934
3611,1,0,1,1,0,1,1,0,0,0,0,0,1,2,1,0,0,1,0,0,-0.03175524370612412,1.4110080809017658,0.3955993112814904
3612,2,1,1,0,0,1,0,0,0,0,1,0,0,1,1,1,1,0,1,0,0.7937689872278607,0.757562207835335,2.433260236130311
3613,1,0,1,0,0,0,0,0,0,1,1,0,0,1,2,0,0,1,0,1,0.9440647693341621,1.0427520467480056,-1.2961471926215609
3614,1,0,1,0,1,1,0,0,0,0,0,1,2,2,1,0,0,1,0,0,-0.9709541233500611,-0.8239115114399783,1.0778085963987296
3615,1,1,1,1,0,1,0,1,0,1,1,0,0,2,0,1,1,2,1,0,1.9538761114395062,-0.7801862189740177,1.4335101168389457
3616,1,0,0,0,0,0,1,0,0,2,1,1,0,2,1,1,1,1,1,1,0.20119016243992957,1.2322170706340476,1.1067915012556735
3617,1,0,1,0,1,0,0,0,0,2,0,0,0,2,1,1,1,0,0,0,0.12062930799524663,-0.13624668447332475,-0.7623292471365061
3618,1,1,1,0,0,1,0,0,0,1,1,0,2,0,0,1,0,1,0,0,0.8080053292395074,-1.2016230426176429,-0.8402065185813463
3619,2,2,0,0,0,0,0,0,0,0,1,0,1,2,1,0,0,1,0,1,1.2307389806585112,0.11381683922326297,0.9273566754474505
3620,1,0,1,0,0,2,0,0,0,1,1,0,0,2,1,0,0,0,1,1,1.1127745780695653,-0.013128451052352386,-0.32627755663743196
3621,2,0,1,1,0,0,0,0,0,1,0,1,0,1,1,0,0,2,0,0,-0.0031429972156091094,-1.5230393513787632,0.5794564361550805
3622,0,0,0,1,1,0,0,0,0,0,0,0,0,1,1,1,0,1,1,0,-1.1604525250714632,-0.9331934242184289,-0.53824331380745
3623,1,0,0,2,0,0,2,0,0,1,1,0,1,1,0,1,1,0,0,0,-0.2842611246652202,-2.3389253224228685,-0.346861957211008
3624,1,1,0,0,0,0,0,1,0,0,1,1,0,1,2,0,0,0,1,0,0.08360755604710038,-0.5899757234450671,0.9038155462980751
3625,1,0,1,0,1,0,1,0,0,2,0,0,0,0,1,1,1,0,0,0,-0.3870474823354155,-1.5879293070059681,0.5830391863101886
3626,1,2,0,0,0,2,0,0,0,1,1,0,1,1,1,2,0,0,1,0,-0.7878292707382715,-0.29685095412232476,-0.1774535887203222
3627,1,1,0,1,0,0,0,0,0,0,0,0,1,2,1,1,1,0,0,0,0.7461105032943643,-0.8925837249758722,-0.9624339320979279
3628,0,0,0,0,0,1,0,0,1,1,0,0,0,2,2,1,0,1,2,0,0.9986521573537923,0.9851536546499464,1.6227808051972317
3629,1,0,0,1,0,1,1,0,1,0,2,0,1,0,0,0,0,1,1,0,0.5663663354546554,1.5238102595547809,-0.38284385433628154
3630,1,1,1,0,0,1,0,0,0,2,1,0,2,2,2,1,1,1,2,0,0.24713490153928258,1.8448920386777887,1.3543381407058932
3631,1,0,0,0,0,1,0,0,0,1,1,1,1,1,0,1,1,1,0,0,-1.966611592185711,0.4002152297547432,-0.27929523438732295
3632,1,1,0,0,1,0,0,1,1,1,2,0,0,0,1,0,1,1,1,0,-0.944924345381613,-1.122944280433787,0.1287932583073016
3633,0,1,0,0,0,0,0,0,0,2,1,0,0,2,1,1,1,0,2,0,1.0069866885884853,0.0949701377825094,1.1110713567530175
3634,1,0,0,1,0,1,1,0,0,0,0,0,0,0,1,1,1,0,1,0,-0.30000694089190044,-1.1817964838758377,-2.3518871229818292
3635,1,0,0,0,0,2,0,0,1,1,2,0,0,1,1,1,1,1,0,0,-1.9886914163634812,1.0735139720579652,-0.17229497334327976
3636,1,0,0,0,0,0,0,0,0,0,0,1,1,2,2,1,1,1,0,0,-1.3022047714190135,-1.1811935677541396,-0.3553414750131574
3637,2,0,1,0,0,0,1,1,0,2,1,0,0,0,2,0,2,1,2,0,-0.7811026715837546,0.8299264269766199,0.9228735403096444
3638,0,0,2,0,1,0,0,0,0,1,1,1,1,1,2,2,0,0,0,0,1.071423632625566,-0.3110829563065802,-0.784036776578438
3639,0,1,1,1,0,1,1,0,0,2,0,0,0,1,1,0,0,1,1,0,-0.191905058131129,0.01741951755152854,-0.1522646801401503
3640,0,1,0,1,0,0,0,0,0,1,1,0,1,0,1,2,1,1,0,0,-1.3288650001049511,-0.6893913367321244,0.5419704982711471
3641,1,1,1,1,0,0,0,0,0,2,0,0,1,1,1,2,1,2,0,0,-1.6593080024937725,-0.6554557643658877,-3.047971376965434
3642,2,1,1,0,0,1,0,1,0,0,1,0,0,1,0,1,0,1,0,0,-1.5584322627791516,0.058920430118145295,-1.0685942791353402
3643,1,0,0,1,1,0,0,0,0,1,1,1,0,1,2,1,1,1,0,0,0.14676224840441096,-1.3127861866500514,-0.39329108575503713
3644,2,2,1,0,0,1,0,0,0,2,0,0,0,0,1,0,1,0,1,0,0.15962579906515934,-0.03419857765449141,1.0582157085561497
3645,0,1,1,1,0,0,0,0,0,1,1,0,1,2,1,2,0,0,1,0,-1.6658680156371586,-0.9300104376251374,0.5789587842797118
3646,2,0,0,1,0,0,2,0,0,1,1,1,0,0,2,1,0,1,1,0,-0.26013726906347917,0.11496834304620973,-1.6266976071080275
3647,1,1,0,0,0,0,1,0,0,2,0,0,0,0,1,0,1,0,0,1,2.3542851104226292,0.7677672483468974,-0.6337801353248401
3648,1,0,1,0,0,0,0,0,0,0,1,0,0,1,1,1,0,0,0,0,-0.7179425088610482,0.15409494894191433,-1.6962863658264247
3649,1,2,1,0,0,0,0,0,0,1,0,0,0,1,1,1,0,0,1,1,0.37178301633992594,-0.041680947762009576,1.6509396934035991
3650,0,1,1,0,0,0,1,0,0,1,2,0,1,1,2,1,1,1,0,0,-1.6714479433579292,-1.4442311111545534,-1.4781037320764643
3651,1,1,1,0,0,0,0,0,0,1,1,0,2,0,1,0,0,0,0,0,1.3835150105797922,1.690299155811035,1.0276913754327222
3652,1,0,1,1,0,1,0,0,0,2,2,0,0,0,2,1,0,1,0,1,0.18178577792491787,2.041328805256872,3.2431595746401
3653,2,2,1,1,1,0,1,0,0,1,0,0,0,1,0,1,0,0,2,0,-1.26071970854885,-1.3704981101399611,0.22044554932787414
3654,2,1,0,0,0,0,0,0,0,2,1,0,1,1,2,0,0,0,1,0,0.6004257436336703,0.31075173951160817,1.0254849389079628
3655,1,0,0,1,0,2,0,0,0,1,1,0,0,0,0,0,1,0,1,0,0.4117008713910267,-0.6857902531002784,1.0774091534626318
3656,0,1,0,0,0,0,0,0,0,0,1,0,0,1,1,1,1,0,1,0,-0.5852554447068298,-1.1476164402255882,0.9282848914406265
3657,2,0,0,1,0,0,2,0,0,2,0,0,1,0,2,1,0,1,0,0,-0.43817649232157535,0.6857225210565596,-0.2675412433525644
3658,1,1,0,0,0,1,1,0,0,2,1,0,1,1,1,1,1,1,1,0,0.239411171547165,0.26316351121893716,-0.3990416776759774
3659,1,2,2,0,0,1,0,1,0,2,1,2,0,2,1,0,0,1,1,0,1.6283844970554153,-0.15174126586397418,-0.9136783663857997
3660,0,1,0,0,0,0,0,0,0,1,0,0,1,1,2,2,0,0,1,0,1.2286743614941056,0.12198911319910238,-0.05635753885077832
3661,1,0,0,2,0,1,1,0,1,2,0,1,0,0,0,0,0,1,0,0,0.12280172740116817,0.5427410950129069,-0.4395834108842267
3662,1,1,1,0,1,0,0,0,0,1,1,0,0,0,1,1,1,0,0,0,1.891946236558136,-0.6668328798613132,0.892924956412411
3663,1,0,0,0,0,0,1,0,0,1,0,0,0,1,1,0,1,1,2,0,-0.7558916854689173,0.5243920380073088,-0.07098324052969077
3664,0,1,0,0,0,1,0,0,1,0,2,0,1,0,2,0,1,0,0,0,-1.2015448789006133,-1.0140561893191753,-2.000403480496958
3665,1,1,0,1,0,0,1,0,0,2,0,0,1,0,0,1,0,1,0,0,-0.22097389836462708,-1.1326377335410123,-0.0029126831496945615
3666,1,0,0,0,0,0,0,0,0,0,2,1,0,2,2,1,0,0,1,1,-1.1277797577901694,-0.5244294214260454,-0.6034102340980394
3667,0,0,2,1,0,1,0,0,0,0,0,0,0,1,1,1,0,1,0,0,-1.0135779137981022,0.2576246846868102,-0.7899104866637814
3668,1,1,1,0,0,0,1,0,0,1,0,0,0,1,1,0,0,0,2,0,-0.4515555240769207,-0.9946044166965609,1.2430571830365407
3669,0,1,0,1,0,0,0,0,0,2,0,2,1,2,1,2,1,1,1,0,-0.35828282600230676,-0.8157698711169743,-1.6444592339420678
3670,1,1,0,0,0,0,0,0,0,0,1,0,2,1,1,1,1,0,0,0,-0.12205829619131339,-0.3612840489107918,-0.3608468808395277
3671,1,0,0,2,0,0,1,0,0,1,0,0,0,1,1,0,1,0,0,0,0.06883306280446412,-0.4873384160364466,-0.22638765729781707
3672,1,1,0,0,1,0,1,0,1,0,1,2,0,1,1,1,0,1,2,0,-0.1851422481165736,-0.8241368793476771,0.01377935633333674
3673,1,0,1,0,0,0,0,0,0,1,0,0,0,1,1,0,1,1,2,0,1.4317095010502765,0.9728311931824891,-0.5156182100163849
3674,2,1,0,0,0,0,0,0,0,1,0,0,2,2,0,0,0,1,0,0,0.6957716102884371,1.1473139073493797,2.05215309912451
3675,1,0,1,0,0,1,0,0,0,2,1,0,1,1,1,1,0,0,0,0,0.7380773661346995,-0.27706514136778715,0.48509752261987804
3676,0,1,1,0,1,0,0,1,0,0,2,1,1,1,2,1,1,1,0,0,-0.62514105699047,-0.7792490692776908,-1.620759277575115
3677,1,1,0,1,0,0,1,1,0,2,0,0,0,1,2,0,1,2,1,0,0.5483580858587206,-1.3925489366303436,-0.8205285751025533
3678,0,1,1,1,0,1,1,0,1,1,0,0,1,1,1,1,1,1,1,0,-0.8741816033791847,-0.297309980155778,-0.1514966749237276
3679,2,1,0,0,0,0,0,0,0,2,0,0,0,1,0,2,0,0,0,1,0.19606247064701968,0.830790189485089,0.9805684701956258
3680,1,2,0,1,0,0,0,1,0,1,1,0,1,1,2,2,2,1,0,0,0.14924141006967948,0.4065568739509831,0.5848119271050541
3681,0,1,1,2,0,1,1,0,0,1,1,1,0,2,1,1,0,0,0,1,0.39207966433822544,-1.1900630215055343,0.1611828433496569
3682,1,0,0,0,0,0,1,1,0,1,0,0,1,1,0,2,0,0,1,0,0.05475408240691749,0.7357138806747605,1.0476295593675038
3683,1,1,1,0,0,0,1,0,1,1,0,0,1,0,0,1,0,0,0,0,0.6804198898060525,0.256675849780057,-0.3725925628902819
3684,1,1,0,1,0,1,0,1,0,0,0,0,1,1,1,0,0,2,1,0,0.30470777449946135,-0.689601228679612,1.1948891724677027
3685,1,1,0,0,0,0,0,1,0,1,0,0,1,1,0,1,0,0,1,1,-0.1579870820185232,-0.08138390604527665,1.070236553042407
3686,2,1,0,0,0,1,0,0,0,1,1,0,0,1,0,1,1,1,1,0,1.0577759030030753,0.6610781875968572,1.6280103419765952
3687,2,0,1,0,0,0,0,0,0,2,0,1,0,1,2,1,0,0,1,1,1.9278823585104246,0.7554928880967142,1.0273854739371155
3688,1,1,0,1,0,1,1,0,0,1,0,0,1,1,1,0,2,0,2,0,0.5648207189793067,-0.7595402279558795,0.5136947221539763
3689,1,2,0,1,0,1,1,1,0,1,0,0,1,0,0,2,1,1,0,0,-0.7681277222151822,-0.9649825383868935,-0.5365992595904271
3690,1,1,0,0,0,2,1,0,0,0,2,1,0,1,1,1,0,0,0,0,-0.9939410361568347,0.2243822667596197,-0.09940420058945051
3691,0,0,0,1,0,0,0,0,0,1,0,1,0,0,1,1,0,1,0,0,0.05810623568769037,-0.7068307983018808,0.4988024200779826
3692,1,1,0,0,1,1,0,0,1,2,1,0,1,0,1,0,0,1,0,0,-0.06100653004327654,0.8739139668960261,-0.04206877609376636
3693,1,1,1,0,0,1,0,1,0,1,0,1,0,1,1,0,1,0,0,1,-0.2501624861427399,-0.6808798991927302,0.2506891523182259
3694,1,1,1,0,0,0,0,0,0,1,0,1,1,2,1,0,0,1,0,0,1.575813733404272,0.2367917729308993,0.15129957696647045
3695,0,2,1,1,0,0,0,1,0,2,0,0,1,2,1,0,1,1,1,0,2.1902752518172424,0.983293622123083,1.4713814356180568
3696,1,2,1,0,0,0,0,1,1,1,0,0,0,0,2,1,0,0,0,0,1.9349222551950342,0.006959634605223364,1.7500073084892154
3697,2,1,1,1,0,0,0,0,0,1,1,0,1,0,1,0,0,0,0,0,0.1977797640459777,0.6344222616834349,1.4819961323283568
3698,0,0,0,2,0,1,0,0,1,1,2,0,1,2,0,2,0,0,0,0,0.32109495836659524,-1.6407748095124524,1.6276104077136095
3699,1,2,0,0,0,1,0,0,0,1,0,0,0,2,1,2,0,1,1,1,0.05171236384758335,0.8277167875435703,0.6946224039273462
3700,1,1,0,0,1,0,0,0,0,1,1,0,1,0,2,2,0,1,1,0,-0.29575992167161047,1.496377985932412,1.2097557846659952
3701,1,0,1,1,0,0,1,0,0,1,1,0,0,1,2,1,1,1,0,0,-0.09177219637479177,-0.41792395437626373,2.3816279023131015
3702,0,1,1,1,0,2,1,0,0,0,1,0,0,1,1,2,1,0,2,0,-1.6428788306181692,0.09295095566122263,-0.7148355583989356
3703,1,1,1,1,0,1,0,0,0,1,1,0,0,2,2,1,1,0,1,0,-1.6755117672573192,0.1328293441446456,0.10372583371952276
3704,1,2,1,1,0,1,1,0,0,1,0,0,1,0,1,0,1,1,1,0,-0.8145273890455963,-0.3871433085562523,-1.0576410980809503
3705,1,0,1,1,0,1,1,0,0,1,0,0,0,2,1,1,0,0,1,0,-0.778710939205588,-0.3770769357537014,-0.052047590850239744
3706,1,1,2,0,0,0,1,0,0,0,0,0,1,0,1,1,0,0,2,0,0.7778132663239107,-0.86915282498492,0.5534032187663976
3707,0,1,1,0,1,0,0,1,0,0,1,0,0,2,2,0,1,1,1,0,0.8193527878744277,0.08482892948871802,0.8801942935507474
3708,2,0,1,1,0,0,0,0,0,0,1,1,0,1,1,0,0,0,0,0,0.154405591610781,1.812323423458638,1.5319209101008824
3709,0,0,1,1,0,0,0,0,0,2,1,1,1,0,0,0,0,1,1,0,-0.29563543011533483,0.6565011982042469,1.7114417766374026
3710,0,1,0,2,0,2,0,0,0,2,1,0,0,0,2,1,0,0,0,0,0.4847337019909862,1.460785490798671,-1.0804592455146707
3711,0,1,1,0,0,0,0,0,0,2,0,0,1,0,1,2,0,0,1,0,0.3326358909025783,-0.30454960832939293,0.8016650400613167
3712,1,2,0,0,0,0,1,0,0,1,0,0,0,1,1,0,0,1,1,0,-0.38527850246846956,-0.47303410469076435,0.4850639657850072
3713,1,0,0,1,0,1,0,0,0,1,2,0,0,1,1,2,0,2,0,0,-0.9336233924812497,-0.3101056141252782,-1.1828788841654092
3714,1,0,0,0,0,1,1,0,0,1,1,1,0,0,1,0,0,0,2,0,-0.6606960810623753,0.05465403531531776,-0.13045039839005718
3715,0,0,0,1,1,1,2,0,0,2,2,1,1,2,0,1,0,0,0,0,-0.714254291219715,-1.136838877623505,0.262956496510005
3716,1,2,0,1,0,0,0,0,0,0,2,0,0,0,2,1,0,0,1,0,-0.8961703494952746,0.5612746188677498,-0.9263982045108813
3717,2,2,0,0,0,0,0,0,0,1,1,0,0,1,1,1,0,1,0,0,1.1658578680078409,-0.07672567294624127,-0.9892706533169348
3718,1,0,0,0,0,0,0,1,0,0,0,2,0,0,1,1,0,0,2,1,-0.4184688697704443,0.6702006510952726,1.065586319205582
3719,1,1,1,0,0,1,0,0,0,1,1,0,1,1,1,0,1,1,0,0,2.1233392164445837,1.0325201881421422,0.7950525320517237
3720,1,0,1,0,0,0,1,1,0,2,0,1,1,1,1,0,2,0,0,0,-0.28452394729510616,1.598400528949817,0.9882234109539936
3721,0,0,0,0,1,0,0,0,1,1,1,1,0,1,1,1,1,2,1,0,-0.9285553867062897,1.4123085964588626,0.91343995539427
3722,1,2,1,1,0,1,0,0,1,1,1,0,1,1,1,0,0,0,1,1,0.3461253370389712,-1.4429912167665229,-0.3617501935080665
3723,1,0,2,0,2,0,0,0,0,1,2,0,1,1,0,2,0,0,0,0,0.5727793680993483,-1.3213841356179021,0.40313089079006037
3724,0,0,2,0,0,1,0,0,0,1,2,2,0,2,0,1,1,1,1,0,0.2182760245428282,-0.7322661893287977,0.5858964206027972
3725,1,0,1,0,0,1,1,0,1,1,1,0,1,1,1,2,1,1,0,0,-0.5403599875620735,-0.7478862204806993,-0.7996589120028917
3726,2,1,0,1,0,1,1,0,0,0,1,0,0,1,0,0,1,2,2,0,1.2927809468143325,-0.8618284103986071,0.5397538751718716
3727,2,1,1,0,1,0,1,1,0,2,1,0,1,1,2,2,0,1,0,1,-1.92926572440972,0.16666062380401492,0.42906935760257375
3728,1,1,0,0,0,0,1,0,0,2,0,1,1,2,2,0,0,0,1,0,0.8124836107245085,1.002808399014283,0.02650758953403698
3729,1,0,1,1,0,1,1,0,0,1,1,1,0,2,1,1,0,0,1,0,1.4612076543235637,-0.3539699275418837,-0.543723031606856
3730,1,1,1,0,0,0,0,0,0,1,1,0,0,1,2,1,0,1,0,0,-0.38937210986087406,-0.44757205369093583,-0.5013469218849187
3731,1,0,0,0,0,1,0,0,0,1,1,0,1,2,1,1,1,0,2,0,-0.0026895686427131312,1.6587100578407048,1.3455251064675098
3732,1,1,0,1,0,0,1,1,0,2,1,0,0,1,1,1,1,0,2,0,-1.370494669474911,0.6510944707393888,-0.1006482068416297
3733,1,1,0,0,0,1,1,0,0,1,0,0,0,0,0,0,0,0,2,0,0.7667962257953231,0.6396712494026477,0.5930340879491218
3734,1,1,0,0,0,1,0,0,0,1,1,0,1,1,1,1,1,1,0,1,-0.47577122481292944,-1.9959253622833597,1.391978156102327
3735,0,1,1,1,0,1,1,0,1,1,1,0,0,1,1,0,0,0,2,0,-0.18225541056307104,1.8573130004550469,0.8872038922323036
3736,1,1,0,1,0,0,1,0,0,0,1,0,1,2,2,0,1,0,0,0,0.21708861749585145,-0.5089834827226164,-1.1854826413957404
3737,1,1,1,0,0,0,0,0,0,0,0,1,0,0,1,1,0,1,1,0,-0.4392130713165244,-0.8269941794862903,-1.5262427174430624
3738,0,1,0,0,0,0,0,1,0,0,2,0,0,1,1,1,0,1,1,0,-1.1332530659938793,-1.9122397229928803,-1.8889354706816912
3739,1,2,0,0,0,2,0,0,0,1,1,1,1,0,1,1,0,2,1,0,0.5216628305578586,0.919555789555941,1.4715491658216457
3740,0,1,0,0,0,0,0,1,0,2,1,0,0,2,1,0,0,1,1,0,0.9911950458166355,-0.8522106320816417,1.0459810947193142
3741,1,1,0,0,0,1,0,0,0,1,0,0,1,1,1,1,1,1,0,0,-1.6351102538161721,0.6484542685059667,-0.6645977414462831
3742,0,1,0,0,0,0,0,0,0,0,1,0,0,0,2,1,0,0,2,1,-1.3447184876051246,-0.8496925541947685,0.43446841156364535
3743,0,1,0,0,0,1,1,0,0,2,0,0,0,2,2,1,0,0,0,1,0.5096410070978327,1.3179006774258852,0.6292421345431494
3744,1,2,0,0,0,0,0,0,0,1,1,1,1,0,0,1,0,0,1,0,-1.2118689493441277,-2.20997908655597,-1.1229120550753753
3745,1,0,1,0,0,0,0,1,0,1,0,0,1,1,1,0,0,0,1,0,-0.31537383727039936,0.6594969339304727,0.49417573839987067
3746,1,1,2,0,0,0,0,1,0,1,0,0,0,1,0,0,0,0,0,0,1.7197287779441255,-0.17103100024358603,3.0102091614966797
3747,0,2,0,2,0,0,0,0,0,2,1,2,0,1,0,1,0,1,0,1,0.9242923615676975,-1.4750743320725497,-1.188735691180006
3748,0,1,0,1,0,2,0,1,0,1,0,1,0,1,2,1,1,0,0,0,0.16213775693604524,0.766648455777009,2.3005201208868877
3749,1,1,0,0,0,0,1,0,0,2,2,1,0,1,0,1,1,1,1,0,-1.872148022812874,-0.8104462830927143,-1.029762977996203
3750,1,1,0,0,1,0,1,0,0,1,1,1,0,2,1,0,0,1,2,0,0.6147135732174058,-0.39274795270425167,0.4036490388298753
3751,0,0,0,0,1,0,1,0,1,1,0,0,1,2,2,1,0,0,1,0,-1.4332894266756433,0.35277744218971924,-1.124364289774818
3752,1,0,1,1,0,1,1,0,0,0,1,0,1,0,2,2,1,0,0,0,-0.7211500485453383,-0.7565210062571126,0.30249103441108205
3753,2,2,1,1,0,1,1,0,1,0,1,0,2,1,1,0,1,0,1,1,1.0267593662027326,0.3908291763968411,1.033920577952653
3754,2,1,1,0,0,0,1,0,0,0,1,0,0,0,1,2,0,2,0,0,-0.15423436606812344,0.026625753439197042,1.3304618575683174
3755,1,1,0,1,0,0,2,0,0,2,0,1,0,1,0,1,0,0,0,0,-1.0383708065398554,-0.5810342872462706,-2.3219740926192114
3756,0,1,2,0,0,1,0,0,0,2,1,1,0,0,2,1,0,1,0,0,-1.0129330967783587,-0.06095919797078147,0.04914740269995738
3757,2,1,0,0,0,0,0,0,1,0,0,0,0,0,1,1,0,0,1,1,0.8224044929625155,-0.20428559684960118,-0.5378646611383915
3758,1,1,1,0,0,0,0,0,0,1,1,0,0,1,1,0,0,0,1,0,-1.5319383147207457,-0.37830009522806096,-0.16625456937040245
3759,1,1,0,0,0,0,0,0,0,2,1,0,2,1,1,1,0,1,1,1,1.5111364570153942,0.27561070499569285,-0.35710340411600827
3760,1,1,0,0,0,1,0,0,1,0,1,1,0,1,1,1,0,0,0,0,1.201972328962179,0.5922559824408844,0.6993096084357808
3761,1,1,0,1,2,1,2,0,0,1,0,0,1,1,0,0,1,1,0,0,-0.6865673192073299,-1.3211657409787718,0.018232045697996857
3762,1,0,0,0,0,1,0,0,0,1,1,0,2,1,1,1,1,0,2,1,-0.12668400940542388,1.1385845564686694,0.9403294417755679
3763,1,1,0,1,0,0,1,1,0,1,0,0,0,0,1,0,1,1,1,0,0.3413327541411477,0.6786949131705163,1.8372463780322108
3764,0,1,0,0,0,1,0,0,0,1,0,1,0,0,2,1,0,1,2,0,1.7391826052117643,2.798295612783376,3.107939856815941
3765,1,2,1,0,0,0,0,0,0,2,0,0,0,0,0,1,0,0,2,0,-0.3683096176630748,1.561868794510604,1.8435972427408907
3766,0,0,0,1,0,1,0,0,0,2,0,0,1,1,1,0,0,0,0,0,0.004927521455589694,0.12479387529340097,-1.224430968730804
3767,1,1,0,0,0,0,0,0,0,1,2,0,0,0,1,2,0,0,1,0,-0.45067242564580473,0.34009749168937387,-0.6913693580662177
3768,1,0,1,1,0,0,0,0,0,0,0,0,0,1,2,1,2,0,1,0,1.3095545480975994,3.2199895223034236,3.0443013993679044
3769,2,0,0,0,0,0,2,0,0,0,0,0,0,0,1,1,0,1,0,0,-1.3489147034639848,-0.08394939857214961,-2.061592379950211
3770,1,0,0,0,0,1,1,0,0,1,0,0,0,1,1,2,1,1,1,0,1.8777831208074458,1.9311956959588883,0.8984933439185182
3771,1,1,1,1,1,1,2,1,0,1,0,1,0,2,1,1,2,0,1,1,-0.24204542668632736,0.292882013608553,-1.0186088303805423
3772,0,2,1,0,0,1,0,0,0,2,0,1,0,1,0,1,0,0,1,0,0.739337082203188,1.8153007274040467,-0.6094804690033355
3773,1,0,2,1,0,1,0,0,0,1,0,1,2,0,2,2,0,1,1,0,1.1493534014515778,-0.24007824469886052,-0.9404806266297139
3774,1,2,0,0,0,1,0,0,2,2,1,0,0,0,1,0,0,1,1,0,-0.6106527306133858,-0.7962126522025071,-0.34340780781015195
3775,2,1,0,1,0,2,0,0,0,2,2,0,0,2,1,1,0,0,1,0,0.05557619833735989,-0.18072633579472097,-0.8724200620231586
3776,2,1,0,0,0,1,2,0,0,2,1,0,1,1,2,0,0,1,1,0,1.7610785126161104,0.8751161541330386,2.6419277982411318
3777,1,1,1,2,0,0,0,0,0,1,0,0,1,1,1,0,1,1,1,0,0.8288048300544613,-0.7378025564318301,0.8933379377476622
3778,2,2,0,0,0,1,0,0,0,1,0,0,1,0,0,2,0,0,0,0,-0.3531903966537078,-0.9686813552868416,-0.5852051146198992
3779,1,1,1,0,0,0,0,0,0,0,1,0,0,1,0,0,0,0,0,0,0.7410503055928142,-0.1002164480549371,0.16512619955192492
3780,1,1,0,0,0,1,0,0,0,0,1,0,0,2,1,1,2,1,0,0,0.487166185096747,-1.4674329810145097,-0.23654572933740492
3781,2,2,1,1,0,0,1,0,0,1,1,0,0,0,1,1,2,1,1,0,1.3419231025710745,0.5697117446269715,-0.2966095474099133
3782,1,1,0,1,0,1,1,0,0,2,1,0,0,2,1,1,1,0,1,0,-1.0709997841101058,1.3603489378457805,-0.9405764236337859
3783,1,1,1,0,0,0,0,0,0,1,1,0,1,2,0,0,1,0,2,0,-0.5659618978177884,-2.557757303347359,-1.019690163365412
3784,1,2,0,0,0,0,0,0,0,0,1,1,2,2,1,0,0,0,1,0,0.8393444179583301,0.06570205339312886,0.8442450700089315
3785,0,0,0,1,0,0,0,0,0,0,0,0,1,1,0,0,0,0,1,1,0.46768832583101627,-0.5933947556431488,1.6984606997550245
3786,1,0,0,0,0,0,1,1,0,2,1,0,0,2,2,0,2,0,0,1,-0.4012333183951212,1.6940429366892968,1.0630664257935307
3787,1,2,1,0,1,0,0,0,0,0,1,1,1,2,0,2,1,0,1,0,0.13222381914196643,-3.0766400508607044,1.2220297328893852
3788,1,1,1,0,0,0,1,0,0,1,1,1,0,0,0,0,0,0,1,0,-0.7644478766317632,0.6863446001098856,0.5174290771096862
3789,1,0,0,0,0,0,1,0,0,2,1,0,0,0,2,1,0,0,2,0,0.09687432031754935,2.2108579995527347,2.896704477514218
3790,0,1,1,0,0,1,1,1,0,1,0,0,0,1,0,0,0,0,1,0,-0.46422922655215454,-0.341757690144347,-0.24850772358334183
3791,1,0,0,0,0,0,1,0,0,0,1,1,0,0,1,1,0,1,0,0,1.8192250636648117,1.5965682703649566,-0.09521561750252072
3792,2,0,1,0,0,0,0,0,0,1,0,0,1,1,1,1,0,0,2,0,-0.1962314625455379,-0.15323480413812196,-1.365146283127201
3793,2,1,1,0,0,0,1,0,1,2,0,0,0,1,1,0,1,0,2,0,1.7257128814945748,3.7009212441045674,3.011071438013989
3794,1,1,2,0,0,0,2,1,0,0,1,0,1,1,2,1,1,0,0,0,0.9692953629070941,0.32106054982937426,-1.0503869413426705
3795,0,0,1,0,0,0,1,0,0,2,2,0,1,1,0,1,0,0,1,0,-1.5503713651937552,-0.5403356349162228,0.29061812112521734
3796,0,0,1,1,0,1,0,0,0,1,0,0,1,1,1,1,0,2,0,1,0.4398920486043794,-0.8296269287415088,0.5294173546638448
3797,2,1,0,1,0,1,0,0,0,2,2,0,0,1,0,0,1,0,0,0,1.392111540712013,-0.4981481275379267,-1.0992552419642259
3798,1,1,1,0,1,0,1,0,1,2,0,0,1,2,1,1,0,2,0,1,0.4590563506820348,0.6844317324852013,1.1236552848456305
3799,0,1,2,1,0,1,1,0,1,2,1,0,0,1,2,2,0,0,0,0,-0.6752352634106018,0.2901393426883939,0.7184293874368938
3800,1,1,1,2,0,0,0,1,0,1,2,0,1,1,0,2,0,0,2,0,-0.48811781284444783,-0.8762266774071359,-0.17078072599306432
3801,1,1,2,0,0,0,0,0,0,2,0,0,1,2,1,0,0,0,0,0,-0.5992194197613847,0.5998559523920889,-0.3905384340072504
3802,1,0,2,1,0,0,1,1,0,0,0,0,0,2,1,1,1,0,0,0,-1.5781789683188938,-0.39418536501025586,-1.841359053717428
3803,1,0,1,1,0,1,1,0,0,1,0,0,0,0,0,1,1,0,1,0,0.528417410260529,-0.21031455536206947,-0.7875827348728658
3804,0,0,1,0,0,0,0,0,0,1,1,2,0,0,0,1,1,0,1,0,-0.17479613976273645,0.02904290629137038,-0.28952490069351644
3805,0,0,0,0,0,0,1,0,0,0,2,1,1,2,1,0,1,1,2,0,-0.7536983331477914,0.24947813875787556,0.8094706630692835
3806,1,0,0,0,0,0,0,1,0,0,0,1,0,1,1,0,0,1,1,0,-1.5324421940819313,-0.6730085986178105,-0.0808282112045891
3807,0,0,1,0,0,0,0,0,1,1,1,0,1,0,1,0,0,0,2,0,-0.4341103994311032,0.8261653641969686,-0.1321784933491381
3808,0,0,0,0,0,0,0,0,0,0,1,0,2,2,1,1,0,1,0,0,0.937042782672279,-0.7201013406381773,0.008934291348171752
3809,0,1,0,0,0,0,1,0,0,2,1,1,0,2,1,0,1,0,1,0,-2.2324179075863593,-1.111662270317018,-0.29594841271294814
3810,1,2,0,0,0,1,1,0,0,1,1,1,0,2,1,1,2,0,1,0,2.5068849290595745,0.3282155076604826,0.8116140208242187
3811,0,1,1,0,0,1,0,1,0,0,2,0,0,1,1,2,1,0,0,0,-2.707393293172149,-1.8817529249968148,-0.8879274699318145
3812,2,1,1,0,0,0,0,0,0,1,1,0,0,0,1,1,0,0,1,1,0.08998233208729489,0.30396922034863655,1.033301944554905
3813,2,1,0,0,0,0,1,0,1,1,0,0,0,1,0,0,0,0,1,0,-2.0473157458941715,-2.3369143273642536,0.7561570887762352
3814,0,1,0,0,0,1,1,0,0,2,1,0,1,1,0,2,0,1,2,0,-0.486186689870533,-0.28594303590931736,0.6041591291142518
3815,1,0,0,0,0,0,0,0,0,1,0,0,0,2,0,0,0,1,1,0,-0.05135622076008497,-1.0845703978098336,0.6320248546334621
3816,0,1,1,1,0,1,1,1,0,2,1,2,1,1,2,1,0,0,1,0,0.6932682356118951,1.154571412033318,-0.7238837652578093
3817,0,1,1,0,0,1,0,0,1,1,0,0,1,2,2,1,0,1,1,0,-0.8167274310653933,1.1302418772779752,0.9959949406693337
3818,2,0,0,0,0,0,2,0,1,1,1,2,0,1,0,1,0,1,0,0,1.4368583991441886,1.461009383173953,2.4623774696878025
3819,1,1,1,0,0,0,2,0,0,2,0,0,1,2,1,0,0,0,1,0,-0.011066419456162914,1.0700871707514745,-0.14664162237215006
3820,1,1,1,0,2,1,0,0,0,0,1,0,0,1,2,1,1,1,1,0,-0.6130975909376806,-1.0031255595233342,-2.4993353544529153
3821,2,1,2,0,0,0,2,0,1,2,0,0,1,0,1,2,1,2,1,1,-0.8290817450250698,2.1022895122126153,0.2610407020062788
3822,1,2,0,0,1,1,0,0,0,0,1,0,1,1,1,1,0,1,0,0,0.5289822327259144,0.7280551923182905,1.2168759218183822
3823,0,2,0,0,0,0,0,0,0,1,1,1,1,0,2,1,0,0,1,0,-1.3249397970375398,-0.10689315081845163,0.26706232340594244
3824,1,0,1,0,0,0,1,0,0,0,0,0,0,1,1,0,0,1,0,1,-0.699415836698291,1.1423236157162302,0.563827996985752
3825,2,0,0,0,0,0,1,0,0,0,1,0,0,0,0,1,0,1,0,0,-0.9550245029010294,-0.5892561404985226,-1.403886676610885
3826,2,1,1,0,0,0,1,0,0,1,1,0,1,2,2,2,0,0,1,0,-1.433549958333376,-0.525565323130863,-1.3247024666176401
3827,1,0,0,1,1,1,0,0,0,2,0,1,1,1,1,1,0,1,0,1,-1.2177636624687742,-0.6147085916599213,0.06357102401372039
3828,1,2,1,1,0,1,0,0,0,1,0,0,1,0,1,1,1,0,1,0,1.3833335699451463,-0.1991166451192064,2.6432195701232097
3829,0,1,1,1,0,0,0,0,0,2,1,0,0,1,2,1,1,2,2,0,0.8827612721525249,0.005274143320681268,-0.38115794925472024
3830,2,1,0,0,0,2,0,0,0,1,1,0,0,1,1,1,1,0,1,1,0.12282617582275027,0.5677402961478484,1.2152571001648633
3831,1,1,0,1,0,1,0,0,0,1,0,0,1,0,1,1,0,0,1,0,-0.5882370617903055,1.813730477200256,2.1582357765809794
3832,1,0,0,0,0,0,1,0,0,1,1,0,0,1,1,0,0,0,2,0,-0.3664354178812311,0.5147431500617913,0.9098416669297026
3833,0,0,1,2,0,2,0,1,0,2,0,0,2,1,1,1,0,0,2,0,0.6113741884718239,-1.066613036671836,-1.4683571885613265
3834,1,0,2,0,0,0,0,0,0,1,0,0,0,1,1,2,0,0,1,0,-0.8585385098147593,0.06941889030264176,0.4419841034934699
3835,1,0,1,1,0,0,1,0,0,0,1,1,1,2,1,1,0,1,1,0,2.1808746021160297,-0.27224873121499815,0.5229497583278546
3836,0,0,0,0,0,1,0,0,0,2,0,1,0,2,0,2,1,1,2,1,-0.19161593802156654,-0.03026346251122221,-0.650229492873716
3837,2,1,1,0,0,0,0,0,0,2,1,1,1,0,1,1,0,0,2,0,-0.28464562894919876,1.3426392801476446,1.0461256346301075
3838,2,1,0,0,0,0,1,0,0,0,1,1,0,0,0,0,1,1,1,0,0.5017499929127489,1.100009954159136,0.5538417677925488
3839,1,2,0,1,1,1,0,1,0,1,1,0,1,2,2,0,2,1,0,0,-0.4567515199451007,-1.2908099605383225,-1.827033950345529
3840,1,0,1,0,0,1,1,0,0,0,1,0,1,1,1,1,0,0,1,1,-0.3829675167225642,1.471505741332995,-1.1657461566534284
3841,1,0,1,1,0,1,1,0,0,0,0,1,1,2,0,0,0,0,0,0,0.2033526566731162,0.8186363967805016,2.2165488544073617
3842,1,1,1,0,0,0,0,0,0,2,2,2,1,2,0,1,1,2,0,0,-0.6441740748050496,-1.3546321906676397,0.8051008478458275
3843,1,1,0,0,1,0,1,0,0,1,0,1,0,2,1,1,0,0,2,0,-0.4628946890106447,0.4582274401844366,-0.789389046701846
3844,1,1,1,1,0,1,0,0,0,0,0,0,0,1,1,1,1,0,0,0,-0.41496556990400596,0.5797660474437986,0.582625118340196
3845,0,1,0,0,0,0,2,0,0,0,0,1,0,0,1,1,0,1,1,1,-0.598329897214619,-0.07991888550290382,-0.8512840189439154
3846,1,2,0,0,0,2,0,0,0,0,0,0,0,1,2,0,0,0,0,0,0.34171077378562204,1.014275986049221,-1.0687523716860463
3847,1,1,0,1,1,0,0,0,0,0,2,0,1,1,0,1,1,0,0,0,0.411608385402553,-0.5531494259024501,0.5186657685357351
3848,0,0,1,0,0,0,2,0,0,0,2,0,0,2,2,1,0,0,0,0,0.3840848980221407,-0.7096386254776048,0.21389541870050194
3849,0,2,2,1,0,2,0,0,0,0,1,0,0,0,2,0,0,1,0,1,-2.318454534777786,-1.0857704433545603,-2.3476930990876825
3850,0,1,1,0,0,0,0,0,0,1,0,0,1,0,0,0,2,0,1,0,-1.4853128385956544,0.2052018458352386,-1.0704425849282715
3851,1,1,0,1,1,0,1,0,0,2,0,0,0,1,2,0,1,1,0,0,-0.8392300858430587,0.2947899636205882,-0.037385755297707685
3852,0,0,1,0,1,1,0,0,0,1,1,0,1,0,1,1,0,0,1,0,1.496186281097035,-1.0476390955319987,-0.3869267266506601
3853,0,0,1,0,0,0,0,0,0,0,1,0,0,0,1,2,1,0,0,0,1.1955260907844092,0.46851533758976655,0.6860548301894752
3854,2,1,0,1,0,0,1,0,0,1,2,0,1,0,1,1,0,1,1,0,1.1027215072498502,0.2109556633635351,0.7595718169917145
3855,1,0,0,0,0,1,1,0,1,1,1,0,0,1,0,1,0,0,0,0,1.1489300508687064,0.8519745473186103,-0.5053501697453769
3856,1,0,0,0,0,0,0,0,0,2,0,1,0,2,0,1,0,0,0,0,-0.9631048126082021,-0.4897705137092116,0.3897936387581942
3857,2,1,1,0,0,0,0,0,0,1,0,1,2,2,0,0,0,1,0,0,-0.14665301578067605,-0.03692756698269098,0.7049405578512173
3858,1,1,0,0,0,0,1,0,0,1,1,0,1,1,0,0,1,1,0,0,0.6908073065523344,-0.6262357094841926,-0.22132938187610748
3859,0,1,1,0,0,0,1,1,0,1,1,1,0,1,1,1,1,0,0,0,2.130376402012534,1.4164525688531127,0.502401260589872
3860,2,1,1,0,0,0,0,0,0,1,1,1,0,0,0,1,1,0,0,1,0.76735669871571,0.8949753395085974,1.3080401696019992
3861,0,0,1,1,0,1,1,0,0,1,0,1,2,0,1,2,0,0,0,1,-0.8577252870059374,-0.5395187659100008,-0.49728607135209213
3862,1,0,0,1,0,1,0,0,0,1,1,0,1,2,1,0,0,0,0,0,0.31139756054705015,0.047142204862595016,-1.5201825183554474
3863,1,1,1,1,0,0,0,0,0,0,1,1,1,2,2,2,2,1,0,0,-0.2582977271646619,-0.9200259179523111,-0.17899363594407172
3864,1,2,1,0,1,0,0,0,0,0,0,0,2,2,1,0,0,0,0,0,1.3285641569013729,-0.27413150479481796,0.2739526759250203
3865,1,1,1,0,0,0,1,0,0,1,1,1,2,2,1,0,1,0,0,0,0.0648022420718061,0.3967004282992119,-0.4092909929968513
3866,0,1,0,1,0,0,0,0,0,2,0,1,0,1,1,0,0,0,1,0,-0.1735495935457057,0.7838257493279992,1.1191539005369215
3867,1,0,1,1,1,0,0,1,1,1,1,0,0,1,0,0,0,1,0,0,0.16792722344969496,0.2694922552339603,0.9952756058056511
3868,0,0,0,1,1,1,0,0,0,1,1,0,1,1,1,2,1,0,1,1,0.03389603569146169,-2.1941928084989413,1.0870857500235735
3869,1,0,1,0,0,0,1,0,0,1,1,0,0,2,0,1,0,1,2,0,0.39024368468366294,-0.15262806134291457,0.17270255671581874
3870,1,1,0,0,0,0,2,0,0,0,1,0,0,1,1,0,0,1,1,2,0.6623152473897029,0.162403457954369,-1.0230265724357293
3871,2,2,0,0,0,0,0,0,0,2,0,1,0,1,0,1,0,2,2,1,0.1927236547338223,0.9917811031216046,1.1943956508811684
3872,1,1,1,0,1,0,1,0,0,2,2,0,1,1,2,0,0,2,0,1,-1.3766813994389648,-0.2547728135054217,0.4232001504381175
3873,1,0,1,0,0,1,0,0,0,2,1,1,1,0,0,2,1,1,1,0,-0.30401103142055513,0.6220774834594666,0.5975187382573377
3874,1,1,0,1,0,0,0,0,0,0,0,0,0,2,1,1,0,0,1,0,-0.7742003121752267,-1.391216577479244,-1.2656471861232474
3875,0,1,0,0,0,0,0,0,0,0,2,0,0,2,1,1,0,1,0,0,0.5364235755788637,-0.3678065270640791,-0.14850907027523563
3876,2,0,0,0,0,0,0,0,0,1,0,1,2,1,0,0,0,1,0,0,0.6944186212034238,0.7878050774121361,1.0995480017685928
3877,0,1,0,1,0,0,0,0,0,1,0,0,0,1,1,1,0,1,0,0,-0.1936457901222723,-0.7366414825997674,-0.820685682840691
3878,0,1,0,0,0,0,1,0,0,1,1,0,1,1,1,1,1,0,1,0,0.36554366668353805,-0.33111978584903623,0.17605730541719455
3879,0,0,0,0,0,1,0,0,0,1,0,2,1,1,1,0,1,2,2,0,-1.5147577062694648,0.5165179702775085,-1.1949793126833583
3880,2,1,1,0,0,0,0,0,0,0,1,1,0,1,0,0,0,0,0,1,1.033405939432618,0.46642741158409456,0.9824974025879973
3881,0,0,0,0,0,0,1,0,0,0,2,0,0,0,1,0,1,1,0,0,-0.680209041319817,1.0661025404940123,0.6406229214984249
3882,2,0,0,0,0,0,0,0,0,1,1,0,0,1,0,2,0,2,1,0,-0.03812129494251384,0.1713358620206446,0.15076314085824294
3883,0,0,0,0,0,1,0,1,0,0,1,1,0,0,0,1,0,1,0,0,-0.886829781772573,-0.5558522999229707,-0.8344964644991709
3884,0,0,1,0,0,0,1,0,0,1,0,0,1,2,0,2,0,0,1,1,-1.3608934622912374,1.316562637490204,1.2790363789819197
3885,1,0,1,1,1,0,1,0,0,2,2,0,0,1,1,0,0,0,1,0,1.1725321238883208,-0.12818760950228136,0.7125124126221996
3886,0,1,0,2,0,0,0,0,0,2,1,0,0,2,1,0,0,0,1,0,1.6206709799229408,2.191037598984697,4.592328282113283
3887,0,2,1,1,0,0,1,0,0,2,0,1,2,2,0,0,2,0,1,1,-0.08695891225211343,0.4297092369380562,2.342468590207913
3888,0,1,1,1,0,0,0,0,0,0,2,0,1,1,1,1,0,0,1,0,0.8136371128591287,-0.27967885152847793,0.542224805312228
3889,0,0,1,1,0,1,0,0,0,1,1,0,1,1,1,1,0,1,1,0,0.013885145641400443,0.23861880847506522,0.19703213341145137
3890,2,1,0,0,0,0,0,0,0,1,1,1,0,2,0,2,1,1,1,1,-0.07918055055913513,0.3064423449911135,-0.3847579673740023
3891,2,0,1,0,1,1,0,0,1,1,0,1,1,0,0,0,1,0,0,0,0.22181598062286645,1.2376463957454278,0.5694663629136996
3892,0,1,1,0,0,0,0,1,1,0,2,1,1,2,2,1,1,1,0,0,1.5650744622332384,0.1381033414714783,0.6488972431371725
3893,1,0,0,0,0,0,0,0,0,2,0,0,1,2,1,0,0,0,1,0,-0.762521034439228,-0.1554128670115361,-0.11637960187947888
3894,0,2,1,1,0,0,0,0,0,1,1,0,0,0,0,2,1,1,0,1,-0.7326027437285527,-0.3231829024235626,-1.2298919010650953
3895,1,1,0,0,0,1,0,0,0,1,0,1,1,1,1,1,2,2,0,0,-0.09041711346627924,0.3974636703207099,0.42177793618716514
3896,1,1,1,0,0,0,1,1,0,2,0,0,0,0,1,0,1,0,1,0,0.402533606534147,0.5648096434786523,2.292090908639792
3897,1,1,1,0,0,0,2,0,0,1,0,1,0,1,2,1,0,1,1,0,1.0020316554539808,1.305115717172218,1.757738580598726
3898,0,1,1,0,0,0,0,2,1,2,1,1,1,1,1,1,0,1,1,0,-0.14441690384381625,0.4976754875521256,-0.3261179327458356
3899,0,1,0,1,0,1,1,0,0,0,0,0,1,1,1,1,2,0,0,0,0.7003936865497489,0.630453239457943,0.9324029141115724
3900,0,1,0,0,0,1,1,0,0,1,0,0,2,0,2,1,0,0,1,0,0.6914198943128927,1.531570352903196,0.689106814183974
3901,1,1,1,0,1,1,1,0,0,1,1,1,1,2,1,0,0,0,2,0,-2.6416732275864296,-1.1576987192266721,0.7669014409671722
3902,1,1,2,1,0,0,0,0,0,1,2,0,1,1,1,1,1,1,0,0,0.39947772205534826,-1.0506611016646301,-0.45586289557586074
3903,1,2,0,0,0,0,1,0,0,1,1,1,1,1,2,1,0,0,0,0,1.2729826434537257,-0.02043193231065149,1.4555701623584703
3904,1,0,1,0,0,2,1,0,0,2,0,1,0,2,1,1,2,0,0,0,-0.4130367011900048,1.1497474245341426,-1.1272224120618148
3905,0,1,0,1,0,0,1,0,0,0,0,0,0,0,0,1,1,0,0,0,3.061486516287718,0.3844331716446635,0.8015178711018718
3906,2,0,2,0,0,0,0,0,0,2,1,0,0,1,1,0,1,1,0,0,-0.5893877560794406,-0.034176540926288065,-1.4414395937445006
3907,0,1,0,1,0,1,0,0,0,1,0,1,0,2,2,1,1,0,2,0,1.8305042693936509,2.2827343895931547,1.5789269233739525
3908,0,2,0,1,0,1,0,0,0,0,1,0,0,1,2,0,1,0,0,1,-1.6214044061167845,-1.2371106587103067,-2.1624216595049552
3909,1,1,0,0,1,1,0,0,0,0,0,0,0,0,0,2,0,1,1,0,-0.9462576820194124,0.2778906812126293,0.5793132477163913
3910,1,0,0,0,0,1,1,0,1,2,1,0,1,1,0,2,1,1,1,0,-0.5638047316498348,0.7496593326464246,-0.11871412008862342
3911,1,0,0,0,1,0,0,0,0,1,1,0,1,1,2,0,1,1,1,0,1.7975518110392266,1.1980522022583788,0.041198724033883805
3912,1,0,1,0,0,0,0,0,1,1,0,0,0,1,1,2,1,1,0,1,-0.10186747259248889,0.15144328669755508,-1.0065769227231924
3913,1,2,1,0,0,0,0,0,1,2,0,0,0,2,0,1,2,1,1,0,0.3041166810799167,-0.8910733556014857,0.3110953031579392
3914,2,1,1,1,0,0,0,0,1,0,0,0,0,1,1,1,1,0,1,0,-1.0404288840843758,1.3460621236405874,1.5853293379905367
3915,0,1,0,0,0,0,0,0,0,2,1,1,0,1,1,1,0,0,2,0,0.1538917815281685,-1.227285065812661,-0.45035930804356405
3916,0,0,0,0,0,0,1,0,1,1,0,1,1,2,1,1,0,0,1,0,-1.1991359200519383,-1.0007765141391363,1.2135412102469791
3917,0,0,2,1,0,0,1,0,0,1,0,0,0,0,1,0,0,0,0,0,-1.25845859887821,-0.31640537719162704,-0.32977924686992366
3918,2,2,1,0,0,0,0,0,0,2,0,0,0,1,2,2,0,1,1,0,-0.9078694477057399,0.9286933259860665,-0.6229142312016976
3919,0,1,0,1,0,0,1,0,0,2,2,0,1,2,0,0,0,1,0,1,1.3423029259857608,1.0062641380158805,1.1495391499610892
3920,0,1,0,1,0,0,0,0,1,0,2,0,0,0,2,2,1,1,2,0,-1.97326179351687,-0.635403891587994,-0.005478857157725003
3921,1,1,1,1,0,1,0,0,0,0,1,0,2,1,1,1,2,1,2,0,-0.2113548163107996,-0.44971159966960117,-0.36687668071658575
3922,0,1,1,0,0,1,0,0,0,2,2,0,0,0,2,0,1,1,0,0,1.3081703304092234,0.0649040363502068,-0.6160061302231296
3923,2,1,1,0,0,0,0,0,0,1,0,1,0,1,1,0,0,0,0,0,0.026266490233309677,-2.081268643681005,-0.46881574790727965
3924,1,1,0,2,0,0,1,0,0,1,1,0,1,1,1,1,1,0,1,1,-1.068998217987148,-0.07104770744577624,-0.4308706312794066
3925,1,1,1,0,0,0,0,1,0,0,1,0,0,1,1,2,0,1,0,0,0.5197991205901501,-0.06486654986307322,-1.6509466913073965
3926,1,1,1,0,0,0,1,0,0,0,1,0,0,2,0,2,0,0,1,0,-1.0364064901625456,-2.87827112570669,-1.5240261865646618
3927,1,0,0,1,0,0,0,0,0,2,0,0,1,0,1,1,0,2,1,0,0.037147237936656204,0.6879698347525116,0.9211862954602137
3928,0,2,2,0,1,0,1,0,0,2,2,1,0,2,1,1,1,1,2,0,-2.263758820689695,-1.4486462574120114,0.052758110164182415
3929,1,0,0,0,0,1,0,0,0,2,1,0,1,1,0,1,0,0,0,0,1.0603224006680172,1.013742242713663,3.0013287461708007
3930,2,1,1,0,1,0,0,0,1,1,1,0,1,2,0,1,0,1,2,0,-0.06306527663102127,-0.8598490096699221,1.4886391151467389
3931,1,1,1,0,0,1,0,0,1,1,1,0,1,1,0,0,0,1,0,0,0.7074807378240868,-0.5840472676633676,0.8467336436577507
3932,1,0,1,0,0,0,1,0,0,1,1,0,1,1,0,1,0,1,1,1,0.24006740507461005,-0.3180932037710028,-0.39050951472314305
3933,1,2,0,0,0,0,0,1,0,1,0,0,0,0,0,1,2,0,1,0,-0.2715763382063508,-0.8778976100411939,0.13005373226541836
3934,0,1,0,0,0,1,0,0,0,0,0,1,0,2,2,1,0,0,2,0,-0.5568735950364924,0.6060526815918076,-0.8084101379016166
3935,1,0,2,1,0,0,1,0,0,0,1,0,0,0,1,1,0,0,1,0,0.6410622431010935,0.36402466511177634,0.846937692507034
3936,0,1,1,1,0,0,1,0,0,1,2,0,0,0,2,0,1,1,2,1,-1.0387466315937073,1.0263808370830438,0.48683832382390113
3937,0,0,2,0,1,0,1,0,0,2,1,0,0,0,1,1,0,0,1,0,-0.977405157891071,-1.5716450257821821,0.2921000838584196
3938,1,0,0,0,0,0,0,0,0,2,0,1,2,0,2,1,0,0,2,0,-0.21332319684855966,1.152473081188286,1.5958841922823164
3939,1,0,2,1,0,1,1,0,0,2,1,0,0,1,1,1,0,0,0,0,-1.8108746892321101,0.5912675458174201,-0.5875964871853155
3940,0,0,1,0,0,0,0,0,0,1,0,0,0,1,1,1,0,0,1,0,0.4433526953416673,-0.3672217321877771,0.24961074324229965
3941,1,1,1,0,0,1,0,0,0,2,0,0,0,1,0,0,1,0,2,0,0.5032480327924479,0.7078772569930651,0.2798177589906985
3942,0,2,1,0,0,1,0,0,0,1,2,1,2,1,0,1,1,1,0,0,0.7251790785022665,-0.6557829987880934,1.1469010904692347
3943,1,2,0,1,0,1,0,0,0,1,1,1,1,1,0,0,0,0,1,1,0.404437956518199,-1.16861886152632,-0.5900708191007887
3944,1,1,0,2,1,0,0,0,0,1,2,0,0,2,1,1,0,1,1,0,0.23289044923127825,-1.0134265269362956,-0.29585841385401923
3945,0,1,0,0,0,0,1,0,1,2,1,0,1,2,2,1,1,0,1,1,0.9436834385773956,-0.6272507613313905,0.5216476074943027
3946,1,1,0,0,0,0,0,1,0,1,0,1,0,1,1,2,0,2,1,0,-0.6409249437651028,1.337261602294051,0.5380083831522299
3947,2,0,0,0,0,0,1,0,0,1,2,0,1,0,0,1,0,0,0,1,-1.4134139104624592,0.005996727589943962,1.3168218795796083
3948,0,0,0,1,0,0,0,0,0,2,0,1,0,0,0,1,0,1,0,0,0.8651560424101427,0.01548282027171495,0.3172929069570932
3949,1,2,2,0,0,1,0,0,0,0,1,1,0,1,0,0,0,0,1,1,-0.22458744606203307,0.8955132371347252,-0.4996811755631167
3950,0,0,0,0,0,1,0,0,0,0,1,0,1,1,0,2,1,0,1,0,0.19377926919025576,-1.0054803391277893,0.4717267893901052
3951,1,0,1,0,0,0,1,0,0,2,0,0,0,0,1,1,0,0,0,0,1.0526235105208903,1.526237175253436,0.7561545954423593
3952,0,0,1,0,0,0,1,0,0,1,1,0,0,1,1,1,0,0,1,0,1.4163480146491791,0.7404517052995656,1.2656648443883665
3953,2,1,0,0,0,0,0,1,1,0,1,1,1,0,2,1,0,0,0,0,-0.2417029756478702,0.05723076416295562,0.132654988050117
3954,1,0,1,0,0,1,0,1,0,1,1,0,0,1,2,2,0,1,0,1,-0.4915701111615288,-1.2081473809965084,-0.4301206939544855
3955,1,1,1,1,0,0,0,0,0,1,0,1,2,0,0,2,2,0,1,0,-0.526843118616003,-1.1040222881472133,0.6555021887840209
3956,0,1,1,0,1,0,1,0,0,1,1,0,0,1,0,1,0,1,2,0,1.699869359769532,-0.4284251980751567,1.187477040874653
3957,2,0,1,0,0,0,0,0,0,0,1,0,0,1,1,1,1,0,1,0,-1.3224588282355194,0.7963643488274995,0.12012661681884607
3958,0,0,1,1,0,0,0,0,0,1,0,1,0,1,1,1,1,0,1,0,1.0655696964441335,1.558229176952279,-0.6675610033202877
3959,2,1,0,0,0,0,0,0,1,2,0,1,1,2,1,1,0,0,0,0,-0.02178992251484097,0.19826799684540608,-0.16190699314293314
3960,1,0,0,0,0,1,0,0,0,0,1,0,0,0,2,0,1,1,1,0,-0.5011213242661076,-0.15933023937636637,-0.034353080340312814
3961,0,0,1,1,1,1,0,0,1,1,1,0,1,1,2,0,1,1,1,0,-1.25083707410656,-0.897695949825321,-1.7270754337601946
3962,1,1,0,1,0,1,2,1,0,1,0,1,0,0,1,1,0,1,1,0,0.601230803977407,0.9364715169344228,-0.3479616129659835
3963,0,0,2,1,1,0,1,0,1,2,0,0,0,1,1,1,0,0,0,0,0.21388418452564564,0.2882164537058258,-0.12372336147172883
3964,2,0,1,1,0,0,1,0,0,1,0,0,1,1,0,1,0,0,2,0,-1.3623602535108081,-1.8581304436050996,-2.2066705323755245
3965,1,1,1,0,0,1,0,0,1,1,1,2,0,0,1,0,0,1,1,0,-0.5978916490578127,0.2848423570461596,-0.0570261424149955
3966,1,1,1,0,0,0,0,0,0,0,1,2,2,1,2,2,1,1,1,0,-1.4317304916410856,-0.5469163746092212,-0.27950782842715505
3967,1,2,0,0,0,0,0,1,0,1,0,0,1,1,0,1,1,0,0,1,-0.13199262797546338,-2.0980275220539597,-0.2736878253333448
3968,0,0,0,0,1,0,0,0,0,1,2,0,0,2,0,1,0,1,0,0,-1.3574666844986405,0.79210158854447,0.5586871976339665
3969,1,1,1,1,0,1,0,0,0,2,1,0,0,1,2,1,1,1,1,0,0.5253285131988358,0.04486245684081802,-0.23916559390432188
3970,0,1,2,1,0,0,0,0,0,2,2,0,2,2,2,2,0,1,1,0,1.0136933337420677,0.8089880004474421,1.2135114695738745
3971,1,0,1,1,0,0,1,0,0,1,2,0,1,1,2,1,1,0,0,0,-1.1509009186037835,-0.022701574812742292,1.086123342999373
3972,0,1,1,0,0,1,0,0,0,1,0,1,0,0,1,0,1,0,0,0,-0.8000048466253465,-0.22569119751694544,0.008127520445540992
3973,2,0,0,1,0,1,1,0,1,1,1,0,1,1,0,0,1,1,0,0,-0.0031734114112160513,0.6920405927981013,1.2982842021590952
3974,1,2,2,1,0,0,0,0,0,1,1,0,1,2,1,1,1,1,2,0,-0.09085408111216793,0.11943294987380568,-0.4113624176585424
3975,1,1,0,0,0,1,1,1,0,2,1,0,0,2,1,1,1,0,0,0,-1.4766812618412235,-0.5117657420769481,0.2377367330573259
3976,0,1,1,0,0,0,1,0,0,1,0,0,0,0,1,1,0,2,0,0,-0.020174626359036302,-0.8866268385100876,-0.3754190507023031
3977,0,2,1,0,0,0,0,0,0,1,0,0,0,2,2,0,1,0,0,0,1.0061681156396831,-0.5810291779759629,-1.4418822245754712
3978,1,2,1,2,0,1,0,0,0,0,1,1,2,1,1,1,0,0,1,0,-1.1672740043386194,-1.3003640859343135,0.09062869888329245
3979,2,1,2,0,0,0,0,0,0,2,0,0,0,2,1,1,0,1,0,0,1.5877797928611856,0.6976538315811178,0.9579128302732085
3980,2,0,1,1,0,0,1,0,0,1,1,1,0,1,1,0,1,2,2,0,-2.0299678865031026,-1.2244870662813279,-1.8968443020968342
3981,1,0,0,0,1,0,0,0,0,1,0,1,1,1,1,1,0,0,2,0,1.6670380203386796,1.0164347442394623,0.31077455582577096
3982,1,0,2,0,0,1,0,0,0,2,0,0,1,2,2,0,1,0,0,0,1.4944562849985044,0.6686208671705176,0.9589007220722938
3983,1,1,0,1,0,0,0,0,0,1,2,0,0,1,0,1,1,1,0,0,0.6345493074397166,-0.8007701763541141,-1.3388757637868134
3984,2,1,1,1,0,0,0,0,1,1,1,0,0,0,0,2,0,1,1,0,-1.3315426587349135,-1.4218178512215611,0.12964336356725092
3985,2,0,1,2,0,1,0,1,0,2,1,0,0,2,2,1,0,1,1,0,1.0097611032379454,-0.5674102804704921,0.9820293250719492
3986,0,1,1,0,0,0,0,0,0,0,1,1,0,1,0,1,2,1,2,0,-1.0512963362073242,-1.3985803055163468,-0.8726390778064417
3987,1,0,0,1,0,1,0,0,0,1,0,0,1,2,0,1,0,0,0,0,-1.9635622557155836,0.17024909840948033,-0.4604602540414361
3988,1,2,0,0,0,0,1,1,0,0,0,0,0,2,1,1,2,1,2,0,-0.9193534365117841,-0.7671985444545607,-0.06451406140999721
3989,2,0,0,1,0,1,0,0,0,2,0,0,1,1,1,0,0,0,0,0,-0.12743601236269447,1.0531850133803582,1.6760431438154844
3990,0,1,0,0,1,0,1,0,0,1,0,1,0,1,1,0,0,2,0,0,1.4289275720598433,0.027733789839237827,0.032943647365160034
3991,1,2,0,1,0,0,0,0,0,2,1,0,0,2,1,1,0,0,1,0,0.9674599623531481,-1.7321008168979848,-0.9433437015287509
3992,1,1,0,1,0,0,0,0,0,0,1,0,1,1,0,0,0,0,0,0,1.0064440154699523,-0.7295759758457963,1.289151806871421
3993,1,1,0,0,0,1,2,0,0,0,1,1,0,0,0,0,0,0,1,0,0.8131321561180378,-1.3227420562729797,0.005943043724401645
3994,2,1,0,0,0,0,0,0,0,2,1,0,0,0,0,1,0,0,1,0,0.6298744243628062,-0.5560190468290007,0.8073227252730759
3995,1,1,0,0,0,1,0,0,0,0,2,1,0,2,2,0,0,0,1,0,-0.7392395989092077,0.14752019029215974,-0.27943887512308985
3996,1,1,0,1,0,1,2,0,1,2,1,1,0,0,0,1,1,0,1,0,0.5440111803079977,-0.4127774789462444,0.2568658591434616
3997,0,0,1,0,1,1,0,0,0,1,1,0,0,1,1,1,0,0,1,0,-1.2545035903602944,2.083415740856472,0.22622360203934833
3998,1,1,1,0,0,1,0,0,0,1,1,0,1,0,1,2,0,0,1,0,-1.6870494256038981,-0.18153883812778399,-0.6304308151481637
3999,1,2,0,1,1,0,1,0,0,2,2,1,0,2,1,1,2,1,0,0,0.4838604701889218,-0.8057236508220502,-0.2238608518735115
4000,1,1,0,0,0,0,0,0,0,0,2,1,2,1,0,0,1,1,1,0,0.8335806649770378,1.1911691605079788,1.0236697799335375
4001,0,1,1,1,0,0,1,0,0,0,0,0,0,1,1,2,1,0,1,0,0.03256234801123152,0.2065416313511771,1.0991805788376605
4002,0,0,1,1,0,0,0,0,0,2,0,0,0,0,2,1,0,0,1,0,0.16860519260487417,0.13473500757054174,-0.5218488671153827
4003,1,1,2,0,1,0,1,0,0,1,1,0,2,2,1,0,0,0,0,0,1.5592032230907273,1.6570238762478724,2.2679674755820143
4004,2,2,2,0,0,0,0,0,0,1,1,0,0,2,0,1,0,1,1,0,-0.6497312237505536,-1.2073419674325696,1.4022892802591607
4005,0,1,0,0,0,0,0,0,0,1,1,0,1,1,0,1,1,1,0,0,-2.095624573703142,0.17522488797976132,-1.9500817732812608
4006,1,1,0,1,0,0,1,1,0,1,1,0,1,0,1,2,1,0,1,0,0.4941372945114132,-0.28864648006692295,-0.14034747178615953
4007,1,2,0,0,0,0,0,0,0,1,2,1,0,2,1,1,0,0,0,0,-0.8396736813697658,-1.523488962658139,-0.24712382648855125
4008,0,0,0,0,1,0,0,0,0,0,1,1,1,0,1,1,1,0,0,0,1.3695875489075737,0.5254292436061723,-0.6304853673776221
4009,1,0,0,0,0,1,1,0,0,0,2,0,1,1,2,1,0,1,1,1,-0.8763875467016036,0.7396878723504491,0.5373414158904434
4010,1,1,0,0,0,0,0,1,0,2,0,0,0,1,2,1,1,0,2,0,-0.15616232118516624,1.1090933432935406,0.18657446389643206
4011,0,1,0,1,0,0,0,0,0,2,0,0,0,1,2,2,0,1,0,0,0.3779454089654152,0.22083719192800882,2.007209897565013
4012,2,1,0,0,0,2,0,1,0,2,0,1,0,1,1,0,0,1,1,0,-0.5011103016868622,1.4763587263149611,0.5609906100859535
4013,0,0,0,2,1,1,0,0,1,0,0,1,0,1,0,1,1,0,0,0,2.0249394144279864,-0.37559166949449296,-0.8646427642346963
4014,1,0,1,1,0,0,0,0,0,1,1,0,2,1,2,1,0,2,1,0,-0.3187180591447084,0.7074201155801222,0.5458468441212754
4015,1,1,1,1,0,0,1,0,0,0,2,0,0,2,0,0,0,0,1,0,0.7352408270214713,0.6926013119940009,-0.3955742367968845
4016,0,0,0,0,0,0,0,0,0,1,1,0,0,1,0,1,0,0,2,0,-2.007943181716908,-0.7057876430538123,0.1778940396232207
4017,0,1,0,1,0,0,1,0,0,1,0,0,0,1,0,2,1,0,0,0,0.2866528395677089,-0.47597953166707657,-0.9423346436825278
4018,2,2,1,1,0,1,0,0,0,0,1,0,1,0,0,0,0,1,1,0,1.6728962206435416,0.1860100362252813,-0.41173437900198684
4019,0,1,2,1,0,1,0,0,1,0,0,0,0,2,0,1,0,1,2,0,-0.6702694251317921,-0.288087200627085,-1.363699432436769
4020,0,2,1,1,0,0,0,0,0,1,0,0,1,1,2,0,1,0,0,0,0.7040331237178237,0.6395931622088903,-1.3490264691007827
4021,0,1,0,1,0,1,1,0,0,1,1,0,0,1,1,1,1,0,1,0,1.01248649925931,0.661896819209358,0.9627578971634764
4022,0,0,1,1,0,1,1,0,0,2,1,1,0,0,1,2,0,1,1,0,-1.649682181467566,-0.012243069383853888,-0.006728261780673039
4023,0,1,0,0,0,0,0,0,0,0,1,1,0,0,1,1,0,0,1,0,0.08104440078940346,-0.8304640465650726,-0.8032069039686833
4024,0,0,1,0,0,1,0,0,0,1,1,0,1,2,0,1,0,0,1,0,0.7870924003318321,0.188453644494954,0.36905335471978773
4025,1,0,0,0,0,1,1,0,0,0,0,0,0,0,0,2,2,1,1,1,-1.2725034028442803,0.056045815351709494,0.19167715048603884
4026,1,1,1,1,0,0,0,0,0,1,0,0,2,1,0,0,0,0,1,0,0.9402190311188949,-0.3329265299216569,0.7654964265153652
4027,1,1,1,1,0,0,0,0,0,1,1,1,1,1,2,1,0,1,2,0,0.4836511368445357,1.0325288205515415,0.243396795857178
4028,1,2,0,0,0,0,1,0,0,1,0,1,0,0,1,2,0,1,0,0,0.051680889318173724,-0.37472082223343295,1.3978506476715862
4029,2,1,0,0,0,0,0,0,0,1,0,1,1,0,2,0,1,2,0,0,0.3638756200219362,-0.39580281855017135,-0.5931417384893157
4030,2,2,1,0,0,0,0,0,0,1,0,0,1,1,2,2,1,0,1,0,-1.8449638114229159,-1.3226421730251605,-1.1872773095322815
4031,1,1,0,0,1,1,1,1,0,1,0,0,1,1,0,1,0,0,1,1,-0.935426387231449,-0.24925294125197686,2.592308736043798
4032,1,0,1,0,0,1,0,0,0,0,1,1,0,0,1,0,0,1,1,0,0.462323964387953,-0.3541153997945439,0.9931293918054644
4033,1,1,2,0,1,1,0,0,1,0,0,0,1,0,0,1,1,1,1,0,-2.465555354504,-1.5675463505878606,-2.033978786762615
4034,1,0,0,0,0,0,1,0,0,1,2,0,1,1,1,1,1,0,0,1,-0.2010132318025668,1.2654786842722068,0.038483940359398505
4035,0,1,1,0,0,0,1,0,0,1,2,1,0,1,0,1,2,1,0,0,0.1727305413780974,-0.47171734126590403,0.9919077078082252
4036,1,2,2,0,1,0,1,0,0,2,1,0,1,2,1,1,0,0,1,0,1.507622274060445,2.362018644361931,2.393289708869537
4037,0,0,0,0,1,1,0,0,0,1,0,0,0,1,0,0,0,0,1,0,-0.6906132399441492,0.3464182825001577,-0.36160254610185716
4038,1,1,1,0,0,2,0,0,0,1,0,0,0,1,2,1,0,0,0,0,-2.0557197270134115,-1.339073654919708,-2.5090205948081405
4039,1,1,0,0,0,0,1,1,0,1,1,0,0,2,1,1,1,1,1,1,1.3715979181562468,0.7718898462581535,2.3145111815174477
4040,1,1,0,1,0,0,1,0,0,1,1,0,1,0,0,1,1,1,0,0,0.09042337651276228,-2.042698150241714,-3.2046293171182336
4041,1,0,0,1,1,2,1,0,0,1,0,1,2,0,1,1,1,1,2,0,-0.021143621175968724,1.0367496632045214,0.48769117028886055
4042,1,1,0,0,0,1,0,0,0,1,2,0,0,0,0,2,1,0,1,0,1.680500983138635,1.4593412592353519,1.3094511465825909
4043,0,2,0,0,0,0,0,0,0,1,0,1,0,2,0,0,0,1,1,0,-0.6084543092373063,-0.07741975206849594,-2.1753532296412956
4044,1,1,1,0,0,0,0,0,1,1,1,0,1,1,1,0,0,1,0,0,-1.0782037855838966,-0.37157201547378527,-0.6776376550407649
4045,1,1,1,0,1,0,1,0,0,1,1,0,0,1,1,1,1,0,0,0,0.592478305394852,-1.6082190745046452,0.23507417203197567
4046,0,0,1,0,0,1,1,0,0,2,0,0,0,0,1,1,0,1,2,0,-1.0561373043641957,1.0696931486580479,0.41785097977206553
4047,0,2,0,1,0,0,0,0,0,0,2,0,1,1,2,1,0,0,0,0,0.6478378094427223,0.734987182363571,2.321808216039726
4048,0,1,0,1,1,1,1,0,0,1,0,0,0,0,1,0,1,1,1,0,0.3102226496911968,0.039182146278085944,0.38882770723059124
4049,0,1,1,0,0,0,1,0,0,0,1,1,1,1,2,2,1,1,2,0,1.3848721089235345,1.246548242614876,0.9430685046779284
4050,1,2,0,0,0,0,1,0,1,1,1,0,1,1,1,1,1,0,1,0,-0.7433308281028788,-0.4125684324787578,0.09333702774880281
4051,2,0,0,0,0,1,0,0,0,1,2,0,2,2,1,2,0,0,0,0,0.04366592243662326,0.8506804701313053,-0.1831674366633712
4052,0,0,1,0,0,0,0,0,0,2,1,1,0,2,2,0,0,2,0,0,1.328379816412535,0.30245926969421705,-0.6688929029080566
4053,0,1,0,0,0,0,0,0,0,1,0,1,1,0,0,0,1,0,0,0,-0.2895516615857001,-0.27060872165102234,1.148563608128397
4054,1,1,0,1,0,2,1,0,1,0,1,1,0,1,1,2,1,0,2,0,0.14438485411922464,0.29972803014561783,-1.6099938589811547
4055,0,0,1,1,0,0,1,0,0,2,1,0,1,2,1,0,0,0,1,0,0.2977035907463058,-0.5820168396129701,-1.4250846910747639
4056,1,0,2,0,0,1,0,0,0,0,0,0,0,1,1,0,0,1,0,0,-0.2497116815482742,1.2559455012853924,0.7797800672420961
4057,1,2,1,0,0,0,0,0,0,2,0,0,0,1,0,0,0,1,1,0,-0.10585714890930206,-0.8053739455096376,0.5809029359448583
4058,1,1,0,1,1,1,1,0,1,1,0,0,0,1,1,1,1,1,0,1,0.14813639512562074,-0.3811584822328522,1.4609326444824058
4059,1,1,0,1,0,1,1,0,0,0,2,0,0,0,1,1,0,0,1,1,1.3451015640134811,1.3715153070238417,1.6159410345346021
4060,1,1,2,0,0,1,2,0,1,0,1,0,0,1,2,0,1,1,1,0,0.2790819617176634,0.07494310136848298,1.4859758687774058
4061,0,1,1,0,0,0,0,0,1,1,1,1,0,0,2,1,1,0,0,0,-0.4575069676666743,-0.474204903806684,-0.4792705217147185
4062,2,0,0,0,0,0,0,1,0,1,1,0,1,1,1,0,0,2,1,0,-1.1027365677304106,-1.5319654284679698,-2.0153731602252676
4063,1,0,1,0,0,0,0,0,0,1,0,0,1,1,1,1,0,1,1,1,2.3911449669219245,1.6363325464480152,1.861646956385921
4064,1,0,1,0,1,1,0,0,0,1,1,0,0,2,1,1,1,0,1,0,-0.3742868500048149,-1.4911372434558936,0.1926614608743202
4065,0,0,0,0,0,1,1,0,0,0,1,0,0,2,2,0,2,1,2,0,0.9276080176548164,0.7495007238611923,1.2945573646074484
4066,1,0,0,0,1,1,1,0,0,1,0,1,0,1,0,1,0,2,1,1,0.9526749222306404,0.7277639650352068,0.624512587859263
4067,0,1,0,0,1,0,0,0,0,0,1,0,1,0,1,0,0,1,0,0,1.8441512114142107,0.22009087892299606,-1.026458785577254
4068,2,0,0,1,0,1,0,0,0,2,0,1,1,0,1,2,2,1,0,1,0.5318237137195656,0.5196004243559071,-0.05946184566259849
4069,1,0,1,0,1,1,0,0,0,2,1,0,2,1,1,0,0,1,1,0,0.14450788027039405,0.568281772458129,-0.7300647824232096
4070,1,0,1,0,0,0,1,0,0,0,0,0,0,0,1,0,0,0,1,0,0.1423112166049036,-0.8219565256206105,-0.1968597452493466
4071,1,2,1,0,1,2,0,1,0,0,1,0,0,1,2,1,2,1,0,0,0.6186539734919079,-0.6220017308581138,0.9854276145506173
4072,1,0,0,0,0,0,1,0,0,2,1,0,0,1,0,0,0,1,1,1,0.3895085545376203,1.5016998920670022,-0.1772704837567346
4073,1,1,0,0,0,1,0,0,0,1,0,0,0,1,0,0,1,2,1,0,1.3251651985868762,-0.7683839100326433,0.33634110035189113
4074,1,0,1,0,0,1,1,0,0,0,1,1,0,1,0,1,0,1,0,0,-0.17227973170592784,-0.7709259533518027,0.7435288752913295
4075,0,0,0,1,0,0,0,0,0,2,0,0,1,2,0,0,0,0,0,0,0.017017276941606572,2.131451586290251,1.599489717922672
4076,2,0,0,1,0,0,1,0,0,2,0,1,2,0,1,2,1,0,2,0,1.051041882613471,0.9195156969139887,0.029163289978681783
4077,1,0,1,0,0,0,1,0,0,1,1,0,0,1,0,2,0,0,1,0,1.7844095270851374,0.6912396867809514,-1.117049654757881
4078,1,1,0,0,1,1,0,0,0,0,0,1,0,1,0,2,1,1,0,0,-0.4227143303384242,-2.06626656420739,0.7832225509159948
4079,2,0,1,1,0,0,0,0,0,0,1,0,0,1,2,0,1,1,1,0,1.0403716686550826,0.9730768375589853,1.6446788279000861
4080,0,0,0,0,1,0,1,0,1,0,1,1,0,0,1,2,0,1,1,0,2.2751262385345012,1.0074500017669603,-0.45838274568583603
4081,1,1,2,0,0,1,1,0,1,1,1,0,1,0,0,0,0,1,0,1,0.9950872307774817,0.3198987979209671,0.0455863855068499
4082,0,1,0,0,0,0,0,0,0,1,0,1,0,1,1,0,1,0,1,1,-0.379495116130294,1.371530524184193,0.7637449878217898
4083,1,0,0,0,0,0,1,0,0,2,1,1,0,2,2,0,0,1,1,0,0.4174516664757207,1.4710743189166566,0.9672454560782714
4084,1,1,0,1,0,0,1,0,0,1,1,1,1,0,1,0,1,0,0,1,-0.5628248660891678,0.2668557360776366,-0.19838196005479625
4085,1,1,1,0,1,0,1,0,1,0,0,0,0,1,0,2,0,0,1,0,0.8448550165380715,-1.042231394963411,-0.37095148980269455
4086,1,0,0,0,0,1,1,0,0,2,1,1,0,1,1,0,0,0,1,0,-0.3093620932646976,0.5082599499976871,0.5842177810763066
4087,1,2,1,1,0,0,1,0,0,1,1,0,1,1,2,1,2,0,0,0,-1.692672440637319,-1.280497750670843,-2.8013187161681268
4088,0,0,0,0,0,0,0,0,0,2,2,0,1,0,2,1,0,0,0,0,0.2980923337569058,0.6363164196422895,0.02058198949267176
4089,0,1,0,1,0,0,0,0,0,0,0,0,0,1,2,1,0,0,1,0,1.4980022475959351,0.21808055579514443,-0.6915606092204554
4090,1,1,0,2,0,0,0,0,0,1,2,0,1,1,1,1,2,0,0,0,-0.33169080927538613,-1.8322166106564364,-0.5661648745240268
4091,1,1,1,2,0,0,0,0,0,1,1,0,0,1,1,1,1,1,1,0,-0.7678159132748148,-0.1803443116169626,0.7976101314183702
4092,1,1,1,0,0,2,2,0,0,2,1,0,0,2,1,1,0,0,0,0,-1.0997316263806587,-1.0081916860494378,-1.4582376505292345
4093,0,2,0,0,0,0,0,0,0,0,0,0,1,1,2,1,0,0,1,1,-0.3909953962792403,0.6143888935240238,-0.39265526144581525
4094,1,2,1,1,1,1,1,0,0,0,0,0,0,1,2,1,1,0,0,0,0.025231556443405488,0.14918355839057995,-0.04139647694305329
4095,0,1,1,0,0,0,0,0,0,2,1,0,2,2,1,2,0,0,1,0,-0.5873327661037168,-0.7232276627473146,-2.7683316636086235
4096,1,0,1,0,0,1,2,0,0,2,0,0,0,1,1,1,0,2,0,1,0.4764652567479392,0.06406585811838955,0.636279814384455
4097,0,2,1,0,0,1,1,0,0,2,0,0,0,2,1,2,1,1,1,0,-0.35362966137730717,-0.1636732054760252,-1.5282985016406798
4098,1,1,1,0,0,0,0,0,0,2,0,0,1,1,0,1,0,1,0,0,0.10005574272712438,-0.3928104996082584,-0.026227471612781723
4099,0,1,1,0,0,0,0,0,1,1,1,0,1,2,1,1,0,1,1,0,-0.7821999145161586,0.4351139954208547,0.3278145393694597
4100,1,1,0,0,1,0,0,1,0,1,1,0,1,1,1,2,1,1,0,1,-1.4480445258012804,-2.6885431340512356,2.4590854589443727
4101,0,1,0,0,0,1,0,0,0,1,1,1,2,0,1,0,1,0,0,0,-0.022859624683741173,1.462731022864562,1.3535305536965845
4102,0,2,1,0,0,0,0,0,0,2,0,1,0,1,1,1,1,0,0,0,0.23642931176965498,-0.9762656382553281,-0.7661599683250628
4103,2,1,1,1,0,0,0,1,0,0,0,1,1,2,1,0,0,1,0,0,1.6022163579128246,-0.5628471078709976,2.0010576849523054
4104,0,2,0,0,0,1,0,0,0,2,1,1,0,1,0,2,0,0,0,0,0.8332864345553842,-0.49124545591005475,1.7192503343756564
4105,2,1,1,0,2,1,1,0,0,1,2,1,2,0,1,0,1,1,2,0,-2.4502636721692257,0.7485807427751379,-0.3512662414804364
4106,0,2,0,1,1,0,0,0,0,1,2,0,0,2,1,0,1,2,2,1,0.35394980475744686,0.9296919515369726,-0.12409727566426154
4107,1,1,1,0,0,1,1,0,0,0,0,0,0,0,1,0,1,1,1,0,-0.12048361076799805,-0.5362789556334255,-0.4114444974135596
4108,1,1,2,1,1,1,1,1,0,1,0,0,0,1,0,2,1,1,1,0,-0.7417399417935794,-1.1744282568729976,-0.730526960718223
4109,0,0,1,0,0,0,1,0,0,1,0,1,1,2,1,1,0,0,1,0,1.8607170739597199,1.4651302999888665,2.6972387256465735
4110,1,1,1,0,0,0,0,0,1,2,0,1,0,2,1,1,0,0,1,0,0.7867933558013102,2.309011431994556,1.0487750619710876
4111,1,1,0,0,0,0,0,1,0,1,0,0,1,0,0,0,2,1,1,0,0.8223796304727823,1.6698426575036163,3.4125788629567912
4112,2,1,1,1,0,0,0,1,0,1,0,1,0,1,0,0,0,0,1,0,0.15711793112361744,0.9054149397540335,0.8413833194322611
4113,0,1,0,0,0,0,0,0,0,0,1,0,1,1,1,1,0,1,1,0,-1.28230171668748,-0.3978153877913887,-1.6464608455170566
4114,1,0,0,0,0,0,1,0,0,0,1,1,0,1,2,1,2,0,0,0,-1.6965379314665008,-1.5927294049982368,-0.11279237235886558
4115,2,1,1,0,0,0,0,0,0,1,0,1,0,2,1,2,1,0,0,0,-0.17870586214400683,0.2773709487696822,0.9834192719491536
4116,1,0,1,1,1,1,0,0,0,1,1,0,2,2,1,1,1,1,0,0,1.8137399884206236,1.92074804202273,2.845613930318594
4117,1,0,0,1,0,0,0,0,0,1,1,0,2,2,1,1,0,1,1,0,-0.54606938884916,-0.0813912351820992,-0.46488949789421286
4118,2,0,0,1,0,0,2,1,0,1,1,1,0,2,1,2,0,0,1,0,0.38255751077161726,-0.11395093285246316,1.6409510418234448
4119,0,1,2,1,0,0,1,0,0,1,0,1,0,2,1,0,1,1,0,0,-0.4711583564914155,0.09331514024284904,0.12698891566059725
4120,1,1,0,0,0,0,0,0,1,0,0,0,0,2,1,1,0,1,0,0,1.0896060463319277,-0.604261938830043,-1.23377691182369
4121,0,1,2,0,0,0,0,0,0,0,1,2,1,2,1,0,0,0,1,1,-0.5569732329887067,0.11181859132530392,-0.3886321138033414
4122,0,1,1,0,0,1,0,0,0,2,1,0,0,1,0,0,0,2,1,0,-1.6254916812254356,-0.6413657962210495,-0.4783165828654378
4123,1,2,1,0,0,0,0,1,0,1,2,0,0,2,2,0,0,2,1,0,0.9832674353641842,1.6011733453015633,1.0658791412261637
4124,1,0,1,1,0,0,0,0,0,1,1,0,0,2,2,1,0,0,1,1,-0.32608486164875217,1.9414785000050188,2.555021746158017
4125,0,1,0,0,0,0,0,0,0,0,0,0,1,1,2,0,0,0,1,0,-0.6435995529949924,-0.5552670176704793,-0.8871936356827405
4126,1,1,0,1,0,1,1,1,0,2,2,0,1,1,0,1,1,1,1,0,2.467513912725269,0.6315752931735141,0.7779693487269496
4127,1,1,1,0,0,2,1,0,0,2,0,0,0,2,1,1,0,0,2,0,0.5725710916167074,0.9282212186666277,-0.10065392333724554
4128,0,1,0,0,0,1,2,0,1,0,0,0,1,2,1,0,0,0,0,0,0.25598574076725816,0.5104469147620483,2.2877637004251707
4129,1,1,0,1,0,0,1,0,0,0,1,0,0,2,1,1,0,0,2,0,-2.0334201073680687,0.7957953459650134,-0.43820015789281924
4130,0,0,0,0,0,1,1,0,0,0,0,0,1,1,0,1,0,1,1,0,0.7861640276251087,0.35216815331071066,0.5156835388079609
4131,1,1,0,0,0,0,0,0,0,2,2,0,1,1,2,0,1,2,1,0,0.5735169277251432,-0.1376870880391674,0.8765229442349391
4132,1,0,0,1,0,0,2,0,0,0,1,0,0,2,1,0,0,1,1,0,0.27327277641067077,-0.07285068537221417,0.7131377613733412
4133,1,1,0,0,0,0,1,0,0,0,0,1,0,1,1,1,0,0,1,0,0.1035376675739875,-0.11644926067314516,0.939268331664912
4134,1,1,0,1,1,0,0,0,0,1,1,0,1,1,2,1,0,0,1,0,1.3655346016658532,0.7544453764832562,0.42611298459978747
4135,1,1,0,0,0,0,0,0,0,1,0,0,0,2,1,1,1,0,1,0,0.3770922145695935,1.1636637812847197,1.2620737289837587
4136,0,0,1,0,0,0,0,0,0,0,0,0,2,1,0,1,0,1,0,1,0.22536150929786675,0.21809729984898216,0.2791725662908795
4137,0,0,0,0,1,1,1,0,1,2,1,0,1,2,1,0,0,1,1,1,-0.641934381862981,0.44606460274040804,-0.5252001605036527
4138,1,0,0,0,0,1,0,0,0,1,1,0,0,2,0,1,0,0,1,0,0.1674744132472898,1.8142325172769147,0.8032151219174075
4139,0,2,1,0,0,1,0,0,1,2,0,0,2,1,0,2,1,0,0,0,-1.09219420735823,1.2984786269514226,1.443277152618131
4140,1,0,0,0,0,2,1,0,0,1,2,0,0,2,1,1,0,2,0,0,-0.606107158130966,0.24279453273921467,-0.46160381232230097
4141,1,1,1,0,0,1,0,0,0,1,1,1,0,2,0,0,1,0,0,0,1.562284411943846,-0.43369136977749956,0.10214912320660888
4142,1,1,1,0,0,0,0,0,0,2,0,0,0,1,1,1,2,1,1,0,-0.11512346243063608,1.257573631387083,1.301190527067149
4143,1,0,1,0,0,0,0,0,0,1,1,0,0,1,1,0,1,1,0,0,-0.6450058482374987,-0.20629586542343287,-1.292460733152928
4144,1,2,1,1,1,0,0,0,0,0,1,0,1,0,0,0,1,1,0,0,0.7494712816005902,-1.8144411481713727,-0.34022990435490036
4145,1,1,0,0,0,0,0,0,0,0,1,1,2,1,2,1,0,1,0,0,-0.7545120594243514,-0.3079093760359201,-0.7221468895892857
4146,2,1,0,0,0,0,0,0,0,2,1,1,0,0,1,1,1,1,0,0,-0.6999077350727175,0.5060994386241282,0.006047431012253985
4147,1,1,0,0,0,0,1,1,0,0,2,1,0,1,2,1,0,0,0,0,0.7511868732518122,-0.7567733368804054,0.43230785312691494
4148,0,1,1,0,1,1,0,0,0,1,1,0,0,0,1,1,1,0,0,0,-0.10479520122128391,0.4451731753784245,-1.2851313210077289
4149,0,2,0,0,1,0,1,0,1,1,1,0,0,1,1,1,1,0,0,0,0.048890699469061265,-0.678367058977745,0.020966067444893377
4150,0,1,0,0,0,2,1,0,0,1,1,0,0,2,0,1,0,0,0,0,-0.3420252680835774,0.28913975771281764,-0.9986987866893248
4151,2,0,0,0,1,0,0,0,0,2,1,0,0,1,1,1,0,1,1,1,0.9613546095535949,2.4810591730484464,2.9840723013267345
4152,2,1,0,0,0,1,1,0,0,1,0,0,1,1,1,0,0,1,0,0,-1.1891472815924027,-0.6150800245285258,0.8901871854233938
4153,0,2,1,0,0,2,1,0,0,2,1,0,0,2,1,2,0,0,2,0,-0.6390093901473918,0.5417227723519197,-0.253221452656035
4154,1,1,1,0,1,0,0,0,0,2,2,0,1,1,1,1,0,1,1,0,-0.727454443547191,-0.3272328785527586,1.0257138371844254
4155,1,0,1,0,0,1,0,0,0,2,2,0,0,2,0,1,0,1,0,0,-0.4754088185306805,0.5205036491642935,0.5567451149818229
4156,1,0,0,1,0,0,0,0,0,1,0,0,0,1,1,1,1,0,0,0,0.5906060439421956,1.7783691430770496,1.7229503061990816
4157,0,0,0,1,0,0,0,2,0,2,2,1,1,2,1,2,0,1,0,0,-1.1795127881116976,0.6864250556373476,0.2752785617312282
4158,1,1,0,1,0,2,1,0,0,1,2,1,0,0,0,1,0,0,1,0,0.5310498166578356,0.5927913609879079,0.9084326284812593
4159,0,2,1,0,0,0,1,0,0,2,1,1,0,1,2,0,0,0,1,0,-0.3026566470518508,0.7845390420972467,0.425136457527709
4160,0,0,1,1,0,1,0,0,0,2,0,1,0,1,1,1,1,1,0,0,-0.027571180942312812,-0.34784972822132487,-1.1201560874231795
4161,1,1,0,0,0,0,0,0,0,2,0,0,1,2,1,1,0,1,0,0,0.004160932333370877,-0.9649763707255432,-0.544821469617429
4162,1,0,0,1,0,1,1,0,0,1,1,0,0,1,1,1,0,2,0,0,0.9832333483289478,1.370803389447661,-0.766993892870085
4163,2,1,1,1,0,0,1,0,0,1,1,2,1,1,1,2,0,1,2,0,0.5298979061351734,0.7495194137146153,1.3604878888352354
4164,0,0,1,0,0,0,1,0,0,2,0,0,1,1,1,1,0,0,1,0,-0.25296705328270336,1.930397832719044,0.384363157746898
4165,1,2,0,0,0,0,1,0,0,1,0,0,0,0,0,1,0,0,0,1,0.6499790792054476,-0.6136422317904227,2.3158492020203028
4166,1,0,1,1,0,0,1,0,0,2,1,0,0,2,0,0,0,1,1,0,0.06511451421165833,0.5815925470724772,0.1217520507184422
4167,2,0,1,0,0,1,1,0,0,2,0,0,2,2,1,0,1,0,0,1,-1.240705583427138,-0.4879293246635292,1.0216861866959233
4168,1,2,1,0,0,0,1,0,1,0,1,0,0,0,0,1,0,1,1,0,1.075285349808894,-0.5026116434358581,-1.3683468329286468
4169,1,1,2,0,0,0,0,0,0,0,1,1,0,2,0,1,0,0,1,0,0.9853940785808648,-1.1271755961048033,-0.37325803391803647
4170,1,0,1,1,1,1,1,1,0,1,0,0,2,0,0,1,2,0,1,0,0.2560649980517573,1.7534822487085595,-0.38014353721796756
4171,2,2,1,1,0,0,0,0,0,1,1,1,0,1,0,1,1,0,0,1,0.31445143680867427,0.717633270125227,2.4981474967123556
4172,1,1,0,0,1,0,1,0,0,2,1,0,1,1,1,0,0,0,1,0,-0.7742940073721647,0.1935988522094095,-0.4329286963662483
4173,1,1,1,2,0,1,0,0,0,1,0,1,0,0,2,1,0,0,1,0,0.9474966887169574,0.5672763590361929,-0.9983250084063675
4174,1,0,0,1,0,1,2,0,0,1,1,0,1,2,2,1,1,0,1,0,1.2293130555023772,0.25161472107989524,0.08045945710838914
4175,1,0,0,2,0,0,0,0,0,2,1,0,1,0,2,0,1,1,1,0,-0.38597621964150286,-0.6803089496709527,-0.8097110876411096
4176,2,2,0,0,0,1,0,0,0,2,0,1,1,1,0,0,1,1,1,0,0.884783703824471,-0.582718875870643,0.9151503476487446
4177,0,0,0,1,0,0,0,0,0,2,1,0,2,0,0,1,1,0,1,0,-0.006113124933544652,-0.7313416303118735,-0.8354022152411984
4178,0,1,0,0,1,1,0,0,0,1,0,1,1,1,0,0,0,1,1,0,0.5467858893934626,-0.2185894101461571,0.6014581693628276
4179,1,1,1,0,0,1,0,0,0,0,0,0,0,1,1,1,2,1,1,0,-0.22384391274024906,-0.07453571486663113,0.9233034078575234
4180,0,0,1,1,0,1,0,0,0,1,0,0,1,1,2,0,1,1,2,0,1.236675823886073,1.1207305866820167,-0.6068971959964683
4181,0,2,1,0,0,1,0,0,1,2,1,0,0,2,1,1,0,1,0,0,-0.5188361066749513,-0.38129867984142185,-0.5501787446112973
4182,1,1,0,0,0,0,0,0,0,0,0,1,1,1,1,0,0,0,1,0,-0.14284844682700165,-1.2208262321065266,-0.4351155319063222
4183,0,0,1,1,0,0,1,0,0,1,1,0,0,1,1,0,0,0,0,0,0.5264134235265887,-1.056684704013096,-2.017576425790883
4184,1,1,1,0,0,1,1,0,1,1,1,1,0,1,1,2,1,1,1,0,0.01578813814929248,-2.479509602724048,-1.1933603142003333
4185,1,1,1,0,1,1,1,0,0,0,1,0,0,0,2,1,0,2,0,1,0.966848884828836,0.12495092810140943,-1.6657308853629298
4186,2,2,1,0,0,0,0,0,2,1,0,0,0,0,2,1,0,0,1,0,-0.9183675284916929,0.2753734672731938,-1.8422243844618658
4187,2,1,1,0,1,0,0,0,0,1,1,0,1,2,0,1,0,2,2,1,0.17754757013410458,0.19349883195911305,0.7297783891994778
4188,1,1,0,0,1,1,1,0,0,1,1,0,0,2,2,2,0,0,0,0,0.8587479404803348,2.012983928486256,2.1453919861494235
4189,1,2,0,1,0,1,0,0,0,1,0,2,1,1,2,1,1,0,1,0,1.1562294495682388,-0.5199418252552508,0.7067713048503027
4190,1,0,1,0,0,0,0,0,0,2,0,0,0,0,1,0,0,0,1,0,0.5593533466785987,-0.1497512501518392,-0.9568512870212768
4191,1,2,0,0,0,0,1,0,0,1,1,1,0,2,0,0,0,1,2,0,-0.663317670251879,1.6204444453699878,1.5642217264960925
4192,2,0,0,1,0,0,0,0,0,2,1,1,0,1,0,2,0,1,1,0,0.45184349321443895,0.06297052153786743,1.6831162100764274
4193,0,1,0,0,0,1,1,0,0,1,0,0,0,2,0,1,1,1,0,0,0.9860394107294226,-0.14075945052574945,1.5031442838232882
4194,0,0,1,0,0,0,0,0,0,0,2,0,0,2,1,1,2,0,0,0,-1.7213355040157337,-1.2899304507101137,-0.6463133457715734
4195,0,1,1,0,0,0,0,0,0,2,1,0,0,2,2,1,0,0,1,0,-2.60285817122008,-2.3946213742654505,0.11898290615472706
4196,0,0,1,0,0,0,0,0,0,0,0,2,0,0,1,1,1,0,1,0,-0.28911993737996206,-0.0748763628610942,-0.5803304963029889
4197,0,1,1,0,0,0,0,0,0,1,0,0,1,1,2,1,1,1,1,0,1.3237737724321734,0.5616612561761694,-0.6378442738981909
4198,1,0,0,0,1,0,0,0,0,1,1,2,0,2,2,1,1,0,1,0,-1.1024857149431357,0.6461252314577296,0.16237780103140745
4199,0,1,2,0,0,0,1,0,0,0,1,0,0,2,1,2,2,0,1,0,0.2519564661126413,0.12149136549217687,0.6394064564102887
4200,1,0,1,1,0,0,0,1,0,2,1,0,1,2,0,1,1,0,0,1,-0.028112121576680787,-1.7077521507063917,1.1521704546299527
4201,0,0,0,0,1,2,0,0,0,2,1,1,0,1,1,1,0,1,1,0,-2.193454090299959,-0.8498774256965509,-0.5736868145476527
4202,2,1,0,0,0,0,0,0,0,2,2,0,0,0,0,1,1,0,0,0,0.30084892705832544,-0.9054954133977776,-0.7119548772082848
4203,0,1,0,0,0,0,0,0,0,0,1,0,0,0,1,0,1,0,0,0,-0.40818605406550296,1.058736502591378,1.1759527259499034
4204,1,0,1,0,0,1,1,0,0,1,2,0,0,0,1,2,0,1,1,0,1.5991953810491917,0.16255944847277337,0.8949008164827452
4205,0,0,0,0,0,1,0,1,0,1,0,2,0,1,1,0,0,0,1,0,1.2378519088715176,0.7334550685538067,0.04694213422941218
4206,0,0,0,0,0,0,1,1,0,1,0,0,1,0,1,1,0,1,0,0,-0.0699856660982589,-0.005114945128671708,0.1797727275582217
4207,0,1,0,0,0,0,0,0,0,2,0,0,2,2,1,1,1,1,2,0,0.16474764305311188,0.8326810314096691,-0.35268934970493215
4208,1,1,0,0,0,1,0,0,0,1,0,0,0,1,0,2,0,0,0,1,0.15234890905045873,-0.6924154256015906,0.3282862017697788
4209,1,1,0,1,0,1,0,0,2,1,1,0,0,0,1,0,1,0,1,0,-0.445421386780312,-0.36594102342442597,0.07145243178069444
4210,0,1,2,0,0,1,0,1,0,0,0,0,1,2,1,1,0,1,1,1,-0.2891863844209073,0.6966184250831511,0.402381498070168
4211,1,2,0,2,1,1,0,0,0,1,2,0,0,2,2,1,0,1,0,0,0.3116535511913873,-1.5890328092649544,-0.3085273415990987
4212,1,1,1,0,0,1,1,0,0,1,1,0,0,2,0,0,1,0,0,0,0.9658979101310716,-0.4757999052184562,0.017143932092360425
4213,1,1,0,1,0,0,1,0,0,1,1,1,0,0,2,1,1,0,0,0,-0.8688683717446701,-0.3338674235389913,0.7385586258628065
4214,2,1,1,0,0,0,1,0,0,2,1,1,1,0,0,1,1,0,1,0,0.18143228833234573,1.3380797362633894,1.4413356151371857
4215,1,2,0,0,0,1,0,0,0,0,1,0,0,1,2,1,1,0,0,0,1.0046955959878274,0.8899826108092445,-0.9587955739190224
4216,1,0,1,1,0,0,0,0,1,1,0,0,2,1,1,0,0,1,1,0,0.14440582774134084,0.8694492320653467,-1.136610674920291
4217,0,0,0,0,0,0,0,0,0,1,0,0,0,1,2,1,1,1,1,0,1.5313499678722506,0.7516477092916937,0.37913165366543466
4218,1,1,0,0,0,0,0,0,0,2,0,0,1,2,1,0,1,1,0,0,-1.2317586912264293,-1.4008501153012807,0.8165694663928744
4219,1,0,1,2,0,1,1,0,0,1,0,0,0,0,1,0,1,0,0,0,-0.6839076924462022,0.8155462563817427,-0.7616120791345786
4220,2,2,1,0,0,0,0,0,0,0,1,0,0,1,1,0,0,1,1,0,-0.5250805521436157,-0.26473905732652236,1.473517221228034
4221,0,2,0,0,0,0,1,0,0,0,0,1,1,1,1,1,1,0,0,0,-0.4425027978580849,-1.01682822847902,1.4998494311829007
4222,0,0,0,0,0,0,0,0,1,1,0,1,0,1,0,1,1,1,0,0,0.5819962113565642,-0.13986580908554144,-0.5455032866943962
4223,1,0,0,0,0,0,0,1,0,1,1,1,1,1,0,0,1,0,1,0,-0.43034252847368043,0.33063728178688157,-0.05164125856182148
4224,1,0,0,0,0,0,1,0,0,2,1,0,0,2,1,1,0,0,1,0,-0.08273312884568457,0.4867708511514352,1.1867709374580064
4225,0,1,2,0,0,0,0,0,0,1,1,0,1,2,1,1,1,1,1,0,-0.323190133394465,-0.6347185107508426,-0.454355601820418
4226,1,0,1,0,1,1,1,0,0,1,1,1,0,2,1,0,1,0,2,0,-1.4159724973325718,-0.09113623526933934,0.04837398206252175
4227,0,1,0,1,0,0,1,0,0,2,1,1,1,1,1,1,1,1,1,0,1.9844549420298148,3.962775239879027,5.009462072846571
4228,0,1,0,0,0,1,0,0,0,1,0,0,0,0,1,2,0,0,1,0,-3.302983118238538,-0.6040649367626005,-2.7863035050750193
4229,0,1,1,0,1,0,0,0,0,0,0,1,0,2,0,1,0,2,1,1,-1.6525828853006068,-2.323386520524781,0.16755792991157736
4230,0,0,2,0,0,1,0,0,0,1,0,0,1,2,2,2,1,1,2,0,0.27917870278776563,1.1195598719098743,-0.12255235652380292
4231,1,2,0,0,0,0,0,0,0,2,0,1,1,1,1,2,0,0,1,0,-1.1899636289602922,1.4541387785013764,-1.0258709905997194
4232,1,2,0,0,0,0,1,0,0,1,2,0,1,0,2,0,1,0,1,1,-0.7869264187131916,-0.037086722434723635,1.4577785016811802
4233,0,1,1,0,0,1,1,0,0,1,1,0,2,2,0,2,0,0,0,0,-1.087706602806276,0.08316294341237962,-0.876669764498276
4234,1,2,0,0,0,0,0,0,1,1,0,1,1,1,1,1,1,0,1,0,0.021869000272801843,0.32622917716728117,-0.5284612226462801
4235,1,0,2,0,0,0,0,0,0,2,1,0,1,2,1,1,0,2,1,0,0.20618537427700515,1.1091891084081884,3.2664760942728797
4236,1,0,2,0,0,0,2,0,0,1,0,0,1,1,2,1,0,0,2,0,1.5326367817661724,0.048376138089495924,0.7443532534694918
4237,1,0,0,0,1,1,1,0,0,0,0,0,1,1,2,0,0,1,1,0,-1.2903093409033848,0.6808859718928923,0.5638905051567346
4238,0,2,2,0,0,1,0,0,1,1,2,0,0,2,1,0,1,1,0,1,-0.779639316156268,0.4418504447447391,-0.9123307859125108
4239,1,1,0,0,0,1,1,0,0,1,0,0,1,1,1,1,2,0,1,0,-0.25649713992560846,0.8508540818942228,-0.5529406568523535
4240,1,0,0,0,1,1,1,0,0,1,1,1,0,2,2,0,1,1,1,0,0.2965769360464329,0.45131903145525876,0.0383263829307931
4241,0,0,1,1,0,2,1,1,0,1,0,0,2,2,0,2,0,0,0,1,-0.23765217696293964,-0.16726226806793815,-1.697793259402602
4242,1,1,1,0,0,1,0,0,0,0,0,0,1,1,0,2,0,0,0,0,0.4469786032611654,-0.9838715766989792,0.5934128420796841
4243,0,2,0,1,0,1,0,0,1,0,0,0,1,1,1,1,0,1,1,0,0.8703430899271029,0.4617857456432457,-0.875845076421899
4244,1,1,1,1,0,0,1,0,0,2,0,0,1,1,1,1,1,0,0,1,0.8042445848207639,1.6915289711750996,0.6598950717809241
4245,1,0,0,0,0,0,1,0,0,1,0,0,0,0,0,0,1,1,2,0,-2.2060069126585984,-1.639868836001242,-0.9267842123278138
4246,1,0,0,2,0,0,0,0,0,0,0,0,0,1,2,1,1,1,0,0,0.36584392588236725,-0.7802577625509309,-1.3817956047348345
4247,1,0,1,0,0,1,1,0,0,2,1,0,1,1,0,1,0,0,0,0,0.01239399087877026,-0.07612947150346319,0.8338388823172419
4248,1,0,0,1,0,1,0,0,1,2,0,0,1,2,1,0,0,0,2,0,0.4398360077343832,0.7752590340606857,-0.3984649189202518
4249,0,1,1,0,0,1,1,0,0,2,0,1,1,0,1,0,0,0,0,0,0.33611072948767895,0.5899987198219722,1.2529442752748956
4250,1,2,1,0,0,1,0,0,0,1,1,1,0,0,1,0,1,0,1,0,0.04277679492905608,-2.1185766002319335,-1.153327924713668
4251,2,2,0,0,0,0,1,1,0,1,0,1,0,0,2,1,1,0,0,0,-0.6555916658325859,-1.2051151476708735,0.38346225215795027
4252,1,2,0,1,0,1,0,0,0,0,1,0,1,1,0,2,1,1,0,0,0.21907300766388568,-0.4403239504925442,0.1573770281272062
4253,2,0,1,1,0,1,0,0,1,2,1,0,0,1,2,2,0,0,2,0,0.044680506416506026,0.15174286656896774,1.3485310748844321
4254,1,1,1,0,0,0,0,0,0,0,1,0,1,1,2,0,0,0,0,0,1.992795346700268,0.021817702134277805,0.3752595249850277
4255,0,2,0,0,0,0,0,0,1,0,2,0,1,0,0,0,0,1,1,1,1.191496878333837,-0.7925662141744692,0.747220353658826
4256,2,1,1,0,0,0,1,0,0,1,0,1,1,1,1,0,0,0,1,0,-0.7001856996110378,-0.6609696443010656,-1.1348429942485605
4257,1,1,0,1,0,0,1,0,0,1,1,0,2,1,1,2,0,1,1,0,-0.037669246863937376,0.5817159223344864,1.1657760244433042
4258,1,0,1,0,0,1,2,0,0,1,1,0,0,1,0,2,1,0,1,1,-0.6359060574578832,-0.8598108538904667,1.3982972330402559
4259,1,1,1,0,0,0,0,0,0,1,1,0,0,2,2,2,0,1,1,0,-1.0129825101600984,0.6259587957590812,1.8375889837250785
4260,1,0,0,0,1,0,2,1,0,0,0,0,0,1,2,2,1,0,1,0,0.09710250724158659,-0.512866749402232,1.8984265658089199
4261,1,1,1,0,0,0,1,0,0,2,0,1,0,2,1,1,0,1,2,0,0.07168715347179154,-0.27276404652469527,-1.1480824095395779
4262,0,1,0,0,0,1,2,0,0,1,2,0,1,1,2,0,0,1,2,0,-0.04313530129297407,0.5204666325278998,-0.5036966585320239
4263,0,1,0,0,1,1,0,0,0,0,0,0,1,1,0,0,2,1,2,0,0.7730104190196824,1.1937166332795617,0.485567866878706
4264,1,0,1,0,0,0,2,0,0,0,1,0,0,1,2,1,0,0,0,0,-1.0762490828079587,0.07897887289890643,-0.05430175561543177
4265,1,1,1,0,0,0,0,0,0,2,0,0,0,2,1,2,0,0,0,0,0.6969439459803474,1.3251982182263238,0.06153167654612557
4266,1,1,0,0,0,0,1,0,1,2,0,1,1,2,1,2,0,1,0,0,2.7481198355406775,-1.0736326031494692,0.7834341142138154
4267,2,1,1,1,0,1,0,0,0,1,0,0,0,1,1,1,1,0,0,1,-0.30374736794239265,0.6354405621368477,-0.6212530436059154
4268,0,1,2,0,0,0,2,0,0,0,1,0,1,1,0,2,0,0,1,1,-0.8225637640595291,0.7301281132734753,-0.7056024603030848
4269,1,1,2,1,1,0,0,0,0,1,0,0,2,2,1,0,1,0,0,0,1.0499545280748543,-0.5841577456937884,0.25457825228121567
4270,0,1,1,0,1,1,0,0,0,0,0,0,0,2,1,2,0,0,0,0,-0.5407237377099972,-2.178817378817431,-0.16743071335770765
4271,1,1,2,0,0,1,1,1,0,2,0,0,0,1,2,1,0,2,0,0,3.4218330781931874,1.694167940955026,1.3059622945410645
4272,0,2,2,0,0,1,0,0,0,2,1,0,2,1,2,1,1,0,1,0,-1.8246652597730626,-1.4746156043799654,-1.2202803802239808
4273,2,0,0,0,0,0,0,0,0,0,2,0,0,1,1,0,1,0,0,0,-1.1193368685704705,-0.9901253797548236,-0.4641216059502713
4274,1,0,1,0,0,1,0,0,0,2,1,0,0,1,0,0,0,0,0,0,0.7119672858986841,-0.8082364979131974,0.6490436474229838
4275,1,1,0,1,1,1,1,0,1,1,1,0,0,2,2,1,2,1,0,0,0.5101988120123473,-1.7599539583799726,2.1367731606010785
4276,1,0,0,1,1,0,1,0,0,1,0,0,0,2,1,1,0,2,0,0,0.6426141481884166,0.37725035422074993,0.7787144911123405
4277,2,1,0,0,0,1,0,0,0,2,1,0,0,0,2,1,1,0,1,0,1.139492488597118,1.4552706444864247,3.3167378391450866
4278,0,1,0,0,0,0,1,0,0,2,2,0,1,0,1,0,1,0,1,0,-1.5526289852949102,0.15410231012940245,1.2167819662772825
4279,1,1,0,0,0,0,1,0,0,1,1,0,0,1,1,1,1,1,1,0,-0.4757655430999265,0.968147670454421,0.7454666171702715
4280,2,1,0,1,0,0,1,0,0,0,1,0,0,2,2,0,0,1,2,0,-0.5323406726189448,-0.17416886373766843,-1.4012022861568707
4281,0,1,1,0,1,1,1,0,0,0,2,0,0,1,0,1,0,0,1,0,-0.0017053660813785244,-0.8696616068499667,-0.19274669806479272
4282,2,0,0,0,0,1,0,0,0,2,1,1,2,2,0,2,1,0,0,0,-0.7444146342968384,1.8587053298711496,0.8519908257833954
4283,0,2,2,1,0,1,0,1,1,1,0,0,1,2,1,2,0,0,0,0,0.7769552079388424,0.3426279686914866,1.4412632243525156
4284,1,1,0,1,0,0,0,0,0,2,1,1,2,0,0,1,1,0,0,0,1.1552417967553914,-0.4259672430412123,0.9295157637367026
4285,2,1,0,0,0,1,1,0,0,2,1,0,1,0,1,1,0,0,0,0,-1.292482286521578,-0.8542817319499236,-1.1840638904028666
4286,1,2,0,0,0,1,0,0,0,2,1,0,1,0,1,2,0,1,1,0,-0.8977147358857059,0.25962737684452797,0.9777546422999165
4287,0,1,0,0,0,1,1,0,0,0,0,1,0,2,0,1,1,1,0,1,-2.556922072173393,-1.9042680086877546,-1.7104028011381773
4288,1,0,1,0,0,0,0,0,0,2,0,0,0,2,1,1,1,1,1,1,-0.14790874491527772,-0.9315709545060497,1.2284402960483356
4289,0,0,1,0,0,1,1,1,0,0,1,1,0,1,0,1,0,1,1,0,0.15395028394764373,-0.9475765003379624,1.8013892069896222
4290,0,0,0,1,0,2,1,0,0,0,0,0,0,2,0,1,0,2,2,1,0.42215501540842826,1.0983677384065538,-0.1587548253701413
4291,1,1,2,0,0,0,1,0,0,2,2,1,0,0,0,0,0,0,1,1,0.3807979446870811,0.48508444388296,-1.0418279756959583
4292,2,1,0,0,0,1,0,0,1,2,0,1,1,2,2,2,0,1,1,0,0.18883227835860092,-1.5140491627652968,0.1656922374606043
4293,1,1,2,0,0,0,0,1,0,1,1,0,0,2,2,0,0,0,1,0,-0.4335638356955972,-0.8870441303883372,-0.34428919962353594
4294,0,0,1,1,0,0,1,0,1,1,0,0,0,1,2,1,0,1,0,0,-1.0729405245700239,-0.10033994508435387,-0.24568929705887804
4295,0,0,1,1,0,1,0,0,0,1,0,0,1,2,1,2,0,0,1,1,-0.26987345890465336,-0.5318838953810315,-1.0430278152072943
4296,2,0,2,0,0,1,0,0,0,2,0,0,0,1,1,2,1,1,2,0,2.467034902574478,2.1700630608806706,1.8512738825134727
4297,1,0,0,1,0,0,0,0,0,0,1,1,0,0,1,0,0,0,0,0,-0.19702629477573486,-0.5033217985807981,1.3994391425694357
4298,1,0,0,0,0,1,0,0,0,2,0,0,1,1,2,0,1,1,1,0,0.7938339846589715,1.5784546281352423,1.3297487999496322
4299,1,1,1,1,0,0,0,1,0,0,0,1,0,2,1,2,0,0,0,0,0.9780066798849865,-0.13489902841292412,-0.13244027577794878
4300,0,2,0,0,1,0,1,0,0,2,1,0,0,2,1,2,1,1,1,1,1.9376783057190947,0.6205525945020413,0.9400683180637878
4301,0,1,1,0,0,0,0,0,0,1,0,0,2,1,1,1,0,0,1,0,-0.20434053550154838,1.1103633526176324,-1.1601171359082025
4302,1,2,0,1,0,0,1,0,0,1,2,1,2,1,0,1,0,0,1,0,-0.8609227101588006,1.176323230543321,0.49968036221609347
4303,1,0,0,0,0,0,0,0,1,1,0,0,0,2,1,2,0,1,0,0,0.26710721679506716,-0.32912072389266245,1.730588860050159
4304,1,0,1,0,0,0,0,0,1,0,0,0,1,1,0,1,2,0,2,0,0.9469776009961052,1.9631327604729338,1.4841199277496844
4305,1,1,1,1,0,0,0,0,0,2,1,0,0,1,1,1,0,1,0,0,1.0787399141762264,0.16800594459371596,0.6951556235019958
4306,1,1,1,0,0,0,0,0,0,1,1,0,0,1,0,0,0,0,0,1,-0.6635777064508294,0.7308397351846222,-0.08924263732177823
4307,2,1,0,2,0,1,1,0,0,1,1,0,0,1,1,0,1,0,2,0,-0.1719809739973721,0.6226513788662813,0.7596246085771359
4308,0,0,0,1,0,0,1,0,0,1,1,0,1,1,1,0,1,0,0,0,-0.5136890463910933,0.3698028994398136,1.5222991023026133
4309,0,1,0,1,0,1,0,0,0,1,1,0,1,2,1,1,0,1,0,0,-1.175669313046237,0.2376937972381415,0.12691383445650595
4310,1,0,1,0,1,0,0,0,0,1,0,0,1,0,0,1,0,1,0,0,-0.2803657717533883,1.5716073811816793,2.7797311605901083
4311,0,2,1,1,1,0,0,0,0,0,1,0,0,1,0,2,1,1,1,0,-0.10650155169626357,-1.6718686541331227,0.4289497790350123
4312,2,1,0,0,0,1,1,0,1,1,0,1,1,0,1,0,0,0,0,0,0.058851368932048516,1.113507799058074,-0.0899782128124027
4313,0,1,1,0,0,0,1,0,0,1,0,0,0,1,2,1,2,0,0,0,0.9126358442569804,-0.5550635359199049,-0.2805597220027735
4314,0,1,0,0,0,0,1,1,0,0,0,0,0,1,0,0,1,1,2,0,0.9625934436255587,0.41769022758747887,-0.624556289662581
4315,1,1,1,0,0,0,2,1,0,2,1,0,1,2,1,1,1,1,1,0,-1.1722883729239022,1.123451404494422,0.34348585428776585
4316,1,0,0,1,0,0,1,0,0,1,0,0,1,0,1,1,0,0,1,0,0.6135467298075263,0.19337613683538538,1.364602929770292
4317,0,1,1,1,0,1,0,0,0,0,0,0,0,1,0,0,1,1,0,0,0.5580441832618775,-0.5834571934051513,-0.027312664616376423
4318,1,0,0,1,0,0,0,0,0,1,2,0,0,1,1,0,0,0,2,0,-0.23854066514883318,-1.465023751880876,0.7501765227389021
4319,1,1,0,0,0,0,0,0,0,1,1,0,0,1,2,2,0,2,0,0,0.30790811648913313,-0.4668682179149902,0.9809597611632831
4320,0,1,1,1,0,1,0,0,0,1,0,0,0,1,1,1,0,0,1,1,-0.49616911452698415,-1.0885883143577626,1.1420410919353987
4321,2,1,1,0,0,0,0,0,0,2,0,1,0,2,0,1,0,1,0,0,1.8532812973531056,-1.4056601479328577,-0.16311956090216734
4322,1,1,0,1,0,1,0,0,0,2,0,1,0,1,1,1,0,0,0,0,0.7473246814531772,-0.20182993504808266,1.2657212119998826
4323,2,1,1,0,1,1,0,0,0,2,1,0,0,1,0,0,0,0,1,0,-1.785178615830532,0.5992425015967364,0.3094889132321364
4324,2,2,1,1,0,2,2,1,0,2,2,0,1,2,0,0,0,0,0,0,-0.4483378770975504,1.785609394990047,0.34347068825009475
4325,2,0,1,1,0,0,0,0,0,0,2,0,0,1,0,0,0,1,0,0,0.7847615249198049,0.9702412022902365,2.2535989578407545
4326,0,1,1,1,0,1,0,0,0,1,0,0,0,2,1,1,1,1,0,0,0.34362553097586146,0.5868208200219664,1.0535960095436188
4327,0,1,0,0,0,0,0,0,0,0,2,1,0,1,2,1,1,0,1,0,1.3608979447422156,0.731865509439956,-0.1726716653041318
4328,1,1,2,0,0,0,1,0,0,1,1,1,0,0,2,1,1,1,1,0,-0.317529697230425,-0.37781408849798587,0.3191703934462778
4329,1,2,0,0,0,0,0,0,0,1,0,1,0,1,0,0,0,0,1,0,-0.17316528013153423,-1.224896253461894,-0.12950255422510626
4330,1,2,0,0,0,0,1,0,1,1,1,0,1,2,0,1,0,0,2,0,-0.1957050931635153,-2.984513737175141,2.5703196935002177
4331,0,0,0,0,1,1,1,0,0,2,0,1,0,1,2,0,0,0,0,0,-0.2876302860782042,0.06994260985515127,-0.7284574770804023
4332,1,2,1,0,0,0,0,0,0,2,0,1,1,1,2,2,1,0,1,1,-0.020897074198348263,0.7973378118858925,-1.3511487189092488
4333,0,1,1,0,0,1,0,0,0,1,1,0,0,1,1,1,2,0,0,0,1.4157940043541402,-0.6104278447034281,2.3876410015604708
4334,1,1,2,0,0,0,1,0,0,1,1,0,0,1,1,2,1,1,0,0,-0.5739213082775599,0.5362228098753848,1.1001485006893426
4335,1,0,2,0,1,0,0,0,0,1,0,0,1,1,1,1,1,0,2,0,1.3226717392732399,-0.10846136690723629,0.7333646957578639
4336,1,2,0,2,0,1,1,0,0,1,0,1,1,1,0,1,1,1,1,0,-0.3261276275969027,0.6501306931803521,-0.5758879037416921
4337,0,1,1,0,0,0,1,0,0,1,1,0,1,2,0,0,0,0,1,0,-0.09757048018723867,-0.44589893480476,0.0274893855096445
4338,0,0,0,0,0,1,0,0,0,0,0,0,1,2,0,1,0,1,0,0,0.8982137627798206,-0.8679166800536278,-0.6493434665324559
4339,1,0,0,0,0,0,0,0,1,1,0,0,1,2,2,2,0,0,1,0,-0.6053368665158547,-0.5872501906694606,-0.9557564566459132
4340,2,1,0,1,1,0,0,0,0,2,0,0,0,2,2,1,0,0,1,0,0.5752878401493153,-0.05375154111933361,-0.02053256040721929
4341,0,1,0,1,1,0,0,0,0,1,1,0,1,1,2,1,0,0,1,0,-1.0091938363807138,1.8463791434832981,0.7646300487807064
4342,0,1,1,0,1,1,0,0,0,0,1,1,0,1,1,1,1,1,2,0,2.5501441431177625,0.6848996684019006,3.2436429041783654
4343,1,1,0,0,0,0,1,0,0,2,0,1,0,1,0,2,0,1,1,0,-0.20771492524423774,-0.31798083499660684,1.2917435890718956
4344,0,1,0,0,0,1,1,0,1,1,0,0,1,2,0,0,1,1,1,0,0.07365095212267551,0.7482054172790914,0.8805849102285118
4345,1,1,2,0,0,0,1,0,0,1,0,0,1,2,1,0,0,0,0,0,1.5125790853090275,-0.33852622235333646,0.746251391965939
4346,1,2,1,1,0,1,0,0,0,1,1,0,0,2,0,0,0,0,1,0,-0.033326470370449376,0.24969077093020187,0.749439627469484
4347,1,2,0,0,2,1,0,0,0,1,0,0,1,0,0,1,1,2,0,0,1.0492705228105348,-0.12782032794613662,0.2242080268149529
4348,1,0,0,0,0,1,0,0,0,1,0,0,0,0,0,1,1,0,1,0,0.950739677705507,0.7891746365380825,-1.20763799619961
4349,0,2,0,0,0,1,0,1,1,1,0,0,2,2,2,0,0,0,0,0,0.3623351260638394,-1.2537598410892274,1.2899931098784876
4350,1,0,0,0,0,0,0,0,0,1,1,0,0,1,1,1,0,0,2,0,0.5575308651870754,1.2529625183578466,2.0662680853485593
4351,1,0,1,0,0,0,0,0,0,1,1,0,0,1,0,1,0,1,1,0,-1.0894711366933465,-0.49749285080449684,-0.4127830336099846
4352,1,1,1,1,0,0,0,0,0,1,1,0,0,1,0,1,0,0,0,0,0.8823664420227078,0.46537073252110306,1.1577993688635089
4353,2,0,1,0,0,1,0,1,0,0,0,0,1,1,1,2,0,0,0,0,1.0247017368674707,1.594311721985919,1.8412863772867412
4354,0,2,0,0,0,0,1,0,0,1,1,0,0,2,0,1,1,1,2,1,0.38718837930057026,0.27237220209054036,0.9570225376394365
4355,1,1,0,0,1,1,0,0,0,1,0,1,0,0,0,0,1,1,0,0,0.273523323054399,-0.4046435238930796,-1.489784264946415
4356,1,2,0,1,0,0,1,1,1,1,1,0,0,1,1,0,1,0,2,1,0.3071432485551528,-0.4135440157626614,-1.327400554392167
4357,1,0,0,0,0,0,1,0,0,1,0,1,0,0,2,1,0,0,0,0,-1.357656133721627,0.8775118197196874,-1.986866510564694
4358,0,0,1,0,0,0,1,0,0,1,0,1,0,1,1,1,0,0,1,0,0.05843262733436105,1.0368667814575787,0.8234210155799131
4359,1,0,0,1,0,0,0,1,0,1,0,0,1,2,2,1,1,1,1,0,0.9106401461162758,0.46100189355087917,0.07872555440908069
4360,2,0,0,1,1,0,1,1,0,1,1,0,0,1,2,0,0,1,0,0,-1.1178253056212282,0.09282667745634654,-0.1300360272693737
4361,1,0,1,0,0,1,0,0,1,2,1,0,0,1,0,0,0,1,0,0,-0.9407054019517505,0.3523349685913186,-0.7322857344936697
4362,0,1,1,1,0,2,1,1,0,1,0,0,0,1,0,2,0,0,1,0,0.14496468540118507,1.0904133776948552,0.5287057288391857
4363,1,1,1,1,0,0,0,0,2,1,1,0,0,2,2,0,0,1,0,0,0.7827134453097924,0.2889786698937009,2.398388933162356
4364,1,0,0,1,0,0,1,0,0,1,1,1,0,0,1,0,0,0,1,0,0.9986245576478114,2.0127506722999966,1.2814759065646486
4365,1,1,0,0,0,0,1,0,0,1,1,0,0,1,1,1,0,0,0,1,-1.4595444422568333,-0.44722958353565767,-1.6405763231263712
4366,0,0,1,1,0,0,0,1,0,0,2,0,1,1,1,1,0,0,1,0,-0.9069181525269312,-0.8958524131509391,-1.724641627347551
4367,0,0,1,2,0,0,0,0,1,1,0,1,1,1,0,1,1,0,0,0,-0.34806090540708096,0.9139028428649005,0.776727758927385
4368,0,0,1,2,0,1,0,0,0,2,1,0,0,1,0,0,2,0,0,0,-0.2541117617944834,-0.08658379934731193,-0.3975316095852026
4369,1,1,1,0,0,1,0,0,0,2,0,0,1,2,1,0,0,1,1,0,-0.4025869135519876,0.359909795230554,-1.5599960922081981
4370,0,1,0,0,0,1,1,0,0,1,0,0,1,1,2,0,0,0,1,0,-0.3557490293140436,0.3078105705158171,-0.935091752436471
4371,1,0,0,0,1,0,1,0,1,2,0,0,1,0,1,1,1,1,0,0,1.1330247203497055,0.4034789769039644,1.5994946792004126
4372,1,2,1,0,0,0,1,1,0,0,1,0,1,1,1,1,0,1,2,0,0.37328277199650944,-0.9464222825337775,0.015032913265611778
4373,1,0,1,0,0,0,1,0,0,2,1,1,0,1,0,1,2,0,1,0,0.9274373335459776,0.35160114993657765,0.5517273188105838
4374,2,1,1,0,0,1,0,0,0,0,0,0,0,1,1,2,2,2,0,0,1.3206656341536043,-0.9191228509361042,-1.9058388422511083
4375,1,2,1,0,1,1,0,0,1,2,0,0,1,1,0,1,0,1,0,0,-0.5036607609397502,0.5006085416164368,-0.3198363371403218
4376,0,0,0,0,0,0,0,0,0,0,2,1,1,1,1,0,1,0,1,0,0.3021314793498631,0.885010282454086,0.4348540907482394
4377,2,1,1,0,0,1,0,0,0,0,0,0,0,1,0,1,0,1,0,0,1.9160613450178734,0.0039801981238924145,-0.3748178083292443
4378,0,1,0,1,1,0,1,0,0,1,1,0,0,1,2,1,0,1,0,0,1.9773899416917742,-0.0842030046716199,-0.6875947862531943
4379,0,1,0,0,0,0,2,0,0,1,0,0,1,0,1,1,0,1,1,0,-0.46490711518551225,1.0127999614202998,0.04022180614398618
4380,0,2,1,0,0,0,0,0,0,1,2,0,0,1,0,1,2,1,2,1,0.000568280982783054,-1.133471904525308,1.036719794303419
4381,2,1,0,0,0,0,1,0,0,2,2,0,0,2,1,1,0,0,1,0,1.0307259672844096,-1.1088735848272382,-0.10537956964929959
4382,1,0,0,0,0,1,0,0,0,0,1,0,0,1,0,0,0,0,1,0,0.7368004010188041,1.3741393721849118,-0.9184454419342254
4383,0,0,1,0,0,1,0,0,0,2,1,0,0,1,1,0,0,2,0,1,-1.2137309657499735,-1.853582118469034,-0.16825394208687702
4384,1,2,0,0,0,0,0,1,0,0,0,1,0,1,1,1,1,2,1,0,-1.0493053380563357,-1.6254848081799507,0.45038493905989735
4385,1,1,0,2,1,0,0,0,0,2,1,0,2,1,0,2,0,0,0,0,0.12407442520335757,1.6063574443557485,-0.5141045057596957
4386,2,1,0,0,0,0,1,0,0,1,0,2,0,0,1,1,0,1,0,0,1.3322286123667588,-1.2635717979508976,0.7626859492246698
4387,2,0,1,0,0,1,1,0,0,2,1,0,0,1,1,2,0,2,0,1,0.0744373904096015,0.6270922910018266,0.2570587938444623
4388,0,1,0,0,1,0,2,0,0,1,1,0,0,1,1,1,1,1,1,1,0.7590712257425196,-0.8200555969122036,0.6463738721075807
4389,2,2,2,0,0,1,1,0,1,1,0,0,1,2,0,1,0,0,1,0,-0.06653025895807606,-2.1768583568893467,-0.5163059347685744
4390,0,0,0,1,0,0,0,0,0,0,2,0,0,2,0,1,1,0,2,0,0.6544529629094104,-0.3768035740019431,-0.024317886929880447
4391,1,1,1,0,1,0,1,0,0,0,0,1,0,1,1,0,1,2,2,2,-0.7133255260253927,0.17384817057426993,-0.33181403132105847
4392,1,2,0,0,0,0,0,0,0,0,1,1,0,2,2,2,1,0,1,0,-0.442842233268333,-0.4857596464898075,0.013320741936094421
4393,2,0,0,1,0,0,0,0,0,1,2,2,0,1,2,0,1,0,0,0,-1.6778567867221819,0.3047902020438977,-0.2788392142721128
4394,2,1,0,0,0,0,0,0,0,1,1,0,0,2,2,0,1,0,1,0,0.5539824620693704,-1.0761629225318003,-0.3159850255227925
4395,2,0,2,2,0,1,0,0,1,2,0,0,0,2,1,1,0,0,1,0,-1.0815268841497665,1.5283823249587312,-0.3268406378584675
4396,0,1,0,1,0,1,1,0,0,1,0,0,0,0,1,2,0,0,1,0,1.2260543251315859,-1.2743713132649623,-1.624151173403693
4397,1,0,0,0,0,0,1,0,0,1,2,0,0,1,2,1,0,0,0,1,-0.21035312350504176,0.898911878990462,3.4260409346763385
4398,0,2,2,0,0,1,1,0,1,0,0,0,0,1,1,1,0,1,2,0,0.947404434130719,-0.27145390080518533,0.4728197558477306
4399,0,1,2,0,0,0,0,0,0,0,0,0,1,0,0,0,0,0,0,0,0.07888190534952114,-1.8751048482889023,-0.016585003531645007
4400,2,2,0,0,0,0,0,0,1,0,2,1,0,1,1,1,0,0,0,0,1.5191560943724638,0.5649575753501508,-0.5336981807625436
4401,1,2,1,0,0,0,2,0,0,1,0,0,0,0,1,1,0,1,1,0,0.22997401021899905,-0.18342140237126767,0.014821182261396872
4402,1,1,1,1,0,0,2,0,0,0,1,0,0,0,1,2,1,1,1,1,1.085381857642243,0.7684142836815133,1.2215310015032723
4403,0,1,1,0,0,0,1,0,1,1,0,1,0,0,1,2,0,0,0,0,-2.162960609265117,-0.8275882394992393,-0.20121197455712192
4404,1,0,1,0,1,0,0,0,0,2,0,0,2,1,2,1,1,0,1,0,0.9340372864550073,0.5477141585075873,-0.4420843277051486
4405,0,0,0,0,0,1,0,0,0,1,1,0,0,2,1,1,0,0,1,0,-0.919885347624505,0.02400831476226581,-0.9195636104955796
4406,1,1,1,0,0,0,0,0,0,1,2,0,1,1,2,1,0,1,1,1,-1.5508409243280439,0.8587477701500246,0.005645642350365188
4407,1,1,1,1,0,0,0,0,1,2,1,0,0,1,2,1,0,2,2,0,0.5249000790443906,-0.10920913818065703,0.828603819257022
4408,0,0,2,1,0,0,0,1,0,1,1,1,1,2,1,2,0,1,0,0,-1.0053505940961973,-1.4441903083983423,0.060754730920780986
4409,0,1,1,0,0,0,0,0,0,0,1,0,1,0,0,0,0,0,1,0,-0.4802603497163167,-0.058620793113568936,-1.6074751381148
4410,1,1,0,1,2,1,1,0,0,2,1,1,1,2,1,1,0,0,0,0,0.6882045986909199,1.1810240331846824,1.4046693130955425
4411,1,1,0,0,1,2,1,0,0,2,1,0,0,2,0,0,1,1,1,0,-0.16484240428306107,-0.5039529905931448,0.6760457251948092
4412,2,0,1,0,1,0,1,0,0,2,1,0,1,0,1,0,0,1,1,0,2.3035246047207,-0.2504304863243112,0.884326114920264
4413,2,1,2,1,1,0,0,0,0,1,2,0,2,2,2,1,0,2,2,0,0.4930854787554241,2.0747340940992554,1.943908135351792
4414,1,1,0,0,0,0,0,1,0,1,1,0,1,1,0,0,1,1,1,0,0.1867310577624313,0.7977876073144411,1.3702205368009195
4415,0,1,0,0,1,0,0,1,1,1,0,0,1,0,1,0,1,0,0,0,0.48844687509475654,0.3646313764124512,-0.011478331484872206
4416,1,1,0,0,0,0,0,0,0,0,0,0,1,2,1,0,0,0,1,0,-2.600339138139883,-3.0889609946344248,-0.3347785714938754
4417,1,1,1,0,0,0,1,0,0,1,0,0,1,1,0,1,0,0,0,0,0.18622056596909858,0.9066738732346356,0.6737887681176152
4418,0,2,0,1,1,0,1,0,0,1,1,0,0,1,0,1,0,0,1,0,0.20851776023844384,0.22016843220782906,0.990476033614078
4419,0,0,1,0,1,0,1,0,0,1,0,0,0,1,2,2,1,0,0,0,0.9504717398876912,1.4296537417435724,2.050610569389355
4420,1,1,1,0,0,0,1,0,0,2,0,1,1,2,0,2,1,1,0,0,0.3393979266108592,-1.707539904447241,0.5892610473493993
4421,2,0,0,0,0,0,0,0,0,1,0,0,0,1,1,2,0,1,2,0,0.9006253015135155,-0.30470685055631563,0.4465297310767308
4422,1,0,0,0,0,0,0,0,2,0,2,0,0,1,2,1,0,1,0,0,1.04533575234588,-0.8197031624190769,-0.4298855463101704
4423,1,0,0,0,0,0,0,0,0,1,1,0,1,0,1,1,0,0,0,0,-1.6214209679034155,-1.0451881845626774,-1.678076213152934
4424,1,1,1,0,0,1,1,0,0,2,0,0,2,2,1,1,0,0,1,0,1.0260037736754946,-0.4220391814291786,0.5359999937406035
4425,1,0,1,0,0,0,1,1,0,1,1,1,0,2,1,1,1,1,0,0,1.17453128574334,0.04240109604225051,-1.5194678388055565
4426,1,1,0,0,0,0,0,0,0,1,0,0,0,0,0,0,0,0,0,0,-1.198987736444975,-1.5423739316635103,-1.6095660755626608
4427,1,0,0,1,0,0,0,1,0,1,0,0,0,1,2,1,1,1,0,1,-1.8121832651994716,1.2279235429062825,0.31283956378160904
4428,1,1,0,0,1,0,0,0,0,1,1,0,1,1,1,1,0,1,1,0,-0.37245489046518765,-0.07931411964864442,-1.4458005524006872
4429,1,1,1,0,0,0,2,0,0,2,1,0,1,1,1,2,0,0,2,0,0.297701928054069,0.2425877599389406,-0.7605038988510789
4430,1,1,1,1,0,0,0,0,0,1,1,1,0,1,1,1,0,2,2,0,0.1802786337264848,0.6206528843990631,3.223554566577776
4431,1,0,0,0,0,0,0,0,1,1,1,0,0,1,0,0,0,1,0,0,0.44435556207746163,1.1040834883829869,1.0193497997936505
4432,0,0,0,0,0,1,1,0,1,1,2,1,2,1,1,2,0,1,1,1,0.42007768398640877,1.423687744271787,-0.23954623311238943
4433,2,0,0,1,0,1,0,1,0,0,0,1,1,0,1,1,1,1,1,0,1.5094110819659667,2.3374350252442726,1.019959865108929
4434,1,2,1,0,0,0,1,1,0,1,2,0,1,1,1,1,1,0,1,0,-0.7743094190348944,0.6562837997019282,-0.21921242627526732
4435,2,0,0,1,1,1,1,0,0,1,0,1,0,2,1,0,1,1,0,1,-1.0042547611115162,0.9573242919787077,-0.4357237599075422
4436,1,1,1,0,0,0,0,0,1,1,1,0,2,1,2,0,0,1,0,0,-0.28917855352253913,-0.3253326943560086,0.020411963037213154
4437,1,2,0,1,1,2,1,0,0,1,0,0,0,0,0,1,0,0,0,1,0.5404310971952705,-0.5517297845128397,1.2903702396715722
4438,1,0,0,1,1,1,1,0,0,2,1,0,2,1,1,1,0,1,1,0,-0.07315845096967726,-0.35849156386568715,-1.3438590331820333
4439,1,0,2,0,0,0,0,1,1,1,1,1,0,2,0,1,0,0,0,0,0.5559026095454371,0.14817032154902338,0.1398928438260678
4440,1,2,1,1,0,2,1,0,1,1,2,1,0,1,1,2,0,0,1,0,0.1654698414925369,1.4867767833120693,1.2252095285175435
4441,1,1,0,0,0,0,0,0,1,0,0,0,2,1,1,1,0,1,1,0,2.0723746091447435,1.457433679545996,1.982481793559273
4442,0,1,1,1,0,0,0,1,0,0,1,1,1,2,1,0,0,1,1,0,-0.3122502014265481,-0.7501776052112857,-1.7922467422532973
4443,2,2,1,0,0,1,0,0,0,0,0,1,0,1,0,2,1,1,1,1,0.06327317378747076,-0.20584172852491278,-0.827663809284487
4444,2,1,1,0,0,0,0,0,0,1,1,0,1,1,1,1,0,1,1,0,1.3062568385819149,-0.30846678204822053,-0.14965590469149836
4445,1,1,1,1,1,0,0,0,0,2,0,0,0,0,0,1,0,1,2,0,0.9433317890929709,-0.24499290573713695,0.11099141079657962
4446,0,0,0,1,0,1,1,0,0,0,2,0,1,1,2,1,0,0,0,0,-0.7666305927395184,-0.8140723559633309,0.26304517054281396
4447,1,2,1,0,0,1,0,0,0,2,0,0,1,1,0,2,1,0,1,0,0.6850379791608525,0.4518328543240758,1.343955479070774
4448,0,1,0,0,0,1,1,0,0,0,1,0,0,1,0,2,0,1,0,0,-1.0113038263835312,-2.274018893928529,-0.5715429850079705
4449,1,1,0,0,0,1,1,1,0,1,1,0,0,0,1,1,1,0,2,0,-0.6211023711136825,-1.5004261080558767,-1.473345177581729
4450,0,0,2,0,0,1,0,0,1,0,0,0,0,0,2,0,0,0,1,0,-0.3821985354637895,0.2710334555558411,-0.9837571035592058
4451,1,0,1,0,1,1,0,0,0,1,0,0,0,2,0,2,1,1,1,0,0.3895960222018566,-1.0342901397117141,0.37416821901097824
4452,2,0,0,0,0,2,1,0,0,2,2,0,0,1,0,1,1,1,0,0,1.1503206087488116,0.513679486522673,0.5988609136214991
4453,1,1,0,1,0,0,1,0,0,1,1,0,1,0,1,0,0,1,1,0,0.2032234793902107,0.2142783231782978,-0.13336809759643528
4454,2,1,1,0,0,0,0,0,0,2,0,0,1,2,2,0,1,1,0,0,-0.015449634468989917,2.0623944034131316,2.811056482843639
4455,0,1,0,1,0,1,1,0,1,2,1,1,0,1,0,1,1,1,0,0,0.2918471209828994,-1.1074725762626836,-1.6495928200652867
4456,0,1,1,0,0,0,1,0,0,2,2,0,1,1,0,1,1,1,0,0,0.8700824985235452,0.09562642075467072,0.9524764114163937
4457,1,1,0,0,0,1,0,0,0,1,1,0,1,2,0,0,1,0,0,0,2.129812556819336,1.7242060733391087,2.9120936498049304
4458,1,2,1,0,0,0,1,0,0,1,2,1,0,1,1,1,0,0,1,0,-0.8565937995950775,-0.2512120487873367,-1.6635133560907043
4459,2,1,1,0,1,1,0,0,0,0,1,1,0,0,1,0,0,0,1,0,-0.9127526218614679,-0.20487571514686795,0.059697400648236865
4460,1,2,2,0,0,0,0,0,1,1,2,1,2,0,0,1,0,0,0,0,-0.03727724432802945,0.6569078362322021,0.6179514721217678
4461,1,0,1,1,0,0,0,0,0,2,1,0,1,1,1,2,1,0,1,0,-0.7350266089687231,-0.019841183948388637,-0.7497580957719607
4462,1,0,1,0,0,0,1,0,0,1,1,0,1,1,2,1,0,1,1,0,0.07976108209591981,-0.11509925864665527,-0.06689438324380775
4463,1,0,2,0,0,0,1,0,0,0,1,0,1,1,0,2,1,0,1,0,1.1439089211789173,0.7298020983222571,-0.8297130115253532
4464,0,1,1,1,0,0,1,0,0,2,0,1,1,1,0,1,2,0,1,0,1.7813915039774977,1.559493916627093,0.9489816532829698
4465,2,1,0,1,0,1,0,0,0,1,2,0,0,1,0,2,0,1,2,0,1.630519949012698,0.3922400038298559,2.5159527215869133
4466,2,1,0,1,0,0,1,0,0,1,1,0,1,2,1,1,0,0,1,0,0.7398775543741961,-1.122093742648571,2.253056901650233
4467,1,1,0,0,0,1,0,0,0,1,1,1,1,2,1,1,0,0,1,0,0.26528733520698017,-0.2658072121146441,1.0214706461547318
4468,1,0,1,1,0,0,0,0,0,0,1,0,0,1,1,1,0,1,0,0,-0.7175133729302803,1.2734504505721178,1.086198362526792
4469,1,0,1,0,0,0,0,0,0,1,0,0,1,1,0,0,0,0,2,0,-0.8822834025188778,0.8359167219237511,0.9119232140245637
4470,1,1,1,0,0,1,0,0,0,1,1,0,1,1,1,1,0,0,1,0,-0.7629285126113409,-0.5826850131599454,1.0644719494917418
4471,1,1,1,0,0,1,1,0,0,2,0,0,1,0,1,0,1,1,0,0,0.21986956320291412,0.2977680685953016,0.7981430767931592
4472,0,1,1,0,2,0,0,0,0,1,1,0,0,1,0,2,0,0,0,0,-1.1986186822787066,-2.6898918335266995,-0.5745748745927313
4473,2,0,0,0,0,0,0,0,1,1,0,0,1,1,0,2,0,0,1,0,-1.5529338536897024,-0.6031076164123967,-1.7329914645922804
4474,1,1,2,1,0,0,1,0,1,1,0,0,0,1,0,1,1,0,0,0,1.7874473105524666,0.8307495734754419,-0.41175772003508415
4475,1,0,1,0,1,0,0,1,0,0,0,1,0,1,0,0,1,1,2,1,-0.42589405578323164,0.7194137498381209,0.04134154212850019
4476,1,0,1,0,0,0,1,0,0,2,0,0,0,1,1,1,0,1,2,0,0.7774989725038767,0.3310492839749347,0.7076589092077702
4477,1,1,1,1,0,1,0,0,0,1,1,0,1,2,0,1,1,0,0,0,-0.6446424003026318,-1.2944185550291085,-1.2513802529662983
4478,0,2,1,0,0,0,1,1,0,1,0,1,1,2,1,1,1,0,1,0,-1.1827484642421222,-0.3499596060468957,1.16044345354872
4479,0,1,0,0,1,0,1,0,1,0,2,1,0,0,1,0,0,0,0,0,1.1587039446312835,-1.277796102112871,0.12757093848625703
4480,1,0,0,0,0,1,1,0,0,2,1,0,1,1,0,2,0,1,0,1,0.06369363604865111,-0.8024125077319989,0.02840794286688353
4481,1,1,0,1,0,1,1,0,1,2,1,1,0,2,1,1,0,0,1,0,-0.502167083165097,-0.8727066869734651,1.580553493060124
4482,0,0,0,0,0,1,0,0,1,0,0,0,0,2,0,1,0,0,0,0,1.9042659141929505,-0.43744870320349705,-0.8239717100364062
4483,1,1,1,0,0,0,0,1,0,2,1,1,0,1,0,0,1,0,1,0,-0.1051455810238121,-0.6506451067530638,-0.9899934951883697
4484,1,0,1,0,0,1,1,0,0,0,0,0,0,1,0,1,0,1,0,0,-0.0007432823215681446,-0.04727761179968229,-1.4584434712612881
4485,0,0,1,1,1,1,0,0,0,1,0,0,0,0,0,1,0,2,2,0,0.25402540086562786,1.06786659994467,2.5849293089527325
4486,1,0,0,0,0,0,0,0,1,2,2,0,1,1,0,1,0,0,0,0,0.7116240404381164,-0.37500285015054186,0.18184933962129085
4487,0,0,1,0,0,0,1,0,0,0,1,0,0,1,0,0,1,1,0,0,-0.20610307775703024,-0.5770551690585992,-0.38191225649388866
4488,2,0,0,2,0,0,0,0,0,2,0,0,1,0,0,1,1,0,2,0,-1.192062050944119,1.8360696081568602,1.723648735555401
4489,2,2,1,0,0,0,0,0,0,0,0,0,0,0,1,1,0,1,1,0,0.14288898394727562,-0.9056022092217451,-2.320523096081139
4490,1,1,2,0,0,1,0,0,0,1,0,0,1,1,0,1,0,1,1,0,0.002100066241630918,-1.7603510478566187,-0.07000252312011859
4491,0,2,1,0,0,1,1,0,0,1,1,1,0,2,1,2,0,0,1,0,0.6431268193527091,-0.3181868694664687,0.8660755097525901
4492,1,1,1,1,0,0,1,0,0,1,1,0,0,1,0,2,0,1,1,0,-0.02172825596240454,-0.8140924050832348,1.8499642854244027
4493,0,0,1,1,0,0,1,0,0,2,1,1,1,1,0,0,1,1,1,0,0.28206103313990133,-0.46245711809466983,-0.9919768374959781
4494,0,1,0,0,0,2,0,1,1,2,0,0,0,2,1,1,0,0,1,1,0.0397647884118497,1.24433312467876,-0.8690350442568363
4495,2,0,0,1,0,0,0,0,0,0,0,1,1,1,1,0,0,1,1,0,0.4386443266207558,0.9961637896555802,0.39997213506378704
4496,0,1,0,1,0,0,1,0,0,1,1,1,1,0,2,1,0,1,1,0,-1.3207059573264566,-0.642587222728833,-0.753820280587136
4497,0,2,1,0,0,0,0,0,0,0,0,0,1,0,1,2,0,1,1,0,0.9815135963523477,0.3825840777391043,1.9879656581365237
4498,0,0,1,0,0,0,1,1,0,1,1,1,0,0,1,1,2,0,2,1,0.3098333481484305,1.4211198817690227,2.4553139502991588
4499,1,2,1,0,0,1,1,0,0,2,1,0,0,2,2,2,1,0,2,0,0.045870530511407964,1.094592248684184,-0.09226322994786262
4500,1,2,1,0,1,0,0,1,0,0,0,0,0,0,1,1,1,2,0,0,1.6459084067174687,0.20844688681236412,2.341502154001659
4501,1,1,1,0,0,1,1,0,1,2,1,0,1,0,1,1,1,0,2,1,-0.8350444516177763,1.0129589948055662,1.4297562337048306
4502,2,1,0,1,0,1,0,0,0,1,0,0,0,0,1,1,0,0,0,0,0.8572689650145454,-0.8495220975884958,-0.9547357866784054
4503,0,0,0,0,0,0,0,0,0,0,0,0,1,1,2,2,0,1,1,0,-0.31801687043300664,0.5006531740943447,0.22996392177242037
4504,0,2,0,0,0,1,1,0,0,0,0,0,1,1,2,0,1,0,1,0,1.3023032998169826,-0.2392200891875097,1.293615626956723
4505,1,2,1,1,1,1,0,0,0,0,1,1,1,2,1,0,0,1,2,0,2.5721414034996735,-1.256113641293387,2.392981875120406
4506,2,2,0,0,0,0,1,0,0,1,0,0,2,0,1,1,0,1,0,0,0.1004929184027389,0.6425088986443317,1.6246008600859176
4507,1,1,0,0,1,0,1,0,0,1,2,0,0,0,0,0,1,0,0,0,0.60587021588227,0.6763773225476415,0.7989815187781826
4508,2,1,1,1,0,1,0,0,0,1,0,0,0,0,1,1,1,0,1,1,0.5136597699702014,1.3166474972744608,1.9942573156158439
4509,0,1,2,0,0,0,0,0,0,1,0,0,1,0,2,0,0,0,0,0,0.6332739336319355,0.08395884847336957,0.47225421729327266
4510,0,1,0,0,0,1,1,0,0,2,2,1,0,0,0,1,2,1,0,0,0.24398530978929003,-1.6644767296394527,1.0461724562683097
4511,1,1,1,0,0,0,0,0,0,1,0,0,1,2,0,2,0,0,0,1,-1.677446162279183,0.06475516395758096,-0.6602342288111965
4512,2,1,0,1,0,1,1,1,0,1,2,0,0,2,0,0,1,0,0,0,-1.038541114201893,1.498293012610762,-0.4318745483506681
4513,0,1,2,0,0,2,0,0,0,1,0,1,0,0,0,0,0,0,1,0,-1.5518510767691716,-1.9108368279462198,0.29752044455895404
4514,1,0,1,0,0,1,1,0,0,1,1,0,2,1,1,1,0,1,1,0,1.1503035800664092,-0.09238230142090897,-0.7524008613958257
4515,1,2,0,0,0,0,0,0,1,1,0,0,1,2,1,0,1,1,1,1,-0.6619758403047777,-1.100358884071813,-0.8473156930537213
4516,1,1,1,0,0,1,0,0,0,1,0,0,2,1,0,2,2,0,0,0,-0.07430989622633563,0.12190852127002355,-0.3706885342596231
4517,1,1,2,0,0,1,0,0,2,0,0,0,0,1,1,1,1,0,1,0,1.8845814604080526,0.6368446562681146,-0.32306951576228005
4518,0,1,0,2,0,0,0,0,0,1,0,0,0,2,2,1,2,0,1,0,0.5961540846280259,0.3455602501171191,1.394997101617304
4519,1,2,0,1,2,1,1,0,0,2,0,0,1,1,1,0,0,0,1,1,0.9021659049741568,1.0331495410435632,0.9664615890180366
4520,1,2,0,1,0,0,0,0,0,2,0,0,0,1,1,0,0,0,1,0,-0.0997001690284363,-2.1863135237835256,1.3797616817372944
4521,0,0,1,1,0,0,1,0,0,0,0,0,0,0,1,1,0,0,1,0,-1.0166349938658594,-1.1471848645991123,-1.2699030779656142
4522,2,0,0,0,0,1,0,0,0,2,0,0,1,1,2,0,1,1,0,0,1.9466681338055467,1.8146667982353648,2.1093432308083253
4523,0,1,0,0,0,1,1,0,0,0,1,1,0,2,0,2,1,1,0,0,-0.49977225499147954,-0.6198555070936471,-0.6132609148609928
4524,2,2,2,1,0,0,0,0,0,1,2,0,0,1,1,1,0,1,1,0,0.802811438943212,-0.2455000903176761,-0.683563073739335
4525,0,0,0,0,0,1,1,0,0,1,1,0,0,2,1,1,0,0,2,0,-0.3159472343944756,0.7339826338435411,-0.5098497465633807
4526,0,1,0,1,0,0,0,0,0,0,0,1,0,0,1,0,1,1,2,0,1.3038634530646136,0.7253779849508447,1.128393001070273
4527,0,1,1,1,0,2,1,0,0,1,1,1,1,0,0,1,1,2,1,0,1.9750839915714566,0.9740037140126142,0.20987283265706513
4528,2,1,2,0,0,1,1,0,0,1,1,0,0,1,0,1,1,0,1,0,-0.33908065117564856,-0.6874112511533457,2.2510089909360294
4529,1,2,0,1,0,0,1,1,0,1,1,1,0,1,0,1,1,0,1,0,0.8179413467747,0.6062492133677491,2.1396263601480134
4530,1,1,1,1,0,0,1,1,0,1,0,1,1,1,1,1,1,0,0,0,-0.2734464299037721,0.05139958722990173,0.653093628483254
4531,0,0,0,0,1,0,0,0,0,2,1,0,1,2,1,2,0,1,0,0,0.3803466590294191,-0.11047595745213062,0.48021643341834175
4532,1,1,1,0,0,1,1,0,0,1,1,0,0,0,0,1,1,0,1,0,-0.69668755036382,-0.5292516002897796,0.5832329770488538
4533,2,1,1,1,0,0,1,0,0,1,0,1,0,1,1,2,1,2,1,0,-0.04215306523545068,0.46598181366485514,-1.2773990963394894
4534,2,0,1,0,0,0,0,0,1,2,0,0,2,1,1,2,0,0,1,0,0.5257191806787098,0.2779242174375575,0.3372483170327327
4535,1,1,0,1,1,0,1,0,0,1,1,0,0,1,0,1,1,2,1,0,-0.9434873307690793,-0.2137762742139943,-0.27939596108456
4536,0,1,1,0,0,1,0,0,0,2,0,0,0,0,1,0,0,0,1,0,-1.024948955149257,2.2481118002133105,0.9526626600978486
4537,0,1,0,0,0,1,0,0,0,2,2,0,0,1,0,1,0,1,0,0,-0.9751304123422645,-0.9214217404154164,-0.3829527088530204
4538,0,0,1,0,0,0,2,0,0,0,0,0,0,0,0,1,0,0,0,0,-1.5289567575912588,-1.2151747256816439,-0.9501207223141862
4539,1,1,0,0,0,1,0,0,0,1,2,0,1,0,1,2,1,0,0,0,1.9320619895623752,0.7134460204580994,1.2041581750586683
4540,1,2,0,1,0,0,1,0,0,0,0,1,1,2,1,1,1,1,0,0,0.23478427264540588,-0.34708994033793644,-0.8139408537067812
4541,2,1,0,1,0,0,0,0,0,1,0,2,0,1,2,1,0,0,1,0,1.4899032611772696,0.9965941215934717,1.6062042666440397
4542,1,2,0,0,1,0,0,0,0,2,0,1,0,2,0,1,2,0,1,0,0.19821337842629852,0.016088934996680404,2.100917301496832
4543,0,1,1,0,1,1,0,0,2,1,1,0,0,2,0,1,1,1,0,0,0.2937825547286112,0.3449550477756932,1.5768545168647936
4544,2,1,0,1,0,1,1,0,0,2,0,0,0,2,1,0,0,1,1,0,0.47404514316465535,0.797911316438683,0.6921435346663549
4545,2,1,1,1,1,0,1,0,0,1,0,0,0,1,0,2,0,2,0,0,-0.7989653123340666,-1.084705609311977,-1.9936891779762993
4546,0,0,1,0,0,0,0,0,0,0,0,0,0,2,1,1,0,1,1,0,1.2010654906582523,0.4838478749248253,0.6432968779804135
4547,0,0,1,0,0,2,1,0,0,0,1,0,0,1,1,1,0,0,1,0,-0.5926843331250251,-1.397695256718949,0.9333588130037
4548,1,2,1,0,0,0,0,1,0,0,0,0,0,1,0,1,0,1,0,1,0.5664873129801405,-0.884673583573259,-0.6228648986827745
4549,0,0,1,0,0,1,1,0,0,1,1,1,1,2,1,1,1,1,2,1,-0.2586497360271194,0.13574848734891812,0.007110279886614439
4550,0,0,1,1,0,0,0,0,2,1,1,0,0,2,2,1,0,1,0,0,-1.2438054298555548,-0.14908800209755252,0.901077055078318
4551,0,2,1,0,0,0,1,0,0,1,1,0,0,2,1,1,0,1,0,1,-1.2860695995527014,-0.4338052058256197,-1.7939840433679366
4552,1,1,1,0,0,0,1,0,0,2,1,0,1,1,0,2,0,0,1,0,-0.15323692332018737,0.9099892387867945,1.171443647411677
4553,1,1,1,0,0,1,1,0,0,1,1,0,0,1,1,0,1,1,1,1,-0.6343416622474285,0.18425583849275973,-2.095440330326099
4554,1,0,1,0,0,0,0,0,0,1,0,0,1,1,1,1,0,1,1,0,-1.698049535921771,-1.95770005885323,-0.9041234336669238
4555,1,0,0,0,0,0,0,0,0,1,1,0,0,2,2,2,0,1,0,0,-2.5805325539141415,-1.6742705916655918,-0.8191644146644111
