id,snp0,snp1,snp2,snp3,snp4,snp5,snp6,snp7,snp8,snp9,snp10,snp11,snp12,snp13,snp14,snp15,snp16,snp17,snp18,snp19,U,X,Y
0,0,0,1,0,0,1,0,2,1,0,0,0,0,0,1,0,1,0,1,0,1.554359682326249,0.7833170639165542,1.8915614077754843
1,0,2,1,1,0,1,0,1,1,1,0,0,0,0,0,0,2,1,2,1,-1.1526150016337366,0.21456277449324868,0.6904037267335356
2,1,1,1,0,0,0,0,0,2,0,1,0,1,1,0,1,2,2,1,0,0.7807335414033469,2.149063268759978,1.3577397447437054
3,0,2,1,0,1,1,0,1,1,0,0,1,0,0,0,1,0,1,0,0,1.027641623632129,-0.8385855346045001,0.18582966670459755
4,2,1,1,0,1,1,0,1,1,0,1,1,0,1,0,1,2,0,0,2,-0.14756332008434173,-2.021817274849705,-0.6938212623297318
5,0,1,1,0,1,0,0,1,0,0,1,0,0,0,2,0,2,1,1,2,-0.14014034524126032,0.7242045005239955,1.2269033580322233
6,1,1,1,1,0,2,0,1,1,2,0,1,0,1,1,2,1,1,0,0,-0.5277827824709294,0.1627641167367691,0.6052586877942248
7,0,2,1,0,0,1,0,1,0,2,0,0,0,0,0,0,2,1,1,0,1.3615288300250146,2.356649890374364,-0.4994272834581559
8,2,2,2,0,1,0,0,0,0,0,0,0,0,1,0,1,0,0,2,1,1.93301501604911,-0.4621203257916915,2.2998716736188425
9,1,1,1,0,0,0,0,2,2,0,0,0,0,1,1,0,2,1,0,2,-1.006186027364519,-1.3455840338514997,-0.6011366276836303
10,1,0,1,0,0,0,0,1,1,1,0,1,1,1,0,0,1,0,1,2,-2.0820477386723444,-0.4892263907154734,-0.08903507499270946
11,0,0,1,0,0,1,0,1,1,0,0,0,0,0,0,0,0,1,1,1,1.0147449385811484,-0.9362867107872442,1.5240701079350625
12,0,1,0,0,0,0,1,0,0,1,0,0,0,1,0,1,0,1,1,2,0.19879033284959732,0.5639503755932647,0.30938372395832875
13,1,1,0,0,1,0,0,1,1,1,0,0,1,1,1,2,2,2,1,1,1.0707357633243444,-0.8050059307470948,-0.9605213943296567
14,1,0,1,1,1,1,0,1,0,1,0,0,0,1,0,1,2,1,0,2,0.1049385270341149,2.7653086815400614,1.888985159990611
15,2,0,1,1,1,0,0,2,0,0,0,0,1,0,1,0,2,0,1,0,-0.7779203665223726,0.4948096326030819,-0.19744538226782893
16,0,1,1,0,0,2,0,2,0,0,0,0,0,0,0,0,2,1,0,1,0.2866330673291082,0.18464326802933145,-0.4918842842137195
17,0,1,0,0,0,1,0,1,2,0,0,0,2,2,0,2,0,1,1,2,-1.2127822370627275,-2.151005748214784,-0.388634922122269
18,0,1,1,0,0,1,0,1,1,1,1,1,0,1,0,0,2,0,2,1,1.7087108351815015,1.8021032569596134,-0.08244239593905611
19,0,2,0,0,0,2,0,1,0,1,1,0,1,0,0,1,2,0,1,0,-0.6341285493036574,-3.3323901617698164,-1.0589100179751008
20,1,1,0,1,0,2,0,1,1,0,1,0,0,0,2,0,1,1,1,0,-0.7956273710232457,0.9356248505448063,-0.1473591389468434
21,1,0,0,1,0,1,0,1,1,1,0,0,1,1,1,0,1,1,1,1,0.9858193396790184,0.5494378978172929,-0.12597573489018088
22,1,1,1,0,1,1,0,1,1,1,0,0,1,1,1,1,1,1,0,0,1.2359876758145067,1.544978583214304,3.2210358566364814
23,0,0,1,2,0,1,0,1,2,1,0,0,1,0,1,0,2,0,1,0,-2.1585987007467433,-0.08084462329704656,-1.1060021954378245
24,0,2,1,0,1,1,0,1,0,0,1,1,0,1,1,0,0,1,0,1,0.13240506368643615,0.31236166932950443,-0.6521411991532933
25,0,1,0,0,0,1,0,2,0,0,0,0,0,1,1,0,0,0,1,1,0.47205867710083493,-0.7323313144991253,-1.1765795508534447
26,2,1,1,1,1,1,0,1,1,0,0,0,0,0,0,0,2,0,0,0,0.17154945394082308,-0.20311299236918132,0.4041908805060045
27,1,0,1,0,0,1,0,1,1,0,1,0,1,1,1,0,1,1,1,0,-2.2685222428670926,-1.5344313759329151,-1.4525771939470813
28,2,2,0,0,0,2,1,2,1,1,1,0,1,1,0,1,0,1,1,1,0.9666513874034982,0.6059054981594353,-0.5545934968043593
29,1,1,0,0,0,0,0,1,2,0,1,1,1,0,0,1,0,0,1,1,-0.3756513216277657,1.310004269225051,1.8794631659754584
30,0,0,2,0,1,0,0,0,1,0,0,1,0,0,1,1,1,1,1,2,-0.9426707844827203,0.7634950628224758,-0.4387997076599848
31,0,1,1,1,0,1,0,1,0,2,1,0,1,0,0,1,1,0,0,0,0.7019795513730521,-0.6263500659258003,-1.9084609818554918
32,0,0,0,0,0,0,0,2,0,1,0,0,0,1,0,1,0,1,1,2,-0.6600667794573689,0.693824215129998,-0.691229595822455
33,0,1,1,1,0,0,0,1,1,2,0,0,0,0,0,1,2,1,1,1,-1.974744459466269,-1.3147000303913914,-1.4298051698766119
34,1,1,1,1,0,0,0,1,0,1,1,0,0,1,0,0,1,1,1,1,-0.7303376057523419,-0.6112114588994817,-0.20186484020873838
35,0,2,2,0,0,0,0,2,0,0,0,0,1,0,0,0,1,1,0,0,-0.9362148530312496,-0.26950670540822164,-0.9475975039280159
36,0,2,1,0,1,1,0,0,2,0,0,0,0,0,0,0,0,0,0,1,-0.0806791499198505,-1.1891738923116841,-0.13412071060782194
37,0,1,0,0,0,1,0,1,1,0,1,1,0,1,0,0,1,1,2,0,-0.04873928302430136,-0.436766987617543,0.6712234883363223
38,1,1,0,1,1,0,1,0,0,0,1,0,1,1,0,1,1,1,1,1,-0.8410619159743701,0.9894165681962332,0.46754375599281517
39,2,0,1,0,1,2,1,0,1,2,1,0,1,0,0,1,1,1,0,1,0.7209648183291097,-0.05195521706131489,-0.19368994619628344
40,0,0,1,0,1,1,0,0,0,0,1,0,0,1,0,0,1,1,0,1,-0.28289731416856784,-1.2553817875150546,-0.1951196142644599
41,0,1,1,0,0,1,0,0,1,0,2,0,0,0,2,0,1,2,2,0,1.087644069665402,-0.49358813356016074,-1.8700918905366806
42,1,1,1,0,0,0,0,1,0,0,0,0,0,1,0,0,1,0,0,2,-0.42456451475707063,-0.4252282534740085,-1.0274719312954796
43,2,1,0,0,0,0,0,0,1,0,0,1,0,0,0,1,1,1,1,0,-0.12172259042925879,-0.1827240346070732,-0.8550668153969085
44,0,1,2,1,0,1,0,2,0,0,1,1,1,0,0,0,2,2,0,2,0.4073855225794831,-1.0003602547590895,-0.32017512328713404
45,0,1,1,0,0,0,0,1,2,1,0,0,1,0,0,0,2,1,0,1,0.13316146768235815,-0.3886087805738544,0.42759086947946084
46,1,1,2,1,0,0,0,2,1,1,0,0,1,0,1,0,1,2,1,0,0.8845466279561459,1.1635335440312946,1.463402718027973
47,0,1,0,0,0,1,0,1,0,1,0,1,1,0,0,1,1,1,0,1,0.9208283152901436,0.8585234987594684,0.898680958212162
48,0,1,2,0,1,1,0,1,0,0,0,0,0,2,2,1,2,0,2,0,1.6197309882620625,0.14118234616488856,0.5570423100232305
49,1,2,1,0,0,1,0,0,0,1,1,0,0,0,0,0,1,1,0,0,0.7750070060761801,0.36650175097142224,0.29430921149975026
50,1,0,1,0,1,0,0,0,2,0,0,1,0,0,0,2,0,0,2,0,0.6416775509001976,-0.05036009337960225,0.602622265612228
51,0,0,0,0,0,1,0,1,1,1,0,0,0,0,1,0,1,0,1,2,-0.12802990145864487,-0.4842766437123088,0.9215507682552295
52,1,0,2,0,0,1,0,0,1,1,0,1,0,0,0,2,1,1,0,2,1.5370872512271614,1.621811874834688,2.2934215519302787
53,2,0,2,0,0,1,0,1,0,0,0,0,1,1,0,1,0,1,2,0,-1.0838515642996953,-0.31746367608321485,-0.11461710038299333
54,1,1,0,1,0,2,0,0,1,0,0,0,0,0,1,1,0,1,2,1,-0.4820281326368272,-1.2143408679799654,-0.13265091468109164
55,1,0,2,0,1,1,0,0,1,0,0,0,0,1,2,0,0,1,1,1,0.12068319287344238,-0.7974100004008906,-0.024268943982185376
56,1,1,1,0,0,1,0,1,0,0,0,0,0,2,0,0,1,2,1,1,-1.1838126765586843,-1.6344064440205799,0.09456676713070711
57,1,1,2,0,0,2,0,2,1,0,0,1,0,2,1,0,0,2,1,0,-0.5204783683674961,0.9161934720057414,-0.20413326024304498
58,1,0,1,0,1,1,0,1,1,2,0,0,1,0,0,1,1,2,0,0,-1.9210772827729239,0.172138700603781,-0.5862388086439165
59,0,1,0,1,1,2,0,0,1,2,1,0,1,1,2,1,2,2,0,0,-0.25139020113087435,-1.6643071248703833,-0.18913048741925018
60,1,0,1,2,0,1,1,0,2,1,0,0,0,1,0,0,2,1,1,1,1.0650722311192302,-0.13469584885909705,0.3620396707165564
61,0,0,1,0,0,1,0,1,0,0,1,0,0,0,2,0,1,1,1,2,0.4124738543308671,-0.5794011894177123,-0.7291650543108465
62,1,1,0,0,2,0,0,0,1,0,0,2,0,0,1,0,1,1,1,1,0.08487099660581886,-0.13490128066064594,0.45497059470357065
63,0,0,1,0,1,2,0,1,2,0,0,0,0,2,0,2,1,1,1,2,0.6137625704184912,-0.3100901495255616,0.1828929563745677
64,0,1,0,0,1,0,0,1,1,1,0,0,0,1,1,1,1,0,1,1,-0.2989422151400717,0.15322546822068983,2.978583603023458
65,1,1,0,0,0,2,0,0,1,0,1,0,0,0,1,1,1,1,0,1,0.80456787915696,0.8763150556419177,-1.4668620900670983
66,0,1,1,0,0,1,0,1,0,1,1,0,0,1,0,1,0,1,1,0,-0.22439267104416533,0.08931355108710458,-0.7019240286374941
67,0,0,1,2,0,1,0,1,1,0,1,1,0,0,1,2,1,2,2,1,-0.37562620501943217,0.754949608633104,-0.5986481052996905
68,1,0,1,0,1,0,0,0,1,0,1,0,0,1,0,0,1,1,0,0,0.03525634291089457,-0.6435694807713997,0.25016212143761574
69,1,0,1,1,1,2,0,0,1,1,1,1,1,0,1,1,1,0,0,1,0.04304849426408605,1.5505290030763905,1.2482734625183078
70,0,1,2,0,1,2,0,1,0,0,1,0,1,1,0,1,1,1,1,0,-0.6987518008128482,-2.75984162740185,0.3831469555840492
71,0,1,2,0,0,2,0,2,2,1,0,0,0,0,0,0,2,1,2,1,-0.4221882170913876,-0.14896541088036386,-0.655293641124826
72,0,1,0,0,1,1,0,0,1,0,0,1,0,1,0,1,1,1,2,2,-0.48916983313316625,0.8993564589941665,1.9285875510422954
73,0,1,0,0,0,0,1,1,2,1,0,0,0,0,0,1,0,0,1,1,-0.8485946504134878,-1.5070271246147264,-0.9533499415124127
74,1,1,0,0,0,0,0,2,1,0,0,1,1,1,0,0,1,2,0,0,-0.8771314462878264,0.45157203876136637,0.23712543094409616
75,0,0,2,0,2,0,0,1,1,0,0,0,0,0,0,2,1,1,1,0,0.09425565183665774,-2.4580264400443403,-1.8006500347973022
76,0,0,0,0,0,1,0,1,0,0,1,0,0,0,1,0,2,1,0,0,0.2322031367371266,1.1687101347331086,0.6965358957154926
77,1,1,1,1,1,2,0,2,1,0,0,0,1,1,0,0,1,1,2,2,-2.4389191466385602,-0.16658325093414392,-1.0544415094735367
78,2,1,1,0,0,0,0,0,0,0,0,1,0,0,1,1,1,1,0,2,0.1060792431717215,-0.06942460141744858,-0.34188017135626214
79,1,1,0,0,0,1,0,1,1,0,0,0,0,1,0,0,2,1,1,1,1.2915497727900755,-0.44975477564368804,-0.2607518508140273
80,1,2,1,0,1,0,0,0,0,0,0,0,0,1,1,0,1,2,0,0,-1.111568631661892,0.16743974486876695,-0.3713931478949857
81,0,1,0,0,0,1,0,1,0,1,1,1,0,2,1,0,1,1,1,0,0.37413605633753794,1.8985313163950908,2.1229377445229263
82,0,1,1,0,0,1,0,0,2,0,0,0,0,1,2,0,1,1,0,1,-0.8696309479276739,0.19729474212423004,0.9074382672798766
83,1,1,1,0,0,1,0,1,1,1,0,0,0,2,0,0,1,1,0,2,0.19848916211321221,0.25488158078105233,-0.3918383873107395
84,0,1,0,1,0,1,0,0,0,1,0,0,1,0,0,0,1,1,0,1,0.04024053228555956,-0.4198182532652608,-0.4308844821360168
85,0,0,1,0,0,1,0,0,1,0,1,2,1,0,0,0,0,2,0,0,-1.123547819768874,-0.11091569036883295,-0.04698622386856882
86,1,1,0,1,0,1,0,2,0,0,1,1,1,1,0,0,1,0,2,0,-1.5154555356989734,1.2600373716008662,0.46491428704704535
87,0,0,0,0,0,2,0,1,2,1,0,1,1,1,0,1,2,0,0,2,0.13771702414512338,-0.8847214119667068,0.038359473396284066
88,1,0,1,0,1,1,0,0,0,2,0,0,1,0,0,1,0,2,1,0,0.8379283722007888,0.8071029414821574,1.1082307182439983
89,1,1,1,0,0,0,0,0,2,1,0,1,0,0,0,2,1,1,2,1,0.012379618458397218,0.5333777478433268,0.06384507498713565
90,1,0,1,1,1,2,0,2,0,0,0,0,0,1,1,0,2,0,0,2,-0.2811724826133513,-0.17581395710499217,1.610307776599565
91,2,1,0,0,1,1,0,1,1,1,0,1,0,0,1,1,1,0,2,2,-0.5488526407403713,-0.6548922190664319,-1.4153003746391586
92,0,2,1,0,1,1,0,2,1,0,1,1,1,0,1,1,1,1,0,0,-0.35573402269057547,1.2104032660171886,0.04209848090415924
93,0,1,0,1,0,1,0,1,1,0,0,0,0,1,0,1,1,0,2,1,-0.8771820495234661,-1.2983249323884163,-0.12819010679530418
94,0,1,1,0,1,0,0,1,2,1,0,0,0,0,1,1,1,2,0,2,0.6214001641539908,0.4582555320315167,1.964317323313455
95,1,1,0,0,1,0,0,1,2,0,1,0,0,0,1,1,2,0,1,1,1.1799858080622194,0.9888000903081646,-0.0896495134943226
96,0,1,2,0,1,0,0,1,0,1,0,0,1,1,0,0,2,2,1,1,-1.1753549537882169,-0.2898897506253953,-1.246644422144596
97,0,1,0,0,0,0,0,0,1,1,0,2,1,1,1,0,2,0,1,2,0.2835918249398483,1.6176429728410422,1.0206184525346607
98,1,1,1,0,1,0,0,0,0,2,0,0,0,1,1,0,0,2,0,0,-0.35803209139040587,0.9594747592781745,0.6798401390810362
99,0,1,2,1,0,1,0,1,0,0,0,1,0,1,0,1,1,2,1,1,-0.5470247271461687,-0.7670429131397818,0.8717565560688718
100,1,1,1,0,0,1,0,0,1,0,1,0,0,2,0,1,0,0,0,2,0.454319806539411,0.2027527490471832,1.543488475371558
101,0,2,2,0,0,0,0,0,2,0,1,0,0,0,1,1,1,2,0,1,0.8779764370455521,-0.07168662594193745,-1.908429295262256
102,0,1,0,0,1,1,0,1,1,0,1,0,0,0,0,0,1,1,0,1,1.5768523592421142,-1.1190246777790456,-1.2050838667041535
103,0,1,1,1,0,2,1,1,1,1,0,0,0,1,0,0,0,2,1,0,-0.11514144885463316,0.789496614637319,2.1409267219529173
104,1,1,0,0,1,1,0,2,1,0,0,0,1,1,1,1,1,1,1,1,-1.177126998974553,-0.8720172478191273,0.22587939040157923
105,1,1,1,0,0,0,0,2,1,1,0,0,0,1,0,1,1,0,1,1,-0.11562544080269939,0.12317844180691591,-0.3252522638255865
106,0,0,1,0,0,0,0,1,1,1,1,1,0,1,0,2,2,1,1,1,0.6023921309349471,0.906750800348723,-0.4885943226196199
107,1,0,2,1,0,0,0,1,0,2,0,2,1,0,0,0,0,1,1,2,0.10984280663639329,-0.6549671461620782,0.6201326753622227
108,0,2,0,1,1,0,0,1,1,1,0,0,0,1,1,0,2,0,0,0,-0.5407908404211944,-1.8151359608242204,-0.43383654729542587
109,1,0,0,0,0,1,0,1,1,0,0,1,2,1,0,1,1,0,1,2,1.9849124834689762,1.5755162684777688,2.676103680311269
110,1,1,0,1,2,1,0,1,1,0,0,0,0,0,0,2,0,1,1,1,-0.13081340979553407,-0.08131787175713205,-1.3321020699010306
111,1,0,1,0,1,1,1,2,1,1,0,1,0,1,0,2,0,1,0,0,0.8440825587951514,1.789239485434997,1.712300264998325
112,1,0,1,0,1,0,0,2,1,1,2,0,0,1,1,1,0,0,1,1,-1.3301693481986283,-1.0326250483361896,-1.5578090504425957
113,0,0,1,0,1,1,0,0,1,0,1,0,0,2,1,0,2,1,2,1,0.7206001499146254,0.1902005530567482,2.503945789406743
114,2,0,1,0,0,1,0,0,0,1,0,0,0,0,2,1,1,1,1,1,-2.12523918740998,-0.8704949393310937,1.1505650594288768
115,0,1,0,0,1,1,0,0,1,0,0,2,1,1,1,1,1,1,0,1,-0.513291369339081,-0.5342538017857764,-0.468495297088467
116,0,0,1,0,1,1,0,1,2,1,1,1,0,0,0,0,0,2,0,0,-0.36104117480769005,0.598770636442172,-0.43720220726859993
117,1,0,0,1,1,1,0,0,2,1,0,1,0,1,0,0,0,0,1,2,0.46488887093941117,-1.1529606667403078,1.2537972816310121
118,1,1,0,0,1,2,0,1,2,2,0,0,0,0,0,0,0,1,1,2,1.805991488555687,-0.39076751393536563,1.0339440849597277
119,0,0,1,1,0,0,0,2,2,1,0,0,1,1,1,0,1,0,1,2,0.687098128194311,-0.6623931617050178,-1.5024748432219495
120,0,2,1,0,0,0,0,0,0,0,0,1,0,0,1,0,1,1,1,2,-0.9959129030863554,-1.4665477423191364,-0.1137727538619463
121,1,0,1,0,1,0,0,1,1,1,0,1,0,1,1,0,2,2,1,1,-1.6337269063271638,1.3797593147335285,-0.06354112006749815
122,1,0,1,1,0,1,0,0,2,0,0,0,1,0,0,0,1,1,1,1,-1.5307257307525908,-1.0259099087644523,0.2938882788843502
123,1,0,0,1,1,1,1,1,1,0,0,0,0,0,0,0,1,0,1,2,-1.4041719534050916,1.2784662777899896,-1.050092033845515
124,1,1,1,0,0,2,1,0,0,2,1,0,1,1,1,0,1,1,0,1,1.792382255979854,0.12505840142835128,0.8586540454740039
125,0,1,1,0,2,1,0,0,0,1,1,0,1,0,1,1,1,1,1,0,-2.45950423370595,-0.5943926375989189,-2.551376730918615
126,1,1,1,0,0,0,0,0,0,0,0,0,1,1,2,1,1,0,2,0,-2.0559038716231406,0.09117127750085385,0.13915575790181378
127,1,0,1,0,0,0,0,1,1,0,0,1,1,1,2,1,0,1,0,1,1.2579724810340036,1.9064183833806352,2.18791838630213
128,1,1,2,1,0,2,0,1,1,1,0,0,0,1,0,0,1,0,0,0,-0.7809264730511103,-1.3683510938669192,-0.2872116662094113
129,1,1,1,1,0,2,0,2,0,0,1,0,1,0,0,1,1,1,2,0,1.2861425743707813,0.00804844653004072,-1.4223954827049619
130,2,1,0,0,0,1,0,0,0,0,0,1,0,1,1,0,0,2,0,2,-0.14845471079082992,0.23694367857268353,-0.22912863438796613
131,1,0,0,0,0,1,0,1,1,0,0,1,0,1,0,1,1,1,1,2,1.2642069133742702,1.2996892704760836,0.6060235820675505
132,0,0,0,1,0,0,0,2,1,0,0,0,0,2,0,0,2,2,1,0,-0.7382759178144719,0.35902708688838925,-0.6931865387038619
133,0,1,1,1,2,2,0,1,0,0,0,0,0,0,0,1,0,0,1,1,-1.0996681946758906,-1.3431414307778635,0.41750886035715506
134,1,1,1,0,1,0,0,1,0,0,0,0,1,1,0,0,2,1,0,2,2.5666394015567797,0.39268426657653765,2.811347767102866
135,1,2,1,1,0,1,0,0,1,1,0,1,1,1,0,0,2,1,1,1,0.9477387094653111,1.2326212836502823,1.585252779040657
136,0,0,0,0,0,2,1,0,0,0,1,0,0,0,0,0,1,0,1,1,-0.7961741129160864,-1.144506934345415,-0.578691977149119
137,0,0,1,0,0,1,0,2,1,1,0,0,0,1,0,1,0,0,1,1,1.3996457260457273,2.9033391693789037,3.8470967511075216
138,1,2,1,0,1,1,0,2,1,0,0,0,0,1,0,0,1,1,0,2,1.8724490418937418,-1.4938175295589664,1.5291942411585948
139,2,2,1,0,0,1,1,0,1,0,0,0,0,0,0,1,1,1,1,2,1.0927031645913896,-2.5463408141810477,0.21586659891573745
140,0,2,1,0,1,1,0,1,0,0,0,0,0,2,2,0,0,1,0,1,0.18792802275956288,0.412168024969899,2.365325134177888
141,1,1,1,0,0,1,1,2,2,1,0,0,1,0,1,0,0,1,0,1,1.8767458484775312,0.19422128978076886,1.2354803654813464
142,0,2,0,0,1,1,0,0,1,0,0,0,0,0,1,1,0,0,0,2,0.5580575548223309,-1.460807133585105,-1.0493866199967712
143,0,1,0,0,1,0,0,1,0,1,0,1,0,0,0,1,2,1,0,1,1.3642973603858537,0.41521194369568065,2.119379471203097
144,0,2,1,0,0,1,0,1,1,0,1,0,0,0,0,0,1,1,0,1,-1.9077320490315093,0.2808136702322801,0.7961643476590528
145,2,2,2,0,0,1,0,1,1,0,0,0,1,0,0,1,0,2,1,1,0.8884158598518014,-0.2571168159616539,-0.920701539419936
146,0,2,0,0,0,0,0,1,0,2,1,0,1,0,1,1,2,0,2,1,2.191575532387547,1.0081785617390728,1.3389145054706817
147,0,1,1,1,0,0,0,1,1,0,1,1,0,0,0,1,0,2,0,1,-0.024670360973477037,0.3160823863042346,0.14636546775798123
148,1,1,0,1,0,0,0,1,1,0,0,1,1,0,0,0,1,1,0,2,1.3375805286712439,-0.17070327205549835,-0.17639710211715098
149,0,2,1,1,1,0,1,1,1,2,0,0,0,1,0,0,1,2,1,1,0.9923598413345971,0.5506113916826287,1.0471220567570034
150,0,1,2,0,1,1,0,1,1,0,0,1,0,0,0,0,1,1,1,0,-0.9046945152148781,-0.7311695673638913,-0.9861556145474004
151,0,1,0,1,1,0,0,1,1,1,2,0,0,1,0,0,1,1,2,1,0.9132632104912133,-0.16600983655898344,1.6098924496336855
152,0,2,1,0,0,1,0,1,1,2,0,1,1,0,0,1,1,0,1,0,1.0563921227240889,0.5649999868258974,0.04162317039562813
153,1,1,2,0,0,2,0,1,0,1,1,1,0,0,1,1,1,0,0,2,-0.20889612347988423,0.03804171892427301,1.15474147587165
154,0,0,0,1,0,1,0,1,1,0,0,0,0,1,0,0,2,1,0,1,0.2739067797681508,0.047027408979730734,0.4416413850761144
155,1,0,0,0,0,2,0,1,2,0,0,1,0,0,1,1,1,0,0,1,0.04337988596672832,-0.7699950225407207,0.35332007150323563
156,0,0,1,0,0,2,0,2,1,1,0,0,0,0,1,0,1,1,0,1,-0.1879202587030362,-0.34203475666448246,0.9891991821210802
157,2,0,0,1,0,1,0,0,2,1,1,0,0,1,1,0,0,0,0,1,0.6509681510572334,-1.6259206009084675,2.0638580023697157
158,1,1,0,0,0,0,0,2,1,0,1,2,1,1,0,0,1,1,1,1,0.17189515515332662,0.5121648635017724,-2.4559833941320424
159,1,1,1,0,0,0,1,1,2,1,1,0,1,0,1,0,2,2,0,2,0.5940950352653529,0.18530576422775516,-1.4166572468294019
160,1,0,1,0,0,2,0,0,1,1,0,0,0,0,0,1,2,1,1,2,0.7259630061624632,0.3574034269246,0.74736582957269
161,1,1,0,1,0,0,0,1,1,0,1,0,1,0,0,0,1,1,0,1,-2.0255195990177564,0.9060228851654991,-2.4042004463124336
162,0,1,0,1,0,2,0,1,1,1,0,1,1,0,1,0,0,1,0,1,0.29338576286797613,0.7197712515863504,-0.011705790291372253
163,1,1,2,1,0,0,0,0,1,1,0,1,1,0,0,1,1,1,1,1,2.080081078025401,0.8252752975823752,2.2252240309643985
164,1,1,0,0,0,2,0,1,2,0,1,0,0,0,1,1,0,0,0,0,0.2390211986840797,-1.3875450690924984,0.6451553549863365
165,1,1,0,0,0,0,0,0,1,0,1,1,0,1,2,1,1,0,0,1,-0.18861302567074187,-1.228234118815227,-1.8818330146213422
166,1,0,0,0,0,1,1,1,2,1,1,1,0,1,0,1,0,1,0,1,0.022623574479788616,1.5055714999830214,0.13702460210540246
167,1,2,2,0,1,0,0,1,2,1,0,0,1,1,0,1,1,2,1,2,-2.148730594167885,-1.7219579591556058,-0.5174201471370782
168,1,2,2,0,0,1,1,1,0,0,0,1,1,0,0,1,0,0,1,1,-0.7430563828251713,1.6417840320571535,0.4782483037238909
169,1,0,2,0,0,1,0,2,2,2,0,0,0,1,0,0,2,0,0,0,0.5269280976944047,-0.2815667979961219,0.5410057108994171
170,1,1,1,1,0,2,0,2,1,0,0,1,0,0,1,1,1,1,1,2,0.32100671669341463,-0.23645276910273239,-2.321159618034909
171,0,0,2,1,1,0,0,2,2,0,0,0,0,1,0,1,2,0,1,1,0.06057562894922844,1.8047676724311423,0.44318994689294355
172,0,1,1,1,1,0,0,2,1,1,0,1,0,1,0,1,0,0,1,2,-2.1388421721571973,0.8135185639000435,0.08416374749179578
173,0,1,0,0,1,0,0,1,0,0,0,0,2,0,0,1,1,0,1,0,-0.05273854356624121,0.5848341208350152,0.5448992381157405
174,0,2,2,1,0,1,0,0,2,0,0,0,0,0,2,0,2,0,0,0,1.6632210870364608,-0.21859034470034866,0.37184767426159165
175,2,0,2,0,1,1,0,1,0,0,0,1,0,0,0,2,0,0,0,1,0.911721714146557,0.09489828103746853,0.08391111577023425
176,0,1,0,0,1,0,0,1,0,1,0,0,0,0,1,0,1,1,1,0,-0.8508712401647551,-0.6512649667891343,-0.1407602129112424
177,1,2,0,0,1,1,0,0,1,2,1,0,0,2,1,2,1,1,1,0,0.060711897455136984,1.5875112537228846,1.7062003871499765
178,0,0,2,2,0,0,0,1,1,0,0,0,1,0,0,0,1,1,0,2,0.00934121494354969,0.8802372504937349,-0.9036177184848899
179,0,1,1,1,1,0,0,1,2,1,0,0,2,0,1,1,2,1,0,1,1.3143467393159423,-1.0253882523735725,-0.36864020441122014
180,2,1,0,0,1,2,0,1,1,2,0,1,1,1,0,0,1,1,2,0,0.1916133574108892,-0.12159484994654939,0.552286182111106
181,0,1,1,0,0,0,2,1,0,1,0,0,0,0,0,0,1,0,1,2,0.646565497674356,1.1605442879638852,-0.5835041360355544
182,1,0,2,0,0,1,0,1,1,1,0,0,0,0,0,1,1,1,1,2,0.5937447172844081,-0.08449396386992743,1.3091762848482091
183,1,1,2,0,1,1,0,2,1,2,1,0,0,1,0,1,2,0,0,1,-0.43291091346293203,-1.1667739839225415,-0.18131647411972934
184,0,0,1,1,0,1,0,0,2,0,1,0,0,1,0,0,1,0,0,0,1.6650709244469954,0.41497602014333745,0.1481198008735537
185,0,1,0,0,0,1,0,2,1,1,0,0,0,1,0,1,1,0,0,1,0.8629317934791317,0.3237704753374977,-0.374806496125086
186,1,1,0,1,0,1,0,0,1,0,0,0,0,1,1,0,2,2,0,2,0.7358497098838983,-0.5332514347581891,1.3477134076258188
187,0,1,0,0,0,1,0,1,2,0,0,0,0,0,0,1,2,2,1,1,-0.9310079953693102,0.5935231158987799,1.106419333225159
188,1,1,0,1,0,1,0,2,1,2,0,0,0,1,0,0,0,1,0,2,2.2874438456640114,0.8421374696527757,1.114290151958404
189,1,2,1,0,0,0,0,1,1,0,0,0,1,0,0,0,1,0,1,0,0.9585095467314569,0.40402653012310114,1.9100820577082231
190,0,1,1,0,0,1,0,1,1,0,1,0,0,0,1,1,1,1,1,2,-0.4318358357845607,-0.31838508685495437,-0.715194900647762
191,0,1,1,0,0,1,0,1,1,2,0,0,0,2,0,1,0,1,0,1,-0.7981984309303624,0.46418264666614895,0.5759492721574634
192,0,1,0,0,0,0,0,0,1,0,1,0,0,1,1,1,0,1,0,1,0.6636270666204133,-0.8155817755347329,-1.4291433643069107
193,0,1,0,1,0,1,0,0,1,0,0,0,0,1,0,0,0,1,1,1,-0.2889563771734055,0.26749126953073227,-0.07017085914722326
194,1,2,1,0,0,1,1,1,1,1,0,0,1,2,0,0,0,1,0,1,0.45124967950664857,-0.03229712317080291,-0.4983013942649609
195,1,0,2,0,0,1,0,1,0,0,0,0,0,0,1,2,0,2,1,0,-0.67329474706803,0.0977778575934912,-0.03516931007507573
196,0,2,0,0,0,1,0,1,0,0,0,0,1,0,0,0,0,1,2,1,0.5928367488748402,-0.3458716726657519,0.2537182387457592
197,1,2,0,1,1,1,0,0,0,1,1,0,0,0,1,1,2,1,0,1,-1.5848929503888123,-0.6284345040097332,-2.989283079920048
198,1,2,1,0,0,0,0,1,0,0,1,1,0,1,1,0,1,0,0,1,-0.602732071125637,-0.9158075397494146,0.11807755868015168
199,1,0,1,0,0,2,0,0,1,0,1,0,0,1,0,1,0,0,1,1,1.0789472720436233,-0.17115481033909513,0.19525982980335915
200,0,0,1,0,0,2,0,1,2,0,1,0,0,0,0,0,2,1,0,2,-0.5684054906021297,-0.6736247103845172,0.6826039840723972
201,1,1,0,0,1,1,0,1,1,1,0,0,0,1,0,0,1,1,2,0,-0.5264670814709494,-0.5281308091724666,1.5837848048048326
202,0,0,1,0,0,1,0,1,0,0,1,1,0,2,0,0,1,1,1,1,1.2275402224609548,0.6388239049009365,-0.29877686117251745
203,0,1,0,1,0,0,0,0,1,0,0,0,1,0,0,0,0,1,0,2,0.2756863940637001,0.500276456161164,-0.21280667415861387
204,0,1,1,0,0,0,0,0,2,0,0,1,0,0,0,0,2,0,0,1,1.0268180744439646,0.3779421176094764,1.92687762538562
205,0,2,0,0,0,1,0,0,1,1,0,0,0,0,1,1,1,2,1,2,-0.24499838831431184,-1.020422845671999,0.3581531998883973
206,1,0,0,0,0,0,0,1,1,0,0,0,1,0,0,1,0,2,1,1,0.16160183244753099,-2.140187345359149,-0.290989460666513
207,0,0,1,0,0,1,0,2,1,1,1,1,0,1,0,0,0,0,0,0,0.6047366583664923,0.6270256994288653,1.1173192369795373
208,1,0,0,0,0,1,0,1,0,0,1,0,0,0,0,0,2,0,1,1,1.1455285394109995,0.9171473602436631,1.3584645508975126
209,1,0,1,0,1,0,0,1,1,0,0,1,1,0,0,0,1,1,2,0,-0.6482570184473898,-1.1316548730370615,-2.6366115867941735
210,2,0,0,0,0,2,0,2,1,0,0,1,0,1,0,1,1,2,1,0,-1.0400809556333688,0.7320770178780257,-0.3083236569627378
211,1,0,1,0,0,1,0,1,2,0,1,0,0,2,0,0,1,2,0,0,1.190512851247473,1.0655997340517998,-1.0604474468076024
212,0,0,2,0,0,2,0,0,1,0,0,0,0,1,0,2,0,0,0,1,0.2491094978947588,-0.5994931481002866,0.22179833252500825
213,0,1,2,0,1,0,0,0,2,0,1,0,0,0,0,1,0,1,1,0,0.1577008222140764,0.5791916132244298,0.9921346048686409
214,1,0,0,0,0,1,0,1,0,0,1,1,0,0,0,1,1,1,1,0,-0.11310899690926186,1.157109199318568,2.194038061005892
215,2,0,0,0,1,1,0,1,1,0,0,0,1,0,1,0,1,2,0,1,0.8955679070389008,-0.7263877921823174,-0.0724893298625911
216,1,2,2,0,0,0,0,1,0,0,0,0,0,1,0,2,2,2,1,0,0.6276662788665084,1.374674887260912,1.1881106448296697
217,0,1,0,0,1,2,0,0,2,1,0,0,0,0,1,0,1,1,2,0,-1.1997441856690159,-1.1477421326312363,1.0884749922755328
218,1,1,1,1,1,2,0,0,0,0,0,1,0,0,1,1,2,1,0,2,-1.0214464591490997,-1.3717693950417065,0.09300534972754715
219,0,1,0,0,0,1,0,1,1,0,0,0,0,0,0,0,1,0,2,2,-0.10745425587148351,1.4626383266478955,1.0922791880781337
220,0,1,0,0,0,0,0,0,1,0,1,1,0,1,2,0,1,1,0,1,0.005439684198356002,-0.0026737579749353396,1.0344179614530666
221,0,1,0,0,1,1,0,2,1,1,0,0,0,0,0,0,2,1,2,1,0.9523109948655077,-0.5586929336627253,1.0608846375215344
222,0,0,0,0,0,0,0,2,1,1,0,0,1,0,0,1,1,0,1,1,-3.0160107308779662,-1.0723084129159137,-0.17479981747377726
223,0,1,1,1,0,0,0,0,2,2,0,1,0,2,0,0,0,1,0,2,-0.649935277957571,0.9501352153673448,1.0022968611804604
224,1,1,1,0,1,1,0,0,0,0,0,0,1,0,1,0,1,1,0,2,-0.3361483776239063,0.04611123424809413,2.2492602677716698
225,0,0,1,0,1,0,0,1,2,1,0,0,0,1,0,1,1,0,0,1,-0.41504663929082114,-0.564117915233467,-0.2937733962420448
226,2,1,1,1,0,2,0,0,0,1,0,1,0,1,0,1,1,1,1,2,1.2307077093974852,0.7522561095944456,1.0716367993024782
227,2,1,0,1,0,2,0,1,2,1,1,1,0,2,0,0,1,1,1,1,-1.0806848949550043,2.0261970919157815,1.411490460225576
228,1,2,1,1,1,2,0,0,1,0,1,0,1,0,1,1,2,1,1,1,-0.1659929598882763,-0.05291376391158631,-1.1912525027337602
229,0,1,2,1,0,1,1,1,2,1,1,0,1,2,0,1,0,1,1,1,-1.6525975884047135,-0.14844134801492578,-0.39214507722937
230,1,0,0,1,0,0,0,1,1,1,1,1,1,1,0,0,1,1,1,2,2.23066183017401,-0.5162164885113054,1.3805050912139043
231,0,0,1,0,0,0,0,0,0,0,0,0,0,0,0,0,2,2,0,0,2.401335418341929,0.874912861641125,-0.18344990874582146
232,0,1,1,0,1,1,0,0,0,0,0,0,0,0,0,0,0,1,2,1,0.5117818828150564,-1.0090245396025137,-0.2272358116129193
233,1,1,1,0,0,1,0,0,2,1,0,0,0,0,0,0,2,0,2,0,-0.7390517993915077,0.5466926506462889,-0.5786317102063913
234,0,0,2,1,0,1,0,1,0,2,0,1,0,1,0,1,1,1,0,0,-1.2177926010959568,-0.11377017562424682,1.8757982921950886
235,2,0,0,0,0,2,0,0,0,0,0,0,0,2,0,1,0,0,1,0,-1.0556602015668828,-0.5642199141629082,-2.593293441176673
236,0,2,0,0,1,0,0,0,1,0,0,1,1,0,1,0,1,0,1,1,-0.4810081723488372,-0.444535711526102,1.764772565386536
237,1,1,1,0,0,1,1,1,1,1,1,1,0,0,1,0,1,0,2,0,0.47199064520024375,1.0995331339849357,1.353994434921244
238,1,2,0,1,0,1,0,0,0,0,0,1,1,0,0,1,2,0,0,1,-0.6422444183335831,0.7151898661017105,-0.3863538777139848
239,2,0,2,1,0,1,0,1,1,1,0,1,0,0,2,0,2,2,1,1,-0.8320620588814601,-1.3200940938525392,-0.15121936658870083
240,1,2,1,1,1,2,0,1,0,0,0,1,0,1,0,0,2,1,0,2,0.21728635203369895,-0.24593115699048085,2.71581313313573
241,0,2,0,1,0,2,0,2,0,0,0,0,0,1,0,0,1,1,1,1,0.8548175458265047,0.4376113415311848,0.5594250394628627
242,2,0,2,0,1,2,0,1,0,0,0,1,0,2,0,0,1,1,0,0,-0.5199231665056362,-0.8070778234458015,-1.9514595418975809
243,0,0,1,0,1,1,0,0,0,1,0,0,0,1,1,1,2,0,1,0,1.1113063176731348,0.07664242485826095,-0.13964211552350392
244,1,1,1,0,0,1,1,1,0,0,1,1,0,0,0,2,0,0,1,2,0.9732177131631139,0.15230255919196078,1.470365233762441
245,1,0,1,0,1,1,0,1,1,0,1,1,2,1,1,0,0,0,1,2,-1.2336603801657855,0.048805489860099194,-0.8551160522590828
246,1,2,0,0,0,1,1,1,1,0,1,1,1,0,0,1,2,0,0,0,1.1202553027522437,-0.5701187682446249,-0.31179551423415724
247,0,0,1,0,0,1,0,1,1,0,0,2,0,2,0,0,2,2,0,1,1.4555383209152266,-0.8809367373097872,0.2847483230104518
248,1,1,1,0,0,1,0,1,1,1,0,0,0,1,0,1,2,0,0,1,1.6294232595006124,1.590897310133291,1.6241098505338616
249,1,2,1,0,0,1,0,0,1,0,0,0,0,1,0,1,1,1,0,0,2.315106839804645,0.34993055890666247,0.024154235072156416
250,2,2,2,0,1,2,0,2,1,0,0,0,0,1,1,1,2,0,0,2,0.6898015928008019,-0.04742668245730158,0.9963063201155054
251,1,0,1,0,0,2,0,1,1,2,1,0,0,1,0,1,1,0,0,1,1.6494703029672833,-0.8292746566086012,1.3190274394653545
252,2,0,1,0,1,2,0,2,0,1,0,1,0,0,1,1,1,0,2,1,-2.0513735172821583,-0.8183921623636805,-0.647877398927118
253,1,0,1,0,0,1,0,2,0,1,0,0,0,0,1,1,1,1,2,1,-1.952088675737282,-1.3647516201593155,-0.8032576214180733
254,1,2,0,2,0,0,0,0,0,0,0,0,0,0,1,0,0,1,0,0,-1.9414264811758275,-0.4177426767115971,-2.739328087997281
255,1,1,0,0,0,0,0,0,0,1,0,0,0,0,0,1,2,1,1,2,-0.1323070553495025,0.4597326664267701,-0.42141289788905556
256,1,1,1,0,1,1,0,1,0,1,0,0,0,1,0,1,1,0,0,1,-1.0695583061153875,2.077269520479381,0.7598129180389861
257,0,2,0,0,0,0,1,2,2,0,1,0,0,1,0,0,2,1,1,1,0.9330961396903139,0.633333221971593,3.1195545773871287
258,0,1,0,0,0,1,0,0,2,1,1,0,1,1,1,0,0,1,0,2,-0.0904843069458554,-0.7920000601502847,0.9853959896976303
259,1,1,2,0,0,1,1,0,0,1,1,1,1,1,0,0,1,0,1,0,0.02440924257558003,-0.148956529351005,-1.7096005370722467
260,0,2,0,0,0,2,0,1,2,0,0,0,0,1,1,1,1,1,0,0,0.8240979885793499,0.08915886335818164,2.112636485259307
261,2,2,1,1,1,0,0,1,2,2,0,0,0,0,2,0,2,0,2,1,0.1283376635132032,-0.29637449874981975,-1.426991491846685
262,1,1,1,0,0,1,0,2,1,1,0,1,0,1,1,0,1,1,1,0,-1.3918460731645868,-1.5183946762360643,-1.0381063094547232
263,1,2,1,0,1,0,0,2,1,0,1,0,0,0,1,1,0,1,1,1,1.7349345136130299,1.2572769889026865,0.5291910416181901
264,0,1,2,1,0,2,0,0,0,0,0,0,0,1,1,1,2,1,2,2,-1.0692200746479066,0.5889352590936251,0.17126261645376983
265,1,1,1,1,1,1,0,0,2,1,0,0,0,2,1,2,1,1,1,2,0.2912916092270825,-0.6601731711290566,-0.7772010730219503
266,1,1,1,1,0,1,0,2,0,0,0,0,0,2,2,0,2,1,1,1,1.6027955870695303,-0.8014703372577243,0.5077083566186222
267,1,0,1,0,0,0,0,1,1,1,1,1,0,0,1,0,0,0,0,1,-0.23727931870075214,1.4642134020236701,0.9155034632154899
268,0,1,1,0,0,2,0,0,1,1,0,0,0,0,1,0,0,0,1,0,-0.5359328476103178,-1.7519425923297498,-0.035638296450412665
269,1,2,1,0,0,1,0,1,0,0,1,1,0,1,0,0,2,2,1,1,0.8471195819959906,-0.038103016262296396,0.005103783371341708
270,0,2,0,0,0,1,0,2,0,1,1,1,0,0,0,0,2,0,1,0,0.16640691120372947,2.0351539859367263,1.2709322158911696
271,1,0,1,0,0,1,0,1,1,0,0,1,1,1,1,1,0,2,0,2,-0.5797038758969745,-0.9061040465025022,-0.13772029614359171
272,1,1,1,1,0,1,0,1,0,1,0,0,1,0,2,0,0,2,0,1,1.5741533403108199,-0.258577258831265,-1.1608725133604425
273,2,2,1,0,0,0,0,0,0,0,1,0,0,0,1,1,1,1,1,2,-0.1528495525763758,0.5968748378560211,1.0278438276002084
274,1,2,2,0,0,1,0,1,1,1,0,0,0,1,0,0,1,0,0,0,0.5544865948852908,0.4307285415126043,0.7336825274537675
275,0,0,0,0,0,1,0,1,1,0,0,0,1,1,1,1,1,1,0,2,-1.1865904769127187,-2.5724885170486775,0.11478306817208228
276,1,0,0,0,0,2,0,0,0,0,0,0,1,0,1,0,2,1,0,2,0.02321817927916674,-1.6904687715985127,0.5322779048936385
277,0,1,0,0,0,1,0,2,0,0,0,0,0,0,1,1,1,1,1,1,-0.10953446979490575,1.402528671884884,2.4858273268460183
278,0,1,1,1,0,1,0,0,2,0,1,1,1,0,0,0,1,2,1,0,-0.0008980781352772788,0.047954131081834966,0.12466246658789484
279,0,1,1,0,0,0,0,0,2,0,0,0,0,1,1,1,0,0,0,1,-1.1711334819005488,-1.516235851281742,-1.2336671047247791
280,1,1,1,0,0,1,0,1,0,1,0,0,0,1,0,0,1,0,0,2,0.9085444821952979,-2.3796250285126743,0.5624510242908665
281,2,0,2,0,1,0,0,1,1,2,0,0,0,1,0,0,0,2,0,0,0.4788597848144228,0.4568927682840525,-0.6943981334308951
282,1,1,1,2,1,1,2,1,1,1,1,1,0,0,0,0,2,1,1,1,-1.773095542022258,0.6476745951116455,-0.6070858337879641
283,1,2,1,0,0,1,0,0,2,2,1,0,0,0,0,0,2,2,1,2,1.0504149971993606,-0.4364713176045576,-0.8995960838363681
284,0,2,2,0,1,1,0,1,0,0,1,0,0,0,1,2,1,0,1,1,0.16884632104907338,0.028271751711004822,-0.8657518049819073
285,1,0,0,1,1,2,0,1,2,1,0,0,0,0,0,0,1,2,0,0,-1.4573935263808828,-1.2741414297401836,-1.7681016255823239
286,2,2,2,0,0,1,0,0,2,0,0,0,1,0,1,0,1,0,0,2,-1.3563411130590708,-1.8770963711257727,-0.9085880347413835
287,0,1,2,0,0,1,0,2,0,1,0,0,0,1,1,1,0,0,2,1,1.9617009943822237,0.29777264238849166,1.5956972346542875
288,1,1,0,1,0,0,0,0,1,1,0,0,0,0,0,0,0,0,0,1,0.07395208022712575,-0.7905889115107676,-1.886670397253076
289,1,0,1,1,0,1,0,2,1,0,1,0,0,0,1,1,1,0,0,2,-1.0543789138007729,0.20423591206338845,-1.1746808717514514
290,0,1,0,0,0,1,1,1,0,0,0,0,1,0,1,1,0,0,1,0,-0.6067048692165805,-0.10891639991450164,1.1293109499940377
291,0,1,1,0,0,2,0,0,1,1,2,0,1,0,0,1,0,0,0,1,-0.3927083113008108,0.6224353395058192,0.37214054994946355
292,1,0,0,1,0,1,1,1,1,1,0,0,1,1,1,0,1,0,0,0,0.3090715298364309,-1.8575341752286945,-0.44550573813225325
293,0,0,1,0,1,1,0,1,1,0,0,0,1,1,0,1,0,1,1,1,0.7857654578665539,-0.3202558949706443,-0.19335443855980056
294,0,1,0,0,1,1,0,1,0,1,1,0,0,1,0,0,0,1,0,1,0.5680946522154726,-0.6212353325800668,0.09025912905092763
295,1,0,1,0,0,1,0,2,1,0,0,0,2,1,0,0,1,1,0,0,-1.3516370828409527,1.701308810225349,-1.0862988458527063
296,1,1,1,0,1,0,0,0,0,0,0,0,0,1,2,1,1,1,2,1,0.9097251514683955,-0.22809018833670175,0.29675291172287316
297,1,1,2,0,0,1,1,0,0,0,0,0,1,1,1,1,1,1,0,1,0.1675452621585569,-0.2240664794964826,1.5916881154831404
298,0,1,1,0,0,0,0,2,1,1,0,0,0,0,0,0,1,1,1,0,0.5095299948696121,0.6784146594345929,1.1380244014481438
299,0,0,1,0,0,0,1,1,2,0,0,1,1,0,1,1,2,2,0,2,1.308951636100109,-1.0976456635919511,-0.06765369777624802
300,0,1,1,0,0,1,0,1,1,0,0,0,0,1,1,2,2,1,0,0,-0.3445887353517742,1.0045957199315785,-0.6678286595101653
301,1,1,1,1,0,2,0,1,2,1,1,1,0,1,0,0,2,2,2,2,0.10218774604683879,0.3535761619282227,-0.8706417538104119
302,1,2,1,0,0,1,0,1,1,1,1,0,0,0,1,1,1,0,0,1,0.10972942092346133,0.5565543898176114,1.893708488051066
303,0,2,0,1,0,2,0,0,1,1,0,0,0,0,0,1,1,0,2,0,-1.106289519680265,-0.4238222539476634,-1.9298076466870473
304,2,2,1,1,0,1,0,0,2,0,1,0,0,0,1,2,2,0,0,1,0.9332351025346732,0.6075536577261982,-0.25875728800489584
305,1,0,2,1,1,0,0,2,1,0,0,0,0,1,0,2,1,1,0,1,0.8790815803876373,1.3637768919955107,-0.15731354842118628
306,0,2,1,0,0,2,0,0,1,0,0,1,1,0,1,0,0,0,0,1,0.4038672138194289,-0.21328780568740144,-0.2771838193343913
307,0,1,1,0,0,0,0,1,1,0,0,1,0,0,1,0,1,1,1,0,-0.6270076633440235,-0.6708444613656335,1.6270533818075914
308,2,2,2,1,0,2,0,1,1,0,1,0,0,0,0,0,2,1,0,2,1.2538546679501397,0.7869015570621287,1.0851548166208917
309,0,0,1,0,0,2,0,0,0,0,1,0,0,1,0,1,0,1,1,0,0.17162224121952577,0.7478610647056452,0.5835481627863586
310,1,1,0,1,0,2,0,1,2,1,0,0,0,1,0,0,2,1,0,1,0.7451121871744066,-1.1290248234036575,-0.9300251627359037
311,1,2,1,0,0,0,1,1,0,2,0,0,1,1,0,0,1,1,0,0,-0.2373675748457035,0.3422725357623805,-0.6541902948905101
312,0,0,1,0,0,0,0,0,1,1,0,1,0,0,0,1,0,0,1,0,0.8143842384854126,1.1808684437442059,0.19864146826486218
313,0,0,1,0,1,0,0,1,1,0,0,0,2,0,1,1,2,0,0,2,0.69333501501553,-0.0740232900876528,-0.43333660208872443
314,1,1,1,1,1,1,0,2,0,1,0,1,0,0,1,1,0,2,1,1,0.49142654574338257,-1.0047193214458634,-0.5115745237700139
315,2,0,0,1,0,2,0,1,1,1,0,0,0,1,0,2,2,0,0,1,0.2886569267849988,-1.498430881935475,0.658954644599974
316,1,1,0,1,0,1,0,0,1,1,2,0,0,1,0,1,1,0,2,1,-0.5880759424707765,-2.1148869085413633,0.08320629754221814
317,0,0,1,0,0,1,0,2,1,1,1,0,1,0,1,0,1,1,1,2,-0.9265858576634963,1.4270498864054058,-0.19637650955121405
318,1,0,2,0,0,1,0,0,0,1,1,0,1,0,0,0,0,0,0,0,0.6349387388059506,1.178787488181445,1.4260920762136464
319,1,1,1,2,0,2,0,1,2,0,0,0,0,1,1,1,0,0,1,1,-0.4535452617173387,-1.3062325467891691,1.0966945836423483
320,0,0,0,1,1,0,1,0,0,0,1,0,0,2,0,0,1,1,0,0,0.2857340038139511,2.300077744891194,1.319594517924446
321,1,2,2,0,0,2,1,1,2,1,0,0,0,0,1,1,1,1,1,1,0.04832455903582397,-0.4409638565234768,0.006578551459050383
322,1,1,1,0,1,0,0,1,0,1,0,0,0,1,0,1,0,0,1,2,0.43954691114589356,-0.5629739373707192,-0.3670477980481496
323,0,2,1,0,0,1,0,1,0,0,0,0,2,1,2,0,1,0,0,1,-0.43138760177411256,-0.9619794421887656,1.0654732053333484
324,1,1,1,0,1,0,0,1,1,1,1,1,0,2,0,1,1,1,1,0,0.025366140659692202,-0.8317806385569184,-0.958655053971937
325,1,1,1,1,0,0,0,1,1,1,0,1,0,1,2,1,2,1,2,1,0.09973675825026301,0.2891164798628917,-0.13194261929305953
326,0,1,2,0,1,0,1,2,1,1,0,0,0,1,1,2,0,1,1,0,-1.036534564151306,2.2040258879740424,1.1124395016629778
327,2,1,0,0,1,2,0,1,0,1,0,2,0,1,1,1,1,0,0,0,0.2977569087119324,-0.5885161269684993,-1.263895160174871
328,0,1,1,0,0,2,0,0,1,2,0,1,0,1,1,1,1,2,1,1,-0.965169061021636,1.5737478591091834,0.03503223299041669
329,1,1,2,0,0,1,0,0,1,1,0,0,0,1,0,1,2,2,1,2,0.6737179691676171,-2.297519603987669,-0.10008019013217312
330,0,2,1,0,1,0,1,0,1,0,0,0,1,0,1,2,0,1,0,2,0.7900391406052264,-0.24535046929551235,-0.1839489144037007
331,1,0,2,0,0,2,0,0,0,1,2,0,0,1,1,0,2,2,0,1,-1.7715153876466319,0.4513041600154448,-0.17456754347589654
332,2,1,1,1,0,1,0,1,1,1,0,1,0,1,0,1,1,1,1,0,1.2167862402530294,-0.985605887744141,0.9032541233027707
333,1,2,0,0,1,1,0,1,1,1,1,1,0,1,1,0,1,2,1,2,-1.377878700336234,-1.6045196629591216,-0.30429244622580653
334,0,1,1,0,1,1,0,1,1,0,0,1,0,0,0,1,0,2,0,2,-0.838269178028466,-0.08754640226663678,-0.445007027771941
335,1,1,1,0,0,1,0,0,2,1,1,0,0,1,0,0,1,0,1,1,-0.6851945368621367,-0.5917474756118337,-0.29484411923866
336,0,1,1,1,1,1,0,1,0,1,0,0,0,0,0,1,2,1,1,1,0.46485133392400313,-0.15210804500849837,0.4305420551339476
337,1,1,1,0,1,1,0,0,0,1,0,0,1,0,1,0,1,1,1,2,0.12101363900021721,0.06044260984019109,-0.43448907496594125
338,1,1,0,0,1,0,1,0,1,0,0,1,0,1,1,1,1,1,2,1,0.6225990875399827,-0.34758676638782665,-1.3826632881734315
339,0,1,2,1,0,1,0,1,1,1,1,2,0,2,1,0,1,1,0,0,-0.8699171779919306,-0.5476239116992897,-0.43249923678506175
340,0,1,0,0,1,2,0,1,1,1,0,1,0,0,1,1,2,1,0,0,1.2655595247153983,1.3784403574782516,2.127458027803829
341,0,0,1,1,0,0,0,0,0,1,0,0,1,1,2,1,0,0,1,1,-1.1318125477040066,-0.2585466974745863,-1.6297471211163277
342,0,0,0,0,0,1,0,1,2,0,0,1,0,1,0,2,1,1,0,0,-2.4574719158016336,-0.4873087047780542,-0.5309432450446973
343,0,0,0,0,0,0,0,0,0,0,0,0,1,2,1,0,0,1,2,2,0.08732756038614001,-0.13952940122358384,1.0232428359908887
344,1,2,0,0,0,0,0,1,2,0,0,0,0,0,0,2,1,1,0,0,-0.09306617004514622,0.23632238636018732,-0.163037428449665
345,0,1,0,0,0,0,0,0,1,2,0,0,0,1,0,0,1,1,0,1,0.5489704700569149,0.41502931841909874,0.9095250122417569
346,1,1,1,0,0,0,1,0,1,0,1,0,1,0,0,1,2,1,2,1,0.18608831390878752,-0.5675836403640491,1.5807205449244774
347,2,0,2,1,1,1,0,2,1,0,0,1,0,0,0,1,0,1,1,0,-1.2988611265614998,0.6403090553708961,1.414976619219285
348,0,2,0,0,1,1,0,2,0,0,1,0,0,1,0,0,1,2,0,0,-1.4461858057843975,0.5688250120848877,-0.944884417636509
349,0,1,1,0,1,2,0,1,1,1,1,2,0,1,0,0,2,1,1,0,0.08384607567868671,0.4752518506405187,0.22920345032527029
350,1,0,1,1,1,1,0,0,1,0,0,0,2,1,1,0,2,1,1,1,-0.5477100252689875,0.8027087656546141,0.09131933385116361
351,1,0,0,0,0,1,0,0,1,0,1,0,0,1,2,0,0,1,1,2,0.7923770885463375,1.442638795564263,-0.18796389073557074
352,0,0,0,0,1,1,0,1,1,2,0,0,0,1,0,1,1,1,1,1,0.4190869990426813,0.4561103594028924,-0.8628934534347261
353,0,1,0,1,1,0,0,1,1,2,0,0,0,2,0,1,0,1,2,1,-1.3898969615926278,-0.4935984441937514,-1.3498307325952659
354,0,2,1,0,1,1,0,1,1,0,0,0,0,0,0,1,1,0,1,1,0.512299334386078,-1.2774723011219922,-1.2786760764261207
355,1,0,1,0,0,1,0,1,2,1,0,1,0,1,1,0,2,0,0,1,-0.8558672423182188,0.37918686481738706,0.20749875948868454
356,1,1,0,0,2,2,0,0,1,1,1,1,0,0,0,1,2,1,0,1,0.9287969545066053,-0.21502754377688588,0.20259294332728545
357,0,1,0,0,0,0,0,2,1,0,2,0,0,1,2,1,0,1,0,0,2.2210111100866214,2.360924835832872,2.3524498205289777
358,1,0,0,0,1,1,0,1,2,0,0,0,0,0,0,0,1,1,0,0,0.34559925625818216,0.19195436574641173,-0.6982537940305011
359,2,0,0,0,0,0,1,0,2,0,0,0,0,0,0,0,2,1,1,2,-0.878373088669307,0.3185581410590526,0.1377315331551252
360,0,1,1,0,0,2,2,2,1,0,1,0,0,0,1,2,2,0,1,1,0.7945314051042939,-1.5373613745571553,1.0158026687407928
361,1,1,0,0,0,1,0,1,1,1,1,0,0,0,1,0,0,1,0,2,1.7038735021097182,0.314098321095164,2.4704601986193726
362,1,1,2,0,0,1,1,0,1,1,0,1,0,0,1,2,1,1,1,0,0.2434205963618097,0.3423492084146046,1.1168041705298384
363,1,0,2,1,1,2,0,0,1,1,0,1,0,0,0,0,2,1,0,2,0.12522963373414156,-1.0373125540485573,-2.1489023741104396
364,2,1,1,0,1,1,1,1,0,1,1,0,0,0,1,0,1,1,0,1,2.082930285775655,0.4887129390126529,1.0992775576002427
365,0,0,1,0,1,0,0,0,2,1,0,0,0,1,1,1,1,1,1,0,1.139593097133711,1.7030427686033374,-0.6532112737818585
366,1,1,1,0,0,2,1,1,1,0,1,1,0,1,0,0,2,1,1,1,-1.3208722129272974,-0.8454424981748425,-2.913164578118452
367,2,0,1,0,0,0,0,0,1,0,0,1,0,0,0,0,1,2,0,1,-1.2342210121969868,0.896840776450529,0.6628717436029037
368,0,1,1,0,1,1,0,0,2,2,0,0,1,0,1,0,0,0,1,0,-0.448562011864912,0.6400112371428075,-0.47483105233680545
369,0,2,1,0,1,1,1,0,0,1,0,0,0,1,0,1,1,1,1,0,-0.012229994634920228,-1.6121676315230207,0.6978136674478351
370,1,0,0,0,0,0,0,2,0,0,0,0,0,0,0,1,1,1,1,2,-0.3052891282469758,0.9684103254082116,-0.03331219026525872
371,0,2,0,0,0,1,1,2,1,0,0,1,0,0,1,1,1,2,1,0,-0.4260029069086361,1.3600077939323396,0.4346488570641409
372,2,1,0,1,0,1,0,0,2,1,0,0,0,2,1,0,2,1,1,0,1.123232734367096,1.493664989845036,2.1438982619073434
373,0,2,2,0,0,1,0,2,1,1,0,0,0,0,0,1,2,2,1,1,-0.6835659219280339,-0.07834188866346778,-1.2750098858428258
374,0,1,0,1,1,0,0,0,0,2,0,1,1,0,1,0,0,0,0,1,1.3950779056262361,1.3845350070006712,1.5715753424765933
375,1,2,0,1,0,1,0,1,2,0,0,1,1,0,0,1,0,1,1,2,-0.5492767142613589,-0.10399616109697127,-1.757235697401432
376,0,1,0,0,0,2,0,1,1,2,0,1,0,0,0,1,1,1,1,1,-0.5053046635400656,0.4217187378311136,1.0965789896014244
377,1,1,0,0,0,1,0,1,1,0,0,1,1,1,0,1,1,2,0,2,0.896034475611028,0.0417581083341394,0.22920809134097408
378,1,2,1,0,1,1,0,0,1,1,0,0,0,1,1,1,1,0,1,0,1.4035052073016636,-0.9753331120682699,0.48068841412088514
379,0,1,1,0,1,0,0,1,0,0,0,0,0,0,1,0,1,2,1,2,-0.21509354822769927,1.5761214759062248,3.4334535054204434
380,1,0,1,1,0,1,0,2,1,0,0,0,1,0,1,1,0,1,1,1,1.1194287087922148,-0.01458520823305437,0.4212430251785203
381,0,0,0,0,0,0,0,2,1,0,1,0,0,1,1,1,2,1,1,0,0.17693440664250737,-0.1945222711196814,-2.3989070244063697
382,2,1,1,0,0,0,0,1,2,0,0,0,0,1,0,0,0,1,1,2,-1.5163949179456226,-0.225714585978649,-0.19271484703174435
383,1,2,2,0,0,1,0,1,0,0,1,0,1,0,0,0,0,1,0,0,1.1382002625002228,0.753219116302126,-0.17565918529940516
384,1,0,2,0,0,0,0,0,1,0,0,0,0,0,1,1,0,1,0,1,-0.8011773473782733,-0.6443808067946609,2.2040963370372326
385,0,0,0,1,1,1,0,1,0,1,0,1,1,0,1,1,0,1,0,1,0.43083805317424506,-0.16358975512507293,0.42075773270977246
386,0,1,0,0,0,1,0,1,1,1,0,0,0,1,1,0,1,2,1,1,2.5785008438764736,1.9544670229087093,2.8063454128217913
387,1,1,0,0,1,0,0,0,1,0,0,0,0,1,1,0,2,2,1,1,0.8976261680625157,-0.8667809642508503,0.5862679108350759
388,0,0,1,0,2,1,0,1,0,1,0,1,0,0,1,0,0,1,1,1,-1.1130754694173888,-0.07239266334942182,-2.130997507784487
389,2,1,2,0,0,1,0,2,0,0,0,1,1,0,0,0,0,2,1,2,-2.783471758600263,0.5612299870362718,-1.045856549089352
390,0,1,1,1,0,0,0,0,2,0,2,0,0,0,1,2,1,2,1,2,-0.12047836164709885,-1.3493234070376903,-1.4429472403705177
391,0,1,0,0,0,0,0,0,0,0,0,1,0,0,0,2,1,1,1,2,-0.877524943335393,-1.3005245769263947,-1.0647965491338214
392,1,2,0,1,1,1,0,2,1,1,1,1,1,0,0,0,1,0,1,2,0.5471031580972036,-0.018671763860601265,-0.7373371731241714
393,2,0,1,0,1,0,0,0,0,1,0,1,1,0,0,2,1,2,1,0,0.24654069706422868,1.656050261457277,-0.7283637198169393
394,0,1,0,1,1,1,0,1,1,0,0,1,0,0,0,0,1,1,1,2,1.2560413253801872,-0.18153301498143504,0.13693203565658058
395,1,1,1,1,0,1,0,1,1,1,0,0,1,1,0,1,0,1,1,1,-0.8924936623083697,0.4682125159387505,0.5219251789637325
396,0,0,2,1,0,2,0,0,1,0,0,0,0,1,0,0,2,0,0,1,1.58181384040764,1.1429734266138483,1.6487327466016004
397,0,2,1,1,0,1,0,0,1,1,0,1,0,0,0,2,0,1,1,0,0.6056936785297992,-0.047320131362632134,0.5061570393779993
398,2,2,0,0,0,1,0,1,2,1,0,1,0,2,0,0,2,0,1,1,-0.4627912980529286,0.9361008694944198,1.1929710663858062
399,1,1,2,1,0,1,0,0,0,0,0,0,0,0,0,1,0,0,0,1,0.3785611871909263,0.540522635031508,-0.23723451331042072
400,0,0,1,0,1,1,0,1,0,2,0,1,0,1,0,1,1,1,0,0,-0.7738679225374743,0.514414417102707,-1.0277116027534203
401,1,2,1,1,1,1,0,1,0,1,0,0,0,2,0,1,1,0,2,0,-2.3937322127286365,-0.24512508202260425,-1.4437622328356225
402,0,1,1,0,1,2,0,1,1,1,0,0,0,0,0,0,1,1,0,2,-0.08489042986505035,1.099667263957977,-1.2645507610904427
403,0,1,1,1,0,2,0,2,0,1,0,1,0,1,0,0,0,0,1,1,-0.06253838445318842,0.4631185672056126,-0.251447332833862
404,0,0,0,0,0,2,0,1,0,1,1,2,1,1,2,0,2,1,1,1,0.9189785777128946,0.6399082340848276,0.945767656363192
405,0,0,1,0,1,0,0,1,0,0,0,0,0,0,2,0,1,1,0,2,0.2296049199971763,-1.6484091293092444,-0.174288414226271
406,0,0,0,0,0,1,0,0,2,1,0,1,0,0,1,2,0,1,0,2,1.018168220108656,0.9345635369498033,1.0572478191887194
407,0,2,0,0,1,1,0,1,0,0,0,0,1,0,0,0,0,0,1,1,-2.3758031457825552,0.5701280450246727,-2.8381040212170046
408,1,2,2,1,0,1,0,2,0,2,0,1,0,1,0,1,1,1,2,0,-1.2818257549525867,0.2815592661164577,-1.228780134112652
409,2,1,1,0,0,1,1,1,2,0,0,1,0,0,1,1,1,0,1,2,0.1453226843008961,0.6850449014785507,-0.21333809598363018
410,1,2,0,0,0,1,0,1,2,0,0,0,0,0,1,1,1,0,1,1,-0.8800339036696865,-0.47770601150259073,-0.4363426569409073
411,1,1,1,1,0,0,0,0,2,1,0,0,0,1,1,0,2,0,0,2,1.0377369494354929,-0.5925293868658126,-0.922905299044551
412,1,1,2,0,0,1,0,0,0,0,0,0,1,1,0,1,2,0,1,1,-1.828347050469856,-0.6929318457243305,1.3435697406452591
413,2,1,2,0,0,1,0,1,1,1,0,0,0,0,1,1,1,1,0,1,-1.2204354005365818,-2.1265964577620653,-1.1521067624579986
414,0,2,1,0,0,2,0,1,2,1,0,0,0,0,1,1,2,2,1,1,-1.3716166346177074,-2.388010369950764,-0.34090876548726984
415,0,1,1,1,1,1,0,1,1,0,1,1,0,0,0,1,2,2,1,0,-0.46229059792668914,0.2688013645288928,-0.4642967863773643
416,2,2,0,0,1,1,0,0,0,0,0,0,0,0,0,0,0,1,0,2,0.45674815238783356,0.38129512640359076,1.1620248190779265
417,0,1,1,0,0,1,0,1,0,0,1,0,1,0,0,1,0,2,2,2,-0.6653574805561064,0.347951988093651,0.9097943230134955
418,1,0,0,0,0,1,0,1,1,1,1,1,0,0,0,1,1,0,0,0,-2.5682231011666388,1.2526274618441566,-0.9599325075791316
419,1,1,2,1,1,2,0,0,0,0,1,0,0,0,1,0,1,0,0,0,-0.06919030986687666,0.20850476638801785,-1.9773709626797344
420,0,2,2,0,1,1,0,0,2,0,1,0,2,0,0,1,1,0,1,2,-1.7074897763056658,-1.8519455541439045,-1.3069054471837154
421,2,1,1,0,1,1,0,1,2,0,0,2,0,0,0,0,1,2,1,1,0.6871014974802717,-0.26658787101006304,0.8353135137434518
422,0,1,0,0,0,1,0,1,1,1,0,0,0,1,0,1,1,0,0,0,-2.8361859972317416,0.31071287736058784,-1.1974155126467383
423,1,1,0,1,0,1,0,2,0,1,0,0,0,0,0,2,2,0,1,0,-0.3791590407426687,1.1886660410241054,-0.5060236213236305
424,0,1,1,1,1,0,0,1,1,1,0,0,0,1,1,0,1,1,1,0,0.4780428436097603,-0.5186307712513036,-1.3644314543828746
425,0,1,1,1,0,0,0,0,1,0,0,1,1,1,1,1,2,0,2,0,0.7850637119677436,0.9812954993596517,0.1651862944215826
426,0,1,0,1,1,0,0,2,1,0,0,0,0,1,2,0,0,0,0,0,-0.4395532117050992,0.5633923671010106,1.4862586364502044
427,2,1,1,0,2,0,0,1,0,0,0,0,0,1,0,0,1,1,1,1,1.8190920373221633,-0.6010291920516593,0.5010444439715543
428,0,1,1,1,0,0,0,0,0,0,0,2,0,2,0,0,2,1,2,1,1.362823680455792,0.8716079746551735,-0.14744864017707981
429,0,1,1,0,0,2,0,1,0,2,0,0,0,0,0,1,2,0,1,2,0.8570190093761584,-0.527444390250049,-0.5052096849068963
430,0,1,0,0,0,2,0,0,2,0,0,1,0,1,0,0,0,2,0,2,-1.4774401019793204,-1.296466108475149,0.22609885673667562
431,1,2,0,1,2,1,0,2,1,0,2,0,0,0,1,0,0,1,1,0,-1.283932274389446,-0.17608338976631657,-2.2459581413932725
432,1,0,1,0,0,0,0,1,1,0,2,0,0,1,0,0,1,1,1,1,-0.9284508018816859,-1.9884712417657913,1.917169048199497
433,1,0,2,0,1,0,0,1,0,1,1,1,0,1,1,0,0,2,0,1,1.811420951808679,2.470207827702003,2.555572619638385
434,0,1,0,0,0,2,0,2,0,0,0,0,0,1,0,0,1,2,0,1,0.2757598497293899,1.3857796714131885,1.2929300659141507
435,0,2,1,0,0,1,0,0,0,1,0,0,0,0,0,0,2,0,0,0,0.26725337033714847,-0.8730721271796387,-1.265842693379984
436,0,1,1,1,0,0,0,1,0,1,1,0,0,0,1,1,0,1,0,0,-1.8404164598180794,-0.12010526644120131,-0.7209770991671217
437,1,1,2,1,1,1,1,0,1,0,1,0,0,0,0,1,0,1,1,0,-0.5455592917435711,0.4771850880124181,-2.008988268083211
438,1,1,0,0,1,2,1,1,1,1,0,1,0,0,1,1,1,2,0,1,-0.10572486672754272,1.1542984860232086,-1.6843485591582534
439,0,2,2,0,1,1,0,1,2,0,1,0,0,0,1,1,2,2,0,0,-0.32097866504718026,0.207498213356881,-0.5518470751623447
440,0,1,0,1,0,2,0,1,1,1,0,1,1,1,1,0,1,1,0,0,-0.9223012111775444,-0.7309125378430564,-1.427365066997039
441,2,2,1,0,0,2,0,1,1,0,0,1,1,1,0,1,1,2,1,1,-1.173617272842967,-0.006390210267877991,-0.5856633531989501
442,1,1,2,0,0,1,0,0,1,0,0,0,0,0,0,0,0,0,1,2,-0.7388536874861075,0.8977735621588755,0.12405404414953275
443,1,0,1,1,1,1,0,1,1,0,0,0,1,1,1,0,1,1,1,0,2.1665124376021545,0.5284837267100673,2.3368418275884397
444,1,1,1,0,1,2,0,2,0,1,0,0,0,0,0,2,1,2,1,2,-0.16932488287201652,-0.30951635254970356,2.177025117859585
445,0,2,1,0,0,0,0,1,1,1,0,1,0,0,0,0,1,1,0,0,-0.7412454481781359,0.45855136895186666,-0.5064808943206076
446,0,1,0,0,1,1,0,0,2,0,1,0,0,1,1,0,1,0,1,1,-0.8361021463761158,-0.14351570179166023,0.24370656874314478
447,2,1,1,1,0,0,0,0,1,2,0,1,0,0,0,0,0,0,0,1,-0.2873590475101998,-0.15230408585021293,0.127049260026149
448,1,1,1,1,1,1,0,0,0,1,0,1,0,0,1,1,2,1,2,1,-0.3351179983982389,0.25196530087505936,0.11919035949220426
449,0,1,1,1,1,2,0,1,1,2,0,0,0,1,1,2,1,1,1,2,0.26608356974108677,2.990694070282221,4.13646295303014
450,1,2,2,0,0,2,0,0,2,0,0,0,0,0,0,0,0,1,0,2,-1.50759851222337,-0.46180280971780374,-1.6549698221730278
451,2,2,1,1,0,2,0,1,1,0,0,0,1,0,0,2,1,1,1,1,-0.6985940720739741,-1.4022179204306267,-1.2916548746137948
452,0,0,0,0,0,1,0,2,1,0,1,0,1,1,2,2,1,0,2,1,-0.20023565662272474,0.3417537416706735,-1.6564083833792993
453,0,1,0,0,0,1,1,2,2,1,1,0,1,0,0,0,1,0,1,0,-1.6020977854391472,0.8123549116960691,-2.0185159775474
454,1,1,1,0,1,1,0,0,1,0,1,1,0,0,0,1,1,0,1,1,1.6831912525360146,0.2947714402422878,0.13955799128599555
455,0,0,1,0,1,1,0,1,2,0,0,2,1,0,0,1,0,0,1,1,-1.2743145955268267,-2.4761498372239115,0.6265275695888901
456,1,1,2,0,0,2,0,2,1,1,0,0,1,0,0,0,1,0,0,2,-0.31346076941633294,0.23994745069648094,0.6479203862641455
457,2,2,1,0,0,0,0,1,1,1,1,1,0,0,1,1,2,1,1,0,-0.3804404716030006,-0.3413718562161545,0.09188025900737329
458,1,1,2,1,0,0,0,1,0,1,0,1,0,0,0,1,2,1,1,2,-0.7558984400908892,-1.8442477536392041,-2.0176349332488908
459,1,1,2,1,0,0,0,1,1,0,1,1,0,0,2,2,0,1,0,1,-0.6261484521388785,0.7275836941295134,0.12383896267384367
460,1,1,1,0,1,1,0,0,1,2,1,0,0,0,1,2,0,0,0,0,0.45212473751895665,0.6073448760648235,-2.600689218975607
461,1,1,0,0,0,1,0,1,1,1,0,1,0,1,0,0,1,0,1,1,-1.5645622093384097,-1.2485574262994297,-1.0142317781102026
462,1,1,1,0,1,0,0,0,0,0,0,0,0,0,0,1,2,0,2,1,-0.816293342455143,-0.23309513532000256,-0.1067706457514449
463,1,2,0,0,1,1,0,2,2,1,0,1,0,0,0,0,0,1,2,1,-0.10796679651261805,0.06448973307530219,0.0626828304948
464,0,1,0,0,1,0,0,0,1,0,1,0,1,0,0,0,1,1,2,1,-0.35331860402077636,-0.6849334007921519,-1.9597122810310497
465,1,2,0,0,1,1,0,1,1,0,0,0,0,0,1,1,1,1,2,0,1.4248551366784006,0.5478042213312382,1.4685243707188231
466,1,1,2,0,0,1,0,1,1,0,0,0,1,0,0,0,1,2,1,1,1.339816056804188,-1.1767600665894482,1.0536921850262573
467,1,1,2,0,0,1,0,1,1,1,0,0,0,1,1,1,1,1,2,1,-0.3519046633328402,0.33144372955541057,-0.30424618121895575
468,1,0,1,0,1,1,1,0,1,1,0,1,0,1,0,0,2,1,2,2,-0.3102004773663666,-0.5422112845692567,0.03271705462388569
469,0,0,0,0,1,2,0,1,1,1,0,1,0,0,0,0,1,1,0,1,0.03384911835808477,1.1903709267184939,1.1273948715368676
470,1,1,0,0,1,1,0,0,0,0,0,0,0,0,0,1,1,0,1,1,-0.794965654475876,-1.2213582013610094,0.8493353543699099
471,2,1,0,0,0,1,0,1,0,2,0,1,1,0,0,0,1,0,0,0,-1.3842249620804161,0.6460600092105664,-0.6708624979350308
472,0,0,2,0,0,0,0,0,0,1,0,1,1,1,0,1,1,2,0,1,1.776388099522256,0.34562750836599404,0.4661839959778121
473,1,0,1,1,1,2,0,1,0,1,0,0,0,1,1,1,0,0,1,0,-0.44115950951895605,0.276165079196375,-1.1446423288429022
474,1,1,1,0,1,0,0,1,0,0,0,1,1,1,1,0,0,0,0,2,-1.3197294568964408,1.8517882427711718,0.6933559452943242
475,0,0,1,0,0,0,0,0,0,1,1,1,0,2,1,0,1,1,0,1,-1.033067913652473,-0.6116201730984596,-0.8748968110688105
476,1,2,2,0,0,1,0,1,1,2,0,0,0,1,0,0,1,1,1,0,1.695443571384083,0.16660663854009644,1.9201035076151736
477,1,1,0,0,0,1,0,1,2,0,2,0,1,0,1,1,0,2,0,1,-0.8468136500837409,0.6048911925322906,-0.8694259634853596
478,0,1,0,0,1,1,0,1,1,0,1,0,1,0,1,0,1,0,1,0,-0.20200946706204576,-1.0043856423222417,0.5501519853675929
479,0,2,1,1,1,0,0,1,2,0,1,0,1,1,0,0,1,1,1,0,-1.0330757701535371,-0.2960013507791061,-2.58746141081888
480,0,1,0,0,0,0,0,0,1,0,0,1,1,1,0,0,2,0,1,1,0.7442873017490922,-1.1794940882092866,-1.3477155073789384
481,0,1,0,0,0,0,0,1,1,2,1,1,0,0,0,0,0,1,1,1,-2.0120964900738723,0.297675521545646,-0.2032703928948031
482,0,1,2,0,0,1,0,1,1,1,0,0,0,1,0,1,1,1,0,0,0.44121864876989636,-0.2784532827360829,1.4263157983348551
483,2,1,0,0,0,0,0,2,0,1,1,1,0,0,1,2,1,0,1,0,-0.258966931076294,-0.13279316727929716,0.2576534892171599
484,0,1,0,0,0,0,0,2,2,1,0,0,0,0,0,1,1,0,0,1,0.5465034403347474,-0.5207092821164494,0.670186583007752
485,0,0,0,1,0,1,0,1,0,0,0,0,0,0,0,0,1,2,0,1,-1.368977776263088,-0.7779666954834069,1.036644436736546
486,0,1,2,0,0,1,1,2,1,0,0,0,1,0,0,0,2,2,1,1,2.004339876905554,-0.5285528777861025,0.6311072651594566
487,1,1,2,0,1,1,0,1,1,1,1,0,0,0,1,0,0,1,1,2,0.4662329700724229,1.534292857853288,1.7164194222494917
488,2,2,0,0,1,1,0,0,2,1,1,0,0,1,1,1,0,0,1,2,-0.6138090397442536,0.10681685976870423,-0.8894107086663554
489,0,2,0,0,0,1,0,1,1,1,0,0,0,2,0,0,1,1,0,1,0.25045128471922434,-0.6714785963515169,-1.3971367662210934
490,0,1,1,1,1,1,0,0,1,1,0,1,0,1,0,0,2,1,2,0,0.25108626072696383,-0.5799724587916241,-0.6036911826644737
491,2,0,1,0,0,0,0,1,1,0,2,0,1,1,2,0,2,1,1,0,1.0121880507036851,0.5463423788118634,1.7649883940702433
492,0,1,2,0,1,1,0,2,0,0,0,1,0,0,0,0,1,1,1,0,-1.3123803310067825,-0.22854023833463272,-0.3169029165450829
493,0,1,2,0,0,1,0,1,2,1,0,0,1,0,2,0,2,0,1,1,0.5882682284892686,0.8615946133914647,0.9397534460348582
494,0,1,0,0,1,1,0,0,0,0,0,0,0,0,1,1,2,0,0,2,0.6929850840427152,1.2364574148411807,1.035294011935554
495,1,0,1,1,1,2,0,0,1,0,0,0,0,0,0,1,1,0,1,2,0.4247559300175702,0.7869810959225683,1.1215689097598152
496,2,0,1,0,1,2,0,2,2,1,0,0,0,1,1,1,1,0,0,0,-1.3558533526639631,-0.0883271390553571,-1.0309852098138348
497,0,2,0,0,0,0,1,2,1,1,1,2,0,0,0,1,1,1,0,2,1.3049858136623884,0.11435187565465876,-0.3632737980548666
498,1,1,0,0,1,1,0,0,0,1,0,2,0,2,0,0,0,2,1,1,0.43762812762622105,1.257559902078846,1.3463510207862894
499,1,2,1,0,0,1,0,1,1,1,1,0,0,1,1,1,2,0,0,1,0.005506716708069543,-1.7858239970610386,-1.7093831053199677
500,0,0,1,0,0,2,0,2,1,0,0,0,0,1,1,0,1,1,0,1,-0.7702948045547946,0.8857246549830878,1.838987805706567
501,1,2,2,0,0,1,0,2,1,2,0,1,0,1,2,0,0,1,0,1,0.002169006476795193,1.2962707556211484,0.1325422365589628
502,2,2,1,0,2,1,0,0,0,0,0,0,0,1,0,0,2,1,1,1,-0.5066460281018486,-0.9793428258213576,0.8218782027375215
503,0,1,1,1,0,2,0,2,2,0,0,2,0,0,0,1,0,1,1,0,1.0310992098292708,-0.5488144344860676,3.1485527924385828
504,0,2,0,0,0,1,0,1,0,0,1,0,0,1,1,0,1,2,0,2,-0.010212702998579687,0.5093783418452396,0.2742580508246097
505,0,1,0,0,1,0,1,0,0,1,0,0,0,0,2,2,2,1,1,1,-1.6587177448275485,0.17154142079856266,-0.5719989520828207
506,0,1,0,0,0,0,0,2,1,0,0,0,0,0,1,2,0,0,1,1,-2.1033924534917734,0.5060586734611646,-1.4034080754015665
507,0,2,0,1,0,2,0,2,1,1,0,0,0,0,1,1,1,2,0,1,-0.5720627235030171,-0.8016764448848501,0.9874068966113256
508,0,2,1,0,1,1,0,1,0,1,0,1,0,1,0,0,1,1,1,0,-1.2279728805655128,-0.623080917081459,-0.2540286407638675
509,0,0,1,0,1,1,0,1,1,1,0,0,0,1,0,2,1,0,1,1,-1.029868578145126,1.4660039239568536,-0.22848706689050707
510,0,1,1,0,0,0,0,0,1,0,0,1,0,0,0,0,1,0,0,0,0.62518844366697,0.8992691361421267,0.4879395528453566
511,0,2,1,1,1,0,0,1,1,1,0,0,0,2,1,1,2,2,0,1,-1.0102247003186793,-0.2241850645930909,-2.0856267879781782
512,2,1,2,0,2,1,0,2,1,0,0,0,0,2,1,0,1,0,1,1,-0.12233677866567898,-0.7985280629502441,0.687863239535668
513,0,1,2,1,1,0,0,1,1,0,0,0,1,1,1,1,1,2,0,1,-0.9720991653160983,0.20059590107172184,-0.7250691375126604
514,2,2,1,1,0,0,0,0,0,0,1,0,0,0,1,1,1,2,1,1,-1.6292479314933843,-1.591456170019803,-2.630231458681629
515,1,1,2,1,0,0,1,1,1,0,0,0,1,1,0,1,1,2,0,0,-0.2489669749046033,2.459285264760466,1.337803316175593
516,1,1,0,0,0,1,0,0,0,1,0,0,1,1,2,0,1,1,0,1,-0.5171200334450234,-1.2230822059985753,-0.8750626975086546
517,0,1,0,0,1,1,0,1,1,2,0,0,0,1,0,1,0,1,0,1,-2.4517390606131197,-0.44523031176368993,-1.1731991576377931
518,0,1,1,0,0,0,0,0,1,1,2,1,0,2,0,0,1,2,1,2,-0.5992561078935047,0.25060460133528584,1.2593898038265419
519,1,0,1,1,0,1,0,0,2,0,0,0,0,0,0,0,1,0,1,0,-0.7177566380193686,-0.8876584869765967,0.43110967678966006
520,0,0,2,1,2,2,0,1,1,1,2,0,1,2,2,1,1,2,0,2,0.5236372789154542,-1.4460957466879576,-0.4696069747216605
521,0,0,1,1,0,2,0,0,0,0,1,2,1,0,1,0,1,1,0,1,-1.6082031648115331,0.05718041381435607,1.23717719415647
522,0,2,1,0,0,1,0,2,1,1,1,0,0,0,0,0,0,0,0,1,0.30828497261990945,0.7689992929590582,0.5462953398475273
523,0,2,1,0,0,1,1,0,0,1,0,0,1,2,0,0,2,0,0,2,-0.32463292896211965,1.144744838759677,1.3865692386996997
524,0,1,2,0,0,0,0,0,1,0,0,1,1,1,0,0,1,1,1,1,-0.36609827614670404,-0.6667665490751008,-0.2030742782768048
525,2,0,1,1,2,1,0,1,1,0,1,0,2,1,1,0,1,0,1,1,-0.8747572717135585,-1.2218964085675839,0.16612643084188727
526,0,1,1,0,0,1,0,1,1,1,1,0,1,2,0,1,0,0,0,0,-0.09830098651434226,0.41772675818153515,0.28314306600576716
527,0,1,2,0,2,1,0,0,0,1,1,0,1,1,0,1,1,0,1,1,-0.6501938098616452,-0.020947752382769164,0.7935052458588312
528,1,2,2,0,1,1,0,0,2,2,0,0,0,1,0,1,1,1,1,0,0.9518080391866828,-0.42532812153264155,0.6471748656556743
529,0,1,1,0,1,1,0,0,0,0,0,0,1,0,0,2,1,2,1,1,-0.11216894238458402,-0.6199706497117528,0.671140044059271
530,0,2,0,1,0,1,0,1,0,2,0,0,0,0,1,1,0,0,0,1,-1.9786624746635006,-1.2326022015544038,-0.7282465233272597
531,1,2,0,0,0,2,0,1,0,1,1,0,1,1,2,0,1,0,0,1,0.8472224982955843,0.4038284559187157,-0.06843072109321979
532,0,2,0,1,0,1,0,0,0,0,0,1,1,1,0,1,2,2,1,0,-2.0575182932930454,-0.7075359783771378,-0.5672052501449005
533,0,1,0,0,1,1,0,0,2,1,0,0,1,0,0,0,0,1,1,1,-0.96482146853055,-1.509213943627897,-1.3386506931757185
534,0,1,1,0,0,1,0,1,1,0,0,0,2,1,0,2,1,1,1,1,2.5252026853629235,1.1115150763942756,0.8179890800675779
535,2,1,0,0,1,1,0,1,2,0,0,0,2,1,1,0,0,0,0,0,0.8381429460370251,0.31010762038319495,-0.3428426926472124
536,1,1,2,1,0,0,0,0,1,0,1,0,1,0,1,0,2,0,0,0,-0.27757969925028525,-0.6797458517359358,-0.3924695635786595
537,0,1,1,1,0,1,0,0,1,0,0,0,0,1,0,0,1,2,0,1,-0.5436145396995041,0.15675737254337635,0.7595386081920188
538,0,1,0,1,2,1,0,0,1,1,0,2,0,0,2,2,0,1,1,1,-2.102192040472877,-1.64602040709312,-0.44024977380457275
539,2,0,2,0,0,1,0,1,0,1,0,0,1,0,2,0,1,1,1,2,0.3728729859390646,-0.2664713854542562,-0.6284672902985519
540,1,2,1,0,0,0,0,2,1,0,0,0,0,0,0,2,1,2,0,1,-2.660624833029614,-1.1262104841741458,-0.9218310653363565
541,1,1,0,0,0,2,0,0,1,1,0,0,0,1,1,0,2,1,1,1,1.9187381108683859,-1.1771977650082686,1.2852835457229452
542,0,0,0,0,0,2,0,1,0,0,0,1,0,1,1,0,0,1,1,0,-0.2764598697040199,-0.9318793918781821,-0.3345648801522139
543,0,1,1,0,0,2,0,0,1,0,1,1,0,2,1,0,1,1,0,0,-1.2778632186966357,-0.6736677768288892,-1.2433956513151911
544,0,1,1,1,0,1,0,1,1,1,1,0,0,1,1,1,1,1,0,1,1.7229868575548055,-0.5085270729652589,0.49538888650519425
545,0,1,1,0,0,1,0,2,1,0,0,2,1,0,0,0,2,1,2,1,0.7499620991990774,0.8807250133288493,0.3139876022303146
546,0,2,1,1,0,0,0,0,2,0,1,0,0,0,0,0,2,1,1,1,-2.317913927195414,-1.6747552579641785,-1.0520056162884541
547,0,2,1,1,0,1,0,2,0,2,1,0,0,1,1,1,1,0,1,1,-0.7134368257117627,-0.31857012149248,0.2014987446939418
548,0,2,1,0,0,2,0,1,0,1,0,0,0,0,1,0,1,1,0,2,-0.9621397491093225,-0.35134718042649316,-1.7757548406384407
549,1,1,0,0,0,1,0,0,1,0,0,0,0,0,0,1,2,1,0,1,0.8096471930699441,-0.7175005303750136,0.648879058069984
550,0,0,0,0,0,0,1,0,1,1,0,0,0,1,1,1,0,0,1,0,1.8539257189879348,0.9077231721873049,0.92131675360039
551,0,2,0,1,0,1,0,1,1,0,0,0,1,0,0,2,1,1,1,1,-0.2951352325182362,-1.49006349987785,0.11766864867450233
552,0,1,1,0,0,0,0,0,1,0,1,0,0,1,0,0,2,0,0,2,1.385427526409482,1.0405256966655867,1.485578185747521
553,1,1,0,1,0,1,0,1,0,0,0,2,0,0,0,0,0,2,0,1,-0.1405609906889317,-0.22719952798548249,-0.08897136923343446
554,1,2,1,0,1,1,0,2,0,1,1,0,0,1,0,0,2,2,0,1,-0.16230560072368924,0.30161478613400977,1.2437650591080167
555,1,1,0,0,0,1,0,0,1,0,0,0,0,0,0,0,1,0,0,2,-0.26154690105367107,-0.29826299899919856,0.09699656817516791
556,1,2,0,1,0,2,1,1,0,1,1,0,1,0,1,0,1,1,0,1,-0.9827623860841486,-0.8814383666864878,-1.5436559697344578
557,1,0,1,0,0,0,0,1,0,0,0,0,2,0,0,1,1,0,1,1,0.09306032935583268,0.787966769401031,-0.5672919650393214
558,0,1,2,0,1,1,0,1,1,1,0,0,0,0,0,0,2,1,1,0,-0.12299607230699992,0.3386465506567112,1.5727547036633693
559,0,0,2,0,0,1,0,1,1,0,0,0,0,0,1,0,0,1,1,2,1.0502134343859475,0.7480166420640901,0.6799613498888082
560,1,0,1,0,0,1,1,2,0,0,1,1,0,0,1,0,0,0,1,1,-1.825880470371436,0.955874594696273,0.15049084688725872
561,1,1,1,0,1,1,0,2,0,0,0,0,1,0,1,1,0,0,0,0,-0.476779855338622,-0.26642679115282164,1.6557881967914492
562,0,1,0,0,0,1,0,0,1,1,1,0,0,1,1,0,2,2,1,0,0.9460067670103713,-1.035826491984591,0.521241820772808
563,2,1,0,0,1,1,0,0,2,0,1,0,0,1,0,1,2,1,1,1,0.05167505528009865,1.397284470647286,-0.06568328887918473
564,0,1,1,0,0,2,0,0,0,1,1,0,0,1,0,1,1,2,1,0,-1.845593756280262,-0.8050234411703634,-1.0505530932578047
565,1,2,0,0,0,2,1,1,0,0,0,0,0,0,0,2,1,1,1,0,0.6764455658984841,-1.1160799754230397,-0.5160358203495017
566,1,1,1,1,0,0,0,1,1,1,0,0,0,0,0,2,2,1,0,1,0.5564681802453093,-1.2475873772973225,0.24733567415518834
567,0,1,0,0,0,2,0,1,0,1,0,2,1,0,1,0,1,2,0,1,0.1171395213444523,-0.5697826551623046,0.9566915522388333
568,1,2,1,1,0,1,0,1,1,1,1,1,0,0,0,0,1,1,1,1,-0.7947900700474613,-0.5402760194526067,-1.220803403387752
569,0,0,2,0,0,0,1,0,1,1,0,0,0,2,0,0,1,1,1,0,-0.5739813090732709,-0.058270860802092754,-1.5673792257794863
570,1,0,1,0,1,1,0,0,0,0,1,1,0,0,0,0,1,0,1,1,-0.1279123017970871,-0.5627432070867641,0.22443042010333636
571,1,1,0,1,1,0,1,1,1,1,0,0,1,1,0,1,1,0,1,1,-2.0215391827159257,-1.9605546878957405,-0.8616512437522318
572,0,1,0,0,0,0,0,1,0,1,0,0,0,0,1,1,0,1,1,2,-0.8166177651584834,0.5651919560141947,0.9610275827518602
573,1,2,2,1,1,2,0,1,1,0,0,0,0,1,1,2,1,0,1,2,-1.0170844658832776,-0.5724791285314209,-0.37602500825564755
574,0,1,0,0,1,2,0,2,0,1,1,0,0,1,0,0,1,0,0,0,1.5969779701729783,0.8356705202647601,0.3516675548319186
575,1,1,1,0,0,1,0,0,1,0,1,1,0,1,1,0,1,1,1,1,-1.4731484107905428,-1.508357773284049,-1.6942263431897122
576,1,1,0,0,1,0,0,1,0,0,0,0,0,1,1,1,0,1,1,1,-0.3072130237832761,0.6528386731392273,0.256915867002077
577,1,1,1,0,1,2,0,1,0,0,1,2,0,1,0,0,1,0,1,1,0.24592834365245547,-0.4453270604102087,0.12796143248727526
578,0,2,0,0,0,0,0,1,1,1,0,0,0,0,0,0,1,0,0,1,0.5082097059292713,0.3329803760879709,-0.2275834320924543
579,0,1,2,0,0,1,0,1,1,0,0,0,1,1,0,0,1,0,0,1,-0.02528888585687712,0.34565545468014974,0.1040248224361083
580,1,1,0,0,0,0,0,0,0,0,0,0,0,1,0,2,2,0,0,0,0.031000189993621603,0.3519436414228455,1.163608574280383
581,1,0,1,0,1,1,0,1,1,0,0,0,1,0,0,1,0,0,1,0,0.003475092049201385,-0.7121086696820813,0.6204052137314947
582,0,0,0,1,1,1,0,0,1,1,1,0,0,0,0,1,0,0,0,2,-0.31116708762091055,0.9753610673410364,-1.3258572150698997
583,1,2,0,0,1,0,0,1,1,1,1,0,1,2,0,2,1,1,1,2,-1.2429260354117198,-0.5080260447787273,0.46794809048462105
584,0,0,1,0,0,1,0,1,1,1,0,0,0,0,0,0,1,1,0,2,1.1738538069590354,0.1252634853610312,0.21813150335007087
585,0,1,0,1,0,2,0,0,1,0,0,0,0,1,1,1,2,1,0,1,0.9653963733760424,1.3800475568270143,3.1077566708566957
586,1,0,1,0,1,0,0,0,2,1,0,0,0,1,1,0,2,0,0,0,-0.8633061580010433,-2.0452202574886016,2.016735411836337
587,0,0,1,0,1,0,0,0,0,2,1,1,0,0,1,0,2,1,1,2,0.3314745626714036,1.306424250994508,-0.9491872253198406
588,1,0,0,0,1,1,0,2,1,0,0,1,1,0,2,1,1,1,2,2,2.2320026620540823,0.6869798018514958,0.9537733387170765
589,0,1,0,1,0,1,0,0,0,2,0,0,0,0,1,0,1,1,0,2,0.6286098450358012,0.4074336444652128,-0.38014946026496077
590,0,1,2,1,0,1,0,0,2,0,0,0,0,0,0,0,2,1,1,0,1.6059008139546134,-0.19818772143074162,-0.4880897945358533
591,2,0,1,1,0,1,0,1,0,0,0,0,0,2,0,2,1,2,0,1,-0.2893599656998598,0.38822248470206294,1.7226391188077326
592,1,2,1,0,0,2,0,1,1,2,0,1,0,0,0,0,1,0,0,1,-0.1460040760687558,0.40579395650262234,-0.3891288086212365
593,1,1,1,0,0,0,0,1,1,1,1,1,0,0,0,0,1,2,2,1,0.7647535453440193,0.4949338043299124,1.6049397280973559
594,1,0,1,0,1,0,0,0,0,1,0,0,0,1,1,0,2,0,0,1,0.9967024438998712,1.2846954493594955,1.2547535816201651
595,0,2,2,0,0,1,1,2,0,2,0,0,0,1,0,0,0,1,1,2,-0.6952505201916779,1.4417302935413676,0.43142357936228903
596,0,0,1,0,0,2,0,2,1,0,0,0,1,1,0,1,1,2,0,1,0.10134497101446101,0.8405549246513945,0.9946595389120056
597,0,0,1,0,1,0,0,0,1,0,1,0,0,0,0,1,2,1,1,1,0.554110056604157,-0.3353901746568849,0.7424363122580503
598,0,0,1,0,0,1,0,1,1,1,1,1,0,1,0,2,2,0,0,1,1.5521729450936812,-0.028581236136732413,1.175223438625463
599,2,0,0,2,1,1,0,0,0,0,1,0,0,1,0,0,1,1,2,1,2.34975781425838,0.263949114635723,1.3677189017077598
600,0,2,0,0,1,2,1,1,0,0,1,0,0,1,2,0,1,1,1,0,-1.5431217454339317,0.9019982811629431,1.7094813008414278
601,2,0,1,0,0,2,0,2,2,1,0,0,1,1,1,1,1,1,1,1,-0.33267128971731097,-1.3774567065083358,-0.1617927744255359
602,1,0,0,0,1,2,1,1,1,0,0,1,0,0,0,1,2,0,1,2,0.23357103638979396,0.42946202568795405,-0.034403426828876316
603,1,2,1,1,0,1,0,1,1,1,0,1,1,0,0,1,1,2,0,2,-0.09441597022042669,0.4165493447775479,0.4739381715786933
604,0,2,1,0,0,1,0,1,1,1,0,1,0,0,2,1,2,1,0,0,-1.025476324018487,1.1774417328483446,0.1755973528434362
605,1,1,1,0,1,0,0,0,2,0,2,0,0,0,0,0,1,1,1,2,-0.5908746936498527,0.1428118466789431,-0.24311874930598357
606,1,0,2,0,1,2,0,1,1,1,1,0,0,0,0,1,1,0,0,1,0.2533395342028947,1.2666637187012888,2.2424345264672736
607,2,2,1,0,1,1,0,1,0,1,0,1,1,1,1,1,1,0,0,1,-0.2899457773965933,-1.3755941536907814,-0.14161240056701163
608,0,2,0,0,0,1,0,2,0,1,1,0,1,0,1,2,0,1,0,1,-0.10888816681767888,0.34015934907915873,2.316541090645738
609,0,1,1,0,0,0,0,0,0,1,1,0,0,1,0,0,0,1,0,1,-0.19348001521737665,-0.732515135254237,1.4907590612981183
610,0,1,1,0,0,1,0,1,0,1,1,0,0,0,0,0,1,1,0,2,0.7697409711794493,-0.6258317701305665,0.8991749171784377
611,1,1,2,0,1,2,0,1,0,1,1,1,0,1,0,0,2,2,0,1,0.024773158744876178,-0.06176645637757422,0.19911298316978018
612,0,2,0,0,0,0,0,1,2,1,0,0,0,0,1,0,1,0,0,1,-0.3025061163184687,-0.8384635785326313,-0.23640555452345335
613,0,1,1,0,1,0,0,0,1,0,1,0,0,1,2,2,1,1,0,1,0.48316510494316917,-0.14514042805787764,0.3130510278268477
614,1,0,1,0,1,0,0,2,1,2,1,1,1,1,0,1,2,2,0,0,-1.0120041921809357,-1.2353801023978719,-0.1749640128216498
615,1,1,1,0,0,1,1,1,0,1,0,0,0,1,0,1,0,1,0,1,-0.6208138591044257,0.8908501866050095,-0.7360509036900788
616,1,0,0,0,1,0,0,2,1,1,0,1,1,1,0,0,1,0,0,1,-1.1138867233980907,1.7682062198744688,-0.8446911659357198
617,1,1,1,1,0,1,0,1,2,0,0,0,0,0,0,0,1,1,0,1,-0.1536958500007523,0.8174971155710825,0.8061834081757508
618,0,1,1,0,2,0,0,0,0,1,0,0,0,1,1,0,0,1,0,0,0.46760664547675124,0.9152054004050423,-0.9524778202584675
619,1,1,0,0,0,1,0,0,2,0,0,0,0,0,1,0,1,1,1,1,0.6194841690987446,-0.08910096756713781,-0.6372794727933769
620,0,1,1,1,0,0,0,1,0,0,2,0,1,0,0,1,0,1,0,2,-1.1943826500710402,0.9433556518794993,-1.2982210188136838
621,0,1,0,0,0,0,0,0,1,1,1,0,0,2,0,0,2,0,1,1,-1.2702931780944575,-0.4232694384537171,-1.0065477191309387
622,1,1,1,0,2,0,0,1,1,0,0,1,0,1,1,0,1,1,1,0,1.5054899567153763,0.38653615191061186,1.0153329792462589
623,1,2,1,1,2,0,1,2,1,0,1,1,0,0,2,0,2,1,1,2,0.8015644914406604,0.22005311776106473,1.7998444919172887
624,0,0,0,0,0,2,0,1,0,0,0,1,1,1,0,1,1,1,1,1,0.6407494282613428,0.4460053601701207,0.021444126313726053
625,0,1,0,1,0,0,0,2,1,0,1,0,0,0,1,1,1,0,1,2,0.44710913563874227,-0.7962823195713371,1.3945129823219564
626,0,0,0,1,0,1,1,2,1,0,0,0,1,1,0,1,0,0,0,0,-1.1221263792010985,1.3656992390797462,0.21178487946734204
627,0,0,1,0,0,1,0,1,0,0,1,1,1,0,0,2,2,0,1,1,0.5761962083107298,-0.31570420973941277,-1.6591181169959461
628,0,0,0,1,0,0,0,1,2,0,1,0,0,1,0,0,1,0,1,1,0.34611982003867736,0.5485161990697008,0.22945106558842016
629,1,1,0,0,0,1,0,0,2,0,0,0,2,1,0,0,1,2,1,1,-1.1118273830836096,0.2779796139639288,-0.3301460313299905
630,0,0,1,0,0,1,0,1,1,0,0,1,0,2,1,2,2,0,0,2,0.3835974821841742,0.2096563120762181,2.0954528195842146
631,0,2,2,1,0,1,1,1,0,1,0,0,0,1,1,0,2,1,0,0,0.08717622178813632,2.1196121187380395,1.690318821412279
632,1,0,1,0,0,0,0,1,2,1,0,0,0,2,0,1,0,2,0,1,-0.3789222718573539,1.8291428675485248,2.180885021469585
633,0,1,0,1,2,1,0,0,1,0,0,1,1,0,0,0,0,0,0,2,-0.1095408037587443,0.013542906121737263,-0.3568840239031825
634,0,1,1,1,2,1,0,1,1,1,1,0,0,0,0,0,1,1,0,1,-0.0042726347625517925,-0.42757733611148396,-0.4806370841802626
635,1,0,1,1,0,1,0,1,1,1,1,0,0,2,1,0,1,2,1,1,0.9177905147930449,0.6068937675665322,1.8067981075656032
636,1,1,2,0,1,1,1,0,1,0,0,0,0,1,1,0,1,0,1,1,0.6099214758051519,0.6225191733951003,-0.09484768286839007
637,0,1,0,0,0,1,0,0,1,0,0,1,0,1,1,0,1,0,0,1,-0.7923469117765799,0.16714704619987508,2.324890475888493
638,1,1,1,0,0,2,0,0,1,0,0,1,0,1,0,2,2,1,2,1,0.3309030916394259,0.03406439600357444,0.38649454335156075
639,0,0,1,1,0,2,0,2,1,1,0,0,0,0,1,1,2,1,0,1,-0.16613020516886295,-0.9214344695772683,1.1641700865526248
640,2,1,0,1,1,1,0,1,1,0,1,0,0,1,1,0,2,1,0,1,-0.6118325644893713,1.3779111538456927,0.31421731936584035
641,0,1,0,0,1,0,0,1,0,0,0,1,0,1,1,0,0,0,1,1,0.5993661498665427,-1.1172593971348415,-0.31670869675554325
642,1,1,0,0,0,0,0,1,1,0,0,0,0,1,0,1,1,1,1,1,-0.8278316952615635,-1.7067051050704707,-0.8285041551501912
643,1,0,0,0,0,0,0,2,2,1,0,0,0,0,0,1,1,2,0,1,-1.3665924452538618,-1.1666559682300688,-1.0288560024350466
644,1,0,0,2,0,2,0,2,1,0,0,0,0,0,1,0,1,2,1,2,1.7722746681510568,-0.21645729373267797,0.33052810922626413
645,0,2,1,0,0,2,0,2,0,0,1,0,0,0,0,0,0,2,0,1,-0.4277305387505011,-1.045819588078764,-1.158584224064973
646,0,2,1,1,0,1,0,2,0,0,0,0,1,1,1,1,1,0,0,1,2.5356061121788165,0.8500085222979044,2.7048697128123127
647,2,0,1,0,0,2,0,0,0,1,1,0,0,1,1,0,1,1,1,1,0.8059273580435725,0.24009727398110176,0.7640695688694005
648,1,1,2,0,1,0,0,1,0,1,1,1,1,1,0,2,1,0,1,1,-0.7846027612742733,1.572010693356285,0.8207512224412468
649,0,2,0,0,0,0,0,0,1,1,1,0,0,1,0,0,1,1,1,2,-0.12081364332119436,-1.842604990315029,0.2335479083476381
650,1,0,1,0,0,0,0,1,1,2,1,1,1,0,0,1,2,0,0,1,-0.7484457302205797,0.31842195139217466,-0.19958723234618944
651,1,1,1,0,1,2,0,1,2,0,1,0,0,1,0,0,0,2,0,1,-0.37440415856359105,0.9717726417071464,0.5477086176427628
652,2,2,0,0,1,1,0,0,1,1,1,0,0,0,0,1,1,1,0,1,0.7938360644600758,-0.7175607440211877,-0.8291137144210546
653,1,1,0,0,1,1,0,0,1,0,0,0,1,0,0,2,0,0,0,1,2.4740656392609406,-0.05413344545521476,2.327651044825531
654,2,0,1,0,2,1,0,0,1,1,0,0,0,1,1,1,0,0,1,1,-0.7579364976772252,-2.14213456933167,-0.05554921895604592
655,0,2,0,1,0,2,0,2,1,1,0,0,0,2,0,1,1,1,0,1,-1.432716556405529,1.0028813743674716,0.46039821255171764
656,0,0,0,1,1,0,0,1,0,0,0,0,1,1,1,1,2,1,0,0,1.8294504843879564,1.9451551165181682,3.4786752625268687
657,1,1,1,0,0,0,0,2,0,1,0,0,0,0,0,0,0,2,0,0,0.09477390854099271,-0.6360818226019307,-0.11611722899246814
658,2,1,1,1,0,1,0,0,0,1,0,2,0,1,0,0,1,1,1,1,-0.3101667236426893,-0.369487532093145,1.558326938600513
659,0,1,0,0,0,1,0,2,1,0,0,0,1,0,1,0,1,2,1,1,1.329503915268457,-0.9420535019180716,-0.44268706860840756
660,0,0,0,0,1,1,0,1,1,0,0,0,0,0,1,1,1,1,1,1,-0.057414100991708635,0.9937557732663063,0.626681217797175
661,0,0,2,0,0,1,0,0,1,0,0,1,0,1,0,0,1,0,1,1,0.2497305490181269,1.6839773059670073,-0.007539072587279927
662,1,2,1,1,0,1,0,1,1,1,0,0,0,1,0,1,1,2,2,0,-1.0654656512474507,-0.39985331989893497,-1.5607798646075555
663,1,2,0,1,0,1,0,1,0,0,0,2,0,0,0,1,1,1,1,1,-0.4992609114393774,-0.9564529604159036,0.4944775855348469
664,0,2,1,0,1,1,1,0,1,0,0,0,0,1,0,0,1,1,0,0,-1.7160997394279782,-1.4961497334362828,-1.3980548130986648
665,1,1,1,0,0,2,0,0,0,0,0,0,0,0,2,0,2,1,0,2,0.7005815677322283,1.897563802336654,2.416454502770292
666,1,0,1,0,0,1,0,1,0,1,0,0,0,0,0,0,1,0,1,1,1.0821991214756048,2.4079406991698296,1.4868101163807679
667,0,1,0,0,0,1,0,1,0,1,0,1,0,1,0,0,0,0,0,1,0.18667310825618366,0.42916541815278064,0.5145497443718965
668,1,1,2,0,0,2,0,1,1,0,1,0,1,0,0,1,2,1,1,2,-0.27327878976179765,0.3133326638614286,0.5195724888021326
669,0,1,2,0,0,1,1,1,1,0,0,1,0,1,1,1,1,0,0,2,0.48448291489574247,0.9005945181640479,-1.8401717643101207
670,0,2,1,1,0,1,0,1,0,0,1,0,1,2,0,0,0,1,1,2,-0.9267360482674838,1.23129655447887,0.5533372248078243
671,1,0,0,0,0,0,0,1,0,0,0,1,0,0,0,0,1,1,0,1,-1.681371138272926,-0.8107084087267178,-0.3255502878333185
672,0,2,2,0,1,0,0,2,1,1,1,1,0,0,0,1,1,0,1,1,0.49522296464419924,-0.984889009773236,2.069119071257382
673,1,0,0,1,1,1,1,0,0,2,1,1,0,1,0,0,2,0,0,1,-1.1002905142385555,0.7765920196167924,-1.017299860977169
674,1,1,1,1,0,1,0,1,1,0,1,1,1,1,0,1,2,1,1,0,0.7247824505724533,-0.3615555025189244,-0.10361719681645548
675,0,1,1,1,2,1,1,1,0,1,0,0,1,1,1,1,1,0,1,1,0.25005706705254255,1.7144497900088533,0.10776251348393706
676,1,1,1,0,0,1,0,1,0,1,0,1,0,1,1,1,1,2,0,1,1.818755940410438,2.638200008939916,0.5553017926841282
677,1,1,0,0,0,1,0,0,0,0,0,1,1,0,1,0,0,1,0,1,-0.09229239318898795,-1.255652943781365,0.027111102644129664
678,0,1,2,1,0,0,0,2,1,0,1,0,0,0,0,0,1,0,1,2,0.032811157772606424,0.7907083579550633,0.3733419708403256
679,0,0,1,0,0,2,0,1,0,1,1,1,0,1,1,0,0,2,0,0,-1.4540585681089826,-0.678131786836371,0.1209072744597488
680,0,0,1,0,0,2,0,1,2,1,0,0,1,0,1,1,0,0,1,1,1.016854172042274,-0.4454881628845635,2.174064531902797
681,1,1,1,0,0,0,0,0,2,0,2,1,0,1,0,0,1,0,0,0,0.40943289829397145,-0.6261486722992096,-1.347190199934495
682,1,1,2,0,1,1,0,1,2,1,1,1,1,0,0,0,1,0,2,2,0.46233369951295383,-1.1353137564925253,-0.21951671358306102
683,1,1,0,1,0,1,0,1,0,2,1,0,0,0,0,1,1,0,1,1,0.8888369669295672,1.0630208898742444,0.587690710775828
684,0,1,1,0,0,2,0,1,1,1,0,1,0,0,0,1,1,1,2,1,1.9640250402519266,0.7575932685842083,2.8915434008277385
685,1,2,0,1,0,0,0,0,1,0,2,1,0,1,1,0,1,0,0,1,1.03906856815496,0.3753982574731734,-0.21602154646551985
686,0,0,0,0,0,0,1,1,1,1,1,0,1,0,0,0,2,1,1,2,1.366288748311011,2.0454544858851778,2.031190447023917
687,2,1,1,0,0,1,0,0,0,1,1,0,1,0,1,0,2,0,0,1,-1.3786038158892335,-1.267260700991803,-0.4776022686699343
688,1,1,0,1,0,1,0,0,0,0,0,0,0,1,0,1,1,0,1,0,0.07877582770272792,-0.12480067911315997,-0.4201581898780061
689,0,1,0,1,0,1,0,2,2,1,0,0,0,0,1,1,0,0,2,2,0.8288725850571191,1.1761435740815234,-0.5679933155535455
690,0,0,1,1,2,0,0,1,2,0,0,0,0,0,0,1,1,1,0,1,1.2175377514483432,-0.1130741039614559,-0.18606551770781354
691,0,1,0,0,1,2,0,1,1,1,0,0,1,1,0,0,2,0,0,2,-0.6001566776681642,0.0027212978942518506,-0.3185405696183156
692,1,2,2,1,0,0,0,1,0,1,1,0,0,0,1,1,0,1,0,0,0.2109399324100354,2.313903435594307,0.7289326798348792
693,0,1,1,0,1,2,0,1,1,0,0,0,0,0,0,2,1,0,1,1,-1.0155752257049853,-1.4216476959343243,-0.8887564463732409
694,1,2,1,0,0,1,0,1,1,0,0,0,0,1,0,1,1,1,2,1,-1.5314665482201055,-0.4648476043740096,-0.22079383924687968
695,0,1,0,0,0,0,0,0,1,1,1,0,0,0,0,1,1,0,2,0,1.361936776663091,1.346128491397932,1.2764445809749632
696,1,1,1,0,0,0,0,1,1,0,0,1,1,0,0,1,1,0,0,1,-0.6566243632713286,0.2436745259749433,0.2803132895280563
697,1,1,1,1,1,0,0,0,0,1,1,0,1,0,1,0,1,2,0,1,0.9041322008199972,1.2118280677310438,1.0133522477394243
698,0,0,1,1,0,0,0,1,0,0,0,1,0,0,1,1,1,1,1,0,0.606505754590922,0.35389459734533335,1.077571338152675
699,1,1,1,0,0,1,0,0,1,0,0,1,0,1,1,0,1,1,1,1,-1.161607440010695,-0.2734715935494984,-0.05317559547362716
700,1,1,1,1,2,0,1,2,2,1,1,2,0,0,1,2,1,1,1,1,-1.1012817820459575,-0.562065332203198,0.2495352972310284
701,1,1,1,0,1,0,0,0,1,0,1,0,1,0,2,1,1,1,0,1,-0.00726152070789156,-0.41666586882220585,0.39385781977643414
702,1,1,1,0,1,0,0,1,1,2,0,0,0,0,1,0,1,0,1,1,-0.48357073005769485,-0.1957948551596193,-0.37467219853782935
703,2,1,0,0,0,1,0,1,2,0,0,0,0,2,0,0,1,1,2,2,-1.23220504858775,-2.0750769304893706,-0.28524324711328697
704,2,1,1,0,1,1,0,1,2,0,0,0,0,1,0,0,0,0,1,1,-0.3963256100522712,0.5742589679507519,-0.8522647503716145
705,2,1,0,0,2,0,0,1,1,0,0,0,0,0,2,1,1,1,0,0,1.0802224428160863,-0.27226135347630837,0.5912805262150881
706,1,2,2,1,0,2,0,0,1,0,1,1,1,1,1,0,0,0,0,1,0.6874713335309988,-0.5692113186922378,-0.617497115336562
707,2,2,0,0,1,1,0,2,2,0,1,0,0,0,1,0,0,2,0,2,-1.7943835800366188,-0.9871852086209859,-1.007222901266701
708,0,0,2,0,1,1,0,0,1,1,1,1,1,1,2,1,2,0,0,0,-0.1233150905268435,0.9085187981226401,-0.7084825547620095
709,0,1,2,0,2,2,0,1,0,2,1,1,0,1,1,1,1,0,0,1,0.9406884812473465,0.7092660091321723,-0.15697648862419666
710,0,1,0,0,1,1,0,2,2,1,0,1,0,1,0,0,2,2,1,1,0.7017650120412698,-1.4088745923088757,-0.5117808748443445
711,1,1,1,0,0,1,0,1,0,1,0,0,0,1,2,0,1,1,0,1,1.5284067181795427,0.799076049678399,1.7468750756373936
712,1,2,0,0,0,0,0,1,1,0,0,0,0,1,1,0,2,2,1,0,0.8507665737696432,0.35092846235633035,1.5738899908947
713,1,1,1,0,0,2,0,0,1,0,0,1,0,1,1,1,2,1,2,2,-0.5245251078953794,-1.1610383993764293,0.31657089561474683
714,0,1,1,0,0,1,0,1,1,1,0,0,0,1,0,2,2,1,2,0,-0.7390159037249132,-0.7716232413956179,-1.3056818564297352
715,1,2,0,0,0,1,0,1,2,0,0,1,0,1,1,1,1,0,1,0,1.1331156935260127,-0.7980056405914198,0.32371394300625655
716,1,1,1,1,0,0,1,2,0,1,0,0,0,1,1,0,0,0,0,1,-0.06093073894831795,-0.403013543027006,-0.9781240719286204
717,0,1,0,0,0,0,0,2,1,0,0,0,0,1,0,2,1,1,0,0,-0.27206193838481896,1.8251231482230794,2.1494930738460174
718,0,2,2,0,0,1,0,2,0,1,0,0,0,1,0,0,2,0,0,1,-0.8841568026033516,-0.0126771914530113,-1.5687207753004702
719,2,1,0,0,2,0,0,0,1,1,1,0,0,0,0,0,1,0,1,0,-0.25392329859553786,-0.6538096021917396,0.29139201699417616
720,0,1,0,1,0,2,0,0,1,0,0,1,1,1,1,1,2,2,1,0,-0.4902306880788504,-0.38374684600415243,1.2494579994436923
721,1,1,1,0,0,0,1,1,0,0,2,0,2,0,0,2,1,2,0,1,-0.3811866262756932,-0.05274668768707459,-0.8487490404873059
722,2,0,1,1,0,0,0,0,1,0,1,0,0,1,0,1,1,2,0,1,-0.3939824589555267,-0.6600704533929025,-0.9964139329776279
723,0,1,0,0,0,1,0,1,0,1,0,1,1,0,2,1,1,1,1,0,1.228949331016989,0.0792355522780645,0.6647475797790954
724,1,2,1,0,2,2,0,2,0,0,0,1,1,0,0,1,1,2,0,1,-1.0349505989825354,-0.003899953883938989,-2.0486890904812753
725,1,0,2,0,0,2,0,1,1,1,1,0,0,1,1,0,2,1,1,1,-0.18257038293371805,-0.4726782723658288,-1.7861757302358914
726,2,1,0,0,0,1,0,1,1,0,0,0,0,0,0,2,2,1,1,0,0.8617326823794235,-1.1072699847800314,2.1816813903543624
727,1,1,0,0,1,0,1,1,1,0,1,0,0,0,0,1,1,1,0,2,-1.9688033503431746,0.2726481957476464,-0.8054114065720347
728,1,1,2,1,2,1,0,1,1,0,0,0,0,0,0,1,0,1,1,1,-0.832639640904713,-0.08111175304332527,-1.642103620106158
729,0,0,2,0,0,0,0,1,1,0,0,1,1,1,1,1,1,0,1,1,1.3499973204143672,0.11034756314124905,-0.8061839227444855
730,0,2,1,0,0,1,1,1,0,0,1,1,0,0,1,1,1,1,2,1,1.661192900566223,1.4485879278949938,0.7602352162886074
731,0,0,0,0,0,1,0,1,1,2,1,0,1,0,0,0,0,0,0,0,1.3558197474964981,-0.40781901385843483,0.9493977470731128
732,0,1,1,0,0,0,0,0,2,0,0,0,0,1,0,1,1,0,0,0,-0.5869493653473111,-0.13667896428113555,-1.4110435553641745
733,1,1,2,1,0,1,0,1,0,1,1,1,0,0,0,1,1,0,1,1,-0.7227061476278772,-1.2183021155566292,0.42325607850804836
734,1,2,0,0,1,1,0,1,1,1,0,0,0,1,0,1,0,2,0,1,-0.012263108173967412,-0.3951673571206624,1.269464623231122
735,0,1,1,0,1,0,0,1,2,1,0,0,0,0,0,1,1,1,0,2,-0.6372818758379281,0.5277904183636605,-1.0172645104808307
736,0,0,2,1,0,1,0,1,2,2,0,1,1,0,1,1,2,1,1,2,-0.17174021744590875,1.2065802366220162,-0.5459033670472695
737,1,0,1,1,0,0,0,0,0,0,0,0,0,1,0,2,0,2,0,1,1.1100812542886698,-0.21619949209867506,1.858816780070208
738,0,1,1,1,0,0,0,1,1,0,0,1,0,1,1,0,1,1,0,1,-0.5324643161265474,-0.2180117182036584,-1.8456707405888257
739,0,2,2,1,0,2,0,1,1,1,0,0,0,1,0,2,1,1,2,1,1.5581722383569818,1.1050599018010678,3.890583535668227
740,2,2,1,0,0,1,0,0,0,1,0,1,0,1,1,2,0,1,0,0,0.7285192989214704,0.1917968866490205,1.3724063221711298
741,0,0,1,1,0,1,0,1,0,0,1,0,0,1,0,1,2,1,0,0,3.261243499412059,1.2082291976146946,1.0169829675458386
742,2,1,2,0,0,1,0,1,0,2,0,1,0,1,1,0,1,0,1,1,1.739479239084899,-1.2533073409414057,-0.49479585135133375
743,0,0,0,0,0,1,0,0,0,1,0,0,0,1,0,0,0,1,1,2,1.5973048435027217,0.8431691998268812,-0.4689479646084005
744,1,1,0,0,0,1,0,2,2,1,1,0,2,2,1,0,1,1,1,1,-0.7044127349834801,0.513167821444795,-1.2410857719527773
745,1,1,1,0,1,1,0,0,1,0,0,2,1,1,1,0,1,1,1,0,2.46205702991346,0.8272334937969033,2.3260319980387827
746,0,1,0,0,0,0,0,0,1,1,1,0,1,1,2,1,1,1,0,1,-0.5191836621300908,-0.19252200243745665,0.4893149015177419
747,0,1,1,0,0,1,0,1,1,0,1,1,0,1,1,1,1,1,0,2,-0.769415738805934,0.8041094358970977,1.5696565978831298
748,1,2,1,0,0,0,0,1,1,1,0,1,0,0,0,0,0,1,1,0,-1.3599386187667784,0.5973377279679819,-1.0327915726725347
749,0,0,0,0,0,1,0,0,1,0,1,0,0,1,0,0,1,2,0,1,0.011441813094729568,-0.8137189080694229,-0.1583661993052814
750,1,0,1,0,1,1,0,0,1,0,0,0,0,0,0,0,2,1,0,1,-0.17619817975261226,-1.1662227241395242,-0.37972239323274204
751,1,1,0,0,0,1,0,2,1,0,1,0,2,2,0,0,0,1,1,0,-1.4243947253638516,-1.6203378600207334,-3.0209199940752214
752,1,1,1,1,0,1,0,1,1,1,1,0,0,0,0,1,0,1,0,2,0.2334719600854372,0.621043262464292,0.3020143048604751
753,0,0,1,1,0,1,0,2,1,0,0,1,1,0,0,1,1,1,1,2,-0.36760110252611095,1.0488253413513577,-0.45934606920148163
754,0,1,0,1,0,1,0,0,0,0,0,1,0,0,1,2,1,1,0,2,-0.23069166488613221,0.2516645016233544,0.7915941556113114
755,2,1,0,1,1,1,0,2,1,1,0,1,0,0,0,0,1,1,0,0,0.11880975474261923,-1.0321217399824998,0.6510576743616066
756,1,1,1,1,0,1,0,2,2,0,0,1,0,1,0,1,1,1,1,1,0.9239513353118327,-0.574546624464106,-1.610131897791728
757,1,2,0,1,1,1,0,1,1,0,0,1,0,1,1,0,2,0,1,1,-0.7382557088145757,-0.5961237093914691,-1.2880996062728687
758,0,0,0,0,1,1,0,1,2,0,0,0,1,0,1,0,2,1,1,1,-0.17344134841082534,-0.26771095282451474,-0.5427764405148685
759,1,1,0,0,0,0,0,0,0,1,0,0,1,0,1,1,1,2,0,0,-0.1861440943993683,-0.20803416503580738,-0.06215432246281123
760,0,1,0,0,1,2,0,1,1,0,1,0,0,0,2,0,2,2,0,0,0.3699559005904425,-1.0925244923059343,0.6125150165033062
761,1,0,0,0,0,1,0,2,0,1,1,1,0,0,0,0,2,1,2,1,-0.9380007025382047,0.9019456228875977,-1.5082852587285438
762,0,1,1,0,0,1,0,2,0,1,1,0,0,0,0,0,0,2,1,1,0.7605592810234723,1.5189509888104376,-0.2226862792736073
763,0,1,1,0,1,0,0,1,0,1,0,0,0,0,0,1,1,1,1,0,-0.86070129565958,-0.3919247670634458,-0.2519529888696179
764,1,1,2,0,0,0,0,1,1,1,0,0,1,0,0,1,1,1,0,0,-0.5679261772453572,0.46301909173322664,0.8165799713385214
765,2,1,0,1,1,1,0,1,2,0,1,0,0,1,0,1,1,0,0,0,-2.163535020059497,-0.3450821703746386,-0.8698166213145301
766,0,1,0,0,0,2,0,0,1,0,1,0,1,0,0,0,1,0,1,1,-0.3460678603562015,-0.49225538857970935,-0.013512845454903721
767,1,0,1,0,1,1,0,1,1,2,0,0,1,0,1,1,2,0,0,2,0.4130081082138743,0.1229114549924511,0.9435611200158975
768,1,0,1,0,0,0,0,2,1,2,0,0,0,0,1,2,1,0,0,2,-0.681105225767013,0.6771078525211274,0.3272453376482835
769,1,1,2,1,0,1,0,1,0,1,0,0,0,1,0,1,1,1,1,2,0.09908627653822834,-0.06334191665402944,-1.77548171154922
770,1,0,0,0,0,1,0,0,2,1,1,0,0,0,0,0,0,1,1,1,-1.5689011352041355,1.7687317529261104,-0.025973430287403065
771,0,2,1,1,0,0,0,0,0,0,1,0,0,1,0,0,2,1,1,1,0.5055682547385867,-0.4155517945011296,1.7620900698485085
772,1,0,0,0,0,1,0,1,2,0,0,1,0,1,0,0,2,0,0,0,0.08482871955512142,-0.10852055222864647,0.7123406529637213
773,0,2,1,1,0,1,0,0,0,0,1,0,0,2,0,0,2,0,0,1,-0.19503115497394333,1.2284121712840905,-0.4941165896915086
774,2,2,2,0,2,0,0,1,1,1,0,0,0,0,0,1,0,2,1,1,0.490478815211889,-1.039068763073527,1.105118132086772
775,0,1,0,0,0,1,1,2,2,0,1,0,0,1,1,0,0,1,1,1,-1.5345346849096528,1.3961103865582944,2.391304720965228
776,0,1,2,0,1,2,0,2,1,2,1,0,1,0,0,0,0,0,1,1,-1.2159027189552545,-0.25985215750001783,0.8862843214915248
777,0,1,0,0,0,1,0,1,2,2,1,0,1,0,2,1,0,0,1,1,0.24519163412254694,0.9240652803374417,0.7322083953659114
778,0,1,1,1,1,1,0,1,0,1,1,1,0,0,0,0,1,1,1,1,-0.2220479081444536,0.016957878128258094,-0.537740313174852
779,1,2,1,0,0,0,0,1,0,0,0,1,0,0,0,0,0,1,0,2,-0.629747242823881,0.6881683729725647,-0.13979798836717744
780,1,2,0,0,0,1,0,1,0,1,0,0,1,1,1,1,2,0,2,0,1.1340885788662072,0.3498737047796728,1.915550223620699
781,1,1,0,0,0,2,0,1,0,0,0,0,0,1,0,1,1,0,0,2,-0.9655475312857736,-0.3094432421480626,0.6235220219012647
782,2,1,0,1,0,0,0,1,0,0,2,0,0,1,1,1,0,2,0,0,0.14754559532996694,-0.09194398730040754,-0.1871098322973119
783,1,1,0,1,0,1,0,1,1,1,1,0,0,0,1,0,2,1,0,1,0.3529540822763317,1.3966479221378394,-1.1244224149483095
784,0,1,0,0,1,1,0,0,1,2,0,0,0,0,0,0,0,1,0,1,-0.689301645070529,-0.25421375268751234,-1.3197863413226059
785,1,2,0,0,0,2,0,0,2,0,0,0,1,0,0,1,0,2,1,1,-0.3288386231239149,-0.739064160360568,0.4147556583260298
786,0,2,0,0,0,1,0,2,1,0,1,0,0,0,0,0,1,0,0,1,0.11243969284808973,-1.4554849069564233,-2.877962360334067
787,0,0,0,0,0,0,0,2,0,1,0,0,1,0,1,1,0,2,2,0,-0.2888871621401289,1.6920294478127391,1.5209241404961014
788,1,1,0,0,1,2,0,1,0,0,0,0,0,0,0,0,1,1,0,1,0.9827308666326895,0.4050249726033731,-0.2702271564798786
789,0,1,1,0,0,0,0,0,1,0,0,0,0,0,1,1,1,1,1,1,-0.11385403505908384,1.3603300248245553,-0.6343367621572802
790,1,1,0,0,1,1,0,0,0,1,0,0,1,0,1,0,2,0,1,0,0.6525202926575989,0.04015838381704434,-0.2845441875240183
791,0,1,1,0,0,2,0,0,1,1,0,1,1,0,0,0,2,2,1,1,-1.331416140319852,0.5984233273453707,0.07759345421572311
792,0,1,0,0,0,0,0,1,0,0,1,1,1,1,2,1,1,1,0,0,-1.1048140010549428,1.764477049577396,0.7874833455859153
793,1,1,1,1,1,1,0,2,0,1,0,0,0,0,0,1,2,0,1,1,-0.4137562968699007,0.7747097131932508,-0.876021446035023
794,1,1,1,0,0,1,1,1,1,0,2,0,0,1,1,0,1,0,0,0,0.5638270410654267,-1.0129845628935645,-0.18669381404871443
795,0,1,0,0,0,0,0,1,1,2,0,1,0,0,0,1,0,0,1,1,0.6979632085299639,1.1450025492406224,0.06965833030542157
796,0,1,1,1,0,1,1,0,1,1,1,0,0,0,2,0,0,2,0,1,0.04119129098889725,0.015505827971711642,-0.07426085787333635
797,1,1,0,0,1,0,0,0,0,1,0,0,0,1,0,2,1,0,0,1,-0.7763579295833304,0.36069792597373307,-1.429525589653465
798,0,0,2,1,0,1,0,0,0,1,0,0,2,0,2,1,1,0,0,1,0.6056718682934475,-0.49117929428924756,2.2501258556608326
799,1,2,0,0,1,1,0,1,1,0,0,1,0,1,0,0,1,1,2,1,-1.4277019239854203,-1.4154655132116072,-1.8825569625577103
800,1,1,0,1,0,0,0,1,0,1,1,1,1,2,0,1,1,1,1,0,-0.5597104729071739,0.004540831194781408,1.0030175224623545
801,0,0,0,0,0,1,0,1,0,0,1,0,0,0,2,0,2,1,1,0,-0.8681465292730822,0.3581724592895292,-0.6537168328307537
802,0,2,0,1,0,1,0,1,2,0,0,1,0,0,1,0,0,1,2,1,-1.2540633901893297,0.023900521127011076,-1.7420840775894382
803,2,1,0,0,1,2,0,1,1,0,1,0,0,0,0,1,2,0,1,1,-0.9140603054246601,-1.4259589615928343,-0.9947015054444646
804,0,1,0,1,1,1,0,0,0,0,0,0,1,0,2,0,1,1,0,2,0.4243958141420714,-1.2314481297220932,1.5469243952775904
805,1,0,2,1,0,1,0,0,1,0,0,0,1,1,0,1,2,0,1,0,-0.12855015374206094,-0.2830653097058043,-1.5623463574641316
806,0,1,0,0,0,0,0,0,0,2,0,0,0,2,1,0,1,1,1,1,0.7858112058707639,-0.7324927284557349,-0.2835309012799001
807,0,1,0,0,0,2,1,0,1,0,0,0,0,0,1,1,1,1,0,1,-0.291283678696056,-1.4080707450604801,0.41951418023161813
808,0,1,0,1,0,1,0,1,2,1,0,0,0,2,0,1,1,2,0,0,-1.0612129544811382,1.445781270550639,0.6201967770310033
809,0,2,0,0,0,2,0,0,2,1,2,1,0,0,0,1,1,0,1,2,0.6633503816549235,0.9303804126295728,1.9046645774672375
810,1,0,0,0,0,1,0,0,1,0,0,0,1,1,2,2,2,1,0,1,0.5203133099735552,1.0577728711256558,1.605343730668574
811,2,0,0,0,1,1,0,1,0,0,0,1,0,1,1,1,0,0,1,0,-0.5423016446143236,-1.915200294936246,-0.8517766430758568
812,1,1,0,0,1,0,0,0,0,1,0,0,0,1,0,0,0,2,0,1,-1.3887913228087265,0.3230528199276399,0.9059160727740191
813,0,0,2,0,0,2,0,0,1,0,1,1,0,0,0,1,2,2,2,1,-1.4095925123026503,0.4680937031125749,1.002080039030195
814,1,2,1,0,1,1,0,0,1,0,1,1,0,1,1,2,2,0,0,2,-0.1568488495889709,-0.8364431628952427,0.529615480637059
815,1,0,1,0,0,0,0,2,1,0,1,0,2,1,0,1,0,0,1,0,-1.0079841312043805,0.6188369137177392,-1.235403687195441
816,0,2,0,0,1,1,0,0,0,1,0,0,0,1,1,1,1,1,2,1,0.016495037686611584,1.1519873565574685,-0.4143337393086277
817,1,1,0,0,1,0,0,1,2,0,0,0,0,0,1,0,1,2,0,1,-0.00011874749912345243,-0.5218097841513635,0.5357942798817813
818,2,0,1,1,1,1,0,0,0,0,1,0,0,0,1,1,2,2,1,2,-1.169140702332393,-2.1644379767935664,2.4479871408985208
819,2,0,0,1,0,0,0,1,0,0,2,0,0,1,1,0,2,0,1,2,0.26921351807339045,-0.4143507850732975,-0.16774269690774585
820,1,0,1,0,0,2,0,1,1,0,0,0,0,0,0,0,0,0,0,1,1.4054531947705546,0.9513563911107722,0.7241319162519754
821,0,1,2,0,0,1,1,0,1,1,0,0,0,0,1,1,1,0,1,1,-0.9163349055194854,-1.0723242079415334,2.1808771015673507
822,0,0,2,0,1,0,0,1,2,1,0,1,1,0,0,1,1,0,1,2,-0.9809213656912739,-0.313765493833583,1.0215161289086043
823,0,2,1,0,0,2,2,0,1,0,0,0,1,1,0,1,1,1,0,2,-2.2409016282853704,-0.9879537921981538,-0.4395885723795211
824,1,2,2,0,1,0,0,1,1,2,0,0,0,1,1,0,1,1,0,1,-2.7297435810862716,-0.3997362082691843,-0.4071152790461158
825,0,2,1,1,0,1,0,1,0,0,0,0,1,1,1,1,1,0,0,1,-0.9894347923213507,1.034961934428958,-1.3239379016476684
826,2,1,1,1,0,0,1,0,1,0,0,1,0,0,0,2,1,0,1,0,2.4766687171355732,0.994807495497195,0.4360963216232814
827,1,1,0,0,0,0,0,0,1,1,1,0,0,0,0,0,2,1,0,1,-1.1566814430660295,-1.4294143164837048,-1.7763937364558577
828,0,1,0,0,1,1,0,1,1,0,0,1,1,2,0,1,2,1,0,1,-0.2923496234642198,0.5633820149301578,-0.20096949015350982
829,1,0,1,1,0,1,1,0,0,0,0,0,0,2,0,0,1,0,0,0,0.21008282233125447,0.9115114433843053,-0.44887018855827987
830,1,1,0,1,0,0,0,1,1,0,1,2,0,1,1,0,1,1,0,0,-0.2861812681234538,-1.5585345968414095,-0.22533718620581852
831,0,0,0,0,0,1,0,0,2,1,0,0,0,1,1,0,1,0,1,1,-2.230213525277083,0.6895618047391563,0.7049923957831641
832,0,0,1,0,0,1,0,1,1,1,0,1,0,0,0,0,1,0,0,2,-0.5500608438784982,1.578193135687017,-0.14512579743574117
833,1,2,1,1,2,1,0,0,1,0,1,0,0,1,1,1,1,0,1,1,-2.4114889529819794,1.5937953723628102,0.6443740157107435
834,0,2,1,0,0,0,0,2,1,0,0,0,0,0,1,0,0,2,0,1,0.4050318791787118,0.06776310403465954,1.226974008209181
835,1,0,1,0,1,1,0,1,1,0,0,0,0,0,1,1,2,2,0,1,-0.39889010376489314,-0.5286992029793762,1.8760542778361244
836,1,0,1,0,0,2,0,0,1,1,0,1,0,1,0,1,2,0,1,2,-0.2947152213211993,0.1591220522185962,-0.1851612733490935
837,0,0,1,0,0,2,0,1,0,1,0,0,0,0,2,1,1,1,0,1,-1.2950489207993112,-0.7138614037349345,-1.970506988387736
838,2,2,0,1,1,1,0,2,1,1,0,0,0,0,0,1,0,1,0,1,1.297051422550695,0.3536756933172265,0.705449566574863
839,0,1,0,1,0,0,0,1,1,0,0,0,0,0,0,1,0,0,0,1,-0.06606551535182946,1.914959927343124,0.7055075644910609
840,1,1,0,1,0,1,0,1,1,0,0,0,1,0,0,2,2,0,2,2,0.20894951971967354,-0.40304854152353736,0.589330969307339
841,0,1,1,0,0,1,0,1,1,0,0,0,1,0,0,0,1,1,1,2,-0.2909596984223167,0.3190525023905579,-0.09302672716689758
842,1,0,0,0,1,0,0,0,0,1,0,0,1,0,0,0,0,1,0,1,0.38732355332221957,2.5674354506676655,0.6146850020467096
843,0,0,1,0,0,0,1,2,0,2,0,1,1,0,0,0,1,0,1,1,1.4073648209583376,3.581258454727762,4.8795210302236915
844,1,1,0,0,0,1,0,0,1,0,1,1,0,0,0,0,1,2,0,0,0.4712259925676218,-2.1274698373378587,-1.0273394738224704
845,0,2,0,0,0,1,0,1,0,0,0,1,0,0,0,0,0,0,0,1,-0.7110411121024068,-0.389900166439477,0.04077468730706474
846,0,2,1,1,0,2,0,0,2,0,0,0,0,0,0,0,0,0,1,2,-0.8264785870572207,-1.6034655557668571,0.5132952485124016
847,0,1,1,0,0,1,0,0,1,0,0,0,0,1,0,1,2,1,0,1,1.0150193958393021,0.1178762142879485,0.31207669047236336
848,1,1,1,0,0,0,0,0,0,0,0,0,1,1,1,1,2,0,1,2,-0.1406637593267616,0.3019427582920286,-0.15481318246085407
849,2,1,0,0,0,1,0,1,0,1,1,1,1,2,0,0,2,1,0,1,0.25687037978246785,0.16694175227926336,-0.689507175766642
850,0,0,2,1,0,1,0,1,1,1,0,1,0,0,0,0,1,0,1,0,-2.032103661880827,-1.1309980783258835,-0.807098736842206
851,0,0,0,0,1,1,0,1,0,1,0,1,0,0,1,1,2,1,0,1,0.5681784995982535,1.776802604456574,1.39329359132718
852,0,1,2,0,0,2,0,1,0,0,0,0,0,0,1,1,1,1,0,1,-1.533210391851763,-0.2500707007783203,-1.5731578768668886
853,0,1,1,0,0,1,0,0,1,2,1,0,1,2,2,1,0,1,1,2,0.8606936284840859,0.10821581362260313,0.3408468613092002
854,1,1,0,0,0,1,0,0,2,0,0,0,0,0,2,1,0,0,1,0,0.7058843455502309,0.7513965522925183,0.2542392090805293
855,0,0,0,0,0,2,0,1,0,0,0,0,1,0,2,0,1,1,2,0,-1.4714063544038967,-2.1085358096884246,-0.25111942557903183
856,1,2,1,2,1,0,0,0,1,0,1,0,0,1,0,1,2,0,0,2,1.0169727698155253,0.5885739880856328,1.3697907311877873
857,1,1,0,0,1,1,0,1,1,0,0,0,0,1,0,1,0,1,1,1,-0.11442883226273284,0.6669521010075897,0.060553436573107106
858,1,2,0,1,0,1,0,0,2,1,0,0,0,1,0,1,1,1,0,1,-1.326944278849604,0.669870903425871,-1.1660059994517116
859,0,1,0,0,1,0,0,0,0,1,1,1,0,1,1,1,1,2,1,0,-0.8097720198047614,0.010051150244118623,-0.49935944809266586
860,1,1,1,0,0,1,0,1,1,1,0,1,0,0,0,2,2,2,0,1,-1.6270175255438108,-2.429344578642581,-1.3954436513142463
861,1,2,1,0,0,1,0,1,1,1,0,0,0,1,0,2,1,1,1,0,2.097270612436595,1.1410087075769586,2.108679117085969
862,0,1,2,1,0,0,0,1,1,1,0,0,0,0,1,0,1,1,0,0,-1.0224134558216373,-0.23976097977803656,-0.6918011826488228
863,0,2,1,0,2,1,0,0,1,1,0,0,0,0,0,0,0,0,1,2,-0.36635116031814136,-0.47961054337744824,1.0219595364584522
864,0,1,1,1,0,1,0,0,1,0,0,0,1,0,1,1,1,0,0,2,-2.219070591682019,0.3947697965262469,-1.2874852017906528
865,1,1,1,0,0,0,0,1,2,0,2,0,0,1,1,0,2,2,0,1,0.21907974578595157,0.6213922865447242,-0.05756365951594844
866,1,1,1,1,0,0,0,2,2,0,0,1,0,0,0,0,1,2,0,1,-0.329652647185608,-1.3439841529782952,1.916279204342894
867,0,1,0,0,0,1,0,1,1,0,0,0,0,2,2,0,2,1,2,1,1.0415613556780858,-0.3718583390120218,1.0331778993004637
868,1,1,1,0,1,0,0,1,2,0,1,0,0,0,1,0,1,0,2,1,-1.1451882143944534,-0.7862925107767851,-2.0738463626388457
869,1,1,2,0,0,0,0,0,1,0,1,0,0,1,0,0,2,0,2,0,0.0904270778018876,1.1753233139597543,1.9370172321453585
870,1,2,1,0,0,1,0,1,2,1,1,2,0,1,0,2,1,1,1,2,1.1082252631814622,0.6563869583182045,0.5869262861735339
871,0,1,1,0,0,2,0,1,2,0,0,0,0,1,0,0,1,0,0,2,-0.9228817612729362,-0.75704975921815,-0.7511799519728237
872,2,1,1,0,0,2,0,0,0,1,0,1,0,0,0,0,0,2,1,1,0.6309776452573881,0.9819709709451296,2.1070645185293744
873,0,2,1,0,0,2,1,2,1,0,0,0,0,1,0,1,2,1,0,0,-0.11619661231869419,-0.36529491326584596,-0.2530601954252115
874,2,0,1,0,0,1,1,1,1,0,0,0,0,0,0,1,0,0,0,2,0.99974594127297,1.30177126851021,3.029517702753334
875,0,2,2,0,1,0,0,1,1,2,0,0,0,0,1,0,1,1,1,2,-1.028212449943285,-1.7380385692311817,-1.2006261566731884
876,1,1,1,0,0,1,0,0,0,0,0,0,2,0,0,0,1,1,0,2,0.7988665571151058,-1.4552804865588818,1.4406372964484382
877,0,0,0,1,0,1,0,1,1,1,1,0,0,0,0,1,1,2,0,0,1.106363887607289,1.1357786500415394,1.6678923349711274
878,0,1,2,0,1,1,1,2,2,1,1,1,1,1,0,0,2,1,0,2,1.1207038047660207,-0.9649941829245624,-0.0788951169815107
879,0,1,1,0,0,1,0,1,1,1,0,0,1,1,0,1,0,1,0,2,0.7194837259095485,0.08054978567027088,0.6110616254883541
880,1,1,0,0,1,0,1,2,0,2,2,0,0,0,1,1,1,0,0,0,0.48696778139019736,1.0260534529019405,0.4805509934050188
881,1,0,1,0,0,1,0,1,1,0,0,0,0,1,0,1,0,2,0,2,0.5140228502989808,0.19036727336765302,0.04501738557005938
882,1,1,1,0,0,1,0,0,1,1,0,0,0,1,0,1,2,1,2,1,-1.823189901397854,1.2057982179652462,0.609236525449859
883,0,1,1,1,0,0,0,1,0,1,0,0,1,1,0,0,1,0,0,2,0.1922351592063119,0.11616878748393802,-1.5048321517139875
884,0,1,1,0,1,1,0,2,0,0,0,0,2,0,1,1,0,0,0,0,0.0031248473899546,-0.8288665512685774,0.6087595413969578
885,0,2,0,0,0,0,0,2,2,0,1,1,0,0,0,1,2,1,0,1,-0.14837407070803454,1.1113580162398768,-0.45960654355636804
886,1,0,1,0,0,1,0,0,1,1,1,0,0,1,1,0,1,1,1,2,-0.3257734101537954,-0.015030381110576918,-0.611190036926792
887,0,1,0,1,0,1,0,0,1,0,0,1,1,0,0,1,1,1,0,2,1.350616766975801,0.355225386646755,1.103692431986127
888,0,2,2,0,0,1,0,2,1,0,0,0,0,2,1,1,2,2,1,0,-0.1926050904100192,0.3515598147419253,0.041202717771462526
889,2,1,1,0,0,1,0,1,0,0,0,0,1,1,0,1,1,1,1,2,-0.17395997750131237,-1.4891010012744046,0.823434948073068
890,0,1,1,0,0,0,0,2,1,0,2,1,1,0,1,0,0,1,1,1,0.2560306477504902,-0.07631607030599397,-0.06301741361358781
891,1,0,0,0,1,1,0,1,0,1,2,0,0,1,0,0,2,2,0,1,0.36213725765216287,0.2775223276163237,1.1912865332375797
892,1,1,1,0,1,0,0,0,1,0,0,1,0,0,0,0,1,2,0,2,-0.43112114294691034,1.8077226869672247,0.3239093228318608
893,1,1,1,0,0,1,0,0,0,2,0,1,1,1,0,1,0,2,0,1,0.9195071228972507,-0.32054615348031057,-0.5135954788447594
894,1,1,1,1,0,1,0,1,0,1,0,0,1,0,0,1,0,0,0,1,1.0792473541746384,-0.06913436250800825,1.8389937365176945
895,2,0,2,0,0,1,0,0,1,0,0,2,0,1,1,0,1,1,1,2,-0.6570452183847052,1.0807060971274662,0.6139431802043591
896,1,1,0,0,0,1,0,1,1,1,1,0,0,0,1,1,0,1,1,0,-0.01506248943386242,1.3211458080360865,-1.007772595573224
897,1,0,2,2,0,1,0,1,1,1,0,1,0,1,0,1,1,1,0,0,-1.1377729299988606,-0.6020943381681205,0.20603380872551358
898,0,0,0,0,1,1,0,1,1,0,0,0,0,1,2,2,1,1,0,1,0.19357447251048976,-1.0075051737535283,1.5449572602305608
899,0,1,0,0,0,0,0,1,0,0,0,0,0,0,1,0,1,1,1,1,-0.4265355602565982,-1.270851887394396,1.7587940927587038
900,1,0,0,0,0,2,0,2,1,0,0,0,1,0,2,1,0,0,1,2,1.5595964019642996,0.2592067895645732,0.9976776985351099
901,1,2,1,1,0,1,0,0,0,0,1,0,1,0,1,0,2,0,1,1,-1.3555811613485318,-0.6158667116397574,0.01535902632760311
902,0,1,0,0,0,2,0,2,0,1,1,0,1,0,0,1,1,2,1,2,-0.43975496381639423,0.9898549951292661,-1.2680807626478088
903,0,1,1,2,0,0,0,0,0,1,0,0,0,0,0,0,1,0,1,0,-0.6317248284983014,1.2501349987006918,-0.5461636025623636
904,0,1,2,0,0,1,1,1,2,0,1,1,2,0,0,2,2,1,2,2,0.4498370234495303,0.24808825266362305,1.216974251361292
905,1,1,0,0,1,1,0,1,0,2,0,0,0,1,0,1,1,1,0,1,-0.9385569267094876,0.09431250089923526,0.046776645472534295
906,1,1,1,0,1,1,1,1,1,0,1,0,0,1,1,1,1,0,0,2,2.0516951997872055,0.09719343651987894,2.022998288394238
907,2,1,1,0,0,1,0,1,2,0,1,0,0,0,0,1,0,2,0,2,1.225886994358534,0.17022569650445954,-0.7679376300239212
908,1,0,0,1,0,0,0,0,1,1,0,0,1,1,0,0,1,2,0,2,2.2883948071997278,-0.18020305377368384,1.2973898801958796
909,1,1,1,0,0,0,0,0,1,0,1,0,0,0,1,1,1,0,1,2,0.2586154586067945,-0.15268794441336636,-1.3942628814549134
910,1,1,0,0,0,1,0,2,1,0,1,0,0,1,0,0,2,0,0,2,1.3917121004648119,0.6512175193130805,-1.0577801633428792
911,0,2,0,1,0,1,1,1,1,0,1,1,0,1,1,1,0,1,0,1,-0.7139025467794945,-2.218509584769202,-0.6525215466151513
912,0,2,1,0,1,1,0,1,0,0,0,1,0,0,0,0,0,1,2,1,-0.3034386655047234,0.49060390736858284,-0.28963111948161135
913,1,2,0,0,0,2,0,1,2,0,0,0,0,1,1,0,0,0,1,1,-0.2992595809882994,0.1504788927494553,1.4867085709445147
914,1,1,0,0,0,2,0,0,0,1,1,1,0,0,1,2,1,1,0,1,0.40283288061930395,-1.138681836671544,-0.9109151778776624
915,0,0,0,0,0,1,0,1,0,0,1,1,1,1,1,1,0,1,1,1,0.07428271398429298,0.28908411752483165,-1.8716661488416666
916,0,0,1,0,1,0,0,2,0,2,0,1,0,0,0,0,2,0,2,2,-0.5989391769982011,0.1587224902725085,-1.077874019523268
917,1,0,1,1,0,1,0,0,1,1,1,1,1,0,2,0,1,1,1,1,0.24888339393725345,-0.6935211267201203,0.06610991810691255
918,0,2,0,1,0,2,0,0,1,0,1,0,0,0,0,0,2,1,0,0,1.2771704301402078,0.13897139077605156,0.765378090892852
919,1,1,0,0,0,1,0,1,2,0,1,0,0,0,0,1,1,0,1,1,-2.096414279895543,-1.9737071974439624,-0.4498525092803906
920,1,1,2,0,0,1,0,2,2,0,1,0,0,1,0,1,1,1,1,1,0.2653972524341708,-0.3913506284441681,-0.5849350033862805
921,1,1,0,0,0,1,0,1,0,1,0,1,0,0,1,0,1,1,1,1,-0.5759607067021897,0.03516140150724481,-0.19071784669476405
922,1,1,2,0,2,1,0,0,1,0,1,1,1,0,1,1,1,1,2,0,0.45169193955546794,0.11237608300256646,1.6735426507931541
923,1,0,0,1,0,1,0,2,1,0,0,1,1,0,2,1,0,1,1,1,-0.3549720156008402,0.708171822232307,-1.1886366769032308
924,0,2,1,0,1,1,0,1,1,0,0,0,1,0,0,1,0,1,1,1,-0.0013817408576030068,-0.8140537158602674,0.3240424493120273
925,1,0,1,0,0,1,1,1,0,1,0,1,1,0,1,1,1,0,0,2,0.43622201624764484,1.637587040496331,0.3016241538780555
926,0,1,2,1,0,0,0,0,1,1,1,1,0,0,0,1,0,0,1,1,1.392013983111253,0.27026291600684327,1.7291270505940233
927,2,2,2,1,0,2,0,0,2,0,0,0,1,0,1,2,1,0,0,0,-1.0011259968805006,-2.2220909678494207,1.2939934510733466
928,0,1,0,0,0,2,1,1,0,0,1,2,1,0,0,0,1,1,0,1,1.1846409896949806,0.295736507533042,-0.4723750901589461
929,0,1,0,0,0,0,0,0,2,2,0,1,0,1,2,0,0,1,1,0,-0.2001630020034281,-1.3578086320227443,-1.4955897009979846
930,1,1,1,0,1,1,0,1,1,1,0,1,0,1,1,0,1,0,2,1,0.8862831504491853,0.5683267798991753,3.413216876980889
931,0,1,0,0,0,1,0,1,1,0,0,0,1,0,0,2,0,1,2,1,-0.6525507848630295,0.9893820819235443,0.30201723114109735
932,1,0,1,0,0,0,0,1,2,0,1,1,0,1,1,1,2,2,1,0,0.9192802277826403,0.9926541589100348,1.184133750747983
933,0,2,1,0,1,0,1,1,2,0,1,0,0,1,2,2,0,1,1,1,0.6992543258078348,-0.6775509179729333,0.03011163548267054
934,1,1,2,0,0,1,0,1,1,0,0,1,0,1,0,1,1,1,0,0,-1.2777240351033208,0.50157155998554,-1.051272931250295
935,1,0,1,0,1,1,0,1,0,0,0,0,1,0,0,0,2,2,1,0,1.019711172261506,0.11820848423350769,0.4015062634639316
936,1,1,1,1,0,0,0,2,0,1,1,0,0,1,0,0,1,1,1,1,-0.1868839791140042,1.0614915873305986,1.4561007083510817
937,1,1,0,0,0,0,0,0,2,0,1,1,0,0,1,0,2,1,1,1,-0.8976973385756944,-0.7117723192333791,-1.728908230545318
938,2,1,1,0,2,0,0,1,2,0,0,0,1,1,0,0,1,0,0,1,2.3636639122181857,-1.0161110199391392,0.39076753009372783
939,0,1,1,0,0,0,0,0,1,0,0,0,0,1,1,1,1,1,1,0,-0.9181345747527513,-0.14921851303227737,-0.1372310802741455
940,0,2,2,0,1,0,0,2,0,0,0,0,1,0,0,0,2,1,1,1,0.6460600715483781,0.13330743042017296,-1.131853344219004
941,0,1,1,0,0,1,0,0,0,1,1,0,1,1,0,1,0,1,0,1,0.6064236287013826,0.8704969033699592,-0.7280049646912152
942,0,0,2,0,0,2,0,1,1,1,0,0,1,1,0,1,0,0,2,0,-0.0778701040160032,-0.5659862177727317,0.32384145715661417
943,0,0,2,0,0,1,0,0,0,1,0,0,1,0,0,1,2,2,1,1,-0.01098003010747675,0.8752464288256858,-0.7482925341970599
944,0,1,1,0,0,0,1,1,2,1,0,0,1,0,1,0,2,0,1,1,0.20771923568893721,-0.3259835917156971,-0.33399562052743537
945,1,1,2,0,1,1,0,2,1,1,1,0,0,1,0,0,1,0,1,0,0.6221345866524344,0.6283686510400815,0.12099878855217866
946,0,1,0,0,0,1,0,1,0,0,1,0,1,0,0,0,0,0,0,2,-1.0330087014214882,-0.8230954803980111,0.5830355613743621
947,1,1,1,0,1,1,0,1,0,0,0,1,0,0,0,1,0,2,1,2,0.5953690980369334,2.289801549889621,2.5833231008993556
948,0,1,1,0,1,1,0,0,0,1,1,0,0,0,0,1,1,2,1,0,-1.097182695841678,-0.23058603571345865,-1.4852693763971123
949,0,1,0,0,0,1,0,1,1,0,0,1,0,1,1,0,1,2,1,2,0.6185098803279908,0.7667220715650342,0.2654087939051179
950,0,2,0,0,1,1,0,2,0,1,0,0,1,1,2,1,2,0,0,1,-0.6393212361065688,0.3745500701650155,-0.8142959638812652
951,1,2,2,0,1,1,0,0,2,0,2,0,0,0,0,0,2,1,1,1,-2.4306212930075453,0.15230786538420515,-1.2788246302904882
952,1,1,0,0,0,0,0,2,1,1,1,2,1,2,0,1,1,1,0,0,-0.6175868630490398,0.3870223165549729,-0.16298123869231784
953,1,0,1,0,0,1,0,2,1,1,0,0,0,1,0,2,1,1,1,2,0.640273252989728,0.530233341463602,-0.8637528152602484
954,1,0,0,0,0,1,0,1,1,0,1,0,0,1,0,0,2,1,0,2,-0.35760164209382406,0.26714588626283875,0.7192923963978746
955,2,1,0,0,0,0,0,0,1,0,1,0,0,1,0,0,2,0,1,0,-0.27274715745760214,0.598555718119589,0.7178728917442807
956,1,2,0,0,0,1,0,2,1,0,0,0,0,1,0,1,1,1,1,0,-0.208141126933715,-2.3297325017475505,-0.33038429404192404
957,2,2,0,0,0,1,0,1,0,0,1,0,0,0,1,0,1,0,1,1,0.5516002018742248,0.47270811127637774,-1.939511628688782
958,0,1,0,1,1,0,0,1,0,0,0,0,0,1,0,1,1,2,0,1,-0.6954659309080825,-0.49011869756865895,1.7865326386000797
959,0,2,0,0,0,1,0,1,1,0,0,2,0,1,0,0,2,1,0,1,1.2937749656737672,0.08073280783761766,0.6612025149335701
960,1,2,2,0,0,0,0,1,1,0,0,0,0,1,0,0,2,0,1,1,0.8020927014602565,-1.13722169137024,1.6207454857138646
961,1,2,0,1,1,1,0,2,1,2,0,0,0,1,0,0,1,0,0,1,-1.1617241914833356,0.1972295383342326,-0.4584440128327871
962,0,1,1,0,0,0,1,1,1,1,0,2,0,0,0,0,0,0,0,1,1.181609394078392,1.7563545974391177,1.364646826749972
963,0,2,2,0,0,1,0,0,0,0,1,0,0,2,0,1,1,1,1,1,-0.02408468545194762,0.9966641726592753,1.654770908268163
964,1,0,0,0,1,1,0,0,1,1,0,0,0,0,0,0,1,1,2,0,-0.7790255124859345,-0.9602654217148539,0.10544952463225643
965,0,2,1,0,0,2,0,0,0,0,0,0,0,0,0,1,1,0,2,2,-1.164334404065375,-0.5569594804371809,-0.6268103320088717
966,0,1,0,0,0,0,1,0,1,1,0,1,0,0,1,0,0,1,1,1,0.1373831013585836,-0.5228370751134311,-1.8629536949948469
967,0,0,0,0,2,0,0,1,0,1,1,1,0,0,1,1,0,2,2,2,-0.510554197976501,-0.016754118173744503,-0.9625021863183238
968,1,0,0,0,0,1,0,1,1,0,0,0,0,1,0,1,2,0,2,1,-1.5511087758240245,-1.3175416577253891,-0.02604255783471421
969,1,1,1,1,0,1,0,1,0,1,1,0,1,1,1,0,0,1,2,2,0.6360053560020644,0.4436256946550104,-0.5718943926992569
970,0,2,1,0,0,1,1,1,2,1,0,0,0,0,1,0,2,0,0,0,0.666361572279509,-1.171467920619845,0.9680619017441199
971,0,1,0,0,1,1,0,1,2,0,0,0,0,1,0,1,1,1,2,1,3.0232086556982254,-1.2832306675568748,-0.05051045815517541
972,1,0,1,0,0,2,0,0,2,0,0,1,1,2,2,0,0,1,0,1,-0.8221142068226218,0.11179627668467271,-0.6750077309390823
973,0,1,1,0,0,0,0,2,0,1,0,0,0,0,0,0,2,2,1,1,-1.0060760869127963,0.7990408038643746,-1.2324453965485511
974,0,1,1,1,0,2,0,2,0,0,1,0,0,1,1,0,1,2,0,1,0.4101892252839568,1.853828660979159,2.7830641759252024
975,1,1,0,0,0,2,0,1,0,1,0,0,0,0,0,0,0,0,2,2,-0.10618238292184086,-0.3713414356590328,-1.4043564278726426
976,0,1,0,1,0,1,0,1,1,1,0,2,0,1,0,1,1,0,0,0,-0.3509174244488127,0.51321266561557,-1.6102792240408157
977,2,1,0,0,1,1,0,1,1,1,0,0,1,0,1,1,1,0,0,1,-0.0038046507101450826,-0.6784788357727936,0.39548711635343337
978,2,2,1,0,0,1,0,2,2,1,0,0,1,0,1,1,1,0,1,2,-0.630196492601444,-0.5404951781212192,0.10326678028363012
979,1,2,2,0,1,1,1,0,0,1,1,0,0,0,1,0,0,2,1,0,-0.2151699850637411,-0.43569002704256043,0.07962348249168533
980,0,2,2,0,1,1,0,1,1,1,1,2,1,0,0,0,1,1,0,0,0.04767359623039116,0.6551772588174112,0.6402419731069594
981,1,0,1,0,0,2,0,0,2,1,0,1,0,0,1,2,2,2,2,0,0.2033403994060117,-0.6445258811949401,-1.2659650774144846
982,0,0,1,0,0,0,0,1,0,0,2,0,0,1,1,1,0,0,1,1,-0.30288911138923896,0.1290700543467208,0.16487177884452486
983,0,0,1,1,1,2,0,2,2,1,0,2,0,0,1,0,0,1,1,1,-0.30611287736224285,0.6429091868133436,-1.1815143360035412
984,1,0,1,0,0,1,0,1,1,0,1,0,1,2,0,1,0,1,1,2,-1.0708146536572762,0.7648721291571792,0.3431389729059906
985,1,1,2,0,1,1,0,2,1,1,0,1,0,0,1,1,2,1,1,2,-1.429590804585869,-0.348711901213701,-0.9282600030034502
986,1,2,1,0,0,1,0,2,0,0,0,1,0,1,0,1,1,1,2,2,-0.10765161199823291,0.3151011751728007,0.9857208363470428
987,0,2,1,0,0,1,0,0,1,1,1,1,0,1,1,0,1,0,2,1,-1.0702645146258454,0.3009686700755319,0.0037963289785847287
988,1,2,1,0,0,2,0,1,0,0,1,0,1,1,0,0,2,1,1,2,-0.8850595263899645,-0.30191058855191844,1.2364141875725796
989,0,1,0,0,0,1,0,0,0,0,0,1,0,0,2,0,0,0,2,0,-0.2585553588093798,1.777607201386288,0.6014527382565842
990,0,1,1,0,0,0,0,1,1,0,1,0,1,0,0,2,0,0,1,1,-0.05079837419928473,0.06815151143137449,0.21367917856900162
991,0,1,2,0,1,2,1,0,0,0,0,0,0,0,1,0,0,0,2,0,-1.3724847913992868,1.8220148892521324,1.744087791719139
992,0,1,1,0,0,1,0,0,2,0,0,0,2,1,1,0,1,1,1,1,-0.7614616711315353,-1.2984225633749962,0.4905026963377709
993,0,1,0,1,0,1,0,0,2,0,1,1,0,0,0,0,1,1,0,1,-0.16123494792777926,0.05929738917528468,1.3834211458713752
994,1,1,0,0,0,2,0,0,0,1,0,0,1,0,0,1,1,1,0,1,-0.20168973046549246,-0.724915136609882,-0.8528037774131155
995,1,1,0,0,1,1,0,1,0,0,0,0,0,1,0,2,2,2,1,2,0.6770806253209413,0.3276677210090171,-0.8679484675461098
996,0,1,1,0,2,1,0,0,1,0,0,0,0,0,1,0,1,2,1,1,0.8620520271786756,-0.7966388193751953,0.8026126105066707
997,1,0,1,0,1,0,0,0,0,2,1,1,0,0,0,0,1,1,1,2,0.7699553151651534,0.09522593447809649,-1.0249531747760345
998,0,2,1,0,1,1,1,1,0,0,0,0,1,0,0,1,0,0,0,1,0.2067217421192361,0.5719842138542448,1.2944399533560627
999,1,2,0,0,0,2,0,0,0,2,0,1,0,0,1,0,1,2,0,1,-1.6452939098064,0.16889299250137546,-1.3799508411007497
1000,0,1,0,0,2,0,1,1,1,0,1,0,0,1,0,0,1,0,1,2,0.597484880700217,0.6924357429781007,-1.2167566101466116
1001,2,1,0,0,2,0,0,1,1,1,0,1,1,1,1,0,1,2,0,1,0.30155266432163147,-0.7388468937406996,-0.3525389532777272
1002,1,1,1,1,2,0,0,1,1,1,2,1,0,0,2,1,0,0,0,0,0.07797176468106207,-0.4394832367906115,0.8712165161004328
1003,1,1,1,1,0,1,0,1,0,2,0,1,0,0,0,0,2,0,0,2,0.5629406979970824,1.707545481405023,2.066661170306051
1004,0,2,1,1,0,0,1,1,0,0,1,0,1,0,0,1,0,0,0,1,-0.33853345750419855,1.782883946106221,1.7470085037190661
1005,1,2,1,0,0,1,0,2,0,0,0,1,0,0,1,2,2,0,0,1,-1.8136917355850866,-0.6683860684835532,-1.213690117067197
1006,1,2,0,0,1,2,0,2,1,0,1,0,0,1,0,1,1,0,0,2,0.0241236346579599,0.6257024390943067,-0.37682152395198454
1007,0,0,2,0,0,1,1,2,2,0,0,0,1,1,0,0,2,1,1,1,1.0598773331396751,1.3644442776170025,-0.6128872587748437
1008,2,0,1,1,1,2,0,1,1,0,1,0,0,0,2,2,1,1,0,1,-0.21279364307679685,-1.2110337074118773,0.09452441965576375
1009,0,2,0,0,0,0,0,1,1,1,0,0,0,0,1,0,1,2,2,2,0.66155609672916,1.2352585587802871,0.9087352759874001
1010,1,1,0,1,0,2,0,1,2,0,1,0,1,0,1,0,1,0,0,0,0.9648522688022901,-1.4628640581347798,0.0029262169187220244
1011,0,1,1,0,0,0,0,1,1,1,1,0,0,0,0,0,1,1,1,1,-1.233281720208268,-1.6658121086973745,-0.5050086150731997
1012,1,1,2,0,1,2,0,0,2,0,0,1,0,0,0,1,2,2,0,0,0.046581478047463105,-0.6279987630241486,-0.19244780945888856
1013,1,1,1,0,0,1,0,1,1,1,0,2,0,1,1,1,2,0,1,2,0.2062793546378175,1.1410185813898202,1.2423342730875946
1014,1,2,0,0,2,1,0,1,2,0,0,0,1,0,0,0,1,0,1,2,-1.4523422630505094,-1.0507173022317,-0.5716183428452517
1015,2,0,0,0,1,2,0,1,0,0,0,1,0,1,1,0,2,1,0,1,-1.1663589298093366,0.9126885663796068,-0.38554828629297394
1016,1,1,0,0,0,0,0,1,1,1,1,1,1,2,1,0,1,0,0,2,-0.20108416543036586,-1.2033845121305013,-0.6797495796636861
1017,1,2,2,1,0,0,0,2,0,0,0,1,1,0,1,2,1,1,0,1,-0.47615462185853186,0.8797706546713397,-0.5421116945214686
1018,1,0,1,0,1,1,1,1,2,2,1,0,0,0,2,1,1,1,1,0,0.24212552935581017,-1.5447641569686064,-0.6915822992893443
1019,0,0,1,1,0,0,0,1,2,2,0,0,1,0,0,1,2,0,2,1,0.06344068807115909,0.4149734254637297,0.6471039987727754
1020,2,1,0,0,0,1,0,0,1,2,0,0,0,0,0,1,1,1,2,2,-0.43882697393585524,-1.6454571479413518,-0.9146853574513236
1021,0,1,1,1,0,1,0,0,2,1,0,1,0,0,0,1,1,0,0,0,1.7364105272018062,-0.13572691748535398,1.2867176542464482
1022,2,0,0,0,0,0,0,1,1,1,2,0,1,1,1,1,0,2,1,2,0.5367069402892716,0.9710101571791508,0.5446277974346426
1023,2,0,0,0,1,0,0,0,1,0,0,1,0,1,0,1,1,2,0,0,-0.041665189759297276,0.0543599094345216,1.0477717828232211
1024,0,2,0,0,0,0,0,1,1,1,0,1,0,1,0,1,1,2,0,2,1.8723514947415278,2.1012345193254163,1.7775099172665252
1025,0,0,1,0,1,1,0,0,1,1,1,1,0,1,0,1,1,1,2,1,0.10569958788693466,0.5904782607403625,-1.068748440782203
1026,0,1,0,0,0,1,0,2,2,1,0,0,1,1,2,1,1,0,0,2,-0.5322346313634204,0.04180892633351814,0.2981939253974404
1027,0,1,1,0,0,2,0,0,1,0,1,0,1,0,0,1,1,2,2,2,-1.0707341273701754,1.0595640991917055,-1.0447596717286658
1028,0,1,1,0,0,1,0,0,1,0,0,0,0,1,0,2,1,0,0,2,-0.4593847351021519,0.6987264123276558,0.16504742761295974
1029,2,0,1,0,1,1,0,0,0,1,0,1,1,1,0,2,1,2,0,2,-0.04161348252745565,-1.157925031441613,0.7361121950045447
1030,1,2,1,2,0,1,0,1,1,1,0,0,0,1,1,0,0,1,0,1,0.783133295911014,1.8549285871687593,1.8123270151034272
1031,0,2,0,1,0,0,0,1,0,1,0,0,0,1,2,0,1,0,1,1,-0.40293005642236684,0.5323720813912242,-0.1904888527419864
1032,0,0,0,0,1,1,0,1,1,1,1,0,0,2,2,1,1,0,1,1,1.3383984441446273,1.5727812282371127,3.61141292834808
1033,0,0,2,0,0,0,0,2,1,0,1,1,0,1,0,1,1,1,2,1,-1.019893435169884,-0.34952295210533063,-1.0480272671469735
1034,1,1,0,1,0,2,0,0,1,1,0,2,0,0,1,1,1,2,0,1,0.9680256001356882,1.0365146675246215,1.9140587791554131
1035,0,1,1,0,0,1,1,0,1,0,0,0,0,0,1,0,2,2,1,2,-1.1185742335008737,0.219407899734121,1.3008745748120822
1036,1,1,1,1,0,1,0,1,1,1,0,0,0,0,0,0,1,1,2,1,-0.6069042541269342,0.43350513096999205,0.06356910448455896
1037,0,1,1,0,1,1,0,1,2,0,0,1,1,1,1,0,1,0,1,1,0.7380597812709738,0.18373787246152362,-1.6636160954912784
1038,0,2,1,0,1,1,0,0,1,1,1,0,0,0,0,0,1,2,1,0,-1.1127318936413648,1.448862742139638,-1.2817161768452083
1039,0,0,0,0,0,0,0,1,1,0,1,0,0,1,0,1,1,0,0,0,-0.9111035671654604,0.6737222802710072,0.1241665696561357
1040,2,2,2,0,0,1,0,0,1,0,0,0,0,1,0,0,1,2,0,0,0.34463358854090104,-1.5994348991360856,-0.3996469113463289
1041,1,2,0,0,0,0,1,1,1,0,1,1,0,1,2,0,0,0,1,2,1.3071779987135956,0.9064685423893779,3.660932794298438
1042,2,2,1,0,0,0,0,0,1,1,1,1,0,0,1,1,0,0,0,1,-0.8752137082247757,-0.0026377477628982265,0.8624613384206324
1043,1,0,1,0,2,2,0,1,1,0,0,1,0,1,0,1,1,1,0,0,-0.01961352417731379,-0.7338160614230151,-0.7452975133534689
1044,0,1,0,1,0,1,1,2,0,0,1,0,1,0,0,0,0,0,0,1,-0.037041979722189824,-1.0758063852575248,0.5313939541494566
1045,0,2,2,0,0,0,1,0,1,0,1,0,0,1,0,0,2,1,1,0,0.7379282933902257,-0.5116016487508095,0.765306103661242
1046,2,1,1,0,0,2,0,0,1,1,0,1,1,0,0,0,2,1,0,1,0.288545513590098,-0.5311560521002932,-0.7698879215183542
1047,1,1,0,0,0,1,0,0,0,0,0,0,0,0,0,0,1,1,0,2,0.043847644391031566,0.8238041918871218,0.158915805343643
1048,1,0,1,0,0,0,0,0,2,0,0,0,0,0,0,0,1,1,1,1,-1.198397195627804,-1.9354355281212814,1.120017358626522
1049,0,1,1,0,0,2,0,1,0,0,0,1,0,1,0,0,1,1,0,2,-0.534367699875307,0.8616865716496821,0.07830525677048228
1050,1,0,1,2,2,2,0,2,0,1,0,0,0,0,1,0,1,0,0,1,-0.469650811206566,-0.7089825730366464,-1.179463042797841
1051,0,1,1,0,0,0,0,1,2,0,0,0,0,2,0,0,0,1,1,1,0.9608153884418573,0.17603664684159906,-1.165356207174479
1052,0,0,1,0,0,1,0,0,1,0,0,1,0,0,0,0,2,1,1,1,1.269217678616827,1.0419120694108481,1.5659056749362381
1053,2,2,0,0,0,1,0,0,1,2,1,1,1,0,1,1,1,0,0,1,0.3173656939790238,0.08951716707778498,2.857204336806011
1054,1,0,2,1,0,0,0,0,1,0,0,0,1,0,0,1,1,0,1,1,0.734799434559573,2.6513615664268264,4.738523008093862
1055,0,2,2,0,1,1,0,1,0,2,0,0,0,0,1,1,1,0,1,1,-0.18360726607745287,0.0416467236383547,-0.7810851174689192
1056,2,1,1,1,1,0,0,1,1,1,1,0,1,1,0,2,1,0,0,1,0.16917693622756483,-0.059896119165796596,-1.1256677614831279
1057,0,1,1,0,0,1,0,2,2,0,0,1,1,2,0,0,0,2,0,0,-0.5699989833113964,-0.20681681563962848,0.37005122133689117
1058,1,1,1,0,1,1,0,2,2,1,0,0,0,1,2,1,0,0,1,0,0.046708192932344454,0.5284928366873991,1.4700008690384188
1059,1,1,1,0,1,2,0,1,1,0,0,0,1,1,0,0,1,0,0,1,-1.6854101815118265,0.17664969190111712,-1.0070015747512717
1060,1,0,1,0,0,0,0,0,0,1,0,0,0,1,0,1,2,0,0,0,1.805507467620486,-0.700517117660597,-1.320262162278435
1061,1,0,1,0,1,0,0,1,0,0,0,0,2,0,0,0,1,0,0,1,-0.522326643360501,-0.5813898007996366,1.2936291624162841
1062,1,2,1,0,0,1,0,2,0,1,1,0,0,1,0,0,1,0,1,1,1.3935238741439226,-0.18082480214205066,-0.5501441150500581
1063,2,1,1,0,1,1,0,1,1,1,1,1,0,0,0,1,1,1,1,2,-1.8826314175302985,-0.7472628587417494,-1.3259320872879679
1064,2,2,0,0,1,1,0,1,2,0,0,1,0,1,1,0,0,1,0,1,-1.4458375799787593,-1.3421484690907626,-0.9798565160971118
1065,1,0,2,0,0,2,0,2,1,0,1,1,1,0,0,1,1,1,2,0,-2.2979510356532256,-0.7928398656706008,-1.6739877251732638
1066,0,1,1,1,0,0,0,0,1,0,1,0,0,1,0,0,0,0,0,1,-1.356759390210479,0.5495268003578426,-2.61401818957297
1067,1,1,1,0,1,0,0,0,1,0,0,0,0,0,1,0,1,0,1,1,0.18794535059122913,-0.5168468414341392,0.8945517753864946
1068,0,1,1,1,0,0,0,0,2,0,1,0,0,1,0,0,1,1,1,0,1.8811637018816394,-0.7856546049527362,1.385408276159174
1069,1,1,1,0,0,1,0,1,1,0,1,0,0,2,2,0,1,1,2,2,-0.5068426539793139,0.8604425559602056,-1.5927475776857711
1070,1,1,2,0,0,1,1,1,0,0,0,1,2,0,1,0,1,2,1,1,-0.843643461214042,-0.5690602108413766,-1.4905615244602397
1071,0,1,0,1,0,0,0,1,0,0,0,1,0,1,0,0,0,1,2,1,-0.41929888148594985,0.1294871463525963,-0.4264726958299756
1072,0,0,1,0,1,2,0,0,1,0,0,0,0,1,0,1,1,0,1,1,0.13806895440435057,-2.913730727217959,0.7286004993799223
1073,0,2,1,0,1,2,0,1,1,0,0,0,1,0,1,0,1,0,0,1,-0.039692206992973544,0.008557877789703155,-0.07134757276001658
1074,0,2,1,1,0,1,0,0,0,2,1,0,0,1,1,1,1,0,0,2,0.8682491343965879,0.21770045966453316,-0.43139836126990516
1075,1,1,1,0,0,0,1,0,1,0,0,1,1,1,0,1,1,1,1,0,0.1298673077071299,-0.2543616717084115,-1.1714684706134804
1076,1,1,0,0,1,0,0,1,1,1,1,0,2,0,1,1,1,1,1,0,0.14912384434646733,-1.9867086457099834,0.2072851556130521
1077,1,0,2,0,0,1,0,1,0,0,0,0,0,0,0,0,1,2,1,1,-1.8072336795527693,-0.035486776537193954,1.0828372598316882
1078,1,1,0,0,0,1,0,0,1,0,0,0,0,1,1,0,1,1,0,1,-0.9417235571299465,0.33412323932189003,-0.6910614055960395
1079,0,1,1,0,0,0,0,0,2,0,0,0,0,0,0,1,2,1,0,0,-0.32854218882379677,-2.353606943418675,-0.6948468979244797
1080,0,1,0,2,1,1,1,0,0,0,1,0,0,0,0,0,2,1,1,1,-1.0829584504661907,-0.9942246923607784,-0.0971344609116821
1081,0,1,1,0,0,0,0,1,1,0,0,2,0,1,0,1,1,1,1,1,0.24885784870422634,1.123282463030757,2.520378550340047
1082,1,1,2,1,0,1,0,2,1,1,0,0,0,1,0,0,2,2,0,1,0.21839322208892056,0.002547435727181177,-0.0756361596835475
1083,1,1,0,0,0,2,1,0,1,0,0,0,0,1,1,1,2,0,0,2,-0.49799131206220876,-0.29068904306982324,-0.10588633992321111
1084,1,0,1,0,1,0,0,0,1,0,1,1,1,1,1,1,1,0,0,2,-0.6000842533481788,0.435602207846323,-1.028842389946968
1085,0,0,1,1,1,1,0,0,1,0,0,0,0,2,1,1,0,0,0,0,0.07852571668126926,-0.8209178466176282,-0.7414648747023309
1086,0,0,0,2,0,0,0,1,2,1,0,1,0,0,1,0,1,1,0,0,-0.10053715171112815,-0.31182629127706446,-1.0988169357944308
1087,2,2,2,0,1,1,0,1,0,1,0,1,1,0,0,1,0,2,1,2,-0.14080437220887324,-0.44347195298094555,0.863020702179601
1088,2,1,1,1,0,2,0,1,1,1,1,0,0,0,0,2,1,1,0,2,0.393264669699055,0.6918424152503224,0.9039922985846723
1089,1,0,0,0,0,1,1,1,1,0,0,0,0,1,2,1,1,1,1,1,-0.024582059825364086,-1.1806547732426,-0.19350642948670885
1090,1,1,1,1,0,1,0,1,2,0,1,0,1,0,0,0,2,0,0,1,0.8667415114257448,-0.776535576327141,0.7670267524513054
1091,0,0,0,1,0,1,0,0,1,1,0,0,0,0,0,1,0,0,0,0,2.2629367936990783,0.40768613176163937,1.046259603915253
1092,1,1,1,0,0,1,1,1,2,0,1,0,0,2,2,0,2,1,0,0,0.03824275587231484,0.815861458122995,-0.6462321341168538
1093,0,0,1,0,2,1,0,1,1,0,0,1,0,0,0,0,2,2,2,0,0.0023660093740372457,0.4145526830297907,-0.5555909179055013
1094,0,1,0,0,0,1,0,0,1,0,0,0,1,0,1,2,1,1,0,2,0.8928059623480289,-0.01270442857102419,1.4099529681149736
1095,0,0,1,0,0,1,1,0,1,0,0,2,0,0,1,1,1,0,1,1,-0.5891457097598441,0.2461750071596086,-0.03908174286495858
1096,1,1,1,1,0,2,0,2,1,0,1,0,0,0,0,0,2,1,1,1,0.6535951929014476,-0.7544479452370048,0.019724799592117453
1097,0,0,0,0,0,0,1,1,0,0,0,0,0,0,0,1,2,2,1,2,0.34945305329896015,-0.2953514867193914,-0.8769795287582173
1098,1,1,2,0,0,1,0,1,1,0,1,1,1,0,0,1,0,1,2,1,-0.7030517158612452,1.0290875954506473,0.9143009098701473
1099,1,1,1,0,0,1,0,1,1,0,0,0,0,0,1,2,0,0,1,2,1.227799736489003,0.10797289603227211,1.2109842655629919
1100,1,0,0,0,1,2,0,1,1,0,1,0,0,0,1,1,0,1,2,1,0.11766978191580975,-0.2923449136980167,0.8880770842738753
1101,0,0,0,0,1,2,0,1,2,1,0,1,1,1,0,1,0,1,0,1,-0.05725826029273384,0.015772329876104867,-0.04863855159142879
1102,0,1,0,0,0,1,0,1,0,0,1,0,0,1,1,0,1,1,1,1,0.007935416358560349,0.12100145424039352,-0.6974012103085964
1103,0,2,2,0,1,1,0,1,1,1,0,0,0,0,0,0,1,1,0,2,0.8285401712305017,2.0525887187375282,1.1295967787378445
1104,1,1,1,2,0,1,2,0,0,0,1,0,0,0,0,0,1,0,0,2,-0.37346303178904683,-0.08758977064857049,0.6414398094116942
1105,0,1,1,0,1,1,0,2,2,1,1,0,1,1,0,0,1,1,1,1,-1.1631199118161057,-1.0452891222824336,-0.4302827210239888
1106,0,1,1,1,0,2,0,0,2,0,0,1,2,0,0,0,1,2,1,1,0.6657355068738544,1.5185990987996076,1.0292936554607313
1107,1,1,1,0,0,0,0,1,0,0,1,1,0,0,0,0,2,0,0,2,0.6122365080426714,0.306852565223408,1.1703728133258902
1108,1,2,1,0,1,2,0,1,0,0,0,1,0,0,0,1,1,1,0,0,-1.2191163841877783,-1.9564042601761509,-0.6230097919483792
1109,1,2,1,1,0,1,0,0,0,0,1,0,0,1,0,1,1,0,0,1,-1.727739318046615,-1.0144285894782994,-2.6064819678327
1110,1,1,0,0,2,1,0,1,1,0,0,0,0,1,0,0,1,1,2,1,-0.83333877707629,-0.6591390448867371,-1.214452412745715
1111,0,0,1,0,0,1,0,1,1,1,1,1,0,1,1,1,1,1,0,1,-1.1425270976176165,-1.7929313847914412,0.6393542967532879
1112,1,1,1,0,0,2,0,1,1,1,0,0,0,0,0,2,1,1,1,1,-2.0996311097555833,-1.9474997521260935,0.2349675904069234
1113,0,1,0,0,0,1,0,1,0,0,1,0,1,0,0,0,0,1,1,1,0.4200106803121492,0.34484253416826205,-1.5301126274968617
1114,1,0,1,0,0,1,0,0,1,1,0,0,1,0,1,0,1,0,0,0,-0.6108665573125864,-0.7650806493329634,1.4308712880330492
1115,1,1,0,0,0,2,0,1,1,0,0,0,1,1,1,0,1,0,1,0,0.6198155192848245,-0.2600905816919957,0.802866681057194
1116,1,1,0,0,0,1,0,0,0,1,0,0,1,0,1,0,1,1,0,2,0.6163740089141898,0.4312678332427191,-0.1643030851909068
1117,1,0,1,1,0,1,0,0,0,1,0,1,1,1,0,1,0,2,2,1,0.19311288775765093,-0.12653032755926408,0.39695350605465435
1118,1,1,0,0,0,0,0,2,1,0,0,1,0,2,0,0,0,2,1,1,1.0808415731894716,-0.3441705173088485,1.015478351311252
1119,0,0,1,0,0,1,0,1,0,1,0,1,0,0,1,0,2,2,0,0,-0.7767125204546322,-0.5441553675884483,-1.0215607115625356
1120,1,0,1,1,0,0,0,1,1,2,0,1,1,0,0,1,1,1,0,0,-0.044930432026810366,1.1578879617946396,1.3970626274238143
1121,0,2,0,1,0,0,0,2,1,1,1,1,1,0,2,2,1,0,0,2,-1.537961336841415,0.5211801931530992,-0.3152075745808717
1122,0,1,0,0,0,1,0,0,2,0,1,0,0,0,0,0,1,1,2,1,-0.8845063698864059,-1.209499553912719,-0.917413318018907
1123,1,0,0,0,0,2,0,0,1,0,0,0,1,0,2,0,1,2,0,0,1.0819737002892573,1.2060421155754033,1.6666537042622633
1124,2,2,1,1,0,2,0,1,0,0,1,0,0,0,0,0,1,1,0,2,-0.690373235020928,-1.2119227227922234,-0.638118532952294
1125,0,0,1,1,0,1,0,0,1,0,0,1,0,1,0,2,0,1,0,0,-0.32534523377219104,-0.29461194068800023,-0.6385621432186092
1126,1,1,1,0,0,1,0,0,1,1,0,0,1,1,0,0,1,0,1,0,-0.33042326809737194,1.6303852183808598,1.216390516001194
1127,1,0,1,0,1,1,0,0,2,1,0,1,0,0,0,1,2,0,1,0,0.8105262396328832,0.7028015349827528,-0.06983306999831185
1128,1,0,1,0,1,1,0,2,1,0,0,0,0,0,0,0,0,0,0,2,1.104388417095677,-0.5766914814595505,0.6791873553596456
1129,1,1,1,1,0,2,0,0,1,0,0,0,0,1,0,1,0,2,1,0,-2.8677000334910843,-0.4108000738120926,0.5552347907595696
1130,1,2,1,1,0,1,0,1,2,1,1,1,0,0,0,1,1,0,0,2,1.2078459793787901,1.717686391562591,1.4116354547824714
1131,0,2,1,1,0,1,0,1,2,0,1,0,0,1,1,0,1,1,2,1,0.5512846913422906,-1.127273230043,0.3960090506648588
1132,2,1,1,0,0,1,1,2,2,0,1,0,0,0,0,1,2,1,0,0,-1.8376307133196297,1.2559772755359577,0.9692099196413636
1133,1,1,2,0,0,2,0,1,1,2,0,1,1,1,1,0,2,1,0,0,0.6765075343585127,0.12162752183525531,-0.09795546662963012
1134,0,2,1,0,0,2,0,0,2,0,0,0,0,1,1,0,0,0,1,1,0.6228317978192238,-0.41636617588221336,-0.41384724507698173
1135,1,0,0,1,0,1,0,0,1,0,0,0,0,1,0,0,2,1,1,1,-0.04391408063841381,0.28204751058324157,0.3612352699017373
1136,0,0,0,0,0,2,0,1,0,0,1,0,0,0,0,0,0,0,0,1,0.4588466756209566,-1.061700703519104,-0.8340495092367515
1137,1,1,0,1,0,2,0,0,2,1,0,1,0,0,1,2,1,2,0,1,1.132269127092425,0.793802690859741,0.08747539902554047
1138,0,2,0,0,0,1,0,2,0,0,1,2,0,1,0,1,1,1,1,0,0.7905455327747544,1.0045639601386316,0.934947180176718
1139,0,0,0,1,0,2,0,1,1,0,1,0,0,1,1,1,1,2,1,1,2.9778970152740123,0.9413688527883126,2.150206325975765
1140,0,0,1,1,0,2,0,0,1,2,1,0,0,0,1,1,2,1,1,1,-1.5946786680285645,-0.7155012113239327,-0.14125537096254703
1141,0,1,1,0,2,0,0,0,2,0,0,1,0,1,0,0,1,1,1,1,1.437116323820255,0.945782627014414,0.8515037930633329
1142,1,1,1,0,0,1,0,1,0,0,1,2,1,0,1,1,1,1,1,0,1.4544535534608622,-0.5093088579372316,0.05660441189412885
1143,0,1,1,0,0,2,0,1,0,0,1,0,1,0,1,0,1,0,0,1,-0.8434475559003429,-0.7537929128162468,0.48849022865847114
1144,1,1,0,0,1,1,0,1,0,0,0,0,0,1,0,1,1,2,0,1,1.741440433400495,-0.26603886013230266,1.9192310585689083
1145,1,0,2,0,0,0,0,1,1,1,1,2,0,0,2,0,1,0,1,2,0.7896407266519445,0.2250931869992316,-1.2581392419298894
1146,1,2,1,0,1,2,0,1,1,1,0,1,0,0,0,0,2,1,2,1,-0.12892199043116137,0.8130425436420537,0.1878234390543645
1147,0,1,0,0,0,2,0,1,1,0,1,1,0,0,1,0,0,2,1,1,-0.47669810425942544,-0.1275325038732798,-0.5037211169992681
1148,0,1,1,0,0,0,0,1,1,0,1,0,1,2,1,1,0,0,0,0,0.45325928750024524,0.2394454496554878,0.7453274916998707
1149,0,0,2,0,0,0,0,0,1,0,0,0,0,1,1,0,0,1,1,0,0.3266704436035352,-0.25074859654229537,-0.022058939165274224
1150,0,1,0,0,0,1,0,2,0,1,0,0,0,1,0,1,1,0,1,0,0.024207794623652995,1.6907791723097911,-0.5704060748970581
1151,0,1,2,0,1,0,0,1,0,0,0,0,1,0,0,0,1,1,0,1,0.2467510451066154,-0.15236984431854175,-0.11035217125002228
1152,0,0,0,0,1,2,0,1,1,1,0,0,0,0,1,0,0,2,0,0,-0.7768485898731518,-2.071775553432511,-1.8434038683272802
1153,0,2,1,1,1,2,0,0,2,1,0,0,0,2,1,1,0,0,0,2,-1.5989272355293778,0.725837874417123,-0.3761544216096788
1154,1,0,0,0,1,2,0,0,1,1,0,1,0,0,0,1,1,0,0,1,-1.141000273629391,-0.35200400728137593,-0.08003069268884105
1155,1,2,1,0,1,2,0,1,0,1,0,2,1,0,1,1,1,1,1,0,1.6725340485279014,2.606046661928452,1.251018759669473
1156,0,0,0,0,1,1,0,1,2,0,0,0,0,1,0,2,0,0,1,1,-0.04076476589596653,-0.6807036020580446,-2.5291718626498154
1157,0,1,1,1,1,0,0,0,0,0,1,0,0,0,2,1,2,1,0,1,-1.078075038046206,-0.3537362763743701,0.5508737962023452
1158,1,1,0,1,0,1,0,1,2,0,1,0,2,1,0,0,2,0,1,1,0.30815862005426853,1.0793766212655211,1.2138028271992782
1159,0,2,0,0,0,1,0,2,2,0,1,0,0,0,0,0,2,1,0,1,1.808196378482788,-0.29714522585777176,1.287874685262365
1160,0,1,0,1,0,0,0,0,0,2,0,0,0,0,0,1,0,0,2,1,1.4326125195317725,0.9399932874638341,1.9912236669506704
1161,0,1,1,0,0,1,0,1,1,1,0,0,0,1,0,0,1,1,1,2,0.261324597356784,0.5332542126436983,-0.16084656217273863
1162,0,1,2,1,1,0,0,1,1,0,0,1,0,1,2,0,1,2,0,2,0.15663825935051595,0.6761797973852357,-0.8707427998394441
1163,1,1,1,0,1,2,0,1,0,0,0,0,0,0,1,1,0,0,1,2,-1.204183740365172,-0.3242610613768879,-0.27905454356111437
1164,2,2,1,1,0,0,0,0,0,0,1,1,0,0,1,1,2,1,0,1,1.1092066541979553,0.1808021741360812,0.62533767539112
1165,1,0,2,0,1,1,0,1,0,1,0,0,0,1,1,0,0,0,0,1,-1.5811100842780879,1.5588297726517304,-0.20852683923880683
1166,0,1,1,0,0,2,0,1,1,2,0,0,1,0,0,0,1,1,1,0,0.29617797538685575,1.3337339078079693,1.70330979245501
1167,2,1,1,0,1,2,0,2,1,0,0,0,1,1,1,0,1,0,0,0,1.3637262451105636,-0.8594543274880242,0.23087987399447038
1168,0,1,0,0,0,0,0,1,1,1,0,0,0,1,0,0,2,2,0,0,-0.5371455547326826,-0.1968903086187863,0.5465310182860053
1169,1,0,1,1,0,1,0,1,0,0,0,1,0,1,0,0,2,2,1,0,0.23170248862943985,0.4106477576358487,-0.5298828977271323
1170,0,1,1,0,0,0,0,2,1,0,2,0,0,1,0,0,1,0,1,2,0.8758104405469865,-0.901256319929376,-0.38778433414937596
1171,0,1,2,0,0,0,0,0,0,1,0,0,0,0,1,1,1,0,1,1,-0.9881693234960575,-0.035071566159698225,0.9482488796670177
1172,0,0,1,0,0,1,0,0,0,0,1,0,0,0,2,1,0,0,0,2,-1.2473548701202228,-0.22462031050839454,-0.25967012343204426
1173,0,0,0,1,0,1,0,2,1,0,0,0,1,0,1,1,0,0,0,2,-0.30120551066309637,0.029962293043887214,0.48509854992906465
1174,0,1,0,0,0,2,0,1,0,0,2,0,0,0,0,0,1,2,2,2,0.5420136041290492,0.8294259306119055,2.0466995578188207
1175,0,1,0,0,0,1,0,2,2,0,0,0,0,2,2,0,2,1,0,1,-0.704573448615408,1.111548818756974,0.09226423850297148
1176,1,1,1,0,0,1,0,1,0,2,0,0,0,1,0,0,0,1,0,1,1.2295355784466744,-1.0095268631648036,1.402951348585709
1177,0,1,1,0,0,1,0,2,2,0,0,2,0,0,0,1,2,1,0,1,1.1571748206976544,-0.22978934242760696,0.5847347639322528
1178,1,0,1,0,0,1,0,1,1,1,0,1,0,2,1,1,2,0,2,1,0.41629166670012085,-0.2619614479531762,1.0143981355120912
1179,0,0,0,2,0,0,0,0,0,0,0,0,1,2,0,0,2,0,0,2,-0.8151737038527445,-1.219768159555677,0.5329352971352955
1180,1,0,1,0,0,0,0,2,1,0,1,0,0,0,1,0,1,0,0,2,-0.7233521264915859,0.7216848646154139,-0.8085917459687393
1181,1,2,2,0,0,0,0,2,0,1,0,1,0,1,2,0,1,1,2,0,0.41806403911935175,2.068882345115752,1.6575553322727592
1182,1,1,2,0,1,1,0,1,1,0,1,0,1,0,0,1,2,1,1,0,-0.4291437154582268,0.7545236941001903,-0.8000529005407468
1183,0,1,2,0,1,1,0,1,1,1,0,0,1,1,0,0,1,0,0,1,-0.10218571442856066,-0.29536444897628306,0.8415776863159699
1184,0,2,0,0,0,1,1,1,2,0,0,0,0,0,0,1,2,1,0,0,0.6627409451741312,-0.8934822860700213,0.002226470835003047
1185,0,0,1,0,2,1,0,0,1,1,0,1,0,0,0,1,0,1,2,1,-0.6852480454104386,-1.9768749103377552,0.09205287702718418
1186,2,0,1,1,0,2,0,2,1,0,0,0,0,1,1,0,1,2,1,1,0.6179135911474432,0.23464264391537104,-0.2301403770776549
1187,1,1,1,0,0,0,0,1,2,1,0,1,0,1,0,0,1,2,1,0,0.1778459262796697,-0.12596390912190497,-0.807456746586235
1188,0,0,0,0,1,1,0,1,1,1,1,0,0,1,0,1,2,1,0,1,0.10742581105680984,-0.6475618812307891,-0.288052547368694
1189,0,0,0,0,0,1,0,2,1,0,0,0,1,0,0,0,1,0,0,0,-0.3494056111295141,-0.5545123405945591,-1.0390196456017642
1190,0,0,2,0,1,0,0,2,1,1,0,0,1,2,1,0,1,0,0,0,-0.8287160316079548,1.404868849166477,1.28861676468075
1191,0,1,1,0,0,2,0,2,0,0,0,0,1,0,0,1,2,2,0,1,-0.7981022501363357,-0.47909306836366067,1.1416853247253098
1192,0,1,0,0,0,2,0,2,2,1,1,1,0,1,1,0,1,1,1,0,-0.6154722866185266,1.1493051878471943,2.771612238125119
1193,0,2,0,0,0,1,1,1,2,1,0,0,1,1,1,0,2,1,0,1,1.191890225827614,-0.30431279702247865,-0.224887788155881
1194,1,1,1,0,0,0,0,1,0,0,0,1,1,1,1,0,0,0,1,2,0.10829773454746403,0.38488299703714063,0.3322304912604592
1195,2,1,1,0,1,1,0,1,1,0,0,0,0,0,0,1,1,1,1,2,0.4385041024952293,2.173379911809335,0.9684744195053376
1196,1,2,1,1,1,1,1,0,0,0,1,0,1,1,0,0,2,1,0,1,-0.828966696662616,0.9544632131472665,-0.8747404443226978
1197,1,1,2,0,0,0,0,1,0,1,0,0,1,0,2,1,0,0,1,0,0.6187048506018326,-0.2857354939449113,1.5654244284562102
1198,1,1,1,1,0,1,1,0,0,0,0,0,1,1,0,1,1,0,1,1,-1.030165179201659,-0.07143971298642326,0.659202786634176
1199,0,0,1,1,0,1,0,1,1,0,1,1,1,0,0,1,0,1,1,1,-0.8050351761748145,-1.5120420169261355,1.4563283357679042
1200,2,0,1,1,1,1,0,2,2,0,0,0,0,0,0,0,0,1,1,1,-0.2938411059989882,-2.769648660342622,0.2726109647725496
1201,1,0,1,0,0,1,0,2,0,0,0,0,1,0,1,0,0,2,0,2,-0.8129052852397958,0.5094284061504071,-0.3552934977919179
1202,0,0,0,0,0,1,0,0,1,1,1,2,0,1,1,1,2,0,0,1,1.2786769306583672,-0.16657242462764,-0.052987955500753525
1203,0,0,0,1,0,0,0,1,0,0,1,1,0,0,1,1,0,0,0,0,-0.23992343769117297,-0.24785374194523832,0.9387519845373229
1204,1,2,1,0,0,2,0,2,1,0,0,1,1,0,0,0,1,0,1,1,1.463696802985161,1.4631668633442787,0.2785606671857712
1205,1,0,1,0,0,0,0,1,2,2,1,1,0,1,0,1,1,1,1,1,0.6871012935219211,1.9141046501930505,2.185123643529147
1206,1,2,1,0,0,1,1,0,1,1,1,1,0,0,0,1,0,0,1,0,-0.5950579803714148,-0.774339091688814,-2.323671212235446
1207,2,1,0,0,0,1,0,2,1,0,0,0,0,0,1,0,0,0,1,1,-1.779455530841367,1.9384994707974972,1.1859116703458008
1208,0,1,1,0,1,1,0,2,0,1,0,0,0,0,1,1,2,1,0,1,-1.2718697704661845,-0.08516148410530094,-1.015603129431165
1209,1,2,1,0,0,1,0,1,1,1,0,0,0,0,1,0,1,1,1,1,1.4716189089165197,1.1755472470576964,0.56693836526614
1210,2,2,2,1,0,0,0,1,0,0,0,0,1,0,0,1,2,1,0,1,-0.7160120082042843,-1.4689409023365152,0.4684915943935043
1211,2,1,0,0,1,0,0,0,2,1,0,0,1,0,1,1,0,2,0,1,-1.4407725111632719,-1.427681836399092,0.29947215783393677
1212,1,2,1,0,0,1,0,1,2,1,0,0,0,0,0,2,1,0,1,1,1.8083539887192868,1.7059267512643908,1.0068548677137166
1213,0,1,1,1,0,1,0,1,1,1,0,0,0,1,0,0,1,1,0,0,1.9450237343497103,0.9193387467713038,2.1863974906779586
1214,0,1,1,0,1,0,0,0,1,0,0,0,0,0,0,0,0,0,1,2,-0.788276894926779,0.2587495789503609,-1.1149509671826547
1215,0,1,2,0,0,1,0,1,0,0,0,0,0,1,1,1,1,0,0,1,1.7374135913141522,-0.9814010979694292,1.149912808236667
1216,1,2,0,0,0,0,0,1,2,0,2,0,0,1,1,0,1,0,1,0,-0.9235698075743465,0.9228688565864626,-1.7458039801840566
1217,1,2,0,0,0,0,0,1,1,0,0,0,1,0,2,1,2,1,0,2,1.2770783592466224,0.09208670432888322,0.6524975701385246
1218,0,2,1,1,1,0,0,0,1,1,0,1,1,1,1,1,1,2,1,1,0.4732875274399378,0.6503162571097549,2.1124884087334923
1219,1,1,1,1,0,1,0,0,0,1,0,1,2,1,1,0,2,1,0,2,0.2848507822822061,0.1984692515077401,0.2541565656400099
1220,1,2,1,1,0,0,0,0,0,0,1,1,1,1,0,0,1,1,2,1,-1.4036592440818103,-2.0776723643438952,-2.416892748389248
1221,2,2,1,0,0,1,1,1,1,1,0,0,0,0,1,1,2,0,0,0,-2.7032897323951057,-2.0424235797616452,-2.643249073177685
1222,2,1,2,0,0,0,0,2,1,2,0,0,1,0,0,2,1,0,0,1,0.550817268907947,-0.2952789673121531,-1.0219716625983204
1223,2,2,1,1,0,0,0,0,0,0,0,0,0,0,0,1,1,1,1,1,0.9168779839176858,-0.5484336775383031,0.2115642358964716
1224,0,1,1,0,0,0,0,1,0,0,0,0,1,0,2,0,2,0,0,2,-0.8891943711453275,0.45757370120214624,-1.3243585133910836
1225,2,1,1,0,0,1,0,0,1,0,0,0,1,0,1,0,2,0,0,0,-2.0740270513151198,-0.38076143655313743,-1.2845031515589118
1226,0,1,1,0,0,1,0,0,1,0,0,1,0,0,2,1,0,2,1,0,1.7910050495208407,1.84404356018795,2.599632096504677
1227,1,1,2,1,0,2,0,2,1,0,0,0,0,1,0,1,0,0,0,0,0.495504617089866,0.1365235061242091,-0.7875352177175206
1228,0,0,1,1,1,1,0,0,0,1,0,0,0,0,0,0,1,0,1,1,-0.5032319702030543,-0.5576450050540089,1.370452666986894
1229,0,0,1,1,2,0,0,1,1,0,0,0,0,1,0,1,0,0,1,0,1.9581547530119214,1.341501548704095,1.8263538951843488
1230,0,2,2,1,0,1,0,0,1,0,0,0,0,2,0,1,1,2,1,1,-1.1502771522413366,1.5668641073087621,0.3076358290797425
1231,2,1,1,1,0,1,0,0,0,1,1,1,0,0,1,2,2,1,0,1,1.293822797718425,0.9118852747139724,1.0248508517624348
1232,2,1,0,1,0,1,0,1,1,0,0,1,0,1,1,1,1,1,0,1,0.32725377473873957,0.5655920490292774,0.9003552945616831
1233,0,1,1,1,0,2,0,0,2,0,0,0,0,0,0,0,2,0,0,0,-2.729555716794566,-0.47400271577288294,-2.3442561590916045
1234,1,0,1,0,1,1,0,2,0,0,1,0,2,2,0,2,2,0,1,1,-1.4711155143626953,0.05358282758769822,0.5394357264037278
1235,0,1,0,1,1,0,1,2,1,0,0,0,0,0,0,1,0,2,0,0,-0.7421021677421555,2.2182008927621446,0.47632389040735534
1236,0,1,1,0,1,0,0,1,1,0,0,0,1,1,0,0,0,1,1,1,-1.417795554512158,-0.29492202557600283,-2.362039956142421
1237,2,1,1,1,1,0,0,1,1,0,0,0,0,0,0,0,0,0,0,1,-1.1508714804366071,-1.71455192841842,-2.1230521583142687
1238,1,2,1,0,0,2,0,1,0,1,1,0,0,0,0,0,1,1,1,0,-0.4802538797315461,0.10712448991593046,0.1955758926175089
1239,1,1,0,0,0,1,0,1,0,0,1,0,0,2,0,0,2,0,0,0,-1.164165017097249,-1.7658601282767608,0.3745527100581014
1240,0,1,2,0,1,0,0,1,2,1,0,0,0,1,0,0,1,1,2,1,-0.4176856332321934,0.43434105126659406,0.37592772505279193
1241,1,2,1,1,0,1,0,0,1,1,0,0,1,0,0,1,1,1,2,0,0.019343979719124653,-0.4355484226420361,-0.9104550638779221
1242,0,2,0,0,0,0,0,0,1,1,0,1,0,0,0,0,0,1,0,2,2.0202716763790485,0.5764630730833563,0.49055369894682965
1243,0,1,2,0,1,2,0,1,1,0,1,1,0,1,2,0,0,1,0,1,0.6625943274664318,0.3058637628705151,-0.4482599859139385
1244,1,2,0,0,0,1,0,2,1,1,0,0,0,1,0,1,1,2,1,1,-1.5769712356198629,1.6059790710333592,-1.4771096057019177
1245,0,1,1,0,0,0,0,0,1,1,1,0,1,1,0,0,0,2,0,0,0.04822558107349474,1.157198330076,-1.2751339765835215
1246,1,0,2,0,0,0,0,1,1,0,0,0,0,0,0,0,1,2,0,1,1.1627173640702506,1.6473811130788554,-0.40930969624551605
1247,0,0,0,0,0,1,0,2,2,0,1,0,0,1,0,2,1,0,1,1,1.7465897463142268,0.9137529535456483,1.5885756352100122
1248,1,1,2,0,1,1,0,1,2,0,1,0,0,2,0,1,1,0,0,2,1.1299567830488646,1.5022137366767232,1.2280477213115304
1249,2,1,0,1,0,1,0,0,1,0,1,0,0,1,1,0,1,2,0,1,-0.7525369285423898,-0.5585106750031914,-1.309791731416145
1250,0,2,2,1,0,1,0,1,2,1,0,0,0,0,1,1,0,1,0,1,0.7219979489806216,0.7101882355640087,1.2660727964278324
1251,1,2,2,0,0,1,0,1,2,0,0,0,0,2,0,0,2,2,0,1,0.4567253290665463,1.1985238617521186,2.0944694212338413
1252,1,1,1,0,1,0,0,1,1,2,1,1,0,1,0,0,2,1,1,1,2.0536763647381986,0.2745401087852338,-0.04568086515003211
1253,1,1,0,1,0,0,0,2,0,0,0,0,0,1,0,0,1,1,1,1,-0.546971536357092,0.36238254461770447,-1.2552379343340372
1254,1,2,1,0,1,0,0,1,0,1,0,0,0,0,0,1,0,1,1,1,0.9182202143640693,0.27618194008077207,-0.3000800605552672
1255,1,0,2,0,1,2,0,1,0,1,0,0,1,1,0,0,0,1,0,0,-1.7417138737218425,-0.6742022837349839,-1.8049158197582698
1256,0,1,1,1,2,0,0,1,0,0,1,0,1,0,0,0,1,1,1,1,-0.7481272606991035,0.6227772227938825,-0.05331065360929939
1257,1,1,1,0,2,1,0,1,0,1,0,2,1,0,0,1,1,0,1,0,-0.5217019087727421,-0.7626164279971961,-2.349990007340527
1258,1,1,2,1,1,2,0,0,0,0,1,1,1,0,2,1,0,0,1,1,-1.4975171374008172,-1.0518721458926203,-1.1949140363893855
1259,0,1,1,0,0,2,0,0,1,2,0,0,0,0,2,0,2,2,0,2,1.2922569056877922,0.5946213873338696,0.9235198842457712
1260,1,1,0,1,1,1,0,0,0,0,0,0,0,0,1,0,0,0,0,2,0.4534597292865206,0.44637712933002693,-1.5583402126411676
1261,1,1,1,0,0,0,0,2,2,1,0,1,0,0,2,1,2,1,0,1,-0.06553350348715699,-0.4459001847791294,0.15674017172031618
1262,0,0,1,1,1,2,0,1,1,0,0,0,0,0,1,0,0,0,1,0,-0.8443952402229769,0.031801540061030475,-1.1935918647002455
1263,1,1,0,0,1,2,0,2,1,1,0,0,0,0,0,1,1,1,1,2,0.2113988871472416,0.1698131094464559,-1.1675557361235067
1264,1,0,2,0,0,0,0,1,0,1,1,1,1,0,1,0,1,1,0,1,-1.1930865731729092,-1.5740104028869732,-2.3155168693133117
1265,1,1,1,0,1,2,0,2,2,0,2,0,0,2,0,0,1,1,2,2,1.3996423682207007,2.0931514660298745,3.971132369341103
1266,1,1,1,0,0,1,0,0,0,0,0,0,0,0,2,0,0,1,0,1,1.1421209555162422,-0.16727095297888836,0.17819927751891634
1267,0,0,0,1,0,1,0,2,0,0,1,1,1,0,1,1,2,2,1,0,-0.0800252323994718,0.011571105191277633,0.2456077695874084
1268,2,0,1,0,0,2,1,0,1,0,0,0,1,0,0,1,0,2,1,1,-0.19622535495138954,0.8533882172117453,1.0074002813512846
1269,0,1,1,0,1,2,0,2,0,0,0,0,0,0,0,0,0,0,1,2,-1.4170364649680494,-0.7791187561114119,-0.8557693144839861
1270,1,1,1,1,1,0,0,0,1,0,0,0,0,0,0,1,1,0,1,1,-0.7504779345812608,1.0705265450942616,-1.5527393871468653
1271,0,0,0,0,0,2,0,0,2,0,0,0,1,0,0,0,2,1,1,0,0.8146452820404999,0.4830150120755491,-0.5099747867282352
1272,2,2,1,1,1,1,0,1,0,0,0,0,0,0,0,0,2,0,2,2,1.3733493728328625,1.0486199733996533,0.6655637746407128
1273,0,1,1,0,0,1,0,1,1,1,1,1,1,0,1,0,1,0,0,1,0.7981101492318944,-0.16512514523715902,0.4362787754417907
1274,1,2,1,1,0,1,0,2,0,0,0,0,2,1,1,2,2,0,0,2,-0.40095296472876873,1.7596801717539796,-0.14976947029459575
1275,2,1,2,0,0,2,0,0,2,0,1,1,0,0,1,0,2,2,0,2,-0.09981783710738126,-1.2897586813821766,-1.133098023825488
1276,0,1,0,1,0,1,0,1,2,0,0,0,0,0,1,0,1,0,2,2,-0.8904427779979968,-0.6344468140620101,-0.7138907038394586
1277,0,0,0,0,2,2,0,0,2,0,0,0,0,0,1,0,1,0,0,0,-0.21059565523852225,-1.1587322673183547,0.5765515906961232
1278,0,0,1,0,1,2,1,1,1,0,0,1,0,0,1,1,0,0,0,0,-0.961109353564895,0.5919998966618554,-0.39120436790940183
1279,2,2,0,0,1,1,1,2,0,2,0,0,1,1,0,2,1,1,0,2,-0.5790073889298678,0.7837902029753829,0.047928660939526704
1280,1,1,1,0,1,0,0,0,1,1,0,0,0,1,0,0,1,0,0,1,0.1031168811327776,-0.010075468720787795,-0.05079340571675952
1281,1,0,0,1,1,1,1,1,0,2,0,1,1,0,0,1,1,0,1,2,0.5202068047091416,0.5081059729935907,-0.8078436498382171
1282,1,1,1,0,0,2,0,1,0,1,1,0,1,2,1,0,1,0,0,1,-1.0095981303641874,-0.09093737813728356,0.4868651737421614
1283,0,1,0,1,0,1,0,2,0,0,1,1,0,0,0,0,1,0,1,1,1.2480774740030303,0.2492716004549242,2.0224289878120936
1284,1,0,1,1,0,0,0,0,2,1,0,0,0,2,2,1,0,1,1,1,-0.3526927119316438,-1.453503172249251,0.555953577786192
1285,0,1,2,0,0,2,0,2,0,0,0,0,0,1,2,0,2,1,1,1,-0.44825120231463744,1.0222795877772002,-0.31070946257287313
1286,1,2,1,0,0,0,0,2,1,0,0,0,1,1,0,2,0,1,0,2,0.47027398273667986,0.4947073853771448,-0.7648992182329537
1287,0,1,1,0,1,1,0,2,0,0,0,0,1,1,2,0,1,2,1,1,-0.24878009939661988,0.2188433644842157,0.7838995347207485
1288,1,0,1,0,0,2,0,2,1,0,0,0,0,1,0,0,2,0,1,2,-1.5456028584164259,-0.7304641766787673,-0.9390145482944546
1289,0,2,1,0,1,1,0,0,0,0,1,0,0,1,0,0,1,1,0,0,-1.791799259704218,-1.450448296115325,0.3005025011202229
1290,1,1,1,0,0,2,0,0,0,0,0,1,0,1,2,1,2,1,0,1,-0.4835126518530824,0.5017888177686963,1.0775724952765937
1291,1,0,2,1,0,0,0,2,1,0,2,0,1,1,1,0,0,2,1,1,0.18154087084700293,0.44388679210760346,0.7351524913833876
1292,0,1,2,0,1,1,0,0,1,1,1,2,0,1,0,0,1,0,0,1,-0.11078583156595093,1.6196342066157061,0.5123891654749975
1293,0,0,1,0,0,1,0,1,0,0,1,0,2,1,0,0,2,2,2,1,0.6304131620527479,-0.5356100881551049,1.499801238248259
1294,1,1,0,0,1,1,0,1,1,0,0,2,0,1,0,1,1,1,1,2,-0.473461619095841,0.7758657589913113,0.9203019932746043
1295,2,0,0,0,1,0,0,0,1,2,0,0,0,1,1,0,1,1,0,1,-0.3437666234874415,0.040465748727746054,0.27275167873612893
1296,0,0,1,1,0,1,0,1,1,0,0,1,0,0,0,1,2,2,1,0,-0.4685305275460262,-0.21195856396426252,0.5406020501579789
1297,2,2,0,0,0,1,0,0,0,1,0,1,0,2,0,1,2,0,0,2,-1.6967588184311495,-0.6387437950710861,-0.8422450118039267
1298,2,2,1,1,1,1,0,1,0,0,1,0,1,0,1,0,2,1,0,1,-2.5042135124274414,-0.2733889063656045,0.10444125735623455
1299,1,1,0,1,1,1,0,1,1,0,0,1,0,0,0,1,1,2,0,1,1.2445519978993456,-1.9726855867601405,0.8237440376045534
1300,2,1,1,0,0,0,0,2,1,1,0,1,0,0,1,1,1,0,0,1,0.3457108063510234,-0.38164145420132206,0.44443139323610586
1301,0,0,2,1,1,1,0,1,0,1,1,1,0,1,2,1,1,0,2,0,-0.0409717025037397,0.39187037742823294,-0.24416273619322876
1302,0,1,0,0,0,1,0,0,2,1,1,0,0,0,0,0,1,1,1,2,0.7801775248473661,-0.609910074848676,0.25288091325669715
1303,1,1,2,0,0,1,0,0,0,1,0,1,1,2,0,0,2,1,2,1,0.9093874492968592,-0.6022238741800301,0.5113087007467083
1304,1,1,0,0,1,1,0,1,1,1,1,0,0,1,1,1,1,2,0,0,-0.1386993628237219,1.090881248917357,2.358890614414197
1305,2,0,0,1,0,2,0,1,1,0,0,0,0,0,1,0,1,0,0,1,0.2580828313665872,0.6615640279730779,0.21180936333735736
1306,0,0,1,0,0,0,1,2,0,1,0,0,0,0,2,1,1,2,0,1,-1.745262337573764,0.31915653543596806,-2.714990486285699
1307,0,2,0,0,0,0,0,0,2,0,0,0,1,0,0,2,1,2,0,1,-0.12997437829751834,1.8330059050672718,-0.02399066948515871
1308,0,1,0,0,0,1,0,0,1,1,0,0,1,1,2,1,1,1,2,0,-0.249606324636487,0.5087789864076655,-1.2636964567173232
1309,2,1,1,0,0,0,0,0,0,1,1,0,0,1,0,0,2,1,1,0,-0.2456734987307806,-0.38272976064085773,-0.9205797492699657
1310,0,1,1,1,1,1,0,1,1,0,0,1,0,1,1,1,0,1,0,1,-0.2663977248094146,0.3996797048885997,1.383471057549726
1311,1,1,1,1,0,0,0,1,1,0,0,0,0,1,1,1,0,1,1,0,-0.040853885588669925,1.4277684563257758,1.6422507574502243
1312,2,1,1,0,0,1,0,0,0,1,0,1,1,0,1,0,1,2,1,2,-0.9496139719192863,-1.0850490919516649,-0.5115938125984181
1313,0,2,2,1,1,2,0,2,1,0,0,0,1,0,0,1,1,2,0,1,-0.28633786276177703,1.270755961311018,-0.9946667360778803
1314,0,2,1,1,0,1,0,1,2,0,0,0,0,0,1,1,1,0,1,2,-2.2455738596127333,0.15332292610128562,0.3884675293127774
1315,1,1,0,1,0,0,0,0,2,0,0,1,0,0,1,2,1,1,0,1,-0.6111067423566767,1.2266073293184114,-0.2791677113607389
1316,0,1,0,1,1,1,0,2,1,0,0,0,0,0,0,1,1,0,0,0,-0.6535877192338788,-0.9948769677748568,0.7695585266972751
1317,1,1,0,0,0,2,0,2,1,2,0,0,0,0,1,1,0,2,0,0,0.11365816814874015,-0.7001562214329387,-0.8630079803651127
1318,0,1,1,0,0,1,0,1,1,0,1,0,0,1,1,1,1,1,0,1,-1.7839330978705716,-1.3125244219554357,-1.7986947291272588
1319,0,1,0,0,0,0,0,0,1,0,0,0,0,0,1,1,0,0,0,2,0.017359801109674767,0.46382935431387357,-0.41336980120259403
1320,1,0,1,1,0,0,0,0,0,1,0,1,0,0,0,1,2,2,1,0,-0.20327684706810323,-0.17066807805372422,-0.647313263411043
1321,0,1,1,1,1,1,0,1,2,0,0,2,1,1,0,0,2,0,1,1,0.21886530175140984,0.25953536350170936,-2.6853284829124537
1322,0,0,1,1,0,1,0,0,1,1,0,1,2,0,0,1,1,0,0,1,0.5840669449321579,0.13899994475753755,-0.8502561366157992
1323,2,0,2,1,0,1,0,2,0,0,0,1,1,0,1,1,0,1,0,1,-0.08818783939243094,-0.48488455995932217,-1.2583955520112797
1324,0,0,0,0,0,2,1,1,1,0,0,0,0,0,1,1,0,0,0,2,-0.6216197698548311,1.3569995637288645,0.2830800269775551
1325,0,1,2,0,0,1,0,1,2,0,0,0,1,1,2,1,1,1,1,1,0.7490412058096676,0.005699619714436485,-1.6715602281229711
1326,1,0,1,0,0,1,1,2,1,0,1,0,0,1,1,1,1,1,0,1,-0.11226533311653335,1.793809936078436,-0.08122472645136414
1327,2,1,1,1,0,1,0,1,1,0,0,0,1,1,1,1,2,0,1,1,-0.5573978529032017,-0.7971213650823913,1.4926679063871398
1328,2,0,0,0,0,1,0,2,1,0,0,0,1,0,1,1,2,1,0,0,0.30325118815752006,-0.41860577736296395,1.2260092805536755
1329,1,1,1,0,1,0,1,1,0,1,0,0,0,0,1,1,0,0,0,1,1.3461794171553605,-0.32772984296175595,-0.790745414477513
1330,1,2,1,0,1,0,0,1,1,0,0,0,0,1,1,1,1,1,1,1,0.6715754277974338,0.9293653216227712,-1.5557216603693016
1331,0,1,2,0,0,0,0,0,1,0,0,1,1,1,1,1,1,2,0,1,0.7417117831108399,1.4802072787148848,2.8323612134600804
1332,1,1,0,1,0,1,0,1,1,1,0,0,1,0,2,1,2,0,1,2,1.9156381315416262,1.573630145940871,1.0013722134796201
1333,0,1,2,1,2,2,0,1,1,1,1,1,2,0,1,1,1,0,1,2,1.192056498360988,-0.33442800563011293,0.08897562610023874
1334,0,1,1,0,0,1,0,1,1,1,0,0,1,1,1,1,2,0,1,2,-0.7589588359689972,-2.121086123473942,0.08767719165034915
1335,0,0,1,0,0,0,0,0,2,0,1,0,1,0,0,0,2,1,0,1,0.7348348389575837,-1.0812897964002324,2.1632436761090683
1336,0,1,1,1,1,1,1,0,0,0,1,0,1,0,0,1,0,0,1,2,0.38829612621513676,0.03241482406036372,-0.3038935439914965
1337,1,1,2,0,0,0,0,1,1,0,1,0,1,1,0,1,2,0,0,1,-1.1901187913429148,0.13183785296094785,-1.6543811182157513
1338,1,1,1,0,1,2,0,1,2,1,0,1,0,0,1,0,0,0,0,2,1.3596585547997861,1.0022763725717985,2.103173464617902
1339,0,0,0,0,1,0,0,1,0,1,0,1,0,0,0,0,2,2,1,2,-1.340792659059596,-0.6287955918380548,-0.5927359900662174
1340,0,2,1,0,1,1,0,1,2,0,0,0,0,0,0,0,1,0,0,1,0.7523125925290074,0.7938847621323258,0.5040121349737419
1341,2,1,2,0,0,1,0,1,0,0,0,0,0,0,1,0,2,0,1,0,0.1555514043662924,0.9703914411892387,1.9103290214159008
1342,1,1,2,0,0,0,0,0,1,2,0,1,0,0,1,1,2,2,0,2,0.1836819381488992,1.252065855664524,1.067721698754264
1343,0,2,1,1,0,0,1,0,1,1,0,1,0,1,2,0,2,2,0,0,0.7910516472473096,-1.593859317508925,1.2540096711554065
1344,1,1,0,0,0,0,0,1,0,0,0,0,0,1,0,1,0,1,0,1,0.33234432484384707,-0.6845715775132044,-0.8038449608891414
1345,1,1,1,1,1,2,0,2,2,0,1,1,0,0,0,1,0,1,0,2,-0.21457589110637926,-0.22333562597126608,-0.348741449769279
1346,0,1,0,0,0,2,1,1,1,2,1,0,0,0,1,1,0,1,0,2,-2.2943355756799155,-0.018976016693739717,-0.23300300078593494
1347,0,0,1,0,1,2,0,2,1,2,1,0,0,0,1,2,2,0,2,2,1.0131540183856453,0.7688611528006875,0.771448349828631
1348,0,0,0,1,1,0,1,1,1,1,0,1,0,1,0,0,0,1,1,1,-0.6814811437015369,-0.07009453859774151,-0.4874573970093494
1349,1,2,0,0,0,2,0,1,0,0,1,0,0,1,0,1,1,0,1,0,-2.1862179397430648,0.5001553816199147,-1.3966738077344178
1350,1,1,1,0,1,2,0,1,1,0,1,2,0,2,0,1,0,1,0,2,-0.45084243489071524,0.2997010387594581,-0.508234807387979
1351,0,1,0,0,0,2,1,1,1,1,0,0,0,1,0,0,0,1,1,2,1.0899390977293908,0.7959627445766349,-0.05878731944531479
1352,0,2,0,0,0,0,0,2,0,0,0,0,1,0,0,0,2,1,1,0,1.2739041310063994,-0.13213321199407774,-0.8579492320552969
1353,0,0,1,0,0,0,0,1,1,1,0,0,0,0,1,1,1,0,1,1,0.2007652420772878,-0.14215273515566504,-0.52019618176198
1354,1,0,1,0,1,0,0,0,1,0,0,0,0,0,1,0,1,0,1,0,-0.2788997910922542,-0.23060844242265224,0.46790059601260414
1355,0,1,0,0,0,0,0,1,0,0,1,1,0,1,1,1,2,0,0,2,0.8503308670651308,-0.61442192483174,1.4591734993050933
1356,1,0,1,0,0,1,0,0,2,0,0,0,0,2,0,0,1,1,0,0,0.950925699185598,0.23755935737973158,0.9739349455192092
1357,0,1,0,0,0,1,0,0,0,0,0,0,1,0,0,1,1,0,0,0,-1.8673202361628947,-0.5152228186401304,-0.9937622256883283
1358,2,2,1,0,1,1,0,1,1,0,1,1,1,0,0,0,2,1,1,0,0.3473474799864011,-0.3561595109206815,0.6261324250640661
1359,2,1,1,1,0,2,0,1,0,0,0,1,0,2,1,1,1,1,1,0,1.625648733137329,-0.3131811071048941,0.4211294565281505
1360,1,1,1,0,0,2,1,0,0,2,0,0,0,0,0,0,0,0,0,1,-1.6047371806088455,1.6353115129589566,0.206131636622117
1361,1,2,1,0,0,1,1,0,1,0,0,1,1,1,0,0,0,1,0,1,1.63939591507143,0.06657721163798624,2.6227320609824916
1362,0,0,0,0,1,1,0,2,1,1,0,0,1,2,1,0,2,1,0,1,0.8279333088779551,-0.29166503188999415,1.010342819338167
1363,1,1,1,0,1,1,0,0,0,1,1,0,1,0,1,1,1,1,1,0,-0.3870388611994492,-0.8073611958715218,0.6952428125139001
1364,2,1,0,0,0,0,0,1,0,1,1,0,0,0,0,1,1,0,1,1,0.43409916079810645,0.9648672176458168,1.330730038691367
1365,0,1,1,1,0,1,0,0,0,0,0,0,0,0,1,1,1,0,0,1,-2.355227198836527,-1.1059824828902522,-0.5325500167400856
1366,1,2,1,0,1,2,0,1,0,1,0,0,1,1,0,0,1,2,2,2,-0.2450081706378941,0.7203858318410667,-0.20630301274570007
1367,1,2,2,0,2,2,1,2,1,2,0,1,0,1,1,2,2,0,1,0,0.4933353299284744,0.009884131280094022,0.9846872963128794
1368,1,1,0,0,1,1,0,2,0,1,0,0,0,1,0,2,1,0,0,2,1.3491149215848346,2.366340025625666,3.311799412805601
1369,1,0,0,0,0,0,0,0,0,0,1,0,0,0,1,0,2,0,1,0,1.280751912187461,-0.6952281193103433,-0.56924036930154
1370,1,1,1,0,0,1,0,0,0,0,0,0,1,0,0,0,1,1,0,0,-0.7481211832869478,0.6852672495743535,0.4644857997873473
1371,1,1,0,1,1,2,0,1,1,1,0,0,0,1,1,0,0,1,1,1,0.6625412974306435,0.7056939758137224,1.2474056894819685
1372,0,1,1,0,0,1,0,0,2,1,1,0,0,0,0,0,1,1,1,2,0.33233859886055106,-0.4498382490771719,-2.5329447320303977
1373,0,0,1,0,0,0,0,2,1,0,0,0,1,0,2,1,1,0,0,2,-0.7015727815161272,-0.030518503551101195,-1.01624175430099
1374,1,0,1,1,0,1,0,1,0,1,0,0,0,1,1,2,1,0,1,1,1.5369243992536517,1.6135573856887664,3.2654226641107664
1375,1,0,0,1,0,1,0,0,1,2,0,0,0,1,1,0,1,1,1,0,1.3471039056717216,1.324190314944707,1.706007235880497
1376,0,1,0,0,0,0,0,2,0,0,0,0,0,0,0,1,1,2,1,1,0.8954502493443022,0.8614892699622227,1.1023408644332493
1377,0,1,1,0,1,2,0,1,0,0,0,0,0,2,1,1,1,2,0,1,1.1130576507983876,1.5041779367689703,2.1953620276681427
1378,2,1,0,2,1,0,0,0,0,0,1,0,0,2,0,1,1,1,0,1,0.13371500912012782,-0.009015776323929706,0.06541116334286337
1379,0,0,1,0,0,1,0,0,0,2,0,0,0,0,2,1,0,0,0,0,1.8248801730356814,0.2853453340155685,-0.4572125004461759
1380,2,2,2,0,1,0,0,2,1,1,0,0,1,1,0,1,0,0,1,0,-0.30806405652880314,1.859225649112779,-1.4392422375673766
1381,2,2,1,1,1,1,0,1,0,2,0,0,0,1,2,2,1,1,1,1,0.22601744296247558,-1.4662109022529655,-0.2587424847165823
1382,1,1,2,1,0,0,0,0,1,0,1,0,0,0,1,0,2,1,1,1,0.07307161889936384,0.5478047184705135,-0.3838909995726063
1383,1,0,2,0,2,1,0,0,2,1,0,1,0,0,0,1,2,0,0,2,-0.5725070535557252,0.051161894987968415,-0.5401099716364813
1384,1,1,1,0,0,1,0,2,0,2,1,2,1,1,0,2,2,0,0,1,-0.8742528768084028,-0.02869874926211069,0.9926126727246656
1385,1,0,0,0,0,1,1,0,0,0,1,0,0,0,1,0,1,1,0,1,0.8842667390423211,-0.3259946768769677,-0.44040198854849744
1386,2,0,0,1,1,1,0,2,0,1,0,1,0,0,0,0,2,0,1,1,0.1481841716975509,0.14478522268998448,0.7199862476654579
1387,0,1,0,0,0,1,0,1,0,0,0,0,1,0,1,1,2,0,2,2,-0.1983677592790973,0.9339811912742803,0.3992638841662465
1388,0,0,0,0,1,1,0,1,2,1,0,0,1,1,0,1,1,1,0,0,-0.07243057075330517,-0.8916417697639442,0.23739769005525302
1389,0,1,0,0,0,0,0,0,1,1,0,0,0,2,1,1,0,0,2,1,1.311413437720639,-0.1536537437530503,0.7595964028965028
1390,0,1,0,0,1,1,0,2,0,0,1,0,1,0,1,0,2,2,0,1,1.909595295460063,0.6811071187870308,1.404478574100648
1391,2,1,1,1,1,1,0,2,2,2,1,0,1,0,1,0,1,0,0,2,-1.5816398910812641,0.07503172962135057,-1.3240859331270038
1392,1,0,1,0,0,0,0,1,1,0,0,0,0,1,0,0,1,1,1,1,0.18549591199072343,-0.6994773961205043,-1.6969364336989563
1393,1,2,1,0,0,1,0,2,0,1,0,1,2,0,1,1,0,0,2,2,-0.8073185770350569,1.5599871479387368,1.0257207317856936
1394,0,2,2,1,0,1,0,0,1,2,1,0,0,1,0,1,1,1,0,1,0.5497421540686138,-1.247771134060645,-0.27628657552230873
1395,1,1,1,0,0,1,0,0,2,0,1,0,0,1,0,1,1,1,1,2,-1.4432575428116425,-0.6922016252016574,-0.20645898594399226
1396,2,1,1,1,0,1,1,1,1,0,1,1,0,0,0,1,1,0,2,1,-0.012596253662003825,-0.2977433786352215,0.20071523908231273
1397,1,1,1,0,1,1,0,1,0,0,0,0,1,0,1,0,1,1,1,2,0.48449376543710937,-1.0156337567048581,1.936019785621415
1398,2,1,0,1,0,1,1,1,1,1,0,0,0,0,0,1,0,2,0,2,-1.549152887225875,-1.6227920716534014,-1.1170257963849168
1399,1,1,0,0,1,2,0,1,0,0,1,0,1,2,0,0,1,1,1,1,0.31538310888522664,0.18229442231542253,0.47873011955205313
1400,0,1,0,0,0,1,0,0,1,1,1,2,0,0,0,0,2,1,1,1,-1.8058744416009762,0.663398947849204,-1.8665138969761275
1401,0,1,0,0,1,1,0,1,0,1,1,1,0,0,1,1,2,0,0,1,0.8714482193875517,1.4385350477651153,2.05100750148239
1402,1,1,1,0,1,0,0,0,1,0,0,1,0,0,0,0,1,0,0,0,0.1832316866006759,0.03797096658205823,1.6201416409717118
1403,0,0,1,1,1,1,0,1,1,2,0,0,1,0,2,2,1,1,1,1,-0.17256002148542365,-1.2184244840531002,-2.1632003488636524
1404,0,1,0,0,0,1,1,1,1,0,0,0,1,1,1,0,0,2,0,1,1.3039911537264897,-0.7903973942379987,-0.7839920086590983
1405,0,0,1,0,1,1,0,1,0,1,0,0,0,0,0,2,1,1,1,0,2.791436520716377,1.8108825246945506,1.2012220928447819
1406,1,1,2,0,1,1,1,1,2,0,0,0,1,1,1,0,0,2,1,1,-0.5976649543997029,1.0314955292972143,1.4399852451430872
1407,1,2,1,0,1,1,0,1,1,0,1,1,0,0,2,0,0,0,0,1,0.6996816819116854,-0.9381812420130057,0.6189055949849924
1408,0,2,0,1,0,1,0,0,1,0,0,0,0,1,1,0,1,1,1,0,0.32822370013402646,0.42784384144519205,-0.052503002455239034
1409,0,0,2,1,0,2,0,2,0,0,1,0,0,1,0,0,1,1,0,1,2.0485345718322385,1.5988894947703542,1.9639974741916264
1410,1,2,1,0,0,0,0,2,1,0,2,1,1,2,2,0,1,2,1,1,-0.14553828626877421,0.5920840240413761,1.7646140005060722
1411,1,0,1,0,0,1,0,1,0,0,0,0,0,1,1,1,1,0,0,2,-1.3561430185597012,-1.9797180210895116,-1.431941406559424
1412,0,0,1,0,1,1,0,1,0,0,0,1,1,1,0,1,0,1,0,0,1.0249476181778001,-0.2066281068441692,0.20841796106934438
1413,2,1,1,1,1,1,0,1,1,0,1,0,0,0,1,2,1,1,1,1,-0.18614098596501533,-0.03737192421669727,0.9550547035660732
1414,2,1,1,1,0,1,0,0,1,0,0,0,1,0,0,0,1,1,0,2,0.6511157550463958,-0.8326762045638162,-0.41712799043133686
1415,0,0,0,0,1,2,0,1,0,0,1,1,1,0,0,0,1,1,2,1,0.20317589163383235,0.15149637281557587,0.5793577002960937
1416,0,1,0,0,0,1,0,0,1,0,0,0,0,0,0,1,0,0,0,1,0.4272802883992199,0.17050982584170257,-0.7857463799669933
1417,1,1,0,1,0,1,0,0,2,0,0,0,0,0,1,0,0,0,2,2,0.26009133465792084,-0.199310224993764,-0.540031505344852
1418,1,2,1,0,0,1,0,1,2,0,0,0,1,1,0,0,2,1,0,0,1.58281406708397,0.3023999032708642,-2.5496441219772117
1419,1,1,0,2,0,1,0,0,0,1,1,1,0,0,0,0,2,0,0,1,0.6547808143903642,0.5383404342515012,0.01912473930581282
1420,1,2,0,0,0,2,0,2,0,1,0,0,0,1,0,1,1,0,2,2,-0.28554362924251037,0.29640349803528593,-1.369290796346323
1421,0,1,1,1,0,1,0,1,0,0,0,1,0,1,1,1,1,1,0,1,2.007131618998811,-0.2455257785093342,0.7087288545483565
1422,1,1,2,1,1,2,0,2,1,0,1,1,0,1,0,0,1,0,1,0,0.3929751434817681,-1.004192857643931,-2.072807028031775
1423,0,2,1,0,0,0,0,1,0,1,0,0,0,1,2,2,1,1,1,1,1.8599830472202965,1.5994763499827456,0.8183336845786893
1424,0,1,1,0,0,0,0,1,0,2,0,1,0,1,1,1,2,1,1,1,-0.4363295855931728,-1.3989100193547872,0.2306528068356093
1425,1,1,1,1,0,1,0,0,1,0,0,1,0,2,0,1,1,0,1,2,-2.0465918071695715,-0.5336467785818425,-2.2699671783672497
1426,1,2,0,0,0,0,0,1,1,1,0,0,0,0,1,0,1,1,0,2,0.5486488646284559,-0.8826446543174417,-0.28437266831318525
1427,0,0,0,0,0,1,0,1,1,0,0,0,0,0,1,2,0,0,1,1,-0.9358526500658159,-0.6939536865090584,-0.9767849883109583
1428,1,1,1,0,0,0,0,1,1,0,0,0,0,0,1,0,0,0,0,2,1.0490841415030592,0.3525080896213076,0.8805690455806247
1429,2,2,0,0,0,1,0,0,1,0,0,0,0,0,0,0,0,1,1,2,2.5825087725846685,0.7838467998476875,2.6669873122319903
1430,0,0,0,0,1,1,0,1,0,0,0,0,1,0,0,0,1,0,0,2,-1.0442137902656412,-0.6224111367925029,-1.0647525190221847
1431,0,0,0,0,0,1,0,1,1,0,0,1,0,0,0,1,1,1,0,1,-0.008427697445588059,0.07654853890195293,1.032900632358042
1432,0,2,1,0,1,0,0,1,0,1,1,2,0,0,0,0,1,2,1,1,-1.149445035691345,-1.0393268486946456,1.3732004849195625
1433,0,1,0,0,1,0,0,1,2,1,0,0,1,1,1,1,2,1,1,0,0.8671255377679921,-0.35313233709368086,-0.39416323527525454
1434,1,1,0,1,1,2,0,0,0,0,0,0,0,0,2,0,1,0,0,1,1.3226934074112056,-0.14105202760107588,0.04574204875722865
1435,1,1,0,1,1,1,0,1,1,0,2,0,0,0,0,1,1,1,2,2,0.9161165130642521,-1.017707404163216,1.029057791059488
1436,0,1,1,0,2,1,0,0,0,0,0,1,1,0,0,0,2,1,0,0,1.8859926337292043,0.1935861541693023,0.1878840297729767
1437,1,1,1,1,0,0,0,1,0,1,1,0,2,1,0,1,1,1,2,2,1.7747625189177176,0.6305866381057581,0.51700406300876
1438,0,0,1,0,0,0,0,0,1,1,0,1,0,1,0,1,1,1,0,1,-0.05435686390070069,-0.8533016100349302,0.12373129233456787
1439,0,1,2,0,0,2,0,1,1,0,1,0,0,2,1,0,1,1,0,1,0.19678710871570726,0.9113780582634675,-1.1142322069257626
1440,1,1,2,0,0,1,0,0,0,1,0,2,1,1,1,0,0,1,0,1,-0.3204852251240767,0.6782477172372832,0.4893028457255604
1441,1,1,0,1,2,1,0,0,1,0,1,0,1,1,0,1,0,2,1,2,-0.7800040934397183,-0.2879825212540326,0.9366632266819084
1442,0,1,0,0,0,1,0,1,0,1,0,0,0,0,1,0,1,2,1,1,0.9860844151753866,0.35484170246700897,1.101709400882333
1443,1,1,0,1,0,2,0,0,1,1,0,0,0,0,0,0,0,1,1,1,1.3069950033238282,-0.12590924826582128,-0.2920414049767406
1444,0,1,1,0,0,1,0,1,1,0,0,0,0,0,1,0,1,0,1,0,2.0480516437153415,-0.9079155475408667,0.746148402791653
1445,0,2,1,0,0,0,0,0,0,0,1,0,0,0,0,0,2,1,1,0,-0.9046670258645206,-0.17591174731303813,-1.146957624957343
1446,1,0,1,1,0,0,0,1,0,0,0,0,1,0,1,1,1,1,0,2,0.5469979234215772,-1.939276597585443,2.232621403754264
1447,0,2,0,0,0,2,0,2,0,1,0,1,0,1,0,0,0,2,1,0,-1.2976310728414466,-0.22745821869320665,0.05047858104937908
1448,0,1,1,0,1,2,0,0,2,1,0,1,0,1,1,0,2,0,1,1,2.0205088506549913,-0.3009283189804746,-0.6091586694178154
1449,2,0,1,0,0,1,0,1,0,0,0,0,0,1,1,1,1,1,2,2,0.02931590879438825,0.053909225813597486,0.008354950654296787
1450,2,0,1,1,1,1,0,2,0,0,0,0,1,0,2,1,1,2,0,1,-1.214180591877976,-0.7044289993582209,-0.2722708683459225
1451,1,1,0,0,1,1,0,2,2,0,0,0,0,1,0,0,1,1,1,2,0.38120924226749625,-0.28996262720765414,0.12414463584722124
1452,0,1,0,1,1,1,0,1,2,1,0,0,1,1,1,0,0,2,0,1,-1.4512601152284106,0.3810374739528859,0.1789527266789368
1453,0,2,0,0,0,2,0,1,1,0,0,1,1,1,0,0,0,2,0,0,0.42043057907622877,-0.6602434953225722,-1.848556282597535
1454,0,1,1,0,0,0,0,2,0,1,0,0,1,0,0,1,1,1,0,1,-0.20960129588325874,-1.1385299889023202,-0.8485365050672046
1455,2,0,1,0,0,1,0,1,1,1,1,0,1,1,1,2,0,1,1,0,-0.2507892286585737,-0.3116453187673135,0.1649381586802683
1456,0,1,0,1,2,0,0,2,2,1,0,1,0,1,0,0,2,1,1,1,0.08089210059316759,-1.5529908745282175,-1.3094202185533808
1457,0,0,1,1,1,1,0,1,1,1,0,1,0,0,0,1,2,0,1,1,-1.5235892274791771,0.605333496727406,-1.9630927518502321
1458,1,2,1,0,0,1,0,2,2,0,0,1,1,0,0,1,2,1,1,2,1.1620011949336417,-0.1482133519305726,1.981110705258827
1459,0,1,0,1,0,0,0,2,1,1,0,0,0,0,0,0,1,1,1,0,-1.0833779512767232,0.29490529901004514,-1.9619817791666974
1460,0,0,2,0,0,0,0,1,0,0,0,1,1,2,1,0,1,1,2,1,-1.2109447260657253,0.13962077496505654,0.01121646559497469
1461,2,1,0,0,2,2,0,1,1,0,0,0,0,2,0,0,1,0,1,0,1.3750353888691742,-1.4621792169568955,1.2790122950556586
1462,0,2,1,0,0,1,0,0,1,0,1,0,0,0,0,0,1,2,0,1,2.4421161174217345,-0.7048133966633647,0.22967466641182055
1463,0,1,2,2,1,1,0,1,1,1,1,0,0,0,1,1,0,1,0,0,-0.042010777148314776,0.5832948518797191,0.4743118378378789
1464,0,2,1,0,0,1,0,1,0,1,0,0,1,0,1,2,0,1,0,2,-1.793448904949029,-0.5134652308455426,0.5998877626046717
1465,1,1,1,1,0,0,0,0,1,0,0,1,1,1,0,1,1,0,0,2,-0.06773858008018539,1.1553295074740995,-0.9337776545610948
1466,2,1,1,0,0,0,0,0,0,1,0,0,0,1,0,0,1,1,1,2,-0.3412132090238626,0.5632594018577173,0.4224814755821752
1467,1,2,1,0,0,1,0,1,1,1,0,1,0,1,2,1,1,2,1,1,-0.5377200760470836,-1.418250869321544,-0.7311294836197639
1468,1,1,1,1,0,1,0,1,2,0,0,0,0,0,0,1,2,1,1,1,-0.6661646618857291,-1.8435635128580043,-0.3244600730014211
1469,1,1,1,0,1,1,0,1,1,1,1,0,1,0,0,1,2,0,2,1,0.5486491765315095,-1.0835570684816276,-0.7534072542332593
1470,0,0,2,0,0,1,1,0,1,1,0,0,0,1,0,1,0,0,0,1,-2.20342600016621,-2.3076617481633055,-1.0815153678889537
1471,2,0,0,0,0,1,0,0,1,2,0,0,0,1,0,1,1,1,0,0,-0.9972032869826488,-0.17336166600692965,0.6726511886784939
1472,0,1,0,0,0,2,0,1,0,0,1,0,0,1,1,1,1,1,0,0,-0.5618021696740417,0.11695804595497125,2.3474007441366314
1473,0,1,1,0,0,2,1,0,0,0,0,1,1,0,1,2,2,1,0,1,-0.9744667037771155,-0.8570030223996904,1.1542074838362808
1474,1,0,0,1,0,0,1,1,1,1,0,0,0,1,1,1,1,0,1,2,-1.7596591330778237,0.31180500153665186,-0.1469525458435217
1475,0,1,0,0,0,0,0,1,1,0,1,0,0,2,0,0,0,1,0,1,1.0449479554742471,-1.2460566537388045,1.1855930467264848
1476,1,1,0,0,1,1,1,1,0,1,0,0,0,0,0,1,1,2,1,1,1.0953593320157886,0.583916128650013,2.027585999887557
1477,0,1,0,0,0,1,0,0,0,1,0,0,0,1,1,0,1,2,0,0,0.07007448061866096,0.38959785280781456,1.5885468134344325
1478,0,1,2,0,0,1,0,0,2,0,0,1,0,1,0,1,0,1,1,0,-0.8997855261108769,-2.3182700823828184,-0.49996073951501085
1479,0,1,0,1,0,0,1,0,1,1,1,1,0,1,0,1,2,1,1,1,-1.2763613153744813,-0.3166742954520233,-1.7697460520632284
1480,1,2,0,0,2,0,0,0,1,1,0,0,0,1,0,1,2,2,0,0,-0.6802458047758679,-0.6313669316002194,-1.6412644083136454
1481,0,0,2,1,1,1,0,0,0,0,0,0,1,0,0,0,2,2,0,1,-0.5883968752412518,0.4399771505898603,-1.1126029269419742
1482,0,2,1,0,0,0,0,0,2,1,0,1,1,2,0,0,1,0,0,2,0.4567641482897699,0.6778825334941507,1.0866856198269734
1483,1,1,0,1,0,1,1,0,1,0,0,0,1,0,0,1,1,0,0,2,-0.5758226124742823,-1.729158467044114,0.11390903706054184
1484,1,2,0,0,1,0,0,1,1,0,0,0,0,1,0,0,0,2,0,0,-0.5863244904603223,1.473180415887442,-0.7443937838129167
1485,0,1,1,1,0,1,0,1,2,0,0,0,1,0,0,0,2,2,1,1,0.4406542222118463,-0.5724963374277336,1.1162390635429063
1486,2,1,0,0,0,0,0,0,1,0,0,0,0,1,1,0,2,1,0,1,0.17752001521854635,-0.6273479864142512,-0.08214587793485917
1487,0,1,1,0,0,2,0,0,0,0,0,2,1,0,1,0,0,1,1,0,0.5360138561804894,-1.4795022380719098,-0.46926905427842314
1488,0,2,1,0,0,2,0,0,1,1,0,0,0,0,1,0,2,0,0,2,-0.44375302345088685,0.5657228158439608,0.30398869069017886
1489,1,1,2,0,0,1,0,0,1,0,1,0,0,0,0,0,0,1,0,1,0.6547330164799259,1.2191870990572597,2.5312054974809337
1490,0,1,1,0,0,2,0,1,0,1,0,2,0,1,0,1,2,1,0,2,-0.35053646360134244,1.1285485611509838,-2.0557708182500924
1491,0,0,0,1,1,0,0,1,1,0,0,0,0,0,0,0,0,0,1,0,0.4918627869773049,-0.6332047804079732,-0.8549124015166168
1492,2,1,1,0,0,1,0,2,0,1,0,0,0,2,1,0,1,2,1,1,-0.606616432826289,0.6643665003035201,1.0070343041379273
1493,1,0,1,0,0,2,0,2,0,0,1,1,0,0,1,1,1,1,1,0,0.4393717233342654,0.2902053119119592,-2.001243587749331
1494,0,0,2,0,1,1,1,0,2,0,0,0,0,0,0,1,1,2,0,2,0.6879369693498999,0.8514741507072127,0.932892739724209
1495,0,0,0,0,1,0,0,0,0,1,0,0,0,0,0,0,2,1,0,1,1.7904267791336657,0.8831203525377856,0.6697135442189386
1496,1,1,2,1,0,0,1,0,0,0,0,0,0,0,0,1,1,1,1,1,-1.7416954224772505,-0.04377542208927698,0.5564069106137708
1497,1,1,1,0,0,1,0,0,2,0,0,0,0,0,1,0,1,2,2,1,0.9051829338151572,0.3355160371864604,0.4693857543602292
1498,1,1,1,0,0,0,0,0,0,1,0,1,1,1,1,1,0,1,1,2,-0.01814674723461048,-0.27920513595627716,-1.556764538253892
1499,1,2,0,2,0,0,0,2,1,0,1,2,0,0,0,0,1,1,1,0,0.7380901090449341,0.24571423697037667,-0.7467007248208213
1500,1,2,0,0,0,2,0,1,1,2,1,0,1,0,0,0,0,0,1,1,0.5342245017878553,1.756188307953222,2.0105041128936607
1501,1,1,2,0,1,1,0,1,1,0,0,0,0,1,1,1,2,0,0,0,-0.36889735863194123,0.2530126907123235,0.13958031913655775
1502,1,1,0,0,0,1,0,1,1,0,0,2,0,2,0,1,2,0,1,1,1.1974216497782573,0.8741582786940864,2.7233925025637116
1503,1,1,2,0,0,1,0,0,1,1,1,1,0,0,0,1,1,2,1,1,0.8728650515487504,0.3710446491731089,-1.5513293811309161
1504,1,0,2,0,0,2,0,2,1,0,0,0,0,0,1,0,0,1,2,0,-1.330811006403349,0.3473034597351168,-2.6700057295768533
1505,0,1,1,2,1,2,0,1,2,1,1,1,0,1,1,0,1,1,2,0,-2.5030420436650602,0.29026635021233416,0.03826940264205336
1506,2,1,0,1,2,0,1,1,1,0,0,0,0,1,1,1,0,2,1,1,0.9931544246284926,0.6738407717031981,0.034231030051562805
1507,0,2,0,1,0,0,0,2,2,0,1,1,0,2,0,1,1,1,2,0,0.9686289769811908,0.8781336375785158,0.6370806061022711
1508,0,1,1,0,2,1,0,1,1,1,0,0,0,0,1,0,0,0,2,1,1.15152934000774,-1.7394881214101698,0.7674997961618738
1509,1,2,1,1,0,1,0,0,0,1,0,0,1,0,0,1,0,1,0,0,2.5792148888681354,1.2784363952151256,2.1321362625311835
1510,1,1,1,0,1,2,0,0,2,0,1,0,0,0,0,1,0,1,1,0,0.46482258162852963,0.20797581423437672,1.9883020749729565
1511,2,2,2,1,1,1,0,0,0,0,0,0,0,0,0,1,0,1,1,2,0.5541970563295241,0.855373670998355,0.577054521364179
1512,1,2,1,0,1,1,1,0,0,0,0,0,1,1,2,1,1,1,1,1,0.06319493366146,-0.06286937521332378,-1.1652952478661032
1513,1,1,0,1,0,1,0,0,1,0,0,1,0,1,0,0,1,2,0,1,-1.1427487763751278,-0.23019598142368256,1.0501680819228212
1514,0,2,1,0,0,1,0,0,0,0,0,0,0,1,0,1,1,0,1,0,0.42195346785317217,-1.0575425856767902,-0.7104905477539201
1515,1,1,1,0,1,0,0,1,1,0,0,0,0,0,0,1,1,0,1,2,-1.2472806261505702,-0.9875887534885466,-2.985213833227995
1516,0,2,1,0,1,1,0,1,2,1,1,0,0,1,1,1,1,1,1,1,-0.5972782678314414,-1.1810287828977906,-0.21580252810224598
1517,0,2,1,0,0,2,0,1,1,0,1,0,0,0,1,0,1,1,2,1,0.09068526559824013,0.10485982919409632,-0.21068411642040352
1518,0,1,2,1,0,2,0,1,0,1,0,1,0,0,0,0,1,0,2,2,-0.7837030066066,-0.43552087321466804,-1.6817884587845546
1519,1,2,1,0,0,1,0,1,1,1,0,0,1,0,0,0,0,1,0,0,0.29742474365986615,-0.2749997139358786,-0.15045504283324324
1520,0,2,1,1,0,0,0,0,2,0,0,0,0,1,1,1,0,1,1,1,-0.22225187548793957,0.1446726807309497,-2.076098608645792
1521,1,2,0,0,2,1,1,1,0,2,1,0,0,1,0,0,1,0,0,1,-1.1580455367547133,0.33655570539400925,-0.21715974811246416
1522,0,0,1,0,0,0,1,1,0,1,0,0,0,0,1,1,1,1,0,1,1.6657875163094993,0.11676786675049333,2.2095476216547354
1523,1,0,1,0,1,2,0,0,2,0,1,0,0,0,0,0,1,0,1,1,0.003180398293166104,0.5278831877664466,-0.2382984442706515
1524,1,1,1,1,2,1,1,1,1,0,1,0,0,0,0,0,0,0,1,2,-0.23475123556796068,-0.4343590111118632,0.12051804361264545
1525,1,1,1,0,0,0,0,0,0,0,0,0,0,0,1,1,0,1,1,1,0.42167079390915524,-0.100682269322418,0.053794474636442074
1526,0,1,1,1,0,0,0,1,1,1,2,0,0,0,1,0,1,0,1,2,-0.957159234222213,0.4950582234084637,0.8191067400741663
1527,0,1,0,1,0,2,0,0,1,0,0,0,1,0,0,0,1,0,0,1,1.522515918247234,-0.30281571736603363,2.3353302379272094
1528,0,2,1,1,1,1,0,1,0,1,0,0,0,0,1,1,1,2,1,0,-1.4844708382383933,0.6979440674001562,-1.0754273638496916
1529,0,1,0,1,0,1,0,1,0,1,0,1,0,0,1,1,1,0,2,1,0.6359289754451295,-0.7967606376750458,1.4905980148573734
1530,0,1,1,1,0,1,0,1,0,0,1,0,1,0,1,0,2,1,1,0,-0.2957320748053025,-0.20910556204094802,-0.3894567802616701
1531,1,0,2,0,0,1,0,1,1,1,0,0,0,0,0,1,2,1,0,2,0.38120520219514775,-1.867350141657104,1.2487269294929477
1532,2,1,1,1,0,1,0,1,2,0,1,0,0,0,0,0,2,0,1,1,-0.9997258818029202,0.5703848493693036,-0.971318481125945
1533,0,1,2,0,1,1,0,1,1,0,0,0,0,1,1,2,1,0,0,2,-0.9485511102180655,1.9249549938352015,-0.035028762324900375
1534,1,0,2,0,0,0,0,1,1,0,0,0,1,0,1,2,1,0,0,2,-0.03445888785158209,0.6131095506938163,2.2208170271237506
1535,0,2,2,0,1,1,0,2,0,0,1,0,0,1,0,0,1,2,1,2,0.49419829581037106,-0.14797802220438105,-1.3073452813757702
1536,0,2,1,0,0,1,0,0,0,1,0,0,0,0,0,0,0,1,0,2,-0.5283427799268515,0.9312914287870937,-0.34866320458656097
1537,0,1,2,1,0,2,1,0,1,0,0,0,0,1,1,1,0,1,1,1,0.039427103153298726,0.46891328376720454,-1.9940765622731944
1538,0,0,1,1,0,1,0,2,2,1,1,0,0,2,0,1,1,0,1,1,-0.8890062181143176,-0.9919210875363402,-1.1068220817553152
1539,1,1,0,0,1,2,0,0,1,1,1,1,0,0,1,0,0,1,0,0,0.742798541274833,1.551077506256839,3.0421852358077253
1540,1,0,1,0,1,2,0,2,1,0,1,1,0,0,0,2,2,1,1,1,0.5197553576377459,-0.7569895158680213,1.4522615091202293
1541,1,2,1,0,1,1,0,1,0,0,0,0,0,1,0,1,1,0,1,0,0.4612593018252742,0.2692629256181493,0.5435424486812557
1542,0,1,1,0,1,0,0,1,0,1,2,1,0,1,1,1,1,2,1,2,-1.2709272492815957,-0.7354326060464632,-0.4616774759769001
1543,1,1,1,0,0,2,0,0,0,1,0,0,0,0,1,0,2,1,1,0,-0.08714526520673192,-1.3755906911823728,-0.15671562274249556
1544,2,0,1,0,0,2,0,2,2,1,1,0,0,2,1,1,1,0,0,2,-0.5575827568054947,0.13288583030741136,0.9943752460327804
1545,1,0,2,0,0,1,0,0,1,0,0,1,1,1,1,1,1,1,2,2,-0.05633899217041664,-0.2758737686845144,-0.6032597921558125
1546,1,2,0,0,0,1,0,1,2,2,0,1,0,0,2,1,1,1,0,1,0.08915400430258719,0.10919283883995595,-0.6512646914986198
1547,0,0,0,0,0,2,0,2,0,0,0,0,1,1,0,1,0,1,0,1,2.354106605083432,0.6641122558073715,-0.3408637849408769
1548,2,1,0,0,0,1,0,1,2,2,0,1,1,0,0,2,1,0,0,1,-0.3424360484716179,0.4662455474686543,-0.40447849903941036
1549,1,1,1,0,0,2,0,0,0,1,1,0,0,1,0,1,1,0,1,0,0.47923490144446557,0.8712989325591296,0.8227967654557408
1550,0,0,2,0,0,1,0,1,0,0,1,0,1,0,1,0,1,1,1,2,1.573463030004303,1.2174993176125999,1.1708020999554531
1551,1,1,0,0,0,0,1,0,0,1,0,0,0,0,0,1,0,1,1,0,-0.2943190616223742,0.2697029250682864,0.471454338567154
1552,1,0,1,0,1,1,0,1,0,0,1,1,0,1,1,0,0,1,0,1,0.01813172310564063,-0.2213524314748297,-0.8805958146100332
1553,0,0,2,0,1,0,0,0,1,1,0,0,1,0,2,2,1,0,1,1,0.2702612997383914,-0.2014018492443199,0.16768018625295364
1554,0,0,0,0,0,0,0,1,1,2,1,0,0,0,1,1,0,1,1,1,0.9302746350924631,-0.4807273455549974,1.9362110905201853
1555,1,0,0,0,0,2,0,0,1,0,1,1,0,1,1,0,1,2,1,2,0.6139779340929044,-1.4062244955974104,0.19332594194448802
1556,0,1,0,1,1,0,1,1,0,0,1,0,0,2,1,1,1,1,0,0,-0.03172163560498612,1.6846249677360905,0.6924590235398043
1557,0,1,2,0,0,0,0,0,1,0,1,0,1,1,0,1,1,1,2,1,-2.131740005859421,-1.2335380821082138,2.013955544255989
1558,1,2,0,0,1,0,0,1,1,0,0,0,0,1,0,0,1,1,1,0,0.5134066484163353,0.3952527145149473,0.869935045652363
1559,0,1,2,0,1,0,0,0,0,0,0,0,0,0,1,0,1,0,0,1,-0.1796610184387177,-0.5421019891084109,-1.2159381364720754
1560,1,1,0,0,0,0,0,1,1,1,1,0,0,0,1,0,1,1,0,1,-1.1631717118491804,0.5886987571412826,-1.4585256998562768
1561,0,0,2,0,1,1,0,1,0,0,1,0,1,0,1,1,0,0,1,0,-0.769317600910667,1.293772040870075,-0.4902000616832125
1562,0,0,2,1,2,0,0,1,1,0,1,0,0,0,0,2,2,1,0,1,1.4490486278664272,0.2472441957693412,0.4153273301599028
1563,1,1,0,1,1,1,0,1,0,1,0,0,0,0,0,1,1,2,1,0,-2.4035003576880403,-0.41814310070460203,-1.3856196201999147
1564,0,1,1,0,0,0,0,1,1,0,1,1,0,0,0,1,1,1,0,1,0.6588309721225681,1.401252606206759,0.96974089308936
1565,0,1,0,0,0,1,0,0,1,0,0,1,0,1,1,2,1,1,1,1,-0.21208724178372768,0.03394970521125352,1.2973359201447634
1566,1,2,1,0,1,0,0,0,1,0,1,0,0,2,0,1,2,2,0,2,2.6321298724729525,-0.3141177394397049,1.1227169278050861
1567,0,1,1,0,0,1,0,2,1,1,1,0,0,0,1,1,1,2,0,2,0.8582875837819506,2.1477762589050693,-0.3004577557925747
1568,1,0,0,0,1,2,0,0,1,0,0,1,0,0,1,0,0,0,1,1,-0.6099880987489966,-2.938507966838562,0.6630015880515072
1569,0,1,2,0,1,1,0,0,0,0,0,0,0,0,1,2,2,2,0,1,0.9907846060589602,-1.7365138706174057,-0.6268369037728028
1570,1,0,0,0,0,1,0,2,1,0,0,1,0,1,2,1,1,1,1,2,-0.5070122672811912,1.4090156623581773,0.6196511402633152
1571,1,1,1,0,0,1,0,1,1,1,0,1,1,1,0,2,1,1,0,1,-1.3824970887367338,1.4817592471237997,0.5768555304903125
1572,1,1,1,2,0,2,1,1,1,0,0,1,1,1,2,0,1,1,0,0,0.5946602330986658,-0.8864474588670621,0.09224526896260987
1573,1,0,1,0,0,1,0,1,0,1,1,0,0,2,1,1,0,1,1,1,0.6120683297025292,-1.9248853762091696,1.2453187952416647
1574,1,2,1,0,1,1,1,1,1,0,0,0,0,0,1,1,2,1,2,2,-0.14406219168972112,-0.5701554950123935,-1.7952357333491566
1575,1,2,2,0,0,1,0,1,1,0,0,0,0,1,0,0,1,1,0,0,-1.7755514847852432,0.4366642517280845,-2.2463584821070546
1576,1,2,2,0,0,2,1,1,2,1,0,1,1,0,1,0,1,1,0,1,0.8697975354637028,1.416144827580759,0.9443405615720877
1577,1,2,0,0,1,1,0,0,2,0,1,0,0,0,1,1,1,0,0,0,1.5336064853376352,-1.2781424429306851,2.871284637638204
1578,1,2,1,0,2,1,0,1,1,0,0,1,0,0,1,1,1,0,0,1,-0.7477250733890631,1.2534328989121093,-0.9249243784326677
1579,2,1,1,0,1,0,0,1,2,0,1,0,0,2,0,0,0,1,1,0,-0.9689762125897143,-0.7553603531211427,-0.1261692372441331
1580,1,2,1,0,0,1,0,1,1,1,0,0,0,2,0,1,2,1,0,2,-0.1320511021992667,-0.2771378631697592,-0.6802622991324487
1581,0,0,2,0,0,2,0,0,1,1,1,0,0,1,1,2,2,0,2,1,0.3832349151249894,0.26275531976897853,3.3288827112699173
1582,1,1,0,0,0,1,0,1,0,1,0,0,0,0,0,0,1,0,0,2,-1.300381280145052,0.023197144279886645,-0.7421092424532203
1583,0,1,0,0,0,2,0,1,1,0,1,0,1,1,0,0,1,0,1,1,0.07560012466815459,-0.28093926265079594,0.6517307625374698
1584,2,1,0,0,0,0,1,1,0,0,1,0,2,0,1,0,1,0,1,0,0.19003499349801356,0.114617352782171,-0.192103271794555
1585,1,1,1,0,1,1,0,2,1,1,0,1,2,0,0,0,2,1,0,1,-0.8084326345526007,-2.093094390676351,-0.758686749937851
1586,0,2,0,0,0,0,0,2,1,1,0,0,0,0,1,1,1,1,0,1,-0.22842358686371203,0.34492090432458034,0.8019452365869472
1587,1,0,1,0,1,1,0,1,1,0,0,1,1,0,1,2,0,2,2,0,1.7615099280433335,1.4841647709982193,2.181815863220443
1588,0,0,0,0,1,1,0,1,1,0,0,0,0,1,0,1,1,1,1,1,-0.2821362133376122,-1.3586357550119328,-1.8614693737438692
1589,2,2,1,0,1,1,1,0,0,0,0,0,1,1,1,1,0,0,1,1,-0.1223916938020816,-0.009372252504049966,-1.152477166395875
1590,1,1,0,0,0,0,0,1,1,0,0,0,0,0,2,1,1,1,0,1,0.4075488551820738,-0.035437864006272746,0.6638613535556023
1591,0,2,0,0,1,1,0,1,1,0,0,1,0,1,1,1,2,0,0,1,-0.6631604567826641,0.027549314451235957,-1.3789214999099535
1592,1,1,1,0,1,0,0,0,0,0,0,0,0,0,1,0,2,0,1,0,0.7337839027808082,0.5967239374346035,-0.9392667823294009
1593,0,2,1,1,0,0,0,0,1,0,0,0,0,0,0,0,1,1,0,1,-1.1279999236532232,-0.4828940829365319,-0.5043584345312038
1594,1,1,0,1,0,1,0,1,0,1,0,0,0,0,1,1,0,2,0,1,-0.42288094706686946,-0.5897345508012355,0.6247477373246852
1595,1,0,1,0,0,0,0,0,1,0,1,0,0,0,2,0,0,2,1,0,0.24218852924985473,-0.5826354633589128,0.8968105980595081
1596,1,1,0,0,1,2,0,0,0,0,0,0,0,1,1,1,2,0,0,1,1.3519365586980936,-1.1573140366661856,-0.20981543054819418
1597,1,1,1,0,0,1,0,1,2,0,1,0,2,1,0,1,1,0,1,1,-0.24529171443498834,-0.01153211276550549,-1.1496958918894387
1598,1,1,2,0,0,0,1,1,1,0,0,0,0,1,1,1,0,1,1,1,2.483348575884743,-0.5170494913025172,-1.591080096969444
1599,0,1,1,0,1,1,0,1,1,0,0,1,0,1,1,1,1,0,0,0,1.2797893937177516,-0.25781024341962167,-0.22679222330236137
1600,1,1,1,0,0,1,0,1,0,0,1,0,0,1,2,1,0,0,0,1,-0.14075802568749143,0.43982376558781633,-0.010420393960006089
1601,1,1,1,0,0,0,0,0,0,1,0,1,0,0,0,0,2,1,0,1,0.4501600800915983,0.2904476225552837,1.189471098754614
1602,0,1,0,0,1,0,0,0,0,2,0,0,0,0,0,1,0,0,1,0,1.120721006195105,-0.5198111476727256,1.1572086574089475
1603,0,1,0,0,0,0,0,0,1,1,1,1,1,0,0,1,1,0,0,0,-0.4743023034270185,0.25302378179180257,-0.567678249072961
1604,1,1,1,0,0,0,0,1,1,0,0,0,0,0,1,0,2,1,1,0,0.5597878717879953,-0.1949753895286392,0.48016805388842343
1605,1,1,1,1,0,2,0,0,1,1,1,0,0,1,1,1,1,1,0,1,0.56771298915132,0.923541458763122,-0.1468386456093259
1606,2,1,1,0,0,0,0,0,0,0,0,0,0,0,1,0,2,1,1,1,0.17861573700679703,0.9202308071238019,1.5546607346794816
1607,0,1,1,0,1,2,1,0,1,2,1,0,1,0,1,1,1,0,0,1,0.06013019066683299,-0.1002534929452396,0.3869637594713036
1608,2,1,2,0,1,0,0,1,1,2,0,0,0,0,0,2,2,1,1,1,-1.209275255850037,-0.3467831188860279,-0.7461713295826194
1609,1,2,1,0,0,1,0,1,1,0,0,0,0,0,1,2,1,0,1,2,0.47306512748223484,-0.3787114258057672,0.8370232198283091
1610,1,2,1,1,1,1,0,0,0,1,1,0,0,0,1,0,1,1,0,1,-0.4236163209650664,-0.14303402485655137,-0.8456213984955321
1611,0,1,1,0,1,2,0,1,1,0,0,0,0,0,0,1,0,2,1,2,-0.9955707962418399,-1.8699192550507278,-1.8421129263589113
1612,1,0,2,0,0,2,1,0,0,1,0,0,0,0,1,1,2,1,0,1,-0.14845267886770772,-1.2355027270346128,-0.8632100329596948
1613,1,2,1,0,0,1,0,1,1,0,0,1,0,1,0,0,2,0,0,1,-1.0606114612244935,-0.7043957336281632,-0.2858969304942264
1614,1,0,0,1,0,1,0,0,1,0,0,2,0,0,1,0,2,1,0,0,0.11839176671002244,0.3723896556488878,-0.8301304159314067
1615,0,1,0,0,1,1,0,0,0,0,0,0,0,0,1,0,2,1,0,1,-0.48617147518728193,-1.1081179290172443,-0.0506513429354401
1616,1,0,1,0,0,2,0,1,0,1,1,0,0,0,1,2,2,0,1,2,1.4006912789278165,-0.28568034793023367,1.2526124035200954
1617,0,1,1,0,1,1,0,0,0,1,0,0,0,1,0,1,2,0,0,1,0.481102519203045,-1.3571406850269652,-1.0016036716915901
1618,1,2,1,1,0,1,0,1,1,0,0,0,0,1,1,0,2,0,0,0,-0.5268465095553823,-0.7021839315394308,-1.8548107407714418
1619,2,0,0,0,0,1,1,1,0,0,0,0,0,0,1,1,2,1,2,1,-0.2803638461821945,0.6551670838650181,-0.8141909377025389
1620,1,0,1,0,0,0,0,1,0,0,0,1,0,1,1,0,0,2,1,0,-2.7239662354533993,0.1802311674572657,-0.9651288694956325
1621,0,2,0,0,1,0,0,1,1,1,0,0,1,1,2,2,2,1,0,0,-0.9731679573101848,1.539624421369603,-0.3450002719788215
1622,1,1,1,0,0,1,0,1,0,1,0,0,1,1,0,1,1,1,1,1,0.022708196423946534,1.278733189615406,0.6348298264981169
1623,1,0,1,1,1,1,0,0,1,2,0,0,0,0,0,0,1,1,0,0,0.028921467832056347,-0.16280700976679244,-1.8497275215203859
1624,0,1,1,0,0,1,0,0,1,1,1,1,0,0,0,0,2,0,0,0,0.7673201714684614,1.4085327499571045,1.016991764189986
1625,0,0,1,0,1,2,1,2,1,0,0,0,0,2,1,0,2,1,0,1,0.4960814089658691,0.8652809692265643,-0.7242014033676138
1626,1,1,1,0,0,1,1,1,1,1,0,0,0,0,0,1,1,2,0,1,-0.5690141260954518,0.21320110268230355,-1.9460711341364403
1627,1,0,1,0,0,0,0,0,1,1,0,0,0,0,1,1,1,0,1,1,-1.8295380112183999,0.4591798390031955,0.5114875886997382
1628,1,1,1,1,0,1,0,1,0,0,0,0,0,0,1,2,0,2,1,1,-1.0256161009305176,0.2848563056184137,-1.0030785265245683
1629,1,2,0,0,1,2,0,1,2,1,1,0,0,0,1,1,2,1,1,1,-1.3480081755475781,0.16648763236695963,-0.8302219403483068
1630,1,1,0,1,1,2,0,0,1,1,0,2,0,0,0,0,1,1,1,0,0.7958473001587413,0.9089553525697567,1.1707647550197622
1631,2,2,0,0,1,2,0,0,1,1,0,0,0,0,1,2,0,0,1,2,0.1946457624561271,2.785117473369547,2.275600805228434
1632,1,1,1,1,1,1,0,0,1,0,1,0,1,0,0,0,1,0,0,1,0.02462832707332729,0.23040512220350146,-1.1486993290670304
1633,0,1,1,0,0,1,0,1,1,0,0,1,0,1,0,1,2,1,1,1,1.703210580197755,-0.31250862151221365,-0.5326848695618421
1634,2,1,1,0,0,2,0,1,0,0,2,1,0,1,0,0,0,1,1,1,-1.2165919126825107,0.10048425988366361,-0.19765432199826666
1635,0,1,0,0,0,1,0,1,2,0,0,2,0,0,0,1,2,0,1,1,1.0006449918311717,0.6155392609014382,1.8894805697738326
1636,1,1,2,0,0,1,0,1,0,1,1,0,1,0,1,1,0,1,0,2,0.39433225622235657,2.164429533775708,0.4980743128877836
1637,1,2,0,0,0,2,0,1,1,0,0,0,2,0,1,0,1,1,0,0,0.8460355369945214,-1.146492123104123,-0.32251872040346463
1638,0,1,1,0,0,0,0,1,0,1,1,0,0,0,0,0,1,0,1,0,0.08827552125684507,0.7583391331191794,1.8528967366567646
1639,1,2,0,0,0,1,0,0,2,0,0,0,0,0,2,0,1,1,0,0,-0.3919806230326882,0.2442401435781988,-1.2845132367478558
1640,0,1,2,1,1,2,0,1,1,1,1,0,1,0,1,0,2,1,1,2,0.605575260453204,0.5961033037453466,1.7957679221386966
1641,0,2,0,0,0,2,0,1,1,0,1,0,0,0,0,0,1,1,1,1,-0.8089106054551904,1.1022225577779592,-2.0993679453371805
1642,0,2,1,0,1,0,1,1,0,0,1,0,0,1,1,1,1,1,0,1,0.9809680295315222,-0.7061111684610168,-0.2506919538848124
1643,0,2,2,0,0,0,0,1,1,1,0,2,1,1,1,1,0,1,1,2,-0.46408254663855575,0.339234643963196,-1.1104724912768942
1644,1,1,0,0,0,2,0,1,2,1,0,1,0,0,0,0,0,1,0,1,1.7153611759678842,-0.15497526042211723,2.43505039043932
1645,1,1,2,0,1,2,0,0,0,0,0,0,1,0,0,2,0,0,1,0,-1.3306899131190946,-0.8676505191054522,0.3362530919822432
1646,1,0,1,1,0,1,0,1,2,0,0,1,0,1,2,1,1,1,1,1,2.1660193681749504,0.959150862781303,1.2821959359252615
1647,1,1,1,0,1,2,0,0,2,1,1,0,0,0,0,0,0,1,1,2,-1.5400377364669533,-0.3626750470973056,-0.9186176352397964
1648,1,1,0,0,0,1,0,0,2,0,0,0,1,1,1,0,1,1,0,2,-1.2646822978717995,-0.8070665426809762,0.12017363716517482
1649,2,1,1,1,0,1,0,2,2,1,0,1,1,0,1,0,1,0,0,2,0.42088832817025323,0.587608516391465,0.7636632954166466
1650,1,1,1,2,0,1,0,0,0,2,2,1,0,0,0,0,2,0,0,1,0.39985680796181794,-0.6502740802849515,-0.2134501921551751
1651,1,0,2,1,0,0,0,2,0,0,0,0,1,0,0,0,0,1,0,0,0.785041964597715,1.4198462672134715,0.9857051397277443
1652,0,1,1,1,0,2,1,1,0,0,0,1,0,1,1,1,1,1,2,1,0.7605863724705603,0.28150915096212803,0.8997245539227049
1653,0,2,1,0,0,0,0,1,1,0,1,0,1,0,2,0,2,2,0,1,0.545216695930311,-0.34629898213198324,0.66280982737513
1654,1,1,1,0,1,1,0,0,0,0,2,0,0,0,1,1,1,1,0,2,-0.9317461942902979,-0.052856655743656666,0.3905834608259587
1655,1,2,2,1,0,2,0,2,0,1,0,0,0,0,1,0,1,0,2,1,-0.48115328686477327,-1.3899049482504622,-0.8438682632458097
1656,1,1,1,2,1,0,0,1,0,0,2,0,0,0,2,1,0,1,2,1,0.8018685178006221,-1.4376669827223991,0.4889462684332356
1657,0,2,1,0,0,2,0,2,2,0,0,0,0,0,1,0,1,1,0,1,0.38170430754906653,0.06996368419318452,1.1340733502314218
1658,0,2,1,0,1,1,0,1,0,0,2,0,0,1,0,0,1,1,0,1,1.7402311932163987,1.8301958024673919,1.4056315977564966
1659,0,2,0,0,1,1,0,0,2,0,0,0,1,1,1,0,1,1,1,1,0.42607009162320164,-1.109035421651679,1.4167699648341128
1660,2,2,0,0,0,0,0,0,0,0,0,0,0,1,0,1,2,1,0,1,0.7707101661761789,0.4346037400524518,-0.7543142370666863
1661,0,2,0,0,0,2,1,1,1,1,0,0,0,0,0,2,1,0,0,1,1.310656012389579,-0.5691511729813243,-2.047139927384041
1662,2,0,1,0,0,0,0,1,0,1,0,0,0,2,1,0,1,1,1,0,-0.45161129056872507,-0.7549120883879908,-0.25189799129718576
1663,2,1,1,1,0,1,1,0,1,1,0,0,0,2,0,0,1,2,0,2,-0.01636831938951925,1.132316451455317,0.19424881590231358
1664,1,1,1,0,1,1,0,1,1,1,0,0,0,2,1,0,1,0,1,1,0.036044082848311634,-0.228348783093219,1.2937057230927103
1665,1,0,0,0,0,0,0,0,0,0,0,0,0,1,0,0,1,1,1,0,0.5937571989702853,-0.7282758234366639,-0.2365862328057617
1666,1,2,2,0,2,2,0,1,2,1,0,0,0,1,0,0,2,1,1,1,0.7622444217555814,1.958602903889469,2.282934556299056
1667,1,1,0,0,0,0,0,1,0,0,0,1,1,1,0,1,1,0,1,1,-0.5328788708447401,0.667918112100902,0.06988477740747848
1668,0,2,0,1,1,0,0,1,0,1,0,1,0,1,1,1,2,0,1,0,1.2176907453821286,-1.9777031875762947,-0.9731326129212096
1669,0,1,1,1,1,0,0,1,1,0,0,0,0,0,0,0,0,2,1,1,1.0701989481416725,-0.7169001591022925,1.091860268097583
1670,1,1,1,1,0,1,0,1,0,0,0,1,0,1,1,1,1,1,0,1,-0.5430917945826668,0.5295689383826068,0.07353809038673353
1671,0,0,2,1,0,0,0,1,0,0,0,1,1,0,0,1,1,1,1,2,0.42490529594044696,0.3689315366330148,2.6623587273446763
1672,1,1,0,1,0,0,0,2,1,1,0,0,1,1,1,0,2,1,0,1,-0.48821899447426215,0.770789482362572,1.0614075268633192
1673,2,1,0,0,0,2,0,1,1,2,0,0,0,2,0,0,2,0,1,2,1.039499462973705,-0.56100405606042,0.8920872867918885
1674,0,2,1,0,0,0,0,1,2,0,1,0,0,0,0,0,0,0,0,0,0.06697336746689589,-0.475939637420394,0.9726838861644468
1675,2,2,1,0,0,2,0,1,2,1,0,1,1,1,1,0,2,1,0,1,-1.6070162211938555,-0.7128191276696414,-1.5560111507292635
1676,1,1,1,0,1,1,0,1,2,2,0,0,0,0,2,0,2,0,2,1,-0.15306684902508924,0.7181843180689407,0.7877244907702923
1677,0,1,0,1,1,1,0,1,0,2,0,1,1,0,1,0,1,1,0,0,0.669105359805112,1.217720238058566,1.6985585266776622
1678,0,1,1,0,1,2,1,0,1,0,0,0,1,0,1,0,1,1,2,1,0.009819186824959764,0.0597873046749961,0.4560501447559541
1679,0,0,1,0,0,0,0,1,1,1,1,0,0,0,0,0,1,2,0,1,-0.9783937114392441,-0.9428438435991205,-0.5147736304156965
1680,0,2,0,0,0,2,1,1,0,0,1,0,0,1,0,2,1,0,0,1,1.3735856854623945,1.0463183343102063,2.0394301601850513
1681,0,1,1,0,0,1,1,2,0,0,0,1,0,0,0,2,2,1,1,1,1.0200406807679447,0.6460971644108378,0.5945412972748687
1682,0,0,0,1,0,0,0,0,1,0,0,1,0,1,0,1,1,0,0,1,1.4964778372191334,-0.7668204120806827,-0.33154488342910093
1683,0,1,1,0,0,2,0,1,0,1,1,1,0,0,0,0,0,2,1,2,0.4228622478533137,0.22870157242325256,-1.8021605175805633
1684,0,1,1,0,0,1,0,1,2,2,0,0,0,1,2,1,0,1,0,1,-1.5667218740848814,-0.6230643927687991,-0.4695579513832423
1685,0,1,0,0,0,2,1,1,0,1,0,0,0,0,2,0,0,1,2,2,-0.45459172149662463,-0.2883959398654408,-0.7890844651679323
1686,1,1,2,0,0,0,0,1,0,0,1,0,0,0,1,1,0,0,1,0,-1.9720663681903705,-0.9653705473081081,0.9556670265492678
1687,1,1,1,1,0,0,0,1,1,1,1,0,1,0,0,1,0,1,2,1,0.9850816128694609,-0.7942173059301001,-0.9790865760030408
1688,0,1,1,1,0,1,0,1,1,1,0,0,1,1,0,0,1,1,2,0,-0.47629255520186087,-0.6538393280617824,-0.2591912211528596
1689,0,2,1,1,0,0,1,0,1,0,0,0,0,0,2,0,1,1,1,2,-0.7191641849067236,-0.9280111744586697,-3.188026573336625
1690,1,1,1,0,0,1,0,1,1,0,0,1,0,2,0,0,1,2,0,1,0.34348572674098343,-0.4052818879930836,-0.6342013034127889
1691,2,1,1,1,1,1,0,1,1,0,0,1,0,0,0,1,0,1,1,0,-1.7701860774107954,-1.4443957826561293,-0.3190601516995777
1692,0,1,0,0,0,0,0,1,2,2,1,0,1,0,0,0,2,1,1,1,-0.5653385335325315,0.1910721599911927,1.0386945190287784
1693,0,0,1,1,1,1,0,1,1,0,1,1,0,0,0,1,1,1,1,1,-0.806683944697761,-0.8647220839230383,0.18925732010929924
1694,1,0,2,1,0,1,1,1,1,0,2,0,0,0,0,0,0,0,0,0,1.922027866633093,0.47602468264404135,0.4634862516963856
1695,0,1,2,0,0,1,0,0,0,0,1,1,0,0,0,1,1,0,1,0,-0.585656344277208,-1.0519468584635985,-1.747066989908142
1696,2,0,1,2,0,1,0,1,1,2,1,0,0,1,0,1,1,0,2,1,0.019089834434343936,0.2932995731141878,0.2209821061757427
1697,1,1,1,0,0,1,0,0,1,0,1,0,1,0,1,0,1,1,1,1,-0.8284441673260097,-1.5950470742093321,0.3237020462732774
1698,0,0,1,0,1,1,0,1,1,1,0,1,0,0,0,1,1,2,1,2,2.0511317339930737,0.2808318583381971,-0.6594464731553417
1699,0,0,1,0,0,0,0,1,1,1,0,1,1,1,0,1,1,0,1,0,-1.2073122812993866,-0.44984593087399183,-2.2042347790762418
1700,0,2,0,0,0,1,0,0,1,0,0,1,0,0,0,1,1,0,0,2,0.08985061641500841,-0.9681071287063236,-0.2963552824888577
1701,1,0,1,1,1,1,0,0,1,0,1,0,0,0,0,1,2,1,1,1,0.7941205903531268,0.2620306476204318,0.46046948083424527
1702,0,0,1,1,0,2,0,1,2,0,1,0,0,2,1,0,1,1,2,0,1.1270868563967282,-1.6639301698976323,0.6765724416509157
1703,2,1,2,0,0,0,0,1,0,0,0,1,0,0,0,1,1,2,2,1,-0.031587469573214,-0.010416405015690591,0.8249334480424058
1704,1,0,1,1,0,2,1,0,0,0,0,0,0,0,1,1,1,1,1,1,1.0029875342592038,0.7120034832539924,0.05829440362177862
1705,0,1,0,0,0,1,0,1,0,1,0,0,0,1,1,1,1,0,1,2,-2.3143155548577528,0.1723015542125495,0.840372690979201
1706,1,1,1,0,2,1,0,1,1,0,0,1,0,1,0,0,2,1,0,0,-0.4472451056081571,-0.07305291474812378,0.5474269155319798
1707,1,1,1,0,1,1,0,1,2,0,0,0,0,1,0,1,2,0,1,1,-0.0030116806121635877,0.7337629631408431,1.4714992417397512
1708,1,1,1,0,0,2,0,1,1,0,1,1,1,1,1,0,0,0,1,0,-0.3282743177110586,0.9416269141373429,-1.170135874683106
1709,0,1,1,1,0,2,0,0,1,0,0,1,1,0,0,1,1,1,2,0,0.3572182284269721,1.1292289192427862,0.34323462834077273
1710,0,1,0,0,0,1,0,1,2,0,1,0,0,0,0,1,1,1,2,2,-0.31421655071733817,-1.393924423729565,0.47599797165409186
1711,0,1,0,1,0,2,0,0,1,0,1,0,1,1,2,0,1,1,2,1,0.37654374590916845,-0.3693277720149668,0.8008254888894012
1712,0,1,1,0,0,0,0,0,1,0,0,1,2,0,0,1,1,1,1,1,0.6389036111254437,-1.0702153529658005,-1.35374571693795
1713,1,0,1,0,0,1,0,1,1,2,0,0,0,1,1,0,0,0,0,2,-0.7394130867794271,-0.3231140168355436,1.7206710145269242
1714,0,2,1,0,0,0,1,2,1,1,1,0,0,1,0,0,1,2,0,1,1.487863510791041,-3.111143128207635,-0.010708122803548381
1715,1,1,0,0,1,0,0,2,0,0,1,1,1,0,1,0,0,1,2,2,1.6010793379290222,0.8590891232280284,0.11561845869741871
1716,1,1,0,0,0,0,0,0,1,0,0,0,0,0,0,0,0,1,1,2,-0.5021727112838758,-0.44909677629806805,0.18514476711179317
1717,0,2,1,0,0,0,0,0,2,0,1,0,0,0,0,2,1,1,0,2,0.2511498023336841,1.3590489697972368,0.5111430320325009
1718,0,1,1,0,0,2,0,1,1,1,0,0,1,1,1,1,0,1,0,1,-0.7024862469480654,-1.6868078634742734,-0.9311746457186552
1719,1,2,2,2,0,0,0,1,0,0,0,0,1,0,1,0,2,0,1,1,0.5811469278824836,-0.3468757929386899,-0.18677226066035701
1720,0,2,1,0,1,2,0,1,1,0,2,0,0,0,1,2,0,0,0,2,1.2064628546889251,1.9736266894126686,0.48068980514891657
1721,1,0,1,0,1,0,0,1,1,1,1,0,0,1,0,0,1,0,0,1,0.5483021727098725,1.0831602844697878,0.12264979517212371
1722,1,1,1,0,0,1,1,0,1,0,1,1,0,0,0,1,1,0,1,2,1.5583960632073894,-0.8310565692584592,1.1267617562991958
1723,1,1,0,1,1,1,0,1,1,0,2,1,0,1,0,0,1,0,2,1,1.7758228994441971,0.5739508973135566,0.17952729001638956
1724,0,1,2,0,0,1,0,2,0,0,0,0,1,0,0,0,1,0,0,1,0.4021219152463302,-0.2654176980204848,-0.487323205086954
1725,1,0,0,0,1,1,0,0,1,0,0,0,1,0,0,1,2,0,2,1,-0.6629785996379159,-0.458455814931119,-0.32573221735793295
1726,1,2,0,0,1,2,0,1,0,1,0,0,2,0,0,0,1,2,0,1,-0.4611054332306572,-0.6177043519874695,0.614523633977718
1727,1,1,1,0,0,0,0,0,1,0,0,2,0,0,1,0,0,1,0,1,-1.2918441060137513,-0.4254219029704023,-0.9325906044476321
1728,1,1,1,0,0,0,0,0,0,0,0,0,1,0,1,1,0,0,0,1,-1.6504619163153396,-1.070013896148201,-2.282021741873452
1729,0,1,1,1,0,0,1,1,0,0,2,1,0,0,0,0,2,0,0,1,-0.1356852323068012,0.13425873962572848,-0.5066937209650405
1730,1,0,0,0,0,1,0,2,0,1,1,0,0,1,0,1,1,1,0,2,0.12473131798155791,-1.1463435379672455,1.7950785084021812
1731,0,1,1,0,1,0,0,2,0,1,0,0,0,1,0,1,1,0,0,2,-0.2153437871518969,0.2169707487477086,0.8522151989801295
1732,1,0,1,0,0,0,0,1,1,0,0,1,0,1,0,1,1,1,2,1,0.9492484204042957,0.3798149348393916,0.2229282044132404
1733,1,1,1,1,1,0,0,1,1,0,0,0,1,1,1,1,0,1,1,0,-0.49340632450889155,0.3465725400314932,-2.055076400918737
1734,0,0,0,0,0,2,0,1,1,0,0,1,0,1,1,0,1,1,0,2,-1.1454844229328847,1.0379818311620963,0.48545759116568565
1735,1,1,0,1,1,0,1,2,2,0,0,0,0,0,1,1,2,0,1,1,-0.5413544714547771,-0.21937491652659336,-0.521043980573015
1736,1,1,1,1,1,0,0,2,2,0,0,1,0,0,0,0,0,1,1,1,1.1521684321242769,2.041480771147346,2.085724053746051
1737,2,0,0,1,0,1,0,0,0,0,0,0,0,1,0,0,2,2,0,2,-1.0124183807570013,0.33817578455183606,-2.3622619692972138
1738,1,2,0,1,1,1,0,2,1,1,0,0,0,0,0,0,0,0,2,1,1.9993175131175351,1.5802591600676963,1.8347579215259349
1739,0,0,0,0,0,2,0,0,2,0,1,1,0,0,0,1,0,2,0,2,-0.9898457383889318,-0.9393411970933732,-0.2257995454755481
1740,2,2,0,1,0,0,1,0,2,0,0,0,0,0,2,1,0,1,1,0,-0.4273023954374584,0.40124989024826724,0.052127259205955026
1741,2,1,1,0,0,2,0,0,0,0,0,0,0,0,2,0,0,0,0,1,1.375531941088403,1.8513911050242475,2.893648194171214
1742,1,1,1,0,0,0,0,0,1,1,1,0,0,1,0,1,1,1,1,1,1.0958565724056435,0.7756536875990931,0.9383193047314202
1743,1,1,1,0,0,1,0,0,2,0,0,0,0,0,0,1,1,0,1,0,-0.43933424400572535,-1.651816098791635,1.4876204239608222
1744,1,2,0,2,1,1,0,0,0,1,0,0,1,0,0,0,2,1,0,1,-0.7339517982581597,-0.3008386076262517,-0.2389602290906033
1745,1,1,1,0,0,0,0,1,1,2,0,0,0,0,0,0,2,0,0,0,-0.31496651634377343,0.33450709973109394,0.08069445425886645
1746,1,1,2,0,1,1,1,1,2,0,1,0,0,1,1,0,0,1,1,1,1.8031862706451323,0.47487269057547477,2.356580608584956
1747,2,2,1,1,1,1,0,0,1,1,0,0,0,0,1,2,1,1,0,2,1.438714250392342,0.07900153795040854,0.9430295465919505
1748,1,0,0,1,1,1,0,1,2,1,0,0,0,2,0,1,1,1,0,1,-0.05188421035137118,0.8485288085484782,0.5554692062437443
1749,0,0,0,0,0,1,0,1,1,1,0,0,0,2,0,0,1,1,1,0,-0.22343115700275565,0.2069508415920878,-0.25095711677842836
1750,0,0,0,0,1,0,0,0,0,2,1,0,0,0,1,1,1,0,2,2,-0.8113639886664258,-1.14873672708592,0.6465503962660869
1751,0,0,1,0,2,2,0,1,0,0,0,1,1,2,0,1,2,2,1,1,2.286835648534659,0.6634358801825291,2.5588872272511214
1752,1,0,1,1,1,1,0,1,1,1,0,2,1,1,1,1,0,1,0,1,0.25634197940766634,2.180026149713028,1.2800441370394542
1753,0,1,2,1,0,0,0,0,0,0,2,0,0,0,0,0,0,0,1,0,0.06748426001122212,0.5482001726751945,0.5199327880077838
1754,0,0,1,0,1,1,0,2,1,0,0,1,0,0,1,0,1,2,2,1,0.008695437715871536,-1.3999774658433248,1.9917691048632764
1755,1,2,1,1,0,1,0,0,1,1,1,0,1,0,0,0,0,0,0,2,-1.5730001082298213,-0.3666211761680974,0.7207731093194713
1756,2,0,0,1,0,0,0,0,0,1,1,0,0,1,0,1,2,0,0,2,0.04951663193563789,-0.8872405831356388,0.44311231158944053
1757,0,1,1,0,1,0,0,0,0,1,0,0,1,2,1,0,0,1,0,1,0.2766300735583576,1.8532428541151214,1.0730936298520106
1758,1,0,1,0,0,0,0,1,1,1,0,0,1,1,0,0,1,2,0,1,-0.414819433040746,0.02685468808981656,-1.2920993880886944
1759,2,1,1,1,1,1,0,1,1,0,1,0,0,2,2,0,0,1,2,0,1.062672522455363,-2.6424857920015277,1.7759177532421455
1760,1,2,1,0,1,1,0,1,2,1,0,1,2,0,1,1,2,1,0,1,1.4794658066864312,0.7897673974193473,2.0051066608121175
1761,0,1,0,0,1,2,0,0,1,2,1,0,1,0,0,1,0,1,1,0,-0.8332723952472739,-0.4158609070697067,-0.1071631536294741
1762,1,0,0,0,1,1,0,1,1,0,0,1,0,1,0,1,0,0,2,1,-0.06846366289117052,-1.0368515043669022,0.5648325357186513
1763,0,1,0,1,0,1,1,1,0,1,1,0,0,2,0,1,1,1,1,1,1.3810346256305448,0.8799915921963806,-0.06882609415223029
1764,1,2,1,0,1,1,0,1,0,1,1,1,1,1,1,1,0,1,0,1,0.5709676498958741,2.818693438304289,3.481046403006076
1765,0,2,1,0,2,2,1,0,1,2,0,0,0,0,0,1,1,1,2,1,1.6388574434587315,-1.7623826393546682,-0.7992267414852092
1766,0,2,0,0,0,1,0,0,0,0,0,1,1,0,0,0,0,2,0,1,-0.21284966279262094,0.34552952411562055,-0.15548950745082823
1767,1,2,1,0,0,1,0,1,0,1,0,0,0,1,1,1,1,0,1,1,0.37744202745008576,0.1466914516404776,2.619444272082767
1768,2,1,0,1,0,2,0,1,1,0,0,0,0,1,1,1,1,1,1,0,-2.1866355637151806,-1.691310085587357,-0.2404053161773202
1769,0,0,2,0,1,0,0,1,0,0,1,0,0,0,0,0,2,2,1,0,0.5450907781521462,-1.274845258469339,-0.22982830829416787
1770,1,1,0,0,0,1,0,0,1,0,1,0,0,0,0,1,2,0,0,1,-0.8635042216569807,-0.5193734117925981,-0.946170666800743
1771,1,2,2,0,2,0,0,0,1,1,2,0,0,0,1,0,1,1,0,0,0.42310220295524475,0.4018006058681113,3.4040415431160342
1772,1,1,1,2,1,0,0,1,2,1,1,0,0,0,0,0,1,1,0,1,0.4129048135431262,1.0876682059826992,1.422591824086969
1773,1,0,1,0,1,2,0,1,1,0,0,0,1,0,0,0,1,2,0,1,0.1816512734800169,-1.0262692756942038,-0.6834306092894735
1774,0,2,0,1,1,2,0,2,1,0,0,0,0,0,1,1,1,1,1,0,-0.16853960263722584,0.5421104227878167,0.0712886381234845
1775,0,0,0,0,1,2,0,0,2,0,0,0,0,0,1,2,0,1,1,2,-1.7456304310230426,-1.3121463054383,-0.818685586568279
1776,0,1,1,1,0,1,0,2,1,0,0,0,0,1,0,0,1,0,1,1,0.3442369967762687,-1.1626025956337158,1.8639687435978611
1777,1,2,0,0,1,1,0,2,1,1,0,2,1,1,1,0,0,0,1,1,0.7095516738013569,0.33613444396193787,1.5480342772260283
1778,1,1,1,0,0,1,0,0,1,0,0,0,0,0,0,0,0,2,1,2,1.3263339525628197,0.8654004798459282,-0.4683204291351639
1779,0,1,0,0,0,1,0,2,0,1,1,0,1,0,2,0,1,1,0,1,0.030143807540082466,-0.789831019243443,-0.08291823192910386
1780,1,1,2,1,0,1,0,2,1,0,0,1,1,0,1,0,2,1,1,2,0.2874916481053211,1.3125272671519541,-0.6282044840823119
1781,1,0,1,0,0,1,0,1,1,0,1,0,0,1,1,2,1,0,1,0,-1.309843674630226,0.5229724829151582,-1.4231443803458235
1782,2,2,0,0,0,1,0,2,0,0,2,0,1,0,1,1,2,0,2,1,-2.102838162435239,1.0671541487339793,1.4005889013774147
1783,2,0,1,0,0,1,0,1,1,1,0,0,0,1,1,0,2,1,1,1,-0.0600391996233094,-1.1609326418841244,-0.33458842988901627
1784,0,2,2,0,0,0,0,1,0,0,1,1,1,1,0,1,1,1,1,1,0.17819361548269094,0.05398026973283726,-0.7597585346107902
1785,1,0,0,0,1,0,0,1,2,1,0,2,1,0,1,1,1,1,0,1,-0.9392200481700744,-0.26885811287272565,-0.533141856556915
1786,2,2,0,0,1,1,0,1,0,1,0,0,0,0,0,0,1,2,0,2,0.10691047737923634,0.8826789887474157,0.5730209084705864
1787,2,2,0,0,0,1,0,0,0,0,0,1,1,0,0,1,1,1,1,1,-0.7176531846322356,0.7868607947467091,-0.0722499308774958
1788,0,1,0,0,0,0,0,0,2,0,1,0,0,2,0,0,1,0,1,1,-0.24154588509283045,0.05986538924114765,-1.4824417569519055
1789,1,2,0,1,0,2,0,1,1,1,1,0,1,0,0,0,1,2,0,2,0.5702462250485877,-0.312477448403902,-0.3732017182858961
1790,0,1,0,0,0,0,0,1,0,0,0,0,0,0,0,0,1,1,2,2,0.5204996606084047,0.536823577960624,1.3856221061345881
1791,1,2,2,1,0,1,0,0,2,1,1,1,0,1,0,0,0,0,0,2,-1.5087830051320394,0.1137373606978902,0.1370548627562891
1792,1,1,0,1,1,1,0,2,2,0,0,0,0,1,1,0,1,0,1,2,0.784683860873192,-0.7902250073383048,1.422492314568897
1793,0,1,0,0,0,0,0,0,0,1,0,0,1,1,0,1,1,1,0,1,-0.029284418299003915,0.1474611573304465,-0.1695808856816799
1794,0,2,1,0,0,1,0,1,0,0,0,0,0,0,1,1,0,1,0,0,-0.39372649655589803,-1.198643124006932,-0.2650933239572763
1795,1,0,1,1,0,1,0,1,1,0,0,0,0,0,1,1,1,2,1,2,-0.19339139497312796,-0.2304962233794583,-1.418511316122273
1796,1,2,1,0,0,1,0,2,0,0,1,1,0,1,0,0,0,0,1,2,0.21275420212527218,0.26069038618775014,-0.22825621613157926
1797,1,1,1,0,0,0,1,1,1,1,0,0,0,1,1,0,0,1,1,1,-0.7257629107444816,-0.04487828662133703,-0.8311085641142293
1798,1,1,1,0,1,2,0,2,1,1,0,0,0,1,0,0,2,2,2,2,1.9343531581619193,-0.2900933237532094,1.4410239620635852
1799,0,0,0,0,0,2,0,0,1,0,0,2,0,0,1,0,2,1,1,0,-0.028679261188558586,1.6896927967185653,1.4555441386907328
1800,1,1,1,0,0,1,0,2,1,0,1,0,1,0,0,0,1,0,1,2,-0.026467783236696983,-0.35322483862888443,-0.6496631372740509
1801,1,2,2,0,1,0,0,0,1,0,0,1,1,0,2,1,2,0,2,0,-0.3681101834509232,-0.6696922340329925,-0.08481505432013126
1802,1,1,1,1,0,2,0,2,2,1,1,1,0,1,1,1,1,1,2,1,-0.6544403739475584,-1.7461013797150653,-0.26921667744499256
1803,0,1,0,2,1,1,0,1,0,1,0,0,0,0,0,1,1,1,1,1,0.9871202674484197,-0.36956150893588463,0.5035931598553267
1804,1,1,1,0,0,0,0,0,0,0,0,0,0,2,0,1,2,1,1,1,-1.3948698367697008,0.16128681434508946,-2.2725356218372843
1805,1,0,1,0,0,2,0,0,0,0,0,0,0,2,0,0,1,1,2,0,0.15501788681248171,1.3308631703442957,0.10129435459284886
1806,1,1,2,0,0,0,0,1,1,0,0,0,1,1,0,2,1,0,1,1,0.7768391720881783,2.673679808364815,1.94103616490568
1807,0,1,2,1,0,2,0,2,0,0,1,0,0,0,0,0,1,2,0,1,0.2650592784575794,-0.27321861108073986,-1.1606322011298915
1808,0,2,0,2,0,0,0,0,2,1,0,1,0,1,0,0,0,2,1,0,-2.0000731520249326,-0.39472337911072886,-1.9366534513008895
1809,0,2,1,1,1,0,0,0,1,1,0,1,1,0,0,0,1,1,0,1,-1.109656092954984,-0.4972863693073043,-1.345842747208405
1810,0,0,1,0,0,1,0,1,1,1,1,1,0,1,0,0,1,0,1,2,-0.8050174531898028,0.32824005203557094,-1.5736990650670433
1811,0,1,1,0,0,1,0,0,0,0,0,0,0,0,0,0,1,0,1,2,-0.6591359789228068,-0.9445176226986015,-0.39258388840316044
1812,0,1,2,0,2,2,1,1,1,1,0,0,0,0,0,1,1,0,0,1,0.6810548740817669,0.45058502151856067,1.3148981224650922
1813,1,1,1,0,2,1,0,2,1,2,0,1,0,2,2,0,1,1,0,2,-0.1467518274453988,0.9731928186326421,0.015443998638099476
1814,1,1,0,0,0,1,0,1,0,0,0,0,0,1,2,2,2,0,1,1,-2.927279997238935,0.45736572483591054,0.07111831653100609
1815,1,0,1,0,1,0,0,2,0,0,0,1,0,0,0,0,0,1,0,1,1.0649659873421424,0.28724748838755054,0.17042614081119994
1816,1,1,2,0,0,1,0,2,1,0,0,0,1,0,1,1,1,2,0,1,-0.19408941058442386,-0.22688037673987493,-0.5352242414536791
1817,2,0,1,0,0,2,1,1,1,1,0,0,1,0,0,0,2,0,0,2,0.8545552926307451,-1.0008496925915813,1.9366096498789278
1818,1,0,1,1,0,2,0,1,0,0,0,0,1,1,0,2,1,0,0,2,-0.705634202106401,0.7979093507032385,-0.7419687598073307
1819,0,1,0,0,0,0,0,1,0,0,0,0,0,1,0,1,0,2,1,0,-0.04493732640177395,0.06406071648183913,0.1642916436030333
1820,0,1,2,0,1,0,0,0,1,0,0,0,0,0,2,0,0,2,1,1,0.08455127985906319,-0.16851792085976172,0.18295580076346746
1821,0,0,1,0,0,1,0,1,1,2,1,0,1,0,0,2,1,0,1,0,-1.2498726524323929,-1.4953285612338645,-0.8368611345803006
1822,2,0,1,1,0,2,0,1,1,0,1,0,0,0,0,1,2,0,0,2,-1.2187028254568326,-1.5957823279039636,-0.7540126505229842
1823,1,2,1,0,0,1,0,1,0,0,0,1,0,0,0,1,1,1,1,0,-1.053462389447343,-0.3010234282146327,-0.8145844655439409
1824,2,2,1,0,1,2,0,1,1,0,1,0,0,1,0,0,1,2,1,1,-2.1728998549679335,-1.2181031827923265,-1.1891701150759009
1825,0,1,2,0,0,0,0,2,0,2,1,0,1,0,1,1,0,1,0,0,-0.5303337705860399,1.1467370618582378,0.5722078760521255
1826,0,1,2,0,1,1,0,0,1,1,0,0,0,0,0,2,2,1,1,1,1.1305041179848985,-1.3801279861548315,-0.9411090594671692
1827,0,1,1,1,0,1,0,1,0,0,0,0,1,1,2,1,1,0,1,0,-0.6303636241371562,0.4289612225364602,-1.0935209026005899
1828,0,1,0,1,0,0,0,1,0,0,0,2,1,1,1,0,1,1,1,0,-0.3133132833692176,-0.3041830330059826,-0.9819747506639553
1829,0,1,1,0,1,0,0,0,0,2,0,0,1,0,1,1,1,2,1,1,-0.07221692548088131,-0.6210908090187343,-1.9477007325164497
1830,0,2,1,1,0,0,0,1,0,0,1,1,0,0,0,0,1,1,1,0,-1.3314204127198812,-0.5802936502965779,0.5698222833051212
1831,0,1,0,0,0,1,0,1,0,1,0,0,1,0,0,1,2,1,0,1,-1.2463949323725598,2.1368073983952662,3.7073509844340684
1832,1,0,2,0,0,2,0,0,0,1,1,1,0,0,0,0,0,1,1,1,-0.41340816444421785,0.15641885264278454,-1.2915815670261561
1833,1,0,1,0,0,0,0,2,0,0,0,0,0,0,1,1,1,1,1,2,0.9810035103847088,0.8689057289104993,-0.09257756761870295
1834,0,0,1,0,1,1,0,1,0,1,1,1,0,0,1,0,1,1,0,2,0.49972420468408074,-0.43160157657925197,-1.5098704103057197
1835,1,1,0,0,0,0,0,0,1,1,1,1,0,1,0,0,0,2,2,0,0.8745279863675709,1.1317470331433865,2.067045580977154
1836,0,0,0,0,0,0,0,1,1,0,0,0,0,1,1,1,2,1,0,0,0.8771155022457908,0.1977578926194459,0.39532759084309926
1837,2,1,1,0,0,2,0,2,1,0,1,0,0,1,0,1,0,0,1,0,2.451139010572562,0.3942788629002484,1.4950336959166277
1838,1,1,1,0,0,1,0,0,1,0,1,0,0,2,0,1,1,1,2,1,-1.9140814786904743,-2.0952335000261235,-0.9339280114065555
1839,0,1,1,0,0,1,0,1,1,0,0,0,1,1,0,1,1,1,1,1,-1.650927121044036,-1.3480590862164576,-2.31762508989302
1840,1,0,0,0,0,0,0,0,1,0,1,0,0,1,0,1,1,2,1,0,0.9372327607395039,0.44795964796901155,-0.766895143336372
1841,1,1,1,0,1,2,0,1,0,1,0,0,1,0,0,2,2,0,0,0,0.31062045364736673,-0.3916834088362858,0.8663452807942559
1842,0,0,1,0,1,1,0,1,1,1,1,2,0,0,2,0,0,2,1,0,-0.6942256225765021,-0.22990034653600455,-0.0411420626924045
1843,0,1,1,0,0,1,0,2,1,2,0,1,1,0,1,1,1,0,0,0,-0.12335000662705932,-2.56465213412458,1.850247443589361
1844,1,2,2,1,1,2,0,1,1,0,0,2,1,0,0,2,1,1,1,1,0.979243956828411,0.8142803845587934,1.0059825095566834
1845,0,0,1,0,0,2,0,2,1,0,1,0,1,0,0,0,1,1,0,1,-0.4017010939987197,0.5199791265374092,1.8366999086751299
1846,0,2,1,0,1,1,0,0,2,0,1,1,0,0,1,0,1,0,1,1,0.416468093042202,-0.27937193179539865,2.2122775925923452
1847,1,2,1,0,0,0,0,0,0,0,0,1,0,1,1,2,0,1,0,1,0.18975122296904556,1.356883883175875,0.008081527337190475
1848,1,0,0,0,0,1,0,1,0,0,0,2,1,0,0,1,1,0,1,1,-0.4014643440711897,-0.6449191204119524,0.6763448039471064
1849,1,0,1,1,0,0,0,1,0,1,1,1,0,0,2,0,1,1,0,2,-0.18407329912979187,1.3017144145484187,-0.25173430595971136
1850,0,2,0,0,0,0,0,0,1,2,0,1,0,0,0,1,0,1,1,2,-0.18644438324488347,-0.39390994252340017,0.6807946113708185
1851,0,1,1,0,0,0,0,1,1,0,0,1,1,1,0,1,0,1,0,0,-0.9434996278660229,-0.21621558069617577,-1.8245551054468
1852,1,1,0,0,1,1,0,0,1,1,0,0,0,0,0,1,0,1,1,0,0.16537051034748199,0.6627521168216324,-3.7100275329838324
1853,1,1,0,0,0,2,0,0,1,1,0,1,0,1,1,1,0,0,1,1,0.05352818023696785,0.09046802729442296,0.1515983130495361
1854,0,1,0,0,0,1,0,0,1,0,0,1,0,1,2,1,1,0,1,1,-1.7101340705961987,0.8811206260111488,-1.2085732310136514
1855,0,1,1,1,0,2,0,1,1,0,1,1,1,0,0,0,0,1,0,1,0.07996659123747625,0.651459543475826,-0.21393850225910094
1856,0,1,1,0,1,2,0,2,1,1,0,1,0,0,0,0,2,1,0,0,-1.7608914504777664,0.2625770163845141,-0.4571793831958425
1857,1,2,1,1,1,2,1,1,0,0,1,0,0,0,1,0,1,0,1,2,-0.9579078981018228,-0.9058641783278836,-2.0967263861769823
1858,1,1,0,0,1,2,0,0,0,0,0,0,0,0,0,1,2,0,0,1,-1.757014992689319,0.2827505712495596,0.9794792820157185
1859,0,1,0,2,0,0,0,1,2,2,1,1,0,0,1,0,1,1,1,0,0.7624297186036786,-0.3086274009572645,2.174612037453656
1860,1,1,0,0,1,0,1,1,0,0,0,2,0,1,1,0,1,1,0,2,0.564531065759512,2.127719108781712,2.1754799333130106
1861,1,1,1,1,0,0,0,1,1,0,0,2,2,0,0,0,1,2,0,0,-0.09526196795639771,-0.13358251982132727,0.870703949808767
1862,0,1,1,0,0,0,0,2,1,0,0,1,1,0,0,0,1,1,2,2,0.3530979120188813,1.2857310649846991,0.5204466262303095
1863,1,1,1,0,1,2,0,1,2,0,0,0,0,1,0,0,2,0,1,1,-0.4930974461682444,0.2553510589560016,0.8537691798097113
1864,1,0,2,0,0,2,0,2,0,0,0,0,1,1,1,1,2,0,0,0,-2.365400442914308,-0.5616618187390421,0.15663198706523307
1865,0,1,1,2,0,0,0,1,1,0,0,0,1,0,0,0,2,0,1,2,-0.934045609511191,-0.46685928931940157,-1.7183015340949772
1866,1,1,2,0,0,1,1,2,0,0,1,0,0,0,2,1,0,0,0,2,0.35273144948285295,1.2419936295110676,1.4216963301083942
1867,1,1,1,0,0,2,0,1,0,1,0,1,0,0,1,2,1,1,1,0,-0.6536452235599062,0.10673788626286886,-0.5683062957563907
1868,1,1,1,0,0,1,0,0,1,0,0,1,0,0,1,0,1,1,1,1,-1.4883100001569036,0.848672421971089,0.03275734945086922
1869,0,2,2,0,0,0,0,2,0,0,0,0,0,1,1,2,0,0,1,0,0.8139227873327359,0.9532220575879664,-0.15907535768676517
1870,0,2,2,0,1,1,0,0,0,1,1,0,1,1,2,1,0,1,2,1,-1.9824677809064684,-1.3068843488453106,-1.3193380317026249
1871,0,1,2,0,0,1,0,1,1,0,0,0,1,0,0,0,0,1,2,1,1.1881194987847923,-0.8402427692078537,1.9300154078250136
1872,0,1,0,1,0,0,0,2,1,1,0,1,0,0,0,0,1,0,2,1,-0.2707183077247996,-0.7372189169055136,0.23811483565179148
1873,0,1,0,0,1,1,0,1,1,0,0,0,0,0,0,0,0,1,1,1,-1.5197606723795432,0.6592447941334334,-0.3015636397387653
1874,0,1,1,0,0,1,0,1,2,0,0,1,1,1,0,2,1,1,1,1,1.178600942883146,-0.032693140249693275,0.20657781004125492
1875,1,0,1,0,1,1,0,0,0,1,0,1,0,0,0,0,0,1,0,1,1.2665731848109527,0.4477195450741238,2.3985828257221407
1876,0,0,1,0,1,0,1,0,1,0,0,0,0,0,1,0,1,0,1,2,-1.8016345328743064,-0.7726669128512877,-0.9586697688014971
1877,1,0,2,0,0,1,0,0,1,2,2,0,1,1,0,0,1,1,0,1,1.9268687845620713,-1.2126353276413626,0.4061612885690826
1878,1,1,1,0,0,1,1,0,1,0,1,0,0,0,0,1,1,2,1,2,0.5289123430881743,0.5165730279302354,1.4401178106608121
1879,1,0,1,0,0,2,0,2,1,0,1,0,1,0,1,0,1,0,1,1,2.0778626218898393,1.6478953511153795,2.246463006115179
1880,0,1,0,0,0,0,1,1,2,1,0,0,1,0,0,1,1,1,1,2,0.09678394876034184,-0.2695723367537451,-0.6917360431228984
1881,0,1,0,0,0,1,1,2,0,1,0,1,0,0,0,1,1,0,0,1,-0.2987187743932614,1.0306254728139825,1.3282061923088233
1882,0,1,0,2,0,0,0,0,0,0,0,1,0,0,0,0,1,0,0,0,0.6719650684934322,0.6877943394815326,1.2460762997675858
1883,1,0,1,0,0,1,0,0,1,0,0,1,0,1,0,1,0,1,0,1,1.0300458069611167,-1.8043322160843296,-0.06721301586947176
1884,0,0,0,0,0,0,0,2,1,2,0,0,0,1,0,0,1,0,1,1,-0.4999526264238736,-0.08426537365598184,-0.5677860352480464
1885,0,1,0,0,1,2,0,2,0,1,0,0,0,0,1,0,0,0,0,1,-0.015003713994993482,-0.010648984660813376,1.3587775235225654
1886,0,0,1,0,0,1,0,1,0,0,1,0,0,1,1,1,1,1,1,1,-0.39984380481570536,-0.6388106130313235,-0.23511768975776653
1887,2,1,0,0,0,2,1,1,1,0,0,0,0,1,1,0,0,1,2,0,-0.6370213366523566,-0.1583774451842545,-0.8067220591591912
1888,2,1,0,0,0,1,0,0,1,1,1,0,0,0,0,1,0,1,0,0,0.3974367462188739,-0.39985618425133246,-0.31554665838607066
1889,1,1,2,0,1,1,0,2,1,0,1,0,0,0,1,1,1,0,0,2,-1.5785727298213936,0.4177047260136925,-1.180377749067346
1890,1,2,0,0,0,0,0,1,0,0,1,1,0,0,1,1,1,1,1,1,0.04038437085616413,0.7370345215880247,-0.4812233330398467
1891,0,1,2,0,1,0,0,0,1,2,1,0,0,0,0,1,0,1,0,0,1.475875180985566,-0.317557444162214,3.3227233206322495
1892,1,1,1,0,1,1,0,0,1,1,1,0,0,0,1,0,0,1,1,1,-1.7023483948542735,-0.7904384272266407,-1.866744544184174
1893,1,1,1,1,0,1,0,1,0,1,0,0,0,2,1,0,0,1,0,1,0.10064491841516374,1.1928354954611895,-2.172265568708093
1894,1,2,0,0,0,1,0,1,0,0,1,1,0,0,1,1,1,0,1,1,0.95686024155468,-1.2459163844145957,-0.8284407381552505
1895,1,0,0,1,2,1,0,0,1,0,0,0,1,1,1,2,0,1,1,2,-0.1930131909892259,-0.42515255590626955,-1.4028741112243204
1896,0,1,2,0,0,2,0,2,1,1,0,0,0,2,1,1,1,2,0,1,-1.6950184671466044,-0.7662811587346581,-0.499751056548923
1897,1,0,2,0,0,0,0,2,0,1,1,0,0,0,1,1,1,1,0,2,0.7174600277472588,-0.8695625590688355,-0.21485054169459025
1898,1,1,1,0,0,1,0,2,0,0,1,1,0,1,0,1,0,0,1,2,-0.6770306276476874,0.9950196979806705,-0.553412716189888
1899,1,1,2,0,0,1,1,2,1,0,0,0,0,1,0,1,1,1,1,1,0.8182186214002034,0.3330672748753746,1.2321128243924768
1900,1,1,1,0,2,0,1,1,1,0,0,1,1,0,2,0,2,2,2,1,-1.491230326192152,-0.15773935157872493,-1.7266109474858917
1901,0,0,0,0,0,0,0,1,0,1,0,0,1,2,0,0,1,0,0,0,1.134738403251841,2.017398013930493,1.3481130037183582
1902,1,0,0,0,0,1,0,1,1,1,0,1,0,1,0,1,2,1,1,0,-1.9791344046508026,-1.5491410450113183,-0.8230702914927521
1903,0,2,0,1,1,0,1,0,0,0,0,1,1,0,1,0,1,1,0,2,0.5010422796875336,-2.165304837098098,1.8637253473067183
1904,0,0,2,0,0,0,0,1,1,0,0,0,1,0,0,0,0,0,0,1,-0.5065778727122618,-1.5010174470023974,-1.1556342233026093
1905,0,1,0,0,1,1,0,2,0,0,0,0,1,0,0,1,1,1,0,2,0.5947461745319984,-0.28728482472166444,-1.5704059078450023
1906,0,0,1,1,0,2,0,2,1,1,0,0,0,0,0,2,0,2,1,2,0.2633691612183246,0.6560027880268929,-0.2576870315703981
1907,0,1,1,0,1,1,0,0,0,1,0,0,0,0,0,0,1,1,2,2,-0.6888758316119181,-0.881314344603519,-0.6480420598698265
1908,0,0,2,0,0,0,0,0,1,0,1,0,0,0,1,1,2,1,0,1,0.23997205085062992,-0.8713309199995549,-0.4713799795589004
1909,0,1,1,0,0,2,0,1,1,1,1,0,1,1,0,0,2,0,2,1,-0.186819445211349,0.5432720740985719,0.3467853574775773
1910,1,2,0,1,1,0,0,1,1,0,0,0,1,0,2,0,0,0,0,1,0.10443399021590914,0.6169104999626353,-0.017461810691297597
1911,1,0,1,0,0,1,0,0,0,0,0,1,0,0,1,1,1,0,0,0,-1.4325554493979888,0.8994762573149794,0.10532096256873064
1912,0,2,0,1,1,2,0,0,1,0,1,0,0,0,0,2,0,0,0,1,0.9123436629388868,1.4956082465055545,2.289904323360402
1913,2,2,0,0,0,2,0,1,2,1,0,1,0,2,2,0,2,0,1,2,0.37881568913901686,-0.2795875966010868,0.4320171065053949
1914,1,0,0,0,0,0,0,1,1,0,0,1,0,0,0,2,1,1,0,1,-0.5375205942120761,-2.1292075756412263,-0.8465529371795758
1915,1,1,0,1,0,0,0,1,2,1,0,0,1,0,0,1,1,1,1,0,1.567349343817397,1.0591751447772282,-0.005725333550519407
1916,0,0,0,0,0,1,0,0,0,1,1,0,1,0,2,0,1,2,0,0,0.8338765598829694,1.5056565222022444,0.4077977423336344
1917,1,2,1,0,0,2,0,1,1,0,1,0,0,0,0,0,1,0,1,0,1.9679437488534621,1.303903351256835,0.022246553011554315
1918,0,1,2,1,1,0,0,2,0,2,0,0,0,0,0,1,0,0,0,1,-2.344358761196845,-1.3254868129855641,-1.5145696121614374
1919,0,0,0,0,0,1,0,0,0,1,0,0,0,1,1,0,2,1,0,1,0.10774253535743634,-2.1530294963258725,1.4064116196059584
1920,0,1,0,0,1,0,0,0,0,0,1,0,1,0,2,1,1,1,1,1,0.33141407369648423,-0.9029375223594786,0.12626181609714462
1921,1,0,1,1,1,0,0,0,1,0,0,1,0,0,0,1,1,1,1,1,-2.971786173518502,-1.2073498814191346,-2.0481839954829355
1922,1,1,0,0,0,0,0,1,1,0,0,0,0,1,0,0,1,0,0,1,0.10648747584464265,-0.7179430318067946,-0.23894792893891326
1923,0,2,0,0,0,1,0,1,1,0,1,0,0,1,1,0,1,0,0,0,-0.989758864296322,0.5559169178368051,0.540312425028982
1924,1,1,0,0,0,0,0,1,0,1,0,0,1,1,0,0,1,0,2,1,0.005046749779427894,0.3094477317322345,-0.20901840731494492
1925,0,1,1,1,0,2,0,2,1,1,0,0,0,0,1,0,0,1,0,1,-0.4119207375048455,-1.1199671432197984,-1.7591273602752042
1926,0,2,1,0,0,2,0,2,0,0,1,0,0,0,0,1,1,0,1,2,1.1756830247754777,-0.633183629989928,2.0586307824731698
1927,1,1,0,0,0,1,0,2,2,0,0,0,0,0,1,2,1,0,1,1,-1.1031245710602544,-1.4398785897380226,0.4382064290070903
1928,2,1,2,0,0,2,1,0,1,1,1,0,0,0,0,0,1,0,2,1,0.6085403785254311,0.29712694017325936,0.7755871739441575
1929,0,1,1,1,0,2,1,2,1,2,1,1,0,0,0,2,0,1,0,2,1.334224080226225,0.4699399157706405,-0.011467811811779693
1930,1,0,0,0,0,1,0,1,0,1,1,1,0,1,1,1,1,2,1,1,0.32294813508857195,0.07616256988602271,-0.37551076060653
1931,1,0,1,0,0,2,0,2,1,0,0,0,1,1,1,1,2,1,1,1,2.4741806342225714,0.789248973194346,2.1077137358215285
1932,0,0,1,2,0,1,0,2,1,0,1,0,0,0,0,1,1,1,1,1,0.7449604664834478,-0.203591230242025,-0.29794349463004965
1933,2,1,2,1,1,2,0,0,1,1,1,1,0,1,0,0,1,0,0,1,0.4237878493635959,0.7031475206346977,1.311593635645618
1934,1,0,1,0,0,1,0,0,0,0,0,0,0,0,1,1,0,0,0,0,-0.15742396417562923,-1.0558909173244382,1.0165793920087374
1935,1,2,1,1,0,1,0,1,0,0,1,0,0,0,1,0,1,1,1,0,1.414360894851657,-0.3728305865385266,0.60576129272569
1936,1,1,1,0,2,0,0,0,0,0,0,0,0,1,1,0,1,2,0,0,-1.183251678135045,0.7337499600738697,-0.601183070222606
1937,1,0,0,0,1,1,0,1,1,0,1,0,0,1,0,0,1,0,1,1,1.8678330955288975,0.09910917294185281,1.4438029758301907
1938,0,0,0,0,2,1,0,2,1,1,0,0,1,0,0,0,1,1,1,2,1.7855192513345715,1.5259306302136766,2.80981411560399
1939,2,1,1,0,0,1,0,1,1,2,0,1,0,1,1,0,0,1,1,0,1.6915837644075395,2.4551769384667095,1.5349162489071493
1940,2,1,1,0,0,0,1,2,1,0,0,1,1,0,1,1,1,0,2,1,-0.0999202155931289,-0.8319511521588736,1.1759400173399501
1941,1,1,1,0,0,0,0,1,2,0,1,0,0,1,1,1,2,0,1,0,1.732547027427505,0.6493387025444997,0.4768500323591751
1942,2,1,0,1,0,1,0,1,1,1,0,0,0,0,1,1,0,1,1,0,0.4736778097605015,0.696591507140235,-2.0202224485423463
1943,1,1,1,0,1,0,0,1,0,0,0,0,1,0,2,0,2,0,0,0,-0.06584635039843513,-0.43953139700815835,-0.7222474369311245
1944,1,1,0,0,0,1,0,1,0,0,0,0,1,0,1,1,1,1,2,0,0.16216184900051003,0.2667878564745025,1.6750296177503277
1945,1,0,0,0,0,2,1,2,0,0,2,1,0,0,1,1,2,1,0,0,0.3122107062097834,0.7807554935418286,-1.8626484895094932
1946,1,1,2,0,0,2,0,2,0,0,0,0,0,2,0,0,1,1,0,1,-1.327606075332904,0.8528965990431343,-0.1237840398477156
1947,0,2,1,0,0,2,0,2,1,0,1,0,1,0,1,0,1,0,1,1,0.38735677624984416,0.17859106188315976,1.501480169909257
1948,1,2,0,1,0,0,0,1,0,0,1,1,1,1,1,2,2,1,1,2,-0.3397013260282742,2.179426450113981,-0.14163292699116425
1949,2,0,0,1,0,2,0,2,0,1,0,1,0,0,1,1,2,0,1,0,-1.3739974436463473,-0.0941651104256297,-2.1316062554128203
1950,0,1,1,0,0,2,0,1,2,1,0,0,0,0,0,1,0,1,0,2,-1.6269325342186958,-0.7365498661944662,-0.573131192329114
1951,0,1,1,2,1,1,0,0,1,1,0,0,1,0,1,1,1,1,0,0,-0.2537367032085429,-1.3120483576022017,1.2337726768710098
1952,0,0,2,0,0,1,0,2,1,0,0,1,1,0,0,1,1,1,1,1,0.4282552467015936,-0.7572076702824291,0.8442199862539358
1953,0,1,0,0,0,1,0,1,2,0,0,0,0,1,0,0,2,1,0,1,0.28438108552417474,0.4405102929679721,0.05384888479425154
1954,0,1,1,1,0,0,0,1,0,0,1,0,0,0,1,2,1,2,1,2,0.5663943491663419,1.680648699570325,2.229953539705336
1955,0,1,2,0,0,1,0,0,1,0,1,0,1,0,1,0,1,0,1,0,-0.42753699617239094,-0.9214203814694155,0.5544348163719577
1956,2,0,1,1,0,1,1,0,1,0,0,1,0,1,0,1,1,0,1,1,-0.5873561286098087,-0.08000206927744724,-0.7744799828832475
1957,1,2,1,0,1,1,0,1,0,0,0,0,1,0,0,1,1,1,1,1,-1.143711751631685,-0.643919343252237,0.6021412103071261
1958,2,0,1,0,0,0,0,1,1,0,0,0,1,0,0,1,1,2,0,2,-1.5146479660927237,-0.712252176661533,-1.4707983393630941
1959,1,1,0,0,0,1,0,0,2,0,1,0,1,0,0,0,2,1,0,0,0.5248559380989678,-0.49373601690336366,1.9281238448009064
1960,1,1,0,0,1,1,0,2,0,0,1,0,0,0,0,1,0,0,2,1,-1.05470412564241,1.955443998273431,0.9422550918864855
1961,1,1,1,0,0,2,0,1,0,0,0,0,0,0,1,1,1,0,0,1,-0.1846858536411097,-0.18656721572024418,-1.6545517427732763
1962,0,1,0,0,0,1,0,1,1,0,0,1,0,0,0,1,0,1,1,1,0.31687936240351416,-1.291690298602524,0.05093913997363317
1963,2,0,1,0,0,1,0,1,2,0,0,0,0,0,1,0,1,1,0,1,0.12980662355958175,0.04688467641082694,-0.7674388105415105
1964,1,1,0,0,1,0,0,1,0,0,0,1,1,1,0,1,0,0,0,0,0.8842182949166886,0.686316619930876,0.5848498141220512
1965,1,0,0,0,0,2,0,1,1,0,0,0,0,0,0,0,1,2,1,1,0.5992973818847482,0.1358347335766787,1.0406825185380304
1966,2,2,1,1,1,1,0,0,1,1,0,2,0,1,1,1,2,0,2,2,0.06595829992974625,1.208258027078074,1.0711087237171233
1967,0,1,0,1,0,1,0,2,0,2,1,0,1,0,0,0,1,1,1,1,-1.1994338023616353,-0.27579185199635337,-1.2071035426054113
1968,1,2,0,1,0,0,0,2,1,0,0,0,1,0,0,0,2,0,0,1,0.40412120167775745,-0.2651734595931611,0.7223937006401553
1969,1,1,0,0,0,1,0,0,1,0,0,1,1,1,0,0,1,0,0,1,1.069098750724168,0.6925971626967921,0.8818875803046304
1970,1,1,0,1,0,1,1,0,0,0,1,0,1,0,1,1,2,1,1,0,-2.0222666266877942,0.5537795977207018,1.8574910226398786
1971,1,0,1,0,1,0,0,0,1,0,0,1,0,1,1,0,1,1,0,1,-1.3821600825846476,-0.7961892859020375,0.12642633541281612
1972,1,1,1,0,1,1,0,1,0,0,1,0,0,0,1,1,1,1,1,2,0.10068467041018299,0.6531697835381672,1.3879759616248883
1973,0,0,0,1,1,1,0,1,0,1,0,0,1,0,1,1,2,1,1,0,-0.7484205079940317,-0.2117622781203644,-0.7430285966101151
1974,0,2,1,1,1,1,0,1,0,1,0,1,0,0,0,0,1,0,1,1,1.8864376030059067,-0.38803262144232176,1.14427292468074
1975,1,0,2,0,1,0,1,0,1,0,0,1,0,1,0,2,1,1,2,1,1.1635363617956296,1.2737797480820034,1.4047165397922527
1976,0,0,0,0,1,1,0,0,1,0,0,1,0,2,1,1,1,0,0,1,-0.10255094275628314,-0.45710051696611964,0.2968462010378514
1977,0,0,0,0,1,0,0,0,1,0,1,0,0,0,1,0,2,1,0,1,0.4720257835733278,-0.15253638540463915,-0.1659284103217815
1978,0,0,0,0,0,0,0,0,0,0,0,0,0,0,0,0,0,1,0,1,0.5090966156482737,-1.1107856989606764,-0.7974918591627917
1979,2,0,1,1,0,2,0,0,0,2,0,0,1,1,1,0,2,0,1,2,-0.7396169818094034,-0.5826026695875003,0.019720221832990492
1980,0,0,0,0,1,1,0,2,0,0,0,0,2,0,1,0,2,0,1,1,0.21603079221834748,1.5545219237791668,1.1810218031088247
1981,0,1,0,1,1,1,0,1,2,0,0,0,0,0,0,1,1,2,1,1,1.9704436747006078,0.5846516644470822,1.8356506173417517
1982,1,1,1,0,0,1,1,0,2,0,0,1,0,0,0,0,1,1,1,1,0.4641025871445889,-0.3022964539010048,-0.8672604867690259
1983,0,1,1,0,1,0,0,1,0,0,0,0,2,1,0,0,0,0,1,1,-1.216586305958288,1.4432473151303629,1.0234096024487969
1984,0,1,2,2,0,1,1,0,1,1,1,1,1,2,0,1,2,1,1,1,-0.19420297040691534,0.12218970588088646,-1.2129151336939599
1985,1,2,1,1,0,2,0,0,0,0,0,0,0,0,0,1,2,0,1,1,0.5062777301345804,0.1714480085497638,0.28310150540943346
1986,0,0,0,0,1,1,0,1,1,1,1,0,0,0,0,1,1,1,2,1,0.23347989269451355,-0.3301810860019485,-0.08593920328817785
1987,1,0,0,0,0,0,0,0,1,0,0,0,0,1,2,1,2,1,0,2,0.13452241470802198,1.5160957770855097,2.07120028011079
1988,0,0,0,0,0,1,0,1,1,0,0,1,0,1,0,0,2,1,1,2,-2.109669072895843,-1.404791331093063,-0.31763696493710714
1989,2,0,1,0,1,1,0,2,0,0,0,0,1,0,1,0,2,2,1,2,-0.32490453599425057,0.9978923491914954,1.0189226749655258
1990,0,1,1,0,0,2,0,1,0,0,0,1,1,1,0,1,0,1,2,0,1.394728029645794,0.2905437638198744,-0.8974067362697582
1991,1,2,2,0,0,0,0,0,1,1,0,0,1,0,1,1,2,2,1,1,0.37605509486121885,-1.2276048153306072,-1.226405166423974
1992,1,0,0,2,2,2,0,2,1,0,1,0,1,1,1,0,2,0,0,1,-0.2868152801744411,-0.9621173211558598,-1.224297694781151
1993,0,1,1,0,0,1,0,1,1,0,0,1,0,1,0,1,1,1,0,1,1.9250874137733154,2.4017317880369147,2.0873901687793057
1994,0,0,1,0,2,0,0,1,0,1,0,1,0,1,0,2,0,1,2,0,-1.9527432946894552,0.22530025012928973,-2.05222004549051
1995,1,1,1,0,0,0,0,2,1,0,0,1,1,0,2,0,1,2,0,0,0.9374130716105251,0.607782798237293,2.67595341066222
1996,1,1,0,0,0,1,0,1,0,1,0,0,0,0,0,2,0,0,1,1,-0.545920018118176,-2.977807729355537,0.17726887992859705
1997,1,2,0,2,1,2,0,2,2,2,0,0,0,0,0,1,0,0,1,0,-1.1460007008634137,-1.0067475614489596,-0.2366020577788006
1998,1,1,0,0,0,0,0,0,2,2,0,0,1,0,1,0,1,1,0,0,1.2217103742375357,-0.8678143413573067,-1.7631795414815832
1999,0,1,1,1,1,1,0,2,1,0,0,0,1,0,1,1,1,1,0,1,0.4378374025152432,-0.3735609275516618,0.14314594419060833
2000,1,1,1,0,0,0,1,1,2,2,0,0,1,2,1,1,1,1,0,2,-1.396764331137803,0.1803085660741055,-2.2029486958984044
2001,0,2,1,0,1,1,0,1,2,0,0,0,0,1,1,1,2,1,1,0,0.022255906954089175,-0.6425326121137216,-1.6493962306291976
2002,1,1,0,0,0,2,0,0,1,0,0,2,1,1,2,1,1,0,0,1,-0.08330789295730091,0.04288857961750889,-0.722621637126038
2003,0,1,0,0,0,2,1,0,1,2,0,1,0,0,0,1,1,0,1,1,1.0236724578134724,-0.09716082303486195,1.1777361038802185
2004,0,1,1,0,0,2,0,1,1,0,1,0,0,1,1,1,0,1,1,1,0.2903506741474789,-0.08734228260270796,-1.0347191201672132
2005,0,0,0,1,0,1,1,1,1,0,0,0,0,0,1,0,1,0,0,2,-0.9747321155128061,0.3303717275069511,0.5097224278734171
2006,0,2,1,0,0,2,0,1,1,1,0,0,0,1,1,0,1,1,1,0,0.40111666746620533,-0.35995760380821895,-0.1585937004684416
2007,1,1,2,0,1,0,0,0,0,0,1,1,1,1,0,2,1,0,0,2,-1.8883344807477367,1.0723661167425467,-0.8323002007576793
2008,0,0,0,0,0,0,0,1,1,0,0,0,0,0,0,1,0,1,1,1,-1.4901294438132484,-1.2114936083609313,-0.2998107347027457
2009,1,0,1,0,2,2,1,0,0,1,1,0,0,1,0,0,1,1,1,0,-2.160276000275972,1.374231455127893,1.0724967015433546
2010,1,0,1,0,1,1,0,1,1,1,1,0,0,0,0,0,1,0,1,1,0.9306353030714867,1.363332687475414,1.1155416627847023
2011,0,1,0,0,1,0,0,1,1,0,0,0,0,1,1,1,1,0,1,2,0.25172918171345593,0.8918070626258225,0.506072716609864
2012,0,2,1,0,0,0,0,0,1,0,0,1,0,1,0,1,1,0,1,0,-0.7561435007385419,0.04405384569568731,-0.9486767259785431
2013,2,1,1,0,0,0,0,1,1,1,0,0,0,0,0,0,1,1,2,2,1.5309775162712709,0.0950423738664595,-0.8060739444654007
2014,1,1,0,0,1,1,0,1,0,0,1,1,0,1,0,1,1,2,1,0,0.70369648563972,-0.3525270776801654,0.22452199666969863
2015,1,1,0,0,0,1,1,1,1,0,1,1,1,1,2,1,0,1,1,2,-0.022574341045502138,-0.443735826129478,-0.17523852043854385
2016,1,2,0,0,1,2,0,0,1,0,0,0,0,0,0,0,0,2,1,1,1.1194341106644197,-0.31567443428925823,0.25274413442872423
2017,0,0,1,0,0,2,0,1,0,0,1,1,0,1,0,1,1,0,0,0,0.49327376476386414,-0.01373986475118319,-1.3301488792151357
2018,1,0,1,0,0,0,0,1,0,2,1,0,1,1,0,0,2,1,2,0,-0.33453642913432713,-0.8594348698522435,0.41531984578039916
2019,1,2,1,0,0,0,0,1,1,0,1,0,1,0,1,1,2,0,1,1,0.24374275955243935,0.11972014342197043,-0.036751082857856804
2020,0,2,2,0,0,2,0,0,0,0,1,1,1,1,0,1,1,0,1,1,0.08465395518453026,1.2944770523741012,0.4758150279171264
2021,0,0,1,0,0,1,0,1,0,0,0,0,1,0,0,0,0,1,0,0,1.0214057292894403,-1.8389173168729316,-0.25770184086372583
2022,2,0,0,1,1,1,0,0,1,1,1,1,1,1,1,2,2,0,1,1,-1.3199195077857937,-1.509299160312302,-1.730508071487166
2023,2,1,0,1,0,1,0,1,0,2,0,0,0,1,1,1,1,1,1,0,-0.7294297520573004,0.17647598619901206,0.26694675972135395
2024,1,1,1,0,0,2,0,1,2,1,0,0,0,0,1,1,1,1,1,0,-0.22406115397892726,0.5784139315775357,0.07871168963500179
2025,0,1,0,0,0,1,0,1,0,0,0,0,0,0,0,1,1,1,0,2,-1.1074143737435524,1.281723642274829,-1.065948665501195
2026,1,2,2,0,1,1,0,0,1,2,0,0,1,0,0,1,2,1,1,1,-1.4255592730183049,-1.577795295096267,0.7313596693996303
2027,1,1,1,0,2,1,1,0,2,0,1,0,0,0,0,0,1,0,1,2,-0.0333633349530851,-0.06020954922617097,-1.1329551419143888
2028,1,1,0,0,0,0,0,1,1,0,2,1,1,1,0,0,1,0,1,1,0.9581111726571478,-0.2835958219483967,-0.12981870464019823
2029,1,1,1,0,1,1,0,1,1,0,0,0,1,0,0,0,2,0,0,2,-1.1478114417569363,-1.4048766699372686,-1.2963786713040628
2030,1,0,1,0,0,2,1,1,0,0,0,0,0,0,1,0,2,1,0,1,-0.9427943735092229,-0.2705963244906987,0.7358441350813116
2031,1,0,1,1,0,2,0,1,0,0,1,1,0,0,0,0,2,2,0,1,-1.4476337128202545,-0.9360193611087061,-0.02509618171014194
2032,1,2,0,0,0,2,0,0,1,0,0,0,2,0,0,1,0,1,1,2,0.5788047200395728,0.20134500081729867,1.2059433245517004
2033,1,1,0,0,0,1,0,1,1,1,0,1,0,0,0,1,1,2,1,2,-2.070242800853819,0.35507104623673125,-0.6717443547333356
2034,0,1,1,1,0,1,0,0,1,1,0,1,0,0,1,0,2,1,0,1,1.0232377005828148,-0.21597790369917289,0.6130240514041709
2035,0,1,0,0,0,0,0,0,1,0,0,0,1,1,2,2,2,0,0,1,0.6113617411930621,-0.5697375688527735,1.898424295218407
2036,0,2,1,0,0,1,0,1,0,0,0,0,0,1,0,1,1,0,2,1,0.8414102008695873,1.042991150722874,2.5006790612595298
2037,1,1,2,0,0,1,0,1,2,0,0,0,0,1,2,2,2,1,2,2,0.23395345318102825,0.1866841879344565,-0.591081187966667
2038,1,1,1,0,0,1,0,1,2,0,1,0,0,0,0,0,1,1,0,0,0.7284868519161393,-0.6466156017755325,0.2057600225818111
2039,0,1,1,0,0,0,0,0,0,0,0,0,0,2,1,1,2,2,0,1,0.37689064496003744,-1.6223959806710417,0.3885349520809587
2040,0,1,1,0,0,1,0,1,2,0,0,0,0,0,0,0,1,0,1,0,-1.228288626514033,-1.9106958942789496,-0.9977394089994908
2041,1,2,2,1,0,1,0,1,0,1,1,0,1,0,1,1,1,1,0,0,0.28873659814669816,0.258401697087435,0.4532826210748246
2042,0,1,0,0,1,0,0,1,0,1,2,1,1,0,2,0,1,0,1,1,0.6665929571019327,0.534356206545638,0.20327903538409337
2043,0,1,0,0,0,2,0,0,0,1,1,0,0,0,0,1,2,1,0,1,-2.1038648905295867,-1.2813051429114584,-0.5901821128410729
2044,2,1,1,0,0,1,1,2,0,1,0,0,1,0,0,0,2,2,2,0,1.5777922466929748,-0.9397570795502345,1.5666535080288804
2045,1,1,1,0,0,0,0,0,1,0,0,0,0,1,1,1,1,0,0,0,-0.5798425832652889,-0.9234493103877861,1.408424244659115
2046,1,0,0,0,1,0,0,0,0,2,0,0,0,1,1,1,1,0,2,1,-0.014937065927253985,0.5939856913055185,1.3124644175310516
2047,0,0,1,0,1,0,1,1,1,0,0,0,0,1,1,1,1,1,1,0,0.649646437632942,0.3597265777436089,-0.48382100815308493
2048,1,0,1,1,1,1,1,0,1,2,0,0,1,0,2,0,0,0,0,1,-2.6324617104039687,0.19587055158101874,-0.7316300748901883
2049,1,2,1,0,0,1,0,1,1,1,1,1,0,0,1,1,1,1,1,0,0.45026096732980075,-1.3964008198149198,0.08303422522013269
2050,1,0,0,1,1,0,0,0,1,0,0,0,1,0,0,0,1,2,0,1,-0.5654283183183989,-0.6821497793939195,0.47302767385555855
2051,0,2,0,1,0,0,0,0,0,0,0,2,0,1,1,0,1,1,2,1,0.24342451027068546,0.8252632118860379,0.9876943082386278
2052,1,1,0,0,0,2,0,2,1,0,1,0,0,1,1,0,0,2,1,1,-0.4623624115745748,-0.8045893403198824,-1.25836740926869
2053,2,2,1,0,1,1,0,1,1,0,1,0,0,1,0,1,1,0,1,2,-2.031908235128369,-1.5475574426209306,-1.3087270242346936
2054,0,1,0,0,0,1,0,1,1,1,0,0,1,0,0,2,2,0,1,1,0.9051589955423778,0.06750764958850368,0.047987752983660426
2055,1,1,0,1,1,1,0,2,0,0,0,0,0,0,1,1,1,0,1,0,-2.19493694067437,-0.6037199166688546,-2.0285125003209856
2056,0,0,1,0,0,1,0,0,1,0,0,1,0,0,1,1,1,0,0,1,-0.3393227027693225,-0.37464832886985866,0.17306631061427077
2057,1,2,1,1,0,2,0,0,0,1,0,2,1,0,1,0,1,1,0,0,1.8012849436472085,0.25224813223862474,0.6103381512281741
2058,0,2,0,0,0,1,0,1,2,1,0,1,0,0,0,1,1,2,1,2,0.4079978955799612,-0.9619502891582479,-0.531143035870904
2059,1,1,1,0,0,1,0,0,0,0,1,1,0,1,0,2,2,0,1,1,0.12373701854274151,-0.9750335978097291,0.4075958821608452
2060,1,1,2,0,0,1,0,1,1,1,0,0,1,0,1,1,2,1,2,1,-0.5330219112297566,0.8980007083730177,0.8119784809549723
2061,1,1,0,1,0,0,0,1,1,1,1,1,0,1,0,1,0,1,0,1,1.8436053754190664,-0.6323135046863753,0.11948231203297455
2062,1,0,2,0,0,0,0,1,0,0,0,1,0,1,0,2,1,0,1,1,0.4400933861070087,-0.21672383673692908,1.0910056175249532
2063,2,2,0,0,0,0,1,0,0,1,0,0,0,0,1,2,1,0,1,1,0.3305226288426176,-0.9934288563578996,-0.3215975944477537
2064,1,2,0,0,1,1,0,0,2,0,0,0,0,1,0,0,0,2,0,2,1.036610707493615,-0.07683691640445428,-0.7139695482895039
2065,1,1,1,0,1,0,0,1,2,0,1,0,1,1,1,0,2,1,0,0,0.04708932830720531,0.2993605732972835,-0.11423033523293023
2066,0,0,1,0,0,1,0,1,1,0,0,0,0,1,0,0,1,1,1,1,1.7617500651839426,0.26265914845458765,1.4536520112075704
2067,1,0,2,0,1,2,0,0,0,0,0,1,0,0,2,1,0,1,0,2,-0.9973819432439819,-0.698974656242211,-1.3600593369555165
2068,1,1,2,0,0,0,0,2,1,2,0,0,0,0,0,0,0,1,1,0,-1.4153146013665991,-1.4190775460101053,0.151502834586143
2069,0,1,1,1,1,0,0,2,1,1,0,0,1,1,0,0,1,2,0,1,-0.6119305879919695,-0.9501272349816404,-0.7929505632300387
2070,1,1,0,0,0,0,0,1,1,0,0,0,0,0,0,0,1,0,1,2,-1.038215096226382,0.25982156024672187,1.0232191357234373
2071,1,1,1,0,1,0,0,1,0,0,0,0,1,0,1,0,0,0,1,2,-0.00797849716243573,0.2786700524415859,-0.2984740274906328
2072,1,1,0,0,0,2,0,0,0,1,1,2,0,1,0,1,1,2,0,2,-0.05695713035963192,-1.2617289013069077,-0.3620141035800075
2073,1,0,1,0,1,1,0,1,2,1,0,0,1,0,1,1,1,2,1,0,0.7353614816638515,-0.47520510986502906,-0.8516721384346331
2074,1,0,1,0,0,1,1,1,1,0,1,1,0,0,1,1,2,1,2,1,-0.608866625570154,1.3476081408339533,0.3297662313613916
2075,0,0,0,2,1,0,0,1,1,2,0,0,1,0,0,1,2,1,1,1,2.044903443308576,1.7512200711848058,2.4512205685323956
2076,0,0,1,0,0,0,1,1,2,1,0,0,1,1,1,1,2,2,1,2,0.4405088448778416,2.013445254385552,-0.6253395467627823
2077,2,1,0,0,0,0,0,1,0,1,0,1,0,0,1,1,2,1,1,0,0.5078023048450542,-0.33948733522207203,1.9010035369965204
2078,2,2,1,0,1,0,0,1,0,0,1,0,0,1,1,0,1,2,0,0,0.9938015910663553,-0.1089421456437153,-1.4858343262962375
2079,0,1,0,1,1,1,0,1,1,0,1,1,0,1,0,0,0,0,0,0,1.1372588179755703,-0.05183320142336506,-0.5786988383734891
2080,0,2,0,0,0,0,0,0,1,0,1,0,1,1,0,0,1,0,1,1,-0.3593510262982028,-1.4961997572793753,-0.6590368176488037
2081,1,2,0,0,0,0,0,0,1,1,0,0,1,0,0,1,1,0,1,2,-0.5494649677683268,1.1068722649898421,-1.327381600806775
2082,0,2,1,1,0,1,0,2,1,0,1,0,0,0,0,1,0,0,0,1,-0.19015251526973653,0.7382965506053797,0.24472140855935698
2083,1,1,1,0,2,0,0,0,0,1,0,0,0,2,0,0,1,0,0,0,-0.027853231805229882,0.2947400525469121,1.2109036830692603
2084,0,1,0,0,1,0,1,0,0,0,0,1,0,1,0,1,1,0,0,1,-1.6429053905867648,-0.8529474096876575,1.0203302487080137
2085,0,0,0,0,1,1,0,1,1,1,0,1,0,0,1,0,2,1,0,1,-0.642227888111327,-0.33121218130268865,-1.2225610904178943
2086,0,0,1,0,0,1,0,1,2,1,1,0,0,0,1,0,1,1,1,2,0.8652822697191467,0.971638432329377,-1.051138620595223
2087,0,2,2,0,0,1,0,1,0,0,1,0,0,0,1,0,1,1,1,1,0.8352606469258421,0.14410353148713223,0.4528176691580934
2088,0,2,0,0,0,2,1,0,1,1,0,1,0,0,1,0,1,1,0,1,-0.46608733011593473,-1.9771952786343623,-1.0261559607816129
2089,0,1,0,0,0,1,0,0,0,1,0,0,0,1,2,0,2,0,1,1,0.0994226661559286,0.21914017329562058,-0.15963392182355468
2090,1,1,0,0,2,0,0,0,1,0,0,0,1,0,1,2,1,0,1,1,0.10156262219400894,1.4467250909192588,1.079982673672443
2091,1,1,0,0,0,1,0,1,1,0,0,0,0,0,0,0,2,0,0,1,0.4430200754407496,1.8629004820817414,1.6915392197001848
2092,1,0,2,1,0,0,1,0,1,0,1,0,0,1,1,0,1,1,0,0,-1.67692099705418,-0.9685039208978306,-3.147190122669838
2093,1,2,1,0,0,2,0,2,0,1,0,1,0,0,0,2,0,1,0,1,-0.06257404503010203,0.6662652409727567,1.345182061152682
2094,1,0,0,1,0,0,0,2,1,0,0,0,0,0,1,0,1,1,0,2,-1.6714409968828092,-1.6317495964123614,-2.382042677673323
2095,0,1,1,1,0,1,0,2,1,1,0,0,1,2,1,0,1,1,0,1,1.5294346574780855,1.7469488611158743,1.1570277735233645
2096,1,2,1,0,0,2,0,1,1,1,0,0,0,0,0,1,0,1,2,2,1.0638376862304357,1.385171983270478,0.469614040119922
2097,1,0,0,1,1,1,0,0,1,0,0,0,0,2,0,1,1,1,1,0,-1.1925180369415318,-0.6472563093003602,0.25961980869527657
2098,1,1,1,0,0,1,0,1,0,1,1,1,1,0,1,0,1,2,1,1,0.08598804397865482,0.08250958793935514,0.6176309696008195
2099,1,0,1,1,0,1,1,2,0,1,0,0,1,0,2,2,0,1,0,2,0.6943917049331084,-0.6021526886774939,-1.2341007186468622
2100,1,2,0,0,0,2,0,2,1,0,1,0,0,0,2,1,0,2,0,0,-0.7057042747606417,1.597553368992372,1.0948916878175647
2101,1,1,0,0,0,0,1,0,2,1,0,0,1,1,0,0,1,1,0,1,2.0495433458114767,1.6680477398791935,4.430636595791557
2102,1,2,1,1,0,1,0,1,1,0,0,0,0,0,0,0,0,1,0,1,0.22678340351044127,1.223423505574385,1.700765250043987
2103,1,1,1,1,0,1,0,0,2,0,0,1,1,1,0,1,1,1,1,1,-0.3382769169765364,0.664786700732059,0.051597467031349445
2104,1,0,1,0,0,1,0,0,2,0,0,0,0,0,0,0,1,0,1,1,-1.1749399885465255,-0.1035290513150337,-2.1625267536829584
2105,0,1,0,1,0,2,0,0,1,0,0,0,0,1,0,2,1,1,1,1,1.0597649310111212,0.824799745790698,1.9591661767595572
2106,1,1,2,0,1,0,0,0,1,2,0,0,0,0,0,0,1,1,0,1,1.0347268578828266,0.2887733153918456,0.7724291296589948
2107,1,1,1,1,1,1,0,0,2,0,1,1,1,1,1,0,1,2,0,2,1.8279396598791036,1.051880229705311,0.42440536275134433
2108,1,2,2,1,0,1,0,1,0,1,0,0,1,1,1,2,1,1,0,2,0.9888036895110148,-0.01085240479859717,0.8903711684055815
2109,0,1,2,0,0,2,1,1,0,0,0,0,1,0,0,0,2,1,0,1,0.24499327772395046,0.7963756275848761,0.8631651976657368
2110,1,0,1,1,1,1,0,0,2,1,1,0,1,2,1,0,2,0,0,1,0.3888665958949098,0.04455354156970934,1.6108181691660177
2111,1,1,1,0,0,0,0,2,2,0,0,1,0,1,1,1,0,2,0,1,-1.360569897367477,0.27365012604100575,-0.9316437453702997
2112,1,0,1,0,0,1,0,0,2,0,0,0,0,0,0,2,1,1,1,1,-0.5710055374932848,-0.7556059845172287,0.7936057793215521
2113,1,1,0,0,1,0,0,1,0,1,1,0,1,1,1,0,1,1,0,0,1.758638709941504,-0.5030573509613888,0.6468227486446935
2114,0,1,1,0,0,2,0,0,1,0,0,0,0,0,0,0,1,2,0,0,-1.4612356404664586,0.2883971081429414,0.7014403455793513
2115,1,1,0,0,0,1,0,0,1,0,0,0,0,0,0,1,1,1,0,1,1.2557623443769965,-0.9425751308128978,-0.6477009705645211
2116,2,1,2,0,1,0,0,1,0,0,0,0,0,0,0,0,0,1,0,1,-0.9437044762032355,2.97740499556203,0.3527359104686789
2117,1,0,2,1,0,1,0,2,0,0,2,1,0,1,1,0,1,1,0,0,-0.679345802010929,-1.7251281544390702,0.6709397114753958
2118,1,2,1,0,0,2,0,1,0,0,0,1,0,0,0,1,1,0,0,0,0.11350801931059017,1.7249538094512042,0.6316981258647594
2119,0,2,0,1,0,2,0,1,1,0,1,0,0,1,1,1,1,1,0,2,0.24915753511595934,1.2814533670477402,-0.6663860660924165
2120,0,0,1,0,0,1,1,0,1,0,0,1,0,0,0,1,1,1,1,1,1.3123716315149156,0.7596464855954822,1.687903612686601
2121,1,1,2,0,1,0,0,1,2,0,2,0,0,0,2,1,1,0,0,2,2.1790463721893283,-0.9914449793501494,0.7904857666329599
2122,0,0,0,1,1,1,0,2,1,0,0,0,1,1,1,2,1,1,0,2,0.9470103568528301,1.108765091836434,1.852422340198217
2123,1,0,2,0,0,0,0,2,2,1,0,0,0,0,1,1,2,0,2,0,0.2226805306940623,0.2492639117525422,-0.4353266253431343
2124,0,0,0,1,0,1,0,1,1,0,0,1,0,2,1,0,1,1,1,1,0.026797288946056177,0.2378932161821012,-0.523995680882867
2125,0,2,0,0,1,0,0,1,1,0,0,1,1,0,1,1,2,1,0,2,-0.9294847640868902,0.2101666894403655,0.08122559684747999
2126,1,2,0,1,0,0,0,0,0,1,0,0,0,0,1,1,1,0,2,2,-0.9630817106429417,0.22618253018290663,0.21321875776649424
2127,0,2,1,0,0,2,0,2,1,0,1,1,0,1,1,1,1,1,1,2,-0.13780369414265234,0.1671775037194372,-1.3683364614209732
2128,0,1,2,0,0,2,0,0,1,1,1,0,1,1,0,0,1,1,0,2,-0.5439473984427298,-0.602473252152123,0.6758147680753119
2129,0,1,1,0,0,1,0,2,1,2,0,1,1,1,0,1,2,0,1,2,-0.3661219458698813,-0.7192817567169334,0.02603696486942264
2130,0,0,1,0,0,1,0,1,1,0,1,0,0,0,0,0,1,0,1,1,2.1561259739291274,-0.6214873293742613,-0.7911053974227604
2131,1,1,0,0,0,0,0,2,2,1,1,1,0,1,1,1,0,1,0,1,1.2813868267184623,-0.9642767019696945,1.2398419606472744
2132,1,1,0,0,0,1,0,1,0,0,1,0,0,1,1,1,1,1,2,1,-1.8203269686839674,-0.4416834904408994,0.38750259078994365
2133,0,0,0,1,0,2,0,0,0,1,0,2,0,0,1,1,1,0,0,1,-0.7095710090351007,-0.89938118897203,0.10141210122585798
2134,2,1,1,1,1,1,0,2,2,0,0,0,0,0,0,1,2,0,0,2,-0.9202189696851116,-1.781197748732881,0.7321258754979061
2135,1,0,1,0,0,1,0,1,2,0,0,0,1,0,0,1,0,0,1,2,1.5298523622840647,0.5174122346092437,1.4856267810391157
2136,0,2,0,1,0,1,0,1,2,1,0,0,0,1,1,0,0,1,0,1,2.0366083339930667,-1.5504013787985502,0.3568403259588789
2137,1,1,1,1,0,1,0,0,0,0,0,0,0,2,1,2,1,0,1,1,0.6546090324410199,2.1393114765832775,1.6334927651862978
2138,1,2,0,0,0,0,0,1,2,0,0,0,0,0,0,1,1,0,0,1,1.449268361613156,1.372147366906919,2.1096069541340303
2139,1,0,1,0,0,2,0,1,0,2,1,0,0,0,1,1,1,2,2,0,0.7691269228869703,0.05949203140382063,2.521188011914402
2140,0,1,2,1,1,2,0,2,1,1,0,2,0,0,0,1,2,1,0,1,0.561224463040884,0.0392217226302457,-1.0593853945214964
2141,1,1,1,0,0,0,1,0,1,1,0,0,0,0,1,0,1,0,1,0,-0.7806571346942245,0.0897739635053032,0.267512267358523
2142,0,2,1,1,0,2,0,1,0,0,0,0,0,1,1,1,0,1,0,2,-1.0562047503204746,0.7847356881314651,-1.562510706511262
2143,1,1,0,0,0,2,1,1,1,1,0,0,0,2,0,1,1,0,2,2,0.08838393063180172,2.5986264953016,2.477226841887457
2144,0,0,1,0,0,2,0,0,1,0,1,1,0,0,0,0,2,2,0,1,-0.4279119761148147,0.9207410346689899,0.3623944272822165
2145,1,2,0,0,1,1,0,0,0,0,1,1,0,0,1,0,0,1,1,1,0.12419981082480563,-3.5759664138844585,0.8577623165852809
2146,0,2,1,0,0,1,0,1,2,0,1,0,0,0,1,1,0,1,0,2,2.0965356080790767,0.662125033123189,2.563990282463613
2147,0,1,0,0,1,0,0,1,1,0,0,0,0,1,0,0,1,1,0,2,0.25460400454176957,1.1120017768134747,-0.8993535833615439
2148,1,0,2,1,0,1,0,0,0,0,1,0,0,0,2,0,0,0,0,1,0.09683378138658001,-0.7459571475577756,-1.4891334805288998
2149,1,2,0,0,0,0,0,2,2,0,0,0,1,0,0,1,0,0,2,1,1.2439428658842004,1.8583017880995052,0.13792834451285585
2150,0,0,2,0,0,2,0,1,1,0,0,0,0,0,0,0,1,1,0,0,1.349942796186334,1.1429167288068445,1.3312713323197891
2151,0,1,0,2,0,1,0,0,1,0,1,0,0,0,0,0,2,2,0,1,1.315709665401634,-0.42320105343410674,1.2665839777960206
2152,1,1,0,2,0,2,0,0,0,0,0,0,1,0,0,1,0,0,0,1,-0.5178122789005682,-0.8936810434220894,0.5691439356706098
2153,1,2,2,0,1,1,0,2,2,0,1,0,0,0,1,1,1,0,0,0,1.1128153528106677,0.9617047423841418,1.5217217471885693
2154,0,1,0,0,0,2,1,2,1,0,0,0,0,1,0,0,1,0,1,1,-0.3278201033391805,0.7991432312507494,0.8554644224977058
2155,1,1,1,0,0,1,1,0,2,2,0,0,0,0,0,1,1,0,0,1,-0.9204464310232116,0.8099195463229754,1.726366524699628
2156,0,1,1,0,0,0,1,1,0,1,2,1,0,1,2,0,0,2,0,2,1.3191727998228944,2.1292540726599833,4.099445723955193
2157,1,0,0,0,1,1,0,0,1,0,0,0,0,0,0,1,1,1,1,1,1.8153143445588347,-0.13906158874165359,1.8680641426067945
2158,0,2,1,0,1,2,0,1,0,1,0,0,0,0,0,0,2,1,0,0,-1.1949595253953191,-0.4154031724384137,-0.5683746469316336
2159,1,0,1,0,1,1,1,1,1,0,1,0,1,0,0,1,1,0,0,0,0.0003671556490883014,-1.500052016386607,1.0655448077735465
2160,0,0,0,0,1,0,0,1,1,0,1,0,0,0,0,2,0,0,0,0,1.134820255247727,0.7482796985463787,0.5442244763941873
2161,0,2,2,0,1,1,0,1,0,0,1,0,0,2,0,0,1,0,0,2,0.6635472429407222,0.1257999575705983,0.8046414002396556
2162,0,1,1,2,1,2,0,1,0,0,1,0,0,1,1,0,1,1,0,1,-0.7588684875567746,-0.7582023872688466,-0.6092606760349144
2163,2,2,1,0,1,0,0,1,0,1,1,1,0,0,0,0,2,1,0,1,-1.8089804287687448,0.83019064362964,0.6194042187764677
2164,0,0,1,0,0,1,0,1,0,1,1,1,0,0,0,0,1,1,0,1,0.6518403740576254,0.13277728257991606,0.46279684554317235
2165,1,0,0,1,1,1,0,1,0,0,0,1,1,0,2,1,1,1,1,0,-2.009518148411932,-1.4382013321217264,-0.343672806591403
2166,0,1,1,0,1,1,0,0,0,0,1,1,0,0,0,0,0,1,2,1,-1.1586229380590196,-2.2579843670619653,-0.890778348402006
2167,0,1,1,1,0,1,0,0,1,0,0,0,0,0,0,0,0,1,0,1,1.3075465258463295,-0.306712849604699,1.6344782713243422
2168,1,2,0,1,2,2,0,1,1,0,0,0,0,0,1,0,2,0,1,0,-1.2833726865034285,0.7941502100630449,-0.6520764769583978
2169,1,0,1,0,1,2,0,0,1,1,0,1,0,1,1,0,1,1,1,2,-0.19620435435716915,0.1733804410756578,0.5934505490649553
2170,0,1,2,0,0,2,0,0,0,2,1,1,1,1,0,0,1,0,1,1,-0.26161145268027314,-0.24752042703475807,0.6449308281112821
2171,0,0,1,0,0,1,0,1,1,0,1,1,0,0,1,0,1,1,0,2,1.1132766902614715,-0.357002229512161,-0.7598288951194152
2172,2,1,2,0,1,1,0,2,0,0,0,1,1,1,0,0,0,1,0,2,-0.20434391470460408,-0.10610674086552135,-0.4894046027830357
2173,0,1,1,0,1,2,0,1,0,1,1,1,0,1,2,0,1,2,1,1,1.1558556813719747,-0.6286374231475834,1.400016029468361
2174,2,2,0,0,1,1,0,2,0,1,0,0,0,0,1,2,1,0,0,0,1.294528203762686,1.520889955726465,0.6187944294691234
2175,0,0,1,0,2,0,1,2,0,1,0,0,0,0,1,2,1,0,0,1,-0.45711898235252213,-0.20297263601011506,0.3196608055869548
2176,1,1,0,0,0,1,0,2,1,0,0,0,0,0,1,0,1,2,0,1,-1.5524314900667855,-0.29888095638794354,-0.5627463912170247
2177,0,1,0,0,0,0,0,1,1,0,1,2,1,1,1,0,1,0,0,2,0.7939059991749982,2.116300172857335,2.1866813238495295
2178,0,1,2,0,1,1,0,1,2,1,1,1,0,2,1,0,0,0,0,1,1.6109996662547206,2.3692030094066183,1.972249071744078
2179,1,0,1,0,0,1,1,0,1,0,0,0,0,0,0,1,1,1,1,2,-0.17296631612576685,0.06797468283493668,-1.1128439645248567
2180,0,2,1,0,0,2,1,1,1,1,1,0,1,1,1,0,1,0,1,1,-1.0864821700596279,-0.32602483930721937,-0.7093536266111653
2181,0,0,0,0,0,1,0,0,0,1,0,1,1,0,0,0,2,0,1,1,-0.9680964897824441,1.558853825817975,1.1180619541578216
2182,1,1,2,0,0,1,0,2,1,0,0,0,0,0,1,1,1,0,0,1,-0.7341438955446303,-0.016430596944731687,-0.028506997909809373
2183,2,1,2,1,0,1,0,0,1,1,0,0,1,1,0,0,0,1,0,1,0.4197805235145946,0.5903272140292303,0.3547950185184607
2184,0,2,2,0,0,1,0,0,1,0,0,1,0,1,1,1,1,0,0,0,1.9334106593770768,1.5412715571332638,0.9045079319980446
2185,1,2,0,0,0,2,0,1,2,1,0,0,1,0,0,2,0,0,0,1,-0.8552274356057473,-0.46052578893518814,0.7933630001585471
2186,1,1,2,0,1,1,0,0,1,0,0,0,2,0,1,0,0,1,1,1,0.7334552843535579,-1.415140480684525,0.6566734114907835
2187,0,1,0,1,1,2,0,0,2,1,1,1,0,0,0,1,2,0,1,0,-0.7462483922293386,0.3719205619382976,0.12181155491670786
2188,2,1,1,1,0,1,0,1,0,0,1,0,0,0,1,1,2,0,2,0,-0.7735455076882363,0.8501631347215451,-1.0978435373201543
2189,1,2,1,0,0,0,1,0,1,2,0,1,1,0,0,0,2,0,0,1,-2.325267321029739,-0.9675908058034283,-1.1734017885083337
2190,1,2,0,1,0,2,0,1,0,0,0,1,0,1,1,0,2,1,0,2,0.21136321910771377,-1.1521687671349339,-0.551945150523707
2191,1,2,1,1,1,1,0,1,0,2,1,0,0,0,0,0,1,0,0,0,-1.0927326108464679,-1.2362158511976602,-1.7216490459255445
2192,1,0,0,0,0,1,0,0,1,0,1,1,0,0,0,0,1,1,2,1,0.31168818560816536,-1.3040153866516546,0.26895672962070544
2193,1,0,1,1,0,1,0,1,1,0,0,1,1,0,1,1,1,0,1,1,0.24009622611425055,0.5592944453222266,2.0836166709766575
2194,0,1,2,0,0,0,0,0,1,1,0,1,0,1,2,0,1,0,1,0,-1.5092176821168768,-1.6137063730946668,-0.4176927738815878
2195,1,1,0,0,0,1,1,1,0,0,0,0,1,1,0,0,1,0,1,1,0.4781127847735536,0.8282763086188107,1.6952709685516616
2196,0,1,1,0,1,0,0,0,1,1,1,0,1,0,0,1,2,1,1,1,-1.518548910761431,0.968279596658867,-2.2201653028365773
2197,0,1,1,0,0,2,0,0,1,0,1,0,0,1,0,0,2,0,0,1,-0.6637719241803113,0.131624854639878,0.3352827013371763
2198,1,2,1,0,0,2,0,0,0,0,0,0,0,0,0,1,1,1,2,2,-0.47958793426738927,-1.4199330870811782,-1.4668886058811514
2199,0,1,2,0,0,1,0,0,0,1,1,0,0,1,1,0,2,1,0,2,0.40256303878558947,-1.8363626327755658,0.7289718006973408
2200,2,1,1,2,0,0,0,0,1,0,0,1,0,0,0,0,1,2,1,1,2.824658126097715,-2.0143697106649854,0.26835174842400966
2201,1,0,1,0,0,0,0,1,2,0,0,1,0,0,0,1,1,1,0,2,-1.1539384117174962,-0.2159069066396341,-1.7558928559232596
2202,0,2,1,0,0,0,0,1,0,2,0,0,0,0,1,1,2,1,1,1,1.1285243589918157,0.5421576975197198,1.7197214696869616
2203,0,0,1,1,0,1,0,0,0,0,0,0,0,0,2,2,2,1,0,2,1.0892273509168606,1.4631805232024373,1.6724443165588032
2204,0,2,1,0,0,0,0,0,1,1,0,0,0,0,1,2,1,1,0,1,0.0015972608597712022,0.28295479657497347,-0.9942407901594856
2205,0,1,0,1,0,2,0,1,1,0,1,0,0,0,0,1,1,0,1,0,-0.14292729726530798,-2.649946061714814,0.5591479154419186
2206,0,0,1,0,0,1,0,1,0,1,0,1,1,0,2,1,1,1,0,2,0.08227461492974421,-0.3390814995458468,0.8712649594710896
2207,0,0,2,1,1,1,0,1,1,1,1,0,0,0,1,0,1,1,2,0,0.7333852036333043,0.5698640177674369,0.2450431905370446
2208,1,1,0,1,0,1,0,0,1,1,1,0,0,0,0,1,1,0,1,1,0.17688263929879253,-0.19565677269364112,0.053712556107428894
2209,1,0,0,1,0,1,0,2,1,0,0,1,1,0,0,0,1,0,1,2,-1.1260523301257457,-0.46072254796937306,-2.125127660083872
2210,1,0,1,1,0,1,0,0,1,0,0,0,0,0,1,0,2,0,1,1,0.5847888419603384,-0.2720891599138827,-1.9096951486673706
2211,1,0,0,0,0,0,1,1,0,1,0,1,0,0,1,2,1,1,2,1,-0.4260442598697385,-0.043499632684116246,0.15551259577511178
2212,1,1,1,0,0,0,0,1,1,1,0,1,0,0,0,0,1,2,0,2,-1.2679615090883027,0.28750080338436035,1.6709300717761855
2213,0,1,0,2,1,1,0,0,1,1,0,0,1,1,1,1,2,1,1,2,-1.5655393243063327,-0.44190985659511356,-0.22978848065203694
2214,0,2,0,0,0,1,0,2,1,1,0,0,0,0,0,1,0,1,1,1,0.8502285513318182,0.7009683212771468,0.23354497721064932
2215,0,1,1,0,0,2,1,1,1,0,0,1,0,1,1,1,1,2,1,1,0.12113285187348312,-0.82324918726093,-0.7446691291676832
2216,0,1,1,0,1,1,0,1,0,1,0,0,1,1,0,0,2,1,0,0,1.0674230560503721,-0.7157000630368469,-0.12690917710283778
2217,1,1,1,0,0,2,0,1,1,1,1,0,0,1,1,1,1,1,1,1,0.12220792422014305,1.0212202288756378,0.7483021735453135
2218,1,1,2,0,0,1,0,1,2,0,1,0,0,0,0,1,0,0,0,1,-2.2418137987197135,-0.5585658764309286,-0.12161944168112182
2219,0,2,1,0,0,2,0,2,2,1,0,1,1,0,0,0,1,1,0,2,0.6471916611385266,-1.4924649134577301,-1.6885312047240713
2220,0,1,0,0,1,2,0,2,2,0,1,0,1,0,0,1,2,2,1,1,0.5833755109480109,-0.1006419359698573,-0.27276474219817376
2221,1,0,0,0,1,0,0,1,0,0,1,0,0,1,0,0,0,1,1,2,-1.1668680811966523,1.4944316225271363,0.5880020668939527
2222,1,1,1,0,0,1,0,2,2,1,0,0,1,0,1,1,0,0,0,1,-0.6919064421598886,-0.45169622358792005,0.5895864801390966
2223,0,2,1,0,0,1,1,2,1,1,0,1,0,1,0,0,2,0,0,1,-0.5177927722589861,-0.11684467116908703,-0.6417042063286849
2224,0,0,0,0,1,1,0,1,1,0,0,1,0,1,1,0,1,0,2,1,0.4956490484315268,1.170974529413233,2.0889290417590702
2225,1,1,1,0,1,1,0,0,2,1,1,1,1,0,0,2,2,1,1,0,-0.13496941534470203,0.6947902809521682,0.889711245621803
2226,1,1,0,0,0,0,0,0,1,0,0,0,0,1,1,2,0,1,1,1,0.12617269960416808,-0.27513089256905326,1.2125194690507073
2227,0,1,0,0,0,0,0,1,0,0,0,1,0,0,0,1,0,1,2,1,-0.9650488882534534,0.03887142936719701,-0.6812165402815029
2228,1,2,1,0,0,0,1,0,1,1,0,0,0,1,0,0,2,2,0,0,-0.5312652116205088,-0.19177203548047936,0.3317568652100442
2229,0,2,0,1,1,0,0,1,1,0,1,0,0,2,0,0,0,1,1,1,-0.21732586055644204,-0.25879754361791574,0.4814088475116689
2230,1,0,0,0,0,1,0,1,2,0,1,0,1,1,0,0,0,1,1,0,1.3469299929883525,0.8362861889357518,3.4699552916291316
2231,1,1,0,1,2,0,0,0,0,1,0,0,0,0,0,0,0,1,0,1,0.49700200125613964,0.1157812964701509,-0.05461855793138759
2232,1,0,1,0,0,0,0,0,1,0,0,0,0,0,1,0,0,1,0,1,0.3018999596543609,1.7926784474325532,1.3932450516877233
2233,1,0,1,1,0,0,0,2,0,0,1,0,0,1,1,1,0,1,0,1,-1.188274165263298,0.7750470672462142,-1.290521250426345
2234,0,2,0,1,1,0,0,1,1,1,1,0,1,0,2,0,2,2,0,2,0.643274314659535,-0.26236457940250657,-0.2775214497754256
2235,0,0,1,0,0,0,0,0,2,0,0,0,0,0,0,0,1,0,1,1,-0.987054309650545,-0.5025311950625853,-0.5735150090032006
2236,2,1,1,0,1,0,0,1,0,0,1,1,0,0,0,1,1,1,2,1,1.1392442609975995,-0.27919090592541573,0.8535385107214579
2237,1,1,1,1,0,1,0,1,1,0,1,1,0,0,0,0,2,0,0,0,-0.00212704173601295,1.098109231519843,1.102819516062421
2238,0,0,1,0,0,1,0,0,0,0,0,0,1,1,0,1,1,1,2,1,-0.3485443180902856,-0.6663700862277948,0.8190376688142501
2239,0,1,1,0,1,2,0,1,1,0,1,1,0,0,1,0,2,2,1,1,-0.5658779954236319,-0.5257908103765354,-1.1799419481680007
2240,2,0,0,0,0,0,0,1,1,0,0,1,0,0,1,1,1,0,0,2,-1.1628993091981539,0.7199223379467548,-1.292591949540972
2241,0,0,2,0,1,0,0,1,1,1,0,1,1,0,0,1,0,2,0,1,0.2863924874972055,-0.4884008583774446,-1.3073481484096074
2242,0,0,0,0,0,1,0,1,0,0,0,2,0,2,1,0,0,1,0,1,-1.2361193460418125,-0.25700738832353925,-0.6289997079813323
2243,0,0,1,0,0,1,0,2,1,2,0,1,0,1,1,0,1,1,0,2,1.8901792901004844,1.0244694674522496,0.46122426783233894
2244,0,2,0,0,1,1,0,1,0,2,0,0,0,0,0,1,1,2,1,0,-1.3736934587419523,-1.5709573209168934,-1.0310446875963124
2245,1,0,0,0,1,0,0,0,1,0,0,1,0,1,2,2,2,2,1,1,1.0301936990775398,1.8480969470272166,2.991344064523379
2246,0,0,1,0,1,1,0,0,1,1,0,0,0,0,0,1,1,0,0,0,0.2387167295333602,0.8157774870851331,2.067414504865755
2247,1,1,0,1,1,1,0,1,0,1,1,0,0,0,1,2,0,2,2,1,0.17169756856464863,-1.328489897256576,-0.015564058532472724
2248,0,1,1,1,0,1,0,1,0,1,1,0,0,0,1,0,2,1,0,1,-0.43613616356144225,0.9295755380315496,-1.91488278002364
2249,1,2,1,0,1,1,0,1,1,1,1,0,0,0,1,0,2,0,0,1,0.007993825900565717,-0.6219949946758143,-2.233118824247141
2250,1,1,1,0,0,0,0,2,0,0,1,1,0,1,1,1,1,1,1,2,-0.4717653070749521,0.7671159010842141,0.5748691475862397
2251,1,1,0,0,0,2,0,2,0,0,0,0,1,2,1,0,2,1,1,0,-0.5824033503703265,-0.48032900688166896,0.16296983817075172
2252,1,1,1,0,0,1,1,0,0,1,0,0,0,2,0,0,2,1,0,2,-0.40443569978938915,0.4327620184236102,-0.3470272891722466
2253,2,1,0,0,0,1,0,0,1,0,0,1,0,0,1,0,1,0,1,0,-1.3502670108815389,0.013225817757520797,-2.0677950095398026
2254,2,0,2,0,0,1,0,2,1,0,1,0,1,0,1,0,0,2,1,0,0.41325671537590336,-0.0062013402015959895,-0.5434659534074279
2255,0,1,1,1,0,1,0,0,0,0,0,1,0,1,0,2,1,1,0,1,-1.6070345090532987,0.08733936017580227,-2.0768573580550735
2256,1,1,1,0,0,1,0,0,1,1,2,0,0,0,0,1,2,1,0,0,-0.5984619206412102,0.06139770320639626,1.1752037698048508
2257,0,1,0,1,0,1,1,1,1,1,0,0,0,1,1,0,1,1,1,2,0.2931283439274573,-0.6624741988731624,-0.06529717731963632
2258,0,1,1,0,0,1,0,1,0,1,1,0,1,1,1,1,0,0,0,0,0.5846568992543809,1.4000706330208916,1.7916966700869956
2259,2,2,1,0,1,1,0,1,0,1,0,0,0,0,1,1,1,1,2,2,-0.6696798949352437,-0.6401177617957838,-1.5646445028930045
2260,0,0,1,0,0,0,0,1,1,1,0,1,0,1,2,1,1,0,0,2,0.34592192604015937,0.5346371288100785,0.5131332855030502
2261,0,1,0,0,0,1,0,0,1,1,0,0,0,1,0,0,1,1,1,2,0.4466820358644668,-1.7614464972787978,0.5348005931011333
2262,0,0,0,0,0,1,0,1,0,1,1,1,0,0,1,1,2,0,0,2,0.3440960752047026,0.9459382341485317,1.319865458127023
2263,2,0,1,0,0,1,0,0,0,0,0,1,0,0,1,0,0,1,0,0,-2.1151096502167093,0.29512855098726254,-1.1359044709732882
2264,1,1,0,0,0,1,0,0,0,0,0,0,0,0,1,1,1,1,0,1,1.5264504616782844,0.03588467172820356,1.1578967124525734
2265,1,0,2,0,0,2,1,1,0,0,0,1,0,0,2,0,1,1,0,0,-0.4874390090028812,0.5722344780724944,-0.5159257875121444
2266,1,0,1,1,0,0,0,0,1,0,1,0,0,0,0,0,1,0,1,1,0.4789820710179536,-1.1621935989735963,-1.5063138276046422
2267,1,1,0,0,0,0,0,1,2,1,0,0,1,0,0,0,2,2,0,1,2.5083448012614693,-1.4396058406619854,0.8772762085978897
2268,1,1,1,0,1,1,0,1,0,0,0,0,1,2,0,2,1,2,1,0,0.4482336942396017,0.47517222084219685,2.57379941389834
2269,1,0,1,1,1,1,0,0,0,1,0,1,1,0,1,1,0,1,0,0,-0.7906216333963946,-0.8242978241795974,-0.3007241662566385
2270,0,2,1,0,1,1,0,2,0,0,0,0,0,2,0,0,2,2,1,1,-0.08696019181685458,1.4860884217244705,0.7974356194068658
2271,1,0,2,1,1,1,0,1,1,1,1,1,1,1,0,0,1,2,1,1,2.1028935761848135,-0.40990520558095495,0.3232004063232202
2272,2,0,1,0,0,1,0,0,1,1,0,0,0,0,1,0,2,1,0,1,-0.7379132069078518,-0.003207381015134514,1.117904325277854
2273,1,1,1,1,0,2,0,1,1,0,1,0,1,2,1,0,1,0,1,1,0.8584576515263842,-0.4688858733972534,2.2319091438630165
2274,0,0,0,0,0,0,0,1,1,1,0,1,0,1,2,1,2,1,1,1,-0.8509598397170887,-1.7875699247311736,-0.8068002880284941
2275,0,1,1,0,1,0,0,1,1,0,0,0,0,1,1,0,1,1,2,1,-0.17322188008397668,0.2629429983957945,1.9978226644691992
2276,0,0,0,1,1,0,0,1,1,0,0,0,0,0,1,1,2,1,2,1,0.5092215098299322,-0.037141316233557486,-0.6498222526393337
2277,2,2,2,1,0,0,0,1,0,1,0,1,0,1,1,1,0,1,1,1,0.22830702147196105,0.6572880613353658,-0.07770182427859046
2278,0,1,0,1,0,2,0,0,1,0,0,0,0,1,1,1,2,0,1,1,-0.6606839750398397,-0.06766535716802952,-0.36850311417276305
2279,0,1,0,0,0,2,0,0,1,1,0,0,0,0,1,1,2,1,0,1,0.7354239122315612,-0.436390539655203,-0.19820387007695844
2280,1,1,2,0,0,1,0,0,1,1,1,1,0,1,1,0,0,2,0,1,0.3584270798159709,-0.6263809648575904,-0.1613372610046855
2281,1,2,0,1,1,0,0,1,1,0,0,0,0,0,0,0,1,1,0,2,-0.27016764305628577,-1.0830878664384807,-0.4129034793498281
2282,0,2,0,0,0,1,0,1,1,1,0,1,0,0,0,0,1,1,1,1,-1.8128244804482303,-0.1487399483173973,-1.7682517534505768
2283,1,1,0,0,1,1,0,1,0,1,0,0,0,0,1,1,2,0,1,2,-1.1545928352084418,-0.7432311575761583,0.7413211800241373
2284,1,1,1,1,2,0,0,1,0,1,0,0,0,2,0,2,1,0,1,0,-0.31210685917988085,0.3526617948445797,1.625401456086637
2285,1,1,1,0,0,2,0,0,1,1,0,1,0,0,0,1,0,0,1,0,-1.0670114021557375,0.16979422065641187,-2.1653464256250317
2286,0,0,2,1,0,1,0,2,0,1,0,0,1,0,0,1,1,1,1,1,0.8300906846114744,0.8723935721982922,1.0088246720904017
2287,0,0,1,1,0,1,0,1,2,0,0,0,1,1,1,0,1,0,2,2,-0.6569987616513911,-0.37577116045264713,-0.423571765080584
2288,1,0,1,0,0,1,0,2,0,1,0,0,1,0,1,0,0,2,1,0,-1.7525687327851942,-1.5297584087927725,-1.25226496993983
2289,0,1,0,0,0,0,0,0,2,0,2,1,0,0,1,0,2,0,2,1,-0.14470697591004514,0.33261631997898256,0.5448070839561446
2290,0,1,1,0,0,1,0,1,1,0,1,0,1,0,0,0,0,0,0,2,-0.14584601311999518,-0.9501091695635048,-0.24543353910063567
2291,1,1,1,0,2,2,0,1,1,0,1,1,0,0,1,1,1,1,1,0,3.3451005056622263,1.004705215077826,1.1690750698930747
2292,0,1,1,0,1,1,0,1,2,1,0,0,0,0,0,0,1,1,0,0,1.3323533057739538,2.320615674971307,1.740012159014113
2293,0,0,1,0,0,1,0,2,0,1,1,0,0,0,1,1,1,1,0,0,-1.8394655155795,-1.402354819817824,-0.7099526772244058
2294,2,1,0,0,1,1,0,0,1,2,1,2,0,0,0,0,0,0,1,1,-1.334412651785556,-0.2699493597980836,-0.2488658889831591
2295,0,1,0,0,1,2,0,1,2,1,0,0,1,0,0,0,2,0,2,2,-0.5447277982674261,0.5873641926419628,-1.572560326357669
2296,0,1,0,1,0,1,0,1,1,0,0,0,1,0,0,0,1,0,2,1,0.4180215162871808,0.5979812791010611,0.4881707247934223
2297,1,1,1,0,1,2,0,1,1,0,0,1,1,0,0,1,1,1,0,1,0.1812596610588158,0.41564306015008845,1.602105023089567
2298,0,0,1,1,1,1,0,1,0,0,0,1,0,2,0,0,1,0,0,1,1.3546387759303706,1.0148032155557734,1.9209201989932252
2299,0,2,2,0,0,1,0,1,2,0,1,1,0,1,0,1,1,0,0,1,1.5015073451166239,1.5939611186369755,-1.1302008217716932
2300,1,1,1,0,1,1,0,1,2,1,0,0,0,2,0,0,1,1,1,2,-0.07319694491918532,1.0310575948030023,0.1358408417733497
2301,0,1,2,0,1,1,0,1,1,2,0,2,0,2,1,1,0,0,2,1,-0.31268740759241853,0.6724933328592589,0.26354343951264586
2302,1,1,1,0,0,1,0,1,0,0,0,0,1,0,0,0,1,2,1,1,1.0750386299510934,-0.2763693453133127,-0.8213815560512874
2303,1,0,0,0,2,1,0,2,1,1,2,0,0,0,2,0,1,0,0,0,-0.5938534026614342,-1.511179632438518,-0.6863117237886327
2304,1,2,0,0,0,0,0,1,1,0,0,1,1,2,0,0,1,2,0,2,0.9796966359402571,2.274310811314322,2.6070218672143746
2305,0,2,1,0,1,1,1,1,0,1,0,0,1,1,1,0,2,2,1,1,0.8193373315040213,-0.04751734007026609,3.000649623000613
2306,1,1,1,1,1,0,0,0,2,0,0,0,0,0,0,1,1,0,0,0,0.3141696840011313,1.6308411980368942,0.04454928760603061
2307,1,1,0,1,0,1,0,1,0,1,0,0,0,2,0,1,1,1,2,0,0.24910820000661324,2.8726800584826453,2.5811051483268197
2308,0,1,1,0,1,0,0,1,0,0,1,0,0,1,1,1,1,0,2,0,-0.20107082655724465,0.1277359889430329,-0.3370427229479642
2309,1,1,0,0,1,2,0,1,2,1,0,0,0,0,1,0,1,1,1,1,-1.803112759660504,-1.262689099881923,-1.6299062986671355
2310,1,2,1,1,1,1,0,0,1,0,1,0,0,1,0,0,2,2,2,0,-0.9061194789922773,0.6827664269495138,-1.4604082414334072
2311,1,1,0,0,0,2,0,0,1,0,0,0,0,0,1,1,1,0,0,1,-0.1859214198088348,-1.2206372305214384,-0.6590866288156927
2312,1,0,1,0,0,1,0,1,2,0,0,0,0,1,0,0,2,2,0,0,1.1594486058725904,-0.5498864016760391,0.9844307884311563
2313,1,0,1,1,1,1,0,0,0,0,1,1,1,0,1,1,0,0,1,1,-0.3730107280384236,-0.04393663713034506,1.0386215376685395
2314,0,1,0,0,2,1,0,1,1,1,2,0,0,0,1,1,2,1,2,1,1.4769201438990993,0.020870921517692115,0.48020343026876133
2315,0,1,2,0,0,1,0,1,2,1,0,0,0,1,1,0,2,1,1,0,-2.0045078532750744,0.29254557101204026,-2.072663524342831
2316,1,0,1,0,0,1,0,1,0,1,0,1,1,0,1,0,1,1,2,1,-0.8200711364113145,0.23760906860457798,-0.5650884987243523
2317,1,0,0,0,0,0,0,1,0,0,0,0,0,0,2,1,1,0,0,0,-0.30961240506201665,0.044785385022297064,0.4393779189103481
2318,1,2,1,0,1,2,0,1,2,2,0,0,1,1,0,0,0,0,0,0,1.0207731342143633,0.8976300576107075,2.9387618655222854
2319,1,1,1,0,1,0,0,0,2,1,1,0,0,0,0,0,1,1,1,0,0.2624590100543101,0.051345930215039526,-2.959978663934476
2320,1,0,1,0,0,0,0,2,0,0,1,1,0,2,1,1,2,0,0,0,0.16800863796954818,-0.4915749676702614,1.2747994901817572
2321,2,2,0,0,0,1,0,0,0,0,0,1,0,0,1,0,2,1,1,1,0.08435732042991444,-0.7898544292582816,-0.7380234929601959
2322,1,1,1,1,1,2,0,1,0,0,0,0,1,0,0,1,1,1,0,1,-0.9506793637734902,0.49710739122590325,-0.3270007719425808
2323,0,2,1,0,0,2,0,0,0,2,1,0,1,1,1,1,1,0,0,1,-2.439138376405888,-0.7169849766871311,-0.16462407178913185
2324,2,1,1,1,0,1,0,2,1,1,0,1,1,1,1,1,1,1,1,0,1.5683721467543354,0.4415107859486049,-0.32722594608409095
2325,0,2,1,0,0,1,0,0,2,0,1,0,1,0,1,1,1,1,0,1,-1.3148799378000882,-0.7905092646889702,-1.6338875707304337
2326,1,1,0,1,0,2,0,1,1,1,0,0,0,1,0,0,0,1,2,0,-1.7604690515946775,-1.0071171566456032,-1.4007210924609166
2327,0,2,1,0,1,0,1,0,0,1,1,1,2,1,0,0,0,0,1,1,-1.1520770219348333,-0.9027094902381447,0.7069804120961128
2328,0,2,0,0,0,0,0,1,1,0,2,1,0,0,0,0,0,1,1,2,0.6365575635621268,0.26663562929138523,2.0997870557214404
2329,0,0,1,1,0,2,0,0,1,1,1,0,0,0,0,0,1,0,0,1,-0.06507540134493632,0.45208625881459075,1.4540007434170217
2330,1,1,2,0,0,0,0,0,1,1,0,1,0,0,0,1,1,2,1,1,0.41429480385758666,0.14121379319259547,-1.3527585215510762
2331,2,0,1,0,0,1,0,1,0,0,0,0,0,0,0,2,1,0,1,1,-0.4357769249810104,-0.16433839911048093,0.40650732069343287
2332,1,2,0,0,0,1,0,1,1,0,0,0,0,0,0,0,2,2,1,1,1.1834419864027668,-0.49851382017703566,1.864111097384721
2333,1,1,0,1,0,1,0,1,1,0,0,2,1,0,0,1,0,0,0,0,-0.6246520386124923,-1.5131548898524503,1.245353536471334
2334,1,0,0,0,1,0,0,1,0,0,1,0,1,1,1,1,0,1,1,0,0.1209735404376693,0.12744499271456078,-0.74681247277299
2335,1,1,2,0,0,2,0,0,2,1,0,0,1,0,1,0,1,0,0,0,-1.0248240612574133,-0.2039885063574643,-1.3549335307676484
2336,1,2,2,0,1,1,0,1,1,1,2,0,0,1,0,1,1,2,0,1,0.3536910366613036,1.1611646588604936,0.06020531341965085
2337,1,0,1,1,1,0,0,0,0,0,0,0,0,1,0,0,0,1,1,0,-0.7286669095002472,1.0932448860151127,-0.7305862838021306
2338,0,0,0,0,0,1,0,0,2,0,0,1,0,1,1,1,1,0,0,1,0.7025684279880748,0.5479198437776337,1.016604178143745
2339,2,1,0,0,0,1,0,2,1,1,0,0,0,0,1,2,1,0,1,1,0.8240180958698282,-0.5339407363351195,1.035660003401152
2340,1,0,0,0,1,1,0,1,0,0,0,0,0,2,0,2,0,1,0,2,1.0298415600250315,0.9472377884120715,0.42440863246875316
2341,0,1,2,1,0,1,0,0,1,0,1,1,0,1,1,0,1,1,0,2,0.0001279608368885028,0.45933440702639355,-1.060794413797179
2342,1,2,1,1,0,0,0,0,0,0,1,0,0,0,0,0,1,1,2,1,0.6205572132965125,-0.2564680166868973,-0.9774036642583976
2343,2,1,1,0,0,1,0,1,2,1,1,0,1,0,1,1,1,2,0,0,-0.3837107731664838,-1.199212340320731,0.0675049943954224
2344,0,1,1,0,1,1,0,1,0,0,0,0,0,1,1,2,1,0,0,1,-0.13015925079913745,-0.5385883958440265,0.8569102079864913
2345,0,1,1,0,0,1,0,0,1,1,0,0,0,0,1,0,1,0,1,2,0.4969522988637625,0.3391172400416412,-0.07959168030200742
2346,0,1,2,1,0,0,0,2,1,0,0,0,1,0,1,0,1,1,2,1,0.321932157436139,0.5613286926797298,2.83557009175643
2347,0,2,1,0,1,1,0,1,1,0,0,0,0,1,0,2,1,0,1,0,-0.6845248410352872,0.19699104960346803,0.8075073456426176
2348,1,2,1,0,0,1,1,1,1,1,0,0,0,1,1,0,1,1,1,1,0.8895355511710844,0.04785829133595887,1.8063107294971965
2349,0,1,0,1,1,1,0,0,1,0,1,1,1,1,0,0,1,1,0,2,-1.7212891952194895,-0.8811675604947937,-0.8671341998059985
2350,0,1,0,0,0,1,0,1,0,0,0,1,0,0,1,1,0,0,2,1,1.2359531882311978,-0.6264405627958978,0.24989310312391624
2351,0,1,1,0,0,1,0,2,2,0,0,0,0,0,0,0,2,1,0,0,-0.3680253432083144,0.2063373957884384,0.3535047420170004
2352,1,2,1,0,0,1,0,1,1,0,0,1,1,0,0,0,0,0,0,0,0.9718239002395945,-1.9007599110272855,-0.34061428767923174
2353,1,1,0,0,1,1,0,1,2,0,0,0,1,1,1,2,0,1,2,1,0.6133154876286361,1.0985461172378952,0.9372150504788473
2354,0,1,1,0,1,0,1,0,1,1,0,0,0,0,0,0,1,1,1,1,-0.5426236204005814,0.5998365710517606,0.12338919322235806
2355,1,1,0,0,0,0,0,0,1,0,0,1,0,0,0,0,1,1,1,1,-0.2564563234379151,-1.871228172678362,-0.22400443145058657
2356,0,1,0,0,0,2,0,0,2,1,2,0,0,1,0,0,1,1,0,2,-0.03158160272117038,0.326009490431156,0.5783530648909173
2357,0,2,2,0,0,1,0,1,0,1,1,0,0,2,1,1,1,0,0,1,0.6551834089128835,-0.2891091514406808,0.013265901969465449
2358,2,2,1,0,0,1,0,2,0,0,0,0,0,0,1,2,1,1,0,1,-1.2637663784307487,-1.0471933355035978,-2.482376691905529
2359,1,2,1,0,0,0,0,1,0,0,0,0,1,0,0,0,1,0,1,1,-0.13870726959290813,1.0932566583620569,-0.507500893565736
2360,1,0,2,1,0,1,0,0,1,2,1,1,0,0,1,0,2,1,1,1,-0.9954188761725995,0.4575920724012206,-0.16257136808085282
2361,2,1,1,0,0,2,0,1,1,0,0,0,0,1,2,1,1,1,0,1,-2.264071269902736,-1.1633488178301166,-0.05513999963272842
2362,1,0,1,0,0,2,0,1,1,1,0,0,1,1,2,1,1,1,1,1,-0.5516628177011235,0.6569989904189986,-0.8237807065664983
2363,1,2,1,0,0,2,0,1,2,2,0,0,0,0,2,0,1,1,1,2,2.609354360178913,0.9867763013198437,1.7157685076301572
2364,1,0,0,0,0,1,1,1,1,0,0,1,0,0,1,0,1,2,1,2,1.0968254704877132,-0.7590175089017248,-0.6825523589932591
2365,0,0,1,0,1,0,0,0,0,2,1,2,1,0,0,1,1,0,0,1,0.12251090607668715,0.260504815372411,0.1501336072157114
2366,1,2,2,1,0,0,0,0,0,1,0,1,1,1,1,1,1,1,0,1,0.2038557738490514,0.5683942204420194,-0.27325965404284097
2367,1,1,1,0,0,1,0,1,0,1,0,0,1,1,0,2,2,0,1,1,-0.19242971504387157,1.4697488223742035,-0.27854756796637303
2368,0,2,1,0,0,1,0,0,0,1,0,0,0,0,1,1,2,1,0,1,-0.14714271295558345,-1.0920896791064532,0.14219871382921934
2369,0,1,2,1,0,1,0,0,1,1,0,0,0,1,1,1,2,1,1,2,0.2850516881702618,0.13398895528522442,-0.4258842902992404
2370,1,0,1,0,0,0,0,0,0,0,0,0,0,0,0,0,0,1,1,1,1.1381101891060361,1.0447598743137887,1.1394783606193624
2371,1,1,1,0,0,2,0,2,1,0,0,2,1,0,0,0,1,1,1,0,-0.25331400277691335,0.08340008578893965,0.33605315345560755
2372,1,1,2,0,2,0,0,0,0,1,0,0,0,0,1,0,2,0,2,1,0.21392955729232882,1.7241029399783472,1.9073547211697193
2373,1,0,1,0,0,1,0,0,0,1,0,0,1,0,0,0,0,1,1,2,-0.397462512725706,-0.7286009079724983,-0.18202052182431355
2374,0,2,0,2,1,2,0,2,2,0,0,1,0,1,0,0,2,2,1,2,1.536257526889723,1.2842175665609898,0.807256691224962
2375,2,2,1,0,0,0,0,0,1,2,1,1,0,1,1,2,0,2,0,2,-0.4160787728000632,0.9154536590428997,0.45281618349652186
2376,1,2,1,1,1,1,0,0,1,0,0,0,0,1,1,1,1,0,1,1,-0.0605753898262854,-0.07987334794477194,0.7688878527709498
2377,0,0,1,0,1,0,1,2,1,0,2,0,1,1,0,1,2,1,1,0,0.14926931633911042,0.43688793654107494,0.22283848331606354
2378,0,0,1,1,0,0,0,1,1,0,0,0,0,0,2,1,2,0,1,1,0.4689908756747146,-1.0832061768832884,1.9410990963072432
2379,0,1,0,0,0,1,0,0,1,1,0,0,0,1,1,1,2,0,1,0,-0.8859091925902371,1.733621406778136,1.2203163404781707
2380,1,1,2,0,1,0,0,0,1,1,0,1,0,1,0,1,0,2,1,1,0.37516511599895724,1.1616805108890436,1.0280541399561975
2381,0,1,1,1,0,1,0,1,1,0,0,1,1,0,0,0,1,1,0,1,-0.3775439253894644,0.23756686433178958,1.6764399948139492
2382,1,2,0,0,1,2,0,0,1,1,2,0,1,1,0,1,1,1,2,1,0.04247529743171746,0.04936010266497891,-0.7386726692808678
2383,1,1,2,0,0,1,0,0,1,1,1,0,0,0,1,1,1,2,0,2,-0.7229478305265755,-0.2232652835070176,-0.9475304384656105
2384,1,2,1,1,0,1,0,1,0,0,1,0,0,0,0,1,1,0,0,0,-1.0209787667269599,1.3743671335552232,1.0205459146092106
2385,0,0,2,0,1,0,0,2,2,0,0,0,0,1,1,0,2,1,1,1,-0.44651084356768017,-0.5100419726676635,-0.6746424278415335
2386,0,1,1,0,1,0,0,0,0,0,0,1,0,1,2,2,1,0,2,0,0.5230523736446439,1.1114545365380886,-0.4235267547551017
2387,2,1,0,1,0,0,0,2,1,1,0,0,1,1,1,1,1,1,1,0,1.945204383772013,0.749116008082085,-0.3222659690985876
2388,1,1,2,2,0,2,1,1,1,0,1,0,0,0,0,1,2,1,1,1,1.4321760523450313,2.9838015677540715,4.10985198163101
2389,0,0,2,0,1,1,0,0,0,0,0,1,0,1,1,1,1,1,0,2,0.02932824134534284,1.2564732003964285,0.4451094251393203
2390,0,1,2,0,0,1,0,2,1,1,0,0,0,0,2,1,1,0,0,1,0.7360941390385755,-0.2657616119544196,1.9060248544540948
2391,0,2,1,1,0,0,0,1,0,0,0,0,1,0,0,0,1,1,1,1,-0.916198376992897,-2.0183384245709024,0.42154108988421735
2392,1,1,2,0,2,0,0,0,1,1,0,0,0,1,1,1,1,1,1,1,-0.3022121718897261,-2.770809460695642,-0.20938923014703084
2393,0,2,0,0,0,0,0,0,1,1,0,0,0,0,1,0,1,1,0,1,0.2206263312871756,-1.0175835241028282,-0.09843662172665607
2394,2,1,0,0,1,1,0,0,1,1,0,0,1,0,1,1,1,0,0,1,0.19769104165508422,0.5090583730897397,-0.02637966358757704
2395,0,1,1,0,0,1,1,2,0,1,0,1,0,0,0,0,1,0,1,2,-1.1487734172134092,0.2856768021085124,-0.6802876719952137
2396,1,2,1,0,0,1,0,1,0,0,1,0,0,2,1,0,0,0,1,0,1.1634524363330878,-0.11822827814418313,1.3257780729687056
2397,2,1,0,0,0,0,0,0,0,1,0,0,0,1,0,0,1,1,0,1,-1.5318049373833238,-2.09605924928718,-0.43109554674362127
2398,0,1,0,2,0,1,0,1,1,0,0,0,0,0,0,0,1,2,0,2,-0.7369017887393046,1.2807446650480738,0.10741090061022679
2399,0,2,1,0,0,2,0,1,2,1,0,0,0,0,0,1,1,1,1,0,0.7592761022197708,-2.428740478367253,-0.32638464623779
2400,0,0,1,1,0,0,0,2,0,0,0,1,1,1,2,2,1,1,2,0,0.2255276503233862,0.27222382236095144,2.0880290186517683
2401,0,0,1,1,1,0,0,1,1,0,0,1,0,0,0,2,1,0,1,1,1.3878940563457571,0.6839316600892642,0.745187794945378
2402,0,0,1,0,1,0,1,1,1,1,0,0,0,0,0,0,1,0,0,2,1.0563773120336177,-0.14555293811694042,0.7552458769467127
2403,0,2,1,0,1,1,0,1,0,0,1,0,0,1,0,1,1,1,1,1,-0.5215942631167425,0.5806928962036744,-0.5253237851324328
2404,0,1,1,0,0,1,0,0,1,0,0,0,1,0,0,0,1,2,1,0,-0.3296352903427006,-0.6022100292644179,0.25455660199416186
2405,1,1,1,0,0,2,0,2,0,0,0,0,0,0,1,0,0,1,1,1,1.814603384232331,0.6969014331820946,1.2359818530736595
2406,0,1,0,0,0,1,0,0,0,1,0,0,0,1,1,1,1,0,1,2,-0.0034638341454528254,1.0156035314364684,-0.17412008118205063
2407,0,0,0,0,0,2,0,1,1,0,1,0,0,0,1,0,2,1,1,1,1.1148563028560194,0.8738850018403697,1.2709651981123642
2408,1,2,1,1,0,1,0,1,1,1,1,1,0,0,1,0,1,1,0,1,1.54644564416209,0.11168490388312896,-0.2835708415376026
2409,0,0,0,0,1,2,0,1,0,0,1,0,1,0,1,1,1,1,0,2,3.056275386407309,-1.3911292767488694,2.2187324093338896
2410,1,1,1,0,1,0,0,1,1,0,1,1,0,1,0,1,2,0,1,2,0.2728994860797154,-1.1967675757591019,-0.48058470530312947
2411,1,2,0,0,1,1,1,1,1,0,1,1,0,1,1,1,1,2,1,0,0.3009789250925257,1.0679513570122892,1.4279445094161654
2412,0,1,2,0,1,2,0,1,0,0,0,0,0,1,1,1,1,1,2,1,-0.37777526983791293,0.7867033606768292,-2.231553484444995
2413,0,1,0,0,0,1,0,1,1,0,0,0,1,2,0,0,1,1,0,1,0.5058327504234845,1.237230893166662,0.5580130998338436
2414,0,1,1,0,0,0,0,2,0,0,0,0,0,0,0,0,2,1,0,1,0.0014806782155195408,1.0975515496264334,0.8737882215504611
2415,0,2,1,0,0,2,0,0,1,0,0,0,0,0,0,1,0,0,0,1,1.7572701370254387,0.9598106745201065,1.159174973976345
2416,1,1,0,1,0,2,0,1,0,1,2,1,0,2,0,0,1,2,2,1,0.9846523163455095,0.9254389791970066,0.262943733636521
2417,1,0,1,0,0,1,0,1,1,1,0,0,0,1,0,0,1,1,0,0,1.1375286248585972,1.3812016940908178,0.40167386934062455
2418,0,2,1,0,0,1,0,1,1,1,1,1,1,0,0,0,1,1,1,1,0.5472875001563944,0.602043408317676,-1.2919263109756276
2419,1,1,1,0,1,0,0,0,1,0,0,0,0,0,1,1,2,0,0,2,1.4567991323965492,-0.34570841664498353,1.3661233274014828
2420,1,0,0,0,1,2,0,2,0,0,0,0,0,1,0,1,2,0,0,0,0.5398711377054594,-0.024473695978929635,-1.4811482374826874
2421,0,1,0,1,0,1,0,2,1,2,1,0,0,1,1,1,1,0,1,1,-1.9318561349724985,1.1549316048898948,-0.9353656815151985
2422,0,1,0,1,0,1,0,0,2,0,1,0,1,1,1,0,0,2,0,2,1.12869461601848,0.8555739581144371,2.596214208077365
2423,0,2,1,1,0,0,1,0,2,0,0,1,0,0,1,2,2,1,0,2,-0.44270338222494077,0.6508257373752034,1.5410101774097213
2424,1,0,0,1,0,1,0,1,2,1,0,0,0,0,0,1,1,0,1,1,-2.2672885711422786,-0.9177444741845024,0.1128281168051195
2425,0,0,1,0,0,0,0,1,0,0,1,0,1,0,0,2,1,1,1,2,-2.339491174359312,0.33624207193453004,-1.7257233161931236
2426,0,0,1,0,1,2,1,0,1,0,1,1,2,0,2,1,1,0,0,0,-0.757422509099652,-0.8080787210726967,-1.234722699737349
2427,0,1,0,1,0,1,0,0,0,0,2,1,1,0,1,0,1,1,0,1,-0.7646943936378151,-0.8423677891285767,-1.1978092770761173
2428,1,2,0,1,0,1,0,1,1,1,0,0,1,0,0,2,2,0,0,1,-0.8082727822391492,-0.10964485025294127,-0.38743830040337834
2429,0,2,1,0,1,2,0,1,1,0,1,1,0,1,0,1,2,2,0,2,0.4818945214930455,1.02557122155853,-0.06114402579471756
2430,0,1,0,0,0,1,0,1,0,1,1,0,0,0,1,0,0,1,0,1,2.0813523168067674,1.4136579855168587,2.2107847212662612
2431,0,2,0,0,0,2,0,1,2,1,0,1,0,0,1,0,2,2,0,1,-0.062447440171937596,0.1955749200739266,-0.6398668512718515
2432,0,0,1,1,0,0,0,1,0,0,1,0,0,0,1,0,1,1,0,2,0.45619608579368404,0.7833003295450942,0.35059201205306445
2433,0,0,0,0,0,0,0,2,1,0,0,0,0,1,1,1,2,1,1,0,0.059581029465115835,0.386237756159113,0.8031838235083881
2434,2,1,2,0,1,2,0,2,1,0,1,0,0,1,0,1,2,1,2,1,1.246250724299286,1.5826873785889914,-0.4105916511831551
2435,0,1,2,0,1,1,0,1,2,1,0,0,0,1,0,2,1,2,0,2,-0.7257233187597786,0.8291985521476473,-0.7312946223356263
2436,0,2,0,0,0,1,0,0,1,0,0,0,1,0,1,1,2,1,0,1,-1.1887641376523894,-0.44224117200734375,0.6157509809747567
2437,1,1,1,1,0,0,0,0,2,0,1,0,1,1,0,1,1,1,2,2,-0.390760732123867,-0.45014282964216323,0.17162941225571277
2438,0,1,0,1,0,0,0,2,2,0,1,0,0,1,0,0,1,0,0,0,-1.127043923788397,-1.4763184459195409,0.2540869033107477
2439,0,0,2,0,1,1,0,1,1,0,1,0,2,0,0,1,1,0,1,1,-2.2700103951580317,-0.6473284689315686,-1.6456069636536004
2440,1,1,0,0,0,0,0,0,0,1,1,0,1,1,0,0,0,2,0,0,0.31545879940304805,-0.09439431794659414,-1.0306311162837007
2441,1,0,2,0,0,1,0,1,1,0,0,0,1,0,0,1,0,0,1,1,0.23295999743430054,0.04176260830915593,-0.3112668241586974
2442,1,0,1,0,0,2,0,1,0,0,1,0,0,0,1,0,2,2,0,0,1.7337330479847823,0.7361856149314183,2.3533591439883703
2443,0,0,0,0,1,1,0,1,0,0,0,0,0,0,1,0,2,1,0,0,0.8862233495305092,-0.47625932282372196,-0.5482087109299661
2444,0,2,0,0,0,1,0,1,1,1,0,0,0,1,1,1,0,0,1,1,0.13984840230401668,0.4937213990790473,-1.3767846664780352
2445,1,1,2,0,0,1,0,2,1,1,0,0,1,0,0,1,1,0,2,0,-0.3339903590932969,0.8917600412768191,0.45576009426728725
2446,0,1,1,0,0,2,0,1,2,1,0,1,0,1,1,0,2,1,1,1,-1.1246977973755268,-0.6081430145326616,-0.5417159562125315
2447,1,2,1,0,0,0,0,0,0,2,0,1,1,1,0,0,1,0,1,1,-0.6659907874119808,1.574441852485678,1.6816586042924309
2448,1,1,0,0,1,1,0,1,0,0,0,0,0,0,1,0,0,2,0,1,0.4799437593973891,-1.7807749571476783,-0.8960867146198305
2449,1,1,1,0,1,1,0,2,2,0,0,1,1,1,0,0,2,2,1,1,0.45417111060887294,-0.37156718070529804,-1.1866330425428966
2450,1,1,1,0,1,1,0,1,1,0,0,0,0,1,0,1,1,1,0,2,-0.019107058166225103,-0.14445883678500654,1.5194643926685385
2451,1,1,2,0,1,1,0,2,0,0,0,1,0,0,1,1,2,1,0,0,0.10569519256920941,-0.10957969219203097,-1.157991588200622
2452,0,2,0,0,0,1,0,1,0,0,0,0,0,1,1,2,2,1,1,1,0.0045153246060453045,-1.391659575437753,-0.34273653440138374
2453,1,1,1,0,0,1,0,1,1,1,0,0,0,0,1,1,0,0,1,1,1.1488502276035726,1.108324010292213,0.911154848537192
2454,0,0,1,0,0,1,0,1,1,0,2,0,0,0,2,0,1,1,2,1,-0.5267133853762046,0.484826669269254,-0.22849538995514845
2455,1,2,0,0,0,1,1,1,0,0,1,1,0,1,0,0,0,1,2,1,0.6181460213300418,-0.07228942360361967,-1.1814275696411052
2456,1,2,1,0,0,1,0,0,0,1,0,1,0,0,0,1,2,2,2,1,-1.4856475429350204,1.1880054780433813,3.1018957641417892
2457,1,0,1,0,0,0,0,1,0,0,0,0,0,0,0,1,1,0,1,0,-2.149153474114889,0.8249285604816418,0.7502281240010696
2458,0,1,0,1,0,2,0,1,1,1,1,0,0,0,0,0,1,0,1,0,0.14777692599912046,1.2521205636724289,0.7110684745749333
2459,1,0,0,0,0,0,0,1,0,0,1,1,0,0,1,0,2,0,2,1,0.9705466840245539,2.2158676710859186,2.8321267790179734
2460,1,1,0,0,0,0,0,1,0,1,0,0,0,0,1,0,1,0,0,1,-0.5618071070434424,-0.2940743441276615,-2.2859233672889325
2461,0,0,1,1,0,1,0,0,2,1,1,1,0,0,1,1,0,1,1,2,-0.14667302292771825,-1.082092571202238,-0.9949695807122145
2462,1,1,1,1,0,1,0,1,0,0,1,0,0,1,1,0,1,0,1,0,-0.5166321967575154,0.9582867130036063,0.4450336070313039
2463,1,0,2,0,0,1,0,1,1,1,1,0,0,0,2,0,2,2,0,2,-1.5024175407183502,-0.7472858168074132,-2.553865003925244
2464,0,2,2,0,1,0,0,1,0,0,0,0,0,1,0,0,2,1,1,0,0.5969183347674584,2.032518829894096,2.004312862968734
2465,1,1,1,0,0,0,0,0,0,1,0,0,0,0,0,0,0,2,1,1,-0.22086984702509288,-0.7128812400376652,0.30463083049889156
2466,0,1,0,0,0,0,0,0,1,1,0,0,1,0,0,0,1,1,2,0,-0.8213152192299041,-0.8844397260522643,-1.4579301750491622
2467,1,1,0,0,0,1,1,1,0,0,1,0,0,0,1,0,0,0,1,1,-0.17619329033517375,0.8612174777097983,1.7506461922484637
2468,0,1,1,1,0,1,0,0,0,2,1,0,1,0,0,1,1,1,1,2,0.027940913331861935,-0.7673002577780672,2.1210013039981694
2469,0,1,1,0,0,1,0,0,0,0,0,0,0,0,0,1,1,0,0,1,0.19225393249522524,1.4989998253069845,-0.29545668630785615
2470,0,1,1,0,0,1,0,2,1,0,0,0,1,0,1,0,0,1,1,0,-0.9576501521139962,-0.5752833707156416,-0.8099200718228554
2471,0,1,1,0,1,2,0,2,0,0,0,0,0,0,0,0,0,0,0,1,-1.5481934305842215,0.7773487240385687,-0.24032699692045556
2472,0,1,1,1,1,2,0,1,0,0,0,0,1,0,0,0,1,2,0,1,0.8805976542022638,-1.2109733609000655,1.1450529138911023
2473,0,1,0,0,1,1,0,1,1,1,0,0,0,0,0,0,1,1,1,1,0.34863496356817375,0.5423065097405789,-0.3274617095929928
2474,0,1,0,1,0,2,0,1,2,0,0,1,0,0,0,1,1,2,2,1,0.08189764262914177,-0.4943121476115793,-0.840198956398594
2475,1,1,0,0,1,1,0,0,2,1,0,1,2,2,2,0,2,2,1,2,2.184722672842797,-0.4343176922922936,0.6380949837797849
2476,2,0,0,0,0,1,0,1,2,0,0,0,1,0,1,0,0,2,1,2,0.8765348742875172,1.6737778544313973,0.7484079221589851
2477,1,1,1,0,1,0,0,1,1,2,1,1,0,0,0,0,1,0,2,0,-0.01969392804750534,-0.33117370590273193,-0.031578388685753626
2478,0,2,0,0,1,0,0,0,1,0,0,1,0,1,0,0,0,0,0,1,0.8399585817384169,1.9218725609031904,0.2518058348819274
2479,0,0,2,1,1,1,0,0,0,1,1,0,0,1,1,1,1,0,0,1,0.7129338821949598,0.4883446329017789,0.007503984753413351
2480,1,2,0,1,0,0,0,1,0,1,0,0,0,0,2,2,1,2,0,1,0.5739400224571977,1.3901727574249894,-0.22292609821594345
2481,1,0,1,0,0,1,0,1,0,0,1,0,0,0,1,1,1,1,1,2,-1.3075159650207093,0.1601372463425133,0.30275703559639533
2482,0,1,0,2,0,2,0,0,1,0,0,1,1,2,0,0,2,1,1,1,-0.20303882043711957,-0.02862705768675719,0.43034288908285506
2483,2,1,1,0,1,2,0,0,0,0,1,0,1,0,1,1,2,0,1,2,1.2447952578840333,0.5223239827823043,1.1998952900039541
2484,1,0,1,0,0,0,0,1,0,1,1,0,0,1,0,1,2,0,1,2,0.32489397611836796,-0.7242935012738636,0.542821063752162
2485,1,0,0,1,2,0,0,2,1,1,0,1,1,0,1,0,2,0,1,1,-0.3397046256601888,-0.44423200124682927,-2.6437037525308402
2486,1,0,0,1,0,1,0,0,1,1,1,0,0,0,1,1,1,2,0,0,-0.7718215914062316,-0.845224500668858,1.5889171378476203
2487,1,1,1,0,1,0,0,0,0,2,0,1,0,1,0,0,0,0,0,0,1.3011739608304909,0.19559314877186282,1.9500425204211946
2488,1,0,1,0,0,0,0,2,0,1,0,1,0,1,1,1,1,2,0,2,-0.7146340598725841,0.38157096731822204,-1.1729905075265386
2489,1,0,1,0,2,0,0,0,2,0,1,1,1,1,1,0,0,0,2,1,-0.6511853574633923,-1.8710922947317687,-0.8850652294036541
2490,1,1,1,0,0,1,0,0,0,1,1,0,1,1,1,0,2,1,1,0,0.9331436247736534,-0.9372805141792008,0.9048340289830687
2491,1,2,1,1,0,1,0,0,1,0,0,2,0,0,1,1,1,0,0,1,0.46295316657790725,1.4231736695437411,0.10441946596779428
2492,1,1,1,0,0,0,0,0,0,0,1,0,0,0,1,0,2,2,0,1,0.06752763703278754,-0.6027109074034149,-0.8172408465580556
2493,2,0,1,0,0,0,0,1,0,0,0,0,0,0,0,1,2,0,2,1,0.32814009515138226,-0.21295882544487624,1.6019409664709732
2494,1,1,0,1,0,0,1,2,2,0,0,0,1,1,1,1,2,1,2,1,0.7668443859810787,-0.569398327764507,-0.4645831217685422
2495,0,2,2,0,1,0,0,0,1,1,0,0,0,0,0,0,1,0,2,2,1.4387515417486663,0.14815606452161906,3.447185688006279
2496,1,0,1,1,1,0,1,1,1,0,1,1,0,0,2,2,1,0,1,1,-0.8991215512858065,-0.35397266892128354,0.7875006909800973
2497,1,0,0,1,0,0,0,1,2,1,1,2,1,0,0,1,1,1,0,2,0.4887903620716334,-0.5223941935573139,-0.18711713530371524
2498,0,1,1,0,0,1,0,1,1,0,0,2,0,1,1,0,2,1,1,1,-1.4268901029065184,-0.6302704676495111,-0.6345122263592395
2499,0,1,1,0,0,1,0,0,0,1,1,0,0,0,2,0,1,0,0,1,-0.402189913221419,1.6957170836406683,0.24288978785462834
2500,2,1,0,0,0,0,1,2,1,0,0,0,0,0,0,0,2,1,1,0,-0.7059824853850553,1.4731615982561657,0.21430870774564612
2501,0,1,1,0,0,2,0,1,0,1,1,1,0,0,1,0,1,0,1,0,-0.015174479900284676,-0.4344401185064013,-0.222969146495016
2502,1,0,2,1,1,2,0,0,1,0,0,1,0,1,0,0,1,0,1,1,-0.3538563182096583,1.0149083535090762,-0.058369376989254484
2503,1,1,1,0,0,1,0,1,2,0,1,0,0,0,1,1,1,0,0,2,-0.24330714829642577,-0.6139416604999549,-1.5962072729328018
2504,2,1,1,0,0,2,0,2,0,0,1,0,1,1,1,0,1,2,1,0,0.8982598842680125,-1.6342114923645967,0.5843603972408951
2505,1,1,1,0,1,0,1,2,2,0,1,0,0,1,1,0,2,0,2,2,-0.7448709732058961,1.7084234430187213,0.9960224152868522
2506,0,0,0,0,1,0,0,0,1,1,0,0,0,1,1,1,1,2,0,1,0.532312558007002,-0.08887913343202034,-0.5511276352362839
2507,2,1,2,1,0,1,0,0,1,0,1,0,0,2,0,0,1,1,2,1,-0.3983560468914532,-1.518413384596668,-1.375401945123301
2508,0,2,0,1,0,0,1,2,1,0,0,1,0,1,0,1,1,1,1,1,1.586055684462515,0.6602262986850691,-0.274473607889151
2509,2,1,1,1,1,0,0,1,0,1,0,0,0,1,1,1,1,0,1,2,2.1413035644870675,0.46927657581617777,1.213344926053356
2510,0,0,1,0,0,1,1,1,0,0,0,0,0,1,1,2,2,1,1,2,-1.2868718591030568,0.09042052093901132,0.21737536117096024
2511,0,1,1,1,0,1,0,1,2,0,0,0,0,0,0,1,2,2,2,1,1.0655897605946547,1.1296350660691798,-0.6020084147507676
2512,1,1,2,0,0,0,0,1,1,1,1,0,0,1,0,1,0,1,2,1,0.9425493571007083,0.9158649358752908,0.7887219408831174
2513,1,2,1,1,0,2,0,0,0,1,1,1,0,0,0,1,0,1,0,2,-0.432880112164243,-0.8118689731429461,-0.1819630188741035
2514,1,1,1,0,1,0,0,2,0,0,0,0,1,1,0,2,1,1,0,1,1.5215686257274943,0.8068907801387026,2.365294127139538
2515,0,1,0,0,1,0,0,1,1,0,0,1,1,0,0,0,1,1,1,2,0.13437631692366442,0.690068876463594,0.6406009143573319
2516,0,1,1,0,0,0,0,0,0,0,1,1,0,0,0,0,2,1,1,1,0.25623157553575215,1.053165525299406,-1.3126717398953387
2517,2,1,0,0,0,0,0,1,2,0,0,1,0,0,1,1,1,1,1,2,0.4705299580601551,-0.8908971378086641,0.6278440328672086
2518,0,1,1,0,1,1,0,1,1,0,0,1,1,0,1,1,1,1,1,1,0.2182761662945266,-1.105492004327786,-0.9615409541988015
2519,0,2,1,0,0,1,1,1,0,0,0,0,0,1,1,0,1,1,1,2,-1.1320171420349843,0.0032209944396960066,-2.4731117232747173
2520,1,0,1,0,0,1,0,1,2,0,1,1,1,1,1,0,0,1,1,2,-1.1048371215547435,1.1510386486163602,1.2746647473586141
2521,1,1,1,0,0,0,1,1,0,0,0,0,0,0,1,1,2,2,1,2,-3.2962799040003805,0.009714901776405216,-1.0595795611835501
2522,1,0,1,0,0,0,0,0,1,2,0,0,0,0,0,0,2,0,0,2,2.0293416970970735,0.19199888229481457,0.7506865860977052
2523,0,1,1,2,0,0,0,1,1,0,0,2,1,1,1,0,2,0,1,1,-0.34106138760986326,-0.32139839658402203,0.5798161155966033
2524,0,2,1,0,0,1,0,2,1,1,0,0,0,0,0,0,1,1,0,1,-1.1806462463956036,1.1592288256541352,1.6930746624525517
2525,1,1,0,0,0,0,0,0,0,0,0,0,0,0,0,0,1,0,0,1,-0.6049972992784131,-1.5525432207770273,-1.4329404938875956
2526,0,0,1,1,2,0,1,1,0,1,1,0,0,1,0,0,2,1,0,1,-0.506944214565604,-1.1396190699198157,-0.59119504767952
2527,1,2,0,0,0,2,0,0,1,0,0,0,0,0,0,1,1,0,2,0,-1.547471872432005,-0.055849291718734095,-1.6810930525420638
2528,1,1,1,1,0,2,0,1,2,1,1,1,0,0,0,2,2,0,1,0,-0.2269209865749176,-1.233572617777269,0.4314766832871859
2529,1,1,1,0,0,2,0,2,1,0,0,0,0,2,0,1,1,0,1,1,0.10202251128649828,0.4294943987969423,0.9084601520306408
2530,1,2,1,1,0,1,0,0,1,0,0,2,0,0,1,1,1,2,0,1,-1.0848522430696208,0.7423455316588611,-0.08583712851675336
2531,2,1,1,0,1,0,0,1,1,1,0,0,1,0,1,2,1,1,0,1,-0.8936681189683942,-2.6334519965023655,0.4542976970419363
2532,2,1,1,0,0,0,0,0,1,0,0,0,0,2,1,2,1,0,0,1,0.12805440925301204,-0.07600853726194307,-0.27166033567669295
2533,0,1,1,0,1,1,1,0,1,0,2,0,1,0,1,1,2,2,2,1,0.2643389686343183,-0.18627042400352928,0.0592625260733923
2534,0,0,0,1,1,0,0,1,1,0,0,0,0,0,1,1,1,1,2,1,1.6825956056989766,1.7741650919386736,0.9621340166518086
2535,2,1,2,0,1,1,0,1,1,1,0,0,1,2,1,1,1,0,0,0,-0.637954997738282,0.3105138186279455,0.3700999882540588
2536,0,0,1,0,0,2,0,1,0,1,1,0,0,0,1,0,1,1,0,1,1.277024937487404,0.6117135409725408,-0.3481957790710448
2537,1,2,1,0,0,0,0,0,0,0,0,1,0,0,0,0,2,0,1,2,0.005855568225083559,0.7504943270581848,0.7560820196721411
2538,0,2,1,0,0,2,0,1,2,2,1,0,0,0,2,1,0,0,2,2,0.3363289571803174,-0.2498152065422809,-0.06275801311814883
2539,0,2,1,0,0,2,0,0,0,0,0,0,0,1,1,0,2,1,1,1,-0.5164450163014305,-0.6535010764453375,0.048252860256019936
2540,1,1,0,0,1,1,0,2,1,0,1,0,0,0,0,1,0,0,1,1,-1.2532440715677968,0.9980679478140018,0.8962091550709103
2541,1,0,0,0,0,2,0,1,1,2,1,0,0,1,1,0,0,0,0,2,-1.4730034621206343,-0.11728613031394514,-0.7380677455043292
2542,0,1,2,0,0,0,0,1,0,0,1,1,0,0,0,0,1,2,0,0,-0.4896627385813199,0.4748802558001124,0.3460660352451996
2543,1,1,0,1,1,2,0,0,1,0,1,0,0,0,0,0,0,1,0,1,0.35822742861216084,-0.28000616988781035,-2.0509702520096416
2544,2,1,0,1,2,0,0,1,1,0,0,0,0,0,2,1,1,2,0,1,0.4895151899358835,0.7696221088914663,2.271296998318462
2545,2,0,1,0,0,0,0,1,2,1,0,0,0,0,1,0,0,1,0,1,1.225526689330337,1.586731916278962,2.0280707534185662
2546,2,1,1,0,0,2,0,1,0,1,0,1,0,0,0,1,1,1,1,2,-0.039248319222938914,0.3339159622670703,0.5542058691916698
2547,1,0,0,0,0,1,1,0,1,1,0,0,0,0,1,1,0,0,2,1,-0.1434768619294793,0.04421931258379158,0.5272417479142005
2548,0,2,1,0,0,1,0,0,2,1,0,1,0,1,1,0,2,1,1,1,-0.426571375756882,0.9258644993401416,-0.018567312353817422
2549,1,2,2,0,1,1,0,0,0,1,0,1,1,2,0,2,1,0,2,2,-0.20748223694256726,-0.3263071171386193,-0.862563882413713
2550,1,1,1,0,0,1,0,0,1,0,1,1,1,2,0,1,0,0,1,2,-1.6162142218645796,1.0076145517862165,-0.7456199280556853
2551,0,2,1,1,0,0,0,0,0,0,1,1,1,1,0,0,1,1,1,1,0.1502057318697127,-1.2385779126074001,-1.9305866524638624
2552,0,1,0,0,1,2,0,1,1,0,1,0,0,0,0,0,1,1,1,1,0.12760169783950093,0.7398737523113144,1.3282903567578237
2553,0,1,0,0,0,2,0,1,1,0,1,0,1,0,1,0,2,1,0,0,0.46047766910765986,0.6909608599347642,0.05382777015784124
2554,0,2,1,0,0,0,0,0,2,2,0,1,1,1,1,0,0,0,1,1,0.930720603805858,-0.4648250168376363,-0.576800900677542
2555,2,1,2,1,1,1,0,0,0,2,0,0,1,0,0,2,0,0,1,2,0.9257926622008302,1.0136804276837261,-1.0444781847332023
2556,1,1,0,0,1,1,0,1,1,1,0,0,0,0,1,0,0,0,0,1,1.6601267044154764,-0.7747402751862831,1.729421294685117
2557,1,0,1,1,0,1,0,0,1,1,0,0,1,1,0,1,1,0,1,0,0.3749437605872926,0.20962978131130247,0.8967389500864646
2558,0,1,1,0,0,0,0,2,0,0,1,0,2,0,0,0,1,0,0,2,0.37173100910226564,1.4995477331389526,-0.060834055916091145
2559,0,1,2,0,0,1,0,0,2,1,1,0,1,1,0,0,2,1,2,1,-0.901786952027847,-0.4503051137927735,-1.3574592646517056
2560,1,1,2,0,0,0,0,0,2,1,0,0,1,1,0,0,1,2,1,1,1.166333177617274,0.5674119895428855,1.020713911981815
2561,2,0,0,1,0,1,0,0,0,1,0,0,0,0,1,1,2,1,0,1,-0.5125037084853289,-0.0414214143834602,-0.2651770265740724
2562,0,0,0,0,0,0,0,0,1,1,0,0,0,0,0,0,1,1,2,2,0.3912317343409089,0.7877688131362846,0.14318191339889058
2563,0,0,2,1,1,1,0,1,0,0,0,0,1,1,0,0,0,1,2,1,-0.7353885665761485,1.5943934079182065,0.7712470806068223
2564,1,1,1,0,1,0,0,0,1,0,0,0,0,0,0,0,1,1,1,0,-0.446368491833576,0.5195750664916879,-0.6768182722412158
2565,1,2,0,0,0,1,0,0,2,1,0,1,0,0,0,1,1,1,2,2,0.4579496929962567,-2.0581683551534513,0.9181439575117687
2566,0,1,2,0,0,0,0,1,0,0,1,0,0,0,0,0,2,1,0,2,1.0358790654513126,0.20717438370616603,0.4712697343463643
2567,1,1,1,0,0,1,0,0,0,0,0,0,0,1,1,1,2,1,1,0,0.4247985984316205,0.6185135014213619,0.1415797153999433
2568,1,1,0,0,0,1,0,0,0,0,0,0,0,0,1,0,2,0,1,2,-0.21370267193323797,-0.7774066152427447,-1.0378347070576197
2569,1,1,1,0,1,2,0,1,0,1,0,0,1,1,2,1,1,2,0,1,1.7730451975673716,0.5407378848167569,-0.6360725033396737
2570,1,2,0,1,1,1,0,0,1,0,1,0,0,0,0,0,1,1,0,1,-1.35462592656087,0.5042122908486659,-1.2397481907025227
2571,2,0,0,2,2,0,0,0,1,0,0,0,0,0,1,1,0,1,0,2,-0.2012194893868486,1.3053062231412564,2.540568591960733
2572,2,0,0,0,0,0,0,0,2,0,1,1,0,0,0,1,1,1,0,2,1.9009514163114272,1.281477872591192,0.36185611426690567
2573,0,0,1,0,0,0,0,1,1,1,0,0,0,0,1,0,2,1,0,2,-0.5411758738060146,-0.2191480355498529,-1.0922486174286563
2574,0,0,1,0,0,1,0,0,0,0,1,0,1,0,1,0,0,1,2,1,-2.0105690741656077,-0.6517750081566611,0.27287429254385365
2575,1,0,1,1,0,1,0,1,1,0,1,0,0,0,1,1,1,1,0,1,0.7867831029716887,-0.47714279456445846,0.6773206516869088
2576,0,1,0,0,1,2,0,0,1,0,0,0,1,1,0,1,1,1,1,1,2.967020039146444,1.1136379495147408,2.4076199531183677
2577,1,1,1,0,1,1,0,1,0,1,1,0,0,1,0,1,2,1,0,1,-0.0027364366768470863,-0.16228470385383,0.4665871765733223
2578,1,1,1,0,0,1,0,1,2,0,0,0,0,0,0,2,1,1,0,1,-1.4162089391390804,-2.3817264443028625,-0.2968057142831793
2579,2,1,1,1,0,0,1,0,0,1,0,1,1,0,2,0,1,2,1,1,-1.2793740126502695,-2.380932243553148,-0.8463103506418785
2580,0,0,0,0,0,0,0,0,0,1,1,1,0,0,0,0,2,1,1,2,0.051603398363155646,0.2817445882356075,0.9810879287029045
2581,1,2,0,0,1,1,0,0,1,0,0,0,0,1,1,0,1,0,1,0,0.5607795667442542,-1.5652873067505715,-2.668457018298838
2582,0,1,1,0,1,0,0,2,1,0,1,0,0,1,0,1,1,0,0,0,-1.0758260315778532,-1.0983281100408266,-1.8428330443701806
2583,1,2,1,0,0,0,1,1,0,2,0,0,0,2,1,2,0,0,1,0,-0.7666582257055107,0.6010197992432149,0.10874003345174746
2584,0,0,2,0,0,0,0,1,0,0,0,1,1,1,0,2,1,2,0,1,0.8117123066208713,1.5816487745419041,1.392176428363999
2585,1,1,0,0,1,2,0,2,0,0,0,0,0,0,0,2,1,0,0,2,-1.3882320448243797,0.18760785875307534,1.023418371160177
2586,0,0,0,0,1,1,0,0,0,0,0,0,1,0,0,0,1,2,1,1,-0.22343146690707147,-1.546738443116594,0.6130725006835364
2587,0,1,1,0,0,1,0,0,2,2,0,0,0,0,1,0,0,1,2,2,0.2659894279471657,1.9095500551099611,2.8233412183252344
2588,0,0,1,0,1,1,0,2,1,0,0,1,0,1,1,1,1,1,1,1,0.2319187137040036,-0.575048861080339,0.15931473330975754
2589,0,1,1,0,0,0,0,1,1,0,1,1,1,1,0,1,1,0,1,1,-1.0101623607217705,-0.11880845883222707,-0.10027660881397993
2590,0,2,1,1,1,1,0,0,2,0,0,0,0,0,0,0,2,2,1,1,-2.2700441577084765,-0.8045934680306672,-0.3716576354969051
2591,0,1,1,0,1,1,0,0,1,1,0,0,1,0,1,0,2,1,1,2,1.5431587129066882,-1.4010733701598017,0.38065216741503904
2592,0,0,2,1,0,1,0,2,1,0,0,0,1,1,0,0,1,1,0,0,-0.7878907418806619,-1.0743683753399909,-0.7910974038510157
2593,1,1,1,1,0,0,0,0,1,1,1,0,0,1,0,0,0,1,1,2,1.0222154735743654,0.5252939578756579,1.2948318773662462
2594,0,1,2,0,0,1,0,0,1,0,0,0,1,0,1,1,1,1,0,0,-2.1290695986281984,-0.5881007048815936,-0.33726504866319407
2595,0,2,1,1,1,0,0,1,1,1,0,0,1,0,0,0,0,1,1,1,-1.5451629404909761,0.8781362299525475,0.4379183374060042
2596,0,0,1,0,1,0,0,2,0,1,0,0,0,0,1,1,0,1,2,2,-0.2941736505202556,0.0729277071500709,0.14593912093916786
2597,1,1,1,0,1,0,0,1,0,0,0,1,0,1,0,0,1,1,1,1,-0.1054903922439713,-1.3578581424787306,-1.0127637240324239
2598,2,0,1,0,0,1,0,1,0,0,1,0,0,1,1,2,1,0,1,1,-0.5925717384160433,-0.5445088207347681,-1.346146171010522
2599,0,1,0,1,1,0,0,1,0,1,0,1,0,0,1,1,2,1,0,2,0.6408543141202837,-0.25178044571468816,0.6016046177790901
2600,1,2,1,0,0,1,0,2,2,1,1,0,0,0,1,1,1,1,1,2,0.9677172191918477,-0.25417945021941135,-0.2471025178423495
2601,0,2,0,1,0,2,0,0,2,0,0,0,0,0,1,0,1,1,1,0,-1.0204363069081692,0.9571974871386892,1.1651943059107168
2602,0,2,0,0,1,2,0,1,1,0,0,0,0,0,2,1,1,1,0,2,0.1387611725880713,0.4648568817087487,-0.49353734750801304
2603,1,1,1,0,1,2,1,2,0,0,0,0,0,0,1,0,2,1,1,1,0.820261859159242,-2.338812906136453,1.1508662986084297
2604,1,1,0,0,0,0,0,1,1,0,0,0,1,0,1,2,2,0,0,2,-0.96632418385403,-1.1078814494352227,1.1851922221108078
2605,0,1,1,0,0,1,0,0,1,1,0,0,0,0,1,1,2,0,0,1,-1.0683672700776419,-0.6718326968520537,-1.6069285793056323
2606,2,1,2,0,0,0,0,1,1,0,1,1,0,1,0,0,0,2,1,1,1.1038104209669664,1.348766832771749,2.3196050458962754
2607,1,0,0,0,1,1,0,0,1,0,0,0,0,0,0,1,2,2,2,2,-0.5957091736789879,0.12470401629861005,1.2904662869536794
2608,1,1,1,0,1,1,0,1,0,0,1,0,0,0,1,0,1,1,1,1,-0.8352887745113335,1.12532692787175,0.9588658571728595
2609,1,1,0,2,0,1,0,0,1,0,0,1,0,0,1,0,2,0,0,2,1.4877923765134922,0.510082855966985,0.3281834785284041
2610,0,0,0,1,1,1,0,0,1,0,0,0,0,2,1,1,1,0,1,1,-1.6177763670422989,0.09903359337437107,-2.4068650933266773
2611,1,1,1,0,0,1,0,0,2,0,0,0,0,0,1,1,1,1,1,0,-0.2779061360230671,0.4500800671547833,-1.9621501904611593
2612,0,2,1,0,0,0,0,2,1,1,0,1,0,1,1,1,1,1,0,1,-0.7147752113295105,-0.4475743626074089,-0.04388440619901679
2613,1,1,1,0,2,1,0,1,1,1,1,0,0,1,1,0,1,0,2,1,-0.4047728209354043,-0.28213990643465986,-0.23771113469304525
2614,1,0,2,0,1,2,0,2,1,0,2,1,1,0,1,1,1,0,1,1,-1.2293327005605403,-0.09165796896093811,-0.31990482504525886
2615,0,1,1,0,0,0,0,2,0,0,0,0,0,2,1,0,0,0,0,2,0.04162991891936969,0.9371152759117143,0.9903644111332315
2616,0,2,1,0,1,1,0,2,0,2,0,0,0,0,2,0,1,1,0,1,-0.44370626851979783,1.8436496644602993,0.3066029039829602
2617,1,0,1,0,1,1,0,0,2,1,0,0,0,2,1,1,0,1,1,2,-1.9111917774505331,0.8236051703016037,-1.7193162771266142
2618,1,1,1,1,0,1,0,0,1,0,0,0,0,0,1,2,2,0,1,0,-0.10430875599377755,0.5534653270022536,0.4026342166237478
2619,0,1,1,0,0,0,1,1,1,1,0,0,1,0,0,1,0,1,0,1,0.1843766968271358,-0.5442402261013944,0.14775559578415087
2620,2,0,0,1,0,2,0,0,0,1,0,0,0,1,0,0,1,1,1,1,-0.8274489362286431,-0.42065445132659074,0.8736627251195019
2621,0,2,2,0,0,2,0,0,2,1,1,0,0,0,2,0,1,2,1,1,-0.3639639379159449,-1.986569298611525,0.14452733775130094
2622,0,0,0,0,1,0,0,1,1,1,0,0,0,0,0,1,1,1,0,0,0.1459757037889755,-0.9403237219203915,-0.7995588962381062
2623,2,0,1,1,1,2,0,0,1,1,0,0,0,0,1,1,2,1,0,1,-0.11255821882847766,-1.4130357575930592,1.601686877063857
2624,0,2,1,0,0,0,0,0,0,1,0,0,0,1,0,1,2,1,1,1,0.008243315439615918,-1.6161504563248665,0.12218614400987039
2625,2,1,2,0,1,1,0,0,0,0,0,0,1,2,2,1,2,1,0,2,-0.6145468636130167,-2.146858427724994,1.0557253573227523
2626,2,1,1,0,0,0,0,2,0,1,0,0,0,2,1,0,0,1,0,1,-0.022139902558822797,1.7351232965963235,1.8367250053084985
2627,0,1,0,0,0,1,0,0,1,1,0,0,0,0,0,1,0,0,1,1,0.16184954894859757,0.2508760977421368,0.8743462655188512
2628,0,2,0,2,0,0,0,0,1,1,0,0,0,0,1,0,1,1,0,0,0.6346173387995301,0.5152334300393133,-0.07578684162567739
2629,1,2,1,0,0,0,0,2,0,1,0,0,0,1,0,1,1,1,1,1,-0.3464646517957886,0.9095975426845035,-0.07138382877732855
2630,1,0,1,0,0,0,1,1,0,2,0,1,0,2,0,2,1,0,1,2,0.5781218112073778,1.3617261564223129,0.046658397910733784
2631,1,2,2,0,0,0,0,0,1,0,1,0,0,1,1,0,1,1,0,1,0.5568839251322474,0.21555915175798407,-2.55775744249527
2632,1,0,1,0,0,1,0,0,0,0,0,0,0,0,1,0,0,0,2,0,-1.2771095482766852,1.3355141755741198,1.4674671215262738
2633,0,1,1,0,1,2,1,0,1,0,1,0,0,0,0,1,1,2,0,1,1.5934556574902818,0.49236443462448976,1.285937591769974
2634,1,1,0,0,0,1,0,1,1,0,1,0,1,1,0,1,1,0,1,0,-0.6715806578606146,-0.2192958380125441,0.4147983575145919
2635,0,0,1,0,0,2,0,0,1,1,0,0,0,1,0,0,1,1,1,1,0.9690667416712727,-0.3510478682281759,-1.1613969174097127
2636,0,0,1,0,0,0,0,1,1,1,0,0,0,1,0,1,1,0,1,2,0.519456950810563,0.34304648344908295,0.3960172282784547
2637,2,1,2,0,1,0,0,0,0,0,0,0,0,0,0,0,1,2,1,0,0.5920612219630522,-2.0363322024514154,1.653962086927747
2638,1,1,0,0,0,1,0,0,0,0,1,0,0,0,0,0,1,1,0,1,-0.8955698472303825,0.32557014985989685,0.17104524925901232
2639,1,1,0,0,0,0,0,2,0,1,0,0,0,1,2,1,1,1,0,1,-0.08515893903466318,1.0857462301833984,-1.7434958133477845
2640,0,1,0,1,0,2,0,2,0,1,1,0,0,0,1,1,1,1,0,1,0.8372958383963237,1.4551172384737747,-0.5540052953930605
2641,1,0,1,0,0,2,0,0,2,0,0,1,0,0,1,1,2,0,1,0,0.022625201877697836,-1.6965708517336748,-0.6482281481409424
2642,0,1,1,0,0,1,0,2,1,1,0,0,2,1,1,0,1,1,1,0,0.01137070807769801,-0.34529952778634665,0.9895677506614556
2643,1,1,0,0,0,2,0,1,0,0,0,0,0,0,1,1,2,1,2,1,-0.8592060054354245,-0.14505380285442998,-0.5397375367135391
2644,1,1,0,1,1,1,0,0,1,1,0,1,0,1,0,1,0,1,0,1,-0.48827926811849476,0.2092175236489658,-0.34504056502828606
2645,1,0,1,0,1,0,0,2,2,1,0,0,0,2,0,0,0,1,0,2,0.028804369179721505,1.7547497872264388,0.06015871625672975
2646,0,1,1,0,1,0,0,1,0,0,1,0,0,0,2,1,0,0,1,1,0.2051955064535974,2.3468273340456047,2.401791273665997
2647,0,1,1,0,1,2,0,1,2,1,0,1,0,1,1,1,1,0,1,0,-0.5437030564491877,0.23545233397703494,-0.1826555853812088
2648,0,1,1,0,0,0,1,0,1,1,1,0,1,1,1,0,2,1,0,1,0.4676223027540992,0.7213593157373951,1.4305457237941002
2649,0,1,1,0,0,0,0,1,1,2,0,0,0,0,0,0,0,0,1,2,0.9172519520034781,0.8229126747201825,2.656438620752332
2650,0,1,2,0,1,2,0,0,2,0,0,0,0,0,0,0,1,1,1,1,0.5457961624248342,-1.8903936332181623,1.7421960070005338
2651,0,1,0,0,0,1,0,0,1,1,0,1,0,0,2,0,2,1,0,2,0.03224782911869037,-0.7704923032022468,-0.12399397426667395
2652,2,1,0,1,0,1,0,2,0,1,1,0,1,0,1,2,0,0,1,1,-0.6022846317577635,-0.07697121888506692,-0.20929242886446509
2653,0,1,1,2,0,2,0,2,2,1,1,1,2,0,0,0,1,0,2,0,-0.36693994706031535,-0.4098038650310571,-1.5489966574756258
2654,1,0,0,0,1,0,0,1,1,0,0,0,1,0,0,1,1,2,1,1,-0.21641474114736775,0.6312011986706478,-0.1324704880670861
2655,0,1,1,0,2,1,0,0,1,0,0,0,0,1,0,0,2,2,1,0,-0.7252903041354296,-0.2972744876169702,-1.640088159213659
2656,0,1,0,0,1,1,1,1,0,0,1,0,0,2,1,1,1,1,0,1,-1.2991573199307056,-1.9846842267613287,-1.6184644381739846
2657,0,1,0,0,0,2,0,1,0,1,0,0,0,0,1,1,0,0,1,1,-2.205769177090194,-1.0860964187223243,-2.1878348980399207
2658,1,2,2,0,1,1,0,2,2,2,0,1,0,0,1,1,1,1,2,0,0.046047276682601536,0.6273101414270756,2.386109539950608
2659,1,0,1,0,0,0,0,1,0,0,1,0,0,2,1,0,2,0,1,2,0.10732371154358526,0.003939436855668416,0.7237028136562674
2660,0,0,1,1,1,1,0,2,0,0,1,0,1,2,1,0,1,2,0,0,-1.666964364689216,-0.14258481594056432,-1.0193266772414675
2661,0,1,1,1,0,0,0,1,0,1,0,0,0,1,0,1,1,0,1,0,0.9134377025625335,-0.3132264523917358,1.5855848120345046
2662,1,1,1,0,1,1,0,0,2,1,1,1,1,0,1,1,1,1,0,0,-0.9483191357168008,-0.2071505928104317,-1.4618809988410775
2663,1,1,1,1,1,1,0,1,0,0,1,0,0,1,1,1,0,1,1,1,0.5626322656012985,2.9267223954495165,2.383197218604174
2664,2,2,2,1,0,0,0,1,1,1,1,0,2,0,2,1,2,0,2,1,1.2036772798162476,-0.11125539206329008,0.34725925886286113
2665,0,1,0,0,0,1,0,0,2,0,0,0,0,1,1,1,0,0,0,1,0.3315130363335202,0.18064577928946807,-1.0139131863259774
2666,0,0,1,1,1,2,0,1,1,1,1,0,1,0,1,0,2,1,1,2,-1.3634270834790299,-1.7748078787079165,-1.4327667443715635
2667,2,2,1,1,0,0,1,0,1,0,0,1,0,1,0,0,0,1,0,2,-0.12806656153840282,-0.7255183464553547,-2.15999822326257
2668,0,2,0,0,0,0,0,0,2,1,0,0,1,1,0,0,2,2,0,2,-0.23667444255690606,0.9043401780942122,0.05546799208221748
2669,1,1,2,0,0,1,0,1,1,0,0,1,0,0,0,1,1,1,0,2,0.8306400222916492,0.21291576986431104,0.32537245144957927
2670,1,1,1,1,1,1,0,1,1,0,0,0,0,0,1,0,0,0,1,1,-1.9108001429249897,0.7265325433998213,-0.11288255907149947
2671,1,0,1,1,1,2,0,0,2,0,0,0,1,1,1,0,1,1,2,1,0.37430031063554864,-1.861545081443981,-1.3350221646994778
2672,0,0,0,1,1,0,0,0,1,1,0,0,0,1,1,0,2,0,1,1,-1.6722949731989183,-0.15649999621837618,-0.22119945822019627
2673,0,2,0,1,0,1,0,0,0,1,0,0,1,0,0,0,1,2,0,2,0.38931717928379345,-1.0769509765781837,-0.7775758278747051
2674,0,0,0,0,1,2,0,1,0,1,0,0,0,1,0,1,2,2,0,1,0.8613921207777537,0.3089170214342154,1.7243238963098573
2675,1,1,1,0,0,1,0,1,1,0,0,0,2,0,0,0,0,1,1,1,0.8300478370031398,-2.009384731634096,-0.5572173302000201
2676,1,0,2,1,0,1,0,1,1,0,0,1,0,1,0,1,1,1,0,1,-0.47667024509919437,-0.17131936681460103,-0.374619177023449
2677,0,0,0,0,0,1,0,1,0,0,0,1,0,1,1,0,1,0,1,1,0.19175570526124977,1.4370787330822798,1.9459872479371971
2678,1,1,0,0,1,1,0,2,1,0,0,1,0,2,0,1,2,0,0,1,0.45486556377630644,-0.2325647661060261,0.46022391845789
2679,0,1,0,0,1,1,0,1,0,0,0,0,0,1,1,1,1,0,1,1,0.04592736480049198,-0.48313411268144324,-1.4191217810392867
2680,1,2,1,0,0,0,0,0,0,1,0,1,1,1,0,0,1,1,1,2,-0.8294541136859009,0.403867557080549,0.09593581447678468
2681,1,0,0,0,0,2,0,1,0,0,0,0,1,0,1,1,0,0,1,2,0.10148028436039049,0.07017017044037091,-1.1028218338532443
2682,1,0,0,1,0,1,0,1,2,1,0,0,0,0,0,1,0,1,1,1,-0.4687601936137533,0.48622446299064753,-0.20984242879921175
2683,0,1,0,0,0,2,0,1,1,0,0,0,1,1,1,0,1,0,1,2,0.7065416782758496,-0.1026521502396282,-0.5628853148873229
2684,0,0,1,1,0,1,0,1,1,0,1,0,0,0,1,0,1,0,1,1,-0.9632587521289663,0.35130792062954513,-0.4304697764890581
2685,0,2,0,1,0,1,0,0,0,1,0,1,0,0,2,0,1,1,1,1,0.4669078628130645,0.14232989782884878,-0.8092456702068056
2686,0,2,2,0,0,1,0,1,0,0,1,0,0,1,0,0,1,0,1,0,-1.1973510397756129,-0.09526216471766259,-1.163767070718856
2687,2,1,0,0,0,2,0,0,1,0,1,0,0,0,1,1,2,1,1,1,0.05330485738949532,0.14475641162956981,-0.34945105949750005
2688,1,1,1,0,0,1,0,2,1,0,1,0,0,1,1,0,1,2,0,0,0.1174104468780276,-0.4919546929618842,0.7940624168349683
2689,1,1,1,0,1,2,0,1,1,1,1,1,0,0,1,1,1,1,0,0,-0.524667462581145,1.111667200346949,0.7938122386795174
2690,0,0,2,0,0,0,0,0,0,2,0,0,0,1,1,1,1,1,1,1,0.5845189348829182,0.10093444627840494,1.3063343947079071
2691,1,1,0,1,0,1,1,1,1,0,0,1,0,1,0,1,0,1,1,2,-0.7838048252510531,1.4240049315518544,-0.4860910545335929
2692,1,0,1,0,1,0,0,0,1,2,0,0,1,1,0,1,1,0,1,2,1.234293885445746,-0.9799648402626306,2.0109762714669737
2693,0,0,1,1,0,0,1,0,1,0,0,0,0,1,1,2,2,1,0,2,-0.13897333880138948,1.5601313275994104,-0.9191145431584217
2694,1,1,1,0,0,0,0,1,1,1,0,1,1,1,0,0,0,1,0,1,-1.0704277210257511,0.3912354213887101,-0.10909746173037499
2695,0,1,0,1,0,1,1,1,1,1,0,0,0,0,0,0,1,1,1,2,-0.8992377620736727,-0.37106720321329134,0.34358425139281223
2696,1,0,0,0,0,0,0,1,0,0,0,0,0,0,0,0,1,0,1,2,-0.45640230892164857,-1.7513515719677346,2.2035493606582497
2697,0,1,1,0,0,1,0,0,1,1,0,0,0,1,0,1,0,0,1,0,1.2162943237713135,0.08843844946952228,1.519282514782534
2698,0,0,0,1,0,1,0,1,2,0,1,1,1,0,0,0,2,2,1,1,-0.10515103964783584,-0.3585705238099145,-1.7592861527923467
2699,1,0,0,0,0,2,1,0,1,0,0,1,1,1,2,0,1,0,1,0,-1.5090478261784652,-2.9648861560041166,0.45397813515624064
2700,0,1,0,0,2,1,0,0,1,0,1,1,0,0,1,1,1,1,1,1,0.04999574421150942,-0.6712775972978962,0.8315703225692436
2701,0,0,1,1,1,2,1,1,0,1,0,0,0,0,1,1,1,0,0,1,0.36744694503755826,-0.3108852002556265,1.0070692193105104
2702,1,1,1,0,1,0,0,2,1,1,0,0,2,1,0,0,1,1,0,0,-0.3491838058972605,-0.19286795578738358,-1.4992833939934882
2703,1,0,1,0,0,0,0,1,1,0,1,0,0,0,0,0,0,1,0,2,-0.23835058818863725,1.6410296895685066,0.4979152124463773
2704,1,0,0,0,0,1,0,1,1,0,0,1,1,1,0,1,1,1,0,2,0.945080362596133,0.25077934619905834,1.5597905920154518
2705,0,1,0,1,1,2,0,0,0,0,0,0,1,1,0,1,0,1,2,0,-1.3812416252958504,0.13327221218134466,1.1607549652517066
2706,1,1,0,0,0,1,1,1,1,0,1,0,0,1,0,1,1,2,2,1,-0.18149085075782026,-0.521987807986449,-0.1576554113086506
2707,0,1,1,2,0,2,1,0,1,0,0,0,1,1,0,1,0,0,0,2,-0.43519447381266435,-0.3844048238884381,0.08470992769168334
2708,2,2,1,0,0,0,0,2,1,0,0,1,0,0,2,1,2,2,0,2,-0.9796744402517569,-1.2325681469823446,0.12300447191398312
2709,0,0,1,1,0,1,0,1,2,0,0,1,0,0,0,1,0,0,1,2,-0.937907832015365,0.6350262769157957,1.0416081031025324
2710,0,2,0,0,0,1,0,2,0,0,0,0,1,0,1,1,0,1,2,1,-2.27557690860143,1.0486776750463744,-0.8016114556923186
2711,1,1,2,0,0,0,0,1,2,0,0,0,0,1,0,1,1,2,0,1,-2.649031775280187,-2.6107480209777427,-0.08827588812363651
2712,1,0,0,1,0,0,1,1,1,0,0,0,1,0,1,1,1,1,0,1,1.8943735990483057,0.8097267977244715,1.3716241149470523
2713,0,0,1,1,0,0,0,1,2,1,1,1,1,1,0,1,0,0,1,1,1.200890989281482,0.6174529794023821,1.9561460128973494
2714,1,1,1,0,0,1,0,1,1,0,1,1,1,0,0,1,2,0,0,0,-1.3599405560476412,-0.2621834352871681,0.64068526981223
2715,1,1,1,0,0,0,0,1,1,2,1,0,1,1,1,0,0,0,1,1,-1.0170327716050889,-1.136618908178457,1.3187489696537325
2716,0,1,1,0,0,1,0,1,1,0,0,0,0,0,0,1,0,0,1,0,1.590202249252535,0.21764189879546686,0.7587957682114884
2717,2,2,0,1,0,1,0,2,2,1,1,0,0,0,1,0,1,1,0,1,0.08616983500967902,0.4327489050755475,0.09400884424676817
2718,1,1,2,0,0,2,0,1,0,1,0,0,1,1,1,0,1,0,1,1,0.5435916613397885,0.99613773958967,1.4064292699401642
2719,0,1,1,1,0,1,0,2,1,2,2,0,1,1,1,0,2,2,0,2,-0.7269446940853992,1.4073919155161565,-0.3744865874753327
2720,0,0,0,0,0,1,0,0,1,0,0,0,0,0,1,1,0,1,2,1,0.3023089102704965,-1.6401068755696684,0.7368293586514376
2721,1,1,1,1,0,1,0,2,2,0,0,0,0,1,0,1,1,1,1,1,1.257441782893342,0.31317679553337274,1.3038723953242424
2722,0,1,1,0,1,0,0,1,2,1,1,1,0,0,0,1,1,1,1,0,0.02083367699180277,-1.3147307655769964,-0.5308933663636187
2723,0,0,2,0,0,1,1,0,2,2,1,1,1,0,0,1,0,0,1,0,0.8103358660808375,0.063505106341876,0.8310215302190983
2724,1,2,1,0,2,1,1,2,0,1,0,2,0,1,0,0,1,1,0,1,-0.09014413614471227,-1.1296894001791928,-0.044157970473444
2725,0,0,2,1,0,0,0,0,1,0,1,0,0,0,0,0,2,1,1,0,-0.09256810883710956,0.9284720390375512,-0.8372066702015701
2726,0,1,0,0,1,1,0,0,1,1,0,0,0,0,0,1,1,1,2,2,-0.5376177634992063,-0.9390234594058614,-1.0587149007647156
2727,0,1,1,0,1,0,0,0,1,0,1,0,0,0,1,1,0,1,0,0,0.36747724338942683,-0.26382186381000083,-0.267593670478939
2728,1,1,1,1,1,2,0,1,1,1,0,0,0,1,0,1,2,0,0,2,0.36024192888676143,0.8068255972779002,0.10986155234625805
2729,0,0,1,2,0,0,0,2,2,1,0,2,1,1,2,1,0,1,1,2,0.5361617523048147,1.7707386585206488,2.2558153034753667
2730,0,0,2,0,1,1,0,1,0,1,0,2,0,0,0,1,1,0,0,2,-0.6743081978644289,0.5709161811411203,-1.267063655134456
2731,0,1,1,0,1,2,0,0,2,0,1,0,0,1,0,0,1,1,0,0,-0.9964662748633067,1.7038572730402872,1.633879358976158
2732,1,1,2,0,0,0,0,1,1,1,0,1,1,1,1,1,1,0,0,1,2.0625155248056855,1.250915253823126,0.16751107741562254
2733,1,1,1,0,0,1,0,1,0,1,1,0,0,0,0,2,1,0,1,1,-0.9096790213392606,0.4664504273689295,0.4252282581633229
2734,1,0,0,1,0,1,1,0,1,0,0,0,1,0,1,0,1,1,1,1,-0.336393803677255,-0.6366593089794113,-0.8499014062656121
2735,0,1,0,0,0,1,0,2,1,0,0,1,1,0,0,0,0,1,2,0,0.6605925453277436,-1.6760040060997854,-0.912772461657545
2736,0,1,1,0,1,1,0,0,1,0,0,1,0,0,1,1,2,1,0,2,1.326543333701922,0.034407378548063444,0.7038207492051938
2737,1,2,0,0,0,1,0,0,0,0,0,1,1,1,1,0,2,2,0,0,-0.7872891618915895,-0.8095909716491685,-0.6133351383825318
2738,0,1,1,2,1,2,0,2,1,0,1,1,0,1,1,1,2,1,2,1,0.812769718689619,0.09514413101444502,0.5502907209415014
2739,1,2,0,0,1,1,0,1,2,2,0,1,0,0,0,1,1,0,2,2,2.640613171781561,0.8776712786048011,1.8290052282387075
2740,2,1,1,0,0,1,0,1,1,0,0,0,0,1,1,0,1,0,0,1,-0.9051022090939014,0.824757834093113,0.3326781170737813
2741,1,1,1,0,2,1,0,1,1,0,0,0,1,0,0,0,1,0,0,1,1.1454047999656058,1.3961663655086842,2.3233740716313505
2742,1,2,0,0,0,0,0,0,0,0,0,0,0,0,0,0,2,1,1,1,-0.2710535996573443,-0.8267344809530915,0.11860572865947461
2743,1,1,0,1,1,0,0,0,1,0,1,0,1,1,1,1,1,1,0,2,-2.316467818075482,0.6210598383640746,-0.5763210697728782
2744,1,1,2,0,1,1,0,1,1,0,0,1,0,0,2,0,0,0,2,2,-0.5383056814274395,1.5617545367319559,1.3261050349097028
2745,0,1,1,0,0,2,0,2,0,0,0,0,0,1,0,0,1,0,1,1,0.3522178126110795,0.8471133181704658,-0.029479472287319175
2746,1,1,2,0,0,1,0,1,1,0,0,1,0,0,0,1,2,2,1,1,-0.9666311640349111,-0.7021664687098741,-0.8152502856435528
2747,1,1,0,0,1,0,0,0,1,1,0,0,2,1,0,0,2,1,0,1,0.980822733518025,-1.332866132664119,-0.6352084682606227
2748,1,0,1,0,0,0,1,1,2,0,0,0,0,0,1,0,2,1,0,1,-1.2495021088812945,-0.7289276779416866,0.7314353802224287
2749,1,2,1,1,0,2,0,1,0,1,0,1,0,2,0,0,0,0,0,2,-1.6980136096759808,0.08901673961891515,-1.0172682723133082
2750,1,2,1,2,0,0,1,1,2,0,0,1,1,1,0,1,1,1,0,1,0.3454918460529002,0.485188196098031,0.36519297555426294
2751,2,1,1,1,0,1,0,1,2,1,0,0,0,0,0,0,1,1,0,1,-1.2289700811474187,0.07552255978000721,-3.2873371749557174
2752,2,0,0,1,1,0,0,1,0,0,0,0,0,1,1,1,1,1,0,1,0.9557222676254843,0.3603926032212744,0.35755762920514444
2753,0,0,0,1,0,0,0,1,2,0,0,0,1,1,1,0,2,0,0,2,0.024025805806234996,-0.9747584551045771,-0.5926673657573812
2754,1,0,1,0,1,1,0,0,0,1,1,0,1,0,0,1,1,0,1,0,0.6769093460108058,1.475499564356371,0.031273179556881026
2755,1,0,0,0,1,1,0,1,1,2,1,1,0,0,2,0,1,0,1,1,0.385303511001314,0.24457220313699474,-0.16322261542307986
2756,1,2,2,0,0,0,0,0,0,0,0,1,0,1,0,0,0,1,0,1,1.3833640015826885,2.885780011344693,1.1956943389084798
2757,1,2,1,0,0,1,0,1,0,1,2,0,2,0,0,1,1,0,0,2,1.5015925855753354,0.8997180657278872,2.8789761134801157
2758,0,1,0,0,0,1,0,0,0,1,1,1,0,1,0,0,2,2,0,1,0.05591921130678786,-2.6222250532080533,0.9171584315075101
2759,2,1,1,1,0,0,0,2,1,0,0,1,1,1,0,1,1,1,1,1,-0.4325796959261236,-0.2309675596897795,-0.7047115031360929
2760,0,1,0,0,0,0,0,2,0,0,0,0,1,1,1,0,1,0,1,1,0.5475179644899576,0.9152051047554275,1.4439615228171117
2761,0,0,0,0,0,0,0,1,1,0,0,1,0,0,0,1,1,1,0,0,-0.798850413338703,-0.3401466641137051,-0.9398876870792664
2762,1,0,1,1,0,1,0,0,1,1,0,0,0,2,0,1,2,1,0,0,0.7962952800625752,0.34788262281469623,0.04765335210032784
2763,0,1,0,0,1,1,0,0,1,0,0,0,0,0,1,2,0,1,0,1,-0.46538033142826335,-0.9784950887686269,1.1475464013309158
2764,0,0,1,0,0,0,0,2,0,0,1,0,0,0,1,1,1,2,0,1,0.36489973543267556,-0.37112856160331414,-1.7971260040287538
2765,0,0,1,1,0,2,0,2,0,1,0,0,0,0,0,0,0,1,1,2,1.1496436610907892,0.6262014005511886,0.7035786229353664
2766,1,0,1,1,0,1,0,1,2,0,0,0,1,0,0,0,1,1,0,2,-0.3039558512394115,0.11380928329367315,0.3361938296234898
2767,1,1,2,0,2,0,0,1,0,1,2,0,0,0,0,1,0,2,0,0,0.7725010195220788,0.3965050619574474,1.3714123155473437
2768,0,1,1,0,0,1,0,1,1,1,0,2,1,0,0,0,1,1,0,0,-0.10793818577309536,1.4827992171874955,0.5401129031867218
2769,1,2,1,1,0,0,0,1,1,0,0,1,0,0,0,1,0,1,1,2,-0.12425945711901525,0.43287534599170785,-0.35259578607210695
2770,1,0,0,1,0,0,0,0,0,0,1,0,0,1,2,1,2,1,0,1,-0.3783154577073716,0.14682415493413514,-1.9513690394504484
2771,0,1,2,0,1,1,0,1,0,1,1,0,1,0,1,0,0,1,2,0,0.7311037225649284,-0.9868936131844492,1.2475475145854633
2772,0,1,0,0,0,1,1,0,2,1,0,0,0,0,0,0,0,0,0,1,0.41190134355794666,-0.1599298356716055,1.4494751167542739
2773,1,1,0,1,0,0,0,0,2,0,0,0,0,0,0,0,1,0,1,1,-0.10756960317049656,-0.4699577115096014,-0.847350885830573
2774,1,0,1,0,0,1,0,1,2,0,1,0,1,0,0,0,0,1,1,1,0.27629055454976803,1.057931881131772,2.9697528440410084
2775,0,1,2,1,0,1,0,1,2,0,1,0,0,1,0,1,1,1,1,0,-0.2185694640206822,-0.931821938329932,-0.37399522295389354
2776,0,1,0,0,1,0,0,1,2,0,2,0,1,0,0,0,0,1,0,1,-1.710398601868533,-0.35694254140793147,1.3571240121677168
2777,1,2,1,1,0,2,0,2,0,0,0,0,1,0,0,1,2,0,1,1,-0.1993102115567739,1.6236573543695396,0.17836434815684843
2778,2,0,1,1,0,1,0,0,1,0,1,0,0,0,0,0,1,0,0,2,-1.6990191549010638,0.28630035716885815,0.8124888404316853
2779,0,0,0,0,0,0,0,0,1,0,0,0,1,1,1,1,1,0,1,2,-1.1274844025967716,-1.6752481235528314,-1.378981736683298
2780,1,1,1,0,0,0,0,1,1,0,0,0,0,0,1,0,1,1,1,2,0.7160507632964819,-0.13598303724745547,-0.49806870546012766
2781,0,0,1,1,1,0,0,1,0,1,1,1,0,1,0,0,2,1,1,1,-1.071133015569423,0.9115647445846463,0.7084649962509897
2782,0,0,0,1,1,0,0,1,1,1,0,1,0,0,1,0,0,1,2,1,-1.0449791474845909,0.6863522548404839,-0.7531617098642048
2783,1,1,2,0,1,0,0,1,1,1,1,0,1,1,2,1,1,0,0,0,-0.5800633918627389,-1.362051928343738,-2.7397943114388275
2784,0,1,2,0,2,1,0,0,0,0,0,1,2,0,1,1,2,0,1,1,0.6372498018170675,1.0185690558276341,1.6458110549595315
2785,1,2,0,0,0,0,1,1,1,0,0,0,0,0,1,2,0,1,0,0,0.3730503413746059,-1.5308967605144361,0.3114221206787454
2786,1,0,2,1,0,1,0,2,0,1,0,0,0,0,0,1,1,1,1,1,0.3350970700334121,-0.439164302349915,1.2728200987806149
2787,0,2,0,1,1,1,0,0,2,0,0,0,0,0,2,0,1,0,1,1,2.4531228394815274,1.7640870655086562,3.018402207132458
2788,1,2,0,0,0,0,0,1,0,1,0,0,0,0,1,0,2,0,1,2,1.3644157060512008,1.408039093911169,1.5673030173108757
2789,1,0,0,1,1,2,1,0,0,1,0,0,0,0,0,0,2,0,0,1,-2.7396476827906455,-0.027347272059182193,-2.4204384606259275
2790,0,0,0,0,0,0,1,1,0,1,0,2,1,1,0,0,2,1,1,1,-0.7125340899879039,-0.15971501875394398,-0.17282501073178697
2791,0,1,2,1,0,1,0,0,1,1,0,0,1,0,2,2,1,1,0,2,-1.4315582151806712,-1.1298728375058256,-0.09217740751965764
2792,2,0,1,0,0,1,0,1,0,0,0,1,0,0,0,0,1,0,1,2,-0.8567036795221129,-0.5226082059933158,-1.1575385200730843
2793,0,0,0,1,0,1,0,1,1,0,0,0,0,0,2,2,0,1,0,1,1.201237959908482,1.2060414794689325,1.5618261060261964
2794,1,1,1,0,1,0,0,1,2,0,0,0,0,0,0,0,0,1,0,0,-0.40489267751077956,-0.8059841180074913,-0.6121903839271583
2795,1,1,1,0,0,0,0,1,1,0,0,0,1,0,0,1,1,0,1,0,0.6548293916684463,-0.09771632202435264,-0.6275972145671316
2796,0,1,1,0,1,0,1,0,2,0,1,0,0,1,1,1,0,2,0,2,0.6742748207698968,0.26816785794436676,1.7293320484830212
2797,0,0,1,0,0,1,0,2,1,0,1,1,0,1,1,2,2,1,1,0,0.6275367381490287,-0.004498639764093065,0.9569081668971302
2798,1,2,2,1,0,1,1,0,0,1,0,2,0,0,1,1,1,1,0,1,-2.92374470552257,1.0963707718826585,-0.9794792463161093
2799,0,0,0,2,1,1,0,0,0,1,1,1,1,1,0,0,1,2,1,0,1.5612887274397393,0.20462106113376557,0.4075449078699818
2800,0,0,0,0,1,1,0,1,1,1,0,0,0,1,1,0,0,0,1,0,-0.7805581859917102,1.4908056347094147,0.21083869206046302
2801,0,1,0,0,0,0,0,2,1,0,1,0,1,1,0,1,1,1,1,2,-0.7710422543351445,0.20447814943730974,-0.36284333002895264
2802,1,1,2,0,0,1,1,1,0,2,1,0,0,0,1,2,2,0,0,0,-1.202166748752081,-0.3493867476631423,-1.6475954948697398
2803,2,1,0,0,1,1,1,1,0,1,1,1,1,0,1,0,0,2,0,0,-2.7643285174831984,0.622199655549898,-2.1976635024674325
2804,0,1,1,0,1,1,0,1,1,0,0,1,0,0,1,1,0,1,2,0,-0.948401161911202,-0.7660723700918235,0.345422920905436
2805,2,1,1,1,0,1,0,1,1,1,0,0,0,0,0,1,2,2,0,0,-0.019109368228038034,-1.2666223936344918,0.4803325828544134
2806,1,2,1,0,1,1,0,1,0,0,0,0,0,2,0,0,2,1,2,2,-0.44787198765589176,0.3763870357267196,1.2401493839120334
2807,0,2,1,0,0,1,0,1,0,0,0,0,0,2,0,2,0,1,0,0,-0.04778948886874739,1.6551145755412264,-1.2501190165414524
2808,1,1,1,0,0,1,0,0,0,0,1,1,1,0,0,0,2,0,0,1,1.174153484644251,0.4238692565823457,1.2545648171963992
2809,1,0,0,0,1,1,0,2,1,1,0,0,1,0,0,1,1,0,1,1,-1.2243462685553868,-0.1864117105096786,-0.6636195671306859
2810,0,2,1,0,0,0,0,1,0,0,1,0,0,1,0,0,0,1,0,1,-0.5651927506924015,-0.19062412227768305,-0.33416622725220646
2811,0,2,2,0,0,1,0,1,1,0,0,0,1,0,0,0,2,0,1,2,0.04608114125502641,-1.000524758799678,-1.062822760313906
2812,1,1,1,1,1,2,0,1,1,0,0,0,0,1,0,0,0,2,0,1,1.1213895943476664,1.0046873488756944,0.17244172563076454
2813,2,1,0,0,1,1,0,1,1,1,0,1,1,0,1,0,1,1,1,1,0.9829731965665477,0.07196121859871027,0.285464215983083
2814,1,1,0,0,0,1,0,0,1,0,0,1,0,0,0,0,2,1,0,2,-0.7524373081858361,-0.43988484254993465,1.6961851429496373
2815,0,1,2,1,0,0,0,1,1,2,2,0,0,1,1,1,0,1,1,0,-0.08888214465480429,0.4134118503511579,-0.0815758479736847
2816,2,2,0,1,0,2,0,1,1,0,0,0,0,1,1,0,0,1,1,2,0.014799852612490162,-1.1603526727341182,-0.2938898695978652
2817,0,1,0,0,1,1,0,1,0,1,0,0,0,0,0,1,1,1,0,1,0.17764587523245834,-0.9527526712400625,-0.7838642069211958
2818,1,2,1,2,0,0,0,1,0,1,0,0,0,0,1,0,1,0,0,1,-0.7661326164512067,-1.4560082319525538,0.6001721425387774
2819,0,2,1,0,0,0,0,1,2,2,0,0,1,0,1,0,1,0,1,2,-0.03953804765817696,1.0183398739990155,-0.07446094704440948
2820,0,1,1,0,1,2,1,0,0,0,1,0,0,2,0,1,1,1,1,0,0.12339204164453094,-0.046379899910613614,0.09679677217545295
2821,0,1,1,1,0,0,0,2,0,0,0,0,0,0,1,0,1,0,0,1,0.668878570959012,-0.4202458489242642,0.8186319815935028
2822,1,2,0,0,0,1,0,0,0,1,0,1,0,0,1,1,2,2,0,0,0.45381744031612525,0.2258050177102852,-0.10567172750735027
2823,0,1,1,0,0,1,1,1,1,0,1,0,1,1,2,1,0,2,1,1,-0.18855817533738586,-0.31703194016167996,1.2540082369196277
2824,1,1,1,0,0,1,0,1,1,0,0,1,0,0,1,1,1,1,1,1,-1.5156276287047716,-0.7313896612638695,-1.2475792034633866
2825,2,1,2,1,1,0,0,0,0,1,0,0,0,0,1,0,1,0,0,0,1.048701825697332,1.1429539593382447,1.9076352939012917
2826,1,1,1,1,1,0,0,1,0,2,1,0,0,1,1,0,2,0,0,1,-1.0111743249856935,1.2799314331018208,1.4702302631527417
2827,0,0,1,0,0,1,0,0,2,0,0,0,0,0,0,0,0,1,1,2,-0.73532945844222,-1.4006778429353741,-0.8556621356604548
2828,1,1,0,0,0,1,0,0,2,1,1,0,0,0,1,0,1,0,1,2,0.7816396011012015,0.11763867339945833,0.42572329640425205
2829,1,1,2,1,0,1,0,0,1,0,0,0,0,0,1,1,0,1,2,0,0.13122789965722562,1.3713042309707777,0.512507908705682
2830,1,1,1,1,1,0,0,1,1,0,0,1,0,1,0,1,1,0,0,1,-0.4078882651777067,-0.46755761017691516,-0.08903124087143219
2831,1,0,0,1,1,0,0,1,0,1,0,1,0,0,0,0,1,1,2,1,-0.9130208556917313,0.05089628601724411,0.9265912906250857
2832,0,2,1,1,0,0,0,2,1,1,0,0,1,1,1,1,1,0,1,1,1.1015981881080665,1.859127250116656,3.1305797599120755
2833,2,2,0,0,1,1,0,2,0,1,1,1,0,0,0,0,2,2,0,2,-1.0435750139599929,0.48822038284700153,0.4423240474295008
2834,1,2,1,0,0,1,1,1,1,0,0,0,1,0,0,0,1,1,1,1,-1.3151847533239858,-1.8161311724462692,0.41406995563669624
2835,1,2,0,0,0,2,1,1,2,1,0,1,1,0,1,0,0,2,0,0,-0.30789397296580273,-0.7624415300505265,0.29899225488136383
2836,0,1,0,0,0,0,0,1,0,1,1,0,0,0,0,1,1,0,1,0,-0.342000778986282,-0.14916726057398594,-0.009553546297799198
2837,1,1,2,0,0,1,0,1,1,0,0,1,0,0,1,1,1,2,0,2,0.25411954004366527,-0.2905037219005723,0.5811611318039095
2838,0,0,0,0,0,2,0,1,1,0,0,1,1,2,0,1,2,1,1,0,-0.32709340973663836,0.34910746845904767,0.10928876259277104
2839,0,1,0,0,0,0,0,1,0,1,1,0,0,1,2,1,1,1,1,0,-0.6880086680980423,0.31544332995733104,-1.3364235341149446
2840,1,1,1,0,1,1,0,2,0,1,0,0,0,0,0,0,2,1,1,1,-0.26736957594794863,0.7526137443413992,0.41864424941645434
2841,0,0,1,0,0,1,0,1,2,0,0,1,0,1,1,0,0,0,1,2,-0.05595144802312587,0.38341109164734655,0.47591362883637595
2842,1,1,0,1,0,0,0,1,0,1,0,0,0,0,1,0,1,1,2,0,0.0504121001599603,-0.5899274851963671,0.22421145883072496
2843,1,1,0,1,0,2,0,1,1,0,0,1,1,0,0,2,1,1,2,1,0.8508487299076534,-0.20111102707682993,0.08981054019174334
2844,0,1,0,0,1,1,0,1,0,1,0,0,0,0,0,0,0,1,0,1,-0.02737669369169822,-0.8735706695840192,1.5142272587541215
2845,1,1,1,1,0,1,0,2,1,1,0,0,0,0,0,2,1,0,1,1,-0.21044171814308504,1.3027351215673013,-0.6218825484730236
2846,0,1,1,0,0,2,0,1,0,0,0,1,0,0,0,1,2,1,0,1,1.1124018980495494,1.7652099248507793,0.5321914048063887
2847,0,1,1,0,0,2,0,2,1,0,1,0,0,1,1,0,0,1,1,1,-0.004388640638941872,1.6286637614011479,1.2527010532807576
2848,1,2,1,1,1,2,0,0,1,1,0,0,0,1,0,1,1,1,1,2,-1.7471451314692878,0.7510675393803049,0.5053094083806458
2849,1,0,0,0,1,1,0,1,0,0,1,1,0,0,0,1,2,1,1,1,-0.48169219560839627,0.253717429937113,-1.9675016706343211
2850,1,2,0,1,1,0,0,1,0,0,0,0,0,1,1,1,1,0,1,1,0.4146605307360401,-0.5589352478759558,0.013178211556853232
2851,0,1,1,0,1,1,0,0,0,1,0,1,1,1,1,2,1,1,1,1,0.15743824233871384,0.46496644992490044,0.42861459378056577
2852,0,1,0,0,1,2,0,0,1,0,1,0,1,0,0,0,0,1,1,1,-0.45192974831924937,0.28483838690337526,0.10400394082327166
2853,1,1,0,2,0,2,0,1,0,0,1,0,2,1,0,1,1,1,2,2,1.3965554957619326,1.4235517293121318,-0.15337699279543693
2854,1,0,1,0,1,0,0,2,1,0,0,1,0,1,0,0,1,1,0,1,-0.18790669994278386,-0.6140762949591583,-0.16497754771458778
2855,1,1,1,0,1,0,0,1,2,0,1,0,0,0,0,0,1,0,1,0,-0.34533682428746326,-2.1524584970816227,-1.3838123080898361
2856,1,1,1,0,0,2,0,0,1,0,0,1,0,0,2,0,2,1,2,0,-1.2395917294874879,-0.7436813558133877,1.3604052682978436
2857,0,1,1,2,0,1,0,0,0,1,1,0,0,0,0,0,1,1,2,2,1.4953563992308672,1.7673404940010475,-0.574738027572725
2858,0,2,0,0,1,0,0,1,1,0,1,1,0,0,1,1,2,1,0,1,-0.6971562649684375,-0.661085076983666,-0.33829427784427724
2859,1,1,0,0,0,0,0,2,1,0,0,0,1,0,1,0,2,0,2,1,-1.0084902166425203,0.8530284508786592,1.4695843651126932
2860,0,0,1,1,0,2,0,1,1,0,0,0,0,1,1,1,1,0,0,2,-1.4870351811398836,-0.49538847766839267,-0.3362266101144434
2861,0,1,1,0,0,1,0,1,0,0,0,1,0,1,1,1,1,1,0,1,-2.523366297863175,-0.37920680868083173,-3.4451735036497677
2862,0,2,1,0,0,2,0,1,0,0,0,0,1,0,0,1,1,1,1,1,-1.3025085248438,-1.118151304007473,-0.8186048031420543
2863,0,0,0,0,0,2,0,1,0,1,0,0,0,1,1,0,1,1,0,2,0.6207478452063298,-0.427381433473192,-0.4033998830519294
2864,1,1,2,0,0,2,0,1,2,1,0,0,0,0,0,1,1,0,1,2,0.6230490947407961,-0.7453191368539958,0.43247514911036383
2865,1,0,0,0,2,1,0,1,1,0,0,0,0,0,0,1,1,1,0,0,-1.3019391186121259,-0.769121497552632,-1.8233307997290176
2866,0,2,0,0,0,0,2,0,1,1,0,0,0,0,0,1,2,1,1,1,-0.49610075133792547,-0.3374697919106396,-0.9446975342229456
2867,0,1,0,0,1,1,1,1,1,1,0,0,1,1,0,1,2,1,2,0,-0.5200466719032565,-2.5095345880329747,0.8881285157087776
2868,1,0,0,0,1,0,1,1,0,1,0,1,0,1,1,1,0,0,1,0,-0.03689923324181353,-0.444690260246401,-0.34816343307475806
2869,0,1,1,0,0,1,0,2,0,0,0,0,0,0,1,2,1,1,1,1,0.8681949625820582,0.9887915468978815,1.0244766248667605
2870,0,0,2,0,2,1,0,1,0,0,0,0,0,0,1,1,0,1,2,1,0.49098500444102594,-0.3083179857555707,-0.9385518534968195
2871,0,0,0,0,1,2,0,2,1,0,0,1,0,1,1,0,1,2,0,1,0.7191328082101838,1.6576157237781444,1.6678017760871955
2872,1,1,1,0,0,1,0,0,0,0,0,0,0,2,2,2,1,1,1,1,-0.9667181996952556,-0.07878983600258674,-0.225064492557777
2873,1,1,2,0,0,1,0,0,1,0,0,0,0,0,1,2,0,0,1,1,0.828495036300355,-1.3397805354110952,0.8017838480144103
2874,0,2,1,0,0,2,0,2,1,0,0,0,0,1,2,0,2,1,0,2,-0.4474146886908075,0.6392819733702768,-1.9059667669909137
2875,0,0,1,0,0,1,0,2,0,0,0,0,0,0,1,1,0,0,1,0,-1.6691193818706895,-0.3980395136209668,0.32709097485628036
2876,2,0,0,0,0,1,1,0,1,1,0,1,0,0,1,1,2,0,0,2,0.7774731693460721,0.4267494340885434,2.161442847472318
2877,0,1,0,0,1,2,0,2,1,0,0,0,0,1,1,1,2,1,1,1,0.002495934683463441,0.15545780341997475,0.6128638051570202
2878,0,0,0,1,0,0,0,1,1,0,0,0,1,1,1,1,2,0,0,2,-0.15181680537178516,1.4504375491581387,0.22195839381562416
2879,0,2,2,0,0,1,0,1,0,1,1,1,0,0,0,0,2,1,1,0,0.08348836967068848,1.3810058762016308,1.6268634260428174
2880,2,1,2,0,1,1,0,0,1,0,0,0,1,0,0,1,1,1,0,2,-0.8803623527336736,1.9838237261031615,2.154382686743061
2881,0,1,0,1,0,2,0,1,2,0,0,0,0,0,1,1,1,1,1,2,2.1688218295921438,0.21888909762595002,0.8727202124505627
2882,1,1,1,0,0,1,0,1,1,1,1,1,1,1,0,0,2,1,0,0,0.9676329938317151,0.7910394130775851,-0.12005450669723905
2883,0,1,2,0,0,0,0,0,0,1,0,0,2,1,0,0,1,1,0,1,0.8821301301594249,-1.0414205266282248,-1.1165207407740732
2884,1,0,1,0,0,1,0,0,2,0,0,0,1,0,0,0,2,0,0,2,-0.3525481352094632,-1.7663454927296436,-0.21488053110016347
2885,0,0,0,0,0,2,1,1,1,0,0,1,1,1,1,0,2,1,0,1,0.49077194211442676,0.9192433477831767,1.1044131682217093
2886,2,0,0,0,1,1,0,0,2,1,1,0,1,0,0,1,1,0,1,2,0.42493578729171816,0.8592076932730723,2.880632022408342
2887,2,0,1,1,0,2,0,1,0,0,1,0,0,0,0,0,0,2,1,0,0.22506979138321068,-0.16243463433471733,-0.13327628157999663
2888,0,1,0,0,1,1,0,0,1,0,0,0,0,0,1,1,0,0,0,0,-0.5223385855077047,-0.5210867730615809,-0.9603195656002826
2889,1,2,1,0,1,1,0,0,2,1,1,1,0,0,1,2,1,0,0,1,1.2767159775795436,0.10791881666952104,1.3985743007422928
2890,0,1,2,0,2,1,0,1,0,0,0,0,0,0,0,0,1,0,0,0,0.3634838982553529,-0.359439983132546,-0.2114541843709997
2891,0,0,1,0,0,0,0,2,0,1,0,0,0,0,0,0,1,0,2,1,0.5441328907449887,-0.45531442899293,-0.1643469124791016
2892,1,1,0,0,0,1,0,1,0,0,0,0,0,1,1,1,0,0,1,1,-0.7628257985036061,-1.4931736230687092,0.8773270829346267
2893,0,2,0,0,0,2,0,0,0,0,0,0,0,1,0,0,0,0,2,0,1.194839775323782,0.9216915723339489,0.7811074443019564
2894,1,0,0,0,1,0,0,0,1,0,2,0,0,0,0,1,1,1,0,0,0.22215124646952544,-0.08910998213272825,-1.057110267798275
2895,1,0,0,1,0,1,0,1,2,0,0,0,0,2,1,2,0,2,1,1,0.2888522301307158,0.19537262838254071,0.6073066299793539
2896,1,1,0,0,1,0,0,2,0,0,1,0,0,0,0,0,0,1,2,2,-2.540250191554803,0.5022915609218048,-0.3620373181072277
2897,0,1,0,0,0,1,1,2,0,2,0,0,0,0,0,1,0,2,0,0,-0.8574924672052149,1.3712928367383501,0.8280100362549447
2898,0,1,2,0,0,1,0,1,1,0,0,0,1,1,0,0,1,2,1,1,-0.6381806870045207,-0.08901385900113398,-0.07698401156961351
2899,0,0,1,0,0,0,0,1,2,0,0,0,1,0,2,0,1,1,2,1,0.6468436086337607,-0.7429044144262588,-0.5995335530202127
2900,1,0,0,0,0,2,0,2,1,0,1,0,1,1,0,1,2,0,1,1,2.6100879811428888,-0.027012633698603516,0.9668133846249971
2901,2,2,1,0,0,0,0,2,2,0,0,0,0,0,0,1,1,2,0,0,-1.8876359607318238,-1.3607612236282574,-0.00847092641618663
2902,0,2,0,0,0,1,0,1,1,0,0,1,1,1,0,1,1,1,1,2,0.09381863885083255,-0.5723351454940611,-0.8123232354333737
2903,1,1,1,0,1,1,0,0,0,1,0,0,0,1,0,1,0,1,0,0,-0.08360319529040337,0.22419530635896312,0.8129975217126801
2904,0,2,0,1,0,1,0,1,0,0,0,0,0,0,1,1,1,1,0,0,-0.1711448213330652,-0.22092003789851405,-1.7303877436304764
2905,0,1,1,0,0,1,0,1,1,1,0,0,0,1,0,1,1,0,0,2,0.916968209756934,0.32548319504199436,1.6187211510243187
2906,1,0,0,0,1,1,0,2,1,0,0,0,1,0,0,1,1,0,0,2,-0.5001086608939198,1.0628317510188268,0.21019466995872715
2907,1,0,2,0,1,1,0,1,0,0,0,0,0,0,0,1,0,0,1,0,0.502519709509659,0.6181835900155057,0.48317890030706945
2908,2,0,0,0,1,1,0,0,1,1,0,0,1,0,1,1,0,0,0,1,1.4837648370753562,-0.5164098118450595,0.40465432402303947
2909,1,0,2,0,0,1,0,0,1,2,0,0,0,0,0,2,2,1,0,0,1.427514279896906,0.37048521280415736,0.9996887659647242
2910,1,0,2,0,0,0,0,1,2,1,0,0,1,0,1,2,0,2,1,1,-0.9166395080929941,0.1968778477315567,-0.9347849799405126
2911,1,2,0,0,0,1,0,1,2,1,0,0,1,2,0,0,1,1,1,2,2.120972528575306,1.7282661930332495,3.1093827368700473
2912,0,0,0,0,1,0,0,2,1,1,0,0,0,0,0,0,2,0,1,1,0.7898134976365244,-0.18302646668691763,-0.3340374099262845
2913,0,1,0,0,0,1,1,1,1,1,0,1,2,0,1,0,1,2,1,2,1.0153121386813049,-1.0319982886726566,0.0998439955210402
2914,1,0,0,0,0,0,0,0,1,1,0,0,0,1,2,0,0,2,0,2,0.770930753873231,-1.1873515436219906,0.0167317698794818
2915,0,0,0,0,0,0,0,0,1,1,0,0,1,1,0,0,1,2,1,2,-0.4958725694450925,-1.6471203938425716,0.49629876445571863
2916,0,0,0,1,0,0,0,1,0,2,1,0,0,1,0,1,1,1,2,1,0.1317158233395931,-0.6834803265625703,-0.2448877251591284
2917,1,0,0,0,1,0,0,0,0,0,0,0,0,0,0,1,0,0,1,1,0.010298666454578394,-0.7703983580273437,0.4424789485491426
2918,1,0,2,0,0,1,0,1,2,0,0,1,0,1,0,1,0,1,0,2,0.7005195527594309,-0.9059001270480294,0.3288832966618479
2919,0,1,2,0,1,0,0,1,2,1,0,0,0,0,0,1,2,1,2,0,-1.1760242518919872,-1.1052552358302057,-1.7765334335845528
2920,1,1,0,0,0,2,0,0,0,0,0,0,2,1,0,0,1,2,1,1,0.7878798757210518,0.6530630384447877,1.4028964535261668
2921,1,2,1,0,0,0,0,0,2,0,0,1,0,2,1,0,1,1,1,0,-1.4832386595116376,-2.553405408757894,1.1895474202621474
2922,0,2,0,0,0,1,0,0,0,0,1,0,0,1,0,2,2,0,0,0,-0.7995729014028801,0.8623881841782398,0.12455615684200802
2923,0,1,1,0,0,1,0,1,2,0,0,0,0,2,0,1,1,0,1,1,-0.9878102238845973,0.2262415947442154,-1.3053813814317907
2924,0,0,0,0,1,1,1,0,0,0,0,0,0,0,1,1,0,0,0,1,0.5378086917138063,0.6357829743397678,0.3104916131310021
2925,1,2,0,0,1,2,0,1,0,0,0,1,0,1,1,0,1,1,0,1,0.0061464130080288205,-0.35467026333037943,-0.7738498382048421
2926,0,1,1,0,0,2,0,2,0,0,1,1,0,0,0,1,0,0,1,0,1.625952195315844,1.9083282837281543,1.9407552057649353
2927,1,2,0,0,0,0,0,0,0,1,0,0,0,0,2,0,2,0,1,1,0.4470423050633657,-0.060991193237415364,0.9652119773617899
2928,1,2,1,0,0,0,0,0,1,0,1,0,0,1,0,1,2,1,0,1,-1.4815853806637074,-0.8823186221529185,0.15113520716754336
2929,1,0,1,0,0,1,0,1,1,1,1,0,1,0,1,0,2,1,0,2,-0.7494782342560992,-0.8273783499469984,0.42664951016893443
2930,2,2,1,0,1,0,1,2,1,0,0,1,0,1,0,0,1,2,1,0,0.5710119447399988,2.337402382935378,2.101536380438619
2931,2,1,2,1,0,0,0,1,2,1,0,0,0,0,0,0,2,1,0,0,0.25994199930484496,0.6828360158048766,-1.565363541850786
2932,0,2,1,0,1,1,0,1,2,1,1,1,1,1,1,1,0,1,2,1,1.2404668325017592,2.1957691780859294,2.233383233424177
2933,0,1,1,0,1,1,0,0,1,1,0,0,0,0,0,2,0,1,1,1,0.45171545859976076,0.1087348210832165,-0.7138696594304836
2934,1,1,0,0,0,2,0,1,1,0,0,0,1,0,1,1,0,0,0,2,0.8486609027192658,-1.0445909044500874,0.18183497470600182
2935,1,1,2,0,0,1,0,0,2,0,0,0,0,0,0,0,2,1,0,0,-1.701197335276523,-2.637720635301858,-2.239017362634505
2936,0,0,0,0,1,1,0,1,0,0,0,1,1,1,1,1,2,2,0,0,1.0874639003577615,-0.7854136317710161,0.18585741945578774
2937,1,1,1,0,1,1,0,0,1,0,0,0,0,0,1,0,0,0,0,1,1.5031119507578234,0.39821043290648833,1.80631785059787
2938,0,2,0,1,0,1,0,0,0,0,0,0,1,0,1,1,2,0,2,2,-1.4834759949168075,0.553444484225877,-1.762624696353373
2939,1,0,0,0,1,1,0,0,1,1,0,1,0,1,0,1,0,1,0,0,-2.3881099060678004,-0.8256077274887734,-2.753220494851627
2940,0,1,1,0,0,1,0,1,1,0,0,0,1,0,1,2,2,0,1,0,0.041954054035795586,0.22373399277216088,0.44871253281816653
2941,0,0,0,1,1,1,0,0,1,0,0,0,1,0,1,0,1,1,1,1,-0.8704053740405653,-2.792943708774251,0.44648207019102504
2942,1,0,0,0,0,2,0,1,1,0,0,0,0,1,0,1,1,1,1,1,0.8836730034033328,0.24045481908149585,-0.07465158589438142
2943,1,1,0,0,0,2,0,1,0,1,0,0,1,1,1,0,0,1,0,1,-1.2435053278970207,-2.4435441304552836,-0.24036796657123533
2944,0,2,1,0,0,1,1,2,1,0,1,0,0,0,1,0,0,1,0,2,-0.08003306577619261,-0.32875442088238027,-0.6864188306319157
2945,0,1,1,1,0,1,0,0,1,0,1,0,1,0,0,0,0,1,1,2,2.1721261677477295,0.5850565803054303,1.0501363352602204
2946,0,1,0,1,0,2,0,2,1,0,0,2,0,0,0,2,1,0,0,1,-1.1026926976953153,0.6663583516940672,-1.6991150314968544
2947,1,0,1,0,0,0,1,1,0,1,1,1,0,1,2,1,2,1,0,2,0.8836804294422058,1.023491160853511,0.7665379083571804
2948,0,0,1,0,0,1,0,1,1,0,0,1,1,2,1,2,2,1,2,2,-1.803988673952984,1.3587299280243532,-1.181965185877622
2949,1,1,0,0,0,0,0,0,1,0,1,0,0,0,1,1,0,2,0,1,-1.5980151724628495,-0.4088642043187767,-1.4779206830084952
2950,1,1,0,0,2,1,0,0,1,0,1,0,0,0,0,1,2,2,1,0,0.9145628779229459,-1.7201122263477875,2.467049820918309
2951,0,0,2,0,0,1,0,1,1,0,0,1,1,0,0,1,1,0,1,1,0.06700293050262345,0.2674155890262933,0.8986046707907518
2952,0,1,0,0,0,1,0,0,0,1,0,0,0,0,0,1,0,0,1,0,-3.2743492255867994,0.3163978413677764,-1.535956453069148
2953,0,1,1,0,0,0,0,1,2,0,1,0,0,0,1,1,0,0,2,1,-2.0749356492895155,1.4906259459817737,-0.7901190392574763
2954,2,2,1,1,0,1,0,0,1,1,0,0,2,1,1,0,1,0,0,0,-0.5733390264600211,-0.6604801434646064,-0.2826760466544237
2955,1,0,1,1,2,1,0,1,0,0,0,0,0,0,1,0,0,0,0,0,-0.24242069538485758,0.4281369800843648,0.4150879122143503
2956,2,0,0,0,0,1,0,1,1,0,0,0,0,1,1,0,1,1,0,2,1.468410080860639,-1.5273374229381558,0.5555464145253391
2957,1,0,1,0,0,1,0,1,0,0,0,0,0,1,0,0,0,0,1,1,0.17897730351372793,1.0276428306672234,3.115814221390724
2958,0,0,2,0,0,2,0,2,0,1,0,1,1,0,0,1,2,2,2,0,-0.9598399502682459,1.199642338002437,-0.4189919344393404
2959,1,1,1,0,0,1,0,1,0,1,1,0,1,0,0,0,1,0,0,0,-0.8748421294098708,0.3928071344488858,-0.06892748037345461
2960,2,1,0,0,0,1,0,1,1,1,0,0,1,1,0,0,0,1,2,0,0.08753187652292184,0.1157968987734547,-2.9524027644813473
2961,0,1,2,0,0,0,0,1,1,1,0,1,1,1,1,0,0,1,1,2,-0.7775064683730089,0.1595348735743845,-1.8412417319276253
2962,0,1,0,0,1,0,0,0,1,1,0,0,0,0,1,2,0,0,2,1,-0.9980397423876154,-0.571824516679853,-0.4219946459401063
2963,0,1,2,0,2,1,0,0,1,1,0,0,1,1,1,0,1,0,0,2,-0.6881468770152619,-1.015066416787582,-1.0296204017806878
2964,2,2,1,0,1,0,0,2,2,0,1,1,0,0,0,1,2,2,0,1,0.3088958374972416,-0.05088686955904408,-0.7748428910556746
2965,2,1,0,0,1,2,0,1,1,1,1,2,2,1,0,0,2,2,0,2,1.4384988455394312,1.5900770956977053,2.4068939139898773
2966,0,0,1,0,2,2,0,1,1,0,0,1,0,1,0,1,1,0,0,1,1.5212866243528966,0.31988312127171836,-0.27739107084153125
2967,2,1,1,0,1,1,0,0,0,0,0,0,0,0,1,1,2,1,0,2,1.2205878487179835,0.9805600158906155,0.2002515803959406
2968,1,1,0,0,0,2,0,1,1,0,0,1,0,2,0,1,1,0,0,1,0.3631884626760268,0.3875961392654391,-0.5289949950220243
2969,1,2,0,0,0,0,0,1,0,0,0,2,0,1,0,0,0,0,1,1,0.4345981560979648,1.4202974511992523,1.752732849249993
2970,1,1,1,0,0,0,0,0,1,0,0,0,0,0,1,0,1,1,0,0,0.5019202726957102,0.027324469967833,-2.265265424764432
2971,1,2,1,0,0,0,0,0,2,0,0,0,0,0,0,0,1,0,1,0,-0.25322529511265246,-1.371742658728698,-0.21987090976542673
2972,0,0,0,0,2,2,0,0,1,0,0,0,1,1,1,1,2,0,0,0,-0.47601476561924355,-0.21841459138644842,-0.46316557825583127
2973,0,2,1,0,0,2,0,0,0,0,0,1,0,1,1,1,1,1,2,2,-0.009338174219921133,-0.37613158254029816,0.32292970976500257
2974,1,0,1,0,1,1,0,1,1,0,1,0,0,2,0,1,2,0,0,2,0.3474315775577044,0.18331861511874725,1.299073521365487
2975,1,1,0,0,1,1,0,1,1,0,0,0,0,0,1,0,0,2,1,2,-0.9858713803514377,1.6654295686501115,0.12179205889091216
2976,1,2,1,0,0,0,0,2,0,0,0,1,0,2,0,0,0,1,1,1,0.2392870374112925,0.671276591999908,2.411858462328727
2977,1,2,2,1,1,2,0,0,1,1,0,1,0,1,1,1,2,0,0,1,-0.48408256067550715,-0.302668632510105,0.26322971339813506
2978,0,0,2,0,0,2,0,1,1,1,0,2,0,0,0,0,1,2,1,1,-0.6030210039744249,0.43009019628969364,-0.4624987990724082
2979,1,0,1,2,1,2,0,2,0,0,1,0,1,0,2,2,1,1,0,0,-0.0007807379678303805,-0.4959275539184451,0.19368525877934856
2980,0,1,1,0,0,0,1,1,0,1,1,0,0,1,0,0,0,0,1,1,-0.1386417852478579,1.1564062684188554,0.5920597655436483
2981,1,1,0,0,0,1,0,1,2,1,1,0,0,0,2,1,1,0,1,1,2.224518260564916,0.2545259424342704,0.5734833621044302
2982,0,1,1,1,0,1,0,0,2,0,0,0,0,2,2,1,1,0,0,1,-0.83830764764614,-0.19120342644104305,-1.8415720360933638
2983,2,0,0,0,0,2,0,1,0,1,0,0,0,0,1,0,0,0,1,1,-0.03159105359071635,0.17984208384447076,-1.1666398662659627
2984,1,1,0,0,0,0,0,1,0,1,0,0,0,1,1,0,0,2,1,2,-0.14597198485687649,0.24068924286460006,0.20121111653794532
2985,0,2,1,0,1,1,0,0,0,0,1,0,0,1,1,0,1,1,1,0,1.1113919263017158,0.39051616208006956,0.9387005049015875
2986,1,0,1,0,0,1,0,1,1,1,0,1,1,0,1,0,1,2,1,0,-0.5516760189107567,-1.7219305650872487,-0.8668387612871122
2987,1,1,1,0,1,1,0,0,2,1,1,1,0,1,0,1,0,1,1,1,0.1866672027264482,-0.058350571504949905,-0.3810875008186116
2988,0,0,0,1,0,0,0,1,2,1,0,1,0,0,1,0,2,1,1,0,1.5072479613620122,2.444138991125655,1.8459607585640625
2989,0,0,1,1,1,1,0,1,2,0,0,1,0,1,1,1,2,0,0,1,-1.2445503026253224,-0.5682358543067764,-2.206966344562656
2990,2,0,1,0,0,0,0,1,1,0,0,0,0,0,0,1,0,2,0,1,-0.2729385366166855,-0.3822473173316092,-0.09077766531754858
2991,2,2,1,0,1,0,1,2,0,2,1,0,1,1,1,1,2,0,0,1,-0.10459537507857526,-1.3745127815198974,0.5685673034585763
2992,2,1,1,1,1,1,0,1,1,1,0,0,0,0,1,1,1,2,0,0,0.697888431100385,-0.7610192900289879,-0.41320825597504457
2993,1,0,0,0,0,0,0,0,0,0,0,0,0,0,2,1,1,1,0,0,-0.15460271484915783,-0.8039909338154043,0.660853835527909
2994,0,0,0,1,1,1,2,0,1,0,0,1,0,2,0,0,2,0,0,0,0.7099374670239657,0.47569439710959,0.1007866388267209
2995,0,0,0,0,0,0,1,0,0,1,0,0,0,0,1,0,2,2,0,1,0.5050434300344937,-0.35485155181086225,0.6350311136971143
2996,2,2,1,0,0,1,0,1,1,0,2,0,0,0,0,1,2,1,0,2,0.4110764789299451,0.1365336404527418,1.076593227580603
2997,1,0,0,0,0,0,0,0,0,0,1,1,0,1,1,1,2,2,1,1,0.5874339750769817,0.6340854297258152,0.28778778947855554
2998,1,1,1,0,0,0,0,1,1,0,0,0,1,0,1,0,0,1,0,2,0.43381885022104233,0.07472153444599938,1.5028745833807466
2999,2,0,1,0,0,2,1,0,1,0,0,1,1,0,0,0,0,0,0,0,0.010114821873960575,0.3372997792924022,-0.17203159290449366
3000,0,1,2,0,1,0,1,1,0,0,0,0,1,0,0,0,2,0,1,2,-0.11594872132843813,-1.4525495714731225,-1.1483628898703269
3001,1,1,0,0,1,0,0,1,1,2,0,0,0,1,0,2,1,1,1,1,0.4362416656526131,0.5559792795883028,0.8199798260853907
3002,1,2,1,1,1,1,0,0,1,0,1,0,0,0,1,0,2,1,1,1,1.5615020719993917,-0.1187249471645476,0.8665699430880852
3003,0,0,1,1,0,1,0,1,0,0,0,0,0,0,0,1,2,1,1,1,1.384791214768484,1.1463430353521353,-0.01379580129203184
3004,0,1,1,0,0,0,0,0,1,0,0,0,0,1,2,1,2,0,0,2,-0.9659616727784364,-1.8737879267573032,-2.033717508858016
3005,1,0,1,0,1,1,0,1,2,0,0,1,0,0,0,0,1,1,0,1,-1.4664286734092933,-1.8355341385651431,-0.23778138609493166
3006,1,1,1,1,1,0,0,1,0,0,1,0,0,0,0,0,0,1,0,1,-0.07865667785443872,-0.38048245851753243,-0.9724215834099219
3007,1,0,1,0,0,1,0,1,0,0,0,0,0,1,1,0,0,1,0,2,-0.6846372224945197,1.2569081291841393,0.2856188754585915
3008,0,1,1,1,0,1,0,0,0,1,1,1,1,0,0,1,2,2,1,1,-0.10175660391666021,0.35805555288847235,1.6537920575080614
3009,0,1,0,1,0,1,0,2,1,0,0,1,1,0,0,0,1,0,1,1,-1.6438873249894213,-1.1700165114387728,-1.489379134485176
3010,1,1,2,0,0,2,0,1,0,1,0,1,0,1,0,0,0,1,2,1,0.4496854155397726,2.534779367565889,1.4350641854016866
3011,1,0,0,0,0,2,0,1,1,1,0,1,0,0,0,0,1,0,1,0,-0.40699974734436944,-1.6692809809043931,0.935853618247383
3012,1,0,1,1,1,1,0,0,1,1,0,0,0,0,0,0,1,1,1,1,0.8297369560196115,0.8702783968836209,2.713645457594384
3013,1,1,0,0,1,0,0,2,0,0,0,0,1,0,0,2,1,1,1,1,1.5910869059130774,0.24265509359374607,1.0212092779700104
3014,2,0,1,0,0,1,0,1,0,1,0,0,0,0,0,1,2,1,0,1,0.6567570347902724,-0.624378743243431,-0.4055838953928355
3015,1,0,0,1,0,1,0,1,1,0,0,0,0,1,2,0,0,1,0,1,-0.9079506684702419,-0.2591800952360113,-0.540235043437443
3016,1,1,1,0,0,1,0,1,1,0,1,1,0,1,1,1,1,0,1,1,-0.31914740938001673,0.8371615336997414,0.8048606951410595
3017,0,1,0,0,0,1,0,1,1,0,0,0,1,0,1,0,2,2,1,1,0.9819159434742297,-0.8696986750168214,1.245759836894807
3018,1,1,0,0,0,1,0,2,2,1,0,1,0,1,1,1,1,1,2,2,0.6772355615260741,-0.37786692125568444,0.6977107018539994
3019,0,1,2,1,0,2,0,1,0,1,0,1,0,0,1,0,1,0,1,1,-0.595232374293394,-1.8372436506705985,-0.08030452511929617
3020,2,0,1,1,0,0,0,1,0,0,1,0,0,1,1,0,1,0,1,1,-0.8172420179401287,0.575725035992929,0.45992952621195105
3021,1,0,1,0,0,0,0,2,0,0,1,0,0,2,1,0,2,1,1,2,0.05977395109185952,-0.0013955036372674812,1.1651983981245873
3022,0,0,0,0,1,1,1,1,1,1,1,0,1,1,0,1,1,2,0,0,0.8226401612579595,1.0468852690046488,0.3517923313711772
3023,0,0,0,1,0,1,0,0,0,1,1,0,1,0,1,1,2,0,1,0,1.443127055782874,-0.18053497243940836,1.3850256762481157
3024,0,0,0,1,0,1,0,1,0,1,0,0,0,0,1,0,0,0,0,2,0.8747623578664377,0.7686544520856635,1.3950766316080705
3025,0,0,1,0,1,2,2,2,2,1,0,1,1,0,1,1,1,1,1,1,1.2961298914394688,0.8265939922991854,2.7919421853427235
3026,0,0,0,0,1,2,0,1,0,1,0,0,0,0,0,2,1,0,2,1,-0.210195077912576,0.33481075712142844,-0.07072547510374604
3027,2,1,1,0,0,0,0,0,1,0,0,0,0,1,0,1,2,1,0,1,0.16571502410944727,-1.3803466604697028,0.5393341631537933
3028,0,0,1,0,0,1,0,0,1,0,0,0,0,0,1,0,1,1,0,1,-0.06781368716936606,0.1241406113660819,-0.42452253384484767
3029,1,0,0,0,0,1,0,0,2,1,1,0,0,1,1,0,0,1,0,2,-0.03854128074037207,-1.0325650263267563,-0.0392455037479747
3030,1,1,0,0,0,1,0,2,1,0,0,0,0,0,0,0,1,1,1,1,-0.9775567649329742,0.03828593077440556,-1.03712440276779
3031,0,1,2,0,1,0,0,1,1,1,1,1,0,1,0,0,1,0,0,1,-1.1353910101904219,-0.24856977726235874,1.301427715501843
3032,1,0,0,0,0,1,0,1,0,0,0,1,0,0,0,0,1,0,2,2,0.8495032258083569,1.6662587155153228,0.4777504479126974
3033,0,0,0,1,0,0,0,1,0,1,0,1,1,1,1,0,1,1,0,0,-1.3985486983331235,-0.21875592895210066,-0.752890002485789
3034,0,1,0,0,0,2,0,2,1,1,0,0,1,1,0,0,2,0,1,0,0.723681554003627,1.3713825555597374,1.3966036628062712
3035,0,2,0,0,0,1,1,1,1,2,0,0,1,0,1,0,2,1,0,2,0.03238727341103221,-0.421749025674393,-0.4273078120996306
3036,2,0,1,0,0,1,0,1,1,0,0,0,1,0,1,2,1,0,1,1,-0.7522341905664138,1.8480119114996243,2.799390062710507
3037,1,1,2,0,0,1,0,2,1,1,0,0,1,2,1,1,0,1,1,1,-0.36753480046853493,0.3009973344130552,0.4360195713880908
3038,0,0,1,0,0,2,0,2,1,1,1,0,0,1,0,0,1,1,0,0,-0.457053218868708,1.2200456908655346,0.9487997589415662
3039,1,0,1,1,0,0,0,2,0,1,0,1,1,0,1,1,1,0,0,1,0.38699724607112546,1.4496186306445225,-0.6031519573432755
3040,1,1,1,0,1,0,0,1,2,1,2,1,0,0,0,0,0,1,0,1,-1.4107273019307123,-1.5414353422738365,0.57482496116338
3041,0,1,0,0,1,1,0,0,0,1,0,1,1,0,1,0,2,1,1,1,0.7055715497014705,0.5037830057449131,-0.6968007951287161
3042,1,1,1,0,0,1,0,1,2,2,0,1,0,0,0,1,1,1,0,1,-0.3646650189352064,-0.6959386615506393,-0.272495386739125
3043,1,1,1,0,0,1,0,0,0,1,0,1,0,1,2,1,1,0,1,0,0.7814901717762563,0.6215861593478412,1.0810346647986213
3044,0,0,1,0,0,1,0,0,2,1,1,1,1,0,0,0,1,1,0,1,-0.6839915577309222,-0.8600536588331146,-0.5334008387089021
3045,0,0,2,1,0,0,0,1,2,0,0,1,1,0,0,2,0,1,2,2,-0.28207114280759993,0.5269357805702921,2.3677602896658407
3046,2,1,1,0,0,1,0,2,1,0,0,0,0,1,1,2,2,0,0,1,0.0866834830676054,0.5850386522561256,-0.3157376549265722
3047,0,0,0,0,0,0,0,0,0,1,1,1,0,0,2,1,0,0,0,0,0.346856342862849,0.016112093875385515,1.1295133903801626
3048,0,0,1,0,1,2,1,0,0,1,0,1,0,0,2,0,1,0,1,1,0.8863438642221386,0.832377539997233,0.0022043639630332512
3049,2,2,2,0,0,2,0,1,2,0,1,2,0,0,0,0,0,0,0,1,-0.5023144237166047,-1.038804188105627,0.6971628045564446
3050,1,2,0,0,0,1,0,2,0,2,1,0,0,0,2,0,0,0,0,0,-0.8736843085759018,-0.23936560557408806,-0.44807886068439784
3051,1,2,1,0,1,0,0,1,0,0,0,0,0,1,2,1,2,0,2,1,0.7144406683771374,0.5414260414483225,0.4380883864068591
3052,2,1,1,0,0,1,0,1,2,0,0,0,0,0,2,1,1,0,0,0,-1.7685045910480577,-0.10597432353751424,-0.5406139661833641
3053,0,0,1,0,1,0,0,0,2,0,0,0,0,1,0,1,0,1,0,1,-0.03704987000170208,-0.348188953163841,-1.4003627017365803
3054,2,0,2,0,1,2,0,0,1,0,0,1,0,0,1,1,0,0,0,1,0.4768233499968735,-0.69429394246032,0.1434998074357131
3055,2,0,1,0,0,1,0,1,0,1,1,0,0,0,0,0,0,0,0,2,-1.0439878810161767,0.37239525346948277,-1.9319878455100217
3056,0,2,1,0,0,2,0,1,0,1,0,0,0,0,1,1,2,0,0,1,2.041104922900345,-1.0372440190567243,0.12475577002573968
3057,0,1,1,0,0,2,0,2,2,0,1,0,0,0,0,0,0,1,1,2,1.6498189059245743,0.6756054199205724,3.4183906436067675
3058,1,1,0,0,0,1,0,2,1,0,0,0,0,0,2,0,0,2,2,2,-0.2171599884868513,0.05884932659478536,-0.7664040534400173
3059,0,1,0,1,0,2,0,1,1,0,0,0,0,2,1,0,1,1,0,1,-1.5814561076515605,0.8122254893023155,-1.0285256179184283
3060,1,0,2,0,0,0,0,0,0,1,0,0,1,0,1,0,2,0,0,0,1.7427573442858404,-0.667145645430424,2.9837843131555757
3061,0,1,0,0,1,1,0,1,1,0,0,0,1,1,1,1,0,1,1,1,-0.811163434039536,0.8698142596145582,-0.20860429454336607
3062,0,0,2,0,0,0,0,1,0,0,1,0,1,1,1,1,0,1,0,1,0.03833185783616983,0.3907212683894731,0.6503639739396125
3063,0,0,0,0,1,1,0,1,1,0,1,0,0,1,1,0,1,2,0,2,0.3772280222431891,0.21057050962028587,-0.4970761609937182
3064,0,1,2,0,0,2,0,1,1,0,0,0,0,1,0,2,1,2,1,1,-1.0470680884765133,0.15496460904824425,0.647806366096042
3065,1,1,1,0,0,0,0,1,0,0,0,0,0,0,0,1,1,1,1,0,-0.40371756288573046,1.3202312062556514,-0.22916104835174567
3066,0,1,1,0,0,1,0,1,1,2,0,0,0,1,1,0,2,0,0,1,-0.14855263689346107,-0.36607608731210123,-0.7510883668750274
3067,0,1,1,0,1,1,0,1,0,0,1,0,1,1,1,0,0,1,1,2,0.10101899378863984,1.6512311953337047,2.3207364703846
3068,2,1,1,0,1,1,0,0,0,1,0,1,1,0,1,1,1,1,0,0,-0.8689203143600622,0.11852785920496428,-1.4366364687640267
3069,0,1,0,0,0,1,0,2,1,0,0,0,2,0,1,0,1,1,0,1,1.2959122944042731,0.6597048492338238,2.688181233300022
3070,0,1,0,0,0,2,1,1,0,1,0,1,0,0,0,0,1,0,2,0,0.19679022885050576,0.5941337679233852,0.8893472440024216
3071,0,1,2,1,1,0,0,0,1,0,0,0,0,1,1,0,0,1,0,1,1.8133700795763183,1.80870051826518,1.4915872629041762
3072,0,1,1,1,0,2,0,2,1,0,1,0,1,2,0,0,1,0,1,1,-0.8119733219484241,0.27749297640820014,-0.6309467032894738
3073,0,1,1,1,1,1,0,0,2,0,0,1,0,0,1,0,1,1,0,1,-1.3213626249845098,-1.030492900257081,-1.3602919351069036
3074,1,1,2,1,0,1,0,1,1,1,0,0,0,0,2,2,1,0,1,0,-0.039720994827593885,-0.7280972972270021,-0.9841759288396743
3075,1,0,2,1,0,0,0,2,1,0,0,0,0,0,2,1,1,0,1,2,0.8223381777222429,0.6760053238664223,0.6310928843766178
3076,0,0,0,0,1,1,0,1,1,0,0,1,1,0,1,1,1,0,0,2,0.005680654154789257,0.2256379757858547,0.3061851506968126
3077,1,2,0,0,0,0,0,0,1,0,0,0,0,0,2,0,0,1,1,1,0.15582807762546744,-0.7551380996802097,-1.521383347480337
3078,0,1,1,0,1,1,1,1,2,1,1,0,0,0,2,0,1,1,1,1,-0.6133594093629798,-0.00870710664051827,-1.6568019247318917
3079,0,2,0,0,1,0,0,1,2,0,0,0,0,0,2,0,1,1,0,0,-0.5904823888717825,-2.096069974409279,-0.838136305469676
3080,1,2,0,0,1,1,0,0,0,0,0,0,0,0,0,0,0,1,0,1,1.5399769909557668,-0.5224182816137709,1.0950216497363834
3081,0,2,1,0,0,0,0,0,0,0,0,1,0,0,1,1,0,0,0,2,0.7301347717322155,1.0605775414940852,0.7681905724642741
3082,0,2,1,0,0,1,0,1,0,0,0,0,1,0,0,0,2,1,0,1,-1.3524559309808437,-0.6505078254648704,-0.745646808353351
3083,0,0,1,0,0,1,0,1,1,1,0,1,0,0,1,0,2,0,0,2,0.048455510774478586,0.3218272731083321,1.5447051054091594
3084,1,1,0,0,0,0,0,1,2,0,0,1,0,0,1,2,0,2,0,2,-1.0139928520257304,-1.7190171909498786,-1.2409167620870158
3085,0,1,2,0,0,0,0,0,1,0,0,1,1,1,0,0,2,0,1,1,-0.5697409956153442,-1.473598193237144,-1.6105095782382475
3086,1,2,1,0,0,0,0,1,0,2,0,0,0,0,0,1,1,0,0,1,-0.43943737604009814,-0.7055177604649472,-1.0769730635750672
3087,1,0,2,0,0,2,0,2,2,0,1,1,0,1,1,0,1,1,0,0,-0.9893055920893916,-0.3622478994104239,0.597229309478638
3088,2,0,1,0,0,2,0,1,0,0,1,0,1,1,1,1,0,0,1,1,-0.5531781566785986,-1.5161004574164536,-0.2060703225442249
3089,1,2,0,0,0,2,0,1,1,0,0,0,1,1,0,1,1,0,0,1,-1.482442146561605,-0.8561482738227625,-1.4766078721309646
3090,2,1,0,0,0,0,1,1,1,0,0,0,0,0,0,1,1,2,2,0,1.8181591474879186,0.37988251267592144,1.2316894326235786
3091,1,0,1,0,0,1,0,1,2,1,0,0,1,1,2,0,1,1,0,1,-1.1034811571378724,-0.7952438938398565,0.46809329987209836
3092,0,1,0,2,0,0,0,1,1,1,0,0,1,0,1,0,1,2,1,2,0.13080876253071333,0.5389693519938453,0.03150842699868206
3093,2,1,0,0,0,2,0,1,1,0,1,0,0,1,1,1,2,1,1,1,0.12093644110749208,1.662940613086943,1.9780667893175732
3094,0,0,0,0,0,0,0,2,0,1,1,1,0,0,2,0,1,1,0,1,-0.7932353157056067,0.5367760387866307,-0.14336479237523847
3095,1,0,1,0,0,2,0,0,0,1,1,1,0,1,1,2,0,1,0,1,-0.5523090184641005,-1.220841406723062,-0.2533963743671154
3096,1,2,1,0,0,2,0,1,1,1,0,2,0,1,1,1,1,1,0,0,-0.28748746629342387,-0.9383924250183955,-0.3442155842846853
3097,1,1,1,0,0,0,0,1,2,0,1,1,1,1,0,0,0,1,1,1,1.051579664983374,0.5262426337600421,1.1648214361357025
3098,0,2,1,1,2,1,0,0,2,0,0,0,0,0,1,1,2,1,0,0,-1.7299446186009773,-1.4782735017768553,-1.3644982614620105
3099,1,0,0,1,0,0,0,1,1,1,0,1,1,0,0,0,2,1,0,1,-0.29683558519491027,0.8532550731113531,-0.46266882885154936
3100,0,0,0,0,2,1,0,2,0,0,1,0,0,1,1,0,0,1,1,1,-0.33446361400036667,-0.06454459400858711,-1.62730623018206
3101,0,0,0,0,0,1,0,1,1,0,0,0,0,0,0,1,2,2,0,2,-0.4622577654328365,0.08321705257932616,-0.7835661993021483
3102,0,1,2,0,0,1,0,1,2,0,0,0,0,0,0,0,0,2,1,1,0.5637159277688838,-0.23403831213718557,0.40836792079141837
3103,2,2,2,0,0,2,0,1,1,1,0,0,0,0,0,1,1,1,1,1,1.314583612596935,1.1478509949483717,2.9723137967124735
3104,0,1,1,0,1,0,0,0,1,0,0,0,0,2,0,1,2,1,0,1,0.9218523457988016,0.060253390028396824,0.5709311336989256
3105,1,1,1,1,1,2,0,0,0,0,0,0,0,0,0,1,2,1,2,1,0.3314086359906114,-0.237495956001474,-1.0836416539269456
3106,0,0,0,0,1,1,0,1,2,1,1,0,1,1,1,1,2,1,0,2,-1.1675739968016206,-1.0404928626356573,0.7491897086574288
3107,0,1,2,1,0,1,0,0,1,1,0,0,1,0,1,0,0,0,0,1,1.7150751436712581,-0.8863044647421694,0.7014246310339616
3108,2,2,2,0,0,0,0,0,1,1,1,0,1,1,0,1,1,0,0,1,-2.0842585179302597,-0.7066796461710405,-2.3287032818905242
3109,0,1,1,1,0,0,0,1,1,1,0,0,0,0,1,1,1,1,0,1,-0.6127018796309431,-1.0885938209812829,-0.8708209845666548
3110,2,1,1,0,0,1,0,2,0,0,0,1,0,1,0,0,1,0,1,2,0.8899575259609857,-0.23778737786698434,0.03066059630794843
3111,1,0,1,0,0,1,0,1,1,0,1,0,1,0,1,0,1,1,0,0,0.24232311536597154,-0.5956431518882219,0.9328647529166871
3112,0,0,0,0,1,1,0,0,1,0,2,0,1,0,1,1,1,0,1,2,0.6465055012586638,0.1638625134084426,-2.3719379154044025
3113,2,2,1,1,0,1,0,1,1,1,0,0,0,0,0,2,1,1,0,0,0.613274023277685,0.2644665111380653,-0.49810044318257357
3114,1,1,1,0,0,0,0,0,1,0,0,0,0,2,1,0,1,1,0,0,0.13529886634344418,0.014192961279774707,-1.1480997869108318
3115,0,2,0,0,0,1,0,0,0,0,1,0,0,0,0,1,1,1,0,1,-1.1128111554455344,0.12450135545571173,-0.45711129594461974
3116,1,2,0,0,0,0,0,0,0,1,0,0,1,2,0,0,2,0,1,1,1.6450822010207722,2.2672922436236997,0.22167092306994074
3117,0,1,0,0,2,1,1,1,2,0,0,1,1,0,1,2,1,0,0,0,-0.9435982336311384,1.0214123070326042,-0.21976049787128393
3118,2,0,1,1,0,2,0,1,1,0,0,0,0,0,0,0,2,1,1,1,-0.20889273455495513,-0.20434727209118492,-0.4071716820892496
3119,1,0,0,0,1,1,0,2,2,1,0,0,1,0,2,2,2,2,1,1,0.5375768721169787,1.875229261651781,1.5031139805822669
3120,1,0,0,0,0,2,0,1,0,0,0,1,0,1,0,1,1,0,1,1,0.41312086233208767,-0.31121887762731276,-0.20392386268045848
3121,0,2,1,1,0,1,0,2,1,2,0,0,1,0,0,2,1,0,0,1,-0.6424239803433962,0.35356882128041844,0.8200457668293782
3122,1,2,0,0,1,1,0,0,2,1,1,0,1,0,1,0,0,1,1,2,-0.5416090624302812,-1.0692025073241596,-0.0979605202489871
3123,1,1,0,0,0,0,0,2,1,1,0,0,0,0,1,0,2,0,2,2,0.3375124663019989,0.9037398867285358,0.706764643656943
3124,2,1,1,0,1,1,0,0,0,1,1,1,2,1,0,0,2,0,0,1,-0.3544553711683459,-0.6359991315585116,-0.3370373726285057
3125,0,2,1,0,0,1,0,1,2,0,0,1,0,0,0,1,1,0,1,1,0.06667000284789179,0.12718342085332854,-0.938457464351241
3126,1,1,0,0,0,1,0,1,2,1,0,1,1,0,1,1,2,2,0,1,0.7343820715552845,1.6285280805057176,1.2463051893276622
3127,0,1,1,0,1,1,0,0,1,1,1,1,1,1,1,1,2,1,2,1,-0.33856968685974764,-0.8809337187919255,-0.723068316831843
3128,1,0,1,0,0,1,1,1,1,1,0,1,1,1,1,1,2,2,1,2,0.5809949826046239,1.559644048111965,1.4096876314172035
3129,1,1,1,0,0,1,0,0,1,0,0,0,0,0,1,0,2,2,1,1,0.5653593469721128,-1.0336126857774148,-0.7410824671608609
3130,1,1,1,0,0,1,0,1,1,1,2,1,0,0,0,1,1,1,1,1,0.22977097129972227,2.2456676267620397,2.7072903593091873
3131,0,1,0,0,0,0,0,1,1,1,1,1,0,1,1,0,0,0,0,1,0.3167010786035081,-0.3579569925002195,-0.5054204760288669
3132,1,1,0,1,0,0,0,1,0,1,1,0,1,0,1,0,2,0,1,2,0.8561449985663337,-0.3976351919407139,1.3537294831841233
3133,1,1,2,0,0,0,0,1,2,2,0,1,1,0,0,0,1,0,1,1,0.11659246842549349,-1.0142324223899886,1.589571665123182
3134,1,2,1,0,2,1,0,2,1,0,1,1,2,0,0,1,2,1,2,1,0.27519474243600783,0.29151414959434996,0.46510516260330337
3135,0,1,1,0,0,0,0,2,0,2,0,1,0,0,0,1,1,1,0,1,-0.7147285584574218,-0.8394256083686149,-0.18947755080540518
3136,0,2,1,0,1,2,0,0,1,1,0,1,0,0,0,0,2,1,0,0,0.7066259477882577,-0.16223804148874899,0.06084579659481473
3137,1,2,1,0,0,1,0,0,2,1,0,1,1,0,2,0,1,0,0,1,0.11855897619487361,-0.6006370327779675,1.8467348460383235
3138,1,2,2,0,0,1,0,1,1,1,0,0,0,0,0,1,1,2,0,1,-1.075669447275071,0.021575192306290347,-1.3304927468900576
3139,2,1,1,0,0,0,0,1,0,0,0,1,0,1,0,0,0,0,0,1,0.5672997565452994,0.30538767800418976,0.46944509589419303
3140,0,2,1,0,1,1,0,2,0,1,0,2,0,2,1,2,2,1,1,1,0.47100706127750175,2.0111974542672444,1.7454922471779812
3141,0,0,0,0,0,1,0,1,1,1,1,0,0,0,1,1,0,1,0,1,-1.4077664032036632,-0.04725313218428223,-1.236206734242743
3142,1,1,1,0,0,2,0,0,0,1,0,0,1,0,1,1,1,1,2,1,-0.6893224630458274,0.3042333381931745,-0.6017779424787146
3143,0,1,1,0,0,1,0,0,2,0,1,0,0,0,0,1,1,1,1,1,-0.3546355394139031,-0.947696473760258,1.8438168526366359
3144,0,1,1,1,0,0,0,1,2,1,0,0,0,1,2,0,1,2,1,0,-0.9712236889677565,-0.3019615780257243,1.3395155465671202
3145,1,2,0,0,1,2,0,1,1,0,0,0,1,0,1,0,0,1,1,0,0.21962567863426824,-1.5313682865489844,-0.5496524882985079
3146,1,1,0,0,1,0,0,2,1,1,0,1,1,1,0,0,1,1,0,1,0.4304837067296048,-0.5153351093682349,-0.7903889945357232
3147,1,1,1,1,0,1,0,0,0,1,0,1,1,0,0,2,1,2,0,0,0.2208875414570709,-1.6939510303276857,1.341311653372372
3148,1,0,1,0,0,2,1,2,0,0,0,0,1,1,2,0,1,1,0,2,0.59902876980119,-0.1269874955010073,1.3416536058342075
3149,2,0,0,0,0,1,0,0,0,0,1,0,0,1,0,0,2,2,1,0,1.8594543982294205,0.6806253409936344,1.5160611683433225
3150,0,0,0,0,1,1,0,1,0,1,0,0,0,0,1,0,1,1,1,1,1.660982024358903,0.5432167703358944,-1.7642125286474906
3151,1,1,1,0,1,1,0,1,0,1,0,0,0,1,0,1,1,1,1,1,-0.7738447883049812,-0.2730423201522859,-1.5271499014540604
3152,0,2,2,1,1,1,1,1,1,1,0,0,0,0,0,0,2,2,0,1,-1.4668599423013224,-1.0711462817145523,-0.5979197992041392
3153,0,0,0,1,0,2,0,0,2,1,1,0,0,1,0,2,1,1,1,1,-1.6753486818440435,-0.925506339161545,-0.6251207249362858
3154,1,1,0,0,0,0,0,1,2,0,0,1,0,0,0,1,2,2,1,0,-0.19969257066968224,0.2070874542025375,0.9463622435217833
3155,1,1,1,0,1,1,0,1,2,0,0,1,0,0,1,2,1,1,2,0,0.5664586884963315,0.613062075531087,1.219208028601817
3156,1,0,2,0,1,0,0,0,1,0,1,0,1,0,2,0,1,1,0,1,0.713634320096905,0.3606044274421456,0.6838802432960951
3157,0,1,0,0,0,1,0,1,0,1,0,0,0,1,0,0,2,0,1,2,-0.7037991173519411,-0.8383151080499756,-1.0413376580871638
3158,0,0,1,0,0,1,0,0,2,0,1,0,1,1,0,0,1,1,1,0,0.18313280932504797,-0.15013813176397262,-1.1156561488854426
3159,0,1,0,0,0,1,0,0,1,0,0,0,0,0,1,1,1,1,1,0,0.11427801750711353,-2.391378944592606,0.05756955142154804
3160,0,0,0,0,0,1,0,0,0,1,0,1,1,1,1,1,1,1,1,0,-0.99812971836896,0.38573199654879803,-2.1185996500092514
3161,1,2,0,1,0,1,0,0,1,0,0,0,1,0,0,0,0,2,0,1,-1.2119747598040373,0.31708476993064766,-2.3485340502632157
3162,1,1,1,0,1,1,0,1,2,0,0,1,0,1,1,1,2,2,0,2,-1.097461397718954,0.3694987189228749,0.14464836749284016
3163,0,1,1,1,0,1,0,0,1,1,0,0,0,1,0,1,1,0,1,2,-1.7172445369195233,-0.8744718318333509,-0.6566438305641714
3164,1,0,0,0,0,1,0,1,1,0,0,0,0,1,0,0,1,2,1,1,0.7459151926247757,0.6089816705817315,1.1355994455017866
3165,1,2,0,0,0,1,0,2,0,0,0,0,1,0,1,0,2,0,0,1,1.2054506044011963,-1.0526312227839496,1.7000791718936341
3166,1,1,1,0,0,0,0,1,0,1,0,0,1,0,0,1,0,0,1,0,-0.6560428910341621,-1.4423723711189909,-0.3724711488686946
3167,0,2,1,0,0,1,0,1,0,0,0,0,1,1,0,2,1,0,0,1,-0.3077462219820807,-0.5561075876211352,-0.15008824091899697
3168,1,1,0,0,0,1,0,0,1,1,0,0,0,0,0,1,0,1,0,0,0.2784402944477353,-0.22340138954857747,-1.7958715797234774
3169,0,2,1,0,1,1,0,2,0,1,0,2,0,0,0,1,0,0,2,0,-1.8442525615605991,-0.29329222859712634,0.1921371482377766
3170,1,1,1,0,0,1,0,1,1,0,1,0,0,0,2,0,1,1,0,0,-1.457952389181085,-3.434641150948333,-1.031532586661532
3171,0,2,1,0,0,1,0,1,1,1,1,0,0,0,1,1,1,1,0,1,-0.6345487166819992,1.361206985056082,0.5390476934204328
3172,2,2,0,0,1,1,0,0,1,1,0,0,1,0,1,0,0,0,0,1,-1.6844244520928036,-0.016858074111846033,-1.2483769107422105
3173,1,2,1,1,0,1,0,1,2,1,1,1,0,0,0,0,1,1,0,2,0.3817961446264575,0.8400110550063553,0.4697402969786371
3174,0,0,1,1,1,2,0,1,1,1,0,0,0,1,1,1,2,1,1,0,-1.5550303459467545,0.16580185631448008,0.31283415751652344
3175,0,1,0,0,0,0,0,1,1,0,2,0,0,1,0,0,1,0,0,2,0.4853488234786777,0.3575855608694018,-0.8187146363323907
3176,0,2,2,0,0,1,0,1,1,0,1,1,0,0,0,1,1,2,2,2,-1.0571396407222735,0.2735727736843359,0.17222012935858522
3177,1,1,1,0,1,0,0,2,1,0,0,1,1,0,1,0,1,2,1,0,-1.25306896630765,-0.8073913429276467,0.769732749614717
3178,0,2,0,1,0,0,1,1,0,1,0,0,0,0,0,1,0,1,0,1,0.8646953130731337,1.0857147353683907,0.09975883119483131
3179,1,0,2,1,1,0,0,1,1,0,0,0,0,1,2,2,1,0,0,1,0.11508462399744436,2.807781863160461,2.3663001011629565
3180,1,0,1,0,0,1,0,2,2,0,0,1,1,2,1,0,2,1,0,1,-0.4540572320368849,-1.3201960411420999,-0.0700003123234626
3181,2,2,1,0,0,0,0,1,1,0,1,0,1,0,0,2,1,1,0,1,0.5929866639986278,0.3082810607608918,1.2612747814856364
3182,1,1,0,1,1,0,0,1,0,0,0,0,1,0,0,1,1,0,1,0,0.2753523923577906,0.7274225921148225,3.506677337717751
3183,1,1,1,0,0,1,1,0,0,1,0,0,0,1,1,1,1,0,1,1,0.31350175614128023,0.7232366317152694,1.7791131157567217
3184,0,0,0,0,2,0,0,2,1,0,0,0,1,2,1,0,2,0,0,1,-0.3006699553065445,-0.28714956715968903,0.30578868398114695
3185,1,1,0,1,1,1,0,1,0,0,0,0,0,1,1,0,1,0,0,1,-0.7705687971949982,-0.5278596391438246,-0.3494220602782012
3186,2,0,0,1,0,1,0,1,0,0,1,0,0,1,0,0,0,1,2,0,0.22110515500743516,-0.3353528121351449,0.5784794220156073
3187,0,1,0,0,0,2,0,0,1,0,0,0,0,1,0,1,2,1,1,1,-0.36133246186147633,0.36824364110298047,1.5307104548422845
3188,2,0,1,1,0,1,0,2,0,0,0,1,1,1,2,1,1,1,0,0,-1.8890659038157434,0.8481325988358228,2.1413615021427863
3189,0,0,1,0,0,1,0,1,0,0,0,0,0,0,1,0,0,0,1,1,-0.5006714040831993,0.6966340031480891,-0.687971317225952
3190,2,0,0,0,0,2,0,2,0,0,0,0,0,0,0,0,1,0,2,1,-1.9459251694237316,-1.48639358714067,-2.9182897895209465
3191,0,1,0,0,0,2,0,0,0,2,0,1,0,0,0,1,2,0,0,1,1.1867676333298043,0.8165702179841243,0.34724871745145336
3192,0,2,1,1,1,0,0,1,0,1,0,0,0,1,0,0,2,2,1,1,0.789505883656798,0.36379535718145894,0.6717087234238257
3193,0,1,2,0,0,0,0,1,1,1,0,0,0,1,0,0,1,1,0,1,-0.6352580245563355,-1.1058855375341439,-0.4126455615745674
3194,1,1,2,0,0,0,0,1,1,0,0,0,0,0,1,0,1,2,0,1,0.20496693728775922,1.091658604305712,0.9086253475131068
3195,0,1,0,1,0,1,0,0,0,0,1,0,0,0,0,2,2,1,1,1,0.5423159085122874,0.16171367484391133,0.763429007138952
3196,0,0,2,0,1,1,0,0,1,1,0,2,0,1,0,0,2,0,1,1,-0.4247188911426875,-0.2454604679785733,0.08273573356835534
3197,0,1,1,0,1,2,0,1,1,1,1,0,0,1,1,2,2,0,2,2,1.9789716345028892,1.135664235889893,0.8533501807341364
3198,0,0,0,0,0,1,0,1,2,0,0,0,1,1,1,1,0,1,1,0,-0.6852130629281198,-0.31474479239123576,0.3240843614165114
3199,0,0,1,1,0,0,0,0,0,0,0,0,0,0,1,1,1,2,0,1,-0.15016945330918785,-0.4780467624791608,1.1391061674627794
3200,1,1,1,0,0,1,0,0,0,1,1,1,0,0,1,2,0,0,1,1,1.4683634807283323,0.19895424746996382,2.708132236013583
3201,1,1,0,0,0,0,0,2,0,0,1,1,0,2,2,1,2,2,0,1,-0.4477737841255981,1.449527137288778,-0.031263093486823657
3202,2,2,0,0,0,2,0,0,0,2,0,1,0,0,0,1,2,0,0,1,-0.5772651318301236,-0.05104101858120911,-1.60011613260055
3203,0,0,1,0,1,1,0,1,0,2,0,1,0,1,1,2,1,2,2,1,-0.2514022066836723,1.0231237100418795,2.1450107500710947
3204,1,2,2,1,1,0,1,2,1,0,0,1,0,1,2,1,1,0,0,1,1.5509994976252364,0.44802117330218105,0.9302396612857196
3205,1,1,1,0,0,1,0,0,0,0,1,0,0,1,1,1,1,0,0,0,0.349663944144905,0.5645739100812556,-0.5967841195973766
3206,1,1,2,0,0,0,0,1,2,1,0,0,0,1,0,1,0,0,2,0,0.8599982892339365,1.8093903692143551,-0.3580135083060745
3207,1,0,1,0,1,0,1,0,1,0,0,0,0,0,1,1,1,1,1,1,-1.9321630013736302,-0.04304045081162833,-1.7460737785652283
3208,0,1,0,1,1,0,0,1,1,0,1,0,0,2,0,2,2,0,0,0,-0.3818380098205708,1.5762596231673591,2.0940931247848855
3209,0,2,2,1,0,1,0,0,0,0,1,1,0,0,2,0,1,0,1,0,-0.7929089833633267,-0.6469262812541766,0.0028949579174082363
3210,1,1,2,0,0,0,0,1,1,0,0,1,0,1,0,1,2,2,1,1,-0.632069077571708,0.7069897168016905,0.9979027371966236
3211,2,0,2,0,0,1,0,0,1,0,0,0,0,1,0,0,1,1,2,0,-1.5414189528652442,-0.538078293715316,-0.5822093952381397
3212,0,0,1,0,0,0,0,0,0,0,0,1,0,1,0,2,2,1,0,0,-0.6082689803379523,-0.8485037594120013,0.5793418460854383
3213,0,1,1,0,0,0,0,0,0,1,1,0,0,1,2,0,1,1,2,2,-0.32184979184177176,0.14147251605682234,0.6668104756794524
3214,2,1,0,1,1,0,0,2,1,0,1,0,1,0,1,0,0,0,0,0,-1.2065552939191084,-2.55025185430192,0.47240122737736123
3215,0,0,0,1,0,1,1,0,0,1,1,0,0,0,0,0,1,1,0,1,1.210736867373152,-1.2079535773393792,-1.1057227062705064
3216,0,2,0,0,0,0,0,1,1,1,0,1,1,0,0,1,0,1,1,2,0.46602138582497643,0.7242613472606643,-0.4498297703703636
3217,1,1,0,0,0,2,0,1,1,0,1,1,0,0,0,1,2,0,1,1,-0.05661037312405143,2.0632563120299543,1.0080903220252844
3218,0,1,1,0,0,1,0,0,0,0,0,1,1,0,0,1,2,2,1,1,0.63713310666244,-0.8733955429725826,-1.4408989815146138
3219,0,1,1,0,1,0,1,1,0,1,0,1,0,1,1,0,2,1,0,2,-0.8258641758704252,0.7333191174755169,-0.1493750369058876
3220,1,1,1,0,0,1,0,0,1,1,0,0,0,1,2,0,0,1,1,0,-1.0918594809677653,0.1020717234608417,-2.610128714307839
3221,2,1,2,1,0,1,0,0,1,0,1,0,0,0,1,1,1,1,0,1,0.9011731515529859,0.9663747522046788,-0.18778244019326407
3222,0,2,1,1,0,0,0,0,1,1,0,1,1,1,1,1,1,2,2,1,0.052904657070707614,0.33390755331895783,-1.0161991088846363
3223,0,1,1,0,1,1,0,1,0,0,1,0,0,1,1,1,1,0,0,1,1.8223766895166775,1.4292470677278737,1.680550677178374
3224,0,1,0,0,0,1,0,1,1,1,0,0,0,0,2,0,0,0,1,0,-1.229719443284276,0.9457235355386155,-0.996014479377374
3225,0,1,1,1,1,1,0,1,0,1,0,0,1,1,1,1,0,1,1,1,0.3672318702612441,-0.32352331565435416,0.5131879676900235
3226,1,2,1,0,0,0,0,1,1,0,1,0,0,0,0,1,0,1,0,1,0.7893788423941012,1.2296489103246673,1.3661139672366767
3227,1,0,1,0,0,0,0,0,2,1,0,2,1,1,0,0,1,2,0,1,-3.3492210630323482,-0.1494829603889063,-2.1977780848146464
3228,1,1,1,1,1,1,0,0,0,0,0,0,0,0,0,0,2,0,0,0,-0.9917874691992534,1.6057870546939355,-0.5955719054167712
3229,0,1,0,1,0,0,1,1,0,1,1,0,0,0,0,0,0,0,2,1,-0.6232270789319315,0.11650111575880746,-0.4449407215083317
3230,1,1,1,1,0,1,0,0,1,0,1,1,0,1,1,0,0,2,0,1,-0.866799235358353,-1.1620945026202538,0.3533314458213599
3231,1,0,0,0,1,1,1,0,1,0,0,0,0,1,0,0,1,2,0,0,-0.8894017097439715,0.6534631864299143,0.15284345303766428
3232,0,1,2,0,0,1,0,1,1,1,1,0,0,0,0,0,2,1,1,2,-0.8691397511987558,0.34342989585427286,-1.1004723790865611
3233,1,0,1,0,0,2,0,0,0,1,1,0,0,0,0,0,0,1,0,1,-3.063359008295835,-0.9237393555756545,-2.55237919225001
3234,0,2,2,0,0,0,0,0,1,1,0,0,2,0,0,0,1,2,0,2,0.816719102367115,1.4760613496718917,2.1699816624318196
3235,1,1,1,0,0,0,0,2,1,0,1,0,0,1,0,0,2,0,0,0,-0.37964386895427993,0.9838261585361111,1.6608618322168953
3236,0,2,0,0,0,1,0,1,1,0,0,1,0,1,2,0,1,0,0,1,0.008750363726987807,0.3047907089423391,0.8073551801794014
3237,0,2,0,0,0,1,0,0,0,1,1,0,0,0,1,1,1,0,2,2,-0.605473833576417,-0.5742419535331322,0.02657149947344345
3238,0,2,1,0,0,1,0,0,0,2,2,0,0,0,1,1,0,0,0,0,-0.440416161809848,-0.17352656721971052,0.3438908275353444
3239,0,0,0,1,0,0,0,2,1,2,0,0,0,0,0,0,0,2,2,0,0.4099477531013146,0.7786724932064898,0.4941013893625415
3240,1,1,1,0,1,0,0,1,0,1,0,1,0,0,0,1,2,1,1,1,-0.7093954501574037,0.2916880425234067,0.7049220174734872
3241,0,0,1,1,1,0,0,0,2,1,0,1,0,1,2,2,2,1,0,1,-0.7361824682079158,0.14448088375583146,-2.6524717644362035
3242,1,0,1,0,0,2,0,2,1,1,0,2,0,0,2,0,0,0,1,1,0.49825836468124857,-1.0742264475535337,-1.586618413796204
3243,1,1,0,0,1,1,1,2,1,1,0,0,0,1,1,1,1,1,0,2,-0.48399628212380996,-1.0761853988097905,-1.1335612327018583
3244,2,2,0,0,0,2,0,1,0,0,0,1,0,0,0,1,0,2,0,1,0.21845204155710826,0.45994283957364446,0.07561538258238742
3245,1,1,0,1,1,0,1,1,1,0,0,0,0,0,0,0,2,1,0,2,0.039742433301165274,-0.9969295340523434,-1.6000037658636457
3246,2,1,1,0,1,1,0,0,2,0,0,0,0,1,0,2,2,1,1,1,-0.6963142151702482,-0.7966246587408792,-1.6557843792060964
3247,0,0,1,0,0,1,0,1,0,0,0,0,0,0,1,0,1,1,1,1,0.238165976519907,0.5327124671958224,1.3101451716618293
3248,1,1,1,0,0,1,0,2,0,2,0,1,0,0,1,1,2,1,2,0,2.1500124634853166,-1.664076890154254,0.9799158729319611
3249,0,1,1,0,0,2,0,2,0,1,0,0,0,0,0,0,2,1,0,1,-1.2757436885538294,0.9302342736210405,-1.0656926597100314
3250,0,2,2,1,0,1,0,2,1,1,0,0,0,0,0,0,2,0,2,0,1.849115321916726,-1.5572476640024608,1.1929532502325415
3251,1,1,1,0,0,1,0,2,1,0,1,0,1,0,1,1,1,1,1,1,0.493988360640451,-0.9559991936567318,0.5455380043648344
3252,1,2,1,1,1,1,0,1,1,2,0,1,0,1,1,0,0,0,0,1,0.982799518098781,0.8400270093242828,0.6614081691144076
3253,0,1,2,0,0,0,0,1,0,0,1,0,2,0,0,0,0,1,1,1,1.165546834638605,1.7652372379242345,1.2445654167498115
3254,0,2,1,2,0,0,0,2,0,1,0,0,1,0,1,0,0,0,2,1,0.4977235136200829,0.22348288373615854,0.0724766597236692
3255,1,1,0,1,0,0,0,1,1,0,0,1,0,1,0,1,2,1,1,1,-1.063176970399949,-0.7218756246099399,-0.35094360020675264
3256,1,1,2,1,0,2,0,1,1,1,0,0,0,1,1,0,0,1,1,2,0.1577963215280346,0.4542020477724627,-0.6004555714953796
3257,0,0,1,0,0,1,0,1,1,0,0,0,0,0,0,1,1,0,0,0,-0.3473222129553333,-0.41466368532652076,0.584247109738119
3258,1,2,0,0,2,2,0,1,1,0,0,0,1,0,0,0,1,1,0,2,-1.0223704096119608,-1.3246444694300203,-0.7297857803875156
3259,1,2,0,0,1,0,0,1,1,0,0,0,0,1,0,0,0,2,0,1,0.5625310068609138,0.8348547449893824,0.8300931358050125
3260,2,1,0,0,1,1,0,1,1,0,0,0,0,1,1,0,0,1,1,2,-0.4972694626832103,2.247625308708124,0.16363885968443648
3261,0,1,0,0,1,2,0,1,1,0,1,0,1,1,2,2,1,0,2,1,-1.9353987403482327,1.8262390153164967,-0.9090402417176272
3262,0,1,1,0,0,1,0,0,1,1,1,1,1,1,1,0,1,0,0,1,-1.9823125535389472,-0.11421667400941515,-1.1483693211045627
3263,2,1,0,0,1,2,0,0,1,0,1,1,0,0,2,1,0,1,1,1,-1.9851525184640906,-1.7894116962397981,-0.4894141003004187
3264,1,0,0,0,0,0,0,1,0,1,1,1,0,0,0,0,2,0,1,2,0.6568798673063176,-0.060026979796837104,2.0796292464064234
3265,2,0,2,1,0,1,0,1,0,0,0,0,2,0,0,1,1,1,0,2,0.42489370997656184,0.04571286090564922,0.9196471286313255
3266,1,0,1,0,1,0,0,1,1,1,0,0,0,0,1,0,1,0,0,1,-0.7613617514082848,0.27329522199385997,-0.7787956560451027
3267,0,2,0,0,0,0,0,0,2,1,2,0,0,0,1,0,2,1,2,0,0.27614352837087053,-1.1012641518394761,1.402577205511248
3268,1,1,1,0,0,1,0,1,1,2,0,0,0,0,0,0,1,0,1,0,-0.7689560273359838,0.3687418622386379,2.5296886205004547
3269,1,2,1,0,0,0,0,0,1,2,0,1,0,0,1,1,1,1,2,2,1.2693218705483562,0.8798434724489941,2.0760605338137044
3270,0,1,0,2,0,2,0,1,0,0,0,0,0,1,0,2,1,0,1,1,-0.363065852941262,0.08033657328713371,2.224656021869967
3271,1,1,1,0,0,1,0,0,0,1,1,0,1,0,1,1,2,0,0,0,-0.21813373442835582,0.5885727930274973,1.1891173321538724
3272,2,0,0,0,0,0,0,1,1,0,1,0,0,1,0,1,1,1,1,2,1.0389132751100953,0.12444028949205417,-0.32601575336445987
3273,1,0,2,0,1,1,0,2,0,1,0,0,0,0,2,1,2,0,1,0,0.18278214924228448,-0.5738301015931483,0.12261464998233881
3274,1,0,1,0,1,1,1,1,1,0,0,0,0,1,0,1,1,1,1,1,1.3991110637480513,-0.23943892556919377,0.12284096180903586
3275,0,1,2,0,0,1,0,0,1,1,0,1,0,1,1,0,1,1,0,1,0.264170772426242,0.7381777019735518,1.6252291791751055
3276,2,0,0,0,0,1,0,0,1,0,1,0,1,1,0,1,1,1,2,1,-1.1424754667509052,-0.2006917094827933,0.5290520628836132
3277,2,1,2,1,0,1,0,0,0,0,2,0,0,0,0,2,0,1,0,1,-0.15278520469134108,0.17600192516729252,-1.1993965324718987
3278,0,0,1,0,0,0,0,0,0,1,1,1,1,1,1,0,0,1,0,1,1.6370166200872134,-0.00931711059033985,-0.5338316088872846
3279,0,0,2,0,1,1,0,1,1,0,1,0,0,0,1,2,0,0,2,1,0.8044890956938374,-0.08295870779688586,2.0010886128996446
3280,1,0,2,0,0,0,0,2,2,0,0,0,1,0,1,1,0,2,0,1,-2.9383040147532116,-1.6701697964433317,0.8086336289208937
3281,2,1,1,1,0,0,0,0,2,0,0,0,2,0,1,0,1,2,1,1,-0.006783643714803464,-2.0280975172465334,-1.9621965263794745
3282,0,1,1,0,1,1,0,2,0,0,0,0,0,1,0,1,2,1,1,1,-1.1470194020798128,-0.9051664167373574,-0.3009579029301916
3283,1,0,1,0,0,0,0,1,1,0,1,0,0,1,0,0,0,1,1,1,-0.292269253019337,-0.8380346281694553,0.009455256802922474
3284,1,1,0,1,0,1,0,1,1,1,1,0,0,1,0,1,1,0,1,0,1.4345059427020237,1.4000903041500445,1.206289501629023
3285,1,2,2,0,1,1,0,0,0,0,1,0,0,1,1,0,1,1,0,1,-0.22799139376004923,-0.015494386278845293,-0.6080685684038651
3286,1,1,0,0,1,1,0,0,0,0,0,0,1,0,2,1,0,1,0,1,-0.08250404685559855,-0.9540338045972242,-0.19312230358988414
3287,0,1,0,0,0,1,0,0,1,0,0,1,1,0,0,2,1,1,0,0,0.9665170230159593,-0.09560158512246905,0.31028334584929784
3288,1,0,1,0,0,2,0,0,0,1,0,0,0,0,0,0,1,2,1,1,0.7704980607746289,-0.019342811862063443,0.1926628732403939
3289,0,1,2,0,0,0,0,2,1,1,1,0,1,1,0,1,1,0,1,1,0.7820708817684116,1.0585043039186157,1.1242639546094146
3290,0,2,1,0,1,0,0,0,1,0,0,0,0,0,1,1,1,2,1,2,-2.200930828963422,-1.0056058519576836,-1.8911999071562402
3291,1,2,1,0,0,0,1,1,2,1,1,0,0,0,0,0,2,1,1,2,0.1716563449540069,-0.5597384398911408,0.040429735409545656
3292,0,0,1,1,0,2,0,2,1,0,0,0,0,1,0,1,1,0,2,1,-1.3556042530453525,-0.5798530327201326,-0.6319120425526628
3293,0,2,1,0,0,1,0,1,2,0,0,0,0,1,1,1,2,0,2,2,-0.9778572485879118,-1.4741653151175862,-0.013009606219716696
3294,0,1,0,1,0,0,2,1,0,2,0,0,0,0,1,0,1,1,2,1,-2.537544375139613,0.19699498856374492,0.05601534613864256
3295,1,1,1,1,1,1,1,1,1,1,0,0,0,1,1,1,2,1,2,1,-0.9818750726232943,0.9191255163681866,0.4347570804307863
3296,0,1,0,1,1,2,0,0,0,0,1,0,2,1,1,2,1,1,1,1,-0.09293227288404222,-1.6310981891677616,-1.4625151205652815
3297,2,0,1,2,1,2,0,1,1,0,0,0,1,0,1,1,1,0,0,1,0.07994853000855295,-0.7127777415251684,-1.0432371570926962
3298,0,1,1,0,1,1,0,2,0,1,0,0,0,2,0,0,1,1,1,2,0.6372650300385421,0.8110977849981948,0.1532097516558693
3299,1,1,2,0,1,2,0,2,2,0,1,0,1,0,1,1,0,0,0,1,0.17341461221062596,0.026051133878254324,1.5989096564985672
3300,0,0,1,0,2,0,0,0,2,0,0,1,0,2,1,0,1,1,0,2,-0.6801524603955383,-0.07005203713363564,0.6466244071677132
3301,1,1,0,1,2,1,0,0,0,1,0,0,0,0,1,0,0,0,1,1,0.5493175811596706,-1.3396127892422616,0.37653456016984177
3302,1,0,1,1,1,0,0,1,2,0,1,0,0,0,1,0,1,0,1,1,-0.44089429811095115,-2.315463643669391,-0.14088187089012805
3303,0,1,1,1,2,1,0,1,1,0,0,0,0,0,1,1,2,1,2,0,-0.3867313207259136,-1.3976360268300974,0.1087510019228688
3304,0,1,2,0,0,2,0,0,0,1,1,0,0,1,1,0,1,1,0,1,-1.4176564077646694,-0.5612489078393377,-0.2184953577647315
3305,1,1,1,0,0,0,0,0,0,0,0,1,0,0,0,2,1,1,1,2,-0.4838425495784453,-0.1700219936467578,-3.00235122258082
3306,0,1,1,0,0,2,0,0,0,0,0,1,0,0,0,0,1,1,1,1,-1.5527844127250574,0.621533718005104,-0.7550087753266179
3307,1,0,1,1,0,2,0,0,1,0,1,0,1,0,1,1,2,2,1,2,-1.2542621185465785,1.4100930977436847,-0.13477027588039064
3308,1,1,1,0,1,1,0,1,1,1,2,0,1,0,1,0,2,0,0,1,-0.9236087958724097,-0.0687429861220461,-0.3233340561065232
3309,1,0,0,0,1,0,0,2,1,0,0,0,0,0,0,1,1,1,0,1,-0.9403469759029995,1.593690008152423,0.20990965610845977
3310,1,0,0,0,1,0,0,0,1,0,0,0,0,1,0,1,2,0,2,1,-0.6717520706363895,-0.7667718777672606,0.9833137603112359
3311,1,0,1,0,0,0,0,0,0,0,1,0,0,1,0,1,0,1,1,2,-1.250269424524298,-1.248187857377331,-1.8483966027916734
3312,0,1,0,0,0,1,0,0,0,1,1,0,2,0,0,1,1,1,1,1,-1.0363790524091665,-2.327295851224943,-0.435808748553536
3313,1,1,0,1,0,1,0,0,0,0,0,0,1,0,1,1,1,0,1,2,-0.6772054676644069,0.1194932982465994,1.1360914758862317
3314,0,0,0,1,0,0,1,1,0,0,0,1,0,1,0,1,0,1,0,1,-2.151132840196581,0.9482194198690334,1.0166772789471517
3315,0,1,0,0,1,1,0,1,1,0,0,2,0,1,1,0,1,0,1,1,0.18165341035691152,1.828298036781451,1.0125920298876592
3316,0,0,2,0,0,1,1,2,1,1,0,0,0,0,0,0,1,0,1,0,-0.9549395792435126,1.3971392342112139,1.285469755119935
3317,0,1,0,0,1,0,0,1,0,1,0,1,1,1,0,0,2,0,0,0,0.3336590851737542,0.815682937598931,1.0373947614673042
3318,0,1,2,0,0,0,1,1,1,1,1,0,0,0,0,1,0,0,1,2,-0.19751336982231837,-0.21979005954357544,-1.1696965110008017
3319,0,0,1,0,1,1,1,1,0,1,1,0,0,0,1,1,1,0,0,1,-1.5221877535857082,-1.9678958926433014,-1.9791286179795171
3320,2,1,1,0,0,0,0,0,1,0,0,0,0,0,0,0,1,1,2,0,-0.24745771000184205,-1.3287357393458241,0.3986087198042421
3321,1,2,0,0,0,0,0,1,0,0,0,0,0,0,1,1,1,1,2,1,1.208785686923559,-0.010799540685056619,0.30191308071881273
3322,0,1,0,1,1,1,0,1,1,0,0,1,0,0,1,2,2,1,1,0,-0.4246185665913982,-0.5222696356301522,-0.6923697593491045
3323,1,2,2,0,1,1,1,0,2,0,0,1,0,0,1,1,0,2,1,1,-1.6584911131410915,1.232265945840078,0.47857519471385357
3324,0,0,0,0,0,0,0,1,0,0,0,0,0,0,0,1,1,0,0,1,-0.3733424951717278,1.273664082347703,1.2949215526380358
3325,1,1,0,0,0,0,0,1,1,1,1,1,1,0,1,1,1,1,2,1,0.0640499236527425,-0.3251086537109027,-1.7645838122036295
3326,2,0,0,0,1,1,0,1,1,0,0,1,0,1,1,0,0,1,1,0,-0.5352447883868238,1.1066763925759906,-0.37084478600708265
3327,0,2,1,1,0,1,0,0,0,0,0,1,1,0,1,1,1,0,0,0,0.32480324316335896,0.9735687067181191,-1.168569689597638
3328,1,1,1,1,1,0,0,1,1,0,0,1,0,0,0,2,1,2,1,1,-0.7091539655045548,0.7932940397209766,-0.12288762158205935
3329,0,1,1,0,1,0,0,1,0,0,0,1,0,0,1,1,2,2,0,2,-0.5708316343507603,1.54703864081971,1.1776529940496405
3330,1,0,2,0,0,2,0,1,1,1,0,0,0,1,0,0,2,0,0,2,-0.2713100766106571,-0.7667663768384059,-0.30640019868583457
3331,0,0,1,0,0,1,0,0,0,1,0,0,0,0,1,0,1,0,0,0,1.7209396375351071,1.007913601963661,-0.00435596549123618
3332,0,1,0,0,0,1,0,1,1,1,0,0,0,1,0,0,0,0,1,1,-0.32219005472218804,-0.686879557528574,0.37825704552243433
3333,0,1,1,0,1,1,1,1,1,0,0,0,0,0,2,0,0,0,2,1,1.0636066392834234,0.5270571034140368,1.4443024746109236
3334,1,1,2,0,1,2,0,1,1,0,0,0,0,0,1,0,2,1,0,1,-1.183970598350412,-0.554042518281658,-1.3142463641496975
3335,0,1,1,0,0,2,1,1,2,1,0,0,0,0,0,0,0,0,0,0,0.877887585634802,1.2112559410414754,2.1997603515851516
3336,1,1,2,0,0,1,0,0,0,0,1,1,0,1,2,1,2,1,1,2,-0.10270083987466706,-0.04178435315326594,0.14083259204377807
3337,1,0,0,1,0,1,0,1,0,0,1,1,0,1,0,1,1,0,1,1,0.43832883020570956,1.3704495440760316,2.6564779773649683
3338,1,0,0,2,0,1,0,1,1,1,0,0,1,0,0,1,2,1,0,1,-0.487340001644406,-0.33460335295468535,1.2997455213015374
3339,1,1,2,0,0,1,0,1,0,1,0,1,1,0,1,2,2,0,2,2,-0.5071711820024257,1.2409668469134933,-0.1547701101717479
3340,0,2,0,0,0,1,0,1,1,1,1,0,0,0,1,0,2,2,0,1,-0.8671586182223101,-0.3061089293567385,-0.6601900370650297
3341,1,2,1,0,0,1,0,1,0,1,0,2,0,0,0,0,2,2,0,1,0.18502736274274445,-0.5986764602886697,1.3697852565161504
3342,1,0,1,0,0,0,0,1,1,0,0,0,0,0,0,1,1,0,1,1,-0.20833313541617368,-1.0961361329547636,1.4838884555510938
3343,2,1,1,0,0,1,0,0,1,0,0,0,2,1,0,0,0,1,1,0,0.9754759550314088,-1.1330194548322114,2.33242792530041
3344,0,1,0,0,0,2,0,1,1,0,0,0,0,0,0,1,0,1,2,2,-1.2067025209571034,0.19841219032066024,-1.6977337652235698
3345,1,2,0,0,1,1,0,0,1,0,0,0,0,0,0,0,0,1,0,1,1.179533734174214,-1.306437149732346,0.7121650188032134
3346,0,2,1,0,0,0,0,0,2,1,0,0,0,0,1,1,1,2,1,0,0.7408207726465961,-0.8472178418225388,-1.0554978665069328
3347,2,1,2,0,0,1,0,1,1,0,1,1,0,0,0,1,0,1,0,2,-0.5188198779182742,1.3227721531250693,-0.46832316466619456
3348,1,1,1,1,0,1,1,1,2,1,1,0,1,0,0,0,0,0,0,1,-1.136588001113269,0.5616028359540342,-0.17389754944452845
3349,0,1,2,0,1,2,0,1,1,0,1,1,0,0,0,2,1,2,1,1,-0.556362792300914,-1.0063973139150624,-0.47235165246564714
3350,1,1,1,1,1,2,0,1,0,0,0,0,0,0,0,1,1,1,1,1,0.6572080000769697,-0.7077209061211215,1.9310609768469607
3351,0,0,0,0,0,1,0,0,2,1,0,1,1,0,1,1,1,1,2,1,1.147049680484917,-1.5632114281718659,0.41178155110607506
3352,0,1,0,0,0,2,0,1,0,0,0,0,0,0,0,1,1,1,1,2,-0.4396878306875695,0.37755536572605153,-1.120293280284955
3353,0,2,1,2,0,0,0,0,1,0,0,1,0,1,1,2,2,1,0,1,-0.7272901807604125,-0.16963348737378198,0.23954821729781411
3354,2,1,1,1,0,1,0,0,0,1,0,0,0,1,0,1,2,1,1,1,0.7121602282397577,1.1255638153024154,1.38801823354795
3355,0,2,0,0,0,0,0,2,0,0,0,0,0,0,0,1,1,2,0,1,1.4990154757389371,-0.15246237641263943,-0.050611183201071275
3356,0,0,0,0,0,2,0,1,1,0,0,2,0,1,1,0,1,0,0,0,0.24382498425105423,0.49220999719870207,-0.42659115336914566
3357,0,1,0,1,1,1,0,1,0,1,1,0,0,0,0,0,1,2,1,1,0.6826218891391244,2.2673859021172196,0.3320452705816701
3358,1,2,1,0,1,0,0,1,0,1,0,0,0,1,0,2,1,1,1,1,-0.26760950638329833,0.9997043962108081,-0.1486878322825137
3359,1,0,0,0,0,1,0,0,0,0,1,0,1,0,1,2,1,1,0,1,0.16594947103645016,1.0081924969944105,-0.02384464731699587
3360,2,1,0,1,0,0,0,1,0,1,0,0,0,0,0,1,1,2,1,0,0.21112092081025544,0.24135547113103722,0.3032123180462708
3361,0,0,1,0,2,0,1,1,1,0,0,0,0,1,2,0,0,2,0,0,-1.472436554219662,-0.8143609900451854,1.1599257778338823
3362,1,1,2,0,0,2,0,0,0,0,0,0,0,0,1,0,2,1,1,1,0.5046104205442606,0.5731581147595817,-1.4914977473709385
3363,0,2,2,1,0,0,0,0,0,0,1,0,0,0,1,1,2,0,1,1,-1.8809222597085493,0.8539023419071552,-0.4225390015773486
3364,1,2,1,0,0,0,1,0,2,0,1,0,0,1,0,0,1,2,0,1,0.4271517877620436,-0.7746319658600048,-0.4308095587455526
3365,0,1,1,1,2,1,0,2,1,1,0,0,0,1,1,0,1,2,0,2,1.2463140192518516,-1.4701993186202889,2.0641241852695758
3366,0,2,1,1,0,0,0,1,1,0,1,0,0,1,1,1,1,0,0,1,-0.18520431693734818,-0.1702989744809418,-2.557426144597716
3367,0,1,1,0,0,1,0,1,1,1,0,2,0,0,1,0,2,1,0,2,0.21711007430186016,-0.6181002637669828,1.2637627502903024
3368,1,1,2,0,0,1,0,1,0,0,0,0,0,0,1,0,2,2,0,2,-0.9089020328244725,0.08357912953678731,-1.4868740683795247
3369,1,1,1,0,1,0,0,1,1,0,2,0,0,0,0,1,1,1,1,1,0.5752153235067259,1.018530547340173,0.38649474130008027
3370,2,1,0,1,0,0,0,0,1,1,1,0,0,0,1,1,0,1,2,1,-0.007402488905322335,-1.1169488802868583,-0.6100712595761507
3371,1,1,0,1,0,0,0,2,1,0,0,0,0,0,0,1,1,0,1,1,-1.6308387145236631,0.12103946338793792,-0.42137190798275315
3372,1,1,0,0,1,0,0,2,0,0,2,1,0,1,0,0,2,0,0,0,-0.423056387113018,1.2708650299681943,0.7807788955893447
3373,2,1,2,1,1,2,0,1,0,0,1,0,0,0,1,0,1,1,2,1,-1.4107044576520256,-1.0821342921434902,-0.8023778861199456
3374,0,0,1,1,2,1,0,0,0,0,0,1,0,0,0,0,1,2,1,1,-1.1220807481973922,0.7691024748958132,-0.3681294460768558
3375,2,1,1,0,0,2,0,0,1,1,0,1,0,1,1,2,1,0,0,1,-0.6303176110824736,-0.23631672586383393,0.4873124783816564
3376,0,1,0,0,1,1,0,0,2,0,0,1,0,0,1,0,1,1,0,0,0.6819841678587845,-1.0568895952568926,0.3278845052307802
3377,1,1,0,0,0,1,0,0,1,1,1,1,0,1,1,1,0,0,1,1,-1.0144746656160806,-1.0024951905507073,0.48707089664815895
3378,1,1,0,0,0,1,0,0,1,0,0,1,0,1,0,1,0,1,1,1,0.556733804816436,2.0900982680797857,2.6998582574400274
3379,0,1,0,1,0,1,0,1,1,0,1,1,1,0,0,1,1,1,1,1,0.14948199401260157,0.48979851653276507,1.6761316338055257
3380,0,1,0,1,1,0,0,1,1,0,0,1,0,1,0,0,0,0,1,1,1.0659625678173776,0.6204755853327262,1.629669622078604
3381,0,2,1,0,0,1,0,0,1,1,1,0,0,1,1,1,1,1,1,0,-0.04347179104435337,0.2955575271323314,0.7772158643371312
3382,1,1,1,0,0,0,0,0,1,0,0,0,0,1,0,1,0,2,1,1,1.0587941367344067,2.3374232020178387,3.8116912886493095
3383,1,2,1,0,1,2,0,1,0,0,0,1,0,0,2,0,2,1,2,2,-2.019552434500364,-0.7892627046952714,0.6053695439603417
3384,0,1,1,0,0,1,0,1,1,0,1,0,0,1,0,0,2,0,0,2,0.2548429412784453,0.12244111722845843,-0.2813751342711056
3385,0,0,2,0,0,1,0,0,1,0,2,0,0,0,1,0,1,2,1,1,-0.039674904476937695,-1.3064960277763311,1.0920020888141102
3386,2,1,1,1,1,0,0,1,1,0,0,1,1,2,1,1,1,1,1,2,-1.0216935801039781,0.08757729422194643,0.9269568139727657
3387,0,1,0,0,0,0,1,1,1,0,0,0,0,1,0,0,2,0,0,0,-0.08608675702950541,-0.05742455722113307,1.2112256766846279
3388,1,0,1,0,0,1,0,1,1,1,0,0,1,0,0,0,0,1,1,1,-0.5027302609197895,-0.30715675171162626,-0.0927906709584708
3389,1,2,2,0,0,1,0,0,0,1,0,1,0,0,0,0,1,1,2,1,0.9675535281387628,-1.1796313344265288,-1.2336509892207639
3390,1,1,1,0,0,0,0,0,1,1,0,0,0,0,1,1,1,1,0,2,0.603230630439775,-1.4028301577914801,0.2784214095663591
3391,0,0,2,0,0,0,0,2,1,1,0,0,0,1,0,0,2,1,2,1,-0.7274681971011088,0.29298480959177964,0.389062071982566
3392,1,1,0,1,0,1,0,1,1,0,1,0,0,1,1,0,1,0,0,0,0.3823533261524375,-0.7964070915135535,-0.5992972284706155
3393,1,0,0,0,1,1,0,0,1,1,1,0,0,1,0,0,1,0,0,1,1.9333617358486925,-0.08870283165665824,1.140553428023119
3394,1,0,2,0,2,1,0,1,1,1,0,0,0,0,0,1,1,2,0,0,1.7994427376852153,-0.0014281552631139477,0.04293304870048442
3395,1,1,1,0,0,0,0,1,0,1,0,1,0,0,1,1,0,1,1,0,-0.526406984008072,0.2537219445079422,1.8898542379795948
3396,0,1,1,0,1,2,0,1,1,0,0,0,0,0,1,1,2,1,1,1,-0.5686465446470376,-0.017772042321257342,1.4159273409166766
3397,0,0,0,0,1,0,0,2,2,1,0,0,0,1,0,2,0,2,0,0,1.0235453634605896,-0.36787977760065754,0.9950365322199556
3398,0,1,0,0,0,2,0,1,0,0,0,1,0,0,0,0,1,2,2,0,0.7655418041161515,0.8918390806731696,-0.5843527586490929
3399,1,0,0,1,1,0,0,0,2,0,0,1,1,0,0,1,0,1,1,0,-0.18772840678049074,0.9132514511006227,-1.009733181472267
3400,0,2,2,0,0,2,0,1,1,0,0,0,0,0,1,2,1,0,0,1,-0.26740603821287073,0.07873127546280237,0.43757755383599256
3401,2,1,1,0,0,1,0,1,0,1,1,0,1,0,1,1,1,2,1,0,-0.03807834675172742,-0.5217696443475076,0.9532262057222278
3402,1,0,2,0,0,0,0,0,0,0,0,0,2,0,0,1,1,0,2,1,1.6054141750096431,0.4479224387569657,2.193356466368553
3403,0,1,1,0,0,1,0,1,0,0,0,1,0,1,1,0,0,1,0,0,0.42196819661629315,1.0368967208690638,0.3795819215020249
3404,0,1,1,0,0,0,0,1,1,1,0,0,1,1,0,1,1,1,0,0,-0.11984517864048254,0.8096203174184511,0.3947494169818063
3405,1,1,0,1,0,0,0,0,0,1,1,0,1,0,1,1,0,1,1,2,-0.3558617409150191,1.529312952277513,-0.7404663831566176
3406,0,0,1,1,1,2,0,1,0,0,1,1,0,0,2,1,2,1,1,2,1.7149611000321863,-0.7813639801743075,3.1239132137183425
3407,0,1,0,0,0,2,0,1,0,0,1,0,1,1,0,1,1,1,0,1,-0.44741007609813715,-0.9847456131168313,-1.3497027288402592
3408,2,1,1,1,2,0,0,0,2,0,2,0,0,0,1,1,2,1,1,2,-2.303559255135142,-0.23533524130236572,-0.4737851414087627
3409,1,0,1,1,0,1,0,1,0,0,1,0,1,0,2,1,1,0,0,2,-1.228185056212469,-0.15805790116831744,-1.1455603294251808
3410,1,2,1,1,0,0,0,1,1,1,0,0,2,1,0,1,0,2,0,2,-0.7385638950790429,0.6161632895569139,0.09963509018281017
3411,1,0,0,0,0,1,1,0,0,1,0,1,0,1,0,1,2,1,0,1,-1.1134012879701758,-1.175911182024461,-1.2607769934627928
3412,2,2,1,0,0,2,0,2,0,0,1,2,1,2,0,0,1,1,0,2,0.6270869853445356,1.6605168347915775,2.0344681518896532
3413,1,1,0,0,0,0,0,1,1,1,0,0,0,1,1,0,1,1,1,0,-1.0758808402327702,0.36399560546290644,0.28732172575048864
3414,1,1,1,0,0,0,0,1,1,2,1,0,0,0,0,1,1,0,0,2,-0.056293702391934076,-0.6917904170476663,0.3008605440098602
3415,1,2,2,0,0,1,0,2,1,0,1,0,0,0,1,0,0,0,1,1,-1.1095333798141773,-0.8944884732758993,-1.1604406322091083
3416,1,0,0,0,0,1,0,0,2,2,0,0,0,0,1,0,1,0,1,2,-1.525271708162663,-0.2414669227577878,-0.35052855797918486
3417,1,0,0,0,0,1,0,1,1,1,0,1,0,0,1,0,1,1,0,2,0.4068198584605911,0.2701001742085427,2.042746357036872
3418,0,2,1,0,1,0,0,2,1,1,0,1,1,0,1,0,1,0,1,0,0.23047942201909372,0.5770132992235715,-0.5538501938131928
3419,1,0,1,0,0,2,0,0,0,1,1,1,1,2,1,1,1,1,0,1,-0.6072326070145676,-0.5412306378616369,-2.403786670416601
3420,1,0,0,0,0,0,0,0,1,0,0,1,0,0,0,2,1,1,1,1,-0.5780686013718392,-3.1269991484794377,0.35467229303214426
3421,0,1,0,1,0,1,0,1,1,2,1,1,0,0,1,0,1,1,1,1,0.8731119952763635,-1.492800393084369,-0.983522924675237
3422,1,1,0,1,0,0,0,0,1,1,0,0,0,0,0,0,1,1,1,0,-0.492131350191334,-0.8432044495627727,-0.07956642139560921
3423,1,1,0,0,0,2,0,1,0,1,0,1,0,0,0,0,2,0,1,0,-0.5057449942727869,-0.026386627611727928,-0.996619551148721
3424,0,0,0,0,0,0,0,0,1,0,0,0,0,1,0,1,2,0,0,0,-1.0600176093848064,0.19632345696216386,1.0441005479628687
3425,0,1,1,0,0,0,0,0,1,0,1,0,1,0,1,1,0,0,0,1,-0.646319170396063,-0.5641276480156623,-0.43298756886462897
3426,1,0,0,0,0,1,0,0,0,0,1,0,0,1,0,0,1,1,0,0,1.4577992473864219,-0.8332909949272819,0.5072940910026585
3427,0,1,1,1,0,0,1,1,1,0,0,0,0,0,0,0,0,1,1,0,0.7554071545267648,1.5578525733982345,0.4395690072613516
3428,1,2,0,0,0,2,0,1,1,0,1,1,0,1,0,1,2,1,1,0,0.8500630911756047,2.0390795337868086,0.11707666145837958
3429,0,0,1,1,0,1,0,1,0,1,2,1,1,1,0,0,1,1,1,0,0.0590298096494026,2.343305759916881,0.31702109011780766
3430,0,1,1,0,0,1,0,0,1,1,1,0,0,0,1,0,0,1,0,1,-0.6070586993522954,-2.2250947742978897,-0.9759449905725057
3431,1,1,0,0,0,0,2,2,1,0,0,0,0,1,1,0,1,1,0,0,-0.6704698883996146,1.1681595260359545,0.5972760353571878
3432,0,1,1,1,1,0,1,0,1,1,0,0,0,0,1,0,2,1,0,2,3.1810884363552017,-0.8113129155012674,0.924968648116741
3433,0,0,1,1,1,1,0,2,0,1,0,0,0,1,0,1,1,0,1,2,0.4627775165282442,1.2566675555645008,1.9567054601382292
3434,1,1,0,0,0,2,0,1,1,1,2,0,1,1,1,1,0,2,1,2,-0.41227125386863406,-0.5117014484667773,-0.6770861099974428
3435,0,1,1,0,0,2,0,0,0,0,1,0,0,0,0,1,0,0,0,1,-0.6242314578102042,-0.8165592984464989,-0.20285131659323355
3436,0,1,1,0,1,1,0,1,1,0,0,0,0,0,1,0,0,1,1,1,0.8453484582739722,-0.13950692166884143,1.0942188585583548
3437,1,2,0,1,0,2,0,1,0,1,0,0,0,0,1,0,2,2,1,0,-0.8991050202159631,-0.965081047416412,-1.0051253426977786
3438,1,1,0,0,0,0,0,1,1,1,0,0,0,1,1,0,1,0,0,1,-0.9152721228188686,0.2473812414591921,-1.0585378205571372
3439,1,1,1,1,0,1,0,1,1,0,0,1,0,0,1,1,1,1,0,2,1.7648158828727152,1.2958504304764373,0.7562289203657733
3440,1,1,1,1,0,1,0,1,2,0,1,0,1,0,1,1,0,1,0,1,-1.0057174825538673,1.73622328246454,-0.13785546179090957
3441,0,1,1,0,1,0,0,2,2,1,1,0,0,1,1,0,1,1,1,0,-1.3876945960580387,-0.7635302980293313,-0.7899778674323773
3442,1,2,1,0,1,2,0,1,1,0,0,1,0,0,0,2,1,1,1,1,-0.20093202684483522,-0.866189854850735,0.6655406966402233
3443,1,0,0,0,0,1,0,2,1,2,0,2,0,0,0,0,0,0,1,1,0.04062210767782611,0.27743192227444435,1.1281777928904453
3444,1,2,0,0,0,1,0,1,0,1,0,1,0,1,1,0,1,1,1,1,0.3768486449362471,-0.04767949050419534,0.12671214203062736
3445,1,1,1,0,1,1,0,0,2,1,0,0,1,2,1,1,1,1,0,2,1.4341033090005706,-0.5302581185276133,-0.8234560600889864
3446,1,0,1,0,0,1,0,0,0,0,1,0,0,1,0,1,0,1,0,1,0.8419503383441994,0.3692756507001294,-0.6094770511231093
3447,1,1,0,0,0,1,0,0,1,0,0,0,0,0,0,0,1,1,1,2,1.1554149738040482,-1.7914437324209465,-1.2427996128681849
3448,1,0,1,1,0,1,0,1,2,0,1,0,0,0,0,1,0,1,1,2,0.826169100717596,-0.4957170182117741,0.8792621916015898
3449,1,0,0,0,0,1,0,2,0,1,0,2,0,1,0,1,1,0,1,1,1.1239998796767117,1.741762782738037,0.6296211012063936
3450,0,1,1,0,1,1,0,1,1,0,0,0,1,1,0,1,1,1,0,1,0.8197393838710936,0.3959713259770128,0.8431652012012913
3451,1,2,1,0,1,1,0,2,2,0,0,0,1,0,0,1,2,0,0,0,-1.5129347024396906,-0.7962014263310861,-0.7072688951810916
3452,0,1,0,1,1,2,0,0,1,1,1,0,0,0,1,0,0,0,2,2,-1.3382255873488578,-1.0727651462005103,-1.4635738539200158
3453,0,2,1,0,1,0,1,1,1,2,1,1,0,2,1,0,1,1,2,1,-0.10576048652750486,0.6755240051702265,-1.1788751789676009
3454,0,0,0,0,0,1,1,2,2,0,0,0,0,1,0,1,0,0,1,1,0.9137268196511927,0.8039847540730503,0.6568835150262375
3455,1,2,1,1,0,2,0,1,1,2,0,1,0,0,1,0,1,0,0,1,0.5963927092427699,-0.5857150053784541,0.6449113178555347
3456,1,1,0,1,0,1,0,0,1,0,1,1,0,0,1,0,2,2,1,0,-0.04446119002942468,-0.7843372039628509,0.40113604477756293
3457,1,1,0,1,1,0,0,0,1,0,0,0,1,0,1,1,2,0,2,1,0.7782925193334976,1.9164825980545188,0.9001199525101606
3458,0,0,2,0,1,1,0,1,1,1,0,1,0,1,0,1,1,2,0,1,0.308452503199111,1.1954676136465308,-0.2617712127966235
3459,1,1,1,0,2,2,0,0,1,0,0,0,0,1,1,0,2,0,1,1,1.3243253276770177,0.01840370233894962,1.4152045791643395
3460,0,1,0,1,0,0,0,1,1,1,0,1,1,0,1,0,1,0,1,2,2.039085051378139,-1.0044530431994048,0.667218408276344
3461,1,1,0,0,0,1,0,1,1,2,0,0,0,0,1,0,1,1,1,1,-0.027849691499636075,0.6377658029362877,1.1293329398236205
3462,0,1,1,0,0,2,0,0,0,0,1,0,0,1,1,0,0,0,0,1,-0.03678037050686485,-0.6420920792305287,-0.28994834769434297
3463,1,2,0,0,0,1,0,1,0,0,0,0,0,0,1,1,1,1,1,0,0.29669647521954085,-0.5825874619435314,0.49815936011861006
3464,0,2,0,0,1,2,0,1,2,0,1,0,0,2,0,0,1,2,2,2,-0.2751417617731219,0.18874699779514664,0.0627142779446562
3465,1,1,2,0,0,0,0,0,0,0,1,0,1,0,0,2,1,0,0,2,0.5826352427882456,1.3599341047115976,0.31106928200051076
3466,1,0,1,0,0,0,1,1,0,0,1,1,1,0,0,0,1,0,0,2,1.005335663747591,0.9213961880389137,0.1712218684079735
3467,0,1,1,1,2,1,0,1,1,1,1,0,0,1,1,0,0,2,1,1,1.2765052798765704,-0.9326004056940554,0.7899461584080749
3468,1,1,1,0,0,1,0,1,1,1,0,0,0,1,1,1,1,0,0,2,0.6559602322854314,1.0144613800859172,-0.023409941613951157
3469,1,0,1,0,0,2,0,1,1,0,0,1,1,0,0,0,2,2,0,0,1.6989480518471392,0.008781440009067887,-0.2419641443159093
3470,1,1,0,0,0,2,0,0,1,1,0,1,0,0,1,0,1,1,1,1,0.17980006907788246,2.091378061494145,-0.17552196901863137
3471,1,2,0,0,1,0,0,0,1,1,0,2,1,0,0,1,0,1,2,1,0.5622113748458702,0.8631871716819196,-0.12384446436130203
3472,0,1,2,0,1,0,0,0,0,1,0,0,1,0,1,1,2,1,0,2,-1.9774469038945708,-0.6691516985991653,1.2923226324974926
3473,1,0,2,0,0,1,0,1,1,1,1,0,0,0,1,1,1,1,1,0,-0.688710950914267,-1.341291931236809,-0.7452126365200931
3474,1,1,0,0,0,1,0,1,0,0,0,0,0,0,1,2,2,0,1,0,-0.814807635593283,-0.124838116421331,-1.2784598786029704
3475,2,2,0,0,0,1,1,1,1,1,2,0,0,0,0,1,1,0,2,2,2.2359867915183513,0.5995800169825223,0.8245794232985861
3476,0,1,1,0,1,1,0,0,1,0,1,0,0,0,0,1,0,1,1,2,0.7259737150492607,0.7086237636094824,0.45542709643110874
3477,1,1,0,1,0,1,1,1,2,0,1,1,0,1,1,2,1,0,1,1,1.1998139143467672,0.38664436330575425,0.46433398189408426
3478,0,1,2,1,1,1,1,2,1,1,0,0,0,0,1,1,1,2,0,0,0.5851797231187387,-0.7167295279201082,0.22376894324528712
3479,0,1,2,1,0,1,0,2,0,0,0,0,0,1,1,1,0,0,1,1,-0.18680818998375742,1.1093511886344012,-1.4079702138760168
3480,0,1,1,1,0,0,0,2,0,0,0,0,0,0,0,1,0,0,1,1,0.18165619607424868,0.35037609844442735,-0.09089890488643984
3481,1,0,0,0,0,2,0,1,2,1,0,0,1,1,2,0,1,1,0,1,1.2968781542474401,2.4405780505667543,3.5294748575938106
3482,0,1,0,0,0,1,0,1,1,1,0,1,0,0,0,0,1,0,1,1,-0.5404876333474709,0.6411603301858297,2.0635227528007825
3483,0,0,1,0,1,2,0,1,1,0,0,0,1,0,1,1,1,0,2,1,-0.3053923494429694,1.2758186024700537,-0.04070630118923435
3484,0,1,2,0,0,1,0,1,1,0,0,1,0,2,0,1,1,2,0,1,-0.5588677858798842,1.301814569252001,-0.46490397940768613
3485,0,0,1,0,0,0,0,0,1,0,1,0,1,0,0,0,1,0,0,1,-1.1926769679649958,-0.4139881941521415,-2.269900313728578
3486,1,1,1,1,1,1,0,2,1,0,1,0,0,0,0,1,0,1,1,2,1.137579848119297,1.3240034701380772,-1.1096283494100052
3487,1,2,1,0,0,1,0,1,1,0,0,1,0,0,0,0,1,1,1,2,1.1868412208575088,0.6515587659986419,1.0619510713854594
3488,0,1,0,0,1,0,0,1,1,1,0,1,0,0,0,1,1,1,0,0,0.766788756947914,1.7456671135731137,0.7981421386923515
3489,1,2,2,0,1,0,0,0,0,0,0,0,0,2,1,0,0,1,1,2,-1.3671806154453061,0.1518278695538427,-1.5013152651747232
3490,0,1,0,1,0,1,0,0,0,1,0,1,0,0,1,0,1,0,1,1,0.20522114470457925,0.4289109103137319,1.5289736835660277
3491,1,2,0,0,0,0,0,1,1,0,0,1,0,1,1,0,1,2,0,1,1.5460241001233077,1.3003090367503314,1.5216481965794633
3492,0,2,1,1,0,1,0,2,0,0,0,0,0,0,1,1,2,2,0,1,-0.7587899388279932,-0.1844588521354524,-0.2593820702939442
3493,0,1,1,1,0,1,0,1,2,0,1,0,0,0,0,1,0,1,0,2,0.7846040525896956,0.8734625983163244,0.6311573016349848
3494,1,1,0,0,0,0,0,2,1,0,0,1,0,0,0,1,2,0,0,1,-0.8804178283919314,0.5166234643327984,-0.06404459555506546
3495,0,0,1,0,1,1,0,2,1,1,2,1,0,0,1,0,1,0,1,0,0.6016565053260435,1.3732745579574617,0.5039933389040062
3496,0,2,0,1,0,1,0,0,1,0,0,0,0,0,1,2,1,1,0,0,-0.5738579470867448,-0.7786432981154416,-0.34713821805765
3497,0,1,0,0,1,1,1,0,1,1,1,0,0,1,0,1,1,1,0,1,1.3255383175814306,0.4968361916442996,-0.9090835003648335
3498,1,1,0,1,1,1,0,1,2,0,0,0,0,0,1,1,1,1,1,0,0.5193087857190006,-0.40748508112916404,1.2318674974978985
3499,0,2,2,1,0,1,0,0,2,0,0,0,0,1,0,0,1,0,0,2,-0.0945730273302347,0.053194524033769786,0.028084164256340065
3500,1,1,1,0,0,1,1,1,1,0,0,0,0,0,1,1,2,1,1,1,-1.422281141865084,-0.6506363829322601,1.0349919287246063
3501,0,1,2,0,0,0,1,1,0,0,0,1,1,0,1,0,1,2,1,1,-0.699719093351336,1.069492706741677,-1.2264522593989804
3502,1,2,2,0,0,1,1,1,0,0,1,0,0,1,0,0,1,1,2,1,1.4070408393597493,-1.1739701986196591,0.21680382225153885
3503,2,0,1,1,1,1,0,1,0,0,0,1,0,1,0,0,1,1,0,1,-1.3277048202622432,0.7644058944367382,0.14879806302805104
3504,0,0,0,0,0,1,0,0,0,1,1,1,1,0,0,0,2,1,0,0,1.08472232184514,-1.0425115733478147,1.3166570412101914
3505,1,1,1,0,0,0,0,1,1,2,1,0,0,0,1,1,1,0,0,0,0.38099941144593397,0.4803441529603009,-0.8334781825539442
3506,0,1,1,0,0,0,0,1,0,1,0,0,0,0,2,1,2,1,2,0,-0.6132441253448211,0.13585013536788804,1.833628837128679
3507,1,2,2,0,0,0,0,1,1,1,0,0,0,0,0,0,0,1,2,1,0.14798063724694205,0.6062479249778544,0.8110557560921783
3508,0,2,1,0,0,2,0,2,1,0,0,2,0,1,1,0,0,0,1,2,-2.8203799411576598,0.15241972184805555,-2.95696086001659
3509,1,1,1,0,0,0,1,1,1,0,0,0,0,1,0,0,0,1,0,1,0.09163200412991396,-0.8175302773104176,-0.10126924705569368
3510,2,2,0,0,0,1,0,1,2,1,0,1,1,1,0,0,0,1,0,1,0.8279575322795228,1.7128793236882651,2.8831820333263356
3511,0,1,2,0,0,0,0,0,0,1,0,0,0,0,1,2,1,1,1,1,0.5340963701831033,2.0746977373019426,2.011063227039409
3512,0,1,1,1,0,0,0,1,1,0,1,0,0,0,1,2,1,1,1,1,-0.20719134406922318,0.3285283311258816,-0.44844889996163007
3513,0,0,0,0,0,2,0,0,0,1,0,1,1,0,0,0,1,2,0,1,0.4800853379702939,0.37724684394409136,1.6393673673686566
3514,0,0,0,0,0,1,0,0,2,0,0,0,0,0,1,1,2,1,1,1,-0.7149519227087264,-1.292044916791376,-0.8796533893600786
3515,0,2,2,1,0,0,0,1,1,0,0,0,0,0,1,0,1,0,0,0,1.0765493241713917,-0.5586738062077828,2.5628834867755232
3516,1,0,1,0,0,1,1,1,0,0,1,1,0,0,0,0,0,1,1,0,-0.8785285196856639,-0.5398180930887899,1.3896787621617213
3517,0,2,1,1,0,1,0,2,1,0,0,0,0,0,0,0,1,1,0,2,0.6762644279372585,-2.150945811446654,1.553312465024291
3518,1,1,1,0,0,1,0,1,0,0,0,0,0,0,0,0,0,0,2,1,0.9144343276697102,0.5620094354751282,1.2169040011892935
3519,1,1,1,0,0,1,0,0,0,1,0,0,1,1,1,0,2,0,0,1,-0.9959237101746661,-0.8154779606938509,-0.5199878019763066
3520,0,1,0,0,1,1,0,0,0,0,0,0,1,0,0,0,1,1,1,1,-0.38898937787660787,1.690709601726975,0.8231878574308377
3521,0,2,0,1,0,0,0,1,0,1,0,0,1,1,1,0,1,1,2,0,-0.0463921571950801,-1.1680294181602822,0.39859625942562027
3522,1,1,0,0,0,2,0,1,1,1,0,0,1,1,0,0,0,1,1,2,1.0941532418498459,1.091968244399257,0.9385889334908996
3523,1,2,0,1,0,2,0,0,0,0,0,0,0,0,0,0,1,2,0,2,-1.1096520026964285,0.034161023417506375,0.20098946193125822
3524,0,0,1,1,1,1,0,1,2,1,1,0,0,2,2,0,1,2,0,0,0.29917409267802203,0.9828730848732571,0.9313389349882398
3525,0,0,2,0,0,0,0,2,0,1,1,0,0,0,0,0,1,1,0,1,-0.8738979646920177,-0.5757526225246161,-2.8570342111714178
3526,1,1,0,1,0,1,0,1,0,0,0,0,0,0,1,1,2,2,1,0,1.1497015011364125,-0.2003351011611026,1.358114495030651
3527,0,1,1,0,1,1,0,0,1,0,0,0,0,0,1,1,0,1,0,0,-0.3063445420869357,0.7262672496159431,0.476569708818543
3528,0,0,0,1,0,1,0,1,0,1,0,0,0,1,0,1,1,1,1,1,-0.4608885449078186,0.9573079867168547,0.06369841073071464
3529,0,2,1,0,1,2,0,1,1,0,0,0,0,0,0,0,1,0,0,2,0.5851386383201054,-0.8798784527943944,1.575152463377164
3530,1,2,2,0,0,0,1,0,2,1,0,0,0,1,0,0,1,2,0,2,1.290307848094186,0.6213867271152701,0.9964285134395793
3531,1,0,1,0,1,2,0,1,0,1,0,0,0,2,1,1,1,1,0,0,-0.14171632264634618,-0.14499483854013265,-1.0956181202089197
3532,0,1,1,1,0,1,0,0,1,1,0,0,0,1,0,1,2,0,2,1,-2.1749880610137415,0.8439984534794371,-0.6765712524608893
3533,2,1,1,0,0,1,0,1,1,1,0,0,0,0,1,1,1,1,0,0,-1.2886852751483457,-1.6213938793252334,-0.013676619311258631
3534,1,0,1,0,0,0,0,1,1,1,1,0,1,0,0,1,0,0,1,1,-0.47230800436450965,1.4913644731247762,-0.47785019985462274
3535,0,2,1,0,0,0,0,2,1,1,0,0,1,0,0,1,1,1,1,1,0.19619549361814637,0.08237849087468217,0.511471109382003
3536,1,1,0,1,2,2,1,1,1,0,1,1,0,0,2,1,1,2,0,1,2.2934795123370715,1.4974363158690873,4.360779688901858
3537,1,0,1,0,0,0,0,0,1,1,0,1,0,0,1,2,1,2,1,1,-0.4157423522927823,-0.00824967585614464,-1.5907935146296825
3538,0,1,1,0,1,1,0,0,0,1,0,0,1,1,0,1,0,1,1,0,-0.348104920561973,-0.07724388458600637,-0.07995399494204754
3539,0,0,1,0,1,0,0,1,1,0,0,0,1,0,1,0,2,0,0,1,-2.7229546837828282,-2.1054234014453037,-0.8633400511025784
3540,0,2,2,0,0,0,0,0,2,1,1,0,1,2,0,1,2,0,0,2,1.0448751128866995,0.11513704186927334,1.0751644654659966
3541,2,2,1,0,1,0,0,1,0,1,1,1,1,2,0,1,1,0,1,2,-2.0760501180619775,1.7636943455781042,-0.3689322651337386
3542,0,1,0,0,0,1,0,1,0,0,1,1,0,0,0,1,1,0,0,1,-0.6814981045601405,-0.16221866252780978,-1.886118343207086
3543,0,0,1,0,1,0,0,0,2,1,1,0,0,0,2,2,1,1,1,2,0.9518151880238318,-1.3976347612827247,2.2012785432880237
3544,1,1,2,1,0,0,1,1,1,2,0,0,1,2,0,1,0,1,0,2,0.5453320629577059,0.7782983358880413,1.020036815755973
3545,1,2,1,1,1,0,0,0,1,0,1,0,0,0,0,2,0,2,1,0,0.5388718734019676,-1.4705624907028803,0.7528134478351782
3546,1,0,0,0,1,0,0,0,1,1,1,1,0,0,0,0,1,0,0,0,0.8525509568197999,0.6893334752410986,0.8142525873713908
3547,1,0,1,1,1,0,0,2,1,0,1,1,0,0,0,0,1,1,0,0,1.070079777624423,1.795751011916105,1.5424779499438017
3548,0,2,1,0,0,1,0,2,0,0,0,0,0,0,0,1,0,1,0,0,-0.45274935261571925,0.9634883550844195,-0.05515430508216271
3549,2,0,0,0,0,0,0,1,1,1,0,1,0,1,0,0,1,2,1,1,0.07792118311679289,-2.1818893894886116,-2.038380651889055
3550,0,1,1,1,0,1,0,0,1,1,0,0,0,1,0,0,0,1,1,1,-0.3529740930120994,0.0024838530014744745,0.7172317991976302
3551,0,2,0,0,0,1,0,0,1,1,0,0,0,2,0,1,1,2,1,1,0.0036321519379095765,-0.6888641771129767,-0.9175473630770902
3552,1,1,2,0,1,1,0,0,0,0,2,2,0,1,0,0,1,2,0,1,0.8410930105686258,1.38735814330142,2.3998025031136114
3553,0,1,1,0,0,2,0,0,0,0,0,1,0,1,0,0,2,0,0,1,0.3479111016577453,-0.7686156426968216,1.2639394945861304
3554,0,1,1,0,1,1,0,1,1,1,0,0,1,1,0,0,2,1,0,1,0.5943317136088114,0.506275402716071,1.2621059299011401
3555,1,2,0,1,0,1,0,0,1,0,0,1,1,0,2,1,2,1,1,1,1.5132561446617472,0.3665318644962181,0.8060514637132097
3556,1,1,1,1,0,2,0,1,1,0,0,0,0,0,0,0,1,1,0,1,1.311699847673511,-0.031284518332191064,1.3631957178879062
3557,1,1,1,0,0,1,1,0,1,1,0,1,1,2,1,1,2,1,1,2,-1.7373515798167667,-0.29477144919054576,0.49936781532570407
3558,1,1,0,2,0,1,1,1,1,1,0,0,1,1,0,1,1,1,2,1,0.5176680426614765,1.4474795414896153,-0.6515948420571395
3559,1,2,1,0,0,1,0,2,1,1,1,1,0,0,0,0,1,1,0,1,-0.7975281460080411,1.0287165246693235,-0.8954455260426527
3560,0,1,1,1,1,2,0,0,2,1,1,0,0,1,0,0,0,1,1,1,-0.6533934450297549,-0.49109257379936117,0.5762133396740735
3561,0,2,0,0,1,0,0,1,0,2,1,1,0,0,1,0,1,1,0,0,-0.31088893564371156,-0.9467022668107516,-1.148871375612833
3562,0,1,1,0,0,1,0,0,0,0,0,1,0,0,0,0,1,1,1,1,-0.2985471034556795,-1.2959360403571007,-0.8990672972175338
3563,2,2,1,0,1,0,0,0,0,0,1,1,2,0,1,1,1,1,0,0,0.6614024426236195,1.1440470875502737,-0.4164688863665553
3564,0,1,0,0,0,1,0,2,1,0,1,1,0,1,0,1,1,1,0,1,0.37919579201895204,0.444262464027516,0.1282905530818338
3565,0,1,0,0,0,1,0,0,2,1,0,1,0,1,1,2,1,0,1,1,1.115635549172909,1.3002706952248855,1.3414358845287164
3566,1,1,2,2,0,1,0,1,0,0,0,1,1,1,1,1,1,1,0,2,0.21489713458700593,-1.1265183993078627,1.3518018797598956
3567,0,1,1,0,1,1,0,1,0,0,0,0,1,1,1,0,1,1,1,1,-0.5871459855184297,0.6695827874465646,0.11954541668303156
3568,0,0,0,0,1,1,0,1,0,0,0,1,0,0,0,2,1,1,1,1,0.4854134094233205,0.9640395826006968,-0.8148015791087617
3569,0,1,1,0,0,0,1,0,0,2,0,0,1,1,0,1,1,0,0,1,-1.5985337151476453,-1.5107857752430858,-1.3727791066750994
3570,1,1,0,1,0,1,0,1,0,0,1,0,0,1,1,1,0,1,0,0,0.26546179590361313,-1.6003700215375827,-1.6356093008105692
3571,1,1,1,0,0,2,0,0,0,1,1,1,0,0,0,1,1,1,0,1,0.8491243589157224,-0.019089270870610353,-0.33200671601653065
3572,1,2,2,0,0,1,1,0,1,2,1,1,0,1,0,1,0,0,1,1,0.24614173808103143,-0.0068059593999298396,1.3332026149332077
3573,0,2,0,0,0,0,0,0,2,1,2,0,0,0,1,1,2,1,0,0,-1.4226352734506165,-1.5707101616989763,0.7875869709701833
3574,1,1,1,0,0,0,0,0,1,1,0,0,1,1,1,2,0,0,1,1,0.584957312682453,-0.07333360555471577,0.31848135513403425
3575,1,1,1,0,0,2,1,1,0,0,0,1,0,0,1,1,1,2,1,0,-0.15984423460835562,0.823111311315857,-1.421775710276455
3576,1,0,0,0,0,0,0,1,0,1,1,0,0,1,1,1,2,2,0,1,0.6081190042137703,-0.5416845220337142,0.5215898511994166
3577,0,1,2,0,0,1,1,1,0,1,0,1,0,2,0,0,1,2,0,0,0.9271444955299616,0.773703265192414,1.1463034950523174
3578,0,0,0,0,0,1,0,1,0,0,0,0,0,0,0,0,1,0,1,1,-0.6561870554234039,0.6131719407158123,0.04707020395930123
3579,2,0,2,1,0,0,0,1,1,0,0,0,1,1,0,1,1,1,0,1,-0.18764604103484647,0.9163393856195332,0.7420150033506085
3580,1,2,1,0,0,2,0,0,0,0,0,0,2,0,0,2,1,2,0,1,1.1275520591064379,0.7882252846628903,1.146316107768489
3581,1,2,1,0,0,1,1,1,1,0,1,0,0,2,0,1,2,1,0,0,-0.6167161939712484,-1.039031599813708,-1.1571823313197407
3582,0,1,1,0,0,1,0,2,0,1,0,0,0,1,0,1,1,0,1,0,-0.9191921969534441,0.9608149222342481,-1.5092609540328812
3583,1,0,2,0,0,2,0,0,2,0,1,0,0,1,0,0,1,2,0,1,-1.6275777789524162,0.16833061405059047,-1.4746574598453792
3584,2,1,1,1,1,1,0,0,1,0,0,0,1,0,0,1,1,1,1,1,-0.2551122753182909,-0.7203719730292635,0.3848998592570365
3585,1,1,0,0,0,2,0,1,0,0,0,2,0,0,0,0,1,1,0,1,-0.7313243321286792,1.8725917501230576,0.9219620033707049
3586,2,2,1,0,1,1,0,1,1,0,1,0,0,0,0,1,2,0,0,2,0.6338356803910006,0.6456998513206498,0.6851377747427125
3587,1,1,1,0,0,1,0,0,1,0,1,1,0,1,1,0,1,0,1,2,-0.09517390196559551,0.12753772654598908,-0.1763719929719244
3588,2,1,1,0,1,0,0,0,1,0,0,0,0,1,0,1,1,0,1,1,1.1418728096273032,1.4955547622146819,0.7301977799118143
3589,0,2,2,0,0,0,0,0,1,0,0,0,0,0,1,2,1,0,2,2,-0.4883326547482917,1.3441940996336412,-0.6961046723150628
3590,0,1,2,0,1,0,0,1,0,0,0,1,0,2,0,0,1,1,0,2,1.4442465176942267,-0.14235874088699918,-0.6057040027885517
3591,0,1,2,1,0,2,1,2,1,1,0,0,1,1,0,0,1,1,1,1,-0.8190641714572109,0.12110545807245518,0.22333286935901114
3592,0,0,0,0,0,0,0,0,0,0,0,0,1,0,0,1,1,1,1,1,0.24724608908708468,0.4045461254014743,1.2122652525789404
3593,1,1,2,2,1,1,0,1,0,1,1,0,0,0,1,0,1,1,0,2,-0.122930443013162,-0.9536293437631256,-0.6926340602221098
3594,1,1,0,0,0,0,0,0,0,1,0,0,0,0,1,1,1,1,1,1,-0.7654942964965423,-0.027450380115641437,0.04327545606797678
3595,1,0,1,0,0,0,0,0,0,0,0,0,0,1,0,0,2,0,1,0,-0.19801114152069815,-0.06823890009207229,0.2071975278585573
3596,0,1,1,1,0,0,0,0,1,0,0,0,0,0,0,0,1,1,1,1,0.6425870514314126,-2.3220943431565746,0.035530889311861935
3597,1,0,0,0,1,1,0,1,2,1,0,1,0,0,0,0,2,1,1,2,-0.43977127368435526,-1.6740323723686517,-1.3514723552320589
3598,1,0,0,0,2,2,0,1,0,0,1,0,0,1,1,1,1,2,0,1,0.04258843638763968,0.6981062530925943,-1.1512152323117366
3599,0,0,0,1,1,0,0,1,2,0,0,0,0,0,1,0,1,2,0,2,-0.040188856450457326,-0.44483851211421754,0.7572600519633084
3600,1,0,0,0,2,1,0,1,1,0,2,0,0,1,2,1,1,2,1,2,0.1406934491321091,-0.4372517532798514,1.4190586245167809
3601,1,0,1,2,0,1,0,2,0,0,0,0,0,2,1,1,2,0,1,1,-0.05818201578313226,0.7490952288399534,-0.280822574892492
3602,1,2,0,1,0,1,0,0,1,0,0,0,1,1,0,0,2,2,1,2,-0.9215797843109774,1.0768340030490173,-0.1886412906980668
3603,0,1,0,0,0,1,0,2,1,1,0,0,0,0,1,1,1,1,2,1,-0.09032061047947958,0.29105581852000934,0.6686237385105557
3604,1,1,1,1,1,2,0,0,2,2,0,0,0,0,0,0,2,0,1,0,-0.17862854021816013,-0.754853582560827,-1.3221608752721252
3605,0,1,1,1,1,1,0,0,1,0,0,1,0,1,1,0,1,1,0,2,0.3571381957709955,0.11963427631021137,1.6502348409410321
3606,1,2,0,1,0,2,0,0,0,0,0,0,2,0,0,1,0,1,1,1,0.044734784196343275,-1.0900037245990486,-2.1074566330774034
3607,1,0,1,2,0,1,0,0,1,1,0,0,1,0,0,2,1,1,1,1,-0.8643510602177684,0.011786098517050203,-0.12655010417385293
3608,0,0,0,0,0,1,0,0,0,2,0,1,1,0,0,0,0,1,1,0,-0.8293848364402915,-0.15756900787745048,-0.8074286441627803
3609,1,1,0,0,0,1,0,2,1,0,0,1,0,0,1,1,1,2,0,2,-1.383365086494385,-1.0186914750925973,-0.6301526405304841
3610,1,1,1,0,1,2,0,0,2,2,0,0,0,0,1,1,1,1,0,1,-0.5579914250157337,-0.6647446466206455,0.329394521092371
3611,1,0,1,0,0,1,0,0,1,0,0,1,1,1,1,1,1,1,0,2,-1.1181189349951126,1.150131885545879,-0.44576584784177004
3612,1,1,0,1,0,1,0,1,1,0,1,0,0,0,0,1,2,1,0,2,-1.4286850255075336,-0.031026152200828494,0.33328440783124436
3613,1,2,0,0,0,1,0,1,0,1,1,0,2,0,0,1,2,1,1,1,-0.7595505654069622,1.7505392767248789,1.6094406262847074
3614,1,2,2,0,1,1,0,2,1,1,0,0,0,1,0,1,1,2,0,2,1.9491993518623334,2.1186874285640034,0.8621196223092598
3615,0,1,1,0,0,1,0,1,2,2,0,1,1,0,0,2,1,1,1,2,-0.22903392995989,-0.3969856518584637,-0.510365490975651
3616,1,0,1,0,0,1,0,0,0,1,0,2,0,0,1,1,2,0,2,1,-0.9755211092462251,1.625585358096127,2.121695230455831
3617,0,1,0,1,1,2,0,0,1,1,1,0,1,0,1,0,2,2,0,1,-1.121056826387311,0.12321888370104184,-0.1216465980980429
3618,0,2,1,0,0,1,0,0,1,0,0,1,0,0,0,0,2,1,0,2,-0.39701958726412545,-0.27399378855811685,-1.3234781356082255
3619,1,1,1,0,1,2,0,1,0,0,1,2,0,0,2,1,1,1,0,1,0.372982261941198,-0.018141810103089517,1.081162584416223
3620,1,2,1,0,0,2,0,1,2,0,0,0,0,1,0,1,0,2,1,1,-1.331322802014803,-1.5660968430122009,-2.188634537868416
3621,1,2,0,0,0,1,0,0,1,1,1,0,1,1,0,1,1,0,1,1,-1.2443304339635335,1.233476430029241,0.9001370658197949
3622,1,1,1,2,1,1,0,0,1,1,1,0,1,0,0,1,1,0,1,0,1.3417263576248015,1.2569294930203778,0.8611794880205431
3623,0,1,1,0,1,2,0,1,0,0,1,0,1,0,1,1,1,0,1,0,0.04607103581464749,-1.2263994450897577,0.33002220235761043
3624,2,1,1,0,2,1,0,0,2,1,1,0,1,2,2,1,2,0,1,1,0.04360011353793707,-1.60997377501492,0.8356810857746046
3625,0,0,2,0,1,2,0,0,1,1,0,0,0,0,1,0,1,2,2,0,1.638097159884096,-1.7562272509325711,-0.2642707705093146
3626,2,1,2,0,0,1,0,1,2,1,0,1,0,0,0,0,2,0,1,1,-1.5710302655979005,-0.4835908215174616,-0.8779426179900018
3627,0,1,0,1,0,0,0,2,1,0,1,0,1,1,1,1,0,1,0,2,0.25255029941834345,-1.022187954702016,1.0426181051188874
3628,1,0,1,0,0,1,0,0,0,0,1,1,0,0,0,1,1,2,1,1,0.571536903607379,0.6136575728680765,1.413624010399957
3629,1,1,1,0,0,1,0,0,1,0,0,0,0,0,0,1,1,1,0,2,-0.7468585462927393,-0.06281241140671029,-0.8424481658512379
3630,1,1,1,0,0,2,0,0,0,0,1,0,1,1,1,0,1,0,1,1,-2.546492406783162,-0.8314812651877141,-1.6026735657816609
3631,0,1,0,1,1,2,0,1,0,0,0,1,0,1,2,1,1,2,1,2,0.9218317234518273,1.5533401078308144,0.6366663872007544
3632,2,0,2,0,1,1,0,1,1,0,0,0,0,0,1,1,1,2,0,0,0.14707218238285769,-0.3165685422275531,-1.9279974382312266
3633,1,1,1,0,0,0,0,0,1,0,1,0,1,1,0,0,0,0,1,1,-0.9176635195674553,-0.021611495587124246,-1.2457180548119655
3634,1,2,1,0,2,1,0,1,1,1,0,0,0,1,1,0,1,1,0,1,-0.5538864854757531,0.5354747863645528,-0.24962786460108433
3635,1,1,2,1,0,2,0,1,1,0,0,0,0,0,0,1,0,2,0,1,0.4058323392066856,0.12267565291817557,0.6270214364899608
3636,2,1,0,0,0,1,0,1,1,1,0,2,0,1,1,0,0,2,0,1,-0.0762993268748038,0.27283992820595987,1.6016456641655874
3637,1,0,0,1,1,0,0,1,1,0,0,1,0,0,0,0,2,1,0,0,0.40835259535780266,-0.5297135496028875,-1.4043549023492854
3638,0,2,1,1,1,0,0,0,1,0,0,0,0,1,1,0,1,0,1,2,-1.1105652363493939,0.795188521045074,1.347915290580889
3639,0,1,1,0,0,1,0,1,0,1,1,0,1,2,0,2,0,0,1,2,0.8527482091237908,0.7891118824105804,-1.6192320222967282
3640,0,1,0,0,0,1,0,1,1,1,1,0,0,1,1,0,1,2,0,1,0.5610438012529858,-0.8248245949158723,-0.7712579531146044
3641,0,0,1,2,0,2,1,1,0,2,0,0,0,0,2,0,2,0,1,1,-0.35735929267593725,0.7139619328526222,1.5257599864218272
3642,1,2,0,0,0,2,0,0,2,1,0,0,1,0,0,1,1,0,1,2,0.258307641260774,-0.9853269175982075,0.02856915733431109
3643,1,1,1,1,0,1,0,0,2,0,0,0,0,0,0,1,1,0,1,2,1.6767616085133825,0.3876936118158262,2.180520970992333
3644,1,1,0,0,0,1,0,0,2,2,1,0,1,0,0,2,1,1,1,1,0.5775757318987469,0.24542629714745304,0.9114003079657098
3645,0,0,1,0,0,0,0,2,1,0,0,0,0,0,1,2,0,1,0,0,1.721655951606093,0.3618095066802966,0.8783028303804888
3646,0,1,1,0,1,1,0,1,2,1,0,1,0,0,1,1,2,0,2,1,-0.4555828614208683,-1.873449980509703,-2.0444843507809267
3647,2,0,1,0,1,2,0,1,2,0,1,0,0,0,1,1,2,0,0,1,1.2610574118363587,0.6012054306749262,2.2566816704345047
3648,1,0,1,1,0,1,0,1,1,1,0,0,0,0,2,0,1,1,2,1,-0.27810686764190373,0.5983254256415325,1.485708470263543
3649,1,0,1,0,0,1,0,1,0,0,0,0,0,0,0,1,0,2,1,0,1.5496552572289355,0.679632052137336,-0.1591759578436288
3650,1,0,1,0,0,0,0,1,1,2,0,0,1,1,1,2,2,0,0,1,1.5931413482476242,0.57168771461084,1.6483583998698532
3651,1,1,2,0,1,2,0,0,2,0,1,0,1,0,0,0,1,2,1,0,-0.8770091703426119,0.17241030696738957,-0.9801915508680472
3652,0,0,2,0,0,1,0,0,2,1,0,0,0,1,0,2,0,1,1,0,0.21370339176457373,-0.9191294197295241,1.405505033686361
3653,2,0,1,0,0,0,0,1,2,0,1,1,0,0,0,1,1,0,1,2,-1.444627313219909,-0.5658888149572238,-0.6054240932984256
3654,1,1,1,0,0,1,1,0,0,1,1,1,0,0,1,1,1,1,1,1,-3.2753552786234676,-0.4074145239771093,-1.9469881560674283
3655,0,1,0,0,1,2,2,1,1,0,0,0,1,0,0,1,1,0,1,1,0.7178413413041604,-1.1330357671373184,-0.6058320307006748
3656,0,1,0,0,1,1,1,2,2,0,1,0,0,2,0,0,1,1,0,1,-0.614163200546594,0.35184925470004286,0.22209558745790756
3657,0,1,1,0,0,0,0,1,1,1,1,0,0,1,2,2,0,1,0,0,0.7877245011354548,1.531836693413418,1.5138435993440251
3658,1,1,0,0,0,2,0,1,1,0,0,1,0,0,0,0,1,1,0,1,1.1379315756805077,-1.5738385971925364,0.6861703393751954
3659,1,1,0,0,0,0,0,2,2,0,0,0,0,1,1,1,1,2,0,1,1.186032198622542,0.7000267537394633,0.5668147325291627
3660,1,1,1,0,0,1,0,1,0,1,0,0,0,0,1,0,1,1,1,1,-0.21058352148029652,0.25836259539427864,0.8984690326054552
3661,2,2,1,0,0,1,0,1,0,1,1,1,1,0,1,1,1,1,2,1,-0.7673085391758468,0.40585773835973193,-0.2869930404241866
3662,0,1,0,1,1,2,0,0,1,1,0,0,0,1,1,0,0,0,0,1,-1.172049009777874,-0.9633077196861412,1.5586979651981645
3663,1,1,0,0,0,0,0,1,1,0,1,0,0,0,0,0,1,1,1,0,0.40539078789763255,-0.441055656221123,-1.004081485546107
3664,0,1,1,0,0,1,0,1,1,0,1,0,0,0,1,1,1,2,2,0,-0.6538148581023778,-0.6965155282393976,-1.155564228087771
3665,0,1,2,0,0,1,0,1,1,0,0,0,1,0,1,0,2,1,1,1,0.13637445874782939,-1.3873342781640747,0.41117101784262
3666,1,1,1,0,1,1,0,1,1,1,0,0,0,0,1,0,1,0,0,0,1.099577401754081,-0.43111460712749117,0.22634701828457196
3667,1,1,1,0,0,1,0,0,1,2,0,0,0,1,0,2,2,1,1,0,0.590038179526019,0.20459982682903113,0.15997114145287572
3668,1,1,0,1,0,0,0,1,2,1,0,2,0,1,2,0,0,1,0,0,-2.156980018936736,1.1198181291950227,0.23817573477732368
3669,0,2,0,1,1,1,0,2,2,0,0,1,1,0,0,1,0,1,1,0,0.5835442068363151,1.1741310947413708,0.2994408751444103
3670,0,1,1,0,1,0,0,0,1,1,0,0,0,0,1,1,0,0,0,0,-0.3312698072235,-0.6949545775695185,1.519724972096232
3671,0,0,1,0,1,2,0,1,2,0,0,0,2,0,1,0,2,2,1,1,1.3326888480161676,-0.5785376745272706,0.9988605158337799
3672,0,0,1,0,0,1,0,2,0,0,0,0,0,1,1,2,0,2,0,1,-0.17984782063929833,-0.9160129432575246,0.8871506438551843
3673,1,0,1,1,0,1,0,1,0,1,1,2,1,0,1,0,1,1,0,2,0.6978022699917793,1.045323250616162,1.1646236738832128
3674,0,2,0,0,1,1,1,2,0,1,1,1,0,1,1,1,1,1,0,1,-0.6290314504814095,0.12217759155362229,1.244517911454203
3675,0,1,0,0,1,1,0,2,0,0,0,0,1,0,0,1,2,2,0,0,-0.680923444771613,-1.0738007616890815,-0.7546125576657635
3676,0,1,1,0,0,1,0,1,0,0,0,0,1,0,2,2,0,1,1,2,0.420483404547695,0.08098048191244159,0.8578252302889587
3677,1,1,0,2,0,2,0,1,2,1,0,0,0,0,1,1,1,1,1,2,-0.8083182537750656,0.7363410892656718,-0.30743011807109877
3678,0,1,0,0,0,1,1,1,1,1,0,1,0,0,0,0,1,0,0,2,-0.5643177350058108,1.6369861656598819,0.7387058682728191
3679,0,0,0,0,0,2,0,0,2,1,0,0,0,1,0,0,0,1,0,0,-0.9436267001275386,-1.7402251263052317,-1.1912596041735304
3680,0,0,0,0,0,0,0,2,2,0,0,0,0,1,0,0,1,0,0,1,-0.8914589418024356,1.4660728783752393,0.04428043807523879
3681,0,0,0,0,0,1,0,0,1,0,0,1,1,1,0,1,1,1,2,0,-0.04579416336223374,-0.0407226172276807,-0.4118333372798075
3682,0,1,2,1,0,1,0,1,1,1,0,0,0,0,1,1,0,1,1,2,-0.3055314975372647,-0.2754594642980038,-1.3552210806160527
3683,1,1,0,1,0,1,0,1,0,1,2,0,1,1,1,1,2,2,0,0,-0.48282326135182296,-0.29597813009327834,-1.907502083053749
3684,1,2,0,1,0,0,0,1,1,0,0,0,0,1,1,1,1,0,1,2,1.4528827480965782,0.7585266777608812,2.131959402246768
3685,1,1,2,0,0,0,0,1,1,1,0,0,0,1,1,0,0,2,0,1,-0.18366050627684966,-0.7172350087380903,-1.2817850040143501
3686,1,0,2,1,0,1,0,2,1,0,0,0,0,0,1,0,1,0,1,0,-0.10642311101928924,0.7126989251443345,-0.9503405510429193
3687,0,0,0,0,0,0,0,1,2,2,0,2,0,0,1,1,0,0,1,1,-2.1737682594939742,0.3290767267923106,-1.0331095533977117
3688,1,2,1,0,1,1,0,1,2,1,1,0,0,1,0,2,1,0,1,1,0.01075536152742828,-0.18558349824815376,-1.359432718247127
3689,0,0,2,0,0,1,0,2,0,0,1,0,1,1,1,1,1,2,1,1,0.022743402790405026,-0.4763863163932764,0.805861033561354
3690,1,1,0,0,0,0,0,1,0,0,0,0,0,0,1,0,0,0,1,1,0.944836960652877,0.17650041462759858,-0.8512222991024406
3691,0,1,2,1,0,1,0,1,2,1,1,1,2,1,0,1,2,1,1,1,0.7433369454226035,-0.8124702453102404,1.2452460581244629
3692,1,1,1,0,0,1,0,0,1,0,0,0,1,0,1,1,1,0,1,2,2.2308878043893285,0.30834942153936623,2.318010943130968
3693,0,1,2,0,0,2,0,1,1,0,0,0,0,0,0,0,1,2,1,2,0.3356508223018813,-0.6112889751570764,-0.8481801767485773
3694,2,1,2,0,1,0,0,0,1,0,0,0,1,0,1,1,1,1,1,0,-1.717298677321027,-2.0881158051535413,-0.29410974902894443
3695,2,0,1,0,0,1,0,1,0,0,1,0,0,1,0,1,2,1,1,2,-0.0612085475872021,2.11663407238494,0.08067813680686031
3696,1,0,1,0,1,2,0,2,2,1,0,1,2,0,1,1,0,0,2,1,-0.434542788034596,0.03624619134225278,-2.144793398181427
3697,0,1,0,0,0,0,0,1,1,1,0,0,0,0,0,0,2,1,2,1,0.08861023093383905,0.2058566979265273,0.7383704275606255
3698,1,1,2,0,0,0,0,0,1,0,0,0,0,0,1,0,1,1,0,0,0.7313125375717437,-1.00468832527806,0.8387654039839051
3699,1,2,0,1,0,2,0,0,2,1,1,0,0,0,0,1,1,1,1,2,1.6606198469759397,0.5127433814438643,-0.27456245387499634
3700,2,2,1,0,0,1,0,1,0,0,0,0,0,1,0,1,1,1,1,1,-0.3131524255921708,1.234265072700467,-0.03011309784096372
3701,0,1,0,0,1,0,0,1,1,0,1,0,0,1,0,0,0,0,0,1,0.28314441310453947,0.2987243264429109,-1.1250812858691863
3702,0,1,0,0,1,0,0,0,1,0,0,1,1,0,0,0,2,0,2,2,1.037528381728839,0.5289040049271256,-0.17320307332022655
3703,1,0,0,0,0,1,0,1,2,1,0,0,0,1,0,0,2,1,1,2,-0.07796896309833712,1.064656228205102,-0.27698273886263863
3704,0,0,0,1,1,1,0,1,0,1,1,0,1,0,1,1,1,2,1,1,-0.974107945984078,0.24800897144272782,-0.3099772932749551
3705,2,1,2,0,2,1,0,0,0,1,0,0,1,1,0,1,0,1,1,0,1.987858462954298,0.8034679672983998,0.5633969736285759
3706,2,0,0,0,1,0,0,0,2,0,0,1,0,1,0,0,1,1,1,2,0.735851941026011,0.9266132408035426,2.0035488885512382
3707,0,1,0,0,1,2,0,0,0,1,1,1,1,0,2,0,2,1,0,2,0.8747789287524106,0.4188327568278576,1.0003904476264482
3708,1,1,0,0,0,0,0,2,0,1,1,1,1,0,0,1,2,1,0,1,0.42378491132817603,-0.2442255023082156,0.8643682079194757
3709,0,1,1,2,0,0,1,0,0,0,0,0,1,1,0,1,0,0,2,0,-0.19760113570052393,0.9787350341703623,-0.32113116009443426
3710,2,2,1,0,0,0,2,1,0,0,0,0,0,1,0,1,1,1,1,0,-0.3341409324230287,0.03733299581333566,-1.2266337221346983
3711,0,0,2,0,0,0,0,2,2,0,0,0,1,0,1,0,1,0,0,0,0.6737706530204938,-1.1738675657148645,0.9982129024153432
3712,0,1,1,0,1,1,1,1,0,1,0,1,0,1,0,1,1,2,0,0,0.25524731600856293,0.04045232825384931,0.42245382211365506
3713,1,1,0,0,1,2,0,1,1,2,0,2,0,0,0,2,2,0,1,0,-0.030496736994531575,0.31299444889233446,-0.08772539642987075
3714,1,1,1,1,1,2,0,2,0,1,0,1,0,0,0,1,1,0,1,2,-1.7051340964981951,0.39112608828790246,1.2857227306227677
3715,0,1,2,0,0,0,0,1,0,0,0,0,1,0,0,0,2,0,1,2,-0.5904735641871649,0.4354038701988362,0.4043198923622998
3716,1,2,1,2,0,0,0,0,2,1,0,2,1,0,0,1,1,1,0,1,0.14088503915403736,-1.0611816077882519,0.5558889057755726
3717,1,2,1,1,0,1,0,1,1,0,0,0,0,0,0,1,1,1,2,1,-1.6328152978279833,0.01516085161861086,-1.1637165110664642
3718,0,1,0,1,0,1,0,1,2,0,1,0,1,0,0,1,0,0,1,2,-1.7903352578055218,-1.0051639747128167,0.5287083622545291
3719,2,0,1,0,0,1,0,2,1,1,0,0,0,0,0,1,0,1,1,1,0.7001596249123556,-1.3508451984591014,-0.5884715731708265
3720,1,1,1,0,1,2,0,0,2,0,0,0,0,0,0,2,1,2,1,1,0.20694790470636432,-0.4115444007916134,1.5122772228243737
3721,2,0,0,0,0,2,0,1,1,0,0,2,0,0,1,1,0,0,1,2,-0.8915848147738122,0.3164416737077388,-1.1832387056122093
3722,0,0,1,0,1,1,0,0,1,0,0,0,0,1,2,1,2,0,0,1,0.48893114041479724,0.3479311166230826,-0.5799108513688926
3723,2,1,1,1,0,1,0,0,1,0,0,0,0,2,1,1,0,1,2,2,0.40723405910935867,-2.350238306593942,0.8366024234697982
3724,1,2,1,0,0,0,0,1,2,0,0,0,1,0,0,0,0,1,2,1,0.20314981323399994,0.2264846688437671,-0.08248634734504523
3725,1,1,1,0,1,1,0,0,2,1,1,1,0,2,0,1,2,1,0,1,-0.15756689208836977,-1.0746850259547305,-3.901334019646113
3726,2,2,0,2,0,2,0,1,1,0,0,0,0,0,1,2,1,1,2,1,-0.7197724036655944,0.7519948424619249,-0.8035270276299539
3727,0,1,1,2,0,2,0,1,1,0,0,0,0,1,0,0,0,1,1,1,1.3411275142223853,0.695077269227532,0.7370108429311709
3728,1,2,1,1,0,1,0,0,0,0,0,0,0,0,1,0,2,2,0,2,0.36956698127601695,0.4649783168319097,-0.2223440585951429
3729,0,1,0,0,1,1,0,1,0,0,2,0,1,0,1,1,1,1,1,2,-0.7321630444897494,1.1534512304430264,0.8148204406050576
3730,1,1,0,0,0,0,0,1,2,0,0,2,0,0,1,0,0,1,1,0,-0.45125120281508524,-0.2429467694535698,-0.5266502631466008
3731,0,1,0,0,0,1,0,0,2,1,0,0,0,0,0,1,0,1,0,0,0.2749504402343393,-0.06221738313857063,-0.8900981858336119
3732,0,1,2,0,1,0,0,1,0,1,1,1,1,1,0,1,2,1,1,2,-0.024105710283545453,0.47019133894050946,-0.5413181244549717
3733,1,2,1,0,0,1,0,2,1,0,0,1,1,0,0,0,1,1,0,1,-1.4433885891209801,-1.4708326630791382,-0.3290502537870627
3734,0,1,0,0,0,2,0,1,0,1,0,1,1,0,1,0,2,0,1,0,1.0198447373432087,-0.060826556292036815,1.7363019810268918
3735,2,0,0,0,1,1,0,0,0,1,0,0,0,0,0,1,1,1,0,0,0.29556893846902543,0.5750954487151898,-1.4713446314531213
3736,0,1,1,0,1,1,0,0,1,2,1,0,0,0,0,0,2,2,1,2,1.513625397939553,-0.6325261809641337,1.3921563642933728
3737,0,1,0,0,1,2,0,1,0,1,0,0,0,0,0,1,1,0,0,2,-2.137458954862878,-0.19602147937097675,-0.6860766976264479
3738,1,0,1,0,1,1,0,1,1,1,0,0,0,0,0,0,2,0,0,1,-1.7547386656587542,-2.456500062287325,0.44276488021224936
3739,2,1,0,0,1,1,0,1,0,1,0,0,0,0,0,1,0,1,1,1,0.19602544231377914,0.09083871190280149,-0.3614188143204453
3740,0,1,1,0,0,2,0,2,1,0,0,0,0,0,2,0,1,0,0,1,-0.5858448958112231,1.8364124475151458,1.3294138702542266
3741,1,1,1,0,1,0,1,0,0,0,1,1,0,0,0,1,1,1,0,2,1.9001854073599047,-0.043818709863809424,0.5255307172653255
3742,1,2,0,0,0,0,0,1,1,0,0,0,2,0,0,0,0,1,1,1,-0.42066589854429076,0.09502359934811111,-0.0896944194492581
3743,0,1,1,0,0,1,0,1,0,2,0,0,0,0,1,0,1,1,1,2,0.7916289556817184,-0.9804901270710425,0.044564096881261894
3744,0,1,0,1,0,1,1,0,0,0,0,1,1,1,1,0,1,0,0,1,-1.2252407850670288,0.5852750074344033,-1.039992030041872
3745,0,0,1,0,0,1,0,1,0,0,0,0,0,0,0,0,2,2,0,1,-0.20203509671275208,1.040068851236122,0.34936548578205867
3746,0,2,1,0,0,0,0,1,2,0,2,0,1,0,1,1,1,1,1,1,0.8617385257328715,-0.8041213611952421,-0.2511095631302873
3747,2,0,1,1,1,2,0,1,0,0,0,0,0,0,1,1,2,1,1,2,0.4893690430295496,-1.328166043939414,-0.47880938537398304
3748,0,1,2,0,0,1,0,1,1,0,0,0,0,0,0,0,2,0,1,1,-0.7003818334907637,-3.6634348716074054,0.6199361135655929
3749,0,0,1,0,0,0,0,1,0,0,0,0,0,1,0,1,0,1,0,2,-0.22574180593299875,-1.8452276861950023,-1.3385498236578686
3750,1,0,1,1,1,2,0,2,1,0,0,1,0,0,1,1,1,2,0,1,-1.6955250263270885,-0.947426241744771,-1.4733893722863272
3751,0,0,1,0,0,1,0,1,1,1,1,1,0,1,0,1,1,1,1,1,-1.1196630285151976,0.4814176204994889,1.7124458484889988
3752,1,1,1,0,0,0,1,0,1,1,0,1,0,0,1,0,1,0,0,2,0.8401445500814719,1.0357884538242264,0.997771309052333
3753,2,0,1,0,0,0,0,0,1,0,1,0,1,1,1,2,1,1,1,2,-1.1710896556735475,-0.8685873969031439,0.8546292861025444
3754,0,1,0,0,0,1,0,0,0,0,0,0,1,0,1,0,0,0,1,0,0.8489398882727058,0.4316503546896114,2.1190927191746103
3755,1,2,1,0,0,0,0,2,1,1,1,1,1,0,0,0,1,1,1,1,-2.211375185940848,-0.5666074649843291,-1.6361498498016922
3756,0,1,0,0,0,0,0,0,1,0,0,0,0,0,1,1,1,1,1,0,0.20422550878214016,-1.030301819875182,-1.2204000510136515
3757,1,1,1,1,0,1,0,1,1,0,0,0,1,0,1,0,1,1,1,0,-0.8271500614597046,-1.5609085080002183,-0.22487279148843928
3758,1,1,2,0,1,1,0,0,0,0,0,0,1,0,0,1,2,1,0,0,1.613150870301655,-0.0029849326517684682,2.005357236408196
3759,0,0,1,0,1,1,0,2,1,2,2,0,1,0,1,0,0,2,1,0,1.3476891470332975,2.415705905342059,0.9310822159550438
3760,1,0,1,0,0,2,0,2,2,0,0,1,0,1,0,0,1,1,0,1,0.4973377722115327,0.21403616818283674,-1.4692384799823661
3761,0,1,1,1,0,1,0,0,1,1,0,0,0,0,0,1,1,0,0,1,0.43735572930270694,0.23789730828037153,2.4092333484672346
3762,1,2,0,0,0,0,0,0,2,0,1,0,0,1,2,2,1,1,0,0,-0.15033288436251788,-1.0598206994873085,-2.12679315660992
3763,0,0,0,1,0,0,0,0,2,0,1,0,1,1,0,0,2,2,0,2,1.0455743543060727,1.818106486984063,2.487339507119135
3764,2,0,1,0,0,0,0,0,0,1,1,0,0,1,0,2,1,2,2,2,-0.8813194362541965,-0.21007212699981587,-1.3496655505993578
3765,1,1,0,0,1,1,0,1,1,0,1,0,0,0,0,0,2,2,1,2,0.990925971156505,1.6746782478655964,1.564101646287174
3766,1,0,1,1,0,1,0,0,1,0,0,1,0,0,2,0,0,1,1,0,-0.4749984476340724,-0.862096077944025,-1.1137121850133993
3767,0,1,1,0,1,2,0,0,0,0,2,0,0,0,2,0,0,1,1,1,0.29097168337703017,-0.4557313621382919,-1.670959808607884
3768,0,0,1,2,0,2,0,1,0,0,0,0,0,0,1,1,1,1,0,1,0.08080159269510655,-0.3041191485985235,-0.3476176867876556
3769,1,2,2,0,0,1,0,0,0,1,0,0,0,0,2,0,1,1,1,1,1.2356615316829056,0.20050300631044593,0.6325944828349497
3770,2,0,0,1,0,1,0,0,1,1,1,0,1,0,1,0,1,2,1,2,1.249520419362665,-0.8629528657729759,-0.14442569265559935
3771,0,1,2,0,0,0,0,1,1,0,0,0,0,0,0,1,1,1,1,1,0.7453035576058562,-0.17044190838383685,-0.28893988656779385
3772,1,2,2,1,0,0,0,1,0,1,0,0,1,0,2,1,1,1,0,0,0.05792663185882287,0.8467549034014401,0.3801557854914396
3773,1,2,1,0,1,0,0,1,0,1,0,1,0,0,0,1,0,0,0,1,0.09317141999750456,1.4317213782381668,0.3951711675138291
3774,1,2,0,0,1,2,0,0,0,0,0,0,1,1,1,0,1,1,1,1,-1.480098326579863,0.0009336799621023628,-0.7438320967458681
3775,0,0,2,1,0,1,0,1,1,0,1,0,0,0,1,0,2,0,1,1,0.5837331798218873,-1.4257823435655443,1.3546714513367961
3776,1,2,0,0,1,1,0,0,1,1,0,0,0,1,1,0,1,2,0,0,-1.1169649640855244,-0.196856847412461,-2.272909089488661
3777,2,1,1,0,1,1,0,1,2,1,0,0,0,0,0,1,1,2,2,0,-0.2611167979862247,0.37470294981373325,-1.4826021946713628
3778,0,1,1,0,0,0,0,2,1,0,0,1,1,1,1,0,1,0,1,2,-0.10133046726679579,-0.5536338300867081,-0.693713075287268
3779,1,1,0,0,1,1,0,1,1,1,0,1,0,0,1,0,1,1,0,0,-0.2723713351862339,0.0973983210617741,-0.47919492641349615
3780,1,2,1,0,0,0,0,1,0,0,0,0,0,1,1,0,2,2,1,1,-0.6554659816006869,-1.1745298169744354,-1.6879068645579847
3781,1,0,1,0,1,1,0,1,0,1,1,0,0,0,0,1,1,0,0,1,-1.8904163270084875,-0.9227882180435952,1.082354953401561
3782,2,0,2,0,0,1,0,1,0,2,0,0,0,0,0,1,1,0,1,1,-0.10507020292934581,-1.8625747767715022,-0.8943986934073245
3783,0,0,1,0,0,1,0,0,0,0,0,1,1,0,0,1,1,1,0,1,-0.7206953287719152,-0.7793419363188091,0.6594003828625057
3784,0,0,1,0,0,1,0,1,1,2,1,1,0,1,1,0,0,1,0,0,-1.1262246303958463,-0.17820555182208103,-0.5791496127085642
3785,2,1,1,0,0,0,0,0,2,2,1,0,0,1,0,1,1,1,1,1,0.6980143922685044,0.42164951116802174,1.7746276544069133
3786,0,0,1,0,1,0,1,1,2,0,0,0,0,1,0,0,1,1,1,2,0.11889531406660848,-1.2663218928630142,0.5958938760752225
3787,2,2,0,1,0,2,0,1,1,1,1,1,1,0,0,0,0,1,1,0,0.1641618880503184,-0.465979617779693,1.3550355284225761
3788,1,1,0,0,0,1,0,1,1,1,0,1,0,1,1,0,2,1,1,2,0.5725898158549383,-0.6994389991416929,0.31485140645326437
3789,1,1,1,0,1,0,1,1,0,0,0,0,0,0,0,1,1,1,0,0,0.1009835949488015,0.5028859996863804,0.6629166638395039
3790,1,1,1,1,1,1,0,1,0,1,0,0,1,0,0,1,2,0,1,1,0.9968408500388438,-0.6327045645966137,0.6902820010994153
3791,0,2,0,0,0,0,0,1,1,0,0,0,1,1,0,0,0,1,2,1,-0.6206341993624875,-1.435562459752549,-0.5799254966641655
3792,2,2,1,0,0,1,0,1,1,0,1,0,0,0,0,0,1,0,1,1,-0.8844628294971072,-0.22404088649056167,-1.3493557092890505
3793,0,0,1,0,1,2,0,1,1,1,0,1,2,1,1,0,0,0,1,0,-0.9197906526940662,-0.8513642476265697,-1.1985471532502254
3794,1,2,1,0,0,1,1,1,1,0,0,1,1,0,1,1,0,2,1,1,-0.20662490702201095,1.3397511931482307,0.8950607698902001
3795,0,0,1,1,1,0,1,1,1,1,0,0,0,0,2,1,0,1,1,1,-0.18186234227063103,0.8758665251587062,0.7799153440462783
3796,2,0,1,0,0,1,1,0,1,0,0,0,0,0,0,0,0,0,0,2,-1.1598711722519166,0.6479611640739502,-0.5527931335012066
3797,1,1,2,0,0,1,0,1,2,2,1,0,0,0,0,2,1,0,0,1,0.608628889067691,0.8133232146537603,0.3658305128386815
3798,0,1,1,0,1,0,0,2,0,2,0,1,0,0,0,2,1,1,0,1,1.1406590025825654,-0.3891436067629691,0.12765568358854235
3799,1,1,1,1,1,2,0,1,1,1,0,0,0,1,1,1,1,1,2,2,-1.9597765215420597,-0.20651214044635358,0.4041006576679895
3800,2,0,1,0,0,2,0,1,1,0,0,1,0,0,0,0,2,0,2,2,-1.1051022997378563,-0.10885144730839136,-2.3283578175971464
3801,0,1,2,0,0,1,0,1,1,0,0,0,1,1,1,1,0,0,1,2,-2.442609594049259,0.6618382762003872,-1.0055078451019286
3802,0,1,0,1,0,2,0,0,2,0,0,1,1,0,1,0,1,2,0,1,0.28537462154127613,-1.5748631187190891,-1.1477316599746927
3803,0,1,2,0,1,1,0,1,1,2,0,0,0,0,0,1,2,0,0,1,-1.3958560747251743,-1.2870686886966507,-0.8644184151433253
3804,0,2,0,0,0,0,0,1,0,1,1,0,0,0,1,0,2,1,0,0,1.0602048355184643,0.1264406984534763,0.5203895027077108
3805,0,0,1,0,0,2,0,0,1,1,1,0,0,0,1,2,1,0,1,0,0.3773071559717602,0.2293113997954364,-0.25496349608843166
3806,1,1,1,0,0,0,0,2,0,1,0,2,2,0,1,1,1,0,1,2,0.3035698819978052,2.23900103869953,0.9850073870234406
3807,1,1,1,0,0,1,0,2,0,1,1,0,1,2,0,1,1,1,1,2,0.14313844582948898,0.4028465241896846,0.35450979804212834
3808,1,1,1,0,0,0,0,0,1,0,1,0,0,0,0,0,2,0,1,1,-0.17462625256433817,-1.7856279413610117,-1.6703339436131626
3809,0,1,0,1,0,0,0,0,1,1,0,1,0,1,1,2,0,1,1,1,-0.09024140994926691,0.4951541157201034,0.06238224160590944
3810,1,1,0,0,0,1,0,0,2,0,1,1,0,0,1,1,1,2,1,2,-0.3864139993200072,-0.023186124112160866,-0.9745711095518413
3811,1,0,1,1,1,1,0,1,1,0,0,1,0,0,1,0,1,2,0,1,-0.33949695435276384,0.03182445964559957,2.0219119769162957
3812,2,1,1,0,0,0,0,0,1,0,0,0,0,1,0,0,0,0,0,1,-0.9977738898301449,0.7573838123130813,0.08868345038220304
3813,1,0,0,0,1,1,0,2,0,0,1,1,0,0,2,1,1,1,0,1,0.30736983594591094,-1.0172543003722372,0.6280565474871422
3814,1,1,0,0,0,1,0,2,0,0,0,0,1,1,0,0,1,0,0,0,0.4944909648094243,-0.7831230147186659,-0.8080645561001085
3815,1,1,1,0,0,0,0,0,1,0,1,0,0,2,0,1,1,1,0,1,1.1202876541941424,2.9424260563330185,2.3052130412762333
3816,1,0,2,0,2,0,0,1,2,1,1,0,0,0,2,1,0,0,1,1,-0.5619093052696146,0.42121107068917685,-0.8177102615825577
3817,0,1,1,0,0,1,0,1,1,1,0,0,0,0,0,0,1,0,1,2,-1.8543909486288306,-0.9854939250480155,-1.7875067340486244
3818,1,2,1,0,0,0,0,0,0,2,0,1,0,0,0,1,1,0,0,1,0.4914079000866955,-1.841911586981352,0.5998268962457767
3819,1,0,0,1,0,1,0,0,1,0,1,1,0,1,0,0,1,1,0,2,-0.6172034944064497,-1.2265499358648635,0.05743510894126874
3820,1,1,1,1,0,1,0,0,0,1,0,1,1,1,1,1,2,0,1,1,-0.8796642296957043,1.1834415979907305,0.4892210456116745
3821,1,0,2,1,0,1,1,2,1,1,0,0,0,0,0,2,1,1,0,0,-0.3240612206981818,-1.932803011417153,-1.439129372341089
3822,0,2,0,0,1,2,0,0,0,0,0,0,0,0,1,1,1,1,1,1,-1.3886753629324642,-1.89915850293094,-0.10046388319969901
3823,0,1,0,0,0,1,0,0,1,1,0,0,1,1,1,1,1,0,1,2,-0.24622214496449868,0.6346960881310412,0.06411163890934711
3824,0,0,0,0,0,1,0,2,0,0,2,1,0,1,1,1,0,0,1,1,0.7060859317045822,0.400049905426011,-0.3515370817412884
3825,0,1,1,1,0,2,0,1,1,1,0,1,0,0,0,1,0,1,0,0,1.4962827081787207,1.840225792783622,2.372888081218118
3826,1,1,1,0,0,1,0,0,1,0,2,1,1,0,0,0,2,0,0,0,-0.7580183300228754,-0.41209168140541963,0.9250668738640265
3827,1,2,1,0,0,2,0,0,1,2,0,0,0,1,1,0,1,2,0,0,0.5805636518198001,-0.5485072189423557,0.6206678537755141
3828,1,2,2,0,1,0,1,0,1,1,0,0,1,1,1,1,0,2,1,2,0.892792576809759,-0.5096140954880435,0.543773378407769
3829,2,2,0,0,0,2,0,1,0,0,0,0,0,1,0,0,0,1,1,1,0.40227973361816577,0.24695541404075486,0.8797639530467614
3830,1,1,0,1,1,1,0,0,2,0,0,0,1,1,1,0,2,0,1,1,-1.295071325895044,-0.174327345902468,0.19308972851736983
3831,0,0,1,0,0,1,0,1,0,0,0,0,0,0,1,1,1,1,2,2,-0.7811582174700682,0.4074398849145693,-0.9673520745961146
3832,1,1,0,1,1,2,0,2,1,1,1,0,1,1,0,1,1,1,0,1,-0.6627373893671586,0.06353903935483593,0.21656101584895704
3833,1,0,0,1,0,0,0,2,0,0,0,0,0,0,0,1,1,1,2,1,1.2734901465771737,0.20150649898281844,-0.8080827813464078
3834,0,0,1,1,0,2,1,2,1,1,0,0,1,1,0,0,0,1,1,0,-1.6364490004953147,0.578794359621784,0.0122699130776317
3835,0,1,1,0,1,1,0,2,0,0,1,0,1,2,1,0,0,0,1,2,-0.8779041212807684,1.1155862955462914,1.6013400306798122
3836,0,1,1,0,0,1,0,0,2,1,0,0,1,0,1,0,1,1,0,1,-0.9792905097260041,-1.141981853474194,-2.100293169757011
3837,1,1,0,0,0,2,0,2,1,0,0,1,0,1,1,2,0,0,1,1,-0.31891834932961877,-0.2894937741609678,-1.2963288755322324
3838,0,2,1,0,0,1,0,0,1,0,1,2,1,0,0,1,1,1,0,2,-0.01420731540196827,-0.17893649164200523,0.9323370018957197
3839,0,0,2,0,1,0,0,2,2,2,0,2,0,0,1,0,0,0,0,0,1.1491291910992392,-0.5759100063700103,-0.742704088769911
3840,1,0,2,0,0,1,0,1,1,0,0,0,1,0,1,0,1,2,1,0,1.325194474045834,1.7853130197688007,0.055711503359081815
3841,0,0,1,0,0,2,0,1,1,0,0,1,0,0,0,0,2,0,0,1,0.4796745784999592,0.7333101827725759,0.5180063054435373
3842,0,1,1,0,1,1,0,1,0,0,0,1,1,1,0,0,0,2,1,0,1.3369142815847688,-0.9145814836917103,2.3690930083413635
3843,2,1,1,2,0,2,0,1,1,0,0,1,1,1,0,1,1,1,1,1,-1.262403959311517,0.5090589942699206,1.1936743895226702
3844,0,1,2,0,1,1,0,0,1,0,0,0,0,0,0,0,0,0,2,1,-1.6400313344276463,-1.0125917898641,0.7025842640013347
3845,2,1,0,1,0,1,0,1,0,0,0,0,0,1,0,1,1,1,0,1,0.031875516719719894,-0.24896492950475785,1.4080501330875679
3846,0,1,0,0,0,1,0,1,2,0,0,2,0,2,1,0,0,1,0,2,-0.4855669586465914,1.164517937008485,1.095976085050789
3847,1,2,0,0,1,1,0,2,1,0,0,1,0,0,0,0,0,0,0,1,0.4773521340864948,0.49316964240246886,0.8127791263021233
3848,1,1,1,0,1,2,0,0,1,0,0,1,0,1,1,0,1,0,1,0,-0.5185000740297602,-0.691102560532486,0.03485582246015029
3849,0,0,0,1,1,1,0,1,0,2,0,1,0,0,2,1,0,2,1,0,-0.041998649793782615,-0.2142479753096737,-0.5095043539236195
3850,0,2,1,0,0,2,0,0,0,1,1,1,0,0,1,0,0,0,2,0,0.5539865772288635,0.22899846694975556,1.7625450565982728
3851,1,1,0,0,0,1,0,0,0,1,0,0,1,1,0,1,0,2,0,1,0.1457698350308949,0.24121728840829804,-0.43901813596364553
3852,0,2,1,0,0,2,0,1,1,1,0,0,0,1,1,0,2,0,0,1,1.379258155461783,0.999835787858969,0.652070517301202
3853,0,0,1,1,0,1,0,1,1,0,0,2,0,1,0,0,2,1,1,1,0.38683704158034027,-0.3610303890530382,0.19622626927107406
3854,1,0,1,0,0,1,0,2,1,0,0,1,2,0,1,0,2,2,0,1,1.4550790701897458,-0.19661261810422986,0.5069133104727571
3855,1,2,1,1,1,0,1,2,2,0,1,0,0,0,1,0,0,0,1,1,-0.6337593172687649,0.8068505533186042,-0.3333479535913405
3856,0,1,1,0,0,1,0,1,0,0,0,0,0,0,0,2,1,0,1,2,-0.40417310224581965,0.2988062249805553,1.3915523496580822
3857,1,1,1,0,1,0,0,1,1,0,1,0,0,0,1,1,2,1,0,0,0.8330518296234095,-0.009115522116130315,0.36372017634947273
3858,2,1,1,0,1,1,0,1,0,0,0,0,1,0,0,0,1,2,1,2,-1.3145009674419819,-0.5245155085229738,0.49312213805815297
3859,0,1,2,0,0,1,0,1,0,0,0,1,0,1,2,1,1,0,1,1,0.3839780640730332,1.296301789206277,1.3541360806334155
3860,0,1,1,0,1,2,0,1,1,0,0,1,0,1,0,0,1,1,0,0,0.412518827692495,0.238888730534406,-0.3722366138788093
3861,1,0,2,1,0,0,0,1,2,1,0,1,0,0,0,1,1,1,1,1,-0.7485006852883181,-0.46494442804859076,-0.7931089116203878
3862,1,1,1,0,1,0,0,0,1,0,0,1,1,0,1,0,1,1,2,1,-0.6863485798401673,-2.781171004518266,1.3538862545117276
3863,1,1,1,0,0,1,0,1,0,1,0,1,0,0,1,0,2,0,0,0,0.07979113070824062,0.23763631938013022,-1.1032932482334223
3864,0,0,2,1,0,0,0,1,1,1,1,0,0,0,0,0,1,0,0,1,0.37342499677841606,-0.25548172758431253,1.681840825183397
3865,0,1,0,1,2,0,0,2,1,0,1,0,0,0,0,1,1,1,0,1,0.432634261482644,2.747985076177166,3.137800070314566
3866,2,2,1,0,0,0,0,1,1,2,1,1,0,1,0,0,2,0,1,0,-0.24670691245756818,-0.6945247626718096,0.8806411520576278
3867,0,0,1,0,1,2,1,1,0,1,0,1,0,0,0,0,1,0,2,2,0.6038137068661789,2.515118565831957,1.0869850091730524
3868,1,0,0,1,0,1,0,0,1,0,0,0,1,1,0,0,1,2,0,1,0.1935534805353216,0.9392102770998507,0.07495619455955621
3869,0,2,2,1,0,0,0,0,1,1,0,1,0,0,0,2,2,1,0,1,-1.767362049647989,-0.10203159444855692,0.6259550639963873
3870,1,0,0,1,0,1,0,1,1,1,0,1,1,2,1,1,1,1,0,0,-0.00800154562444298,1.9318491088516154,1.6732561534265047
3871,2,2,1,0,1,1,0,1,1,0,0,1,0,1,2,0,1,0,0,1,-0.9251497304354884,0.16914364370644364,0.20320409325508693
3872,0,0,0,1,1,1,0,1,0,0,0,1,0,0,1,0,0,0,1,1,-1.4594098638546216,1.2790196542297787,-0.16697278959158643
3873,0,2,2,0,0,1,0,2,0,0,0,0,0,1,0,0,1,0,1,2,0.1608975033502705,-0.5290129442515166,-0.24135844239762289
3874,2,1,0,1,0,2,0,0,1,1,1,0,1,0,0,1,1,2,0,1,-0.36774297200359324,-1.0094447920342786,-0.2289504154880584
3875,1,0,0,0,0,1,0,1,0,1,0,0,0,1,2,2,1,1,1,1,0.2182092404721984,-0.7877548614914188,0.5963535771890518
3876,0,1,1,2,1,1,0,1,1,0,0,0,1,1,0,0,0,1,2,2,-0.3240281806898104,0.8555469596544589,1.8636619268066696
3877,0,1,1,0,1,0,0,1,1,1,0,0,0,0,1,0,1,1,0,1,1.5471772793687224,1.221839495931879,2.5005007149074228
3878,0,0,1,0,1,1,0,0,1,0,0,0,0,1,1,0,1,0,0,1,-0.5468120610938908,-1.700466703285331,-0.30523075937844113
3879,0,1,0,0,0,1,0,1,1,0,0,1,0,0,0,1,1,2,0,2,0.16928297251719465,1.3518949935283096,0.11212307999613835
3880,0,2,0,0,0,1,0,1,0,1,0,0,0,0,0,1,2,2,0,0,0.3065394905321735,-0.15191117333307566,-0.9201527536758932
3881,2,1,2,0,0,0,0,0,2,1,2,0,0,1,1,0,2,2,1,2,0.1619336567149099,-0.12960993982884478,0.3757183807782102
3882,0,0,2,1,0,1,0,1,1,1,0,0,1,2,0,1,0,1,2,1,0.3736338582457071,-1.1856805728960285,0.31120567750670325
3883,2,1,2,1,1,2,0,1,1,0,0,0,0,0,1,0,2,0,1,2,-1.26402893232684,0.8053587965096609,0.1588089495926467
3884,0,0,1,0,0,0,0,2,0,0,0,1,0,1,0,1,0,0,0,1,0.790905311485616,-0.2693863501233881,-1.8385400810302062
3885,0,2,1,0,0,0,0,1,0,1,0,0,0,0,1,1,2,1,1,1,0.45401536808545884,0.459148039186342,-1.2138096035261947
3886,1,0,1,1,1,0,0,1,0,1,1,0,0,1,0,0,0,0,0,1,0.5407860400422478,-0.9087016550560799,0.12896895107248746
3887,0,0,1,1,0,0,0,1,0,1,0,1,1,2,0,0,0,0,1,2,-0.6090198099146303,0.7339240215806708,0.7298403827177489
3888,1,2,1,1,0,1,0,1,0,1,0,1,1,1,1,1,1,0,0,1,-0.4184096972758198,-0.8172598940809198,-0.8425309142160525
3889,1,2,0,0,1,2,0,1,1,1,0,0,1,1,1,2,0,0,1,1,-0.2370248559708994,-0.41322705804293824,0.23801405504773232
3890,1,1,0,0,0,0,0,2,1,1,0,0,1,0,1,1,1,0,1,2,-1.0596603016777544,0.5784144755217953,0.16639349192903746
3891,1,0,2,0,0,2,0,2,1,1,0,0,0,1,2,1,1,2,0,0,-0.15491249768009888,0.0611234128761738,-1.5658692599658675
3892,0,1,1,0,1,0,1,1,1,1,0,2,0,1,1,1,1,1,0,1,-2.6294711231346932,0.9211284013803132,-0.967944360786198
3893,0,0,0,1,0,0,0,2,1,0,0,0,1,0,0,0,1,1,0,2,0.8372838882640239,-0.05280138577086868,-0.5894436997522983
3894,0,1,0,0,0,1,0,0,1,2,1,0,1,1,0,0,1,0,0,1,-1.2522827279073854,0.4344991540249784,-0.6318576053616101
3895,1,1,2,0,0,2,0,1,0,2,0,0,1,0,1,0,2,1,0,0,0.4686469187532978,0.18539399525362654,1.3249146942712344
3896,1,2,2,0,0,1,0,1,1,1,1,1,0,0,1,1,1,1,0,1,-0.8556732930649941,1.614679150327658,-0.15221812397834789
3897,1,1,0,0,0,1,0,0,1,0,0,1,0,1,1,2,1,1,0,1,1.950435797484552,0.22915307047104003,1.424890233717022
3898,0,2,0,0,1,1,0,0,2,1,0,0,0,1,2,1,0,1,0,1,0.8842034340669964,0.8094715925643197,0.7104520038856588
3899,1,1,2,0,1,1,1,0,0,0,0,0,1,0,1,0,1,1,2,0,1.4498127321677619,1.5894319359085411,1.7854316579059366
3900,0,1,1,0,0,2,1,1,2,0,1,1,0,2,1,0,1,0,1,2,1.7650417914348027,1.9997400321879062,1.322934433397032
3901,1,2,1,0,1,2,0,0,2,0,0,1,0,0,1,0,0,0,1,0,-0.25098506964034034,0.49110779015555583,-0.0217072232226508
3902,1,1,0,1,1,1,0,2,1,1,0,1,0,0,0,0,1,0,0,1,0.7298159464182982,-0.298758095504136,2.448364091478
3903,0,1,0,2,0,1,0,2,2,1,0,1,0,0,1,0,1,1,2,2,0.3728269618922219,-1.0284784745221538,-1.3971552233159037
3904,1,0,1,0,0,1,0,1,1,0,0,1,1,0,0,1,0,2,1,0,-0.8393445846289002,0.4956590992687995,-0.7331449404899257
3905,2,1,1,0,0,2,0,0,0,0,1,2,0,0,1,1,0,1,0,1,0.5389797362704379,-0.5336284836573769,0.976430729975932
3906,0,1,1,1,0,1,0,1,1,0,0,0,0,1,0,1,1,0,1,1,0.710433946488095,1.4019712288405595,0.05585336224542303
3907,0,1,2,0,0,0,0,1,2,0,1,0,1,0,1,0,2,0,1,0,-1.1503451711688595,-0.20857368271089433,-0.8937207811961227
3908,0,1,1,0,1,1,0,1,0,0,0,1,1,0,0,1,1,1,1,1,0.16644483330423465,-0.3228055433863663,-0.5498338847813934
3909,0,0,0,0,2,0,0,1,1,0,0,0,1,2,1,0,1,1,1,1,0.4568166270848176,0.6617720485454174,-0.007759619003882667
3910,1,0,2,0,0,0,0,1,0,1,2,0,1,1,1,0,1,1,1,2,-0.020901630361212207,-0.8778663602127891,-0.031308647570213455
3911,1,1,1,0,1,0,0,1,1,1,0,0,1,0,0,0,1,1,2,2,0.10212226854564677,0.5253316879197042,1.0859356070528443
3912,1,1,0,0,0,2,0,1,1,1,1,2,0,0,0,1,1,1,0,1,-0.11467110355330153,1.7113349737348502,-0.23844638707930854
3913,1,0,1,0,1,2,0,1,1,0,1,1,0,0,1,2,2,0,2,2,-1.4716455447552266,-0.148900889539591,-0.1498779972205332
3914,1,1,0,0,1,0,0,1,1,1,0,0,0,0,0,1,0,1,1,2,-1.7813479212896182,-0.2844184647759497,-0.13195762352562257
3915,1,0,1,0,0,1,0,0,1,0,1,1,0,0,2,2,1,1,0,2,1.3771296666930333,1.5503778019783432,2.1658734125117185
3916,2,0,1,0,1,0,0,1,0,1,0,0,1,1,0,1,2,1,2,1,-1.5713373441310918,-0.08279516934532355,1.0798239849720028
3917,0,1,1,0,0,0,0,0,0,1,0,1,0,0,1,0,1,2,1,2,-1.196150990810565,2.7908883178254467,1.5312354479532673
3918,0,1,0,0,1,2,0,2,1,1,0,1,0,1,1,0,0,0,0,1,-0.5498363933169935,1.705628019841861,1.8087117273663962
3919,1,1,1,1,1,0,0,2,2,0,0,0,0,1,0,0,0,1,0,2,0.6520845743529269,-1.2067691349455432,2.068033601809313
3920,2,0,0,1,1,1,0,1,0,0,0,0,0,0,0,1,1,1,0,2,0.5871279704106854,-0.3636306890043574,0.6811152760950514
3921,1,1,1,0,1,1,0,1,0,1,0,0,0,0,1,0,2,1,1,1,1.7811235170764732,-1.5175764904769165,1.3892873880106917
3922,2,1,2,0,0,2,0,1,1,0,0,0,0,0,0,0,1,0,1,1,0.8773967629580861,-0.46220128868617877,-1.2642385288793556
3923,1,1,2,0,1,0,0,1,1,0,0,0,1,0,1,1,0,1,1,0,-1.2729800052410756,-1.0296680905904065,-1.7645460504514225
3924,1,0,1,1,1,2,0,0,2,0,0,1,0,0,1,0,1,2,0,2,-0.03323363219317176,-1.3617355397111148,-0.6196073359221335
3925,1,0,1,0,0,0,0,1,0,1,1,0,0,1,0,1,0,2,0,2,-0.1838989387326403,1.0598366065514297,2.3853293821518378
3926,2,1,1,0,1,2,1,0,1,2,0,1,0,1,0,1,2,1,1,0,0.37188421171750496,0.0930051228336967,-0.15303008193669482
3927,1,1,0,0,0,1,0,1,0,0,0,0,0,1,0,0,1,1,1,0,0.004690627786310397,-0.17042585829727142,0.6475058222275529
3928,0,0,2,1,1,1,1,2,0,1,0,0,0,2,0,0,0,1,0,1,-0.4913955732410391,1.1627975265957917,0.5917098217294714
3929,1,1,1,1,0,2,0,2,1,0,1,1,1,0,0,0,2,1,1,1,0.6672253722334535,0.006425080194337102,-0.828914614759741
3930,1,0,1,0,2,1,0,2,1,0,1,1,0,1,1,0,2,2,0,0,-0.9414292042408671,-0.918683235450622,-2.4669156914940045
3931,1,1,0,1,0,2,0,2,2,0,0,1,0,0,0,0,2,0,0,2,-0.029600828486783314,-1.378800947821904,0.5247076315190281
3932,1,1,0,0,0,2,0,0,1,2,1,0,0,0,1,0,0,0,1,0,0.9775008117263154,-0.7464597562109181,-0.22688037455981536
3933,0,1,1,0,0,2,0,0,1,1,0,0,0,1,0,0,0,1,2,1,-0.43821803580949586,0.9206955203066178,0.6656829474158165
3934,2,1,2,0,0,2,0,1,1,0,0,0,0,0,1,0,1,1,2,2,-0.17823410149851646,0.14730286385158067,-0.30917071322452944
3935,1,1,0,0,0,2,0,1,2,0,0,0,0,0,0,1,2,1,0,1,-0.5081043681611784,-0.024050642960909363,-0.43736720234591747
3936,0,2,1,0,0,2,0,1,2,2,0,0,1,0,2,1,2,1,1,1,-0.5093222916427372,1.8178694148949488,0.6603929530275947
3937,2,2,0,1,0,1,0,2,1,2,0,0,0,1,1,1,1,2,1,1,0.27372613500997484,-0.6508210165126493,-0.5065061821550477
3938,0,1,0,1,1,0,0,1,1,0,0,0,0,0,0,1,0,0,0,2,0.42931860499121116,1.7735579500188325,0.13559748410314598
3939,1,0,1,0,0,2,0,2,1,1,0,0,0,1,1,0,1,0,0,2,-0.2597626750056747,-2.3472637101787885,-0.3162733130698671
3940,0,2,0,0,1,2,0,0,0,1,0,0,1,0,0,0,1,1,0,0,0.28468464126310244,1.2209976922514423,0.6129321081680659
3941,2,1,1,0,1,2,0,0,0,0,0,0,0,2,0,0,0,1,1,1,0.6930776464861292,0.44420509707065237,-0.9705811477131596
3942,1,2,1,0,2,1,0,1,0,0,0,0,0,1,1,0,0,1,0,0,-0.8611969833926643,-0.9425148566986037,0.30600727275768813
3943,1,1,0,1,0,2,0,1,1,1,0,0,0,1,0,1,1,1,1,0,0.7737167581071532,0.042989006264644594,-0.462338947669175
3944,0,1,2,1,1,1,1,2,1,1,0,0,1,0,0,0,1,0,0,2,2.509326210265323,0.21967555772547598,1.3098566587406366
3945,2,1,0,0,0,0,0,2,2,1,0,2,0,0,1,0,2,0,1,1,1.2809386309982622,0.05081956913119695,0.5592114398277581
3946,0,0,1,0,0,2,0,1,2,1,0,1,1,0,1,0,0,1,0,0,0.7181261387788114,1.2692518635004422,-0.7895331046839349
3947,1,0,1,2,1,0,0,0,1,0,0,1,0,0,0,0,0,1,0,1,-0.3337204714993152,0.8100972694154247,-0.9573845792879604
3948,2,2,0,1,0,2,0,1,1,0,0,1,0,0,0,2,1,1,0,0,0.06257370353941823,0.20732735880512715,-0.06741572625058385
3949,0,2,0,1,0,1,0,0,2,1,0,0,0,0,1,0,2,1,0,0,0.19316625982743416,0.6378697216461394,-0.25840461919588226
3950,1,0,1,0,0,1,1,2,0,1,1,0,0,0,1,0,0,1,0,0,-1.53378824797212,-1.5670675791762545,-1.1101763704323542
3951,0,0,1,0,1,1,0,0,1,0,0,0,0,0,2,0,1,1,0,2,-0.11107447435879894,-0.6475346677187996,0.09082182651209592
3952,1,0,0,0,1,0,1,2,1,1,0,1,0,1,0,1,1,2,0,1,1.5273934578203734,0.9037358896581504,1.3603728511474058
3953,1,1,0,1,0,1,0,1,0,0,1,1,0,0,1,0,2,0,1,0,0.5734432295814766,-0.49332851233529357,-0.7097426307858192
3954,0,2,0,1,0,2,0,2,2,1,0,0,0,1,0,2,1,0,1,1,-1.8905056071341708,-0.7991812436586254,-2.1167462961774923
3955,1,0,0,0,0,0,0,0,0,0,2,1,0,1,1,1,1,0,2,2,0.7070309759536646,0.8354615221677213,1.458824612237263
3956,1,2,2,0,1,1,0,2,1,0,1,0,0,0,0,1,2,0,0,1,0.8338985048751785,-0.5632535695586658,0.2467439804485069
3957,2,1,1,0,0,0,0,1,0,0,0,0,1,1,1,0,2,1,1,2,-0.333375258027064,1.182418759074342,1.2956139918433522
3958,2,1,1,0,0,1,0,2,1,0,0,0,0,1,0,1,0,2,1,2,-1.2463875243404823,-0.3371241841842994,-1.7325953302130759
3959,1,1,0,0,0,1,0,0,1,1,1,0,0,0,1,0,2,1,2,1,1.6798413866516815,-1.5059851884046358,0.8817654422275418
3960,1,0,2,0,0,2,0,1,0,0,1,0,0,1,0,1,2,1,1,1,-0.8847887637438718,0.15767202647376,-0.9978103103237508
3961,0,1,0,0,1,2,0,2,0,0,1,0,1,2,2,0,0,0,0,0,0.5650384738076198,-0.9146896603990027,1.3041068091356507
3962,1,0,0,0,1,0,0,2,2,0,1,0,0,0,1,1,0,1,1,2,-1.1633361249981538,0.8180046172914894,-1.2997039098557752
3963,1,1,0,2,0,0,0,0,0,0,0,0,0,1,1,1,1,1,1,2,0.24291786619703934,0.6861026413577096,1.1435663370161588
3964,0,2,1,1,0,1,0,0,1,0,1,0,1,1,1,1,1,1,0,1,1.2723318711887062,-0.021365847254034842,-0.6482676852051141
3965,1,1,1,0,0,1,0,2,2,0,0,1,0,2,0,1,1,1,1,0,0.06559600330096817,0.13912820504982465,0.9109222974327049
3966,0,1,0,2,1,2,0,0,0,1,0,0,0,0,0,0,1,1,0,1,-0.5064409595132191,-1.27436112736304,-0.8903059894991942
3967,1,2,1,2,0,1,0,0,0,0,0,1,0,0,1,0,1,0,1,1,0.1435286975203872,1.3504104902399414,3.0728981622371867
3968,2,2,0,1,1,1,0,0,1,0,0,2,0,1,1,0,1,1,0,1,1.2206878385880962,1.854492694474413,0.21868230443377468
3969,1,0,0,1,0,0,0,0,1,1,0,1,0,1,1,0,0,1,0,0,0.2957277324005796,1.6764098652137174,0.8909519056342174
3970,0,1,0,0,1,1,0,0,1,1,1,1,0,0,0,1,0,2,1,1,-1.9651338894717385,-1.718961205982741,0.8750088972976726
3971,1,2,2,0,0,1,0,0,0,1,0,0,0,0,2,1,1,1,2,0,-0.5750033774575417,-1.3770414733503822,-0.31970817962467757
3972,1,1,0,1,0,1,0,0,2,0,0,0,0,0,1,0,0,2,0,0,-0.35726089409678075,0.08703227477757614,-0.2414414896123411
3973,0,0,2,1,0,1,0,1,1,1,0,1,0,0,0,2,2,2,2,1,1.736968029729476,-0.2646564360808078,1.806121827077071
3974,0,0,1,1,0,0,0,0,1,0,2,0,0,1,1,2,1,1,1,0,-0.9203558818651317,-0.35754032494519267,0.8881891897671117
3975,0,0,0,0,1,2,0,1,2,1,2,0,0,2,1,0,0,0,0,1,0.8358566859380717,1.6569565310029926,0.33707046784216266
3976,1,0,0,0,1,1,0,1,1,1,1,0,0,2,0,1,1,0,1,2,1.0269931743536251,1.34476932158448,3.0350185100102083
3977,0,1,1,0,0,1,0,2,0,0,0,0,1,0,0,0,2,2,2,1,-0.44505912207811266,-0.28987675727197315,2.2498317710564586
3978,1,0,2,0,0,1,0,1,2,0,0,1,0,0,1,1,1,2,0,1,-0.6964107849720536,-1.212624539624296,0.5224741729890853
3979,0,0,2,1,1,1,0,2,1,0,0,1,0,0,1,0,2,1,0,2,0.5155212062956759,0.40614419486922715,0.4686216033183588
3980,0,1,0,0,0,0,1,1,0,1,0,0,1,0,0,0,2,1,0,2,0.28441538147933404,-0.007597086066176734,-1.238619823900776
3981,0,1,0,0,0,1,0,1,1,0,0,1,0,0,0,0,0,1,1,1,1.4673550088873593,-0.24864249797014376,0.40221133431910333
3982,0,1,0,0,0,1,0,0,2,0,1,1,1,0,1,1,1,1,2,1,-1.1782888753856373,-1.2225955844047096,-1.9461709542512367
3983,0,1,0,1,0,1,0,1,1,0,1,0,0,0,1,1,1,1,0,2,-3.010867921291254,0.07326284477379286,-1.8345645656982124
3984,0,1,1,0,0,1,0,2,1,1,0,1,0,1,1,0,1,1,1,0,0.3670744771705717,-0.4353211554546397,-1.3022098180187214
3985,0,1,0,1,0,1,0,0,0,2,1,0,0,0,1,0,1,0,1,0,0.41321298038746196,0.6085413511829662,2.244438193758789
3986,1,0,1,0,0,1,0,1,0,1,1,1,0,0,0,0,0,0,0,2,-0.9664588150214537,-0.5268635347390791,-1.3453659479711026
3987,0,1,2,0,0,2,0,1,1,0,0,0,0,0,0,0,1,0,1,1,-0.8040625259543597,-0.011198808540165,0.021169705369014302
3988,1,0,0,2,1,2,0,0,0,1,0,1,1,1,1,1,1,1,0,1,0.024489157511079992,-0.6680744479897627,0.031989886115614805
3989,0,1,0,0,0,0,0,0,0,1,0,0,0,1,0,0,0,1,1,2,2.67256224036654,-0.5079652126675223,1.4211375477638595
3990,1,1,0,1,0,1,0,1,1,0,0,0,0,2,1,0,0,1,0,1,-0.0921494274231745,0.20628732645534226,0.6551351031827738
3991,0,1,0,1,0,1,0,1,1,0,0,0,0,1,1,0,0,1,1,0,1.0387087674071143,2.01245937486325,1.217572323650053
3992,0,1,2,0,2,0,0,1,1,0,1,0,0,1,0,1,2,1,2,1,0.5292653691780362,1.9897433488561374,0.8211283525661476
3993,0,0,0,0,1,1,0,0,0,1,1,0,1,0,0,0,2,1,1,0,0.7361463156808721,-1.1773044178290637,2.7268663104541044
3994,0,1,1,0,0,1,0,1,1,1,0,0,0,0,1,1,0,1,1,2,-0.516612476045875,-1.7481392959814377,0.5437763340790396
3995,2,1,2,1,0,0,0,1,0,1,0,1,1,1,0,0,1,0,0,1,-1.4728226059490412,2.583373321242333,1.0125456259641545
3996,0,1,2,0,0,1,0,0,1,0,0,0,0,0,1,1,1,0,1,1,0.05200990021690055,0.5528770295895498,-1.1695170586419088
3997,0,1,2,0,0,0,0,1,1,0,0,0,0,0,1,1,2,0,1,1,0.02041972781141812,-0.3467133857260905,-0.21843121744214122
3998,1,1,1,0,0,1,1,1,2,1,1,0,1,0,1,1,1,1,1,0,-0.9259809131743029,-0.6346549362147896,0.07543820554048919
3999,0,2,0,0,0,0,0,0,0,2,0,0,0,0,1,2,0,1,0,0,-1.8269902787871288,-1.1849245938908284,-2.453764002284997
4000,0,1,1,0,0,0,0,0,1,1,1,0,0,0,1,1,1,2,1,1,1.6432325092065387,-1.425230837840174,-0.515242102248694
4001,1,0,1,0,0,0,0,0,2,0,0,1,0,1,1,0,0,1,1,0,1.0140298457291592,-0.23911710054819982,0.27528229958932393
4002,1,0,1,0,0,1,0,1,1,1,1,1,1,0,0,1,0,2,1,2,-0.4352839537053803,0.9092549038903682,0.15851281397149625
4003,0,1,0,0,0,1,0,1,0,0,0,0,1,0,1,1,1,1,1,1,-0.31189234609648026,1.0470316807712619,2.19073350588026
4004,2,2,1,0,0,0,0,0,2,1,1,0,1,0,1,1,2,1,1,2,1.9707684918724353,1.634519487234026,0.8730609090639901
4005,0,0,0,1,0,1,0,2,0,1,1,0,1,0,1,0,1,2,0,1,0.008817922124729862,0.9322200543048265,0.5776841660151975
4006,2,1,1,0,1,1,0,0,1,1,0,0,1,2,1,0,1,0,2,1,1.760067464541701,0.13063746752850955,0.5965506099056896
4007,0,1,1,0,0,1,0,1,1,1,0,1,0,0,1,1,2,2,1,0,-0.7850339082373855,1.2006285712555074,0.7801833653986037
4008,0,1,1,1,2,1,0,1,1,2,0,0,0,1,0,1,1,0,1,1,-2.15915200821567,-0.6135158903412306,-0.12515367040096126
4009,0,0,1,1,1,1,0,1,1,1,0,0,0,1,1,1,1,0,1,1,-0.5970264358617411,0.7963450835346451,-0.07537753304569209
4010,1,0,2,0,0,1,0,1,0,1,0,1,0,2,1,0,1,0,1,0,-0.8998770037043435,-1.071533296604155,-0.25909842588906656
4011,0,0,0,0,1,1,0,1,0,0,0,1,0,0,0,1,1,0,0,1,1.0729470700694246,1.5924040071952872,2.5492077816346255
4012,1,1,1,0,0,0,0,2,1,1,0,0,0,1,2,0,1,2,2,1,0.572968717344268,0.6121463953269597,-0.050332076639882484
4013,0,0,1,0,0,1,0,0,1,0,0,1,0,1,0,1,0,0,1,1,0.2680897618682294,-0.5519776066284255,-0.21182727091033524
4014,0,1,0,0,1,1,0,1,0,0,2,0,0,0,0,0,0,0,0,1,-2.3307149379099728,0.395991674413521,-0.030209415941078954
4015,0,1,1,0,1,1,0,0,1,1,0,0,0,1,0,1,0,1,2,2,-1.409609531610967,-0.7728810708477323,0.1352627036328794
4016,2,1,0,0,0,0,0,1,1,0,0,0,1,1,0,0,2,2,1,0,-0.56240577056273,0.4285831875320602,-1.8453361753388036
4017,0,1,1,0,0,1,0,1,0,0,0,0,0,1,0,0,2,1,0,1,-0.15644876302519276,1.6410370012576891,0.9403466492940483
4018,1,1,1,0,1,1,0,2,0,1,1,0,0,1,0,1,1,1,1,1,-0.6372590610150811,-0.6108235301270727,-0.42581449660839193
4019,0,1,1,0,1,2,0,0,0,0,0,0,0,0,1,0,2,2,0,1,-0.46117226382883303,-0.7666120269248147,1.0243400185098928
4020,1,1,1,1,1,1,0,0,1,0,1,0,0,0,0,2,0,0,0,0,0.47536277379770453,0.3988116251950651,1.6078614787259142
4021,1,0,1,0,1,1,0,1,1,0,0,0,2,1,0,0,2,1,1,1,1.797865711179582,0.37407715393990953,1.062734855449517
4022,0,0,1,0,0,1,0,0,0,0,1,0,0,1,0,0,1,0,0,0,1.7660771039097842,0.7103918631698399,0.25993170400436605
4023,1,1,1,1,0,0,0,0,2,0,0,0,2,1,1,1,1,1,0,0,-0.41408722786003366,-0.09078893761437626,-1.200659784908061
4024,0,0,1,0,1,0,0,2,0,0,0,0,0,1,0,2,0,1,1,2,-2.0466711072330668,1.1321981492099353,1.3518323390691278
4025,1,1,2,0,0,1,0,2,0,1,1,0,1,0,0,1,0,0,1,0,2.021246164305727,1.580701839605446,1.3833317756350074
4026,1,0,1,1,0,1,0,2,1,1,0,0,1,0,2,1,0,0,0,1,0.8388718210615044,0.03494887812734468,0.8523489015188268
4027,0,0,0,0,0,1,0,1,2,0,0,1,1,1,0,1,1,0,0,2,1.3782236218841886,-1.4389030119466626,-0.3427119532465594
4028,1,2,1,0,2,1,0,2,1,0,0,0,0,1,1,1,1,1,0,1,-0.5388835452180197,1.9416522139959844,0.40196099378323724
4029,0,0,1,0,0,0,0,1,1,0,1,0,0,0,0,0,2,0,1,2,-0.18353236662007044,0.5786297377744037,-0.8809807155625049
4030,0,0,1,0,0,0,0,1,1,1,0,1,0,0,0,0,1,1,0,0,0.9583556318286961,-0.45233856333117556,-0.23459874105922585
4031,1,2,1,0,0,0,0,0,1,0,1,0,0,0,0,2,1,0,1,1,-0.09073139278069695,0.11037562924220728,-0.5570749815957644
4032,0,0,2,0,0,2,0,1,2,1,0,0,0,1,0,1,1,1,2,0,1.4887468171790699,0.3119900682944437,2.5917636329984868
4033,1,1,1,1,1,0,0,0,2,1,1,0,1,1,0,0,2,0,1,0,0.4646484575367289,0.8141976121382928,-0.8075125092419948
4034,0,2,2,0,0,2,0,1,1,0,0,0,0,1,1,0,1,0,0,2,-0.7176524580208201,-0.7715346159159131,-0.19476917375398956
4035,0,1,1,0,1,1,0,1,0,0,0,0,0,0,1,1,2,1,0,0,-0.021032193756371807,-1.302939839776534,-0.9243226872908052
4036,1,1,1,1,0,0,0,1,0,1,0,1,0,0,1,0,0,0,1,1,-0.5013332102796385,1.191298626851646,2.105018878169797
4037,1,0,1,0,0,1,0,1,1,0,0,0,0,1,0,0,2,0,1,2,-0.5752153853773498,-0.062106522385899726,0.08056246507684961
4038,0,0,2,1,1,0,0,0,0,0,1,0,1,0,0,1,1,1,0,2,-0.014603703309577989,0.574829632565059,-0.4903084540922136
4039,1,1,0,0,0,1,0,1,0,1,0,0,0,0,1,0,1,1,0,1,0.3149794783774584,0.3542629792407057,-0.5370528612182442
4040,0,1,1,1,0,1,0,1,0,1,1,1,0,0,1,0,1,1,0,2,-0.500145130219295,0.03364860886505508,-0.11604941088136538
4041,1,1,1,0,1,1,0,1,2,1,0,1,0,0,1,0,2,1,2,0,0.6503358258954055,1.1033331575637197,-0.0386932333500668
4042,0,0,2,0,0,2,0,1,1,0,0,0,0,1,0,1,0,1,1,1,-0.3026409172683901,-0.6415163660953305,-1.2046155653292971
4043,0,1,1,1,0,0,0,1,0,0,2,1,0,1,1,0,0,1,1,1,-0.7728196527327275,-1.7789006438807111,0.08091612195763526
4044,0,1,0,0,0,0,0,1,1,1,0,0,1,0,0,0,1,0,0,1,-0.2669520683058986,0.62671339820913,-0.2228365629419656
4045,1,2,2,0,0,0,0,1,2,0,1,1,1,0,1,0,1,1,1,2,1.504438739329047,1.6181893867173567,2.8187225220523553
4046,0,0,1,1,0,2,0,0,1,1,1,0,1,0,0,1,2,1,1,0,-0.5883056738396696,0.44412941614082746,-0.5448941064193391
4047,1,1,0,1,0,1,0,0,1,0,1,0,0,0,0,0,1,0,0,1,0.41807244340376476,-1.4219866691809997,-0.8052641439421698
4048,1,2,0,0,0,0,0,0,0,0,0,0,1,1,1,1,2,0,0,1,0.3782961333865292,1.2427133003887767,0.38242773936403557
4049,0,0,1,2,0,1,0,1,2,0,0,2,0,1,1,0,1,0,0,1,-0.5141091545916676,-1.6246552293487895,1.6197974348008923
4050,0,0,1,0,1,2,0,1,1,1,0,1,1,0,0,1,0,0,1,1,-0.7951774492041018,-0.3764613537987911,-0.8679197763953586
4051,2,1,2,0,0,0,0,0,1,0,0,2,1,1,1,1,0,1,1,0,1.1572503205038556,0.7782011982103114,1.6879959085000453
4052,0,2,0,0,1,1,0,2,1,0,0,0,0,0,1,1,1,0,1,1,0.041481732080438316,0.4152956588646161,-0.7257440860264492
4053,1,1,1,1,0,0,0,2,1,0,2,0,0,1,0,1,1,1,0,2,0.752887421668032,1.2673510396543504,1.963662284926083
4054,0,1,1,1,1,0,0,1,1,0,0,2,1,1,2,1,2,0,0,2,-0.5416560283518426,0.1712726284079104,-0.25928421568792764
4055,1,2,0,0,0,1,0,1,0,0,0,1,1,0,0,0,1,0,0,1,-0.4008533949100216,0.27136368611278794,1.4842564838459285
4056,0,1,0,0,0,1,1,0,2,0,0,0,0,1,0,1,0,2,0,1,-0.5458421599594727,-1.4034854232739005,-1.8661796212932575
4057,1,0,0,1,0,2,0,1,1,0,1,2,1,0,0,1,1,1,1,2,-1.0560719735801238,-0.6555832488188106,-0.2571920375930831
4058,1,1,0,0,0,1,0,2,0,0,1,0,0,0,1,1,1,0,1,0,-0.14334837105433396,0.00833289555386622,-0.07783962309325353
4059,1,1,0,0,1,0,0,2,0,1,0,0,1,0,1,0,1,0,1,1,-0.05306058243471405,0.06985754229324008,0.07390177966107671
4060,0,1,1,0,0,0,0,0,0,1,0,0,0,1,1,0,1,1,1,0,1.0652910487668776,-0.2920308979698137,-1.0363829682326517
4061,2,2,1,1,1,2,0,1,0,0,0,1,0,1,0,1,1,1,0,1,-0.8355962794627998,-1.0110493603348272,-0.9321114379480548
4062,1,1,1,0,0,2,0,2,1,1,0,0,0,1,0,2,2,1,1,1,-0.3451896814484238,0.4768180447586773,0.7646696911449
4063,1,1,0,0,0,1,0,1,0,2,1,1,1,1,0,0,1,0,1,0,0.7049606014038495,0.06398561156625066,1.4155070419266425
4064,1,1,0,0,0,0,0,2,2,1,1,0,0,1,1,1,1,0,2,2,-0.48103416698764667,-0.4620939613976651,0.7164833675032325
4065,1,0,0,0,1,0,0,1,2,1,1,1,0,1,1,0,1,0,1,1,0.2607348555560415,1.156413182025326,-0.8030720306748371
4066,0,1,1,1,1,1,0,1,0,1,0,1,1,1,0,1,0,1,0,1,-1.3162204262678818,-0.191434032897611,-0.5418131625113779
4067,1,1,1,2,0,1,0,1,2,0,1,1,0,0,0,1,1,0,0,0,1.3021172661286817,0.6667119983728137,0.5819315001319361
4068,1,1,1,0,0,1,0,2,0,0,0,0,0,0,1,1,0,1,1,1,-0.15608469840756936,-0.17062965906051877,-1.1284559632492177
4069,0,1,0,0,2,0,0,0,1,0,2,0,0,0,0,0,1,1,0,1,-1.5771939475628658,-0.48160659368635905,-1.4879284278900116
4070,0,0,1,1,0,0,0,0,0,0,1,0,1,0,0,1,2,2,1,0,-0.7781701948577053,-1.5721895266106871,2.1644487835144597
4071,1,1,0,1,0,1,0,0,2,1,0,1,0,1,0,0,1,2,0,1,0.3398198157165478,1.1657975498931907,0.051844070182079594
4072,0,2,2,0,1,1,0,1,1,1,0,0,0,1,1,0,1,0,1,0,0.21162673586076047,1.5082009179819071,2.0924923941688878
4073,1,1,0,0,1,1,0,2,1,1,0,0,0,0,0,0,0,1,1,2,0.1901365860912363,-0.00983821492190226,-0.8742737662330056
4074,1,1,0,1,0,1,0,1,1,0,0,0,1,0,0,0,2,0,1,1,1.3667142818738955,-0.624506707826587,0.8980903065279485
4075,1,1,2,1,0,2,0,0,2,0,1,1,0,0,0,0,1,0,1,0,1.3610898713130624,-0.9308466508932299,2.2702598754107743
4076,0,2,0,0,1,1,0,1,0,0,0,0,0,1,0,1,0,1,1,1,0.14643610273366428,0.6782811972570342,0.5392042446915565
4077,1,1,1,1,0,1,0,1,1,0,0,1,0,0,0,0,2,2,0,2,1.7274585320011577,-0.20554749171615644,1.0239986785815618
4078,1,0,1,0,0,1,0,1,1,0,0,0,0,0,0,0,1,2,1,0,-0.6678379413271522,-0.6223100826091613,-0.7594038029663503
4079,0,1,1,0,0,1,0,1,2,0,0,0,1,0,0,1,0,1,0,0,-1.2045373407258908,-0.9873192524599054,0.47307794080832155
4080,0,0,1,0,1,0,0,0,2,0,0,0,0,0,1,0,1,1,0,1,1.1138873490927343,-1.0501326197042613,1.3401403865615629
4081,0,1,1,0,0,0,0,1,0,1,0,0,2,0,0,0,1,0,1,0,-2.352965188357834,-1.880052041864766,0.03826910134829342
4082,0,1,1,1,0,1,0,0,1,0,0,1,1,1,2,1,1,0,1,1,0.875395435189731,-0.4938987164514685,0.3186329359740406
4083,0,1,0,0,1,1,0,0,2,2,0,1,1,1,2,0,1,1,1,0,1.225131374116989,-0.7902018006931583,2.6959393266349148
4084,2,2,1,0,0,2,0,1,0,0,0,0,1,1,2,0,0,0,1,1,0.6568386919177985,-0.49425357668512326,2.59590940009972
4085,0,2,0,1,0,2,0,2,0,0,0,0,1,0,1,0,1,0,1,1,1.1875115171314161,-1.406204238104781,1.2577699517175307
4086,1,1,2,0,0,1,0,0,1,0,0,1,0,0,0,1,2,0,2,1,0.9634101324467792,0.391296295499588,1.7856364579655777
4087,0,2,2,0,1,0,0,0,1,0,1,0,0,1,1,0,1,1,2,1,-1.2075058246731356,0.005809086274988662,-2.128075776823862
4088,0,2,0,0,0,1,0,2,0,1,1,0,0,1,0,2,2,0,1,0,-0.8500822387571293,0.5527582200435373,-2.3008825655011367
4089,1,1,1,1,0,0,0,0,2,0,1,0,0,0,0,1,2,0,1,2,-0.4748816896925769,-0.16189380861426803,-0.2561639190698782
4090,1,0,1,0,1,1,0,1,2,0,1,0,0,0,0,0,1,1,1,1,-1.2364556609869717,-0.9713052314100856,0.278606979184563
4091,1,1,1,1,0,0,0,0,0,1,1,2,0,1,0,1,1,0,1,2,2.017420110240912,-1.1172988773730286,2.3307768278693715
4092,1,0,1,0,0,0,0,1,0,0,0,0,0,1,1,1,2,1,0,0,0.6239314358714927,1.0721736465071354,0.45703378360470137
4093,0,1,1,0,1,1,0,2,1,1,0,1,0,0,2,1,2,2,0,1,-0.4996675961920548,0.21809020012124933,-0.4790030659274398
4094,0,0,2,0,1,1,0,1,0,2,0,0,0,0,0,1,0,2,0,2,-0.9265092352049648,0.023090221511049752,0.7382159979132343
4095,1,0,1,0,0,1,0,1,0,2,0,0,0,0,1,1,1,2,1,2,-1.6709131375353778,0.2619069549135134,-2.3186058473439903
4096,0,1,2,1,0,0,0,0,1,1,0,0,0,0,1,0,2,1,0,0,-1.1962971201842072,-0.509818651031198,-0.515536465259034
4097,1,1,0,0,0,1,0,1,1,1,0,1,0,0,0,1,1,2,1,0,-0.1534899194655668,0.2500539790738182,-0.3222558485092877
4098,1,2,1,0,0,2,0,1,0,0,0,1,0,0,0,1,0,1,0,2,-0.2711153937698213,-0.2103563975475377,-0.46790960804593185
4099,1,1,1,0,0,2,0,1,1,1,0,0,0,0,2,1,0,2,1,2,-1.4742988048886658,0.565628237701652,0.04926119803682244
4100,0,1,1,0,2,1,0,2,0,1,1,0,0,0,0,1,0,1,1,1,-1.623569874887221,-0.8166981160131651,-0.7519418746339577
4101,1,1,1,1,0,0,1,1,2,0,0,1,0,0,1,0,0,1,0,0,-0.9815395370081105,-1.0439731040869866,-0.032661310388330644
4102,2,0,1,0,0,1,0,0,2,1,1,0,1,0,2,0,0,0,1,0,-0.2258413511692331,-0.9738675851804768,-0.13140987264551748
4103,0,2,1,0,0,1,0,2,1,0,0,0,0,0,2,1,1,1,1,2,-0.17324760397880926,1.9509417778643425,-0.1495251624313827
4104,0,1,1,1,0,1,0,0,0,0,0,1,0,0,0,0,1,1,0,2,0.6355784741554535,-0.16221994638078047,2.5846195637759624
4105,0,1,1,0,1,1,0,1,1,0,1,0,0,0,0,0,1,1,0,1,-0.5803311871797919,0.9089159982455615,1.0213879472363059
4106,1,0,1,0,0,0,0,0,1,1,0,1,1,0,0,0,0,1,1,1,-0.30080302338731674,0.5023735976789707,-0.5156034520556008
4107,1,1,1,1,0,0,0,1,0,0,0,1,1,0,0,0,2,1,1,2,0.5697787201501916,1.6244138768149199,1.6861976419876936
4108,2,0,1,0,0,1,1,0,1,0,1,0,0,0,2,0,2,2,0,1,-0.24965357306028754,-0.030903810924761965,-1.4632499993767158
4109,0,1,1,0,0,0,0,1,2,0,0,0,0,0,0,1,1,2,1,2,0.9268544562915801,-0.07938958222626423,-1.3062366378850305
4110,0,1,1,1,1,1,0,1,1,0,1,1,0,0,0,0,1,0,0,2,-0.044739694057499765,0.8925577904004705,-1.2445782482420842
4111,2,0,0,0,2,0,0,1,0,0,2,0,0,0,0,0,0,0,1,1,0.7522362541007488,-0.4785063366811668,1.1781109248603463
4112,1,1,0,0,0,0,0,0,1,1,1,0,0,1,1,1,1,1,1,1,1.460602424892687,0.5251093652985415,0.8279582352011637
4113,1,1,0,0,0,1,0,0,1,1,0,0,0,0,1,0,2,2,0,1,0.22074844692344095,0.5099299609522387,0.7994454644324068
4114,2,1,0,0,1,1,0,2,1,2,0,0,0,1,1,1,2,1,1,1,-0.24813256832577138,-1.096547647769134,0.49803449747528683
4115,0,1,1,1,0,1,0,1,1,0,0,0,0,0,0,1,1,1,1,1,-0.13964646190454666,-0.34459041563972626,-1.2528772455597093
4116,1,0,0,0,1,1,0,0,0,0,1,0,0,1,0,1,1,0,1,1,-2.148053084727838,-0.8923251452030565,-1.2521913284561577
4117,0,1,0,1,0,1,0,1,0,1,1,0,0,2,0,0,1,1,1,1,-0.6952754873856372,-0.498770353516181,0.5260785291381394
4118,2,0,2,1,0,2,0,1,1,2,0,0,0,0,0,1,1,0,0,0,-1.4050902657418431,-1.5348941325379672,-0.2479891254701836
4119,0,1,1,0,0,2,1,0,0,0,0,0,0,0,0,2,1,1,2,2,2.754038433384647,0.7459591178947972,1.139452888306334
4120,0,2,0,0,1,0,0,1,2,0,0,0,0,0,0,1,1,1,0,1,2.0259484875145946,-0.3001805463465035,0.358792871568956
4121,0,2,0,1,0,0,0,1,0,0,0,0,0,0,1,1,0,1,0,2,-0.5314933148744304,0.3086228914109741,0.2946934954216117
4122,1,0,0,0,0,0,1,1,1,1,1,1,0,1,1,1,2,1,0,1,-1.010667653059168,2.1324685712125984,0.1438406949966866
4123,1,1,2,0,0,2,0,1,0,0,0,0,0,0,1,1,1,0,0,1,-0.48506654568551905,-0.36683126612881317,-1.1740330091966948
4124,2,1,1,0,0,0,0,0,2,2,0,0,0,0,0,1,1,0,0,2,-0.42492047585426695,-0.7904595547071813,-0.3875291881215298
4125,1,0,1,1,1,0,0,0,1,0,2,0,0,0,1,1,2,1,1,1,-0.7702701446004927,-0.6257011148523971,-0.990241861777284
4126,1,1,0,0,0,1,0,2,0,1,1,0,0,0,1,0,2,1,0,0,0.6127010551042292,0.8325955187037434,0.7727339015192297
4127,1,1,0,0,0,0,0,2,2,0,1,0,0,1,1,0,1,2,0,2,-0.4272208081628171,0.2289071805753205,0.8691341130859203
4128,1,1,2,0,1,0,0,1,1,0,0,0,0,0,0,0,1,0,1,2,0.7425610818867961,-0.648862675904211,0.6399711079836716
4129,0,1,0,0,0,2,0,1,1,1,0,0,0,1,0,2,1,0,0,1,0.6808736461675066,1.0254164182163494,1.279613479558269
4130,1,0,0,0,1,1,0,2,1,1,0,0,1,0,0,0,1,0,0,0,1.0540083194107892,0.024220665150729015,0.5767941647983365
4131,1,0,1,0,1,1,1,1,1,1,0,0,1,0,1,1,1,1,1,2,0.6952181471560258,1.0149801282197004,-0.06189789391226641
4132,0,0,2,0,0,1,1,2,2,0,0,0,2,0,0,0,1,0,1,0,-0.1562736935484329,-1.07832271748908,0.36245741301850615
4133,0,1,1,1,2,1,1,1,2,1,0,1,1,1,1,0,0,1,1,0,-0.4274813109886174,1.2501637528670333,0.64934010662339
4134,1,2,0,1,0,0,0,1,0,1,0,1,1,0,0,1,0,1,0,2,-0.8250096665004972,1.3040854212711752,-0.7986484103358207
4135,1,1,0,0,1,0,1,0,1,1,0,0,0,0,0,1,1,1,2,1,1.2394021164755231,2.001007810310269,2.2918498630571227
4136,2,1,1,0,0,1,0,1,0,0,0,0,1,0,0,0,0,1,2,1,-1.4474239063471959,-0.16998514256737998,0.06963085751912301
4137,1,1,1,0,1,1,0,0,2,1,0,0,2,0,0,0,2,1,0,2,-0.204039006661963,-1.0584960333274733,0.43939530755155587
4138,0,2,1,1,0,1,0,0,1,1,2,1,0,0,1,1,1,1,0,1,-0.4096536334412024,-0.282185302817791,0.5915545379036815
4139,0,0,1,0,1,1,0,1,2,0,0,1,0,0,1,2,0,1,0,0,1.0603860043361464,0.6302722903474446,0.4155544229018291
4140,0,1,0,0,0,1,0,1,1,1,1,0,0,1,0,0,1,0,1,2,0.915578847208231,0.29124269063577884,1.1371018266568895
4141,1,1,1,0,1,1,0,0,1,0,0,1,0,0,0,0,1,1,1,1,-0.9965769020106715,-0.1699905805537198,-1.6325162993679496
4142,0,1,2,0,0,1,0,1,1,1,0,1,0,1,0,1,0,1,0,1,-1.3393138760196277,-1.4454932956216457,-0.917672498626828
4143,0,2,0,0,0,1,0,0,0,0,1,0,1,2,1,1,0,2,1,1,1.2567179654629637,-0.7922693967939417,-0.3429218927123709
4144,1,1,1,0,1,1,1,1,0,0,0,0,0,1,0,0,1,0,1,0,-0.06886516048045664,-2.301329507701803,-0.5060120806111497
4145,1,2,1,0,0,1,0,1,2,0,1,0,0,0,0,0,2,0,1,2,-0.7625725057530897,0.011645554158261073,-0.17571963703865154
4146,1,2,1,0,0,0,0,1,0,1,1,1,0,2,0,2,1,2,0,1,0.10922209012815452,0.3906843635681766,0.7927405858848718
4147,0,1,1,1,0,1,0,0,1,1,0,1,1,0,0,0,1,1,1,1,0.897647364505708,-0.07732617674079884,-0.882636166906043
4148,0,1,0,0,0,0,0,2,0,1,0,1,0,1,2,1,1,0,1,1,-1.6020332354867712,-0.37374021948886904,-0.0294185885800069
4149,0,1,0,0,0,2,0,1,0,1,0,0,0,0,0,1,0,0,0,0,-1.4016643970243252,-0.5905274825072421,-0.1747180470125661
4150,0,2,2,0,1,0,0,0,1,1,0,1,0,1,0,0,0,1,1,2,-2.497915650232425,-0.7839156578226139,-0.1775571773533744
4151,1,2,0,1,1,1,0,0,0,1,1,0,0,0,2,0,1,0,0,1,-0.9480208065869723,0.29433139236538897,0.8159110192274539
4152,1,2,1,0,1,1,0,1,1,0,0,1,0,1,0,0,1,0,0,1,0.7177645870481898,0.6279025826331279,0.5411607999615072
4153,0,0,1,0,0,1,0,1,1,1,1,0,0,0,1,0,0,2,1,1,0.9774255958935112,0.9775370680732609,1.7571567874337375
4154,0,1,1,1,1,0,0,2,1,2,1,0,1,0,1,2,1,2,0,2,0.2970428373875731,1.4290120859003335,1.255555428526558
4155,1,2,0,0,0,0,0,1,0,0,0,0,0,0,0,1,1,1,1,1,-0.7355095755625504,-1.0143375807389077,-1.6513675558687435
4156,1,1,0,0,1,0,0,1,0,0,0,1,0,1,1,0,1,0,0,0,0.10429513271136766,0.8363687000035848,0.19103453346742288
4157,2,1,0,0,1,1,0,1,1,1,1,0,0,0,2,0,1,1,0,2,0.946664509815219,-1.52843497192636,1.6873236719639182
4158,0,0,1,1,0,0,0,2,1,0,0,2,0,0,0,0,2,0,2,1,0.7394562476916914,1.1177924431204243,1.469246684974594
4159,1,0,0,0,0,1,0,2,1,0,0,0,0,1,0,2,0,1,0,0,0.6860265861151836,0.3215590710501693,-1.1292119130762144
4160,1,1,2,1,0,0,0,1,1,1,1,0,1,0,1,0,0,1,0,0,-0.8077981679670354,-0.8572292683952228,-0.35728740330794667
4161,0,1,2,1,0,0,0,1,1,0,2,0,0,0,1,1,2,1,0,1,-0.7938526877961105,-1.8656286008213092,-1.0476836700645165
4162,0,2,1,0,0,0,0,2,1,0,0,0,1,1,1,0,2,0,0,0,0.1980621662997079,-0.4788148390480572,-2.8754167443836725
4163,0,1,0,1,2,0,0,0,0,1,0,0,0,0,1,2,0,1,1,2,0.8504546810626952,-1.2513771266306302,0.12840626745031147
4164,1,1,1,0,0,1,0,2,0,0,0,0,0,1,2,0,0,1,0,1,1.6108591077104717,0.34001835092190213,0.15940467036903772
4165,1,2,0,0,0,0,0,0,1,1,0,0,0,0,0,1,1,1,0,0,-0.5137029642799522,-1.0960064465046857,-1.824580299110974
4166,0,0,2,0,0,1,0,2,1,0,0,0,1,1,1,0,2,1,1,0,-0.3728929895845467,0.6021025126439514,-1.4975003398115196
4167,1,2,2,0,0,0,0,1,1,1,2,0,0,0,0,1,1,1,2,1,1.6949168016185578,-0.08632209048312461,-0.29482745632481755
4168,1,1,0,0,0,0,0,0,0,0,0,0,0,2,1,1,1,2,1,2,1.3092415716882062,-0.7842517765323254,1.090988155811273
4169,0,0,1,2,1,1,0,1,1,1,0,0,0,0,0,0,1,1,1,0,-0.5571797504057294,1.2625566971831115,-0.1797341182028498
4170,0,1,1,0,0,1,0,1,1,0,0,1,0,1,1,1,1,0,1,1,0.19324980685339596,0.10956438178060435,0.48807919056351723
4171,1,2,1,0,2,1,0,0,1,0,0,0,0,0,0,2,2,2,1,1,-0.7953012225540882,-1.3728113500397756,-0.0972054059919476
4172,2,1,2,0,0,0,1,0,0,0,1,0,0,0,1,2,0,1,0,1,0.13373385407606594,-1.2170111698416044,0.6047850846652254
4173,1,1,1,1,0,1,1,1,1,1,1,1,1,1,1,1,0,0,0,0,-1.2658314211145507,0.8817666769999257,0.39121877542163813
4174,1,2,1,1,1,1,0,1,1,0,1,1,0,0,0,1,1,0,0,1,-1.171376904627152,0.5589967010611121,-1.3880911632890105
4175,1,2,0,1,0,1,0,1,2,0,0,0,1,1,0,1,2,1,0,0,-1.241931569344566,-0.6324571424347071,1.5765799795389746
4176,0,0,0,0,0,2,0,2,1,1,0,0,0,0,1,1,2,1,2,1,1.734425196455415,-0.7025175043891452,-0.5407813419351739
4177,0,1,1,1,0,0,1,2,2,1,0,1,1,0,1,0,2,0,2,2,0.1295163552802952,-0.272341119689051,-0.8365502279180961
4178,0,1,0,1,2,0,0,0,2,0,1,0,0,0,1,0,0,1,2,1,0.13520997881570393,-1.4070421002519216,-0.08565549562685393
4179,1,2,1,0,0,1,0,2,0,1,1,2,0,1,0,0,2,1,2,1,0.033556295754909746,0.750757951359104,1.1739497356153725
4180,1,1,1,1,0,0,0,1,2,0,0,1,0,1,1,0,1,1,1,2,-0.24798729705684067,0.4164132463308487,-0.09922363594011874
4181,0,1,1,0,0,1,0,1,2,1,0,1,0,0,0,1,0,1,0,1,-0.327871744256405,1.5240827614939003,-0.9461683843938564
4182,1,1,0,0,0,1,0,1,1,1,0,1,0,1,1,0,1,0,0,0,2.3780537389743373,2.3574985031855817,1.5967191322172067
4183,1,2,2,0,2,2,0,1,0,1,0,0,0,2,1,1,0,1,0,1,1.1584830237025472,0.19276087688340549,0.39030339075052023
4184,2,1,2,0,0,0,1,1,0,0,1,0,0,0,0,1,1,2,1,0,-0.8784632869028322,-0.8687779609171634,-1.629713151264442
4185,2,1,0,0,0,2,0,2,1,1,0,0,0,0,1,0,2,2,1,1,0.972637245300549,-0.11343947935010434,-0.6327546812190319
4186,2,2,0,0,1,1,1,1,1,2,1,0,1,0,0,0,1,1,0,2,0.8934362224410435,-1.7116348907880459,-0.26291701687865415
4187,0,2,2,0,0,0,0,1,2,0,1,0,0,1,1,0,1,0,1,0,0.05367085582595587,1.0241319399996651,2.1555443361089246
4188,0,0,2,0,1,1,0,0,1,0,0,0,0,0,1,0,0,1,1,2,-0.7078420334621657,-0.6649175593667888,-0.6842798334554936
4189,0,1,1,0,0,1,0,0,1,0,1,0,0,1,0,1,1,1,0,1,1.3948048633335477,0.759544007946042,1.442152509267125
4190,1,1,1,0,0,0,0,0,1,0,0,2,0,0,1,1,2,0,1,1,0.11814911472164932,0.5708843959222749,0.23768131099085937
4191,0,1,0,0,1,0,0,0,2,2,0,1,0,2,1,1,0,0,2,0,-0.19204410764098717,-0.8476868015437469,0.7029223218570142
4192,1,1,1,0,1,1,0,1,2,1,0,1,0,1,0,0,2,0,1,1,-0.7798692037393777,-0.26979517813213744,0.08223141758177782
4193,0,0,0,0,1,1,0,1,1,1,1,0,0,0,1,0,1,0,2,1,-0.2743278275086835,-1.7225035940214832,-0.9500493235218834
4194,0,0,1,0,0,2,0,1,1,0,0,0,0,1,1,0,0,2,0,1,0.7010432970138037,0.18173480545067594,1.122295465471401
4195,1,1,0,0,1,1,0,1,2,0,1,1,0,1,1,0,1,0,1,1,-1.4578876295750778,1.2960577599820748,-1.3344354101555724
4196,0,1,2,1,1,1,0,0,1,0,0,1,1,0,2,0,0,1,0,1,1.7935315016543845,-0.014406368597962294,0.16185161765290002
4197,2,1,2,2,0,2,0,2,1,0,1,0,0,0,2,0,0,0,1,0,1.4181871161557433,-0.007673354866365167,-0.05523914820825215
4198,0,0,1,0,0,2,0,0,0,0,1,0,0,0,1,1,0,1,1,0,0.284684209966512,0.7720420021766659,1.5087402999631474
4199,0,2,1,0,0,0,0,1,0,0,0,0,0,0,0,0,1,0,1,0,1.0661702550714172,-0.3627231499277348,-2.2443215272094346
4200,1,1,2,0,0,0,0,1,2,1,0,0,1,1,2,1,0,2,0,2,-0.8761270078170572,-1.7011078528870345,-0.7914640729265128
4201,0,2,1,1,0,1,1,2,0,1,0,0,0,0,1,1,2,1,0,1,-1.4224097259722173,0.3567887761999113,0.10370137101453109
4202,0,1,0,0,0,0,0,1,0,1,0,0,0,0,2,0,2,1,1,0,0.7551863442455282,-0.22853510432644136,0.13145582865274216
4203,1,0,1,0,0,1,0,0,2,0,1,0,0,1,0,1,1,1,0,2,0.02316391198943216,0.44156967967002375,0.4564352392443357
4204,1,1,1,1,0,1,0,1,0,0,1,0,1,1,1,0,1,1,0,2,0.8717638343844081,1.4170985034131895,0.2354027532785925
4205,1,1,1,0,0,1,1,0,1,1,0,0,1,0,1,2,2,1,0,1,-1.3946344356977267,-0.7278105511892493,-0.2340359566070318
4206,1,1,0,0,1,1,0,2,0,0,1,0,0,0,1,0,2,2,1,0,-0.9797711820000232,-0.9575357360932857,0.08008612284737004
4207,0,0,1,0,0,0,0,0,1,1,1,0,0,0,1,1,1,1,0,1,-0.9826680880663833,0.6427099856356357,1.1321167024125476
4208,0,0,1,1,0,2,0,1,1,1,0,0,0,0,0,0,1,1,0,0,0.3859970172171269,-0.9286121314861363,1.2598073681549007
4209,0,1,1,0,1,1,0,1,0,0,0,0,0,0,1,1,1,0,0,2,-1.5404944640190457,0.7301078847600663,0.9865941038321255
4210,1,2,1,0,0,2,1,0,2,0,0,0,1,0,0,0,1,2,1,2,0.4241783712314748,0.8226191519799196,1.4832570652835688
4211,0,2,2,0,0,1,1,1,0,1,1,0,1,0,0,1,1,0,1,2,-0.6185190767736322,0.3596096738042931,-0.3618476979118034
4212,1,1,1,1,0,0,0,1,0,0,0,0,0,0,1,1,1,0,0,1,0.8451507780792262,-0.2541476481179693,-0.0026219785161746834
4213,2,0,2,0,0,1,0,2,1,1,1,0,0,1,1,0,1,1,0,0,1.0344034861594096,0.7832246935591097,0.8131999455226813
4214,0,1,0,0,0,0,0,2,1,0,0,0,2,0,1,1,0,1,1,1,-0.46034203672158874,-0.5081396701177563,-1.4250204307700796
4215,1,1,1,0,0,0,1,0,0,0,0,0,1,1,1,1,0,1,0,0,0.5066760298712464,1.323731613086066,0.8818660987891883
4216,0,0,0,1,0,1,0,1,0,0,0,1,1,1,0,0,1,0,1,0,-0.2884665255618104,-0.8292113511748166,-1.6945631418353613
4217,0,1,1,0,0,1,0,2,2,0,0,1,2,0,1,1,1,2,0,1,-1.6010583221359553,-0.20221418132950156,-0.896582049021804
4218,1,1,1,0,1,0,0,1,1,1,0,1,0,0,0,2,1,1,0,0,-1.0171418618660302,-1.041279742993369,-0.45514135377661136
4219,0,1,2,0,0,1,0,0,2,1,1,0,0,0,0,0,1,0,2,1,0.5941562575355238,1.1248846491206645,-0.30189895775543474
4220,0,1,2,0,0,2,0,0,1,0,1,1,0,0,0,1,0,2,1,1,-0.5736772422782239,1.1991686548935399,1.7075842947389122
4221,1,2,0,0,0,1,0,2,0,0,0,0,0,1,1,0,1,1,0,1,2.5766210699515977,1.3189252400715374,2.7355544665158913
4222,1,1,2,1,0,1,1,2,1,1,0,1,0,2,0,0,0,2,0,1,-0.9583894470701628,1.3079696977891966,-0.5261390890487698
4223,0,0,1,0,0,1,0,0,0,0,2,0,0,1,1,1,1,0,1,0,0.17971560564980854,-2.1979960054370573,-0.9090542007389053
4224,0,0,1,1,0,2,0,1,1,0,0,0,1,2,1,0,1,1,0,1,-0.09229968864837433,0.08335368714900995,-0.06638062584529357
4225,1,2,2,1,0,1,0,1,0,1,0,0,1,0,0,2,1,0,1,2,0.4174081610192505,0.13639822880608413,0.10882912792498256
4226,0,1,2,1,0,1,0,0,1,1,1,1,1,0,1,1,1,2,1,2,0.5342067980363502,-1.0573830723213355,-2.22609501689325
4227,2,1,0,0,2,1,0,1,0,0,0,0,0,0,1,1,2,0,1,1,0.8597664211693695,1.3692205078436628,-1.0626199625862867
4228,0,1,2,0,0,0,0,2,0,1,1,1,0,1,0,1,2,1,0,0,0.39238515755383857,-0.020836597860822925,-0.5766458723306078
4229,0,0,1,1,1,1,0,1,0,0,0,0,0,2,1,1,1,0,1,1,0.16426037112957545,0.5412949015359649,0.34732514817438775
4230,1,2,0,0,0,2,0,0,0,0,0,1,1,1,2,1,1,1,1,0,0.35351518401650867,-2.0940260188715336,-0.5326623540683645
4231,2,1,0,0,0,1,0,1,2,0,1,0,0,0,0,1,0,2,1,1,-0.6622742127270471,0.7822555887667376,-0.6212071295884731
4232,1,1,0,0,0,1,0,2,1,0,0,0,0,2,0,0,1,2,0,0,1.2100361012359664,1.0411444768511458,1.2239214135336112
4233,1,2,1,0,1,0,0,0,0,1,0,0,0,0,1,0,2,0,1,0,1.613837111830178,0.5908506663287645,1.1633188588251744
4234,0,2,1,0,1,0,0,1,1,2,0,0,1,0,2,0,1,0,1,1,-1.1563117465993527,0.25941854041329804,-0.11305350429718031
4235,1,0,1,0,1,2,0,0,2,0,1,0,0,0,0,0,2,0,1,1,0.7888211885762254,-1.6164799114955881,0.945110093411856
4236,0,2,1,0,0,0,1,0,0,0,0,0,0,0,1,1,2,0,1,1,-1.3762014121282573,-0.15797447384033558,-1.212983249859546
4237,0,0,2,1,0,0,0,1,1,1,0,0,1,0,0,1,2,2,1,1,0.6247883408006389,0.3669850318190617,-1.3684403607628748
4238,2,1,2,0,0,0,0,1,0,0,0,0,1,2,1,0,1,1,0,1,1.7110625744266554,2.1330700446990547,2.3225937996004467
4239,0,0,1,1,1,0,0,0,0,1,1,1,0,0,0,1,1,0,1,1,-1.3037053100781455,-0.2384323221041999,-0.9183988793894078
4240,2,1,1,0,0,0,0,2,2,0,0,1,1,2,0,0,0,2,2,1,-0.2789031577624306,1.2456745078530942,-0.7528902276413773
4241,0,1,1,0,0,1,0,1,2,0,0,0,0,1,2,2,2,1,1,0,1.0107473476790112,-1.569690299840195,0.5160254186747496
4242,0,1,1,1,1,0,0,1,0,0,0,0,0,0,0,1,1,1,0,1,0.41621632328614905,0.4339890852981908,1.890509171743597
4243,0,1,1,0,0,1,0,0,0,0,0,0,0,0,0,1,1,1,1,1,-0.004519510406962281,-0.5955570616023933,-0.15155512300991075
4244,1,1,0,0,1,0,0,1,1,0,0,0,1,1,0,1,1,2,1,0,0.015389118692217024,1.245848039325729,1.7619648105087637
4245,1,0,2,1,0,1,0,2,1,0,0,0,0,0,0,1,1,1,0,2,-0.454677376249374,-0.4200094880176425,0.20138797998900299
4246,0,1,0,0,0,1,0,0,1,1,0,0,0,0,0,1,1,2,1,1,0.7781533108327582,0.6755333311423253,0.559172208126163
4247,1,2,0,0,0,2,0,1,0,2,0,0,0,0,0,2,0,2,0,1,-0.3975032093087736,-0.19990879767782455,1.5018851970282594
4248,1,1,1,1,0,1,0,0,0,1,0,0,1,1,0,1,0,1,1,0,2.044306165524128,0.5140545101212026,1.5537687804078126
4249,1,2,0,0,0,2,0,0,1,0,0,0,0,1,1,1,0,0,0,1,0.2085631633237879,-0.019624818920512196,-0.7387451456332452
4250,2,1,0,0,0,1,0,1,1,0,0,0,0,1,1,0,1,2,0,1,-0.08725504568099407,-1.6277000526038927,-0.9651604284171695
4251,1,1,0,0,0,1,0,1,0,0,0,0,0,1,0,1,1,2,2,1,0.87585208651971,1.6065141423115945,0.71149819735955
4252,1,0,1,0,0,1,0,2,1,1,1,0,0,1,0,0,2,0,1,0,0.07660924856956046,0.8362894882128168,0.49527524422109326
4253,0,1,1,1,0,0,0,0,1,1,0,0,1,0,0,0,1,0,1,1,1.376681964578215,0.356219239951976,1.3377647001462996
4254,2,2,1,1,0,1,0,0,1,0,0,0,0,1,0,1,2,1,1,1,-0.2632856304198852,-0.6145936834094068,-0.14428569548088208
4255,0,0,0,0,1,0,0,0,0,0,0,1,0,1,1,0,2,0,0,0,-1.2844874488632538,-1.2850139309218531,-1.7565081507775333
4256,1,2,1,1,0,1,0,0,1,1,0,0,0,1,0,0,2,0,1,2,-0.3410523714609635,0.3310945002028113,-1.1236296380069208
4257,2,2,0,0,1,1,0,1,1,1,0,0,0,0,1,0,1,1,2,0,-0.9759901042711048,1.7027576924564203,1.6453047771359586
4258,1,0,0,0,0,0,0,1,0,0,0,0,0,1,0,2,0,2,1,2,-0.14192468882253323,-0.5087161784429143,-1.8731536402722608
4259,2,1,1,0,0,1,0,1,1,0,0,0,1,1,1,0,0,0,0,1,1.1456093781254117,2.1993186073366413,2.438069310890699
4260,0,1,0,0,1,0,0,2,1,0,1,0,0,0,0,0,1,1,1,1,-0.1869522241384002,0.6734219207437336,-2.346113113532593
4261,0,1,1,0,0,0,0,0,1,2,0,1,1,0,1,0,1,2,0,2,0.13361482889574625,-1.5988172279713593,0.5204872883384373
4262,1,1,0,2,0,1,0,0,1,2,0,0,0,0,1,0,0,2,0,1,0.048870680690303675,-0.5996236341340715,-0.653930811390412
4263,0,2,1,0,0,0,0,2,0,0,0,0,1,1,0,0,0,0,1,2,0.6256727008648737,1.6442817469272417,2.9372537023191403
4264,1,0,1,0,1,1,0,0,0,0,0,0,0,0,1,1,0,1,2,0,-1.83131412197651,-0.7080361983146987,0.4299061330814782
4265,2,1,1,0,2,0,0,1,0,0,0,0,0,0,0,2,0,1,1,1,0.42887850095812874,0.24583177228888056,0.3636637454962406
4266,0,1,0,1,0,1,0,1,0,0,0,0,0,1,1,0,0,1,2,0,0.5757596235152695,0.31331096704239847,0.7520491064551702
4267,1,1,1,0,0,2,0,1,1,1,1,0,0,1,0,0,0,1,0,0,0.3160829451189278,0.03483278319255796,-2.0705189724044533
4268,0,1,0,0,1,1,0,1,0,1,0,1,0,1,1,0,1,1,0,1,-0.4219887375708027,-1.0255541780625124,1.6953273981038919
4269,1,1,1,1,0,1,1,0,0,1,0,0,0,1,1,1,0,2,0,2,0.06450310166869574,2.0270917377173423,3.307954549706073
4270,1,1,0,0,0,2,0,1,1,1,0,0,0,1,1,0,1,0,0,0,-0.33934107858916834,0.1502332780823667,-0.5400876732100337
4271,0,0,1,1,0,1,0,1,0,0,0,0,0,0,1,0,1,1,2,0,0.33310559294568465,0.8242679539101415,0.6022293695668949
4272,1,0,0,0,0,1,1,2,1,0,0,1,0,1,0,1,2,0,1,1,-0.10589299331906352,0.07314920714032791,3.222478190351209
4273,0,0,2,0,0,1,0,0,0,0,1,0,0,0,1,1,2,1,1,1,1.8568693785510018,-2.016883816477914,1.303782163859526
4274,1,2,0,0,0,0,0,1,0,0,0,0,0,1,1,1,2,1,0,2,0.086441498652726,-0.5252789853770414,0.7628533145837555
4275,0,1,2,0,1,1,0,2,1,0,0,0,0,0,0,0,0,1,2,1,-0.5055677243515432,-0.14474852568582758,-1.5407863848477474
4276,1,0,2,0,0,1,0,1,0,1,0,0,0,0,0,0,2,0,0,1,0.583081920799887,0.451828325443885,0.7957640641380181
4277,1,1,2,1,0,0,0,0,0,0,0,1,1,0,0,0,1,1,0,1,-0.26465765713137945,-1.738073464512715,-2.0873196270061354
4278,0,1,1,0,1,1,0,1,0,0,1,1,0,1,1,2,2,1,1,0,0.2847344591896027,-1.8522252907102408,1.9453923722989512
4279,1,1,0,0,1,1,0,0,1,2,0,1,1,1,0,0,2,0,1,1,-0.9547880082583875,-0.9401258539921034,-0.7028966503216025
4280,0,0,1,1,0,0,0,2,1,0,0,0,1,1,0,1,2,2,0,1,0.555564589911372,0.2482581682871693,0.13470867833680178
4281,1,1,2,0,0,0,0,1,1,0,0,1,1,1,1,2,1,1,2,2,0.35352389099356757,-0.2929560192688365,-0.1979373601322161
4282,0,2,0,0,0,0,0,0,2,1,0,1,0,0,1,0,1,1,0,1,0.8705385902565611,1.3657912927229785,1.6043412219937978
4283,1,1,1,1,0,2,0,1,1,1,0,0,0,0,1,1,2,1,2,1,-0.40544752772160786,-1.986526798285297,-0.9885850008929592
4284,0,2,1,0,0,1,0,0,2,0,0,0,0,0,0,0,1,1,0,0,-1.316522275539146,-1.2765304641771322,-1.8127320336124966
4285,0,1,1,1,0,0,0,2,0,0,1,0,0,0,0,0,1,0,2,1,1.1309331675112073,1.958906569968255,2.6530298345960857
4286,1,1,2,1,1,0,1,1,1,1,0,0,0,0,0,0,2,1,1,1,-0.02756960862402331,-0.753713994198245,-1.7644769690682305
4287,1,1,0,0,0,0,0,1,0,1,1,1,1,0,0,0,1,0,1,0,-0.8658593692343124,0.5734406596505994,1.1849687395489896
4288,1,0,0,0,1,1,0,1,2,2,1,0,0,0,0,0,1,1,0,0,-0.004959729081868429,-0.9635479587129976,1.0652659136568376
4289,1,0,0,0,0,1,1,1,0,2,0,0,0,1,1,2,2,0,1,1,1.4087515607135692,1.3384806001712173,0.17030367116645828
4290,2,2,0,0,1,1,0,1,1,0,0,1,0,0,0,1,0,2,1,0,0.8689473727339998,-0.8436315264514845,1.2471168342656456
4291,2,1,1,0,0,1,0,1,1,1,1,0,0,0,0,1,1,1,2,0,-0.23222598263432823,-1.1582292350706407,-0.8241566225029602
4292,0,1,1,1,0,2,0,2,0,1,1,0,0,1,0,0,1,1,0,1,-0.5307649600681635,0.64573236497491,1.3897795151336954
4293,0,0,1,0,0,1,0,0,0,0,0,0,0,1,2,0,1,1,1,1,0.6513385592266128,0.9269861739654695,-1.9522740346175984
4294,2,2,1,1,0,0,0,2,2,0,0,0,1,0,0,0,1,1,0,1,1.4026251850893043,1.6277047530804314,2.3440353066741375
4295,0,2,1,0,1,0,0,0,0,1,0,0,0,0,0,1,2,0,0,0,-0.44761064218500257,-0.0960384708045256,0.49717123840015753
4296,1,0,1,0,1,0,0,1,2,1,1,1,0,1,0,2,1,1,0,1,-0.7723060538394813,-0.4940495746060256,-1.5328107742043922
4297,2,1,1,1,0,2,0,1,2,1,0,0,0,1,0,1,0,1,1,1,1.1624750455473982,1.5571616324578672,1.369401739251112
4298,1,0,2,0,1,0,0,2,1,1,0,0,0,0,0,2,1,1,1,1,0.8755250714862666,1.061689883290489,0.15167925754213818
4299,0,1,0,1,0,1,0,0,2,0,1,1,0,0,1,0,1,2,0,0,0.671031704339614,0.008878132108353781,1.1726833855411642
4300,1,1,0,2,0,0,0,0,2,1,1,2,1,0,0,0,0,0,1,2,0.049446478844776307,0.6778980562026191,-0.5871506143035853
4301,0,1,0,0,0,0,0,1,1,0,0,0,0,0,0,0,1,1,2,1,-0.61886751754147,-1.370133878156182,0.5575026254861962
4302,1,1,0,0,1,0,0,2,1,0,0,2,0,1,2,2,2,1,0,0,-0.663849029729851,-0.20343014614949467,2.377569924974761
4303,0,1,1,0,0,1,0,2,1,2,1,0,0,0,1,1,1,1,0,2,1.7283740875223748,0.1577501651108123,1.4118734268466768
4304,1,0,1,1,1,1,0,0,2,1,0,0,0,0,0,0,1,2,1,1,-1.9911548630094322,-1.8644526932829308,-1.9988085167584342
4305,1,1,1,1,1,0,0,0,2,1,0,0,0,0,0,1,2,0,1,2,0.7328690739934539,-0.5470154263820604,0.5223651308331597
4306,0,0,1,1,0,1,0,1,0,0,0,0,0,0,0,0,1,0,1,0,-0.8746675549638024,1.2041485655932915,0.050618887681132096
4307,0,1,1,1,0,2,0,1,1,1,1,0,0,1,2,0,2,2,0,0,1.0685235466505028,0.7333727282232907,0.8813882436226419
4308,0,0,1,0,0,0,0,1,2,0,0,1,0,1,0,0,1,2,1,0,-1.2513017312974422,-0.8003363784915014,-0.6807819322434765
4309,1,0,0,0,0,0,0,1,1,1,0,1,0,1,0,1,1,1,2,0,1.1158445803512838,0.03396840811561519,-0.7891150756935825
4310,0,0,0,1,0,1,0,1,0,0,0,1,0,0,0,0,0,0,1,1,-0.17446652700292334,-1.509420817933812,-1.346061893755715
4311,1,2,1,0,0,2,1,1,0,1,0,0,1,0,1,1,1,0,1,1,1.3793598015956312,0.1224104534822355,2.396756570961771
4312,0,1,2,0,2,1,0,2,2,1,0,1,0,1,1,0,1,1,1,1,-0.7642175899767994,-0.5420097731303298,0.9175980730476772
4313,1,1,0,0,0,1,0,0,1,0,1,1,0,0,1,2,1,0,0,1,1.740583384677967,0.8313181569357556,1.6384121428642495
4314,2,2,1,0,0,0,0,1,0,0,0,0,0,2,0,1,2,1,1,1,-0.5614299449230018,0.48858836233763725,-0.7654030772952953
4315,1,1,1,0,1,1,1,1,2,0,0,1,0,1,0,0,1,1,0,1,-0.19851445804002493,-0.29608050414987486,-0.47047515139716317
4316,2,0,1,1,0,1,0,1,1,0,1,0,0,0,1,0,1,0,1,1,1.0737836582721014,1.5499027319073047,1.1339063182165572
4317,1,0,0,0,1,1,0,0,1,2,1,0,0,0,1,1,0,1,1,0,-1.5692331408477174,-0.6262531795501405,-1.8963040018836383
4318,1,1,1,1,1,1,0,1,1,0,0,0,0,0,1,0,1,0,1,1,2.3807466634180714,1.859412698179097,3.174543515295417
4319,1,0,1,0,0,2,0,1,1,1,1,1,0,0,1,0,0,2,1,1,-0.9299299219766451,-1.2364032978882256,-1.6806786847953008
4320,0,1,1,0,1,1,0,0,1,0,0,1,0,0,0,0,1,2,1,0,0.30043121320549,0.08265729287861295,0.49936698908124894
4321,1,0,2,0,1,2,0,1,0,0,1,0,0,0,0,0,0,1,2,0,-0.40950534418249096,0.09956575972491957,-0.7695985717187548
4322,1,2,1,1,0,2,0,1,0,0,0,0,0,2,2,0,0,1,0,1,-0.6711322366555411,-0.2111739330565609,0.03018155987435711
4323,0,2,0,0,0,1,0,0,0,1,0,1,0,1,1,0,1,1,0,0,-0.7385161195401759,-2.0492122555667702,-0.8722324270741648
4324,1,1,1,0,1,1,0,1,0,0,1,1,0,0,1,0,0,1,1,0,0.8870198772993261,-0.5427311813698916,0.3861867451383317
4325,1,2,0,1,0,0,1,1,1,0,1,0,0,0,1,0,1,2,1,0,-0.5215290327958781,0.49467494873994167,0.48147296068076073
4326,0,0,2,1,0,0,0,0,0,0,1,0,1,0,0,0,2,0,1,0,0.09337039875727532,-1.9277132095615654,-1.0141675650315023
4327,2,1,0,0,0,0,0,2,0,0,0,1,1,0,0,2,1,1,0,0,0.5112168294040138,-0.17349233389386237,-0.4269239580112074
4328,2,0,1,0,0,2,0,1,1,0,1,1,0,0,1,0,2,2,1,1,-0.44872604596825316,-0.8061347595970969,-1.5718911670823974
4329,1,0,0,1,0,2,0,1,1,1,1,0,0,1,1,0,0,1,2,1,-0.9645571618688737,-1.616536720817348,-1.9535968978129787
4330,0,2,2,0,0,1,0,1,1,0,0,0,1,0,0,1,0,1,0,0,0.600594404422108,-0.8613507701681493,0.8729437475163575
4331,2,1,1,1,0,2,0,1,0,1,0,1,0,0,0,0,1,0,0,1,-0.6928418590372128,-0.26091584493620745,-1.3676940864703013
4332,0,2,0,0,0,2,0,0,2,1,1,1,1,0,2,0,1,2,2,1,0.43963076822085373,-1.0725262425503286,-0.2830654378756253
4333,1,1,1,0,1,1,1,2,1,1,1,1,0,0,1,1,1,1,0,1,-1.1740408905745008,-0.04142596654297615,-0.5851412682606758
4334,1,0,0,1,2,1,0,1,1,0,1,1,0,1,1,0,1,1,1,1,0.8025981929591713,-0.4437530021076338,1.9486711422419423
4335,1,1,1,0,0,1,0,0,2,1,0,1,0,0,0,0,0,1,0,0,0.7480923741659035,-0.7785978433862685,1.5484806821586528
4336,1,1,1,0,2,2,0,1,2,1,1,0,1,0,0,2,0,1,1,1,0.26166411811991813,0.04955582263641044,1.04175866817311
4337,0,1,1,1,0,0,0,0,1,1,1,0,1,0,0,0,2,1,0,1,0.6430492536854635,-2.631381157081914,1.6993830697606118
4338,1,1,0,0,1,1,0,1,0,0,1,0,1,0,0,0,0,0,1,1,-0.3932459114709098,-1.1103280331480525,0.9917220533491824
4339,0,0,0,0,1,2,0,0,1,0,1,0,0,0,0,1,2,0,0,1,-0.967389515198569,-1.5021209256671828,-1.884486264473801
4340,1,0,0,0,0,0,0,1,1,1,0,1,0,1,1,0,1,1,1,1,0.9722936880073207,-0.4502360446145629,-0.9087933374138958
4341,1,0,0,0,0,0,0,1,0,0,0,1,1,0,1,1,1,1,1,1,0.3749950296439726,0.9308693442158182,1.6432162866054736
4342,0,1,1,0,0,0,0,1,0,0,2,1,1,1,1,0,1,1,1,1,0.7989510304727209,-0.1573080519840101,-1.9837439916022943
4343,0,1,0,1,1,0,0,0,1,1,1,1,0,0,1,2,0,1,1,1,-0.006631048164099891,-0.15988055449857894,-0.20992486357983625
4344,0,2,0,0,0,1,0,1,1,0,0,0,0,0,0,1,2,0,0,2,-0.16484210947064554,-3.105705755531025,1.6695673309101746
4345,1,1,2,0,0,2,0,1,0,1,0,1,0,0,1,0,1,1,1,2,-1.2424119666365125,0.5524061147806459,-0.1696151092263023
4346,1,1,0,0,0,2,0,2,1,1,0,0,1,1,0,1,1,0,0,1,-0.21951888085782176,-0.17906211472682793,-1.2456755693982844
4347,0,1,0,0,0,1,0,2,2,1,1,0,1,1,0,1,1,1,1,2,0.577915176599146,0.6707586049882144,1.910405631497062
4348,1,0,0,0,1,1,0,0,1,1,1,0,0,1,1,0,1,0,1,2,-0.28811320070386554,0.8622216541152118,1.4929624834953057
4349,0,1,1,1,1,0,0,0,1,0,0,0,0,1,2,0,1,1,0,1,0.8719415144642696,0.2476851916060542,0.5056362009209675
4350,2,1,0,0,1,1,0,0,1,2,0,1,0,0,0,1,0,1,0,2,0.6178112745922881,-0.35078620936615756,-0.20193099080974428
4351,0,1,0,1,0,1,0,0,2,0,0,1,0,0,0,0,0,1,0,1,-0.49606972008445255,-1.8725417968077132,0.21918684048380807
4352,0,2,2,1,0,2,0,0,0,0,1,1,0,1,1,0,1,0,1,1,2.353425760635017,2.5155006130158757,3.1425133866986337
4353,1,1,0,0,1,1,0,1,0,1,0,1,1,0,0,0,1,2,0,2,0.35375526168764654,0.09012854906479964,-0.02531924049124834
4354,1,2,0,0,1,0,0,0,1,0,0,0,0,2,0,2,1,1,0,1,1.1259646243053567,-1.0544360075993213,0.29030721919135577
4355,2,1,1,0,0,1,0,2,1,1,1,0,0,1,0,0,2,1,1,2,-0.0834026338482405,1.0193358819456682,1.953924781744584
4356,0,1,2,0,1,1,0,0,1,0,0,0,0,0,0,0,2,0,0,0,-0.8566698432608517,-1.2323036999053434,0.22064870862499708
4357,0,1,1,1,0,0,1,1,1,0,0,0,0,0,1,1,1,1,0,1,0.3305518101872336,-1.0126191261966568,-0.06911329260760672
4358,0,0,2,1,1,1,1,1,1,0,0,0,0,0,1,1,0,1,0,1,-0.6734307619340361,-0.011411083697193361,-0.43489620618445446
4359,1,1,2,0,0,0,0,1,0,0,1,1,1,0,0,0,1,1,0,1,0.31515004124036233,-0.6452216159204026,-0.857077997221056
4360,2,0,1,0,0,1,0,1,2,0,1,0,0,1,1,2,0,1,2,1,1.0436778252290424,-1.628632516931577,1.448685116125907
4361,0,0,2,1,0,0,0,2,1,1,0,1,0,1,0,1,1,0,1,1,0.36955310678086634,0.7074895265072743,1.1938054072069515
4362,1,2,1,1,0,2,0,2,1,2,0,0,1,0,0,1,1,0,0,1,0.7283089903529277,0.5206827640829292,0.8143007046461637
4363,0,2,2,0,0,1,0,0,0,0,1,1,0,1,0,1,2,1,1,0,0.44839020443759353,0.5746923202401827,0.5614491827357313
4364,1,2,1,0,0,1,0,1,0,0,0,1,0,0,0,1,2,1,1,1,0.0819330495766849,0.2704544411133752,0.03861588757544032
4365,0,0,2,0,0,2,0,0,1,1,0,0,0,0,0,1,1,0,2,2,1.0176390452567912,-0.8051219632495871,-0.48950912073077923
4366,0,1,1,1,0,1,0,1,1,0,0,0,0,1,0,0,1,0,0,1,-0.6015674969548735,-0.5686280649640327,-0.8091737245243411
4367,1,1,1,0,0,0,0,2,1,0,1,1,0,0,0,1,2,1,2,0,2.4815011263178577,1.0873943895807963,2.1493427804765632
4368,0,1,1,0,1,1,0,0,1,0,1,1,0,0,0,0,2,1,1,1,-1.4454227368505694,-0.5068767402519797,-0.8410826741606479
4369,0,0,0,0,0,2,0,2,0,0,1,0,0,0,0,1,0,2,0,2,2.952094097380933,1.0477054468076474,2.1547394196852494
4370,0,1,1,0,0,2,0,1,2,1,1,0,0,1,0,1,0,2,0,1,1.1381546403086853,-0.7591399677965958,-0.5746108242206059
4371,0,1,1,0,0,2,1,1,1,1,0,0,0,0,0,0,1,2,0,1,0.657038690072711,-0.8077176253975495,0.40083886756574694
4372,0,2,2,0,0,0,0,2,1,1,0,0,1,0,1,1,0,0,1,1,1.210048862088493,0.6739682385253746,-0.5963192774760707
4373,2,1,1,0,0,0,0,2,0,0,0,1,0,0,1,0,1,0,0,2,1.1962352563573382,-0.2674593194225495,0.7129304429927537
4374,0,1,1,0,0,1,0,0,1,1,0,1,0,1,0,0,1,1,1,1,0.011518734367617927,0.7364543854878427,0.4830795699957661
4375,2,2,1,0,0,1,0,1,0,1,0,0,0,1,1,1,1,1,0,0,0.21189300768871533,1.9743419349069409,1.0565173062690152
4376,1,1,0,0,0,0,0,1,1,0,2,1,0,1,1,0,1,0,1,0,0.481449436922766,0.7676965675130556,0.7362957090032615
4377,1,1,1,0,1,0,1,1,1,1,0,1,1,0,1,1,0,2,1,0,0.40378680888605767,0.01988483529153237,1.6660768895081388
4378,0,1,0,0,2,0,0,1,1,0,0,0,0,1,1,1,1,1,0,1,-2.122698604220539,0.661832489493766,-0.024555786290698323
4379,1,1,0,1,1,0,0,2,1,0,1,1,2,0,1,0,1,1,1,0,2.3454743501620676,1.9593960103356234,3.0665352012877163
4380,1,1,1,0,0,1,0,0,1,1,0,1,0,0,0,1,1,1,1,1,0.09617927938604576,0.31381418752476176,0.21357524408480238
4381,1,2,0,0,1,1,0,0,0,0,0,1,0,1,2,0,1,1,2,1,-0.10799429888933178,1.3388698185515877,0.8845336575584668
4382,1,0,1,0,0,1,0,1,0,0,1,0,0,1,1,1,0,1,0,2,1.9581243487052706,1.0748280339983636,1.179691624812137
4383,0,1,0,1,0,1,0,1,0,0,0,1,0,0,0,2,2,1,0,1,1.2207016826659267,-0.2737491656896481,-0.05585745192048369
4384,1,1,1,0,1,0,0,0,0,1,0,1,0,0,2,0,0,1,0,2,-0.8971971500883988,0.9969687818709978,-1.9454651397220812
4385,0,1,1,0,0,1,0,1,0,0,0,0,0,1,1,0,1,1,0,1,-1.7060415068908592,0.27998642977087035,-0.32550892004641824
4386,1,1,1,0,0,2,0,1,1,1,1,0,0,0,1,1,2,1,1,1,-0.3676119318620668,-1.8775098402983148,-2.4233289440587473
4387,1,1,0,1,1,2,0,0,1,0,1,0,0,0,0,1,0,1,0,1,-2.6882512712722235,-1.5688326488914002,-1.8071881620828945
4388,1,1,0,0,0,1,0,2,0,0,1,1,0,2,0,0,1,0,1,1,0.22240810821234647,-1.1629047251243303,-1.7858818367225486
4389,1,0,0,1,1,0,1,1,1,1,1,0,0,0,2,0,1,1,1,2,-1.284870911970677,-1.5692462383354964,-1.1194783454566648
4390,0,0,1,1,0,0,0,1,0,0,0,1,1,0,1,1,2,0,1,1,1.0610848598124822,1.2148158592731382,3.371366722284364
4391,0,1,1,0,0,1,1,1,0,1,1,1,1,1,2,0,1,1,0,2,-0.3006621888756671,-1.256823044653713,-2.6700314826173206
4392,1,1,2,0,0,2,0,0,1,1,1,1,0,1,0,0,0,1,0,1,1.0874822140694251,0.14942141796375183,0.8413930216545626
4393,0,1,0,0,0,2,0,1,0,1,0,1,2,0,0,0,1,1,2,0,-0.5805526814476666,-0.8979134164478367,1.3815321009438137
4394,1,1,2,1,1,2,0,1,1,2,0,0,0,0,1,0,1,0,1,1,-1.5514852026869725,0.5413341316022727,-0.6576213162211603
4395,1,1,1,0,0,0,1,1,0,1,0,0,1,0,1,0,0,1,1,1,0.6766266295299499,1.4726304908693886,1.514667836485788
4396,2,1,0,0,1,2,0,2,0,1,2,0,1,0,1,0,1,0,0,2,0.6058573525725771,0.7326332418991326,0.5335735271342177
4397,1,1,1,1,1,1,0,1,0,1,1,1,1,0,0,1,2,2,0,1,0.6425306361854675,1.1555686304739048,1.312606083268065
4398,1,0,1,1,0,0,0,0,1,0,0,0,0,1,0,0,0,1,1,1,-1.34546172833669,0.10641615871804322,0.26410054038236197
4399,0,1,1,0,0,1,0,1,1,1,0,0,1,0,1,1,1,0,0,2,-0.4541102832822361,0.8078895242181373,-0.5553011061795912
4400,1,2,1,1,0,1,0,1,1,0,2,1,0,1,1,0,0,1,2,1,1.521712061071964,-0.20009401117618064,0.22770611283361358
4401,1,0,0,1,0,0,0,1,1,1,0,1,0,1,0,0,1,1,0,0,0.24035514793572849,0.5583989647847347,-1.0757940025916515
4402,1,0,1,0,1,1,0,2,1,0,1,0,0,0,2,0,1,0,1,0,-1.1010759101096916,-0.23241537518632047,0.5939671850513628
4403,1,0,2,0,0,0,0,2,0,1,0,1,1,0,0,0,1,1,0,1,0.034793170545939445,0.3449618995861315,0.1206652167037796
4404,1,1,1,0,0,2,0,1,0,0,0,1,1,0,0,1,1,0,0,0,0.6810407781698187,1.1656501927360179,1.0022137048429152
4405,1,1,0,1,1,1,0,0,0,1,1,0,0,1,0,1,0,1,1,1,0.5724336393491963,-0.8730729573443995,1.1092206126947572
4406,1,2,1,1,0,2,0,2,2,2,0,1,1,0,1,0,0,1,1,1,-1.9573696036286299,0.9504116514834957,0.6732401281138191
4407,1,0,1,1,0,1,0,2,0,1,0,1,0,2,1,0,1,1,0,2,2.5463376903987944,0.9530807815704784,0.9270586276601176
4408,0,0,2,1,0,1,0,0,2,0,0,0,0,0,1,0,1,1,1,0,-1.2821310860404724,-1.180180335324867,-2.60711455202153
4409,0,0,2,0,0,1,0,0,1,0,0,0,1,0,1,1,1,0,1,0,-0.32407832674708476,-1.6669636797728327,2.4668550350738747
4410,0,0,0,0,0,2,0,1,1,1,1,1,1,0,1,1,2,1,1,2,-1.236464954035744,-0.3503953268893948,-0.5138366013617773
4411,0,1,1,0,0,0,0,0,0,0,1,0,0,0,1,0,1,0,0,1,1.1222344633422197,-0.7808713851700787,2.6159362080594333
4412,2,2,1,0,1,2,0,0,0,1,0,0,0,0,0,0,1,0,0,2,-0.8774614493561286,-0.5700506189413823,0.22068508732867792
4413,2,1,1,0,1,1,0,1,0,1,0,0,0,0,2,0,1,1,0,1,-0.927134861747224,0.40639383070952834,-1.205641839004474
4414,1,2,0,0,1,0,0,1,0,1,0,0,1,0,1,1,0,1,0,1,0.41300910812456104,-0.4474128716138758,-0.16907837182322044
4415,1,0,0,1,1,0,0,0,0,1,1,0,0,1,0,0,0,0,0,0,-1.1832438800527962,-0.3434688046316969,-0.809623912501932
4416,1,2,0,0,1,0,0,1,0,1,1,0,0,1,1,2,2,1,1,0,-0.4088046614534105,-0.6738065485339277,-0.2594208237078089
4417,0,1,1,0,1,1,0,0,0,2,1,0,0,0,0,1,1,1,2,0,1.0526487066717372,-1.1885910841066276,0.9421944217774001
4418,1,0,0,0,0,0,0,1,2,0,1,0,1,1,0,0,1,2,1,1,-0.6348853659113923,-0.6921078232237725,0.18688413062576736
4419,2,0,1,0,0,1,0,1,1,1,0,1,0,0,1,1,1,0,1,1,-1.271767534960909,0.3839591967266392,-1.076343543375069
4420,0,2,1,1,0,1,0,1,1,0,0,0,0,0,0,1,1,1,1,1,1.379786028766794,-0.0007116744674208753,1.0653223333775435
4421,0,1,1,1,1,2,0,1,2,0,0,1,0,0,0,1,2,2,2,2,-0.06295257710533572,-0.8291167946112479,1.0932694953482878
4422,2,0,1,0,0,0,0,0,1,0,0,0,1,1,0,1,0,1,1,1,1.146711132010204,-1.0131435608775683,-0.6150663275092031
4423,0,2,0,0,0,0,1,1,0,0,1,0,1,0,1,1,1,0,1,1,-0.47200640925274034,0.5120572772865277,1.5459469269038486
4424,1,1,0,0,0,0,0,1,1,2,0,0,0,0,1,0,1,1,0,1,1.2726557661337063,0.37482622670656374,1.743642521597653
4425,1,0,0,0,2,0,0,1,1,0,0,0,0,1,1,1,0,2,1,1,0.5797681295088081,0.59259490694502,0.09602124954481783
4426,0,2,1,0,1,1,0,1,0,0,1,0,1,1,1,1,0,1,0,0,1.3610351178260778,-0.23367085059814907,0.0686635838876603
4427,2,1,1,0,0,2,0,0,1,0,0,0,0,0,1,0,2,1,2,2,-1.0826769275370187,-1.3407067043963687,0.9630279429694387
4428,1,0,1,0,0,1,0,2,1,0,0,0,0,2,1,2,2,0,2,0,1.466482716402701,0.9204236786356825,0.5570655856412492
4429,0,1,1,0,0,1,0,0,1,0,0,1,0,1,1,1,1,2,1,0,1.193518826314356,0.03192086117265072,0.8143061613547877
4430,0,2,1,0,0,1,0,0,1,2,0,1,1,0,1,2,0,1,1,1,0.34070365746098474,-0.39965752225756607,0.3843488646690184
4431,0,1,0,0,0,0,0,0,1,1,0,0,1,0,0,1,2,0,1,1,-0.8843667978982521,-0.29685979706736176,-2.2038020762028827
4432,1,1,1,0,0,1,0,1,1,1,1,1,1,0,1,1,1,1,1,1,1.031082342905074,0.8985494931464235,1.3443930778056914
4433,0,0,0,0,0,0,0,1,0,1,1,1,0,0,0,0,1,0,0,1,-1.7811188600934074,-2.436921840502651,0.14978810293417444
4434,1,0,1,0,0,1,0,1,1,1,0,1,1,1,0,1,0,0,1,2,-0.3369707904422692,0.010044948289483824,-0.8748627672762676
4435,0,2,1,1,0,0,0,0,2,2,1,1,1,1,1,1,2,1,1,1,-1.4452462145626739,-1.801742012612022,-0.24222708105000196
4436,2,1,0,1,1,2,0,0,1,1,1,0,0,1,1,0,1,0,1,0,0.5747713678841524,-0.46755970900668686,-1.0469890978702294
4437,1,2,0,1,0,0,0,1,1,1,1,0,0,0,0,1,0,1,1,2,0.32063374056361693,0.2835897201921602,-0.745574126982525
4438,1,2,1,0,1,1,0,1,1,0,0,1,0,0,1,1,1,0,1,2,0.252211395818481,-0.7606784344673587,1.7076539784480051
4439,0,0,1,1,0,1,0,1,1,1,0,0,0,1,0,0,0,1,1,0,1.320121342882183,-0.43872248662933616,0.05859748959844968
4440,1,1,0,1,0,1,1,2,1,0,0,1,0,0,0,0,2,1,0,1,0.12814272100251692,-0.32151317342063324,-1.0678079908663378
4441,0,1,0,0,1,1,0,0,1,1,0,0,0,1,0,0,0,0,1,2,-1.398978706521135,-0.03502287467632442,-1.309091024796811
4442,2,1,0,1,1,0,0,1,0,0,0,0,0,0,0,1,1,1,2,2,1.9268029989784488,1.1586729059977996,0.05303613554091591
4443,1,1,1,0,0,1,0,1,1,1,0,1,0,1,1,0,2,1,2,2,1.0189030358000324,1.3151040780553065,1.6369957791593523
4444,1,1,2,0,0,1,0,2,1,0,0,0,0,0,1,0,0,1,2,2,0.20287678393438235,-0.6386961817943074,0.5101615807632672
4445,1,1,1,0,1,2,0,1,2,1,1,0,0,0,0,1,1,1,2,1,1.1453529384408936,-1.3681088225431934,1.2799462513210362
4446,0,1,0,0,0,0,0,2,0,0,1,0,1,0,0,0,1,1,0,0,-0.11204136492476291,-0.8259935946571659,0.7132939941170515
4447,0,2,2,1,0,0,0,0,1,1,0,1,1,0,0,1,1,1,0,1,-0.44669390005262744,0.5236757285081572,1.5935594816408591
4448,1,1,1,1,0,1,0,0,1,0,0,0,0,1,1,0,0,1,0,1,0.3611690773384516,-0.22055968859446842,-0.7146232612667875
4449,1,2,1,1,0,1,0,2,0,0,1,1,0,1,0,1,1,1,1,2,1.1720495845930166,0.003636742699186901,-0.0029367754987641437
4450,1,0,2,1,0,0,0,0,1,1,0,2,0,0,0,2,0,1,0,1,-1.5303238222294344,0.18526560807625053,-0.6476664944160734
4451,2,0,2,0,0,2,0,0,0,0,1,0,0,1,1,2,2,1,0,1,0.8406812258202695,-0.014776302634699427,1.319033130649427
4452,0,1,0,1,1,2,0,0,1,0,0,0,0,1,0,1,1,1,1,0,0.2675999441129059,0.6835379091065361,1.4636125963905662
4453,0,1,0,1,0,2,0,2,2,2,0,1,1,0,2,2,1,1,1,0,1.4752348131041289,-0.6243952326410112,0.819532852198557
4454,0,1,1,1,1,1,1,1,0,0,0,1,0,0,1,0,2,0,0,0,0.5258869477956752,1.801650722076403,2.6145080143480937
4455,0,0,0,0,0,1,0,1,1,1,1,0,0,1,0,2,1,0,0,1,-0.19855703197970964,-0.2787641049091404,-0.10811942691683749
4456,1,0,0,2,0,1,0,1,1,1,1,0,0,0,1,0,1,1,1,2,-1.4678663330984325,-0.6561385825347672,-0.5244609874053634
4457,1,0,0,0,0,0,0,1,0,2,1,0,0,0,0,0,0,1,0,1,0.5954469430314427,-0.4259970884519628,1.6500809151405176
4458,1,0,2,0,1,1,0,1,1,0,1,1,0,0,0,1,2,1,1,0,-0.2984172662238268,-0.3823271392982904,-3.123014256785334
4459,0,1,1,1,0,1,0,1,1,1,0,1,0,0,2,2,1,1,1,2,-0.5971256955017668,0.27687287325987875,-0.42304877329957247
4460,1,1,0,0,1,2,1,0,0,0,0,1,0,0,1,1,1,2,0,2,0.4188665528781106,0.27474185876029555,-0.03963658648140306
4461,0,1,1,0,0,1,0,0,1,1,1,0,0,2,0,0,1,2,0,1,0.9322248170119485,1.115468924284247,1.6485608971275925
4462,1,1,0,0,0,0,0,0,0,1,1,0,1,0,2,0,1,0,0,1,-1.2387673220271944,-0.21820760856387486,-0.6836617452815428
4463,1,1,1,0,0,2,0,2,0,0,0,0,1,0,0,0,1,2,0,1,-1.152100993297568,-0.23529179724216542,0.04645334166812465
4464,1,1,0,0,1,1,0,1,0,2,0,0,0,1,1,1,1,0,1,2,0.6337763880767671,-0.45906140914298454,1.0265720260664661
4465,1,1,2,1,0,0,0,2,0,0,0,1,1,1,1,0,0,2,0,2,0.6635810750019561,0.12413813563361792,0.26608395716380157
4466,1,1,0,1,0,1,0,1,1,1,1,0,0,0,1,0,2,1,0,1,-0.6980167188264375,-0.7790895216940112,-1.5832234290214207
4467,1,1,1,1,0,1,0,0,1,0,0,0,0,0,0,1,2,2,0,1,0.4077248771766235,0.09987403557699381,-0.3424786465067244
4468,1,1,2,0,0,0,0,0,1,0,0,0,0,0,0,0,1,2,1,1,-0.4544927904273378,0.40068011209622345,-0.11298030262116995
4469,1,1,1,0,0,1,1,1,2,1,0,0,1,0,0,0,1,2,0,1,-0.6118375167932447,0.7919862211049133,0.04455733525386747
4470,2,0,1,0,1,1,0,1,1,1,1,0,1,0,2,0,0,1,1,2,-0.2623098716883828,1.041770666264504,2.0738426630566567
4471,1,0,1,0,0,0,0,2,0,1,0,0,1,0,0,1,1,0,1,1,0.360030364049947,-0.21156918969084848,0.8976911559242423
4472,1,1,0,1,0,2,0,1,2,0,0,0,1,1,2,1,0,2,1,2,1.3978749455020403,0.3136430490401397,0.3072340481847275
4473,0,1,2,1,0,2,0,1,0,0,1,0,1,1,2,1,1,1,1,1,-0.44234364548903293,-0.023689038288863443,-1.3934320370118831
4474,0,0,0,0,0,1,0,2,0,0,0,0,0,1,1,0,2,2,1,1,0.04958821496291445,-0.7372280671273692,0.8607884630673583
4475,2,0,2,0,1,0,0,1,1,0,1,1,0,0,1,2,2,2,0,1,-0.22868153545038794,0.13558145522819026,1.5785593059311338
4476,1,1,1,0,1,1,0,2,1,0,0,0,1,0,1,1,2,0,0,1,-0.16243128317325556,0.09082735242758372,0.5040962317141039
4477,1,0,0,0,2,2,0,2,1,0,0,0,0,0,1,1,2,1,0,1,1.2398964953494704,-0.7481900440767735,1.2889267164103184
4478,1,0,0,0,0,1,1,2,1,0,1,1,0,0,2,1,1,1,2,1,2.3215549009477776,0.08019936983624176,0.03351498666651742
4479,1,2,0,0,0,0,0,0,1,1,0,2,0,2,0,1,1,0,1,1,0.7726283383738585,0.525513254269016,0.9840989559039861
4480,1,0,1,1,1,1,0,1,1,1,1,1,1,1,1,0,1,0,0,0,-0.05427392119799847,1.4470986268784447,0.9613293337717586
4481,0,1,1,1,1,1,0,0,1,0,0,1,0,0,1,0,2,2,1,1,1.5268582570868081,-0.9726500676624887,-0.826902318238589
4482,0,2,1,0,1,1,0,0,0,0,1,1,0,2,2,0,2,1,1,2,0.3468746909156683,2.4161603931732913,1.4988151783122197
4483,0,1,0,0,0,1,0,1,2,0,0,1,0,0,0,0,1,1,1,2,0.06015204528858893,1.2270952184965767,-0.48692092734932
4484,1,0,0,1,0,2,0,0,1,0,0,0,0,1,1,0,1,0,2,0,-0.6646364593513455,-0.8847034902989119,0.3111057603905847
4485,1,0,1,0,1,2,0,0,1,1,1,0,0,0,1,0,2,1,0,1,1.8522614545240892,-1.6153633103901184,0.8629395646550587
4486,1,0,0,1,1,0,0,1,0,1,0,1,1,1,0,1,1,2,1,2,-1.336278926410435,1.1179384087734423,2.1224635769980877
4487,1,0,2,2,0,2,0,1,1,0,1,1,0,1,0,2,0,1,2,1,2.204120965031049,1.457784754230373,2.440738156207205
4488,0,1,1,1,0,1,0,0,0,1,0,0,0,0,1,0,1,1,0,1,-0.41728411911755947,-0.5010339238291268,-0.26387300641214484
4489,2,1,0,0,0,1,0,1,0,1,0,0,1,1,0,0,1,0,2,0,-0.6379058994468735,-0.1285008530039191,-1.2573155388513582
4490,0,1,2,0,0,2,0,2,2,0,1,0,1,1,1,1,0,0,0,1,1.9084867158920522,1.0387998023375282,-0.15717463097242002
4491,0,0,0,0,0,0,0,2,0,0,0,1,0,1,0,0,2,1,1,1,-1.6900605771569719,-0.3099026601860579,-0.328879903598171
4492,0,1,1,2,0,0,0,1,1,1,1,2,0,1,0,1,2,2,2,1,-2.4816675863322653,0.445164507122342,1.3565904036307774
4493,0,1,0,0,0,1,0,0,0,0,0,0,2,1,1,2,1,2,1,1,0.6845036470313044,0.734865347488568,1.7868900997535957
4494,0,1,2,1,0,1,1,1,0,0,0,0,0,0,1,1,1,0,0,1,0.625321250329342,-0.04881470792852921,2.512697573046684
4495,1,0,1,0,0,1,0,1,0,0,0,1,0,1,1,0,0,2,0,1,2.597414736664304,0.9546661221932545,1.983067764644539
4496,1,1,0,2,0,2,0,2,1,0,1,0,1,2,0,0,1,1,0,2,-1.5809354664444415,0.7802153498222082,-0.6878302425102543
4497,0,1,1,2,0,0,0,0,1,0,1,0,0,2,2,0,2,2,0,1,-1.5055083110508602,-1.535118578560176,-0.7862064466702631
4498,0,0,1,0,0,1,0,0,0,2,0,1,0,0,0,0,1,2,1,2,-0.09815202633734431,1.7977634619559708,2.5446389647372665
4499,0,1,0,0,0,1,0,0,1,2,1,1,1,0,0,1,2,1,0,1,1.6951054720850454,1.0450697211709632,2.712439989187879
4500,0,2,1,1,0,1,0,0,2,1,1,1,0,0,0,0,1,0,1,1,-0.47655495532737757,-1.7168933463910352,0.7529222315447381
4501,1,2,1,0,0,1,0,1,1,0,1,0,1,1,1,1,0,0,1,1,0.4868886894744824,0.1277098034799447,1.4885016413003096
4502,0,1,0,0,0,0,0,0,1,1,0,0,1,0,0,0,0,1,0,0,1.6680816309650628,0.1475768693610939,0.47851890582258655
4503,1,0,1,0,0,1,0,2,2,0,0,0,0,0,1,1,1,1,0,1,0.7850368712385059,1.0059459004297608,-0.4098749327765012
4504,0,0,0,1,0,1,0,0,2,2,0,0,1,0,1,0,1,1,1,1,0.3814472164541476,0.5075526214649926,0.18799803254192754
4505,0,0,1,0,0,2,0,0,1,1,0,0,0,0,1,2,1,2,0,0,-0.3261196014183086,-1.2392332858535728,0.41418573635575573
4506,0,1,2,0,1,0,0,1,0,1,1,0,0,1,1,0,1,1,1,1,-1.5043294958442837,1.6150767493038576,-0.06699610653253646
4507,1,2,1,1,1,0,0,1,1,1,1,0,1,0,0,0,1,1,1,2,0.29684928957625645,0.16172775915512777,2.1359900100110547
4508,0,1,2,0,2,2,0,0,1,1,0,0,0,0,1,0,0,1,1,2,0.24285622173516647,-0.02186017221872999,0.09384747309895722
4509,0,0,0,1,2,1,0,1,0,1,0,1,0,0,0,0,2,1,2,1,-0.8359996371122289,-1.0380678160356158,0.6796629439965667
4510,2,0,1,0,0,0,0,2,2,1,0,1,0,1,1,1,1,2,1,2,-0.31074968223628074,2.6395670196679806,0.5434052273184866
4511,1,0,1,1,0,0,0,1,0,0,0,0,0,0,0,1,1,1,0,1,0.06843911736725804,1.4225778986935886,1.1665482979699775
4512,2,0,0,0,0,1,0,0,1,0,0,0,0,0,0,0,1,1,0,2,-0.11083592117995007,-0.019699780387644195,-1.096842879010121
4513,0,1,0,0,1,0,1,0,2,0,1,0,1,1,2,1,0,1,0,1,-1.2122124415335451,-0.23548193124802327,-0.6722542646773589
4514,1,0,2,1,1,1,0,1,1,0,1,1,0,2,2,0,1,1,1,0,-1.1901739742656143,1.4703062260200062,0.5085591651673194
4515,0,0,1,0,0,1,0,2,1,0,0,0,0,2,2,2,1,0,0,0,-0.533441932925287,0.39910976430265294,-1.437250041501364
4516,0,0,1,0,1,1,0,0,0,0,1,0,0,1,0,1,2,2,0,1,0.11383494058796295,-1.3576108006262873,0.062273711400564785
4517,0,1,0,0,0,1,0,0,0,0,0,1,1,1,0,0,0,0,1,1,-0.21613302283385571,-0.4455615113975363,-0.7716509986501416
4518,0,0,1,0,1,0,0,1,1,0,0,0,0,0,1,0,0,1,1,0,-0.33234718770460064,0.4084244286626189,1.0507309879399516
4519,1,1,2,0,1,1,0,2,0,2,1,0,1,0,0,1,1,2,0,1,-1.214143913691473,0.9997361804667086,0.6696138308023954
4520,1,0,0,0,1,1,0,2,1,0,0,1,1,0,1,0,1,1,0,2,-0.5139222104691716,1.3489564818457782,-0.22600148668279108
4521,1,1,0,0,1,0,0,0,0,1,2,1,1,0,1,0,0,0,0,2,-0.5629660423104834,0.08128561580258209,2.0601331058996144
4522,0,1,1,0,0,1,1,0,1,1,0,0,1,1,0,1,1,0,1,0,0.06801960879693841,-0.514731857231314,0.4921858809391273
4523,1,1,0,0,0,1,0,1,1,0,0,1,1,0,0,0,2,0,1,1,-0.4456306582682149,-0.9320054350181447,0.815157769711196
4524,2,1,0,1,0,2,0,0,2,0,1,1,0,0,0,1,1,1,0,0,-0.648202389588957,-1.0042702210968066,-0.696586454144787
4525,1,1,0,1,0,0,0,2,0,1,0,0,0,0,0,0,2,0,0,1,-0.15004457380241182,0.3674238191135327,-1.4054831099304579
4526,0,1,0,0,1,1,0,1,0,0,1,1,0,0,0,1,0,0,1,1,-0.28556075072623904,-0.9338534753622557,-0.20117973009467172
4527,0,0,1,1,0,0,1,1,2,1,0,1,1,1,0,0,1,2,2,2,1.6763761287141756,-0.019734400914372507,0.25115017062620243
4528,1,1,1,0,0,1,0,2,1,1,0,0,2,0,0,0,1,1,1,2,1.554534984914379,0.24392393364481268,-0.8980631459032623
4529,1,1,0,0,1,0,0,2,2,1,1,2,1,0,0,2,1,2,1,0,0.11529699787527424,-0.24324291099367026,0.3606993757915463
4530,1,2,1,0,1,1,0,2,1,1,0,1,0,0,0,2,0,2,1,1,-0.5368086245228729,0.6683543317018901,0.0866961120892612
4531,0,1,1,0,0,0,0,1,1,1,0,1,1,0,1,1,0,0,2,1,-0.4769859628375324,0.2005021457521211,1.818620297380857
4532,0,0,1,0,0,1,0,0,1,0,0,2,0,0,1,0,1,1,0,0,0.24351918468423595,1.5693999065281077,1.5577069523737739
4533,1,1,1,1,0,0,0,1,0,0,0,0,0,0,1,1,2,2,0,2,-0.8509404249674252,-0.33254825959756196,0.30273740262224513
4534,0,1,0,0,0,1,0,0,0,2,0,0,0,1,0,1,0,0,1,2,-0.45120838889467874,0.7846800466493549,1.7074298504935623
4535,0,0,0,1,1,1,0,0,1,0,2,0,0,0,2,1,2,1,1,0,-0.1439520505749909,-0.39677262356365245,-0.3721708245316476
4536,0,1,2,0,1,0,0,0,1,0,0,1,0,0,0,1,2,1,0,1,-1.2488800626157097,-0.35985044882700906,-0.7372000674915422
4537,0,2,1,0,0,1,0,1,1,0,0,0,0,0,1,0,1,0,1,1,1.4293470547951537,0.41591458133049203,0.8304531242649883
4538,1,1,0,2,1,1,1,0,1,0,0,0,0,1,0,0,0,2,2,0,-0.4116914509239829,-0.6422808302124161,-0.3294757697233405
4539,1,2,1,0,1,1,0,1,1,0,2,0,1,0,0,0,0,1,0,1,0.8525121259782489,-1.2661002444753122,0.6160750539529816
4540,0,1,1,2,1,1,0,1,2,0,1,1,0,1,0,0,2,1,0,2,-0.984179390098436,0.05145286171727817,-2.36167395499779
4541,0,0,1,0,0,0,0,0,1,1,0,1,1,0,0,0,1,0,0,0,-1.3561188692996262,1.0839651217188666,0.22685525502471077
4542,1,0,0,0,1,2,0,2,1,0,1,0,1,0,0,0,1,0,1,1,-1.653528695348169,0.020316156396106788,0.8575473739246373
4543,1,0,1,0,0,1,0,0,0,0,0,0,0,0,0,0,2,2,0,2,-1.3389354911694864,0.5492104476141013,0.361042166621215
4544,0,1,0,0,0,1,0,0,2,1,0,1,0,0,0,0,0,2,1,1,-0.33836105699370395,-0.4488437670903124,-0.25052666867538115
4545,0,0,1,1,0,2,0,1,0,0,0,0,0,0,1,1,1,1,2,1,-0.7744008356502738,-1.6533348979714573,-0.8146222565453239
4546,1,2,1,1,0,2,0,1,1,0,1,0,0,1,0,0,2,0,1,1,1.3699380211545513,-0.44162520498082103,0.09110575537324705
4547,1,1,0,0,0,0,0,0,0,1,1,0,1,1,1,1,0,1,1,2,-0.3415347860736353,1.1570324130223553,2.089643347156862
4548,0,0,1,0,0,2,1,1,1,1,0,1,0,1,0,0,1,1,0,1,2.59154996862629,0.7606856204831193,1.3297228964213963
4549,0,2,1,0,0,2,0,1,2,0,1,1,1,0,0,2,0,1,0,2,-1.3850834662678286,1.482272802496587,0.9078512585424611
4550,0,1,0,0,0,0,0,0,2,1,0,0,0,1,0,1,1,0,1,1,0.13627235422415307,-0.5092532464912141,1.5253613096740244
4551,2,1,0,2,0,0,0,1,0,0,1,0,0,1,0,1,1,1,0,1,0.8350836612066643,1.2163729582354295,1.6368671569190085
4552,0,1,0,0,0,0,0,0,1,1,1,1,1,0,0,0,2,1,2,2,1.3230560852178197,0.521672102423294,-1.2048032507142956
4553,1,1,0,0,1,1,0,2,0,1,1,0,1,1,0,0,1,2,1,1,-0.8594792887831568,-0.41192757762991333,0.5735190741397681
4554,0,2,2,0,0,1,0,0,1,1,1,0,0,0,2,1,1,1,1,1,2.715456048890786,-0.4897912700891438,1.343196249215973
4555,1,0,1,0,1,2,0,1,1,0,0,0,0,0,0,0,2,2,1,1,-0.9825232977447785,-1.387510347314831,0.1623854410294474
4556,1,2,1,1,0,0,0,0,1,0,0,0,0,0,1,1,0,2,0,1,0.6123338473136247,0.5375263313109045,-1.013719036102947
4557,0,0,0,0,0,2,0,1,1,1,1,0,0,1,0,0,2,1,0,0,-2.3249535800421333,-0.09333668328564193,-1.3569914212894023
4558,0,1,2,0,0,1,0,1,2,0,0,1,0,0,1,0,0,1,1,1,-0.10354447674740018,1.9223733049150014,2.150155836698504
4559,0,2,0,0,0,0,0,1,1,0,1,0,0,0,1,1,2,1,1,1,-0.4414349291046572,-1.874251456576396,-0.49641126294979765
4560,1,0,1,0,0,1,0,1,1,2,0,2,0,2,0,0,1,0,1,1,-0.8124212796492248,1.257052209685379,-0.5172672457560341
4561,1,1,0,0,0,1,1,1,0,0,0,0,1,0,1,0,0,1,2,2,1.4152525420652546,0.7499720773771493,2.499662759152765
4562,1,2,1,0,1,1,1,1,1,0,0,0,1,1,0,1,1,2,0,2,1.0577199139246276,0.49566268505261124,1.1494693286453388
4563,2,1,2,0,0,2,0,1,1,0,0,0,0,0,2,0,2,1,0,2,1.4877533984613,0.2808378633472986,1.128959366591234
4564,0,1,1,0,0,1,0,1,1,0,0,1,0,0,0,1,1,0,0,0,-0.08606348570619375,0.706754704253069,0.775977745990845
4565,0,2,0,0,0,2,0,1,0,0,0,0,1,1,1,2,1,0,2,2,-0.09384002247570071,-0.7670872019998627,0.6938935580768939
4566,1,0,2,0,0,0,0,2,1,0,1,0,0,0,1,0,1,1,1,0,-1.0588437082562225,0.16987306834299176,1.2428733580712903
4567,0,1,1,0,0,1,0,2,1,1,0,1,1,0,0,1,1,2,0,2,1.2558579883869045,1.697009152130902,1.0309716451203776
4568,0,0,1,1,0,2,0,0,1,1,0,0,0,0,1,0,1,1,1,1,-0.562582398104466,-0.8378209538562993,-1.1752343490649442
4569,0,1,1,0,0,1,0,1,0,1,1,0,0,1,0,2,1,2,0,2,0.136019055212848,1.338673383599179,2.2450030311739035
4570,0,1,2,1,0,2,0,2,1,0,1,1,1,0,1,0,1,1,2,1,-0.694540795182759,-1.1058575471596965,-1.2301859295120496
4571,1,0,0,1,1,1,0,1,0,0,0,0,0,0,1,0,0,1,0,2,1.9004317872657863,-0.8045784097056516,2.1226660357956773
4572,1,0,1,0,1,1,0,0,2,0,0,0,1,1,2,0,1,0,0,1,-1.4282584241883325,0.22467213093464466,0.5298944216748357
4573,0,2,0,1,1,2,0,0,0,1,0,0,0,0,1,1,1,2,1,2,-0.6761410084100585,0.8720131931024049,-0.4335737983292152
4574,0,0,0,0,0,1,0,1,0,0,0,0,0,1,1,1,0,1,1,0,0.7398524039453757,-0.21373005162284653,0.6442197773315517
4575,2,1,1,0,0,0,0,1,0,0,0,0,1,0,0,0,2,1,0,0,0.8865575527637968,0.08413992420753082,0.6451580048585432
4576,1,1,0,1,1,1,0,0,0,0,0,0,1,1,1,1,0,0,1,2,-0.12615998780375254,-0.04161003403813471,0.9788387908467954
4577,0,2,1,1,0,1,0,1,1,0,0,1,1,0,1,0,1,1,0,1,-0.6164124052153165,-1.2954812543250143,0.26760370112095355
4578,1,1,1,1,0,1,0,1,0,2,0,1,0,0,1,1,0,0,0,1,0.487526155583784,2.5223150630755953,2.1200659360418017
4579,1,1,1,0,0,1,0,1,0,1,1,1,1,1,0,1,1,0,2,1,-0.6546634642922663,-0.09603310096760845,-0.3299988788911988
4580,2,1,0,0,1,1,0,0,0,0,1,0,0,0,0,2,2,2,0,0,-0.3970356915618718,-2.1714258476488517,1.0752671449613818
4581,1,1,1,0,0,1,0,1,1,0,1,1,0,0,0,0,1,1,1,0,-2.059305085709432,1.3739611839250885,-1.3207890372673514
4582,1,1,2,0,0,0,0,2,0,0,1,1,1,1,1,0,2,1,0,1,-0.6849376544394448,0.9745071521090374,1.1693495478286833
4583,0,0,1,0,0,1,0,0,0,2,0,0,1,0,0,2,1,1,1,1,-3.2296304213263927,-0.6540298412938433,-1.9095064521493597
4584,1,1,1,0,0,2,0,0,1,2,0,0,0,0,1,1,1,1,1,1,1.5596493186876703,0.26281600446630166,-1.277228252305583
4585,0,1,1,0,1,1,0,1,1,1,0,0,1,0,0,1,1,0,0,1,-1.3084167237211006,-0.49453980142888426,-0.3499985889927338
4586,2,0,0,0,0,1,0,1,0,0,0,0,0,0,0,1,1,1,0,1,-0.3201189920094012,-1.453294777263445,-0.8910342021568792
4587,1,1,0,0,1,1,0,0,1,0,0,0,0,0,1,1,0,1,2,1,-0.06610445885297048,0.21834026450862526,0.9597083333693166
4588,0,2,1,0,0,2,0,0,0,1,0,0,0,0,2,1,1,1,2,0,-0.1179034161714632,-1.5762052240329405,0.3457648196813051
4589,1,1,0,1,1,0,1,1,1,1,0,0,0,0,0,2,1,1,0,1,-0.4455551114141238,1.3671762298348535,1.2740299648246356
4590,1,2,0,0,0,2,0,0,1,1,0,1,0,0,0,2,1,1,2,1,0.3977898501903304,1.136390893002899,1.604685203046214
4591,0,1,1,0,1,2,1,1,2,2,0,0,0,0,0,0,1,1,1,1,-1.815096678954774,-1.5026889075933019,-0.09979609212320129
4592,0,1,1,1,0,0,0,2,2,0,0,0,0,0,0,1,1,1,1,2,1.0242549377614827,0.8208293919521561,1.3038290727583042
4593,1,1,1,1,0,0,0,0,1,0,0,0,0,1,0,0,1,0,1,0,1.2246330046486413,-0.1976567039360724,-0.034358796305811345
4594,0,1,1,0,0,1,0,1,1,0,0,0,0,1,0,0,1,1,1,1,0.6680243837973772,0.2411466363184263,1.8907996339935331
4595,0,2,1,0,0,2,0,1,0,0,1,0,0,0,0,1,2,1,1,1,0.8881701382027858,-0.49815917091153605,-0.5869829356869863
4596,0,0,1,2,0,2,0,2,1,1,1,1,1,1,1,1,1,1,1,2,-0.1380714260003529,1.8845460420998676,0.9206327329647133
4597,1,1,0,0,0,1,0,2,0,0,1,1,0,1,1,1,2,2,2,1,-2.782895462612424,-0.4486205691748552,-1.826156257619826
4598,1,2,1,0,0,1,0,1,1,1,0,1,1,2,0,0,1,0,1,1,-0.10888183748437766,1.1062475043573652,0.1721019901070996
4599,1,1,0,0,0,0,0,2,2,0,1,0,0,2,2,0,2,0,1,0,3.283099170039086,-0.40223793828201204,0.4904506044533887
4600,0,1,0,1,0,0,0,0,1,2,0,0,0,0,1,1,2,2,1,0,-0.19711736862025578,0.21443533910511492,-0.06149895666732223
4601,0,2,0,0,1,1,0,1,1,0,0,0,2,0,1,0,0,1,0,1,-0.25890151900890357,0.2741257333510494,-0.9206402628689532
4602,2,0,0,1,0,0,0,1,1,0,0,0,1,0,1,1,0,0,1,1,-1.054192413330641,0.24276911825311226,-0.7772441591626904
4603,0,1,2,0,0,1,0,1,1,1,1,1,1,0,1,0,1,1,2,2,1.9221473142382581,1.1625109437284613,2.004775221579142
4604,0,2,1,0,1,1,1,1,2,1,0,1,0,2,1,1,1,1,1,1,-1.6896544442992714,-0.1867811345964129,0.1551057467165199
4605,0,2,1,0,1,2,0,1,1,1,0,0,0,1,1,0,2,1,2,2,-0.2705465221323292,-0.5829581090535811,1.154038438625845
4606,0,1,1,2,0,2,0,0,0,2,1,0,0,1,1,0,1,1,2,1,-0.003100667633807698,-0.18412917706794094,2.0475221001003763
4607,0,1,0,1,0,0,0,2,0,0,1,0,1,0,0,1,0,2,0,0,0.6710313465525438,-2.293185453182403,1.809647205364499
4608,2,0,1,0,0,1,0,1,1,1,2,1,0,0,0,0,1,1,1,2,0.11452724533358087,-0.7708887905616689,-0.06387410055453491
4609,1,0,1,0,1,2,0,1,0,0,0,0,0,0,1,0,1,1,1,2,-1.5439532963679066,-0.34681891275224974,-0.9188909691955087
4610,0,0,1,0,0,0,0,1,0,0,1,0,0,1,0,0,0,2,0,0,0.6362738708639997,-1.0339120817925536,-0.12694743432194525
4611,1,1,1,0,0,0,0,0,1,0,1,1,0,2,0,0,1,0,0,0,-0.834034328961528,-0.6274845420374932,0.839614081153641
4612,0,2,1,0,1,0,0,0,1,0,1,0,1,0,0,0,0,2,2,1,-0.2148817230537641,2.5491736340884614,1.0737099116395428
4613,1,2,1,0,0,1,0,0,0,0,0,1,0,1,1,2,1,0,1,0,-0.598682651510755,0.20402049175756665,-1.860142546466349
4614,1,1,2,0,0,2,0,1,0,0,0,1,0,1,0,1,0,1,1,1,-0.9044192626197592,1.0329548829085695,-2.040464490414676
4615,2,0,2,0,1,1,0,1,0,1,0,0,0,0,2,0,1,0,0,2,0.8910517824112251,0.35650888600197517,0.7271432207067772
4616,0,2,2,0,0,0,0,1,1,1,0,1,0,1,1,0,0,1,0,2,1.7202027247560747,0.2607272301478918,0.3798365744162983
4617,0,0,2,1,1,1,0,1,0,0,1,0,0,0,0,1,2,2,1,1,1.0696304206452405,-2.755754001041878,1.5752554608897602
4618,1,0,0,1,0,1,0,0,1,0,1,0,0,1,1,1,1,1,1,0,1.2236309418590943,0.14094030448956818,-1.1085052773294188
4619,1,2,2,0,0,2,0,1,1,2,1,0,1,1,1,0,1,1,0,2,0.5043826608745314,1.4150911643535058,0.8798623883415813
4620,1,2,0,1,0,1,0,1,1,0,0,0,0,1,1,0,0,1,2,1,-0.9806415293765344,0.8421602095949043,-0.06778924616984246
4621,1,1,0,0,1,2,0,1,1,1,0,2,0,0,0,0,2,0,0,2,-0.6593701387117594,0.9980871785960418,-0.7005639069525738
4622,0,0,1,0,0,1,0,0,1,0,0,2,0,2,0,1,0,1,1,0,0.4598810821447105,-0.4668913974500956,1.1321592334368669
4623,0,1,0,0,1,0,0,0,1,0,1,0,0,1,0,0,0,2,0,2,0.09594171265810153,0.7879684185843842,-0.9371118975453622
4624,1,2,1,0,0,1,0,1,0,0,0,0,0,0,1,0,1,1,0,2,0.48444274011002214,1.3756026687024034,1.1614011426333317
4625,1,0,1,0,0,1,0,1,1,0,0,0,0,0,1,0,0,1,1,1,0.516922321984372,-1.151284001813002,0.17051292475909707
4626,1,2,0,0,0,0,0,1,0,0,0,0,0,0,1,0,1,2,1,1,-0.10430659885170028,-1.4908004867848546,-0.02637894500093496
4627,1,1,1,2,0,0,0,0,0,1,0,0,0,0,1,0,2,1,1,2,-0.8768450252838085,-2.5205465906917492,-1.985198425417337
4628,0,1,0,0,1,1,0,1,0,0,1,0,0,0,1,0,2,0,0,1,0.45895379241594936,-0.46571620282178383,-0.20901185375756343
4629,0,2,1,1,0,2,0,0,1,1,0,1,1,0,1,2,1,1,1,2,-0.5508765196185456,-0.007997884383432297,-0.7238391416227452
4630,0,2,1,1,0,1,0,1,0,0,1,1,0,1,0,1,1,0,0,1,0.06728734902887862,0.7146357398991434,-0.5636960274859044
4631,2,1,0,0,1,1,0,0,1,1,1,1,0,0,2,1,1,0,0,1,1.6384482038747823,-1.4497582554045,2.858595178807463
4632,1,2,1,0,2,1,0,1,0,0,0,0,0,1,0,0,2,2,1,1,0.9102393608386541,0.9713701633139085,0.27782424002734896
4633,2,0,0,0,1,1,0,1,0,0,1,1,0,1,0,2,2,1,0,1,0.8079360653922355,1.2711647644640474,-0.022169993951204225
4634,1,1,2,0,0,1,0,0,1,0,1,0,0,1,0,0,1,1,1,0,-1.7314656999564377,-1.4163597278721038,0.11979663841142407
4635,2,0,2,0,0,0,0,1,0,0,0,0,1,1,0,1,1,2,1,2,-0.5037980621634182,-0.7693525881505975,-1.499051689150281
4636,2,2,2,0,0,1,0,0,0,0,0,1,1,0,0,0,2,1,1,0,-0.9015195688364906,-0.35163992951255946,-0.8265429751496689
4637,1,1,1,1,0,2,0,0,1,0,1,0,0,1,0,1,2,1,1,2,0.19171644033221416,-0.41146051483964285,-1.00840996514152
4638,0,1,1,0,0,2,0,2,2,1,0,1,1,0,1,0,0,0,1,1,1.5576074202516814,-0.3064810929689197,1.5742912553634782
4639,1,0,0,0,0,2,0,0,0,0,0,0,1,0,2,2,1,0,0,1,-0.9748378990482974,-1.1403235423162945,0.24054852110983405
4640,0,2,1,0,0,1,0,0,1,0,0,0,0,1,0,1,1,0,1,1,0.06731943618076305,0.3677233413132669,-0.026850959322609752
4641,0,1,1,0,1,1,1,1,2,1,0,0,0,0,1,0,1,0,0,1,0.7645728765439717,1.2960430986922011,1.0013163073097144
4642,1,1,1,0,2,0,1,1,0,1,0,0,1,2,1,2,0,1,1,2,1.0564470457930062,1.661947659985365,1.1820919142910573
4643,0,2,1,1,0,2,0,0,1,0,0,1,1,2,0,0,1,1,0,1,0.6637973067122547,0.4987719678297725,1.1551697877936526
4644,0,1,0,1,0,1,1,2,2,1,0,1,0,0,0,1,1,1,0,2,-1.2238084633314303,0.31130860650182096,-0.06914868463627138
4645,1,1,2,0,0,1,1,0,0,0,0,0,0,0,1,1,1,1,1,1,-0.3358048233665865,1.217626351917702,1.113117767939461
4646,0,2,1,0,0,0,0,1,0,1,0,0,0,0,1,1,0,0,0,2,-0.8966957922913679,0.6983139842682762,1.179125427153144
4647,1,1,2,0,1,0,1,1,1,0,0,0,1,0,1,1,0,1,1,2,1.0985160486573242,0.8609958334670075,-1.5503445525659556
4648,2,0,1,0,0,1,0,0,0,0,0,0,0,0,0,0,0,0,0,1,0.4113521402121699,0.06689759114803669,0.38282058669843233
4649,1,2,2,0,0,0,0,1,0,0,0,0,0,0,0,1,2,0,1,0,-1.6387210528989073,-0.9809372206051558,-0.9781336931062371
4650,0,2,0,1,0,2,0,1,0,0,0,0,0,1,1,0,0,2,1,1,0.6042286426604065,1.3042558304712837,1.9378920404941522
4651,1,1,1,0,1,2,0,1,1,1,0,1,1,0,0,1,1,2,0,2,-1.3156548523379057,0.5799730046477216,-0.5137134751369932
4652,0,2,1,1,0,1,0,1,1,0,1,1,0,1,0,1,1,0,1,0,1.1060213561345038,-0.16114204722225745,0.9039078857791163
4653,0,0,1,0,0,0,0,1,0,1,2,0,0,1,0,0,2,2,1,2,2.374140451982185,-0.37264664368291534,0.3638944654438856
4654,2,1,2,0,1,1,0,2,2,0,0,0,0,0,1,1,0,0,1,1,1.9843100865344532,0.06434504732874247,-0.09611100390059435
4655,0,0,0,0,0,0,0,1,0,0,0,0,0,0,0,1,0,0,1,1,-0.38263966061327326,-1.3313140056348056,-0.6032604160649948
4656,1,2,1,0,1,1,0,0,1,0,1,0,0,0,2,1,0,1,0,0,-0.7639631503270105,-1.905974717246,-1.767582073213765
4657,0,1,1,0,0,2,0,1,0,0,0,1,1,1,1,0,2,0,1,1,-0.8012267309486641,-1.3422419931942033,-1.1313570381360325
4658,0,2,2,1,1,1,0,0,1,1,0,0,0,0,0,0,1,2,1,1,-0.41635929343250955,1.7669526409194132,0.38672766524469565
4659,1,2,2,0,0,0,1,0,2,0,0,1,1,1,0,1,1,1,1,1,1.906620203219986,0.7237796339020406,1.0983338784092898
4660,0,0,1,0,0,1,0,1,0,1,1,0,1,0,0,0,2,1,0,2,1.4071179369024773,0.3312180567320506,1.1009546043994376
4661,0,2,1,0,1,1,0,1,1,1,0,0,0,0,0,0,2,0,0,0,-1.118939966921888,-0.1870790265708244,-0.7021031210980351
4662,1,0,1,0,1,2,0,2,0,1,0,0,1,2,0,1,1,1,0,1,-0.27932432565947185,-0.14459404223020023,-1.2391439283027275
4663,1,1,1,0,0,1,0,1,1,0,0,0,0,0,1,0,2,1,0,2,-0.6886921588459107,-0.558127404829418,-0.5378745286831932
4664,0,0,0,0,0,1,0,1,1,1,1,0,0,1,1,0,1,0,1,1,1.3659519101245683,-0.9660999542401945,1.1993227861562383
4665,1,0,0,0,0,0,0,1,0,1,0,0,1,0,2,0,0,0,1,2,0.44112545128967967,0.3284286982530494,-0.7097716201432391
4666,1,2,1,0,0,1,0,1,1,1,0,1,0,0,0,0,0,2,2,2,1.8837781564795575,0.7333407483758952,1.165237707078115
4667,1,0,2,0,0,0,0,0,1,0,0,1,0,0,0,0,1,0,0,2,-0.11631963048852444,0.29461519784060486,-1.2334219873259902
4668,1,0,1,0,0,0,0,0,2,1,1,0,1,1,1,2,1,0,0,1,0.6325274855288475,1.3434984638307144,-0.2198740803285255
4669,1,0,1,2,0,1,0,0,1,1,1,1,1,1,0,0,1,1,0,0,0.2934790508637621,-0.35738691218958707,1.3202958059852117
4670,1,1,1,0,0,1,0,2,0,0,1,0,0,0,1,1,1,1,0,0,1.4261808120691994,-0.467253053994187,1.037202991270565
4671,1,0,1,2,0,0,0,1,1,1,1,0,0,0,1,0,1,0,0,1,0.8295842890673953,-0.6668824046398334,1.4777146481649228
4672,1,2,1,1,1,1,0,1,1,2,1,0,1,0,0,0,0,1,0,1,-0.7783927344143539,-0.22670760991736766,1.7733739626519343
4673,0,1,0,1,0,0,0,1,1,0,0,0,0,0,2,1,2,0,0,1,-0.1920166268432172,-1.3531385639818723,-0.3324422295189578
4674,0,1,0,0,1,0,0,1,1,1,1,0,1,1,1,1,1,0,1,2,-0.7154043874232685,0.16167523775068487,-0.14340724557805745
4675,0,2,1,0,1,1,0,0,0,1,0,0,0,0,0,1,0,0,2,0,-1.1465395778521286,-1.4530068317734437,-1.1696708640332245
4676,0,0,0,0,2,1,0,1,2,0,0,0,0,1,0,0,1,1,1,0,1.2358391811509537,0.38429998402641796,1.690996088226123
4677,0,1,1,0,1,0,1,1,1,0,1,0,1,1,1,2,1,1,0,1,-0.34073622067077636,-0.1112280935899787,0.8741556874049273
4678,1,2,1,1,1,0,0,1,0,0,0,0,0,1,1,0,2,1,1,1,0.37579066269664657,-0.311744883105212,-1.523119583039184
4679,1,1,0,1,1,0,0,0,1,1,1,1,1,1,0,0,1,2,2,1,0.4474143623273839,1.2231957232799568,0.5963336824339766
4680,1,1,1,0,1,0,0,0,1,0,1,0,0,1,0,0,1,0,0,0,1.0681721293132367,1.2942496029055368,0.6374969108464913
4681,1,0,0,1,1,2,0,1,2,1,0,0,2,0,0,1,0,1,0,2,1.599765973715168,1.2639843323469573,1.6580721366218438
4682,0,1,1,0,0,2,0,1,0,1,1,0,1,1,2,2,1,1,1,1,0.1492508581987449,-1.4915764221603376,1.206050115782768
4683,1,1,0,0,0,1,0,0,2,2,1,0,0,0,1,0,1,0,1,1,-0.8399791635838606,-0.6719894015521669,-0.1697343599571809
4684,1,0,1,1,1,0,0,1,1,0,0,0,0,0,0,2,1,0,0,1,0.37790432863795037,0.5266798869212146,-0.11562985174547186
4685,1,1,0,0,0,0,0,1,0,0,0,0,0,0,2,1,1,1,0,1,1.0235610010365288,-0.1292668898728243,0.7957001866309237
4686,0,0,2,0,0,0,0,2,1,1,0,0,0,1,1,0,0,0,0,0,0.11709895891741658,-0.4723151689928194,1.0973257726004093
4687,0,0,1,1,0,1,0,0,0,1,0,0,1,2,1,0,0,2,1,1,-1.429538321239881,0.9989832915351884,0.019433892208891246
4688,2,0,1,0,1,2,0,0,1,1,2,0,0,1,1,0,1,2,0,0,-1.0579039219483541,0.40404445316337867,1.1877498386071212
4689,1,0,0,1,1,2,0,0,1,0,0,0,0,1,1,0,1,1,2,2,0.823059992140261,0.429843647223966,-0.7984050937017428
4690,1,1,1,0,0,1,0,1,1,0,0,0,1,0,0,2,0,1,0,2,-0.36042245325003597,-0.8223114774598328,0.6890085612998706
4691,1,1,1,1,1,1,0,1,0,0,0,1,0,0,0,2,1,2,1,0,-0.27155930528498046,-0.09762647097231375,-0.6445496081382203
4692,1,1,2,0,0,0,1,1,1,1,0,0,2,1,1,0,1,2,1,1,-1.916222583720841,-0.5890102435698362,-0.006579096948694407
4693,1,1,1,0,1,1,0,1,0,0,1,1,0,0,0,0,1,0,0,0,-0.3433434540141299,1.1144913058213588,-0.07409991013127443
4694,0,0,0,0,0,0,0,2,1,0,0,0,1,0,1,2,0,0,2,1,0.8294315080458627,1.198235243174706,1.7028255633088376
4695,1,1,1,0,1,0,0,2,2,1,1,0,0,1,1,1,2,0,0,2,0.8317258733029255,-0.32160825025669904,2.2018473935493983
4696,0,2,2,0,1,2,0,0,0,1,1,0,1,1,0,1,1,1,0,0,-1.6245572057144486,-0.0993113863397499,-0.20278712343706073
4697,0,1,1,0,0,1,0,1,1,0,0,1,0,1,1,1,1,1,1,0,0.2923422246807265,-0.7771477426519406,-0.6781582320793534
4698,0,0,1,0,0,1,0,1,0,1,0,0,1,0,0,2,1,1,0,1,0.05038493395490675,-1.2537663633502107,1.7609606732594505
4699,2,1,1,1,0,1,0,1,0,2,0,0,0,0,0,1,1,0,1,2,-0.36518423068958916,0.16296982162541476,-3.290192167712969
4700,1,1,1,1,1,1,0,0,2,1,0,0,1,1,0,1,2,0,1,0,-0.5525874846446845,-0.36321953306611443,0.3684059135153305
4701,1,1,0,1,0,0,0,0,1,0,0,0,0,0,1,1,1,1,1,2,0.34369922662133234,1.1665538539425877,0.6017042279151212
4702,2,0,1,0,0,1,0,2,2,0,2,0,1,1,1,1,0,1,0,1,1.4733226712001584,0.6241472180184373,0.26457074468058017
4703,0,1,1,0,0,1,0,0,0,0,0,1,0,0,2,0,1,0,2,2,0.7256257212650179,-1.1845975080343143,-0.6871551360781809
4704,0,1,1,0,0,1,0,1,0,0,0,2,2,0,0,1,1,1,1,0,1.1146379034822684,2.0951555968320577,2.886982697899395
4705,0,1,0,0,1,0,1,1,2,0,0,1,0,0,2,1,0,2,1,0,-0.30430332923265463,-0.6730291855326107,0.44618721048744026
4706,0,2,1,0,1,1,0,1,0,2,0,0,0,0,0,0,1,1,2,1,0.8782411538408211,0.017769993320213978,0.04501591456035958
4707,2,0,1,0,1,2,0,0,2,1,0,0,0,1,0,0,1,1,0,1,0.028063786402085875,-0.13563433278093928,-0.3083640077312365
4708,0,0,1,0,0,1,0,0,2,2,1,1,0,0,0,2,0,0,1,1,0.44603131617501623,1.2902872208032832,0.3750396646346723
4709,0,1,0,0,0,1,0,1,1,1,0,0,0,0,1,1,1,1,1,2,-2.1232212037036082,-2.86197786009708,0.7446187039901011
4710,0,0,2,0,0,1,0,1,0,0,0,0,0,0,0,1,1,1,1,1,-0.4351587724372415,0.3816333004025222,-2.5194671869574745
4711,0,0,1,1,0,1,0,1,1,0,1,0,0,0,1,0,1,1,0,1,0.7056775737927365,0.637945762388194,1.803526495396551
4712,1,1,1,0,1,0,0,0,0,1,1,0,0,0,0,0,1,0,0,1,-0.8227666090655218,2.3298295156401645,1.2968997383226002
4713,0,2,0,0,1,1,0,1,0,0,0,0,0,0,0,1,1,0,1,0,0.8239777081336686,0.9648408725866019,-0.4867279664591566
4714,0,1,0,0,1,1,0,0,0,1,1,1,0,0,1,0,1,0,0,1,-0.6024078073590756,0.6773223843021305,1.8036597410381816
4715,2,1,0,0,0,0,0,0,2,1,1,0,0,0,0,0,1,1,2,0,-0.43707580365173365,-0.9411275283108296,1.9715723797999205
4716,1,1,1,0,0,0,0,1,0,0,0,0,0,1,0,0,2,0,0,1,1.3358721296249307,-0.11132617560326591,1.045853993478361
4717,0,0,0,0,0,1,1,1,1,1,1,0,0,1,0,0,1,1,0,2,-0.38913721194233214,-0.552010867674822,-1.0727704536957825
4718,1,2,1,1,0,0,0,0,1,1,0,2,0,0,0,1,1,1,1,0,-1.242284548992899,-2.7116659545292583,0.9361075925112311
4719,0,0,0,0,0,2,0,2,0,1,0,2,0,0,0,1,0,1,1,1,0.14276061605467025,-0.5883305596155926,0.7374278834779944
4720,0,0,0,0,1,1,0,0,1,0,0,1,0,1,0,0,0,0,1,1,-1.0636543170259907,0.061695287438351065,0.01724727080373667
4721,1,2,1,1,0,1,0,1,1,0,0,0,0,1,0,1,1,1,2,1,-1.277282813097201,-0.5213437130922445,-0.8334289791869774
4722,2,0,1,0,0,1,0,0,0,1,0,1,0,1,1,0,0,0,1,1,-0.9076176306728166,0.64545364269614,0.30973938385878164
4723,1,1,1,1,0,2,0,2,2,1,0,0,1,0,0,0,2,0,1,0,-0.525534631371863,-2.098870986158362,0.08134426968478406
4724,0,1,0,0,0,2,0,0,2,0,0,0,0,1,1,0,2,2,0,2,0.9681170651912154,-0.8614491871876679,0.3511585149240475
4725,0,0,1,0,0,0,0,1,2,1,0,0,0,1,0,1,1,0,0,1,1.9301797986378173,1.5560501732417371,-0.1520752963443599
4726,1,2,0,0,1,1,0,1,2,0,1,0,1,0,2,0,1,0,1,1,2.2384992231038106,0.1286476478208521,0.9819195778423674
4727,0,0,1,0,0,0,0,0,1,0,1,0,0,1,1,0,1,2,2,2,-0.1509622135174858,0.42313725313521666,-0.7807402366263005
4728,1,0,1,0,0,1,1,2,1,0,0,0,0,0,0,0,2,1,0,1,-0.5300647588077827,1.1494623253416552,-0.11503296937795982
4729,0,0,2,0,0,2,0,1,0,0,0,0,0,1,1,0,1,1,0,0,-0.3318134242085131,2.569523426657458,0.9661645130268901
4730,1,2,1,0,0,1,0,1,1,0,0,0,1,1,0,0,1,1,0,2,-1.5873454643737488,0.1823768559275417,-0.776362218020283
4731,1,0,0,1,0,0,0,1,0,0,0,0,1,0,2,0,1,0,2,0,0.40700776471601446,1.0866807240786056,1.0873422964192483
4732,1,1,1,0,0,2,0,1,1,1,0,0,0,1,1,2,1,1,1,1,-0.2724579018034206,0.43410016152824915,-0.947994318407284
4733,1,0,1,1,0,1,0,0,2,0,0,0,0,1,0,0,1,1,0,0,-0.9335358112046362,-1.376414755343788,-0.30717833589928223
4734,1,0,0,0,0,1,0,0,1,1,0,0,1,0,0,1,1,2,1,0,-0.40710858140648243,-0.4390324565657964,0.004694171520154722
4735,1,1,2,0,0,0,0,1,1,0,1,0,0,2,0,0,1,1,1,1,1.4260845605349386,-1.9560799487772362,0.8483870803865512
4736,2,1,2,0,0,1,0,1,1,0,0,0,0,0,0,1,1,1,1,1,-0.7333916223307007,0.30317585976503225,-0.8803975369752984
4737,0,1,2,1,1,0,0,1,1,0,0,0,0,1,1,2,1,2,1,1,-0.7944104398744527,-0.55237373313127,-2.4392035583602136
4738,0,0,1,0,0,0,0,1,1,2,1,0,0,1,0,0,1,0,1,0,-1.3248264670659533,-0.7905476882742581,-0.19955732880960053
4739,1,1,1,0,0,2,0,1,1,1,2,0,0,1,1,2,1,1,2,0,-0.051156136322796884,0.2631420381345091,-1.3403497812607783
4740,0,2,1,0,1,1,0,1,1,0,1,1,1,0,1,1,0,1,2,2,0.08874994993193923,0.14604346610497315,0.5564109316797629
4741,1,0,0,0,0,1,0,1,2,1,2,1,0,1,0,1,1,1,0,1,0.5333057750415752,-0.5747488330688196,-0.36219952901635255
4742,1,0,2,0,0,0,0,1,1,0,0,1,1,1,0,1,2,2,0,1,-2.176378634655571,-0.794136432557912,-0.7941991798378758
4743,1,1,0,1,0,1,0,1,2,0,0,2,0,0,1,0,0,1,1,0,-0.4316964167173143,1.3497471593304249,1.4521068757106441
4744,1,1,0,0,1,0,0,1,1,1,1,1,0,0,0,2,1,1,0,1,0.217521097148194,0.3433171514490644,-0.4404772507399459
4745,1,1,1,0,0,1,1,1,1,1,0,0,1,0,0,0,1,0,1,2,2.047460173331631,1.4654959106958425,2.2178248210849905
4746,1,2,0,0,0,1,0,2,1,1,0,0,0,1,1,1,2,1,0,2,-0.22173303942709321,-0.9090839830759699,-0.32486210861785475
4747,1,0,2,0,0,0,0,0,1,0,0,0,2,1,0,0,0,2,1,1,0.3272932780277918,-2.1122562252040833,-0.8844193300296792
4748,2,1,1,0,1,1,0,0,1,0,0,0,0,1,0,0,0,1,1,1,-0.5649527392594533,0.3652252724437326,-0.6860824748355431
4749,1,1,0,1,0,2,0,0,0,2,0,0,0,0,0,0,2,1,2,1,0.7570070745851826,-0.5846260529784266,0.7285097929408592
4750,1,1,1,0,0,1,0,0,2,0,0,1,1,1,1,0,2,2,0,1,0.24463191317466798,-1.2813824915153733,-1.260850030952546
4751,0,1,1,0,0,2,0,0,1,1,0,0,1,0,0,2,0,0,2,2,-0.6252152844292962,0.9078929064731514,1.439609121514219
4752,2,2,2,0,0,1,0,1,0,1,0,0,0,0,0,0,1,1,0,2,1.0259176473319263,-0.08651665085926552,1.155422176705292
4753,0,1,1,1,0,0,0,0,0,0,0,0,0,0,0,2,2,2,0,1,-0.0673492756244016,0.057117128204025897,0.2764986349723862
4754,0,0,1,0,0,2,0,1,0,0,0,0,0,1,1,0,1,0,1,2,-0.36336055669427525,-0.13131849243122445,0.37852187490425016
4755,0,0,1,0,0,2,0,2,1,0,0,0,0,0,0,1,0,2,1,2,-1.1726922910016973,-0.0069858480612259855,-2.320370925178227
4756,0,1,0,0,0,1,0,1,1,0,0,0,1,0,0,1,0,2,1,1,1.5724180570699984,0.3561988267801678,1.5337824216704599
4757,1,1,1,1,0,0,0,0,1,1,0,0,0,0,2,1,2,1,0,0,0.12705187121751338,-1.4469141200390598,0.036824971917694946
4758,2,0,0,0,0,2,0,0,2,0,0,0,0,0,2,0,2,1,1,1,0.44111003180115743,1.1036785632802992,-0.3127481589431047
4759,0,0,1,0,1,1,0,2,1,1,0,1,0,1,0,0,0,2,2,1,1.2629749403770267,1.0055877568391667,-1.573594851416791
4760,0,0,1,0,1,2,0,1,1,1,0,0,0,0,1,0,2,2,1,2,1.0296904014788189,0.5277229801160002,0.599234774120121
4761,0,1,1,0,0,1,0,0,0,0,1,0,0,0,0,1,2,0,1,2,0.46980045656439345,-0.14108231054422676,-0.05904870086470587
4762,0,1,2,0,0,1,0,1,1,0,0,0,1,0,1,1,1,1,1,0,1.0994823566239427,-1.072044507056485,-0.6293407345667741
4763,1,1,0,0,0,1,0,2,2,0,0,0,0,1,1,1,1,1,0,0,1.1059605551263425,0.6368198505097646,1.8024211110559003
4764,1,1,1,0,0,1,0,2,1,0,0,0,0,1,0,1,1,1,0,0,-0.4778340245093371,-0.32461683202356395,0.08687470050290075
4765,0,2,0,0,0,0,0,0,0,1,0,2,1,1,2,1,2,1,0,1,-0.2651767306735251,-0.452526856536962,1.4191878637395865
4766,0,1,1,1,0,1,0,2,1,1,0,0,0,0,1,0,2,1,1,0,-0.1318518046107683,-1.0701622808248294,-0.16930550625643645
4767,1,1,1,0,0,0,1,1,2,0,0,1,1,0,0,0,1,2,0,1,0.31902542986461707,1.2654610835578775,3.9512699649050456
4768,1,2,1,0,0,1,0,2,0,0,0,0,0,0,1,0,1,0,1,1,0.4900431502786693,-0.04670052687967058,0.8532157210361891
4769,1,1,0,0,0,1,0,1,0,1,0,1,0,0,1,1,2,2,1,1,0.898189577967526,-0.2821626450599406,-0.23443312361495178
4770,1,1,1,0,0,2,0,0,1,0,1,1,0,0,1,1,1,1,0,2,-0.8938494171966564,0.2822790959819384,0.35063164115001655
4771,0,0,0,0,1,1,0,0,0,1,0,1,1,1,0,1,2,2,0,2,0.35566365422960844,0.3283396220639489,1.500085577222356
4772,0,0,1,0,0,1,0,0,0,1,0,0,0,1,1,0,2,1,2,1,0.7187962663999116,-0.7307924195149957,-1.0887191516003818
4773,1,1,2,0,1,0,0,2,0,1,1,0,0,0,1,0,2,1,0,1,-0.27303732765483274,0.7446310274555678,-0.3359298484750722
4774,0,1,1,0,0,1,0,0,0,1,1,0,0,2,0,0,1,0,0,2,-1.188524320247372,-1.36222445471915,-1.1532432077143915
4775,1,0,0,0,0,0,0,1,2,0,1,0,1,0,1,2,0,0,1,2,1.6802473466576497,0.27722632261684504,-0.02877389594948665
4776,2,1,1,0,0,2,0,1,2,1,0,0,0,2,0,0,0,1,0,1,-1.03245703207398,-0.8297946837787914,-0.6729078047790613
4777,1,1,0,0,2,1,1,2,0,0,0,0,1,1,0,0,1,1,0,1,0.31727337654825,0.5676375769597986,-2.1705070953709553
4778,1,1,1,1,1,2,0,2,1,0,0,1,0,1,1,0,0,0,2,1,-1.0307429208417898,2.359364830511201,1.6104573980264294
4779,0,1,1,1,0,1,0,1,1,0,1,0,1,0,0,1,1,1,0,1,-1.074714236189398,-2.118640510453355,0.5135853227823213
4780,0,2,1,0,0,1,0,1,0,0,0,0,2,1,0,1,1,1,1,0,-0.3567225651504901,1.2598670043294218,0.8561941431823794
4781,0,0,0,1,1,1,0,1,1,1,1,0,0,1,0,1,1,1,1,1,-0.6805766924149335,0.9374713456652706,1.1048969970769373
4782,0,1,1,1,0,2,0,1,0,0,2,0,0,0,2,0,1,1,1,0,-0.23620870263176486,-2.0596641888161322,-0.3336510366042953
4783,1,1,0,0,0,2,0,1,2,1,0,0,1,0,1,0,0,1,0,2,-0.3751806828982947,-1.299809590757119,-2.7593822865454145
4784,0,1,0,0,1,2,0,1,1,0,0,0,1,0,0,1,1,1,1,0,2.067786623123028,0.38925195450335587,0.833791907012252
4785,0,1,1,1,0,1,0,1,1,0,0,0,1,1,1,0,1,1,1,2,1.0061952372270104,-0.6561896458428105,1.2864318491915103
4786,1,0,1,0,2,2,0,0,2,0,0,1,1,0,1,0,1,1,1,1,-0.36497096967674203,-0.22446042780575465,1.2241340608725795
4787,2,1,0,0,0,2,0,0,1,1,0,1,1,2,0,1,1,1,1,1,-0.32735395619216273,0.6092162523090949,-0.736371063556124
4788,0,0,1,0,0,1,0,0,0,1,0,0,0,0,1,0,2,1,0,0,1.1958551962907453,0.19518178581443174,0.7855639781915669
4789,0,0,1,1,1,0,0,1,0,0,0,0,0,1,1,1,2,2,1,1,0.5136106936836844,-0.4166767835106586,-0.751966188314939
4790,2,1,0,0,1,2,0,2,2,0,0,0,0,0,1,0,1,1,1,2,0.20018669077009463,-1.3774262037661598,0.4651331203038284
4791,1,1,1,0,1,1,0,0,2,2,1,0,0,1,0,0,1,1,0,2,1.4896810543427348,2.0057634293673723,1.4730356269834326
4792,1,1,0,0,0,0,0,1,0,0,0,0,1,1,0,1,1,0,1,0,-0.8012070104602366,-0.7890049821356936,0.26638915502136906
4793,0,0,1,1,0,1,1,0,2,1,0,0,1,1,0,1,0,1,1,1,-0.06506480879525686,-1.1553511244751502,-0.543496895072294
4794,1,0,1,1,0,0,0,0,2,0,1,0,0,1,1,1,2,1,1,1,0.2064671910215503,-0.10081068223500025,1.4449304190598373
4795,1,1,1,0,1,2,0,0,0,1,1,0,0,1,0,1,1,2,0,1,-0.3652797057767555,0.23328451327938815,0.19147807263783673
4796,0,2,2,0,0,1,0,2,1,0,1,1,1,1,1,0,1,1,0,0,-1.5954530980870014,-0.9191324351768213,0.49646407853299646
4797,0,2,0,0,0,1,0,1,0,1,1,1,0,1,1,0,2,1,0,1,-2.0420300270951226,-1.687965228425452,-2.84634225275333
4798,0,0,1,0,0,1,0,0,0,1,0,0,0,0,1,1,0,2,0,2,0.8801534957421336,1.4707244384267637,1.886575044829238
4799,1,1,1,0,0,0,0,0,1,1,1,2,0,0,0,0,1,2,0,2,1.2191193617705842,2.0505059907592686,0.790307854327788
4800,1,1,0,0,0,1,0,1,1,1,0,1,0,0,1,0,1,1,0,1,0.21042924928662626,2.4762800599536168,1.225409877241677
4801,1,0,0,2,0,1,0,1,2,1,0,0,1,1,1,0,1,1,0,2,-1.0795980536579757,-0.2345019507187313,0.07416844293350722
4802,2,0,1,0,0,1,1,1,1,1,1,1,1,0,0,2,1,0,0,1,-2.051570144247938,0.4218420474963198,-0.8733778637263808
4803,0,1,1,0,0,2,0,1,1,2,0,0,0,2,1,0,2,0,0,1,-1.4889376348781207,1.0938461670450264,-0.6038702932341344
4804,2,2,2,1,1,1,0,1,1,1,1,0,0,0,1,1,1,0,1,1,-0.15074290251153652,-0.08976147970484889,0.11175547409112326
4805,0,0,2,0,0,1,0,1,1,1,0,0,1,1,1,0,2,1,1,1,1.6718556976082626,0.3672180706080213,0.539696545512354
4806,1,2,1,0,1,1,0,0,2,0,1,1,0,0,0,1,1,0,0,0,-0.6780085799331016,0.8974060435430182,2.881982268050739
4807,1,0,1,0,0,1,0,1,1,0,0,0,0,0,0,0,1,0,1,2,-0.06298085608317432,-0.3231361626904828,-0.5558844424182269
4808,0,0,1,0,1,1,0,0,1,1,0,0,0,0,0,1,2,1,1,0,0.09314815714190529,0.4545591433277561,-0.022199176688333738
4809,1,0,1,0,1,1,0,0,0,0,1,0,2,0,0,0,2,1,0,2,-0.08897591445326791,-1.5523727198858106,-0.15160000861608836
4810,1,0,2,1,2,2,0,1,0,0,0,0,1,2,1,0,0,0,0,2,-0.6982847129913039,-0.4194344667790975,0.7140982064033998
4811,0,0,1,0,0,0,0,1,1,0,2,0,1,2,0,0,1,2,1,2,-0.5253901794550889,-0.25992666972559453,-1.315765733549739
4812,1,2,1,0,0,1,0,1,0,0,0,0,1,0,1,0,0,1,1,1,-0.8009312395177216,0.6122026734372598,-3.0804430919769334
4813,2,1,1,0,0,2,0,0,2,0,0,1,0,0,1,1,0,2,1,1,-0.4757240973231472,0.2208734361166888,-1.543092316053086
4814,1,2,0,0,1,0,0,1,0,1,1,1,1,0,0,0,1,1,0,2,0.8686890541684229,-0.39844113982226326,0.7752659556552512
4815,1,1,2,0,0,0,0,2,1,0,0,1,0,0,0,1,1,1,0,0,0.3549453166337942,-2.6298512386715602,1.3869969992741091
4816,2,1,1,0,0,1,0,0,0,0,0,0,1,0,2,0,1,0,0,1,-0.5172575728797073,2.0681823031795292,1.5550277772763446
4817,0,2,0,1,1,2,0,1,1,0,1,0,0,1,1,0,1,1,0,0,1.0134908416407693,-0.41585046608631676,0.954175500894956
4818,1,0,0,1,1,2,0,0,0,0,0,0,0,1,0,0,1,2,2,2,0.03484720121519204,-0.29372725954350803,-1.261264269373828
4819,1,2,2,0,0,1,0,0,0,0,0,0,1,0,0,0,0,1,1,1,-0.7856324109453044,0.35418604616577587,-0.05607634657704244
4820,0,0,1,1,0,1,0,0,0,0,0,0,0,0,2,1,1,0,0,1,-0.05330091373717213,0.5513250220713728,1.424713885056792
4821,1,0,0,0,0,0,0,0,1,1,1,1,0,1,0,1,2,2,1,1,-0.7893907352744769,0.612630641129144,-1.5548326314338317
4822,2,0,1,0,0,1,0,0,1,0,0,0,2,0,0,1,2,0,1,1,-0.8483550555516002,-0.6958552154904033,-0.2589247129876043
4823,1,1,1,0,1,0,0,0,2,1,0,0,0,1,1,0,1,0,1,2,0.5842493546895317,-0.9631908095366838,-0.8135839768482949
4824,1,1,0,1,0,1,0,1,1,0,0,0,1,0,0,0,1,0,1,1,-2.553318995115583,-0.6246018958138614,-2.651433009144771
4825,1,0,0,0,0,0,0,0,1,0,2,0,0,1,0,2,2,1,0,0,0.38504067267091846,0.4197813251285941,-0.19532165844295124
4826,1,2,1,0,0,1,0,0,0,1,0,1,0,0,1,1,2,0,0,0,0.09938652400023469,0.20298064253948922,-0.8428159102328476
4827,2,1,1,0,0,1,0,0,1,0,0,0,0,0,1,1,1,1,1,1,-0.3219617738445613,0.9251412028265285,2.0188950611141596
4828,1,0,0,1,1,1,0,1,1,1,1,0,0,0,0,1,0,0,1,1,1.2773532453682186,1.5635685399287824,2.254189405503636
4829,0,0,0,0,0,0,1,1,1,0,1,1,0,1,0,0,1,2,0,0,-1.4388468012533537,-1.3166742962399667,-0.506080932815044
4830,2,0,1,0,0,1,0,1,0,1,0,0,0,1,1,0,1,0,1,1,-0.612856931230602,-0.26485506252747093,0.42515440753195366
4831,2,1,0,0,1,0,0,1,1,1,0,0,0,1,1,0,2,1,1,1,-0.03841289900314765,1.176134378994575,0.4185933604836263
4832,1,0,1,0,0,1,0,0,0,0,0,0,0,0,0,0,1,2,1,2,-0.1341952302964229,0.003674084173743597,0.6713196854081297
4833,1,1,0,1,0,1,1,0,0,0,0,0,0,1,0,1,1,1,0,2,-0.8518267757136029,0.7799352407857261,0.5164235159741792
4834,0,1,1,0,0,1,0,1,1,2,1,0,1,0,0,1,1,1,0,1,-0.1415603680505021,-0.4447318537456466,-1.7884270881069462
4835,1,0,1,1,1,1,0,2,1,0,0,0,0,2,1,0,1,0,1,1,1.4640883833152956,0.103070448202492,-0.3802718583238267
4836,0,1,1,0,0,0,1,0,1,0,0,1,0,2,2,1,1,1,1,0,0.20626795919807975,1.1509827925623792,1.642985022995048
4837,1,2,2,1,0,0,0,2,0,1,0,0,0,0,0,2,0,1,1,0,0.43541765345794525,2.6611529635790214,2.3316216071716687
4838,1,1,0,0,1,1,0,1,2,1,1,0,1,0,1,1,1,0,1,1,0.7666951252509823,0.8699872395649528,2.440918924170174
4839,1,1,1,1,1,0,0,0,0,1,0,0,0,0,1,0,1,0,1,1,-1.3002552266041905,-0.44711592805155964,-0.5161940111644275
4840,1,1,0,0,0,1,0,0,1,0,1,1,0,0,2,0,1,0,0,2,0.6220841882162755,-0.43778800150544966,-1.1038249974504686
4841,1,0,0,0,0,1,0,0,2,0,1,1,1,1,0,0,1,1,1,2,-1.6928592091013341,-0.38550978805454,-0.7307064559976325
4842,0,2,2,2,1,0,0,1,2,1,1,0,1,1,2,1,2,1,0,1,0.7863929708070769,0.30086869243419273,-0.126973930473829
4843,1,1,1,0,0,1,0,1,0,0,0,0,0,0,1,0,1,0,2,1,-1.5349885954178255,-1.7315609136615044,-0.5144443233202898
4844,0,0,1,0,0,0,0,1,0,0,2,0,1,0,1,1,2,2,1,1,-1.4579066865922898,-0.15286096020789797,-1.0807220486690534
4845,0,1,1,0,0,2,0,0,1,0,0,1,0,0,0,2,2,0,2,2,0.6822444519633218,0.9110417455567024,2.2502418073913595
4846,1,1,1,1,1,0,0,1,0,0,1,0,0,0,0,1,2,2,1,2,-1.6749091801369052,-0.1529569881046569,-1.016365557360098
4847,2,0,0,0,1,2,0,1,2,0,0,1,0,0,1,1,1,1,0,2,0.8614410950627307,0.3750973664175904,1.2097175561227644
4848,1,1,1,0,0,1,0,2,1,2,0,1,0,2,0,0,1,0,1,1,-0.33119548691355044,0.5062392190448535,-1.1312683426355519
4849,1,1,1,0,0,0,0,1,2,2,0,0,0,0,1,0,0,2,0,1,0.8684715906918338,0.4232063143282255,-0.7552351713676688
4850,1,0,1,0,0,1,0,0,1,2,1,0,0,2,0,1,1,1,1,0,-0.5276003939068803,0.9296124487911126,0.29245414268457415
4851,0,0,1,1,0,1,0,0,1,0,1,0,1,0,0,1,0,1,1,2,-0.19389438509371154,1.5137494653185486,0.4111101047498872
4852,2,1,1,0,0,0,0,1,0,0,0,0,0,1,0,0,1,1,1,1,-0.9662874695485304,-0.599323253748232,0.7659403431702732
4853,1,1,1,0,1,0,0,2,1,0,0,0,0,0,1,2,1,1,0,1,1.6005355788804208,0.7802226912548393,0.6141307920450141
4854,0,2,0,0,0,2,1,1,0,0,1,1,1,2,2,0,0,1,1,1,-1.2881222925163436,1.344713925537666,1.9241848598146558
4855,1,1,2,0,0,0,1,1,2,0,1,1,0,0,0,1,2,1,2,2,0.4601372126838188,0.3164524000191227,-0.4054260029348908
4856,1,2,1,0,0,0,0,1,0,0,0,1,0,0,0,1,1,1,0,1,-0.05536278681451554,1.366236163506124,0.24238661142513357
4857,0,1,0,1,0,1,0,2,1,2,0,0,2,0,2,1,1,2,0,1,1.4156978012207266,1.3007785275050603,-0.35088980826696425
4858,2,2,2,0,0,1,0,0,0,0,0,0,0,0,1,1,0,1,1,0,-1.0086966390783891,-0.1940765304676473,0.8868987224398217
4859,1,1,1,1,0,0,1,1,0,1,0,0,0,0,1,0,1,1,2,2,0.03453632976474411,-0.4805995191515804,0.5484905637800053
4860,0,0,1,0,0,0,0,1,1,1,1,0,0,0,0,2,1,0,0,2,0.1965631970791299,-1.1064702506633963,-0.5137144496105075
4861,1,1,1,1,0,1,0,1,1,0,0,0,0,1,0,0,1,0,0,1,-0.13325199962005715,0.21462724301983935,0.1445010241853926
4862,2,2,2,0,0,1,0,0,1,0,1,2,1,1,1,1,2,0,1,1,0.672028904213423,0.298749119357425,0.18709951779574208
4863,2,2,1,0,1,1,0,0,1,0,0,2,0,2,1,0,2,2,0,2,-0.9291715738982315,-0.2824723964611525,1.7196963023173213
4864,1,1,1,1,0,1,0,1,1,0,0,0,0,0,2,1,1,0,0,1,-0.27218568958904904,0.8048710199397551,-0.4026975672090338
4865,0,1,1,1,1,0,0,1,2,0,1,0,0,1,1,0,0,1,2,1,0.009343294219751165,0.756536970904731,0.22960812846088846
4866,0,2,0,0,0,0,0,0,2,0,0,0,0,1,1,2,0,1,0,1,-0.4845449007110018,1.9955587091954898,0.32557779710209167
4867,2,2,1,1,0,0,1,1,1,0,0,1,0,0,1,0,2,1,0,0,-0.7969677728307196,-1.636146726609493,-0.7221631238291373
4868,1,1,0,1,0,1,0,1,0,0,0,1,0,0,1,0,2,1,1,0,-0.49269845555318986,-1.0600206705951483,1.3966691245426301
4869,1,0,1,0,1,1,0,0,2,2,0,0,0,0,1,0,1,1,0,1,0.7205677175902616,-0.8002263517526965,1.9005119408922448
4870,0,2,0,1,0,1,0,1,1,2,1,1,0,0,1,1,1,2,1,1,-0.5939228941182735,-1.8591538753454229,-1.0198756540327167
4871,1,1,0,1,0,0,0,0,2,1,0,0,0,1,0,1,1,0,1,1,-0.5552405317493674,-0.7574794856154494,0.11667624826715356
4872,2,1,0,0,0,0,0,1,1,0,1,0,0,0,1,0,2,1,1,1,1.4407948831787387,-1.4152398067472498,-0.6133857736032489
4873,1,1,1,1,0,0,0,0,0,0,0,1,0,1,0,1,2,1,1,2,0.721483272155206,2.020964268596789,2.1230976393248624
4874,1,1,1,0,0,1,0,2,0,0,0,0,1,0,0,0,1,0,0,1,0.35839631667992705,-0.3876647793842927,-1.4195358157025602
4875,1,1,0,0,0,1,0,1,1,0,0,1,0,0,0,0,2,0,0,1,0.016565166874255837,0.7061550300648679,0.07763683822650463
4876,0,0,0,0,0,0,0,1,0,0,1,0,0,1,1,0,1,0,0,2,-2.23164233232759,-0.4386599057617871,-1.7775532482530685
4877,0,0,0,0,0,1,0,1,0,0,1,0,1,0,1,1,1,0,0,0,0.42948357078673793,-1.1610636887221415,2.1591674584792377
4878,1,1,1,0,1,0,0,1,2,0,1,0,0,1,0,2,0,0,0,1,-0.6134079098646097,-0.05572870060195266,0.2504338426895181
4879,1,0,0,0,0,1,1,0,0,0,0,0,1,1,1,0,1,0,1,1,-0.8015397077486381,0.04810445466700344,-2.5837462343499626
4880,2,1,1,1,1,0,0,0,0,0,0,1,0,0,1,0,0,0,1,1,0.10229226045224431,0.35112170615083355,-0.9661603414454023
4881,1,1,0,0,0,0,0,0,1,1,0,0,0,1,0,0,1,1,0,2,-0.1626571549914754,1.7646174615105419,0.46575069058761953
4882,0,0,0,0,0,0,0,0,0,1,0,0,1,0,1,1,2,0,0,1,0.13912723951994724,-3.4586680680541675,1.5602687818385186
4883,1,1,0,0,0,1,0,0,1,1,0,0,0,0,0,0,1,2,1,1,0.40357061579275394,-0.2547744137819005,0.6463209012552428
4884,1,2,1,0,0,0,0,2,1,1,1,1,1,0,2,0,1,0,0,0,0.03480545488313787,1.2092744347870297,0.27917167401104503
4885,0,0,0,0,1,0,0,0,0,0,1,0,0,1,0,0,1,1,2,1,-0.31639128419052404,-0.012817512563781941,-1.4417144535560071
4886,0,1,1,0,1,0,0,1,0,1,1,1,0,1,1,0,0,0,0,1,1.0589679249459931,1.1078289238021266,0.06311781193177646
4887,0,1,2,1,1,1,1,0,1,0,2,1,0,1,0,0,1,1,0,1,-1.3756292352088129,1.2015209464576642,-0.3345716693989196
4888,0,1,2,1,0,0,0,0,1,1,1,0,0,0,1,1,1,0,1,2,-0.8407453559929158,0.024264036890907864,-0.5298165920390636
4889,0,2,0,0,1,0,1,2,2,0,1,0,0,0,0,1,2,1,2,1,-2.6946999691232016,-1.54391153150008,-1.6808847898091237
4890,1,1,0,0,1,0,0,0,0,0,0,0,0,0,1,0,2,1,1,1,0.2174840481587388,-0.6170543083800223,1.9540177993121426
4891,1,0,1,0,0,1,0,1,0,1,1,0,1,0,2,1,1,1,1,0,0.4693834849054047,0.28128793609377,-0.2877533512731799
4892,1,1,2,1,1,2,0,1,1,1,1,1,0,0,0,2,1,1,0,1,-0.475022174382455,0.33123652739702797,0.07694666583416666
4893,1,1,1,0,0,2,0,1,0,1,0,0,0,1,1,0,1,1,1,1,0.5041347070808571,0.20842012670469212,1.6547646622002685
4894,1,1,0,1,0,1,0,2,1,1,1,0,0,0,0,1,2,0,0,0,-0.1669283086759744,-1.7314840798451498,-1.1966320230785465
4895,0,0,1,1,0,0,0,1,0,1,1,1,1,2,1,0,0,1,0,0,1.8287291812568969,1.126845597577749,-0.980413519220281
4896,1,0,0,1,0,1,0,0,1,0,0,1,0,0,1,0,1,1,1,1,-0.2657342344188343,-1.5053484020156194,-0.8435585314805424
4897,1,0,1,0,0,0,0,1,1,1,0,1,2,0,1,2,1,0,0,1,-0.05370005212258443,-1.539466045272004,0.5601243063959709
4898,2,1,2,0,0,2,0,1,1,0,1,1,0,0,0,2,0,0,0,1,0.6323915327166161,1.7697450227122558,-0.8913904456200867
4899,1,1,1,1,0,1,1,1,1,0,0,0,0,1,1,1,2,1,1,1,-0.34729480325044,1.25018193637216,1.1797568391752649
4900,1,1,1,0,0,1,0,1,2,0,0,0,0,0,1,0,1,1,1,0,-0.9646892321599059,0.3557476548854236,-1.4356686149276938
4901,1,0,1,1,0,0,0,2,1,0,1,0,1,1,2,1,1,1,0,0,2.7154740937980923,-0.7586585224160806,0.45564845023223977
4902,1,0,0,0,0,1,0,1,2,1,2,1,0,1,0,2,1,0,1,1,-0.756757056906516,0.20937122045754084,-0.20352571613227957
4903,2,0,1,0,0,1,1,2,1,2,1,0,1,2,0,0,2,2,0,0,-0.849738704565697,0.2822138885234318,0.13630471793860477
4904,0,1,2,1,0,1,0,0,2,0,0,0,0,0,2,0,1,1,0,1,0.23721876811950363,1.0727771131356332,0.7456811925106925
4905,0,1,2,1,0,1,0,1,0,0,2,0,0,0,1,2,2,0,1,2,-1.4744090272504502,1.8397585331889137,1.8382520483522446
4906,1,2,2,0,0,2,0,1,0,2,0,1,0,0,0,2,2,1,1,0,-1.4544116805822311,-0.37672077812427773,-1.0361806404238676
4907,1,1,0,0,1,1,0,1,1,0,0,1,0,0,1,1,2,1,1,2,-1.21088034916102,-0.9464875052805196,1.3250119396719953
4908,2,1,2,0,0,1,0,2,1,0,0,0,0,0,0,0,1,1,0,0,2.459331108295997,0.8597156801049366,2.016760129649265
4909,0,1,0,0,1,0,0,1,0,0,2,0,1,1,0,1,1,0,1,2,0.8371386315861267,3.260578993733157,3.4181431907759707
4910,2,0,1,0,0,1,0,1,2,0,0,1,0,0,0,1,2,0,0,0,0.026052767089406324,-0.32490428448556374,-1.267636419679169
4911,0,2,1,0,1,0,1,1,0,0,2,0,0,1,0,1,1,2,2,2,-1.0028889156849938,0.027638573652646825,-0.00861880950518612
4912,0,2,1,0,0,0,0,2,0,1,0,0,0,0,1,1,2,2,1,1,-0.7165139663190081,-0.26692544191729534,-1.3616628769517303
4913,0,0,0,0,1,0,0,1,1,0,0,0,0,1,1,2,2,1,0,2,-1.1848052767909885,-0.05868316591636846,-0.2602248378762359
4914,0,1,0,0,0,1,0,0,0,0,0,1,0,1,1,0,1,1,0,0,-0.5298431150448324,1.1286971043006309,1.4944530082012586
4915,1,1,1,0,0,0,0,1,2,1,1,1,0,0,1,0,1,2,0,0,-0.32251078491228635,0.19115652200554217,-0.6366546211120173
4916,0,2,0,0,0,0,0,1,0,1,0,0,0,0,1,0,1,1,2,2,-1.0770971907572944,-0.6322931671082872,1.0034928484367318
4917,0,0,1,1,1,1,0,1,2,1,1,0,0,1,0,0,0,2,1,1,0.12289288028508943,0.07867202805048103,-0.3320789154858771
4918,0,1,0,1,0,1,0,2,2,0,1,0,0,0,1,0,1,2,0,1,0.45249842571002785,-0.2106820880145296,0.24121623915604712
4919,0,1,0,0,0,1,0,2,0,1,1,0,0,1,0,1,0,0,2,2,-1.7658004926571809,-1.5796461939973323,-1.299288146399348
4920,1,0,1,1,0,2,0,1,1,1,0,0,1,0,1,2,2,1,0,2,-0.7969929188739044,-1.5923879270910744,-0.7009257582590734
4921,1,2,2,0,2,1,0,1,2,1,1,1,2,0,1,2,1,0,1,0,0.628997875057243,0.6745880438343734,-0.46307181390273233
4922,0,1,0,0,1,0,0,1,0,0,0,1,1,0,0,1,1,1,2,1,-0.023270794767534915,0.6645583329772513,0.4611081491500588
4923,1,1,1,0,0,1,0,2,1,0,1,0,1,0,1,0,0,0,0,1,-0.2321594311104154,-0.3866220140787853,2.8496964553982957
4924,1,1,2,1,0,2,0,0,1,0,0,2,0,0,1,1,2,1,0,1,0.5662465289522729,-1.062225925433998,-0.1321563617879165
4925,0,2,1,0,0,0,0,1,1,1,1,0,1,1,0,1,1,1,1,2,0.026738450329824998,-0.6052828774019268,1.4339193694358152
4926,1,1,1,0,0,2,0,0,2,1,1,0,0,1,1,0,1,0,1,1,-3.227873017067746,-0.147161254582586,-1.8122804031955853
4927,0,2,0,0,0,0,0,1,1,1,0,1,0,0,1,0,2,1,0,2,0.5840795490231335,0.7915664250807656,0.10667984151222898
4928,0,0,1,0,1,1,0,0,1,1,1,0,0,1,2,0,1,1,1,0,0.2045028201015265,0.01750123486940458,0.5394791320086076
4929,0,0,0,0,1,1,1,1,2,0,0,1,0,1,0,0,0,0,2,1,2.0140129247873237,0.4108809297468616,-0.5536085846309009
4930,0,1,0,0,0,1,0,1,1,1,0,1,0,1,1,1,0,0,0,2,1.7744786265707297,2.090292747510107,1.4701293832565554
4931,1,1,0,0,1,2,0,1,0,0,0,0,1,0,1,0,1,2,0,0,-1.0231858038931143,-1.505233093687428,-1.6133140969772426
4932,1,0,1,0,1,1,0,0,1,1,1,0,0,2,1,1,1,2,1,2,-0.4706756599176965,-0.4576494992217975,-1.1322903944878269
4933,2,1,1,1,0,1,0,1,1,0,0,0,0,1,1,0,1,0,1,1,-0.29507906702924486,0.5173521500252135,0.039443864631585335
4934,0,1,0,1,0,0,0,1,0,1,1,0,0,0,1,2,2,1,0,0,-1.6329668375625317,-0.15795653270492432,-2.67575536760027
4935,1,1,2,1,0,1,0,1,0,0,1,1,0,0,1,1,1,1,1,2,-0.25150978126608275,1.9625808389018402,-0.4718711990927278
4936,0,2,0,0,1,1,0,2,1,0,0,1,0,0,1,0,0,0,1,0,1.0024821137744482,-0.37867936247357087,0.66651109605164
4937,1,1,0,0,0,0,1,0,0,1,1,1,1,0,0,0,1,0,0,0,0.5279574007165813,2.0233141596259014,2.214823004274074
4938,1,0,1,0,0,1,0,0,1,2,0,0,1,0,0,1,0,0,0,1,-2.1460154594783667,-2.7314733291393116,-1.748400112322774
4939,1,1,0,0,0,1,0,2,0,1,1,0,1,0,1,0,1,0,2,0,0.11291238244415855,0.5631239520281435,-0.3073765968236251
4940,1,0,0,0,0,1,0,1,1,1,0,1,0,1,0,0,1,0,1,1,-0.5403535224767052,1.6099504743961242,-0.6712215448513907
4941,1,1,2,0,0,0,0,1,0,0,1,0,0,2,1,0,2,1,0,2,-0.08908993040069264,-0.3064826713356183,-0.72892243879128
4942,1,0,0,0,1,0,0,0,0,0,0,0,1,1,0,2,0,1,1,2,-0.428748119410648,0.7257227455808604,0.3925306104167
4943,0,1,1,0,0,0,0,0,1,1,0,0,0,1,0,1,2,0,0,0,-0.800679987177643,-0.42960431908125024,-1.200783789966669
4944,2,2,1,0,0,0,0,1,1,0,0,0,1,0,1,1,2,0,1,2,-0.1305767040553305,0.5164643001269136,-0.14556305224179764
4945,1,1,2,2,1,0,0,0,0,0,1,1,0,1,1,0,0,1,0,1,0.06123702884027107,1.532998186899811,0.4393634336835525
4946,0,1,1,0,0,1,0,0,2,1,0,0,0,0,1,1,2,0,1,2,0.5019465802603419,-0.3563912200158752,-0.5339505817652868
4947,0,0,0,1,0,1,0,1,0,1,0,0,0,1,0,1,0,2,0,2,-0.23811901521909745,-0.008417196293679263,-0.1364573957607603
4948,0,0,0,1,0,1,0,1,1,0,1,0,0,1,0,0,1,1,0,1,0.7862633689221951,0.6906684703577525,-0.8737138254287591
4949,1,1,1,1,0,2,0,1,0,0,0,0,0,0,1,0,1,1,0,1,0.16265546418429586,-0.16384372976562536,-0.9629859804497174
4950,1,1,0,1,1,1,0,1,1,0,0,0,1,1,0,0,2,2,1,1,-0.9285564282700368,-0.3396102848238448,-1.2297342661306732
4951,1,0,0,0,1,0,0,0,1,0,0,0,0,1,0,1,0,0,0,1,0.7864866943365892,-1.5375817183353735,-0.632775291182483
4952,0,2,0,0,0,1,0,1,0,0,0,0,0,0,0,2,1,0,0,1,-2.3072541952064194,-0.3934044467598461,-1.3582039802541501
4953,1,0,1,0,0,0,1,2,0,1,0,0,1,0,0,1,1,1,1,0,0.0777422559103399,-0.201531234048922,-0.44527388982816946
4954,1,1,0,1,0,1,0,2,0,0,1,0,0,0,0,1,2,0,0,1,0.24207660775183062,0.8547281785148152,1.9228248826232768
4955,1,1,1,1,0,2,0,0,1,0,0,1,0,0,1,0,1,1,1,0,0.5483600993301648,-0.8302613677601222,1.0967575470693718
4956,1,0,1,0,1,1,0,0,2,0,1,0,1,1,1,0,1,0,1,1,-1.421795918212309,-1.3824669111523924,-0.3770203373820243
4957,1,1,1,0,0,0,0,2,0,0,1,0,0,0,2,0,0,2,1,0,-0.4781300530135659,-1.7449296853249254,0.6722890665117561
4958,0,1,1,0,0,0,0,1,1,1,1,0,0,2,1,2,0,1,0,1,-1.5643649042501993,0.5029992540386399,-0.1196871654313969
4959,1,0,0,0,1,1,0,1,1,0,0,0,0,1,1,2,1,1,0,0,-1.0721136665661977,-1.2466378563119764,-0.5455629322761765
4960,1,1,1,1,1,1,0,1,2,0,0,1,1,0,1,1,1,0,1,1,-0.40300621992543734,0.4343550181761948,-0.3582405612303918
4961,0,0,0,0,1,0,0,1,1,1,0,0,0,0,1,0,1,2,1,0,-1.3567760571247127,-2.3387657049987243,-1.0484982987746678
4962,0,1,2,1,1,1,0,1,1,0,0,0,0,0,1,1,2,0,1,0,1.9043756504821037,-0.1417431725044808,0.6471913048890653
4963,0,1,1,0,0,0,0,0,1,0,0,0,1,0,0,0,0,1,0,1,0.2845673147832259,-0.37477796739692976,-0.42099551532989987
4964,0,2,1,0,0,1,0,1,1,1,1,0,0,0,0,0,0,2,1,1,0.5153848268377155,-1.4324129966722974,-0.06682474024093071
4965,0,2,2,0,1,2,0,1,1,0,0,1,1,0,0,0,2,1,0,2,-0.040046451944485285,-0.8368435616581318,0.16004983459045546
4966,1,1,0,0,1,1,0,0,0,0,0,0,0,1,0,0,1,1,1,2,1.0939240117851976,-1.4925828342279615,1.1727518086259219
4967,2,0,1,0,0,0,0,0,2,1,0,0,1,1,1,1,2,1,0,1,1.1396930488312602,-0.6466960688627175,0.4291106666047913
4968,0,1,0,0,0,0,0,0,1,0,0,0,0,0,0,1,1,0,1,0,1.4666853168080862,0.4056829357827094,-1.136506587207723
4969,0,0,1,1,1,1,0,1,2,1,1,0,1,0,0,0,1,2,1,1,0.6009448980867262,-1.9044003334044857,-0.6292363858127108
4970,0,1,2,0,1,0,0,2,1,0,1,1,0,0,0,1,0,0,1,1,-1.8762508031968748,0.9028930836986542,0.14576266683396294
4971,1,1,0,0,0,2,0,0,1,1,0,0,0,1,2,0,2,1,1,0,0.8510865051511117,-0.5415078624863008,1.326164868749483
4972,0,1,2,0,0,0,1,1,1,1,0,0,0,1,0,1,1,2,0,0,0.9103723842067691,-1.2599238405549893,1.116888174494803
4973,0,0,1,0,0,2,0,0,1,1,1,0,1,1,1,0,2,1,0,1,-0.8223781021609543,-0.6419518018638646,-0.6397498162746872
4974,0,0,0,2,1,1,0,1,1,0,1,0,0,0,1,0,0,0,0,0,0.008929969251162484,-0.6512155299236432,-1.2669298815531176
4975,0,1,2,0,0,0,0,0,2,0,0,0,0,0,0,0,1,1,1,1,-0.7620453766370248,0.6132909666716,-0.2724236801641501
4976,0,1,1,0,0,0,0,0,0,0,1,0,0,0,1,1,1,1,0,1,0.7811452194204157,0.34520412687720636,0.6418666763499515
4977,1,1,1,0,0,0,0,0,1,1,1,1,1,0,1,0,0,0,2,1,0.9661937659211894,-1.0726854128365293,-1.5856252461613636
4978,1,2,0,1,0,1,0,1,0,0,0,1,0,1,0,1,1,0,1,1,-2.256253387768647,1.2831933827675739,-0.7029819051426344
4979,1,0,1,0,1,1,0,1,1,0,0,1,1,0,1,0,0,0,0,2,-0.7578028983628118,-0.736770318690523,-0.4643345315820778
4980,0,0,2,1,1,1,0,1,1,1,1,0,1,0,0,0,2,0,1,1,-0.4736463900626836,-0.7151519269112777,0.8594164975404575
4981,1,0,0,0,1,0,0,0,2,0,1,0,0,0,0,2,1,0,0,0,-0.9050286186331106,-1.0441295784178342,-0.3037359168721089
4982,1,0,1,0,0,1,0,1,0,0,1,0,0,0,0,1,0,2,0,1,-0.08481149047198427,-0.720964140571941,-0.02465962697482374
4983,0,2,2,0,0,0,0,0,0,1,0,1,1,2,1,1,1,2,1,1,1.0279975429991195,0.24972466388249526,1.626143594882721
4984,0,2,1,0,0,1,0,2,2,1,0,0,0,0,0,1,1,1,0,1,0.5138912215873939,1.9991708397448031,2.802690521145437
4985,0,1,2,1,1,1,0,1,0,0,1,0,0,0,2,0,1,1,1,2,-0.3497907819591189,-0.5000732988173111,-0.764175800191852
4986,0,0,0,0,0,1,0,0,0,0,0,0,0,1,2,0,2,0,1,2,-0.7325992219127858,-0.2854306868350405,1.6119641800805584
4987,1,1,0,0,1,1,0,1,1,1,0,0,1,1,0,1,0,1,1,2,-2.1939206734588423,-2.8329747342576543,-1.9855658447635494
4988,0,1,1,0,0,0,1,1,0,2,1,0,0,0,0,0,0,0,0,1,-0.2621231290049331,-1.1932304858003338,-0.3620788578909209
4989,0,2,1,0,1,2,0,0,1,0,0,0,0,1,1,1,1,0,1,1,-0.7540775105142745,1.169776601841101,-0.8190560641293061
4990,0,1,0,1,0,1,0,1,1,1,1,0,0,0,0,0,0,0,1,2,-1.6524879557698366,1.0104759022405114,-0.7755889697885545
4991,1,1,1,0,0,1,0,0,0,1,0,0,2,1,1,0,0,0,1,1,0.5221603895065906,-0.9098041970932106,0.5055452671159077
4992,1,2,2,0,1,1,0,2,1,1,0,0,0,1,0,1,1,1,0,2,-0.48301075172364294,-0.7016232392740416,-0.9477680453420944
4993,0,0,0,0,0,1,1,1,0,1,0,0,1,1,0,0,1,0,1,2,-0.8582887271127652,0.9912030611975909,0.8661609779161926
4994,1,1,1,0,0,1,1,1,0,0,0,1,0,0,0,0,1,0,0,1,-1.8270882725320956,-0.8257407629310716,-0.5940250000198504
4995,0,1,1,0,1,2,0,0,0,0,0,0,0,1,1,1,0,1,0,1,-2.6837460557589887,-0.8010911110260559,-0.7558995249039734
4996,1,1,1,0,0,1,0,0,0,0,1,0,1,1,0,0,1,1,0,0,-0.08895289045405544,-0.2393161104907977,1.7447600148073794
4997,1,1,1,0,0,1,0,2,0,1,1,0,0,1,0,1,2,1,1,1,1.129465101350957,1.5052436678284429,0.40706975345926455
4998,0,1,1,0,0,1,0,1,1,0,0,0,0,0,1,1,1,1,1,0,0.5382889116275003,-1.1121136912255858,-1.0697249149377048
4999,1,1,2,1,0,0,1,2,0,1,0,0,0,0,1,0,2,1,0,2,-2.2506230228907365,-0.030670175832290564,-1.6670706742941315
5000,0,1,1,0,0,1,0,0,0,0,2,0,1,0,1,1,1,1,0,2,1.4744380367218068,2.0112838000780657,1.228047535645906
5001,0,1,0,0,0,1,0,0,1,0,0,0,0,1,1,0,1,1,1,1,0.018417867974563126,0.3027058802889728,-0.31368973243257503
5002,2,0,0,1,1,0,0,1,1,1,1,1,0,0,0,0,1,1,0,1,-0.401494430652708,0.1282871783267054,0.8619104584002166
5003,1,2,2,1,1,1,0,2,0,0,0,0,1,0,1,1,0,1,0,1,0.10306444794144301,-0.34391786384269046,-1.4732263218704909
5004,0,2,0,0,0,0,1,0,1,0,0,1,0,1,2,0,1,0,1,1,1.0962174576421209,0.01426375843564609,-2.216709821468548
5005,0,0,1,2,0,1,1,1,1,0,0,1,1,0,0,1,2,1,2,1,0.40364401765523317,-0.9343522387094313,1.1314323864194464
5006,0,0,1,0,1,1,0,1,1,1,0,0,0,0,0,1,2,0,0,2,-0.3049140517907813,-0.9772811627177027,-0.27320378026429404
5007,0,1,0,1,2,0,0,1,2,0,2,1,1,0,0,1,0,1,0,0,-0.3622448681908624,-0.16410137117998796,0.3922615707002751
5008,0,2,1,1,1,1,0,1,0,1,0,0,0,0,1,1,1,1,0,1,1.4604785589146292,0.6099801453220738,1.1059399089929223
5009,1,1,1,0,1,2,0,0,1,1,1,0,0,0,1,0,1,0,1,1,-0.297408188679931,1.5486792543900876,0.5595457122692256
5010,1,0,0,0,0,0,0,2,1,0,1,0,0,2,0,0,1,0,0,1,-2.5222241501264016,0.21969060556948583,-2.342189074465562
5011,0,2,0,0,1,2,1,0,2,1,0,0,0,1,1,1,1,0,0,2,-1.8456538265075584,1.3204269260530783,1.132736858477216
5012,1,2,1,0,0,1,0,1,1,0,1,0,0,0,1,2,1,1,2,0,1.0443022870873324,1.0023003208188868,0.11233708903096984
5013,1,1,1,0,0,1,0,0,2,0,0,1,0,0,0,0,2,1,2,1,-1.0290439303163077,-2.0677370437724663,-1.2162761232005697
5014,1,1,0,0,1,2,0,1,1,1,1,0,1,1,0,1,0,0,0,1,-1.1209772701760823,1.981808380056284,-0.2696401485129398
5015,0,0,2,0,0,2,0,0,0,2,1,1,1,1,0,0,1,1,1,2,0.7686267490543233,1.3389468370612232,0.5466239052012597
5016,2,1,2,1,0,0,1,1,0,1,0,0,1,0,1,1,1,1,0,1,0.9115904244728857,0.9292312104369447,0.5020519802141871
5017,0,1,1,1,1,1,0,2,0,0,1,0,0,1,1,1,1,1,0,0,0.6900843380152346,-1.9147000179968714,-0.15012429990638987
5018,0,0,0,0,0,2,1,1,0,1,2,0,0,1,1,2,2,0,0,1,-0.7753985213887381,-1.1370506086165948,-0.5531423453389374
5019,2,2,0,0,0,1,0,0,1,0,0,0,0,0,2,0,1,1,1,1,-1.0531462495134163,0.5740589673253348,0.0199471212645429
5020,2,1,1,0,0,2,0,0,1,1,0,0,0,1,1,0,1,0,1,2,0.7320319852973661,-0.6121284925303696,-0.08621087876138153
5021,0,1,1,0,0,1,0,2,1,0,1,0,0,0,1,1,1,0,1,0,-0.19044784226326866,-0.9303690384216232,-0.2238997369391809
5022,0,2,0,0,0,0,0,2,0,0,0,0,0,1,1,0,1,1,0,1,1.6685876881573098,0.6208713034714994,1.3611879481099862
5023,0,2,0,1,0,2,0,1,1,0,0,1,0,0,0,2,2,0,1,1,1.1440339483346975,-0.09809991045012911,-1.3863824395971678
5024,1,1,0,0,1,1,0,1,1,0,0,0,0,0,0,1,1,0,0,1,-0.5609333188225136,0.07163282856557279,-1.445604213028079
5025,2,1,1,1,0,2,0,1,1,0,0,0,0,0,1,0,0,2,2,1,-1.0087981271775828,-1.3396581402521597,1.5776842201984547
5026,1,2,1,2,0,0,0,1,0,0,0,0,0,0,0,1,1,1,0,2,-0.3327615830420903,0.3267523339477264,1.3614206179367376
5027,2,1,0,0,0,2,0,2,0,0,1,0,0,0,0,0,2,1,1,0,1.143375494425607,0.015770979077036174,-0.2995783976829455
5028,0,1,1,0,0,0,0,1,0,0,0,0,1,2,0,0,1,1,2,0,-0.5344301376805897,0.74982654179088,1.8382884163171456
5029,1,0,2,1,1,1,0,1,1,1,0,0,0,0,1,1,1,0,1,0,0.9208793384592241,-0.6806728417708285,-1.6052298581923634
5030,1,1,0,0,1,1,0,2,0,1,0,0,1,0,0,1,1,0,1,1,-0.06238375295251065,0.11930101758420364,0.8534368940525225
5031,1,0,2,0,0,1,0,0,2,2,0,0,0,0,1,1,0,0,2,2,0.8744678221709286,-1.6867377559426402,0.0980844286439006
5032,2,1,0,0,0,1,0,1,1,0,1,0,0,0,0,0,0,1,0,1,0.8163600478745618,0.29556425334998027,1.8810328222677148
5033,1,0,0,0,0,2,0,2,1,0,0,0,0,0,0,1,1,1,1,1,-0.13891751171596148,0.1275719442527611,0.4977960800528957
5034,0,1,2,1,0,1,0,1,1,0,0,1,1,0,0,0,1,1,0,0,-0.5291908345780089,0.3381589944711515,1.5813853188672427
5035,0,2,0,0,1,0,0,1,0,1,1,1,1,1,0,0,1,1,1,1,-0.32163543120665633,-0.2973864876432975,-0.181422880238103
5036,0,2,0,0,1,0,0,0,1,0,0,0,0,0,0,0,2,1,1,2,1.8122646734508157,-0.47618361066818593,-0.05507469828454037
5037,1,0,0,1,0,0,0,0,1,2,1,1,1,1,2,1,2,1,0,0,1.8903986022363652,1.3753754077468592,2.7316307460693565
5038,1,2,0,0,0,1,0,0,0,1,0,0,0,0,0,0,1,1,1,1,0.5331206872413992,0.1904523299911417,0.39916749543820684
5039,0,1,0,0,0,1,0,1,0,0,0,0,0,1,1,0,0,1,0,0,1.4409422830615741,0.9356991030029411,1.2641298722884469
5040,0,1,2,0,0,1,1,2,2,1,0,1,0,1,0,0,1,1,2,1,-0.8625846354644043,0.09973504207790548,-0.7599532409120842
5041,2,1,0,0,0,2,0,2,0,0,0,0,0,0,1,2,1,0,0,1,-0.6728811667606702,0.050286198172459384,-1.2905318969853676
5042,0,1,0,0,1,2,0,0,2,1,0,0,0,0,1,1,2,1,1,0,0.09006301812529495,-2.1101356960666813,0.6674903704237746
5043,1,0,1,1,0,0,0,0,1,1,0,0,0,1,2,0,1,0,0,1,-0.15139194405241785,0.42593449123347554,-0.023569790007566788
5044,1,0,1,0,1,2,0,1,0,0,0,0,0,0,0,0,1,0,0,1,-1.2129572142441192,-0.34702959498855684,-0.014486023131065395
5045,1,0,1,1,0,2,0,0,2,0,0,1,0,0,0,0,1,1,1,1,-0.8442947542641945,-0.9894881544250694,-0.19645184200165433
5046,1,2,0,1,1,1,0,1,1,1,1,0,0,0,0,1,0,1,1,0,0.06994445190049295,-1.4861701163470165,0.7265339056046841
5047,2,1,0,0,0,1,0,1,1,1,0,0,1,1,0,0,1,1,1,2,0.27660686834513765,-0.6812247049700986,-0.9837330492476267
5048,1,1,1,1,1,0,1,1,0,2,0,0,1,1,1,0,1,2,0,1,0.41095884367148955,-0.29488907237379475,-1.6453848331702325
5049,0,0,0,0,0,2,0,0,0,1,0,1,0,1,0,1,0,0,1,1,0.9176516278023417,0.2793277141021716,-1.3918976436540391
5050,1,1,1,0,0,2,0,1,0,0,1,0,1,0,1,1,1,2,2,1,-0.34664544445468093,1.6140199311414298,-0.4583722374627278
5051,1,2,0,0,0,2,0,1,0,0,1,0,0,1,1,0,2,0,1,0,-0.7699620563199732,0.4428631785631529,0.5063131659267343
5052,0,1,1,0,0,0,0,2,1,0,1,0,0,0,0,2,2,2,1,0,0.30437426172744525,-0.3281588291241597,-1.5453897919802937
5053,2,0,1,0,0,0,0,0,1,0,0,0,0,1,0,0,0,1,0,1,0.1636384644606898,-0.9291237457788262,-1.0500507764216556
5054,1,0,0,1,0,0,0,2,0,1,0,0,0,1,0,0,0,1,0,1,0.4402468573960223,1.502415492107771,0.593851436501587
5055,1,2,0,0,0,1,0,2,0,0,0,1,1,1,1,1,0,0,0,1,0.8281314723147402,1.9252292983485528,1.6913070953481013
5056,0,0,1,0,0,1,0,2,1,1,0,0,0,0,0,1,1,1,1,1,0.004513057253074915,-1.5485059536504697,0.10943342932140644
5057,1,1,2,1,2,0,1,2,1,0,0,1,0,0,0,0,1,2,0,0,1.2207565817418395,-0.7591884129716052,1.8795000293309234
5058,1,0,1,0,1,1,0,1,1,0,0,0,0,1,1,0,0,0,1,0,0.5098349362367212,-1.6910074828432597,1.07371058682817
5059,1,2,1,0,1,0,0,0,1,0,0,1,1,1,1,1,2,1,1,1,0.11528957060472675,0.23734050867368803,-0.6824789202234437
5060,0,0,0,0,1,2,0,1,1,1,0,0,0,1,0,1,1,2,1,1,1.0253213166667443,0.6299643796480612,0.4747483881092587
5061,0,0,1,2,0,2,0,0,1,1,0,0,1,0,0,0,1,1,0,0,-1.0340079661442423,0.3839703184338681,-0.11346528582951035
5062,1,2,1,0,0,2,1,0,2,1,1,1,1,0,0,0,1,0,0,1,1.0259340270555588,-1.2715073232623122,0.5941616712637598
5063,0,0,0,1,0,0,0,0,0,0,0,1,0,1,0,0,1,2,0,1,1.7613057066131688,0.9516687464949489,2.79482725424681
5064,1,2,1,0,0,1,0,2,2,0,1,1,0,0,0,1,0,0,0,1,0.42908229312502055,0.8836804660044364,0.5380301163389565
5065,1,0,1,1,0,1,0,2,1,1,0,0,0,0,1,0,1,0,1,0,-0.8825637498539028,-0.559778331101551,0.405667438587357
5066,1,0,1,0,0,0,0,0,0,2,1,0,1,1,0,0,2,1,1,0,0.604564537296939,-0.38217672836958544,0.11766715101068256
5067,1,2,1,0,0,0,0,1,0,1,1,0,0,0,1,0,0,2,0,1,0.44764523010624613,-0.07601968756322297,1.435891611189602
5068,1,0,0,2,0,1,1,0,1,0,1,1,1,0,0,1,1,1,1,1,-1.2197333101707406,-0.09069198589720731,0.33249241344168
5069,0,1,1,0,2,1,0,1,1,0,0,0,0,0,1,0,2,0,0,2,-0.20153513789075136,0.6520796092505643,-0.9498540927454593
5070,0,0,0,0,1,0,0,1,1,0,0,1,2,2,0,1,0,1,0,0,0.01147060471464395,-1.0194175152145262,-1.6893168303069637
5071,1,1,1,0,0,0,0,2,1,0,2,1,1,1,0,1,1,2,1,1,0.1541604119645659,-1.0279576567619468,-1.4322837584549295
5072,0,1,1,1,0,2,0,0,2,1,0,0,0,0,0,0,2,0,0,2,-2.043748829365043,0.964121656574718,1.0417352774496225
5073,1,0,1,0,0,1,0,1,2,1,1,1,1,0,0,0,0,1,2,1,1.4004358675232624,-0.4419441002954468,0.6363292520504957
5074,1,0,1,0,0,1,0,0,2,1,0,1,1,2,0,1,2,0,0,0,0.08801423122370428,-1.2757276603645202,0.7674101708814882
5075,0,1,1,0,0,1,0,1,1,0,1,1,0,0,1,0,1,1,2,2,0.04944830209809804,0.7146251064448146,1.0288341074402956
5076,0,1,1,0,0,1,1,0,2,2,0,0,1,0,1,0,1,1,1,1,-1.167709357105528,-0.850508409058603,-1.1344928391254423
5077,0,2,1,1,0,1,0,1,1,0,0,0,0,1,1,0,2,0,1,0,-1.5559136733919634,-1.2268607971938548,-0.5990272123954918
5078,1,2,2,0,0,1,0,2,0,0,0,1,1,0,0,0,1,0,0,2,0.32778292111555,0.36625486551917547,0.13357277295027176
5079,1,1,0,0,0,0,0,0,0,0,0,1,0,0,0,0,0,1,0,2,0.01275577389179774,0.025959994455204527,0.6170905838074109
5080,1,0,2,0,0,0,0,2,1,0,1,0,0,0,1,1,0,1,0,1,-1.8370691416683147,0.5585021274158681,-1.0002064522737317
5081,0,1,1,0,1,0,0,1,0,1,0,0,0,2,0,0,0,1,1,0,1.0187055318996157,1.0399361446627018,0.7756370270497621
5082,1,0,1,0,0,1,0,2,1,0,1,0,0,0,0,0,1,2,1,0,-2.3366789861035806,-0.8977747504329427,-1.6929530486742186
5083,0,1,0,0,1,2,0,2,0,0,0,2,0,1,1,0,0,2,0,0,-0.35681033231658704,-1.4078013975698669,-0.06785947151089392
5084,0,0,0,1,1,2,0,0,2,0,0,0,0,0,0,1,0,0,2,0,0.5803772357430023,-0.9727847101767697,0.28546533567263344
5085,1,0,0,0,0,1,0,0,1,2,0,0,1,0,0,0,1,1,1,0,-0.9504711834509054,0.7660883549846824,-1.946978092277454
5086,1,1,0,0,0,1,0,1,0,1,0,0,0,0,0,0,2,1,1,0,-0.1641259512309283,1.0904321612103436,2.82715086194041
5087,0,1,2,0,0,0,0,0,2,0,1,1,0,0,1,1,1,0,0,0,-0.4644000013351458,-0.14848208516859396,1.5474009167046674
5088,0,1,2,0,1,1,0,0,2,1,1,0,1,1,0,1,2,1,0,2,0.7728936636066591,0.6092006673326084,0.8877702576191462
5089,1,2,1,0,1,0,0,1,1,0,2,0,0,1,1,1,1,1,0,1,-1.0298151519233225,-0.5708952736081983,0.22439317023797622
5090,0,1,1,0,1,2,1,0,1,0,0,1,0,1,1,0,2,1,0,2,0.209510109888105,-0.7222538297348029,1.8235072245214885
5091,0,1,1,0,1,2,0,0,1,0,1,1,1,0,0,1,0,1,1,1,-0.4736164809313048,0.13223600462366142,1.9624809967129082
5092,2,1,2,0,1,1,0,0,1,0,0,0,0,0,1,1,1,1,1,1,-0.6939192487690314,-0.5232672171553651,-0.32274500868478584
5093,1,2,1,0,0,0,0,1,1,0,0,0,0,1,1,0,2,1,0,1,0.461613388542312,0.5723673253798077,1.4641926305947208
5094,0,1,1,0,0,0,0,2,2,0,0,0,0,0,1,0,0,0,1,0,0.8640076059534033,1.4434797398375365,0.40256299257758943
5095,1,1,0,0,0,0,0,1,0,0,0,1,0,0,0,2,1,0,1,1,-0.4327295234844308,-1.7885179716055846,-0.5720837944562999
5096,1,0,1,0,0,1,0,1,2,1,0,1,0,1,0,1,1,1,1,1,1.875626298231235,-0.06378229033277516,2.2730368715905334
5097,0,1,1,1,0,0,0,0,1,1,0,0,0,0,1,0,2,1,1,1,-0.3773558769483137,-2.432503015628641,-0.8185836943922074
5098,0,2,1,0,0,0,0,0,1,1,1,0,0,2,1,1,1,1,0,1,-0.031219013771740745,1.252838520655775,0.34278294275641596
5099,1,1,2,1,0,1,0,2,2,1,0,1,0,0,1,1,1,1,0,1,-0.004789018728045306,0.521635580027927,0.2579875978882916
5100,2,0,2,0,0,1,0,1,0,0,1,1,1,0,1,0,0,1,0,0,0.02978108705163441,-1.07177663242508,-0.9110772446181921
5101,2,2,0,0,0,0,0,0,1,2,0,0,0,1,0,0,2,0,1,2,1.3183957208478707,1.8485461371999512,-0.18979726403285513
5102,0,2,0,0,0,1,1,0,1,0,0,0,2,0,0,1,1,1,1,2,-1.269211194747574,-0.1693990262527595,-1.3306558639514012
5103,1,0,2,0,1,1,0,0,1,0,1,0,0,1,0,0,1,1,2,0,1.0891539839843003,-0.7198497249246953,-0.08547512589150075
5104,2,0,2,0,0,1,0,1,1,1,1,0,0,0,2,1,2,0,2,0,-1.1270393209947742,-0.35057039503474186,1.7618799033349073
5105,0,0,1,0,0,0,0,0,2,1,2,1,0,1,1,1,2,0,1,0,1.29599212290173,0.415577369598667,0.020248679072152664
5106,1,1,2,0,0,0,1,1,0,0,0,0,0,1,2,0,1,1,2,0,-1.0848705303349686,-0.6336315993625983,0.2712294140008257
5107,0,0,2,1,0,0,1,0,0,2,0,0,0,0,0,0,1,0,1,1,-0.5510615613583466,-0.12457892097148243,0.2616785107520291
5108,1,1,0,1,0,1,0,1,1,0,0,0,0,1,1,1,0,0,0,0,0.6836882518797698,-0.48290810904663156,-0.564499287309515
5109,1,1,0,0,0,1,0,0,0,0,0,0,0,1,0,1,2,0,0,2,-1.000727504830967,0.03138511927287982,0.4940293084628882
5110,0,1,0,0,1,1,0,1,1,0,0,0,1,0,1,0,0,1,2,2,0.538348406783108,-1.4307775723589011,0.22177457235389414
5111,0,0,2,1,1,1,0,1,1,1,0,0,0,0,1,1,2,0,0,1,-2.097836904671272,-1.3468366243294017,-1.6329285594290894
5112,1,0,1,2,0,0,0,2,2,1,0,0,0,1,0,0,0,2,0,0,-0.8222576729866772,0.5056177013242698,0.8624354499112554
5113,1,1,1,0,0,1,0,0,0,1,0,0,0,1,1,1,1,1,1,1,-0.056688290443891814,-1.7054848846911665,-2.1469762200263007
5114,0,1,1,0,1,1,0,0,1,0,1,0,0,0,1,0,1,1,0,1,0.3214413942235941,-0.5503099097745292,-0.4752971418757782
5115,0,0,0,1,0,2,0,0,1,0,0,1,0,0,0,0,1,0,0,0,1.4169692483677432,-1.4406751688181918,1.900676901778124
5116,2,0,0,0,1,0,0,0,2,2,1,0,2,0,0,1,1,0,2,2,0.29299968069160104,-1.0265165896012933,0.09660890237192941
5117,0,1,2,1,0,1,0,1,1,1,0,1,1,0,1,2,2,1,1,1,1.0896578357986852,-1.0786228693535362,0.7719196316393979
5118,0,0,0,0,0,1,0,1,2,0,0,0,0,0,1,2,1,1,1,1,-1.252001173936043,-0.43274194965530965,-1.1549274716540885
5119,1,0,2,0,0,2,0,1,0,0,1,0,1,0,0,2,0,0,0,0,-1.7503298461139853,-0.3740681391766336,-0.8056526218423028
5120,1,1,1,0,1,1,0,1,0,1,1,1,0,1,1,0,2,1,1,2,1.223200834245178,0.8742952948361975,2.8099473869081972
5121,0,1,0,0,0,1,0,1,1,1,1,0,0,0,0,0,1,1,1,2,-1.4863693894286287,0.11900234761565992,-0.5629394984560055
5122,2,1,0,0,0,2,0,0,1,0,0,2,0,0,1,0,1,1,1,0,-0.7278505394521149,0.06917233328283179,-0.13449455229935084
5123,2,0,1,0,0,1,0,2,1,1,1,0,1,0,1,1,1,1,0,2,0.7993550089646749,-0.14305665560169234,0.7586232559647426
5124,0,1,0,0,1,0,0,0,1,1,0,0,0,1,0,1,0,0,0,1,-1.203865104488317,-1.2584522835195429,1.5685615648435718
5125,0,0,0,1,1,1,0,1,1,0,0,1,1,1,0,0,1,1,1,2,-0.3680350942644637,1.1992386133822486,-0.46475926557768477
5126,2,0,0,0,1,1,0,1,0,0,0,0,0,2,0,2,1,1,0,1,0.15289313390963716,0.727914798130121,0.5435022805180142
5127,0,0,1,0,0,0,0,2,0,1,0,0,0,1,0,1,1,0,1,1,1.6019048843112718,0.24582561245339463,1.083822302109513
5128,0,0,1,0,0,1,0,0,0,0,1,0,0,0,0,0,0,1,0,1,-1.1151699901258816,1.1841106450078174,0.26826894804047924
5129,1,0,0,0,0,0,0,0,0,0,1,0,0,1,1,0,0,2,1,0,-1.1979177569574457,-1.301787421667479,-0.8100312577723665
5130,0,1,2,1,0,2,1,1,2,1,0,0,0,0,2,1,1,1,1,2,-1.9420526028944045,-2.5596561317498554,-2.847995980215275
5131,1,0,1,1,1,0,0,0,0,0,1,0,0,0,1,0,1,1,1,2,1.6525481910434823,1.0936054484713515,-0.3042461299494139
5132,1,0,2,0,0,1,0,1,0,0,0,0,2,0,0,1,2,2,1,1,-1.0146925657638701,-0.9557260883298531,-0.5470711795827746
5133,1,0,1,1,0,0,0,2,1,1,0,0,0,1,0,0,1,1,1,1,-0.4721500008490682,0.1720035456604909,0.5078541746827838
5134,2,0,2,0,0,0,0,1,1,0,1,1,0,1,0,1,1,1,0,1,1.9019469242623805,0.1532567783886435,1.789137538886025
5135,0,1,1,1,0,1,0,0,0,0,0,0,1,0,1,1,1,1,0,1,-2.141877942956024,0.2989390424280123,-0.26944134460660296
5136,0,0,1,0,0,2,1,2,1,0,0,0,0,0,0,0,1,1,1,1,-1.15025912845439,-0.006440003189188748,-1.2369728128374153
5137,1,0,2,0,1,0,0,0,0,0,0,0,1,1,1,0,1,1,1,1,0.12028949446340792,0.7837913652736991,-1.2616152055275582
5138,1,0,1,0,1,2,1,1,1,0,0,1,1,0,1,1,1,0,0,2,0.9394605025799418,0.8602549139509839,0.9094879914585783
5139,1,1,1,1,0,2,0,2,0,0,0,1,1,2,1,0,1,1,0,2,-1.1801849771253548,-0.526945176028595,-1.6129674215038041
5140,0,1,1,1,2,0,0,2,0,0,1,0,0,0,0,0,0,1,1,1,1.068635192782625,0.8580726948615969,-0.38722497581602644
5141,1,2,1,0,0,1,0,2,1,0,0,2,0,0,1,0,1,1,0,0,0.35581801798328655,0.12303251696097267,2.5309940228141814
5142,2,0,1,0,0,2,1,0,0,1,0,0,0,1,1,0,0,1,1,1,-0.9390676283363671,-1.0228343438948646,-2.4069097218443964
5143,0,1,1,0,1,0,1,1,0,0,1,0,0,0,2,2,2,0,1,1,1.336492781459676,0.7901063244212877,-0.18977220333659894
5144,2,1,1,0,0,0,0,1,0,0,0,0,1,1,1,1,1,0,0,1,1.4243260774427893,-0.5198267113298041,0.5336483637034374
5145,1,1,0,0,0,1,0,0,0,1,1,0,0,1,0,2,2,0,0,0,-0.17222803045592092,-0.8708576698781761,-1.6307529501820708
5146,1,2,1,1,1,1,0,0,1,0,0,0,2,0,0,1,1,2,2,0,0.905999425805186,-1.3706873680182052,-0.45378522965237067
5147,0,1,1,1,0,0,0,1,1,1,1,0,1,1,1,1,1,1,1,1,1.1922810671131603,-1.1084258128715696,-0.6573044642095098
5148,1,1,0,1,1,0,0,2,0,2,1,0,1,0,1,1,0,1,2,1,0.734913165234397,0.5596264113949597,-0.70142411333754
5149,1,0,2,0,1,1,1,1,1,1,1,0,0,0,2,1,1,1,2,1,-0.5306575059617137,2.012578558694475,1.5101981148073067
5150,1,2,2,1,0,1,0,1,1,0,0,1,0,0,1,1,2,1,1,0,-0.9363182523669565,0.3972562153129139,1.1401976284196786
5151,0,1,0,0,0,1,0,0,1,1,0,0,0,1,0,0,1,1,0,2,-1.537521893103465,-1.9966268297823546,-0.34537541282068085
5152,2,0,1,0,1,2,0,0,0,1,0,1,0,0,0,0,0,0,1,1,0.8464220042542471,0.2735753263876036,-1.3229631301735605
5153,1,2,1,0,0,1,0,1,1,0,0,0,0,1,0,1,1,1,0,1,-0.6317029149175556,-0.1769864954012044,0.9277293546343462
5154,1,2,0,0,0,0,0,1,0,0,0,0,1,1,1,0,1,1,0,0,0.2755046700865395,0.15302722367423435,0.2301471213984534
5155,1,0,1,0,0,0,0,1,0,0,0,1,0,0,0,0,1,1,1,1,-1.0044392714105626,-1.3475892343200055,-0.7727352133156997
5156,1,0,0,0,0,2,0,2,1,1,0,0,0,1,1,0,1,1,0,1,1.8197973534847844,1.2356939278931636,0.86851691918303
5157,0,1,0,0,0,1,0,2,0,2,0,0,0,0,2,0,2,1,0,2,1.6568314081794004,-1.9797699617630977,0.49318951336619943
5158,1,1,1,1,0,0,0,0,1,2,0,1,0,1,0,0,1,1,1,2,0.20640553160253355,0.3423464814197573,-0.9568256594596716
5159,1,0,1,1,0,2,0,0,0,1,1,0,0,0,0,0,2,0,1,1,1.3829764482013251,-0.25711109023314255,-0.5819467724159868
5160,1,1,1,0,0,1,0,0,2,0,0,0,0,1,0,0,0,1,1,1,-0.5077100788171591,-0.9917106277082166,-0.15591977602808377
5161,2,0,1,0,0,1,0,0,1,1,0,1,1,1,0,0,2,1,0,1,-0.3505592956348013,-0.9780654924919581,0.006635486001112023
5162,0,1,1,0,0,1,0,1,0,0,0,0,0,1,0,0,0,1,1,1,-0.7553002382927393,-1.4577586261473134,-1.0013077874985643
5163,1,1,2,0,0,0,0,1,1,0,0,0,1,2,1,0,0,1,2,1,1.1019223323048857,1.4856053896285966,0.7085912487534772
5164,1,0,1,1,1,1,0,0,1,0,0,0,0,0,0,1,0,2,0,0,-0.23397042366868054,1.0503614809144741,0.004700549661380171
5165,0,2,0,0,0,1,0,0,1,1,0,1,0,1,0,0,2,2,1,1,-0.8663823028588896,-1.1311763891075985,-2.1787974034963415
5166,1,2,1,0,0,1,0,0,0,2,0,0,0,0,1,1,1,1,0,1,0.9927569231937955,-0.2894032387840453,-0.7704912204482632
5167,0,2,1,0,0,0,1,2,0,1,0,1,0,0,0,0,1,2,0,1,0.883500657184012,1.4528325128189488,-0.0005708861116948682
5168,1,0,1,0,0,1,0,1,2,0,1,1,0,1,0,1,0,1,1,0,1.0488096476632638,-0.46902590314100134,-0.4626413095348545
5169,0,2,1,0,1,2,0,2,0,1,0,0,0,1,1,2,1,0,1,0,-2.299961907703166,-0.011699852954839718,-2.07360704975304
5170,2,0,1,0,1,1,0,1,0,1,1,1,0,1,0,1,1,1,1,2,-0.5123861317150421,-1.0227998058495456,-0.9802525419917891
5171,0,1,1,0,0,0,0,1,0,0,0,0,0,1,0,0,2,2,0,2,-1.404103645640728,0.3624323089681324,0.5082260966183851
5172,0,0,1,1,0,1,0,1,2,1,0,0,0,0,0,1,0,0,2,1,-0.4661417531633932,-0.029240207646117067,0.04057379352954746
5173,0,1,0,0,0,0,0,0,0,1,1,1,0,0,0,1,0,1,1,1,-0.8388284595338207,-0.6630785773064837,-1.3792090411608746
5174,0,1,1,0,0,2,0,1,2,0,1,1,0,0,0,1,2,1,0,0,-0.7343604363247085,1.0439594423546819,-0.4640652909326977
5175,1,0,1,0,0,1,0,1,0,0,0,0,1,0,1,2,2,1,0,2,1.9643530126888635,0.21940771866324155,1.289551701535088
5176,1,1,0,0,0,1,0,1,1,1,0,0,1,1,0,1,1,0,0,0,-0.8430435630594861,1.618921185701213,1.5182821955168126
5177,1,1,2,0,1,0,0,2,2,1,0,0,0,0,1,1,2,1,1,2,0.536478561676749,0.23562385784477974,1.3741417304274144
5178,1,0,2,0,0,1,0,0,0,0,0,0,0,0,0,0,2,0,2,0,-0.2242782256707323,0.3546283416559229,0.4180036525976369
5179,1,0,0,0,0,1,1,1,0,1,0,0,0,2,1,0,1,0,0,1,-0.7047590176470879,1.6795811326203889,3.2702592254924148
5180,0,1,1,0,0,2,0,1,2,1,0,0,1,1,2,0,1,0,1,2,0.7967106553013042,-0.410347613972202,0.8248683415951034
5181,1,0,1,0,1,1,0,1,0,1,0,0,0,1,0,0,0,2,2,1,1.2362397148543747,-0.3811897529653194,-0.9719761463666449
5182,0,1,0,0,0,1,0,1,0,0,0,1,0,0,0,0,0,1,1,1,1.244870175269371,-0.6942885279322417,2.450105210719107
5183,1,1,1,0,0,2,1,0,2,0,0,0,1,0,0,1,2,0,1,2,0.639235837866188,0.41552181218670536,1.7734568573747262
5184,2,1,2,0,0,1,0,1,0,0,0,1,0,0,1,1,1,1,0,0,1.1924676123227678,0.8683183565323535,1.4762268161092909
5185,1,1,0,0,1,1,0,0,1,1,0,1,1,1,1,1,1,2,1,2,-0.09656081860683001,-0.5399267219610623,-0.481870860347097
5186,1,2,0,0,0,2,0,1,0,0,0,1,0,1,0,0,1,0,1,0,-0.445310264811128,-0.1499098745601,-0.04625093248422149
5187,1,1,0,0,0,0,0,1,0,2,0,0,0,2,0,2,0,1,1,1,-0.3265600571836641,-0.31599592995817516,1.0904918615290824
5188,0,1,2,0,0,1,0,2,2,1,0,0,0,1,0,0,1,1,0,1,0.5943361944653452,1.3987868598658444,0.7364610943778157
5189,0,1,1,0,0,2,0,1,1,0,0,1,0,0,1,2,0,2,1,2,1.1621005774360453,1.2173662013982085,0.34111232172329053
5190,1,1,0,0,0,2,0,1,1,1,0,1,0,0,1,0,1,2,0,1,0.9558882080915336,0.635451992562314,1.4831479486023502
5191,1,1,0,0,1,1,0,0,0,1,0,0,1,1,0,0,0,1,1,0,-1.7527186384841584,0.04151176759951625,-1.3997244044582557
5192,1,1,0,0,0,1,0,2,1,0,0,0,0,1,2,0,1,1,0,1,1.3605520528433523,0.015112706182556335,0.07459438416554853
5193,0,2,1,0,1,1,0,1,1,0,0,0,0,0,1,0,0,0,0,1,0.08973174061761069,-1.9051280695283483,-1.1029048790011926
5194,1,0,0,1,1,2,0,0,0,2,1,0,1,1,1,2,1,2,0,2,-0.017990839220419712,-1.0990593699395867,-1.0238075439401195
5195,1,1,1,0,0,0,0,2,2,1,0,0,0,1,1,1,0,0,0,1,1.713497812684103,-0.13963248075056667,1.5584213888952938
5196,2,2,0,1,0,1,0,2,1,0,0,0,1,0,2,1,2,1,1,1,-0.6058045280947615,-0.3066592126536266,-1.5303605717932809
5197,0,1,0,0,1,0,0,0,1,0,0,0,0,0,1,0,0,2,0,2,-0.188975085163054,-1.301983448837099,-0.46284118241184985
5198,0,1,0,0,0,0,0,0,2,0,0,1,0,0,0,2,2,1,0,1,-0.7705200447678238,-1.1731694944971878,0.31987438999743245
5199,1,0,1,0,0,0,0,0,1,0,0,0,0,0,0,1,0,1,0,2,-0.5076641976622661,-1.2945440534083839,-0.4775470778957759
5200,1,2,0,1,0,1,0,1,1,1,0,0,0,0,1,1,2,0,1,2,0.3257451202963586,0.8907024510247022,0.4455750140693809
5201,1,0,1,0,0,1,0,1,0,1,1,0,0,0,1,1,2,0,1,1,-0.6498963835379395,0.8976954763655173,0.3072554379080088
5202,0,0,0,0,0,1,0,2,1,1,0,0,0,0,0,0,0,1,0,0,0.9379373446353724,1.6749359420066663,0.21930247576059259
5203,1,1,0,0,1,1,0,0,1,1,0,0,0,1,0,1,1,2,0,1,-0.4888933393016332,-0.7462116716843867,0.7781576925383502
5204,2,0,0,0,1,1,0,2,0,0,0,0,1,0,1,1,1,0,0,2,0.16908001176889978,0.6397728665222016,0.30537146031125345
5205,0,0,0,0,0,1,0,0,1,2,0,1,0,0,0,0,1,2,1,0,1.2890841780313431,-0.014754156812930005,-0.037429762024959845
5206,2,0,1,1,1,0,0,2,2,0,0,0,1,1,1,2,2,2,0,1,-0.74944960687085,2.8409276723451486,1.8564315982865633
5207,1,0,1,0,0,0,0,0,0,0,0,1,0,0,1,0,1,1,1,1,-0.460415074250042,0.038531225057397506,0.056254537914563474
5208,0,1,1,0,0,0,0,2,2,0,2,0,0,1,1,0,2,1,0,0,-0.6397656467595175,0.47692890044447755,0.5670520873297266
5209,0,0,0,0,1,2,2,2,2,0,0,1,0,0,1,0,0,1,2,1,-0.17816290295366774,-0.5223063628279595,-0.7912680234093948
5210,1,1,1,0,1,2,0,0,2,1,0,0,0,0,0,0,2,0,2,1,-0.12072491279120333,-0.12280867909336984,2.0923336822954264
5211,1,1,0,0,0,1,0,1,0,0,0,0,0,1,1,0,2,2,2,1,-0.14230068255215306,-0.7418608977224027,-0.16370392435570852
5212,0,1,1,1,0,0,0,1,2,0,0,2,1,0,1,0,1,0,0,1,0.6997980265473851,-0.5449296297416919,1.3594326186681829
5213,2,1,1,0,0,1,0,1,1,1,0,0,2,0,2,1,1,1,0,2,-1.0766713518470472,-1.6931928041413107,-1.6677767854861114
5214,0,1,2,0,0,1,0,0,2,0,0,0,0,1,1,0,2,0,0,0,0.15021805849678843,0.1247077813873479,0.8214897472648829
5215,1,1,1,1,0,0,0,1,2,1,0,1,0,1,1,2,0,0,0,1,-0.11944133315093494,1.4618067114448303,1.4647310124168165
5216,0,1,2,0,0,1,0,1,1,2,0,1,0,1,1,2,2,0,0,0,0.025003877926442264,-0.3130404407560742,-0.4947835752073804
5217,0,0,1,1,1,1,0,1,1,0,1,0,0,0,2,1,1,1,0,1,-0.8755236536189963,-0.6624640421845446,0.11191636663115112
5218,2,1,0,1,0,1,0,2,0,0,0,0,1,1,0,1,2,1,1,2,0.6384467566432723,1.408280322125579,1.3172440987484297
5219,1,1,2,0,1,1,0,1,1,1,0,0,0,0,1,0,1,1,1,2,-0.9311537538133147,-0.656485785238087,-0.2785839412737563
5220,1,1,2,1,1,1,0,0,0,0,1,1,0,0,1,1,1,2,0,0,-0.28920457931335014,1.530244043798379,0.24841812366129906
5221,0,0,2,1,0,2,0,0,2,0,1,2,0,0,0,1,1,0,2,1,1.1235241093068755,1.9211800270304205,-0.1065112612462098
5222,1,0,0,0,1,0,1,1,0,1,0,0,0,0,0,0,2,0,1,1,1.738290186684189,1.074199113703974,-0.1693871963405451
5223,1,2,0,0,1,0,0,1,1,1,1,1,0,1,0,1,1,0,0,1,0.018705510481439525,-1.1588048415942627,-1.2654097338900607
5224,1,1,0,1,0,2,0,1,1,1,0,1,1,1,0,1,1,1,0,0,-0.30127668081591297,-0.8914570106593271,-1.2637430516452626
5225,1,2,0,0,0,2,0,1,1,0,0,0,1,1,2,0,1,2,1,1,-1.7702781473552271,-1.290125650599836,1.0056143800469302
5226,0,1,2,1,0,0,0,1,0,1,0,0,0,1,1,1,2,2,1,2,-0.2969299612898157,0.17900151477954268,-0.4304472260848872
5227,0,1,1,0,1,2,0,1,2,1,1,0,2,0,0,0,1,1,1,1,-1.0830181807642538,0.7053540669235288,-1.318171220851111
5228,1,0,0,0,0,2,0,1,0,0,1,0,0,2,0,0,1,0,0,1,0.33033691927243236,1.1067353375995537,1.598025229031609
5229,0,1,0,0,0,0,0,2,1,0,0,1,0,0,0,0,0,0,1,1,-0.4757153886314069,2.2444699765759424,2.0565369523896946
5230,0,1,1,0,1,2,0,2,2,0,0,0,1,0,0,1,1,0,1,0,0.5007557024729501,-0.5410076631771727,-0.5310990514995638
5231,1,2,0,0,0,1,0,1,1,0,0,0,1,0,0,0,2,0,1,2,-0.7628448931536006,1.1450190224247083,-1.3352284583276415
5232,0,1,0,0,0,1,0,1,1,1,0,0,1,0,1,1,0,1,0,0,-1.0270457143594645,0.1559396205246874,-0.49525181626682746
5233,1,1,0,0,0,1,0,0,0,2,0,0,1,0,0,1,0,1,0,1,0.052023749685730765,0.3831820117208326,0.28044132041096037
5234,0,2,1,0,0,0,0,1,1,0,0,0,0,0,1,2,1,0,1,1,0.2565832958509565,-0.04962211611219533,-0.8394690110767639
5235,1,0,0,1,1,0,0,2,1,1,0,1,0,1,0,0,1,1,0,1,-0.26932339540444267,0.37455881517736833,1.0555221374375339
5236,2,1,2,0,1,1,0,0,0,2,1,0,0,0,0,0,1,1,1,1,-0.7684835467932475,-0.0065083221140204706,-0.5176243773626262
5237,1,0,1,1,0,1,0,2,1,1,0,0,0,1,0,2,0,1,0,1,0.4160708213594145,-1.0701271890656354,-0.1977426660603444
5238,1,1,2,0,0,2,0,1,0,1,0,1,0,1,0,0,2,1,1,1,1.6805782602315669,1.173313548584391,3.6455320801684588
5239,1,1,1,0,1,1,0,1,1,1,0,0,0,0,1,0,1,1,0,0,-1.184700185981386,-1.5329347735801244,-0.3281637646515901
5240,0,1,0,0,1,0,0,1,1,1,0,0,0,1,1,1,2,1,0,1,-1.6936703971482412,-2.1707241892298006,0.771465127861943
5241,0,0,1,0,1,1,0,1,0,1,0,1,0,0,2,1,0,0,1,1,1.0195991269466282,-1.7582635171063785,0.19261891865594172
5242,0,1,1,0,0,1,0,0,0,1,1,0,0,0,0,1,1,1,2,1,-1.3073299037819248,-0.23421828208323725,-0.245303122469751
5243,0,0,1,0,1,1,0,0,0,1,1,1,0,0,1,1,1,0,1,1,0.6482701518530825,-0.9204515473901036,0.15395902608065618
5244,0,1,1,1,1,0,0,2,0,1,0,0,0,0,0,0,1,2,2,2,-0.5294579194753238,0.23582354023029956,-2.5170925356857294
5245,0,0,1,1,1,0,0,2,0,2,0,0,0,1,0,2,1,2,1,0,0.007563336241218833,-0.5609348438053443,-0.905540755942415
5246,2,1,2,0,1,0,1,1,1,1,1,1,0,1,0,1,2,1,0,1,0.5575151599541338,-0.8110066954691938,-0.3354242753143353
5247,0,2,0,0,0,0,0,1,1,0,0,0,1,0,1,0,0,1,1,1,0.02018829764042646,-1.0654930823240703,0.9235557350058221
5248,1,0,0,0,2,1,0,2,2,0,1,0,0,0,0,2,2,0,0,0,-0.5611379783516798,1.1395019799869042,0.5902653446982038
5249,2,1,1,1,1,1,0,1,1,1,1,1,0,1,0,1,1,1,1,1,2.796663625186615,0.8425058726167304,1.198250634390546
5250,1,1,2,1,1,1,0,1,1,2,0,2,1,0,0,1,0,1,1,1,-0.897868200863395,-2.0990018209108867,-0.3604144143290843
5251,0,1,2,0,0,2,0,0,0,0,1,0,0,1,1,0,1,1,0,1,-0.5118931652825043,1.1915352451714452,-0.4622406588041077
5252,1,2,0,0,0,0,0,1,1,0,1,1,0,1,2,0,0,1,0,1,-0.7558518764686001,-0.382371985493686,1.9179114385075349
5253,0,1,0,0,0,1,0,1,1,1,0,0,0,1,0,0,1,2,1,1,-0.14250513518032584,-1.621418086578463,-0.937317377153207
5254,1,1,1,0,1,1,0,1,0,1,1,0,1,1,0,0,1,0,2,1,0.10422471204069943,-0.4021754928155301,-1.3723229571228803
5255,1,1,1,0,0,1,1,1,1,0,0,0,0,0,0,0,2,1,0,2,-2.0820025471287518,-0.7323998087016074,-0.7955727875019009
5256,0,2,1,0,0,1,0,0,0,2,0,0,1,0,2,0,1,0,1,0,0.522184406985361,-0.5247298075566665,0.5866144479081015
5257,0,1,1,0,0,0,0,2,1,1,0,0,0,1,0,0,2,1,0,1,0.6765721518341643,0.11411319052135209,-0.992662526700534
5258,0,0,2,0,0,0,0,1,1,2,0,1,1,1,0,1,0,1,1,2,-2.1218115787255876,0.16873865098543567,-2.4991315877659894
5259,0,2,2,1,0,1,0,1,0,1,0,0,1,0,1,1,1,2,1,1,-0.4785420617080504,-0.5814708169242317,-2.0477477227258527
5260,0,1,1,0,0,0,0,0,0,1,0,0,0,0,1,1,2,1,1,1,-0.009371331182766167,0.3667282509103093,0.3505431039020608
5261,1,2,1,1,0,1,0,2,1,0,1,0,1,2,1,0,1,1,0,1,-0.19861740569731462,-0.26933230061428926,-1.8061687018808672
5262,0,1,0,0,1,2,0,1,0,1,1,0,1,0,0,0,2,1,0,2,0.029586626635164537,-1.7134104043671825,0.1965523287510036
5263,2,2,1,0,0,0,0,0,1,0,0,0,1,0,1,0,2,0,0,1,-1.9801200488324169,-0.6884051068870877,0.0072396849449093414
5264,0,0,1,0,1,0,0,1,1,2,0,1,1,0,0,1,2,0,1,1,0.6321185668317594,-0.06745144932110103,-2.103671390581953
5265,1,1,0,0,1,1,0,0,0,1,1,0,0,1,0,1,1,1,0,2,0.6279511568391841,-0.39258921490374166,1.2502105621995292
5266,0,1,1,0,0,1,0,0,1,1,0,0,1,2,1,1,1,1,2,2,0.31901394531551763,0.6177667417102273,-0.05059231369462164
5267,0,0,1,0,0,1,0,1,1,0,0,0,0,0,1,0,2,1,0,2,1.1398527346434795,0.7371282513823041,1.99752520900201
5268,0,1,1,1,1,0,0,1,1,1,0,0,0,0,1,2,1,2,0,0,1.3326859583086992,-0.38555443989109117,0.08327351893560092
5269,1,1,0,0,0,1,1,1,1,0,0,0,0,0,1,1,1,0,1,1,1.7586687345656675,-0.8169385528414211,2.987723883491249
5270,2,1,0,0,1,1,0,1,0,2,1,0,1,1,0,1,2,1,1,1,0.967615930440677,0.5638550990545074,0.7371560612641401
5271,2,1,0,0,0,2,0,0,1,0,1,1,0,0,0,0,1,2,1,0,-0.5253628992548921,-0.08441213189010816,1.1235469967938205
5272,0,0,1,0,0,1,1,1,2,1,1,2,0,0,0,0,1,1,0,2,0.5704243345599158,0.3862763048372543,-0.9106026542000568
5273,1,0,2,0,0,1,0,0,0,0,0,0,0,1,0,1,1,1,1,0,1.4942698560319014,-0.9063860566107302,1.166161429638617
5274,0,1,0,1,1,1,0,2,1,0,1,0,0,0,1,1,1,0,0,1,-0.9644393684896736,1.235231339059239,0.4526324087598416
5275,0,0,0,0,0,2,0,2,1,0,0,2,0,1,0,0,1,0,0,1,-0.7193499411872356,1.0875457454743094,0.2601988112913125
5276,0,2,0,0,1,1,0,0,0,1,0,0,0,0,0,0,1,0,0,1,1.1287938553218537,0.8620799420272566,0.5216180113545519
5277,0,0,0,1,1,1,0,1,1,0,0,0,0,0,1,1,2,1,1,2,0.5700516294543013,0.19562047437194863,-0.35259918027139053
5278,0,1,0,0,1,0,0,1,2,0,1,0,0,0,1,1,1,0,0,1,-0.14850945291552928,-0.5457094378856782,-0.1771608901247802
5279,0,1,1,0,1,1,0,0,1,0,0,2,1,0,0,2,1,1,0,1,-0.8849151496439541,0.7587950464148282,-1.3378663774300095
5280,1,1,1,1,1,2,1,0,0,0,1,1,0,0,1,1,1,1,2,0,0.30082279458591715,-0.6753460914690033,0.24412462742163613
5281,1,1,1,1,0,1,0,0,2,0,1,0,0,0,1,0,1,0,0,2,0.1491528449406762,-0.7884698433953004,0.7833902415529458
5282,1,0,2,0,0,1,0,0,0,2,0,0,0,0,0,1,2,1,1,1,0.49617870770421973,-0.2908701450417144,-1.0283441038795669
5283,1,1,0,0,0,1,0,1,1,0,0,1,1,0,0,1,0,2,2,0,0.10693903492241912,0.9586749248766266,1.0222057397239084
5284,1,1,0,0,0,0,0,1,0,1,0,1,1,0,0,0,2,0,1,1,0.04611505379229578,-0.5208688591412631,0.09929131345310012
5285,1,1,0,0,0,0,0,1,2,0,0,1,0,1,0,1,1,2,0,1,1.1118368047494847,1.4015993127954087,2.8453897299426867
5286,1,2,1,1,0,1,0,0,1,0,1,0,0,0,0,0,1,0,0,1,1.9215023642513887,0.8015501563592334,0.3838215616180395
5287,1,1,2,0,0,1,0,1,1,0,1,0,1,0,0,1,0,0,0,1,0.1288262055709684,-0.9790642195479623,-1.0786651435903603
5288,0,2,0,0,1,1,0,1,1,0,0,1,1,1,1,1,1,1,0,0,1.386901536352193,0.37628326250204125,1.4357117852803798
5289,0,0,0,0,0,1,0,2,2,1,0,1,1,1,0,2,0,0,2,2,1.3671845904931037,-0.1112526963806797,2.6777671504923926
5290,1,1,1,0,1,2,0,0,1,0,1,0,0,0,0,1,2,0,0,1,2.49533831605856,0.5773870177908218,0.9317264390087683
5291,0,2,0,0,1,1,0,2,0,0,0,0,1,0,1,1,0,1,0,1,0.7328647046055086,0.7085082482471392,1.5293523187987457
5292,1,0,2,0,0,1,0,1,1,0,0,0,0,0,0,0,1,2,0,1,-0.6260151020312001,-0.4740583104104378,0.08774029349984497
5293,1,1,2,0,0,0,0,1,1,1,0,1,1,1,1,1,1,1,1,1,-0.5074650052389842,0.5058502779566224,2.193222057871059
5294,1,1,2,0,0,1,0,1,1,1,1,1,0,0,1,0,2,0,1,1,0.5556765978458478,1.3286422880147413,0.02465083820023184
5295,1,0,0,0,0,2,0,1,1,1,0,0,1,1,1,1,1,1,0,1,-0.2062356106918085,-1.07948474207533,0.061577713897380176
5296,0,1,1,0,0,0,0,0,0,0,0,0,0,0,1,0,1,1,1,1,-1.0144849463610768,-1.62042661222216,0.6000056742277828
5297,0,0,0,0,0,0,0,2,0,1,1,0,1,1,1,1,1,0,0,2,0.24694098687708463,-0.35906031418124795,0.5468038969395834
5298,0,0,0,0,1,2,0,1,2,1,0,0,1,0,2,0,2,1,0,2,2.3948451036602627,-0.597148388538046,-0.2304861032096911
5299,0,1,2,0,0,0,0,1,1,0,1,0,0,0,0,1,1,0,0,1,-0.2380334853609346,-1.8713623880377213,0.10891992272734174
5300,0,1,0,0,0,1,0,0,0,0,1,0,1,1,0,1,0,1,0,0,-0.055131477361443616,-0.2134108562010512,0.4396429394553167
5301,1,1,2,1,1,1,0,0,2,0,1,0,0,0,0,1,0,1,1,1,0.5949787410185513,0.352499030424404,-0.6616708800851715
5302,2,1,0,0,0,0,0,2,0,0,0,0,0,1,0,0,1,2,1,1,0.4835411282141464,1.032014368236456,-0.41731472791366164
5303,0,1,0,0,0,0,0,1,2,0,0,0,0,0,0,0,1,1,2,1,0.9870299788615072,0.492447358509118,1.459471008599174
5304,0,1,1,0,0,1,0,1,0,1,0,0,0,0,0,0,1,2,1,2,0.2801522615032854,0.6593862587866433,0.06125333413670886
5305,0,1,0,1,0,1,0,2,1,0,0,1,0,1,0,0,1,1,2,0,1.1821431102531426,1.8355564953595125,3.685636336264702
5306,0,0,1,0,0,1,0,2,1,1,0,0,0,1,1,0,1,0,1,1,-1.102100686674352,-1.315604325420788,-0.9934421593061625
5307,1,2,0,0,1,2,0,1,2,1,0,0,0,1,2,1,1,2,1,2,0.6341265088139151,0.03939396127195803,0.6733155001246491
5308,1,1,0,0,0,0,0,0,1,1,0,0,0,1,0,1,0,1,1,0,-0.34450930796688206,-1.1470582688128341,-1.3537958417289104
5309,1,1,0,0,0,1,0,1,1,0,1,0,0,1,0,1,1,2,1,0,-0.040366828066774836,0.16297184035714424,0.9726705342228855
5310,1,1,1,0,0,1,0,1,1,0,0,1,0,1,1,0,0,2,2,0,0.6184012683808775,-0.007373756998661801,0.8531112571674415
5311,1,1,0,0,1,1,0,2,1,0,1,0,0,0,1,1,1,0,0,1,0.7338836061184935,1.607737193163597,-2.102732540757652
5312,1,1,0,1,1,0,0,1,1,0,0,1,0,0,1,0,2,1,1,0,-0.5427898322758204,-0.35584279687569753,0.19660081046034017
5313,1,1,1,0,0,1,0,2,1,0,1,0,0,1,0,0,0,0,0,0,0.1714063688718083,-0.9956056425463033,-1.5563726805175242
5314,0,1,1,1,0,1,0,1,0,1,1,0,0,0,1,0,1,1,0,1,1.1145484002680492,-0.33182540190264287,0.0658656096105299
5315,0,0,1,0,0,1,0,0,0,1,0,0,0,2,1,1,0,1,0,1,0.2656553314559156,-2.1112117484154598,-1.5899264285843917
5316,1,0,0,0,0,0,0,1,1,0,2,0,1,0,1,0,0,1,1,1,0.27100454176767225,-0.1939765116778812,1.8068206635432504
5317,1,1,1,0,0,1,0,1,1,1,0,1,0,0,1,1,1,1,1,1,-0.9955452828924389,0.6661130266920049,-0.25628036656345266
5318,1,0,2,0,1,0,0,1,0,1,0,1,1,1,0,0,1,0,1,2,0.8049011231795808,1.4423879681814786,2.337846044577396
5319,2,1,1,0,0,1,0,1,0,1,0,1,1,1,2,2,0,2,1,1,-0.7537001438129457,-0.5213312697791678,-1.7377675306172649
5320,2,1,1,1,0,0,0,1,1,1,0,1,0,0,2,1,0,1,0,1,0.937199689986657,1.588497237949327,0.9940227521643745
5321,0,0,0,2,1,1,0,1,1,1,0,0,1,0,1,0,1,0,1,0,-1.0218358136806853,-0.7036169267908311,0.3930863642433373
5322,2,0,0,1,0,0,0,2,1,1,0,0,0,1,1,0,0,2,2,1,-0.35734839490910586,-1.2784429114533784,-2.194957244170424
5323,0,1,1,1,1,2,0,2,2,2,1,0,0,0,1,0,0,0,1,2,0.7776743800002909,-1.2293206688038205,0.21118696477922466
5324,1,0,0,0,1,1,0,1,0,1,0,1,0,0,0,0,2,0,1,0,-0.2977287330206221,-0.16880479563127546,-2.305988731078802
5325,0,1,1,0,1,0,0,1,2,0,0,0,0,0,0,1,1,0,1,1,0.9675663851752638,0.5215112078036581,0.30253610642508727
5326,0,0,2,0,0,0,0,0,1,1,1,0,1,2,0,0,1,1,1,1,-0.5169498806015451,-2.0702669012082313,-0.3759677694242629
5327,1,2,0,1,1,0,0,1,0,0,0,0,1,0,1,2,1,1,1,1,1.6384676667520632,0.028216469387143173,1.3507090921162748
5328,0,0,1,0,1,0,0,1,0,0,1,1,1,0,1,2,1,2,1,1,0.8740257291851924,1.246541335297384,2.9348980621124574
5329,0,0,1,0,0,1,0,1,1,0,0,0,2,0,1,0,1,1,0,0,0.28312397465471056,0.15452890884649184,1.2265081486396903
5330,1,0,2,0,0,2,0,0,0,1,0,1,0,0,1,1,0,0,0,1,-1.4121307923932833,-0.510581499694795,-0.2510540406717907
5331,0,2,1,0,0,0,0,1,1,0,0,0,0,0,1,1,1,1,2,0,-0.31846086659989803,-0.1299520776103655,-1.2938514312635134
5332,1,2,1,1,1,1,0,0,1,0,0,0,0,1,0,1,1,1,1,0,1.47967827055412,0.3045609265391414,2.229100744076262
5333,0,0,1,0,1,1,0,1,1,0,0,0,1,1,0,1,0,0,0,2,-0.5254405574382162,2.5752643000913285,2.4212328183719927
5334,0,1,0,0,1,1,0,0,1,1,2,0,0,0,0,0,0,0,0,1,-1.5364055782708277,0.06844486288504459,-1.1204094996804894
5335,2,0,1,0,0,2,0,1,1,2,1,0,0,1,1,0,0,1,0,1,1.5155950770701114,0.9491941101854018,1.9401475680473759
5336,1,0,2,0,0,1,0,1,1,1,0,0,0,1,1,1,1,1,1,2,-1.150686240012387,-0.8807579268987283,0.46210480593386494
5337,0,1,1,0,0,1,0,0,2,1,0,0,0,0,0,1,1,2,0,1,1.0710354058526552,-0.06505661662566035,1.1452724289820382
5338,1,0,1,0,0,2,0,0,0,1,0,0,0,0,1,2,2,1,1,1,2.9401452452334773,1.711433790686886,3.114281953920608
5339,1,2,1,0,0,0,0,0,1,0,1,0,0,0,1,1,1,1,0,0,-0.008239081050461124,-0.7674908152484573,0.7861402980103962
5340,0,0,1,0,1,2,0,2,1,1,1,0,0,1,0,1,1,0,0,0,-0.9491150127032782,0.6666009078312503,-0.32607805625246034
5341,1,0,1,0,0,2,0,2,2,0,0,0,0,0,1,1,2,0,1,0,0.8477160069555678,1.087731338095537,0.3438175111263245
5342,1,0,1,1,0,1,0,0,2,0,0,1,1,0,0,1,0,2,0,1,0.6652183442934085,1.084296258749751,0.6208114363576384
5343,0,0,0,0,0,2,0,0,2,1,0,1,0,0,0,1,1,0,1,0,0.5236934022015717,-0.19063297898146891,-0.555195332940408
5344,0,1,1,1,1,1,0,0,1,2,0,1,1,1,0,1,1,1,1,1,-0.0500850209598892,0.9495373830729731,0.3606431645560275
5345,1,0,1,1,0,1,0,0,2,1,0,0,1,0,0,1,1,1,0,0,0.9843250539956157,1.4746564489236145,1.0640744997325224
5346,0,2,1,0,1,0,0,1,2,1,1,0,1,0,0,1,0,1,2,0,-0.34809663661021545,1.109078533566944,0.6182398821157289
5347,0,0,2,0,0,0,0,2,0,0,1,0,1,1,1,0,0,2,1,0,-0.1263714412751064,-0.5944938379021973,1.4032323125126602
5348,1,1,0,0,1,1,0,1,0,1,1,0,0,1,1,1,1,0,1,2,-0.34785288069691234,-0.4696628674165371,-0.6468300291043835
5349,0,1,0,0,0,0,0,1,1,1,0,0,0,1,1,1,2,1,0,0,0.32246151662096545,-0.7125358038594977,0.360946605566972
5350,0,1,0,1,0,2,0,1,1,1,1,0,1,1,0,0,0,1,1,1,1.4111466952813314,-0.6177727458495581,0.570859289095434
5351,1,1,1,0,0,2,0,1,0,0,0,0,0,0,1,0,1,0,0,2,-2.0351358183486634,-0.09954052896081872,-0.8958016113755621
5352,0,0,0,0,0,0,0,1,0,0,0,0,0,1,0,0,1,1,0,2,0.49751650232368394,-0.3954143784834654,-1.3107539989996222
5353,1,0,0,0,0,0,1,2,0,2,1,1,0,0,1,1,1,2,1,1,-1.2525469063477976,-0.17560763484217928,-0.19828635636160752
5354,1,1,1,0,2,1,0,0,0,0,2,1,0,1,0,1,1,2,1,2,-1.1683156825258172,1.335974605133784,0.36187910420091174
5355,1,1,0,0,0,1,0,1,1,1,0,1,0,1,1,0,0,0,2,1,1.3559896248360443,0.6085637013553022,1.0590204859155083
5356,1,1,1,0,1,1,0,1,0,0,0,0,0,0,0,1,0,2,2,1,0.6668166055318506,0.8915028106634411,1.8078358681458508
5357,0,1,2,0,0,0,2,1,2,0,0,0,0,0,1,1,1,1,0,2,0.32313247596762507,0.7801845877405171,-0.11264200215115028
5358,0,0,0,0,0,2,0,0,0,0,0,0,0,0,1,2,2,1,0,0,-0.32259023902978157,0.24578766611201885,0.08928133000344972
5359,1,1,1,0,1,1,0,0,0,0,0,0,0,1,1,0,2,1,1,0,-0.25929687553137193,0.7393145908665459,0.8437413451515872
5360,1,0,2,0,0,0,0,1,1,0,1,0,1,1,1,2,1,2,0,2,-0.7122751578392508,-0.7613222344099002,-0.20463886411980534
5361,2,1,0,0,1,0,0,1,1,0,1,1,2,0,0,1,0,1,0,1,0.9554127631976207,0.90950823518558,0.08361820419886146
5362,0,1,0,0,0,2,0,0,0,0,1,0,0,1,0,1,2,0,1,0,0.3426491066411408,0.3610036704657765,-0.04765050010024702
5363,1,0,2,1,1,1,0,1,2,1,0,0,1,0,0,0,2,0,0,0,-0.4592023948792458,-0.5004045072002807,-0.5571577112649755
5364,0,1,1,2,0,1,0,1,1,0,0,0,2,0,2,1,2,1,1,0,-1.0296724831654296,1.289216287601434,0.7282186851337631
5365,0,2,2,0,1,1,0,1,0,0,0,0,0,0,2,1,2,1,1,1,-0.6390038430683422,0.07770455262919362,1.8208613251459893
5366,1,1,0,0,1,1,0,1,1,0,0,0,0,0,1,0,0,1,1,1,-0.28148971285941377,0.41970711227346913,-0.31264924075531403
5367,2,2,0,1,0,2,0,0,2,1,0,0,0,1,0,0,1,1,0,1,-0.24102843520704564,-0.8352840468769309,-1.3026428791000735
5368,1,0,0,0,0,1,0,0,0,1,1,0,0,1,0,1,2,0,1,2,0.9948702360755018,0.47517862899856295,-0.3015169177788075
5369,0,1,1,1,1,1,0,1,0,0,1,0,0,1,1,2,1,2,1,2,-0.2254795788497323,1.1798879917847456,0.5204085310324834
5370,0,0,0,0,1,1,0,2,0,0,0,1,0,0,0,1,1,0,0,2,-0.633152124549124,0.35518989976270404,-1.1474006575187565
5371,1,2,0,1,0,0,0,1,0,0,1,0,1,1,0,0,1,2,0,1,1.4603063624139558,0.22796127848893255,-0.11774904418892218
5372,1,0,1,0,0,1,0,1,0,0,1,0,0,1,0,0,0,0,1,1,0.6335682586490973,0.8517221942283404,-0.3807551093035395
5373,1,0,0,0,1,2,0,0,1,0,0,0,0,1,1,2,1,1,1,1,-0.22316628087238558,-0.3511876190259535,-1.6414694558944793
5374,1,1,0,0,0,1,0,0,1,1,0,0,0,0,1,0,1,0,2,0,0.12529475844931748,0.07324659981570875,0.3314317192261852
5375,0,2,0,0,1,1,0,1,2,1,1,2,0,0,0,0,1,1,0,0,0.9999659574167518,-1.700685276422823,-0.17291456159247665
5376,1,1,0,0,0,2,0,0,1,1,0,0,0,0,1,1,0,2,1,1,-0.5079673708009672,0.7332510062752704,-0.5226859310066024
5377,0,1,0,0,0,1,0,1,0,1,0,1,0,0,0,1,0,1,1,2,0.10686441683888097,-0.5705737516395757,-1.1098721090217034
5378,0,1,1,1,0,1,0,2,2,0,0,1,0,1,0,1,2,0,1,2,0.026497905863765322,0.20344164388781405,-0.05781673798467517
5379,1,1,1,1,0,1,0,0,0,1,1,0,0,0,1,1,1,2,0,2,-0.10123644369847186,0.16687790189460827,0.6364409061446841
5380,1,1,1,1,0,0,0,0,1,0,0,1,0,0,0,0,0,1,0,1,2.0115194062093025,-0.5335221528324379,-0.23188331443435728
5381,1,0,1,0,0,2,0,0,1,0,1,1,1,0,0,1,0,0,1,0,1.0079547378364697,0.2636035957050832,0.23624795480926408
5382,1,1,0,0,1,1,0,0,1,1,0,0,0,1,0,1,1,2,0,0,-0.5912630930291085,-1.5404951803725342,-0.4270995950314307
5383,1,0,1,1,0,2,0,1,1,1,0,1,0,0,0,0,2,1,0,1,-0.11305118252875437,-0.40444215917379633,0.008673513924964737
5384,1,2,0,0,0,2,0,0,2,0,0,0,0,1,1,0,0,1,2,1,0.45740309041620625,0.31592491438776965,2.706723821502756
5385,2,1,1,0,1,1,0,1,1,0,0,1,0,0,1,1,1,1,0,2,-0.22645640229544547,0.41626824213923436,-0.4351388706877635
5386,0,2,1,0,1,1,0,1,0,0,1,1,0,1,0,0,1,1,1,2,0.3937520540108462,0.9946681937719235,2.243140920005543
5387,0,2,2,1,0,1,0,1,1,0,0,0,1,1,0,1,2,1,2,2,0.7100456625952589,1.6459226903218371,0.5418378633311893
5388,2,1,2,1,0,1,0,1,1,1,0,0,1,0,0,1,0,0,0,2,-0.8427412243120525,0.593232266037461,0.06732160020544603
5389,1,1,1,0,0,2,0,2,1,1,0,1,0,0,1,0,0,0,1,2,0.1866211951655728,0.5990768214534705,-0.09353954756329746
5390,0,2,0,0,0,1,0,1,1,0,0,1,0,1,1,1,1,0,0,1,0.4128870744558102,0.39564847542561316,-0.4624836604183238
5391,1,2,1,1,0,0,0,1,2,2,0,0,0,1,0,0,0,1,1,1,-1.6977420000239574,0.17369794187855037,-1.6198951647219002
5392,0,1,1,0,0,1,0,0,1,1,1,0,1,1,0,0,2,1,0,1,0.8962028286775752,-0.5113132945330214,0.0248465214587735
5393,0,0,1,1,1,1,0,1,2,0,0,0,0,1,1,1,2,1,1,1,0.8427099740389241,-2.960296843099166,0.8363337953094253
5394,2,0,1,0,0,2,0,2,2,0,1,1,1,0,1,0,2,1,0,1,0.2835286090069004,0.9592320091370306,0.9954732421323769
5395,0,1,0,1,0,1,0,1,2,0,0,0,1,1,1,1,2,1,1,0,0.6064776293867058,0.3121669396966791,0.8119047528241224
5396,1,1,1,0,1,2,0,1,0,0,0,1,0,1,1,1,1,1,0,2,0.5389095689404927,-0.3016247009390012,1.439868074319112
5397,2,0,1,1,1,0,0,2,2,0,0,1,0,1,1,0,1,1,1,2,-0.8980250195656451,0.011631904136560456,-1.6076684334753129
5398,0,0,1,1,2,2,0,1,2,0,0,2,1,0,1,2,0,1,1,1,-0.5429939621589663,0.7339538594701616,-1.5181928792048067
5399,0,1,2,0,0,1,0,2,1,1,0,1,0,0,1,0,2,0,0,1,1.6206899859777706,-0.8205734736606918,-0.09151452165853247
5400,0,0,1,0,0,2,0,1,1,1,2,0,0,0,0,1,0,1,2,1,0.6000140250772291,-2.184709049336479,-0.05147243005772156
5401,1,2,1,0,0,2,1,0,0,1,0,1,0,1,0,0,2,2,1,1,0.8591471891320211,1.6312030658549013,1.9393143716064394
5402,1,1,1,0,0,1,0,0,0,0,0,0,1,0,1,2,1,1,1,0,-2.0014015619734433,0.8093399650265631,0.3681953112138191
5403,0,2,2,0,1,1,0,0,1,1,0,1,0,1,0,0,2,0,0,1,-0.48292714057635483,0.9752200277480142,-0.5212339866546457
5404,1,1,1,0,0,1,0,2,0,0,1,1,0,1,0,0,0,1,1,1,-0.8575600620208627,0.32355750723822135,-2.0179111880782172
5405,1,1,0,0,0,0,0,1,1,1,1,0,1,0,0,1,2,1,0,1,-1.35604582280007,-0.25522752514631875,0.3046964321832971
5406,1,0,1,0,0,2,0,0,1,1,1,0,0,1,0,0,0,1,2,2,-0.7266813086451841,-0.6786215767347485,0.14393507219287172
5407,1,0,0,1,1,2,0,0,2,0,0,0,1,0,0,1,2,0,2,2,1.1260623309518982,-0.8867280680586735,1.2112954156040057
5408,0,0,2,2,1,1,0,0,0,0,0,1,1,1,0,0,1,0,1,2,1.266096504922599,-1.1463213765176379,-0.7009371527755126
5409,1,1,1,1,1,1,0,1,2,0,0,0,0,1,0,2,2,1,0,1,0.7361607664606495,-1.568865530122205,1.3125189982084677
5410,0,1,1,0,0,1,0,0,0,1,0,0,0,1,0,0,1,2,1,2,-1.1269295740868401,1.1682347806037774,0.6213524325027451
5411,0,1,0,0,0,0,0,2,0,0,0,1,0,0,0,0,1,1,0,2,-0.12780019720352165,1.7093215590322954,0.9784179450844794
5412,1,0,0,0,0,0,0,1,1,0,0,0,1,1,1,1,0,1,0,2,-0.6344830366395684,-1.9682468885042996,0.505486501675054
5413,2,1,1,0,0,0,0,1,1,2,0,0,0,0,1,0,0,0,1,2,-0.6502189516323923,0.4842228946934142,1.2792974138238482
5414,0,1,1,0,1,1,0,1,2,1,0,0,0,1,0,1,1,1,1,1,-1.769492290558636,-2.7075740753851694,-0.4256030670680439
5415,0,2,0,0,1,1,0,2,1,0,1,1,1,1,2,1,2,2,0,1,1.1425197794555053,0.38537710317842644,-0.7674532919787191
5416,0,1,1,0,0,0,0,0,0,1,0,1,0,0,0,2,0,1,0,1,2.7655226515783005,1.4467938500503714,1.008472048689975
5417,2,2,1,1,1,0,0,2,0,0,1,0,0,0,2,0,1,0,1,1,-0.9096758520876921,1.914672509035329,-0.31892114503488356
5418,0,1,1,0,0,0,0,1,1,0,0,0,0,0,1,0,1,0,1,1,0.2483133152221448,-1.3234405161982856,2.2499024039122233
5419,1,1,0,0,0,0,0,1,1,0,0,1,0,2,0,0,1,2,2,2,-0.5860549321821233,1.2262474542164679,1.236321440794564
5420,2,1,1,0,0,0,0,1,0,0,1,1,0,0,2,1,2,2,1,2,0.03488104392559507,0.26365395522863955,-0.7642543802543402
5421,0,2,1,0,0,0,0,0,1,0,1,1,0,1,0,0,2,1,0,2,-1.4273607010783513,1.16124713034297,0.3571440440677232
5422,1,1,1,1,0,1,0,2,1,0,0,0,1,0,0,0,1,0,0,1,-0.1638785917515412,0.13541571407051436,1.2137806243249698
5423,1,0,0,0,1,1,0,1,1,0,1,0,1,0,2,0,1,1,1,0,0.8309157023985688,1.88225797950492,2.115231871213999
5424,0,1,0,1,0,1,0,1,1,0,1,0,1,1,1,0,1,2,1,1,0.23218250463647244,0.9044608240719846,0.20381091073291657
5425,1,0,0,0,0,0,0,1,1,1,0,0,0,1,0,1,0,1,0,0,1.098753159333489,0.17866226016839026,0.8766675857492263
5426,0,1,1,0,0,1,0,0,0,1,0,0,0,0,0,1,0,1,0,1,-0.34229531279958136,0.38706084406062297,0.8333773293953493
5427,0,0,1,0,0,0,0,0,1,0,1,0,0,0,2,0,2,1,0,1,-0.2456543758355219,0.05924889529307392,-0.7128396118501612
5428,1,1,1,0,1,1,0,0,0,0,0,0,0,0,1,1,2,0,1,1,1.30746844831581,1.1802053061676285,1.061681671360586
5429,0,2,1,0,0,1,0,1,0,0,1,1,0,1,1,2,1,1,0,1,1.1409276182028367,3.8729515636620033,3.5791769561104707
5430,1,1,1,0,0,1,0,1,1,0,0,0,0,1,2,1,2,2,1,0,-2.192196591820991,-1.3138018967254848,-3.2361386959026324
5431,0,0,1,1,1,1,0,0,0,0,0,0,0,0,0,0,1,1,1,1,-1.2047266477464176,-0.4008386084186334,0.2895224638791405
5432,0,2,0,0,0,0,0,1,1,1,0,0,0,0,0,2,1,1,0,0,0.1780028703543289,1.441812128453743,0.009116856573009757
5433,0,1,1,1,0,0,0,0,1,0,1,0,0,0,0,0,2,2,0,2,-0.18498191908564293,-0.131784368718734,-0.6883119962643813
5434,0,2,1,0,0,0,0,1,1,1,0,0,0,0,0,0,1,0,1,0,1.0296028768520704,-0.7909592730737125,-0.5036722702502865
5435,0,1,2,0,0,1,0,2,1,1,0,2,1,0,2,1,0,0,1,0,-0.2328836506278281,0.814853467839113,1.4304683682923105
5436,0,2,0,0,0,0,0,1,2,1,0,0,0,1,1,0,2,0,0,2,-0.07327589868199552,-0.9542136151011174,-1.6927938558226177
5437,2,1,1,0,1,2,0,1,0,1,1,1,1,0,0,1,2,0,1,1,0.5887460829231025,-0.6273575075733944,-0.4322020261323409
5438,1,0,0,0,1,0,0,1,1,0,1,1,1,1,1,1,0,1,2,1,-1.1211141106532805,0.06341236079435325,0.7350938668462224
5439,1,0,1,0,0,0,0,1,1,0,0,0,0,0,0,1,0,1,0,1,-1.596473179315175,0.5861937385474576,-1.30770669918802
5440,0,1,1,0,0,2,0,2,1,1,1,0,0,0,0,0,1,0,1,2,0.6729496748243542,1.5514038777421058,1.6806644689059584
5441,2,1,1,0,0,0,0,1,2,1,0,1,0,0,1,0,1,1,0,1,0.17135857669286408,1.6951999387434564,0.9181881366675992
5442,2,1,1,0,0,1,0,1,1,1,0,0,0,0,1,0,1,1,1,1,-0.9771728634886807,-0.992440372384288,-0.7472786856569646
5443,1,1,1,0,1,2,0,1,0,0,1,0,1,2,0,1,1,1,0,1,-0.5961704783711873,1.595052453458583,0.8180574017969084
5444,1,1,1,0,0,0,0,1,1,0,2,0,0,0,0,0,1,2,2,1,1.6896085510869325,-0.5885866858076696,1.2455556749754715
5445,1,1,1,0,0,0,1,0,0,1,1,1,0,2,0,0,1,0,1,1,2.1561064973082886,1.397235995199719,1.3969515039067968
5446,0,1,1,0,0,1,0,1,1,0,1,0,0,0,0,1,1,2,0,0,1.6181953588163946,-0.2849074638174239,-0.5184555813073672
5447,1,0,0,0,0,0,0,1,0,0,0,1,0,0,1,1,1,1,1,1,2.148102072658737,0.653236680690817,-0.5641106682817592
5448,2,2,1,1,1,1,0,1,1,2,0,0,0,1,0,0,2,1,0,0,0.26849286303402475,-0.940291572153267,-0.3656905798221597
5449,1,0,1,0,1,1,0,0,1,0,0,0,0,1,1,0,0,0,0,1,0.8502026614110986,0.12631287461908444,0.2610031921079312
5450,2,1,1,0,0,2,2,1,0,0,0,0,0,0,0,1,0,2,0,2,-1.8493010434687174,-0.8666725569501683,-0.6836445215314417
5451,0,1,0,0,1,1,0,1,0,0,0,0,0,0,1,0,1,0,1,2,-0.09761544399835674,-0.3410123556229169,-0.20421494653796446
5452,1,2,0,1,0,2,0,1,1,0,0,0,0,0,2,1,1,2,0,0,-0.43024143572060614,-0.22824194562487485,-0.4969110644828366
5453,0,0,1,1,1,0,0,1,0,0,0,1,0,1,1,1,0,1,1,2,-1.0836606226274779,0.5025397932813277,1.1322305040972123
5454,0,1,2,1,2,1,0,1,0,1,0,2,0,0,1,1,1,1,0,0,-0.8026740688642865,1.5927378024497576,1.1570430888200343
5455,2,2,1,0,0,1,0,1,0,1,1,0,0,1,0,2,1,2,0,2,1.9264373358136744,0.11440325091031656,1.4264595555084814
5456,1,1,1,0,0,0,0,2,0,1,0,1,0,0,1,0,2,0,2,2,-1.129764496935785,3.2806407426577557,1.62229157607537
5457,1,0,1,0,0,2,0,2,0,1,0,0,0,1,0,0,1,0,1,2,1.0133944781219812,2.422774232823831,2.1108919370926076
5458,1,1,1,0,1,1,0,0,2,1,2,1,0,0,0,0,2,1,1,1,-1.102333750993257,-0.8605525647106144,-1.466817824756478
5459,0,1,1,0,0,2,0,1,1,1,0,0,0,1,0,0,1,1,0,0,0.13948369583222156,-1.3644978918478972,0.797214401790236
5460,1,0,1,0,1,0,0,1,1,0,0,1,0,0,0,1,2,1,1,0,-0.43659961220106264,0.9628106635336847,-1.307756733585375
5461,1,1,1,0,0,1,0,1,1,0,0,0,0,1,0,0,2,1,1,1,-0.6029530466310303,-1.9463073957187271,-2.0714137319116945
5462,0,2,1,0,0,1,0,0,0,1,1,0,0,1,0,0,0,2,0,1,0.4085847904788374,0.42813803928696714,0.7636407952798604
5463,1,1,0,0,0,0,0,1,1,1,0,0,0,0,0,0,2,0,1,1,-0.6039142580409773,-0.2943424088836963,-0.8385811163698906
5464,1,2,0,0,1,0,0,2,1,1,0,0,0,0,1,0,1,0,0,1,-0.7988187492252856,-0.9180853348015643,0.41091902554278714
5465,2,0,1,0,1,0,0,2,0,0,1,1,0,0,2,0,1,0,2,1,-0.09125914043556427,1.798353207134968,0.5460418947516683
5466,2,2,0,1,0,0,0,0,0,0,1,1,0,0,0,1,1,1,1,0,0.6473766410203095,-1.752752666516125,1.0570337227254178
5467,1,1,1,0,0,2,0,0,1,2,1,0,0,1,1,0,1,2,0,0,0.19261284082461735,0.10319711236133719,0.3330982336325613
5468,0,1,1,0,0,1,0,0,1,0,2,0,0,0,0,1,0,0,1,0,-0.155222369227846,-0.3197706846942009,-1.5457180325196542
5469,0,1,0,0,0,1,0,1,0,0,0,0,0,1,0,0,2,1,1,1,0.2453529162109901,0.5200009876198896,0.24860994507179443
5470,0,0,2,0,0,1,0,0,1,1,1,0,1,1,0,1,2,0,2,2,-0.3158128101409583,0.018779950588816485,-1.4663022890968838
5471,1,1,1,0,0,1,0,1,0,0,0,0,0,1,1,1,0,1,0,0,-0.4399219381580316,0.1570460980298607,-1.7116611822941712
5472,1,2,1,1,0,1,0,0,2,0,0,0,0,1,1,1,0,1,0,2,-0.36562338111010817,0.7107286091953638,-0.20407994365054816
5473,1,1,2,0,0,1,0,0,0,0,0,2,0,0,1,1,2,1,0,0,-0.3180676348169973,-0.8227760429562607,1.1437944803016555
5474,1,0,1,0,0,0,0,0,2,1,1,0,1,0,0,1,2,0,0,1,0.5444190111788949,0.854851985559852,1.7048871101847352
5475,1,1,1,0,0,1,0,1,0,0,1,0,0,0,1,0,1,0,0,1,1.983976693470417,-0.034515591619696084,1.9528082692223863
5476,1,1,0,0,1,1,1,0,1,2,0,1,0,0,0,0,2,0,0,0,0.696087849419881,-2.3185511883652414,-0.1729171339004537
5477,1,1,1,1,1,1,0,2,0,1,1,1,0,0,1,0,1,2,1,0,-0.2653296387497078,-1.2663063623132034,0.4272509707804919
5478,1,1,1,0,0,1,0,1,1,1,1,0,0,1,1,1,1,2,1,1,-0.48764931158894587,-1.0248038933234473,-1.515127816680779
5479,1,0,1,0,0,0,0,1,0,1,1,2,1,0,2,0,2,1,1,1,-0.37078769538273215,0.14788431647092154,-0.8925959681926351
5480,1,2,0,0,2,1,0,1,0,1,0,0,0,0,0,0,1,0,1,0,1.4590463788852868,-0.7043026049740414,0.01582260968714916
5481,1,2,1,1,0,1,0,0,1,0,0,1,0,0,0,1,2,2,0,2,-0.16401305562369028,0.13693137010291656,-0.6043283837672891
5482,0,0,1,1,0,1,0,2,1,2,2,0,0,1,0,1,1,1,0,0,-2.3395736910275655,0.09055868237645948,-1.9173296808311147
5483,1,1,2,1,2,0,0,1,1,1,1,0,0,1,1,1,0,1,0,0,0.1827920594481093,0.0887430077262418,-0.299726509880079
5484,1,1,0,1,0,0,0,2,2,2,1,0,0,1,0,1,1,0,1,2,0.04838287778646317,0.6072242553335238,-1.1591698071514753
5485,1,2,1,0,0,1,0,1,2,1,0,0,0,1,0,0,2,1,0,1,-1.3766493768021506,-0.2754317534848412,-0.9052136415222627
5486,1,1,1,1,0,2,0,0,0,0,0,0,0,0,0,1,1,1,1,1,-0.9998842366966033,-0.5656234651896076,-1.2344547606054688
5487,0,0,0,0,0,2,0,1,1,0,1,2,1,0,1,0,1,1,0,1,0.41251612211653504,0.0036615032039622186,-0.09757460737530016
5488,0,0,1,0,0,1,0,1,1,0,0,0,0,0,2,0,0,0,0,2,0.9394894195771208,0.8751463150772862,1.2545243559260406
5489,0,1,0,1,0,0,0,1,0,1,0,0,0,2,1,2,2,2,0,2,-0.11917341240205769,1.399509840831143,0.2600043401206159
5490,1,1,1,1,0,0,0,2,1,1,0,0,0,0,1,2,1,0,0,1,2.1361353405758696,0.09866008192208087,1.9154127682618216
5491,1,1,1,0,0,0,0,2,0,1,0,0,1,0,0,2,0,0,1,1,0.8434643734821954,1.1320915839483927,1.6776071772759646
5492,0,2,0,0,0,0,0,1,2,0,0,1,1,0,1,1,1,2,2,1,-0.21387472217600426,0.81939032760556,0.19163820112861557
5493,1,1,0,1,0,2,0,1,0,0,0,1,0,0,0,0,2,1,0,0,0.21869479077809012,1.0392514866754754,1.0166833138786744
5494,0,0,0,0,0,1,0,0,1,0,0,1,0,0,0,1,1,1,0,1,1.2243664016552462,0.04713934461999164,0.016922668180651135
5495,0,1,0,0,1,1,0,2,0,2,0,0,0,0,0,1,1,1,0,2,-0.307127309262378,0.016633828438221428,0.45679678381274785
5496,1,1,1,0,0,1,0,0,2,0,1,0,0,1,0,1,1,0,2,1,0.40709318739911105,0.024797626727985217,-0.3939516806301505
5497,1,1,1,1,0,0,0,0,0,1,1,0,0,1,0,0,1,0,0,1,-0.2441796320247656,-1.1993407947372927,-0.344681884921813
5498,0,2,1,0,1,1,0,0,1,0,0,0,0,1,1,0,2,1,1,1,-0.9032484061085683,-0.05346041216096925,0.2099173897143235
5499,0,1,1,0,0,0,0,2,1,0,0,1,0,1,0,0,0,1,1,1,0.037847383737046644,-0.1822805457715893,0.8556608235623222
5500,1,1,1,0,0,2,0,1,1,0,0,0,0,0,1,0,1,1,1,2,0.05251464080046218,0.1850910486089239,0.7738867532128625
5501,0,1,2,0,1,2,1,2,2,0,0,1,0,0,1,1,1,0,0,2,-1.283524757148179,0.49264461064121484,-1.0515776811941293
5502,0,1,1,1,0,2,0,1,1,0,0,0,0,2,0,2,1,0,1,0,0.056636392742346574,0.6931253316182733,-0.47615696858732415
5503,1,0,2,0,0,2,0,1,1,1,1,0,0,0,0,1,0,0,0,0,0.12269076411571173,0.7603739845534916,1.4127045462221388
5504,0,1,0,0,0,0,0,0,2,1,0,0,0,0,1,0,1,2,0,1,-0.3874325307163753,-1.6048980549311793,-0.8751431742996437
5505,0,1,1,1,1,0,0,0,1,1,0,0,0,1,1,0,1,2,1,1,-0.3649474469631021,1.1430209325071359,-0.22812264406124028
5506,1,1,1,0,0,1,0,2,2,0,0,0,0,0,0,1,0,2,0,1,-0.24828335963629228,-1.4147018462263552,-1.7728382643123357
5507,2,1,0,0,1,1,0,1,2,1,0,0,0,0,1,1,2,0,2,1,-0.2168017975167568,1.5067084166897482,0.6350016038014992
5508,0,2,2,2,0,0,0,2,2,0,0,1,1,0,1,0,0,1,1,2,-0.3923744219694646,1.5650463287762157,0.8775277996149656
5509,0,0,0,0,0,1,0,0,1,1,0,0,0,1,0,1,1,0,1,0,-2.1439858183509055,1.3400053159014156,0.3677125937708394
5510,0,1,0,1,0,1,1,2,2,1,0,1,0,0,1,0,0,1,0,1,0.12060753120606826,0.23961743953099596,0.19646542576094278
5511,1,1,1,0,0,1,0,0,0,2,1,1,1,0,1,1,0,0,0,1,0.9256850171833282,0.8893875113823857,2.589350667780934
5512,2,2,2,0,0,0,0,2,1,2,1,0,0,0,1,2,2,1,2,1,-0.628362427766175,-0.29524900353382233,-0.3457741691734147
5513,0,1,1,0,0,1,0,0,2,1,1,0,0,1,0,1,1,2,1,0,-0.015252298387098774,1.2844153867293278,0.32347292621785595
5514,0,1,1,0,2,1,0,1,1,0,1,1,1,0,1,1,1,2,2,2,-0.4273862174018969,0.10561316597435891,-0.5030863373549995
5515,0,1,1,0,0,0,0,2,1,0,0,2,0,2,1,1,0,0,0,1,-0.4634036763750611,0.43436283086743466,1.0241352533473989
5516,2,2,0,0,0,1,0,0,1,1,0,0,1,0,0,0,0,0,0,0,-1.1148962665825681,-1.221110456481522,0.27724245341303344
5517,1,1,1,0,0,0,0,1,1,1,0,1,2,1,0,0,0,1,1,1,0.35261782021717897,0.574192907835181,0.9466049258234389
5518,0,2,1,1,0,1,0,2,0,1,0,1,0,1,0,0,0,1,0,2,-0.887585154738607,-0.09411472350428568,0.43251134433660593
5519,0,1,1,0,0,1,0,0,1,1,1,0,0,0,0,0,1,0,2,1,-1.0478765292769274,-1.1960070192701648,-0.14392252496016716
5520,0,0,1,0,2,2,2,2,0,0,0,0,0,1,1,1,1,0,2,0,0.2000272625607777,0.9321133368249557,-0.41747721811235033
5521,1,0,1,0,0,1,0,1,1,0,1,0,0,1,0,0,1,2,2,1,1.4476520534070456,-0.3597674735818768,0.9288442498855585
5522,0,2,2,0,1,0,0,0,0,0,0,0,0,0,0,1,1,0,0,1,0.24550616376729525,-0.18570880283255992,0.5539309659372593
5523,1,1,0,0,0,2,0,2,1,1,0,1,1,2,0,2,1,1,1,1,0.1707671280685264,1.0651528706841007,0.8453523177975419
5524,1,0,1,0,0,2,0,0,2,0,0,0,1,0,2,0,0,0,1,1,-0.07665139357636445,-0.47519847020500516,0.05338477420973345
5525,1,1,0,1,0,1,0,1,0,0,0,0,0,0,1,0,0,1,0,1,-0.2836578777794076,0.10207904210692603,-1.8693968071289118
5526,0,1,0,1,1,1,0,1,0,0,1,0,1,1,0,1,1,0,1,1,-1.907978633760963,0.11654605058040651,-0.4199708173477113
5527,0,1,1,1,0,1,0,1,1,2,0,0,0,0,0,0,2,0,0,0,-0.47800348004847437,-0.5021827935666765,-0.6854525103467055
5528,0,1,2,0,0,0,0,1,1,0,1,1,1,1,0,0,1,1,1,1,0.6907622602197361,1.3589925474071167,0.1980337046099897
5529,0,1,1,0,0,0,0,0,1,0,1,0,0,2,0,0,1,1,0,0,-1.3155139087260639,-0.1223104742035084,-1.327952942565409
5530,0,0,0,0,0,1,0,1,1,0,0,0,0,1,0,0,0,0,0,1,0.3758975338841426,0.12538273521535886,-2.6733396957415847
5531,0,2,0,0,1,2,0,1,0,1,0,0,1,0,1,1,1,1,1,2,-1.102267552860128,-0.07857369559404931,-0.516192916571565
5532,0,0,0,2,1,1,0,2,0,2,1,0,0,1,0,0,0,0,1,0,2.088619494365017,1.436442897333704,3.381583399203485
5533,0,1,0,0,1,1,0,1,1,0,0,0,1,2,1,1,2,1,1,1,0.2969917737967451,2.105479292715215,1.1179368549238626
5534,0,1,0,0,0,1,0,0,1,0,0,0,0,1,1,0,2,1,0,1,0.9207042365526353,-1.104462980163848,-1.1506972256750816
5535,0,2,1,0,0,0,0,1,0,2,0,0,0,1,0,1,1,1,0,0,-0.06741281427721232,-0.1943869329504686,0.9466791369972393
5536,1,0,2,1,0,0,0,2,0,2,1,0,0,0,1,0,1,0,0,1,-0.18898366607865877,0.44257693123278524,0.907729602596575
5537,1,2,1,0,0,1,0,0,0,1,0,0,0,0,1,0,1,0,1,1,1.3984651144007725,-1.5060972991466945,1.0052602866912481
5538,0,0,0,2,1,2,0,2,0,0,1,1,0,1,0,1,1,2,1,0,-1.778029678608034,-0.43358660727963727,-1.475401536132432
5539,0,1,2,0,0,1,1,1,0,0,0,0,0,0,0,0,2,2,1,2,-0.4117427720665169,-0.45295376031866047,-1.4709529815353013
5540,1,0,1,0,0,1,0,1,0,0,0,1,1,0,0,0,0,1,1,0,0.6736749805064551,0.3519462506222626,-0.4962790702200858
5541,2,1,0,0,0,1,0,0,2,1,2,1,1,1,0,1,0,1,0,2,0.396811760314215,-1.2955545097945276,-0.7422330896974678
5542,1,1,1,1,0,0,0,0,2,0,2,1,2,0,0,0,0,1,1,0,-0.9120264934272239,0.4011199634327378,-2.5574867887141854
5543,1,0,0,0,0,0,0,0,1,1,0,2,0,2,0,1,1,2,1,1,-1.783315282943178,0.2727937257989621,-0.2691335805006005
5544,1,0,1,0,0,0,0,1,0,0,0,0,0,0,1,0,2,0,0,2,0.4026318123276528,0.6027260351277787,0.8869706462334854
5545,0,2,0,0,0,2,0,1,0,1,0,1,0,0,1,1,1,1,2,0,1.1708452306946107,-0.41036694836981835,-0.18871035172795414
5546,1,2,0,0,0,0,0,0,2,2,0,0,0,0,1,1,2,2,1,0,1.9720318958101122,1.1730542147690683,3.381092599096972
5547,1,0,0,2,1,1,0,1,1,0,1,0,0,1,0,0,2,2,1,2,0.7363189039429576,-0.7918105362283412,1.7044567426804251
5548,1,1,1,0,1,0,1,1,1,0,2,1,0,0,1,0,0,0,0,2,1.0899080620561004,2.4195159482424895,2.1496212996405157
5549,0,0,2,0,1,2,0,2,2,1,0,1,1,0,1,0,0,2,1,2,0.9060763521065919,2.9554315036546503,2.751294516827496
5550,0,1,2,0,0,1,0,1,1,1,0,0,0,1,0,0,1,2,1,0,-0.07107118355458196,0.24474947351366932,-0.8777069045707231
5551,0,2,0,0,0,0,0,1,0,0,0,1,0,0,0,1,0,0,0,1,-1.8308477787785047,-0.8173418088350934,-1.6393821819644359
5552,1,0,2,0,1,0,0,0,1,0,0,0,0,2,2,0,1,1,2,1,-0.9932810984604096,-1.934786103559417,0.11422535642827697
5553,0,1,0,0,0,1,0,0,0,0,0,0,0,1,1,1,2,1,1,1,-0.22207510496674804,0.1484872757778156,-0.5973899393263574
5554,1,1,0,1,1,1,1,2,0,1,0,1,1,0,2,0,0,1,1,1,-0.21759940350823723,0.0872591792846924,0.3676033021881109
5555,1,0,1,0,1,2,0,1,2,0,0,0,1,0,1,1,1,0,0,1,0.17740736830195725,-2.447695761623671,0.5818720530456247
5556,0,1,1,0,0,1,0,0,1,1,2,0,0,1,2,2,1,2,1,2,-0.5000829586690371,-0.5951269065166638,-0.959745846590545
5557,1,2,0,0,0,2,0,0,1,0,1,0,1,1,0,1,1,1,0,0,-0.7398149659452045,0.328197466977542,0.7797069293707641
5558,1,0,2,0,0,1,0,1,1,1,0,1,0,0,1,2,1,0,2,1,-0.09421916941113169,-1.3595119249352006,-1.6133582206136494
5559,0,2,1,0,0,0,0,0,1,0,0,0,0,1,1,1,2,0,1,1,-0.35008640231116156,0.22197527259006117,-0.26876339288940326
5560,0,1,0,1,0,1,0,2,2,1,0,0,2,1,0,1,1,1,0,0,0.12763534829628348,0.12882255330862322,0.14667101418731066
5561,1,0,1,0,0,2,0,1,0,1,1,0,1,0,0,0,0,2,1,1,0.9280836988525514,1.0635576084311171,1.5914393837450707
5562,1,1,1,1,2,2,0,1,2,0,0,0,1,0,0,1,1,0,0,1,0.8899593604890795,-1.3089010369562317,1.148117167809205
5563,1,1,0,1,0,1,0,1,1,0,0,1,0,0,1,0,1,1,2,2,-3.0113298810240114,-1.2901208899029126,-0.4856931672946929
5564,0,1,1,0,1,1,0,1,1,1,1,0,1,0,1,1,2,2,1,1,1.1683922471333108,0.4228322127547272,1.13907163328041
5565,1,2,1,1,0,1,0,0,0,1,0,0,0,0,0,1,2,0,1,2,0.8739029312448261,-0.18291291348990518,1.1887081603046163
5566,1,2,1,0,0,0,0,0,2,0,0,0,0,0,2,0,0,1,1,1,1.528308574157812,-1.8874356178876135,1.0830883412551267
5567,0,0,0,0,0,1,0,0,0,1,0,1,1,0,1,0,0,1,1,1,0.7364147042526279,-0.2317559332147129,0.582911067871198
5568,1,1,1,0,1,1,0,1,1,2,0,0,1,1,2,1,1,2,0,1,-0.6971607445599469,-0.46120862598542733,0.11819996862218929
5569,0,1,0,0,1,0,0,1,2,0,2,0,0,0,1,0,1,2,1,1,1.8660720652702565,-0.9446285257302371,-0.2367878489394617
5570,0,1,2,0,0,2,0,1,1,2,1,0,0,1,0,0,2,1,0,0,-1.4049808291705592,-0.0560441686083315,-0.763545836431588
5571,0,1,1,0,1,1,1,1,1,0,2,0,1,1,0,0,1,1,0,1,-0.18489967328543716,-0.05006073945479032,-0.7424125821452547
5572,1,0,0,0,0,0,0,0,2,0,0,0,0,1,0,0,0,2,1,2,-1.1544325167150498,0.24811919670294402,1.3674837466323182
5573,0,1,0,0,0,1,0,1,1,0,0,0,0,1,2,0,1,1,1,0,-1.644488577109509,-2.3789970598087447,-1.6102462926446757
5574,0,1,0,0,1,0,0,2,1,1,1,1,0,1,0,1,1,2,1,0,0.9048144455089748,1.1324995443940171,1.0791450858737326
5575,1,1,2,0,0,2,0,1,0,1,0,0,0,1,0,0,0,1,1,1,0.44485539809284114,0.5577774644800991,-1.2481699604255803
5576,0,1,2,1,2,2,0,2,2,2,1,0,1,1,0,1,1,0,0,0,1.4520490079823019,1.9184112161984972,2.7428088618317465
5577,0,0,1,0,0,0,0,1,1,1,0,0,1,1,1,2,2,0,0,2,0.4582769002086271,1.697157357882292,1.1899609079312654
5578,0,1,2,1,0,1,0,1,1,1,0,0,0,0,1,0,1,1,0,0,-2.7513752760041457,0.19881679547931064,-1.1355744630439166
5579,0,1,2,1,1,1,0,1,0,0,0,0,1,0,0,1,2,1,1,0,-0.49298755448844084,0.1743089624374249,1.1873110781404002
5580,2,1,2,0,0,2,0,1,0,2,0,0,1,2,0,0,2,0,1,1,0.8104572731121745,2.0765713037254674,0.6922780620691308
5581,0,1,1,0,1,1,0,1,2,0,0,0,1,0,0,1,1,1,0,2,1.1873002113162603,1.4159147138615003,2.2043633308307156
5582,0,1,0,1,1,1,0,0,2,0,0,0,0,1,0,1,0,0,1,1,1.0183977371722748,-0.5593798790903495,0.7095465380387918
5583,0,1,1,0,0,1,0,2,1,0,1,0,0,2,1,1,2,2,0,1,1.620648691632908,-1.743561333121898,1.7022494320027708
5584,1,1,2,0,2,0,0,1,1,0,0,0,0,0,1,0,0,1,1,1,-0.9275320522588828,-1.9833966088535313,-0.24153408298191115
5585,0,1,1,0,1,1,0,0,0,0,0,0,1,1,2,1,1,2,2,0,-0.4638103711880527,0.625449103139948,0.6297395670614399
5586,0,1,1,0,0,1,0,1,1,0,1,0,0,0,0,1,1,1,0,1,-0.5685893716618293,-1.1502661802691732,-1.7583009614046343
5587,1,1,1,0,0,0,0,1,2,0,0,0,0,0,0,0,0,0,0,2,-0.128968039578432,-1.179447212834389,-1.5967646517888652
5588,0,1,0,0,0,2,0,1,2,0,1,1,0,0,0,0,0,0,1,2,0.9280993059126432,-0.1092838669885216,1.6114398272458061
5589,0,0,1,0,0,1,0,0,0,0,0,0,1,0,0,1,1,0,1,2,1.15200953037758,-0.05344929533772258,1.0381168383558457
5590,0,2,0,0,0,1,0,0,0,0,1,1,1,1,0,0,2,1,2,1,0.3791849330998696,0.4491734896848716,0.6871076622493264
5591,0,1,1,0,0,0,0,1,1,0,0,1,2,2,2,1,1,1,1,1,-2.119699347594305,-0.9119079596336541,-1.876352106610643
5592,0,2,1,1,2,2,0,1,2,0,0,0,0,0,0,1,1,0,1,2,-0.30463710129153837,-1.2334831629620704,0.3735255317173334
5593,1,1,0,0,0,1,0,1,0,1,0,0,0,0,0,0,2,0,1,1,0.29949954475821644,-1.1255247958315509,-0.019186468549943297
5594,1,2,1,0,1,1,0,0,0,1,1,0,1,0,0,0,1,0,0,1,-0.2677210750119514,0.08751671808930403,0.6369309678984514
5595,0,1,1,1,0,0,0,0,0,1,0,0,1,1,0,0,0,0,2,2,0.5566159721007904,0.07681638477237857,2.3509927690418344
5596,1,1,1,0,1,1,0,1,1,0,0,1,0,1,0,0,2,2,0,1,-0.14800322811119787,0.5764180554226277,0.9293510698157199
5597,0,1,2,0,0,2,0,1,1,0,1,1,0,0,1,0,1,2,1,0,0.7660099868086327,1.2763870222362057,2.8824324042575182
5598,0,0,2,0,1,1,0,1,1,1,1,0,0,0,0,0,1,1,1,1,1.6389390314409906,-0.1481641302642762,0.5477984791732124
5599,0,0,0,0,0,1,0,1,1,1,0,0,0,1,1,2,1,0,0,0,0.4304541038676398,0.8581374220563841,-0.24745265609308542
5600,0,1,1,2,1,2,0,1,1,0,0,1,1,1,0,1,0,1,0,0,-0.07707883305171061,0.10347889127266152,-0.9319419931385929
5601,2,0,1,0,1,1,0,1,1,0,0,0,1,0,1,1,2,1,1,0,-1.3996714579263057,-1.1145294806180281,0.5412698498277128
5602,1,0,0,1,0,2,0,1,1,2,1,0,0,1,1,1,2,0,1,1,1.0819285883373089,0.668249772430878,0.9742986014480997
5603,1,2,0,0,1,1,0,0,2,1,0,2,0,0,1,1,1,1,0,2,-1.0930095358055056,-1.3792052885870443,-2.561146899151034
5604,0,0,1,1,0,1,0,0,0,0,0,1,1,1,1,1,1,2,0,1,-1.5986412767806264,1.183235865451685,-0.014820880925932978
5605,0,1,1,0,0,0,0,2,1,1,0,0,0,0,1,1,2,0,2,0,0.27504949186311317,-0.9852580116208289,-0.08897887919383017
5606,1,0,1,1,0,2,0,0,1,0,0,1,0,1,0,0,1,0,1,1,1.8925822179328893,0.7383196401713961,1.9888203255297272
5607,0,0,1,1,1,1,0,0,2,1,0,0,1,0,0,0,0,1,0,1,1.8890069998225798,0.5687092631485096,-0.5503592226713314
5608,0,1,1,1,0,0,0,1,1,2,1,0,0,1,0,0,1,1,1,1,-1.2773594476805958,-0.2899427795325114,-1.8880168949055665
5609,1,0,0,1,1,1,1,0,0,0,1,1,0,0,0,1,1,2,1,1,-1.4224516376049081,-0.4723469669681529,-0.43849906756257334
5610,2,1,1,0,0,2,1,2,2,1,0,1,1,2,0,0,0,0,1,1,-0.06060509839888706,2.6969427647754114,1.8967416767803806
5611,2,1,0,1,0,2,1,1,1,1,0,0,0,0,0,1,0,1,2,0,1.2346214622912,0.3334960581230504,-0.7138066578431472
5612,0,2,0,0,2,0,0,1,1,0,2,0,0,0,0,1,2,2,0,1,-0.46285115919648584,-0.23081983925042307,0.6150539789290961
5613,1,0,1,0,1,1,0,1,0,0,1,1,0,1,1,0,0,0,1,2,0.6863203578480542,0.23020275140614074,-0.5593268522997772
5614,1,1,1,0,0,1,0,1,2,0,0,0,0,0,1,0,1,2,2,1,-1.362881689276329,-2.5616362484820487,0.9125339213635463
5615,1,1,2,0,0,0,0,0,2,1,0,0,1,1,0,1,1,2,2,1,0.9744822396630288,0.23536804181225304,0.8213705092196104
5616,1,1,1,0,0,0,0,0,1,0,0,1,0,0,0,0,0,1,0,1,0.010230018169273105,0.7630625095420049,0.8960762131661479
5617,0,1,1,0,0,1,0,1,0,0,0,0,0,0,1,1,1,0,0,1,0.5253962129100351,1.1498022290561498,2.0480528844745143
5618,1,1,1,1,0,1,0,1,0,1,0,0,1,1,1,1,2,0,1,1,-0.403156539904683,0.7542425360965247,0.2598066791058221
5619,0,1,1,0,0,1,0,2,1,1,0,0,0,0,0,0,0,1,2,1,1.2022709157247835,-0.011466844855265501,0.042545775921138285
5620,1,1,2,0,1,2,0,2,1,1,0,0,0,1,0,1,1,1,0,0,-0.6911980756509801,-1.3939226064601964,-2.609316870307063
5621,0,1,1,1,0,1,0,1,0,0,1,1,0,0,1,2,0,1,1,2,0.9578984428240306,-0.2154395466581942,2.476266558984718
5622,1,1,1,1,0,1,0,2,0,1,0,0,0,0,1,0,1,1,1,2,0.9352644229736146,0.7697165067769001,1.1594433484852034
5623,0,0,1,0,0,1,0,1,0,0,2,0,0,0,1,1,2,2,1,1,-0.5874610075786497,-2.3463241541920405,-0.5758342087266186
5624,0,2,1,0,0,0,0,2,0,0,0,0,1,0,0,0,0,1,1,0,0.44315055192129155,1.244043081087355,1.0182799551831945
5625,0,1,0,1,0,1,0,0,1,1,1,1,0,0,1,0,0,0,1,1,1.3538727555819927,1.2813506576365299,1.398572753055415
5626,0,1,2,1,0,1,0,0,0,0,1,1,0,0,0,0,1,0,0,2,-2.143830288753343,-1.171941555976929,0.5626277455295592
5627,0,1,1,1,0,1,0,0,1,1,0,0,0,0,0,0,0,2,1,0,0.8189451979324054,1.5326207680036381,1.111540262518672
5628,1,1,2,0,1,0,0,1,0,1,0,0,0,0,0,0,1,0,2,2,-0.26034392600914846,0.6374923772966323,0.5035395250870938
