id,snp0,snp1,snp2,snp3,snp4,snp5,snp6,snp7,snp8,snp9,snp10,snp11,snp12,snp13,snp14,snp15,snp16,snp17,snp18,snp19,U,X,Y
0,1,0,1,0,0,1,0,1,2,0,0,0,0,1,0,0,1,0,2,0,-0.7204726612060618,0.6206465044108176,0.6510269408636782
1,0,0,0,0,1,1,0,0,0,2,0,1,0,0,1,1,0,0,0,0,1.0641542434947406,2.164436613650889,-0.5369658246146766
2,0,1,1,0,0,0,0,0,2,0,1,0,0,0,0,1,1,1,0,0,0.21639272808375964,-1.4314900060759181,-1.6899166217443868
3,0,2,2,0,0,1,0,0,0,0,0,1,1,0,0,1,1,2,0,1,-1.1499052377535859,0.4078241165465214,-1.190115479800426
4,0,0,1,1,0,0,0,0,2,0,0,0,0,1,0,0,1,0,1,0,-0.19727614318890777,-1.1477688971249274,1.0763670157575909
5,0,0,1,0,0,1,0,0,1,0,1,0,0,0,1,2,1,0,1,1,1.4014049909600288,1.35828908508825,1.6793406996805067
6,0,0,0,0,0,2,0,0,2,0,0,0,1,0,0,1,0,1,1,1,0.979221662263204,0.06614866891243187,0.6824228934621273
7,0,1,0,0,0,1,0,1,0,0,0,0,0,1,0,1,2,1,0,1,0.22301417306436602,-1.2261612336845538,0.7022460369942074
8,0,1,0,0,1,1,0,0,2,0,0,0,1,1,0,1,1,1,0,1,-1.3574477935822407,-0.4792374110935544,-2.102442279962488
9,0,0,1,0,0,2,0,0,1,1,0,0,1,1,0,0,0,0,2,0,0.30229557819324376,0.7083948905713977,-0.16390234522436353
10,2,1,0,0,0,1,0,0,0,1,1,0,0,1,1,0,0,0,1,0,1.087309258738109,-1.0893374312025297,0.0926663858101821
11,0,0,0,0,0,0,0,0,2,2,0,1,2,0,0,1,0,1,0,1,-0.6203748391286732,0.11180795825084783,-0.23845208961225597
12,1,1,0,0,1,2,1,0,1,0,0,0,1,0,0,1,1,2,0,0,0.4286348905452393,1.7249408787070404,0.7891200992344519
13,0,2,1,0,0,1,0,0,0,0,0,1,2,1,1,1,1,1,1,0,-1.7990235044537706,-0.7736229865228414,0.35772069693106023
14,0,1,0,0,0,1,0,0,1,0,0,1,1,1,0,1,0,0,1,0,0.5044095335270044,-0.3705334369648762,0.4085604262225475
15,0,0,0,0,0,2,0,0,1,0,0,0,0,0,0,1,1,2,1,1,-0.18182585473051788,-1.0696236342354208,1.4252682867899458
16,0,0,1,0,1,2,1,0,0,0,0,1,1,0,0,0,1,0,0,1,1.072785504686916,1.62228346560254,1.3716841529226922
17,0,0,0,0,0,0,0,0,2,0,2,0,0,0,0,1,0,0,0,0,0.6459321073968162,-1.316788741614492,0.766931710379376
18,1,0,0,0,1,1,0,0,2,1,0,0,1,1,1,1,1,0,2,1,0.516653426614318,-0.022066014062217754,-0.17416974786162825
19,0,1,0,0,0,1,0,1,2,0,0,2,0,1,0,1,1,1,2,0,0.42151269307390643,-0.296383989765691,0.6447252723633603
20,0,1,0,0,0,2,0,0,1,1,0,0,0,0,0,2,1,0,0,0,-0.5541068834285486,0.6870107496981701,0.2311957936111209
21,1,0,1,0,1,0,1,0,1,1,1,0,1,0,0,1,1,1,0,1,2.534103184849193,1.1702903297759097,0.03737400690035053
22,1,1,2,0,0,0,0,0,0,0,1,0,1,0,0,1,0,1,0,0,-0.038936869651742236,0.015295539463103636,0.9215946490093234
23,0,0,0,0,0,1,0,0,0,0,1,1,1,1,0,2,0,1,1,1,-0.18475779772106982,-0.18523568683611202,-0.5486896544650202
24,0,0,0,0,1,2,0,0,2,0,2,0,0,0,0,1,1,0,1,2,1.3440908512168241,0.6757164698735101,0.5496916627846383
25,0,2,1,0,0,2,0,1,1,1,1,1,1,2,0,0,1,2,1,0,-0.18530239306825044,-0.3267204920947803,-1.9047475478230094
26,0,0,1,0,0,0,1,0,0,0,1,0,0,1,0,2,0,1,0,0,0.9537869214247863,0.6719486159223903,0.4979697150068293
27,0,2,2,0,1,2,0,0,2,0,0,0,0,0,0,1,1,2,1,2,1.3674794317930536,-0.5547420584983184,1.2054996024505509
28,0,1,1,0,0,1,0,0,1,0,0,0,0,0,0,0,1,0,1,1,-0.592185194075995,0.012780833791430246,0.5682645654809417
29,1,0,0,0,0,0,0,0,0,1,1,0,0,0,0,0,1,1,1,0,0.2956959425757905,-2.2304538539895367,0.1290017342120955
30,0,0,0,0,0,0,0,0,1,1,1,0,0,0,0,2,2,1,1,1,-0.2735762405621941,-1.169105328218501,-0.7543832956540956
31,0,1,0,0,0,0,1,0,1,0,0,0,1,1,0,2,0,1,0,1,-0.5740301133606956,-1.4524733570035213,0.7498175418491335
32,0,1,1,0,0,1,0,0,0,0,1,2,0,1,1,0,0,1,0,2,0.7722152641795565,-0.07396794729900502,1.5164522893255659
33,0,1,1,0,1,1,0,0,1,1,0,1,0,1,0,0,0,0,1,0,1.5077405415896155,1.9351107174928428,-0.9279407661177743
34,1,1,1,0,1,1,0,1,1,0,0,1,1,1,0,1,2,0,1,1,-0.2453261542211171,-0.2614132187550829,1.1878864118187251
35,0,0,0,0,0,0,0,0,0,1,1,1,0,1,0,1,0,1,1,0,-0.2716710891546417,-0.6925794524644372,0.4609002481062401
36,0,0,0,0,0,1,0,1,0,0,0,0,0,0,0,1,1,0,1,0,0.08329974827589742,0.5728713002787263,0.7586215749577161
37,0,0,0,0,0,2,0,1,1,1,0,1,0,0,0,2,1,2,0,1,-1.285843851675178,1.1147714510312001,-1.5863273936919233
38,0,0,1,0,0,1,0,0,1,0,0,1,0,0,0,1,0,0,1,0,1.5688700961863757,-0.6953044526569359,0.5050516061949443
39,0,2,0,0,0,1,0,0,1,1,0,1,0,0,0,0,1,0,0,0,0.36907840870792763,-2.1284985814705895,0.32153042092587963
40,0,0,1,0,0,0,0,1,0,1,0,1,0,0,0,0,1,1,1,1,-0.015400274651692619,2.1431822947036565,0.6075216392693508
41,0,2,0,0,0,2,0,0,0,1,0,0,1,0,0,0,1,0,1,2,0.4049103662938718,-0.2624887558720244,-1.260122011834032
42,0,0,1,1,1,1,1,0,1,0,0,1,1,1,0,2,0,2,2,0,-0.37797825069899027,0.13123920265133532,2.2656412869581355
43,0,2,2,0,0,0,0,1,2,0,1,1,0,1,0,0,0,0,1,0,-0.7661925850923477,-1.6514985982254098,0.2367546362896259
44,0,0,1,0,0,0,0,1,1,1,1,1,0,0,1,1,1,0,1,0,-0.12265689275840953,-0.1380599234638439,0.4225423548289767
45,0,1,0,0,0,1,0,0,0,1,1,1,0,0,0,1,0,1,1,2,-1.4861312565354308,0.41785138808084976,-0.38631103021544794
46,0,0,1,0,0,0,0,0,1,0,1,1,0,0,1,0,2,1,1,1,-0.396840376844137,0.11556548365931663,0.5364418549538694
47,0,1,1,0,0,1,0,0,1,1,1,0,1,0,0,0,0,1,0,0,0.2834485156990302,-0.13013201472115216,0.5087334677318762
48,0,0,1,0,0,1,1,0,1,0,1,0,1,1,0,0,1,2,2,0,1.442594052073158,-0.7209667437552518,0.6701925642133818
49,1,0,0,0,0,2,0,0,2,0,0,1,2,0,0,1,0,0,1,1,-0.18382047554435954,0.4642533096634748,0.5882455458333833
50,0,0,1,0,0,1,1,0,0,2,0,0,0,0,0,2,0,0,0,2,0.16042233105693407,0.220698499547334,-0.27014364761724
51,0,0,1,1,0,2,0,0,1,0,0,0,0,1,1,0,0,1,2,1,0.37269607229916063,0.7935359646722343,0.21843533385976335
52,0,0,1,0,0,0,0,0,1,0,0,2,0,0,0,1,0,1,0,0,0.13566542364955514,0.6378758743700353,0.2267519509010272
53,1,0,0,0,0,1,0,0,1,1,0,0,1,0,0,1,0,1,0,0,2.0783507480482575,1.9885664864242527,1.061465848793432
54,1,1,1,0,0,1,0,0,2,0,1,0,0,1,0,1,2,1,1,1,0.36148934035526464,-0.5889584053878353,-1.2930467035189381
55,1,2,0,0,0,0,0,1,0,0,0,1,1,0,0,2,2,0,1,1,-1.170271065378443,0.5224189648403884,-2.2809909784070057
56,1,0,0,0,0,1,0,0,1,1,0,0,0,1,0,1,1,1,2,1,1.0518824455441618,1.5278576507106025,0.606560600004489
57,1,2,1,0,0,0,1,0,1,0,1,0,1,0,0,2,1,0,1,1,-0.6456178327932801,-0.6264696314305697,-0.0003365087489431359
58,0,0,0,1,0,0,0,0,1,1,0,0,0,0,1,1,0,0,0,1,-0.12775537566439407,1.4791667093331802,0.02534687001491015
59,1,0,1,0,0,1,1,0,1,0,0,1,0,1,0,0,1,0,1,0,-0.8369259144314736,0.032812825517647026,0.5292843675726342
60,0,1,1,0,1,1,0,0,1,1,0,1,1,1,0,2,0,0,2,1,-1.1970371379921676,-1.1227251009015107,-1.02008964920801
61,0,1,0,1,0,1,0,1,2,1,1,0,1,1,0,0,1,0,0,2,1.274233717399987,-0.11071586976222036,-0.413492282897334
62,1,1,1,0,0,0,0,0,1,0,0,0,0,1,0,1,1,0,1,1,-0.6296841667489134,-0.5298037715285874,0.02022891672094665
63,0,2,1,0,1,0,0,0,0,0,0,0,0,0,0,1,0,0,2,0,-0.25897458393683004,-0.5124335127955196,-0.31661307552481566
64,0,1,2,0,1,0,0,0,0,1,1,0,1,0,1,0,0,1,0,0,1.3592880860164016,0.8806261981135859,1.4699914883991234
65,1,0,0,0,0,1,0,0,0,0,0,0,2,0,0,1,1,0,2,2,-2.46330674803771,-0.5835400408187001,-0.827792384499611
66,0,1,0,0,0,1,0,0,2,0,0,1,1,2,0,1,0,0,0,0,-0.0074255820816776785,0.9504272849109682,-0.0235825145231508
67,0,0,2,0,0,2,0,0,2,1,0,2,0,1,0,0,1,0,2,1,-0.39197694324814153,0.60554543888851,-0.670172467003514
68,0,0,0,0,0,0,0,0,2,2,0,1,0,1,0,1,1,0,0,1,0.12114962363726192,1.4156010102986463,0.13929249966315937
69,0,2,0,0,0,0,0,0,1,0,1,0,0,0,0,1,0,1,2,0,-0.9453008521283394,-0.5538685072016425,1.3086089887892232
70,0,1,0,0,2,1,1,0,0,0,0,1,2,0,0,0,0,0,2,1,1.0903074753143682,-0.49737170777751877,1.3282736074018822
71,1,1,1,0,0,1,0,0,2,0,0,1,1,0,0,0,2,0,2,0,-3.100586614686154,-1.1108704991206566,-1.028927041112832
72,1,1,1,0,0,0,0,0,1,1,1,1,0,1,0,1,1,1,0,0,-0.05891771758198424,-0.201937183632197,-1.354238151667671
73,1,1,1,0,0,1,0,0,1,1,0,0,0,1,0,1,1,1,2,0,-0.720971008064103,-2.024247366467346,0.7116345986844825
74,0,0,0,0,1,2,0,0,1,2,0,0,1,0,1,0,1,1,1,0,1.2453191499822631,-0.19114374900892506,1.156638767026427
75,0,1,0,0,0,2,1,0,1,0,1,1,1,1,0,1,0,1,0,1,0.12997928800273928,0.6351976110816078,-0.8846340856551184
76,0,0,1,0,0,0,0,0,1,0,0,1,0,1,0,0,1,0,2,2,1.1143915778865219,-0.04971954982054794,-1.160586028459475
77,1,1,2,0,0,0,0,1,1,1,0,1,1,0,0,0,1,1,0,0,0.24150641626895603,-0.30734404166604995,0.3530711140514381
78,1,0,0,0,0,1,1,0,2,1,0,0,2,0,0,2,0,2,1,1,0.5514249903057445,0.8445023677325245,-0.24640924901215505
79,0,1,1,0,0,0,0,0,2,0,0,0,0,0,0,0,1,0,1,2,1.3337913637150893,1.2833882935195189,-0.353953728154147
80,0,0,2,0,0,0,0,0,1,0,2,1,0,0,0,0,1,0,2,0,-0.3359417032174833,0.04020697565941722,-0.9063519974775189
81,0,1,0,0,0,0,0,2,0,1,0,0,2,0,0,2,1,0,1,1,-0.30548567884428635,-1.5045329442727444,0.9056472357378467
82,0,1,2,0,1,2,0,0,1,1,1,0,0,0,1,0,0,1,0,0,0.7020571846955649,0.3346593017527982,0.38097973201779567
83,0,0,1,0,0,1,0,1,0,0,1,0,1,0,0,0,1,0,0,1,0.46009929152165663,-0.13040404367523628,-1.543436821158572
84,1,2,1,0,0,1,0,2,1,0,1,0,0,1,0,2,2,0,1,0,-2.3333484198475607,-2.8511146989399365,0.23820764001997174
85,0,2,1,0,0,2,0,1,1,0,1,1,2,0,0,2,1,0,0,0,0.5266112128912996,0.1029370401569834,0.4950949578291752
86,1,0,2,0,0,0,0,0,2,0,0,1,1,0,0,2,0,0,2,1,0.5930138369678987,0.2361959946385227,0.9597305862658501
87,0,0,2,0,0,1,0,0,2,0,1,1,1,0,0,0,0,0,1,1,-0.6684077274390497,-1.157531633746548,-0.4895520437662476
88,0,0,1,0,0,1,0,0,2,1,0,0,1,0,0,0,1,0,1,0,1.1434433812731561,-0.4394703932483483,-0.3792332681898666
89,0,1,0,1,0,2,1,0,0,0,0,1,0,0,0,1,1,0,0,0,-0.6005268333153732,1.2627061534997948,0.5927881127922775
90,1,1,0,0,0,1,0,0,2,2,0,0,1,0,0,2,1,0,1,1,0.24944346368339443,-0.6394550588965979,2.2186739119833554
91,0,1,0,0,0,2,0,0,1,0,0,0,1,0,0,1,1,2,1,1,-1.3657610768250212,-1.104152766239836,-0.10343002280898525
92,0,0,0,0,0,0,0,1,0,0,0,0,0,0,0,2,1,1,1,0,0.4509859122378217,0.5775257200705898,1.3196098523826436
93,1,1,2,0,0,1,0,0,1,1,0,1,1,0,0,1,0,1,0,2,-1.3003136290733208,-0.3192352210743581,-0.8961057307919664
94,0,0,0,0,0,1,0,0,1,1,0,0,0,0,0,0,1,0,0,1,-0.4093752745603295,-0.8280183998853412,-0.8534581707812553
95,1,1,1,0,2,1,1,1,0,2,0,1,0,0,0,0,1,0,0,0,-1.1681589772828476,-1.249332243009578,-1.0111561455618892
96,0,1,1,0,1,0,1,0,0,2,0,1,0,1,1,0,0,1,1,0,0.8888948081026111,0.016763970942717865,-0.573891608092423
97,0,0,0,0,0,1,0,0,1,0,1,1,1,0,0,1,1,1,1,1,-0.31759051252423015,0.6789837016279674,0.35183714476187433
98,0,1,1,0,0,2,0,0,1,1,0,0,2,0,0,0,1,1,1,0,1.4754528110294707,1.2376033171561658,1.3692574474874095
99,0,1,2,0,0,0,0,0,0,1,0,0,1,1,0,0,0,0,1,0,0.38166933262438346,-0.13349346419505065,-0.5025272867433042
100,0,1,1,0,0,1,0,0,0,1,0,1,0,0,1,0,0,0,1,0,0.17684680139471817,-0.019722179667380962,-0.14235110872224707
101,0,0,1,0,0,0,0,0,1,1,2,0,1,2,0,0,1,1,1,1,-0.6550378896619793,-1.2729288942152337,-1.056573902785511
102,0,0,0,0,0,1,1,0,0,1,0,0,0,0,0,1,2,0,1,0,-1.9386086410085246,-1.1224970684665614,-0.3148744400522759
103,0,1,0,0,0,1,0,0,0,0,0,0,1,1,0,0,0,1,1,0,2.1399455002793655,2.5345389127557136,1.7528420162633163
104,0,1,1,0,0,2,0,0,0,2,1,1,0,1,0,1,0,1,0,1,-0.5273721622906893,0.22329393704611072,-0.603483073538549
105,1,0,0,0,0,1,0,1,1,0,1,1,1,0,0,1,1,2,1,1,0.7582280578211283,0.8390090540984216,1.23427087234599
106,0,1,1,0,0,1,0,1,2,1,1,0,2,1,0,1,0,0,2,0,0.6498556790095454,-1.4219067570493518,0.11217054647750602
107,1,1,0,0,0,1,0,0,1,2,0,1,1,0,1,2,2,0,1,1,0.47601509905342343,0.8317937013988156,0.4630266302368709
108,1,0,0,0,0,2,0,0,1,1,1,0,0,0,0,1,0,1,2,1,0.5459860156241756,0.9404783536367136,-0.2381278778132062
109,0,0,1,0,0,2,0,0,2,0,1,0,1,0,0,0,0,1,1,0,-0.7003668830346025,-0.39720812935491656,-0.3069212602837167
110,0,0,0,0,0,1,0,1,2,1,2,2,1,0,0,1,1,0,2,0,-0.25724522556307305,-1.259949427067875,0.4521879352406363
111,2,0,1,0,0,1,0,0,2,1,2,0,1,1,0,1,1,1,2,1,0.043024040516682,0.9643564320189745,0.7623013042907484
112,0,1,1,0,2,1,0,1,0,0,0,0,2,0,1,0,0,0,2,2,-1.0259534825253993,-0.43808090992068877,-0.6767707259479052
113,0,0,1,0,0,1,0,0,2,0,1,0,0,0,2,0,1,0,0,2,-1.0266433979960408,0.1856195882700541,0.619007926109389
114,0,1,1,0,0,1,0,1,0,0,0,0,1,1,0,0,0,1,1,1,0.21614274348997548,0.7652371844207111,0.3414097267447154
115,0,0,1,0,0,0,0,0,0,0,0,0,1,0,0,2,1,0,0,0,-0.04391067929303858,0.7024617964425753,1.3224693475888105
116,0,0,0,0,0,2,0,1,1,0,0,0,2,0,0,0,1,2,1,0,-0.3905733137111095,-1.356167386818766,-1.3566757449360995
117,1,1,2,0,0,0,0,0,1,1,0,1,1,0,1,1,0,2,0,0,-0.6094569421870377,-1.6836770704333588,0.8405143478213029
118,0,1,0,0,0,1,1,1,1,1,1,0,1,0,0,2,1,0,1,1,0.2942415689640213,0.42359892612142086,-0.8238058762973174
119,1,1,0,0,0,1,0,0,1,0,1,1,2,0,0,1,0,1,0,0,1.0980636471448695,-1.1042067986036266,-0.26511022249348026
120,0,1,0,0,0,1,0,0,1,1,0,2,0,0,0,1,1,1,0,1,-0.8557499745096222,-1.0436085280656724,-1.139447341456841
121,1,0,1,0,0,1,0,0,2,1,0,1,1,0,0,1,0,1,0,0,-0.5233018812128357,-0.8875948616902385,0.9239711529764151
122,0,1,1,0,0,1,0,0,0,1,1,1,1,1,0,1,1,0,1,0,1.3762273713595938,1.5346912863607243,1.5180106442705736
123,0,0,0,0,0,1,0,0,0,1,0,0,0,1,0,1,0,1,0,0,1.7949836342446357,-1.4630665506559,1.0450872390027321
124,0,1,0,0,1,0,0,0,2,0,0,1,1,0,0,1,0,0,1,1,0.8650887940937217,0.23647494275152875,0.9512855364329531
125,0,0,1,0,0,1,0,0,1,1,1,2,0,0,0,1,0,0,0,1,0.6706339019102475,1.2617513959715911,0.18587590385790176
126,0,0,0,0,0,2,0,0,1,0,0,1,1,0,0,0,1,0,1,1,1.4223458240281268,0.8133744723558985,-1.4207520568373113
127,0,2,1,1,1,0,0,0,1,1,0,1,1,0,0,0,1,1,0,1,-1.152353250532747,-1.502739008016075,-0.4268338240112539
128,0,0,1,0,1,0,0,0,2,1,0,0,0,1,1,2,1,0,1,1,0.2907410270217252,-0.009522693670912297,0.5475235221626833
129,0,0,1,0,0,2,0,1,1,1,0,1,0,0,0,0,1,0,0,1,0.2556452526345704,0.12309444114087394,0.6979494486780773
130,1,1,2,0,1,1,0,1,0,0,1,0,1,0,0,0,0,1,0,1,2.197976131324461,-0.11390834727712285,-0.6203643716497356
131,1,0,2,0,0,2,0,0,0,0,0,0,1,0,0,2,1,0,1,1,0.9372018406090671,-0.058039376428579925,0.517293371077307
132,1,0,2,0,0,1,0,0,1,1,0,0,0,0,0,1,1,0,0,1,1.0764163362878147,1.2254490091014523,0.8620092113434639
133,0,1,1,0,0,0,0,0,1,2,1,0,0,0,0,1,0,0,0,0,1.1251240490791388,1.7804186890776506,1.4938804100944323
134,0,0,0,0,0,1,0,0,2,1,0,0,1,0,0,1,0,1,1,0,-0.2566670771453573,0.07421027304598286,-0.052581267519355254
135,0,1,0,0,0,1,0,0,2,1,1,1,2,0,0,1,0,2,1,1,-0.8274735354820565,-0.11698732241036375,-0.922884507480447
136,1,1,2,0,1,1,0,0,1,1,0,2,1,1,0,0,0,0,1,0,0.21377729218641078,-0.31847001492519866,-0.38579875076271036
137,0,1,2,0,0,1,0,0,1,0,0,0,2,0,0,2,0,0,0,1,-1.083522688482374,0.17299672658392218,-1.2224538052430838
138,1,0,1,1,0,2,0,0,1,0,0,0,1,0,0,1,2,1,2,0,0.4128227487059365,0.6769543743203912,-1.0223111357656762
139,0,1,0,1,0,0,0,1,2,0,1,0,1,0,0,0,1,1,2,0,0.338302685969474,1.7677456747662426,0.6289013552302468
140,0,1,1,0,0,1,0,0,1,0,0,0,1,1,0,1,1,1,0,1,-0.2349505874019459,-0.7148586084281383,0.6107512161157101
141,1,2,0,0,1,2,0,1,0,0,0,0,0,0,0,2,1,0,0,1,0.4979266174961805,1.4723753726119184,1.7886337523635745
142,0,0,0,0,0,1,0,0,0,1,0,1,2,1,0,0,2,2,0,0,-1.0053219007658714,0.35493489939198763,0.8265807041148987
143,0,0,1,0,0,2,0,0,2,1,0,1,1,1,1,1,1,1,0,1,-0.1661573905732285,-0.9157364974669455,0.031430384689653826
144,0,0,0,0,1,1,0,0,1,2,1,0,1,0,1,0,2,1,1,1,-0.9040829926324351,1.1804238905425049,-0.27940107478301535
145,1,1,1,0,0,1,0,0,1,1,1,0,0,0,0,0,0,0,1,2,-1.6906972065800145,-0.9516993067705645,0.05143089658247785
146,0,0,1,0,0,0,0,0,1,2,1,1,1,0,1,2,0,1,1,0,1.0561625341083118,1.0988729722485038,-0.3907753991512508
147,0,0,0,0,0,1,0,0,1,0,1,1,2,1,0,1,1,0,0,0,-0.6308051336857834,-1.31057443287473,1.2118008243905098
148,1,1,0,0,0,2,0,0,0,0,0,0,1,0,0,1,1,1,0,1,1.314228148297038,0.34322987489625606,-1.2958875453508905
149,1,0,2,0,0,1,0,0,2,0,0,1,2,0,0,0,0,1,0,0,0.5109115791631775,0.7715042101639727,0.4088057205173358
150,1,1,2,0,0,0,0,0,0,1,0,2,1,0,1,1,1,1,2,0,-0.8767970310714245,-0.566435222403455,0.008729946677203074
151,1,0,0,0,2,0,0,0,0,2,1,1,0,0,0,1,1,1,0,1,0.9678414289834989,-0.5668580902735572,-0.7565198288317438
152,0,0,0,0,1,0,0,0,1,2,1,1,1,1,0,1,1,0,0,1,0.9802195382877481,1.746721659844639,1.654912121700102
153,0,1,0,0,0,0,0,0,1,1,1,0,1,1,0,1,2,0,1,1,-0.3989740120809502,-0.35205337765133327,1.3176265011439348
154,0,1,1,0,1,1,0,0,1,0,0,0,2,2,0,1,1,0,0,1,-1.1398831259917457,0.028975665886634916,-0.03162443775329818
155,0,2,1,0,0,1,0,0,1,1,0,0,1,0,0,1,0,1,1,0,-0.49901401559273456,-0.5097919153164724,0.26902133573270715
156,0,0,0,1,0,1,1,0,0,1,0,1,1,0,0,0,1,0,1,0,0.14192040739326364,0.47720036747894057,-0.2600984827166716
157,0,0,1,0,0,2,0,0,1,0,0,0,1,0,0,0,0,1,0,1,-1.3697572400505011,0.5211373957764273,0.2221724854894311
158,0,0,0,0,0,1,0,0,1,1,0,0,1,0,1,0,0,0,1,1,0.5023600326362415,-0.8770577648954502,-0.34625201162619473
159,0,1,1,0,1,2,0,0,0,0,1,0,0,0,0,0,0,1,1,2,0.14186150292710106,0.2642502293197607,0.12575548545330986
160,0,2,0,0,0,1,0,0,2,0,0,0,1,0,0,2,0,1,2,0,0.17935208669448624,1.3066658934094433,0.416932452645107
161,0,1,1,0,0,0,0,0,2,0,0,2,1,0,0,1,0,0,0,2,0.13626993296917178,0.5168206105534215,-2.2524454879450646
162,1,1,0,0,0,2,0,0,0,1,2,1,0,0,1,0,1,0,0,0,0.8939821286403751,-0.2912602515398833,-0.5772953571057984
163,0,0,1,0,0,1,0,0,1,0,0,2,0,0,0,0,0,1,1,1,0.8042587895173078,-0.8348803689501771,-0.8567116242690296
164,0,0,0,0,0,0,0,0,1,1,2,1,0,0,0,1,1,0,0,0,1.466433008046793,-0.5803290488588758,0.22371041822537896
165,0,0,0,0,1,1,1,0,1,2,0,1,0,0,0,0,1,1,0,0,-0.3544462754962293,0.722848309995033,0.3412330834193694
166,0,0,0,0,1,1,0,0,2,0,1,1,2,1,0,1,0,0,0,0,-0.25219218075064354,-0.8079836465109844,1.5112023956464629
167,1,0,1,0,0,0,0,0,2,1,0,1,0,0,0,1,1,0,1,1,-2.009367692619973,-0.5978680641832664,2.0986571284780613
168,0,0,0,0,0,1,0,0,1,1,1,0,1,0,0,1,0,1,1,0,-0.6121017063334254,0.5785094363010219,0.4685397839479337
169,0,1,0,1,1,0,0,0,2,2,0,1,0,0,2,0,0,2,0,1,-0.6203276585822513,0.663324946979817,-0.23102150464129895
170,0,0,2,0,0,2,0,0,0,0,1,2,0,0,0,2,0,1,1,1,0.015549115771397844,0.4084344406036005,1.3005677920700893
171,0,0,1,0,1,2,0,0,2,0,0,0,0,2,0,1,0,0,2,1,1.1441735659655203,2.5901312965285523,-0.19525334059668964
172,0,1,0,0,1,0,0,0,0,2,1,1,1,0,0,0,0,0,0,1,-0.22891443858855895,-2.9852217610977396,1.677482674835901
173,0,0,1,1,0,1,0,0,1,1,0,1,1,0,1,2,1,0,1,1,0.0671148744802629,0.3276135292575489,-0.20328717222500967
174,1,0,0,0,0,1,1,0,2,1,0,1,0,0,0,0,0,0,1,2,-0.44035729746980257,0.7964139148997248,0.6554859610752638
175,0,0,1,1,0,1,0,0,2,1,1,0,1,0,0,1,1,1,1,0,0.6760504365575323,-0.30201289460214475,-1.0097357225880335
176,1,0,1,0,0,2,0,0,1,1,0,0,1,0,1,1,1,0,2,1,0.7705933754668066,2.1092142513352075,-0.07822635714897297
177,1,1,1,0,0,2,0,0,0,1,1,1,1,0,0,0,0,0,1,0,-1.5166809987808003,-2.044598150543608,-0.2641347171059244
178,0,1,0,0,0,0,1,1,1,0,1,1,0,0,0,1,0,0,2,0,-0.5739734036474504,-0.9694796003860411,1.1615770285675369
179,0,0,1,0,0,0,0,0,1,1,0,0,2,0,0,1,0,1,2,1,0.9408600674951129,0.2621683907362405,-0.17136411417986327
180,0,1,0,0,0,0,0,0,2,1,1,0,0,0,0,1,1,1,0,1,-0.5295741371088655,-0.22627928892130872,-0.2254103375902669
181,0,0,0,0,0,1,0,1,1,0,1,0,1,0,0,1,1,0,2,0,0.2625465572898178,-0.24154452276613436,0.9443672987151408
182,0,1,0,0,0,1,0,0,2,1,0,1,2,1,0,2,1,1,0,0,0.5629550489897716,-0.17176469144918724,-0.15120212956166795
183,1,0,1,0,0,1,0,1,1,0,0,1,1,1,0,0,0,0,0,0,-1.853358755161564,-1.3624426811249735,-2.135467532188314
184,0,0,0,0,0,2,1,0,1,0,1,1,1,0,0,0,1,1,0,2,0.2645648822187709,-0.7344442598587216,0.34238299770082886
185,0,1,2,0,1,1,0,0,1,0,1,0,2,0,0,1,1,0,1,2,-0.3837315213167002,1.0660970148509872,1.4537809557203047
186,0,0,0,0,0,0,0,0,1,1,0,1,0,1,0,2,0,1,1,0,-0.6769305171558948,0.2615736774408285,0.6796555995673791
187,0,0,0,0,0,2,0,0,1,1,1,0,2,1,0,0,1,1,0,1,0.43389499128262665,-0.6816792267610017,0.20845691284479279
188,0,1,0,0,0,1,0,0,1,0,0,0,1,1,1,0,0,0,1,0,0.44345826980498665,1.307299894223517,0.4737879449327253
189,0,1,2,0,1,1,0,0,2,0,0,1,0,1,1,1,2,1,0,0,0.006720307322231527,-0.6629077365818028,1.1184570792709707
190,0,0,1,0,0,0,1,0,0,2,1,1,1,0,0,1,1,0,1,1,0.9084782829426461,-0.25226779374090336,-1.5490800831215692
191,1,0,1,0,0,1,0,0,2,0,0,0,1,0,0,1,1,0,0,0,-0.01538481344281724,-0.7471459901265174,1.4232076936645237
192,0,1,0,0,0,1,0,0,1,0,0,1,1,0,2,1,1,1,2,1,0.14547320215001527,0.1453022905177588,0.4488794421700574
193,0,1,1,0,1,0,0,1,1,0,0,0,0,2,0,0,2,1,0,1,-1.2851697733295586,-0.015112288928941897,-1.4789951070740002
194,0,0,1,0,0,0,0,0,1,1,0,0,1,0,0,2,1,0,1,2,0.42788252273515387,-0.2213655371171418,0.5610133433271942
195,1,1,1,0,0,1,1,0,0,1,1,1,2,1,0,1,1,1,0,0,-1.0786127261545215,-0.9911758473352644,1.009802002011225
196,0,1,0,0,0,1,0,0,2,0,0,0,1,0,0,0,1,0,0,2,-1.9965888450981,-1.7368379472988718,0.14545221412051532
197,0,0,0,0,0,1,1,0,2,0,2,2,0,0,1,2,0,0,0,1,0.38430615903466614,0.485985255757521,-0.5017271572779737
198,0,0,0,0,0,1,1,0,2,2,0,0,2,0,0,0,1,0,1,0,0.012290536694048098,0.2630297552333307,-0.618189707941065
199,0,0,1,1,0,1,0,0,2,0,0,1,1,0,0,1,1,0,1,0,-0.10617599043446306,0.49680915180669916,-1.5644185978935208
200,0,0,2,0,0,1,0,0,2,2,0,0,0,1,0,1,1,1,0,2,-0.010247895827785009,0.5314563270983043,-0.6277018049014125
201,2,0,2,0,0,1,0,1,0,1,0,1,1,1,0,1,1,0,2,2,-0.9318826192759226,-0.31581490209332264,0.4974907110124875
202,0,1,0,0,0,1,1,1,0,1,1,1,1,0,0,0,1,0,1,0,0.7022457719596708,-0.4605011408299438,-1.014983552670699
203,1,0,0,1,0,1,0,0,1,1,1,0,2,0,0,1,0,1,1,1,-0.05758531596561669,-0.023224225174521607,0.9336736060259908
204,1,0,0,1,1,0,0,0,2,2,1,0,1,0,1,1,1,1,0,0,-1.520789890163843,-1.3971884461124393,0.812346766462259
205,0,1,2,0,0,2,0,0,1,2,1,1,0,1,0,0,1,1,1,2,0.28702705197803396,1.1974041215317306,0.22827091941513905
206,0,0,0,0,1,2,0,0,1,0,0,0,1,0,0,2,0,0,0,0,-2.27819969308162,-0.3263038450108568,0.2985162783412562
207,0,1,1,1,0,1,1,1,1,1,0,0,1,0,0,1,0,0,0,1,1.3464437965762148,0.448524635145768,-0.35886793682594587
208,0,2,0,0,0,1,1,0,1,2,0,0,0,1,0,0,1,0,1,1,1.1187456836295757,0.2742815851059658,-0.11042425571461378
209,0,1,0,1,0,2,0,1,2,1,0,0,0,1,1,0,0,1,0,1,-0.8821657892397455,0.16001504184944385,-1.6496778660494875
210,0,0,2,0,2,1,0,0,2,0,0,1,1,1,1,2,1,0,1,0,-1.161403854109139,0.9714643776444638,0.03387936184771182
211,0,2,1,1,0,1,0,0,2,0,0,0,0,0,1,2,0,0,0,0,1.1669365306100852,0.5249770573695876,-0.209951886677056
212,0,0,1,0,0,0,0,0,1,1,1,0,1,0,0,1,0,0,1,0,0.8695816775765036,0.9934713821220857,0.16507023808092824
213,0,1,1,0,0,0,0,0,0,1,0,1,0,0,0,0,1,1,2,0,-1.1568344628095875,-0.590512741666481,-0.6875121722978672
214,1,0,0,1,0,0,0,1,2,0,0,0,0,0,0,1,0,0,1,0,0.5185605905414584,0.13212832554700216,-0.37287423000985404
215,0,2,1,0,0,1,1,0,2,0,0,1,1,0,0,2,1,0,1,1,1.119555159395956,-0.03526674833416721,-0.26431353749774555
216,0,0,1,1,0,1,0,0,1,1,0,1,0,0,0,0,1,1,0,1,-0.30912146368417964,-0.8316475111381703,-0.5629620004578327
217,1,1,0,0,0,1,0,0,1,1,1,1,1,1,0,0,1,0,1,1,-0.28009108047987735,-0.42486477188207195,0.18253347023808955
218,1,1,1,1,0,1,1,0,1,0,0,0,1,0,0,0,1,0,1,1,1.1718571115426468,-0.21347113086455294,-0.5606038252286446
219,0,0,1,0,0,1,0,1,0,1,0,0,1,0,0,1,1,0,1,0,-1.6169411887318264,-1.212471732675795,0.43942721671626095
220,0,0,1,0,0,1,0,0,1,1,2,0,1,0,0,0,1,0,0,1,-1.4748624705727602,0.4709689525943255,0.23323006613608774
221,0,1,1,0,0,0,2,0,2,0,0,0,1,0,0,1,1,0,0,2,-0.3583348559021772,-2.074887473005804,0.22028854390974484
222,0,0,1,0,0,1,0,0,2,2,0,0,2,0,0,1,1,1,1,1,-1.5316861399708552,0.2850997767256722,0.8246864549935409
223,0,0,1,0,0,1,0,0,0,1,0,0,0,0,0,0,1,1,0,0,1.310803603383819,1.1958040394749128,-1.8707540806111294
224,0,1,0,0,0,1,0,0,0,1,0,0,2,0,0,2,1,0,0,0,1.6256780673662847,0.8757374685405344,-0.19056179568245474
225,0,2,0,0,0,2,0,0,1,1,0,1,0,1,0,1,0,0,2,0,0.8358871783497297,-0.43618014654511117,-0.6274606482738305
226,0,0,2,0,1,2,0,0,2,1,1,1,1,0,0,0,0,0,1,1,-0.06779415486761471,-0.25908976404119627,-0.20576212090102552
227,0,1,1,0,1,1,0,0,0,1,0,1,1,0,1,0,0,0,0,0,-0.6778947365898621,-1.1633793220778201,1.1268911720717036
228,1,0,1,0,0,0,0,0,1,1,1,0,1,0,0,1,1,0,1,0,0.24629585594867529,-0.4781638749580584,-0.13753336967596938
229,0,0,0,0,1,0,0,1,2,2,0,1,0,0,0,2,0,0,2,1,-1.6316823722573424,-0.6118144507586002,-0.009640531147323494
230,0,0,0,0,1,1,0,0,1,1,2,0,0,0,0,1,1,0,0,0,0.8255754294068757,1.1045140289405277,-0.44004600274635897
231,0,0,2,0,1,0,0,1,1,0,0,0,1,1,0,1,1,0,2,0,-2.042204143761161,-1.9840153914455345,0.1914662648537867
232,0,1,0,0,0,1,0,0,1,0,0,1,1,0,0,0,0,0,1,0,0.9871998416567628,0.6797006179078415,0.5152206282317168
233,0,1,2,0,0,2,1,0,1,1,0,1,1,1,0,1,0,2,1,2,-0.1532301037178371,0.459099313580442,-0.69644548614751
234,0,0,1,0,0,1,1,0,1,0,0,0,0,1,2,2,0,0,1,1,0.46997194963099803,0.15328245217351677,-1.8814528521518952
235,0,0,1,0,0,0,0,1,1,0,0,1,1,0,0,1,1,2,1,1,-0.8275587317213381,-1.073819447878202,-0.6202458597011431
236,0,0,1,0,0,0,1,0,1,1,1,1,0,0,0,1,1,0,1,1,2.085781764208761,0.025323713068970855,1.5563431414047066
237,0,2,1,0,1,1,1,0,1,0,0,0,1,0,0,1,0,0,2,0,0.41638273260333,-0.5838986724814549,-0.8151458655179233
238,0,0,2,0,0,0,0,0,2,1,0,2,1,0,0,0,1,0,0,0,-0.6706704745322105,0.8053195024733384,-0.22767506542465651
239,0,0,0,0,1,0,0,1,0,1,0,0,1,1,0,1,0,1,0,1,-1.8524036323411763,-1.0695191215837683,-1.2842713868956712
240,1,0,1,0,1,2,0,0,1,1,0,2,1,0,0,1,1,0,1,2,2.9660372333422855,2.273989731235573,1.683516003299304
241,2,0,0,0,0,0,0,0,0,1,0,2,1,0,0,0,1,2,2,2,1.3424492689815857,0.25087536569904045,0.4069376696235881
242,0,0,0,0,0,0,0,1,1,1,0,0,1,1,0,0,0,0,1,1,-0.6913949069586984,0.2955665951079573,-0.4315392503105736
243,0,2,1,0,0,1,0,0,1,0,0,0,0,0,0,1,0,1,0,1,0.9316462964700812,-0.5343894868111034,-0.6553545531249857
244,1,0,1,0,0,0,0,0,1,0,0,1,2,0,0,0,1,1,1,2,0.6199247764221645,1.3831970575823038,-0.6634822546603365
245,0,1,0,0,0,0,0,0,2,0,0,1,1,2,0,0,0,1,0,1,-1.707742912347774,-0.6787194961078016,-1.184512891292729
246,1,1,2,0,1,0,0,0,2,0,1,0,1,1,1,1,0,0,1,1,0.5003957296750992,0.1719754989780726,-1.0531844808080288
247,0,0,0,0,0,1,1,0,1,1,1,0,0,1,1,1,1,1,2,0,-0.5770306018669175,-0.5479030488690487,0.7989744103156476
248,0,0,0,0,0,1,0,0,0,0,1,2,0,0,0,1,1,0,2,0,1.191958309910915,2.2720547215018847,2.279315483923857
249,0,0,0,0,0,1,0,0,1,1,0,0,1,0,1,2,1,0,1,1,-0.45502269119567174,-1.0408580957563898,1.4760013658761904
250,0,2,0,0,0,2,0,0,0,1,0,1,1,0,0,1,0,0,1,0,2.062255769153951,1.6529292112110459,0.5862680021209921
251,0,0,1,0,0,1,0,0,0,0,1,0,1,1,1,1,2,1,2,0,2.672128551075031,0.08793240236810018,-0.7904310573202344
252,0,0,0,0,0,1,0,0,1,2,2,1,1,1,1,1,0,1,1,2,-0.40552662762555175,0.2950348504203141,1.1554997554580209
253,0,2,0,0,0,1,1,2,0,1,0,0,0,2,0,1,1,1,0,0,1.575626017337649,0.4824272705012372,0.523781406143724
254,0,0,1,0,0,1,0,1,1,1,1,1,2,0,0,0,1,1,2,1,1.7736323128753015,-0.3015191758329041,-1.3091810792490637
255,1,0,0,0,1,0,0,0,0,0,1,2,1,0,1,1,0,1,1,1,0.6578612951425464,-0.7125405066801502,1.3648135499017513
256,0,0,0,0,0,1,1,1,0,1,0,0,0,0,0,0,2,0,1,0,0.5054262844919732,0.5285227451681639,-0.28114348963243296
257,0,0,1,0,0,2,0,0,0,0,1,2,1,0,0,0,0,1,2,0,-0.9550759183639594,1.019587168393048,1.30876116565934
258,0,1,0,0,0,0,0,0,0,0,1,1,2,2,0,1,2,0,2,2,0.16792291126530304,-0.45617539830188425,-1.4824820819801672
259,0,0,1,0,0,0,0,0,0,2,0,0,0,0,0,1,1,0,1,0,-1.3411286920963108,-1.6069942472914194,0.3692625053326422
260,0,1,1,0,1,1,0,0,1,1,2,0,0,0,0,2,0,0,1,2,-1.120977333634658,0.15331474790482363,-1.327068031119131
261,1,1,0,0,0,1,0,0,0,1,0,2,0,0,1,1,0,2,1,1,0.40960831544726667,-0.2697022191222298,0.09442641032421645
262,0,0,1,0,1,1,0,0,0,1,2,0,1,0,1,0,1,1,0,1,-0.06970600409950213,-0.7208526788904182,1.1724458786388197
263,0,0,0,0,0,0,0,1,1,2,1,0,2,0,0,0,1,1,1,0,0.9226663286077057,1.5618982514806201,0.7580763507759869
264,0,1,2,1,0,2,0,0,1,0,0,0,0,0,0,1,1,0,1,0,0.6127029518432963,-0.15614686433902913,0.545912130695159
265,0,0,1,2,0,2,0,1,2,0,0,0,1,0,1,1,0,0,1,0,1.509450554747094,0.5433933130079869,-0.2531415257668582
266,0,0,0,0,0,1,0,1,0,0,0,0,0,0,0,0,0,0,1,1,-1.7076980031533315,-0.20052782062396918,-2.021405073341051
267,0,0,1,1,0,1,0,0,0,1,1,1,1,0,0,0,1,0,0,0,0.10494165725992934,0.23981963861562616,-1.5387908628559623
268,0,0,0,0,2,1,0,0,0,0,0,1,0,1,0,2,1,0,0,0,-0.272095264972875,-1.2180012017596817,-0.9831128195569758
269,0,1,1,1,1,1,1,0,0,0,0,0,0,1,0,1,0,0,1,1,-0.9135925672262312,-0.0551533686042948,-0.7049093937422136
270,0,0,1,0,0,0,0,1,1,1,0,1,1,0,0,1,1,2,0,1,-0.27670168571129733,-0.30057459638187706,0.6659359148651253
271,0,1,1,0,0,2,1,1,1,0,0,1,1,0,0,0,1,1,1,0,1.4105753573096067,-0.9537494177330365,0.009533229435394808
272,0,0,1,0,0,0,0,0,0,1,1,0,1,1,0,1,0,0,0,1,-0.010458335855407591,-0.17937244297890886,1.368565920613929
273,0,1,0,0,0,2,0,0,1,0,1,1,1,0,0,0,1,0,2,0,-0.5826585257879562,-1.4093179881830573,1.826314422460019
274,0,0,1,1,0,1,0,0,0,2,0,1,1,0,0,1,2,0,2,1,-0.373360947327641,-0.08387463516150295,-1.2056995440959941
275,0,1,2,0,1,0,0,0,1,1,1,1,0,0,0,1,0,1,1,0,-0.5899713232920898,-0.626877105842278,-0.47251417357802084
276,0,0,1,0,0,0,0,0,0,0,0,1,2,0,0,1,0,0,1,1,1.02304492173597,0.4759957751041106,-0.5458649803334021
277,0,1,2,0,1,2,1,0,2,1,0,0,0,0,0,1,0,1,0,0,-0.6271130638303876,-0.02925837673014814,-0.2080422142675608
278,0,1,1,1,0,1,1,0,1,1,0,0,2,0,1,0,0,0,0,1,-0.3749068773344067,1.7908156593822526,1.8883613230024685
279,0,1,0,0,0,1,0,0,1,1,0,0,1,0,0,1,1,0,1,0,1.226713547529422,0.13852618705603342,-0.7983339496998807
280,0,2,0,0,0,1,1,0,0,1,0,0,0,1,0,2,1,0,1,0,1.8856204355351067,1.4387704014856162,0.6182633613214477
281,0,1,1,1,0,0,1,0,1,0,1,1,0,0,0,1,0,0,1,0,1.362737442919532,-0.035424781788734205,0.8983041392361656
282,0,0,0,0,0,2,1,1,0,0,0,1,1,0,0,1,1,0,1,0,0.09953249227653782,0.6764275997272041,-1.3810373654413708
283,0,1,0,0,0,2,0,1,1,0,0,0,0,0,0,2,0,0,1,1,-0.5173805156245709,-0.5243750569136119,-0.9018714279426291
284,0,0,0,0,0,1,0,1,1,0,0,0,1,0,0,0,1,1,0,1,0.600452620336855,-1.5137886940256224,0.02025392937488857
285,0,1,0,0,0,0,1,0,1,1,0,0,0,0,1,1,0,1,1,2,-0.9285907122705364,-0.012285948318465738,-0.2268980310223598
286,0,0,0,0,0,1,0,0,0,1,0,1,1,0,0,1,1,1,1,0,0.8486439123165008,2.028563800785316,-0.1779656319300833
287,0,1,2,0,0,0,1,0,0,0,1,0,1,0,0,1,0,1,0,0,-0.020977052874332817,-0.8637544452601547,-0.28970798165565265
288,0,0,0,0,0,0,0,0,0,1,0,0,1,0,0,1,0,1,1,0,0.09620074572359918,0.10418968993847011,0.9563441494792642
289,0,0,0,0,0,1,1,0,1,0,1,1,1,0,1,1,2,0,1,0,0.40345126920944785,1.8128012726300833,1.8010381155282582
290,0,0,0,0,1,2,0,0,2,1,1,0,0,0,0,2,1,0,0,1,-2.3595279599714982,-0.8374427931906898,-1.0947965954901895
291,0,1,1,0,0,2,0,1,1,1,2,0,0,1,1,0,1,1,2,2,-0.15213497558736594,-0.1672154460333906,-0.7667839882324393
292,0,0,0,0,1,1,0,0,2,1,1,2,1,1,0,1,0,0,1,1,1.0141235108706752,-0.9560530776557548,0.7204185335657101
293,1,1,0,0,0,0,1,0,1,0,0,1,2,0,0,0,1,0,1,0,-0.35712149074054844,0.5704275316728759,0.47699974739182655
294,0,1,0,1,0,2,0,1,1,2,1,0,0,0,1,2,0,0,1,0,-0.09018447947329958,0.4131550261930365,0.6336792788310861
295,0,1,1,1,0,2,1,1,1,0,0,1,1,0,0,0,0,0,1,0,-2.6625901370369958,-0.887996846057528,-1.8873520535657526
296,0,1,0,0,0,2,0,1,2,1,0,0,1,0,0,0,1,1,1,1,-0.8397536740846966,-0.40676368068196805,0.5173709162873834
297,0,0,0,0,0,1,0,0,2,2,1,1,0,0,1,2,0,1,0,2,1.7245254879406655,-0.36441909700652,1.79730308133868
298,0,1,2,0,0,1,0,1,1,0,1,1,1,0,1,0,0,2,1,0,-0.3189549738453933,-1.6658809579287481,-0.8121744678640538
299,0,1,0,0,0,2,0,0,1,0,1,1,0,1,1,2,1,0,1,0,-1.232696823578018,-1.270002305568268,-0.02603322586234065
300,0,1,1,0,0,1,0,0,1,1,0,1,0,0,0,1,1,0,0,0,0.3530754676681565,-0.21132350682310572,-1.317026523639297
301,0,1,0,0,0,0,0,0,0,2,1,2,0,0,0,1,0,0,1,0,0.42209573840728415,-1.0996050207800339,0.16433383478437016
302,0,2,1,0,0,1,0,0,0,0,1,0,2,0,0,0,0,1,1,0,-0.27951825164923627,0.10766023249588175,-1.103883425713733
303,0,1,0,0,0,0,0,0,1,0,0,0,0,0,0,1,1,1,0,0,-1.9705995507880756,-1.6734154702356914,0.6991475050058323
304,0,0,0,0,0,1,0,0,1,0,0,1,1,1,1,2,2,1,2,0,-0.9799020582328868,0.6729074875071772,1.0898101320820772
305,0,0,0,0,0,1,0,0,1,0,1,1,2,1,0,0,1,0,1,1,0.8068217998764263,-0.12972519856770698,0.5509532716210264
306,0,0,0,0,1,2,0,1,0,1,0,1,0,0,0,1,1,2,0,1,-1.5430362339572445,0.4618077689452004,-0.5395437272907035
307,1,0,1,0,0,1,1,0,2,2,0,1,0,0,0,2,0,2,1,2,0.49096202945799233,0.35392112132466635,2.8028147556993868
308,0,1,0,1,1,0,1,0,1,0,0,1,1,0,1,1,0,1,0,1,0.678302541076045,1.3635268993422867,-0.4257533704621102
309,0,0,0,0,0,1,0,0,1,2,1,0,1,0,0,0,0,1,1,1,-0.9983706790744831,-0.9602924655956135,-0.7542392616949012
310,0,0,0,1,0,2,0,0,1,1,0,0,0,0,0,1,1,0,1,2,-0.09876136257660809,-0.4795267067259156,-0.6392674628809034
311,0,1,0,0,0,0,0,0,0,0,1,1,0,1,0,1,0,1,1,1,-0.09743523449814377,-0.06787238959803374,0.21431570778842593
312,0,0,0,1,0,1,0,0,0,0,0,1,1,0,0,1,1,0,1,0,0.02265882543856346,0.687296021647798,0.36236883140972725
313,1,0,0,0,0,2,0,0,2,0,0,0,0,0,0,0,0,1,0,1,0.24056021125316218,-1.697837149473458,-0.45587662955188757
314,0,0,1,0,1,2,0,0,0,2,0,2,1,0,0,0,2,1,1,0,0.8698933027954798,-0.3839449476694712,-0.34792079812301013
315,0,1,0,1,0,0,0,0,2,2,1,0,1,0,0,0,1,1,1,0,0.9087180731377451,-1.3669929396319602,0.19260476543697183
316,1,2,0,1,0,1,0,0,1,1,0,0,1,0,0,1,1,0,1,1,0.40962148356468364,-0.2873206324572172,0.23074011725572233
317,0,0,1,0,0,0,1,0,1,0,0,0,0,0,0,1,0,0,1,1,-0.2103420573840439,0.8269441622499866,-0.6647305977243725
318,1,1,1,0,1,2,0,1,0,2,0,1,0,1,0,1,0,0,0,0,0.6676779561673166,0.7103219691377459,-0.4961559983564491
319,2,0,1,0,1,1,1,0,1,1,1,1,1,0,0,0,1,0,0,2,0.7593630395968095,-0.7097157216680958,0.07533031534267133
320,0,0,1,0,0,2,0,1,1,1,0,0,1,0,2,1,1,0,0,0,-0.3299793897888544,0.22876602109301417,0.037154968928940095
321,1,0,1,0,0,1,0,0,0,1,0,1,1,0,0,0,2,1,0,0,0.9043795453449078,0.3615438477099618,0.35889654020603173
322,0,1,1,0,0,2,0,1,1,1,0,0,0,1,0,1,0,0,0,0,-0.7807430314399607,-0.6686004897055472,-0.013546915167071884
323,0,0,1,1,2,1,1,0,1,1,1,0,1,1,1,1,1,0,0,0,-0.8858384221399898,0.48053269550285393,0.5345090966378818
324,0,0,1,0,0,2,0,1,1,0,0,1,0,0,0,0,0,1,0,1,1.5052023353072927,-0.322947192966728,0.3797392631600772
325,0,1,1,0,1,0,0,0,0,1,0,1,1,0,0,2,0,0,0,2,1.3236483253074411,1.3835935238431882,-0.9934136590471361
326,0,0,0,0,0,1,0,0,1,1,1,0,2,0,0,0,0,2,1,0,0.6743442555881654,-0.2137183552623007,-0.23961256503731426
327,0,1,1,0,0,0,0,0,1,1,1,1,1,1,0,1,1,2,1,0,1.3205678685891922,-0.5190094594722312,0.6512968068665609
328,0,0,1,0,0,0,0,0,2,0,1,2,1,1,1,1,0,0,0,0,0.6395085033785928,-1.3296372153921605,0.3776470669425438
329,1,1,1,0,0,1,0,0,1,1,1,0,1,0,0,1,0,0,1,1,2.437775486332725,0.6657809857627568,-0.0967028093030654
330,0,1,1,0,0,1,1,1,2,1,1,0,0,1,0,0,2,0,0,0,-1.7265182622035875,-1.8452892702081325,-0.6716709512712047
331,0,0,0,0,0,0,0,0,1,0,0,2,1,0,0,2,1,1,0,1,0.2740426619081113,0.5417334751108591,-0.13922584045820147
332,0,2,0,0,0,1,0,0,2,0,0,0,1,0,0,1,1,0,0,1,0.40372165050217107,-0.5570233111994736,-0.44311155540078206
333,2,0,1,0,0,1,0,0,1,0,1,0,0,1,0,1,0,0,1,0,0.1460787804030935,-1.448486509557054,0.6331533397460922
334,0,0,2,0,0,1,0,0,1,0,0,1,0,0,0,1,0,0,0,0,0.7886230162193908,0.05942822925009639,1.2496328139848414
335,0,0,1,0,1,2,1,0,0,2,0,0,0,0,1,0,0,0,2,1,0.5762077954934385,2.3473454761011436,1.8833951835598723
336,0,0,0,0,0,0,0,0,1,0,1,0,0,0,0,1,0,0,1,1,-0.5236309391733216,-0.42609278249586446,0.27445687075822855
337,0,1,0,0,0,1,0,0,2,1,0,1,1,0,0,0,1,1,2,1,-0.5452794113775525,0.5666884613586873,0.7756076123760874
338,0,0,2,0,0,1,0,1,2,0,1,0,1,0,0,0,0,0,2,1,1.0269157222600669,0.25027580209429107,1.0654918711096442
339,0,1,1,0,0,0,0,0,0,0,0,0,1,0,2,1,0,0,0,1,0.9056869164496586,0.29564251573539413,-1.280586632261312
340,0,1,1,0,0,2,0,0,0,2,0,1,0,0,0,0,0,1,1,0,-1.1654055484939705,-0.3557599766339125,0.3237857131124231
341,0,1,1,0,1,2,0,0,2,0,0,0,1,0,0,1,0,0,2,0,0.1676268075799933,0.03489959852924672,1.6215708663428605
342,0,0,0,0,1,1,0,0,2,1,1,0,1,0,0,1,1,0,0,1,0.9884731858290016,0.09412374280708871,1.9640360272336264
343,0,0,2,0,1,2,0,0,1,0,1,0,1,0,0,1,1,0,1,1,0.04557683326694459,-0.9809819849366409,0.2829632758790921
344,0,1,0,1,0,0,0,1,2,0,0,1,0,0,0,0,1,1,1,0,-0.5002473720571057,-0.8838042775645707,-0.5104902930714488
345,1,1,0,0,0,2,0,0,0,1,0,1,0,0,0,0,0,0,1,1,-1.4510580398456303,1.110270723763005,0.06855290324795993
346,1,0,1,0,0,1,0,1,2,0,0,0,1,0,0,1,1,1,0,0,1.9139615923002289,0.5040045354646179,-1.1668312819734497
347,0,1,0,0,0,2,1,0,1,1,0,0,1,0,0,1,1,0,1,1,0.10883768433264196,0.5943770735005203,-2.0758910192321536
348,1,0,1,0,0,1,0,1,1,2,0,0,0,1,0,1,1,1,1,0,0.45551316994676555,-0.7214992598074196,2.0121858467670353
349,0,1,0,0,0,1,0,0,1,0,0,1,2,0,0,1,0,1,0,0,0.43918002225719444,-1.9751513936130982,-0.21045167086031547
350,1,1,0,0,1,0,1,0,1,0,0,0,0,0,0,1,1,0,1,0,0.11783640730794008,1.7130920821177962,0.025974906543652698
351,0,0,0,0,0,0,0,0,2,1,1,0,1,0,2,1,0,0,1,1,1.0944101744208723,1.031589911517567,1.9173989766683215
352,0,0,0,0,0,1,0,0,1,1,0,1,2,0,0,0,1,1,0,1,-0.6486369619369367,0.26735371958480486,0.44134571386232313
353,0,1,0,0,2,0,0,1,2,1,0,0,0,0,0,1,1,0,0,0,-0.18634095484002663,0.7032099958018005,0.2537210841787134
354,0,0,0,0,0,0,0,0,0,1,1,0,0,1,0,0,2,0,1,0,1.515134425915065,-0.1562286756144889,-0.23678143298528911
355,0,0,1,0,0,1,0,0,1,0,0,1,1,0,0,1,0,2,0,0,-2.1708444675642857,-0.29244537441683993,0.08538355579216672
356,0,0,2,0,1,1,0,0,0,1,0,1,0,1,0,1,0,1,0,0,-0.47427943563331915,0.033749554331838114,0.7051898380718379
357,0,1,1,0,1,0,1,0,2,0,0,0,0,1,0,2,1,0,0,0,0.3890060541131534,0.5510157053199883,0.43220289187133887
358,0,1,1,0,0,0,1,1,1,0,0,1,1,1,0,1,1,1,0,0,-0.15345093248349798,-0.06868263515516959,2.4009614020045436
359,0,1,1,0,1,1,0,1,1,1,1,0,0,0,1,1,2,1,1,0,1.8200619214977587,-0.797513560167445,0.17292980536818686
360,0,1,1,1,0,1,0,0,0,1,0,1,0,0,1,1,1,1,0,0,-0.8747352847852888,0.2683207112285034,0.6823537919328976
361,1,0,2,1,0,1,0,0,2,0,0,2,1,0,1,1,0,0,1,0,0.5002874253715609,0.8770457871269028,1.6094462656398931
362,0,0,1,0,0,1,0,0,2,1,0,0,1,0,0,0,0,1,0,0,0.7092972209839586,2.372760952982702,1.7771967553065011
363,0,1,1,0,0,0,0,0,0,0,1,0,1,0,1,1,1,1,1,0,1.0971156219482463,-0.13984141331256347,1.1216464732218385
364,1,0,0,0,0,1,0,0,1,1,0,1,2,1,2,1,0,0,0,1,1.0352905429616774,1.3508782465581577,0.1446123334291478
365,0,1,2,0,0,0,1,1,1,1,0,2,0,1,0,2,0,0,1,1,-0.7246205105827853,-0.32763711380079474,-0.5040430029286831
366,0,0,0,0,0,1,1,0,1,0,0,1,1,0,0,2,2,0,1,0,0.2524243427821172,1.077650418652971,0.0007534098754400087
367,0,0,1,0,1,0,0,1,1,1,1,0,0,0,0,1,1,1,1,1,0.2781189359451542,0.8238416067864248,-1.4835732105139656
368,0,0,1,0,0,0,0,0,0,1,1,1,0,0,0,2,0,0,2,1,0.5490116967762185,0.6587043867663963,-0.23306163649661638
369,0,1,0,0,0,1,0,0,1,0,0,0,0,0,0,2,2,0,1,0,0.2081564344862718,-1.1931127787769682,0.5594129862528179
370,0,0,2,1,1,2,1,0,0,0,0,0,0,0,1,1,1,0,2,1,-0.43530609932814945,0.8141124775631281,0.3702836089678854
371,1,0,0,0,0,1,0,1,0,1,0,1,1,0,0,0,1,1,0,0,1.529691113787415,-0.041988350093909166,0.027686837797030878
372,0,0,1,0,1,0,0,1,1,1,0,1,1,0,0,0,0,0,0,0,0.8181139270415222,1.0677569309054193,-0.9257346070909391
373,0,1,2,0,0,1,0,1,2,0,0,1,2,0,0,0,1,0,2,2,-0.1123330683988673,0.40038195487807055,0.5351007020948864
374,0,0,1,0,0,1,0,0,2,1,1,1,0,0,0,1,0,1,0,1,-0.37963077671919626,0.15390613803261083,-2.286709761195091
375,0,0,1,0,0,0,0,0,0,1,1,1,1,1,0,0,0,1,1,0,-0.04079333540103316,-0.06289885247352112,-1.1528966418883406
376,0,0,0,0,1,2,0,0,0,0,0,1,1,0,0,0,0,1,1,0,0.21130784241748002,-0.025407032783580835,-0.4794589219341239
377,1,0,2,0,1,1,0,0,1,2,0,1,1,0,0,1,1,0,1,0,2.031789525219294,1.432834188307266,-1.1344041570295396
378,0,1,2,1,0,2,1,0,1,1,0,1,0,0,0,1,0,1,2,1,0.022026534152929517,-0.726034118314531,0.14262857880479668
379,0,0,0,0,0,1,0,0,2,1,0,0,2,0,0,1,1,2,1,0,-1.143576454220001,0.22431104588768874,0.9047937426241235
380,0,0,0,0,0,1,0,0,2,1,0,0,1,1,0,1,1,0,0,0,0.46409830169694405,1.7590614632986605,0.30725713616618394
381,0,1,0,0,0,2,0,1,2,1,0,1,1,1,0,0,0,1,1,0,0.8560078878191816,0.5516806880482086,1.9221095128793078
382,0,1,0,0,0,2,0,0,0,0,2,0,0,0,0,2,0,1,2,0,-0.8892443366017959,-0.05002164690173816,0.09081111987970655
383,0,0,0,0,1,2,0,1,0,0,1,0,1,0,1,1,0,1,1,1,-0.5360460437435566,-0.7932347760126693,0.9643891852143623
384,0,0,0,0,0,2,1,0,2,1,1,0,0,0,1,0,2,0,1,2,1.8717093845918717,1.2884974519993695,-0.27005640060399516
385,0,2,1,0,1,2,0,1,0,1,1,1,1,0,0,1,0,1,1,1,-1.4763149370119206,1.4429456618447105,-0.36301594509392476
386,0,0,1,0,0,2,0,0,0,1,1,0,1,1,1,1,1,0,0,0,0.5598941447552643,-0.19264253939047168,0.038733864003008614
387,0,0,2,2,1,1,0,0,1,0,1,0,1,0,0,1,1,1,1,2,0.22635965660157967,1.2222729224868583,0.3386292659253797
388,0,0,0,0,1,0,1,0,0,0,0,1,0,1,0,1,1,1,1,0,0.4748059803391937,-1.3043444665810482,0.06217237701521938
389,0,0,1,1,0,0,0,0,1,2,2,1,1,0,0,1,1,0,1,1,0.6410040184818065,1.2089501818040025,2.8082763323154825
390,0,2,1,0,1,1,1,0,1,0,0,1,0,0,0,0,0,0,0,0,-0.7001707144216368,-2.0969821447375354,1.720536570275122
391,0,0,0,0,0,0,0,0,1,0,0,2,1,0,0,0,0,0,1,0,-0.6564817032566392,-1.7141329889612824,0.7940533836266488
392,1,0,0,0,0,1,0,0,2,1,0,0,2,1,0,2,1,1,1,0,0.6078252940829737,-0.3195891557146111,-0.8167340424193354
393,1,0,2,0,0,1,0,1,1,1,1,0,0,0,0,2,1,1,0,1,-1.3813819527923767,-0.770084139073727,1.2771035944201303
394,0,0,0,0,0,1,0,1,1,0,0,1,0,0,0,0,2,0,1,0,0.2432584103885904,0.07907022081772117,-0.11458626547987802
395,0,1,0,0,1,1,0,1,1,1,0,0,1,0,0,0,1,0,1,1,2.268984073950022,1.3652743963280636,0.22271360332320034
396,1,0,1,0,0,0,0,0,1,1,0,0,1,1,0,2,1,1,0,0,1.382941544581656,0.3759155319343092,0.6833517453948558
397,2,1,0,0,0,1,0,1,1,1,0,0,0,0,0,0,1,0,2,0,1.0433813963042495,-0.20855516986071743,-0.39710922435257867
398,0,1,0,0,0,1,0,0,0,0,0,0,1,1,0,0,0,1,1,0,0.06157488336567014,-0.06737876933763705,-0.5152909376983876
399,0,1,2,0,0,1,0,0,0,0,1,0,1,0,0,1,0,0,1,0,0.31445623898710356,0.3710597886726601,1.788443543106983
400,0,1,1,0,0,1,0,0,2,0,1,1,1,1,1,1,0,1,0,1,-0.04124100253303233,0.05603408710446056,1.2727373992153477
401,1,0,1,0,0,2,0,1,0,0,0,0,1,1,1,0,0,0,2,0,0.26135132835802977,-0.987944600809054,-0.23587820980486943
402,0,0,0,0,0,1,0,1,2,0,0,0,0,1,0,0,1,0,2,0,-0.8862866861236197,0.48062608304340954,-1.790589178317934
403,0,0,0,1,0,2,1,0,1,1,0,1,0,0,0,0,0,0,1,0,-3.1049524320049575,-0.856146096581599,0.4632788509789629
404,0,1,1,0,0,1,0,0,2,1,0,0,0,0,1,1,0,1,1,0,0.805340852685387,0.1989953459346808,0.8366486613315115
405,0,1,2,0,1,2,0,0,1,1,1,1,1,0,0,2,0,1,1,1,0.7320684506496871,0.6458870433752014,0.6154333754096142
406,0,0,1,0,0,1,1,1,2,0,0,0,2,0,0,1,1,1,0,1,0.6614344216256044,-0.05352826436798516,0.3447874139310344
407,0,0,1,0,0,1,0,0,2,1,0,0,1,0,0,1,1,0,0,0,1.1525889055184968,1.7545925080113278,0.03136072446997673
408,0,0,0,1,1,2,0,0,1,2,0,0,0,0,0,0,1,1,1,1,1.0806057376891791,1.8043430100033828,-0.18955897449057246
409,0,0,2,0,0,2,1,0,0,0,1,0,1,0,0,1,1,0,0,0,-0.43455292496919434,-0.5830517657937637,0.09542904354390533
410,0,0,0,1,0,2,0,0,2,2,1,0,0,1,0,1,1,1,0,0,-1.173817028482836,-1.2762260579979885,-1.1640695173371338
411,1,2,0,0,0,0,0,0,1,0,0,1,2,0,0,1,0,1,1,1,0.6026718294766212,0.2775442528426881,1.2652877765171229
412,0,1,1,0,0,1,0,1,1,1,1,1,1,1,0,0,0,0,1,0,2.6599984116512605,0.13921217032985955,-0.5570276739534997
413,0,1,0,0,1,2,0,0,2,0,0,0,2,0,0,1,1,0,1,0,0.5091789783388879,0.7549471086718474,1.699407846094855
414,0,0,2,0,0,0,0,0,0,0,0,1,2,0,1,1,1,0,1,2,-0.38080529651061124,-0.7755748601265752,0.061647891021133626
415,0,1,1,0,0,1,0,0,1,2,0,2,0,0,1,1,1,1,1,1,1.4029275206983634,0.9525142785562533,0.4339213603988132
416,0,0,1,1,0,0,1,0,2,1,0,1,0,1,0,1,0,1,2,0,0.8634352016698329,0.6282751211139965,1.0849927159859805
417,1,0,2,0,0,1,0,0,2,1,0,1,1,0,0,0,1,1,0,1,-1.2201614925527342,-2.0220172872776305,-0.061436001694072095
418,0,0,1,0,0,1,0,0,2,0,0,1,0,1,0,0,1,1,1,0,-1.2428738847463932,1.0420723266558714,0.5681616110369105
419,0,0,0,0,0,0,0,0,0,1,0,0,1,0,0,1,1,0,1,0,0.9896018700381466,0.6661677447162735,1.7722634309277505
420,0,0,1,1,0,0,0,1,1,1,0,1,1,0,1,0,1,0,1,1,1.564171167019438,2.107949178433674,0.7480272138791719
421,0,0,1,0,0,2,0,0,2,1,0,0,2,1,1,1,0,1,0,0,-0.6396660712251319,-0.19382467566934078,0.6019737843705224
422,0,0,0,1,0,2,0,0,0,2,0,1,1,1,0,1,0,1,0,0,-0.7739118543355566,1.1789876420679084,-0.008198455433406027
423,0,0,2,0,0,1,0,0,1,0,0,0,0,0,0,1,2,0,2,0,-1.1153797008696944,-0.4205934912346969,-0.4614801642215818
424,0,0,1,0,0,2,0,1,0,1,0,0,2,0,0,0,1,0,1,1,-1.0480589940675147,0.27032221942670526,-0.741462700357385
425,1,0,1,0,0,1,1,1,1,1,0,1,1,0,0,2,1,1,1,0,-0.6271338410462302,1.0359482303513403,-1.0696089446658497
426,0,1,1,1,0,1,0,1,0,0,1,0,1,1,0,2,1,1,0,0,-0.8985842565111662,0.27631403981979236,0.22315511326180387
427,1,0,1,0,0,1,0,0,1,0,0,1,1,0,0,0,2,1,0,0,1.2383726520558942,0.2629132602356836,-0.837125247616656
428,0,1,1,0,1,2,0,0,1,0,1,0,0,0,1,2,1,2,1,0,1.1903028550083294,0.014815931682430172,-0.9665101810499435
429,0,1,0,0,0,2,1,0,0,0,1,0,1,0,0,1,1,1,1,1,0.8726097425622193,-0.1375016131585275,1.400562870072029
430,1,1,0,0,0,1,0,0,0,2,0,1,0,0,0,1,1,1,1,0,1.6905929060189375,-0.06923562733150679,1.8707019619991412
431,0,2,0,0,0,0,0,0,2,1,0,2,0,0,1,0,1,0,0,0,0.5136857041308073,-0.7598996973631671,0.759738088157941
432,0,0,0,0,0,0,0,0,2,2,0,0,2,0,1,0,1,0,1,2,1.0672661953956202,0.3301466244830851,0.04705605746936062
433,0,1,2,0,0,0,0,0,1,1,0,1,2,0,1,1,0,0,1,0,-0.33922261495163875,1.3497069478497994,-0.361675074029294
434,1,2,0,0,0,1,1,0,2,0,1,1,1,0,0,2,1,0,0,0,-0.08892589020279545,0.9494013079540992,0.5457375269227569
435,0,1,0,0,0,1,0,0,1,0,0,1,1,1,0,2,2,2,1,1,-0.16275322666600095,0.4360062972449096,-0.3582164579287502
436,0,0,0,0,0,1,0,0,1,0,0,1,1,0,0,0,2,2,1,0,1.841119775375447,0.7120234656683242,1.2043820221391437
437,0,0,1,0,0,0,0,0,1,1,0,0,1,0,0,1,1,0,0,0,-2.6458178473542673,-0.9690981641806815,0.2001356159813
438,0,0,2,1,0,2,1,0,0,1,0,0,1,0,0,0,1,1,1,0,-0.1067403542681439,-0.08627610139111302,0.44455291383787265
439,0,1,0,0,1,0,0,0,1,1,1,0,1,0,1,1,2,0,0,0,-0.9241365022280552,-0.5796065323327481,0.5239533473319211
440,0,1,1,1,0,0,0,1,1,1,0,0,1,0,0,1,0,0,2,0,-1.0357594583273508,0.28080966062110074,-0.2216022671246733
441,0,2,0,0,2,1,1,0,1,0,0,1,1,0,0,2,0,0,2,0,0.4367077733784887,-0.7026934200899855,-0.8320824051366257
442,0,1,1,0,0,1,0,0,1,0,1,1,0,0,0,0,1,0,0,0,-0.35493154770781105,-0.5997665659174192,-0.7570725149429901
443,0,0,2,1,0,1,0,0,2,1,1,1,0,0,0,1,1,1,1,0,-0.4553317779101869,0.8627343907054571,0.4395556737748172
444,0,0,0,0,0,1,0,1,1,0,0,0,0,0,0,0,0,0,1,1,0.7004652278879698,-0.0011773778155806935,-0.41270422363800413
445,0,0,0,0,1,1,0,0,1,1,0,1,2,0,1,1,0,0,2,0,-0.27665304803083157,0.4251333084089101,2.2824605114023484
446,0,1,1,0,1,0,0,2,2,0,0,0,0,0,0,0,0,0,1,0,-0.6182312478516775,-0.18097214559414615,-1.965985183263875
447,0,1,2,0,0,0,0,1,2,2,2,0,1,2,0,0,0,0,1,1,0.6385557927729311,-0.5611126698209006,0.4022703016590713
448,0,1,0,0,0,1,0,0,1,0,0,0,1,1,1,1,2,0,1,1,0.2611112808769809,-0.22452123533993446,0.7337409376220441
449,0,0,1,0,0,1,0,0,1,1,1,0,0,0,0,2,1,1,0,0,1.2127147404715264,1.7313521874892799,0.26542202715878577
450,0,1,0,0,0,1,0,0,1,1,0,0,2,0,0,0,1,0,0,1,1.3386987135141666,-0.8010804739588961,-0.7273385105046383
451,0,0,2,0,0,1,0,1,0,2,0,0,0,0,0,1,0,0,1,0,-0.4341869209928202,0.04025701350482902,-0.9539755952433904
452,1,1,0,0,0,1,0,0,1,0,0,0,0,0,1,1,1,0,1,0,1.3248102330278935,1.5845113635016805,-0.555481362467215
453,1,1,0,0,0,0,0,1,2,0,1,2,2,0,0,1,0,0,1,0,-0.011655685064165354,-0.7880983967096906,0.9159985155507853
454,0,1,1,1,0,1,1,0,2,0,1,0,2,1,0,0,0,0,1,0,0.803272829212873,0.4508860154238164,1.9156977437653395
455,0,0,1,0,0,0,0,0,2,2,0,0,1,0,2,1,1,0,2,0,-0.1359266304408579,-0.5276592625814006,0.7339875151650628
456,0,0,0,0,1,1,0,0,1,1,0,0,0,0,0,2,1,1,0,1,0.43597674498894107,1.7078044312101133,0.13673083842231698
457,0,0,1,0,0,2,0,0,1,0,0,0,1,0,0,2,0,0,0,0,1.1712530176929838,1.0216518942195074,-0.5199153694574743
458,1,1,0,0,1,1,0,0,2,0,1,1,1,0,0,1,1,1,0,0,-1.3473034533759933,-2.478286987889339,-0.14972192289877095
459,1,0,1,1,0,0,0,1,1,0,0,0,0,0,1,1,1,0,0,0,1.208226657120524,0.5739298002157553,0.5763674420833184
460,0,1,0,0,1,1,0,0,2,0,1,0,0,1,1,0,1,1,1,0,0.4359475174822333,-0.14404749007985632,0.266978126532448
461,0,1,1,0,1,1,0,0,1,1,0,0,2,1,0,1,0,0,1,0,-0.1511996716088669,0.7407998478756502,-1.7556943237110088
462,0,2,1,0,0,1,0,0,1,0,0,0,1,0,0,2,0,1,1,1,-1.1901698512487908,-0.332806732000515,-0.39177151295340085
463,0,0,1,0,0,1,0,0,0,0,0,0,1,0,0,0,1,2,0,1,0.26567174767758694,0.17293348912410156,1.4844612854363306
464,0,0,0,1,1,1,0,0,1,0,0,0,1,0,1,0,1,0,1,0,-1.353130954525037,-2.8824261021526314,0.6994332695569154
465,0,0,2,0,0,0,1,0,0,0,2,0,1,0,0,1,1,0,1,1,0.2683351644580449,-1.9435077195854342,-1.2099444251033828
466,0,0,1,0,0,1,0,0,1,1,1,2,1,1,1,0,1,1,2,0,1.490412812998819,1.404693748576817,-0.06083536352984931
467,0,1,0,0,1,1,0,0,1,1,1,1,0,0,1,1,0,0,1,0,-1.6896574600867733,-1.1333039063253498,-0.678195808310116
468,0,0,0,0,0,1,1,0,2,0,0,0,0,0,1,0,0,0,0,0,-0.15263965253932946,0.9868013442691677,-0.49687155688541207
469,0,0,0,0,0,0,0,0,2,1,1,0,1,0,0,1,1,1,0,1,0.7276870187952384,0.09291304146312082,0.5409627552289437
470,0,0,1,1,0,0,0,0,0,0,0,0,0,0,0,0,1,1,0,1,0.6330261320259944,1.4102267351885671,-0.9363440197206757
471,0,1,1,0,0,1,0,0,1,0,0,0,0,0,0,1,1,0,1,0,0.9783153538116808,-0.5977950478422982,0.39920907174875214
472,0,0,1,0,0,2,0,1,0,1,1,0,0,1,1,0,0,0,1,0,-0.010499318319412481,0.4020266953716874,0.20671960297023
473,1,1,0,0,0,2,0,0,0,0,0,2,1,1,0,0,1,0,1,0,0.03505550947085331,-1.0438055640409445,0.8678650537963266
474,0,0,0,0,0,2,0,0,1,1,0,1,1,0,0,1,0,1,0,0,-0.15006188682286126,-0.43366093080320695,0.5033958117551405
475,1,1,0,0,0,1,0,0,2,0,0,1,0,0,0,1,1,1,0,0,-0.9722320027184358,-0.9170489986159701,0.4232869894875628
476,0,1,0,0,0,2,0,1,2,1,0,1,0,0,0,0,2,0,1,1,-0.17898793551744988,-0.8538389981242206,0.19249669229955366
477,1,1,0,0,1,1,0,0,1,1,0,1,0,0,0,0,1,2,1,2,1.5484757119118748,1.293669804853269,-0.07284463568617139
478,0,2,0,0,0,1,1,1,0,1,1,2,1,0,0,2,0,2,1,0,0.7465066687493276,-0.7333458635145,1.593696614345398
479,1,1,0,0,0,1,0,1,0,0,0,1,0,0,0,0,0,0,1,1,-2.1465259589873518,-0.7167153081572322,2.9732767180737314
480,0,0,0,0,0,2,0,0,0,1,0,0,0,0,0,1,1,2,1,1,0.03098451958543151,0.45874853146538525,0.2512921032630835
481,1,1,1,0,1,1,0,0,1,2,0,1,1,0,0,1,0,0,1,1,-0.8709546834037137,-0.6035180823016992,-0.057778268761647454
482,1,0,1,0,0,2,0,0,1,1,0,1,1,0,0,1,0,0,2,0,0.4905100804094052,1.9326842896052812,1.7820282309448578
483,0,0,0,0,0,1,0,0,1,0,0,0,0,0,0,1,0,1,1,0,-0.474324480419376,0.4339447210629155,-1.3542203387208889
484,0,0,0,0,0,2,0,0,2,1,1,0,0,0,0,1,0,0,0,0,-0.09228868523695227,-1.235058875929151,0.5362660005389729
485,0,0,1,0,1,1,0,0,1,0,0,0,0,1,0,1,0,2,2,0,1.1318394327819448,1.1601670669438693,-1.4188955260675975
486,0,0,1,0,0,1,0,0,1,1,1,1,1,1,0,1,2,1,2,2,0.9135105022705724,0.15852519342609434,-0.21184107881151482
487,0,0,0,0,0,1,1,1,1,2,0,0,2,1,0,1,0,2,0,0,0.20642664098656782,0.8759205030289996,1.4096164972204257
488,1,0,0,2,0,1,0,0,0,0,1,1,1,1,0,1,1,0,0,1,0.21655997467205035,1.783900266148787,0.1442007279857479
489,0,1,2,0,0,1,0,0,1,1,1,1,0,1,0,0,1,0,2,0,0.7591054047846346,-0.5342620391135051,1.4860248880523061
490,1,1,0,0,0,0,0,0,1,0,1,0,0,0,1,1,1,1,1,0,0.23036114767889765,0.32106741581759035,2.002268710002385
491,0,0,1,0,0,1,0,0,1,1,0,0,0,1,1,0,2,1,1,0,0.15336328439146357,0.10539250503208061,1.1070654902321069
492,0,1,0,0,0,0,1,0,0,1,1,1,1,0,1,1,0,1,1,1,-0.21491699689826488,-0.7492409674813121,-0.2714615659791364
493,0,0,1,0,1,0,0,1,2,0,0,1,1,0,0,1,0,1,2,1,-0.036972161640564744,-0.7487674298555639,-0.37730293734907594
494,0,1,2,0,0,1,0,0,1,0,1,0,1,0,0,1,0,0,2,0,-1.5986845325248575,1.0023644730621424,0.3625249728815624
495,0,0,1,0,0,2,0,1,0,0,1,0,1,0,0,0,1,0,2,2,-0.33435276906465106,-0.27231180610261274,-0.741882841076427
496,0,0,2,1,0,0,0,0,2,1,2,0,2,0,0,0,1,1,1,0,0.3214731070741928,0.20223824921427924,-0.07367389468588198
497,0,1,0,1,0,1,0,0,1,0,0,0,1,0,1,0,0,1,0,1,-0.26500809015469523,-0.6157113642655332,1.9607431333926482
498,1,0,2,0,0,0,1,1,0,1,0,1,1,0,1,1,1,0,2,1,0.7176571854496927,0.318122052912887,-0.4107894954582699
499,0,0,1,0,0,1,1,0,0,2,1,1,0,1,0,2,0,1,0,1,1.4256399720337067,1.4735981635817361,0.6207485255295419
500,1,1,1,0,1,0,0,0,0,0,0,0,0,1,0,2,1,0,1,1,0.7982594960337959,1.5406690388802051,0.5258139087494975
501,0,2,0,0,1,1,0,0,2,1,0,0,0,0,0,1,2,1,1,1,0.39134657331283995,0.040351962561175875,0.9016061470270564
502,0,0,0,0,0,1,2,0,0,2,0,0,0,1,0,0,0,1,1,2,-0.8587059615356927,1.105696866725219,0.04069363195165429
503,0,0,0,0,1,2,0,1,1,0,0,1,1,1,0,2,2,0,2,1,-0.12889983847691855,0.8990229733706332,0.7159559762926025
504,0,1,1,0,0,1,0,0,1,1,0,0,1,0,0,0,0,0,2,1,-0.46060077585805087,0.16679967830477962,0.24389396850536804
505,1,0,1,0,0,0,0,1,1,1,0,0,0,0,0,1,0,1,0,2,1.6598796403140599,1.225875839051,0.68242615122691
506,0,1,2,0,0,1,0,1,0,0,1,0,1,0,0,0,1,0,1,0,-1.3040740327673443,-1.614309610281032,0.24990325989007603
507,0,0,1,0,0,0,0,0,1,1,2,1,1,0,0,0,1,1,1,1,-1.657238505819867,-1.5842364037959742,-1.4185002130464484
508,0,1,1,0,0,1,0,1,0,0,0,0,2,0,0,1,0,1,2,0,0.10240787892288407,-0.014536309555728703,0.12413838611003944
509,0,0,0,0,0,1,0,0,2,0,1,0,2,0,0,0,1,1,0,1,-1.8983136360392014,-0.16974839429114885,-0.6096487819450551
510,0,1,0,0,2,1,0,1,0,0,0,1,1,1,1,0,0,0,1,0,-0.700242584169765,-0.9686944369262114,-0.28862224683177495
511,0,1,1,0,1,2,0,0,1,1,0,2,1,1,0,0,0,1,1,2,0.45384713776202634,2.1196282953920185,0.9310646768468458
512,0,0,2,0,1,0,0,0,2,0,0,1,0,0,0,0,0,1,0,1,0.2246009100052137,-0.5485796234716337,-0.4451255000865348
513,0,0,2,0,1,0,0,0,2,0,0,1,0,0,0,1,1,0,1,1,-1.1219899954547372,-0.23750970823787368,-0.689526100334837
514,0,1,0,0,1,1,0,0,2,2,0,0,0,1,0,1,1,1,1,2,-0.7275874777786778,-0.1727855463149638,-0.3519159092601556
515,0,0,1,0,0,1,0,2,0,0,1,0,0,0,1,1,2,2,1,1,-0.04670121681187649,-1.0963846854548251,0.6273442899501588
516,0,1,2,0,0,0,0,0,0,0,0,0,0,1,1,1,1,0,0,0,-1.3154533069429586,0.2684466747162727,-0.7191035287317888
517,0,1,0,0,0,1,0,0,0,1,0,2,1,1,0,1,0,1,1,0,-0.8110997371377232,0.02097206016747477,0.08388656341604546
518,0,0,1,0,1,1,0,0,0,1,0,0,0,1,0,1,1,1,0,0,-1.387500162220832,-0.23929588997691303,-0.08379879923966048
519,0,0,1,1,0,0,0,0,1,1,0,1,0,0,0,1,1,1,1,1,0.9841935665104413,0.6452557735859329,-0.9449085685644696
520,0,1,2,0,0,2,0,1,1,0,1,1,0,0,0,1,1,0,1,1,-1.1153035272161915,0.06540685054957662,0.0130647421630819
521,1,2,0,0,0,0,0,0,1,2,1,0,0,0,1,0,1,0,1,0,-0.7192578086554141,-0.7046631421216695,-0.0854333121761319
522,0,1,0,1,0,0,0,1,1,0,0,1,0,1,1,1,0,0,1,1,1.107284342706375,-1.421277558276,-1.3848647629621345
523,0,1,2,0,1,1,0,0,0,2,1,0,0,0,1,1,2,0,0,0,1.8234594124424077,-0.019040311867869697,-0.29277692715529946
524,0,0,1,0,1,1,0,0,1,0,0,1,1,1,0,0,0,1,2,1,-1.2252389801156343,0.8633724591402201,-0.5920129472477882
525,0,0,0,1,0,1,1,1,2,0,0,1,0,0,0,1,2,1,1,0,1.0844721317472663,0.232548597204901,0.33393325560308185
526,0,1,0,0,0,2,1,0,1,1,0,0,1,0,0,1,1,1,0,0,0.8965241653969795,1.340633170704627,0.858017887036004
527,0,1,1,0,0,1,0,1,1,1,1,0,0,1,1,0,1,2,1,0,0.8336823001473459,-1.4922219795695852,-0.5658969669920342
528,0,2,1,0,1,0,0,0,0,0,0,0,0,1,0,0,2,0,1,0,-0.6974454936138862,-0.29441164306131007,-0.4369223314568742
529,0,1,1,0,0,1,0,0,2,0,0,1,2,1,0,0,1,0,2,0,-0.5797288827545143,-0.4978642312988086,-0.5575669901130748
530,1,0,0,0,0,1,1,0,1,0,0,0,0,0,0,0,0,0,1,1,0.949292381004049,-0.34684744661839373,1.7617657119088956
531,0,0,0,0,0,1,0,0,1,0,2,0,1,0,0,2,2,1,1,0,-0.07691686110088092,-1.0023132434152258,1.5283321928750737
532,0,0,1,0,0,1,0,0,1,1,1,2,1,0,0,0,0,1,2,0,1.6416001339821482,2.0945231061791265,0.7756300530185853
533,0,0,0,0,1,1,0,0,2,1,0,0,2,0,1,0,0,0,0,1,-0.40205093486368193,0.9961699155530992,-0.6273289327653728
534,1,0,0,0,0,1,1,1,2,1,0,2,0,1,0,0,0,0,1,2,0.6559452187936257,0.9443390833540759,-1.9666734908511365
535,0,0,1,0,0,2,0,0,2,1,0,2,0,1,0,1,0,0,1,1,0.23336345360690772,0.0684196904974182,0.4377637085490715
536,0,1,0,0,0,0,1,1,1,0,1,0,0,1,1,0,0,1,0,0,0.7964219437730182,1.0882011738364292,-0.3943383575752425
537,0,1,1,0,0,0,0,0,0,1,1,1,1,0,0,0,2,1,0,1,-0.3022269486329935,-0.7619961621888005,-0.7424596153430538
538,0,0,1,0,1,1,1,0,1,0,0,1,1,1,0,0,2,0,1,1,-2.0022823884559693,0.6705090870433628,-0.6073350584309692
539,0,0,0,0,0,1,0,0,0,2,1,0,0,0,0,1,1,1,1,0,-0.2727310696653212,-1.013289448339676,-0.5255822333410753
540,0,1,2,0,1,1,0,0,1,0,0,0,0,0,1,0,1,1,1,1,-0.4388779528356366,-1.3056094026541256,0.9197384233015267
541,0,1,0,0,0,2,0,0,2,2,0,1,1,1,1,1,1,1,1,0,0.830943623501626,0.6434544691926101,-1.9857282472657078
542,2,2,0,1,0,1,1,0,1,0,1,1,1,0,0,1,1,0,1,0,-0.11518311395054909,-1.2678711668913158,0.7752264722754735
543,0,2,0,0,1,0,0,0,2,0,0,0,2,0,1,1,1,0,0,1,-1.9293486282807715,-0.19908330437977662,-0.5258492379577465
544,0,0,0,0,0,1,0,1,1,1,1,1,0,0,1,1,2,0,0,1,-1.2612183439903233,0.07322200528012024,-0.6700540338659617
545,1,0,0,0,0,0,0,0,0,1,1,1,1,0,1,2,0,0,1,1,0.45419063751305855,0.2939548419831266,1.1923026206615222
546,0,1,2,0,1,2,0,0,2,1,1,1,0,1,0,0,1,0,1,1,-1.502928436479053,-0.8829103150203126,0.12308946377044364
547,0,0,0,0,0,1,0,0,0,1,1,1,2,1,1,2,1,2,2,0,-0.1515331041431219,0.369924923813224,0.7832142799464057
548,2,1,1,0,1,2,0,0,1,1,0,1,1,0,0,2,0,0,0,0,-0.13554782471182983,-1.35524397493691,-1.2649864356948681
549,0,0,0,0,0,1,0,0,0,0,2,0,1,0,0,0,1,0,1,0,0.9223773275801024,-0.3772060741858583,-0.6828495156322563
550,0,0,1,0,1,2,0,0,1,0,0,0,0,0,0,1,1,0,1,1,-0.4941722002267289,0.3393427357634544,2.083754742689382
551,1,0,1,0,0,1,0,1,2,1,1,0,0,0,0,0,0,0,1,1,-0.29052339403312516,-0.42438588298234503,1.3267554473353755
552,0,1,1,0,0,1,0,0,1,2,0,0,0,0,0,0,0,0,1,2,-1.3557750271881797,-0.5037939836371483,0.9193748615760113
553,0,0,0,0,0,2,1,1,0,1,1,2,0,0,0,0,1,1,0,1,-0.014249295311523413,1.2896447043048989,-0.7854491270877917
554,0,1,1,0,0,1,0,0,0,1,1,0,0,0,0,1,1,0,0,0,1.3421828634661197,-0.40155952710476084,-0.41618293443692567
555,0,1,2,0,0,1,0,0,1,0,0,0,0,2,0,1,1,1,1,0,-0.518595644409244,1.0842553967254718,0.1416072714039011
556,0,0,1,1,1,0,1,0,1,0,1,1,0,0,0,0,0,0,1,1,0.691762700767651,0.330081363942211,1.1869800826099806
557,0,0,1,0,0,1,0,0,2,1,1,1,0,0,1,2,0,1,0,0,-0.9870197278641029,1.1886736814214736,-1.4342794705929223
558,0,1,0,0,1,2,0,0,0,1,0,1,0,0,0,1,0,0,1,1,0.7879011923910544,-0.2092962248859076,0.39250231600181956
559,0,2,1,1,0,1,0,0,2,1,0,0,0,0,1,1,0,1,2,1,1.9771627311661883,0.23287161739468143,1.474435420852748
560,0,0,1,0,0,1,0,0,1,0,1,0,1,1,0,1,1,0,2,1,-0.06289033208403717,0.7698643719849695,0.6643996458326812
561,0,0,0,0,0,2,0,0,0,1,1,1,1,0,0,0,0,0,2,1,-0.03913103211515197,0.6354477150957559,0.2570348334635332
562,0,0,0,0,0,1,0,0,1,0,1,0,1,0,0,2,2,1,0,0,-1.7788093392139712,-0.9501494221960617,0.7602160176176267
563,0,1,0,1,0,0,0,1,1,1,1,1,0,0,1,0,1,1,0,1,-1.4169509871749328,-0.6965637774881792,-0.5753393377483067
564,0,0,1,0,0,1,0,0,0,0,0,1,0,1,0,0,1,0,0,0,0.6105530522281638,-0.9134040237276742,1.050324012208061
565,0,1,0,0,0,0,0,0,0,1,2,1,0,0,0,1,1,2,2,0,-1.1729676585048738,0.5629344363641177,0.579603497084188
566,1,1,0,0,0,0,0,0,1,0,1,0,1,0,0,1,1,0,0,1,1.1398202560314692,2.214819047959088,0.3475196394297374
567,1,0,1,0,0,2,0,0,1,1,0,1,1,0,0,0,0,0,2,1,0.3571477804507085,-0.44657894594237535,0.8551739117810485
568,0,0,0,0,0,2,0,1,2,1,0,0,0,0,0,2,2,1,1,1,-0.49072382618812055,0.7611377443070053,-1.9572009655038118
569,1,1,1,0,0,0,0,0,2,2,2,0,1,0,0,0,1,1,1,0,-0.20647042464982732,-0.317706328498915,0.7883422010927393
570,0,0,0,0,0,0,0,0,0,0,0,0,1,0,0,0,0,0,0,1,-0.5680310437100968,0.22518278834019184,0.3026304712356544
571,1,0,0,0,0,0,1,1,1,1,2,1,0,1,0,1,2,0,1,2,0.674613611716562,0.7438321385473101,0.9113467233123265
572,0,2,0,0,0,1,0,1,1,1,0,0,1,1,0,1,1,0,1,0,1.2077411558102782,2.509078822039002,0.44154666614592775
573,0,1,0,0,0,1,1,0,2,0,0,0,2,2,0,0,1,1,0,1,-0.9520289466883816,-2.64122489810965,1.7472628705846254
574,1,0,1,0,0,1,1,0,1,0,1,0,0,0,0,0,1,1,0,1,-0.061225068079452744,-0.4740157853656342,0.06076248839757725
575,0,0,0,1,0,2,0,0,1,0,0,1,1,0,1,0,0,0,0,0,0.1186968277960938,0.7701344688101365,1.9450581429048246
576,0,1,1,0,1,1,1,0,1,1,0,0,0,0,0,2,0,0,1,0,0.8177237292251305,0.6580990100935941,-1.357862467743997
577,1,1,2,0,0,1,0,0,1,1,0,1,0,1,0,2,2,1,0,1,1.0139081829335816,-0.20407627096347158,-1.3574953639863345
578,1,1,2,0,0,0,0,1,0,1,0,1,0,0,0,0,2,1,2,0,-1.85839766116728,0.3954387719323684,0.35346234995266457
579,0,2,0,0,0,2,0,0,0,0,0,1,0,1,0,2,0,0,1,0,-0.18882725676679082,-0.6412822923607941,0.14101804080082314
580,0,0,0,1,0,2,0,0,2,1,0,0,0,0,0,2,1,1,0,0,1.551600442107039,2.943905586775478,2.1582324983188776
581,0,0,0,0,1,2,0,1,1,1,0,0,0,0,0,1,2,1,0,0,1.152660113665968,-0.7743746434048326,0.9358085536202017
582,0,1,0,0,0,1,1,0,0,0,0,1,1,0,1,1,1,1,0,1,-0.9466851161399572,-0.16754146547737375,-0.25092366205495287
583,0,2,0,0,0,1,0,0,0,2,1,0,0,0,1,1,0,0,1,0,-0.7071937677820953,-0.4077303018079378,-0.12013901337855712
584,0,0,2,0,0,0,0,0,1,2,1,0,2,0,0,0,0,0,1,0,0.7535927391629756,0.3987581550441066,0.857686031237732
585,1,2,0,0,1,0,0,0,2,0,0,0,2,1,1,1,2,0,1,0,-0.9242102442277229,1.0138875274906303,1.5179974177334261
586,0,0,0,0,1,2,0,0,1,0,0,0,1,1,0,0,2,1,1,1,0.6908163815908303,0.9088597574427235,1.187069525961342
587,0,1,1,0,1,2,0,0,0,0,1,1,0,0,0,1,0,0,0,0,1.195011041536321,0.5764127421920313,0.31870374491512843
588,2,0,0,0,0,1,0,0,2,1,0,0,2,0,1,0,1,1,1,1,-0.016784824625066686,-1.0283367163493446,1.3297274616128527
589,0,1,0,0,2,1,0,0,2,0,0,1,1,1,0,2,0,0,0,0,-0.2933765123210625,1.7433421913832117,-0.7992141932135155
590,0,1,0,0,1,1,0,0,2,0,0,1,1,0,0,1,0,0,0,1,-1.3096488458718023,-0.9320542527416733,-1.0471236676286988
591,0,1,1,0,1,2,0,1,1,0,0,1,1,0,0,0,0,1,0,1,0.3348189864147904,0.7238520680022417,0.585949192733539
592,1,2,2,0,0,2,0,0,1,0,0,1,0,0,0,0,0,1,0,0,-0.5922203835064371,-1.5601677525286335,-0.9639190492078987
593,0,0,2,0,0,1,0,0,0,0,0,0,1,1,1,1,0,0,1,2,-0.0483455815487266,0.7978730618255603,0.7580919444583863
594,0,0,0,0,0,1,1,0,1,0,0,0,0,0,0,0,1,0,1,0,1.5595122930485974,0.1084908469568785,0.8809607228879158
595,0,2,1,0,0,2,0,0,1,1,0,1,1,0,0,1,1,1,1,1,-0.1548562524407,0.12178882258760144,-0.38363888966562887
596,0,0,0,0,2,1,0,0,0,1,2,2,1,0,0,1,1,0,2,1,1.369242726969053,-0.386602450653248,-0.07254348346250536
597,1,0,0,0,0,2,0,0,2,0,0,0,1,1,0,0,2,0,0,0,0.09779061392201795,-1.1049011430101467,-0.3115371603542294
598,0,0,2,1,0,2,0,1,1,1,1,0,1,0,0,0,2,2,1,2,0.7247252964135945,0.46526112293078653,1.6527404720811687
599,0,0,2,0,0,1,0,0,0,1,0,0,2,0,0,1,1,0,1,0,-0.6671285420680177,-0.9342853453847916,-0.7223807935061788
600,0,1,0,0,0,2,0,0,0,0,0,2,1,0,0,1,1,0,1,0,-1.3384978090030346,-1.7951521373461263,1.2308465563547921
601,0,0,1,1,0,2,0,0,0,0,1,0,0,0,0,1,0,0,0,1,0.49922156436705944,-0.22148619137332337,0.6634269476893841
602,0,1,1,0,0,2,0,0,1,0,0,0,0,0,0,1,0,1,1,0,-0.3846444635459594,0.054009252862885826,0.6431117801832724
603,0,1,2,0,0,1,0,0,1,0,1,1,0,0,0,2,2,1,1,2,-0.22750259379619253,-0.3417609413886224,0.22950029032697009
604,0,0,1,0,0,1,0,1,1,0,1,1,1,1,0,0,1,0,0,0,0.8823010048074065,0.7161889859515613,2.499210314648132
605,0,1,1,0,0,2,0,0,1,0,1,0,1,0,0,0,0,1,1,0,0.8359788427383762,1.3631950224836948,-1.3735102379391497
606,1,0,1,0,0,2,0,0,1,1,0,0,1,0,0,1,1,0,2,0,0.17568885779357593,1.9765724510625777,1.9007124330085627
607,0,2,0,0,0,0,0,0,0,1,0,0,0,0,1,2,0,1,1,0,0.7152886088558214,1.0873473905378666,1.1204000426601315
608,0,0,2,0,0,0,0,0,0,1,1,1,1,1,0,1,0,0,0,1,-0.37566222253351556,-0.12212220542265666,-0.10596568492585257
609,1,1,1,0,0,0,0,0,1,0,0,1,1,0,0,1,0,1,0,1,-0.4670957577273564,-0.7062126503822461,-1.6043778709076149
610,0,0,1,0,1,1,0,0,2,1,0,0,1,0,0,0,1,0,0,1,0.6995748974343812,0.036089128470746606,1.4574796519351803
611,0,1,1,0,1,1,0,0,1,0,1,1,0,0,0,0,0,0,2,1,0.2886190473267346,-0.221075410309154,-1.6684523384266854
612,0,0,0,0,0,0,0,0,1,1,1,1,1,0,0,0,1,0,0,0,0.37045022563639385,-1.0711860044843646,0.8369204432104561
613,0,1,0,0,0,2,0,0,1,1,0,1,1,0,1,1,0,0,0,0,0.2682285912957435,1.6021428862275984,-0.9932092169848845
614,0,1,2,1,0,1,0,0,1,0,0,1,1,2,0,1,1,0,1,1,0.3930277452399385,0.463540305320639,0.523610385066918
615,0,0,1,0,0,1,1,0,1,0,1,1,0,1,0,0,0,1,0,1,-0.646038406685497,-1.0137687449577903,0.07449791399869823
616,0,1,1,0,0,1,0,0,1,2,0,1,2,1,0,1,1,0,1,0,0.8374158178691179,1.1967581834713097,-0.10249599057381026
617,0,1,1,0,0,1,0,0,0,2,1,1,2,0,0,1,0,0,2,0,0.21341383550252838,-0.7405750876397412,1.801669548820825
618,0,0,1,1,0,1,2,0,0,0,1,1,1,0,0,1,0,0,1,0,0.8957320935692868,-0.05667794030134837,-1.0620732317359591
619,0,2,2,0,0,1,0,1,0,0,1,0,0,0,0,0,0,0,0,0,0.6573281000168556,0.3136695442690295,-1.260420923984589
620,0,0,0,1,0,1,0,0,1,1,1,1,0,0,0,1,2,2,2,1,0.5777339900391938,0.16066291610819639,-0.02500965053145754
621,0,0,1,0,0,1,0,0,2,0,1,1,1,1,0,1,0,0,0,1,0.2691027949125061,-0.30260254380890245,0.7424184450626793
622,1,0,2,0,1,1,0,0,0,1,0,0,0,1,0,0,0,0,1,2,0.5852950467293478,2.225658240047718,-0.09857473567407193
623,0,0,0,1,0,1,0,1,0,0,1,2,1,0,1,1,0,0,0,1,-0.01375355172004496,1.3722679401434565,0.09655003600376211
624,0,1,2,0,1,0,0,1,0,1,2,0,0,0,0,0,1,0,0,0,1.148692731685624,-0.004577294038051488,-0.23093530768422266
625,1,1,1,0,0,0,0,0,0,1,1,1,1,0,0,2,0,1,0,0,0.16879925665303558,-0.4971188896628347,-0.04199723359219899
626,0,1,0,0,0,1,0,0,1,1,0,0,1,0,1,1,0,1,1,1,0.18258235158959882,-0.0437603829424143,-1.8217812201496404
627,0,1,0,0,0,2,1,0,2,1,0,2,0,1,0,0,0,0,2,0,-0.35182714127626064,-0.7249066418809068,0.1296021637396203
628,0,1,1,1,0,2,0,0,2,0,1,0,0,0,0,0,1,1,1,1,-0.3658469657681001,0.5984034392353326,0.931337852052812
629,0,0,1,0,0,2,0,0,1,0,0,1,0,1,0,1,0,1,0,1,-0.8432532360908108,-0.5744534089823097,0.3321691357237816
630,0,0,2,0,0,1,0,0,0,0,2,0,0,1,0,1,1,1,0,0,0.1694175986715552,-1.277877199558777,0.18457572646189946
631,0,1,1,0,0,1,0,0,2,0,0,2,1,0,0,1,0,2,2,0,0.6778735899808422,0.42762662095147014,1.1350046809922438
632,0,2,1,0,0,2,0,0,2,0,1,0,0,1,0,1,0,2,1,0,0.05537088029777249,-1.1943210360668588,0.5393521332539086
633,0,0,1,0,0,1,1,0,1,2,0,0,1,0,0,0,1,1,0,1,0.8069550249166726,0.277358515144593,0.43131056948806057
634,1,1,1,0,0,2,1,0,1,0,1,2,2,0,0,0,1,1,0,1,0.36330690275299715,-0.2915980730021084,-0.7743820527296557
635,0,1,2,0,2,2,0,0,1,0,0,0,0,0,0,2,1,1,0,2,-0.44939145655612306,0.973671723169556,-0.2765980092222543
636,0,2,1,0,0,2,0,0,1,1,0,0,1,0,0,0,0,1,0,0,-0.9358544176147402,-1.917772550335083,1.5367085836857788
637,0,0,0,0,0,2,1,1,0,1,2,0,2,0,0,1,1,1,0,1,0.2818450786524341,0.7765169126185567,-2.340490095126694
638,0,0,0,1,1,1,0,1,0,2,1,0,0,0,0,1,1,2,0,0,0.3372256181175305,1.2843394961741996,0.09978681900651579
639,0,1,2,0,0,1,0,0,1,1,0,0,0,0,0,0,0,1,2,1,1.225760706895763,0.3233639983168755,-0.1758768382212762
640,0,1,1,0,0,1,0,0,1,2,0,1,2,0,0,1,1,0,1,1,0.02412403673010794,-0.43975883577816754,0.2497955506807253
641,0,0,0,0,0,2,0,0,2,1,1,1,1,0,0,2,1,0,2,1,0.3095310794671261,0.13192463822528966,1.0306945564342973
642,1,0,0,0,0,2,0,0,0,1,0,1,0,0,0,1,0,0,0,1,1.2534440305551862,-0.5189044979839348,-0.2146976024229547
643,0,2,1,1,0,1,0,1,2,0,0,0,0,1,2,2,2,0,1,2,1.3570813047698524,0.06160200375872493,-0.6554422934857653
644,0,2,0,0,0,1,0,1,0,1,0,1,1,0,0,0,0,0,0,0,-1.942882519077901,-0.8521485896739218,-1.0259336275606332
645,1,1,0,0,0,1,1,0,1,0,1,0,1,1,1,1,0,0,1,0,0.8867273250662141,1.3018451803232463,-0.14504620429501014
646,0,2,1,0,0,1,0,0,2,0,0,1,0,0,0,0,1,0,2,0,0.9854256867155928,-0.03714841860577091,-1.0639804864830114
647,0,1,1,0,0,1,0,0,1,0,0,0,1,0,0,1,1,0,0,0,-1.2179089154491354,-1.1327008292441763,-0.48432579064775105
648,0,0,2,0,0,1,0,0,0,0,0,0,1,1,1,1,0,1,0,1,-0.5126086899411262,0.5770179763906922,0.14645892164263372
649,1,0,0,0,0,1,0,0,2,1,0,1,0,1,0,1,1,2,1,1,-1.0062171124257078,-1.1608406857966957,0.4423397625871488
650,0,0,0,0,0,1,0,1,1,1,0,0,0,0,1,1,1,0,0,2,-0.47587638020850864,0.9584497764494239,2.1112981618526625
651,1,0,1,0,1,1,0,0,0,1,1,0,0,0,0,1,0,0,0,0,1.3605373636797282,0.3875906687247588,-1.1305031437136166
652,0,1,0,0,1,0,0,0,1,1,1,0,1,0,0,2,1,0,1,0,0.16875234704551714,-0.8675383060561093,0.24730634171142435
653,0,1,1,0,0,1,0,0,0,0,0,0,2,0,0,1,0,0,0,0,-0.27958192836797696,-1.449083714308079,0.2185958776095029
654,0,1,2,0,0,2,0,0,0,0,1,1,1,0,1,1,1,0,2,0,-0.9185139167185868,-1.792585160332099,0.27105561106717607
655,0,1,1,0,0,0,0,0,1,1,0,2,0,0,1,1,1,1,0,2,-1.2041561780847359,-0.5451204025057033,-0.3282002764695914
656,0,0,0,0,0,2,1,1,1,1,2,0,1,0,0,0,2,0,1,1,-0.4633969522237511,-0.6547258070761203,-0.5874943911551568
657,0,0,0,0,0,1,0,1,2,0,2,0,0,1,0,1,1,0,2,0,-0.30083659162577586,-0.9909764541207602,0.7594174132246935
658,0,0,0,0,1,1,1,0,2,1,0,0,1,0,0,1,1,1,0,2,0.09560670486559314,2.060705017410957,0.02200469765217994
659,0,0,0,0,0,2,1,0,2,0,1,0,2,0,0,0,0,0,1,0,-0.006887738383121418,-0.40225395186095353,0.8700251212522112
660,0,0,1,0,0,1,0,0,1,1,1,1,1,1,1,2,0,1,0,0,1.2949903539598622,-1.127855141718129,-0.009754582508752163
661,0,2,2,0,0,1,0,0,2,0,1,2,0,0,0,0,1,1,1,2,-0.21737808172202056,0.7151335914264488,0.4114649138436314
662,0,1,1,0,0,1,0,0,1,0,0,0,2,0,0,1,1,0,0,1,0.23656250209331403,0.15255837102510178,0.05815576262782628
663,0,1,1,0,0,1,0,0,0,2,2,1,1,0,1,2,0,0,0,0,0.0478565570527673,-0.713613949219361,-1.4875520374667113
664,0,1,0,0,0,2,0,0,2,1,0,0,0,0,0,1,0,1,0,2,-1.1090159523323488,-0.6876572686760366,0.1823180991197538
665,0,1,0,0,0,0,0,0,1,0,1,1,1,0,0,1,0,0,0,1,-1.3661024402680817,-1.0851375061257766,0.8202926632606539
666,0,1,0,0,1,2,0,1,1,1,1,1,1,0,0,2,1,0,0,0,1.0400619362562853,-0.9659512666601178,-0.22197496688560803
667,1,2,1,0,0,1,0,0,2,0,0,0,0,0,0,1,1,0,1,1,-1.0614817716493556,-0.3218299849712999,-0.758383386327554
668,0,1,0,0,0,1,0,0,0,1,1,1,0,0,1,2,1,0,1,0,0.3992002805079912,-1.3834875325916196,-0.6451872114670483
669,0,0,0,0,0,2,0,0,1,1,2,0,1,1,0,0,1,1,1,0,-0.1444565835826666,0.6865467250692812,0.17481677194784234
670,1,0,0,0,0,2,0,0,1,2,0,1,1,0,0,0,0,0,2,1,1.0508074293667509,0.2689431973412892,0.3794697921684803
671,0,0,1,0,0,1,0,0,0,1,1,1,0,0,1,1,1,1,0,1,0.1656427092912833,-0.11926548496573028,-2.00946813976523
672,0,0,0,0,1,0,0,0,0,0,0,1,1,1,0,1,1,0,1,1,-1.8721326765864865,-0.6829228273574471,-0.9777515225197716
673,1,1,0,0,1,0,0,0,1,0,0,0,0,0,0,1,1,0,1,0,-0.25919668064934903,0.17844003649497403,1.3562275978015697
674,0,0,2,0,1,2,0,0,1,0,0,0,1,0,0,1,1,1,0,0,-0.5970037249397965,-3.101098320619394,1.2365787909607544
675,0,0,0,0,0,1,0,1,0,1,0,1,0,0,1,1,1,1,1,1,-1.5546297133310036,0.5002734187586697,-0.07442924792431499
676,0,1,0,0,0,0,0,0,1,0,0,1,0,1,0,1,1,1,0,0,-1.9397787993145343,-0.8877823309919687,0.5547458131306111
677,0,1,0,2,0,0,0,0,1,1,0,0,0,1,0,1,0,0,0,2,0.20348227144321537,0.8831507519932704,-2.2280528653685403
678,0,0,1,0,0,1,0,1,1,0,2,0,0,0,0,1,1,1,1,1,-1.2081755652713062,-0.662423860593561,0.30933129358291284
679,0,0,0,0,0,1,0,1,1,1,1,0,1,1,0,1,1,2,1,0,-0.7411579079297153,-0.17154309600205753,-0.9006099341140691
680,1,0,0,0,0,2,0,0,2,2,0,1,1,0,0,1,1,0,0,2,0.6040652695016618,2.226293714570037,1.6077218587122575
681,0,0,0,0,0,1,0,1,2,0,0,0,0,0,0,1,1,0,1,1,0.66474098185326,0.2780031196166569,0.09218473691106907
682,0,0,0,0,1,0,0,0,1,0,0,1,1,1,0,1,1,0,1,0,-0.018405308200121685,1.124828307989944,0.9388710096810851
683,0,1,1,0,1,1,0,0,1,0,0,0,1,1,0,0,0,1,1,1,0.40839465753460347,2.7726178383628013,2.4283150257239017
684,0,1,0,0,0,1,0,0,1,0,1,0,1,1,0,0,2,0,0,1,-1.207861341900469,-1.0722282294773335,-0.7964409940082493
685,0,0,0,0,0,0,0,1,1,1,0,0,1,1,0,0,2,0,0,0,1.1753588978409386,0.285086204401448,-1.2782489995761563
686,0,1,1,0,0,2,0,0,1,1,0,1,1,0,0,1,0,1,1,1,-0.2587884660111663,-0.07549387275108825,0.6470152936047473
687,0,1,0,0,1,1,0,0,1,0,0,0,1,1,0,0,1,1,1,1,2.0665567276585985,0.8462251504171131,-0.1727798896577657
688,0,0,2,0,0,1,0,0,1,1,1,1,0,1,0,1,2,1,0,1,1.1000352531973192,-0.19015493532372119,1.5725352660802463
689,0,0,0,0,0,2,0,0,1,0,0,0,0,0,0,1,0,0,1,0,0.6781766788454944,1.6554713447936609,0.7995605974297446
690,0,0,1,0,0,1,0,0,1,0,0,0,1,0,1,1,1,0,2,1,-0.5104811478106509,-0.5641547650385892,1.0683470158676063
691,0,1,2,0,2,0,0,0,1,0,0,1,1,0,0,1,0,1,0,1,-1.4108857140751507,-0.7414242301063241,-1.2015700132325076
692,0,0,0,0,0,1,0,0,2,0,0,0,1,0,0,1,1,2,0,2,-1.22125054972035,-2.375913327705055,1.3878924874406693
693,0,0,1,0,0,0,0,0,2,2,0,1,1,0,0,1,1,1,0,1,0.09415638929431379,0.26878951647677246,0.6019052945811562
694,0,2,2,1,0,0,1,0,2,1,0,1,0,1,0,0,1,1,0,0,-0.853883894409082,-0.2717424893002632,1.5476189275524022
695,0,1,2,0,0,0,1,1,2,0,0,1,1,0,0,2,0,1,1,1,-0.5060627645959442,-0.9829666758430172,0.048314478201309435
696,1,0,0,0,0,2,0,0,1,0,0,0,1,0,0,0,2,2,0,0,-0.19056873919986245,0.35703206012086686,-2.710921193263265
697,0,0,1,0,0,0,1,0,2,1,0,1,1,0,0,0,0,1,1,1,2.7376082938229787,1.127239979888442,-2.111765370259826
698,1,0,0,0,0,0,1,0,1,1,1,0,2,0,0,1,0,1,0,0,0.6194888880847876,0.33313202244148354,1.5819484504604429
699,0,1,1,0,0,1,0,0,1,1,0,0,0,0,0,1,0,1,1,1,1.2369152149737492,1.477654993646882,1.0644326388776268
700,2,0,1,0,0,0,0,0,0,1,2,1,0,0,1,0,1,1,0,0,-0.0420309925015377,0.6605325080802916,-0.32455390460742833
701,0,0,2,0,0,1,0,0,1,0,1,0,0,0,1,0,1,1,1,0,-0.041813085191479755,-0.7319297494708314,-0.039634372383946584
702,0,2,0,0,0,1,0,0,1,1,0,1,2,0,1,1,2,0,0,0,-1.8311946865871043,-1.9985607934620377,0.33424127357876177
703,0,0,2,0,0,1,0,0,0,0,1,1,0,0,0,1,1,1,0,0,-1.0241398234102026,-1.0936067486597318,0.1153605263574746
704,0,2,1,0,0,1,0,0,0,1,0,0,1,0,1,0,1,0,0,0,-1.4438087224541367,-0.7993199493836985,-2.3059419948815494
705,0,1,0,0,1,1,0,1,1,0,2,0,1,0,0,1,2,0,0,0,-1.053774598291652,-3.38142145771785,0.9687568548673635
706,0,1,0,0,0,1,0,0,2,1,1,1,0,1,0,0,0,1,1,1,-0.28321499138882417,-0.6345802658936421,0.10018183302551012
707,0,1,0,0,0,1,0,0,1,2,1,0,0,1,0,1,2,1,2,0,0.1009458827895894,-0.3973445942669029,0.059657957908761106
708,0,1,0,0,0,0,0,0,0,0,0,0,2,2,0,0,1,0,2,0,-1.4085115659366079,-2.0160892092340825,1.4315802408532041
709,0,0,0,0,0,1,0,0,1,0,1,0,0,1,0,1,1,1,2,1,1.3609304479234436,0.10675359945065577,0.15243835980077086
710,0,0,1,0,1,1,0,0,1,0,0,1,2,0,0,1,1,0,1,1,-0.27407106218404387,-1.095381498326796,-0.747964988740634
711,1,0,1,0,0,0,0,0,1,0,2,2,2,0,0,1,0,1,2,0,-1.0884543914075278,-1.0625510059785315,-0.3032279589550339
712,0,1,2,0,0,0,0,1,0,0,0,0,1,1,0,1,1,0,0,0,-0.6759862435344255,-0.8853427097007067,0.8198701437997132
713,0,1,0,0,1,2,0,0,2,0,1,0,0,0,1,2,0,0,1,1,-1.7712332245240185,-1.607281454945687,-0.9763278333049686
714,0,0,0,1,0,0,1,0,1,1,1,0,1,0,1,1,0,0,1,0,-0.4309549506575512,-0.055278128164555476,1.1763628427439936
715,2,1,0,0,0,1,0,0,1,0,0,0,0,0,0,0,1,0,1,1,-0.8711730165891794,-0.054280438156154076,0.4538084665412029
716,2,1,2,0,0,0,0,0,0,2,1,0,1,0,0,2,2,0,2,2,1.2618591879192906,0.06290991567778259,0.7026459734289929
717,0,1,1,0,0,0,0,0,0,1,1,0,0,0,1,0,1,0,0,0,-0.45083767733342284,-0.8658093133450756,-0.28393977049104313
718,0,1,2,0,1,1,0,0,2,0,0,0,1,0,0,1,1,2,2,0,1.3427863066977663,0.8279985081173578,1.2351005058999298
719,0,0,0,0,0,1,1,1,0,1,1,0,1,1,0,0,0,0,0,0,2.0153991869440757,0.09529362475972203,0.807302425291051
720,0,2,1,0,1,0,1,1,0,0,1,1,0,1,0,2,0,0,1,1,-0.4391310816020948,-0.9568777064602285,-0.9793206602337867
721,0,1,0,0,1,0,0,0,0,0,0,1,2,0,0,1,1,2,0,0,0.27580408446527455,-0.7667141315205344,0.7655756603193904
722,1,0,0,0,0,1,0,0,0,1,1,1,0,0,0,1,1,1,0,0,0.28181802514795473,-0.413477971834759,0.13328570837494796
723,0,1,1,0,0,2,0,0,2,0,0,0,0,0,0,0,1,1,1,0,0.7981587525783534,0.924590372154046,0.9121898283961423
724,0,0,1,0,0,1,0,0,0,0,0,1,1,0,2,0,1,0,0,0,0.337491310302394,-0.6354127158276771,2.068086854454554
725,0,1,1,0,0,0,0,0,1,1,0,2,2,1,0,2,1,0,0,0,1.1022765767260516,-1.9825947052600301,1.1670679812404248
726,1,0,2,0,0,2,0,0,1,0,0,0,2,1,1,1,0,0,0,1,-2.320656199973259,-0.6640642499161397,0.19794630508786204
727,1,0,0,0,0,1,2,0,0,2,1,0,1,0,0,2,1,0,0,0,-0.6731368542463202,1.525146338134498,-2.9917355031659136
728,0,1,2,0,1,1,0,0,2,0,0,1,1,1,0,0,1,2,1,0,-0.6165674021792842,-0.8408129912610036,-0.7310633331065005
729,1,0,0,0,0,2,0,0,0,0,2,1,0,1,0,0,1,1,1,0,2.405611170473656,-0.07718883617824068,0.9822193142637181
730,0,0,1,0,0,1,0,0,1,2,0,1,1,1,0,1,1,0,2,0,0.8852987361463687,0.22704587446290647,-1.9051401306392552
731,0,0,1,0,0,0,0,0,1,0,0,0,1,0,0,1,1,1,1,0,-0.0005582216987946577,0.27628163610607037,0.47313529938304627
732,0,1,0,0,1,2,0,1,2,0,0,2,0,1,0,2,1,1,1,1,1.13537072560966,0.8549634207758551,0.7818941511248099
733,0,1,0,0,0,0,0,0,1,1,0,1,0,0,0,2,2,0,0,0,0.34982013092720504,0.525146007279868,-1.970990285970876
734,0,0,0,0,0,0,0,0,0,1,0,1,0,0,0,2,0,0,2,1,0.7534898877136281,1.2565659472062498,1.246085940145157
735,0,1,0,0,0,0,0,0,0,1,0,1,0,1,1,1,1,1,1,1,0.017562665583993636,1.7247139787310504,0.9160865825853947
736,0,0,0,0,0,1,0,0,2,0,0,1,0,0,0,1,1,1,0,1,-0.046406698548516624,1.097124929795428,1.3330127735231934
737,0,0,1,0,0,1,0,0,2,1,0,0,0,1,0,2,1,0,0,1,-1.852422071252494,-0.8976894203049917,-1.4075571948823833
738,0,0,0,0,0,2,0,1,2,1,0,1,1,0,1,1,0,1,1,1,0.6473638326212814,0.85706918451561,-0.44656690732145676
739,0,0,1,0,0,1,0,0,1,0,0,1,1,0,0,1,0,2,1,0,-1.4926926771075495,0.13826601520629034,-0.27023201787551937
740,0,0,1,0,0,2,0,0,2,0,0,1,2,0,0,0,2,0,1,1,0.3627013713574569,-0.8751584067727374,-0.09777132157886387
741,0,2,1,0,0,1,1,0,1,1,1,0,2,0,0,0,0,0,0,1,-1.1435208945711037,-0.015936038116132423,0.1791833444729528
742,0,0,1,0,0,1,0,1,0,1,1,0,2,1,1,2,0,2,1,0,1.2414958783549694,1.2533669970229027,0.9318224876240395
743,0,0,0,0,1,0,0,0,2,1,0,0,1,0,0,0,0,0,1,0,0.9063212578256271,0.47074899844768936,-0.31570796934678763
744,0,0,0,0,0,1,0,0,1,1,1,0,0,0,0,0,1,0,1,1,1.2906886209010633,-0.6383851790421793,0.2525951748323981
745,0,1,0,0,1,0,0,0,2,0,0,0,1,0,0,2,1,0,0,1,-0.660296685889678,0.8286867834940959,0.42420648290084995
746,0,0,0,0,1,2,1,0,1,1,0,0,0,0,0,0,2,0,1,1,-0.05905674531882929,0.30784079382585816,0.7786327323770964
747,0,1,1,0,0,1,0,0,1,1,0,2,1,0,0,2,0,0,0,1,0.8883875655492187,0.5468065292464795,1.2211708828097205
748,0,1,0,0,0,1,0,1,2,0,1,1,2,1,0,2,1,1,0,1,0.44353660408032314,-1.0477320908986472,-1.825548259222525
749,0,0,0,1,0,1,0,0,0,2,1,1,1,0,0,2,0,1,0,1,-0.8847515430014902,0.6353683336712659,-0.7917462987248964
750,0,1,0,1,0,2,1,0,0,0,1,0,1,1,0,0,0,1,0,1,0.35412397883867874,-1.9813301871201974,2.122577798380099
751,0,0,1,0,0,1,0,0,1,0,0,1,1,1,1,0,0,1,1,0,1.485187232291675,-0.2780312001964952,0.5795310082912457
752,0,1,1,0,0,0,0,0,0,1,0,0,0,1,0,0,2,1,2,0,0.8397766146856619,0.6226574609924429,-0.11133980985306671
753,0,1,0,0,0,1,0,1,2,1,0,0,1,2,0,0,0,0,1,0,1.1078530201410086,0.742526470619161,-0.9515954068703073
754,0,0,0,1,0,1,0,0,1,0,0,1,1,0,0,2,0,0,1,1,0.40729952244100887,-0.025137820080521345,-1.9161144064814064
755,0,1,0,0,0,2,0,0,2,0,0,1,1,0,0,0,0,0,1,2,0.7284584089843943,0.004652854330398082,0.42782235851879924
756,0,0,2,0,0,2,0,0,1,0,1,0,1,0,0,0,0,0,2,0,-0.2979304971028447,-1.4847846388799137,-1.4921200430786379
757,0,0,1,0,0,0,0,0,0,1,0,0,0,0,0,0,0,0,1,1,0.13851435449472732,0.7256813205971129,-0.17990711084729988
758,0,1,0,1,0,0,0,0,1,0,1,1,1,0,0,1,1,0,1,0,1.5999338883707783,-0.0594618810433607,0.7621841810588676
759,0,0,2,0,0,2,0,0,0,0,0,0,1,1,0,1,0,1,0,1,-1.819998418584186,-1.0782654106617382,-0.07700559305443543
760,0,0,0,0,0,1,0,1,1,0,0,0,2,0,0,1,0,1,2,0,3.0509703893041595,2.1212356740614156,0.7268942661063398
761,0,1,0,1,1,1,1,0,0,1,1,0,2,0,0,0,1,0,0,0,0.38594529756485463,0.31899213448152675,-0.0948150146792004
762,0,1,1,0,1,2,0,0,1,1,1,0,2,1,0,0,0,0,1,0,-1.494028905965341,-1.7996456356112411,-0.22068698835934125
763,0,0,1,0,0,2,0,0,1,1,0,0,1,0,0,0,2,0,2,1,0.8855243123345936,-0.012744088498177986,-1.76336613777708
764,0,0,1,0,0,0,0,0,0,0,0,1,1,0,0,1,0,0,0,0,0.8249279037796229,1.5463010759500495,0.01822855187626704
765,0,1,1,1,0,1,0,0,0,1,0,1,1,0,0,1,2,0,1,1,0.13457926739847054,0.811108599134992,-1.4013353998090987
766,0,0,0,1,0,1,1,0,1,0,1,1,0,1,1,2,2,0,0,1,-0.8036033355041048,0.3404745491292638,-0.38937267311943147
767,0,2,1,0,0,1,0,0,1,0,1,0,1,0,0,0,0,0,0,2,-0.51973964964932,0.11614649299939828,0.9745191073922951
768,0,1,0,0,0,2,0,1,2,1,0,0,0,0,0,2,0,1,0,0,-0.6810228899983275,-0.9823295798302382,0.2949985998605909
769,1,1,1,0,0,1,0,0,1,1,0,0,1,0,0,0,0,1,0,1,-1.0457304919749466,-1.4027529142115263,1.0172898456473338
770,0,1,1,0,0,1,0,0,0,0,1,1,0,1,0,2,0,0,0,0,-0.29411682721947213,1.7308686067906707,0.8726496578090268
771,0,1,1,0,0,1,1,0,1,0,1,2,1,1,0,1,1,1,1,1,-0.827745976971355,-1.7892971536319615,-1.3765376101020035
772,0,0,0,0,0,1,0,0,0,1,0,1,1,0,0,2,0,1,1,1,-1.8358762734015666,-1.477989347937517,1.4618767422000745
773,1,1,1,0,0,2,0,0,1,0,0,2,0,0,1,1,1,0,1,1,1.1230405582546934,-0.651911945976228,-0.5783903766146944
774,0,1,0,0,0,1,0,0,2,1,1,1,0,1,0,2,0,1,1,2,-0.1555179402874452,-0.11502994654241908,-0.43527407448549565
775,0,0,0,1,0,1,0,1,1,0,0,2,0,0,0,2,0,1,0,0,0.19876834590762008,2.3188073453264675,0.6786257126714496
776,1,1,1,0,0,1,0,1,1,1,0,1,0,0,0,0,1,1,1,1,-0.7245620983481553,-0.22696583504780105,0.25997845705193545
777,0,1,0,0,0,1,1,1,1,1,0,0,0,0,0,1,0,1,1,0,-0.005499239132203571,0.36901417924725943,-0.24414758053486052
778,0,2,0,0,0,1,0,0,1,1,0,2,0,0,0,1,0,1,1,0,1.2451486754654808,1.2916391615137703,1.354626801515514
779,0,2,2,0,0,2,0,0,1,1,0,1,1,0,1,1,1,0,0,0,1.5975750022319504,-0.4918399926058146,-0.961615160344049
780,0,0,1,0,0,1,0,0,1,2,1,1,0,0,0,2,0,0,1,2,-0.10922052782001632,1.2380384323147475,-0.8660812465284449
781,1,0,1,0,0,2,1,0,2,1,0,0,2,2,1,0,1,1,0,1,-1.1117100928853145,0.5183273343173344,-0.3290943176637646
782,1,0,0,0,0,1,0,0,0,1,0,1,0,1,0,0,0,0,2,0,-0.12488400839104564,-1.5998536326992714,-0.7423662061294201
783,1,0,0,0,0,1,0,0,1,1,1,0,0,0,1,0,1,0,0,0,-0.5870722900649809,0.6348777354024258,0.6686999796074194
784,0,1,1,0,0,0,0,0,1,2,1,1,1,2,0,1,2,1,1,2,0.5813508435846644,-0.6085242167654917,-0.4761284884434518
785,0,1,1,0,0,1,0,0,1,1,0,0,0,1,1,1,0,0,1,0,-0.14441440577838335,-0.45203173025192045,-1.0409675222975847
786,1,2,0,0,0,0,0,0,0,0,0,1,0,0,0,1,1,1,2,1,1.3759615336026143,1.2359802145489862,1.7915576021384094
787,0,0,1,0,0,1,0,0,1,0,0,0,1,0,0,1,1,1,1,0,0.7025347841584236,0.28817490303052684,0.44092389628341366
788,0,0,0,0,0,1,0,0,1,1,0,0,1,0,0,2,2,0,1,0,-0.17242387406436094,0.19387968333596775,0.6469515716487891
789,0,0,0,0,0,2,0,0,1,0,1,1,1,0,0,2,1,1,2,0,-1.4709101769862658,-0.18679655321306565,2.1403792536039283
790,1,0,0,0,1,1,1,0,2,1,1,0,0,0,0,1,1,0,0,1,0.20881108752555197,0.9261879666658505,0.4968116780711513
791,0,0,0,0,0,1,0,1,2,1,1,0,1,1,0,1,1,0,2,0,1.843195579582462,-0.18281063591675917,-0.5044685684858397
792,0,0,1,0,0,0,0,0,2,0,0,1,1,0,0,2,2,0,1,0,-1.3677389375348203,-1.5976957211107528,-1.6741949593040815
793,0,0,1,1,0,1,0,0,2,0,0,2,0,1,0,0,0,1,1,1,1.1120284374930887,2.003538502578986,-0.22248806455740566
794,0,0,1,1,1,2,0,0,1,0,0,1,0,0,0,0,0,0,1,2,0.0885421809024898,1.0911639207261008,-0.2584819241963909
795,1,1,1,0,0,0,0,0,1,1,0,1,1,1,0,2,0,1,1,2,0.9952016927236659,1.119266082154228,0.6551264406362081
796,0,1,1,1,1,0,0,0,0,0,0,0,2,0,0,0,1,2,2,1,-0.8393758586462523,-0.672877074117149,0.6839798660369291
797,0,1,0,0,0,1,0,0,1,0,0,0,1,0,0,1,1,0,2,0,1.2220919710598166,-1.421015409505629,0.5757572637163505
798,1,0,0,0,0,1,0,0,1,0,0,0,1,0,0,1,0,0,1,0,0.2644707110616339,-0.8295655836136208,2.846602879954373
799,0,0,0,0,0,1,0,0,1,1,0,1,1,0,0,1,1,0,0,1,0.26604255335097604,2.034946075229737,1.9655640576436257
800,0,0,1,0,1,0,0,0,1,1,0,0,1,0,0,1,0,0,2,0,1.9150732662942873,0.9144870990365528,1.20112225610358
801,0,0,0,0,0,0,0,0,0,1,0,0,0,0,0,1,2,0,1,1,2.498839909142042,1.446374706998552,2.3559749106011765
802,0,1,1,0,0,1,0,0,2,1,0,1,0,0,1,0,0,0,1,0,-1.3478716243683742,-1.2140525516888583,1.1032321659093218
803,0,0,1,1,0,1,0,0,2,1,1,1,0,1,0,2,1,1,1,0,0.4699415002057356,0.8317085568408427,-0.2247699788988755
804,0,0,0,0,1,1,0,0,2,0,1,0,0,0,0,0,0,0,1,1,0.28436379319640004,-0.3976862574130502,0.3299942849303586
805,1,1,0,0,0,0,0,0,0,0,0,0,2,0,0,0,1,1,1,0,-0.12150566683911102,-0.41887733247871717,0.7807182181738395
806,2,0,0,0,0,0,1,0,2,0,1,1,1,0,1,0,1,1,1,2,-0.9456657161540248,0.4756152358834296,-0.7129502002684037
807,0,0,0,1,0,1,0,0,1,1,0,1,1,0,0,2,1,1,2,0,1.1359244842621208,2.184486763987147,0.3910881573049026
808,0,1,0,0,0,2,0,0,1,2,0,0,1,0,1,2,1,1,0,2,-1.169738876819556,0.4293437902555511,0.5800113631571293
809,0,1,0,1,0,1,0,0,2,1,0,0,2,0,0,1,0,1,1,1,-2.3557857289350292,0.539793082888349,-1.3841584279210142
810,0,0,2,0,0,1,0,0,1,0,0,2,0,0,0,2,2,0,1,0,-0.6371765037919457,0.6149096099052984,1.3935048579490077
811,0,1,1,1,0,0,0,0,1,0,0,1,0,1,0,2,1,1,1,0,0.66867609095446,2.4197922012899085,0.8238407857498158
812,1,1,2,0,0,2,1,0,1,0,0,1,0,0,0,0,0,1,1,0,-0.9651216925982122,-0.8920044638782799,0.18472232582506612
813,1,0,1,1,0,0,1,0,2,0,1,2,0,0,1,0,1,1,1,0,-0.612020814780325,-1.8296848099021705,1.7031722002363392
814,0,1,2,0,0,1,0,1,2,1,0,0,1,0,0,0,0,0,2,1,-1.60364038658201,-0.9367214840877818,-0.37452718059127943
815,1,0,1,0,1,0,0,0,1,1,1,0,1,0,0,1,1,1,2,1,-1.4925662996489768,-1.5221833126029858,-0.2476252220256716
816,0,2,1,0,0,2,0,0,1,0,0,1,1,0,0,0,0,2,0,1,1.0554996753225059,1.4693263831203642,-1.3681446923759624
817,1,1,1,0,0,2,0,0,2,0,0,0,0,1,0,0,1,0,1,0,-1.9621266188811015,-2.3852145093101544,1.3116581627702164
818,1,0,0,0,1,1,0,0,2,1,1,0,1,1,0,1,0,1,1,1,0.6053219813792884,-1.6531109780747346,-0.9098856565665605
819,0,1,1,0,0,2,0,0,2,0,0,0,2,0,0,1,0,0,1,0,-0.965612610054034,0.46143560384073373,0.6532630689966021
820,0,0,2,0,0,1,0,0,0,1,0,0,0,1,0,0,0,1,0,0,-1.827834132799154,0.49985251184405255,0.8525943158842304
821,0,2,1,0,0,1,0,0,2,0,2,0,1,1,0,2,1,0,1,1,-0.0644215748872367,-0.435652679697419,-0.630128319729558
822,0,0,0,0,0,0,0,0,2,1,2,1,0,0,0,1,1,0,0,0,-1.450230545758682,0.07361345857744706,-1.0887418578907162
823,1,0,1,0,0,0,0,0,2,2,1,1,1,1,0,1,0,1,0,0,0.6484044918011617,1.1198233993349342,-0.009786671287444593
824,0,1,0,0,0,1,0,0,1,0,0,0,0,0,0,0,0,1,2,1,-0.9228395108159246,-1.5063770667857805,0.5437355345867896
825,0,2,1,0,0,1,0,0,0,1,1,1,1,0,0,0,1,0,0,1,-0.5739928777068716,-2.1195143917734094,-0.09300491414399614
826,0,1,1,0,1,2,1,0,1,1,0,0,0,0,0,0,0,2,1,0,-0.8232688553822813,-1.4629328499428953,0.13967359530641868
827,1,1,0,1,0,1,0,0,1,1,0,0,0,0,0,0,1,1,1,0,-0.5766695123472542,-1.284311992568642,-0.005018190253744781
828,0,0,0,0,1,1,0,0,0,1,0,0,1,1,0,1,2,1,1,0,-1.764105226976503,1.1849554519222611,1.3102536908806806
829,0,1,1,0,0,0,0,1,1,0,0,0,1,0,0,2,0,0,2,1,-0.58778080944397,0.5643820402767094,0.4126707307473237
830,0,1,1,0,1,0,0,0,2,0,0,1,0,0,0,1,0,0,0,1,0.13035527406200745,0.6398318980019977,-0.049232605035704424
831,0,1,1,0,0,1,0,0,0,0,0,1,2,0,0,1,0,1,0,1,-0.6379146923465353,-1.765090636760255,1.306828087562692
832,0,0,0,0,0,2,0,0,1,0,1,1,1,0,0,1,1,0,1,0,-1.713201728149169,-0.10138528555631288,-0.050543555121102535
833,0,0,2,1,0,0,0,0,1,0,1,0,0,0,0,0,0,0,2,0,1.7198183814651693,-0.3668550540814707,-0.1773129200239011
834,0,0,2,0,0,1,0,0,1,0,1,1,0,0,0,1,1,1,1,1,-0.5270945510884066,0.32835684006097454,1.4492330823720616
835,0,0,1,0,0,1,1,0,2,1,1,2,1,0,0,1,2,0,1,1,0.15740825314892518,1.2635509017640951,0.2127842888328215
836,0,0,0,1,0,1,0,0,0,0,0,1,1,0,0,2,0,2,1,1,-0.3118841022869525,0.9042698844345838,0.06519836373539308
837,0,2,0,0,0,2,0,0,0,2,0,2,2,1,0,1,0,1,0,0,-0.8773122807117236,-1.0841310635893218,0.6191541983708486
838,0,0,2,0,0,1,0,0,2,0,1,0,0,1,0,1,1,0,0,1,-1.587140954723215,-0.26088885346530083,0.15554488765301977
839,0,2,0,0,0,2,0,0,1,1,0,1,1,1,2,1,0,2,0,0,0.5591617794790649,0.17077078500753226,-1.0372404542896143
840,0,0,0,0,1,0,0,0,1,1,1,0,1,0,0,0,0,1,0,0,-0.7951814887870513,-1.3879943617933903,-0.6130315633512367
841,0,1,0,0,0,1,0,0,1,0,0,2,0,0,0,0,2,1,2,1,-0.885867069426359,-0.3418145220940798,-0.6088506386247766
842,0,1,1,0,0,1,0,0,1,1,0,0,1,0,0,1,0,0,0,2,-0.5984110363740253,0.2943032649287957,1.6009115606964217
843,0,0,1,0,0,0,0,0,0,0,0,1,0,0,0,1,1,1,0,1,-0.5680102770662395,-1.303393589518866,-0.4790608002862467
844,0,1,2,0,1,1,1,1,1,0,1,0,0,1,0,1,0,1,2,2,-0.7485404702340971,-1.0532806235551724,2.496128568799282
845,0,0,0,0,0,1,1,1,1,0,1,0,1,0,0,0,0,1,0,2,0.4920925023882625,-1.240107855187705,-0.7714382525915504
846,1,1,0,0,0,1,0,0,1,1,0,1,2,0,0,1,2,1,1,1,-0.1802749018504511,0.03546196212030406,2.014415393398939
847,0,2,0,0,1,1,0,0,2,0,0,1,0,0,1,2,0,1,1,0,-0.8867785600960602,0.15552332462092522,-1.6239133942501691
848,1,1,1,0,1,1,0,0,0,1,0,1,0,2,0,0,0,1,0,1,-0.8644644812125717,2.1859208872995697,1.5940205227167008
849,0,2,0,0,1,0,0,0,2,1,0,0,1,0,0,0,1,0,1,0,0.609899424557723,-0.1631161592420139,-0.9190158285251926
850,0,0,1,0,0,2,0,0,0,0,2,0,1,0,0,0,1,2,1,2,-0.6076912135822446,-0.4410124158604707,-0.7212611942536727
851,0,0,2,0,0,0,0,0,1,1,0,0,0,0,1,0,0,1,0,0,-2.8070774850130977,-1.8623437647376768,1.8780561484197444
852,0,2,0,0,0,0,0,0,2,1,0,1,0,0,0,1,0,0,0,0,2.340260933373395,1.2474753914883978,-0.5276907589741258
853,0,1,1,0,1,2,0,0,1,1,0,1,1,0,1,1,0,1,1,2,-0.8954236024505668,-0.04767831393186241,0.8130212039696206
854,0,1,0,1,0,0,0,0,1,0,0,1,2,0,0,1,0,0,2,0,-0.04971747386009819,-0.6861766546438655,0.8430682044009121
855,0,1,0,0,0,0,0,0,2,0,0,0,2,0,1,0,1,0,0,1,-1.0374280243522622,0.5854916783569208,-0.29307192756219735
856,0,1,1,0,1,1,0,2,2,1,0,0,1,0,1,0,2,1,0,0,0.3791766816185159,-1.0321026589343767,0.2868025634037862
857,2,1,0,0,0,1,0,1,2,0,0,0,1,1,0,1,0,0,0,1,-0.5320712003860607,0.8174935745821461,2.6894200772281796
858,0,1,1,0,0,1,0,0,1,2,1,1,0,0,0,1,0,0,1,2,-0.17816924860288225,-0.04545584325090743,1.5739695681567205
859,0,0,1,0,1,0,0,0,1,0,0,1,1,0,0,1,0,1,0,1,0.925251871539606,1.0464179650031198,0.3977217341096153
860,0,0,0,0,1,1,0,0,2,1,0,0,1,1,0,1,1,1,2,0,0.3480080755918869,1.38587241320674,-0.39879620673110094
861,0,1,1,0,0,1,0,0,1,1,0,1,0,1,1,1,0,2,1,1,0.16925517712827864,-0.031169194226391084,-0.4550135725100031
862,0,1,0,0,0,1,1,0,0,1,0,0,1,0,0,1,1,0,0,0,-1.4004911236866684,-1.562222770141319,-0.7584623594219544
863,0,0,0,0,0,1,0,0,1,1,0,0,1,0,0,0,1,1,0,0,-0.2710658015475577,-0.9961398005936521,0.8699143243719927
864,0,1,1,0,0,0,0,1,1,1,0,0,1,0,0,0,1,1,1,0,-0.891721714876367,-1.119205447284489,-1.3519582418761384
865,0,2,1,0,1,0,0,1,0,1,0,0,0,0,0,1,1,1,2,1,1.4810069030025916,0.4954392887137169,0.6786744815237151
866,0,2,0,0,0,1,2,0,2,1,0,1,0,0,0,1,0,0,2,0,-0.8540364804286222,0.11235777750711984,0.9839675205192342
867,0,0,1,0,0,2,0,0,1,0,1,0,1,0,0,2,0,2,1,0,0.41272432762921185,0.16329324011926738,1.8931109633039502
868,0,1,1,0,1,2,0,0,0,0,1,1,2,1,0,1,0,2,1,1,1.536039625313727,0.1694786575287348,-0.462733967360459
869,0,1,0,0,0,1,1,1,1,0,1,0,1,0,0,2,1,1,0,1,-1.419859953121668,0.10099227777364761,0.5239767175665454
870,0,2,0,0,0,2,0,1,1,1,0,0,0,0,0,2,2,1,1,0,0.18781311059728575,-1.5082517430497506,-0.3859845009896461
871,0,0,2,0,0,1,0,0,1,0,0,0,0,0,0,1,0,1,1,0,0.9595833603832487,2.2382259566325735,2.5908472796791173
872,1,0,1,1,0,1,0,0,0,0,0,0,1,1,0,0,1,1,0,0,0.7684735732265644,-0.7102322795146151,-0.07672801394164436
873,0,1,1,0,0,0,0,1,2,1,0,0,0,2,0,1,0,0,0,0,-0.18070228147502598,-1.3501337397167745,-0.34934955364760323
874,1,0,1,1,0,2,0,0,1,2,0,0,1,0,0,0,1,1,0,1,-0.6921312489026497,1.259247554331365,1.126742455975072
875,0,0,1,0,0,1,0,0,2,1,1,0,0,0,1,1,2,2,2,0,-2.9100989492105693,-2.1331449039059804,2.528344043191305
876,0,1,1,0,0,0,0,1,2,0,0,1,1,0,0,0,0,1,1,1,-1.0197037716960915,-1.926850019026585,-0.05109259054969112
877,0,1,0,0,0,0,0,0,1,1,0,0,0,1,0,0,2,2,2,1,0.25551684532249563,1.5991788134228817,0.7236462050207695
878,0,0,0,0,0,2,0,0,1,1,1,1,0,0,0,0,1,1,0,1,-0.19607358231401686,-1.5410014850817162,1.7553372265315192
879,1,1,1,0,0,1,0,0,0,1,0,0,1,0,0,0,1,0,1,1,-0.7028683005534213,-1.110721640649465,1.1080428318762252
880,0,0,0,0,0,0,1,0,2,0,0,0,1,0,1,0,1,0,1,1,-0.48826632548498305,-0.8682306203444892,-0.4270510815360926
881,0,2,0,0,0,1,0,1,1,0,1,0,0,0,1,2,2,2,1,0,1.3710389387830846,0.9786882529427359,0.3445745939730745
882,1,1,1,0,0,1,0,0,1,1,0,1,0,0,0,0,1,1,1,0,-0.5969939274328669,0.42411802041183255,-0.5335871399658663
883,0,1,1,0,1,2,1,0,0,0,2,0,1,1,0,2,0,0,0,0,-0.42186976713726076,-0.9322695872845994,-0.547686801213313
884,1,0,1,0,0,0,0,0,2,1,0,0,1,1,1,0,1,0,0,0,-0.19114153193712202,-0.9533831398889577,1.0820073244673585
885,0,0,2,0,0,1,1,0,0,1,0,1,0,2,0,1,1,0,0,0,-0.485622506872902,1.7004460288029133,0.6255834060019039
886,0,0,1,0,0,2,0,0,1,1,1,0,0,0,1,0,1,0,0,1,0.6301406352465396,0.3448579156353261,0.022050145718237796
887,0,1,0,0,0,1,2,1,1,0,2,1,0,0,1,2,0,0,0,0,1.1067612147671861,-1.0148680994562658,1.5140683188466422
888,0,0,0,0,0,0,0,0,1,0,0,0,1,0,1,1,1,0,2,1,0.4533638842591921,0.019121562923517077,-0.17877391039361334
889,0,1,1,0,0,1,0,0,1,1,1,2,2,0,0,1,0,1,2,1,-0.8182228731569299,-1.2461300234254222,0.3234568214111334
890,0,0,1,0,1,1,0,0,0,0,1,0,1,0,0,0,1,0,2,1,-0.9974707917738782,-0.3357196401819489,-0.1518732063983105
891,1,1,0,0,0,1,0,1,1,0,1,1,0,1,0,0,1,0,1,0,0.2712043369966829,-0.4666696679767313,0.4447904428832193
892,0,0,0,0,1,0,1,0,1,1,1,1,1,0,0,0,1,0,1,1,1.2130599784807015,0.539328621158869,-0.7293123954699281
893,0,0,0,0,0,0,0,0,1,1,0,1,1,0,0,1,0,0,1,0,-1.553805472536459,-1.9851591489616487,1.1706977714443285
894,0,1,0,0,0,1,0,0,1,1,0,0,1,0,0,1,1,1,1,1,-0.07891085602135174,0.16644256719820755,-0.6258684723994213
895,0,0,0,0,0,1,0,0,1,0,1,0,0,0,1,0,1,0,0,1,-1.1138149514982254,-0.42763339740277917,-0.6614532027874628
896,0,2,2,0,0,1,0,0,0,0,1,0,0,0,1,2,1,1,1,1,-1.1554921187917182,-1.112357159018499,-0.2509249388078888
897,0,1,1,0,0,0,0,0,2,1,0,0,0,0,0,1,1,0,1,1,2.1631682696980365,-1.051224909618114,0.09301231251334952
898,0,1,1,0,0,1,0,0,2,1,0,0,0,0,0,1,0,0,1,0,-0.0033802070945701756,-0.2653079640473526,0.5366343478699486
899,0,1,2,0,0,1,0,0,1,1,0,0,0,0,0,2,1,0,1,1,-1.267088262732287,0.04069617690078302,0.6369915758854393
900,0,0,0,0,0,2,1,0,0,1,0,1,0,0,0,1,1,0,0,1,1.1649821115510663,0.3823268814105162,-1.1633044714829532
901,0,2,0,0,0,1,0,0,2,0,0,0,1,1,0,1,1,1,1,0,0.7442201285413821,0.3111637505636604,-0.9451239364129967
902,1,0,1,0,0,0,1,0,2,0,0,0,2,0,1,1,1,1,1,0,-0.9565891080686232,-0.3085575638111218,-1.5398130219574726
903,0,1,2,0,0,2,0,0,1,0,0,1,0,0,0,0,0,0,0,1,-1.5530985357774876,-0.6543879169889076,0.21775896172421577
904,0,1,0,1,0,2,0,0,1,1,1,0,2,0,0,1,1,0,1,1,-1.5951365770744448,-1.156526319057651,0.5708075145082299
905,0,0,1,0,0,0,0,1,1,0,2,1,1,0,0,0,0,0,1,0,-0.9130594479173568,-1.073670504680967,-1.0578288509385074
906,0,0,1,0,0,0,0,0,2,0,0,0,1,1,0,0,2,1,1,0,-1.1364525896026978,-0.046748850047271806,-0.5610590018452268
907,0,0,0,1,0,1,0,0,1,0,0,1,1,0,0,1,0,0,2,2,-1.299418294941375,0.38431991236237123,0.7438350283011143
908,1,0,1,0,0,0,0,0,1,1,0,0,1,1,0,1,1,0,1,0,1.2996385745950663,0.6213316863004719,0.6997425127787928
909,1,0,1,0,0,0,0,1,0,0,1,0,0,1,0,0,0,1,2,0,0.5436737186905016,0.7064949570605009,1.6663242242416867
910,0,1,1,0,1,2,0,1,1,1,0,0,1,0,0,2,0,0,0,1,-0.08918287601886372,-0.223448502685898,0.06967742483818802
911,0,2,1,0,0,0,1,0,1,2,0,1,1,0,0,1,0,0,1,1,-0.7875492029722277,-1.3917198938088644,0.5944328598177147
912,0,1,1,0,1,0,0,0,0,0,1,1,2,0,0,0,0,0,0,1,0.48746279576345175,-0.4840260948594053,-1.7935223681000794
913,1,2,0,0,1,2,0,0,1,0,1,1,0,0,0,2,1,0,0,1,-1.292595782876125,0.5614027074200247,0.6970922415466929
914,0,0,1,0,0,0,0,1,1,0,0,1,1,1,0,1,1,0,1,1,-0.023521751246956022,-0.7769935624121432,2.0446078530313696
915,0,1,1,0,0,0,1,0,0,1,0,1,0,0,0,0,2,0,0,0,0.05041372830952926,-0.19102437933973687,-2.535875938046501
916,1,0,0,0,0,1,1,0,1,1,0,2,0,0,0,1,1,1,2,0,-1.0572153203490755,-0.24101912954403568,-1.2547758427655433
917,0,0,0,0,0,0,0,0,2,0,1,0,0,1,0,1,0,1,0,0,0.24686780362993171,0.40000006004507294,-1.5395627084886125
918,0,1,1,0,0,1,1,0,1,0,0,1,2,0,1,1,1,1,0,0,-0.8118482519521982,-0.5810715230699702,0.5270490230013548
919,1,1,0,0,0,2,0,0,0,0,0,1,1,0,0,1,1,0,0,1,-1.755680441507332,-1.645185524914631,1.0128076494549276
920,0,1,0,0,1,2,0,0,0,1,0,0,0,0,0,1,0,0,1,0,-0.36689446674595355,-1.9455221303618784,-0.6776135044614976
921,0,0,0,0,0,1,0,0,2,1,0,0,0,0,0,0,0,1,0,0,-1.0809666415819783,-1.2234535945373006,-0.8502095449191716
922,0,0,0,0,0,1,0,2,1,1,0,0,1,0,0,2,1,1,0,1,-1.3995642008541194,0.6169075488245177,-2.423727694441751
923,0,1,0,0,0,0,0,0,0,2,1,0,1,1,0,0,0,1,0,1,0.09383964449482632,-0.13238231070096368,-0.3956490292372548
924,0,1,1,0,0,0,0,1,1,0,0,0,0,0,2,1,0,1,0,0,-0.6282185639088157,0.8467774120510114,-0.623262620056563
925,0,0,0,0,1,1,1,0,0,1,0,1,0,0,0,1,0,0,1,1,-1.2088614007245986,2.202091081024931,1.0794956654148344
926,0,0,2,0,0,1,0,0,0,2,0,0,0,1,0,1,0,2,2,1,-0.0940060613340745,-1.0516776032801478,0.349935177913366
927,0,1,2,0,0,1,0,0,1,0,0,1,0,0,0,1,0,0,2,1,0.08757814060572953,0.03938155034281088,1.2589932353811253
928,1,1,1,0,1,1,0,0,0,0,0,0,1,0,0,2,2,1,2,2,2.2931450077018605,-0.059481803152215296,0.19933021417584412
929,0,0,0,1,0,1,0,1,0,2,0,0,0,0,0,1,1,0,0,1,0.4772018410220554,1.4645267285429706,1.2211899197830234
930,1,0,0,0,0,1,1,0,1,0,0,1,0,1,1,0,0,0,0,1,-1.0624254957186539,0.2736472236813019,-1.6096115903155714
931,0,1,0,0,0,0,0,1,2,0,1,0,1,1,0,0,0,0,1,1,0.2705421432714882,-1.5743918004218123,1.0334169981804737
932,0,0,0,0,0,1,0,0,1,1,1,0,0,0,1,1,1,1,1,1,0.22104449787338418,-0.10321053881657449,-0.703799260766387
933,1,1,0,1,0,0,0,1,1,0,0,1,0,0,0,2,0,2,0,0,-1.0072417081778888,-0.9651973079261983,-1.0271784521334386
934,0,0,0,0,0,1,0,0,1,0,1,0,1,0,0,0,0,0,0,1,-1.1908248781833175,-1.6448494388581798,-0.09698830097098937
935,0,1,1,0,0,1,0,0,0,1,0,1,0,1,0,1,1,1,1,1,1.0771750859337867,0.4055150868714001,-1.1696804796545948
936,1,1,1,1,0,1,0,0,0,1,0,1,0,1,0,1,0,0,0,0,-0.5813570415711944,1.1519494417595688,0.29977695487395917
937,0,1,0,1,0,0,0,0,1,1,0,0,2,1,2,1,0,1,2,2,1.923427448835352,2.632087441291049,-0.33600955601045657
938,1,0,1,0,1,1,0,0,2,1,1,0,0,1,0,0,1,1,1,1,1.1301786331881172,0.28558934558937166,-0.45141123197482613
939,0,0,0,0,0,1,0,0,2,1,0,1,0,1,0,1,2,2,1,0,0.6571614581679261,0.4948898803129702,1.0755617150919425
940,1,0,1,0,0,2,0,0,1,1,0,1,0,0,1,2,0,1,0,0,-0.9876564250800265,-0.8548019902243813,0.6009063032146951
941,0,1,1,0,0,0,0,0,1,0,0,1,1,1,0,1,2,0,1,1,-1.6696294926136996,-2.0928432061043605,0.9587999846635749
942,0,0,1,0,1,0,0,0,0,1,0,0,0,0,0,1,0,0,1,1,-0.36484094225519287,0.7566977798953358,-1.149480627817932
943,1,1,1,0,0,2,1,0,0,1,0,0,0,0,2,1,0,0,2,0,1.05695339580986,1.534134176002468,-0.6594535894067386
944,0,0,0,0,0,2,0,0,1,0,1,0,0,0,0,2,0,2,2,1,0.7676172538362656,-0.40042637494214195,0.5391515576315192
945,1,1,0,1,0,0,0,0,0,0,0,0,1,1,0,0,1,2,2,0,1.8277953165302576,0.9156857529846365,0.2569544596508726
946,0,0,1,0,1,0,0,1,0,2,0,0,0,2,0,1,0,1,0,2,-0.7814233435432921,0.8341755728847975,-0.30044567890372914
947,1,0,2,0,0,2,0,0,0,0,2,0,1,0,1,1,1,0,0,0,0.7254368464929715,0.6083597237369545,-1.3071822153715322
948,0,0,0,0,0,1,0,1,2,0,1,0,0,1,0,1,1,0,1,0,0.877472531699955,1.255915187012433,-1.8671770055558803
949,0,0,1,1,1,2,1,0,1,0,1,2,2,0,0,0,0,1,0,0,-0.822392343951099,-0.8627875209670494,-1.664327448632821
950,0,2,0,0,0,2,0,1,2,2,0,0,2,0,0,0,0,2,1,0,1.0813252721385636,2.214008494883002,0.14064020248389342
951,1,0,0,0,0,0,0,1,1,0,1,0,1,0,1,1,1,1,1,1,-0.7965593896443666,-1.1323696999354702,0.31194405617575405
952,1,1,0,0,1,1,0,0,0,1,0,0,1,0,1,1,0,0,1,0,1.6468547952646182,0.8386416944417983,1.2102969039161597
953,0,0,0,0,0,0,0,1,1,1,1,1,1,0,0,1,1,0,1,0,0.743577455112039,-1.225113757265711,-0.38830632777227914
954,1,1,0,0,0,0,0,0,1,0,0,0,0,0,0,2,1,2,0,0,0.1787314412309714,0.41612662746864504,0.42740213090394685
955,0,0,2,1,0,1,0,0,1,1,1,0,0,1,0,0,0,0,1,0,0.7363687774423635,-0.2263753245164849,-0.8061943656296756
956,1,0,2,0,0,1,0,0,2,1,0,0,0,0,0,1,2,2,1,2,1.2156484961912255,0.0561996074774479,-1.4292935420702
957,1,0,0,0,0,2,0,0,0,0,0,0,0,0,0,1,1,0,0,0,-0.7325693878475058,-1.625181878401421,0.11162283112608415
958,1,0,1,0,1,2,0,0,0,1,0,0,1,0,0,1,1,1,0,2,-0.6667356109220532,-1.2232742437696593,0.846205381322959
959,0,0,1,0,0,0,1,1,0,0,0,2,1,1,0,0,0,1,1,0,-0.17000064266986445,-0.9259682489925822,-0.3556758687533528
960,0,1,0,0,0,2,0,0,1,1,0,1,1,2,0,1,0,0,0,0,-1.7849289378605313,-0.8110458398427326,0.49808918268449637
961,2,0,1,0,0,1,0,0,2,1,1,1,1,1,0,1,0,1,1,2,-0.37562209588397405,0.24594965819987985,0.1970516842898109
962,0,1,0,0,0,0,0,0,2,0,0,0,1,0,1,0,1,0,2,0,-1.089450883116279,-0.7189739672015805,-0.6118900131428657
963,0,0,1,0,0,0,0,0,0,1,0,1,0,0,0,0,0,0,0,0,0.2763854372006776,0.05865203567574493,-0.6304454965680675
964,0,1,0,0,0,1,0,1,1,1,0,0,1,0,1,1,1,0,0,1,-0.0758154972515597,-1.3702391599923216,-1.1083583439959726
965,0,1,2,0,0,0,0,1,1,1,1,1,1,1,0,2,0,0,2,1,1.711398905844525,2.231235653072048,1.581768928624996
966,0,0,0,0,0,2,0,0,2,1,0,1,0,0,0,1,1,1,1,1,-0.7839220888150762,1.6008960244170565,1.1581855591012464
967,0,0,1,0,0,2,0,0,0,0,0,0,1,0,0,0,0,1,1,1,-0.5561983259193681,0.9062077207613235,-1.1159928709069145
968,0,0,1,0,0,0,1,0,1,1,1,0,1,0,0,1,0,1,1,0,-0.7743484889972716,-0.36530782636684,0.2847109657638497
969,0,1,0,0,1,0,0,0,2,1,1,0,0,1,0,0,1,1,2,1,-0.9748787387699395,-0.6422490659337374,-1.5726207489601252
970,1,1,1,1,1,2,0,0,2,0,0,0,2,1,0,1,1,0,1,1,-0.26070522323850076,0.3939407689017701,-1.4223504964498357
971,0,0,0,0,0,1,0,1,0,2,1,0,1,0,0,2,2,2,1,1,0.6742076570312318,1.1640300595265325,0.20930716331107635
972,0,1,0,0,0,0,0,0,0,0,1,0,0,0,0,0,1,0,0,1,1.9257420928645506,-0.40894892046210696,0.2533984139840233
973,0,2,1,0,1,1,0,1,1,0,0,0,2,1,0,1,0,0,1,1,1.1108002894885287,0.22919498128446053,0.9557236865381171
974,0,1,1,0,0,2,1,1,1,1,1,0,1,1,1,1,1,0,1,0,-1.183854245275138,-1.1641477648369474,-0.9252977011380304
975,0,1,0,0,0,0,0,0,1,1,0,0,0,0,0,1,1,1,1,0,1.6927239228927542,1.430599786072187,0.19737073633720448
976,0,2,1,0,0,2,0,0,1,1,1,0,0,0,0,0,1,1,1,0,1.3596395544247264,-0.3940765053118712,-1.4351787600873271
977,0,1,0,0,0,1,0,0,0,1,0,1,2,1,0,2,1,2,1,0,-0.009536945487626649,-0.16464285709922682,-1.024337829254546
978,0,1,0,0,0,0,0,0,0,2,0,1,1,0,0,1,2,1,0,1,0.9498876698176267,1.1635468153514852,0.7577985333893289
979,0,1,0,0,0,1,0,0,2,1,0,0,1,0,0,1,1,2,0,1,-0.07440559042049497,-0.01616892239427613,-0.48941594453459636
980,0,1,2,0,0,1,0,0,1,0,0,1,1,0,0,1,1,0,1,1,1.6069004474521906,-0.5150080687676712,0.3862017772783659
981,0,0,2,0,1,1,0,1,2,0,1,0,2,0,0,0,2,1,0,1,-0.020841898964321336,1.2892176059153535,0.8609369922307348
982,0,1,1,0,0,2,0,0,1,1,1,0,1,0,2,2,0,1,1,0,0.9267302496426166,-1.2895676774944023,-0.29927047770269155
983,0,1,0,0,0,1,0,0,1,2,1,1,2,1,0,1,1,1,0,1,-0.34603838994651237,-0.6833536398579756,-0.9484824137367052
984,0,0,0,0,0,1,0,1,1,1,0,0,0,1,0,2,2,1,0,1,0.8317732956949088,2.271019882866544,1.4777905767377115
985,1,0,1,0,0,2,0,1,0,2,0,2,0,0,0,2,1,2,0,0,1.0930609814426755,1.0725495198996413,0.8040123401788581
986,1,1,0,0,0,2,0,0,0,1,0,0,2,0,0,0,0,2,0,0,0.2336865235288365,-0.6958820372442182,-0.1768807051501608
987,0,1,1,0,0,1,0,0,0,0,1,1,0,0,0,1,0,1,0,1,-0.7908200683208676,0.3282015668279392,0.9197136349892512
988,0,0,1,0,0,1,0,0,0,1,1,0,1,1,0,1,1,2,2,1,0.7309527848758917,-1.9749168294384574,-0.7722665292528491
989,0,0,1,1,0,1,1,0,2,1,0,1,1,0,0,0,1,0,0,1,0.2837317235030197,-0.5649397141086603,-0.6498907847818701
990,1,2,1,0,1,1,0,1,1,0,0,1,1,0,1,0,1,1,1,1,-0.9228497335429513,-2.2439883124914504,-0.25191160553814995
991,0,0,1,0,0,2,0,0,0,0,0,0,0,0,1,1,0,0,2,1,-1.3021719479963538,1.0226521583401937,0.3944187905089682
992,0,2,0,0,0,1,0,0,1,1,0,1,0,0,0,2,1,1,1,1,0.7360523617868583,-0.656260791540433,0.198707304283344
993,0,1,0,1,0,2,0,0,1,1,1,2,0,0,1,1,1,0,0,0,0.6916454675518946,0.33897159212883,-0.41896338666901245
994,0,0,1,0,0,1,1,1,0,0,0,1,0,0,0,2,1,0,1,0,0.2906493633676484,1.7972838334047698,2.4383150167715675
995,0,1,1,0,0,1,0,0,1,0,1,1,1,1,0,1,2,0,2,1,0.4312501023019964,-0.3393950450382309,1.4346931306021322
996,1,1,0,0,1,1,0,1,1,1,2,1,0,0,0,2,1,1,2,0,0.8187181955727362,0.6732699131980561,-0.08997182140639937
997,0,0,0,0,0,1,0,0,1,0,0,0,1,0,0,0,0,1,1,0,0.24536807792316895,0.1896645930301475,2.1246699297237717
998,0,0,1,0,1,0,0,0,0,1,1,0,1,1,1,0,2,0,1,0,-0.5781667424072318,-1.6123403588589782,-0.04667466495912209
999,0,1,1,0,0,2,0,1,1,2,0,1,0,0,1,0,0,0,0,0,-2.152545196620169,-0.6948924460266417,0.5968315122200538
1000,0,1,1,0,0,0,0,0,0,0,0,0,1,0,0,2,1,0,2,1,1.0989062735297725,0.715492776223662,-0.6391813268313544
1001,0,1,1,0,0,1,0,0,0,1,1,1,0,2,1,0,0,0,0,1,-0.2877002746787738,0.008428869305977055,0.3731021372760064
1002,0,0,0,0,0,2,0,1,1,1,0,1,2,2,0,0,2,0,1,0,-1.018627943779448,-0.45533315930279333,0.6593564814731402
1003,0,0,0,0,0,0,0,0,1,0,1,0,2,1,0,1,0,0,1,1,1.6386545194579292,-1.106910999281144,0.7936939418845845
1004,0,1,0,0,0,2,0,1,1,0,0,0,2,1,0,1,1,0,0,1,-0.8144032203136411,-0.6178887951289666,-0.8343362759137322
1005,1,1,0,0,1,2,2,1,2,0,2,1,2,0,1,0,1,0,0,0,0.06606602717340211,-1.4306497798016131,1.8303355956337077
1006,0,0,0,0,0,2,0,0,1,0,0,1,0,0,0,2,1,1,1,1,-0.7523204987662245,0.08768702129572362,-0.1939434601969175
1007,0,0,0,0,1,0,1,0,0,1,0,0,1,0,0,1,0,1,1,0,0.31003257850284693,-0.45083536558698445,-0.37646999409272003
1008,0,0,0,0,0,1,0,0,0,1,1,0,2,0,1,1,1,0,1,0,-0.17012797295458568,-0.044391621865835534,-0.5217416976094162
1009,0,0,0,0,0,1,0,0,2,1,0,1,2,0,1,1,0,0,1,0,-0.5174721186294885,0.25535215220584717,-1.362925966522677
1010,0,1,1,1,0,0,0,0,1,0,0,1,1,1,0,2,0,0,1,1,-1.758960908186436,-0.9624591412972995,-0.17739778711644658
1011,0,0,0,0,0,1,0,0,0,0,0,2,1,2,0,2,0,0,1,1,-0.3459066574327545,0.5282005384597386,0.6492481277367579
1012,0,1,2,0,0,2,0,0,2,1,1,0,2,0,0,0,1,1,1,0,0.3281117833642425,-0.10092317094098574,-1.3700803857498385
1013,0,1,1,0,1,2,1,0,1,2,1,0,1,0,1,2,0,0,0,2,-0.1633274785774586,-0.28341885345493856,-1.0275245664692454
1014,0,1,0,2,0,1,0,0,2,0,0,0,2,0,0,0,1,0,1,1,-0.2626108972037313,0.5951988224599937,0.8453179012530382
1015,1,0,0,0,0,1,0,0,1,0,1,0,1,2,0,1,1,1,0,0,0.5765967345692725,-0.24018088371853533,-0.6234243954591407
1016,0,0,0,0,0,1,0,0,1,2,0,0,0,0,0,0,1,0,0,0,-0.8349180525772372,-2.178834316122714,1.6874286543202541
1017,0,0,1,0,0,2,0,0,1,0,0,1,1,1,0,1,0,0,1,1,0.59354412614368,1.2692503013750023,0.03365243858234107
1018,0,0,1,0,0,1,0,0,0,0,0,0,1,0,0,1,1,1,1,1,-1.9519203752460665,-1.8325543179311263,1.5940804813184566
1019,0,1,0,0,1,0,0,1,0,0,0,1,1,1,0,1,1,0,0,0,-2.592559015681033,-1.284460331744651,-0.4884763063935062
1020,0,1,1,0,0,1,0,0,1,0,1,0,0,0,0,1,1,0,2,0,1.0419797810118883,-0.2231843832422201,-0.16532955256239423
1021,0,0,0,0,0,1,0,0,0,1,0,1,0,0,0,0,2,0,1,1,0.27604415611217326,0.42921982037657547,1.3446488492055053
1022,0,0,1,0,0,1,1,0,0,0,0,0,1,0,0,1,1,0,1,0,-0.28508226768242484,-0.10368888426536896,0.30166585054463146
1023,0,0,0,0,1,1,1,0,2,2,0,0,1,0,0,1,0,0,2,1,1.0194928209658327,0.021478290714854853,-0.4405373695431667
1024,1,0,0,0,0,2,0,0,2,1,0,0,0,0,0,0,2,1,0,1,0.6888353081725122,1.5646401644080283,2.5800995673788263
1025,0,0,2,0,0,1,0,1,1,0,0,0,1,0,0,1,1,0,0,1,-0.0005663501017433349,-1.529583463688529,-0.6599288538796986
1026,0,2,1,0,2,0,0,0,1,1,1,1,0,0,0,1,2,0,0,0,-2.3655764837094826,-2.1323600639461637,0.1452968165419966
1027,0,0,0,0,0,1,0,1,2,1,0,0,1,0,0,0,1,1,2,0,0.7091452131585618,0.06247958787445082,1.9363328748177475
1028,0,0,1,0,1,0,0,0,1,2,0,0,1,1,1,1,0,0,1,0,0.7600205714215826,0.0931271858561139,0.8785465633708249
1029,0,0,1,0,1,1,0,0,1,0,1,1,1,0,0,1,1,1,1,1,0.05645831529506841,0.5293871161468908,-0.4524340695379686
1030,0,1,0,0,0,1,0,0,1,1,1,0,2,0,1,0,1,0,1,0,2.209489168359333,1.2281724358464046,-0.6948200984593131
1031,0,0,1,0,0,0,0,0,2,0,0,0,1,1,1,2,0,0,1,1,-0.6429988403732436,0.00774817002121507,0.39815148791901595
1032,0,0,0,0,0,2,0,0,1,0,0,1,0,0,1,0,1,0,0,2,0.1547759787914549,-0.6780828484345767,-1.7931374841829535
1033,0,0,0,0,1,2,0,1,1,1,1,0,1,0,1,1,1,2,1,0,1.3508552008489247,1.614664566837508,1.0460951805019574
1034,1,1,1,0,0,1,0,1,2,1,0,0,1,0,0,0,1,0,1,1,0.9059489554179434,0.23545391107700622,0.7679581303441683
1035,0,0,2,0,0,1,0,0,0,0,0,2,1,1,1,1,0,1,0,1,-0.02453051198809274,0.6001248410039154,0.17290463008213303
1036,2,1,0,0,0,1,0,1,2,0,1,0,2,0,0,0,0,0,2,0,-1.2783995190908544,1.5622796954880147,-0.4888797189284908
1037,0,0,1,0,1,2,0,0,0,1,1,1,1,2,1,2,0,1,0,0,-1.8689480961548226,1.1166465192659447,0.0719269181074676
1038,0,1,1,1,0,0,0,0,1,0,1,2,1,0,0,1,0,0,1,0,0.07520761533572141,1.1320840603061642,-0.8868738346753824
1039,0,0,2,0,0,1,0,0,2,0,0,2,0,1,0,1,1,0,0,1,-1.2446573846592517,-1.3160040546231908,0.09600256080314505
1040,0,0,0,0,0,1,1,1,1,0,1,1,0,0,0,1,1,1,2,1,0.38379629155597417,0.1901488704105479,1.3524146250991647
1041,0,0,1,0,0,2,1,0,1,0,0,0,0,0,0,1,1,1,2,0,0.07349077113349921,-0.6981273736229372,-0.47198304393852797
1042,0,1,1,0,0,1,0,0,1,0,0,0,0,0,0,2,0,0,1,2,-0.28779694703655423,1.25639355143574,0.05867385085254659
1043,0,1,1,0,0,1,0,0,1,0,1,1,0,0,1,0,0,1,1,0,0.835265189584402,-1.0337795914238237,-0.6303838922202869
1044,0,0,1,0,0,1,0,1,1,1,0,0,2,1,0,1,1,0,2,2,-1.2132705287096404,0.28208398202860885,0.09137132110457438
1045,0,1,0,0,0,1,0,0,1,1,2,1,2,2,1,1,0,0,1,0,2.210230243508606,-0.6362629433544402,-0.23584519995864317
1046,0,1,0,0,0,1,0,0,1,2,0,0,1,0,1,1,1,0,0,0,-0.10322038954784507,-0.36926293024211587,1.7488251276328746
1047,0,0,1,0,0,2,0,0,0,2,1,1,2,2,1,1,0,1,1,1,0.20157048918935416,0.6605506299947911,-0.24694987028284313
1048,0,0,0,0,0,1,1,0,0,1,1,1,1,1,1,1,0,0,0,0,0.3457158505635459,-1.2438530876491005,-1.198384326798826
1049,0,1,1,0,1,0,1,0,1,0,0,0,1,0,0,0,1,1,2,0,1.6759287831146636,0.10157213529331086,0.5186603189018621
1050,1,0,1,0,0,0,0,0,1,0,0,1,2,0,0,0,1,0,0,0,-1.4174429853297565,-0.08477849396704629,-0.7082559471723595
1051,1,2,1,0,0,1,0,0,0,0,2,0,1,0,1,1,0,1,1,1,-2.0907871619982865,-1.5567477931654672,0.8333586301550135
1052,1,0,1,0,0,0,0,0,0,0,0,0,0,0,0,2,0,1,0,0,-0.09355767821503076,0.4403817056434247,-1.3918891863434857
1053,1,1,0,0,0,2,0,0,0,0,0,1,1,0,2,1,0,0,1,1,0.30123776556547804,-1.1477978374111169,-0.1811762522014218
1054,1,1,0,0,0,2,0,0,0,0,1,0,1,0,0,2,0,1,1,0,-0.917348951612557,0.6036399679864891,1.865240418767545
1055,0,0,0,0,0,1,0,0,2,0,0,2,0,1,0,1,0,1,1,1,-0.22801259208672092,0.3656043129740233,0.9026088410741466
1056,0,0,0,0,0,2,1,0,2,1,0,0,1,1,0,0,0,0,2,0,0.538676242969798,-0.33787316011107305,-0.567317233151693
1057,0,1,1,0,1,1,0,0,1,2,0,0,1,0,0,1,0,1,1,0,-0.07836124234566684,-0.7986460464706052,-1.7723598350879484
1058,0,1,1,1,0,2,0,1,1,1,0,1,1,2,0,1,1,0,2,0,-1.3718817934071734,-1.2130877849585993,1.6078684143565567
1059,1,0,1,0,0,0,0,1,0,0,0,1,1,0,0,1,0,1,1,1,-1.1188540037147168,0.6200847967161605,-0.3546045747436614
1060,0,1,0,0,0,1,0,0,0,0,1,1,1,0,0,1,1,1,0,1,0.23314735006742568,-0.6165614831957871,-0.40680653823474533
1061,0,0,2,0,0,0,0,0,1,1,0,1,1,0,1,1,0,1,2,0,0.544621408866396,0.6375489921136626,0.15201937401910112
1062,1,1,1,0,0,2,1,0,1,1,0,0,0,0,0,0,1,0,0,2,-0.1356555542009515,-0.12589761899861177,-1.3467391324207423
1063,0,0,1,0,0,1,0,0,0,0,1,2,2,0,0,1,0,1,0,1,0.22620624276660953,-0.6442176574862583,1.0413015338707985
1064,0,0,0,0,0,0,0,0,2,0,0,0,0,1,0,0,1,0,1,1,0.6376768367735042,-0.879268715007204,1.1802564952808718
1065,0,0,0,0,1,1,0,0,0,2,0,0,0,0,0,1,2,0,0,1,0.6181561948443547,0.181350829569089,0.5160917122731696
1066,0,0,1,0,0,0,0,0,0,0,1,0,1,0,0,1,0,0,1,0,-2.1963285212387906,0.0011612776955419735,0.6689949563971093
1067,0,1,0,0,0,0,0,1,1,1,1,1,0,0,0,1,2,0,1,0,-0.4291338114565286,-0.6560717294417451,-0.42856536687865554
1068,1,0,0,0,0,0,0,0,0,1,0,1,0,1,1,1,1,0,1,1,0.3415077216613348,0.5284316617248459,-0.6816325760659978
1069,0,1,1,0,0,1,0,0,0,1,1,1,2,0,0,1,0,1,1,2,-0.14847685471129107,-1.213838466665086,0.5044605029705482
1070,0,2,0,0,0,0,0,0,1,0,1,0,0,1,1,1,0,0,1,1,-0.9322037808767117,-0.8524065300116461,-1.767305957845176
1071,0,0,1,0,0,2,0,0,1,1,0,0,1,1,0,0,1,0,2,1,1.6681077400447801,2.110886819722456,1.1941934134347
1072,1,0,0,1,0,1,0,0,1,2,0,0,1,0,0,2,0,1,1,0,0.26500538830102344,2.7098822809338956,1.2890550083930576
1073,0,2,2,0,0,1,0,0,2,0,1,0,0,1,0,1,1,0,0,0,0.04024796616660827,-2.062726626733446,0.9344557799264128
1074,0,0,1,1,1,0,0,0,1,1,0,0,1,0,0,1,1,0,0,0,-0.5699270246852439,0.06241070351698706,0.42155358626888256
1075,0,0,0,0,2,0,0,0,2,0,0,2,0,0,0,1,1,0,1,1,-1.618238782959496,-1.832059300995342,1.3656890848704735
1076,0,1,0,0,0,2,0,1,0,0,0,0,0,0,0,1,1,0,2,0,0.757236154994091,0.49040240081097547,-0.07709696793450241
1077,0,1,0,0,0,0,0,0,0,0,0,1,1,2,0,0,0,1,0,0,0.11200235200390696,0.869148972896176,1.7339084919205838
1078,0,1,2,0,1,1,0,0,0,0,0,0,0,0,0,2,0,1,0,0,0.4989511577978402,0.14685121399684825,0.01612830605334914
1079,0,0,1,0,0,2,0,1,0,1,1,1,0,0,1,2,1,0,0,0,-1.116234461203626,0.7740059109376541,-2.1738890989301654
1080,0,0,0,0,0,0,1,0,1,1,0,0,2,2,1,0,0,1,1,0,1.5532070749452538,2.3080954350658485,0.8461138032425584
1081,0,0,1,0,0,1,0,2,2,1,0,0,1,0,0,0,1,0,2,2,0.5041989216138378,0.9257182937308722,-0.6515825489235904
1082,0,1,1,0,0,2,0,0,1,0,0,0,1,0,0,1,1,0,0,0,-0.2108069586740809,0.438987075321262,0.39777456990629767
1083,0,1,0,1,0,2,1,1,2,0,0,0,0,0,0,1,1,0,2,1,1.5059050013057365,0.9020271633328416,0.9730405593192594
1084,1,0,1,0,0,1,0,0,1,1,2,1,1,0,0,1,1,1,1,0,-0.9621610339879149,0.6212483247435927,-0.218428808533298
1085,1,0,1,0,0,2,1,0,0,1,0,1,0,1,0,1,1,1,1,2,0.030191664444876302,-0.2783788084127846,0.5966327349678328
1086,0,1,0,0,0,2,1,0,0,0,0,1,1,0,0,0,2,1,2,1,1.4195785185721317,-1.0425225256953814,1.108013350040546
1087,1,1,1,0,0,1,0,0,1,0,1,1,1,1,0,1,2,2,1,0,0.537715818256643,0.01540642323357741,-0.8004363944314346
1088,1,0,1,0,0,0,0,0,1,0,2,0,1,0,0,1,1,1,1,0,0.602727897632667,-0.7208076138328815,-0.5575835006561944
1089,0,1,1,0,0,2,0,0,2,1,1,1,1,1,0,1,0,1,1,0,1.4814846856819832,-0.5197881889495488,0.24403737314747753
1090,0,0,1,0,1,1,0,0,1,0,1,1,1,0,0,1,0,0,1,1,0.017356270186851753,-1.9768607695470817,-0.7014355022137188
1091,0,0,0,0,0,0,1,0,1,1,0,1,1,0,0,1,2,2,2,0,-0.1629986883772172,-0.7972337527342741,0.2531872025091121
1092,0,1,0,0,0,0,0,0,1,1,0,1,0,1,0,1,0,1,0,0,-0.04317727404631228,-0.21902890328058633,0.18619367922011096
1093,0,0,2,0,0,1,0,0,1,0,0,1,1,0,0,0,0,1,0,0,0.5417940525805347,1.6003510722144598,2.651314717504391
1094,0,1,1,0,0,0,0,0,2,0,0,1,2,0,0,0,1,1,1,2,0.4130859281785026,0.7526753339652351,0.6301528088077651
1095,0,0,0,0,0,1,1,0,1,0,1,0,1,0,2,1,1,0,1,0,-0.43122872065812695,-1.3117274246179937,2.1670213819199127
1096,0,0,1,0,0,1,0,0,2,1,2,1,0,0,1,1,0,1,0,1,0.16076653206220984,0.9229270963985892,0.5701431818074438
1097,0,0,0,0,0,1,1,1,0,1,1,2,0,0,0,1,0,0,1,1,0.848045207046536,0.23943105191857073,-0.8012259859205314
1098,0,0,0,0,0,1,0,0,1,0,0,1,0,0,0,1,1,0,2,1,-1.2759676985000992,-2.0058303680023215,1.8328804674126549
1099,1,1,1,0,0,1,0,0,1,0,0,0,1,0,0,0,1,0,0,0,0.6927599525005502,-0.6539134218189875,1.0790851176355438
1100,0,0,0,0,0,2,0,0,0,0,0,1,1,0,0,2,2,0,0,1,-0.14721323320562382,0.6805967034270453,-1.1851331839384627
1101,0,1,0,0,1,2,0,0,0,1,1,1,0,2,0,0,1,0,1,2,-0.7793463037222566,1.4633632105436645,0.48213166866483237
1102,0,1,0,0,0,1,0,1,0,0,0,1,1,0,0,1,1,2,2,0,0.3752874266270462,-0.44610209024038927,-0.40174584139279723
1103,2,0,0,0,0,1,1,0,1,0,1,0,1,1,0,0,0,2,1,0,-1.3105693375591685,-2.348879274378409,2.2157656028601034
1104,0,0,0,0,0,1,0,0,1,0,1,0,0,0,0,0,1,0,1,1,0.11338673772239895,-0.9932639377002789,2.140892765595618
1105,0,0,0,0,0,1,0,0,1,0,2,2,1,0,1,1,1,1,0,0,0.6813525813781972,-1.1664901656615165,-0.5680969231091897
1106,0,1,2,0,0,1,0,0,0,0,0,0,1,1,1,1,1,1,0,1,-1.0741816717106618,1.110801565015784,1.9711712874930554
1107,0,2,0,0,0,0,0,0,0,2,0,1,1,1,0,1,1,1,1,1,0.22993626383844193,0.2184623098152225,0.05222775814336929
1108,0,1,1,0,0,1,0,0,0,0,0,1,1,0,0,1,2,2,1,2,-0.2447704058039196,0.3561397993356763,1.2229712352662336
1109,0,2,0,0,0,1,0,0,0,0,0,0,1,0,0,1,1,0,1,0,-0.17656480394183946,-1.066488143170177,1.8931025505672283
1110,0,0,0,0,0,2,0,0,1,0,0,0,0,1,1,0,1,1,1,0,0.04927783759004305,1.2368130202264196,-0.8022673507841703
1111,0,1,0,0,0,1,0,0,2,0,0,0,1,0,0,2,1,0,1,0,-0.17998636826119005,-0.07876006199825307,-0.8203243502174509
1112,0,0,1,0,0,1,0,1,1,1,0,1,1,2,1,0,1,1,0,0,-2.1169980880281343,-0.8588705441737543,-1.165012585644384
1113,0,1,1,0,0,0,0,0,2,2,0,1,0,0,0,0,0,1,0,2,0.09680726582764948,-0.1455220213883498,-0.9448985744230146
1114,0,0,0,0,0,1,1,0,0,0,2,2,0,1,0,0,1,1,1,2,0.2219334355749835,-0.6814568029136997,0.792813966659164
1115,0,1,0,0,0,1,0,0,0,1,1,1,0,1,0,2,0,1,2,2,2.7221232678520555,2.9554813530698114,1.0479114890350196
1116,1,0,2,0,0,2,0,0,0,1,0,0,0,0,0,1,0,1,2,1,-0.043570174229793514,1.176565323414732,-0.1371127381276523
1117,0,1,0,0,0,2,0,0,1,0,1,1,1,1,0,0,1,1,1,1,-0.23073578230547637,0.4923199375823073,-1.2941700033656693
1118,0,1,1,0,0,2,0,1,1,0,0,1,0,0,0,0,1,1,0,0,0.38351222509737276,1.291352262575198,-0.7553483570929894
1119,0,0,2,0,1,2,0,0,1,0,1,2,1,0,0,0,1,1,0,0,0.5750775194001688,-0.08797631935625055,-0.2806564315060733
1120,0,2,1,0,1,1,0,0,2,1,0,1,0,0,0,1,1,0,1,2,1.855807768725494,2.8271226927105184,1.022835005314203
1121,0,0,1,0,0,0,0,0,1,2,1,2,0,0,1,1,0,1,0,1,-0.1675892027155831,-0.6452692410545993,0.07437859420005455
1122,0,0,0,0,1,1,0,0,0,0,0,1,0,0,0,0,0,1,2,1,0.7421467118281319,-0.3693840816388698,-0.5002769143794924
1123,0,0,0,0,0,1,0,0,1,0,0,2,1,0,0,1,1,0,1,0,0.4780311369185383,0.13596438444924702,0.24708059570906055
1124,0,0,0,0,0,1,0,0,0,0,1,0,0,0,0,1,0,0,2,2,0.10872287904826411,-0.29021683967925416,-0.4569879130831165
1125,0,0,0,0,1,1,0,1,0,1,1,0,0,0,0,1,1,0,1,0,-0.1810037840386181,-0.25395185033432466,1.69822555876868
1126,0,1,1,0,0,1,0,1,0,0,0,1,1,0,1,0,0,1,0,0,2.151077748261455,2.726047801114597,0.21357224690362364
1127,0,1,0,0,0,1,0,1,1,1,0,2,0,1,0,1,0,0,1,0,-0.8113388593608218,-0.021319985060130775,0.15886037416858143
1128,0,0,0,0,0,1,0,0,1,1,2,0,0,1,1,0,0,1,1,2,0.7879848420927306,0.38333601177118254,0.6668681666572214
1129,1,0,0,0,0,1,0,1,0,1,1,0,0,1,0,1,0,0,2,0,0.43516596493695087,-0.5646512893919289,1.6578908263282652
1130,0,1,0,0,0,2,0,1,0,0,0,2,1,0,1,1,1,0,0,1,-0.034651295110997654,1.0380336675311965,-1.1307345381109475
1131,0,0,2,0,0,1,1,0,2,1,0,1,0,0,1,0,0,1,1,0,-0.10426257645876051,1.130739044965295,0.40678964585330446
1132,0,0,1,0,0,0,0,0,1,0,1,0,0,1,1,0,1,0,2,0,0.03450143010788344,-1.0259886794206854,-1.564398967761963
1133,0,0,2,0,0,1,0,0,1,2,0,1,1,0,1,0,0,2,1,1,0.8694204114294235,-0.0531192657392221,-0.6620101371788413
1134,0,0,1,1,0,1,0,0,1,0,0,1,1,1,0,1,0,0,0,0,0.457839393924,-0.722431319089788,0.27129868185208333
1135,0,1,0,1,0,1,1,0,1,1,0,0,0,0,0,1,2,1,0,1,-0.8884107714808318,0.9748564001104576,-0.39076635604616317
1136,0,0,2,0,0,1,0,0,2,1,0,1,2,1,0,0,0,1,1,0,0.9087486144599559,-1.3019832944114231,-0.5539281147797955
1137,2,0,1,0,2,0,0,0,0,1,1,0,2,0,0,2,1,1,0,2,0.40736481194857194,-1.0396272329983423,0.6318812177312673
1138,0,0,0,0,1,1,0,1,1,1,0,0,0,0,0,2,0,1,0,1,-0.08531370442995136,0.21538800122256407,-0.5333756762689723
1139,0,1,1,0,0,1,0,0,0,1,0,0,1,1,0,1,1,0,1,1,-1.1599669249137512,-0.4301900698213374,-0.43424421666449575
1140,0,0,2,0,1,1,0,1,1,0,0,2,1,0,0,1,0,0,2,1,0.15451830058636615,-0.8085323247566594,-0.17019480503087803
1141,1,1,0,0,0,0,0,1,2,0,1,1,1,0,0,1,0,1,2,0,-1.324085967977806,-2.602376248104602,0.7952721583102537
1142,0,2,2,0,0,2,0,0,1,1,0,0,2,0,0,1,1,1,1,0,-1.4857980912793618,-0.04461484543693728,-0.0590640282814934
1143,0,0,1,0,0,2,0,0,0,0,0,1,1,2,0,0,0,0,1,1,0.44677908568752334,-0.7392901701877075,-1.653576195551581
1144,0,1,2,0,0,0,0,0,1,1,1,0,1,0,0,0,0,1,0,0,0.07933908984514841,0.030975209897424527,-0.592474377253526
1145,0,1,1,0,1,2,1,0,2,1,0,2,1,0,0,0,2,1,0,2,-0.2732691846311701,-0.2759797844711299,1.1504393439056166
1146,0,0,1,0,0,0,1,0,0,1,0,0,0,1,1,0,1,0,0,0,-0.6908978218291382,-0.19325480496497613,-1.352898890802082
1147,1,0,0,0,0,0,0,0,1,1,0,0,1,0,0,0,0,0,1,1,-0.04346442438399271,-0.5445294047276584,-0.2440422085218634
1148,0,1,0,0,0,2,0,0,2,0,0,0,0,0,0,0,2,1,0,0,1.1516534007782568,0.9868591238162085,0.9981725178381862
1149,0,1,1,0,1,0,0,0,1,1,0,0,0,0,1,1,0,1,1,0,-0.6104967590892451,-0.8609264617616127,-0.057594371001030986
1150,0,1,0,0,0,2,0,1,1,0,0,1,1,0,0,0,0,0,0,0,1.7495991611785084,1.4509050037021318,-0.9783475105522638
1151,1,0,0,0,0,0,0,0,1,2,0,0,1,0,0,1,1,2,0,1,0.6599013592352941,0.3863980868923684,-1.808178112004266
1152,0,1,0,0,0,1,0,0,0,1,1,1,0,1,0,1,0,1,1,2,-1.1694082214000783,0.18719614759696812,0.46370734194567725
1153,1,1,0,0,0,0,0,0,1,0,1,1,1,0,0,2,0,0,1,0,-0.6759675895070495,-1.076960363680655,-2.346396252851549
1154,0,0,0,0,0,1,0,0,1,0,0,1,0,0,0,2,2,0,0,1,0.1275130607919963,0.42157594974712376,-1.2072916384772694
1155,1,0,1,0,0,0,0,0,2,2,0,0,0,0,0,1,1,0,0,0,-0.1638868671878273,0.6005819895385421,0.43386570930035323
1156,1,0,0,1,0,0,0,1,1,0,1,1,0,0,0,1,2,2,0,2,0.8758253686970093,-0.37021224091331256,0.920547845983638
1157,1,1,1,0,0,1,0,0,0,0,0,1,1,0,0,1,1,0,1,1,0.7462354287167615,-0.37657956196940007,0.7347217621347011
1158,1,0,1,0,0,1,1,0,2,1,0,0,0,1,0,1,2,1,1,1,-0.31356309818709477,1.6133734479148503,-0.10618015001863496
1159,1,1,0,0,0,2,0,0,1,0,0,0,1,1,0,1,1,0,0,1,2.083905895101483,1.329959783993134,1.0546942301816014
1160,0,1,1,0,0,0,0,0,2,1,1,1,1,0,0,0,1,0,1,1,-0.5348907823395747,-0.12100920934727533,0.1532154152688322
1161,0,0,0,0,0,1,0,1,1,0,0,0,0,0,0,1,1,1,1,0,-0.2581226104770619,0.8263378523764978,0.9470211191819116
1162,0,1,2,0,0,0,0,0,1,0,0,0,2,0,0,2,1,0,0,0,-0.428991550693418,0.0384825297834443,0.5090571192884732
1163,0,0,1,0,0,1,0,0,1,1,0,1,2,0,0,1,2,0,2,1,0.548191487204402,0.8309386960366472,-0.08394693879806814
1164,1,0,1,0,0,2,1,0,0,0,0,1,1,1,0,1,0,0,0,0,1.3353910886185905,1.0671177743750886,0.8224205137218477
1165,0,1,0,0,0,1,0,0,2,0,1,1,0,0,1,0,1,0,0,2,-0.1938415209509579,-0.9002189806021631,0.5692144481253497
1166,1,1,1,0,0,0,1,1,0,1,0,0,0,1,0,0,0,1,1,1,-1.0513035542145168,-1.432524632912218,1.6909213845633042
1167,0,1,1,0,0,0,0,0,2,0,1,0,1,0,1,1,1,0,0,1,0.23739216617326797,0.4596436857682891,0.16600239448730997
1168,0,1,0,0,0,0,0,0,1,0,1,1,1,1,0,2,0,0,2,0,1.2952403970651611,0.5107276817680838,0.26205750409206396
1169,0,2,0,0,0,0,0,0,1,1,1,1,0,0,1,0,1,0,2,0,0.5677647214573864,0.6910362582552668,-1.762312677047202
1170,0,0,0,0,0,2,1,0,0,0,0,0,1,0,0,0,0,0,1,0,0.37870550443875983,1.3273793146233352,0.23153386184079128
1171,1,0,1,0,0,1,0,0,1,2,1,1,0,0,1,1,0,1,0,0,-1.396217979783687,-0.8210723031788865,-0.8437890930431547
1172,0,2,0,0,0,1,0,0,1,1,0,0,1,0,0,2,0,1,2,0,0.3532430808545864,1.9198787107188624,2.0421400488775094
1173,0,1,1,0,0,1,0,1,1,0,0,0,0,0,0,1,1,1,0,0,1.6352812392870482,1.9695995818811773,0.38677288802444837
1174,0,2,0,0,1,0,0,0,1,0,1,2,2,0,1,1,1,0,2,0,0.9700528149637736,0.9831048229832835,0.31002643437702626
1175,0,0,0,0,1,0,0,1,0,0,1,1,0,0,0,1,1,1,1,1,-0.8563692930757774,0.9480881616445191,1.2493340830727448
1176,0,0,1,0,1,0,0,0,0,1,0,2,0,0,0,2,2,0,0,0,0.22468913346709596,0.26751367529340003,0.4651712555923392
1177,1,0,0,1,2,0,0,0,0,1,1,0,1,0,1,1,1,0,2,1,-0.7597313261841239,-1.1282778660652335,-1.8507769161066907
1178,0,0,0,0,1,0,0,0,1,1,1,1,0,1,0,1,0,0,1,0,-0.5343927252927438,-0.601781794991441,-0.27123039900443036
1179,0,0,1,0,0,1,1,1,0,1,0,0,1,0,0,1,1,0,2,0,1.385493400788475,0.952264769499177,0.4565341298423021
1180,0,0,0,1,0,1,0,0,1,1,0,1,1,1,0,2,0,1,2,2,-0.09369877693376472,0.3233268972301421,0.24685333413447266
1181,0,0,1,0,0,0,0,1,2,0,1,1,0,0,2,0,0,0,2,0,-1.676012922930956,-2.0540198284376725,2.905758781232611
1182,1,0,0,0,0,1,0,0,2,1,0,1,1,0,0,0,1,1,1,0,1.2838089497052358,0.4902744268398532,-0.5874040781166638
1183,0,1,0,0,0,1,0,0,2,2,0,0,0,0,0,1,1,1,1,1,0.2985829584945916,-0.023261557484931028,1.5921869848898402
1184,0,0,1,0,0,1,0,0,1,0,0,1,1,0,1,0,0,0,1,1,1.0908699183692854,0.7307004705417324,0.3795347967174542
1185,0,0,0,0,1,1,0,0,1,1,0,0,0,1,0,1,2,0,2,0,0.9203927103661982,0.387077882056045,0.850383742860427
1186,0,0,0,0,0,2,0,0,0,2,1,0,0,0,0,2,1,0,1,0,0.36645547582522137,0.7591110672581617,2.9237952592788727
1187,0,1,0,1,0,2,0,1,0,1,0,1,0,0,0,1,2,0,0,0,0.895511282755883,-1.178044965152596,1.3279272919080205
1188,0,1,1,0,0,1,0,0,2,2,0,0,1,0,1,1,0,1,2,1,-0.40700560855198825,0.7246163489115949,1.4105254601074393
1189,0,0,0,0,0,2,0,0,1,1,0,1,1,1,0,1,1,0,1,0,-0.6450664299582898,-0.20719841379875817,-0.28386024638919155
1190,0,1,0,0,2,1,0,1,0,0,1,1,0,1,0,0,0,0,1,1,0.6959229875853908,0.12713600935011224,0.04663304399330969
1191,0,0,0,0,0,1,0,1,1,0,1,0,0,0,0,1,1,0,1,0,-0.11632862645489965,-0.4962231807563103,-0.005921114826336647
1192,1,1,0,0,0,2,0,1,1,2,0,0,0,0,0,0,1,0,0,2,-0.022884039227156282,0.698140570025368,-0.9178710176533543
1193,0,1,2,0,1,1,0,0,0,0,1,1,1,0,0,1,1,1,1,0,-0.3137782531149508,-0.45854187005294783,-0.8451766758271809
1194,0,0,1,1,1,2,0,0,1,0,0,1,0,2,1,0,1,0,0,0,0.775241217123921,1.205226010778146,-0.8005305507228184
1195,0,0,0,1,0,0,0,0,2,2,1,1,1,0,0,1,1,1,0,0,0.7987337026754291,0.49994763257210595,2.230022764240056
1196,0,0,1,0,0,0,1,0,1,0,0,0,1,1,0,2,1,1,1,0,-1.5687998261918572,-0.7156952930624163,-0.11861565952764122
1197,1,0,0,0,1,1,0,0,1,1,1,0,1,0,0,2,1,0,1,0,0.022393311255559763,0.4761704805965983,-0.2735187971580765
1198,0,1,1,0,0,0,0,0,0,1,1,2,1,0,1,0,2,0,0,0,-1.789480402380823,-0.13145136892398246,0.7265420048353677
1199,0,1,1,0,0,2,1,0,1,1,0,2,1,0,1,0,2,0,1,0,-0.47647803888882234,-1.96976818156076,-0.09619947832231879
1200,0,1,1,0,1,1,0,0,1,1,0,0,0,1,0,0,0,0,1,0,0.8715862388609956,-0.5741250207674389,-0.02422540728046413
1201,0,0,0,0,1,2,0,1,1,1,0,1,1,0,1,1,2,0,1,1,1.957723481989447,1.861170918111558,-0.7149420876424901
1202,0,1,1,0,2,0,0,0,2,1,0,0,2,0,0,1,2,1,0,1,-1.4806017430267537,1.3068862248474087,0.181430665883355
1203,0,0,1,1,0,1,0,1,1,0,0,2,0,1,0,0,1,0,1,1,0.5415984473225509,0.8237957841666523,0.20619538734190615
1204,1,1,0,0,0,1,0,1,0,2,0,0,0,1,0,1,0,1,1,1,-0.03453762612773085,-0.16837052094923965,-0.8583465373743051
1205,0,0,0,0,0,1,0,0,1,0,0,0,0,0,0,1,1,0,0,0,-0.8472031283505218,0.3391034626883929,-1.0136985790740285
1206,0,0,0,0,0,2,0,0,2,0,0,0,1,0,0,0,2,1,0,0,-0.1500427176948161,-0.7425989876777828,0.17606025694290314
1207,0,1,0,1,0,0,0,0,1,1,0,1,1,1,0,1,2,0,2,0,0.12835061751432483,0.22004126243833214,-0.22216416705811248
1208,1,1,0,1,1,2,1,0,1,1,0,0,0,0,0,1,1,0,0,1,0.9590438746858848,1.143021960711887,1.687001086155263
1209,0,1,1,0,0,2,1,0,0,1,1,0,1,1,1,1,2,1,1,1,-0.8127151546190692,-1.2924517097733381,1.4736128577365897
1210,0,0,0,0,0,1,0,0,1,0,0,1,1,2,1,0,0,2,1,1,-0.564325950975417,-0.9061693713947556,-0.3196766476005258
1211,0,1,2,0,0,2,1,1,0,1,0,1,0,1,0,1,0,1,1,2,0.10194581406162768,-0.1684310041186926,-0.5262330739538796
1212,0,0,1,0,0,0,0,0,2,0,0,0,1,0,0,0,0,1,2,1,-0.32873612960749743,0.05370033055849244,0.5663956107103983
1213,0,0,0,0,0,2,0,0,2,0,0,1,0,0,0,2,2,0,0,0,0.4322272996622222,0.34098607513745427,1.551720502104076
1214,0,0,1,0,0,1,0,0,1,0,0,2,0,1,0,1,1,0,1,0,-0.6403165240460248,0.6561762412827417,0.19651864071372338
1215,0,1,1,0,0,0,0,0,0,1,1,1,1,0,0,0,1,0,1,1,-0.6907830557254389,-1.4939391018693173,0.6104882124876382
1216,0,2,0,0,0,1,0,0,1,0,0,1,1,0,0,2,1,1,0,2,-1.0316724384585299,-1.4402829211513986,-0.08635624181451351
1217,0,1,0,0,0,1,1,0,1,0,2,2,0,0,1,2,0,0,2,0,-0.00832858741267798,1.2646939232593557,0.3269246405864995
1218,0,1,0,1,0,0,0,0,1,1,0,1,1,0,0,0,1,0,1,0,0.08472227340860722,1.0232898431034367,0.43999021973079455
1219,0,0,0,1,0,1,0,0,1,1,0,1,1,0,0,2,2,1,0,0,-0.7295458906352101,0.4177400918400809,0.3708294329914941
1220,0,0,1,1,1,0,0,0,1,2,0,0,1,1,0,0,0,0,1,2,1.0942957414548016,0.3102795815593069,-0.08585414262110386
1221,0,2,0,1,0,1,0,0,1,1,0,0,1,1,0,1,1,0,1,2,0.4010993577766282,0.953343494280584,-0.5484469436368168
1222,0,0,0,0,0,0,0,0,1,0,0,0,0,0,0,1,0,0,2,1,-0.370825486072476,-0.0117864086189427,-1.40196160365573
1223,0,0,1,0,0,2,0,0,1,1,0,1,1,0,0,1,1,1,0,0,0.573807448940448,-0.22720643286060094,0.2293919053280542
1224,0,1,0,0,0,2,0,1,1,0,1,0,1,0,0,0,0,1,1,0,-1.3344141176264157,-0.3134034580618724,-0.4490355330403657
1225,0,1,0,0,0,0,0,1,1,0,1,0,0,0,0,0,1,0,1,0,-1.1788196003055227,-0.5964030112834456,-2.4778836325075164
1226,0,0,2,0,0,1,0,0,1,2,0,1,0,0,0,1,1,0,1,0,-0.8393748789822566,-0.46535705988976045,-0.1406053760140442
1227,0,1,0,0,0,2,0,0,0,0,0,0,1,0,0,1,2,0,0,0,1.872324398424079,1.7105489124871942,1.7959918513835111
1228,0,1,1,1,0,0,0,0,1,0,0,1,1,1,0,2,0,0,1,0,-0.9139026669611408,-0.7427609483784252,0.023522631778357714
1229,0,0,1,0,0,0,0,0,0,1,1,0,1,0,0,0,2,0,0,1,-1.8955738913064237,-0.17332496467972258,1.6228857563557861
1230,1,1,1,0,1,1,0,0,1,1,1,0,1,0,0,1,2,1,2,2,-0.7097512358188045,0.46085366234863656,1.6073666037128886
1231,0,1,1,0,0,0,0,0,2,1,0,1,1,0,0,0,2,1,2,0,1.2692551668915446,1.4839438874282576,1.172599324444034
1232,2,0,1,0,0,1,0,1,1,0,0,0,1,0,0,0,1,0,0,0,0.6324742578506356,0.44571797758317766,-0.6686831496634553
1233,0,1,1,0,0,2,0,1,2,0,0,0,2,0,0,1,1,1,1,1,-0.35957337699224706,-0.33748992737902345,-0.8793587325658512
1234,0,0,0,0,0,1,0,0,1,0,0,0,1,0,0,1,0,1,0,0,-0.00554263030075446,-0.478464237375478,-0.2208897722445148
1235,0,1,1,0,0,1,0,1,2,0,1,0,0,1,0,1,0,0,2,1,-0.009549322571834976,0.4271327708966613,0.659721991659499
1236,0,0,1,0,0,1,0,1,1,2,0,0,2,0,0,0,0,0,2,1,-0.47327642657626756,-1.306625252718809,0.3960020600634139
1237,0,0,0,0,0,1,0,1,2,1,2,0,0,1,0,1,0,1,0,1,1.088399400414405,0.10644598178625322,1.665935202918721
1238,0,2,1,1,0,1,0,0,1,0,0,1,2,0,0,0,1,1,0,1,0.7004549158388375,1.6651089578949927,-0.49479545104044986
1239,0,1,0,0,0,1,0,1,2,1,0,0,2,0,0,0,0,0,0,1,0.2907618791821334,-2.4009800509418375,1.4795286695982433
1240,1,0,0,0,1,1,0,0,1,0,1,1,2,0,0,1,1,1,1,0,0.8418985794216958,-1.187603520361191,2.0698964733404415
1241,0,0,2,0,0,1,0,0,1,0,1,1,0,0,0,0,0,0,0,2,0.4699415850096837,0.8448461179739861,-1.8298620316319694
1242,0,1,0,0,0,1,1,0,0,0,0,1,0,0,0,2,2,0,0,0,0.33311628379173647,0.9400205532891235,1.3096564654781886
1243,0,1,2,0,0,1,0,0,1,0,0,1,1,0,0,1,0,0,2,0,1.0360982719825322,0.6844317798749759,2.440511186176808
1244,0,0,0,1,0,0,0,0,0,0,0,2,0,0,0,2,1,0,1,1,-0.7939613082367293,0.5033082074770312,-0.3489488909499033
1245,0,0,1,0,0,1,0,0,1,1,0,2,0,0,0,0,0,0,1,0,-1.2325840769488503,0.6305542313268503,1.230036112665692
1246,1,0,1,0,0,1,0,0,1,1,0,0,0,1,0,1,1,1,1,0,-0.3530590521556555,-0.8392801451544385,0.7416426572504057
1247,1,0,0,0,0,2,0,0,0,1,0,2,2,2,0,0,1,2,2,2,0.5053873417762748,-0.3044927636440712,1.0736073261255497
1248,0,0,2,0,0,0,0,0,1,1,0,0,0,1,1,1,1,1,1,1,-0.640342302803045,-0.936736592435737,2.2531841399880923
1249,0,1,0,1,0,0,0,0,0,1,0,0,0,0,1,1,1,0,0,1,0.5976209060500174,-0.540974610736559,2.295278297386619
1250,0,1,0,0,0,1,0,0,1,1,2,0,1,0,0,0,1,0,1,0,-0.26416311429921047,-2.3087678237751956,-1.7229046166909041
1251,0,0,1,0,0,2,1,0,1,0,0,0,0,0,0,0,0,2,1,0,-1.2926088674417697,-0.04128651576952469,-1.225258594135264
1252,0,1,0,0,0,0,0,0,1,0,0,1,1,0,0,2,1,1,2,0,-1.2001406314807486,-0.30110112328784716,0.2773107765940508
1253,0,0,1,0,2,1,0,0,0,1,0,2,0,0,0,0,2,1,1,1,0.2977259348747833,-0.21439713189964982,0.0826286448493813
1254,0,1,0,0,0,2,0,0,1,0,1,0,0,1,0,0,0,0,1,0,-0.42878557453813604,0.24994548254675492,-0.7909207909166912
1255,0,0,0,0,0,2,0,0,0,0,2,1,2,1,0,1,1,1,0,1,0.7799789746431022,0.028134899347342063,-0.9130184719219399
1256,1,0,1,0,1,1,0,1,1,0,1,2,1,0,0,1,1,0,0,0,-0.4773871956895273,-0.7097498078894269,0.22922471789980342
1257,0,1,0,0,0,1,0,1,1,1,0,0,0,0,0,1,1,1,1,0,-1.0554083699594536,-0.3756860363539231,-0.1475633119965029
1258,0,0,1,0,0,1,0,0,2,0,0,1,1,1,1,0,1,1,1,0,1.047319127067104,1.715825811814425,0.6662843732893496
1259,0,0,0,0,0,1,0,0,1,1,0,1,1,1,0,1,1,2,1,1,0.3186642024898574,-0.4982636804105205,-0.59266333739183
1260,0,1,1,0,0,0,0,0,0,0,1,0,0,2,0,0,1,0,1,1,0.2395479486123804,-1.1061091628489343,0.07754222420069534
1261,0,1,1,0,0,1,0,0,2,2,1,1,1,0,0,1,0,0,1,0,-0.6410876655233959,0.6344532642253832,-1.4709762433410054
1262,0,0,0,0,0,1,0,0,1,0,1,1,1,0,0,1,0,0,2,0,-0.32990701311282356,0.001353257169685318,-0.10638627460799287
1263,0,0,0,0,0,0,1,0,1,1,1,1,1,1,1,2,0,0,1,1,2.1820204521707685,1.085245088166078,-0.48863767931913465
1264,2,0,1,0,1,1,0,0,0,1,0,0,1,0,0,0,0,1,1,0,-0.6615829758112475,-0.48014341363638546,0.27082920719409553
1265,0,0,1,0,1,0,0,0,2,1,0,1,1,0,0,0,1,1,0,1,-0.9853058150334624,-1.1961067962947363,0.09836606353473105
1266,0,0,0,0,0,0,0,0,1,1,0,0,1,0,0,1,1,1,0,0,-0.1609826594793776,0.04844776245280931,-0.15926481570941842
1267,0,0,1,0,0,0,0,0,2,0,0,1,0,1,0,0,1,1,1,1,-0.007362806436260378,-0.8439092184976666,-1.5607834648512515
1268,1,1,0,1,1,1,0,0,1,1,1,2,0,0,0,1,0,1,1,1,-1.7685658343953798,-1.1675661038953618,-2.566602770249602
1269,0,0,0,0,0,0,0,1,2,0,0,0,0,0,0,2,0,1,2,0,0.8030099575240007,-0.14160517762601088,1.1111070207876945
1270,0,0,0,0,0,1,0,0,1,1,0,0,0,0,0,2,1,1,0,0,0.43453663363817063,1.0436932193954886,1.4298681257882133
1271,1,0,0,0,0,0,0,0,0,1,0,0,1,2,0,1,1,0,0,0,0.7632155565845793,-0.03487639906366291,0.22960524506100824
1272,0,0,1,1,0,1,0,1,0,1,1,1,1,0,1,1,0,0,2,0,0.7157934851003553,1.904379262751342,0.5343475146733629
1273,0,1,1,0,0,2,0,1,1,0,0,1,1,0,0,0,0,1,0,0,-0.15285174621453038,-0.4983585453238427,-0.7659892008366781
1274,0,1,1,1,0,1,0,1,2,1,1,0,0,0,0,2,0,1,2,1,0.5741892902203833,-0.18872333443836586,-1.1352998082742904
1275,0,0,1,0,1,0,0,1,0,1,0,0,1,1,0,0,0,0,0,2,0.3087948262058894,0.13513099587760047,0.9109315138659553
1276,0,0,0,0,1,0,0,0,1,0,0,1,0,0,1,0,1,0,2,1,2.2477531981827297,0.9408148083310233,0.4041348133542415
1277,0,2,0,0,0,2,0,0,1,1,1,1,1,0,0,2,0,0,1,0,-1.0247849489832122,-0.09066745829253536,1.1191892495458804
1278,0,0,0,0,0,1,0,0,1,0,1,1,1,0,0,0,0,0,0,0,-1.5621668814471272,-0.4738068356412557,0.09858374798924097
1279,1,1,0,0,0,1,0,1,1,2,1,1,0,0,0,1,1,0,0,0,-1.4029827482419248,-1.19047955006264,-0.10872386798896909
1280,0,0,1,0,0,1,0,0,1,0,1,1,0,0,0,0,1,0,2,1,-0.6594135181847883,-1.3524208667667657,0.8031997475024457
1281,0,0,0,1,0,1,0,0,1,1,1,0,2,0,0,1,0,0,1,1,0.024522663469925005,0.93833626430766,-1.0044633909131737
1282,1,1,0,0,0,1,0,0,0,2,2,1,1,0,0,0,2,0,0,2,-0.17796326133563847,0.27268930152475757,1.0417144932797386
1283,1,1,0,0,0,0,0,1,1,0,0,1,0,0,0,1,0,1,2,2,-1.1125935235606257,1.0916474880322722,0.31605209300994386
1284,1,1,0,0,1,0,0,0,2,0,0,1,0,2,0,0,1,0,0,0,-0.8175970556744382,-0.18027593576279877,-0.9998853021972463
1285,0,0,0,0,0,1,0,0,1,1,0,1,0,2,0,1,1,0,0,1,-0.3533035736732008,-1.4232466660207992,2.082408833975815
1286,0,2,1,0,0,2,0,0,1,0,0,0,1,1,1,1,1,0,1,0,-1.3816397133041187,-1.166863253136209,0.5680085355055793
1287,0,1,1,0,0,2,1,0,2,0,0,1,1,1,0,1,1,1,1,0,-0.5954280047950415,-0.7196420848967131,-0.1509048628506881
1288,0,1,1,0,0,1,0,0,0,1,0,0,1,0,0,2,1,0,1,0,0.7761711961114391,1.3046659983080968,1.9573162014274255
1289,0,0,0,0,1,0,0,0,1,0,1,0,0,0,0,0,0,1,1,0,0.6552553372736845,2.0102470661172567,1.509459008372589
1290,0,1,0,0,0,1,0,0,0,1,1,0,1,1,0,2,1,0,1,0,-1.185968923727341,-1.2383367367544742,0.9225354298273343
1291,1,1,0,0,0,1,1,1,0,0,0,1,0,2,0,0,1,0,1,1,1.2127031915006414,0.9192297369167572,-0.12956490329426534
1292,0,0,0,1,0,0,2,1,1,0,0,1,1,0,0,1,1,1,0,0,-1.2689643673269972,-1.981392782033931,-1.4064591141791682
1293,0,2,1,0,0,0,0,1,1,0,0,0,2,0,0,1,1,0,0,0,0.17788568446107417,-0.6064477229002094,1.2363184002617724
1294,0,0,0,1,0,0,0,0,2,1,0,1,0,0,1,1,1,1,2,0,1.6387657854481263,1.4187104976263714,-0.489976047851423
1295,0,0,0,0,1,0,0,0,1,0,0,2,1,0,0,0,1,1,1,0,-0.43857493957522575,-1.2882060329657492,-1.488516996944034
1296,0,2,1,0,1,2,0,0,1,1,0,0,1,0,1,1,2,0,1,0,-1.212648786930349,-0.24452268266241362,-0.7641116659909594
1297,0,1,0,0,0,1,0,0,1,1,0,0,0,0,1,1,0,0,2,0,0.1735352018761053,1.1021884602356873,-0.3874025464448443
1298,0,1,1,0,0,2,0,0,1,0,1,0,1,0,0,0,2,1,1,0,1.4033560747165525,0.530990919330606,1.4641441968491695
1299,1,1,1,0,0,1,0,1,0,2,2,0,0,1,0,1,0,1,0,0,-0.27685830048311033,-0.6012340680532202,0.49880250547017024
1300,0,1,0,0,1,1,0,1,0,0,1,1,0,0,0,1,0,0,1,0,-0.09517486907822167,0.6369634578146137,-0.0563138365538266
1301,0,1,0,0,2,1,0,0,1,1,0,0,1,0,0,0,1,2,1,1,0.09509598914206328,0.3090313728532045,-0.9006406716566431
1302,0,1,0,0,0,1,0,0,0,0,0,1,0,0,1,1,0,1,0,0,-0.06430485152815385,0.10686298090562686,-0.7461542154047508
1303,0,1,0,0,0,0,0,0,1,1,1,2,0,0,0,2,1,1,0,1,1.8330851199025953,1.3132044020563303,2.5980413784302008
1304,1,0,1,0,0,1,0,0,2,0,0,2,0,0,0,0,0,1,1,1,-0.036285148449358505,1.135363868138833,0.32901822604058095
1305,0,0,0,0,0,1,0,0,0,0,2,1,1,1,0,0,0,1,0,2,0.2031246158715785,-0.7657726430376088,1.1788376185240592
1306,0,0,2,1,1,1,0,0,2,1,1,0,2,1,0,1,1,0,2,1,0.5527989471215331,0.15469548167073044,1.8533827243411942
1307,0,1,1,0,0,1,0,0,1,1,0,0,1,1,0,1,1,2,2,0,-0.6334610900444467,1.4639468812970478,2.239950858055273
1308,0,1,1,0,0,1,0,0,0,0,1,0,0,1,0,1,1,1,2,0,-0.8707079700872223,-0.7340589898600185,0.1049090996507873
1309,1,2,0,0,0,1,1,0,1,1,1,0,0,0,0,2,1,1,2,1,-0.7892327269731251,-0.7317246479553537,-1.8736301740130492
1310,0,0,1,0,0,1,2,0,2,1,0,0,2,1,0,1,1,2,2,1,0.5941213378538308,1.1102881210389413,0.9762759242499097
1311,0,1,0,0,1,1,0,0,1,1,0,1,1,0,1,1,0,1,0,0,1.1562090055601855,0.16689055274410172,-0.6226926529253377
1312,0,0,0,0,1,2,0,0,1,1,0,0,0,1,0,1,0,0,0,1,-1.2028913869807945,-0.34461184509401815,1.8092267116579719
1313,0,0,2,0,1,2,0,0,1,0,1,1,1,0,0,1,1,1,0,0,-0.1806039600124018,0.6290439787495798,0.4552057425533036
1314,0,0,0,0,0,0,0,0,2,0,0,0,1,0,0,0,1,1,0,0,-1.6179252188487159,0.12612587824093358,-0.9321849890507701
1315,0,1,1,0,0,1,0,0,0,0,1,0,0,0,0,1,1,1,0,1,1.3221395925504298,-1.8705253848052577,1.1918423028984404
1316,0,0,0,0,1,1,0,0,0,1,1,0,1,0,0,0,1,1,1,0,-1.586099818782955,-1.8929985282058186,-1.5726190394302129
1317,0,1,0,0,0,1,0,0,2,0,0,0,1,0,0,0,2,0,1,2,-0.762052144570172,0.6998640793308653,0.6028490339568215
1318,0,0,0,0,0,1,0,0,1,2,1,0,1,0,0,0,1,1,1,0,0.2244625489629731,-0.38700199068501673,-0.8469724607298823
1319,0,2,1,1,1,1,0,0,1,2,0,0,0,0,0,0,0,1,1,1,-0.5610086627024359,-1.7869725934563438,-0.368222307488583
1320,0,0,2,0,0,2,0,0,1,1,1,1,0,0,0,0,1,0,1,2,0.9822930831762832,1.0287903579008213,-1.2552452501445268
1321,0,1,0,0,0,1,0,0,2,1,0,0,1,1,0,1,1,1,2,1,-0.27001839778458064,-0.12038485170757662,0.5465287040991191
1322,1,0,1,1,0,0,0,0,0,0,0,0,2,0,2,0,0,1,2,1,-0.11611198438246585,1.1328711243462513,0.30520241597500003
1323,1,0,2,0,0,1,0,0,2,0,1,1,0,0,0,0,1,1,0,1,-0.38560793437181184,-2.5691857278023935,0.9861418718697618
1324,0,1,2,0,0,0,0,1,2,0,1,0,1,1,1,2,0,1,1,2,-0.869409125944581,-0.7178040658716293,-0.2482725091655515
1325,0,1,1,1,0,0,0,1,1,2,0,0,1,0,1,1,1,1,1,0,0.11152866555943622,-0.8161977784130452,-0.6258332772204174
1326,0,1,1,0,0,2,0,0,0,1,0,0,0,1,0,1,1,0,0,0,-1.0243271068494735,-0.2447277688437087,-0.2697912575698529
1327,1,0,1,0,0,1,1,0,0,1,0,0,1,0,0,1,0,1,1,0,0.1214041187616898,0.050342667816688835,1.6723697392403458
1328,1,0,1,0,1,2,0,1,1,0,2,0,0,1,0,0,1,0,0,0,0.8366111571123067,0.9558323701374156,-0.6490953382736683
1329,0,2,1,0,0,1,0,0,2,1,0,1,1,0,1,1,0,0,1,0,-0.0747421309992194,0.6482433299636257,-1.0808946549332996
1330,0,0,0,0,1,1,0,0,2,1,1,0,0,0,0,1,0,0,1,1,-0.05328828830281696,0.11691696440060187,-1.533487158678625
1331,0,0,0,0,1,1,1,0,0,0,1,0,1,0,0,1,0,0,1,1,-1.4719018547062932,-1.4882280854396304,-0.545617452145329
1332,1,0,0,0,0,1,0,0,0,0,1,1,0,0,1,2,1,0,2,0,-0.7094135586737454,-0.9280864323414291,-1.6468596545350807
1333,0,0,2,0,0,1,0,0,2,1,1,0,2,0,0,0,0,1,0,1,-1.4150092555415226,-1.4305224326164252,0.14401461365830698
1334,1,1,1,0,0,0,1,0,1,0,0,1,0,0,2,1,1,0,1,0,-0.32800542114704684,-0.20605560219818628,0.49076433067179986
1335,0,1,1,0,1,1,2,1,1,0,1,1,1,0,0,1,0,1,2,1,1.5417140460133187,0.5037929129545324,0.3220903552960605
1336,0,2,0,0,2,2,0,0,1,0,1,1,2,1,0,1,0,0,1,0,0.7806204438491594,0.47912556889587177,-0.02656427592018884
1337,0,1,1,0,0,2,0,0,0,1,1,0,0,0,0,0,1,1,0,0,0.4378505026871522,-0.26384361524506816,-0.28580353008015325
1338,0,1,0,0,0,2,1,0,1,0,1,0,0,2,0,2,1,0,1,1,0.5460857065965691,1.9201782449566003,1.8199860327309794
1339,1,0,0,0,0,1,0,1,1,0,1,1,1,0,0,0,0,1,2,2,1.9677931192612914,1.0466784931896662,-0.0672870006545927
1340,0,1,1,0,0,0,0,0,1,0,0,1,1,0,0,1,0,1,1,1,-0.2468883125168608,0.3714180446103984,-1.6367125096336104
1341,0,0,1,0,0,1,1,0,0,0,0,1,0,0,1,1,1,1,2,0,0.9068424384982547,1.0025754229430484,-0.07771590568507536
1342,0,0,2,0,0,0,0,0,1,0,1,1,0,0,0,0,0,2,1,2,-1.2469823499963937,-1.3237705951642358,0.27141353982066885
1343,0,1,2,0,0,0,0,0,1,0,1,1,1,0,0,0,1,1,0,1,-1.0368325340933942,-1.5872953344347214,0.864451476103943
1344,0,0,0,1,1,1,0,0,1,2,0,1,0,0,0,0,1,1,1,0,0.7242717765073324,1.2259999918954936,-0.6173576092227967
1345,0,0,0,0,0,0,0,0,0,1,0,1,0,0,0,0,0,0,2,0,0.866419390159907,-1.1215734793741368,0.2811108576920726
1346,0,0,0,0,0,1,0,0,2,0,1,0,0,1,0,2,0,0,1,1,-1.0252975283241794,-0.3538905815150972,-0.6500014364456297
1347,1,1,0,0,0,0,0,0,1,0,0,0,0,1,1,0,1,0,0,0,1.619096274897314,-0.3296954292568943,-0.29142698983961696
1348,0,1,0,0,0,1,0,0,1,1,1,0,1,1,0,2,0,1,0,1,-0.05133411292051833,-1.5354390636317725,-0.43291781174795574
1349,1,1,0,0,0,1,0,0,1,1,0,1,1,1,0,1,0,0,1,0,0.18780500088763502,-0.49264887660056783,1.0260272443473333
1350,0,1,0,0,0,2,1,2,1,1,0,0,2,0,1,1,0,1,0,0,-1.0678032287436712,0.8575000851419207,-1.7941378725756518
1351,0,1,0,0,0,1,0,0,0,1,0,0,0,0,0,1,1,0,0,0,-0.7523908656607002,0.013129038745138044,-0.012730726940344286
1352,0,2,0,0,0,1,1,0,2,0,0,0,1,0,0,2,1,0,0,2,-0.12580736481309018,-1.0756756231158073,0.4879055062594764
1353,2,0,0,0,0,1,1,0,0,0,0,0,0,0,0,0,0,1,1,0,0.20170227299665952,0.2695264122044645,0.21896089422859624
1354,0,1,0,0,0,2,0,0,1,1,1,1,0,0,0,1,0,1,1,1,0.7692062182514355,1.0418324824114413,-0.44873390189504847
1355,0,0,0,0,0,0,0,1,1,0,0,1,0,0,0,0,1,0,1,0,0.5213389087156332,0.5556227718167023,-2.516888609505614
1356,0,0,2,0,0,2,0,0,2,1,0,0,1,1,0,0,0,0,1,1,0.6621933247325642,-0.7125909790231904,-0.18195350341104086
1357,0,1,1,0,1,0,0,0,1,1,1,0,1,0,0,0,1,1,0,0,1.1100572473444796,-0.8030607944233397,-0.74469221416383
1358,0,0,0,0,1,1,0,0,1,1,0,0,1,1,0,1,0,0,0,0,0.39728750553637915,1.0236628730897444,-0.23515264559814297
1359,0,1,1,0,0,1,0,0,0,1,0,0,0,0,0,0,1,1,1,0,-0.29158839011416393,0.762475482221933,1.0705744641428345
1360,1,0,0,0,0,0,0,1,1,0,0,1,1,1,0,1,1,1,2,0,2.1231714838924747,1.8499676556709423,0.6694276228153325
1361,1,0,1,0,0,0,1,0,1,0,0,0,0,0,1,1,2,2,1,2,0.8492854780967096,2.681275131710347,2.4081954245327646
1362,0,2,0,0,0,0,0,1,2,0,0,0,1,0,1,0,1,1,1,0,-0.7242189904784828,-0.7328515118985593,0.8615371617438489
1363,0,0,0,0,0,2,0,1,1,0,0,0,1,2,0,0,2,0,2,0,1.431904113699816,0.5886955790214482,1.8778733992407592
1364,0,1,1,1,0,1,1,1,0,1,1,1,1,1,0,2,1,0,2,0,-2.1656927501316456,-0.5990649499142129,-1.8498185909356941
1365,0,1,0,0,0,0,0,0,1,1,0,0,1,1,0,0,0,1,0,0,-0.500156465203456,-0.44745675999924184,-1.2739621722606644
1366,0,2,1,0,0,1,0,0,2,0,0,0,0,0,1,2,2,0,2,1,-0.005142643967923336,-1.0234712492688494,0.3419874866882423
1367,1,0,1,0,0,2,0,0,0,0,0,1,1,0,1,1,2,0,2,2,0.22179644216684402,1.0581174932798678,0.4645249068560479
1368,0,0,0,0,0,2,0,1,0,1,0,0,0,0,0,0,1,0,1,0,0.24512385609581042,0.2033451270099652,0.4323158787009518
1369,0,1,0,0,0,2,0,0,0,1,1,0,2,0,0,0,1,0,0,0,0.25346244992161676,-1.3681309572445277,0.24305041599578944
1370,1,0,1,0,0,1,1,0,2,0,1,1,0,1,0,1,1,1,0,1,-0.926296031415166,-0.3723977337886015,-1.1026645685563015
1371,1,1,0,0,0,1,0,0,0,0,0,1,2,0,0,0,0,0,1,2,0.8327499340611314,0.2725934865866897,0.6525323765418198
1372,0,0,1,0,1,2,0,0,1,0,0,0,2,1,1,1,1,1,1,2,1.986732138225837,1.53019440402896,1.6118243038272666
1373,0,1,1,0,1,2,0,0,1,1,0,2,1,0,0,2,0,0,1,1,0.7497853706577098,0.4005360947573431,-0.04453028996550348
1374,1,0,0,0,0,0,1,0,1,2,0,0,1,0,0,0,0,0,1,1,-0.14156149179577637,-0.0018082772881422154,1.6592079336001047
1375,0,0,0,0,0,1,1,0,1,0,1,2,0,1,0,1,0,1,1,2,0.32867715504498835,-0.8126960500516585,0.01193665132985211
1376,0,0,0,0,2,1,0,0,1,1,1,1,1,0,0,1,1,1,1,0,1.4484614390807276,0.37230430864357844,0.021497910028016404
1377,0,0,1,1,0,2,0,0,1,1,0,0,0,0,0,0,1,0,1,1,0.9125131661099637,2.018340426291265,2.5264233627687296
1378,2,1,0,1,0,0,1,0,0,1,0,0,2,0,0,2,0,0,1,0,0.6954053854076068,0.8487347886256327,-1.173462016046009
1379,0,1,0,0,0,1,0,0,1,1,0,0,1,0,0,2,1,1,0,0,0.20858000806533186,-0.29494830207767264,0.3014460193380427
1380,0,0,1,0,1,2,0,0,1,1,1,0,2,0,0,1,0,0,1,1,1.0135328621392525,-0.26792110699195776,1.7846676709422151
1381,0,0,1,0,0,1,0,0,0,1,0,0,1,0,0,1,0,2,1,1,2.0717211671268556,0.3830351802424582,-0.2623229621684734
1382,0,0,0,0,0,1,0,0,2,0,1,0,0,0,0,1,1,1,0,2,-1.8477222123364399,0.353253685761151,0.7545851872861452
1383,0,0,2,0,0,2,0,0,0,0,1,1,1,2,0,0,1,2,1,1,0.8883325507008162,0.49858932509904763,-0.40324397416431734
1384,1,1,0,0,0,1,0,0,1,0,0,0,1,0,0,2,0,2,2,0,1.140762748729948,0.9970757327715778,1.5587896840954911
1385,0,0,0,0,0,2,0,0,1,0,0,0,1,1,0,0,0,0,1,0,-0.5213738177555932,-0.6385397691760417,-1.0037076502006381
1386,1,2,1,0,0,1,0,0,2,0,0,1,0,0,0,0,0,0,1,1,0.5864653976572478,0.1701108513160555,-0.8919658268161299
1387,1,0,1,0,0,1,0,1,0,0,0,1,1,0,0,1,0,0,0,0,-1.1207652464701892,0.4392479940967892,-1.3401147832570288
1388,0,0,0,0,0,2,0,0,2,0,1,0,1,1,1,1,0,0,1,0,0.12580730360361242,-1.9534019398649185,0.9652773992617806
1389,0,1,1,0,0,1,0,0,1,1,0,1,0,0,1,1,1,0,1,1,2.7088628099455625,-0.1333300413616787,0.6357819541648277
1390,0,0,1,0,0,1,0,0,0,0,1,1,0,0,1,0,1,1,1,0,-1.1393045020230936,-2.0104363047349807,-0.15395070281673773
1391,0,1,0,0,0,0,0,0,1,1,1,1,1,0,0,1,1,1,1,1,0.7449754030786997,0.7887262748247064,-0.5872031001509821
1392,1,0,1,1,1,1,0,0,0,1,0,0,1,0,0,1,1,2,1,1,-1.6521169091974648,0.929334428855785,-0.22564147045760719
1393,0,1,0,0,0,1,0,0,1,1,0,1,0,1,0,1,1,0,0,1,0.05851832595989877,0.04190072167405619,0.17782873863553264
1394,0,1,2,1,0,0,0,0,1,0,1,1,1,1,0,1,1,1,0,0,0.5373137271508764,0.812447754216098,-0.8663064819559017
1395,0,0,1,0,0,1,0,0,2,1,0,0,1,1,0,0,1,0,1,1,-0.3440361455584609,-2.1560487429006465,2.7657179019637357
1396,0,0,2,0,0,1,0,0,1,0,1,0,0,0,0,1,1,1,1,0,0.7674985865079943,-0.7749050616915332,-0.6323924802860885
1397,1,1,1,0,0,0,0,1,1,0,1,0,1,1,0,1,2,0,1,1,-0.2749484253830358,-0.22820979369998512,0.9635650352897931
1398,0,0,0,0,0,1,1,0,0,2,0,1,0,1,0,2,1,2,1,1,0.16030305628896718,0.7709203038520595,0.8127961483731382
1399,0,0,0,0,0,2,1,0,0,1,0,1,1,0,0,2,1,1,1,1,0.9494589664315006,0.6941492933860203,1.475036132946701
1400,1,0,0,0,0,2,1,0,0,0,2,1,2,0,0,1,1,1,0,2,-0.43077408802198314,-1.3112534827540847,0.5226359680998509
1401,0,0,0,0,0,0,0,0,0,0,0,1,0,0,0,1,1,0,1,1,0.6035385343315233,0.03530900514981089,1.511817895952528
1402,0,1,0,0,0,1,1,0,0,1,0,0,1,0,1,1,0,1,2,0,-0.6061991009292736,-0.4852299819023146,0.27757366435712355
1403,0,0,0,0,0,0,0,0,1,1,1,1,1,0,0,2,1,0,0,0,0.10766697155472246,-0.38454598700041553,0.8088713812851521
1404,0,0,1,0,0,0,0,0,0,1,1,0,1,1,0,1,1,1,1,0,-0.2967895504600899,-0.3373920700122566,-0.04877509589229711
1405,0,0,0,0,0,1,1,0,0,0,0,0,1,1,1,0,1,1,2,0,-0.22853827590434853,0.4689518658601387,0.4273857120947732
1406,0,0,0,0,0,1,0,0,1,0,2,0,0,0,0,1,0,1,2,1,-0.48171012263190566,-0.27641157674900807,-0.2416653706577748
1407,0,1,1,0,0,1,0,1,1,2,0,1,1,0,0,1,1,0,1,1,1.8782461856356114,1.091502597227737,1.5773660507625908
1408,1,0,1,0,0,1,0,0,2,0,0,1,1,0,0,2,0,1,1,1,-0.2631457603498086,0.33762316495547734,-0.6660025105624177
1409,0,0,0,0,0,2,0,0,2,1,1,0,1,1,0,0,1,1,1,0,0.351860920276146,0.09133246346030932,-1.1688998643645399
1410,0,0,0,0,0,1,0,0,2,0,0,0,1,0,0,0,0,0,1,0,-1.704353523005384,-1.0446016906060385,-1.1727201704629828
1411,0,1,1,0,1,2,0,1,0,0,0,0,1,0,0,1,2,1,0,0,-1.6179929214990254,-1.6031138896450394,-0.030050676595804737
1412,1,1,0,0,0,2,0,1,2,1,1,1,0,1,1,0,1,1,1,1,-0.16739289974667948,1.6256086245277257,-1.0091017931461563
1413,0,1,1,0,0,1,0,0,2,0,1,0,1,0,0,0,1,1,1,1,-0.619069460381424,-1.434496006608635,0.598294575888359
1414,0,1,0,1,1,1,1,0,2,1,0,0,1,0,0,0,2,0,1,0,0.25729675273263103,0.024700925417994,0.2724804867896537
1415,0,1,1,0,0,1,0,0,1,1,0,0,1,0,0,1,2,1,2,1,-0.9620286741192934,0.6373504322160497,-0.5515285929155754
1416,0,0,1,0,0,0,0,0,0,1,0,1,1,1,0,1,1,0,1,0,-0.9345952932863714,0.7213601121266122,-1.9552168429011139
1417,0,1,0,1,1,0,0,1,0,1,0,0,2,0,0,0,1,0,1,1,0.11925247313181472,-0.9084867433670066,-1.226197872095579
1418,0,0,0,0,0,2,0,1,0,0,1,0,2,0,0,0,1,0,2,0,-1.940416330137063,-1.554906107401272,-2.0152549732428406
1419,0,1,1,0,1,2,1,0,1,1,1,1,2,1,1,0,1,0,2,0,-0.022227812777801573,-0.6422207341812876,1.2047339512347395
1420,1,1,0,0,0,1,0,0,1,1,1,1,2,0,0,1,0,0,1,0,-0.03049998572769963,-1.4544207278161052,-0.8268175634323072
1421,0,2,1,0,0,0,0,0,1,0,1,0,1,1,1,0,1,1,1,1,0.46282956834214617,-1.1857970690373258,0.8114802478912972
1422,1,0,1,0,0,2,0,0,0,0,2,1,0,1,0,1,1,1,1,1,-0.8306254938011199,-0.33030400350402195,0.7243204156530968
1423,0,0,1,0,0,0,0,1,2,0,0,1,2,1,0,1,0,1,1,2,1.8436615291470042,0.6991095172772143,2.543440862908349
1424,1,0,0,0,1,1,1,0,1,1,2,1,0,0,1,2,0,0,0,1,-0.33018863821533634,-0.9930999725024144,-0.7124682866968518
1425,0,0,0,0,0,0,0,1,2,0,0,1,1,2,1,1,1,0,0,2,0.026583793523546395,1.2191366598425464,0.7683773084277689
1426,1,0,0,0,0,1,1,0,1,0,1,0,1,0,0,1,0,2,2,1,0.34991309808722754,-1.2982299681875324,-0.2737511917670957
1427,0,0,0,0,0,1,0,0,1,1,0,0,1,2,1,1,1,0,0,1,0.26873317721884094,1.4029089696396568,-0.18661324201866536
1428,0,0,0,0,0,2,0,0,2,1,2,0,0,0,0,1,0,0,0,0,0.29375798770817413,-0.49088762854339296,-0.9941707956438719
1429,0,1,1,0,0,0,0,1,2,1,0,1,1,1,1,0,1,1,0,1,-1.7734187326956241,-0.7414026143488757,-1.7315720032494348
1430,0,1,0,0,0,0,0,0,0,0,1,0,0,0,0,2,0,0,1,1,-2.1424107472215814,-1.4035950157421122,-1.7121210244497989
1431,0,1,1,0,0,2,0,0,1,1,0,0,1,1,1,0,0,0,1,1,-1.172699421910612,0.6548626841265751,-0.024365349285378396
1432,0,2,1,0,0,1,0,0,1,0,1,0,0,1,0,0,0,1,1,0,0.5203599555726326,-0.39508541628807653,-0.6846552761522106
1433,1,1,0,0,0,1,0,0,1,0,1,0,0,0,0,1,0,0,0,1,-0.530066901797481,-0.8633901145743098,-0.3143247201942457
1434,1,1,1,0,1,0,0,0,1,0,0,0,1,0,0,1,1,0,0,0,1.3513660432044183,-2.2663295600481232,-0.3236910010353602
1435,0,0,0,0,0,0,1,0,1,2,0,0,0,0,1,0,1,0,1,1,0.3299363270580818,1.2067898753890898,0.39253679662261465
1436,0,0,2,0,0,1,0,0,0,1,0,1,0,0,0,0,1,0,1,0,-0.9519887577900774,1.0159362518382866,1.1033016004536464
1437,0,0,1,0,0,1,0,0,1,2,0,0,1,1,0,1,1,1,1,0,-0.2547079218193104,1.0217213569024908,0.5190116947600191
1438,0,1,2,0,0,0,0,1,1,1,0,0,1,1,0,0,1,0,0,0,-0.9024287294551919,-0.8175401643375191,-0.39539522415179884
1439,0,0,0,0,0,2,0,1,1,0,0,1,1,0,0,1,1,1,2,0,-2.3163615173936996,-0.7315698484945414,-1.1386916839689993
1440,0,1,1,0,0,1,1,0,1,1,0,0,1,1,0,2,1,0,1,1,-0.4102729735167457,0.20454317496468818,-1.8739900876295892
1441,0,1,1,0,1,2,0,0,1,0,0,0,1,0,0,2,0,0,2,0,0.4656524398971657,0.4625239985281387,-1.1926357658799256
1442,0,0,1,0,0,0,0,0,2,0,2,0,1,0,0,0,1,2,0,1,0.5279388445827005,-0.7227408182582241,0.5308548561564754
1443,0,2,1,0,1,0,0,0,2,0,1,0,0,1,1,0,1,2,1,2,-0.40058288737945286,-1.5920727561241583,-0.9343241317886105
1444,0,1,1,0,0,2,0,0,1,0,0,1,1,0,0,0,1,1,0,2,-0.7219126467241076,0.9450238223768789,0.1611445791127773
1445,1,0,0,0,1,1,1,0,2,2,0,0,0,0,0,1,1,1,2,1,0.6506112338621369,-0.5888122500209667,0.15541649974144203
1446,0,1,0,0,0,0,0,1,2,0,0,0,1,0,0,1,0,1,2,1,1.9885399434523865,-0.5510771480763668,0.3587548699425782
1447,0,0,1,0,0,1,1,0,1,0,0,0,0,0,0,1,0,1,1,0,-0.9704557697392838,0.3737263726742197,0.3588267748037488
1448,0,0,0,0,0,1,1,0,1,1,0,0,2,0,0,1,1,0,0,1,-0.26000349279238727,-1.7239040788317341,-0.9392237183394159
1449,0,1,1,1,0,2,0,0,2,0,1,1,2,2,0,1,0,1,2,0,0.4965273607108773,1.0917608027066783,-0.44138237816104153
1450,0,0,0,0,0,1,0,0,0,1,1,2,1,0,0,1,0,0,2,1,-1.2142859945837934,-1.5421936255932653,-1.5513661277767548
1451,1,0,1,0,0,0,0,0,1,0,1,0,0,1,1,0,2,1,1,0,0.7138642633717517,-0.5846107910403056,-0.7628237090350676
1452,0,1,1,0,1,1,0,0,1,0,0,0,1,0,0,1,1,0,0,0,-1.1092641833456007,-0.8189959188765137,0.191022155359795
1453,0,1,1,0,2,0,0,1,1,2,1,2,1,0,0,0,0,0,0,1,2.1692954499682333,0.7876933502846091,1.166199653743604
1454,1,0,2,0,0,1,1,0,2,0,0,0,0,2,0,1,1,0,0,1,0.4497841825956891,1.800691631713149,0.7109352261377134
1455,1,0,0,0,0,1,0,0,1,1,0,0,2,0,0,1,1,1,1,1,-0.8684158409251307,-1.071475022583106,-0.7646794191752766
1456,0,1,2,0,0,1,1,0,2,0,0,0,1,0,1,1,1,0,1,0,0.31516417523217855,-0.13465096238435537,-0.9705986168537671
1457,0,0,0,0,0,0,1,0,2,1,0,0,0,1,0,0,0,0,1,0,-0.24042097312230623,-0.22358862168263216,1.193074835859369
1458,0,0,1,0,0,1,0,0,2,1,0,0,1,1,0,1,0,1,1,0,0.4249106820978255,0.637815970735547,-0.7940554807887996
1459,0,0,1,1,0,1,0,0,1,0,2,0,0,0,0,0,0,0,0,0,-0.21313739782367028,-0.33475790471376976,-0.12036205580808543
1460,0,0,1,0,0,2,0,0,0,2,0,1,2,0,0,1,1,0,1,1,1.045539174726247,2.236593791124233,2.343605052879105
1461,0,0,1,0,0,1,0,1,2,0,0,0,0,1,0,0,0,0,2,0,-1.0076424738998302,-0.12064059040423183,-0.12839199931420442
1462,1,0,1,0,0,2,0,0,1,1,0,1,0,0,0,1,0,1,2,1,1.2752987371922773,-1.1455658824904222,0.48485830083443926
1463,0,1,1,0,0,1,1,1,1,1,0,1,1,0,0,0,0,1,2,0,-0.5119654098527411,0.19138042304359082,-2.5582579373224745
1464,1,1,1,0,1,1,0,0,1,1,1,0,0,1,0,0,0,0,1,2,-1.3991920083330258,-0.9705199113100259,-0.5151708240066799
1465,0,2,0,0,0,1,0,1,0,1,0,1,1,1,0,1,1,0,1,1,1.7706000309270766,-0.006099706566706109,1.3323053275406354
1466,0,1,2,0,0,1,0,0,0,1,0,1,0,0,1,1,1,2,1,1,0.709434167251151,1.5888109045652141,0.8482798520873467
1467,0,0,1,0,1,0,0,0,2,1,0,1,2,0,0,2,0,2,1,1,0.7904367623856405,0.42332510517846894,0.4186859209776251
1468,0,1,0,0,0,0,0,0,1,1,0,0,1,0,0,1,1,0,0,1,-0.6562829350319149,0.942954522250413,0.6719382088419145
1469,0,1,0,1,0,0,0,0,1,0,1,0,1,0,0,1,0,1,0,0,0.6946880561658781,-0.4431892412984907,0.8894143024881147
1470,0,0,2,1,0,0,0,0,2,0,0,0,1,0,0,2,1,0,1,1,1.309480175447337,0.9688026550082508,0.6911900093982148
1471,0,1,1,0,0,2,0,0,1,1,1,0,1,0,0,0,2,1,2,2,-0.5614894948896375,0.5346839033152478,1.3828680150835893
1472,1,1,1,1,0,0,0,0,1,2,1,1,0,0,0,2,2,1,1,2,-1.1766041092315875,0.09297213809337165,-0.6372640403729571
1473,0,0,1,0,0,1,0,0,0,0,0,0,0,0,0,0,1,0,1,0,-0.9927015058878247,0.2484070872882146,-0.5041045293371764
1474,0,0,1,0,0,0,0,0,2,2,0,0,1,0,1,1,1,1,2,2,1.0381013383748394,0.3607924492239134,-0.046594859461144444
1475,0,0,0,0,0,2,0,0,1,1,0,1,1,0,1,2,0,0,1,0,2.629432970973053,3.125505888399567,2.5181427451763985
1476,0,0,1,0,0,1,0,0,0,0,1,0,2,0,0,2,1,1,0,0,0.8639349256669894,-0.5004098832164292,0.9202590339921217
1477,0,0,2,0,1,0,0,0,1,1,1,0,2,0,0,1,1,2,0,0,1.0678120105117164,-0.15782102366069528,-0.3342115991694598
1478,0,1,0,1,1,0,0,1,1,1,1,0,0,0,0,1,1,0,0,0,-1.7836612582275264,0.8045966028847702,0.09142360703695962
1479,0,0,1,0,0,1,0,1,2,2,0,0,0,0,0,1,0,2,1,1,0.4850662733259694,0.47675049703045397,0.11140220068683565
1480,1,1,1,0,1,0,0,1,0,2,1,1,1,0,0,1,1,0,0,0,-0.41000419688543926,-1.1499723422908423,0.03445039317427713
1481,1,0,0,0,0,0,0,1,0,0,0,0,2,1,0,2,0,1,1,2,0.5649988424089593,-0.8076917511117746,-1.1827753872056563
1482,1,1,1,0,1,1,1,0,0,0,1,1,0,1,0,0,1,0,0,1,-1.825027973629221,-2.021609264412266,1.2835166171855734
1483,0,0,0,0,0,0,0,0,1,0,1,2,1,0,0,0,0,0,1,0,-0.3843877450837384,0.9788028591381615,1.0274379508911409
1484,1,0,1,0,0,0,0,0,1,2,0,0,1,1,0,1,0,0,1,0,0.6901544742015018,1.615039331490443,1.4468321824836106
1485,0,0,1,0,0,2,0,0,0,1,1,0,1,0,0,1,1,0,0,1,0.6132200227910618,-0.29144473357941547,-0.3028514306606786
1486,0,1,1,0,0,0,0,1,2,1,0,0,2,0,1,0,0,0,2,0,1.1527447640649076,-0.553528561043741,0.9606808443031096
1487,0,1,0,0,0,1,0,0,2,1,2,0,0,1,0,0,0,1,0,0,0.3735091840285601,-0.26019495232543327,-1.4526455332124222
1488,0,0,1,0,0,0,0,0,2,1,0,0,0,0,0,2,0,2,0,1,0.8542023087330368,2.1783573173961654,0.3904247807978327
1489,0,0,0,0,0,1,0,1,2,1,0,1,0,1,0,1,1,0,2,1,-0.33185178924600084,-0.19646495767325506,1.1370432790519334
1490,0,0,2,0,0,2,0,1,1,1,0,0,1,0,1,1,2,0,1,1,-0.6067026025317303,-0.05108063558188894,0.4236033646396945
1491,0,1,2,0,0,1,0,0,1,1,1,0,2,1,0,0,0,1,1,0,-1.5903483162882408,-0.7844612017237653,-0.5556240990310275
1492,0,0,1,0,0,1,0,1,2,0,0,1,0,1,0,1,2,0,1,0,-0.050053371919700856,-1.1009004955108987,0.8871966506450257
1493,0,1,2,0,0,1,1,0,2,0,0,0,0,2,0,1,1,1,0,1,-0.9860038998394166,-2.0938542943557197,1.7250576000030233
1494,0,0,2,0,0,0,0,0,0,0,0,1,0,1,0,0,0,0,1,0,0.7171761822507091,-0.14267998368727614,0.6782484792929809
1495,1,0,2,0,0,1,0,0,1,0,0,1,1,0,0,1,1,0,2,1,1.5289600020147323,0.4204611610809564,1.6115820752549637
1496,0,0,2,0,0,2,0,0,0,1,0,2,0,0,0,1,1,1,1,1,0.8681004201931048,1.630133044875501,1.3436670449395425
1497,0,0,1,0,0,1,0,0,1,0,1,0,0,0,1,2,0,0,1,0,1.1380765499978909,0.6935200621986082,-0.01823901905278924
1498,0,0,2,1,1,1,0,0,1,1,1,0,0,0,0,2,0,2,1,0,-0.6155364490210212,-0.02197862066584444,-2.5286374982980755
1499,0,1,0,0,0,1,0,0,1,1,0,0,0,0,0,1,0,0,0,1,-0.10415487431254149,0.06423276835335896,-0.8310702282404037
1500,0,1,1,0,0,1,0,0,1,1,0,0,0,0,0,2,1,0,2,1,0.5000740626269481,0.7888935699438898,1.0970874283362118
1501,0,0,1,0,0,2,0,0,1,1,1,0,1,0,0,1,0,1,1,0,0.3252233922420378,-0.05522253641097105,0.46548688102616953
1502,0,0,0,0,0,1,0,0,0,1,0,1,1,0,0,0,0,0,1,0,0.36708663042322764,-1.7827495661614712,0.15486402090579277
1503,0,1,0,0,0,0,0,1,0,1,1,0,0,0,1,2,0,0,2,1,-2.2266317024525475,-0.012460745657758121,-0.970018914118374
1504,1,0,0,0,0,1,0,0,1,0,1,1,1,1,0,1,2,0,1,1,-1.2414875932940288,-2.721276506363277,0.01691546287501533
1505,0,1,0,1,0,0,0,0,1,0,0,0,0,0,1,1,1,0,1,0,-0.32740518326921275,-0.23543076008720176,0.5842919688376924
1506,0,1,0,0,1,1,0,0,1,2,0,0,0,1,0,1,0,0,0,0,-1.15640083298696,-0.9974347339069256,0.7396151419886083
1507,0,0,1,0,0,0,1,0,0,0,1,2,0,1,0,2,0,0,0,0,-0.6545899501060652,0.030290098820160316,0.22487778033688344
1508,0,0,1,0,1,1,0,1,1,0,0,0,1,0,0,1,1,1,1,1,-0.5969193318611051,-0.16604366207910753,-0.5898453365696665
1509,0,1,2,0,0,1,0,0,2,0,0,0,0,1,1,2,2,0,0,1,-0.003859050079460188,-0.25389597547483694,1.1430068456904308
1510,0,1,0,0,0,0,1,0,0,0,1,0,1,1,0,1,0,1,1,0,1.3889132382021907,-0.6330070177317613,1.015635048159728
1511,1,2,0,0,0,0,0,0,1,0,0,0,2,0,1,1,1,1,2,2,-0.9396361612760175,-1.3086606283037878,0.012437935281929324
1512,1,0,1,0,0,0,0,1,0,0,1,0,1,0,0,1,0,0,1,2,-2.0087182380964497,-1.8767550843348069,0.3188695623475199
1513,0,0,1,0,0,1,0,0,2,1,0,0,1,1,0,1,1,2,1,0,-0.22822932735100576,-0.37399741173922907,-1.319307289081149
1514,0,1,2,0,0,0,1,0,1,2,0,1,2,0,0,2,1,0,1,1,0.22595989489874346,0.8236276470733523,0.6668033337277791
1515,0,0,1,0,0,1,0,0,0,0,1,1,1,1,0,0,2,1,1,1,0.6542767195113278,0.7126437163397172,0.4648453931802737
1516,0,0,1,0,0,1,0,1,0,2,0,1,0,1,0,2,0,0,1,0,1.109818654723291,0.9821231527111006,0.8187861580391208
1517,0,1,0,0,2,0,0,0,2,0,0,0,0,0,1,1,1,1,0,0,-0.1828367272696843,-0.2871480730766858,-0.15656301938758904
1518,0,1,1,0,0,0,0,0,2,2,0,1,1,1,0,0,1,1,2,0,0.5739968756935577,1.0370641518028374,-0.8366935197723075
1519,0,1,1,0,0,1,0,0,1,0,0,0,0,0,0,1,2,2,1,0,0.0827409848210984,-0.2636644569685505,-0.5819430293767401
1520,0,0,0,0,1,0,0,0,0,2,1,1,0,1,1,0,0,2,0,2,-0.4762484536361022,0.2195937242204054,0.393663400324171
1521,0,1,0,0,0,1,0,0,1,0,0,0,1,1,0,0,1,2,2,0,0.10034352161475692,-0.01350309050572708,-1.4716112725040529
1522,0,1,0,0,1,2,0,0,1,2,0,0,0,0,0,1,0,0,0,0,-1.2763523248996556,-0.520770899147438,-1.706733718218707
1523,0,1,1,0,0,1,0,0,1,0,0,0,0,0,0,1,1,1,1,0,1.3263228070275106,0.48007992945433037,-0.356008387746512
1524,0,0,2,0,0,1,0,0,0,0,0,1,1,0,0,1,2,1,0,1,-0.14569880307141428,-1.110613806180418,2.8695679245718497
1525,0,0,1,0,0,1,0,0,2,0,0,1,0,1,0,1,0,2,1,0,1.2900916621365723,0.49260663169036,-0.7293756329240896
1526,1,0,0,0,0,0,0,1,1,1,1,0,2,0,1,0,1,1,1,1,0.13557847094537195,-1.142459430160363,1.438864901211668
1527,1,0,1,0,0,1,0,0,0,0,0,1,0,0,0,1,1,1,1,1,0.38373113436521333,-0.5823511066633545,-0.8194048806555707
1528,1,1,0,1,0,1,1,0,1,1,1,0,0,1,0,1,1,0,1,1,1.4125139912671256,-0.34261233826768334,-1.9206381616795127
1529,0,0,0,0,0,2,0,0,1,0,1,1,2,0,1,1,1,1,1,0,-0.6442349384597428,0.47845353374327915,1.4255409674065571
1530,1,0,0,0,0,2,0,0,1,0,0,1,1,0,0,1,0,1,0,1,1.1584452936611116,0.732099110872189,-1.7770529325454323
1531,0,1,1,0,0,1,0,0,2,0,0,0,1,0,0,2,0,1,1,0,1.1105769656944098,0.37373667034007874,-2.146595504895231
1532,1,0,2,0,0,1,0,1,1,1,0,1,1,0,0,0,1,0,1,1,0.7979105236191796,-1.344569724962737,2.4266689019345242
1533,0,1,0,0,0,0,0,0,0,1,1,1,2,0,1,2,0,0,1,0,1.3221256694041263,1.8616257487863055,-0.3733059796325908
1534,0,1,0,0,0,0,0,0,1,0,0,0,2,0,0,1,1,0,2,0,-0.9954529982309293,-1.881135301376196,0.5702152797346063
1535,0,1,1,0,1,0,1,0,1,1,1,1,1,0,0,1,2,1,0,1,-0.32123946689341265,0.08989569337210379,2.305742073803203
1536,0,1,1,0,0,2,0,0,0,0,0,0,1,1,1,0,0,2,1,0,0.7906680246912167,0.43868590228724014,0.636901482440313
1537,0,2,1,1,0,0,0,0,0,0,0,2,0,1,0,1,2,0,1,1,-1.6336815896607086,0.773485559118063,-0.5722069569346043
1538,0,1,0,0,1,2,0,0,1,0,0,0,0,1,0,0,0,2,0,1,-0.7541052041206517,-0.5677731337573375,-0.8518428574124269
1539,1,0,0,0,0,2,0,0,1,2,1,1,1,0,0,2,0,0,1,1,-0.835615984961188,-1.0818638798587061,1.162693183781031
1540,0,1,0,0,0,1,0,0,0,1,1,0,2,0,0,0,0,1,0,1,1.0061004351429024,-1.3839824428109382,0.15293096954924518
1541,0,1,1,0,0,1,0,0,1,1,1,0,1,1,0,0,1,0,1,1,-0.7405404555523275,0.17665975384401333,2.2126747529146162
1542,0,0,1,0,1,0,0,0,1,1,1,0,2,1,0,0,1,1,0,0,1.8851117268392241,0.15051851258742602,0.5269140189006404
1543,1,0,0,0,0,1,0,0,2,0,0,0,0,1,0,1,0,0,1,0,0.4273914909455542,1.20093598067557,0.7020390485245706
1544,0,1,1,0,0,1,0,0,1,1,0,1,1,0,1,2,1,0,1,0,0.6890860790445446,1.2475819973558646,1.0991643371543751
1545,0,0,2,0,0,1,0,0,0,1,0,0,1,0,1,1,1,1,1,1,-0.8899304056881873,0.2207312056429554,-0.123328447796407
1546,1,0,0,0,1,1,0,1,2,1,1,0,0,0,0,2,1,0,1,0,0.31247461457577136,1.7830755171970027,-0.7154911224616268
1547,0,0,1,0,0,0,0,0,1,0,0,0,0,2,1,0,1,0,1,0,-0.1850510563141509,-0.07338073772675606,0.8936039523826215
1548,0,2,1,0,0,0,1,1,0,1,0,1,1,0,0,2,1,0,1,0,1.0633372596944548,0.38221753554068444,-0.5575462048879779
1549,2,0,1,0,0,1,2,0,1,1,0,0,2,0,1,0,1,1,1,1,0.26556568876952963,0.4131325081498593,0.0398372487828736
1550,0,2,2,1,0,2,0,0,1,1,0,2,1,0,0,1,1,1,1,0,0.8149960775181022,0.15135335789032117,-0.3724212572861555
1551,2,1,1,0,0,0,0,0,1,0,1,2,0,0,0,1,1,0,0,0,1.2406472914654116,-0.8261663007022801,0.3999914392171798
1552,0,1,0,0,0,0,1,0,1,1,0,1,0,0,0,1,1,0,0,1,1.5393491709653442,0.22989559210892313,1.815104086180699
1553,0,1,0,0,0,2,1,0,1,1,0,0,1,0,1,2,0,0,0,0,0.4004617329639485,-0.5634171185216545,0.9483662604478693
1554,0,1,0,0,0,0,0,0,0,0,0,0,0,0,1,1,0,0,0,0,0.2704236460605696,-0.368035487825294,-1.3632655702111518
1555,1,2,1,1,0,2,0,0,1,1,1,0,0,1,0,1,0,1,2,0,0.9084526933401235,-0.4587557566427267,-0.6760081690880212
1556,0,0,0,0,0,1,0,0,1,1,0,1,1,1,0,0,2,1,0,0,-0.5246916221398433,-1.8194435494782155,0.3225170850134183
1557,0,0,0,0,0,1,1,0,0,1,0,2,0,1,0,1,1,1,1,0,1.5690508411674253,1.1499834609343338,0.8713276486541568
1558,0,1,0,2,1,1,0,0,0,1,0,1,2,0,0,0,0,0,0,1,-0.49824180506689314,0.9191396864889593,0.3643886590024693
1559,0,0,0,0,0,2,1,0,1,2,1,0,1,0,1,1,1,0,0,1,-1.0013137714609148,-0.8831895475295444,-0.11170409170319771
1560,0,1,1,0,0,1,0,0,1,0,1,0,1,0,0,0,2,1,1,1,-1.993108937385659,-0.9497733371641396,-1.662112996190078
1561,0,0,0,0,1,2,0,0,1,0,0,0,2,1,0,0,1,0,1,0,-0.35305869034135695,-0.5074192259240624,0.7593901416844797
1562,0,0,0,0,0,2,0,1,2,1,0,1,1,1,0,0,0,0,0,1,0.9324339477259314,-0.3242685594632444,0.565476545654392
1563,0,1,1,1,0,1,0,0,0,0,1,0,1,0,0,0,1,1,1,2,-0.7755187660048728,-0.10605707969505263,-1.4067041271947947
1564,1,0,2,0,0,1,0,0,2,1,0,0,0,0,0,1,2,1,1,1,-0.6306722365596944,0.3734223853479708,0.3050921405368867
1565,0,1,1,0,1,2,0,0,0,1,1,0,1,0,0,2,0,0,1,0,0.9248304229999733,0.6699410928139479,0.7708683796228865
1566,0,0,0,0,0,2,0,0,1,1,1,0,0,2,2,0,0,1,2,1,1.8570027034534626,1.8526561665829488,0.5601186658345502
1567,0,0,0,0,0,1,0,1,0,1,0,0,2,0,0,1,0,0,1,0,-2.3870152303007686,-0.4833175469706346,-0.9614463676565332
1568,1,2,0,0,0,1,1,0,1,0,0,1,0,1,0,1,2,1,1,1,-0.30435688633623076,0.9726811285827587,-0.46836643192993244
1569,0,1,2,0,1,0,0,1,0,0,1,1,2,1,0,2,2,1,1,1,1.6092493477931171,0.6814376081542663,-0.07102625978738092
1570,0,0,0,0,0,1,0,0,1,0,0,1,1,0,0,1,2,1,0,0,-0.5019924651091835,1.0023580395201832,-0.5893238446551649
1571,0,0,0,0,1,2,0,0,2,0,2,0,1,0,0,0,1,1,0,1,-1.24176610290217,-2.2654743197222036,1.2921523685109455
1572,0,1,0,0,0,1,0,1,2,1,0,1,1,0,0,1,0,1,2,1,-1.102514647186825,0.11493063413132498,-0.009260716508882327
1573,0,0,0,0,0,1,0,1,1,0,1,0,1,0,0,1,1,0,1,2,-0.6025535508174967,-0.8322755076509281,-1.5293309330488118
1574,1,1,1,0,0,0,0,0,1,1,2,1,0,0,0,2,0,2,1,0,-1.4190269509264406,-0.5148912869036792,0.11195200667842126
1575,0,0,0,0,1,1,0,0,1,0,0,0,1,0,0,2,1,0,1,0,0.31006573672295107,-0.7552322203474312,1.0041379606995982
1576,0,1,2,0,0,0,0,0,0,1,0,0,1,1,0,1,0,0,1,0,0.1856472101660031,-1.4022910870383027,0.5174088506417583
1577,0,0,1,0,0,1,0,0,2,0,1,1,0,1,0,1,0,1,2,1,-0.7576484493387797,-0.9055107062935037,1.3061455118958851
1578,0,0,2,0,0,2,0,0,0,2,1,1,2,0,1,1,1,0,0,0,1.222913246410399,-0.5858434057451426,0.5566275412569228
1579,0,1,1,0,0,2,0,1,2,0,0,0,0,0,0,0,1,1,1,0,-0.21905037274006794,-0.0660761508782984,0.2745586532862965
1580,0,0,0,0,0,2,0,0,2,1,1,1,0,0,0,1,0,1,0,0,0.5960057332108064,0.707839397570979,1.5709127499877882
1581,1,0,0,1,0,2,0,0,1,0,0,0,0,0,0,0,1,0,1,0,-0.9592845730140058,-2.9610922441399947,0.6625924793465333
1582,0,0,0,0,1,1,0,0,1,0,1,2,0,0,0,0,0,0,1,1,-2.2068353987005573,-1.6827948901273841,0.5220563909557263
1583,0,0,1,1,0,1,1,0,0,1,0,0,1,0,0,1,1,0,1,0,0.031610762567028,0.8903302311711279,0.09276596581814281
1584,1,0,2,0,0,1,1,1,1,2,0,1,1,0,1,1,2,1,1,0,1.8721111057777233,2.488513606305899,1.8401432227680306
1585,0,1,1,0,1,0,0,0,2,1,0,0,0,0,0,0,1,0,1,0,-0.7525508987466263,-0.5856087504257358,0.006749282768112208
1586,0,0,2,0,1,2,0,0,1,0,0,1,0,0,0,0,1,1,1,2,1.3006855799761992,2.1139411666622405,1.3135100442395669
1587,0,0,1,0,0,0,0,0,0,1,0,0,0,0,1,0,1,1,0,0,-1.798147161190817,0.40287042356714564,0.17275251978461253
1588,0,1,2,0,0,0,0,0,1,1,0,0,0,0,0,1,2,1,0,2,0.835914917557007,1.0173147301688676,-0.052880192513620916
1589,0,0,0,1,1,1,0,1,0,0,0,1,1,0,1,0,0,0,2,0,-0.8657741212611427,0.25148617789301253,-0.4319066802796334
1590,0,0,1,0,0,1,0,1,1,0,0,1,2,0,0,0,0,0,1,0,0.5196274315562334,-1.138014156110483,-0.13471436285213884
1591,0,1,1,0,0,2,0,0,1,1,0,0,0,0,0,0,1,0,1,1,0.27019052384564823,-0.4651316951566546,-0.44071982736527876
1592,0,1,0,0,0,1,0,0,2,2,1,1,1,0,0,1,1,2,1,1,-0.025396370874014133,-0.44272233242710496,1.3929841641325846
1593,0,0,0,1,0,1,0,0,2,0,1,0,0,0,0,0,0,0,0,0,-1.4556345532968051,-1.0606841640068474,-1.3022811209529994
1594,0,0,0,0,0,1,1,0,1,1,1,1,1,0,0,0,1,0,0,1,0.5458109988072489,0.233983364974186,1.5742999999617677
1595,0,1,1,0,0,2,0,0,1,0,1,2,0,0,0,1,0,0,1,0,-0.5431597686799621,-0.7971681082118239,-0.19812119980276652
1596,0,2,1,0,0,0,0,0,0,1,1,0,0,0,0,1,1,0,0,1,-0.8004409091831545,-0.5964633380808956,0.5555256264313763
1597,0,0,2,0,1,0,0,0,1,1,0,1,1,1,0,2,1,2,0,0,1.3980292915581818,0.935331890349091,-0.5029708080152482
1598,1,1,1,0,0,2,0,0,2,0,0,0,0,0,1,1,1,0,1,0,0.264000465607701,0.1673145709308952,-0.13138674079362933
1599,0,0,0,0,0,1,0,0,1,0,1,0,1,1,0,1,0,1,1,0,-2.3514216143109627,0.5117773612809636,0.2208129262367164
1600,0,1,1,0,0,0,0,0,0,1,0,0,1,0,0,0,0,0,1,1,-0.432113170392515,0.012088343008558516,-1.3961873581581554
1601,1,1,0,0,0,2,0,0,0,0,1,2,1,1,0,1,0,0,2,0,-0.1882597307416779,-1.0530764838245208,0.4314194965552866
1602,0,0,1,0,0,1,1,0,0,0,0,0,1,0,0,2,1,0,1,2,-0.24797498380392569,0.5180588508008461,0.7718265142237929
1603,0,0,0,0,1,1,0,0,2,0,1,0,0,0,1,0,1,1,1,0,1.4286045384476636,0.4209609855083149,-0.3039369781468721
1604,0,2,0,0,1,2,0,0,0,1,0,0,0,0,0,1,2,2,2,0,-0.623981655257986,0.35343555995071935,0.15001147107725366
1605,1,1,1,0,0,2,0,1,1,1,1,1,0,0,1,1,1,0,0,1,0.29215794802930767,0.3263920693170369,2.503769263740602
1606,1,0,0,0,0,1,0,0,1,1,0,2,1,1,0,0,1,1,1,0,0.16594769012742325,-0.060409176225936174,-2.231708976281383
1607,0,1,1,0,0,0,1,0,0,1,1,1,1,2,0,2,2,1,1,0,1.9864341599305464,0.8589734006977904,-0.20310603294950258
1608,0,1,0,0,0,1,0,0,1,2,1,2,1,0,0,1,0,0,0,2,-0.19466078516592325,-0.037007214757983936,0.19147273635611187
1609,0,0,1,0,0,2,0,0,2,1,0,0,1,0,0,1,0,1,0,0,-0.4713025391806854,0.9134079629956301,0.6903796797178237
1610,1,2,1,1,0,2,0,1,0,1,0,1,1,0,0,0,1,1,0,2,-1.192362541648037,0.028720777632713357,-1.7655925183700634
1611,1,1,0,0,0,1,0,0,1,1,0,0,1,0,0,1,1,0,0,0,-1.0109007558229586,-0.6457101207220626,-1.7866946366011147
1612,0,0,0,0,0,1,1,0,2,1,0,1,1,0,1,1,1,1,1,0,1.1799637927095201,-1.3573746997280316,1.8673947935587576
1613,0,1,1,0,0,1,0,0,1,0,0,2,0,1,0,0,0,1,0,0,1.6942463379853998,-0.7419595460023507,1.169395093419134
1614,0,0,2,0,0,0,0,0,1,0,1,0,0,0,0,1,1,0,1,0,1.4489673156345715,-0.4388075466594777,0.43678425772739693
1615,0,1,0,0,0,0,1,0,1,1,1,0,0,0,0,1,2,0,0,1,-0.5934939429094626,-0.06486374759644675,-0.2432959503784699
1616,0,1,0,0,0,1,0,0,2,0,1,1,2,1,0,2,1,1,1,0,2.582710406610031,-0.6187780213672952,-0.1624182846149782
1617,0,1,1,0,0,1,0,0,1,1,1,1,2,1,1,1,0,0,2,0,1.0534618964029479,0.864453851416587,1.1756894498664456
1618,0,1,1,0,0,1,0,0,1,1,2,0,0,0,0,1,1,0,0,2,-0.6425844036801991,0.16309518613946106,-1.2291491730545834
1619,0,1,0,0,0,1,0,1,1,1,0,0,1,1,0,2,2,1,1,0,-0.07133652578684403,1.1810015154666362,-1.3253684519022886
1620,0,0,0,2,0,2,0,0,2,1,0,0,1,0,0,0,1,0,0,0,0.5263086929952587,-0.6439758391050336,0.28555553708117215
1621,1,0,1,0,1,0,0,0,1,2,1,0,0,0,0,1,0,0,0,1,-0.2111307807073598,-0.5427392715995254,-0.8401032437137964
1622,0,1,1,0,0,2,1,0,1,1,0,1,1,0,0,0,1,1,0,2,-1.318100496007767,0.9038079854539042,0.10185246731316268
1623,0,0,1,0,0,0,0,0,0,1,1,1,1,0,0,1,1,1,1,0,0.2647512137892229,-3.1457418631138214,1.7017527929510214
1624,0,1,2,2,0,0,0,0,1,1,0,0,1,0,0,2,0,1,2,1,-0.18342637326319405,1.1801864630311463,0.6551789983245556
1625,0,0,2,0,0,0,0,1,1,1,0,0,1,0,0,0,1,0,1,0,-0.4112975759052798,-1.9539906486796161,0.5130741860411593
1626,0,0,0,0,0,1,0,0,1,0,0,1,0,0,0,2,1,1,0,1,-0.457545804855391,0.8811061326084673,0.11109557311551566
1627,0,0,0,0,0,2,0,1,0,1,2,0,1,2,0,0,0,1,1,1,1.0496616099001885,1.8300387658921737,0.6309833304936359
1628,0,1,1,1,0,2,0,1,0,0,0,0,0,1,0,1,1,1,0,1,0.09342443087534996,1.0447505686368488,-1.7376366956894567
1629,0,1,0,0,0,1,0,0,1,0,0,1,1,0,0,1,0,1,1,0,-1.2720580130409391,0.007901956480919403,0.5341948405465247
1630,0,0,0,0,0,1,0,0,1,2,1,1,1,0,1,2,1,2,1,0,-0.15055688264688846,0.8249094395257991,0.29356971573215285
1631,1,0,1,0,0,1,0,2,2,1,1,0,0,0,1,1,0,1,0,1,1.3535184854801257,1.603726636619728,0.2155866893448048
1632,0,0,0,0,1,1,1,0,0,1,0,0,0,2,0,0,2,0,2,1,-0.757839258778549,1.7484022786256574,0.5436934052377743
1633,0,0,1,1,0,0,0,0,0,0,0,0,0,1,0,0,1,0,2,1,1.2457519516072748,0.4774393643577149,0.6111219023593365
1634,0,0,1,0,0,0,0,1,1,1,1,1,1,0,0,0,1,0,1,0,-0.024480640992024353,2.2512307128109543,-0.6803819925830136
1635,0,0,0,0,0,2,0,0,1,0,0,0,2,0,0,1,0,1,0,0,-0.3966633142044187,-0.6675910692464653,4.099509927943281
1636,0,0,1,0,1,1,0,1,2,0,1,1,1,1,0,2,0,1,1,0,-0.213756813981183,-0.4648006712582709,-0.22926175209232855
1637,0,0,0,0,1,2,0,0,2,1,1,0,2,0,0,1,0,0,0,1,0.630483805106857,0.6826859277221767,0.8366092544535849
1638,0,1,2,0,1,1,1,1,1,0,2,0,0,0,0,1,1,0,0,0,-1.1004405780025919,-0.01504306017091639,-0.48301145248281196
1639,1,0,0,1,0,1,0,0,2,0,0,1,2,0,0,1,0,1,1,2,-0.1742755575232316,0.12933743718131496,1.0478100490743565
1640,0,1,1,0,2,0,0,0,1,1,1,1,1,1,0,1,1,1,1,1,1.3429803246388186,0.145111235268288,0.5886317054368189
1641,0,0,0,0,0,1,1,0,1,0,1,1,0,0,0,1,2,1,1,1,-0.5326120446151174,-0.28903767464148067,0.021276717334068995
1642,0,0,0,0,0,0,1,0,1,1,2,1,1,0,0,0,1,0,1,1,-2.0467532504658275,-1.9510969698014553,0.20324031152610567
1643,1,0,0,0,0,0,0,0,1,1,1,1,0,0,0,0,2,0,1,1,-0.0073153825179326755,-1.1748702265648432,0.4462387535507905
1644,0,0,1,0,0,1,0,1,1,1,1,1,0,0,0,0,0,0,0,1,-0.8162919414277844,1.3514641715874864,-0.5205646519316937
1645,0,0,1,0,0,0,0,0,1,1,1,1,2,1,1,1,0,0,2,1,0.2975892006509194,-0.09873510414982686,0.5026620207115309
1646,0,2,1,0,0,1,0,0,1,1,1,1,1,1,0,0,1,0,1,1,-0.009378962726450188,-1.4638474370149523,-0.7160717227701203
1647,0,1,1,0,0,1,0,1,2,0,0,1,1,0,0,0,0,1,2,1,-0.7795258024494184,-0.39562999998476195,-0.8610292306536697
1648,0,0,1,0,0,1,0,0,2,0,0,0,0,0,0,0,1,0,2,0,0.4648297900240411,-0.5591055621688098,0.6964120485467009
1649,0,1,2,0,1,1,1,0,2,1,2,0,1,0,0,0,1,0,0,0,-0.8607594753274718,-2.5248535195432593,2.0184169021954768
1650,0,1,1,0,0,0,0,0,1,0,1,1,0,0,0,2,1,0,1,0,-0.777112521410762,-0.11914255051991368,0.19135565371928015
1651,0,1,0,0,0,1,0,0,1,0,1,0,0,0,0,0,0,1,2,1,-3.014242152879637,-2.1721138144147654,0.7887165123410329
1652,0,1,0,0,0,0,0,0,1,2,0,0,0,0,0,1,2,1,0,0,0.18317088194690548,1.0855899366333497,1.151041012761429
1653,0,1,1,0,1,2,0,0,1,1,1,0,1,1,0,1,1,0,0,0,-0.8341671245918032,1.81221099473309,-0.6002819682025321
1654,1,1,1,0,0,1,0,1,1,1,0,0,1,0,0,1,1,1,0,2,-0.5532232662370283,0.6544111885558369,2.0023405540489474
1655,0,1,1,0,0,1,0,0,1,1,0,0,1,1,0,0,1,0,2,2,0.7317011759230725,1.2677516221009304,2.1814790245339344
1656,0,0,1,1,2,1,0,1,0,1,1,0,0,0,0,2,1,1,0,1,1.1460107277094003,2.3603239671480463,0.008039641114457874
1657,0,0,1,0,0,2,1,0,0,2,0,0,0,1,1,1,1,2,0,0,0.7933762543431516,0.30435974561457346,-0.7020249081490106
1658,1,0,0,0,1,1,0,0,1,0,0,0,0,0,0,0,1,1,1,1,-1.611200743450496,-0.31455320508210693,1.0414191647820639
1659,0,1,1,0,1,0,0,0,1,0,0,1,1,0,0,1,2,1,1,1,0.17871656609439737,-0.4321163657579864,-0.11240449512747688
1660,0,0,1,0,0,0,0,0,1,0,0,0,0,1,0,1,2,2,0,1,1.8823818809141735,1.057437054493021,-0.04277577465045157
1661,0,0,0,0,0,0,0,1,2,1,0,0,0,0,0,1,0,0,2,0,-0.9200412442806495,-0.5615491972063695,0.07198210302279562
1662,0,0,1,0,0,2,0,0,0,1,0,1,1,0,0,1,2,1,1,2,-0.3740134942186515,-0.6881717843784877,-0.43062693174644673
1663,1,1,0,0,0,1,1,0,2,1,1,2,1,0,1,0,0,1,2,0,0.35235611920301524,0.9365218938241565,-0.651926793997154
1664,0,0,0,0,0,1,0,0,0,0,1,1,0,1,0,0,2,1,0,0,-1.7824952779954104,1.4887242953059552,1.3833108182359621
1665,0,1,1,1,0,0,1,0,0,0,1,0,1,0,0,1,0,0,2,1,-0.23354603169261576,0.934646833143109,-0.2670993326489175
1666,0,2,1,0,0,1,1,0,1,0,1,2,0,0,0,2,1,1,1,1,-0.5943773421246101,-1.5849793542073982,0.7540422693210707
1667,0,1,0,0,0,1,0,1,2,0,1,1,1,0,0,0,0,0,0,0,-0.07433460798965384,-0.9634172133820904,-0.5243984796287984
1668,0,1,1,0,0,1,1,0,1,0,0,0,0,0,0,2,0,1,0,1,0.26166762450350917,1.3122371549681422,1.23556403200441
1669,0,0,0,1,0,2,0,0,1,1,0,0,0,0,0,0,1,1,0,1,2.165546866578717,1.7830415957518218,1.0521748533607527
1670,1,0,0,0,0,2,0,0,1,1,1,0,1,0,0,1,1,0,1,0,0.4307626680922296,-0.4706920398078981,-1.0168641160667011
1671,1,0,1,0,0,0,0,1,1,0,0,0,1,0,0,0,1,1,1,0,0.4699840046298632,0.3838034588802555,0.08272428212433598
1672,2,2,1,0,0,0,0,0,1,0,0,1,1,0,1,1,1,0,0,0,1.2713412147857626,-0.279750863219719,-0.4403329707281022
1673,0,0,0,0,0,1,0,0,0,2,2,1,1,0,0,0,1,0,1,0,0.2197969593463687,-0.1324074085697391,1.2850539746535372
1674,0,1,1,0,0,1,1,0,1,1,0,0,0,1,1,2,1,0,2,1,0.8051986946847972,0.8459201003528349,2.0318272377589865
1675,0,0,0,0,1,1,0,1,0,1,0,0,2,1,0,0,1,1,0,0,-1.480330564374042,-1.449063121666315,-0.5173774440062315
1676,0,0,1,0,0,1,0,0,2,1,1,0,1,0,0,0,1,1,1,1,0.08900634813387356,0.19218787773478732,0.22608958246276029
1677,0,0,0,0,0,2,0,0,2,0,0,0,0,1,0,0,0,0,1,0,1.1995973212237803,-1.1385389496360974,1.7691419232427767
1678,0,0,1,0,0,0,0,0,1,2,1,1,2,1,0,1,0,1,0,0,-0.5333760460543442,1.1650026828721318,0.6822739502591884
1679,0,0,1,0,0,2,1,0,1,1,1,0,0,1,0,1,2,1,1,0,-0.29590002297145873,-0.054697656467830605,0.567955552611509
1680,0,0,0,0,1,2,0,1,0,0,1,0,1,0,0,1,1,1,0,0,-2.5717884244427114,-0.8526615613111139,0.2701556959128659
1681,0,0,2,0,0,1,0,0,2,2,0,1,1,1,0,1,2,0,0,1,0.4211442022198177,1.1704140922650115,1.3250678054536489
1682,0,0,0,0,0,0,0,0,0,1,2,0,1,0,0,1,0,1,0,0,-1.6772056869403598,-0.081599564582724,0.260071095419745
1683,0,1,0,1,0,0,0,0,2,1,0,1,1,0,0,1,1,1,1,1,0.41844714982313796,-0.5106427141936984,0.635773922824753
1684,1,1,0,1,1,1,0,0,0,0,1,2,1,0,0,2,0,0,2,1,1.1404230707083007,0.3566989086878832,1.2017176435083439
1685,0,1,1,0,0,1,1,0,1,2,1,1,0,0,0,0,2,2,0,0,-1.001566574211647,-1.0396435245703581,1.0344186722541353
1686,1,0,1,0,0,0,1,0,0,0,1,1,0,0,1,0,0,0,1,1,0.41796934337749353,-0.49261938402174815,-0.29431583852141624
1687,0,1,0,0,0,2,0,1,0,0,0,1,0,0,0,1,0,0,0,0,0.05764746904347645,-0.8673290237383569,-0.42623215794831704
1688,0,0,1,1,0,1,1,0,0,0,1,0,1,0,0,1,0,0,1,0,-0.04256070358009044,0.14489088981784976,0.3983139567586754
1689,0,1,0,0,0,1,0,0,1,1,0,2,0,0,0,1,1,0,1,0,0.6033886427810526,-0.6677248274014577,-0.6439785721066935
1690,0,1,1,1,0,2,0,0,2,0,0,1,0,0,0,1,0,1,0,1,0.7594218909423497,2.116800943126136,1.8068944220800016
1691,0,1,2,0,0,1,0,0,1,1,0,1,0,0,2,1,2,1,0,2,0.42816609588116167,-0.39668055165243865,-0.3087968214293538
1692,0,0,1,1,1,1,0,0,1,2,0,0,1,0,0,1,0,2,2,0,-0.0890095287556731,0.6547569530297771,0.495038118622838
1693,0,0,2,0,0,1,0,0,1,1,1,0,0,0,1,1,1,0,0,0,0.6664895648985596,0.9731475824285085,0.11214854277752026
1694,1,0,0,0,0,1,0,0,0,0,1,0,1,0,1,1,1,0,0,0,1.0288810481430055,1.5643525590797278,2.1484715559551377
1695,0,2,0,0,1,2,0,0,0,1,0,1,1,0,0,0,1,1,0,1,0.7627222585096317,-1.984496323300558,0.9424078605992602
1696,0,1,2,0,0,2,2,0,1,0,1,1,2,0,1,1,2,1,0,1,0.10342713734747264,-1.6889810855251395,0.33076183494408984
1697,0,0,0,0,0,2,0,0,1,0,0,0,0,0,0,0,1,0,0,1,-1.0577001207077226,-0.19559997487613356,0.2132229082972435
1698,0,0,1,0,1,2,0,0,1,2,0,0,0,0,0,2,0,0,1,1,-0.782775957067167,1.0452568298361773,-1.0749497187191424
1699,0,0,1,0,0,0,0,0,1,2,0,1,1,0,0,0,0,0,1,0,1.6620627053159927,1.555678791448809,1.8666058448373604
1700,0,0,0,0,0,0,0,0,1,1,2,1,0,0,0,1,1,1,2,0,-0.0008670835497445697,0.2225889970252928,0.43777674130778976
1701,0,2,1,0,0,1,0,0,2,0,0,1,2,0,0,2,1,0,2,2,0.26588684727690587,-0.09199123728179487,0.9173305856437867
1702,1,2,2,0,1,1,1,0,2,1,0,1,0,0,0,1,2,0,0,1,0.8093421281695613,-1.1070809419338867,1.4533591230066008
1703,0,1,1,0,0,2,1,1,2,0,0,1,1,0,0,1,1,0,1,1,-1.0710800882074456,-1.3484914675847266,0.25464940089839594
1704,0,1,1,0,0,2,0,0,0,0,0,0,0,1,0,2,0,0,0,1,-0.41197962468029464,0.5715595407669214,1.1467396355824016
1705,0,0,0,0,1,0,1,0,0,1,0,0,1,0,0,0,1,1,1,2,0.13808612524442268,1.3335271016339043,-0.04294642378679536
1706,0,1,2,0,0,0,0,0,1,0,1,0,1,0,0,1,0,0,2,0,-0.11105964287115634,0.6446897090337805,-0.40550021868712205
1707,1,1,2,0,0,0,0,1,0,1,1,0,0,1,0,0,2,0,2,0,1.0253472997536253,-1.1921916167097322,0.650309904878043
1708,0,0,0,1,1,1,0,0,1,0,1,1,0,0,0,1,0,1,2,0,-1.7601128337042355,-1.1584099135789914,0.08457248712099125
1709,1,1,0,0,0,0,0,0,0,1,1,1,1,0,0,2,1,0,0,1,0.40326803436888886,0.3496598292234828,0.1895834229725723
1710,0,0,1,0,0,1,0,0,1,1,0,2,1,0,0,2,1,1,0,1,-1.8513541116839654,-1.372596684689365,-1.6170372469719307
1711,0,0,0,0,0,2,0,0,2,0,0,0,1,0,0,0,0,0,1,1,-0.5632206841783399,-1.235627956919101,-0.17848988077120598
1712,0,1,0,0,1,0,0,1,1,0,0,1,0,0,0,2,0,1,2,1,0.8586210108388748,1.6994810394361681,0.6929558961782097
1713,0,0,1,0,0,0,0,0,1,0,0,0,0,0,0,2,1,1,1,1,-0.16074433129344637,0.5670685237939386,0.8623459727842808
1714,0,0,1,1,0,1,0,0,2,1,0,1,1,1,0,0,0,1,0,1,0.981976275981155,0.5912365798336411,0.7504974395886107
1715,0,0,1,0,0,2,0,0,0,1,0,1,0,0,1,1,0,0,1,1,-0.008964081341518193,1.2562431331706878,-0.3920186350594399
1716,0,0,1,0,0,2,0,0,1,2,1,0,0,0,0,0,1,2,1,0,0.7151295239744715,-0.09059820968953397,-0.9886794279266143
1717,0,0,1,0,0,1,1,1,1,0,1,0,1,0,0,0,2,0,1,1,-1.2938020427382426,-0.5968159272621731,1.1146235291952058
1718,0,1,1,0,1,0,0,0,2,1,1,1,2,0,0,0,1,0,1,1,0.7628143290001016,-1.0543498259528268,0.03265065098837128
1719,1,0,1,0,0,1,0,0,1,0,0,0,1,0,0,1,1,1,2,0,-0.3215203196327874,-0.6570097092847416,-0.6063934527160438
1720,0,0,1,0,0,1,0,1,1,1,1,0,1,0,0,1,1,0,1,2,1.3117795552411984,1.3459188476452248,0.10542922793501253
1721,0,0,0,1,0,2,0,0,1,0,0,0,0,1,0,1,0,1,0,0,1.5450957561190788,2.677839739397358,1.0239716833325265
1722,0,0,0,0,0,2,1,0,0,0,0,0,0,0,0,1,1,1,1,0,-1.8899718058736676,0.21005056915188403,-1.0158526291129433
1723,1,1,1,0,0,0,0,0,2,1,0,1,1,0,0,1,0,0,2,0,-0.597161893335353,0.7802765779179751,0.43861657932647546
1724,1,1,0,0,1,2,0,0,0,2,2,1,1,1,0,1,1,1,0,1,0.41635944671396874,-0.6638623334746737,-0.446064254488947
1725,1,0,0,0,0,0,0,0,0,0,1,0,0,0,0,1,1,0,0,1,-0.10297747042312187,0.9570389110945404,1.1694790967344324
1726,0,1,0,0,0,2,0,0,1,1,0,0,1,0,0,1,0,1,2,0,0.19541076893550444,-0.411133727947843,1.529164398900387
1727,0,2,0,0,0,1,0,0,1,1,1,0,0,0,0,1,0,0,1,0,0.3707685207019758,1.926328217998051,1.3419639890387978
1728,0,1,1,0,0,2,0,0,2,0,1,0,0,0,0,1,0,0,1,1,-0.0012111120209976824,0.4527577169082927,-1.6818885263876726
1729,0,0,0,0,1,0,0,0,0,1,0,1,0,0,0,1,0,1,1,1,0.7705243279736245,2.101385702660891,1.4196726823047268
1730,0,0,2,0,0,0,1,0,0,1,2,1,1,0,1,1,1,0,1,1,1.7557092037398394,-0.6783136585407754,0.6049003889943683
1731,0,0,1,0,0,0,0,0,0,1,0,1,0,0,0,1,1,2,1,0,-2.0222594679214327,-1.9891702711284642,0.23898418956246154
1732,1,0,0,0,0,2,0,0,0,1,0,0,1,0,0,0,1,0,1,0,-0.8322496648806618,0.43801455557842006,-0.15717636755980716
1733,1,0,1,0,0,1,0,0,2,1,0,2,1,0,1,2,1,1,1,2,0.32514048489219505,2.454371728652487,-0.5700399369918441
1734,0,2,1,2,0,2,0,0,0,0,0,1,0,0,0,1,0,1,0,0,-0.9921145656231976,0.055071458356245884,0.5784414917631857
1735,0,1,1,0,0,2,1,0,1,0,0,0,0,1,1,0,0,2,0,0,-0.8518258833597415,-0.716795350028869,-1.881227701027982
1736,0,0,0,0,1,1,0,0,0,0,0,1,0,1,0,1,2,0,1,0,-0.531287625857445,-0.09711308540836097,-1.048700104023623
1737,0,0,1,1,0,0,0,0,1,0,1,2,0,0,0,1,0,1,1,1,-1.1413326930248369,-2.725175899969313,1.0039736627156555
1738,0,2,0,0,0,1,0,0,1,1,1,1,2,1,0,1,0,0,0,1,-1.1634088646677416,0.2559672759102324,1.446916550093616
1739,1,0,0,0,0,0,0,1,2,0,0,1,0,0,0,1,1,2,1,1,0.08068892185579586,-0.42600654034705954,-0.18218187953721116
1740,0,0,1,0,0,1,0,0,0,0,1,2,1,2,0,1,1,0,1,1,0.5339902014585881,2.002296910294971,2.8804603827150626
1741,0,0,1,0,0,2,0,0,1,0,0,1,0,0,1,2,1,1,1,2,0.36914339060358237,1.0025199345535944,1.1616708776359648
1742,0,2,0,0,1,2,0,1,2,1,1,1,2,1,0,2,2,0,1,0,-1.615821630824755,-1.4400511249894579,1.9329202851570024
1743,0,1,1,0,0,0,0,0,1,2,0,1,1,0,0,0,0,1,2,2,-1.7055041803591477,1.3341319690637763,-0.18543803016083227
1744,0,0,0,0,0,2,0,0,1,0,0,0,2,1,0,0,0,1,1,0,0.2804031030935127,0.9563000146702209,0.44327416172450523
1745,0,1,0,0,0,0,0,0,2,2,1,0,1,0,0,1,1,2,1,1,-0.8680715046541496,-0.5540134684951908,-1.0604550306806209
1746,0,1,1,0,0,1,0,0,0,0,0,0,1,0,0,0,1,1,1,1,-0.8559623347662628,1.9420600765143305,-0.08459737952409163
1747,0,0,0,0,0,1,1,0,2,0,1,2,0,1,0,1,1,1,2,1,-0.006830404681191683,1.8441508425239963,0.8538469761909244
1748,0,0,0,0,0,1,0,0,2,0,1,0,0,0,1,1,2,1,0,0,-0.7938339285213418,-1.2752203919555618,-0.43068548670331486
1749,0,0,0,0,0,1,0,0,2,1,0,0,2,0,0,2,0,0,1,2,0.5761073490883692,0.32871163873079595,-0.12824306465101468
1750,0,0,1,0,0,1,0,0,0,1,1,0,1,0,0,1,1,1,0,0,-0.10692776180879911,-0.11445280255354051,-0.17318088719858676
1751,0,0,0,1,0,2,0,0,0,0,0,1,1,0,0,2,1,1,0,1,-0.7028361705391553,0.2808471346129005,0.5791095497947357
1752,0,0,1,0,0,0,0,1,1,0,0,0,0,0,1,1,1,0,1,1,0.2920000917920973,-0.5147435341130133,0.34372937933732256
1753,0,0,1,0,1,0,0,1,0,0,1,1,1,0,0,1,2,0,0,0,0.026983596334170207,0.24965800905659236,-1.2066889324106644
1754,1,0,1,0,1,2,0,1,1,1,0,0,0,0,0,2,0,0,1,1,-0.9500399724448629,1.3013802070158336,0.10083477652818304
1755,0,0,0,1,1,1,0,0,1,1,0,1,1,0,0,0,1,0,0,1,-0.21562670852267352,-0.6211070364003531,1.0508460769344181
1756,0,1,1,0,0,1,0,0,1,2,0,1,1,1,0,0,2,2,0,2,0.23128626937176675,1.2419623165106255,-1.0779297327815607
1757,0,0,0,0,0,0,0,0,0,1,0,0,0,0,0,1,1,0,1,0,0.6260106366767348,1.0178074025901416,1.16096656028904
1758,1,1,1,1,0,1,0,0,1,0,0,0,0,0,0,1,0,1,1,2,1.7447329062537937,2.406764275430355,2.9590656861423357
1759,1,1,0,0,0,0,0,0,0,0,0,1,0,0,0,0,0,1,1,1,0.1826103051577706,-0.8624113615938068,1.7017071993310122
1760,2,0,1,1,0,1,0,0,0,2,1,1,1,0,1,0,0,0,0,0,0.3322086339614534,-1.171030081918812,-1.1485217303115585
1761,0,1,1,0,1,1,0,0,0,0,1,0,1,1,0,1,1,0,0,0,-1.4185801080154194,-0.5762491843023432,0.865911409310145
1762,0,0,1,0,1,1,1,1,2,0,2,1,1,0,0,1,2,0,1,0,-0.011987524315922756,-0.476320346816419,-0.8433784672615212
1763,0,0,1,0,0,0,1,2,2,1,1,0,0,0,0,0,0,0,2,0,0.9415491432353306,2.080176312000177,1.547253703428615
1764,1,0,1,0,0,1,0,1,0,0,1,0,1,0,1,1,2,0,1,1,-0.06746761440766787,1.344664574523842,1.6373311394545458
1765,0,0,0,1,0,0,0,0,0,2,0,0,0,0,0,1,1,0,1,2,-0.5111679095733604,1.4888147775533989,0.8746510688607626
1766,1,2,2,0,0,0,1,1,1,1,1,0,1,0,0,0,1,0,2,1,-0.663760950212794,0.33904242503878,0.16453673474626362
1767,0,0,2,0,1,2,0,0,0,0,0,1,0,0,0,0,2,1,1,1,1.7301362727396548,2.049403703696174,0.42022455809369236
1768,2,1,1,0,0,1,0,0,2,2,0,1,0,0,0,1,1,1,1,0,-1.1737235537837498,1.6535113433508322,0.6922996623241024
1769,0,1,1,0,0,1,0,0,1,0,1,1,0,0,0,1,0,0,1,0,-0.6102513147642334,-0.9887212175745156,1.1494539732870783
1770,0,2,1,0,0,1,0,0,0,2,0,0,1,0,0,1,0,1,1,0,-1.248348655571083,-1.1372211540700388,1.4381019743396022
1771,0,1,1,0,1,1,1,0,2,1,1,0,2,0,0,1,1,0,0,0,-0.5863426585680627,-1.3433187652627356,-0.3556549560783422
1772,0,0,2,0,0,1,0,0,1,0,0,1,2,0,0,2,1,0,0,1,0.2572008570840712,1.1617187628476553,1.1925001925577505
1773,0,0,1,0,1,1,0,0,1,1,0,1,0,1,0,1,2,2,1,0,0.011915384791956838,1.8767592949097172,-1.1732489066663623
1774,0,1,1,0,0,0,0,1,1,0,2,1,1,0,0,1,1,0,1,1,-0.328630809247643,-0.4905616180590901,1.2095745375052567
1775,0,1,1,0,0,1,0,0,1,2,0,1,0,2,0,2,1,2,1,0,-0.9252711651348969,1.0522645894054283,0.3485036603627009
1776,0,2,1,0,0,2,0,0,1,0,0,1,0,1,1,1,0,0,0,0,-0.008354625523272464,0.04722713722743918,-1.6956781495066806
1777,0,1,1,0,0,1,1,0,1,1,1,0,1,0,0,0,0,1,0,0,-0.1933364349140077,-0.06467793129647387,0.7258756888362153
1778,0,1,1,0,1,1,0,0,1,1,2,0,1,0,0,0,1,1,1,0,0.9601408905711601,0.7589483877338044,1.192148469851631
1779,0,0,1,0,0,2,0,0,1,0,0,1,0,0,0,0,1,1,0,1,0.47210895646240936,-2.068810295054029,-0.3840477325676306
1780,0,1,1,0,1,0,0,0,0,1,0,0,2,1,1,0,2,0,1,0,0.5968428077668444,-0.5172687958803813,-1.6119160654829998
1781,0,0,2,1,1,1,0,0,1,2,0,0,0,0,1,1,0,2,0,1,0.029137528981333188,-0.9211672602450424,0.16441793538721033
1782,0,1,0,0,0,2,0,0,1,1,1,0,1,1,0,1,1,1,0,0,-0.19140097171571338,0.05496774379792224,0.8894565602255664
1783,0,0,2,0,0,1,0,0,1,1,1,0,1,1,0,0,0,1,0,1,0.26537765285704723,-0.6110597180765913,-0.36922460108339117
1784,1,1,2,0,0,1,0,0,0,1,0,0,2,1,2,0,2,1,1,0,0.644622178600006,1.2333319082780363,0.4708192118141658
1785,1,0,0,0,0,1,0,1,1,0,0,1,0,0,0,0,1,0,0,1,0.18124672192835925,0.35863845207199624,-0.06435909823289625
1786,0,0,0,0,0,0,0,0,1,0,2,0,1,0,1,1,1,2,2,0,1.0275346940366923,-1.85747455289844,0.8992444258475586
1787,0,0,1,1,0,0,0,2,0,1,0,1,1,0,1,0,0,1,2,1,1.5699628923438165,0.9153879213775056,1.3755482319631804
1788,0,1,1,0,0,0,0,0,0,1,1,1,1,1,0,1,1,0,1,1,0.25430142706843056,-0.9683976128935993,-0.4967991658116475
1789,0,0,0,0,0,2,0,0,1,0,0,0,1,0,0,1,1,1,2,1,1.421712805951447,-0.5148470476225366,-2.4263519521639783
1790,0,0,0,0,0,1,0,0,0,0,0,2,1,0,0,1,2,0,1,0,-1.3502959064817188,-0.7565506348774027,1.5859535334509631
1791,0,1,1,0,1,1,0,0,2,2,1,0,1,1,1,1,1,1,2,0,-1.1718702584190952,0.7219044160013679,0.6766475542711352
1792,0,0,0,0,0,2,0,1,2,1,1,1,1,1,0,0,1,1,0,1,0.1334654462530323,0.17336757830486615,0.29499974725547584
1793,1,0,0,0,0,1,0,0,2,1,0,2,0,0,1,1,0,0,2,0,-0.07379446305712735,-0.04662681195973317,0.1474119519466639
1794,0,0,1,0,0,0,0,0,1,1,0,0,2,0,1,1,1,0,0,0,-0.1829015463240858,0.2847646668062995,-1.68291695445125
1795,0,1,2,0,0,2,0,0,1,0,1,1,1,0,0,1,1,0,0,0,1.4055381035445178,0.8491748912216379,-0.1414176315712175
1796,0,0,2,0,0,2,0,1,0,0,0,0,1,0,0,1,1,1,2,2,-0.36466925566934305,0.269309912819888,-0.26058152625155984
1797,0,1,0,0,1,1,0,0,2,1,0,2,1,0,1,0,2,0,1,1,-1.5333795339453422,-0.4651407973367972,-1.7125315011050375
1798,0,1,1,0,0,0,0,1,1,0,2,1,0,0,0,0,1,1,2,0,1.1948012921176105,-0.054636040917298484,-0.825231426409011
1799,0,1,0,0,0,1,0,0,2,0,1,0,0,1,0,2,1,1,1,0,-0.46148480390064284,0.9232200062975147,-0.6553327306586398
1800,0,0,0,0,2,2,0,0,1,1,0,0,0,0,1,1,0,0,2,1,-0.5231900731008894,0.4002734952259416,-0.031437030181456715
1801,0,0,0,1,0,1,0,1,2,1,0,1,1,0,0,2,1,0,1,1,-0.5645937491801432,-1.013002087620546,-0.31441571217954123
1802,0,1,2,1,0,1,0,0,2,1,0,0,1,0,0,0,0,1,1,1,-1.001330274512542,-0.4668803761061403,-1.9818132249532927
1803,0,2,0,0,0,1,0,0,1,1,1,0,1,1,0,0,1,1,0,0,0.7958110602781111,-2.371048253311954,0.1588444028019852
1804,0,1,0,0,0,2,0,0,1,0,2,0,0,1,0,0,0,1,2,0,-0.6479829737897564,-0.23040384679698767,-0.370432717133283
1805,0,0,0,0,0,2,0,1,1,2,0,2,0,0,0,1,0,0,1,0,0.9341353520395833,2.6637159809130573,2.169329529191461
1806,0,0,1,0,1,2,0,1,2,2,0,1,1,1,0,1,1,1,2,1,0.4129837593457786,0.34976978261972386,-0.528226001185905
1807,1,1,1,0,0,1,0,0,2,1,0,1,0,0,0,1,0,0,1,1,-0.03975330162792412,-0.22982183639572024,-1.5998266254731361
1808,0,0,1,0,0,0,0,0,2,1,1,1,1,0,1,1,0,0,1,0,-0.33478089675549644,1.1300295663796187,0.8115923022990225
1809,0,1,1,0,1,0,0,1,0,0,0,1,1,0,0,0,2,0,2,0,0.5692404245342503,-0.5541830594578444,-0.8034103871083772
1810,1,1,2,0,0,1,0,0,1,0,1,1,1,0,1,1,1,1,0,1,-1.4744976410109647,0.48067400295134266,1.5917619468516389
1811,2,1,1,0,0,1,0,0,2,0,0,0,0,1,0,0,0,1,1,2,1.2252532181620353,1.541056433354163,0.943343981696968
1812,0,2,2,0,0,1,0,0,2,0,0,1,0,0,0,0,0,2,0,0,0.30130062847281786,-0.9204571153607417,1.048072015879265
1813,0,2,0,0,0,2,0,0,1,1,1,1,1,0,0,0,0,0,0,1,0.2613510461863616,1.04495192573396,0.6738642996880166
1814,0,2,0,0,1,2,0,0,1,1,1,0,0,0,0,1,1,0,0,0,0.15373221098354134,-1.900850163249947,1.8977275906850632
1815,1,0,2,0,1,0,0,0,1,1,0,0,1,1,0,2,0,0,1,1,-0.34806392862489255,1.606952836221291,1.3845438189717134
1816,0,0,0,0,0,0,0,0,1,0,0,0,1,1,1,0,1,0,0,1,0.8887062136226229,0.6539099656807421,2.559497646355012
1817,1,1,1,0,0,1,0,0,2,1,0,2,0,1,0,0,1,1,0,1,-3.2254546309098995,-3.239993204688539,1.32450727493549
1818,0,0,1,0,0,2,0,0,2,1,0,2,0,0,0,0,1,0,1,1,-0.3101540209506843,-0.4770590585512882,-1.0272460519021915
1819,0,1,1,0,0,0,0,0,0,0,1,0,2,1,0,2,1,2,0,0,0.08810033471910515,1.4600124226207565,0.5350566867177521
1820,0,0,0,0,0,2,0,0,2,1,1,1,1,2,0,0,0,1,0,0,-0.24377316167992583,-0.2009460793173639,0.04157842649024565
1821,0,0,1,1,0,1,0,0,1,0,0,1,1,0,0,1,0,1,0,0,1.4662083841558082,1.7511023612705423,1.889819665554603
1822,0,2,0,0,1,1,0,0,1,0,0,1,1,0,0,1,1,1,0,0,1.2068215370856898,1.0908003934731936,0.9747560535522561
1823,0,0,1,0,0,0,0,0,0,0,1,1,0,0,0,1,0,1,2,0,0.39658023876860543,0.6245768261507831,0.25900167072912267
1824,0,1,0,0,0,1,0,0,0,2,1,1,1,0,0,1,1,0,2,1,2.2361445064093477,0.48303481139192167,1.9584056349199
1825,0,0,1,2,0,0,0,0,1,1,1,0,1,0,0,1,0,1,1,0,0.15250769809364,0.4909287420546964,0.18145478857062197
1826,0,0,0,1,0,1,0,0,1,2,0,0,0,0,0,1,2,0,1,1,0.24312254653734894,1.5803150252816893,-0.012624380625551546
1827,0,0,1,0,0,1,0,0,1,0,0,1,1,0,0,0,1,2,1,1,-1.5230403096732876,-0.8169501735065534,-1.7171940806837576
1828,2,1,0,0,1,1,0,0,1,1,0,0,0,0,1,2,2,2,0,0,-0.9066384040125104,-0.9319824918506106,0.33325253365549645
1829,1,2,0,0,0,1,0,0,1,0,0,1,1,1,0,0,0,0,1,0,0.37032196683282664,0.7255752240796025,-0.5193693503586432
1830,1,1,1,0,0,0,0,1,0,1,0,1,1,1,0,1,1,1,0,0,-0.12917205738148638,-0.6062661398523893,-0.5619944396516017
1831,0,1,0,0,2,1,0,0,1,1,1,1,1,1,0,0,0,0,1,0,1.2623145647453697,0.5903846084668681,1.352576510253972
1832,0,1,0,0,0,2,0,0,2,0,0,0,1,1,0,1,1,2,1,0,0.5679195468322722,1.8321983559202306,-0.878224547372176
1833,1,0,1,0,0,2,0,1,2,0,1,0,1,0,0,0,2,1,1,0,-0.15402537785173412,-1.1685786150703175,-0.12722693866002543
1834,0,0,0,0,1,0,0,0,0,2,0,1,1,0,0,1,1,0,0,0,-0.19687369503998642,0.6409342709500973,1.285710963907937
1835,0,1,1,0,0,0,0,0,1,0,0,0,1,0,0,1,0,0,2,0,-1.8628207719728016,-0.00917976111017793,2.3779404137897067
1836,0,0,1,1,0,1,0,0,1,0,1,0,2,0,0,1,0,0,0,1,-0.8154141976066036,-0.3504606319575116,-0.8267423504644306
1837,0,0,2,1,0,1,0,0,2,2,0,0,2,0,1,2,0,0,0,1,-0.7518861458025123,0.45124356026429435,-0.5077050534085298
1838,0,0,1,0,0,1,0,0,1,0,1,0,1,0,1,1,2,0,2,0,0.2169735692299124,-0.26820038874649976,-0.4161985603466719
1839,0,1,0,0,1,0,0,1,1,0,1,1,1,1,1,1,2,2,1,2,-0.9600626676786749,-0.7269321412623722,1.1121357921359587
1840,0,2,2,0,1,1,0,0,2,1,1,1,2,0,1,1,0,0,2,0,0.8336958033906461,0.27180720954156373,-1.4161783810654296
1841,0,2,0,0,0,1,1,1,2,1,1,0,1,1,0,2,1,1,2,1,0.15351060624405535,1.1003501472817714,-0.4072158320761514
1842,0,2,1,0,0,0,0,0,1,1,0,0,1,1,0,2,1,0,1,1,0.5944697372375523,0.1348438631960806,-2.0351657860736965
1843,0,0,1,0,0,1,0,0,2,1,1,0,0,1,0,0,0,0,0,1,1.1842801961219187,0.4632583027946443,0.2408598614782223
1844,0,0,1,0,0,1,0,0,1,1,0,2,2,1,0,0,1,1,1,1,-0.12998249132805323,-1.2840139127392562,-0.14021408090776463
1845,0,0,1,1,0,1,1,1,1,0,1,2,2,1,0,2,1,0,1,0,-0.8278610028252108,-0.08599700756217127,1.2695229169846032
1846,0,2,1,0,0,0,0,0,1,2,1,1,1,1,0,1,2,0,1,0,0.7745113963429051,-1.112613601828694,1.0341376018004889
1847,0,0,0,1,0,0,0,0,2,1,1,0,0,0,0,0,2,1,1,0,-0.3947145567116857,1.3972938077013661,-0.6671113579579797
1848,1,0,2,0,0,1,0,0,1,0,0,1,1,0,0,1,0,2,1,1,1.3831395045259447,0.37909968025067614,-1.1412779375577067
1849,1,1,1,0,1,1,0,0,1,0,0,0,1,1,0,1,0,0,1,1,-2.2269577114968113,-0.694132549168793,-1.2595345336376542
1850,0,1,2,0,0,1,0,0,1,0,2,1,0,0,1,0,1,1,2,0,-0.5351563690268419,-1.256093638447544,-0.8739620816794311
1851,1,1,0,1,0,0,0,0,1,1,0,1,1,0,1,1,0,1,1,2,1.7304126540591878,1.4832233552319776,0.1397189287347148
1852,1,1,0,0,0,1,0,0,1,2,0,1,0,0,0,1,2,0,1,1,1.403124053537147,0.3870411809066481,-1.522076772469817
1853,0,1,0,0,0,1,0,0,1,1,0,1,1,0,0,1,1,2,0,0,0.4282260995220132,-1.027026793781206,-0.5182844743730441
1854,1,0,0,0,1,0,0,1,0,1,2,1,2,1,0,0,0,0,0,0,1.5108317422506334,0.4432454385432042,-1.0601523620862179
1855,0,1,1,0,0,2,0,1,1,0,0,1,0,2,0,1,1,0,1,1,0.4618060797093405,-0.23573372347820937,1.3174308539952082
1856,1,1,0,0,0,1,0,0,2,1,1,1,0,0,1,1,0,0,1,0,0.16640806044904596,-1.1656708122743338,0.7420098490033548
1857,0,1,2,1,2,0,0,0,2,1,1,1,2,1,0,0,1,0,1,1,1.603408623793802,1.6656894489462735,1.6831558712934593
1858,0,0,0,0,0,1,0,0,1,1,1,1,1,0,0,1,0,2,2,1,-0.19906401497360565,0.1158403528576312,0.8787502627402323
1859,0,1,0,0,0,1,0,1,0,1,0,1,0,1,0,0,0,1,0,2,-0.16783963387663967,0.5690922339675721,-1.0567796984206896
1860,1,0,1,0,0,0,1,0,1,0,0,0,0,1,0,0,0,0,0,0,0.564451215689106,-0.6363431077599897,-1.3629522546604993
1861,0,0,2,0,1,2,0,0,0,0,0,0,2,0,1,0,0,1,0,1,-1.204904880071685,0.7300053876164216,0.5756645112468196
1862,1,1,0,0,1,1,0,0,1,1,0,0,1,0,0,0,1,1,1,1,-0.9688146376896124,-1.6867602872023537,0.4861426322744109
1863,0,0,2,0,0,0,0,1,2,1,0,0,1,0,0,1,1,1,1,1,-1.8614393144673913,-0.4618028630815969,0.49785230806677283
1864,0,1,1,0,0,0,1,0,0,1,0,1,1,0,1,1,0,1,1,0,-0.851124027509481,-0.8185303719356891,-0.5294919163331725
1865,0,1,1,0,0,2,0,0,1,0,1,1,2,0,0,0,0,1,0,0,-0.10316039371982834,-1.212707863105011,-0.42165901096490194
1866,1,0,0,0,0,0,0,0,0,0,1,1,2,0,1,1,1,0,1,1,-1.5004200759093616,-0.6485048875169337,-1.1644172488165068
1867,0,0,1,0,0,1,0,0,0,2,0,0,0,1,1,0,1,1,2,0,-0.2419429895670978,0.22591094243464305,-0.2712329519333108
1868,0,0,1,0,0,1,0,0,0,1,1,1,0,1,0,0,1,0,1,0,-0.5823733999473595,-1.4157294789811021,0.8643555871125244
1869,0,1,2,0,0,2,0,0,0,1,1,0,1,0,0,1,0,0,2,1,-0.9439324324840265,-0.5607686692443379,0.7127267571599932
1870,1,0,0,0,0,1,0,0,2,1,1,0,1,0,1,1,1,2,1,1,0.5167416637348499,1.0857558430809209,-0.5007354978557796
1871,0,1,1,0,0,1,0,0,1,0,0,0,0,0,0,2,0,0,1,0,-1.536568975017117,-0.6103813539100859,-0.57534127922735
1872,0,1,1,0,0,2,0,0,1,2,1,2,1,0,0,1,2,0,0,1,0.6086886545013807,1.3819892882059184,-0.09667275593880098
1873,0,0,1,0,0,1,0,0,1,0,2,0,0,1,1,2,1,1,2,0,0.3930912434822634,-1.2272902352270785,0.36473023908820623
1874,0,0,1,0,0,1,0,0,0,1,0,1,0,0,1,1,0,0,1,0,0.6956903167700554,0.49914498347036207,0.4437225061756859
1875,0,0,2,1,1,1,1,0,0,0,0,1,0,0,0,0,1,2,1,0,1.2224450406102367,1.1819448845640415,0.717734562292153
1876,0,0,0,0,0,0,0,0,2,1,0,0,0,0,0,1,1,0,0,1,-0.06362262993844262,2.076574766341886,1.2092118221493466
1877,0,0,1,0,0,1,0,0,0,2,0,0,0,2,1,0,1,0,0,0,0.4008572771433739,0.008289164472689292,0.2876842526947159
1878,0,0,1,0,1,0,0,0,1,0,0,0,1,0,0,1,1,1,2,2,0.4637165916241806,1.535466997806578,0.012396672803355602
1879,0,1,1,0,0,0,0,0,2,0,1,0,0,0,0,1,0,0,1,1,1.469817740554197,1.3555369489186988,1.0400200145179945
1880,1,0,0,1,0,2,0,0,1,2,0,0,1,1,0,0,0,1,2,1,0.16841598852618836,0.4460941502032918,2.3414071728228456
1881,1,1,1,0,1,1,0,0,0,0,0,0,1,0,0,2,0,1,1,0,-1.0333904179375233,-0.8256723529267965,-0.40973771232355694
1882,0,0,0,0,0,2,0,0,0,1,1,0,1,0,0,1,2,0,0,0,1.2371852137251742,1.0683984590702682,0.45278456834368686
1883,0,0,0,0,0,2,0,0,2,0,1,0,1,0,0,1,0,1,2,0,-1.291106354034644,-0.48088471268612204,-1.1848016323351147
1884,0,1,2,0,0,2,0,0,2,0,1,0,1,1,0,0,1,1,1,0,-0.427543261834676,0.855513891153619,0.7469352193242972
1885,0,0,0,0,1,2,0,0,0,0,0,0,0,0,0,0,2,0,1,0,1.5785167196872225,-0.7839867629796038,0.3772373127573932
1886,0,1,2,0,1,1,1,0,1,0,0,1,1,1,0,0,1,2,0,1,-0.49432289380166555,-1.6518481521194515,-0.27841694217227386
1887,1,1,1,1,1,1,1,0,0,0,1,1,2,1,0,0,1,1,1,0,1.4179935181357863,-1.0595755939644085,1.1108517813938792
1888,1,1,1,0,0,0,0,0,1,0,0,0,1,1,0,1,1,0,2,1,0.6982706774838465,-0.4954991255377131,-0.011034004786725199
1889,1,0,1,0,0,0,0,0,1,1,1,0,0,0,0,0,0,0,1,0,-0.10682088864223595,0.8947758709824957,-0.1446343546061419
1890,0,0,0,0,0,0,0,0,1,1,0,1,0,1,0,2,1,0,1,0,0.7421321447713995,1.8607534799597998,0.9055709143038568
1891,0,1,1,2,0,0,0,0,0,1,0,1,0,0,0,1,1,2,1,1,0.6728585581204328,0.6277680041349808,-0.4689424714718472
1892,0,0,0,0,1,2,0,0,1,1,0,0,0,0,0,1,1,1,0,1,-0.7690605981465225,-0.5390134688100945,0.21777143548085953
1893,0,0,1,1,0,2,0,1,1,1,0,0,1,0,0,2,0,0,1,0,0.548948220923723,0.2511072842118509,1.0227000423774242
1894,0,0,1,0,0,0,1,0,1,0,1,2,0,0,0,1,0,1,1,0,-0.025147924302675033,-0.09256025690687361,2.7164622589504925
1895,0,0,0,0,0,0,1,0,1,1,2,0,0,0,0,1,0,2,1,0,0.36868601852886096,0.5023896402728423,0.7878607308391934
1896,1,0,0,0,1,2,1,1,0,0,2,0,1,0,0,2,0,2,2,0,-0.6993256618173722,1.115878776329699,1.51829937829174
1897,0,0,0,0,0,0,0,0,2,1,0,0,0,1,1,1,1,1,0,0,-0.548604666311489,-0.3436979218980298,0.17946850974108708
1898,0,1,0,0,1,0,0,0,0,1,0,1,0,0,0,2,0,0,0,0,0.40915870914916497,1.0195427749338526,1.8574805929169247
1899,0,1,1,1,1,0,1,1,2,1,0,0,1,0,1,2,1,1,0,0,-0.45941071002161066,0.24441061962252064,-0.9647216320263237
1900,0,0,1,0,0,1,0,0,1,2,0,0,0,1,1,1,0,0,1,1,-0.13857130821797256,0.2043839405835608,-0.6521440010913867
1901,0,0,1,0,0,0,0,0,1,2,0,1,1,0,0,0,0,1,0,1,1.5704614374895531,-0.2811383313113722,0.09238637661111743
1902,0,1,0,0,1,0,0,0,2,0,1,0,1,0,0,1,1,1,0,1,0.6003864793213988,0.4746432636138922,1.2539344167637796
1903,1,1,0,0,0,0,0,0,1,2,0,2,2,0,1,1,1,2,0,1,-1.015242045773332,-1.7997953786910141,0.2563808400134852
1904,0,1,0,0,0,1,0,0,1,2,1,0,1,0,0,2,1,1,2,0,-0.8705000525159926,0.8555718265495753,-0.2955740051395328
1905,0,0,1,0,1,2,0,1,0,2,1,0,0,1,0,1,0,0,0,0,0.48741932487186684,0.42411218918438387,-0.3208442319804099
1906,0,0,0,0,0,1,1,0,1,0,2,0,1,1,0,1,1,0,1,1,0.4117781538895569,-0.9269991996514384,0.2568296493691703
1907,0,1,0,0,1,2,0,0,2,1,0,1,0,0,1,0,0,1,0,1,0.27844387120762143,0.8360926401216452,1.050628303731568
1908,0,1,0,0,0,1,0,0,2,0,2,0,1,0,1,0,2,2,0,2,0.7267583534159646,-1.5285935923678582,2.2930988548168205
1909,1,1,0,0,2,0,1,0,1,0,0,2,0,0,0,1,1,0,0,1,-1.0875781686590726,-0.1753698766690165,-1.2649065483148503
1910,0,0,1,0,0,1,1,0,1,1,0,1,0,0,0,1,0,0,1,1,0.4646939494731556,-0.34539261107220076,2.1808548641733396
1911,0,0,1,0,0,1,0,0,0,1,0,1,0,0,0,1,0,1,1,0,0.031089236574376587,0.09766912960496105,-0.000715034625372723
1912,0,0,1,0,0,2,0,1,2,0,0,1,1,0,0,2,2,0,0,0,-1.056126737273092,-0.2332299734860845,0.03561218781539971
1913,0,0,0,0,0,1,0,0,2,1,1,1,1,0,0,2,1,0,1,0,0.420153793837373,0.07760669962816816,-0.4044070676773672
1914,0,2,1,0,0,2,0,0,2,0,0,0,0,0,0,1,2,0,1,0,-1.4612308165372807,-1.5450285889969373,1.8172608653799405
1915,0,1,1,0,0,1,0,0,1,1,1,0,2,1,0,0,1,1,2,1,0.3760608201400297,-0.03485034617835306,0.8898348008853643
1916,0,0,1,0,0,0,2,0,0,0,0,1,1,0,1,0,0,0,0,0,-0.28246390045451325,-0.05175231490155291,1.6241388950512508
1917,0,0,1,0,0,1,0,1,1,0,1,0,1,0,1,1,1,0,1,1,0.5636593803668571,0.6702100651852245,0.32634642250460166
1918,1,1,0,0,0,1,0,0,1,0,0,0,2,0,0,1,1,1,1,1,0.9389599835540298,-2.8182231625890872,0.28558577750921277
1919,0,1,1,0,0,0,0,0,1,0,1,0,0,0,1,0,1,1,2,1,0.9512130601857545,-1.6580844632681484,2.4837332570492956
1920,0,0,0,0,0,1,0,0,1,1,1,0,0,0,0,0,0,0,1,1,-0.062313676518978504,-1.561252297457671,2.3728350105640517
1921,0,0,1,0,0,1,0,1,2,2,0,0,1,0,0,1,0,0,1,0,-0.3510385781382977,1.0943974932011682,-1.3650435071062073
1922,0,0,1,1,0,1,0,1,1,0,0,0,0,0,0,1,2,0,1,1,0.9111006448258144,-1.2733325572619214,0.8595050741866885
1923,0,0,1,1,1,1,0,0,1,0,1,0,0,0,0,0,1,0,0,1,0.16401379269670033,0.18820443080894778,1.0066482321389303
1924,0,0,0,1,0,0,1,0,0,1,0,1,0,0,0,1,0,0,1,1,1.9706734756368491,2.4599966489272784,1.0368698568404744
1925,0,0,0,0,0,1,0,0,0,0,0,1,2,0,1,0,1,0,1,0,1.0705599622828998,0.46617872006592276,-0.21762911419588948
1926,0,1,0,0,0,0,0,1,1,1,0,1,1,0,0,1,2,0,1,1,-0.7315946271142453,-0.03562743487037484,0.9877061850608368
1927,1,0,0,0,0,1,0,0,0,2,1,1,0,1,1,0,0,0,1,0,0.6005684999314436,1.1864719524315657,-1.90961576302594
1928,1,1,1,0,0,0,1,0,2,2,1,0,0,1,2,0,1,1,1,1,1.1742113861771057,-1.0719600434706398,0.3270002566319896
1929,0,1,0,1,0,1,1,0,2,0,0,1,1,0,0,0,0,1,2,1,1.710464711199844,0.922811475348263,-0.8383466247813556
1930,0,1,1,0,0,1,0,1,2,1,1,1,0,1,0,1,0,0,1,1,-0.4544582338902714,0.3727367458899167,-1.3716683907281548
1931,0,1,0,0,0,0,1,0,1,1,0,2,0,0,0,1,1,1,0,2,1.8081026987768232,2.8945260280156107,0.05291710262068405
1932,0,1,0,0,0,2,0,0,1,1,0,1,1,1,0,1,0,0,0,0,-1.1324035129480607,-0.6986868971880248,-0.17734677972770552
1933,0,1,1,0,0,0,0,0,0,1,0,0,0,0,0,0,2,1,1,1,-0.809636857996339,-1.0157802295589944,2.1049809675332836
1934,0,1,2,0,0,2,0,0,0,0,0,1,0,0,0,0,1,0,2,0,-1.297246646262535,0.39563617642314697,-0.6463371669327336
1935,0,1,1,0,0,1,0,0,0,0,0,0,1,1,0,1,2,2,1,1,-0.4930260985024435,0.7391944160217021,1.7627625322774612
1936,0,0,1,0,0,1,0,0,1,1,0,0,0,1,0,0,0,0,1,0,-0.12340572854233804,-0.3444065138333627,1.7797871884781935
1937,1,0,1,0,1,1,0,2,1,1,0,0,0,1,0,0,1,0,1,0,-0.627676881092088,-0.5758780612688323,-0.3014328505366946
1938,0,0,1,0,0,0,0,0,1,0,1,1,1,0,0,1,0,0,1,0,-2.2383290338191615,-1.9467708326958344,-1.4637899439214754
1939,0,0,1,1,0,0,0,0,0,0,0,1,2,0,0,1,0,0,1,1,1.1341212972070414,0.6636673033790124,-0.5032740942381706
1940,0,0,2,0,0,1,0,0,1,0,1,1,0,0,0,1,0,0,2,0,0.1742307991098687,0.037960557409360496,-1.3043629107424741
1941,1,0,1,0,0,0,0,1,1,0,1,0,1,1,1,1,0,0,2,1,-0.3199887917291978,-0.3611414273625701,0.513425680011956
1942,0,1,0,1,1,1,0,0,1,0,0,0,0,0,1,1,2,1,1,1,-0.19167772677087488,0.27669237362254184,-1.7281291755541597
1943,0,1,1,0,0,1,0,0,0,0,0,0,1,0,1,1,2,0,1,1,1.8252016062104208,-0.03883906086966926,-0.17643815101292026
1944,0,0,1,1,1,1,1,0,2,2,0,0,1,0,0,1,0,1,0,0,0.1627265865064045,1.0640778281205343,0.34599956170471813
1945,0,1,0,1,0,1,0,0,0,0,0,1,0,1,0,1,1,1,1,0,-0.9864769900393038,-0.13189543678901902,1.5544045959074484
1946,1,2,1,0,0,1,0,0,1,1,1,1,2,0,0,2,0,1,2,1,-0.25794634865369664,1.7318955559551512,0.43391587905857554
1947,0,0,2,1,1,1,0,0,0,1,0,1,1,1,0,1,0,1,1,0,0.6383516928686613,-0.31976119593778907,-1.2964983345624963
1948,0,0,0,0,1,2,0,0,0,0,0,1,2,0,0,0,1,0,1,0,-0.39601625662238754,0.12435632282144665,-0.5393186517716286
1949,0,1,1,0,1,1,0,0,1,1,1,0,1,1,0,1,0,2,0,1,-1.6051270210131523,-1.2469321611372133,-1.7480505774663273
1950,0,0,2,0,0,1,0,1,2,0,1,0,0,0,0,1,0,1,1,1,1.1858394306203979,1.1017160941156319,-0.8150046414603904
1951,0,0,1,1,1,2,1,0,1,1,1,0,1,0,0,1,2,1,1,1,-0.46266847880248696,0.795488804977174,-0.15440003501577462
1952,0,0,1,0,0,1,1,0,1,0,0,0,0,1,1,1,1,2,1,0,0.06909092028474154,-0.6479074326631269,0.46798872448758366
1953,0,0,1,0,0,0,0,0,0,0,0,1,0,0,0,0,1,0,1,0,0.6888087109564894,-1.236398740746008,0.6501135086706381
1954,0,2,0,0,0,0,0,1,0,1,1,0,0,0,0,1,1,1,0,0,0.31290863216206194,-0.2562381283465149,1.6632291265608667
1955,0,0,1,1,0,0,0,0,1,1,1,0,1,1,1,0,0,1,0,0,-1.8286122441275972,-1.1398743379722351,1.035745861338019
1956,0,0,1,0,0,1,0,0,1,0,1,1,0,0,1,1,0,0,0,0,-2.0418312935582414,0.009754561314561427,-0.29850337766770724
1957,1,1,1,0,0,0,0,1,2,1,0,0,0,0,0,1,1,1,2,0,-0.44726216560967863,0.3660462937051808,0.9530118182576705
1958,0,2,0,0,1,1,0,1,1,1,0,0,1,0,0,1,1,0,1,0,2.279350365621847,0.11501244681999079,0.4231885610121855
1959,0,0,0,2,0,1,0,1,0,0,0,0,1,0,0,1,0,2,1,1,0.9659932789930621,-0.21012418504401564,0.3380940490335747
1960,0,0,1,0,0,1,0,0,2,0,0,1,1,0,0,1,0,1,1,1,1.0964639709772674,-0.45088415145493443,0.318603526392702
1961,0,0,0,0,0,0,0,0,0,2,1,0,1,0,0,0,1,2,2,1,0.2952082190393779,-0.4941390789703614,0.11038629577043625
1962,0,0,1,0,0,0,0,0,2,0,0,1,2,1,1,1,0,0,1,1,0.8463029742570036,0.7496744505425903,-0.3215216532359904
1963,0,0,1,0,0,2,0,1,0,0,0,0,2,1,0,0,1,0,1,0,-0.2647687309985013,-0.2685776893940162,-1.1725633219086236
1964,0,1,1,0,1,1,0,0,1,1,0,0,0,0,0,1,1,0,1,1,-1.1605716351813802,0.08405522818863065,-2.048117570682224
1965,0,2,1,0,0,0,0,0,1,1,0,0,1,0,0,0,0,0,0,0,1.1855068270352505,0.6478925567753477,0.2595379486521025
1966,0,0,0,0,0,0,0,1,1,0,0,0,1,0,0,0,1,0,0,0,-0.5816826633951409,-0.17683447192015883,-0.1659931219198122
1967,1,0,0,0,0,1,1,0,0,0,0,2,0,1,0,1,0,0,1,0,0.9434500968273907,1.6514459027701143,-0.38496558975631134
1968,0,1,2,0,0,1,0,0,1,1,1,1,0,0,0,2,1,1,0,0,0.4318676354723187,1.222449787406235,-0.01799337260213041
1969,1,1,0,0,1,0,0,0,1,1,0,0,0,0,0,1,0,0,0,0,-1.6437002068676998,-1.4846482625566182,-0.2690813146461179
1970,0,0,0,0,0,2,0,0,0,1,0,0,2,0,0,1,1,0,2,0,0.43678746756235454,-0.48512720279910926,0.8483985957594771
1971,0,1,0,0,0,1,0,0,2,1,0,0,0,1,0,2,0,0,0,0,-2.7773066688701102,-1.6431355856924479,-0.5424783275357448
1972,0,0,0,0,0,1,0,0,1,1,0,0,0,0,1,1,1,0,0,1,-0.805689027444499,-0.5900448406278987,-0.13787591654327822
1973,0,0,1,0,0,0,0,0,0,1,1,0,1,0,0,0,0,0,1,1,-1.1233670609597908,-0.36447950759625825,-0.37384291585600626
1974,0,0,2,1,0,2,0,1,2,1,0,1,1,0,0,1,2,1,2,0,2.1424800000923367,0.5812591601038263,-0.31814222974047207
1975,0,0,1,0,0,2,0,0,2,0,0,0,1,0,0,0,0,1,1,0,0.7216912901925879,-0.5887789659535285,-0.8208444105123762
1976,1,0,0,0,0,1,0,0,1,0,0,0,1,0,0,1,1,0,0,1,-0.37569378811911525,0.16620414167222883,1.135773860906819
1977,0,1,1,0,0,2,0,0,0,1,0,0,1,0,0,0,1,1,1,0,-0.31181293436982827,0.007829519168683269,1.3579936305147438
1978,0,0,0,0,0,2,1,0,2,1,0,0,1,0,0,1,1,2,1,0,0.6954126659898392,-0.09020834494223817,0.2826833753098251
1979,1,0,0,0,0,2,0,1,0,0,0,1,1,0,0,2,2,2,1,0,0.7045514551087324,0.9140231519235105,-0.6566329993179864
1980,0,0,0,0,0,1,0,0,2,0,0,1,1,2,0,0,0,0,0,0,-0.2756369641686143,-0.47569582597980586,-0.8645341134970201
1981,1,0,1,0,1,1,0,1,2,1,1,0,1,0,0,1,0,0,1,1,-1.9637126030402539,-0.8396353827995124,-0.3883856556720938
1982,0,0,1,0,0,2,0,0,1,2,0,0,0,1,0,1,1,1,1,0,-1.0201230819055747,1.2784957551950156,-0.9628386701336943
1983,0,1,0,0,0,1,1,0,0,0,0,0,2,0,0,2,0,0,1,0,0.8444245946636022,0.9765817685048268,0.3331584387461622
1984,0,1,0,1,0,0,0,0,0,1,0,0,1,2,1,1,0,0,1,0,-0.30691593208300044,-1.084670549274368,1.1331734775134037
1985,1,1,1,1,0,2,0,0,0,1,0,0,1,1,0,2,1,0,1,0,1.038435722647556,-0.6363088005101221,-0.9943823662286404
1986,0,0,1,0,1,1,0,1,1,0,1,1,1,1,0,1,2,1,1,0,-0.37477323398052126,-0.6993305633322063,-0.2528644525866576
1987,2,1,0,0,1,1,2,0,1,2,0,0,2,0,0,1,1,1,2,0,-0.4833532797827468,-0.22989645977221884,0.9160430739209575
1988,1,1,0,0,0,0,1,0,1,0,0,1,0,0,1,0,1,0,0,0,1.3510381629377244,0.7971182011461753,3.323913734032402e-6
1989,1,1,1,0,0,1,0,0,1,0,1,0,0,0,0,1,1,1,0,0,-1.850069298724011,-0.885456842359688,2.031125279761738
1990,0,0,0,0,1,1,0,0,0,0,0,0,1,0,0,1,0,1,1,1,-0.25553542034963234,2.496148372248964,-0.9759425869424232
1991,1,0,2,0,0,1,0,0,0,0,0,0,1,1,0,1,2,1,2,1,-0.96275845613901,-0.6142409184975393,1.594979405314902
1992,0,0,0,0,0,0,0,1,2,1,0,1,0,1,0,1,1,1,1,2,0.5700495208334775,0.05235564216990407,1.4744133580585999
1993,0,2,1,0,0,2,0,0,0,1,0,1,1,0,1,0,1,0,0,1,1.5258529853435332,2.3148021301875463,2.1954521104044655
1994,1,0,1,0,0,1,0,1,2,0,1,1,2,0,0,0,1,0,1,0,-0.2274570232429435,-1.75502310580081,-0.072736967999666
1995,0,0,0,1,1,1,0,0,1,0,0,0,0,0,0,2,0,1,1,0,-0.9113640121869012,0.4752474990458138,-0.2582523073756548
1996,0,0,1,0,1,0,0,0,0,0,0,1,0,1,1,0,0,2,1,1,0.4400720859046886,-0.06585776506320762,-1.1620630395016038
1997,0,0,1,0,0,0,0,0,2,2,0,1,0,0,0,0,1,0,0,1,1.0319468979078725,-0.6937796590573786,0.49210953092852194
1998,0,0,0,0,1,1,1,0,2,1,1,0,2,1,0,1,0,2,2,1,1.2747543695602428,0.9131597687757728,-0.5712484908690816
1999,0,1,1,0,0,0,0,0,1,0,0,0,1,0,0,0,0,1,0,1,-0.26213464523619173,0.08840828947818746,-0.5341046584357387
2000,0,0,0,0,0,2,0,0,1,0,0,0,1,0,0,0,1,1,2,1,0.06015514549104446,-0.3540492783090134,0.15001327858342267
2001,1,1,1,1,0,1,0,0,0,2,0,1,2,0,1,1,1,0,0,1,-2.123745378586522,-1.3623715370557081,-0.46322519051935845
2002,0,0,0,0,0,2,1,0,1,1,1,1,0,2,0,0,1,0,1,0,0.5137771094114763,-0.06309922708246779,0.7550839408452185
2003,0,1,0,0,0,1,0,0,0,1,1,2,0,1,0,0,1,0,2,0,1.3985283266173052,0.16258407518498874,-0.7420087526700342
2004,0,0,0,0,0,2,0,0,2,1,0,0,0,0,0,0,1,1,1,1,-0.6413039224836466,-0.5846777531354037,-2.026419573713658
2005,1,0,1,0,0,2,0,0,0,1,1,0,0,1,0,1,0,1,1,0,0.07071688475000022,-0.7641294463724027,0.1257248567209027
2006,0,0,1,0,0,1,0,0,1,0,1,0,1,0,0,1,0,0,0,0,0.4301169488571114,-0.4709669917682801,0.8482878987684355
2007,0,0,0,0,0,2,0,1,1,0,1,2,0,1,1,0,1,1,0,1,0.09133046170274838,-0.7561034841774573,-1.0269039722278723
2008,0,0,0,0,0,0,0,0,1,2,0,1,1,0,0,1,0,1,1,0,-0.00026826486877471064,1.2950058793444357,0.22980928448356994
2009,0,1,0,0,0,2,0,2,1,1,0,0,1,0,0,1,0,1,0,1,-1.1581692728363777,-0.15899138403368332,0.6112109263928561
2010,0,0,0,0,1,0,0,0,1,0,1,0,1,2,0,0,1,0,0,0,0.4628697163956442,-0.05011117118555236,-1.9077563271878246
2011,1,0,0,0,1,1,0,0,0,1,1,1,0,1,1,1,2,0,1,0,-0.755207315061423,0.5755617292693238,0.801834850009509
2012,0,2,2,0,1,0,0,0,1,0,0,1,2,0,1,1,0,1,1,0,-2.152386457525027,-1.7383279087999712,0.3468848282686616
2013,1,0,1,0,0,1,0,0,0,1,0,1,0,0,0,2,0,2,0,0,-0.320188932594599,-1.2196658218427567,1.7411082061581649
2014,0,1,0,0,0,2,1,1,1,1,0,1,2,0,0,2,0,1,0,1,1.3522415642076069,0.5337510558556005,0.8325614888756359
2015,0,0,1,1,0,1,0,0,1,2,2,1,0,0,1,0,1,1,1,1,-1.7405249324544518,-2.4166336564381754,1.0928694971452164
2016,0,0,1,0,1,1,0,1,0,0,0,1,0,0,0,1,1,1,2,1,1.0800224509807685,0.9030642784223673,1.2650219764630624
2017,0,0,1,0,0,1,0,0,2,0,0,1,1,0,0,1,1,2,1,1,-0.32226105808989336,-1.2290538396139092,0.48130942087235834
2018,1,1,2,0,0,2,0,0,1,0,1,1,0,0,0,2,0,1,1,1,1.3693967920311565,1.6088456495715375,0.6245890520935931
2019,0,1,0,1,0,0,1,1,0,1,1,1,0,0,0,1,2,0,1,1,0.11825617498998783,0.3278563696821885,0.43479686206868295
2020,0,1,1,0,1,0,0,0,2,0,0,1,2,0,0,0,0,2,1,1,0.14846960325292252,0.18562783503035635,1.1826588908210929
2021,0,1,1,0,1,0,0,0,0,0,0,0,2,1,0,0,0,0,2,0,-0.804143207839893,-0.8785682706722546,0.651808308275398
2022,0,0,0,1,0,0,1,0,1,0,0,1,1,0,1,1,2,0,1,0,-0.8789028831751815,1.1934901375799387,0.14579129137413782
2023,0,0,0,0,0,1,1,0,0,2,1,0,0,0,1,1,0,1,2,2,0.6457848575945168,0.12798355016027463,-0.14593339890835494
2024,0,0,1,1,0,1,0,0,1,1,0,1,0,0,0,0,0,0,1,0,-1.1922338311692189,0.38076720048101387,-0.09292886772065434
2025,0,0,2,0,0,2,0,0,2,0,0,1,0,1,0,1,1,0,0,1,-0.5131864429336634,-0.2680406131897546,-0.39271875453827737
2026,0,0,0,1,0,0,0,1,0,2,0,1,1,1,1,0,1,1,1,1,0.6002494874351365,1.8032880038333392,0.41037170022246927
2027,0,1,0,0,0,1,0,0,0,0,0,0,1,0,1,2,0,0,0,0,2.0382486863403244,1.7641406025589665,0.40436436065570214
2028,0,2,0,0,0,0,0,0,0,1,0,0,0,1,0,1,0,1,1,1,0.10110269678885955,-0.5591879143232129,-1.2690087332333415
2029,0,1,2,0,0,1,0,1,1,2,0,0,2,2,0,1,0,0,1,0,-0.13154983137534665,0.36973264171572323,-0.9452582431203076
2030,0,0,1,0,0,1,0,0,0,0,0,2,0,1,1,1,2,0,1,2,-1.4154368810770952,-0.264085650758809,-0.9104226430768918
2031,0,1,0,0,1,2,0,1,0,0,0,0,1,1,0,0,2,1,1,0,0.5556920314083666,0.26077853453334526,0.782580805464488
2032,1,1,0,0,0,1,0,0,2,1,0,0,0,0,0,0,0,0,0,1,-2.2544840609132555,-0.7262419717626241,-1.7511367557942874
2033,0,2,0,1,0,1,0,0,1,1,0,2,2,1,0,1,1,1,0,0,0.25557510500048086,-0.6162790779022158,-0.4575588425794909
2034,0,2,1,0,0,1,0,1,1,1,1,2,1,0,0,1,1,1,2,1,0.05174980681294452,-1.009904808998462,0.14284968467829362
2035,0,0,1,0,0,0,0,1,0,0,1,0,1,0,1,0,0,0,2,0,0.7823958555757944,0.13162559572338378,0.42356881281656233
2036,0,0,0,0,0,0,0,0,1,1,0,0,0,0,0,2,1,0,1,1,-0.847056414238525,1.387541008931001,0.9909816134352265
2037,0,0,1,0,0,1,0,0,1,0,1,0,1,0,0,0,1,0,2,0,0.22147847576170993,-1.5060434955797186,1.5582206359460473
2038,0,0,1,0,0,1,0,0,0,2,0,0,2,1,0,0,0,0,1,1,0.5960738940638184,-0.7195139177953804,0.7685044482955399
2039,0,0,2,0,1,1,0,0,0,1,0,1,1,0,0,2,1,0,1,1,-1.2427939556670013,-1.05420858643343,-1.4305434139006363
2040,0,1,1,0,0,1,1,1,1,1,0,1,0,0,0,1,0,1,2,1,-0.8464279889473504,-0.08761875170854357,1.3216993320417596
2041,0,0,1,0,0,2,0,0,2,1,1,1,1,0,0,1,0,0,1,0,0.7518787247053818,0.44395674796358786,0.7817375413065291
2042,1,1,1,1,0,0,0,0,0,0,1,1,1,0,0,0,2,1,0,1,0.26281334174231064,-0.07510150602356641,-1.3505688467160961
2043,0,1,0,0,1,1,1,1,1,0,0,1,2,0,0,1,0,1,1,0,-0.2105809328567471,-1.411104116266888,0.9738044096421667
2044,0,1,2,0,0,1,1,0,2,0,0,0,1,0,0,1,1,0,1,0,0.25301394379971864,-0.10970683598480685,-1.3036099439235187
2045,0,1,1,0,0,1,0,0,1,1,1,1,0,2,0,1,0,0,1,1,0.03647829732227007,-0.6686477974096542,-1.062915525773013
2046,0,1,1,1,0,1,0,1,1,1,0,0,1,1,0,0,1,1,2,1,-0.10075461623730665,-0.9609665365704829,-0.22499084516323048
2047,0,0,1,0,0,0,0,0,0,1,1,0,1,0,0,1,0,1,0,1,0.21414532924802,0.9864649391908097,0.11869417982041947
2048,0,0,0,0,0,1,0,1,1,1,2,1,0,0,0,1,1,1,0,0,0.035204144252563005,-1.0253889975673598,0.7594647971309679
2049,0,1,2,0,0,1,0,0,1,0,0,1,0,0,0,1,1,1,0,1,2.0126602473777004,2.8533167519994267,2.07087503557865
2050,0,2,1,0,1,0,0,0,2,0,0,1,2,0,0,0,0,0,1,2,0.8496923117199967,-0.12688139248879177,-0.2977699628525201
2051,0,0,0,0,0,1,0,1,0,0,0,0,1,0,1,1,1,0,2,0,-0.12539128562311788,1.3043134135110337,2.119122943564058
2052,0,1,2,0,0,1,0,1,1,2,0,0,0,0,2,1,2,0,1,1,-1.0012743707551104,-0.5430267076235409,-0.27753881049282203
2053,2,1,0,0,0,1,0,1,1,1,1,1,1,0,0,0,1,0,1,0,-1.170728687401337,0.6180216373214444,-0.6655564610568931
2054,0,0,1,0,0,1,0,0,2,0,0,1,1,1,0,1,2,0,2,1,-1.9703279167953773,-0.3770488515372091,1.042859949264861
2055,0,1,0,0,0,2,1,0,1,0,0,1,1,1,0,0,1,0,1,1,0.5815720311080526,-1.3297592918860004,1.6378634543050827
2056,0,2,2,0,0,1,1,0,2,1,0,1,1,0,0,0,0,1,0,0,0.0429312435295939,0.5066172885019855,-1.7285209058285418
2057,0,0,1,0,0,0,0,0,2,0,0,1,0,1,0,1,2,0,1,0,0.4072768702359557,1.5884610121585854,-1.6715578851289945
2058,0,1,0,0,0,1,0,1,1,1,0,1,1,0,0,2,0,1,1,2,1.2917845653221773,0.8716819191051209,0.3872800199091436
2059,0,0,0,1,0,0,0,0,1,2,1,0,0,1,0,0,0,0,0,0,0.7146292079684599,-0.3016974035506165,1.2695263291814682
2060,0,0,1,0,0,0,0,0,1,1,0,0,1,1,1,1,0,0,0,1,0.7442428933567891,0.32964378989559295,-0.6280335568774478
2061,0,1,0,0,0,0,0,0,0,2,1,0,1,0,0,1,0,1,2,0,1.0857743544203382,0.5304261754061254,-0.43714119231149495
2062,0,0,0,0,0,2,1,0,1,0,1,1,0,2,0,1,1,1,1,1,-0.39537675984702686,-0.05064291208817447,2.5556263915018707
2063,1,2,0,0,1,2,0,0,2,0,2,2,0,0,1,2,0,0,2,0,-0.2479875651717127,1.5485045060607536,0.43563781146580915
2064,0,0,1,0,0,1,1,2,2,1,0,0,0,1,1,1,0,0,2,0,1.4059504741693534,1.839381479232265,0.3270167370837767
2065,0,0,1,0,0,1,0,0,0,1,0,1,0,0,0,0,1,2,0,0,-1.4220378253179031,-0.12421046835675237,1.3246748653197178
2066,0,0,0,0,1,2,0,0,1,0,0,1,1,0,0,1,2,0,0,2,0.1555691809787606,-0.18159235744860214,-0.17140409296491813
2067,0,1,0,0,0,1,0,1,1,0,0,1,1,1,0,1,0,0,1,1,0.14478822329130747,0.9066404116156647,0.00269295787043905
2068,0,0,0,0,1,1,0,0,1,1,1,1,1,1,1,0,1,0,2,0,0.30285835553176044,-1.6129422413252357,-0.24702563725371818
2069,0,0,1,0,0,1,0,0,2,1,0,0,0,0,0,1,1,0,1,0,-1.2645308892290466,-0.46256072147713967,-1.0227195919374539
2070,1,0,1,1,0,1,0,0,1,1,2,1,1,0,0,0,1,0,0,1,0.5297972135864618,-0.9129114277035669,-1.8300978791017561
2071,0,0,1,0,0,2,0,0,1,1,1,1,2,1,0,2,1,2,2,2,0.5884828305689241,-0.021507120239307786,1.712632497472691
2072,0,1,1,0,0,0,0,0,1,0,0,1,0,0,0,0,0,1,0,1,0.837161932013902,-0.0355573854581141,1.0736239161135939
2073,0,1,2,0,0,0,0,0,1,1,1,1,0,0,0,1,0,2,1,1,1.2004664578965376,0.34997461033502036,0.8343314337931967
2074,0,1,1,0,0,2,0,0,0,0,0,1,2,1,0,1,1,0,1,1,-1.664653661715706,-0.39939508092744236,0.8493233279892762
2075,0,1,2,1,0,1,1,0,0,0,0,0,0,0,0,1,1,0,0,0,0.08522447091807799,0.8300350458054051,0.4672304929045604
2076,0,0,0,1,0,1,0,0,0,0,1,2,1,0,0,1,0,1,1,0,0.16110042863472263,0.6412253858287854,-0.8561014303199531
2077,1,1,2,0,0,0,0,1,0,1,2,2,1,0,1,0,0,1,1,1,-0.05809688052996657,-0.01925009167434144,-0.41816493186751064
2078,0,1,1,0,0,1,0,0,0,0,0,0,1,0,0,0,0,1,1,1,1.6421347072836487,1.1786847823062083,-0.1014103199188201
2079,0,2,1,0,0,2,0,0,1,1,1,0,1,0,0,1,2,0,0,1,1.190086085677739,1.3165053806241858,1.122268778277745
2080,0,0,0,0,0,0,0,1,2,0,1,2,1,0,1,1,1,0,0,1,1.417579282600698,-1.3579603908265039,-0.1719491077555172
2081,0,0,1,0,0,0,1,0,2,2,0,0,0,0,0,0,0,0,1,1,-0.07019343156697223,0.4785060692025364,-0.8805576603112237
2082,0,0,1,0,0,1,0,0,2,1,0,1,0,1,0,1,1,1,1,1,-1.2669614477533824,-0.9723797500932,-1.179243955860027
2083,0,1,1,0,0,1,0,0,2,0,2,0,1,0,0,1,0,0,2,2,-0.18213371148134236,0.707220318116985,0.5585415571355029
2084,0,1,0,0,0,2,1,0,1,0,0,0,1,0,0,2,1,1,1,2,-0.05911994826556207,-0.32355730973518343,-0.6822055668532413
2085,0,2,0,0,0,1,0,0,1,0,1,0,1,0,0,1,1,0,1,0,0.8559110599237448,0.6741884127238233,0.41438506562567123
2086,0,1,1,0,0,2,0,0,1,0,0,1,2,2,0,1,0,1,1,1,0.9993231209148008,0.2647765202676685,0.178043283661953
2087,0,0,0,0,0,1,0,1,2,0,0,0,1,1,0,1,1,2,2,1,-0.8373472584525868,1.1989476276392663,0.12767684252160863
2088,0,0,1,1,0,1,0,0,0,1,0,0,1,0,0,0,1,0,0,0,-1.8697260849338873,-1.4855456310246535,-0.33749193014822265
2089,1,0,1,0,2,0,0,0,0,0,1,0,2,0,0,1,2,1,0,0,-0.1070164770129397,0.8380301772876136,0.19351269353542652
2090,0,1,2,0,0,1,1,0,1,1,1,0,1,0,1,1,1,1,2,0,2.0704001132327443,-0.2388939178189392,-0.975880498080316
2091,0,1,0,0,1,1,0,0,0,0,2,0,2,0,0,1,0,1,1,2,-0.34947987104460065,-1.1654401625011437,0.8668372734212212
2092,0,0,1,0,0,1,0,1,1,0,1,0,1,0,0,1,0,1,1,2,-1.2237546480412087,-0.9284025827184492,0.6242955426673049
2093,1,1,0,0,0,1,0,0,2,0,1,1,1,1,0,1,0,0,1,1,-1.03549690622614,-0.5986938379605676,0.04404460071523503
2094,0,0,0,0,1,2,0,0,2,2,0,0,0,0,0,2,0,0,0,1,-0.7575641543193494,1.4798830909917144,1.459549648271206
2095,0,1,0,1,0,1,0,0,2,0,0,0,0,0,0,2,1,2,0,0,1.146771892642789,-0.2572220909977754,2.364475398815166
2096,0,2,0,0,0,2,0,1,0,0,0,1,0,1,0,2,1,0,1,1,-0.3029640758667194,-0.7487880646483627,-1.1710153685580171
2097,0,0,1,0,1,0,0,0,2,0,1,1,0,0,0,0,1,0,1,0,-1.3680447265623685,-1.6954066715272464,1.7253876854208048
2098,1,2,0,0,1,1,0,0,1,1,1,0,1,1,0,0,2,0,2,1,0.20262145575126414,1.4805819148234487,0.449560070763649
2099,0,1,0,0,0,1,0,0,2,0,0,0,0,1,0,0,2,0,1,0,-1.2831002633965778,-1.8287140129376047,-0.13356607267272735
2100,0,0,0,0,1,2,1,0,2,1,0,0,0,1,0,0,1,0,1,0,0.7316003211887095,-0.18421927975669877,-0.4326715087649453
2101,0,1,2,0,0,0,0,2,1,0,1,0,0,1,1,1,1,1,1,1,-0.2698629338820496,-0.8309649096708938,0.3718395926371109
2102,1,0,0,0,0,1,0,0,1,0,0,2,1,0,0,1,0,0,1,1,1.6493238124807588,-0.08899622953577302,1.738293141982976
2103,0,1,2,0,1,1,0,1,0,0,1,0,0,1,0,1,1,1,0,1,-0.11495312425284812,-2.063584684779293,1.9873220955000739
2104,0,0,1,0,0,1,0,0,0,0,1,0,1,0,0,0,0,0,0,0,0.9309283428181949,0.2172779669674435,1.3356401986962603
2105,0,0,1,0,0,2,0,0,1,2,1,0,1,1,1,1,0,1,1,0,2.33973418014139,3.0959252486411115,2.044999988867352
2106,0,1,0,0,0,1,0,0,1,0,0,2,1,1,0,0,2,0,1,1,-0.3226216154277353,-1.6429211457101767,0.48666724166866354
2107,0,1,0,0,0,2,0,0,2,1,0,2,1,0,0,1,1,0,1,0,-1.4991392723195114,-0.9068298998588719,0.5761396407001991
2108,0,0,1,0,0,1,0,0,0,2,0,2,1,0,0,0,1,2,2,0,-3.3182048385763614,-0.9113354020133262,-0.7386995433489638
2109,0,0,1,0,0,1,0,0,1,1,0,0,2,1,0,0,1,1,0,1,1.7638541854620924,1.0866057604288084,1.9621009367263378
2110,0,0,1,0,1,1,1,0,1,0,1,0,2,0,0,0,0,1,2,0,-0.25756128121440636,-0.42957245096342606,-1.0794739458967062
2111,0,0,1,0,1,1,1,0,2,2,1,1,2,0,1,2,1,0,2,0,0.9838428725401409,0.4408848750685688,0.15151798090541832
2112,0,0,1,0,0,0,0,0,1,0,1,0,0,0,1,0,1,0,1,1,0.562163799099054,-2.937353893807676,0.9430999272597165
2113,0,0,1,0,0,0,1,0,1,0,0,1,1,1,0,0,2,0,1,0,0.43328789453896804,-0.30745082266410517,-1.028326276232907
2114,1,0,0,0,1,0,0,0,2,0,0,0,1,0,0,0,0,0,1,0,-0.6021059981053146,-0.793620393788389,-0.4495609146406312
2115,0,1,0,0,0,0,0,0,1,0,0,1,1,1,0,1,0,1,0,0,0.09579399398852682,-0.3774013215469554,2.118910703952526
2116,0,0,0,0,0,1,1,1,1,1,0,1,1,0,0,2,0,1,2,1,1.2623710452775043,1.6336286414684287,-1.8877919847329254
2117,0,0,0,0,0,1,0,0,0,0,1,0,1,0,0,1,1,1,2,0,0.6572817691587558,0.6387193102505677,-0.25665053496454304
2118,0,0,0,0,0,1,0,1,1,1,0,2,0,0,0,1,0,0,1,1,0.21644374770466407,-0.6113655492962026,1.547060580469434
2119,0,1,0,0,0,0,0,0,2,1,0,1,1,2,0,1,1,1,0,2,1.2278035000110554,0.8014501354315585,0.14519708619262672
2120,0,0,1,0,2,1,0,0,1,1,0,0,0,1,0,0,0,0,1,2,0.9876771686676412,-0.09981286675523404,-0.3784211620469378
2121,0,2,0,1,0,1,1,0,0,0,1,1,0,1,0,1,1,1,1,1,0.1439182203921209,-0.7328550343847111,0.4883303834097309
2122,0,0,1,0,0,1,1,0,1,1,0,0,0,1,0,1,0,0,2,1,-0.5208049102028601,-0.09442681677141879,0.6174474653694982
2123,0,1,2,0,0,0,0,1,1,1,0,1,1,0,0,1,1,1,1,1,0.46953249098277333,0.07449634695560098,1.9944213220814688
2124,1,0,0,0,0,1,0,1,2,0,0,0,0,0,0,0,0,0,1,0,-0.16254575770356294,-0.005213414087220758,-2.7435900797386905
2125,0,0,2,0,0,1,0,0,1,0,0,2,1,0,0,1,0,1,2,2,-0.23114921814549128,1.7280420059060637,0.43521278552036896
2126,0,0,0,0,0,1,0,0,2,1,0,1,0,1,0,2,1,1,1,0,0.5030791949471171,1.1133032293218386,1.069605587450489
2127,0,0,0,1,0,1,0,0,1,0,0,2,0,0,0,0,1,2,0,1,0.9768483575209608,-0.558203825953225,-0.4302682743931183
2128,0,0,1,0,0,0,0,1,1,0,1,0,0,0,0,1,2,0,2,1,0.8757994797920704,-0.934736709531532,0.770994142333193
2129,0,1,1,0,0,2,0,1,0,0,0,0,1,0,0,2,1,0,1,1,-2.093205246318404,-0.04838493075852435,0.6496880006189123
2130,0,0,1,0,0,1,0,0,2,1,1,0,0,0,0,2,0,0,1,1,0.1057237881526293,1.3979924160868518,0.973655719792289
2131,0,0,1,0,0,0,0,0,2,0,0,0,0,0,0,1,0,1,1,1,0.5752466456592512,1.8133808785913308,2.361890903693013
2132,0,1,0,0,1,0,0,0,1,0,0,0,0,1,0,0,0,0,0,1,1.9292656820826746,0.8786870957040074,-1.1043749599895767
2133,0,0,2,0,0,1,0,0,1,0,0,0,0,1,0,0,0,0,1,0,-0.3246781613943058,0.22782720327884123,-0.13120268515891473
2134,1,0,0,0,0,1,1,0,1,0,0,0,1,0,0,1,1,2,0,0,0.6859157105800507,0.35414250501525235,-0.0388519568652171
2135,0,0,1,0,0,1,2,0,0,1,0,0,1,1,0,1,1,1,2,0,-0.5052743805758345,0.8010303875311461,-1.1959552530925937
2136,0,2,1,0,0,1,1,1,0,0,1,0,1,0,0,1,0,2,0,1,0.19123792850928548,-0.8549678622018965,2.3482195384465596
2137,0,1,0,0,0,1,0,1,2,1,1,1,1,2,2,0,1,0,1,1,-1.896116426453832,-1.2092438589957377,-1.2239950263284431
2138,0,0,1,1,0,2,0,1,1,0,1,0,1,1,0,2,1,1,2,0,-2.3266314524763723,-0.24461320883871485,-0.641632047261937
2139,0,1,1,0,0,1,0,0,0,2,1,0,1,0,0,0,1,0,0,1,-1.2225460155952539,-1.2645197429259034,-1.5327255721933053
2140,0,0,1,1,0,1,0,0,1,1,0,1,1,0,0,1,0,0,1,0,0.8019094222194066,0.12451559102339094,-0.2126720613829211
2141,0,1,2,0,0,1,0,0,1,1,1,0,1,0,0,0,0,0,2,0,0.22132466312109614,0.06551142369704546,0.5918292399962876
2142,2,0,0,1,0,2,0,0,1,1,0,0,2,0,0,0,1,0,0,0,-0.9567720028372402,-0.10798575203942978,-1.2630896575383543
2143,1,0,1,0,0,1,0,0,1,1,0,1,0,0,1,1,2,1,0,0,-0.09693740997133014,-1.9385014455179814,1.5668273622358433
2144,0,0,1,1,0,1,0,0,1,0,0,0,1,0,0,1,0,0,2,1,0.002627106097056208,0.3283667598433857,1.2138461683201471
2145,0,0,0,0,0,0,1,0,2,1,0,2,1,0,0,1,0,1,1,0,0.825793533737771,-1.5866622804829233,0.8153298134862448
2146,1,0,1,0,0,0,0,0,2,1,0,0,0,0,0,1,0,0,1,0,0.20160721484298516,0.9143224271298567,-0.9308244598049609
2147,0,0,0,0,0,2,0,0,0,2,2,0,0,1,0,0,1,0,0,1,-1.3415582488716153,-1.4650748213079394,-0.024394347405654243
2148,0,1,1,0,0,0,0,1,0,1,0,1,1,0,0,0,1,2,0,1,0.061307175503642224,0.5678881085063708,0.5834688608278906
2149,0,1,1,0,0,0,1,1,1,1,0,0,1,0,0,2,0,1,1,0,1.1535454109016907,1.215780650174817,-0.6014101754783245
2150,0,0,1,0,0,1,1,0,1,0,0,0,1,0,0,1,0,0,2,0,0.8713145278441728,-0.4494125609109394,-1.3306048468026035
2151,0,0,0,0,0,1,0,0,0,1,0,1,0,0,0,1,0,0,1,0,-0.21046398094354407,0.24443248036317705,0.0990169085793286
2152,1,0,0,0,0,1,0,0,1,0,1,1,1,2,0,1,2,2,1,1,0.7691537788921985,-0.3226395035383918,-0.8732541067857261
2153,0,1,1,0,0,1,1,0,0,1,0,1,1,0,0,1,1,1,0,0,0.31309496299856215,-0.3041503205651448,-2.2742555193960667
2154,0,1,1,0,0,1,0,1,1,1,2,1,0,0,0,0,0,1,1,0,2.050987316184498,-0.4748023761994452,2.1656248426746822
2155,0,1,0,0,0,1,0,0,2,2,1,2,1,1,1,0,1,0,1,0,2.0836680417805478,-1.0836989953163907,1.6158008132276143
2156,0,0,1,0,0,1,0,0,1,0,1,0,0,0,0,0,0,0,1,1,-0.32478174247389313,-0.14427352045486963,-0.36849028215036617
2157,0,0,0,0,0,1,0,0,0,1,0,0,2,1,1,1,1,1,1,0,-0.39479515854459807,0.542376562916904,1.385547853053289
2158,0,1,1,0,0,2,0,0,1,0,1,0,1,1,0,0,0,2,1,0,-1.5576014693865647,-0.605093988676801,-1.3804196921623482
2159,0,1,1,0,0,1,1,1,1,0,0,0,0,0,0,0,0,1,2,0,1.3143438399699934,1.8654889488454267,-0.39312174935439725
2160,0,0,1,0,0,1,0,0,2,1,1,1,1,1,1,1,0,0,1,1,-0.9226910640342938,0.08892835180536507,-1.1989761014794242
2161,0,0,1,0,0,2,0,0,2,1,0,1,1,0,1,1,0,1,1,1,0.7790683025957635,1.1873320270430154,0.9430210229325643
2162,1,0,1,0,0,2,0,0,1,0,1,1,2,0,0,0,2,1,2,0,-0.8757187578664588,-0.23126023945447294,-0.7795991037593635
2163,0,0,1,0,0,1,0,0,2,1,0,0,1,1,0,0,0,1,1,1,1.5567568335437947,0.183460495863231,-2.294560290196115
2164,0,1,1,0,0,0,0,0,1,0,1,2,1,0,0,1,0,1,2,0,-0.27789887114536477,1.2685353068742242,0.5507063382469276
2165,0,1,0,0,0,1,0,0,2,1,0,0,0,0,0,1,0,0,1,1,-0.13415922026811766,-0.13938160037081174,0.38512226983987885
2166,0,0,0,0,2,1,1,0,1,0,0,1,0,0,0,1,1,1,1,0,-0.16854900500113876,-0.33112950768424554,1.5184981835916385
2167,0,1,1,0,0,2,0,0,2,0,0,0,2,1,0,1,0,0,1,1,-0.5793323278029832,-0.1883819662494789,0.3511026472872699
2168,0,1,1,0,0,2,0,0,1,0,0,2,1,0,1,1,1,0,1,1,0.1867384642664516,0.7548123540603311,0.778655240655126
2169,1,0,1,0,0,2,0,0,0,0,0,1,0,0,0,0,1,0,1,0,0.13460555580891811,0.5737166240922638,-1.8935137467562555
2170,0,1,1,0,0,0,0,0,1,0,1,1,1,0,0,1,1,0,0,1,0.4443200362882122,-1.8876658408493596,-0.6535717129881298
2171,0,0,1,0,0,0,0,0,0,1,2,1,1,0,0,0,0,1,1,1,-0.9286097233781008,-1.8807750200931375,1.8150401843295207
2172,0,1,0,1,0,1,0,1,1,1,1,0,1,0,0,2,0,2,1,0,0.8853001297224128,0.745041467873401,-1.3072526997824498
2173,0,0,1,1,1,1,0,0,0,0,0,1,1,1,0,0,1,0,1,0,1.257703152422904,-0.20407784809125729,-0.44925028432592745
2174,1,0,0,0,0,2,0,0,2,0,0,0,1,0,0,0,1,1,0,0,-0.07866831184422768,-1.3007530702239882,1.157380468339461
2175,0,0,1,0,0,1,0,0,1,1,0,0,0,0,0,0,2,0,2,0,-1.0833140983924718,-0.7687684510889208,0.38748090494123916
2176,0,0,0,0,0,1,0,0,1,0,1,0,0,0,0,0,1,1,0,1,-0.4581184736137739,-0.012217378649074517,0.7200718557826798
2177,0,1,0,0,1,1,0,0,2,2,0,1,1,1,0,0,0,1,0,0,0.08891811206076872,-0.8030425075864169,-1.7040905816883525
2178,1,0,1,0,0,1,0,0,1,0,0,1,0,0,0,1,1,0,0,0,0.19969686480560123,-0.6537297442187928,0.4967663063332618
2179,0,2,0,0,0,1,0,0,0,1,1,0,1,0,0,2,1,0,2,1,-1.137289474111251,0.17707297527345106,0.1969455971434511
2180,0,0,0,0,1,2,0,0,1,0,0,1,1,0,0,0,0,0,0,0,-0.8860655923496545,-0.7727759102491455,-1.6426951225411444
2181,1,1,1,0,0,0,0,1,2,0,0,1,2,0,0,1,1,1,0,0,-1.3786052208871593,-0.8809124024684813,-0.2825273325750213
2182,0,1,1,0,0,0,0,0,0,0,0,0,0,0,0,1,0,1,1,1,1.3481244527046023,-0.030939460540072572,-1.172889334495779
2183,0,0,1,0,0,0,1,0,2,1,0,0,1,0,1,0,1,0,1,1,0.592359482121737,0.885549835455103,-0.6224476092983136
2184,0,0,1,0,0,1,1,0,0,1,0,0,0,1,1,0,0,0,2,1,2.3089626791768234,0.8188693495276474,-0.06793753830119714
2185,0,0,0,0,0,2,0,1,1,1,1,0,0,1,0,0,2,1,1,1,0.27151180468457814,-0.047642150955301846,-2.212259839768014
2186,1,0,1,0,1,2,0,2,2,1,0,0,0,1,0,0,1,1,0,1,-0.1773977099616902,-0.9222211834735727,-0.17683511710527422
2187,2,2,1,0,0,0,0,1,0,1,0,2,1,1,0,1,0,1,1,1,0.4370969537723343,0.6951679930421505,0.06532164154558145
2188,0,1,0,0,0,0,0,0,1,1,0,0,1,1,0,1,0,0,0,1,0.023114980914822253,0.10585571687446396,0.8151682129786313
2189,0,0,0,0,1,0,0,0,2,1,1,1,0,0,0,0,0,2,2,1,0.653959186206346,-0.9447282215246205,1.1348788049801037
2190,0,1,0,0,0,1,0,0,1,1,1,0,0,1,1,1,0,1,2,0,-0.6448236436555769,-0.5289144843639408,0.4298135394737095
2191,0,0,0,0,0,1,0,0,1,0,0,1,1,1,0,1,1,0,1,0,0.16885410622504962,0.008109499977989335,0.7578899738645861
2192,0,1,1,0,1,2,0,0,2,2,0,1,2,0,1,2,1,1,1,1,-0.16001076492765215,0.7640458891611928,-0.7520022730260381
2193,1,1,0,0,0,1,0,0,1,2,0,0,1,0,1,0,1,0,1,0,-0.8023084328233739,-0.8790850668360433,0.21016873682255147
2194,1,1,2,0,0,0,0,1,2,1,0,1,2,0,0,1,0,1,0,2,-0.24518179378829552,-1.3884852731903667,1.4299792921029122
2195,2,1,0,0,0,2,0,0,2,1,1,0,0,1,0,0,1,1,0,1,2.8039929503721357,-0.14739371719278327,-0.1530875679326263
2196,0,1,1,0,0,1,1,0,0,0,0,0,0,0,0,0,1,1,2,1,0.015122500564783526,0.15310625381256948,-2.6099782551315527
2197,0,2,0,0,0,2,0,0,1,0,0,1,0,0,0,1,0,0,1,0,0.3755337924521723,1.3647451405947062,0.10558124308470743
2198,0,2,0,0,0,2,0,1,2,0,0,1,2,0,0,2,1,1,2,0,-0.0027597183120173273,-0.10713145088467638,0.4397934133099892
2199,1,0,2,0,1,0,0,0,0,1,0,1,1,1,1,1,0,0,1,2,-0.45585852428309626,-0.3672975340565692,-0.023498540728803877
2200,0,1,1,1,0,0,0,0,0,1,0,1,1,1,0,1,0,0,0,1,0.8572136390365147,1.1644111888135549,-0.8515611351161239
2201,0,0,2,1,0,0,0,0,1,0,0,0,1,0,0,1,1,1,2,0,-0.7665706597625356,0.43776203490916027,0.2749620923307179
2202,0,1,1,0,0,1,0,0,1,0,0,0,0,2,1,0,1,0,2,0,0.6038828236348261,-0.0044433400951159885,-1.3111749634557273
2203,0,0,0,0,1,0,0,0,1,1,0,0,0,1,0,1,2,0,1,0,1.3639704970575641,-0.20410327309842657,-1.5995230070553128
2204,0,0,1,0,0,1,0,0,0,0,1,1,1,1,1,0,0,1,1,1,0.8685255287356726,0.5770740075213935,-1.018557962423883
2205,0,1,2,0,0,1,0,0,0,1,0,1,1,0,0,0,2,0,1,0,-1.1204192291250916,-1.2186756852505676,-0.20435463745866037
2206,0,0,0,0,0,1,0,0,1,0,1,0,0,0,0,0,1,0,1,1,-0.5096012141766443,-1.1262499886463175,0.8613576258614956
2207,0,0,0,0,1,0,0,0,2,2,1,2,1,0,0,1,0,1,1,1,-0.9452854820167832,-0.040703952106793284,0.07492748251583264
2208,0,1,0,0,0,1,0,0,1,0,0,0,0,0,0,1,0,1,1,0,-0.22680598089413392,-0.8432189815250484,-1.8897096712915782
2209,1,0,1,0,1,2,0,0,1,0,2,0,1,0,0,2,0,0,0,2,1.2034433483341453,-0.9673016921659472,0.8862903782855395
2210,0,0,1,0,1,0,0,0,2,1,0,0,2,1,0,1,2,1,1,0,-2.285381013884126,-0.9763641185092324,-0.11464365715249053
2211,0,0,1,0,0,2,0,0,1,1,0,2,1,1,0,1,1,1,1,0,0.01298646611913222,1.0691149363652963,-0.05594898060888531
2212,0,2,1,0,0,0,1,1,2,0,0,1,1,0,0,0,2,0,2,0,-0.2676868207255508,-3.0900727597096243,1.8755003144049867
2213,1,2,1,0,0,1,0,0,1,0,1,0,0,0,0,2,1,1,0,1,0.601081672963535,-0.09686472165095271,0.1401262565316811
2214,0,1,1,0,1,0,0,1,2,1,1,1,1,1,0,0,1,1,0,2,1.340090872169038,1.2346078023266265,0.3392905886569867
2215,1,0,1,0,0,1,1,0,1,0,1,1,0,0,0,1,0,1,0,2,-0.4098502930207926,0.9501305737936239,0.956215617128563
2216,0,1,1,0,0,1,0,0,0,1,0,0,1,1,1,2,0,1,1,0,0.48320802473604446,1.0377864625491349,-0.02621523982527485
2217,0,0,0,0,0,1,0,0,0,1,1,0,0,1,0,0,2,1,0,1,-0.5321281288825729,-0.4389583411137335,-1.1434594320821265
2218,0,1,1,1,2,2,0,0,1,1,0,0,1,0,0,1,1,0,1,0,0.17537855079783612,-0.8123556206816023,0.9862089992236206
2219,0,1,0,0,0,1,0,0,2,1,0,0,1,2,0,0,2,0,2,1,1.717840557069875,0.6945578994678959,1.2121752203190672
2220,1,0,1,1,0,1,0,0,0,0,0,1,2,0,0,1,0,2,0,0,0.5142135579540098,-0.10147338023646207,-0.5370731867551306
2221,1,0,1,0,1,2,0,1,2,1,0,1,0,0,0,2,0,1,0,0,-0.1407387579829613,-0.12639211709675574,0.579927838420701
2222,0,2,0,0,0,1,0,2,2,0,1,1,0,0,0,2,0,0,1,0,-0.7475494483523892,-1.1055195486837137,-0.04206772773771274
2223,0,0,1,1,0,1,0,0,1,1,1,1,1,0,0,1,1,0,1,0,0.13298334087939892,-1.4348174214285643,-0.606771896709746
2224,0,0,0,1,0,0,0,0,1,0,1,1,1,0,1,2,1,1,1,0,-0.4374474705352301,-0.8546073497882625,0.2592080801161849
2225,0,0,0,0,0,1,0,0,1,0,1,1,0,0,0,1,0,1,1,2,0.39930793565199074,-0.43354845444899637,0.4006244743292867
2226,0,0,1,0,0,1,0,0,1,0,0,1,1,0,0,0,0,0,0,1,-0.8531341006211669,-0.8021057013069877,-0.21549465172393695
2227,1,0,1,0,1,2,0,0,1,1,1,0,1,1,0,1,0,1,0,0,-0.32362153251727377,0.09517067217608832,1.0201948987171412
2228,0,1,1,0,2,1,1,0,2,2,0,1,0,0,0,1,0,1,1,0,0.06935422368594482,-0.4402233141019021,-0.7488271791703466
2229,0,0,1,0,0,0,1,0,0,1,1,0,0,0,0,2,1,0,2,0,0.8743376259403478,1.504139561111792,1.096510423452777
2230,0,0,1,0,0,1,1,0,0,0,1,1,2,1,1,2,0,1,0,1,0.7898756008992911,1.1143061768824922,-1.583831627423169
2231,0,1,1,0,0,2,0,0,1,1,1,0,0,0,0,1,2,2,0,0,0.9165683944062936,0.2064589056043592,-1.0579029618864815
2232,1,1,1,0,0,2,0,0,1,0,1,2,1,1,1,1,1,0,1,0,0.16440191143537894,0.19054110357676196,0.1787283415912208
2233,0,0,1,0,0,0,0,0,0,1,1,1,1,1,0,2,0,1,0,0,-0.16353657257745363,-0.4363994078001584,0.4174432868634059
2234,0,0,1,0,1,2,0,1,2,0,0,0,0,0,0,0,0,0,0,1,-1.683590580502181,0.7102922918235808,-1.0280181530122372
2235,0,1,1,0,0,2,0,0,0,0,2,0,0,0,0,0,1,1,1,1,-2.350310050513897,-2.01126835614159,-0.08540120970935328
2236,0,1,2,0,0,2,0,0,1,0,0,0,2,0,0,2,1,1,0,0,0.9728992104128815,-1.5409993772430113,-0.7314709373533087
2237,0,1,0,0,1,2,0,0,2,0,0,1,0,1,0,1,1,1,1,1,0.27024051252541403,-1.2788156464155667,-0.4097149319094183
2238,1,0,0,0,0,2,0,0,1,2,0,0,2,0,0,2,0,0,1,0,-0.18361390435789823,1.4477308374072784,-0.04355722646703053
2239,0,0,1,0,0,1,0,0,1,2,0,1,1,2,0,2,0,1,2,0,1.4433461313381915,0.36995055898120066,-2.1753511056881942
2240,0,1,0,0,0,2,0,0,0,0,0,2,1,1,0,1,1,0,1,1,-0.7391773154413271,0.4808801530744894,-0.3875115137893451
2241,0,1,1,0,0,2,0,0,1,2,0,0,2,0,0,0,0,0,1,1,-0.5026237887446257,-0.6582404497974929,-0.20179475325526455
2242,0,0,0,0,0,0,0,0,1,1,1,2,1,0,0,1,1,0,0,0,0.9142097168882815,0.6277040399000395,-0.013629708330982204
2243,1,1,1,0,0,1,0,0,1,0,0,1,1,1,0,0,0,1,2,0,0.346011066517957,0.4944456305988688,1.198872318070146
2244,0,1,2,1,0,2,0,0,1,0,0,1,0,0,0,2,1,0,1,1,0.04195184371453889,0.07212851986824309,1.0175581335097608
2245,0,0,0,0,0,1,0,0,2,2,0,1,1,0,0,1,1,1,1,1,-0.5277076897925204,2.5715471021386547,0.29436394768253216
2246,1,1,0,0,0,1,0,0,2,1,0,1,0,0,0,1,0,0,2,1,0.3301127953641461,0.5644920300624591,0.14489426122436855
2247,0,2,0,0,0,2,0,0,1,0,0,0,0,0,0,1,1,1,0,0,0.07189117489921164,0.3380006288589822,0.9403916085005519
2248,0,0,0,0,0,0,0,1,1,0,1,1,2,0,0,0,1,2,2,0,-0.8277262934818886,-0.7495972090950072,-1.6322849526965915
2249,0,0,1,0,0,1,0,0,0,2,0,1,0,0,0,1,0,1,2,0,-0.4240419192419968,-1.59523422880212,0.60802284717549
2250,0,0,0,0,0,2,0,0,1,0,0,0,1,1,0,1,0,1,1,0,0.726017437499562,-0.2816807392145968,0.060369868566362436
2251,0,1,1,0,0,2,0,0,1,0,1,1,1,0,0,1,1,0,1,2,1.5112731339381853,1.0547821955237608,-0.1851974565524535
2252,0,1,0,0,0,1,0,0,1,1,2,1,0,0,0,2,1,1,1,1,-1.0300216651002574,-0.09638325535540965,-0.875570285769449
2253,0,0,0,0,0,1,0,1,1,0,0,1,0,0,0,1,1,1,0,2,-0.09712339068699974,-0.24911234038659358,0.2505593807768579
2254,1,0,1,0,0,2,0,1,2,1,0,0,1,0,1,0,0,0,1,1,0.6207765637559275,-0.02141356656379917,1.5253030853324046
2255,1,1,0,1,0,2,0,0,1,0,0,0,0,0,0,0,0,1,0,1,-0.983820535145819,0.010658121317400793,0.3760612100699472
2256,1,0,0,0,1,1,1,0,1,1,0,1,1,0,1,2,1,0,2,0,-0.49750634817466455,-1.0771094332556324,2.335180898597824
2257,0,2,1,0,0,2,0,0,1,1,0,1,0,0,0,1,1,0,1,0,0.044129023229921606,1.66964543059082,2.0400493289009356
2258,0,0,1,0,1,1,0,0,0,1,0,0,0,0,0,0,0,0,0,1,0.27938504936108816,0.11189914968855905,-0.47207452654225257
2259,0,1,0,0,1,1,0,1,2,0,0,0,1,0,0,0,0,0,1,1,0.1046792493534798,1.0563103315951936,-1.590630422324205
2260,0,1,0,0,0,1,1,0,2,1,0,1,2,1,0,0,0,1,1,0,-0.589612859031413,0.4044965334834245,0.31688049145987657
2261,0,0,0,0,0,2,1,0,0,1,1,1,1,0,0,1,1,0,0,0,0.09537569932139499,-0.381562152248068,-0.09929597802757317
2262,0,0,1,0,1,1,0,0,1,0,1,1,1,0,0,1,1,0,1,0,0.23058787007085962,-0.24808399641643836,0.1407338450293189
2263,0,0,1,0,0,2,0,1,1,1,1,1,1,0,0,1,2,0,0,0,0.6337239837754258,-1.7257383315709143,-0.24307133643680057
2264,0,0,1,0,1,0,0,0,0,1,0,0,1,1,0,0,1,0,1,0,0.44420593460714103,0.0034289049438691044,-0.26480273290021894
2265,0,1,1,0,0,1,0,0,1,0,0,1,0,0,0,0,2,1,1,1,0.32590054748948866,-1.7019391469816492,0.6747940361384652
2266,0,0,0,0,1,1,1,0,1,2,0,0,1,0,0,2,0,1,1,0,-0.3056728833989554,0.6025772280749717,-2.946036612644314
2267,1,0,1,0,1,0,0,0,0,0,1,0,1,0,0,0,0,0,1,0,0.6034706433997074,-1.0638657870027897,-0.48225023008726225
2268,0,0,0,0,0,2,0,0,1,0,1,1,1,0,0,0,0,0,1,0,-3.311406512430325,0.12720932077785108,-2.0108530252515475
2269,1,1,1,1,0,2,0,1,1,1,0,0,1,0,0,1,0,1,1,0,-0.9522642452604435,-1.573236885457134,0.9154230796323028
2270,0,0,0,1,1,1,1,1,1,0,2,0,0,1,0,1,0,2,2,0,0.5258257242104999,1.1307253944533566,1.4621667260805773
2271,1,0,1,0,0,0,0,0,0,1,2,0,0,0,0,1,0,1,1,0,-0.4172557954461491,-0.27655927544396675,1.188148079868161
2272,0,2,0,0,1,1,0,0,0,0,0,0,0,2,0,1,1,1,0,2,-0.1452427914685369,-0.6987412420771105,1.8263345725983995
2273,0,2,1,0,1,0,0,0,1,0,1,0,1,1,0,1,2,2,2,0,-0.5184093612222632,0.9590319844708503,0.12151204148947661
2274,0,1,1,0,0,2,0,0,1,0,0,1,1,2,0,2,0,0,0,1,0.5580113059153422,0.5082824739505477,-1.32237888365176
2275,0,0,0,0,0,1,1,0,1,1,0,1,2,0,0,0,0,0,0,0,-0.5692402906108105,0.8408144803462781,1.7571312736618772
2276,0,1,0,1,1,1,0,1,1,1,0,1,1,1,0,0,1,0,1,0,-2.1692160007560894,-0.8199042934768433,0.13313901002806472
2277,1,0,2,1,0,1,0,0,1,0,0,0,1,0,1,0,0,0,1,1,-0.6468831609456043,1.2859756282632042,0.22732808935741472
2278,0,0,0,1,0,0,0,0,1,1,0,1,1,1,0,0,0,1,1,2,-0.7221633948186343,1.0716658836547137,-1.1424389649133375
2279,0,0,1,0,0,0,1,0,1,0,0,1,0,1,0,0,2,1,1,1,-1.0802289825490343,-0.8465730209984458,-0.5092470894580868
2280,0,0,1,0,0,1,0,0,0,1,1,1,1,1,0,1,0,0,2,0,0.4164342697968329,0.5807292373941841,-2.0275823506896318
2281,0,1,0,0,1,2,0,0,1,0,0,0,1,1,1,0,1,1,1,1,-1.2985531480916142,-0.7884556235577742,0.7830874910181354
2282,0,1,0,1,0,2,0,0,1,1,1,1,0,0,1,0,1,2,1,2,-0.4702452996313699,-0.2886946918141212,0.5637046885060127
2283,1,0,0,0,0,1,0,0,2,1,2,1,0,0,0,2,0,0,0,0,1.0681413761927496,-0.008423431765522627,0.9616708780032406
2284,1,0,0,1,0,1,0,1,1,2,0,2,1,0,0,1,0,0,0,2,0.47479079025554216,1.2684894296611835,-0.46505583192613587
2285,1,0,1,0,1,1,0,0,0,1,1,2,0,1,1,0,2,1,1,0,-1.7095711891540923,-1.876467791317092,-0.1762216745815589
2286,0,1,1,0,0,1,0,0,0,2,1,1,1,0,0,2,1,0,1,2,1.547137505453048,2.1616598758157384,-1.2908782361376616
2287,0,0,1,0,0,1,0,0,2,0,1,0,0,0,0,0,1,1,0,0,0.7550446371028872,0.38648940238702806,0.18976654680851057
2288,2,2,0,0,0,1,0,0,0,1,0,1,1,0,0,2,1,0,1,1,0.30687007848979986,1.2891914656804275,2.1844598837640654
2289,0,1,0,0,1,0,0,0,2,1,0,1,0,0,0,0,0,0,0,1,0.3435974898161844,-1.4788458174930206,0.2682843732855239
2290,0,0,1,0,0,0,0,0,0,0,0,0,0,0,0,1,0,0,1,1,-0.5353906398057452,-0.6554175810356542,1.2233852451427107
2291,0,0,0,0,1,2,1,0,1,0,0,0,1,0,0,1,1,0,0,2,-1.3134905146553129,-1.4721506315589976,-0.4238445748076418
2292,0,0,0,0,0,0,0,0,0,1,1,1,2,0,0,0,2,1,1,1,-0.40285253644485325,0.4263014949331949,0.4101100380510047
2293,0,2,0,0,0,2,0,1,1,1,0,0,0,1,0,1,0,0,0,1,0.6328173027961682,-0.45360071958796216,0.5358052470819864
2294,0,0,1,0,0,1,0,0,1,2,1,1,0,0,0,1,1,1,1,1,-0.47962050966171693,0.8893740096462714,-1.7487484961482092
2295,1,0,1,0,0,2,0,0,2,1,1,1,1,0,1,1,1,1,1,0,-0.23240872242249724,-1.4893122989855034,1.1809308122607123
2296,1,0,0,0,0,1,0,0,1,0,0,0,1,0,1,0,0,0,1,0,0.7437532075529116,0.5089462007828771,0.01302169636801584
2297,0,0,0,0,0,2,0,0,1,0,1,1,0,0,0,2,1,1,2,0,-1.1699929057152925,-0.9713376376876803,0.24072577101340153
2298,0,1,0,0,0,0,0,0,1,0,0,0,0,0,0,2,1,2,1,2,0.09534123031986831,-0.14660001386353683,0.8128711778276057
2299,0,0,1,0,0,1,1,0,2,0,0,1,1,0,1,1,1,0,1,1,-1.6976847076028654,-0.6673989477801087,0.10914390212617425
2300,0,2,0,0,0,1,0,1,1,0,0,0,1,1,0,1,0,0,1,1,-0.6661278762555516,0.33073913658471515,1.1837550474213145
2301,0,0,2,0,0,1,0,0,1,0,0,0,0,0,0,2,1,0,1,1,-1.0362681141376504,-1.336491939245525,-1.9140425055865882
2302,0,0,0,0,1,2,0,0,0,1,0,0,0,0,0,2,2,0,1,0,1.2442769975845884,1.902283427197591,-0.3826515307127635
2303,0,0,0,0,1,2,0,0,0,1,1,2,1,0,0,2,0,0,1,0,0.5384357618323874,1.0701793535132462,1.0396877245604803
2304,0,0,1,0,0,1,0,1,0,1,0,0,0,2,0,0,1,1,0,0,-1.125495279560292,1.2466175850634615,0.2576953002918039
2305,0,0,2,0,0,1,1,0,0,1,0,0,1,0,0,1,1,1,1,1,1.1334102899546223,0.6418099824901866,1.0073661412578379
2306,0,0,1,0,0,2,0,0,1,0,1,2,0,1,0,1,0,0,2,1,-0.13742537632574447,-0.658319166073869,1.369628742715541
2307,1,1,0,0,0,2,0,0,0,0,0,1,0,1,0,1,0,1,1,1,-2.0090376327013333,0.2732736455610134,-1.8714359681968984
2308,0,1,1,0,0,1,0,0,1,0,1,0,1,0,0,1,1,1,1,1,1.172140787421418,-0.16154279257775722,-0.8899179030682548
2309,1,0,0,0,0,1,0,0,2,0,0,0,2,1,0,1,1,0,1,1,-0.8261243169025514,0.15246094726536952,-1.5237461958247107
2310,0,0,0,1,0,1,0,0,1,1,0,1,0,1,0,1,1,0,0,2,-0.2684948850099087,-0.17270851377852348,0.21186388008073315
2311,1,1,1,0,0,0,0,0,0,2,0,0,1,0,0,2,0,1,0,2,0.29332808114172076,0.5888853270035175,0.35205480320614363
2312,1,0,1,0,0,1,0,0,0,0,0,0,0,0,0,1,0,1,1,0,0.7682753687269519,-1.621771352773726,0.5498599662836015
2313,0,0,1,0,1,2,0,0,1,0,0,0,0,0,0,2,1,0,0,1,1.622744196116687,0.1740472792805099,0.4280766211785347
2314,0,1,0,0,0,0,0,0,2,0,1,1,1,0,0,1,0,0,1,1,-0.5738189193431207,-1.9851721861664042,1.6937415566507696
2315,1,1,0,0,0,2,1,1,0,1,0,0,0,0,0,0,0,1,0,0,-0.22501569984363545,-1.0129187930775094,1.773560320725025
2316,0,1,0,0,0,1,0,0,2,1,1,1,1,0,0,1,1,0,1,0,-1.0625546669104091,0.08577217304949425,0.571289664560261
2317,0,0,0,0,0,0,0,1,2,2,1,0,1,1,0,1,0,0,0,0,-1.1985466199235244,0.9105367366328443,-1.3089793491287465
2318,0,0,1,0,1,2,1,0,0,1,1,1,2,0,0,1,1,0,2,0,0.5949794058228602,-0.2672906523740326,-1.9940583267648915
2319,0,0,1,1,1,1,0,0,2,1,0,1,0,0,0,1,0,2,1,0,-2.2443894708030614,-0.724286042141792,-1.6280513881791947
2320,0,1,0,0,0,0,0,0,0,0,1,0,0,1,0,1,2,1,0,0,-0.6438144879929445,0.08102338526733732,1.194565224499116
2321,0,0,1,0,0,1,0,1,1,1,1,1,1,0,1,1,0,1,0,1,0.5341234669047371,0.17970143953771067,0.396355780000058
2322,2,1,1,0,0,0,1,1,1,1,0,0,2,0,0,2,1,0,1,0,1.3758590483653148,0.6561955775971933,0.21938863813849468
2323,1,0,1,0,0,2,0,0,0,1,1,1,1,0,1,1,1,1,0,0,0.12180227664996637,-0.4194549395558382,0.7426462334582776
2324,0,2,1,1,0,0,1,0,1,0,0,0,1,1,0,0,1,1,1,0,1.5749815391950228,-0.1549956497747827,1.0007034824240668
2325,0,1,1,1,0,2,0,0,2,1,0,1,1,2,0,0,1,0,0,0,-1.3311525637880548,-0.8898367968666214,0.3846328704660824
2326,0,0,1,0,0,0,0,0,2,0,0,1,1,0,0,1,2,0,0,1,-0.03605978612174264,-0.3071856334324813,0.260539377005307
2327,0,1,0,0,0,2,0,1,1,1,0,0,1,0,0,0,1,0,1,0,-1.689402306260547,-0.9375060534705342,-1.0814958900442775
2328,0,0,2,0,0,1,1,0,2,0,0,0,1,0,0,0,0,0,1,0,1.1777601858983848,1.0087932602929617,0.20869747633724423
2329,0,0,0,0,0,1,0,0,1,1,0,0,1,2,1,1,1,1,1,1,0.5723600049275315,0.9803734070778704,0.3537638213676413
2330,0,0,1,0,2,1,1,0,1,2,0,1,1,1,0,1,0,0,2,2,-0.1116612187912882,0.2869999191289544,-0.2729361643654515
2331,0,1,0,0,0,2,0,0,1,1,1,0,2,1,1,0,0,1,1,1,0.19103465546145493,0.6545080311402821,-0.5447757791756715
2332,0,0,1,0,0,1,0,0,2,1,1,1,1,0,0,1,0,0,0,1,1.0729654878880206,-0.6743472599796884,0.2770711170322214
2333,0,0,1,0,1,1,0,0,2,1,0,1,0,0,0,2,0,0,0,1,-0.21140658207992533,0.5359424082343727,0.7742803060767321
2334,0,0,2,0,2,0,1,0,1,2,1,0,1,0,0,0,1,1,1,1,-0.3111605397271464,-0.3242190677091937,0.10731010603232317
2335,0,1,1,0,0,1,1,0,1,0,0,0,0,0,0,1,1,0,1,0,0.42572865147150746,0.2767188401647744,1.1395584509676826
2336,0,0,2,0,0,1,0,0,1,0,2,0,2,1,0,1,0,2,1,0,-1.6231544100550481,0.5982700729800947,-0.05801655281317544
2337,1,2,1,0,1,1,0,0,1,1,0,1,1,0,0,2,1,0,0,0,0.09004740076767671,-0.21352451669603478,0.13774833479449303
2338,0,0,0,0,0,1,0,0,1,0,0,1,1,0,1,1,0,0,1,0,0.10646650433029343,1.0991810493599865,-0.5826583402411751
2339,1,0,1,0,0,0,1,0,1,1,0,1,2,1,0,1,2,1,2,1,0.5981519743745809,0.6704335050643,-0.5103161818363883
2340,0,0,1,0,0,0,0,0,1,1,0,2,0,0,1,1,0,0,0,0,1.46247367584017,1.9147263832380172,1.8313508025321723
2341,0,0,1,0,0,1,0,0,2,0,0,1,0,1,0,0,2,0,1,0,0.7245875981211058,-0.3088147221330327,-0.2806477864313317
2342,0,1,1,0,0,1,0,0,1,0,1,1,0,2,0,1,0,0,0,1,0.41610406274756223,0.8292363307741115,1.0897873087950198
2343,0,1,1,1,0,1,0,1,0,0,0,1,0,0,0,0,0,0,0,1,-1.008543433801416,-0.4139908760380987,0.7380360947915424
2344,0,1,1,0,0,2,0,0,1,1,1,1,0,1,0,2,0,2,1,1,0.5037301886826772,0.16680010382017268,-0.5182167110069302
2345,0,1,1,0,0,0,0,1,2,0,1,1,1,1,0,1,1,0,1,0,0.9885854990006039,1.056599574890179,-1.5657436538828702
2346,0,2,0,0,0,1,0,0,1,1,1,0,1,0,1,2,1,0,1,0,0.19000318657507723,1.6475464426091604,1.5017019812328203
2347,0,0,1,0,0,0,0,0,0,0,0,1,0,0,0,1,1,0,2,0,0.33747264124043175,-0.029189760723222047,1.8367115523267894
2348,0,1,1,0,2,1,0,0,1,0,0,0,0,1,0,0,0,0,1,1,-0.27223555272841793,0.456033576437463,0.5795137448501064
2349,0,0,1,0,1,0,1,1,2,1,0,0,1,0,0,1,0,1,2,0,0.5337854460179531,0.8805098906096873,0.5161830665776143
2350,0,0,1,0,0,1,1,0,0,0,0,0,1,0,0,1,1,1,0,0,-1.434508629956165,-0.7474828366987966,0.9838423878733374
2351,0,0,0,1,1,1,0,0,2,0,0,1,2,1,0,1,0,1,1,0,0.21941795253994661,0.5912370854576099,1.4194958311110928
2352,1,1,0,0,0,0,0,0,1,1,1,1,0,1,0,1,1,0,1,0,-1.7330794579290902,-0.4403326257613389,-1.3290632250349586
2353,1,0,0,0,0,1,1,0,2,0,0,0,1,1,0,1,1,0,1,0,-0.05118449748468512,-1.0578437548814033,0.5378189600090297
2354,1,1,0,0,0,0,1,0,0,1,1,1,2,0,0,0,0,1,0,1,-0.6300441979958075,-1.4395167886614681,0.7331176153266015
2355,0,1,1,0,1,1,0,0,2,2,1,2,0,0,0,1,0,1,0,0,0.4168715627847099,-1.3741687079812084,0.914690272924916
2356,0,0,0,0,0,2,0,0,1,2,0,0,1,0,0,1,1,0,2,0,1.0697592565602114,1.375123912177424,-0.04938657908460786
2357,0,0,0,0,0,0,1,0,0,0,0,1,0,0,0,0,1,0,1,2,0.7340986068778392,-1.5842705960013046,-0.02967835819281206
2358,0,0,1,0,0,0,0,0,1,1,0,0,2,1,1,0,1,0,0,1,-1.7113033861407216,-1.8085691002726922,0.6664905174483671
2359,0,0,0,0,0,0,0,0,2,0,0,0,2,0,0,1,1,1,1,1,1.0358589467013395,-0.08403234696318662,2.3319666529738172
2360,1,0,1,0,1,0,0,1,0,1,0,1,0,0,0,1,0,0,1,1,1.5640889435418217,1.6360917565041202,1.2318301218754908
2361,0,1,0,0,0,2,1,0,1,1,1,1,1,1,0,1,1,2,1,0,-1.2454485872953645,-1.47474272445133,0.22613036317827462
2362,0,2,1,0,1,2,0,0,1,0,1,1,0,0,1,1,0,0,1,0,0.7419596449553685,1.5148496546337027,1.4231586184589684
2363,1,1,0,0,0,1,0,0,0,1,2,1,0,0,1,0,1,1,1,1,0.5640804395241981,-1.0453936824323857,-0.35742562507240794
2364,0,0,0,0,1,2,0,0,1,1,0,1,2,0,0,2,0,1,0,1,0.8229843044386599,-0.21699206714161046,-0.014994540130101264
2365,0,0,2,1,0,1,1,0,0,0,1,0,1,0,0,1,0,1,1,0,-0.17841095217242334,1.1904476499722874,0.2098900456563772
2366,1,0,1,0,0,2,0,0,0,1,0,0,0,2,0,1,1,1,1,1,-1.1794840841369378,-1.2637766227191185,0.4758504478675083
2367,1,1,1,1,0,2,0,0,1,1,0,0,0,0,0,1,0,1,1,1,0.5773738495536213,0.5664706100459389,1.6530558812022336
2368,0,0,0,0,0,0,0,0,1,1,0,1,1,1,0,1,1,1,1,2,-0.6144329970090473,0.6715127573793055,-1.2590847756648584
2369,0,1,0,0,1,0,0,1,0,1,0,0,1,0,0,1,0,1,0,0,0.014259598538620919,-0.5803455838207857,-0.7487640878474519
2370,0,0,1,1,0,0,1,0,0,0,1,1,0,0,0,1,0,0,0,0,1.0727045778571018,-0.08322044257220496,1.277038343077053
2371,0,1,0,0,0,1,1,1,0,0,0,0,1,0,0,0,1,0,1,1,-0.12577270297434306,-1.1375275980711153,1.0588651722010742
2372,0,0,0,1,1,1,0,1,0,1,2,1,0,2,0,0,0,1,0,2,-0.6017424630439314,-1.2199038144856404,0.550412581192588
2373,0,1,1,0,0,2,0,0,2,0,0,1,2,0,1,0,1,0,1,0,-1.1916176564598167,0.5425136427975187,0.4953411603847661
2374,1,0,1,0,0,1,0,0,1,2,0,1,1,1,0,1,2,0,1,0,0.29206487603509784,1.5309326878339593,-0.31871286841799645
2375,1,0,1,1,1,0,0,0,1,1,0,0,0,1,0,1,1,1,1,1,0.8682213953784256,2.0857302027354097,2.4208707277724937
2376,0,1,0,0,0,2,0,1,0,1,0,0,0,1,0,0,0,0,1,0,-0.11711767026602404,-0.4541964235405453,-0.5537737138889334
2377,1,0,1,0,0,2,0,0,1,0,1,0,1,0,0,2,2,1,0,0,0.6003770067523768,-1.1860470540695895,1.009834224412476
2378,0,0,1,0,1,0,0,0,2,2,0,1,1,1,0,1,0,0,1,1,-0.19994918722550037,1.0772408844486576,-0.7428959581256666
2379,1,0,1,0,0,1,0,0,1,1,0,1,2,1,0,1,0,1,2,1,-0.8436938746022109,0.1457130783622329,1.3332906971651188
2380,0,1,1,0,0,0,0,0,0,1,1,0,0,2,0,0,1,1,2,2,2.0021134374244665,0.22585928247078468,1.93036630658667
2381,1,1,1,0,1,1,1,1,1,2,1,0,0,1,0,2,0,0,1,1,-0.11904415881612135,0.1288636908029862,0.4861108890505734
2382,1,0,1,0,0,1,0,0,1,0,1,0,1,1,1,2,2,0,0,1,-1.3814428489954802,-0.036548792689826914,0.8049860980318354
2383,0,1,1,0,1,1,0,1,0,0,1,1,1,2,0,1,1,1,1,1,-0.7917235393213238,-0.6543683919229244,0.15345140810251423
2384,1,1,0,0,0,2,0,0,1,1,1,0,2,0,0,0,1,1,2,0,-0.39169562814877534,-2.3526372112583287,0.805110027586875
2385,1,0,1,0,0,0,0,0,1,2,0,1,1,0,0,0,0,0,1,1,-0.8419367490465273,-0.9152069582641419,1.4719770377089396
2386,0,1,1,0,1,2,0,0,1,0,0,0,0,0,1,1,0,0,2,2,-0.842020024881006,1.9655812014136305,-2.220781119232603
2387,0,0,1,0,1,1,0,0,0,0,0,0,0,0,0,0,0,0,1,1,-0.7634015127125712,0.6588222124866367,0.43645791820169844
2388,0,0,0,0,0,1,1,0,1,1,0,2,0,0,0,0,0,0,2,1,-0.697419353516329,0.5386873450624978,-0.2390750078411688
2389,1,0,1,0,0,1,0,1,1,0,0,1,0,0,0,2,1,0,1,0,-0.7703897545820642,-0.10632099846206239,0.29287313699091716
2390,0,1,1,0,1,1,0,0,1,0,0,0,0,0,0,0,0,0,2,2,-1.3616414552256342,-1.1577161749586642,-1.6908217264604215
2391,0,0,0,0,0,1,1,0,2,1,0,0,0,0,0,0,1,0,1,0,-0.02352492207169179,-0.192925956406435,1.342642593586845
2392,0,1,0,0,0,1,1,0,1,0,0,1,2,2,0,0,1,0,2,1,-1.2036450971818522,-1.3255434276224691,0.576770426571451
2393,0,1,1,1,0,1,0,0,0,0,0,1,2,0,0,1,1,1,0,0,0.3842770589002602,-0.6065871551236685,-0.6916678330840689
2394,0,1,0,0,0,1,0,2,1,0,0,1,0,0,0,2,2,0,1,0,1.559027036386146,0.7034335987901342,0.10395275316189706
2395,1,1,2,0,0,0,0,0,1,1,1,0,0,0,0,1,1,0,0,1,0.06128798076864476,0.11098121170677244,0.6009611872364421
2396,0,2,1,0,1,1,0,0,2,1,0,1,0,0,0,0,1,2,0,0,-0.32429852529181,-1.1336746784734624,1.8750206439643644
2397,0,0,2,0,0,0,0,1,1,1,1,0,0,0,1,2,0,1,1,0,0.6151312409581278,-0.024458304364352146,1.4001342317632561
2398,0,0,1,0,0,1,0,0,1,0,0,0,1,0,0,2,0,1,1,1,1.8896904401106145,1.7070024951637799,0.2703461541771929
2399,0,0,0,1,0,1,0,0,1,0,0,1,1,0,2,1,1,0,1,1,-0.000029855732516456693,0.33347111651296313,-0.8163169402078791
2400,0,1,2,0,1,0,0,1,1,1,1,0,0,0,0,1,0,0,1,1,-0.43737966792322847,0.03753178677528435,0.7958736753467719
2401,1,2,1,0,0,1,0,0,2,0,1,1,1,0,0,2,1,1,1,1,1.7852282514342896,0.3067500515388574,1.7005414891992054
2402,0,0,1,0,0,0,1,0,1,1,0,0,2,0,0,0,0,1,0,0,-1.6464986883126937,-1.1188633894572844,-0.4113176194760066
2403,0,0,0,0,0,0,0,0,1,1,0,1,0,1,0,0,0,0,0,1,0.45374902105811377,0.061493028002481104,0.3095141378251052
2404,0,2,1,0,0,2,0,0,1,1,0,0,1,1,0,0,0,0,0,1,0.8926089129497587,0.24871644147302738,-0.05752088967364677
2405,1,0,0,0,0,1,1,0,2,0,1,0,1,1,0,0,0,1,2,0,0.0512865772939058,-0.48728900300620037,-0.8534736835515819
2406,0,0,0,0,1,1,0,0,1,2,0,0,0,1,0,1,1,0,0,1,0.9130036661133982,0.8654896871921184,1.8213557030298881
2407,0,0,0,0,1,1,0,0,0,0,0,0,1,0,0,2,0,1,2,1,0.7676730166680618,0.6562491380258576,0.8368265126862071
2408,0,0,1,0,0,1,0,0,0,1,0,1,1,1,0,0,0,0,2,0,1.7248260346694788,0.7124784537094204,-0.7428422706233875
2409,0,1,1,0,0,2,1,0,1,1,0,0,1,1,1,0,2,2,1,1,0.8102420081568837,1.7013756851754205,-1.376881826615278
2410,0,1,0,0,0,1,0,1,2,1,0,0,1,0,0,2,0,0,1,0,0.5222930149455307,0.9397087894218595,-0.07756664859120266
2411,0,0,1,0,0,2,0,0,1,0,0,1,0,0,0,1,0,1,0,0,-1.5520314057031497,0.8607283061521483,-0.2432100341971604
2412,0,0,2,0,1,0,0,0,1,1,1,0,1,1,0,1,1,0,1,0,0.984946276376898,-0.4474005283602062,-1.4052966042967847
2413,0,1,0,0,0,1,1,2,2,0,2,0,1,0,1,0,1,0,0,2,0.15658615274471155,-0.4130737919548457,-0.8638221189322103
2414,0,0,0,1,0,1,1,0,1,0,2,1,1,0,1,2,1,0,2,1,1.053425983664386,1.5570689325935967,1.4965206108460065
2415,0,1,0,0,0,1,0,0,2,1,0,1,1,0,0,1,0,1,0,1,-0.5725509851899017,0.8981057703059634,0.8972595663561236
2416,1,0,0,0,0,0,0,0,0,1,0,1,1,0,0,0,0,0,2,1,1.3014686778191202,-1.1550622695913042,0.5443184195421524
2417,0,0,2,0,0,1,0,1,2,1,0,0,0,0,0,0,2,0,0,1,-1.0647132199770273,-0.34453637989975333,0.01879062034126841
2418,0,1,1,0,0,0,0,0,1,1,1,0,1,1,0,2,1,1,1,0,-0.03256739678141602,0.5896736706227513,-1.7524109774041494
2419,0,1,1,0,1,2,0,0,1,0,0,0,1,0,0,0,0,1,1,1,-0.5662338801575735,0.7950827340159766,0.6220498244072284
2420,0,0,1,0,0,2,0,0,1,0,0,0,0,0,1,2,0,0,0,0,-0.16475776368932996,1.1433568692487202,0.42293116301981665
2421,0,1,0,0,0,0,0,0,1,1,0,1,0,1,0,1,2,0,0,1,0.7913127551437855,0.4517950303235786,-0.07422225975089827
2422,1,0,0,0,1,1,0,0,1,0,0,0,0,0,0,1,2,1,0,1,-0.580315036448956,0.500908925353896,0.2809600925797877
2423,0,0,1,0,0,1,0,0,0,2,0,1,0,0,0,1,1,0,1,1,0.8492997590492275,1.1705129326857504,-1.4690031860087618
2424,0,0,1,1,0,1,2,1,0,0,0,1,1,1,1,0,0,1,2,1,1.8967343804917531,1.8184580356316506,2.2321737923190463
2425,0,1,2,1,0,0,0,0,1,1,0,1,0,1,0,2,1,1,1,1,-0.6339262939740942,1.1531622944495579,-0.9195494987023372
2426,0,0,1,0,0,1,0,0,2,1,0,1,1,0,0,0,1,1,1,1,0.09843740771636153,1.2819657706060126,-0.1688341639067265
2427,0,1,1,0,0,1,0,0,0,0,1,1,0,1,0,2,0,1,1,2,-0.14598293408952442,2.0546342449343524,-0.5341001746611679
2428,0,1,2,0,2,0,0,0,0,0,1,0,1,2,1,0,0,0,1,0,-0.5410890532214092,-1.236706485307384,-1.9697732412182127
2429,0,1,0,0,0,0,0,0,1,0,1,0,1,0,1,1,1,0,1,0,-0.01902251554258199,-0.4756762989504101,1.1564988009863137
2430,0,0,0,0,1,0,0,1,2,1,0,0,1,0,0,2,0,1,1,2,-1.9860277117107907,1.6255960567560166,-0.7163073520485007
2431,1,0,1,0,0,1,1,0,1,0,0,0,0,0,0,2,1,0,2,1,0.11183201677911034,0.18205245831577654,1.425061696756539
2432,0,2,0,0,0,1,0,0,1,0,0,1,1,0,0,1,1,0,1,1,-0.4053515394151342,-0.8035774780448527,-0.9544549750238617
2433,0,0,0,0,0,1,1,0,0,1,0,0,1,1,0,0,1,0,1,0,-2.0023883381586676,0.5908707829046023,-0.17032217352421977
2434,0,0,2,0,0,0,0,0,0,0,1,0,0,0,0,0,0,0,1,0,0.2158664557567972,-1.1481444665417047,0.5926263565019647
2435,1,1,1,0,0,1,0,0,1,0,1,0,0,0,0,0,2,2,1,1,-0.036204100737435574,-0.29000150146990966,0.3895266500966396
2436,0,0,0,0,0,1,0,2,1,1,0,1,1,0,1,1,1,1,1,0,0.9015481088119272,-0.24076558060040132,1.0539514616443877
2437,1,0,0,0,0,2,0,0,1,0,0,1,0,1,1,1,0,1,0,0,-1.4937736140176205,-2.0557526238528503,0.29240704267627826
2438,0,1,0,0,1,1,0,0,2,0,1,0,0,0,0,1,0,1,1,1,-2.1510442935025904,0.6338543312112783,-0.6786100897325168
2439,0,0,0,0,0,0,1,0,1,0,0,0,1,0,0,2,2,0,2,1,0.02705504177648706,-0.18906127551461693,-0.27356408624923223
2440,1,1,1,0,0,0,0,0,0,0,0,1,1,1,0,0,1,2,0,0,0.7871988043160421,-0.2975917869992438,-0.6756260159797685
2441,0,1,1,0,0,1,0,1,1,0,0,0,0,0,0,0,1,1,1,1,-0.5461860299860541,0.05672029269377182,-0.48293581737829094
2442,1,0,0,0,0,1,0,0,2,1,0,0,0,1,1,2,1,0,1,0,-0.5697207389923684,0.6455186062432668,0.3142122229980514
2443,0,0,0,0,1,1,0,0,1,0,0,1,0,0,0,1,1,1,1,2,-1.1820381547646897,-0.6967702817003016,-0.49582478206299574
2444,0,2,1,0,0,0,0,0,1,0,0,0,0,0,0,2,1,0,2,1,-0.7359971764255419,1.1743247563450607,-0.16877110795987144
2445,1,1,0,0,0,1,0,0,1,0,1,1,0,0,0,1,1,0,1,0,0.5850286175885099,1.31426629990742,-0.5456721678012751
2446,0,0,2,0,0,2,0,0,1,0,1,0,0,1,0,2,1,0,1,1,0.6882174044492992,0.4166136699084556,-1.409202611820692
2447,0,0,2,0,1,2,1,0,1,0,1,0,0,0,0,1,1,0,1,0,-0.6885030670839667,-0.32986640911029963,0.15583871616972017
2448,0,1,0,0,0,1,1,0,1,0,0,1,1,0,0,1,0,1,1,2,-0.11725083834828796,-1.771646891649237,0.643379104254722
2449,0,0,0,0,0,0,0,0,1,2,0,1,2,1,0,1,1,0,2,0,-1.7315934363756194,-0.7715381256805873,-0.6058237885813564
2450,1,2,0,0,1,1,0,0,1,2,1,1,0,1,0,0,1,0,1,0,0.793172949170522,-2.4630398443549573,0.5828567294605024
2451,0,0,2,0,0,1,0,1,2,1,1,1,1,1,0,1,1,0,1,0,-0.4546911845084011,-0.8169576217975946,0.4251227071009174
2452,0,1,1,0,0,0,0,2,0,1,1,0,0,0,0,2,0,2,2,0,-0.6764656726298818,0.6124619757209894,0.4706972753304602
2453,0,0,0,0,0,1,1,1,2,0,1,1,0,0,0,0,0,1,0,0,0.10786087747718871,-0.11826110121845973,-0.6922936590596285
2454,0,1,1,1,0,2,1,0,1,1,0,1,2,0,0,1,1,0,1,1,-1.377871407049265,-0.1988061783871357,0.4064568052843215
2455,1,1,2,0,0,1,0,1,1,1,1,1,1,1,0,0,1,1,0,1,1.376126206800745,0.9763476629761462,0.5363671630411251
2456,1,1,1,0,0,0,1,0,2,2,1,1,2,0,0,0,0,0,0,0,-0.6620870563693404,-0.5537840334732449,-0.8934451424524475
2457,0,0,1,0,0,1,0,0,1,1,0,1,0,2,0,1,0,1,0,1,1.1534892328670152,1.5819728070199481,0.0307366880645199
2458,0,0,0,0,0,1,0,0,1,0,0,0,2,0,0,0,1,1,0,0,1.0169770550556219,-0.4243074508557628,-0.47220408233516337
2459,0,0,0,0,1,2,0,1,0,1,0,0,0,0,0,1,1,1,1,1,1.0268294289850965,0.8841392707658016,0.2452666556828298
2460,0,0,1,0,0,0,0,0,0,0,1,1,0,0,0,1,0,1,2,1,0.25146776963063844,-1.184953917538729,1.3207061700896645
2461,0,2,1,1,0,1,0,0,0,0,0,0,0,0,1,1,0,0,1,1,0.39414824853497415,-0.8465478539638794,0.41381203764918617
2462,0,1,1,1,0,2,0,0,2,0,1,1,1,0,0,0,1,0,1,0,-0.16936879660782772,0.934514277376661,-0.11347760181044919
2463,0,1,1,0,0,1,0,1,0,1,1,0,0,1,1,1,1,1,0,1,-0.5078810462644857,-0.12879534165657816,1.2370435230492893
2464,1,0,2,0,1,1,0,0,1,1,0,0,0,1,0,2,0,1,1,0,0.407786385989831,-0.5161728589849859,0.14338245091895105
2465,0,0,0,0,1,1,1,1,1,0,0,0,0,0,0,0,1,0,1,1,1.6255812264699183,-0.340975575916862,1.1169808922877977
2466,1,0,1,0,0,1,0,0,1,0,0,2,1,2,0,1,0,0,0,2,-0.8046937521008165,-2.0604090533529185,-0.4648598180344484
2467,1,0,1,0,0,1,0,1,0,0,1,0,1,1,0,0,1,1,2,0,-0.5487272387707952,-0.45024808726978105,2.0563941331609943
2468,0,0,1,0,1,2,0,0,2,2,0,0,1,1,0,0,1,1,1,1,-2.066360713833573,-0.8141627836857227,-0.9912491259279723
2469,1,0,2,1,1,0,0,0,2,0,0,1,2,0,1,0,0,0,2,0,-0.628304404249109,0.6867766882780674,1.2621551701172624
2470,1,1,1,0,0,0,0,0,0,1,0,0,1,2,0,1,0,1,1,1,-0.025856131325743253,-1.2791784302401925,0.015593373002547983
2471,0,1,1,0,0,1,0,0,1,2,0,1,0,0,1,0,2,0,2,1,-0.2705101003527582,0.2265042886659418,-0.1251684063441525
2472,0,1,1,0,0,0,0,1,2,1,0,0,1,2,0,0,0,1,2,2,0.8108461654991629,0.12156677126740384,-0.31360150863113956
2473,0,1,0,0,0,0,1,0,2,2,0,0,2,0,0,0,1,1,1,0,0.5040073583045519,0.4034992426417702,0.7779508930878682
2474,1,1,2,0,0,0,0,0,1,1,1,0,0,0,0,1,1,0,0,0,1.917189320552211,0.3286687140028651,0.7620443389363041
2475,2,1,1,0,0,1,0,0,0,0,0,0,0,1,0,2,0,0,1,2,-2.2586992028605004,1.3188199228262039,0.5845166019381185
2476,1,0,1,0,0,0,0,0,1,0,0,0,0,0,0,1,1,0,1,0,-1.9416045200537846,-1.2965179919978538,-1.9041266575922675
2477,0,1,0,0,0,2,0,0,1,0,1,0,1,1,0,0,1,1,0,1,-1.5339840404534508,-0.13047357427163253,0.45959508371306357
2478,0,1,0,0,0,0,0,1,0,1,0,0,2,0,0,0,0,0,1,1,-0.3699394713647374,-0.6759924286187341,0.2357345012453011
2479,0,0,0,1,1,1,0,0,2,0,0,1,0,0,0,1,0,0,0,0,-0.39014426996992463,-0.46073217291401625,-0.006446769139195431
2480,0,1,2,0,0,1,0,0,1,1,1,1,0,0,0,1,1,1,1,0,-1.3385312304291772,-2.360728345917134,0.40093769895875175
2481,1,1,1,0,0,0,0,0,1,1,1,0,0,0,0,2,1,1,1,1,-0.44648312442312243,-0.9107684968431241,1.2998330148369504
2482,0,1,0,0,0,0,0,1,1,0,1,1,0,0,0,2,0,0,1,0,-1.8983676186794665,-1.0315690372143913,-0.29186191812097784
2483,0,1,1,0,1,1,0,0,2,1,0,1,1,0,0,1,1,0,1,0,-0.03433774707971063,-0.21138915818883589,0.930418560868938
2484,0,0,0,0,0,1,0,1,1,0,1,0,2,0,0,1,2,2,0,1,0.3404191025879721,-0.6518412488392431,-1.145774652913615
2485,1,0,0,0,0,1,0,0,1,0,0,0,2,2,0,0,0,0,1,1,0.7026021228783222,0.7325315519619362,-0.8665390421488437
2486,1,1,1,0,0,1,0,0,0,1,0,1,0,1,0,2,1,1,1,0,-0.46735241495495117,-0.1707280377575341,1.1663857228289232
2487,0,0,1,0,0,0,0,0,1,1,2,0,1,0,0,2,0,0,1,1,-1.5597087103109435,-0.8736125322423415,-2.372746187590158
2488,0,0,1,0,0,0,1,0,1,2,0,1,0,1,0,2,1,0,2,1,-0.0807768944642051,-0.31502093762249994,0.4379693553997707
2489,1,0,1,0,0,2,0,0,0,0,0,0,0,0,0,0,1,1,0,0,-0.8983432123146513,-1.6698052628073468,1.1046522499699907
2490,0,0,2,0,1,1,0,0,1,0,1,0,0,1,0,2,1,0,1,2,0.13316999912477417,-0.6187816684693638,-0.7560720721988223
2491,0,0,0,0,0,1,0,0,0,0,0,1,0,0,0,1,2,1,2,0,-0.9900348327065258,-0.6552694326936234,0.9272481339422385
2492,0,1,1,0,1,0,0,0,2,0,2,0,0,1,1,1,1,1,2,2,-0.5026438075375903,-0.1705441365834799,0.034298628498724934
2493,0,1,1,0,0,1,0,0,0,0,0,1,0,0,0,1,0,1,0,1,0.7667807514031895,-0.07260939114092496,0.17657954286302618
2494,0,2,2,1,0,0,1,0,0,1,1,0,1,0,1,1,1,0,1,1,-0.019842417581311545,0.5495258077441462,-0.1443615463279522
2495,2,0,1,0,0,1,0,0,1,0,0,0,0,0,0,0,2,1,1,0,-1.2271246736705577,-0.4839598169622148,-0.6596082206865355
2496,1,0,1,0,1,2,1,0,0,2,0,0,1,0,1,0,1,1,2,0,-0.039066689850182676,-0.4811538940980894,-1.2249677078841856
2497,0,1,0,1,1,2,0,1,2,0,0,0,1,0,0,2,1,1,1,1,1.1919322529481506,1.4800082495671534,2.8503257269053144
2498,0,0,2,0,1,2,0,0,1,0,0,1,1,0,0,0,0,1,1,0,0.12336292354398318,-0.31108423272195584,-0.4802589367625696
2499,0,0,1,0,0,1,0,0,0,1,0,2,0,0,0,0,1,0,2,0,-2.2478975389910825,-1.4361282106019462,-0.17763284155715983
2500,0,0,1,1,0,0,0,0,1,0,1,1,1,0,0,1,0,2,0,1,1.0089313549515626,0.7579702818532137,0.2132254611443548
2501,0,1,1,0,1,2,1,0,1,1,1,0,1,0,0,2,0,0,1,0,-0.8378318903702214,0.01782015630495659,-0.3012582857879577
2502,0,0,1,0,1,1,0,0,1,2,1,1,1,2,0,0,0,1,1,0,1.0164427134630618,0.726134331229382,-1.0547270349380038
2503,0,0,2,0,0,1,0,0,1,1,0,2,1,0,0,0,1,0,1,1,-0.7181461932836437,0.009424572018022465,0.43813010833264254
2504,0,1,0,0,1,1,0,0,0,0,0,0,2,1,0,1,0,1,2,0,-2.3789525154684545,-1.3550866105960004,0.4811798362517161
2505,1,2,0,0,1,0,0,0,1,0,0,0,2,1,0,2,1,0,1,0,0.851932901247993,-1.0619394716978547,2.2214633234152354
2506,0,0,1,0,0,0,0,0,1,1,0,0,1,0,0,1,1,2,0,0,2.053186644499681,0.6483169043751034,-0.2694461668956191
2507,0,1,1,0,0,1,0,0,1,1,1,0,1,0,0,1,0,1,1,0,-0.05942106702336717,-0.16216177353090006,0.16675775002698376
2508,0,0,0,0,0,1,1,0,1,1,2,1,1,1,0,1,0,1,0,1,-0.03122955314682537,-0.265194577178226,-0.08091882446496758
2509,0,0,0,0,0,0,1,0,0,1,0,1,1,1,0,0,0,1,2,0,-0.3711293733997429,-0.6812411532278306,-1.5896589381208428
2510,0,1,1,1,0,1,0,0,1,0,1,1,1,0,0,2,0,0,1,0,-0.8183417393201693,-1.3813402691915186,-0.12919419440853136
2511,1,0,2,0,0,2,0,1,2,1,0,0,0,0,0,1,1,2,1,0,0.8863408362036522,1.620536815482513,-1.0215452255600488
2512,0,0,0,1,0,2,1,0,1,1,2,1,1,0,0,1,2,0,0,1,-1.0363224312859622,-1.0474789889429927,-0.050063874327322275
2513,0,1,0,0,0,1,0,0,1,0,0,1,1,1,0,0,0,0,0,1,-0.6790721164507576,0.4771291453370842,0.14012339758289072
2514,0,1,0,0,0,1,0,0,2,0,2,1,0,1,0,2,2,0,0,2,-0.3772202514583927,-0.8013273900112641,0.6576740010996328
2515,0,1,0,0,0,1,0,0,1,0,0,0,1,0,0,0,1,0,1,0,1.3926570944134935,0.24051699049644348,0.22483247589987074
2516,0,1,1,0,0,1,0,0,2,0,0,1,1,0,0,1,0,1,0,0,-1.2138209668023032,-0.9699932469275634,0.2551416095774338
2517,1,0,1,0,1,1,0,0,0,0,1,0,1,1,0,1,1,0,1,1,-1.8174702649307584,0.8756700913786112,1.0973027227134065
2518,0,0,0,0,0,1,0,0,1,1,0,1,1,1,0,1,0,0,1,1,0.9699826302086593,1.1039000904004472,0.038703773489336124
2519,1,0,1,0,0,2,1,1,1,1,0,1,0,1,0,1,1,0,1,2,-1.1996416189807462,-0.5385946736740144,-0.664113794047298
2520,0,1,2,0,0,1,0,0,1,0,0,0,1,1,0,1,0,1,0,0,-0.508944712753218,-0.02216027858897171,0.5769663270652952
2521,0,1,0,0,1,1,0,0,0,0,1,1,1,0,1,0,1,2,1,2,-0.17751110716562066,-0.3157677368561411,0.2551811062510928
2522,0,0,1,0,0,0,0,0,1,1,0,0,1,0,0,0,0,2,0,1,0.18222293275789864,0.800739135412583,-1.0429065620121718
2523,0,1,1,0,0,1,0,0,0,0,1,1,0,0,0,0,0,0,2,2,-0.2887926566153346,-0.04112778122203131,-0.40571390003323377
2524,0,1,2,1,0,1,0,0,2,1,0,0,1,1,0,0,0,2,0,0,-1.222042769599341,-1.8595052053864292,-0.01097454840189449
2525,0,0,1,0,0,2,0,0,2,1,0,1,1,0,0,2,1,0,2,0,1.3827013094095746,1.8130388153701944,1.5834499881753046
2526,0,1,1,0,0,0,1,0,0,0,0,1,0,0,0,1,0,1,1,0,0.5484572864168605,0.153470670401044,0.04960590766483457
2527,0,1,2,0,1,1,0,0,2,0,1,0,0,1,0,0,1,1,2,1,1.0589864839391523,-0.17141586167649372,-0.2866090250813933
2528,0,0,0,0,0,2,0,0,0,0,0,0,1,0,0,0,0,1,0,0,1.1355285973285822,0.5926405904147181,0.5261931266866509
2529,0,1,1,0,0,1,0,0,1,1,1,0,1,0,0,1,2,1,0,2,0.046418256340724905,-1.0122915039501648,-0.6669273270338445
2530,0,1,0,0,0,1,0,0,1,1,0,0,0,1,0,1,1,0,1,0,0.7099826446217775,-0.3023569628713495,0.3923720364352924
2531,0,0,1,0,0,0,1,1,2,0,1,1,0,1,0,0,0,1,0,0,-1.3555307336113158,-0.728750597512248,-0.7234031102954547
2532,0,1,0,0,0,0,1,0,1,1,0,1,1,0,0,1,2,1,1,0,1.2466912159370445,1.1223993663698084,1.4886458679977257
2533,0,2,1,0,0,1,0,0,0,1,0,1,0,0,0,1,0,1,1,0,-0.032756635784357044,-1.3449212071598537,1.1970631624942838
2534,0,1,1,0,0,0,0,0,1,1,0,0,1,0,1,0,0,0,0,1,-2.204466212227074,1.0648233526534883,0.4822793089151063
2535,1,1,0,1,0,0,0,0,1,1,0,2,0,0,0,2,0,1,1,1,0.7819080646228875,0.3786658170801675,0.04920056429533608
2536,1,0,0,1,0,1,0,0,1,1,0,0,1,0,1,2,0,0,2,1,-1.0375064499071474,-1.7438368480448512,-0.25767728735222656
2537,0,0,1,0,0,1,0,0,1,1,1,0,1,0,1,1,0,0,1,1,-0.06824645736477242,-0.28564897205124423,0.31988402379533665
2538,1,1,1,0,0,2,0,0,0,1,0,2,0,1,1,2,0,1,2,0,0.12467117340623117,0.5184688066851643,-3.4559740553148472
2539,0,0,1,0,0,1,0,0,0,1,0,1,0,1,0,1,2,0,1,1,-0.4285476267427565,-0.4027086697382007,-0.6513528655033506
2540,0,0,2,0,1,1,0,0,1,1,2,1,1,2,1,0,1,1,0,0,-0.776868228860424,-0.19525847820359254,-1.0904769797977225
2541,0,1,2,0,1,2,0,0,1,2,1,1,0,0,0,1,1,1,1,2,-0.07382427964422705,0.7442388542490953,0.6969890294810404
2542,0,0,1,0,0,0,0,0,0,0,0,2,1,0,0,0,1,1,0,0,1.0858034491110884,1.3871263317988909,0.39363843539052945
2543,0,1,0,0,0,2,0,0,0,0,0,0,1,0,1,1,0,1,2,0,-0.7272874526208579,0.8939851119698078,0.36708216175489994
2544,0,0,1,0,1,0,1,1,1,0,0,1,0,0,0,1,0,0,0,0,-0.29115849988433884,-1.6997139977606945,0.1568331145231956
2545,0,0,1,0,1,1,0,1,0,1,1,0,1,0,0,1,2,0,0,1,0.12464722335841431,-0.13179432113282716,2.143539960322349
2546,1,1,0,0,0,0,0,0,1,0,0,0,1,1,0,1,0,1,0,2,-0.9725649017028508,-1.9670492074160029,2.701810005758437
2547,0,1,1,0,0,0,1,1,1,0,0,2,1,2,0,1,0,0,1,1,-0.48691088545767564,1.0480426975906396,-0.66578872824051
2548,0,1,1,0,0,0,0,0,1,1,1,0,0,1,0,1,1,0,2,2,-0.16327813431897462,-1.1897028349426393,0.7584201125603391
2549,0,0,1,0,0,2,0,0,1,2,1,1,1,1,1,2,1,1,2,1,-0.4118519483182802,-0.2312461358091752,-1.9600365659861514
2550,0,0,0,0,0,0,0,0,0,0,1,1,1,1,0,2,0,0,1,1,0.917178648785429,1.3429469658881423,0.06623225297513824
2551,1,1,1,0,0,1,0,0,1,0,1,1,0,0,0,0,0,0,2,0,-1.491629613727733,-2.5382764004391953,3.3961197723152914
2552,0,1,1,0,0,0,0,0,0,1,0,2,0,1,0,0,0,2,1,1,0.1691885899215958,-0.47406961327721475,-2.5271020866313805
2553,0,0,0,1,0,1,0,0,1,1,0,0,1,1,0,2,0,0,0,1,0.10871292314769782,-0.564843492432693,-0.30703957826811934
2554,0,0,1,0,1,2,0,0,1,1,0,1,1,0,1,0,0,1,0,0,1.8865364271360956,1.3763629591719164,0.5058910250487062
2555,0,0,1,0,0,1,0,1,1,1,1,0,1,1,1,0,2,2,2,0,1.4282392694161448,1.4037426045556,1.5922573937169326
2556,0,0,0,0,1,2,0,0,1,1,0,1,1,0,1,2,0,1,0,0,-0.125611878694011,0.7795934062494745,-0.8340468340439022
2557,1,0,0,0,0,1,0,0,1,1,0,0,0,0,0,1,1,2,1,1,0.32159332621628156,0.1680776534519915,0.8497319507440975
2558,0,1,1,1,0,1,0,1,1,0,1,0,0,0,0,0,1,1,1,0,-0.01759279395666645,-0.6223527250697067,0.7402861729031005
2559,1,1,0,0,0,0,0,0,1,0,2,1,2,0,0,1,1,1,1,0,0.03420850575104876,-0.58536974271745,1.2266193268559284
2560,0,2,0,0,0,1,0,0,0,0,0,0,1,0,1,1,1,0,1,0,1.7431495305651592,0.8325210365729008,1.3500872718857542
2561,0,0,0,0,0,1,0,0,2,1,1,1,1,0,0,1,1,0,1,0,1.0033323210672875,-1.21486346860116,0.35115201364642257
2562,0,0,0,0,1,1,0,0,2,1,0,1,0,2,0,1,0,0,1,0,-0.3299949320819782,-0.06859303885963955,-0.6029509672815937
2563,0,1,1,1,0,1,0,1,2,2,1,0,2,0,0,1,1,0,0,0,0.7508428538573196,-0.2738209216007473,-0.3163312533836819
2564,1,1,0,0,0,0,0,1,2,0,0,0,1,0,0,0,1,1,0,2,1.4333690294762034,-0.2689902591926497,-0.3492237039706931
2565,1,1,1,0,0,2,0,0,1,0,1,1,0,1,0,1,0,0,0,0,-0.052172088570555365,-0.7261184904849064,0.8699996991746629
2566,0,0,0,0,0,0,0,0,0,0,0,1,0,1,0,1,0,0,2,2,0.13846600958281044,0.12807289177643594,1.0233393246207785
2567,0,1,0,0,1,1,0,0,1,2,0,1,0,0,1,1,0,0,0,0,1.421010627232576,0.5461165094329509,1.3614026845172473
2568,1,0,0,0,0,0,0,0,0,0,0,1,0,1,0,1,1,0,2,1,0.5361606626154102,1.2854945015445831,1.4649910644813937
2569,0,0,1,0,0,1,0,1,2,1,0,1,2,0,0,1,2,0,0,1,-1.1120669220498178,-0.9946144644769617,-0.9560823842004764
2570,1,1,0,0,0,1,1,0,0,0,0,1,0,1,0,1,0,1,0,0,-0.5954175293087935,-0.7668424275985907,0.36975754964522656
2571,0,0,0,1,0,2,0,1,0,2,1,0,1,1,0,1,1,2,1,1,-0.8745495745057629,1.2956781788068499,-1.5990470675334865
2572,0,1,0,0,0,0,0,0,1,0,0,1,1,0,0,1,2,1,0,1,-0.1852556156862748,0.45213782351184734,-0.7071583823587347
2573,0,0,0,0,0,0,0,0,2,0,0,0,0,2,0,1,0,2,0,1,-0.7479630710484648,-0.8569314501622418,0.8301168882866907
2574,0,2,0,0,0,1,0,0,1,0,0,0,1,1,0,1,1,1,1,2,-1.1422205330225828,-0.1446214263428462,1.1339430544505371
2575,1,0,2,0,0,1,0,0,2,1,1,1,1,0,0,1,1,0,2,0,-0.9186329106891852,-1.431279052819042,-0.8837648708444827
2576,0,2,0,0,0,2,0,0,1,1,0,1,1,0,0,1,1,1,2,0,-1.1766459425031064,-1.0357809681145844,1.9467174656206088
2577,1,0,0,0,0,2,0,1,1,0,0,0,1,1,0,0,0,0,1,1,0.6049789304158484,-0.005351682047066597,1.5897201920071724
2578,0,0,1,0,0,1,0,0,0,1,2,0,1,0,0,2,0,0,0,1,0.888231200188985,0.9301088599122722,3.0358288038174424
2579,0,0,1,0,0,0,0,0,0,1,0,1,0,0,1,0,0,0,2,0,-0.08270130684955325,-0.739710017367885,-0.15970413562010372
2580,0,2,2,0,1,0,0,1,0,0,0,0,1,1,0,0,1,1,1,0,0.42307000299951825,-0.8963360384543544,1.4211677079398595
2581,0,1,1,0,0,1,0,0,2,1,1,0,0,0,0,0,1,1,1,0,-0.10008017278548212,-0.8422094422735977,-0.49731784199711665
2582,0,0,1,0,0,1,0,0,1,2,1,1,1,0,0,0,0,1,0,1,-1.0021273850487895,-0.15787958286197612,0.41400288000857793
2583,0,0,0,0,0,0,0,0,1,1,0,0,1,0,0,1,1,1,1,0,0.8480447962399928,0.700920128305148,-0.1248776907261081
2584,0,0,0,0,1,1,0,1,1,2,1,0,2,0,0,1,0,0,1,1,0.49325576445579306,1.4096132521373916,0.885780555582852
2585,0,1,0,0,0,1,1,1,2,1,0,0,2,2,0,2,0,2,1,0,0.7182421419756911,-0.7638240740757247,1.8655137865992715
2586,2,0,0,0,0,0,1,0,1,1,0,0,0,0,0,1,0,1,1,1,-0.3563042406158433,-0.2866314971058072,0.013608029986192628
2587,0,0,0,0,0,0,0,0,1,0,0,1,2,0,0,2,1,0,1,0,-1.1380791733400093,-1.1404716401034818,0.7578156587842171
2588,0,1,1,0,0,1,0,0,0,1,1,1,0,0,0,0,1,1,1,0,-0.044122464974302174,1.4456875168931318,-1.5094404016483522
2589,0,0,0,0,0,1,1,0,0,1,0,1,1,0,0,1,1,0,2,2,-0.8524327908125348,-0.5480037440448859,-0.9598857289918096
2590,0,0,0,0,0,0,0,0,2,0,0,0,0,0,1,0,1,1,0,1,-0.5677148998012225,-0.3841152552653665,-0.25498208007583983
2591,0,0,0,0,0,0,0,1,1,1,0,0,1,0,0,1,1,0,0,1,-0.004006445692659341,0.43973349378740767,0.10602685163402684
2592,0,1,1,0,0,0,0,1,1,0,1,2,1,0,1,0,1,1,1,0,-0.36430599668944297,-0.7666962638452547,-0.23318901112690654
2593,0,1,1,0,0,1,0,0,0,2,0,1,1,0,0,1,1,1,1,1,1.120951017585271,0.3555108920393035,0.26297180838002293
2594,0,0,1,0,0,2,0,0,1,1,0,1,0,2,0,2,1,0,0,1,-0.16708140171724353,0.6238949922221229,-1.4103500718841304
2595,0,0,2,0,0,2,0,0,0,1,0,1,0,0,0,1,1,2,2,0,1.0730926293557383,0.9066313716266093,0.20780386518571362
2596,0,1,1,0,0,1,1,0,0,1,1,0,0,0,0,0,1,0,1,0,-0.08134456801523234,0.5798886716457036,0.482744676052006
2597,0,1,0,0,1,1,0,0,1,1,0,0,1,1,0,2,2,0,1,1,0.44699120035873674,0.26404905117525007,0.44521239105364746
2598,2,1,1,0,0,1,0,0,2,1,1,0,1,0,0,2,1,0,1,1,0.21190802213805002,-0.017034943008117337,1.260156002382977
2599,0,1,1,0,0,2,0,0,0,1,0,1,1,0,0,1,0,1,0,0,0.13674888613934955,0.43770230083508227,-1.8289092108102414
2600,0,0,0,0,0,1,0,0,1,1,0,1,1,0,0,1,1,1,1,0,-0.3583500229486273,-0.09527032727563026,-1.627763302896037
2601,0,1,1,0,0,2,0,1,0,1,0,0,2,0,0,0,0,1,0,1,1.0567653814100981,-0.17951784409917926,-0.28060566049720026
2602,0,1,0,0,0,2,0,1,2,1,0,1,1,0,0,0,0,0,1,1,0.6746197782990543,0.5708092840994354,-0.28638986832558844
2603,1,1,1,0,0,2,0,0,1,1,0,0,2,2,1,1,0,0,0,1,2.7280063029411057,2.329337501641713,0.6598969819402491
2604,0,0,1,1,1,1,0,0,1,1,0,0,0,0,0,1,1,1,1,1,-1.569528617865876,-0.31808989497693585,2.163926162743251
2605,0,1,0,0,0,1,1,0,0,0,1,2,1,0,0,1,1,0,2,0,-0.8180029443401261,-1.1803996008000381,0.690829608491995
2606,0,0,1,0,0,0,0,0,2,1,2,1,0,0,0,1,1,0,0,0,0.5085908736130221,0.5226393781056357,-1.515473451135633
2607,0,0,0,0,1,1,0,0,2,1,0,1,1,0,0,1,1,0,0,1,-1.444923332082302,-2.0144352036819466,0.2740159072261401
2608,1,0,0,0,0,1,0,1,0,1,0,1,1,1,1,2,1,1,1,0,-2.137928315187699,-0.7434464163613683,-1.6698549121245334
2609,0,0,0,0,1,1,1,1,2,1,1,0,1,1,0,0,1,0,0,1,1.0863032929111844,0.3416903186308572,0.6491287554867207
2610,0,0,1,0,0,0,0,0,0,2,1,0,0,0,1,1,0,1,0,0,-1.9505236166214377,1.1880136424891656,0.6679080902522783
2611,0,0,2,1,1,1,0,0,1,2,0,0,0,0,0,1,2,1,0,1,0.8163787847970814,0.9279191553190245,-0.3880384509000944
2612,0,0,0,0,0,1,0,1,1,0,1,1,1,0,1,1,1,0,0,0,-0.9649243348960377,-0.26760696300067394,0.4094655151193415
2613,0,0,0,0,0,0,0,1,0,1,1,2,0,0,0,1,0,1,1,0,-0.655247531803578,-1.0828834391190776,-1.109378884205611
2614,0,0,1,0,0,1,0,0,2,0,1,0,2,0,0,1,1,0,0,0,0.6470804658668277,-0.5494869544508851,-1.7200804441299007
2615,0,0,0,1,0,2,0,0,0,0,1,1,1,0,1,0,1,1,1,1,0.6241581433602296,-0.9939920721321613,1.9198011795897407
2616,0,0,1,0,0,0,0,0,2,0,0,1,0,1,0,2,0,0,1,0,1.6587103909406167,1.775495289085685,0.05017158930321497
2617,1,1,0,0,0,0,0,0,1,1,1,0,1,0,0,0,0,1,0,0,-1.2474332788542217,-2.6650632555482368,1.910410041052626
2618,1,1,1,0,1,1,0,1,1,0,0,0,0,0,1,0,2,0,1,1,0.9056520203443459,-0.0777618916578443,0.891223314556461
2619,0,0,0,0,1,1,1,0,0,1,0,1,0,0,0,1,1,0,1,0,0.7595521729731168,0.9391335499549012,1.0476539959114795
2620,0,1,1,0,0,1,0,0,0,0,0,1,1,1,1,1,0,1,2,0,0.24809952964988233,0.9770973649487957,0.4399249966554666
2621,0,0,0,0,0,1,0,0,0,1,1,0,1,1,0,1,1,1,0,1,0.015457917438038874,1.2597801464017886,-0.7056762669084925
2622,0,0,0,1,0,2,0,0,0,0,0,1,1,0,0,0,2,0,2,1,-1.4923520977164613,0.38137494944895467,0.975205387159009
2623,0,0,0,1,0,0,1,1,1,0,1,1,0,0,0,0,1,1,1,1,-2.302329052609685,-1.5996525358382012,0.04189825161680033
2624,0,0,2,0,0,1,0,0,0,1,1,0,1,1,0,1,1,0,0,1,-0.9280767358561824,-0.21977587367138976,0.39544156926926277
2625,0,0,2,1,0,0,0,1,1,0,0,0,1,0,0,0,1,2,1,1,1.17948812619866,0.3686747684469879,-0.305036075577667
2626,0,0,1,0,0,0,0,2,1,1,1,0,1,0,0,1,1,2,1,1,0.8655497068705401,-2.4687526477964084,2.3203258735904693
2627,1,0,0,1,1,1,1,0,0,2,0,1,1,0,0,2,0,0,1,0,0.28555534507157115,0.0749998309922626,-0.8868386525677229
2628,0,0,1,0,0,0,0,0,1,0,0,1,1,0,1,1,1,1,2,1,-0.20213897339587913,-0.03827005036918246,-0.31767355664725205
2629,0,1,0,0,0,1,0,1,2,0,0,1,0,0,0,0,1,0,0,1,0.3349072904530637,-0.2464041434313728,-0.6921936099891219
2630,0,0,2,0,0,2,0,0,1,1,0,0,0,0,0,2,1,1,1,2,-0.7687910944710189,0.10375013727914423,-1.5600752736352563
2631,0,0,0,0,1,1,0,0,0,0,0,2,0,0,1,1,1,2,1,0,-0.15763896196163274,-0.3919418498677498,-1.757343748181437
2632,0,0,1,0,0,2,1,0,2,1,2,1,1,1,1,0,1,0,0,1,0.8290855487412594,-1.4847180884310665,0.0896377976990404
2633,0,0,1,0,0,1,0,1,2,1,1,0,0,0,1,0,0,1,1,0,2.3823512829700486,-0.03435742375783091,1.1039436691931712
2634,1,1,2,0,2,0,0,0,0,1,1,0,1,0,0,1,1,0,1,1,-0.9827073232169595,-0.6602481035084545,1.6757468179606385
2635,0,0,0,0,0,1,0,0,1,0,1,0,0,2,1,1,0,2,0,0,0.22391051513727864,0.7048633967403363,-0.24523972550395134
2636,0,1,0,0,1,1,0,0,1,1,1,0,0,1,0,0,0,2,2,0,-0.014587650280249196,0.3323875106124715,0.7534108366061348
2637,0,1,0,0,0,1,0,0,1,0,0,0,1,0,0,0,1,1,2,0,1.6960109528758847,1.0326882444792425,0.8163934765751726
2638,0,1,1,0,0,1,1,0,1,0,1,1,0,0,1,2,0,2,1,1,0.12645122167882927,0.8634790169695572,0.6842711028922306
2639,0,0,0,0,0,1,0,0,2,0,0,1,0,1,1,1,2,0,1,0,-1.7856048253728543,-1.655418287848838,-0.949906094521261
2640,0,2,1,0,0,1,1,0,1,0,1,0,1,0,1,0,1,1,1,0,0.5462285290461225,-0.9365969958586167,0.45331795279357134
2641,0,1,2,0,1,1,0,0,0,1,0,0,0,0,0,0,1,1,0,0,0.3338429587892992,-0.42937642980656276,0.6872768743602411
2642,2,0,2,0,0,1,0,0,1,0,0,1,0,0,1,2,0,1,0,0,0.1962219738182081,-0.8629543582262317,-1.0978811087983509
2643,0,0,0,0,0,1,0,0,0,1,1,0,1,0,0,1,0,0,0,0,0.3768920290834611,0.16552789155578881,-0.43226232226484657
2644,0,0,0,0,0,0,0,0,2,0,1,0,0,0,0,1,2,1,2,1,0.1833885518050683,0.15520835148053194,-0.9596545069058892
2645,1,0,0,1,0,0,0,0,1,1,0,0,0,2,0,1,1,0,1,1,0.4220549014628433,1.5362825757420084,0.10478936103693481
2646,0,0,1,0,1,0,0,0,1,1,1,2,1,0,0,0,1,1,1,0,0.8036366572147756,0.08180386763436465,-0.2698808153303553
2647,1,1,0,0,0,1,0,0,1,0,1,1,2,0,0,0,1,2,2,0,0.24647133812830366,-0.6975491271801824,-0.2709885055637223
2648,0,1,1,0,0,1,0,0,1,0,1,1,1,0,0,1,1,1,0,1,1.1136669148468115,0.8788139164101276,-0.0949148949303592
2649,0,0,0,1,0,0,0,0,1,1,0,1,1,0,0,0,0,2,1,1,0.036387356770856645,0.587370036632795,-0.30831025274246615
2650,0,1,1,0,0,2,1,0,1,1,1,0,0,0,1,0,2,1,1,2,-0.007336499018365174,-0.2507396968941398,-0.29767738769867585
2651,0,0,0,0,0,1,1,0,2,0,0,1,0,0,0,0,1,0,2,0,1.1020284692890676,1.498495226051344,-0.28825619209141873
2652,0,1,1,0,0,1,0,0,1,0,1,0,1,0,0,1,1,0,0,0,-0.4056716142309214,0.06929369284317377,0.30575810574939516
2653,0,2,1,0,0,1,0,0,1,0,0,0,1,0,0,0,1,1,0,1,2.7524499951292416,-0.9683101447474889,2.254358471300689
2654,0,0,0,0,1,0,1,0,0,2,1,1,0,0,0,1,0,1,0,0,2.0097892749536648,1.4447615274832772,1.5180356784966533
2655,0,0,1,0,0,0,0,0,1,0,0,1,1,0,0,1,1,2,1,1,0.8012969740841136,0.9391678774158954,-0.13741459442151133
2656,0,1,0,0,0,1,0,0,1,1,0,1,2,0,0,1,2,1,2,0,-0.1500833360608527,0.19097596264787003,-2.1998815067933326
2657,0,0,0,0,0,0,0,0,2,1,0,1,0,1,0,0,1,1,0,2,-1.0543682196888224,-0.5477200674750285,-1.9409515568662745
2658,1,0,1,1,0,2,0,0,1,1,1,1,0,0,0,1,0,0,1,0,-0.6488460246579905,-0.9043085710393893,-0.3230919917186594
2659,0,0,0,0,1,2,0,0,2,0,1,0,1,0,0,0,0,1,0,1,1.9848839465143038,1.3782267759934168,1.7141255044763808
2660,0,0,0,0,0,1,1,1,1,1,0,1,1,0,0,1,2,0,2,1,0.43882903531671674,1.7887250680696676,0.7442439673768654
2661,0,0,0,0,0,1,0,1,1,0,0,0,1,0,0,2,0,0,1,1,0.13893881391022042,0.33881404539158966,1.5404696998276406
2662,0,1,2,0,0,2,0,0,0,0,0,2,1,0,0,0,1,0,1,0,-0.7517667325144607,-0.2803686876383806,-0.9018483017671827
2663,0,0,1,0,1,0,0,0,0,1,0,0,1,0,0,1,0,2,0,1,1.38840426984986,0.5156045660723798,-1.2607659571331382
2664,0,1,2,0,2,0,2,0,0,1,0,1,0,0,0,0,0,0,0,1,1.4849566514625447,-0.6229561594513906,0.23404489067881026
2665,0,1,1,0,0,0,0,0,1,0,0,0,2,0,0,1,1,0,0,0,-0.49552186670592757,-0.530022621230131,-0.15511051644133994
2666,0,0,1,0,0,0,0,0,2,1,1,0,1,0,0,1,2,0,2,0,-1.7991672122053046,-0.16697125568344606,1.1312960875735159
2667,0,0,1,0,1,1,0,0,0,1,1,0,1,0,0,0,1,0,1,0,1.385925970588831,0.03251926737715788,0.7406045360011079
2668,1,0,0,0,0,2,0,0,2,0,0,1,1,0,0,1,1,0,1,0,1.0314933298037148,0.382995101974199,-0.6338138277731077
2669,0,1,1,0,1,1,0,0,2,0,0,0,2,0,0,2,1,0,1,0,-0.21521239331817285,-0.0605170211119367,-0.9192857469770662
2670,0,0,1,0,0,1,0,1,2,1,0,1,2,0,0,0,0,0,2,1,-1.3608782127701444,-0.7596123317702388,0.3846562620012217
2671,0,1,0,0,1,1,0,1,2,0,0,0,1,0,1,1,0,1,2,1,0.8269458676798461,0.8362277227808443,1.289366971711189
2672,0,1,0,0,0,2,0,1,0,1,0,0,1,0,0,0,2,1,0,0,0.564293444352226,-0.3246058132977414,-0.25049084859054127
2673,0,0,0,0,1,1,1,0,0,2,1,0,1,1,0,1,0,0,2,0,-1.0469973415793241,1.045841452169338,0.937863040854527
2674,0,0,0,1,0,1,0,0,1,0,0,2,1,0,0,1,0,1,0,0,1.3823310026999778,-1.1645403315712124,0.850596788480761
2675,0,0,0,0,0,1,0,0,0,1,0,0,0,0,1,1,1,0,2,0,0.8376321455676059,0.48109950505647225,0.19970900671804243
2676,0,2,1,0,0,1,0,0,2,1,0,2,1,0,1,0,1,1,1,1,-0.32371869570842227,-1.9535880996870065,-0.8692879927121858
2677,0,1,1,0,0,0,0,0,0,1,0,1,1,0,0,0,2,0,2,0,0.455270503441471,-0.09300986925251485,2.140392390956989
2678,0,0,0,0,0,1,0,0,1,1,0,1,0,0,0,0,0,0,0,0,0.46839831102680257,-0.21933400619399782,1.281022178266028
2679,0,0,0,0,0,1,1,0,1,1,1,0,0,0,0,1,1,0,1,1,0.07682508531575724,0.6363180056545563,-1.0740485463606557
2680,0,1,1,0,0,1,0,1,1,0,0,1,0,1,0,1,2,0,1,1,-0.22031881252891744,1.2936626316384556,-0.20857666446384743
2681,1,1,2,0,0,1,0,0,0,1,1,1,2,1,1,2,1,0,2,1,0.9777614168848051,0.13326882768937237,0.550506428330831
2682,0,1,0,1,0,1,0,0,0,0,1,2,1,0,0,0,1,0,0,0,-0.13328932465364868,-2.148292476637974,1.0002967585192015
2683,0,1,1,0,0,1,0,0,2,1,0,0,0,0,0,1,0,0,1,0,-1.2741812643533876,-0.8529822782451906,-0.1593574246315472
2684,0,0,1,0,0,0,0,0,1,0,2,0,0,1,0,0,1,0,2,0,-0.6717732370632851,-0.22532323054155218,-0.5962056385287469
2685,0,0,0,0,0,0,0,0,0,0,1,0,1,0,0,0,1,1,1,1,-1.2413096994717228,0.0037354079234390714,-1.0334964843625856
2686,0,1,1,0,0,2,0,0,2,1,1,0,0,0,0,1,2,1,2,1,0.5756023932019888,-0.210467342010759,-1.6172172491346604
2687,0,1,1,0,0,0,1,0,2,0,0,1,1,0,0,0,0,1,2,1,-0.7300344884402785,-1.0532362812243825,1.2816474428149989
2688,1,0,0,0,0,0,0,0,1,1,0,0,1,0,0,0,1,0,0,0,1.5977517791144444,1.0345820526647804,1.0111292784625483
2689,0,0,0,0,0,1,0,0,1,1,0,0,0,1,0,0,0,0,0,1,0.29677669590366,0.17974069717358201,0.8044044749491337
2690,0,1,1,0,0,1,0,0,2,1,1,1,2,0,0,1,0,1,1,0,0.164771568054101,-1.1021582800365852,0.9038891587833388
2691,0,1,1,0,0,1,0,1,2,1,0,1,2,0,0,1,0,0,1,0,-1.8927512258784231,0.2574103845184468,-0.8766966013578931
2692,0,0,2,0,0,1,0,1,0,1,0,1,1,0,0,1,1,0,2,1,-1.955379161133906,-1.2832367699889637,1.012745312219594
2693,0,0,1,0,0,1,0,1,1,0,0,0,1,0,0,1,1,0,2,0,-0.9216645658006458,-0.003932371379499422,-0.5814907718385306
2694,1,2,0,0,0,0,0,0,2,1,0,1,0,0,0,1,1,0,1,2,1.588443031084771,0.5582264591402512,2.7623781966679757
2695,0,1,0,0,0,1,0,1,1,1,1,0,1,0,0,0,1,1,1,1,0.397949327015677,-2.2337342567047673,1.1521599938384637
2696,1,1,1,1,0,1,1,0,1,0,1,1,1,0,0,1,1,0,0,2,-2.374370109988027,-1.5142439874817943,0.1513406066700923
2697,1,2,0,0,0,1,0,0,1,0,0,0,1,0,1,0,2,0,0,1,-0.4525932177504308,0.7499014421206249,-0.8094452589356819
2698,1,0,2,0,0,1,0,0,2,2,0,0,2,0,1,1,1,1,1,1,-2.101263983521925,-0.8149647291259982,-2.096440555843203
2699,1,1,1,0,0,2,0,0,1,1,1,1,1,0,0,0,2,2,1,1,-1.7150005025888035,-0.8328612453794196,-2.6354908916889777
2700,0,1,1,0,0,2,0,0,2,0,0,1,1,0,1,1,1,0,1,0,0.2102621665652907,-0.6535980202109457,-0.2763702186940298
2701,0,0,1,0,0,0,0,0,1,1,0,1,1,0,0,1,1,1,2,1,0.30081069220926243,1.6875001854080431,0.9490578110079191
2702,0,1,1,0,2,0,0,1,2,1,0,1,0,0,0,0,0,1,1,0,-1.12227982656878,0.4542374933488096,-0.0735808294248971
2703,0,1,0,0,1,0,0,0,0,2,0,0,0,0,0,2,1,0,0,1,0.9748556829981455,1.116531085022367,0.3639333582823094
2704,0,0,1,0,0,1,0,0,0,1,0,1,1,1,0,1,1,0,2,0,0.4734569434841353,-0.1455106863354334,2.5094966752903196
2705,0,0,0,0,0,0,0,0,1,1,0,0,0,0,0,1,1,1,1,0,-0.47677102836988694,1.0234987640203284,-0.1506090244919169
2706,0,2,0,0,0,1,0,0,1,1,1,0,2,0,0,1,1,1,0,1,0.458109357187658,0.38607731389796374,-1.8532263417787616
2707,0,0,0,0,0,0,0,0,0,0,0,0,1,1,0,2,1,0,1,0,0.7283202512796192,1.714806169626012,-0.4020474501826826
2708,0,0,0,0,0,0,0,0,1,0,1,0,1,1,0,1,1,0,2,0,-0.8771198582996566,-1.2137642673651738,-0.312491501960592
2709,1,0,0,0,1,1,0,0,0,0,0,0,1,0,0,1,2,1,1,1,-0.036775508271775954,0.12458692040744276,-0.09652196239678365
2710,1,1,1,0,0,1,0,0,2,0,0,0,1,0,0,0,1,0,1,0,1.3393027936843278,-0.6832028407429114,-0.005266658878507413
2711,1,0,1,0,1,2,0,0,0,1,1,1,0,0,1,0,1,1,1,0,-0.09880153603889645,-0.8756086702140025,2.66872363617099
2712,2,0,1,0,0,1,0,0,2,1,0,1,0,1,0,2,0,0,2,1,0.4127168275522139,1.2607596472335794,-0.060534946780234467
2713,0,0,0,0,0,1,0,1,0,0,1,1,1,0,0,0,0,1,0,0,-1.3801068787959745,-1.04075373569619,-0.19422677289516782
2714,1,1,0,0,0,2,1,0,2,2,1,0,0,1,0,1,0,1,0,1,0.12737801391099696,1.8599754933127035,2.3729937172630895
2715,0,0,0,0,0,1,0,1,1,1,0,0,1,1,0,1,0,1,0,2,0.16439549341706353,-0.5518119676321096,-0.4218928528134175
2716,0,2,1,0,0,2,1,0,0,0,0,0,0,0,0,2,0,0,0,0,1.0269863732441118,1.7179112321318883,0.333926199011141
2717,0,1,1,0,0,1,1,0,0,0,0,0,0,0,0,0,1,1,0,1,0.17021264814113263,-0.6403012852116955,1.3416868670243567
2718,0,0,0,0,0,1,1,0,2,0,0,0,0,0,1,0,0,2,1,0,1.47637662599054,0.017543490194708744,0.9684027315997117
2719,0,0,0,1,0,1,0,0,1,1,0,0,1,0,0,1,0,0,0,1,0.7925245763428191,2.451477705719412,1.4400076193649574
2720,0,1,0,0,0,2,0,0,2,0,0,0,1,0,0,0,0,0,1,0,0.4962302440510821,-0.6797237952009662,-0.6900816369039855
2721,0,0,1,0,0,0,0,1,0,0,0,1,1,1,1,0,2,1,1,0,-1.2659773335525446,-3.0326098122582894,2.9822325550280206
2722,0,0,1,1,0,1,0,0,1,0,1,2,0,1,0,0,0,0,1,0,-0.9266250161127393,-1.338495085516771,-1.2055278467990975
2723,0,0,1,0,0,1,0,1,0,1,0,1,1,0,0,0,1,0,2,0,-1.6553452178363732,0.2331711609221907,-1.6517939052412034
2724,0,2,0,0,0,0,0,0,1,0,2,0,0,0,0,0,1,0,0,1,-0.7108637432509856,-1.359925540192793,1.024521887258765
2725,1,0,1,0,0,0,0,0,1,1,1,1,0,0,1,1,1,1,1,0,-0.548113689842359,0.2729829540074563,0.8721687188833122
2726,0,2,0,0,0,1,0,0,0,1,2,1,0,0,0,2,1,1,1,1,0.5163372893809491,-0.7626705301992271,-1.041137135740231
2727,0,0,2,0,0,1,0,0,1,0,0,2,1,0,0,2,1,0,0,1,-1.94807819100702,0.38190399791143204,-0.2738553089391947
2728,0,0,0,0,0,0,0,0,0,0,1,1,0,0,0,1,0,1,1,1,-1.5768484957123254,-0.6453338834201813,-0.4750285072860437
2729,0,0,0,0,0,0,0,0,2,1,1,1,0,0,0,0,0,0,2,0,2.0922483673150825,1.7863607318470174,1.7369285966409147
2730,0,1,2,0,0,1,0,0,0,0,1,1,1,0,0,2,2,1,0,0,-0.05934279840918316,0.8545294649888261,-0.43395578909876903
2731,0,1,2,0,0,0,0,0,1,1,0,1,0,0,0,1,1,0,1,0,0.37932563542410913,-0.736440250315842,-0.4233728436449695
2732,0,0,1,0,0,2,1,0,1,1,1,2,0,0,0,1,1,0,0,1,-1.1397232380560882,-0.2555153783453816,-0.45552604743608993
2733,0,1,0,1,0,0,0,0,0,1,0,0,1,0,1,2,2,2,1,0,-0.3823306409655616,0.07549923862653844,-0.06934653753430457
2734,0,1,1,1,0,2,0,0,1,0,0,1,1,0,0,1,0,0,0,0,-1.2288484056396223,0.23698870969621655,0.1399549484001657
2735,1,0,0,1,0,0,0,1,1,1,0,1,0,0,0,1,1,1,0,1,-0.799759558195335,-1.2237927426631403,-1.157337723310174
2736,0,1,1,0,0,2,0,0,2,1,0,1,1,0,0,0,1,0,1,1,-0.859591185795024,-0.41487536399995834,0.5344313729599435
2737,0,2,0,0,1,2,0,0,1,0,2,0,0,0,1,1,2,2,2,0,1.124133703881816,-0.43892112572366043,0.7095580012316274
2738,0,1,0,1,0,1,1,0,0,0,0,0,1,1,0,1,0,0,0,2,-0.191931890658511,1.3444407568110157,-0.819066498236692
2739,0,2,0,0,0,0,0,0,1,0,1,1,0,1,0,0,1,0,0,2,-0.035553204549893185,-0.839330471700329,-0.23325893128939076
2740,0,1,1,0,0,0,0,0,0,0,0,1,2,0,0,0,1,0,2,0,1.100212834806696,0.22819625164662194,1.2659051348117274
2741,0,0,0,0,0,1,1,1,0,1,1,0,1,0,2,0,1,0,1,1,-0.41333208509724295,0.8788297140700788,0.07339647146979622
2742,0,0,2,0,1,1,0,0,1,1,1,0,1,0,0,1,2,0,1,0,1.2975655434758504,0.15533131708558298,0.1203790050687577
2743,0,1,0,0,0,2,0,0,2,2,0,0,1,1,0,1,1,0,1,0,-0.9625087302403263,-0.9223310647086579,0.43456229377857136
2744,1,1,1,0,0,2,0,0,2,0,0,0,1,0,0,0,2,0,1,0,-0.8231009103361472,-0.5691674602330562,0.9152722861711761
2745,0,0,1,0,0,0,0,0,1,0,0,1,1,0,0,1,1,0,1,1,-1.9892413026168587,-0.03380727797183525,-0.4606884991504249
2746,0,0,1,1,0,2,0,1,1,0,1,1,1,0,1,1,2,1,1,0,-1.3589621894701156,-2.7120378162885004,1.0974700393500663
2747,0,1,0,0,0,1,0,0,0,0,1,0,1,0,0,1,1,0,0,1,0.5343846798113449,-0.09465854097514023,0.21013767952736118
2748,0,1,1,0,0,0,0,0,0,0,1,0,1,1,1,1,1,0,1,2,-0.495581299014772,-0.57794535997248,-2.0311288025530287
2749,0,1,0,0,0,1,0,0,1,1,0,0,1,0,0,0,1,0,0,0,0.3472069688871313,0.2541146948515615,0.5601021221512636
2750,0,0,0,0,0,1,1,0,1,2,0,0,0,1,0,0,0,2,0,1,-0.6108688594602634,-0.7788747476870119,-0.7541159586120494
2751,0,0,1,0,0,1,0,0,2,0,0,0,0,0,1,1,0,0,1,1,-0.48524751947496914,-0.0780738489658988,1.2962809583128259
2752,1,1,1,1,0,0,1,0,2,1,0,1,0,0,0,0,2,2,1,1,-0.6314895931865115,-0.010814744037387414,-0.8054469548252082
2753,0,0,1,0,0,1,0,0,1,2,0,1,0,0,0,2,0,0,1,1,0.2816360006641821,0.7691183203040244,0.08703426124988135
2754,0,0,0,1,0,1,1,1,0,1,1,0,0,0,0,0,1,0,1,0,-0.11106938724988877,0.4126737608100722,0.5922774441295824
2755,0,0,1,0,0,1,1,0,1,0,0,1,1,0,0,1,0,0,1,0,1.1881977102649164,2.804971824543577,1.154250734906993
2756,0,0,1,0,2,0,0,0,1,1,0,0,0,0,1,2,2,0,0,2,0.4404901203390393,0.8490041762745377,-0.6303493023439901
2757,0,0,0,0,0,1,0,0,2,0,0,0,1,0,0,1,2,1,0,1,1.9331345975778276,0.9042006213953108,1.0062555930325288
2758,0,0,2,0,0,2,0,1,1,0,1,0,1,0,0,1,0,0,2,0,1.416136846250522,0.9558683410394165,0.5175961656794597
2759,0,1,2,0,0,0,0,0,2,1,0,0,1,0,0,0,0,1,1,0,0.17051293922132366,1.4296081279419304,-1.9296682684365793
2760,0,0,1,0,0,0,0,0,2,1,0,0,2,0,0,0,1,0,2,1,0.6622443563217897,1.8346719308673418,1.8935703220644873
2761,0,1,0,1,0,1,0,1,0,1,2,1,1,0,0,1,0,1,0,0,0.5004640800008804,0.6538471358570199,1.8758871072031613
2762,0,1,0,0,0,1,0,0,1,1,1,1,1,1,0,0,0,0,1,2,0.6053795569841048,-0.33020375153504133,0.4976289175831885
2763,0,0,1,1,1,1,0,0,1,0,0,1,1,2,1,1,1,0,1,1,-0.8759268268633528,0.07982121590750273,-0.30726849010120655
2764,0,0,1,0,0,1,0,0,1,1,1,1,1,2,0,1,1,2,0,0,0.10174500399820566,-2.1034946769338267,2.704375714289773
2765,2,1,1,0,0,2,0,0,0,0,0,0,0,1,1,0,1,1,2,0,-0.9833947100296672,-0.3114994530967102,-0.46797137118667703
2766,0,2,0,1,0,1,0,1,2,0,1,1,0,0,0,0,1,1,0,0,-0.8863697549899958,-1.7295288583929445,0.629412329127887
2767,0,1,1,0,0,2,1,0,0,1,0,0,1,0,0,2,1,1,1,1,-1.280092342443195,-0.8549231607810717,-0.7454785987009837
2768,0,0,0,0,0,1,0,0,2,1,0,1,1,0,1,1,1,2,1,2,1.417912243186142,0.41119687271272876,-1.7741852699605924
2769,0,2,1,0,0,0,0,0,2,0,0,0,1,0,0,1,0,0,1,2,0.22782354026472876,-1.1835070781917199,0.20695189524996616
2770,0,1,1,0,0,1,0,0,1,1,2,0,1,0,1,0,0,0,1,1,0.17040095209330647,0.29197589156176745,-0.13848112577941468
2771,0,0,1,0,0,1,0,0,0,1,0,2,0,0,1,0,0,1,0,0,-0.7168984938825128,-0.5879585760713542,-0.23438302584944437
2772,0,0,0,0,0,1,0,0,1,0,1,0,0,0,0,0,0,1,2,0,-0.1277372095143162,0.8595101235894931,0.28479438866920315
2773,1,1,1,0,1,1,0,0,1,1,1,0,2,0,1,1,1,0,0,1,1.5128211283545878,-1.439405023800558,0.9936900896250194
2774,1,0,0,0,1,1,0,1,1,1,1,0,0,0,0,1,1,2,2,0,-1.5485402640900061,-1.7319317980169022,0.6971218565136881
2775,0,0,0,0,1,1,0,0,1,1,1,0,0,1,0,0,0,1,1,1,0.083697144655118,0.7697595338438676,-0.3478316580173478
2776,0,1,0,0,0,0,1,0,1,0,0,0,1,1,0,2,1,1,2,2,1.6440805774857263,0.25088865676379,0.6660611958078033
2777,0,0,0,0,0,0,0,1,1,1,1,0,0,0,0,0,0,0,0,1,-0.00921368201696307,1.0470694756339671,-0.11487165060632423
2778,0,0,0,0,0,2,0,0,2,1,0,1,1,1,0,0,2,1,1,0,0.6931437092863897,-0.5142942860345758,-1.2165997056145135
2779,0,0,0,0,0,1,0,0,1,1,0,0,1,1,0,1,1,0,0,1,0.2667078243096711,-0.4657096515034863,1.097682803612583
2780,0,1,1,0,0,1,0,0,1,1,1,0,0,0,0,0,0,1,1,0,-0.3636487378723925,0.6568407845212751,1.6549480889633066
2781,0,0,0,1,0,2,0,0,1,0,0,1,1,1,0,2,1,1,1,1,-0.23329460087887574,0.7865391676461755,-0.3821574609418279
2782,0,2,1,1,0,2,0,0,1,0,1,0,1,0,0,0,0,2,0,0,0.8613950507277592,-2.0883513360230093,-1.3186775091417793
2783,0,0,0,0,0,0,0,0,1,1,0,1,0,1,0,0,1,0,2,0,-0.22865814595187606,0.0780622312171611,0.8780028882428625
2784,0,1,1,0,0,0,0,0,1,0,0,1,2,0,1,2,1,2,0,0,0.734534903256994,0.8747745885287422,0.8702475964990599
2785,0,1,2,0,1,1,1,0,1,0,0,0,1,0,0,0,0,0,1,0,-0.08627144792720963,-0.5795358546745419,-1.7933768369330862
2786,0,0,0,0,0,0,0,0,1,0,1,0,1,0,0,0,0,0,0,1,1.1727861200185967,0.6486824348264699,-0.201649180087503
2787,0,1,0,0,0,0,0,0,1,1,0,0,1,0,0,1,1,0,1,0,0.41902800409277263,-0.7131458770939583,1.2113905022279534
2788,1,0,1,0,0,2,0,0,1,0,0,1,1,0,0,0,0,0,0,2,0.7006434584664447,0.08871504333172389,0.006295752358023168
2789,0,1,2,0,0,1,0,0,1,1,1,0,0,1,0,1,1,0,1,2,0.10321881330019085,0.8918845755053066,-2.1923372336686207
2790,0,1,1,0,0,2,0,1,0,2,0,0,0,0,0,1,1,1,0,0,1.1839043189393041,-0.4459786240488096,-0.18293894034107697
2791,0,0,0,0,0,2,0,1,2,0,1,1,0,0,1,0,1,1,1,0,0.08451224255306036,-0.3184977516428358,1.4421395302807796
2792,0,1,1,0,0,1,0,0,0,1,0,1,1,0,0,0,0,0,1,0,0.957488877603724,-0.17628733234837524,1.6552762552031757
2793,0,0,0,0,1,1,0,0,2,0,0,0,1,1,1,0,2,1,1,0,0.5758000574949521,1.7110337225268488,1.5564770726885615
2794,0,0,2,0,0,0,0,1,1,0,1,1,1,1,0,1,2,0,0,0,-0.5848398999913661,0.06429938492102205,0.39381242588857046
2795,0,0,0,0,0,2,0,1,2,1,1,0,0,0,0,0,0,1,1,1,-1.9058341683786824,-1.4048285770201456,1.2879736537747748
2796,0,0,2,0,0,1,0,1,1,0,0,1,0,0,0,0,0,0,0,0,-0.6118933668381896,-0.8116562968091188,0.5960672921307155
2797,1,0,1,1,0,1,0,0,1,1,0,0,1,0,0,1,2,0,2,1,0.23227460666876898,0.3983088309073414,-1.5884422627349941
2798,0,2,1,0,0,0,0,0,1,1,0,1,0,0,0,1,0,2,1,0,0.9597685552183954,0.811849986199242,0.20549538888565919
2799,0,1,0,0,1,2,0,1,1,0,1,2,0,1,1,0,0,0,0,1,0.018315493112910718,-1.2598584563732036,-0.310637646814341
2800,0,0,1,0,0,1,0,0,1,1,2,0,0,0,0,0,0,0,1,0,0.7317544572279613,0.189029643809698,0.704818134553153
2801,0,0,1,0,1,0,0,0,1,0,0,1,1,1,0,0,0,0,2,0,-0.885260788529039,-0.12000067600634207,0.6299298465592598
2802,1,2,1,0,1,1,1,1,0,1,0,1,1,0,0,1,2,1,0,0,-0.7526794993517099,-1.8233559114120264,-0.35701846001188986
2803,0,1,1,1,0,2,0,0,1,0,0,0,1,0,0,0,1,0,0,2,0.09872536685899404,-0.05801820324630634,-0.2566268527415385
2804,0,1,1,0,0,0,0,1,2,0,0,1,1,0,0,0,0,2,1,2,1.3944676009198818,0.2819136040687544,0.36850768099081244
2805,1,0,0,0,0,1,0,0,0,1,1,1,1,1,0,1,0,0,1,2,0.5896844775001533,0.9391424644742694,-0.6905623295500625
2806,0,0,0,0,0,1,0,0,0,0,0,0,0,0,0,0,0,0,0,0,-0.4083483286800477,-2.2999893847964272,3.269372036564896
2807,0,1,0,0,0,1,0,0,0,1,1,1,0,0,1,0,2,0,0,1,0.4487083919620919,0.30387816085147873,0.40251083897532647
2808,0,1,1,0,0,0,0,0,0,1,1,0,1,0,0,0,1,0,1,0,0.4893451774049852,-0.8955287045023137,1.4833116891818876
2809,0,0,1,0,0,1,0,0,1,0,0,1,1,1,0,1,1,0,1,1,-0.467330618890628,0.5449802838143659,0.26470848544778125
2810,0,1,0,1,1,2,1,0,1,2,1,1,1,1,0,0,0,0,1,1,0.7621285286535125,1.7815121271310934,-0.13783243770351739
2811,1,1,0,0,0,1,0,0,2,2,1,0,2,0,0,1,0,1,1,0,0.7787968783131792,1.362931562084426,-0.49635301106029517
2812,0,0,0,0,0,1,0,0,0,1,0,0,2,0,0,2,0,0,2,0,-1.514842230310284,-0.5531075682673199,-1.1022779940402034
2813,0,2,1,0,1,2,0,0,2,0,0,0,1,0,0,0,2,1,2,2,0.26815484982155774,-0.9817327097382185,-0.6874864927717049
2814,0,0,0,0,0,2,1,0,2,1,0,0,0,0,0,0,0,0,0,2,1.8705346628596606,-1.0595479428850927,2.032481721060484
2815,0,0,0,0,1,1,0,1,1,0,1,0,1,2,0,2,0,2,2,0,-0.10912133670144328,0.021736312354054044,0.39810185435790413
2816,1,0,1,0,0,2,0,0,1,2,1,1,2,0,1,1,0,0,1,0,0.48281817627427914,-0.31248658139992574,-0.8919494745746279
2817,0,1,0,0,0,1,0,0,2,0,0,1,1,0,0,1,0,1,2,0,0.1387230679075768,1.0329050988550572,0.3119063636923822
2818,0,0,1,0,0,0,0,0,0,1,1,0,0,1,1,1,1,1,0,0,0.8221618315381823,0.13282891611525446,-0.11268369143130338
2819,0,1,0,1,0,2,0,0,0,1,0,0,1,1,0,0,0,1,2,0,-0.5037303290145538,-0.21578448970744676,-0.29901265598943166
2820,0,1,0,0,0,0,0,0,1,0,0,1,1,1,0,1,0,1,2,2,-0.15064443118001403,0.6231313832306085,1.0068414315785614
2821,1,0,1,0,1,1,0,0,1,2,0,0,0,0,0,2,1,0,1,1,-1.1185225190731678,-0.09477474739688935,0.1884646627432403
2822,0,0,0,0,0,2,1,0,1,1,1,1,2,1,1,0,0,0,1,0,-2.166752871531427,0.9477063657315004,-0.2718801321977212
2823,1,0,1,0,0,2,0,1,0,1,1,0,1,0,1,0,1,0,0,1,0.3099396581698569,1.0167540156528942,0.4395152773061406
2824,0,0,0,0,0,1,0,1,2,1,1,1,1,0,0,1,0,1,1,1,0.6613893360809905,-0.1370831672056309,-0.3910112996787346
2825,0,0,1,0,0,1,0,0,2,1,1,0,1,0,0,0,1,1,1,0,0.41063055103940493,-0.5606007313478086,-0.32971341986250824
2826,2,0,1,0,0,1,0,0,0,0,0,0,1,0,0,1,0,0,1,1,0.1371124460614758,1.0356594622158608,-0.2434617693518045
2827,0,0,1,0,1,0,0,1,2,0,2,0,1,0,0,1,2,0,2,1,-0.9889476387655934,-0.48043994035488274,-1.6875899969892167
2828,0,1,1,1,0,0,0,0,2,1,0,2,1,1,0,2,0,0,0,0,-1.3849470769559826,-0.06602121896895533,1.139379475910745
2829,0,0,1,0,0,1,0,0,1,2,0,0,1,1,1,0,1,0,1,1,-0.8064470655553961,-0.7034031204916563,-2.01920841686477
2830,1,1,1,0,0,0,0,0,0,0,2,1,1,1,0,1,2,1,0,1,-0.47401861948108,-1.0342717800890584,0.14472674697267662
2831,0,0,1,0,0,2,0,0,1,1,1,2,0,0,0,0,1,0,1,1,-1.1741619061731257,0.11553681607640431,-0.04540663457532025
2832,0,1,1,0,0,0,0,0,2,1,0,1,1,0,0,0,0,2,2,2,-0.04004471023334757,1.040555375342294,-0.4349358411174218
2833,1,0,0,0,0,2,0,1,2,0,1,0,1,1,0,0,1,0,1,1,-0.9578152980747315,-0.8194714757396571,0.039083223379185586
2834,0,1,0,0,1,1,0,0,1,1,1,2,0,0,0,1,0,0,2,0,0.5649982279898712,-0.8240624507232673,0.816603201810024
2835,0,0,1,0,0,1,0,0,1,2,2,0,1,0,0,0,2,1,1,0,-0.6957131701933872,-0.7349379540932379,-0.09066676859780975
2836,1,0,1,0,0,0,0,0,2,0,0,1,0,0,0,1,1,0,1,1,-1.7433895593493962,-0.3942239516341295,0.2648898372055998
2837,0,1,2,0,0,1,0,0,1,2,0,0,0,0,0,1,1,1,0,0,0.772930689388039,-0.14661838071537153,-0.10382340392008008
2838,0,0,1,0,0,2,0,0,0,0,1,0,0,0,0,0,1,1,2,1,1.1208724714788838,0.2958023070264522,0.6497008997482939
2839,0,2,1,0,0,0,0,0,1,1,0,0,0,0,2,0,0,2,1,1,-0.38749103323740924,-0.7371002405471476,-0.017225531534165964
2840,0,1,0,1,0,1,0,0,2,1,2,1,1,0,0,0,0,1,1,1,0.25033635500028695,0.5433324879643231,0.5259984952598019
2841,0,0,0,0,1,0,1,0,0,1,0,1,1,2,0,1,0,0,0,1,-0.49601539619152313,-0.6623608107621026,-0.8175477724271161
2842,0,0,1,0,0,1,0,0,0,2,0,0,0,0,0,2,0,0,0,0,0.3119969729906814,1.2098103222289347,-0.0061274128791309335
2843,0,1,1,0,1,0,0,0,0,1,0,1,1,0,0,0,1,0,1,1,-0.9479105781786796,-0.930704115841456,-0.8480789422542165
2844,2,0,2,0,0,0,1,0,2,1,0,0,1,0,1,1,1,0,0,0,0.4552280177333445,-1.6308846139540707,1.3529069269012917
2845,1,1,0,0,0,1,0,0,0,1,0,1,0,0,1,0,1,1,1,1,0.09692636670191031,0.3243735570594925,1.1071557376514207
2846,0,0,0,0,0,1,0,0,1,0,0,0,0,0,0,0,1,0,0,0,0.662979778527744,0.6132125594685532,1.0769592607836371
2847,0,1,0,0,0,0,0,0,1,1,1,1,1,0,0,0,0,1,2,1,-1.210529347776421,-1.3874874631320038,1.1593171229755312
2848,0,1,1,0,0,1,0,0,0,0,0,1,0,0,0,1,1,0,1,0,-0.2599533672990488,0.8583912166101101,-0.3193222528892101
2849,0,0,0,0,0,1,0,0,0,0,1,0,0,0,1,1,0,1,0,0,-1.2674645371927749,0.4941970967210312,0.021972313502674756
2850,0,0,2,0,0,1,0,0,0,0,0,0,1,0,0,2,1,0,2,2,0.7243542807829263,0.4353081326001669,0.38129862389901104
2851,1,0,0,0,1,0,0,0,2,1,1,1,0,0,0,0,0,0,2,1,0.9657170744053984,0.8277848158216559,0.1267222461168815
2852,0,0,0,0,0,1,1,0,2,0,0,1,0,1,0,0,1,0,1,1,0.3230895952871848,1.48256898659644,1.7146127867262042
2853,0,2,1,0,1,1,0,2,0,1,1,1,0,1,1,0,0,0,1,0,-0.1271654995022071,-0.5491006226490439,0.7526170139415878
2854,0,0,0,0,0,1,0,0,1,1,2,2,0,0,0,1,1,0,0,0,-1.150908875380733,-0.3070606446801888,0.49830401028962523
2855,0,0,0,0,0,1,0,0,0,1,0,1,1,1,0,1,0,0,2,0,0.11336956539114217,0.47756828329135326,-0.3228651745115351
2856,0,1,0,0,0,1,0,1,0,0,1,0,1,0,0,0,2,0,1,0,0.6779225588214869,-1.3746018656870471,0.5319723217011756
2857,0,0,0,0,0,1,0,0,0,0,0,0,1,0,0,0,0,0,0,0,-1.502838867675536,-0.9343787995101143,1.0918135416562842
2858,0,0,0,0,0,1,0,0,1,1,1,0,1,0,0,1,0,0,1,2,-1.3921459023652727,-1.9499697345570521,0.5745776280050587
2859,1,1,2,0,0,1,0,0,1,1,1,0,0,0,0,0,0,1,1,0,-0.7835610166147452,-0.15380606103400463,0.8099020083217929
2860,0,0,0,0,0,0,1,0,1,1,1,0,1,0,0,0,1,1,1,0,-0.06473133935052121,0.04316923361421021,-0.6379700942549655
2861,1,1,1,0,0,2,0,0,2,1,0,0,1,0,0,0,0,0,0,1,-0.08844313025526325,0.1604725583450843,1.7093815820177258
2862,1,0,1,0,1,0,0,0,0,0,1,1,0,0,0,1,1,0,1,0,0.5770573396789362,-0.45063836363811016,1.4164712751909563
2863,0,1,1,0,0,0,0,1,0,0,0,1,1,0,0,2,0,0,1,0,0.7459671334302366,0.5214424441034397,0.8335291558651493
2864,0,0,0,0,0,1,0,1,1,1,1,0,0,1,0,1,2,0,0,2,-0.4480141848728516,1.3476018974572002,0.12320676038776145
2865,0,1,1,0,1,0,0,0,0,1,1,0,1,0,0,1,1,1,2,1,0.7257221186931077,-0.6527353169843793,-0.45040699045812793
2866,0,0,0,1,0,0,0,0,2,0,0,1,1,1,0,0,1,1,0,0,-0.5538276778976747,-1.201974731301688,-1.3554157801131907
2867,0,1,1,0,0,0,0,0,1,0,1,1,1,1,0,1,0,0,1,0,0.47071291203560955,-1.659313963415035,0.763613704433911
2868,0,1,0,0,0,0,0,0,1,2,1,0,1,0,0,0,1,0,0,0,1.059811378885718,0.34443731375043996,0.36388030916258507
2869,1,0,0,0,0,1,0,0,1,2,0,1,0,1,0,0,1,0,1,0,0.3078019809880622,1.4121290294494773,0.42017251273097234
2870,0,1,0,0,0,1,0,1,1,0,0,1,1,1,0,2,0,0,2,0,-1.667833028383181,-0.2778314583013873,0.2681251923016698
2871,0,0,0,0,0,1,0,0,1,0,0,1,1,0,2,0,1,0,1,0,-0.06229488876705949,-0.3047207801157584,-0.6093934535787866
2872,1,1,1,1,0,0,0,0,1,2,0,1,1,1,0,0,0,1,1,2,0.5201935438486585,-0.13933605715776531,-0.6712091572088993
2873,0,1,0,0,0,1,0,0,1,2,1,0,1,1,1,1,1,1,0,0,-0.44417200652642275,-1.5201545719572396,0.15841976998170085
2874,0,1,0,0,1,1,0,0,0,0,1,1,2,0,0,0,0,0,2,0,0.4800568767290593,0.39014166511448173,-0.1366102457589704
2875,0,0,2,0,1,1,0,0,1,0,0,1,2,0,1,1,0,0,2,0,0.16045550090777919,0.16364617859901892,-0.38972139649913334
2876,0,2,0,0,0,1,0,0,1,0,2,0,0,0,1,1,2,1,1,1,-0.6870820303191864,-1.6176696679793412,-0.8801012877807226
2877,1,0,0,0,0,0,1,0,1,1,0,2,1,0,0,0,0,1,2,0,1.4405866087187906,-0.47793133749384886,0.6154298599696486
2878,0,1,0,1,0,2,0,0,1,0,1,1,1,2,0,1,1,1,1,1,2.2211900874899624,1.3011214878471753,2.573091238578753
2879,0,1,1,0,0,1,0,0,2,0,0,0,2,0,0,1,1,1,0,0,0.08382142426186882,0.016361891507420456,1.4852963068735465
2880,0,0,1,0,0,1,0,0,1,1,0,0,0,0,1,0,0,1,2,1,-0.6498152257205287,-0.18515463976602503,-0.14031353639869126
2881,0,1,1,0,1,1,0,0,1,0,2,1,0,1,0,1,2,0,1,0,0.2555327061415646,-0.8020278085062086,-0.5530947232498258
2882,1,0,1,0,0,1,0,1,0,1,0,1,0,0,0,2,1,1,0,1,-0.9195389342045908,0.23773794358183986,-0.6456624016028224
2883,0,1,0,0,2,1,0,1,1,0,0,1,0,0,1,1,1,0,1,0,-0.17155003565920937,-0.7531732725445901,-0.6084832280594802
2884,0,0,1,0,0,2,0,0,2,1,2,0,0,0,0,0,0,2,0,0,1.3456029333921968,-0.40008018819574015,-0.7002823336049802
2885,1,2,0,0,0,2,0,0,0,1,0,1,2,0,0,1,1,1,1,0,-0.5706935295653017,-0.2796096300226921,0.43042417638581565
2886,1,1,2,1,1,2,0,0,1,1,1,1,0,1,1,2,1,0,1,0,-0.34666232249227885,0.5072870790201366,-1.8561676000526013
2887,0,0,0,0,1,2,0,0,1,1,0,0,2,0,0,1,1,0,1,0,-0.2656206463167442,-1.3630426315480526,-0.6980226373436917
2888,0,1,2,0,0,2,0,0,1,0,0,0,1,0,1,1,1,1,2,0,-0.35486408799097585,0.2226935983871783,-1.4979433700969171
2889,0,0,1,0,1,1,0,0,1,0,1,1,1,0,0,0,2,1,1,1,-0.24701846651803516,-2.3670689674101526,1.3313589732511732
2890,0,0,1,1,1,2,0,0,1,0,1,1,0,0,0,2,1,1,1,0,0.9703453251377908,-0.9402409919219887,-0.1877808376757753
2891,0,1,1,1,1,1,0,0,1,2,0,1,0,1,0,2,2,0,1,0,0.1907714953816473,2.1918000670606337,1.8251453469229602
2892,0,0,1,0,1,2,0,0,1,0,0,0,1,1,0,0,1,0,1,0,-0.3530145879166494,0.18667851506683364,-1.2302597961850505
2893,1,0,1,0,0,1,0,0,1,1,0,1,0,0,2,1,1,0,1,2,-1.5664346794302852,-1.5214161677609108,0.7120769606780794
2894,1,1,0,0,0,2,0,0,2,2,0,2,2,0,0,1,0,2,1,0,1.49778645921787,2.2232373568381645,1.122492639992239
2895,1,1,2,0,0,1,0,1,2,1,0,0,1,1,1,1,0,0,1,1,-1.4273078591517407,0.08980718829544848,-1.1742533553691386
2896,0,0,0,0,0,0,1,0,0,1,0,2,0,0,0,0,0,0,0,0,-2.1715493322158594,-1.480101158750181,-0.37776047267424895
2897,0,0,1,0,0,0,0,0,2,1,0,0,0,0,0,2,1,0,0,1,-0.6336910572208481,-0.8705567734891075,0.1343600978556712
2898,0,0,0,0,0,0,0,1,0,0,0,0,1,0,0,1,1,1,1,0,0.09897770725975609,0.12008452371377962,0.8125395243093679
2899,1,0,1,0,0,1,0,0,0,0,1,1,1,0,1,2,2,0,0,1,-1.3994990319108243,-1.1951803129793461,0.7676072856881148
2900,0,0,0,1,0,2,0,1,0,1,0,0,0,0,0,0,2,0,0,1,0.4732747142875131,-0.6075380363552767,0.9223128248092121
2901,0,0,1,1,1,0,0,1,1,2,2,0,2,1,0,2,0,1,1,0,0.5058503340413454,-0.27840896155564976,-0.37773864822563374
2902,1,0,0,0,1,2,1,1,1,1,1,2,0,0,0,1,0,1,1,2,0.019404883628306644,0.6218132235836571,1.0218872327461521
2903,0,1,0,0,0,2,1,0,2,1,0,0,1,1,0,0,0,0,1,0,-0.5498253127760899,-0.515995161214321,0.8214147117991861
2904,0,0,1,0,0,2,0,0,2,0,0,1,0,1,0,0,1,1,1,1,0.41709374435223817,0.2942775037964062,0.47063202378347196
2905,0,0,0,1,0,2,0,0,0,1,0,1,0,0,1,1,0,1,2,0,-0.21949144637687126,0.48027726273432003,-0.09989705225998032
2906,0,0,1,0,0,2,0,0,0,1,0,1,0,0,0,0,0,0,1,1,0.7342870161748645,1.1330725457300743,-0.10207573537954173
2907,1,1,0,0,1,0,0,0,0,1,0,0,1,1,1,2,1,1,0,0,1.0847694934930463,1.2769439576926085,1.4052250703771836
2908,1,1,0,1,0,0,1,0,1,0,2,1,0,0,2,0,1,0,0,0,-0.4083445038265661,-0.06043940911583934,1.0487969670529729
2909,0,0,0,0,0,2,0,0,0,0,1,0,2,0,1,1,2,0,1,1,0.7066794891813789,0.6415401959288256,0.6591376962826325
2910,0,1,1,0,0,0,1,0,1,1,0,0,2,2,0,1,1,1,0,0,-0.6795137228767076,1.1759630591596844,0.6335376473874199
2911,0,0,0,0,0,2,0,1,2,0,1,0,1,0,0,1,0,1,1,0,-1.5933682007462335,-1.764692911226287,1.2780412696795544
2912,0,0,0,0,0,1,0,1,0,0,1,0,1,1,0,0,0,0,1,2,1.023416638651591,0.6230718105017041,-0.10713060360808549
2913,1,0,1,0,0,2,0,0,2,2,1,1,1,0,0,2,1,0,1,0,1.2227873306703239,0.5111336347619535,1.6300212388222426
2914,1,0,1,1,0,0,0,1,1,0,0,2,1,1,0,1,1,0,1,0,-0.49673872561243826,0.07381219982718498,-0.7009821194340875
2915,0,2,0,0,0,1,0,0,1,0,0,2,1,1,0,0,0,1,1,0,2.685273615906144,0.3460118180919364,0.010067831723034326
2916,0,0,2,0,0,1,0,0,0,1,1,1,1,1,0,2,0,0,1,1,1.029983313195946,0.014337299384362123,-0.724494872844144
2917,0,0,2,0,0,1,0,0,2,0,0,1,1,0,0,0,0,1,0,1,0.6828663568842018,1.690408867016164,-0.3117693552172103
2918,0,2,1,0,0,0,0,0,0,1,0,0,1,0,0,2,0,1,1,2,-0.7234121721911874,0.32254812494976404,-1.2114665974415229
2919,0,1,0,1,0,1,0,1,1,0,0,0,1,0,0,0,1,1,0,1,1.3292859341510432,2.291170664933553,0.9685464756229808
2920,0,0,0,0,0,1,1,0,2,1,1,0,1,0,0,1,0,2,0,2,0.4439192412038103,0.08161864645018138,-1.1245843490381322
2921,0,0,1,0,0,1,0,0,1,0,0,1,2,0,0,1,1,0,1,0,-0.5961518454937834,-0.5285052100231773,1.5524681259433342
2922,1,0,0,0,0,1,0,0,2,0,0,1,0,0,0,0,1,1,1,0,2.3713539871654556,1.4165650829198893,-0.6648321480560448
2923,0,0,1,0,1,0,0,0,0,1,0,0,1,0,1,2,2,1,0,0,1.622613826011974,0.34173573865484463,0.1723231606515372
2924,0,0,1,0,0,2,0,1,1,1,1,0,0,0,0,1,1,1,0,0,-0.29681210768585853,-0.7841220323651383,0.46372772763955483
2925,0,0,1,0,0,1,0,0,0,0,0,0,1,0,0,2,2,1,0,0,-0.8436488929697267,-0.7606169050050784,1.330486410695955
2926,0,0,0,1,1,1,2,0,2,0,1,0,2,0,0,1,1,0,1,0,-0.7635741041617574,0.3607438198201255,0.6186553055739439
2927,0,0,0,1,0,1,0,0,2,1,0,0,1,0,0,0,1,0,2,2,0.4266677462777148,0.28282846352220603,1.0289639354407782
2928,0,1,1,0,1,1,0,2,1,0,0,1,0,0,1,1,0,0,1,1,1.103272987081496,0.8305420633246959,0.5939236799544448
2929,0,1,2,0,0,1,0,1,0,0,1,0,1,0,0,1,0,1,1,0,1.3655086572729893,0.5285276356942347,-0.24548585665485884
2930,0,0,0,0,0,0,0,1,2,1,0,0,1,0,0,1,0,2,2,0,0.7725649379499762,2.425056384702298,0.3289563506483524
2931,1,0,1,0,0,1,1,1,0,1,0,1,0,0,0,1,1,1,1,1,0.7986386362110515,0.7484746438211869,0.2501397619151758
2932,0,0,1,0,0,1,0,1,1,1,2,1,1,0,0,0,0,1,1,1,-0.9999365595391383,0.2180512346804202,1.2485337698900498
2933,1,1,0,1,0,1,0,0,1,0,0,0,1,1,0,1,0,0,1,1,0.06771093428773907,-0.6653428181298258,-1.1583363781748868
2934,1,0,0,0,0,0,0,0,1,2,1,1,0,0,0,2,1,1,1,0,0.05513404908297581,2.032930029271321,0.19734883817089377
2935,1,0,2,0,0,2,0,0,0,0,0,0,0,1,0,1,2,0,1,0,-1.12117476731366,0.06432096080431038,-0.15658026805021913
2936,0,0,0,0,1,1,0,0,1,0,0,0,1,0,0,0,2,0,0,0,-0.9253045035809864,-0.3496693311236863,0.165047676394261
2937,1,0,1,0,1,0,0,0,0,0,0,0,0,0,0,0,0,2,2,1,0.2616892374817539,-0.14627962799935468,-0.711179741227363
2938,0,0,2,0,0,1,0,0,1,0,2,1,0,0,1,0,0,0,1,0,1.2445224010038112,-1.0584002918327087,-0.32018030004004056
2939,1,0,1,0,0,0,0,0,0,0,0,2,2,0,1,1,1,1,2,0,-1.3183774419034306,0.3032752478180062,1.2422161455467038
2940,0,0,1,0,0,1,0,0,1,0,1,0,0,0,1,1,1,0,1,1,0.5487297529129981,0.3891884932174538,1.4415966966615308
2941,2,2,0,0,0,1,0,0,2,0,0,1,0,0,0,0,2,1,1,0,0.8174909366606037,0.05274141254827558,0.004718002230579693
2942,0,1,0,0,0,2,0,1,2,0,1,2,1,0,0,2,2,1,0,1,1.9620444107211785,0.2859360006807864,0.8980304890041562
2943,1,0,0,1,0,2,1,0,2,0,0,0,1,1,0,1,2,0,1,2,-0.3180857736492634,0.9984534502297598,0.5555939463850827
2944,0,0,1,0,0,1,0,0,1,0,0,1,1,1,0,0,0,1,1,0,-1.0080152296171445,0.6620162966266995,-0.7294191878852782
2945,1,0,2,0,0,2,0,0,1,0,0,0,1,0,0,1,1,0,0,0,-0.2878314337195518,-1.3342731413100473,0.014070359660673437
2946,0,1,1,0,0,1,0,0,1,1,2,1,1,1,0,0,1,0,1,1,0.6187364355638454,-0.654215323963805,-0.6509274028021814
2947,0,1,1,0,0,1,1,0,1,0,0,1,2,0,0,0,0,0,1,0,-0.04199423165549143,0.16547083187735628,-0.752444165693022
2948,0,0,1,0,0,1,0,0,0,1,0,0,2,1,0,0,1,1,0,0,1.782848460420774,-0.4655577091713262,0.5834844384210616
2949,0,2,0,0,0,2,0,1,1,1,0,0,1,1,0,2,0,0,1,0,-0.7822684352756123,-1.1595053347718904,1.3252097043464048
2950,1,1,1,0,0,1,0,0,1,0,0,1,0,0,0,1,2,0,1,0,-0.13141630851305372,-0.2679432175726687,0.0064416044118634375
2951,1,2,0,0,0,1,0,1,0,0,0,0,1,0,2,0,1,2,1,0,1.0368025721409997,0.07279781842323108,1.2689256172790917
2952,0,1,0,0,0,0,1,0,1,0,0,0,2,0,0,2,1,2,1,1,1.4624911130328744,1.2304655783798264,1.1908157517146813
2953,0,1,0,0,0,1,0,0,1,1,0,0,2,1,0,0,2,1,2,0,-1.8289548183561841,-0.8249436747693032,-1.2232453504708747
2954,1,1,1,0,0,0,0,0,0,1,0,0,2,2,0,0,2,0,1,0,2.359110264201911,1.2197307731212974,0.9599247143038552
2955,0,0,0,0,0,1,0,0,0,0,1,1,1,0,0,2,1,2,0,1,-1.1221386603348318,-0.07541986473711437,0.609033023943534
2956,0,1,1,0,1,1,0,0,1,1,0,0,1,0,1,1,0,0,1,0,0.7831077023164179,1.2184482655677982,1.482878788619774
2957,0,1,1,1,0,1,1,1,1,0,0,0,0,1,1,1,0,0,1,1,-0.46622329164198606,-0.6982516884684171,-1.4298515834661765
2958,0,0,0,0,1,1,1,0,1,2,0,0,0,0,0,0,1,0,1,0,1.1728875534617516,1.8418034578288922,-0.1038395285175937
2959,1,0,0,0,0,0,0,1,2,0,1,1,0,1,0,1,0,1,1,1,-1.122673653666431,0.1800552578800486,0.0013119469734846345
2960,1,1,2,0,0,0,0,1,1,1,1,0,1,0,0,0,2,0,0,1,1.3065093107011636,0.6688034173725541,-0.46036467989778274
2961,0,0,1,0,0,1,1,1,0,0,0,0,0,1,1,0,0,0,0,0,-0.5429522668088566,-0.18755801674336725,0.5250558792665555
2962,0,1,0,0,1,1,0,0,1,1,1,0,0,0,1,0,0,0,1,0,0.6340223603815593,0.8170114865756328,-0.20551606674777428
2963,0,0,1,0,1,0,1,0,1,1,1,0,0,0,2,1,1,0,2,0,-2.1054847258845233,-2.0663136687612393,0.20704185912347672
2964,0,1,0,0,0,1,0,0,1,1,1,0,1,0,0,0,0,1,2,1,-0.44972867191503446,-1.1640861320195945,1.4387171431681718
2965,0,0,0,0,1,1,0,1,0,2,0,1,1,0,0,2,1,0,1,2,-2.3953543181630965,-0.21406146454297204,-0.030585339426012492
2966,0,0,0,0,0,0,0,0,1,0,0,0,1,1,0,0,0,1,1,2,0.7430045130949238,-0.40199524175985457,0.62463345306523
2967,0,0,1,0,0,2,0,0,1,1,1,0,1,0,0,1,1,2,0,2,-0.26783014449292103,0.2947447146082198,-0.49392414356976566
2968,0,2,0,0,0,0,0,0,1,1,0,0,1,0,0,0,1,1,2,0,0.1366745985971952,0.12619542918754595,0.23397013790292928
2969,0,0,1,0,1,1,0,0,1,2,1,0,0,0,1,2,1,2,0,1,1.2955447489635334,-0.01701434871791563,0.6417920472472358
2970,0,0,0,0,0,1,0,0,0,1,1,0,1,0,0,1,0,0,0,1,-0.9931209322255978,0.6249941492774436,-0.5335069260900923
2971,0,2,0,0,0,2,0,0,1,1,1,0,0,0,0,1,1,0,1,1,-1.0797093459853462,-1.0823047931865992,0.38969402264101327
2972,0,1,2,0,0,1,0,0,0,1,2,1,0,0,0,1,1,0,0,1,2.4767590789351766,0.8663465774456645,-0.24211985593833413
2973,0,1,0,0,0,1,0,0,0,1,0,2,1,0,0,1,1,0,1,1,1.018893778194436,0.7933190787110231,-0.435720348802619
2974,0,1,2,0,1,1,0,0,0,0,1,0,2,1,1,2,1,0,0,0,-1.8293110660588803,1.5470981480053343,2.679975311266359
2975,0,1,2,0,0,1,0,0,0,0,0,0,1,1,0,2,2,2,1,0,0.3853089414277423,1.0960742850771394,0.3480408549406576
2976,0,0,0,0,1,2,0,0,2,2,0,2,0,1,0,2,2,0,0,0,-1.2951410257623857,1.12632477688078,-0.9965215343541403
2977,2,0,1,0,0,1,0,0,2,0,2,0,0,0,0,1,1,1,1,0,-0.6867999477422334,-0.7076700060849688,1.006959384203147
2978,0,0,1,0,0,1,0,1,0,0,0,0,2,0,0,1,1,1,2,1,-0.5052200899726564,-0.4830456592186395,-0.49604902115051946
2979,0,0,0,1,0,0,1,0,2,2,0,0,1,1,0,0,1,0,1,2,1.279260585323977,2.6131306584724303,0.6522312983063927
2980,0,0,0,0,0,1,1,1,2,0,2,0,0,0,1,1,2,1,0,1,-1.1524347731912876,-1.686966774034433,0.7105275215020643
2981,0,0,0,0,0,1,0,0,1,0,1,0,2,0,0,2,1,1,0,1,-0.9799408647991735,-0.23214032498943582,-0.4919101112762303
2982,0,0,0,0,0,1,1,0,1,0,0,0,0,0,0,1,1,0,1,0,1.0690781476499842,0.06277387072936003,-0.3890203346321456
2983,0,1,0,0,1,0,0,0,1,1,0,1,0,0,0,0,2,0,1,0,-0.4738608595362381,-0.7638256588165787,-0.01333708684462847
2984,0,1,1,0,0,2,0,1,1,1,0,0,0,1,0,0,0,1,1,1,-1.1593877349347625,-0.09084138200967687,-1.1936597944652534
2985,0,2,0,0,0,2,0,0,0,0,1,1,1,0,0,1,1,0,0,2,0.03202628657688943,-0.4565910619715712,1.8230087025083201
2986,0,0,0,0,0,2,0,0,0,1,0,1,2,1,0,1,1,0,1,1,-0.008267367722071452,0.5233721763934095,0.2622603635501708
2987,0,0,1,0,0,1,0,0,1,1,0,1,2,0,0,1,1,1,1,0,1.1866210095949168,1.4443735843672745,1.043255602143841
2988,0,0,0,0,1,1,1,0,1,1,0,0,1,0,1,1,1,0,0,1,0.5207930959909257,-0.6358727579856382,0.0036250967495254083
2989,0,0,2,0,1,1,0,0,2,2,0,1,1,0,0,1,1,0,0,0,0.3669659688775689,0.3572871422710332,-1.044441062740637
2990,0,0,0,0,0,2,1,0,1,1,0,1,1,1,0,1,2,0,0,2,0.40835130366441613,1.1880299793897766,-0.016520662432507993
2991,0,1,0,0,0,2,0,0,1,1,1,0,1,0,1,1,1,1,0,0,0.24377504100016373,-1.2252809271381477,-0.5908161888602281
2992,0,1,0,0,0,1,0,1,1,1,0,2,0,1,0,2,0,0,1,0,-0.6212917503116822,0.4319923017055358,2.0286350600580434
2993,0,0,0,0,0,2,0,0,1,1,1,0,1,1,0,0,1,1,0,0,0.5097115425097332,0.9007735148219378,-0.3848673253506819
2994,0,0,2,0,0,2,0,0,1,1,0,2,2,0,0,0,0,1,1,0,-0.2441945393050039,-0.033600684685218554,1.5484461322108796
2995,1,1,0,0,1,1,0,1,0,0,0,0,1,1,1,0,0,0,1,1,0.606459572303074,1.2785143275561464,-0.984227691585709
2996,0,0,1,0,0,1,0,0,2,2,0,1,0,0,0,0,0,0,1,1,1.5942250900905974,1.3589945864240778,0.6535955072117487
2997,0,0,1,0,0,1,1,0,0,0,0,0,0,0,0,2,1,0,0,0,0.5827455776347309,2.104963035137,0.32966972698668867
2998,1,0,1,0,0,1,0,0,1,1,2,0,0,0,1,1,2,0,2,0,-0.37141609532400666,-1.1158901086024082,0.33792084961868063
2999,0,1,1,0,1,2,0,1,1,1,0,1,1,0,0,1,0,1,2,1,0.3372517664045024,-0.6957746926626731,-1.5080552776611316
3000,0,0,2,0,0,2,1,0,0,0,1,1,0,0,0,0,1,1,0,1,-0.6584801379583249,0.020900733689422468,-0.27990029751015066
3001,0,0,0,0,0,1,1,1,1,0,0,1,2,0,0,2,2,0,1,0,-1.9691543999638248,0.2070414415734093,-1.6624452592881798
3002,0,0,0,0,0,1,1,1,2,1,0,1,1,0,0,0,2,0,2,1,0.28492368298874404,1.0540292223049743,0.3997097991162506
3003,0,0,0,0,0,1,1,0,1,1,0,2,0,1,0,0,2,1,1,1,2.1576357101404118,3.001864363627273,2.2909138016144546
3004,0,1,0,0,0,1,1,0,0,1,0,0,1,1,0,1,1,1,1,0,-1.2224315983749734,-0.16701923660612897,-0.6988543546420993
3005,1,1,2,0,0,1,0,0,0,1,0,2,1,0,0,1,0,1,0,0,-0.7721346077966964,1.3929200540923168,-0.6096321028726969
3006,0,1,1,0,0,1,0,0,0,1,1,2,0,0,0,0,0,1,1,1,1.267422207608949,1.167555879268411,0.050015298667409336
3007,0,0,1,0,1,1,0,0,2,0,1,0,1,0,0,1,0,0,0,0,0.48293707471793706,-2.207785046039575,1.643982563918029
3008,0,1,0,1,0,2,0,0,1,0,1,0,1,1,0,1,1,0,0,1,-1.6774065720027442,-0.14033825849322157,0.1616878800552048
3009,0,0,1,1,0,1,0,1,1,1,0,1,2,1,0,1,0,0,2,0,0.01845817529166325,-0.4255262707147447,-0.3571268325938839
3010,0,0,1,0,0,0,0,0,1,0,1,0,1,1,0,0,1,0,1,0,-1.734375267029454,0.2424982393316064,-1.2411971354479403
3011,0,0,0,0,1,2,0,0,1,0,1,0,1,0,0,1,1,0,1,1,0.4654452825945633,1.0274591873813876,-0.033587132664994745
3012,0,0,1,0,0,1,1,0,1,0,0,1,0,0,0,1,0,1,1,1,0.08967440664421757,0.5611430575244296,-1.686992628375441
3013,0,0,0,0,1,1,0,0,0,1,1,0,1,0,1,1,1,0,1,1,0.26447039766132463,-0.5254854920155689,-1.0590975741050586
3014,0,1,1,0,0,1,0,0,1,1,0,0,1,1,0,2,1,1,1,0,-0.6090288540287377,0.9747239032245457,-0.5576994083479939
3015,0,0,1,0,0,2,0,1,0,0,1,0,1,0,0,0,0,0,1,0,0.4874298748984194,0.4312185051898514,1.3143121666352293
3016,0,0,1,0,1,0,0,1,2,0,0,1,1,0,0,1,1,1,2,1,-0.49371545716914483,1.183755552542954,-0.5314721333725951
3017,0,2,1,0,0,2,1,0,1,0,1,1,1,0,0,1,0,0,1,0,-0.686378275224483,-0.6050419328633121,0.7224372380607473
3018,0,1,1,0,1,1,1,0,2,1,0,1,0,0,0,1,2,1,0,1,-2.5038907636973633,-1.8701490127631035,1.4315170101579007
3019,0,2,0,0,0,0,0,1,1,0,0,0,0,0,0,2,1,1,0,1,-0.9051209126923999,-1.2961285890932812,0.2695935108817673
3020,0,1,0,0,0,1,0,1,2,1,1,2,1,2,0,0,2,1,1,0,-0.8846129878588903,0.2609275241259277,0.19305335202787827
3021,1,0,1,0,0,2,0,0,0,1,0,1,2,0,0,1,0,2,1,0,-0.21018364051874733,0.9165033400803038,0.08777791541904921
3022,0,1,1,0,1,1,0,0,1,1,1,1,2,0,0,1,1,1,2,0,0.2685432247269236,0.08836688609674576,-1.261782018514176
3023,1,1,1,0,0,1,1,0,0,2,0,0,0,0,1,2,0,0,0,1,-1.3305974139640493,-0.7163018465060665,0.21620035905738666
3024,0,0,1,0,0,1,0,0,0,0,0,0,1,0,0,0,1,0,0,0,-0.7238071753344977,1.2538923433333657,0.2839397091264261
3025,0,0,1,0,1,1,1,0,2,0,1,1,0,0,1,0,1,0,2,0,-0.7665070219845654,-0.1606133510030635,0.3954134571322155
3026,1,0,1,0,0,0,0,0,1,1,0,1,0,1,0,1,0,1,1,1,-0.9995144423794168,-0.5907594005477128,-0.16288255248545752
3027,0,0,0,0,1,1,0,0,0,1,1,2,0,0,0,0,2,1,1,1,0.6608214591962325,-0.2751599597980549,2.7552374441281255
3028,1,0,1,1,0,1,0,1,1,1,0,0,1,0,0,1,1,2,1,0,2.0912880900092135,2.9884541440919845,2.1081372419784707
3029,0,0,1,0,1,0,0,0,1,1,1,1,1,0,0,1,1,1,0,2,-0.9276662773531016,0.041072042052687,-1.4306970780646118
3030,0,0,0,0,0,2,0,0,2,2,2,1,0,1,0,0,1,1,0,0,-1.489478071429543,-0.17891919639974563,-0.9738623241174762
3031,0,0,2,0,0,0,0,0,0,0,0,0,1,0,0,0,1,1,1,1,0.4290094969274161,0.047672061658570464,-0.4211036640020996
3032,0,0,0,0,1,1,0,0,1,0,1,0,1,0,0,2,0,0,0,0,-1.3091068287539127,-0.2283293036056246,1.619681991023257
3033,0,0,0,0,0,1,0,0,1,1,0,1,0,0,0,0,1,1,1,1,1.3045391108703686,1.521192904554443,0.18153802245921252
3034,0,1,1,0,1,2,1,0,1,1,0,0,1,0,0,1,0,2,2,0,1.7471138981411838,1.9745986205403692,2.503146187632678
3035,1,0,0,0,1,1,1,0,1,1,0,0,0,0,0,1,1,2,1,1,0.5888295265447305,0.9181808028552119,0.6665834942884844
3036,0,0,1,0,0,1,1,0,0,0,0,0,2,1,0,1,1,1,1,0,-1.29145800375965,-1.1284993799039351,-0.6837735562176347
3037,1,0,2,0,0,1,0,1,0,2,0,0,1,0,0,1,0,0,0,0,0.12245056393988746,0.6125564693501595,-0.12339701765554693
3038,0,0,1,0,0,0,0,0,0,1,0,2,0,0,0,2,2,1,0,0,0.7826278366289904,-1.3534794581391554,-0.7757559846541067
3039,0,0,0,0,0,1,0,0,0,1,1,1,1,0,0,1,2,2,0,2,-1.2673771549712327,0.7118823959271887,0.2671201532051383
3040,0,2,0,0,0,2,1,0,2,0,1,0,1,0,0,1,1,0,1,2,0.009353463719739902,0.11638217678461782,-0.910205448900161
3041,0,0,1,1,0,2,0,1,1,1,0,0,0,0,0,1,2,1,1,1,-0.4029482098222712,-0.6694745761837899,-0.6214998122105483
3042,0,2,0,0,0,1,0,0,2,0,1,1,0,0,0,2,1,0,0,0,-1.3033387423646399,-0.017094825762761,-0.5943305865921777
3043,0,1,1,0,0,2,2,0,1,1,0,0,2,0,0,0,2,1,1,1,0.8871915551122728,1.0255950585063347,0.6415955875654331
3044,0,0,0,2,0,2,1,0,1,2,0,0,1,1,0,0,1,1,0,0,-0.6532051532325519,1.1001359342395916,-0.21635795436206462
3045,0,0,2,0,1,1,1,0,2,1,1,1,0,1,0,1,0,1,0,1,-0.1435115384396995,-0.6561881206302239,0.8338531477562643
3046,0,0,0,0,0,2,1,0,2,0,2,1,2,1,0,0,2,0,0,1,0.9671576445791572,-0.6702872183112834,0.35708468874541727
3047,0,1,1,0,0,0,2,0,1,1,0,0,1,1,0,0,1,0,1,0,-0.8476460021484387,-0.5594484249755978,-0.29550042263164095
3048,0,1,0,0,0,0,1,0,2,0,0,0,2,0,0,1,1,2,1,1,-1.0532079568137689,-0.7988866760577565,-1.118062170369543
3049,1,1,1,1,0,2,1,0,2,0,0,1,0,0,0,1,1,1,0,1,0.011713765662519951,0.23701486110361686,-0.9644554347806992
3050,0,0,1,0,1,0,0,0,0,1,0,1,0,1,1,2,0,1,1,1,-0.3882000162069265,2.0213179740674185,0.49448247710314747
3051,0,0,0,0,1,1,0,0,2,0,1,0,0,0,0,0,0,0,2,0,0.16575555519368532,0.18463749749358754,2.427180181684957
3052,0,1,1,0,0,1,0,0,0,0,0,1,1,2,0,1,1,1,1,0,0.35458854086306435,1.6338678516875507,1.6446290455304347
3053,1,1,1,0,0,2,0,0,2,0,0,0,0,1,1,1,0,1,1,0,1.3423311214061995,0.5341900537079927,1.4523181284482722
3054,0,0,1,0,0,1,1,1,2,1,0,1,2,1,0,0,0,0,1,0,-1.1854909726225233,-0.4973301699464907,-0.3893335948606228
3055,0,1,2,1,0,1,0,0,1,0,1,0,0,2,0,0,1,1,1,0,-0.9028341684265976,-0.863384695241797,0.12724684307231554
3056,0,0,1,0,0,0,1,0,1,1,2,0,0,0,0,0,0,1,2,1,1.7904759890109807,-0.9922164659470734,-0.520318751389514
3057,0,0,1,1,0,0,0,1,1,0,2,1,1,0,0,1,0,0,1,1,-0.13313598360066645,-0.7263665456712104,0.8203384812277159
3058,0,0,0,0,0,2,2,0,1,1,2,1,0,0,0,2,0,0,2,0,-0.40738089804950034,1.1428527358330074,1.30819992191259
3059,0,0,1,0,0,0,1,0,0,1,1,1,1,0,0,1,1,1,2,0,0.2427568540455638,0.6999668039051901,1.052608783665979
3060,0,1,0,1,0,1,0,2,1,1,0,0,2,0,0,0,1,0,2,1,0.21535154712124233,-0.4663094896591514,1.7989120913453727
3061,0,0,0,1,0,1,0,0,0,0,0,0,1,1,0,0,0,1,1,0,-0.06635700401076872,0.43533875100790587,0.5705689191076531
3062,0,0,1,0,0,0,0,0,2,1,0,1,0,0,0,0,2,0,0,0,0.11857958190672141,-0.2913689825789161,0.33074518069699355
3063,0,0,0,0,0,1,0,0,0,0,0,2,0,0,2,0,1,0,1,0,0.357063036026037,0.04537060986137831,1.2850539546848956
3064,0,1,1,0,0,0,0,0,1,0,0,0,1,1,0,0,1,2,1,0,0.20212377939315912,-0.8409683584429598,-0.8170513036289158
3065,0,0,1,1,1,0,0,0,1,1,1,1,1,1,0,0,0,1,1,1,1.4375578973205634,1.0012437127994958,-0.7875619507943363
3066,1,0,0,0,0,1,0,0,1,0,1,0,1,1,1,0,1,1,1,0,1.3431404056375211,-0.44355813357285623,0.8699837361393299
3067,0,1,1,0,0,1,0,0,0,1,0,0,2,1,1,0,1,2,1,0,0.5809212850393198,1.170788597551181,1.2176921888402412
3068,0,0,2,0,0,2,1,0,0,1,0,0,1,1,0,0,0,1,0,1,-1.5408485781080374,0.9135648587335395,-1.5412101407815837
3069,1,0,0,1,1,1,1,0,0,0,0,0,1,0,0,0,0,1,2,0,0.2729212411659772,-1.3957680868063085,0.39615484222450226
3070,0,0,1,0,0,1,0,0,2,0,0,0,1,1,0,2,0,1,1,2,0.7347998006953479,0.30588764642184574,-0.21283826370525194
3071,0,2,2,0,0,0,0,0,1,0,1,1,0,1,0,1,1,0,2,1,1.4602403948456757,-1.380605489373226,-0.006948844917994523
3072,1,0,0,0,0,2,0,1,1,2,0,0,0,0,0,0,2,1,0,1,1.822453238955321,1.8238082904239672,-0.6312203352662393
3073,0,0,1,0,0,1,0,0,0,2,0,1,1,0,0,1,1,1,2,0,-0.35124610956458213,-0.024917885964398923,1.2593472778079322
3074,0,1,1,0,0,1,0,0,2,0,1,0,1,0,0,2,1,1,1,1,-2.10256336092834,-1.1633325688916656,0.23100250956753784
3075,0,1,1,0,0,2,1,1,0,1,0,1,0,0,2,0,1,0,1,2,-1.1344092694812333,-1.3228594640547735,0.5191604955227224
3076,0,0,0,0,0,1,0,0,1,2,0,0,0,1,0,1,1,0,0,0,-0.23825465453067496,0.5403458649675685,0.1337274902237064
3077,2,1,0,0,0,1,0,0,2,0,1,0,1,0,0,0,0,2,1,1,1.7461833235110025,-0.98401329243431,-0.8317112904422284
3078,0,1,1,0,1,0,0,0,2,1,0,0,1,0,0,1,0,1,0,0,-0.31737480127831563,-0.13599085637195538,-1.520032751714231
3079,0,1,0,0,1,0,0,0,0,1,0,1,1,0,0,2,1,0,1,1,2.0367450423751317,-0.06398578311115832,1.2991499041108865
3080,0,0,0,1,0,0,0,0,2,1,0,0,1,1,0,1,2,0,1,0,-0.7760577994931457,0.7470461431958294,1.3945748653787267
3081,0,1,1,0,1,0,0,0,2,1,1,1,1,1,1,0,2,0,0,1,0.9328524289432193,-2.58174097145724,1.0391651108480726
3082,1,0,0,0,0,1,1,0,0,1,1,0,1,2,0,2,1,0,1,1,-1.4942602657078716,1.6121485676666394,0.6943924606879033
3083,0,0,2,0,0,2,0,0,1,1,0,1,0,0,0,1,1,0,1,1,1.2996327483587977,1.4270241368721686,-1.104472279825556
3084,0,0,0,0,0,0,0,0,0,0,0,1,1,0,0,1,0,0,1,0,0.6008076672270106,1.2400957465482536,0.35120492607825843
3085,0,0,0,0,1,1,0,0,1,0,0,2,0,2,0,1,0,1,1,1,0.35865272280700994,1.5021229222588062,0.8960676169471273
3086,0,0,1,1,0,1,0,0,1,1,1,0,0,1,0,1,2,1,1,1,0.910446701202785,0.9734790953973265,1.2335796396175875
3087,0,1,2,0,1,0,0,0,1,0,0,2,1,0,0,0,1,0,0,1,0.1840969315710424,-0.24302976365190845,-0.5214956604542897
3088,0,0,2,0,0,2,0,0,0,0,0,0,0,0,0,1,0,0,1,1,-0.6702823112926828,1.220549297933906,-1.6346454465972264
3089,0,0,0,0,1,2,0,0,0,0,1,0,1,0,0,0,1,0,1,0,-2.923622874709992,-0.7906394154977188,0.9536573687316959
3090,0,0,0,1,1,1,0,0,2,1,0,0,1,1,0,0,1,1,0,0,0.7603958334204116,-1.2822904818182157,0.983993695682871
3091,1,1,1,0,0,2,0,0,2,0,0,1,0,0,1,2,0,0,1,1,0.7555171913456394,-0.502671538118376,-0.3601129981428709
3092,0,0,1,0,0,1,0,0,0,1,1,0,0,0,0,2,1,0,0,0,-0.7336093207991989,0.49642328404437513,0.3239174855253665
3093,0,1,0,0,0,0,1,1,2,0,0,2,1,0,0,0,1,0,0,0,0.4682020687401175,-1.60887397239905,1.33825924885241
3094,0,0,1,0,0,2,0,0,1,1,0,1,1,0,0,1,1,1,1,0,-0.7641129472557314,0.4781084934939698,1.4690450251650526
3095,1,1,0,0,0,1,0,0,1,1,0,1,1,1,2,2,1,0,0,1,1.1263506154652565,0.14986952888706673,-2.061589214674907
3096,1,0,0,1,0,2,0,0,1,0,0,0,0,0,0,1,2,0,1,2,0.26509741613389676,0.4629911097307976,1.1783500061171974
3097,0,0,0,1,0,1,0,1,0,1,1,0,0,0,1,1,1,2,0,0,0.7370484604593025,2.9515149137232126,1.4992262353703028
3098,0,1,0,0,0,0,1,0,2,0,1,1,0,0,0,0,1,1,0,1,-0.9360093213849169,-1.0280522300856696,-1.323966465355697
3099,0,0,0,1,0,2,0,0,1,0,0,0,0,1,0,0,1,2,1,1,-1.516643185797736,-1.166026776253106,-1.4765131005191408
3100,0,0,2,0,0,0,1,0,0,1,1,0,1,0,0,2,0,0,0,0,0.25289410163940795,0.4734114873935661,0.4574646610554416
3101,1,0,1,0,0,1,0,0,1,1,0,0,2,1,0,0,0,1,2,0,-0.4714441577297855,1.4155949327229707,1.1856648408323749
3102,0,0,0,0,0,0,0,0,2,1,0,0,1,0,0,1,2,1,1,0,-0.5949243147676666,-0.6176011532569019,-0.2731968492152627
3103,0,0,0,0,0,0,1,0,2,0,1,1,1,0,0,0,1,0,1,1,-0.4089747170169753,-2.5279008989689595,-0.5221338532573073
3104,0,0,1,0,1,1,1,0,0,1,1,2,1,0,1,1,0,0,0,1,-0.525868293907685,-0.2847768420018952,-0.2549297160082198
3105,0,1,0,0,0,1,0,0,1,0,1,0,1,1,2,1,0,1,0,0,-0.1524741152975284,0.20615379325301691,0.36025891126954257
3106,0,1,0,0,0,0,0,0,2,1,0,1,2,0,0,0,0,1,0,1,1.1904314290655744,0.8809225545452799,0.21342113139816002
3107,0,1,0,0,0,2,0,1,1,0,0,2,0,1,1,1,0,0,1,2,0.4803852008726493,0.9860751759816875,-0.7594503900949864
3108,0,1,1,0,0,0,0,0,2,0,0,1,1,1,0,2,0,0,0,0,-1.5690842276565495,-0.3579776260560354,0.47898250985413193
3109,1,1,0,0,0,2,0,0,1,0,1,1,1,1,1,1,1,0,1,0,-0.40634117382373675,0.2588188345684357,0.35679843803790257
3110,1,1,0,0,1,0,0,0,1,1,0,0,0,1,0,0,1,1,2,1,0.9150687287670232,1.2104944667494666,1.7011177961477373
3111,0,2,1,0,0,1,0,0,0,1,1,0,2,0,1,1,1,1,1,0,0.0882542127963457,0.8156428529214138,0.828753184330247
3112,0,0,1,0,0,1,0,1,2,0,0,0,0,0,1,0,0,0,0,1,-0.13036770011048412,-0.2543633948258899,1.5698664154490685
3113,0,2,0,0,0,2,0,0,2,0,0,0,0,0,0,1,1,0,1,0,1.4602474914726558,2.3140574113729904,-0.1132899724532237
3114,0,0,1,0,0,1,0,0,1,0,0,1,1,0,0,1,2,0,2,0,0.26813543891392033,-1.617828562115748,0.615758632110209
3115,0,0,1,0,0,2,0,0,1,1,0,0,1,1,0,1,2,0,1,1,-0.014937520909133185,-0.4295680436176151,0.23174331266981574
3116,0,0,1,0,0,1,0,1,2,0,1,0,0,0,0,0,1,0,1,0,-0.4932477184335707,-1.196524148326818,-0.2358277172430791
3117,0,0,0,0,1,1,0,0,0,2,0,0,0,0,0,1,0,0,1,0,-2.0123515734002444,0.6258909265501573,0.2864302747438925
3118,1,1,1,0,0,1,0,1,1,0,1,1,0,0,0,2,0,1,1,2,0.5682836780120979,0.5156739537425761,-1.9697476914773402
3119,1,0,0,0,0,2,0,0,1,1,0,0,2,0,1,2,1,1,0,1,0.28862306762365086,-0.15583672224066064,-0.2135962947829384
3120,0,1,2,0,1,1,0,0,1,2,1,0,2,0,0,1,1,0,1,0,-1.3398107035185585,-0.795441236945108,0.15562990172214758
3121,1,0,1,0,1,0,0,0,0,2,0,0,0,0,0,1,0,1,1,1,0.06674703565565644,1.1475379936629577,1.4592520923455405
3122,1,1,1,0,0,0,0,0,0,0,0,1,1,0,0,1,2,0,0,0,-0.2760906723121032,-0.5369462391129548,-0.028163358163208287
3123,1,1,0,0,1,0,0,0,1,0,0,1,1,1,0,0,0,0,1,0,-1.0427229567336995,-1.479602693891606,2.066405537412305
3124,0,2,0,0,0,1,0,0,0,1,0,2,1,1,0,1,1,2,0,0,-1.1801577239492318,-0.4676732017100207,0.5301089407620444
3125,0,1,1,0,0,1,0,0,1,1,0,1,0,0,0,1,1,0,0,1,-1.9361947405830922,-0.26161963244745695,-0.8857832352761655
3126,0,0,1,0,0,0,0,0,1,1,0,1,1,0,0,2,1,1,1,1,-1.374262127537063,0.6366359520691898,-0.7865775390496844
3127,0,1,2,0,0,0,0,0,2,0,0,1,1,0,0,2,0,1,1,1,2.0761769053824706,0.524564718943256,-0.1720568780657269
3128,0,0,0,2,0,0,0,0,1,1,0,1,0,0,0,1,1,0,0,0,0.9447641529972287,2.1338280658781965,1.7822650316928357
3129,0,2,1,0,0,0,0,0,1,2,0,0,1,1,0,1,1,1,1,1,-0.2657560964706683,0.8650481911682307,0.22344640258676146
3130,0,1,0,1,0,0,0,1,1,1,0,0,0,1,1,2,0,1,0,2,0.14293334393161383,-0.3952167940667092,0.8881400900183676
3131,0,1,1,0,0,1,0,0,1,2,1,1,0,0,1,2,1,0,0,0,0.5019404058785448,-0.03186560454311016,0.9598162713345046
3132,1,1,1,1,0,2,0,1,0,0,1,1,1,1,0,1,1,0,1,1,-0.5382035996037338,0.14017638920294045,1.2479472318811458
3133,1,0,0,0,0,0,0,0,2,0,0,2,1,0,0,0,1,2,1,1,-0.059463477355370165,-0.6692711654213144,1.0840993052952095
3134,1,1,1,0,0,0,0,0,2,0,0,0,0,0,0,0,0,0,1,0,-1.1201223505537063,-2.7251617494069897,1.202136942017697
3135,1,0,1,0,0,0,1,0,0,2,0,0,1,0,1,1,2,1,0,1,2.4565447724968337,1.6199066437558511,-0.18068023589129334
3136,1,0,0,0,0,1,0,0,2,1,0,0,0,1,0,1,2,0,0,1,0.4595845901732996,0.16972803824146887,-0.0809091758010784
3137,0,0,0,0,0,2,0,1,2,0,0,1,0,0,0,0,0,0,1,0,-0.4283271317519779,-1.3734886036123153,-0.853534899584173
3138,0,1,2,0,0,0,0,0,1,0,1,2,0,0,0,2,1,0,1,0,-2.4952810153463862,-0.628339571006934,-2.1504933038767806
3139,0,1,0,0,1,1,0,0,1,0,2,1,0,1,0,0,1,0,1,2,-0.847512846062507,-2.0874994641042113,0.9008960458436788
3140,0,0,0,0,1,2,0,2,2,1,0,0,1,0,1,1,1,0,1,0,-0.3879246748180765,0.344650480722904,-0.7484828116099617
3141,0,1,1,0,0,0,0,0,2,0,0,1,0,2,0,1,1,1,1,1,0.2778251438676888,1.1835579714832438,1.6857478454730073
3142,0,0,1,0,0,1,0,0,1,1,0,0,2,0,0,1,1,0,1,0,-1.9839572786344541,-0.5608101860600744,-1.3420980477541273
3143,1,1,0,0,0,1,0,0,1,0,1,0,0,0,0,2,0,0,1,1,-0.42324418492130383,0.2197692239601839,0.3252100700833291
3144,0,1,0,0,0,2,0,0,0,1,0,0,0,0,0,0,1,0,1,0,-0.2719890808054394,-0.7871344869753029,1.0385509800961594
3145,0,0,0,0,0,0,1,1,2,0,0,1,1,1,0,0,1,1,1,1,2.4515937066497444,0.35915359079481485,-0.5565606292310001
3146,0,0,1,0,0,1,0,0,1,2,0,0,1,0,1,1,0,0,1,2,-0.26321483351189423,0.05640883091536547,-0.5793492564410821
3147,0,0,1,0,1,1,0,0,0,0,0,0,1,0,0,1,2,0,1,0,-0.6697042080672002,0.5848118850689894,-1.3751652185351704
3148,1,0,1,0,0,1,0,0,0,2,0,2,2,0,0,0,1,0,1,1,-0.18997705770059717,-0.37551755826428884,0.12084265618246193
3149,0,1,0,0,0,0,0,0,2,0,0,1,1,0,1,1,0,1,2,0,0.4725635575079261,-0.20203599888981755,0.022977913345857963
3150,1,0,0,0,0,0,0,2,1,1,2,0,0,0,1,1,1,1,0,1,0.6043348229242138,-0.22735330335134923,0.19935621281451482
3151,0,1,1,1,0,0,1,1,0,1,1,0,1,0,1,1,0,0,0,0,-0.6842249467603571,0.48568393892409734,-0.8778198214609834
3152,1,0,0,0,1,1,0,0,1,1,0,0,0,0,0,1,1,1,1,0,0.17722627949288272,0.9225096093349048,-0.2530859272713564
3153,0,0,1,0,0,0,0,0,2,1,1,0,1,1,0,0,1,2,0,1,1.2125538720279154,1.1540498204212166,0.4441502985464892
3154,0,1,1,1,0,0,0,1,1,1,0,0,1,0,1,0,0,2,1,0,0.9820983491317614,-0.20763343833072512,-0.09697860537725159
3155,0,0,0,0,0,1,0,0,2,0,1,0,0,0,0,0,0,1,1,0,0.7365480002734243,-0.03978032246923946,0.12506593486409245
3156,0,1,1,0,0,1,0,0,1,1,0,1,1,0,0,1,2,1,0,0,0.4307777634358579,0.603284934502463,0.40251399239967744
3157,0,2,1,1,0,1,1,0,1,2,1,0,2,0,0,1,2,0,1,0,-0.3508936581223034,-1.001440743056142,-1.3080193884543707
3158,0,1,1,1,0,0,0,1,0,0,1,0,0,1,0,1,2,1,0,1,0.09451218396321122,1.204073395803154,-0.7487429051144331
3159,0,0,1,0,0,2,0,0,2,2,1,0,1,0,0,1,1,0,0,1,1.2555106533786042,-0.6831151430527109,1.3851537728576302
3160,0,0,1,1,0,0,0,0,0,2,0,0,1,0,0,1,0,0,0,2,-1.9146611515567447,0.1698346176423349,-0.34244944695606916
3161,0,1,0,0,0,2,0,1,2,1,1,1,0,0,0,0,1,0,1,0,-1.193091419172747,-1.8357015107701695,1.3602642414163157
3162,1,0,1,0,0,1,0,0,0,0,1,1,1,1,0,1,0,0,1,1,-0.6155542926804491,-0.763663088452338,0.40454419754970533
3163,0,0,1,0,0,2,0,1,0,0,1,1,0,1,1,1,1,0,0,1,0.07182505450308434,0.1533341344794622,1.35337684168467
3164,0,1,1,0,0,0,0,1,1,1,0,0,0,2,0,0,1,0,1,0,0.518481121320332,0.3664464681462221,-1.7929992684923555
3165,0,0,0,0,0,2,0,0,1,0,0,0,1,0,0,2,1,0,1,1,0.9446691007326167,1.084568153239963,1.9372457684637605
3166,0,2,1,0,1,0,0,0,0,1,1,2,1,0,1,1,0,0,1,0,-0.8099582205442546,0.00755388536571755,-0.28584970216788186
3167,0,1,1,0,0,0,1,0,2,2,0,2,1,1,1,0,2,1,0,1,-0.5453621031944872,-0.03382676643362176,-1.0716685192465834
3168,0,0,1,0,0,1,0,0,0,1,0,1,0,0,0,0,1,0,2,0,-1.339898136726652,0.346497202849787,0.9868133009672948
3169,0,1,2,0,0,0,0,0,1,0,0,0,0,0,1,0,0,1,2,1,0.3808031874712773,-1.790753436207809,0.3091674410599391
3170,0,1,1,0,0,1,0,0,2,0,1,1,1,1,0,1,0,0,1,1,-0.7087593328358335,-0.24828714368792873,-0.025397313513598974
3171,0,1,0,0,0,1,0,1,2,0,0,1,2,1,0,1,2,1,1,1,0.32486183452998846,-0.17756593368202225,0.024721485142496474
3172,0,0,1,0,0,1,0,0,2,0,0,0,0,0,0,1,1,0,2,0,-0.7414848976980909,1.2381707901850547,-1.168240701241919
3173,0,0,0,0,0,1,0,0,1,0,0,1,2,1,2,0,1,1,0,0,0.20315563100864553,-0.11302713052413219,-2.5559994018500056
3174,0,0,1,0,1,0,0,0,0,1,0,0,0,0,1,2,0,0,0,0,-0.033987434048260705,0.8356981360848853,-0.06974343773903137
3175,0,1,1,0,0,1,1,0,0,0,0,0,1,0,1,1,0,0,0,0,2.5397494737592154,1.513205998387937,1.8133079933879912
3176,1,1,0,0,1,0,0,0,2,1,0,1,0,0,0,0,1,1,2,0,0.9016443553061961,-0.3858666037381366,1.1131682462387524
3177,1,0,1,0,0,1,1,0,0,0,0,0,0,0,0,0,1,1,0,2,0.7425588925742109,-1.0122559442308454,0.5601997916836531
3178,2,0,1,0,0,2,0,0,0,1,1,0,0,2,0,0,1,0,1,2,0.17123313954163052,0.4196463037209009,0.17086700035336697
3179,0,0,1,0,0,1,0,0,2,0,1,0,0,1,0,0,1,1,1,1,0.5978720255237312,-0.9832458689451654,1.8153235612278535
3180,0,2,0,0,0,2,0,0,2,0,0,0,1,1,0,1,1,1,1,1,0.31717019922624506,0.36284997034177574,1.4138341504278655
3181,0,1,0,0,1,0,0,0,1,1,0,1,1,0,0,0,1,0,1,0,-0.1925249230111175,0.5502507017318439,-0.1522418479807375
3182,0,1,0,0,0,2,1,0,0,2,0,0,1,0,1,0,0,1,1,1,0.7173128251646985,0.657935441514867,0.6260285450094849
3183,0,1,1,0,1,2,0,2,1,0,0,1,0,0,0,1,1,0,1,1,0.22040325818101916,1.4973892808112288,-0.012783127593769539
3184,0,0,0,0,0,0,0,0,1,1,0,0,0,0,0,1,1,0,1,2,0.5066186637756069,1.4125402749760068,1.5047187400693633
3185,0,1,0,0,0,0,0,0,2,0,1,2,1,1,0,1,1,0,0,0,-0.18589479193923716,1.4124388473999472,-1.5821969800990765
3186,1,0,0,1,0,1,0,0,1,0,1,0,2,0,0,0,1,1,2,0,0.7458943284661135,-0.20379221812813963,0.6888691790042016
3187,1,1,0,0,0,0,0,1,0,2,0,0,0,0,0,0,1,1,1,0,-1.5917738278694926,-1.2887677519401879,0.08143469955581145
3188,0,0,0,0,0,0,0,0,2,0,1,1,0,0,0,1,0,0,1,0,1.2374492308936365,-0.7390722856032713,-1.2137276483035209
3189,0,0,1,0,0,0,0,0,1,2,0,1,0,1,1,1,0,0,0,0,0.1442250500954408,-0.6127952020000214,0.7521847103487203
3190,0,1,0,0,0,1,0,0,1,0,0,0,0,1,0,2,0,1,1,1,-0.5774065274463674,-1.6102661766974693,-1.2123833391569112
3191,0,0,1,1,0,2,0,0,2,1,0,0,1,0,0,1,2,1,1,1,0.40146293503112235,1.3231856400399522,0.8702319702139678
3192,0,0,0,1,0,2,0,0,1,1,1,1,0,0,0,2,1,0,1,1,0.08427529758456119,0.8594890516828793,-0.9413380508858782
3193,1,1,2,0,0,2,1,0,2,1,0,2,0,1,0,2,0,2,2,1,-1.8415911867923545,-0.5868956089725303,0.22149216943084726
3194,0,0,1,1,0,1,0,0,0,0,1,0,1,0,0,1,1,0,0,0,-0.6243104619905502,-0.9726688754663664,0.2523588255253314
3195,0,2,1,0,0,2,0,1,1,0,0,2,1,0,0,0,1,1,1,1,0.20495543160569002,-0.4659801727861016,-0.5348222493497454
3196,0,1,0,0,0,1,0,0,2,2,0,1,1,0,0,1,0,0,1,0,1.7322515998497086,-0.2424770713810218,0.8076884599159799
3197,0,1,1,0,0,1,0,0,1,1,1,0,0,1,0,1,1,0,2,0,-2.1856667207350706,0.5869737219710194,-0.4045731086521838
3198,0,0,0,1,0,0,0,0,1,0,0,0,1,0,1,0,1,1,2,0,-0.7876364054460933,-0.3974677873538074,-0.4591254207508569
3199,0,1,0,0,0,1,0,0,0,0,1,1,1,0,0,0,1,0,2,1,-0.1716760167712177,-1.1611097613803576,-0.7626409885252217
3200,1,1,0,0,1,0,0,0,1,0,0,1,1,0,0,2,2,0,0,0,0.8475925114913468,-0.5501083028702736,-1.6990022514456036
3201,2,0,0,0,1,2,0,0,1,0,1,1,2,0,0,2,1,2,0,0,0.7923214363681348,-0.08059696484715564,1.9004221902019482
3202,1,1,1,1,0,2,2,0,1,1,1,2,0,1,1,0,0,0,0,1,-0.2720284635535567,-0.5560173938789543,0.004705498376653603
3203,0,0,0,0,0,1,0,0,1,0,0,2,2,1,0,1,1,1,1,0,1.3245217068857429,-1.1126486605541555,-2.265978842042391
3204,0,2,1,0,0,1,0,0,1,1,1,1,0,0,0,0,1,0,1,1,-1.8192508071921718,0.016302737414027213,-0.8941315862859662
3205,0,1,0,1,0,1,0,0,2,0,1,0,1,1,0,0,2,0,0,0,0.7173803836434972,-2.1485921845482077,1.8319324982093783
3206,0,0,0,0,0,2,1,0,0,0,0,1,1,0,0,1,0,0,1,0,-0.43043120193602935,-0.024087734519099006,0.7502684109982957
3207,0,0,1,0,0,1,0,0,0,0,0,0,0,0,0,1,0,0,1,1,0.8049421563221809,0.881538142796786,-0.2889067133177522
3208,0,0,1,0,0,2,0,0,1,0,0,0,0,1,0,0,0,2,1,1,-0.46815782125041455,-0.096425976187619,-0.5465386068427784
3209,0,1,1,0,0,1,1,1,1,1,1,0,0,0,0,0,1,1,0,0,-0.6656068657408517,-2.0389817319637933,-0.7538548148845954
3210,0,1,1,0,1,0,0,1,1,2,0,1,0,1,1,1,1,1,0,1,-2.043283676866233,-2.6019721528673214,0.09827354462967541
3211,0,0,0,0,0,0,0,0,1,0,0,1,1,0,0,2,1,1,1,1,0.26437008130743556,1.895670474405416,-0.0971021135544815
3212,0,0,1,0,0,1,0,0,2,1,0,0,0,0,1,1,1,0,1,1,1.316417553161555,0.9232159327772568,0.5490414590626423
3213,0,1,1,0,0,1,0,1,1,2,0,0,1,0,1,1,0,1,0,0,0.39997076722646024,0.6565359889886562,0.6011621927534115
3214,0,0,1,0,0,1,1,1,0,1,0,1,1,0,0,0,2,1,1,0,-1.3650310494908882,-1.3323047708926783,1.4556059757299682
3215,0,0,1,2,1,1,0,0,0,1,0,1,1,1,0,0,0,1,2,0,-0.6063891657056575,0.9048465295059945,0.02490073594259634
3216,0,1,0,0,0,1,1,1,1,1,0,0,0,1,0,1,0,0,2,1,-0.4286556698800968,0.14311595126668084,-0.6749191502633745
3217,0,0,1,0,1,0,1,0,2,0,0,0,1,0,1,0,0,0,1,0,-1.2890178831457428,-0.8786193547064873,0.11282915126536927
3218,0,1,1,0,0,2,0,0,2,1,0,0,2,0,0,1,2,1,0,0,0.6261861999818104,-0.22836605528462287,-0.19921999767331813
3219,1,1,2,0,1,0,0,0,1,1,0,0,1,0,0,1,0,0,1,0,-0.8175166752863201,-0.7043366554316433,1.7581306522577727
3220,0,1,1,0,0,1,0,1,2,0,0,0,0,0,0,0,1,1,0,1,0.2687865602563219,0.6241060645093568,0.7991999362458531
3221,1,1,1,0,0,2,0,0,1,1,0,1,1,1,1,0,0,0,1,1,1.7784954166623286,1.4298334615839372,2.0546693637830113
3222,1,0,1,1,1,1,0,0,1,1,0,1,0,1,1,1,2,0,1,0,0.15671368879999148,-1.7946638740551566,0.4971764905200514
3223,0,1,1,0,0,1,0,0,1,1,0,1,1,0,1,1,1,0,1,0,0.10190828088808518,1.1119264834582618,0.07504790856952653
3224,0,0,2,0,0,0,0,0,0,1,2,1,1,0,1,0,2,0,1,2,0.261037402615588,-0.07263292765886051,-1.2375031234497884
3225,0,1,1,0,0,2,1,0,0,1,0,0,0,1,0,2,1,2,2,0,-0.1382277758713196,-0.5929491279589161,1.6166264772848045
3226,1,1,1,0,0,1,0,0,1,0,1,1,0,0,0,0,0,1,0,1,0.18031897392435728,-0.5388041314360383,0.8550069255111821
3227,0,0,0,0,0,1,0,0,0,0,1,0,0,0,0,1,1,0,0,0,-0.8941250276923777,-0.8984599417369292,-0.07651306129153083
3228,1,1,1,0,0,1,0,1,0,1,0,0,1,0,1,1,1,0,0,0,-0.31661988830058296,-0.7382233656690194,-1.6390725939430855
3229,0,0,1,0,1,1,0,0,1,0,0,1,0,1,0,2,0,0,1,0,-1.6460700377602544,-0.20713552993967696,-1.7676728278752234
3230,0,0,1,0,0,1,1,0,1,0,0,2,1,0,0,1,1,0,0,1,-0.03311957504944186,0.2254713111142841,-0.21163143095333237
3231,0,0,1,0,0,2,0,0,2,1,1,1,1,0,0,0,1,0,2,1,-1.4997652412157665,-0.875347206591964,2.1484800225252587
3232,1,0,0,0,0,1,0,0,0,2,1,1,1,0,0,1,1,0,1,1,0.6247661619906234,-1.4521685163338287,-0.30218387768938776
3233,0,1,0,0,0,2,0,0,1,1,0,0,1,0,0,1,0,0,0,1,-0.5714499049335069,0.14209001763872334,-0.2926498099754018
3234,0,1,0,0,1,0,0,0,2,1,2,0,0,1,0,1,0,1,0,1,-0.4988793246137812,-0.862697247390318,1.515939405571047
3235,0,1,1,0,0,1,0,0,0,0,1,1,0,0,0,1,0,0,2,1,-0.2849755656465706,-1.6164437168967378,0.6847545739700642
3236,1,1,1,0,1,1,0,0,1,1,0,1,0,0,0,1,0,0,1,0,-0.17294460335135536,0.06357068791447322,-2.36784641350625
3237,0,1,2,0,0,2,0,0,1,1,2,0,2,1,0,1,2,1,1,0,0.1277151474835537,0.7544891098466103,-0.7915677992951604
3238,0,0,1,0,0,0,0,1,2,1,0,1,1,0,0,2,1,0,1,2,-1.963982833039001,0.061472105207880656,-0.5726983068914031
3239,0,1,0,0,0,1,0,0,1,0,0,0,1,0,0,0,2,0,1,1,-1.0625090313936563,1.0069503294012632,-0.24489714113293024
3240,0,1,0,0,0,0,0,1,2,2,0,0,1,2,1,0,0,0,1,0,0.14646975410090748,0.38327028797689144,-0.586002486333709
3241,0,1,1,0,0,0,0,0,2,1,0,0,1,0,0,1,2,2,1,1,0.07017048332887392,-0.8972767167143177,0.20064092632291836
3242,0,1,0,0,0,1,0,2,0,1,1,2,2,0,0,2,2,2,0,0,0.7644787432201423,0.3757932509805338,0.37973937948802783
3243,0,0,0,1,0,1,0,1,1,0,0,0,0,0,0,0,1,0,0,0,-0.13519887426026617,0.1581341303545284,1.090571604274547
3244,0,2,1,0,0,0,1,1,1,0,1,0,1,1,0,0,1,1,1,1,0.5876488695493777,0.776733863379399,0.73529892080327
3245,0,0,0,0,0,1,0,0,2,1,1,0,1,1,0,1,1,1,1,1,-0.29952561473042677,-1.2309018067871806,1.5958916090141884
3246,0,2,1,0,0,1,0,0,1,0,0,0,1,1,0,0,1,0,1,2,1.3389236942491478,0.6540275213933082,0.037116426093265625
3247,1,1,0,0,0,1,0,0,0,2,0,1,0,1,0,0,1,1,0,1,1.1254957926900317,1.3853116783910657,2.0498666178862006
3248,1,1,1,0,1,1,0,0,1,0,1,2,0,1,0,0,1,1,1,2,0.21532181740380074,-1.0109501132056844,-0.2337702220949286
3249,0,1,0,1,0,0,1,1,1,1,0,1,1,0,0,2,0,0,2,0,-0.48196421256166233,-0.0586419983497965,-0.2980186397581568
3250,0,0,1,0,0,1,0,0,1,0,1,1,0,0,0,1,2,0,1,0,-0.7658183660695093,-0.8230873021915547,1.600869475328407
3251,0,1,0,0,0,2,0,0,1,1,0,1,1,0,0,1,0,1,1,0,1.9493702709045622,0.6736162840325364,-0.5169387667933465
3252,0,2,1,0,0,2,1,0,2,1,0,0,0,0,0,2,1,0,1,1,0.9721630854845319,-1.2055154428779136,1.4317600107459598
3253,0,0,1,0,0,1,0,0,0,0,0,0,1,0,1,1,1,1,0,1,0.991770238569657,0.375840963405777,-1.5711061567933018
3254,0,0,1,0,0,0,0,1,2,0,2,1,1,1,1,0,0,0,1,0,-0.7285174084671622,-0.3645468041649882,0.10831601372805061
3255,0,1,1,0,0,0,0,0,0,0,0,2,1,2,0,0,1,0,1,0,-0.1063095617897604,-0.15060224108873896,-0.6670453819764707
3256,0,2,0,0,2,1,0,0,2,0,0,2,0,0,1,1,1,0,1,0,0.2839365182896977,0.19717031024070802,0.9799729841569998
3257,0,1,0,0,0,1,0,0,0,0,0,0,1,1,0,0,1,0,1,0,0.8869020172157837,-0.006749706002260603,0.5207472204436191
3258,0,1,0,0,0,2,1,0,1,2,0,0,1,0,0,2,2,0,1,1,-0.2288513711299692,0.4864412267608441,1.8113109396635199
3259,1,1,1,1,0,2,0,0,0,0,0,0,1,0,1,1,1,1,1,2,-0.6200242212762239,-0.4598622226296073,0.09889529488612274
3260,0,0,0,0,1,0,1,0,1,2,1,0,0,0,1,0,1,2,1,0,-1.0973898876623596,0.5409516855374195,-0.26183961459137406
3261,0,0,1,0,1,2,0,0,0,1,0,0,1,1,0,1,0,0,1,0,-0.4228329183890944,0.12122819361674361,-1.6149821437244303
3262,0,0,1,0,0,2,0,0,1,0,0,0,0,1,0,0,0,1,0,1,-3.252455363960362,-0.20912215015549684,0.7509964662494071
3263,0,0,2,0,0,2,0,0,1,1,1,0,0,0,0,1,1,0,0,1,0.7493824287172465,0.8539561516281391,0.02290862611278696
3264,1,1,0,0,0,1,1,0,0,1,1,0,0,0,0,0,0,0,1,0,-0.8382235750870168,-2.455177994281807,0.35920632966936383
3265,0,0,0,1,0,1,0,0,1,2,0,0,2,0,0,0,0,0,2,1,1.2838096423643708,2.1849386155671753,0.5521615195993861
3266,0,1,0,0,0,2,0,0,2,0,1,0,1,0,0,1,0,0,1,0,0.15472181975920454,-1.9622563976743357,0.3412572621642441
3267,0,1,1,0,0,0,0,1,1,1,0,0,2,0,0,1,0,1,2,0,-0.21732521915390757,1.3008054304049959,-0.1732325172209756
3268,0,1,1,0,0,1,0,0,0,1,0,1,1,0,1,0,0,1,0,0,0.12970022540589923,1.2516610319774166,-0.9809289320471068
3269,0,1,0,0,0,2,1,0,1,0,0,1,0,0,0,1,1,0,1,1,-1.4795943516893832,-0.8888436470321028,-0.43454793642113926
3270,2,1,0,1,0,1,0,0,1,0,1,0,1,0,0,0,1,0,0,1,0.13273128502207893,0.6951876257342867,0.8022524199760166
3271,0,0,0,0,0,1,0,1,2,0,0,1,1,1,1,0,0,2,0,0,-1.4253817413895788,0.13239101618631344,0.22611569334468606
3272,1,1,0,0,0,1,0,0,1,0,0,0,0,0,0,1,0,0,1,0,-0.31385273609216496,0.2806616068753126,-0.6435566958720664
3273,1,0,1,1,0,0,1,0,1,1,1,0,1,0,0,0,0,0,1,0,0.2865738573632532,0.9706513246228204,0.9275959197875974
3274,0,1,0,0,0,1,1,1,2,1,1,1,2,2,1,1,1,2,1,1,0.7628239428131283,1.3853902763141444,-0.904729651942908
3275,0,1,1,0,0,0,0,0,2,1,0,0,1,0,0,0,1,1,0,1,0.18598467373549835,-0.5757159255202754,1.2403597622968126
3276,0,0,0,0,2,0,0,0,0,1,1,2,0,0,0,1,1,1,1,0,-1.0829334884980353,-0.3661445024644836,0.6441091294834366
3277,1,1,1,0,1,0,0,1,0,0,1,0,1,0,0,0,1,0,0,0,0.9934607317325449,-0.01870275924262177,0.2843420703919054
3278,1,0,1,0,0,0,0,0,1,0,0,0,1,0,1,1,0,1,2,1,0.11218520836025313,1.9857724812896829,0.5866849852722822
3279,0,0,0,0,0,0,1,0,1,0,0,1,0,0,1,1,1,1,0,0,-0.6662286296031881,0.1735690798269638,-1.1609101076114208
3280,1,2,0,0,0,0,0,1,2,1,0,1,0,0,0,1,1,1,1,0,2.4651941061908063,0.629092069852048,1.934555766468287
3281,0,0,0,0,0,2,0,0,2,1,0,0,1,0,0,2,0,0,1,0,1.6057175354363875,-0.1727803654360094,0.6375534054190225
3282,1,1,1,0,1,1,0,0,0,2,1,0,0,0,0,0,1,0,2,0,-0.7291227780144584,1.6253607483964252,-0.1313434967671585
3283,0,1,1,0,0,0,0,1,1,1,1,0,0,0,0,1,0,0,1,0,-0.798448207132371,-0.868519409629676,1.6295926181882894
3284,0,1,0,0,0,0,1,1,0,1,1,1,1,1,2,1,1,1,0,0,0.061136198954252916,0.7664928513867928,0.106495149426863
3285,0,1,0,0,0,1,0,0,1,1,2,1,0,1,0,1,2,0,0,1,-0.8166184452014726,-1.240140863047544,0.23587211337154754
3286,0,0,1,0,0,0,0,1,1,1,1,0,0,0,0,2,0,1,1,0,0.6397518819705641,-0.24033379077350137,-0.4735771601049683
3287,0,2,1,0,1,1,0,0,0,1,0,1,2,0,1,1,0,0,1,1,0.3952297773711114,0.252861761509391,2.6281980844784036
3288,1,1,0,0,0,1,0,0,1,1,0,1,0,0,0,2,1,0,0,1,-1.3866665597833832,0.6766240396054135,1.9276683368545067
3289,1,0,1,0,0,1,0,0,2,1,1,1,1,0,1,1,0,0,0,0,-0.8440109212571353,0.9675866202025796,-0.1992164423799893
3290,0,0,0,0,0,1,0,0,1,2,1,0,1,1,1,0,2,0,1,0,0.8102460241520656,-0.8687703136542064,0.14393506650124896
3291,0,0,1,1,0,2,0,0,1,0,0,0,2,2,0,0,0,0,0,1,-0.7010850961094375,-0.4394059172354894,0.9962852308951623
3292,0,1,0,0,1,1,0,0,2,1,1,0,0,1,1,0,0,1,0,0,-1.5019852936678904,-1.3079217285452065,-0.6101416795045715
3293,0,1,1,0,1,1,1,1,1,0,2,0,1,1,0,0,1,1,1,1,0.5558096794029898,-0.4678154195942412,-0.2423103298295148
3294,0,0,0,0,1,1,0,0,0,0,0,0,0,1,0,0,1,0,1,1,1.3946129201346176,0.34717968240628516,-0.37019543910699926
3295,0,0,1,0,0,0,2,0,1,0,2,2,0,1,1,1,1,1,1,0,-0.9009613755857907,-0.9946440366330284,0.2919765214148695
3296,0,0,2,0,0,1,0,0,1,1,0,0,0,0,0,0,2,0,1,2,-0.13827590460070285,-1.0303224571282819,-0.024425255176553112
3297,0,1,2,0,1,2,0,0,0,1,0,1,0,1,0,0,0,2,1,0,-1.2650702362968886,-1.9449828333047336,-0.20455167660830798
3298,0,0,1,0,0,0,0,0,1,1,0,1,1,0,0,0,0,0,1,1,-0.821175571641342,-0.14966170190374323,0.806542161288142
3299,0,1,0,0,0,1,0,0,1,0,0,2,0,0,0,2,1,1,0,1,0.11530909206920324,0.991296544585066,-0.6833205291054961
3300,0,0,1,0,0,1,0,0,2,0,0,2,1,0,0,2,0,2,0,1,0.21835807294118373,-0.7364334688122566,2.3851984336703707
3301,0,0,1,0,0,1,0,0,0,0,0,0,1,0,0,0,1,1,0,0,-0.4514107344766511,-1.3148858378294144,-0.973751223429215
3302,0,0,0,0,0,2,0,0,1,1,1,0,1,0,0,1,0,1,1,1,-0.35593127688185555,-1.1107317197774882,1.7080104842996198
3303,1,1,0,0,0,0,0,0,0,2,0,1,1,0,0,1,0,1,1,0,1.9903229060435508,0.7890266251565804,0.9380381333101233
3304,0,1,0,0,0,0,0,0,0,2,0,1,0,1,0,1,0,2,1,0,-0.04994411722635018,0.676244479397234,-0.31544723067910513
3305,0,0,0,0,1,0,0,0,1,0,1,0,1,0,0,0,0,1,0,0,-0.9459970196994099,0.3003319740648971,0.19829147335448477
3306,0,0,0,0,0,1,0,0,1,1,0,0,0,2,1,1,0,0,0,1,0.08465768700433478,0.9670206851739652,-0.49915585267694235
3307,0,2,1,0,0,1,0,1,1,0,0,1,0,0,0,1,1,1,1,1,2.0698468444203146,-0.39549611235787885,1.7468951413620988
3308,0,0,1,0,0,1,1,0,1,1,1,0,0,0,0,1,1,1,1,1,-0.1309561899245023,-0.3538501891818037,1.5751483206772467
3309,0,1,2,0,1,0,0,0,1,1,0,0,2,1,0,1,0,1,1,1,0.9085571596494613,1.3947243481584843,1.1758729021664132
3310,0,1,1,0,0,0,0,0,1,2,0,1,1,0,0,2,1,1,1,0,1.8340650681802575,-0.04789676857192182,0.8335121377619297
3311,0,0,0,0,0,2,0,0,2,0,1,1,0,1,1,0,1,1,1,2,-1.296636925968472,-0.44512817029778384,0.11769992593233874
3312,1,2,1,0,1,0,0,1,1,0,2,1,1,0,0,0,1,1,1,0,0.3721413140156794,0.5401739004481521,-0.29311941799835717
3313,0,1,1,0,0,0,1,0,0,1,1,1,2,1,1,1,1,2,1,0,-1.3958898666120632,-0.6784699994076533,1.1540728798369786
3314,0,0,0,0,0,0,0,0,0,0,1,0,1,1,0,0,0,0,1,2,3.2706861882809437,0.11667807932014984,-1.3432933047098432
3315,0,1,0,0,0,1,0,0,1,1,0,0,0,1,0,1,0,2,0,1,0.25720064571951357,1.7619546194228621,0.0631862868771434
3316,0,0,0,0,0,0,1,1,2,0,1,0,0,0,0,1,1,0,1,1,-1.3719880502256718,-2.253761840667975,2.142812954790789
3317,0,0,1,0,0,2,1,0,2,0,0,1,1,1,0,1,1,0,1,1,1.4136455692720986,0.1982063170765893,0.6897291940624106
3318,0,0,0,0,0,2,0,1,1,0,2,0,1,0,0,1,1,1,1,1,-0.6867138448608239,-1.4144765042330931,1.1962087466744205
3319,0,1,0,0,0,1,0,0,0,2,1,1,2,0,0,0,1,0,1,2,0.2978728667908706,-1.5752950982240437,0.8440104599826246
3320,1,0,1,0,0,1,0,1,2,2,0,1,2,0,0,2,1,0,1,1,-0.4022371877943879,0.44029531488058893,0.5515643810668168
3321,0,0,0,0,0,1,0,1,1,2,0,0,1,0,0,0,0,1,1,0,-1.360430360876577,-0.02272783814883489,0.5770938911941488
3322,1,2,1,1,1,0,0,0,1,1,1,0,0,0,0,0,1,0,1,1,2.100168802610503,-0.5260905985580797,0.09002829066678397
3323,1,0,0,0,0,2,0,0,2,0,0,1,2,0,0,0,0,1,0,0,-0.912518431083427,0.012546144521963898,-0.45166602304093173
3324,0,1,0,0,1,1,0,1,0,0,0,0,0,1,0,1,1,1,0,1,-1.3708326369941397,-0.42189270658629136,0.9514920950599195
3325,0,0,0,0,1,1,0,0,0,1,0,1,2,1,0,1,1,1,1,2,-2.0327679762767756,0.3515789168512241,-1.0464707710254173
3326,0,0,0,0,0,0,1,1,0,2,0,0,2,1,1,0,0,0,2,1,0.5161087611547841,1.7103130781948854,1.8114933559442004
3327,0,0,1,0,0,1,0,0,1,0,0,0,1,0,1,1,1,1,1,1,0.8442772156588353,0.32773249334425303,-0.2201877181308081
3328,0,1,0,0,0,0,0,0,0,1,1,1,1,0,0,2,0,0,1,0,0.5042707592098203,0.26232251850477006,-0.20831597693106124
3329,0,0,1,0,0,1,1,0,1,0,1,0,1,0,0,0,1,0,2,1,0.11064004277653124,0.23559150012279156,-0.010682265053851829
3330,1,1,1,0,1,0,0,1,2,0,1,1,1,0,0,1,1,0,2,0,0.5462693703994697,0.9029262006245717,1.0754289962018477
3331,0,0,0,0,0,1,1,0,1,1,1,1,2,0,0,1,1,1,1,1,-0.3106979174657634,-0.8035733047370857,1.0825619397613715
3332,0,0,0,0,0,2,0,1,2,1,1,1,1,0,1,0,1,1,1,0,0.8137884979491534,-1.3080963012475642,0.3217987951912033
3333,1,1,0,0,0,0,1,1,1,0,2,2,1,0,0,0,0,0,1,0,-0.6184097390003389,-0.630094657463264,0.3831817427623498
3334,1,0,2,0,1,1,0,0,1,1,1,1,1,1,0,2,1,1,1,1,0.8457363079805497,0.6691195834515925,0.847217776653193
3335,0,0,0,0,0,1,0,0,1,0,0,0,2,0,1,0,1,1,1,2,1.697721822084187,0.571233665619841,-1.1802271402695066
3336,0,0,2,0,1,1,0,0,2,0,1,1,0,1,0,0,1,1,1,1,-0.4511437614319817,1.6925057359364652,-0.09909660189648117
3337,1,0,0,0,1,2,1,1,1,1,0,0,0,0,0,0,0,1,1,1,-1.531181331195628,-0.07932021603982536,-0.4209136190869939
3338,0,0,2,0,0,2,0,0,2,1,0,0,1,0,0,1,2,1,1,1,-1.1480703459909232,0.17776997216754353,0.03518735373069995
3339,0,1,0,0,0,2,0,0,1,1,1,0,1,0,0,1,0,1,2,1,0.8609866277418675,0.30064071652106233,0.835266655661705
3340,0,1,1,0,1,1,0,0,1,0,1,1,1,0,0,2,0,0,1,0,-1.4678359890947288,-1.5692100495005454,-0.22586335594563625
3341,0,0,2,0,2,0,0,0,1,0,0,1,1,1,1,2,0,0,1,0,0.50557943074466,1.389424444341095,0.08881875639278908
3342,0,1,2,0,1,0,0,0,1,0,0,0,1,0,1,0,2,0,0,0,-0.5659779829561513,0.22279711906049482,1.003469243609708
3343,2,0,0,1,0,1,1,1,1,0,1,0,0,1,0,2,0,0,1,1,0.514323800480595,1.1674611406848179,-0.5287002246534281
3344,0,2,1,0,0,1,0,0,1,1,0,1,0,0,0,2,1,1,1,1,-0.23534465049460407,-0.006271393798534808,-0.41088973387102956
3345,0,0,1,0,0,1,0,0,1,1,1,1,0,0,0,0,0,2,0,0,-0.687638582426841,0.947096223730874,0.008815170785041765
3346,0,0,0,1,0,0,0,0,1,1,0,2,0,0,1,2,1,0,0,1,2.4887346681083455,2.4110754085305226,0.040149602013960006
3347,0,1,2,0,1,0,0,0,0,0,1,1,0,0,1,2,0,1,2,0,0.6037367050459518,0.8158984443341507,0.6075765900117547
3348,0,2,0,0,1,2,0,0,0,1,0,1,0,1,0,1,0,1,1,0,0.5631444098371917,-0.7569699261348241,2.1644680075382023
3349,0,0,0,0,0,1,0,0,1,1,0,1,0,0,0,2,1,0,1,1,-0.6454642973743219,-0.9286137602654655,0.25967044172554804
3350,0,0,0,0,0,1,0,1,0,1,1,0,2,0,0,1,1,0,1,2,1.5310838130863105,0.5620091729945398,1.3736567957743018
3351,0,0,1,0,0,2,0,0,2,1,2,1,1,0,1,1,0,1,1,1,-0.8942064609870695,0.8255572025440814,-0.49713237438961594
3352,0,1,1,0,0,2,0,0,1,1,1,1,2,0,1,1,1,2,2,1,-0.2791525151091086,0.23497923169916113,1.376966849105186
3353,0,0,1,0,0,2,0,0,0,1,0,0,2,1,0,1,0,1,2,0,0.8184096463640725,-1.0503943733580232,0.28106394781170574
3354,0,0,2,0,0,1,0,0,1,0,0,1,1,1,0,0,1,1,1,0,-0.8170670710009953,-1.0153055696304438,-0.09446777926740296
3355,0,0,0,0,0,0,1,0,1,0,0,0,0,0,1,1,2,1,2,1,0.37286086653002337,1.330233487517793,1.0364437602925158
3356,1,0,1,0,1,0,0,0,2,1,0,0,1,0,1,1,2,0,1,2,-0.06100695671793659,-1.1502430378489095,-0.7078136465704445
3357,0,0,0,0,1,1,1,0,1,1,0,1,0,0,1,0,1,0,0,0,-0.050641770483636675,-0.18709528816528836,1.5847341773327273
3358,0,0,2,0,0,2,0,0,1,0,1,1,1,0,0,2,1,0,1,1,-2.932691667425335,-1.1927929220064875,-1.4490048140901506
3359,0,1,0,0,0,1,0,1,0,1,0,0,1,1,0,1,1,1,2,1,0.5082931128622625,0.8420443573451071,-0.7100922875497396
3360,0,1,1,0,0,0,0,0,1,0,1,1,1,0,0,1,2,1,0,1,1.5977035318178108,0.5052246112763157,0.7830313876770729
3361,0,0,1,1,0,1,2,0,0,0,0,0,1,0,0,2,0,0,2,0,-0.10853323252779583,-0.011459521152210828,-1.4336416913622057
3362,0,2,0,0,0,1,0,0,1,1,0,1,1,2,0,1,1,1,1,0,0.2956617235641949,-0.9299602309522044,-0.12479673551580078
3363,0,2,1,0,0,2,0,0,0,0,0,1,0,0,0,1,1,0,1,1,-1.315386084981692,-1.51130172285541,-0.6194528577177444
3364,0,0,1,1,0,1,0,0,1,1,0,1,1,0,0,2,0,1,1,0,1.1355932585226425,0.4443056510652936,2.1036560661047856
3365,0,0,1,0,0,1,1,0,1,0,1,1,0,0,0,1,1,0,1,0,0.51654312790868,-1.262967274984513,0.2574406932453226
3366,0,1,1,0,1,0,0,0,2,0,0,0,2,0,0,1,1,2,2,1,1.7305758948874896,1.0392891984542127,-1.2506635420523817
3367,0,0,1,0,0,2,0,0,1,1,0,0,0,0,0,0,0,1,1,0,-2.6786834779474096,-0.738200434854917,0.7653943225886435
3368,0,0,2,0,0,1,0,1,0,1,1,0,0,0,0,2,1,1,2,1,-0.7241790995307973,0.15532881005368332,-0.48462373746617116
3369,1,1,0,0,0,2,0,0,1,0,2,1,1,0,0,1,0,1,1,1,0.23370595679816797,-0.3519935477218063,0.3514994719055297
3370,0,0,0,0,1,1,0,2,2,1,1,1,0,0,0,0,1,0,1,0,0.5050552728201683,-1.1285799101384466,2.484113617031786
3371,0,0,0,0,1,1,0,1,1,0,0,0,0,0,0,2,0,1,0,0,-0.9703267055707961,-0.37761874813326923,-0.6533609224123053
3372,0,0,1,0,0,1,0,0,2,0,0,1,0,0,0,1,1,0,1,2,-0.7191403551550012,0.09457903394017156,0.08394386943400656
3373,1,0,1,1,0,1,0,0,1,1,1,0,1,0,0,1,0,0,1,0,-2.0725153082106806,-1.0712958183363495,-0.3899853083042325
3374,1,0,0,0,1,1,1,0,1,0,1,0,1,1,1,1,0,0,0,0,1.4522355393527742,0.11027715344364808,0.5984237135118932
3375,0,0,1,0,0,0,0,0,0,1,0,0,2,0,0,1,1,0,1,0,0.6693762059134041,0.12203021062042405,-1.0163058629385486
3376,0,1,1,0,0,1,0,0,1,0,0,0,0,0,0,1,2,1,2,0,-1.6593042216519167,-1.032136674304922,-0.35004605186376
3377,0,0,0,0,1,2,0,0,1,1,1,0,0,0,0,1,0,1,1,0,0.002418378530753034,-0.7915040582701299,-0.5838871511248387
3378,0,0,0,0,0,0,0,0,1,1,0,0,0,0,0,1,0,0,1,0,-0.3431489584528975,0.1455890268771903,-0.8919544485487724
3379,0,0,0,0,0,0,0,1,0,1,1,0,1,0,1,1,1,0,0,0,1.2476677965224945,-1.11891262121853,0.9856461514204335
3380,0,1,2,0,0,2,0,0,1,0,0,1,1,0,0,0,1,1,2,0,-0.3196683575867673,0.5793776666061707,-0.5614777732749692
3381,2,0,1,0,0,2,0,0,0,0,0,1,1,0,1,0,1,0,1,1,-0.04072190171547653,0.30971202795676356,-1.0968788598907528
3382,0,1,1,0,0,0,0,0,0,0,0,1,1,0,0,0,1,1,0,1,-1.165282362860713,-0.643011710847775,-0.23601297684844813
3383,0,1,1,0,0,1,0,1,1,1,1,2,0,1,2,0,2,0,2,1,1.603291004726388,-0.07697079709908922,1.161619248380288
3384,0,0,0,0,0,0,1,0,0,1,1,0,0,0,0,0,0,1,1,0,0.6828038249800923,0.8128815384042156,-0.8616172285711627
3385,0,0,0,0,1,1,0,0,0,1,2,1,0,0,1,2,0,1,0,2,-0.6057176349711378,0.24724879734785454,0.5421493846885267
3386,1,1,1,1,0,1,0,0,1,1,0,0,0,0,0,0,1,1,1,1,0.24827349126043702,-0.9121340788793275,0.13724115354257196
3387,0,0,1,0,0,1,0,0,0,1,1,1,1,0,0,1,1,1,1,1,-0.5611386666005571,-0.5822177439094378,1.3147182325973361
3388,0,0,1,1,0,1,0,1,0,2,0,1,1,0,1,1,0,1,1,0,-0.38782428934890245,-0.3732908629231313,-0.6898777265280689
3389,0,0,0,0,0,1,0,0,1,2,0,0,1,0,0,2,2,1,0,0,-0.12438441866838995,0.026687170449633424,-1.3403428315673849
3390,0,1,0,1,1,1,0,1,1,0,0,0,0,0,1,0,1,2,0,1,1.131304990389308,-0.11893854120560488,-0.010394081484682877
3391,0,0,0,1,0,0,0,1,2,0,1,1,1,0,0,2,1,1,0,1,1.255383961586471,-0.2569386891934985,0.2697571889611302
3392,0,0,0,0,0,1,0,0,1,1,0,0,1,0,0,0,0,1,0,0,-0.7555229319981229,-0.08248674983975496,-0.5788504845034356
3393,0,1,0,0,0,0,0,0,0,1,0,0,1,0,1,2,0,0,1,0,1.396941873750123,0.9063886514505679,0.29589820853319143
3394,0,0,0,0,1,1,0,1,0,1,0,1,0,0,0,0,1,0,1,1,-1.0051328922920248,-0.7819775251249536,0.010175975953368666
3395,0,1,0,0,0,1,0,0,1,1,0,0,1,0,0,0,1,0,2,0,-0.1237904117206455,1.0520161274784896,-0.04673587611712224
3396,1,1,0,0,1,1,0,0,0,0,1,1,0,0,0,0,1,0,2,1,0.3621005425186358,-0.5039786484261612,-1.211347969834602
3397,0,0,0,0,0,0,0,0,1,0,1,1,1,0,0,0,1,1,1,0,0.05686959369409602,-1.2347832165053212,0.8616464082176757
3398,0,1,0,1,0,1,0,0,0,2,0,1,1,0,0,2,1,0,0,2,-0.06267194917810294,-0.650899457404168,-0.2402740018464474
3399,0,0,1,0,0,1,0,0,1,1,1,0,1,1,0,1,0,1,1,0,1.2620087813925964,0.2572617149249465,-0.07726132934094848
3400,0,0,1,0,0,2,0,1,0,0,1,0,0,0,0,0,1,1,0,1,-0.26714701281519027,-0.9572663285826506,1.9663867765005805
3401,0,0,0,0,1,0,0,0,1,2,1,0,0,0,0,1,0,1,0,0,1.7641144532838688,1.0502625183184542,1.5643083879419755
3402,0,0,1,0,0,1,0,0,1,0,0,0,0,1,0,2,0,0,0,1,0.6182038932693713,1.9791275975018994,-0.36885462715845063
3403,0,0,1,0,1,0,0,0,0,2,0,0,0,0,0,2,1,1,2,2,-1.0435543265983735,0.33967209695206313,-0.6465724337414626
3404,0,1,0,0,1,0,1,0,1,0,2,0,1,0,0,2,0,0,1,0,-0.3837653346075496,-0.8136848910445914,1.3584470359207999
3405,1,1,0,0,0,1,1,0,0,0,0,0,1,1,0,1,0,0,0,1,0.04493504035175971,-0.26512140360257547,-0.8503953640617017
3406,1,1,0,0,1,0,0,0,1,0,0,1,0,0,1,0,0,1,1,1,0.6458607414468811,-0.6970485786206402,-1.1983099475513672
3407,0,1,0,0,0,1,0,0,0,0,0,0,0,0,0,1,1,1,2,0,1.7980364362980892,1.6643302637726252,1.6240034179552252
3408,0,1,1,0,0,0,0,0,1,1,1,0,1,0,0,2,1,0,1,0,0.24331988241412625,0.9536416755425361,-1.1958973520369058
3409,1,0,1,0,0,2,0,0,1,0,0,0,0,0,0,0,1,1,0,0,0.9420937484262968,0.44462800342329556,-0.24987402701249306
3410,1,1,1,0,0,1,0,0,0,1,0,1,1,1,0,0,0,0,0,0,1.1906278207436978,-0.3048366827050493,-0.3813216514836294
3411,0,0,1,0,0,0,0,0,1,0,1,2,0,1,0,0,2,1,0,1,1.3472975215575203,-0.5029910632199526,0.4802496671304485
3412,0,0,2,1,0,1,0,0,0,2,1,1,1,0,0,1,1,1,0,0,-0.31308231319555735,-0.4217527145021023,-1.5037266066357156
3413,0,0,1,0,0,2,0,1,2,0,0,1,0,0,1,0,0,0,0,1,0.38312868977939835,-0.45041181203100566,0.5581919050228699
3414,0,1,0,1,0,2,0,1,2,1,0,0,0,0,0,0,0,1,2,0,0.8431042913846367,0.5233198715772421,1.9906688105677317
3415,2,1,1,1,0,1,0,0,0,1,1,1,0,0,0,1,0,0,1,0,-1.5368273510398887,-0.6932413710012317,-0.5065419661499566
3416,0,1,1,0,0,1,0,0,1,1,1,0,0,1,0,1,0,1,1,1,1.087627335467065,-0.18692635012797554,-1.7819378557949663
3417,1,2,0,0,0,1,1,0,0,1,0,1,1,0,0,1,2,0,0,0,-0.3025812504124367,-1.056462580097655,-0.7161202640612669
3418,1,1,1,0,0,1,0,0,0,0,0,1,0,0,0,1,0,1,1,0,0.6712434502784482,0.6353931455735204,0.18715394482578135
3419,0,0,2,0,0,2,0,0,0,0,0,0,1,0,0,1,0,2,2,1,-0.916243338886473,0.14917183431194866,-2.1124136594665845
3420,0,1,0,0,1,2,0,0,0,0,0,0,1,0,0,1,0,1,0,1,0.47201425392190793,1.01592671187633,1.5751775814118576
3421,1,0,0,0,0,1,0,0,2,2,1,0,1,0,0,0,0,0,0,1,-1.0752391419310023,-1.0863507417286484,-0.6136520251836085
3422,1,1,1,0,0,0,0,0,2,0,0,1,0,0,0,1,1,0,2,0,-1.5445367110656052,-0.5992912203739329,1.5135727278469957
3423,1,0,1,0,1,0,0,0,1,1,1,0,0,1,0,1,1,1,2,1,-1.4678802285374248,-1.3593675219711607,0.3407476420485231
3424,0,1,1,0,1,0,0,0,0,0,0,0,0,0,1,0,2,0,1,0,-0.8136729370584175,-1.2663574138805875,1.6315180625364745
3425,0,1,0,1,0,2,0,1,1,0,0,0,1,0,0,0,1,0,1,0,-0.05371936439706686,0.5446847242335608,2.613532692381897
3426,0,1,0,0,0,1,1,0,2,1,1,2,1,0,0,2,1,0,1,1,-0.6912832152156841,0.43662779489747827,0.6370680039233673
3427,0,0,1,0,0,2,0,0,0,1,0,1,0,1,0,0,2,1,0,1,-0.9895619726479755,-0.26786713987427946,-0.6191055447384409
3428,1,0,1,0,0,0,0,1,0,0,0,1,0,0,0,0,1,1,0,0,0.036851881397898904,0.7545085099084853,2.041106810367447
3429,0,1,1,0,0,1,0,0,1,0,1,2,1,0,0,1,0,0,0,1,-0.9017708965087858,-0.11262461118753908,1.1856047222095056
3430,0,0,2,0,0,0,1,0,1,0,1,1,2,0,0,1,0,0,0,1,-0.3448616194765609,0.06839781005590145,1.608619588764467
3431,0,0,1,0,0,0,0,0,0,1,0,0,1,1,0,1,0,0,0,1,-0.16093642362710003,-1.3981573489439203,-0.530474761310759
3432,0,0,1,0,0,1,0,1,2,0,1,1,0,0,0,0,0,0,0,1,0.20118804732503517,0.1930554938651666,-1.5491951862790956
3433,0,0,1,0,0,0,0,0,0,1,0,1,0,0,0,2,0,1,2,2,-0.7585089249979123,1.2170452474316418,-0.010444599859604331
3434,0,0,2,1,0,0,0,0,1,1,0,0,2,1,1,0,1,0,1,0,-1.5456315158388687,-1.2270546899408021,-0.5202429467323414
3435,0,1,0,0,0,1,0,1,1,0,0,1,1,0,1,1,1,2,0,1,-0.9866438561134584,-0.7247979951058362,-0.9540217357492865
3436,1,1,0,0,0,2,0,0,1,1,0,0,1,0,0,0,1,0,0,2,-0.39047703227099323,-0.8005078583888516,-0.7495631286467518
3437,1,0,1,0,0,2,0,2,0,0,1,2,0,0,0,1,1,1,1,1,0.21109431533870573,-0.8638408507742475,1.5766868835026093
3438,0,0,0,0,0,0,1,0,2,0,0,0,1,0,0,1,0,0,1,1,0.3555723672209098,-1.3596958709387688,-0.9486211266060851
3439,0,1,0,0,0,1,0,0,1,1,0,0,0,0,0,0,1,1,1,0,0.2787271963691083,-0.5808969540019273,-0.1514098158364912
3440,1,0,0,0,0,0,0,0,1,0,0,0,1,1,0,0,1,0,1,1,0.33805660156267847,1.251789633077605,-0.6829772355831476
3441,0,0,0,0,2,1,0,0,1,1,1,1,0,0,1,2,1,1,1,0,-1.9589247407729813,-0.03826481682464877,-1.5330852127757129
3442,0,1,1,0,1,1,0,1,2,1,1,2,2,1,0,0,2,0,1,0,-0.4471126772187469,-1.3957076174489442,1.0023148991887583
3443,1,1,0,0,0,1,0,0,1,1,1,1,1,0,0,1,2,1,1,1,-1.257910535330223,0.20662183203663254,0.906933278680536
3444,2,1,1,0,0,1,0,0,1,1,0,0,1,0,0,2,0,0,1,1,-0.5612189363612499,0.5727412145744366,1.131132836758355
3445,0,1,0,0,0,2,0,1,1,1,0,1,0,0,0,0,1,0,1,0,0.021107345798796553,-0.12075483305694884,0.08580583820748974
3446,1,0,0,0,0,0,1,0,2,0,2,0,1,1,1,0,0,0,2,0,0.6224786649713003,-0.7329879101041421,-0.07598413211996882
3447,0,0,1,0,0,1,0,0,1,2,0,1,2,1,0,1,0,1,1,2,0.8805959537958228,1.029055301173156,-1.3416882101642051
3448,0,0,0,0,0,0,0,0,1,1,0,0,1,0,1,0,1,1,0,1,1.501955803450738,2.174699033727505,-0.07811913869294429
3449,0,1,2,0,0,1,0,0,1,0,0,0,1,0,0,1,0,0,2,0,-0.18819152910866685,0.5492432459686971,0.05815647497500333
3450,0,0,0,1,0,1,1,1,1,0,1,1,1,0,0,1,1,1,1,1,-0.5078248716691685,-0.8212423207774336,-0.7979006824304916
3451,0,2,0,0,0,1,0,0,1,0,0,1,1,1,0,1,1,0,1,0,-1.3667859401798854,0.13235437284785523,-0.9983709951193233
3452,1,0,0,0,1,2,0,0,2,1,0,0,0,0,0,0,1,1,0,1,1.7601416618736598,0.5190703301292787,0.9476106668326574
3453,1,1,1,0,1,0,0,0,1,0,0,2,0,1,0,2,1,0,0,0,-1.7073170889230778,-0.7182742247483265,-0.12495563634825271
3454,0,1,0,0,0,0,1,0,2,0,1,0,0,1,0,0,0,0,2,0,1.5914713116203802,0.46564398699121967,-0.47465230208257864
3455,0,0,1,0,0,2,0,0,2,0,1,1,0,0,1,1,0,0,1,0,0.3882697862267546,-0.5384850835552129,-0.5581670293583786
3456,0,0,0,0,0,0,0,1,1,1,0,1,2,1,0,0,2,0,1,1,1.2868695182179746,0.4257827652934365,-0.8448917122901379
3457,0,0,0,0,0,1,0,0,1,1,1,0,1,2,0,1,1,0,2,0,-0.5954331752548493,0.2511466343163239,-1.765490911059709
3458,0,0,1,0,0,0,0,0,2,0,0,0,0,1,0,2,0,0,1,1,0.10215488527472266,0.899197179473335,0.6859181109099948
3459,0,2,0,0,0,1,0,0,1,0,0,0,0,0,0,1,2,1,2,0,0.3787433421992573,-0.0077375760743089335,2.7388154889302285
3460,1,0,0,0,0,1,0,1,2,0,1,2,1,0,0,0,0,2,0,0,1.580271372909076,0.21708315983129942,-0.13187957994798324
3461,0,1,0,0,1,0,0,0,1,0,1,0,0,0,0,2,0,1,1,0,-0.6277510285025044,-0.299593897086226,0.06198022428724298
3462,0,1,0,0,0,1,0,2,0,0,1,0,1,0,0,1,0,0,1,2,2.0383248256718773,1.159106711736373,-0.21397632846234949
3463,0,1,0,1,1,2,0,1,1,1,0,1,1,0,0,0,1,0,1,0,-1.2845877345417522,-0.6689954599900955,1.5051648075923856
3464,0,1,1,0,0,0,0,0,0,1,0,1,0,1,0,1,0,1,1,1,-1.3994263988991897,-0.7816094972812568,0.4030223245573683
3465,0,0,1,0,0,2,0,0,0,0,1,1,0,0,0,1,1,1,1,0,0.8997020857073402,-1.731308697983616,2.2975213660537595
3466,0,0,1,0,0,1,0,0,2,0,0,1,1,1,1,0,2,1,0,1,-0.660746204920642,0.470666870825761,2.2235714578271155
3467,0,1,2,0,0,1,0,1,0,0,0,1,0,0,0,1,0,0,2,0,0.43995919581928983,0.8647338229149867,0.2564927618278524
3468,1,1,1,0,1,0,0,0,1,0,0,1,1,0,0,2,0,0,0,0,2.0861888654343015,-0.025322272685329827,2.5839740091260617
3469,0,0,0,0,0,2,0,0,2,1,0,0,1,0,1,2,0,0,0,1,2.4238569401303227,2.2232095613645466,1.7276841485527443
3470,0,1,1,0,0,1,0,0,1,0,0,1,2,1,0,1,1,1,1,0,-0.9687639719560924,-0.24240340717951114,-1.4648730587494347
3471,1,1,0,0,1,0,0,0,2,0,1,0,1,1,0,1,0,2,0,0,-1.1792514448687157,-0.4309023349510372,-0.5486396721479274
3472,0,0,1,0,0,1,0,0,2,0,0,0,0,1,0,1,0,1,1,2,1.524530620135914,1.2681562084650184,-0.8299185715692494
3473,1,1,1,1,0,2,0,0,0,0,1,0,1,0,0,0,2,0,2,0,-0.9611902565367492,0.3537279269175665,0.03663595336027868
3474,0,1,2,0,0,1,0,0,1,0,0,0,0,1,1,0,0,1,0,0,-0.9943289828894181,0.4875820948043228,-0.8029172980178825
3475,0,1,1,1,1,0,1,0,2,1,0,1,0,1,0,2,0,0,2,0,-0.4033269953258431,-0.008976149121142585,1.1022530324195388
3476,0,1,0,0,1,1,0,0,2,0,0,0,0,0,1,0,1,1,0,1,-0.309067261532328,0.2762334793459364,-0.3926593865409183
3477,1,1,2,0,0,1,1,0,1,2,0,0,1,0,0,0,0,0,1,1,-2.379110840201304,-0.16950515189018878,-0.18876886076988972
3478,0,0,2,0,0,1,0,1,1,1,1,0,0,1,0,1,1,0,0,0,-0.5876475754102549,0.7720832413038613,1.4836023134464782
3479,0,0,2,0,1,1,0,1,2,1,1,1,0,0,0,0,1,1,0,1,-3.0181750942450565,-1.818656328864863,0.4216775607677905
3480,0,0,0,0,0,1,1,1,1,2,0,1,0,0,0,1,2,0,0,1,0.34515479573510677,0.24003899165361653,0.548642317892102
3481,0,0,1,0,0,1,0,1,1,2,0,2,1,0,0,1,0,1,0,0,0.06354034014913913,-0.7051379050697028,-1.391342778538831
3482,0,0,0,0,0,1,0,0,1,2,0,0,1,0,1,1,1,1,1,2,-0.1909815120763221,0.41248616976129737,-2.280306767928087
3483,0,1,0,0,0,2,0,0,1,1,1,0,0,0,0,1,1,2,1,1,0.44495386072984694,-0.8407784207729712,0.7360354968421112
3484,0,0,1,0,0,0,0,1,0,2,0,0,1,0,1,1,0,0,1,0,0.3353483591969087,1.2826739047874758,0.8929475090733534
3485,0,1,1,0,1,1,1,0,1,0,0,0,0,0,0,2,1,1,1,0,-1.33971932534974,-0.34188881393564224,-0.03362986319375677
3486,1,1,1,0,0,0,0,0,0,0,0,1,1,0,1,1,1,0,1,0,-0.9387696048916049,0.04533349078244908,0.6324366883825121
3487,0,2,0,0,0,1,0,1,2,1,1,1,2,0,0,2,0,0,1,1,-0.4967283330272387,-0.959010254757477,0.298850611698983
3488,0,1,1,0,0,1,0,0,2,2,0,1,0,0,0,1,1,0,1,0,-0.3326206743010037,-0.5500411030550856,-1.5152465777110136
3489,1,1,0,0,0,0,0,1,1,0,1,1,0,0,1,0,1,0,1,0,0.21832335315524581,-1.0919578959067566,0.8014339726662618
3490,1,0,2,0,0,0,1,0,1,2,1,1,1,0,0,1,1,2,1,0,-0.3948254152053429,0.9647260662030317,-0.45178962583176163
3491,0,0,1,0,0,1,0,1,1,1,1,0,1,0,0,1,1,1,1,1,-1.7983578068709833,0.4862647579424617,-0.7464413456435631
3492,0,0,2,0,0,2,0,1,1,0,0,1,1,0,0,2,0,0,2,2,0.25088272960938757,0.5609440914308186,0.12139767248092866
3493,0,1,0,0,0,1,0,0,1,2,0,0,1,0,0,1,0,0,0,1,-1.0281386680117999,-0.8654368612865335,0.42097484157750836
3494,1,1,1,0,0,1,0,0,1,1,0,0,1,1,1,0,1,1,1,1,-0.4532417398954929,0.23950082529197236,-1.0074998977496603
3495,0,0,0,0,0,0,0,0,1,1,0,1,2,0,0,1,2,0,1,1,0.012030089215224072,0.6485863460079757,-0.3114715979799265
3496,1,0,2,0,0,0,0,0,0,0,1,1,0,0,1,1,2,2,0,1,1.7983873259302792,1.3708478592490771,1.0163571092887396
3497,0,0,2,0,0,1,0,0,0,1,2,2,0,1,0,0,2,1,1,1,-1.1169521902261301,-0.7532731948424694,-0.401281968139219
3498,0,0,0,0,1,1,0,0,0,1,1,0,1,0,0,1,1,1,0,0,-0.40683047302201314,0.15201528877584902,0.2464210290567567
3499,0,0,0,0,0,0,0,0,1,2,0,1,0,0,0,0,2,1,2,0,-0.018583007115774375,-0.7182486814793319,1.3794896836555164
3500,1,0,0,0,0,2,0,1,2,0,0,2,0,0,0,0,0,2,0,1,1.2587492386585282,1.278775221006224,1.1626402971219925
3501,0,1,0,0,0,2,0,0,2,0,0,0,1,0,0,1,0,0,0,0,1.6915417760144815,1.2656631388982063,-2.619956143635292
3502,1,1,2,0,0,1,0,1,1,1,0,0,2,0,0,1,1,0,0,0,0.24489726191587682,-1.3489327178618102,-0.126060107599606
3503,0,0,0,0,0,1,0,0,2,1,0,0,1,0,0,0,0,1,0,0,-0.870029903122117,-1.1002750938777648,1.2928836403849613
3504,1,0,1,0,0,2,0,0,2,1,0,0,0,2,0,1,1,1,0,1,0.5471372614441369,1.7792941669440294,-0.08805629042725949
3505,0,0,0,0,0,2,0,0,2,0,1,0,1,0,0,0,2,1,0,1,-0.5362150167185965,0.27550395649211845,1.855481483459386
3506,0,1,0,0,0,1,0,0,1,0,1,0,1,0,0,2,0,0,2,0,0.8416317405802832,1.3938395827140786,0.28889203339223407
3507,0,0,1,0,1,0,0,0,1,0,1,1,1,1,0,1,1,0,0,1,-1.7114254723880555,-1.2910257291560505,-0.5997079938875263
3508,0,0,2,0,0,2,0,0,0,0,1,0,1,1,0,2,1,1,0,0,1.821096640551537,2.430601583524864,2.14452805667319
3509,1,0,0,1,0,1,0,0,1,0,0,1,0,1,0,2,1,0,0,0,0.5112453132324919,0.07596561621806197,1.1002252790076632
3510,0,0,2,0,0,1,0,0,0,1,0,0,0,0,0,1,0,0,1,0,0.7057737405320623,-0.5585007028459877,-0.1449391699311526
3511,0,1,0,0,2,1,0,1,2,1,0,0,1,0,0,0,0,0,1,0,0.5585435579222857,-1.001775307134823,-0.6777686672213767
3512,0,1,0,0,1,1,0,0,0,0,0,1,1,1,0,2,1,0,2,0,-0.23380262096588333,1.3157701683277239,-0.119934557063862
3513,1,0,1,0,0,2,0,0,1,1,0,0,2,1,0,1,0,0,1,0,0.4719261668907843,0.8025416591141779,-0.6405724577380735
3514,0,0,1,0,1,1,0,0,2,0,1,1,2,0,1,1,0,0,1,0,0.692912863792758,0.48464878832039493,-0.17941177460331187
3515,0,0,0,0,0,1,1,0,1,0,1,1,1,0,0,0,0,1,0,0,-0.9012190293753237,-2.0681844280563686,0.96834750679264
3516,0,0,0,0,0,1,0,0,0,0,1,0,0,0,0,0,1,0,0,0,-0.5333910903654657,-0.062447023158720305,0.8382792852557731
3517,1,1,0,0,0,2,0,0,1,0,1,0,1,0,0,1,1,2,2,1,1.4009036330695415,1.1107313689672411,1.0053839866605876
3518,0,0,0,0,0,1,1,0,0,2,1,0,0,0,0,0,1,1,1,0,0.7865005223243496,-1.182136316618453,0.23413892215852136
3519,0,1,0,1,0,2,1,0,1,1,0,1,1,0,0,1,0,0,0,0,-2.085538423473298,-0.9040443080618437,-2.6981907350392667
3520,0,1,1,0,2,1,0,0,0,1,0,1,0,0,0,1,0,0,0,1,-1.00124580998442,-1.2753636424830248,1.5001278268131897
3521,0,0,1,0,1,2,0,0,1,2,0,0,2,1,0,0,0,0,1,1,-1.0979131332526009,1.1735591861663572,-0.47961490533572015
3522,0,1,2,0,0,1,0,0,0,1,0,0,2,0,1,2,1,0,0,1,0.3027190784620794,0.39417709010916074,2.716865102826735
3523,0,0,0,0,0,0,0,0,0,0,1,0,1,1,0,1,2,0,1,0,-1.3367156343424733,-0.15685264718836067,0.1617898923532567
3524,1,1,0,0,1,0,0,0,1,1,1,0,1,0,0,2,0,0,1,0,0.39769058770552035,-0.6125852792848944,-0.871063702430695
3525,0,0,0,0,0,2,2,0,0,1,0,0,1,0,0,1,1,1,1,0,0.22207029354125338,1.1430508888388247,-0.4227960417808992
3526,0,2,1,0,0,0,0,0,0,1,1,1,2,0,0,0,0,0,1,0,-0.8450610748634362,-1.4896662216060212,0.17968317273053905
3527,0,0,0,0,1,1,0,0,1,0,0,0,1,1,1,1,1,1,1,0,-0.26511311312359465,0.055740059735030184,0.025915937748239574
3528,0,2,0,0,1,1,1,0,2,2,0,0,1,0,0,2,0,0,0,1,-0.6202911399865751,-0.6702672998917051,-0.3061964800496224
3529,0,1,1,1,0,0,0,1,0,1,1,0,1,0,1,2,1,1,2,0,0.6173021919845099,0.9423809059015384,0.22363286997221596
3530,0,1,0,0,0,2,0,0,0,1,1,1,1,1,0,1,2,0,0,2,-0.4871602500499507,0.5459492727100926,0.6184319856459337
3531,0,0,0,0,0,0,0,0,0,2,0,0,1,0,0,1,2,0,0,0,1.1533141627365573,-0.10535480087809945,0.09114386887227297
3532,0,1,0,0,0,1,0,0,1,0,2,0,0,1,0,2,2,1,0,1,-0.46972945333146726,1.6120731196083455,-0.7368175088389224
3533,0,0,1,1,0,2,0,0,1,1,1,1,0,1,0,0,0,1,0,0,-0.2633100555997807,-1.1944659006325669,0.26645381104435856
3534,0,0,2,0,0,0,0,0,1,1,0,0,2,0,0,0,0,1,1,0,-0.8550946988667506,-1.4674820838876244,0.21406194012779053
3535,1,1,1,0,0,2,0,0,1,2,1,1,1,0,0,1,0,0,2,1,-1.2113820483242244,-0.29978815282859844,-1.7592785085770568
3536,0,1,0,0,0,2,0,0,1,0,0,1,0,0,0,0,0,0,1,0,0.1821007727129269,-1.8991180462425772,1.0468431479138331
3537,0,0,1,0,0,1,0,0,1,0,1,0,0,0,0,2,0,0,0,0,1.8493658503258728,1.4617389025503007,0.6578012426721561
3538,0,1,0,0,0,2,0,0,2,0,0,1,2,0,0,1,0,0,1,0,-1.1142835734634253,-2.0308881248604145,0.5849427721375161
3539,0,1,0,0,0,0,0,0,0,0,1,1,2,0,0,1,1,0,0,1,-0.5230575900302105,-0.7681549763431346,-0.3384699290475589
3540,0,0,0,0,1,2,0,0,1,1,0,0,1,0,0,1,2,1,1,1,-1.342325817710699,1.5110721223920534,0.08388439419714645
3541,1,1,1,0,0,1,0,0,2,0,0,2,0,1,1,0,0,1,1,0,-1.0135189867403172,0.5939044702332877,-0.23915901856132882
3542,0,0,0,0,1,1,0,0,0,0,0,0,1,1,0,1,2,0,0,1,-0.5284384684829491,0.9260981368597494,-0.5622542956350525
3543,0,0,0,0,0,0,1,0,0,0,0,1,1,1,0,0,2,1,2,0,0.8695464588234064,0.1636797755222825,-0.4885554758222168
3544,0,0,1,0,0,2,0,0,0,1,0,1,1,0,1,1,1,0,0,0,1.195546230633021,1.6678696554568484,-0.1642073697696641
3545,0,2,0,0,0,2,0,0,0,1,2,1,0,0,0,1,0,1,0,1,-0.9165297557249965,0.4352318389202994,0.4497510423792599
3546,1,0,2,0,0,1,0,0,1,0,1,0,1,0,0,0,1,0,0,0,0.0868356805513542,-0.2984932903492974,-0.5763573564605737
3547,0,0,0,0,0,1,0,0,1,1,0,1,2,1,1,0,0,0,0,1,-1.8081195366703455,-1.0367943942187212,1.5760569444642163
3548,1,1,1,0,0,1,0,0,2,2,1,0,0,0,0,2,0,0,1,0,-0.6869888236100202,-1.2708957558225478,0.3007388827922878
3549,0,1,0,0,1,0,1,0,2,1,1,0,1,1,0,2,0,0,1,0,0.04544845549247701,-0.33669037342413266,-0.6604385869154773
3550,0,0,0,0,0,1,0,0,2,1,0,0,2,0,0,0,0,0,1,1,0.13720920461968195,-0.5453888111747675,0.3130042198740183
3551,0,0,1,0,0,1,0,0,2,0,0,0,0,1,0,0,1,0,1,1,-0.10593915823553864,-0.3125586126811586,0.3194484259079566
3552,0,1,1,0,0,0,0,0,1,1,1,1,1,0,0,1,0,0,0,0,0.007840112580277718,-0.8422651776502956,-0.5973008884775489
3553,0,0,1,0,0,1,0,0,1,0,0,2,1,0,0,1,1,0,1,1,0.20034792057761938,0.7670858978253507,1.6422029469355828
3554,0,0,0,0,0,2,0,0,0,0,0,1,1,0,0,2,1,0,0,0,-0.07136412967321402,-1.2689159460067687,0.09543526144687267
3555,0,1,0,0,0,1,0,0,1,1,0,0,0,1,0,0,1,0,0,1,1.4722296221863977,1.7455292726464657,-0.7546052549507472
3556,0,1,0,0,1,1,0,1,1,1,0,1,0,0,1,0,2,1,1,0,-1.2461061810957597,-1.1029705880836025,0.9145845089736793
3557,0,0,0,0,1,0,0,0,1,0,0,0,2,0,0,1,1,2,1,0,-0.0027189011927453745,-2.127782134178485,0.46953354775975253
3558,0,0,1,0,0,1,0,1,1,2,0,0,1,0,0,1,0,0,1,0,0.986247034446756,1.7071038797881517,1.4221985079114274
3559,0,0,0,0,0,1,1,0,2,0,0,0,0,0,0,2,1,0,1,1,0.03717490477437397,1.1562489423966325,-1.7777612171187556
3560,0,0,2,0,0,1,0,0,1,1,1,1,0,1,0,1,0,1,0,1,-0.6958673845053001,-1.2351132933873097,-0.1056233118523387
3561,1,0,0,0,0,1,0,0,1,1,0,0,0,1,0,0,2,0,0,0,0.17834885640344514,0.26641767805926386,-0.5696331793902795
3562,0,1,0,1,0,0,0,0,2,0,0,0,0,0,0,1,0,0,1,0,0.6259224227732555,0.004860083786515368,-0.23121604097780468
3563,0,0,0,0,0,1,0,0,0,1,1,0,1,0,0,1,1,0,1,2,-1.1700697215726052,-1.7428353676054316,-0.10477956625994522
3564,0,0,1,0,0,2,0,0,1,1,1,1,0,0,1,1,1,0,1,0,-1.006061888253969,-0.37520733286397356,0.17623498046583785
3565,0,0,0,0,1,2,0,0,1,1,0,0,2,0,0,0,1,2,1,1,-0.44853192602098685,0.470075441763386,-1.6622991353281709
3566,1,0,2,0,0,1,1,0,1,0,1,1,1,1,0,1,1,1,1,0,-0.18336461706868204,-0.21291159922388003,1.6060379387594519
3567,0,0,0,1,0,2,0,1,1,2,2,2,0,0,0,1,0,2,0,2,0.2113509256612658,0.7582026501746586,-1.0562952624165414
3568,0,2,0,0,0,1,0,0,1,0,0,1,1,0,1,0,0,0,1,1,-0.6116919636756045,-1.0698277159390355,-0.11975507944895473
3569,0,0,0,0,0,1,0,0,1,2,1,0,1,0,0,0,0,2,2,0,-0.10829548263956856,-0.17896735566815256,-0.12938312261436974
3570,0,0,1,0,0,2,1,0,2,1,0,0,2,1,0,1,2,0,2,0,-0.7266178232225586,-1.075251718901639,-0.3420306034877221
3571,0,0,0,0,0,2,0,0,2,1,0,0,0,0,1,1,1,1,0,0,0.6583054534954094,0.8021301971051635,0.2061160148369235
3572,1,0,1,0,0,1,1,1,2,0,0,0,1,0,0,1,2,0,2,0,-1.6511925026366572,0.9874014299812801,-0.6603702979908863
3573,1,2,0,0,1,2,1,0,1,1,0,1,0,0,0,0,0,0,1,2,-1.6339093502086535,-0.8311820381585203,-0.6757884747441374
3574,0,0,1,0,0,2,1,0,1,1,0,0,1,0,0,0,1,2,2,0,-1.7054639382494314,-1.5425201054864757,-1.1411483591551208
3575,0,0,1,0,0,0,0,0,2,0,0,0,1,1,0,1,1,0,0,2,1.9998796581814324,2.0957205909526904,0.4498718480941304
3576,0,1,1,0,0,2,0,0,1,0,1,1,0,0,0,1,1,0,1,1,1.88129718330178,-0.9114652583314706,0.38126838952786235
3577,0,0,0,0,0,1,0,0,0,2,0,1,1,0,0,1,0,0,1,0,0.859663466636334,0.6479931479893366,1.1029097199736113
3578,1,0,2,1,1,2,1,0,1,1,0,0,1,1,0,0,0,1,1,1,-0.5851402034361991,1.5536222597394798,-0.3675817732321656
3579,1,1,0,0,0,0,0,0,0,0,0,0,1,0,0,1,1,0,1,0,0.11859062620826269,0.32381334897102304,2.8083946557743564
3580,0,0,1,0,0,1,0,0,0,0,2,0,0,0,0,1,1,0,1,0,-0.3660568650092448,-0.17561701904210003,1.0279481727952802
3581,0,1,0,0,0,0,0,0,1,2,0,0,0,1,0,0,1,2,0,1,-0.5681516794125058,0.8067162688194176,-1.0794498243371013
3582,0,1,1,0,0,0,0,0,2,1,0,2,2,0,0,0,1,0,2,1,-1.147463918285747,0.5034999211337274,0.02761298177978827
3583,0,0,1,0,0,1,0,0,0,2,0,0,0,1,0,0,1,0,1,0,-0.7161475592496254,-0.9971859968817234,-1.7260955335788992
3584,1,0,0,0,0,0,0,0,0,1,0,0,0,0,0,1,0,0,0,0,0.4305966362660225,-0.6530902123677099,0.5597756683452824
3585,0,0,2,1,1,2,0,0,0,0,1,0,1,0,0,2,1,0,1,1,-0.9898658718200966,0.12387835694130786,-1.8711994723209424
3586,0,1,0,0,1,1,0,0,0,0,1,0,0,1,0,1,1,0,1,0,1.3057520257075856,-0.4027375632379656,2.154180131437619
3587,0,0,0,1,1,0,0,0,1,1,0,1,1,0,0,2,1,1,2,1,-0.5613573389716968,0.863583890427668,0.18407350333588754
3588,1,1,0,0,1,1,0,2,2,1,0,0,1,1,0,0,2,1,0,0,-0.4439936776932184,-0.6927298523975249,-0.7199863130955433
3589,0,1,0,0,0,2,0,0,2,0,0,1,0,1,0,0,1,1,1,1,-1.7772692304946967,-1.586297692705467,-2.295266980371975
3590,0,1,1,0,0,2,0,0,1,0,0,0,0,0,1,1,1,0,1,0,-1.1712846656923883,0.20928009825633165,-0.2606546787562023
3591,0,0,0,0,1,0,0,0,1,1,1,0,0,0,0,1,0,0,1,2,0.013232885009929512,-0.5616924207506975,0.2626558890083953
3592,1,2,1,0,0,1,0,1,0,0,1,1,0,0,0,1,1,1,1,0,-0.19161826961220316,-0.9245480048542019,-0.2667262527138289
3593,1,1,0,0,0,0,0,0,1,0,1,0,1,1,0,0,0,1,1,0,1.4044583050709358,-0.3346054754071633,-0.21907561623523591
3594,0,0,1,0,0,2,1,0,1,0,0,0,1,1,0,1,1,0,1,1,-0.29883768786868153,1.1610306007008193,1.8377641968296876
3595,0,0,1,0,0,2,0,0,0,2,1,1,1,0,0,0,1,0,0,2,-0.9337171250923769,0.2291338097091069,0.10713606977626602
3596,0,0,1,0,0,1,1,0,0,0,0,0,1,0,0,1,1,0,1,0,1.6124137712153819,1.0135749147954496,1.1420478318500633
3597,0,0,0,0,0,1,0,0,1,0,1,1,0,0,0,1,0,1,1,1,0.1620402561146012,-0.47578954003921176,-0.3769262127940801
3598,0,2,0,1,1,2,0,0,1,0,0,1,1,1,0,0,2,0,0,0,-0.8332202089621998,-0.5296894025578828,-0.28537175240804324
3599,0,0,1,1,1,1,0,0,0,1,1,0,0,0,2,0,0,0,1,0,0.5540367330236037,-0.5593082886769775,-1.89973468754556
3600,0,0,0,0,0,1,0,0,1,0,1,1,1,0,0,0,0,1,1,0,-0.08230457853477433,-0.02516418160036199,-1.065370190156619
3601,0,1,1,0,0,2,0,0,0,1,0,0,1,1,0,0,0,0,2,0,-0.24990683924271498,1.2529433042261897,-1.9320673261598533
3602,0,1,1,1,0,1,0,0,0,1,1,0,2,1,0,1,0,0,1,1,0.9352255999308241,0.5607528190367114,-1.249644424539881
3603,0,2,0,0,0,0,1,0,0,1,1,1,1,2,0,1,1,1,0,2,-0.9995886383684592,-0.8142748676720286,-0.2636876349266164
3604,0,0,2,0,0,2,0,0,1,0,0,0,1,0,1,1,1,1,2,0,1.3132340271264757,2.8376359293407605,2.928296202359279
3605,1,1,1,0,0,1,0,0,1,1,1,0,0,1,0,1,0,0,1,0,0.2477472481157965,0.1715472900004618,0.9812332014682088
3606,1,0,1,0,0,0,1,0,1,0,0,0,0,0,0,1,2,0,0,0,-0.8089343687079746,-0.4711853331540451,1.2064004434051483
3607,1,1,0,0,0,1,0,1,1,1,0,0,1,0,0,1,1,1,1,1,0.2708653307932633,0.1701180375537383,0.6663625269101918
3608,0,0,0,0,0,2,1,0,1,0,0,0,0,2,1,1,1,0,0,0,1.6053076792657703,-0.06233079864836455,1.5502379016819283
3609,0,0,1,0,0,1,1,0,1,1,0,1,1,0,0,0,1,0,1,1,0.2826559392272537,1.2197753627297567,1.2323936987482016
3610,0,0,2,0,0,0,0,0,1,0,0,1,0,1,1,1,1,0,1,0,0.046451619882317746,-0.6552644253903843,-1.230261106592056
3611,0,1,0,0,0,0,0,0,0,2,0,1,2,0,1,2,2,0,1,1,0.7360089794890841,-1.1155447094182296,-0.4752337234235125
3612,0,1,2,0,0,2,0,0,0,1,0,2,0,0,0,1,0,0,1,2,1.7072401412332914,0.7312436304109668,1.0772740610124754
3613,0,0,1,0,0,1,0,0,2,2,0,0,0,0,0,1,1,0,1,0,-1.096534854767095,1.1242779397184595,-0.3169104398084288
3614,1,0,0,0,0,2,0,0,1,1,0,1,2,0,0,1,1,1,1,0,0.08250010935801314,-0.16742497534640582,0.830201364595123
3615,2,0,0,0,0,2,0,1,1,1,1,0,0,0,0,0,1,0,1,1,-0.27673924050590015,0.994162960565157,1.2111324020008882
3616,0,0,1,1,0,1,1,0,1,0,1,0,1,1,0,1,2,0,0,2,-2.503997637574195,-1.5547751372655312,0.48098936081326715
3617,1,0,0,0,0,1,0,0,2,1,1,0,2,0,1,1,1,2,1,2,1.2671037676903585,0.8374356681274895,-0.199955526100016
3618,0,1,0,0,1,0,0,0,2,0,0,1,1,0,1,1,1,2,0,0,0.15589124671344898,-0.3230237585375855,0.21350205661370633
3619,0,1,0,0,0,1,0,1,1,0,0,0,1,0,0,1,1,1,0,0,1.7208594104109252,1.0009240683311238,0.8598409981084152
3620,2,0,1,0,0,0,0,0,2,0,0,1,1,0,0,1,0,1,0,0,-0.12755689621447022,-0.7468142246309333,-0.5679054318323581
3621,0,1,1,0,0,0,0,0,0,0,0,0,0,0,0,2,2,0,0,1,-0.5747617934887723,-0.38479603697811254,0.4312565864058452
3622,0,0,0,0,0,1,0,1,0,2,0,1,2,0,1,0,0,1,0,2,-0.2457407960558996,0.4279715633719744,0.7903366019718344
3623,0,0,1,0,0,1,0,1,2,0,0,1,1,0,0,1,0,0,0,0,-0.94190199799432,0.23567713468570106,0.45975667399285935
3624,1,1,0,0,0,0,0,0,0,0,1,1,1,0,1,1,1,1,1,0,-1.6552865284488443,-0.45115480675183106,-0.960117335308923
3625,0,0,0,0,0,2,0,0,0,1,1,1,1,1,0,0,1,1,0,1,-0.4697203361176797,-0.15566043763825355,0.927811890279031
3626,0,2,1,0,0,1,0,1,1,0,0,0,1,0,0,1,0,0,0,0,-0.5240957784409035,-1.617385040930868,0.5601058973869912
3627,2,0,0,0,0,2,0,1,1,1,0,1,0,0,0,2,1,0,0,0,0.3053184090611519,2.066228172330306,-0.4373815820575442
3628,1,1,0,0,1,0,0,0,2,0,1,1,0,0,0,0,0,0,1,1,0.3928180224379876,-0.4462372526059728,0.010145388276211531
3629,0,0,0,1,1,2,0,0,0,1,0,0,2,0,0,1,0,1,0,2,0.5632009702030644,-0.6208895689171187,-0.3932330969258042
3630,2,0,1,0,1,1,0,0,1,1,0,1,0,1,0,1,2,1,1,0,2.1617293261521753,1.6721121869214537,1.8778026166518749
3631,1,0,2,1,0,0,0,0,1,1,2,0,1,0,1,1,0,0,1,1,-0.5317392429766225,1.0030790487044912,0.5641956072430877
3632,1,0,0,0,0,0,0,0,0,2,1,1,0,0,0,1,1,1,2,0,1.7836616731635495,0.6271897672576909,-1.4513350829333451
3633,0,1,2,0,0,1,0,1,2,1,0,1,1,0,0,2,1,1,0,0,-1.3112317919329222,-0.5999866224678861,-0.30490739820228474
3634,0,2,1,0,0,0,0,0,0,0,1,1,1,0,0,0,1,2,1,0,0.788540724950854,0.5248149773575549,0.5330009392889488
3635,0,1,1,0,1,2,0,0,0,0,2,1,1,0,0,0,1,0,0,0,-0.0611952310383749,-1.888872227827247,0.025992350437777034
3636,0,0,0,0,0,1,0,1,0,0,1,0,1,0,0,0,0,2,2,1,-1.360664564492691,-0.5320400546348748,-2.6142844414213617
3637,0,0,0,0,0,1,0,0,1,0,1,0,0,1,0,0,0,0,2,1,0.9240566036018237,2.085637452787391,1.477114061457391
3638,1,0,0,0,0,1,0,0,2,0,0,0,0,1,0,1,1,0,1,2,-0.1716074827494842,1.9389282045903373,-0.13645544035869794
3639,0,0,1,0,0,1,0,0,2,0,0,0,1,0,0,2,1,1,1,1,-0.7018900436569425,-0.4221326547597452,-0.43603290787230414
3640,0,1,0,0,0,1,1,0,0,0,1,0,1,0,0,2,1,0,1,0,1.9987539400899754,1.3761250768859452,-0.3513652933452135
3641,0,1,2,0,0,0,1,0,2,0,1,0,1,1,0,1,0,0,0,0,-0.8219533587370929,-0.47725362511068226,0.27881975040422363
3642,1,2,2,1,0,1,0,0,1,0,0,0,1,0,1,1,1,0,2,1,0.13233325089388318,0.9917978076622542,-0.08427386534243353
3643,1,0,1,0,1,1,0,0,1,0,2,1,2,0,1,0,2,1,1,1,1.6504865612247688,-0.025655728960315635,-0.7846974408205898
3644,0,1,0,0,1,1,0,0,0,1,0,2,1,0,0,2,1,1,0,1,2.2679113937599706,1.2482594422771012,2.3426189700702578
3645,0,0,1,1,0,2,0,0,2,2,1,0,0,0,0,1,0,0,1,0,-0.6068627631510469,1.6381323934263678,0.6266975445385741
3646,0,0,0,0,0,1,1,0,1,1,0,0,1,0,0,2,0,1,1,2,0.18719473961049915,0.6086979279871925,-0.40234813322059165
3647,0,0,1,0,0,2,0,0,1,2,0,0,1,1,0,1,1,2,1,1,-1.5611675175647652,-0.11106302773052275,0.7800803989254828
3648,0,1,1,0,1,2,0,0,1,0,0,0,1,0,0,1,1,1,0,0,0.3416920013274998,-0.7304174284309255,-0.32244570994958655
3649,0,1,0,0,1,2,1,1,1,1,1,0,0,0,0,1,2,1,1,1,0.5965449333064804,0.8788417792885013,0.011793468592110917
3650,0,1,1,0,1,0,0,0,1,1,1,2,2,1,0,1,0,0,1,0,-1.2705074416176678,0.2964910690568755,0.3332509936709245
3651,0,0,0,0,0,1,0,0,1,0,1,1,0,0,0,1,2,0,0,0,-0.6107274606404305,-1.4707179383389986,1.7482309199219246
3652,0,0,0,0,0,1,0,0,0,2,0,1,0,1,0,0,0,0,1,2,-1.8559642845450919,-0.044006208071863895,0.11011500074129299
3653,0,1,0,0,1,1,0,0,1,2,0,0,0,0,0,0,2,0,1,1,-0.895815122731223,0.3981665350709823,-0.3188382330322886
3654,0,1,0,1,0,1,1,0,2,0,1,1,1,0,0,1,1,0,2,1,-0.7106548037460303,0.6031004841447285,-1.8856371725156045
3655,2,1,1,0,0,1,1,0,2,1,1,0,1,2,0,1,1,1,1,0,0.6221085400677042,0.40108908470138904,0.03984533214513543
3656,0,0,0,0,0,1,0,0,1,1,0,1,1,0,0,0,1,0,1,0,-0.9664687046947845,0.1002919998332637,0.3564491340954716
3657,0,0,0,0,0,2,0,0,2,0,0,0,0,0,0,1,1,0,0,1,-2.3713022173057086,-1.688655600969877,-0.13035321238585462
3658,0,0,0,0,0,2,0,0,2,1,1,0,1,0,0,0,1,0,0,1,-0.4852815998747982,-0.9636838651427158,0.9394770012841611
3659,0,0,0,0,0,1,0,1,0,2,0,0,0,0,0,2,1,0,0,1,-1.3697860730775222,-0.8383426104273678,-1.6225150056234483
3660,0,0,0,0,0,1,1,0,1,0,1,2,0,0,1,1,0,1,2,0,-0.1252317042338691,0.7051402779246281,-0.5694894822426273
3661,0,1,2,1,0,1,0,1,1,0,1,0,0,0,0,1,0,0,0,1,0.1861226232673468,0.1636405276778155,1.240289687160928
3662,0,0,0,0,1,1,0,0,2,1,0,0,0,0,1,1,1,1,0,1,0.31588354537262714,0.2196868113718331,0.5087915418034485
3663,0,1,0,1,1,2,0,0,0,1,0,1,0,0,1,0,1,0,1,0,-0.29590362541120613,0.9792591546113446,-0.9744196765328426
3664,0,1,0,0,0,1,1,0,2,1,0,0,2,1,1,1,0,2,1,0,-1.0314058947357794,-0.7136824756120882,1.3065985643400087
3665,0,0,2,0,1,2,0,0,1,2,0,1,0,2,1,0,2,1,2,2,-0.00494817402375661,0.19260597378740674,1.3011569189436984
3666,0,0,0,0,0,2,0,0,1,1,1,0,0,1,1,2,2,0,1,0,0.06030736738490738,0.36987389847330154,0.9421059677434211
3667,1,2,1,0,0,1,0,0,1,1,0,1,1,1,0,0,0,0,0,0,0.9834181504621813,0.09966080143918228,0.22675868297915813
3668,0,2,0,0,0,1,0,1,0,0,0,0,0,0,0,1,0,1,1,0,-0.03800692384106405,-0.5241263199416352,-1.9612471819154567
3669,1,0,0,0,0,0,0,0,0,1,0,0,1,0,0,1,2,1,0,0,0.6292994361301184,1.133391656360227,-0.26258631519943443
3670,0,1,2,0,0,1,0,0,1,0,2,1,0,0,0,0,2,0,0,0,0.15235373255299278,0.20142263715334863,1.7991156938846193
3671,0,2,0,0,0,2,1,0,1,0,1,1,0,0,0,1,0,2,1,1,-0.9322956266246851,-0.7038317110724283,1.25196935245228
3672,1,1,1,1,0,1,0,1,0,1,1,1,0,0,0,0,2,0,1,0,-2.168692903864704,0.24999776041308053,-0.2699955883037773
3673,0,1,0,0,1,1,0,0,0,1,0,0,1,0,0,1,0,0,2,0,-0.45039211478541075,-0.33335278487354003,0.6804056799276823
3674,1,1,0,0,0,1,1,0,1,1,1,1,1,0,0,1,0,1,2,1,2.719903504180662,-0.16277620289047268,0.25150197560994686
3675,0,0,0,2,0,0,1,0,1,1,0,0,0,0,0,0,0,1,1,2,-1.0669853698418348,0.19563103496564122,0.3002593200284802
3676,0,0,0,0,0,0,0,0,1,1,0,1,0,0,0,1,0,1,2,0,0.5308915200284777,0.7733677400389962,0.8690424865476961
3677,0,2,1,0,0,1,0,0,1,1,0,0,0,1,0,2,0,0,0,0,-0.2460400086952811,0.3669779942785395,-0.9865780939931521
3678,1,0,1,0,0,2,1,1,1,0,0,0,1,0,1,2,0,0,0,1,-1.9886818722577053,-0.6510064694514219,-1.1262454895950416
3679,0,1,0,0,0,1,0,0,1,1,0,1,1,0,0,1,1,1,2,1,0.44055686620826345,1.817207458495873,-0.4079817517484349
3680,0,0,0,0,0,1,0,1,1,1,0,0,1,0,0,1,2,0,1,2,0.990650295991018,-0.1970789075409345,-0.8524743998828884
3681,0,1,1,0,1,1,0,0,1,0,1,0,1,0,0,1,1,0,0,0,-0.5429322185203844,0.42593491851810805,0.564423451466714
3682,1,1,1,0,0,1,1,1,0,0,0,0,1,0,0,1,0,0,1,2,-0.6205596181000803,-1.2173889474652706,-1.406283369374754
3683,0,1,1,0,0,1,0,0,1,1,1,1,0,1,1,1,0,1,1,1,-2.457502436719275,-0.2786836495419286,1.2068204204633264
3684,0,1,1,0,0,0,0,0,2,0,1,0,1,0,0,0,2,0,2,0,-0.2545112411078174,-0.015796073224740748,1.2087965078939393
3685,0,0,0,0,0,2,0,1,0,1,0,0,1,0,1,0,0,0,1,2,-2.0470442533387314,-0.24298937034527976,0.7783957293718312
3686,0,0,0,0,0,1,0,0,1,1,1,2,0,0,0,0,1,2,0,0,-0.1812620259584932,-2.1740333410832773,0.46869759274419565
3687,0,0,1,0,0,2,0,0,0,0,0,1,1,1,0,0,0,0,0,1,-0.37682870657076295,-0.023029237889740775,-2.0115201510659158
3688,0,1,1,0,0,1,0,0,2,2,1,0,1,0,0,2,1,1,0,1,-0.02239684985613783,-0.4439127339191584,1.1092980849581846
3689,0,1,2,0,0,2,0,0,1,0,1,1,1,0,1,0,1,1,1,1,0.13283952088250217,1.3406980588599438,0.7654375180134776
3690,0,0,0,0,0,0,0,0,1,0,0,0,1,0,1,0,0,0,0,1,0.7076625427211978,-0.02835655844616053,2.0711013937141622
3691,1,2,2,0,2,1,0,0,1,1,0,0,1,0,1,0,1,0,2,0,0.5340616084240699,-0.9313474343070901,0.3585112051373384
3692,0,0,1,0,1,1,0,0,1,0,0,1,1,0,0,1,1,0,0,0,1.5979043911465949,1.5626920644597555,-0.7688478328029732
3693,0,0,0,0,0,0,0,0,0,0,2,1,0,0,0,1,1,2,2,1,0.8894852839684352,0.6052964882229831,0.8256056232945077
3694,1,1,0,0,0,1,2,0,1,0,2,0,1,1,0,1,0,1,0,2,0.20848359560603671,0.5926781058524485,-0.4866881954230898
3695,0,0,1,0,1,2,0,0,2,0,0,0,0,0,0,1,1,0,1,0,1.3409986479877234,0.14174326080328403,0.27071577784359324
3696,0,0,0,0,0,1,0,0,1,0,0,0,0,0,0,2,2,0,0,0,1.6163013433836282,1.8221003260688045,0.6942380760874862
3697,0,1,0,0,1,0,0,0,0,1,0,1,1,0,0,0,0,0,1,0,-0.19230523335222224,-0.4856130141259787,-1.1432034936458169
3698,0,2,1,0,0,0,0,1,2,0,0,0,1,1,0,1,0,1,1,2,0.17431210036287065,-1.1341505096008033,-0.10111301064017406
3699,0,1,1,0,0,1,0,0,2,2,1,0,0,1,1,2,1,0,1,0,0.00603214912548854,0.3608946987435734,-0.22537909997839428
3700,0,0,2,0,1,1,0,0,1,1,0,1,0,1,1,0,2,0,1,1,-1.5152545045649441,-0.8876027916765701,-0.9496051654123099
3701,0,0,0,0,0,1,0,2,1,1,0,1,0,1,0,0,0,1,1,1,0.6602768207763778,-0.4302507858860734,1.4276637356037027
3702,1,0,0,0,0,2,1,0,1,0,1,0,1,0,0,0,2,0,0,1,0.8253117761469514,-0.17726452446646535,-0.9487414681605529
3703,0,0,1,0,0,1,0,1,1,0,0,1,2,1,0,0,2,1,2,0,0.6419479483164332,1.4058998645143026,0.6329027084578359
3704,1,0,1,0,0,0,0,0,0,1,2,1,2,0,0,0,1,0,1,0,1.0099268207956777,0.9475024708604625,-0.08764637593981428
3705,0,1,1,0,0,1,0,1,1,0,1,0,2,0,0,2,1,0,0,0,-0.5858358738723916,0.46890422009469446,-0.025385723101925346
3706,0,1,0,0,0,2,0,0,2,0,0,1,0,0,0,0,1,2,1,1,0.9790913738618281,0.9739521982258592,-1.2532782125361766
3707,0,0,0,0,0,0,0,0,1,0,1,0,0,1,0,1,1,0,1,0,-0.13738969276259652,0.23223146294594596,-0.8155100479291358
3708,0,1,0,0,1,2,0,0,0,1,1,0,0,1,1,1,1,1,0,1,-0.6279502321109058,-1.0264096214952347,-2.2460543903155887
3709,0,1,0,1,0,1,0,0,0,1,1,0,0,0,1,2,0,2,0,1,-0.1593852841069943,0.6894125388607653,-0.2993399298226667
3710,1,0,1,0,1,2,0,0,1,0,0,1,1,0,0,1,1,1,0,0,0.6945329323693458,0.35851655184078446,-0.39338439973745254
3711,2,0,0,0,0,2,0,1,2,1,1,0,2,0,0,1,1,1,0,1,0.8281659598674099,1.1761457304964675,0.31678411055960876
3712,0,0,1,0,0,2,0,0,2,0,0,0,1,0,0,0,1,0,1,0,1.1006370428543824,0.049612197502687805,1.324212817169433
3713,1,1,1,0,0,0,0,0,2,1,1,0,1,1,0,0,1,1,1,1,0.895543638590046,-0.31718342211799666,-0.5701745193423552
3714,1,0,1,0,0,1,0,0,1,0,0,1,1,0,0,1,0,1,1,0,-0.35605622738310627,-0.4158974464313113,-1.4268019741212317
3715,1,1,0,0,0,0,0,0,0,1,1,1,2,1,1,2,0,0,1,1,-1.5254665376659353,-0.27638585160164386,-1.1608247752599354
3716,1,0,1,0,1,0,0,0,0,0,1,1,1,1,0,2,0,1,1,1,-0.7510674755107435,-1.0561097464085887,0.641144312856079
3717,0,0,0,0,0,1,0,0,1,1,0,1,0,0,0,0,0,0,0,1,0.09565691208799199,-0.804996560144533,-0.37396080259218334
3718,0,0,1,0,1,1,0,0,1,1,0,0,1,2,1,0,2,1,1,0,-0.8842079043534712,0.1828078239026163,-1.119900479109913
3719,0,1,1,0,0,0,0,0,0,0,0,0,0,0,0,1,0,0,0,1,0.07379288051662733,-0.4015222545819488,0.18369203126427394
3720,0,0,0,1,0,0,0,0,1,1,0,1,2,0,0,1,0,0,0,0,1.255655767331568,-0.4390004478985794,-1.2806032377052718
3721,1,1,1,0,1,1,0,0,0,1,0,0,0,0,1,1,0,0,0,1,-0.4959192972538281,-0.0025295801998178376,1.8173170585292127
3722,0,0,1,0,0,1,0,0,1,1,1,1,0,0,0,1,0,0,0,0,1.0850960928891071,-0.9462445532466913,0.8314497503158873
3723,0,0,0,0,0,2,1,0,1,2,1,1,0,0,0,2,0,2,1,0,-1.0802169769743744,1.1953135640014374,-0.23999963637052046
3724,1,0,0,1,0,0,0,0,2,0,0,0,0,0,0,0,1,0,1,0,1.842053877713153,0.22793390152714177,0.9037863115824805
3725,1,0,0,1,1,0,0,1,0,1,0,1,1,0,1,2,1,0,0,0,0.9175392668385046,0.2895126053273759,-0.5761320027022552
3726,1,0,2,1,0,0,0,1,2,1,0,1,1,0,0,1,1,0,1,1,0.951206003545072,1.49019778007951,0.9293339717413104
3727,0,1,0,0,1,0,1,0,1,1,0,0,1,0,0,2,1,0,1,0,-1.13311048787175,-0.2973386913166657,0.9862440499228257
3728,0,2,0,0,1,1,1,0,1,1,1,2,1,1,2,2,0,2,0,1,-1.2884594629264006,-0.6311681666295798,-1.0690523793682618
3729,0,1,0,0,0,2,0,0,2,0,0,0,0,2,0,0,1,1,0,0,1.741984481942715,0.8833995758082396,-0.08276488279547439
3730,0,0,1,0,0,1,0,1,1,1,0,0,0,0,0,1,1,0,2,1,-0.7762926413088774,-0.4283911114929658,0.7757971531940162
3731,0,0,0,0,0,2,0,1,2,0,1,1,1,0,0,1,1,2,0,1,1.228450733379176,-1.025523815252075,2.1006090689973975
3732,0,0,0,0,0,2,0,0,2,1,1,0,1,0,0,0,1,0,2,0,-0.1487988379027267,-0.5377353999240393,-0.49144786947459296
3733,1,0,1,0,0,0,0,0,2,0,0,0,1,0,0,1,1,2,1,0,-0.206599565897997,-0.8336922057074727,0.8823020908872676
3734,0,1,0,0,0,1,0,0,1,0,1,0,1,0,0,0,1,1,0,0,1.2568678884294557,0.10204621461196597,-0.2271327913053886
3735,0,0,1,0,0,0,0,1,0,0,1,1,1,0,1,2,1,1,1,2,-1.361216229772309,-0.1833192888996256,-1.0751697815894992
3736,0,2,0,0,0,1,0,0,1,2,0,1,0,0,0,0,1,0,1,2,-1.3977886063988167,0.8759784552586907,-0.5612726450765323
3737,1,0,0,0,0,1,0,0,0,0,1,1,1,0,0,1,0,1,1,0,-0.2652389566567364,0.40077533986718517,0.3841906593166664
3738,1,0,0,1,0,1,1,1,1,0,0,0,1,0,0,2,1,0,2,0,-2.4016346373623247,-1.50192013969023,-2.7695974084229023
3739,0,1,1,0,0,1,0,0,1,1,1,0,1,1,1,0,2,1,0,0,1.2795365657607225,0.3004138779828829,1.9504291670777483
3740,1,1,2,0,0,0,0,0,1,0,0,0,1,0,0,0,0,0,1,2,-1.151878793651955,-0.5178044117880586,1.2185416948462846
3741,1,1,1,0,2,1,1,1,1,0,0,1,1,0,0,0,2,0,0,0,0.30123421319085925,-1.7771664310199289,0.1553146392393846
3742,0,0,1,0,0,0,0,0,1,0,1,1,0,2,1,2,0,0,0,1,-0.025869175956009596,-0.47819666380694736,0.32494805145470745
3743,0,0,1,0,0,1,0,0,2,0,0,0,0,0,0,0,1,0,0,1,-0.6024456368334824,-2.110465350525591,-1.8737398082250194
3744,0,1,1,0,1,1,1,1,1,1,0,1,1,1,0,2,1,2,0,0,0.4848942289590188,0.028337807953546512,0.12386870391284152
3745,0,1,0,0,0,1,0,0,2,1,1,0,1,1,1,0,1,2,1,1,-2.2754015012881843,0.06462012149593166,-1.5433871976093332
3746,0,0,1,0,0,2,0,0,1,1,2,1,0,0,1,2,1,0,2,0,0.13124763020887364,-0.8713612296686152,0.2951096890298759
3747,0,2,1,0,0,1,0,0,1,1,1,0,0,0,0,1,1,1,1,1,1.396785261463798,0.049351409581509686,2.6369183619211327
3748,0,0,1,0,0,1,0,0,1,0,0,1,1,1,0,0,2,1,2,0,-0.3581439400325078,-0.35451838766359567,0.7562083943697896
3749,0,1,2,0,0,2,0,1,0,1,0,0,2,0,1,1,1,1,0,0,0.03932952407886051,-1.1574751680801405,1.2988315720758514
3750,0,0,2,0,0,1,0,0,1,1,0,1,0,0,0,2,1,1,1,2,0.29079123126697665,0.6765055499768098,0.6376427413828836
3751,0,1,0,0,0,2,0,0,0,0,0,0,0,1,0,1,1,0,0,0,1.1964197006450876,-0.5486897651250389,-0.7630160855094077
3752,0,0,2,1,0,2,0,0,1,0,0,1,0,1,0,0,1,1,0,1,0.02810652509909529,0.3228340251204772,0.30861891692912874
3753,0,0,1,0,0,0,0,0,0,1,0,0,1,0,0,0,1,1,2,0,-0.6783896074429658,-0.9288439361160152,-1.149050627024908
3754,0,1,1,0,0,0,1,0,1,1,0,0,1,1,1,0,1,0,2,1,0.5104838064522214,-0.9031825694085521,0.10127798707462816
3755,0,0,0,0,0,0,0,0,0,0,1,1,0,0,0,0,0,1,2,1,-0.16728293618553108,1.1630101654018803,1.422588844211909
3756,1,1,1,0,0,1,0,0,1,0,0,0,0,0,0,1,0,1,0,0,-0.13166832246544366,1.8416099173107308,2.1540699733468567
3757,0,1,2,0,1,2,0,0,1,1,1,0,0,1,0,0,0,0,1,1,1.146128434389397,1.183974469046073,0.1636028435145138
3758,1,0,1,0,0,1,0,1,1,0,1,1,0,0,1,0,2,0,2,0,-0.6171088338058318,1.7039807945807914,1.5415232659368014
3759,0,0,0,1,0,2,0,0,2,1,1,2,0,1,0,1,0,0,0,0,0.3367515988957275,0.6135772264830232,1.5738357522002946
3760,0,1,0,0,0,1,0,0,1,2,1,1,0,0,0,0,1,1,2,0,-0.599251880404311,-0.6705412813718915,-0.7929275191839796
3761,0,0,1,1,0,1,0,0,2,0,2,0,1,1,1,0,1,0,1,0,2.501973758356554,0.2143538379223684,1.6025504406162434
3762,1,0,1,0,0,2,0,0,1,1,0,1,2,0,0,0,0,1,0,0,-1.7258670126456208,-0.158204055194044,0.026100474315707722
3763,0,0,1,0,0,1,0,0,1,1,1,0,0,0,0,2,0,1,1,0,1.4133280639630335,0.26946355593515925,-0.5108260491001358
3764,0,0,1,0,1,1,0,0,2,0,1,0,0,0,0,1,1,0,1,2,0.6712794285294617,0.496051234582918,-0.9673704514982039
3765,0,1,0,0,0,1,0,1,2,1,1,0,1,0,0,0,0,1,0,1,0.8576047717138977,0.47428418395975885,-1.0213209367657725
3766,1,1,0,0,1,2,0,1,1,0,1,0,2,1,0,1,0,0,0,0,-0.9955634161921451,-1.8457363953193031,-0.16772461802678162
3767,1,1,0,0,0,1,0,0,0,2,0,0,1,0,0,1,2,0,1,0,-0.38235984341780155,-0.17366256904621225,0.3085350490361974
3768,0,0,1,1,0,0,1,0,1,0,0,0,1,0,0,2,1,0,2,0,0.10202474800261457,-1.1764937606009755,1.865554673502567
3769,0,0,2,0,0,1,0,0,0,0,0,0,0,0,0,0,0,0,1,1,0.1718369492612765,0.05427160225282088,0.17005877237727318
3770,1,1,1,1,1,1,0,0,1,0,2,0,0,0,0,0,0,0,1,0,0.5974949980592998,-2.0038212369389687,-0.6971481283626608
3771,1,0,0,0,1,1,1,0,1,0,0,1,1,0,0,1,1,0,0,1,0.6374848680196783,0.8294919067147438,-1.1630410190833234
3772,0,0,0,0,0,1,0,0,1,1,0,0,1,0,0,0,0,1,1,0,-1.8321391785791785,0.5483704093640165,0.5854977522568581
3773,0,1,1,0,0,1,1,0,1,1,0,0,0,1,1,0,2,1,0,0,0.028714520108398745,0.1356033251836537,-1.0905473826028618
3774,0,0,1,0,0,0,0,0,1,0,1,0,0,1,0,2,1,1,1,0,-0.9895932094104349,-0.1385637861419375,-0.1130179004904584
3775,0,1,1,0,0,2,0,0,0,0,0,0,0,1,0,1,0,0,0,0,0.5418582832729483,-0.009744413959791753,-0.4964939902560556
3776,0,0,0,1,0,2,0,0,1,0,0,1,0,0,0,0,2,1,2,0,-1.4512121273684082,-1.132337344691103,1.2695568104356447
3777,1,0,0,0,0,1,0,0,0,1,1,1,1,1,0,1,0,0,2,0,0.49444870244726347,0.11840513241265485,-0.1789477323987419
3778,1,1,0,0,0,0,0,0,1,0,0,1,0,0,1,0,0,1,1,0,0.36474216204444515,-0.011625524038374219,1.8003843875641852
3779,0,0,0,0,1,1,1,1,0,1,0,1,1,1,1,1,0,0,1,0,-0.20093495679612794,-0.16902798135496555,-0.19380997334396438
3780,0,1,1,0,0,1,0,0,1,0,1,1,2,0,0,1,2,0,0,0,0.3624483270182052,0.36115536304009277,-0.6309257813380061
3781,0,0,0,0,0,1,0,0,1,1,0,0,0,0,0,0,1,1,1,1,-1.1506608249980297,-1.097346105491367,-0.1797289728673738
3782,0,1,0,0,0,0,0,1,1,0,0,0,2,0,0,1,1,0,1,1,-0.048055782379113544,-0.14486997254448208,0.6169543456600055
3783,0,1,2,0,0,1,0,0,2,0,0,0,1,0,0,0,2,0,0,0,-0.29569639140531256,-0.6315773314349991,-0.7419153394017498
3784,0,0,0,0,0,0,0,1,1,0,1,1,1,0,0,1,1,0,1,1,2.496739024451136,0.30965407895717534,-1.0698298278542975
3785,1,1,1,0,0,0,0,0,1,0,2,1,1,1,1,1,0,1,0,1,0.5736271177419893,0.535144118985029,-1.1367359303735691
3786,0,2,0,1,1,0,0,0,0,1,0,1,0,0,0,0,1,0,1,0,-0.7719443567053967,-0.4988587013040073,0.907856300964357
3787,0,0,0,0,0,0,1,0,2,1,0,0,1,0,0,1,1,0,0,1,0.5429243397880746,0.8005710251340905,1.4039884009537296
3788,0,0,0,0,0,0,0,0,1,1,0,1,2,0,0,1,2,1,1,1,-0.1391200873650006,-0.7889726574583934,1.3844622331350718
3789,0,0,1,1,1,1,1,0,1,2,0,1,1,0,0,1,0,2,1,0,-0.6244295970663502,-0.02606224634484547,-0.49053551417310104
3790,0,1,1,0,0,0,1,1,1,1,1,0,1,0,0,1,0,0,0,0,1.3050050716157509,-0.34028659394734184,1.0081824878010832
3791,0,1,1,0,1,1,0,0,2,1,1,0,0,1,0,1,2,1,1,1,-0.1428248986904361,0.18393985265024176,0.03438752076722584
3792,0,0,2,0,0,1,1,0,0,0,0,2,0,1,0,1,1,0,0,0,-0.2441619367958618,-0.2710213571682653,-0.25318835046629284
3793,0,0,0,0,0,0,0,0,1,1,1,0,2,1,1,1,1,1,0,0,-1.6113748375427726,-0.7434204791256245,-1.203176080749415
3794,0,0,0,0,0,1,0,0,2,0,1,1,1,0,0,1,1,0,0,1,-0.7650636800029309,0.2799386548333329,0.8960487732777231
3795,0,0,1,0,0,0,0,0,1,0,0,0,1,0,0,0,2,0,0,0,-0.35601033457446724,0.2890793701486129,0.07850404751359005
3796,0,1,0,0,0,2,0,1,0,2,0,0,1,1,0,1,1,1,0,1,0.4713000811199993,0.28955514235921775,-0.330607595474188
3797,1,0,1,1,0,2,0,0,0,1,1,0,0,1,0,2,0,0,0,1,0.05574530470196354,1.748830137222182,1.3348067669867487
3798,0,1,2,0,0,0,0,1,1,0,0,1,1,1,0,0,1,0,1,0,-0.19903420688878598,0.5638393339128593,-1.0583828074725408
3799,0,0,1,0,1,1,0,0,2,1,0,1,1,0,0,0,1,0,1,1,0.6937504624145394,0.7632656088825484,1.011567179702118
3800,0,1,0,0,0,1,1,0,1,0,0,1,2,0,1,1,2,1,0,0,-0.013504254428101785,0.9368656645252466,1.4234197919295277
3801,0,0,0,0,0,1,0,0,0,0,0,1,2,0,1,0,1,0,0,1,-0.6746746784640235,-1.3727104616273589,1.4172464343343467
3802,0,0,2,0,0,0,0,0,1,0,1,1,2,1,0,1,0,0,0,1,0.1729737001757667,-0.049671568208114025,-0.5595746563776041
3803,1,2,0,0,1,0,0,0,1,0,0,1,0,0,0,1,0,1,2,0,-0.5714017907784026,-0.35735513564976035,-0.7868111290431794
3804,0,0,1,1,0,1,1,1,0,2,0,0,1,0,1,2,1,1,0,1,-0.032812364778212665,0.36484196988015666,1.1999331018403485
3805,1,1,1,0,1,1,0,0,1,0,0,1,1,1,1,0,1,0,1,0,2.6221752518746757,-0.35636165782233997,0.33475247597476965
3806,0,0,2,0,0,0,0,0,2,1,1,1,1,0,0,0,1,0,0,2,-0.8569154749580522,0.3778071378452118,0.0013532022236764224
3807,1,1,0,0,1,1,0,0,0,1,0,0,2,0,0,0,1,0,1,1,0.050772357560417376,1.1591018107295017,1.334419213073042
3808,0,1,0,0,0,1,0,0,1,1,1,1,1,0,1,0,0,1,1,0,-0.9476395732511591,-0.3972116128363236,-1.6945345864986094
3809,0,1,0,0,0,1,0,0,0,1,0,1,1,0,0,0,2,1,0,0,0.3178596818777575,-0.03639713641330694,2.049423303728971
3810,0,0,1,0,0,2,1,0,2,0,0,0,0,0,0,0,1,1,1,0,1.4036878944719693,0.28716563576063897,-0.5255200519826447
3811,0,0,1,0,2,2,1,1,1,2,0,1,1,1,0,0,0,1,0,0,-0.6407851862603025,1.5229946739456415,-0.059915888841768405
3812,0,1,0,0,0,1,0,0,1,0,0,0,1,0,0,1,0,2,2,1,0.17349146698883933,0.025787309986898016,-0.0391660583804653
3813,0,1,0,0,0,2,0,1,0,1,1,2,1,1,0,0,1,0,2,1,0.53254059253133,-0.04465882810389886,-1.9819538509767212
3814,0,1,0,0,0,2,0,0,0,1,2,0,0,1,1,0,1,1,0,0,-2.3096774410070138,-1.374002370327496,0.1304729439329574
3815,0,1,0,0,0,1,0,0,0,1,0,1,0,2,0,0,1,0,1,1,1.851971962063322,-0.5355643329684603,-0.4668661689841996
3816,0,0,0,0,0,1,0,0,1,0,0,2,0,1,1,2,1,0,2,1,0.4696890192847857,1.6716964752325139,0.8378307058160301
3817,0,0,1,0,0,1,0,0,0,2,0,1,1,0,0,1,2,0,0,0,-1.0810125128866017,-1.1181011693005614,0.4184995086910732
3818,0,1,0,0,0,2,0,0,0,2,0,0,2,0,0,2,0,1,2,0,-0.006166200116019193,0.7207420624491376,0.20915514938698315
3819,0,0,1,0,1,1,0,0,1,0,0,0,0,0,0,1,1,2,0,0,0.5890531119253456,-1.1719947668866006,0.24607958257074758
3820,0,1,1,0,0,0,0,0,0,0,0,0,0,0,1,1,1,0,1,2,0.3101448958547115,1.0948304381399363,2.5731362167397185
3821,0,0,0,0,0,0,0,0,0,1,1,2,1,0,0,1,1,1,0,2,-0.5529343645842645,-1.1716280418794045,-1.5218502958366213
3822,0,1,0,0,1,2,0,0,2,0,1,1,1,0,0,0,1,0,0,1,-1.6088275485526322,-0.31650550464856897,1.4430228552547788
3823,0,1,1,0,0,1,0,0,0,1,0,1,1,0,0,1,0,1,1,0,-0.16908519662619775,1.562998446391288,0.37752686125053525
3824,0,1,0,0,0,1,0,0,0,1,1,0,1,0,0,0,1,1,2,1,-1.0694603606903978,0.06220309195975193,1.6448716053149537
3825,1,0,0,0,0,2,0,0,0,0,1,0,1,1,0,1,1,1,2,2,1.1726221344264722,1.9270232994918082,-0.3055815034705487
3826,1,0,0,0,1,2,0,1,2,0,1,1,0,0,0,0,0,1,0,0,-0.5334347631677834,-1.777123731053661,0.738300029515666
3827,0,1,0,0,1,0,0,0,1,1,0,1,0,1,0,1,1,1,0,0,1.218858720909303,-0.12313934276651572,1.2039122582134376
3828,0,1,0,0,0,2,0,1,2,0,1,1,1,1,0,1,0,1,0,1,-0.5994362308111282,0.8099455601823436,-1.0817795119046631
3829,0,0,1,1,1,1,1,0,0,0,1,0,0,0,0,0,1,1,0,2,-0.3222271227781621,0.628816681167795,0.0115189173874529
3830,1,0,2,0,0,2,0,0,2,0,0,0,2,1,1,2,0,1,0,1,-0.14988620171710648,-0.854669666078869,-1.0229491194926685
3831,0,0,1,0,0,1,0,1,0,1,0,0,0,1,0,0,1,1,2,1,0.10669396428722176,1.1434522023206062,1.1663516225416644
3832,1,0,1,0,0,1,0,0,2,0,0,0,0,1,0,0,1,0,0,0,-0.49141437695651186,-1.6645128131889746,0.16376276704826906
3833,0,0,1,0,0,0,0,0,2,0,1,0,1,0,0,1,1,0,1,1,-0.5628911681703054,-1.2065329894567833,0.974461235252768
3834,0,0,1,0,0,1,0,1,2,1,0,0,0,0,1,0,2,1,1,1,0.8607040001152837,-0.14655224982815396,0.32379590845103823
3835,0,2,1,0,0,1,0,0,1,1,0,1,1,0,0,1,1,1,1,0,-0.8406777529737128,-1.1360699465365582,0.12163670536762597
3836,0,0,0,0,1,1,1,1,1,1,0,0,1,1,0,2,0,0,1,0,-0.5012238731752723,0.9237923600144625,-0.22097131608126255
3837,0,0,0,0,0,2,0,0,1,0,1,2,0,0,0,0,0,0,0,1,-1.2456115246564525,-1.3778337502078406,-1.1404633420400259
3838,0,2,0,0,1,1,0,0,0,0,0,0,1,1,0,1,2,0,1,0,-0.4741717349294794,-1.0449543673904806,-0.30639910850949975
3839,0,0,1,0,0,1,0,0,1,0,0,0,0,0,0,1,0,2,0,1,-1.1106292821107433,0.7833989528807331,-0.10462871433683879
3840,0,2,1,1,0,0,0,0,0,0,0,1,0,0,1,0,0,1,1,1,0.1348377281911735,0.32774420894463535,-0.09093817028055956
3841,0,1,0,1,0,1,1,1,1,0,0,1,2,0,1,0,0,0,0,1,0.07659595331114813,-0.04437621389150642,0.816753486375037
3842,0,0,1,0,0,0,0,0,0,0,0,1,1,0,0,0,0,0,0,0,0.8860954304874652,0.6446658885207089,-1.8140706788827665
3843,0,0,1,0,1,0,0,0,1,0,0,1,0,1,0,0,1,1,0,0,-0.11781956590295287,0.788579108587513,-1.120968035099265
3844,0,0,0,0,0,1,0,1,1,0,0,0,1,0,0,1,2,2,1,0,0.6621985084837783,0.7648414449694516,-0.28144848919243426
3845,0,2,1,0,0,1,0,0,1,1,0,2,0,0,1,1,0,0,0,0,-0.03996938343168921,-1.140354524054699,-1.5317667326391662
3846,1,2,1,0,0,2,0,0,2,1,0,2,0,1,0,0,0,1,0,0,-0.08714953332710897,0.38465621719061216,0.5875579259640693
3847,0,1,2,0,0,1,1,0,1,0,1,2,1,1,0,1,1,2,1,0,0.0748918948701443,-1.086367911936514,1.6320252243662376
3848,0,2,1,0,0,2,1,0,1,0,0,1,0,0,0,0,0,2,1,0,-0.3495094842397448,0.08896831475947276,0.04601528208402693
3849,0,0,0,0,1,1,0,0,1,0,0,0,0,0,0,0,2,1,0,1,0.6353731663652622,-1.1142253899815966,-0.08014356782857962
3850,0,0,2,0,0,0,0,0,1,0,1,0,0,0,0,1,0,1,1,2,-0.5279266632670843,0.9980247430018048,1.2593155665421616
3851,0,0,1,0,0,0,0,1,1,2,0,0,0,0,0,0,0,1,1,0,0.4837816660167965,0.017182070408019334,0.7291500343040707
3852,0,1,1,0,0,0,0,1,1,0,0,1,1,1,0,1,1,0,1,1,0.42814562439207526,-0.3218816245263598,0.06607615619737586
3853,0,0,0,1,0,1,1,0,0,1,0,0,0,0,0,0,1,1,0,1,-0.24327019273712,1.751728602970345,-0.09327375134665628
3854,0,0,0,0,1,2,0,0,0,2,0,1,1,0,0,1,1,0,1,1,0.9732576233506507,-1.1178344450531843,-0.9243768424113115
3855,0,0,1,0,0,0,1,1,2,1,0,1,1,0,1,1,0,0,1,0,-0.37207171184910914,0.9046106139087949,0.35186343640496975
3856,1,1,1,0,0,2,0,1,2,0,1,1,1,1,1,1,0,0,1,0,-1.6181914627354108,-1.921527160472114,1.0122680246155227
3857,1,0,0,0,0,1,0,0,1,0,0,0,1,0,0,0,0,0,1,0,-1.1410821557383397,0.5159374512600878,0.14909525678344226
3858,1,1,1,0,0,1,1,0,0,2,0,0,1,1,0,2,1,1,2,1,1.3638651487398084,1.2454129591111731,1.8617960616854679
3859,0,2,1,0,1,1,0,0,1,1,1,1,1,1,0,0,1,0,0,1,-0.5852563033428155,-1.2691216748579057,-2.0136554800447306
3860,0,1,1,0,0,0,0,0,1,1,0,2,1,1,0,0,0,0,1,0,-0.26527465408830797,0.16642632030168397,0.7583415221057769
3861,0,0,1,0,0,0,1,0,0,0,1,1,1,0,1,1,1,0,1,0,-0.9938246243354543,-2.93806086166864,2.89865148661658
3862,0,1,1,0,0,1,0,0,0,0,0,1,1,0,0,0,0,0,1,1,-0.30037181708197663,1.163695500051425,-1.0355567367087388
3863,0,1,0,0,1,1,0,0,0,1,0,1,1,0,0,1,0,1,1,1,0.9583320855846065,1.7173153396998888,0.5314850693037194
3864,1,0,1,0,0,2,0,0,2,0,0,0,0,1,0,0,1,1,1,1,-1.5405878046953705,1.3919123591304263,-0.010880764931920348
3865,0,2,1,1,0,1,0,0,2,2,0,0,1,1,0,2,0,0,0,1,2.365793223631187,2.341319670852351,1.5875371536312646
3866,0,1,2,0,0,0,1,0,1,0,0,2,0,0,0,1,0,0,0,1,-0.6660323561632573,-0.30566484136224675,0.5390950512378503
3867,0,0,2,0,0,1,0,0,1,0,1,0,1,0,1,1,1,1,0,0,-0.5407994729551664,-0.2968183398888141,0.8531807006084247
3868,1,0,0,0,0,2,0,0,1,1,1,1,1,0,0,0,1,0,0,0,-0.37715999683975726,0.5481247047782417,1.9981107579815354
3869,0,0,0,0,0,1,0,1,0,1,1,0,1,1,0,1,1,0,0,2,3.0060623781699483,0.9681037313628795,0.8352693439918182
3870,1,0,1,2,1,2,0,1,1,1,2,1,0,0,0,2,1,1,0,0,-1.3668705831849923,-1.2409216250471244,0.7799841278103852
3871,1,1,2,0,1,1,0,0,0,0,1,1,0,0,0,1,1,1,1,0,0.08901026124681465,-1.4409532972674737,1.0643342686513106
3872,0,0,1,1,0,1,0,0,1,0,1,2,0,1,0,0,0,0,1,0,-0.8435194852420483,-1.7738413724876012,-1.1407300431597336
3873,0,0,1,0,1,0,0,0,1,1,1,2,1,1,0,1,1,0,1,0,-0.8399850780940739,-1.114630327486165,0.6119292689108737
3874,0,0,1,0,0,1,1,1,1,0,0,2,0,0,1,0,2,0,1,0,0.13294012689090143,0.01157558373346354,1.2982734337196116
3875,0,1,1,0,0,1,0,0,1,1,0,0,1,1,0,0,1,0,2,0,0.4745436256765024,-0.8660440719430182,0.9545301583221852
3876,0,0,1,0,0,0,0,1,1,1,0,1,2,0,0,1,1,1,1,1,1.4379631692516386,1.7708042320440844,-0.47514647833677515
3877,0,1,1,0,0,0,0,0,0,0,1,1,1,0,2,1,1,0,2,0,-0.09226838879185742,-0.5370501435471631,0.8268742783260582
3878,0,1,0,0,0,2,0,0,0,1,0,0,1,0,0,2,0,0,0,0,1.8502501735808505,1.302835683148004,2.0828674578566284
3879,0,2,1,0,0,2,0,1,1,0,1,0,1,1,0,1,0,0,0,0,-1.7268654144194835,-1.6265618492680511,-0.13723078679488254
3880,1,0,2,0,1,2,0,0,1,0,1,2,1,1,0,0,1,1,0,1,1.1009946293530393,1.0274920363495768,0.9454486017204579
3881,0,1,0,0,1,1,0,0,2,1,0,1,0,1,0,1,1,0,0,0,-0.9732808740337104,-1.9796428674380575,1.089207348528203
3882,0,0,0,0,1,1,0,1,1,2,0,0,0,0,1,0,1,0,0,1,1.382468356158893,-0.4697129711203729,-0.3539341779010532
3883,0,1,1,0,0,1,1,1,2,1,0,2,0,0,0,0,2,0,1,0,-0.9965668508150405,-0.8970196639156282,-0.8479890161089978
3884,1,0,2,0,0,0,0,0,0,0,1,2,1,1,0,0,1,1,2,1,0.06898302427579286,-1.100448359976451,0.265112266395211
3885,0,1,0,0,0,1,1,0,1,0,2,0,1,1,0,2,2,0,0,0,1.5314435280886474,-1.4641074808077577,0.7346182869696355
3886,1,1,1,1,0,0,1,0,1,1,0,1,0,1,0,1,2,2,1,0,-0.7596835683187352,-0.4335158676153202,0.6921577559225843
3887,0,0,0,0,1,0,0,0,0,1,1,0,1,0,1,0,0,1,2,1,1.629233790246,1.5105831122526139,1.9659286160669067
3888,0,0,2,0,0,0,0,0,1,1,2,1,1,0,0,1,0,0,1,2,-0.7442178911513189,-0.5098082978532587,0.36994882692815617
3889,0,1,1,1,0,1,0,0,2,2,0,0,0,1,0,0,0,1,0,1,-1.0170727547172556,0.4997699937686898,0.3034101800905368
3890,0,0,0,0,0,1,0,1,1,1,0,1,1,0,1,2,1,0,0,1,-1.2138605894108225,-0.6187057102114133,1.0316614156835775
3891,0,1,0,0,1,1,0,0,0,1,0,0,0,0,1,1,0,0,2,0,0.254570085311314,-0.009237853047526001,-0.015277940367430645
3892,0,0,1,0,0,1,0,0,1,0,1,2,0,1,1,2,1,0,1,0,0.3013641014071045,0.5298936984223965,1.0577653699474698
3893,0,1,2,0,1,0,0,0,0,1,0,1,1,1,0,2,0,1,1,0,0.15737017631086705,-1.1154669867978555,0.4421083394256479
3894,0,1,1,0,0,1,1,0,0,0,1,1,1,1,0,2,0,1,1,0,0.8686615911613719,0.47676946843498835,-0.003139750149685483
3895,0,0,0,0,0,1,0,0,0,1,1,0,1,0,0,1,1,1,2,0,0.7753031546959016,0.6335446177016429,1.0519487400823215
3896,0,1,0,0,0,1,0,0,2,1,0,1,1,1,0,0,1,0,0,0,-0.044008655525954045,-0.501037754211123,-1.3047153860808804
3897,0,2,1,0,0,0,0,1,2,0,0,1,1,0,0,1,0,1,1,1,1.3351329647068073,2.008540224800059,1.2549201099623732
3898,0,0,0,0,0,1,0,1,1,1,2,0,1,0,0,2,0,0,0,1,1.9084894551575797,1.22989733220097,2.3112641156153195
3899,1,0,1,0,0,0,0,0,2,0,0,1,1,0,1,1,0,0,0,1,0.25113706611662756,0.9778651070981901,-0.3202466990988752
3900,0,0,1,0,0,0,0,0,2,2,2,0,1,0,0,0,2,0,0,0,0.5902718285692918,-0.4853028370600242,-0.9371814932380577
3901,0,0,1,1,0,0,0,0,1,1,1,0,1,0,0,1,1,0,1,0,-0.7502544786567162,-0.9793443538287304,0.2873060700708561
3902,0,0,1,0,1,2,0,1,1,2,0,0,0,1,1,2,0,0,1,2,0.1524092904924009,0.5475162154922721,-0.558570256688209
3903,0,2,1,0,0,2,0,0,1,0,0,0,1,0,0,2,1,1,1,0,0.44268837590609267,1.3356660252216912,-0.3204783403764382
3904,0,0,1,0,0,1,1,0,1,0,1,1,2,2,1,1,0,0,2,1,-0.7094760744858793,-1.1981810747440078,0.4697022154866732
3905,0,0,2,0,1,1,0,0,0,0,1,1,1,0,0,2,0,1,0,0,1.8753713573753559,2.147273001914056,2.339431805625288
3906,0,0,0,0,0,1,1,0,0,0,1,2,1,0,0,0,1,2,1,1,1.3821544721648051,-0.39764822396611144,2.711688118940521
3907,0,0,1,1,0,1,0,0,1,0,1,1,1,0,1,0,0,0,2,1,-0.017043932068607673,-0.036736527912401326,-1.5838459660209323
3908,0,1,0,0,1,1,0,0,0,2,0,1,1,1,0,1,0,0,0,0,-0.2108009573758314,0.4594730679907512,-0.26794810688522314
3909,1,1,1,1,0,1,0,0,1,0,0,1,2,1,0,0,1,0,1,1,-0.4854447445147483,-1.3948191883861099,-0.2530634590851937
3910,0,1,0,0,0,0,1,0,1,1,0,0,1,1,0,1,1,1,0,1,-0.9726218490559418,-0.3605017182710993,-0.4052359079323963
3911,0,2,1,0,0,2,0,0,2,1,0,0,1,1,0,2,1,0,1,0,0.46869412114235515,-0.42849436254328854,0.235356731583109
3912,0,0,0,0,0,1,0,2,1,0,1,0,0,1,0,2,0,0,0,0,-1.3677662509892792,0.47210120758645485,-1.1430964423030765
3913,0,1,0,0,0,0,1,0,0,2,1,0,2,0,2,1,1,0,1,1,-1.5264665699525646,-1.1533454475853964,-1.498318465197352
3914,0,0,2,1,0,0,0,1,0,1,1,1,1,0,0,1,1,0,1,1,1.1540356862242953,-0.7627868672300265,-1.2301843332843594
3915,0,1,0,1,0,2,0,1,1,2,0,0,1,0,0,1,1,0,1,0,-1.3066361741840489,-0.20767796252052007,-0.6746868806306858
3916,0,0,1,0,1,0,0,0,0,0,0,0,2,0,1,1,1,0,2,2,-0.9260691668259036,1.0722924370045985,2.007967553536798
3917,0,0,1,0,0,0,0,0,1,0,0,1,1,0,1,1,0,0,1,2,-0.5682092695999662,-0.06648130119196388,-2.637716279975906
3918,0,1,0,0,0,1,0,0,1,1,0,1,2,1,0,1,0,0,0,0,-0.45692212618719896,0.15633572195423578,2.065490339979762
3919,0,2,1,0,0,2,0,0,1,1,0,1,2,0,1,0,1,0,0,1,-0.7122544143267535,-0.9766861659723762,-0.8208703443722586
3920,0,0,1,0,0,0,1,1,1,0,0,1,0,0,2,1,2,0,2,0,0.08729291325660458,-0.3302724975675473,-0.7181304860820555
3921,0,1,1,0,0,1,0,0,1,0,1,0,1,1,0,1,0,1,1,1,0.28445671859615596,-1.7716838682566671,0.7992922045209196
3922,0,1,0,0,0,0,0,0,0,0,0,0,1,1,0,1,1,1,0,0,-0.6556972409326319,-0.0345399474302141,0.8658373184635098
3923,0,1,1,0,0,0,0,0,1,0,0,1,1,0,0,0,0,0,0,1,-1.6670118312090656,-0.44382063902267954,0.06745092979953513
3924,1,0,0,0,0,1,1,0,1,1,0,0,2,0,1,1,0,0,2,1,-1.4679608109320348,0.20045534577304241,0.5239086807722797
3925,0,0,0,0,1,1,0,0,1,2,1,0,1,1,0,0,0,0,1,1,-0.4432850763289384,-0.2197186241301755,0.666068098904532
3926,0,1,0,0,1,1,2,0,0,0,0,1,0,1,0,0,0,1,0,0,-0.5394912708541016,-1.526972460932778,-1.3977619662264376
3927,0,0,0,0,1,0,0,0,1,1,0,0,1,1,0,0,0,0,0,0,1.113057604035685,0.8839307908947326,0.4875249238905033
3928,0,2,2,0,0,1,1,0,0,1,1,0,1,0,0,1,0,1,1,0,0.4464175642976406,-0.044215263296299934,-0.6848403320136084
3929,0,0,1,0,1,1,1,0,1,1,0,0,1,0,0,1,1,1,0,1,1.6946864003186979,0.8553159142949385,-1.1502936085147377
3930,0,0,2,0,0,2,0,0,1,1,0,1,0,2,0,0,0,0,1,0,0.5819597493336485,0.9423466812154391,1.1299841102829322
3931,0,1,1,1,1,0,0,0,1,1,0,1,2,0,0,0,0,0,0,2,0.11590422327882294,-0.00442189216636709,0.052087617968596935
3932,0,1,1,0,0,0,0,0,1,2,1,0,0,0,0,1,1,0,0,0,1.0296057811658597,0.9311038721597251,1.2537693870032964
3933,1,2,1,0,1,2,0,0,0,1,2,1,1,1,0,1,0,0,1,2,1.6026718308426027,0.584089045064351,-0.2638926211131237
3934,0,0,1,0,0,0,0,0,0,2,0,1,1,0,0,1,0,0,1,0,0.40189382514842353,0.6204044779546811,-0.4417262150527662
3935,1,1,1,0,0,1,0,0,2,0,0,0,1,0,0,1,1,1,1,0,-0.846929773684827,-0.9800183781372777,0.7461225521602494
3936,0,0,2,0,0,0,0,1,2,1,1,0,1,1,1,0,1,0,0,1,-0.15499354773723853,-0.9456294031683886,0.624602707919758
3937,0,1,0,0,1,0,0,1,1,1,0,1,0,0,0,2,1,2,0,0,0.9294224782154765,0.3198732665763857,-0.19223526867607427
3938,0,2,0,0,1,2,0,0,2,1,0,1,2,0,0,1,1,0,0,1,1.8091127019851159,-0.8107900541335133,0.4977690255524728
3939,0,1,1,0,0,1,0,0,2,1,0,1,0,1,0,1,2,1,1,0,-0.9963359939603921,-1.1080352466920016,-1.4375562196075706
3940,0,0,1,0,1,0,0,0,1,1,0,0,1,0,0,1,0,0,1,1,0.23555490844934243,-0.24468048909344586,1.2088757596022572
3941,0,0,0,0,1,1,0,0,1,1,0,1,0,0,0,0,1,0,1,0,0.5125712785804561,-0.3047730468319196,2.806509113244521
3942,0,1,1,0,0,1,0,1,0,0,0,0,0,0,0,1,2,1,0,1,-0.26526131013309434,0.3530158919211352,-0.4993794096276353
3943,0,0,2,0,0,2,0,0,1,0,0,2,1,0,0,0,1,0,1,1,-0.1930545313616113,0.3164680792989034,0.04575801367279266
3944,0,0,1,0,0,1,0,0,0,1,1,0,2,0,1,1,0,2,1,2,0.5047280562045522,1.3924129648501367,0.43993454610470495
3945,0,0,0,0,0,1,1,0,1,1,0,1,2,0,0,1,1,2,2,1,-0.8465037250709163,0.035453587685811944,-0.20588048530256542
3946,0,2,1,0,0,2,0,0,2,0,1,0,0,1,0,1,2,0,0,0,0.6315098622696559,-0.9428990340991645,0.8905991819643144
3947,1,1,0,0,0,0,1,0,1,2,0,1,1,0,0,0,2,1,1,0,-0.9858589069919276,-0.12812982073869716,-1.2680155431431162
3948,1,0,1,0,0,0,0,0,1,0,0,0,0,1,0,1,0,1,1,1,-0.4216139386455282,-0.1803124208182633,-0.5708387628525402
3949,1,1,2,0,0,2,0,0,0,0,1,1,1,0,0,0,0,0,1,0,1.232018102255471,0.14525895874628678,-1.4218110411507752
3950,0,0,2,0,0,1,0,0,1,0,0,0,1,0,0,1,1,0,0,1,0.4642994351731958,2.259549325595129,0.21910932377516812
3951,0,1,1,0,0,0,0,0,1,1,1,0,1,0,0,2,1,1,1,0,0.6916254492203218,-0.8815355972819321,0.9936386598160045
3952,0,1,1,0,0,2,0,0,2,1,1,0,0,1,0,0,0,0,0,0,0.8644483930641726,-2.0200948963370893,1.9177351531593234
3953,0,0,0,1,0,2,0,0,0,0,1,0,0,1,0,1,1,0,1,0,-0.6396645230219432,0.5976511258900745,0.3054661389646928
3954,0,1,2,0,0,1,0,0,1,0,1,1,0,0,0,2,0,2,2,0,-0.831825983267023,0.15019887949113772,-0.6142003989519638
3955,1,0,2,0,2,1,0,1,1,1,0,0,1,0,0,0,1,0,0,1,-2.4443570357581637,-2.541365897928336,1.8678911221758652
3956,0,0,0,0,0,2,0,0,2,0,0,0,1,1,1,0,2,1,0,0,0.9323456630790513,0.756583291337561,-0.5458074601357438
3957,0,1,1,0,1,2,0,0,0,1,1,1,1,0,1,2,0,1,0,0,-0.5164531082777366,-0.7130314816540348,-0.9580193634170153
3958,1,0,2,0,1,1,0,0,0,2,1,0,0,0,0,1,1,0,0,1,-0.6659691024087585,1.0204668322522459,1.7783732992229184
3959,0,1,1,0,0,1,0,1,2,1,0,0,0,0,1,2,0,1,0,1,0.601434379024138,0.8033581663885688,-0.5007469026817342
3960,0,1,0,1,0,1,0,0,1,1,1,1,1,1,0,2,1,0,1,1,0.11393035847164777,0.5694872797539886,0.945237984928552
3961,1,1,1,0,0,0,1,0,0,1,2,0,1,1,0,0,2,0,1,1,0.16361215975123686,-0.38993336596867867,1.2683837248154577
3962,0,0,2,1,0,2,0,0,0,1,0,0,1,0,1,0,0,0,0,0,0.5108049687055367,1.884949050177899,-0.8743633763611325
3963,0,0,1,0,1,2,0,0,1,1,0,0,0,0,1,0,0,0,0,0,0.8840123011002164,-0.8989855098200578,1.0275364222013041
3964,0,0,1,0,1,2,0,1,1,0,0,0,1,1,0,1,1,0,1,0,0.04846419770321364,0.05576185159461379,-0.5536655387194913
3965,0,1,0,0,0,1,0,0,0,0,0,1,0,0,1,1,1,0,0,0,0.054757227569735924,-1.4805563443060727,1.8121899592217454
3966,1,1,0,0,0,1,1,1,1,0,0,0,1,0,0,1,1,2,0,1,0.709613090884088,0.4248731916433234,0.3355953104115279
3967,0,0,1,0,0,0,0,0,1,2,1,1,2,0,1,1,0,1,0,1,-0.5103842660178993,1.7049680479616816,-1.1200217547635078
3968,0,1,0,0,0,2,0,0,0,1,1,1,1,0,0,0,1,0,0,0,-0.6920352063491692,-1.0863615636108865,0.12359751624429353
3969,1,0,1,0,1,1,0,0,2,1,0,1,1,0,0,0,1,1,1,0,-1.9052027455805165,-0.8150936412886104,-0.8512943404691089
3970,1,0,0,0,0,2,0,1,0,0,0,0,1,0,1,1,1,1,0,0,0.14027195009252247,0.5323066725149865,-0.10304503932477868
3971,0,0,1,0,1,0,0,0,2,1,0,0,1,0,0,0,0,0,0,0,-0.7378018948557731,-0.9669767141556468,0.8815025189123832
3972,0,1,1,0,0,1,0,0,2,2,1,0,1,1,1,1,1,0,2,2,-1.5558915129763857,-0.720884344169179,2.378893798195484
3973,0,1,1,0,0,1,0,0,1,0,0,1,1,0,0,0,1,0,0,0,0.5247731599227122,-0.4111938004586144,-0.5882033112572332
3974,0,1,0,0,0,0,0,1,2,0,1,1,1,0,1,1,2,1,1,0,-0.24102917321384734,-1.7945979148476092,0.22587759438735042
3975,0,1,0,0,0,0,1,0,1,0,1,1,0,0,0,1,1,0,0,0,-0.06003907680153348,0.11243201548303616,0.3826175925884442
3976,0,0,0,0,1,1,0,0,2,1,0,0,1,1,1,0,0,0,0,1,-0.9118008403772992,-0.970220180814469,-0.7487582901923627
3977,0,1,2,0,0,2,0,0,1,2,0,1,0,1,0,2,1,1,1,0,0.06973143837339484,-0.31865272157383007,-0.9004087396577243
3978,0,1,1,1,0,0,0,0,1,0,0,2,0,0,0,1,2,0,2,0,-2.539026185216555,-0.029997604579536485,0.4361082996350203
3979,0,0,0,0,0,1,0,0,0,0,0,0,0,0,0,0,2,0,1,1,0.20613404695244958,0.4077525626774426,-1.4873949686123589
3980,0,1,0,0,0,1,0,0,2,1,0,0,1,0,0,2,0,1,1,0,-0.32492275899880346,0.00672546010942017,2.3790206245303014
3981,0,1,1,0,0,0,0,0,0,2,0,1,0,0,0,2,1,0,0,0,-0.6360460335092366,0.8622010744148227,1.0543736149786043
3982,0,1,0,0,2,1,0,1,0,0,0,2,1,1,1,1,1,0,0,1,-0.6168866190777496,-1.0449006110610548,0.5178284848843054
3983,0,0,0,0,0,1,0,0,1,1,0,0,1,1,0,0,0,1,0,1,1.5092137394043454,1.5652320080777162,-0.36446623228683506
3984,0,0,2,0,0,0,0,0,1,1,0,1,1,1,1,1,0,1,1,1,2.849597273958909,1.2810444245459331,0.4527660965074756
3985,0,0,1,0,0,0,1,0,2,0,1,0,0,0,0,0,0,1,0,1,0.48753745794403913,-0.754647550161683,-0.028940570751450317
3986,0,1,0,1,0,0,0,0,0,0,1,0,0,0,0,1,0,1,1,1,-0.9481259225852978,-0.9946859439942001,0.08694597992410642
3987,0,1,1,0,0,1,0,0,1,1,0,1,2,1,1,0,0,0,0,0,0.3281574469425225,-0.7817141324491199,-0.7362650218149477
3988,0,2,1,0,1,0,1,1,0,0,2,0,0,0,1,2,2,1,2,0,0.41938357832031636,-1.851297001480847,-0.5475732618354252
3989,0,0,2,1,1,1,0,0,0,0,0,0,0,0,1,1,0,1,2,0,0.10469404697472164,1.9081157413387717,-0.31127247042942063
3990,0,1,0,0,0,2,0,1,2,1,0,1,0,0,0,2,1,0,0,0,-1.0013543087912133,-0.19042272368580615,0.44140440222433663
3991,0,0,0,0,1,0,0,0,1,2,0,1,0,0,0,0,1,0,0,0,-1.304397894174947,-0.2903882795478722,-0.3751995814369445
3992,0,1,0,0,1,0,0,0,1,1,1,1,0,0,0,1,1,0,0,1,1.4580928197811893,3.2553089269783166,0.5679026265122182
3993,0,0,1,0,0,1,0,0,1,1,0,0,1,1,0,0,0,1,1,0,-0.07080527526936453,0.9896415757984987,1.9215479286737964
3994,0,1,0,0,0,2,0,0,2,0,1,0,1,1,0,1,1,2,1,2,0.9635361860111058,-0.18181889020128095,-0.825261730222619
3995,0,0,1,0,1,0,0,0,2,0,2,1,1,0,0,0,1,2,0,1,-0.4229599431428227,-0.9501744544150497,0.9570229235911807
3996,0,1,0,0,1,1,0,0,1,0,0,0,1,1,0,1,1,1,1,0,-0.5985152840442207,-0.4872096459725813,1.9310805234172432
3997,1,1,1,0,1,0,0,0,0,2,1,2,1,0,0,0,0,0,1,1,1.99833757706948,0.9633975646331632,0.358467392506917
3998,0,0,0,0,0,0,1,0,2,1,0,1,1,0,0,0,0,0,1,0,-0.7315370233056333,-0.6638545125749366,0.3589519773875594
3999,0,0,2,0,0,1,0,1,0,0,0,0,1,0,0,0,1,1,1,0,1.5910808386121464,-0.2505686335935675,-0.6623837307300924
4000,1,2,0,0,0,1,0,0,2,0,0,1,0,1,0,1,1,0,1,1,-0.009398376931083736,-0.8565423474739129,-0.008693126161653644
4001,0,0,1,0,0,0,1,0,2,1,0,0,2,1,1,1,1,0,0,0,0.796094932977211,-0.6984136205648355,-1.7517019805952818
4002,0,0,0,1,0,1,0,0,1,1,0,0,1,0,0,1,0,1,2,0,0.4592913125002054,-1.5845625272439812,1.1192721126604883
4003,0,0,1,0,0,1,1,0,2,0,0,0,0,0,1,0,1,1,1,1,-0.3729193012997164,-0.009845041269968852,-1.1459396919417795
4004,0,0,1,0,0,2,0,0,1,1,0,1,0,0,0,1,1,1,2,0,-0.5723187975214813,-1.8068835407301738,0.5425929228052395
4005,0,1,0,0,1,1,1,1,1,1,0,0,1,1,0,2,1,1,1,2,-0.15269087908189818,-0.34359760983825327,0.2143772364624948
4006,0,0,1,0,0,0,0,1,1,1,0,0,1,0,0,2,0,0,0,0,0.8401353113973332,1.7559151835078746,0.47855640678477607
4007,0,0,0,1,0,0,0,0,0,1,0,0,1,0,0,1,0,0,1,0,-1.8347291914167931,-0.8226916392429615,0.5899166844117417
4008,0,0,0,0,0,0,0,0,0,0,0,1,0,0,0,1,1,0,1,0,-0.2156415427375491,1.4602495073283654,0.21782720931303334
4009,0,2,1,0,0,1,0,1,0,1,0,0,1,0,0,0,1,0,1,0,-1.4165060246031913,-1.5153029590237557,0.2502216944782245
4010,0,1,0,0,1,1,0,0,0,1,0,1,1,0,2,1,1,0,1,1,0.5794172648120928,1.2029589737251576,0.6893195272969543
4011,0,0,1,0,0,1,0,1,1,2,0,1,0,1,0,1,1,0,1,0,0.2157397623378002,-0.0624383881810201,0.44884294469980746
4012,0,0,2,1,0,0,0,1,2,2,0,1,1,0,0,1,0,0,1,1,-0.6941441744487843,1.0680494352701322,0.037991654453464564
4013,0,1,1,0,0,1,0,1,1,0,1,0,0,0,0,0,1,1,1,1,0.5190900903013218,0.4199611943145716,2.504025205959636
4014,2,1,1,1,0,1,0,1,2,0,0,0,0,0,0,0,1,1,1,1,0.19524346751278507,-0.6222604260309389,-0.14028729818190716
4015,0,0,1,0,0,1,0,0,1,1,0,0,1,1,0,1,2,0,2,1,-0.8250826598470801,-1.2509060854844682,0.04690485437868494
4016,0,1,1,0,0,1,0,0,1,1,0,2,0,0,0,0,1,0,1,0,0.2569783047133653,0.4570147250006515,0.09049216436950133
4017,0,0,0,0,0,0,0,0,0,1,0,1,1,0,0,1,1,0,2,0,-0.8300312700429126,-0.9005393865169362,-0.35730286461658933
4018,0,0,0,0,0,1,1,0,1,1,0,2,0,0,0,0,1,0,0,1,-1.672265152737131,-1.5792368169125375,0.4159424972650224
4019,0,0,0,0,0,0,0,1,2,0,0,0,1,0,0,1,0,1,2,2,-0.6692552174817025,0.49164873995579184,-0.17338635040596437
4020,1,0,2,0,1,0,0,0,2,1,0,0,1,0,0,2,1,0,2,1,0.0838524867174655,-0.16064731858558168,0.46211876657558015
4021,0,0,1,0,0,2,1,0,1,1,0,0,0,0,0,1,0,0,1,0,-0.8555495172238742,-0.9237247378106668,-0.7700605008646855
4022,0,0,0,0,1,1,0,1,1,1,1,0,0,1,0,2,1,0,2,1,0.8534381026892183,1.254252049265954,-0.48550690757459597
4023,0,0,1,0,1,1,0,1,0,1,0,1,0,0,0,1,0,1,1,0,0.17818903950078605,0.26532656911607444,0.6953492455015825
4024,0,1,1,0,1,1,0,0,1,1,1,1,1,1,0,0,2,1,2,1,1.0431143499413031,-1.003416166704326,0.035303391671675954
4025,0,0,1,0,1,0,0,0,1,1,2,2,1,0,0,2,1,0,0,1,1.1790963832310566,-0.12109345901598087,1.7021762928107267
4026,1,0,0,0,0,0,0,0,1,1,2,1,1,1,0,1,1,1,0,1,-0.05081905589299167,0.3659340632508524,-0.2817243604961171
4027,0,0,1,0,0,0,0,0,1,1,1,2,0,1,0,0,0,0,1,1,-1.474027428088553,-0.56522495995127,0.1571702255368957
4028,0,0,1,0,0,1,0,0,0,0,1,2,0,0,0,0,0,0,2,1,0.30839140479720145,-2.371409362686419,0.5036849917287121
4029,0,1,1,0,0,0,0,1,1,0,0,1,1,0,1,0,0,0,1,1,-0.11761201802792705,-1.2301915104762156,0.1856836450688042
4030,0,1,0,0,0,0,0,0,2,0,1,0,0,0,0,1,1,2,2,1,0.2877426977529122,0.5286959157808331,-0.016532814893698164
4031,0,1,2,0,1,2,0,0,0,1,1,1,0,0,0,2,1,1,1,1,0.20018146409801874,0.1469145299308317,-0.34432749377614075
4032,0,1,2,0,0,0,0,0,0,2,0,0,1,0,1,0,0,1,2,0,1.6453178745465666,-0.5986374856781651,0.7549436903381758
4033,0,2,1,0,1,1,1,0,1,0,0,0,0,0,0,1,2,0,0,2,0.9442730727521056,1.0244769800515643,-0.3106807641210866
4034,1,1,0,0,0,1,0,1,1,0,1,0,1,1,0,2,1,1,1,0,-0.6613588870390062,-0.6331998448623215,-2.5697364751986136
4035,0,1,1,0,1,1,0,0,2,1,0,0,1,0,0,2,1,0,0,0,-1.1242477027935207,0.09433573179970894,-0.6190288347411975
4036,0,0,0,1,0,1,0,0,2,1,0,1,2,0,0,0,0,1,1,1,-0.8260042063447742,-0.6744793017434831,-0.40555566542162236
4037,0,0,2,0,0,2,1,1,1,0,0,1,0,1,0,1,1,1,1,1,0.24097986435641047,-1.1529578558353828,-0.9836548439741394
4038,1,0,1,0,0,1,0,0,0,0,1,1,0,0,1,0,2,2,0,2,-0.3969555949230822,-0.557861098936922,1.1884669612253342
4039,0,1,1,0,1,0,1,0,2,0,0,0,0,0,0,1,2,1,1,1,1.9323415564616027,0.23681185667095317,0.6769028260840861
4040,0,1,0,1,0,1,0,0,2,2,0,0,0,1,0,0,1,1,2,1,-0.915835945600558,0.5961993073252783,-0.6672532319651857
4041,0,1,2,0,0,1,1,0,1,0,0,0,0,0,0,2,1,0,0,1,0.4286296311099272,-0.27735999476061146,0.10567845757488845
4042,0,2,1,1,0,1,1,0,1,0,0,0,1,0,1,1,2,1,2,1,0.3423039772527064,0.5079308678363528,-0.2813347336106328
4043,0,0,0,0,1,1,0,1,2,1,0,0,1,0,0,2,1,1,1,0,0.09832128573323343,0.9251968801369119,1.593487350610334
4044,1,0,0,0,0,1,0,0,0,1,0,0,2,0,0,0,1,1,0,0,-0.2815414878639589,-0.9222430095475531,-0.4430357871344517
4045,1,1,1,1,0,1,0,0,0,0,0,1,1,2,1,2,1,1,1,1,1.1007266319976423,0.7329551508579883,-0.34016880283770506
4046,0,0,1,0,1,1,1,0,1,1,1,1,2,1,0,2,2,0,2,1,-0.9745517575756054,0.1542108681613471,0.0362533982673085
4047,0,1,1,0,0,1,0,1,1,0,0,1,0,0,0,1,0,1,0,0,-0.36440059966188326,-0.1347016160124535,0.49961593577290203
4048,0,0,0,0,0,1,0,0,1,1,0,1,0,0,0,0,0,0,1,1,-0.9736466267198365,-0.7129826423642528,-0.24905661679011443
4049,0,1,1,1,1,1,0,0,1,0,0,0,0,0,0,0,0,1,0,0,-1.7825393442119435,-0.43356231556115293,-0.7614156367756815
4050,0,1,0,0,0,0,0,0,2,2,0,0,1,1,0,1,1,0,1,0,2.072997608331293,0.09201058727759337,-2.4028895530976544
4051,0,1,0,0,0,0,0,0,1,1,0,1,1,1,0,2,0,0,0,1,0.6841100256781352,1.8389554104689139,-0.4916434319042151
4052,0,1,0,0,0,1,1,0,2,0,0,0,0,0,0,1,1,0,1,0,0.5829625260911246,1.2114689140439023,0.7807186101769763
4053,0,0,1,0,0,2,0,1,0,0,1,0,1,0,1,2,0,1,1,1,0.3485334473657562,0.8500891937157551,-0.0824765636554973
4054,1,0,0,0,0,0,1,0,0,0,0,1,2,0,1,0,0,1,2,1,0.5576259731038156,0.7351714744410853,0.24835675336469995
4055,0,0,1,0,0,1,1,0,1,1,0,0,1,0,0,1,0,0,0,2,1.0835699796999743,0.3491910657273752,-0.32054697639574437
4056,0,0,1,0,1,1,0,0,1,0,1,0,0,0,0,1,1,0,1,1,0.8669634899442167,0.9300198565966364,0.043528371217532585
4057,0,0,1,0,0,1,1,0,0,1,0,0,2,0,0,0,2,1,1,1,-1.381002256382341,-1.045906695170375,0.4995908614646047
4058,0,1,1,0,0,0,1,0,1,0,0,2,1,0,0,1,1,1,0,1,0.4938615880675747,-0.017656014648055093,-0.3680484252405557
4059,0,1,1,0,0,2,0,0,0,1,0,0,1,1,0,1,0,1,0,0,-0.3883027217552124,1.2478661537006812,0.3813047988136151
4060,0,1,2,0,0,1,0,1,2,2,0,1,0,0,1,0,1,1,0,0,0.03502110833586283,-1.2051791624657482,0.5515552321645623
4061,0,1,2,0,1,0,0,1,0,0,1,1,0,1,0,1,1,0,1,0,-0.6533281902770379,-0.12047279732275346,0.22560541633077952
4062,0,1,0,0,0,0,0,1,0,0,1,0,1,0,0,0,2,1,2,0,-0.5603266071391763,-1.0982348475727572,2.3828106196395207
4063,0,1,1,0,0,1,0,0,1,1,1,1,1,0,0,1,0,0,1,1,1.1025631362475223,0.9467222307949672,-0.5623767698986518
4064,0,0,1,0,0,1,0,1,0,0,0,1,1,0,0,1,2,0,2,1,-1.2213995349984226,-0.8002647519854715,0.15711365224733856
4065,0,0,1,0,0,1,0,0,0,0,1,1,1,1,0,1,1,1,2,2,-0.3032940181105789,-1.2470250141561015,0.9026390121160529
4066,0,0,0,0,1,2,0,0,2,1,0,0,0,0,1,0,2,0,2,0,-1.2577815327821065,-1.20926685203268,-1.0568347002413974
4067,0,0,1,0,1,2,0,0,1,0,0,1,0,0,0,0,1,1,1,0,0.056558213987865875,1.168286086855478,-0.34684581892591837
4068,0,1,1,0,0,2,0,0,1,0,0,1,1,0,0,0,0,0,0,0,0.4459478551573689,0.18319146827978972,0.6289993289517549
4069,0,1,1,1,0,0,0,2,0,1,1,1,1,0,1,2,0,0,1,1,0.6634434877191192,0.39187505227437225,0.5686169885438689
4070,0,0,1,0,0,0,0,0,2,2,0,0,0,1,0,2,0,1,0,0,-0.8794215678858321,1.3905936675527917,1.781055898955863
4071,0,1,1,0,0,2,0,0,1,2,1,0,1,0,0,2,0,0,0,0,-1.9554263190752577,-0.9509238891882509,-0.6030390883119168
4072,0,0,1,0,0,1,0,0,1,2,1,0,2,1,0,0,1,1,1,1,0.3952680080073929,0.28467144701811453,0.8492623904111196
4073,0,1,1,0,0,2,0,0,1,0,0,1,0,0,0,1,1,1,0,1,-1.7789826423407757,-1.7230258015476538,0.16555978298467733
4074,0,0,0,0,0,2,0,0,2,1,0,1,0,0,0,0,0,1,0,1,0.4064469204363624,1.1995043811608253,2.0797483443256533
4075,0,1,1,0,0,0,0,0,1,0,1,1,1,0,0,1,0,1,1,1,-0.22144866181743994,-1.0274230164437472,-2.5108251715978325
4076,1,2,2,0,0,0,1,1,2,1,0,0,0,0,1,1,0,1,0,0,-0.4197258713918009,0.7558562900162809,-0.5770002656601687
4077,0,1,0,1,0,1,0,0,0,1,1,1,1,0,0,2,0,0,1,0,1.413414674687024,0.5512468190786192,-1.317990595123014
4078,0,0,0,0,1,1,0,1,1,0,0,0,0,0,0,0,2,0,1,1,0.7398360412686236,-0.5690539191983539,-0.7758075509809108
4079,0,1,0,0,0,1,1,0,1,0,0,0,2,0,1,0,0,0,1,0,-0.8874315785838127,-0.11735200662678147,0.11068892169087477
4080,0,1,1,0,0,0,0,0,0,1,0,1,0,0,0,0,0,1,1,1,-1.7955297862114836,-1.7265433307297755,-0.10808500303202462
4081,0,1,0,0,0,0,0,0,2,0,1,0,0,0,0,0,1,0,1,1,-1.3458734413929552,0.6667540175074693,-0.6256638076034258
4082,0,0,0,0,0,0,0,0,0,0,1,0,0,0,1,0,0,1,2,0,0.25840544004317106,-0.29390924116838013,2.094625172182289
4083,0,0,1,1,0,2,0,0,2,0,0,0,1,0,0,0,0,0,0,0,0.9882686246459796,0.9726209560050663,0.24814899942288293
4084,0,0,0,0,0,1,1,1,1,1,1,1,1,1,2,2,2,1,0,0,-1.9548218573203502,-1.40522682677389,-0.35363557270453316
4085,1,0,1,0,0,1,0,0,0,1,1,1,0,1,0,0,0,2,1,0,0.3949423233817331,-0.338221899142471,-2.27733049889798
4086,0,1,0,0,0,1,0,0,1,0,0,1,1,0,0,0,0,0,1,0,0.743203523538423,-0.4513032721092476,0.3880861009628781
4087,0,2,0,0,0,1,1,1,0,0,1,0,2,0,0,2,0,0,0,0,0.516574448218662,0.19588528455564336,1.27444355943203
4088,0,1,1,0,0,0,1,0,0,0,0,0,1,0,1,1,2,1,1,1,-1.3817864087434797,-0.038519091144102235,-0.3692487062314438
4089,0,2,0,0,0,0,0,0,0,0,0,0,0,0,0,2,1,1,1,1,0.08502511020464379,1.9255949061099717,0.8210414872075904
4090,0,1,2,0,0,0,0,0,1,1,1,1,1,1,0,2,0,1,0,0,-0.7246329182734247,0.3604468247339623,-2.993092591291427
4091,1,0,0,0,0,1,0,1,1,1,0,1,1,1,1,1,1,0,1,1,-1.0996963043019232,0.43993649884278196,-0.42033371388964025
4092,0,0,1,0,0,0,0,0,0,1,1,0,2,0,0,2,0,1,1,1,-1.7546526782803804,-0.2027761575693194,0.7902477167146862
4093,1,0,0,0,0,0,0,0,2,0,0,0,0,1,0,0,2,0,1,0,-0.24526602707964656,-0.1628293168988473,-0.29725440032937667
4094,1,1,1,0,0,1,0,1,0,0,2,1,0,0,1,0,2,0,1,0,1.0351294882969684,-0.7727815352274883,1.1900882941714628
4095,0,1,1,0,1,1,0,0,1,1,1,1,1,0,0,2,0,0,0,1,-1.0974230131914056,-1.030202746097141,-0.7158769439072181
4096,0,1,0,0,0,2,0,1,1,0,0,0,0,1,0,1,1,1,1,1,-0.16331007023962638,0.6640717156613133,0.679067884593294
4097,0,1,2,1,0,0,1,0,1,0,0,0,1,0,0,1,1,0,2,0,0.43379842287668885,0.23162691542795744,0.26129232002230085
4098,0,2,2,0,0,1,0,0,1,0,0,0,0,0,0,0,1,1,2,0,0.5196440875146552,0.6877841781515902,-0.6851979705973612
4099,0,1,1,0,0,1,0,0,1,1,0,1,1,0,1,1,0,1,1,0,-1.3683147171993215,-1.644539176539185,-1.7869057737569354
4100,0,0,2,0,0,0,0,0,1,0,1,0,0,0,0,2,1,0,1,1,0.24236988410683427,1.0169240462694031,-2.477881659227661
4101,0,1,2,0,0,2,0,0,1,0,1,0,0,0,0,1,0,0,0,1,1.5089794058149413,0.4730645030287756,1.0890252137981589
4102,0,0,2,0,0,1,0,0,0,0,2,1,1,1,0,0,1,0,1,0,0.6697915835011631,1.2545268669387974,1.6931961368218433
4103,0,0,0,0,0,1,0,0,0,0,0,1,0,0,1,1,1,1,0,0,-1.0425632331917514,-2.082495639434334,-0.07887764278432746
4104,0,0,1,0,0,2,0,0,1,1,0,2,1,1,0,2,0,1,0,1,-1.1969878588007603,-0.8202777519661524,-0.2558335685539447
4105,1,0,1,0,0,0,0,0,1,0,1,0,2,0,0,2,0,1,0,1,-0.07991585138187857,2.441834316227935,1.4135758658016373
4106,0,0,0,0,0,0,2,0,2,0,0,0,0,1,0,2,1,0,1,0,-0.050806976220234605,-0.8520452515319228,0.7912853210864795
4107,0,0,0,0,0,1,0,0,2,1,2,2,2,0,0,0,2,1,1,1,0.609968799226057,-0.9762545238181053,1.3604579790204305
4108,0,0,0,0,0,2,0,0,1,0,1,0,2,0,0,0,1,0,0,0,-0.04668017463215995,-0.39451114638934637,0.0797318489764738
4109,1,0,0,0,0,1,0,0,1,1,0,0,2,0,1,1,0,0,0,0,-0.6523894495247788,0.9396008076857512,-0.10995244482029112
4110,0,1,1,1,0,1,0,0,1,0,1,1,0,1,0,0,0,1,1,1,0.08548636789255606,0.8322077207569831,2.2209229137386384
4111,0,1,0,1,0,1,0,0,2,0,0,1,1,0,0,1,0,0,2,2,-0.6245980611144809,0.5984070042311165,0.19078568726031586
4112,0,1,0,0,0,2,0,0,1,1,1,0,0,0,0,0,0,1,1,1,0.5336839734039941,0.08846391558242733,0.4012022303772895
4113,0,0,0,0,1,2,0,0,1,1,0,0,2,2,0,1,2,1,0,0,-1.2368221644858568,-0.1971273304956705,-1.7707300659723428
4114,1,0,0,0,1,2,0,0,1,0,0,1,1,0,0,1,1,0,1,1,0.4991320996181375,-0.7823693169312529,-0.48267665745024707
4115,1,1,0,0,0,0,0,1,2,0,0,0,1,0,0,0,1,0,0,0,-1.0558106149773978,-0.5044648200472014,-0.6332996494958125
4116,1,1,0,0,0,0,0,0,1,1,0,0,1,0,0,2,1,0,2,0,-0.12636342344017867,0.7812660095541869,0.0894887833664994
4117,0,0,1,1,0,2,0,0,0,0,0,0,1,0,0,1,0,2,1,1,-1.2163354455669855,0.6791572282217884,-0.04207337041841003
4118,0,0,1,0,1,0,0,0,2,0,1,0,0,0,0,0,1,0,2,1,0.5761977237451197,1.0693862457477836,-0.8693464202650957
4119,0,0,1,0,0,2,0,0,1,0,1,1,0,0,0,0,0,1,1,1,-0.520763860527522,-1.7218312636678044,-0.20332462195896267
4120,0,0,1,0,0,0,0,0,1,0,2,0,0,0,1,1,1,0,1,1,-0.7529392441793227,0.6136737944557749,-1.1375773520265382
4121,0,1,0,0,0,1,0,0,1,0,1,0,0,0,0,0,0,1,0,1,0.055282024722992575,-0.332895112165139,-0.9079694930536409
4122,0,0,0,0,0,1,0,0,2,0,0,0,1,0,0,0,0,0,0,1,0.8467828471547814,-0.30930616105670006,1.492659128846663
4123,0,0,0,0,1,1,0,0,0,1,0,1,1,1,0,1,0,1,1,0,1.327964720270867,1.6165545820368479,-0.3333241765789604
4124,0,1,0,0,0,2,1,0,1,1,0,1,0,0,0,0,1,0,0,0,-0.2681506199274086,0.0920567977026931,-0.887850534361391
4125,0,1,0,0,0,0,0,1,1,0,1,1,1,1,0,1,0,0,1,1,-0.06812545529054177,-1.2503681409321807,0.9483338848491084
4126,0,1,1,0,0,1,0,1,2,1,1,1,0,1,1,0,0,0,0,1,-1.1737980525663192,-0.4083942480397921,0.6087839794615352
4127,0,1,1,0,1,1,1,0,1,0,0,1,1,0,0,2,2,1,0,1,0.05682310495824234,-0.8539245731523473,0.8323890040345545
4128,0,0,0,0,0,1,0,1,1,1,0,0,1,0,2,1,2,0,1,1,0.21643876113307042,-0.7650455395370408,-0.11069577477908255
4129,0,0,2,0,1,0,0,0,2,1,0,2,0,1,0,0,0,0,0,1,-0.01977399529039807,0.24725273335545464,-1.1915645324981177
4130,0,0,1,0,1,2,0,0,0,1,1,1,1,0,0,1,1,0,0,2,1.0255042871171967,-1.0835272948076706,-0.3960775453005947
4131,0,0,0,0,0,2,0,0,1,2,0,1,0,0,0,1,0,1,0,0,0.652885914747432,0.9099050538035754,-0.6740451081387195
4132,0,0,0,0,0,2,0,0,1,0,0,0,0,1,0,1,1,0,1,0,-1.1747734577313422,0.4388202052260784,-0.36591736739613523
4133,0,0,0,0,0,1,0,1,2,0,0,0,1,0,0,1,0,0,2,0,2.093360492557939,0.8589372374413227,0.8544198818038631
4134,1,0,0,0,0,0,0,0,1,0,0,0,1,1,0,1,1,1,1,1,0.12405923563063351,0.4187173133423515,-1.014671359644629
4135,0,1,1,0,0,2,0,0,1,1,1,0,0,0,1,0,1,0,1,1,-1.6607809243403908,-1.6102105419683819,0.11168176094360513
4136,0,0,1,0,0,1,0,0,1,1,0,0,0,0,0,1,1,1,2,0,0.014642138485874187,-0.11867031576187742,-0.24611699429788514
4137,0,0,0,0,1,0,1,0,0,1,1,0,1,1,0,1,1,0,2,0,0.5631357876529969,0.9918971723918837,-0.9026777316396603
4138,0,0,1,0,1,0,1,0,1,1,1,0,0,1,1,1,1,0,1,1,-0.8894618683944167,-1.3681602773729886,-2.01800466845556
4139,0,0,1,0,0,0,0,1,2,1,1,0,0,0,0,2,0,0,1,2,-1.2490122185449177,0.6252788797640785,0.18524309653935395
4140,0,1,1,0,0,1,0,0,0,1,0,1,0,0,0,0,2,0,1,0,0.04354229565338761,0.7972025260181155,-0.798669362804369
4141,0,2,0,1,0,2,0,0,1,1,0,0,0,0,0,1,2,0,0,0,-2.058687950341668,-1.7921880906269227,1.546223226422501
4142,0,0,1,0,0,2,0,0,0,1,1,1,1,0,1,0,0,0,1,1,-1.0376920995145897,-0.15770128287976687,-1.090327211676974
4143,0,2,1,0,1,0,0,1,2,1,1,0,2,0,0,1,1,1,1,0,0.6276073042263799,-1.519195227098036,0.3147758677488931
4144,1,0,0,0,1,2,0,0,1,0,0,1,1,1,0,0,0,0,0,1,0.09540039568185141,1.2208378824375694,0.7803253485747472
4145,0,1,1,0,0,0,0,1,2,1,0,1,2,0,0,1,1,0,0,0,0.3890583025712761,0.13655230061511286,-0.4921495555925313
4146,0,0,0,0,0,2,1,0,1,0,0,0,0,1,1,1,0,1,1,0,-0.539492542010654,-0.027994235278988797,0.9318956618168668
4147,0,1,0,0,0,1,0,0,0,0,0,0,2,0,0,1,0,1,0,0,-0.04027329790774363,-1.6057940187531086,0.005510667657889656
4148,0,0,2,0,0,2,0,0,1,1,0,1,1,0,0,0,1,1,1,0,-1.3024605400460338,0.39778736002992443,0.8351019962981493
4149,0,1,0,0,0,1,0,0,1,0,0,0,1,2,0,2,1,0,0,0,-2.099743916986326,-1.3617710198126654,0.6249922499985772
4150,0,1,0,0,0,1,0,1,1,1,0,0,0,1,1,0,1,1,1,0,-1.5713863362244056,-1.5101511243962502,1.3524282156217122
4151,0,0,0,0,1,2,0,1,1,0,1,1,0,0,0,0,1,1,1,2,0.6878305982234957,-0.691801127567724,0.18647168849680343
4152,0,0,2,0,0,1,0,1,1,1,0,1,0,0,0,1,0,2,0,1,-1.0210411106656725,0.9857497137364339,-2.049491868510835
4153,1,0,1,0,0,0,0,0,0,0,0,0,0,0,0,0,0,1,0,1,-0.5697552138025309,-1.011202090710347,0.08288382069215956
4154,0,0,0,0,0,1,0,0,0,1,0,1,2,0,0,1,1,2,0,0,-1.4227017014395467,-0.07176062870646938,-0.8832762432455075
4155,1,0,0,1,1,1,0,0,1,0,0,1,1,1,0,1,1,1,1,1,0.3398024254585154,-0.15905062999393027,-0.7841480808469363
4156,0,1,1,0,0,0,0,0,1,0,1,2,1,0,0,0,0,1,1,0,-0.11514749561829404,0.06790190779636507,-1.7481408317130098
4157,0,0,0,0,1,2,1,0,0,0,1,0,0,1,1,1,1,0,0,0,0.3150702258807202,0.7547733922537383,0.043360254575824875
4158,0,1,0,0,0,1,0,0,0,1,0,0,0,0,0,2,1,1,1,0,-0.7270859454003303,-0.5296340978812843,-0.9056038018516256
4159,0,1,0,2,0,1,0,0,1,0,0,0,1,1,1,0,0,0,0,0,0.7380038189902508,-0.057845955114621705,0.03195640462816608
4160,0,1,1,0,0,1,0,0,0,0,0,1,0,1,0,0,1,0,1,0,-0.04212539772385351,0.06799661782749136,0.8908446001498704
4161,0,1,2,1,0,2,0,1,1,1,1,1,2,1,1,1,0,1,2,1,-0.1844233393280092,-1.3484785469177965,-1.061029405929509
4162,0,1,1,0,0,0,0,0,0,0,0,0,1,0,0,2,0,1,0,2,0.7948616834911406,0.34461081641009994,-2.405326012529638
4163,0,1,1,0,0,2,0,0,1,0,0,0,0,0,1,1,1,1,2,0,0.7753880981058477,0.6783585601346019,-0.4832507254288413
4164,0,1,1,0,0,1,0,0,0,1,0,1,1,0,1,1,0,2,2,1,0.06239029652954596,0.3607574675553091,-0.1353696245459005
4165,1,2,0,0,0,2,0,0,1,1,1,0,0,0,0,0,1,0,0,1,-0.656190625253183,-1.8778138946628498,-0.05462131426710759
4166,0,0,1,1,0,2,0,0,2,0,0,1,0,0,0,2,1,0,1,1,0.16945116182731976,-1.1136118848740666,0.7918379115219824
4167,0,1,0,0,0,1,0,0,1,1,0,1,0,0,0,2,0,2,1,0,0.28237946492066845,1.0396341787370218,-0.24843052766233625
4168,0,0,1,0,0,1,0,0,0,1,0,1,1,1,0,0,1,0,1,2,-1.077794239763667,0.34087492067524056,1.2199923412877107
4169,0,0,1,0,0,1,1,1,0,1,1,1,0,0,1,0,1,2,2,0,-0.49289844117352455,-1.3481316615373784,-0.7725221208337099
4170,0,1,0,1,0,0,0,0,1,2,2,2,0,0,1,0,0,1,0,0,-2.2366840634348524,-2.006861842653449,0.5689036774561549
4171,0,1,2,0,0,2,1,1,0,0,1,1,0,1,0,2,0,0,0,2,1.0879331153702119,1.3675603393642475,-0.5522222771371698
4172,1,0,1,0,0,1,0,0,1,0,0,0,0,0,0,0,2,1,2,1,1.8225120731149769,1.8327565246389572,1.7174693881058927
4173,1,0,1,0,0,1,0,0,1,1,1,1,0,0,0,0,2,0,1,1,0.8333120551270662,-0.43093197054065024,0.6004976563878183
4174,0,1,1,0,0,0,0,1,1,1,0,1,0,1,0,1,1,0,1,0,0.46432631361579085,-0.16027131909012238,1.7505044462420938
4175,1,1,0,0,0,0,0,0,1,0,0,0,1,1,0,0,1,2,1,1,-0.49273039036554983,-0.31996915247204766,-1.106420166266814
4176,0,1,0,0,0,1,0,1,2,0,0,0,0,0,0,1,0,0,1,1,0.7495538381821627,-0.636600179205363,0.0005802440001461406
4177,1,1,2,0,1,0,0,0,1,0,1,0,0,0,0,1,1,0,2,1,-0.39059001860364223,-0.798455337328942,-0.19525783494616894
4178,0,1,1,0,1,2,0,0,2,2,0,0,0,0,0,1,2,0,0,0,-1.0915321332052863,0.921700066592912,-0.1906232073888721
4179,0,1,0,0,0,2,1,1,2,0,0,1,2,1,0,0,1,1,0,1,-2.1766823502636488,-1.0853359266007578,0.1441357199620458
4180,0,0,1,0,1,2,0,1,1,0,1,0,1,1,0,1,1,1,0,2,-0.3647143049212243,1.4550684163244507,1.5460515771748204
4181,1,1,0,0,0,0,0,1,2,1,2,1,0,1,0,1,0,0,0,0,0.2431011608090197,-0.4314241984434969,2.5341198547803487
4182,0,0,1,1,0,2,0,0,2,0,0,0,0,0,0,1,0,0,2,1,1.1999255776367046,1.8571592114207103,0.8376812693615311
4183,0,0,1,0,0,2,0,1,1,0,0,1,2,1,0,1,1,1,0,0,0.9967389265195217,-1.7414694841148692,-0.5982857048997411
4184,1,1,1,0,0,1,0,0,0,1,0,0,1,0,0,1,2,1,0,1,-0.9052057734166638,-0.5519528250887492,-0.126600075121708
4185,0,1,1,1,1,1,0,0,1,0,0,1,0,0,1,1,0,0,0,0,-2.0523947206717574,-2.116022718684322,0.6818809061102373
4186,0,1,2,0,0,1,0,0,0,0,0,0,1,0,1,1,1,0,1,1,-1.299708932535989,-0.28857432250335036,-0.21940554469208517
4187,0,1,0,0,1,1,0,0,1,0,0,0,1,0,1,1,0,1,0,0,1.7673156189408723,0.8420593920495936,-0.08078900174086212
4188,0,1,0,0,0,1,0,0,1,2,1,0,0,1,0,2,2,1,0,0,-1.757410112938536,-0.04543549446928319,-1.212572495230274
4189,0,2,0,0,0,1,0,0,1,1,0,1,1,1,0,2,1,1,2,0,-1.1124741879149802,-0.08066457528202986,0.8619238735339415
4190,1,1,1,0,0,1,1,0,0,1,0,0,0,0,1,2,1,0,0,0,-0.9110193739160494,1.470053711523499,-0.597458661523246
4191,0,2,0,0,0,2,0,1,1,0,0,0,1,0,0,1,0,2,1,1,1.719280802904818,-0.5275854742637149,0.06671503186232733
4192,1,0,1,0,0,0,0,0,1,0,1,1,1,0,1,0,2,0,0,0,-0.5406053941434193,-0.831322942291239,-0.2538463182714067
4193,0,0,0,0,0,1,1,0,2,0,0,1,1,1,0,0,2,1,1,1,1.8818600732823296,0.29232860345637574,1.8480505246224832
4194,0,0,0,1,0,1,0,0,0,1,1,1,1,0,1,0,0,1,0,1,0.9656002682830749,-0.16494749318922253,0.6978388952749215
4195,1,0,0,0,0,1,0,0,0,1,1,1,1,0,0,0,2,0,1,0,0.783802309421062,1.2389390762364805,0.3699811129779059
4196,0,0,1,0,1,1,0,0,0,2,1,0,0,0,0,2,0,1,2,0,-1.2556631186402216,-0.3322963833416884,-0.8325069687325564
4197,0,1,1,0,0,1,1,1,0,1,0,1,1,0,1,0,1,1,0,0,0.21521887876116494,-0.7548225081302917,1.8829382953960312
4198,0,1,2,1,0,1,0,0,1,1,1,0,0,0,0,1,0,1,1,2,-0.3682935084032523,0.6987415264535279,-0.621247573803934
4199,1,0,0,0,0,1,0,0,1,1,0,0,1,1,1,1,2,0,1,1,0.5655412480378307,1.3543962026696268,-0.2671073420871195
4200,0,0,0,0,0,1,0,0,0,0,1,0,1,0,0,1,1,0,1,1,1.45269687658668,-0.4257488171037932,-0.633306225284715
4201,0,0,2,0,0,1,0,0,1,0,0,1,0,0,0,2,0,0,1,2,0.8147006458822597,-0.491752631785069,1.2947606971525687
4202,0,1,1,0,0,1,0,0,1,0,0,1,1,0,0,1,0,1,0,0,-0.45974429708952924,-0.16929192430827336,-0.6650228449130176
4203,1,0,0,0,0,2,1,0,2,0,1,1,0,0,0,1,0,1,2,1,0.15037424985874615,0.5211618136720206,-0.7668895463326167
4204,0,1,1,0,0,0,0,1,0,1,0,0,1,1,0,1,0,0,0,1,0.07103582681340331,-1.3384496686971157,1.4441553263714444
4205,0,1,1,0,0,0,0,0,1,0,1,0,1,0,1,1,1,1,0,0,-0.8672629354530276,-0.31867116254866695,-1.4427826865794566
4206,0,1,2,0,1,2,0,0,2,1,2,1,1,0,0,1,0,0,1,1,-0.21899822859960358,-0.7607906932984176,-0.9260771159099259
4207,0,1,2,0,0,1,0,0,2,1,0,1,0,0,1,0,1,1,0,2,0.9249466159220611,0.9690672089429265,0.026575566175560394
4208,0,0,1,0,1,1,0,0,1,1,0,1,2,0,0,0,0,0,1,0,-1.869044993997481,-0.434277925943573,-0.41157962474288484
4209,0,2,0,0,0,0,0,1,2,1,1,1,1,1,0,0,1,1,1,1,0.2738621993453005,1.123042932434898,0.20716088666811494
4210,0,0,1,0,1,1,0,0,1,0,0,0,0,0,0,1,1,0,0,1,-0.86955270288445,-0.0599036138800384,-0.6795811026867342
4211,1,0,1,0,0,0,0,0,1,2,0,0,2,0,1,1,0,1,0,0,1.270107960160012,0.969884761153565,-0.48520326711785444
4212,1,1,1,1,0,2,0,1,1,0,0,0,0,0,0,2,0,1,1,0,-0.0529484830712233,-0.9969152582270107,2.2856154411131384
4213,0,0,0,0,0,1,0,0,1,0,1,1,1,0,1,1,1,0,0,0,0.9968388734683874,-1.9423783296646449,1.9436246512252988
4214,0,0,0,0,1,1,0,0,2,0,1,1,1,1,1,1,1,1,1,1,-0.4603283130275079,-1.2072425650168408,1.72745263166058
4215,0,0,1,0,1,2,0,1,1,1,0,0,1,1,0,1,0,1,1,0,-1.6159511636755162,-1.7263476092525196,0.5438612459241692
4216,0,1,1,0,0,1,0,0,0,1,0,0,1,0,0,2,1,0,1,2,0.9390134042521763,1.5118780269587435,-0.9310436691589168
4217,0,1,1,0,1,1,0,0,1,0,0,1,1,0,1,0,0,0,0,2,0.3486696650010963,-0.087302402517452,-0.058636838944470304
4218,2,1,2,0,0,0,0,1,2,0,0,0,2,0,0,2,0,0,1,0,1.6753649712000336,-0.22047637972380463,0.23260817364563346
4219,0,2,1,0,0,2,0,0,2,0,0,0,1,0,0,0,0,0,2,0,-0.11002903968662615,0.11113350380484066,1.9902052733949886
4220,1,2,0,0,1,1,0,0,0,0,0,0,0,0,0,0,1,1,1,0,0.40859295433328013,0.8908590931654705,-0.5968399011657665
4221,0,0,1,1,0,1,0,0,1,0,0,0,2,0,1,2,0,1,1,0,-0.8866800506081736,-1.144513297804204,0.8833706217930197
4222,2,0,2,0,1,1,0,1,2,0,0,0,0,0,0,0,1,0,0,2,-1.013425699481482,-0.7660390209950363,0.7430748030501175
4223,1,1,1,0,0,1,0,0,1,2,0,0,0,1,0,1,1,1,1,0,-1.3455287806570757,1.871713633140186,2.010531533740622
4224,0,0,0,0,1,1,0,0,1,1,0,0,0,0,1,1,0,1,0,1,-0.4491020474521222,-0.7127863015161252,-0.85662185784411
4225,0,0,0,0,1,1,0,0,0,0,1,1,1,1,1,1,1,0,1,0,-1.3602037689652489,-1.5828602079632437,0.1429480843268916
4226,0,0,0,0,0,2,0,0,2,1,1,0,0,2,1,1,1,0,1,1,-0.6649250996062259,0.2531425918863016,0.07137048122600723
4227,0,0,0,0,0,2,0,1,0,0,1,1,1,0,1,1,0,0,0,1,-0.6023310362058254,-2.0822059093751495,1.776571548970919
4228,1,0,1,0,0,2,0,0,0,0,1,0,0,0,0,1,0,0,2,2,0.32783574185566966,0.5597506316205435,-0.9820487099416437
4229,1,0,0,0,0,0,0,1,0,1,1,0,0,0,0,1,1,0,2,0,1.6440488370569666,-0.7631540513341079,1.215460836395592
4230,0,1,0,0,0,2,0,0,2,1,0,1,1,1,0,0,0,1,0,1,0.8709205547938159,0.08451578464957035,0.5110576412637025
4231,0,2,1,1,0,2,0,0,0,1,0,0,1,1,0,2,0,1,1,1,-0.08757213833375954,0.5086464402732498,-0.059616943037439564
4232,0,2,1,0,1,1,0,0,0,1,1,1,1,0,0,0,0,1,1,1,1.1258211339533735,-0.14672312012260094,0.12976965797402945
4233,1,0,0,0,0,0,1,0,1,1,1,1,0,0,0,1,1,1,0,0,-0.21405377123055108,0.8791721867203779,0.8942330890459632
4234,0,0,0,0,0,0,1,0,0,1,0,1,1,0,1,0,2,0,1,2,-0.15170035587100192,0.6087653466255135,-0.04360513617410535
4235,0,0,0,1,1,0,0,0,1,1,0,0,0,1,0,2,1,0,0,0,1.0986953262154946,0.9990052002791755,-0.00006904962818204963
4236,0,1,2,1,1,0,0,0,1,1,0,2,2,1,0,1,1,2,1,1,0.7887876549615518,-0.13932135751157593,0.47202336842410514
4237,0,1,1,0,0,0,0,0,1,0,1,0,0,1,0,0,0,0,0,0,0.44787405896563687,-0.2678882646269578,0.7627925567338901
4238,0,0,0,0,0,2,0,0,1,1,1,0,1,0,0,0,1,0,2,0,0.8220233027079364,-0.5169799638394006,0.4295222318156749
4239,0,1,0,0,0,2,1,0,1,1,1,1,1,0,0,2,1,0,2,1,-0.8517412798153886,0.9965236845302509,1.7112441723433442
4240,1,0,1,0,0,1,0,1,2,2,1,0,1,0,1,0,2,0,1,0,-0.5865309068050925,-0.825648045592777,-1.2176223820078593
4241,0,0,1,0,0,1,0,1,0,0,0,0,1,0,0,0,0,0,1,1,0.531168622099188,0.0888363869900218,-0.5985990435557711
4242,0,0,0,1,0,2,0,0,1,1,0,0,0,0,0,2,0,0,2,2,2.418887132932218,1.9421143033640065,-0.024773649325744773
4243,1,0,1,0,1,1,0,0,1,0,1,0,1,0,0,2,2,1,1,0,-0.3131888246193704,-0.05191517644466245,0.04298307672161424
4244,0,1,0,0,0,2,0,1,0,0,0,0,1,1,0,1,2,2,0,0,0.25123583669468547,0.4122979845678119,-1.3158347578461973
4245,0,0,0,0,0,0,0,0,2,0,0,0,1,0,0,2,0,1,0,0,0.15691373849831428,0.7531453418025177,-0.4893163772724187
4246,1,0,2,0,0,0,0,0,0,0,1,1,1,0,0,1,0,0,1,1,-0.1355646248714346,1.6880923825254397,2.8591852956523183
4247,1,1,2,0,0,1,0,0,2,1,1,0,1,0,0,0,0,1,1,0,0.7669565040041234,0.9046826199064335,2.078618807177526
4248,1,0,2,0,0,0,1,0,0,1,0,0,1,0,0,2,1,0,1,0,1.1337218425157665,-0.23713292171677225,-0.6183980116432528
4249,1,0,0,1,0,1,1,0,1,0,1,1,1,1,0,1,0,0,0,1,-0.10302895780229866,0.27938479644351266,-1.2858187554467637
4250,0,0,1,0,1,0,0,0,1,0,0,1,0,0,0,1,0,1,0,0,-0.3148805689142335,-0.6329895337953733,-0.5603076560122486
4251,1,0,0,0,0,2,0,1,1,1,0,1,2,1,0,1,0,0,1,1,-2.159627631341838,0.3398736076222384,0.48995230245124854
4252,1,0,1,0,0,1,0,0,1,0,0,1,2,0,0,1,0,0,1,0,0.8184927371821663,-0.13456733588582692,0.18710802880396077
4253,1,0,0,0,0,2,1,0,1,1,1,1,0,0,0,0,0,0,0,1,-0.2619002237510687,-1.3943909743618799,-0.08646222267908371
4254,0,2,1,0,0,0,0,0,2,1,1,0,2,0,0,0,0,1,1,1,0.5364910998818319,-0.6124832384152015,0.5990283726281347
4255,0,0,1,0,0,1,1,1,0,1,0,0,1,1,0,2,1,1,0,1,-0.35773387495862846,0.9324900814316619,0.49500142165719685
4256,0,1,2,0,0,0,0,0,1,0,0,1,1,0,0,0,1,0,1,0,-0.03661278561849035,-1.03769117700373,0.5333931974053782
4257,0,1,0,0,1,2,0,0,1,1,0,1,2,0,1,0,1,1,1,2,0.06958271121718686,0.23202025663261147,0.15253307992193305
4258,0,0,2,0,0,1,1,0,1,0,1,0,0,0,0,0,1,0,2,2,-1.597105533229792,-0.5961058373019721,-0.8052474172651976
4259,0,2,0,0,1,0,0,0,1,1,0,0,0,1,1,1,1,1,0,1,-0.22483199164113038,-0.32184150209129436,1.8831400640833096
4260,1,1,1,0,0,2,0,0,1,0,0,1,0,0,1,0,2,0,2,1,0.6469290784484472,-0.809914702791188,0.6925129336766112
4261,0,1,2,0,0,1,0,0,1,0,0,1,0,0,0,1,0,1,1,1,0.24913619437208984,1.2211644816596765,-1.1535758818410806
4262,0,1,0,0,0,1,0,0,2,1,1,1,0,0,0,2,0,1,0,0,-0.3380241230619352,-0.8855750473807975,0.5139222599335229
4263,0,1,0,0,0,1,0,0,2,1,0,2,1,0,0,0,0,1,1,1,0.8280593615984779,1.0864267889068842,-0.5031556876921226
4264,0,2,1,0,0,1,0,0,1,1,0,0,1,0,0,0,1,1,1,1,-0.8723388414266864,-0.20637618070133873,-0.15683652930425812
4265,0,0,1,0,0,1,0,0,1,1,2,0,1,0,0,1,2,0,1,1,0.8820927846015694,0.3395722251836003,-2.563089280102321
4266,1,0,0,0,0,1,1,0,1,1,0,0,2,1,0,1,0,1,2,1,-0.7512357470772901,-0.7829514358466496,1.1618986219893324
4267,0,0,0,0,0,0,0,0,1,0,0,0,1,1,0,0,1,0,1,0,0.7986261501259215,0.5499247407436585,0.7337723250366953
4268,0,0,1,0,0,1,1,0,1,1,0,0,1,0,1,0,0,1,1,1,1.4625352223489083,0.27587491179443485,0.7731837139734354
4269,1,0,1,0,1,0,0,1,0,0,1,2,1,0,0,0,1,0,1,1,-1.3871798420163186,-0.21179417669223122,0.41668398034952975
4270,2,2,1,0,0,1,0,0,2,1,0,0,1,0,0,0,1,0,2,0,0.2511682005839493,-0.7822670986956766,-0.5339789565481184
4271,0,0,2,0,0,1,0,1,2,1,0,0,1,0,0,0,2,1,1,0,0.8332410207686427,0.6257833403473853,0.35828713674730717
4272,0,2,0,0,0,1,2,0,1,1,1,0,1,0,0,2,1,1,1,0,-0.48227899788786094,1.0356770646834397,-0.7047981998155561
4273,0,0,1,0,0,0,0,0,1,0,0,1,1,0,0,0,0,0,1,0,-0.15450702577818973,0.06833126152553873,-0.486818001770527
4274,1,0,0,0,0,0,0,0,1,0,0,0,0,1,0,1,1,0,1,0,-1.1940079727167525,-0.8118290382456781,-0.8797815164173733
4275,0,1,1,0,0,0,0,0,1,0,0,0,0,0,0,0,1,1,1,1,-1.325056533702522,0.053346885024756485,0.4809923422592389
4276,0,0,1,0,0,1,0,0,0,1,0,1,1,0,0,1,1,0,1,0,1.9334841133060543,0.6446281945473655,-0.06812990081755815
4277,0,2,2,0,1,1,0,0,0,2,1,1,2,0,0,0,0,1,1,1,-0.9815961801909032,-0.16449639351044143,1.7435089086203166
4278,0,1,0,0,1,1,1,1,0,0,2,1,1,0,0,0,0,1,0,0,-0.0962099902573766,-0.7794462857580344,-0.25110570615028643
4279,1,0,1,0,0,0,0,0,1,1,0,0,1,1,0,2,0,1,1,0,1.2249521137608825,0.6976235242865935,-0.9693007405970337
4280,0,0,0,0,0,0,0,0,1,1,0,1,1,1,2,1,1,0,2,0,0.0472680179978551,-1.2979903305226488,1.5046726387140144
4281,0,1,1,0,0,0,1,0,1,0,1,0,0,1,0,0,0,1,1,1,-1.9048442608286509,-2.010953681785271,1.060631383465003
4282,0,0,0,0,1,0,0,0,0,0,0,1,1,0,0,0,1,1,0,1,-1.976458227085719,-1.1486408514111053,0.9309704191952939
4283,0,0,1,0,0,2,0,0,0,0,0,1,1,1,0,1,1,0,1,1,0.47326460521876873,0.6761517573498341,-0.6464153796802399
4284,0,1,1,0,0,1,1,0,1,1,1,0,0,1,0,2,0,1,1,0,0.909965660952578,0.25308526450974866,0.05154817182043324
4285,1,0,1,0,1,0,0,0,0,0,0,0,1,1,0,1,1,2,0,0,-0.5563600156634959,0.45330340930352264,-0.14844817388452303
4286,0,0,0,0,0,0,0,0,0,1,1,1,0,0,0,1,1,0,0,2,-1.1042568317186532,-0.19354552170676673,-1.3868703541072926
4287,0,0,1,0,0,0,0,0,2,1,0,0,0,0,0,2,0,0,1,1,-0.29945557274967927,0.023436900171702968,0.19505418600329094
4288,0,2,1,1,0,1,0,0,0,1,0,0,0,0,0,0,0,0,1,2,-1.2718218057784951,0.10666655581040285,-0.04658950449087332
4289,0,1,1,1,0,1,0,0,0,0,1,1,0,0,0,1,0,0,1,1,-1.3031368540263268,0.110653182470142,-1.2452075959394684
4290,0,1,0,0,1,2,0,0,1,1,0,1,0,1,2,0,0,1,1,1,0.3088557351278527,-0.2761554713771182,-0.6473426004720098
4291,1,1,1,0,1,1,0,0,1,0,1,0,0,1,0,1,1,2,0,1,-1.3814699257811933,1.4395606625073545,-0.6535500982271533
4292,0,0,1,0,0,2,0,0,0,0,0,1,1,0,0,0,1,0,1,1,1.2180479350972686,0.29141867385261866,-1.2443686456933527
4293,0,0,1,0,0,1,0,0,0,0,2,0,1,1,0,1,0,0,0,1,1.461672426226522,-0.9881175572943683,0.9263169957712548
4294,0,1,1,0,0,2,0,0,1,0,0,0,0,1,0,1,2,1,2,1,1.1932478591323532,0.09252598391515221,0.7941055605954396
4295,0,1,0,0,0,1,0,1,0,0,0,1,1,1,0,2,0,0,1,0,1.5083971576562616,-1.0698745396843161,0.49815074400653353
4296,0,0,1,0,0,0,0,0,1,1,0,0,1,0,0,2,0,0,0,1,-0.12372079915287047,0.44675786781531074,-0.616405536140582
4297,0,0,0,0,0,1,0,0,2,0,1,0,1,1,0,1,1,0,2,1,-0.33747074304556496,-0.46838005373830627,-0.3606304109537841
4298,0,1,1,0,1,2,0,1,1,1,0,1,0,1,0,0,1,1,0,1,0.21047760393624554,-0.21343468004298866,0.5127231844744164
4299,0,0,0,0,0,1,0,1,1,1,1,1,1,1,0,1,1,1,1,0,0.25929597020697226,-1.8268692336171377,1.3714756333051032
4300,1,0,0,0,0,1,1,0,0,1,1,1,0,1,0,0,1,1,0,0,-0.8269784032499911,-0.6876372738866601,-0.5874699733538133
4301,0,0,0,0,0,0,0,0,0,0,0,1,1,0,0,2,0,2,0,0,0.4750198630745391,0.8228483418951464,1.6306446862927184
4302,0,1,0,0,0,1,0,0,1,1,0,0,2,1,1,1,1,0,1,1,-1.9747469455355122,-0.849464040958218,1.5941076650751884
4303,0,1,1,0,1,1,0,0,0,0,0,0,0,0,0,1,0,0,2,1,-0.9694885468172751,0.14632965479472254,1.7281405817916675
4304,0,0,1,0,0,1,0,1,2,1,2,1,2,0,0,1,1,0,1,1,-0.8562272908689554,0.0527640626856507,0.9460461691925771
4305,0,0,0,0,0,1,0,0,0,1,0,1,1,2,0,1,1,0,2,0,0.943304782768489,1.5249949251210224,0.2525632876845642
4306,0,0,0,0,1,1,0,1,1,0,2,1,2,1,0,0,0,0,0,0,-0.6241547992780193,-0.9965415584680503,0.9517869742022222
4307,1,0,0,1,0,1,0,0,1,0,0,1,1,0,1,0,1,1,0,1,0.3522165437319664,-0.08023190375984066,-0.06003959364727876
4308,0,0,1,0,0,0,0,1,2,1,0,2,1,0,1,2,1,0,2,2,-0.8205927965757327,-0.7472141886374626,-1.233261189637197
4309,0,0,0,0,1,0,0,0,1,0,1,1,1,0,1,0,1,0,1,1,0.003216259707767632,-0.026173861566238688,-0.5799134400517026
4310,0,0,0,1,0,1,0,1,2,0,1,1,1,0,0,0,1,0,0,1,-1.9865505939955648,-1.415211092910189,0.009114517264871997
4311,0,1,0,1,1,0,0,1,1,1,0,2,0,0,1,1,1,0,0,2,1.4199619410377995,-0.2676700433837189,-0.5110085203491043
4312,1,0,1,0,1,2,0,0,1,0,0,1,1,1,0,2,1,0,2,1,0.005677680153900738,0.06596223643852772,0.8227810585985533
4313,0,1,1,0,1,1,0,0,1,0,0,1,0,1,0,1,2,0,0,0,-0.2187143874368943,-0.30819769154142324,1.7559554056261664
4314,0,0,1,0,0,0,1,1,1,0,1,1,1,0,0,1,1,0,0,0,-0.04712537643771175,-1.1812358337596849,-0.16655229944852928
4315,0,1,0,0,0,1,0,1,0,1,0,1,0,0,0,1,1,0,1,1,-1.0199987000938204,-0.2599625983796219,0.44633881211738147
4316,0,0,0,0,0,1,0,0,1,1,0,1,1,0,0,1,1,1,1,1,-0.9863184960066251,-0.01054053176727951,-3.2067694987417816
4317,0,2,0,0,0,0,0,1,1,1,0,1,1,0,0,2,1,0,0,1,-0.4973945364707252,-1.080309811198749,2.366988412927849
4318,1,0,1,0,0,0,0,0,1,0,1,1,1,0,1,2,0,0,2,2,0.10907294182497608,-0.40912930901752814,1.1205943128885132
4319,0,0,2,2,0,0,0,0,0,1,0,1,0,1,0,1,1,1,0,0,2.2276712084617323,3.0783376342240003,1.121061074399913
4320,0,2,1,0,0,0,0,0,1,1,1,1,0,0,0,0,1,1,0,0,0.9755200508364726,-0.48443209061015213,1.3252587171621273
4321,0,1,0,0,0,2,0,0,1,1,0,2,1,0,0,1,1,1,0,1,0.9225143728190239,0.07318493384410646,-1.024585738948568
4322,0,1,1,0,0,1,0,0,1,0,0,1,0,0,0,0,2,0,1,0,-0.34428720074092956,-1.812939624845562,0.8498870344142776
4323,0,0,0,1,1,0,0,1,2,0,0,2,1,1,0,0,0,1,1,0,-1.9705582745022463,-0.26774134661138005,-0.22367915427370505
4324,0,1,0,0,1,2,0,1,0,2,0,1,0,0,0,1,0,1,0,0,0.7738640554157951,0.3849547440945159,1.3979392711415013
4325,0,0,1,0,0,2,0,0,1,0,0,1,0,0,0,0,2,1,1,2,0.22990266448040506,0.54680250046115,0.11906573244190803
4326,0,0,2,0,0,2,1,0,1,0,1,0,0,0,0,2,2,1,1,0,-0.9936604383619924,-0.9988332421364672,-0.5397514546495863
4327,0,1,0,1,0,0,0,1,1,2,0,0,1,0,0,0,1,0,1,1,1.0775184900656385,2.226162951173473,1.5566436654339701
4328,1,0,2,1,0,1,1,0,1,1,0,0,1,1,0,0,1,1,1,0,1.990322995260164,0.0016349950006440128,0.6313563764600607
4329,0,0,1,0,0,1,1,1,1,2,1,0,1,0,1,1,1,1,1,0,-1.2042113759599962,-0.4703744137841288,1.0041911784104887
4330,0,0,2,0,0,1,0,0,0,0,1,0,2,0,0,0,2,1,2,1,-0.9514844554527307,-0.3406518070391413,-1.1028355723555994
4331,0,1,0,0,1,2,0,1,1,2,0,0,0,1,0,1,0,0,2,0,-0.00611458426914794,0.6210220369702814,-1.9266242478227409
4332,0,2,1,0,0,1,0,0,0,0,1,0,0,2,0,1,1,1,1,1,-1.48481218997201,-0.5385985916841263,-0.2542971169419787
4333,0,1,0,0,0,0,0,0,0,1,0,1,2,0,0,2,1,1,1,0,0.23791069722396338,0.4778879114785752,0.351725682028843
4334,0,1,1,0,0,1,0,0,1,2,0,1,0,0,0,1,0,1,1,1,-0.0660433382264026,2.311416051975236,-0.4927349232234225
4335,0,1,0,0,0,1,0,0,0,1,1,1,0,1,0,1,0,1,1,0,0.032699757176753746,-0.9612137572231991,-0.3024806427708863
4336,0,1,1,0,0,0,0,0,0,0,0,0,1,0,0,0,0,2,2,0,0.41809621053173374,0.16849712354293536,0.11458090996957496
4337,0,0,0,0,0,1,0,0,2,2,0,1,0,0,0,1,1,2,1,1,-0.18214996447089682,-0.19583088353100325,-2.24400362182704
4338,0,0,0,0,0,1,0,0,1,0,1,0,1,0,0,0,0,0,0,0,-0.610144978712858,0.7804451240220539,-0.007867747579650053
4339,0,0,1,0,1,2,0,0,1,1,1,0,1,1,1,1,1,0,1,0,0.8355609716198815,-0.28906672549478596,-0.2200199246383325
4340,1,0,1,0,1,2,0,1,1,1,0,1,0,0,1,1,1,1,0,0,-0.20629500464979011,-0.08361424231435115,0.09042316592586355
4341,0,0,2,0,0,1,0,1,1,1,0,2,1,0,0,1,0,2,1,2,0.08794258529974829,1.2517719623788177,-0.02378964048442081
4342,0,1,1,0,0,1,0,2,0,2,0,0,2,0,0,0,2,0,2,0,-0.9977413889063494,-2.5019352081761026,0.5079399442981647
4343,0,1,0,1,0,0,0,0,2,2,2,1,2,0,0,0,0,1,1,1,-0.29570766889862465,-0.8942586566050851,0.33683701371589336
4344,0,1,0,0,0,1,0,1,1,1,1,1,1,0,1,0,1,0,1,0,-0.23338807971316045,-1.4322998770996878,-0.3496549780627922
4345,1,0,0,0,0,1,0,0,1,1,1,0,1,0,0,0,1,1,0,0,-1.1487480005369701,-0.957231671424785,-0.5991170645564246
4346,0,1,0,0,1,1,1,1,0,0,0,0,1,0,1,1,0,0,1,0,0.8190299514757058,-0.5035509826765439,0.9718087857467752
4347,0,0,0,0,0,1,0,0,2,1,1,1,1,0,0,2,1,1,2,0,-0.7294918704324712,-1.021331064924902,0.4260803173678058
4348,0,0,1,0,0,1,0,0,0,0,0,1,0,0,1,1,0,0,1,2,1.913693835814837,2.5603358500865796,1.9962876853312663
4349,1,0,0,0,0,0,1,0,0,2,1,1,0,0,0,1,1,1,2,0,-0.6631257441783361,1.1125420101413046,-0.08471810148283053
4350,1,1,1,0,0,0,0,0,2,1,0,1,0,0,0,1,0,0,2,0,1.0322797667167682,-0.558518913666187,-0.6262305694649346
4351,0,1,1,0,1,2,0,1,1,0,1,0,1,0,0,1,1,0,1,0,-1.7919591372459027,-0.21558656123875664,-0.39117087260127603
4352,0,0,0,0,1,1,0,0,1,1,2,0,0,1,0,1,1,1,1,0,0.9222059317229981,1.0038091221291026,-0.7443395754458435
4353,0,0,1,0,1,1,0,0,2,1,1,0,0,0,2,0,1,0,0,1,0.9573671736624322,-0.10191465187188764,-2.0105072122090832
4354,0,0,1,1,0,0,0,0,0,1,0,1,1,1,0,1,2,0,0,1,0.2249996790248513,-0.8230583942697763,0.43025315567433065
4355,0,1,1,0,1,0,0,0,1,0,0,1,0,0,0,1,1,2,1,1,0.03254502510435325,-1.1399714798806424,1.2601606172852322
4356,0,1,1,0,0,1,0,1,1,0,0,0,1,0,0,1,1,1,1,0,-1.3837240740000845,-0.6935120618989848,0.11957961956624613
4357,0,1,1,0,0,1,0,0,1,0,1,0,2,1,0,0,0,0,1,1,-0.6237561229724009,-0.7069611142557836,-0.8586193976879923
4358,0,1,1,0,0,2,0,0,1,0,0,1,0,1,0,0,1,0,0,0,0.3973660496095437,-0.6098041900050027,0.09687238758382624
4359,0,1,2,0,0,1,0,0,1,0,0,1,1,0,0,0,1,0,1,0,-0.7662171712908222,0.32215405462063296,0.7391412749268255
4360,0,0,0,0,0,1,0,0,2,1,2,2,1,1,0,0,0,1,0,0,-0.288994549250206,0.7039965304446067,-1.3021436748201864
4361,0,1,0,0,0,0,0,0,0,1,2,0,0,0,1,1,0,1,0,2,-1.1813390369485266,-0.09796919645633406,-1.0472119153908532
4362,0,1,1,0,0,0,0,0,0,2,0,0,1,0,0,1,0,1,0,0,-0.5552677641855284,-1.497185393718599,-0.19075782276604702
4363,0,0,0,0,0,1,0,0,1,0,1,0,0,1,0,2,0,1,0,0,-0.5179029526544923,0.2872049279198258,-0.573091945212101
4364,0,2,1,1,0,0,0,0,2,0,0,2,0,0,1,0,1,1,1,1,-0.6943747243071113,0.6882668596036934,-0.5760671890058101
4365,0,0,0,0,1,2,0,0,2,1,1,2,1,0,0,0,0,0,0,0,-4.108157907891736,-2.8046822125879256,-0.4686082087777953
4366,0,1,0,0,1,1,0,0,1,1,0,0,2,0,0,1,1,1,0,0,0.7756134482770634,0.5469301466040595,-0.3163090545974351
4367,0,0,0,0,0,1,0,0,0,0,0,0,1,1,0,2,2,0,1,1,-0.14678888492810244,1.1836549983052114,-1.466526724669405
4368,0,1,0,0,0,1,0,0,1,1,0,0,0,0,0,0,0,1,1,1,0.3020885565777799,-0.23082465755177317,-0.03540938308178751
4369,0,0,1,0,0,0,0,0,2,0,0,1,0,1,0,1,2,1,0,1,-1.2020298921416466,-0.1579689801604287,1.387532917078011
4370,0,0,1,0,0,0,0,1,0,0,1,1,0,0,1,2,2,0,0,0,-1.2215927461405427,-0.5251284004208683,0.43966515688432556
4371,0,0,1,0,1,1,0,0,1,2,1,0,1,1,0,1,0,1,1,0,-0.1261974218507095,0.5916751359495926,-0.5369478172603449
4372,0,0,0,0,1,0,1,0,2,1,0,1,1,1,0,2,2,1,0,0,-1.6983781815793535,-1.5421713693254695,-0.31148790536585913
4373,0,1,1,0,0,0,0,0,1,1,0,0,1,1,0,1,0,1,0,0,1.3912477094312514,-0.35957358675547146,1.3969309326046782
4374,0,1,0,0,0,1,0,0,1,1,0,1,1,0,1,1,1,0,1,1,0.3598040182940156,1.911393782785394,-0.5517770459946001
4375,0,0,0,0,0,0,0,0,1,1,0,0,0,0,0,2,0,0,1,1,-0.6490261163581696,-1.1342007291967489,0.8930361095425077
4376,1,0,2,0,0,0,0,0,1,0,1,0,2,0,0,1,0,2,1,1,-0.7385935352550085,-1.0900012857884125,1.5255315800545692
4377,1,0,1,1,0,1,0,0,0,0,0,1,0,0,1,0,0,1,0,0,0.24755438121551182,1.3879661751766705,0.8754766306561312
4378,0,1,0,0,1,2,0,0,1,1,1,1,1,0,1,1,0,0,1,0,0.2962433351229465,-0.49267676419768885,-0.6407386876769567
4379,1,1,2,0,0,1,1,0,1,1,0,2,1,1,0,1,1,0,1,0,0.07717767252040113,1.4516256306911985,2.74149560335526
4380,0,0,0,0,1,0,0,0,1,1,1,1,2,0,1,2,1,0,0,1,-0.49288298476801545,1.2208151850798088,1.578949222835056
4381,0,1,0,0,1,0,1,0,2,1,0,0,1,1,1,2,0,1,2,1,-1.485642047299895,0.2523229172722301,0.5886997200785969
4382,0,0,1,0,0,0,0,0,1,0,0,1,1,0,0,1,1,1,0,0,-1.4928969290081566,0.41221330813550827,-0.21232944254363087
4383,1,0,0,0,0,1,0,0,2,0,0,0,0,0,0,1,1,1,1,0,-1.5106876744038606,-1.5348844609762726,-0.4464400934076559
4384,0,0,1,0,0,0,0,0,1,1,1,1,1,0,1,2,0,1,0,0,1.9346633737833503,1.4528469886797355,1.9077161550231718
4385,0,0,0,0,0,1,0,0,2,0,0,2,1,1,1,0,0,0,2,2,1.396563391668174,-0.21682653543050978,1.121229663339446
4386,0,1,0,0,0,1,1,0,0,2,0,0,1,0,0,1,0,0,1,0,0.3760395974645604,-0.0888733360323602,-1.6256911787416157
4387,1,0,1,0,0,1,0,0,1,0,1,0,1,0,0,1,2,1,0,0,0.36525215227769053,0.08117597413534275,0.7600888699906326
4388,0,0,1,0,0,0,0,0,1,2,0,0,0,1,0,1,1,0,1,1,0.7490112759463331,-1.4105760907564133,0.6754372454565856
4389,0,0,1,0,0,1,0,0,1,1,0,0,1,0,0,1,2,0,0,0,1.8395212805353398,-0.6744128284321426,0.9424021320149681
4390,0,1,1,0,1,1,0,0,1,1,0,1,1,2,0,2,1,1,1,0,-1.1210042182317492,0.0028352190085527973,-0.29564675295432474
4391,0,0,0,0,0,2,0,1,0,0,1,0,0,0,1,1,1,0,2,0,0.5947901923198108,1.9312536309151915,0.8184720028477152
4392,1,0,1,0,1,1,0,0,1,1,2,0,0,0,0,1,1,2,0,1,0.3962297394820264,0.860226654957019,-0.6776694956608189
4393,0,1,0,0,1,0,0,1,0,0,0,0,0,0,0,0,1,0,1,0,-1.6495881367544298,-1.7723170864818032,0.016069784616171257
4394,0,1,0,0,0,1,0,0,0,1,0,1,0,0,1,0,0,0,2,1,0.6600115423387393,-0.666270937412909,0.5875668742430822
4395,0,0,0,1,0,1,0,0,1,2,0,1,2,0,0,0,1,2,1,1,-1.7089209163620807,-0.17992631298759004,0.23738583348092823
4396,0,2,1,0,0,1,0,0,2,0,1,1,1,1,0,0,1,1,1,1,0.47230746951356645,-0.5696038399020921,1.6405373162129788
4397,0,1,1,2,0,2,0,0,1,1,0,0,2,0,0,0,1,0,1,0,-1.3623871600930768,-2.6267043316915784,0.8794076331852714
4398,0,1,2,1,1,1,0,0,1,0,2,1,0,0,2,0,0,1,1,0,-0.489651890053318,0.3225596918611845,1.602668143708203
4399,1,0,0,0,0,1,0,0,0,0,0,0,1,0,0,1,0,0,1,1,-0.12790428312723248,0.05451758107223753,0.8291141946877053
4400,0,1,1,1,0,1,1,0,0,0,0,0,0,0,1,0,0,1,1,0,0.427275424092505,0.745301058718866,1.205535206962225
4401,0,0,0,0,0,0,1,1,1,1,2,0,0,1,1,2,0,1,0,1,-1.3954175739689831,-1.1605799262311909,0.34205390078211606
4402,1,0,1,0,0,2,0,0,1,0,1,1,1,0,0,0,0,0,1,0,0.14358231334424418,-1.089067491366513,0.550067269543498
4403,0,2,2,0,0,2,1,0,0,1,0,1,0,0,0,0,0,0,2,2,-0.9864701697747174,-0.29142506300450927,1.4815643128476983
4404,0,0,0,0,0,0,0,2,1,0,0,1,0,0,0,0,0,0,1,0,-0.36877237525965206,-0.7793271517553583,1.2344281002238056
4405,0,0,1,0,0,1,0,0,0,0,0,0,0,1,0,2,2,1,1,1,1.759529014672321,0.8034692310070477,1.4944729703844868
4406,0,0,1,0,0,2,0,0,2,1,1,1,2,0,0,0,1,0,1,1,-0.4214397103328102,-0.6095564662081685,-0.18806032993216806
4407,0,2,1,0,1,0,0,0,0,1,0,2,1,0,0,1,1,1,0,1,0.9406439646239733,0.9123352650877831,0.6348072847818811
4408,1,0,1,2,0,1,0,0,2,1,0,0,1,1,0,1,1,0,2,0,-0.7249927579163291,2.4608490190335295,-0.7963885647579366
4409,0,0,1,0,0,2,0,0,1,1,0,0,0,1,0,1,1,0,1,1,0.5744827034741459,1.6271751075631247,0.2640967789958151
4410,0,1,1,0,1,2,0,0,1,0,1,0,0,0,1,0,1,0,1,0,0.5242596947070604,-0.7078254026086185,1.7376947325416652
4411,0,1,0,0,0,0,0,0,0,1,1,2,1,1,0,2,1,1,1,1,0.5008039457331003,0.2010313003020172,-0.3568295571783121
4412,1,1,0,0,1,1,0,0,2,2,0,2,0,0,0,2,1,0,0,0,0.3091291419157157,-0.3516793035785296,-1.360572647270987
4413,0,0,1,0,0,1,0,0,1,0,0,1,2,0,0,0,1,0,2,0,0.5894620823293512,-0.01643307874734161,-1.7852413796311832
4414,0,1,0,0,0,2,0,0,1,1,0,1,0,0,0,1,0,0,1,1,1.0367036997978283,0.008821192655875554,1.8006348272421937
4415,1,1,0,0,0,1,0,0,2,0,0,0,1,0,0,0,0,0,1,1,0.7089869113622981,-0.12620430029654428,0.25627148360179086
4416,0,0,2,0,0,0,0,0,2,1,0,0,1,0,0,0,1,0,0,0,-1.2580546948632665,-0.9887514579476393,-1.533915754425704
4417,1,2,0,0,0,2,0,0,0,0,1,0,0,0,0,1,1,1,0,1,0.9977570106863013,0.04627456945500395,-0.5417989547139153
4418,0,0,1,0,0,1,0,0,1,1,0,0,2,1,0,2,1,0,2,0,-0.3744320245271233,-1.0811191524132557,-0.0800421928984866
4419,1,2,1,0,0,0,0,0,2,0,0,0,1,0,0,1,0,1,0,0,-1.0993930788846997,-2.6381664332416515,3.6965316118003706
4420,0,0,1,0,0,1,1,0,0,2,0,0,1,0,0,1,0,0,1,1,0.760604539884599,1.6459368946025863,0.8033891611878122
4421,0,2,0,0,0,0,0,0,1,2,0,1,1,1,1,0,1,0,1,0,0.03760243897651643,-0.46092477059374615,-0.49032535964231666
4422,0,0,0,1,1,0,0,1,1,1,0,0,1,0,0,2,0,0,1,0,-0.0635722258708123,0.7092089390210751,0.8872726926319958
4423,0,1,2,0,0,0,0,0,1,0,0,1,2,0,0,0,1,2,2,1,0.03160171025604683,-1.0577309071230176,-2.324921723538801
4424,0,1,0,0,0,1,0,0,0,1,1,0,0,1,1,1,2,1,2,1,0.15751407545297952,-1.0593680464305777,-0.7399838752848809
4425,0,0,1,0,0,1,1,0,0,0,1,2,2,0,0,0,1,0,1,0,-0.5048735895377695,-1.13297452726655,0.9630928076100405
4426,0,1,1,0,0,1,0,0,0,0,0,0,1,0,1,0,0,0,1,2,1.0253864275325044,0.8995726302920468,-0.8368623856070201
4427,0,0,1,0,2,1,0,0,1,1,0,0,1,0,0,2,0,0,2,1,-0.07658292680741734,-0.4165133521171641,-1.260700474867092
4428,0,1,2,0,1,0,0,0,2,0,0,0,1,0,0,1,1,0,2,1,-0.045522294599965825,0.4026965317201763,-0.13026494049255305
4429,0,0,2,0,0,0,0,1,0,0,0,0,0,1,0,1,2,0,0,0,-0.316717293624377,-0.01062427713047498,0.5113696443386739
4430,0,1,0,0,0,0,0,0,2,1,0,1,0,0,0,1,1,1,1,0,-0.6627554220122914,-0.14033855607731335,1.9138868328991485
4431,0,1,0,0,0,1,0,0,2,0,0,1,1,0,0,0,1,0,0,2,0.6239757822579961,-0.36710999192123916,-0.1570354611159921
4432,1,0,0,1,0,1,0,1,1,1,2,1,1,0,1,2,0,1,0,1,2.143159732238054,4.003720515432696,4.04124723667175
4433,0,1,1,0,0,1,0,0,0,0,0,2,1,0,0,1,0,0,0,1,-0.1015514391059302,0.6981856488406541,0.1781230231183974
4434,0,1,2,0,1,0,0,0,1,0,1,2,0,0,0,1,1,2,1,2,1.0133434773411787,0.573889292590227,-0.45721490735443965
4435,0,0,1,0,0,0,0,2,2,1,0,2,1,1,0,2,1,0,1,1,0.22674325587646246,-0.1880032100379665,-0.015404960382433455
4436,0,0,0,0,0,2,0,0,1,0,0,1,0,0,0,0,1,0,2,0,-0.8944805885582265,0.4599278980763822,-0.7129626065832301
4437,0,0,0,0,0,1,0,0,2,1,0,1,1,0,0,0,0,0,1,0,-0.14602305677126284,1.3767309768708749,-1.156956827961141
4438,0,1,0,0,1,1,0,0,2,1,2,0,1,1,1,2,1,0,1,0,0.44986888244443146,0.38800556009335835,-0.85972063673155
4439,0,0,0,0,0,0,1,0,1,2,1,0,0,1,0,0,0,0,1,1,-0.9693181104341743,-0.43766032288374457,-1.0524459518252955
4440,0,0,1,0,0,1,0,0,2,0,0,1,0,0,0,0,0,2,1,0,-0.45901298001219026,0.041437829676508775,-0.8007187909873765
4441,0,0,0,0,1,0,0,0,1,2,1,0,2,0,0,1,1,0,1,1,-1.8290048062798336,0.616995453627649,-1.8235734765887048
4442,0,0,2,0,0,1,0,1,0,1,0,0,0,0,0,2,1,0,2,1,0.7710605246001931,1.5039664299930458,-0.8751783429630983
4443,0,0,0,0,1,1,0,0,2,1,0,1,1,0,0,1,1,1,1,1,1.0695670182049724,1.6766498616434735,-1.0738922532937298
4444,0,0,1,0,0,1,0,0,1,1,1,1,0,0,1,0,1,0,0,1,1.810226443898915,0.15822409757208244,2.057167175430614
4445,0,0,1,0,1,2,0,2,0,1,0,0,0,0,1,1,1,1,2,1,0.19436762507928562,0.3409797566744807,-0.8648658783144962
4446,0,0,1,1,0,2,0,0,2,0,1,0,0,0,0,1,1,1,1,0,-0.7866129754628937,-1.177796293865477,-1.8755123156726141
4447,0,2,1,0,1,2,0,0,2,1,0,2,0,0,0,2,1,0,1,1,0.5792445080023046,0.4910797558746022,0.03637301918130231
4448,0,0,1,0,0,2,1,0,0,0,0,1,0,0,0,0,0,0,0,0,-0.21002706721900308,0.09675543374406523,-1.012251346792365
4449,0,0,1,0,0,2,0,0,0,0,0,2,0,1,0,2,1,0,2,0,1.0623962446286204,2.2714851160322858,0.06544035711555019
4450,0,0,1,0,0,0,1,0,1,1,0,0,2,0,0,0,1,0,0,1,-1.7566283755525718,-1.2175144994447413,-1.507992876165569
4451,0,0,0,0,0,1,0,0,1,1,0,1,1,0,1,0,0,0,0,1,1.365252525531709,0.361742509415109,0.6657285660947836
4452,1,1,0,0,0,1,0,0,1,1,0,1,0,0,1,0,1,1,1,0,0.03755666651256708,0.39867085429233845,0.4394271628548678
4453,0,1,1,0,0,2,0,0,2,1,0,0,1,0,0,0,0,0,2,1,-0.6656508959051455,0.33550024297323633,-1.7965017497689282
4454,0,1,0,0,0,0,0,0,1,0,0,1,1,1,1,1,1,0,1,1,0.3864861084536654,1.3663201445351085,-0.6352859824334693
4455,0,2,1,0,0,1,1,0,1,0,0,0,1,1,1,1,0,0,1,1,-0.06941077835966217,-1.0013838084289828,-0.6571660610050492
4456,1,1,0,0,0,1,0,0,0,0,0,0,0,0,0,0,0,0,0,1,1.1264495917312007,2.135932907817403,1.1974045718983464
4457,0,0,0,0,0,2,0,0,2,1,1,1,0,0,1,1,1,0,0,0,-0.5028894386990777,-0.08536825463317971,1.1743512150776376
4458,0,0,0,0,1,1,0,1,1,0,1,0,1,1,0,2,2,0,0,1,-0.31363934834459317,-1.2557470867399072,0.4984863733833271
4459,0,2,1,0,0,1,0,0,2,2,0,1,1,1,0,0,0,1,1,2,-0.24770520268778132,1.3169815097665416,-0.44961079799809134
4460,0,1,1,1,1,0,0,0,1,1,0,1,1,0,0,1,0,0,0,0,-0.14514203991426333,-1.7240598132436054,0.5829240969080622
4461,0,2,1,0,0,1,0,0,0,0,0,1,1,0,0,1,2,0,2,0,-0.32071921397668457,-2.6837446255443034,2.6461197295120935
4462,0,0,1,1,0,1,0,0,1,0,1,0,1,0,0,1,0,0,1,0,-0.8883972814135386,-0.5385764079217141,-0.25370113566678004
4463,0,0,1,0,0,0,0,0,2,2,0,0,0,0,0,2,1,1,1,0,1.8874856761047518,0.625801352489255,1.3427840779004752
4464,0,1,0,0,0,1,0,0,2,0,0,0,1,1,0,1,0,1,2,0,1.0668716985806133,0.7110750215651149,0.3664901278310466
4465,0,0,0,0,1,0,0,1,2,1,1,0,1,0,0,0,1,0,1,1,-0.41578992049217367,-0.4071765323431308,-1.118987356618212
4466,0,1,2,0,0,0,0,1,1,2,1,0,2,0,0,1,2,1,0,0,-2.2035697499559523,-1.7705965028271504,-0.41678571502892675
4467,1,0,0,0,0,1,0,0,1,2,1,1,0,0,0,1,2,1,1,1,-0.1600851284434538,-0.9504628175886144,-0.4690159803963035
4468,0,0,2,0,0,1,0,0,1,0,0,0,1,0,1,1,1,2,1,0,-2.083839012015793,-1.1059040875711676,0.4432232274181356
4469,0,1,0,0,0,0,0,0,2,0,0,1,1,0,0,1,0,1,1,0,0.15297562589295607,1.614982266393482,-1.304329137674383
4470,0,1,0,0,0,0,0,0,0,1,0,0,1,1,0,0,1,0,1,1,0.49684975887947264,-0.831878212018138,-0.9772085105008088
4471,0,0,1,0,0,1,2,0,2,1,1,1,0,0,0,0,0,0,1,0,0.12347038894190875,1.3370491221221072,1.7962029865792228
4472,1,1,1,1,0,0,0,0,1,1,0,2,0,1,1,2,0,1,0,0,2.4538009198132227,-0.5834402328131405,1.5723490688151065
4473,0,0,0,0,1,2,0,1,2,1,0,2,1,0,0,1,0,1,2,0,0.6119049349517173,0.445837687251973,-0.3837849689219054
4474,0,0,1,0,0,1,0,0,0,2,0,1,1,1,1,1,1,0,1,0,1.0222882610376627,0.02808360401895038,-0.055923716450651306
4475,1,0,1,0,0,0,0,0,1,1,0,1,1,0,0,1,0,0,1,2,-0.15208623998518742,-0.10532916140475623,0.013135055418174092
4476,0,0,1,0,0,0,0,1,1,2,0,0,0,0,0,2,1,0,0,0,1.7380742897209838,1.373524760802017,-0.3014156011683329
4477,0,1,0,0,1,1,0,0,0,0,0,1,0,0,0,0,1,0,2,1,0.562988125259456,-0.4915884963886272,0.5271594460862529
4478,0,1,0,0,0,1,0,0,1,0,1,0,1,0,1,2,0,0,1,1,0.8041099958299599,0.17850797989704328,-0.4688147644255043
4479,0,1,1,0,1,0,0,0,1,2,0,1,1,0,0,0,1,1,0,0,-0.41094314000518645,-0.025074361696010572,0.6852486542589051
4480,0,0,2,0,0,1,0,0,1,1,1,1,1,0,1,2,1,0,2,1,0.5658936251237099,0.8223240357597423,1.3398735451855464
4481,0,1,2,1,1,0,0,0,1,1,1,1,0,0,0,1,1,0,1,2,-0.23063116914723858,-0.5836095800679977,-0.45165552129899256
4482,0,1,1,0,0,2,1,0,0,0,0,0,0,0,0,2,1,1,2,1,-0.7227855520051041,0.34992597631408573,-0.9217543230949825
4483,0,0,1,0,0,2,0,1,1,0,1,1,1,0,0,1,2,1,2,1,1.9097728341580251,-0.6939149373950266,-0.874905131937604
4484,0,1,0,0,0,1,0,0,1,0,1,0,1,0,0,1,1,0,0,1,-0.11090963156732091,0.907381509451715,-0.5214351009862503
4485,0,1,0,0,0,1,0,0,2,0,0,0,1,2,1,1,1,2,1,0,1.3271659800584608,1.7868429663135346,0.777969445493155
4486,0,0,1,1,0,0,0,0,2,1,0,1,0,0,0,0,1,0,0,0,-0.2118913887558111,-0.5129008769425224,-1.5712711927107867
4487,1,0,0,0,0,0,0,1,1,1,0,1,1,0,0,0,2,1,0,1,-0.25885502833067514,0.0811775300857892,-0.395140329075381
4488,0,0,0,0,0,2,1,0,0,2,1,0,0,1,0,0,1,1,1,2,-0.7436310696874397,0.13739543523004016,0.718988712568464
4489,0,0,1,0,0,1,0,0,0,0,0,1,0,0,0,1,1,2,0,1,-0.6450083766322794,0.04461283357106388,0.27957581598252934
4490,1,1,0,0,0,0,0,0,2,1,0,0,2,1,1,0,0,1,1,1,-0.09737172374891485,0.1760585331809214,-0.40480903133733126
4491,0,2,0,0,1,2,0,1,0,0,0,1,0,0,0,0,0,0,0,0,-0.28223636801611207,-0.5440458447483236,0.050907960659863714
4492,0,0,1,0,0,0,0,0,1,0,0,0,1,1,0,1,1,0,1,1,1.1942533551921195,-0.22795215858622309,-1.6149553823670812
4493,1,0,0,0,2,1,0,0,1,0,2,0,2,0,1,0,1,0,1,0,-0.6557860650386514,-0.6023676682034109,-1.1515077109818594
4494,0,0,1,1,0,0,0,0,1,1,0,0,1,0,1,1,1,0,1,1,0.2607246780102658,-0.04860419613082012,0.154801428498526
4495,0,0,0,0,0,0,0,0,2,0,0,2,0,1,0,2,0,0,1,0,0.31107225521249543,0.9444895340674524,0.08334391349730357
4496,0,1,0,0,0,2,0,1,0,1,0,0,1,1,0,0,0,1,1,1,-0.30865145160490276,1.5882152290009866,1.8973031671221015
4497,1,1,1,0,0,1,0,0,0,0,1,1,1,0,0,1,2,1,0,0,-1.124309577431896,-1.0497737015115691,-0.8464263570450324
4498,0,1,0,0,0,1,0,0,1,0,0,1,0,0,1,1,0,1,0,0,0.10144270939416623,0.1517370505364717,-0.10746919859027135
4499,0,1,0,0,0,0,0,1,1,1,0,1,1,0,0,1,1,1,1,1,0.12614631883431174,1.164245312814356,2.0153756420366804
4500,0,1,0,0,0,1,0,1,1,0,1,1,0,1,0,0,1,0,1,0,0.2558280635439097,-1.1141026343561546,-0.01248050327347125
4501,0,0,1,0,0,1,0,0,1,1,1,0,1,0,1,1,1,0,1,0,0.7706449757292761,0.5388328904140699,-0.007972600961009074
4502,1,2,0,0,1,1,1,1,0,0,0,1,0,1,0,0,1,0,1,0,0.2345976107291039,-1.7087909826745706,2.794886010519169
4503,0,0,0,0,0,2,0,0,1,1,1,0,1,0,0,0,0,0,0,0,-0.6560870642504825,-1.510212764650674,0.9490579097462157
4504,0,0,1,0,1,1,0,0,2,0,1,0,0,0,0,1,0,1,2,1,-0.8322022766944724,0.6468249092241216,0.20924273573223123
4505,0,0,1,0,0,1,0,0,0,1,1,0,2,0,0,2,0,1,1,0,0.5153328113922386,1.0451989858890514,0.5352265912000868
4506,0,2,0,1,0,0,0,0,1,1,0,1,0,0,1,0,0,1,0,1,-0.2831308800058043,1.7053153627091853,0.30749512949053576
4507,0,0,2,0,0,2,0,0,1,0,0,2,0,2,0,0,0,0,0,1,-0.687992011184756,-0.6231084010715404,0.14344810475362818
4508,0,1,1,0,0,1,0,0,0,1,0,1,0,1,0,0,1,0,1,0,-0.1945678675773616,-0.9215814400394372,0.09946431568413731
4509,0,0,1,0,0,0,0,0,1,1,1,0,0,1,0,0,1,2,1,1,0.3936944100059858,-1.4132005704883135,-0.4105807085230096
4510,0,1,2,0,0,1,0,0,2,0,0,0,1,0,0,1,0,0,2,0,-0.724959804521188,0.2684882386853388,0.8647606748749955
4511,0,1,1,0,0,2,0,0,1,0,0,0,1,0,0,0,1,0,1,1,-0.3247153985216065,-0.9697864588577548,0.12882023437271986
4512,0,1,0,0,0,2,0,1,0,0,1,0,2,0,0,2,0,0,0,0,0.23323691876286567,-1.1089556589539176,0.5756075984663904
4513,0,0,0,0,0,0,0,0,0,0,0,0,0,1,1,0,1,0,0,0,-1.4448933692197277,0.11758434586913602,0.706364109233977
4514,0,1,0,0,1,1,0,0,0,1,0,1,1,1,1,0,1,1,0,1,1.0319105921040843,-0.7032173953160225,-0.3996538372516705
4515,0,1,0,0,0,1,0,1,1,0,1,0,0,0,0,0,0,2,0,1,-0.4903151842408758,-1.0254488254849314,-1.2822591366739622
4516,0,0,1,0,0,1,0,1,2,1,0,0,1,0,0,1,1,0,1,2,0.2755422058036439,-0.23481994309101561,-0.6413233001958658
4517,0,2,0,0,1,0,0,1,2,0,0,0,2,0,0,1,0,0,2,0,-0.24058072923612592,-1.0862866872387131,0.2727547237466291
4518,0,0,0,0,0,1,0,0,1,2,1,0,0,1,0,0,1,0,0,0,-1.2300985608551915,1.5118674294253316,0.33399339749954104
4519,0,0,0,0,1,0,0,0,2,0,1,0,0,1,1,1,1,1,1,1,-0.11191012373137246,0.17673740970793642,-0.9532669036350782
4520,0,0,2,0,1,1,1,1,0,0,1,0,0,0,0,1,1,1,0,1,0.6477796167415735,0.972146187788512,-0.7283531343571358
4521,0,1,1,0,0,2,0,0,1,1,0,1,0,2,1,1,2,0,2,1,-1.1139143089006684,1.0809739296855683,-1.6954354697875373
4522,0,0,1,1,0,1,0,0,1,1,1,0,2,0,0,1,0,0,0,1,0.13506738208600322,-0.027747241463862454,0.18742697548188103
4523,0,0,1,0,0,1,0,0,1,1,0,1,0,1,0,2,2,1,1,1,-0.7153790484126388,2.2084403168290194,0.16757094045468818
4524,0,1,1,0,2,1,0,0,1,2,0,1,1,0,1,2,0,0,0,0,-0.8315171630234421,-1.3183414766993469,1.1391738060127024
4525,0,0,0,0,0,1,0,0,2,0,1,0,0,0,1,1,0,0,1,0,-0.3320723871691683,0.0867414410587094,-0.23736127095540924
4526,0,0,1,0,0,1,0,0,1,2,1,0,1,0,0,2,1,1,0,0,0.6516436803828741,0.0664092951259978,0.03240155486599944
4527,0,0,2,0,1,0,0,1,1,0,1,1,0,0,0,1,2,1,1,0,-0.22234573570666633,-0.07314674748270444,-0.07854283637041398
4528,0,1,1,0,2,0,0,0,0,2,0,0,1,0,0,0,0,0,2,0,0.588019482634231,0.007878119013481844,1.154557746795094
4529,0,0,1,0,0,1,0,0,0,1,0,1,0,1,0,1,1,1,1,1,-0.8250017935339884,1.293579643773374,-0.4781774423975772
4530,0,0,1,0,0,2,0,1,1,0,0,0,1,0,0,2,0,1,1,1,1.1205483206732243,1.0808596991539632,0.014379063183128038
4531,0,1,0,0,2,2,0,0,1,0,2,0,1,1,0,0,0,0,1,2,-0.26110326136549583,-0.19408217975831693,-0.5223501355200745
4532,0,0,1,0,0,1,0,0,2,0,1,0,1,0,1,0,1,0,2,2,-0.19195617887371338,0.7505577278026468,1.4691103151829117
4533,0,1,2,0,1,1,0,0,1,1,1,0,0,0,0,0,0,0,0,1,-0.2387605779755384,-2.2198043671857373,-0.07448540758529132
4534,0,1,0,0,0,0,0,0,1,1,0,0,2,1,1,1,0,1,1,1,0.46338389338414104,-1.2080108975320831,1.9200985023044719
4535,0,0,1,0,0,2,1,0,0,0,1,0,0,0,0,2,1,0,2,0,3.0589458442236634,1.8111137404610576,0.7950839275249751
4536,1,0,0,1,0,1,0,2,0,1,0,1,1,0,1,0,0,1,2,0,-0.5295338554491422,-1.503245748319235,1.7480888829621688
4537,0,0,0,0,0,1,1,1,1,1,0,0,2,0,0,1,1,1,1,1,2.0369229961777573,0.036173372210556165,0.19648132308995614
4538,0,0,0,0,0,2,0,0,0,2,0,0,0,1,2,0,1,0,1,2,1.0462233836305153,1.3881352877031934,0.9094639649345744
4539,0,0,1,1,0,0,0,0,1,0,0,0,2,1,0,1,0,0,1,1,0.4744794774100027,-0.25032043375331203,0.11668333709851642
4540,1,1,0,0,0,2,0,0,0,1,1,0,2,0,0,1,1,1,1,0,-0.5853089528449142,-1.4916789166906284,0.8072992527681088
4541,0,0,2,1,0,1,0,0,0,1,1,0,1,0,0,0,0,1,1,0,1.0068528475818561,1.7079642658210024,0.6413105857228094
4542,0,0,1,0,0,0,1,0,0,0,1,1,1,0,0,2,0,0,1,1,-0.5826229354304904,0.18825580070749154,-0.19964298980280015
4543,0,2,1,0,0,1,0,0,1,0,1,0,1,0,0,1,0,0,1,1,0.5639921792645947,-0.8044379576007339,-1.2258177118629061
4544,0,2,1,0,0,1,0,0,1,1,0,0,0,0,0,2,0,0,2,1,0.2019684378433799,0.7534016535588266,-0.41939413050783664
4545,0,1,2,0,0,2,0,0,1,0,0,0,1,1,0,0,0,0,1,1,-0.47462914357714464,-0.8569525785150572,-0.5940662578685296
4546,0,0,1,0,0,1,2,0,1,0,1,1,0,1,0,1,0,0,2,0,1.3217727922656237,0.27641206484726255,1.0323331514960061
4547,0,0,0,0,1,0,0,0,0,1,1,0,1,1,0,2,2,0,2,0,0.9376645442318108,-0.3309536779530686,0.22068763426458624
4548,0,0,0,0,0,1,0,0,1,1,2,0,1,1,0,2,0,0,1,0,-0.14547595260722687,0.9837170247126157,-0.8046543149431357
4549,0,2,0,0,0,2,1,0,1,1,0,0,0,0,2,1,0,0,1,1,2.1413983624389736,0.9805999270323047,1.2809031984647419
4550,0,0,1,0,0,1,0,0,0,1,1,1,2,1,0,1,0,2,1,0,0.18055394578007897,0.9054025714768879,0.6677482833393618
4551,0,1,1,0,1,0,0,0,1,1,1,1,1,0,0,1,0,2,0,0,-2.2315948812836797,-2.688299053580398,0.763626078469693
4552,0,0,1,0,0,1,0,0,1,0,2,0,1,2,1,1,0,0,0,1,-0.5538775951939006,-0.4659375116758408,0.725975799054581
4553,1,0,0,0,0,1,1,0,2,2,1,0,1,1,0,0,0,1,0,1,-0.6097672108660371,1.4620790196918938,0.9811714829044657
4554,0,1,1,0,1,2,0,0,1,0,0,1,0,0,0,1,1,0,1,0,-0.38130981279622417,-1.2758540126606859,0.13499476691125203
4555,1,1,1,0,0,1,0,0,0,0,1,0,0,0,0,1,1,0,1,2,-0.6447189569234846,-0.265208322611833,-1.390160309516661
4556,0,0,1,0,0,1,1,0,0,0,0,1,0,0,0,0,1,1,2,1,-1.3999858572918866,-1.0016380005869299,-0.975353061774243
4557,1,1,0,1,1,1,0,1,0,1,1,0,0,1,0,1,0,0,1,1,-0.32058087859370815,1.165134606753985,0.17588846526827354
4558,0,1,1,0,1,0,0,0,1,2,1,1,0,1,0,1,0,0,2,0,-0.8094703749412232,-1.7586644287567055,-0.40670916306543586
4559,0,0,1,0,0,1,0,0,1,0,0,1,1,1,0,0,0,0,2,1,-0.9632041232737425,-1.4347717754200882,1.2457554996588884
4560,0,1,1,0,0,1,0,0,2,0,1,1,0,1,0,1,1,0,1,1,-0.11395976982669147,0.5335837634038347,0.7259161439403333
4561,0,0,0,0,0,1,0,0,0,0,0,1,1,0,0,1,1,0,1,1,-0.20908538569290852,-0.32539439969727846,-1.7946340413709203
4562,1,0,0,0,1,0,0,0,1,1,0,2,0,0,0,0,2,0,2,0,0.7791797874533594,1.3449956578048945,0.2790626946488675
4563,0,0,0,0,1,0,1,0,1,1,0,0,0,0,0,0,2,1,0,1,0.2537636774911167,-0.2488887038606976,-0.39003821634067365
4564,1,1,1,0,0,2,0,0,1,1,1,0,0,2,0,0,1,2,0,1,-0.4617868216702263,-0.1516793606641455,-2.9148311269753173
4565,0,1,1,0,0,1,0,0,0,0,0,1,2,0,1,1,1,0,1,0,1.3019844372071177,0.6412784035859911,0.24906415520233274
4566,0,0,1,0,0,1,0,1,0,0,0,0,0,0,0,0,1,1,0,1,0.22508657493014797,-0.7833155919202118,1.3867732952754812
4567,0,2,1,0,0,1,0,0,2,2,1,0,0,0,1,0,1,0,2,0,-1.314938909997427,-0.3760154331493304,0.113741081358509
4568,0,0,1,0,0,1,0,0,0,0,0,1,0,0,0,0,1,0,1,0,0.10353186435772646,-1.512516515036826,-0.732593334997724
4569,0,0,1,0,0,0,0,0,1,1,0,1,0,1,0,0,1,0,2,0,-0.8022721584411464,-0.8087370387605335,-0.9038798665997868
4570,0,1,0,2,0,1,0,0,1,1,0,1,0,0,0,2,0,0,0,0,0.7016550976517004,0.012427365969381321,1.5502406058794214
4571,0,0,0,0,0,1,0,0,1,1,1,0,1,0,0,1,1,1,1,0,0.5569928093915698,0.14917030906466097,-0.12292905715914607
4572,0,0,1,0,1,2,1,0,1,1,0,0,0,0,0,1,1,0,0,0,-0.9230034258402354,0.5197751681460598,0.6360239556932528
4573,1,2,1,0,0,1,0,1,2,1,0,1,0,1,0,0,0,0,2,0,-1.3482613453140402,0.1695237622077893,1.1917638451379042
4574,1,1,1,1,0,1,1,0,2,1,1,1,1,0,1,2,2,1,0,0,0.714515898979674,-0.25007344018273736,-0.6554947287539932
4575,1,0,1,0,1,2,1,0,2,2,2,1,0,0,0,1,0,1,2,1,0.8994081667180985,0.12823005503608742,1.1627797581555048
4576,0,2,2,0,0,0,0,0,2,0,1,0,0,2,0,0,0,1,0,1,0.6462435656612514,0.8251542785644181,-0.5591807600659212
4577,0,1,1,0,1,2,0,0,1,1,0,0,1,0,0,0,0,1,1,0,0.9190406493173942,0.11600639561484563,0.736499386986021
4578,0,2,0,0,1,2,0,0,2,1,0,0,0,2,0,1,0,1,1,0,-0.20896825773823824,0.6114392317869904,1.1388455389611978
4579,0,0,0,0,0,1,0,0,2,1,1,0,0,0,0,0,0,1,0,1,-0.2755762142297989,0.5144864772621638,0.16580183650991048
4580,0,1,1,0,0,1,1,1,0,1,0,0,2,0,0,0,1,0,1,0,-0.15142900626333378,0.09743596951866429,0.19081724801908662
4581,0,1,0,1,0,0,0,0,0,0,0,0,0,0,0,0,0,0,0,1,1.5157660067502774,-1.243277640826442,0.5170581585161852
4582,1,0,1,1,0,0,0,0,1,2,0,0,0,0,0,1,0,1,2,0,0.5513493816995555,-0.016206133367562714,-0.3841709049410166
4583,0,0,1,0,0,1,0,0,2,0,1,1,1,0,0,1,1,1,0,1,-1.299747530760051,-1.3487535265907376,1.2621400006794055
4584,1,1,0,0,0,1,0,0,1,1,0,0,2,1,0,0,1,0,0,0,-0.13155455939665595,0.3070380625273003,-0.6367932175477018
4585,0,0,0,0,1,2,0,1,1,1,0,1,1,0,0,0,1,1,0,1,-0.984075172037426,0.10996059034960048,1.1573352239921126
4586,0,0,0,0,0,2,0,0,0,0,0,0,0,1,0,0,0,0,1,0,-0.017121522694093214,1.188113701622758,-0.9790094027035406
4587,0,2,1,1,0,1,0,1,2,1,0,2,0,0,1,1,1,0,1,0,-0.7774914077798182,0.003941838798914132,2.0773141296730433
4588,0,1,1,0,1,0,0,0,0,0,0,2,0,1,0,0,1,0,0,1,1.8201813029308815,1.314108123214266,-0.8884770792180314
4589,0,0,0,0,0,1,0,0,0,2,0,1,0,0,2,0,0,1,2,0,-1.3178709783723075,0.20913078133801655,-2.273142351509891
4590,2,2,0,0,0,1,0,0,0,0,0,2,1,0,0,1,1,1,1,0,0.8684320736901576,-0.27716685440811917,1.0869130787313488
4591,0,0,2,0,0,0,1,0,1,0,0,1,1,0,1,0,1,0,1,1,-0.6496310311851746,-0.02364578510490911,0.2519959719339429
4592,0,1,1,0,1,0,0,0,2,0,0,2,0,1,0,1,1,1,2,1,-0.5491353347431563,1.3038671404072768,0.4106561606989646
4593,0,0,0,0,1,2,0,0,1,0,0,0,0,1,0,1,0,0,0,1,-0.9742153217381839,0.11785143614015325,-0.04830402642028231
4594,0,1,0,0,0,0,0,0,2,0,1,0,0,0,1,0,0,0,1,0,0.010625694983881582,0.02681502484639464,1.118913145005931
4595,0,1,0,0,0,1,1,0,0,0,0,1,0,0,0,0,1,1,2,1,1.643916768157849,0.7407893067345017,1.0685976155010264
4596,0,0,2,0,0,1,0,2,2,2,1,1,0,0,1,0,0,1,1,0,0.32822479910666663,-0.43087820851306136,0.8929330635538487
4597,1,0,0,0,0,1,1,0,2,1,0,0,0,0,0,2,1,1,0,1,0.48596495354492614,0.7497611802594004,-1.055861215501324
4598,0,2,2,0,0,2,0,0,2,0,0,0,1,0,0,1,1,2,0,1,-0.11284111111252809,0.23338078997003792,-0.7368959036077033
4599,1,1,0,0,0,1,0,0,1,0,0,0,1,0,0,2,2,0,2,0,-0.014442251427152063,1.2354772948339552,0.6393876615918498
4600,0,0,0,0,0,0,0,1,2,0,0,0,0,0,0,1,1,1,2,2,-0.354712438958633,0.17193453798115763,-0.3859179812051127
4601,1,1,1,0,0,2,1,0,0,0,0,1,1,1,0,0,0,0,1,0,1.4581310474274911,-0.20137567309894838,1.2527744664373215
4602,0,1,2,0,0,1,0,0,1,1,0,0,0,0,1,1,1,0,1,1,1.3088975751412102,0.1318106515007511,-0.5562960838335321
4603,0,0,1,0,0,2,1,0,1,2,0,0,1,0,0,1,0,0,1,0,0.0596815657615042,0.3812801446463655,0.5733055469382418
4604,0,1,0,0,0,1,0,1,2,0,0,0,1,0,0,1,1,0,1,0,1.9214902850533213,1.3754940954359185,0.30914787778444675
4605,1,0,0,0,0,1,0,1,0,1,1,1,1,0,0,2,0,2,0,1,-0.2777140013068338,2.5331328625695773,1.021886326500855
4606,0,0,1,0,0,1,0,0,0,1,0,1,0,0,0,1,2,0,0,0,0.3330390667425675,-0.6663477461039963,1.9479416891812371
4607,0,0,0,0,1,0,0,0,1,1,0,1,0,0,2,1,2,2,1,0,-0.8156071119064894,-1.4959720607765905,-1.3426463206042352
4608,0,0,0,0,0,0,0,0,1,0,0,0,1,1,0,1,0,0,0,0,-0.7559407311608484,-0.7780306894910545,-0.2836321262431873
4609,0,0,0,0,1,0,0,0,2,2,0,1,0,0,0,0,1,0,2,1,0.19673932714401424,-1.4625557454559144,0.10992901411651762
4610,1,0,1,0,2,0,0,0,1,1,1,0,1,0,1,1,1,1,1,1,1.4591326577859929,1.0343432577607308,0.5667688992526211
4611,1,0,0,1,0,1,0,0,2,0,1,1,0,0,1,1,1,1,1,1,0.40708740644376407,-0.10499287444330563,-0.38759343167277005
4612,0,1,0,0,0,1,1,0,1,1,2,0,1,0,0,1,0,0,1,0,-0.12170689810872305,-2.0321442029416716,0.769858189713185
4613,0,0,2,1,1,2,0,0,0,0,0,0,2,0,0,2,2,0,2,0,-2.622341693791847,-0.8471820732358538,-1.4885057069207122
4614,0,1,1,0,0,2,0,0,1,1,1,0,1,0,0,0,1,1,1,2,-0.0878576383335824,-0.9704011178974079,2.1121518892076
4615,0,1,0,0,0,2,0,0,0,0,0,1,0,0,0,2,1,1,1,0,2.1533401673519705,1.6552968090857894,-0.565941114265684
4616,0,0,1,0,0,0,0,0,1,1,1,0,1,1,1,2,0,0,0,0,-0.5923098787705657,-0.04672663091598357,1.4857321799388274
4617,0,2,2,0,0,1,0,0,0,1,0,1,1,0,1,2,0,0,2,2,-0.3019176108681791,-0.5481309778990855,-1.9900258504015034
4618,0,1,1,0,0,1,0,0,1,1,1,1,0,1,1,0,0,1,1,0,0.12969677198312193,-0.10075540473263613,1.512634700160792
4619,0,1,2,0,0,0,0,0,0,0,0,1,0,0,0,0,1,0,0,1,0.10363185251813956,0.575785565562978,2.8734236377489446
4620,0,0,1,0,0,1,0,0,1,1,0,0,2,0,0,1,0,0,1,1,0.5761464319046127,-0.9629439298309168,-0.29849874532302
4621,1,0,1,0,0,1,0,2,1,0,0,0,0,0,0,1,0,1,2,1,-0.22129929853893368,-0.8041488891829296,1.0663703931800446
4622,0,2,0,0,0,2,0,0,0,0,0,1,1,1,0,0,2,1,1,1,-0.08983806974734403,-1.9149810641358005,0.694162755719389
4623,2,0,1,0,1,2,0,0,1,1,0,0,0,1,1,0,0,0,1,0,1.9303230038639958,-0.7491320444580494,0.27159737004042206
4624,0,1,0,0,0,2,0,0,1,1,1,0,2,1,0,0,2,0,0,1,-1.4399701219313716,-2.8181186205967137,0.8611663547041952
4625,0,1,0,0,0,2,0,0,2,0,1,0,0,0,0,1,2,1,1,1,-0.7561481146655451,0.5230211021188329,-0.4401176728980616
4626,0,1,2,0,0,0,1,1,1,1,1,1,2,0,0,1,0,0,1,1,1.465150151840134,0.7159823301725936,-0.4674955343702166
4627,0,1,0,1,0,0,0,0,2,1,0,1,2,0,0,0,2,1,1,1,0.737249767231869,-0.09236041813302592,-0.8492542768405252
4628,0,0,0,0,0,2,0,0,2,1,0,1,1,1,0,1,1,0,1,1,0.34593722098146934,0.79686875140513,-0.5103183967091078
4629,1,0,1,0,0,2,0,1,1,1,0,0,1,0,0,1,0,2,1,0,0.9881418242712996,0.8979216331380312,0.6691642369733248
4630,0,1,0,1,0,0,0,1,1,1,0,1,0,1,0,2,1,1,1,1,-1.357025132309975,-0.26971496093339564,-0.1608424479394967
4631,0,1,0,0,0,0,0,0,0,1,1,0,0,0,1,1,2,0,1,1,-0.2545172245562502,-2.0859530607074874,-0.17195171408762888
4632,0,1,0,0,0,1,0,0,2,1,1,0,0,0,0,0,1,1,1,0,-1.3975146109994432,-0.9668649538320285,-0.5240140341909862
4633,0,0,1,0,0,1,0,0,1,1,0,0,0,1,0,0,0,1,1,2,1.079695181378003,-0.27743200251821154,1.2610915531171913
4634,2,0,0,0,0,0,0,0,0,1,0,1,1,0,1,1,1,0,1,1,0.7771643807006244,0.4220778346348983,0.2508432431752262
4635,0,1,1,1,0,1,0,0,2,1,1,1,2,1,0,1,2,2,1,1,-0.36621699993511847,-1.856408556445239,-0.1533687763439503
4636,0,0,0,0,1,1,0,0,2,1,0,0,1,2,0,0,1,0,2,0,0.6260068183991209,-0.41127491625641854,1.848080070678272
4637,0,0,0,0,0,1,0,0,1,1,1,0,0,0,0,1,0,2,1,0,0.6498253275207391,-0.38062033387806904,-0.14894420520086826
4638,1,1,2,0,0,1,0,0,0,1,0,1,1,1,0,0,0,0,1,1,-0.8913898810625085,0.28939786842193127,0.2683758883325854
4639,0,0,1,0,0,0,0,0,1,1,1,0,0,1,0,0,1,0,1,2,0.023754452748410808,1.523743942532632,2.581667180395506
4640,0,1,1,1,0,0,1,1,0,0,0,0,0,0,0,2,1,1,1,1,-1.1635481611170835,0.9577816326658063,-0.8307296710285678
4641,0,0,0,1,0,1,0,0,1,0,0,0,1,2,0,0,2,1,1,1,1.6038452327713062,-0.5215567953565184,0.21026992764091856
4642,0,0,1,0,0,1,0,0,1,1,0,0,1,0,0,1,1,1,1,0,-0.7259837869609405,-0.8671516018658549,-0.7863056038379823
4643,0,1,0,0,0,1,0,0,1,0,0,1,1,0,0,1,0,0,1,1,-2.07095840327386,0.8285468126626221,-0.3406830808915979
4644,0,0,0,1,0,0,0,0,1,0,1,1,1,0,0,1,0,0,1,1,-0.11827607933300925,-0.27335975339542773,-0.3559438520549606
4645,0,0,0,0,1,0,0,1,0,2,1,1,2,0,0,0,1,0,1,0,-0.17628977391462072,1.3759242979031572,0.4346401227820447
4646,0,1,2,0,0,1,0,1,0,1,0,0,0,0,0,0,0,1,2,0,-2.226880621471457,-0.40162434335507696,0.12754328001322474
4647,0,0,1,0,0,0,0,0,1,0,0,1,0,1,0,0,2,0,1,1,-0.3994765038758978,-2.325552971729169,1.4447968183502722
4648,0,1,0,0,0,1,0,0,1,2,1,1,0,0,0,1,0,0,1,1,0.5395067864036696,1.1884762037106784,-0.0025966273149499175
4649,0,1,0,0,1,0,0,0,1,0,0,1,0,1,0,1,2,1,2,0,0.35637422526552087,-0.46921302466899417,0.7306361498077272
4650,1,1,0,0,0,2,0,0,2,1,2,0,1,0,0,2,0,1,1,0,0.1402362652021943,-0.5025527220594,-0.3540798376965908
4651,0,2,0,0,1,1,0,0,0,1,0,0,0,0,1,1,1,1,1,0,0.23007379598486888,-0.6569530432921085,0.16931187032318995
4652,0,2,1,1,1,2,0,0,1,1,1,1,0,0,0,0,1,0,1,0,-0.4761781144727927,-1.2264015722608834,0.8840950785422703
4653,0,0,2,1,0,1,0,1,0,1,1,1,0,0,0,0,0,1,0,1,-0.6224554475205771,-0.5760690758344567,0.8285960110558775
4654,0,1,0,0,0,2,0,0,2,0,0,1,1,0,0,2,1,0,1,1,4.299421991280944,2.223492728155907,1.4845748882988123
4655,0,1,0,0,0,2,0,0,0,0,0,1,1,0,0,0,0,0,1,0,-1.3041104335145717,0.0004145477854994306,-0.9169917170561106
4656,0,0,2,0,1,0,0,0,0,1,0,1,2,1,0,0,0,0,1,0,-0.9334560693988412,0.0024559076242611777,0.2965540540229661
4657,0,0,1,0,0,2,0,0,1,1,0,1,1,0,1,1,1,0,1,1,-1.3887836397176359,-0.6426813257253552,1.0031797904227082
4658,0,0,1,1,0,2,0,1,1,0,1,0,1,0,0,0,1,0,2,2,-2.115731817996963,-0.9098181431464295,0.6336989190963744
4659,0,0,0,0,1,1,0,0,1,1,2,0,0,1,1,0,1,0,2,0,-0.5000047014435222,-0.8509416492353576,-1.260227943336965
4660,1,0,0,0,0,0,0,1,1,0,0,1,1,0,0,2,1,0,1,1,0.6572935159184734,0.8388525685738699,0.525444790414611
4661,0,1,1,0,0,1,0,1,1,1,1,0,0,0,0,1,0,0,2,1,0.04759244456785828,-0.4410970713621425,0.13719697406024361
4662,0,1,0,0,0,2,0,0,2,0,0,0,0,0,0,1,0,1,0,1,0.3694216859425993,-0.23120490794526416,-0.9356144470066918
4663,0,0,1,0,0,2,0,0,1,0,1,2,1,0,0,0,0,1,2,0,0.039806631054621934,0.3665095919021376,-0.06405011757970658
4664,1,1,0,0,0,2,1,0,0,0,1,0,0,1,0,1,1,0,0,0,0.8792825132736999,-0.12466081735451767,-0.9977770338132299
4665,0,0,1,1,0,2,0,0,0,1,0,1,1,1,0,1,1,0,1,0,-0.026799435904521336,2.1307653599183576,0.14196366275230066
4666,0,0,0,0,0,0,0,0,2,0,1,1,1,1,1,1,1,2,0,1,2.0136993905727674,0.6832651412896114,-1.8444238839266267
4667,1,0,2,0,0,0,0,0,1,0,1,0,1,2,0,1,0,1,1,0,-0.37550446312848423,0.8725803226445672,-0.9222428848085189
4668,0,0,0,0,0,0,0,0,2,1,0,2,0,0,0,1,1,1,1,1,0.04433797466179755,-1.6235569199609525,-0.09072295994588536
4669,0,2,1,0,0,2,0,0,2,1,1,0,1,0,0,0,1,0,0,1,-0.20125229919780915,-1.19301050959824,-0.23493680505733947
4670,1,0,1,0,1,0,0,0,2,2,0,1,2,1,0,1,1,1,1,0,-2.8534442129194306,-1.5765689653461954,0.03053071059357218
4671,2,0,1,0,1,1,1,0,1,1,1,0,1,0,0,1,0,2,2,2,-0.056456743425665507,-0.9855619656096763,0.1936922321969178
4672,0,1,0,0,0,0,0,1,0,2,0,0,1,1,1,1,0,0,2,1,-1.8681807575040303,-0.08564756343020238,-0.8360201645875568
4673,1,1,1,0,2,0,0,0,1,0,0,2,1,0,0,1,0,0,1,1,0.826092974753125,-0.3460584557083974,-0.17332022126225052
4674,0,1,0,0,0,1,0,0,1,0,1,1,0,1,0,0,2,0,1,0,0.9433488275203132,-1.3882884327101297,-0.11494813919171598
4675,0,1,1,0,0,1,0,0,0,2,2,1,2,0,0,0,1,0,0,1,1.146603115420976,-1.1559606320096192,0.7125917225677483
4676,1,1,1,0,0,1,0,0,0,1,0,0,1,0,0,1,1,0,1,0,2.125019586839597,1.941106734009804,1.9858978519876926
4677,0,0,1,0,1,0,2,0,1,0,0,1,1,0,0,1,1,0,1,1,-1.0187001145204189,-0.28407530672063386,-0.6282665064148214
4678,0,0,0,0,0,1,0,0,1,1,1,2,1,1,0,2,1,0,0,0,-1.0396821878721063,0.8145089345482696,-1.0342824593393423
4679,1,0,0,0,0,1,0,0,0,1,1,1,1,1,0,1,0,0,2,1,-0.22682668658222804,-1.1549466747793793,0.808761378287342
4680,0,0,1,0,0,1,0,1,0,0,0,1,1,1,2,1,0,0,0,0,-0.3281594843451828,-0.24738940348139338,0.7830930612142375
4681,0,0,0,0,1,0,1,1,1,1,1,1,1,1,0,0,0,0,0,0,-0.829593385379899,-0.9589386813991552,-0.8240944090495641
4682,0,1,1,1,0,0,0,0,1,0,1,1,1,0,0,1,0,1,1,2,1.6586964591560343,-0.15127059624800943,0.22347195391293598
4683,0,1,2,1,0,1,0,1,1,1,0,0,0,0,0,2,1,1,2,0,-0.36419540274974066,1.6968823980126997,1.4237417573018245
4684,0,0,0,0,1,1,0,0,1,2,1,1,1,0,1,1,0,0,0,2,-1.5326470395931588,-1.9393271239429513,1.07032165547577
4685,0,0,0,1,0,1,0,0,2,1,1,1,2,1,0,0,1,0,1,1,-1.391807966617821,-1.4041860932632675,1.114454672580345
4686,0,1,0,0,1,1,0,0,1,1,0,1,1,0,0,0,0,0,1,2,-0.9712831379233634,-0.8062362717074247,-0.3089217025218043
4687,1,1,0,0,1,1,0,0,2,0,0,0,1,0,1,1,0,0,2,0,-1.435784790280149,-1.6411082372540802,-0.6118274364658517
4688,0,2,1,0,0,1,0,0,0,0,1,0,0,0,0,1,0,1,0,0,0.7878798613974553,-1.5933306167445018,0.5923956083906661
4689,0,0,1,0,0,0,1,0,1,0,0,2,0,0,1,1,0,0,1,0,-0.20509886785152903,-1.0640589229107686,1.6126299538510538
4690,0,1,0,0,1,1,0,1,0,0,0,1,0,0,1,0,1,0,2,1,-1.1013292483545705,-0.19328356780109202,0.2175850128370431
4691,0,1,0,0,0,1,0,0,1,0,1,0,0,0,0,2,0,0,0,1,-0.0825233522119807,-0.3852487704413772,-1.2978245345016945
4692,0,0,1,1,0,1,0,1,1,1,2,1,0,0,0,0,1,0,1,0,0.7679286968406598,-2.535959483369992,1.3443557517900238
4693,0,0,1,0,0,1,1,0,0,1,1,0,1,0,0,0,1,1,0,1,0.2608690962837878,-0.48255520120080275,-0.7871491567091435
4694,0,1,0,0,0,2,0,0,2,2,0,1,1,1,0,1,1,1,1,0,-1.2299926518369189,-1.4281423819946024,0.45171660580030215
4695,0,1,0,0,0,2,0,0,2,1,0,1,0,1,0,1,0,0,0,1,-1.1897757932027626,0.23283067380261935,-1.9293246268005708
4696,0,0,0,0,0,1,0,1,2,1,0,1,2,0,0,0,1,2,1,1,0.4473006067850521,0.6721056446947432,-0.988395656981822
4697,0,2,0,0,1,1,1,0,1,0,0,1,2,0,0,1,1,2,0,0,-0.4120564161838838,-0.7580278672611622,0.08729857615427741
4698,0,1,1,0,0,0,1,0,1,0,1,0,1,0,0,1,0,1,0,1,0.5009164837472104,-0.4111200273920934,-0.28556758207456945
4699,1,1,2,0,1,0,0,0,2,1,0,0,1,1,0,1,1,2,0,2,-0.34397020877392853,0.5821544947398566,-1.1769720930602006
4700,0,1,0,0,0,1,0,0,1,0,1,0,0,0,0,2,1,1,2,0,1.0562427997354564,-0.9823291878349312,1.389656190209449
4701,0,0,0,0,0,1,0,0,0,0,0,1,0,1,0,2,1,0,1,0,-1.7552381950707925,0.1998516852345651,-2.9140054435167184
4702,0,0,0,0,1,1,0,1,1,1,1,0,1,1,0,0,1,0,1,0,-0.6251155915174699,-0.6177481261981711,0.34473253035396806
4703,0,0,0,0,0,1,1,1,2,1,1,2,1,0,0,1,2,0,0,1,0.4952140861608842,-0.410645392783179,0.4180150614692687
4704,0,1,2,0,0,1,0,0,1,1,2,0,1,0,0,1,2,1,0,1,-1.0722505451600592,-1.8604129861465148,-0.01021548698275393
4705,1,1,0,0,0,0,1,0,1,0,1,1,2,0,1,1,1,0,0,0,-0.8074958107354309,-0.08896017037413317,0.11091385845036925
4706,0,1,0,1,0,2,0,0,0,1,1,1,1,1,0,1,0,2,1,1,0.8527654487634311,1.0962397442830585,0.0041830532877269455
4707,0,0,1,0,0,1,1,0,0,0,0,0,0,0,0,1,1,1,2,2,0.3578649111509989,1.0230048628824011,-0.8820781087834378
4708,0,1,1,0,0,0,0,0,0,1,0,1,2,0,0,1,0,0,1,2,-0.16699339647979572,0.9879400054553182,0.500068498740706
4709,0,1,1,0,0,2,0,1,0,0,0,0,1,0,0,0,1,2,1,1,-1.4058871215897109,-1.5380509693991553,1.2601131646676782
4710,1,0,2,0,0,1,0,0,1,1,0,1,1,0,1,1,0,1,0,0,-0.20451241852995472,-1.1101079640660103,1.2092865923251424
4711,0,1,1,0,0,1,0,0,0,1,0,0,0,0,1,1,1,1,1,1,-0.9752708988001962,-1.6216317996774603,-0.9965794625150902
4712,0,1,0,0,0,1,0,0,1,1,0,0,1,0,0,1,1,1,1,0,1.4974151746750355,0.7830753970226465,-2.1595243263572157
4713,1,0,0,0,0,1,0,0,2,1,1,0,1,0,0,1,1,1,2,1,0.722746361542928,0.715061392694856,-0.15947987217301307
4714,1,0,0,0,1,2,0,0,1,1,0,0,0,0,0,1,0,0,0,0,0.06888692778497041,1.7698632723171173,0.1508189177034165
4715,0,0,0,0,0,1,1,0,1,0,0,0,1,0,0,1,0,1,1,2,-0.8870656060759289,0.26758144808655815,-0.717687686938538
4716,0,0,1,0,2,0,0,0,1,1,1,0,1,0,0,2,0,1,2,0,-0.377110081851353,0.9670697409619738,-1.5594505487058727
4717,0,1,1,0,0,1,0,0,0,1,1,1,1,0,1,2,1,1,0,0,0.2220397948163381,0.2752836114042539,-1.4506840745859466
4718,0,0,1,0,1,1,0,0,1,0,1,1,2,0,1,0,0,1,1,2,-0.6668943921777061,0.7040851947172065,0.34684570630064826
4719,0,1,1,0,0,2,0,0,0,0,0,1,2,1,0,2,1,1,0,0,-2.2995941318093718,-1.857671494217786,-0.5926279501845875
4720,0,1,1,0,0,2,0,0,1,1,1,0,0,0,0,1,0,1,1,1,-1.1916093667032042,0.6735042487408478,-0.32969187334330285
4721,0,0,1,0,0,0,0,0,0,2,0,0,2,0,1,0,1,1,1,0,0.3060646165045367,0.9926464702999571,1.7354892800072255
4722,0,0,0,1,1,0,0,0,1,0,1,0,0,0,1,2,0,2,1,1,-1.6117481082781955,0.27232031139342644,-0.4432614327181108
4723,1,0,1,0,1,2,1,1,1,0,0,0,0,0,0,0,1,2,1,2,0.11972951571138023,0.6986245592277667,0.14188009604723417
4724,0,1,1,0,0,0,0,0,2,1,0,0,2,1,1,1,2,0,0,1,2.072260250087867,-0.9299787386960612,-0.41979554170033306
4725,0,0,1,0,0,2,0,1,1,1,0,1,2,0,0,2,0,1,2,1,-0.38347527575036255,0.3678188866176993,1.105950768558866
4726,0,1,1,0,0,0,0,0,0,0,0,2,1,1,0,0,0,0,0,0,-0.7185373079252311,-0.6336826064828786,-0.7012162128807313
4727,0,0,1,0,0,1,0,0,0,0,2,1,0,0,1,0,2,0,1,2,0.1648005152441419,-2.3237085988452817,0.7196220560888369
4728,0,0,0,0,0,2,0,0,2,0,0,0,1,1,0,0,0,0,0,0,1.3102451569956195,0.8136934020325035,-1.0120392077965419
4729,0,1,0,0,1,2,0,0,2,0,1,0,0,1,0,0,1,0,1,0,0.3629563441608383,-1.0391830910859716,0.44117424567566166
4730,0,1,1,1,0,2,0,0,2,0,0,1,0,0,1,1,1,0,1,0,1.4532983068624248,0.7874902390661924,0.23110248502741904
4731,0,1,2,0,0,2,0,0,0,1,0,0,0,0,0,0,0,0,1,1,3.969885504484865,0.5906725204626242,1.2510233570571128
4732,0,1,0,0,0,2,2,0,2,0,1,1,2,0,0,0,0,1,1,0,-0.5502638914180522,-0.9172311744758541,-0.13177144903347338
4733,0,1,0,0,0,1,0,0,1,0,0,1,0,0,0,1,0,2,2,2,-0.3576452041661497,1.2911195020407922,0.7083170141649214
4734,0,0,0,0,0,1,0,0,2,0,0,0,1,0,0,0,1,1,1,2,0.007376085104270018,-0.7708454802524769,-1.822581287407067
4735,1,0,1,1,0,1,0,0,0,1,1,1,0,0,0,1,0,0,1,1,1.579422209024054,1.7200831643020846,-1.4064034596152275
4736,1,1,2,0,1,0,0,0,1,1,0,0,1,0,0,0,0,1,0,0,1.3791586294513307,0.31964896662781916,-0.014312146384898
4737,0,1,1,0,0,2,0,1,0,0,0,0,0,1,0,0,1,0,1,1,-2.3845446703161084,-0.319215287621732,0.027893999358426902
4738,0,1,0,0,1,1,0,0,0,1,0,1,1,0,0,0,2,2,0,0,1.340036346226692,2.181503359316016,0.21931437442682866
4739,0,0,0,0,1,0,0,1,0,0,2,1,1,0,0,2,0,0,1,0,0.8448111389372348,0.6758310998164205,-0.4465250218025263
4740,0,1,0,0,0,0,1,0,2,0,0,1,1,1,1,1,2,0,0,2,-0.9435561796443906,-1.24105414794981,0.21278053151161394
4741,1,0,0,0,0,1,0,1,1,1,1,0,2,0,0,0,0,2,1,1,-0.8133134123901933,-0.23036361391934002,1.3005074590555317
4742,0,0,1,0,0,2,1,0,0,0,1,1,2,0,0,1,1,2,1,0,-1.256104985556845,-0.38030586359394664,-1.3236816715480075
4743,0,0,1,0,0,1,0,0,1,0,0,0,2,0,0,1,0,1,1,0,-0.30532237769738574,-1.1987357711850493,-1.1746880297679638
4744,1,0,2,0,0,0,0,1,2,1,0,1,1,0,0,1,1,1,0,1,2.2682483653801793,-0.15745100831118886,-0.4711058177698941
4745,0,0,1,0,0,0,0,0,1,1,1,1,1,0,0,1,0,1,0,0,-0.39877374751745776,-0.7061895238983427,0.6354490433239698
4746,0,1,1,0,0,1,0,0,2,0,0,0,1,0,0,1,0,0,1,1,0.015002583217911898,0.02437910156081495,-0.8696298211653654
4747,1,0,1,0,0,1,0,0,1,0,0,1,0,1,0,1,2,0,0,1,-0.3924240876079023,-0.05149931077699192,-0.07298047375996149
4748,0,0,0,0,1,2,0,0,1,2,0,1,1,0,0,0,0,0,2,0,0.1420999224560683,0.03309138471684683,0.6301049225843717
4749,0,0,0,0,0,1,0,0,1,0,0,0,2,0,0,1,2,0,1,0,-0.102048062522014,-0.6046215324082466,0.8268118672200779
4750,0,1,0,0,0,1,0,0,2,1,0,1,1,0,0,2,0,0,1,0,-0.7502957049023654,0.9883189781987455,-1.1782601116407947
4751,0,1,0,0,0,2,0,0,2,1,1,0,0,0,1,1,1,0,2,1,0.6131757327398164,1.327211968446612,-0.03466736129509862
4752,1,0,0,1,0,2,0,0,0,0,0,0,1,0,0,0,1,1,2,1,-1.0880052282211679,-0.7750429330607386,-0.21216561353700752
4753,0,0,0,0,0,0,0,0,2,0,2,1,1,1,1,1,2,0,0,0,-1.3412305281138703,-0.8604397199687275,0.18308557447521345
4754,0,1,1,0,0,1,0,0,0,1,0,0,1,0,0,1,0,1,0,1,-0.6186260551998557,0.06721195274151553,2.158321464191377
4755,1,1,1,0,0,1,0,0,0,0,0,1,2,0,0,0,0,0,1,1,-0.8509945460039969,-1.8851101586289656,0.5156859447321687
4756,0,0,0,1,0,1,0,0,1,1,0,0,1,0,0,1,1,1,1,2,-0.3900071078058526,0.3569987642450022,-0.9841927846749553
4757,0,1,1,0,0,1,1,0,1,0,0,1,2,0,0,1,0,0,0,0,-1.6005787933613749,-0.1534117670251488,-0.8163639250371284
4758,0,0,0,0,0,1,0,0,1,0,1,0,0,0,0,0,1,0,0,0,-0.06686074275172894,-1.1095513148531766,-0.7462430706934977
4759,0,1,0,0,0,1,0,0,0,0,1,0,1,0,1,0,2,1,1,1,-0.34569410260790107,-0.6258773681575737,-0.2618112468182325
4760,0,0,1,1,0,1,1,0,1,0,0,0,0,2,1,0,2,2,2,1,0.3921082756608583,1.3664472296301349,1.3650331389233872
4761,0,2,0,0,0,1,0,1,2,1,0,0,1,1,0,0,1,1,1,1,0.2705964130086587,-0.2180844811901762,-1.9611225713302756
4762,0,0,2,0,1,0,0,0,1,2,0,0,0,2,1,0,2,2,0,1,1.642127132327117,1.0373145125204841,-0.3386886811891446
4763,1,1,0,0,0,0,0,0,2,1,1,0,0,0,0,1,1,0,2,0,-2.2974001779982633,-0.5438771995783348,-2.939071808443628
4764,0,0,1,0,0,0,1,0,1,0,1,0,2,0,0,0,0,0,1,1,0.9148492569531391,-1.0132240937265447,-0.25944971085354906
4765,0,0,1,0,0,1,0,1,0,0,0,0,2,0,1,1,0,2,0,0,0.24028152594742216,0.512705405647145,1.106277674039621
4766,0,1,0,0,1,0,0,1,1,1,0,0,1,0,0,0,0,0,0,0,1.4477868921852064,0.5188718382567818,0.8491132546132065
4767,0,0,0,0,0,1,0,0,1,0,1,1,2,1,0,0,0,1,1,1,-0.004666429810735003,0.09930736418285008,-1.8156460516888258
4768,0,0,0,0,1,1,0,1,2,1,0,0,0,1,0,1,0,0,0,1,0.2744501412710702,-0.7093727857733414,1.3422076848542903
4769,0,0,0,0,1,0,0,0,1,0,1,0,0,0,0,0,1,0,1,1,-1.085636664519309,-0.7371797145350995,-1.747237456463661
4770,0,0,1,0,0,0,0,0,2,2,1,0,0,0,1,1,1,0,2,1,1.132545643375864,1.4975711751759997,1.5603862138489735
4771,0,0,1,0,0,2,0,0,2,2,0,0,0,0,0,0,0,0,0,1,-0.9803244154410158,-0.046631688397054755,-2.507953822004304
4772,0,1,1,0,0,1,0,0,1,2,1,2,0,0,0,1,0,1,0,0,0.3857350041335499,-1.2461374810420547,-0.8442718526148274
4773,0,1,1,0,0,1,0,1,1,1,1,0,0,1,0,0,1,0,1,1,2.173616996334547,0.8715488812951924,1.2403227548340958
4774,2,1,2,0,0,2,0,1,0,0,0,1,1,0,0,1,1,1,0,0,-0.22814285431175485,-0.0917746374131351,-1.067810960154628
4775,0,2,0,0,0,0,0,0,1,0,0,1,1,0,0,1,2,0,2,1,0.3775662600179937,-1.286688032871433,0.4339860271430723
4776,0,0,0,0,0,1,0,0,0,1,1,0,1,0,1,2,1,0,0,1,0.17142594427334318,-0.32268793076353974,-0.913190808363182
4777,0,1,1,0,0,0,0,0,2,2,0,2,0,0,1,1,0,2,1,0,-0.05052294401580146,-0.3241061919417003,0.7261664816483405
4778,0,2,0,0,0,2,0,0,2,0,0,0,1,0,1,0,0,0,0,0,0.3285091897027997,-0.8763660476673885,0.2961687750169919
4779,0,0,1,0,0,0,0,1,1,2,1,1,1,1,0,2,1,0,1,0,1.1453889435459115,1.4087719273338362,0.9501827628409489
4780,0,1,0,0,0,2,0,0,1,1,0,0,1,1,1,2,2,1,2,1,0.22534921177350756,1.026144861338045,1.6223738339064737
4781,0,0,1,0,0,1,0,1,1,1,0,0,2,0,0,0,0,0,0,1,0.4068313641154295,0.13583437562680398,-0.2554509128022809
4782,1,0,0,0,0,1,1,0,0,0,0,0,0,0,2,2,1,0,1,1,1.028218046113639,0.7200687068148529,-0.5619085671428439
4783,0,1,0,0,0,2,0,0,1,2,0,0,0,0,1,1,0,1,1,0,-0.8530738842768719,0.6758759790704887,0.4575064041302877
4784,0,1,0,0,1,1,0,0,2,1,1,1,0,0,1,2,1,0,1,0,1.2095610159754155,-0.04845179618532092,0.6833144948971378
4785,0,1,1,0,0,1,0,0,1,2,0,1,0,0,0,0,1,1,2,0,-0.23914845131282392,-0.1485853890599091,0.23482941663648377
4786,0,0,0,0,0,1,0,1,2,0,1,0,1,0,0,2,1,0,2,1,-0.02085084306484418,1.9685347033170069,0.6522020728884402
4787,1,1,0,0,0,0,0,0,1,0,0,0,0,0,0,1,2,1,1,0,-0.6230068853659154,-1.890169518032912,1.5277464959992937
4788,0,0,0,0,0,1,0,0,0,1,0,1,1,1,0,0,0,1,0,0,1.2760163503028075,0.38294354421585775,1.592738731568807
4789,0,0,1,0,0,0,0,0,1,1,1,1,0,1,0,0,0,0,0,0,-0.0032280721560145878,-0.48145155910511367,0.3355677981687461
4790,0,1,1,0,0,1,0,0,1,1,1,1,1,0,1,1,1,1,1,1,0.22440982783705388,0.8384804006302445,0.4114346380526798
4791,0,1,1,0,0,2,0,0,1,1,1,0,0,0,1,1,0,1,1,1,0.9677710654889597,-0.15107882128606287,-0.40518981148676925
4792,0,1,0,0,1,0,0,0,1,1,1,2,0,1,0,1,0,1,0,0,-0.9581962960723849,0.04285060625898285,-1.1752792571871011
4793,0,1,0,0,0,1,0,0,2,1,1,1,1,0,0,1,1,1,0,0,1.8102345934300512,0.6692674188222242,0.6327761522461228
4794,1,1,1,0,0,1,0,0,0,2,0,0,1,0,1,0,1,0,1,0,-1.5202776655528476,0.4806575294411093,0.8915774671888621
4795,0,2,0,0,0,0,0,1,1,0,0,0,0,0,0,1,1,0,1,1,-0.585177205492975,-1.4775131976917661,-0.1400928498804881
4796,0,1,1,0,0,0,0,0,1,0,0,0,1,2,0,1,0,1,1,0,-0.1451419764891305,0.4946022885261507,-0.31741002576802596
4797,0,0,1,0,0,0,0,0,0,2,1,0,1,0,0,1,0,1,0,2,1.144544440104551,-0.10078173613935049,-1.7473229621941044
4798,0,1,1,0,1,0,0,0,2,1,0,0,0,0,0,0,1,0,0,1,-0.9357742620178058,-0.46586587170143967,-0.31661056255142944
4799,0,2,1,0,0,0,1,1,1,0,1,1,0,0,0,1,0,1,1,1,-0.5217423615057619,0.12903443604797393,-3.2932665001100743
4800,1,0,1,0,0,1,0,0,1,1,0,0,0,1,0,0,2,1,2,1,0.00726082235027197,1.946148898633439,0.8728578172975217
4801,1,0,0,0,0,1,0,0,1,0,1,1,0,0,0,2,1,0,1,0,-0.34361946739042587,-0.2500017865258242,-0.42685931157790113
4802,0,1,1,0,1,1,0,0,0,1,0,0,1,1,0,0,1,2,0,1,-0.789892556493104,-0.26338457692204054,-1.4166334156218952
4803,0,0,1,0,0,0,0,1,1,1,1,0,1,0,1,0,1,0,1,1,-1.477158310474183,-1.58547069517793,0.021010334843219958
4804,0,1,1,0,0,0,0,0,1,0,1,1,0,1,0,1,0,1,2,2,-0.38857235416483066,0.817587217952779,1.065631693674069
4805,0,0,0,0,1,1,0,0,1,1,0,1,2,0,0,1,1,0,0,2,-0.44237735701027964,-0.12255695150191012,0.4581327122710755
4806,0,0,0,0,1,1,0,0,0,0,0,0,1,1,0,1,0,0,1,0,-0.9324235004234953,1.4275106849506225,-0.06133927819990309
4807,0,2,0,1,0,0,1,0,1,2,0,1,1,0,0,1,1,0,1,0,0.43954262299168123,0.2770348741429672,-1.1518267220264553
4808,2,0,1,0,0,1,0,0,0,0,0,1,1,1,1,0,0,0,1,0,-0.6180598309942948,-0.5863933389181081,1.4423129464746034
4809,0,0,1,0,0,1,0,0,1,1,1,0,1,0,0,1,2,1,1,0,-0.6702520843032622,0.909277008920547,-0.46777925604748266
4810,0,0,0,0,1,2,0,0,1,1,0,0,0,0,0,0,0,0,0,1,-0.08222802336304537,1.2546284689187996,1.2012357227944295
4811,0,0,0,0,0,1,1,0,1,2,0,0,1,0,1,1,1,0,0,0,-1.5067681425820485,-1.2833659230075187,-1.564963491419437
4812,1,1,2,0,0,1,0,1,1,2,1,0,1,0,1,0,1,0,2,1,-0.9860536066299967,-1.8699970841759597,0.6676137793808381
4813,0,0,0,0,0,2,0,0,1,0,1,1,2,0,2,0,1,0,0,0,0.26313332677527695,-0.5703119254358816,1.6069970611350601
4814,0,0,0,0,0,0,1,0,1,0,0,1,1,0,0,1,1,0,2,1,-1.01133250081541,-0.34387108011372636,-1.6490158741066823
4815,0,1,2,0,0,1,0,0,0,0,1,1,1,0,0,0,0,0,1,0,-0.2710439447606587,0.12129612778833243,-0.3478588903477247
4816,0,1,1,0,0,1,0,0,1,1,0,0,1,0,0,1,1,1,0,0,0.43827106052988385,-0.03810412658262838,0.3146871794157484
4817,0,0,2,0,0,1,0,0,1,1,1,2,0,0,1,2,1,1,0,1,-1.6834381761382895,-0.2671815269636703,-0.5948017882492634
4818,0,1,0,0,0,0,0,0,1,0,0,0,0,1,1,2,1,1,0,0,1.84747132840227,1.9350563730336872,-0.8934522693584803
4819,1,1,0,0,1,2,0,0,1,0,0,0,1,0,0,0,0,0,1,1,2.307923157712668,0.8794580722520806,-1.5930794210258712
4820,0,1,1,0,0,0,0,0,0,0,0,0,0,0,0,0,2,2,0,1,-0.965228916815301,-0.038227810706467524,-0.22495302150656088
4821,1,0,0,0,0,0,0,0,1,0,1,1,0,1,0,0,1,1,2,0,0.021574469113864642,-0.7282515568814156,-0.6790258450008502
4822,0,2,0,0,0,0,0,0,1,2,0,0,0,0,0,0,1,1,1,0,-0.19769134154558649,0.5876408736695946,-2.152437149962661
4823,0,0,1,0,1,1,0,0,1,1,0,1,0,0,0,1,1,1,0,1,0.44361893267777286,0.6107932139675385,-1.1714820140522904
4824,0,1,0,0,0,1,0,0,1,1,0,1,1,0,0,0,0,1,1,2,2.1171033723351966,0.957977067330736,-0.23484874585905852
4825,0,0,0,0,0,1,0,0,1,0,0,1,0,1,1,1,1,1,2,0,-1.1053763290126286,-0.7611993537287751,0.8116996937630235
4826,0,2,0,0,0,2,0,0,0,0,0,0,1,0,0,1,0,1,1,1,-0.3760822225280229,-1.0237870793679458,-0.7468186465157813
4827,0,1,2,0,1,2,0,0,1,0,0,0,2,0,0,1,0,1,1,0,-1.8688312267104814,0.4838925265553101,1.1113303198637985
4828,0,1,1,0,0,0,0,0,0,1,0,0,1,0,0,1,1,2,1,1,-1.5101643524284412,-1.1034562723126835,0.21646496056743275
4829,1,0,0,0,0,2,0,0,0,0,0,0,1,0,0,0,1,0,1,2,1.527306028728826,1.3515242294120293,1.2118043920992712
4830,0,1,0,0,0,1,0,0,1,2,0,1,0,0,1,1,0,0,1,1,-0.5173703431437285,1.1472122280863524,0.8579902602066721
4831,0,1,0,1,0,0,0,0,0,1,1,0,0,1,0,2,1,1,0,0,0.40829282276120915,1.2141671127687006,-0.05482412147214866
4832,0,0,0,0,0,1,0,0,0,0,2,1,0,0,0,1,0,1,1,1,0.10120223559913662,-0.03187032833555904,-1.1551168603379371
4833,0,0,2,0,0,0,0,0,1,0,0,0,1,0,0,1,0,1,0,0,0.7942438562952745,-0.307709272373728,0.12323665462085465
4834,0,2,1,0,0,1,0,1,0,1,0,2,0,1,0,0,1,1,2,0,0.18659788005740044,1.6261621353150817,0.030095402790298764
4835,0,0,1,0,1,2,0,0,2,2,0,1,1,2,0,1,0,1,1,1,0.7262350633692378,-1.1417879263787496,1.5820289251615443
4836,0,1,2,0,0,1,1,0,1,1,0,1,0,0,0,1,1,2,1,1,-0.5349133468684564,0.7477757394776756,-0.7692904826123083
4837,0,1,1,0,0,1,0,1,0,1,0,1,2,1,0,2,0,0,0,1,-1.4232917556832672,-0.9052210910066454,-0.1903981442358663
4838,0,1,1,0,0,2,0,1,1,2,1,0,0,0,0,0,0,1,0,0,-0.5584602796152968,-1.2257285062935281,0.18173990266659396
4839,0,0,0,0,0,1,0,0,1,0,0,0,0,0,1,1,0,0,0,0,-0.7614789908958786,-0.22779808425098885,-0.6150497033209007
4840,0,0,0,0,0,2,0,0,1,0,0,1,2,1,0,2,0,0,1,1,0.06614388528448314,1.8272804130426814,0.07227520756051059
4841,0,0,1,0,0,1,1,1,1,1,1,0,1,0,1,2,0,1,2,1,-0.1137518561021733,0.5648462652824884,1.3489628761486059
4842,0,0,0,0,0,2,0,0,2,0,0,1,0,0,0,0,1,0,1,0,0.44489026090055794,0.119669934654702,-1.2844629573188138
4843,1,0,0,0,0,0,0,0,2,0,1,0,0,0,0,1,0,1,1,2,-0.5638551877737421,-1.5237951446201956,3.2650255538625803
4844,1,1,1,0,1,1,0,0,2,0,1,1,0,0,0,1,0,0,1,1,0.36725130474813056,-1.3968995155501358,0.8645423734530056
4845,0,0,0,0,0,0,0,0,0,1,2,0,0,0,0,1,0,2,1,1,0.5494710660141463,0.748740913124545,-1.4430742392698466
4846,0,0,0,0,0,2,0,0,0,2,0,0,0,1,0,0,0,0,1,1,-1.2494100268407078,-0.8582533228127718,0.7226749830476363
4847,0,0,1,0,0,1,2,0,2,1,0,1,1,0,1,1,2,0,1,0,0.9286465793240701,-1.4105162316935325,0.816722922776162
4848,0,0,1,0,0,0,0,1,0,0,0,0,0,1,1,1,2,1,0,1,-0.18202060425201677,-0.0751988153850531,0.28096279297071836
4849,0,1,1,0,0,0,0,1,0,0,0,0,0,0,1,1,0,1,1,0,0.9637513930846621,-0.10031765956075067,1.1078332868496805
4850,0,0,0,1,0,2,0,0,2,0,1,1,0,0,0,0,0,1,1,1,2.0271249181287105,-0.4917081589218596,0.19318527172035804
4851,0,0,1,0,0,1,1,0,0,0,0,1,1,0,1,1,0,1,2,0,-0.19623609399620862,0.534416473764676,0.23216936217021814
4852,0,0,2,0,1,2,0,0,0,0,1,1,0,0,0,1,0,0,1,1,0.2324488831240489,0.3520709396093877,0.5288337203780389
4853,0,1,1,0,0,0,0,0,2,0,1,1,0,0,0,0,0,0,1,0,-1.5236048943211462,-0.7634364403881554,0.3296386419911726
4854,0,1,0,0,0,0,0,0,2,0,0,2,1,1,1,0,0,2,0,1,1.5554937534131483,-0.08587327304722114,0.3884731441539022
4855,0,0,1,0,0,1,0,0,1,0,1,0,1,1,0,1,0,0,0,2,-0.8749631863525799,0.3110917516487274,0.9315655120237325
4856,0,0,0,0,0,1,0,0,0,0,0,1,1,0,0,1,1,1,2,1,1.1067722647243343,2.0752208565685923,2.7991490954434717
4857,0,2,0,0,0,1,0,0,1,0,0,1,1,0,0,1,0,1,0,0,-0.4482604740243928,-0.9659618161634387,-0.4436405523268273
4858,0,1,0,0,0,1,0,0,2,0,0,1,0,0,0,1,0,0,0,0,-0.5596848392826098,1.7270480007751878,-0.6492000740794442
4859,0,1,1,0,0,0,0,0,2,1,1,2,0,0,0,0,0,1,1,0,0.06472084298460357,-0.5956106113721313,1.0348289669066837
4860,0,0,0,0,0,1,0,0,2,0,0,1,0,1,1,1,1,0,1,0,1.0800148183072968,1.3010901512009487,1.0554882217542216
4861,0,1,0,0,0,0,1,0,1,0,0,1,0,0,0,1,2,0,1,2,0.7619843878865564,-0.19556533203877124,-2.3158307984374313
4862,0,0,1,0,0,0,1,0,1,0,0,1,1,0,0,1,2,1,0,0,0.11024454476028973,0.6215733020440087,1.1965849402809916
4863,0,1,0,0,0,1,1,0,1,1,0,0,1,1,0,1,1,0,0,1,-1.050483154482397,-2.3200414198100776,-0.3601346364684064
4864,0,1,0,1,1,1,1,0,1,1,0,1,0,1,0,0,0,1,1,0,-0.3647412918262471,1.6934818577446102,2.4144259456035386
4865,0,0,0,0,0,1,0,0,1,1,1,2,0,0,0,1,1,0,2,1,-0.4603189182729199,-0.5181570310045653,-0.37712340598664584
4866,1,1,0,0,0,1,1,1,2,1,1,0,1,0,0,0,1,0,1,2,-0.5804759972822803,-0.2496644328290002,-0.05715454979846864
4867,0,2,0,0,1,2,0,0,1,1,0,0,0,1,1,2,0,0,0,0,-0.48074888080931333,-0.3303554189089587,-0.860182007054592
4868,0,0,1,0,0,0,0,0,2,1,1,0,1,0,0,0,0,1,0,0,-2.5419615946982463,-3.157852789554762,2.286369212658467
4869,0,1,1,0,0,1,0,0,1,0,0,2,1,0,0,0,0,0,1,0,-1.3824626845921286,0.6636271221165947,-0.8696923978389559
4870,1,0,0,0,0,0,0,0,1,1,0,0,1,0,0,1,0,0,1,0,1.6687572368675812,0.8311510069236291,-0.42380302872485903
4871,0,1,0,1,0,1,0,0,0,1,0,1,0,1,0,0,1,0,0,1,0.33448824363335383,-0.8261510934006593,-0.025708531461996448
4872,0,0,0,0,0,1,0,0,1,2,0,0,1,1,0,1,2,1,2,0,1.4306403646277166,1.1793842574089897,0.2840012319705889
4873,1,0,1,0,0,2,0,0,0,0,0,1,2,0,0,1,1,0,0,0,0.9726004923117527,-0.22230424219130462,-0.1476861291494142
4874,0,0,0,0,0,1,0,0,1,0,1,1,2,1,1,0,0,0,1,0,-1.548448635120341,-0.8632619552254119,-0.29548352073737166
4875,0,1,0,0,0,1,0,0,1,0,1,0,1,0,1,2,2,2,2,1,-0.7342650860566355,0.345458352983556,0.27154489770392265
4876,0,1,1,0,1,1,0,0,0,0,1,0,0,0,0,1,0,0,0,0,2.4981833125043447,1.4210219374172346,1.3403962645731273
4877,0,1,2,0,0,1,0,0,1,0,1,0,0,1,0,0,1,0,1,1,-1.0835662018821497,-2.467756797983637,0.9581942781900059
4878,0,2,0,0,0,2,0,0,0,1,0,1,0,0,0,0,0,1,1,0,-1.1001016407024047,0.030495265827037876,-0.46700120521961763
4879,0,0,1,0,1,0,0,0,1,2,0,0,1,0,1,2,1,1,2,1,-1.3300807578409313,-0.20956748684015775,0.24627536775679856
4880,0,1,2,0,0,0,1,0,0,0,1,0,0,0,1,1,1,1,1,0,0.24688970266442647,-0.6488539264519444,2.721626768575722
4881,1,0,1,0,1,0,0,1,1,1,0,0,1,0,0,0,0,0,2,0,-0.3246193005751171,1.1280042480746668,0.7559422859616867
4882,1,0,1,0,0,1,1,1,1,0,2,1,1,2,0,0,0,1,1,1,-0.28914625403942357,0.586465885657903,0.24958844208656056
4883,0,0,0,0,0,1,0,0,1,0,0,0,1,1,0,0,1,1,1,0,-0.544281732395323,-0.5748098873614772,0.3329677975615527
4884,0,0,1,0,1,0,0,1,0,2,0,0,1,1,0,0,0,1,1,1,0.09693914652733686,0.8616413915418919,1.8839138089554395
4885,0,1,1,0,0,1,1,0,1,2,1,0,1,1,0,0,2,1,2,0,-1.4203629633919992,-1.9888071337873263,1.362743959716908
4886,0,0,1,0,0,0,0,0,1,2,0,0,1,1,0,1,1,0,0,0,-0.5327020856323654,0.9474535817449584,-1.5441900123707282
4887,0,1,1,0,0,2,0,0,2,0,1,1,1,0,0,1,0,1,0,1,1.6501391124242828,-0.13275050650454973,0.7012926023283096
4888,0,1,0,0,0,2,0,0,0,0,0,2,1,0,0,1,1,0,2,1,-0.8995978720977228,-0.29558602890131735,-0.7594907835309627
4889,0,0,0,0,0,2,0,1,0,1,0,1,2,1,0,0,1,1,1,0,0.07672879880067583,1.258869140710592,1.4405513097613365
4890,1,0,0,0,0,2,0,1,1,0,1,0,0,0,0,1,1,0,1,1,-0.6338061635485368,0.9206920252629822,1.8439770171351433
4891,1,1,0,0,0,0,1,0,1,0,1,0,1,0,0,0,0,0,0,0,0.6818642994328535,-0.2742458710388076,-1.2164142991532552
4892,1,0,0,1,1,0,0,0,0,0,0,0,0,0,0,1,1,0,1,2,1.2808360847823406,1.735295429443061,1.9417078993754782
4893,1,0,0,0,0,2,1,0,0,1,1,0,0,1,0,1,0,0,0,0,0.38355133184256385,0.05047717202649796,0.5678410354865239
4894,0,1,0,0,0,2,0,0,2,1,0,1,1,0,0,0,0,1,0,0,-0.21414819024376072,-1.1044411421570373,-2.295383771505726
4895,0,1,1,0,0,1,0,0,1,0,1,0,1,0,0,0,2,0,1,0,0.6363840167635099,-0.28002783175561274,-0.3184618896407603
4896,1,2,1,0,0,0,0,0,2,0,2,2,1,0,0,1,0,1,1,1,0.0714903352097522,-2.7186785274958405,0.28678795012236147
4897,0,0,0,0,0,2,0,1,2,0,0,0,0,0,0,2,0,2,1,1,-1.1066705276429667,0.22813519173368357,-0.6302042214445435
4898,0,0,1,1,1,1,0,0,0,1,1,0,1,0,0,1,1,0,0,1,-0.18369955337174287,0.06906025494814808,-0.9420043767428472
4899,0,0,0,0,0,0,0,0,0,0,2,1,1,0,0,0,1,0,2,1,1.9328617757917803,-0.006040382425932467,0.41065196282445804
4900,0,0,0,0,0,1,0,0,1,0,0,0,0,0,0,0,1,1,1,1,0.2589253779702676,-0.12929587170595858,-0.4128633128499909
4901,0,1,1,0,1,2,0,0,2,1,0,1,2,1,0,0,1,1,0,1,-0.8204476814251206,-0.6095366423636035,-1.6090206686629034
4902,0,1,2,0,1,1,1,0,0,1,0,1,0,0,0,1,2,1,1,1,0.9853517691274168,1.2626517569081093,0.05427376111843535
4903,0,1,0,0,1,1,0,1,2,1,1,2,0,1,0,1,0,0,0,0,0.9627339737536939,-0.5495067100400555,-1.2382051094089304
4904,0,0,1,0,0,1,1,0,2,2,0,0,0,1,0,0,1,0,1,0,-0.13820277211917295,0.5673500027077211,-0.8014221018732439
4905,0,0,1,0,0,0,0,0,1,2,0,0,1,0,0,2,0,1,2,1,-0.5481426276136682,0.5244475346685151,-0.4450134575213628
4906,0,0,0,0,0,0,0,1,2,2,0,0,1,0,0,0,1,1,1,0,-0.9687337237071316,0.1896792999700142,1.8634119458504466
4907,0,1,1,0,1,0,0,0,0,1,2,2,1,0,0,1,0,1,0,0,0.5580908517809817,-0.16797193322175777,-0.32886675309778934
4908,0,1,0,0,0,0,0,0,1,0,0,1,0,0,1,2,1,0,1,2,-1.49767660218147,-0.4819235379756062,0.4834539216489685
4909,0,1,0,0,2,1,0,1,1,0,0,1,0,0,0,1,0,0,1,1,2.107777659711079,-0.7976251463756866,-0.04685200362509084
4910,0,1,1,0,1,1,0,0,2,1,1,0,2,0,1,0,0,1,0,1,-1.4167390786968523,-1.658539290342762,-1.565265551588975
4911,0,0,1,0,0,2,0,1,2,1,0,1,1,1,0,0,1,1,1,1,-1.998750132366927,-0.9040080743734475,1.0417852883697112
4912,1,0,2,0,0,2,0,0,1,0,0,1,2,0,0,1,0,1,0,1,-1.2512530616756192,-1.746132033230121,0.5277624664452274
4913,0,0,0,0,0,1,0,0,0,0,1,2,1,0,0,1,0,0,0,0,0.5535150537933432,0.45825347417629103,-0.7484457763871032
4914,0,0,0,0,0,0,0,0,1,0,0,0,0,1,0,2,0,0,1,2,1.1406320824964162,1.0735963397819035,0.15676281024766517
4915,0,0,1,0,0,2,0,1,0,0,1,0,1,0,0,1,1,1,1,2,0.6624077929008747,-0.8041947487577799,0.899635032540722
4916,1,0,2,0,0,0,0,1,1,0,0,1,0,1,0,1,1,1,0,0,-0.7214812455355188,-1.0694869179252116,-0.5289029679934429
4917,2,1,1,0,0,1,0,0,1,1,1,2,0,0,1,1,0,0,0,1,0.31466550135040167,-0.10451992435424398,-1.1664571861132556
4918,1,1,0,0,1,0,0,0,1,2,0,1,1,1,0,0,2,0,1,0,0.018897388125721778,-1.5918611900820558,0.7603666545644057
4919,1,1,0,0,1,0,0,0,2,1,1,1,0,0,0,0,1,0,1,0,-1.2297034693702673,-0.9601184606740782,1.0519470180959212
4920,1,0,0,0,0,2,1,0,2,0,1,0,0,1,0,0,0,0,2,0,-0.6497347687100214,-1.7003841853636064,0.1940293951522093
4921,0,0,1,0,0,1,0,1,1,1,0,0,0,0,0,1,1,0,0,0,0.9157755259340649,1.2953494743423546,1.320176971431774
4922,0,1,1,0,0,0,0,0,1,1,1,0,1,0,0,0,1,0,0,0,0.2738903230304458,0.7869032863121639,1.1067762974626918
4923,0,0,0,0,0,0,0,0,2,2,0,1,1,0,2,1,1,0,0,0,0.8519780014805853,-0.6852767201344732,-0.9903364343368757
4924,1,2,1,0,0,0,1,0,1,0,0,1,1,0,0,1,0,0,0,2,0.14863872508282228,0.8706913487958348,-0.3992074432104792
4925,0,1,0,1,0,1,0,0,2,1,0,1,2,0,0,2,2,0,0,1,1.5088793726179734,-0.6378850551866104,-0.42834992546834183
4926,0,1,0,0,0,1,0,0,1,1,1,1,0,1,0,1,0,0,2,1,0.5761440542084326,0.36583371875844134,-0.1294853923624631
4927,0,1,0,0,0,2,0,0,2,0,0,0,0,0,0,2,0,0,0,0,1.1243203628072522,0.30615425105968896,1.6341408471696057
4928,0,0,1,0,0,1,0,1,0,1,1,0,1,1,0,1,0,1,1,1,1.9402287930635802,1.5890468385851184,0.8230090752450022
4929,0,0,0,0,0,2,0,1,1,1,0,1,0,2,0,2,1,0,1,0,0.1298333353230122,1.9946588658300461,0.1507273029801024
4930,0,0,1,1,0,0,0,0,0,0,1,1,0,1,0,1,0,1,0,2,0.9840069256975679,1.196546518304861,-1.5043519455940535
4931,0,0,0,0,0,1,0,0,1,2,1,1,0,0,0,1,1,0,0,0,-0.494143093135999,-0.09332919683994845,-0.48259229858669495
4932,1,0,0,0,0,2,0,0,1,0,1,0,1,1,0,1,1,0,0,1,0.41422084021614425,0.4512121075672968,-1.0524734293747835
4933,0,2,0,1,0,2,0,0,2,0,0,1,2,0,0,0,0,2,0,0,-0.365391421646533,-1.2114402105908986,0.5850968192829795
4934,0,0,0,0,0,2,2,0,0,0,1,1,1,0,0,1,1,1,2,0,0.899611457618799,-0.07841541461832247,-1.0097855435665168
4935,0,1,0,0,0,1,0,0,2,2,1,0,0,0,0,1,1,1,0,0,0.08698015150797608,-0.5715847730526664,-1.6483358067453657
4936,0,1,1,0,0,2,0,0,2,0,0,1,1,1,1,0,0,2,1,1,0.209719506291406,0.9558474850748782,0.6127877822479069
4937,0,0,0,0,0,1,0,0,1,1,1,0,1,0,0,2,0,2,1,1,0.6098568718532285,1.113050603233923,-0.31642048186114363
4938,0,1,2,0,1,0,0,0,0,1,0,0,2,0,0,1,0,0,0,0,-0.29339836038770484,-0.9429464211277145,0.4845858954035494
4939,1,0,0,0,0,0,0,0,1,0,1,1,0,0,0,0,1,1,0,0,-0.9295526791608143,-1.1626215321827618,0.9316441469933313
4940,0,2,0,0,0,1,0,0,0,1,0,1,1,0,0,1,0,1,0,1,-0.6747914195827277,-1.159954720481184,0.02666019512819938
4941,0,1,0,1,0,1,0,0,1,1,1,1,1,0,0,2,0,0,1,2,-0.22350875078131843,0.4840581094570371,0.30306417304435707
4942,0,0,1,0,1,1,1,0,0,0,0,0,0,0,0,1,1,1,1,0,-0.5392061732989254,1.1251280031172033,2.001192399142022
4943,0,1,0,0,0,0,1,0,1,1,0,1,1,2,0,2,0,1,1,0,-0.9242425605071901,-1.1863143801165807,1.1548780427682162
4944,1,1,1,0,1,0,0,0,1,1,0,1,1,0,0,1,1,0,1,1,-0.29551675490124824,-0.5982408353843944,-0.09988177860896977
4945,0,0,0,0,0,0,0,0,1,0,0,0,0,0,0,1,0,0,0,0,2.3986504463143277,0.8983311742229302,0.5481592030005886
4946,0,0,0,0,1,1,0,0,0,1,1,1,0,0,1,1,2,1,0,2,-0.7050702498208633,-0.7921962772089376,1.8432332099011552
4947,1,1,1,0,0,1,0,2,1,1,0,0,1,1,0,1,1,0,2,0,0.33476340140120325,0.06085567299655817,-0.7955585142016164
4948,0,0,2,0,0,1,0,0,1,1,0,1,0,2,1,1,0,0,0,1,0.2674456331826952,0.5965318284875221,-0.743472448115271
4949,0,0,1,0,1,1,0,0,2,1,0,0,2,0,0,2,0,1,1,1,0.3322648966232184,0.584965702494037,-0.2509888153855966
4950,0,2,1,0,0,0,0,2,1,0,0,0,0,0,0,0,0,1,1,0,-0.6141819500105284,-0.7495584915541494,0.3078950178553431
4951,0,0,1,1,1,2,0,0,1,1,1,0,0,0,0,2,1,1,1,0,-0.9387300216430734,-1.5916926677202787,-1.7094757063033141
4952,0,1,2,0,0,1,1,0,0,0,0,1,2,0,0,1,1,0,0,0,0.0820892989435924,-1.0361129919652523,1.2405675582611764
4953,0,0,1,0,0,2,1,0,0,0,0,0,1,0,0,1,0,1,0,1,1.3615978907919366,-0.027404084138971996,-0.758735755454397
4954,0,0,0,0,1,0,0,0,1,0,0,1,2,0,0,2,0,0,0,0,0.495334390043477,-0.5630687738695902,0.6755312302257448
4955,1,0,1,1,0,1,0,0,1,1,2,2,1,0,1,1,1,1,1,1,0.02453367140855869,-0.8689138682994924,0.5324692996825813
4956,0,0,1,0,0,2,0,1,0,2,0,0,0,0,0,1,0,1,1,0,-0.1698401617352479,1.2825617149014024,2.1045075263744613
4957,0,0,0,0,0,1,0,0,1,1,0,0,0,0,0,1,0,0,0,1,0.7879586887822023,2.163890543319934,1.4670092391316039
4958,2,0,1,0,0,0,0,0,1,1,2,0,1,0,0,0,0,1,1,1,-0.01291262211199235,-0.5186954255519441,0.8236756533065465
4959,1,0,1,0,0,1,0,1,2,1,0,1,1,1,0,1,1,0,1,1,-0.2069604139934972,-1.6817652040982425,0.23734592184270428
4960,0,0,0,0,0,1,0,0,1,1,1,2,2,1,0,1,1,1,1,0,1.387298124455725,-0.44377251318603783,0.7856090245910959
4961,0,1,0,0,0,2,1,0,2,1,0,0,0,0,0,1,1,0,1,0,0.4249803820189416,1.4798969457390063,1.2093869366969117
4962,0,0,0,0,0,0,1,0,0,1,1,1,1,0,0,0,0,1,2,1,1.3249785148927362,-0.23977150709734685,1.110982639261549
4963,1,0,0,0,0,2,0,0,1,0,0,1,2,2,1,1,0,1,0,0,0.4714426687853962,0.1341382751914284,-0.5037758894989168
4964,0,1,1,0,0,0,0,1,1,1,0,0,0,0,1,1,0,1,0,0,0.12365982848577228,-0.7600736505778718,0.17937710900267373
4965,1,0,2,0,0,1,0,1,2,2,1,1,0,0,0,2,0,0,2,1,0.017960642136985495,0.6834274552158176,0.8557667076588775
4966,0,0,1,0,0,1,0,1,1,0,0,0,1,0,0,2,1,1,1,1,0.5741452090209365,1.4166627941915024,-1.3643290089483513
4967,0,1,1,0,0,1,1,0,1,0,0,2,0,1,0,0,0,0,1,0,1.4860648982715372,2.0125297192259732,0.4747201342593796
4968,0,0,0,0,0,1,0,2,1,1,1,0,1,2,0,1,1,0,1,0,0.80172046687787,-0.39819599014616947,3.453624552102672
4969,0,1,1,0,0,0,0,0,1,0,2,0,1,0,0,1,0,0,1,0,-0.04581171083044934,0.14421116794186606,-1.2626883193156282
4970,1,0,0,0,0,1,0,0,2,1,2,0,1,0,0,1,0,0,1,0,1.6427703921139485,0.6461683174614716,-0.624817762586688
4971,0,1,1,0,0,0,0,0,1,1,0,1,1,0,0,1,1,0,2,0,0.4744639712058909,-0.6720033089995257,-0.7645558777869742
4972,0,1,0,0,1,2,1,0,2,0,0,0,1,0,1,1,2,1,2,0,0.27392190772348357,-0.5592671425073222,-1.3139484388858538
4973,0,1,2,1,0,1,0,0,0,1,0,0,1,0,0,1,2,1,0,0,1.676040249137878,0.9109418959286504,-0.5115783655001279
4974,0,1,0,0,0,0,0,0,2,0,0,1,2,2,0,1,0,1,0,1,-2.3463650082013925,-1.598038085331487,-0.7970482593531788
4975,0,1,1,0,0,1,0,0,1,1,0,1,0,0,0,0,1,0,0,0,-1.793029480247856,0.709851963834898,-1.5383225141510841
4976,0,1,1,0,0,2,0,0,0,0,0,0,1,1,0,0,1,0,1,0,-0.5365281358069287,1.7338010595144047,-0.2727362173423528
4977,0,0,0,0,0,0,0,0,1,2,0,1,1,2,0,1,1,1,1,0,1.037336728457715,3.350241857663641,1.8422467284792778
4978,0,0,0,0,0,2,0,0,1,1,0,0,1,0,0,0,0,0,1,1,-2.3690695405587805,-0.582080646409449,0.8552674191521819
4979,0,0,1,0,0,1,0,0,1,2,1,0,0,0,1,2,0,0,2,2,-1.3943587271761468,0.11552037159556403,0.8055229204265
4980,0,0,0,0,1,2,0,0,1,1,0,0,0,0,0,1,0,1,0,0,-1.2507012958377681,-0.42159172659601424,-1.5923997658435587
4981,0,1,0,0,0,1,0,1,2,1,1,1,1,0,0,1,0,2,2,0,-0.10908394150015051,-0.4954042752351719,0.4778006100411444
4982,0,0,0,0,0,1,1,0,1,1,0,2,2,0,0,1,2,0,1,2,-1.916868360889108,-1.6847018243999767,1.39364592174314
4983,1,1,1,0,0,2,0,0,0,0,1,1,1,0,0,2,0,1,2,0,-1.6182872338341456,-0.18280801048013273,-1.3548077388263677
4984,0,0,1,1,0,0,0,0,2,0,1,0,1,0,0,1,1,0,1,1,0.37279162849104663,-0.19920120574995018,-1.9450118046849072
4985,0,1,0,0,1,2,2,0,0,2,1,0,0,0,1,1,0,1,2,1,-1.1501299534752072,-1.8835005092526547,0.8210841509232056
4986,1,1,1,0,1,1,0,0,1,0,0,2,1,0,0,0,1,1,2,1,-0.47410090568517577,-1.8278050664097298,-0.3638921823888154
4987,1,0,0,0,1,1,0,0,2,1,0,1,1,0,0,0,0,1,1,1,-0.743047675895304,0.05213050800803798,-0.10846073915075001
4988,0,0,1,0,0,1,0,0,2,1,0,1,0,0,0,0,0,0,0,0,-0.31637103281285595,-0.2769426612039068,0.5416578955914466
4989,0,0,1,0,2,0,0,0,1,0,0,0,0,0,0,2,0,1,2,0,-0.4831470727374453,1.185395478420544,2.3372172272321072
4990,0,1,1,0,0,1,0,0,1,0,1,0,0,1,1,1,1,0,0,1,1.3218375188903568,0.3485945683501127,-0.7188838448208432
4991,0,0,0,0,0,1,0,2,1,1,0,1,0,0,0,2,0,1,1,0,0.24845420825218115,0.4816156505476207,0.9217997258708645
4992,0,1,0,0,0,2,0,0,0,0,0,0,1,0,0,1,0,1,1,0,-0.11632435883383381,-0.38753161381982915,1.1546343992441346
4993,1,1,1,0,1,0,0,0,0,0,0,0,0,0,0,0,2,2,1,1,-1.4340333018923115,-2.793644839827941,1.4225270063088442
4994,0,1,1,1,0,0,1,0,1,1,1,0,0,1,0,1,0,2,1,1,0.2832388141136493,0.5642389229004383,0.7742613877463547
4995,0,1,0,0,0,1,0,0,1,1,0,0,2,1,0,2,1,0,1,1,-0.20624394396327164,0.3847288872857061,-0.28428159229003513
4996,0,0,1,0,0,1,0,1,1,1,0,1,0,1,2,1,2,1,1,0,0.2131746057415347,-0.22812309598388403,-0.8080528314512574
4997,0,1,0,0,0,2,0,1,1,0,1,1,1,0,1,0,1,1,0,0,-0.3665548317445861,0.8255775248672699,-1.6578346770189805
4998,1,1,1,0,0,0,1,0,0,2,0,0,1,0,0,1,0,0,0,1,-0.43764836554641123,0.32622074113235894,1.4286280045970232
4999,0,0,1,0,0,1,0,0,1,1,0,0,1,0,1,0,1,1,1,0,-0.4871942304518891,-0.1365866427584328,1.6541447458321654
5000,1,1,1,0,0,2,0,0,0,1,0,1,1,1,0,1,1,1,1,2,-0.7662168478544665,0.37072191149527517,0.2864448179588884
5001,1,0,0,0,0,1,0,2,1,1,0,0,0,1,0,0,1,1,2,0,-1.5733100219278844,-1.2330287978710472,-1.0606842944361001
5002,0,0,0,0,0,1,0,0,1,1,0,1,1,0,1,0,1,0,2,0,1.026346926495798,0.07336117955209531,-1.4410686081829422
5003,1,1,1,0,0,2,0,1,1,0,1,0,1,0,1,0,0,0,1,1,0.13561955859289423,-1.4454769032298367,0.23851894406253976
5004,1,0,1,1,0,0,0,1,0,1,0,2,1,0,1,0,1,0,0,0,1.7726886232006818,0.21037419612938163,-0.2829983857423108
5005,0,0,1,0,0,1,0,0,0,1,1,0,2,0,0,1,1,2,1,1,-2.325357599064522,-2.338726790327824,1.776226256337777
5006,0,0,1,0,0,2,1,0,2,0,0,0,1,1,0,0,0,0,0,1,-1.3271097192553019,-0.6355931218803399,0.0384997527960633
5007,0,1,1,1,0,1,0,0,0,0,0,0,0,0,0,1,1,0,1,0,-0.9543313242919944,-0.21936165273707214,-1.0006082265382834
5008,0,0,1,0,0,2,1,1,1,1,0,1,1,0,0,0,0,0,2,1,2.4038578048312536,1.89180885153071,0.8311809408853922
5009,0,1,0,0,0,0,0,0,0,1,1,1,0,0,0,2,0,1,0,0,0.556430889532654,0.38497398245655695,-0.3429043676910481
5010,0,0,0,1,1,1,1,0,1,1,0,0,1,0,0,0,1,0,1,0,-0.6565432701245671,-1.0104621088067556,0.38430030186912595
5011,0,1,0,0,1,1,0,0,2,2,0,1,1,0,1,1,0,1,0,1,-0.6653258702835069,-0.694386262899326,-1.3197660882879199
5012,0,0,0,0,1,2,0,0,0,1,1,0,0,0,0,0,1,0,0,0,0.36736532635606844,-0.544335113989204,0.21798556669819955
5013,0,0,1,1,1,1,0,0,2,0,0,1,0,0,0,0,1,2,1,1,-0.002195818215329568,0.40309974523208836,-0.47106438631429726
5014,0,1,0,0,0,1,0,0,1,1,0,0,1,1,1,1,0,1,1,0,-0.3997042862553424,0.6220900055706768,-0.7860268999416168
5015,0,1,0,0,0,1,0,1,1,1,2,0,1,0,0,0,0,1,1,1,1.1760959825379085,-0.8077001580163404,-0.8224478827162838
5016,0,2,1,0,0,1,0,0,0,0,1,0,0,1,0,2,0,0,2,0,0.45761542230290386,-0.7500684053331357,-0.8174644458750534
5017,0,0,2,0,0,0,0,0,1,0,0,0,0,0,1,1,1,0,0,2,-1.0182244535567326,0.8655225633321724,-1.4672550629036192
5018,1,1,0,0,0,1,0,0,1,2,0,2,0,1,0,0,1,0,2,0,0.6754455933059343,0.7733307711961832,1.3856500851845066
5019,0,1,2,0,0,0,0,0,0,1,1,1,1,0,1,0,1,0,1,0,0.8308298907090684,0.4912601002678428,0.43155946657046884
5020,0,1,0,0,0,0,0,0,2,1,1,1,0,1,0,0,0,2,1,1,-0.25421764090566323,0.21182443485150076,-1.5478803911847074
5021,0,0,2,0,0,2,0,0,1,1,0,1,0,0,0,1,0,2,1,0,-0.37654088763287474,-1.5519409898201537,-0.37680965621562185
5022,0,0,0,0,0,0,0,0,0,2,0,0,1,1,0,1,0,0,0,0,2.18573408357665,2.832564463774919,0.9671605205597422
5023,1,1,1,0,0,0,0,0,1,0,1,0,0,0,0,0,0,0,0,0,0.4257668244686561,-0.7519334969364646,-2.031452110218925
5024,0,0,0,0,0,2,0,0,1,2,0,1,1,0,0,1,1,1,1,1,1.4456890526978416,0.7379593331065736,0.2233223099723211
5025,0,0,0,0,0,1,1,1,0,0,0,0,0,0,0,2,1,1,1,0,-1.1716444860214899,-0.10036160919437734,0.6650199267709488
5026,0,0,0,0,1,0,0,0,1,1,0,1,1,0,0,1,0,2,1,0,-0.8505559214107287,1.6158805187737846,2.545436762132714
5027,0,1,0,0,1,1,0,0,1,0,0,1,2,0,0,0,1,0,0,2,1.670168108496248,2.2911527975804535,3.030657001182084
5028,0,0,0,0,0,2,0,0,0,0,0,1,1,1,0,0,1,0,0,0,-0.11017899283187994,0.4378120090640669,-0.26246548732783376
5029,0,1,0,0,0,0,1,0,0,1,1,1,2,1,0,0,2,0,2,0,-1.5397136547222425,-1.4031567149972026,1.3505425203194068
5030,0,0,0,0,1,1,0,1,0,1,0,0,1,2,0,1,2,0,1,0,-0.5472234317770177,-1.718339732690383,2.0103298473738764
5031,0,1,1,0,0,1,0,0,1,1,1,0,0,0,0,1,1,0,2,0,-1.402646612929837,0.4426118386903788,-0.8767873091312727
5032,0,1,1,0,0,0,0,0,1,0,0,0,2,0,1,1,0,1,0,0,0.9649147705630559,0.33160617074392107,0.5551349416359096
5033,0,1,0,0,0,1,0,0,0,0,0,1,0,0,0,1,0,0,2,0,0.19886125045938918,0.9445419040200882,1.094776547532295
5034,0,0,0,0,0,1,0,1,1,1,0,0,2,0,0,1,0,0,1,1,1.516451479927172,1.6655038388963552,0.49474069556157624
5035,0,0,0,0,0,1,0,0,1,1,1,2,1,0,0,0,1,0,1,0,1.2556904931891562,-2.042336481885002,0.030390929313766968
5036,0,0,2,0,0,0,0,0,0,0,1,0,2,0,0,1,0,0,1,1,-0.1944934916973769,0.5832830596425425,1.6677227518335247
5037,1,1,0,0,0,0,0,0,1,0,1,0,0,0,1,1,2,0,2,0,0.216584593657943,-1.3143970717209135,-0.6563131992930149
5038,1,1,0,0,0,1,1,0,2,2,1,1,1,0,0,0,1,1,1,1,-0.664713088726198,-1.2380533266977891,0.4771808853884515
5039,0,0,1,0,1,1,1,0,2,0,1,1,0,0,0,0,0,0,1,1,0.4908707366358511,0.19976654711588482,-1.3744424187323685
5040,0,1,1,0,0,0,0,0,0,0,0,0,1,0,0,0,0,0,2,0,0.34229269728841605,-0.4455997793371106,1.8077656761962368
5041,0,1,0,0,0,1,0,1,2,1,0,1,1,0,0,0,1,1,1,1,-0.042716985834967906,-0.46398960113420074,0.9124975133748896
5042,0,0,1,0,0,2,0,0,0,1,0,0,2,1,1,1,2,1,1,0,1.1361188806710565,1.7760080742997393,1.2048744835158387
5043,0,0,2,0,0,2,0,0,2,0,2,0,1,0,1,1,1,0,1,0,-2.3724007101176485,-2.236605011210039,1.171274109257388
5044,0,0,1,0,0,0,1,0,0,0,1,2,1,0,0,1,0,1,1,0,-1.1400195919243625,-1.2929695880067773,1.0452707375245764
5045,0,1,2,0,0,1,1,0,1,1,1,0,0,0,1,0,1,0,2,2,-0.9692955874984567,-0.3555483517465132,-0.22423793473225995
5046,0,0,1,0,0,1,0,0,2,1,1,1,0,0,0,2,0,2,1,0,-0.4269586646822087,-0.5046528546328236,0.3236269220960438
5047,0,1,0,0,0,0,0,0,1,0,0,1,1,0,0,0,0,1,0,0,-0.33850261034953294,-1.2815687052339841,-0.39163773354860754
5048,0,1,0,0,0,2,0,1,0,0,0,1,0,0,0,0,1,1,0,0,0.19866714847754074,0.7174581192959932,0.6561202493770187
5049,0,1,0,0,0,1,0,0,1,1,1,1,0,0,0,0,1,1,0,0,0.8837537752487648,0.5987907639396246,0.20988550821688395
5050,0,1,0,0,0,0,0,0,1,0,0,0,1,0,0,0,1,1,2,0,1.5240456760558347,-1.4376884013057607,1.5434749355383497
5051,0,1,0,0,1,1,0,0,0,1,0,0,0,2,0,0,0,1,1,0,-1.2446930879458125,0.05796688587936377,0.012093928327077896
5052,0,0,0,1,0,1,0,0,1,0,0,2,1,0,0,1,1,1,0,1,0.4266925743688733,1.66653758460884,0.1400548613842703
5053,0,1,1,0,0,2,0,0,1,1,0,0,1,1,1,0,1,0,0,1,-0.7414024161110441,0.6924493980335428,0.021997937027689256
5054,1,1,0,0,0,1,0,0,0,1,0,2,1,1,0,0,0,0,1,2,1.7203303876538028,-0.47073946869377714,0.35025034908508124
5055,0,1,0,0,0,0,0,0,2,1,0,0,0,0,0,0,1,0,0,0,0.2723787709223581,0.8771925938287866,0.29429330648475877
5056,0,0,2,0,1,0,0,0,0,0,0,2,1,1,0,1,0,0,1,0,1.3463439037488267,1.0849027370948838,1.7631635031058168
5057,0,0,0,1,0,2,0,0,1,1,0,1,1,0,0,1,1,0,2,1,0.1076469878209042,1.554599866365223,0.9045228171669694
5058,0,1,1,0,0,0,0,0,0,1,0,0,1,1,0,1,0,0,1,2,1.2837019090720045,0.7084663903429981,0.5229799116289251
5059,0,1,1,1,1,0,0,1,1,1,0,0,0,0,1,0,0,0,1,0,-0.4361617456472447,0.8368403548242311,-0.06499784985819257
5060,0,0,1,0,2,0,0,0,0,0,0,1,2,0,0,1,0,1,0,1,0.9038511826362877,-0.818049131955092,-0.8636962696406462
5061,0,0,1,0,0,2,0,1,1,2,1,0,1,2,0,2,0,0,0,1,-1.0204952036027937,-2.320037441787804,1.5913315879661805
5062,0,1,0,0,0,0,0,2,0,0,0,1,0,0,0,0,0,0,0,0,-0.09144047021958669,0.4372271212785119,0.702092477967555
5063,0,0,1,0,0,1,0,1,0,1,0,1,0,1,0,0,0,0,0,1,-1.3658278970470263,-0.26896489028899795,-1.842126682482413
5064,0,1,0,0,0,1,0,0,1,1,0,0,1,0,0,1,0,1,0,0,1.418314251657037,0.2673682838830978,1.575099193540228
5065,1,1,2,0,0,2,0,0,1,1,0,0,2,0,0,0,0,0,2,0,-0.9285022717987832,0.6163226752855377,-0.8141175891847434
5066,0,2,1,0,0,2,0,0,1,1,0,0,1,0,1,0,0,2,0,1,-0.5973853736993042,0.0462014536444082,0.2443401035913658
5067,0,0,1,0,1,1,0,0,2,1,0,1,0,0,0,1,0,0,1,1,0.5920111088996005,-0.5261854976316904,-0.23765746050781553
5068,0,1,0,0,0,1,1,2,1,1,1,0,0,1,1,2,2,1,1,0,-0.7587662888945454,0.4909109545711,0.343784583418231
5069,0,2,1,0,0,1,0,0,2,2,0,0,2,0,0,1,0,1,0,0,-2.026137894132245,0.42596698030690217,0.2494691202760796
5070,1,0,0,0,0,1,1,1,0,1,0,0,1,0,0,1,1,0,0,0,0.6020944767932822,-0.20511679757826917,0.6264944205216879
5071,0,0,0,0,0,1,0,1,1,1,1,1,0,0,1,2,0,0,1,0,-0.23603801898446064,-0.9997679843731733,0.194565665600641
5072,1,0,1,0,0,0,1,1,2,1,0,1,0,0,0,1,2,0,1,0,0.9277324848849797,2.050533310432212,-1.5797940610114318
5073,0,1,0,1,0,2,0,0,0,1,1,0,0,0,0,2,1,0,1,0,-1.076583321923955,0.026180908066023134,0.0253150759407966
5074,0,1,1,0,0,0,0,1,1,0,1,0,1,0,0,1,1,0,0,0,1.7961725368994466,1.214639915543086,0.8436048141450598
5075,0,0,1,0,0,1,1,0,1,0,0,1,0,0,1,0,2,1,2,0,-1.3110715655535727,-2.3753498348460353,1.1839598114393133
5076,0,1,0,0,0,0,1,0,1,0,0,0,1,1,1,0,1,1,1,0,-1.6245085503711707,0.8345821092470221,0.9474975218572369
5077,0,1,1,2,1,2,0,0,1,1,0,1,0,0,0,2,2,0,1,1,0.968859707962497,0.6218737207277105,-1.4046010690680553
5078,0,0,1,0,1,1,0,0,1,1,0,1,1,1,0,0,1,0,0,2,-0.802968752872871,-0.6952180828538411,-1.1347874948349672
5079,0,2,0,0,0,2,0,1,1,1,0,1,0,0,0,1,0,0,1,0,-0.4931762755662419,1.6038190741605716,1.3689131917477004
5080,0,0,2,0,1,0,0,2,0,2,0,0,0,0,0,2,1,1,2,0,-0.3347866650592884,0.19025484888388072,-0.7663954364446595
5081,1,0,1,0,1,2,0,0,0,0,0,1,0,0,0,0,1,0,0,1,0.7355208478833042,2.297267021742029,-0.054816194457911194
5082,1,1,0,1,0,0,0,0,0,2,0,0,1,0,1,1,2,1,1,0,0.8164642987007859,1.3234070151283746,-1.6319719521103608
5083,0,2,1,0,0,1,0,0,0,0,0,0,1,0,0,1,1,1,1,0,0.43947877646208583,0.6152946860574479,0.25370552915630484
5084,0,1,0,0,1,2,0,0,1,1,0,1,0,0,1,0,1,0,0,0,-0.8112139160784938,-1.799806564857585,-0.8346446694067549
5085,1,1,0,0,0,1,0,1,1,0,2,1,1,0,0,0,1,0,0,1,0.3462036955714028,-1.4181297104853874,0.36948017529145205
5086,1,1,0,0,1,0,0,2,1,1,0,1,2,0,1,2,0,0,0,1,1.2133318599827172,-1.0635023997483428,1.1718227437335742
5087,0,1,1,0,0,2,0,0,1,1,1,0,0,1,0,1,2,0,2,1,0.9606949155122937,0.8934011324932725,-0.6264418066046923
5088,2,0,1,0,0,1,0,0,2,1,0,1,0,0,0,0,0,0,1,0,-1.1469280578532692,0.538790190200165,0.5757177982111649
5089,0,1,0,0,1,1,0,0,2,0,0,1,0,1,1,1,1,1,0,0,-0.6497226227388533,-0.35252113067982727,0.04789860867668427
5090,1,1,1,0,0,1,0,0,0,2,2,1,1,0,1,1,1,2,1,0,-0.5952602778248163,-1.1386971244871296,1.0179166186420803
5091,0,0,2,0,0,1,0,0,1,0,1,0,0,0,0,1,1,0,1,0,-1.0474956534976632,-0.43676818030846426,-0.7417670505893379
5092,1,0,1,1,0,1,0,0,2,1,0,0,0,1,0,0,1,1,1,1,1.0370771105304797,1.1805582629789002,-0.2789693075942966
5093,0,0,2,0,0,0,1,1,0,0,0,1,2,0,0,1,0,1,0,1,-0.8488099610789756,-0.14555281187093042,-0.440199365832032
5094,0,0,1,0,0,2,0,0,0,0,0,0,0,0,0,1,2,1,1,0,-0.17441907637869766,-0.5613373025443282,-0.2179068989269162
5095,0,0,1,0,0,0,0,0,2,1,0,1,1,0,1,0,0,0,1,0,0.2218336232917217,1.6891471350183769,0.6743596463324488
5096,0,1,1,0,0,0,0,0,1,0,0,2,0,1,0,2,1,1,0,1,-1.0503692742825925,-1.0100841171282473,1.5355439840765774
5097,0,2,1,0,0,1,0,0,2,1,1,1,1,0,0,0,0,0,0,0,1.1545945382079412,1.419376966180506,0.764104283825213
5098,0,0,1,0,1,1,1,0,1,0,2,1,1,1,1,0,0,0,0,1,0.749204902763022,0.2368163909981944,0.935239668316252
5099,0,0,0,0,0,1,0,0,1,1,1,1,1,1,0,0,0,1,1,1,-0.1452841480662999,0.20496067606224092,1.761397636592534
5100,0,0,1,0,0,0,0,0,1,0,1,2,0,1,0,1,1,1,1,0,0.91970649769554,-0.7353863953450762,1.6908427228739138
5101,0,1,0,0,0,2,1,0,1,0,1,1,0,0,0,1,0,0,1,0,-1.110802211670026,-0.08251521556518637,-0.02469957266386036
5102,0,1,1,0,0,1,0,0,0,1,0,1,0,0,0,1,0,0,2,1,1.6011590189617217,0.3424837739116906,-0.15864258048119684
5103,0,1,1,0,0,1,0,0,0,0,0,1,0,2,1,0,0,1,0,1,-0.1255039726926872,-0.36032728918631673,0.176611915383635
5104,1,1,1,0,1,2,0,1,1,0,0,0,0,0,0,1,2,1,1,0,-1.0533504043471817,0.4627891752430279,-1.6324578423250995
5105,0,0,0,0,0,1,0,0,1,0,0,1,0,0,0,0,0,0,1,0,0.22264452617576966,-1.7004880640373605,1.6490843136479123
5106,0,0,1,0,0,1,1,0,1,0,0,0,1,0,0,1,2,2,1,1,0.3839819615033785,1.1049586419305075,-0.15287558619331118
5107,0,1,1,0,0,1,0,0,1,1,0,1,1,0,0,1,0,0,1,0,-0.42020872803211007,0.44387891934373014,-0.6251191806617832
5108,0,0,1,0,0,1,0,0,0,0,0,0,1,0,0,1,0,0,2,1,0.07677742075943667,0.8453306064025825,0.0024506433076665335
5109,0,1,1,0,0,1,0,0,1,0,0,1,0,0,0,0,1,1,0,1,1.480997399994467,1.5630985844313585,0.17435294204490137
5110,0,1,0,0,0,1,0,0,2,0,0,1,0,0,0,1,0,0,2,1,1.7446235587406824,0.28484373121215323,0.31373556727335355
5111,0,0,0,0,0,0,0,0,1,0,1,2,1,1,0,0,0,0,2,0,1.195831254908612,-0.5245226911892351,0.11142630281593072
5112,1,0,0,0,1,0,0,1,2,0,0,0,1,1,0,0,0,2,1,2,0.5247211819037267,-0.05773066381695213,0.7523955006261673
5113,0,1,2,0,0,1,1,0,2,0,0,0,0,0,0,0,2,1,1,1,3.2251478716176107,2.1312343042618114,2.082483356492691
5114,1,1,1,0,0,1,0,0,2,1,1,0,0,0,0,0,1,0,1,0,-1.3679674362454177,-0.9546087369721243,0.4972818524678281
5115,1,0,2,0,1,1,1,0,1,1,0,0,0,0,1,1,1,0,0,0,0.052228566608047707,0.26276657754498534,1.5848092172305734
5116,0,0,1,0,0,1,0,0,2,0,1,0,0,0,0,2,2,0,0,1,1.2715020009998035,0.9547441648349382,0.024620956083489742
5117,0,0,1,0,0,1,1,0,1,0,1,0,1,0,1,2,1,0,1,0,0.030291714967925733,-0.2343815362239441,0.2387502361086649
5118,0,2,0,0,0,0,0,0,1,0,0,1,1,0,0,1,1,0,1,1,0.2711769809439954,-0.20414299725912444,-0.010296148368622166
5119,0,0,0,0,0,0,0,0,2,2,1,1,2,1,1,0,0,1,1,0,0.09855826524929268,-0.6681481277422366,-0.5419586354709919
5120,0,0,1,0,0,1,0,0,0,2,0,1,1,0,1,1,1,1,0,0,-0.22102839606255106,-0.269417361624902,-0.7993509095064675
5121,0,0,2,0,0,1,0,0,1,1,0,0,1,0,0,0,1,2,1,2,-0.9587733185206829,0.04107460931875653,0.915925006629665
5122,0,1,0,0,1,1,0,0,1,0,1,1,1,1,1,2,1,1,0,0,1.1465193401128324,0.3334507557814854,0.7167208524866946
5123,0,0,1,0,0,2,1,0,1,1,0,0,0,2,0,0,1,1,1,0,0.3482254871450863,1.7534703292028668,-0.8791505343642573
5124,1,1,2,0,1,0,0,0,1,0,0,0,0,2,0,0,0,0,0,0,-1.0722478170497844,-1.7590009327554674,0.5267898283934772
5125,1,0,1,0,0,1,0,0,1,1,0,1,1,0,0,0,0,0,2,0,0.541819270680973,-0.4111706808778738,-0.13225902363872838
5126,0,0,0,0,0,1,0,0,1,1,1,1,2,0,0,1,0,0,1,2,-0.15250429622361103,-0.11065551968685255,-1.3277898306714575
5127,0,0,1,0,1,2,0,1,1,1,0,1,2,0,0,0,0,1,0,1,-0.6098731695846118,-0.5719862595319447,-0.3227248179535599
5128,0,2,0,1,1,0,0,1,2,1,1,0,2,0,0,0,2,2,1,1,-0.06846892740403591,0.09426604490956858,0.544825562749997
5129,1,1,1,0,0,1,0,0,0,1,1,0,2,1,0,1,1,0,2,0,-0.10179422950423572,-1.4391801287276318,0.5516479096097509
5130,1,0,1,1,0,0,0,0,0,1,0,1,1,0,1,0,1,0,1,1,-1.2438100949746866,0.4869380590311896,1.2826470407006454
5131,0,1,1,0,1,1,1,0,2,0,1,1,1,1,0,1,0,0,0,1,0.16198968530588667,-0.7609297822136385,1.0718877555400976
5132,0,0,0,0,0,0,0,0,2,2,0,0,0,0,0,0,1,1,0,0,0.3159189784996646,1.0955383688293574,0.8381382392951722
5133,0,0,0,1,0,1,0,1,1,1,1,0,1,1,0,1,0,1,2,2,1.2199350348735247,0.3226253478230614,-0.04894874158630788
5134,0,0,1,0,0,1,1,0,2,1,0,1,0,0,0,1,1,1,1,1,-1.3949664501739356,0.47087653447147704,-2.254580113297557
5135,0,0,0,0,0,1,1,0,2,1,1,0,2,0,0,0,1,0,1,1,-0.4627647011343772,-0.2628520309155561,0.5268579286289129
5136,0,2,0,0,1,1,1,1,1,2,1,0,2,0,0,2,1,0,0,0,1.232640170126957,0.5681465910554535,-0.35082389634633193
5137,0,0,0,1,0,1,0,1,1,0,1,2,0,1,0,1,1,0,0,1,-0.048970924386034564,-2.3668474901122707,1.445373398226055
5138,0,0,0,1,0,1,0,0,1,2,0,0,1,1,0,0,1,2,0,0,0.6072118875913342,0.8857021417024462,1.2747465614909017
5139,1,1,0,0,0,1,0,0,2,0,0,0,2,0,1,1,1,0,0,1,-0.07751679016390722,-1.3088826328425132,-0.45349988032416205
5140,1,1,1,0,2,0,0,0,0,1,0,0,2,1,0,1,1,0,1,0,-1.224233680205869,-2.142420759132156,0.13355461599391644
5141,0,0,1,0,0,2,0,0,1,1,1,1,1,1,0,0,0,0,0,0,-1.7374976447851083,-1.2457749342973368,-1.2096622237756205
5142,0,0,1,0,1,0,1,0,0,1,0,1,0,1,0,1,1,0,1,1,0.659972690487327,1.2385297154547223,0.08546206448009247
5143,0,1,0,0,1,0,0,0,1,0,0,2,0,0,1,1,0,0,1,0,-0.16152747951918253,0.8844047705305176,0.24972547237522086
5144,0,0,1,0,1,1,0,0,0,0,1,0,0,0,0,1,1,2,0,0,0.04056269378781037,-1.1044685119781523,0.6703824860716884
5145,1,1,1,1,0,2,0,0,1,1,0,0,1,0,0,1,1,1,1,1,-1.3383004630506448,-0.57524497593998,-1.3113448189742098
5146,0,0,1,0,0,1,0,1,1,2,0,2,1,1,0,0,2,0,2,1,-1.0822735303645394,-1.1831155676189065,-0.6783939538847964
5147,0,0,0,0,1,0,0,0,0,0,0,1,1,1,0,1,1,0,1,0,0.08455907481847083,0.9199806176671228,1.4070599797254248
5148,0,1,1,0,0,2,0,1,1,1,0,0,1,0,0,1,1,1,0,1,0.12687526320012482,0.9922065616361256,2.009151944722238
5149,0,1,1,0,0,1,0,0,1,0,1,1,0,1,0,0,1,0,2,0,0.010939455086279793,-0.3350908347871078,-0.04802706016048662
5150,1,0,0,0,0,1,1,0,1,1,0,1,1,0,0,2,1,1,1,0,-0.7853567059273615,-1.7891532434648676,0.7185390686811879
5151,0,1,0,0,0,1,0,1,1,1,1,0,1,2,0,0,1,1,0,1,1.6249040393330862,0.089793238700143,-0.23753678215426557
5152,0,0,0,0,0,0,2,0,1,1,0,0,0,0,0,1,1,1,0,1,0.5863783095930987,0.5813887138095846,-0.20984888402453467
5153,0,0,1,0,0,0,0,0,1,1,1,1,0,0,0,2,2,0,1,1,0.6313335095694221,0.9071681762974515,0.43120397723716825
5154,0,0,0,0,1,2,0,0,2,2,1,0,1,1,0,0,2,0,1,1,0.7244531417792833,-1.2807053315745462,-0.08064861468455653
5155,0,1,1,0,0,0,1,0,0,0,1,0,1,0,0,2,1,0,0,1,1.2048189872846629,0.5908448822229903,-0.7780781882685195
5156,0,0,1,0,0,0,0,0,0,2,0,1,2,0,0,1,0,2,1,1,0.6790170327597118,1.2750571184496766,-0.7668783024713832
5157,0,1,1,0,0,1,0,0,1,0,0,1,0,0,1,0,1,0,2,0,-0.15670622147586788,-0.6457157993347518,-0.35690410402896916
5158,0,0,0,0,0,1,0,0,2,0,0,2,1,0,1,0,1,0,1,0,0.7357181142461934,-0.9385154833770557,0.7288917713489338
5159,0,0,0,0,1,1,0,2,2,1,0,0,0,1,0,2,1,0,1,0,-0.3401546873445888,1.3031717177025697,0.7694845477326204
5160,0,0,1,0,1,2,0,0,2,1,0,1,0,0,0,0,1,1,1,0,0.05753947620767164,-0.7297223462698039,-0.040679585746199884
5161,0,0,1,0,1,0,0,0,2,0,1,2,0,0,0,2,1,1,0,0,-1.1917710234071486,-1.2589497681735318,1.3236242819221715
5162,0,0,0,0,1,1,0,0,1,0,0,0,1,0,0,2,1,1,1,2,1.8866270316860476,1.3019678155630239,-0.4219574338583918
5163,0,0,1,0,0,0,0,1,0,0,0,0,0,0,1,1,1,0,1,1,0.010166453044785216,-0.7518672428023421,-0.23777002985398782
5164,0,1,2,0,1,0,0,0,1,1,0,1,0,0,0,0,1,0,2,2,0.5113627210182906,1.7432428314699409,-0.42046387659388074
5165,0,0,1,0,1,1,0,1,2,0,1,1,0,1,0,0,1,0,2,1,0.6130327781990139,-0.45166715258687806,0.9686633751021005
5166,0,1,1,1,0,1,0,0,2,1,0,1,0,0,1,1,0,1,1,0,-1.4266998876734927,1.3391711471833199,1.7001307442028337
5167,1,0,1,0,1,0,0,0,0,0,0,1,1,0,0,1,0,1,1,0,-2.071872903289269,-1.2663244100549547,-0.4298976121070427
5168,0,0,1,0,0,1,0,0,0,1,0,0,0,0,1,2,1,1,1,1,1.0770567847410006,-0.05875063218669685,0.4651727042616627
5169,0,0,2,0,1,0,0,0,1,0,0,0,1,0,0,1,1,0,2,0,0.2000452986609593,0.6867476633945264,0.4216740736078234
5170,0,0,1,0,0,1,0,1,0,1,0,0,0,0,0,1,1,1,1,1,-0.8605447232407446,-0.21669808603622653,-0.561719909094484
5171,1,0,0,0,0,1,0,0,1,1,1,0,1,0,0,1,1,0,1,1,-0.00952697741589807,0.16904739776932523,-0.8527214652093903
5172,0,0,0,0,0,0,0,0,1,0,0,1,0,0,0,0,1,1,2,2,0.49630150600200534,0.6569831372263291,-0.3769896187351022
5173,0,0,1,1,0,1,0,0,1,1,0,1,1,0,0,0,1,0,2,1,-0.4662886743020941,0.5834953993450863,-0.6909151938446265
5174,0,1,1,0,0,2,0,0,1,1,1,0,1,0,0,1,0,0,2,0,0.586614959454865,-0.8213962202693246,-0.15035404001702501
5175,0,1,0,0,0,1,0,1,0,0,0,0,1,0,1,0,2,1,1,2,0.2758984743126276,0.6585156142692659,0.732430365944681
5176,1,2,0,0,0,0,0,0,2,1,0,1,1,0,0,1,0,1,1,1,0.6930150481576339,0.38926797015072534,-0.1345989214324095
5177,0,1,1,0,0,1,0,1,1,1,0,2,1,1,0,1,2,0,1,0,-0.4799085248218874,0.7578944176518918,0.003748082422565552
5178,1,0,0,0,0,1,0,0,1,1,1,1,0,0,1,0,0,0,1,2,-1.040984061991942,-0.7542023319406644,-3.0808352627423017
5179,0,1,0,0,0,1,0,0,0,0,0,0,1,0,0,0,1,0,1,0,0.4831532656571861,-1.1934002188692958,1.049971836172563
5180,0,1,0,0,1,2,0,0,1,0,0,0,0,0,0,1,0,1,2,1,-0.1308400208795849,-0.2819946887733064,0.49486073341065223
5181,0,0,0,0,0,2,0,0,0,0,0,1,1,0,0,1,0,0,1,0,-0.42405307531913083,-0.5661553428454771,-1.4285310641668687
5182,1,0,0,0,0,1,0,1,1,0,1,0,1,1,1,0,0,1,1,0,-0.1757999565434486,-1.0445773052074279,-0.6833983039023097
5183,0,1,1,0,1,1,0,1,0,0,1,1,2,0,0,1,1,1,2,1,-0.5086275826185414,0.09365002149744639,-1.2107461516000313
5184,0,1,0,0,1,2,1,1,2,0,0,1,0,0,0,0,1,0,0,1,-0.9271489442977331,-1.1301725958938738,-0.5164593495929335
5185,0,0,0,1,0,0,1,0,2,0,0,0,0,0,0,1,1,0,0,1,1.2446368931762164,1.7155472817272528,0.7031454969594624
5186,0,0,2,0,1,0,0,0,1,0,0,0,2,0,1,0,1,1,1,1,0.3500752951876912,-0.19582243039473496,0.38311859741938853
5187,0,1,2,0,0,1,0,0,1,1,0,0,0,2,0,2,1,1,2,0,-1.3444112214313892,-0.0537560207352043,0.783449245399239
5188,0,0,1,0,0,1,1,0,2,0,0,0,1,0,0,0,2,1,2,1,1.2004172372248947,0.44693545532386214,0.19556070500585016
5189,0,1,2,1,0,0,1,1,0,0,0,1,1,1,0,1,0,0,1,0,1.1424384994554746,0.7722563564891622,1.7017472014577883
5190,0,1,0,1,1,1,0,0,2,1,0,1,1,0,0,0,2,1,0,1,0.8789653448930735,-0.6812672569485654,0.6833951348502381
5191,0,0,1,0,1,2,0,0,1,1,0,2,1,1,1,1,2,0,0,1,-0.04600565772554539,-0.5017054002419101,0.7909467223437363
5192,0,1,1,0,0,0,1,0,1,1,0,0,1,2,0,0,0,1,1,2,-0.6201553262820696,1.4167450060235012,1.103408047232713
5193,0,0,1,0,1,2,0,0,0,1,0,0,0,0,0,2,1,1,1,1,-0.43960992873708843,-0.34938140816757257,0.11706717554943466
5194,0,0,0,0,1,1,0,0,2,0,0,0,1,1,0,1,1,0,0,1,0.35178829917251603,-0.8398197581051245,0.07358840338576593
5195,0,0,1,0,1,1,0,0,0,0,0,2,0,0,0,0,1,0,0,1,-0.6127082466477434,0.44468698375537674,-1.1527702479798256
5196,0,0,0,0,0,2,0,0,1,2,0,0,1,0,0,1,1,0,0,0,-0.02197802158521107,0.257439308314576,1.1283114431434342
5197,0,0,1,0,0,1,0,0,0,1,0,1,1,0,0,0,0,1,1,0,-1.462002519239814,-0.8547720763920832,-1.355397263283209
5198,0,0,2,0,1,1,0,1,1,1,1,1,0,0,0,0,0,0,1,0,-1.1645898530197054,0.21904779099105776,-0.952982932847323
5199,0,1,0,0,1,1,0,0,1,2,2,0,0,0,0,0,0,0,1,0,-1.5397191415204108,-0.272389367903187,-0.48689340384004076
5200,0,1,0,0,0,0,1,0,0,2,1,0,1,0,0,0,1,2,0,0,1.439201297100165,0.68777380269971,0.9922331720773507
5201,0,1,0,0,1,0,0,1,2,1,0,0,1,2,0,1,2,1,1,0,0.1099972506419471,-1.0918253908605644,0.6619342270424233
5202,0,1,1,0,1,0,1,0,1,2,0,0,0,1,1,1,1,0,1,0,-0.6528374257152859,-0.19687623564805137,-0.15040487280262493
5203,0,0,0,0,0,1,0,0,1,0,2,1,0,0,0,1,1,1,1,0,-0.6059307293500564,-0.5397172832015761,-0.3851160725675673
5204,0,1,1,0,1,2,0,0,2,1,0,0,0,0,0,1,0,2,2,0,0.21880029946384805,1.9685365269514803,0.25075103263287285
5205,1,1,0,0,0,0,0,0,0,0,0,0,0,0,0,1,1,0,1,1,-0.16871231064065567,-1.1122444579558437,-0.14411391615758906
5206,0,1,0,0,1,2,1,0,1,1,1,1,1,0,0,1,1,1,2,1,-0.1670187816470551,-0.2894789750534078,1.197572290342102
5207,0,1,1,0,1,0,0,0,2,1,1,0,1,1,0,1,0,1,0,2,0.649207784518996,1.2938795480445928,0.3427548432767531
5208,0,0,0,0,0,0,0,0,1,1,1,0,0,1,0,1,1,2,2,1,0.32483820223319554,0.9641077425752034,1.0206874580251286
5209,0,1,1,0,0,0,0,0,1,1,0,1,1,1,1,0,0,1,1,0,-0.7001052255517187,-0.2205816892748555,-0.9166267587298752
5210,0,1,1,0,0,1,0,0,1,1,1,0,0,0,0,2,1,0,0,1,1.9870521768628542,0.6038656835977132,0.8606940504659366
5211,0,1,2,0,0,1,0,0,1,1,0,1,0,0,0,1,0,0,0,1,-2.3228631126026302,-1.2451158917739282,-0.755013053081593
5212,1,1,1,0,1,1,0,0,2,1,1,1,0,0,0,2,1,2,1,2,-0.34514430866291507,1.1397481875455577,0.29866505237869995
5213,0,0,2,0,0,2,0,1,2,0,1,1,1,0,0,0,1,0,1,0,0.13829493524514722,1.7346351052184703,1.2759302268052346
5214,0,0,1,0,0,1,1,0,0,1,2,1,0,0,0,0,1,1,1,1,0.5354621131868991,-0.8495346483524107,-0.02274509392795493
5215,0,0,0,0,1,2,0,0,0,2,0,1,0,0,0,1,1,1,2,1,-1.1853468526722677,-0.8592073828701619,0.7994662340499019
5216,0,0,0,0,0,1,0,0,0,1,0,1,1,0,0,1,1,1,1,0,1.1938080586490218,0.4307590782552543,-0.06798912841971899
5217,0,1,0,0,1,1,0,0,1,0,0,1,1,1,0,1,1,0,2,1,0.7862662469659444,-1.8875851783953803,0.9339143918730948
5218,0,1,1,0,0,1,0,0,1,0,0,0,2,0,0,2,0,2,1,1,0.5496045749529304,-0.21086087640604545,-0.6144323846567379
5219,0,1,1,0,1,1,0,1,1,1,0,1,2,0,0,0,1,1,2,1,-0.0246481809712497,-1.3433375308190922,0.5032740089442367
5220,0,1,0,0,0,1,0,0,1,1,0,0,1,0,1,0,2,0,1,2,0.09131215008253804,0.021718508116664082,-0.01728653216472574
5221,0,1,0,1,1,1,0,0,0,0,1,1,0,1,0,1,2,1,0,1,-1.1322334918939223,-1.1652605734579202,0.9873015464964345
5222,0,1,0,0,1,1,0,0,1,0,2,0,2,0,0,0,2,1,1,0,1.010818518334113,-0.26506695380253775,-0.994860248429823
5223,1,1,1,0,0,0,0,0,2,0,0,0,0,0,0,0,0,1,2,0,1.2624140046104404,0.1367466064730557,-1.4557284026675845
5224,0,1,1,0,0,1,0,0,2,1,0,1,1,0,0,1,1,0,1,0,0.565788868225029,0.26678994441723075,-0.17488345975136754
5225,0,0,0,0,0,2,0,1,1,0,0,0,0,1,0,1,1,0,1,1,-0.5503083832356616,-1.719863856255281,-0.6169429209030965
5226,0,1,2,0,0,1,0,0,1,0,1,2,0,0,0,0,0,0,0,1,0.46192992915983155,-0.7378656207315154,-0.045990207709403236
5227,0,0,1,0,0,1,0,0,1,1,1,0,0,0,0,1,0,0,0,2,-2.459727594671374,-0.9695459959079444,-0.7682816631483058
5228,0,0,0,0,0,0,0,0,2,1,1,0,1,0,1,0,1,0,0,1,1.3503361772701927,-1.1555135378114316,-0.48615726882364396
5229,1,2,0,1,0,0,0,0,1,0,0,0,2,0,0,1,1,1,0,1,1.4410191816101314,1.6665022712003599,-1.3898327190922064
5230,0,0,0,0,1,0,0,0,1,1,0,0,0,0,0,2,0,0,1,0,0.7469464825594551,1.7499439980380633,1.2052881488802005
5231,0,0,1,1,0,1,0,0,0,0,0,0,0,1,0,0,1,0,1,1,-1.771280276863716,0.4206491748245625,1.1691491673276444
5232,0,0,1,0,0,1,0,0,2,1,0,0,1,1,1,2,2,1,2,1,1.8132017039381432,2.1561895904179447,1.0861352335826189
5233,0,1,0,0,0,1,0,0,0,1,0,0,1,0,0,1,0,1,1,0,0.49089291870828067,0.7827456694256711,0.7165079234837619
5234,1,0,2,0,1,1,1,0,1,2,0,0,2,0,0,1,2,1,1,1,-0.1949420797069371,0.5002432883765519,-0.4428888959122866
5235,1,0,0,0,0,1,0,0,1,1,0,0,1,0,1,0,1,2,2,0,-0.20767461914267357,-0.1378464486971478,0.4143601913808918
5236,0,0,2,0,1,1,0,1,1,0,1,0,1,0,1,0,1,0,0,1,0.7693184595979616,-1.5733035207147612,-0.8510233571477981
5237,0,0,0,0,0,1,1,0,2,0,0,1,1,1,0,0,2,1,0,0,-1.1972376603198762,-0.7750151003342804,0.5029417633035511
5238,0,1,1,0,0,1,1,0,1,1,0,0,0,1,0,1,1,1,1,0,-2.111474683149372,-1.6448219703506965,1.3232599040584982
5239,1,0,0,0,0,0,1,0,2,0,0,0,0,0,0,1,1,0,0,1,-0.6658288386207101,0.8585454195841564,-0.20223293097663497
5240,0,0,1,1,1,2,0,0,2,1,0,2,0,2,1,0,1,0,1,0,-0.059837520042037365,-0.33564991390241006,0.8603873931400104
5241,0,0,0,1,0,1,0,0,2,1,1,0,1,0,0,2,2,0,1,0,-0.4951656062412388,-1.0383289004054943,-0.32046169106737454
5242,1,2,2,0,0,0,0,0,2,0,1,2,1,1,0,2,0,1,0,0,0.6238953199506742,-0.8476302059385123,-0.4998272774891496
5243,1,0,1,0,0,1,0,0,0,1,1,0,0,0,0,0,1,1,0,1,-0.4889163333965081,-0.2907503334807881,-0.5251731961631751
5244,0,0,0,0,1,2,0,0,1,0,1,2,0,0,0,1,0,1,0,2,-0.2663755025882037,-0.2891844742045718,-0.4637603499543803
5245,1,1,1,0,1,1,1,0,0,1,0,1,0,0,0,1,0,1,1,1,-0.8613841193444702,-0.9481461895472736,-1.514347219457504
5246,0,1,0,1,1,2,0,1,1,0,0,1,0,2,0,0,0,0,0,2,0.5702514498438757,-0.8517873309963964,0.034224169212065
5247,0,0,0,0,0,0,0,0,1,1,0,2,2,0,0,1,0,0,1,0,0.17143505475277845,-0.4063759196364815,1.2652493854640667
5248,0,1,0,0,1,2,0,0,2,1,0,2,1,0,0,1,2,1,0,2,-1.6801314864030388,-2.0310236077941575,0.12645797463161057
5249,0,0,0,0,0,1,0,0,1,0,0,1,1,0,0,1,1,2,0,0,2.4175388137337057,2.696607223033216,1.0969960062198902
5250,0,0,1,0,0,2,0,0,2,0,1,1,1,1,0,1,0,0,1,2,-0.8594211944860873,2.150116171427907,2.5828853145997055
5251,0,1,1,0,1,1,0,0,1,0,0,1,0,0,1,0,1,1,0,1,-0.7993680487757333,0.7217391420412105,0.7146068480416949
5252,0,1,1,1,0,1,0,0,2,2,0,1,2,1,1,1,0,0,1,0,0.6095773962170978,0.5380485069948293,-1.0585128036180413
5253,0,1,1,0,0,1,0,1,0,0,0,1,1,0,0,1,1,1,0,1,-0.5517255999719308,-1.098875094523602,-0.6531984334068971
5254,0,0,0,0,0,1,0,0,1,1,1,1,2,1,0,1,2,0,2,0,-0.4939828260905885,-3.184335913423878,1.5999350744074556
5255,0,1,2,0,0,1,0,0,1,2,1,0,0,0,2,1,2,0,2,2,0.12330108983625199,1.2793898223300908,0.33185743834225867
5256,0,1,1,0,0,0,0,0,1,1,0,1,1,0,0,1,1,1,1,2,-1.0890358488988714,0.2541494698291043,-0.6770306144457239
5257,0,0,1,2,1,1,0,1,0,2,0,0,0,0,0,2,1,0,0,1,1.9355662720536104,1.3968425597554308,1.6812823969225272
5258,0,0,2,0,2,0,0,0,1,1,0,1,1,1,0,0,1,1,2,0,-0.5552388082046283,-0.4242995134202995,0.37821428710857147
5259,0,1,1,0,0,0,0,0,1,2,0,1,1,1,0,2,0,0,0,2,-1.3063013787166429,0.9749139371000326,0.8321576747194448
5260,1,0,2,0,0,1,0,0,0,1,1,0,0,0,0,2,1,1,2,0,0.8629706030460128,1.6002323350053018,0.9341300437600464
5261,0,1,0,0,0,0,1,0,1,0,0,1,0,0,1,1,0,0,0,2,-0.24331833909176728,-0.4280082666132968,0.5802998521786622
5262,1,0,1,0,0,1,0,0,1,0,1,0,1,2,0,1,1,2,0,1,0.9036783295087791,-0.3484047338916008,-1.0225700768732915
5263,0,0,0,0,0,1,0,1,1,2,0,0,0,0,0,1,1,0,0,0,-0.04354444814760627,-0.00450873801304999,-0.25965546583031085
5264,0,0,0,0,0,0,0,0,1,0,0,1,0,0,0,1,0,1,0,1,-0.1942593164765715,-1.0828548910987956,0.6907363335999316
5265,0,0,1,0,0,1,0,0,0,1,0,1,0,0,2,1,1,0,0,1,-0.10591208054688636,0.28529398031217024,0.20132490111956627
5266,0,0,1,0,0,1,0,0,1,1,0,1,0,1,0,1,1,2,2,0,-0.5984271958134281,1.8401531933694533,-0.3174602916308189
5267,0,1,0,0,0,0,0,0,2,0,0,1,1,0,0,1,1,1,1,0,-1.0683333832304753,-1.720509303694272,-1.5589533958330808
5268,0,0,1,1,2,0,0,0,1,0,0,0,1,1,2,1,0,0,1,0,-0.002502864960514596,2.2752618752915135,0.11403821932659564
5269,0,2,1,0,0,1,0,0,1,0,1,0,0,0,1,0,0,0,0,0,0.5814434288132481,-0.35677079033892106,0.9037008759888427
5270,0,2,1,0,0,2,0,0,0,0,0,0,0,0,0,1,0,0,1,1,0.844235536548657,1.1023035798162488,-1.4013591857914265
5271,1,1,1,0,0,2,0,0,2,0,0,2,1,0,0,1,2,1,2,1,0.3244794909202744,-0.3019153136137488,-0.10554704032807473
5272,1,0,1,0,0,1,0,0,0,0,1,1,1,0,0,1,2,0,1,1,1.3817659757798848,-0.3348885231574648,0.35470483248157736
5273,0,0,1,0,0,1,1,2,1,1,2,0,0,0,0,0,1,1,0,1,1.8808961937404456,0.8786349736503576,1.0706593102684985
5274,0,1,0,0,1,1,0,0,2,0,0,1,1,1,0,1,0,1,0,1,1.1633940425033884,1.453234945593247,0.46053408705928733
5275,0,0,2,0,0,0,0,0,1,0,0,1,1,0,0,1,1,1,0,1,1.5995922363198736,1.6116859016844303,0.21127713626713418
5276,0,0,0,0,0,2,0,1,1,0,0,1,0,0,0,1,2,0,1,1,-1.5542474476834427,0.21141105081872336,-0.06903492088408247
5277,0,0,0,0,0,0,0,0,2,1,0,1,1,1,0,2,1,1,0,1,0.8330787664426905,0.41571101407879185,0.5274873678742751
5278,0,0,0,1,0,1,0,1,2,0,0,0,0,0,1,2,1,0,1,1,-0.6838335638756478,-1.222531647846905,-1.159265211788944
5279,1,2,0,0,0,0,0,0,0,1,0,0,1,0,1,0,0,0,1,1,0.496196618503357,1.1910491404661432,0.5670184054255099
5280,0,1,0,0,0,1,0,1,0,1,0,2,0,0,0,1,1,1,0,0,-0.7763833526597468,-0.38587535557570546,-1.9015926898357853
5281,1,1,0,1,0,2,0,1,0,1,0,0,1,1,0,0,0,2,1,0,-0.41662404634430983,-0.3472463922467376,-0.3448015499773167
5282,1,0,0,0,0,2,0,0,1,1,0,0,2,0,0,1,0,0,0,0,-0.8787496542389523,1.2463160566033853,-0.29679545075833985
5283,0,1,1,0,0,1,0,1,0,1,0,0,1,1,0,1,0,0,1,0,-0.5319003769112903,-0.6645074798104582,-2.2192790433737404
5284,0,1,1,0,0,1,0,0,1,1,0,0,0,1,1,1,0,0,1,0,-1.1863903312261999,0.9735312428093312,1.2046176003362579
5285,0,0,1,0,0,2,0,0,0,2,1,2,2,0,0,2,0,0,0,1,-0.5497280695723434,0.6366994350125537,-1.3608374110000663
5286,0,1,1,0,0,0,1,0,0,1,0,0,1,0,0,1,1,1,0,0,1.2063371790161395,-1.307648652050688,0.245352033726006
5287,0,0,0,0,0,0,0,1,0,1,1,1,1,0,0,0,0,1,1,1,-0.8539543669534745,-0.054158111355076644,0.8387435791333137
5288,0,1,0,0,0,1,2,2,2,1,0,2,0,0,1,0,0,0,0,0,-1.0673465750522695,0.22067029537612504,0.8542645939553628
5289,1,0,0,0,0,2,1,0,2,0,0,1,1,0,0,1,1,1,1,1,-0.49519109014534324,-1.4646196404024023,1.9203191476626986
5290,0,0,0,0,0,0,0,0,2,2,0,0,1,1,0,0,1,1,2,1,-0.0239526142634886,0.9813961087205273,1.3133147837596681
5291,0,0,1,0,0,1,0,0,2,2,0,1,1,0,0,0,1,0,1,1,-1.508308058487673,2.8234844696853916,0.3867530122300753
5292,0,0,1,0,0,0,0,0,1,0,0,1,0,0,0,1,0,0,2,0,-1.0870484837499073,-1.6119948445010495,1.4250455037600787
5293,1,1,0,0,0,1,0,0,0,2,1,1,0,0,0,1,0,0,0,1,-0.42442790118543067,-1.289987670275231,0.07804345492445218
5294,0,0,1,0,0,0,0,0,0,0,0,1,1,0,0,1,1,0,1,0,-0.040559377562482436,0.4515518090661693,-0.5958726385675682
5295,0,0,2,1,1,1,0,1,2,1,1,0,2,0,0,0,1,0,2,0,-0.5379415913058171,-0.030199874572056307,-0.5577827703434379
5296,0,0,0,0,0,1,0,0,2,0,0,1,1,0,0,0,0,0,0,0,-0.9286492311370649,-0.7423605350192699,-0.0450581332143478
5297,0,1,0,0,0,1,0,1,1,1,0,1,1,0,0,0,1,1,2,1,-0.08682716599785378,0.4810920439108456,0.21062322309660553
5298,0,1,0,0,0,0,1,2,1,2,1,0,1,0,0,0,2,1,1,1,-0.39418176509451597,0.20385269186055077,-0.4320991724594022
5299,1,1,1,0,0,2,0,0,2,0,1,1,0,0,1,1,1,0,0,1,1.692763372435759,-0.45961821380257817,-0.5946846591031932
5300,1,1,1,0,0,0,1,0,0,1,0,1,0,0,0,1,0,1,1,2,-0.04181219289484118,0.9014542245333996,0.7663826259481178
5301,0,0,0,1,0,1,0,0,1,0,1,0,1,0,0,0,1,1,1,0,0.7908530720046059,-0.6332174040617313,-0.01056217152777117
5302,0,0,0,0,0,0,0,1,1,1,0,2,0,1,0,0,2,0,1,0,-0.52591677417218,0.05198105082280646,-0.3590944557390444
5303,0,0,1,0,1,1,0,0,1,1,2,0,2,0,0,0,0,1,0,0,-0.22886354251007646,-1.5217972040036891,1.4320663033913241
5304,0,2,1,0,0,0,1,0,1,1,0,1,1,0,0,2,1,2,1,0,1.270885619745558,1.0489929128035365,-0.5536045754596483
5305,0,0,1,0,0,2,0,0,2,0,0,0,0,0,0,0,1,0,0,1,0.2518766479761483,0.8315694257409283,-0.4200961084607773
5306,0,1,0,0,0,2,0,0,1,1,0,1,2,2,0,1,0,0,1,1,-0.35503386507317214,2.380764793903179,1.7135118408780459
5307,0,1,0,0,1,1,0,0,2,0,1,1,1,1,0,1,1,1,1,0,-0.5349926719418608,0.3270254757873451,-0.3893194136213674
5308,0,1,2,0,0,1,0,0,1,0,2,1,1,0,0,1,0,0,0,1,0.9752101175933681,-1.2413349453861442,2.0837310806267646
5309,0,1,0,0,0,0,0,0,2,1,0,1,0,0,1,2,1,0,1,0,0.3244793755511736,0.11171540593487475,-1.36438974625428
5310,0,0,0,0,1,2,0,1,1,2,0,1,1,1,0,1,0,0,0,0,1.618318317103008,1.4733925313408494,1.3121119814727131
5311,0,1,1,0,0,1,0,1,1,0,0,1,1,0,0,2,0,0,1,0,-0.5320812910933665,-1.5480814983807711,-0.06955521243089174
5312,1,0,0,0,1,2,0,0,0,0,1,1,0,1,0,0,0,2,0,0,0.5613917284999529,0.05334089689152921,0.2518798603154584
5313,0,1,1,1,0,2,0,0,0,1,0,0,1,0,0,1,2,1,1,1,-0.1543558434099582,0.2166001587326012,0.6020516411185424
5314,1,2,1,1,0,1,0,0,1,0,1,0,1,1,1,0,1,1,0,1,2.090263332959614,1.1364692460600414,1.453032079060323
5315,1,0,0,0,0,0,0,1,0,2,1,0,0,0,0,1,0,0,0,1,-1.0095378892222722,-1.487632978830311,-0.22934703061423822
5316,0,1,1,0,0,1,0,0,1,1,0,1,0,0,1,1,0,1,0,1,1.0857826384920988,-0.605878777110018,-0.3499930621290728
5317,0,0,0,0,0,2,0,0,0,0,1,2,1,1,1,2,0,2,0,0,1.1232453136157545,-0.10682246435591625,-1.0994684114107138
5318,0,1,0,0,0,1,0,0,1,1,1,0,2,0,0,1,1,0,0,1,0.5057377121389437,-0.1900050425984004,-0.6940756999439087
5319,0,2,0,0,0,1,0,0,0,0,0,1,1,0,0,1,2,1,1,1,0.338949607456385,0.4187996449411583,-0.7029452022718059
5320,1,1,1,0,1,2,1,1,2,1,1,1,0,1,0,1,0,0,0,1,0.7385575719043679,0.4436282296357143,-0.16579820843254267
5321,0,1,0,1,0,2,0,0,1,0,1,0,0,0,0,2,1,1,2,1,0.5134644712300307,0.6563598840614211,0.9864497438224424
5322,0,0,1,0,1,2,1,0,2,1,0,0,1,1,0,0,2,0,0,0,-0.5500251998334175,-0.04388644026120753,1.2007163414658644
5323,0,2,0,0,0,2,0,0,0,1,0,2,1,1,1,1,1,2,1,0,-0.7909826232775947,-0.22022598201188148,0.020039567613026596
5324,0,1,1,0,0,1,0,1,1,1,1,2,0,1,0,2,0,0,1,0,-0.04502378503530438,0.15618583328938307,0.6112618359317297
5325,0,1,2,0,1,1,1,0,1,0,0,0,1,0,0,0,1,0,1,1,-0.6704737159912232,-1.856625329397053,1.0199721516979234
5326,0,0,0,0,0,1,0,0,1,0,0,1,1,0,0,1,1,1,1,1,0.4564690331514084,1.3206634771078176,1.5327973738227305
5327,0,0,1,1,0,0,0,0,1,1,1,1,0,1,1,0,0,0,0,0,0.46744030831726496,0.1707393617158013,0.1955183474347722
5328,0,0,1,0,1,2,1,0,1,1,0,1,1,0,1,0,1,0,1,2,-0.9199149919875619,0.8419536071290064,0.256736639521622
5329,0,0,0,1,0,1,0,1,2,1,0,1,1,0,0,1,0,0,2,0,-1.0634059277884838,-0.777254256409448,-0.034957235096218696
5330,0,1,0,0,0,0,0,0,2,2,0,0,0,0,1,1,1,1,1,0,0.14907913741182147,0.2508753196395599,1.3961725093583992
5331,0,0,0,0,0,2,0,0,0,2,0,0,0,0,0,2,0,0,1,1,-1.206206784345351,0.2681177975423748,-2.4018736154569593
5332,1,0,1,1,1,1,0,0,2,0,2,2,1,0,0,2,0,0,0,1,0.923237507132115,0.6137982427377189,-1.0489400466111385
5333,0,0,0,0,0,2,0,0,1,1,0,0,1,2,1,0,0,0,0,0,0.5225550329470695,-2.1833606792285534,2.269739809531583
5334,0,2,0,0,1,1,0,0,2,1,1,0,2,2,1,1,0,1,1,1,1.0714622813450765,1.1577866205763838,-1.1028746408836747
5335,0,1,1,1,0,1,0,0,1,0,2,2,0,0,0,1,2,1,1,0,0.48684914846813937,-0.5457552747994008,2.0018566951895966
5336,0,1,2,0,0,0,1,0,0,0,0,0,1,1,1,1,0,1,0,1,-0.1725281928817659,0.5632273607929233,-1.235773223461314
5337,1,1,0,0,0,1,0,0,2,1,0,0,0,0,1,0,1,1,2,0,1.0711648917307446,0.21084229513624583,0.03452875986362236
5338,1,1,0,0,0,1,1,0,1,1,0,1,0,0,0,0,0,1,1,0,0.5775434865936526,1.6101170301404966,0.6113550166770121
5339,1,0,0,0,0,1,0,0,1,1,0,0,2,1,1,1,2,0,1,0,1.5606520371058636,-0.444150220771933,0.5888581288604574
5340,0,0,1,0,0,1,0,0,2,2,0,0,1,0,1,0,1,1,1,0,-1.9804244099493191,-1.2720722067550114,1.473089983595395
5341,1,1,1,0,1,0,0,0,0,1,0,0,1,0,1,0,2,0,0,0,-0.5071430437180214,0.38282030493404073,-0.4969752088651642
5342,0,1,0,0,1,1,0,0,1,2,0,0,1,0,0,1,1,0,1,1,-0.888286446397369,-0.8163369236751492,-0.37640308397496863
5343,0,1,1,0,0,2,1,0,1,0,1,0,1,0,1,0,0,0,1,0,1.0821696335871804,0.06795736965518609,-1.0586200147223066
5344,0,2,1,0,1,2,0,0,1,0,0,1,0,1,0,1,1,0,1,0,-0.9994133713604711,0.24104604639306082,-0.7247968647786955
5345,0,0,2,1,1,1,0,1,1,1,0,1,1,0,0,0,0,1,1,1,-0.9496565259611819,1.4147008845054916,1.4842782258469056
5346,0,1,1,1,0,1,1,0,0,0,0,0,1,0,0,2,1,0,0,1,-0.4488659759197663,0.055978229397142074,-0.07027018591286802
5347,0,0,1,0,0,0,0,0,0,1,0,0,1,1,0,2,1,1,0,1,0.4886821125798824,0.3747381906171377,0.786138424164143
5348,1,1,0,1,0,1,0,1,2,0,0,1,1,0,0,1,0,0,0,2,-0.9360334954949456,0.6180080891092109,-1.4295170210044923
5349,1,1,1,0,0,2,0,1,1,1,0,0,0,0,0,1,2,1,1,0,-0.49595654667936295,0.8287806467203809,0.18564122009556697
5350,0,1,0,0,0,1,0,0,1,1,0,0,0,0,0,0,0,0,0,0,-0.286175527151249,-0.9813439614601858,0.378718451515495
5351,1,1,0,0,1,0,0,0,0,1,0,2,0,0,0,1,1,1,1,1,0.8296847318270435,1.1690083227498134,0.10890812247480736
5352,0,0,1,0,0,1,1,0,1,1,0,0,0,1,0,0,0,0,1,1,0.00010955611547341522,-0.21209572221691148,-0.7844016883111471
5353,0,1,1,0,0,1,0,1,1,1,1,1,1,0,1,1,1,1,1,0,-0.9793956795350016,-0.05463208592785118,0.6136841882137554
5354,0,0,1,0,0,0,0,0,1,0,0,0,1,0,0,0,0,1,1,1,-0.76407536801932,-0.36976182957518067,-0.2645385651825422
5355,0,2,1,0,0,1,0,0,1,0,1,0,1,2,1,1,2,1,2,1,-0.5223584723776321,0.4500916662371656,1.9796079622267075
5356,0,0,1,0,1,1,0,0,0,1,0,1,1,0,0,0,0,0,0,1,-0.3280364920238738,0.027799726556982332,1.2648808853916467
5357,0,1,1,1,0,2,0,1,1,1,2,0,0,0,0,1,1,0,0,0,1.459805974468173,-0.24290012911771475,0.709063650119728
5358,1,0,1,0,0,2,0,0,1,1,0,2,1,0,0,1,2,1,1,1,-0.4805031445906119,-1.0370152912537154,-1.2786908693504226
5359,0,0,1,0,0,1,0,0,1,1,0,0,0,0,0,1,1,2,1,2,1.718011926720646,0.9486957153676978,-0.38784946992476366
5360,0,0,0,0,0,0,0,0,2,0,0,0,2,0,1,0,0,0,2,1,1.154817314014693,0.8687960956015643,-0.3542770453047669
5361,0,0,1,0,0,0,0,1,1,0,0,1,1,0,0,1,1,2,0,0,0.8859376063864116,-0.993573364993305,-0.7486451688086301
5362,1,1,1,0,0,1,1,0,1,0,0,0,1,0,0,2,2,1,1,0,0.7422147160682971,0.15027915710559103,-0.20129302197096866
5363,0,2,1,0,0,1,0,1,1,1,0,0,1,0,0,0,0,1,1,0,1.0667736933250673,0.8838205160267858,0.6505400051765586
5364,0,0,0,0,0,0,0,0,2,0,1,1,0,1,0,1,0,2,2,0,0.4856535019954589,-1.344565317794007,0.648145405697478
5365,2,0,0,0,0,1,0,0,0,0,1,1,0,1,1,1,1,0,2,0,0.35331585394451676,-0.9664187122542729,-0.18955284575494874
5366,0,0,1,1,0,1,1,0,1,0,1,0,1,0,0,0,1,1,1,1,-0.16790563310120593,0.8116048497776036,0.10775832168304625
5367,1,2,0,0,0,1,0,0,1,1,1,0,0,0,0,0,1,0,1,0,-1.2357215805483963,-1.4908960820833483,-1.3553470678656039
5368,0,2,0,2,1,1,1,1,1,1,0,1,1,2,0,0,0,1,1,1,-0.6197866582334638,-1.4561970298253675,-0.3160797669284042
5369,0,1,1,0,0,2,0,0,1,2,0,1,0,2,1,0,0,0,1,1,0.5800594384943726,0.05135170275163781,1.423398459706068
5370,0,0,1,0,0,0,0,0,1,1,0,0,0,0,0,0,2,0,0,1,-1.3821919682588795,0.3926282838618672,-0.04134449476704857
5371,1,1,1,0,0,1,0,0,0,1,0,0,2,1,1,1,2,1,2,2,0.2342775891993806,1.549055150642976,1.3233716553451367
5372,0,1,1,0,0,0,0,0,0,1,0,1,0,0,0,1,0,1,0,1,-0.7437118725956986,-1.0770588029438717,-0.5252417684010094
5373,0,0,1,0,0,1,0,1,0,1,0,1,1,1,0,0,1,1,0,0,-0.5047259452845031,-0.4399339783318004,-0.055259236550290136
5374,0,1,0,1,0,0,0,1,1,0,1,1,1,0,0,2,0,1,0,0,-1.4088851461159135,-1.869429436571772,0.36894065669103876
5375,0,2,1,0,0,0,1,0,2,0,1,1,0,1,1,1,1,1,1,1,0.9900412812513919,-0.4839817601060059,1.388680609717528
5376,0,2,1,0,0,1,0,0,1,0,0,0,1,0,0,0,1,1,1,0,-0.5530040754060103,-1.0439844164013157,-0.22410186327075535
5377,1,1,0,0,0,2,0,0,2,0,0,1,0,0,1,1,1,1,1,2,-1.0602164891443175,-0.25616371344509375,-0.2266469841905303
5378,1,2,0,0,1,1,1,0,1,1,0,0,1,0,0,1,0,2,1,0,-0.8695365044406662,-0.5745169663012248,-0.8673256146002042
5379,0,0,1,0,0,1,1,0,1,1,2,1,0,2,0,1,2,0,1,1,1.1190984617620605,-1.9341383669861196,0.8600668138781746
5380,0,0,1,0,0,1,0,0,1,1,1,0,2,0,0,1,1,1,0,0,0.10901152293788326,-0.17621052159791278,-1.482896916461192
5381,0,1,1,0,0,1,0,0,1,1,0,0,1,0,1,1,2,0,1,1,-0.9683676081099198,-1.572377668755851,0.7330673470535944
5382,0,2,1,0,0,1,0,0,1,0,1,0,1,0,1,1,0,1,1,0,0.4214161158080422,-0.712108493794221,-0.0754667033820858
5383,1,0,1,0,1,1,0,1,1,1,0,1,1,1,0,0,0,1,1,1,0.9613360339848888,-0.7540564903690299,-1.1146371838777325
5384,0,0,1,0,1,1,0,0,2,0,0,1,0,0,1,0,0,1,0,0,0.5211384003946733,0.7375470155742014,-0.2672147976128879
5385,0,0,0,0,0,0,1,0,2,1,0,1,1,0,1,2,0,1,0,0,-2.4370369452846163,0.0014536280522861045,0.8573231393337959
5386,0,0,1,0,0,0,0,0,2,1,0,0,1,0,1,0,1,0,1,0,-0.5878619232315752,-0.8312526044970652,0.853259429700223
5387,0,1,0,0,0,2,0,0,2,1,0,0,1,2,0,0,0,1,0,0,-0.6483298711703438,0.4909345747994393,1.7670132798911
5388,0,0,2,1,1,1,0,1,2,0,1,1,0,0,1,1,1,0,0,1,0.5741251283127382,-1.1613060076506843,0.17593666241536438
5389,1,0,1,0,0,1,0,0,1,1,0,1,0,0,0,1,1,0,0,0,1.6132658310465986,1.4149618012143876,2.4009671085181674
5390,0,2,0,0,0,2,0,0,2,1,0,2,2,0,0,1,1,0,1,0,1.0160652828729648,-0.5459439995623636,-1.1104517839599564
5391,0,1,0,1,0,2,0,0,0,1,0,0,0,0,1,1,1,0,0,1,0.2162005301455786,-0.6290807663761786,1.9434552193741956
5392,0,0,2,0,0,1,1,0,1,1,0,0,0,1,0,1,0,1,1,1,1.3408530195063195,0.21231788888306324,1.088725847031303
5393,0,1,1,0,0,0,0,2,2,0,0,0,2,1,0,1,0,1,2,1,-1.9461595080981873,-0.6039648518268871,-0.1829865817915311
5394,0,0,2,0,0,1,0,0,1,1,1,1,1,0,1,1,0,1,0,1,0.32014567005315503,-1.5457137678854096,1.4897852121472503
5395,0,0,1,0,0,1,0,0,2,0,0,1,1,0,0,1,1,1,0,0,0.8207323587381847,0.5458904272503096,-1.089183261996902
5396,0,0,1,0,0,1,0,0,1,1,1,1,1,0,0,1,0,1,2,1,-0.42700674353320417,0.25956734787865743,0.1833748898365861
5397,0,1,0,0,0,0,1,0,2,0,1,0,2,1,1,1,1,0,0,0,-0.8978300320619315,-2.7592012226394123,0.4953374376668197
5398,0,0,1,0,0,1,0,0,0,0,1,0,1,0,0,0,1,0,0,1,0.33039196802203047,-0.5150542369767694,-1.4503935438812812
5399,0,0,1,0,0,1,0,1,1,2,0,1,1,0,0,0,1,0,1,0,0.34338502443735053,-0.8340044970293846,-1.2977148537879226
5400,0,0,0,0,1,2,0,1,2,0,1,0,1,0,1,0,1,2,2,1,-0.9700178554431406,-2.0401165937351875,-1.5310275243181841
5401,1,0,1,0,0,1,1,0,1,0,1,0,1,1,1,1,1,1,1,1,0.37284610728264933,0.032443546473127104,2.390991276938666
5402,0,1,1,0,0,0,0,0,1,2,0,0,0,0,0,1,1,1,0,2,1.239763837026824,1.3843515574213758,-0.6448273979779338
5403,0,1,0,0,0,1,0,1,2,1,1,0,2,0,0,1,2,2,2,1,-0.9136443708957652,-0.7717875527605949,-0.8738023098066581
5404,0,0,0,0,0,1,0,1,1,1,0,0,0,0,0,0,2,0,1,0,-0.12252729468892966,0.20330919790069474,-2.013193819105247
5405,0,0,0,0,1,2,0,1,2,1,0,0,1,0,0,0,1,0,0,0,-2.320436265723811,-0.5037669234929594,0.32325957385266796
5406,0,1,1,0,1,2,0,0,1,0,0,2,0,0,0,0,0,0,2,1,-1.775810892698913,-0.7040924433999631,0.7778610063119776
5407,0,1,0,0,0,1,0,0,1,1,1,1,1,1,1,0,1,0,0,2,-0.14623939754709014,0.3071176931439702,-1.3315932950431912
5408,0,0,1,0,1,2,0,0,1,0,0,1,1,0,0,0,1,0,2,0,-0.37989180732729166,-0.6569904314858965,-0.4394785652625102
5409,0,0,0,0,1,0,0,0,0,1,0,1,2,2,0,0,1,0,1,1,-0.5578317015189556,0.2605069341040999,-0.5671402372598516
5410,0,1,0,0,0,1,0,0,2,0,2,0,1,0,0,1,0,0,2,1,-1.6877805910092212,-2.0616285418363853,0.13315238835391863
5411,0,0,1,0,0,2,0,0,0,1,0,0,1,0,0,1,1,0,1,1,1.505458094685013,0.9533452647810744,1.771743789483528
5412,0,0,1,0,0,1,1,0,2,1,1,0,0,1,0,2,1,1,0,0,0.8839222686591068,1.1959287757082024,0.8095615331295947
5413,0,0,1,0,0,1,0,0,0,0,1,1,1,2,0,0,1,1,1,2,-0.3466650959062893,-0.5398584813097744,-0.21284563607889764
5414,0,0,0,0,0,0,0,1,0,1,1,1,2,0,0,0,2,0,0,1,-0.5510641352625072,-1.5239706871379703,-0.2986029736022433
5415,0,1,1,0,2,2,0,0,0,1,1,1,0,0,0,2,0,0,1,1,0.18637436436750804,0.4262210858069547,-0.0941466590897872
5416,0,0,2,0,0,1,0,1,1,0,1,0,0,0,0,1,1,1,0,0,-0.9429122492009097,1.4728657209454108,1.0211677493278566
5417,0,0,0,1,0,0,0,1,0,1,0,0,0,0,0,0,2,1,0,0,0.21692887943177175,-0.23023339393979608,-0.32247588773109354
5418,0,0,1,0,0,1,0,1,1,0,1,0,0,1,0,0,1,0,0,0,-1.2182570550921226,-2.4503387400164343,1.885910655109435
5419,0,0,1,0,0,1,0,0,1,1,1,1,2,0,0,0,0,0,0,0,0.27486126222126694,0.39016003229238655,0.9786470013044353
5420,0,1,2,0,0,1,0,0,2,1,1,1,0,0,0,1,2,0,0,1,-0.07849472849926685,0.7260686206302693,-0.6898216721534468
5421,1,0,1,0,0,1,1,0,2,0,0,1,1,2,0,1,0,0,0,2,-1.673474056278661,-2.23493839886018,-1.122249866538166
5422,0,0,2,0,1,0,0,0,1,1,0,1,1,0,1,1,0,1,0,1,0.37596317666405893,0.13047323356005297,-0.5249387198887947
5423,0,2,1,0,1,0,0,0,1,1,0,0,0,1,0,2,0,1,0,0,0.5716138838954334,-0.6303336999529904,-1.1220878371704845
5424,0,0,0,1,0,2,0,1,1,0,0,0,0,0,1,2,1,1,0,0,1.0501204724694937,0.9542041135831878,1.2763592233228789
5425,0,0,0,0,0,2,0,0,0,0,0,1,0,0,1,0,0,0,0,1,1.77067746821239,0.33547568163029284,0.4956168003096934
5426,0,1,1,0,1,0,1,0,2,1,0,1,0,0,0,1,1,1,1,0,-0.6554653019275556,-0.5823034411698308,1.7137758229400306
5427,1,1,1,0,0,1,0,0,0,1,0,2,2,0,0,0,0,1,2,0,1.087259098274986,0.9872107414758445,0.860886393539914
5428,1,2,1,0,1,2,0,1,1,0,0,1,0,0,0,0,2,1,0,0,-0.5973358215374958,-1.0405799832742306,-0.032411918107608476
5429,0,1,1,0,0,0,0,0,1,1,1,1,0,0,1,0,0,1,0,1,0.4217047789723274,0.3850834797651086,-1.5614588515630996
5430,0,0,2,0,0,0,1,0,1,0,0,0,1,0,1,1,1,1,1,0,-0.14470177366519793,0.705595785687237,-0.5857415865765085
5431,0,0,1,0,0,1,0,0,1,2,0,1,2,0,0,2,0,0,1,0,1.6662230982157267,0.926768256049175,0.9947401951111452
5432,0,0,1,0,0,0,0,0,2,1,1,1,1,0,0,1,0,1,0,0,0.5640652641520845,-0.30487163975378656,0.8315352440743443
5433,0,1,0,0,0,1,0,0,0,2,1,0,2,0,0,1,1,0,2,0,0.19698254732190168,0.9404532686119096,2.1230666785968224
5434,0,1,1,0,0,1,0,0,1,0,0,1,0,0,0,0,1,1,0,1,0.2879845241474046,-1.6780566055288608,-1.6020089915810616
5435,0,0,2,0,0,1,0,0,1,0,1,1,0,1,0,2,1,0,1,1,0.2533550647482854,1.325724611841899,0.10029233037759994
5436,0,0,2,0,0,1,0,0,0,1,0,2,0,0,0,0,0,1,2,0,-0.776287237832514,-1.2001418133161355,-0.705642251712188
5437,1,0,2,0,0,1,1,0,1,1,0,0,1,1,0,1,2,1,1,1,-0.8568928261251564,0.22745062847942282,-0.9196600989972773
5438,0,0,0,0,1,2,0,0,2,0,0,0,1,0,0,0,1,0,2,0,0.36619635203535594,-0.39839186439974683,1.2606871556332029
5439,1,0,1,0,1,2,0,0,0,0,1,0,0,1,0,1,1,0,1,1,0.367891166302478,-0.6103753094630696,-1.472232590219351
5440,0,1,0,0,0,1,0,1,1,1,0,0,1,1,0,2,1,0,1,0,-0.0496627860051755,-1.0732231726311305,-1.2127662909570835
5441,0,0,1,1,0,2,0,0,2,0,0,0,0,1,0,1,1,0,1,1,1.8931296738713213,1.4215311816653147,0.021964776199057345
5442,1,1,0,0,0,0,0,1,0,1,1,0,0,0,0,2,1,1,2,0,0.8974399310388553,-0.4877088244512511,-3.0000966014728303
5443,0,1,0,0,0,1,0,0,1,0,0,1,0,0,0,1,0,1,2,1,1.0617520835342336,1.4277720707953343,0.8453191612273487
5444,0,1,1,0,0,1,0,0,0,1,0,0,2,0,1,0,0,1,1,2,0.3363679412364116,-1.7150040237144544,2.1430284585215507
5445,0,0,0,0,0,1,1,0,2,1,2,0,0,2,0,2,0,0,2,1,-0.564515494800169,1.3792282328825318,0.11756019513761767
5446,0,2,0,0,0,1,0,0,0,1,0,0,2,1,0,1,1,0,1,0,0.9055536199794044,-0.6703504404939395,-0.2119834025952797
5447,0,1,1,0,0,0,0,0,2,0,1,1,0,0,0,0,1,0,0,0,-0.8563588745360249,-0.2868604776869015,0.888039930496092
5448,0,1,0,1,0,2,0,0,1,1,0,0,1,0,0,0,1,2,1,1,-1.2598940193186507,0.06181415817101171,0.7015479243186444
5449,0,1,0,0,0,1,0,1,0,1,1,0,1,0,1,1,1,2,0,0,-0.2407283243974745,-1.3697551185651524,-1.7932344785396548
5450,0,0,1,0,0,1,0,0,1,2,1,1,2,0,0,1,1,0,1,1,-2.337177770126844,0.30207488992732134,0.5077457143092224
5451,0,0,0,1,0,1,0,0,1,1,1,0,1,0,0,2,2,0,0,0,-1.788869302169521,-1.5821058053851687,1.5566742413760581
5452,2,1,1,0,1,1,0,0,1,0,0,0,1,1,0,0,1,1,1,0,-0.7485031062291241,0.27859613985863896,-0.014790960694463298
5453,1,0,1,0,0,1,0,0,2,1,1,0,1,0,0,0,1,2,0,0,-1.1761855089012156,-0.18367569922101457,-0.9945836560945716
5454,0,1,1,0,1,1,0,0,2,0,0,1,0,0,0,0,0,0,2,0,0.6808250097658716,1.0173319609424105,3.405306818681487
5455,1,0,1,0,0,2,0,0,1,1,0,0,1,0,0,0,1,0,0,0,-0.08862753685828521,-0.39503666853084207,-1.111621171962427
5456,0,2,0,0,0,2,0,0,1,0,0,0,0,1,0,0,0,0,2,0,2.5963481778618935,0.6706842409109721,1.8821963082568531
5457,0,1,1,0,0,0,0,0,0,1,0,0,0,1,0,1,1,1,1,0,0.25772792486545315,1.1182879371798968,-1.6582419519659437
5458,0,1,1,1,0,1,0,0,2,0,1,2,1,1,1,2,0,2,2,0,0.1777791641753137,0.48651598495175774,-1.3050571982923576
5459,1,2,0,0,0,2,0,0,2,1,1,0,0,0,0,1,1,0,1,1,0.03456726508259186,-0.03203293077299396,2.364307270869371
5460,0,1,1,0,0,1,0,2,1,1,1,1,1,0,0,1,2,0,1,0,1.9325081960884603,-0.3225693873742169,-0.44238304353853614
5461,0,0,1,0,0,2,0,0,1,0,1,1,0,0,0,0,0,0,1,0,-0.539252054451924,-0.5980008223586597,-0.32338735664873014
5462,0,0,1,1,0,2,0,0,0,0,1,0,1,0,1,1,1,0,1,2,0.8076616425685225,2.0468180647502265,0.03870616104143498
5463,0,0,0,0,0,1,0,0,1,0,0,0,1,1,0,2,0,0,2,0,1.3260903791767065,1.8639418456457046,1.6654212181847972
5464,0,1,1,0,0,1,1,0,1,1,2,0,1,0,0,1,2,0,2,0,-0.38698892642504745,-0.30350917184699433,0.4752183120606639
5465,0,0,1,0,0,1,0,0,0,0,0,1,0,0,0,0,2,1,0,2,0.03669320316524088,-0.35565395775507197,-0.7423667596694487
5466,0,2,0,0,0,1,0,0,2,0,1,1,0,0,1,1,0,1,0,1,-1.6788564404005326,-1.3306432420970065,0.06664940065464736
5467,0,1,1,0,0,1,0,0,1,0,1,1,2,0,0,2,1,0,1,0,-0.3115257708678501,-1.145591081903415,1.0740863413210986
5468,0,0,1,0,0,0,0,0,0,2,0,0,0,0,0,0,0,1,0,0,0.18780867360864203,0.48971663912799124,-0.8630037077058414
5469,0,1,0,0,0,0,0,0,1,0,1,0,2,0,2,1,1,0,1,0,0.8575061730104813,-0.3935603639357187,0.8833378804676187
5470,0,1,1,0,0,1,0,0,1,0,0,1,1,0,0,0,2,0,1,1,-1.2038306477872134,-0.6128453473219229,-0.7377406913448399
5471,0,1,1,0,0,2,0,0,1,2,0,1,1,0,0,1,2,1,1,0,0.4485526759940608,0.9936186732998734,-1.2028324598867666
5472,1,0,1,0,1,1,0,2,0,0,0,0,1,0,0,2,0,1,2,0,-1.7062917952348569,-1.083982490828092,0.14391832262163992
5473,0,1,1,0,0,1,0,0,1,1,1,0,1,0,0,0,1,0,2,0,-2.1124006079082727,-3.0202153285236575,-0.0810889540329669
5474,0,1,1,0,1,1,0,0,1,0,0,0,1,0,0,0,1,0,1,1,0.07019960573291956,0.9270830401909707,-0.23033646981869993
5475,0,1,0,0,0,1,0,0,2,1,0,1,0,2,1,1,2,2,0,2,0.5307046459237524,1.3469997298091134,0.24610682515341667
5476,0,1,1,0,0,2,0,0,2,1,1,0,0,0,0,1,0,0,1,0,0.4791290409982977,1.2877959234758325,-1.2943577242292408
5477,1,1,0,0,0,1,0,0,1,0,1,0,1,0,0,1,0,0,1,2,1.5392149390856074,0.3218820435703378,0.8065378636569407
5478,0,2,1,0,1,0,0,0,1,1,0,1,2,0,1,0,0,0,1,1,-2.2112194422918776,-0.8165996133045805,1.194894197066639
5479,1,0,0,0,0,1,0,0,1,0,1,1,0,0,0,0,1,0,1,1,-1.1582038614364336,0.5768204898856247,0.06655338516091062
5480,1,0,0,0,1,0,0,1,1,1,2,1,1,0,1,1,0,1,1,0,1.1182968531645194,-0.15048799328417026,-0.04749245122069637
5481,0,1,1,1,0,1,0,1,2,0,0,1,0,0,1,1,0,0,0,1,-0.7242648551882769,-1.1768683602033936,1.1147540781571434
5482,1,0,0,0,1,1,0,1,1,1,0,1,1,1,1,1,0,0,0,0,-0.22851506471350166,0.6258401172815607,0.8646538142103115
5483,0,1,0,0,0,1,0,1,2,1,0,0,1,0,0,2,1,1,2,0,1.653276228786702,1.554439473014393,1.4837026914562659
5484,0,1,0,1,0,1,0,0,1,1,0,1,0,1,1,2,1,1,0,1,0.09754298813454038,0.778472387095915,0.06407157004247455
5485,0,0,1,0,0,1,0,0,0,2,0,2,1,1,1,0,0,1,1,1,-0.3504231194798478,0.9512947704024525,0.8940023878086457
5486,0,1,2,0,0,1,0,0,1,0,2,0,2,2,0,1,1,0,0,1,-0.20205404837699542,0.21270785057282215,1.390781889537986
5487,0,1,1,0,1,1,0,0,1,1,0,0,1,2,0,1,1,1,0,2,0.2731902643269721,-0.48780776163256345,-0.590703414889293
5488,0,0,1,1,0,1,0,0,1,0,1,1,2,0,0,0,1,1,1,1,1.5376337262136242,0.3495277776043248,0.5331311776970875
5489,0,2,0,0,0,0,0,0,0,1,0,1,1,0,1,1,1,2,0,1,-1.2665098324799353,-0.700276541216109,-2.542392212982054
5490,0,1,0,1,0,0,0,0,1,1,0,1,0,0,0,0,0,1,1,1,0.06245315796391821,-0.9545602979641097,0.5423006932050929
5491,0,0,0,0,0,1,0,0,1,1,0,1,1,1,1,1,1,1,1,2,0.3502687387922885,0.3320649841355141,-0.4348688521852657
5492,0,0,1,0,0,0,0,0,2,1,0,1,2,0,0,2,1,1,1,0,-0.5199015538958691,0.3318580951423168,1.5555639238297962
5493,1,1,2,0,0,0,0,0,2,1,2,1,1,0,0,0,1,1,0,2,-0.2614388211733157,-0.38209138396783104,-1.4854785028437891
5494,0,1,1,0,1,0,0,0,1,0,1,0,1,0,1,1,1,1,1,0,1.3239734726875712,0.5033473264414561,0.3174941538115908
5495,0,1,0,0,1,0,1,0,0,1,0,0,2,0,1,1,1,0,0,0,-0.3663330164005992,2.0355134160202777,2.3903869884024673
5496,0,1,0,0,0,1,0,0,1,0,0,0,0,0,0,0,2,1,0,1,0.2418528035093932,0.1439361617811693,0.3821792881509349
5497,1,0,0,0,0,2,0,0,0,1,1,2,1,0,1,1,0,0,1,1,-0.9004308978256902,-0.12267179063438538,0.18915559774214144
5498,0,1,1,0,0,1,0,1,1,0,2,0,2,1,0,1,0,0,1,0,-0.5654591374074059,-2.0022027411332126,1.5655033750639822
5499,2,2,2,1,0,1,0,0,1,0,1,0,0,0,0,1,1,0,1,0,0.13112922754751502,-0.7913881804176337,-0.1245231877392428
5500,0,0,1,0,0,1,0,0,1,0,0,0,1,0,0,0,2,0,0,1,0.276306422007496,-0.5472722714582847,1.3804883813013482
5501,1,1,0,0,0,0,0,0,0,1,0,2,0,0,0,2,0,2,0,0,-2.345344522526171,-0.18992462602796567,-0.9541536489178561
5502,0,2,2,0,0,1,0,0,0,1,1,2,1,1,0,2,1,1,1,2,-0.4701193695655374,-0.07714742406328717,-0.5298379247610819
5503,0,0,1,0,0,0,0,0,0,0,0,0,1,0,2,0,0,1,1,1,1.9131873029232118,0.7838519009286589,-0.5088010439715427
5504,0,2,0,0,0,1,0,0,1,0,0,2,1,0,0,2,2,0,1,0,0.6375319053648832,-0.3188949134172683,0.6828397965035996
5505,2,1,0,0,1,2,0,0,1,0,0,0,2,1,0,1,1,0,1,0,-0.3353766532796296,-1.190418086199712,0.23261351645151224
5506,0,0,0,0,1,1,0,0,1,2,0,0,0,0,0,0,1,1,0,0,-1.7407394736847883,-0.5359007638998078,-0.6101074208953453
5507,0,1,0,0,1,1,0,0,1,1,2,0,1,1,0,0,0,0,0,2,0.7373268059648627,1.3976829519663345,-0.6126214438650566
5508,0,1,0,0,0,0,1,0,0,0,1,1,0,1,0,0,1,0,0,0,-1.850827123899732,-0.8761005844864574,1.126586147176477
5509,0,0,1,0,1,1,1,0,0,1,0,0,2,1,1,0,0,1,1,1,0.1613496011163784,0.48974540625167184,0.39243535475092656
5510,0,1,0,0,0,0,1,1,0,1,0,1,1,1,1,0,0,1,0,1,-0.0482997552027635,0.33639127866546803,-1.0654832168727055
5511,2,0,1,0,0,2,1,1,0,1,1,0,1,0,0,1,1,0,0,1,1.6793185040474996,1.664911728582252,2.0133217121952383
5512,0,1,0,0,0,2,0,0,2,0,0,0,0,0,0,1,1,1,1,1,0.1483286918479235,0.31638680773212197,-0.6641026251244557
5513,0,1,0,0,0,0,0,0,2,2,0,0,0,1,0,1,0,1,1,0,-0.5236772620512018,-0.5759604556669974,-0.04602057298373945
5514,0,0,0,0,0,0,0,0,0,1,1,0,1,0,0,2,0,0,2,1,-0.4437933967228564,-0.35030624946381084,1.3874258795380463
5515,1,0,1,0,0,1,0,0,2,0,0,0,0,0,0,0,0,0,0,0,0.7630681390988958,0.6576859171020291,0.08909685072480852
5516,0,0,0,0,0,2,0,0,1,1,1,1,1,0,0,1,1,0,2,0,-1.4598578000266111,0.43258196758141054,0.2507172189852558
5517,0,0,1,0,1,1,0,0,2,1,0,0,1,0,0,1,1,1,0,0,-0.9366702996481386,-2.0510736625129766,-1.0478209938211436
5518,0,0,0,0,0,1,0,0,0,0,1,1,2,1,1,1,0,0,0,0,-1.0405936003534417,-1.4817097130524184,-1.5194637485772642
5519,0,0,0,0,0,1,0,2,0,0,0,2,1,2,0,1,1,0,1,1,-1.3009234992602712,0.4789056289879595,-0.5981128435739131
5520,0,0,0,0,0,0,0,0,1,1,1,1,1,0,1,1,1,2,2,0,2.0390476376453255,2.174818342096244,1.0474847708388235
5521,1,0,0,0,1,0,1,0,0,1,1,1,1,0,1,1,0,1,2,1,0.5396334141324794,0.5209505463032258,0.42918997884227394
5522,0,1,0,0,0,1,0,0,1,2,1,0,1,0,0,1,0,1,0,0,0.25398264246344315,0.06689383213915773,-0.43069043482203995
5523,0,0,0,0,0,2,0,1,1,1,1,1,1,0,0,2,0,0,1,0,0.21976571603568354,0.6368741770687242,0.05741437433744632
5524,0,0,0,0,1,1,0,1,1,1,0,0,0,0,0,0,0,1,0,1,-0.49096200459475825,-0.8433048180728158,0.3710073381585023
5525,0,1,0,0,0,0,0,0,1,1,1,0,1,0,0,0,2,1,1,0,-0.18141159545744207,-0.4406969972786592,-0.2867088181582119
5526,0,0,0,0,0,1,0,0,2,1,0,1,1,0,0,1,0,1,0,0,-0.4166026828899198,-1.2735929304569216,0.4000213157472504
5527,0,2,1,0,0,0,0,0,2,0,0,2,0,0,1,2,0,1,1,0,1.1521243464331814,-0.8918394434286039,0.3420312710965731
5528,0,1,1,0,0,1,0,0,1,0,1,0,1,0,0,1,1,1,1,0,0.4555574768654866,1.1754260186876795,-0.16725964839012125
5529,0,1,1,0,0,1,0,1,1,0,2,2,1,1,0,1,1,1,1,1,0.016646992429157383,-0.8233478587533565,1.4083981151397655
5530,0,0,0,0,0,1,0,0,0,1,1,1,1,0,0,0,0,0,0,0,-0.6821289906385507,2.4142629220638607,0.14381757473396273
5531,0,0,0,0,0,1,1,0,1,0,1,0,1,1,0,2,0,0,1,1,-0.6152145709606011,-0.13971403607582664,1.5281704151080284
5532,1,1,1,1,0,1,0,0,2,2,1,0,0,1,0,0,0,0,0,1,-0.2824499929751409,-0.1491504355941305,-1.9642551458554967
5533,0,0,0,0,0,0,1,0,1,0,0,1,1,1,0,1,2,1,2,0,-0.7419191895814924,-0.909550955382913,1.2383531676992134
5534,0,1,1,0,1,1,0,0,2,1,0,1,1,1,0,0,1,1,1,0,-1.492418486537667,-1.4800517130149706,1.3114721509633698
5535,0,0,0,0,1,1,0,0,2,2,1,0,0,1,0,1,0,0,1,0,0.4672511374191416,1.7760057057947285,0.9579306347501446
5536,1,0,1,0,1,0,1,1,1,1,0,0,0,0,0,1,0,0,1,1,-0.3149360011596729,0.008218264892846106,-0.40424274734299553
5537,0,0,0,0,0,2,0,0,2,2,1,1,0,0,1,1,0,0,2,1,0.18879743824536827,1.0263655096874296,-1.5533774004068004
5538,0,0,0,1,0,1,0,0,1,1,0,0,1,0,0,1,1,1,1,0,-1.9257554746487544,0.018961977681193787,-0.5378067019537007
5539,0,1,1,0,1,1,0,1,0,1,0,0,0,1,0,1,0,1,0,0,-1.6234191718093929,-0.5966922784595015,0.550687234864684
5540,0,1,1,0,0,1,0,1,1,1,0,1,0,0,1,0,1,0,0,1,-0.21021614371857625,-1.2664463464470666,0.9122932881912261
5541,1,1,0,0,0,1,0,1,2,1,0,1,1,1,0,2,2,0,2,1,-1.111478997985213,-0.30887401416713034,-0.725570716410846
5542,0,1,2,0,0,2,1,0,0,2,1,0,1,1,0,0,1,0,0,0,0.8953722128938921,1.7980787875761013,1.1520408607568382
5543,0,0,0,0,0,2,0,0,1,1,1,0,0,0,0,1,1,0,0,1,0.47241146525556516,-0.520358436782745,0.3754322637803985
5544,1,0,0,0,1,1,0,0,2,1,0,1,1,0,0,1,0,1,0,1,0.6939198317897262,-0.12692045947217223,-0.2624664187315054
5545,1,0,0,0,1,2,0,0,1,1,0,0,0,0,1,1,1,0,1,1,0.09022791506922197,0.2313172976642615,0.5724848917686832
5546,0,0,0,0,0,1,0,0,0,1,0,0,0,0,0,0,1,0,0,0,-0.7788806639586406,-0.2904550231026859,-0.22404156621533605
5547,0,1,0,0,0,0,0,0,1,1,1,0,2,0,0,0,0,0,1,1,2.6243777477795294,0.687418409896749,0.27052557477500716
5548,1,1,1,0,0,2,1,0,1,0,1,0,1,1,0,0,0,0,1,0,0.5206041790573795,-0.6737803171296483,1.1082576639315578
5549,0,1,1,0,0,2,0,0,0,1,1,1,1,0,0,0,0,0,2,0,-0.17741612778894686,-1.716668582785135,0.6587518052860917
5550,0,1,0,0,0,1,1,0,1,0,0,1,1,0,1,0,1,1,0,0,0.15239578855972855,0.4825731003516457,-0.45160579092655634
5551,0,0,2,1,0,1,0,0,2,1,0,0,1,1,0,0,0,0,0,1,1.9514790994297355,2.4642076363323913,-0.06458906260631436
5552,0,0,1,0,0,1,0,0,2,0,0,1,2,0,0,1,0,0,0,0,0.5096922477100547,0.9895186780231012,-1.0618922370537693
5553,0,0,1,0,0,1,0,0,1,2,1,1,0,1,0,2,2,0,2,1,-0.5015096091221485,1.205095308733653,-1.133401304235671
5554,1,0,1,0,0,1,0,0,0,0,0,0,2,0,0,2,0,0,0,1,-0.49397284605930614,0.4234621983473582,-0.43612182922542414
5555,0,1,0,1,0,0,1,0,2,1,0,1,1,0,0,2,1,0,2,1,-0.36912871133981495,-1.0382812461256872,-0.611160858167852
5556,0,0,0,0,0,2,0,0,1,1,1,0,1,1,0,0,0,0,1,2,-0.7082245944813187,1.2756208791867978,-1.6847671543481741
5557,1,1,0,0,1,1,0,0,1,0,0,1,2,0,0,1,1,0,1,1,0.059498498131772215,-1.0402217511278329,1.4841625190101229
5558,0,0,2,0,0,1,0,0,1,2,0,1,0,1,1,1,0,0,2,0,0.034359832732491914,0.9427836450858611,-0.3116849724334333
5559,0,0,0,0,0,2,0,0,1,0,1,1,0,1,1,2,2,1,1,1,1.1729158117187783,-0.7940908855330141,1.2914126009104425
5560,0,0,0,0,0,1,0,0,1,0,0,0,0,0,0,0,1,0,2,0,0.7144217465224886,-1.9167091233375357,1.8393898613708377
5561,0,1,0,0,0,0,0,0,1,0,1,0,1,0,0,0,1,0,0,0,-1.5498808922829908,-1.9735062736225977,0.46758412273230243
5562,1,0,2,0,0,1,1,0,2,1,0,1,1,0,0,1,0,1,1,1,-0.11356078470022658,0.2970831706958071,0.5792981045051695
5563,0,1,1,0,1,2,0,0,0,0,1,1,0,0,1,1,0,1,0,1,1.013651255934359,-0.4025199442865298,-0.9297087513250676
5564,0,1,1,0,1,2,0,1,0,1,0,0,0,0,0,1,0,0,1,0,-0.4374770722003544,-0.80315740469207,0.8338342389256574
5565,0,0,1,0,1,1,1,0,1,0,0,0,2,0,0,0,1,0,0,1,-1.6849700800606882,-1.3694488842955326,-0.43259741859352285
5566,2,1,0,0,0,1,0,0,1,2,1,2,1,0,0,1,2,2,0,0,0.5589109266596965,-0.9332327019524356,2.3862941479528903
5567,1,1,0,0,1,0,0,0,0,0,1,1,0,0,0,0,2,2,0,1,1.050778132766966,-1.0252546700265168,0.44422607983221535
5568,1,0,0,0,0,0,0,0,0,0,0,0,1,2,0,1,2,1,1,0,-0.38334414246232296,-0.33035894765056306,0.08442850313052966
5569,0,1,1,0,0,0,0,0,0,0,0,1,1,0,0,1,0,1,1,1,1.1905435518056275,1.0472571147584846,-0.5484925869270771
5570,0,0,1,0,1,2,0,1,2,1,1,0,2,0,0,0,0,1,1,1,0.22280427735754182,0.06366738169674464,0.2962375549617769
5571,1,0,0,0,0,1,0,0,0,0,1,1,1,0,0,2,1,0,1,0,1.351793232085979,1.0192783037184259,-0.23027593683530734
5572,0,1,1,1,0,1,0,0,0,1,0,1,0,1,0,1,0,1,0,1,1.345392371211257,2.1617042720467046,0.2066973919100631
5573,0,0,1,0,0,1,0,0,2,1,0,0,0,1,0,0,0,0,0,1,1.7722086090419307,0.0047434990039110225,-0.5359000892609148
5574,0,1,1,0,0,1,0,0,2,1,0,0,0,0,0,0,0,1,2,0,-0.5240635179747564,-1.2417866314430954,-1.3456834821305954
5575,1,1,1,0,2,1,0,0,2,1,0,0,0,0,1,0,0,1,2,0,-0.8247318941514017,-0.5845807268909158,-0.8570887329859354
5576,0,0,0,0,0,1,0,0,2,0,0,0,2,0,0,1,1,1,0,1,1.338725227786224,0.056548061470646505,1.3955915178303826
5577,0,0,1,0,0,0,0,0,1,0,1,0,1,0,1,2,0,1,0,1,0.9615868862880969,0.1789752847282595,-1.2008449845355027
5578,1,1,0,0,0,1,0,0,1,0,1,1,0,1,0,0,1,0,1,0,-0.22132950198658843,-0.77047215681047,-0.06655782053415196
5579,1,0,0,0,1,1,0,0,1,2,1,2,0,1,1,0,0,2,1,0,0.8252051642033579,-1.104316540183726,1.3963379274046879
5580,0,1,1,0,0,0,0,0,0,0,0,1,2,0,0,1,0,0,0,2,-1.2302537044850708,-0.4855313473003842,-0.7171759815631029
5581,0,0,0,0,0,1,0,0,1,0,0,0,2,1,1,1,1,1,1,2,-0.04516536400463763,-0.9737288834157378,-0.010972156374487646
5582,0,1,2,0,0,1,0,1,1,2,0,0,1,0,0,0,1,1,0,0,0.7985985576631931,-0.11931435142068691,-0.22807286568965424
5583,0,0,0,0,1,0,0,0,0,1,0,1,2,0,0,1,0,1,2,0,-0.2812650123409769,1.4161470985499771,-0.5068691383139724
5584,1,0,1,0,0,0,0,1,1,1,0,1,1,1,0,0,1,0,0,1,-0.16399013148159525,0.75229734259876,-0.36201216433009026
5585,0,0,1,1,0,0,0,0,1,1,1,1,0,0,1,0,0,0,0,0,-0.343341382790585,-0.1267917262364091,-1.481812579109962
5586,0,0,0,0,0,1,0,0,2,1,0,0,0,0,0,0,0,1,2,1,1.0083506668692792,0.5866894617052362,-0.5530105031354076
5587,0,0,1,0,0,0,0,0,1,0,0,0,0,2,0,1,2,1,0,0,0.12500252188334957,0.044261218454124715,1.63799927596736
5588,0,1,0,0,0,1,0,0,1,0,2,0,0,1,0,2,1,0,1,1,0.6599231916738882,1.0161043422476825,1.6438171514148625
5589,1,0,2,0,1,1,0,0,2,2,0,1,0,0,0,2,0,1,1,1,0.9239722742552576,-0.04373583038975104,0.1450861234472637
5590,1,0,0,0,0,1,0,0,1,0,0,1,1,1,0,0,0,1,1,1,1.382660900762488,0.5859726254237464,0.4053354304975736
5591,1,1,0,0,0,2,0,0,0,0,0,2,1,0,0,1,0,0,1,0,-0.1728511408945625,0.09633452537386367,0.6833152968629752
5592,0,1,2,0,0,1,1,0,2,0,1,0,2,0,0,1,0,0,1,1,0.9411202001759734,0.5976205495308524,0.7384971607246598
5593,0,0,1,0,0,1,0,0,1,0,0,0,1,0,0,1,0,0,1,1,0.1519336593066621,1.8368187950097685,2.515005182616022
5594,1,0,1,0,0,0,0,0,1,0,0,0,0,0,0,0,0,0,1,0,-1.0203637181953744,-1.1375750924746963,-0.010481244402793424
5595,1,0,0,0,0,1,0,0,1,1,0,2,2,1,1,1,1,0,0,2,-0.2534472829787912,2.2693680218858794,2.011546976526372
5596,0,1,2,0,1,1,0,0,2,1,1,0,0,0,0,1,1,0,2,1,0.9274233357143254,1.788833498342161,-0.5719528424125324
5597,0,0,0,0,0,0,0,1,2,0,1,0,0,0,0,1,0,0,0,1,0.7314314899263011,0.4635999126132131,-1.7098791419044654
5598,1,0,1,0,0,0,0,0,1,0,0,1,0,0,0,1,2,0,0,2,0.4739230297153069,-0.5627038254985584,1.033277986408096
5599,0,1,0,0,0,0,0,1,2,2,1,0,0,0,1,0,0,0,0,0,2.9642982681060066,-0.38790109801960937,-0.44187939233583146
5600,1,1,2,1,0,1,0,1,1,1,1,2,1,0,1,1,2,0,1,1,1.1550838168436683,1.4688594348808555,-1.18226999357584
5601,0,1,1,0,0,1,0,0,1,0,1,0,0,0,0,0,1,0,2,0,0.7485563804533313,-0.7968361219748687,-0.3702159457400882
5602,0,0,1,0,0,1,0,0,1,1,0,0,0,0,0,1,1,0,1,2,-0.4097581767293985,0.7962742415242883,-0.38350134209632475
5603,0,1,0,1,0,0,0,0,1,1,0,1,1,0,0,1,2,0,1,0,0.6598208480373695,0.5775271184083872,-1.529731947430155
5604,0,0,1,0,0,0,0,0,0,1,0,0,1,0,0,0,0,2,0,0,-0.3026979708990271,0.14265809608880003,0.9713234169479209
5605,0,0,1,0,1,2,0,0,2,2,1,2,1,1,1,1,0,1,2,2,0.2542292947731091,0.45769611411868827,0.14419914720090843
5606,0,0,0,0,1,0,0,0,1,0,0,1,1,0,0,1,1,0,0,0,1.832689860831895,0.946318817986294,1.202734029234445
5607,0,0,1,0,0,0,0,0,0,1,1,0,1,0,1,0,0,1,1,0,0.9786258878825392,-0.37269200026530397,-0.2539227528061554
5608,0,0,0,0,0,0,0,0,0,0,0,0,0,0,0,2,1,0,1,2,-0.019829559690894658,0.11825506628250049,-0.06433384857919397
5609,0,0,1,1,0,1,0,0,1,1,1,0,1,0,0,1,0,0,0,0,0.2624293882501281,0.3124704742092059,1.3823723781628383
5610,0,0,1,0,0,2,0,0,2,1,1,1,2,0,0,0,0,2,1,0,0.47849104034550494,-0.32963102033805003,-0.8491050755181917
5611,0,1,0,0,0,2,0,0,1,0,0,0,1,0,0,1,2,0,1,1,-0.06897981611639323,0.32645643347727726,0.06470409642973063
5612,0,1,1,0,1,1,1,0,0,0,0,1,1,0,0,0,1,1,1,2,0.6443536245259289,2.032047152958313,-0.6284419188594885
5613,0,1,1,0,1,1,0,0,2,1,0,1,1,1,0,1,2,1,0,1,0.12604032889613823,0.630420169065279,1.875955111327311
5614,0,0,0,0,0,1,0,0,0,0,1,1,1,0,0,0,1,0,1,1,1.2700812416412772,0.43849991235050545,0.20009109002623304
5615,0,0,0,0,0,1,0,0,0,1,1,0,0,0,0,2,0,0,0,0,1.9395136591090423,0.682260137133345,1.4301525838569322
5616,0,0,1,0,0,1,1,1,0,2,0,1,0,0,0,2,1,2,2,0,2.8408152186796425,2.628886815766922,0.21134367199288917
5617,0,0,0,0,0,2,0,0,0,1,0,1,1,1,0,0,0,1,0,0,-0.18560634350790084,0.16063966166887783,0.0679691590057758
5618,0,0,1,0,1,2,0,0,1,0,0,1,1,0,0,1,0,0,0,1,0.38949264784368387,-0.2232835983574633,-0.20540981085453947
5619,0,0,0,1,0,1,0,0,1,1,1,1,0,1,2,1,0,1,1,2,1.4554068767971036,1.8277889596603039,-0.04765534419117068
5620,1,0,2,0,0,0,0,0,0,1,0,0,2,0,0,1,1,2,0,1,-0.013622691786224475,0.043895009102112595,1.482707383828106
5621,0,1,1,0,1,0,1,0,0,0,0,1,0,0,0,0,2,0,2,0,1.1597287900828883,-0.6196475791947583,0.1195237713083411
5622,0,2,0,0,0,0,0,0,1,1,0,0,0,1,0,0,1,2,1,0,0.10260475697719601,1.619755008287783,1.4741869293928567
5623,1,1,2,0,0,2,1,0,2,1,0,1,0,1,0,1,0,0,0,0,0.06626317831381409,-0.5312544707091377,0.3155233217631127
5624,0,2,1,0,0,2,0,0,1,2,0,2,1,0,0,0,1,0,0,0,-0.5806487396027489,-1.6655957784710915,0.06325976753226675
5625,1,1,0,0,0,1,0,0,0,0,0,0,2,0,1,0,0,1,0,0,-1.0437858736459826,-1.8798421232358205,0.1754306864130763
5626,0,0,0,0,0,1,1,0,1,0,0,0,1,0,1,1,2,0,2,1,0.6354423442525362,1.0525733532423316,-0.32748044884664274
5627,0,0,2,0,0,2,0,1,0,0,0,0,1,1,0,0,1,0,0,1,-0.026945229818299773,0.40038376568337153,-0.29873195386012125
5628,0,1,0,0,0,0,0,0,0,1,1,1,2,0,1,2,1,1,0,0,0.5758197711125423,0.0384553545129091,-0.07258443924803078
5629,1,0,1,0,0,1,1,1,2,1,0,1,0,0,1,0,1,2,0,1,1.061931204806091,0.24093680166452386,-0.11174917699338921
5630,0,1,0,0,1,1,1,0,1,0,0,1,1,0,0,0,0,2,1,0,-0.2924612751775643,-0.09031016249871904,-0.5844825778861741
5631,1,1,0,0,0,1,0,0,1,0,1,0,1,1,0,1,1,0,1,0,-0.4231301264983559,-0.47712066363663097,-1.0629659774787892
5632,0,1,1,0,0,1,0,0,1,1,0,0,0,0,0,1,1,0,2,0,0.033582575788274935,0.09731413339822367,0.782707990147109
5633,0,1,1,0,0,1,0,0,2,0,1,0,0,0,0,0,1,0,2,0,0.6901448695828559,0.12747782519980955,-0.6093029222591282
5634,0,2,1,0,0,0,1,0,0,1,1,1,0,1,1,1,1,1,1,0,-0.23303705363303165,-2.5069696846470095,0.9565575794422715
5635,0,2,1,0,1,0,0,0,1,1,1,0,0,1,1,1,0,0,1,1,-0.7576926495432106,0.2737287949331071,0.3664328361111127
5636,0,0,1,0,0,2,0,0,1,1,0,0,1,0,0,1,0,1,1,1,1.6600506438832725,1.3298539077721412,-2.13964117788555
5637,0,0,0,0,0,0,0,0,1,1,0,0,1,0,0,0,1,0,2,0,1.9536091769146726,1.3429787381820941,0.2003753127083724
5638,0,0,2,1,0,0,0,0,1,1,1,1,1,0,0,1,0,2,0,0,-0.28130563927433194,-0.03991056176419301,-0.5923275680842328
5639,0,0,0,0,0,0,0,0,0,0,1,1,0,1,0,0,1,0,0,0,0.09994708233292968,-1.4825501063026731,0.38174557613585347
5640,0,0,2,0,1,1,0,0,1,0,1,2,0,0,0,2,2,0,0,0,2.0276155874712813,-0.41409468406269,0.4960364217174281
5641,2,1,2,0,0,0,1,1,1,1,0,0,1,0,0,2,2,1,0,1,0.40693323875226495,1.4803650498912766,0.2672130043973475
5642,0,0,0,1,0,1,0,0,0,0,0,0,1,0,1,0,0,1,0,1,-2.085507004808658,-0.9306886084269932,-0.5592217432252564
5643,0,2,0,0,0,0,1,0,2,0,1,1,0,0,1,0,1,1,1,1,-0.20387656905682014,-0.9385690053426899,1.8530711188866067
5644,0,1,0,1,0,1,0,0,0,1,0,0,0,1,0,1,0,0,0,1,-1.1070633042142763,-0.8367395575995938,0.3587112271775619
5645,1,0,1,0,0,0,0,1,2,1,0,0,2,0,0,1,0,0,1,1,0.719641977408585,-0.20451777794683323,-1.3568291040681038
5646,0,0,1,0,0,1,0,0,1,1,0,1,1,0,2,1,1,0,0,1,0.9454992766802041,0.3273110842594501,-0.20501460580851288
5647,0,0,1,0,0,2,0,0,1,1,1,1,1,0,1,0,0,0,1,0,-0.31705453610704576,0.6859078732885675,-0.07251384484179976
5648,0,0,0,1,0,1,0,0,1,0,1,0,1,0,0,0,0,0,1,0,-1.4522798734291062,0.29295209553257073,-1.8459320869936129
5649,1,1,0,0,0,1,0,0,1,2,0,0,2,1,0,1,1,0,1,2,0.05533284609712106,-0.3348689927781581,-1.225983409959577
5650,0,0,0,0,0,1,0,0,1,0,1,1,1,1,0,2,0,0,0,0,-0.20786396185994843,0.6337587081513276,0.14062754986355155
5651,0,0,0,0,1,1,0,0,2,1,1,1,1,1,0,1,0,1,1,0,-0.5131884390329378,-0.5144817581085273,0.9250807648488313
5652,0,0,0,0,0,1,0,0,1,0,0,2,0,1,0,0,1,1,0,0,2.2568313015518995,1.8728847153856985,-0.5173415641201713
5653,0,1,1,0,0,0,0,0,0,0,0,0,0,0,1,1,1,0,1,1,-0.17341564782180066,0.3726511040226351,-0.8384226220999188
5654,0,1,2,0,0,1,0,1,2,1,0,2,1,0,0,0,1,0,1,0,-0.25744574584957564,-2.39475433619196,0.6707776579757028
5655,0,0,1,0,1,1,0,0,2,1,1,1,0,0,0,2,1,0,0,0,-0.6547563611901975,1.3212638372367782,0.6151476004665468
5656,0,0,0,0,1,1,0,0,1,0,0,0,0,1,0,2,0,0,1,0,1.3592321919271175,0.6634141469261311,0.6127719826163887
5657,0,0,0,0,0,2,0,0,2,1,0,1,0,0,1,0,1,1,2,1,-1.6100660974477499,0.991437929981146,2.145107410520332
5658,1,0,1,0,0,0,0,0,0,1,0,1,1,0,0,0,2,0,1,1,-1.3017772849342915,0.6402563945882839,0.2664821838969541
5659,0,0,0,0,0,0,1,0,1,1,1,1,1,0,0,1,0,1,2,2,0.35593743770988756,0.023053238490143735,-0.410243559273316
5660,0,0,1,0,0,0,0,0,1,1,0,0,0,0,1,2,0,0,2,0,-0.7682158621648102,-0.43754202735367703,-0.313111732466379
5661,0,0,0,1,0,2,0,0,1,2,0,1,0,1,0,1,1,1,0,0,1.289629360855224,1.2333089079990374,0.08958405354601312
5662,0,1,0,0,0,0,0,0,2,1,1,0,0,0,1,1,0,1,2,0,-0.7753616511149719,-1.1007231870075695,0.07790128079357685
5663,0,1,0,1,0,1,0,0,2,0,0,0,1,0,0,0,1,0,0,0,-0.7318485148769335,0.4865023038891416,-0.3077742956272229
5664,0,1,2,0,1,1,0,0,0,1,0,0,1,1,0,0,0,2,1,0,1.0148094250053343,0.8442554846754988,-1.2918169869618705
5665,0,0,1,0,0,1,0,0,1,1,1,1,0,0,0,0,2,0,0,1,0.6456311800508632,-1.676912017377713,1.643370261948331
5666,0,1,1,0,0,1,0,0,1,2,0,0,1,0,0,1,0,2,1,1,-0.4625911705989835,0.7209645493932653,0.6065506362910715
5667,0,1,0,0,0,1,0,1,0,1,0,0,1,1,0,1,2,1,0,1,0.36539369949160727,0.3525990648053503,1.4373201005323977
5668,0,0,1,0,0,0,0,0,1,0,0,1,1,1,0,1,0,0,1,0,0.5919197203628389,0.7760597955765358,-0.6489080566576884
5669,0,1,1,0,0,1,0,0,1,1,2,1,0,1,0,1,1,0,0,2,-0.9192600420087714,-0.6299737431253446,1.569054926218642
5670,0,0,1,0,0,1,0,0,2,2,1,1,0,1,0,1,1,0,1,1,-1.4428967521850915,-2.23189160743721,0.4991510021184339
5671,0,0,0,0,0,2,0,0,2,0,1,0,1,0,0,0,2,0,1,1,0.4428333731421686,-0.8830330833648035,-1.632253329024238
5672,0,2,0,0,0,1,0,0,2,0,0,0,1,0,1,0,2,1,0,1,0.48314571411299956,-0.9645226313921795,0.3689537367362131
5673,0,1,1,0,0,1,0,0,0,0,1,1,1,1,1,0,2,1,0,0,-0.1483240978793607,-0.20095076691418845,-0.26965604833670376
5674,0,1,2,0,0,0,0,0,1,2,1,0,1,0,0,0,0,0,1,0,-1.2650984137640975,0.1469324734380294,0.09934294241204517
5675,0,0,1,0,0,1,0,0,2,0,1,1,2,0,0,1,1,0,1,1,1.1500848013203189,-0.02845487740078942,0.9445487132571475
5676,0,0,0,1,1,1,0,0,0,1,1,1,1,0,0,0,1,1,1,0,-2.2633187495093874,-1.349780048565918,-0.28863037283094806
5677,1,2,1,0,0,2,0,0,2,1,1,0,0,0,0,1,2,0,1,0,-1.305055523099383,-1.6267718323084315,-0.8236527405236715
5678,0,0,0,0,0,0,0,0,1,1,1,0,0,1,0,1,1,1,1,0,-0.7495853886132949,0.970453547691316,0.11931412383307877
5679,0,1,1,0,0,0,0,0,0,0,1,1,1,0,1,1,1,1,0,1,0.4180646939897687,1.8986576461873403,1.393734740852843
5680,1,2,0,0,0,0,0,0,0,1,0,1,2,1,0,2,0,1,1,0,0.6008221477645624,0.7445873828590575,2.120633827720323
5681,2,0,0,0,1,0,0,0,1,1,0,0,1,0,0,1,1,0,1,0,2.5001110842385845,1.6220255608488803,-0.722608146986198
5682,1,0,1,0,0,2,0,0,1,0,1,1,1,0,1,0,1,0,2,1,0.5351232949324473,1.095357428523705,-0.21296118785007945
5683,0,0,0,0,0,2,0,0,0,1,1,1,0,1,0,0,1,0,1,1,0.14172351154939475,-0.41235346165061737,1.1313885292594403
5684,0,0,1,0,0,1,0,0,1,2,2,1,0,0,0,0,1,0,1,1,-0.8566345857123514,0.2643131889390512,0.16900108023836413
5685,0,0,1,0,1,1,0,0,2,0,0,1,1,1,0,1,1,1,1,0,0.35630004647646873,-2.2616312260042255,0.4090516248684734
5686,1,1,1,1,0,1,0,0,1,0,1,1,1,1,1,1,0,1,0,0,-0.016803569935828325,-0.39874876583356367,0.21437720574975194
5687,0,0,1,0,0,2,0,0,1,0,0,1,2,0,0,0,0,0,0,1,-0.2441425332255034,-0.5927596811288895,-0.6836298580939505
5688,1,2,1,0,1,1,0,0,0,0,1,0,1,1,0,0,0,1,2,0,-1.1692447077927306,-1.8460938125445256,-0.7337499452786912
5689,0,0,0,0,0,0,0,0,0,0,1,0,1,0,0,2,0,2,0,1,-0.46001320901347936,-1.5660921086393695,-0.8879193962565266
5690,1,0,1,1,0,0,0,0,1,1,1,0,0,0,0,0,1,1,0,0,-0.9875716432052261,0.7174915228556678,-0.21463769443147665
5691,0,1,1,0,1,1,0,0,1,0,0,1,1,0,0,0,0,0,1,0,-0.9726140884798556,-0.6556803390945873,0.192085362754926
5692,0,1,1,0,0,2,0,0,1,1,2,0,2,0,0,1,1,2,1,1,-0.06666780033535864,-0.7480077317695245,-0.4098002583318274
5693,0,0,0,0,0,0,0,1,1,1,0,1,0,0,0,1,1,1,1,0,-0.44913269009946943,-1.4265003488938046,-1.8094974163904407
5694,1,2,1,0,1,1,0,0,0,1,0,1,2,0,0,1,1,0,0,0,-1.0023455934829255,-0.642411851396548,-0.10492221772237963
5695,0,1,1,0,0,1,0,0,2,1,1,1,0,0,0,1,1,1,0,0,-0.07392665267294908,-0.07523658804404232,-0.2624492591087444
5696,0,1,0,0,0,0,0,0,1,1,1,0,1,2,0,1,1,1,1,0,-0.02230779569842358,-1.2113024929147407,1.7116336933290044
5697,0,0,2,0,1,1,0,0,1,0,0,0,0,0,1,1,1,1,1,1,-0.28081449722111185,-0.3137340058768279,-0.35969029928488866
5698,0,1,0,0,0,1,0,0,0,1,0,0,0,0,0,1,2,1,2,0,0.8573734634243866,0.1734813808849462,0.8850309866344999
5699,1,1,0,0,1,1,0,0,1,1,0,0,1,0,0,0,2,1,1,0,1.220952491128844,-0.4099567282595831,0.47163040248175747
5700,1,1,0,0,1,2,0,0,1,0,1,0,1,0,0,1,1,2,1,0,0.3211182804488925,0.9174287378514996,-0.4878004124678702
5701,1,1,1,0,1,0,0,0,0,1,1,1,0,0,0,0,2,1,0,1,0.49513385377963187,-0.0037340913494988692,1.0742843815326863
5702,0,0,0,0,1,2,0,0,0,1,0,2,1,1,0,0,1,0,1,0,1.0609376110224662,2.116316588893074,-0.40558075650410563
5703,0,0,0,0,0,1,0,1,1,0,0,0,0,0,0,1,1,0,2,1,-0.8650683904482797,-0.05169447586688723,-0.47518495670479416
5704,0,2,1,0,0,1,0,0,1,0,0,0,0,0,1,0,1,1,0,0,0.46543589132006497,-0.002697967882538621,-0.8414236074125486
5705,0,1,0,0,1,0,2,0,0,0,1,0,0,0,1,0,0,0,0,1,-2.2078006335214333,-0.9762829272723772,-2.33289444808119
5706,0,0,0,0,0,1,0,0,2,1,0,1,1,0,0,0,1,0,0,1,0.20880502763066916,0.4241878688793168,1.2103152270021198
5707,0,1,1,0,0,1,0,0,0,0,1,0,2,0,1,0,0,1,0,1,1.069195569390637,0.08874571685052085,-0.629768715837195
5708,0,0,0,0,0,1,0,0,1,0,0,1,0,1,1,0,1,0,1,0,-0.28619797315558637,-1.2935154686511359,-1.0285133217023996
5709,0,0,2,1,0,2,0,0,2,0,0,0,1,0,0,0,2,0,0,0,0.2084534811500053,1.0157679985590395,0.7173666057872536
5710,1,1,1,0,1,2,0,0,1,1,1,1,1,0,2,2,1,0,2,2,0.8713635703562833,0.0677166190130245,1.1904903866174925
5711,0,0,1,0,0,0,0,0,1,0,2,1,1,0,0,1,0,1,2,0,0.11934066570142561,0.9791363627811566,0.15841250132772877
5712,0,1,0,0,0,1,0,0,1,0,0,0,0,0,0,1,0,0,1,1,0.7151366430381618,0.08310839496628747,2.6700382751540808
5713,1,1,1,0,0,2,0,1,2,0,0,0,1,0,0,0,2,0,1,0,0.774633828892741,-1.6049446053394276,1.5709562508140476
5714,0,1,0,0,0,0,0,0,1,0,0,0,0,1,0,1,0,0,2,0,-0.5251555442296044,-1.612555571314445,-0.6413973150030148
5715,0,1,0,0,2,0,0,0,2,2,0,0,0,0,0,1,0,1,2,1,-0.6079286034561011,-0.26446572920937844,2.741457249574848
5716,0,0,0,0,0,2,1,0,1,1,1,1,1,0,2,0,0,0,0,1,0.9297116783773154,-0.30013425890796175,1.4719097435771598
5717,0,1,0,1,0,2,0,0,1,1,0,0,1,0,0,0,0,1,0,1,0.6134643411726435,0.807853681114032,0.6515348796855365
5718,0,0,1,0,0,1,0,0,1,0,0,1,0,0,0,1,0,1,0,0,0.9109888739007078,0.677857229030354,-0.5162174218128062
5719,0,0,2,0,0,2,0,0,2,0,0,1,1,0,0,0,0,0,0,0,-1.18450622023718,-1.3153977683691631,-0.8347490056653377
5720,1,0,1,0,0,0,0,0,0,1,0,0,0,0,0,0,1,0,2,2,-1.4361484009603187,-0.6785372048691636,-0.16320834299054393
5721,0,0,1,0,0,1,0,0,1,0,0,2,1,0,0,0,1,1,1,1,-0.920640177123329,-0.05248850012731532,3.5960542302498273
5722,0,0,1,1,0,2,0,1,0,0,0,1,1,1,0,2,1,0,0,0,1.4045565018513049,0.7349641499232082,1.885963470611275
5723,0,0,0,0,0,1,0,1,1,0,1,2,1,0,0,0,1,0,1,0,-0.30681477548450126,0.13972030639429667,-1.0903672182340032
5724,0,2,0,0,0,0,0,0,1,0,1,0,1,0,0,1,0,0,0,1,0.06361774600183837,1.565359683219037,0.755561397285873
5725,1,2,0,0,0,2,1,0,1,0,1,1,0,1,0,0,0,1,1,2,-0.6350915786534918,-1.9033861983942626,-0.2728554269978534
5726,0,1,0,0,0,2,0,0,2,0,2,1,1,0,0,2,0,0,1,0,-0.5551427582258098,0.03673440994814681,1.480612340832861
5727,2,0,0,1,0,0,0,1,0,0,0,0,0,1,0,1,2,1,1,2,1.453686812070717,-0.25411394660757036,-0.36797364050321935
5728,1,0,0,0,0,1,0,0,1,0,1,0,1,0,2,0,1,1,0,0,-1.6408116343107468,-1.8354586249822096,-0.8732029325766835
5729,0,1,1,1,0,1,0,0,2,1,0,2,0,1,0,1,1,1,1,1,0.3974172698892608,0.10571794584907623,-0.8229202367711796
5730,1,0,1,0,1,1,0,0,2,1,0,1,0,0,0,1,0,1,1,0,-0.08545502193702602,-1.765611245088101,0.12110652587598125
5731,0,0,2,0,0,1,0,0,0,1,1,1,0,0,0,2,0,1,0,0,-1.917210333414125,-0.16299065102962262,-1.6894875081358114
5732,0,0,2,0,0,1,0,1,0,1,0,0,1,0,0,1,1,0,0,0,0.2560726198372303,0.5996382844057272,-0.9798142479557348
5733,0,1,1,0,0,1,0,0,1,2,0,0,1,0,0,1,2,0,1,0,-0.636656876376272,-0.7700940638177283,-0.5866417607415353
5734,0,1,0,0,0,1,0,0,1,0,1,1,1,1,0,0,1,0,1,1,-0.8559902716894209,-2.2702247185590063,-1.2382377607014938
5735,0,0,0,0,1,2,0,1,2,1,0,2,1,0,0,0,1,1,2,2,-0.46148489767331335,0.4363367413684677,0.8181809909341093
5736,0,1,0,1,0,2,0,0,2,1,0,0,2,1,0,1,1,1,0,0,0.35898278553200547,-0.35356947767731695,-0.7517745755305187
5737,0,0,0,0,1,0,0,0,1,0,0,1,1,0,1,1,1,1,1,0,0.2172540603294467,2.0390282767728047,1.7884847906827301
5738,0,1,1,0,0,2,0,0,1,1,1,0,1,0,0,2,1,1,2,0,-0.9896237268078557,-1.2418683229275236,0.8852520211531716
5739,1,2,1,0,0,0,0,0,1,0,0,1,0,0,1,1,1,0,2,0,0.03534122494718139,1.4727631472538285,0.2163674387912364
5740,0,0,0,0,1,1,0,1,1,1,1,1,1,0,0,1,0,1,1,0,2.430478743220949,-0.10463536095435688,0.06714138263115721
5741,0,1,1,0,0,1,0,1,0,0,1,0,2,0,1,0,0,1,1,0,0.5709530846869874,0.7619583226531299,0.15923762634448801
5742,0,0,0,1,1,1,0,0,0,0,1,1,0,0,0,1,0,0,1,0,0.01310375724127305,0.6044000194659613,-1.2214443947133193
5743,0,1,2,0,0,1,0,0,1,1,0,0,2,0,0,0,0,0,1,0,-0.2600706933208239,1.13644414974152,-0.0767049279477961
5744,0,1,1,0,0,2,1,0,1,0,1,1,0,1,0,1,1,0,1,0,-1.7629061217867772,-0.2913328859683513,-1.864173325603434
5745,0,1,2,0,0,2,0,0,1,0,0,1,1,0,1,0,0,0,0,0,-0.13364242005574806,-2.018703732736021,0.46476348808985524
5746,1,0,0,0,0,1,0,0,1,0,0,1,0,1,0,0,0,1,1,0,0.39656469060160265,1.7295163448946644,0.30799478579125894
5747,1,0,0,0,0,1,0,0,1,1,0,1,1,0,0,0,2,1,1,1,-1.3717178263052479,0.5660602996666229,-0.8467838615085427
5748,1,0,0,0,0,0,0,0,2,0,1,0,0,0,1,1,1,1,2,1,0.17595657463921177,0.6997013634434754,-0.8234501934595811
5749,0,1,0,0,1,0,0,0,0,0,0,1,1,0,0,0,0,0,0,0,0.3142961216840871,0.4924787838787134,1.7389808990215507
5750,0,0,1,0,1,0,0,0,2,1,0,0,1,0,0,0,0,1,1,0,-0.642047920106046,-0.019089470776435802,0.006006896931115488
5751,0,1,1,0,0,1,0,0,1,1,1,0,0,0,0,1,0,0,2,0,-1.3070199392275124,0.7807876999551392,-1.0893451251160358
5752,0,1,0,0,0,2,0,0,1,0,0,0,1,0,0,0,2,1,1,1,-1.3366532147486065,-1.689363068555609,0.27755992191944645
5753,0,0,0,0,1,1,0,0,1,1,0,0,2,0,0,2,1,0,1,1,0.012307107740063234,0.16181517747874535,-0.2229349933579863
5754,0,0,1,0,0,1,0,0,0,1,0,0,1,0,0,0,1,1,0,0,-0.9193449726927242,-0.9496028831244261,-1.8559799639707701
5755,0,0,1,0,0,0,0,1,2,0,2,0,1,1,0,0,1,1,2,0,-0.7876012715391218,-1.3254052147230837,-0.12143337423661676
5756,0,0,0,0,0,0,0,0,1,0,0,0,2,0,0,2,0,0,0,1,-1.326326684931955,-0.9943280108718623,0.20221290820935128
5757,0,1,0,0,1,0,0,0,1,1,0,0,1,2,0,2,0,0,0,1,-0.06449495714153172,0.15389042095208555,1.2027155029415642
5758,1,1,1,0,0,2,1,0,2,2,0,1,1,0,0,0,1,0,0,0,1.132662400003181,0.443307301938179,0.5174551814808479
5759,1,0,1,0,0,1,1,0,1,0,1,0,0,0,1,0,0,1,1,1,1.2431103740652962,0.9502129895630006,1.7593208184485287
5760,0,0,1,0,0,1,0,0,2,1,0,1,0,1,0,1,0,0,1,2,0.8135177072135646,-0.32624373985575295,-1.3212035516775524
5761,1,0,0,0,0,1,0,0,2,2,0,1,0,1,0,1,0,2,2,0,0.5416555206076543,0.5709769107817892,-1.833281864353579
5762,0,1,0,1,0,1,0,0,2,0,0,1,2,0,1,1,1,2,0,0,-0.7736934788003293,0.5676464534847223,0.8715746482655369
5763,0,0,1,0,0,2,1,1,1,2,1,0,0,0,0,2,1,2,1,0,-0.8013911659084744,-0.25231207545269885,-2.593690061775172
5764,0,0,1,0,0,2,0,0,1,1,0,1,0,1,0,1,1,1,1,1,-0.3900929441765845,-0.3549862658755696,-0.39936001452174297
5765,0,1,0,0,0,0,0,0,0,0,1,0,0,0,1,1,1,0,1,2,0.19353586599109945,1.1131452999278337,-1.064764485030112
5766,0,1,0,0,1,2,0,0,1,1,0,0,1,0,0,1,1,0,0,0,-0.37472448109025064,-1.0863677743350857,0.30713833950684
5767,0,0,1,0,1,2,0,0,0,0,1,2,1,0,0,0,1,1,2,0,0.5200130112245592,0.8776421094526905,1.5398266791232558
5768,0,2,0,0,0,2,0,0,2,0,1,1,1,1,0,0,1,1,2,1,-0.11500790465646961,-1.1430455641433468,-0.12140780916121777
5769,0,0,1,0,0,0,0,0,0,1,0,1,2,0,1,1,0,0,0,0,1.392166249323066,-0.12372021732294136,0.9207785729056273
5770,0,1,0,0,0,1,0,1,2,1,0,1,2,0,1,0,1,0,0,0,0.6538997682847454,1.0420204578854118,0.7089603679406682
5771,0,1,0,1,0,2,1,0,1,0,0,1,0,0,0,2,0,1,1,1,0.038440781588415976,0.4133927374953027,-0.30997276433307913
5772,0,0,1,0,1,2,1,0,2,2,0,0,0,0,1,1,1,0,1,1,0.5276567737266931,0.6479526249969629,-0.10554109893250646
5773,1,0,0,0,0,0,0,0,1,1,0,0,0,1,0,2,0,1,2,1,-0.07053878907482375,0.7192296364962927,0.18358263033066347
5774,1,0,0,0,0,2,0,1,0,1,0,0,0,1,0,0,1,0,1,1,-0.5860020843827175,-1.8485622803364872,0.7704894008950234
5775,1,0,0,0,0,1,0,0,2,0,0,0,1,0,0,1,0,0,2,0,0.484238200201318,-0.07296907833344302,-0.7963158231497068
5776,0,0,1,0,0,2,0,0,2,0,1,1,0,0,1,0,0,0,1,1,-0.5494447045943469,-0.2173597335994528,0.24852016794670678
5777,0,1,1,0,0,1,0,0,1,0,0,0,0,0,0,1,1,1,1,0,1.2796236856648766,1.6012255917791989,0.4391883048844122
5778,0,2,1,0,0,0,0,1,1,0,0,1,1,0,0,2,0,1,1,1,-0.6225749585462955,-0.27375072313709004,0.9373432540892168
5779,0,0,1,0,1,1,0,0,2,1,1,0,0,0,0,1,2,0,2,1,-1.1549483491156547,-0.44081111469175477,1.8900112744378843
5780,0,1,1,0,1,0,0,0,1,1,0,0,1,0,0,1,0,0,1,0,0.272320248084295,0.20180406286880265,-0.3304805298431231
5781,0,0,2,0,0,1,1,0,0,1,0,2,1,1,0,2,1,0,1,0,0.6097602496206415,1.6627492813069757,1.3907689326913242
5782,0,0,1,1,1,1,0,0,0,0,0,0,0,0,0,2,0,1,0,0,-1.862074622324486,0.5793420793315025,-1.055438071394368
5783,1,1,0,0,0,0,0,0,1,0,1,1,1,0,0,1,1,1,0,0,1.4105539158388665,-0.2691322095791706,0.7133683993801525
5784,0,1,1,0,0,0,0,1,1,1,1,0,1,0,0,1,1,0,0,1,1.9584062814936603,1.1759540855849504,0.00969121734218864
5785,1,1,0,0,1,0,0,0,1,2,0,1,0,0,0,1,0,1,0,1,0.5091995102118664,0.540619439412739,0.5119217276563485
5786,0,0,0,0,0,1,0,1,0,1,1,0,0,0,1,1,0,1,1,0,-1.1086812358374167,-0.4122844118056591,-0.091411281205974
5787,0,0,2,0,1,0,0,0,0,0,0,1,2,0,1,0,0,1,1,0,-0.1924246781897605,-0.6362640820126251,-1.4629211176698143
5788,0,0,1,0,1,0,0,1,2,0,0,2,2,0,0,0,1,0,1,0,-0.2059571044061657,-0.47248001368741555,-1.6950692730184014
5789,0,1,1,0,0,2,0,0,2,1,1,1,0,1,0,0,1,0,0,1,1.3234101719709999,-0.24913109769319763,-1.4533196218399762
5790,1,2,1,0,0,2,0,1,0,0,0,1,1,0,1,1,0,2,0,1,1.5174303995088272,-0.5443291172968667,-0.43641749690213516
5791,0,0,0,0,0,1,0,0,1,1,2,1,0,0,0,0,0,0,0,2,0.4875966551510359,-0.5547406860894983,-0.3972980556610696
5792,1,0,0,1,0,2,0,1,1,1,1,0,0,0,0,0,0,1,1,1,1.912405192383227,-0.7032110757051372,-0.8846894690525839
5793,0,1,2,0,1,0,1,1,0,1,0,0,1,0,1,0,0,0,1,0,-0.9833224921206988,-0.14003818425060466,-0.780469930087666
5794,0,1,1,0,0,1,0,0,1,2,0,0,1,1,1,0,1,0,1,1,-0.16471200048168294,-0.14145396193403842,0.6849913450911199
5795,0,1,0,0,0,1,0,0,1,1,0,2,2,0,0,1,2,0,0,0,0.2175364619127647,-1.7484040821293614,-0.8454204516142557
5796,0,1,0,0,0,1,0,1,2,0,1,1,0,0,0,1,0,2,2,1,-0.22996836448529243,0.3682212749233346,-0.08676677001111954
5797,0,2,0,0,0,1,0,0,0,1,1,0,1,2,0,2,1,0,0,1,-2.679516507519262,-0.9115303421378184,1.6468546303499383
5798,0,2,1,0,1,0,0,0,2,0,0,0,0,0,0,1,2,0,0,0,-0.9006740692457523,-0.6027260582196156,0.2164006635605825
5799,0,0,0,0,0,1,1,1,0,0,0,0,1,0,0,2,0,0,1,1,0.7095362741957733,0.08980619267696022,-1.1736995001914798
5800,0,1,0,0,0,2,0,0,0,0,0,0,1,0,2,1,0,0,2,1,-0.03682353946807745,1.8424731133590466,-0.47822732381882327
5801,0,1,0,0,0,0,0,0,1,0,0,0,0,0,0,1,1,1,0,1,-1.5189183183520258,0.36217396985370554,-0.24242067651948113
5802,0,0,0,0,1,1,0,1,1,1,0,0,1,1,0,0,0,1,1,1,-1.2000654888014197,-0.20672706910239674,-0.2274574859145804
5803,0,1,1,0,1,0,0,0,0,1,1,1,1,1,0,2,1,0,0,2,-1.2573486838284418,0.19511166591841833,0.6565835312030726
5804,0,1,1,0,0,1,0,0,1,0,1,1,0,1,0,1,1,1,0,1,1.0509006005495147,-0.03393325571783026,-0.23183037346891489
5805,1,1,0,0,0,1,0,0,1,0,1,1,1,0,1,0,1,1,1,0,0.22763047157421093,-2.3307839903808047,-0.27211847630059827
5806,1,0,1,0,0,2,0,0,1,0,1,0,0,0,0,1,0,0,1,0,0.18643358333918894,-0.10627841040790723,0.9155618736682438
5807,0,2,0,0,0,1,0,0,1,2,0,0,1,0,0,0,0,0,2,1,-0.889269893029932,0.005903266499047433,-1.251916275431129
5808,0,0,0,0,0,0,0,0,1,1,1,1,1,0,0,0,1,0,1,0,0.5203262481974331,-2.8001242346585786,1.4691211937631592
5809,0,0,1,0,0,1,0,1,1,0,1,0,0,0,0,1,1,0,1,0,0.8795191693679145,-0.7692479711947697,0.40918032407302596
5810,0,1,0,0,0,0,1,0,1,1,0,1,1,1,1,2,1,0,2,1,-1.1243952213829522,-0.3913278166187254,0.14571269336857529
5811,0,1,0,0,0,1,0,0,1,0,1,0,1,0,0,0,2,0,1,0,0.33424812191289394,0.6129699077737173,0.42026773067521217
5812,0,0,1,0,0,1,0,0,2,0,1,1,0,0,0,1,1,0,0,2,-0.40797695944969203,-1.45766581259407,-1.1409701281743392
5813,0,1,1,0,1,1,0,0,1,0,0,1,0,0,0,2,0,0,2,2,-0.2727462027918334,-0.05479718014635643,1.0217471463019625
5814,0,0,0,0,1,1,0,0,0,1,0,0,0,0,0,1,0,0,1,1,0.09181622212402557,0.4605292762001952,0.937544541564089
5815,1,0,0,0,0,0,1,0,0,0,1,0,0,0,0,1,0,0,1,1,0.44335042473073183,-1.0384302465824518,0.2800585370700887
5816,1,0,1,1,1,1,0,0,1,0,1,1,1,0,1,0,1,1,2,1,-1.3479248135573043,-1.1330096953268778,-1.1635534885919114
5817,0,1,1,0,0,2,0,0,1,1,0,1,1,0,0,0,1,1,2,0,-1.4320922681832973,0.2167461747130196,0.4135880825827317
5818,0,0,1,0,0,0,0,0,1,1,0,1,1,0,0,1,1,2,2,2,2.188522018192303,2.106115835918218,1.5930843210304895
5819,0,0,0,0,1,2,0,0,1,0,1,2,1,0,0,0,0,1,1,2,0.6620714795521399,1.107743076453377,0.21496174251284617
5820,1,0,1,0,0,0,0,0,2,0,0,1,0,0,1,1,1,1,1,0,0.467968672032698,0.44658724797329485,1.8762080675038548
5821,0,1,1,0,0,1,0,0,1,0,2,1,1,1,0,1,1,1,1,2,0.06130235030948275,0.27958426400041386,0.3581193015877727
5822,0,0,0,1,0,1,0,2,0,1,1,0,1,0,0,0,1,1,0,0,-0.9342179545194458,-0.4840103778003062,0.8480286200321064
5823,0,1,0,0,0,1,0,0,0,1,1,1,0,0,1,0,0,1,1,1,0.17206132744653768,0.3954512626401294,1.1612192604497147
5824,0,0,0,0,1,1,0,0,1,1,0,0,2,0,0,2,2,1,2,2,0.8874894623697738,-0.46057127346546545,2.518847205014181
5825,1,1,1,0,0,1,0,0,0,0,0,0,1,0,0,1,1,2,1,0,0.5979964433572421,1.9015937438704464,2.0106059482073526
5826,0,0,0,0,0,1,0,0,0,1,0,1,1,2,0,1,1,0,0,2,1.6057836130445493,2.191483637308671,1.3530497344253785
5827,0,0,1,0,0,0,0,0,0,2,1,1,1,0,0,1,0,1,1,0,0.801557410676669,1.0293953972466443,1.4182739472992174
5828,1,0,0,0,0,1,1,0,1,0,0,0,1,0,1,0,0,1,2,0,0.5615990877959551,0.1588968997873499,0.29735672152623677
5829,1,0,0,0,0,1,0,1,2,2,0,1,1,0,0,0,1,0,0,2,-0.9238145167101078,-0.3493813484678944,0.5489881343183222
5830,0,1,1,0,0,1,0,0,1,0,1,0,0,1,0,0,1,1,1,0,-0.9059020811566598,0.5797352879127486,0.8550354987276648
5831,0,0,2,0,0,0,0,0,1,1,0,0,0,0,1,1,1,0,2,1,-0.8458631888071693,-0.06407790342575359,-1.4369172925305538
5832,1,0,1,0,0,1,0,0,0,1,0,0,1,0,1,0,1,1,1,1,-1.2499275323054586,-0.8287485624860074,0.4070602905799035
5833,0,1,0,0,0,0,0,0,1,2,0,0,1,1,0,0,0,1,0,1,1.6436952071960413,0.6729806318535799,2.127887303418275
5834,0,0,0,0,0,1,0,0,1,1,1,0,1,0,0,2,1,1,0,1,0.10269625445602666,0.18773859414672425,-0.918021412630531
5835,0,0,1,0,0,0,0,0,1,0,0,0,1,0,0,0,0,0,1,0,-1.4982845591424412,-1.6149816955167497,0.09799250900201391
5836,0,1,1,1,1,2,0,0,1,2,0,1,0,0,0,2,0,1,0,0,-0.06840504303861297,0.7197978946450255,0.058130271129704134
5837,0,0,0,0,1,1,0,0,0,1,0,1,1,0,0,0,2,0,0,1,-0.3768705054953047,0.3076125634349582,-0.44768998654170483
5838,0,1,0,0,0,1,0,0,2,0,1,0,1,0,0,2,0,1,1,1,-0.18868004852102957,-0.8566509162775894,0.6915489402451861
5839,1,1,0,1,0,2,0,0,2,1,1,1,0,0,1,1,1,0,2,0,0.6898857217702102,0.222475934249793,0.19126884313453937
5840,0,1,0,0,0,1,0,0,1,2,0,0,0,0,0,0,0,1,1,1,1.8838623524684572,-1.117966925940602,0.28188741070080015
5841,0,0,0,0,1,1,0,0,0,0,0,1,0,0,0,0,1,2,2,0,-0.002245633999719294,1.0243042085970804,1.2160993510305633
5842,0,0,0,0,1,1,0,0,0,0,0,1,0,1,1,1,2,0,1,0,-2.09906675502893,-2.0381268091162923,-0.14050917548341557
5843,1,0,0,0,0,1,0,0,1,1,0,1,0,0,0,1,1,1,0,0,-0.14914532756507737,0.27943553462089415,2.708763024950983
5844,0,2,0,0,0,1,0,0,1,0,1,1,1,1,1,1,0,1,0,0,-0.06747285780868907,-2.746483751314801,1.2356894857230316
5845,0,0,1,0,0,1,0,1,0,1,0,2,0,0,0,2,1,0,1,0,-1.7914618734218213,0.3912839352062085,-0.7895958031617871
5846,0,1,0,0,0,0,0,0,1,0,0,1,0,0,0,1,0,0,1,0,0.4335241925860582,1.1910056198507635,-1.7323748412362932
5847,1,2,1,0,0,1,1,0,0,1,0,1,0,0,0,0,0,1,0,1,-0.2155858414015332,1.8346077741312914,-0.4775550866593156
5848,0,0,1,0,1,2,1,0,1,1,1,0,1,1,0,2,0,0,0,0,-0.1050884164125753,1.3681584135645366,-0.8024008608677106
5849,1,0,0,0,0,1,0,0,2,1,0,1,1,0,0,1,2,1,0,1,0.20208591466350448,-0.7451936732564415,-0.6201056997474652
5850,0,1,1,2,0,1,0,1,1,0,0,1,1,0,0,2,1,0,1,0,1.8867093171772895,0.654027846125662,0.5369283724599707
5851,0,0,1,0,0,1,1,0,1,0,0,1,0,0,0,1,2,0,0,1,-0.05813675369910649,0.6654668449723418,-0.33275738465219823
5852,1,0,0,0,0,1,0,1,0,1,0,0,0,1,0,1,1,0,2,0,0.7001965965346169,0.622720542097999,-0.7125778609563909
5853,0,0,1,0,0,0,0,1,1,0,0,0,2,0,1,1,0,1,1,0,-0.6859067436089311,-1.66453551134278,1.5364227991578217
5854,0,1,1,0,0,2,1,1,1,2,0,0,1,2,0,1,1,1,0,1,-1.2639217656808328,0.39892019705162723,2.288591896075271
5855,0,1,1,0,0,1,0,0,2,0,1,0,1,0,0,0,1,0,1,0,0.6226039806676646,0.45709755365003346,0.33220163871024655
5856,0,1,1,1,0,0,0,0,0,1,0,1,0,1,1,0,1,0,0,0,1.8046750569752403,-0.01994188217586279,-1.5601150839206817
5857,0,1,0,1,0,0,0,1,0,0,0,0,0,0,0,1,0,1,1,0,-2.7934725766180954,-0.8232622049304886,-0.6291973486248148
5858,0,1,0,0,0,1,0,0,1,1,1,0,1,1,1,1,1,1,1,1,0.7002955557635092,0.36531746407682464,0.341989348995586
5859,1,1,1,0,0,0,0,0,2,0,0,0,0,1,0,0,2,0,1,1,0.28726652971246563,-0.6717500891820637,0.5668530982735751
5860,0,0,0,0,0,2,0,1,0,0,0,2,1,1,0,1,2,0,2,0,-0.36773037543241743,-0.6641477668036957,-0.17921908907383177
5861,0,1,0,0,0,1,0,0,1,0,1,0,1,1,1,0,1,0,2,0,1.178079949779696,-1.0216130631701166,0.9204343681033729
5862,0,0,0,0,0,2,0,0,2,2,1,0,2,0,0,1,0,0,0,1,-0.06761296201685289,0.5633227719159715,0.0631428900866656
5863,0,1,0,0,0,0,0,0,0,1,0,1,0,1,0,1,1,1,1,0,-0.22821018331654971,-0.7676741921865088,0.3858721013743054
5864,0,1,2,0,0,1,0,0,0,2,1,1,1,1,0,0,0,0,1,0,-0.13497507230394404,-0.4557365642418696,-0.22964947760657217
5865,0,0,0,0,0,1,0,0,1,0,0,1,1,1,1,0,1,1,0,0,-0.1916581818202558,-1.7585016517714136,1.8329913863646103
5866,0,2,0,0,0,2,0,0,1,0,0,0,2,0,0,1,1,1,2,1,1.4037469576361084,-0.6332916582821774,-1.6550359550115092
5867,0,1,0,0,1,1,0,0,0,0,2,0,1,1,0,1,1,0,0,0,0.5499360553955781,1.212458969614957,-1.329087709016858
5868,0,1,1,0,0,1,0,0,0,0,1,2,0,0,1,1,1,2,0,1,-0.07237395605931798,-0.42996521908700613,0.6357574265120817
5869,0,1,1,0,0,0,1,0,2,1,2,0,2,0,2,2,2,0,2,0,0.36843381374164547,1.9437649966444157,0.9918593203364485
5870,0,0,1,0,0,1,0,1,1,0,0,0,1,0,0,1,0,0,1,1,-0.47790122597670964,0.11843552152395438,0.11879071240659711
5871,0,1,1,0,0,2,0,0,0,0,1,0,0,0,0,0,0,0,1,0,0.974573775914027,-0.04479049474793906,0.7701202193064123
5872,0,2,0,0,1,0,0,0,1,0,1,1,0,0,0,2,0,2,1,0,-0.5384073193998183,-0.0023972544629451975,0.10356561717875701
5873,1,0,1,1,0,0,0,0,0,0,1,0,0,0,0,2,0,0,2,1,0.24274827075923874,-0.2230209191570266,-0.30225946289101024
5874,0,1,1,0,1,1,0,0,1,1,2,1,2,0,0,1,1,1,1,0,0.6569140978192528,0.1974463591932562,2.1163426480020524
5875,0,0,1,1,0,1,0,0,1,0,0,1,1,1,0,1,1,0,0,0,0.3568855303485996,-0.5632378732357074,0.571018342398255
5876,1,0,2,0,0,1,0,0,1,1,1,0,0,0,0,0,0,0,1,1,1.3284517273561018,0.9359907600169645,-0.1958493306108659
5877,0,2,0,0,0,1,0,1,1,2,0,0,1,0,1,1,2,0,2,1,0.718239950402724,0.6153090145422337,0.28309640730614666
5878,0,1,2,0,0,0,0,0,2,0,1,1,0,0,1,0,0,0,1,1,0.2631162772345525,0.5084437857342033,-0.37699350451712244
5879,0,1,2,0,0,1,0,0,1,0,0,0,0,1,0,1,2,0,1,0,-1.303630019557264,-1.7074642330542724,0.7133295696930897
5880,0,2,0,0,0,1,0,0,1,0,0,0,1,0,0,1,1,0,1,1,0.10066489393575577,0.21536824112391184,0.19451782693389078
5881,0,0,2,0,0,1,1,0,1,1,0,2,1,0,0,1,1,1,0,2,-0.8628690704796724,1.2590272974503032,1.8082202675779757
5882,0,1,1,0,1,2,0,0,2,0,0,0,1,0,0,2,2,0,1,1,-2.6520035197126592,-0.8408538398861931,0.12852838018737406
5883,1,1,0,0,0,1,0,0,2,1,0,2,1,0,0,2,1,1,1,1,-0.363860113219683,-0.9140134772121196,-0.4202706985488164
5884,0,1,2,0,0,1,0,0,2,0,0,0,1,1,0,1,1,0,0,0,-1.5237481132344224,-1.710085238571248,1.3259099057548465
5885,0,2,1,0,0,2,0,0,2,1,1,0,1,1,0,1,1,1,1,1,0.21925978378890565,-0.691137531689375,0.5003348933670315
5886,0,0,1,0,0,1,0,0,0,0,1,1,1,1,0,2,0,1,0,0,0.4631655299677512,-2.220745845146209,1.0632572303009697
5887,1,0,1,0,1,2,2,0,1,2,0,1,0,0,0,0,1,2,2,0,-0.42534174395605173,0.34934699807956826,-0.8203285347781428
5888,0,0,0,0,0,0,0,0,2,1,0,2,0,0,0,0,1,1,1,1,-1.3597401523099242,-1.6802614925604948,0.8749718565709818
5889,1,1,0,0,0,1,0,0,0,2,2,0,0,0,0,0,2,1,0,0,0.04209708963085179,-1.1802366848953891,-0.25376892914864335
5890,1,0,1,0,1,0,0,0,1,0,0,0,0,0,1,2,0,0,2,0,0.1342762836977461,1.6145413454649753,-0.25878400853701233
5891,1,1,0,0,0,0,0,0,1,0,1,0,0,0,0,0,0,1,0,1,-0.840341585612161,-1.7146311043491442,-0.6226468491124566
5892,1,0,0,0,0,0,0,0,1,0,1,0,0,0,0,1,1,1,1,1,-1.58277028789999,-0.6892082987635095,-0.8409925875966433
5893,0,2,0,0,1,0,0,0,1,1,0,1,0,1,1,0,1,1,2,1,-0.14461645413340793,-0.4289940751589094,0.4419501973198481
5894,1,0,0,0,1,1,1,0,0,1,0,2,1,1,0,1,0,0,0,1,-0.38746774677992263,-1.1453217951059624,0.6389939358101278
5895,0,0,0,0,0,1,0,0,1,1,1,2,2,0,1,1,2,1,0,0,-0.20611992507401805,0.16795366668410833,-0.27232744636622197
5896,0,1,0,1,0,1,0,1,0,0,0,1,0,1,0,1,1,2,2,1,-1.061951230289181,0.05392543605545445,0.9286873347583166
5897,0,0,1,0,0,0,0,0,1,1,0,0,1,0,0,2,1,1,1,0,0.06674561694452745,1.121277070614324,1.5487415049472937
5898,1,1,2,0,0,1,0,0,1,0,1,1,0,1,0,1,1,0,0,0,-0.8575264760824661,0.542561238757807,-0.3368890283033255
5899,0,1,1,0,0,1,0,0,1,0,0,0,0,0,0,1,1,1,1,1,0.9039839740859952,-0.11756903907664812,0.5280071924887308
5900,0,0,0,0,0,1,0,0,1,1,0,0,0,0,1,2,1,0,1,2,-0.1236293951822593,-0.03516429484242978,0.2443756492581493
5901,1,1,0,0,0,0,0,0,0,0,0,0,0,0,0,0,1,2,0,1,0.13537743151867584,-0.9540824895865002,-0.7010453074269891
5902,0,0,1,0,0,2,0,0,2,1,0,0,1,0,1,1,1,0,0,0,0.5777338203590532,1.124613934745173,3.0463338444032004
5903,1,1,0,0,0,2,0,0,1,0,2,1,1,0,0,0,1,0,1,0,-0.40257179596933185,-0.6401286081148709,-1.0502194828981697
5904,0,0,1,0,0,2,0,0,0,0,0,0,1,0,0,1,1,0,0,1,-0.10588648313174844,0.6577663595350376,0.5817452624502182
5905,1,0,0,1,0,2,0,0,1,0,0,1,0,0,0,0,0,2,2,0,1.3719251659165932,0.8203924085592972,-1.0596127053483995
5906,0,2,0,0,1,0,0,0,1,2,0,0,0,1,0,0,0,0,1,1,1.348896721136758,0.19989470375558221,0.24759962723071194
5907,0,0,2,0,0,0,1,0,1,1,1,0,1,0,0,1,0,1,0,1,0.10729118747601246,-0.8474796278150006,0.7350997469433532
5908,0,0,0,0,1,2,0,1,0,0,0,1,0,0,0,0,1,0,0,2,1.1559739437317529,0.4406745242057526,1.0232098291302774
5909,0,1,0,0,0,1,0,0,0,0,0,0,1,1,0,0,0,1,1,0,0.1881604864235376,0.9969394711048267,0.14739160011793748
5910,0,0,0,1,1,2,0,0,2,0,1,0,1,0,0,0,1,1,0,0,-0.7804464937236905,-0.3175608092047345,-0.005756702293710697
5911,0,1,0,2,0,0,0,0,0,0,1,0,0,0,0,0,0,0,0,1,0.07089805383435278,0.1252351295659395,0.3427789654471702
5912,0,1,2,0,1,2,0,0,1,0,0,1,0,0,0,2,1,0,1,0,1.4417318544663287,1.3532448453894008,1.8674227493039903
5913,0,0,0,0,0,1,0,1,2,1,0,1,0,0,0,0,1,1,0,0,-1.4749202162384205,-1.4446822451250156,0.05714930752661385
5914,0,0,0,1,0,0,1,0,2,1,1,0,1,0,0,1,1,0,0,0,0.29992433027349896,-1.1681881244437566,0.6372506346131461
5915,0,1,0,0,0,1,0,0,1,1,0,1,1,0,0,1,1,1,1,0,0.6954183474510103,-1.1379600800837526,0.37736451694881423
5916,0,0,0,0,0,0,0,0,1,1,0,2,1,0,0,0,0,0,1,1,0.964076414970075,0.3380438426830132,0.8986677688274292
5917,0,0,0,0,0,0,1,0,1,1,1,0,2,0,0,1,1,0,2,0,1.4483911622533312,0.5264370425896793,-1.4594464904082538
5918,0,1,0,0,1,2,0,0,1,0,1,1,1,0,0,0,0,0,1,2,-0.0374483617626015,0.08463014631639987,0.8300185079982679
5919,0,0,1,0,1,0,0,0,1,0,1,0,0,0,0,0,0,1,0,1,-0.1935030865649788,-1.1001666627620383,-0.5687289468328254
5920,1,1,1,0,1,1,0,0,1,2,1,0,0,0,0,1,2,0,1,2,-1.03711632006165,1.2548285772201284,-1.196752776917121
5921,1,0,0,0,0,2,0,0,1,0,1,0,1,0,0,0,2,0,2,0,0.7099577487579503,-0.9654129586148981,0.503189382908459
5922,0,0,0,0,0,2,0,0,0,0,1,0,0,1,0,0,0,1,1,1,0.47046897229131784,-0.4656347858152775,0.6507827872149989
5923,0,1,1,0,0,1,0,0,1,0,1,0,1,0,0,1,1,0,2,2,1.6705186852315244,-0.09805396149180667,-1.5576029536522613
5924,0,1,0,1,0,0,0,0,1,2,1,0,1,0,1,2,0,0,0,1,-0.5106740958971802,1.117398244525086,1.6042919501702326
5925,0,0,0,0,0,0,1,0,2,0,0,1,1,0,1,0,0,0,0,0,0.6516593964699043,-1.1847088997069886,-0.3072761077993307
5926,0,0,0,0,0,0,0,0,1,2,0,0,2,0,0,0,1,1,1,2,0.7762091203796382,0.25910945871711644,-0.32751038653804077
5927,0,1,1,0,0,0,0,0,0,1,1,2,0,2,0,0,1,1,0,1,1.3592132275450026,0.020597110893738613,0.1680389792772272
5928,0,0,0,2,0,1,0,1,1,0,1,0,0,0,0,1,1,2,1,0,0.4108812132726284,1.0508109945553605,0.6975041381611927
5929,0,0,0,0,0,1,0,0,0,1,1,0,0,0,0,1,1,0,1,1,-1.0615406567695078,0.24426911754743186,-1.2070776129126375
5930,0,0,0,1,0,1,0,1,2,0,1,1,1,0,0,2,1,1,1,0,-1.8160487412061084,-0.46006498153318165,-0.3787027446427852
5931,0,0,1,0,0,0,0,0,2,0,1,0,0,0,0,0,1,0,0,0,-0.31058694470369114,-0.30298651301230795,-2.158399300096226
5932,1,1,1,0,1,0,1,0,0,0,0,1,2,0,0,1,1,0,1,1,1.902907742949947,1.0934258998124795,-0.34832838409816724
5933,0,1,0,0,0,1,0,0,2,1,1,0,1,0,0,2,2,1,1,1,-0.28889907167071516,-0.31914165128445027,0.6084220402317824
5934,0,0,0,0,0,1,0,0,2,0,0,1,1,0,0,0,2,0,1,0,-0.17394890159011414,-1.646780848746346,1.7054962285037227
5935,0,1,0,0,0,0,0,1,1,0,1,2,1,0,0,1,2,2,2,1,0.8892734325985251,-0.034630372338176486,0.23589048536367213
5936,0,2,1,0,0,2,0,0,1,1,0,1,1,1,0,0,0,1,1,1,-0.7514563128438756,-0.6795702013791018,-0.30183660481703
5937,1,0,0,0,0,1,0,0,1,0,1,1,1,0,0,2,1,2,0,0,-0.1322588978760316,0.05081549748854944,0.622503184766446
5938,0,1,0,0,0,1,0,0,1,0,1,1,0,1,0,2,0,1,1,0,-0.3806517702010036,0.6041363099241512,-0.2795710847297183
5939,0,0,2,0,0,1,0,0,0,0,1,1,0,0,1,0,0,0,1,1,-1.16143561193684,1.2168561378746947,-2.158199698023101
5940,0,0,0,1,0,1,0,0,1,0,0,0,1,0,0,1,0,0,0,1,1.3479327829670398,1.1780355333947135,-0.32114147653950975
5941,0,0,1,1,0,0,1,0,1,1,0,1,1,1,1,1,1,0,1,1,0.8827436029838636,0.28006946496750845,-1.281824276884541
5942,0,1,0,0,0,1,0,0,2,2,0,2,0,1,1,1,1,1,1,0,0.4934708408614209,1.9526445867613655,1.8590439919819621
5943,0,1,0,0,0,0,0,0,2,1,0,0,0,0,0,1,1,2,1,0,-2.111347511267805,-3.572528696969926,1.1358072870935036
5944,1,1,0,0,0,0,0,1,0,0,0,0,1,1,0,0,1,1,1,1,-0.38226610519744814,-1.2880053261446407,-0.4629601916886649
5945,0,1,2,0,1,0,0,1,2,2,0,0,0,1,0,2,1,0,0,1,-0.3444844490961543,1.8349990330353756,0.4498309489629215
5946,0,0,0,0,0,1,0,1,1,0,0,0,0,1,0,0,0,0,2,1,-1.0932105727277812,-2.0896894272352897,-1.067954664990086
5947,0,1,1,0,0,0,0,0,1,1,1,0,1,0,1,0,1,0,2,1,1.1322361073324507,0.8247426458423028,1.1589458033030873
5948,0,0,1,0,0,1,0,0,2,1,0,1,1,0,0,1,1,0,1,0,1.9703282203517707,-0.039236255299505474,1.8424162815892466
5949,0,0,2,0,0,0,0,0,0,0,0,1,1,1,1,2,0,0,1,1,-0.10064669294304357,1.4073281970697085,1.1130163038903649
5950,1,1,1,0,0,1,0,1,0,0,0,0,0,1,0,1,0,1,2,1,1.0099591634443075,0.12357425102696895,0.06908610993577977
5951,0,1,1,1,0,0,0,0,0,1,0,1,1,0,0,0,0,1,1,0,-0.9878757221086505,0.2670317791142564,0.06295497402238648
5952,0,1,0,1,0,1,0,0,0,1,0,1,1,1,0,1,0,0,2,1,-0.2372677600752318,1.4206092905508791,-0.9167327543496298
5953,0,1,0,0,0,1,0,1,1,1,1,0,1,0,0,0,0,1,1,0,-0.12625923286626153,-0.05731456387389716,-0.4508285647899253
5954,1,0,1,0,0,0,1,0,1,0,0,1,2,1,0,1,1,0,1,1,1.324385124331588,-0.7551164596928734,1.2332953970132103
5955,0,1,1,1,0,2,0,1,1,1,0,0,0,0,0,0,1,1,1,0,0.3064419448566372,0.9023628008486553,0.32302794412982794
5956,0,1,1,0,2,1,1,1,1,1,1,1,1,1,1,1,1,0,2,1,-0.30312682631898746,-1.2491610099975272,-0.9801087108814837
5957,0,1,0,0,1,0,0,0,2,1,0,0,2,0,0,1,0,0,1,1,1.0812531105762475,1.0787486164779883,-1.2642354817978314
5958,0,1,0,0,0,1,0,0,0,1,0,0,1,0,0,0,1,0,1,0,0.8641514727213994,-0.07262740587116909,0.9609356411121858
5959,0,0,0,0,1,0,1,2,1,1,1,1,0,0,0,2,1,1,1,0,-0.9977098878427374,-1.8055409295793137,1.3454222973944845
5960,0,0,1,0,0,1,0,0,2,1,1,0,0,0,1,1,1,0,1,0,-0.5197892124924246,-0.3375668574876847,-0.5332385876523934
5961,0,0,1,0,1,0,0,0,1,1,1,0,2,0,1,1,0,1,1,1,1.1189520272919236,-0.12124816725328602,1.0917706176348423
5962,0,1,1,0,0,2,0,0,1,1,0,1,0,0,0,1,1,0,2,1,-0.2799769170657476,0.6234513684433959,-0.3872872943629193
5963,0,0,0,0,0,0,0,1,0,2,0,0,2,0,1,1,0,1,2,1,0.7238387813872296,1.122538828294805,1.7831795339637224
5964,0,0,1,0,0,1,0,0,2,0,0,0,1,0,2,1,0,1,2,1,-1.1573311651428813,-1.9960647389918398,-1.0169703733664301
5965,0,0,1,0,1,1,0,0,2,1,1,1,1,0,0,0,0,1,0,2,1.223418717975781,1.1448282577713669,0.6976859826783526
5966,0,1,1,0,0,0,0,1,1,0,1,0,2,0,0,0,1,0,1,0,-1.2731435437450849,0.6236160323610584,0.39530739054283714
5967,0,0,0,0,0,2,0,0,2,0,1,1,0,0,0,1,1,0,1,1,-0.07949982158504586,0.8785717240470583,-0.2690355903494424
5968,0,1,2,0,0,2,0,0,0,0,1,2,1,0,0,0,1,1,1,1,-0.8555521004553038,-1.9881912429599315,2.093022998454787
5969,0,1,1,0,0,1,0,0,0,1,0,1,1,0,0,0,1,1,1,1,-1.519175392173159,-0.1509330072674912,0.45049998347398296
5970,0,0,1,1,0,1,0,0,1,0,1,1,0,0,1,2,1,1,1,1,1.5248177336635607,2.895457722914828,1.2614915996107328
5971,0,1,1,0,0,1,0,0,1,0,1,1,0,0,0,1,2,0,2,0,-0.31715814335406917,0.06643330561335098,0.4917982565577577
5972,0,0,1,0,0,2,0,0,2,1,0,2,1,1,0,0,2,0,0,2,0.22818864658163424,1.3629901460124034,2.2547090651355317
5973,0,1,1,0,1,0,0,1,1,0,0,0,2,0,0,0,1,2,1,1,-1.2500885434174351,-1.0437579409742002,-1.6020950447306945
5974,0,0,1,0,0,1,0,0,1,0,1,0,0,1,0,2,1,1,0,0,1.482534339749738,0.2440497804797193,0.20417814224053446
5975,1,0,0,0,0,1,0,0,1,1,0,1,2,0,0,2,0,0,1,1,-1.8593723627206513,-0.7392432350654418,0.6988792839040835
5976,0,0,0,0,0,2,0,0,2,0,0,0,0,0,0,0,1,1,1,1,-0.5515462472512631,1.5844593067611652,-0.17225209324075924
5977,0,0,1,0,1,2,0,0,1,0,0,2,0,0,0,1,0,0,1,0,0.46244525944388226,0.6620808267416121,1.2763153100706002
5978,0,1,2,0,1,0,0,0,1,1,0,0,0,0,0,2,2,2,1,0,0.27137405369348166,-1.9084752912077012,0.02421413496550895
5979,0,2,0,0,1,1,0,0,0,1,0,1,0,1,0,0,0,0,0,1,-0.22765582572583637,1.4577318828335066,0.4940404109075036
5980,0,0,2,0,1,2,0,0,2,0,0,1,0,0,0,0,1,0,0,0,-0.38465813221678297,0.48111153361558634,-0.15143677180711024
5981,0,1,0,0,0,0,0,0,1,0,0,0,2,0,0,0,0,1,1,0,0.42272731385086243,-0.3819810222568039,0.36559206258375637
5982,0,0,1,1,0,2,0,0,0,1,0,0,0,0,0,0,1,1,1,0,-0.1011660834113652,0.8907593239391727,1.088377697810872
5983,0,0,0,0,0,0,0,1,2,0,0,1,0,0,0,1,0,0,0,0,1.4868010620054994,0.6231625473142279,-0.676148575371311
5984,0,0,0,0,0,0,1,0,1,1,0,1,0,0,1,0,0,2,2,0,-0.4516336989011695,-0.20209480358284293,0.1847021172555539
5985,0,1,1,1,0,1,0,0,1,2,0,0,1,1,0,0,0,0,2,1,0.9516095638464702,1.880126308591384,1.9370094432199858
5986,0,1,0,0,0,1,0,0,0,1,0,1,1,0,0,0,0,1,1,1,-0.5282035130482184,-0.5415587917731277,-0.8157603725898956
5987,0,0,1,0,0,2,0,0,0,0,0,1,2,0,0,1,1,0,1,0,0.29539341915207823,0.6782191611674786,0.8605567746063248
5988,0,0,1,1,0,0,0,0,1,0,0,1,0,0,0,0,1,0,1,2,0.5222781000750574,0.7320709587361458,1.0001561620177326
5989,0,0,0,0,0,2,0,0,0,0,0,0,1,0,1,1,1,1,1,1,2.9230947087497534,-0.9509323532981804,0.45054606583057377
5990,0,1,0,0,0,1,0,1,0,0,1,2,0,0,0,2,0,0,1,1,-0.4867743533994511,0.8636942605092237,0.3312062541652967
5991,0,1,1,0,0,0,1,0,0,2,0,0,1,0,0,1,2,0,1,1,-0.1738553721827845,1.62888353760531,0.11218985181023355
5992,0,1,0,0,0,1,0,0,1,0,1,0,2,0,1,1,1,0,2,2,1.6143350701194583,0.7931553700277751,-1.2465922476842426
5993,1,1,1,0,0,2,1,0,0,0,0,0,1,1,0,1,0,0,1,0,-0.5726372935794192,0.5703375146704631,-1.1840193289219387
5994,0,1,2,0,0,2,0,0,0,0,1,1,0,0,0,0,1,0,1,0,0.003355015605141602,0.24644486531988824,1.4028503843001852
5995,0,1,1,0,0,0,0,0,1,0,0,0,1,0,0,1,0,0,2,1,0.6483260134135397,-0.34509576964772437,-0.49768646055410243
5996,0,1,1,0,0,0,0,1,2,1,0,0,0,0,1,2,1,1,0,0,-0.3144813086719769,-0.23211694908169117,0.18811062193271855
5997,1,0,2,0,0,0,0,1,1,1,0,0,2,1,0,1,1,0,1,0,1.317299347166543,0.16486409163929566,-0.13950021743293803
5998,0,1,1,0,0,0,0,1,1,1,0,1,1,0,0,0,1,1,1,1,-0.13955640102275538,0.21040439846287023,0.3756305666213326
5999,0,0,1,0,0,2,1,0,1,0,1,1,0,1,1,0,1,0,1,1,-1.9531844260869766,-1.4496911756579687,1.3852623525541428
6000,1,1,1,0,0,2,0,0,0,0,0,0,0,1,0,1,1,1,0,1,-0.6157279681456661,-1.0097355805671127,-1.3476816641791907
6001,0,1,2,0,0,1,0,0,2,1,0,0,0,0,0,1,0,0,1,0,0.20625557741650782,1.02024357652689,2.005305199702142
6002,0,1,1,0,1,2,0,1,1,0,1,1,0,1,0,2,0,0,1,1,0.07346325604850684,1.0353503604734475,-0.15453754517258622
6003,1,0,0,0,0,1,0,0,1,1,0,1,1,1,0,2,2,0,1,1,0.5983751503817564,-0.6599885305074822,-0.6761852885154676
6004,0,1,2,0,0,1,0,0,1,0,0,0,0,0,0,0,0,1,2,1,-0.9114647124105867,-0.03981430333428329,0.03894804215910519
6005,0,1,1,1,0,2,0,0,1,2,0,0,0,0,1,0,1,1,0,0,0.2760300796526112,-0.23038506060545394,-0.9659456380520123
6006,1,0,0,0,0,1,0,0,2,1,1,0,0,1,0,0,0,0,2,1,-1.6638695961490155,-0.5625322451745467,0.6672561146486881
6007,1,1,1,1,0,1,1,0,1,1,0,0,2,0,0,1,0,1,0,1,-2.0997379582863407,1.0222702733702151,-2.53686127246177
6008,0,0,1,0,0,2,1,0,1,1,0,1,2,0,0,0,1,0,1,1,-1.560479216048705,-0.028257790515164305,-0.3851778665159206
6009,1,2,1,0,1,1,0,0,1,2,0,0,0,1,0,0,1,0,2,1,1.7333873332395504,0.7639390683290193,-0.0694501936575872
6010,0,1,0,0,0,1,0,0,0,0,2,1,1,0,0,1,2,1,1,1,-0.8202228262264053,-0.7890533804044196,-0.43329856225378255
6011,0,1,0,0,0,0,0,0,1,1,0,0,0,0,0,1,0,0,2,1,-2.067438001439967,-0.08044317170470289,0.008357261391176707
6012,0,2,1,1,0,1,0,1,2,1,0,1,0,0,0,1,1,0,2,1,-0.899247585523306,-1.1520412133912419,-0.23210204967616557
6013,0,0,1,0,0,0,0,0,2,1,0,1,1,1,1,0,0,0,1,1,0.3400640470038332,-0.7269215025991345,1.6556721708295683
6014,0,1,1,0,1,0,0,0,0,1,0,1,1,1,0,0,1,0,2,0,-0.27619068680353137,0.5415322040492213,-0.1401161629748324
6015,0,1,1,0,0,1,1,1,1,1,1,1,1,1,0,0,1,1,1,0,-0.8418072575312776,-1.0885991436142557,-1.018356690111974
6016,0,1,1,0,0,2,0,0,1,0,0,0,1,0,0,2,0,0,1,2,-0.9345285980229872,-0.23046778998777173,0.6947115738068768
6017,0,0,1,0,0,1,0,0,1,1,1,0,0,1,0,0,1,0,1,0,-1.2677488602688292,-0.19614549565283296,-0.3469016808385945
6018,0,0,2,0,0,1,0,0,1,0,2,0,1,1,1,0,0,0,0,1,1.156171864184669,0.3747570473774671,-1.1968461119810723
6019,0,1,0,0,0,0,0,0,0,0,0,0,1,0,0,0,0,1,1,0,0.15485629204834428,0.9247532135005079,0.4439797947859623
6020,0,0,0,0,0,2,0,0,1,0,2,1,1,0,1,2,0,0,2,0,-0.2598452612440192,-0.2245397053280975,1.0816230175302428
6021,0,0,1,0,0,1,0,0,1,0,0,0,0,0,1,1,1,1,1,0,0.5692619102855742,0.8722425122897042,0.21644939282340098
6022,1,1,1,0,0,1,0,0,1,1,0,1,1,0,0,0,1,0,1,1,-0.2991007113657129,-0.9230059046698195,-1.3799356944755836
6023,1,1,0,0,1,0,0,0,1,1,0,0,0,0,0,1,2,0,1,0,-0.3904809709140814,-0.06272496585692411,-1.8657212475500575
6024,1,1,0,0,0,2,0,0,1,1,0,0,0,1,0,0,1,0,2,1,-0.8157415806016391,1.177186167918387,1.0150111382174807
6025,0,0,1,0,0,1,0,0,1,1,1,1,0,0,0,0,2,0,1,1,0.1649779386951046,-1.4909219196602108,0.1381624642315338
6026,0,1,0,0,0,0,2,0,1,0,0,1,0,0,0,1,2,1,1,1,0.6045557294414199,-0.27278915762134515,2.656487567364042
6027,0,0,0,0,0,1,0,0,0,1,1,1,0,2,0,1,2,0,0,0,-0.5781035219327765,-1.4476708417250006,0.48118983040077534
6028,1,1,2,0,0,1,0,1,2,2,2,0,0,0,1,2,2,1,1,1,-0.003560587406419402,-0.7492548125434512,-0.9314793158682956
6029,0,1,0,0,0,1,0,0,1,2,0,1,1,0,0,1,2,0,1,0,1.9807738615379529,-1.526602928483066,1.2179838666030993
6030,1,0,1,0,0,2,0,0,0,1,1,0,1,1,0,0,0,0,0,1,0.7467630855769055,0.17070558640619965,0.8832909202143299
6031,0,1,2,0,0,1,0,0,0,1,0,1,0,0,0,1,0,0,0,1,0.6329889471995958,-0.051776389432774905,1.0292272228233075
6032,0,0,0,0,0,2,0,0,1,0,0,0,1,0,0,1,0,1,1,2,0.8652700383823819,0.38076320479664943,-0.2802197249856243
6033,0,0,0,0,0,1,1,0,1,1,2,1,2,0,2,2,0,0,2,0,0.2876414322127529,1.002542407437676,0.8567369531964428
6034,0,0,0,0,1,1,0,0,1,0,0,0,1,0,0,2,1,0,1,0,0.6445265390294578,0.24665889388133524,1.0415074801238398
6035,0,0,1,0,1,2,0,0,1,1,2,1,1,0,0,1,1,0,1,0,-0.16114131622621075,-0.725823699475088,-0.3496918844901264
6036,0,0,2,1,0,1,0,0,1,0,1,0,1,1,0,0,1,0,2,0,0.2982331570214203,-1.0811164585061004,-1.3087391774504742
6037,0,1,1,1,1,1,0,0,1,0,1,1,2,0,0,1,0,1,1,0,-1.186514815115385,0.23671438312263726,0.6544197908835787
6038,0,0,0,0,1,1,1,0,1,0,0,1,0,1,0,1,0,1,1,1,0.3647233965202507,-0.6380857150982027,0.632296724907111
6039,0,0,2,0,1,2,1,0,1,0,1,1,0,0,0,1,2,0,1,0,1.3729595787894109,-0.9189095551437034,0.24993413858922114
6040,0,1,0,0,0,1,1,0,1,0,0,1,0,0,0,0,1,1,1,0,0.8276703750796354,1.9685858398509406,0.7253971950801891
6041,0,1,0,0,0,2,0,0,0,0,0,1,0,0,0,2,1,2,1,1,-0.17266050316231488,-0.584150277556987,-0.9448686459209986
6042,0,1,0,0,0,1,0,0,1,0,0,0,0,1,0,0,2,0,1,0,-0.9335466903869367,-0.06906840624381372,-1.0203317970161891
6043,0,1,1,0,0,1,0,1,0,1,0,1,0,1,1,0,1,1,1,0,0.42417896745481787,0.6846272247708138,-0.7462154337839533
6044,0,1,0,0,0,1,0,0,0,0,2,1,0,0,0,0,0,1,1,0,2.289550639369801,0.2648356759057538,0.38973467100124976
6045,1,0,1,0,1,0,1,0,2,1,0,0,0,0,0,2,0,0,0,0,-1.0783734660272868,-1.1441547725207535,0.4926363133550923
6046,0,1,1,1,0,0,0,0,0,0,0,1,1,0,0,0,0,1,1,1,-1.2047146298117313,-1.0262084481505278,-1.7503325776297665
6047,0,1,0,0,0,1,0,0,1,0,0,1,1,0,0,2,0,0,0,1,-2.6926167961957512,0.1829586240065315,-0.25733483249991873
6048,0,0,1,0,0,1,0,0,1,0,1,2,0,0,0,1,1,0,1,2,1.621720492258356,-1.2799099683537278,2.047964780443302
6049,0,0,0,0,0,2,0,1,2,0,0,0,0,1,0,0,1,2,0,1,0.6595368895858791,0.9575499369984586,-1.2876676189133742
6050,0,0,0,0,0,1,0,0,1,1,1,0,0,0,0,2,1,1,1,0,0.3452143449534642,1.334300978889047,0.8219364899348587
6051,0,1,1,0,0,1,0,0,1,1,2,1,0,0,0,1,1,0,0,0,0.254619267669612,-0.7424242530995722,0.044009080166047584
6052,0,0,0,0,0,1,0,0,2,1,0,1,1,0,0,0,0,1,1,0,0.16012918941922655,-1.671991941653777,2.0987086411338467
6053,0,1,1,0,0,0,1,0,2,0,2,0,1,1,0,0,2,0,1,0,-0.4205195785636012,-1.6768776413940931,1.7569398751418028
6054,0,0,1,0,0,1,0,0,1,1,1,2,2,1,1,2,0,2,1,0,0.7509956893556741,1.4819666591626706,0.9271868695674452
6055,0,1,0,0,1,1,0,0,2,1,0,0,1,0,1,1,1,1,1,0,-1.51531738560205,-2.8458823221177605,0.06995967432590189
6056,0,1,0,0,0,2,0,0,0,0,0,1,0,0,1,1,2,2,1,1,-1.1343837151474712,-1.149174782619558,-0.7197100531602844
6057,1,1,1,0,2,2,0,0,1,1,0,0,2,2,0,0,1,2,1,0,-1.4290625385513769,-1.4352697548786635,-0.027618563759305992
6058,0,0,1,0,0,1,0,0,1,1,0,0,0,0,0,0,1,0,0,1,0.4300436402070486,1.2433857566146826,-0.42966321824386605
6059,0,0,1,0,0,0,0,1,1,0,1,0,1,0,0,2,0,0,1,1,0.8683822256456569,0.2742288613767074,0.9376631868510413
6060,1,1,0,0,0,2,0,1,1,1,0,0,0,1,1,0,1,0,1,1,-1.4329342653705675,0.16937621004998127,1.6400541106556001
6061,1,1,0,0,0,1,0,1,1,1,0,1,2,1,0,1,0,0,1,0,1.6159246110344148,0.09517790487296085,-0.9390335981935561
6062,0,0,1,0,0,2,0,0,1,1,0,0,1,1,0,2,1,1,0,2,0.4320266019801216,0.948398370129478,0.3343440842585894
6063,0,1,1,0,0,1,0,0,1,0,1,2,2,0,0,0,0,0,1,0,-0.4790348308220543,-2.0873232316519488,0.47143943623846196
6064,0,0,0,0,1,1,0,0,1,1,0,0,1,1,0,0,1,1,0,0,0.9755135461894868,0.9317313035519045,0.3109413494927337
6065,0,1,1,0,0,2,0,0,0,0,0,2,1,0,0,0,2,1,0,2,1.7950988188050345,-0.43156739985958925,2.0508657165639663
6066,0,2,1,0,0,1,0,0,0,0,0,1,1,1,0,0,0,2,0,0,0.5875900295773395,1.296538701326427,0.4611933078025887
6067,0,1,0,0,0,1,0,0,2,1,0,1,0,0,0,1,1,1,0,2,-0.32936627345502945,-0.19578300189748424,-1.3913308272087077
6068,0,0,1,0,1,1,0,0,0,1,0,0,2,1,1,2,1,0,1,0,0.08600341189012357,1.7743639994700997,0.4277769212880297
6069,0,1,1,1,0,1,0,0,1,1,1,1,0,1,1,1,0,1,1,0,-1.4448885131947407,0.06949926600752437,-0.08599389088357637
6070,1,1,0,0,0,1,0,0,0,2,0,0,0,0,0,1,2,1,0,2,-2.8822417044825257,-0.7772659976130382,-0.5345336991195986
6071,0,0,1,0,1,2,0,0,0,0,0,2,0,0,0,0,0,0,1,1,-0.3128008948726639,1.4171424027547566,-0.05332098847796707
6072,0,0,1,0,0,2,1,0,2,0,1,1,0,0,0,2,2,1,0,1,0.4457300568860878,-0.39207635770286986,-1.084667828923014
6073,0,0,1,0,0,0,0,0,1,1,1,1,0,0,0,1,0,1,0,0,0.9281455119329053,0.26958949971717755,-1.2004892938117269
6074,0,0,2,1,0,0,0,2,1,0,0,1,0,0,0,0,1,0,0,1,0.6710087925516456,0.8216215105393905,0.5443103745506934
6075,0,1,1,0,0,1,0,0,2,1,1,0,0,0,0,1,1,0,1,2,-0.32450290760451195,-0.5284327594799418,-0.007140659596245784
6076,0,1,1,0,0,0,0,0,0,0,0,1,0,1,0,1,0,0,1,0,0.18244301720992565,0.06230439650657647,-1.2785472241227285
6077,0,0,1,1,0,1,0,0,1,0,0,0,1,0,0,1,1,1,2,0,-0.9927854006628998,0.6791716612987316,-0.5103475796855371
6078,0,0,0,0,0,0,0,1,1,2,0,0,1,0,0,2,2,0,0,0,-1.9605132274023256,0.18391058241785674,-0.4873966928068695
6079,0,0,0,0,0,0,0,1,0,0,0,2,0,1,0,2,0,0,1,0,0.5928857176722458,1.4733422435424453,-0.17763508894721608
6080,0,0,0,0,0,2,0,0,0,0,0,1,1,0,0,0,1,1,1,0,-0.37611625716881814,-1.6328682671723938,-0.054483214474358166
6081,1,0,0,0,0,1,0,0,0,2,2,0,0,0,0,2,0,0,0,2,-0.17643570732188293,2.0467104165522954,2.3305005889219133
6082,0,1,0,0,0,2,0,0,1,1,0,0,1,1,0,0,2,1,0,1,-2.117001583439834,-1.2873525759871884,0.6711195515458457
6083,0,1,0,0,0,1,0,0,0,2,0,1,0,0,0,1,2,1,1,0,-0.055996558622366424,0.17585277790301135,-0.6650416989820127
6084,0,0,0,1,0,0,0,0,2,1,0,0,2,1,0,2,1,0,1,0,-1.8993021022445131,-0.9429663164828737,0.41212026021763243
6085,1,0,0,1,0,0,0,1,0,2,0,0,1,0,0,0,1,1,0,1,-1.7835808681615295,0.20449402581745224,0.3464214657542535
6086,1,0,0,0,0,0,0,0,1,1,0,1,1,2,0,1,0,1,0,0,1.6896368153909853,1.9259751681128292,0.6004886019560214
6087,0,0,0,0,1,2,0,0,1,0,2,0,1,0,0,1,0,0,1,1,-1.2706609452790345,-0.45197126202628213,-2.3989058539187664
6088,1,2,1,0,1,1,1,0,1,0,0,0,1,0,1,1,2,1,2,1,-0.25745541508638076,-0.6954689945009543,0.7670187259481696
6089,0,0,1,0,0,1,1,0,1,1,0,2,0,1,1,1,1,0,1,1,-0.9941564332952829,1.205004107312103,0.32130943268152046
6090,0,1,0,0,1,1,1,0,0,1,0,0,1,0,0,0,1,0,0,1,0.6559123526107202,0.876379757244513,0.15907402790086309
6091,0,0,1,0,0,0,0,0,0,1,1,0,1,0,1,1,2,1,0,0,0.618766918444932,-0.9469850390218484,-0.03405938654940488
6092,0,1,0,0,0,0,1,0,1,0,0,0,0,1,0,1,0,0,1,0,0.7993675581880089,-0.3701338495672462,-2.0044425623562496
6093,0,1,0,0,0,0,0,0,1,1,0,1,0,0,0,1,0,1,1,0,-1.8398801006924335,0.0024292920560116116,-1.7471597796323135
6094,0,2,2,0,0,0,0,1,2,0,0,1,1,0,0,0,1,0,2,0,0.08311687701194098,0.5256911103820565,0.875744924950542
6095,0,0,1,0,0,1,0,0,1,1,0,1,0,0,0,1,1,0,1,0,-0.5382861518541016,0.6615839413648871,0.8222615621600404
6096,0,0,1,0,1,1,1,0,1,0,0,1,1,0,0,1,2,0,1,0,0.3428059344266422,-0.8056324731144957,-0.9057244799519861
6097,0,1,0,1,0,1,0,0,2,0,1,1,1,0,0,1,0,1,0,0,0.9765081538842301,1.233102988918884,0.3058354624979748
6098,0,0,0,0,0,1,1,1,2,1,2,0,2,0,1,2,1,0,1,1,-0.587689695163969,0.3309581290135123,0.5588050958132097
6099,0,0,0,0,0,1,0,0,0,1,1,0,1,0,0,1,0,2,0,0,0.034273363911989395,-1.8727912058152885,-0.3010356766614496
6100,1,0,1,0,1,2,0,0,1,0,0,0,1,0,0,0,0,0,1,2,0.15155560961604417,0.539899800163606,0.8969451298265927
6101,0,0,1,0,0,0,0,0,1,0,0,0,1,1,0,1,1,0,0,0,0.17178222814276572,-1.037993315678251,-0.6139796831920808
6102,0,2,1,0,1,2,1,0,1,0,0,0,1,0,0,1,0,1,1,0,-0.8922052660191573,-2.660706274521854,-0.1474628054586451
6103,0,1,1,0,0,2,1,0,0,0,1,0,2,0,0,0,1,1,2,0,-1.5117700411445252,-2.005914342133634,-0.012297502883283462
6104,0,0,1,0,0,0,0,0,1,1,1,0,2,1,0,0,1,1,0,0,2.243848751548013,1.0812433848742207,-0.6394947494961212
6105,0,0,0,0,0,1,0,0,0,1,0,0,0,0,0,1,0,1,1,0,-1.1993725729548026,-1.4695787537199174,-1.4468113844170276
6106,0,0,1,0,0,0,0,0,1,0,2,1,0,0,0,1,0,0,1,0,-0.749093401714912,-1.858186741629168,1.4632999144253975
6107,0,1,0,0,0,0,0,0,2,0,0,0,1,0,0,2,1,1,2,1,0.7240617056100677,0.8392652605135125,-1.5205748473466734
6108,0,0,1,0,0,0,0,0,1,1,0,1,1,1,0,1,0,0,1,2,0.6491605835429974,-0.9432563653451627,1.445219210880176
6109,0,0,0,1,0,1,0,0,2,0,1,0,2,0,0,0,0,0,0,1,1.6513988634438768,-0.6420381778375408,-0.26973704899186896
6110,0,0,1,0,0,0,0,1,2,2,0,0,0,0,0,1,1,0,1,1,-1.417316716509593,-0.2983278370181317,-0.7113857931059402
6111,0,1,0,0,0,0,0,0,1,1,0,0,0,1,1,0,1,0,2,2,0.3977137433762482,-0.22132559567598387,-0.5203639623691322
6112,0,1,2,0,1,0,0,0,0,1,0,1,0,0,0,1,1,0,1,1,0.9790280970427906,0.9616438140286978,0.915676001605863
6113,0,1,0,0,0,1,0,1,1,0,2,0,0,0,0,2,0,1,2,0,0.35924213516993164,0.2630879219574056,0.10043796763570789
6114,0,0,0,0,0,1,0,0,1,2,0,0,1,0,0,0,0,1,1,1,-2.18444555762019,-0.9626372925246982,-0.3873939075414216
6115,0,0,0,0,0,0,0,0,1,0,1,0,1,0,1,1,1,1,1,1,0.5106265124501047,-1.6939617789429116,0.5933556244805627
6116,1,2,0,0,0,1,1,0,0,1,1,1,1,0,0,1,1,1,0,0,0.2002394677537504,-1.648193826754925,0.6145804339124579
6117,0,1,1,0,0,0,0,1,0,0,0,1,0,0,0,0,1,1,2,0,0.553731657059237,-1.1922426502125987,0.05260191690917737
6118,0,0,0,0,0,0,0,0,0,0,1,1,1,0,0,1,0,1,2,0,1.7250274447231064,0.624956817349951,-0.22794223753058074
6119,0,0,0,0,1,1,0,1,1,1,1,1,0,1,0,2,0,0,0,0,1.0183187656881783,0.5956424540541558,2.208239290115454
6120,0,0,0,0,2,0,0,0,0,1,0,1,1,1,0,2,0,1,1,1,-2.1473542653561823,-0.1912530573316188,0.3235160805597331
6121,0,1,0,0,1,1,1,0,1,0,1,1,1,0,0,0,0,1,1,0,-0.3824867858470274,0.008613571931227582,-1.896850876035269
6122,0,2,0,1,0,0,0,0,1,1,2,0,1,0,0,1,1,0,0,0,0.58866474288558,0.25068790581758527,0.7497129738411655
6123,0,1,1,1,0,2,1,0,2,1,0,2,0,0,0,1,0,2,1,0,0.06367502194673348,0.29187299799680466,0.7253712482016048
6124,0,1,0,0,0,0,0,0,2,0,1,1,2,0,0,2,1,0,2,0,0.11369817549944672,-0.8413135884861284,-0.7984600004291312
6125,1,2,0,0,0,2,1,0,2,1,0,0,1,0,0,1,1,1,0,1,0.121504923367018,-0.43380068205380373,2.6207695441703427
6126,0,2,1,0,1,0,0,0,2,1,1,0,1,2,0,0,1,1,0,1,-0.004731947471354297,1.026485253526673,2.0307330237909076
6127,0,2,0,0,1,1,0,0,0,0,2,0,1,0,0,0,1,1,0,0,-1.4671251883606806,-1.64915570887164,1.4644666957753032
6128,0,0,0,0,1,1,1,0,1,1,0,0,0,0,1,1,1,1,1,0,0.5053666708295265,2.9293270612164277,2.9849001243881297
6129,0,1,2,0,1,2,0,0,0,1,0,0,0,0,0,2,1,1,0,0,0.12628835025050894,0.345565763391801,0.4101008529524984
6130,1,0,0,0,0,1,0,0,0,1,1,0,1,1,0,1,2,0,0,0,1.0860640410559896,0.25086795946472384,-0.1649377991659459
6131,0,1,0,0,0,2,0,0,0,0,0,2,1,1,0,1,0,1,2,0,-0.3128278389470128,-0.8379061432872585,-0.2579193755187014
6132,0,2,0,0,0,0,1,0,1,1,0,1,0,0,0,0,2,1,2,2,0.4357022586417362,-0.040238813169175595,1.3697245336056922
6133,0,1,1,0,0,2,0,0,2,0,0,0,0,0,0,1,0,1,2,2,0.06662149323348944,0.19663497439293356,-0.44886867072143993
6134,0,1,2,0,1,1,0,0,1,1,1,0,1,0,0,0,1,1,2,2,-1.2536735836604236,-0.7594087013479799,0.39523573611585894
6135,1,1,0,1,1,1,0,0,1,0,0,1,0,1,0,0,1,0,2,0,0.21907789027130195,-0.05715833983081313,-0.4759266246814605
6136,0,0,1,0,0,1,0,0,2,0,1,1,0,0,0,2,0,1,1,0,-1.3720979214631446,0.9681431826448191,1.9341113871401578
6137,0,0,1,0,0,2,0,1,2,0,1,0,0,0,0,1,0,0,2,1,1.4408853018875067,-0.2619537151918402,0.9167913297587356
6138,0,0,0,0,0,0,0,1,1,0,0,0,1,2,0,2,0,1,1,1,-1.082472858048372,0.5907942960566579,0.7845969361015578
6139,1,0,0,0,1,1,0,1,1,0,1,0,1,0,0,1,0,1,0,1,-2.05755623840184,-1.0068981020029248,-0.9020925488680247
6140,0,2,1,0,0,1,0,0,2,1,0,0,1,0,0,1,0,0,0,0,0.4823541065340291,1.0188646175053262,2.2180163581305865
6141,0,0,0,0,0,2,0,0,0,0,0,2,0,0,1,1,1,0,1,1,0.048235485972303656,-0.15141079085791204,-0.31738516530859734
6142,0,0,0,0,0,1,0,0,1,1,0,0,0,0,0,1,1,0,0,0,0.6725482172352995,-1.5684128714833176,-0.29263286106548125
6143,0,1,0,0,1,1,1,0,0,1,1,1,1,0,1,1,0,0,2,0,-0.41530101414921694,0.2756307096874079,-0.021255669758006836
6144,0,0,1,0,0,2,1,1,2,1,1,0,2,1,0,1,1,0,2,2,0.643994025575353,0.5043841987116,-0.039513340134859576
6145,0,1,2,0,0,1,0,0,1,1,0,1,1,0,0,1,1,2,0,0,0.9370275303481834,1.3276270950608167,0.9882839789453595
6146,0,0,0,0,0,0,0,0,1,0,1,0,0,0,0,2,2,0,0,0,-0.04011778523151542,1.5955269358443347,0.10635201081411721
6147,1,0,0,0,0,1,0,0,2,0,1,0,0,0,0,0,0,0,0,1,1.689757204995989,2.193308441758928,0.6895060334066627
6148,0,0,0,0,1,2,0,0,1,0,0,1,1,1,0,1,0,1,0,1,0.7246231891304422,0.2577044993608265,-0.42570393080395996
6149,0,1,0,0,0,2,0,0,1,1,0,0,0,2,1,0,0,1,0,0,-0.8408227665503017,-0.7645500572590231,0.3734284368248122
6150,0,0,1,1,0,0,0,1,0,2,1,1,0,0,1,1,0,1,1,1,-0.648120691642932,0.02361160414320454,0.5073056623223785
6151,0,0,1,0,1,0,0,0,0,0,0,1,0,0,0,2,0,0,1,0,1.468500272663441,0.521870398743869,-0.6671133887774956
6152,0,1,1,0,1,2,0,0,1,0,1,1,1,0,0,1,1,0,0,0,-1.663276623495019,0.43426665948881515,-0.7614338978931914
6153,1,1,2,0,0,1,0,0,1,0,2,1,2,0,0,1,0,1,1,2,-1.4433400989523912,1.05938392386918,1.451167802272682
6154,0,0,0,0,1,1,0,0,1,0,1,1,0,1,0,1,1,0,1,0,1.6688385290743282,0.592229414188821,-0.7600144668284914
6155,0,1,0,0,0,0,0,0,1,1,2,0,1,0,0,0,1,2,1,0,1.2151138608982488,0.051882353100852374,1.8369640432973542
6156,0,1,0,1,0,2,0,1,1,0,1,1,1,1,1,1,2,0,0,0,-1.3408230576110922,-0.4344441067520184,-0.6823300325563326
6157,0,1,2,0,0,2,0,0,1,1,0,0,1,1,0,2,0,1,1,0,-0.33994735345100835,1.562507030859467,1.2530105410343273
6158,0,0,0,1,0,2,0,1,1,1,0,1,2,0,0,1,1,1,0,1,0.14054213063466173,1.7922410758277911,0.9136375741867064
6159,1,0,0,0,0,1,1,0,0,0,0,1,0,0,0,0,0,1,0,1,0.12849125712887877,-0.18481799326075032,1.114644575773521
6160,1,0,0,0,0,1,0,1,0,0,2,0,1,0,1,0,1,1,2,1,0.1196627286871684,0.5245077406841147,-0.2375252164148976
6161,0,1,1,0,0,1,0,0,1,0,0,1,1,0,0,2,2,0,1,1,0.5137552648829599,1.1327393391227782,1.9310215479279076
6162,0,1,0,0,1,0,0,0,1,0,1,0,2,0,0,0,1,1,1,0,-1.4074378109326489,-0.3571310807702269,0.7380212163798938
6163,0,1,0,0,1,1,0,0,0,1,1,1,0,0,1,0,0,1,1,0,1.5189543058512691,0.718640287695933,0.9482501671426892
6164,0,0,0,0,0,2,0,0,2,0,1,0,0,1,1,1,0,2,1,0,-2.1285173499965997,-2.1132725284577303,1.489515709246759
6165,0,0,2,0,1,1,0,1,0,1,2,1,0,2,0,2,0,0,0,1,-1.1570087073166777,-0.8633399756833691,0.6199194993574414
6166,0,0,1,0,1,2,0,0,0,1,0,1,0,1,0,1,1,0,0,0,-0.8548220818370332,-0.6258768892644793,-0.7026312791671712
6167,0,1,0,0,0,1,1,0,1,0,0,0,0,0,0,1,1,0,1,2,-0.13994373404738455,-0.2645722566365005,-0.8572676572475735
6168,0,0,1,0,0,2,0,0,1,2,2,1,0,1,0,1,2,0,1,0,-1.4079827716073152,0.8788044308044649,-2.0965046385351425
6169,1,1,1,0,0,1,0,0,0,0,0,1,1,0,1,1,1,0,1,1,-0.7571057035860018,0.8643301573004925,-1.6324483642703225
6170,0,1,1,0,0,1,2,0,0,1,0,0,0,0,0,2,0,1,0,1,-0.928348174173131,-0.9094879529281714,-0.4365387013002656
6171,0,0,0,1,1,1,1,0,0,0,1,0,1,1,0,0,0,0,1,0,0.03044800662575734,0.06780622216354495,0.8312952320719973
6172,1,0,1,0,0,2,0,0,1,1,0,0,1,0,0,1,1,0,2,1,0.06684687389715545,0.6266211238133008,1.070396993860755
6173,0,1,0,0,0,1,1,1,1,0,1,1,1,0,1,1,1,0,2,1,-1.1754455678306586,-1.8593412316255555,0.981406515717782
6174,0,1,2,0,0,2,0,0,2,2,0,1,1,0,0,1,0,0,2,0,-0.13354175547786995,0.35850554611684277,-0.1343873274996962
6175,0,0,0,0,0,1,1,0,2,1,1,1,1,0,0,0,2,1,0,0,0.16396438753839293,-0.9770420247236941,0.12764443273425763
6176,0,1,0,0,0,0,0,0,2,0,2,0,0,1,1,0,0,0,1,1,-0.2145435941965748,0.49581774878678386,-0.0381650225821012
6177,0,1,1,0,1,1,0,0,2,0,1,0,1,2,0,1,0,0,1,0,-0.02592084999681977,-0.32075321177966665,-0.384279460865202
6178,0,0,1,0,0,1,0,0,1,0,0,1,0,0,0,0,1,0,2,1,1.218955659401086,0.5751677736137646,1.2404729045678078
6179,0,2,2,0,0,0,0,1,1,0,1,1,1,0,0,1,1,1,1,1,0.030633171601737647,-1.2950947529695005,-2.524272981048665
6180,0,2,0,0,0,0,0,0,2,0,0,2,1,0,0,0,0,0,2,0,0.6332191779400665,1.7993663059636806,1.5492808068473605
6181,0,0,2,0,1,0,0,0,1,1,1,0,0,1,0,1,0,0,0,2,-0.3684525469362245,1.2128404157033836,1.5930686701714147
6182,0,1,1,0,0,1,0,0,2,0,0,1,1,0,0,2,1,1,2,0,-0.23487847821192265,-0.46324521373627425,-0.39648069478594816
6183,0,0,1,0,0,1,0,0,0,0,0,0,2,0,1,1,1,1,0,0,-0.4296085334938532,-0.7886439956682589,-0.3586127911693141
6184,1,0,0,0,0,2,0,0,0,1,2,1,1,0,0,2,1,1,0,1,-0.36359888726093664,-0.9191227012753104,1.0609544375850697
6185,0,0,0,0,0,1,0,0,1,0,2,0,1,0,1,1,1,1,1,0,1.085125764603463,0.048212199249518,-0.2578452465769595
6186,0,1,1,0,0,0,0,1,0,1,1,0,1,0,0,1,0,2,0,1,-1.0774078027014358,0.02888510741985162,0.9206422096424208
6187,1,2,1,0,0,1,0,0,0,1,1,0,2,0,0,2,0,1,2,0,-0.7748638435033665,-0.21798646092938942,-0.6944405220038083
6188,0,2,0,0,1,0,0,1,1,0,1,2,1,0,0,2,0,0,1,1,-0.3731792326206533,-0.7941175399880436,1.6879380582111483
6189,1,0,1,0,0,2,0,0,1,0,0,1,0,0,0,0,1,0,0,0,-1.6806133514952855,-0.25487733289351444,-2.08366396567936
6190,0,1,1,0,1,1,0,0,1,1,0,0,0,0,1,2,1,0,1,0,-0.2391722785286317,-0.3064609971812233,0.30584560419188744
6191,1,0,0,0,0,0,0,0,0,1,0,1,1,0,0,0,1,0,0,0,0.9108853373910172,-0.760896927092849,-0.4921082621828368
6192,0,0,1,0,0,1,0,1,1,1,1,2,0,0,0,2,1,0,1,1,-0.24518600538867424,0.305195006878946,-1.8276919095573088
6193,0,1,0,0,0,1,0,0,1,2,0,1,1,0,1,2,0,0,0,1,0.3223273321494003,1.5428539798365217,1.1245833368494265
6194,1,1,0,1,0,1,0,1,2,2,0,0,1,0,0,2,1,0,1,1,-1.080921412731491,-1.1865266279615336,-0.21210147060232365
6195,0,0,2,0,1,0,0,0,0,1,0,0,1,0,0,1,0,0,0,1,0.29406885402563704,-0.022503014611726546,-1.0430472394440142
6196,0,1,1,0,0,0,2,0,0,0,0,1,1,0,0,1,1,0,2,0,-0.5056924046780029,-0.7518318120006287,-0.6953268154053861
6197,1,1,1,0,1,1,0,0,1,0,0,1,1,1,0,2,1,0,0,1,0.5850001423947356,0.20718379191487638,-0.8580803244597528
6198,0,1,1,0,1,1,0,0,1,0,1,0,0,0,0,1,1,0,0,1,1.1188723230132054,1.5509690316402716,0.24510488315390594
6199,0,0,1,0,0,1,0,0,2,1,0,0,1,1,1,0,1,1,2,0,0.6168875794375416,0.7072923930102091,-1.14882473679751
6200,0,0,0,0,0,0,0,0,0,2,1,0,0,1,1,1,0,0,2,1,0.7961363524063964,1.1391882977562666,0.3834827331426237
6201,1,0,1,0,0,0,0,0,1,1,1,1,0,0,0,1,1,1,1,0,-0.13329862212533028,0.8939168884407834,0.11990583836434139
6202,0,0,1,0,0,2,0,0,2,0,1,0,1,0,0,1,0,1,1,2,0.10146796321670835,0.11759639971395024,-1.4441720242762222
6203,0,0,1,0,0,1,2,0,0,1,1,1,1,0,0,0,0,1,0,0,-0.45713788536311495,-0.9572407708231857,0.5991592319820693
6204,0,1,1,0,0,2,0,0,0,1,0,2,1,0,0,1,0,1,0,0,-0.3824016978598628,-1.5184056288895402,1.0559345719179092
6205,0,2,0,0,0,2,0,0,1,1,2,1,1,0,2,0,1,0,1,1,-1.2530134920446319,-1.137770173089282,-1.8185723677731618
6206,0,0,0,0,1,0,1,0,0,0,1,1,0,1,0,1,1,1,1,1,0.9656249299011541,0.6717050941673284,-0.3990515199621422
6207,0,0,1,0,0,0,0,0,1,0,0,2,0,0,0,2,0,0,0,0,-1.560646265125545,1.347573525724425,-0.7940034685419401
6208,0,0,1,0,0,0,0,0,2,1,0,0,0,1,0,0,0,0,1,1,-0.8588879013369579,-0.4059752839501199,0.26951425920225536
6209,0,0,1,0,1,1,0,0,1,1,1,1,1,0,0,0,1,1,1,0,-3.007679065124143,-1.8776129611403174,-0.5513126684215977
6210,0,0,1,0,0,1,0,0,0,2,1,1,0,1,0,1,1,0,0,0,3.1299173006393137,3.230196364298652,2.6409062972369117
6211,0,1,1,0,0,0,1,0,0,0,0,0,0,0,1,0,0,0,2,1,0.3448765941877596,1.3648224973182748,1.645012592344872
6212,1,0,1,0,0,1,0,0,1,1,0,0,0,0,0,1,0,0,1,0,0.3592377982677665,2.779176324016111,2.0106926144647805
6213,1,0,1,0,0,1,0,1,1,0,0,1,0,1,0,0,0,0,0,0,0.9744178644419929,-0.9791716613200458,0.6795605006851004
6214,0,1,2,0,1,1,0,0,1,1,0,0,1,1,0,0,2,1,1,0,0.09787579835750955,-0.672653865205485,0.7922575506027331
6215,0,2,1,0,0,1,0,0,0,0,0,0,1,0,0,1,1,2,1,0,0.31200458536211445,-0.7026944691678825,-0.6636902316533396
6216,0,0,0,0,1,1,1,0,0,0,0,1,0,0,0,0,0,1,0,1,-0.0390838879347912,0.0751682951726803,0.44497537066133824
6217,0,2,0,0,1,1,0,0,1,0,1,0,0,0,0,1,0,0,1,0,1.1976475025632844,-1.0364843122173473,0.2184026000536769
6218,0,1,0,0,0,2,0,1,2,0,0,1,0,0,0,1,1,0,1,1,-0.28207904230815617,0.41360602642484756,-0.5260947515483988
6219,0,0,1,0,0,1,0,0,0,1,1,1,0,0,0,1,2,0,1,0,0.7405827860287657,-0.7574633469075667,1.8228398303571562
6220,0,1,0,0,0,1,0,0,1,0,1,1,0,1,0,1,1,0,0,0,-1.01506530039036,-1.9944457533544317,0.899275327825692
6221,0,0,2,0,0,1,1,0,0,0,1,0,1,0,0,0,0,0,1,0,-0.06881564396088745,-1.1596640006560657,-0.9501736781111633
6222,0,1,0,0,0,0,0,0,0,2,1,0,0,0,0,1,1,0,0,2,0.35498476854617245,-0.46337591793420313,1.54373742374604
6223,0,0,0,0,1,0,0,0,1,0,1,0,1,0,0,1,0,1,2,0,1.821542652141265,0.28809487861692284,0.2115225757376562
6224,0,0,1,0,0,2,0,0,1,2,2,1,1,2,0,1,2,2,1,1,1.5075832502823707,-0.054462454408776506,-0.5552493292146059
6225,0,2,1,0,1,1,0,0,1,1,0,2,1,0,0,1,0,1,0,0,0.1252570042393041,0.35994669601175006,-0.15949554265944932
6226,1,0,0,0,0,0,0,0,0,1,0,1,1,1,0,0,1,0,0,1,0.7081815343691705,2.631655859090731,0.18803589995788117
6227,0,0,1,0,0,2,0,0,1,1,0,0,0,0,0,0,0,0,2,0,-1.6339543825255378,-0.32829046828678066,0.17914375172563585
6228,0,1,1,0,1,2,0,0,2,2,1,0,1,0,0,1,0,0,0,0,1.0810048199565772,0.6688179726618799,-0.7121231794628071
6229,0,0,0,0,1,0,0,0,1,0,2,0,1,0,0,0,1,1,0,0,-0.06909645486534358,-0.5259122075620624,1.7705585687336882
6230,1,1,1,0,0,0,0,0,2,0,0,1,0,0,1,2,1,0,1,0,0.32374696337520265,0.675259135200703,-1.3908901656257415
6231,0,1,0,0,0,1,0,0,1,1,0,0,2,0,0,1,0,2,0,0,0.8539699556783794,-0.7751326649426189,-1.1104108151269207
6232,0,1,0,0,0,2,0,0,1,0,0,0,0,2,1,1,0,1,1,0,-0.023618845191962563,0.8024821472509611,-0.2528714954817219
6233,2,1,0,0,0,2,0,0,0,2,0,1,1,0,0,0,1,1,2,1,-0.571945176831867,0.45253353932172324,-0.8061133895541531
6234,0,0,2,0,0,2,0,0,0,1,1,1,0,0,0,2,1,1,1,0,0.010501888690239113,-1.9329760331114636,0.13344092974887656
6235,0,0,0,0,0,1,0,0,2,0,0,1,1,0,0,1,2,0,0,0,-0.3057384892290646,-2.1548254905752953,-0.2453334876660661
6236,0,1,0,0,0,1,0,0,2,0,0,1,0,0,1,0,0,0,0,0,1.0391647510241966,0.02226539734615029,0.010924260992270646
6237,0,0,1,0,0,1,0,1,0,1,0,0,2,2,0,1,1,1,2,0,-0.7278626477406869,-0.9131867984474042,-0.07588696110798497
6238,0,1,0,0,0,1,1,0,2,1,1,1,1,1,0,0,1,0,0,0,0.9721345284081535,0.40065184436588186,1.6056519073646136
6239,0,0,1,0,0,1,0,0,0,0,0,0,1,0,0,0,2,1,0,1,-0.9246675058376866,-0.04716320405283159,-0.1448969134133498
6240,1,1,1,0,0,1,0,2,1,1,0,0,1,1,0,1,0,1,1,0,0.20032150240153898,1.2756303107301217,-0.6294976540302455
6241,0,1,0,0,0,1,0,0,2,2,1,1,0,0,0,1,1,1,0,1,-1.4387098937813407,0.30264019068127246,-0.17696434547703815
6242,0,1,0,0,0,2,0,1,1,0,1,0,0,1,1,1,0,0,1,0,0.18631198176219685,0.765812968633104,0.1498397573091762
6243,0,0,0,0,1,0,1,1,2,0,0,0,1,0,0,0,1,2,0,0,-0.8748532221962361,-1.382789573185037,-1.0763536609186328
6244,1,1,1,0,0,2,0,0,2,1,0,2,2,1,0,1,1,0,0,1,1.2811735114731762,0.27294565858034325,-0.07898022973955099
6245,0,1,0,0,1,1,0,0,1,1,0,1,1,1,0,1,1,0,1,0,0.05104682396701066,-0.28465181355416863,-0.9204103036720944
6246,0,0,1,0,0,0,0,0,2,1,0,0,1,1,1,2,2,0,1,0,-0.8917082846737091,-1.631383493282875,1.2146567923611793
6247,0,0,2,0,1,1,0,0,0,0,1,0,1,1,1,1,1,0,1,1,-0.08770353908420363,-0.5426865643922312,0.29140409697048314
6248,0,1,1,0,0,1,0,1,1,0,0,1,0,1,0,1,2,0,2,1,-0.9610201643385927,-0.08265319982007596,0.0948646689608903
6249,1,0,1,0,0,0,0,1,2,1,0,1,0,0,0,1,0,1,1,0,-0.06192895073966924,-0.8008384967470221,0.3636961482550605
6250,0,1,0,0,0,1,0,0,1,0,0,1,1,1,0,2,2,0,1,0,1.6741189838078971,0.6449745975881179,0.3832532347236143
6251,0,1,1,0,1,1,0,0,0,1,1,0,0,1,0,1,1,1,2,1,-0.23946720937356908,-0.05867314335229003,-2.228373090775859
6252,0,2,1,0,0,0,0,0,0,1,0,0,1,0,0,1,1,1,2,1,-0.6483781156883669,1.513092878153472,0.7419892034745079
6253,0,1,1,0,0,2,1,0,1,0,0,0,0,0,1,2,1,1,0,0,-0.30717315936108686,0.22388197978524368,-0.0707930645177334
6254,0,1,0,0,1,1,0,1,0,0,0,0,0,0,0,1,1,0,1,2,-0.023782099834191474,1.767800130737857,0.6982442863123555
6255,0,0,1,0,1,1,0,0,2,0,0,1,1,0,0,1,2,0,0,1,0.24291061760826854,1.3407863569554277,2.660169964822342
6256,0,2,0,0,0,1,0,0,2,2,1,0,2,1,0,0,1,1,1,0,0.45607344956977525,-0.41659362210294937,-1.2164856474170251
6257,0,1,1,0,0,1,0,1,0,1,0,0,1,0,0,0,1,1,0,0,1.0210402967706695,-0.2957311926432991,-0.3743648867047378
6258,0,0,1,1,0,1,0,0,1,0,0,1,0,0,0,1,0,0,1,0,-0.5697661278184631,-0.7857098867417728,1.3784887602631428
6259,1,0,1,0,1,2,0,0,1,0,0,0,0,0,1,1,1,0,0,2,0.29378810297813984,-1.0181903598289188,0.55767410541058
6260,1,0,0,0,0,1,0,0,1,2,1,0,2,1,0,2,0,0,2,0,1.3883370418607521,0.08203227000399271,-1.0568713528070495
6261,0,1,1,0,0,1,0,0,1,0,2,0,1,1,0,1,0,0,0,0,-0.7040475766502392,-2.025851287075338,0.15337908337410638
6262,0,1,1,0,1,1,0,0,0,1,1,2,1,1,0,1,1,1,1,1,1.1737849355098178,-1.2064535030523789,-0.8382471012778615
6263,0,0,0,1,1,1,0,0,1,0,0,0,0,0,0,1,0,1,1,2,-0.5113092858738806,0.6848745861078585,0.6912581393641912
6264,0,0,1,0,0,0,0,0,1,1,2,2,0,2,1,0,2,1,1,1,-0.9646185961076618,-0.06718124822938909,-0.3351560199751924
6265,0,0,1,0,0,1,0,0,1,1,1,0,0,0,0,1,1,2,1,2,-2.5974065280476504,-2.4896470884425703,-0.7105342475008993
6266,0,0,2,0,0,1,1,1,0,0,2,2,0,0,0,2,1,1,2,0,0.390990077029685,0.49193009701611906,-1.4419572315653453
6267,0,1,1,0,0,1,0,1,1,1,0,0,0,0,1,0,0,0,0,1,-0.8199591163979653,0.9547874660029055,1.4077359698032463
6268,0,1,0,0,0,1,0,0,1,0,1,1,1,0,0,1,1,1,0,2,-1.527608825833889,-1.9986429690981566,-0.03394887317268802
6269,0,1,0,0,2,0,0,1,1,2,1,0,1,1,0,2,0,0,2,0,-2.603341118034941,-1.319613904057283,0.16343613887718555
6270,1,0,1,0,0,1,0,0,0,1,0,0,0,0,0,1,2,0,1,1,1.1900604284751322,0.6871781909746545,1.8432468153612427
6271,1,0,1,0,0,1,0,0,1,1,1,0,1,0,0,2,0,1,0,1,0.40180220857768933,0.5082258503000117,-1.5047111972025733
6272,0,0,2,0,1,1,0,0,1,0,0,2,2,0,0,1,0,0,1,2,0.9551441626844357,2.110433824123658,-0.6348545776650298
6273,0,0,0,0,0,1,0,0,0,1,1,1,1,0,0,1,1,0,1,1,-1.7838504422892907,-0.5435678102209673,0.5596148781356638
6274,0,0,0,1,0,1,0,0,1,1,0,1,0,1,0,0,0,0,2,0,1.0625619855321036,1.7932041287367677,-1.1339735033231406
6275,0,0,2,0,0,1,0,0,1,0,1,2,0,0,0,1,1,1,1,2,0.08235513085704768,1.4732407028215297,0.183005295735942
6276,1,0,0,1,0,1,0,1,0,0,2,1,1,0,0,0,2,1,1,0,1.4870343000158766,0.6478817067712659,1.3623464342442781
6277,0,1,0,0,0,2,1,0,0,0,0,1,0,0,0,0,0,1,1,1,0.6057559363008526,1.716478738252525,0.3372492145977797
6278,0,1,1,0,0,0,0,0,1,1,2,0,0,0,0,0,0,2,0,1,-0.41316156370423973,-0.835804777594034,0.3363070373251562
6279,0,1,1,0,1,2,0,0,0,1,0,1,1,0,0,2,1,2,2,1,-1.5976081502683575,-1.0416081538062962,-0.31965522788784595
6280,1,1,0,0,0,0,0,1,0,0,0,0,0,0,0,2,1,1,1,0,0.1716692860116912,-0.25994924909271405,-0.5028378047585856
6281,0,0,1,0,1,1,0,1,0,0,0,0,0,0,0,1,0,2,1,1,-0.14799487206132897,0.9895045833875282,-0.6229571856818066
6282,0,0,0,0,0,1,1,1,1,1,0,1,0,0,0,2,0,0,0,1,1.0524581079848967,-0.5918888146342804,0.18453509964285897
6283,0,1,0,0,2,2,0,0,0,0,0,1,2,1,1,1,1,1,0,1,0.546967311353013,0.2653318749493192,1.55080847267216
6284,0,0,0,0,0,0,0,0,0,1,0,1,2,0,0,0,0,0,2,1,1.8347601890225806,1.837415446512388,2.143508208753132
6285,0,0,0,0,1,1,0,0,2,1,0,0,1,1,0,1,1,1,1,1,0.6128128741555545,1.416904521270058,1.3524972891480502
6286,1,1,0,0,0,0,0,0,0,0,0,0,0,0,1,0,0,0,0,1,-0.6784179220619917,0.8335930255674815,1.131843097912669
6287,1,0,0,0,0,2,0,0,1,1,0,0,1,0,0,0,1,0,1,1,0.9623871223446097,0.1797170590549491,-0.16418461081424635
6288,0,0,0,0,2,1,0,0,1,1,0,1,1,1,0,2,1,0,0,1,-1.3529655308656283,0.31769581974245553,1.618581831619023
6289,0,0,0,0,0,1,0,0,2,1,2,0,2,1,0,0,0,1,1,1,0.06999092206450554,0.5341808085552691,0.07295153300618276
6290,0,0,1,0,0,0,0,0,1,0,0,0,0,1,0,0,0,1,0,2,0.8123787307795235,-0.58003827455031,-0.2142703508912468
6291,0,0,0,0,0,1,0,0,1,1,1,1,1,0,0,0,1,0,0,0,0.9541293669370731,-0.9014288602969616,0.9142048847354611
6292,0,0,1,0,0,0,0,0,1,2,1,0,0,0,1,2,1,0,0,1,0.9930059519597748,1.5500278268181042,2.0468860967921785
6293,0,1,0,1,2,2,0,1,0,0,0,0,1,0,1,1,1,0,0,0,0.5607284634341624,-0.2535788263489691,0.6922391388447473
6294,1,0,0,0,1,0,0,0,1,1,0,1,0,0,1,1,2,0,0,1,0.5455552266745265,-0.5044380460761926,2.085416293525024
6295,0,1,0,0,1,1,0,1,2,2,0,2,0,1,1,0,0,1,1,2,-0.26939549364079785,-0.5562572539290789,0.4440635063836915
6296,0,1,0,0,0,2,0,0,0,1,1,0,0,1,0,0,0,1,1,1,0.39134455363095605,1.601307551075649,0.5416834708658262
6297,1,0,1,0,0,1,0,0,2,2,0,2,2,0,1,0,0,0,2,1,0.5619034533261599,1.0567552198050194,-0.8959196193819687
6298,0,2,2,0,0,0,0,0,2,1,0,1,1,1,0,2,0,0,1,1,0.40518114740783,-0.4989379678034461,1.2817660172225982
6299,0,1,1,0,0,1,0,1,1,1,0,1,0,0,1,0,0,0,2,2,-1.36039245314468,-1.4928954839080868,-1.4602603757476358
6300,0,1,2,0,0,2,0,0,2,2,1,2,0,0,0,0,1,0,1,1,1.4683272477083071,-0.5567410151314374,-1.0703711183314155
6301,0,1,1,0,0,1,0,0,1,1,2,1,0,0,0,0,0,0,0,0,-1.5038170777976252,-0.7197424351610681,1.277210473272706
6302,0,1,1,0,0,0,0,0,2,1,0,1,1,0,0,0,0,0,2,1,1.6667503603850484,1.2532531117799421,1.4656347114882786
6303,1,0,0,0,1,1,0,0,0,1,2,0,0,1,0,0,0,0,0,2,0.2757651448728725,-0.0050605259987551235,-0.2872546794809149
6304,0,1,0,0,0,1,0,0,0,1,0,1,2,1,1,0,1,0,1,1,-0.8635597860014396,-0.2690768005489675,1.7052466549875513
6305,0,0,1,0,0,0,0,0,0,1,1,0,0,0,0,2,1,0,0,0,2.285697848133847,1.509930308383976,0.8888203553352617
6306,0,1,1,0,1,2,0,0,2,0,1,2,1,0,0,0,1,2,0,1,-0.49880195260856397,-0.2913325934629181,-1.7052711581397089
6307,0,0,1,0,0,1,0,0,2,2,0,0,2,0,0,0,1,1,1,1,0.09947148078650288,1.1190321578008344,0.42228919191469716
6308,0,0,1,0,0,0,0,0,2,1,0,0,1,1,2,0,0,1,1,0,-0.22792338821108896,0.039128141555410056,0.8835357273688024
6309,0,1,1,0,0,2,0,2,0,0,0,2,2,0,0,1,0,0,0,1,0.24288423518835245,0.36112000891105783,0.8823057785802827
6310,1,0,1,0,0,1,0,1,0,1,0,0,1,0,0,1,1,0,1,0,-0.8149764531641294,1.236808516375234,-0.8054748525192337
6311,1,1,1,0,1,1,0,0,1,0,0,1,2,1,0,0,0,1,1,1,0.07458463946683669,-0.8305733753025004,-0.8856640365031146
6312,0,0,1,0,0,0,0,0,0,0,0,0,1,0,0,0,1,1,0,0,-1.1569753185879528,-0.7427239047949067,-0.9200460701742804
6313,0,0,0,1,1,1,0,0,1,2,1,1,1,1,0,2,1,1,1,0,-0.49026820431208584,0.41352995381359264,-0.5277198570063192
6314,0,0,0,0,0,1,0,0,2,0,1,1,2,0,0,1,1,1,0,0,1.098067666108029,-1.6585410719263298,-0.024883202942066474
6315,1,1,1,0,0,2,0,0,1,0,0,2,1,0,1,1,1,0,1,0,0.6409969118488774,1.0245307070204137,2.1418737569307678
6316,0,0,1,0,0,1,0,1,0,1,0,1,1,0,0,1,1,0,1,0,-0.9546429463507402,-1.9266851261072349,-1.3388364530729833
6317,1,0,2,0,0,0,0,0,0,0,0,0,1,0,0,1,1,0,0,0,0.5883957916669754,0.12661606978018397,1.1000606606651677
6318,0,0,1,0,0,2,0,0,1,0,0,0,0,1,0,0,0,1,1,0,0.7994017850396864,-0.09022007946921295,-0.8383718855981471
6319,0,2,0,0,1,0,0,0,0,1,0,1,0,0,0,1,0,0,0,0,0.6124875569314624,1.7495553005515019,0.04185645578093433
6320,1,1,1,0,0,0,1,1,2,0,1,0,1,0,0,1,1,1,0,1,0.9629720440316448,1.3360523314900061,0.5742215596734004
6321,0,1,2,0,0,1,1,0,2,0,2,0,1,0,0,2,0,0,0,0,-0.7889999229673312,-1.8880631841532556,0.5481525574516974
6322,0,0,0,0,0,2,0,0,1,0,1,1,1,1,1,1,0,0,0,0,1.514258868740046,0.9547509051410321,0.16641381593648247
6323,0,1,1,0,0,1,0,1,1,1,0,0,1,0,0,2,0,1,0,1,-0.9585844708438983,-1.757018297938998,2.5399203068094134
6324,0,0,0,0,0,2,0,0,2,1,2,0,1,0,0,2,2,0,2,0,-0.0709550242676403,-1.9312158185731676,0.07442528175537672
6325,0,0,0,0,0,0,0,0,0,2,1,1,0,0,0,1,0,0,1,0,-0.11106878567760617,0.9301562756810442,-0.01702662309551989
6326,0,1,0,0,1,2,0,0,2,0,0,1,2,0,0,1,0,1,1,0,-0.2370284158028067,0.9766825521953857,1.6004643345923553
6327,1,1,0,0,0,1,1,0,1,1,1,0,1,0,1,2,0,0,0,1,1.714454484974988,1.1630840987128503,1.050156831844547
6328,0,1,1,0,0,1,0,0,1,0,1,1,2,1,0,0,1,0,1,0,1.3189073253067054,-0.23872253203764454,0.39147855572108814
6329,0,0,1,0,0,2,0,0,2,0,1,0,0,0,0,2,1,1,0,1,-1.3970106373823454,0.44463311794901955,0.3805861471891495
6330,1,1,2,0,0,1,0,0,1,1,0,0,1,0,1,0,1,0,0,0,-1.6479086045745335,-1.293656003006412,-0.10455178338458991
6331,0,1,1,1,0,0,0,0,2,0,1,0,0,0,1,0,2,0,1,0,-1.0715540990954469,0.17002150900042745,-0.4016013973522212
6332,2,0,0,0,0,2,1,0,0,1,1,1,0,0,0,1,0,0,0,1,-2.0460863101279494,-0.5045603574076466,1.0910944581814266
6333,0,0,1,0,0,0,0,1,1,0,2,1,0,0,0,2,1,0,2,1,0.7639896493631392,0.18063885065811297,1.1971743095612943
6334,0,1,2,1,0,1,0,0,0,1,1,0,1,0,0,0,1,0,1,1,1.1900785997831296,0.25436073281160004,0.38847078316858885
6335,1,0,1,0,0,0,0,0,1,0,1,0,1,1,0,1,1,0,2,0,0.3259052260244549,0.7599046605066906,-1.5693336819623136
6336,0,1,1,1,0,1,0,1,0,0,1,2,0,0,1,1,1,1,1,0,-0.45132633867017835,-2.3390352325615216,-1.0218698952606209
6337,0,1,2,0,0,2,0,0,0,0,0,1,0,0,0,0,2,1,0,0,0.4231502465769102,-0.5682825924042431,0.4305534109411319
6338,0,0,2,1,0,2,0,0,1,1,0,0,2,1,0,2,0,0,1,0,1.5923265673691613,2.126591062042687,0.7584062251381636
6339,0,0,1,0,0,1,0,0,2,0,2,0,1,0,0,1,1,0,0,0,1.8859140307110542,-0.11369664571448868,0.9359456018178155
6340,1,0,0,0,0,1,1,0,1,1,0,1,0,0,1,0,0,1,2,0,-1.0190167469711138,0.3416563337754278,1.0734621272220675
6341,0,0,1,0,0,1,0,0,1,1,0,1,2,0,1,0,1,0,1,1,1.2786949350801302,0.4775316308671297,-0.7814282411720669
6342,0,0,1,0,0,2,1,0,1,0,1,1,0,0,0,1,1,0,2,1,-1.051098344276049,-1.7951475751028947,-0.7543121580659368
6343,0,1,0,0,0,2,0,0,1,0,0,1,2,0,0,2,0,0,1,1,0.4535298565044349,1.7044479406321753,0.17589369904144486
6344,1,0,2,0,0,0,1,0,1,2,1,2,1,0,0,2,0,0,1,1,-1.4612916165840688,1.3927582006423493,0.0554211619799275
6345,0,1,1,0,1,0,0,0,1,1,2,0,2,0,1,0,0,0,1,1,1.3291334948845204,0.500492531971122,-0.8518035497234124
6346,1,1,2,0,0,1,0,0,1,1,0,1,0,2,1,0,2,0,1,0,0.6343109567318306,0.39058522975317,-0.5580331891925185
6347,0,1,1,0,0,1,0,0,1,1,1,0,0,0,0,1,0,0,1,1,-0.5365218802251009,0.16068724520613833,-0.052869696019045107
6348,0,0,1,0,0,1,0,0,0,2,0,0,2,0,0,0,2,2,1,0,-1.3061695373825912,-1.0853588219946095,-0.07059477976443873
6349,1,1,2,0,0,2,0,0,1,2,1,0,0,0,0,0,0,1,2,0,-0.19335063608459058,-1.0144524787128426,0.9627581502879812
6350,0,0,1,0,0,2,0,0,0,2,0,0,0,0,0,1,1,0,0,0,-1.5286943568443512,-0.19022433193668695,1.3042104565048755
6351,0,1,1,0,0,1,0,0,1,1,0,0,1,1,0,0,1,1,1,0,0.6146259705300153,0.04294507581741627,-1.1099235196114678
6352,0,0,1,0,1,1,0,0,2,1,0,0,2,0,1,1,1,0,1,0,-1.1639147616835883,-1.3155211836582525,-1.429263084653646
6353,0,2,0,2,0,1,0,0,1,0,1,0,1,0,1,0,1,2,0,2,0.2813408542063307,0.6595753728191078,-1.0887236197482226
6354,1,0,1,1,0,0,0,0,2,1,2,0,0,0,1,1,1,1,0,0,1.7666677098911612,-0.17595253726765764,0.9405025678260849
6355,0,1,0,0,1,1,0,0,1,1,1,0,0,0,1,1,0,0,0,1,0.7347515053951179,1.0476239528381848,0.7263229941600611
6356,0,0,2,1,0,2,0,0,1,0,1,0,1,0,0,2,1,1,1,1,-0.03566159029286494,-0.33684991206500176,-1.2124925211942694
6357,1,0,0,0,0,1,0,0,2,2,1,0,2,0,0,0,0,0,2,0,1.0162752278358032,0.8112764181238775,-0.1696534295606416
6358,0,0,0,0,0,1,0,0,0,0,0,0,1,0,0,0,0,0,1,1,0.36399570877848214,-0.6959072919672089,0.9413532540389986
6359,0,0,0,0,0,2,0,0,1,0,0,1,0,0,0,2,1,0,2,1,-0.2605149706067215,-0.47105797825930723,0.010725033973173132
6360,0,2,1,0,1,0,1,1,2,1,0,0,2,0,0,1,1,0,1,0,-1.6000942392710804,-1.4156273782490258,1.5230804974771766
6361,0,0,0,1,0,1,0,0,0,0,0,1,0,0,1,2,0,0,2,1,-0.3348030188300039,0.9310459960711273,-0.001728346884008844
6362,0,0,1,0,0,0,0,0,1,1,0,0,0,0,0,1,0,1,1,0,-0.2556890249912898,0.7866646938410804,0.9500393547575279
6363,0,1,0,0,0,1,0,1,1,0,0,1,0,1,0,2,0,0,1,2,-0.6296982934679657,-2.2722370224178903,3.2196991934685033
6364,1,0,1,0,1,0,0,1,1,0,0,0,0,0,0,1,1,0,1,1,-0.1617419908727933,-0.7076581923056694,0.9502813961464831
6365,0,1,0,1,0,1,0,1,0,0,1,0,1,0,0,1,1,0,1,0,-0.16186353474654588,-1.0325824656262235,-0.9821559054861945
6366,1,1,0,0,0,2,0,2,0,1,0,2,1,0,0,2,1,0,0,0,1.1757658266294115,0.1408520556429564,0.7969579770948078
6367,0,0,1,0,1,2,0,0,2,1,1,0,0,0,1,1,2,1,1,1,0.4798304565388193,0.46002050065639316,0.8486751564063506
6368,0,1,0,0,0,2,0,0,1,1,1,0,0,0,0,0,0,1,1,0,-1.518899011045382,-0.5015198076906435,-1.407127646014712
6369,0,0,0,0,1,1,0,0,2,0,0,0,2,0,0,1,1,0,1,1,-0.522639824144722,-0.3155306122011467,-1.6342519325988343
6370,0,0,1,0,0,2,0,0,1,1,0,1,0,0,0,1,2,1,1,1,2.0299008307955853,0.5745244012033774,-1.5480072981065607
6371,1,0,0,0,0,2,0,0,1,1,1,0,0,0,0,0,0,0,0,0,1.1906075396014668,1.1784063755842933,-0.7039700287617348
6372,0,1,0,0,1,0,1,0,1,0,0,0,1,0,0,1,0,1,1,0,0.6825138905058036,-0.8442443207292509,1.223318573994867
6373,0,0,0,0,0,2,0,0,1,1,0,1,1,1,0,0,0,0,1,0,-0.5766320413193396,0.8220933299237484,0.2828620549101378
6374,0,0,0,0,0,1,0,0,2,2,0,1,0,0,0,1,1,1,0,0,-1.4884147308201743,0.9411082038147851,0.09260683866573535
6375,0,1,0,0,0,2,0,0,1,2,0,1,0,0,0,0,0,2,0,0,0.44877820587740486,-0.8012046215896529,-0.08021679233857121
6376,0,0,2,0,0,0,0,0,1,1,0,0,1,1,0,1,1,0,0,0,-1.6174633064527266,-1.7519089937459922,0.9370637702741635
6377,1,0,1,0,1,1,0,0,1,1,1,1,2,0,1,1,0,0,1,0,-1.298368658722821,1.5317544439565034,1.885225663719174
6378,1,2,1,0,0,2,0,0,0,1,1,1,1,0,0,2,0,1,1,0,0.7144814194471552,0.7553420152501538,-0.11194611348135836
6379,1,1,1,0,0,0,0,1,2,1,1,2,1,1,0,1,1,0,0,1,0.5664103474577967,0.07532782651232395,-0.6748583320308414
6380,0,0,1,1,1,0,0,1,0,1,2,2,2,0,0,0,1,1,0,0,0.14275919361091013,-0.48704762538014584,-0.7394830520024053
6381,0,1,1,0,0,1,1,0,1,0,0,0,1,1,1,1,1,1,2,1,-1.3805308328231267,-0.4372887021946307,0.36497506864246276
6382,1,1,2,0,1,0,0,0,1,0,0,0,0,2,0,2,0,1,1,0,-0.3810809962406692,0.1779773788266032,2.4639252912446854
6383,0,2,0,0,0,0,0,0,1,0,1,2,1,0,1,1,0,0,0,0,0.915506648529077,-0.7214345315911738,0.6331784764960748
6384,0,0,0,0,1,1,0,0,0,1,0,0,0,0,0,1,2,0,1,1,-0.09307439471430377,0.8773544202530044,-0.6767803999907923
6385,0,1,1,0,0,1,0,0,1,1,0,0,1,0,0,1,1,0,0,1,0.6002966410492979,0.08145395888392823,-0.10625492989298557
6386,0,1,0,0,0,1,1,0,1,0,0,0,0,0,1,1,1,1,1,1,-0.13267605149495665,-0.43514704626981476,0.16091143797517618
6387,0,0,1,1,0,1,0,0,0,1,1,0,0,0,0,1,0,0,1,0,-0.7255161900929972,-0.6065461728411505,0.5156023215916153
6388,0,0,1,0,0,1,0,0,1,0,1,0,1,1,0,1,0,0,0,0,-0.041771455228654414,0.34567148630601885,0.06383931634000417
6389,1,1,1,1,0,1,0,0,2,0,2,1,1,0,0,0,1,1,0,1,-0.8553689016575466,-1.6508352242748419,1.9797833142444607
6390,0,1,1,1,0,2,0,1,1,1,1,0,0,0,0,1,1,0,1,0,-1.047765986118667,-0.6333573869525648,-0.26480444181967216
6391,0,0,0,0,1,0,0,1,1,1,0,0,1,0,0,2,0,1,1,1,-0.26404230318927635,0.45755433071317886,0.6470402040506945
6392,0,1,0,0,0,1,0,2,2,0,0,0,0,0,0,0,2,1,2,1,0.24081447828988933,-0.6234062947829723,0.9157836145699177
6393,0,1,0,0,0,1,0,1,1,1,0,0,1,0,0,0,1,0,0,0,0.0826211052675131,-0.8267992419578148,0.7780499036866334
6394,0,1,0,0,1,1,0,0,1,1,0,1,1,0,0,0,1,0,2,2,1.0274764888314933,0.7791170192278924,1.9807052874113056
6395,0,0,1,0,1,1,0,0,1,0,1,1,0,0,0,0,0,0,1,0,-0.9728152578245097,-0.06059667862632134,-0.10253622721523412
6396,0,1,2,0,0,2,0,0,2,0,1,0,0,1,0,1,2,2,1,0,-0.8488523962753332,-0.6165599669891024,-2.550365014138518
6397,1,1,1,0,0,1,0,0,1,0,0,0,1,1,0,1,1,1,1,1,-0.3381708281412405,-0.04778334713575895,0.8529760128464423
6398,0,0,0,0,0,0,1,0,1,1,1,1,2,0,0,2,0,1,0,0,0.24715999042629422,-1.2601636383895356,-0.052898461016609166
6399,0,1,1,0,0,1,0,0,0,1,0,0,1,0,0,2,2,1,1,1,-1.6291359623220387,-0.48073374863391705,0.5765399517865883
6400,0,0,1,0,1,2,0,0,2,1,0,2,0,0,0,0,1,0,0,1,-1.146122477159646,0.7392199083340127,0.8684484798850363
6401,0,1,1,1,0,0,1,1,1,1,0,1,1,0,0,2,0,0,1,1,0.5824635171200051,0.9291174199681527,-0.25448718278055227
6402,0,1,1,0,0,1,0,1,0,1,0,1,1,0,0,1,1,1,0,1,1.7223018470901577,0.4415593113066036,-0.280572938012287
6403,0,1,0,0,0,0,0,1,1,0,0,0,0,0,0,0,0,1,1,2,1.3325950187056315,-1.1098862117752009,0.5468202085568556
6404,1,0,2,0,0,2,0,0,0,0,1,0,1,0,1,0,0,2,2,0,-0.5373258818844601,0.33516386408436477,1.2477941847281993
6405,0,1,2,0,1,0,0,0,2,0,0,0,0,1,0,0,2,0,1,0,-0.030040351126281124,1.468727276058654,-0.08628346764766454
6406,0,0,0,0,0,1,0,0,1,0,1,2,0,0,1,1,0,0,1,1,-0.42131787982400076,-0.8738400093876724,-1.2701299807402417
6407,0,0,0,0,0,0,0,1,1,1,0,0,1,0,0,0,1,2,1,0,1.1193591810786407,0.022587279498116397,2.3525780056965293
6408,0,1,0,0,0,0,0,0,1,1,0,0,0,0,0,2,1,1,1,1,1.4882135956445697,3.0719990613429857,2.496876682670874
6409,1,1,0,0,0,1,0,0,0,2,2,1,0,0,1,0,0,0,0,0,-1.0470976244710624,0.8776773349526822,-1.5787208700269062
6410,0,0,1,0,0,1,0,0,2,1,0,0,0,1,0,0,1,0,0,2,1.6114811994964622,0.2593832258112285,1.2769080030848832
6411,0,2,1,0,1,2,0,0,0,0,0,0,0,0,0,1,0,0,0,1,-0.04435843674808614,-0.945635434714506,0.20101962537419713
6412,0,1,0,0,0,2,0,0,0,0,0,0,0,0,0,0,0,0,1,1,0.977413143458362,1.100870016962452,0.5942648168923299
6413,1,0,0,0,0,1,0,0,0,1,0,1,2,0,0,0,1,1,1,1,-0.2742875035663555,-0.19210019116446492,-0.44447380119630875
6414,0,1,1,0,0,1,0,0,1,0,2,0,1,0,1,1,1,0,0,0,-0.9464365527312981,-1.7466399309162306,0.767927496435679
6415,1,0,0,0,0,1,0,0,1,0,0,1,1,1,0,1,2,0,0,0,0.6990065617696533,-0.3234835968375421,0.19742211314264202
6416,0,1,0,0,1,0,0,0,2,1,1,2,1,0,1,1,1,0,2,1,-1.2212792673228503,-1.5835341994556105,-0.3383491976370339
6417,0,0,0,0,0,1,0,0,1,1,0,0,0,1,1,0,0,0,1,1,-0.3199493982869539,1.5794912442400557,0.23554881198049363
6418,0,0,1,0,0,0,0,0,0,0,0,0,2,0,0,1,1,0,1,0,0.35126659332464144,0.5323949645743157,0.44567290386141045
6419,0,1,1,0,0,0,0,0,2,1,0,1,0,0,0,1,0,0,0,0,1.4562872743692623,-0.6325787329946089,1.3639428360565606
6420,0,0,0,0,0,2,1,0,2,1,0,2,0,0,0,1,0,1,0,1,-0.157958208136773,0.7136727746263775,1.1836311305627454
6421,1,0,0,0,1,0,0,1,0,0,0,0,1,1,0,1,1,0,0,2,-0.14410249016075366,-1.8121491120408524,1.8293614976389145
6422,0,0,1,0,0,2,0,0,1,0,0,1,0,0,0,1,2,0,1,2,0.594046385043046,0.5596622924882353,1.0079146150903218
6423,0,0,1,0,0,1,0,0,0,2,1,1,1,0,0,0,1,0,1,1,-0.5720182418659208,0.4219277077742673,-0.4670106147174805
6424,0,0,0,0,1,1,1,0,1,0,1,1,0,1,0,1,0,1,1,2,0.35240201269010607,0.12583279299220296,-0.6733753270030479
6425,0,0,1,0,0,1,0,0,2,0,0,0,0,0,0,1,0,0,1,1,1.4654264939308104,-0.6230514820519576,-0.8003227944729286
6426,0,1,0,0,0,2,0,0,2,1,0,1,1,0,0,1,0,0,1,0,-0.3500030817304097,0.3570012920367722,-0.0123038425135733
6427,0,0,0,0,0,1,0,0,1,0,1,2,0,1,1,1,1,1,2,0,-0.21571381136245196,-0.4105843824698134,-2.425770823383533
6428,0,1,2,0,0,2,0,0,0,2,0,0,1,1,0,1,0,0,1,1,-0.40738782875955865,-0.9510266793218299,0.07027879464645174
6429,0,2,1,0,0,0,0,0,0,2,0,1,0,0,0,1,1,1,1,1,0.5126899736898527,2.4482317966213083,1.4886836542155462
6430,0,0,2,0,0,1,0,1,0,0,0,0,0,0,0,1,2,1,2,0,0.17404287861376871,1.6403263316497942,-1.269380929216978
6431,0,1,0,0,0,0,0,0,0,0,0,1,0,1,0,0,2,0,1,0,0.3751988776779578,-0.42693561190153806,1.6550020686692828
6432,0,0,0,0,0,0,0,0,1,2,0,0,0,0,0,0,1,1,2,0,0.059512697405575736,1.739739354983403,1.069452184221303
6433,0,2,0,0,1,1,1,0,2,1,0,0,2,0,0,2,1,1,0,1,1.2555560445504719,-0.19773449246064,0.28270760733384825
6434,0,0,1,0,0,1,1,0,1,1,0,1,1,0,0,0,0,0,2,0,-0.6763912372776207,-1.0434504954907706,0.019982145902181607
6435,0,1,1,0,0,1,0,0,0,1,1,0,1,0,1,1,2,1,1,2,0.08447668751157289,-1.7010536419860043,-0.2800308316853893
6436,0,1,0,0,0,1,1,0,2,1,0,1,0,0,1,2,2,2,1,2,-0.23608333892998282,-0.6908913957891203,-0.07830823091573325
6437,0,0,1,0,0,0,0,0,1,1,0,1,2,0,1,1,2,1,1,0,1.3721676188227698,2.8370740673003283,0.8799824331383393
6438,0,0,1,1,1,2,0,0,1,1,1,1,1,0,0,0,2,0,2,1,1.5804899607847995,0.39283790710033156,-0.3821690206845534
6439,0,0,0,0,0,2,0,0,2,0,0,0,2,1,1,2,0,0,0,0,-1.4592759481053523,-1.630880606848907,-1.3369152846065573
6440,0,0,1,0,0,1,0,0,2,1,0,0,0,0,0,0,1,0,2,0,0.1951737294977043,-0.12125330772483409,-0.25060459513967964
6441,0,0,1,1,1,1,0,0,1,1,0,0,0,2,0,2,0,1,1,2,1.493469036094848,1.503729717884735,0.5719885185957735
6442,0,1,1,1,0,1,0,0,1,2,1,1,0,0,1,0,0,1,2,0,0.3139340079337566,-2.2511842943687927,-0.8334855286952323
6443,0,0,1,1,0,2,0,0,1,1,1,1,0,1,0,0,1,0,1,1,0.7580671456170308,0.6559532883599271,-0.6631978364235682
6444,0,1,1,0,0,1,1,1,1,0,1,0,0,0,1,1,1,1,1,1,-1.8888089916713962,-2.694961645298145,0.46062579747971427
6445,0,1,2,0,0,1,1,0,2,1,0,0,1,0,0,1,2,0,0,1,-0.04404872752865591,0.7600193054718716,-0.3285718305929741
6446,0,1,0,0,1,2,0,0,1,0,0,0,0,1,1,2,0,1,0,0,-0.12789435050741615,0.2221240108856659,0.5846438157857664
6447,0,0,0,0,1,0,0,1,2,0,1,0,0,2,0,2,1,2,0,0,0.4958751345121752,-0.7628759977822247,0.38202049859495973
6448,0,1,1,1,2,1,0,0,1,1,0,0,0,0,0,1,0,0,0,1,-0.4227754213100965,-0.2204738694790382,-0.7735416056488924
6449,0,1,0,0,0,1,0,0,2,2,0,1,0,0,0,0,1,1,0,1,1.7888471499109946,0.18553146442469576,1.5687902233969377
6450,0,0,0,0,1,2,0,0,0,2,1,0,0,1,1,1,0,0,1,0,-0.16762078298485264,1.337740231971346,-0.5880027763646738
6451,1,2,0,0,0,1,0,0,1,1,0,0,0,1,0,1,0,1,0,1,-1.2266162497508781,-1.098111920214886,-0.6421244267759262
6452,0,2,0,0,0,1,1,0,1,1,0,0,0,0,0,1,1,1,0,0,-1.1620881282082176,-0.711464381699688,0.6526009844799259
6453,0,1,1,0,1,0,1,0,2,2,2,1,1,0,0,2,1,0,1,0,-1.4099822301491085,-0.7114590271696113,1.3741419854372317
6454,1,0,0,0,0,2,0,0,1,1,2,2,1,1,0,1,0,1,0,2,-0.197062601112522,1.5003415645426759,0.21022045910993203
6455,0,0,0,0,0,1,0,0,2,0,2,1,0,1,0,2,1,0,1,0,0.3718105810667113,-0.10674687466067545,0.2789269431502376
6456,0,0,1,0,0,1,0,0,0,1,1,1,0,0,0,0,2,1,1,0,-1.0412565116801074,-1.0607420865164474,1.0542682903557963
6457,0,0,1,0,0,1,0,1,2,1,0,0,1,0,0,0,0,0,1,1,1.991060871955452,3.076551914781449,0.6218678590224784
6458,1,1,1,0,0,2,0,0,2,1,1,0,0,1,0,1,1,1,1,1,-1.111675755257529,0.6029524144249214,0.6372513439989038
6459,0,1,1,0,2,1,0,0,1,1,0,0,1,0,0,0,1,1,0,1,1.5327925762380679,0.5639725216911822,1.2923061536390823
6460,0,1,0,0,0,2,1,0,2,0,2,1,0,1,1,1,1,1,0,0,-0.41003418246401424,-1.583263361130327,-0.6697822058534162
6461,0,0,2,0,0,2,1,0,0,1,0,1,0,0,0,0,0,0,2,0,-1.182845928839933,-0.5156419412838393,-0.12913997601384988
6462,0,1,0,1,0,0,0,1,2,0,1,0,0,0,0,0,0,0,0,1,-1.2340254002967657,-1.9736336959425258,0.5705049594693036
6463,0,0,1,0,0,1,0,0,2,0,0,1,1,0,0,1,1,0,1,1,-1.4414548789279744,0.42580298669378025,-0.4611247093961537
6464,0,0,1,0,0,0,0,0,1,2,0,0,1,0,0,1,2,1,2,1,0.9650083655619015,1.5048991839904533,-0.1901456447097427
6465,0,0,1,0,0,1,0,0,1,0,0,1,0,0,0,1,1,1,2,0,0.09539222525109362,0.6283425457173615,-0.3374721085021982
6466,0,0,0,0,0,1,0,0,1,0,0,0,2,0,1,2,1,0,0,0,0.2339853563411091,0.0028932826294566782,0.16170933765610193
6467,1,0,1,1,1,0,0,0,1,0,0,1,1,0,0,0,2,2,2,1,2.3414305776586954,2.0884992689878614,2.6110207418631854
6468,1,1,0,0,0,0,0,0,1,1,1,1,1,0,0,2,0,1,1,0,-0.507548685122047,0.20523955207005562,-0.6988683546306624
6469,0,0,1,0,1,1,0,0,1,1,0,0,1,0,0,0,2,1,2,2,1.9395788891672348,0.08213031980555308,0.2176403506881769
6470,2,0,0,0,0,1,0,0,1,1,1,0,1,0,1,1,0,0,1,0,-0.40490902239503374,-1.356215214149598,-0.5334887112893261
6471,0,0,0,0,0,1,0,1,2,1,0,2,1,0,0,1,0,0,0,1,-0.508474544630412,0.16219274822520627,0.16875245852125542
6472,0,0,1,1,0,1,0,0,1,1,0,0,1,0,1,2,1,0,0,0,0.3874033267645744,2.4411996948080557,-0.04846033949872408
6473,1,2,1,1,1,1,0,1,0,2,0,1,0,0,0,1,1,0,0,0,1.4551856169958335,0.27441797897810594,-1.1783276997602983
6474,0,1,0,0,1,0,0,0,1,1,0,0,0,1,1,0,2,1,1,0,-1.9634962374809068,-1.6623726902303804,-0.32219098857195744
6475,0,1,2,1,0,1,0,0,0,0,1,0,1,1,1,1,2,0,0,1,-1.5640594179835636,-0.7694471806354314,-1.580244368382743
6476,0,1,0,0,0,0,0,0,2,1,0,0,0,0,0,0,1,0,1,1,-0.5373232420581004,-0.5263079978681557,-0.48867797651514105
6477,0,1,1,0,0,0,1,0,1,1,0,0,1,1,2,1,0,0,0,0,-0.39827343501871143,-0.276816905599488,0.3648717746762099
6478,0,0,2,0,0,1,0,0,1,1,0,0,0,0,0,0,1,0,1,0,0.5348665992037236,-1.7146791151108272,-1.0590422593391904
6479,0,1,1,1,1,1,0,0,1,0,0,1,0,0,0,1,2,0,1,1,0.9171379232205749,1.6331403857385187,-0.12614075019087845
6480,0,0,2,0,0,1,1,0,1,1,0,0,0,0,0,1,1,0,1,0,1.4564285166046693,2.679657054835618,2.6923208270530914
6481,0,0,1,0,0,0,0,0,2,0,0,1,1,0,0,1,1,1,1,0,-0.6398982012239255,-1.4395056294706499,1.6340259791844411
6482,0,1,0,0,0,1,0,0,1,1,0,1,2,1,0,0,0,2,2,1,-0.4664536935584352,-0.09006845540365202,0.38477615417547406
6483,0,0,0,0,1,0,1,0,2,0,0,1,1,0,1,2,1,0,0,1,0.19867689506236577,0.6639520227493586,0.9138946197589978
6484,0,0,0,0,0,0,0,0,1,1,1,1,1,0,0,0,0,0,0,0,0.6320005856893092,1.6641078265511724,0.10855434823672522
6485,0,0,1,0,1,0,0,0,1,1,2,1,1,1,0,0,1,0,0,1,0.6146839638866722,1.1113766463320296,1.7982143245432063
6486,0,0,0,0,0,2,0,0,1,1,0,2,1,0,0,1,1,0,1,1,1.0846814791098651,1.133104539384615,0.7826208043853531
6487,0,1,1,0,0,2,0,0,2,1,0,0,1,1,1,1,1,0,1,1,-0.07809887580217464,-0.6907129562362041,0.6847571092188972
6488,0,1,1,0,0,0,0,0,1,0,0,2,1,0,0,1,0,0,0,1,-0.34501007844833304,-0.4564616951301259,-0.4152867873698646
6489,0,1,0,0,0,1,0,0,0,1,1,1,0,0,0,2,0,1,1,0,-0.11878513411670828,0.7688754330712935,-0.08898140348406325
6490,0,0,0,0,0,2,0,0,2,0,1,0,1,1,0,2,1,1,0,0,0.36986151700913195,-0.7499161079401567,-0.568681943173757
6491,0,0,0,0,0,1,0,1,0,1,0,0,1,0,0,0,0,0,0,0,0.7713697769254705,1.307142329982042,0.12348833363797529
6492,1,0,0,0,0,2,0,0,1,0,1,0,0,0,1,0,1,0,1,1,-1.3440006766853334,-1.397135572886325,2.149559493338197
6493,0,0,0,0,1,0,0,0,0,2,0,0,2,1,0,2,1,0,2,2,-0.5033367840728077,0.4978384704346427,0.566915629454106
6494,0,2,0,0,0,0,0,0,1,1,0,1,1,0,1,2,1,1,0,0,0.9362067171716372,0.46491732092796856,0.048595445779192795
6495,0,1,1,0,0,2,0,1,1,1,2,0,1,0,0,0,2,0,1,1,-0.1965694886049282,-2.483340652571001,0.8996228046880516
6496,0,1,2,0,0,2,0,0,0,1,0,2,1,0,0,1,1,0,0,0,2.3211722762167253,0.8882350409762003,0.6022941514953748
6497,0,0,0,0,0,1,0,1,0,0,0,1,0,1,0,1,1,1,0,0,0.17781314225417652,1.8736511617529672,1.1465646265706126
6498,0,2,0,0,0,2,0,0,2,0,0,0,0,0,0,0,0,1,1,1,-0.6466134069414495,-1.323659607626568,0.9918868242412028
6499,0,0,0,1,0,1,1,0,2,2,1,0,2,1,0,0,1,0,0,2,-0.5137330571677301,-0.27567649048836174,-1.4485286789217804
6500,1,1,0,0,0,0,0,0,2,2,0,1,0,0,1,1,0,0,1,1,1.9380622208566352,1.4981019147546686,2.0009477147982677
6501,0,0,1,0,0,2,0,0,0,0,1,1,0,2,0,1,0,1,0,1,0.04629377907173395,1.3736537824816146,0.7263254252116711
6502,0,1,1,0,0,1,1,0,0,0,1,0,0,0,1,1,1,0,1,0,-1.222896510019107,-1.9284259189245927,0.13498910598601468
6503,0,0,0,0,0,1,0,0,0,1,1,2,1,0,0,0,0,1,1,1,-1.777635322407629,-1.6925884067964603,0.4775359127452202
6504,1,1,0,0,0,1,0,0,1,2,0,1,0,0,1,1,1,1,0,1,-0.4332479281939646,0.22958625802112695,0.05460969602595226
6505,0,0,0,1,0,2,0,0,0,1,1,1,0,1,0,1,1,1,0,1,-0.6719255102571556,0.4327602899668846,0.2662920792892475
6506,0,1,1,0,1,0,0,0,0,0,0,2,1,1,0,1,0,1,1,2,-0.20429687000363336,-0.23135532846058182,-0.16499205771908793
6507,0,1,1,0,0,1,0,0,1,0,0,0,0,1,1,1,1,0,1,2,0.7896641194300228,0.6645136620369739,1.4866135632601924
6508,0,0,1,0,0,1,0,0,1,0,0,1,0,2,1,0,0,0,1,0,0.2711126841155481,0.03250796221894811,0.02349246586796935
6509,0,1,1,0,0,1,0,0,2,0,1,1,1,0,1,1,2,1,1,0,0.5788291812179809,1.2487984979475204,1.0971642604578942
6510,0,0,0,0,0,2,0,0,0,1,1,1,1,0,0,1,0,0,0,1,0.5275017233088503,-0.38510211179820186,0.3789557795776655
6511,0,0,0,0,0,1,1,0,2,1,1,0,1,0,0,0,1,0,1,0,0.9732850660954887,-0.7556700070271752,-1.0187318366870082
6512,1,0,1,0,0,0,0,0,0,1,0,1,1,0,0,0,1,0,0,0,1.4707908916544266,-0.08587699480612837,-0.3674198814370409
6513,1,0,2,0,0,1,0,0,2,1,0,1,0,0,0,2,1,1,2,1,-0.02529024810039837,-0.23953075768309773,-0.934872047568565
6514,1,1,0,0,0,0,0,0,2,0,0,0,1,1,0,1,1,0,2,1,0.384775894028464,-0.11714535473583904,-0.1605636711425899
6515,0,1,1,0,1,1,0,1,1,0,0,0,0,0,0,0,1,0,0,1,-2.715313265751904,-1.593943648161542,0.19649079863365868
6516,1,2,0,0,0,1,0,0,1,0,1,1,1,0,0,0,1,1,1,0,0.027155224614833665,0.39378850718857983,1.031569157427441
6517,0,0,0,0,0,0,0,0,2,1,0,0,1,1,0,0,1,0,0,0,-1.4879265533466648,-2.5078476828016623,-0.29613107559486107
6518,0,1,1,0,0,0,0,0,1,1,1,1,1,0,0,1,0,2,2,1,-3.6000164658903504,-2.562486739647052,0.7350117762797104
6519,1,0,0,0,0,0,0,0,1,1,0,2,1,1,0,0,1,1,0,1,-0.5259528822393632,-0.3760779140348144,0.8915430161549003
6520,0,0,2,0,0,0,0,0,1,1,1,1,1,0,0,1,2,0,2,1,0.9572986651901385,-1.2962280929969672,0.7288090597930497
6521,1,2,2,0,0,1,0,0,2,0,0,1,0,1,0,0,0,0,0,0,-1.4591953059298777,-1.483490327839424,2.2068649972506558
6522,0,0,0,0,0,1,0,0,1,0,1,0,0,1,0,0,1,0,1,0,0.1265165845601606,0.8292406467100724,1.3609845540709786
6523,1,0,0,0,1,0,0,1,1,2,2,2,0,0,0,0,1,0,2,0,1.7522707526511307,-2.0963620826671407,-0.051694275395010814
6524,1,1,1,0,0,0,0,0,2,2,0,0,1,1,1,0,1,0,1,2,0.9415392155392817,2.1868560306877347,0.2741777539168232
6525,1,0,1,0,0,0,0,0,0,1,1,0,2,1,1,1,0,1,2,0,1.125410930907999,0.43554350628801247,0.09532440138050882
6526,0,1,0,0,0,2,0,0,0,1,1,0,0,0,0,1,1,0,1,0,0.0946892548951508,1.6192006574053033,0.257006903247067
6527,1,1,0,0,0,0,0,0,1,0,1,2,1,0,0,1,1,0,1,0,-0.025373735554304458,-0.34774070038761035,-0.04218596669479523
6528,0,0,0,0,0,1,1,0,0,1,0,1,2,1,0,1,1,1,1,1,-1.3924082980625552,-2.2664471139045594,1.0530084631112486
6529,0,0,2,0,0,2,0,0,0,0,0,0,1,0,0,1,0,0,0,0,-0.7258098712193827,-0.9010679609084873,-0.38697596179593186
6530,0,0,0,0,1,0,0,0,1,0,0,1,0,0,0,0,0,0,0,1,-0.282028052720242,0.7862623978898298,1.7882377936269729
6531,0,0,1,0,0,1,0,0,2,0,1,0,1,0,0,1,1,0,1,0,-0.2883090481477622,-0.901915005137826,-1.095487384903581
6532,0,0,1,0,0,1,0,0,0,1,0,0,0,0,0,2,2,0,1,0,-0.39825317428835444,0.4831849470351227,0.7184773783293199
6533,0,2,0,0,0,1,0,0,2,0,0,1,1,0,0,0,0,1,0,1,2.658781352095966,2.9980162477672447,0.7748866375335993
6534,0,1,1,0,0,0,0,1,1,1,1,1,0,1,0,0,0,0,1,0,0.2539571681090667,0.17350576715506189,1.3772990243141539
6535,0,0,1,0,0,2,1,0,2,1,0,0,0,0,1,1,2,0,0,0,-0.8118069278943192,-1.5687223233804475,1.4015355205562867
6536,0,0,1,0,0,1,0,0,0,0,0,0,0,0,0,1,2,0,1,0,-1.6525387435493042,-1.5126179981934746,0.03341079573679891
6537,0,0,1,0,0,0,0,0,0,1,0,0,0,1,0,2,1,0,0,0,0.5156444981578697,2.405115900628672,0.7038307732093783
6538,1,0,0,0,1,1,0,0,2,0,1,0,1,0,1,0,1,0,1,1,0.27256853327628666,-0.5476630408761327,-1.567399509620423
6539,1,0,1,0,0,2,0,0,0,0,1,2,0,0,0,0,0,1,2,1,-0.8770019852222407,0.06708076400251933,0.5259395348535878
6540,0,0,1,0,0,1,0,0,2,1,1,2,0,0,0,2,0,0,1,0,1.2589359398910784,1.307949189434642,0.319483875919393
6541,0,1,1,0,0,0,0,1,1,0,1,0,1,0,0,1,1,1,1,1,1.8726321606958456,1.381022036745475,0.6872151674998351
6542,0,0,0,0,1,2,0,0,1,1,0,0,1,0,1,2,0,2,1,0,1.2787418498977825,0.7852699202278871,1.8376677050386723
6543,0,1,0,0,1,1,1,0,0,0,1,1,1,0,1,1,0,0,2,1,1.3557464819760732,-0.7462963341347597,0.605502646419782
6544,0,1,0,0,0,2,0,0,2,1,1,0,1,0,0,0,0,1,0,2,-1.452739186310094,-1.1399383704778825,0.49189441337292417
6545,0,0,0,0,0,1,0,1,1,0,1,0,0,0,1,0,0,0,1,1,-0.9294081390211307,-1.1949290349391108,-0.05234909211208422
6546,0,0,1,0,0,2,0,0,1,1,0,0,1,0,1,1,1,1,1,2,0.3231776760730579,-0.16378196473991724,0.4638834259466658
6547,0,1,2,0,0,0,0,1,1,1,1,1,1,0,0,0,1,0,0,1,-0.1314756277221554,0.6684280638298047,0.12412471849451101
6548,0,1,0,1,0,1,0,0,0,0,0,1,0,0,0,0,0,0,2,0,0.8339403977540326,0.9672844771798291,-0.17999360574269085
6549,1,1,1,0,1,1,0,0,1,2,1,0,0,0,1,0,2,1,0,1,0.29820645637117893,1.4515740007508926,1.1182613536872599
6550,0,1,0,0,0,0,0,0,1,0,0,1,0,0,0,1,1,1,1,0,0.8411384241981631,-0.6568222926983085,0.00044153278870187607
6551,0,0,0,0,1,0,0,1,1,1,1,0,0,1,0,0,2,1,0,1,-0.2179564567117027,0.0935411777635341,0.11839224785786678
6552,0,1,0,1,0,0,0,0,0,1,0,0,0,2,0,0,2,1,0,1,-0.5006498217625344,0.7068586384705537,-0.2939443185677795
6553,0,1,0,0,0,0,0,0,0,2,0,0,1,1,1,1,2,0,1,1,0.043132116344491565,-0.08433902346560712,-1.081152229012005
6554,0,0,2,0,0,2,1,0,0,2,1,0,1,0,1,2,1,0,2,2,0.07745798061464242,-0.08700556063130394,1.7188754433738829
6555,0,0,1,0,0,1,0,0,1,1,0,1,1,1,0,2,0,0,1,0,0.7427887115221349,1.0339666646309302,-0.530790165259921
6556,0,1,0,0,0,0,0,0,1,1,0,0,2,1,0,0,0,0,0,0,-1.7046820553662645,0.23833334536359385,-1.8218066565876896
6557,1,1,1,0,1,1,0,0,1,0,1,1,0,0,0,1,0,0,1,0,-0.12588635926139705,0.6327390691981589,-0.7659499161269706
6558,0,1,0,0,0,1,1,0,0,0,1,0,0,0,0,2,0,1,2,0,0.9656010918337913,-0.6916857466085873,-0.44346545046048946
6559,1,1,1,0,0,1,0,0,2,0,1,1,1,0,0,2,1,1,0,0,0.07048974973796414,-0.7264428646435317,1.261643894148053
6560,0,2,0,1,0,2,0,0,2,1,0,0,2,0,0,1,2,0,1,0,-0.044704169640858354,0.8467393092184063,0.453370520156546
6561,0,1,2,0,0,1,2,0,0,2,0,1,1,0,1,0,0,1,2,1,-0.7136515942853,-1.3895626095339277,-0.22385377937919493
6562,0,1,1,1,1,1,0,0,1,0,0,1,0,1,0,2,0,1,1,1,1.1668503130443544,0.21086245272955384,-0.2296053677356608
6563,1,0,0,0,0,0,0,0,1,1,1,0,0,0,0,0,0,1,1,0,0.6433404301914499,-1.6153745071213543,0.6944349431228154
6564,0,0,2,0,0,2,0,0,1,1,1,0,2,1,0,1,0,0,0,0,-0.9298601921403722,-0.6469122548496722,0.5418482202468399
6565,0,1,2,0,0,0,0,0,1,1,1,0,0,0,1,1,0,0,0,1,0.33999157102984606,0.5684442783500058,0.847986279609172
6566,0,0,2,0,1,0,0,0,1,0,0,0,2,0,0,0,0,1,0,1,-0.9769329129935908,-0.6673144718377997,-0.7365165797303463
6567,0,1,1,0,1,1,1,0,2,0,2,1,2,0,0,0,0,1,0,1,-1.0555644898506036,-1.6458901809594075,2.66872288584889
6568,0,0,0,0,0,1,0,0,1,0,0,0,2,0,0,0,0,0,0,1,0.5408862568844615,-0.36088174086986713,2.1302984462013694
6569,0,0,0,0,0,0,0,0,0,1,0,2,0,0,0,1,1,0,0,1,1.2172456619157466,-0.6657947284306083,0.5185152491382329
6570,0,1,1,0,0,1,0,0,2,2,0,0,2,0,0,2,0,1,0,1,0.25684427046636943,-0.6673028535487071,0.15172588765628553
6571,0,0,1,1,0,1,0,0,1,0,2,1,1,0,0,2,2,1,1,1,0.9128465116388074,0.5403902761342319,-1.2325026797280185
6572,0,1,1,0,0,1,0,0,0,1,1,0,1,0,0,1,2,0,1,1,1.7323707060574056,1.8915223977064615,1.7953801404984613
6573,0,1,0,1,0,2,0,0,2,1,2,1,1,0,0,1,1,0,2,0,0.89270266491941,0.25023385747341653,1.1915056223495302
6574,0,1,1,1,0,0,0,0,0,1,0,0,0,0,0,0,2,2,1,0,-0.6138929639767169,-0.37705926507703424,2.6073444649665007
6575,0,1,0,0,0,1,0,0,1,1,0,0,1,0,0,1,1,0,2,1,-0.9976098148693977,-0.620459976589967,1.4593495990452539
6576,0,0,1,0,1,1,0,1,0,1,1,1,1,0,0,0,1,0,0,1,-0.7197513865393336,0.2536665591572691,2.3989261544070235
6577,0,2,0,0,0,2,1,0,1,0,0,0,1,1,0,1,2,0,1,0,-0.6060964133794882,0.10885961201591021,0.13359532474734936
6578,0,1,1,0,0,2,0,1,0,1,1,1,0,0,1,0,0,0,1,0,-0.2931400972417412,-2.1202537192523474,1.2139797294214554
6579,0,1,1,0,0,1,0,1,2,0,0,1,2,0,0,0,0,0,1,0,0.2458619059875622,1.1151993588854923,0.6475812607899984
6580,0,0,0,0,1,1,0,0,2,1,0,1,1,0,0,2,0,0,1,0,0.3009425994614313,0.9364511592426369,-1.8225705014016191
6581,0,0,1,0,1,1,1,1,1,0,0,0,0,0,0,1,1,1,1,0,-0.9983086186421717,-1.8417061041135019,-0.2758591277735851
6582,0,1,1,0,0,2,0,0,1,0,0,1,1,0,1,0,1,1,1,1,-0.9102749441923234,1.0662774730784874,0.04861958786986137
6583,1,0,0,0,0,2,0,1,0,2,0,2,1,0,0,0,1,0,0,1,-0.0466137005862147,-0.6240886116405885,1.0366839140826218
6584,0,0,0,0,0,1,0,1,1,1,1,1,0,2,1,1,1,0,1,0,-0.25139654498242225,-0.16169523437308128,1.596361332788535
6585,1,2,1,0,0,2,0,0,0,2,0,0,0,0,1,1,0,0,1,0,1.026245259499674,0.10636195455096364,0.24529774249522684
6586,0,1,0,0,0,1,0,0,2,0,1,0,2,0,0,1,0,1,2,0,0.306471595799925,0.08237524634867605,0.6602050553985531
6587,1,1,0,0,0,2,1,0,0,1,0,1,0,0,0,2,0,1,0,0,1.2489107456240047,0.13279323510830954,-0.15571868261374908
6588,0,1,0,1,0,1,0,0,2,1,0,0,0,0,0,1,1,0,1,1,0.832794372659131,1.982521351367876,1.6700478082754273
6589,0,0,1,0,0,1,0,0,1,0,0,0,1,0,0,0,0,1,0,0,-0.3276088353127912,-1.2598519250593472,-0.7033081554855223
6590,0,1,0,0,0,1,0,0,1,1,0,0,2,0,2,1,1,1,1,0,-1.108490429868785,-1.0447526731973138,0.08558382967599697
6591,0,0,0,0,0,1,0,0,2,0,0,1,2,0,2,1,0,0,1,0,-0.3624890063055621,0.015360745564306832,0.9523272719313094
6592,0,0,2,0,0,0,0,0,0,1,0,1,1,1,0,1,1,0,1,1,-1.601418305456819,0.7046253976246508,-1.5555454941053017
6593,0,0,2,0,0,1,0,0,0,1,1,0,1,0,0,0,1,1,0,1,-0.9486075578195863,-1.1114091631418754,-2.2997734400394907
6594,0,0,0,0,0,1,0,1,1,0,0,1,1,0,0,1,1,0,1,1,1.498791681149188,2.411137283342047,0.5655671130754822
6595,1,0,2,0,0,2,1,0,2,1,1,1,0,0,0,1,0,0,0,0,-1.2944573676954587,-1.2808590266838131,0.049007536677394783
6596,0,1,0,1,0,2,0,0,0,1,0,2,2,1,0,0,1,0,1,0,-1.8649051561100953,-1.4554620909343354,0.8160733269299155
6597,0,0,1,0,0,1,0,0,2,0,0,0,0,0,1,1,1,1,0,0,0.8584204042666398,0.2333710282262621,0.20589379079955572
6598,0,0,0,0,0,1,1,0,1,1,0,1,0,1,0,2,0,0,1,1,0.474000910351375,0.109578040277722,0.627660715289924
6599,0,1,1,1,0,2,0,2,2,1,0,1,1,0,0,0,0,0,1,1,-0.7623875757682638,-0.30927636355511645,0.2914110368519737
6600,0,0,1,0,0,0,0,0,0,1,0,1,0,0,0,1,0,1,1,1,0.33130906172638874,0.3841389726879637,-0.9589877903430701
6601,0,0,1,0,0,1,0,1,2,0,0,1,0,1,0,0,0,0,2,0,-0.4947317120349746,-1.0181951121119912,-0.43390353874987336
6602,0,0,0,0,0,1,0,1,2,1,0,0,0,0,1,2,0,0,1,0,0.6882848132710523,0.6130918935552746,1.663950830331308
6603,0,0,0,0,0,2,0,0,2,1,1,0,0,0,0,1,1,0,1,0,-0.4150021711600757,-1.5040790384356544,0.649809971110102
6604,0,1,1,0,0,1,0,0,1,0,0,1,0,0,0,1,1,2,0,1,0.8805714551559332,-0.6713993779633609,-1.2087489079553912
6605,0,0,1,0,1,1,0,0,0,0,1,1,1,0,0,1,0,1,1,0,-0.6409891637993385,0.33078131187365156,-2.2447392679435545
6606,2,0,0,0,0,0,0,0,1,1,0,1,2,0,0,1,2,0,2,0,0.02241259313192794,-0.07333648007407448,1.181953160420025
6607,1,0,0,0,0,0,0,1,1,2,0,1,1,1,1,2,1,0,2,0,-0.11950080923378123,-1.0026905548954859,-0.3859605484970193
6608,0,1,1,0,0,1,0,1,0,1,0,0,0,0,0,1,0,0,2,0,-0.9434876404429033,-0.9105693551729763,0.32372287427800106
6609,0,1,0,0,1,1,0,0,1,1,0,2,1,0,1,1,1,1,2,0,-3.1688209088616808,-2.065591943725443,1.261653424805624
6610,0,0,0,0,0,1,0,0,2,1,1,1,1,0,0,0,2,0,0,1,-0.6644556905954297,-0.8432515270146999,0.6990925349847994
6611,0,2,0,0,0,1,0,1,0,1,0,1,2,2,0,1,1,0,1,1,0.004837430871842702,0.6910194288133407,0.5918817846326452
6612,0,1,2,0,0,1,0,0,2,2,0,1,1,1,0,1,1,1,0,0,-0.44345463736110263,0.029433150254587787,-0.5207685042447956
6613,0,0,0,0,0,1,0,1,1,1,0,0,1,0,0,0,0,0,1,0,-3.0827658077074207,-2.1006066115814024,0.6592113657222309
6614,0,0,1,0,0,0,0,0,2,2,0,1,1,1,0,1,2,0,0,1,-2.489238665951734,0.5729518037900029,-2.186177241182521
6615,1,0,1,0,1,0,0,1,1,0,0,1,1,0,0,2,1,1,1,2,-1.681340295959655,-0.10588806246300175,-0.9933322733597031
6616,1,1,0,0,0,0,0,0,0,0,2,1,0,0,0,2,0,2,1,0,-0.503748951348457,-1.2858240206740414,-0.28527207006187794
6617,0,0,0,0,1,0,1,0,1,2,1,1,2,0,0,2,0,0,0,1,-1.288000633021206,-0.7611151746798033,0.9313195675641742
6618,0,0,1,0,0,1,0,0,2,1,1,0,1,0,0,0,1,0,1,0,-1.4715650361802792,-0.06793160765517015,-0.07252779392085529
6619,0,0,1,0,0,0,0,0,0,0,1,0,1,1,0,0,1,0,2,0,-0.4792469810114955,0.8059397002949009,-0.007068373948116449
6620,0,0,1,1,0,0,0,0,0,1,1,2,0,0,1,1,0,0,1,0,1.0519579970796145,2.051710110021779,1.2895146435315903
6621,1,2,0,1,0,1,0,0,0,0,0,0,2,0,0,0,0,1,1,0,1.0986106831870452,-0.5993968828677251,2.3842036283682875
6622,0,0,2,0,1,0,0,0,2,2,0,0,1,0,0,0,0,0,2,0,-0.6950312053680578,-1.0611192532507479,-1.5592293459359279
6623,0,0,0,1,0,1,0,0,1,1,0,0,0,0,0,2,1,1,2,0,-1.0570684358725322,-0.14381077766165273,-0.5203878770888538
6624,0,2,1,0,1,0,0,1,1,0,0,1,2,0,0,1,0,0,1,1,-0.07475997671439644,0.33948872296165855,1.4585605447023022
6625,0,1,0,0,0,1,0,1,0,1,0,0,1,1,0,1,1,1,1,1,0.06238722508900283,0.27145252907602285,0.907114185002728
6626,0,0,2,0,0,2,1,0,0,1,1,2,1,0,0,1,0,0,1,1,0.2330737409538246,-0.8541836193844197,0.5594648052575489
6627,1,2,0,0,0,1,0,0,1,0,0,1,2,0,0,2,2,1,1,0,1.9903103786867746,0.07296372337445595,-0.5196295196398609
6628,0,1,1,0,0,1,0,0,1,0,0,0,2,0,0,1,1,0,2,0,0.6882112189033189,-0.3320656209449171,-0.16171589596326272
6629,0,1,1,0,0,1,0,1,1,1,0,2,1,0,0,1,1,0,0,0,-1.6533578997253475,-0.8776740507034722,1.533608599580325
6630,0,0,2,1,0,1,0,0,1,1,1,2,1,0,0,2,1,0,0,0,1.274567660401478,-0.16175618783153656,-0.7399128522018048
6631,0,2,0,0,1,2,0,0,0,0,0,1,1,0,0,0,0,0,1,0,-0.889336187338428,-1.1188171656565333,-0.5397960664589532
6632,0,1,1,0,1,2,1,1,0,0,1,0,1,0,0,1,1,1,1,2,-0.5352878917831052,-2.6476981616248727,1.503895682284683
6633,0,1,0,0,0,2,0,0,2,1,0,0,1,1,1,1,0,1,2,1,-0.49284313107263805,0.29397790100215,0.9757468032569458
6634,0,0,1,0,0,2,0,2,0,1,0,0,1,0,1,2,1,1,1,0,1.986642590375401,1.5792838695722138,0.8094083188242094
6635,1,0,2,0,0,1,0,0,0,0,0,0,2,0,1,0,0,1,2,0,0.4200133374182516,-2.2707757834224354,0.8710523971111228
6636,0,1,1,0,0,0,0,0,2,1,0,0,1,0,1,1,0,1,0,1,-0.06496412337791647,0.7556381231720443,-0.4131490093492756
6637,1,0,0,0,0,0,0,1,1,1,0,0,0,0,0,1,1,0,1,0,-0.2144133863718592,1.4455872902181646,2.058725901657481
6638,0,0,0,0,0,2,0,0,1,1,0,0,2,0,0,0,1,0,1,0,-1.1155297080305977,-0.41836984347240913,0.29053141430017787
6639,1,2,1,1,0,2,0,0,0,1,0,2,1,0,1,1,1,0,0,1,-0.1410455780305102,-0.6117402863745044,-0.5160963145905172
6640,0,0,0,0,0,1,0,1,2,0,1,0,1,0,0,1,0,0,1,0,1.2485765493096022,0.327095571320407,0.9205395461692043
6641,0,0,0,0,1,2,0,0,2,0,0,0,1,0,0,1,0,1,0,2,-1.6004046442817754,-0.2963319308014086,-0.961804966386841
6642,0,0,1,0,0,0,0,2,1,1,0,0,1,0,0,2,0,0,2,2,-0.5603621420526199,-2.2726984861732182,0.9682261763528934
6643,1,0,1,0,0,1,0,0,0,1,1,0,1,0,0,1,0,0,1,0,1.7191105497360968,-0.1993398585645184,0.7186435264421132
6644,0,1,1,0,0,1,0,0,2,1,0,1,1,0,0,1,0,0,1,1,0.3248747489061677,-0.4076786054373037,0.39628200540956393
6645,1,0,2,0,0,2,0,1,0,0,0,0,1,1,0,1,2,1,0,0,1.4844151687440592,1.040813717073768,-1.0410481118753458
6646,0,0,1,0,0,0,0,0,0,0,1,0,2,0,0,1,0,0,1,1,0.19812620978991377,0.03669343003425164,-1.3636816649410721
6647,0,1,2,1,1,2,0,0,1,1,1,2,1,0,0,1,0,0,1,1,0.5509216581198977,1.0690940491194745,-1.75279130348369
6648,0,1,1,0,0,0,0,0,1,0,0,1,0,2,1,1,0,0,0,0,-0.5948487871631907,-0.3582163878823056,-0.08916753730112884
6649,1,1,0,0,0,0,0,0,1,1,0,1,2,0,0,0,0,1,0,0,0.5449364226093235,0.798878583833043,-1.3080208386108527
6650,0,2,0,0,1,0,0,0,0,1,0,0,0,1,0,0,2,0,1,2,-0.4400425846501396,-1.0511719229011571,-0.3056462398488039
6651,1,0,1,1,0,2,0,0,1,0,0,0,1,0,0,1,1,0,1,1,2.2568224793835627,1.1661825434013589,-0.5554647571556346
6652,0,1,2,0,0,1,0,0,1,0,0,0,0,0,0,1,0,1,1,0,-0.5851330907009673,-0.47723762494671146,0.11274309582023123
6653,0,1,1,0,0,0,0,0,0,2,0,1,1,1,0,0,1,0,0,0,-0.26789824192750117,-0.04256878427405855,0.5637366105758905
6654,1,0,2,1,0,0,0,0,1,0,0,0,1,0,0,1,0,2,0,0,0.452260922771147,0.5028118286144556,-0.5049237452695468
6655,0,1,2,1,0,1,1,0,1,2,0,0,0,0,1,0,0,1,0,1,0.6788966187541684,1.2988421106783798,0.6155377917513474
6656,0,0,2,0,0,1,1,1,0,1,0,1,1,0,0,0,1,1,1,0,-2.4857816980081076,0.05957020959782511,-0.428734784115801
6657,0,0,0,0,0,0,1,0,1,1,1,0,1,1,0,0,0,1,1,0,0.6733584384046052,-1.371948459651867,0.6720409976878059
6658,1,1,1,0,0,2,0,0,1,1,1,0,0,0,0,0,0,0,2,0,-0.9449111992653482,-1.7377801003685809,0.07354832767206904
6659,0,0,0,0,0,0,0,1,1,1,0,0,0,1,0,2,1,1,2,0,0.5625324753277308,-0.5086475208874544,0.7059356567452636
6660,1,1,1,0,0,0,1,0,2,1,0,0,0,0,1,0,1,1,0,0,2.102476392335768,1.0055138217418402,-1.5457519147978158
6661,0,0,0,0,1,1,0,0,2,0,0,1,1,0,0,1,0,0,0,1,-1.1733134972129564,-0.04786081080976007,0.2959957549605128
6662,0,1,0,0,0,0,0,0,1,1,0,0,0,0,0,2,0,1,0,0,-0.5980473539350113,0.1372368423210952,-0.3415036357815499
6663,1,1,0,1,0,2,0,0,2,0,1,0,0,0,0,1,0,1,1,0,1.03577895607893,0.6322249469550985,1.1654514290247802
6664,0,1,1,0,0,1,1,0,1,0,0,1,1,0,0,1,1,0,1,0,1.267963629302449,0.7848371459867466,-2.1694213328761394
6665,1,1,1,0,0,2,0,0,1,0,0,0,1,0,0,1,1,0,0,1,2.049369147161321,2.982234774731066,0.6144249481727004
6666,0,1,0,0,0,1,1,0,1,1,2,1,1,1,0,2,0,0,2,1,1.3165055226115754,-1.8431351905498243,-0.5283094348022457
6667,0,0,1,0,1,1,0,0,1,0,0,1,1,0,1,0,0,0,0,0,0.6512605336339548,-0.26454100934125074,0.8843289334378276
6668,1,0,1,0,0,0,0,0,0,1,0,0,0,1,0,1,0,0,1,1,-2.3396509701071517,0.4815862075732493,0.7914395577965925
6669,0,0,1,0,0,0,0,0,0,1,0,1,0,0,0,1,0,0,1,2,-0.5965954470662029,0.5730239040850911,0.4636551457280688
6670,0,0,1,0,0,2,0,0,1,1,1,0,1,0,0,1,0,1,1,1,-0.5167184897406847,0.9506041945191349,-1.202587683654948
6671,0,0,0,0,0,1,1,0,2,1,0,0,1,0,0,1,1,0,0,0,-1.3700187616151103,-0.502083872598885,-0.918188402712684
6672,0,0,0,0,0,0,0,0,1,1,1,1,1,0,0,0,1,1,0,0,-0.49019823269001117,-0.5516283498810666,-0.687809748020924
6673,1,2,1,1,1,2,0,0,1,0,0,1,0,0,1,1,1,1,1,1,-0.04978162648861797,0.2768878694433935,-2.378415681652718
6674,0,0,1,0,1,1,1,0,1,0,0,0,0,0,0,1,1,1,1,0,0.11776189979560667,1.7104194237518293,-0.43547265134078056
6675,1,0,0,0,0,2,0,0,1,2,1,0,0,0,0,2,0,1,2,0,-0.19121381847072483,0.8350112892984152,-1.316792977504679
6676,0,0,0,0,0,2,0,0,1,0,0,1,1,0,0,1,0,0,2,0,0.2070548315435794,0.5424111016956125,-1.456798059774629
6677,0,1,0,0,0,1,1,0,1,1,0,0,0,1,0,1,0,2,1,1,-1.0034346910779453,0.32425732163765547,1.7049200829379894
6678,0,1,1,1,1,1,0,1,0,1,0,0,1,1,0,1,0,0,0,1,1.6687471970422925,0.8490940379729772,-0.6683475000712138
6679,2,0,2,0,1,1,0,0,1,0,0,1,1,0,0,2,0,1,0,1,-0.8287825866277371,-1.1454061605855705,1.2896591495676635
6680,0,0,0,0,0,0,0,0,1,1,0,2,1,1,1,1,1,0,0,2,1.8872042210074325,1.3242216468301795,0.8359301040590215
6681,0,1,1,0,0,0,0,0,1,1,0,1,1,0,0,1,0,0,0,0,0.05442512962628747,-0.2524573781741143,0.7121307765971967
6682,1,2,0,0,0,2,1,0,2,1,0,0,0,0,0,0,1,0,2,1,-0.0037477942844279305,-1.1031517073115285,1.75317053806485
6683,0,0,1,0,1,1,1,0,2,0,1,0,0,1,0,0,1,1,0,1,-1.0624936978740935,-1.0301207321842325,-0.12733926952787397
6684,0,0,1,1,1,0,0,0,1,0,1,1,0,0,0,0,0,1,0,0,1.5223598693750642,-0.49937017884037554,0.49979943878843786
6685,0,1,1,0,0,1,0,1,1,0,0,0,1,1,0,1,0,0,1,0,-0.2985687806953823,-0.22647947257433518,-0.3312489879307239
6686,0,1,0,0,0,1,0,0,1,0,0,0,1,0,0,0,0,0,1,2,0.4464287670429628,0.07649416071540983,-0.14265742522282243
6687,2,0,1,0,0,1,0,0,1,0,1,1,0,0,0,2,1,1,0,0,-1.0690073834663079,-0.5964525649670211,-1.4878018456150208
6688,0,1,1,0,0,0,0,0,0,0,0,0,1,1,0,0,0,1,0,0,-0.3013990827101508,-1.0754392779737567,0.026720820021517155
6689,0,0,0,0,0,1,1,0,0,1,0,0,1,0,1,1,0,1,1,1,2.0205440795952465,-0.33358955690651015,-0.01853520603323522
6690,1,1,1,0,0,1,0,1,1,0,0,1,0,1,0,1,0,0,1,0,1.7320927468631249,-0.03527042834089733,2.0466369145337087
6691,0,0,1,0,0,0,0,1,0,2,0,0,0,1,0,0,1,0,2,1,-0.5135790355809942,-0.5934657924812814,3.2276185718435584
6692,0,0,0,0,0,1,0,1,1,0,0,1,1,0,0,1,1,1,2,1,0.5803451356513957,-1.1233480400585822,0.5155440574194048
6693,0,1,0,0,0,1,0,1,1,0,1,1,1,0,0,0,2,1,0,0,0.2614668837709139,-0.4592763210877583,-0.1210611442095953
6694,0,0,1,0,1,0,0,0,1,1,1,0,1,0,1,1,1,1,0,1,0.9078917427082599,0.44605563486753824,0.8166735073259213
6695,0,1,1,0,0,2,1,0,1,0,0,0,1,1,1,1,2,0,1,1,1.276514800575731,0.8202948952099349,-0.34593781244283844
6696,0,0,1,0,0,2,0,0,2,1,0,1,1,0,0,1,0,1,0,0,-0.7193906238127028,0.6450926244684992,1.7504970990517068
6697,0,1,0,0,0,0,0,0,1,0,0,0,0,0,1,0,1,1,0,1,0.497394357198573,1.1566120100607655,1.2939102042723896
6698,1,0,1,0,0,2,0,0,1,2,0,1,2,1,0,1,0,0,0,1,0.5984553735676487,1.9924187251350132,0.9491569007424998
6699,0,0,0,0,0,2,0,0,0,0,0,0,1,0,1,0,1,1,0,0,-1.3821919967205984,-0.009162102875500344,-0.7234798602783407
6700,0,1,0,1,0,1,0,0,1,0,1,0,1,0,0,1,0,0,1,1,-0.20491408277093912,0.7170227611942678,1.5676674159897321
6701,1,0,0,0,0,1,0,0,2,1,0,0,1,2,0,0,1,0,2,0,0.07435206322731028,-0.7692463079384013,2.0039577569856952
6702,0,0,1,0,1,1,0,1,2,0,1,0,1,2,1,0,1,0,0,0,1.6151331225517662,0.013069642467019443,0.8625295268072487
6703,1,0,1,0,0,0,0,1,1,0,0,2,1,1,0,1,2,1,2,0,-0.772068114298654,-0.6369394406494909,2.0275942378194087
6704,0,0,0,0,1,1,0,1,0,1,0,1,0,0,0,1,0,1,1,2,1.497794331726194,1.9566462731934684,1.2818143568304465
6705,0,2,1,0,0,0,0,0,1,0,0,0,0,1,0,1,0,1,1,1,-1.432199930554398,-0.6157478511168856,0.3815044905840469
6706,0,1,1,0,0,1,0,2,0,1,0,1,1,0,1,1,0,1,1,0,-0.834379979403723,0.3277510650172098,-0.7445964490584684
6707,0,0,0,0,1,0,1,1,0,0,1,1,2,1,0,1,0,2,0,0,-0.11541105190538203,-0.7453828323273397,0.7190817089953051
6708,0,0,0,0,1,0,0,0,2,1,1,2,0,0,1,1,0,0,1,0,0.1451967599240139,-0.9850868886577612,-0.035182079005778966
6709,0,0,1,0,1,2,0,0,1,1,1,1,1,1,0,1,0,1,0,1,1.5399894114067434,0.6758394571057736,2.832293201178545
6710,1,0,1,1,1,1,0,0,1,0,1,0,0,0,0,2,2,0,0,0,-1.6154898236511892,-0.27267386501616403,-0.34162859626792447
6711,0,0,1,1,0,1,0,0,1,0,0,1,2,0,0,1,0,0,0,1,0.5911014413480494,1.4915843594962053,1.4262049026339172
6712,0,0,0,0,0,1,0,0,1,0,0,0,1,1,0,0,1,0,1,1,-1.7852763188684853,-0.6009600257851067,-0.7204224444265335
6713,0,1,0,0,2,1,1,1,1,1,1,1,2,0,0,0,0,1,1,0,-1.4911096763880902,-1.9229966209210223,0.0890428152582555
6714,0,0,0,1,0,1,0,0,2,0,0,2,0,0,0,1,2,0,1,2,-0.37965739112178054,-2.2975573215116283,0.44520205125866996
6715,0,2,1,0,0,1,0,0,1,1,2,0,0,0,1,1,2,1,1,1,-1.2591293674836381,-0.18844206601629665,-0.524846000289821
6716,0,1,0,1,0,0,0,0,1,0,0,1,0,0,0,1,0,1,1,1,0.6832081187337851,-0.6657646091492961,1.357344024259357
6717,0,0,1,0,0,1,0,0,1,0,0,2,1,0,1,1,1,0,1,1,-0.05080411381420283,0.42488159318274754,0.044333083657435685
6718,0,0,1,0,0,0,1,0,1,0,0,1,1,0,0,0,0,1,0,1,0.6498255960057118,-0.07230092218533082,-2.029485011658324
6719,0,2,0,0,0,0,0,1,1,0,2,1,2,0,0,0,1,0,1,2,-1.34287687595993,-1.1355667418926736,0.15817907195866376
6720,0,1,0,1,0,0,0,1,1,2,1,2,2,0,1,0,0,1,0,1,-0.7138531771932303,-1.3628968829786603,0.4454081034597422
6721,1,1,1,0,1,1,0,0,1,1,1,0,1,2,1,0,0,2,1,1,0.06655557536824794,0.1389653720551265,-1.2563987317704604
6722,0,0,0,0,0,0,0,0,1,1,0,0,1,0,0,1,1,0,1,0,1.5407799657378336,1.68263130412288,1.839208342854822
6723,1,0,2,0,0,1,0,0,1,0,1,0,1,0,0,1,0,0,1,0,0.7579480709446287,0.6847545733857296,0.13450255405487693
6724,0,1,0,0,0,0,1,0,0,0,2,0,0,1,0,1,1,0,0,0,-0.11542436038648114,-1.2822376177510697,2.1037888792057444
6725,0,0,1,0,0,1,1,0,2,2,1,1,1,0,0,2,0,0,2,1,-0.12099649570534637,1.152097997977111,0.18551212982569804
6726,0,1,1,1,0,2,0,0,1,2,0,1,0,0,0,1,0,1,0,1,-0.47842584350433676,0.6497288982305576,-1.8361770716669044
6727,0,0,0,0,0,1,0,1,2,2,1,0,1,1,0,1,1,0,1,1,1.5935417964636909,0.5442345839585861,0.19986721719653328
6728,1,0,2,0,0,0,0,0,0,0,0,1,1,0,0,1,0,1,1,0,1.186705482033128,0.19473040056154844,-0.9199962954179672
6729,0,1,1,1,0,1,0,0,2,2,0,0,1,1,1,2,0,1,2,0,-0.5565485569478834,0.4383118792327333,-1.7201761581044792
6730,0,0,2,1,0,2,1,0,1,0,1,0,1,1,0,0,0,0,0,1,0.24546647970852759,0.5646961155243981,0.8702986964543092
6731,0,1,0,1,0,1,0,0,1,1,1,0,2,0,0,0,0,0,0,1,0.8767688268041057,0.26639471071920273,2.5930058247691337
6732,0,1,0,0,0,0,1,1,2,1,0,0,0,1,1,0,1,0,0,1,-0.7470926914194999,-0.4258237108510212,-0.0519560155422789
6733,0,1,0,0,1,0,0,0,2,1,0,0,1,0,1,1,1,2,0,1,-0.41909004230527674,-1.3707026732913672,0.06513933242296274
6734,0,1,2,0,1,1,0,0,0,1,0,1,0,0,1,0,2,2,2,1,0.12855006676065653,-0.3971353735667511,-1.6962741296928177
6735,1,1,0,0,0,0,0,0,0,1,0,2,1,0,0,0,0,0,2,1,1.9659447693914238,0.5399702098210396,0.45637446682182353
6736,1,0,0,1,0,2,0,1,1,1,0,0,1,1,0,1,1,0,0,1,-1.2117215354802786,0.7063740317492676,-1.004076670518322
6737,0,0,0,0,0,1,0,0,0,0,0,0,1,1,1,0,2,0,1,1,0.7168212369882144,0.7931221651938432,0.4211016275698809
6738,0,1,2,0,0,1,0,0,1,0,1,2,1,0,0,1,0,0,1,1,-0.41839980466241306,-0.28387551717207454,-0.2851087665166183
6739,0,1,1,0,0,0,0,0,1,0,0,0,0,0,0,2,0,1,0,0,-1.045600980348288,-1.3201790254663468,-1.3339591055932243
6740,0,1,0,0,0,1,0,0,1,0,0,0,0,0,1,1,1,1,2,0,-0.8545821238217117,-1.5325407681472791,-0.3693585986125608
6741,0,1,1,1,1,0,0,0,2,1,0,0,0,0,0,0,0,0,1,0,-0.7003381661219082,-0.8003283509436938,-2.726795803472359
6742,0,0,2,0,0,2,0,0,1,2,1,2,0,0,1,0,1,0,1,1,0.11391075502859765,0.7671930648766608,-1.37986826330843
6743,1,1,1,0,0,0,0,0,0,1,0,1,0,1,0,0,0,1,0,0,-0.24107139351406304,-0.11478215915616405,-0.2513956349746793
6744,0,1,1,0,0,1,0,0,1,1,1,1,2,1,1,1,1,0,1,0,-0.11136244192465522,0.30341120770258834,-0.0555457661759364
6745,0,1,0,0,0,1,0,1,0,1,1,0,1,0,0,0,1,1,1,1,-1.3714707362473844,-1.6100297439440898,-1.1811997927688778
6746,0,1,0,0,0,1,0,1,1,1,1,1,1,0,1,2,1,0,2,1,-0.8772794493355709,-1.3979796623212095,-1.9208730989483076
6747,0,2,1,0,0,1,0,0,1,1,1,0,2,0,2,1,1,1,0,0,-1.0717241691507147,-1.3753684911740365,0.8081123650866411
6748,0,0,1,0,0,1,0,0,0,1,1,0,0,0,0,0,0,0,0,0,0.04657749263387793,1.2083306012866266,-1.0536281037080726
6749,0,1,0,1,0,1,0,0,1,0,1,0,0,0,0,1,1,1,1,0,-0.9947404474084782,0.8938549660782832,0.4499660213592519
6750,0,0,1,0,0,1,0,0,2,0,0,0,1,0,0,2,1,0,1,0,-1.4652040352992326,-0.34395655468703723,-1.8682587317983133
6751,0,1,2,0,0,0,0,1,0,0,1,2,1,0,2,0,1,2,1,1,-0.34494920579465765,-0.5345195652730261,0.7417276160381381
6752,0,0,1,0,1,1,1,0,0,1,1,1,1,0,0,1,0,1,0,0,0.4142927052261987,0.5365673444550582,0.2997426653314617
6753,0,1,0,0,0,0,0,1,1,0,0,1,1,0,1,1,0,0,0,0,0.7661181370696396,-0.7679292240579981,-0.08081966177963609
6754,0,1,0,0,0,1,1,0,1,0,0,0,0,1,0,1,0,0,0,0,1.2566120047096938,0.9439612041351809,0.21275691452633771
6755,0,0,0,0,0,1,0,0,1,1,1,2,0,0,0,1,0,0,0,0,-1.158563508832499,0.31351030822949877,0.01918675167567055
6756,0,1,0,0,0,0,1,1,1,1,0,2,1,0,0,0,2,0,2,1,-0.020411419294216797,-0.49411470831242865,-0.25685972065698487
6757,1,0,1,0,0,1,1,0,1,0,0,0,1,0,0,2,0,0,1,1,-1.4952222391951542,-1.6177861132241405,0.1823094415887443
6758,1,0,1,0,0,0,0,0,0,0,0,1,0,0,1,1,2,0,0,2,-0.3002721434141045,0.5237269529929125,-0.5875811511040787
6759,0,2,1,0,0,1,0,0,2,0,0,1,0,0,0,0,0,1,0,1,0.18912487385959353,-0.25901456625583225,-0.23439089114144623
6760,1,1,0,0,0,1,0,0,1,1,1,1,0,1,0,1,2,0,2,0,-0.3303538382353242,-0.5629160119412219,0.8366937168275361
6761,0,0,0,0,0,0,0,0,1,1,0,1,1,1,0,0,0,1,1,0,1.007573995799003,0.8910788105560586,0.06469080347221126
6762,0,0,1,0,1,2,0,1,1,1,0,0,0,2,1,0,0,1,1,2,0.4534663700923591,1.1283681031839219,0.8136284524196439
6763,0,0,1,1,1,2,0,0,1,1,1,1,1,1,0,1,0,0,0,0,0.28227682931266107,0.6198745608568756,0.8303798859787229
6764,0,0,1,0,0,1,0,0,2,0,0,1,0,0,0,2,0,0,1,2,1.1069516645793487,0.7565662649755277,-0.011960484778131414
6765,0,1,0,0,0,0,0,0,1,1,0,1,2,1,1,1,1,0,1,1,-1.550685217624964,0.07535454429422683,0.9231768302086691
6766,0,0,1,0,0,2,0,0,2,1,0,0,1,0,1,0,1,0,1,0,-0.12781709224735086,1.0378227930728543,1.7171139669341822
6767,1,0,1,0,1,1,1,0,2,0,1,0,1,0,0,1,1,1,1,1,0.5073348470601294,-1.5005250138217388,-0.2809804451644443
6768,0,0,1,0,0,0,0,0,2,0,1,0,0,1,0,1,1,1,1,2,-0.3632410934333397,-0.8914838958997966,-2.0413261906235207
6769,0,1,0,0,0,0,1,0,2,0,0,1,0,0,0,0,1,0,0,0,-0.9108693588974256,-0.04796201645975129,0.8851131822085357
6770,2,1,1,0,0,0,0,0,0,1,0,0,0,1,0,0,1,0,1,2,-0.1843636556415633,-1.4407106251282489,0.34127488533118633
6771,0,0,0,0,1,1,0,0,0,1,1,0,0,0,0,2,0,0,1,0,-0.6391102182666457,-0.8834973071719517,-1.6611511099211265
6772,0,0,0,0,1,0,1,1,1,1,0,0,2,0,0,1,0,0,0,0,0.19618594420029928,-1.596265591640167,2.363001463266194
6773,0,1,0,0,0,1,0,0,2,1,0,1,1,0,0,1,1,1,1,2,0.20001424638716342,-0.15320942662535503,0.7642567449226924
6774,1,0,0,0,0,1,0,0,0,2,1,1,0,1,0,0,1,1,0,0,-0.9083462695769198,-0.2280558161282493,0.30575753025264085
6775,0,0,0,0,0,1,0,1,1,0,1,1,2,1,0,0,0,1,1,1,0.5485870893796814,1.6271075302248006,0.7133166996916582
6776,0,0,0,0,0,1,0,0,0,0,1,0,0,0,0,0,2,1,1,0,-1.7011958570238044,-0.5541978745194809,-0.23082230002595558
6777,0,0,0,1,0,0,1,0,2,2,0,1,1,0,0,1,2,1,0,1,-1.1643183875322796,0.5933480828428561,-0.12650943301597728
6778,0,0,0,0,0,0,0,0,1,0,0,1,1,0,0,1,1,0,0,0,0.3090900107087466,0.6367826853504068,1.5409379580030211
6779,0,2,1,0,0,1,0,0,1,0,1,1,1,0,0,2,1,0,0,1,0.8986080320351949,-0.20548864851107462,1.3379725843888406
6780,0,1,2,0,0,2,0,0,0,1,1,0,2,1,0,0,0,1,2,0,-0.8352745161860435,0.1425790640249105,0.4483289608624032
6781,0,1,1,0,0,1,0,1,1,0,0,0,1,0,0,1,0,0,1,2,-1.1744837597110447,0.9724913130946904,1.3369835432521384
6782,0,1,1,0,0,1,0,0,0,0,1,1,0,0,0,1,0,1,1,1,-0.8361891372503157,-0.2005946424062066,-0.1480195518809898
6783,0,0,1,0,0,1,0,0,1,2,0,0,0,1,0,1,0,0,1,1,-0.051548626175220526,0.7487551297526632,-1.0521020060104334
6784,0,0,1,0,1,0,0,1,1,0,0,0,1,0,1,1,0,1,0,0,0.17244395343175978,0.4941072652947811,0.6631545924299853
6785,1,1,1,0,1,1,1,1,0,0,0,0,1,1,0,1,0,0,0,0,-0.8722595802968184,-1.1089674341658429,0.6241628583256298
6786,0,0,0,1,1,1,0,0,0,1,0,0,0,0,1,1,1,1,0,0,0.008218698882648404,0.27452083026526286,1.3472892583246652
6787,0,0,2,0,0,1,0,1,1,0,0,1,2,1,0,1,1,1,1,0,-0.9377722269528006,-1.2918162334696734,0.32171132372095057
6788,0,0,0,0,1,1,0,0,0,1,1,0,0,1,0,0,1,0,0,1,0.3754041551192098,-1.4667896369866713,0.42530739833069087
6789,0,0,0,0,1,1,0,0,2,0,1,1,0,0,0,1,1,0,1,1,-0.01923331234805907,0.49746715462828356,-1.3438045352097119
6790,0,0,1,0,0,0,0,0,0,2,0,0,1,0,0,1,2,1,0,1,0.5980184098357981,0.7084819933555686,1.192113982476664
6791,0,0,1,0,1,2,0,0,2,2,0,0,1,0,1,0,0,1,1,0,-1.5067067141578756,-0.7596969959790838,0.5375899075212692
6792,2,0,1,0,1,1,1,0,1,1,1,1,1,0,1,2,1,1,0,2,0.23368514558050554,0.5210321193358365,0.578278894571358
6793,1,2,0,0,0,2,0,0,0,1,0,0,1,1,0,2,1,1,2,2,0.39320561336698495,1.9076329567859995,-0.5665653827907017
6794,1,0,1,0,0,1,0,0,0,0,1,0,2,1,0,0,0,2,0,0,0.8060065360682052,0.14947723371401872,0.07473457425268526
6795,0,1,0,0,0,1,1,0,2,0,0,0,1,0,0,1,2,0,1,0,0.6072573114006465,0.4264497805795308,-0.23710784077809682
6796,0,0,1,1,1,2,0,0,1,0,1,0,0,0,0,1,2,1,1,0,2.3622146025691677,1.4345514256440932,-1.1070822084394343
6797,1,0,1,0,0,0,1,0,2,0,0,1,1,0,0,1,1,0,1,2,0.9826194389861375,-0.9694375194130284,-0.4008144173065344
6798,0,1,1,0,0,1,1,0,0,0,1,0,0,1,0,2,0,1,2,0,-1.1575031339435236,0.6590703843929391,-0.5038383289963368
6799,0,1,0,0,0,1,0,0,2,1,0,1,1,0,0,2,2,1,1,1,0.3980939596687899,-0.6873257461258998,0.8767926042867572
6800,0,0,1,0,0,1,0,1,0,1,1,1,1,1,0,1,1,2,1,2,0.2182202375183112,0.592522235024461,0.11634092228093476
6801,0,0,0,0,0,0,0,1,1,1,0,1,1,1,0,1,0,0,1,0,1.1824217405541906,1.348350004552316,0.6743009593366867
6802,1,0,2,0,0,0,0,0,0,1,0,0,0,0,0,0,1,1,1,2,0.3891827066093759,1.3347217231807966,0.5058570563366253
6803,1,0,2,0,1,1,0,0,2,1,0,1,0,1,0,0,2,1,1,1,0.4922809213258729,1.6191098753604987,0.41010798320049724
6804,0,0,1,0,0,0,0,1,1,0,0,1,1,1,1,0,1,1,1,0,-0.5654469091764794,-0.6759161123781491,-0.7137403911390429
6805,0,0,0,0,0,0,0,0,1,0,0,0,1,0,1,2,0,1,0,1,-0.25570770697963147,0.06470308028301461,0.8560976268864291
6806,0,2,0,0,0,0,0,0,1,0,0,0,1,2,0,1,0,1,1,0,0.35135354306526356,-0.3894860701317781,1.2182059189372438
6807,0,1,2,0,0,2,0,0,1,2,0,0,0,0,1,1,0,0,1,1,1.282995416405703,-0.30037495931614433,0.48018630034213117
6808,1,0,1,1,0,0,0,0,0,1,1,1,1,1,1,1,1,0,2,1,-0.9063170197779461,0.5928047069229216,-1.8526191318925875
6809,0,0,0,0,0,0,0,0,1,0,0,0,2,0,1,0,1,1,0,1,-1.8833660795508098,-1.0907354883024198,0.4332201663723968
6810,0,0,0,0,0,1,0,0,0,2,0,1,1,1,0,0,0,0,1,1,-0.04506421119175063,-0.14374830180897263,-0.7152263826951968
6811,0,0,0,0,1,2,0,0,1,2,0,0,1,0,0,1,1,0,2,1,0.2233092993008159,0.7559744852128858,-0.7884546636480183
6812,0,1,1,0,0,2,0,0,1,1,2,1,0,0,1,0,1,0,2,1,-1.0319853514746864,-0.7224664252281507,0.3607871627906038
6813,1,0,2,0,0,0,0,1,1,1,1,0,0,0,0,1,0,1,1,1,-1.162339113170446,-1.3911925118781037,-0.8462191858643855
6814,0,0,1,0,0,1,0,1,1,1,0,1,0,0,1,1,0,1,2,0,-1.3908478677625513,-0.5397717358418364,-0.12183831412668937
6815,0,1,0,0,0,1,0,0,1,1,1,0,0,1,0,1,1,2,2,0,0.22590489433173774,0.15223739394967656,-1.9853649069054957
6816,1,0,2,1,0,0,0,1,1,0,0,0,2,1,0,2,0,1,0,0,0.577087873118703,1.2801402299022835,-0.00537054912117807
6817,0,0,0,0,0,0,0,0,0,1,0,1,2,0,0,2,0,1,0,0,0.7722919217925536,0.3661707161941088,0.03531337606436426
6818,0,0,1,0,0,1,0,0,1,0,0,0,0,0,0,0,0,2,0,1,0.9053322089098538,0.8586076441143451,0.88294383265679
6819,0,1,0,0,0,1,0,0,1,0,0,0,0,0,0,1,1,0,0,0,0.5869330194690687,-0.24978996182992183,-0.10091934217221266
6820,0,2,0,0,0,2,0,0,2,1,1,0,1,0,0,0,0,0,1,0,-1.059594165021364,-1.6187981312059208,0.12381799605991292
6821,0,1,1,0,0,1,0,0,0,0,1,0,0,1,0,1,1,0,0,0,-0.9960230781813516,0.8356619529549403,-1.4943417163035198
6822,0,1,1,0,0,1,0,0,1,1,0,0,0,1,0,0,1,0,1,0,-2.149886342062321,-1.376808715871701,0.5201178274595774
6823,0,0,1,0,0,1,0,1,2,0,0,0,1,1,0,2,1,1,2,0,-0.7366118823012285,-1.9480274071995307,0.2444751182962582
6824,0,0,1,0,0,0,0,0,0,2,1,0,1,1,0,2,1,0,1,0,0.3156855953668442,0.5345410030602665,1.1110348027129486
6825,0,0,0,0,1,2,0,0,0,0,1,1,1,0,0,0,1,0,1,0,1.5005777269013327,0.48344725404720906,-0.41112907611903915
6826,0,0,1,0,0,1,1,0,0,0,2,1,0,2,0,0,0,0,1,0,-0.6529494763950712,0.383117366863432,-0.023625214879593605
6827,0,1,0,1,0,0,0,0,1,2,1,1,2,0,0,1,2,1,2,0,-1.5673967530034036,0.5210097411896955,0.6228229108271237
6828,0,0,1,0,0,2,0,0,0,0,1,0,0,0,0,1,0,1,1,0,-0.34633537557342114,0.09923279494940446,0.3740269527458225
6829,0,0,1,1,0,2,1,0,1,0,1,0,2,0,0,2,0,0,0,0,-1.1628359303329028,0.23785102995442287,-2.141170742740564
6830,0,1,2,0,0,1,1,0,2,0,0,0,2,0,1,2,0,1,2,0,0.27633793102048754,-0.8467948007560819,1.6819180834169056
6831,0,0,1,0,0,1,0,0,1,0,0,0,1,1,0,1,0,0,2,0,0.8642985440161484,-0.31643057326774193,0.8067640016104899
6832,0,0,0,0,0,1,0,0,2,1,1,1,1,1,0,1,1,1,1,1,0.4522183351564606,-0.6286207466873233,-0.507570836446248
6833,1,0,1,0,1,0,0,0,2,0,1,1,0,1,1,1,0,0,0,2,0.05263180852831563,-0.5675206065310525,-0.8255191870508419
6834,0,1,0,1,0,2,0,0,1,0,0,1,0,1,1,1,1,1,0,1,-2.016037049414307,0.6727590855037732,-1.5330711734962765
6835,0,0,0,0,0,2,1,0,1,0,0,1,0,0,1,1,0,0,1,1,0.38945595644655223,0.014579655523176527,0.4946970510486382
6836,1,0,1,0,0,0,0,0,0,2,1,0,1,0,0,2,0,1,1,0,0.4933062044775129,0.14529960406426728,0.7476870764586266
6837,0,0,1,0,0,2,0,0,1,1,1,1,1,0,1,0,0,0,1,0,-0.8729546776795475,-0.19467908094175207,0.9047814758012348
6838,0,2,1,0,0,1,0,0,1,0,1,1,1,0,0,0,0,0,0,1,-0.7471827258665092,-0.8403447311504441,0.2807298029324195
6839,0,1,0,0,1,1,0,0,1,0,0,2,0,0,0,1,1,1,0,2,0.0409684293315421,-0.2860981996080876,-0.2097003293886326
6840,0,0,1,0,0,1,1,0,0,0,0,0,0,1,0,0,1,1,1,1,-1.0644932249001815,-0.32605030909287225,-1.7104057499209875
6841,0,1,1,1,0,0,0,0,2,0,2,0,0,0,0,1,0,0,1,2,0.2233704530002366,-0.08767375667237012,1.2505697183952122
6842,0,1,1,0,0,0,0,0,2,1,1,1,0,0,1,0,0,2,1,0,-1.0511714782929416,-0.9562609479285352,1.114102956807868
6843,0,0,0,0,0,1,0,1,0,0,0,1,1,1,0,2,0,0,1,0,0.47728174962781345,1.8470873838336608,2.529284396791612
6844,1,1,1,1,0,2,0,0,0,1,1,0,1,1,0,1,1,2,0,0,-0.5995992793094931,0.08796332151904102,-0.16774664969644007
6845,1,0,1,0,0,0,0,0,2,1,1,0,0,0,0,0,0,1,0,1,-0.6752562721990066,-0.5029557545300769,-0.6684076674659712
6846,1,0,1,0,0,0,0,0,1,1,2,1,1,1,0,0,1,1,0,1,-0.7156457861727586,0.14982465637957598,-0.6842225069703175
6847,0,0,0,0,0,1,1,0,0,1,1,0,0,1,0,1,0,0,1,1,-1.746958301707463,1.217959554476666,-1.8327767253289902
6848,0,0,2,0,0,2,0,1,1,1,0,0,0,0,0,0,0,1,0,1,-0.27812339158110566,-0.26117646250448245,-0.048907300511387794
6849,0,1,2,0,0,1,0,0,1,0,0,1,1,0,0,1,1,1,1,0,-0.2865049662964822,-0.5053189228057515,-0.33550797549135897
6850,0,0,0,0,0,2,0,1,0,0,0,1,2,1,0,1,1,1,1,1,0.17965798856673576,0.9579316413038377,-0.8708573128743883
6851,0,0,0,0,1,1,0,0,0,1,1,0,1,0,0,1,1,0,1,0,0.6042906384355281,1.336082465619177,1.7358875791008983
6852,0,0,1,0,0,0,0,0,0,1,2,1,1,2,0,1,1,0,2,2,-1.0052084857326054,-0.301331413577444,0.6859046240654314
6853,0,1,0,0,1,1,0,0,1,1,1,1,2,0,0,1,1,0,0,1,-1.5962862620044078,-0.26589052732769913,-1.8415886567953015
6854,0,2,1,0,0,0,0,0,0,1,0,0,1,0,0,0,0,0,0,0,0.7279658494073963,-1.0938657753534808,0.5490108472670026
6855,0,1,1,0,1,0,1,0,1,1,0,0,1,1,0,2,0,0,0,0,-2.4339993201013495,-1.7500327780404914,1.0038635330199737
6856,0,0,1,0,0,1,0,1,1,2,0,0,1,0,0,1,2,0,1,2,0.8719803525821654,3.2727350663288717,2.6163674808270687
6857,1,1,1,1,0,2,0,1,0,1,1,0,0,0,0,0,1,1,1,0,1.5751292568342785,0.8469842198501444,1.6319788591772006
6858,0,0,1,0,0,0,0,0,1,0,0,1,0,0,0,1,2,0,0,1,0.5770882392520637,0.0005589287306494162,-0.640771390879171
6859,0,1,1,0,0,1,0,0,1,0,0,0,0,0,0,1,0,0,1,0,-0.889550459014753,-1.2161213286534511,-1.1901516672001198
6860,0,0,1,0,0,1,0,0,1,2,0,2,0,0,0,0,0,0,1,1,-0.4453232762218241,0.561505379514102,-0.46188659721382463
6861,0,2,1,1,0,2,0,0,1,0,0,1,1,0,0,1,1,0,1,0,-1.2580399011552317,1.0156058400030248,-1.4338623198171148
6862,1,0,0,0,1,0,0,0,1,2,0,0,2,2,1,1,2,0,2,0,-1.2781143082035809,0.7422688507222226,-1.455963448259416
6863,0,1,0,0,0,2,1,1,2,0,1,1,0,2,0,0,0,1,1,0,1.4313503619761647,-0.5651762701353209,1.5398230447457468
6864,0,0,1,0,0,1,1,0,1,2,0,0,2,0,0,1,2,0,1,1,1.309781087182794,0.3586995941383404,1.1639280571385737
6865,0,2,1,0,0,2,0,0,1,0,0,0,1,1,0,0,1,0,2,0,0.13175150056275794,-0.7155002326510425,0.699947450056023
6866,0,1,0,0,1,1,0,1,1,0,0,1,0,1,0,0,0,1,0,1,-1.3976517938027833,-0.6064952382299864,-0.9674410378556627
6867,1,0,1,0,0,0,0,0,1,2,0,0,0,1,0,0,1,1,2,0,1.030207377734743,1.1951263247276882,-0.2807307495288264
6868,0,0,0,0,0,0,0,0,2,0,1,1,0,0,0,0,0,1,1,1,1.2358341403414597,-1.356381436040682,0.5317887066645579
6869,1,0,1,0,0,1,0,0,2,1,2,0,1,0,0,1,2,1,1,2,0.1554170675030591,-0.004988809741711148,0.8536212934515861
6870,0,1,1,0,0,0,0,0,1,1,0,1,1,0,0,1,0,0,1,2,-0.5297938010283251,0.4564444251987756,-1.0584518761900699
6871,0,1,1,0,1,1,0,0,1,0,1,1,1,1,0,0,0,1,1,1,-0.13176251328154512,-0.04222173582012445,0.1998745945645114
6872,1,0,1,0,1,1,0,0,1,1,1,0,1,1,1,1,1,1,2,1,0.10900707062014739,0.34688352888351237,0.8451821841529155
6873,0,1,0,1,0,0,0,0,0,1,0,0,0,0,0,2,1,0,0,2,-0.4337378545602309,-0.13928559452758227,0.027634452207952236
6874,0,0,0,1,0,2,0,0,2,1,0,1,0,0,1,0,1,1,2,0,-0.03745735589877718,0.0058533411999578955,-0.2224435809379342
6875,0,1,2,1,1,2,0,0,0,1,1,0,1,0,0,0,1,0,1,0,1.2140184504052358,0.06992747878289551,1.244046512063887
6876,0,1,1,0,0,1,1,0,1,0,0,0,1,1,0,2,1,1,1,0,0.3810054862090096,2.500783911862359,0.5690171799311776
6877,0,1,0,0,0,2,0,0,1,1,0,1,1,0,0,1,0,0,0,0,1.7848963736111836,-1.3071516629537399,0.39966306490256165
6878,0,2,0,0,0,1,0,0,0,0,0,1,1,0,1,2,2,0,1,1,1.3471104544359034,0.35469817240689727,-0.3677740916790495
6879,0,2,1,1,0,2,1,0,1,1,0,0,1,1,1,2,2,0,0,1,-0.5967762943039276,-0.3149561507036453,0.3972614655144915
6880,0,0,1,0,0,1,0,0,1,2,1,0,1,0,0,1,1,0,1,0,0.19460775123556515,1.2499854090768134,0.05578865307774375
6881,0,0,2,0,1,0,0,0,1,1,0,0,0,1,0,1,1,1,0,0,-1.5836834453130895,-1.276218029964762,0.8242556293336181
6882,0,1,1,1,0,1,0,0,0,0,1,0,1,0,1,2,0,0,1,0,-0.7933162199260125,-0.7222233533858424,-1.366103158838604
6883,0,1,0,1,0,1,0,1,2,2,1,1,1,1,1,1,2,1,1,1,0.1258343422319949,0.912278435907363,-0.36843307658405483
6884,0,0,1,0,0,0,0,0,2,0,1,0,0,0,0,0,1,0,1,0,-0.7507994526849551,-0.7503298838254383,-0.18320824426038856
6885,0,2,1,0,0,0,0,0,1,2,1,1,0,0,0,2,0,0,0,0,-0.044573645104313234,-0.12734214821462847,-0.49373140956864675
6886,0,1,2,0,0,1,0,0,1,0,1,1,0,1,0,1,1,0,0,1,-1.4754557281652332,-1.8017750331161497,0.3801220829225979
6887,0,0,1,0,0,1,1,0,1,0,1,0,1,0,1,1,0,1,0,0,0.21397130480194052,-1.8452901728138669,1.708411509097994
6888,0,1,0,0,1,2,0,0,1,0,1,1,1,1,0,0,0,0,1,2,0.6218964065272062,1.2671630511802814,-1.2702761476515159
6889,1,1,0,0,0,1,0,0,1,1,0,1,1,1,0,0,2,2,0,1,-0.7379035403921879,-0.038525394935910895,0.171539870513089
6890,0,1,1,0,0,1,0,1,0,1,1,0,0,0,0,0,0,0,0,0,0.23510817653386756,-1.128796545635569,0.8137603274412852
6891,1,1,0,0,1,2,0,0,1,1,0,0,1,1,0,1,1,0,1,1,-0.8568452911142108,-1.7029914054724993,0.8025645353873558
6892,1,0,0,0,0,0,0,0,0,1,1,0,0,0,0,0,0,1,1,0,0.497653517316674,0.25708738585257407,1.5911727866608985
6893,0,1,1,0,0,0,0,0,1,0,2,1,0,0,0,2,0,1,0,0,-0.8750116700945224,-1.2155054045061644,-1.6410119932643914
6894,1,0,0,0,0,0,0,0,1,0,0,1,1,0,0,1,0,2,1,1,-1.0019407078769313,0.5729034103420669,-0.9501616155043
6895,0,1,0,0,1,1,0,0,1,0,0,0,2,0,0,1,0,0,1,2,1.2180735381880332,-0.9289256288062163,-0.4576335898324214
6896,0,0,1,1,1,1,0,1,2,1,0,1,1,2,1,2,2,0,0,1,-0.10614390110271714,-0.6297024177091715,1.085999385435861
6897,0,0,0,0,1,1,0,1,2,1,1,0,1,0,0,0,1,0,1,1,0.09601667774667681,1.3689905367924486,1.3101762467010207
6898,1,0,0,0,0,1,1,0,1,1,1,1,2,0,1,1,1,1,1,0,-1.8625400442588018,-1.6663260066886432,0.1571630151328961
6899,0,1,0,0,0,1,1,1,0,0,1,1,1,1,1,2,1,0,0,0,-2.25067650877979,-1.1953089957778913,-0.6097411248292433
6900,0,1,1,0,0,1,0,0,1,1,2,1,2,0,0,1,1,0,1,0,-1.6088938379839037,0.13684138646502308,0.6068347709700317
6901,0,0,1,0,0,1,0,0,1,0,1,1,0,1,0,1,2,0,1,0,-0.4551255585955911,0.2803314138871456,0.3302678614861778
6902,1,0,1,1,0,1,0,0,2,2,0,0,1,0,0,2,1,1,0,1,-0.6009104121579852,1.1453401818342215,0.6068456364338143
6903,0,2,0,0,0,1,1,0,1,1,1,1,0,0,0,0,1,1,1,0,0.1901462949125394,0.40577036895522556,0.5707676885870547
6904,0,0,0,0,0,0,0,0,0,0,1,0,0,0,0,0,1,0,1,1,0.29340792364369656,1.0339458133472794,0.8670462011254526
6905,2,0,0,1,0,1,0,1,0,1,1,0,0,0,0,1,1,0,1,0,1.4749370581877617,0.6415737191901978,-0.47402660970915517
6906,0,0,1,0,0,0,0,0,1,0,0,1,0,0,1,2,0,1,1,1,-1.4479478811084565,-0.5982204851690034,-0.08507728134583172
6907,1,0,0,0,0,1,0,0,1,0,0,1,0,0,0,0,1,1,1,2,-1.2529060397652854,0.561703032122355,-0.5891224741097545
6908,1,1,0,0,0,0,0,0,1,1,1,2,0,1,0,0,0,1,1,0,-0.5210225827346384,-2.0637210280520595,0.6389491954041351
6909,0,1,0,0,1,1,0,0,2,0,1,0,1,0,0,1,0,0,1,0,1.3555480928365922,0.5919672314813155,-0.07622102463915753
6910,0,0,2,0,0,1,0,0,2,1,0,0,1,0,0,1,1,0,0,1,-2.150116476288453,0.11127409074910455,-0.3365773074134579
6911,0,0,0,0,0,1,0,0,1,0,1,0,1,0,0,1,1,0,1,1,0.14302254422900035,-0.1779342215422906,1.0798823921740592
6912,0,2,1,0,0,1,0,0,1,1,1,1,2,0,1,2,0,1,1,0,-0.745382760643116,0.3165134040669243,-1.4137547249073539
6913,1,1,1,1,0,0,0,0,2,0,0,1,1,0,0,1,0,2,0,1,-0.14504488033045362,0.10224783188368866,-1.2511121927198348
6914,0,1,0,0,0,0,0,2,0,1,1,1,0,0,0,1,2,0,1,0,-1.0447200028907067,-1.0371452093753564,-1.2793452646765697
6915,1,1,1,1,1,0,0,0,1,0,0,0,1,0,0,1,1,2,1,0,0.6731284660986673,-1.093758416938906,-0.6736619192646586
6916,0,0,1,0,1,0,0,0,2,1,0,1,0,0,0,1,1,1,1,0,0.36161563402469066,0.1275479917488587,-0.3791984847200202
6917,0,0,1,0,0,2,0,1,0,1,0,1,1,0,0,0,0,0,2,0,0.4870321511743146,0.2674308477773897,-0.5135536013036343
6918,0,0,0,1,1,1,0,0,0,0,0,0,1,0,1,2,0,0,2,0,1.7242225600876528,1.5400201101170503,-0.47647872558837656
6919,2,1,0,1,0,2,0,0,1,1,0,1,1,0,0,1,0,0,0,0,0.015280910165236897,-0.6308375471874147,-0.057399974497293026
6920,0,0,1,0,1,0,0,0,1,0,2,1,1,0,1,0,2,0,1,1,-0.6425077193378105,0.2851599260424742,-0.6940956862921694
6921,0,1,1,0,1,1,0,0,1,0,1,0,0,0,0,0,0,1,0,1,0.21313140190917926,0.059981845089537855,1.4330482270987086
6922,0,1,0,0,0,0,0,0,1,1,0,0,0,0,1,0,0,0,2,0,1.0713580929944158,0.021828464255975122,-0.5525780099762312
6923,0,0,0,0,0,1,0,0,0,1,0,0,1,1,0,1,2,1,1,1,-0.8536608907344212,-0.9565240935806019,-1.553926328165584
6924,0,0,0,0,1,2,1,0,0,0,1,1,0,0,1,2,1,0,2,1,0.5884059831078271,-0.4458800096019776,-0.9208652001756963
6925,0,1,2,1,0,2,0,0,2,1,2,0,0,0,0,1,0,0,1,0,1.0134757518467603,2.152882086774596,0.05165733258943772
6926,0,0,1,0,0,1,1,0,1,0,0,0,1,0,0,1,0,1,0,1,-0.9971164244323866,-0.9176210914659653,1.2767208778715367
6927,0,1,2,0,0,2,0,0,2,1,0,0,0,0,0,2,0,0,1,1,-3.3384376558489213,-1.1682206398161037,0.7975466143700154
6928,0,0,0,0,0,1,1,0,0,0,0,0,2,1,0,0,1,0,2,1,1.2637754839920559,2.2700776927538784,-0.03501269823865494
6929,0,1,1,0,0,1,0,0,1,2,0,0,1,1,1,1,0,1,0,0,1.1340554424220999,1.9328358720418397,0.21249152434590612
6930,0,1,0,0,1,0,2,0,1,0,0,1,0,0,0,1,0,0,2,1,-0.17655299414035522,0.06681688461327466,1.7455782662309367
6931,0,0,0,0,0,1,0,0,0,1,0,1,1,0,0,1,1,0,0,0,1.306483354177238,0.749177657910132,1.4962324050866347
6932,0,0,0,0,0,0,0,0,0,0,0,0,0,0,0,1,0,0,2,0,-1.3970377612986715,0.20018584883864188,1.618668252513139
6933,0,0,1,1,1,2,0,0,1,1,1,1,1,0,0,2,1,0,0,0,-0.7137458465679273,0.6432675525513973,-2.0103679739862974
6934,1,1,1,0,0,1,0,0,0,1,1,0,0,1,0,1,0,0,0,0,0.15301841730570467,-0.7341296662605685,-0.5500367556102924
6935,0,1,0,0,0,2,0,0,0,2,1,1,0,0,1,0,1,0,1,1,-0.26358353265985796,0.33142608760524245,-0.4469741263434204
6936,1,0,2,0,1,2,0,0,1,1,0,0,0,1,1,0,1,1,0,0,1.5065085469400084,-0.5361690931291433,0.1941301768971899
6937,0,1,1,1,0,2,0,0,1,2,0,1,0,1,0,1,0,1,1,0,0.44674290222952173,1.7021974656214187,1.3143357900368264
6938,0,0,0,0,0,1,0,0,1,0,0,0,1,0,0,0,1,0,0,1,0.5262057707017508,-0.8505970573896959,1.5739663034071474
6939,0,0,0,0,0,2,0,0,2,0,0,1,1,0,0,1,2,1,1,0,2.365412548794108,-0.21498897476258194,-0.45920880548275483
6940,0,0,1,1,0,1,0,0,2,1,0,1,2,1,1,1,1,2,1,0,0.8991907471393454,-1.4604096962318154,0.13302454501689642
6941,1,2,1,0,0,0,0,0,2,2,0,1,0,0,0,1,1,2,1,1,1.6754875880674374,0.946153147954413,0.18741861420001638
6942,1,1,1,0,0,2,0,0,1,1,0,1,2,0,0,0,2,0,1,0,0.0015226226022597383,-1.1070041896071525,-0.15842808311789203
6943,1,1,1,0,0,0,0,0,0,1,1,1,0,0,0,1,0,1,2,0,-0.5454744731439013,-0.9873463838249169,-0.9769254660780022
6944,1,0,0,0,1,0,0,1,1,1,0,1,1,1,0,0,1,1,2,1,-1.383235240587067,-0.47272024074478,-0.835624755420943
6945,0,1,1,0,0,0,0,0,0,0,0,1,1,1,0,0,0,0,1,0,-0.7788799306307771,0.31120231808358245,-1.44213291640164
6946,0,0,0,0,0,0,0,0,1,1,0,1,0,1,0,1,2,0,0,0,-0.8335388215081584,-0.2882200559794935,0.7145830770000292
6947,0,0,1,0,0,2,0,0,1,1,0,0,0,1,0,2,1,0,1,0,-0.7086615365636515,-0.0699111326415286,0.8393465183033493
6948,1,0,2,0,0,1,1,1,1,0,2,0,0,0,2,1,0,0,0,0,0.28067065704042676,-0.2605483778672915,-0.9023230256715525
6949,0,1,1,0,1,0,0,0,0,1,1,0,2,0,0,2,1,1,1,1,-1.7609025684718544,-0.1438274129685313,-0.9082257679442315
6950,0,1,1,0,1,1,0,0,1,2,0,1,1,0,0,0,0,1,1,0,-0.9496695080907323,0.28670230862500934,-1.5358975373720407
6951,0,0,1,0,0,0,1,0,2,0,1,0,2,2,1,2,2,1,1,1,1.9492292829182798,-0.002661656553830216,2.3914871280858865
6952,0,1,1,0,0,0,0,1,2,0,0,0,1,0,0,1,1,1,1,1,0.8053230068084763,1.037175406207295,0.35666863690805656
6953,0,0,0,0,0,0,0,0,0,1,0,1,1,0,0,1,1,1,1,0,1.0869268884988337,0.46772522507096265,-1.720564486332587
6954,0,1,0,1,2,0,1,1,2,0,1,0,0,1,0,1,0,1,0,0,0.9927326732701538,-0.02888504473595216,-1.1852616232722404
6955,0,0,2,0,0,0,0,1,1,1,1,1,1,1,0,0,2,2,2,0,-1.1792902861224939,-0.5948653084193047,-0.413826360456075
6956,0,0,0,0,0,1,1,0,1,0,1,1,1,0,0,0,0,1,0,1,0.01431558465924199,-1.046773958562698,-0.30826771509330686
6957,0,1,2,0,1,2,1,0,1,2,1,0,0,0,0,1,0,0,1,1,-1.3263159878995188,-0.350376982608589,0.22043730142647264
6958,1,0,1,1,0,0,0,0,2,1,0,0,1,0,0,0,0,0,1,1,2.003273372811157,0.8314703228933965,0.6106260050782918
6959,0,0,1,0,0,1,0,1,0,1,1,0,1,0,1,2,1,0,1,0,-2.1457177473357354,-0.14998545524276252,-0.41291036191608665
6960,0,1,1,0,0,2,0,0,2,0,0,0,2,0,0,0,0,1,1,0,-2.161522181777527,-1.2621503670579348,0.8314586620569466
6961,1,1,0,0,0,0,0,0,1,1,0,0,0,0,0,1,1,2,0,1,-0.552808225208781,-1.6093545557554465,1.3002144806159426
6962,0,1,0,0,0,0,0,0,1,0,1,2,0,1,1,2,1,0,0,0,-1.1919862388188451,0.7530723156159438,-1.585306444326879
6963,1,1,1,0,0,1,1,0,2,0,0,2,2,0,0,2,1,0,1,0,1.8282776119479818,0.2558877228173425,1.4979654182768878
6964,0,1,0,0,0,0,0,0,1,0,0,0,0,1,0,0,1,0,0,1,0.11051005838867586,-0.10237330090899546,-1.0917849551573482
6965,0,2,1,0,0,0,1,1,2,1,0,1,1,0,0,2,2,0,0,1,-0.7762625941972057,-0.4235272758307672,0.44362483355798527
6966,0,0,1,0,0,0,0,0,0,1,1,0,2,0,0,0,1,1,2,0,1.0578518565926607,-0.5820538748880135,0.12487025809181504
6967,0,0,0,0,0,1,0,0,2,1,1,0,1,0,0,1,0,0,2,0,0.3023850077791938,-0.46712736270926447,-1.0523537798598603
6968,1,1,1,0,0,1,0,1,0,1,1,1,1,0,0,0,0,0,1,0,-0.9616739358384893,0.49472044190657827,-0.28063182245875773
6969,0,0,2,0,1,1,0,0,0,1,1,1,0,1,0,1,0,0,2,1,-1.0936511406090794,-0.4906257648392148,-1.1978648980939997
6970,1,0,1,0,0,2,0,1,0,1,0,2,1,0,1,2,1,1,0,1,-0.03258514728996421,1.47624098335446,-0.4674641279491768
6971,0,0,0,0,0,1,0,0,2,1,1,1,0,0,1,2,0,1,1,0,0.03578390841975858,-1.0864398739780836,1.8973214370906628
6972,1,0,0,0,1,2,0,1,2,0,0,2,2,1,0,2,1,1,1,0,-0.03523811548776749,1.0510946204677127,1.5912851978102962
6973,0,0,0,1,0,1,0,0,1,1,0,0,0,0,0,1,1,0,1,0,0.34207097252832097,1.9493351173380273,0.7749457665891117
6974,0,1,0,0,0,1,0,0,1,1,0,0,0,0,0,0,0,1,1,1,-0.5927794125482481,0.16893350012717928,-0.15703045138683303
6975,1,0,0,0,0,1,0,0,0,1,1,0,2,0,1,1,1,0,1,1,-0.5064572838233043,-0.8402339001736964,1.5015503854419125
6976,0,1,0,0,0,0,0,0,1,1,0,1,0,0,1,0,0,0,0,1,-1.8514301231923629,-0.07194064756395369,1.4217493683301416
6977,0,0,1,0,2,2,0,0,1,0,1,0,0,1,0,1,1,0,0,1,-0.529848167653274,-0.14626256729530027,-0.5902276459460166
6978,0,0,2,0,0,1,0,0,2,1,0,1,1,2,0,0,1,1,1,0,1.1081291929611423,1.3557809098653162,0.6649092420150486
6979,0,0,0,0,0,1,0,1,2,0,0,0,0,0,1,1,1,0,1,0,0.13082883352954405,-0.43767574652038177,-0.7770404964854573
6980,0,1,1,0,0,2,1,1,0,2,1,0,1,0,0,1,0,1,1,0,-0.18206496749862539,-0.5346074708175601,1.993308931234643
6981,0,0,2,0,1,1,0,0,1,0,1,1,0,0,0,1,1,0,0,1,-0.9384049433887711,0.6056989544413671,-0.011914786336220132
6982,0,0,2,0,0,1,0,0,2,1,0,1,1,0,0,2,1,0,0,1,-0.28940990817037965,0.12673563086362788,-0.5999415248526768
6983,0,1,0,0,1,1,0,0,1,1,0,0,0,1,0,1,0,2,2,0,1.0904621548486904,0.8607907049690386,1.1887522857025183
6984,0,1,1,0,0,0,0,0,2,0,0,0,1,1,0,1,0,1,2,1,-1.2021822171853347,0.81748929005626,-0.08434176244676708
6985,0,0,1,0,1,1,0,0,2,1,0,0,0,1,0,1,1,1,1,1,0.48545172332281167,2.2659908887365177,1.4475223736349072
6986,1,1,1,0,0,0,0,0,1,1,0,0,0,1,0,1,0,0,1,0,0.6454984609725141,1.1298310582953208,-0.7874634832703188
6987,0,0,1,1,1,0,1,0,1,0,0,0,1,1,1,2,1,1,1,1,0.6072088632010734,0.23043988964974577,1.3808146371640833
6988,0,0,1,0,1,1,0,0,1,1,0,2,1,0,0,1,0,2,0,1,-0.28854812937690744,2.498845829949082,0.5420254148156592
6989,0,1,1,0,0,2,0,0,1,1,0,1,0,0,1,2,1,1,2,0,0.4220682894593159,-0.794501116946202,0.2688177123960039
6990,0,0,2,0,0,0,0,0,0,1,1,0,1,0,0,0,0,1,1,1,-0.3733665098509972,1.1035877647227277,0.8159885514319145
6991,0,1,1,0,1,0,0,0,0,0,0,0,1,1,0,1,0,0,0,1,0.27132822227839254,1.2504806026302802,-0.306219228216443
6992,0,0,0,0,1,1,0,0,1,0,0,1,0,0,1,0,0,1,2,0,-0.3971142922337325,0.2810946896762987,-1.2193832900827828
6993,0,1,1,0,0,1,0,0,2,1,0,0,1,2,0,1,2,1,1,1,0.7377197504182372,0.0017421843407731674,0.6489530622055608
6994,0,0,1,0,0,1,0,0,0,1,0,0,1,0,0,0,1,1,2,1,-1.5929617774544678,-0.43078193040123686,-0.8816494533796734
6995,0,0,0,0,0,2,0,0,1,2,1,0,1,1,0,1,0,0,1,0,0.9527200125124068,1.1104230558035506,-0.6499582082542965
6996,0,0,0,0,0,1,1,0,2,2,1,0,0,0,1,2,0,0,1,1,-0.8047021429729748,-0.9846773162964515,-0.6989495508940645
6997,0,1,1,1,0,2,0,0,0,1,0,0,1,0,0,2,0,1,0,0,1.901922341815087,1.340876133288474,2.6271471724305915
6998,1,1,1,0,0,0,0,1,1,0,0,0,1,1,0,0,0,0,0,0,0.177805209951513,0.518834507894201,1.4815833148600805
6999,0,1,2,0,0,2,0,0,1,2,1,0,0,0,0,2,1,0,2,2,-2.0381022128957595,-1.2701466994060115,-0.6010091428282782
7000,0,1,0,1,0,1,0,0,1,0,0,0,2,1,0,0,0,2,1,1,0.8300206093075938,-0.2893288050547186,-0.7417391602436436
7001,0,0,0,0,0,1,0,0,1,1,1,0,0,1,1,2,0,1,1,0,0.16103858534690063,1.6424498020467702,0.5073785154766108
7002,1,0,0,0,1,0,0,0,1,0,0,1,2,0,0,2,1,0,1,1,1.645106572440416,0.6914857139772895,-0.9498180910572801
7003,0,1,0,0,0,0,0,0,0,0,0,0,1,0,0,1,1,0,1,1,-0.10138103289077038,1.701595568272181,0.4690414199315735
7004,0,1,1,0,1,2,0,0,2,0,0,1,1,0,0,1,0,1,1,1,1.847730552575947,1.7880668648602498,0.594970010982689
7005,0,1,0,1,0,1,0,0,0,1,0,1,1,1,0,2,1,0,0,0,-1.1469247425091682,-1.3950637054622304,0.8977337458151117
7006,0,1,1,0,0,0,0,0,1,2,1,2,0,0,1,0,1,0,2,1,0.3060132693825786,-0.051601076251227444,-0.9378958142927424
7007,0,0,0,0,0,1,0,0,2,1,0,1,1,0,0,0,0,1,1,0,0.903723411407063,-0.003655516416557647,0.4008806276376792
7008,1,1,1,0,0,0,0,0,0,1,0,2,0,0,1,2,2,0,1,1,-0.9664790787816584,-0.7074198987126458,1.2520636143969428
7009,0,0,1,0,1,2,0,0,2,0,0,1,0,0,1,1,1,0,0,0,0.4331949047865425,0.48690068163270483,0.9246167107198605
7010,0,0,1,0,2,1,0,0,1,0,0,0,2,0,0,0,1,0,2,0,-0.655851009880086,-1.6627033360093093,-1.1874132109826654
7011,0,1,1,0,0,2,0,0,0,0,1,1,1,0,1,0,1,0,0,1,0.2770513030009864,-0.4242348766191361,0.2757181275198818
7012,0,1,1,0,1,1,0,2,1,2,0,1,0,1,0,1,0,2,1,1,0.1538631638332067,0.6037681692950144,-0.40793125807325215
7013,0,0,0,0,0,1,1,0,1,1,0,0,0,1,0,0,1,0,1,0,1.3353747559040383,0.751401439284561,-0.733569448144708
7014,1,1,1,0,0,2,1,0,1,0,0,2,0,1,0,1,1,1,0,1,0.4699230442589487,0.24612902124660885,-0.12498646125429734
7015,1,2,0,0,0,2,0,0,1,1,0,0,1,1,0,0,1,1,1,0,-3.235432492829583,-2.472308646852884,0.7765848595741025
7016,1,2,0,1,0,0,0,0,2,1,0,0,2,0,0,1,1,1,2,1,0.06245724521304947,-0.2538204167456057,0.5498411540437141
7017,0,0,1,1,1,1,0,0,0,0,2,0,1,0,0,1,2,2,0,1,-1.6644057731146462,-0.8415910334960408,0.5932528549892853
7018,0,0,2,0,0,1,0,0,1,0,0,0,2,0,0,2,0,2,1,1,-1.1534154376891013,-0.5189878765029667,0.09652447195378602
7019,1,1,2,0,0,1,0,0,1,1,0,1,2,1,1,0,1,0,0,0,-2.144922999144012,-0.9007270874384474,-0.23520805835127595
7020,0,0,0,0,1,2,0,0,1,0,0,0,1,0,0,1,0,0,0,0,0.17765440702553398,-0.036610700796173734,0.04071112211985545
7021,0,0,0,0,0,0,0,0,2,0,0,1,2,0,0,1,0,0,1,1,0.24997340898245624,1.0832784350824514,0.39639651487499317
7022,1,0,0,0,0,2,1,0,1,1,1,0,1,0,0,2,2,0,0,0,-0.11720474760331247,-0.44610375106434386,1.482062024589144
7023,0,0,0,1,0,2,0,0,2,0,0,1,1,1,0,0,0,1,1,2,-0.4600182469734751,1.1064156635451121,-1.8107605471716577
7024,0,0,0,0,0,2,0,0,0,1,1,0,1,0,0,1,1,0,1,1,-0.7022926270644126,1.2617726647448482,0.3358909002443943
7025,0,1,1,0,0,1,0,0,0,2,2,1,2,0,0,1,1,1,0,1,1.1351343873496524,0.27467623383377343,1.1298371548287998
7026,1,1,0,0,0,1,1,0,1,0,0,2,1,0,0,0,2,1,0,1,-0.6227110788735192,-0.8048763626927357,1.1410268625655213
7027,0,1,1,0,0,1,0,0,0,1,0,1,1,0,0,0,1,0,1,0,1.2805835899823377,0.2882697900264173,0.30976831189376863
7028,0,1,1,0,0,1,0,1,2,0,0,2,1,0,0,0,0,2,0,2,0.15667925778785943,0.4010435160824949,-0.6579844171062864
7029,0,1,0,1,1,2,0,0,1,1,1,2,0,0,1,1,2,1,1,1,0.6991705141777388,-0.577557413954264,0.30112703302955346
7030,0,1,1,0,0,1,0,1,1,1,1,0,1,1,0,0,2,2,0,0,0.2141481536459972,-0.3186506657205014,0.755880549519326
7031,0,1,0,0,0,0,0,1,1,1,0,0,1,0,1,0,0,1,0,0,-1.7423059122191489,-0.7713086592337559,0.4108451439333453
7032,0,0,1,0,0,0,1,0,2,0,1,1,2,0,0,0,0,0,1,1,0.9186372106330486,-0.5148554863381078,-0.7448246721585887
7033,0,2,0,0,1,2,0,0,1,1,0,0,2,1,0,2,1,0,0,0,-0.04895793930584575,1.105730696055658,0.9394668479271128
7034,0,1,1,0,0,2,0,0,1,0,0,1,1,0,0,1,1,1,0,0,0.5340355337090238,0.09662484689237683,-0.44096324216527205
7035,0,0,1,0,0,1,0,0,0,1,0,1,1,0,0,1,0,0,0,1,-0.5312496351879593,-0.6062780069836917,-0.3527482115771429
7036,0,1,1,0,0,1,0,0,1,1,1,2,0,0,0,0,0,0,1,0,1.135983595234681,-0.17281697954558256,2.0520902728175474
7037,1,0,0,0,0,0,0,0,2,0,1,1,1,0,0,2,2,0,0,0,-0.5346857844603421,-0.9612234060775495,-1.5492967694202613
7038,0,1,0,0,1,0,0,0,1,1,0,0,0,0,1,0,0,0,0,1,-0.3595572539616675,-0.22150231180957988,-1.3154332164742817
7039,0,0,0,1,2,1,1,0,0,1,1,1,2,0,0,1,1,0,1,1,-0.22187348100292453,-0.17838729540025455,0.5607255877283139
7040,0,0,0,0,0,1,0,0,0,1,0,1,0,1,1,2,0,0,2,0,-0.2859890571574628,-0.030739252012407237,-1.6599891439412986
7041,0,0,1,0,0,1,0,1,2,0,0,0,0,0,1,1,0,1,1,1,-0.37350317060647226,1.6757910054824532,-0.4811023489316542
7042,0,1,2,0,0,0,0,0,1,0,0,0,1,0,1,1,2,1,1,0,0.058694650649649974,0.1476522447400995,-0.6686566106422188
7043,0,0,1,0,0,1,0,0,1,1,2,0,2,0,0,0,1,0,0,0,0.5217491252318358,-1.4836165692035979,-0.9391296153874426
7044,1,2,0,0,0,2,0,0,1,1,2,0,0,0,0,1,1,0,2,1,-1.0366666534362405,0.6053120294925045,-1.04808973827473
7045,0,0,1,0,0,0,0,1,1,1,0,0,1,1,0,0,1,0,1,0,1.8985078315848918,0.12271964572143457,-0.45159973702070366
7046,0,0,1,0,0,0,0,0,1,1,0,1,1,0,0,1,0,0,2,1,-0.7048345915254848,-0.5955192425088573,1.8545737190057328
7047,1,0,0,1,1,1,0,0,1,2,1,0,0,0,0,0,0,1,1,0,-0.16291737990736482,-0.04138791135886298,-0.0295253464839754
7048,0,0,1,0,1,1,0,0,1,1,0,1,1,1,0,1,0,1,1,0,-0.2762935894788696,1.2884941248887216,1.0587480652420636
7049,2,0,0,1,1,0,0,0,1,1,0,0,1,0,0,1,0,0,2,1,-0.849284748380669,0.059495434696967664,1.0382007594604288
7050,0,1,1,1,0,1,0,0,0,0,0,1,0,0,1,1,0,0,0,0,-0.5496091555824365,-0.3880931101525861,1.645361545594607
7051,0,1,0,0,0,1,0,0,2,0,2,1,1,2,0,1,1,1,1,0,1.7806410691791286,-1.3955781813874397,1.1414091001769473
7052,0,0,0,1,0,0,0,0,1,0,1,1,1,1,1,0,2,2,0,1,-0.5319118750807704,-0.2830669568587102,-2.3438340641175093
7053,0,1,1,0,0,1,0,0,0,0,0,0,0,0,0,2,0,0,1,0,0.228409705242488,0.8035628023898201,0.2209388669604915
7054,0,0,1,0,0,1,0,1,1,0,0,1,1,1,0,2,0,1,1,1,-0.2827836425813496,1.6021289259487088,1.7638771982373678
7055,0,1,1,0,0,2,0,1,2,1,0,0,1,1,1,1,1,1,2,0,1.3485807942025252,0.2505490875146044,1.8179486036003976
7056,1,0,1,0,0,0,0,0,0,1,0,0,1,0,0,0,1,0,0,2,1.7317045400784414,1.1037147563841763,-0.3181576911722478
7057,0,0,1,0,2,0,0,0,0,0,0,2,0,0,1,1,0,0,1,2,-3.027425891134961,-0.985824988172731,-1.493354225886012
7058,0,1,0,0,0,2,0,0,0,0,0,0,1,0,0,1,1,2,2,1,0.09088101165929258,0.004107298574836549,0.027222269920223155
7059,0,1,1,0,0,1,0,0,1,0,1,1,0,0,0,2,1,0,1,1,-1.009773808608714,-1.4494921905139206,0.18657193067384573
7060,0,0,1,0,0,1,0,2,2,1,0,2,2,0,0,0,0,1,0,1,0.44063540184944106,-0.3021799630833062,-0.008922255570232199
7061,0,0,0,0,0,1,0,0,2,1,1,1,2,1,0,1,1,1,2,1,-1.3221036835020643,0.1366474097952915,1.7667231229652427
7062,0,0,2,0,0,0,0,0,1,0,1,1,1,0,0,1,2,1,0,0,-0.3394462637235184,-0.5049370552912852,0.9140995283565784
7063,0,0,2,0,0,1,0,0,1,0,0,1,0,1,1,1,0,1,0,1,-2.841297156704786,-1.561385614931135,0.5130543329472158
7064,0,0,0,0,0,1,0,0,2,1,1,1,1,2,0,1,1,1,1,1,0.7158196545235053,1.1719649504413616,1.3422658770942688
7065,0,0,2,0,0,2,0,0,1,0,0,0,0,1,0,0,1,0,1,1,0.44458746318367365,-0.2401440807061393,-0.708858520631873
7066,0,0,0,0,0,1,0,0,0,1,0,0,0,1,0,0,1,0,0,1,0.6895378327387215,-0.6440185497230034,0.5212215676197065
7067,1,2,1,0,0,1,0,0,0,1,0,0,1,0,0,1,1,0,2,1,1.8825129720116456,2.140076455350412,2.0489907501448035
7068,0,0,1,0,0,0,0,0,1,0,1,1,2,1,0,0,0,0,0,0,1.6769952400611754,-0.1497682237929247,0.4318773000018918
7069,1,0,2,0,0,1,0,0,2,1,0,1,0,0,0,0,1,1,0,2,-0.6889593769118039,-0.21673085591733704,-1.0228341284431361
7070,0,0,1,0,0,1,0,0,1,0,0,0,0,0,1,0,0,0,2,0,0.29130714214372566,1.4263443236837179,-0.9456115088159587
7071,1,2,1,0,0,2,0,0,1,1,0,1,0,0,0,0,1,0,1,0,0.10246370436307686,-0.01043198873684753,-1.4124150092610037
7072,0,0,1,0,0,0,0,0,1,1,0,0,0,0,0,1,0,0,0,0,0.7172136856284248,-0.00041447378724873696,-0.8036726654399238
7073,0,1,1,0,1,1,0,0,0,0,0,0,0,0,0,2,1,1,2,0,-0.4997520779927203,-0.4640468014949124,1.1576255550124608
7074,1,0,1,0,1,0,0,0,0,0,1,0,0,0,1,1,0,1,1,1,-1.4576750547180508,-0.9441251310080079,1.9062258041246047
7075,0,0,1,0,0,1,0,0,1,0,1,2,1,0,0,1,0,2,2,1,0.03665141595364694,-0.2707469329537873,-0.9199425631801418
7076,0,0,1,0,0,1,0,0,0,1,2,0,1,0,0,0,0,1,0,0,-0.49838962197914455,-1.1498082143910777,0.14703917699247496
7077,0,1,0,1,0,0,0,0,0,1,0,1,2,0,0,0,0,0,2,1,-0.07822197879658047,-0.9784098886219919,-0.669522406866872
7078,0,0,0,0,1,0,0,0,1,1,1,1,0,0,0,0,0,1,0,0,-0.29925112760408884,0.5689801163627186,-0.46412706594478
7079,0,0,1,0,1,0,0,0,2,1,0,0,0,0,0,1,1,1,2,0,0.524963968086549,1.0998153044902075,0.1150248073760341
7080,0,1,1,0,0,1,0,0,1,0,0,1,1,1,0,2,1,1,0,0,0.36601015427362116,-0.2201044664036484,0.3142712522644556
7081,0,1,1,0,0,0,0,0,1,2,1,0,1,0,0,0,1,1,0,2,1.991815778758686,1.1115142077398807,0.08849974208730249
7082,0,0,0,0,0,1,0,0,2,1,1,1,0,0,0,0,1,0,1,0,1.1560295183045386,-0.2506341947414621,1.0562662027424516
7083,0,0,0,0,1,1,0,1,0,1,1,0,0,0,0,1,1,1,1,0,-0.00704304430573067,-0.04767891544905977,-0.9587666641601741
7084,1,0,2,0,1,2,0,0,0,1,0,0,1,0,0,1,0,0,1,0,1.5857738779238515,-0.16655408459370136,0.6930495141504965
7085,0,1,0,0,0,2,0,0,2,0,0,0,1,0,0,1,2,0,1,0,-1.1047671554952103,-2.3462072189841425,1.3310440677175364
7086,0,0,1,0,0,1,0,1,1,0,0,0,1,0,0,1,0,0,0,1,2.2949491060582377,0.30717448766361466,-0.897729134981362
7087,1,1,0,0,0,2,0,1,1,1,2,0,1,0,0,1,1,0,1,1,0.9862755149002144,0.6472430102719177,2.018297923300618
7088,1,1,1,0,0,2,0,1,2,1,0,0,0,1,0,1,0,2,1,0,-0.8986825873748681,0.2495072078657892,0.7634316639848147
7089,0,1,0,1,1,2,0,0,1,1,0,1,1,1,1,0,2,2,2,0,0.6648366514250045,-0.22947705567991428,-0.3509039072497365
7090,0,0,0,0,0,0,0,0,0,0,0,0,0,0,0,0,1,0,1,2,-0.8910377501039565,0.521060456049709,-2.019678407950451
7091,0,0,1,0,0,1,0,0,2,0,1,0,1,2,0,0,0,0,0,1,0.504815029601796,-1.3348254270633082,0.3217906414099745
7092,0,1,1,0,0,0,0,0,1,0,1,1,0,0,1,0,1,1,2,1,-1.4982374710850055,-1.683546257036908,0.12175473401412605
7093,1,0,0,1,0,2,0,0,1,1,0,0,0,0,0,1,1,0,0,1,0.4671863518252986,0.8292977562527447,-0.6902727272890206
7094,0,1,1,0,1,1,0,0,1,2,0,2,2,0,1,1,1,1,2,1,1.6735498263251605,0.5570459101715441,-0.8205911641238954
7095,0,2,0,1,0,2,0,0,1,1,0,0,1,1,0,1,1,0,0,1,-0.9060847479137296,-1.5020734880369353,0.55260112442895
7096,1,0,0,1,0,1,0,0,1,1,0,0,2,0,0,1,1,0,2,0,0.6325268057165914,0.012842429222900908,0.11565726719005956
7097,1,0,0,0,0,2,0,0,1,1,0,0,0,0,0,1,1,1,1,0,-0.8334334118561384,1.299471155354912,-0.6574272105359957
7098,0,0,2,0,0,1,0,0,1,1,1,1,0,0,0,0,1,1,2,0,0.019462597880425234,0.9173958350868865,1.7864955446688457
7099,0,1,1,0,0,1,0,0,0,1,0,0,1,0,0,0,0,0,1,1,0.39232961544730754,0.8103938231519543,0.23608010314418099
7100,0,0,1,0,0,1,0,0,2,1,0,0,1,0,0,1,0,0,1,0,0.3015299142655388,-0.4244721491970746,1.0506469347563943
7101,0,1,1,1,0,2,0,0,2,1,0,0,0,0,0,1,2,1,1,0,1.0685421580325014,-0.7961357994341618,0.19357498503178303
7102,0,0,0,0,0,1,1,0,2,0,0,0,0,0,0,1,0,0,1,0,-0.23461946391238186,-0.33575033756329725,-0.24538481078776428
7103,0,2,1,0,1,1,0,0,1,1,0,0,0,1,0,1,0,0,2,0,1.4299933511411829,1.8102297528732412,1.2214804502156045
7104,0,1,0,1,0,1,0,0,1,1,0,2,0,0,0,1,1,0,0,0,-0.5880561975469198,-1.016605647986104,-0.17695205601769576
7105,0,0,1,0,0,1,0,0,2,1,0,0,1,0,1,2,0,0,1,0,0.2036839905032612,1.2161708572292944,1.5732119064166419
7106,0,0,0,0,0,1,0,0,1,0,0,0,0,0,0,2,1,0,2,0,1.1579975692639863,0.1222153887276004,0.2969114218220594
7107,0,0,1,0,1,1,1,0,1,1,1,0,0,1,0,1,1,2,1,0,-0.14107660902644303,0.10557502855793949,0.9190954256896707
7108,0,0,0,0,1,1,0,1,1,1,1,1,1,1,1,2,0,1,1,0,1.0380885457612001,-0.4487792057212151,-0.23928785125985516
7109,2,0,1,0,0,2,0,1,1,2,1,0,1,0,0,2,1,0,0,1,-1.0727254282507168,-0.07792574512720749,1.9821093721532759
7110,0,0,1,0,0,0,0,0,0,1,1,1,1,0,1,2,1,0,0,1,-0.16490172633406397,1.641007599001199,-0.48762410473405743
7111,1,0,1,0,1,1,0,0,0,0,0,1,0,1,0,1,0,1,1,0,-0.5007131516518138,1.1128306759305493,0.32853102365755155
7112,0,1,1,0,0,2,0,0,0,1,2,1,1,1,1,2,1,1,1,0,-0.950086692097241,-0.0896404380753088,-0.9672816361232961
7113,0,0,0,0,1,2,0,1,0,0,0,0,1,0,0,0,0,0,1,1,2.176733359494315,2.3544625322252397,0.664642207200152
7114,1,1,1,0,0,0,1,1,1,0,0,1,2,1,0,1,0,0,1,1,-1.8879340570613599,-0.25515025882447084,0.5372319651532509
7115,0,2,0,0,0,1,0,1,1,0,1,0,2,0,0,1,1,0,1,1,0.5772818041617259,-0.002917517433659811,0.30318392136887934
7116,0,1,2,0,0,1,0,0,0,0,0,0,1,0,1,2,1,1,1,1,-1.47896045149278,-1.5022351158966332,0.8977018929315566
7117,0,0,0,0,0,0,0,1,1,0,0,1,2,0,0,0,1,1,1,2,0.5770356908659156,0.056973916727403075,1.1775337110074178
7118,0,0,0,0,0,0,0,0,1,0,0,0,0,0,0,1,1,1,0,0,1.0956190701027193,0.008498811053139876,0.20506461639017956
7119,0,1,0,0,0,1,0,0,0,1,0,0,1,1,0,0,0,0,2,1,-0.10959606131103965,-0.02634057138149784,1.4654626036388527
7120,0,0,0,0,0,0,0,0,1,1,1,1,1,0,0,0,0,1,1,1,-2.007336531952818,-1.6459129249990552,1.1752255515790018
7121,0,0,1,1,1,1,0,0,0,2,1,1,0,2,0,0,2,0,1,1,-1.0181274401496203,-0.924390443474439,0.9644984702768464
7122,0,1,0,0,0,1,0,0,1,1,1,0,1,1,0,1,1,1,2,1,-0.8805204792444228,0.7068289457609516,-3.6775789725231474
7123,0,0,1,1,0,2,0,1,2,1,0,0,0,1,0,1,0,1,1,0,-0.19674884733127027,-0.21566848503748437,0.8733338632222813
7124,0,0,0,0,0,1,0,0,1,1,0,0,1,0,0,2,0,0,0,1,-1.61845914147656,0.8242460097254661,-1.807247709021884
7125,0,0,0,0,0,2,0,0,2,1,0,2,0,0,0,0,0,0,1,0,-0.1226957538720221,0.002814403249248195,0.8972576009739046
7126,0,1,2,0,1,1,0,0,0,1,0,1,0,0,0,2,2,0,0,0,0.10235618142676375,-0.09235286067289084,-0.15750611731454084
7127,0,1,1,0,0,1,0,0,2,1,1,0,1,0,0,1,2,0,2,1,-1.8246088179515496,-1.5252407358457418,0.8984898660313541
7128,0,0,1,0,0,2,0,0,1,0,0,1,1,1,0,1,0,1,1,0,0.15689049916214695,-0.3861163817723055,-0.708704871889893
7129,0,0,0,0,1,2,0,0,0,0,1,2,2,1,1,1,0,0,1,1,-0.4169514446801177,0.8950219899526743,1.32264747161701
7130,0,0,0,0,1,0,0,0,1,1,0,1,0,0,0,0,2,1,2,1,0.06789233131999756,0.4970949349085862,0.4422905772513568
7131,0,1,1,0,0,0,0,0,1,1,0,1,0,0,0,1,0,1,0,0,-0.25064175348509615,-0.9932955864738485,-0.39603451699415826
7132,1,0,1,0,0,2,0,0,2,1,0,1,1,0,1,2,1,1,1,0,-0.35679193700257705,0.4374358175495253,-0.4667982693577679
7133,0,0,1,0,0,1,0,0,1,0,1,0,1,0,0,1,1,0,0,0,-0.8027933649719416,-0.07895073740653857,-0.8071223694742361
7134,0,1,2,1,1,1,0,0,0,0,1,0,0,0,1,1,2,0,0,0,-0.5790583497206325,-0.687481433182884,-2.110484522431497
7135,0,1,0,0,0,2,0,1,1,0,0,0,1,0,0,1,0,2,0,1,-0.1137074688639682,0.727070015794024,-0.011049113073363426
7136,1,0,1,0,1,0,0,0,1,0,0,0,0,0,0,0,2,1,1,1,-0.04549306687198355,-0.4909274683767091,0.357791090356163
7137,0,1,1,0,1,1,0,0,2,0,1,1,1,1,0,2,0,1,0,2,0.446329760574747,-0.1826761385339191,1.815786417562706
7138,0,1,1,0,0,1,0,0,0,0,0,0,0,1,0,0,0,0,2,1,2.223944317762935,-0.24319194715587256,-0.03290107890732619
7139,0,1,1,1,1,1,0,0,1,0,1,0,0,0,0,0,1,0,1,1,2.441083675933311,0.5938923248267876,-1.0408733873787392
7140,1,0,1,0,0,1,0,0,1,1,0,1,0,2,0,0,1,0,1,0,1.508168055457083,0.5580016017931693,0.4791749923533932
7141,0,1,0,0,0,0,0,0,1,1,1,0,0,0,0,1,1,0,2,1,0.76026348255743,0.7632793522831964,1.8865370281153293
7142,1,0,0,2,0,0,0,0,1,0,1,0,1,0,0,0,0,0,2,1,0.04531031723320389,1.1126190461291197,0.4717130646210034
7143,0,1,1,0,1,1,0,1,1,0,1,0,1,0,0,1,0,0,0,1,-1.7436549411580289,-0.35065259356420486,0.16239991907394258
7144,0,1,2,0,1,2,0,0,2,0,1,1,0,0,1,2,2,1,1,0,-1.9157391957964052,-2.5392450744458963,1.610270361142681
7145,1,0,1,0,1,1,0,0,2,0,0,0,0,0,1,0,1,2,2,0,-0.446498517751962,0.2127382968096191,0.7818950069173818
7146,0,0,1,0,0,2,0,0,0,1,0,2,1,1,0,0,2,1,1,0,0.5594446697257053,-0.2280023690479054,0.20964292603003257
7147,0,0,0,0,0,2,0,0,1,1,1,1,1,1,0,0,0,0,1,1,0.44505207929663737,1.1243268484423825,-0.42499053427784195
7148,1,2,0,0,1,1,0,0,1,0,0,0,1,0,0,2,1,1,1,1,-0.12103484451546169,-0.8925155320278013,0.17235727536181397
7149,0,2,0,0,0,1,1,0,1,1,0,2,1,1,0,1,1,2,0,1,-0.13129495101232458,0.39650569721076856,-0.38278785315383607
7150,0,2,0,0,0,1,0,0,1,0,0,1,1,0,0,1,1,1,1,0,0.43295121034739315,0.9747846850656915,1.7689628400187254
7151,0,1,1,0,0,0,0,0,1,1,0,0,1,0,0,1,1,0,0,0,-0.5823752893970089,-0.26723905418960764,-2.8322844462401897
7152,0,0,0,0,0,1,0,0,1,0,0,1,0,0,0,0,2,1,0,1,-1.380917983441021,-0.5392648257713616,-0.1700882431446878
7153,0,1,0,0,0,2,0,1,0,1,0,0,1,1,0,1,1,1,1,0,0.3071960057669599,-0.01656933505354563,0.026957031887698192
7154,0,0,1,0,0,0,0,2,1,1,0,0,1,0,0,0,0,0,1,1,-0.9017276618539029,1.7139832383737323,1.082899941395356
7155,0,1,0,0,1,2,0,0,0,0,1,1,0,0,0,1,0,0,1,1,0.7466141710588106,0.872030797657424,-0.6313788127220531
7156,0,1,1,0,1,1,0,1,2,0,1,1,1,0,0,1,1,1,1,0,1.9709402681155983,0.0388014866124079,0.805718373750131
7157,0,2,0,0,0,1,0,0,1,0,1,0,0,0,0,1,1,0,1,0,-0.03932093867822017,-2.6182940067120293,0.35270271148642907
7158,0,0,0,0,0,0,1,0,2,0,0,1,2,0,0,1,0,2,0,0,1.0027970107378361,-0.15372182411464458,0.6134797160842371
7159,1,0,0,0,0,1,0,1,1,1,1,2,1,0,0,0,1,0,0,0,0.5953240728298452,0.2489424027330372,-0.6598749603327245
7160,0,0,0,0,0,1,0,0,2,1,0,2,0,0,0,0,1,0,1,1,-0.19478871432615869,0.9634337702029935,2.457130815522258
7161,0,0,1,0,0,2,0,0,1,1,0,0,1,1,0,1,0,1,0,0,-0.9246149822440572,0.9811731832243695,0.22413765872993094
7162,0,0,1,0,0,1,2,0,1,1,1,1,2,0,0,1,0,0,0,1,2.196777107399932,0.6533269722712929,-1.0154330329737011
7163,0,1,0,0,0,2,0,0,0,1,0,0,1,1,0,2,0,1,1,0,0.5465704137135831,-0.2967285545553091,-0.3278594218970888
7164,0,0,1,0,0,2,1,0,1,1,1,0,2,0,0,1,2,0,0,0,0.5916001327757576,0.5396187560520569,-0.9447149480492569
7165,0,1,2,0,0,1,0,0,1,0,0,0,0,1,1,1,1,0,1,0,-0.48501921023899663,0.5055798924518174,0.7313722069306995
7166,0,2,2,0,0,1,2,1,1,1,0,0,1,2,1,0,2,0,1,1,-0.16235494744945736,0.40974995866802566,-0.612641772126562
7167,0,1,1,0,2,1,1,0,1,1,0,0,0,0,0,1,1,0,0,0,-1.6236387778891899,-0.07887917466350636,-1.1366666095654356
7168,0,1,1,0,0,1,1,0,1,1,1,2,0,1,0,1,2,1,1,1,0.20123419958033775,0.11137070968298433,1.2864878013254994
7169,0,0,0,1,0,1,0,0,2,0,0,0,0,0,0,1,0,0,2,0,-1.2885726446932542,-0.07596023111905077,-1.3663580684762575
7170,0,0,1,0,0,1,0,1,0,1,0,1,1,1,0,1,1,1,0,1,-0.2808489746204382,2.0359440493391507,-0.7748039769373904
7171,0,0,0,0,0,2,2,0,0,1,0,1,2,0,0,0,1,1,1,2,1.1680029983702682,2.443296704756005,0.4888258141853885
7172,1,0,0,0,0,0,0,0,2,2,1,1,1,0,0,1,0,0,1,0,-0.307408474183629,-0.06017825552350635,0.25447254739356195
7173,0,0,0,0,1,2,0,0,1,1,0,0,0,0,0,1,1,0,1,0,-0.3011306984004728,-0.8154911554247622,0.6354166569718915
7174,0,0,1,0,0,1,0,0,1,0,0,1,1,1,1,1,0,2,2,0,-0.7511573399559822,-0.501626878550743,-0.2675660045918373
7175,0,1,0,1,0,2,0,1,1,0,1,0,0,0,0,0,0,1,0,0,-1.0734740764155923,-1.4551788006572606,-0.22772980223990982
7176,0,0,1,0,0,1,0,0,2,0,1,1,0,1,0,0,1,1,0,1,1.0063163832128859,0.7974405593206648,0.4116338042587234
7177,0,0,2,0,0,0,0,0,0,1,0,2,2,0,1,1,0,1,1,1,-1.778580306120662,-2.8912788362741852,1.615953708757098
7178,0,0,0,0,0,0,0,1,0,1,0,1,0,0,0,1,0,0,0,1,-1.1958330017273284,-1.4300750831457987,0.557921747502546
7179,0,0,2,0,0,2,0,0,0,2,0,1,1,1,0,1,0,1,0,0,-0.21043317860303468,0.11157955328816249,-0.6262225571849945
7180,0,0,1,0,0,2,0,1,2,1,0,1,0,0,1,0,1,0,1,0,-0.9774957077947196,-0.3739647228654537,0.7272894770899203
7181,0,0,1,0,1,1,0,0,2,1,0,1,2,0,0,1,0,0,1,1,0.8781721430422335,0.41937651724597186,-0.29496847362529377
7182,0,1,2,0,0,1,0,1,1,1,0,1,1,0,0,0,0,1,2,1,-0.9299608087984431,0.08366516386473727,0.9304066591457769
7183,1,0,1,0,0,2,0,1,2,0,0,0,1,0,0,1,1,1,0,2,-0.5263972034642675,-1.1318372313878657,1.0670723528736388
7184,0,1,0,0,1,1,0,0,2,0,1,0,1,0,0,0,1,0,0,0,0.6684959081257155,-1.0100947932418776,0.8474055541588389
7185,0,1,1,1,0,1,0,1,2,1,0,0,1,1,0,0,1,2,1,1,0.5496483723167297,-1.1998971130166445,0.48947507832818016
7186,0,1,0,1,0,1,0,1,2,2,0,0,0,0,0,0,1,1,1,0,0.9751370541192386,0.7335990745413477,-0.9900448114099052
7187,0,0,0,0,0,0,1,0,2,1,0,1,0,0,1,1,1,0,2,1,0.07049395288985963,-0.4672239079920948,-1.9238095108852995
7188,0,0,1,0,0,0,0,0,0,1,0,0,1,1,0,2,0,0,0,0,0.06218676288410657,0.751569526527015,0.6189372985658672
7189,0,0,0,0,0,0,1,1,1,0,0,1,1,0,0,0,0,1,0,1,0.45726898566449115,-0.3955682771090131,-0.08331927438318537
7190,1,0,1,0,0,2,0,0,1,0,1,0,0,0,0,2,0,1,1,0,0.5119658004809976,-0.1501745388997675,-1.3362890196272559
7191,0,0,0,0,0,1,0,0,0,0,1,1,1,0,0,1,1,1,1,0,-0.009648092904492256,0.743357860982566,-0.25213402775760524
7192,1,0,0,0,0,1,0,1,1,0,1,2,2,0,0,1,0,1,1,2,0.7153883577961723,-0.005772950333786414,0.06679473528131022
7193,0,0,0,0,1,2,1,0,0,1,1,0,0,0,0,0,0,0,1,1,-1.1520176390183652,-0.5514082539269209,-1.544444836411937
7194,0,0,0,0,1,0,0,0,0,1,0,0,2,0,0,0,2,1,1,1,-0.6746211827455687,-0.8363074475978133,-1.1896577014840144
7195,0,1,0,0,0,1,0,0,2,1,0,1,0,0,0,2,0,1,1,1,0.13424103398222084,1.9658239720354445,1.1908599945097427
7196,0,1,0,1,1,1,0,0,2,0,2,1,1,0,0,1,2,0,1,1,-0.07266960877592003,-0.3277280221628567,0.022738442570963406
7197,0,1,2,0,0,0,0,0,0,0,1,0,1,0,1,1,0,0,1,0,-1.7215062981625924,0.026469592022448696,-1.4181051833569112
7198,0,1,0,0,0,0,0,1,1,1,0,1,1,0,0,1,1,1,0,0,0.07747462508214072,0.405267485109203,-0.10423076953646274
7199,0,0,0,0,1,0,0,0,2,0,1,2,1,0,0,0,0,1,1,1,-0.5574659225286288,-0.9458742700995199,2.0663515169614652
7200,0,1,1,0,1,1,0,1,0,1,0,0,1,1,0,1,1,1,0,2,2.1064450468215545,1.067823182187345,1.9591958815937658
7201,0,0,0,0,0,1,0,0,1,1,0,0,2,0,0,1,0,2,1,0,-0.5292826284606795,0.7586872914000388,-1.8818153723303248
7202,1,0,0,2,1,1,0,1,1,0,0,1,0,1,0,0,2,0,0,1,-0.6715987337889188,-1.453488609025503,0.5655405426153837
7203,0,1,2,0,0,1,0,0,2,0,0,2,1,0,0,1,1,0,1,0,1.0756699837249049,-0.0650995584451004,-0.06954734810830154
7204,1,1,2,0,0,0,1,0,1,0,0,1,1,0,1,1,2,1,0,0,-0.5265880248600375,-1.7290801871991937,-1.293028174700757
7205,0,0,1,0,0,1,1,0,1,1,0,1,1,1,1,0,2,0,0,0,1.2792146398464614,-0.9566304181629314,-1.7112140094979345
7206,1,0,1,0,0,1,0,0,2,0,1,0,1,0,1,0,0,1,0,1,-0.8604631143964009,-0.16377174892584934,0.22338652678099274
7207,0,0,1,1,0,1,0,1,0,2,0,1,1,1,0,0,0,1,2,0,0.6370351507941029,1.078319602147656,1.1325573279004788
7208,0,0,1,0,0,0,0,0,0,0,0,1,1,0,0,1,1,1,1,1,-1.5382543949597982,-0.7704265141989588,0.3844869984529438
7209,0,1,1,0,0,1,0,0,2,1,0,2,0,1,0,1,0,0,1,1,0.5689326510417905,-0.6605365376855321,0.25826237626596577
7210,0,1,2,0,0,1,0,0,1,1,0,1,1,0,1,1,0,1,2,0,-0.1935344628223968,0.1824339023993242,0.044239379832610184
7211,0,0,1,0,0,1,0,0,1,1,0,1,1,0,0,0,0,0,0,1,-1.0028951953060599,-1.4842611832886003,0.9166893870100596
7212,1,1,2,0,0,0,0,1,0,1,1,0,0,1,0,1,2,2,0,1,-0.23978578767964162,-0.5319593528032509,-1.6314777045551738
7213,2,0,0,0,1,1,1,0,1,2,0,0,1,0,0,1,1,0,1,1,0.03572202749215231,-0.0600653740215466,0.48617160089945805
7214,0,0,1,0,1,1,0,1,1,0,0,1,2,0,0,1,0,1,1,0,-1.1223855602392379,-0.5726383181116814,-1.0521007506681326
7215,0,1,1,0,1,2,0,0,2,1,0,0,2,0,1,1,0,0,1,1,-1.5024368295720933,-0.015900998099865338,-1.246815133343022
7216,0,0,0,1,0,1,0,1,2,0,1,0,0,0,1,1,0,1,2,1,-0.5631899751523115,-0.7430195973788237,-0.44836559166672973
7217,0,1,1,1,0,2,1,1,1,1,1,0,0,0,0,1,1,1,1,1,0.9614188454133438,-0.8240965649907723,-1.4741432117150381
7218,1,1,1,0,0,1,0,0,0,1,0,1,1,1,0,0,1,0,0,1,-0.4094713423056674,0.2922927282023041,-1.6117934055715806
7219,1,1,1,0,0,1,0,0,1,1,0,2,1,0,0,0,2,1,1,0,-1.591206644072147,-1.5429044805777532,1.4428657756139844
7220,0,1,1,1,0,0,0,1,1,1,0,0,1,2,0,0,2,0,0,0,-0.030641895635954357,-0.5863517076035625,0.9349045941648187
7221,0,1,0,0,0,0,0,0,0,1,0,1,1,0,0,0,0,2,0,0,-0.3898043836627809,-0.1908483280712374,-0.6247006084565583
7222,0,1,0,0,0,1,0,0,0,0,1,1,1,2,0,2,0,1,1,0,0.10676676298354187,-0.05155614570729222,1.0868436512453294
7223,0,1,0,2,0,1,0,1,2,0,2,0,0,0,0,0,1,1,1,0,0.12624207878799765,0.22121597977063578,1.552637684522011
7224,1,0,0,0,0,0,0,0,0,1,1,1,1,1,0,1,1,2,0,0,-0.9996131185105348,1.1045935223093593,0.5079203674877282
7225,0,0,2,0,0,2,0,0,1,0,1,1,1,1,1,1,2,0,1,1,1.279037531831709,0.5733967723844234,0.6559899135214615
7226,0,2,1,0,0,0,1,0,1,1,1,1,0,0,0,2,1,0,1,0,1.078147427953328,-1.5659497631883093,1.293834235770443
7227,0,0,1,0,0,1,0,0,1,2,1,2,1,0,0,1,0,0,1,0,-1.2058860560160978,-0.5156018128015182,-0.5634908161242514
7228,0,0,1,0,1,1,0,0,0,1,1,1,1,1,1,1,1,1,1,1,1.242141584178614,1.1170271801841016,1.5399345371178037
7229,0,0,0,0,1,1,0,0,1,1,1,1,0,0,0,1,1,0,1,0,0.7151548690905988,0.03804446462991626,-0.07257989069983048
7230,0,1,2,0,0,1,0,0,1,0,1,0,1,0,0,2,2,2,0,1,-0.19944158827858985,-1.0588541722732794,0.022548362980887096
7231,0,0,1,0,0,1,1,0,0,0,0,0,0,1,0,0,1,1,2,0,0.5352134915951879,0.38752374270319256,0.30389859827883436
7232,1,1,1,0,0,2,0,0,1,0,1,0,1,0,1,1,1,0,1,0,0.5745668768769149,0.8142263808569837,1.362346863191041
7233,0,1,1,0,0,1,0,1,1,0,0,1,1,0,0,0,1,1,0,0,0.46050203432043907,-0.009648550826898139,1.9011122422215097
7234,1,0,2,0,1,1,0,0,1,0,1,0,0,0,0,0,0,2,1,1,-0.23483321356742973,0.39625241670166494,-0.3588602161872062
7235,0,1,0,1,0,2,0,0,1,0,0,0,1,0,0,0,2,0,1,1,0.18076838688496294,-0.10179978430861032,-0.12336844472294495
7236,0,0,1,0,0,0,0,1,1,1,0,1,1,0,0,1,2,0,0,1,-0.05142441681894653,0.7458523215415352,-0.3940785642331101
7237,0,1,1,0,0,1,0,1,1,0,0,1,1,0,0,0,0,0,1,0,0.12787167444114522,1.5928825507892026,1.581817849938334
7238,0,1,1,1,0,1,0,1,2,1,0,1,0,0,0,1,0,0,2,0,-1.3631691314758456,-0.2215899229106756,-0.4318666866865085
7239,0,0,2,0,1,1,0,0,1,2,0,0,1,0,0,2,1,0,1,1,0.7202813693927289,0.9940590207941011,-1.6069737824931491
7240,0,0,0,0,1,1,1,0,2,1,0,2,2,0,0,0,1,1,1,1,1.4223943560645704,-0.7109764491718396,0.07388423701391522
7241,0,1,1,0,0,1,0,1,0,1,2,0,0,0,0,1,1,0,0,1,0.18603502868179733,1.1753837251353445,0.003350030262021131
7242,0,0,1,0,1,1,0,0,0,0,0,0,0,0,0,1,1,0,0,0,-1.2172937679382672,-0.00041700853316156694,0.5096688147119807
7243,0,1,0,0,0,2,0,0,1,1,0,1,1,0,0,0,0,0,0,0,2.0599267141934776,1.3425956101949597,1.0285754834331993
7244,0,0,0,0,0,0,0,1,1,2,0,1,1,0,0,0,2,0,0,0,0.5741164794563853,0.17405395370008916,-0.3859612600776562
7245,0,0,2,0,0,0,0,0,2,1,1,0,2,0,0,1,1,1,0,1,0.1973012452882123,-0.1481898677600675,0.5527567635771503
7246,1,0,1,1,0,1,0,0,1,1,0,0,0,0,0,0,1,1,1,0,1.0339460056972525,0.49275915624313416,-0.2172542391430978
7247,1,1,1,0,0,0,1,0,1,1,0,0,0,0,1,0,0,0,0,1,-1.2888187913864075,-1.7058337578757752,-0.20219205591673572
7248,0,0,0,1,0,1,0,0,1,0,0,1,1,0,0,1,0,1,1,1,0.37642491969169606,-0.03494903523768256,-0.8702704297855794
7249,0,1,1,1,0,0,1,0,1,1,0,0,0,0,0,1,0,0,1,0,-0.964866442972938,0.9223291866860961,-1.1382296908593132
7250,0,2,0,0,0,1,0,1,0,1,2,1,1,0,0,1,1,2,2,0,1.5453097166797238,-0.08060709847771669,-0.014252231702649415
7251,0,1,0,0,1,1,0,0,0,0,0,2,1,1,0,1,1,1,1,1,1.0287731998880394,0.02615086859809057,0.9205855408543988
7252,0,1,0,0,0,1,0,0,1,0,0,1,1,0,0,1,0,1,1,0,-0.4813059206667111,-0.16387456274209197,-0.5149738361365512
7253,1,1,0,2,0,0,1,1,2,0,1,1,2,0,2,1,2,1,1,0,0.5448251614881522,0.514532350854205,-0.8557772948865053
7254,0,0,0,0,0,0,0,0,2,0,1,1,2,0,0,0,2,1,2,0,-0.444988807598108,-1.36818305161072,-1.3573942693295966
7255,1,0,1,0,1,1,0,1,1,0,0,0,0,0,1,0,0,0,1,0,0.059971429864651545,0.9128113010311871,0.19832784663258096
7256,0,1,1,0,1,1,0,0,0,1,0,2,2,2,1,1,2,0,2,1,0.3952154699802698,1.832949164838904,-0.8694116829110469
7257,0,1,0,0,0,2,1,0,1,1,1,1,1,0,0,0,0,0,0,1,-2.1961224594613897,-0.32914124539762835,0.039691623107708573
7258,0,1,0,0,0,0,0,0,2,1,2,1,0,0,0,1,0,0,1,0,-0.3543834383939775,-2.47161439220959,-0.6362504968592676
7259,0,0,1,0,1,1,0,0,1,2,0,1,2,0,0,1,1,1,1,0,-2.6175831971482455,-0.5018973018545454,-1.4948144869929791
7260,0,2,0,0,0,2,0,0,1,0,1,0,1,0,1,1,0,1,1,1,0.9141887768848606,-1.3073694741100648,1.154767050382477
7261,0,0,0,0,0,2,0,0,1,0,1,1,0,0,1,2,1,0,1,1,-0.5448431015065437,0.6858531654964227,1.0161140013813093
7262,0,0,1,0,0,0,0,1,1,0,0,1,1,1,1,1,0,0,0,2,0.7172487051355324,0.07767869487730261,0.006674135714917623
7263,0,1,1,0,0,1,0,0,1,1,1,1,0,0,0,1,1,0,2,1,0.8191113952230997,1.1484628294343444,-0.7475673721446054
7264,0,1,0,1,0,0,0,0,1,2,0,0,0,0,0,0,1,0,1,0,-1.397886225727602,-0.3026761307565151,-0.2518623551518518
7265,0,2,2,0,0,1,0,1,1,0,0,0,1,1,0,1,0,1,1,1,-0.13974480065526396,1.0846542433693753,3.5480563595779158
7266,0,0,1,0,0,2,1,0,1,0,1,0,1,0,0,0,0,1,0,1,-0.16609660198372997,-0.530217190357623,0.3502097384613826
7267,0,2,1,0,0,0,0,0,2,1,1,1,1,0,0,1,1,0,0,2,0.6595956035260887,-0.5178725949315215,0.2993150010422898
7268,1,0,0,0,0,1,1,0,0,0,0,1,2,1,0,1,1,1,2,1,-0.05994445256683831,0.4559486235489084,-1.0748030966672968
7269,0,0,1,0,0,1,0,0,2,0,0,2,0,0,1,1,1,0,0,1,0.6211270701201544,0.13576735765747905,1.8498035967671673
7270,1,1,0,0,0,1,0,0,1,0,0,0,0,0,1,1,1,0,2,2,-0.24418183941206012,-0.8590865308771565,-0.14670877463050583
7271,0,2,0,0,1,1,0,0,2,1,0,0,0,0,0,1,0,0,2,0,-0.8881645615482205,0.07841164631522624,-1.7595135482960047
7272,0,0,0,0,0,2,0,0,1,1,1,1,0,0,1,1,0,0,2,0,1.3903925797728658,2.5127788701456852,0.034052721774547656
7273,0,0,1,0,0,1,0,1,1,1,0,0,0,1,1,0,0,1,0,0,-1.3462682146961518,0.057480466616306014,1.2457362777355696
7274,1,1,2,0,0,1,1,0,0,1,0,0,1,0,0,1,2,0,1,2,-0.30838781431629975,0.7185098695551863,-1.0388199252520047
7275,0,1,2,0,0,1,0,0,2,1,1,0,1,1,0,0,1,0,1,0,-1.6026468949645103,-0.6172243239502369,0.899503812993043
7276,0,1,0,0,0,2,1,0,0,0,0,0,0,0,1,0,1,1,1,1,-0.06987810895038908,0.06087922879910039,-0.7074598916372731
7277,0,0,2,0,1,2,0,0,1,0,0,0,0,0,0,1,0,1,0,0,-1.5747229274721413,-0.6385456193191466,-1.8763367661721406
7278,0,0,0,0,0,0,0,0,1,0,0,1,1,0,0,2,1,0,0,1,0.4743753876952258,-0.2991909619089663,1.2686633370515
7279,0,0,0,2,0,0,0,0,1,0,0,0,1,0,0,0,0,1,1,0,0.5295074294203365,0.09068796852619454,-0.284547825932817
7280,0,1,1,0,0,1,1,0,1,1,0,0,0,2,0,0,1,1,0,0,-0.8925466005720488,-1.6140631939616823,-1.2688286498231662
7281,0,0,1,1,1,0,0,0,0,0,0,1,0,0,1,1,1,1,2,1,0.5868642737467623,0.37136494015281246,1.6921462100584808
7282,0,0,0,0,0,1,0,0,0,1,0,1,0,0,1,0,0,1,1,1,0.8957052543658507,2.0596330412039836,1.2902171402373954
7283,0,1,1,0,2,1,0,0,2,0,0,0,1,0,0,1,1,1,0,1,1.4487326107392229,0.2595232042763069,-0.567708004682145
7284,0,1,0,0,0,2,0,0,0,0,0,1,2,0,1,0,1,0,2,1,-0.8544615097500564,-1.5654295791497002,0.953842603002795
7285,1,1,2,0,0,1,0,0,0,0,1,0,1,0,0,1,1,0,2,0,0.22079599590773047,0.7424956770893345,-0.6510926111673152
7286,0,2,1,0,1,2,0,0,1,1,0,1,0,1,1,1,1,1,2,0,-0.34012631962935824,-0.4110671997013421,0.41873216327408036
7287,1,1,0,0,0,0,0,0,0,1,0,1,2,1,0,1,1,1,1,0,-0.196588323737257,-1.212685253485184,0.4329733352114357
7288,0,2,1,0,0,1,0,0,1,0,1,1,0,0,1,1,0,0,1,1,1.9462441170995874,-1.2329602627587541,0.03710553398865912
7289,0,0,1,0,0,1,1,0,1,0,0,0,1,0,1,2,1,2,0,0,-0.0408777052278112,-0.8254933333272776,-0.8953482144051815
7290,0,1,2,0,0,2,0,0,2,1,1,1,2,1,0,1,1,2,1,1,-0.7708703738188597,-0.3653525044896031,-0.8796344230699463
7291,0,0,0,0,1,2,0,0,1,1,0,0,1,1,0,1,0,0,2,1,0.47810947593010555,1.2001569282717108,-0.1306699657794046
7292,0,0,0,0,0,0,0,0,2,1,0,0,1,0,0,2,0,0,1,1,1.6394122408246026,-0.2096933189941863,0.5402405433611894
7293,0,1,0,0,1,1,0,0,0,2,0,2,1,1,0,1,0,0,0,1,-0.5971724168344518,-1.2180294422785487,0.31236048003653366
7294,0,1,1,0,0,0,0,0,1,0,1,0,0,0,0,1,1,0,0,0,-1.6747376385497237,-0.35910939974734934,-1.2314577173983778
7295,1,0,0,0,1,1,1,0,2,1,0,1,2,1,2,0,1,0,1,1,-1.8038842276415905,-1.6439711258427558,2.806571566935566
7296,1,0,1,0,1,0,1,0,0,0,0,2,1,0,0,1,0,0,1,0,-1.1936968122219098,0.1878009033753657,0.2391238887756881
7297,1,0,0,0,1,1,0,0,1,2,0,0,0,1,0,1,0,2,1,1,-1.521768027718235,-0.6494947335198188,0.4396812703833045
7298,0,0,1,0,0,2,0,0,2,1,0,1,1,0,0,1,2,0,2,2,-0.4922796956566096,0.3459410183158156,-0.5176147985141926
7299,0,1,2,0,0,2,0,0,1,0,0,0,0,0,0,2,1,0,2,0,-0.030788574528939003,1.212093227721476,1.567049951224841
7300,0,1,0,0,0,0,0,0,1,1,1,2,1,0,0,1,0,1,1,0,-1.6586148229265145,-2.3044886234942012,0.5955440539992745
7301,0,1,1,0,1,1,0,1,0,0,0,0,2,0,0,1,1,0,0,0,-0.34596211412682026,-1.1254224871569167,1.1249404817407813
7302,0,1,2,0,1,1,0,0,2,0,0,0,0,1,0,1,1,0,2,0,0.0773820707588583,2.378673652530283,1.1868373639022562
7303,1,0,0,0,0,1,0,0,1,2,0,0,0,0,0,1,1,2,1,2,0.19152280842978261,0.16997932767645685,0.7347465682546012
7304,0,0,0,0,0,2,0,0,1,1,0,1,1,1,0,0,1,0,1,1,0.6266420031991488,1.1618517291255837,-0.051706874589048935
7305,0,1,0,0,0,1,0,1,1,0,1,0,1,0,0,1,0,0,1,1,-0.34313747656380167,-0.2863624098543296,-0.2366814177862689
7306,0,0,0,0,1,0,0,0,0,1,1,0,1,0,0,2,2,2,1,0,1.3308046955913542,0.3673542855763836,0.17968629883882847
7307,0,1,1,0,0,2,0,0,2,0,1,0,0,0,0,2,0,0,2,0,1.2058783413529899,0.32077051435810244,0.20030853232866513
7308,0,2,2,0,1,0,1,0,0,0,0,0,1,0,0,1,1,0,1,0,-0.24574253664244886,-0.7482500142828368,1.529402256389379
7309,0,1,1,0,1,1,0,0,2,0,1,0,1,1,0,1,0,0,0,0,0.7842068726738375,-0.7159918732217709,0.16481607354250677
7310,0,1,0,0,0,1,0,0,2,0,0,1,0,1,0,0,0,0,2,1,0.6656800504225414,0.02533405335580466,-0.5507886459161535
7311,0,0,1,0,0,0,0,1,1,1,0,0,1,0,1,2,1,0,0,0,-0.07531754923581224,0.5497925969920435,-2.149348701842696
7312,0,1,0,0,0,2,0,0,1,0,1,0,1,0,0,0,1,0,2,0,0.9528015224016558,-0.661233603504175,-0.4807125936714652
7313,0,0,0,0,0,0,0,0,1,1,0,0,0,1,1,1,1,1,0,1,-0.7547946981960019,-0.3753953135480594,-0.7265621651941445
7314,0,1,1,0,0,1,0,1,1,2,0,0,1,0,0,0,0,0,1,1,1.7792585277436572,0.7810713524265074,0.6109642855923061
7315,0,0,0,0,1,0,1,0,1,2,1,0,0,0,0,1,1,0,1,2,-0.9188152470032336,-1.6149435144843005,-0.6619603858516226
7316,0,2,1,0,0,1,0,0,1,0,1,2,1,0,0,1,1,1,2,1,-0.782192252631972,-1.892497545006206,2.023544694783066
7317,0,0,1,0,0,1,0,0,1,1,0,1,1,1,0,0,0,2,2,2,0.7931048229279232,0.9784213427717217,-1.3101563285992675
7318,0,1,0,1,1,1,0,0,1,0,1,0,1,0,0,0,0,1,0,1,0.9988557934469041,0.5613456863617015,1.4085824127190651
7319,1,0,0,1,0,0,0,1,1,1,0,0,0,0,0,0,1,0,0,0,-0.6723252366631809,-0.021611342384309368,0.0790745172088928
7320,1,0,1,0,0,1,0,0,1,0,0,1,1,1,0,1,2,0,2,0,0.8922199921799557,-0.18383200506226532,-2.0926333939315054
7321,0,0,0,0,0,1,0,0,0,0,1,1,0,1,1,0,1,0,2,1,-1.9430885800217925,-2.180813129444557,1.6516120618158616
7322,1,0,1,0,0,1,0,0,2,1,0,0,0,0,0,0,1,0,1,0,-0.3756133714110427,-0.1661406071149532,-0.6339485556887297
7323,0,1,0,0,0,0,1,0,0,0,1,1,0,0,0,1,1,0,0,1,-0.3579321934332591,-2.1112244513250564,0.022695368424168305
7324,0,2,0,0,0,1,0,0,1,0,0,0,1,0,0,1,1,1,1,0,-0.7570153741647858,0.8705969703448495,-0.6357815966534757
7325,0,1,0,1,0,0,0,0,2,0,0,0,1,1,0,0,1,0,0,1,-0.16882512552600257,0.08946054291626596,0.9630947112170579
7326,0,1,0,0,0,2,1,0,2,0,0,1,2,1,0,0,1,0,1,1,1.2499713028230115,0.9393181610057928,-0.6950946261509706
7327,0,0,0,0,0,0,1,1,0,0,0,0,2,0,0,0,0,0,1,0,-1.3671790843778613,0.8915235316183101,0.3048167297184848
7328,1,1,0,0,0,0,0,0,0,2,1,0,0,0,0,0,0,0,1,1,-1.0818471934289962,-1.3544332100556125,-0.34314200975566234
7329,0,0,0,0,1,1,0,0,0,0,0,1,0,1,0,1,1,0,0,0,-0.1199991694772042,-0.2487318735300238,0.3201235634105541
7330,0,0,2,0,0,1,0,0,0,1,0,0,2,0,0,0,0,1,1,0,1.6956068432523193,0.7447157664713795,-0.01827032887445157
7331,0,0,1,0,0,1,0,0,1,1,1,1,0,0,1,1,1,1,2,0,-0.8539955163891737,-0.5753728585947142,0.4188002700051088
7332,0,1,0,0,0,1,0,0,0,1,0,1,1,0,0,1,1,0,1,1,0.17638789329091903,-1.546495279389708,0.7531692594143009
7333,1,0,0,0,0,0,0,2,1,0,0,0,1,0,0,1,1,0,2,1,2.0023743455956464,-0.11637309552013486,2.3950289716085176
7334,0,1,1,0,1,1,1,1,0,0,1,1,2,1,0,2,2,0,0,0,-0.2706459647650324,0.04580450024780336,-1.0098580565741178
7335,0,1,1,0,0,0,0,0,1,0,1,0,0,0,0,2,1,0,0,1,-0.7301284373696396,-1.710017482633204,0.6782944339726131
7336,1,1,0,1,0,1,0,0,1,1,1,1,0,1,0,2,1,1,0,1,0.9552267562122229,0.7988351601489792,1.2855887879349863
7337,0,1,0,0,0,0,1,0,2,1,0,1,1,1,0,1,1,0,1,1,0.1402612915071867,-0.52509127589581,0.29227742905355825
7338,1,2,1,0,0,0,0,0,1,1,0,1,0,0,1,1,0,0,0,0,-1.4610816491818226,-0.3504225220001075,-0.16458612039167173
7339,0,1,0,0,1,1,0,0,1,1,0,1,0,0,0,0,1,0,1,0,1.066093926550622,2.0640238551623744,0.6958661209195632
7340,0,0,0,0,1,1,0,0,1,2,0,2,2,0,0,0,0,1,0,0,-0.6055543902858185,-0.2553293772826901,-1.2531846848139192
7341,0,2,0,0,1,1,0,0,1,1,0,1,0,0,1,1,1,1,1,0,-0.2723920735328948,-0.1610000643354063,0.7308609684745492
7342,0,1,2,0,1,2,0,0,0,1,1,0,0,0,0,2,0,0,0,0,0.8202085557319403,0.616492785899849,-0.48516428138139306
7343,0,0,0,0,0,1,1,1,2,1,2,0,2,1,0,1,1,0,1,1,0.43251498156571716,-0.6513522661327111,-0.08294178126025054
7344,0,0,0,0,1,1,0,0,2,0,0,0,0,1,1,0,0,0,2,0,0.619462054573656,0.4919671958561643,-0.828468737271379
7345,0,2,1,0,0,1,0,0,1,0,0,1,1,0,1,1,0,0,1,1,0.5016509237460943,0.14039366142684556,-0.08462925680101706
7346,0,2,0,0,0,1,0,0,1,1,0,0,2,1,0,2,2,1,2,0,-1.7608178935976047,-2.534473980569513,0.32655043935527983
7347,0,0,1,0,0,2,1,0,1,1,0,0,0,0,0,1,1,0,2,1,0.06839794370977786,0.6094442245908034,0.8333810038104772
7348,0,1,0,0,0,1,0,0,1,1,0,1,2,0,0,2,1,2,1,0,0.07949157979907195,1.3115061889446908,0.23968115537034768
7349,0,1,0,0,0,0,0,0,1,1,1,1,0,0,0,1,1,2,0,2,1.7548699924237994,0.293695669803644,-1.4057883429196238
7350,1,0,0,0,1,1,0,0,2,1,0,2,1,0,0,1,1,0,0,0,-1.14937177910169,0.6437223923188551,0.7363689381758011
7351,0,1,1,1,0,1,0,0,1,1,0,1,1,0,0,1,1,0,1,1,0.7408961538059391,1.082397033617118,0.09565058275989563
7352,0,0,2,0,0,1,0,0,2,0,0,1,1,1,0,0,0,1,0,1,0.3877407703553817,1.0967339237785179,-0.08231976368860355
7353,0,0,0,0,0,2,0,0,1,0,1,1,2,1,0,2,0,1,0,0,0.8131770893812765,0.3444122609464384,0.35183201468851666
7354,0,1,1,0,0,2,1,1,1,0,0,0,1,1,0,1,1,1,1,0,0.4210677039222197,-0.2353314135852377,-0.42936559158784454
7355,0,0,0,0,0,1,0,1,1,1,1,0,1,0,1,2,1,0,1,1,-0.9231525095395233,1.1301291921954153,-0.125004190438378
7356,0,0,0,0,0,1,0,1,1,0,1,0,1,0,0,0,2,1,1,0,-0.8705985372288755,-0.22306187756482077,-1.0901596492874266
7357,1,0,1,0,0,2,0,0,1,0,0,0,0,1,0,0,0,0,0,1,1.212034889703584,0.37097021498033445,1.403539402295075
7358,1,0,1,0,0,0,0,1,1,1,0,1,0,0,0,0,2,0,0,1,-0.6181525834819034,-1.4440908459904682,1.9145104241289503
7359,0,1,0,0,1,0,0,0,0,1,1,0,0,0,0,2,1,1,1,0,-1.7074843079302506,-0.26417366914196805,1.7467968441950783
7360,0,0,0,0,0,1,0,1,0,1,1,0,1,0,0,1,1,0,0,2,-2.0088649134978582,-0.09080043569685903,0.11691387984658796
7361,0,1,0,0,0,2,0,1,0,1,0,0,0,0,0,2,0,0,0,1,1.3092211205772173,1.0824230913906496,-0.27853293138627855
7362,0,1,0,0,0,0,0,0,1,1,0,0,0,0,0,1,1,0,0,0,-1.4955159125856266,1.310060593908823,-0.11205198735227911
7363,0,1,1,0,0,0,1,0,0,1,0,0,1,1,1,1,1,0,1,1,-0.028606778668929782,0.6637887544481349,-1.0095052549406553
7364,0,1,0,1,0,1,0,0,1,1,1,1,0,0,0,1,1,0,2,0,0.4465275027560392,0.44752118100838345,0.07991691748615742
7365,1,1,0,0,0,2,1,1,1,0,1,1,1,1,0,0,1,0,0,1,-0.9179904458309002,-0.9393854034216511,-0.9351025297087574
7366,0,0,1,0,0,0,0,0,1,0,0,1,0,0,0,0,0,1,0,1,-0.17564782989746433,-0.7164550374173377,1.413425391012908
7367,0,0,0,0,0,1,1,1,1,0,1,1,2,1,0,2,0,0,1,1,1.5097810925255197,-0.7216655437117259,0.2584114387278261
7368,0,1,0,1,0,2,0,0,1,0,1,1,1,0,0,0,1,1,2,0,1.6531112430837025,2.40974559050253,0.43092070621893597
7369,0,1,0,1,0,1,0,0,1,1,1,1,0,1,0,0,0,1,1,1,-0.5678733748420771,-0.24287962779589284,0.7293671033808676
7370,0,0,0,0,0,0,0,0,1,0,0,0,0,0,0,1,0,0,0,1,0.4700195184008947,-0.6442898206540603,-0.7745087716065093
7371,0,2,0,0,0,2,0,0,2,1,0,0,0,0,0,0,1,0,1,0,-1.295613364383192,-0.18503224769319526,0.678130450435612
7372,1,0,1,0,0,1,0,0,1,0,1,0,1,0,0,1,1,1,2,0,0.3261630796140058,-0.26036639425860514,0.7573370357931694
7373,0,1,2,0,0,0,0,0,2,1,0,1,2,1,0,1,1,1,0,0,2.244440589587435,0.7726614026204831,1.5616779569805863
7374,1,0,1,0,0,0,0,0,1,1,0,1,0,1,1,1,1,0,2,1,0.04222876925886246,1.670668849115274,1.8494076208538028
7375,0,0,1,0,0,2,0,1,2,0,0,0,0,0,0,0,1,1,0,0,1.3203739907672603,1.5825054496268685,1.7060724832042147
7376,0,0,0,1,0,1,0,0,0,1,0,0,0,1,0,1,0,0,2,1,0.8980471842555016,0.2512589842480183,-1.0285132247047635
7377,0,0,2,0,0,0,0,0,0,0,0,1,0,0,0,1,2,0,0,0,0.19602098171481083,0.9520176119116539,-0.37578636921039116
7378,0,0,0,0,0,2,0,0,2,1,0,1,1,1,0,1,0,0,1,1,-0.6242358718094969,0.9708193981333119,0.9494692958036924
7379,0,1,1,0,0,1,0,0,2,0,0,0,1,1,1,1,1,1,1,1,-1.3560027539029966,-0.8977543311858617,-0.04376190254080964
7380,1,1,1,1,1,1,0,0,1,1,0,2,2,1,0,1,2,0,2,0,-1.4373806323208234,-0.9038248244191488,-0.17874412656265393
7381,0,0,1,0,0,1,0,1,2,0,1,1,1,0,0,0,1,0,0,1,-0.14800884694126948,-1.873551164932747,0.8748597112559577
7382,1,0,1,0,0,0,0,0,0,1,0,0,0,0,0,1,1,1,2,0,-1.0200435787877278,0.04927025499123042,0.28593545138639276
7383,0,0,1,0,1,1,0,0,1,0,0,1,1,0,0,0,1,0,1,0,1.4110803623166328,0.0015592680567145245,-0.03414814785315673
7384,1,1,0,0,1,0,0,0,1,0,1,0,0,1,0,1,1,0,1,1,-0.3690902176510824,-1.0142115081450689,-1.664845364430628
7385,1,1,1,0,1,1,0,1,1,1,0,1,0,1,1,0,0,0,1,0,-0.5843458773574371,0.2911100290870583,-1.5897031369940853
7386,0,1,1,0,0,0,2,0,1,0,0,1,0,0,0,1,0,1,1,1,0.08289336706214058,-0.23090800274652817,-0.6120902053756637
7387,0,1,0,0,0,1,1,1,1,0,1,1,0,0,0,0,1,1,1,0,0.1651420616135949,-0.8627682712795579,-0.29108693930387064
7388,1,1,1,0,0,1,0,0,2,0,1,0,1,0,0,0,1,0,0,1,-0.44587824575693435,-0.9871477392011018,-2.1126746138180255
7389,0,1,0,0,1,1,0,0,2,0,0,0,2,0,0,2,0,1,0,1,-1.1121401628253755,0.5391610249016938,-0.5592563762884454
7390,0,0,0,0,0,1,0,0,0,2,1,1,0,0,0,0,0,0,2,2,0.4424649389563592,0.9555285917392872,1.2702735061234
7391,0,2,1,0,0,1,0,0,2,1,0,2,0,0,0,1,0,0,0,0,0.4668486189569931,-2.277500499373679,1.4807158801211775
7392,0,1,0,0,0,0,0,0,2,0,1,2,0,0,0,0,1,1,0,0,-0.34157176141321566,0.9816573816189841,0.4935245770634314
7393,0,0,2,0,0,0,0,0,2,1,0,1,0,1,1,1,1,1,0,1,-0.4013970862925711,0.7979344621437009,1.002761734370373
7394,1,2,1,0,0,1,0,0,1,2,1,2,0,1,0,0,1,1,0,0,-0.7934044598839096,-0.8007516481212452,1.5443926232279115
7395,0,1,0,0,0,1,1,0,1,2,1,0,1,0,0,1,0,1,2,0,-0.4496192779911965,0.11286857866229733,-0.5823959002993963
7396,0,0,0,0,0,0,0,0,0,0,1,1,0,0,0,1,0,0,0,1,-1.0826589185821376,-1.5629837554942632,-0.48277237924021765
7397,0,0,2,0,0,1,0,0,1,0,1,1,1,2,0,1,1,1,1,2,-1.285384474134542,-1.6204852241668197,0.8721266021745122
7398,0,0,1,0,0,1,0,0,1,0,0,1,0,1,1,0,1,0,2,0,1.0632789175531285,0.8781272635294668,-0.750699098515146
7399,0,0,1,0,1,1,0,0,0,1,0,1,1,1,0,1,1,1,1,0,-1.3772338693752881,-0.3685447783804,-0.403664583882168
7400,1,0,0,0,1,1,1,0,1,0,0,1,1,0,0,0,0,1,1,1,1.1638257249700061,0.734513105730882,-1.4357556003271088
7401,0,1,1,1,0,1,0,0,1,0,0,1,0,0,0,1,0,1,1,2,2.0833661124429215,3.1956114724439066,1.4420293952391872
7402,0,0,0,0,1,0,1,0,1,1,0,0,1,0,0,0,1,1,0,0,1.2615783581821622,-0.2267136827850244,0.17064706795517362
7403,0,1,1,0,0,2,0,0,1,1,0,1,2,0,1,0,2,1,0,0,0.13799108122991724,-0.07088263808537248,-0.7568050924415566
7404,0,0,1,0,0,0,1,1,0,1,0,2,0,0,0,2,0,0,0,1,1.4890609445062284,0.7168331744944083,2.0148218475458846
7405,1,1,0,0,0,1,0,0,1,0,0,1,2,1,1,1,0,0,1,1,0.004946905908595378,0.6896502880566483,0.24284921258172426
7406,0,1,1,0,1,0,0,0,2,0,0,1,1,1,0,1,1,0,1,2,-2.080523871471647,-1.5730040506478398,-0.6043081745908987
7407,0,1,0,0,0,1,0,0,0,1,1,0,0,1,1,2,1,2,0,0,0.024408701345814666,0.5983542116759188,-0.9008146296315407
7408,0,0,1,0,0,1,0,0,0,1,0,1,1,1,2,1,1,0,1,1,0.8699175929367939,0.9762803278434491,-0.15239603000947283
7409,0,1,1,1,0,0,0,0,2,0,0,2,0,1,1,0,1,0,1,1,-2.0705761448374234,0.4336106318767763,0.45125377739794703
7410,0,0,0,0,2,1,0,0,1,1,0,1,1,2,0,1,1,0,1,1,-0.07438821220042581,-0.14340600529262199,0.18826087605464634
7411,0,2,1,0,0,2,0,0,2,1,1,1,1,0,1,0,1,0,0,0,-1.555185574775312,-2.3452145271478786,1.3370961587008385
7412,0,0,2,0,0,1,0,0,1,1,1,0,1,0,0,2,0,2,0,1,-0.4293972259043012,0.5930384982052633,-2.406563997235876
7413,0,0,1,0,0,1,0,0,0,2,2,0,2,1,0,2,0,0,1,1,1.5648072409469487,0.04291154904327399,1.2737216085232674
7414,0,1,1,0,0,1,0,0,2,0,0,0,0,0,0,1,1,0,1,1,0.41269565469288577,0.22295702401047113,-0.46526574590810776
7415,0,1,0,0,0,0,0,0,0,1,0,1,0,2,1,1,2,0,0,1,-2.387131289533448,-0.3679569621515611,-0.1952013462561078
7416,0,1,1,1,0,2,1,0,1,1,1,2,0,0,1,0,0,1,2,1,0.9522714252322626,-0.7016026046312793,1.74729905853324
7417,1,0,0,0,1,1,0,1,1,0,0,0,2,1,0,0,0,1,2,0,0.35027104247658797,-0.1618790539059452,-1.0148077935128177
7418,0,0,1,0,0,1,1,0,1,1,1,1,0,0,1,0,1,1,2,1,-0.45045763357834,-0.006887013138664438,-1.178156137412723
7419,0,0,0,0,0,1,0,1,2,0,0,1,0,0,0,2,0,1,1,1,-1.0384799308568486,0.48049400642796947,-1.4948602205085277
7420,0,0,2,0,0,1,1,0,1,0,0,0,2,0,1,1,1,0,0,0,0.12105304613777537,0.053987493521342994,0.20056017202389467
7421,0,1,1,0,0,2,1,0,1,0,0,0,0,1,0,0,2,0,1,0,0.8477550886728786,0.15009094855931485,0.49505455960174083
7422,0,0,0,0,0,2,0,0,1,0,0,0,1,0,0,0,0,2,0,2,1.368769444842358,-1.3291874123422693,-0.29833455084191307
7423,1,0,0,0,0,0,0,1,1,1,1,1,2,0,1,1,1,0,1,0,-0.3142214478475503,-0.7118981705988927,0.7828105377925728
7424,1,2,0,1,1,2,0,0,1,1,1,2,1,0,0,1,1,0,1,1,0.8386457058298991,0.24446371728352184,0.5972889192753554
7425,0,1,1,1,0,1,0,0,1,1,1,1,1,0,1,1,1,0,1,1,-1.047129690853626,-1.9830258996547845,0.6120316763499974
7426,0,1,1,0,0,2,0,0,1,0,0,2,0,0,1,2,1,1,1,0,1.1059079376405323,-0.6245954153918647,-0.497676924391631
7427,0,1,1,0,1,2,0,0,0,1,0,0,2,0,1,2,0,1,1,1,-1.1515291814708888,-0.002635761797662277,-2.1040250687513007
7428,0,0,1,1,0,2,1,0,1,1,0,0,0,1,0,2,1,0,2,0,-0.715544306558544,-0.23227312318681692,0.38715381756591166
7429,0,1,1,0,1,0,0,0,1,2,0,1,1,1,1,1,1,1,0,1,0.4869285183015833,0.03859032550736691,0.5105152870390388
7430,0,1,0,0,0,1,0,1,0,1,0,0,2,1,0,1,0,1,1,1,0.23547290632916054,0.978344291476591,-0.30552147171896316
7431,0,0,2,0,0,2,0,0,1,0,1,0,1,0,1,2,0,1,1,1,0.8498023334256714,1.7474480732841857,-0.8057952707158733
7432,0,0,1,0,0,1,0,0,0,0,1,0,1,0,0,1,1,0,0,1,-0.5699037438988771,-0.7591210277886762,-0.20364585217713496
7433,0,1,0,0,0,0,1,0,0,1,0,1,1,1,0,2,1,0,2,1,0.9623980380957547,0.4464133262486458,-0.33520212724822074
7434,1,1,1,0,0,1,0,0,0,0,0,0,0,0,0,1,0,1,0,1,0.11645461093148023,0.46957765914750826,0.46329107518996326
7435,0,0,0,0,1,1,1,0,0,0,0,0,0,1,0,1,1,2,1,0,-0.39676513747084896,-1.377123200427266,0.4324043864126211
7436,0,0,0,0,0,1,0,0,0,0,1,0,2,0,0,1,0,1,0,0,1.0026283585892395,1.2212492857906536,-0.9583515768852047
7437,0,0,0,0,1,1,0,0,2,1,0,0,0,0,0,1,2,1,0,0,-0.8186151154482252,0.12896404208689705,-1.7187525979005525
7438,0,2,0,0,1,2,0,0,2,1,0,1,0,0,0,0,1,1,2,0,-0.4690125308363626,0.029545208676489243,0.6455336708626513
7439,0,1,0,0,0,1,0,0,1,1,0,0,1,0,1,0,2,1,1,0,-1.8749996882423343,-0.757249211461391,-0.6969803176836147
7440,1,0,1,0,0,1,1,0,0,0,1,0,1,0,0,0,1,0,1,0,0.861564250941607,-0.08730235584083663,-1.0733183366873045
7441,1,2,1,0,1,1,0,1,1,2,1,0,2,0,0,1,1,0,0,0,0.6494596989778677,2.598346048399295,3.6061029762387573
7442,0,1,1,0,0,2,0,1,1,0,0,0,2,1,0,1,1,2,2,1,0.3234343569012241,-0.1838321880801536,0.5481833659490315
7443,0,1,0,0,0,1,1,0,1,0,1,1,0,1,0,0,1,1,2,1,-0.21850358119394309,-1.3655559799519776,1.2984107618894973
7444,0,1,1,0,0,2,0,1,1,1,0,0,1,0,0,0,1,0,0,1,0.920155927325886,0.9257918914572982,1.2663858135309713
7445,0,0,1,0,0,0,0,0,1,0,2,0,1,0,0,1,2,1,1,2,-1.4135796082690397,-0.7660382303684317,-0.2386367485751444
7446,0,0,0,0,0,1,1,0,1,1,0,0,1,1,0,1,0,0,1,1,0.2557165285686315,1.0824499467678395,-0.4369118512492594
7447,1,1,1,0,0,0,0,0,2,2,0,1,2,0,1,0,2,1,1,2,0.011481999691327323,-2.368809011482184,-0.32783176441188844
7448,0,1,1,0,0,0,0,0,1,0,1,0,0,1,0,1,0,0,0,0,-0.35713284583185695,-1.068776386310419,-0.22844204679940722
7449,0,0,0,0,2,1,0,1,0,1,1,0,0,0,0,0,1,1,2,2,-0.0006955961909074103,0.03257909996168694,-0.7316091934107359
7450,0,0,1,1,1,1,1,0,1,1,0,0,1,0,1,1,1,0,0,0,-0.4024978405909154,0.771154462020293,0.8262941815673355
7451,0,0,0,0,0,1,0,0,2,0,1,1,1,0,0,2,1,2,2,1,1.106096080872538,0.5489915858264189,0.3662248792393379
7452,0,2,0,0,0,0,0,1,0,1,0,0,1,1,0,1,1,0,0,0,-2.3381923171978864,-0.9753011065262648,-2.7971595796778295
7453,1,0,0,1,1,2,0,1,0,2,0,1,2,1,0,1,0,0,0,2,-0.725455377018254,-0.0925372575307703,-2.478968900572095
7454,0,1,2,0,0,2,0,1,1,1,1,0,2,1,0,1,1,0,1,1,-1.6910388294666632,-1.4370050108978933,-0.9791024140600612
7455,0,1,0,1,0,1,0,0,1,0,1,0,1,0,0,0,1,1,0,1,-0.7395307362116009,1.1902612737529488,-0.6894060316476093
7456,1,1,1,0,1,1,0,0,1,1,0,0,2,0,0,1,1,1,1,2,-0.22107864067036712,-0.01452713018782139,-0.12382443480912866
7457,0,0,1,0,0,0,0,0,2,1,0,0,0,0,0,0,1,2,2,1,-0.3497824730125146,0.9878470455820684,1.263730415813503
7458,0,0,0,0,0,0,0,0,2,1,0,0,0,0,0,2,0,0,1,0,-0.4404847057958631,0.8072017277796775,-0.40883111744657075
7459,0,0,0,0,0,1,0,0,1,1,0,0,0,0,1,2,1,1,1,0,0.3841380261163281,0.6359207758439696,1.1128082832678814
7460,0,1,0,0,0,0,2,0,2,1,0,0,1,0,0,0,0,0,1,0,-2.3838053960649006,-0.5785879569921445,-0.9731666885286423
7461,0,0,2,0,0,1,0,0,1,0,1,0,1,1,0,1,2,0,2,1,-0.4015734155902496,0.022857351613326526,-0.8495237807522587
7462,0,1,1,0,1,1,0,0,0,0,1,1,0,0,0,0,0,0,0,1,0.5151546307077208,-0.6768682450445616,0.06847833517291553
7463,0,0,1,0,0,1,0,0,1,1,0,1,1,2,0,0,2,0,1,0,-0.6372004090996709,-1.4937224851906168,-0.9188385273909285
7464,1,1,0,0,1,1,0,0,2,2,0,0,1,1,0,0,0,0,1,0,1.3996225551212362,0.13541461602111116,0.6973901169268386
7465,0,1,1,0,0,2,0,0,0,1,0,1,0,0,0,1,0,2,2,1,0.17786921955106325,2.1236335873216943,-0.5303355747245769
7466,2,1,1,0,0,2,0,1,0,1,0,1,1,1,1,0,0,1,1,0,-1.0742317173694298,0.5923529671997665,-2.4432990591167116
7467,0,0,1,0,0,1,0,1,2,1,0,1,1,0,0,1,0,0,2,1,0.9214795655368895,1.1848236560324072,-0.13277018980596683
7468,0,1,0,1,1,1,0,1,2,2,0,0,1,1,0,1,0,1,1,0,-1.6511051084069286,-0.9913119294728358,0.4960308182561658
7469,0,1,0,1,0,1,1,0,1,1,0,0,0,0,0,0,0,2,1,1,0.41498655724118244,1.0094912199096175,1.1473738807362135
7470,0,0,0,0,0,2,0,1,1,2,0,0,0,0,0,1,1,0,2,1,0.20435424518507286,0.5738485851267635,0.5136940072757159
7471,0,0,0,0,0,2,0,1,1,0,0,0,1,1,1,0,1,0,2,0,-0.218312886176728,0.9576278670990067,-0.09366846108992394
7472,0,0,1,0,0,0,0,1,1,1,1,0,1,0,0,1,0,0,2,0,-1.1678155403632549,-1.4647487552703837,-0.153388015944707
7473,0,1,1,0,0,1,0,0,1,1,1,0,0,0,1,0,1,0,2,0,-1.084472164149759,-0.5436993420623285,-0.5980158102726472
7474,0,0,0,0,0,0,0,0,1,0,1,0,0,0,0,2,1,1,2,1,0.9460858264431987,-0.5462120872681123,-0.16995455748317143
7475,0,0,0,0,0,1,0,0,1,0,1,1,1,0,0,1,1,0,1,0,1.766137476925133,0.8563238363129597,0.5072727308141678
7476,0,1,1,0,0,1,0,0,2,0,0,0,0,0,0,1,1,1,2,1,-0.10684068498189879,1.2035286088266397,0.6873515124064846
7477,0,2,1,0,0,1,0,0,1,1,0,0,0,1,0,2,1,1,1,0,0.316182019881052,-1.1764041339757747,1.8695773544461747
7478,0,1,0,1,0,0,0,0,0,0,0,1,1,0,0,1,2,0,0,1,1.9141238127303066,1.7921606531127088,0.46266937860480506
7479,0,1,0,0,0,1,0,0,0,0,0,2,0,0,0,1,0,0,1,1,-2.8341683272775096,-2.386993995706792,0.9237197132806416
7480,0,1,1,0,0,0,1,1,0,1,1,0,1,0,0,0,2,1,0,1,0.5842922062016486,0.4237615315049121,0.39676675968652225
7481,1,0,0,0,1,1,0,0,1,0,0,1,2,0,0,0,2,0,0,0,0.9744453396095619,-2.247359233615475,-0.703626147361411
7482,1,1,1,0,0,0,0,0,0,1,0,0,1,0,1,1,1,0,2,1,-0.6477470653037863,-0.2942547751011379,0.8643635871096139
7483,0,2,0,0,0,1,0,0,1,0,1,1,0,0,0,1,1,0,1,0,0.722982661842782,0.5993715473689802,0.5673539446467043
7484,1,0,1,0,0,1,0,0,1,0,0,0,1,1,0,1,2,0,1,0,-0.47447558419052294,0.09824678322096053,-0.1454243621212512
7485,0,2,1,0,1,0,0,0,1,2,0,0,0,0,1,0,2,0,1,1,0.186472937047482,-0.33442054627693296,-0.3915164978547246
7486,0,0,1,0,0,1,0,0,1,1,0,0,1,0,0,2,0,1,0,0,0.4738094607661837,0.8283523751428157,0.9449935518972248
7487,0,1,1,0,0,1,1,0,1,0,0,1,0,0,0,2,0,0,0,0,-1.8098797125107164,-1.9281450323732163,-0.1703237405453072
7488,0,1,0,0,0,0,0,1,1,1,0,1,2,1,0,2,1,1,1,0,-0.4551958577541793,0.9539439813006455,-0.9700715032918048
7489,0,1,0,0,1,1,0,0,0,1,1,0,0,0,0,0,1,0,0,1,2.0815726754391553,0.3224166433560633,0.21927300862137666
7490,0,0,0,0,0,1,1,1,1,0,1,1,1,0,0,2,1,0,1,0,0.0394303652951744,1.0544637766973777,1.9721514912691767
7491,0,0,0,1,1,2,0,0,0,0,0,1,1,0,0,1,2,1,0,1,-1.6621753197946176,0.1374475197226599,-0.36933771215415145
7492,0,1,0,0,0,2,0,0,1,1,2,1,0,0,0,0,2,1,0,1,-0.0569517312063162,0.7176092653192798,-0.2552732178361251
7493,0,1,1,0,0,2,1,0,1,0,0,0,1,1,2,1,0,1,1,0,0.07135998479963325,-0.6656959590599762,1.027392782648961
7494,0,1,1,0,0,0,0,0,0,0,0,1,1,0,0,2,0,0,1,1,-0.9547306617059023,-0.9489569761500452,0.9707540924910402
7495,0,1,1,0,0,1,1,0,2,1,2,1,1,0,0,1,0,0,0,1,0.27699542005805267,-1.2144417016467275,-1.0495632301591868
7496,0,0,2,0,0,1,0,0,1,0,0,0,1,0,1,1,0,0,1,0,-1.0794070482857627,0.7244403317258601,0.6058541765031636
7497,0,0,0,0,0,0,0,0,2,1,0,0,1,0,0,0,1,0,1,0,-1.404851690521093,-0.5038087863135345,-0.5408398948120403
7498,1,1,1,0,1,2,0,0,1,0,0,0,1,0,0,0,1,0,1,0,0.1651126277791671,1.1268979919436635,-0.10195262794634266
7499,0,1,0,0,0,1,0,1,1,1,0,0,0,0,1,0,1,1,0,0,-1.1763539580143971,0.6350308187887064,-2.861904699946881
7500,0,0,0,0,1,0,0,0,2,0,0,1,0,0,0,1,1,1,1,1,-1.2363897843070673,-2.0621308850994557,0.28502536281580926
7501,0,0,1,0,1,2,0,0,0,1,0,1,0,1,0,0,1,0,1,0,0.5205252467754893,1.5560064955961648,-1.0807490772160773
7502,1,1,0,0,0,1,0,0,0,1,1,1,1,1,0,2,1,0,0,0,-0.4443253423369687,-0.29306099945286596,-1.5138720698076475
7503,0,1,1,0,0,1,0,0,2,0,1,2,1,0,0,0,0,1,0,1,-1.6382151781205643,-0.2673071208187975,-0.3086955993626547
7504,0,0,1,0,0,1,0,0,1,0,0,1,2,0,0,1,0,0,0,1,0.7154211880246181,1.2444271134855271,-1.1033032559936395
7505,1,0,1,0,1,1,0,0,0,1,1,1,2,1,0,2,0,0,2,0,-1.3034906142488376,-0.11106066435428041,-1.850575464941774
7506,0,1,1,1,1,1,0,0,1,1,0,0,1,0,0,0,0,1,2,0,0.1661422133651493,-1.2585252656892778,1.2881689077370253
7507,0,0,2,0,0,0,0,0,1,2,1,0,1,1,0,2,1,0,1,0,0.40497083426287694,1.0029860152861705,0.4465257073177833
7508,0,1,1,0,1,1,0,0,1,1,0,2,1,0,0,1,1,0,2,1,0.08312601335615111,0.8802755891615655,-1.053003822661938
7509,0,1,1,0,0,0,0,1,2,2,0,1,1,1,0,1,1,1,0,1,0.8812513395705297,2.1850260469524008,0.5340023918632355
7510,0,1,1,0,0,2,1,0,1,1,0,1,1,0,0,0,1,1,2,1,0.7282399075501644,1.0215879030777346,0.9624071368076696
7511,0,1,0,0,2,1,0,0,1,0,1,1,1,1,0,2,1,1,2,1,-1.0198845276245305,-1.2149188516255152,-1.2294064007705918
7512,0,1,0,0,0,0,0,0,1,2,0,1,1,1,0,0,1,0,1,0,0.9700001845513387,1.021302898191648,-0.9742676996266989
7513,0,0,2,0,0,0,0,0,0,1,0,1,2,1,0,1,1,1,1,1,1.0087085343600892,-0.28434330407359376,0.6256519888464523
7514,0,0,0,0,0,1,0,0,2,1,0,1,0,1,0,1,0,1,1,1,0.1487141942269489,1.6205758468507294,-0.23081826319123777
7515,0,2,1,0,0,1,0,1,1,0,1,0,0,0,0,0,1,1,0,1,0.6289949222458353,-0.5694528605666704,-0.8551494244206472
7516,0,1,0,0,0,1,1,0,2,2,0,0,0,0,0,2,2,1,2,2,0.4629040296691537,1.029152984321344,1.5261598734686106
7517,0,1,1,0,0,1,0,0,0,0,0,1,1,1,0,2,0,1,1,0,-0.46187585792846686,0.08158134131130979,-1.2087665926885158
7518,0,1,0,0,0,2,0,0,1,2,0,0,1,1,1,1,0,0,1,1,0.5587022929029462,0.41305656903073085,-0.08502390839441125
7519,1,1,0,0,0,1,0,0,1,2,0,0,1,0,0,0,2,0,1,0,0.31052192172913157,0.33634417996169347,0.9151538697934604
7520,0,1,1,0,0,0,0,0,1,0,1,1,1,0,0,0,1,2,1,0,0.4189225064217481,0.244429254202554,0.5518572761543915
7521,0,0,0,0,0,0,0,0,0,1,0,1,1,1,0,2,2,0,1,0,-1.1837946865604403,-0.6867642383604531,0.04891143766984067
7522,1,2,0,0,0,0,0,1,2,1,0,1,1,1,0,1,1,0,1,0,0.4397555466575505,0.2634366425700529,0.30784090725398233
7523,0,1,0,0,0,0,0,0,1,0,1,1,1,0,0,0,0,2,0,1,-1.2462773715712971,0.5166213938671127,0.5912236739744008
7524,0,0,1,0,2,1,1,0,0,0,1,0,2,0,0,1,0,0,2,1,-1.3244248858499612,-1.5639054519151219,0.3916673777241645
7525,0,0,1,0,0,0,0,0,0,0,0,0,0,0,0,0,1,0,0,1,-1.2865430553308417,0.46159925394180534,-1.632063498459764
7526,0,0,1,0,0,1,0,0,0,0,0,0,1,0,0,2,1,0,1,1,-0.7564697751990391,1.6403312333289413,0.7044865657437267
7527,0,0,1,0,0,0,0,0,2,0,0,0,1,0,0,2,2,2,1,1,0.12184050282381118,-0.2150642749691589,-0.04665872710793141
7528,0,0,0,0,0,0,0,0,1,1,0,1,0,0,0,1,1,0,0,0,0.1458915935159799,0.6402911221124703,-0.6514250292297067
7529,0,0,0,1,1,1,1,0,2,0,0,0,0,1,0,1,2,1,1,1,-0.7390013753103336,-0.47046792563104367,-0.8555614684340613
7530,0,0,0,0,1,1,0,0,1,0,0,0,1,0,0,0,1,0,1,1,0.0065546979732757195,0.30071782917108114,0.20748884543800125
7531,2,1,1,0,0,0,0,0,0,1,1,1,1,1,1,1,1,0,1,1,0.2569990320736917,1.044377477371665,0.5840762649492558
7532,0,0,0,1,0,1,0,0,0,0,0,0,1,0,0,0,1,0,0,1,0.282962438254231,0.6388342947676202,0.20597139859925123
7533,0,1,1,0,0,1,0,0,0,1,1,2,1,0,0,0,0,1,1,1,0.5456912276931069,0.9803290732067614,1.9718032702141572
7534,1,0,1,0,0,1,1,0,0,2,0,0,1,1,0,0,1,1,2,0,0.9986820681727482,1.8149276976575077,0.14435581405166426
7535,1,0,2,0,1,2,0,0,2,0,0,1,1,1,0,1,1,0,1,1,-0.6798176674681894,-1.6450400789516686,-0.08593879672388521
7536,0,2,0,0,0,2,0,0,1,0,0,1,1,0,0,0,1,1,1,1,-0.8770349931614744,0.10698028571353091,-2.2884152548025987
7537,0,2,1,0,0,1,0,0,2,2,0,0,1,0,0,1,2,0,2,1,0.000959317938889922,-1.216266573628392,-1.0565392494554715
7538,0,0,2,0,0,1,0,0,1,0,0,1,1,0,0,1,1,1,2,0,0.6264989081656136,0.1616713254041578,-1.6063900453256839
7539,0,1,0,0,0,0,0,0,1,1,0,2,1,0,1,2,1,0,1,1,1.4836697884566514,1.0096048035185725,-0.3770821530600137
7540,1,1,0,0,0,1,0,1,1,1,0,0,1,0,0,1,1,2,0,0,-1.645489272574024,-1.3473414267252237,-1.2513882811342716
7541,0,1,1,0,0,0,0,0,1,0,1,1,1,0,1,1,1,2,2,0,0.4560883744667502,-1.1842744750358554,1.1771723407243107
7542,0,0,0,1,0,1,0,0,2,0,0,1,0,0,1,1,0,1,2,1,0.29580424047105564,-0.3425172955790007,-0.2845193038444003
7543,0,0,0,0,0,1,0,0,0,1,2,2,0,1,0,1,2,0,2,0,1.237048700311118,-1.5726675318497845,1.4602176831640534
7544,0,1,1,0,1,1,0,0,1,1,2,0,0,2,0,2,1,1,1,0,1.0261298199054536,1.9289752368669277,0.1611010349564893
7545,0,0,0,0,0,2,0,0,1,0,0,2,1,0,0,2,1,0,1,0,-0.866205393240558,1.081286713025695,-1.7231789760016303
7546,0,0,0,1,0,0,0,0,0,0,0,0,1,1,0,1,1,2,0,0,0.5746170540807123,0.297532268494677,-1.073034011825282
7547,0,0,2,0,0,2,0,0,0,1,1,0,0,0,0,1,0,1,1,1,1.5543124028327673,-0.4886013109277505,0.6176164743529193
7548,1,0,2,0,2,1,0,0,0,2,1,1,0,0,2,1,2,0,1,0,0.11554890718766328,-0.8452806110138946,-0.5729484421464119
7549,0,0,1,0,1,2,1,0,0,2,2,0,1,2,0,0,1,0,1,0,0.04751422905507715,-0.17638217524975386,2.631728706741246
7550,0,1,0,0,1,0,1,0,2,0,1,0,0,0,0,2,0,0,1,0,0.6366917479918024,0.2462493881170005,0.09671659123416514
7551,0,1,0,0,0,2,0,1,1,0,0,1,1,0,0,1,0,1,2,0,1.139065376683973,2.2320818736032395,1.2818269413533057
7552,0,1,1,1,0,1,1,1,1,1,1,1,1,1,0,1,0,1,2,0,-1.4509871516924364,-0.8512285323551262,0.3092025782104026
7553,0,1,0,0,0,1,0,0,1,1,0,0,1,0,1,0,1,1,1,1,-1.5913333215800234,-1.566138003974409,1.3689386190700508
7554,1,0,0,0,0,2,0,0,2,0,0,2,1,0,0,0,0,1,1,0,1.7363691882803292,0.4933656740971726,0.9359019554224961
7555,0,0,1,0,0,2,1,1,1,0,0,1,0,1,0,1,2,0,1,0,-2.188400230704133,-0.7457781585167934,0.042289399510876124
7556,0,1,1,1,1,0,0,1,2,1,1,0,1,1,0,0,1,1,0,0,-0.7630597063646559,-0.8890984292998216,1.5580464440181259
7557,0,0,2,0,0,1,1,0,1,0,1,0,0,2,0,1,0,0,1,0,-0.12718013126102884,-0.7025354296086823,0.0686830803736326
7558,0,1,1,0,0,2,0,0,0,1,0,1,1,0,0,0,2,1,2,1,-0.4464632255695486,1.0308603286675795,0.6029746739937096
7559,0,0,1,0,0,0,1,1,1,1,0,1,0,0,1,1,0,1,1,0,0.35584302363610193,1.1051247404248774,0.0513270152269695
7560,1,1,1,0,0,0,1,0,2,0,0,0,0,0,0,0,1,2,1,0,-1.0822045681536696,-1.3296235799792673,-1.3073899298736595
7561,0,0,2,0,1,2,0,0,0,2,0,1,1,0,0,1,0,1,0,0,-0.7156253570951998,0.3522719678127731,-0.8782466738545796
7562,0,0,0,0,0,1,0,0,0,1,0,0,0,0,0,0,0,2,2,0,-1.3957504699006826,-1.579457725619677,-0.7428909981603428
7563,0,0,0,0,1,1,0,0,1,2,1,0,0,1,0,1,0,1,1,0,-0.24386533288316192,0.7521143819873546,0.3013087097329277
7564,1,1,0,0,0,1,0,1,1,0,0,1,0,1,0,1,1,0,1,1,-1.283638130547096,-1.1445378511958206,0.2721762808990763
7565,0,1,1,0,0,1,0,1,1,0,0,1,0,1,0,2,0,0,1,0,0.7542693759933253,0.7417894748033603,-0.478951279233411
7566,0,0,0,0,2,0,0,0,0,0,1,1,0,1,0,2,0,0,1,0,0.729999455321475,-0.5911116357158455,0.11758578548428894
7567,0,1,1,0,0,0,0,1,2,1,0,1,1,1,0,1,1,0,0,0,2.203384596929084,1.2384875685301202,-0.2166753024730289
7568,0,0,0,0,0,2,0,0,1,0,0,1,0,0,0,2,0,0,1,2,-0.12829052471317773,0.9077632077701383,0.322183484153308
7569,0,1,1,1,0,1,0,1,1,1,1,0,0,0,0,1,1,1,1,0,0.7546539870072464,1.5556490071308946,0.6534522482584536
7570,1,0,1,0,0,1,0,1,1,0,0,0,0,1,0,1,2,1,0,0,0.3087128614647469,0.8715358501373117,1.5479503935223093
7571,0,1,1,0,1,0,0,0,0,2,1,1,2,1,0,0,1,0,1,0,1.1126487549178836,0.4172826352817615,-1.4361155623964668
7572,0,2,0,1,0,1,0,0,1,0,0,0,1,1,0,2,0,0,0,0,-0.3307680119450026,1.4089670210591076,0.4650084318653252
7573,0,2,1,0,0,2,0,0,1,2,1,1,0,1,0,0,1,0,1,0,-0.13205829199868457,-0.5693182188108789,0.05435868340882766
7574,0,1,0,1,2,2,0,0,2,0,1,0,1,0,0,1,0,1,1,0,-0.8574210387119965,0.8095956132605002,-1.4306390315315227
7575,0,0,0,0,0,1,0,0,1,0,0,0,1,0,0,2,1,0,1,1,0.1826196050728962,0.2357687010443575,-0.5060806248070461
7576,0,0,1,1,1,2,0,0,2,0,1,1,1,0,1,1,0,0,2,0,0.036299275504037484,0.022574403909539575,-0.3416442369794759
7577,0,1,1,0,0,1,0,1,0,1,0,0,1,0,0,1,0,2,2,1,0.16408570840402342,-1.275734299284065,0.5919891009881684
7578,0,2,0,0,0,2,0,0,0,1,1,1,1,0,1,0,2,0,1,1,-0.6765319754806641,-1.6565809915794867,0.6821748451309142
7579,1,0,2,0,0,0,0,0,0,1,0,1,2,0,0,1,1,0,2,0,0.5215270014220098,0.9904677125447903,0.283046220371945
7580,0,0,0,0,0,2,0,0,0,1,1,0,0,1,0,1,0,0,0,0,-0.6979466608850688,-1.7196261228519822,0.16845337321084203
7581,0,0,2,0,0,0,0,0,0,1,0,1,1,0,1,1,0,0,0,0,0.26713773765369253,0.6171782857433055,1.3287517844157954
7582,0,1,1,0,1,2,0,1,0,0,0,1,0,1,1,2,0,1,2,1,-1.7403984082403692,-0.6039772279800724,0.8820960787349319
7583,1,0,0,0,0,0,0,0,2,1,1,1,0,1,0,0,1,1,0,0,-0.8677688531189062,-1.4379063149179339,-1.127436289252391
7584,0,1,1,0,0,0,1,0,0,2,0,0,1,0,0,2,1,1,2,0,-0.7383936210453821,0.19225395866189948,0.3424753923289474
7585,0,0,0,0,0,1,1,0,1,0,2,0,0,0,0,1,2,0,2,1,0.008099205059584023,0.22926268558950458,1.7110935210445637
7586,0,1,1,0,1,0,1,1,1,0,1,0,0,0,1,1,0,1,0,0,0.9787076732637513,1.264392085476895,0.8275615536952342
7587,0,0,1,0,0,2,0,0,2,1,0,2,1,1,0,1,0,0,0,1,-1.1995740467955744,-1.5880362112992539,-0.9155731556547628
7588,0,1,2,1,0,2,1,0,1,1,0,1,2,0,0,1,1,1,1,0,1.3934828460161257,-0.7427591135063395,-0.9122007176489821
7589,0,1,1,0,0,1,0,0,2,1,0,1,1,0,0,1,0,2,0,1,-0.17896939119935196,-0.37268297933451255,0.6539103564356231
7590,0,0,0,0,1,1,0,0,2,1,0,1,2,0,1,0,1,0,0,0,0.40550874111345325,-0.35931516348583403,-1.7743180761841637
7591,1,1,1,1,0,0,0,0,1,0,0,0,0,0,1,1,0,1,0,0,0.4617072761369824,0.22363710292578481,0.9263381680424629
7592,0,0,0,0,1,0,0,0,1,0,0,1,1,0,0,1,2,0,1,2,-1.0822193989139606,-0.5698470919426538,-1.5734712116429603
7593,0,2,0,0,1,1,0,0,2,1,1,0,2,0,0,1,0,2,2,0,-1.7912557539884362,-2.2932237478134,-0.7992461310273067
7594,0,0,1,0,0,0,0,0,0,0,0,1,0,1,0,0,0,0,1,1,-0.8772637592921774,0.7681862153163826,0.3375637771137887
7595,0,1,0,0,1,0,0,0,2,1,1,0,2,0,1,0,1,0,0,1,0.6940310691666357,-1.2171686365882761,-0.36863673999418806
7596,0,1,0,0,0,0,0,0,1,2,1,1,1,2,0,2,0,0,1,1,-0.04138044109467396,0.45708798797681516,-0.5874390275655978
7597,0,0,2,0,0,0,0,0,1,0,0,1,0,1,1,0,0,1,1,1,-1.669602781818681,0.21013631449695735,-2.524474975784218
7598,0,2,1,0,0,0,0,0,0,0,0,1,1,0,0,1,0,1,0,0,0.999085420073492,0.7690521922604763,0.39083119283902573
7599,1,2,0,0,0,1,0,0,1,0,0,1,0,1,0,2,1,1,1,1,0.7825297808391857,1.763872141601302,0.7338058203628719
7600,0,0,2,0,1,2,0,0,1,0,1,0,0,1,0,1,1,1,1,0,-0.9907583359486993,0.09945091688661706,-1.6936767595445965
7601,0,0,0,0,1,2,0,0,1,2,1,0,0,0,0,1,1,0,0,1,0.2563914822330886,-1.3759483932202348,1.3286557403472408
7602,0,1,1,0,0,1,0,1,2,2,0,1,0,1,0,0,2,0,0,0,1.3832946823299388,1.3598708605818988,-0.189443409959546
7603,0,0,0,0,1,1,0,1,0,0,0,0,1,0,0,1,1,0,1,0,0.2956642739752148,-0.4309907530453228,0.3422596713679864
7604,1,1,0,1,0,1,0,0,1,2,2,1,0,1,0,0,1,0,2,0,0.46415820704583394,0.09106503355077891,0.4168298645746149
7605,0,1,1,1,0,1,0,1,2,1,0,0,0,0,0,0,1,0,1,0,-1.2669706095591773,0.15785358532664584,-1.3393026087084428
7606,0,1,2,0,1,1,0,0,1,2,0,1,1,0,0,1,1,0,1,0,-0.9092120567538041,0.31184517200491724,0.9860028952069723
7607,0,0,1,0,1,0,1,0,1,1,1,0,1,0,0,1,0,1,0,1,0.2936278836556407,-1.0934319356414366,-0.646075446224754
7608,0,0,1,0,0,2,0,0,0,0,0,2,1,0,0,1,0,0,1,1,-1.7275898435819301,1.1142375980883514,-1.2798479537813072
7609,2,1,0,0,0,2,1,0,0,1,0,1,0,1,0,1,0,2,0,0,-0.5983757948279232,0.42306319853495833,-1.6329049631920043
7610,1,1,0,0,0,2,0,0,2,0,0,1,2,0,0,1,2,1,1,1,-0.021444392769787105,-0.5185914365638247,0.114277309153432
7611,0,1,2,0,0,2,0,0,1,1,0,0,0,0,1,0,1,1,0,1,-1.7136155491951037,-1.6525094445075106,-0.38783061219376824
7612,0,1,0,0,0,1,0,0,0,2,1,1,1,0,1,2,1,1,2,1,1.9674298773414705,1.4595427621729706,0.3744846282190849
7613,0,0,1,0,0,1,1,0,1,0,0,1,0,0,0,1,1,0,1,0,0.5806462025437875,-0.3857042623748331,-0.05876853404118819
7614,0,0,2,0,0,0,1,0,0,2,0,2,2,0,0,1,0,0,1,0,0.577908109808764,0.529727291540625,1.022893212594844
7615,0,0,2,0,0,1,0,1,1,0,0,0,0,0,0,0,2,0,1,1,0.25727174197650415,-1.5212519311751316,-0.08100174804510762
7616,0,1,1,0,0,0,0,1,0,1,1,1,1,0,0,0,1,0,1,0,-0.7603161577293021,-0.07453656805497133,0.8973763001871952
7617,1,1,0,0,0,1,1,1,0,0,1,0,0,0,0,0,0,1,0,1,1.1333231083879733,0.1588226820548044,-0.16630707727429253
7618,0,0,0,0,0,1,0,0,2,1,0,1,2,0,1,0,1,2,0,1,0.7025032116636201,0.6004733391964873,-0.4563439966798969
7619,0,0,1,0,0,1,0,0,2,1,0,1,0,0,0,0,0,0,1,0,1.2873703212996002,0.3340753456711979,1.470727846931214
7620,0,0,0,0,0,2,0,0,0,2,0,0,2,0,1,0,1,0,0,1,1.419782077773747,2.2725112301704398,0.4543763874003848
7621,0,0,0,0,0,2,0,0,0,1,0,1,0,0,0,0,2,1,1,0,-0.24947531283212387,0.5143296450235036,1.9367219853320252
7622,0,1,1,0,0,0,0,0,1,1,0,0,1,0,0,1,1,0,1,0,1.1983523665144917,-0.9356842756207462,-0.24556553922676538
7623,0,0,1,0,0,1,1,0,2,2,0,0,0,0,0,1,1,2,1,1,-0.4255666538958431,-0.6393418100401937,-0.6092414675300841
7624,0,1,1,0,0,2,0,1,1,0,0,0,1,0,0,2,2,1,1,2,0.9052306807410393,-0.11246351486118178,0.9106318143712355
7625,0,1,0,0,0,0,0,0,1,0,0,0,0,1,0,1,1,1,0,1,-1.008766445975921,-1.430345808844014,0.9406100800176764
7626,1,1,2,0,0,0,0,1,1,0,0,0,0,1,0,2,0,0,1,0,-2.410439056762257,0.767248526623223,-0.40430274949363487
7627,0,0,0,0,1,1,1,0,0,0,0,1,1,0,0,1,1,1,0,0,-0.8593993970687798,-0.26424885544050736,-0.748755134466292
7628,0,1,0,1,0,1,1,1,2,0,0,1,0,1,0,2,0,2,0,0,-0.5589323451624804,0.16249222458927617,-1.8243954550639911
7629,0,1,0,0,0,0,0,0,1,1,0,1,0,1,0,2,2,1,0,0,-0.7451010494825773,2.143645128593558,3.3976142577159245
7630,0,0,0,0,0,1,0,2,1,0,2,0,1,0,0,1,0,1,0,0,-0.3293959737451901,0.27845449713694936,-0.08180768092256228
7631,1,1,0,0,0,1,0,1,0,0,1,0,1,0,1,0,1,1,1,0,0.3546334347359383,-0.8009261479191154,-1.239015778921929
7632,0,1,0,0,1,0,0,0,1,2,1,0,0,1,1,1,0,0,2,1,-0.2852881764537522,0.023545504487265695,0.27024282122084325
7633,0,1,1,0,1,2,0,0,1,1,0,0,1,0,0,0,1,1,1,1,-0.41076882495441575,0.330159624971935,0.664813163346504
7634,0,0,0,0,0,1,0,0,1,0,0,0,1,0,0,2,0,0,1,1,0.14720991582105258,2.5595328150169387,1.2849918953143382
7635,1,0,0,0,0,0,0,0,2,0,1,0,1,0,0,0,2,0,1,1,-0.9861686142126418,-1.1127971206026126,0.45285519015301123
7636,0,2,0,0,1,1,0,1,2,1,0,0,0,0,1,1,1,1,0,1,0.04032282875463986,0.7337388438581659,2.011270294022905
7637,0,0,1,0,1,1,0,0,2,1,0,0,1,0,0,1,1,1,1,0,-0.052038841578371235,0.5602896724073637,0.755906138716877
7638,0,1,0,0,0,1,1,1,1,1,0,0,0,0,0,2,1,0,1,1,0.4379368355705576,-0.1927061749712906,-0.46734228969537356
7639,0,1,2,0,0,0,0,0,1,2,1,1,2,0,0,0,0,0,0,0,0.4556296745969201,-0.22012288603812247,-2.2116468288994353
7640,0,0,1,0,0,1,0,1,1,0,1,2,2,0,1,1,0,1,1,0,-0.9938076897133135,-1.1525074002339242,0.4247241230245299
7641,0,1,2,0,0,2,0,0,1,1,1,0,1,0,0,0,0,1,1,0,-0.555875440418546,-0.5692458252519202,-1.590163367565412
7642,0,1,1,1,1,1,0,0,0,0,0,0,2,1,0,2,1,0,0,0,0.5949570479828936,-0.20855904325934926,-0.4788059149223352
7643,0,0,0,0,0,1,1,0,1,0,1,0,0,1,0,1,0,1,2,0,-2.119690339956967,-2.1657081140379133,0.8166286732688606
7644,0,0,1,0,0,1,0,0,0,1,2,0,1,2,0,1,0,0,0,1,1.4890809143708752,-0.743848862393022,-0.004446610672992679
7645,0,0,1,0,0,2,0,0,1,1,1,1,1,0,1,1,1,0,0,1,1.8351031525957735,-0.5363418364856297,-0.14465755288540322
7646,0,0,2,0,0,1,1,1,1,0,0,1,0,0,0,1,1,1,1,0,-0.5756719121861978,-0.5940252149820524,-0.9133180957568459
7647,0,0,0,0,0,1,1,0,0,1,1,1,0,1,0,1,1,0,0,1,0.7076631883785561,0.76651254924423,0.0033456818458612314
7648,0,1,0,0,1,1,1,0,1,2,0,0,1,0,0,2,2,0,1,1,-0.23378210311335912,0.6034605643461718,0.10083464495614117
7649,0,0,1,0,0,0,1,0,0,1,1,2,0,0,0,1,0,0,1,0,1.202605555385023,-0.7875425304508453,0.27150287399177286
7650,0,1,1,0,0,1,0,0,1,0,1,0,1,0,0,1,1,0,1,0,0.9768368434947071,1.582915665776198,2.0939494594296644
7651,0,0,1,1,0,0,0,0,1,0,1,0,2,0,0,0,0,0,0,0,-0.2914702244267892,-1.0009145990444503,0.10557241422158449
7652,1,1,0,0,0,1,0,0,1,1,1,0,1,0,0,1,1,1,0,0,0.630769983508158,-0.45609980849416354,0.7777722837079012
7653,0,1,1,0,0,1,1,1,2,1,0,0,0,0,1,1,1,1,1,0,-0.21280766426855208,1.2304789431540506,-0.06370633098271475
7654,0,0,1,0,0,1,0,0,1,0,1,0,0,0,1,0,0,0,2,1,0.3739092601445659,0.9028234187276558,0.11220140618264685
7655,0,1,0,1,0,2,1,1,2,0,0,1,1,0,0,0,0,0,0,1,0.11299686807629084,-0.3182735039048809,-0.47945334396449246
7656,1,1,0,0,0,0,0,0,0,1,0,0,1,0,1,1,0,0,1,1,0.6440241141117697,0.5829038578188331,-0.2369705779107102
7657,0,1,1,0,0,2,0,0,1,0,0,1,1,0,0,1,1,1,1,1,0.541186546012643,-1.5371153200877374,-1.2729798908071874
7658,0,1,1,0,0,1,0,1,1,1,0,0,0,0,0,2,0,1,0,0,-0.585967997078796,0.2936262889125588,-1.5497999781037226
7659,0,1,0,0,0,0,0,0,0,1,0,1,1,0,0,0,1,0,1,1,0.7581422894783884,-0.5340851238812993,1.0046482266138996
7660,0,1,0,0,0,1,0,0,0,1,0,0,0,0,0,1,0,0,1,0,-0.5735938740233927,0.2794703405658109,0.7409009270854877
7661,0,0,2,0,0,0,0,0,1,0,1,0,0,0,0,1,1,0,1,0,-1.0722185919272829,-0.8464730039320187,0.9729632662400356
7662,0,1,1,0,0,0,0,0,1,2,1,1,2,2,0,1,0,0,2,0,1.4046696381837285,-0.8955607207247892,0.08263017590386534
7663,1,1,0,0,0,0,0,0,0,0,1,1,0,1,0,2,1,0,0,1,0.743307409290594,0.6168664474570762,1.258788385293019
7664,0,1,0,0,0,0,1,0,1,0,1,1,1,0,0,1,2,1,2,1,1.5302196584332168,0.30486367925538593,-0.030877247038748057
7665,0,0,0,0,0,1,0,0,1,1,1,0,0,1,0,2,1,0,1,0,0.45660794171780444,-0.5293952151102774,0.9001087397522336
7666,0,0,1,0,0,1,0,0,0,0,0,1,0,0,0,1,2,0,2,0,1.4341093312399984,0.5578430268500191,0.8321787411563354
7667,1,0,1,0,0,2,1,0,2,0,1,1,2,0,0,0,0,2,1,1,-0.6195818660009942,-0.8620375749936031,-0.4913442634865075
7668,0,0,1,0,0,0,0,1,1,1,0,1,1,1,0,2,1,1,1,1,0.6860862939118968,1.3391514657059234,0.2914393685578405
7669,0,0,0,0,0,1,0,0,1,0,1,0,0,0,0,0,0,2,1,0,0.6979709231272683,1.001564629515332,0.727677085790758
7670,0,0,0,1,1,2,0,0,0,1,0,2,2,0,0,1,0,0,2,1,-1.486704835181277,0.3947884940799758,0.43457497041971394
7671,0,0,2,0,1,1,0,0,0,0,1,1,1,0,0,0,1,0,0,1,-0.6372473954547132,-1.228865289594325,1.4476965569340048
7672,0,1,0,0,0,1,0,0,2,1,1,0,0,0,0,0,1,1,1,0,-1.8612644718498013,-1.2680521140352137,2.413714028083456
7673,0,0,0,0,0,1,1,1,1,0,0,0,1,2,1,0,1,1,2,0,1.1443988593778236,1.582731603580175,1.8172687767219249
7674,1,1,1,1,0,2,0,0,2,0,0,0,1,2,0,1,0,0,0,0,0.2835022353499536,-0.33794016244278985,1.4742249505619376
7675,0,1,1,0,0,0,0,1,0,1,0,1,0,1,1,1,0,0,0,0,-0.5250861989681477,0.5470790968497079,1.7499631017929234
7676,0,1,0,1,0,1,0,1,1,1,2,0,2,0,1,1,1,1,0,1,1.3011708525690373,-0.5404088111048625,0.056401509577391234
7677,0,1,0,0,0,1,0,0,1,1,0,0,0,0,2,1,2,0,1,0,-0.5024496329933498,0.16382513916766153,-0.6568063839020353
7678,1,0,0,0,0,1,0,0,0,0,0,1,2,0,0,0,1,0,1,1,0.5839179769475015,0.6733380293641085,-0.2307048876326323
7679,0,2,1,0,0,1,0,0,0,0,0,0,2,1,0,1,0,1,2,0,-0.1739247722383189,0.6522979323988607,-0.026451069067124557
7680,0,0,1,0,0,1,0,0,1,1,1,1,2,0,0,0,1,0,1,0,-0.3392879191685186,-1.415936141583553,-0.8333730272364377
7681,0,0,1,0,0,0,0,1,2,0,0,0,1,0,0,0,0,1,1,2,0.5782543569730542,-0.5627030588864064,1.8800705171718315
7682,0,0,0,0,0,1,0,1,1,1,0,1,0,0,0,1,1,1,0,0,0.2867641345401073,0.11765215070117659,-1.7623425880456756
7683,0,1,1,0,0,1,0,0,1,2,0,0,0,0,0,0,0,0,1,0,0.5188935588997262,1.0558136915964718,-0.524548206592944
7684,1,0,0,0,1,1,0,0,2,0,0,1,1,2,0,2,1,1,0,0,-0.5697681689025332,0.22485006743640967,-1.1119091132319303
7685,0,0,1,0,1,1,0,0,1,1,1,1,0,1,0,1,0,0,1,1,1.208341312025206,0.9797174876280343,-0.8026107201809489
7686,0,0,0,0,0,1,1,0,1,0,1,0,0,0,0,1,0,0,1,1,0.4025978620450264,-1.8437692166522908,2.309023402125879
7687,1,0,0,0,0,1,0,0,1,0,0,0,1,1,0,0,1,0,1,2,-0.3664462466698107,0.3622800081531665,1.5517904183091964
7688,0,0,0,0,0,0,0,0,1,0,0,0,1,1,0,2,1,1,1,0,-0.7598255778268526,-0.46354878118133275,-0.03228927895718339
7689,0,1,1,0,0,1,1,0,1,2,0,2,1,0,0,1,1,1,0,1,1.3390194887319493,0.8666170489931373,0.8669103070904531
7690,0,1,0,0,1,2,0,0,1,0,0,2,0,0,0,2,1,1,2,1,1.3570101876146734,0.6312940179700607,0.4274855455776747
7691,0,2,2,0,0,0,0,0,1,1,0,0,0,0,0,1,1,1,0,1,0.052551274263631424,0.1800458328372601,0.31824215157378105
7692,0,1,1,0,0,1,0,1,0,1,0,0,1,0,0,0,2,1,0,1,-0.6222669978591548,-0.0875871721939625,-0.19799756518845818
7693,0,0,1,1,0,1,1,0,2,1,0,0,0,0,0,1,1,0,1,1,0.03053254855572204,1.2934712773996393,-1.0782788535625332
7694,0,1,0,0,1,1,0,0,1,0,2,0,1,1,2,1,2,0,1,1,1.6024379943786162,-0.2891434783602396,0.3666029936627908
7695,1,0,1,0,0,1,0,0,1,0,1,0,0,1,2,1,1,1,1,0,-0.7836803870166567,-1.305800282715136,-0.4400587240841056
7696,0,0,1,0,0,0,1,0,2,0,0,1,1,1,0,2,2,2,1,2,0.027518117054695423,0.8872233685941705,-0.1553037945529948
7697,0,0,0,0,0,2,0,0,1,0,0,0,1,0,1,0,1,2,0,1,-0.9302507058413747,-0.9730356713269247,-0.2963481976236766
7698,0,0,0,1,1,1,0,0,2,0,0,0,1,0,0,1,2,0,0,1,-1.0427229425373827,-0.29199676150138226,-0.3184180063409382
7699,1,0,1,0,0,1,0,1,0,0,0,0,0,0,0,1,0,1,0,1,1.1492822082382967,1.2161690477708773,1.4098691657620286
7700,1,1,1,0,0,2,0,0,0,1,0,0,1,0,0,0,1,1,1,0,-0.4306582385638325,0.25981881456806066,0.0025462572693935245
7701,0,1,1,0,1,1,0,0,0,1,0,0,0,0,1,0,1,1,1,0,-0.6929658416727009,0.5358974056811587,-0.8527010400767301
7702,0,1,1,0,0,2,0,0,2,1,1,1,1,0,0,1,2,0,1,2,1.3088676389308536,-0.7336246487326455,0.3086014715348013
7703,0,1,1,0,0,1,0,0,1,0,0,1,1,1,0,1,0,0,1,0,1.4246383894831494,-0.40541301434332355,-0.5516701993262739
7704,1,1,2,0,1,2,0,0,2,0,0,0,0,0,0,1,2,0,2,0,1.7367162049401648,1.2855726407270864,0.8596830457536226
7705,0,0,1,0,0,0,0,0,1,1,0,0,1,0,1,1,0,1,0,0,-1.2823892116928264,-1.005548169640382,-1.067640725544551
7706,1,2,1,1,0,1,0,0,2,1,0,0,1,1,0,1,0,0,2,0,-0.1739335993820708,-1.3760710789758943,-1.330916157964894
7707,1,0,1,0,0,2,0,1,1,0,2,1,1,0,0,1,1,0,0,2,-0.16182239153968894,-0.6218809253346012,0.2962436249590007
7708,0,1,0,0,0,1,0,0,1,1,1,1,0,0,0,0,1,0,0,1,-0.6769575800304365,-0.7906585787810392,-1.567787833191615
7709,0,1,0,0,0,0,0,1,0,1,0,2,0,1,0,0,1,0,1,0,-2.971465013263856,-1.9825119984646784,0.1050522080355287
7710,0,2,0,0,0,2,0,0,1,1,2,0,1,0,0,1,2,1,1,0,-0.044671359453288005,-0.5243989978112523,-0.628787636530881
7711,0,0,0,0,0,0,0,0,0,1,0,0,0,1,0,0,2,1,1,1,0.3441833461949582,-0.6278769392751146,1.0272716732719833
7712,0,0,1,0,0,0,1,0,0,1,1,0,0,0,0,2,0,1,1,0,-0.3857888914454084,-0.008168888592126139,0.94876138678832
7713,0,0,1,0,0,1,0,1,1,1,0,0,0,0,0,1,0,0,0,1,-1.0257770236779107,-0.6944760032140158,-1.241046520347376
7714,1,0,2,0,1,0,0,0,1,1,0,1,1,0,0,2,0,1,1,0,-0.9505226167705246,-0.1281561296662092,-1.5390088352877613
7715,0,1,0,0,0,2,0,0,1,0,1,1,0,0,0,0,0,1,2,0,-0.2968897670446122,-0.07869766149083746,-0.6717103492311429
7716,0,1,1,0,0,1,2,0,2,0,0,1,0,0,0,1,0,0,2,0,0.43355438461986184,-0.24432812763273534,0.7671629896169135
7717,1,0,1,0,1,1,1,0,1,0,0,0,1,0,0,1,1,0,1,0,0.41018980906379277,1.6636041276017977,1.4392065222006916
7718,0,1,2,0,0,2,0,0,0,1,0,1,0,1,1,1,1,0,1,1,0.8416536406788999,1.2436289955021227,0.9015702011764358
7719,0,1,1,0,1,1,0,1,2,2,0,1,2,0,0,1,1,1,0,0,1.1095118465670166,-1.0684258006390621,0.4923151694129915
7720,0,1,2,0,1,1,1,0,1,0,0,0,0,0,0,2,1,0,0,0,-0.7752381942943573,-0.44209520093634247,0.08977842288583258
7721,0,1,0,0,0,2,1,0,2,0,0,1,1,0,0,0,1,0,1,0,0.4339655962677472,-0.48405256010515696,-0.6116586559776299
7722,0,1,0,0,0,2,1,0,1,1,0,1,1,0,0,1,0,0,2,0,0.7054178702710182,-0.28408282411019276,2.4440216456987973
7723,0,1,0,0,0,1,0,0,1,2,1,0,0,0,1,2,0,0,0,0,1.3189565792474411,1.3967459927443993,0.319793270095365
7724,0,0,2,0,1,0,0,1,2,1,0,1,0,1,0,1,0,0,0,1,-0.9888856717506814,0.8482048549035568,-0.5759808494803125
7725,1,0,0,0,0,2,0,0,0,0,1,1,0,0,0,0,2,0,1,1,-0.5111893952542865,-1.737881194758196,2.786836647300677
7726,0,0,1,0,0,0,0,0,0,0,1,0,0,1,0,0,2,1,1,1,1.6896052592031685,-0.6811601562206244,-1.46060084000438
7727,0,0,0,0,1,0,0,0,0,1,0,0,0,0,0,2,1,1,0,1,0.7243955583973337,0.8361906412071496,0.4849062446659995
7728,1,1,0,0,0,0,0,0,0,0,0,0,1,0,0,0,0,1,0,0,-0.07397996573331722,-0.13508001519189844,0.02324233068484343
7729,0,0,0,0,0,2,0,0,2,2,0,1,0,0,0,0,0,0,0,1,-0.9599815382753712,-0.5659901275646998,0.27651174441050363
7730,1,0,1,0,0,1,0,0,0,0,1,1,1,0,0,1,1,0,0,0,0.38615160757329237,0.09939448649868904,1.012115414303123
7731,0,1,1,0,0,1,0,0,1,1,1,0,1,1,0,1,0,0,0,0,1.293493773664442,-0.4078134071350408,0.8042466569018697
7732,0,0,0,0,0,0,1,0,2,0,0,0,0,1,0,0,0,1,2,1,1.036687510004241,0.17250895736303423,0.17570280529356191
7733,0,0,1,0,0,1,0,0,1,1,0,0,1,0,0,2,1,0,0,0,0.24738570558942308,0.6659124483700773,0.16749716694266042
7734,0,2,0,0,0,1,0,0,1,0,0,0,1,0,0,1,0,2,1,1,1.0995018067794635,0.6631656274534001,-1.3733017525984315
7735,1,0,1,0,2,0,0,0,1,0,1,1,1,0,0,2,0,0,2,1,-0.7526367364281681,-0.5937188595820913,1.0289165778379734
7736,0,1,1,0,1,2,0,0,1,1,1,1,1,0,0,2,0,1,1,0,-0.5890192378059596,-0.8999445039218178,0.23729513454674855
7737,1,2,1,0,0,1,0,0,2,1,0,0,0,0,0,1,0,0,1,0,0.7656990206983407,-1.1460147277958659,0.2995615332586176
7738,0,0,0,0,0,2,1,0,2,1,1,1,0,0,0,0,0,1,1,0,-0.006513359800194221,-0.6652714439101786,-0.7821660102189875
7739,0,0,1,0,1,1,0,0,2,1,0,0,0,1,0,1,0,1,2,0,-0.20841633376825552,0.23484393369887394,-1.1271912606222483
7740,0,0,0,0,0,0,0,1,2,1,0,1,1,2,0,1,2,0,0,0,-0.025084482379501654,-0.3039515007256148,-0.4042438314390856
7741,1,1,0,1,0,0,1,0,0,2,0,1,0,0,0,1,0,1,0,1,-0.045508613066335926,0.15119581294899098,-1.7140371878337315
7742,0,1,1,0,0,1,1,0,1,1,0,0,1,0,0,1,1,2,2,0,-1.0789608739117056,-0.4313653423685941,1.6368453987448708
7743,0,1,1,0,0,1,0,0,1,0,1,1,2,0,0,1,1,0,0,0,-0.3982981903036856,-0.0882931518805733,-0.34486493300032334
7744,0,0,0,0,0,0,0,0,2,0,2,1,2,1,0,1,0,0,2,1,-1.3331499395780904,0.29283358231517,-1.012631745081336
7745,0,0,1,0,0,0,0,0,0,1,0,0,1,0,0,0,1,0,2,1,0.8275581360807961,-0.2875194750975426,-0.9227836946189132
7746,0,1,1,0,0,0,1,0,0,1,0,1,1,0,1,2,1,1,0,1,-1.0558965226014183,0.45992079805997954,-0.9234369191482839
7747,0,0,1,0,0,1,1,0,1,0,1,0,1,0,1,1,0,1,2,1,0.25453972529109314,-0.16567957855839882,-0.5586691833923149
7748,0,0,0,0,0,0,0,1,0,1,0,0,1,0,0,1,1,0,2,0,0.2752632782056021,0.5075325317208019,0.36867556641990396
7749,1,0,1,0,0,2,0,1,0,0,1,0,1,0,0,0,1,0,0,0,-1.3661172624936193,0.3664816883651306,0.14454308914087288
7750,0,1,0,0,0,2,0,0,0,0,0,1,1,1,1,1,1,1,0,0,-2.070039662848555,-0.7491450046092217,0.8546429844931294
7751,0,1,1,0,0,1,1,0,1,1,0,1,0,0,1,0,1,0,1,1,-0.5270740547869486,0.12948775884444003,0.24118463245630042
7752,1,0,0,0,2,1,0,1,1,1,1,0,0,0,0,0,0,1,0,1,0.8577152047027261,-0.0886736816380437,-0.06616871192213175
7753,0,1,0,0,0,0,0,1,1,1,1,0,1,1,0,2,1,1,0,0,-0.39795126665427893,-1.497530948945108,0.9626843476399893
7754,0,1,0,0,1,0,0,0,1,0,0,1,0,2,0,0,1,0,1,0,-0.15885445433671863,-1.8421675712272063,0.47504447892036783
7755,0,1,1,0,0,2,1,0,2,1,1,1,2,0,0,0,1,1,1,0,-0.7335929679247636,-1.6177711211003234,2.8452879350786384
7756,0,1,0,0,0,1,1,1,1,0,1,0,1,0,0,0,0,0,1,1,0.651682301028588,-0.8830298611182397,0.7588095914264219
7757,0,0,0,0,0,2,0,1,0,1,0,2,0,0,0,1,1,0,2,1,1.3411790390651743,1.4634066898642288,-0.8481740251313223
7758,0,0,0,0,0,0,0,0,2,0,0,0,0,1,0,1,0,0,0,1,-1.3598342047517606,0.32053224919091144,-0.6838986444425589
7759,0,1,0,0,0,1,0,0,2,0,0,1,1,1,0,1,1,0,1,1,0.4406126241261549,0.4422433216596689,-0.639151926632151
7760,0,0,0,0,0,2,0,0,2,1,1,1,1,0,0,0,0,1,0,1,-0.07781729057384196,0.21209694717751695,1.9741594531986857
7761,0,0,2,0,0,1,0,1,1,0,0,1,0,0,0,2,0,0,1,1,0.39961711177776105,0.8551537270904085,-1.292904922532034
7762,0,0,1,0,0,2,0,0,0,1,0,1,0,0,0,1,0,1,2,0,0.3112730304741218,1.1498034821759906,-1.2250792689205225
7763,0,1,0,0,0,1,0,0,1,0,1,2,1,0,0,1,1,0,2,1,-2.007037484559496,-1.195269391345267,0.8474275423946502
7764,0,1,1,0,0,1,0,2,0,1,0,0,1,0,0,1,1,0,2,1,-1.7211083889260947,-1.2162573256404778,-2.280567190250008
7765,1,0,0,1,0,1,0,0,1,1,0,0,2,1,0,0,0,1,1,1,-1.3292001298772966,-1.9293825910643856,-0.4517312464207137
7766,1,0,2,0,0,1,0,1,1,0,0,0,0,0,0,2,0,1,1,2,-0.35269306554394597,-0.22213348130142935,0.43479226128596116
7767,0,0,0,0,0,1,0,0,0,2,0,0,0,1,0,0,0,2,1,2,-0.2654910648621642,1.3683412895677787,1.836981117861214
7768,0,1,1,0,0,1,0,0,1,1,1,1,0,0,0,1,1,1,0,1,-0.21995760215029048,0.44262327128882223,0.3635664944678435
7769,0,0,1,0,0,2,0,0,1,0,0,0,1,0,1,2,0,0,1,0,0.7305502197890571,0.04151075961700379,0.14268486413949374
7770,0,0,1,0,0,1,0,1,1,2,1,1,0,1,0,0,1,0,1,0,-0.08390634615302656,0.3492411579848848,0.670238104320228
7771,1,1,1,0,0,2,0,0,0,1,1,1,0,0,1,2,0,1,2,1,-1.784555238667522,-0.14386778930744443,-0.03349534335479423
7772,0,0,1,1,0,1,0,0,1,0,1,0,1,0,0,1,1,0,2,1,-0.2763022187766447,-0.8694264403141974,0.7010553956069391
7773,0,0,0,0,0,1,0,0,0,1,1,0,1,0,1,0,1,1,0,0,-0.14730380667983878,1.1517145650754694,-2.772250658768152
7774,0,0,0,0,0,2,0,0,1,0,1,0,1,1,1,0,1,0,1,1,0.8746047789290391,1.2980415914786771,1.7797552519758022
7775,0,0,0,0,0,1,1,1,1,1,0,1,0,0,0,0,1,1,1,0,0.6333448654694311,-0.09243405788140269,-1.5226835307617304
7776,0,1,0,0,1,0,0,0,0,0,0,1,1,0,0,0,2,1,1,0,-3.3311238642964245,-2.687827683833227,2.273469160636253
7777,1,1,1,0,0,1,0,0,0,2,0,1,1,1,0,2,1,1,1,1,0.1602318492606478,0.3030878555966156,0.7549190609432279
7778,0,0,0,0,0,2,0,0,0,0,0,1,2,1,0,1,2,1,0,0,-1.7194265714227774,0.11290900266267734,-1.3290584471285287
7779,0,0,1,0,0,0,0,0,0,1,1,0,0,1,1,1,1,1,0,0,0.4975766351913826,2.07749134126592,0.6990906262727082
7780,0,0,0,0,1,1,0,1,2,0,2,0,0,0,1,2,1,2,2,2,1.3574688996473334,0.9756825148025363,1.3041829184915996
7781,0,1,1,0,0,1,1,0,1,0,0,0,1,0,0,0,1,0,0,1,0.16893537821578347,-0.4849836587886206,0.07524525442925187
7782,0,0,0,0,0,0,0,0,2,2,0,1,0,1,0,0,0,0,1,1,0.30556322703862254,1.4165867409455035,1.1024995545714567
7783,0,1,1,0,1,1,0,0,1,0,1,1,1,1,1,0,1,0,0,0,-1.1225171830739393,-0.697063066514799,-1.844597512196805
7784,0,0,1,1,0,0,0,2,1,0,0,0,1,0,0,2,1,0,0,0,-0.7855404057147434,0.2356636585293779,-0.24142866880226094
7785,0,2,1,0,1,2,0,0,0,1,0,1,1,1,1,1,0,1,0,1,-0.6012351953035769,-1.1400809122775002,0.36767416915952855
7786,0,0,0,0,0,0,0,0,0,1,0,2,0,0,0,0,1,1,2,1,0.9791700357056398,0.8820033443406814,0.920005132909065
7787,0,1,0,0,0,1,0,1,0,2,0,0,0,1,0,0,2,0,0,0,-0.11999538684791253,0.1677725381692478,0.8698375494409317
7788,0,1,0,0,0,1,0,0,2,1,0,0,0,0,0,1,1,0,1,0,-0.566723593192244,1.721182872975584,-0.5776466091475232
7789,0,1,1,0,0,0,0,0,2,1,0,0,0,1,0,0,1,0,1,1,-1.067267404967373,-0.5046129866474804,0.14606266628377867
7790,1,0,0,0,0,1,1,0,1,1,1,1,1,0,0,0,0,2,0,1,-1.4256066354241976,0.4573823540315386,0.4187968581943563
7791,0,1,0,0,0,2,0,1,1,1,0,1,0,0,0,1,1,0,1,2,0.09521205634068762,-0.6533279833226331,-0.23283522636331438
7792,0,0,1,0,0,1,0,0,1,1,1,1,0,0,2,2,2,1,1,1,0.04984830113481215,1.105486580464435,-1.3247382588107695
7793,0,0,1,0,0,0,0,0,1,0,1,1,0,0,1,0,0,1,1,1,-0.0807042654707298,-0.00978169555923361,-0.17154905532441464
7794,0,0,1,0,0,2,0,1,1,1,0,1,1,0,1,1,0,1,0,1,0.9395375895541639,-0.002844989025424627,0.7799428423950295
7795,0,0,0,1,1,2,0,1,1,0,0,0,2,0,0,1,1,0,0,0,-1.3330392662689492,-0.9113733547273578,0.3955874420384953
7796,0,1,1,0,0,1,2,0,2,0,0,0,1,0,0,0,1,1,0,0,-1.1651084759929156,-2.110701969897619,-0.4167042456048444
7797,0,0,1,0,1,0,0,0,1,0,0,1,0,0,0,1,0,0,1,1,-1.195683915604515,0.32410155904832044,-0.9755661631242436
7798,1,1,0,0,1,1,1,0,1,2,1,1,2,0,0,0,1,0,1,0,-1.2487585806074024,-2.326663125757883,1.422349602769643
7799,0,2,0,0,0,2,0,1,1,2,0,0,0,0,0,1,0,0,1,2,0.24715341532211815,0.7790236269868384,0.23562321649923318
7800,0,2,0,0,0,2,0,0,2,2,0,1,1,1,0,1,0,0,2,0,-0.17897736552988264,1.1631413368822177,-0.826451701621433
7801,0,2,1,0,0,2,1,0,1,1,0,0,1,0,0,0,0,1,1,0,0.6116027736769513,1.3303607621853621,-0.2075750606205145
7802,1,1,1,0,0,2,0,0,0,1,0,1,0,0,0,0,1,1,2,1,-1.5995580260592341,-1.3074970518237796,1.55463954267981
7803,0,1,1,0,1,1,1,0,2,1,1,0,0,1,0,1,0,1,0,2,-0.0426692009882359,0.6031072480963295,-1.0881026152660203
7804,0,0,0,0,0,1,0,0,1,0,0,1,1,1,0,1,0,1,0,0,-1.0677305008194462,-0.04116840390267201,0.2896923097862574
7805,0,0,1,0,0,1,1,0,2,1,1,0,1,0,0,1,0,0,0,0,0.9241319624854168,1.4565901878691403,2.1025428522983063
7806,0,1,1,0,0,1,0,0,1,0,0,1,0,0,1,2,0,1,2,0,0.8095932694427251,-1.075780790888033,-0.20292651048096033
7807,0,1,0,1,0,0,1,1,0,1,0,0,0,0,0,1,1,0,0,1,1.04226337547977,0.546693453649428,-0.5250176641099501
7808,0,0,1,0,1,1,0,0,2,0,1,1,0,0,0,0,2,1,1,2,2.052407383555328,-0.3664272432246207,2.839968121968971
7809,0,0,0,0,0,1,1,0,0,1,0,0,0,0,0,1,0,0,1,1,-1.3690427476096594,-3.027990139818497,0.47393754564785995
7810,0,1,0,1,0,2,0,0,2,1,0,1,1,0,0,1,0,0,1,1,1.5775792886867575,2.143158477653579,-1.0732358008853384
7811,0,0,1,1,0,2,0,0,0,1,0,1,1,0,0,2,0,1,2,1,0.09592521232899823,0.9768785228069705,1.9800664819783185
7812,1,1,1,0,0,1,0,1,0,0,1,0,0,0,0,1,1,0,0,0,-0.4570274047191517,-1.0261238870834353,0.46794770042600875
7813,1,0,1,1,0,1,0,1,0,1,0,0,0,0,0,2,1,1,2,0,-0.6069139972999492,1.789748102402936,1.7619746462406172
7814,0,0,0,0,0,0,0,0,1,0,0,1,1,1,0,0,0,0,0,0,1.3896537835893163,0.6091103995122404,-0.7625168560025046
7815,1,0,0,0,0,0,0,1,1,0,1,1,1,0,1,2,0,1,0,2,0.4156162470916369,0.1881245920379645,-1.1956964538121913
7816,1,0,0,0,0,1,0,0,1,1,0,0,1,0,0,2,0,0,2,0,-1.691533988250685,-0.4117378454859044,-1.1880510141651772
7817,0,0,0,0,1,1,0,1,1,0,0,0,0,1,0,1,1,1,0,1,-1.1930544529115659,-0.7985021635101339,1.6265682966756043
7818,0,0,1,1,0,2,0,0,2,1,0,1,0,1,0,2,0,1,1,0,1.2288221653683475,0.6444872305350955,-0.48152634602335675
7819,0,1,1,0,0,1,0,0,2,0,1,1,0,0,1,0,0,0,1,1,1.1102103840818414,1.171582233353607,1.9381079588362906
7820,0,2,2,0,0,1,0,1,2,0,0,0,1,1,0,1,1,1,1,1,0.7402877866625218,-0.5744110427781379,1.071824716073927
7821,0,2,1,0,0,2,0,0,2,0,0,0,0,0,0,0,1,0,0,1,0.2368210063716586,0.29325756913733064,0.6788976474725155
7822,0,0,0,0,0,1,0,1,2,1,0,0,0,0,0,1,0,1,2,1,1.1696045197873333,2.4231706409586677,-0.027741324403891987
7823,1,0,0,1,1,1,0,0,1,0,0,2,1,1,0,1,1,1,0,1,1.3200171433254362,0.03297999817477604,0.5768509295255225
7824,1,0,0,0,1,1,0,0,0,0,0,1,2,0,0,2,1,0,0,2,1.635879455448825,-1.2773956391189367,1.3631521693803306
7825,0,0,1,0,0,2,0,0,2,0,1,2,0,1,0,0,0,0,0,0,1.151327850814778,-0.3991129102910491,-0.9802457228586019
7826,0,0,1,0,0,1,0,0,1,0,0,0,0,0,0,1,0,0,1,0,2.0552405375466436,1.990824655156592,2.532241063230013
7827,0,1,1,0,0,0,0,0,1,1,0,2,0,0,0,0,2,0,2,1,1.8100687640152715,0.47729893633327586,-0.4800049741380424
7828,1,1,1,0,0,1,0,0,1,0,0,1,2,0,0,0,0,0,1,0,-0.6428541435431068,-1.8571021614002505,1.059739750258375
7829,1,1,1,0,0,0,0,0,0,1,1,1,0,2,0,0,1,0,2,0,-0.6951687749060295,0.4381023160989217,-1.8377911316464692
7830,1,0,1,0,0,1,0,0,0,2,1,0,1,0,0,0,0,1,1,0,-0.22751515407683343,0.19777262351190056,2.3091931813495683
7831,0,0,2,0,0,0,1,0,1,1,1,0,0,0,0,2,1,1,1,0,2.263574724461098,1.3837780986032955,0.8070259127666339
7832,1,1,2,0,0,1,0,0,1,1,0,0,0,0,0,1,0,0,1,2,-2.0555647463451097,-1.58792267581773,-0.32754084353372004
7833,0,1,2,0,1,2,0,0,1,0,1,0,0,0,0,1,1,1,1,0,1.4139435336445993,1.6926888291844526,1.8407217844389479
7834,0,0,0,0,0,0,0,0,0,1,0,0,0,0,2,1,0,0,0,1,0.9222191130954731,0.9110489775267095,0.7768855602124809
7835,1,0,1,0,1,0,1,0,0,0,0,1,0,0,0,0,0,1,1,1,1.3609659740691413,-0.616645609706591,0.7296391513747966
7836,0,0,1,0,0,0,0,0,0,0,0,1,0,0,1,0,1,0,2,1,0.9190313876544993,-1.6599428341821256,-0.017731891058645477
7837,0,1,0,0,0,0,0,1,1,1,1,0,0,0,0,1,1,0,1,0,1.1598939996877295,-0.8052216528240261,1.30913022656715
7838,0,0,1,0,0,0,0,0,1,1,0,0,0,2,0,2,1,0,2,1,-1.0758716417400664,0.35030867992354653,-0.7179696351980219
7839,0,2,1,1,0,2,0,0,1,1,1,0,1,0,0,1,1,0,0,1,1.5502849935628134,0.897006409959141,-0.7426772166930546
7840,0,0,0,0,0,0,0,1,1,0,2,0,0,1,0,1,1,0,1,1,0.13446167600763168,0.5859133890838573,-1.2643264908927005
7841,2,0,0,0,1,2,0,0,1,0,1,0,1,0,0,0,1,0,2,0,0.8570932449077208,-0.23103670559370587,-0.7665432077975362
7842,0,0,1,0,0,0,0,0,2,1,0,1,1,1,0,1,0,1,0,0,-1.1564582294833525,-1.5233776495160334,-0.11128694051720514
7843,0,0,0,0,0,2,0,0,1,0,1,0,1,1,0,2,0,0,1,1,-1.12098501329347,1.7674149951209333,3.6924151598821315
7844,0,0,0,0,0,0,1,0,1,1,1,0,1,0,0,1,0,0,1,1,-0.014763458232142647,0.6028974312624661,0.7036163963605568
7845,0,1,0,0,0,0,0,0,0,1,1,0,0,0,1,0,0,1,1,1,1.6208736588316521,1.639008094740428,1.8933191208704494
7846,1,1,1,0,0,2,0,0,0,0,0,2,1,0,1,1,1,1,1,1,0.4090012115316899,-0.4416504760255173,-0.2869669921558068
7847,0,0,0,0,0,1,1,0,0,1,0,0,0,0,1,1,2,0,1,0,0.5740760714609389,0.3070074977524847,1.1910221885763936
7848,0,1,1,0,0,1,0,0,1,0,1,0,1,0,0,1,1,1,1,0,0.394753740869091,-1.0276626220394365,0.24299996720767628
7849,0,0,0,0,0,1,0,1,2,1,1,0,1,0,1,1,1,1,1,0,-0.2442343442014458,-1.0632410351348103,0.697911989152852
7850,0,0,0,0,0,1,1,0,2,2,0,1,0,0,0,1,0,0,1,1,0.8587468688045543,-0.3240833837472632,-0.46439036643100445
7851,0,1,0,0,0,0,0,0,2,1,0,0,1,0,0,0,1,0,1,0,0.37178140503949303,0.3123126806968823,-0.7028573558391056
7852,0,0,0,0,1,0,0,0,2,1,0,1,2,0,0,1,0,1,0,0,-0.14201994522546932,-0.15882185375229763,-0.2038478782232997
7853,0,0,1,0,0,0,0,1,1,0,0,1,0,0,0,1,1,1,2,2,0.7995064646035621,1.43509899286915,0.6693506445739522
7854,0,2,1,0,0,0,0,0,0,2,1,1,2,0,0,1,0,1,0,1,0.6434149660909358,-0.8040294182520225,1.1820082514467036
7855,0,0,1,0,0,1,1,0,1,0,0,0,0,1,0,2,0,0,0,0,-1.0053333605822383,1.3365532696058227,2.248072556679071
7856,0,0,1,1,0,0,0,1,1,0,0,0,1,0,0,2,1,1,1,0,-1.4071333084024251,0.9598377252098059,0.21632460156615416
7857,0,0,1,0,0,2,0,0,0,1,1,0,2,0,0,2,1,0,1,0,-0.6181536164378373,-0.7198909905644566,0.26105201863287825
7858,0,0,1,0,0,1,0,0,1,2,1,1,2,1,0,0,0,0,0,0,-0.08418025129469026,-1.548667941630536,-0.15434003812150748
7859,0,1,0,0,0,0,0,0,0,1,1,0,0,1,0,1,0,0,2,0,-0.27867522803443745,0.6873399735064069,0.2567970689914494
7860,1,1,0,0,0,1,0,0,1,0,0,0,0,1,0,1,0,0,2,2,-0.42804417933336236,-0.9135791222722291,0.5844375838905786
7861,0,0,1,0,1,1,0,1,1,2,0,1,0,1,0,0,1,0,0,1,0.438767682271379,-0.39197288640587546,-0.9828320915499285
7862,0,0,0,0,0,1,0,0,1,1,0,0,0,0,0,0,0,1,1,0,-0.24840232833054002,-0.20138626113797467,-0.21253167493058475
7863,0,0,1,0,0,1,0,0,1,0,0,0,0,1,0,1,0,1,1,0,-0.2658306837434897,0.3207294416315197,-1.5277736019224644
7864,0,0,1,0,1,2,0,0,1,0,2,1,2,0,2,1,0,1,0,0,-1.2395674451108478,0.24002727905971954,-0.2835523135395777
7865,0,1,0,0,1,1,0,0,0,0,0,1,0,0,0,1,0,1,1,1,-1.53002990743107,-1.5754603144318358,0.3816482820301553
7866,1,1,1,0,0,1,0,0,1,0,0,0,1,0,1,1,2,0,0,1,0.44699590795269445,0.9167503015598433,-0.5898468220976351
7867,0,0,0,0,0,2,1,0,1,1,0,0,0,1,0,0,2,0,1,1,1.7896152255328324,1.8108327039732621,0.8149838492638096
7868,0,0,0,0,0,0,0,0,1,1,0,1,1,0,1,2,0,1,2,1,-0.2239716547063654,0.6575085242525182,-1.0129456364557283
7869,0,0,0,1,0,0,0,0,0,1,0,0,1,0,0,1,0,0,0,0,0.3578350596434,0.2516508635996526,2.1636715112299396
7870,0,0,0,0,0,2,0,0,1,0,0,1,1,1,0,1,2,1,2,1,0.6463198440271127,0.7821549771016352,-0.31532023202038006
7871,1,0,1,0,0,1,1,0,1,1,0,0,1,0,1,0,1,1,1,0,1.074396283743963,-0.018631810082690436,0.47067180301979905
7872,0,1,0,0,0,0,0,1,0,0,0,0,1,0,0,1,0,1,0,0,-2.144927464545223,-0.9738490460091106,-0.5465101881691121
7873,0,1,0,0,0,1,0,1,1,0,0,1,1,0,1,1,1,2,1,2,-0.5882315041689634,-0.9526008212834819,1.1098366461221767
7874,0,0,0,0,0,1,0,0,1,1,0,0,2,0,0,1,0,0,1,1,0.6009720375617503,2.4700417038146427,1.9472945511581374
7875,0,0,1,0,1,2,0,0,0,1,0,0,1,0,0,2,1,1,1,0,0.5499005258264038,0.21072877156257264,-0.7845690253709257
7876,0,1,0,0,2,0,0,0,1,0,0,0,0,0,0,0,2,0,1,0,0.5960497098113366,0.24636929893952056,-0.7078219242125096
7877,1,0,0,0,1,1,0,0,1,0,1,1,1,1,0,2,1,1,1,0,0.8585179404545799,-0.06791620890439859,-1.1076768017259582
7878,0,0,0,0,0,0,0,0,0,0,1,2,0,0,0,0,0,1,0,0,-0.34728664416162724,-0.7309418069702245,1.8071218560408349
7879,0,0,0,0,0,1,0,0,1,0,0,0,0,0,1,2,0,2,0,2,-0.5753943909857833,1.0022089756726125,0.568183199437047
7880,0,0,1,0,0,1,1,0,1,1,0,1,2,0,0,0,2,1,0,0,0.1740898510365407,-0.5433582434113098,-0.06638453583365946
7881,0,0,0,1,0,1,0,0,1,1,0,1,2,1,0,2,0,1,1,1,-0.05590315865799002,1.333607096233592,-1.5104618515326287
7882,0,1,1,0,0,0,1,0,2,0,0,0,1,0,0,0,1,1,1,0,-0.5520326753224731,-1.9700614923501594,0.228424179113347
7883,0,0,0,0,0,2,0,0,0,0,0,0,1,1,0,0,0,1,0,0,1.300038757335876,-0.7893226882477128,-0.7587225282285337
7884,0,1,1,0,1,1,0,0,2,0,1,0,0,0,0,0,1,2,0,0,-0.33732907791512867,-1.6747947657523639,1.678827855132594
7885,0,0,0,0,0,2,0,0,0,1,1,1,0,0,0,1,2,1,0,1,1.4400952162780662,1.1350987043629703,-0.004085876457851689
7886,0,0,0,0,0,1,0,0,1,0,2,1,2,0,0,1,0,0,1,0,1.505892434598129,-0.36535265955481544,1.2617083666901083
7887,0,0,0,0,0,1,0,1,1,2,0,0,1,1,1,0,1,0,1,0,-0.7014232498919861,0.8055677412618603,-1.7321856979813803
7888,0,1,1,0,0,1,0,1,0,1,0,1,1,1,0,1,1,0,1,2,-0.43101996898062594,-0.3230407808407156,-0.270860702185935
7889,1,1,1,0,0,2,1,0,1,0,0,1,0,0,0,1,1,0,0,0,-1.142026764196044,-0.14493079373469503,2.376780527180443
7890,0,0,1,0,0,1,0,0,1,1,1,0,1,0,0,0,1,0,0,1,0.8533898756605801,0.12111985768608843,0.6586122631822067
7891,0,1,1,1,0,1,0,0,1,1,1,0,2,0,0,1,0,0,0,0,-0.536128059164683,0.08022052210174752,0.978272277515878
7892,0,0,1,1,1,0,0,1,1,0,0,1,1,0,0,0,1,0,1,1,-0.7248737277698901,-0.37636036336744455,0.660609059611933
7893,1,0,1,1,0,2,1,0,1,1,1,0,0,1,0,2,0,0,0,1,0.36899554655118716,0.8123827681360827,1.7620203412598714
7894,1,0,0,0,0,1,0,0,1,0,0,1,0,0,0,2,2,0,2,0,-0.5787383551070971,-0.15521310883688874,-1.0012413532299365
7895,1,0,2,0,0,1,0,0,2,2,0,0,0,2,0,1,0,0,0,1,1.0129595954019055,0.3356119703843585,0.2828137488392031
7896,0,1,1,0,0,0,0,1,1,2,1,1,1,0,1,1,0,1,2,1,-0.47695226977150224,-0.12571608252758165,-0.11986261164034309
7897,0,1,0,0,0,2,0,0,1,0,1,1,0,1,0,1,0,0,1,1,1.4128140839880576,1.7665399842432103,1.6573547751597912
7898,0,0,1,0,0,2,0,0,1,1,1,2,1,0,0,1,1,0,1,1,-2.1067294608138214,-2.219516684610997,0.22346549956462694
7899,0,1,2,1,0,0,0,0,1,0,1,0,2,0,0,1,1,1,1,0,1.6425637153832797,-0.4637309313215474,2.41958558715704
7900,2,0,0,0,0,1,0,0,2,0,0,0,0,0,0,1,1,0,1,1,0.06948666078962133,0.2084835218074853,0.19086564663757183
7901,0,1,2,0,0,1,0,0,2,1,1,0,1,0,1,0,0,0,1,0,-1.9499247052367632,-3.2148687631831416,-0.016969766995601487
7902,0,0,0,0,0,1,0,0,0,0,0,1,0,0,0,2,1,0,0,2,-0.2497907853385717,0.04803407930517983,-0.4268671053702362
7903,0,1,1,1,0,0,0,1,1,0,1,0,1,0,0,2,0,1,1,0,1.6270363045191665,0.3869010727599463,-0.5908586131450351
7904,0,0,1,0,0,2,0,1,2,0,1,0,1,0,0,1,1,1,0,0,1.0766155553094594,-0.22839041050253767,2.4796253319505133
7905,0,0,2,0,0,0,1,0,1,1,0,0,1,1,0,0,1,0,1,1,-0.831464587573144,-2.122977639391518,0.3098916286804246
7906,0,0,0,0,0,1,2,0,0,0,1,0,0,0,1,1,0,2,0,1,-0.8798998541807151,0.7241364857882981,-0.22519032905564756
7907,0,0,0,0,1,1,1,0,1,1,1,1,0,0,0,1,0,0,0,0,-0.33881472302689386,-0.8570905448980455,-0.8130531851546273
7908,0,1,0,0,0,0,0,0,1,2,0,0,1,0,0,1,1,0,2,0,1.4090419591536152,0.27273421286634697,-0.019300431925811656
7909,0,0,1,0,0,0,1,0,2,1,0,1,1,0,0,0,1,1,0,0,-1.1887895360056542,-1.637661412846397,0.14839898888080802
7910,0,0,1,0,0,1,0,0,0,0,1,1,0,1,0,1,1,1,1,1,-0.3605243832692955,-0.3080187731434839,0.6508777870720099
7911,0,0,0,0,0,1,0,0,0,1,1,0,0,0,1,1,0,0,1,0,-1.9014078193724304,-0.4655103997744644,-0.5336829520372873
7912,0,2,1,0,0,1,1,0,1,0,1,0,1,1,1,0,1,0,0,1,-0.22874399422367653,-0.9897755582587113,-1.5503932635531714
7913,0,1,0,0,0,0,0,0,2,0,0,1,0,0,1,1,0,1,1,0,0.1798396417312621,-0.8578177165813259,0.1165084207651971
7914,1,0,0,0,0,0,0,0,1,0,0,2,0,0,0,0,1,1,2,0,-0.17113803084057239,-0.34299598049945035,-0.10996558239477086
7915,0,0,1,0,1,1,0,0,0,0,1,1,1,0,0,0,1,0,2,0,-1.0713673055854882,0.3838244979641221,-1.5127890314851926
7916,0,2,1,0,0,0,0,0,0,0,0,0,0,0,0,1,1,1,1,0,0.384308708624534,-0.2896003740985282,0.8963748796448797
7917,0,2,1,1,0,2,1,1,1,0,0,0,0,1,0,1,1,0,0,1,0.3143268170468803,-0.23876593258304063,-0.1874328177971544
7918,0,0,0,0,0,1,0,0,1,1,0,1,0,0,0,0,0,1,1,0,-0.5585770092984321,-1.4339580897891002,-1.54450265957193
7919,0,1,1,0,0,0,1,1,2,2,0,0,0,1,0,0,0,0,1,1,-1.0192064400742207,-0.7820917388718456,0.8149353414089282
7920,1,1,0,0,0,1,0,0,0,1,1,0,0,0,1,0,0,1,1,1,-0.3781223354857061,-2.3777224554460195,-0.5637310869225732
7921,1,1,1,0,0,1,0,0,2,1,0,1,2,0,1,1,1,0,0,1,0.2449714639476884,0.06340761323082719,0.3777120944291889
7922,1,1,0,0,0,1,0,0,1,0,1,1,0,0,0,1,1,1,2,1,0.8120953318851245,0.2877338406327481,-0.9848374586523232
7923,0,2,0,0,1,2,0,0,0,2,0,0,0,0,0,1,2,0,0,0,0.5710636744742345,-1.3126830321879026,-0.606609444880347
7924,0,0,1,0,0,2,1,0,1,0,1,1,0,0,0,2,0,1,2,0,0.333298206390112,-0.0287525445537396,0.3005318795077329
7925,1,0,1,0,0,0,0,1,2,1,0,2,1,0,0,1,2,2,0,1,0.0059175369045882465,-0.20764079876685732,1.0261407199750792
7926,0,0,0,0,0,1,0,0,0,1,0,0,1,0,0,1,2,1,1,0,0.0389074897731283,1.0555603377311653,0.2743686911971278
7927,1,1,0,0,0,1,0,0,1,2,1,1,1,1,0,1,0,0,0,0,-0.4273860697151281,0.8262700319064888,-0.034737331758726495
7928,0,0,0,0,0,1,0,0,1,1,0,1,0,0,0,2,0,0,1,1,0.7254126703518998,1.3910039536511225,0.630132530996601
7929,2,0,2,1,1,1,1,0,1,1,0,0,2,0,0,2,1,0,2,1,0.3248925157053951,0.9703398248225152,-0.3700143134567487
7930,0,0,1,0,0,2,0,0,0,0,1,2,1,1,0,1,0,0,1,2,1.1395660263126302,2.108594404858608,1.7345717420084747
7931,0,0,0,0,0,1,0,0,1,0,1,2,2,0,0,1,1,0,0,0,2.1228279140954736,1.72100398829029,0.9220484272773076
7932,0,1,1,0,0,0,0,0,0,2,1,1,1,1,0,0,0,1,2,0,-1.0952142008665997,-2.4074027876850645,-0.875775034576023
7933,0,2,1,0,1,1,0,1,1,0,1,1,0,0,1,0,0,1,1,0,0.5161341259227656,-0.5396364853399636,-0.051486449812142634
7934,1,0,1,0,0,1,1,0,2,1,0,1,1,1,0,1,1,0,1,1,-0.4611932013833453,1.3048815377150635,-1.2965264489961428
7935,0,0,0,0,0,1,0,0,0,0,0,0,0,0,0,0,0,1,1,1,-1.2805533319663278,1.4400045305430191,0.3011752601923112
7936,0,2,1,1,1,1,0,0,1,0,1,0,0,0,0,1,0,1,0,2,1.0408702417055071,0.9114067592666546,-1.668680788780991
7937,0,0,1,0,0,1,0,1,2,2,0,2,0,0,0,0,1,0,2,1,0.4034445507528426,0.9046766642208203,0.2703470446379591
7938,0,0,0,0,0,1,0,0,0,2,0,0,0,0,1,0,1,0,0,0,0.13951545414191205,0.05220422024207522,-0.5192983176936153
7939,1,0,1,0,0,1,0,0,2,1,0,0,1,0,0,1,2,1,0,1,0.04770664158942818,-0.12585304642929612,0.6211213071299786
7940,0,0,1,0,0,1,0,0,1,1,0,0,1,0,1,0,0,2,2,1,1.6380365112766313,0.856675536741665,-0.042434272822965025
7941,1,0,1,0,0,1,0,0,2,1,0,0,0,1,0,1,0,1,0,0,0.09995982458156816,2.1111990884139455,0.15203111965168303
7942,0,0,1,0,0,1,0,0,1,2,0,1,2,1,0,1,0,1,2,0,0.774200930269696,2.8279668137448404,1.697505310718999
7943,0,1,0,0,0,1,1,0,0,2,1,1,2,1,1,1,0,0,1,0,0.8963735176838165,1.2303324933989979,0.14789025541605186
7944,0,1,0,0,0,0,1,0,1,1,0,0,0,1,0,0,1,0,1,0,0.7687776555187092,1.2990299515620856,1.7823877174528122
7945,0,1,0,0,0,1,0,0,1,2,0,1,1,1,0,1,1,1,0,0,0.5308817915238879,0.13963450391912544,0.6305460813433067
7946,0,1,2,0,0,2,0,0,2,2,1,1,2,0,0,0,1,1,2,0,0.32459137589816145,-0.459292529083921,-0.8466205704703236
7947,0,0,1,0,0,1,1,0,0,0,0,0,1,1,2,0,0,0,0,0,-1.4599799652903287,-0.8568256321943559,0.9783935956535882
7948,1,1,0,0,0,1,1,0,1,1,1,0,0,1,1,1,1,0,1,1,-0.26269549864736796,0.1076451629339153,-1.2284816313970084
7949,0,1,1,0,0,1,0,0,2,1,1,1,0,0,0,2,2,0,0,0,0.02222501362015311,-0.05778242412610285,-1.226414897489204
7950,0,0,1,0,0,1,0,0,0,2,0,2,1,0,1,0,1,0,2,0,0.34667396045685006,0.7621190059151914,0.9037084718798707
7951,0,0,1,0,1,0,0,0,1,0,0,1,2,0,0,1,1,1,0,0,1.7023137505774169,0.13187827817631625,0.8615400354776493
7952,1,2,0,0,0,1,0,0,0,2,1,0,0,0,0,1,0,0,2,1,-0.5452525781583225,-0.4641934224914888,0.9004909364416037
7953,1,0,1,0,0,2,0,0,0,1,1,0,1,0,0,1,1,1,1,1,0.16657985902383124,-0.8686434157974545,-0.8870891632803122
7954,1,0,1,2,0,1,0,1,0,0,0,0,2,1,0,1,0,0,2,1,0.10318211857827075,2.208786907273222,0.9201005715830468
7955,0,1,2,1,0,1,0,0,1,1,0,2,2,0,0,0,1,1,0,0,-0.6173568979706207,-0.13960811111651672,-0.15291934118472655
7956,0,1,0,0,0,2,0,0,1,1,0,0,0,1,0,0,0,1,2,1,-0.8766588340550969,-1.406533652135544,-0.25684719751038476
7957,1,1,0,0,0,1,0,0,1,0,1,1,0,0,0,1,1,1,0,0,-0.40522910598654927,-1.844021606099956,0.6653538817320559
7958,0,1,1,0,0,0,0,0,1,1,0,0,0,0,1,0,1,0,2,0,1.07754131575141,0.693321700405779,1.1528256955046596
7959,1,0,2,0,0,2,0,0,1,1,0,0,1,0,0,2,1,0,1,0,-0.31363626823729335,0.6035324966838559,-0.7988582187647958
7960,0,0,0,0,0,1,0,0,1,0,0,1,0,0,0,0,1,2,1,0,-0.1767945969557421,-1.9509430841107467,0.9799497839330986
7961,0,1,0,0,0,0,0,0,0,0,1,0,1,0,0,1,1,2,2,1,-0.46540407585362575,-1.116296011426019,-0.18555918509645752
7962,0,1,0,0,0,2,0,0,2,0,0,2,1,0,0,1,0,1,0,0,-0.08822139574423099,1.1852314872337315,-0.34602974659612895
7963,1,0,0,0,0,1,0,0,2,1,0,0,0,0,0,1,0,1,1,1,-0.5955657042747993,0.08669797030277801,1.7045045177709703
7964,0,0,1,0,1,1,0,0,1,0,0,2,1,1,1,0,0,0,1,0,0.5298351185546879,-0.8332412707181952,-0.20600335783956464
7965,0,1,1,0,0,2,0,0,0,1,0,0,0,0,0,0,0,1,2,0,-2.7405209244084174,-2.7508791203891287,2.0926182490011076
7966,0,2,2,0,0,1,1,0,1,1,1,0,0,0,0,1,2,0,2,0,0.5168963733975334,1.421956553705992,-0.3988649291120964
7967,1,1,0,0,1,1,0,0,2,0,1,1,0,0,0,2,0,1,1,1,-1.0637251262485818,-0.4735750913313158,1.3870114230663293
7968,0,1,1,0,0,0,0,0,0,1,0,0,2,0,0,0,2,1,0,1,0.1851406670957641,-1.1281085259280257,1.412745997301366
7969,0,1,1,0,0,2,0,0,2,0,0,0,1,0,0,0,1,1,1,0,-0.042568018292109266,1.946253230920893,1.1093542778819292
7970,0,0,0,0,1,1,0,0,1,0,0,0,0,0,1,0,0,0,0,2,-1.497079620526677,-0.6716099847415226,-0.13932573777157187
7971,0,0,1,0,0,1,0,0,2,1,1,0,2,1,0,0,0,1,0,0,-0.8244133710876027,-0.215516438492518,2.6631979153769687
7972,0,1,1,0,1,2,1,0,1,0,1,2,0,0,0,1,2,0,2,0,-0.8906731959318874,0.01756475912056521,-1.2321397053079253
7973,0,0,1,0,0,0,0,0,1,1,1,1,1,0,0,1,1,2,0,0,0.15035964470159152,0.9250072796231029,-1.0594901604578912
7974,0,1,1,0,1,0,0,0,0,1,0,0,1,1,0,1,0,1,1,0,-0.9145958679573422,-1.2377788000520142,1.1330944708429027
7975,0,0,1,0,0,1,0,0,2,2,0,1,1,0,1,1,1,1,0,1,-0.06218197922659276,-1.352757694108232,0.22908035090580797
7976,1,1,1,1,0,1,0,0,0,0,0,0,0,0,0,2,1,1,1,0,0.054261635229363454,-0.510544684940639,1.518661552720757
7977,0,1,1,0,0,0,0,0,1,0,0,0,1,1,0,1,0,0,0,0,-1.0819374210618091,-1.0672151652576969,0.9958342781086862
7978,1,0,1,1,0,1,0,0,1,0,0,1,2,1,0,0,0,0,1,1,-1.6295504566156052,-1.115888941282289,1.1588936314438147
7979,0,1,1,0,1,0,1,0,1,0,1,0,0,0,1,1,0,1,1,1,-0.9213068271018217,-1.2852133431537434,0.20987355079726966
7980,0,0,2,0,0,1,0,0,2,0,0,0,1,0,0,0,1,0,1,2,-0.1620389114020906,-1.1537125854680208,-0.5032663159977704
7981,1,0,0,0,1,1,0,1,1,1,2,0,0,1,0,1,0,0,2,1,-0.6879572091998639,-1.4498696120326695,1.3591856833405578
7982,0,1,0,0,0,2,0,0,2,0,1,1,2,1,2,1,1,1,2,0,0.8924075758808943,0.19807901671168712,-0.1671602488512692
7983,0,1,0,0,0,1,0,0,1,0,0,0,2,0,0,0,1,0,0,0,-1.5302904121572434,-0.7871214445602022,-0.30137458078907553
7984,0,0,0,0,0,1,0,0,1,0,0,0,0,1,1,0,1,1,0,0,0.6298568890263491,-1.5748825410788911,2.120298585760671
7985,0,0,0,0,0,1,1,0,1,1,0,0,0,2,0,2,2,1,1,1,-0.942307375767049,-0.9066667929042567,1.5700032638729509
7986,1,0,1,0,0,1,0,1,0,1,0,0,1,0,0,2,1,2,1,1,0.8742882306981522,1.5062565332251396,-1.0388696777531257
7987,1,0,1,0,1,1,1,1,1,1,1,1,0,0,0,2,2,2,2,1,1.4671414718394913,2.1644643858208656,2.109115036559852
7988,0,1,1,0,0,2,0,0,1,1,0,2,0,0,2,2,0,1,1,0,-2.10158258159293,0.5554117838097727,0.21985771037755908
7989,0,2,0,0,0,2,0,0,2,1,0,1,0,0,0,1,1,2,1,1,-0.4864696899275982,0.299207983946927,-0.4500072160814828
7990,0,0,1,0,0,1,0,0,1,2,0,1,0,1,1,0,1,0,1,0,-0.19309529204696177,-1.6170511546173032,0.8221365722258862
7991,0,1,1,0,0,0,0,0,2,1,0,0,0,1,0,1,1,0,0,1,1.6508574678193448,0.2587319056491774,0.1989154702230028
7992,1,0,1,0,0,1,0,0,2,2,0,0,0,0,0,0,1,0,1,0,1.5127706066008102,1.0815886195154845,0.5532535538157252
7993,0,1,0,0,0,2,0,1,1,0,0,0,0,0,0,0,0,0,0,0,1.7302043457722582,-0.23864216067533073,1.4159515882901812
7994,1,1,0,0,0,0,0,0,1,1,1,2,1,2,0,1,2,0,1,1,-0.6725053845041367,-1.3504914984993166,1.2144836144397908
7995,0,1,1,0,0,1,0,0,1,1,0,0,1,0,0,0,1,0,2,1,-0.6792475982103103,-0.8305521411920571,-0.4832376603660088
7996,0,2,1,0,0,1,0,1,1,2,0,2,0,0,0,1,1,1,1,0,-1.098108856122997,-0.5799440827153458,1.1997400844341073
7997,0,1,1,0,0,1,1,0,0,1,0,0,0,0,0,1,1,0,0,0,0.5980921417013892,1.4945612880484467,-1.109682382853315
7998,0,0,0,0,0,0,0,0,1,0,0,0,2,0,0,2,2,1,0,1,-0.8115783548506977,1.451866238652415,-2.3999649434297146
7999,0,0,0,1,1,0,0,0,1,1,0,0,0,0,0,1,1,0,1,1,0.29245982877447163,0.3285743699502368,0.7645031268929625
8000,0,2,0,0,0,1,0,1,0,0,1,2,0,1,0,0,2,0,0,0,2.117412100604298,-0.4130283834786172,0.9371527819537354
8001,0,0,0,0,0,2,1,0,1,1,0,1,0,0,0,1,0,0,1,1,1.2809293132149224,-0.07014094272239857,-0.5028405678319052
8002,0,1,1,0,0,1,0,0,1,2,0,0,1,0,0,0,1,0,1,2,-0.5877273697226161,-0.15018401959087097,-1.0701788010708189
8003,0,0,0,0,0,0,0,0,0,1,0,2,2,0,0,2,1,0,1,1,0.7088271865632648,1.9799949012479117,0.13499426103250367
8004,0,0,1,0,0,0,0,0,0,0,0,2,1,0,1,0,0,1,1,0,-0.11965041840394106,-0.3035304292421439,-0.9412856258691416
8005,0,1,1,0,0,0,0,0,2,1,1,0,1,0,0,1,0,0,2,0,-0.15173610493629933,1.2152811761116846,-0.5671537551549685
8006,0,0,0,0,0,1,0,0,1,0,1,1,2,0,0,1,1,0,1,1,1.0792823515809373,-1.130962444454577,0.7822840083874418
8007,0,1,1,0,0,1,0,0,1,0,1,0,2,1,1,0,0,0,0,1,0.35496261710097027,0.823257537468755,0.17887571808288905
8008,0,0,0,0,0,0,0,0,0,1,0,2,2,1,0,1,0,0,2,0,-0.2263398033914054,1.1662867253819937,1.348077906972932
8009,0,0,1,0,1,1,0,0,2,1,0,1,1,1,1,1,1,1,1,0,-0.15685858577822576,-0.23093952538433762,0.42318247680229204
8010,0,0,0,0,0,0,0,0,1,1,1,1,1,0,0,1,1,1,1,0,-0.2895052882132383,-1.214908675198698,-0.548782254704261
8011,0,1,0,0,0,0,0,1,2,0,0,0,2,0,0,0,0,0,1,0,-0.4550450892634479,-0.6926694096845288,-0.16320989202623326
8012,0,2,0,0,0,0,0,0,1,0,0,2,2,0,0,1,1,0,2,0,-0.35760171479559644,0.6268524833835174,0.8417974971720404
8013,0,1,1,0,0,2,0,0,0,0,0,1,1,2,0,0,1,0,0,1,-0.8238815652179612,-1.128571773645048,-0.9305574098581771
8014,0,1,1,0,0,1,0,0,0,0,2,0,1,0,0,0,2,0,0,1,-0.6860705670675089,-1.1974899023666907,2.1442222984130708
8015,0,0,0,0,0,1,0,0,2,1,1,0,1,0,0,2,0,0,1,0,0.10751070704292197,0.40587123458948454,0.6391654816426842
8016,1,2,0,0,1,2,1,0,1,1,0,1,2,1,0,1,2,0,1,1,-0.08902752065643302,-0.8570839270909327,-0.011919687054387937
8017,0,1,1,0,1,2,0,0,1,1,0,0,1,0,0,2,1,1,1,2,-1.4472295386628111,0.960858831987782,-0.31964115448672076
8018,1,1,1,0,0,1,0,2,0,1,0,0,1,0,0,1,0,1,0,1,1.0136993808340353,0.962433924409167,2.079477938844537
8019,0,0,2,0,1,1,0,0,2,1,0,1,0,1,0,0,0,1,1,2,0.3172472374526461,1.6173172455747415,-0.710118800628387
8020,0,1,0,0,0,0,0,0,0,1,1,0,0,0,1,0,0,0,0,1,0.7804898623878621,0.9601234125793829,2.1846285193863832
8021,0,0,0,0,1,0,0,0,0,0,0,1,1,0,0,0,2,1,0,0,0.7830499785170718,0.09474781591411038,0.2590735913761573
8022,0,0,2,0,0,0,1,0,0,0,1,0,1,0,0,1,1,0,1,1,0.5573219516412403,-0.47553517804041767,0.012490986992732156
8023,0,0,0,0,0,1,0,0,1,1,1,0,2,0,0,2,1,1,0,0,-0.331657753611407,-0.9063088062837432,0.2812246243145832
8024,0,1,1,0,0,1,1,0,1,1,0,1,2,0,0,0,0,1,1,1,2.1653940144567354,1.274570656354959,0.03229113316530963
8025,0,0,2,0,0,0,0,0,0,1,0,0,0,0,0,1,1,1,1,1,0.35029065293188455,1.1497152549523584,1.0340316450626346
8026,1,1,0,1,1,1,0,0,0,0,1,0,0,0,0,1,1,1,0,0,1.250971567825168,0.7738926167943945,-1.500528652924959
8027,0,0,0,0,0,0,0,0,1,0,2,2,0,0,0,0,1,0,1,0,-0.17714968258142313,-0.6449105787833269,1.5063933729744028
8028,0,0,0,0,0,1,0,0,2,2,1,0,1,0,0,1,1,0,2,1,-0.03789960883977647,0.03580316562370006,-0.6713300763102897
8029,0,0,0,0,0,1,0,1,1,1,0,1,1,0,0,0,0,0,1,0,-0.3208187818230322,0.4697426448130975,-0.3491878560647512
8030,0,0,1,0,0,2,0,0,0,0,0,1,1,0,0,1,0,0,1,1,-1.0199335801859146,1.7796988980448927,0.08312659683757712
8031,0,1,1,0,1,1,0,0,1,0,0,0,1,1,0,1,1,2,2,0,1.043702538093073,-0.31473615562996066,0.20791794902469884
8032,1,0,0,0,0,1,0,0,0,1,1,0,1,0,0,1,1,2,0,1,0.24095168536222927,0.6226974500522979,-1.8041651004519066
8033,0,0,0,0,0,0,0,1,0,1,0,0,0,0,0,0,0,1,2,0,0.4748235998065683,-0.010675132374366958,0.5870433451784636
8034,1,0,0,0,0,1,0,0,0,1,1,0,1,1,0,1,1,0,1,1,-1.1139770282514951,1.2592654129082124,-0.5867706330161293
8035,0,1,1,0,0,1,0,0,0,1,0,1,1,0,0,2,1,2,1,0,2.602543506976876,1.3081153572081217,0.9112220969553118
8036,0,0,0,1,0,2,1,1,2,1,1,1,0,1,2,0,0,1,1,0,0.9220662476612838,0.9043277549362033,0.429821484196966
8037,0,2,0,0,1,1,0,1,2,1,0,0,1,0,0,1,0,1,1,0,0.25643767565296033,-1.072814802588887,1.198021150035168
8038,0,0,1,0,0,0,0,0,1,1,0,1,1,1,0,0,1,0,1,1,-0.2481697888653507,0.02849855884924797,-0.9040953032420699
8039,0,0,1,0,0,1,0,0,0,1,0,0,2,0,0,0,0,1,2,1,0.870553502959546,0.48672922170365707,0.8790654843178888
8040,0,0,1,0,0,1,0,1,1,1,0,0,1,0,0,1,1,0,0,0,0.08613846294796733,0.4565121174228347,1.6516086811541602
8041,0,0,0,0,0,1,0,0,1,1,0,0,0,1,1,1,0,2,1,1,-0.3524586636565148,-0.9665390435013839,-0.04178350603730106
8042,1,0,0,0,0,0,1,0,2,0,0,1,0,1,1,1,1,0,0,0,2.726305030803259,0.9167848106172781,0.3552537236128641
8043,0,0,1,1,0,1,0,0,1,0,0,2,0,1,0,0,0,1,2,0,1.446513710564771,1.8237522536218678,-0.3930858260447796
8044,0,0,0,1,0,2,0,0,0,1,0,0,0,0,0,1,1,0,0,1,0.05030400581455723,2.0270450959910664,1.262596179958376
8045,0,0,0,0,0,1,0,0,2,0,1,0,0,0,0,1,0,0,2,0,-1.0923687270219087,0.9132219002360585,0.08195462961104219
8046,0,0,1,1,0,0,0,0,2,1,0,0,1,0,0,1,2,0,1,1,-1.48757880297926,-0.9357357660039085,0.19228633912884657
8047,0,1,1,0,1,0,0,0,2,0,1,0,0,0,1,0,1,0,2,0,-0.537643279174969,-2.1953185306526835,1.5526914070991027
8048,0,0,1,0,0,2,0,0,1,0,1,0,0,0,0,1,0,0,2,1,-1.1625873662141901,0.5015158629952096,0.1231328018177345
8049,0,1,0,0,0,0,1,1,0,0,0,0,0,0,0,1,2,0,1,0,-0.8575370524176168,-2.5108475523833724,0.6602925345694443
8050,1,1,0,0,0,0,0,0,1,1,0,1,0,1,1,1,0,0,1,0,2.4221632700267586,0.8353831048918345,0.6012704273728335
8051,0,0,0,0,0,0,0,0,2,1,1,0,0,1,0,2,1,0,0,0,-0.7157943485625125,-0.439271974687533,0.5729871625857752
8052,0,0,0,0,0,2,0,0,0,0,0,0,0,0,0,1,1,0,0,1,-0.1579877267798846,0.041357308554795746,-0.7691910409052506
8053,0,0,1,0,0,0,0,0,0,2,0,1,0,0,0,0,0,1,1,2,0.361296335637028,1.791611436742881,1.7721100514059507
8054,1,0,0,0,0,1,0,0,0,1,0,0,2,1,1,1,0,0,1,0,0.7623902546692952,-0.23445006437095672,1.505506985593515
8055,0,0,2,0,0,0,0,0,1,0,1,0,0,0,0,2,0,2,0,1,0.3709529665071441,0.5163663306849772,1.3572738290994921
8056,0,1,0,0,1,1,0,0,1,1,0,0,0,0,1,2,1,0,0,0,0.48728495852713966,-0.1058168245586037,0.0693284150635099
8057,2,0,1,0,0,2,0,0,0,2,0,1,1,0,0,0,1,1,2,0,-0.917793578332899,-0.45431155100143195,0.19346067601785813
8058,0,0,1,0,0,2,0,1,2,1,0,1,1,0,1,1,0,1,1,1,-0.12082128103391007,-1.4170682007162907,-0.524193699014456
8059,0,1,1,0,0,1,1,0,0,0,0,0,0,1,0,1,0,0,1,1,0.7369603422702717,-0.5967988319161309,-1.4644173023378717
8060,0,1,1,0,0,1,0,0,2,1,0,0,0,1,0,2,0,2,0,1,-0.43050790357933266,-0.645364391707345,1.2368683566004102
8061,0,0,1,0,1,1,1,0,2,1,1,1,1,1,0,2,1,0,0,1,-0.6200895596360758,-1.1300979243047122,-0.7340906363322405
8062,0,1,1,0,0,0,0,0,2,0,0,1,2,0,0,2,1,1,2,1,-1.447223431155284,-2.4910003687758575,2.6224515101971217
8063,0,1,1,1,1,1,1,0,0,1,1,1,0,1,0,0,0,0,1,0,0.9329359937241323,-0.16726083138664694,0.5077469058654547
8064,0,0,2,0,0,1,0,0,0,0,1,0,2,0,0,1,1,0,1,0,-2.767252978454056,-1.5314032790398693,0.23142637527138726
8065,0,1,1,1,0,2,0,0,1,1,0,2,0,1,0,1,2,0,0,1,0.9757522365977167,0.5865859933559681,-1.2382377094807908
8066,1,1,0,0,0,1,0,1,0,1,0,0,1,0,1,1,0,2,0,1,-0.9985055348005302,-0.3157185708917791,1.03629515838313
8067,0,0,1,0,0,2,0,1,1,1,0,0,0,1,0,2,0,0,0,1,0.04957280423209145,0.12898396337633666,-1.288052354551096
8068,1,0,1,0,1,2,0,1,2,2,0,0,1,0,0,0,1,0,1,1,2.046714606790056,2.7094273295733533,1.6273717798363896
8069,0,0,1,0,0,0,0,0,2,1,0,0,1,1,0,1,0,1,1,1,-0.4821106746364129,1.759490110650106,-0.9244292209716525
8070,1,0,0,0,0,1,0,1,0,0,0,1,1,0,0,2,0,1,1,1,1.1922355755208045,2.368253137548149,2.1470680892243834
8071,0,0,1,0,1,0,0,1,1,0,0,2,0,0,0,1,0,1,0,0,1.7537407416851476,1.0339008473587932,0.31075928995660723
8072,0,1,2,0,0,1,0,0,1,0,0,1,1,0,0,0,0,0,0,1,-0.8494133870205266,-0.603583784376119,-0.9933915545659292
8073,0,0,1,0,0,2,1,0,1,1,0,0,2,0,0,0,1,0,1,0,0.21006867822810252,-0.8939657810856093,0.5479421495559154
8074,0,0,0,0,0,2,0,0,1,1,0,0,1,0,0,0,1,0,1,0,-0.8974932201543796,-0.30582776909301196,-0.47800919653811264
8075,0,2,0,0,1,1,1,0,0,0,0,0,1,0,0,1,1,1,1,0,-0.7675365044854284,-0.383757711984389,0.2953628016166482
8076,0,1,0,0,0,1,0,0,2,1,0,1,0,1,0,0,1,0,1,1,0.5305681863409378,-0.332393170702394,-0.1803963169785928
8077,0,1,0,0,0,1,0,0,1,0,1,0,2,0,0,1,0,0,0,2,0.7920592252428611,-0.5944623867129788,-0.7299457920512409
8078,0,0,1,0,0,2,0,0,2,0,0,1,0,0,0,0,1,0,0,0,0.4576411417132448,0.5941092565430721,1.9324738746286176
8079,0,1,0,0,0,1,0,0,1,0,0,0,0,0,0,1,1,1,1,0,-0.677012269090547,-0.2758772640709396,0.20214971041044136
8080,0,2,0,0,1,1,0,1,2,1,1,1,0,0,1,1,0,1,2,1,1.2585281329599995,0.9824645381262331,1.1686263555280931
8081,0,0,1,0,0,2,0,0,2,2,1,2,0,1,0,1,1,0,0,0,-1.051536059507406,0.1515825947870016,-0.056102947530547204
8082,1,2,1,0,0,1,0,1,1,1,1,2,2,0,0,0,1,0,0,1,-0.3121869150442368,-1.2465106028427253,-0.9136487326976761
8083,0,0,1,0,1,1,0,0,1,2,2,0,0,0,0,1,0,0,0,0,0.2698443356110482,0.8911120931563079,-0.5427784818993782
8084,0,1,2,0,0,0,0,0,2,0,0,0,1,0,1,0,1,1,0,0,-0.6113647465642865,0.25124617223302403,-0.9585731434477545
8085,0,0,1,0,0,1,0,0,2,2,0,1,0,1,0,1,1,1,1,0,0.6701392489629202,0.5511420518347638,0.5994026063575713
8086,1,0,2,0,1,1,1,0,2,2,1,1,0,0,0,0,1,1,2,1,0.28231329251726334,-0.9029275625977559,0.7973697047842906
8087,0,0,0,0,0,2,0,0,2,0,0,0,0,0,0,1,2,1,0,0,0.19313434332504806,0.33393928203680245,0.07438102452357023
8088,1,1,2,0,0,1,0,0,1,1,2,0,2,0,1,0,2,0,1,1,-0.8694276608831552,-0.21938983697370207,0.9501368929902146
8089,0,2,0,0,0,1,2,0,0,0,0,0,0,0,0,2,1,0,1,2,-0.23518582051356698,-1.3323919425117765,0.12309433836051051
8090,0,1,0,0,1,2,0,0,2,0,0,1,0,0,0,1,1,1,0,1,-0.30733410561851915,-0.08747378013237042,0.2177012487110665
8091,1,1,1,0,0,1,0,1,1,1,0,1,0,0,0,0,0,0,2,0,-1.1301408939795108,-0.15501357295167634,1.4997300983542394
8092,0,0,0,0,1,1,1,1,2,2,0,0,1,1,0,0,2,1,1,1,-1.9891624616802484,0.23567087208554194,-0.0036363919780501575
8093,0,1,0,0,1,0,0,0,2,0,0,1,2,0,0,1,2,1,0,0,-0.7376607808831399,-0.08362682325020365,-1.6660536979444522
8094,0,0,0,0,0,1,0,0,0,0,0,0,2,1,1,1,1,1,0,1,0.4197506554281892,-0.18224902256238878,1.4451790616179852
8095,0,0,1,0,0,0,0,0,1,0,0,0,0,0,0,1,0,0,2,1,-0.8456027454659613,-1.8971504944360924,0.8376575205913088
8096,0,1,0,0,0,0,0,0,2,1,0,0,0,0,0,1,1,1,1,2,0.9342058093955364,-0.32766794438127855,-0.08274964099284854
8097,0,2,0,1,1,1,0,0,2,1,0,1,1,1,0,1,1,0,0,0,0.7394020055410927,0.19737521611246034,0.2067902737104763
8098,0,0,0,0,1,1,0,0,1,0,0,0,0,0,1,1,1,1,1,0,-2.076156523003311,0.47341173939866255,-0.21616428166136598
8099,0,0,2,0,0,1,0,1,2,1,0,0,2,0,1,1,0,0,1,1,-0.38760013948159383,0.2119828908565945,-0.22974736749884306
8100,1,1,1,0,0,1,0,0,2,0,0,0,1,1,0,1,1,1,0,0,-1.3930195955190923,-0.2874566861017743,-0.4978697468779119
8101,0,0,2,0,0,2,1,1,1,0,1,0,1,1,0,0,1,0,1,2,0.2571630445963063,0.15057737521502834,0.38994862190865476
8102,0,0,1,0,0,0,0,0,1,2,1,1,0,1,0,0,2,2,0,0,-0.05326461835280002,-0.019171067534879127,0.1621369691531743
8103,1,1,1,1,1,0,0,1,0,0,0,0,1,0,0,0,0,1,1,1,1.2064568383619607,1.896305785998129,0.5726706063609731
8104,1,1,0,0,0,1,0,0,2,1,0,1,0,0,0,0,0,2,2,0,0.4148619184823617,-1.2638413180306638,0.05276606618745658
8105,1,0,1,0,1,0,0,0,2,0,1,1,0,0,0,1,0,1,1,0,-0.3489871932606076,-0.06860158655839216,-0.6721233358739694
8106,0,0,0,0,0,0,0,0,2,0,0,2,2,0,0,1,1,0,2,1,0.2543941686426954,0.8820921864270325,0.6199851618697355
8107,0,1,1,0,1,1,0,0,2,0,0,0,1,0,1,0,0,1,1,0,1.243450152104347,-2.4778833788406978,1.1773303935079245
8108,0,1,2,0,1,1,0,0,0,1,0,1,0,0,0,1,1,1,2,0,0.17807641568778382,0.3772625357701693,-1.1822603632214017
8109,0,0,0,0,0,0,0,0,1,1,0,0,0,0,0,1,1,0,0,1,0.9643623715465716,-0.4637378135004959,0.20865185930616745
8110,0,1,1,0,0,1,0,0,1,1,1,1,1,0,1,1,1,0,0,0,0.19625947990694345,-1.3962744583265059,0.931633614792349
8111,0,0,1,0,0,1,0,0,2,0,0,1,1,0,0,2,1,1,1,0,1.0952343224474514,0.9622431940866761,-0.5617077428729736
8112,0,0,1,0,0,1,0,1,1,2,0,2,0,1,0,1,1,0,1,1,-1.725723585573462,0.16554291393856535,-0.8441873308567674
8113,0,0,0,0,0,2,0,1,0,1,0,0,1,0,0,1,0,1,0,1,0.29122225126246776,2.1674864841393395,1.3353691450584266
8114,0,1,1,0,0,1,0,0,1,0,0,1,0,1,0,0,1,1,0,2,-0.5080594049150213,-0.2202639196388464,0.8404200501484375
8115,0,2,1,1,0,1,0,0,0,0,1,1,1,0,0,1,0,0,1,1,-0.04577016416837663,0.5444425991291594,0.05432526155531082
8116,0,1,0,0,0,1,0,0,1,0,0,0,2,1,0,0,0,1,0,0,-1.017507621328037,0.6851189503980034,0.39425799736562284
8117,0,1,0,0,0,1,1,1,2,0,0,0,1,1,0,0,0,1,0,1,0.3386639783812891,-1.6420623984257507,1.2952809080384873
8118,0,0,0,0,0,0,0,0,1,0,0,2,2,0,0,1,1,0,1,0,-1.1700022958974712,-0.8467985441677943,1.2585900446827756
8119,0,0,2,0,0,1,0,0,1,2,1,1,1,0,0,0,1,1,1,2,0.6526488393545727,0.8872517642757352,0.6299211935480152
8120,0,0,0,0,0,0,0,1,1,1,0,0,2,1,0,1,0,0,0,0,1.1522412125450938,0.008024954549129937,2.282811811114872
8121,0,0,1,0,0,1,1,1,2,0,1,1,1,0,1,2,1,0,1,1,0.08892107842380606,-0.31473074837059534,0.9889507467925177
8122,0,0,2,0,1,0,1,1,0,1,1,0,1,1,1,2,1,1,2,1,-1.2050380367265587,-0.6674825309430514,0.02771646617017233
8123,0,0,1,0,0,2,0,1,0,1,0,1,1,1,1,0,1,1,2,1,1.5924645596014075,0.238431719085761,-0.32853017398283235
8124,1,1,1,0,0,2,1,0,1,1,0,0,1,0,0,1,0,0,1,1,-0.9574092810499862,-0.1006938922089478,0.24141858492220922
8125,0,1,0,1,0,0,0,0,0,0,1,1,0,0,0,0,0,0,0,1,0.3875434261449706,-0.12703173329153808,0.9142536897782826
8126,0,0,0,0,0,1,1,0,0,0,0,1,0,1,0,1,1,0,1,1,0.22023962146260737,1.3412431406602932,-0.7270467079348598
8127,0,0,1,0,0,1,0,1,0,0,0,1,1,0,1,2,0,0,1,1,-0.09114546256270807,0.2812639005940039,0.12038246558208386
8128,0,2,1,0,0,0,0,0,1,0,0,1,0,1,0,0,1,0,0,1,-0.23834721150219038,-0.9351955880031995,0.26710005269234144
8129,0,1,0,0,0,0,0,0,1,0,0,1,1,1,0,2,0,1,1,0,-0.3262833579096109,0.18937349992400335,0.3238917720733974
8130,0,0,1,1,0,1,0,0,1,0,0,2,1,0,0,1,0,1,1,1,0.361681169253755,0.8651076497089667,-1.8150281974573383
8131,0,0,1,0,1,0,0,0,2,1,1,0,1,0,0,0,1,1,1,0,-0.7751391975749105,-1.6369546760047995,-0.1516580746421327
8132,0,0,0,0,1,2,0,0,1,0,1,0,1,0,0,0,0,0,0,1,-0.9933726409181156,0.5446173802846018,-1.2766934091452682
8133,0,0,0,1,0,1,0,0,0,2,1,1,1,0,0,2,1,1,0,0,-0.08011166872075272,-0.2737578578065084,1.332153930340359
8134,0,0,1,1,0,1,1,0,2,0,0,0,1,1,0,0,1,2,2,0,1.1196021029607433,-0.06293534544644064,-0.17140821651076474
8135,0,0,0,0,0,1,0,0,2,1,1,1,1,0,2,1,0,1,1,2,0.5075976104040488,-0.06276861364496489,-0.28814939358828096
8136,0,1,0,0,1,2,0,0,0,0,0,0,1,0,0,0,0,1,0,1,1.1871521177283648,-0.15969470201337382,-0.24969156563200612
8137,0,1,0,0,0,1,0,0,2,1,1,0,0,1,0,1,0,0,0,0,-3.051500072936667,-1.9015906800697873,0.5568650955542629
8138,0,1,1,0,0,0,0,0,1,1,0,0,0,0,1,0,2,1,1,0,1.5760646841071682,0.8570744015218755,1.2315559944638634
8139,0,1,0,0,0,1,0,1,1,1,1,0,1,0,0,1,1,1,1,1,-1.1780831196143207,-1.1419169927942638,-0.5543133879231343
8140,0,2,0,0,0,1,0,0,0,0,0,0,0,0,0,1,1,0,2,1,-2.064150312748897,-2.1393214489916508,0.933503531348653
8141,1,2,2,0,0,2,0,1,2,1,0,0,1,1,0,1,0,1,1,0,-0.0543844068542219,0.508654395604108,-1.4922489024907386
8142,0,0,0,0,0,1,0,0,0,1,0,0,1,0,0,1,2,1,1,1,-1.180865082114845,-0.7077496579815373,-1.4399542605388216
8143,0,2,1,0,0,1,1,1,1,0,0,0,0,1,0,1,2,1,2,1,-0.7515503052770007,-1.1869560678539148,-0.7696359854464851
8144,0,0,1,0,0,2,0,0,2,2,1,0,0,1,1,2,2,0,1,0,1.718854971498448,1.7349450515285338,0.04188144086896384
8145,0,1,0,0,0,1,0,0,1,2,0,1,1,1,0,1,1,0,1,0,1.0113761091933269,0.7776534330151992,-0.19310972137847332
8146,0,1,1,0,0,0,0,0,2,2,0,1,0,0,0,0,0,1,1,0,2.496936534713275,1.0559790958018032,-0.39353506903534263
8147,0,1,0,0,0,2,1,1,1,0,1,0,1,0,0,1,1,1,1,1,-2.2906973344914414,0.06250512764954919,-0.39969418126405537
8148,0,0,0,0,0,1,0,0,0,0,0,1,2,0,0,0,2,1,1,1,-0.4274458959575114,-0.028201382900477745,-1.800434829653077
8149,0,1,1,0,0,0,0,0,1,1,0,1,1,0,0,0,0,0,1,0,0.2376681590488727,0.38206529478699613,0.24648229345669495
8150,1,0,0,0,0,1,1,0,2,0,2,1,0,1,0,1,0,1,2,1,-2.5411055962128466,-0.5196012412375098,1.3202174218896245
8151,0,1,1,0,0,1,1,0,0,0,1,0,1,1,1,0,1,0,1,0,1.444174188515609,-0.7401027955090613,1.1866603180452544
8152,0,1,1,0,0,1,0,0,1,1,0,1,2,1,1,1,1,0,0,2,1.0744358903171016,0.8688211020051042,0.17071630087464018
8153,0,2,1,0,0,1,0,0,0,0,1,1,0,0,1,2,0,1,1,0,0.7589050761339289,1.484474259016953,2.367774398609365
8154,0,1,0,0,0,0,0,0,0,1,0,0,1,1,1,2,0,1,0,0,1.1114915421551996,-0.027355511111860964,-0.039106142611144534
8155,0,1,1,0,0,0,1,0,2,2,0,2,0,0,0,1,1,0,1,2,0.8798037257619351,1.6182969833285696,0.3372839231308973
8156,0,0,0,0,0,1,0,0,2,1,0,0,0,0,0,0,1,1,1,1,0.32371249273364094,1.8404300642863782,0.42806389995929917
8157,0,0,1,0,0,0,0,1,0,1,0,0,0,0,0,0,1,1,0,0,0.17480426208888136,0.24085348771867077,-0.42946731144798755
8158,0,0,0,0,0,1,0,0,0,1,0,1,0,0,0,1,1,0,2,1,1.9057447043415594,0.7520649617557936,0.6720012365711274
8159,0,0,0,0,0,1,0,0,0,0,0,1,0,1,0,0,0,1,1,0,-0.536801051646879,-0.4958584420535389,-1.7287459077896783
8160,0,1,1,0,0,1,0,0,1,0,0,0,1,0,0,0,0,1,1,0,1.211524676058034,0.5224294547862992,0.11268465583368249
8161,0,1,0,0,0,2,0,0,0,1,1,0,1,0,0,1,0,1,2,0,0.6492981325392333,0.502785589200899,-0.8242718267868766
8162,1,1,1,0,0,1,1,0,2,0,1,0,1,0,1,0,1,0,1,1,-0.3974882618367495,0.596750911215448,0.055602569788415546
8163,0,0,0,0,0,1,1,0,1,0,1,0,0,0,0,0,1,0,1,1,0.9774020279349724,1.0927404832708958,0.6750479764523774
8164,0,1,0,0,0,0,0,0,1,1,0,0,1,1,0,0,0,0,1,1,0.8273936785729684,2.4431766752179636,1.5192815338755952
8165,0,0,1,0,0,1,1,0,1,0,0,1,0,1,0,2,0,2,0,0,-1.1791137625668124,-2.154075279024181,0.797851113547509
8166,0,0,0,0,0,1,0,0,1,1,1,1,0,0,0,1,1,1,2,1,-0.037847244315827235,1.1331441869929209,-0.013233887842404202
8167,0,0,0,0,1,2,0,0,1,1,0,0,0,0,0,1,0,0,1,0,-1.0478896923069374,-0.0356903544969434,2.2018798774166966
8168,0,1,0,0,0,1,0,0,0,1,0,0,1,0,0,2,0,1,1,1,0.5753558707154016,0.23594553513321004,0.47538158062606545
8169,0,0,1,1,0,0,0,1,1,2,1,0,0,0,0,2,1,1,2,0,-0.7007751936668575,0.31063245924943766,0.7123910910503037
8170,0,0,1,1,0,1,0,0,1,1,2,0,1,0,1,0,0,1,1,1,-1.090315897206634,-0.22098593891439738,-0.794257958303797
8171,0,0,1,0,0,1,1,1,0,1,1,0,0,0,1,1,0,1,0,1,-0.5892497214868033,0.16130606042092221,1.2443010763499966
8172,1,1,1,0,0,1,1,0,1,0,0,1,2,0,0,0,0,1,1,1,-0.3172069637550747,-1.2576845226562072,0.8698295110689654
8173,0,0,1,0,0,0,0,0,0,1,0,0,0,0,0,1,0,0,1,1,0.762175325538254,2.3403561866403395,0.5870208104360302
8174,0,1,2,0,0,1,0,1,1,1,1,0,1,0,0,1,1,0,1,0,0.12398547073661191,-0.09162286466372542,-1.6563516085624617
8175,0,1,1,0,0,2,0,0,1,1,0,0,0,0,0,2,1,0,1,1,1.2790363059817857,1.3002255513405094,0.5227000489952337
8176,0,0,2,0,0,1,0,0,1,0,0,0,1,0,0,2,2,0,0,0,-0.7442451054641055,-0.7644730879155881,-1.7001838305938668
8177,1,0,1,0,0,1,0,0,2,0,0,1,0,0,0,1,0,0,1,1,-0.7160345607931463,0.14685145637325078,-0.8579193882744865
8178,0,1,1,1,0,0,0,0,2,2,0,0,2,0,0,0,1,1,1,1,1.264595155123987,0.630728603211026,0.0004444033707565742
8179,0,0,0,0,0,1,0,0,0,1,0,1,2,0,1,0,1,2,1,0,0.11951182760335803,-1.808934147410139,1.5281750731919437
8180,0,1,2,0,0,1,0,0,2,0,2,1,0,1,1,1,0,0,1,0,0.7487093828140792,-0.41710677600199997,0.7617628213639471
8181,0,0,0,0,1,1,1,1,1,1,0,0,1,1,1,1,1,0,1,0,1.07091997414341,1.0177678470000635,0.1604454360609757
8182,0,0,1,0,0,2,0,0,2,1,1,0,1,0,0,0,0,1,1,2,0.01690760364733455,-0.9654820417174502,-0.014564500985516593
8183,0,1,0,0,0,1,0,0,0,1,0,0,0,1,0,1,1,1,1,1,0.9449179773701931,-0.8736789706586467,1.1495021470258013
8184,0,0,0,0,0,1,0,0,1,0,0,0,0,0,0,0,0,0,1,2,-0.8203482501732472,-0.9408189423126744,-1.1573922757395723
8185,0,0,1,0,0,1,1,2,1,0,0,0,0,0,0,0,1,0,2,0,-0.7478953325789017,-1.6075759013285025,-0.4140460734750019
8186,0,0,0,0,1,0,0,0,2,1,0,1,1,0,0,1,2,0,1,0,-0.4677686719570627,-1.1305128039192027,-0.7787079138119167
8187,0,1,1,1,2,0,1,0,1,0,1,0,2,0,0,2,1,0,0,1,-1.069608940040486,-0.4035196733270252,-1.7260205650090414
8188,1,1,0,0,0,1,0,0,1,1,0,1,1,0,0,2,2,0,0,1,-1.8481836506647946,-1.7531705388166832,-0.4782298585853075
8189,0,0,1,0,0,1,0,0,2,1,1,1,1,0,0,0,0,1,1,1,1.881253500360116,0.9951366358683906,0.6389175211963575
8190,1,1,1,0,0,2,0,0,1,0,0,1,1,0,0,0,0,1,1,1,0.2792247811171565,-0.10664855007074753,1.3116672308154296
8191,0,1,0,1,0,0,0,0,2,2,1,2,1,0,0,1,1,0,1,2,0.22317133107741768,0.7991602731662621,0.35260667327220724
8192,0,1,2,0,0,2,1,1,0,0,0,1,0,0,0,0,1,1,0,1,-0.6678395985818246,-1.1400866848718803,0.07972900770059269
8193,0,0,1,0,0,1,0,0,1,1,0,2,2,0,0,1,1,0,0,0,0.8558598221144814,0.8743156725700911,-0.7515716431286661
8194,0,0,0,0,1,1,0,0,2,1,0,0,1,0,0,0,2,0,2,1,0.9372655630232147,-0.6729140627728227,0.7082932460061052
8195,0,0,0,0,0,2,0,1,1,2,0,0,1,1,0,2,2,2,1,0,-0.2970236682362428,1.2059140959923171,0.9349615665861379
8196,0,1,1,0,0,2,0,0,0,0,1,0,0,0,0,1,1,1,0,1,0.2824303112975598,0.45680319033761685,0.16941001593751157
8197,1,1,1,0,0,2,0,0,0,0,0,1,1,1,0,1,1,1,1,1,0.7728407951871133,0.4007310311242535,0.671639281139389
8198,0,1,0,0,1,0,0,0,0,1,0,1,1,0,0,0,1,0,0,0,1.0338619049144377,-1.4008695808231968,0.46319840913217747
8199,0,0,0,0,2,1,0,0,1,1,0,2,1,1,0,1,1,1,1,0,-0.7338729209992695,-0.6576377209063313,-0.404875004538757
8200,0,1,0,0,0,0,0,1,1,1,0,0,0,0,0,2,1,2,2,0,1.4511451819619223,-0.3842354872147462,1.242236511931871
8201,0,0,2,0,1,1,0,0,0,0,1,1,1,0,0,2,1,2,2,2,0.7897671421920818,0.20274540726801216,-0.04622587424456015
8202,0,0,2,0,0,1,0,1,1,2,1,0,1,1,1,1,1,1,2,1,-1.0459158085076858,-0.5845343167723787,-0.429603682574449
8203,0,1,1,0,0,0,1,0,0,0,1,2,0,0,0,1,0,0,1,1,-0.44102928737039854,-0.0763063369199426,0.9700343270020776
8204,0,1,1,0,1,2,1,0,1,1,0,1,0,0,0,1,0,0,0,1,-0.03851280105973985,-0.8582570122068348,-0.3354986022444919
8205,1,0,0,0,0,2,0,1,1,1,0,1,0,0,0,1,1,0,0,0,1.2309568742597712,-0.27440783516317346,-1.8380696923341957
8206,0,0,0,0,0,0,0,0,1,1,2,1,0,0,0,1,0,0,1,0,-0.21835684256870191,-0.7822815789330555,-2.064255032239101
8207,0,0,0,0,1,0,0,0,0,1,0,0,1,0,1,2,2,0,2,1,2.4953176655608598,-0.3402226924275582,-0.3339755498039598
8208,0,0,0,0,0,1,0,0,2,0,0,1,0,0,1,2,0,1,0,2,-1.3622685605859406,-0.31641158076503384,-1.24017159726613
8209,0,0,0,0,0,1,1,0,1,0,0,1,0,0,0,0,1,1,1,1,1.3490346858926894,0.29761358217631473,-0.5812529292894685
8210,1,0,0,0,0,2,0,0,1,1,1,0,0,0,0,2,1,0,1,1,0.7595857465608388,-0.31699465707334773,-0.16859636606638528
8211,2,1,1,0,0,0,1,0,1,0,2,1,1,1,0,1,1,0,2,1,0.10144353241678714,-0.7227244994259421,0.4243022090014855
8212,1,2,0,0,0,1,1,1,1,0,1,1,1,0,1,1,1,0,2,2,0.2904257263966446,-0.46164174346996767,1.0587124217143882
8213,0,0,2,0,0,0,1,0,0,1,0,0,1,1,1,1,1,0,1,1,-0.5688517686184305,0.5072690298134581,0.5942379294745535
8214,0,0,0,0,0,1,0,0,0,1,1,0,1,0,1,0,0,0,1,1,0.5238628310521578,-0.39197008281915224,0.45923695648477875
8215,0,1,1,0,0,0,0,0,1,0,0,0,1,0,0,0,1,1,0,1,0.07517631725205559,-1.5469465467445458,-0.10128363869500834
8216,0,1,0,0,0,2,1,0,0,1,1,1,1,0,0,0,1,0,0,2,-0.03161604605893827,0.6337968167020245,-0.20888008288956417
8217,0,0,1,0,0,1,0,1,2,1,0,1,1,0,0,2,1,0,2,1,-0.4261870366864457,-0.1332247290873927,-1.0180031567425345
8218,1,0,1,1,0,0,0,0,0,1,0,1,0,0,1,1,0,0,1,0,-0.050907870857779994,1.011819864206597,1.0451068147822697
8219,0,2,0,0,0,0,0,0,0,0,0,1,0,0,0,0,2,2,1,1,-0.6240811193672936,-1.784275414268498,0.49469249628694184
8220,0,0,1,0,0,1,0,0,2,0,0,0,2,0,1,1,1,2,0,1,-2.374566662231404,0.664510983105635,1.9101537328583436
8221,0,1,0,0,0,0,0,0,2,1,0,0,1,0,0,0,1,0,0,1,-0.03885641364651889,0.3231320869867529,0.7189058066458164
8222,0,2,1,0,0,0,0,0,1,2,0,2,1,0,0,0,1,1,2,0,-0.17948887749868878,0.30256227234066424,0.3177787306489347
8223,0,1,0,1,1,1,1,0,1,0,0,0,2,0,0,0,1,2,2,0,0.15608147506171743,-0.42328625042374657,0.3080946749402104
8224,0,1,1,1,0,1,0,0,2,2,2,2,0,0,1,0,1,0,0,0,-1.7567800229917199,-0.2102852360223011,-0.13506213332686334
8225,0,0,1,0,0,2,0,0,0,0,2,0,0,1,0,2,0,0,1,0,-0.9558755285155563,-0.3372638861414458,-2.8835305525020996
8226,1,1,0,0,0,0,0,0,1,0,0,0,2,0,1,0,0,1,0,1,0.9532626054941411,0.7718057449916291,1.5809990263186977
8227,1,1,1,0,1,0,0,0,1,0,0,0,0,1,0,0,2,1,2,0,0.08967381313179926,0.5704155000655853,-2.606034616809689
8228,0,0,1,0,0,2,0,0,1,1,0,0,1,0,1,0,0,0,0,0,0.48988301275505153,1.8186728733927564,-1.0864987232744283
8229,0,1,0,0,0,1,0,1,0,2,1,1,0,0,0,0,1,0,1,0,-1.2175133861969853,-0.558774156631616,0.7891368924335725
8230,0,1,1,1,0,2,0,0,0,0,0,0,0,0,0,1,1,0,0,0,-0.30869950984966843,1.4606001746109067,-0.6257702303815313
8231,0,0,0,0,0,0,0,0,1,2,0,1,1,0,0,1,1,1,1,1,-0.5088219345892884,0.183918762111614,1.7767488723048337
8232,0,1,0,0,0,1,0,0,1,0,0,0,2,0,0,0,1,1,0,1,-1.6887869991538733,0.5335106751014529,1.4996313028358232
8233,0,1,0,0,0,1,0,1,1,0,0,0,0,1,0,0,1,1,1,0,-0.8420470040818793,-1.8858693345754167,-0.5130552125261125
8234,1,0,1,0,0,2,0,0,1,1,0,1,0,1,1,0,0,0,0,1,-0.685809260072368,-1.0265494082716373,-1.3849865063054625
8235,0,1,1,0,0,1,0,0,1,1,0,0,2,1,0,1,1,1,1,2,0.2646526738886889,-1.9433866134077695,-0.6070059403311325
8236,0,0,1,0,0,1,0,0,1,0,0,0,1,0,0,1,0,1,0,0,1.4921717126930039,2.32996229630106,2.363923014028815
8237,0,1,1,0,0,0,0,0,1,1,1,1,0,0,0,1,1,1,0,1,1.7715526055468955,-0.6682876482355598,1.2920572138747684
8238,0,0,1,0,0,1,0,0,1,0,1,0,1,0,0,1,0,0,2,0,-0.2656723514412187,0.06025800691769681,-1.3210958183482109
8239,0,1,2,0,0,1,1,1,1,1,0,0,1,0,0,1,1,0,1,1,-0.6010321620443264,-0.9811328587568398,-1.4186629398789283
8240,0,0,1,1,0,0,0,0,0,1,1,0,1,0,1,1,1,0,0,1,1.275252862587275,0.2802151352321788,-0.15317083369367124
8241,0,1,0,0,0,0,1,0,1,2,1,0,0,1,0,0,0,0,2,1,-0.5522419029142326,0.06521597002593682,-0.1921225050823543
8242,0,1,0,1,0,1,0,0,1,1,0,0,1,2,0,1,0,0,0,1,1.4698083027662399,1.2023577703442254,0.863255640708279
8243,1,0,0,0,0,2,0,0,1,0,1,0,0,0,0,1,0,1,2,0,-0.7209929115193549,0.12502460411828298,0.5822587688902372
8244,0,2,0,0,0,1,0,0,2,1,0,0,0,1,0,2,2,1,1,0,0.9087581589094723,1.2711607408517966,-0.4419303917904392
8245,0,0,0,0,0,2,0,1,2,0,0,0,1,0,0,1,0,0,1,1,-1.1884910994310447,-1.264052268626986,-0.4851884832075355
8246,0,1,1,0,0,2,0,0,1,1,0,0,2,1,1,1,2,0,1,1,-0.013458613861312672,-0.031736238296457955,0.3671680054689421
8247,0,0,0,0,0,1,1,0,2,1,0,1,0,1,0,0,0,0,0,1,0.059563141084377165,-2.3788568221703175,0.6938059634474334
8248,0,0,0,0,0,0,0,0,2,1,1,1,0,0,2,1,0,1,0,1,0.6221397405535618,1.9052775531069792,0.051529666910826166
8249,0,0,0,0,0,1,0,0,1,0,0,0,0,0,0,0,1,0,0,1,-2.1425404097962804,-0.3014908121853188,1.0830277387931089
8250,0,1,2,0,0,0,1,1,0,1,0,1,0,0,0,0,1,0,2,0,-0.6613817023383353,-0.5998501563829697,0.5234111060169835
8251,1,1,0,0,0,1,0,1,1,0,0,1,0,1,0,1,1,0,0,2,1.0693733981221023,1.0902762780451762,-0.5606622455625736
8252,0,1,1,0,0,0,0,0,2,1,2,1,2,2,0,1,0,1,1,0,-2.352902045463785,-0.3439580512421234,-1.3750190207555586
8253,0,0,1,0,1,0,1,0,0,0,1,1,2,0,0,0,0,0,1,1,-0.8146064309072664,-1.8048286331147771,1.2209317046873862
8254,0,0,1,0,0,1,0,0,0,1,1,0,1,0,0,0,2,1,1,2,0.6417073568327595,0.7234366604653071,1.7860451330451192
8255,1,1,2,0,0,1,0,0,1,0,1,1,0,1,0,0,0,1,0,0,0.5035897532938165,-0.20187365760010456,-0.7457796555746059
8256,0,0,0,0,2,0,0,0,1,1,1,0,1,1,1,1,0,1,1,1,-1.0014011207401605,-0.28992615182464215,-1.5816063092088868
8257,0,0,2,0,0,2,0,1,1,1,0,1,1,0,0,2,1,1,1,2,1.2561089867379227,1.3233657789468638,1.5386895694702578
8258,0,1,0,0,1,0,0,1,2,2,0,1,1,0,0,1,0,0,2,1,1.3430582762714864,2.268998374403731,1.593024404414602
8259,1,0,2,0,0,1,0,1,1,1,0,1,1,0,0,1,2,0,1,1,1.6767531897244623,-0.12981528626240912,-0.4984429111304417
8260,0,1,1,0,0,1,1,1,1,0,0,1,0,1,1,1,1,1,0,1,0.8568418013419067,-0.06734606236051793,-2.7364164784294593
8261,0,0,1,0,0,1,0,0,1,1,0,0,1,0,0,2,0,0,1,2,-0.8177612109772052,1.3444131677402245,-1.1672207791024376
8262,0,1,1,1,0,2,0,0,0,1,0,1,0,2,0,1,1,0,1,0,0.30328408434757653,0.7957432497262447,1.1155122592211502
8263,0,0,1,0,2,0,0,0,0,0,0,1,1,1,0,0,0,0,2,2,-1.3612344832716445,-0.020827078754156292,-0.5760773896568198
8264,0,0,0,0,1,2,2,0,1,1,1,0,2,1,1,0,1,0,0,1,0.6637831115883547,-0.5680526118623218,0.8821558771580116
8265,0,1,0,0,0,2,0,0,1,0,0,2,0,0,0,0,1,1,1,1,-0.6612807187077663,1.2055296490599914,0.24338003801081776
8266,1,1,0,0,1,1,0,0,0,1,1,1,0,0,0,0,0,1,2,0,-2.156275894596961,-1.2868791403799993,1.2236466358389202
8267,1,1,2,0,0,2,1,0,1,0,1,2,1,0,0,0,0,0,0,1,0.9855327685468729,-1.5923743173724145,1.8764427349117656
8268,0,2,0,1,0,1,0,0,1,0,2,0,1,1,0,2,1,0,1,0,-0.027845450701779975,-2.13641996605649,0.303310534745623
8269,0,0,2,0,0,1,0,0,2,2,0,0,0,0,1,1,1,0,1,2,-1.3450593953086523,0.5395967269568421,-1.090939155029858
8270,0,1,0,0,1,1,0,1,0,0,0,0,1,1,0,0,1,0,0,0,-0.8206654080248481,0.4076213319320381,0.44377875357732954
8271,1,1,1,0,0,1,0,0,1,2,0,2,0,0,0,1,1,0,1,0,1.0794290770405008,0.480854485048317,0.17057011722995277
8272,0,0,0,0,1,0,0,0,0,1,0,0,1,1,1,1,1,1,0,0,0.42211504836911085,0.1876826305866034,0.5163996177585073
8273,0,0,2,0,0,1,0,0,0,0,1,1,0,0,1,1,1,0,0,0,0.259145538319982,0.6397487765316899,0.6257185238574072
8274,0,0,1,0,0,0,0,0,0,1,1,0,1,0,0,1,1,0,1,0,0.8776368307241061,-0.46079714558942747,0.17440765677787365
8275,0,0,2,0,0,1,0,0,0,1,0,0,0,1,0,0,1,2,2,0,-1.7788910939925837,-1.136843214743871,0.3391069593825076
8276,0,0,0,0,1,2,0,0,1,1,0,1,0,0,0,1,1,1,1,1,-0.17787891970334263,-0.11029337863442018,-1.0665719326939413
8277,0,0,0,0,0,2,0,0,1,2,0,1,1,0,0,1,0,0,1,0,-0.1861412884758441,-0.26814069943250635,-0.6381737462761193
8278,0,1,2,0,0,1,0,0,2,1,0,0,0,2,0,1,0,0,0,0,-0.6995371241711495,-1.4537026870368088,-0.4846366773556285
8279,0,1,1,0,0,1,0,0,1,1,1,0,0,0,0,1,0,1,0,1,-0.5732382982172614,-0.12568901161093027,-0.47924588183653644
8280,0,0,0,0,0,1,0,0,1,1,2,1,2,0,0,2,1,0,0,0,0.4666807320172995,0.2047533909633275,1.7191890351053547
8281,0,1,2,0,2,1,0,0,2,0,0,0,0,0,0,1,0,0,0,1,-0.7198306067177934,-0.37570772914193173,0.2590049492021963
8282,0,0,2,0,1,1,0,0,2,0,0,1,1,0,0,0,0,0,1,2,-1.8966981931534612,-0.2750549383053349,-0.6031507014479704
8283,0,0,2,0,0,2,0,0,1,2,0,1,1,0,0,0,0,1,2,1,-1.5476232468131308,0.1327084117883699,0.9589586794354699
8284,0,0,1,0,0,1,0,1,1,0,0,1,2,1,0,1,0,0,0,1,1.183191834462033,0.47863511383126167,0.7849538741161588
8285,0,0,0,0,0,1,1,1,1,1,2,1,0,0,0,2,1,1,0,0,-0.13116347145394305,0.4036728051331867,-1.5905056032499665
8286,1,1,0,0,2,2,0,0,2,0,1,2,1,1,0,0,0,1,0,1,0.7975193302094697,0.8757011332047296,-0.5377424350223265
8287,0,0,0,0,0,1,0,0,2,1,0,0,1,0,0,0,0,0,1,1,1.1677883785905734,-0.13523807867932092,0.4300067805902061
8288,0,0,1,0,1,0,0,0,0,1,1,0,0,1,0,0,1,1,2,1,-0.6128470813810851,-0.5147674903342141,-0.4939222025721068
8289,0,0,0,0,0,0,1,0,1,1,1,0,2,0,0,0,1,1,1,0,0.8318164019360732,-0.02595368477766502,0.09482754131417104
8290,0,1,0,0,0,0,0,0,2,1,0,2,0,1,0,1,2,1,1,2,1.1280459991617293,-0.25645395682966987,2.197043203502502
8291,0,1,2,0,0,0,1,0,1,1,1,2,0,1,0,1,1,0,1,1,0.07769446162495112,0.5465941045617636,1.6317176910794646
8292,0,1,0,0,0,1,0,1,2,0,1,0,1,0,0,1,0,1,0,0,-0.8961252186809004,-0.7361969698827155,-0.7358312095613547
8293,0,1,1,0,1,1,0,0,0,0,0,0,1,0,1,1,1,0,0,1,0.9248267045597195,-0.39902188845153236,0.7955129273960263
8294,0,2,1,0,0,1,0,0,0,1,0,2,1,1,0,0,0,2,1,2,-0.36595961019254486,-1.4857624892187846,-0.8881690060640002
8295,0,0,1,0,0,0,0,0,0,1,0,0,1,0,0,1,0,0,0,0,0.683664641611541,1.2068508039742527,-0.9111234954598992
8296,1,1,1,0,0,2,1,0,2,0,0,2,1,0,0,1,1,1,2,0,-0.11808252224885087,-0.16212243718833005,0.7919896906096079
8297,1,0,1,0,0,1,0,0,1,1,0,0,0,0,0,0,0,0,1,0,1.8988688724487974,-0.20883261091334437,-0.6987271496110374
8298,0,1,0,0,0,1,0,0,1,1,1,0,0,1,0,1,0,0,1,0,1.1356258500815837,-0.24309184785077936,-2.1307115489955977
8299,0,0,1,0,0,0,0,0,0,1,0,2,0,0,1,1,0,0,1,0,0.0008618650376893523,-0.08368535978002442,-0.1622008137612184
8300,0,0,0,0,1,0,0,0,1,1,0,0,1,1,0,2,0,1,0,1,-1.554950388250471,-0.17959098394398731,-1.1059008844261362
8301,1,0,2,0,1,1,0,0,0,0,1,0,0,0,0,2,0,0,0,2,-2.4806545041894665,-3.021132943755468,0.5629824717564673
8302,0,0,1,0,0,0,0,0,2,1,1,0,2,1,0,1,2,0,0,1,-0.4700140858140299,-0.5946176973551538,0.763605776390584
8303,0,0,1,0,0,1,1,0,0,1,1,0,0,0,0,1,1,0,1,2,2.2855775195668406,1.383701006964535,1.8337334110051962
8304,1,0,0,0,1,2,0,0,1,0,1,0,2,0,1,0,1,2,0,0,-2.193846847330482,-3.5392839929474404,2.666677023563893
8305,0,0,0,0,1,1,0,0,1,0,0,1,1,1,0,2,0,0,0,1,-0.22559746817709828,-0.924352791646783,-0.6254288687926168
8306,0,0,1,0,1,0,0,1,0,0,0,1,0,0,0,2,1,1,0,0,0.36989278929892966,2.9541273436568405,1.840445104649769
8307,0,2,0,0,0,0,0,0,0,0,0,1,0,0,0,1,0,0,2,1,-1.8388000452841773,-0.5550023743542802,0.37316555287710595
8308,0,1,0,0,0,1,1,0,1,2,0,2,0,0,1,0,0,1,0,1,0.7055124351724582,-1.1229239784831961,0.13166341991045008
8309,0,0,1,1,0,1,0,0,2,2,0,1,0,1,0,0,0,0,1,0,-0.4069674290658143,0.6368662716994014,-1.1778170004913557
8310,1,0,0,1,1,1,0,0,0,0,2,1,0,0,0,0,0,1,1,1,-0.26733399494548915,-1.4623258946220752,0.32377214988647546
8311,0,1,1,0,0,0,0,0,1,1,0,1,1,1,1,1,1,2,0,0,-1.3909412535183074,-0.9094874234912529,-1.3488729351964122
8312,0,0,0,0,0,2,0,1,0,0,0,0,0,0,0,0,0,0,0,1,-0.13749278741809612,1.7054873531132437,0.012226884051478204
8313,0,0,1,0,0,0,0,1,1,0,2,0,1,0,0,2,0,0,1,1,0.35165149354894537,-0.8010890133376665,-0.061052669659339504
8314,0,0,0,0,0,1,0,1,1,2,1,1,2,0,0,1,0,0,1,1,0.24802752175505496,1.0605534181709357,-0.45709524913729827
8315,2,0,1,0,0,2,0,0,2,1,0,1,0,1,0,1,1,1,0,0,-0.5153470432051556,-0.36420829026894086,-0.8810321692925412
8316,1,1,1,0,0,1,1,0,1,0,0,1,0,0,0,0,0,1,1,0,0.49281685021051636,0.2172570686819315,1.9981773957812068
8317,0,0,1,0,0,0,0,0,1,2,1,0,1,0,0,0,1,0,0,1,-0.34651921984521394,0.7312694325226385,-0.619890810040198
8318,0,0,1,0,0,1,0,0,1,1,1,0,0,1,0,1,0,1,1,0,-0.2404058034402206,-1.4441817150027487,0.015223949984204566
8319,0,1,0,0,0,1,0,0,0,1,0,0,1,0,0,2,1,1,0,1,-0.2810481133075763,-0.23853303308374835,0.49838333251311
8320,0,1,2,0,0,1,0,0,0,0,1,1,1,0,0,0,1,0,2,1,0.35693465934238156,0.35608807676801313,0.24930117193931592
8321,0,1,0,0,0,1,0,0,0,1,0,0,0,0,0,1,1,0,0,0,-0.43474937452858714,-0.7784758025953002,0.585427234255744
8322,1,0,0,0,0,2,0,0,1,0,1,1,2,1,0,1,1,0,0,1,0.821579809884606,0.8984341597219743,1.009401267867163
8323,0,1,1,0,0,2,0,0,2,2,0,1,1,1,0,2,1,1,1,0,0.6787243975948213,0.7582586017181837,0.690293146235061
8324,0,1,0,0,0,0,0,1,2,1,0,0,2,0,0,1,1,1,0,1,1.8540287565157663,0.727828883795507,0.5881934738412421
8325,0,0,0,1,0,0,1,0,0,1,0,0,1,1,0,2,0,1,2,1,-0.4577142506850053,0.4556581399086597,-1.3258953225131118
8326,0,0,2,0,0,1,0,0,0,0,1,0,0,0,0,0,0,0,1,1,0.8984220231029347,1.308772380159637,-1.4627747622145113
8327,1,1,2,0,0,0,0,0,1,0,1,1,0,1,0,0,1,0,1,1,-0.8699292942597002,-0.916559591249498,1.5323239272419824
8328,0,0,0,0,0,2,0,0,0,1,1,0,1,2,0,0,0,1,1,1,0.45890383992798156,0.6120873388391428,2.1476943061099054
8329,0,0,0,1,1,1,0,0,1,0,0,1,1,0,0,0,0,2,1,1,0.9537097743199134,2.5853302446062165,0.8478450197261425
8330,0,1,1,0,0,1,1,0,1,0,0,0,1,0,0,0,1,0,2,0,0.9923434053692152,-1.4511582572217265,1.7136906952914335
8331,0,0,0,0,0,2,0,1,0,2,1,0,1,1,0,1,1,1,2,1,-0.24287755861288637,1.5848566050300987,1.0304591893454846
8332,0,0,0,0,0,1,0,0,2,0,0,0,1,0,0,1,0,0,0,0,0.9981148623712813,0.023747441605964592,1.0917606827148678
8333,0,2,0,0,0,1,0,0,2,0,0,0,0,0,0,1,0,0,2,1,0.557780125304144,-0.7964444256907206,-0.3598413444167048
8334,0,2,0,1,0,2,0,1,1,1,1,1,1,0,1,1,0,0,1,1,0.06979048220697633,-0.490016862469129,0.25018644815183755
8335,0,1,0,0,0,2,0,0,0,0,1,1,1,0,0,0,0,0,1,1,-0.371559910937823,-1.106032428534641,0.28973979509278425
8336,0,0,1,0,0,2,0,0,2,0,1,1,1,0,1,1,2,2,1,0,1.1491775821190915,0.12490620915082082,-0.9069851933526436
8337,0,0,1,1,0,2,1,0,2,0,0,0,0,0,0,2,1,1,1,1,-0.8558279671522401,-0.5494626805350411,-0.9610077731954398
8338,0,0,1,1,0,1,0,0,2,0,0,1,0,0,1,0,0,2,1,1,-0.6224482901563568,0.17051566851156352,1.0659385168398412
8339,0,1,1,0,1,1,1,0,2,1,0,0,0,1,0,1,2,0,1,1,0.8129672059434744,-0.49920436861010803,-1.4951006707573526
8340,0,1,0,0,0,0,0,0,1,0,1,0,1,0,0,0,1,1,2,1,0.3114155558930717,-0.7817920209231821,-0.5471340595865897
8341,0,0,1,1,0,1,0,0,1,1,1,0,2,1,0,1,0,1,1,0,0.3236533293778536,0.5486413306304194,0.13829735014700698
8342,0,0,1,0,0,0,0,1,0,1,0,1,2,0,0,1,1,0,1,1,0.655629750127411,-0.5365207247352805,1.157385305826856
8343,0,0,0,0,0,0,0,0,2,2,0,0,1,0,0,1,0,1,0,0,-1.3281053994251841,-1.5353930840270928,0.6094188574053134
8344,0,1,1,0,0,1,0,0,1,2,0,0,0,0,0,0,1,1,0,0,-1.1848068546189277,-0.21780306309676828,-2.0224947100866886
8345,0,0,1,0,0,0,0,0,0,2,0,0,1,0,0,1,0,0,1,1,0.23108627886004998,-0.3889176565878253,-0.09048878828230661
8346,0,0,1,0,0,2,0,0,2,0,0,0,0,1,1,1,1,0,0,0,1.2244779719249987,0.23155463153043548,1.7848609096495975
8347,1,2,1,0,0,1,0,0,1,0,0,1,0,1,2,1,0,1,1,0,1.8968416024780506,-0.41638319277744884,-0.7893520754205559
8348,0,0,1,0,0,1,0,0,0,1,0,1,1,0,0,2,2,1,2,0,1.6493917536405316,2.580663263403454,1.0748258487790932
8349,0,0,1,0,1,0,1,0,1,2,2,0,0,0,0,1,2,1,1,1,1.0825309735704314,1.853905543713889,-1.014966687061118
8350,0,0,1,1,0,1,0,1,1,0,1,1,2,0,1,0,2,1,1,0,0.608369765983486,1.5975928610200845,0.1363109015891184
8351,0,0,0,0,0,0,0,0,1,0,0,2,1,0,0,1,0,2,1,0,-0.8535166858220671,-0.020124223516777062,-0.9020872095576704
8352,0,1,0,1,0,0,0,1,1,1,1,1,1,1,0,1,2,2,1,0,0.9499261441109478,-0.25880632007978455,0.834518609611486
8353,0,0,0,0,0,1,0,1,1,0,0,0,1,0,1,1,0,0,1,0,0.2526026247958722,-0.5153864335918276,2.9694376758950316
8354,0,1,1,0,1,1,0,0,0,1,0,1,1,2,0,1,0,1,0,1,0.16354298221977384,0.18178869456196228,-0.11324635362505567
8355,0,1,0,0,0,0,0,1,2,1,0,0,1,2,0,1,1,1,1,0,1.1994047122856502,1.8038348345214985,0.7970567265096948
8356,0,0,2,0,0,2,0,0,2,1,0,0,0,0,0,0,2,0,0,0,-0.0895391515486843,0.9096688335292744,-0.4276882190806808
8357,0,0,2,0,0,0,0,0,0,0,1,1,2,0,0,1,1,1,1,1,-1.5187679593678087,-1.9278772687763888,0.24609216492396097
8358,0,2,0,0,0,1,0,0,1,1,1,2,0,1,0,1,0,1,1,1,0.3456037232825183,-0.2891806394257729,0.6106995711720266
8359,0,1,0,0,0,2,0,0,2,1,0,1,0,0,0,0,1,0,0,1,-0.5797787241513349,-0.6135962048709007,-1.6417793879162625
8360,0,0,1,0,0,1,0,0,2,1,0,1,0,0,0,0,2,0,0,1,0.9900999762531042,0.5383657962514972,0.30789390645509435
8361,1,1,1,0,0,1,0,0,0,1,1,0,1,0,0,0,0,1,0,0,-0.3275170956439765,-1.1145251774514735,1.0884440575233216
8362,0,0,0,0,0,0,0,1,0,0,0,0,1,1,1,1,1,0,2,0,-0.8550831404490369,0.3753133409195827,-0.6768060363381597
8363,1,0,2,0,0,0,0,0,1,2,0,0,2,0,0,2,1,0,0,1,1.0220796526358662,0.021608422063271626,-1.6955407847350212
8364,0,0,0,0,0,2,0,1,1,0,0,1,0,0,1,1,1,0,0,1,-0.13697154124627003,1.0009704782985889,-1.1146387510114881
8365,0,0,1,0,1,1,0,1,0,0,2,0,0,1,0,0,1,1,2,0,0.029834310033819884,-0.7927579943315175,-0.20286861092683006
8366,0,0,1,0,0,0,1,1,1,0,0,1,1,0,1,1,1,0,1,0,-0.2747911403737862,-0.21265295868127687,1.9017774277664619
8367,1,1,0,0,1,0,0,0,1,0,0,0,0,1,0,0,1,0,1,2,-0.6307588827147157,-0.6855289690184381,-0.6036348893039301
8368,0,1,1,0,0,1,0,0,0,0,2,1,0,2,0,1,1,0,1,0,1.0645136994124558,0.8461658306253018,1.5742405556204249
8369,0,1,0,0,0,0,0,1,1,1,0,0,0,0,0,1,1,1,1,1,-0.1313047800499949,-0.2930384539890031,1.1458713596363004
8370,0,0,0,0,0,1,1,0,1,1,2,0,1,0,0,0,1,0,1,1,0.08256934393946885,-0.41569165155662335,-0.39762162409456936
8371,0,0,0,0,1,0,0,0,1,1,0,0,0,2,1,0,0,1,0,2,-0.5545379919538823,-1.2066984588392995,0.37241943751849627
8372,0,0,0,0,0,0,0,0,0,1,0,0,1,0,0,2,1,2,0,1,0.6932208315721771,0.8110965793483751,0.2762190285888712
8373,1,1,2,0,0,1,0,0,0,0,0,1,1,0,0,0,2,1,0,1,-0.5652652577915572,-1.8354034231558591,0.06120125192276915
8374,0,1,0,0,0,2,0,1,1,1,1,0,0,0,0,2,1,1,1,1,1.7957044815275915,1.0653454134503266,-1.3744431147038432
8375,0,1,0,0,0,1,0,0,1,0,0,1,0,1,0,2,1,1,1,1,0.5534257403906583,-0.3487876900320377,-1.0725903172928006
8376,1,0,0,0,0,2,0,0,1,1,0,0,1,0,0,1,0,0,2,0,1.301383298552375,0.9868001879722532,1.0971557658597095
8377,0,0,0,0,1,2,0,0,2,1,1,1,0,0,1,1,0,1,2,1,1.6758327719335147,-0.4378198089707396,2.160839679952889
8378,0,1,0,0,0,1,0,0,0,1,0,1,0,1,0,0,1,1,1,0,-0.7214720179144134,0.5392471724536662,-0.22024499193960054
8379,0,0,1,0,0,2,0,1,1,0,0,0,0,0,0,0,1,1,0,1,-0.32039766295715344,-0.7585067483747769,1.9208840118167312
8380,0,0,1,0,1,0,0,1,2,0,1,1,1,1,0,1,1,0,1,1,-0.06805113225238761,-0.6468220103820028,-1.855781995399703
8381,0,1,2,1,1,1,0,0,1,0,0,0,0,1,1,0,0,1,1,0,-1.4102471015194569,-1.6130271351998777,-0.3361730797950423
8382,0,1,0,0,0,1,0,0,1,1,1,0,0,0,0,0,0,0,2,0,1.3363802346428997,0.050806215578266534,0.4113471742674849
8383,0,1,1,0,0,0,0,0,0,1,0,1,0,0,0,0,2,0,1,0,0.2455261451024786,0.27695764615725255,-0.36601085817054735
8384,1,0,1,0,0,2,0,0,0,1,0,0,2,0,0,0,2,1,1,0,-0.4084065980277422,-0.907885047037832,-0.8601276848893052
8385,0,1,0,0,1,2,0,0,1,1,1,0,1,1,0,1,1,0,1,1,1.64221095953599,1.0977555293265475,1.3012713001512164
8386,0,0,1,0,1,0,0,0,1,0,0,0,0,0,0,1,1,1,0,1,0.12141609213509078,-0.1002219544514459,-1.1015848186432353
8387,0,1,0,0,0,1,0,0,1,2,0,0,0,0,1,0,1,0,1,1,-0.7271612693760604,-1.4719503261815865,-0.6440156382265758
8388,0,0,1,1,0,1,0,0,0,0,0,1,0,0,0,1,2,0,1,0,-0.685955191091013,-0.835715806130982,-0.11377253370016414
8389,1,1,0,0,1,0,0,0,0,0,0,1,0,0,0,1,1,2,0,1,0.744011627421639,1.5042484336009068,-0.15335424552819066
8390,0,1,1,0,0,2,0,0,1,0,0,1,1,0,0,1,2,0,0,0,-0.8299879566112842,-0.6418800173996008,0.25182650575252546
8391,1,1,1,1,0,1,0,0,1,0,0,0,0,0,0,0,0,0,0,0,-0.56482261941215,-0.8460952061774735,0.05798199759034949
8392,0,0,0,0,0,0,0,1,0,2,0,1,1,1,0,1,1,0,2,0,0.3549622964059664,0.29125906384470246,1.1314539077502703
8393,0,0,0,0,0,1,0,0,2,1,0,0,1,0,0,2,2,0,0,0,1.1972005400012393,1.7645546326700614,1.0435918995140148
8394,0,1,2,0,0,1,1,1,1,0,1,1,0,0,0,2,1,0,0,1,-0.29771602547282117,-0.20962861557801127,-0.5016386457497802
8395,0,1,1,0,0,1,0,1,2,0,0,0,2,0,1,0,0,0,0,0,0.5601813955822068,1.7212877370385682,-1.0678467082417942
8396,0,0,1,0,0,2,0,0,1,0,1,0,2,1,0,1,1,1,1,0,0.1639390005984834,0.9671565613026569,-1.4817866557954071
8397,0,1,0,0,1,1,0,0,1,2,0,1,2,1,1,1,1,1,1,1,-1.774211622241287,1.602849190790737,-0.15589205074936435
8398,0,1,1,0,0,0,0,0,1,1,1,1,0,0,0,0,0,1,0,0,0.6933997970456833,1.0198098315662505,-0.9918212644245343
8399,1,1,0,0,0,2,0,0,1,1,0,1,0,1,0,0,0,1,1,1,-1.1209928325500886,-0.21065256365529755,1.0276517632145108
8400,0,1,0,0,1,2,1,0,0,0,0,0,0,0,0,1,0,1,2,2,-0.3414556606759675,-1.1501094543866963,1.3748165842174005
8401,0,1,0,0,0,1,1,1,0,2,0,0,0,0,1,0,2,1,1,0,0.3425054360074541,-0.12391862585654936,0.19998623747412886
8402,0,1,2,0,0,0,0,1,1,1,1,0,1,0,0,0,1,1,1,2,-2.0707367583940055,-1.582732074919071,0.09971800459893909
8403,1,0,1,0,1,1,1,0,1,0,0,1,0,1,0,1,2,0,0,0,-0.9938578320271789,-0.7203302888414342,-0.2257098190047638
8404,1,1,1,0,0,2,1,0,2,2,0,1,1,0,0,0,1,0,2,0,-1.486951731659789,-0.0904797073776199,0.04409739392200718
8405,0,1,1,0,0,2,0,1,1,1,0,0,0,0,0,0,2,1,1,1,0.7152985596343495,0.15655867486501684,-1.1034129849163585
8406,0,1,2,0,0,2,0,0,1,0,2,1,1,0,0,1,2,2,1,1,-0.6249184581795382,-1.280242637873561,-0.5456224945385686
8407,1,0,0,1,0,0,0,0,1,0,0,0,1,0,0,1,0,0,0,0,0.7733708496082007,2.57511313043324,0.48582574707698556
8408,0,0,1,0,0,1,0,1,1,1,1,2,0,0,0,0,0,0,1,1,-0.8896699758696365,-1.4598982546831074,-1.5687769262059776
8409,0,0,0,0,0,1,0,0,2,1,0,1,0,0,1,1,0,1,0,1,1.1032846818280593,0.5593258193568046,-1.5414713919625544
8410,0,1,0,0,0,0,0,0,2,1,1,2,0,0,0,0,1,1,1,0,0.9380801225247694,0.917092044754934,0.6269448231747392
8411,0,1,1,0,0,1,0,0,1,0,0,2,1,0,0,1,0,0,1,0,-0.023532848223097612,0.9711988379400702,-0.10609756425522002
8412,1,0,0,0,0,0,0,0,0,1,0,0,1,1,0,0,1,2,1,1,0.9455569164379671,0.5667746946074913,-0.4463899581048777
8413,0,0,1,0,1,0,0,0,1,2,0,1,0,0,0,1,1,0,1,1,-0.5771311846082376,-2.0275390300987812,1.40541049279322
8414,1,0,0,0,1,1,1,0,1,0,0,1,0,0,0,1,1,0,1,0,-0.08026217605867676,-0.34514504248324124,1.6967607535946643
8415,0,1,0,0,0,1,0,0,0,0,2,0,2,0,0,1,2,0,0,0,-0.07502483815648632,-1.1168297571009886,0.32882700256955477
8416,0,0,0,0,0,1,0,1,0,1,2,2,1,1,0,0,2,1,0,0,-0.1703257102533915,-1.5529262612040413,-0.022774343440376765
8417,0,0,1,0,0,2,0,1,1,1,0,0,1,1,0,1,0,1,0,1,-0.2230053628223711,1.20252547413497,1.3960388540031712
8418,0,0,1,0,0,0,0,0,2,1,1,1,0,0,0,1,2,1,1,0,0.4032981780744694,0.7168599729892665,-0.0415734918377787
8419,0,1,0,0,1,1,0,1,1,2,0,1,2,1,0,0,0,0,0,0,-0.4109963071713612,-1.1505731563426724,0.02802581164037954
8420,0,0,2,0,0,1,0,0,0,0,0,1,1,0,0,1,0,2,2,1,0.4320126950054351,-0.3693779994194555,-0.23617799830016384
8421,0,2,0,1,1,2,0,0,0,2,2,2,0,0,1,0,1,1,0,0,-0.414227257362712,0.20167169214121772,-0.11802183693035087
8422,0,1,1,0,0,1,0,0,1,1,0,0,1,1,0,0,0,0,1,0,-0.8963883156282485,-0.41276159459874756,-0.5386340678864127
8423,0,1,1,0,1,1,0,1,1,1,0,0,1,0,0,1,1,1,0,1,-0.5035300122955253,-1.0690836859879727,0.8118108743157522
8424,0,0,0,0,1,1,0,0,0,1,0,0,0,0,0,1,0,1,0,0,-0.020110673727435965,0.37764861780592784,-1.1466859203348034
8425,1,0,0,0,0,2,0,0,2,0,1,1,0,0,0,2,0,1,2,1,-0.3487777711657257,-0.6162765876735014,0.5453156955786118
8426,0,1,1,0,0,1,0,1,0,0,0,1,0,0,0,1,2,0,1,1,0.7618211651377658,0.868846618612676,-1.0200401842028255
8427,0,1,1,0,0,1,0,0,1,0,0,1,1,0,0,1,2,0,2,0,0.5523706762888018,1.8010720846548158,1.8035526127505617
8428,0,1,0,0,1,1,0,0,2,1,1,2,1,0,0,0,0,0,0,2,0.1734360162986699,1.7220124246529422,1.0642982230642415
8429,0,1,0,0,0,1,0,1,2,0,1,1,1,2,0,0,2,0,0,0,-1.895843493625106,-0.989959526498052,-0.7891322138611391
8430,0,1,1,0,0,0,0,0,1,0,0,0,1,0,1,1,2,1,1,1,-0.7202333050602983,0.47260315443615825,-0.5824796913759729
8431,1,0,0,0,1,2,0,1,1,0,0,0,1,0,0,0,0,0,2,1,0.3303379810418595,-0.7516787631516504,-0.2091524454410251
8432,1,0,0,0,0,1,0,0,2,0,0,0,1,0,0,1,1,1,1,1,-0.021511393341722668,0.2727799867580584,-2.2002174567361017
8433,0,2,1,0,0,2,0,0,0,0,0,0,0,0,0,1,1,0,1,0,-0.8255207695493174,0.08531508716532815,-0.8843898971656414
8434,0,0,1,0,0,1,0,0,1,0,1,0,1,0,2,1,0,0,1,0,2.089301624223006,0.9483483696496018,1.1714436275173705
8435,0,1,0,0,0,0,0,0,0,0,1,1,0,1,0,1,1,0,0,0,1.993606997376352,0.21032158930110825,0.6285508910544403
8436,1,1,0,0,0,1,0,1,0,1,0,0,1,1,0,2,1,1,0,1,0.4923580383813068,1.76880611339778,1.023695519372388
8437,0,0,1,0,1,2,0,0,1,0,1,1,0,0,0,1,0,1,1,0,0.17807243596177466,0.18861357416865074,-0.316350312120814
8438,0,1,1,0,0,1,0,0,1,0,0,0,0,0,0,1,1,1,1,0,-0.3589969677144394,0.3105064440611872,0.46335009126208493
8439,0,0,1,0,0,1,1,0,0,1,1,0,0,1,0,1,0,0,0,1,-0.5185729063745609,-0.20252600547046234,0.05370116308242985
8440,0,0,0,0,0,1,0,0,1,1,1,0,1,1,0,1,1,1,2,2,-0.9952821243989156,-0.7130766633239842,0.6367287055211833
8441,0,0,0,1,0,1,0,0,2,0,0,0,1,0,1,1,1,1,1,2,-0.6961948807531071,0.309955294596422,-1.4812010054717102
8442,0,0,1,0,2,2,0,0,1,0,1,1,1,1,0,0,0,0,1,0,-0.7713289646664659,0.4549925832768791,0.9263757975232737
8443,0,1,1,0,0,0,0,0,0,0,1,1,1,0,0,1,1,0,1,0,-0.2735103049787702,-1.2183463184716148,-0.49112341383420405
8444,0,0,1,0,1,0,0,0,0,2,1,1,1,1,0,2,0,1,2,0,-0.9320701578486953,-1.2169485326977278,0.9098052734092026
8445,0,0,0,1,0,1,1,0,1,0,1,0,0,1,2,1,0,1,1,1,-2.2845261518125373,-1.0370675667892297,-1.7550804389271168
8446,0,1,0,1,0,2,0,0,2,1,0,1,0,0,0,2,1,0,0,0,0.5045440078646287,2.1847159300730516,1.6153347897806554
8447,0,1,0,0,0,2,0,0,1,0,0,0,0,0,1,2,0,0,1,2,-1.2789251815873421,0.4423453173298257,-0.06592253055875243
8448,0,0,1,0,0,2,0,0,1,0,1,0,0,0,0,1,1,0,2,0,-0.9582374473539641,-0.5555285681606865,-0.27000637193457566
8449,1,1,0,0,0,1,1,0,1,1,0,0,0,0,0,1,1,0,2,0,-1.0811980599452675,-0.19168643290737347,-0.7964354061358607
8450,0,0,0,0,0,1,0,0,1,0,2,0,0,0,0,1,1,0,0,1,-0.2030408386144539,-0.2394125092511746,0.2333807188698585
8451,0,0,1,0,0,0,0,0,0,0,0,0,2,0,0,0,0,1,0,2,-0.3479385658140858,0.44300092858619006,-1.048095723738681
8452,0,0,1,1,0,2,0,0,0,1,0,0,1,1,0,1,1,0,1,2,-0.030969498565783606,0.21787828281625166,-0.7763564998494816
8453,0,0,0,0,0,0,0,0,2,0,0,0,2,0,1,2,0,0,0,2,-1.4778135985962897,-0.7530609064684315,-0.04027407396027392
8454,0,1,1,1,0,0,0,1,1,2,0,1,1,1,1,1,1,1,1,0,-0.16178106217689384,-0.7891844045482852,0.5200125190889452
8455,0,0,0,0,0,1,0,1,0,0,1,0,1,0,0,0,2,1,1,1,0.4736209916814884,-1.093413005893369,0.04303174335912502
8456,1,0,0,1,0,1,1,2,0,2,1,1,1,0,0,2,1,0,2,1,0.2706420879171534,-0.39558796321404177,-0.11608781011984708
8457,1,1,1,1,0,1,1,0,2,0,0,1,1,0,0,1,1,0,0,0,-0.13808566768891442,-0.9671649950767371,-0.17035961627666737
8458,1,1,0,0,0,0,0,0,2,0,0,1,1,0,0,0,0,1,1,1,-0.9744947942400635,-0.4825960999915236,0.3766868796752274
8459,0,1,0,0,0,1,0,1,0,0,0,1,0,0,0,1,2,0,0,1,-0.6515548346792506,-0.454899965547379,-0.33985558854245934
8460,1,0,0,0,0,0,0,1,0,2,1,0,2,1,0,1,0,1,1,0,0.24992154538265993,-0.6992936562936922,-1.2578915041087897
8461,0,0,1,0,1,1,0,0,1,0,1,1,1,0,0,1,0,0,0,0,0.17271801054362718,-1.5929283991025471,0.05170697418054798
8462,0,1,1,0,0,2,0,0,0,0,0,1,1,0,0,1,1,1,0,1,-0.42179988000499136,0.453377740227762,-0.6462965236856615
8463,0,0,0,0,1,0,0,0,2,0,0,0,0,0,1,0,0,1,1,1,1.4316178865690976,0.10220065635355047,0.3076256572591455
8464,1,1,1,0,0,1,0,1,0,0,0,0,1,0,0,1,0,0,2,1,0.4222743353019255,0.3957455038165188,-0.6618659852997901
8465,0,0,1,0,1,1,0,1,1,1,0,1,2,1,0,1,1,1,1,0,0.9522343436001468,0.6314817880672539,-0.8521117172737029
8466,0,0,2,1,1,1,0,0,0,2,0,0,1,0,0,1,0,0,1,1,-0.7612930949900897,1.1661247781716675,-0.65799704290596
8467,1,2,1,0,0,1,0,0,1,1,1,1,1,0,0,1,0,0,2,0,1.56848688304339,0.7276291382143993,1.2377215164490565
8468,0,1,0,0,0,0,1,0,1,1,0,0,0,0,0,1,0,1,0,0,-0.6908719254684925,-0.061368102885850706,-0.8257359757045717
8469,0,0,0,0,0,1,0,1,2,1,1,0,1,0,0,1,0,0,2,1,0.40996204976221734,-0.25662715750864584,2.9434310462958573
8470,0,0,1,0,0,1,0,0,0,0,1,1,1,1,0,0,1,2,2,0,-0.5683245710730406,-0.40556908349106496,-0.0721744377635564
8471,1,2,0,0,0,2,0,0,1,0,0,1,0,1,0,1,0,2,1,2,0.5043559308230401,0.9028473646745103,-0.7981222251984104
8472,0,0,0,0,0,1,0,0,1,1,1,0,1,0,0,0,0,1,0,1,0.4264290377019692,0.9120447615757468,0.3951571307826981
8473,0,1,0,1,2,0,0,0,2,0,0,1,0,0,1,1,0,0,0,0,0.035108160287606764,-0.9531639835516752,1.6731865503588488
8474,0,0,2,0,0,0,0,1,1,0,0,1,1,0,0,1,0,1,1,1,-0.39237368084973057,0.07524270830678913,-0.36039800165284425
8475,0,0,0,0,0,0,0,0,1,1,0,1,1,0,0,1,0,0,1,1,0.6103979270107543,1.378637131538146,0.605793402214081
8476,1,0,1,0,1,0,0,1,2,0,1,0,0,0,0,1,1,0,0,0,-0.858454158505341,-1.8093802709586786,-0.033259152529933333
8477,1,0,1,0,0,1,0,0,2,0,0,0,0,1,0,0,2,2,1,2,0.7925104167968401,1.4842883482382174,-1.340029633474253
8478,0,0,1,0,0,0,0,0,2,0,1,1,0,1,0,0,2,1,0,1,0.0023693248244463228,0.4471213730713701,-0.7940171149811621
8479,0,0,2,0,0,2,0,0,2,0,1,1,1,0,1,0,0,1,0,1,-0.9879317615341457,-0.8128908657333371,0.31757749268891045
8480,0,1,1,0,0,2,0,0,0,0,1,2,1,0,0,1,1,1,0,0,0.13441954576970813,-1.7074156810341912,0.6229479639294421
8481,0,0,0,0,0,1,0,0,2,1,1,0,2,0,0,0,1,0,1,0,-0.39953414197636866,-0.9355621942306193,-0.05819416220829829
8482,0,0,2,0,0,2,0,1,1,1,0,0,1,1,0,1,1,1,1,0,-1.478548139893871,1.1390159727793454,-0.43629032911472654
8483,0,0,2,0,1,1,0,0,2,0,0,0,0,0,1,1,1,0,2,0,-0.2555029222937999,1.5190446435848874,1.1203537781696622
8484,0,0,1,0,0,0,0,0,0,0,1,0,1,0,0,0,1,1,1,0,-1.5962452451825162,-2.5416730929577915,2.296697302741493
8485,0,0,1,0,1,1,1,0,0,1,0,0,2,0,0,1,1,1,0,0,1.4677340280418605,-0.3439161649379866,1.6992638389018437
8486,0,0,1,0,0,0,0,0,2,1,2,1,0,0,0,1,1,1,1,0,-0.03736887688232289,-0.0442382899523977,-0.5209721269256776
8487,0,1,1,0,0,1,0,0,2,0,0,1,0,1,0,0,2,2,0,0,-1.0990685483726415,-0.6457569528953568,-2.062311556825197
8488,0,1,0,0,0,1,0,0,1,0,0,1,0,0,0,1,0,2,0,0,-0.053664835317801224,-0.32290578276810433,0.5311077346042408
8489,0,0,0,1,1,0,0,0,1,1,2,2,0,0,0,0,1,0,0,0,0.24270000556150692,0.7309333803902651,-1.1166403128494573
8490,0,1,0,0,0,1,0,0,1,1,0,0,1,0,0,1,1,1,1,2,1.6882374351967186,0.9700434929459238,0.366602210314909
8491,0,0,1,0,0,0,0,0,2,1,0,0,1,0,0,0,2,1,0,1,1.9577663934432346,0.43252753694860796,1.3123002971734765
8492,0,1,0,1,0,1,1,0,1,1,0,0,1,0,1,0,1,0,1,0,1.0213428105080933,0.029764514306153733,0.38292515951121664
8493,0,0,1,0,1,1,1,0,0,0,0,1,2,0,0,1,0,0,1,1,0.019345102932347185,-1.5681555816143176,-1.7107222998792566
8494,0,0,0,0,0,0,0,0,1,1,1,0,1,2,0,1,1,1,1,0,0.5855934800847241,0.8122417941213094,-0.02369809389954225
8495,0,0,1,0,0,2,0,1,1,0,1,1,1,0,1,0,1,1,0,1,0.413922068785005,-0.13359772559281108,-0.17801346962102654
8496,0,1,0,0,0,2,1,0,2,2,1,1,2,0,1,1,2,1,1,0,-0.4452064797986493,-0.036084715725160144,-1.9405222550016157
8497,1,0,0,0,1,2,0,0,0,1,1,0,0,1,0,1,2,1,1,1,0.31738719911944474,1.0345988469337855,-0.44705587282555787
8498,0,1,1,0,0,0,0,1,1,1,0,0,0,0,2,0,1,1,0,2,-0.020800878064755862,1.0836949949065495,-2.2618460464405263
8499,0,1,0,0,0,2,0,1,1,1,0,1,0,1,0,1,1,0,1,1,0.001441976432854826,-0.5848140082439848,0.7632849490040536
8500,0,0,1,0,1,2,0,0,1,0,0,0,1,1,0,1,1,0,0,1,1.2818910122589986,0.9712949028560809,0.5275171707700994
8501,0,0,0,0,0,2,1,0,1,0,1,1,0,0,0,0,1,0,1,1,1.0060289416806478,0.2797068845655452,-0.7757997381891346
8502,0,0,0,1,1,0,0,1,1,0,1,1,0,0,0,0,1,1,0,1,0.21029608289748464,-0.7614717433469761,-0.6851446316820912
8503,0,1,0,0,0,1,0,0,1,2,0,0,2,0,0,0,1,1,1,0,0.512155502237398,-3.2129869267900926,1.509513784505203
8504,0,0,0,0,1,0,0,0,0,0,2,0,0,1,0,1,1,0,2,1,-0.23584947788385305,-0.30853531010138274,1.3985109767729742
8505,0,1,1,0,0,1,0,0,2,1,0,2,0,0,0,2,1,1,1,2,2.210892844273668,1.8724519952210417,2.2917032605118424
8506,0,0,1,0,0,1,0,0,1,0,0,1,0,0,0,0,1,2,1,0,0.791927645338832,-0.8434704094735558,-0.3386379656701525
8507,1,0,0,1,0,2,0,0,1,1,0,1,1,0,0,2,1,0,0,1,-0.4924840307447867,0.7822682934559173,-0.9793114912642783
8508,0,2,0,0,0,1,0,2,1,2,0,0,0,1,1,0,0,0,0,0,-0.6670884548413683,0.6769104461584917,1.242488432082756
8509,0,0,1,0,0,1,0,2,1,1,1,0,1,0,0,1,0,0,1,1,-0.39847475660717036,-0.47749085652104095,0.2074236402214521
8510,0,1,0,2,0,2,1,0,2,0,0,1,0,1,0,0,0,0,1,0,0.36564387347568794,0.09458901443938891,0.9873595631593051
8511,1,1,0,0,0,1,0,0,1,0,1,0,0,0,0,1,0,1,0,0,-0.030860946239758033,-0.35970260995279324,0.511720292689772
8512,0,2,2,1,0,2,1,1,2,0,0,0,0,1,0,0,0,1,0,1,-1.195239831607008,-1.8916693700726968,-0.4050270583236734
8513,0,1,1,1,0,1,0,1,1,1,1,1,1,0,0,1,2,0,2,2,0.4573875081566206,-0.502510035785715,0.5037711268274939
8514,1,0,2,0,0,1,0,0,2,2,1,1,0,0,1,2,1,1,1,1,0.99315699922386,1.1665313781705118,-1.0355100254485732
8515,0,0,1,0,0,2,0,0,0,0,0,2,1,0,0,1,1,1,0,0,0.10148121241095939,0.8305909485796775,0.8631519852170417
8516,0,0,0,0,1,0,0,0,2,1,1,0,1,0,0,0,1,0,2,1,-1.097622899771867,0.0395208852593838,0.24245368070992337
8517,0,1,1,0,1,2,0,0,2,1,0,1,0,1,0,1,1,0,0,1,0.39186764562714904,1.154162295379936,0.6192893250288866
8518,0,1,1,0,0,0,0,0,1,1,0,1,1,0,0,0,1,0,0,0,-0.4176374615692548,-1.0348900367886196,0.9594265921826214
8519,2,1,1,0,2,1,0,0,1,0,0,0,0,1,0,2,0,1,1,0,-1.2605405053502228,-0.9037158365687361,-0.2612928050988008
8520,0,1,0,0,1,2,0,0,2,1,1,1,1,0,0,1,0,0,0,0,0.7699885523596293,1.2906302248533075,0.7629884403981555
8521,0,0,0,0,0,2,0,1,0,1,1,1,0,0,0,1,1,1,1,1,1.7905530245259516,1.1196853461840293,-1.0185354059887533
8522,0,1,0,0,0,1,0,0,1,0,1,0,0,0,1,0,1,0,2,0,0.7118667104948113,-0.40534357530569926,-1.4138074733635289
8523,1,0,1,0,0,1,0,0,2,2,2,0,0,1,0,0,2,0,0,1,0.004665547008178882,-0.1221256538707976,-0.4484830752149274
8524,0,0,0,0,0,0,0,0,2,0,0,2,1,0,0,1,0,1,1,0,-0.92612518312071,-1.3829486143933267,1.269437355665628
8525,0,0,1,0,0,2,1,0,1,1,0,0,1,0,0,1,0,0,0,0,-1.0565158678955406,-0.7119475903264578,-1.0069054430187483
8526,1,2,0,0,0,1,1,0,0,0,0,2,1,1,0,0,1,0,1,0,1.4347217297295374,0.701660986754396,1.8522546193592384
8527,0,1,2,0,0,0,0,0,1,1,2,0,1,0,0,0,1,0,2,0,0.6218787073378588,0.008844291330830034,-0.35378363197349616
8528,0,1,0,0,0,2,0,1,2,1,0,1,0,0,1,1,0,1,0,0,0.18489466446905808,1.4416020655617996,1.227948756823573
8529,0,0,2,1,0,0,0,0,2,1,0,1,0,1,0,0,1,1,1,0,-0.921939759008082,-0.6663207250442058,-1.5158339746316978
8530,0,0,0,0,0,2,0,0,2,1,0,0,1,0,1,1,0,1,0,0,-0.979105561375122,0.3970233495510399,-0.08216523495610908
8531,0,2,2,1,0,1,0,1,0,0,0,2,1,1,0,1,0,1,0,0,-0.14226285193323868,0.8647234450544994,-0.5065120110173557
8532,0,1,0,0,0,1,0,0,1,1,2,0,1,0,1,1,2,0,2,1,-1.3591464309742902,-0.9043287458104409,0.8335077299233938
8533,0,0,0,0,0,2,1,2,1,1,1,1,1,0,0,0,0,1,2,1,0.41947777015865045,0.6914754593700205,0.44655320943664806
8534,0,2,0,0,0,1,0,0,1,0,2,1,1,0,0,1,0,1,2,0,-0.717711868541296,-0.2746854644950757,0.08644974280567028
8535,0,1,0,0,0,1,0,0,0,1,0,0,2,1,0,1,0,1,0,0,0.07377728901998881,0.5239364321191956,2.1763609464655835
8536,0,1,1,0,0,1,0,0,2,0,0,1,2,1,0,0,0,1,0,0,-0.3143370559026909,0.17900700157528227,-0.05229821387054152
8537,0,1,1,0,0,0,0,0,0,1,1,0,2,0,1,1,1,0,1,1,0.28577144723028725,0.013009264095260736,0.4572699679630623
8538,0,0,2,1,1,1,0,0,1,1,0,0,1,1,0,1,1,2,1,1,1.3433962364077705,0.10659348417608827,0.37929970631583926
8539,0,1,1,0,0,2,0,1,1,1,0,2,1,2,0,2,0,1,0,2,-1.5267043980484225,0.4455932767653791,0.8004637149038965
8540,0,0,2,0,0,2,0,0,0,0,0,1,1,0,0,1,1,0,0,0,-0.5436156448391893,1.6820341154214395,2.33232231893908
8541,0,1,0,0,0,0,0,1,0,1,1,0,1,0,0,2,0,0,1,1,-1.1101291858528974,1.2269758737423588,2.108927278472322
8542,0,0,0,0,1,1,0,1,1,1,1,1,1,0,1,1,0,1,1,0,-0.5204892332793465,-1.1606294685231073,0.9609276201659402
8543,0,0,1,0,2,2,0,0,2,1,1,0,1,0,1,1,1,0,2,0,0.5515356790801341,0.4959292118371335,0.678404385559052
8544,0,1,1,0,0,0,0,1,0,0,0,1,1,1,1,0,0,1,1,0,0.2165083848600189,0.46537387891810883,1.499393791368036
8545,1,1,1,1,0,2,0,0,1,0,0,0,1,1,0,1,2,0,1,0,1.3808177589943513,0.4887032125682118,3.8252267617959697
8546,0,1,1,0,0,1,0,0,2,0,1,2,2,0,0,2,0,0,2,0,0.7013443372549968,0.4017704459941353,-0.026498348877716182
8547,1,0,1,0,0,1,1,0,0,2,1,1,0,0,1,1,1,1,0,0,-1.15115144321672,-0.6872655097866402,-0.6953405321390651
8548,0,0,1,0,0,1,0,0,1,0,0,1,0,0,0,1,1,0,0,0,1.3217770744826456,0.6956075701039384,0.5200105675504708
8549,0,1,0,0,1,2,0,0,1,1,0,1,1,0,0,1,0,1,0,0,-0.20906402676001815,-0.2208391662292692,0.19926958468117154
8550,0,1,2,0,0,0,0,1,0,2,1,0,1,0,0,0,0,0,0,1,-0.31094055112653657,-0.5457124126953734,-1.2013038432771903
8551,0,0,0,1,0,0,0,0,1,2,1,1,2,0,1,1,0,0,1,1,-1.3906655856304955,-0.5243898423034346,-0.8481155235278143
8552,0,1,0,0,0,1,1,0,2,1,1,0,1,0,0,1,1,0,1,1,-0.10803369914642942,-0.32612499395769246,-0.4445936455649122
8553,0,0,1,1,0,0,0,0,1,1,0,1,1,1,0,0,2,0,0,1,3.0124902890509193,1.6753351047901701,0.08323555283948036
8554,0,1,2,0,0,1,0,0,0,0,0,1,2,0,0,1,0,1,1,1,0.02660595354789746,-0.9865253931221942,1.3871061062022987
8555,1,1,0,0,0,1,0,0,2,0,0,0,1,0,1,1,0,0,0,2,-1.7193387063516488,-0.9099363015979673,-1.1917303797336902
8556,0,1,0,0,0,0,0,0,1,1,1,1,1,1,0,0,2,1,1,1,-0.6212749205159098,-0.19339253804883527,1.315235220798657
8557,1,1,1,0,0,1,0,0,1,1,1,0,0,1,0,0,0,0,0,0,-0.6047680587543275,-0.43108278447204573,-0.5852603810973587
8558,0,2,0,0,0,1,0,0,1,1,1,1,0,0,0,0,0,0,0,0,-1.493995717430324,-1.7255413873992487,1.092733872210463
8559,0,0,0,0,1,1,0,1,1,0,0,0,0,1,0,2,1,0,2,1,1.3935511861127665,0.8031392222731654,-0.07317220063749352
8560,0,1,0,0,0,0,0,0,1,1,1,0,0,0,0,0,0,1,0,0,0.6240602003994182,0.6371905362670417,-0.8038754882319261
8561,1,0,1,1,0,1,1,0,1,2,2,1,0,1,0,2,0,0,0,1,0.9210659977208115,0.5809842294231367,1.6268459613807704
8562,0,1,1,1,0,1,0,0,0,1,0,1,1,0,0,0,1,0,2,0,-0.677908754133668,-1.818928745922117,0.2903586299227218
8563,0,0,1,0,0,2,0,0,0,1,0,1,2,0,1,1,0,0,0,0,0.5692075342889553,0.6444072978266737,-1.237771076797359
8564,0,1,0,1,0,1,0,0,2,1,0,0,1,0,0,2,0,0,1,1,0.0044420456679763985,0.7458447611325774,0.41373053153748895
8565,0,1,1,0,0,2,0,0,0,0,1,1,1,0,0,0,1,0,1,0,-2.3235820686189355,-1.6374421029527357,-0.6348008917272845
8566,0,1,1,0,1,1,1,1,1,2,0,0,0,2,0,2,0,0,0,1,-0.2775585935422199,0.7657273646368279,-0.2766171962281778
8567,0,1,0,0,0,1,1,0,1,0,0,2,1,1,0,0,0,1,2,0,-1.5939732030510445,-2.0269912349192323,0.6496885969088909
8568,0,1,1,0,0,1,0,0,1,2,0,1,0,1,1,1,0,0,1,2,-0.07350699001623934,0.8267044880237785,-0.0224044837722866
8569,0,1,2,0,0,2,0,0,1,0,0,1,1,1,0,1,1,0,1,1,-0.8264161148480634,0.650011071167294,-0.11105483976059069
8570,0,0,0,0,0,1,0,0,0,2,0,2,0,0,0,1,0,1,0,0,1.1846242741319293,0.4377585714787223,0.8752277837442671
8571,0,1,1,0,0,0,0,2,1,0,0,0,0,1,0,0,1,0,1,0,-0.688556192016102,-0.029369394677649097,-0.10371024418458827
8572,0,1,0,0,0,0,0,0,1,0,0,0,0,0,0,0,0,1,1,0,-0.8280813072364184,0.03628988474400441,-0.007733181456788182
8573,1,1,0,0,1,1,0,0,0,2,1,1,0,0,0,1,1,0,1,0,-0.8451954449354213,0.4281478981226005,-1.3924057484941899
8574,0,1,1,0,0,2,0,0,0,0,1,1,0,1,0,0,1,0,2,0,0.15624934547786754,-0.13108985790815605,-0.6677117460996039
8575,1,0,0,0,0,1,0,0,1,0,2,1,1,0,0,2,1,1,0,1,-1.478521469377319,-0.9111683421912337,-1.053951611284742
8576,0,0,0,0,0,0,0,0,1,1,1,2,0,0,0,1,1,0,1,0,0.4294407798663585,-1.9991106759162025,0.14577135096854643
8577,0,2,1,0,0,1,0,0,1,1,0,0,1,1,0,1,0,0,2,0,0.48426514278560756,0.3696610284779316,0.6464889378346701
8578,0,0,1,0,0,0,0,0,0,0,0,0,0,0,0,0,2,1,1,1,0.2560001924919434,0.8045494118248122,0.10526147747361993
8579,0,0,0,0,1,1,0,0,0,1,0,0,1,0,0,0,1,0,0,0,0.3296084962565991,0.18001277923041012,0.1928406570626559
8580,0,1,0,0,0,0,0,0,1,0,0,0,0,0,0,1,0,0,0,1,-0.9162434927943092,-0.00215808809587692,-0.5677208527670938
8581,0,1,0,1,0,2,0,0,0,1,1,0,2,0,0,0,0,2,1,0,1.5555449550426064,0.9872144246355397,1.9416285254916803
8582,0,0,0,0,0,0,0,0,0,0,0,1,0,1,0,1,0,1,0,0,0.5583106651762664,-0.7817831781866984,0.05405943041301807
8583,1,0,0,0,0,1,0,1,0,2,0,0,1,0,0,1,1,2,1,1,-0.7521001608820569,0.6796479765627876,0.4440296371162258
8584,1,2,0,0,0,1,1,0,0,0,1,0,1,1,0,0,1,0,0,1,0.8289318949367867,0.2765467457059929,1.731460177470238
8585,0,0,0,0,0,0,0,0,1,1,1,1,1,0,1,1,0,0,1,1,-1.0662292520519216,-1.0468738428508118,0.5623565044490149
8586,0,0,0,1,0,2,0,2,1,0,0,0,0,0,0,1,1,0,1,1,-0.5579554833599865,0.9005416462147644,-0.2933006257756747
8587,0,1,0,0,2,0,0,0,1,1,0,0,0,0,1,2,1,1,0,0,0.9405299069981644,-0.07402690690187108,1.024239597536621
8588,0,1,0,0,0,0,1,0,2,1,0,0,0,0,0,1,0,1,1,1,0.8293923940447259,1.0731697464595795,2.6046333963945374
8589,0,1,0,0,0,2,0,0,0,1,0,1,2,1,1,1,1,2,1,0,-0.060826192313519524,0.2990439980173659,-0.7009537158519642
8590,1,0,2,0,1,1,0,0,2,0,1,2,0,1,0,0,1,1,1,0,0.5489445155669518,-0.5943084600264574,1.1337281811136042
8591,0,0,1,0,1,0,0,0,1,0,0,1,1,1,0,1,1,1,0,0,-1.163407150910482,-0.33235752313868844,0.2757929025417011
8592,0,0,0,1,0,0,0,2,0,1,1,2,0,0,1,2,1,0,0,0,-2.079148215348952,-0.7178058119204473,-0.5349627805378913
8593,0,0,0,0,1,2,1,1,0,1,1,0,1,1,0,0,1,0,1,1,-1.3502343479965568,-2.7631343833926407,0.7871268845774881
8594,0,1,1,0,1,0,1,0,2,1,1,0,1,0,0,2,1,1,0,2,1.93793249077985,0.30552822929506807,-0.8370806441538836
8595,0,2,1,0,0,0,0,0,1,2,2,0,1,0,1,0,0,0,2,0,0.3070864876654677,0.44697594517373773,0.015175949341829316
8596,0,1,0,0,0,2,0,1,0,1,0,0,0,1,1,0,0,1,2,0,0.8137221966799348,-0.6908421657754487,0.01773818301450833
8597,0,0,0,0,0,0,0,0,1,1,0,0,0,0,1,2,2,0,1,1,-0.6279793491193697,0.32172100624569877,0.26776174552169957
8598,1,2,1,0,0,2,0,1,0,0,0,1,0,0,0,0,0,0,1,1,1.251038672616552,-0.9302053666601318,1.7398024044328182
8599,1,2,1,0,0,0,0,0,2,0,0,1,1,0,0,0,0,1,0,0,-0.9809200460662727,-1.0120270297849374,2.0965385178472755
8600,1,0,0,0,0,1,1,0,0,0,0,1,0,0,0,0,0,1,2,1,-0.5945399339070403,-0.3221667462482579,-0.5959531666301073
8601,0,0,0,1,0,2,0,0,0,1,1,2,0,1,0,1,0,1,2,0,-1.434859146715914,-1.5227992620254542,0.7313237647262996
8602,1,0,2,0,0,2,1,0,0,1,0,0,1,0,0,1,1,0,1,0,1.4536439632785902,0.8168820930923579,0.6765825597372217
8603,1,0,1,0,0,1,0,1,1,1,0,1,0,0,0,0,1,1,0,1,-0.07812084956415735,-0.49148947283560834,0.6791458688504062
8604,1,1,0,0,1,0,0,0,1,0,1,0,1,0,0,1,1,2,1,0,-0.6507956471607245,-1.3221924471823066,-0.3243525119910759
8605,0,1,0,0,0,2,0,1,1,0,0,1,0,0,0,0,0,1,1,0,-1.0219115727850454,-1.93568379584429,0.326800850238251
8606,0,0,1,0,0,0,1,0,2,1,1,1,0,0,0,1,1,0,0,2,-1.1891094709453256,2.1215032466331216,0.4339850011536314
8607,0,1,0,0,0,1,0,0,1,0,0,1,1,0,0,1,0,0,1,1,-0.13878226027186985,-1.903454268810746,0.5827301331894219
8608,0,0,0,0,0,1,1,0,0,0,0,0,1,0,0,0,0,0,0,1,0.7140941953650166,0.7744129003202214,0.36338594467290225
8609,0,1,0,0,0,1,0,0,2,1,1,1,0,1,0,2,1,2,1,1,-0.546498605585118,-0.5999133434614323,-1.162485919760718
8610,0,0,2,0,0,0,0,1,0,1,1,0,1,0,0,0,0,0,2,0,-0.3453566251434045,-0.5716180845286791,-0.5115010198103213
8611,0,1,2,0,0,1,1,0,0,0,1,0,1,1,0,0,0,1,0,0,1.8182060174978527,0.5864167573959722,0.08014354269423607
8612,0,1,1,0,0,0,0,0,2,1,1,0,0,1,1,2,0,0,1,1,0.17039636754219248,0.7225657722996703,1.2531132738615312
8613,1,1,2,0,0,1,0,0,1,1,0,1,0,0,0,2,1,2,1,0,-0.3490692669307914,-1.2252311434264185,-1.724190595583582
8614,0,1,2,0,0,0,0,0,0,1,0,2,2,0,0,0,0,0,1,0,-1.12988133780746,-0.926004185733379,0.7596950726203141
8615,0,1,1,0,0,1,0,0,1,0,1,1,0,0,1,2,0,1,2,1,-0.8633782280786829,0.24228502856449644,0.8549349618015353
8616,0,0,1,0,0,1,0,1,2,1,0,0,0,0,0,2,0,0,0,0,0.5011657883967263,0.5141022405350326,-1.2052865997696827
8617,0,1,1,1,0,1,0,1,2,1,1,1,1,1,0,0,1,1,0,2,0.6457003408064659,0.3062853955890256,0.41910667036033145
8618,0,0,1,0,0,1,0,0,1,1,0,1,0,0,1,0,0,2,0,0,1.002133956871553,1.338411527927566,1.647199440608543
8619,0,1,0,0,0,0,0,1,2,1,1,2,1,0,1,1,1,0,1,0,-1.6903226006652896,-0.85984349872826,-0.4542021717435714
8620,0,0,1,0,1,1,0,0,2,0,1,1,0,0,0,0,0,1,2,0,-0.3448546975686801,-0.9609225063978187,-0.9944503592059517
8621,0,1,0,0,0,0,0,0,1,1,1,0,1,1,0,2,1,1,1,2,-0.21263223992280633,0.7555509660346615,0.3351262750334681
8622,0,1,1,0,0,2,1,0,0,0,1,0,0,2,0,0,1,0,1,1,-0.3617173335047826,-0.5764552350317881,-0.5031354508377277
8623,0,0,1,0,1,1,0,1,0,0,0,0,2,1,0,1,1,2,2,1,1.105067113423032,0.5475001934278476,0.823157786340165
8624,0,0,1,0,0,2,0,1,1,1,0,1,0,1,0,2,0,0,0,0,0.06738834196833257,0.04108261422107451,0.40736908602604344
8625,1,2,0,0,0,0,1,0,0,1,1,1,0,0,0,2,1,1,0,1,-0.13408489348983235,-0.30122947243248155,0.6488816423991767
8626,0,1,1,0,0,1,1,0,1,0,0,1,0,0,1,1,1,0,0,1,0.5251656057970203,0.5517071014614865,1.0047015638775108
8627,1,1,1,1,1,1,0,1,2,1,0,0,0,0,1,2,1,0,1,0,1.2341907028570915,0.530356411068873,-0.3446352679340702
8628,0,1,2,0,0,1,1,0,1,1,1,0,0,1,0,1,1,0,2,0,0.06275982060290036,0.1962255917694249,0.21666610242018522
8629,0,0,1,0,0,0,0,0,0,1,1,1,0,0,0,1,1,0,1,2,0.6640398990971093,0.18471165401599354,-0.7862860618733819
8630,0,1,1,0,0,0,0,0,1,0,0,0,1,0,0,2,1,0,2,0,-0.8387777410629074,-0.5564990030960912,0.592978819582253
8631,0,0,1,0,0,0,0,0,1,1,0,2,0,0,0,1,0,0,1,1,0.05254358257616994,-0.4784234554498006,0.1540684833068091
8632,0,1,1,0,1,0,1,0,1,0,0,0,0,0,0,0,0,1,0,1,0.427102447451915,0.3452536773122167,-0.4624977904051328
8633,0,0,1,0,0,1,0,0,2,0,0,0,1,0,0,1,1,1,1,0,-1.0514650846519866,0.5410700446468864,0.6396704954436416
8634,1,0,0,0,0,1,0,1,0,0,0,1,0,0,0,0,2,0,2,1,0.04040940334567364,0.5786751725279409,0.858233386646857
8635,0,1,1,0,0,2,0,0,2,0,0,1,1,1,0,2,1,0,1,0,-0.8549197046889523,0.7749831594801884,1.5240389602342337
8636,1,0,1,0,1,0,0,0,0,0,1,0,0,0,0,0,0,1,0,1,-1.7418360097802428,0.053304382819673424,-1.9363593399299646
8637,0,1,0,0,0,0,0,0,1,1,0,0,1,1,0,2,0,0,1,0,0.49681331883871716,0.7621577053828308,-0.17438746708209132
8638,0,0,1,0,0,0,0,0,1,1,1,2,2,1,0,0,0,0,1,1,-0.334509947574399,-0.6098417919504249,1.6281767631914705
8639,0,1,1,0,0,1,0,0,0,0,0,1,0,0,0,1,1,1,1,0,1.1165731345321313,1.133244981700042,-2.421826357553267
8640,0,0,1,0,0,0,1,1,1,0,1,0,2,0,0,1,1,0,1,0,-0.3510114472750887,-0.7305407817796831,-0.23281104637001046
8641,0,1,0,0,0,2,1,1,1,1,1,0,0,0,0,1,2,1,0,1,0.985815465910091,0.46170491716189704,0.13768375641469374
8642,1,0,1,0,0,2,0,1,1,1,1,1,0,1,0,1,2,1,2,0,-0.8924530083966311,-0.7296595423344858,0.5361251474752377
8643,0,2,1,0,1,1,0,0,2,0,1,2,0,0,0,1,0,0,1,1,1.3117833639968044,0.009120675789058355,-0.6320378556264669
8644,1,0,0,1,1,1,0,0,2,0,0,0,0,1,0,0,1,1,1,1,-0.3171438378542351,0.9723731543387933,-1.3681580835716476
8645,0,1,0,0,0,1,0,0,2,1,0,1,1,0,0,2,0,1,0,1,1.2366571394232462,1.250651893449091,0.7006675037839958
8646,0,1,2,0,0,0,0,0,1,0,0,1,1,0,0,1,2,0,1,0,0.19827997141289863,-0.04716964219607775,-2.569405112105299
8647,0,0,0,0,0,1,1,0,2,0,1,1,1,0,0,2,1,1,2,0,-1.715127095654979,-0.13412677346720148,-0.06958330111237429
8648,0,0,1,0,1,1,0,0,1,1,1,1,0,0,0,0,0,2,0,0,-1.5518134546249303,-1.3595581210851369,-1.5315394921998953
8649,0,1,1,0,0,2,0,1,2,0,0,1,1,0,1,2,2,0,1,2,0.5801405156393187,2.9003277173617943,2.8929444727602545
8650,0,2,0,0,0,0,0,0,2,1,0,1,2,2,1,0,1,0,2,1,-0.4116629380847248,-0.18668949077923572,0.3951751585659364
8651,0,0,0,1,0,0,0,1,2,0,2,1,2,1,0,0,1,0,2,0,-0.417942441025832,-0.6907476438507593,0.22922010015887445
8652,0,1,1,0,1,1,0,0,1,0,0,0,0,1,2,1,1,1,1,1,1.0788934615173944,0.8856431692839024,-0.2770457286729705
8653,1,0,1,0,0,1,0,0,1,0,0,1,1,0,1,1,2,0,1,0,0.1393592384243692,1.8604645676082032,1.6170186000622824
8654,0,0,1,0,0,1,0,1,1,0,1,2,1,0,0,1,1,1,0,1,-0.12661599978628554,-1.1989310278193352,1.2797770729789362
8655,0,1,0,1,0,1,0,0,2,1,0,1,0,0,0,1,1,1,2,1,-0.041609574616504795,1.6892117120886134,0.8475171617479251
8656,1,0,1,1,1,1,0,0,1,2,1,0,1,0,0,1,0,0,1,2,0.5671614075955387,1.2275521380195809,-1.0652119258135693
8657,0,2,0,0,1,1,0,0,2,1,2,0,0,0,0,1,0,1,1,1,-0.6649475785061235,-0.11024720946416733,-1.3756085428782199
8658,0,0,1,0,1,0,1,0,0,0,0,1,0,0,0,1,2,1,1,0,-2.4549790609744093,0.0812394924332982,-1.673960339866905
8659,0,1,1,0,0,1,0,1,0,1,0,0,0,0,0,0,1,1,1,2,-0.4641465749801425,1.6308550142611273,0.3683100678563528
8660,0,0,1,0,0,1,0,0,2,0,1,1,1,0,0,0,1,0,0,1,0.17147963074216116,0.4254364825199539,0.5185242114388031
8661,0,0,1,0,0,1,0,0,0,0,0,0,1,0,0,0,0,0,1,1,-2.0287922363017024,-1.3448925096190487,0.42974278983174324
8662,0,1,1,0,0,1,1,0,1,1,0,0,0,0,0,1,1,0,0,0,-0.3450961673836347,-0.7310442999401147,-0.11281359865733591
8663,0,2,1,0,0,1,0,1,0,2,1,0,1,0,0,0,0,0,0,0,2.627897735423471,-1.5589472117791943,0.7037473843898613
8664,0,0,1,0,0,1,0,1,0,1,0,0,1,0,0,1,0,1,1,0,0.35510495554909977,-1.0165341610757919,-0.5833822356702502
8665,1,1,0,0,0,1,0,0,2,0,0,0,2,0,0,0,0,1,1,1,-1.1547923861075566,-1.61841047202135,-0.8876077403876503
8666,0,0,2,0,0,0,0,0,1,0,0,1,0,2,0,1,0,0,0,0,0.9687051011242928,-0.8654492823194427,-0.11868976910892692
8667,0,0,1,0,0,0,0,0,0,0,0,1,0,0,0,1,2,0,0,0,-1.169004291669986,0.2913900093727385,-1.1115808590958158
8668,0,0,1,0,1,1,0,0,0,1,2,0,0,0,0,1,1,0,1,1,0.3795975611821799,0.8834093051118781,-0.47793720810798956
8669,0,0,0,0,2,0,0,0,2,1,0,2,0,0,0,2,0,0,2,1,1.7479259615228413,0.6672268696388128,0.6587689657092001
8670,1,1,1,0,0,0,1,0,0,0,1,0,1,0,2,1,1,0,1,1,0.763557665133485,-0.9601688190413715,-0.44766615271103855
8671,0,0,0,0,2,1,0,0,1,1,1,1,2,1,0,1,0,0,1,0,0.5710082181213159,0.8042499702184168,1.1742407819517524
8672,1,1,0,0,0,0,0,0,0,1,0,1,1,0,0,0,0,0,1,0,0.5090313723869334,0.0602879416118426,1.3787593243466518
8673,0,0,0,1,0,1,0,0,2,1,1,0,1,0,0,0,2,0,2,1,-0.9222522210999712,0.5204725870540561,-1.67950875747665
8674,0,1,0,0,0,0,1,0,1,2,0,0,1,0,0,0,1,1,0,0,-0.013310552284176751,-0.13561266265121602,0.2757747377327807
8675,0,1,0,0,0,0,1,0,1,1,0,0,2,1,0,1,2,0,2,1,0.29023146414544615,-0.3113073864758611,0.7543896634371917
8676,1,0,1,0,0,0,1,1,1,0,0,2,0,0,0,1,1,2,1,1,-0.20781064852342881,-0.15310711862437826,0.7829022316175792
8677,0,1,0,1,0,0,0,0,0,0,0,1,2,2,0,1,0,1,1,2,-0.8059292358754263,0.3446649996032419,-0.9813758581475182
8678,0,1,1,0,0,2,0,0,1,1,0,0,0,0,0,0,0,1,0,1,-0.04488080144982066,-0.8951213334514598,-0.822721290778454
8679,0,0,1,0,0,2,0,2,0,0,0,1,0,0,0,1,1,0,1,0,1.824574600798226,0.9094517255904082,2.045464896822849
8680,0,0,1,0,0,1,0,0,2,1,0,0,1,0,1,1,1,0,1,1,-0.5708460632396456,0.09507269117034879,-1.337292239872918
8681,0,1,0,0,0,0,0,0,1,1,0,1,1,0,0,1,1,0,0,1,-0.3928371329440589,-1.1018474970551906,-0.39265387478510483
8682,1,0,0,0,0,0,0,1,1,0,0,0,1,0,0,2,2,1,0,2,-0.7652852434378206,0.8100984927289365,-0.9527723298603245
8683,1,1,1,0,0,2,0,0,1,1,1,1,1,1,0,1,0,1,1,1,0.6271198170216131,0.3554450573310298,0.6446742530893382
8684,0,0,0,0,0,0,0,0,2,0,1,1,0,0,0,1,2,0,0,1,-1.4126912531403064,-0.9263141482240775,0.6387317823365327
8685,1,1,1,0,1,1,0,0,1,0,0,2,0,1,1,1,1,0,1,0,-0.2337741376230294,-0.47106277628167514,-0.20885506736652026
8686,0,0,1,0,0,1,0,0,0,1,0,1,0,0,0,0,1,0,1,1,-0.49594678503016876,0.9125195722935996,-1.2560887382043593
8687,0,0,1,0,0,1,0,0,1,0,1,2,0,0,0,0,0,0,1,1,0.5387340152103531,-1.3920983658396637,0.49692469768704883
8688,0,0,0,0,0,0,1,1,1,0,1,0,1,0,0,2,1,0,1,2,1.0391961328580637,-0.42259240590707975,0.04311024203565422
8689,0,0,1,0,0,2,1,0,1,0,1,1,0,0,0,0,1,1,1,1,-1.789231663738571,-1.624517567581222,-0.8311909964516
8690,0,0,2,1,0,1,0,1,1,1,1,1,1,1,0,0,1,1,0,2,0.38946433164843197,0.8608488578868851,-0.9021004417386406
8691,0,0,2,0,0,2,0,0,0,0,0,0,0,0,0,1,0,0,1,2,1.0182375498175686,1.5319161088253495,1.4468564643838195
8692,1,0,1,0,0,2,0,1,1,1,0,1,1,0,1,1,1,1,0,1,-0.41547110793640707,-0.41307688380877833,-0.35522653056303344
8693,0,1,0,0,1,2,0,1,2,1,0,1,0,0,2,1,1,0,1,0,0.34092499337556786,2.073102558192299,-1.0368485353772356
8694,0,1,1,0,0,2,0,0,0,0,1,1,0,1,0,0,1,1,0,0,-1.5317710022167106,0.833390159852402,0.023782928691814018
8695,0,1,1,0,0,1,1,0,1,0,0,1,0,0,0,1,2,1,2,1,0.4943952867338208,-0.07364900571307767,-0.30997514680339205
8696,1,0,0,1,0,2,0,0,2,0,0,1,1,0,0,0,1,0,2,0,0.5621638149700952,-1.3401844170436714,0.5507821927664669
8697,0,0,1,0,0,1,0,0,1,0,0,0,0,0,1,1,1,0,1,0,0.18362022148919985,1.654101269686748,0.9877288534196845
8698,0,0,1,0,0,0,0,0,0,0,2,0,1,1,1,1,0,1,0,0,-1.507752015377115,0.2840575280152122,0.6361614728561871
8699,0,0,0,0,0,2,0,0,1,1,0,1,1,0,0,2,2,0,1,2,1.646262404151487,0.9529424073393892,1.008230505358973
8700,0,0,1,0,0,1,0,0,1,1,0,1,0,1,0,1,1,0,2,2,1.7702136682850125,-0.939939344421866,1.6439453769723678
8701,1,0,0,0,0,1,0,0,2,0,0,1,0,0,1,1,2,0,0,0,-0.44696516537342673,-1.2186039003248545,0.3147787042869745
8702,1,0,1,0,0,0,0,1,1,1,0,0,0,0,0,0,1,1,1,2,-0.1408320956804151,2.121207413473016,1.054593282672111
8703,1,0,0,0,0,1,0,1,1,1,0,0,1,0,1,0,0,0,0,0,0.2454957760936251,0.8388429208109971,-1.1991017822721002
8704,0,2,1,1,0,1,0,0,1,0,1,0,2,0,1,2,0,1,1,2,-1.9713239303476704,-0.49170921181224037,0.15636225717965246
8705,0,0,0,1,0,0,0,0,2,1,1,0,2,0,0,2,1,2,1,1,-2.753839820631651,-0.48523514139269847,-1.2157817017097972
8706,0,0,0,1,0,0,0,0,0,1,0,1,0,0,0,1,1,1,1,0,2.6534494484856004,2.0866959533939933,1.923078275765231
8707,0,2,1,0,0,0,0,0,1,0,1,0,0,0,1,1,1,0,0,1,-1.3746236606496283,-0.8426507773352228,0.7094576762962728
8708,0,2,0,1,0,2,0,0,1,0,2,1,0,1,0,1,1,0,2,0,1.188776639561503,0.04922343003054777,1.8228548545077587
8709,0,0,1,0,0,2,0,0,1,1,0,1,1,1,1,1,1,1,0,0,0.42115979227477,-0.4453145998434339,0.842915448100628
8710,0,1,1,1,0,0,0,0,1,0,1,1,2,1,0,1,1,1,1,2,-1.1622713520314523,0.2714759565678673,-1.7615465578421339
8711,1,1,1,0,0,1,0,0,1,0,1,0,1,0,0,0,2,1,0,1,1.1818655018524526,-0.5347509655400227,0.7465853938651379
8712,1,0,0,0,1,1,0,0,1,0,1,1,0,0,0,1,1,0,0,0,-0.27657881121469297,-0.6923797330612186,0.45056829262916764
8713,0,1,1,0,0,2,0,1,1,1,1,0,1,0,1,1,1,0,0,1,-0.27588638413845284,0.2793428419921979,2.2528320981433
8714,0,0,0,0,0,0,0,0,1,1,0,0,1,0,0,1,2,0,1,0,1.4844263927865136,0.6286518183511797,-0.5281513663964148
8715,0,0,1,0,0,1,0,1,2,0,0,0,1,0,0,0,1,1,0,0,0.08655111108383293,0.9508881939008555,0.49371425675082214
8716,1,0,0,0,0,0,1,0,2,0,1,1,1,0,0,1,1,1,0,1,0.5245502165144222,0.17598123808397362,0.6530714581495842
8717,0,1,0,0,1,2,0,1,1,1,1,1,1,0,0,0,0,2,1,1,0.3110503476562424,-2.200322540963964,1.045641175955722
8718,0,0,1,1,0,1,0,0,2,1,0,1,1,0,1,1,0,1,2,1,1.239635540999121,0.6147777500617513,2.7516250880963438
8719,0,0,0,0,0,1,1,0,0,0,1,1,1,1,1,2,1,1,1,1,0.24983752493517877,0.24674295531037935,0.5178705020791606
8720,0,1,2,0,0,2,0,0,2,1,1,0,0,1,0,0,1,0,1,1,1.1817059583610938,-0.5585871185518296,-0.21325800407674442
8721,1,1,0,0,0,0,0,0,1,0,0,1,1,1,1,1,0,1,1,1,0.12308556960184013,-0.18628791469119488,0.4901084911942674
8722,2,0,0,0,0,2,0,0,2,2,1,1,0,0,0,1,1,1,1,1,-0.6092965320413499,-1.310616372710347,1.845291419949115
8723,1,0,1,0,0,1,1,0,1,2,0,1,1,0,0,1,1,1,2,0,0.2745235828894674,-0.319873690986096,-0.8347846901257937
8724,1,1,1,0,0,1,0,0,2,0,1,1,0,0,0,0,1,1,1,0,-0.31829565853013553,-1.941584490695082,2.8226800550408457
8725,0,2,1,1,0,2,0,0,0,1,1,0,2,1,0,1,0,1,0,1,0.03340416111706211,1.123282358449351,2.1430890652217025
8726,0,2,1,0,0,2,2,0,1,0,1,1,1,0,0,0,0,0,1,2,-0.47968486609899724,-0.23815696076059129,-1.0755199550711705
8727,0,1,1,0,0,1,0,0,0,1,0,0,0,0,1,0,2,1,1,0,-0.9597322506140492,-1.8091908025336907,0.11207046502882403
8728,0,0,1,0,0,2,0,0,0,0,0,0,0,0,0,1,1,0,1,0,-0.15935446383888055,-0.2024895424271827,-0.6501092712065221
8729,0,0,0,0,0,0,0,1,1,1,0,1,2,2,0,1,1,0,0,1,-1.9471071545015004,0.2936908943484591,0.4287597822280928
8730,1,0,0,0,0,0,0,0,0,0,1,0,0,0,0,0,1,2,2,1,0.040024482928301526,-0.9196378504442584,0.6526922150935484
8731,0,0,0,0,0,1,1,1,2,1,1,1,1,0,0,0,1,1,1,2,2.713509691316372,1.2231761017851475,1.443025662835622
8732,0,0,2,0,0,2,0,0,2,1,0,1,0,0,1,1,0,0,0,0,0.8778835023431166,0.38350697139474293,-0.7975237276535705
8733,0,0,1,0,0,1,0,2,1,1,0,2,1,0,1,0,0,1,1,0,-0.9505734472169609,0.8731405614380163,1.9996007940378662
8734,0,2,0,0,0,1,0,1,0,0,1,0,0,1,0,0,1,1,1,1,-0.9317359296885539,0.5195365200119395,0.00533083821238077
8735,1,0,1,0,0,0,0,0,2,1,0,2,1,0,1,1,0,0,1,1,-1.3003278280844628,-0.628400477791905,-1.4106484631138572
8736,0,0,1,0,0,1,0,0,0,1,0,1,0,0,0,1,0,2,2,2,-0.7733643193108539,0.9820398291820296,0.12411500182350979
8737,0,1,1,0,0,1,0,0,1,0,1,1,1,0,0,1,0,1,1,1,-0.09797985572288029,-0.6132073998641376,0.04761331064613872
8738,0,0,1,0,0,1,0,0,1,2,0,0,0,0,0,0,0,0,1,0,-0.6816579140201721,0.17168085140893802,-0.5462198374972845
8739,0,1,1,1,0,2,1,0,0,1,2,0,0,0,1,0,1,1,1,1,-0.4428856912660416,0.05091911301475255,-1.096873990418602
8740,0,0,1,0,0,1,0,1,2,0,0,0,2,0,0,1,0,0,2,0,1.085943839185466,0.7311270875119963,0.6397197464995599
8741,0,0,0,1,0,1,0,0,2,1,0,0,1,0,0,0,1,1,1,1,0.16334461263770042,0.4366784128117384,0.35682074504941746
8742,0,1,0,1,0,0,0,0,1,1,0,0,0,0,0,1,1,0,0,0,0.311147446413223,0.6228411904113667,2.107179150613334
8743,0,0,1,0,0,0,0,0,2,1,2,0,0,0,1,0,0,0,2,0,0.6765650574741582,-0.8434713960675734,1.730672049470796
8744,0,0,1,0,0,1,0,0,1,1,0,1,1,0,0,1,1,1,0,1,-1.2051023850751188,-1.6306311682408363,-0.2934308058807585
8745,1,0,1,0,0,0,0,0,1,2,2,0,1,1,0,1,0,0,0,0,1.863750754177671,1.331006123696338,0.9127606022535697
8746,0,0,1,0,0,1,0,0,0,0,1,1,0,0,0,2,1,0,1,0,-0.865924070301352,0.1622633650136559,-1.5534441480721939
8747,0,1,0,0,1,2,0,0,1,1,1,1,1,0,1,1,0,0,0,0,-0.6696667687402668,0.04641477382784498,0.8489853864516139
8748,0,0,1,0,0,2,0,0,0,1,0,0,1,0,0,0,0,1,1,0,0.39925625654038716,0.2830706690154679,-0.6612047590674488
8749,0,0,0,0,1,0,0,0,1,1,1,1,2,0,0,1,0,0,2,1,-0.8343967332285626,0.29435154814528186,0.20858411385012707
8750,0,0,0,0,0,0,0,0,2,1,1,1,1,0,0,1,1,0,1,1,0.5783663710351664,-0.5517431386074221,0.11776475581224147
8751,1,1,1,0,0,1,0,0,1,0,1,1,0,0,0,2,1,0,0,1,0.48095931584775276,-0.48199419356795714,-0.40192072699998105
8752,1,2,0,0,0,2,0,0,1,0,0,1,1,1,0,1,1,1,1,1,0.23950164825304956,-1.0837572238905337,-0.4868206786598179
8753,0,0,0,1,0,1,0,0,0,1,1,0,0,0,0,0,1,1,1,0,0.24229070039768918,2.2508153108719937,-0.5297258182067179
8754,0,1,0,0,1,0,0,0,1,0,0,0,1,0,0,1,0,1,0,2,0.6924448877921097,0.6046836211549761,0.3549303425824665
8755,0,1,2,0,2,1,0,1,1,0,1,1,0,1,0,1,0,0,0,1,0.05911724964688538,-1.0490036092873951,-0.732348042005279
8756,1,0,0,1,0,2,0,1,1,0,0,1,1,1,0,0,0,1,2,0,-1.6358864565304265,-2.1609207033712337,0.03187694513331807
8757,1,1,1,0,1,1,0,0,1,0,0,0,0,0,1,2,0,0,1,1,-1.4488276703084804,1.753024348538787,0.4100828122649102
8758,0,1,0,0,0,2,0,0,1,1,0,2,1,1,1,2,0,2,0,0,0.4218369413925593,0.24257230107148428,0.47256848019286984
8759,1,2,0,0,0,2,0,0,2,0,0,1,1,1,0,1,0,0,2,0,0.3417520110525938,-0.30572753096247546,0.2938365428022621
8760,0,0,0,0,1,1,0,0,0,1,0,1,1,1,1,0,0,1,0,0,-0.5974631769087942,-1.5315590203430134,-0.4006093879275679
8761,0,1,1,0,0,2,0,0,1,0,0,0,1,0,0,2,0,2,1,0,0.707757031907978,0.09329374806002722,0.6136674533645039
8762,0,0,0,0,1,2,0,0,1,1,0,2,1,0,0,0,1,1,2,0,0.6057508626122302,0.00391853797516814,0.23696774946055083
8763,0,0,0,0,0,1,0,0,1,2,0,1,1,0,0,1,1,0,1,0,-0.529620296760289,-0.7957794210241723,0.5266914509176222
8764,0,1,0,1,1,1,0,0,2,2,0,0,0,1,1,1,1,0,2,0,1.848308560670748,-0.023823952973485385,0.013478553227224022
8765,0,1,2,0,0,1,0,1,0,0,0,0,2,0,0,0,1,0,1,1,-1.5729170736788343,-0.32425921913236055,1.0774710915055818
8766,0,1,1,0,0,1,0,0,1,0,0,0,2,0,1,1,2,1,0,0,-1.3924739914502775,-0.7835854066062524,1.4812899171619331
8767,1,0,1,0,0,1,1,1,2,0,0,0,1,2,1,0,1,0,2,1,-0.7676422459348112,-0.6637317468975474,-0.01058803920160746
8768,0,0,0,0,0,0,0,0,1,0,0,0,0,0,0,1,1,2,1,2,0.05161644527047132,0.07495561390659863,0.46352559193291565
8769,0,0,1,0,0,2,0,0,0,0,1,1,1,0,0,0,0,0,1,0,0.6116992109248967,0.622559131557084,-0.6137324621466856
8770,1,0,0,0,0,1,0,0,1,0,0,1,1,0,0,1,1,1,1,1,-0.37383410877190176,0.9794737626274381,1.31676612706684
8771,0,0,2,1,0,2,0,0,1,1,1,1,0,0,0,1,0,0,0,0,-0.9856014179391305,-0.4845468295111727,0.0014391500426437498
8772,0,1,1,0,0,0,0,1,2,2,0,1,0,0,0,1,1,1,1,0,0.46354472604337005,1.154709583717916,1.221736906457529
8773,0,0,1,0,0,0,0,1,1,1,0,1,0,0,0,1,1,1,0,1,1.3819441431846495,1.7343535568060064,1.2000658034168723
8774,0,0,0,0,0,1,0,0,2,1,1,0,1,1,0,1,0,0,1,0,-0.36279803998660765,-0.5644775403216844,-0.744692131213284
8775,1,1,0,0,0,2,1,0,0,1,1,1,0,1,0,1,2,0,0,0,0.3580132577063126,-0.039244281245042166,-0.1284564367602066
8776,0,0,0,0,1,1,0,0,1,1,0,1,1,0,0,0,1,0,2,1,-0.8457199079081622,0.3537092753615677,0.32122911241166163
8777,0,1,0,0,0,2,0,0,0,1,1,1,1,0,0,1,1,0,0,0,-0.18746941515947388,1.8984969932111788,2.2907315170120577
8778,0,1,0,0,0,2,0,0,0,0,1,1,1,2,1,1,0,1,2,0,0.9906113731980853,-0.9328753477843827,-1.2991828416780282
8779,0,0,1,0,0,2,1,0,2,0,0,2,0,0,0,1,1,2,0,0,-0.6586734924904463,-0.21010778898903032,0.34627954143899864
8780,0,0,1,0,0,0,0,0,0,0,1,1,0,0,0,2,2,0,0,2,0.21656063965984923,0.5186960255252963,0.8982331473497628
8781,0,1,0,0,0,2,0,1,1,0,0,1,0,1,0,1,0,1,0,0,0.9467988210032516,-0.015020708044038211,-0.09898011584076025
8782,0,1,0,0,1,1,0,0,1,0,0,1,1,0,0,1,1,0,1,0,-1.7873787041466926,-0.6629489949423062,0.7666348250479209
8783,0,1,1,0,0,0,1,0,2,0,1,0,0,0,0,1,1,0,0,1,0.45613552425146053,-0.057332971846694336,1.048169691818097
8784,1,0,1,0,0,1,1,0,1,1,1,1,1,1,0,2,2,0,2,0,1.1389486260974604,-0.7499068695646123,1.0212964698441835
8785,0,2,1,1,0,1,0,0,2,0,0,0,0,1,0,1,0,0,1,0,1.3070301373300628,0.21763630023755826,1.9147441162254712
8786,0,0,1,0,0,0,0,0,2,1,2,1,1,0,0,2,0,0,1,0,-1.6602209489262736,-1.6511875369158104,-2.0911235721120938
8787,0,0,0,0,0,0,1,0,2,0,1,1,1,0,0,1,1,0,1,0,2.202915480335226,-0.06994549199046152,1.2038122688114177
8788,0,1,0,0,0,1,0,0,1,1,1,1,1,1,0,2,0,0,2,0,-0.10193011965620062,0.6022117662542325,0.8851048459853251
8789,0,2,0,0,0,1,0,0,2,1,2,0,1,0,0,0,0,1,0,1,2.293180411822861,1.7726193029698827,1.9737675575678606
8790,0,0,1,0,0,0,0,0,1,0,0,0,0,0,0,1,0,1,0,0,-0.8598275137142529,0.2182598255784195,-1.0994652173677664
8791,0,0,1,0,0,1,0,0,2,1,0,0,0,0,0,1,1,1,1,1,-0.7381049383297714,-0.817080581012088,-1.0832478494390447
8792,0,0,1,0,1,0,0,0,1,0,1,0,1,0,0,2,0,2,1,0,-0.11473037981352051,-0.36260293605058064,-0.035438307688851645
8793,0,2,2,0,0,1,0,0,1,1,0,0,0,1,0,1,0,0,2,1,0.6454452110223675,1.1976228870359766,0.6873533404162786
8794,1,0,1,0,1,0,1,0,1,0,1,1,0,0,0,1,2,0,0,0,0.996607772330538,1.0892059661670763,-0.9350147114708448
8795,0,1,1,0,1,2,0,1,0,0,1,1,1,0,1,0,1,0,2,0,-0.07881558043825874,-0.5837322045338359,0.49923957374918354
8796,1,0,0,0,0,2,2,1,0,0,0,0,0,1,1,1,0,0,1,0,0.20365010494965158,-0.489408680757423,1.0975725567466788
8797,1,1,0,0,1,1,0,0,0,0,2,1,0,0,0,2,0,0,2,1,-0.3766377824113274,0.8567890177145288,-0.9166152129968244
8798,0,0,2,0,0,0,1,1,0,2,0,0,0,0,0,0,2,0,2,1,0.6646637476516497,-1.8497427189821936,-0.10704335399698761
8799,0,0,0,0,1,0,0,0,2,1,1,1,1,0,2,1,0,0,1,0,-1.1128960949083095,-1.2753611144340886,-0.6251484364747196
8800,0,1,0,0,1,1,0,0,1,0,0,0,0,0,1,0,0,0,0,0,-1.4911399146103061,-0.3473953823467335,-0.3826101635141106
8801,0,1,1,0,0,1,0,1,2,0,0,1,0,1,1,0,1,0,1,0,1.0718478430942422,0.9472373757830838,0.5717702150415276
8802,0,0,1,0,0,0,1,0,1,0,1,0,1,1,1,1,2,2,2,0,0.4298542113133253,0.12575690155575045,0.9598645154927232
8803,0,1,0,0,1,0,0,0,0,0,0,0,0,0,0,1,1,0,1,1,1.0063251081777116,0.4912247574857808,0.523002169165929
8804,0,0,1,0,0,2,0,0,2,0,0,1,1,0,0,0,0,1,0,0,-0.029824332390437254,0.09544714063399776,0.8457344027378557
8805,0,0,1,0,0,0,0,0,0,0,2,1,1,0,1,0,1,0,0,0,-0.39868512589300015,-0.9045578919905821,1.3222670104913987
8806,0,0,0,0,0,0,0,0,1,2,1,1,1,0,1,1,0,0,1,2,-0.9783649941451915,-0.7382999824470444,-1.2445912900564973
8807,0,0,0,0,0,1,1,1,0,1,0,0,1,1,0,1,0,0,0,1,0.5270982813385086,0.030035463104584825,0.4403709591892253
8808,0,0,0,1,0,1,0,0,0,1,1,0,1,0,0,0,0,1,0,2,0.822635481830889,1.026481532853274,1.0585676161941315
8809,0,1,2,0,0,2,0,0,0,1,0,1,0,1,0,0,1,0,1,1,0.6727477328898206,-0.5970670903393227,-0.7491806974427944
8810,0,0,1,0,0,0,0,0,0,0,1,0,1,0,0,1,1,0,2,0,0.30644519369649287,0.5514052512484997,-0.777190557422348
8811,0,1,0,0,0,0,0,0,1,0,0,0,1,1,1,1,1,0,0,1,-0.07520171671044337,-0.1387345711579158,0.19600562791679535
8812,0,1,1,0,0,0,0,1,1,1,1,0,1,0,1,1,0,0,1,1,-0.28283995495778425,-0.41253868891095674,-0.5911643703904048
8813,0,1,1,0,1,1,1,0,0,0,1,0,1,0,1,2,1,0,1,0,-0.6035098499836097,-2.1729318479912836,0.3118366495912456
8814,0,1,1,0,0,2,0,0,1,0,1,0,1,1,1,2,1,0,0,0,-0.5467641371911026,0.4551499554179847,1.8741314550781139
8815,0,1,2,0,0,2,0,1,0,1,0,0,0,0,0,1,1,1,2,1,0.5743659556596885,-0.3618938974074226,-0.8936625659147017
8816,0,0,1,0,0,1,0,1,0,0,1,0,2,0,0,1,1,0,1,0,0.5037197339893709,-0.20238550091987623,1.1670092029711319
8817,0,1,1,0,0,0,0,0,1,0,1,0,1,1,0,1,0,0,1,2,1.7882089456342793,1.4986102189166624,1.1360240737341154
8818,0,1,0,1,0,2,0,0,1,1,0,1,1,0,1,1,1,1,1,1,-0.2643491812074773,1.167136216197773,0.9235239567670341
8819,0,1,1,0,0,1,0,0,1,0,0,0,1,0,0,2,0,0,1,0,0.9618939714264755,0.7464586945375229,-0.29974079477614785
8820,0,2,1,0,0,0,0,0,2,2,0,0,0,0,0,0,1,1,1,1,-0.15236050868698225,0.40317411209046705,-2.0003836086382716
8821,0,1,0,0,0,2,0,1,1,0,0,0,1,0,0,1,1,0,1,1,0.25978202326560224,1.344840651523383,1.0935162685427513
8822,0,1,0,1,2,1,0,0,0,0,0,1,0,0,0,1,1,0,1,1,0.9433569600267285,1.487022878509203,0.04746339367677149
8823,0,0,2,0,1,1,0,0,2,2,0,0,2,0,0,0,1,1,0,1,-1.924496365847643,-0.4180106892562019,-0.8199980677589906
8824,0,0,0,0,0,1,0,0,0,0,0,0,0,1,0,0,1,1,1,0,-0.6647226358943092,1.5919184007454068,1.1526749219299128
8825,0,0,1,0,0,1,0,0,1,2,0,1,2,0,0,2,1,1,1,0,-2.4884201012432885,-0.10736113075464637,-0.30390211077745777
8826,0,0,1,0,1,1,1,0,1,1,1,0,0,0,0,0,0,1,2,1,-1.7595075865828849,0.3727700955352983,0.7969487517261422
8827,0,0,0,0,0,1,0,0,1,1,1,0,0,0,0,2,2,1,1,0,1.0238844914589298,1.9523047151819033,1.4292798114552654
8828,0,0,1,0,0,0,0,0,1,0,1,1,1,0,0,1,1,1,0,1,-0.1824349772478978,-0.6150387586678404,2.449490992824295
8829,1,0,1,0,1,0,0,0,1,0,0,0,0,0,0,1,1,1,1,0,-0.958055700726754,-0.3346231723410649,-0.1243785994720905
8830,0,0,0,0,0,1,0,0,2,0,0,1,0,0,0,0,1,0,0,2,0.14192792628374223,0.26131949958868145,-2.5643357278676864
8831,0,0,0,0,2,1,0,1,2,0,0,1,1,0,0,1,1,1,1,0,0.9960346590412201,0.022542945398316583,-1.3627698379260513
8832,0,0,0,0,0,1,0,0,2,0,1,1,0,1,1,2,1,0,1,1,-0.9114856821382811,0.6477319412783258,1.3204546158170682
8833,0,2,0,0,0,2,0,0,0,1,0,1,1,0,0,2,1,1,1,2,-1.997355200872976,0.6083291153071478,1.6089374800828722
8834,0,2,0,0,1,1,0,1,1,1,0,0,1,1,0,2,0,1,1,1,1.7209303182019084,0.3274065037026431,-0.10093133996793485
8835,0,0,1,0,0,2,0,0,0,1,1,0,1,1,0,2,0,0,1,1,1.1644544842170372,-0.5960559156225465,-0.17306880249580905
8836,0,1,1,0,0,1,0,0,1,1,0,1,2,1,0,0,0,0,1,0,0.40335733006794955,-0.8459019017593133,-0.7650877966764352
8837,0,0,0,0,0,1,0,0,2,1,0,0,0,0,1,1,2,1,1,0,1.0250009087868561,1.6022107345137258,-0.571248722978347
8838,1,0,1,1,0,1,0,0,1,0,0,0,1,0,1,1,1,0,1,1,-1.5617263408154023,0.40329247317112926,-0.45948705390285205
8839,0,1,1,0,0,0,0,0,1,1,1,0,1,1,0,1,0,1,2,1,-1.350814720706318,-0.32568921274555684,-1.0793726066806597
8840,0,1,1,0,0,0,0,0,2,1,0,0,1,0,1,0,0,1,1,0,0.6616074374959425,-0.15157857201705027,-1.4838551273806322
8841,0,0,0,0,2,1,0,0,0,0,1,1,1,0,1,2,0,0,0,1,-0.8858848936955183,-0.8154804589148573,0.66437877958892
8842,0,1,0,1,0,2,0,1,0,0,0,0,0,0,0,1,1,1,1,2,2.118984821076117,1.8329346086657177,-0.7246107233201597
8843,0,1,0,0,1,0,0,0,1,1,0,1,1,1,1,1,1,0,0,0,-0.09794843793747676,0.3452978194851053,0.5769088295421477
8844,0,0,1,0,1,0,0,1,0,0,0,0,1,0,0,1,0,1,2,1,3.5807398567828983,3.161000376549355,0.5385796409786268
8845,0,0,0,0,0,1,0,0,2,0,1,0,1,0,0,1,0,1,0,0,-2.311567588434112,-2.380991631000553,-0.6315082599017352
8846,0,0,0,0,0,1,0,1,0,2,0,0,2,0,0,2,1,2,1,0,0.7411306785095171,0.42641985360409546,1.4910201921275124
8847,0,2,1,0,0,1,0,0,0,1,1,2,0,0,0,0,0,1,1,1,0.00375643212402234,-0.6643793443316461,-0.64542168369275
8848,0,0,1,0,1,2,0,0,1,0,0,0,1,0,1,2,0,1,2,0,-0.38906075793243067,0.8720088150933719,0.7060867344811695
8849,0,1,0,0,0,0,0,0,1,0,1,1,0,0,0,1,1,1,2,1,-0.6822312597392933,-1.12134827385993,-0.8191266678866018
8850,0,1,0,0,0,2,0,1,2,1,0,0,1,0,0,0,0,0,1,1,0.7943493040897583,-0.8988477499037868,-1.130131163230209
8851,0,1,1,0,0,1,1,0,2,1,0,0,0,2,0,0,1,0,1,0,1.219492590809802,1.5705837948750618,1.4630984356630017
8852,0,0,1,1,0,1,0,0,1,0,1,0,1,1,0,1,0,2,1,0,0.6593158023230064,0.5851443844336143,-0.8208170648955597
8853,0,0,1,0,1,1,0,0,1,1,1,0,0,0,0,0,0,0,2,1,0.0569469499399952,0.10364206138552592,1.294353818361093
8854,0,0,0,0,0,1,0,0,1,0,0,0,0,0,1,1,0,0,1,1,1.475070756524973,0.6064571883207985,-0.518306124384889
8855,0,1,1,0,1,1,0,0,1,1,1,1,0,0,1,2,1,1,1,1,-0.7177900875028558,0.378715480505027,1.3645987561668582
8856,0,1,0,0,1,2,1,0,1,0,2,1,0,0,0,2,1,0,1,1,0.8445047682621103,1.4014795553044237,1.7126386970541545
8857,0,1,2,0,0,1,0,1,1,1,0,0,1,1,0,0,1,0,0,1,0.7815448706148915,0.27093130519152986,-0.08326463688135766
8858,0,1,0,0,1,0,0,0,0,1,1,0,1,0,1,1,1,0,0,0,0.5506285910323907,0.5205808061900848,-2.112174715883299
8859,0,1,1,0,1,0,0,0,1,1,0,1,1,1,0,1,1,0,2,0,-0.6341463884817388,-0.9570129910585659,-0.050005569877247635
8860,0,0,0,0,0,1,0,0,1,1,2,1,1,1,1,0,0,1,1,0,-1.9678254509460171,0.6479564053145941,0.10680765442015211
8861,0,1,0,0,1,0,0,0,1,1,0,1,1,0,0,1,1,0,1,0,0.33205829818803967,0.0857991212452593,-0.7483770175349099
8862,1,2,0,1,0,2,0,1,0,2,1,2,2,0,0,0,1,1,1,1,-1.2723044030147326,-1.4859195040119946,0.5878511282658043
8863,0,1,1,1,0,1,0,0,2,0,0,0,1,1,0,2,1,2,2,2,-0.6626515474479877,1.1730499282318891,-1.532256093854441
8864,0,1,0,1,0,2,0,0,1,0,0,0,0,0,0,1,0,1,1,2,0.5944226674102198,1.0506610523183655,-0.8539136003462606
8865,0,0,0,0,0,0,0,0,1,0,0,2,0,0,0,2,0,0,2,0,-1.5910966088162526,-0.7062113947628171,-1.8646834444856375
8866,1,1,0,0,0,2,0,0,0,1,0,1,1,0,0,0,0,0,0,1,1.6337430288280805,1.988282766119751,0.3778203302102698
8867,0,0,1,0,0,0,1,0,1,0,0,1,2,0,1,1,0,0,0,1,-0.04288369074962936,-0.31697971412904163,0.18056787399784693
8868,0,0,1,0,1,1,0,0,0,2,0,1,1,0,0,1,1,1,0,1,-0.1738861870907641,0.07013504446994107,-0.7656188616504214
8869,0,0,0,0,0,2,0,0,1,1,2,0,0,1,0,0,1,0,2,2,0.6794005786359396,1.4417923273273567,0.0474908028626474
8870,0,0,1,0,0,2,0,0,2,2,1,1,0,0,0,1,0,0,0,0,0.09601110032424244,-1.3715543052601218,0.511080252756124
8871,1,0,1,0,0,2,0,0,1,0,0,0,1,0,0,0,0,2,0,0,0.608285192225673,-0.6932372480732665,0.5067550842644666
8872,0,1,2,0,0,2,0,0,0,1,0,1,0,0,0,1,1,1,1,1,1.2205254750550476,1.2042795754087385,-0.3532146508187243
8873,0,1,0,0,1,0,0,1,1,0,0,0,1,0,0,1,0,0,1,1,0.21688109708047099,0.5472146092550573,-0.6159186953325937
8874,1,0,1,1,0,1,0,1,1,1,0,1,0,2,0,2,1,0,0,0,-0.20631398046204458,-1.0726533145833508,1.9722634424152914
8875,1,0,0,0,1,0,0,1,1,0,1,1,1,1,0,0,0,1,1,0,0.12025459765607896,0.08263976594147965,-0.3218014724804321
8876,0,1,2,1,0,1,0,0,2,2,0,1,1,0,0,0,0,0,0,1,0.533310955849742,0.028606722113452165,0.050222991275161166
8877,0,0,1,0,0,1,0,1,1,1,0,1,1,0,1,2,1,1,0,0,-0.6954254443695665,0.21778564699971253,1.2061479342700452
8878,0,1,1,0,0,1,1,0,1,1,1,0,1,0,1,2,1,0,1,2,-0.4214800001422545,-0.6219027294572497,-0.30804839065841205
8879,0,0,2,0,0,1,0,2,2,1,0,0,0,0,0,1,0,0,0,0,1.7625799638566282,0.9285485598346248,1.6886085962030688
8880,1,0,1,0,0,1,0,0,2,1,1,1,1,1,1,0,1,1,0,1,1.6043715751782883,1.6653580970815391,0.8034884988477562
8881,0,1,1,0,0,0,1,0,2,1,0,0,1,0,0,0,0,1,1,0,-1.5855171984238714,-3.248354933391045,-0.13436667242293665
8882,0,0,2,0,0,0,0,0,0,1,1,0,0,0,0,2,0,0,0,1,0.4600742034864934,1.3906156468348343,0.04108956077088388
8883,0,0,1,0,0,2,0,0,2,1,0,0,0,1,0,1,0,1,0,0,0.12411467971585712,-0.44326246173206324,-1.5294153575907474
8884,0,0,1,0,0,1,0,0,0,1,1,0,1,0,0,2,2,0,0,1,0.578123367083704,0.5753955349227522,0.3455552660121395
8885,0,0,1,0,0,0,1,0,0,1,0,0,1,0,0,0,0,1,0,1,-1.865347058265756,-1.5742803044557574,-0.9823586130432795
8886,0,1,1,0,0,2,0,1,1,0,0,1,2,1,0,1,1,1,0,1,-0.13936300320273157,-0.7575418238190411,0.6517490919140297
8887,1,0,0,0,0,0,0,0,1,2,0,0,0,0,0,1,1,2,1,1,0.27199146537678165,-0.17793005275395157,-0.6970440999956311
8888,0,0,0,1,0,0,0,0,1,0,2,1,2,0,0,1,0,1,2,2,-1.0875475727894606,-1.6227977203352988,-1.074899276067217
8889,1,2,1,1,0,1,0,1,1,0,0,0,1,1,0,1,0,0,0,1,1.7427626980546058,0.19470164391097333,0.7901056968451127
8890,0,0,1,0,0,1,0,0,0,0,0,0,0,1,0,1,0,1,0,1,-0.38020910772393324,-0.5142025049110257,1.5903004029443766
8891,0,0,0,0,0,1,1,0,0,0,0,2,1,0,0,1,2,0,0,0,-1.0706065512637921,-2.2276076392879416,2.656493658670179
8892,0,1,0,0,1,1,0,0,1,1,1,0,0,0,0,1,0,1,0,2,0.99016000583762,0.741664447919751,0.9207087293358115
8893,0,1,0,0,0,1,0,0,1,0,0,1,0,0,1,1,1,0,1,0,1.0937284324547822,-0.5430093806435887,-0.5543642301693663
8894,0,1,1,0,1,0,0,0,0,0,0,1,1,0,0,0,1,0,1,1,-1.0575226424806352,-1.454703354027545,0.21344958816229992
8895,0,2,0,0,0,0,0,0,0,1,2,1,2,0,0,0,0,1,1,1,-0.028106255633201193,-0.46373618857997,-1.5405893901975767
8896,0,0,0,0,0,1,0,0,0,0,0,2,0,0,0,1,0,0,1,1,-0.17080274790416952,0.3451880279444721,0.8092560546908262
8897,1,0,2,0,0,0,0,0,1,0,2,1,1,0,0,0,0,0,2,1,-0.36155455741823966,0.35832995592861205,1.2839145310321651
8898,0,1,0,0,0,1,0,1,0,0,1,1,0,1,0,1,2,1,1,1,-0.9868061685597117,0.31489549562869845,-1.1272685849134745
8899,1,1,0,0,1,1,0,0,0,0,0,0,1,0,0,2,0,1,1,1,1.184996120054167,1.5262858466713216,0.6873073383025823
8900,1,0,1,0,0,0,0,0,1,0,0,0,2,0,1,1,0,0,0,2,1.0954136880988616,-0.712415776476697,-0.0013690398097595813
8901,0,0,0,0,1,1,0,0,1,0,0,0,0,0,0,2,1,0,1,1,0.12034570001084317,-0.25900609776380806,1.1943207658479382
8902,0,0,0,0,0,0,2,0,1,1,0,1,1,0,1,1,1,0,0,1,-1.8613093658765802,-2.52708540235629,0.9790665288377827
8903,1,0,0,1,0,0,0,1,0,0,0,0,0,0,1,0,2,1,1,0,1.183886927105105,0.46662950122659036,-0.21940383759900106
8904,0,0,1,0,1,0,0,0,1,1,0,0,0,0,0,0,0,0,1,0,-0.3095441974444146,-0.557312627557839,-0.49412401499291364
8905,0,1,0,0,0,1,0,1,1,1,1,0,1,1,1,1,1,0,2,1,1.0828543109016808,-0.31026366710972864,-1.5416702102219217
8906,0,1,2,0,0,1,1,0,2,0,0,0,1,1,0,0,1,0,1,0,2.3752399018387926,1.143798136794039,0.8552009136014423
8907,0,0,1,0,0,1,0,0,1,1,0,0,1,1,0,1,1,0,1,1,-0.8838278803946121,0.1334051116107194,-0.4846552000772176
8908,0,1,1,0,0,2,0,0,0,2,1,0,1,0,0,1,1,0,0,0,0.1334406205318527,0.1179626910167226,1.9015546750096075
8909,0,0,2,1,1,0,0,1,0,1,0,0,0,0,0,2,1,0,1,1,-0.4717778536895507,0.2637920805807243,-1.3581786775977214
8910,1,1,0,0,0,0,0,0,0,0,0,0,1,1,0,1,0,0,0,0,-2.049877043348712,-0.4540559571437245,-0.16966963638851784
8911,0,1,1,0,0,1,0,1,1,1,0,0,2,0,0,0,1,1,1,0,0.2303750719311545,0.27592226417507887,-0.13511564902101433
8912,0,0,1,0,0,1,0,0,1,1,0,1,1,0,0,0,2,1,0,1,-0.9597790000853355,-1.4863955188298443,0.34402175883456354
8913,0,0,1,0,0,0,0,0,2,0,0,1,0,0,0,2,0,0,1,1,-0.4848047376273929,0.2543245783738295,-0.49478409378971383
8914,0,0,1,0,0,0,0,1,1,1,0,0,0,1,0,0,0,0,2,2,0.9899021853533604,0.9661010301668632,0.08576971433683486
8915,1,1,0,0,0,0,0,1,1,1,0,1,0,0,0,0,1,0,2,0,0.5104704771700764,0.817281290534616,1.738011603919693
8916,0,0,1,0,0,0,1,0,1,1,1,0,2,0,0,0,1,1,0,1,0.8084665831815534,-0.05215928782318326,0.20073303577823154
8917,0,1,0,1,0,0,1,0,1,0,1,1,2,0,0,2,1,2,1,0,0.6072718695422976,-0.12827039777771274,-0.5184103167983866
8918,0,0,1,0,0,0,0,0,1,1,1,1,1,1,0,2,0,0,0,0,-0.625464572111688,-0.40513939645651537,1.4819854069522893
8919,0,0,1,2,0,1,0,1,1,1,1,0,1,0,0,2,2,1,1,2,0.05997597454200347,-0.5368907652037476,1.4875630975901992
8920,0,0,2,0,0,1,0,1,2,2,1,0,0,0,0,2,0,0,2,0,0.8025963007439442,-0.0812301173803347,-1.1699800936487232
8921,0,0,1,1,0,1,0,0,2,0,0,1,0,0,2,0,1,1,0,1,0.13857719152868594,-0.11608550693364106,-0.13366122399566338
8922,1,2,0,0,1,0,1,1,1,1,1,1,1,0,0,1,1,1,1,0,0.019767954383031954,0.026185273274828225,-1.226005449265499
8923,0,0,0,0,0,0,1,1,1,1,0,0,0,1,0,0,1,1,2,0,-1.0647162432520623,-1.873986066801538,1.4598961376252464
8924,0,2,1,0,0,1,0,0,2,2,0,1,1,0,0,0,2,0,1,0,0.06722566789212284,-0.059741030770386394,-0.16197120143631938
8925,0,1,0,0,0,1,0,0,1,0,0,2,0,0,0,1,1,1,0,2,-0.6377635992649622,1.356612684482732,-0.6561628711098795
8926,0,1,1,0,1,2,0,1,1,0,2,0,0,1,0,1,1,1,0,1,-1.3524923942959333,0.4841205834828599,0.6772669184340853
8927,0,1,1,0,0,0,1,0,0,2,0,1,0,0,0,2,0,0,1,2,-0.5774947525975831,0.284589390682431,0.27966988386736724
8928,0,0,0,0,0,1,0,1,1,0,1,0,0,0,1,0,1,0,0,2,-1.374287564265154,-1.44406802034892,-0.6335504519433455
8929,1,0,0,0,0,1,0,0,0,0,0,1,0,0,1,1,1,1,0,0,-1.009709971122139,-1.7543033366360232,0.3691628772980712
8930,0,0,2,0,0,1,0,0,2,1,0,1,1,0,0,0,1,1,1,0,0.8555509627625129,-0.8381460368220885,-0.12716423185110365
8931,1,0,0,0,0,1,0,1,0,0,0,1,1,1,0,0,0,0,0,0,-0.6908558553645999,-0.44259059981614396,2.411329099421386
8932,0,1,2,0,1,0,0,0,1,0,1,0,0,0,0,1,1,0,2,1,-1.0377482427560643,-0.5403797843867058,0.2868740328388203
8933,0,1,0,0,0,0,1,0,1,0,1,0,1,0,0,1,1,0,0,0,-0.3675470609279176,-1.3493475721367916,0.7089414242062366
8934,1,0,0,0,1,0,0,0,1,0,1,1,0,2,0,2,1,1,1,0,-0.20005482972856894,-0.7058948540504981,0.46827778020633115
8935,1,0,0,0,0,1,1,0,0,0,0,0,0,0,0,1,2,2,0,0,-0.9824676920867675,1.5967846486313444,0.25240614171776155
8936,0,0,0,0,2,2,0,0,1,1,0,2,0,0,0,1,0,0,0,0,-1.1657233688875597,0.17636353407277888,-0.6156846197063061
8937,0,1,0,0,0,0,0,1,0,0,0,0,0,0,0,1,0,1,1,1,0.9820412758217046,-0.039737143395360774,0.3340765651626534
8938,0,1,1,0,1,0,1,1,1,1,0,0,0,0,0,1,1,0,1,0,0.2819090017423153,-0.6441262548205547,0.25588390495667657
8939,0,1,0,0,0,1,0,0,1,0,0,2,0,0,0,1,1,0,2,1,-0.4664721486591485,0.0372189729644703,-0.36066804622421084
8940,0,0,0,0,0,1,1,0,1,0,0,0,0,0,1,0,1,0,1,2,-0.041985627754361404,1.4981484493004658,0.6813209173717427
8941,0,0,0,0,0,1,0,0,1,2,2,1,1,0,0,0,0,2,1,2,-1.8349617227316295,0.04928402071191573,-1.1068621911686884
8942,0,1,1,1,0,1,0,0,0,0,0,1,1,1,0,0,1,2,1,0,0.06720761194447394,0.22515955639199542,-0.5833739448518974
8943,0,0,0,0,0,0,0,0,1,0,1,0,2,0,0,2,1,1,2,1,1.0193790016936939,1.0027378380312653,0.19501169380149613
8944,0,2,1,0,0,1,0,0,2,1,2,0,1,0,0,1,1,0,0,0,-0.13830170716644902,-1.9001423749945259,0.6410185881869396
8945,1,1,0,0,0,1,0,0,1,0,1,0,2,0,0,0,1,1,1,1,-1.2367856776229915,-0.1823413355648501,-0.2016861408206659
8946,0,0,2,0,1,2,0,0,1,0,0,2,2,0,0,1,1,0,1,0,-0.7785343889279146,-0.4511848459897145,-0.5739207525735367
8947,0,2,0,0,0,0,0,0,2,0,0,0,1,0,0,0,2,0,1,0,0.37239314120762096,-0.8387453432488481,0.6761273624892499
8948,0,1,2,0,0,0,0,0,1,0,0,0,1,1,0,0,1,0,2,2,-1.2925425159015302,-0.8640153883557092,0.5721404610040931
8949,0,2,1,0,0,1,0,0,2,1,0,0,0,0,1,0,1,2,0,0,1.3121197520375436,1.7687054255944001,1.5395690346624749
8950,1,0,1,0,0,0,0,0,2,0,0,2,0,1,1,1,2,1,1,0,-0.04917437431377083,0.8062571195387136,1.092038960108113
8951,0,0,2,0,0,1,0,1,1,1,0,1,0,0,0,2,1,1,0,0,0.7798191389754547,1.5988235398632793,1.8356618515899699
8952,0,1,2,0,0,1,0,0,2,0,0,0,0,0,0,0,1,2,2,1,-0.24678588536123602,0.014055276807410033,-1.1354641437506396
8953,0,1,2,0,1,1,0,1,1,0,2,1,2,0,0,1,1,0,1,1,-2.491376900953161,0.7554813164217369,-0.4867829989633523
8954,0,0,1,0,0,0,0,0,1,0,0,1,1,0,0,0,1,0,0,1,1.0962891425247232,1.2955656980946848,-0.8033119526641566
8955,0,0,0,0,1,1,0,0,0,1,0,1,2,0,0,1,0,0,1,1,-1.8509286329181336,-0.841974499948984,-0.6396599568912085
8956,0,1,1,0,0,2,0,0,2,0,0,1,0,0,1,2,1,0,1,0,0.7479467243846919,1.2546882507465174,1.286108896293645
8957,0,1,1,0,0,1,0,0,2,1,1,0,1,0,0,1,0,0,1,0,2.040114701955599,0.3125475212552693,1.0808426175679826
8958,0,0,0,1,0,1,0,0,1,0,0,0,0,0,1,0,0,1,2,0,-0.029491834110369698,-1.7839280346284454,0.46585910892058174
8959,0,2,0,0,0,1,0,0,0,1,0,0,1,1,0,1,0,0,0,1,-1.731880012880653,-0.9782277061342968,2.9988854176304285
8960,1,0,1,0,0,1,1,0,0,0,2,0,0,0,0,1,0,0,1,1,-1.0386326313062562,-0.39191004534929685,-0.07894723792302882
8961,0,1,0,0,0,0,0,0,1,1,0,1,0,1,0,0,1,1,0,0,-0.47289919946178965,-1.0739562478032094,-1.1649263528354543
8962,0,2,0,0,0,1,0,0,0,0,1,1,1,0,0,2,1,1,1,0,1.0653641740559772,-1.3788528614614353,-0.46336315060320554
8963,0,0,1,0,0,1,0,0,0,0,0,0,1,0,0,2,0,1,0,1,-0.3582441537649895,0.6228663437467998,1.9028950010457053
8964,0,0,1,0,0,0,0,0,0,0,0,0,2,0,0,1,1,1,0,0,-0.25219688863786394,1.4183089970564269,-0.1465439905167385
8965,0,0,1,0,1,1,0,0,0,1,0,0,1,1,0,0,0,1,1,0,0.8751706827511958,0.7990053521268579,0.41521001270540897
8966,0,0,0,0,0,1,0,1,2,1,0,1,2,1,0,0,0,1,1,0,1.5594926578790533,0.5979930522458676,1.1136569489077504
8967,0,1,0,0,0,1,0,0,1,0,0,0,0,1,1,0,1,0,0,1,-2.1423603945322047,-0.19225375027030212,0.8430494344205977
8968,0,1,0,0,0,1,0,0,1,0,0,1,1,0,1,2,0,0,1,0,-1.579794276744449,0.7353573382199052,-0.47868253679632555
8969,0,0,1,0,0,1,0,0,2,0,0,0,0,0,0,0,0,0,0,0,-0.48657971670243233,-0.7859018638136999,0.2893969155129986
8970,1,0,0,0,0,0,0,0,2,1,0,1,0,0,0,0,1,1,0,0,-0.12380508072674948,0.139748933487636,0.22868290069167468
8971,0,1,0,0,0,1,1,0,1,1,0,0,1,0,0,0,0,1,1,1,0.14069281648607163,-0.3714752439267972,-0.38864361546873627
8972,2,1,1,1,0,2,0,0,0,0,0,0,0,0,0,1,1,1,1,1,1.035377934117163,-0.24683201687419498,1.054072221974518
8973,0,0,0,0,0,2,0,0,0,0,0,0,1,1,1,0,0,1,0,1,-1.9114322749744301,0.07526875078230622,-2.387185969012814
8974,0,1,2,0,1,0,1,0,0,0,1,0,0,0,0,0,1,0,0,1,0.12271784236557685,-0.7609404702900507,0.8706918854237818
8975,1,1,1,0,0,2,0,1,1,1,0,0,1,0,0,2,0,0,1,0,-0.33620415385541613,0.4761141354035469,-0.5111984918034643
8976,0,0,0,0,0,1,0,0,2,1,1,1,1,0,1,0,0,0,1,0,0.24889040664549955,-2.402982988291837,-1.6292411348786733
8977,0,0,0,0,0,1,0,0,0,1,0,1,0,0,2,0,1,0,1,0,-1.5723168830507277,-0.2506634436206809,-1.9055339968539275
8978,0,2,0,0,0,2,1,0,0,1,0,2,2,0,0,1,1,0,1,0,-1.7252159495338126,-0.48561393127317015,-1.0307031008038818
8979,1,2,2,0,0,1,0,0,2,1,0,1,1,1,0,2,1,1,1,0,-0.6792758621707894,-0.4413737971124827,0.3778478295464579
8980,0,0,1,0,1,2,0,0,0,1,0,0,0,0,0,1,1,1,2,0,0.24200936112682817,1.8196361944795862,-0.41438172997844247
8981,0,1,0,0,0,1,0,0,1,1,1,0,1,0,0,0,2,1,0,1,-1.5879977253608184,-2.038202381645304,0.015759577817228143
8982,0,1,1,0,0,0,0,0,1,1,1,0,1,0,0,0,0,0,1,2,0.2529694953322909,0.012302969376909598,-0.0852508066027273
8983,0,1,1,0,0,1,0,1,2,2,1,1,1,0,1,1,2,1,1,0,0.15425206191315505,-2.0556216573425994,2.153611208179812
8984,1,0,0,0,0,1,0,0,1,0,0,0,0,1,0,0,1,1,0,0,0.695507202503139,1.6622910450883064,1.5080861658768425
8985,0,1,1,0,0,1,1,0,0,1,0,1,1,1,0,0,1,0,1,1,0.5795083593380277,-1.061059522557456,0.966803454736781
8986,0,1,0,1,0,1,0,0,2,0,0,1,1,0,0,2,0,0,1,1,0.4689468248571109,1.4109191459521906,0.03251229342715217
8987,0,1,0,0,0,1,0,0,1,1,0,0,0,0,0,0,0,2,1,2,1.3708811530972627,1.3517542274224263,-0.22202181576656832
8988,0,0,0,0,1,1,0,0,0,0,0,0,0,1,1,0,1,1,2,0,-0.6606289014511479,-0.8486472406360355,1.0023221538863627
8989,1,0,0,0,1,1,0,1,1,0,0,0,0,1,1,0,0,0,1,0,0.9698255732319233,1.2930944293483284,-0.8061311777784129
8990,0,0,0,0,0,0,0,1,2,0,0,0,0,0,0,1,0,1,2,1,0.6344798872338011,-0.3611484551708595,-0.4007785428335442
8991,0,1,1,0,0,1,0,0,0,0,0,0,0,0,0,2,1,0,2,2,-1.6370755781022068,-1.0376864241386712,-0.6760514664794338
8992,0,1,1,0,1,1,0,1,2,2,0,0,2,1,1,1,1,1,0,1,-0.6751253062621732,-0.24332954900953943,-0.8366977903851408
8993,1,1,0,0,0,1,0,0,1,1,0,0,0,0,1,1,1,2,1,1,-1.2314682620099826,1.0290450892227767,-0.2980211272753381
8994,0,0,0,0,0,1,0,0,0,0,1,1,0,1,0,2,0,0,2,2,-0.3442211095424565,-1.0716645556478825,0.4708723931700569
8995,0,1,1,0,0,0,0,0,0,1,0,0,2,0,0,0,1,1,1,0,-0.03662223081745498,-0.5609717819673835,1.4716665836054073
8996,0,1,0,0,0,2,1,0,1,2,0,1,0,1,1,1,1,0,2,0,-0.3174370226443409,0.878126378063504,1.092134480741407
8997,0,0,1,0,1,2,0,0,2,2,0,0,1,0,0,0,1,1,1,1,0.32336709394359414,-0.4330432635679361,-1.0502611807449915
8998,0,0,0,0,0,1,0,0,0,1,0,0,2,0,1,2,1,1,1,0,0.10055500729771463,0.8241339359226694,0.34007647232604243
8999,0,0,0,0,1,1,0,0,1,1,2,1,0,0,0,0,0,2,0,0,-2.10268515564328,-2.555385787577839,-0.004842155928420078
9000,0,0,0,0,1,1,0,0,1,1,1,0,2,0,0,1,2,0,0,1,-1.177077906622909,-1.2134856963683225,0.5834000669085246
9001,0,0,0,0,0,2,0,0,1,1,0,0,0,1,0,0,1,2,1,1,0.21033707550521627,-0.4338639587788602,-2.010123307952061
9002,1,0,0,0,0,2,1,1,2,1,1,1,1,0,0,0,2,2,0,0,1.2007229918530522,0.5872569203146811,-1.5017052016353107
9003,0,0,1,0,0,1,0,0,0,0,0,0,0,0,1,1,0,1,1,1,0.3990862974811586,-0.01713123475642364,0.0017842656265860402
9004,1,0,0,0,1,1,0,0,1,1,0,2,2,0,0,1,0,1,1,2,0.4320852305326259,0.4970526301352299,1.8228871089100807
9005,0,0,0,0,0,1,1,0,0,0,0,1,1,0,1,1,1,2,1,0,-1.9065622236940036,-1.0540645669525477,-0.9321080041039109
9006,1,0,0,0,0,2,0,1,1,1,1,0,2,0,0,1,1,0,0,1,0.426010418757532,-0.41007305753666207,0.39758958009718504
9007,0,1,1,1,0,0,0,0,0,2,1,1,2,1,0,2,1,1,2,0,-1.714694399828988,-0.4880997653986068,-0.4274891428318332
9008,0,0,1,0,0,0,0,0,1,0,0,0,0,0,0,2,0,1,1,0,0.7313406049783456,-0.3207615961220751,0.6184353242549101
9009,0,0,0,0,0,1,0,1,1,0,0,0,1,0,0,0,2,2,1,0,-1.1783567253191796,-0.4384984615763989,-0.1023092292108523
9010,0,0,0,0,1,0,0,0,2,2,2,0,2,0,0,0,1,1,1,1,-1.0291221421266465,0.2700612861672088,-0.2628314069738306
9011,0,1,1,1,0,1,0,0,1,1,1,1,1,0,0,0,2,0,1,0,-1.0312120959398232,-1.1873514974274244,-0.17760292651313397
9012,0,2,0,0,1,0,0,0,0,0,0,1,0,0,0,0,0,0,1,0,1.2627634556081924,0.9616444509137787,1.3818812808047298
9013,0,0,0,0,0,1,1,0,1,1,0,0,1,1,1,1,1,0,1,0,-0.5950744987895803,-1.1142021109904534,0.08873523469758576
9014,0,0,1,0,0,0,1,0,1,1,0,2,0,0,1,1,0,1,1,0,0.23293543198324534,0.36492862862716324,-0.6093155760778886
9015,0,1,2,0,0,1,1,0,0,0,0,0,1,0,0,1,2,1,1,2,1.7350930415492616,0.5522914129899422,1.291863763503424
9016,0,0,1,0,0,1,0,0,1,2,1,1,1,1,1,1,1,0,0,0,-1.5166221143387772,-0.24031480773703595,-0.6874064611925004
9017,0,0,0,0,0,1,0,0,0,2,0,0,1,0,0,1,2,0,0,2,0.13057845159855105,-0.19004100335157303,1.3466148231478745
9018,0,0,2,0,0,1,0,0,1,0,1,0,1,0,0,1,1,1,1,1,-0.47659200404679797,-1.1521916300391348,0.07935873922448308
9019,0,0,0,0,0,1,0,0,1,2,0,1,1,0,0,1,0,1,2,1,0.8959010531375142,0.7448173510820145,0.16318516630028185
9020,0,2,1,0,0,1,0,0,2,0,0,0,0,0,0,1,2,0,0,0,0.11625175530359581,-0.1892224968722671,-1.0918296139876078
9021,0,2,2,1,0,1,0,0,1,1,0,1,1,0,0,1,0,0,1,1,1.7788711561885406,0.2739655927608712,0.5432621444264736
9022,0,0,1,0,0,2,0,0,2,0,0,0,0,0,1,1,1,0,0,1,0.22714287956022255,0.4548412659780112,-0.03698865621752781
9023,0,0,0,0,1,1,0,0,0,0,0,0,0,0,1,1,0,1,2,0,1.1580524741536335,1.0567468730962413,0.14814822221073887
9024,0,0,0,0,0,2,0,0,1,1,1,0,1,1,0,0,1,0,0,1,0.758539323779338,-1.4992562710638353,0.8389859959707139
9025,1,2,1,0,0,2,0,1,0,1,1,2,1,0,0,1,2,0,2,0,0.10959755958290623,-1.5455333296492324,2.163234685933748
9026,0,0,1,0,0,1,0,0,1,1,0,0,1,0,0,0,1,1,2,0,0.2571003929695089,0.523271760110549,1.6879234564480452
9027,0,0,1,0,0,2,0,0,0,1,2,0,1,0,0,1,0,0,0,1,0.28731105580626237,-1.1959922511598642,-0.8147130717171065
9028,0,1,0,0,0,0,0,0,1,0,0,1,0,0,0,2,1,0,0,0,-0.8160086505241165,-0.8482824951883099,0.5521072537596923
9029,0,0,0,0,0,1,0,0,0,0,0,0,0,0,1,1,1,0,0,1,-0.10099074178590065,0.3634322953098076,0.41999684462359194
9030,0,0,1,0,0,1,0,0,2,0,0,2,1,1,0,1,1,0,1,1,0.06333165251633723,0.3731720021455702,0.12904200067548016
9031,0,0,0,0,0,1,0,0,1,2,0,1,0,0,1,1,0,2,1,1,0.042923904620598745,0.949746091305896,0.35343002055709805
9032,1,0,2,0,0,0,1,0,2,0,0,2,0,0,0,1,0,0,1,0,-0.2782307068479352,-0.3595038132048891,-0.01648635687005567
9033,1,0,1,0,0,1,0,2,1,1,0,1,1,0,0,2,0,1,2,2,-0.9911808390549564,1.4502306926107118,0.07644396546134319
9034,0,1,1,0,0,0,0,0,2,1,0,1,1,0,1,2,1,0,1,0,-0.5905423467328422,-0.9746087553835214,-0.3451941478571873
9035,0,1,0,0,0,1,0,1,1,2,0,1,1,0,0,2,0,0,0,1,0.8724716509698601,1.0106166764771327,0.3252824962939253
9036,0,0,0,0,0,0,0,0,2,1,0,1,1,0,0,1,0,0,1,0,-0.6095900244426679,0.2759709645931329,0.8153071161234685
9037,0,1,0,0,0,1,0,0,0,0,1,0,1,0,0,0,2,1,0,0,0.06911062012312565,-1.4549263713792346,0.8622412960366066
9038,0,0,0,0,2,2,0,0,1,0,1,1,0,0,0,0,2,1,0,1,1.181529125616925,0.3423240334328262,2.0512824818827617
9039,0,0,1,0,0,1,0,1,0,0,0,0,1,1,0,2,0,0,0,0,-1.0467604216159374,0.6006037237041126,0.04649991988794755
9040,1,1,1,0,2,1,0,0,1,0,0,0,2,1,1,0,1,0,1,0,0.3698303593900691,0.018074735253803376,-0.9299437001323567
9041,0,0,1,0,0,1,0,0,0,2,1,0,2,2,0,1,0,0,1,1,-0.5594607111656618,-0.4501063511442138,-0.8547406430809213
9042,0,0,0,0,0,2,0,1,2,2,0,0,0,1,0,0,0,0,1,1,-1.160624154116007,-0.33341250098053304,1.452488601274125
9043,0,2,0,0,0,2,1,0,1,0,2,0,1,0,0,0,1,1,1,1,0.03959438237667784,-0.8438702064997484,0.009652350308311686
9044,1,0,0,0,1,2,0,0,2,1,0,1,1,1,0,1,0,1,0,1,1.1923093180188344,1.830298057671632,1.365154905017433
9045,0,1,1,0,0,1,0,0,1,1,0,1,1,1,0,2,0,2,1,0,-0.08400052650747959,-0.2653409790737184,1.0074066880929065
9046,0,0,1,0,0,1,0,0,1,1,0,1,0,1,0,1,1,0,1,0,0.6288826366343244,2.0054636386855247,-0.7006905877631057
9047,0,0,2,0,0,1,1,1,1,0,1,1,1,0,0,1,0,1,2,1,0.08372263940930655,-1.0706408471737114,0.6729178298011216
9048,0,0,1,0,0,2,0,0,1,0,0,0,1,1,1,0,1,0,0,0,0.5143442601833023,-2.1030897999306095,-0.2801286883542129
9049,0,0,2,0,0,0,0,0,0,0,0,1,1,0,0,1,0,1,1,1,0.2851595311303737,0.6090730665390565,-1.3059070507551385
9050,0,1,1,1,0,0,0,0,1,0,0,0,0,0,2,1,0,0,2,0,-0.8942692556786789,-0.20846283956130857,-1.7386034477472274
9051,0,0,0,0,0,1,0,0,0,1,1,0,1,1,0,2,0,2,0,0,0.7736321462675477,0.8181352972672384,0.4642812952718547
9052,0,0,0,0,0,1,1,0,1,1,0,0,1,0,0,0,1,0,0,0,1.4601848602973164,-0.18778086463962956,-0.2777102941508336
9053,0,0,0,0,1,1,0,0,0,1,0,0,2,0,0,1,1,1,1,0,-0.035993294395599645,1.4182425178924611,-0.10883907079332972
9054,0,0,1,0,0,1,0,0,2,1,1,1,0,0,0,1,1,1,1,0,0.3521240665447837,0.5056437794985815,-0.6166551256677659
9055,0,0,1,0,0,2,0,0,2,1,0,0,1,0,0,1,0,0,1,2,-1.386686174567469,-0.18469099717589804,-1.3393330182424332
9056,0,0,1,0,1,1,0,0,0,1,0,0,1,0,0,1,0,1,2,0,0.9463008627082,-0.08280621443751945,1.4870922452687076
9057,0,2,1,0,0,1,0,0,0,0,0,2,0,0,0,1,2,0,0,0,0.7419942801557732,1.9441229072453066,1.3759802410025057
9058,2,1,1,0,1,2,0,0,2,1,1,2,0,0,0,2,0,0,2,0,0.03917444044660762,-0.03526191083801035,-0.36114903996155745
9059,0,0,0,0,1,2,0,0,0,1,0,1,1,0,1,2,2,0,2,1,-2.203193687617757,-1.3076019893025275,0.6426264049457131
9060,0,0,2,0,0,0,1,0,2,2,0,1,0,0,0,1,1,0,1,1,1.879028245067787,2.5109436128494353,1.4332796992834538
9061,0,1,1,0,1,1,0,0,1,0,0,0,1,0,0,0,1,2,1,0,0.25511443963806624,0.26951367231980133,-0.7230596650264075
9062,0,2,1,0,0,2,0,1,2,1,0,0,1,0,0,1,1,1,1,0,1.7314061960636489,1.5303846384732582,2.580600025421126
9063,0,0,1,0,0,1,0,1,0,0,0,0,0,0,0,0,0,0,2,0,0.89162863205248,-0.889899802834956,-0.14289931240587805
9064,0,1,0,0,0,2,0,0,1,1,0,1,1,0,1,1,1,0,2,1,-0.4638804526233338,0.3407324385796556,0.8707323583879287
9065,0,2,0,1,1,1,1,0,1,1,1,1,1,0,1,0,1,0,0,1,0.09045354728620636,1.1104624507049616,-0.995951241088296
9066,0,0,1,1,0,0,0,0,1,0,0,0,1,1,0,1,1,0,0,0,-0.4956133829911712,-0.07911164261340817,-1.6262738702658726
9067,0,0,0,0,0,0,0,1,1,1,0,2,0,0,1,1,0,1,0,2,0.1018323587415903,0.03887005702899948,-1.0080832953670182
9068,0,1,0,0,0,1,0,0,1,2,0,1,0,1,1,1,1,0,2,2,-1.0525791511512546,-1.6880140158637218,-0.1457204978256496
9069,0,2,1,0,0,1,0,0,0,1,1,0,2,1,0,1,2,1,2,0,0.7923977499954304,0.3986526156294146,1.058405727954912
9070,0,0,0,0,1,0,1,0,1,1,1,1,1,2,0,1,0,0,1,1,-2.099287752874688,-1.6143020479305292,1.0363799485965053
9071,0,0,1,0,0,1,0,0,0,0,0,1,1,1,1,0,1,1,0,1,-0.7770327066824289,-0.8037804519430329,0.022638450434799118
9072,0,0,0,0,0,1,1,1,1,1,0,0,1,1,0,1,2,1,0,1,-2.8905150814841574,-1.3279032433834002,-0.36587649424337343
9073,0,0,0,0,0,0,0,0,1,1,0,0,0,1,0,0,1,0,1,1,0.05713252683184268,-1.1410237140855486,1.0100970280597574
9074,0,1,1,0,0,1,0,0,1,0,0,0,0,0,0,1,1,0,1,1,-0.1906771409369364,0.5593760901064958,1.8012238839000694
9075,1,0,1,0,0,1,0,0,0,0,0,0,0,0,0,1,1,2,1,1,-0.09527398262040786,-1.817437521987077,1.6867848620936154
9076,0,1,0,1,0,1,0,0,1,1,2,1,2,1,1,1,2,2,0,0,1.2139074310775555,-0.1699589462062238,-0.8312497801814072
9077,0,1,1,0,0,0,0,1,0,1,0,1,1,0,0,1,1,0,1,1,0.34264954855426927,0.6020902379666215,-0.3311918323853517
9078,0,0,0,0,0,2,0,0,0,1,1,0,1,1,0,1,0,1,1,0,-0.2539400019162607,-0.1605763704291486,1.930114728348229
9079,0,0,0,0,0,1,0,1,1,1,0,2,1,0,0,1,2,1,1,2,1.077376077152076,1.5354501073841509,1.2805106975822873
9080,0,0,0,1,1,1,0,0,0,0,0,0,0,0,0,1,2,0,0,0,0.23830408553430424,0.4125895705786389,1.106056826923541
9081,0,0,1,0,0,1,0,0,1,1,0,1,1,0,1,0,0,1,1,0,-1.6549933162536377,-0.6032485156855775,0.9733578238156168
9082,0,0,2,0,1,0,0,0,0,1,0,1,1,0,0,0,1,2,1,1,0.15337367467186405,-0.04956506823325779,0.5059951935862129
9083,0,1,1,0,1,1,0,0,1,0,0,1,1,2,0,0,0,0,0,0,1.4028609109151586,0.7465219684004081,0.6839085631262922
9084,0,0,0,0,0,1,0,2,1,0,0,1,1,0,0,0,0,1,0,0,-1.800059378481046,0.27342148471136984,-0.2918342923560364
9085,0,1,1,0,0,1,0,0,0,1,0,1,0,0,1,1,1,1,1,2,-0.9520591596511968,0.5938933207824786,-0.6319955917066981
9086,0,1,0,0,0,2,1,0,1,1,1,0,0,0,1,0,1,0,0,1,-1.0807760773646875,-0.1791981106023809,-0.06918288140731747
9087,0,0,0,0,0,1,0,0,1,2,1,1,1,1,0,0,1,2,0,1,1.6217827896093235,-0.7414115917212136,0.8071565923768
9088,0,0,0,0,1,1,0,0,1,0,0,1,2,0,0,1,0,0,1,1,1.1591507759707613,1.063470245696406,0.006456645936150751
9089,0,0,0,0,0,1,0,0,2,0,1,1,0,1,0,1,1,0,1,1,-0.5205818163135465,0.04469995473424687,1.2761035180318787
9090,0,1,0,0,0,1,0,0,0,1,1,1,1,0,0,0,1,1,1,0,0.4523640569572552,0.006034368942136242,1.26064321684481
9091,1,1,1,0,0,0,0,1,2,0,0,0,0,1,0,2,1,0,0,0,-0.45738145916543377,0.1291402607442041,0.1404136719541989
9092,0,0,0,0,0,0,0,0,1,0,1,0,0,0,0,0,2,0,0,0,-1.4679047861366443,-2.0095189754041094,1.4258469898772814
9093,0,1,1,0,0,2,1,0,1,1,1,1,1,0,0,2,0,1,0,0,0.33055585175392804,0.40914613821416324,1.9084627045275457
9094,2,0,2,2,1,0,0,0,0,0,1,0,1,1,1,1,1,1,2,0,2.2476804381659603,0.7695294191471382,2.0203374669440364
9095,1,0,2,0,0,0,0,0,2,0,0,1,0,0,1,1,0,0,0,0,-1.9702847178533043,-0.41811433366453554,-1.246731750295186
9096,0,1,0,0,1,2,1,1,2,0,1,1,1,0,0,2,0,1,0,1,0.32240637204353556,1.232985790253859,0.22785808548911468
9097,1,1,0,0,0,0,0,0,2,0,1,1,1,1,0,2,1,0,0,0,-0.07118981552773544,0.5611138788359477,-1.5989898395701072
9098,0,0,2,0,0,1,0,0,1,0,0,1,1,0,0,2,1,0,1,1,0.0792122574684373,-1.1157439090953862,0.17423166771270746
9099,1,2,0,0,1,1,0,1,1,0,1,0,1,0,0,0,2,0,2,1,-0.9098396772406372,-0.9942442004224584,-0.06981919274079458
9100,0,0,0,0,1,0,0,0,2,1,0,0,1,1,0,1,0,0,0,2,0.9314177349606718,-0.0663890463931992,0.6901393226853317
9101,0,1,2,0,1,1,0,0,1,2,0,1,0,1,0,2,2,0,0,1,-0.33473462350442484,-0.49977621363516334,-0.19929581056044854
9102,0,1,1,0,0,1,0,0,1,1,0,1,2,0,1,1,1,1,1,1,0.49775114730456993,1.6043186030749725,1.593250853915725
9103,0,0,1,1,0,1,0,0,1,1,1,2,0,0,0,0,2,1,0,1,0.06574188159235168,-0.4223794229041858,-1.022668593082484
9104,0,1,1,0,0,1,0,1,0,0,0,1,1,1,0,1,1,1,1,1,0.6011143080478546,0.9934150277679261,-0.49847111830999713
9105,0,1,0,0,0,1,0,0,0,0,0,0,0,1,0,2,1,1,2,2,0.6811900855049743,0.0008879926370470859,-0.8634722397626511
9106,1,1,1,0,0,0,0,1,1,0,0,2,0,0,0,1,0,0,2,1,1.2932987548318906,0.008789865202795455,-0.2958624821679997
9107,0,0,2,0,0,1,0,0,1,1,0,0,1,0,0,2,0,0,1,1,-2.1757070310725632,-0.9647720442783683,-0.6799030388227553
9108,1,1,1,0,0,1,0,1,2,0,1,2,2,1,0,1,1,1,1,2,-0.9841287135996922,-0.4378551583449396,1.3734348268443561
9109,0,1,0,0,0,0,0,0,1,0,0,0,0,1,0,2,2,2,1,1,-1.9768494648876378,-1.4530812919834122,0.25739764484318645
9110,0,0,1,1,0,1,0,1,1,0,0,0,2,2,0,1,0,1,1,1,0.4924704655804007,0.03773310280605613,0.7242705714618882
9111,1,0,0,0,1,1,1,1,2,0,0,0,2,0,0,2,0,1,1,2,0.4290015989291619,1.1487744650040628,0.4711870239611743
9112,0,1,2,0,0,0,0,0,0,0,0,0,0,0,0,0,1,2,2,1,2.268045948939504,0.2921846321659709,-0.5407603347057799
9113,0,0,1,1,0,1,0,1,2,2,0,0,1,0,0,1,1,2,1,0,-0.18271861416854332,0.435188445728305,-1.1054165331915462
9114,0,0,1,0,1,1,0,0,1,0,1,1,2,0,1,0,2,1,1,0,-0.5527157048623912,-0.7185582505807045,-0.5326635887264674
9115,0,0,1,0,1,2,0,0,0,0,1,0,0,1,1,1,0,1,2,2,-0.8315275547363958,-0.7908236987502346,-0.7750150853615169
9116,0,1,1,0,1,0,0,1,2,0,0,0,0,1,0,1,0,1,0,0,-1.3078815124952023,-1.2450605295043224,0.6889764777244547
9117,0,0,0,0,0,0,0,0,2,0,0,1,0,1,0,0,0,1,0,2,-0.5924661450196707,-0.3484281041716355,-2.0232002060294936
9118,0,1,0,0,0,1,0,1,2,1,0,0,1,0,0,0,0,0,0,1,0.17962178314951013,-0.3463594452358277,-0.8511268616347586
9119,0,1,1,0,0,1,1,2,0,0,1,1,0,0,0,0,1,0,2,0,-0.060216356360251425,-0.5454023039174982,-0.13128758275907235
9120,0,2,1,0,0,1,0,1,0,0,1,1,0,0,0,0,1,0,1,0,-0.45347436668642166,-0.5498410060493415,0.3317053973389709
9121,0,0,0,0,1,1,1,0,1,0,0,1,1,0,0,2,2,2,0,2,-0.4241693289059818,0.16558992149359467,0.0856417747811869
9122,0,0,0,0,0,2,0,0,2,2,1,1,0,1,0,2,2,1,1,0,-0.5814139846277571,-0.8180361499086946,0.5746164126013706
9123,0,1,1,1,0,0,0,0,0,1,0,0,0,0,1,1,0,1,1,0,1.1493654838150478,1.0566148465124099,1.8621828757655643
9124,1,0,0,0,0,2,1,0,0,1,1,0,2,0,0,1,0,0,1,1,-0.9099419106020066,-0.36345966511145533,-1.3263144241431322
9125,0,1,0,0,0,0,1,0,1,1,0,2,0,0,0,1,0,0,1,1,-0.35856395621081577,0.9215261642439234,-1.184799445527592
9126,0,0,1,0,1,1,1,0,1,0,0,1,0,0,0,1,1,0,0,1,-0.8687305417202976,-0.5870886197801526,0.23682341179950142
9127,0,0,0,0,1,1,0,0,0,0,0,0,1,1,0,0,1,1,0,0,0.2017694943888886,-0.22624648269408648,0.13785913230612892
9128,0,0,0,0,0,2,1,0,1,1,1,0,1,1,0,1,1,0,0,0,0.43836819819091644,-0.48486561209659096,0.20572895366730562
9129,0,0,0,1,0,1,0,0,0,1,1,2,1,1,1,1,1,1,1,0,0.3409403775563693,-0.01460047782775381,-0.6351659801917846
9130,0,1,1,0,0,1,0,0,2,0,1,0,1,1,0,0,1,1,1,0,0.18212295939903805,0.042590568984248345,-0.44548236290512255
9131,1,0,1,0,0,1,1,0,1,1,0,0,0,0,0,0,0,1,1,1,-1.9107584760388945,-2.0178611394749586,-0.43348751438888294
9132,0,1,1,0,0,1,0,0,1,1,2,1,1,1,0,1,0,1,1,1,1.182848955717951,0.2618319718582119,-0.221515526409635
9133,1,0,1,0,0,1,0,0,1,0,0,0,2,1,0,2,0,0,0,0,0.5979598428941045,1.7627815371453148,0.4933285901295969
9134,0,0,1,0,0,0,0,1,0,2,0,1,0,2,0,1,0,0,0,1,0.7479762262353061,0.6586816568733995,0.48546085186707755
9135,1,1,0,0,0,2,0,0,0,0,1,0,1,0,0,0,1,1,1,0,0.4757756434536027,0.12610044891299366,1.3065186424585207
9136,0,1,0,0,0,0,0,0,1,0,0,1,1,1,0,2,1,0,1,2,-0.13775214793984975,0.8791922841112523,1.1917192775644734
9137,0,0,0,0,0,1,1,0,2,0,0,1,0,0,0,1,1,1,0,1,0.16462691611107408,-1.6999419028247778,0.39316362587431386
9138,0,2,0,0,0,2,0,0,1,0,2,2,1,0,0,0,2,0,1,0,-0.9462612339543005,-2.0191594947262383,1.420125952182153
9139,0,0,1,0,0,2,0,1,2,1,0,1,0,1,0,2,1,0,1,0,-0.018510601240889834,-0.09470730214306461,0.9281994964965975
9140,0,0,2,0,0,1,0,1,1,1,1,1,1,0,0,1,2,1,1,1,-1.1379535396989902,-2.453913492118782,-1.5518441022520093
9141,0,0,2,0,0,1,0,0,1,0,0,0,0,1,0,2,1,1,0,1,0.16199883348471705,0.5689500987146796,-0.4699019886246913
9142,0,2,1,0,0,1,0,0,2,2,0,2,2,1,0,1,0,1,1,1,0.22638748900900768,0.6304378503877412,-1.0145344018777862
9143,1,0,0,0,0,1,0,0,0,1,0,0,1,0,0,1,1,2,0,1,-2.0796677329671724,-2.0107477433701995,-0.9386068083742249
9144,0,0,1,0,0,2,1,0,0,0,0,0,0,0,1,2,2,1,0,1,-0.3261771248335103,-0.5575051097336021,1.8139452412731165
9145,0,0,0,0,1,0,0,0,2,0,0,2,1,0,1,0,1,0,1,2,0.3192585533557192,-0.41589541456630624,-0.6182309682318736
9146,0,0,1,0,0,0,0,0,1,1,0,0,0,0,0,1,2,0,0,2,0.0277677252248757,1.1133693518057042,-1.6389321187383556
9147,1,0,0,0,0,1,0,0,0,1,0,0,0,1,0,1,1,1,2,0,0.2738417606804895,0.44138938411695744,0.24868395000908666
9148,1,1,0,0,1,2,0,0,0,1,1,0,1,1,1,2,0,1,0,1,-0.36064237358274015,-0.2195594822126852,0.2750441988720856
9149,0,0,1,0,0,0,1,0,1,0,1,0,1,0,0,2,1,1,1,1,0.7401289943523042,-0.6983381124013562,-0.24845100432986905
9150,0,1,0,0,0,2,0,0,0,1,1,1,1,0,0,1,0,0,0,0,0.047030749780595696,0.07612799972016002,-0.21594777542800084
9151,1,0,1,0,1,0,0,1,1,0,0,1,2,0,0,2,0,1,1,1,-0.6221824219973037,-0.588757585615163,0.4531227646501982
9152,0,1,0,0,1,0,0,0,2,1,0,0,1,1,0,1,2,0,1,0,-0.5475912689270979,0.6460100801770116,-0.04498187654267029
9153,0,0,1,0,0,1,0,0,2,0,0,0,0,0,0,1,1,0,0,1,-1.896512695962629,-1.3301728929517953,-0.3088776911591977
9154,0,0,2,0,0,2,0,0,1,1,1,1,1,0,0,1,1,0,0,0,0.14329072733846954,-1.0855759184110965,0.11062725941962856
9155,0,0,1,0,1,1,0,0,1,0,0,1,1,0,0,2,1,0,1,1,-0.26513419548462475,0.05836531216244446,1.3721997295049873
9156,0,0,0,0,0,1,1,0,1,0,1,1,1,0,0,0,1,1,1,0,0.32800180697608755,-0.5037839686790891,1.6543040263131765
9157,0,0,1,0,0,2,0,0,0,0,2,0,0,0,0,0,0,2,1,0,-0.8594205943664451,-1.7512752430920677,1.0456900803643734
9158,0,1,1,0,0,0,0,0,0,1,0,0,2,0,0,1,0,1,1,1,0.21293837372027657,-1.556234376600531,0.7769381450002243
9159,0,1,2,0,0,1,0,0,1,1,0,0,0,0,0,1,0,0,2,0,-0.8245974724036512,1.2096225638061087,0.6213713077614249
9160,0,1,0,0,0,0,0,0,0,0,1,1,1,0,0,1,1,0,0,0,0.06536408678958695,1.794672726937748,1.7848490946444695
9161,0,2,0,0,0,0,1,0,0,0,0,0,0,1,0,2,0,0,0,2,0.8163784833767231,0.7248572231133391,-2.322210773598943
9162,0,2,1,0,0,0,1,0,1,0,0,2,0,0,1,1,1,0,0,0,-1.8140954150379147,-0.48424120123503567,1.645202040655742
9163,0,0,2,0,0,0,0,0,1,0,1,1,1,0,0,1,2,0,1,0,0.19094056645592786,-1.7488252304091743,-0.9991182978017241
9164,0,0,2,1,0,0,1,0,1,0,1,0,0,0,0,1,0,1,1,1,2.15861181894977,1.317761195374165,1.7885477611787368
9165,0,0,2,1,1,1,0,1,1,1,1,2,1,0,0,1,1,1,1,0,0.0011461716742495972,1.4201989054348907,0.04007647138918563
9166,0,2,0,0,0,0,0,0,1,0,0,2,2,1,0,1,0,0,1,0,0.04021559160999114,-0.6549364736162073,0.9171860629329701
9167,0,0,2,0,0,1,0,0,1,2,2,0,1,0,0,1,1,1,0,1,-2.7235520375032007,-1.6705493386207393,1.2379674853162577
9168,0,0,2,0,1,1,1,0,2,1,2,0,1,1,1,0,0,0,0,0,-0.0034833437513751148,-0.2600736807842706,-0.6987475768799023
9169,0,0,1,0,0,2,1,0,2,1,2,2,2,0,0,1,1,0,1,2,0.5942003111172454,-0.8644047682878095,-0.2733636737358356
9170,0,0,0,0,0,1,0,0,1,1,0,1,2,0,0,0,1,0,0,0,0.2145255446332649,-1.3985057472515008,0.8530195294928693
9171,0,0,0,1,0,1,0,0,1,0,0,0,2,1,0,2,0,1,1,0,-1.2029349859444192,0.3399350911341009,1.2406020989266444
9172,0,1,2,0,0,0,0,1,1,1,1,0,1,1,0,1,1,0,1,0,-1.5483241717975678,-1.4135823157929388,0.5115268032680823
9173,0,0,0,0,0,1,0,0,1,1,0,1,1,0,1,0,1,1,1,1,-0.8851281839309882,-1.343510305668688,-0.15531507615262577
9174,0,0,0,0,0,0,0,0,0,0,0,0,2,0,1,1,0,0,2,1,1.1811035959941985,0.7229356445330174,-1.4014229759452674
9175,1,0,1,0,0,1,0,0,1,1,0,0,1,1,0,1,0,0,0,1,0.24646898216715873,0.9797695576997799,1.046335308081955
9176,0,0,1,0,0,2,0,1,2,1,0,1,0,0,0,0,2,2,1,0,-0.848231424216741,1.186871855635767,-0.703968781933527
9177,0,1,1,1,0,1,0,0,0,0,0,0,2,0,1,0,1,2,1,0,1.0214005241775466,-1.6868822060783952,-0.607482473878932
9178,0,0,1,0,0,1,0,1,1,1,0,1,2,0,0,1,1,1,2,1,0.285943157663195,0.01323087450688415,0.547115677360339
9179,0,0,1,0,0,1,0,0,1,0,2,0,1,1,0,1,0,0,1,1,-2.640047647630741,-1.8996171774454795,2.2193511398995387
9180,0,1,1,0,0,1,0,0,1,1,1,1,0,0,0,1,1,1,1,1,2.0889509985373707,1.2675070442957899,-1.2886041986382852
9181,1,2,0,0,0,2,0,0,1,0,0,0,2,1,0,1,1,1,1,1,-0.46802228164406806,-0.46526626482636074,0.22486573151536401
9182,0,0,0,0,0,1,0,0,1,0,0,0,0,0,0,2,1,0,1,1,-1.6409143192198752,-0.3173730900963073,0.500057082405179
9183,0,1,0,0,1,0,2,0,2,0,2,0,0,0,0,1,1,0,2,1,-0.05977252573318764,-0.6128595082473682,1.906031883675705
9184,1,1,0,0,0,1,0,0,2,0,0,0,1,0,0,0,1,0,1,0,0.3963754011554169,-1.0780245816596277,0.6867143390794228
9185,0,1,0,0,0,1,0,0,1,0,0,0,0,0,0,0,1,1,2,2,0.5713139720966585,-1.8427406245320428,0.8508501594322562
9186,0,0,1,0,0,1,0,1,1,0,0,1,1,1,0,1,0,0,2,1,-0.37595871687520116,0.007139053021497199,0.6289084768446069
9187,1,0,1,0,1,1,1,0,0,1,0,0,0,0,0,0,1,1,0,0,-0.16281413841043338,0.8653328742151458,0.9728945492633743
9188,0,1,1,0,0,0,0,1,1,0,0,0,0,1,0,2,1,1,1,0,-0.7845739944788291,-0.4309200473722924,-1.3670454170014457
9189,0,0,0,1,0,0,0,0,0,0,1,2,1,0,0,1,1,1,1,1,-0.4531075500740099,0.14527115231427873,0.5701208219626875
9190,0,1,0,0,1,1,1,0,0,1,1,1,0,0,0,1,0,0,1,0,-0.031383659271205476,0.3424251635319602,-0.8106064498645812
9191,0,2,0,0,0,0,1,0,1,1,1,0,0,0,1,1,2,0,2,1,0.10282385211895713,0.3570778008002703,1.575247761442918
9192,0,2,0,0,0,1,0,2,2,1,0,1,1,0,1,0,1,0,0,0,1.4731330376234169,0.5298566142673689,0.4795683913341053
9193,1,1,0,0,0,1,0,1,0,1,0,1,0,0,0,1,1,0,1,0,-1.2121794315979966,-1.6371307414512546,0.5591133722443078
9194,0,1,1,0,0,2,0,0,0,2,0,0,1,1,0,1,0,0,0,0,-1.4561844135181226,0.01978088060660782,-0.7497182110811742
9195,1,0,0,0,0,0,0,0,2,1,0,1,1,0,0,0,0,0,1,0,-1.1713916345694346,-2.033742179628942,0.5086560153194977
9196,0,1,1,0,1,0,0,0,0,0,1,1,0,0,1,0,2,1,1,1,-1.015654059857041,-0.2958341038006731,1.0217116708507168
9197,0,1,2,0,0,1,0,0,1,0,1,1,2,0,0,1,1,1,0,1,1.7351734402822159,1.1173533632254207,1.1702504379895893
9198,0,1,1,1,0,2,0,0,1,2,0,0,1,0,0,1,0,0,1,0,0.7477782877082912,-0.8544523099887826,-0.711021405518202
9199,1,2,2,0,0,1,0,0,1,1,0,0,0,1,1,0,1,0,2,1,-0.4410585445427809,0.4728600494724574,-0.22779400916942028
9200,1,0,0,0,1,1,0,1,2,1,0,0,1,2,1,2,1,0,0,0,-0.936942600703845,0.19153899124920154,-0.31870059042286286
9201,0,1,1,0,0,0,1,0,1,0,1,1,0,1,1,0,1,0,0,0,-0.6344727808015765,-1.3021645696870001,1.1986750555782877
9202,0,1,0,0,0,1,1,0,1,1,0,0,1,0,0,1,1,0,2,0,-0.48770601171507366,-0.1048661614757793,-0.8677246795468043
9203,0,1,2,0,0,1,1,0,1,0,0,1,2,0,0,1,1,0,2,1,-0.7658751260239919,-0.2539950618585417,0.4665447423901304
9204,0,0,1,0,0,1,0,1,2,1,0,1,0,1,0,2,0,1,1,0,1.7602253594243005,-0.10585891650553014,-0.13577683935455886
9205,0,0,1,1,0,2,0,1,0,0,0,0,0,1,0,0,0,2,0,0,0.6717259115784647,1.2348116175745583,0.42567313746530744
9206,0,1,1,0,0,2,0,0,2,1,0,0,2,0,1,1,1,0,1,0,-2.7334759511848046,-0.2797769516416172,-0.980599502827737
9207,0,0,1,0,0,1,0,0,1,0,0,0,0,0,0,2,2,1,0,1,0.9062281175035134,0.7284466900685718,1.3036087690282288
9208,1,1,1,1,0,0,0,1,0,0,0,2,0,1,1,1,0,1,0,0,-0.13629406292179844,0.07123372787527452,-0.35990749788699633
9209,0,0,0,1,0,1,0,0,1,1,0,0,1,0,0,2,0,1,2,0,0.6506703547437739,0.09527087488549324,0.9296186345609496
9210,1,0,1,0,0,1,0,0,1,1,0,0,1,0,1,0,1,0,1,1,-0.0002058002740333921,-1.1746945219494005,1.0572485670489467
9211,0,0,0,0,0,2,0,0,1,1,1,2,0,1,0,2,0,0,0,0,-0.06491768737007202,1.0662431946146156,1.3341661669125742
9212,0,1,2,0,0,2,0,0,1,0,1,1,0,1,1,2,2,0,0,2,0.29849880452075367,1.8162168464990769,-0.6782651045819637
9213,0,0,2,0,0,1,0,0,0,0,0,0,0,1,0,2,1,0,2,1,0.37040949607711354,1.190620287156829,-1.678497222415387
9214,0,0,0,1,0,1,1,0,2,0,0,0,0,0,0,1,1,1,2,1,0.8152288996357067,-0.7036741102211499,1.1469338015932369
9215,0,0,1,1,1,1,0,0,1,0,1,1,0,1,0,1,0,0,1,1,0.03058955155817393,0.22028180916663495,0.45266446456964127
9216,1,0,2,0,1,1,0,0,2,1,0,1,0,0,0,1,1,1,1,0,1.2092131520676441,0.17630920474961342,0.8067245667241596
9217,0,0,1,0,1,0,0,0,1,1,0,0,1,1,0,0,0,1,0,1,-0.5854889960862408,-1.6593007339806705,0.41732670878512096
9218,0,1,0,0,0,0,0,0,2,0,0,0,2,0,0,1,0,1,1,1,-1.6608455936069522,-0.1234101142617563,-1.0780333161583895
9219,0,1,0,0,0,1,0,0,1,0,0,1,0,0,1,1,0,1,1,2,-0.0020971615762694486,0.37589123634056576,-1.0786601896788321
9220,0,0,0,0,0,1,1,0,0,1,1,1,0,0,0,0,0,0,1,0,2.048964547649733,-0.10602553148016436,-0.403557686090206
9221,0,0,0,0,0,2,1,0,1,0,1,0,1,1,0,2,2,0,2,1,-0.1237241934085467,-0.14596929011917073,-0.4519760961764076
9222,1,1,1,0,0,1,0,0,0,1,2,1,0,1,0,1,0,0,0,0,-0.29164377228995375,0.5868593830671682,2.6561714086750916
9223,1,0,1,1,0,1,0,0,0,1,2,2,2,0,1,1,1,1,1,0,1.340920136605738,0.12026110440525561,0.5602471534589455
9224,0,0,0,1,0,2,0,0,2,0,0,0,1,0,0,0,1,1,1,0,1.4261734793762892,1.4090928563473948,2.065476908765562
9225,0,0,0,0,0,0,0,0,2,2,1,0,0,1,0,0,1,0,0,0,1.5230249023249451,0.2984318244375854,-1.472703425162735
9226,1,1,1,0,0,1,0,0,2,1,0,0,0,1,0,1,0,0,1,2,1.1829019114270671,0.7383482508896416,0.19105199475960072
9227,0,0,0,0,0,1,0,1,2,2,0,1,0,0,0,2,1,1,1,1,-1.3580348473108912,0.7948091750257229,-1.6314490200874285
9228,0,0,0,0,1,2,0,0,2,1,0,0,1,1,0,1,1,0,0,1,-0.4316414619588223,-1.306640209664616,0.5994912045802718
9229,0,0,1,0,0,1,0,0,2,1,0,1,2,0,0,0,1,1,1,0,-1.4876751998654056,-1.5928520438343625,-0.9321614181183007
9230,1,0,2,0,1,0,0,0,0,0,1,1,0,1,0,1,0,1,0,0,0.6917968797760544,0.7929790107909107,0.17479838868123176
9231,0,1,0,0,1,1,0,0,1,0,0,1,1,0,0,0,1,0,0,2,-0.32508462059459364,-1.0003047389021669,-0.23613430442613753
9232,0,0,1,0,1,0,0,0,2,1,1,0,0,0,0,2,0,0,0,0,0.9940062979365237,0.022168846137740728,0.5246479170479416
9233,0,1,1,0,0,2,0,0,0,0,0,0,1,1,0,0,0,0,1,1,-0.4966086585136084,0.5472299936813901,-1.1097877385070305
9234,0,0,1,0,1,2,1,0,0,1,0,1,1,0,0,2,0,1,0,0,-0.23292992704226437,-0.7152912863686242,-0.7759682714648779
9235,1,0,0,0,1,0,0,0,1,1,0,0,0,0,0,2,1,1,1,1,1.0208268569140837,0.5449111664085545,1.0814661398777992
9236,1,1,0,0,0,1,1,0,0,0,0,1,0,0,0,1,0,0,0,0,-0.5192655991078458,1.0925405574840767,0.6601519722133247
9237,0,1,0,0,1,1,1,1,1,0,0,0,0,0,0,1,1,1,0,2,-0.364350967328276,-1.311234031995315,0.663384753332071
9238,0,0,1,2,1,0,0,0,1,1,0,0,1,1,0,0,1,0,0,1,-0.5007303360008892,0.4584568006441463,-0.7735220420257926
9239,1,0,0,0,1,1,0,1,0,2,0,1,1,0,0,1,0,1,2,1,-0.5257477157504028,0.24304498095125834,0.6525279229905727
9240,0,0,1,0,0,0,0,0,1,1,0,1,0,0,2,1,1,1,0,2,-0.31839807750635685,1.1357738483184856,1.3425111701778074
9241,0,0,1,0,0,2,1,0,1,1,1,1,0,1,0,2,2,1,0,2,-1.1104169144578253,0.3671430828659545,-0.31016558719934845
9242,0,1,2,0,1,2,0,0,1,0,0,0,0,0,1,0,0,1,1,0,0.2967919560211936,-0.6394301038390324,2.008994710255942
9243,0,0,0,0,0,1,0,0,1,0,0,0,0,1,0,0,0,0,0,0,0.367270229816309,-0.8868730635300451,0.7998414131655738
9244,0,1,0,0,0,1,0,0,0,2,0,0,0,0,1,0,0,1,1,0,-0.5797155725672059,0.11772855835697643,-0.48096604085663225
9245,0,1,0,0,0,1,0,0,1,0,1,1,0,0,0,2,1,0,2,1,-1.698560593346446,-0.3147400255739528,-0.2774215013048705
9246,0,2,1,0,0,1,1,1,2,0,1,2,1,1,0,1,1,1,1,1,1.385451024313471,0.7947208715002454,-2.508403522210551
9247,1,1,0,0,0,0,0,1,0,0,1,1,0,1,0,1,0,0,1,1,-0.2526460291844394,-0.6668211897430656,0.5897782764521738
9248,0,0,1,0,0,2,0,0,0,0,1,1,0,1,0,1,0,1,2,1,-0.9700859421431745,-0.21127173181627545,0.8601086343340343
9249,0,1,0,0,0,1,0,0,0,0,0,0,1,0,0,2,1,1,1,0,0.2806700627178057,0.3179458923645151,1.596498984908577
9250,1,0,1,0,0,1,0,0,2,1,0,1,0,0,1,1,0,1,1,0,-0.28007275589380015,0.18055556571880876,0.052992091686970264
9251,0,0,0,0,0,2,0,0,0,1,0,2,0,1,0,0,1,0,0,1,0.18278792110540942,-0.014414721735466596,0.7790626214358165
9252,0,1,2,0,0,1,0,0,1,1,0,1,2,0,0,1,1,1,2,0,-0.615646743741183,1.7613087878575318,2.253379475088219
9253,0,0,0,0,1,1,0,1,0,1,0,0,1,0,0,1,1,2,1,0,0.43647974197502726,-1.4190550517769296,1.475393075870794
9254,1,0,1,0,0,1,0,0,0,1,0,1,1,0,1,1,2,1,1,2,0.38083929847328923,1.9796567367629674,0.8200605886021702
9255,0,0,2,1,0,1,0,0,1,2,1,1,1,0,0,1,0,0,0,1,-0.23422650742463755,-0.9339694165538288,-0.1431454541169859
9256,1,0,2,0,0,1,1,0,2,1,0,1,0,1,0,0,1,1,2,0,-0.727548869492575,1.0577361930654459,1.0963584399165907
9257,0,0,1,0,0,1,0,0,0,2,1,1,0,1,1,1,1,1,2,0,-0.9788582049838414,-0.17811743846596556,0.8741881864725896
9258,0,1,0,1,0,0,0,0,1,0,1,1,2,0,0,1,2,1,2,1,1.0506315003175852,0.3085841436624175,0.8983846290041729
9259,0,0,1,0,0,0,0,0,1,0,1,2,0,1,1,1,0,0,0,0,0.287742122714739,0.5789633407238415,0.9799725150365102
9260,1,0,0,1,1,0,0,1,2,0,0,1,0,1,1,2,2,0,1,0,0.30308496985730454,-1.014028737219099,2.174758138553047
9261,0,2,0,0,0,1,0,0,1,1,0,0,0,0,0,1,1,0,0,2,-0.1522871340030585,-1.299651611084942,0.4773804434570582
9262,0,0,1,0,0,1,0,0,0,0,0,1,1,1,0,1,1,0,0,1,0.6034585874103775,-1.0235427552140364,-0.5667714391368104
9263,0,1,2,0,0,0,0,0,0,1,0,0,1,0,0,1,1,0,2,1,-0.7122807213167586,-1.0131455905832911,0.5856577805425716
9264,1,1,1,0,0,1,0,0,1,1,1,1,1,0,1,1,0,1,1,0,0.3323541483364291,0.23880697155122083,-0.3900514134282092
9265,0,1,0,0,0,0,0,0,2,0,1,2,2,0,1,1,0,1,2,1,1.0524154500370362,-0.869047412195483,0.054592538992952855
9266,0,1,0,0,0,1,0,1,0,1,0,0,0,1,1,0,1,1,0,1,-0.2079099469719961,-0.514635311425169,-0.585735418285683
9267,1,0,1,0,1,1,0,0,2,0,0,0,0,2,1,1,1,1,0,1,-0.2884476658430004,0.0529615001718009,-0.05920031208220797
9268,0,0,1,0,0,1,0,0,1,1,0,0,0,0,1,1,1,0,1,0,-0.41114393320745984,2.028479451155398,1.0144338997203706
9269,0,0,0,0,0,0,0,0,1,2,1,1,0,0,0,0,0,0,1,1,1.7340486493665734,0.46334721839165754,0.017314744003407323
9270,1,1,1,0,1,2,0,0,1,1,0,1,0,0,1,1,2,1,1,0,0.038588419540838075,-0.895343222508987,-0.3541761943762247
9271,0,0,0,0,1,0,0,0,1,0,1,1,0,1,0,1,1,0,0,0,0.03945411535099255,-0.09295483245739156,-0.1445916907216364
9272,1,1,1,0,0,0,0,0,1,0,0,0,1,1,1,1,2,1,1,0,0.35753484951992054,-1.3310445136417302,1.26128258522552
9273,0,0,0,0,0,1,0,1,1,0,0,1,0,0,0,1,0,1,1,0,0.41872326619277594,0.9702246263330623,0.5620781875722975
9274,0,1,0,0,0,0,2,0,2,1,0,1,1,0,0,0,0,0,2,1,1.6542798710550979,1.897142944594989,2.4352576065053197
9275,0,1,1,0,0,1,1,0,1,1,0,2,1,0,1,1,2,0,1,0,1.9072445932976052,-0.5554316427609656,2.456649992170574
9276,1,1,0,0,0,1,0,0,1,0,1,0,0,0,0,2,1,1,0,1,-0.21630982451640338,1.0702530248117617,0.7271396536850263
9277,0,2,0,0,0,1,0,0,0,1,0,0,1,0,0,2,2,1,1,1,0.38665580962005336,-0.08259079372996103,-0.4004127139695143
9278,1,1,0,0,0,0,0,0,2,0,0,1,1,0,0,0,0,2,1,0,-0.8862557804967995,-0.4140569945814623,1.011090419968216
9279,0,1,0,0,1,2,1,0,1,1,0,2,0,0,0,0,1,1,1,0,-0.24273560488051268,0.15427782104409254,-0.9437963675064954
9280,0,0,1,0,0,1,0,0,1,2,0,0,0,1,0,0,0,1,0,1,0.396827468477698,0.358829965823817,0.9964620749675769
9281,0,1,1,0,1,1,1,1,1,1,2,0,1,0,0,1,1,1,1,1,2.100433126635719,-0.5429167904635794,1.257938674908996
9282,0,1,0,0,0,2,0,0,1,0,0,1,1,0,1,1,0,1,1,0,-0.11455316867020887,-2.39656536179525,1.5701713465385472
9283,0,0,1,0,0,1,0,0,1,0,0,1,1,0,1,1,1,0,1,0,-3.1088541668991407,1.1355714134619634,-0.1272989147673225
9284,0,0,0,0,0,1,0,2,0,1,1,1,0,0,2,1,0,0,2,1,0.3602934089591339,0.8856497793095643,0.5850710507182691
9285,0,0,1,1,0,0,0,1,1,2,0,0,1,0,1,1,0,0,0,0,-0.11586227206278982,-0.0450587957440135,0.29165652251852936
9286,0,0,1,0,0,0,0,0,1,0,1,1,2,0,0,1,2,2,1,0,0.3514773363647536,-0.8622211318688944,-0.0013794637919143649
9287,0,0,0,0,0,1,0,0,1,2,0,2,1,0,0,1,0,1,2,0,-0.5325541364735954,-0.03731501780504157,0.9304332557925009
9288,0,0,2,1,0,1,0,0,2,0,0,0,1,0,0,0,2,0,1,2,-0.6452028400446422,1.0076134050523782,-1.6542403528520988
9289,0,1,2,0,0,1,0,0,1,1,0,2,2,0,0,0,2,0,0,1,0.8762380830978397,0.8394374007315909,0.16361182467708146
9290,0,1,0,1,0,1,0,0,1,0,0,1,0,2,1,1,1,0,1,1,-1.0023510507143092,-0.5290832994967783,-2.602621659234989
9291,1,0,1,0,0,1,0,0,0,0,1,1,0,1,1,1,0,0,0,1,-1.0950628164350913,-0.3346015719563939,-1.0420623219035863
9292,0,1,0,0,0,1,0,1,1,1,0,1,1,0,0,1,0,0,1,0,0.21374649988364114,-0.8883427498446489,-0.13407194470957787
9293,0,0,1,0,1,0,0,0,2,0,1,0,1,0,0,1,2,1,1,1,-0.0876031660320347,-0.9902336530283334,-0.12252884080539855
9294,0,1,0,0,1,0,0,0,0,0,1,0,0,0,0,0,2,0,1,1,0.7708143676917073,-1.6824086779099545,-0.48460181288433346
9295,0,1,0,0,0,0,0,0,1,0,1,0,1,0,1,2,2,1,1,0,0.5471208508886325,-1.5402446880644174,0.07904859171734352
9296,0,0,0,0,2,1,1,0,0,1,0,1,1,0,0,0,1,0,0,0,-0.003963988159011528,0.028206922094778958,0.483392211730822
9297,0,0,0,0,0,1,0,0,1,0,0,0,1,0,0,2,1,1,1,0,-1.059087453226826,1.281498075024557,0.7708190344779081
9298,0,1,0,0,0,1,0,0,1,1,1,0,0,1,0,1,0,0,1,1,-0.2923118107455235,1.536004672737338,0.8476316242620284
9299,0,0,0,0,1,1,0,0,1,1,0,0,1,0,0,1,0,1,0,1,-2.1080178446688875,-1.3047929474359727,0.38556263699762616
9300,0,0,1,0,1,1,0,0,0,1,1,0,1,0,0,1,1,0,1,0,-0.5402880325271182,-1.7875024537818218,1.417106794174128
9301,0,1,1,0,1,2,0,0,1,0,0,1,0,0,0,0,1,0,1,0,-3.2219668102341923,-1.4963980492372249,-1.6817408917402048
9302,0,0,0,1,0,2,0,1,1,1,0,1,1,1,0,2,1,1,1,1,1.6642974522183096,0.8186826901632147,-0.2157359259328797
9303,0,1,1,0,0,2,0,1,2,1,0,1,0,0,1,1,1,0,0,0,0.5431121921385726,-0.1704990660622575,0.4394277315146722
9304,0,1,2,1,0,2,0,0,2,0,1,1,0,0,0,1,0,1,0,0,0.9587630921902227,0.8532525646183801,-0.48834876910476643
9305,1,0,0,0,0,0,0,0,1,0,1,1,1,0,1,2,1,1,0,1,-0.6868182656149173,-0.1005211065139398,-1.3279094377293985
9306,1,1,0,0,0,2,0,1,1,1,0,1,2,0,0,0,2,0,1,0,-0.8262403379102549,-0.9984844892295857,-0.6333247248314887
9307,0,0,2,0,1,1,1,0,1,1,0,1,1,0,1,2,0,0,1,0,0.8009955332915655,0.1172095336648844,0.687024908815492
9308,0,1,0,2,1,2,1,0,2,2,0,1,2,1,2,0,0,1,1,2,0.6506679588725627,0.39938461691712884,0.6059926734943607
9309,0,1,0,0,1,1,0,0,1,0,0,0,0,1,0,1,1,1,1,0,-0.7349605220753308,-1.1217419340846544,0.13192690421659592
9310,0,1,1,0,0,0,0,0,1,1,2,1,0,0,0,0,1,1,1,1,-1.1860822423510757,-2.5393708436597198,-0.008250308648516058
9311,0,0,0,0,0,1,1,2,1,0,0,1,0,0,0,0,0,1,1,0,-0.4566779650834014,-1.2519061827107705,-0.7309744440289376
9312,0,1,1,0,0,0,0,0,1,0,1,0,1,0,0,1,0,1,0,0,0.8462517272495393,1.1537295901010927,-0.008615395252464242
9313,0,1,2,0,0,0,0,0,2,0,0,0,0,2,0,0,1,1,0,0,-0.9148630519345803,-1.436685323836723,1.1135418585961845
9314,0,1,0,0,0,1,0,0,2,0,0,0,0,0,0,0,1,0,0,0,-0.3321982349677586,-1.2826908721168775,-0.01341465504501771
9315,0,0,1,1,0,0,1,0,1,1,0,1,1,1,2,2,0,0,1,1,-0.34857885465553934,-0.4098358440603648,-0.5929936092624403
9316,1,0,1,1,0,2,0,0,1,1,1,0,0,0,0,1,1,1,2,0,2.109452111333429,0.30127580590126457,-0.03915236385467191
9317,0,0,1,0,0,0,0,0,1,0,0,2,0,0,0,0,1,0,1,1,-1.475659701288184,-1.4941448584615808,0.7982031874290982
9318,0,1,1,0,0,2,0,0,1,1,0,0,1,0,1,2,0,0,1,1,2.1838461615525944,2.106822353258699,2.944826653986401
9319,0,1,0,0,0,2,0,0,1,1,1,1,0,1,0,0,1,1,0,1,0.9541124358653826,-0.29905528664185915,-0.07428119877142908
9320,0,2,1,0,0,1,0,1,1,1,0,1,0,1,1,0,1,0,0,2,-0.23024256518372174,-0.6052130640845028,-0.7948614423551518
9321,0,0,1,0,0,1,0,0,1,0,1,1,0,1,0,0,0,0,0,2,-0.9204343579750366,0.30974068536275523,-1.0776167944388737
9322,1,1,0,1,0,0,1,1,1,2,1,1,0,0,0,1,1,2,0,1,1.2654354107207846,0.6361617009778034,-1.5844441981911583
9323,0,1,1,0,0,1,0,0,0,1,1,0,1,0,0,1,0,1,2,1,-0.36550535832623016,0.13408806410576896,-0.12062888658992149
9324,0,1,2,0,0,1,0,0,0,0,1,0,0,1,0,1,0,0,1,1,-0.6828390910794261,0.5006306709669686,0.5465480542634651
9325,0,1,1,1,0,0,0,0,1,0,0,1,1,0,0,2,1,1,1,0,-0.20723722594159122,-0.500222337247721,1.127960231466719
9326,0,0,0,0,1,1,0,0,1,0,0,0,1,0,0,0,0,1,0,0,-1.800978375383626,-0.05455680467293578,-1.1177010267387737
9327,1,1,2,0,1,1,0,0,0,1,2,1,2,0,0,0,1,1,1,0,0.18573127252298,-0.957098572736486,-1.621172815510325
9328,1,0,1,1,0,1,0,0,1,2,0,1,1,1,0,1,0,0,2,0,0.7119579497341813,0.6759224394770593,-0.1367785937147411
9329,0,1,1,0,1,1,1,0,1,1,0,1,1,0,0,2,1,0,1,0,0.14721389126399462,0.10990816361912076,-0.6584714804331339
9330,1,0,1,0,0,0,0,0,0,2,0,2,0,0,1,1,1,0,0,2,0.3914072700207728,1.0595829074098455,0.00654426580021536
9331,0,1,0,0,0,1,0,0,1,1,0,0,1,0,0,1,1,1,0,0,0.8295965314973718,0.4581005477334369,0.6300467412569984
9332,0,0,1,0,0,2,0,0,0,0,0,0,1,0,0,1,1,1,0,0,-0.5988821734305569,1.657908834591393,1.3734109451223422
9333,0,1,2,0,0,2,0,0,1,0,0,2,0,0,0,0,1,0,0,1,0.8126220269052034,-1.770436697666849,-0.11030280419085736
9334,0,0,1,0,0,1,0,0,2,0,2,0,1,0,0,1,1,1,0,1,1.0055515755855513,0.4284042102462448,0.13569790893998135
9335,0,1,2,0,0,0,0,1,1,0,1,0,1,0,0,2,0,0,1,0,-0.9496161302064933,-1.411780508594345,1.9577874153012653
9336,0,0,0,0,0,2,0,1,2,2,1,0,0,0,0,1,1,1,0,0,-1.7129574055490835,-0.4043032213827518,1.0036177522500358
9337,1,0,1,0,0,0,1,0,1,1,0,1,1,0,0,1,1,1,0,0,-0.24163972777407902,-0.4542749045504161,0.19650231683780942
9338,0,0,0,0,0,0,0,0,2,0,1,0,0,1,0,1,1,1,0,0,0.7478904647917877,1.6426253826242263,2.7440964806958323
9339,0,1,0,0,0,2,0,0,2,0,0,1,1,0,0,0,1,2,0,1,0.39291479383854516,0.20521004424911443,1.081634708532151
9340,0,1,2,0,0,1,0,0,1,1,0,1,1,0,0,0,1,0,1,0,1.6992872608632454,-0.17750803391383696,0.46864951209165817
9341,0,1,1,0,0,2,0,0,0,2,0,1,2,2,0,2,1,1,0,1,-0.3830768864101246,0.3481403191812411,0.6337816555505389
9342,0,0,2,0,0,1,0,0,1,1,0,0,1,0,0,1,0,1,1,0,-1.7379574624550835,-0.5475680199456119,-0.7139561780433491
9343,0,0,1,0,0,1,0,0,0,2,1,1,0,0,1,1,0,1,0,0,0.5504647931919926,0.3198893133854424,0.09951551355024921
9344,0,2,0,0,2,0,0,0,0,1,0,0,0,0,0,1,1,2,2,0,-0.10809070459268787,0.055387001698286004,-0.00871850419058836
9345,1,0,1,0,0,1,0,0,0,1,0,0,0,0,0,0,1,0,1,0,-0.422553100579292,-0.21129124771204277,1.6714361054388742
9346,0,0,2,0,0,0,0,0,1,1,0,1,0,1,1,0,2,0,2,0,0.6657695383206713,-0.31704836315886203,0.732177189285298
9347,1,1,1,0,0,0,0,0,1,2,0,2,0,0,0,0,1,0,1,1,-0.13942158257815723,0.06861948394823494,-0.06802306379245167
9348,0,0,0,0,0,1,1,0,2,2,0,0,1,0,0,0,0,0,0,1,0.8072416374168848,0.1000384236961076,-1.2634578646351793
9349,1,1,0,0,0,1,0,0,0,1,0,0,0,1,0,1,0,1,1,2,0.9826974963023063,-0.13788275415537488,1.622326246077198
9350,1,0,0,0,0,1,0,1,1,0,1,1,0,0,0,0,1,0,0,1,0.5842723679226305,0.6865693751250564,0.9747934100450091
9351,0,1,1,0,1,1,0,1,2,2,1,0,0,0,1,1,1,1,0,2,1.5203269085368292,-0.15665257493324714,-0.2176649041017174
9352,0,0,0,0,0,0,0,0,1,0,0,0,0,0,0,1,0,1,1,0,-0.6203696734212448,-0.6202101768924653,-0.21772650535885776
9353,0,2,1,0,0,2,0,0,1,1,0,0,1,0,0,2,2,1,0,0,-1.001663021695119,-0.834485515387841,0.23197451775255107
9354,0,0,1,0,0,0,0,0,0,1,0,2,0,1,0,0,0,0,2,2,0.8863813571841489,1.8549415890320218,0.4610682858298524
9355,0,1,0,0,1,1,0,0,1,0,0,1,2,0,0,2,1,1,0,1,-0.3988190965549958,-0.01595145085754829,-0.5948310835084715
9356,0,1,0,0,0,0,0,0,0,0,0,0,1,0,0,0,0,0,0,1,0.10755167062810098,-0.228888097787456,-1.1232498895652954
9357,0,1,0,0,0,2,0,1,1,2,1,1,1,0,0,1,1,0,0,1,-0.2605831337722915,0.5481177737628535,0.19897440230938873
9358,0,0,1,0,0,0,0,0,1,0,0,1,2,0,0,1,1,0,1,1,1.2331061794222846,1.9727972123527526,-0.3936100968935622
9359,0,1,0,0,0,2,0,1,1,0,0,0,1,2,0,0,0,0,0,0,-0.20756395321179463,-0.2783146955843348,-0.02572998258700051
9360,0,1,1,1,0,1,0,0,1,1,0,1,1,0,0,1,2,1,2,0,0.9205524767506945,-0.32816843024788445,0.050002227705704144
9361,0,0,2,0,1,1,0,0,0,0,2,0,0,0,0,0,1,0,1,2,0.07906250899854167,-0.9238254411763187,0.9316760869274866
9362,0,1,1,1,0,0,0,0,0,0,0,0,2,0,0,1,1,2,1,1,0.38281442396726917,1.0295341574219878,-0.6166553800654238
9363,0,0,0,0,0,0,1,1,1,0,1,1,0,1,1,0,0,1,1,0,1.1013550419553044,-0.6089592142447615,0.2541434502385131
9364,0,1,0,0,0,1,1,0,0,1,1,2,1,0,0,0,1,0,1,1,-0.3143300572429257,-1.602834548909056,0.4967750385182051
9365,1,2,1,0,0,1,0,1,2,0,1,0,1,0,0,1,0,0,0,0,-2.225009583925954,-2.6539810840201956,0.09848845574710463
9366,1,1,1,0,0,1,0,0,1,1,0,0,1,0,0,2,1,0,1,1,-0.2959209624251498,-0.7089832277843495,0.6342381930249015
9367,0,1,0,0,1,2,0,0,2,0,0,0,2,1,0,1,1,0,0,0,-0.46630011225294243,0.4633914562343461,-0.2586718021344968
9368,0,0,0,0,0,2,0,0,0,2,0,0,0,1,0,1,1,0,1,1,0.42665089267479256,1.523510334132471,0.38924435570073973
9369,0,0,1,0,0,1,0,1,1,2,0,2,1,1,0,2,1,1,1,1,0.05450263887275304,0.8804521237963565,1.5081145229261939
9370,0,1,1,0,0,1,0,0,0,0,0,1,1,1,0,0,1,0,0,0,0.2843976063325097,0.08435636211669312,0.8094612211143808
9371,1,0,1,0,0,0,0,0,0,2,1,0,2,1,0,2,1,0,0,1,-0.7621501900437615,-0.8225537624886295,-1.857450757581647
9372,1,0,1,0,1,1,0,0,1,1,2,0,1,1,0,1,1,1,0,0,-0.3941623877421191,1.714400730176627,0.3339937134968193
9373,0,1,1,0,1,1,0,0,2,1,0,0,0,0,0,1,1,1,0,0,-1.144663512557441,0.0433705919098637,0.8648551779525993
9374,0,1,0,0,0,1,0,0,2,0,0,0,1,1,0,0,0,1,2,1,1.4012428877721084,0.7652750049606738,2.2269279955007772
9375,1,0,2,0,0,0,0,0,1,0,0,1,0,0,1,1,1,1,0,0,-1.890079620949885,0.03974726406041362,-0.4238415603797301
9376,0,0,0,0,0,1,1,0,2,0,0,1,2,0,0,0,0,0,0,2,2.040226094670696,-0.7776126503258846,-0.1535710892304895
9377,0,0,0,0,0,0,0,0,0,0,0,0,0,0,0,1,1,0,1,0,-1.1566009624482743,-0.7594335178262552,-1.5390721956854405
9378,1,0,1,0,0,1,0,0,1,0,0,1,1,0,1,0,1,0,1,1,0.7180966595251748,-0.8180950562221732,-0.26081372433625727
9379,0,1,0,0,0,2,0,0,0,0,1,1,0,1,1,0,1,1,0,0,-0.8049890760187085,-0.5663098117740702,0.680736379580595
