site,round,x,f
site01,0,-3.0,-0.5904125571250916
site01,0,-2.900000095367432,-0.5690481662750244
site01,0,-2.799999952316284,-0.5476837754249573
site01,0,-2.700000047683716,-0.5263192653656006
site01,0,-2.5999999046325684,-0.5049547553062439
site01,0,-2.5,-0.4835904836654663
site01,0,-2.400000095367432,-0.4622259736061096
site01,0,-2.299999952316284,-0.4408615231513977
site01,0,-2.200000047683716,-0.4194971323013305
site01,0,-2.0999999046325684,-0.3981326818466186
site01,0,-2.0,-0.3767682313919067
site01,0,-1.899999976158142,-0.3553285002708435
site01,0,-1.7999999523162842,-0.3338808417320251
site01,0,-1.7000000476837158,-0.3131642937660217
site01,0,-1.600000023841858,-0.2983168065547943
site01,0,-1.5,-0.2846099734306335
site01,0,-1.399999976158142,-0.2704468965530395
site01,0,-1.2999999523162842,-0.2561458647251129
site01,0,-1.2000000476837158,-0.2401943802833557
site01,0,-1.100000023841858,-0.224772498011589
site01,0,-1.0,-0.2138559371232986
site01,0,-0.8999999761581421,-0.205715149641037
site01,0,-0.800000011920929,-0.1999549120664596
site01,0,-0.699999988079071,-0.2004539221525192
site01,0,-0.6000000238418579,-0.2018320113420486
site01,0,-0.5,-0.2004925012588501
site01,0,-0.4000000059604645,-0.1991301625967025
site01,0,-0.3000000119209289,-0.1950061470270156
site01,0,-0.2000000029802322,-0.1893548965454101
site01,0,-0.1000000014901161,-0.183259055018425
site01,0,0.0,-0.1808338165283203
site01,0,0.1000000014901161,-0.1735035181045532
site01,0,0.2000000029802322,-0.1622699201107025
site01,0,0.3000000119209289,-0.1514972001314163
site01,0,0.4000000059604645,-0.1433814764022827
site01,0,0.5,-0.1352380812168121
site01,0,0.6000000238418579,-0.127101644873619
site01,0,0.699999988079071,-0.1183304637670517
site01,0,0.800000011920929,-0.1141646355390548
site01,0,0.8999999761581421,-0.1122294515371322
site01,0,1.0,-0.1097657158970832
site01,0,1.100000023841858,-0.1126752346754074
site01,0,1.2000000476837158,-0.1154588311910629
site01,0,1.2999999523162842,-0.1164073124527931
site01,0,1.399999976158142,-0.1173558160662651
site01,0,1.5,-0.1183042898774147
site01,0,1.600000023841858,-0.1189294308423996
site01,0,1.7000000476837158,-0.1201667338609695
site01,0,1.7999999523162842,-0.1214040294289588
site01,0,1.899999976158142,-0.122641310095787
site01,0,2.0,-0.122996836900711
site01,0,2.0999999046325684,-0.1228236556053161
site01,0,2.200000047683716,-0.1244911700487136
site01,0,2.299999952316284,-0.1284067034721374
site01,0,2.400000095367432,-0.1290503889322281
site01,0,2.5,-0.1296940594911575
site01,0,2.5999999046325684,-0.1303377151489257
site01,0,2.700000047683716,-0.1309813857078552
site01,0,2.799999952316284,-0.1316950470209121
site01,0,2.900000095367432,-0.1330975294113159
site01,0,3.0,-0.1344999521970749
site01,1,-3.0,-2.220931053161621
site01,1,-2.900000095367432,-2.145895481109619
site01,1,-2.799999952316284,-2.070859909057617
site01,1,-2.700000047683716,-1.995824098587036
site01,1,-2.5999999046325684,-1.920788288116455
site01,1,-2.5,-1.845752596855164
site01,1,-2.400000095367432,-1.770716905593872
site01,1,-2.299999952316284,-1.69568133354187
site01,1,-2.200000047683716,-1.620645523071289
site01,1,-2.0999999046325684,-1.545609712600708
site01,1,-2.0,-1.4705740213394165
site01,1,-1.899999976158142,-1.395538330078125
site01,1,-1.7999999523162842,-1.320502519607544
site01,1,-1.7000000476837158,-1.2460980415344238
site01,1,-1.600000023841858,-1.1764556169509888
site01,1,-1.5,-1.1075589656829834
site01,1,-1.399999976158142,-1.038885474205017
site01,1,-1.2999999523162842,-0.9702120423316956
site01,1,-1.2000000476837158,-0.9035980701446532
site01,1,-1.100000023841858,-0.8417547345161438
site01,1,-1.0,-0.7794167399406433
site01,1,-0.8999999761581421,-0.7170785665512085
site01,1,-0.800000011920929,-0.6559008359909058
site01,1,-0.699999988079071,-0.6108481884002686
site01,1,-0.6000000238418579,-0.5793793797492981
site01,1,-0.5,-0.5473583936691284
site01,1,-0.4000000059604645,-0.5147037506103516
site01,1,-0.3000000119209289,-0.4761807322502136
site01,1,-0.2000000029802322,-0.4347953498363495
site01,1,-0.1000000014901161,-0.3798351883888244
site01,1,0.0,-0.319434642791748
site01,1,0.1000000014901161,-0.2486717998981475
site01,1,0.2000000029802322,-0.1756629645824432
site01,1,0.3000000119209289,-0.1026541292667388
site01,1,0.4000000059604645,-0.038953348994255
site01,1,0.5,0.0239274129271507
site01,1,0.6000000238418579,0.0876408889889717
site01,1,0.699999988079071,0.1434880197048187
site01,1,0.800000011920929,0.1970791220664978
site01,1,0.8999999761581421,0.2535772621631622
site01,1,1.0,0.3007505536079407
site01,1,1.100000023841858,0.3425800800323486
site01,1,1.2000000476837158,0.384098619222641
site01,1,1.2999999523162842,0.4223262965679168
site01,1,1.399999976158142,0.4526829421520233
site01,1,1.5,0.4842662513256073
site01,1,1.600000023841858,0.5136335492134094
site01,1,1.7000000476837158,0.54106205701828
site01,1,1.7999999523162842,0.5693958401679993
site01,1,1.899999976158142,0.5975525379180908
site01,1,2.0,0.6252151131629944
site01,1,2.0999999046325684,0.652877688407898
site01,1,2.200000047683716,0.6805402636528015
site01,1,2.299999952316284,0.7082027792930603
site01,1,2.400000095367432,0.7358653545379639
site01,1,2.5,0.763528048992157
site01,1,2.5999999046325684,0.7910661697387695
site01,1,2.700000047683716,0.8182181715965271
site01,1,2.799999952316284,0.8453701138496399
site01,1,2.900000095367432,0.8725221157073975
site01,1,3.0,0.899674117565155
site01,2,-3.0,-1.9167309999465945
site01,2,-2.900000095367432,-1.8460248708724976
site01,2,-2.799999952316284,-1.7753185033798218
site01,2,-2.700000047683716,-1.704612374305725
site01,2,-2.5999999046325684,-1.6339062452316284
site01,2,-2.5,-1.5632001161575315
site01,2,-2.400000095367432,-1.4924938678741455
site01,2,-2.299999952316284,-1.4217876195907593
site01,2,-2.200000047683716,-1.3510814905166626
site01,2,-2.0999999046325684,-1.2803751230239868
site01,2,-2.0,-1.20966899394989
site01,2,-1.899999976158142,-1.138962745666504
site01,2,-1.7999999523162842,-1.0682566165924072
site01,2,-1.7000000476837158,-1.002072811126709
site01,2,-1.600000023841858,-0.9436254501342772
site01,2,-1.5,-0.884638786315918
site01,2,-1.399999976158142,-0.825652003288269
site01,2,-1.2999999523162842,-0.7692840099334717
site01,2,-1.2000000476837158,-0.717272162437439
site01,2,-1.100000023841858,-0.6671510934829712
site01,2,-1.0,-0.6165487766265869
site01,2,-0.8999999761581421,-0.5659464597702026
site01,2,-0.800000011920929,-0.5196000933647156
site01,2,-0.699999988079071,-0.487626850605011
site01,2,-0.6000000238418579,-0.4612697064876556
site01,2,-0.5,-0.4335933327674866
site01,2,-0.4000000059604645,-0.4059169590473175
site01,2,-0.3000000119209289,-0.3728633821010589
site01,2,-0.2000000029802322,-0.3331291079521179
site01,2,-0.1000000014901161,-0.2822902798652649
site01,2,0.0,-0.2328139245510101
site01,2,0.1000000014901161,-0.1779119670391082
site01,2,0.2000000029802322,-0.1271589696407318
site01,2,0.3000000119209289,-0.0764377266168594
site01,2,0.4000000059604645,-0.0264254659414291
site01,2,0.5,0.02349254488945
site01,2,0.6000000238418579,0.0727012455463409
site01,2,0.699999988079071,0.1149870157241821
site01,2,0.800000011920929,0.1570633947849273
site01,2,0.8999999761581421,0.2017603814601898
site01,2,1.0,0.2465585768222808
site01,2,1.100000023841858,0.2899622023105621
site01,2,1.2000000476837158,0.3296986520290375
site01,2,1.2999999523162842,0.3649651706218719
site01,2,1.399999976158142,0.3937555849552154
site01,2,1.5,0.4227191507816314
site01,2,1.600000023841858,0.4491720497608185
site01,2,1.7000000476837158,0.4728275835514068
site01,2,1.7999999523162842,0.4954855740070343
site01,2,1.899999976158142,0.51838219165802
site01,2,2.0,0.5413312911987305
site01,2,2.0999999046325684,0.5642802715301514
site01,2,2.200000047683716,0.5872293710708618
site01,2,2.299999952316284,0.6101783514022827
site01,2,2.400000095367432,0.6331274509429932
site01,2,2.5,0.6560763120651245
site01,2,2.5999999046325684,0.679025411605835
site01,2,2.700000047683716,0.7019091844558716
site01,2,2.799999952316284,0.724601149559021
site01,2,2.900000095367432,0.74729323387146
site01,2,3.0,0.7699851989746094
site01,3,-3.0,-2.0870614051818848
site01,3,-2.900000095367432,-2.0092172622680664
site01,3,-2.799999952316284,-1.9313734769821167
site01,3,-2.700000047683716,-1.853529691696167
site01,3,-2.5999999046325684,-1.7756856679916382
site01,3,-2.5,-1.697841763496399
site01,3,-2.400000095367432,-1.6199978590011597
site01,3,-2.299999952316284,-1.5421538352966309
site01,3,-2.200000047683716,-1.4643160104751587
site01,3,-2.0999999046325684,-1.386478066444397
site01,3,-2.0,-1.3086402416229248
site01,3,-1.899999976158142,-1.2308024168014526
site01,3,-1.7999999523162842,-1.152964472770691
site01,3,-1.7000000476837158,-1.0749257802963257
site01,3,-1.600000023841858,-0.997803509235382
site01,3,-1.5,-0.922445833683014
site01,3,-1.399999976158142,-0.8471015095710754
site01,3,-1.2999999523162842,-0.773164689540863
site01,3,-1.2000000476837158,-0.7152965664863586
site01,3,-1.100000023841858,-0.6698235869407654
site01,3,-1.0,-0.6237003207206726
site01,3,-0.8999999761581421,-0.5773189067840576
site01,3,-0.800000011920929,-0.5376607775688171
site01,3,-0.699999988079071,-0.51116943359375
site01,3,-0.6000000238418579,-0.4871869683265686
site01,3,-0.5,-0.4619667530059814
site01,3,-0.4000000059604645,-0.4361354112625122
site01,3,-0.3000000119209289,-0.4034109115600586
site01,3,-0.2000000029802322,-0.3607175946235657
site01,3,-0.1000000014901161,-0.3056601881980896
site01,3,0.0,-0.250565230846405
site01,3,0.1000000014901161,-0.1887334883213043
site01,3,0.2000000029802322,-0.1275731772184372
site01,3,0.3000000119209289,-0.0730607733130455
site01,3,0.4000000059604645,-0.0185483917593956
site01,3,0.5,0.0359639674425125
site01,3,0.6000000238418579,0.0903275161981582
site01,3,0.699999988079071,0.1435292214155197
site01,3,0.800000011920929,0.192277118563652
site01,3,0.8999999761581421,0.2393995076417923
site01,3,1.0,0.2861212491989136
site01,3,1.100000023841858,0.3321982026100158
site01,3,1.2000000476837158,0.373417317867279
site01,3,1.2999999523162842,0.4128016829490661
site01,3,1.399999976158142,0.444451093673706
site01,3,1.5,0.4762241244316101
site01,3,1.600000023841858,0.5049400925636292
site01,3,1.7000000476837158,0.5308017730712891
site01,3,1.7999999523162842,0.556663453578949
site01,3,1.899999976158142,0.583012044429779
site01,3,2.0,0.6094518899917603
site01,3,2.0999999046325684,0.6358917355537415
site01,3,2.200000047683716,0.6623315215110779
site01,3,2.299999952316284,0.6887714266777039
site01,3,2.400000095367432,0.7152112722396851
site01,3,2.5,0.7416509985923767
site01,3,2.5999999046325684,0.7680909037590027
site01,3,2.700000047683716,0.7944242358207703
site01,3,2.799999952316284,0.8205397725105286
site01,3,2.900000095367432,0.8466554284095764
site01,3,3.0,0.8727710247039795
site01,4,-3.0,-2.0275585651397705
site01,4,-2.900000095367432,-1.9482228755950928
site01,4,-2.799999952316284,-1.8688868284225464
site01,4,-2.700000047683716,-1.78955078125
site01,4,-2.5999999046325684,-1.7102148532867432
site01,4,-2.5,-1.6308789253234863
site01,4,-2.400000095367432,-1.5515429973602295
site01,4,-2.299999952316284,-1.4722068309783936
site01,4,-2.200000047683716,-1.3928709030151367
site01,4,-2.0999999046325684,-1.31353497505188
site01,4,-2.0,-1.234199047088623
site01,4,-1.899999976158142,-1.1548922061920166
site01,4,-1.7999999523162842,-1.075620174407959
site01,4,-1.7000000476837158,-0.99634850025177
site01,4,-1.600000023841858,-0.9173092842102052
site01,4,-1.5,-0.841752290725708
site01,4,-1.399999976158142,-0.7661951780319214
site01,4,-1.2999999523162842,-0.6948550939559937
site01,4,-1.2000000476837158,-0.6403638124465942
site01,4,-1.100000023841858,-0.5973863005638123
site01,4,-1.0,-0.554122269153595
site01,4,-0.8999999761581421,-0.5108125805854797
site01,4,-0.800000011920929,-0.4792141914367676
site01,4,-0.699999988079071,-0.4599956274032593
site01,4,-0.6000000238418579,-0.4396346509456634
site01,4,-0.5,-0.4160307943820953
site01,4,-0.4000000059604645,-0.3899675011634826
site01,4,-0.3000000119209289,-0.3479740023612976
site01,4,-0.2000000029802322,-0.3003087043762207
site01,4,-0.1000000014901161,-0.2460035383701324
site01,4,0.0,-0.1916984021663665
site01,4,0.1000000014901161,-0.1303448230028152
site01,4,0.2000000029802322,-0.0738608166575431
site01,4,0.3000000119209289,-0.0208271741867065
site01,4,0.4000000059604645,0.0316950306296348
site01,4,0.5,0.0805074945092201
site01,4,0.6000000238418579,0.1286426186561584
site01,4,0.699999988079071,0.1777779757976532
site01,4,0.800000011920929,0.2238993346691131
site01,4,0.8999999761581421,0.2639419138431549
site01,4,1.0,0.3087493479251861
site01,4,1.100000023841858,0.351370245218277
site01,4,1.2000000476837158,0.3932988047599792
site01,4,1.2999999523162842,0.4276582896709442
site01,4,1.399999976158142,0.4580570161342621
site01,4,1.5,0.4890605509281158
site01,4,1.600000023841858,0.519526481628418
site01,4,1.7000000476837158,0.5467365980148315
site01,4,1.7999999523162842,0.5723101496696472
site01,4,1.899999976158142,0.5979325771331787
site01,4,2.0,0.6237834692001343
site01,4,2.0999999046325684,0.6496343016624451
site01,4,2.200000047683716,0.6754852533340454
site01,4,2.299999952316284,0.7013360261917114
site01,4,2.400000095367432,0.727186918258667
site01,4,2.5,0.7530378103256226
site01,4,2.5999999046325684,0.7788887023925781
site01,4,2.700000047683716,0.8047395348548889
site01,4,2.799999952316284,0.8304306864738464
site01,4,2.900000095367432,0.8561180830001831
site01,4,3.0,0.8818053007125854
site01,5,-3.0,-2.077376365661621
site01,5,-2.900000095367432,-1.993911862373352
site01,5,-2.799999952316284,-1.9104467630386357
site01,5,-2.700000047683716,-1.8269819021224976
site01,5,-2.5999999046325684,-1.74351704120636
site01,5,-2.5,-1.660051941871643
site01,5,-2.400000095367432,-1.576587200164795
site01,5,-2.299999952316284,-1.4931222200393677
site01,5,-2.200000047683716,-1.4096574783325195
site01,5,-2.0999999046325684,-1.3261923789978027
site01,5,-2.0,-1.242727518081665
site01,5,-1.899999976158142,-1.1592626571655271
site01,5,-1.7999999523162842,-1.0757976770401
site01,5,-1.7000000476837158,-0.9923328161239624
site01,5,-1.600000023841858,-0.9088679552078248
site01,5,-1.5,-0.8254029750823975
site01,5,-1.399999976158142,-0.7459172010421753
site01,5,-1.2999999523162842,-0.6652849912643433
site01,5,-1.2000000476837158,-0.6027343273162842
site01,5,-1.100000023841858,-0.5638862252235413
site01,5,-1.0,-0.5248831510543823
site01,5,-0.8999999761581421,-0.4884840548038482
site01,5,-0.800000011920929,-0.4644692242145538
site01,5,-0.699999988079071,-0.4482626914978027
site01,5,-0.6000000238418579,-0.4309126436710357
site01,5,-0.5,-0.4101950526237488
site01,5,-0.4000000059604645,-0.3891151249408722
site01,5,-0.3000000119209289,-0.3604753613471985
site01,5,-0.2000000029802322,-0.3252811729907989
site01,5,-0.1000000014901161,-0.2781512141227722
site01,5,0.0,-0.2265813648700714
site01,5,0.1000000014901161,-0.1703013926744461
site01,5,0.2000000029802322,-0.1192660927772522
site01,5,0.3000000119209289,-0.0689902156591415
site01,5,0.4000000059604645,-0.0209213495254516
site01,5,0.5,0.0254468470811843
site01,5,0.6000000238418579,0.0713595747947692
site01,5,0.699999988079071,0.118650197982788
site01,5,0.800000011920929,0.1643442213535308
site01,5,0.8999999761581421,0.207920104265213
site01,5,1.0,0.2541250884532928
site01,5,1.100000023841858,0.2993904948234558
site01,5,1.2000000476837158,0.3428451716899872
site01,5,1.2999999523162842,0.3858499228954315
site01,5,1.399999976158142,0.4205814898014068
site01,5,1.5,0.4514508545398712
site01,5,1.600000023841858,0.4811835587024688
site01,5,1.7000000476837158,0.508695125579834
site01,5,1.7999999523162842,0.5345048904418945
site01,5,1.899999976158142,0.5590766668319702
site01,5,2.0,0.5837948322296143
site01,5,2.0999999046325684,0.6086286306381226
site01,5,2.200000047683716,0.6334624290466309
site01,5,2.299999952316284,0.6582961082458496
site01,5,2.400000095367432,0.6831299066543579
site01,5,2.5,0.7079637050628662
site01,5,2.5999999046325684,0.732797384262085
site01,5,2.700000047683716,0.7576311826705933
site01,5,2.799999952316284,0.782740592956543
site01,5,2.900000095367432,0.8088822364807129
site01,5,3.0,0.8350237607955933
site02,0,-3.0,-0.5904125571250916
site02,0,-2.900000095367432,-0.5690481662750244
site02,0,-2.799999952316284,-0.5476837754249573
site02,0,-2.700000047683716,-0.5263192653656006
site02,0,-2.5999999046325684,-0.5049547553062439
site02,0,-2.5,-0.4835904836654663
site02,0,-2.400000095367432,-0.4622259736061096
site02,0,-2.299999952316284,-0.4408615231513977
site02,0,-2.200000047683716,-0.4194971323013305
site02,0,-2.0999999046325684,-0.3981326818466186
site02,0,-2.0,-0.3767682313919067
site02,0,-1.899999976158142,-0.3553285002708435
site02,0,-1.7999999523162842,-0.3338808417320251
site02,0,-1.7000000476837158,-0.3131642937660217
site02,0,-1.600000023841858,-0.2983168065547943
site02,0,-1.5,-0.2846099734306335
site02,0,-1.399999976158142,-0.2704468965530395
site02,0,-1.2999999523162842,-0.2561458647251129
site02,0,-1.2000000476837158,-0.2401943802833557
site02,0,-1.100000023841858,-0.224772498011589
site02,0,-1.0,-0.2138559371232986
site02,0,-0.8999999761581421,-0.205715149641037
site02,0,-0.800000011920929,-0.1999549120664596
site02,0,-0.699999988079071,-0.2004539221525192
site02,0,-0.6000000238418579,-0.2018320113420486
site02,0,-0.5,-0.2004925012588501
site02,0,-0.4000000059604645,-0.1991301625967025
site02,0,-0.3000000119209289,-0.1950061470270156
site02,0,-0.2000000029802322,-0.1893548965454101
site02,0,-0.1000000014901161,-0.183259055018425
site02,0,0.0,-0.1808338165283203
site02,0,0.1000000014901161,-0.1735035181045532
site02,0,0.2000000029802322,-0.1622699201107025
site02,0,0.3000000119209289,-0.1514972001314163
site02,0,0.4000000059604645,-0.1433814764022827
site02,0,0.5,-0.1352380812168121
site02,0,0.6000000238418579,-0.127101644873619
site02,0,0.699999988079071,-0.1183304637670517
site02,0,0.800000011920929,-0.1141646355390548
site02,0,0.8999999761581421,-0.1122294515371322
site02,0,1.0,-0.1097657158970832
site02,0,1.100000023841858,-0.1126752346754074
site02,0,1.2000000476837158,-0.1154588311910629
site02,0,1.2999999523162842,-0.1164073124527931
site02,0,1.399999976158142,-0.1173558160662651
site02,0,1.5,-0.1183042898774147
site02,0,1.600000023841858,-0.1189294308423996
site02,0,1.7000000476837158,-0.1201667338609695
site02,0,1.7999999523162842,-0.1214040294289588
site02,0,1.899999976158142,-0.122641310095787
site02,0,2.0,-0.122996836900711
site02,0,2.0999999046325684,-0.1228236556053161
site02,0,2.200000047683716,-0.1244911700487136
site02,0,2.299999952316284,-0.1284067034721374
site02,0,2.400000095367432,-0.1290503889322281
site02,0,2.5,-0.1296940594911575
site02,0,2.5999999046325684,-0.1303377151489257
site02,0,2.700000047683716,-0.1309813857078552
site02,0,2.799999952316284,-0.1316950470209121
site02,0,2.900000095367432,-0.1330975294113159
site02,0,3.0,-0.1344999521970749
site02,1,-3.0,-2.220931053161621
site02,1,-2.900000095367432,-2.145895481109619
site02,1,-2.799999952316284,-2.070859909057617
site02,1,-2.700000047683716,-1.995824098587036
site02,1,-2.5999999046325684,-1.920788288116455
site02,1,-2.5,-1.845752596855164
site02,1,-2.400000095367432,-1.770716905593872
site02,1,-2.299999952316284,-1.69568133354187
site02,1,-2.200000047683716,-1.620645523071289
site02,1,-2.0999999046325684,-1.545609712600708
site02,1,-2.0,-1.4705740213394165
site02,1,-1.899999976158142,-1.395538330078125
site02,1,-1.7999999523162842,-1.320502519607544
site02,1,-1.7000000476837158,-1.2460980415344238
site02,1,-1.600000023841858,-1.1764556169509888
site02,1,-1.5,-1.1075589656829834
site02,1,-1.399999976158142,-1.038885474205017
site02,1,-1.2999999523162842,-0.9702120423316956
site02,1,-1.2000000476837158,-0.9035980701446532
site02,1,-1.100000023841858,-0.8417547345161438
site02,1,-1.0,-0.7794167399406433
site02,1,-0.8999999761581421,-0.7170785665512085
site02,1,-0.800000011920929,-0.6559008359909058
site02,1,-0.699999988079071,-0.6108481884002686
site02,1,-0.6000000238418579,-0.5793793797492981
site02,1,-0.5,-0.5473583936691284
site02,1,-0.4000000059604645,-0.5147037506103516
site02,1,-0.3000000119209289,-0.4761807322502136
site02,1,-0.2000000029802322,-0.4347953498363495
site02,1,-0.1000000014901161,-0.3798351883888244
site02,1,0.0,-0.319434642791748
site02,1,0.1000000014901161,-0.2486717998981475
site02,1,0.2000000029802322,-0.1756629645824432
site02,1,0.3000000119209289,-0.1026541292667388
site02,1,0.4000000059604645,-0.038953348994255
site02,1,0.5,0.0239274129271507
site02,1,0.6000000238418579,0.0876408889889717
site02,1,0.699999988079071,0.1434880197048187
site02,1,0.800000011920929,0.1970791220664978
site02,1,0.8999999761581421,0.2535772621631622
site02,1,1.0,0.3007505536079407
site02,1,1.100000023841858,0.3425800800323486
site02,1,1.2000000476837158,0.384098619222641
site02,1,1.2999999523162842,0.4223262965679168
site02,1,1.399999976158142,0.4526829421520233
site02,1,1.5,0.4842662513256073
site02,1,1.600000023841858,0.5136335492134094
site02,1,1.7000000476837158,0.54106205701828
site02,1,1.7999999523162842,0.5693958401679993
site02,1,1.899999976158142,0.5975525379180908
site02,1,2.0,0.6252151131629944
site02,1,2.0999999046325684,0.652877688407898
site02,1,2.200000047683716,0.6805402636528015
site02,1,2.299999952316284,0.7082027792930603
site02,1,2.400000095367432,0.7358653545379639
site02,1,2.5,0.763528048992157
site02,1,2.5999999046325684,0.7910661697387695
site02,1,2.700000047683716,0.8182181715965271
site02,1,2.799999952316284,0.8453701138496399
site02,1,2.900000095367432,0.8725221157073975
site02,1,3.0,0.899674117565155
site02,2,-3.0,-1.9167309999465945
site02,2,-2.900000095367432,-1.8460248708724976
site02,2,-2.799999952316284,-1.7753185033798218
site02,2,-2.700000047683716,-1.704612374305725
site02,2,-2.5999999046325684,-1.6339062452316284
site02,2,-2.5,-1.5632001161575315
site02,2,-2.400000095367432,-1.4924938678741455
site02,2,-2.299999952316284,-1.4217876195907593
site02,2,-2.200000047683716,-1.3510814905166626
site02,2,-2.0999999046325684,-1.2803751230239868
site02,2,-2.0,-1.20966899394989
site02,2,-1.899999976158142,-1.138962745666504
site02,2,-1.7999999523162842,-1.0682566165924072
site02,2,-1.7000000476837158,-1.002072811126709
site02,2,-1.600000023841858,-0.9436254501342772
site02,2,-1.5,-0.884638786315918
site02,2,-1.399999976158142,-0.825652003288269
site02,2,-1.2999999523162842,-0.7692840099334717
site02,2,-1.2000000476837158,-0.717272162437439
site02,2,-1.100000023841858,-0.6671510934829712
site02,2,-1.0,-0.6165487766265869
site02,2,-0.8999999761581421,-0.5659464597702026
site02,2,-0.800000011920929,-0.5196000933647156
site02,2,-0.699999988079071,-0.487626850605011
site02,2,-0.6000000238418579,-0.4612697064876556
site02,2,-0.5,-0.4335933327674866
site02,2,-0.4000000059604645,-0.4059169590473175
site02,2,-0.3000000119209289,-0.3728633821010589
site02,2,-0.2000000029802322,-0.3331291079521179
site02,2,-0.1000000014901161,-0.2822902798652649
site02,2,0.0,-0.2328139245510101
site02,2,0.1000000014901161,-0.1779119670391082
site02,2,0.2000000029802322,-0.1271589696407318
site02,2,0.3000000119209289,-0.0764377266168594
site02,2,0.4000000059604645,-0.0264254659414291
site02,2,0.5,0.02349254488945
site02,2,0.6000000238418579,0.0727012455463409
site02,2,0.699999988079071,0.1149870157241821
site02,2,0.800000011920929,0.1570633947849273
site02,2,0.8999999761581421,0.2017603814601898
site02,2,1.0,0.2465585768222808
site02,2,1.100000023841858,0.2899622023105621
site02,2,1.2000000476837158,0.3296986520290375
site02,2,1.2999999523162842,0.3649651706218719
site02,2,1.399999976158142,0.3937555849552154
site02,2,1.5,0.4227191507816314
site02,2,1.600000023841858,0.4491720497608185
site02,2,1.7000000476837158,0.4728275835514068
site02,2,1.7999999523162842,0.4954855740070343
site02,2,1.899999976158142,0.51838219165802
site02,2,2.0,0.5413312911987305
site02,2,2.0999999046325684,0.5642802715301514
site02,2,2.200000047683716,0.5872293710708618
site02,2,2.299999952316284,0.6101783514022827
site02,2,2.400000095367432,0.6331274509429932
site02,2,2.5,0.6560763120651245
site02,2,2.5999999046325684,0.679025411605835
site02,2,2.700000047683716,0.7019091844558716
site02,2,2.799999952316284,0.724601149559021
site02,2,2.900000095367432,0.74729323387146
site02,2,3.0,0.7699851989746094
site02,3,-3.0,-2.0870614051818848
site02,3,-2.900000095367432,-2.0092172622680664
site02,3,-2.799999952316284,-1.9313734769821167
site02,3,-2.700000047683716,-1.853529691696167
site02,3,-2.5999999046325684,-1.7756856679916382
site02,3,-2.5,-1.697841763496399
site02,3,-2.400000095367432,-1.6199978590011597
site02,3,-2.299999952316284,-1.5421538352966309
site02,3,-2.200000047683716,-1.4643160104751587
site02,3,-2.0999999046325684,-1.386478066444397
site02,3,-2.0,-1.3086402416229248
site02,3,-1.899999976158142,-1.2308024168014526
site02,3,-1.7999999523162842,-1.152964472770691
site02,3,-1.7000000476837158,-1.0749257802963257
site02,3,-1.600000023841858,-0.997803509235382
site02,3,-1.5,-0.922445833683014
site02,3,-1.399999976158142,-0.8471015095710754
site02,3,-1.2999999523162842,-0.773164689540863
site02,3,-1.2000000476837158,-0.7152965664863586
site02,3,-1.100000023841858,-0.6698235869407654
site02,3,-1.0,-0.6237003207206726
site02,3,-0.8999999761581421,-0.5773189067840576
site02,3,-0.800000011920929,-0.5376607775688171
site02,3,-0.699999988079071,-0.51116943359375
site02,3,-0.6000000238418579,-0.4871869683265686
site02,3,-0.5,-0.4619667530059814
site02,3,-0.4000000059604645,-0.4361354112625122
site02,3,-0.3000000119209289,-0.4034109115600586
site02,3,-0.2000000029802322,-0.3607175946235657
site02,3,-0.1000000014901161,-0.3056601881980896
site02,3,0.0,-0.250565230846405
site02,3,0.1000000014901161,-0.1887334883213043
site02,3,0.2000000029802322,-0.1275731772184372
site02,3,0.3000000119209289,-0.0730607733130455
site02,3,0.4000000059604645,-0.0185483917593956
site02,3,0.5,0.0359639674425125
site02,3,0.6000000238418579,0.0903275161981582
site02,3,0.699999988079071,0.1435292214155197
site02,3,0.800000011920929,0.192277118563652
site02,3,0.8999999761581421,0.2393995076417923
site02,3,1.0,0.2861212491989136
site02,3,1.100000023841858,0.3321982026100158
site02,3,1.2000000476837158,0.373417317867279
site02,3,1.2999999523162842,0.4128016829490661
site02,3,1.399999976158142,0.444451093673706
site02,3,1.5,0.4762241244316101
site02,3,1.600000023841858,0.5049400925636292
site02,3,1.7000000476837158,0.5308017730712891
site02,3,1.7999999523162842,0.556663453578949
site02,3,1.899999976158142,0.583012044429779
site02,3,2.0,0.6094518899917603
site02,3,2.0999999046325684,0.6358917355537415
site02,3,2.200000047683716,0.6623315215110779
site02,3,2.299999952316284,0.6887714266777039
site02,3,2.400000095367432,0.7152112722396851
site02,3,2.5,0.7416509985923767
site02,3,2.5999999046325684,0.7680909037590027
site02,3,2.700000047683716,0.7944242358207703
site02,3,2.799999952316284,0.8205397725105286
site02,3,2.900000095367432,0.8466554284095764
site02,3,3.0,0.8727710247039795
site02,4,-3.0,-2.0275585651397705
site02,4,-2.900000095367432,-1.9482228755950928
site02,4,-2.799999952316284,-1.8688868284225464
site02,4,-2.700000047683716,-1.78955078125
site02,4,-2.5999999046325684,-1.7102148532867432
site02,4,-2.5,-1.6308789253234863
site02,4,-2.400000095367432,-1.5515429973602295
site02,4,-2.299999952316284,-1.4722068309783936
site02,4,-2.200000047683716,-1.3928709030151367
site02,4,-2.0999999046325684,-1.31353497505188
site02,4,-2.0,-1.234199047088623
site02,4,-1.899999976158142,-1.1548922061920166
site02,4,-1.7999999523162842,-1.075620174407959
site02,4,-1.7000000476837158,-0.99634850025177
site02,4,-1.600000023841858,-0.9173092842102052
site02,4,-1.5,-0.841752290725708
site02,4,-1.399999976158142,-0.7661951780319214
site02,4,-1.2999999523162842,-0.6948550939559937
site02,4,-1.2000000476837158,-0.6403638124465942
site02,4,-1.100000023841858,-0.5973863005638123
site02,4,-1.0,-0.554122269153595
site02,4,-0.8999999761581421,-0.5108125805854797
site02,4,-0.800000011920929,-0.4792141914367676
site02,4,-0.699999988079071,-0.4599956274032593
site02,4,-0.6000000238418579,-0.4396346509456634
site02,4,-0.5,-0.4160307943820953
site02,4,-0.4000000059604645,-0.3899675011634826
site02,4,-0.3000000119209289,-0.3479740023612976
site02,4,-0.2000000029802322,-0.3003087043762207
site02,4,-0.1000000014901161,-0.2460035383701324
site02,4,0.0,-0.1916984021663665
site02,4,0.1000000014901161,-0.1303448230028152
site02,4,0.2000000029802322,-0.0738608166575431
site02,4,0.3000000119209289,-0.0208271741867065
site02,4,0.4000000059604645,0.0316950306296348
site02,4,0.5,0.0805074945092201
site02,4,0.6000000238418579,0.1286426186561584
site02,4,0.699999988079071,0.1777779757976532
site02,4,0.800000011920929,0.2238993346691131
site02,4,0.8999999761581421,0.2639419138431549
site02,4,1.0,0.3087493479251861
site02,4,1.100000023841858,0.351370245218277
site02,4,1.2000000476837158,0.3932988047599792
site02,4,1.2999999523162842,0.4276582896709442
site02,4,1.399999976158142,0.4580570161342621
site02,4,1.5,0.4890605509281158
site02,4,1.600000023841858,0.519526481628418
site02,4,1.7000000476837158,0.5467365980148315
site02,4,1.7999999523162842,0.5723101496696472
site02,4,1.899999976158142,0.5979325771331787
site02,4,2.0,0.6237834692001343
site02,4,2.0999999046325684,0.6496343016624451
site02,4,2.200000047683716,0.6754852533340454
site02,4,2.299999952316284,0.7013360261917114
site02,4,2.400000095367432,0.727186918258667
site02,4,2.5,0.7530378103256226
site02,4,2.5999999046325684,0.7788887023925781
site02,4,2.700000047683716,0.8047395348548889
site02,4,2.799999952316284,0.8304306864738464
site02,4,2.900000095367432,0.8561180830001831
site02,4,3.0,0.8818053007125854
site02,5,-3.0,-2.077376365661621
site02,5,-2.900000095367432,-1.993911862373352
site02,5,-2.799999952316284,-1.9104467630386357
site02,5,-2.700000047683716,-1.8269819021224976
site02,5,-2.5999999046325684,-1.74351704120636
site02,5,-2.5,-1.660051941871643
site02,5,-2.400000095367432,-1.576587200164795
site02,5,-2.299999952316284,-1.4931222200393677
site02,5,-2.200000047683716,-1.4096574783325195
site02,5,-2.0999999046325684,-1.3261923789978027
site02,5,-2.0,-1.242727518081665
site02,5,-1.899999976158142,-1.1592626571655271
site02,5,-1.7999999523162842,-1.0757976770401
site02,5,-1.7000000476837158,-0.9923328161239624
site02,5,-1.600000023841858,-0.9088679552078248
site02,5,-1.5,-0.8254029750823975
site02,5,-1.399999976158142,-0.7459172010421753
site02,5,-1.2999999523162842,-0.6652849912643433
site02,5,-1.2000000476837158,-0.6027343273162842
site02,5,-1.100000023841858,-0.5638862252235413
site02,5,-1.0,-0.5248831510543823
site02,5,-0.8999999761581421,-0.4884840548038482
site02,5,-0.800000011920929,-0.4644692242145538
site02,5,-0.699999988079071,-0.4482626914978027
site02,5,-0.6000000238418579,-0.4309126436710357
site02,5,-0.5,-0.4101950526237488
site02,5,-0.4000000059604645,-0.3891151249408722
site02,5,-0.3000000119209289,-0.3604753613471985
site02,5,-0.2000000029802322,-0.3252811729907989
site02,5,-0.1000000014901161,-0.2781512141227722
site02,5,0.0,-0.2265813648700714
site02,5,0.1000000014901161,-0.1703013926744461
site02,5,0.2000000029802322,-0.1192660927772522
site02,5,0.3000000119209289,-0.0689902156591415
site02,5,0.4000000059604645,-0.0209213495254516
site02,5,0.5,0.0254468470811843
site02,5,0.6000000238418579,0.0713595747947692
site02,5,0.699999988079071,0.118650197982788
site02,5,0.800000011920929,0.1643442213535308
site02,5,0.8999999761581421,0.207920104265213
site02,5,1.0,0.2541250884532928
site02,5,1.100000023841858,0.2993904948234558
site02,5,1.2000000476837158,0.3428451716899872
site02,5,1.2999999523162842,0.3858499228954315
site02,5,1.399999976158142,0.4205814898014068
site02,5,1.5,0.4514508545398712
site02,5,1.600000023841858,0.4811835587024688
site02,5,1.7000000476837158,0.508695125579834
site02,5,1.7999999523162842,0.5345048904418945
site02,5,1.899999976158142,0.5590766668319702
site02,5,2.0,0.5837948322296143
site02,5,2.0999999046325684,0.6086286306381226
site02,5,2.200000047683716,0.6334624290466309
site02,5,2.299999952316284,0.6582961082458496
site02,5,2.400000095367432,0.6831299066543579
site02,5,2.5,0.7079637050628662
site02,5,2.5999999046325684,0.732797384262085
site02,5,2.700000047683716,0.7576311826705933
site02,5,2.799999952316284,0.782740592956543
site02,5,2.900000095367432,0.8088822364807129
site02,5,3.0,0.8350237607955933
site03,0,-3.0,-0.5904125571250916
site03,0,-2.900000095367432,-0.5690481662750244
site03,0,-2.799999952316284,-0.5476837754249573
site03,0,-2.700000047683716,-0.5263192653656006
site03,0,-2.5999999046325684,-0.5049547553062439
site03,0,-2.5,-0.4835904836654663
site03,0,-2.400000095367432,-0.4622259736061096
site03,0,-2.299999952316284,-0.4408615231513977
site03,0,-2.200000047683716,-0.4194971323013305
site03,0,-2.0999999046325684,-0.3981326818466186
site03,0,-2.0,-0.3767682313919067
site03,0,-1.899999976158142,-0.3553285002708435
site03,0,-1.7999999523162842,-0.3338808417320251
site03,0,-1.7000000476837158,-0.3131642937660217
site03,0,-1.600000023841858,-0.2983168065547943
site03,0,-1.5,-0.2846099734306335
site03,0,-1.399999976158142,-0.2704468965530395
site03,0,-1.2999999523162842,-0.2561458647251129
site03,0,-1.2000000476837158,-0.2401943802833557
site03,0,-1.100000023841858,-0.224772498011589
site03,0,-1.0,-0.2138559371232986
site03,0,-0.8999999761581421,-0.205715149641037
site03,0,-0.800000011920929,-0.1999549120664596
site03,0,-0.699999988079071,-0.2004539221525192
site03,0,-0.6000000238418579,-0.2018320113420486
site03,0,-0.5,-0.2004925012588501
site03,0,-0.4000000059604645,-0.1991301625967025
site03,0,-0.3000000119209289,-0.1950061470270156
site03,0,-0.2000000029802322,-0.1893548965454101
site03,0,-0.1000000014901161,-0.183259055018425
site03,0,0.0,-0.1808338165283203
site03,0,0.1000000014901161,-0.1735035181045532
site03,0,0.2000000029802322,-0.1622699201107025
site03,0,0.3000000119209289,-0.1514972001314163
site03,0,0.4000000059604645,-0.1433814764022827
site03,0,0.5,-0.1352380812168121
site03,0,0.6000000238418579,-0.127101644873619
site03,0,0.699999988079071,-0.1183304637670517
site03,0,0.800000011920929,-0.1141646355390548
site03,0,0.8999999761581421,-0.1122294515371322
site03,0,1.0,-0.1097657158970832
site03,0,1.100000023841858,-0.1126752346754074
site03,0,1.2000000476837158,-0.1154588311910629
site03,0,1.2999999523162842,-0.1164073124527931
site03,0,1.399999976158142,-0.1173558160662651
site03,0,1.5,-0.1183042898774147
site03,0,1.600000023841858,-0.1189294308423996
site03,0,1.7000000476837158,-0.1201667338609695
site03,0,1.7999999523162842,-0.1214040294289588
site03,0,1.899999976158142,-0.122641310095787
site03,0,2.0,-0.122996836900711
site03,0,2.0999999046325684,-0.1228236556053161
site03,0,2.200000047683716,-0.1244911700487136
site03,0,2.299999952316284,-0.1284067034721374
site03,0,2.400000095367432,-0.1290503889322281
site03,0,2.5,-0.1296940594911575
site03,0,2.5999999046325684,-0.1303377151489257
site03,0,2.700000047683716,-0.1309813857078552
site03,0,2.799999952316284,-0.1316950470209121
site03,0,2.900000095367432,-0.1330975294113159
site03,0,3.0,-0.1344999521970749
site03,1,-3.0,-2.220931053161621
site03,1,-2.900000095367432,-2.145895481109619
site03,1,-2.799999952316284,-2.070859909057617
site03,1,-2.700000047683716,-1.995824098587036
site03,1,-2.5999999046325684,-1.920788288116455
site03,1,-2.5,-1.845752596855164
site03,1,-2.400000095367432,-1.770716905593872
site03,1,-2.299999952316284,-1.69568133354187
site03,1,-2.200000047683716,-1.620645523071289
site03,1,-2.0999999046325684,-1.545609712600708
site03,1,-2.0,-1.4705740213394165
site03,1,-1.899999976158142,-1.395538330078125
site03,1,-1.7999999523162842,-1.320502519607544
site03,1,-1.7000000476837158,-1.2460980415344238
site03,1,-1.600000023841858,-1.1764556169509888
site03,1,-1.5,-1.1075589656829834
site03,1,-1.399999976158142,-1.038885474205017
site03,1,-1.2999999523162842,-0.9702120423316956
site03,1,-1.2000000476837158,-0.9035980701446532
site03,1,-1.100000023841858,-0.8417547345161438
site03,1,-1.0,-0.7794167399406433
site03,1,-0.8999999761581421,-0.7170785665512085
site03,1,-0.800000011920929,-0.6559008359909058
site03,1,-0.699999988079071,-0.6108481884002686
site03,1,-0.6000000238418579,-0.5793793797492981
site03,1,-0.5,-0.5473583936691284
site03,1,-0.4000000059604645,-0.5147037506103516
site03,1,-0.3000000119209289,-0.4761807322502136
site03,1,-0.2000000029802322,-0.4347953498363495
site03,1,-0.1000000014901161,-0.3798351883888244
site03,1,0.0,-0.319434642791748
site03,1,0.1000000014901161,-0.2486717998981475
site03,1,0.2000000029802322,-0.1756629645824432
site03,1,0.3000000119209289,-0.1026541292667388
site03,1,0.4000000059604645,-0.038953348994255
site03,1,0.5,0.0239274129271507
site03,1,0.6000000238418579,0.0876408889889717
site03,1,0.699999988079071,0.1434880197048187
site03,1,0.800000011920929,0.1970791220664978
site03,1,0.8999999761581421,0.2535772621631622
site03,1,1.0,0.3007505536079407
site03,1,1.100000023841858,0.3425800800323486
site03,1,1.2000000476837158,0.384098619222641
site03,1,1.2999999523162842,0.4223262965679168
site03,1,1.399999976158142,0.4526829421520233
site03,1,1.5,0.4842662513256073
site03,1,1.600000023841858,0.5136335492134094
site03,1,1.7000000476837158,0.54106205701828
site03,1,1.7999999523162842,0.5693958401679993
site03,1,1.899999976158142,0.5975525379180908
site03,1,2.0,0.6252151131629944
site03,1,2.0999999046325684,0.652877688407898
site03,1,2.200000047683716,0.6805402636528015
site03,1,2.299999952316284,0.7082027792930603
site03,1,2.400000095367432,0.7358653545379639
site03,1,2.5,0.763528048992157
site03,1,2.5999999046325684,0.7910661697387695
site03,1,2.700000047683716,0.8182181715965271
site03,1,2.799999952316284,0.8453701138496399
site03,1,2.900000095367432,0.8725221157073975
site03,1,3.0,0.899674117565155
site03,2,-3.0,-1.9167309999465945
site03,2,-2.900000095367432,-1.8460248708724976
site03,2,-2.799999952316284,-1.7753185033798218
site03,2,-2.700000047683716,-1.704612374305725
site03,2,-2.5999999046325684,-1.6339062452316284
site03,2,-2.5,-1.5632001161575315
site03,2,-2.400000095367432,-1.4924938678741455
site03,2,-2.299999952316284,-1.4217876195907593
site03,2,-2.200000047683716,-1.3510814905166626
site03,2,-2.0999999046325684,-1.2803751230239868
site03,2,-2.0,-1.20966899394989
site03,2,-1.899999976158142,-1.138962745666504
site03,2,-1.7999999523162842,-1.0682566165924072
site03,2,-1.7000000476837158,-1.002072811126709
site03,2,-1.600000023841858,-0.9436254501342772
site03,2,-1.5,-0.884638786315918
site03,2,-1.399999976158142,-0.825652003288269
site03,2,-1.2999999523162842,-0.7692840099334717
site03,2,-1.2000000476837158,-0.717272162437439
site03,2,-1.100000023841858,-0.6671510934829712
site03,2,-1.0,-0.6165487766265869
site03,2,-0.8999999761581421,-0.5659464597702026
site03,2,-0.800000011920929,-0.5196000933647156
site03,2,-0.699999988079071,-0.487626850605011
site03,2,-0.6000000238418579,-0.4612697064876556
site03,2,-0.5,-0.4335933327674866
site03,2,-0.4000000059604645,-0.4059169590473175
site03,2,-0.3000000119209289,-0.3728633821010589
site03,2,-0.2000000029802322,-0.3331291079521179
site03,2,-0.1000000014901161,-0.2822902798652649
site03,2,0.0,-0.2328139245510101
site03,2,0.1000000014901161,-0.1779119670391082
site03,2,0.2000000029802322,-0.1271589696407318
site03,2,0.3000000119209289,-0.0764377266168594
site03,2,0.4000000059604645,-0.0264254659414291
site03,2,0.5,0.02349254488945
site03,2,0.6000000238418579,0.0727012455463409
site03,2,0.699999988079071,0.1149870157241821
site03,2,0.800000011920929,0.1570633947849273
site03,2,0.8999999761581421,0.2017603814601898
site03,2,1.0,0.2465585768222808
site03,2,1.100000023841858,0.2899622023105621
site03,2,1.2000000476837158,0.3296986520290375
site03,2,1.2999999523162842,0.3649651706218719
site03,2,1.399999976158142,0.3937555849552154
site03,2,1.5,0.4227191507816314
site03,2,1.600000023841858,0.4491720497608185
site03,2,1.7000000476837158,0.4728275835514068
site03,2,1.7999999523162842,0.4954855740070343
site03,2,1.899999976158142,0.51838219165802
site03,2,2.0,0.5413312911987305
site03,2,2.0999999046325684,0.5642802715301514
site03,2,2.200000047683716,0.5872293710708618
site03,2,2.299999952316284,0.6101783514022827
site03,2,2.400000095367432,0.6331274509429932
site03,2,2.5,0.6560763120651245
site03,2,2.5999999046325684,0.679025411605835
site03,2,2.700000047683716,0.7019091844558716
site03,2,2.799999952316284,0.724601149559021
site03,2,2.900000095367432,0.74729323387146
site03,2,3.0,0.7699851989746094
site03,3,-3.0,-2.0870614051818848
site03,3,-2.900000095367432,-2.0092172622680664
site03,3,-2.799999952316284,-1.9313734769821167
site03,3,-2.700000047683716,-1.853529691696167
site03,3,-2.5999999046325684,-1.7756856679916382
site03,3,-2.5,-1.697841763496399
site03,3,-2.400000095367432,-1.6199978590011597
site03,3,-2.299999952316284,-1.5421538352966309
site03,3,-2.200000047683716,-1.4643160104751587
site03,3,-2.0999999046325684,-1.386478066444397
site03,3,-2.0,-1.3086402416229248
site03,3,-1.899999976158142,-1.2308024168014526
site03,3,-1.7999999523162842,-1.152964472770691
site03,3,-1.7000000476837158,-1.0749257802963257
site03,3,-1.600000023841858,-0.997803509235382
site03,3,-1.5,-0.922445833683014
site03,3,-1.399999976158142,-0.8471015095710754
site03,3,-1.2999999523162842,-0.773164689540863
site03,3,-1.2000000476837158,-0.7152965664863586
site03,3,-1.100000023841858,-0.6698235869407654
site03,3,-1.0,-0.6237003207206726
site03,3,-0.8999999761581421,-0.5773189067840576
site03,3,-0.800000011920929,-0.5376607775688171
site03,3,-0.699999988079071,-0.51116943359375
site03,3,-0.6000000238418579,-0.4871869683265686
site03,3,-0.5,-0.4619667530059814
site03,3,-0.4000000059604645,-0.4361354112625122
site03,3,-0.3000000119209289,-0.4034109115600586
site03,3,-0.2000000029802322,-0.3607175946235657
site03,3,-0.1000000014901161,-0.3056601881980896
site03,3,0.0,-0.250565230846405
site03,3,0.1000000014901161,-0.1887334883213043
site03,3,0.2000000029802322,-0.1275731772184372
site03,3,0.3000000119209289,-0.0730607733130455
site03,3,0.4000000059604645,-0.0185483917593956
site03,3,0.5,0.0359639674425125
site03,3,0.6000000238418579,0.0903275161981582
site03,3,0.699999988079071,0.1435292214155197
site03,3,0.800000011920929,0.192277118563652
site03,3,0.8999999761581421,0.2393995076417923
site03,3,1.0,0.2861212491989136
site03,3,1.100000023841858,0.3321982026100158
site03,3,1.2000000476837158,0.373417317867279
site03,3,1.2999999523162842,0.4128016829490661
site03,3,1.399999976158142,0.444451093673706
site03,3,1.5,0.4762241244316101
site03,3,1.600000023841858,0.5049400925636292
site03,3,1.7000000476837158,0.5308017730712891
site03,3,1.7999999523162842,0.556663453578949
site03,3,1.899999976158142,0.583012044429779
site03,3,2.0,0.6094518899917603
site03,3,2.0999999046325684,0.6358917355537415
site03,3,2.200000047683716,0.6623315215110779
site03,3,2.299999952316284,0.6887714266777039
site03,3,2.400000095367432,0.7152112722396851
site03,3,2.5,0.7416509985923767
site03,3,2.5999999046325684,0.7680909037590027
site03,3,2.700000047683716,0.7944242358207703
site03,3,2.799999952316284,0.8205397725105286
site03,3,2.900000095367432,0.8466554284095764
site03,3,3.0,0.8727710247039795
site03,4,-3.0,-2.0275585651397705
site03,4,-2.900000095367432,-1.9482228755950928
site03,4,-2.799999952316284,-1.8688868284225464
site03,4,-2.700000047683716,-1.78955078125
site03,4,-2.5999999046325684,-1.7102148532867432
site03,4,-2.5,-1.6308789253234863
site03,4,-2.400000095367432,-1.5515429973602295
site03,4,-2.299999952316284,-1.4722068309783936
site03,4,-2.200000047683716,-1.3928709030151367
site03,4,-2.0999999046325684,-1.31353497505188
site03,4,-2.0,-1.234199047088623
site03,4,-1.899999976158142,-1.1548922061920166
site03,4,-1.7999999523162842,-1.075620174407959
site03,4,-1.7000000476837158,-0.99634850025177
site03,4,-1.600000023841858,-0.9173092842102052
site03,4,-1.5,-0.841752290725708
site03,4,-1.399999976158142,-0.7661951780319214
site03,4,-1.2999999523162842,-0.6948550939559937
site03,4,-1.2000000476837158,-0.6403638124465942
site03,4,-1.100000023841858,-0.5973863005638123
site03,4,-1.0,-0.554122269153595
site03,4,-0.8999999761581421,-0.5108125805854797
site03,4,-0.800000011920929,-0.4792141914367676
site03,4,-0.699999988079071,-0.4599956274032593
site03,4,-0.6000000238418579,-0.4396346509456634
site03,4,-0.5,-0.4160307943820953
site03,4,-0.4000000059604645,-0.3899675011634826
site03,4,-0.3000000119209289,-0.3479740023612976
site03,4,-0.2000000029802322,-0.3003087043762207
site03,4,-0.1000000014901161,-0.2460035383701324
site03,4,0.0,-0.1916984021663665
site03,4,0.1000000014901161,-0.1303448230028152
site03,4,0.2000000029802322,-0.0738608166575431
site03,4,0.3000000119209289,-0.0208271741867065
site03,4,0.4000000059604645,0.0316950306296348
site03,4,0.5,0.0805074945092201
site03,4,0.6000000238418579,0.1286426186561584
site03,4,0.699999988079071,0.1777779757976532
site03,4,0.800000011920929,0.2238993346691131
site03,4,0.8999999761581421,0.2639419138431549
site03,4,1.0,0.3087493479251861
site03,4,1.100000023841858,0.351370245218277
site03,4,1.2000000476837158,0.3932988047599792
site03,4,1.2999999523162842,0.4276582896709442
site03,4,1.399999976158142,0.4580570161342621
site03,4,1.5,0.4890605509281158
site03,4,1.600000023841858,0.519526481628418
site03,4,1.7000000476837158,0.5467365980148315
site03,4,1.7999999523162842,0.5723101496696472
site03,4,1.899999976158142,0.5979325771331787
site03,4,2.0,0.6237834692001343
site03,4,2.0999999046325684,0.6496343016624451
site03,4,2.200000047683716,0.6754852533340454
site03,4,2.299999952316284,0.7013360261917114
site03,4,2.400000095367432,0.727186918258667
site03,4,2.5,0.7530378103256226
site03,4,2.5999999046325684,0.7788887023925781
site03,4,2.700000047683716,0.8047395348548889
site03,4,2.799999952316284,0.8304306864738464
site03,4,2.900000095367432,0.8561180830001831
site03,4,3.0,0.8818053007125854
site03,5,-3.0,-2.077376365661621
site03,5,-2.900000095367432,-1.993911862373352
site03,5,-2.799999952316284,-1.9104467630386357
site03,5,-2.700000047683716,-1.8269819021224976
site03,5,-2.5999999046325684,-1.74351704120636
site03,5,-2.5,-1.660051941871643
site03,5,-2.400000095367432,-1.576587200164795
site03,5,-2.299999952316284,-1.4931222200393677
site03,5,-2.200000047683716,-1.4096574783325195
site03,5,-2.0999999046325684,-1.3261923789978027
site03,5,-2.0,-1.242727518081665
site03,5,-1.899999976158142,-1.1592626571655271
site03,5,-1.7999999523162842,-1.0757976770401
site03,5,-1.7000000476837158,-0.9923328161239624
site03,5,-1.600000023841858,-0.9088679552078248
site03,5,-1.5,-0.8254029750823975
site03,5,-1.399999976158142,-0.7459172010421753
site03,5,-1.2999999523162842,-0.6652849912643433
site03,5,-1.2000000476837158,-0.6027343273162842
site03,5,-1.100000023841858,-0.5638862252235413
site03,5,-1.0,-0.5248831510543823
site03,5,-0.8999999761581421,-0.4884840548038482
site03,5,-0.800000011920929,-0.4644692242145538
site03,5,-0.699999988079071,-0.4482626914978027
site03,5,-0.6000000238418579,-0.4309126436710357
site03,5,-0.5,-0.4101950526237488
site03,5,-0.4000000059604645,-0.3891151249408722
site03,5,-0.3000000119209289,-0.3604753613471985
site03,5,-0.2000000029802322,-0.3252811729907989
site03,5,-0.1000000014901161,-0.2781512141227722
site03,5,0.0,-0.2265813648700714
site03,5,0.1000000014901161,-0.1703013926744461
site03,5,0.2000000029802322,-0.1192660927772522
site03,5,0.3000000119209289,-0.0689902156591415
site03,5,0.4000000059604645,-0.0209213495254516
site03,5,0.5,0.0254468470811843
site03,5,0.6000000238418579,0.0713595747947692
site03,5,0.699999988079071,0.118650197982788
site03,5,0.800000011920929,0.1643442213535308
site03,5,0.8999999761581421,0.207920104265213
site03,5,1.0,0.2541250884532928
site03,5,1.100000023841858,0.2993904948234558
site03,5,1.2000000476837158,0.3428451716899872
site03,5,1.2999999523162842,0.3858499228954315
site03,5,1.399999976158142,0.4205814898014068
site03,5,1.5,0.4514508545398712
site03,5,1.600000023841858,0.4811835587024688
site03,5,1.7000000476837158,0.508695125579834
site03,5,1.7999999523162842,0.5345048904418945
site03,5,1.899999976158142,0.5590766668319702
site03,5,2.0,0.5837948322296143
site03,5,2.0999999046325684,0.6086286306381226
site03,5,2.200000047683716,0.6334624290466309
site03,5,2.299999952316284,0.6582961082458496
site03,5,2.400000095367432,0.6831299066543579
site03,5,2.5,0.7079637050628662
site03,5,2.5999999046325684,0.732797384262085
site03,5,2.700000047683716,0.7576311826705933
site03,5,2.799999952316284,0.782740592956543
site03,5,2.900000095367432,0.8088822364807129
site03,5,3.0,0.8350237607955933
site04,0,-3.0,-0.5904125571250916
site04,0,-2.900000095367432,-0.5690481662750244
site04,0,-2.799999952316284,-0.5476837754249573
site04,0,-2.700000047683716,-0.5263192653656006
site04,0,-2.5999999046325684,-0.5049547553062439
site04,0,-2.5,-0.4835904836654663
site04,0,-2.400000095367432,-0.4622259736061096
site04,0,-2.299999952316284,-0.4408615231513977
site04,0,-2.200000047683716,-0.4194971323013305
site04,0,-2.0999999046325684,-0.3981326818466186
site04,0,-2.0,-0.3767682313919067
site04,0,-1.899999976158142,-0.3553285002708435
site04,0,-1.7999999523162842,-0.3338808417320251
site04,0,-1.7000000476837158,-0.3131642937660217
site04,0,-1.600000023841858,-0.2983168065547943
site04,0,-1.5,-0.2846099734306335
site04,0,-1.399999976158142,-0.2704468965530395
site04,0,-1.2999999523162842,-0.2561458647251129
site04,0,-1.2000000476837158,-0.2401943802833557
site04,0,-1.100000023841858,-0.224772498011589
site04,0,-1.0,-0.2138559371232986
site04,0,-0.8999999761581421,-0.205715149641037
site04,0,-0.800000011920929,-0.1999549120664596
site04,0,-0.699999988079071,-0.2004539221525192
site04,0,-0.6000000238418579,-0.2018320113420486
site04,0,-0.5,-0.2004925012588501
site04,0,-0.4000000059604645,-0.1991301625967025
site04,0,-0.3000000119209289,-0.1950061470270156
site04,0,-0.2000000029802322,-0.1893548965454101
site04,0,-0.1000000014901161,-0.183259055018425
site04,0,0.0,-0.1808338165283203
site04,0,0.1000000014901161,-0.1735035181045532
site04,0,0.2000000029802322,-0.1622699201107025
site04,0,0.3000000119209289,-0.1514972001314163
site04,0,0.4000000059604645,-0.1433814764022827
site04,0,0.5,-0.1352380812168121
site04,0,0.6000000238418579,-0.127101644873619
site04,0,0.699999988079071,-0.1183304637670517
site04,0,0.800000011920929,-0.1141646355390548
site04,0,0.8999999761581421,-0.1122294515371322
site04,0,1.0,-0.1097657158970832
site04,0,1.100000023841858,-0.1126752346754074
site04,0,1.2000000476837158,-0.1154588311910629
site04,0,1.2999999523162842,-0.1164073124527931
site04,0,1.399999976158142,-0.1173558160662651
site04,0,1.5,-0.1183042898774147
site04,0,1.600000023841858,-0.1189294308423996
site04,0,1.7000000476837158,-0.1201667338609695
site04,0,1.7999999523162842,-0.1214040294289588
site04,0,1.899999976158142,-0.122641310095787
site04,0,2.0,-0.122996836900711
site04,0,2.0999999046325684,-0.1228236556053161
site04,0,2.200000047683716,-0.1244911700487136
site04,0,2.299999952316284,-0.1284067034721374
site04,0,2.400000095367432,-0.1290503889322281
site04,0,2.5,-0.1296940594911575
site04,0,2.5999999046325684,-0.1303377151489257
site04,0,2.700000047683716,-0.1309813857078552
site04,0,2.799999952316284,-0.1316950470209121
site04,0,2.900000095367432,-0.1330975294113159
site04,0,3.0,-0.1344999521970749
site04,1,-3.0,-2.220931053161621
site04,1,-2.900000095367432,-2.145895481109619
site04,1,-2.799999952316284,-2.070859909057617
site04,1,-2.700000047683716,-1.995824098587036
site04,1,-2.5999999046325684,-1.920788288116455
site04,1,-2.5,-1.845752596855164
site04,1,-2.400000095367432,-1.770716905593872
site04,1,-2.299999952316284,-1.69568133354187
site04,1,-2.200000047683716,-1.620645523071289
site04,1,-2.0999999046325684,-1.545609712600708
site04,1,-2.0,-1.4705740213394165
site04,1,-1.899999976158142,-1.395538330078125
site04,1,-1.7999999523162842,-1.320502519607544
site04,1,-1.7000000476837158,-1.2460980415344238
site04,1,-1.600000023841858,-1.1764556169509888
site04,1,-1.5,-1.1075589656829834
site04,1,-1.399999976158142,-1.038885474205017
site04,1,-1.2999999523162842,-0.9702120423316956
site04,1,-1.2000000476837158,-0.9035980701446532
site04,1,-1.100000023841858,-0.8417547345161438
site04,1,-1.0,-0.7794167399406433
site04,1,-0.8999999761581421,-0.7170785665512085
site04,1,-0.800000011920929,-0.6559008359909058
site04,1,-0.699999988079071,-0.6108481884002686
site04,1,-0.6000000238418579,-0.5793793797492981
site04,1,-0.5,-0.5473583936691284
site04,1,-0.4000000059604645,-0.5147037506103516
site04,1,-0.3000000119209289,-0.4761807322502136
site04,1,-0.2000000029802322,-0.4347953498363495
site04,1,-0.1000000014901161,-0.3798351883888244
site04,1,0.0,-0.319434642791748
site04,1,0.1000000014901161,-0.2486717998981475
site04,1,0.2000000029802322,-0.1756629645824432
site04,1,0.3000000119209289,-0.1026541292667388
site04,1,0.4000000059604645,-0.038953348994255
site04,1,0.5,0.0239274129271507
site04,1,0.6000000238418579,0.0876408889889717
site04,1,0.699999988079071,0.1434880197048187
site04,1,0.800000011920929,0.1970791220664978
site04,1,0.8999999761581421,0.2535772621631622
site04,1,1.0,0.3007505536079407
site04,1,1.100000023841858,0.3425800800323486
site04,1,1.2000000476837158,0.384098619222641
site04,1,1.2999999523162842,0.4223262965679168
site04,1,1.399999976158142,0.4526829421520233
site04,1,1.5,0.4842662513256073
site04,1,1.600000023841858,0.5136335492134094
site04,1,1.7000000476837158,0.54106205701828
site04,1,1.7999999523162842,0.5693958401679993
site04,1,1.899999976158142,0.5975525379180908
site04,1,2.0,0.6252151131629944
site04,1,2.0999999046325684,0.652877688407898
site04,1,2.200000047683716,0.6805402636528015
site04,1,2.299999952316284,0.7082027792930603
site04,1,2.400000095367432,0.7358653545379639
site04,1,2.5,0.763528048992157
site04,1,2.5999999046325684,0.7910661697387695
site04,1,2.700000047683716,0.8182181715965271
site04,1,2.799999952316284,0.8453701138496399
site04,1,2.900000095367432,0.8725221157073975
site04,1,3.0,0.899674117565155
site04,2,-3.0,-1.9167309999465945
site04,2,-2.900000095367432,-1.8460248708724976
site04,2,-2.799999952316284,-1.7753185033798218
site04,2,-2.700000047683716,-1.704612374305725
site04,2,-2.5999999046325684,-1.6339062452316284
site04,2,-2.5,-1.5632001161575315
site04,2,-2.400000095367432,-1.4924938678741455
site04,2,-2.299999952316284,-1.4217876195907593
site04,2,-2.200000047683716,-1.3510814905166626
site04,2,-2.0999999046325684,-1.2803751230239868
site04,2,-2.0,-1.20966899394989
site04,2,-1.899999976158142,-1.138962745666504
site04,2,-1.7999999523162842,-1.0682566165924072
site04,2,-1.7000000476837158,-1.002072811126709
site04,2,-1.600000023841858,-0.9436254501342772
site04,2,-1.5,-0.884638786315918
site04,2,-1.399999976158142,-0.825652003288269
site04,2,-1.2999999523162842,-0.7692840099334717
site04,2,-1.2000000476837158,-0.717272162437439
site04,2,-1.100000023841858,-0.6671510934829712
site04,2,-1.0,-0.6165487766265869
site04,2,-0.8999999761581421,-0.5659464597702026
site04,2,-0.800000011920929,-0.5196000933647156
site04,2,-0.699999988079071,-0.487626850605011
site04,2,-0.6000000238418579,-0.4612697064876556
site04,2,-0.5,-0.4335933327674866
site04,2,-0.4000000059604645,-0.4059169590473175
site04,2,-0.3000000119209289,-0.3728633821010589
site04,2,-0.2000000029802322,-0.3331291079521179
site04,2,-0.1000000014901161,-0.2822902798652649
site04,2,0.0,-0.2328139245510101
site04,2,0.1000000014901161,-0.1779119670391082
site04,2,0.2000000029802322,-0.1271589696407318
site04,2,0.3000000119209289,-0.0764377266168594
site04,2,0.4000000059604645,-0.0264254659414291
site04,2,0.5,0.02349254488945
site04,2,0.6000000238418579,0.0727012455463409
site04,2,0.699999988079071,0.1149870157241821
site04,2,0.800000011920929,0.1570633947849273
site04,2,0.8999999761581421,0.2017603814601898
site04,2,1.0,0.2465585768222808
site04,2,1.100000023841858,0.2899622023105621
site04,2,1.2000000476837158,0.3296986520290375
site04,2,1.2999999523162842,0.3649651706218719
site04,2,1.399999976158142,0.3937555849552154
site04,2,1.5,0.4227191507816314
site04,2,1.600000023841858,0.4491720497608185
site04,2,1.7000000476837158,0.4728275835514068
site04,2,1.7999999523162842,0.4954855740070343
site04,2,1.899999976158142,0.51838219165802
site04,2,2.0,0.5413312911987305
site04,2,2.0999999046325684,0.5642802715301514
site04,2,2.200000047683716,0.5872293710708618
site04,2,2.299999952316284,0.6101783514022827
site04,2,2.400000095367432,0.6331274509429932
site04,2,2.5,0.6560763120651245
site04,2,2.5999999046325684,0.679025411605835
site04,2,2.700000047683716,0.7019091844558716
site04,2,2.799999952316284,0.724601149559021
site04,2,2.900000095367432,0.74729323387146
site04,2,3.0,0.7699851989746094
site04,3,-3.0,-2.0870614051818848
site04,3,-2.900000095367432,-2.0092172622680664
site04,3,-2.799999952316284,-1.9313734769821167
site04,3,-2.700000047683716,-1.853529691696167
site04,3,-2.5999999046325684,-1.7756856679916382
site04,3,-2.5,-1.697841763496399
site04,3,-2.400000095367432,-1.6199978590011597
site04,3,-2.299999952316284,-1.5421538352966309
site04,3,-2.200000047683716,-1.4643160104751587
site04,3,-2.0999999046325684,-1.386478066444397
site04,3,-2.0,-1.3086402416229248
site04,3,-1.899999976158142,-1.2308024168014526
site04,3,-1.7999999523162842,-1.152964472770691
site04,3,-1.7000000476837158,-1.0749257802963257
site04,3,-1.600000023841858,-0.997803509235382
site04,3,-1.5,-0.922445833683014
site04,3,-1.399999976158142,-0.8471015095710754
site04,3,-1.2999999523162842,-0.773164689540863
site04,3,-1.2000000476837158,-0.7152965664863586
site04,3,-1.100000023841858,-0.6698235869407654
site04,3,-1.0,-0.6237003207206726
site04,3,-0.8999999761581421,-0.5773189067840576
site04,3,-0.800000011920929,-0.5376607775688171
site04,3,-0.699999988079071,-0.51116943359375
site04,3,-0.6000000238418579,-0.4871869683265686
site04,3,-0.5,-0.4619667530059814
site04,3,-0.4000000059604645,-0.4361354112625122
site04,3,-0.3000000119209289,-0.4034109115600586
site04,3,-0.2000000029802322,-0.3607175946235657
site04,3,-0.1000000014901161,-0.3056601881980896
site04,3,0.0,-0.250565230846405
site04,3,0.1000000014901161,-0.1887334883213043
site04,3,0.2000000029802322,-0.1275731772184372
site04,3,0.3000000119209289,-0.0730607733130455
site04,3,0.4000000059604645,-0.0185483917593956
site04,3,0.5,0.0359639674425125
site04,3,0.6000000238418579,0.0903275161981582
site04,3,0.699999988079071,0.1435292214155197
site04,3,0.800000011920929,0.192277118563652
site04,3,0.8999999761581421,0.2393995076417923
site04,3,1.0,0.2861212491989136
site04,3,1.100000023841858,0.3321982026100158
site04,3,1.2000000476837158,0.373417317867279
site04,3,1.2999999523162842,0.4128016829490661
site04,3,1.399999976158142,0.444451093673706
site04,3,1.5,0.4762241244316101
site04,3,1.600000023841858,0.5049400925636292
site04,3,1.7000000476837158,0.5308017730712891
site04,3,1.7999999523162842,0.556663453578949
site04,3,1.899999976158142,0.583012044429779
site04,3,2.0,0.6094518899917603
site04,3,2.0999999046325684,0.6358917355537415
site04,3,2.200000047683716,0.6623315215110779
site04,3,2.299999952316284,0.6887714266777039
site04,3,2.400000095367432,0.7152112722396851
site04,3,2.5,0.7416509985923767
site04,3,2.5999999046325684,0.7680909037590027
site04,3,2.700000047683716,0.7944242358207703
site04,3,2.799999952316284,0.8205397725105286
site04,3,2.900000095367432,0.8466554284095764
site04,3,3.0,0.8727710247039795
site04,4,-3.0,-2.0275585651397705
site04,4,-2.900000095367432,-1.9482228755950928
site04,4,-2.799999952316284,-1.8688868284225464
site04,4,-2.700000047683716,-1.78955078125
site04,4,-2.5999999046325684,-1.7102148532867432
site04,4,-2.5,-1.6308789253234863
site04,4,-2.400000095367432,-1.5515429973602295
site04,4,-2.299999952316284,-1.4722068309783936
site04,4,-2.200000047683716,-1.3928709030151367
site04,4,-2.0999999046325684,-1.31353497505188
site04,4,-2.0,-1.234199047088623
site04,4,-1.899999976158142,-1.1548922061920166
site04,4,-1.7999999523162842,-1.075620174407959
site04,4,-1.7000000476837158,-0.99634850025177
site04,4,-1.600000023841858,-0.9173092842102052
site04,4,-1.5,-0.841752290725708
site04,4,-1.399999976158142,-0.7661951780319214
site04,4,-1.2999999523162842,-0.6948550939559937
site04,4,-1.2000000476837158,-0.6403638124465942
site04,4,-1.100000023841858,-0.5973863005638123
site04,4,-1.0,-0.554122269153595
site04,4,-0.8999999761581421,-0.5108125805854797
site04,4,-0.800000011920929,-0.4792141914367676
site04,4,-0.699999988079071,-0.4599956274032593
site04,4,-0.6000000238418579,-0.4396346509456634
site04,4,-0.5,-0.4160307943820953
site04,4,-0.4000000059604645,-0.3899675011634826
site04,4,-0.3000000119209289,-0.3479740023612976
site04,4,-0.2000000029802322,-0.3003087043762207
site04,4,-0.1000000014901161,-0.2460035383701324
site04,4,0.0,-0.1916984021663665
site04,4,0.1000000014901161,-0.1303448230028152
site04,4,0.2000000029802322,-0.0738608166575431
site04,4,0.3000000119209289,-0.0208271741867065
site04,4,0.4000000059604645,0.0316950306296348
site04,4,0.5,0.0805074945092201
site04,4,0.6000000238418579,0.1286426186561584
site04,4,0.699999988079071,0.1777779757976532
site04,4,0.800000011920929,0.2238993346691131
site04,4,0.8999999761581421,0.2639419138431549
site04,4,1.0,0.3087493479251861
site04,4,1.100000023841858,0.351370245218277
site04,4,1.2000000476837158,0.3932988047599792
site04,4,1.2999999523162842,0.4276582896709442
site04,4,1.399999976158142,0.4580570161342621
site04,4,1.5,0.4890605509281158
site04,4,1.600000023841858,0.519526481628418
site04,4,1.7000000476837158,0.5467365980148315
site04,4,1.7999999523162842,0.5723101496696472
site04,4,1.899999976158142,0.5979325771331787
site04,4,2.0,0.6237834692001343
site04,4,2.0999999046325684,0.6496343016624451
site04,4,2.200000047683716,0.6754852533340454
site04,4,2.299999952316284,0.7013360261917114
site04,4,2.400000095367432,0.727186918258667
site04,4,2.5,0.7530378103256226
site04,4,2.5999999046325684,0.7788887023925781
site04,4,2.700000047683716,0.8047395348548889
site04,4,2.799999952316284,0.8304306864738464
site04,4,2.900000095367432,0.8561180830001831
site04,4,3.0,0.8818053007125854
site04,5,-3.0,-2.077376365661621
site04,5,-2.900000095367432,-1.993911862373352
site04,5,-2.799999952316284,-1.9104467630386357
site04,5,-2.700000047683716,-1.8269819021224976
site04,5,-2.5999999046325684,-1.74351704120636
site04,5,-2.5,-1.660051941871643
site04,5,-2.400000095367432,-1.576587200164795
site04,5,-2.299999952316284,-1.4931222200393677
site04,5,-2.200000047683716,-1.4096574783325195
site04,5,-2.0999999046325684,-1.3261923789978027
site04,5,-2.0,-1.242727518081665
site04,5,-1.899999976158142,-1.1592626571655271
site04,5,-1.7999999523162842,-1.0757976770401
site04,5,-1.7000000476837158,-0.9923328161239624
site04,5,-1.600000023841858,-0.9088679552078248
site04,5,-1.5,-0.8254029750823975
site04,5,-1.399999976158142,-0.7459172010421753
site04,5,-1.2999999523162842,-0.6652849912643433
site04,5,-1.2000000476837158,-0.6027343273162842
site04,5,-1.100000023841858,-0.5638862252235413
site04,5,-1.0,-0.5248831510543823
site04,5,-0.8999999761581421,-0.4884840548038482
site04,5,-0.800000011920929,-0.4644692242145538
site04,5,-0.699999988079071,-0.4482626914978027
site04,5,-0.6000000238418579,-0.4309126436710357
site04,5,-0.5,-0.4101950526237488
site04,5,-0.4000000059604645,-0.3891151249408722
site04,5,-0.3000000119209289,-0.3604753613471985
site04,5,-0.2000000029802322,-0.3252811729907989
site04,5,-0.1000000014901161,-0.2781512141227722
site04,5,0.0,-0.2265813648700714
site04,5,0.1000000014901161,-0.1703013926744461
site04,5,0.2000000029802322,-0.1192660927772522
site04,5,0.3000000119209289,-0.0689902156591415
site04,5,0.4000000059604645,-0.0209213495254516
site04,5,0.5,0.0254468470811843
site04,5,0.6000000238418579,0.0713595747947692
site04,5,0.699999988079071,0.118650197982788
site04,5,0.800000011920929,0.1643442213535308
site04,5,0.8999999761581421,0.207920104265213
site04,5,1.0,0.2541250884532928
site04,5,1.100000023841858,0.2993904948234558
site04,5,1.2000000476837158,0.3428451716899872
site04,5,1.2999999523162842,0.3858499228954315
site04,5,1.399999976158142,0.4205814898014068
site04,5,1.5,0.4514508545398712
site04,5,1.600000023841858,0.4811835587024688
site04,5,1.7000000476837158,0.508695125579834
site04,5,1.7999999523162842,0.5345048904418945
site04,5,1.899999976158142,0.5590766668319702
site04,5,2.0,0.5837948322296143
site04,5,2.0999999046325684,0.6086286306381226
site04,5,2.200000047683716,0.6334624290466309
site04,5,2.299999952316284,0.6582961082458496
site04,5,2.400000095367432,0.6831299066543579
site04,5,2.5,0.7079637050628662
site04,5,2.5999999046325684,0.732797384262085
site04,5,2.700000047683716,0.7576311826705933
site04,5,2.799999952316284,0.782740592956543
site04,5,2.900000095367432,0.8088822364807129
site04,5,3.0,0.8350237607955933
site05,0,-3.0,-0.5904125571250916
site05,0,-2.900000095367432,-0.5690481662750244
site05,0,-2.799999952316284,-0.5476837754249573
site05,0,-2.700000047683716,-0.5263192653656006
site05,0,-2.5999999046325684,-0.5049547553062439
site05,0,-2.5,-0.4835904836654663
site05,0,-2.400000095367432,-0.4622259736061096
site05,0,-2.299999952316284,-0.4408615231513977
site05,0,-2.200000047683716,-0.4194971323013305
site05,0,-2.0999999046325684,-0.3981326818466186
site05,0,-2.0,-0.3767682313919067
site05,0,-1.899999976158142,-0.3553285002708435
site05,0,-1.7999999523162842,-0.3338808417320251
site05,0,-1.7000000476837158,-0.3131642937660217
site05,0,-1.600000023841858,-0.2983168065547943
site05,0,-1.5,-0.2846099734306335
site05,0,-1.399999976158142,-0.2704468965530395
site05,0,-1.2999999523162842,-0.2561458647251129
site05,0,-1.2000000476837158,-0.2401943802833557
site05,0,-1.100000023841858,-0.224772498011589
site05,0,-1.0,-0.2138559371232986
site05,0,-0.8999999761581421,-0.205715149641037
site05,0,-0.800000011920929,-0.1999549120664596
site05,0,-0.699999988079071,-0.2004539221525192
site05,0,-0.6000000238418579,-0.2018320113420486
site05,0,-0.5,-0.2004925012588501
site05,0,-0.4000000059604645,-0.1991301625967025
site05,0,-0.3000000119209289,-0.1950061470270156
site05,0,-0.2000000029802322,-0.1893548965454101
site05,0,-0.1000000014901161,-0.183259055018425
site05,0,0.0,-0.1808338165283203
site05,0,0.1000000014901161,-0.1735035181045532
site05,0,0.2000000029802322,-0.1622699201107025
site05,0,0.3000000119209289,-0.1514972001314163
site05,0,0.4000000059604645,-0.1433814764022827
site05,0,0.5,-0.1352380812168121
site05,0,0.6000000238418579,-0.127101644873619
site05,0,0.699999988079071,-0.1183304637670517
site05,0,0.800000011920929,-0.1141646355390548
site05,0,0.8999999761581421,-0.1122294515371322
site05,0,1.0,-0.1097657158970832
site05,0,1.100000023841858,-0.1126752346754074
site05,0,1.2000000476837158,-0.1154588311910629
site05,0,1.2999999523162842,-0.1164073124527931
site05,0,1.399999976158142,-0.1173558160662651
site05,0,1.5,-0.1183042898774147
site05,0,1.600000023841858,-0.1189294308423996
site05,0,1.7000000476837158,-0.1201667338609695
site05,0,1.7999999523162842,-0.1214040294289588
site05,0,1.899999976158142,-0.122641310095787
site05,0,2.0,-0.122996836900711
site05,0,2.0999999046325684,-0.1228236556053161
site05,0,2.200000047683716,-0.1244911700487136
site05,0,2.299999952316284,-0.1284067034721374
site05,0,2.400000095367432,-0.1290503889322281
site05,0,2.5,-0.1296940594911575
site05,0,2.5999999046325684,-0.1303377151489257
site05,0,2.700000047683716,-0.1309813857078552
site05,0,2.799999952316284,-0.1316950470209121
site05,0,2.900000095367432,-0.1330975294113159
site05,0,3.0,-0.1344999521970749
site05,1,-3.0,-2.220931053161621
site05,1,-2.900000095367432,-2.145895481109619
site05,1,-2.799999952316284,-2.070859909057617
site05,1,-2.700000047683716,-1.995824098587036
site05,1,-2.5999999046325684,-1.920788288116455
site05,1,-2.5,-1.845752596855164
site05,1,-2.400000095367432,-1.770716905593872
site05,1,-2.299999952316284,-1.69568133354187
site05,1,-2.200000047683716,-1.620645523071289
site05,1,-2.0999999046325684,-1.545609712600708
site05,1,-2.0,-1.4705740213394165
site05,1,-1.899999976158142,-1.395538330078125
site05,1,-1.7999999523162842,-1.320502519607544
site05,1,-1.7000000476837158,-1.2460980415344238
site05,1,-1.600000023841858,-1.1764556169509888
site05,1,-1.5,-1.1075589656829834
site05,1,-1.399999976158142,-1.038885474205017
site05,1,-1.2999999523162842,-0.9702120423316956
site05,1,-1.2000000476837158,-0.9035980701446532
site05,1,-1.100000023841858,-0.8417547345161438
site05,1,-1.0,-0.7794167399406433
site05,1,-0.8999999761581421,-0.7170785665512085
site05,1,-0.800000011920929,-0.6559008359909058
site05,1,-0.699999988079071,-0.6108481884002686
site05,1,-0.6000000238418579,-0.5793793797492981
site05,1,-0.5,-0.5473583936691284
site05,1,-0.4000000059604645,-0.5147037506103516
site05,1,-0.3000000119209289,-0.4761807322502136
site05,1,-0.2000000029802322,-0.4347953498363495
site05,1,-0.1000000014901161,-0.3798351883888244
site05,1,0.0,-0.319434642791748
site05,1,0.1000000014901161,-0.2486717998981475
site05,1,0.2000000029802322,-0.1756629645824432
site05,1,0.3000000119209289,-0.1026541292667388
site05,1,0.4000000059604645,-0.038953348994255
site05,1,0.5,0.0239274129271507
site05,1,0.6000000238418579,0.0876408889889717
site05,1,0.699999988079071,0.1434880197048187
site05,1,0.800000011920929,0.1970791220664978
site05,1,0.8999999761581421,0.2535772621631622
site05,1,1.0,0.3007505536079407
site05,1,1.100000023841858,0.3425800800323486
site05,1,1.2000000476837158,0.384098619222641
site05,1,1.2999999523162842,0.4223262965679168
site05,1,1.399999976158142,0.4526829421520233
site05,1,1.5,0.4842662513256073
site05,1,1.600000023841858,0.5136335492134094
site05,1,1.7000000476837158,0.54106205701828
site05,1,1.7999999523162842,0.5693958401679993
site05,1,1.899999976158142,0.5975525379180908
site05,1,2.0,0.6252151131629944
site05,1,2.0999999046325684,0.652877688407898
site05,1,2.200000047683716,0.6805402636528015
site05,1,2.299999952316284,0.7082027792930603
site05,1,2.400000095367432,0.7358653545379639
site05,1,2.5,0.763528048992157
site05,1,2.5999999046325684,0.7910661697387695
site05,1,2.700000047683716,0.8182181715965271
site05,1,2.799999952316284,0.8453701138496399
site05,1,2.900000095367432,0.8725221157073975
site05,1,3.0,0.899674117565155
site05,2,-3.0,-1.9167309999465945
site05,2,-2.900000095367432,-1.8460248708724976
site05,2,-2.799999952316284,-1.7753185033798218
site05,2,-2.700000047683716,-1.704612374305725
site05,2,-2.5999999046325684,-1.6339062452316284
site05,2,-2.5,-1.5632001161575315
site05,2,-2.400000095367432,-1.4924938678741455
site05,2,-2.299999952316284,-1.4217876195907593
site05,2,-2.200000047683716,-1.3510814905166626
site05,2,-2.0999999046325684,-1.2803751230239868
site05,2,-2.0,-1.20966899394989
site05,2,-1.899999976158142,-1.138962745666504
site05,2,-1.7999999523162842,-1.0682566165924072
site05,2,-1.7000000476837158,-1.002072811126709
site05,2,-1.600000023841858,-0.9436254501342772
site05,2,-1.5,-0.884638786315918
site05,2,-1.399999976158142,-0.825652003288269
site05,2,-1.2999999523162842,-0.7692840099334717
site05,2,-1.2000000476837158,-0.717272162437439
site05,2,-1.100000023841858,-0.6671510934829712
site05,2,-1.0,-0.6165487766265869
site05,2,-0.8999999761581421,-0.5659464597702026
site05,2,-0.800000011920929,-0.5196000933647156
site05,2,-0.699999988079071,-0.487626850605011
site05,2,-0.6000000238418579,-0.4612697064876556
site05,2,-0.5,-0.4335933327674866
site05,2,-0.4000000059604645,-0.4059169590473175
site05,2,-0.3000000119209289,-0.3728633821010589
site05,2,-0.2000000029802322,-0.3331291079521179
site05,2,-0.1000000014901161,-0.2822902798652649
site05,2,0.0,-0.2328139245510101
site05,2,0.1000000014901161,-0.1779119670391082
site05,2,0.2000000029802322,-0.1271589696407318
site05,2,0.3000000119209289,-0.0764377266168594
site05,2,0.4000000059604645,-0.0264254659414291
site05,2,0.5,0.02349254488945
site05,2,0.6000000238418579,0.0727012455463409
site05,2,0.699999988079071,0.1149870157241821
site05,2,0.800000011920929,0.1570633947849273
site05,2,0.8999999761581421,0.2017603814601898
site05,2,1.0,0.2465585768222808
site05,2,1.100000023841858,0.2899622023105621
site05,2,1.2000000476837158,0.3296986520290375
site05,2,1.2999999523162842,0.3649651706218719
site05,2,1.399999976158142,0.3937555849552154
site05,2,1.5,0.4227191507816314
site05,2,1.600000023841858,0.4491720497608185
site05,2,1.7000000476837158,0.4728275835514068
site05,2,1.7999999523162842,0.4954855740070343
site05,2,1.899999976158142,0.51838219165802
site05,2,2.0,0.5413312911987305
site05,2,2.0999999046325684,0.5642802715301514
site05,2,2.200000047683716,0.5872293710708618
site05,2,2.299999952316284,0.6101783514022827
site05,2,2.400000095367432,0.6331274509429932
site05,2,2.5,0.6560763120651245
site05,2,2.5999999046325684,0.679025411605835
site05,2,2.700000047683716,0.7019091844558716
site05,2,2.799999952316284,0.724601149559021
site05,2,2.900000095367432,0.74729323387146
site05,2,3.0,0.7699851989746094
site05,3,-3.0,-2.0870614051818848
site05,3,-2.900000095367432,-2.0092172622680664
site05,3,-2.799999952316284,-1.9313734769821167
site05,3,-2.700000047683716,-1.853529691696167
site05,3,-2.5999999046325684,-1.7756856679916382
site05,3,-2.5,-1.697841763496399
site05,3,-2.400000095367432,-1.6199978590011597
site05,3,-2.299999952316284,-1.5421538352966309
site05,3,-2.200000047683716,-1.4643160104751587
site05,3,-2.0999999046325684,-1.386478066444397
site05,3,-2.0,-1.3086402416229248
site05,3,-1.899999976158142,-1.2308024168014526
site05,3,-1.7999999523162842,-1.152964472770691
site05,3,-1.7000000476837158,-1.0749257802963257
site05,3,-1.600000023841858,-0.997803509235382
site05,3,-1.5,-0.922445833683014
site05,3,-1.399999976158142,-0.8471015095710754
site05,3,-1.2999999523162842,-0.773164689540863
site05,3,-1.2000000476837158,-0.7152965664863586
site05,3,-1.100000023841858,-0.6698235869407654
site05,3,-1.0,-0.6237003207206726
site05,3,-0.8999999761581421,-0.5773189067840576
site05,3,-0.800000011920929,-0.5376607775688171
site05,3,-0.699999988079071,-0.51116943359375
site05,3,-0.6000000238418579,-0.4871869683265686
site05,3,-0.5,-0.4619667530059814
site05,3,-0.4000000059604645,-0.4361354112625122
site05,3,-0.3000000119209289,-0.4034109115600586
site05,3,-0.2000000029802322,-0.3607175946235657
site05,3,-0.1000000014901161,-0.3056601881980896
site05,3,0.0,-0.250565230846405
site05,3,0.1000000014901161,-0.1887334883213043
site05,3,0.2000000029802322,-0.1275731772184372
site05,3,0.3000000119209289,-0.0730607733130455
site05,3,0.4000000059604645,-0.0185483917593956
site05,3,0.5,0.0359639674425125
site05,3,0.6000000238418579,0.0903275161981582
site05,3,0.699999988079071,0.1435292214155197
site05,3,0.800000011920929,0.192277118563652
site05,3,0.8999999761581421,0.2393995076417923
site05,3,1.0,0.2861212491989136
site05,3,1.100000023841858,0.3321982026100158
site05,3,1.2000000476837158,0.373417317867279
site05,3,1.2999999523162842,0.4128016829490661
site05,3,1.399999976158142,0.444451093673706
site05,3,1.5,0.4762241244316101
site05,3,1.600000023841858,0.5049400925636292
site05,3,1.7000000476837158,0.5308017730712891
site05,3,1.7999999523162842,0.556663453578949
site05,3,1.899999976158142,0.583012044429779
site05,3,2.0,0.6094518899917603
site05,3,2.0999999046325684,0.6358917355537415
site05,3,2.200000047683716,0.6623315215110779
site05,3,2.299999952316284,0.6887714266777039
site05,3,2.400000095367432,0.7152112722396851
site05,3,2.5,0.7416509985923767
site05,3,2.5999999046325684,0.7680909037590027
site05,3,2.700000047683716,0.7944242358207703
site05,3,2.799999952316284,0.8205397725105286
site05,3,2.900000095367432,0.8466554284095764
site05,3,3.0,0.8727710247039795
site05,4,-3.0,-2.0275585651397705
site05,4,-2.900000095367432,-1.9482228755950928
site05,4,-2.799999952316284,-1.8688868284225464
site05,4,-2.700000047683716,-1.78955078125
site05,4,-2.5999999046325684,-1.7102148532867432
site05,4,-2.5,-1.6308789253234863
site05,4,-2.400000095367432,-1.5515429973602295
site05,4,-2.299999952316284,-1.4722068309783936
site05,4,-2.200000047683716,-1.3928709030151367
site05,4,-2.0999999046325684,-1.31353497505188
site05,4,-2.0,-1.234199047088623
site05,4,-1.899999976158142,-1.1548922061920166
site05,4,-1.7999999523162842,-1.075620174407959
site05,4,-1.7000000476837158,-0.99634850025177
site05,4,-1.600000023841858,-0.9173092842102052
site05,4,-1.5,-0.841752290725708
site05,4,-1.399999976158142,-0.7661951780319214
site05,4,-1.2999999523162842,-0.6948550939559937
site05,4,-1.2000000476837158,-0.6403638124465942
site05,4,-1.100000023841858,-0.5973863005638123
site05,4,-1.0,-0.554122269153595
site05,4,-0.8999999761581421,-0.5108125805854797
site05,4,-0.800000011920929,-0.4792141914367676
site05,4,-0.699999988079071,-0.4599956274032593
site05,4,-0.6000000238418579,-0.4396346509456634
site05,4,-0.5,-0.4160307943820953
site05,4,-0.4000000059604645,-0.3899675011634826
site05,4,-0.3000000119209289,-0.3479740023612976
site05,4,-0.2000000029802322,-0.3003087043762207
site05,4,-0.1000000014901161,-0.2460035383701324
site05,4,0.0,-0.1916984021663665
site05,4,0.1000000014901161,-0.1303448230028152
site05,4,0.2000000029802322,-0.0738608166575431
site05,4,0.3000000119209289,-0.0208271741867065
site05,4,0.4000000059604645,0.0316950306296348
site05,4,0.5,0.0805074945092201
site05,4,0.6000000238418579,0.1286426186561584
site05,4,0.699999988079071,0.1777779757976532
site05,4,0.800000011920929,0.2238993346691131
site05,4,0.8999999761581421,0.2639419138431549
site05,4,1.0,0.3087493479251861
site05,4,1.100000023841858,0.351370245218277
site05,4,1.2000000476837158,0.3932988047599792
site05,4,1.2999999523162842,0.4276582896709442
site05,4,1.399999976158142,0.4580570161342621
site05,4,1.5,0.4890605509281158
site05,4,1.600000023841858,0.519526481628418
site05,4,1.7000000476837158,0.5467365980148315
site05,4,1.7999999523162842,0.5723101496696472
site05,4,1.899999976158142,0.5979325771331787
site05,4,2.0,0.6237834692001343
site05,4,2.0999999046325684,0.6496343016624451
site05,4,2.200000047683716,0.6754852533340454
site05,4,2.299999952316284,0.7013360261917114
site05,4,2.400000095367432,0.727186918258667
site05,4,2.5,0.7530378103256226
site05,4,2.5999999046325684,0.7788887023925781
site05,4,2.700000047683716,0.8047395348548889
site05,4,2.799999952316284,0.8304306864738464
site05,4,2.900000095367432,0.8561180830001831
site05,4,3.0,0.8818053007125854
site05,5,-3.0,-2.077376365661621
site05,5,-2.900000095367432,-1.993911862373352
site05,5,-2.799999952316284,-1.9104467630386357
site05,5,-2.700000047683716,-1.8269819021224976
site05,5,-2.5999999046325684,-1.74351704120636
site05,5,-2.5,-1.660051941871643
site05,5,-2.400000095367432,-1.576587200164795
site05,5,-2.299999952316284,-1.4931222200393677
site05,5,-2.200000047683716,-1.4096574783325195
site05,5,-2.0999999046325684,-1.3261923789978027
site05,5,-2.0,-1.242727518081665
site05,5,-1.899999976158142,-1.1592626571655271
site05,5,-1.7999999523162842,-1.0757976770401
site05,5,-1.7000000476837158,-0.9923328161239624
site05,5,-1.600000023841858,-0.9088679552078248
site05,5,-1.5,-0.8254029750823975
site05,5,-1.399999976158142,-0.7459172010421753
site05,5,-1.2999999523162842,-0.6652849912643433
site05,5,-1.2000000476837158,-0.6027343273162842
site05,5,-1.100000023841858,-0.5638862252235413
site05,5,-1.0,-0.5248831510543823
site05,5,-0.8999999761581421,-0.4884840548038482
site05,5,-0.800000011920929,-0.4644692242145538
site05,5,-0.699999988079071,-0.4482626914978027
site05,5,-0.6000000238418579,-0.4309126436710357
site05,5,-0.5,-0.4101950526237488
site05,5,-0.4000000059604645,-0.3891151249408722
site05,5,-0.3000000119209289,-0.3604753613471985
site05,5,-0.2000000029802322,-0.3252811729907989
site05,5,-0.1000000014901161,-0.2781512141227722
site05,5,0.0,-0.2265813648700714
site05,5,0.1000000014901161,-0.1703013926744461
site05,5,0.2000000029802322,-0.1192660927772522
site05,5,0.3000000119209289,-0.0689902156591415
site05,5,0.4000000059604645,-0.0209213495254516
site05,5,0.5,0.0254468470811843
site05,5,0.6000000238418579,0.0713595747947692
site05,5,0.699999988079071,0.118650197982788
site05,5,0.800000011920929,0.1643442213535308
site05,5,0.8999999761581421,0.207920104265213
site05,5,1.0,0.2541250884532928
site05,5,1.100000023841858,0.2993904948234558
site05,5,1.2000000476837158,0.3428451716899872
site05,5,1.2999999523162842,0.3858499228954315
site05,5,1.399999976158142,0.4205814898014068
site05,5,1.5,0.4514508545398712
site05,5,1.600000023841858,0.4811835587024688
site05,5,1.7000000476837158,0.508695125579834
site05,5,1.7999999523162842,0.5345048904418945
site05,5,1.899999976158142,0.5590766668319702
site05,5,2.0,0.5837948322296143
site05,5,2.0999999046325684,0.6086286306381226
site05,5,2.200000047683716,0.6334624290466309
site05,5,2.299999952316284,0.6582961082458496
site05,5,2.400000095367432,0.6831299066543579
site05,5,2.5,0.7079637050628662
site05,5,2.5999999046325684,0.732797384262085
site05,5,2.700000047683716,0.7576311826705933
site05,5,2.799999952316284,0.782740592956543
site05,5,2.900000095367432,0.8088822364807129
site05,5,3.0,0.8350237607955933
site06,0,-3.0,-0.5904125571250916
site06,0,-2.900000095367432,-0.5690481662750244
site06,0,-2.799999952316284,-0.5476837754249573
site06,0,-2.700000047683716,-0.5263192653656006
site06,0,-2.5999999046325684,-0.5049547553062439
site06,0,-2.5,-0.4835904836654663
site06,0,-2.400000095367432,-0.4622259736061096
site06,0,-2.299999952316284,-0.4408615231513977
site06,0,-2.200000047683716,-0.4194971323013305
site06,0,-2.0999999046325684,-0.3981326818466186
site06,0,-2.0,-0.3767682313919067
site06,0,-1.899999976158142,-0.3553285002708435
site06,0,-1.7999999523162842,-0.3338808417320251
site06,0,-1.7000000476837158,-0.3131642937660217
site06,0,-1.600000023841858,-0.2983168065547943
site06,0,-1.5,-0.2846099734306335
site06,0,-1.399999976158142,-0.2704468965530395
site06,0,-1.2999999523162842,-0.2561458647251129
site06,0,-1.2000000476837158,-0.2401943802833557
site06,0,-1.100000023841858,-0.224772498011589
site06,0,-1.0,-0.2138559371232986
site06,0,-0.8999999761581421,-0.205715149641037
site06,0,-0.800000011920929,-0.1999549120664596
site06,0,-0.699999988079071,-0.2004539221525192
site06,0,-0.6000000238418579,-0.2018320113420486
site06,0,-0.5,-0.2004925012588501
site06,0,-0.4000000059604645,-0.1991301625967025
site06,0,-0.3000000119209289,-0.1950061470270156
site06,0,-0.2000000029802322,-0.1893548965454101
site06,0,-0.1000000014901161,-0.183259055018425
site06,0,0.0,-0.1808338165283203
site06,0,0.1000000014901161,-0.1735035181045532
site06,0,0.2000000029802322,-0.1622699201107025
site06,0,0.3000000119209289,-0.1514972001314163
site06,0,0.4000000059604645,-0.1433814764022827
site06,0,0.5,-0.1352380812168121
site06,0,0.6000000238418579,-0.127101644873619
site06,0,0.699999988079071,-0.1183304637670517
site06,0,0.800000011920929,-0.1141646355390548
site06,0,0.8999999761581421,-0.1122294515371322
site06,0,1.0,-0.1097657158970832
site06,0,1.100000023841858,-0.1126752346754074
site06,0,1.2000000476837158,-0.1154588311910629
site06,0,1.2999999523162842,-0.1164073124527931
site06,0,1.399999976158142,-0.1173558160662651
site06,0,1.5,-0.1183042898774147
site06,0,1.600000023841858,-0.1189294308423996
site06,0,1.7000000476837158,-0.1201667338609695
site06,0,1.7999999523162842,-0.1214040294289588
site06,0,1.899999976158142,-0.122641310095787
site06,0,2.0,-0.122996836900711
site06,0,2.0999999046325684,-0.1228236556053161
site06,0,2.200000047683716,-0.1244911700487136
site06,0,2.299999952316284,-0.1284067034721374
site06,0,2.400000095367432,-0.1290503889322281
site06,0,2.5,-0.1296940594911575
site06,0,2.5999999046325684,-0.1303377151489257
site06,0,2.700000047683716,-0.1309813857078552
site06,0,2.799999952316284,-0.1316950470209121
site06,0,2.900000095367432,-0.1330975294113159
site06,0,3.0,-0.1344999521970749
site06,1,-3.0,-2.220931053161621
site06,1,-2.900000095367432,-2.145895481109619
site06,1,-2.799999952316284,-2.070859909057617
site06,1,-2.700000047683716,-1.995824098587036
site06,1,-2.5999999046325684,-1.920788288116455
site06,1,-2.5,-1.845752596855164
site06,1,-2.400000095367432,-1.770716905593872
site06,1,-2.299999952316284,-1.69568133354187
site06,1,-2.200000047683716,-1.620645523071289
site06,1,-2.0999999046325684,-1.545609712600708
site06,1,-2.0,-1.4705740213394165
site06,1,-1.899999976158142,-1.395538330078125
site06,1,-1.7999999523162842,-1.320502519607544
site06,1,-1.7000000476837158,-1.2460980415344238
site06,1,-1.600000023841858,-1.1764556169509888
site06,1,-1.5,-1.1075589656829834
site06,1,-1.399999976158142,-1.038885474205017
site06,1,-1.2999999523162842,-0.9702120423316956
site06,1,-1.2000000476837158,-0.9035980701446532
site06,1,-1.100000023841858,-0.8417547345161438
site06,1,-1.0,-0.7794167399406433
site06,1,-0.8999999761581421,-0.7170785665512085
site06,1,-0.800000011920929,-0.6559008359909058
site06,1,-0.699999988079071,-0.6108481884002686
site06,1,-0.6000000238418579,-0.5793793797492981
site06,1,-0.5,-0.5473583936691284
site06,1,-0.4000000059604645,-0.5147037506103516
site06,1,-0.3000000119209289,-0.4761807322502136
site06,1,-0.2000000029802322,-0.4347953498363495
site06,1,-0.1000000014901161,-0.3798351883888244
site06,1,0.0,-0.319434642791748
site06,1,0.1000000014901161,-0.2486717998981475
site06,1,0.2000000029802322,-0.1756629645824432
site06,1,0.3000000119209289,-0.1026541292667388
site06,1,0.4000000059604645,-0.038953348994255
site06,1,0.5,0.0239274129271507
site06,1,0.6000000238418579,0.0876408889889717
site06,1,0.699999988079071,0.1434880197048187
site06,1,0.800000011920929,0.1970791220664978
site06,1,0.8999999761581421,0.2535772621631622
site06,1,1.0,0.3007505536079407
site06,1,1.100000023841858,0.3425800800323486
site06,1,1.2000000476837158,0.384098619222641
site06,1,1.2999999523162842,0.4223262965679168
site06,1,1.399999976158142,0.4526829421520233
site06,1,1.5,0.4842662513256073
site06,1,1.600000023841858,0.5136335492134094
site06,1,1.7000000476837158,0.54106205701828
site06,1,1.7999999523162842,0.5693958401679993
site06,1,1.899999976158142,0.5975525379180908
site06,1,2.0,0.6252151131629944
site06,1,2.0999999046325684,0.652877688407898
site06,1,2.200000047683716,0.6805402636528015
site06,1,2.299999952316284,0.7082027792930603
site06,1,2.400000095367432,0.7358653545379639
site06,1,2.5,0.763528048992157
site06,1,2.5999999046325684,0.7910661697387695
site06,1,2.700000047683716,0.8182181715965271
site06,1,2.799999952316284,0.8453701138496399
site06,1,2.900000095367432,0.8725221157073975
site06,1,3.0,0.899674117565155
site06,2,-3.0,-1.9167309999465945
site06,2,-2.900000095367432,-1.8460248708724976
site06,2,-2.799999952316284,-1.7753185033798218
site06,2,-2.700000047683716,-1.704612374305725
site06,2,-2.5999999046325684,-1.6339062452316284
site06,2,-2.5,-1.5632001161575315
site06,2,-2.400000095367432,-1.4924938678741455
site06,2,-2.299999952316284,-1.4217876195907593
site06,2,-2.200000047683716,-1.3510814905166626
site06,2,-2.0999999046325684,-1.2803751230239868
site06,2,-2.0,-1.20966899394989
site06,2,-1.899999976158142,-1.138962745666504
site06,2,-1.7999999523162842,-1.0682566165924072
site06,2,-1.7000000476837158,-1.002072811126709
site06,2,-1.600000023841858,-0.9436254501342772
site06,2,-1.5,-0.884638786315918
site06,2,-1.399999976158142,-0.825652003288269
site06,2,-1.2999999523162842,-0.7692840099334717
site06,2,-1.2000000476837158,-0.717272162437439
site06,2,-1.100000023841858,-0.6671510934829712
site06,2,-1.0,-0.6165487766265869
site06,2,-0.8999999761581421,-0.5659464597702026
site06,2,-0.800000011920929,-0.5196000933647156
site06,2,-0.699999988079071,-0.487626850605011
site06,2,-0.6000000238418579,-0.4612697064876556
site06,2,-0.5,-0.4335933327674866
site06,2,-0.4000000059604645,-0.4059169590473175
site06,2,-0.3000000119209289,-0.3728633821010589
site06,2,-0.2000000029802322,-0.3331291079521179
site06,2,-0.1000000014901161,-0.2822902798652649
site06,2,0.0,-0.2328139245510101
site06,2,0.1000000014901161,-0.1779119670391082
site06,2,0.2000000029802322,-0.1271589696407318
site06,2,0.3000000119209289,-0.0764377266168594
site06,2,0.4000000059604645,-0.0264254659414291
site06,2,0.5,0.02349254488945
site06,2,0.6000000238418579,0.0727012455463409
site06,2,0.699999988079071,0.1149870157241821
site06,2,0.800000011920929,0.1570633947849273
site06,2,0.8999999761581421,0.2017603814601898
site06,2,1.0,0.2465585768222808
site06,2,1.100000023841858,0.2899622023105621
site06,2,1.2000000476837158,0.3296986520290375
site06,2,1.2999999523162842,0.3649651706218719
site06,2,1.399999976158142,0.3937555849552154
site06,2,1.5,0.4227191507816314
site06,2,1.600000023841858,0.4491720497608185
site06,2,1.7000000476837158,0.4728275835514068
site06,2,1.7999999523162842,0.4954855740070343
site06,2,1.899999976158142,0.51838219165802
site06,2,2.0,0.5413312911987305
site06,2,2.0999999046325684,0.5642802715301514
site06,2,2.200000047683716,0.5872293710708618
site06,2,2.299999952316284,0.6101783514022827
site06,2,2.400000095367432,0.6331274509429932
site06,2,2.5,0.6560763120651245
site06,2,2.5999999046325684,0.679025411605835
site06,2,2.700000047683716,0.7019091844558716
site06,2,2.799999952316284,0.724601149559021
site06,2,2.900000095367432,0.74729323387146
site06,2,3.0,0.7699851989746094
site06,3,-3.0,-2.0870614051818848
site06,3,-2.900000095367432,-2.0092172622680664
site06,3,-2.799999952316284,-1.9313734769821167
site06,3,-2.700000047683716,-1.853529691696167
site06,3,-2.5999999046325684,-1.7756856679916382
site06,3,-2.5,-1.697841763496399
site06,3,-2.400000095367432,-1.6199978590011597
site06,3,-2.299999952316284,-1.5421538352966309
site06,3,-2.200000047683716,-1.4643160104751587
site06,3,-2.0999999046325684,-1.386478066444397
site06,3,-2.0,-1.3086402416229248
site06,3,-1.899999976158142,-1.2308024168014526
site06,3,-1.7999999523162842,-1.152964472770691
site06,3,-1.7000000476837158,-1.0749257802963257
site06,3,-1.600000023841858,-0.997803509235382
site06,3,-1.5,-0.922445833683014
site06,3,-1.399999976158142,-0.8471015095710754
site06,3,-1.2999999523162842,-0.773164689540863
site06,3,-1.2000000476837158,-0.7152965664863586
site06,3,-1.100000023841858,-0.6698235869407654
site06,3,-1.0,-0.6237003207206726
site06,3,-0.8999999761581421,-0.5773189067840576
site06,3,-0.800000011920929,-0.5376607775688171
site06,3,-0.699999988079071,-0.51116943359375
site06,3,-0.6000000238418579,-0.4871869683265686
site06,3,-0.5,-0.4619667530059814
site06,3,-0.4000000059604645,-0.4361354112625122
site06,3,-0.3000000119209289,-0.4034109115600586
site06,3,-0.2000000029802322,-0.3607175946235657
site06,3,-0.1000000014901161,-0.3056601881980896
site06,3,0.0,-0.250565230846405
site06,3,0.1000000014901161,-0.1887334883213043
site06,3,0.2000000029802322,-0.1275731772184372
site06,3,0.3000000119209289,-0.0730607733130455
site06,3,0.4000000059604645,-0.0185483917593956
site06,3,0.5,0.0359639674425125
site06,3,0.6000000238418579,0.0903275161981582
site06,3,0.699999988079071,0.1435292214155197
site06,3,0.800000011920929,0.192277118563652
site06,3,0.8999999761581421,0.2393995076417923
site06,3,1.0,0.2861212491989136
site06,3,1.100000023841858,0.3321982026100158
site06,3,1.2000000476837158,0.373417317867279
site06,3,1.2999999523162842,0.4128016829490661
site06,3,1.399999976158142,0.444451093673706
site06,3,1.5,0.4762241244316101
site06,3,1.600000023841858,0.5049400925636292
site06,3,1.7000000476837158,0.5308017730712891
site06,3,1.7999999523162842,0.556663453578949
site06,3,1.899999976158142,0.583012044429779
site06,3,2.0,0.6094518899917603
site06,3,2.0999999046325684,0.6358917355537415
site06,3,2.200000047683716,0.6623315215110779
site06,3,2.299999952316284,0.6887714266777039
site06,3,2.400000095367432,0.7152112722396851
site06,3,2.5,0.7416509985923767
site06,3,2.5999999046325684,0.7680909037590027
site06,3,2.700000047683716,0.7944242358207703
site06,3,2.799999952316284,0.8205397725105286
site06,3,2.900000095367432,0.8466554284095764
site06,3,3.0,0.8727710247039795
site06,4,-3.0,-2.0275585651397705
site06,4,-2.900000095367432,-1.9482228755950928
site06,4,-2.799999952316284,-1.8688868284225464
site06,4,-2.700000047683716,-1.78955078125
site06,4,-2.5999999046325684,-1.7102148532867432
site06,4,-2.5,-1.6308789253234863
site06,4,-2.400000095367432,-1.5515429973602295
site06,4,-2.299999952316284,-1.4722068309783936
site06,4,-2.200000047683716,-1.3928709030151367
site06,4,-2.0999999046325684,-1.31353497505188
site06,4,-2.0,-1.234199047088623
site06,4,-1.899999976158142,-1.1548922061920166
site06,4,-1.7999999523162842,-1.075620174407959
site06,4,-1.7000000476837158,-0.99634850025177
site06,4,-1.600000023841858,-0.9173092842102052
site06,4,-1.5,-0.841752290725708
site06,4,-1.399999976158142,-0.7661951780319214
site06,4,-1.2999999523162842,-0.6948550939559937
site06,4,-1.2000000476837158,-0.6403638124465942
site06,4,-1.100000023841858,-0.5973863005638123
site06,4,-1.0,-0.554122269153595
site06,4,-0.8999999761581421,-0.5108125805854797
site06,4,-0.800000011920929,-0.4792141914367676
site06,4,-0.699999988079071,-0.4599956274032593
site06,4,-0.6000000238418579,-0.4396346509456634
site06,4,-0.5,-0.4160307943820953
site06,4,-0.4000000059604645,-0.3899675011634826
site06,4,-0.3000000119209289,-0.3479740023612976
site06,4,-0.2000000029802322,-0.3003087043762207
site06,4,-0.1000000014901161,-0.2460035383701324
site06,4,0.0,-0.1916984021663665
site06,4,0.1000000014901161,-0.1303448230028152
site06,4,0.2000000029802322,-0.0738608166575431
site06,4,0.3000000119209289,-0.0208271741867065
site06,4,0.4000000059604645,0.0316950306296348
site06,4,0.5,0.0805074945092201
site06,4,0.6000000238418579,0.1286426186561584
site06,4,0.699999988079071,0.1777779757976532
site06,4,0.800000011920929,0.2238993346691131
site06,4,0.8999999761581421,0.2639419138431549
site06,4,1.0,0.3087493479251861
site06,4,1.100000023841858,0.351370245218277
site06,4,1.2000000476837158,0.3932988047599792
site06,4,1.2999999523162842,0.4276582896709442
site06,4,1.399999976158142,0.4580570161342621
site06,4,1.5,0.4890605509281158
site06,4,1.600000023841858,0.519526481628418
site06,4,1.7000000476837158,0.5467365980148315
site06,4,1.7999999523162842,0.5723101496696472
site06,4,1.899999976158142,0.5979325771331787
site06,4,2.0,0.6237834692001343
site06,4,2.0999999046325684,0.6496343016624451
site06,4,2.200000047683716,0.6754852533340454
site06,4,2.299999952316284,0.7013360261917114
site06,4,2.400000095367432,0.727186918258667
site06,4,2.5,0.7530378103256226
site06,4,2.5999999046325684,0.7788887023925781
site06,4,2.700000047683716,0.8047395348548889
site06,4,2.799999952316284,0.8304306864738464
site06,4,2.900000095367432,0.8561180830001831
site06,4,3.0,0.8818053007125854
site06,5,-3.0,-2.077376365661621
site06,5,-2.900000095367432,-1.993911862373352
site06,5,-2.799999952316284,-1.9104467630386357
site06,5,-2.700000047683716,-1.8269819021224976
site06,5,-2.5999999046325684,-1.74351704120636
site06,5,-2.5,-1.660051941871643
site06,5,-2.400000095367432,-1.576587200164795
site06,5,-2.299999952316284,-1.4931222200393677
site06,5,-2.200000047683716,-1.4096574783325195
site06,5,-2.0999999046325684,-1.3261923789978027
site06,5,-2.0,-1.242727518081665
site06,5,-1.899999976158142,-1.1592626571655271
site06,5,-1.7999999523162842,-1.0757976770401
site06,5,-1.7000000476837158,-0.9923328161239624
site06,5,-1.600000023841858,-0.9088679552078248
site06,5,-1.5,-0.8254029750823975
site06,5,-1.399999976158142,-0.7459172010421753
site06,5,-1.2999999523162842,-0.6652849912643433
site06,5,-1.2000000476837158,-0.6027343273162842
site06,5,-1.100000023841858,-0.5638862252235413
site06,5,-1.0,-0.5248831510543823
site06,5,-0.8999999761581421,-0.4884840548038482
site06,5,-0.800000011920929,-0.4644692242145538
site06,5,-0.699999988079071,-0.4482626914978027
site06,5,-0.6000000238418579,-0.4309126436710357
site06,5,-0.5,-0.4101950526237488
site06,5,-0.4000000059604645,-0.3891151249408722
site06,5,-0.3000000119209289,-0.3604753613471985
site06,5,-0.2000000029802322,-0.3252811729907989
site06,5,-0.1000000014901161,-0.2781512141227722
site06,5,0.0,-0.2265813648700714
site06,5,0.1000000014901161,-0.1703013926744461
site06,5,0.2000000029802322,-0.1192660927772522
site06,5,0.3000000119209289,-0.0689902156591415
site06,5,0.4000000059604645,-0.0209213495254516
site06,5,0.5,0.0254468470811843
site06,5,0.6000000238418579,0.0713595747947692
site06,5,0.699999988079071,0.118650197982788
site06,5,0.800000011920929,0.1643442213535308
site06,5,0.8999999761581421,0.207920104265213
site06,5,1.0,0.2541250884532928
site06,5,1.100000023841858,0.2993904948234558
site06,5,1.2000000476837158,0.3428451716899872
site06,5,1.2999999523162842,0.3858499228954315
site06,5,1.399999976158142,0.4205814898014068
site06,5,1.5,0.4514508545398712
site06,5,1.600000023841858,0.4811835587024688
site06,5,1.7000000476837158,0.508695125579834
site06,5,1.7999999523162842,0.5345048904418945
site06,5,1.899999976158142,0.5590766668319702
site06,5,2.0,0.5837948322296143
site06,5,2.0999999046325684,0.6086286306381226
site06,5,2.200000047683716,0.6334624290466309
site06,5,2.299999952316284,0.6582961082458496
site06,5,2.400000095367432,0.6831299066543579
site06,5,2.5,0.7079637050628662
site06,5,2.5999999046325684,0.732797384262085
site06,5,2.700000047683716,0.7576311826705933
site06,5,2.799999952316284,0.782740592956543
site06,5,2.900000095367432,0.8088822364807129
site06,5,3.0,0.8350237607955933
site07,0,-3.0,-0.5904125571250916
site07,0,-2.900000095367432,-0.5690481662750244
site07,0,-2.799999952316284,-0.5476837754249573
site07,0,-2.700000047683716,-0.5263192653656006
site07,0,-2.5999999046325684,-0.5049547553062439
site07,0,-2.5,-0.4835904836654663
site07,0,-2.400000095367432,-0.4622259736061096
site07,0,-2.299999952316284,-0.4408615231513977
site07,0,-2.200000047683716,-0.4194971323013305
site07,0,-2.0999999046325684,-0.3981326818466186
site07,0,-2.0,-0.3767682313919067
site07,0,-1.899999976158142,-0.3553285002708435
site07,0,-1.7999999523162842,-0.3338808417320251
site07,0,-1.7000000476837158,-0.3131642937660217
site07,0,-1.600000023841858,-0.2983168065547943
site07,0,-1.5,-0.2846099734306335
site07,0,-1.399999976158142,-0.2704468965530395
site07,0,-1.2999999523162842,-0.2561458647251129
site07,0,-1.2000000476837158,-0.2401943802833557
site07,0,-1.100000023841858,-0.224772498011589
site07,0,-1.0,-0.2138559371232986
site07,0,-0.8999999761581421,-0.205715149641037
site07,0,-0.800000011920929,-0.1999549120664596
site07,0,-0.699999988079071,-0.2004539221525192
site07,0,-0.6000000238418579,-0.2018320113420486
site07,0,-0.5,-0.2004925012588501
site07,0,-0.4000000059604645,-0.1991301625967025
site07,0,-0.3000000119209289,-0.1950061470270156
site07,0,-0.2000000029802322,-0.1893548965454101
site07,0,-0.1000000014901161,-0.183259055018425
site07,0,0.0,-0.1808338165283203
site07,0,0.1000000014901161,-0.1735035181045532
site07,0,0.2000000029802322,-0.1622699201107025
site07,0,0.3000000119209289,-0.1514972001314163
site07,0,0.4000000059604645,-0.1433814764022827
site07,0,0.5,-0.1352380812168121
site07,0,0.6000000238418579,-0.127101644873619
site07,0,0.699999988079071,-0.1183304637670517
site07,0,0.800000011920929,-0.1141646355390548
site07,0,0.8999999761581421,-0.1122294515371322
site07,0,1.0,-0.1097657158970832
site07,0,1.100000023841858,-0.1126752346754074
site07,0,1.2000000476837158,-0.1154588311910629
site07,0,1.2999999523162842,-0.1164073124527931
site07,0,1.399999976158142,-0.1173558160662651
site07,0,1.5,-0.1183042898774147
site07,0,1.600000023841858,-0.1189294308423996
site07,0,1.7000000476837158,-0.1201667338609695
site07,0,1.7999999523162842,-0.1214040294289588
site07,0,1.899999976158142,-0.122641310095787
site07,0,2.0,-0.122996836900711
site07,0,2.0999999046325684,-0.1228236556053161
site07,0,2.200000047683716,-0.1244911700487136
site07,0,2.299999952316284,-0.1284067034721374
site07,0,2.400000095367432,-0.1290503889322281
site07,0,2.5,-0.1296940594911575
site07,0,2.5999999046325684,-0.1303377151489257
site07,0,2.700000047683716,-0.1309813857078552
site07,0,2.799999952316284,-0.1316950470209121
site07,0,2.900000095367432,-0.1330975294113159
site07,0,3.0,-0.1344999521970749
site07,1,-3.0,-2.220931053161621
site07,1,-2.900000095367432,-2.145895481109619
site07,1,-2.799999952316284,-2.070859909057617
site07,1,-2.700000047683716,-1.995824098587036
site07,1,-2.5999999046325684,-1.920788288116455
site07,1,-2.5,-1.845752596855164
site07,1,-2.400000095367432,-1.770716905593872
site07,1,-2.299999952316284,-1.69568133354187
site07,1,-2.200000047683716,-1.620645523071289
site07,1,-2.0999999046325684,-1.545609712600708
site07,1,-2.0,-1.4705740213394165
site07,1,-1.899999976158142,-1.395538330078125
site07,1,-1.7999999523162842,-1.320502519607544
site07,1,-1.7000000476837158,-1.2460980415344238
site07,1,-1.600000023841858,-1.1764556169509888
site07,1,-1.5,-1.1075589656829834
site07,1,-1.399999976158142,-1.038885474205017
site07,1,-1.2999999523162842,-0.9702120423316956
site07,1,-1.2000000476837158,-0.9035980701446532
site07,1,-1.100000023841858,-0.8417547345161438
site07,1,-1.0,-0.7794167399406433
site07,1,-0.8999999761581421,-0.7170785665512085
site07,1,-0.800000011920929,-0.6559008359909058
site07,1,-0.699999988079071,-0.6108481884002686
site07,1,-0.6000000238418579,-0.5793793797492981
site07,1,-0.5,-0.5473583936691284
site07,1,-0.4000000059604645,-0.5147037506103516
site07,1,-0.3000000119209289,-0.4761807322502136
site07,1,-0.2000000029802322,-0.4347953498363495
site07,1,-0.1000000014901161,-0.3798351883888244
site07,1,0.0,-0.319434642791748
site07,1,0.1000000014901161,-0.2486717998981475
site07,1,0.2000000029802322,-0.1756629645824432
site07,1,0.3000000119209289,-0.1026541292667388
site07,1,0.4000000059604645,-0.038953348994255
site07,1,0.5,0.0239274129271507
site07,1,0.6000000238418579,0.0876408889889717
site07,1,0.699999988079071,0.1434880197048187
site07,1,0.800000011920929,0.1970791220664978
site07,1,0.8999999761581421,0.2535772621631622
site07,1,1.0,0.3007505536079407
site07,1,1.100000023841858,0.3425800800323486
site07,1,1.2000000476837158,0.384098619222641
site07,1,1.2999999523162842,0.4223262965679168
site07,1,1.399999976158142,0.4526829421520233
site07,1,1.5,0.4842662513256073
site07,1,1.600000023841858,0.5136335492134094
site07,1,1.7000000476837158,0.54106205701828
site07,1,1.7999999523162842,0.5693958401679993
site07,1,1.899999976158142,0.5975525379180908
site07,1,2.0,0.6252151131629944
site07,1,2.0999999046325684,0.652877688407898
site07,1,2.200000047683716,0.6805402636528015
site07,1,2.299999952316284,0.7082027792930603
site07,1,2.400000095367432,0.7358653545379639
site07,1,2.5,0.763528048992157
site07,1,2.5999999046325684,0.7910661697387695
site07,1,2.700000047683716,0.8182181715965271
site07,1,2.799999952316284,0.8453701138496399
site07,1,2.900000095367432,0.8725221157073975
site07,1,3.0,0.899674117565155
site07,2,-3.0,-1.9167309999465945
site07,2,-2.900000095367432,-1.8460248708724976
site07,2,-2.799999952316284,-1.7753185033798218
site07,2,-2.700000047683716,-1.704612374305725
site07,2,-2.5999999046325684,-1.6339062452316284
site07,2,-2.5,-1.5632001161575315
site07,2,-2.400000095367432,-1.4924938678741455
site07,2,-2.299999952316284,-1.4217876195907593
site07,2,-2.200000047683716,-1.3510814905166626
site07,2,-2.0999999046325684,-1.2803751230239868
site07,2,-2.0,-1.20966899394989
site07,2,-1.899999976158142,-1.138962745666504
site07,2,-1.7999999523162842,-1.0682566165924072
site07,2,-1.7000000476837158,-1.002072811126709
site07,2,-1.600000023841858,-0.9436254501342772
site07,2,-1.5,-0.884638786315918
site07,2,-1.399999976158142,-0.825652003288269
site07,2,-1.2999999523162842,-0.7692840099334717
site07,2,-1.2000000476837158,-0.717272162437439
site07,2,-1.100000023841858,-0.6671510934829712
site07,2,-1.0,-0.6165487766265869
site07,2,-0.8999999761581421,-0.5659464597702026
site07,2,-0.800000011920929,-0.5196000933647156
site07,2,-0.699999988079071,-0.487626850605011
site07,2,-0.6000000238418579,-0.4612697064876556
site07,2,-0.5,-0.4335933327674866
site07,2,-0.4000000059604645,-0.4059169590473175
site07,2,-0.3000000119209289,-0.3728633821010589
site07,2,-0.2000000029802322,-0.3331291079521179
site07,2,-0.1000000014901161,-0.2822902798652649
site07,2,0.0,-0.2328139245510101
site07,2,0.1000000014901161,-0.1779119670391082
site07,2,0.2000000029802322,-0.1271589696407318
site07,2,0.3000000119209289,-0.0764377266168594
site07,2,0.4000000059604645,-0.0264254659414291
site07,2,0.5,0.02349254488945
site07,2,0.6000000238418579,0.0727012455463409
site07,2,0.699999988079071,0.1149870157241821
site07,2,0.800000011920929,0.1570633947849273
site07,2,0.8999999761581421,0.2017603814601898
site07,2,1.0,0.2465585768222808
site07,2,1.100000023841858,0.2899622023105621
site07,2,1.2000000476837158,0.3296986520290375
site07,2,1.2999999523162842,0.3649651706218719
site07,2,1.399999976158142,0.3937555849552154
site07,2,1.5,0.4227191507816314
site07,2,1.600000023841858,0.4491720497608185
site07,2,1.7000000476837158,0.4728275835514068
site07,2,1.7999999523162842,0.4954855740070343
site07,2,1.899999976158142,0.51838219165802
site07,2,2.0,0.5413312911987305
site07,2,2.0999999046325684,0.5642802715301514
site07,2,2.200000047683716,0.5872293710708618
site07,2,2.299999952316284,0.6101783514022827
site07,2,2.400000095367432,0.6331274509429932
site07,2,2.5,0.6560763120651245
site07,2,2.5999999046325684,0.679025411605835
site07,2,2.700000047683716,0.7019091844558716
site07,2,2.799999952316284,0.724601149559021
site07,2,2.900000095367432,0.74729323387146
site07,2,3.0,0.7699851989746094
site07,3,-3.0,-2.0870614051818848
site07,3,-2.900000095367432,-2.0092172622680664
site07,3,-2.799999952316284,-1.9313734769821167
site07,3,-2.700000047683716,-1.853529691696167
site07,3,-2.5999999046325684,-1.7756856679916382
site07,3,-2.5,-1.697841763496399
site07,3,-2.400000095367432,-1.6199978590011597
site07,3,-2.299999952316284,-1.5421538352966309
site07,3,-2.200000047683716,-1.4643160104751587
site07,3,-2.0999999046325684,-1.386478066444397
site07,3,-2.0,-1.3086402416229248
site07,3,-1.899999976158142,-1.2308024168014526
site07,3,-1.7999999523162842,-1.152964472770691
site07,3,-1.7000000476837158,-1.0749257802963257
site07,3,-1.600000023841858,-0.997803509235382
site07,3,-1.5,-0.922445833683014
site07,3,-1.399999976158142,-0.8471015095710754
site07,3,-1.2999999523162842,-0.773164689540863
site07,3,-1.2000000476837158,-0.7152965664863586
site07,3,-1.100000023841858,-0.6698235869407654
site07,3,-1.0,-0.6237003207206726
site07,3,-0.8999999761581421,-0.5773189067840576
site07,3,-0.800000011920929,-0.5376607775688171
site07,3,-0.699999988079071,-0.51116943359375
site07,3,-0.6000000238418579,-0.4871869683265686
site07,3,-0.5,-0.4619667530059814
site07,3,-0.4000000059604645,-0.4361354112625122
site07,3,-0.3000000119209289,-0.4034109115600586
site07,3,-0.2000000029802322,-0.3607175946235657
site07,3,-0.1000000014901161,-0.3056601881980896
site07,3,0.0,-0.250565230846405
site07,3,0.1000000014901161,-0.1887334883213043
site07,3,0.2000000029802322,-0.1275731772184372
site07,3,0.3000000119209289,-0.0730607733130455
site07,3,0.4000000059604645,-0.0185483917593956
site07,3,0.5,0.0359639674425125
site07,3,0.6000000238418579,0.0903275161981582
site07,3,0.699999988079071,0.1435292214155197
site07,3,0.800000011920929,0.192277118563652
site07,3,0.8999999761581421,0.2393995076417923
site07,3,1.0,0.2861212491989136
site07,3,1.100000023841858,0.3321982026100158
site07,3,1.2000000476837158,0.373417317867279
site07,3,1.2999999523162842,0.4128016829490661
site07,3,1.399999976158142,0.444451093673706
site07,3,1.5,0.4762241244316101
site07,3,1.600000023841858,0.5049400925636292
site07,3,1.7000000476837158,0.5308017730712891
site07,3,1.7999999523162842,0.556663453578949
site07,3,1.899999976158142,0.583012044429779
site07,3,2.0,0.6094518899917603
site07,3,2.0999999046325684,0.6358917355537415
site07,3,2.200000047683716,0.6623315215110779
site07,3,2.299999952316284,0.6887714266777039
site07,3,2.400000095367432,0.7152112722396851
site07,3,2.5,0.7416509985923767
site07,3,2.5999999046325684,0.7680909037590027
site07,3,2.700000047683716,0.7944242358207703
site07,3,2.799999952316284,0.8205397725105286
site07,3,2.900000095367432,0.8466554284095764
site07,3,3.0,0.8727710247039795
site07,4,-3.0,-2.0275585651397705
site07,4,-2.900000095367432,-1.9482228755950928
site07,4,-2.799999952316284,-1.8688868284225464
site07,4,-2.700000047683716,-1.78955078125
site07,4,-2.5999999046325684,-1.7102148532867432
site07,4,-2.5,-1.6308789253234863
site07,4,-2.400000095367432,-1.5515429973602295
site07,4,-2.299999952316284,-1.4722068309783936
site07,4,-2.200000047683716,-1.3928709030151367
site07,4,-2.0999999046325684,-1.31353497505188
site07,4,-2.0,-1.234199047088623
site07,4,-1.899999976158142,-1.1548922061920166
site07,4,-1.7999999523162842,-1.075620174407959
site07,4,-1.7000000476837158,-0.99634850025177
site07,4,-1.600000023841858,-0.9173092842102052
site07,4,-1.5,-0.841752290725708
site07,4,-1.399999976158142,-0.7661951780319214
site07,4,-1.2999999523162842,-0.6948550939559937
site07,4,-1.2000000476837158,-0.6403638124465942
site07,4,-1.100000023841858,-0.5973863005638123
site07,4,-1.0,-0.554122269153595
site07,4,-0.8999999761581421,-0.5108125805854797
site07,4,-0.800000011920929,-0.4792141914367676
site07,4,-0.699999988079071,-0.4599956274032593
site07,4,-0.6000000238418579,-0.4396346509456634
site07,4,-0.5,-0.4160307943820953
site07,4,-0.4000000059604645,-0.3899675011634826
site07,4,-0.3000000119209289,-0.3479740023612976
site07,4,-0.2000000029802322,-0.3003087043762207
site07,4,-0.1000000014901161,-0.2460035383701324
site07,4,0.0,-0.1916984021663665
site07,4,0.1000000014901161,-0.1303448230028152
site07,4,0.2000000029802322,-0.0738608166575431
site07,4,0.3000000119209289,-0.0208271741867065
site07,4,0.4000000059604645,0.0316950306296348
site07,4,0.5,0.0805074945092201
site07,4,0.6000000238418579,0.1286426186561584
site07,4,0.699999988079071,0.1777779757976532
site07,4,0.800000011920929,0.2238993346691131
site07,4,0.8999999761581421,0.2639419138431549
site07,4,1.0,0.3087493479251861
site07,4,1.100000023841858,0.351370245218277
site07,4,1.2000000476837158,0.3932988047599792
site07,4,1.2999999523162842,0.4276582896709442
site07,4,1.399999976158142,0.4580570161342621
site07,4,1.5,0.4890605509281158
site07,4,1.600000023841858,0.519526481628418
site07,4,1.7000000476837158,0.5467365980148315
site07,4,1.7999999523162842,0.5723101496696472
site07,4,1.899999976158142,0.5979325771331787
site07,4,2.0,0.6237834692001343
site07,4,2.0999999046325684,0.6496343016624451
site07,4,2.200000047683716,0.6754852533340454
site07,4,2.299999952316284,0.7013360261917114
site07,4,2.400000095367432,0.727186918258667
site07,4,2.5,0.7530378103256226
site07,4,2.5999999046325684,0.7788887023925781
site07,4,2.700000047683716,0.8047395348548889
site07,4,2.799999952316284,0.8304306864738464
site07,4,2.900000095367432,0.8561180830001831
site07,4,3.0,0.8818053007125854
site07,5,-3.0,-2.077376365661621
site07,5,-2.900000095367432,-1.993911862373352
site07,5,-2.799999952316284,-1.9104467630386357
site07,5,-2.700000047683716,-1.8269819021224976
site07,5,-2.5999999046325684,-1.74351704120636
site07,5,-2.5,-1.660051941871643
site07,5,-2.400000095367432,-1.576587200164795
site07,5,-2.299999952316284,-1.4931222200393677
site07,5,-2.200000047683716,-1.4096574783325195
site07,5,-2.0999999046325684,-1.3261923789978027
site07,5,-2.0,-1.242727518081665
site07,5,-1.899999976158142,-1.1592626571655271
site07,5,-1.7999999523162842,-1.0757976770401
site07,5,-1.7000000476837158,-0.9923328161239624
site07,5,-1.600000023841858,-0.9088679552078248
site07,5,-1.5,-0.8254029750823975
site07,5,-1.399999976158142,-0.7459172010421753
site07,5,-1.2999999523162842,-0.6652849912643433
site07,5,-1.2000000476837158,-0.6027343273162842
site07,5,-1.100000023841858,-0.5638862252235413
site07,5,-1.0,-0.5248831510543823
site07,5,-0.8999999761581421,-0.4884840548038482
site07,5,-0.800000011920929,-0.4644692242145538
site07,5,-0.699999988079071,-0.4482626914978027
site07,5,-0.6000000238418579,-0.4309126436710357
site07,5,-0.5,-0.4101950526237488
site07,5,-0.4000000059604645,-0.3891151249408722
site07,5,-0.3000000119209289,-0.3604753613471985
site07,5,-0.2000000029802322,-0.3252811729907989
site07,5,-0.1000000014901161,-0.2781512141227722
site07,5,0.0,-0.2265813648700714
site07,5,0.1000000014901161,-0.1703013926744461
site07,5,0.2000000029802322,-0.1192660927772522
site07,5,0.3000000119209289,-0.0689902156591415
site07,5,0.4000000059604645,-0.0209213495254516
site07,5,0.5,0.0254468470811843
site07,5,0.6000000238418579,0.0713595747947692
site07,5,0.699999988079071,0.118650197982788
site07,5,0.800000011920929,0.1643442213535308
site07,5,0.8999999761581421,0.207920104265213
site07,5,1.0,0.2541250884532928
site07,5,1.100000023841858,0.2993904948234558
site07,5,1.2000000476837158,0.3428451716899872
site07,5,1.2999999523162842,0.3858499228954315
site07,5,1.399999976158142,0.4205814898014068
site07,5,1.5,0.4514508545398712
site07,5,1.600000023841858,0.4811835587024688
site07,5,1.7000000476837158,0.508695125579834
site07,5,1.7999999523162842,0.5345048904418945
site07,5,1.899999976158142,0.5590766668319702
site07,5,2.0,0.5837948322296143
site07,5,2.0999999046325684,0.6086286306381226
site07,5,2.200000047683716,0.6334624290466309
site07,5,2.299999952316284,0.6582961082458496
site07,5,2.400000095367432,0.6831299066543579
site07,5,2.5,0.7079637050628662
site07,5,2.5999999046325684,0.732797384262085
site07,5,2.700000047683716,0.7576311826705933
site07,5,2.799999952316284,0.782740592956543
site07,5,2.900000095367432,0.8088822364807129
site07,5,3.0,0.8350237607955933
site08,0,-3.0,-0.5904125571250916
site08,0,-2.900000095367432,-0.5690481662750244
site08,0,-2.799999952316284,-0.5476837754249573
site08,0,-2.700000047683716,-0.5263192653656006
site08,0,-2.5999999046325684,-0.5049547553062439
site08,0,-2.5,-0.4835904836654663
site08,0,-2.400000095367432,-0.4622259736061096
site08,0,-2.299999952316284,-0.4408615231513977
site08,0,-2.200000047683716,-0.4194971323013305
site08,0,-2.0999999046325684,-0.3981326818466186
site08,0,-2.0,-0.3767682313919067
site08,0,-1.899999976158142,-0.3553285002708435
site08,0,-1.7999999523162842,-0.3338808417320251
site08,0,-1.7000000476837158,-0.3131642937660217
site08,0,-1.600000023841858,-0.2983168065547943
site08,0,-1.5,-0.2846099734306335
site08,0,-1.399999976158142,-0.2704468965530395
site08,0,-1.2999999523162842,-0.2561458647251129
site08,0,-1.2000000476837158,-0.2401943802833557
site08,0,-1.100000023841858,-0.224772498011589
site08,0,-1.0,-0.2138559371232986
site08,0,-0.8999999761581421,-0.205715149641037
site08,0,-0.800000011920929,-0.1999549120664596
site08,0,-0.699999988079071,-0.2004539221525192
site08,0,-0.6000000238418579,-0.2018320113420486
site08,0,-0.5,-0.2004925012588501
site08,0,-0.4000000059604645,-0.1991301625967025
site08,0,-0.3000000119209289,-0.1950061470270156
site08,0,-0.2000000029802322,-0.1893548965454101
site08,0,-0.1000000014901161,-0.183259055018425
site08,0,0.0,-0.1808338165283203
site08,0,0.1000000014901161,-0.1735035181045532
site08,0,0.2000000029802322,-0.1622699201107025
site08,0,0.3000000119209289,-0.1514972001314163
site08,0,0.4000000059604645,-0.1433814764022827
site08,0,0.5,-0.1352380812168121
site08,0,0.6000000238418579,-0.127101644873619
site08,0,0.699999988079071,-0.1183304637670517
site08,0,0.800000011920929,-0.1141646355390548
site08,0,0.8999999761581421,-0.1122294515371322
site08,0,1.0,-0.1097657158970832
site08,0,1.100000023841858,-0.1126752346754074
site08,0,1.2000000476837158,-0.1154588311910629
site08,0,1.2999999523162842,-0.1164073124527931
site08,0,1.399999976158142,-0.1173558160662651
site08,0,1.5,-0.1183042898774147
site08,0,1.600000023841858,-0.1189294308423996
site08,0,1.7000000476837158,-0.1201667338609695
site08,0,1.7999999523162842,-0.1214040294289588
site08,0,1.899999976158142,-0.122641310095787
site08,0,2.0,-0.122996836900711
site08,0,2.0999999046325684,-0.1228236556053161
site08,0,2.200000047683716,-0.1244911700487136
site08,0,2.299999952316284,-0.1284067034721374
site08,0,2.400000095367432,-0.1290503889322281
site08,0,2.5,-0.1296940594911575
site08,0,2.5999999046325684,-0.1303377151489257
site08,0,2.700000047683716,-0.1309813857078552
site08,0,2.799999952316284,-0.1316950470209121
site08,0,2.900000095367432,-0.1330975294113159
site08,0,3.0,-0.1344999521970749
site08,1,-3.0,-2.220931053161621
site08,1,-2.900000095367432,-2.145895481109619
site08,1,-2.799999952316284,-2.070859909057617
site08,1,-2.700000047683716,-1.995824098587036
site08,1,-2.5999999046325684,-1.920788288116455
site08,1,-2.5,-1.845752596855164
site08,1,-2.400000095367432,-1.770716905593872
site08,1,-2.299999952316284,-1.69568133354187
site08,1,-2.200000047683716,-1.620645523071289
site08,1,-2.0999999046325684,-1.545609712600708
site08,1,-2.0,-1.4705740213394165
site08,1,-1.899999976158142,-1.395538330078125
site08,1,-1.7999999523162842,-1.320502519607544
site08,1,-1.7000000476837158,-1.2460980415344238
site08,1,-1.600000023841858,-1.1764556169509888
site08,1,-1.5,-1.1075589656829834
site08,1,-1.399999976158142,-1.038885474205017
site08,1,-1.2999999523162842,-0.9702120423316956
site08,1,-1.2000000476837158,-0.9035980701446532
site08,1,-1.100000023841858,-0.8417547345161438
site08,1,-1.0,-0.7794167399406433
site08,1,-0.8999999761581421,-0.7170785665512085
site08,1,-0.800000011920929,-0.6559008359909058
site08,1,-0.699999988079071,-0.6108481884002686
site08,1,-0.6000000238418579,-0.5793793797492981
site08,1,-0.5,-0.5473583936691284
site08,1,-0.4000000059604645,-0.5147037506103516
site08,1,-0.3000000119209289,-0.4761807322502136
site08,1,-0.2000000029802322,-0.4347953498363495
site08,1,-0.1000000014901161,-0.3798351883888244
site08,1,0.0,-0.319434642791748
site08,1,0.1000000014901161,-0.2486717998981475
site08,1,0.2000000029802322,-0.1756629645824432
site08,1,0.3000000119209289,-0.1026541292667388
site08,1,0.4000000059604645,-0.038953348994255
site08,1,0.5,0.0239274129271507
site08,1,0.6000000238418579,0.0876408889889717
site08,1,0.699999988079071,0.1434880197048187
site08,1,0.800000011920929,0.1970791220664978
site08,1,0.8999999761581421,0.2535772621631622
site08,1,1.0,0.3007505536079407
site08,1,1.100000023841858,0.3425800800323486
site08,1,1.2000000476837158,0.384098619222641
site08,1,1.2999999523162842,0.4223262965679168
site08,1,1.399999976158142,0.4526829421520233
site08,1,1.5,0.4842662513256073
site08,1,1.600000023841858,0.5136335492134094
site08,1,1.7000000476837158,0.54106205701828
site08,1,1.7999999523162842,0.5693958401679993
site08,1,1.899999976158142,0.5975525379180908
site08,1,2.0,0.6252151131629944
site08,1,2.0999999046325684,0.652877688407898
site08,1,2.200000047683716,0.6805402636528015
site08,1,2.299999952316284,0.7082027792930603
site08,1,2.400000095367432,0.7358653545379639
site08,1,2.5,0.763528048992157
site08,1,2.5999999046325684,0.7910661697387695
site08,1,2.700000047683716,0.8182181715965271
site08,1,2.799999952316284,0.8453701138496399
site08,1,2.900000095367432,0.8725221157073975
site08,1,3.0,0.899674117565155
site08,2,-3.0,-1.9167309999465945
site08,2,-2.900000095367432,-1.8460248708724976
site08,2,-2.799999952316284,-1.7753185033798218
site08,2,-2.700000047683716,-1.704612374305725
site08,2,-2.5999999046325684,-1.6339062452316284
site08,2,-2.5,-1.5632001161575315
site08,2,-2.400000095367432,-1.4924938678741455
site08,2,-2.299999952316284,-1.4217876195907593
site08,2,-2.200000047683716,-1.3510814905166626
site08,2,-2.0999999046325684,-1.2803751230239868
site08,2,-2.0,-1.20966899394989
site08,2,-1.899999976158142,-1.138962745666504
site08,2,-1.7999999523162842,-1.0682566165924072
site08,2,-1.7000000476837158,-1.002072811126709
site08,2,-1.600000023841858,-0.9436254501342772
site08,2,-1.5,-0.884638786315918
site08,2,-1.399999976158142,-0.825652003288269
site08,2,-1.2999999523162842,-0.7692840099334717
site08,2,-1.2000000476837158,-0.717272162437439
site08,2,-1.100000023841858,-0.6671510934829712
site08,2,-1.0,-0.6165487766265869
site08,2,-0.8999999761581421,-0.5659464597702026
site08,2,-0.800000011920929,-0.5196000933647156
site08,2,-0.699999988079071,-0.487626850605011
site08,2,-0.6000000238418579,-0.4612697064876556
site08,2,-0.5,-0.4335933327674866
site08,2,-0.4000000059604645,-0.4059169590473175
site08,2,-0.3000000119209289,-0.3728633821010589
site08,2,-0.2000000029802322,-0.3331291079521179
site08,2,-0.1000000014901161,-0.2822902798652649
site08,2,0.0,-0.2328139245510101
site08,2,0.1000000014901161,-0.1779119670391082
site08,2,0.2000000029802322,-0.1271589696407318
site08,2,0.3000000119209289,-0.0764377266168594
site08,2,0.4000000059604645,-0.0264254659414291
site08,2,0.5,0.02349254488945
site08,2,0.6000000238418579,0.0727012455463409
site08,2,0.699999988079071,0.1149870157241821
site08,2,0.800000011920929,0.1570633947849273
site08,2,0.8999999761581421,0.2017603814601898
site08,2,1.0,0.2465585768222808
site08,2,1.100000023841858,0.2899622023105621
site08,2,1.2000000476837158,0.3296986520290375
site08,2,1.2999999523162842,0.3649651706218719
site08,2,1.399999976158142,0.3937555849552154
site08,2,1.5,0.4227191507816314
site08,2,1.600000023841858,0.4491720497608185
site08,2,1.7000000476837158,0.4728275835514068
site08,2,1.7999999523162842,0.4954855740070343
site08,2,1.899999976158142,0.51838219165802
site08,2,2.0,0.5413312911987305
site08,2,2.0999999046325684,0.5642802715301514
site08,2,2.200000047683716,0.5872293710708618
site08,2,2.299999952316284,0.6101783514022827
site08,2,2.400000095367432,0.6331274509429932
site08,2,2.5,0.6560763120651245
site08,2,2.5999999046325684,0.679025411605835
site08,2,2.700000047683716,0.7019091844558716
site08,2,2.799999952316284,0.724601149559021
site08,2,2.900000095367432,0.74729323387146
site08,2,3.0,0.7699851989746094
site08,3,-3.0,-2.0870614051818848
site08,3,-2.900000095367432,-2.0092172622680664
site08,3,-2.799999952316284,-1.9313734769821167
site08,3,-2.700000047683716,-1.853529691696167
site08,3,-2.5999999046325684,-1.7756856679916382
site08,3,-2.5,-1.697841763496399
site08,3,-2.400000095367432,-1.6199978590011597
site08,3,-2.299999952316284,-1.5421538352966309
site08,3,-2.200000047683716,-1.4643160104751587
site08,3,-2.0999999046325684,-1.386478066444397
site08,3,-2.0,-1.3086402416229248
site08,3,-1.899999976158142,-1.2308024168014526
site08,3,-1.7999999523162842,-1.152964472770691
site08,3,-1.7000000476837158,-1.0749257802963257
site08,3,-1.600000023841858,-0.997803509235382
site08,3,-1.5,-0.922445833683014
site08,3,-1.399999976158142,-0.8471015095710754
site08,3,-1.2999999523162842,-0.773164689540863
site08,3,-1.2000000476837158,-0.7152965664863586
site08,3,-1.100000023841858,-0.6698235869407654
site08,3,-1.0,-0.6237003207206726
site08,3,-0.8999999761581421,-0.5773189067840576
site08,3,-0.800000011920929,-0.5376607775688171
site08,3,-0.699999988079071,-0.51116943359375
site08,3,-0.6000000238418579,-0.4871869683265686
site08,3,-0.5,-0.4619667530059814
site08,3,-0.4000000059604645,-0.4361354112625122
site08,3,-0.3000000119209289,-0.4034109115600586
site08,3,-0.2000000029802322,-0.3607175946235657
site08,3,-0.1000000014901161,-0.3056601881980896
site08,3,0.0,-0.250565230846405
site08,3,0.1000000014901161,-0.1887334883213043
site08,3,0.2000000029802322,-0.1275731772184372
site08,3,0.3000000119209289,-0.0730607733130455
site08,3,0.4000000059604645,-0.0185483917593956
site08,3,0.5,0.0359639674425125
site08,3,0.6000000238418579,0.0903275161981582
site08,3,0.699999988079071,0.1435292214155197
site08,3,0.800000011920929,0.192277118563652
site08,3,0.8999999761581421,0.2393995076417923
site08,3,1.0,0.2861212491989136
site08,3,1.100000023841858,0.3321982026100158
site08,3,1.2000000476837158,0.373417317867279
site08,3,1.2999999523162842,0.4128016829490661
site08,3,1.399999976158142,0.444451093673706
site08,3,1.5,0.4762241244316101
site08,3,1.600000023841858,0.5049400925636292
site08,3,1.7000000476837158,0.5308017730712891
site08,3,1.7999999523162842,0.556663453578949
site08,3,1.899999976158142,0.583012044429779
site08,3,2.0,0.6094518899917603
site08,3,2.0999999046325684,0.6358917355537415
site08,3,2.200000047683716,0.6623315215110779
site08,3,2.299999952316284,0.6887714266777039
site08,3,2.400000095367432,0.7152112722396851
site08,3,2.5,0.7416509985923767
site08,3,2.5999999046325684,0.7680909037590027
site08,3,2.700000047683716,0.7944242358207703
site08,3,2.799999952316284,0.8205397725105286
site08,3,2.900000095367432,0.8466554284095764
site08,3,3.0,0.8727710247039795
site08,4,-3.0,-2.0275585651397705
site08,4,-2.900000095367432,-1.9482228755950928
site08,4,-2.799999952316284,-1.8688868284225464
site08,4,-2.700000047683716,-1.78955078125
site08,4,-2.5999999046325684,-1.7102148532867432
site08,4,-2.5,-1.6308789253234863
site08,4,-2.400000095367432,-1.5515429973602295
site08,4,-2.299999952316284,-1.4722068309783936
site08,4,-2.200000047683716,-1.3928709030151367
site08,4,-2.0999999046325684,-1.31353497505188
site08,4,-2.0,-1.234199047088623
site08,4,-1.899999976158142,-1.1548922061920166
site08,4,-1.7999999523162842,-1.075620174407959
site08,4,-1.7000000476837158,-0.99634850025177
site08,4,-1.600000023841858,-0.9173092842102052
site08,4,-1.5,-0.841752290725708
site08,4,-1.399999976158142,-0.7661951780319214
site08,4,-1.2999999523162842,-0.6948550939559937
site08,4,-1.2000000476837158,-0.6403638124465942
site08,4,-1.100000023841858,-0.5973863005638123
site08,4,-1.0,-0.554122269153595
site08,4,-0.8999999761581421,-0.5108125805854797
site08,4,-0.800000011920929,-0.4792141914367676
site08,4,-0.699999988079071,-0.4599956274032593
site08,4,-0.6000000238418579,-0.4396346509456634
site08,4,-0.5,-0.4160307943820953
site08,4,-0.4000000059604645,-0.3899675011634826
site08,4,-0.3000000119209289,-0.3479740023612976
site08,4,-0.2000000029802322,-0.3003087043762207
site08,4,-0.1000000014901161,-0.2460035383701324
site08,4,0.0,-0.1916984021663665
site08,4,0.1000000014901161,-0.1303448230028152
site08,4,0.2000000029802322,-0.0738608166575431
site08,4,0.3000000119209289,-0.0208271741867065
site08,4,0.4000000059604645,0.0316950306296348
site08,4,0.5,0.0805074945092201
site08,4,0.6000000238418579,0.1286426186561584
site08,4,0.699999988079071,0.1777779757976532
site08,4,0.800000011920929,0.2238993346691131
site08,4,0.8999999761581421,0.2639419138431549
site08,4,1.0,0.3087493479251861
site08,4,1.100000023841858,0.351370245218277
site08,4,1.2000000476837158,0.3932988047599792
site08,4,1.2999999523162842,0.4276582896709442
site08,4,1.399999976158142,0.4580570161342621
site08,4,1.5,0.4890605509281158
site08,4,1.600000023841858,0.519526481628418
site08,4,1.7000000476837158,0.5467365980148315
site08,4,1.7999999523162842,0.5723101496696472
site08,4,1.899999976158142,0.5979325771331787
site08,4,2.0,0.6237834692001343
site08,4,2.0999999046325684,0.6496343016624451
site08,4,2.200000047683716,0.6754852533340454
site08,4,2.299999952316284,0.7013360261917114
site08,4,2.400000095367432,0.727186918258667
site08,4,2.5,0.7530378103256226
site08,4,2.5999999046325684,0.7788887023925781
site08,4,2.700000047683716,0.8047395348548889
site08,4,2.799999952316284,0.8304306864738464
site08,4,2.900000095367432,0.8561180830001831
site08,4,3.0,0.8818053007125854
site08,5,-3.0,-2.077376365661621
site08,5,-2.900000095367432,-1.993911862373352
site08,5,-2.799999952316284,-1.9104467630386357
site08,5,-2.700000047683716,-1.8269819021224976
site08,5,-2.5999999046325684,-1.74351704120636
site08,5,-2.5,-1.660051941871643
site08,5,-2.400000095367432,-1.576587200164795
site08,5,-2.299999952316284,-1.4931222200393677
site08,5,-2.200000047683716,-1.4096574783325195
site08,5,-2.0999999046325684,-1.3261923789978027
site08,5,-2.0,-1.242727518081665
site08,5,-1.899999976158142,-1.1592626571655271
site08,5,-1.7999999523162842,-1.0757976770401
site08,5,-1.7000000476837158,-0.9923328161239624
site08,5,-1.600000023841858,-0.9088679552078248
site08,5,-1.5,-0.8254029750823975
site08,5,-1.399999976158142,-0.7459172010421753
site08,5,-1.2999999523162842,-0.6652849912643433
site08,5,-1.2000000476837158,-0.6027343273162842
site08,5,-1.100000023841858,-0.5638862252235413
site08,5,-1.0,-0.5248831510543823
site08,5,-0.8999999761581421,-0.4884840548038482
site08,5,-0.800000011920929,-0.4644692242145538
site08,5,-0.699999988079071,-0.4482626914978027
site08,5,-0.6000000238418579,-0.4309126436710357
site08,5,-0.5,-0.4101950526237488
site08,5,-0.4000000059604645,-0.3891151249408722
site08,5,-0.3000000119209289,-0.3604753613471985
site08,5,-0.2000000029802322,-0.3252811729907989
site08,5,-0.1000000014901161,-0.2781512141227722
site08,5,0.0,-0.2265813648700714
site08,5,0.1000000014901161,-0.1703013926744461
site08,5,0.2000000029802322,-0.1192660927772522
site08,5,0.3000000119209289,-0.0689902156591415
site08,5,0.4000000059604645,-0.0209213495254516
site08,5,0.5,0.0254468470811843
site08,5,0.6000000238418579,0.0713595747947692
site08,5,0.699999988079071,0.118650197982788
site08,5,0.800000011920929,0.1643442213535308
site08,5,0.8999999761581421,0.207920104265213
site08,5,1.0,0.2541250884532928
site08,5,1.100000023841858,0.2993904948234558
site08,5,1.2000000476837158,0.3428451716899872
site08,5,1.2999999523162842,0.3858499228954315
site08,5,1.399999976158142,0.4205814898014068
site08,5,1.5,0.4514508545398712
site08,5,1.600000023841858,0.4811835587024688
site08,5,1.7000000476837158,0.508695125579834
site08,5,1.7999999523162842,0.5345048904418945
site08,5,1.899999976158142,0.5590766668319702
site08,5,2.0,0.5837948322296143
site08,5,2.0999999046325684,0.6086286306381226
site08,5,2.200000047683716,0.6334624290466309
site08,5,2.299999952316284,0.6582961082458496
site08,5,2.400000095367432,0.6831299066543579
site08,5,2.5,0.7079637050628662
site08,5,2.5999999046325684,0.732797384262085
site08,5,2.700000047683716,0.7576311826705933
site08,5,2.799999952316284,0.782740592956543
site08,5,2.900000095367432,0.8088822364807129
site08,5,3.0,0.8350237607955933
site09,0,-3.0,-0.5904125571250916
site09,0,-2.900000095367432,-0.5690481662750244
site09,0,-2.799999952316284,-0.5476837754249573
site09,0,-2.700000047683716,-0.5263192653656006
site09,0,-2.5999999046325684,-0.5049547553062439
site09,0,-2.5,-0.4835904836654663
site09,0,-2.400000095367432,-0.4622259736061096
site09,0,-2.299999952316284,-0.4408615231513977
site09,0,-2.200000047683716,-0.4194971323013305
site09,0,-2.0999999046325684,-0.3981326818466186
site09,0,-2.0,-0.3767682313919067
site09,0,-1.899999976158142,-0.3553285002708435
site09,0,-1.7999999523162842,-0.3338808417320251
site09,0,-1.7000000476837158,-0.3131642937660217
site09,0,-1.600000023841858,-0.2983168065547943
site09,0,-1.5,-0.2846099734306335
site09,0,-1.399999976158142,-0.2704468965530395
site09,0,-1.2999999523162842,-0.2561458647251129
site09,0,-1.2000000476837158,-0.2401943802833557
site09,0,-1.100000023841858,-0.224772498011589
site09,0,-1.0,-0.2138559371232986
site09,0,-0.8999999761581421,-0.205715149641037
site09,0,-0.800000011920929,-0.1999549120664596
site09,0,-0.699999988079071,-0.2004539221525192
site09,0,-0.6000000238418579,-0.2018320113420486
site09,0,-0.5,-0.2004925012588501
site09,0,-0.4000000059604645,-0.1991301625967025
site09,0,-0.3000000119209289,-0.1950061470270156
site09,0,-0.2000000029802322,-0.1893548965454101
site09,0,-0.1000000014901161,-0.183259055018425
site09,0,0.0,-0.1808338165283203
site09,0,0.1000000014901161,-0.1735035181045532
site09,0,0.2000000029802322,-0.1622699201107025
site09,0,0.3000000119209289,-0.1514972001314163
site09,0,0.4000000059604645,-0.1433814764022827
site09,0,0.5,-0.1352380812168121
site09,0,0.6000000238418579,-0.127101644873619
site09,0,0.699999988079071,-0.1183304637670517
site09,0,0.800000011920929,-0.1141646355390548
site09,0,0.8999999761581421,-0.1122294515371322
site09,0,1.0,-0.1097657158970832
site09,0,1.100000023841858,-0.1126752346754074
site09,0,1.2000000476837158,-0.1154588311910629
site09,0,1.2999999523162842,-0.1164073124527931
site09,0,1.399999976158142,-0.1173558160662651
site09,0,1.5,-0.1183042898774147
site09,0,1.600000023841858,-0.1189294308423996
site09,0,1.7000000476837158,-0.1201667338609695
site09,0,1.7999999523162842,-0.1214040294289588
site09,0,1.899999976158142,-0.122641310095787
site09,0,2.0,-0.122996836900711
site09,0,2.0999999046325684,-0.1228236556053161
site09,0,2.200000047683716,-0.1244911700487136
site09,0,2.299999952316284,-0.1284067034721374
site09,0,2.400000095367432,-0.1290503889322281
site09,0,2.5,-0.1296940594911575
site09,0,2.5999999046325684,-0.1303377151489257
site09,0,2.700000047683716,-0.1309813857078552
site09,0,2.799999952316284,-0.1316950470209121
site09,0,2.900000095367432,-0.1330975294113159
site09,0,3.0,-0.1344999521970749
site09,1,-3.0,-2.220931053161621
site09,1,-2.900000095367432,-2.145895481109619
site09,1,-2.799999952316284,-2.070859909057617
site09,1,-2.700000047683716,-1.995824098587036
site09,1,-2.5999999046325684,-1.920788288116455
site09,1,-2.5,-1.845752596855164
site09,1,-2.400000095367432,-1.770716905593872
site09,1,-2.299999952316284,-1.69568133354187
site09,1,-2.200000047683716,-1.620645523071289
site09,1,-2.0999999046325684,-1.545609712600708
site09,1,-2.0,-1.4705740213394165
site09,1,-1.899999976158142,-1.395538330078125
site09,1,-1.7999999523162842,-1.320502519607544
site09,1,-1.7000000476837158,-1.2460980415344238
site09,1,-1.600000023841858,-1.1764556169509888
site09,1,-1.5,-1.1075589656829834
site09,1,-1.399999976158142,-1.038885474205017
site09,1,-1.2999999523162842,-0.9702120423316956
site09,1,-1.2000000476837158,-0.9035980701446532
site09,1,-1.100000023841858,-0.8417547345161438
site09,1,-1.0,-0.7794167399406433
site09,1,-0.8999999761581421,-0.7170785665512085
site09,1,-0.800000011920929,-0.6559008359909058
site09,1,-0.699999988079071,-0.6108481884002686
site09,1,-0.6000000238418579,-0.5793793797492981
site09,1,-0.5,-0.5473583936691284
site09,1,-0.4000000059604645,-0.5147037506103516
site09,1,-0.3000000119209289,-0.4761807322502136
site09,1,-0.2000000029802322,-0.4347953498363495
site09,1,-0.1000000014901161,-0.3798351883888244
site09,1,0.0,-0.319434642791748
site09,1,0.1000000014901161,-0.2486717998981475
site09,1,0.2000000029802322,-0.1756629645824432
site09,1,0.3000000119209289,-0.1026541292667388
site09,1,0.4000000059604645,-0.038953348994255
site09,1,0.5,0.0239274129271507
site09,1,0.6000000238418579,0.0876408889889717
site09,1,0.699999988079071,0.1434880197048187
site09,1,0.800000011920929,0.1970791220664978
site09,1,0.8999999761581421,0.2535772621631622
site09,1,1.0,0.3007505536079407
site09,1,1.100000023841858,0.3425800800323486
site09,1,1.2000000476837158,0.384098619222641
site09,1,1.2999999523162842,0.4223262965679168
site09,1,1.399999976158142,0.4526829421520233
site09,1,1.5,0.4842662513256073
site09,1,1.600000023841858,0.5136335492134094
site09,1,1.7000000476837158,0.54106205701828
site09,1,1.7999999523162842,0.5693958401679993
site09,1,1.899999976158142,0.5975525379180908
site09,1,2.0,0.6252151131629944
site09,1,2.0999999046325684,0.652877688407898
site09,1,2.200000047683716,0.6805402636528015
site09,1,2.299999952316284,0.7082027792930603
site09,1,2.400000095367432,0.7358653545379639
site09,1,2.5,0.763528048992157
site09,1,2.5999999046325684,0.7910661697387695
site09,1,2.700000047683716,0.8182181715965271
site09,1,2.799999952316284,0.8453701138496399
site09,1,2.900000095367432,0.8725221157073975
site09,1,3.0,0.899674117565155
site09,2,-3.0,-1.9167309999465945
site09,2,-2.900000095367432,-1.8460248708724976
site09,2,-2.799999952316284,-1.7753185033798218
site09,2,-2.700000047683716,-1.704612374305725
site09,2,-2.5999999046325684,-1.6339062452316284
site09,2,-2.5,-1.5632001161575315
site09,2,-2.400000095367432,-1.4924938678741455
site09,2,-2.299999952316284,-1.4217876195907593
site09,2,-2.200000047683716,-1.3510814905166626
site09,2,-2.0999999046325684,-1.2803751230239868
site09,2,-2.0,-1.20966899394989
site09,2,-1.899999976158142,-1.138962745666504
site09,2,-1.7999999523162842,-1.0682566165924072
site09,2,-1.7000000476837158,-1.002072811126709
site09,2,-1.600000023841858,-0.9436254501342772
site09,2,-1.5,-0.884638786315918
site09,2,-1.399999976158142,-0.825652003288269
site09,2,-1.2999999523162842,-0.7692840099334717
site09,2,-1.2000000476837158,-0.717272162437439
site09,2,-1.100000023841858,-0.6671510934829712
site09,2,-1.0,-0.6165487766265869
site09,2,-0.8999999761581421,-0.5659464597702026
site09,2,-0.800000011920929,-0.5196000933647156
site09,2,-0.699999988079071,-0.487626850605011
site09,2,-0.6000000238418579,-0.4612697064876556
site09,2,-0.5,-0.4335933327674866
site09,2,-0.4000000059604645,-0.4059169590473175
site09,2,-0.3000000119209289,-0.3728633821010589
site09,2,-0.2000000029802322,-0.3331291079521179
site09,2,-0.1000000014901161,-0.2822902798652649
site09,2,0.0,-0.2328139245510101
site09,2,0.1000000014901161,-0.1779119670391082
site09,2,0.2000000029802322,-0.1271589696407318
site09,2,0.3000000119209289,-0.0764377266168594
site09,2,0.4000000059604645,-0.0264254659414291
site09,2,0.5,0.02349254488945
site09,2,0.6000000238418579,0.0727012455463409
site09,2,0.699999988079071,0.1149870157241821
site09,2,0.800000011920929,0.1570633947849273
site09,2,0.8999999761581421,0.2017603814601898
site09,2,1.0,0.2465585768222808
site09,2,1.100000023841858,0.2899622023105621
site09,2,1.2000000476837158,0.3296986520290375
site09,2,1.2999999523162842,0.3649651706218719
site09,2,1.399999976158142,0.3937555849552154
site09,2,1.5,0.4227191507816314
site09,2,1.600000023841858,0.4491720497608185
site09,2,1.7000000476837158,0.4728275835514068
site09,2,1.7999999523162842,0.4954855740070343
site09,2,1.899999976158142,0.51838219165802
site09,2,2.0,0.5413312911987305
site09,2,2.0999999046325684,0.5642802715301514
site09,2,2.200000047683716,0.5872293710708618
site09,2,2.299999952316284,0.6101783514022827
site09,2,2.400000095367432,0.6331274509429932
site09,2,2.5,0.6560763120651245
site09,2,2.5999999046325684,0.679025411605835
site09,2,2.700000047683716,0.7019091844558716
site09,2,2.799999952316284,0.724601149559021
site09,2,2.900000095367432,0.74729323387146
site09,2,3.0,0.7699851989746094
site09,3,-3.0,-2.0870614051818848
site09,3,-2.900000095367432,-2.0092172622680664
site09,3,-2.799999952316284,-1.9313734769821167
site09,3,-2.700000047683716,-1.853529691696167
site09,3,-2.5999999046325684,-1.7756856679916382
site09,3,-2.5,-1.697841763496399
site09,3,-2.400000095367432,-1.6199978590011597
site09,3,-2.299999952316284,-1.5421538352966309
site09,3,-2.200000047683716,-1.4643160104751587
site09,3,-2.0999999046325684,-1.386478066444397
site09,3,-2.0,-1.3086402416229248
site09,3,-1.899999976158142,-1.2308024168014526
site09,3,-1.7999999523162842,-1.152964472770691
site09,3,-1.7000000476837158,-1.0749257802963257
site09,3,-1.600000023841858,-0.997803509235382
site09,3,-1.5,-0.922445833683014
site09,3,-1.399999976158142,-0.8471015095710754
site09,3,-1.2999999523162842,-0.773164689540863
site09,3,-1.2000000476837158,-0.7152965664863586
site09,3,-1.100000023841858,-0.6698235869407654
site09,3,-1.0,-0.6237003207206726
site09,3,-0.8999999761581421,-0.5773189067840576
site09,3,-0.800000011920929,-0.5376607775688171
site09,3,-0.699999988079071,-0.51116943359375
site09,3,-0.6000000238418579,-0.4871869683265686
site09,3,-0.5,-0.4619667530059814
site09,3,-0.4000000059604645,-0.4361354112625122
site09,3,-0.3000000119209289,-0.4034109115600586
site09,3,-0.2000000029802322,-0.3607175946235657
site09,3,-0.1000000014901161,-0.3056601881980896
site09,3,0.0,-0.250565230846405
site09,3,0.1000000014901161,-0.1887334883213043
site09,3,0.2000000029802322,-0.1275731772184372
site09,3,0.3000000119209289,-0.0730607733130455
site09,3,0.4000000059604645,-0.0185483917593956
site09,3,0.5,0.0359639674425125
site09,3,0.6000000238418579,0.0903275161981582
site09,3,0.699999988079071,0.1435292214155197
site09,3,0.800000011920929,0.192277118563652
site09,3,0.8999999761581421,0.2393995076417923
site09,3,1.0,0.2861212491989136
site09,3,1.100000023841858,0.3321982026100158
site09,3,1.2000000476837158,0.373417317867279
site09,3,1.2999999523162842,0.4128016829490661
site09,3,1.399999976158142,0.444451093673706
site09,3,1.5,0.4762241244316101
site09,3,1.600000023841858,0.5049400925636292
site09,3,1.7000000476837158,0.5308017730712891
site09,3,1.7999999523162842,0.556663453578949
site09,3,1.899999976158142,0.583012044429779
site09,3,2.0,0.6094518899917603
site09,3,2.0999999046325684,0.6358917355537415
site09,3,2.200000047683716,0.6623315215110779
site09,3,2.299999952316284,0.6887714266777039
site09,3,2.400000095367432,0.7152112722396851
site09,3,2.5,0.7416509985923767
site09,3,2.5999999046325684,0.7680909037590027
site09,3,2.700000047683716,0.7944242358207703
site09,3,2.799999952316284,0.8205397725105286
site09,3,2.900000095367432,0.8466554284095764
site09,3,3.0,0.8727710247039795
site09,4,-3.0,-2.0275585651397705
site09,4,-2.900000095367432,-1.9482228755950928
site09,4,-2.799999952316284,-1.8688868284225464
site09,4,-2.700000047683716,-1.78955078125
site09,4,-2.5999999046325684,-1.7102148532867432
site09,4,-2.5,-1.6308789253234863
site09,4,-2.400000095367432,-1.5515429973602295
site09,4,-2.299999952316284,-1.4722068309783936
site09,4,-2.200000047683716,-1.3928709030151367
site09,4,-2.0999999046325684,-1.31353497505188
site09,4,-2.0,-1.234199047088623
site09,4,-1.899999976158142,-1.1548922061920166
site09,4,-1.7999999523162842,-1.075620174407959
site09,4,-1.7000000476837158,-0.99634850025177
site09,4,-1.600000023841858,-0.9173092842102052
site09,4,-1.5,-0.841752290725708
site09,4,-1.399999976158142,-0.7661951780319214
site09,4,-1.2999999523162842,-0.6948550939559937
site09,4,-1.2000000476837158,-0.6403638124465942
site09,4,-1.100000023841858,-0.5973863005638123
site09,4,-1.0,-0.554122269153595
site09,4,-0.8999999761581421,-0.5108125805854797
site09,4,-0.800000011920929,-0.4792141914367676
site09,4,-0.699999988079071,-0.4599956274032593
site09,4,-0.6000000238418579,-0.4396346509456634
site09,4,-0.5,-0.4160307943820953
site09,4,-0.4000000059604645,-0.3899675011634826
site09,4,-0.3000000119209289,-0.3479740023612976
site09,4,-0.2000000029802322,-0.3003087043762207
site09,4,-0.1000000014901161,-0.2460035383701324
site09,4,0.0,-0.1916984021663665
site09,4,0.1000000014901161,-0.1303448230028152
site09,4,0.2000000029802322,-0.0738608166575431
site09,4,0.3000000119209289,-0.0208271741867065
site09,4,0.4000000059604645,0.0316950306296348
site09,4,0.5,0.0805074945092201
site09,4,0.6000000238418579,0.1286426186561584
site09,4,0.699999988079071,0.1777779757976532
site09,4,0.800000011920929,0.2238993346691131
site09,4,0.8999999761581421,0.2639419138431549
site09,4,1.0,0.3087493479251861
site09,4,1.100000023841858,0.351370245218277
site09,4,1.2000000476837158,0.3932988047599792
site09,4,1.2999999523162842,0.4276582896709442
site09,4,1.399999976158142,0.4580570161342621
site09,4,1.5,0.4890605509281158
site09,4,1.600000023841858,0.519526481628418
site09,4,1.7000000476837158,0.5467365980148315
site09,4,1.7999999523162842,0.5723101496696472
site09,4,1.899999976158142,0.5979325771331787
site09,4,2.0,0.6237834692001343
site09,4,2.0999999046325684,0.6496343016624451
site09,4,2.200000047683716,0.6754852533340454
site09,4,2.299999952316284,0.7013360261917114
site09,4,2.400000095367432,0.727186918258667
site09,4,2.5,0.7530378103256226
site09,4,2.5999999046325684,0.7788887023925781
site09,4,2.700000047683716,0.8047395348548889
site09,4,2.799999952316284,0.8304306864738464
site09,4,2.900000095367432,0.8561180830001831
site09,4,3.0,0.8818053007125854
site09,5,-3.0,-2.077376365661621
site09,5,-2.900000095367432,-1.993911862373352
site09,5,-2.799999952316284,-1.9104467630386357
site09,5,-2.700000047683716,-1.8269819021224976
site09,5,-2.5999999046325684,-1.74351704120636
site09,5,-2.5,-1.660051941871643
site09,5,-2.400000095367432,-1.576587200164795
site09,5,-2.299999952316284,-1.4931222200393677
site09,5,-2.200000047683716,-1.4096574783325195
site09,5,-2.0999999046325684,-1.3261923789978027
site09,5,-2.0,-1.242727518081665
site09,5,-1.899999976158142,-1.1592626571655271
site09,5,-1.7999999523162842,-1.0757976770401
site09,5,-1.7000000476837158,-0.9923328161239624
site09,5,-1.600000023841858,-0.9088679552078248
site09,5,-1.5,-0.8254029750823975
site09,5,-1.399999976158142,-0.7459172010421753
site09,5,-1.2999999523162842,-0.6652849912643433
site09,5,-1.2000000476837158,-0.6027343273162842
site09,5,-1.100000023841858,-0.5638862252235413
site09,5,-1.0,-0.5248831510543823
site09,5,-0.8999999761581421,-0.4884840548038482
site09,5,-0.800000011920929,-0.4644692242145538
site09,5,-0.699999988079071,-0.4482626914978027
site09,5,-0.6000000238418579,-0.4309126436710357
site09,5,-0.5,-0.4101950526237488
site09,5,-0.4000000059604645,-0.3891151249408722
site09,5,-0.3000000119209289,-0.3604753613471985
site09,5,-0.2000000029802322,-0.3252811729907989
site09,5,-0.1000000014901161,-0.2781512141227722
site09,5,0.0,-0.2265813648700714
site09,5,0.1000000014901161,-0.1703013926744461
site09,5,0.2000000029802322,-0.1192660927772522
site09,5,0.3000000119209289,-0.0689902156591415
site09,5,0.4000000059604645,-0.0209213495254516
site09,5,0.5,0.0254468470811843
site09,5,0.6000000238418579,0.0713595747947692
site09,5,0.699999988079071,0.118650197982788
site09,5,0.800000011920929,0.1643442213535308
site09,5,0.8999999761581421,0.207920104265213
site09,5,1.0,0.2541250884532928
site09,5,1.100000023841858,0.2993904948234558
site09,5,1.2000000476837158,0.3428451716899872
site09,5,1.2999999523162842,0.3858499228954315
site09,5,1.399999976158142,0.4205814898014068
site09,5,1.5,0.4514508545398712
site09,5,1.600000023841858,0.4811835587024688
site09,5,1.7000000476837158,0.508695125579834
site09,5,1.7999999523162842,0.5345048904418945
site09,5,1.899999976158142,0.5590766668319702
site09,5,2.0,0.5837948322296143
site09,5,2.0999999046325684,0.6086286306381226
site09,5,2.200000047683716,0.6334624290466309
site09,5,2.299999952316284,0.6582961082458496
site09,5,2.400000095367432,0.6831299066543579
site09,5,2.5,0.7079637050628662
site09,5,2.5999999046325684,0.732797384262085
site09,5,2.700000047683716,0.7576311826705933
site09,5,2.799999952316284,0.782740592956543
site09,5,2.900000095367432,0.8088822364807129
site09,5,3.0,0.8350237607955933
site10,0,-3.0,-0.5904125571250916
site10,0,-2.900000095367432,-0.5690481662750244
site10,0,-2.799999952316284,-0.5476837754249573
site10,0,-2.700000047683716,-0.5263192653656006
site10,0,-2.5999999046325684,-0.5049547553062439
site10,0,-2.5,-0.4835904836654663
site10,0,-2.400000095367432,-0.4622259736061096
site10,0,-2.299999952316284,-0.4408615231513977
site10,0,-2.200000047683716,-0.4194971323013305
site10,0,-2.0999999046325684,-0.3981326818466186
site10,0,-2.0,-0.3767682313919067
site10,0,-1.899999976158142,-0.3553285002708435
site10,0,-1.7999999523162842,-0.3338808417320251
site10,0,-1.7000000476837158,-0.3131642937660217
site10,0,-1.600000023841858,-0.2983168065547943
site10,0,-1.5,-0.2846099734306335
site10,0,-1.399999976158142,-0.2704468965530395
site10,0,-1.2999999523162842,-0.2561458647251129
site10,0,-1.2000000476837158,-0.2401943802833557
site10,0,-1.100000023841858,-0.224772498011589
site10,0,-1.0,-0.2138559371232986
site10,0,-0.8999999761581421,-0.205715149641037
site10,0,-0.800000011920929,-0.1999549120664596
site10,0,-0.699999988079071,-0.2004539221525192
site10,0,-0.6000000238418579,-0.2018320113420486
site10,0,-0.5,-0.2004925012588501
site10,0,-0.4000000059604645,-0.1991301625967025
site10,0,-0.3000000119209289,-0.1950061470270156
site10,0,-0.2000000029802322,-0.1893548965454101
site10,0,-0.1000000014901161,-0.183259055018425
site10,0,0.0,-0.1808338165283203
site10,0,0.1000000014901161,-0.1735035181045532
site10,0,0.2000000029802322,-0.1622699201107025
site10,0,0.3000000119209289,-0.1514972001314163
site10,0,0.4000000059604645,-0.1433814764022827
site10,0,0.5,-0.1352380812168121
site10,0,0.6000000238418579,-0.127101644873619
site10,0,0.699999988079071,-0.1183304637670517
site10,0,0.800000011920929,-0.1141646355390548
site10,0,0.8999999761581421,-0.1122294515371322
site10,0,1.0,-0.1097657158970832
site10,0,1.100000023841858,-0.1126752346754074
site10,0,1.2000000476837158,-0.1154588311910629
site10,0,1.2999999523162842,-0.1164073124527931
site10,0,1.399999976158142,-0.1173558160662651
site10,0,1.5,-0.1183042898774147
site10,0,1.600000023841858,-0.1189294308423996
site10,0,1.7000000476837158,-0.1201667338609695
site10,0,1.7999999523162842,-0.1214040294289588
site10,0,1.899999976158142,-0.122641310095787
site10,0,2.0,-0.122996836900711
site10,0,2.0999999046325684,-0.1228236556053161
site10,0,2.200000047683716,-0.1244911700487136
site10,0,2.299999952316284,-0.1284067034721374
site10,0,2.400000095367432,-0.1290503889322281
site10,0,2.5,-0.1296940594911575
site10,0,2.5999999046325684,-0.1303377151489257
site10,0,2.700000047683716,-0.1309813857078552
site10,0,2.799999952316284,-0.1316950470209121
site10,0,2.900000095367432,-0.1330975294113159
site10,0,3.0,-0.1344999521970749
site10,1,-3.0,-2.220931053161621
site10,1,-2.900000095367432,-2.145895481109619
site10,1,-2.799999952316284,-2.070859909057617
site10,1,-2.700000047683716,-1.995824098587036
site10,1,-2.5999999046325684,-1.920788288116455
site10,1,-2.5,-1.845752596855164
site10,1,-2.400000095367432,-1.770716905593872
site10,1,-2.299999952316284,-1.69568133354187
site10,1,-2.200000047683716,-1.620645523071289
site10,1,-2.0999999046325684,-1.545609712600708
site10,1,-2.0,-1.4705740213394165
site10,1,-1.899999976158142,-1.395538330078125
site10,1,-1.7999999523162842,-1.320502519607544
site10,1,-1.7000000476837158,-1.2460980415344238
site10,1,-1.600000023841858,-1.1764556169509888
site10,1,-1.5,-1.1075589656829834
site10,1,-1.399999976158142,-1.038885474205017
site10,1,-1.2999999523162842,-0.9702120423316956
site10,1,-1.2000000476837158,-0.9035980701446532
site10,1,-1.100000023841858,-0.8417547345161438
site10,1,-1.0,-0.7794167399406433
site10,1,-0.8999999761581421,-0.7170785665512085
site10,1,-0.800000011920929,-0.6559008359909058
site10,1,-0.699999988079071,-0.6108481884002686
site10,1,-0.6000000238418579,-0.5793793797492981
site10,1,-0.5,-0.5473583936691284
site10,1,-0.4000000059604645,-0.5147037506103516
site10,1,-0.3000000119209289,-0.4761807322502136
site10,1,-0.2000000029802322,-0.4347953498363495
site10,1,-0.1000000014901161,-0.3798351883888244
site10,1,0.0,-0.319434642791748
site10,1,0.1000000014901161,-0.2486717998981475
site10,1,0.2000000029802322,-0.1756629645824432
site10,1,0.3000000119209289,-0.1026541292667388
site10,1,0.4000000059604645,-0.038953348994255
site10,1,0.5,0.0239274129271507
site10,1,0.6000000238418579,0.0876408889889717
site10,1,0.699999988079071,0.1434880197048187
site10,1,0.800000011920929,0.1970791220664978
site10,1,0.8999999761581421,0.2535772621631622
site10,1,1.0,0.3007505536079407
site10,1,1.100000023841858,0.3425800800323486
site10,1,1.2000000476837158,0.384098619222641
site10,1,1.2999999523162842,0.4223262965679168
site10,1,1.399999976158142,0.4526829421520233
site10,1,1.5,0.4842662513256073
site10,1,1.600000023841858,0.5136335492134094
site10,1,1.7000000476837158,0.54106205701828
site10,1,1.7999999523162842,0.5693958401679993
site10,1,1.899999976158142,0.5975525379180908
site10,1,2.0,0.6252151131629944
site10,1,2.0999999046325684,0.652877688407898
site10,1,2.200000047683716,0.6805402636528015
site10,1,2.299999952316284,0.7082027792930603
site10,1,2.400000095367432,0.7358653545379639
site10,1,2.5,0.763528048992157
site10,1,2.5999999046325684,0.7910661697387695
site10,1,2.700000047683716,0.8182181715965271
site10,1,2.799999952316284,0.8453701138496399
site10,1,2.900000095367432,0.8725221157073975
site10,1,3.0,0.899674117565155
site10,2,-3.0,-1.9167309999465945
site10,2,-2.900000095367432,-1.8460248708724976
site10,2,-2.799999952316284,-1.7753185033798218
site10,2,-2.700000047683716,-1.704612374305725
site10,2,-2.5999999046325684,-1.6339062452316284
site10,2,-2.5,-1.5632001161575315
site10,2,-2.400000095367432,-1.4924938678741455
site10,2,-2.299999952316284,-1.4217876195907593
site10,2,-2.200000047683716,-1.3510814905166626
site10,2,-2.0999999046325684,-1.2803751230239868
site10,2,-2.0,-1.20966899394989
site10,2,-1.899999976158142,-1.138962745666504
site10,2,-1.7999999523162842,-1.0682566165924072
site10,2,-1.7000000476837158,-1.002072811126709
site10,2,-1.600000023841858,-0.9436254501342772
site10,2,-1.5,-0.884638786315918
site10,2,-1.399999976158142,-0.825652003288269
site10,2,-1.2999999523162842,-0.7692840099334717
site10,2,-1.2000000476837158,-0.717272162437439
site10,2,-1.100000023841858,-0.6671510934829712
site10,2,-1.0,-0.6165487766265869
site10,2,-0.8999999761581421,-0.5659464597702026
site10,2,-0.800000011920929,-0.5196000933647156
site10,2,-0.699999988079071,-0.487626850605011
site10,2,-0.6000000238418579,-0.4612697064876556
site10,2,-0.5,-0.4335933327674866
site10,2,-0.4000000059604645,-0.4059169590473175
site10,2,-0.3000000119209289,-0.3728633821010589
site10,2,-0.2000000029802322,-0.3331291079521179
site10,2,-0.1000000014901161,-0.2822902798652649
site10,2,0.0,-0.2328139245510101
site10,2,0.1000000014901161,-0.1779119670391082
site10,2,0.2000000029802322,-0.1271589696407318
site10,2,0.3000000119209289,-0.0764377266168594
site10,2,0.4000000059604645,-0.0264254659414291
site10,2,0.5,0.02349254488945
site10,2,0.6000000238418579,0.0727012455463409
site10,2,0.699999988079071,0.1149870157241821
site10,2,0.800000011920929,0.1570633947849273
site10,2,0.8999999761581421,0.2017603814601898
site10,2,1.0,0.2465585768222808
site10,2,1.100000023841858,0.2899622023105621
site10,2,1.2000000476837158,0.3296986520290375
site10,2,1.2999999523162842,0.3649651706218719
site10,2,1.399999976158142,0.3937555849552154
site10,2,1.5,0.4227191507816314
site10,2,1.600000023841858,0.4491720497608185
site10,2,1.7000000476837158,0.4728275835514068
site10,2,1.7999999523162842,0.4954855740070343
site10,2,1.899999976158142,0.51838219165802
site10,2,2.0,0.5413312911987305
site10,2,2.0999999046325684,0.5642802715301514
site10,2,2.200000047683716,0.5872293710708618
site10,2,2.299999952316284,0.6101783514022827
site10,2,2.400000095367432,0.6331274509429932
site10,2,2.5,0.6560763120651245
site10,2,2.5999999046325684,0.679025411605835
site10,2,2.700000047683716,0.7019091844558716
site10,2,2.799999952316284,0.724601149559021
site10,2,2.900000095367432,0.74729323387146
site10,2,3.0,0.7699851989746094
site10,3,-3.0,-2.0870614051818848
site10,3,-2.900000095367432,-2.0092172622680664
site10,3,-2.799999952316284,-1.9313734769821167
site10,3,-2.700000047683716,-1.853529691696167
site10,3,-2.5999999046325684,-1.7756856679916382
site10,3,-2.5,-1.697841763496399
site10,3,-2.400000095367432,-1.6199978590011597
site10,3,-2.299999952316284,-1.5421538352966309
site10,3,-2.200000047683716,-1.4643160104751587
site10,3,-2.0999999046325684,-1.386478066444397
site10,3,-2.0,-1.3086402416229248
site10,3,-1.899999976158142,-1.2308024168014526
site10,3,-1.7999999523162842,-1.152964472770691
site10,3,-1.7000000476837158,-1.0749257802963257
site10,3,-1.600000023841858,-0.997803509235382
site10,3,-1.5,-0.922445833683014
site10,3,-1.399999976158142,-0.8471015095710754
site10,3,-1.2999999523162842,-0.773164689540863
site10,3,-1.2000000476837158,-0.7152965664863586
site10,3,-1.100000023841858,-0.6698235869407654
site10,3,-1.0,-0.6237003207206726
site10,3,-0.8999999761581421,-0.5773189067840576
site10,3,-0.800000011920929,-0.5376607775688171
site10,3,-0.699999988079071,-0.51116943359375
site10,3,-0.6000000238418579,-0.4871869683265686
site10,3,-0.5,-0.4619667530059814
site10,3,-0.4000000059604645,-0.4361354112625122
site10,3,-0.3000000119209289,-0.4034109115600586
site10,3,-0.2000000029802322,-0.3607175946235657
site10,3,-0.1000000014901161,-0.3056601881980896
site10,3,0.0,-0.250565230846405
site10,3,0.1000000014901161,-0.1887334883213043
site10,3,0.2000000029802322,-0.1275731772184372
site10,3,0.3000000119209289,-0.0730607733130455
site10,3,0.4000000059604645,-0.0185483917593956
site10,3,0.5,0.0359639674425125
site10,3,0.6000000238418579,0.0903275161981582
site10,3,0.699999988079071,0.1435292214155197
site10,3,0.800000011920929,0.192277118563652
site10,3,0.8999999761581421,0.2393995076417923
site10,3,1.0,0.2861212491989136
site10,3,1.100000023841858,0.3321982026100158
site10,3,1.2000000476837158,0.373417317867279
site10,3,1.2999999523162842,0.4128016829490661
site10,3,1.399999976158142,0.444451093673706
site10,3,1.5,0.4762241244316101
site10,3,1.600000023841858,0.5049400925636292
site10,3,1.7000000476837158,0.5308017730712891
site10,3,1.7999999523162842,0.556663453578949
site10,3,1.899999976158142,0.583012044429779
site10,3,2.0,0.6094518899917603
site10,3,2.0999999046325684,0.6358917355537415
site10,3,2.200000047683716,0.6623315215110779
site10,3,2.299999952316284,0.6887714266777039
site10,3,2.400000095367432,0.7152112722396851
site10,3,2.5,0.7416509985923767
site10,3,2.5999999046325684,0.7680909037590027
site10,3,2.700000047683716,0.7944242358207703
site10,3,2.799999952316284,0.8205397725105286
site10,3,2.900000095367432,0.8466554284095764
site10,3,3.0,0.8727710247039795
site10,4,-3.0,-2.0275585651397705
site10,4,-2.900000095367432,-1.9482228755950928
site10,4,-2.799999952316284,-1.8688868284225464
site10,4,-2.700000047683716,-1.78955078125
site10,4,-2.5999999046325684,-1.7102148532867432
site10,4,-2.5,-1.6308789253234863
site10,4,-2.400000095367432,-1.5515429973602295
site10,4,-2.299999952316284,-1.4722068309783936
site10,4,-2.200000047683716,-1.3928709030151367
site10,4,-2.0999999046325684,-1.31353497505188
site10,4,-2.0,-1.234199047088623
site10,4,-1.899999976158142,-1.1548922061920166
site10,4,-1.7999999523162842,-1.075620174407959
site10,4,-1.7000000476837158,-0.99634850025177
site10,4,-1.600000023841858,-0.9173092842102052
site10,4,-1.5,-0.841752290725708
site10,4,-1.399999976158142,-0.7661951780319214
site10,4,-1.2999999523162842,-0.6948550939559937
site10,4,-1.2000000476837158,-0.6403638124465942
site10,4,-1.100000023841858,-0.5973863005638123
site10,4,-1.0,-0.554122269153595
site10,4,-0.8999999761581421,-0.5108125805854797
site10,4,-0.800000011920929,-0.4792141914367676
site10,4,-0.699999988079071,-0.4599956274032593
site10,4,-0.6000000238418579,-0.4396346509456634
site10,4,-0.5,-0.4160307943820953
site10,4,-0.4000000059604645,-0.3899675011634826
site10,4,-0.3000000119209289,-0.3479740023612976
site10,4,-0.2000000029802322,-0.3003087043762207
site10,4,-0.1000000014901161,-0.2460035383701324
site10,4,0.0,-0.1916984021663665
site10,4,0.1000000014901161,-0.1303448230028152
site10,4,0.2000000029802322,-0.0738608166575431
site10,4,0.3000000119209289,-0.0208271741867065
site10,4,0.4000000059604645,0.0316950306296348
site10,4,0.5,0.0805074945092201
site10,4,0.6000000238418579,0.1286426186561584
site10,4,0.699999988079071,0.1777779757976532
site10,4,0.800000011920929,0.2238993346691131
site10,4,0.8999999761581421,0.2639419138431549
site10,4,1.0,0.3087493479251861
site10,4,1.100000023841858,0.351370245218277
site10,4,1.2000000476837158,0.3932988047599792
site10,4,1.2999999523162842,0.4276582896709442
site10,4,1.399999976158142,0.4580570161342621
site10,4,1.5,0.4890605509281158
site10,4,1.600000023841858,0.519526481628418
site10,4,1.7000000476837158,0.5467365980148315
site10,4,1.7999999523162842,0.5723101496696472
site10,4,1.899999976158142,0.5979325771331787
site10,4,2.0,0.6237834692001343
site10,4,2.0999999046325684,0.6496343016624451
site10,4,2.200000047683716,0.6754852533340454
site10,4,2.299999952316284,0.7013360261917114
site10,4,2.400000095367432,0.727186918258667
site10,4,2.5,0.7530378103256226
site10,4,2.5999999046325684,0.7788887023925781
site10,4,2.700000047683716,0.8047395348548889
site10,4,2.799999952316284,0.8304306864738464
site10,4,2.900000095367432,0.8561180830001831
site10,4,3.0,0.8818053007125854
site10,5,-3.0,-2.077376365661621
site10,5,-2.900000095367432,-1.993911862373352
site10,5,-2.799999952316284,-1.9104467630386357
site10,5,-2.700000047683716,-1.8269819021224976
site10,5,-2.5999999046325684,-1.74351704120636
site10,5,-2.5,-1.660051941871643
site10,5,-2.400000095367432,-1.576587200164795
site10,5,-2.299999952316284,-1.4931222200393677
site10,5,-2.200000047683716,-1.4096574783325195
site10,5,-2.0999999046325684,-1.3261923789978027
site10,5,-2.0,-1.242727518081665
site10,5,-1.899999976158142,-1.1592626571655271
site10,5,-1.7999999523162842,-1.0757976770401
site10,5,-1.7000000476837158,-0.9923328161239624
site10,5,-1.600000023841858,-0.9088679552078248
site10,5,-1.5,-0.8254029750823975
site10,5,-1.399999976158142,-0.7459172010421753
site10,5,-1.2999999523162842,-0.6652849912643433
site10,5,-1.2000000476837158,-0.6027343273162842
site10,5,-1.100000023841858,-0.5638862252235413
site10,5,-1.0,-0.5248831510543823
site10,5,-0.8999999761581421,-0.4884840548038482
site10,5,-0.800000011920929,-0.4644692242145538
site10,5,-0.699999988079071,-0.4482626914978027
site10,5,-0.6000000238418579,-0.4309126436710357
site10,5,-0.5,-0.4101950526237488
site10,5,-0.4000000059604645,-0.3891151249408722
site10,5,-0.3000000119209289,-0.3604753613471985
site10,5,-0.2000000029802322,-0.3252811729907989
site10,5,-0.1000000014901161,-0.2781512141227722
site10,5,0.0,-0.2265813648700714
site10,5,0.1000000014901161,-0.1703013926744461
site10,5,0.2000000029802322,-0.1192660927772522
site10,5,0.3000000119209289,-0.0689902156591415
site10,5,0.4000000059604645,-0.0209213495254516
site10,5,0.5,0.0254468470811843
site10,5,0.6000000238418579,0.0713595747947692
site10,5,0.699999988079071,0.118650197982788
site10,5,0.800000011920929,0.1643442213535308
site10,5,0.8999999761581421,0.207920104265213
site10,5,1.0,0.2541250884532928
site10,5,1.100000023841858,0.2993904948234558
site10,5,1.2000000476837158,0.3428451716899872
site10,5,1.2999999523162842,0.3858499228954315
site10,5,1.399999976158142,0.4205814898014068
site10,5,1.5,0.4514508545398712
site10,5,1.600000023841858,0.4811835587024688
site10,5,1.7000000476837158,0.508695125579834
site10,5,1.7999999523162842,0.5345048904418945
site10,5,1.899999976158142,0.5590766668319702
site10,5,2.0,0.5837948322296143
site10,5,2.0999999046325684,0.6086286306381226
site10,5,2.200000047683716,0.6334624290466309
site10,5,2.299999952316284,0.6582961082458496
site10,5,2.400000095367432,0.6831299066543579
site10,5,2.5,0.7079637050628662
site10,5,2.5999999046325684,0.732797384262085
site10,5,2.700000047683716,0.7576311826705933
site10,5,2.799999952316284,0.782740592956543
site10,5,2.900000095367432,0.8088822364807129
site10,5,3.0,0.8350237607955933
