id,snp0,snp1,snp2,snp3,snp4,snp5,snp6,snp7,snp8,snp9,snp10,snp11,snp12,snp13,snp14,snp15,snp16,snp17,snp18,snp19,U,X,time,event
0,1,0,0,0,0,0,0,0,0,0,0,0,0,0,0,0,0,1,1,0,0.14665237145190865,0.23128611640692331,1.2,0
1,1,1,2,0,1,0,1,0,0,0,0,0,0,0,0,1,0,1,0,0,1.3745769010250952,0.18268718361333178,1.2,0
2,0,0,0,1,1,0,1,0,0,1,0,0,0,0,0,0,0,0,1,2,-1.6277433662282657,-0.2026793060925947,1.2,0
3,1,1,0,1,2,1,0,0,0,0,1,0,0,0,2,1,0,1,0,0,-0.22227342903293318,0.9674037050817879,1.2,0
4,1,1,1,0,0,0,1,2,0,0,0,0,0,1,1,1,0,1,1,0,0.9604935173105028,0.34863894238500065,1.2,0
5,0,2,0,0,0,0,0,0,0,1,1,1,0,1,1,0,0,0,2,0,0.25985849742963113,0.44418817362380125,1.2,0
6,1,1,0,1,2,0,2,1,1,0,0,0,0,0,0,0,2,0,0,1,-1.190183430179408,-1.3342411613842535,1.2,0
7,0,0,1,1,0,1,0,1,0,0,0,1,0,0,2,0,1,1,1,0,-0.9672533256050381,1.0219939006903933,1.2,0
8,0,0,0,1,1,1,0,0,1,1,1,0,1,0,1,0,1,0,0,0,-0.5237291446295621,-0.8728236518378034,1.2,0
9,1,1,0,0,0,1,0,1,1,1,0,1,0,0,0,0,0,1,0,1,0.9242977075851722,-0.3320138742369865,1.2,0
10,1,1,1,2,0,0,1,1,1,0,1,0,0,1,1,0,0,0,0,2,-0.30296659676490945,-0.516518084841909,1.2,0
11,0,1,0,2,1,0,0,0,0,1,0,0,1,0,2,0,0,1,0,1,-1.6460305251152478,-0.39908394382015727,1.2,0
12,1,2,0,0,0,0,2,0,0,0,0,1,0,0,0,0,0,0,1,1,-0.7349951854829195,1.064065312489829,1.2,0
13,1,1,0,1,0,1,0,0,0,0,1,0,0,0,2,1,0,0,1,1,0.7667185903857692,0.7450368583754805,1.2,0
14,1,0,0,1,1,0,0,0,0,0,0,0,0,0,1,1,1,0,0,0,-0.26743684324507133,-1.2441160597104286,1.2,0
15,0,1,1,1,1,1,1,0,0,1,1,0,0,0,0,0,1,0,1,1,0.45163326666480197,0.1714063696024143,1.2,0
16,0,1,0,0,0,1,0,0,0,1,1,0,0,0,1,0,0,0,0,0,0.7467908406615879,1.153929291027386,1.2,0
17,1,1,0,0,1,0,0,0,0,1,1,1,0,0,1,0,0,1,0,1,-0.19950481837188294,1.6571356091919427,1.2,0
18,1,1,0,1,1,1,1,0,0,1,1,0,0,0,0,0,2,1,2,0,0.6403446247946619,1.413962981513583,0.9578065802616421,1
19,0,0,1,2,2,0,1,1,0,1,1,0,0,0,0,0,0,2,1,1,0.9472707305419763,0.1741697687501969,1.2,0
20,0,0,0,1,1,0,1,1,0,1,0,0,0,0,0,1,1,0,1,0,-1.8069515907046523,-1.7294357317671964,1.2,0
21,0,1,1,0,0,1,0,0,0,0,0,1,0,0,0,0,0,0,2,2,0.037543984112437465,-0.1339365648516221,1.2,0
22,1,1,0,0,0,0,0,1,0,1,0,2,1,0,2,1,0,0,1,0,1.0708900089898148,1.8448804893346669,1.2,0
23,1,1,1,0,1,0,0,1,0,0,1,1,1,0,1,0,0,1,1,0,-0.07721325668989018,0.3708920642433729,1.2,0
24,1,1,0,1,2,0,0,1,0,1,0,0,0,0,1,0,0,1,0,0,-0.01787411132769532,0.32760956318362433,1.2,0
25,0,1,0,1,1,1,0,0,0,0,0,0,0,1,2,0,0,0,0,0,0.3697594607826049,-0.6672728701343755,1.2,0
26,0,2,0,0,1,0,0,1,0,1,0,0,0,1,2,1,0,0,1,1,0.15906593231163682,0.3228224417357405,1.2,0
27,0,0,0,1,0,1,0,1,0,1,1,0,0,0,2,0,0,1,0,0,1.5809028345669704,-0.046773742280848345,1.2,0
28,0,0,0,1,1,0,0,0,0,0,0,0,0,0,0,0,0,0,2,1,0.24090903015029302,0.5243707332904634,1.2,0
29,2,2,0,1,1,0,2,0,0,0,0,0,1,0,1,0,0,0,0,1,0.4400862171996007,0.7423336901199173,1.2,0
30,0,1,0,1,1,1,0,1,0,0,0,0,0,1,2,0,0,1,0,1,-0.8974499048438938,-1.0761726957288311,1.2,0
31,0,1,1,0,1,0,1,1,0,2,0,0,0,1,1,2,0,1,0,1,-0.5881908900891362,0.5029751782051264,1.2,0
32,0,0,0,1,2,0,0,1,0,1,1,0,0,0,1,0,0,2,0,2,-0.5957026952037149,0.41422369001335035,1.2,0
33,1,1,0,0,0,0,0,0,0,1,1,0,0,0,0,2,0,0,0,1,-1.4638140578164036,-1.0240745332225827,1.2,0
34,0,1,1,1,1,1,0,1,0,1,0,0,0,0,1,1,0,1,1,1,-0.5858231107980681,-0.20411242971294022,1.2,0
35,0,1,0,1,1,0,0,0,0,0,0,0,0,2,1,1,1,1,2,1,0.8587761075317834,-0.08172683116426577,1.2,0
36,0,1,0,1,1,0,0,1,0,1,0,1,0,1,1,1,1,1,0,1,0.8038298528671983,0.49027046300085714,1.2,0
37,0,1,1,1,0,1,0,1,1,0,1,0,0,0,2,0,0,1,0,2,0.44454800961914187,0.5714991770476647,1.2,0
38,0,1,0,1,0,1,0,0,0,0,0,1,1,1,1,1,0,2,0,1,3.1701636934864323,-0.30376809892070844,1.2,0
39,0,1,0,0,0,1,1,0,0,0,0,0,0,0,1,1,0,1,0,0,-0.5308870574161961,-2.098743966329952,1.2,0
40,1,0,1,0,0,0,0,1,0,1,0,0,0,1,1,1,1,1,1,1,2.264613750091211,-0.07375915692802448,1.2,0
41,0,0,0,1,1,0,1,1,0,1,0,0,0,0,1,2,1,0,1,0,1.1082457233566532,-0.9024500419741025,1.2,0
42,1,0,1,0,1,1,1,1,0,1,0,0,0,0,1,1,0,0,1,0,-0.36240654131725053,-0.34918559756268136,1.2,0
43,1,0,1,0,1,0,1,0,0,0,0,0,0,0,0,0,1,1,0,0,0.666621538220642,0.9609936364674944,1.2,0
44,1,1,0,0,0,0,0,0,0,0,0,0,0,1,0,1,0,1,0,0,0.7000126141000031,1.1240479362341955,1.2,0
45,0,0,1,2,1,1,0,1,0,0,0,0,0,0,0,0,0,0,1,1,-0.4092667552533985,-0.39543687869882993,1.2,0
46,0,1,0,0,0,0,1,0,0,1,1,1,0,0,1,0,0,1,1,1,-0.2588103677480617,0.8146815684364221,1.2,0
47,0,1,0,0,1,0,0,2,0,1,1,0,0,0,1,0,0,0,0,2,0.4971230344623627,-0.17698588753476088,1.2,0
48,0,1,0,1,1,0,0,0,0,1,0,1,0,0,0,0,0,1,0,1,-0.170169102568836,0.7877243450615568,1.2,0
49,0,1,0,1,1,1,1,1,0,0,0,0,0,0,1,0,0,0,0,0,1.3908979637658654,0.2975413258051826,1.2,0
50,1,1,0,1,2,1,0,1,0,1,0,0,0,0,1,1,0,0,1,2,1.0645295663301364,1.0508295221346695,1.2,0
51,1,1,1,1,2,0,1,1,0,0,0,0,0,0,0,1,1,0,0,0,1.1047769969784484,0.44335645083479497,1.2,0
52,0,1,1,2,2,0,0,1,0,0,0,0,1,0,1,0,0,1,1,1,-0.31868960901532467,-0.21433121845264302,1.2,0
53,0,1,1,1,1,0,0,0,0,0,0,0,0,0,0,0,0,0,1,2,-1.491040515104954,1.1734085581748679,1.0090639604901877,1
54,1,1,1,0,2,0,0,0,0,1,1,0,0,0,1,1,0,0,1,0,-0.22833991747296012,-0.5082891843684417,1.2,0
55,0,0,0,0,0,2,0,0,0,0,0,1,0,0,1,1,0,0,1,1,0.07219609550597397,0.8353584624423278,1.2,0
56,0,1,1,0,0,0,1,0,0,0,0,1,0,1,1,2,0,1,1,0,-1.1776501212245571,-0.6316530514846423,1.2,0
57,0,1,0,1,1,0,0,1,0,0,0,1,1,0,0,0,0,0,1,1,-2.023851044156242,-1.860787600706399,1.2,0
58,0,0,0,2,1,0,2,0,0,0,0,2,1,1,2,1,1,0,1,1,0.6510287460851428,0.8949248970780852,1.2,0
59,0,0,1,1,2,0,0,0,0,1,1,1,0,0,1,0,0,2,1,1,0.6343789315827995,0.1998366267511514,1.2,0
60,0,1,0,0,1,0,0,1,0,1,0,0,2,1,0,2,0,1,1,0,0.8105342181873232,0.16285235187225108,1.2,0
61,0,0,0,0,0,0,1,0,0,0,1,1,1,0,2,0,1,0,2,2,0.7621709646169521,1.3341883259084546,0.2822951164367248,1
62,0,2,1,1,1,1,1,0,0,0,0,0,1,0,1,0,0,1,2,2,0.06630094982873745,0.9131815534307853,1.2,0
63,0,1,0,1,1,1,1,0,0,1,1,0,0,0,2,0,0,0,0,0,0.4646869470486267,0.8980047356671523,1.2,0
64,1,1,0,0,0,0,0,0,1,0,0,2,0,2,1,0,0,1,2,1,1.6326825511535508,1.776948731619268,1.2,0
65,0,0,1,0,0,1,1,0,1,0,1,0,0,0,0,0,0,0,1,0,-0.11713580956806818,-0.47789605461193696,1.2,0
66,1,1,0,1,0,1,0,0,1,0,1,0,0,0,1,0,1,0,2,0,-0.5362951862495412,0.4284301100934938,1.2,0
67,0,2,1,1,0,1,0,0,0,0,0,0,0,0,1,1,0,1,2,0,0.7744884560536005,-1.1472938708420861,1.2,0
68,0,1,0,0,0,1,2,0,2,0,0,0,1,1,1,0,1,1,1,1,-1.439694368388777,-1.3350036981841658,1.2,0
69,0,0,1,1,0,1,0,0,1,0,1,1,1,0,2,1,0,1,0,0,-0.780437553489946,-0.4585091746345239,1.2,0
70,0,2,0,0,1,0,1,0,0,1,0,1,1,0,2,2,0,1,2,0,0.35114407387235164,0.379985716898196,1.2,0
71,1,1,0,0,1,2,0,0,0,0,1,2,0,0,1,0,0,1,0,1,0.4332028160848,-0.43624118801793915,1.2,0
72,0,2,0,0,1,0,1,0,0,1,1,2,0,1,1,0,0,0,0,0,0.0350486876140325,1.3627458121445801,1.2,0
73,1,1,0,2,1,0,0,0,0,0,1,0,0,0,0,0,0,0,1,1,-0.4007770143867132,1.194119377569887,1.2,0
74,0,1,0,1,0,0,1,0,0,1,0,0,0,2,1,0,0,0,1,2,0.30467005177423595,0.8421349453459008,1.2,0
75,0,1,0,0,1,0,0,0,0,0,0,1,0,0,1,0,0,1,0,0,1.2277529804606615,-0.7155669426481316,1.2,0
76,0,1,1,1,1,1,1,0,1,1,0,0,1,1,1,1,1,1,0,1,-1.243286887571932,-1.0105591208343132,1.2,0
77,0,0,0,1,1,0,0,0,1,2,0,1,0,0,2,1,2,0,0,1,1.6609973167321959,1.0776752964424199,1.2,0
78,0,1,1,0,1,0,0,0,0,0,2,0,0,0,1,1,1,0,0,1,0.7613029615405155,0.8608496489433796,1.2,0
79,0,2,0,1,1,0,0,0,0,0,0,1,1,0,1,0,0,0,0,1,-0.20819019868212243,1.4660738727844524,1.2,0
80,0,2,0,1,1,0,0,1,0,0,0,1,0,0,0,1,0,1,1,2,-0.2758522633604357,0.9950198923436196,1.2,0
81,2,1,0,0,1,0,0,0,0,1,0,0,0,0,0,0,0,1,0,1,-1.126275646821785,0.5238864391590263,1.2,0
82,0,1,1,1,1,1,1,0,0,1,0,0,0,0,0,0,1,0,1,0,-1.1113204049283958,-0.49219316350401704,1.2,0
83,1,1,1,1,2,0,0,1,0,1,1,1,0,0,1,0,1,0,0,1,0.2452286720439953,0.39977592500756154,1.2,0
84,0,1,0,2,0,1,0,1,0,0,1,1,2,0,1,0,0,1,1,0,-0.20877175157818684,0.8873044937600125,1.2,0
85,1,1,1,1,2,1,1,1,1,0,0,0,0,2,1,1,0,1,1,1,0.12649115924466472,0.9789538334995751,1.2,0
86,0,1,0,2,1,0,0,0,0,1,0,1,0,0,0,0,1,1,1,0,-0.7586946734036308,-1.162670321276305,1.2,0
87,0,0,1,0,1,1,1,0,0,1,0,0,1,0,1,0,1,0,1,0,0.35534383053114943,0.9443322460564411,1.2,0
88,1,1,0,2,2,0,1,0,1,0,0,0,0,1,1,1,1,0,1,1,-0.4258746929725809,-1.0350573904520168,1.2,0
89,0,2,0,0,1,0,0,1,1,0,1,1,0,0,1,2,0,1,0,1,0.37969026810315787,-1.565820287877874,1.2,0
90,1,1,1,0,0,2,0,1,0,0,0,0,0,1,1,0,0,1,1,0,-1.1767504000549938,0.9847549953369416,1.2,0
91,0,2,0,2,0,0,1,0,0,1,0,0,0,0,1,1,1,1,0,1,0.5667202445255259,-0.02705314158131683,1.2,0
92,1,1,0,0,2,1,0,0,0,1,1,1,1,1,1,0,0,1,0,1,0.2666741990412338,-0.28644852933632625,1.2,0
93,0,0,0,1,0,0,0,0,1,1,1,0,0,0,1,1,0,1,2,0,1.20156958423353,-1.241177545085272,1.2,0
94,1,2,1,0,1,1,1,0,0,1,0,0,0,0,1,1,0,0,0,1,-0.6797386615635482,-0.20875557621716959,1.2,0
95,0,1,0,1,1,0,0,0,0,1,0,0,0,0,0,1,0,1,2,0,-0.10516337916603942,0.5558543001638301,1.2,0
96,1,0,1,2,1,0,0,1,0,0,1,0,0,1,1,1,0,0,0,0,-0.483038589285455,-0.4569007871435129,1.2,0
97,0,0,0,1,1,1,1,0,0,1,1,0,0,0,1,1,0,0,0,1,0.36722390005779776,-0.1419162487038843,1.2,0
98,0,0,0,1,0,0,1,0,0,0,1,0,0,0,0,0,1,2,1,2,1.0266930638637286,-0.07304871935812612,1.2,0
99,0,0,0,1,1,0,0,1,0,0,0,2,0,0,1,0,1,0,1,0,-0.36365180762671595,-0.546072999005089,1.2,0
100,1,1,0,0,1,1,1,1,0,0,0,1,0,0,1,2,0,0,0,1,0.046079176594371385,-0.364036190665203,1.2,0
101,1,0,0,1,1,1,1,0,1,0,0,0,0,1,0,1,0,1,1,1,-0.3031306764749368,-0.3120143507790159,1.2,0
102,0,0,1,1,1,1,0,1,0,1,0,0,0,0,0,0,1,1,0,1,1.4112903094975622,1.1345440134366451,1.2,0
103,1,1,0,0,0,0,0,1,0,0,1,0,0,0,1,0,2,0,1,1,-0.011292133166552807,-0.49154511041803,1.2,0
104,0,1,0,0,2,0,0,1,1,1,0,0,0,0,2,0,0,1,1,0,-0.22292659250171845,-0.36986806679191575,1.2,0
105,0,1,0,1,2,1,1,1,0,1,0,0,1,2,2,0,0,1,1,0,-0.3673560643928448,-0.4866115837750274,1.2,0
106,0,2,0,0,1,1,1,0,0,1,0,0,1,0,2,0,0,0,1,0,-0.6402348249491024,-0.6105048705465421,1.2,0
107,0,0,0,0,1,1,0,1,0,1,0,1,0,1,1,1,0,0,1,0,-0.479204823308143,-0.4615247882794787,1.2,0
108,0,1,0,1,1,0,1,0,0,2,0,0,0,0,2,1,0,1,0,1,-0.2560730921211107,0.21704672074504874,1.2,0
109,0,1,0,0,1,0,0,1,0,0,0,0,0,1,0,0,0,0,0,1,1.5206330224262008,-0.4963394605651502,1.2,0
110,0,2,0,1,1,0,0,0,0,0,0,1,0,0,1,0,0,1,1,2,-0.012220531807414954,1.3405670169034072,1.2,0
111,1,2,0,1,1,1,0,2,0,0,0,0,0,1,0,0,0,2,0,2,-2.5772345358329254,-0.4729803319509359,1.2,0
112,0,2,1,1,1,1,0,0,0,0,0,0,0,1,1,0,0,0,0,1,0.6642300145822172,-0.6482244074814425,1.2,0
113,1,0,1,1,2,1,1,0,0,1,0,0,1,0,0,0,0,0,0,0,-0.7110255119496051,0.7259087900976138,1.2,0
114,1,1,0,1,2,1,0,0,0,1,0,0,0,1,1,0,0,0,1,0,1.658696217588361,1.143894483140027,1.2,0
115,0,0,1,1,0,1,1,0,0,0,0,0,0,0,2,0,1,1,1,1,-1.0707484511849785,-0.331482688173006,1.2,0
116,1,1,0,2,0,0,1,0,0,0,0,0,0,0,1,0,1,0,0,1,1.7573505166533994,1.3756420704927506,1.2,0
117,0,2,0,2,0,2,0,0,0,1,0,0,0,0,0,1,0,0,0,1,0.3515595796049134,0.8403273388434314,1.2,0
118,1,2,0,0,0,0,0,1,1,1,0,0,0,2,1,1,0,0,0,1,-2.29934633827298,-1.406365406445317,1.2,0
119,0,0,0,0,1,1,0,2,0,0,1,0,0,0,1,1,0,1,0,0,-0.6220263565760306,-0.5466389629918147,1.2,0
120,1,1,0,2,2,0,1,0,0,1,0,0,0,0,1,0,0,0,1,0,-0.14285150677637765,-0.11159766865250043,1.2,0
121,1,0,0,1,0,0,0,0,0,0,0,0,0,0,1,0,0,1,0,1,-0.06756739725671904,0.44744864224002856,1.2,0
122,0,0,1,2,1,0,0,1,0,2,0,0,0,0,2,1,1,1,0,1,-0.4610211190345001,-0.3121280416850098,0.7503542969376321,1
123,1,1,0,0,1,0,0,1,0,1,1,1,0,1,1,0,1,0,2,1,-0.7917072240288645,-0.4406843024379508,1.2,0
124,0,2,0,0,1,0,0,1,0,1,1,0,0,0,1,1,0,1,2,0,-0.9446116263860899,0.5298745136705225,1.2,0
125,0,1,0,1,1,1,1,0,0,0,1,0,0,0,0,0,1,1,0,0,-2.0448288396824936,-0.8570279035500565,1.2,0
126,0,1,1,1,2,0,0,0,1,0,0,1,1,0,1,0,0,0,1,0,-0.6101932100084249,0.2080907839854361,1.2,0
127,0,2,0,0,1,1,1,0,0,0,0,0,0,0,0,0,0,0,1,0,2.8510748458552895,-1.4297052135678923,1.2,0
128,1,1,1,1,0,0,0,1,0,1,1,0,0,0,2,0,0,0,1,2,-0.4844078705421528,0.047676434671588996,1.2,0
129,0,0,1,0,1,0,0,0,0,1,0,1,0,0,1,0,1,0,0,1,-1.5962649922547008,0.7180575386565453,1.2,0
130,0,0,1,0,1,1,0,2,0,0,0,0,0,0,2,2,0,0,0,1,0.38393638599154944,-0.6165657035852385,1.2,0
131,1,2,0,1,2,1,1,0,0,0,0,1,2,0,2,1,1,0,1,0,0.5508947776951566,0.9747450494071355,1.2,0
132,0,1,0,1,1,0,0,1,0,0,1,0,1,0,1,0,1,1,1,0,0.3128601426551772,-0.09132849911610183,1.2,0
133,1,1,0,0,1,0,0,0,0,1,1,0,1,0,1,0,0,1,0,1,0.043298077596064063,0.17459482209494295,1.2,0
134,1,1,1,2,2,0,1,0,0,0,0,0,0,1,1,1,0,2,2,0,-0.7454631663581701,-1.8887501468622183,1.2,0
135,0,0,1,2,2,0,0,0,0,0,0,1,0,0,1,0,0,0,1,0,-3.03389011281246,-1.1224408270811195,1.2,0
136,0,1,0,1,2,0,0,2,1,0,0,1,0,0,1,1,1,1,1,1,0.2230622834708007,-0.7867841548357637,1.2,0
137,0,0,1,1,1,0,1,0,0,1,1,0,0,0,1,0,0,1,0,2,1.2703218566089436,0.5069287043785422,1.2,0
138,1,2,0,1,2,0,1,1,1,0,0,0,0,0,1,0,2,1,1,0,-1.1167757178607696,-1.824184771645604,1.2,0
139,0,1,1,1,0,0,0,0,0,1,1,1,0,0,0,0,0,1,1,1,-0.7711681863848798,-0.5531107776080659,1.2,0
140,1,2,1,1,1,0,0,1,1,0,0,1,0,0,0,0,0,1,1,1,-0.6097317984351589,-0.86775368810434,1.2,0
141,1,0,0,2,0,1,2,1,0,0,1,0,1,0,1,0,0,1,2,1,-0.13570735830891958,0.9764344674109288,1.2,0
142,0,0,0,1,2,1,0,0,0,1,0,0,0,0,1,0,0,1,0,0,-0.4137520530865286,-0.32809376776962584,1.2,0
143,0,1,0,0,1,0,2,1,0,2,0,0,0,1,1,1,0,0,0,2,0.3963220696861099,-0.3344389790464185,1.2,0
144,1,0,1,1,0,0,0,0,0,1,0,1,0,0,2,0,0,1,1,0,0.6359521634550419,1.0855134560267976,0.7577616690930289,1
145,0,2,1,0,1,0,0,1,0,1,1,0,1,0,0,0,0,0,1,1,-1.0839851387807988,-0.12124950850311134,1.2,0
146,0,0,0,2,1,0,0,0,0,0,0,0,0,0,1,1,0,2,0,1,-0.9600344697200194,0.6090931999555677,1.2,0
147,0,0,1,1,0,0,0,1,1,0,0,0,0,1,1,0,0,1,0,1,-0.4728232066198309,0.10407257164783884,1.2,0
148,1,1,1,1,0,1,1,1,0,2,0,1,0,0,2,1,0,1,2,0,0.556320228260003,0.8452822364602044,1.2,0
149,0,1,0,1,1,0,0,0,0,0,1,0,0,1,1,0,0,1,0,0,0.1481769713062789,1.1006449382751664,1.2,0
150,1,0,1,1,2,1,0,1,0,0,0,0,1,1,2,1,0,2,0,0,0.8751888108975755,-0.8348528947799195,1.2,0
151,0,0,0,0,0,0,0,0,0,1,0,0,0,1,1,0,0,0,0,1,0.9045170997247955,-0.5598940478024246,1.2,0
152,0,0,0,1,2,1,2,1,1,0,1,0,0,1,1,1,0,1,0,0,0.876596416354723,-2.4022464591574453,1.2,0
153,0,1,0,2,1,1,0,0,0,1,0,0,0,1,2,0,0,0,1,0,0.8036561892239416,0.4165593094349107,1.2,0
154,1,0,0,1,1,1,1,1,0,1,0,0,0,0,1,0,0,0,1,1,-1.1899497339273055,-0.1480489160325673,1.2,0
155,0,1,1,0,2,1,0,1,1,1,0,2,0,0,2,1,0,1,1,2,1.3609552369672278,-0.04351815564709588,1.2,0
156,1,0,1,1,1,0,0,0,0,2,0,0,0,1,2,2,0,1,1,1,2.8045077779286767,0.15833612826553,1.2,0
157,0,1,1,2,2,0,1,2,1,0,1,0,1,0,0,0,0,0,1,1,0.3127208675939068,0.5121352938823704,1.2,0
158,0,1,1,1,1,1,0,0,0,0,0,0,1,0,1,1,0,1,2,1,0.00417687104838296,-0.26992021424994955,1.2,0
159,1,2,1,2,0,0,1,0,0,1,1,1,2,1,0,2,0,1,1,1,0.47442953932945975,0.9398978884011185,1.2,0
160,0,0,1,1,1,0,0,0,0,0,1,0,0,0,1,0,0,1,1,1,0.931758938277114,0.45681021307163716,1.2,0
161,0,0,0,1,0,1,0,1,0,0,1,1,0,1,1,1,1,1,1,1,0.5973689988225789,0.8378369000655803,1.2,0
162,0,1,1,1,1,0,0,2,0,1,1,0,0,0,0,0,0,0,1,0,0.6647657522326478,-1.2607817643052825,1.2,0
163,0,1,0,0,0,0,1,1,0,0,0,0,0,1,0,1,1,0,0,0,-0.2523326976079808,-0.7679232987357131,1.2,0
164,1,1,0,1,2,0,1,0,0,0,0,1,1,0,1,0,0,1,0,0,0.5071377971343675,0.2856846768764675,1.2,0
165,0,0,0,0,2,0,0,0,1,0,0,1,0,0,2,1,0,1,2,0,0.28391781058430976,1.0052860630766025,1.2,0
166,1,2,2,0,1,0,0,1,0,1,0,0,0,1,0,0,0,1,2,1,-0.18795974265078394,1.6809030221803292,1.2,0
167,1,1,0,1,1,0,2,0,0,1,0,1,1,0,1,0,0,0,1,0,-0.0799149198932385,-0.3473981998785668,1.2,0
168,0,2,0,0,0,0,0,1,0,1,0,0,0,0,2,1,0,1,0,1,-1.2984346394723576,-1.1852773581667766,1.2,0
169,1,0,0,0,1,1,1,0,0,0,0,0,0,0,1,0,0,1,0,0,-1.3855172989175653,0.5677696539726259,1.2,0
170,1,2,1,1,1,0,0,1,1,2,1,1,0,1,0,0,0,1,1,1,-0.3557996046225043,-0.6854931754842684,1.2,0
171,1,0,0,1,1,1,0,1,0,1,0,0,0,0,2,2,0,1,0,0,-2.443092412109442,-1.032574769788547,1.2,0
172,0,0,0,1,2,0,1,1,0,0,0,0,1,0,0,0,0,0,0,0,0.9798949139805221,-2.3972188058945263,1.2,0
173,0,2,0,1,0,1,0,0,1,1,0,0,0,0,1,0,0,1,1,1,1.475498383580458,0.6160783357924471,1.2,0
174,0,1,0,0,1,0,1,1,0,0,0,0,0,0,0,0,0,0,1,1,-0.14834638535552308,-0.8637688602420477,1.2,0
175,1,0,0,1,0,0,0,0,0,1,1,0,0,0,1,0,0,1,0,1,0.027440975829016227,-0.4507203851203388,1.2,0
176,1,2,0,0,1,1,1,0,0,1,0,0,0,0,0,0,0,0,0,1,-0.16015746141072687,-1.507957112027822,1.2,0
177,1,1,0,1,0,1,0,1,1,1,0,0,0,1,1,0,1,1,0,0,-0.26574413428718485,-1.0898397125316261,1.2,0
178,1,1,0,1,1,0,1,1,0,0,0,1,0,0,0,0,0,0,1,1,-0.8097808203639972,-0.11875105825837577,1.2,0
179,0,2,2,0,1,0,0,0,1,1,1,1,1,0,0,1,1,0,0,2,0.014049766655563093,1.062489958718978,1.2,0
180,0,2,0,0,1,1,0,0,0,0,0,1,0,0,0,1,0,1,0,1,-0.023084578168309017,-0.3042830154704372,1.2,0
181,0,1,0,1,1,0,1,0,0,0,0,0,0,0,0,0,0,0,0,0,0.10497672047770928,0.006830695204194895,1.2,0
182,1,0,1,1,1,1,0,0,0,0,0,0,1,0,0,0,2,1,0,0,-0.2586860057678487,1.0421309571545103,1.2,0
183,1,1,0,1,1,0,1,0,1,0,0,0,0,1,1,0,0,0,1,0,1.0507482157593928,-0.16486614809452438,1.2,0
184,1,2,0,1,0,0,0,0,0,0,0,0,0,0,1,0,0,0,2,0,1.3244374460833235,2.675619105021407,0.07974884078548011,1
185,1,1,0,1,2,0,1,0,1,0,0,0,1,0,2,0,0,0,1,1,2.325914302958004,0.6404435298231985,1.2,0
186,1,0,0,1,0,1,0,0,0,0,0,0,0,0,1,1,0,1,0,0,-0.6010503406674536,-1.5610102252887217,0.5452633142941605,1
187,0,2,0,1,2,0,1,1,0,1,0,0,0,1,2,1,0,2,2,1,-1.3670083506632604,-1.7545882154899726,1.2,0
188,0,1,1,1,2,1,1,0,0,0,1,1,0,0,0,1,0,2,0,2,0.9578939776322787,-0.6082806773566638,1.2,0
189,0,1,0,0,2,0,0,0,0,0,0,1,0,1,0,2,1,1,1,0,0.047020300675394686,0.7914123230184515,1.2,0
190,0,1,0,1,2,0,0,0,0,1,1,0,1,0,1,1,0,0,1,2,-0.7533374333982791,-0.2670762949205015,1.2,0
191,2,1,0,1,1,0,1,1,0,0,0,2,1,1,2,1,1,2,0,2,0.4246427123840799,-0.4551070934088672,1.2,0
192,0,1,0,0,0,1,0,0,0,0,0,0,1,0,0,0,0,0,1,1,-0.3285221539018698,-0.21447137089850682,1.2,0
193,0,1,1,1,0,1,0,0,0,1,0,0,0,0,1,2,0,0,0,2,0.21931623057523394,-0.9897749851583041,1.2,0
194,1,2,0,0,1,2,0,0,0,1,1,0,0,0,1,0,0,0,0,0,-0.3695377646441395,-2.177919964227436,1.2,0
195,1,1,1,2,1,0,1,2,0,1,0,0,0,0,1,1,0,1,1,1,0.8171801199352366,1.8044298490258277,1.2,0
196,0,1,0,1,2,0,0,0,0,0,2,0,0,0,0,0,0,1,0,1,0.27730495251840154,-0.7596062339336473,1.2,0
197,0,2,1,0,0,1,0,0,0,0,0,0,0,0,1,0,1,0,0,0,0.05981874466498926,0.5261372587629635,1.2,0
198,0,2,0,0,0,1,1,0,1,1,1,1,1,0,1,1,1,0,0,0,-0.5546500633602011,-1.4308092293984986,1.2,0
199,1,1,0,0,0,1,0,1,0,2,0,1,0,2,1,0,1,0,0,1,-0.5899901033977404,-0.3035069837885294,1.2,0
200,0,1,0,1,0,0,1,0,0,0,0,0,0,1,2,1,0,1,0,1,1.3483724478066375,0.5117180351629502,1.2,0
201,0,2,2,1,1,1,0,0,1,0,1,0,0,0,1,0,0,1,0,0,-0.7104558692963704,-0.3431451123595285,1.2,0
202,0,2,1,2,1,1,1,0,0,1,1,1,0,0,1,0,0,0,1,1,-1.2445318095269728,-0.023792855449994717,1.2,0
203,0,1,0,2,1,0,2,0,1,0,0,2,0,0,0,0,0,1,0,1,0.2880294691604221,-0.97879288135352,1.2,0
204,2,2,0,1,2,0,0,0,0,0,1,0,0,0,1,0,1,0,0,1,-1.3023490491436982,-0.6545023468439537,1.2,0
205,0,2,0,0,1,0,0,0,0,0,1,0,0,1,1,0,1,1,1,0,-0.6109271252834297,0.10164863102991617,1.2,0
206,2,2,0,0,1,1,0,1,1,0,0,0,1,0,2,0,0,1,0,1,0.4389369096521311,-1.4523613083873086,0.8263391937956326,1
207,1,1,0,0,2,0,1,0,0,2,1,1,0,1,1,0,1,1,1,1,-0.09676618103408384,0.27689008299467444,1.2,0
208,0,1,0,1,0,0,1,0,0,0,0,0,0,0,1,0,0,1,1,0,0.9475156396691248,0.527164812112321,1.2,0
209,0,1,0,1,1,1,1,1,0,2,1,0,0,0,1,0,1,2,2,1,-0.3427191782482336,-0.8956303151596816,1.2,0
210,0,2,0,1,0,0,0,0,0,2,0,1,0,1,1,1,0,0,0,1,-0.9504846343079463,1.0749360482444628,1.2,0
211,0,2,1,0,0,1,0,1,0,0,2,0,0,0,2,2,1,1,1,1,0.20027760923275278,-0.03427714792450137,1.2,0
212,0,1,0,1,1,1,1,1,0,2,0,0,1,0,1,0,1,0,0,0,-0.059385750596049565,1.8987403212820857,1.2,0
213,0,2,0,1,0,0,0,0,0,1,0,0,1,0,2,1,1,0,2,0,-0.447270952675143,0.7533081350938007,1.2,0
214,0,2,0,1,1,1,0,1,0,0,2,1,1,1,1,1,0,0,0,1,0.7318549243368014,0.5017967888758225,1.2,0
215,1,2,1,2,0,1,1,1,0,0,0,2,1,0,1,1,1,0,1,1,-0.8882028340230115,-0.06137701001787432,1.2,0
216,0,2,1,1,2,0,1,0,1,0,0,2,0,0,2,1,1,0,1,0,-0.39548342221486193,-1.2702883902608106,1.2,0
217,0,0,1,1,2,0,0,0,0,1,0,1,0,0,1,1,1,1,0,2,0.0012906520390472984,0.09718152247881068,1.2,0
218,0,2,0,0,2,0,0,0,0,0,0,0,1,0,1,0,0,0,1,1,1.638489222379752,1.1147571500713962,1.2,0
219,0,0,0,2,0,0,1,0,0,1,0,0,0,0,1,0,1,0,2,1,-1.3396008264303851,-0.011582196427329189,1.2,0
220,0,1,0,0,1,1,0,1,0,0,1,0,1,0,1,0,1,1,1,1,-0.4246994560870364,0.22187084487761288,1.2,0
221,1,1,0,1,0,1,0,1,0,2,0,0,0,0,1,0,0,1,1,0,-0.29100693612375333,2.8888766597598496,1.2,0
222,0,1,0,0,1,0,1,0,0,1,1,0,0,1,0,0,0,0,0,1,0.9426004806231112,-0.6344481684183569,1.2,0
223,0,0,0,1,1,0,0,1,0,0,0,0,0,0,0,0,0,2,1,1,-0.9589252804375924,-0.20536010097566765,1.2,0
224,1,0,0,1,2,1,1,0,1,2,0,0,0,0,0,0,0,1,0,1,-1.0443881795049719,-1.4324181546385018,1.2,0
225,0,1,2,0,0,1,0,0,0,1,0,1,2,0,0,0,0,0,1,1,-0.7262514049216278,0.6006015577233793,1.2,0
226,1,2,0,2,1,0,0,0,0,0,0,0,0,0,2,0,0,0,2,1,-0.45876161453706005,1.786364447683599,1.2,0
227,0,0,1,1,1,1,0,0,0,0,1,0,0,0,1,1,0,2,0,1,0.5707365837146693,0.687286522843082,1.2,0
228,0,1,2,1,2,1,1,0,0,0,0,0,0,0,2,0,0,1,1,1,0.7053423120695769,1.0226738802691726,1.2,0
229,0,0,0,1,1,1,1,0,1,0,0,0,1,0,2,0,1,1,1,0,1.2206320151053291,-0.20677254270389184,1.2,0
230,0,0,1,2,1,1,0,0,0,1,1,0,0,0,1,0,0,1,1,1,-0.7328600199445969,0.43909713746765666,1.2,0
231,1,0,1,0,1,0,0,0,0,0,0,0,1,0,0,2,0,0,2,0,0.48740237861118346,0.8074207560285541,1.2,0
232,1,1,0,0,0,1,1,1,1,0,1,0,1,0,2,0,0,2,0,0,2.141354585666594,-0.18304017261862993,1.2,0
233,0,1,1,1,0,0,1,1,0,0,0,0,0,0,2,0,0,0,1,0,0.6444580208712092,2.2926642365805137,0.19969728058142683,1
234,1,1,1,0,0,1,1,0,0,1,1,0,0,0,0,2,1,0,1,1,-0.1642205184102723,0.4783774198313069,1.2,0
235,0,1,0,1,2,0,0,0,1,1,1,1,0,2,0,0,0,2,0,1,1.441986105549147,-0.16537811365595406,1.2,0
236,0,2,0,1,1,1,0,0,1,1,0,0,0,1,2,0,1,1,0,0,-0.9269410513838786,0.46606851990380826,1.2,0
237,0,1,1,0,2,0,0,1,0,1,0,0,0,0,1,1,0,0,1,1,-0.2984180017543851,0.671873637338847,1.2,0
238,0,1,0,0,0,1,1,0,0,0,0,1,0,0,0,0,0,2,1,1,0.10801824736791102,-1.5412697507209956,1.2,0
239,0,0,0,0,1,0,0,0,0,0,1,0,0,0,0,0,0,2,0,0,0.98386426935389,0.7840724447160194,1.2,0
240,0,2,1,1,1,0,0,1,0,0,1,0,0,0,0,1,0,1,0,1,1.5190654802546302,-0.2509873030153325,1.2,0
241,0,0,1,1,0,0,0,0,1,1,0,0,0,0,0,0,0,0,2,1,0.4985803498618181,0.4433945359124525,1.2,0
242,1,2,0,1,0,0,0,1,0,1,0,2,0,0,1,1,0,2,0,0,-0.6948997176807378,-0.15096214774746672,1.2,0
243,0,0,0,0,2,1,1,1,0,0,0,0,1,0,0,0,1,2,1,1,0.3835576046473349,-1.654730138091313,1.2,0
244,2,2,0,1,1,0,0,0,0,0,0,0,0,1,1,0,0,2,0,2,0.6978293406305784,1.0074315631442297,1.2,0
245,1,1,0,2,0,1,0,1,0,0,1,0,0,1,0,1,0,0,1,0,-1.1195236052701028,-0.2328115578856877,1.2,0
246,1,1,0,2,1,1,0,1,0,0,1,0,0,0,1,0,0,0,1,1,-1.317440941103176,-1.6898640995243341,1.2,0
247,1,1,1,0,2,1,0,1,0,0,0,0,0,0,2,1,0,1,1,1,-0.23803833855637369,-0.5191993180356635,1.2,0
248,0,1,0,0,2,0,1,1,0,1,0,1,0,1,0,0,0,1,2,1,0.11107767970176856,1.0025352070419433,1.2,0
249,1,1,2,1,0,0,0,0,0,0,0,1,0,0,0,1,0,0,0,1,-0.8343420892958484,0.5410122178751582,1.2,0
250,1,0,0,1,2,0,1,0,0,0,0,0,0,0,1,0,0,0,1,1,1.76135448935295,-0.30589601334588,1.2,0
251,0,0,1,0,0,0,0,1,1,0,1,0,0,0,1,0,0,0,1,1,0.569976915459728,0.7291722610624776,1.2,0
252,1,1,0,2,1,1,0,0,0,0,1,2,1,0,0,1,1,1,2,0,2.530682820968498,2.0258926161305992,1.0172263188433825,1
253,0,1,0,2,1,0,2,0,0,0,0,1,0,1,0,0,0,0,0,0,-0.665885045216245,-0.9421758085818115,1.2,0
254,0,0,1,1,1,0,0,0,0,1,0,1,1,0,1,0,0,0,1,1,1.3004705012393611,0.9562902523795703,1.2,0
255,1,1,1,1,2,1,0,1,0,2,1,1,0,0,0,0,0,0,0,1,0.5612956068863267,0.2625854592359389,1.2,0
256,0,2,1,1,1,0,1,0,0,0,1,1,0,0,0,0,0,1,2,1,-1.0951402886653432,0.9944188753327878,1.2,0
257,0,0,0,1,2,0,1,1,0,0,1,1,1,0,1,1,0,1,0,0,-0.14701446432596638,0.2585974411739601,1.2,0
258,0,2,0,1,1,1,0,0,0,0,0,0,0,1,0,1,1,1,0,1,0.45615919309498987,0.11100831087237456,1.2,0
259,0,2,1,1,1,0,1,0,1,0,0,0,0,1,1,1,0,2,0,0,1.0704397754033963,1.445969186167723,1.2,0
260,0,1,0,0,2,0,1,0,1,1,0,0,0,0,0,1,0,1,0,0,0.38723360002146034,-0.5761046771013275,1.2,0
261,0,1,1,2,2,1,0,0,0,0,1,0,0,0,1,0,0,1,1,1,-0.6120016937648299,2.6891033639782176,1.2,0
262,0,2,0,1,0,0,0,0,0,1,0,0,1,0,0,1,1,0,2,1,0.13734048392862444,0.14740530582588784,1.2,0
263,1,0,1,2,2,0,0,1,0,0,0,0,0,1,1,0,0,1,0,0,0.6673717041354775,0.7205378816971574,1.2,0
264,1,2,0,1,2,0,0,0,1,1,0,0,0,1,0,0,0,1,2,1,1.984960006978824,1.8560523583312465,1.2,0
265,1,1,0,1,2,0,1,1,0,0,0,2,1,1,2,0,0,0,0,1,-1.2450169127485688,-0.4067166202674865,1.2,0
266,0,0,0,0,1,0,0,0,0,0,0,0,1,1,1,0,0,0,1,0,-0.04593781722593926,1.4129811351025416,1.2,0
267,0,1,0,0,0,1,0,0,0,1,1,0,0,0,2,1,0,2,1,0,0.26780090379663785,0.002208813282090216,1.2,0
268,0,0,1,1,0,1,2,1,0,1,0,0,0,0,2,1,1,0,0,2,3.16428481166541,-0.39326261649910066,1.2,0
269,0,2,1,0,1,1,0,0,0,0,0,1,0,0,0,0,0,1,1,2,-0.6291381572186567,-0.850971845927014,1.2,0
270,0,1,0,1,1,0,1,1,1,0,0,0,1,1,0,0,0,0,0,1,1.7913680860686925,1.1702601753727557,1.2,0
271,1,1,0,0,0,0,0,0,0,0,1,1,1,0,0,0,0,0,0,1,-0.9722744621066446,-0.5344084442183943,1.2,0
272,0,0,0,2,1,0,0,1,0,1,0,0,0,1,2,1,0,0,0,1,-0.1672331538103014,2.4924600336019234,1.2,0
273,1,0,0,0,0,0,0,0,0,1,0,0,0,0,1,0,0,0,1,1,0.009078374282208382,-0.00014918623444670764,0.8412259357865681,1
274,0,0,0,1,1,1,0,0,1,0,0,0,0,1,1,0,1,2,1,1,1.5164764707298466,-0.47201679569371296,1.2,0
275,0,0,0,1,0,0,1,1,0,1,1,0,1,0,0,1,0,1,2,0,0.44796385918028314,-0.33679047060313366,0.48590207074138697,1
276,1,2,0,0,1,1,0,1,0,0,0,0,0,1,1,1,0,1,1,1,-1.9725060840801996,-1.4664041273230937,1.2,0
277,0,1,0,0,1,0,1,1,0,2,1,0,0,0,1,1,0,0,1,0,1.359079187045357,1.4098280607088798,1.2,0
278,1,0,0,1,0,1,0,0,0,0,1,0,0,0,2,0,0,0,1,1,-0.6914313330399969,-0.30664840605583554,1.2,0
279,1,1,0,1,1,1,1,0,0,1,0,1,0,0,1,0,0,1,1,1,1.1092624785897185,2.0461142435076516,0.7937019384740469,1
280,0,1,0,2,1,0,1,1,2,0,0,0,0,0,0,0,0,1,0,1,-0.29581351493837554,0.6718583201982384,1.2,0
281,0,2,0,2,1,1,1,0,0,0,1,0,0,0,0,0,0,2,1,1,-0.08523576590274125,0.48370824298234694,1.2,0
282,1,0,1,0,0,0,0,1,0,1,0,0,1,0,0,0,1,1,0,2,-0.8155422263774316,-0.30796682672940534,1.2,0
283,1,2,0,0,0,0,0,1,0,0,0,1,0,0,1,2,1,1,2,0,-0.9428959683822508,-0.1134393617668184,1.2,0
284,2,2,0,1,1,1,1,1,0,0,0,0,1,0,0,2,0,0,2,0,1.0165565592990427,1.6944365186850308,1.0694868098262709,1
285,0,2,0,0,2,1,1,0,0,1,0,0,0,1,1,1,1,0,1,1,0.3515403117314904,-0.6200138572518912,1.2,0
286,0,2,1,2,1,0,1,0,1,0,0,0,0,0,1,1,0,1,0,0,0.45606554555495465,0.9191578820662092,0.23652563785079445,1
287,0,1,1,0,0,1,0,1,0,0,0,0,0,0,0,1,1,0,0,1,-0.2715588044506135,-1.3373515546091863,1.2,0
288,0,2,0,1,1,1,0,0,1,1,0,0,1,0,2,0,0,0,1,1,-0.7529260977625426,-0.6460466215657144,0.9940945067618243,1
289,0,1,1,0,2,1,0,0,0,1,0,0,1,1,1,2,0,1,1,2,0.23229592049611153,-1.5158484768834264,1.2,0
290,1,2,1,1,1,0,0,0,0,0,0,1,1,1,0,0,1,2,0,0,0.595164274070203,0.029493335151934863,1.2,0
291,0,1,0,0,1,0,0,0,0,1,0,0,0,0,2,1,1,0,1,1,0.39424485233695566,1.4043198094542917,1.2,0
292,0,1,0,1,0,0,1,1,0,1,0,1,0,0,0,1,0,0,0,1,2.2539429291910555,2.121453407941619,1.2,0
293,0,1,1,0,1,0,0,0,0,0,0,0,0,1,1,1,0,0,2,1,-0.6738545767261465,0.7212409809230627,1.2,0
294,1,1,2,2,1,0,1,2,0,1,0,1,0,0,2,0,1,1,1,2,1.598681429771174,0.8663880177200607,1.2,0
295,0,1,0,2,1,0,0,0,0,1,0,0,0,0,0,1,0,2,0,1,1.0870964549954767,-0.6373990305213584,1.2,0
296,0,1,1,0,1,0,0,1,0,0,1,1,0,0,1,1,0,1,0,1,0.823207377760053,1.0431065767790066,1.2,0
297,1,1,0,1,2,0,0,2,0,1,0,0,1,0,1,1,0,0,1,0,0.245038273264961,0.3676619565964909,1.2,0
298,1,1,0,0,0,2,0,1,0,0,1,0,1,0,1,0,0,0,1,1,0.6040778941679722,0.44292492856580223,1.2,0
299,1,0,1,1,0,1,0,0,0,1,0,0,0,0,0,1,0,0,2,1,0.4346582955265999,-0.22490138427704076,1.2,0
300,0,1,0,2,2,1,0,0,0,1,0,1,0,0,2,0,0,0,0,0,0.0057293805938030675,-0.9021933804928232,1.2,0
301,0,1,1,1,1,0,0,1,0,0,0,1,0,0,0,1,0,1,0,0,-0.046627539668188826,-0.8102373337633981,1.2,0
302,1,1,1,1,1,1,1,0,0,1,0,1,0,1,2,0,0,0,0,0,-0.6436107172457463,0.33503931509290386,1.2,0
303,1,1,1,1,0,1,0,0,0,0,0,1,0,0,0,1,0,2,1,1,-1.1095050394274406,-0.07204571979446772,1.2,0
304,2,1,0,0,0,0,1,0,0,0,0,2,0,0,2,0,0,0,2,0,0.07255170738934232,0.8580659998185827,1.2,0
305,1,0,0,0,1,1,1,1,0,0,0,0,0,0,1,0,1,1,0,0,0.9170717556601327,-1.727801787124713,1.2,0
306,0,1,0,1,1,0,0,0,0,2,0,1,1,0,0,0,0,1,2,0,0.09336455091958726,0.6822345773837231,1.2,0
307,0,2,1,1,1,1,0,0,0,1,0,0,0,0,2,1,0,1,2,0,-0.41677822819634214,-0.48669636039244096,1.2,0
308,1,2,0,1,0,1,1,1,0,0,0,0,0,1,0,1,1,0,1,1,0.6477802176641648,1.5405789672195744,1.2,0
309,0,1,1,0,0,0,0,0,0,2,0,1,2,0,1,0,1,1,0,1,0.2743824067659786,-0.07602852229170709,1.2,0
310,1,2,0,1,2,1,0,0,0,1,0,0,2,0,0,1,0,0,1,0,-0.22067097000276567,1.0918049243312054,1.2,0
311,1,2,1,0,0,0,0,0,0,0,1,0,0,0,1,1,1,1,0,1,0.5656030609943176,0.6751999676140745,1.2,0
312,2,1,0,2,1,0,0,0,0,0,2,0,0,0,1,0,0,1,1,1,0.3918733839935761,0.16555649517948878,1.2,0
313,0,0,0,1,2,0,0,0,0,1,0,2,0,0,2,0,0,0,2,2,1.3129049462425935,1.0949567427795057,1.2,0
314,0,2,0,0,2,0,0,1,0,1,0,0,0,0,0,1,1,2,1,1,-0.7861631438762444,-0.503990177328736,1.2,0
315,0,1,0,1,2,0,0,2,0,0,0,0,0,0,1,0,0,1,1,1,1.8638724941803029,0.04536587224258312,1.2,0
316,0,1,0,0,2,1,0,0,0,0,1,2,1,0,1,0,0,0,1,1,0.7463435261251389,0.7455420023656075,1.2,0
317,0,1,0,0,0,0,0,1,0,2,1,0,1,1,1,1,0,0,2,0,-1.6812957701692834,-0.8377689612702612,1.2,0
318,1,1,1,0,1,0,0,0,0,0,1,0,2,0,0,2,0,0,1,0,1.1269768156362765,-0.3783160158892559,1.2,0
319,1,0,0,2,0,0,1,0,1,0,0,0,0,0,0,0,1,2,1,1,-0.913353550869428,0.2997359996572322,1.2,0
320,1,2,0,1,1,1,1,0,0,0,1,0,0,1,0,0,1,0,1,1,-0.17955518409545443,0.33043572180136405,1.2,0
321,0,0,0,1,1,1,0,0,0,0,0,0,1,0,0,0,0,2,2,0,1.1153934122579308,0.3982058755265172,1.2,0
322,1,1,1,2,1,0,0,0,0,0,0,0,0,0,1,0,1,0,1,0,-0.06735894200644313,0.6373391123933158,1.2,0
323,0,1,0,1,1,0,0,1,0,0,1,0,0,0,0,1,1,1,0,0,-1.1199760924337778,-1.4543131767323343,1.2,0
324,0,2,0,1,0,2,1,0,0,1,0,0,0,0,1,1,0,1,0,2,0.2465758129185962,0.01959879734485251,1.2,0
325,0,1,0,2,1,1,2,1,1,0,0,0,1,0,1,1,0,1,1,1,-1.9036030185652533,-1.151371650704981,1.2,0
326,0,1,0,0,1,0,1,0,1,0,0,2,0,1,2,1,0,1,2,1,0.10863865968488651,0.6962317623006251,1.2,0
327,0,0,1,1,1,0,1,1,0,1,1,0,0,1,0,0,1,1,0,0,1.346809668609913,0.2876886847426324,1.2,0
328,0,0,0,0,1,2,0,0,1,2,1,0,1,0,0,0,1,2,1,2,1.3038957647941367,0.1744345436013604,1.2,0
329,0,1,1,1,1,0,0,0,0,1,0,0,0,0,1,0,0,1,1,0,0.9338436563125966,0.7301335613309464,1.2,0
330,0,1,0,1,0,1,0,1,1,0,0,0,1,0,0,1,0,2,0,0,0.5657724809016696,-0.35990332990795293,1.2,0
331,0,1,0,0,2,1,2,0,1,1,0,0,0,1,1,0,1,1,0,1,0.5772674824641135,-0.8793912588319049,1.2,0
332,1,1,1,1,0,0,0,0,0,1,0,1,1,1,0,1,1,1,0,0,-0.7819472392652318,-1.7049023183034324,1.2,0
333,0,1,0,1,1,1,1,0,1,0,0,0,0,0,1,0,2,1,0,1,-0.021710958651106744,-0.7927890192545068,1.2,0
334,0,0,0,0,1,1,0,1,0,0,0,0,0,0,1,0,0,0,2,1,-0.0811343680601316,-1.1301042868606364,1.2,0
335,1,1,1,1,0,2,2,0,0,0,1,0,0,1,1,0,0,1,2,1,0.09817716007903263,-1.5174296897572812,1.2,0
336,0,2,0,1,2,0,0,0,0,0,1,0,0,0,1,0,0,0,1,1,1.4502969568560926,-0.244873344187298,1.2,0
337,2,2,0,0,0,0,0,1,0,0,1,0,0,2,1,0,0,1,0,0,-1.1623600181067162,-2.313455045941531,1.2,0
338,0,1,1,1,1,1,0,0,0,1,0,0,0,0,1,0,0,1,0,1,1.1337075293668128,0.9955558192720053,1.2,0
339,0,0,0,0,1,1,1,1,0,0,1,0,0,0,1,0,0,0,0,0,0.7596367486937238,-0.03646936903511944,1.2,0
340,0,2,1,2,0,1,1,0,0,0,0,0,0,0,2,1,0,0,1,0,-0.1719010356764894,0.8326171960253518,1.2,0
341,1,1,1,0,1,0,0,0,0,1,0,0,0,0,0,1,0,1,0,1,0.7809854450625633,0.2354128032480069,1.2,0
342,1,0,1,2,0,1,1,1,0,1,0,0,0,0,1,0,0,2,0,0,-0.03290415824476186,0.12870891000647422,1.2,0
343,0,0,0,0,1,0,0,1,0,0,1,0,2,1,1,1,1,1,1,0,0.8979764216714146,-0.8387412375952386,1.2,0
344,0,0,0,0,1,0,0,0,1,0,0,0,0,1,1,1,0,0,0,2,1.8692727873975843,-0.78952698981239,1.2,0
345,0,0,0,1,1,1,0,1,0,1,0,0,0,0,0,0,0,1,1,1,-1.0852916784855169,1.150387265333888,1.2,0
346,1,1,0,2,0,1,0,0,0,1,0,0,0,0,2,1,0,1,1,0,1.287765811476376,0.48538957277138806,1.2,0
347,1,2,0,2,0,0,2,2,0,1,0,0,0,0,1,0,1,0,0,1,0.2609006750888886,1.3603354409855226,1.0173271349452242,1
348,1,1,0,1,1,1,1,1,0,0,0,0,0,0,1,0,0,1,1,2,1.5432363344605822,0.16767569303343982,1.2,0
349,1,1,0,1,0,0,0,0,1,0,1,0,0,0,1,0,1,0,1,1,0.5068467943266662,0.42049654326048225,1.2,0
350,1,0,1,1,2,1,0,0,0,0,0,0,0,1,1,0,0,0,0,1,0.1340468195218807,0.5598302500567698,1.2,0
351,1,0,0,1,0,1,1,0,0,1,0,0,1,1,0,1,0,0,0,0,1.6629410238828861,-0.04148693628197153,1.2,0
352,0,2,0,2,2,0,1,0,0,0,0,1,0,0,1,0,0,1,2,1,-0.9949221070959884,0.09328760845680366,1.2,0
353,0,0,0,1,0,0,1,0,0,1,1,0,0,0,1,0,0,0,1,1,0.6653421952070268,-1.512929420547548,1.2,0
354,1,1,0,1,1,0,2,0,1,0,0,0,0,0,0,2,0,0,1,1,-0.7332992284460034,-0.9482104367689868,1.2,0
355,0,1,0,1,1,0,0,1,0,1,0,0,0,0,2,0,0,1,1,0,-0.20148186470547894,-1.019194945599533,1.2,0
356,1,1,0,2,1,1,0,0,0,1,0,0,0,0,1,0,0,0,2,0,0.08050020622059756,1.5817216895005082,1.2,0
357,0,2,0,0,1,1,0,1,0,0,1,0,0,0,0,0,1,0,0,0,1.5678755013829642,0.0178645374982805,1.2,0
358,1,1,1,1,1,0,0,1,0,0,1,1,0,0,1,1,1,1,0,1,-0.533523769261289,-1.406975029467,1.2,0
359,0,2,0,0,1,1,0,0,0,0,1,0,0,0,1,1,0,0,1,2,0.7492260035999336,0.4379689261329318,0.09789695669493356,1
360,0,1,2,0,1,0,1,0,1,1,0,0,1,1,2,1,0,2,1,0,-0.32392201634634804,-0.39719857562318156,1.2,0
361,0,1,0,1,0,0,1,0,0,0,2,0,0,1,0,0,0,1,2,0,0.37900393906504853,-0.03415722135728816,1.2,0
362,1,2,0,1,0,0,1,1,0,1,0,1,1,1,1,1,0,1,1,1,0.7031192269335903,0.6410561874844842,1.2,0
363,0,0,0,0,1,0,0,0,0,1,0,0,0,0,1,1,0,1,0,1,-1.271337157454942,-0.9565059856618507,1.2,0
364,0,0,1,1,1,1,0,1,1,0,0,0,1,1,1,1,2,1,0,0,-1.898950390364216,-3.0641412534941366,1.2,0
365,0,1,1,0,1,0,0,1,0,1,0,0,0,0,1,0,1,0,0,0,0.3582745194677801,0.943667326075115,1.2,0
366,0,1,0,0,0,2,1,0,1,1,0,1,0,0,0,1,0,0,2,0,-0.9479571294373664,0.305310391231694,1.2,0
367,1,0,0,0,1,0,1,1,0,0,0,0,1,0,1,1,0,1,0,0,0.3631787029299145,-0.2335547315142178,1.2,0
368,0,0,0,1,0,0,0,0,0,0,1,0,1,0,0,0,0,0,2,0,-0.2635847359444594,0.11985134271529287,1.2,0
369,0,2,0,0,1,0,0,2,0,1,0,1,2,0,1,1,0,1,0,1,0.2805925767578605,-0.5471283444789445,1.2,0
370,0,2,0,1,1,0,0,1,0,2,0,0,0,0,1,0,0,1,1,2,-0.7364696565364729,0.5957429305994177,1.2,0
371,0,1,0,1,1,0,1,0,0,0,0,0,1,1,1,1,1,0,0,0,0.6763079884384631,0.1742017877128098,1.2,0
372,1,1,0,0,1,1,0,1,0,0,0,0,0,1,0,1,0,0,0,0,1.7226365474826753,0.2916246043919324,1.2,0
373,0,0,0,0,0,1,0,1,0,0,0,0,1,1,1,0,0,0,1,2,0.36410209992247106,0.45972496253421413,1.2,0
374,0,2,0,1,1,1,1,1,0,1,0,0,1,0,2,0,0,1,1,0,0.3742178672576845,-0.5244876516137315,1.2,0
375,1,0,1,0,0,0,2,0,0,1,1,0,1,0,0,1,1,0,1,0,1.2625000948984184,1.3104321217523476,0.9472577115505664,1
376,0,2,1,0,1,1,1,1,0,1,1,0,2,0,1,0,1,0,2,1,1.4663956088074257,2.149112501002973,1.2,0
377,0,1,0,1,2,0,1,0,0,0,1,0,0,1,1,0,0,0,0,0,0.059234515884502674,0.8263373994247024,1.2,0
378,0,2,0,1,1,1,1,2,0,1,0,0,1,0,1,0,0,1,0,0,-0.7767375626758145,-1.5324112298410841,1.2,0
379,1,1,0,2,0,0,0,1,0,1,0,0,0,0,2,0,0,0,2,1,0.23574766051949808,1.8033840178133156,1.2,0
380,0,1,1,1,2,1,0,1,1,1,0,1,0,0,1,1,0,0,1,0,-1.3596074559041411,-2.76925945039045,1.2,0
381,0,2,1,0,0,0,1,1,0,1,0,0,0,0,0,0,1,2,0,0,0.5704370382251724,0.008095919596810192,1.2,0
382,0,2,0,2,1,1,0,1,0,0,1,0,0,0,0,0,0,0,0,0,0.19515079926533424,-0.17114637266269636,1.2,0
383,1,2,0,0,1,0,0,0,0,0,0,0,0,0,1,0,0,0,0,1,1.4559143648958588,1.2235714282914532,1.2,0
384,1,0,0,2,1,0,0,0,1,0,0,1,1,1,1,0,0,0,1,0,0.11310389761368805,-0.8046616780366413,1.2,0
385,1,0,1,1,2,1,0,1,2,1,0,0,0,0,1,0,1,0,0,0,0.30523912934171604,0.3960462802255992,1.2,0
386,0,0,0,0,2,0,0,1,0,1,0,0,0,1,0,0,1,1,1,1,0.4541612255814986,-0.4787372183153841,1.2,0
387,0,2,2,2,1,0,1,1,0,2,0,0,0,1,0,0,0,1,0,0,1.2592478417361275,1.054355161504309,1.2,0
388,0,2,1,0,1,2,1,0,0,1,1,1,0,0,1,0,0,0,1,1,0.38515186037405996,0.8431087565072295,1.2,0
389,0,1,0,1,1,0,0,0,0,1,0,0,1,1,1,0,0,1,1,2,1.7524770272066317,1.7247915089189056,1.2,0
390,1,2,1,2,2,1,0,0,0,1,0,0,0,0,1,0,2,1,0,1,-1.1382764581219482,0.179847182617002,1.2,0
391,1,0,1,1,2,0,0,0,0,0,0,1,0,0,0,0,0,0,0,2,0.46814059257331947,0.08098645212830213,1.2,0
392,0,1,0,0,1,0,0,0,0,0,1,1,0,0,1,1,0,1,1,1,1.0357559748672003,-0.2039212643723558,0.9727262147547946,1
393,1,1,0,2,0,0,1,0,0,0,0,0,0,0,1,0,0,1,0,0,0.025756361380508148,-0.6319890263961094,1.2,0
394,0,1,1,0,1,1,0,0,0,1,0,1,1,0,1,0,0,0,1,2,0.272427861858327,1.941205181669861,1.2,0
395,0,0,0,0,1,0,0,1,0,1,0,0,1,0,0,0,0,1,0,0,-0.8975421486440166,-1.0712217196032425,1.2,0
396,0,0,1,0,2,0,0,0,0,0,1,0,0,0,2,1,1,1,0,1,-0.6162273443551304,-0.6005360680656125,1.2,0
397,1,0,1,1,2,1,0,1,1,1,1,1,0,0,0,0,1,1,1,1,-0.8584472244640794,-0.22866284849473756,1.2,0
398,0,2,1,2,1,0,1,2,1,0,0,1,0,0,1,1,1,1,0,1,2.2223183018590307,-0.5483774547071361,1.2,0
399,0,1,0,0,0,0,1,1,1,1,0,0,0,0,0,1,0,1,1,0,-0.19964221336972202,-1.0650323699877653,1.2,0
400,0,0,0,1,1,0,0,0,1,1,0,1,0,0,2,0,1,0,1,0,0.9265514380286537,-0.3695683024889447,1.2,0
401,1,1,2,1,0,0,0,0,0,1,1,0,0,0,1,1,1,0,1,0,-1.5803473877407277,-0.3718327640381173,1.2,0
402,0,1,0,1,0,1,1,1,0,1,1,0,0,2,2,1,0,0,2,1,0.8324348244283988,1.6207840050139084,1.2,0
403,0,1,0,1,0,1,0,0,0,0,1,0,0,0,0,0,0,0,1,0,1.3713465227315957,-1.1062728861981779,1.2,0
404,0,0,0,1,1,0,0,0,0,0,0,0,0,0,1,0,0,2,0,2,0.5652417472282316,-1.925660309048545,1.2,0
405,0,2,0,1,1,1,0,1,0,1,0,1,0,0,0,0,0,1,1,1,-0.9386298787744201,-0.3916660452527422,1.2,0
406,0,1,1,1,1,0,0,0,0,0,0,0,0,0,1,0,0,0,0,2,1.0882787586521334,1.2078991837327517,1.2,0
407,1,1,1,2,1,1,0,0,0,0,0,1,0,0,2,1,1,1,0,1,0.643560151554636,1.8682353258205042,1.2,0
408,0,1,0,2,2,1,0,0,1,2,0,1,0,0,1,1,0,2,0,0,-0.26055081362864463,0.16867185843353527,1.2,0
409,0,1,2,0,1,1,0,1,0,1,1,0,0,0,1,0,0,2,0,1,1.0961809310406745,-0.40815393828134416,1.2,0
410,0,1,0,1,0,0,0,0,0,1,1,1,0,0,1,0,1,0,0,1,-1.1833742794669646,0.7661175920400625,0.48041123490284265,1
411,0,0,0,1,0,1,1,0,1,1,0,0,0,0,1,0,0,1,0,2,-0.6787180878861792,1.4357825666112864,1.2,0
412,0,1,0,1,1,0,0,0,0,0,0,0,0,0,0,0,0,1,2,1,0.8093077954911241,-0.6969670037952413,1.2,0
413,1,1,0,1,1,0,1,0,0,0,0,1,0,0,1,0,0,2,2,2,0.19470562947387232,1.677619209207735,1.2,0
414,0,0,1,0,0,1,0,1,0,1,0,0,0,0,0,0,0,0,0,0,-1.3831252412616037,-1.2022866041218108,1.2,0
415,1,1,1,0,2,0,0,0,0,0,0,0,0,0,0,0,0,2,1,1,0.731990692468546,0.5750318986942589,1.2,0
416,1,1,0,1,1,1,1,1,0,2,0,1,0,0,2,0,0,0,1,2,1.1541123865533722,1.5489155414537699,1.2,0
417,0,0,0,0,1,0,1,1,0,0,1,0,0,1,2,0,0,2,1,1,0.10576065910553033,-1.6505201790345032,1.2,0
418,0,2,0,1,1,0,1,1,0,1,1,0,0,1,2,1,0,1,1,1,0.10737520339660638,1.2702471336477457,1.2,0
419,0,1,2,1,1,0,0,0,0,0,0,0,1,1,0,0,0,0,0,1,1.202695191521543,0.7915850557039033,1.2,0
420,0,1,1,1,2,1,0,1,0,0,1,1,0,0,1,2,0,1,1,1,0.3763783158411517,-0.8680612927269262,1.2,0
421,0,1,0,0,0,1,0,1,0,1,1,0,0,0,0,1,0,0,0,1,-0.2434872753643125,0.11081482133113951,1.2,0
422,0,1,0,0,1,0,1,0,0,0,0,0,0,0,0,0,0,0,0,2,0.5561423165242707,-1.565942175503985,1.2,0
423,0,0,0,1,1,0,0,2,0,0,0,0,0,0,2,1,1,2,0,2,-1.1372728615354357,0.09206005178455201,1.2,0
424,1,0,0,1,2,2,0,0,1,1,0,0,0,0,1,0,0,1,1,0,-1.5235945511127964,-1.5178375445039896,1.2,0
425,1,2,0,0,1,0,0,0,0,0,1,0,1,1,1,0,1,0,1,1,-1.2216841896685702,0.557577261612638,1.2,0
426,0,1,0,0,0,0,0,0,0,0,0,0,1,1,0,1,0,0,0,1,0.6621070690854436,1.02423253756875,1.2,0
427,1,2,0,1,1,1,0,1,0,0,1,0,1,0,0,0,1,0,2,0,0.8051845778429153,0.6193619659106391,1.2,0
428,0,1,1,1,1,2,1,0,0,1,2,1,0,1,2,1,0,0,1,1,-0.8018394734825522,-1.4017170557708662,1.2,0
429,0,2,0,0,0,0,0,0,0,0,0,0,0,0,0,0,0,1,0,0,0.538640829630929,-1.5237442725109414,1.2,0
430,0,2,0,2,0,1,0,0,0,0,1,0,0,0,0,0,1,2,2,0,-0.17271493260783174,-0.488125397399389,0.6909867491102841,1
431,1,0,0,2,0,2,1,0,0,1,1,0,2,0,1,1,0,0,1,1,-0.2553004121654311,0.11032758156089223,1.2,0
432,0,0,0,2,0,0,1,1,0,0,0,0,0,1,1,0,0,0,0,0,-0.5165587288160008,1.654777733607906,1.2,0
433,2,2,0,0,1,1,0,0,0,0,2,0,0,0,2,0,1,1,1,0,-0.735245430590996,-0.014670148878378308,1.2,0
434,0,2,1,2,1,0,0,0,0,0,0,0,0,1,0,0,0,2,0,1,0.4873994935738186,-0.27583642467427383,1.2,0
435,0,0,1,1,0,0,1,0,0,1,0,0,0,0,0,1,0,0,0,0,-0.6579522064952464,-1.6097183396590748,1.2,0
436,0,2,1,0,1,1,1,1,1,0,0,0,0,0,2,0,0,1,0,1,-0.4559226421142289,0.025063442481177534,1.2,0
437,0,2,1,0,1,0,1,0,0,0,0,1,1,0,0,1,1,0,1,2,0.5308697552088425,0.5058055234121845,1.2,0
438,0,2,0,0,0,1,1,2,0,0,0,0,0,0,1,1,0,0,0,0,-1.0373353560147751,-2.9151435711541094,1.2,0
439,0,2,0,0,1,0,0,0,0,0,0,0,1,1,2,2,1,1,2,0,-2.298689113047746,-0.23478993845461926,1.2,0
440,0,2,0,0,1,0,0,2,0,0,0,0,1,0,0,1,1,0,0,1,1.4765551053201298,0.9569747524297717,1.2,0
441,1,0,0,1,1,0,2,0,0,0,0,0,0,2,1,0,1,1,1,0,-0.8068502811288961,-0.16143094716658574,1.2,0
442,0,1,0,1,2,0,0,1,0,0,0,0,0,0,2,0,0,2,0,0,-1.7274224566166385,-1.2925899044622022,1.2,0
443,1,1,0,1,0,0,0,0,1,1,0,0,1,0,1,0,1,0,1,1,0.1327846523818757,0.5746659560439098,1.2,0
444,0,1,0,0,1,1,0,0,1,1,1,0,1,0,0,0,0,0,0,1,0.11878598112936045,2.0061956458531305,1.2,0
445,1,0,0,1,2,0,1,0,0,0,1,0,0,0,1,0,1,1,1,1,0.4369498740459582,2.5505624150541277,1.2,0
446,0,2,1,0,1,0,2,0,1,0,0,0,0,0,0,1,1,1,2,0,-0.6579768982809971,0.25324611872324276,1.2,0
447,0,2,0,1,0,0,1,0,0,1,1,1,0,0,0,0,0,1,1,1,0.020409521370043277,-0.5144091124657744,1.2,0
448,1,0,1,0,2,1,0,1,0,1,0,0,0,0,1,0,0,0,0,1,-0.14209287129464623,0.9240778290187759,1.2,0
449,1,1,0,1,1,0,0,0,1,0,0,0,1,1,2,1,0,0,0,1,-0.9846274980536356,-0.07440952633692273,1.2,0
450,0,1,0,1,0,1,1,1,0,0,1,1,0,0,2,0,1,0,0,1,0.32032916559979474,1.16828178311081,1.2,0
451,1,0,0,0,1,1,1,0,0,1,0,0,0,0,2,0,1,0,0,0,-0.34808777966618026,0.49689495498351965,1.2,0
452,0,1,0,0,0,2,0,0,1,1,1,1,0,1,1,1,0,0,0,0,-1.7510950387405824,-1.8574681576729748,1.2,0
453,0,0,0,0,1,0,1,0,0,1,0,0,0,0,1,0,0,0,0,2,0.14106898827049055,0.36264554803301635,1.2,0
454,0,1,0,0,0,1,0,0,0,1,0,1,0,0,0,2,0,2,1,2,0.22899711675797174,-0.030086319499244674,1.2,0
455,0,2,0,1,1,0,1,1,0,2,1,0,1,0,1,0,1,1,1,0,-0.017802167328095187,0.9366241714296077,1.2,0
456,1,1,0,0,1,1,1,0,0,1,1,1,1,1,1,1,0,1,0,2,-1.5957988034733972,-0.7516446174736007,1.2,0
457,0,2,0,2,0,1,1,0,0,1,1,0,0,0,1,0,0,1,1,1,-0.281352730662281,2.520883168815119,1.2,0
458,0,1,0,1,2,0,1,0,0,1,0,0,1,0,0,1,0,1,1,2,0.15689747262898607,1.4892888105025328,1.2,0
459,1,1,0,0,0,1,2,0,0,0,0,1,0,0,2,0,1,0,1,0,0.801427817744704,-1.0866227540589843,1.2,0
460,0,1,1,1,1,0,1,2,1,1,0,0,0,0,0,1,0,0,2,0,1.3168082548294913,1.0492726524235578,1.2,0
461,0,1,1,1,1,0,0,0,0,0,1,0,1,1,2,0,0,0,1,0,0.6298965520040539,0.6933804339254972,1.2,0
462,1,1,0,2,1,1,1,0,1,1,0,0,0,0,1,0,0,1,0,0,0.5906967564370259,1.7410961361649855,1.2,0
463,1,2,1,0,1,0,0,1,0,0,0,0,0,0,1,0,0,1,0,1,-1.2231781215926214,1.2398408891783164,1.2,0
464,1,1,1,0,2,1,1,1,0,1,1,2,0,0,0,0,1,1,1,0,0.6523614291275674,0.17658693664381667,1.2,0
465,1,0,2,1,2,0,1,0,0,2,0,0,1,0,1,0,0,0,2,2,2.6622124131884606,3.3231206824387725,1.2,0
466,0,0,1,1,2,1,1,0,1,1,0,1,1,1,0,1,0,0,1,0,0.7076539309106824,-0.12239942773884566,1.2,0
467,0,2,0,1,1,0,0,1,2,1,0,0,0,0,2,0,1,1,0,2,-0.17437128850724148,-0.25112114931843676,1.2,0
468,1,2,0,2,2,1,0,0,0,1,1,0,0,0,0,0,0,0,0,2,-0.8612014792935708,1.0424325078216368,1.2,0
469,1,0,0,0,2,0,0,1,0,0,2,1,0,0,1,0,0,0,1,2,0.4631868389662408,1.7776379567332872,1.2,0
470,0,1,0,2,0,0,0,1,0,0,0,1,0,0,2,0,0,1,1,2,1.3087842895277468,0.5302124591566417,1.2,0
471,1,1,0,1,0,0,2,0,0,1,0,1,0,0,0,0,0,0,1,2,0.5486329256657781,0.2893144711421699,1.2,0
472,0,1,0,0,1,0,0,0,0,0,1,0,0,0,1,1,1,1,2,0,-1.0629170568160848,-0.753716502043595,1.2,0
473,1,0,0,1,1,0,0,1,0,0,0,0,1,0,0,0,0,0,1,2,0.2885316623388379,-0.004102410294145931,1.2,0
474,0,0,0,0,0,0,1,0,0,1,0,0,0,0,0,1,1,0,0,2,0.7809265023946699,0.7505654795736827,1.2,0
475,0,0,0,0,1,0,1,0,0,1,1,0,0,0,2,0,0,1,1,1,0.6252401531724515,0.15800946973821128,1.2,0
476,0,1,0,0,1,0,0,2,0,0,0,0,0,0,1,0,0,1,1,0,0.3284801573285499,-0.6802106703166017,1.2,0
477,0,1,1,1,2,0,0,0,0,0,0,2,0,1,1,1,0,2,0,1,-0.6015248852116827,0.24150548643408615,1.2,0
478,0,2,0,0,0,0,0,1,1,1,0,0,0,0,1,0,0,1,0,2,0.11995990742158054,0.0207786605388193,1.2,0
479,2,1,1,2,0,1,0,1,1,0,0,0,0,0,1,1,0,0,1,2,1.2711402897530475,1.160674881423675,1.2,0
480,1,2,0,1,0,1,0,0,1,0,1,0,0,0,2,0,1,1,0,0,-0.32255500097205286,1.0301204302772367,1.2,0
481,1,0,0,1,0,1,1,0,0,0,0,0,0,0,2,2,0,0,0,0,-0.6792145767728536,-0.1245399682657492,1.2,0
482,0,2,0,1,1,1,1,1,0,2,1,0,0,1,2,0,0,1,0,0,-0.12671109578947104,-0.329890471636687,1.2,0
483,1,2,1,0,1,1,1,0,0,0,0,0,0,1,1,0,0,0,1,0,-0.533694345256921,1.0538966600066133,0.5578795064583,1
484,0,1,0,2,1,0,0,0,0,0,0,0,0,0,0,0,1,0,2,0,-0.9500019135350525,-0.8150171335397237,1.2,0
485,0,1,1,2,0,0,0,0,0,0,1,0,1,1,0,0,0,1,0,2,-1.2397218945273691,0.7755828805742071,1.2,0
486,1,1,1,2,0,0,0,0,1,0,0,0,1,0,0,1,1,1,0,0,-1.8731297011043788,-0.39076546594601796,1.2,0
487,1,2,0,1,0,1,2,1,0,0,1,0,0,0,1,2,1,0,1,0,0.2328483557189876,0.41769250364754307,1.2,0
488,0,1,1,1,1,0,0,0,0,2,0,0,0,0,1,0,0,2,2,1,-0.5454080313898264,-0.784338566288916,1.2,0
489,1,0,1,1,0,1,0,0,0,0,0,1,0,1,1,0,0,1,0,1,-1.6169190245898097,-0.2011629808585906,1.2,0
490,0,1,0,1,2,1,1,2,0,2,1,1,0,0,1,1,1,0,0,2,-0.28652183185043595,-0.43605650632883797,1.2,0
491,1,2,0,0,0,1,0,0,0,0,0,1,1,0,1,0,0,1,2,0,-1.3984928555699805,-0.7022804943909939,1.2,0
492,0,1,0,1,1,0,0,0,0,1,0,0,0,0,1,0,0,1,1,0,1.352277039524349,0.4042043478673284,1.2,0
493,0,2,0,1,0,1,1,0,0,2,1,1,0,0,0,0,1,0,1,1,-1.735178552042544,1.9550160128855678,1.2,0
494,1,1,2,1,2,1,0,1,0,1,0,0,0,0,1,0,0,1,0,1,1.3742978902010607,0.5148375535546373,1.2,0
495,0,2,0,0,1,0,0,0,0,1,0,0,1,1,0,0,0,0,1,1,1.4039261546569064,2.2597203197505618,1.0490216977396432,1
496,0,2,0,2,2,1,1,0,0,0,1,0,0,0,2,0,0,0,0,1,-0.21557288903936403,-0.10738222941410962,1.2,0
497,1,1,1,0,1,0,0,0,0,0,2,1,0,0,0,1,0,1,1,1,-2.3965316159596797,-2.776287522397499,1.2,0
498,1,1,0,0,2,0,0,0,0,0,0,1,0,1,2,0,0,1,0,1,1.7604535705455027,1.6828896661947317,1.2,0
499,0,2,0,0,0,0,1,0,0,0,0,0,1,0,0,0,1,1,0,0,1.1206407836140286,0.801604182736366,1.2,0
500,1,1,1,0,0,1,0,0,0,0,0,0,1,2,1,0,0,1,1,0,-0.6433082439867553,1.7837727745700835,1.2,0
501,1,0,1,2,2,0,0,0,0,0,0,0,0,2,0,2,0,0,0,1,-0.4851022568260232,-1.1929350553413198,1.2,0
502,0,1,0,1,1,0,0,1,0,0,0,0,0,0,1,0,1,0,0,2,0.6940699428025979,1.1593806103612132,1.199727789268329,1
503,1,1,1,2,1,0,1,1,0,2,0,0,0,0,1,2,0,2,0,1,-1.5990001793754223,1.3295175538576982,1.2,0
504,2,2,1,0,1,1,1,0,0,0,1,0,0,0,1,0,1,1,1,0,0.6338481830946879,0.8689800646656013,1.2,0
505,0,0,0,0,1,0,2,0,1,0,0,0,1,0,0,0,0,1,1,0,1.1502721971632748,-0.6021405698079085,1.2,0
506,0,0,0,1,1,0,1,0,0,0,1,0,0,1,1,1,0,0,1,1,1.136921778781738,1.575264149418569,1.2,0
507,0,0,0,1,2,0,0,0,1,1,1,1,0,1,1,1,0,0,0,1,0.32423806001754607,-1.3511527656149995,1.2,0
508,1,0,0,2,1,1,0,0,0,0,1,2,0,0,0,1,0,1,2,1,-0.1900437008993913,1.6425022334313801,1.2,0
509,0,0,0,0,0,0,0,0,0,0,0,0,0,1,2,0,0,2,1,1,0.7680977681842893,0.9682934645361887,1.2,0
510,0,1,0,0,0,1,0,0,1,1,0,0,0,0,1,0,0,0,0,0,0.6220882932123292,0.5726501062215571,1.2,0
511,0,1,0,2,1,0,0,0,0,0,0,0,0,1,2,0,1,0,1,0,-3.5865761731863257,-2.3490773653667123,1.2,0
512,0,0,1,0,2,0,0,0,0,1,1,0,0,0,1,1,0,1,1,1,-0.18504245213322934,-0.28177832893947335,1.2,0
513,0,1,2,1,0,0,0,0,0,0,0,0,0,1,1,0,0,1,0,0,-0.5477421759447761,-1.1319894159353183,1.2,0
514,0,0,1,1,2,0,1,1,0,0,0,0,0,0,0,0,0,0,1,0,-1.5016828133437248,-0.48319252183583666,1.2,0
515,1,1,0,1,1,1,1,1,0,0,0,0,1,0,2,0,1,0,1,1,-1.0963694739679912,-0.7147598834663711,1.2,0
516,0,1,0,0,1,1,1,0,0,0,0,0,1,0,0,0,0,1,0,1,-0.2096451003807101,-0.46623649619734797,1.2,0
517,0,0,0,0,0,0,1,0,0,1,1,1,0,1,1,0,2,1,2,1,-0.02561581478730901,0.12894134394465692,1.2,0
518,1,1,0,1,0,0,0,2,2,0,0,0,1,0,1,0,0,1,1,2,1.6956732426956223,0.2310099721503499,1.2,0
519,1,1,0,1,1,1,0,0,1,1,0,0,0,0,0,0,0,1,0,2,1.2652493320661293,1.4206929135506523,1.2,0
520,1,1,0,1,0,0,0,0,0,0,1,0,0,2,1,2,0,0,0,1,-0.6152489581369909,1.319727837901201,1.2,0
521,1,0,1,1,2,0,2,0,1,1,0,0,0,0,0,1,1,0,1,2,0.6651666767747837,1.1888127346444979,1.2,0
522,0,1,0,1,0,1,1,0,0,0,0,0,0,0,2,0,0,0,0,1,-0.35438802238171174,-0.6409378257563975,1.2,0
523,0,0,1,1,2,0,0,0,0,2,1,1,1,1,1,0,0,0,2,1,-0.547352715398146,-1.0122101398732881,1.2,0
524,1,2,1,1,2,0,1,0,0,0,0,0,0,1,1,0,2,1,1,1,0.9596129650695424,0.2744234388678487,1.0423925303357215,1
525,1,1,0,1,0,1,2,0,0,0,0,1,0,1,1,0,0,1,1,0,-0.20091976210396,0.34550609019061,1.2,0
526,0,2,1,0,2,1,0,1,0,1,0,0,0,0,0,1,1,1,1,2,0.19517433674734064,-0.5218525440879958,1.2,0
527,0,1,2,1,0,0,0,0,0,1,0,0,0,0,1,0,0,0,1,1,2.208647063614556,1.8634372741407415,1.2,0
528,0,2,0,1,0,0,1,0,0,0,0,1,0,0,0,1,0,1,2,2,-0.09439035436623307,-0.3210431541262655,1.2,0
529,0,1,0,1,1,0,0,1,0,0,0,0,0,0,0,0,1,0,1,2,-0.2931601147656627,1.8004280904450378,1.2,0
530,0,1,0,1,2,0,1,1,1,0,0,0,0,1,0,1,0,0,0,2,0.08536209215055711,-3.6798899778770497,1.2,0
531,1,2,1,1,2,2,1,1,0,0,2,0,0,0,1,0,0,0,0,1,-1.8063285623325502,0.017667295404753425,1.2,0
532,1,1,0,1,0,0,0,1,0,0,0,1,0,0,2,0,1,1,0,0,-0.9072558804964895,-0.7249923511571417,1.2,0
533,0,1,1,1,1,1,0,0,0,0,0,1,0,0,0,0,0,0,1,1,-0.5028814983824631,0.5167172921801101,1.2,0
534,0,0,0,1,1,1,1,1,0,1,0,0,0,0,0,0,1,0,0,0,-1.2142520689241763,-1.634647662318022,1.2,0
535,0,2,0,2,1,0,2,0,0,0,0,0,1,1,1,1,0,1,1,2,0.11096379802815284,-0.24192053165666694,1.2,0
536,0,0,1,1,1,0,1,0,0,0,1,1,0,1,0,0,0,1,0,0,-1.074004227265441,-0.8418922492290472,1.2,0
537,0,0,0,1,0,0,1,0,1,1,0,0,0,0,1,0,1,1,0,1,-0.3652854304909846,-0.5178502920481715,1.2,0
538,0,1,0,1,1,1,0,1,1,0,0,1,2,0,1,0,0,1,1,1,-0.6752689600623153,-1.6985601979721918,1.2,0
539,0,0,0,0,2,1,1,1,0,0,1,0,0,1,2,1,1,0,1,1,-1.437642065203234,-1.8418873022786806,1.2,0
540,0,1,0,1,0,0,0,0,0,0,0,1,0,0,0,0,1,0,1,0,-0.830926168768459,0.39994258508988323,1.2,0
541,0,0,1,1,0,0,0,0,0,1,0,0,0,1,0,1,0,1,0,1,-1.0218299672457989,-1.0202543013013796,1.2,0
542,0,2,1,0,0,0,0,0,1,0,0,0,0,0,1,0,0,0,1,1,0.0656363783938484,0.15234541387442857,1.2,0
543,1,1,0,0,0,0,0,0,1,2,2,0,1,0,1,0,0,1,0,0,-0.04918734043844783,0.027832470994758315,1.2,0
544,0,2,1,0,1,0,1,1,0,0,0,0,1,1,1,0,0,1,0,1,0.5603963102795844,1.1151758524879187,1.2,0
545,0,2,0,2,0,0,0,0,0,1,0,1,0,0,0,0,1,1,2,1,-0.9888243681176067,1.127004608868343,1.2,0
546,1,0,0,1,1,0,1,0,0,1,0,1,0,0,1,1,0,1,1,1,0.2990100978326982,0.27802634791146175,1.2,0
547,1,2,0,0,1,0,0,1,1,0,0,0,1,1,0,0,0,2,0,0,0.08481833106890098,-0.9733863111723731,1.2,0
548,0,1,0,2,0,1,0,0,0,1,0,0,0,0,1,1,0,0,1,0,0.08814743556796405,0.6724962348684465,1.2,0
549,0,0,0,0,0,0,0,0,0,1,0,1,1,0,2,0,0,1,0,0,0.04222928204119329,-0.048341969453441436,1.2,0
550,1,2,0,1,1,0,1,0,1,1,0,0,0,1,2,1,0,1,1,0,-1.3094146582488133,1.2964325303686348,1.2,0
551,1,1,0,1,0,2,2,0,0,1,0,0,0,0,1,1,0,1,0,2,-0.7395092211518481,0.17378708094034157,1.2,0
552,1,1,1,0,1,0,1,1,0,0,0,1,0,0,1,0,0,1,1,1,0.48507392614633765,0.286544824944457,1.2,0
553,0,1,1,0,2,1,0,0,0,1,0,0,0,0,1,0,0,0,0,1,0.027628251271061333,0.8528067126850296,1.2,0
554,1,1,0,0,1,0,1,0,0,0,0,0,0,0,2,0,0,0,0,0,-0.7961016210946199,-0.922304294766714,1.2,0
555,0,1,0,0,1,1,1,0,0,0,0,0,0,0,0,0,0,1,1,1,-0.7234892585627282,0.30651573643781616,1.2,0
556,0,2,0,1,1,0,1,1,0,0,0,1,0,1,1,0,1,2,1,2,1.3411238287453058,-0.1402792861986531,1.2,0
557,1,1,1,1,1,1,0,0,0,0,0,0,0,1,2,0,0,2,0,1,-0.22079675771868928,-0.28321070225169154,1.2,0
558,1,2,0,0,1,1,1,0,0,0,0,1,0,1,1,0,0,0,0,1,0.6052753178974903,0.4831252064042692,1.2,0
559,1,1,0,2,1,0,0,1,0,0,0,0,1,0,0,1,1,2,0,0,-0.0824323804252066,-0.1625359172270418,1.2,0
560,1,1,0,1,1,1,0,1,0,1,1,0,0,1,1,1,0,0,2,1,1.9601959195341798,-0.792809524696145,1.2,0
561,1,1,0,1,1,0,1,0,0,0,0,1,1,0,1,1,1,0,0,1,-0.8172114497695016,0.9040232474388628,1.2,0
562,0,1,1,0,0,0,1,0,0,2,1,0,1,0,1,0,1,0,0,1,0.5312192347173855,0.1402627978093034,1.2,0
563,1,1,0,0,0,0,1,1,2,0,0,0,1,0,0,1,0,1,0,0,0.16299567564136083,-0.3589343285201976,1.2,0
564,0,1,0,2,2,0,0,0,1,0,0,1,0,0,1,0,1,0,0,0,0.21627851181121263,0.18168647548383193,1.2,0
565,1,0,1,1,0,0,1,0,0,0,0,0,0,0,0,1,0,0,0,1,-0.6416015072659754,-0.4575788139575371,1.2,0
566,0,1,0,1,1,0,0,1,0,0,0,0,0,0,1,1,1,2,1,0,0.8906262347591702,-1.1005825957434108,1.2,0
567,0,2,0,1,2,1,2,2,1,2,0,0,0,1,1,0,0,2,0,1,0.3949520443860178,-0.42793173999966705,1.2,0
568,1,0,1,2,1,0,0,0,1,1,0,0,0,1,0,0,1,0,0,0,2.977799922065719,2.4249422460270904,1.2,0
569,0,1,0,1,1,0,0,1,0,1,0,0,1,0,0,0,0,1,0,1,-1.0349612606200935,-0.6386020394296392,1.2,0
570,0,1,0,1,1,1,0,0,0,1,0,1,0,0,2,1,0,0,1,0,1.0611202563325703,-0.19924642116618163,1.2,0
571,0,2,1,0,1,0,0,0,0,0,0,1,0,0,1,1,1,0,1,1,0.17820376066464685,1.3902606274724603,1.2,0
572,0,2,1,2,0,1,1,1,0,0,0,0,0,1,1,1,0,0,1,0,0.9180066146377828,-1.1021009802597417,1.2,0
573,0,1,0,1,2,0,1,0,0,0,0,0,0,0,0,1,0,1,2,2,0.826631918666556,-2.0143016061503305,1.2,0
574,1,0,0,0,0,1,0,1,0,1,0,0,0,0,0,0,1,0,2,1,-1.009757262305313,0.32220384716026823,1.2,0
575,2,1,0,0,0,0,1,1,0,0,0,2,0,0,0,0,0,1,1,1,0.10644713031377483,0.8534148160825152,1.2,0
576,1,1,2,1,0,1,1,1,0,1,1,1,0,0,1,0,0,0,1,1,-1.8257040306799452,-1.5780845668421284,1.2,0
577,0,2,1,1,0,1,0,1,0,0,1,0,0,0,1,1,0,0,1,0,0.8700936924013759,0.09733605609389963,1.0879812726663682,1
578,0,1,0,2,0,1,0,0,0,1,0,0,0,0,2,1,1,0,1,2,0.13494748347463517,0.5095393127574576,0.6126581943735454,1
579,0,2,0,1,1,1,0,0,1,0,0,1,1,1,0,2,0,0,0,1,-0.9266703280222771,-1.4727354546748035,1.2,0
580,0,0,2,2,0,0,1,1,1,0,1,2,0,1,0,0,0,1,1,0,1.0737299343249984,0.5180901943484869,1.2,0
581,1,1,0,1,1,1,0,0,0,1,1,0,1,0,0,0,0,1,0,0,1.5696014540260603,0.9022528681927655,1.2,0
582,1,1,0,1,0,0,1,1,0,0,0,2,0,0,0,0,0,2,1,0,-0.10416910730149306,-0.49480393741437334,1.2,0
583,0,0,0,2,1,1,0,0,0,0,0,1,0,0,0,1,1,0,2,0,0.09181820429755495,1.2297598780684673,1.2,0
584,0,2,0,0,2,1,1,0,0,1,0,0,1,0,1,0,1,1,0,1,0.035416216199525105,1.1982168465624912,1.2,0
585,1,1,1,0,2,1,1,1,0,0,0,1,1,1,2,1,1,0,1,1,-0.42200730488301075,-0.31957580595712615,1.2,0
586,0,1,1,1,1,0,0,0,0,1,1,0,0,0,0,1,1,2,1,0,-0.037627961573010855,0.06895568153930254,1.2,0
587,1,1,0,2,2,1,1,1,0,0,0,0,0,0,0,0,0,0,0,0,-0.29792675885075015,0.5828773333157331,1.2,0
588,0,1,0,2,2,0,1,0,2,0,0,0,0,1,1,0,0,0,0,0,1.0425142726871186,0.12277982935464704,1.2,0
589,0,0,1,1,0,0,0,1,0,1,0,1,0,0,0,0,0,0,0,1,-0.703226967175443,0.5653935324010266,1.2,0
590,0,1,0,1,1,1,1,2,1,2,2,1,0,1,1,0,1,2,1,0,0.35117515149850564,-1.5456825536567902,1.2,0
591,1,2,0,0,1,1,0,2,0,1,0,1,0,0,1,0,0,0,0,1,-1.9179328116473586,-0.37832665730043974,1.2,0
592,1,1,1,0,1,1,0,0,1,0,0,0,0,1,0,0,0,1,1,1,0.03825987867313982,-0.052338817182160796,1.2,0
593,0,2,1,1,0,0,0,1,0,2,0,0,0,0,0,0,1,1,0,0,-0.5689414726968711,-0.06595039300101616,1.2,0
594,0,1,0,1,1,1,0,1,0,1,0,0,0,1,1,0,1,0,0,1,-0.27264863525147154,0.35943994037799676,1.2,0
595,0,1,0,2,2,1,0,0,1,0,0,0,0,2,1,0,0,0,0,1,-0.8624342687664777,-0.16130945597856416,1.2,0
596,0,1,0,0,1,1,0,0,0,0,0,0,0,0,1,0,0,1,0,1,0.42768919306669595,-1.5408733028727002,1.2,0
597,0,1,1,1,2,0,1,0,0,0,0,0,1,0,1,1,1,1,0,1,0.0993449468816101,0.266807079641166,1.2,0
598,0,0,1,1,1,1,1,0,0,1,0,0,0,1,0,0,0,0,0,1,-0.791185667937648,0.2080168943513655,1.2,0
599,0,0,1,2,1,2,1,1,1,0,2,1,0,1,0,0,1,1,0,0,-0.762347287614813,-1.2750503886365094,1.2,0
600,0,1,0,0,2,1,1,0,0,2,0,0,0,2,1,1,1,1,2,1,0.8640903840548597,-1.0304697992257836,1.2,0
601,0,0,1,0,2,0,0,0,1,1,0,0,0,0,1,0,0,0,1,1,0.1703908446909758,-0.11735169576900284,1.2,0
602,1,1,1,0,1,0,0,1,0,0,2,0,0,0,0,0,1,0,0,0,-0.4311540259351119,-2.055373107403581,1.2,0
603,0,0,0,2,0,0,0,0,0,0,0,0,0,0,2,1,1,0,0,0,0.5682104731643669,0.702113580043321,0.2680564231083922,1
604,0,2,0,1,0,2,0,0,1,0,0,0,1,0,0,0,1,0,1,1,-0.17745817828378077,0.937459067443987,1.2,0
605,1,2,0,0,2,1,1,0,0,0,0,1,0,0,2,0,0,0,0,1,0.9383374766856035,0.8753616264860529,0.361553772034634,1
606,0,2,1,0,2,0,0,0,1,1,0,0,1,2,0,0,0,1,0,1,-1.191167332034414,-0.14167635027748093,1.2,0
607,0,1,1,0,1,0,0,1,0,0,0,1,0,0,0,0,0,0,0,2,0.3024591993499559,-0.026360827094250694,1.2,0
608,0,2,0,0,2,0,1,0,1,0,1,1,1,0,1,1,0,1,1,1,-0.9547581291036668,-1.9124096486003892,1.2,0
609,0,0,0,2,1,1,0,1,0,0,2,0,0,1,2,1,0,1,1,1,0.1707316093535648,-1.1239401450299389,1.2,0
610,1,2,0,2,1,0,1,0,0,0,2,0,0,0,0,1,0,0,0,0,-0.5697337898624402,-0.6466054564154273,1.2,0
611,0,1,0,0,2,0,0,0,0,0,0,0,0,0,0,1,0,1,0,0,0.03082600287579821,0.4351205654564244,1.2,0
612,0,0,0,1,1,1,1,2,0,0,0,0,0,2,0,0,1,2,1,0,-0.5535661593580695,-0.9648715232957623,1.2,0
613,0,1,0,0,2,0,1,0,0,2,1,1,0,0,1,1,0,2,1,0,0.3121222580652889,-1.0889048172681173,1.2,0
614,0,1,0,0,2,1,1,0,0,1,0,0,0,0,1,0,0,0,1,1,1.1841093758630847,1.5278124210924227,1.2,0
615,0,0,1,2,1,0,0,1,0,1,0,0,0,1,1,0,0,1,1,0,-0.36189176508342896,0.6457775211918271,0.22067252387368502,1
616,0,2,1,0,0,0,0,0,0,0,0,0,0,0,1,0,0,1,0,1,0.363825543960776,-0.891786569415698,1.2,0
617,0,0,0,0,0,1,0,0,2,1,0,1,1,0,0,0,0,0,0,0,0.3360120911490396,-0.6381463514072561,1.2,0
618,1,0,0,1,1,0,0,1,0,0,1,1,0,0,0,0,0,2,1,0,1.8792200534725496,-0.7561750100656606,1.2,0
619,0,1,0,2,0,0,0,0,0,1,0,0,0,0,0,0,0,0,1,1,-2.619255826714864,-0.6116586727365643,1.2,0
620,0,2,0,2,0,0,0,2,0,0,1,1,0,0,0,0,0,0,1,1,0.4708519247614028,-0.1875069449441827,1.2,0
621,1,2,0,1,0,1,0,0,0,1,1,1,1,0,1,1,0,1,1,1,-1.3413134048957556,-0.03202541853595944,1.2,0
622,0,2,0,0,1,0,2,0,1,2,0,0,0,0,1,0,1,1,0,1,0.5336386134873473,0.17011902575978446,1.2,0
623,0,0,1,1,1,0,0,0,1,1,0,1,0,0,0,0,0,0,1,1,-0.21704338227638303,0.24723792280901613,1.2,0
624,0,1,1,0,2,1,0,1,0,0,0,1,0,0,1,0,0,1,0,1,0.9286702928490881,1.274486429668165,1.2,0
625,0,0,0,1,1,1,0,0,0,0,1,2,0,0,0,1,0,2,1,0,-0.8253967807570365,0.8219144728985655,1.2,0
626,0,1,0,1,2,1,1,1,1,0,0,0,0,0,0,1,0,1,0,0,2.2905596414799634,-0.5956343346483414,1.2,0
627,0,2,1,1,2,1,1,0,0,0,2,1,0,1,1,0,1,0,1,0,0.9475822096530924,1.1731656644744617,1.2,0
628,1,1,0,1,0,0,1,0,0,1,0,0,0,1,0,0,0,1,0,1,-2.1016095826456143,-1.6878400629819446,1.2,0
629,0,0,1,1,1,1,1,0,0,0,1,0,1,0,1,0,0,1,1,1,1.7728681529312142,1.0461250719473862,1.2,0
630,0,1,1,1,1,0,0,0,0,0,0,1,0,0,1,2,0,0,1,0,-1.1277822057020355,-2.0900349965580483,1.2,0
631,0,1,1,1,1,0,1,1,1,1,0,2,1,0,1,0,0,0,0,0,-1.5621961538901044,-1.4922511072993756,1.2,0
632,1,1,1,2,0,0,0,0,0,0,1,0,0,0,1,1,0,0,0,2,1.717543850169162,1.3553369191759037,1.2,0
633,0,1,0,0,0,1,0,0,0,0,0,0,0,1,0,0,0,1,0,1,2.111217218484025,0.30167615765402456,1.2,0
634,0,0,0,1,1,0,0,0,0,0,1,0,0,0,0,0,0,0,1,1,0.49612358523064587,0.5213884581905783,1.2,0
635,1,1,0,0,0,0,1,0,0,0,0,1,1,1,2,1,0,1,1,0,1.8234240453596542,0.7997723246871011,1.2,0
636,0,1,0,0,0,1,0,1,0,1,1,1,0,1,1,1,0,0,2,0,1.0408268430154655,-0.4067464192303017,1.2,0
637,1,1,0,1,2,1,0,1,0,0,1,1,0,1,0,1,0,1,0,0,-1.7329772147949394,-1.1376566724994546,1.2,0
638,0,1,1,1,0,0,0,1,0,0,0,0,1,0,1,1,0,2,2,1,-0.9280727821281619,-0.03735848453209783,1.2,0
639,0,2,0,0,1,0,2,1,0,1,1,0,1,0,0,0,0,2,0,1,0.5835728465992169,0.351331913612347,1.2,0
640,0,2,0,0,1,2,1,1,0,2,0,0,0,0,1,0,0,0,1,0,-0.6629589519614763,-0.33858276155916095,1.2,0
641,1,2,0,1,0,0,0,0,0,1,1,0,0,0,1,0,0,2,0,0,0.7888199931604445,1.1309337866816855,1.2,0
642,1,1,1,1,1,1,2,0,0,1,0,0,0,1,1,0,0,1,1,0,-0.00008377165950903908,-0.7049573036892736,1.2,0
643,1,2,0,1,1,1,1,1,1,0,0,1,0,0,2,0,0,0,1,2,0.6710471053266438,0.6165101392220736,0.4411432010988907,1
644,1,1,0,1,0,0,1,0,1,1,0,1,0,0,1,1,0,0,0,1,-0.47902820063868695,1.2010239455351246,1.2,0
645,0,0,0,1,1,1,0,1,1,1,1,0,0,0,2,0,0,1,0,0,0.45544191752748064,0.1285229317901505,1.2,0
646,0,1,1,1,2,1,0,0,0,1,0,1,0,0,2,1,1,1,0,0,-0.14945415484682445,0.2241761770924493,1.2,0
647,1,1,2,0,1,1,0,1,0,0,0,0,0,0,0,1,0,1,1,0,0.4786727013196733,0.37070703849711584,1.2,0
648,1,0,0,1,1,0,2,1,0,0,1,0,0,0,1,0,1,0,0,1,1.2803976895587517,0.7542062077747872,1.2,0
649,0,1,0,1,1,1,1,0,0,1,0,0,0,0,2,1,0,0,0,1,-1.0463619905263677,0.5347964870192411,1.2,0
650,1,1,1,1,0,0,1,0,0,0,0,0,0,0,1,1,1,0,0,1,-0.6081347535782617,-0.09315464688945116,1.2,0
651,0,1,0,1,1,0,0,0,1,1,0,0,1,0,0,0,1,1,0,1,-1.088317031852189,0.13778285473669571,1.2,0
652,0,0,0,1,1,0,0,0,0,1,2,0,0,0,1,1,0,1,1,1,-0.12877754681636697,1.1432738361929091,1.2,0
653,0,1,1,1,1,1,1,0,0,1,0,0,0,0,2,1,0,0,1,0,1.543633302962074,-0.8991050630582067,1.2,0
654,0,0,0,0,1,1,0,0,0,2,0,1,0,0,1,1,0,1,1,0,-1.1705063326941787,-1.2364823354771848,1.2,0
655,0,0,0,1,1,0,1,1,0,1,0,1,0,0,0,0,1,2,1,0,3.200156438841716,0.24809595007333207,1.2,0
656,0,1,1,0,1,1,0,0,0,0,1,0,1,1,0,0,0,1,2,0,0.3775102055638679,0.341959500976189,1.2,0
657,0,2,1,1,1,0,0,0,0,1,1,0,1,0,2,0,0,0,0,1,-3.3796636328292458,-2.215790101079641,1.2,0
658,2,1,0,0,0,0,0,0,0,0,0,0,0,1,1,2,0,2,1,1,-0.324604067366372,-0.928246872760378,1.2,0
659,0,1,0,1,0,0,1,0,0,1,1,1,0,0,0,1,1,1,1,1,0.0758684057698789,0.26822605376301434,1.2,0
660,1,1,1,0,1,2,1,1,0,1,1,2,0,0,0,1,0,0,1,1,2.098901302742721,-0.30429609193280704,1.2,0
661,2,0,1,1,0,1,0,2,0,0,0,1,0,0,2,1,1,0,0,1,-0.08381581050337573,-0.9806841668464715,1.2,0
662,0,0,1,0,0,0,1,1,1,1,1,0,0,1,0,0,0,1,1,1,-0.4545559785144213,0.016423144871040185,1.2,0
663,0,2,1,1,1,0,1,0,1,2,0,1,1,0,1,1,0,0,0,1,-1.070914878404186,-0.738067862406584,1.2,0
664,0,2,0,0,1,0,0,0,0,2,0,1,0,0,1,0,0,1,0,2,-0.5089066245805262,0.9592622683345181,0.45116418639271155,1
665,0,0,1,1,0,1,0,0,1,1,0,1,0,1,1,1,1,1,1,0,0.1608642732724322,-1.4180547964155399,1.2,0
666,0,2,1,1,2,1,0,0,1,0,1,0,0,0,0,0,0,0,1,1,1.0517019175522953,0.19203126961521683,1.2,0
667,1,2,0,1,0,1,0,1,1,1,0,0,0,0,0,0,0,0,2,0,1.6128368083772313,0.12087871723286692,1.2,0
668,0,0,0,2,1,0,1,0,0,0,1,0,1,0,2,0,0,1,1,0,1.3391239865990168,1.0856902570102551,1.2,0
669,1,1,1,1,1,2,1,0,0,2,0,0,0,0,1,0,0,0,0,1,0.455378991662161,0.8907296792292521,1.2,0
670,0,1,0,1,2,2,1,0,0,0,0,1,1,0,1,0,0,1,1,1,-0.046862258331590426,-0.20331094697435234,1.2,0
671,0,2,0,2,0,0,0,0,0,0,0,0,0,0,1,0,1,0,2,0,-1.1241521783226316,-1.096763753866188,1.2,0
672,0,1,0,1,0,0,1,0,0,2,0,0,1,1,2,1,1,0,0,1,2.0720773175534677,1.0204990304933634,1.2,0
673,0,1,1,1,1,0,0,0,0,2,0,0,0,0,0,0,2,1,0,0,-2.3720267405159046,-1.277417578264736,1.2,0
674,0,0,1,1,0,1,1,0,1,0,0,1,0,0,1,2,0,0,0,2,0.6860875212299519,0.4117704897982296,1.2,0
675,0,1,1,1,1,1,1,0,0,0,0,0,0,0,0,1,0,1,0,0,-0.6135909204042265,-1.1450167692922113,1.2,0
676,0,2,0,2,1,1,1,0,0,0,0,1,0,0,0,0,0,1,0,0,1.1424110918769956,0.3934144208728081,1.2,0
677,0,1,0,0,0,0,1,0,0,1,1,0,0,1,0,0,1,1,0,0,0.5038752969011597,0.31043502372622855,1.2,0
678,1,1,0,0,2,1,0,0,0,1,0,0,0,0,0,0,0,0,0,0,1.4936344688445733,1.2564400057735372,1.0986102163761966,1
679,0,1,1,2,1,1,1,0,0,1,0,0,0,0,1,1,0,1,0,2,-0.8475984592548739,0.23459402758771788,1.2,0
680,0,0,0,0,1,0,0,0,0,1,0,1,1,0,0,0,1,1,0,1,1.1066407957601319,1.7502407665668793,1.2,0
681,0,2,0,0,1,1,0,0,0,1,1,0,2,0,2,1,0,1,0,2,0.582121157750894,1.1583201822574412,1.2,0
682,1,1,1,2,1,1,0,0,0,1,0,0,0,0,2,0,0,0,1,1,-0.14748422703602163,-0.013955698167384512,1.2,0
683,0,1,0,1,0,0,2,0,0,0,2,2,0,1,1,1,1,0,1,1,0.6677011311987516,-0.6694162170179194,1.2,0
684,0,2,1,1,1,1,0,0,0,0,0,0,0,0,2,0,0,0,1,1,-0.3564401064125033,0.5678965529557911,1.2,0
685,1,1,0,1,0,0,0,0,0,0,0,0,0,0,1,1,0,1,1,0,-1.089277418917996,0.46282778304785743,1.2,0
686,1,0,1,1,2,0,1,0,1,0,1,1,0,0,1,2,0,0,0,1,0.1959359448699938,-1.8293427338241885,1.2,0
687,1,1,0,2,0,1,1,0,0,1,1,0,0,0,1,1,0,0,0,1,-0.5872089385315192,0.2466665606505117,1.2,0
688,1,1,2,1,0,1,0,1,0,1,0,0,1,0,2,1,0,1,0,2,0.7192869034306798,-0.5864861123314713,1.2,0
689,2,2,0,0,2,1,0,0,0,1,0,2,1,0,2,1,0,0,1,1,-0.6576187871663892,-0.192089102730009,0.9352105804696885,1
690,1,2,1,1,0,1,1,1,0,1,1,1,0,1,1,0,0,1,1,2,-0.06215337842897741,-0.845092480999762,1.2,0
691,0,1,0,1,1,0,0,0,0,1,0,0,1,0,2,1,0,1,0,0,0.6041641071881135,1.1162526083640434,1.2,0
692,0,2,0,1,1,0,1,1,0,0,0,0,0,2,1,0,0,1,2,0,1.179132953607217,0.4946852100768138,1.2,0
693,0,0,0,0,1,1,1,1,0,1,0,0,0,0,0,0,1,0,1,1,-0.48212815122270913,1.1847476390634637,1.2,0
694,0,2,1,0,1,0,1,0,0,0,0,1,1,1,1,1,1,1,1,1,0.5693103977337096,-0.14662781097466193,1.2,0
695,0,2,0,1,0,0,0,0,1,1,0,1,0,1,2,1,1,0,0,2,-0.2606691812683127,0.8407871461952697,1.2,0
696,0,0,1,0,0,1,1,0,0,1,1,0,0,1,1,1,2,1,0,1,-0.5140115759263075,-1.1114596619596688,1.2,0
697,0,0,1,0,0,1,0,0,0,1,0,1,0,0,1,0,0,0,0,0,0.7367957935153439,1.0745166098134153,1.2,0
698,0,2,0,1,1,0,1,1,0,1,0,1,0,1,2,0,0,1,1,0,-0.05580945879035411,2.1723327102998584,1.2,0
699,1,1,0,0,1,0,1,1,0,1,0,0,0,0,0,2,1,0,0,0,-0.5568205843466849,-0.3385754698822506,1.2,0
700,1,0,0,0,1,0,1,0,1,0,0,0,0,0,1,0,2,1,0,0,-0.8018594805499805,1.555824836061346,1.2,0
701,1,1,0,2,1,0,1,0,1,1,2,0,0,0,1,1,0,0,1,1,0.3752064163978881,0.7040820947053115,1.2,0
702,1,2,0,0,2,0,1,1,0,1,0,1,1,0,0,1,1,2,0,1,-0.6404088320340926,-0.6807905085372954,1.2,0
703,1,1,0,1,0,1,1,0,0,1,1,1,0,0,0,1,0,0,0,1,0.4513085126166496,1.697441023556571,1.2,0
704,0,1,0,0,0,0,1,0,0,0,1,1,0,0,2,0,1,0,0,0,-0.3761836251785395,-0.7664917771735871,1.2,0
705,0,1,0,2,2,0,0,1,1,1,0,0,1,2,1,0,0,1,1,0,1.359355416237584,2.7779391476809177,1.2,0
706,1,1,2,2,0,0,0,0,0,1,0,1,0,0,1,1,1,0,0,1,-0.03492674580027476,0.2767772004122818,1.2,0
707,0,2,0,2,1,1,0,0,1,1,1,0,0,0,0,0,0,0,0,1,-1.3852832530476495,-0.7459029869044421,1.2,0
708,0,1,0,1,1,0,0,2,0,0,0,0,0,0,0,1,0,0,0,1,1.5671648210261326,-1.0354689950331564,1.2,0
709,0,2,1,1,1,0,0,0,0,1,0,2,1,0,2,1,1,1,0,0,0.0179880321245919,1.2820233913602646,1.2,0
710,1,1,0,0,1,1,0,1,0,1,0,0,0,0,0,1,0,0,1,0,-0.9514443223418257,-1.6501609087668587,1.2,0
711,0,1,1,0,1,0,0,0,0,0,0,0,1,0,0,2,0,1,1,0,-1.9818178742422856,-1.258631026281532,1.2,0
712,0,2,0,1,2,0,0,0,0,0,0,0,1,0,1,1,0,1,1,1,0.14041759321271285,0.08659934753843249,1.2,0
713,0,1,0,2,0,1,0,0,1,0,0,1,0,0,1,0,0,1,1,0,1.7580152032995817,1.1075473025072031,1.2,0
714,0,0,1,1,2,0,1,0,0,1,0,0,0,0,2,0,1,0,2,1,0.8655074732057813,0.6921906390330712,1.2,0
715,1,1,1,1,1,0,0,0,1,0,0,0,0,0,1,0,0,1,0,1,0.31915755814821894,-0.878406273916671,1.2,0
716,0,1,0,1,1,1,0,1,0,1,1,0,0,1,1,1,0,2,1,0,0.17402670689862748,1.0177218419180236,1.2,0
717,0,0,0,1,1,1,1,0,0,0,1,0,0,1,0,1,1,2,0,0,-0.05497833142880353,-0.6757094856664421,1.2,0
718,0,0,1,1,1,0,0,1,1,0,1,0,0,0,1,1,0,0,0,0,-1.1671254412699097,-0.4497319303839128,1.2,0
719,1,0,0,1,0,1,2,0,2,0,0,0,0,0,1,1,0,1,1,1,0.8657218963342417,-0.007342123814468235,1.2,0
720,0,2,0,0,0,0,0,0,0,1,0,0,0,1,0,1,0,1,0,0,0.8395383829718105,0.012045389510187493,1.2,0
721,2,0,0,1,2,0,1,0,0,0,0,0,1,0,1,0,0,1,2,0,-1.3851781598528647,1.6279368602711608,1.2,0
722,0,1,0,1,1,0,0,0,0,0,1,0,0,1,0,1,0,1,0,0,1.3773144198889435,-0.10018083991581336,1.2,0
723,0,1,0,2,1,0,2,1,0,0,1,0,0,0,1,0,1,0,0,1,-1.0971056576190314,-1.1533277850636912,1.2,0
724,1,2,1,0,0,1,1,0,0,1,0,1,0,0,1,0,0,1,0,2,1.0366188570764765,1.3563219233479593,1.2,0
725,1,0,0,1,1,0,0,1,0,1,0,1,0,0,0,0,0,1,0,1,-0.8235337900072806,-0.6889993078219325,1.2,0
726,0,1,0,1,0,0,1,1,0,0,0,0,0,2,1,0,0,0,0,0,-0.8786548489234326,-0.4120352861918088,1.2,0
727,1,0,2,1,0,0,0,0,0,2,0,0,1,0,0,0,1,0,0,1,-1.389078624866591,0.6097714601230603,1.2,0
728,1,1,0,0,1,1,0,1,1,1,0,0,0,1,1,1,0,0,1,0,-1.421376155016563,-0.9695293090209156,1.2,0
729,1,1,1,1,2,0,0,0,1,0,0,1,0,0,1,1,0,2,0,0,0.9554084023348381,-0.47907171537502447,1.2,0
730,2,1,2,0,1,0,1,0,1,1,0,0,2,0,1,0,0,0,2,2,0.6319669128604143,2.5067192237039677,1.2,0
731,1,2,0,0,1,1,0,1,0,1,0,0,1,0,1,0,0,0,0,2,-0.2453176904355711,0.1576253042624139,1.2,0
732,1,1,0,1,1,0,0,0,0,0,0,0,0,0,2,0,1,0,1,1,-2.2151603352057183,-0.8706437659607855,1.2,0
733,1,1,0,1,1,1,0,1,0,0,1,0,1,1,2,0,0,1,2,1,0.6494722115472309,0.11678703375309293,1.2,0
734,0,1,1,0,0,2,1,1,1,0,0,0,0,0,0,1,0,0,1,1,-0.5878992432477391,-0.8928001037328643,1.2,0
735,0,2,0,2,2,0,1,0,0,0,1,0,0,0,0,0,0,0,1,1,-1.232641856874415,-0.2879558057156,1.2,0
736,1,2,0,1,1,0,2,1,0,0,1,1,0,0,1,1,1,1,1,1,-0.3170193596555935,-2.0929146630908892,1.2,0
737,0,1,0,1,2,0,2,0,0,2,1,0,1,0,1,2,0,1,1,0,0.27629695997842846,-0.28549299742740025,1.2,0
738,0,1,0,2,2,1,0,1,0,0,1,2,0,0,0,0,0,1,0,0,0.3453770945499796,-1.0515651408452589,1.2,0
739,1,0,1,1,1,1,0,1,0,0,1,0,0,0,0,0,0,0,1,1,1.1679129160312682,1.3726265847770107,1.2,0
740,1,1,0,0,1,0,0,2,0,2,1,0,0,0,1,0,0,2,1,1,0.17126141037458958,-1.1133981886796582,1.2,0
741,0,1,0,1,1,1,2,1,0,2,2,0,1,0,1,0,0,0,1,1,0.33185003004274527,0.09779641827811242,1.2,0
742,0,1,0,1,0,1,1,0,1,1,0,0,0,1,1,0,0,0,1,1,0.4662198711925876,-0.8990249904105669,1.2,0
743,1,0,0,1,2,1,1,0,0,0,0,0,0,0,1,0,1,0,2,0,0.8402885747003643,1.2014659840034974,1.2,0
744,1,0,0,1,1,0,0,0,0,0,1,0,1,0,0,0,0,0,0,0,0.2557829284615707,-0.0680759967452455,1.2,0
745,0,1,1,1,0,0,2,0,1,0,0,1,0,0,1,1,1,2,2,0,-0.2623924848260279,-0.036829632458204836,1.2,0
746,0,0,1,0,1,1,1,0,0,0,0,0,0,0,1,1,0,1,1,0,-0.7452785515131354,-0.8729895435364735,1.2,0
747,1,2,0,2,1,0,0,1,0,0,1,0,0,0,2,1,0,2,1,1,0.38238689176752505,0.9209769566278172,0.7877070527605539,1
748,1,0,1,0,1,1,1,1,0,0,1,1,0,1,1,0,0,1,0,1,-0.3280233214867368,-1.8879802339706586,1.2,0
749,1,1,1,1,1,0,1,1,0,0,0,0,0,0,0,1,1,0,1,0,0.5432090900255632,0.5183566427322912,0.6881514831839961,1
750,0,0,0,1,0,1,0,0,0,0,0,1,0,0,0,2,0,0,0,0,0.5061041787176056,0.5926438204088329,1.2,0
751,0,0,0,1,1,0,1,0,1,1,1,0,0,0,1,0,0,0,0,0,-1.8268555457593167,-1.4377484574258719,1.2,0
752,0,0,0,1,1,1,0,1,0,0,0,0,0,0,2,1,0,1,1,1,-0.3376435602415032,0.34357188450070686,1.2,0
753,0,1,0,0,1,1,0,0,0,1,0,0,0,0,0,0,0,1,0,1,0.8552319458666185,0.23989595266087152,1.2,0
754,0,0,1,2,0,0,1,1,0,0,0,0,0,0,1,0,0,0,1,1,0.6072438481358642,1.6919279862039178,1.2,0
755,1,1,1,0,2,1,0,0,0,2,0,1,0,0,2,0,1,0,0,1,0.37574415958988766,1.8507679852391918,1.2,0
756,0,2,0,2,0,0,0,0,0,1,0,0,0,0,1,1,0,0,2,0,-0.698659620821397,1.9876552257609459,1.2,0
757,1,1,0,0,1,0,1,1,0,1,0,0,0,0,2,0,0,1,2,0,0.818524726492728,0.05864255631451887,1.2,0
758,1,0,1,1,0,0,0,1,0,0,0,0,0,0,0,2,1,0,2,1,-1.277161628432467,1.097889286471257,1.2,0
759,0,0,1,0,0,1,1,0,0,1,0,1,0,0,1,1,0,2,1,0,0.5330272504606993,-2.0115172596507573,1.2,0
760,1,1,1,2,0,1,1,0,0,1,0,0,0,0,1,2,0,2,0,1,-0.027198126005948824,0.6438831184807869,1.2,0
761,0,1,0,1,1,0,0,0,1,0,1,0,1,1,2,1,0,0,1,1,0.5761559699389662,-0.9378330208262649,1.2,0
762,0,2,1,1,1,0,0,1,1,1,0,2,0,1,1,1,0,1,1,0,1.2445569583429263,-0.5326385133599535,1.2,0
763,1,1,2,1,1,0,0,1,1,0,0,0,1,0,1,1,0,0,1,2,1.1723261436692183,1.8318432450255209,1.0912997238975655,1
764,0,1,1,1,2,1,1,1,0,2,1,1,0,0,2,1,0,1,1,0,-1.6088371050196086,-1.9656590696771394,1.2,0
765,1,2,0,0,0,1,1,0,0,1,0,0,1,0,0,1,0,1,0,0,0.9870031217200035,0.6055484431977005,1.2,0
766,0,0,1,1,1,0,0,0,0,1,0,0,0,0,0,0,0,0,0,0,-0.9167207068693818,0.877270337758898,1.2,0
767,0,1,1,2,0,0,0,0,0,1,0,2,0,0,1,1,0,0,2,0,-0.27808099949693976,0.5924341162718257,1.2,0
768,1,1,0,0,0,1,0,0,0,0,0,0,0,0,0,1,0,1,0,2,-0.42319283763431426,-1.2795205934104759,1.2,0
769,1,1,0,2,2,0,0,0,0,2,1,0,0,1,2,0,0,0,2,1,-1.282208893244639,0.13177878163819612,1.2,0
770,0,0,0,1,1,0,1,1,1,0,1,1,0,0,1,0,0,0,1,0,-1.8926700407749237,-0.167919375407531,1.2,0
771,1,2,0,1,0,1,0,0,1,0,1,0,0,0,0,0,1,1,1,1,0.9780769571165082,1.2068536419329796,1.2,0
772,1,1,1,0,2,0,1,1,0,0,0,0,0,0,0,2,0,0,1,1,-0.2874486830987033,-0.5271222066459386,1.2,0
773,1,0,1,1,1,0,0,1,0,1,1,0,0,1,2,0,1,1,0,1,-0.4733078981454421,0.7015249922576792,1.2,0
774,0,1,0,1,0,1,0,0,0,1,1,1,0,0,1,1,1,0,1,0,-0.6549186856306417,-1.0617931954594277,1.2,0
775,1,2,1,0,0,1,1,1,0,1,0,0,0,0,0,0,0,0,0,1,0.8233339342076561,1.7906305175417165,1.2,0
776,0,1,1,1,1,1,0,0,0,0,0,0,0,0,0,0,0,2,0,2,0.35204963982521287,-0.824694529167527,1.2,0
777,0,1,0,2,1,1,0,0,0,0,0,0,1,0,0,0,0,1,1,1,-0.03684323867591657,0.6578492032570703,1.2,0
778,1,2,0,1,0,0,1,2,0,1,1,0,0,0,1,0,1,1,1,0,-0.934640532991064,0.4208733451676473,1.2,0
779,0,1,0,1,2,0,1,0,0,1,0,0,0,1,0,0,0,1,1,0,0.7359501677874284,-1.2378374419572005,1.2,0
780,0,2,1,2,1,0,0,0,1,1,0,1,0,0,0,0,0,0,1,1,-0.21876001923731134,0.48217572341267945,1.2,0
781,0,1,0,1,1,0,1,0,0,1,1,1,2,0,0,1,2,1,0,1,0.618005213847334,1.2707710984686433,1.2,0
782,1,0,1,0,0,0,0,1,0,0,0,0,0,0,0,0,2,0,1,1,0.6708553237268128,1.2664068093180982,1.2,0
783,0,1,0,2,2,0,0,1,0,1,0,0,0,1,2,1,0,0,0,0,-0.05445987653076666,1.1714856006514403,1.2,0
784,0,1,0,0,1,0,0,0,0,0,0,0,0,0,0,0,0,0,0,2,-1.05411739602908,-1.1987252630145036,1.2,0
785,0,2,0,2,1,0,1,0,0,1,0,0,1,1,1,1,2,0,1,1,0.31864700148143416,1.5803590779571959,1.2,0
786,0,1,1,1,1,1,1,0,0,1,1,1,0,0,1,0,2,1,1,1,-0.46831404681407296,-0.10770158394184041,1.2,0
787,0,1,0,0,2,0,0,1,1,0,0,0,0,0,1,0,0,0,1,1,-0.8380058361753403,-0.18247130701217035,1.2,0
788,0,1,1,0,2,1,0,1,1,0,1,0,0,0,0,0,0,0,1,0,-0.0778102078936397,-1.8079623100303759,1.2,0
789,0,1,0,1,1,1,0,0,1,0,1,0,0,0,0,0,0,0,0,0,0.6804040407292848,0.7219254607417391,1.2,0
790,0,0,0,0,0,1,0,0,0,0,0,0,0,0,1,1,0,0,0,0,-2.0866756236292683,-1.737135871890176,1.2,0
791,1,0,1,0,1,1,1,1,0,0,1,0,1,0,2,1,1,2,0,1,-0.34126681566590417,-0.7645727787897969,1.2,0
792,1,0,1,0,1,0,2,0,0,0,1,0,0,0,1,1,1,1,0,1,-0.988141870151183,-0.8119181111647011,1.2,0
793,0,2,0,1,0,0,2,1,0,1,0,1,1,1,0,1,0,0,0,0,0.9681406720768896,-0.23902938752906627,1.2,0
794,0,1,0,2,0,0,0,0,0,0,0,2,0,0,0,2,1,1,0,1,0.6370929249951308,0.06724776231747698,1.2,0
795,0,2,1,0,1,0,1,0,0,1,0,0,0,0,1,0,0,0,0,0,0.08648819776537514,1.5967241811630082,1.2,0
796,0,2,1,1,1,1,1,2,0,0,0,0,0,0,1,1,0,1,0,2,0.7446577835539662,0.7801286976892564,1.2,0
797,0,1,0,1,0,1,1,0,0,0,0,0,1,0,2,0,0,0,1,1,0.6668205141298514,1.0542148033644456,1.2,0
798,0,2,1,1,1,0,0,1,0,0,0,0,1,1,1,1,0,2,1,0,-0.33170673096898246,0.3765239292726264,1.2,0
799,0,1,1,0,1,0,0,0,0,0,0,0,0,0,0,1,1,0,0,0,-0.41408839000109976,0.3049834136291865,1.2,0
800,0,1,0,1,1,0,0,0,0,1,0,2,0,0,2,0,0,0,1,0,1.3048704570625493,0.6693203685421942,1.2,0
801,1,1,0,1,1,1,0,1,0,0,1,1,1,1,0,1,0,0,1,1,-0.4599909280117165,-0.6443772875367503,1.2,0
802,0,2,1,1,1,1,1,1,0,0,0,1,0,0,0,2,1,0,1,0,-0.07515752905708584,-0.2302077788960419,1.2,0
803,1,0,0,0,1,0,1,1,0,1,0,0,0,1,2,0,0,0,0,0,0.2523398344803962,-0.6937518775700675,1.2,0
804,0,1,0,1,2,0,0,0,1,1,1,0,0,0,1,0,1,1,0,0,-0.02644207149266346,-1.378726661636112,1.2,0
805,0,0,1,1,2,0,1,1,0,1,0,1,0,0,1,1,2,1,0,0,-1.0471850714749849,0.8887860813615378,1.2,0
806,1,1,1,1,2,0,0,1,0,0,0,2,0,0,0,0,0,1,0,1,-0.09964971268689161,0.8728015030135506,1.2,0
807,0,1,0,0,1,2,0,0,0,1,1,0,0,0,1,0,0,1,0,0,-0.704528498606325,-0.06072065898670154,1.2,0
808,0,0,1,1,0,0,0,1,0,2,0,0,0,0,1,0,0,1,1,1,-1.2792721494911221,-0.8006964587073917,1.2,0
809,1,0,1,0,1,0,1,0,0,1,0,0,0,2,0,0,0,1,0,0,0.3431479084127296,-0.32030179031082706,1.2,0
810,1,2,0,0,2,0,0,0,0,0,0,0,0,0,0,1,1,1,1,0,0.9504460474711331,0.42591494785558104,1.2,0
811,1,1,0,1,1,0,2,0,0,1,0,0,0,0,0,0,1,0,0,1,-1.8269039376065568,0.17777384510430622,1.2,0
812,0,0,0,2,1,1,1,1,0,0,0,0,0,0,0,0,0,2,0,1,0.3740905817015551,0.6122572890431718,1.2,0
813,0,1,1,2,1,0,1,0,0,0,1,0,1,0,1,0,0,0,2,0,-0.7039652018160933,-0.29257331352006,1.2,0
814,0,2,0,1,0,1,0,1,0,0,0,0,0,0,2,0,0,1,1,1,-0.3289752588055697,-0.022773465673256707,1.2,0
815,0,2,0,1,1,1,0,0,0,1,0,0,0,0,1,1,1,0,0,2,-1.1372207164272472,-0.3899681299982266,1.2,0
816,1,1,1,1,1,1,0,0,0,1,0,1,0,0,2,1,0,1,2,1,-0.60700723286838,-0.5326729558537303,1.2,0
817,1,1,0,0,0,1,1,0,0,0,0,0,0,0,0,0,1,1,0,0,1.1405226590543478,0.34329289050327083,1.2,0
818,0,0,0,2,2,1,1,0,1,0,0,0,0,0,2,0,0,0,1,0,0.12745977084043167,-0.36566127191504433,1.2,0
819,0,1,0,2,1,0,1,0,0,0,1,1,0,1,0,1,1,2,0,0,-0.7029131170736602,-1.8545803391490265,1.2,0
820,0,1,0,1,2,0,0,0,0,0,0,0,1,1,0,1,0,1,0,1,0.22548539425280748,0.8994783318953415,1.2,0
821,1,0,0,0,0,1,0,1,1,0,0,1,0,0,0,0,1,1,1,1,-1.4575369031294074,-0.5473962210058138,1.2,0
822,0,1,0,1,1,0,2,1,0,0,1,1,0,0,1,0,1,0,1,1,1.1615061809364402,-0.8025529510649912,1.2,0
823,1,1,0,0,1,0,1,0,0,2,1,1,0,1,1,1,0,0,0,0,-1.877349759636526,-2.0234593566416095,1.2,0
824,0,1,1,1,0,0,1,1,0,0,1,0,0,1,0,1,1,1,1,1,0.9833480161992746,-0.5637445415707144,1.2,0
825,0,1,0,1,1,1,0,0,0,0,1,0,0,1,1,1,0,0,1,0,0.4031190509670473,0.05750474901660618,1.2,0
826,1,1,0,0,2,1,0,1,0,0,1,1,1,0,1,0,1,1,1,0,-0.9874534091308266,0.8024609904155031,1.2,0
827,1,1,1,1,1,0,0,1,0,0,0,1,2,0,2,0,1,1,1,2,-1.9655152620986407,0.8053788340708362,1.2,0
828,0,0,0,0,1,0,1,0,0,1,1,0,0,1,0,1,0,1,1,2,1.7661559930084505,2.4090618811310067,1.2,0
829,1,1,0,1,1,0,0,0,0,0,0,0,0,1,0,0,0,1,0,1,-2.0482966348179112,-0.1747726967566265,1.2,0
830,0,1,0,1,0,1,0,0,0,1,1,0,1,1,1,0,0,0,1,1,0.15301434246650064,1.4695202283544744,1.2,0
831,2,2,1,1,1,1,1,2,0,0,0,1,1,1,0,1,0,0,0,1,-1.0469794465986075,-0.8145562952349097,1.2,0
832,0,1,1,1,1,2,1,0,0,0,1,0,1,1,1,1,1,1,0,0,-1.2868008029434106,-0.9461720097743075,1.2,0
833,0,2,0,1,0,0,1,1,0,2,0,0,0,0,0,0,1,0,0,1,0.41370243435595516,-0.3642130411289339,1.2,0
834,1,1,2,1,1,0,1,0,0,1,0,0,1,1,1,0,0,0,1,1,-0.9137935591876053,1.1005390268451092,1.2,0
835,1,2,0,1,0,0,0,0,0,0,0,1,0,0,1,0,0,1,0,0,0.684401870724635,0.7671417424668633,1.2,0
836,0,1,1,1,1,0,0,1,0,0,1,0,0,0,1,1,0,0,2,0,1.423347985406145,1.468349987503202,1.2,0
837,1,1,0,1,2,0,0,0,1,1,1,0,1,0,1,1,0,1,0,1,0.30178082859615596,0.15381586857870294,1.2,0
838,0,1,1,2,0,1,0,0,0,1,1,1,0,0,0,2,0,0,1,1,1.2438394823305172,1.5167863433028073,1.2,0
839,0,1,0,0,1,1,0,0,1,1,0,1,0,1,2,0,0,1,1,1,0.11880272651898516,0.827936554057322,1.2,0
840,0,0,0,2,1,0,0,1,0,1,0,1,0,0,1,1,1,1,2,0,0.31355330168617923,-0.940884967440692,1.2,0
841,1,1,1,1,1,0,0,0,1,1,0,1,0,0,1,0,0,1,1,1,-0.03872869738063572,0.5305789775342019,1.2,0
842,0,0,1,2,1,0,1,0,0,0,1,0,0,0,1,1,0,1,0,1,-1.730897007267047,-0.9811857623147343,1.2,0
843,1,2,0,0,1,0,0,1,1,1,0,0,0,0,1,0,0,1,1,0,-1.2458433378300149,0.36438657035103617,1.2,0
844,1,0,1,0,0,1,0,0,1,0,1,0,1,0,1,0,1,1,2,0,1.54149205744009,-1.2055811716804028,1.2,0
845,0,1,1,2,1,0,0,1,0,0,0,1,0,0,1,0,0,2,2,1,0.5110585797557213,0.7457125131367408,1.2,0
846,0,1,0,2,1,0,0,0,1,1,0,0,1,0,0,0,0,2,1,0,1.1615559873440755,0.8750314220759972,1.2,0
847,0,0,0,1,0,0,1,1,1,0,0,1,0,0,1,1,1,0,1,1,0.348481952335536,0.15418513665125916,1.2,0
848,2,1,0,1,1,0,0,0,0,1,1,0,0,1,0,0,0,2,1,0,1.0608056076477241,-0.23701450737865942,1.2,0
849,0,1,0,1,0,0,0,1,0,0,1,0,0,0,0,0,0,0,0,0,-0.5222120693275276,0.1806360636282709,1.2,0
850,0,1,1,0,1,0,0,1,0,0,1,0,0,0,1,1,0,2,1,1,0.3239549579419892,1.0871965618547845,1.0538646211896585,1
851,0,0,0,1,2,0,0,0,0,0,0,0,1,0,0,0,1,1,0,0,-0.15842436677220018,-0.7168340625829465,1.2,0
852,1,2,1,2,0,1,0,0,1,0,0,0,0,0,2,0,1,0,1,0,-0.9606648754049522,0.4981367741464776,1.2,0
853,0,2,0,0,2,0,1,0,0,1,0,0,1,1,1,0,1,1,0,0,-2.6318935949857885,-1.0679691603830364,1.2,0
854,1,1,1,0,1,0,0,0,0,0,1,0,1,1,0,0,1,1,0,0,-1.289421140673213,-1.5073695050573046,1.2,0
855,1,1,1,1,1,1,0,1,0,1,1,1,0,0,1,0,1,2,0,2,-0.02222823690397674,0.5748593590172794,1.2,0
856,0,0,1,1,0,1,0,1,1,1,1,0,0,1,1,0,0,1,1,1,-0.35754000580324596,-0.10661514341173534,1.2,0
857,0,0,0,1,1,1,1,1,0,1,1,1,0,0,0,0,0,1,1,1,0.2965093029452802,-0.6433946583336572,1.2,0
858,0,0,0,1,0,1,1,0,0,0,0,1,0,1,1,0,0,0,1,1,0.6545926508410206,1.440399415814678,1.2,0
859,0,0,0,1,1,0,0,0,0,2,0,0,0,0,1,0,0,0,0,0,1.4714252556980842,2.249211558023224,1.2,0
860,0,1,0,1,0,1,0,0,0,0,0,1,0,0,1,0,1,1,1,1,0.6545240625941726,0.5605757666930281,1.2,0
861,0,2,1,0,2,0,1,0,0,0,1,0,0,0,1,2,0,0,0,1,-0.07192156014415856,-0.803656690913513,1.2,0
862,0,1,0,1,0,1,0,1,0,1,0,1,0,0,1,1,0,1,2,2,0.8707388188611442,1.2569427138625506,1.2,0
863,1,0,0,0,1,1,0,0,0,0,0,0,0,0,1,1,0,1,0,1,-0.9939136771589036,-0.8205224583632016,1.2,0
864,1,0,1,0,2,0,1,1,0,1,0,0,2,0,1,1,0,0,1,1,-0.3194739825081037,1.0317805993093807,1.2,0
865,0,0,0,1,1,0,1,0,0,1,0,0,0,0,2,1,0,1,1,0,0.03631478032881004,-1.9320220226787714,1.2,0
866,0,0,0,1,0,0,0,1,0,0,1,1,1,0,1,0,1,0,0,0,-0.16352000599703476,0.9742161004088992,1.2,0
867,1,1,0,1,2,1,1,0,0,0,0,0,0,0,1,0,0,1,1,1,0.06967993700056196,0.62871740879565,1.0792188969599794,1
868,0,1,0,0,0,0,0,1,0,0,0,1,1,0,0,0,0,1,1,1,0.3457301421028002,-0.7885724623539807,1.2,0
869,0,1,0,1,0,1,1,0,0,0,0,1,0,1,1,0,1,1,1,1,-0.3614899789134171,-0.31929547662642555,1.2,0
870,1,2,1,2,1,1,0,0,1,2,0,0,1,0,0,0,0,1,1,0,-0.6774527825318253,0.8709843188817886,1.2,0
871,1,1,1,0,2,0,1,0,0,0,0,0,0,0,0,0,0,1,1,0,-1.4156481601841973,0.6538832900313842,1.2,0
872,0,0,0,1,1,0,0,0,0,1,0,0,0,0,1,0,2,0,1,1,0.56445758581628,-1.0172028376460729,1.2,0
873,1,0,0,0,1,0,1,0,0,1,0,0,0,1,0,0,0,0,0,1,-0.4274647467749717,-0.1988601066908302,1.2,0
874,1,2,0,1,1,2,1,0,0,0,0,1,0,0,2,0,1,1,1,0,0.8125586922318987,1.430789828166363,1.1215715209899257,1
875,0,1,1,0,1,0,1,0,0,0,2,0,0,0,0,2,0,2,0,2,-0.07870753380802199,0.37526258816022295,1.2,0
876,0,0,1,1,1,0,0,0,0,1,1,1,0,0,0,2,0,1,1,2,-0.6938977626540029,-1.3612935043698926,1.2,0
877,0,0,0,0,1,2,0,1,0,0,0,0,0,0,1,0,0,1,1,1,-1.2402929847597275,-0.47520915133027153,1.2,0
878,0,2,0,0,2,0,2,1,0,0,0,0,1,1,1,0,0,1,1,1,-0.44023426426128315,-0.20171223306171512,1.2,0
879,0,0,0,1,2,0,1,0,0,1,0,0,0,0,1,0,1,0,1,1,1.185691565011639,-0.44959679607646397,1.2,0
880,0,2,0,2,1,0,0,0,0,1,1,0,0,1,1,0,0,1,0,2,0.07525645718279673,-0.2238796088451514,1.2,0
881,0,1,1,1,0,0,0,0,0,1,1,1,0,0,2,0,0,0,0,1,0.07103184171370615,0.6744256350634675,1.2,0
882,0,2,0,1,0,0,1,0,0,1,1,0,0,0,1,1,0,1,1,2,0.5141818872141037,0.663226012125937,1.2,0
883,0,1,0,1,1,0,0,1,0,1,1,2,0,1,1,0,1,0,0,0,0.6003017457413751,0.5493820875810712,1.2,0
884,0,1,0,1,0,1,1,1,0,0,0,0,0,0,1,0,0,2,0,1,-2.2863024891451396,-2.190784765233726,1.2,0
885,0,1,1,1,1,1,0,0,0,1,1,0,0,0,0,0,0,1,1,0,0.04239309054129546,1.309721284693756,1.2,0
886,0,1,0,1,1,0,1,1,0,0,0,0,0,0,0,0,0,0,0,2,-1.7782798918953915,-0.7863314684395979,0.4182062294240003,1
887,2,0,0,0,1,1,1,1,0,2,0,1,0,0,1,0,1,0,0,0,0.7213346676092556,1.0593109776284924,1.2,0
888,0,0,0,0,2,0,1,0,0,1,0,0,0,0,0,1,0,0,1,0,-0.008706596882481444,0.400873932699634,1.0153696161820036,1
889,0,2,0,0,0,0,0,0,1,0,0,1,1,0,0,1,1,0,1,0,-1.1158219045805344,1.1521815123547874,1.2,0
890,1,1,0,2,1,0,0,1,1,0,1,0,0,1,1,0,0,2,1,0,1.078768937960517,-2.6240081970416327,1.2,0
891,0,2,0,0,0,0,0,0,0,0,0,0,1,0,1,0,1,0,0,1,-0.11388058781337548,-0.11122472197137923,1.2,0
892,0,0,1,0,1,0,1,0,1,1,0,0,0,0,2,0,0,1,0,2,-0.5941293710714941,0.31684636272262456,1.2,0
893,0,1,1,1,1,0,0,0,0,0,0,0,0,0,0,0,0,0,1,0,-0.2558079522283816,1.2684561818790212,1.2,0
894,0,2,1,1,0,1,1,1,1,1,0,0,0,1,2,1,0,0,1,1,-1.63991793561141,0.27033403674132783,1.2,0
895,1,1,1,1,0,0,1,0,0,1,0,0,0,2,1,0,0,0,1,0,0.6997365271691783,0.007571612269520855,1.2,0
896,0,2,1,1,0,0,1,1,0,1,0,1,0,0,0,1,0,2,1,0,0.2252499346808218,-0.7067025943003191,1.2,0
897,0,1,1,2,2,0,1,0,0,1,0,1,0,0,0,1,0,2,2,1,-0.07212531576011481,-0.06335928269562408,1.2,0
898,0,2,0,2,1,0,1,1,0,0,0,0,0,1,0,0,1,1,1,0,0.4936788146041595,-1.4154957194265128,1.2,0
899,0,1,0,0,2,1,0,1,1,2,0,1,0,1,0,1,1,0,1,0,2.7251821493974178,0.2685391427557423,1.2,0
900,2,1,1,1,1,0,0,1,0,0,1,0,0,1,0,0,0,1,0,0,1.013291089064309,-0.09898816318602771,1.2,0
901,1,0,1,0,1,1,0,0,1,0,0,1,0,0,2,0,0,0,1,0,1.594210606648734,1.3314057883542927,1.2,0
902,0,1,0,0,0,0,0,2,0,0,1,0,1,0,0,2,1,0,0,0,-0.27433785671761746,-1.1161778468044448,1.2,0
903,0,1,0,1,2,2,0,0,0,0,0,0,0,0,0,0,0,0,0,1,0.5266788410795744,-0.2574224731548508,1.2,0
904,0,0,1,1,2,0,1,1,0,1,0,0,0,1,0,0,0,0,0,0,-0.9696933358805171,-1.0203910157382325,1.2,0
905,1,1,0,1,1,0,0,0,0,0,0,0,0,1,1,0,0,1,0,0,-0.2786382805956664,-2.07532674723657,1.2,0
906,1,0,1,0,2,0,0,0,0,0,0,1,0,0,0,0,0,1,0,1,0.8736915903388374,0.4184490834795294,1.2,0
907,1,1,0,0,2,1,0,1,0,0,1,0,0,0,0,0,0,0,0,0,0.7228215564528727,-1.3474176887916853,1.2,0
908,0,1,0,1,1,1,1,1,0,0,0,0,0,0,0,0,0,0,1,1,-0.54346919946443,-0.4511998015937874,1.2,0
909,1,2,0,1,1,0,0,0,0,0,1,1,0,1,1,0,0,0,1,1,-1.113964530628793,0.05429658550540322,1.2,0
910,0,2,0,0,0,0,1,1,0,1,0,0,0,0,0,1,0,1,0,0,-1.0340279413699733,-1.2634160050510936,1.2,0
911,1,1,0,1,0,0,0,1,0,0,0,0,0,0,1,1,0,0,0,1,2.569126203389461,2.426925515791077,1.2,0
912,0,1,0,0,2,0,0,0,0,1,0,0,1,0,0,0,0,2,2,0,2.417785109644035,2.1554553292452,0.5423775769190946,1
913,0,1,0,0,0,0,1,0,0,0,0,1,1,0,1,1,0,0,1,0,-0.07034116626899442,-1.0065788976020242,1.2,0
914,0,1,0,0,1,1,0,0,0,0,0,1,0,1,1,0,0,0,0,1,0.5371715636379688,0.7821298015592791,1.2,0
915,0,0,0,2,1,0,0,0,0,0,0,0,0,1,2,0,0,1,2,2,-0.6208600327015394,1.4036139647893426,1.2,0
916,0,1,0,1,1,0,1,0,1,0,1,2,0,1,1,2,0,1,2,1,2.2039514913367526,-0.7314311947554224,1.2,0
917,0,1,0,2,2,1,1,0,0,1,1,1,0,0,2,1,0,0,0,1,0.4861476496225759,-0.09355851055701303,1.2,0
918,0,0,1,2,1,1,0,1,1,1,0,1,0,0,0,0,0,1,0,1,0.711649359198983,-0.20227718395995925,1.2,0
919,1,2,0,0,1,1,1,1,1,2,1,0,0,0,2,0,0,1,0,1,-0.02220116318066114,0.11712934203575767,1.2,0
920,0,0,0,1,1,0,1,0,1,0,1,0,0,0,1,1,0,1,0,1,0.8017453976342341,-0.31204913457573497,1.2,0
921,1,1,1,2,2,0,2,2,0,1,0,1,0,0,0,0,0,1,0,0,0.36343187125881077,0.7757447337970227,1.2,0
922,0,1,0,1,1,0,0,1,0,0,0,0,0,0,0,0,1,0,0,1,0.7348728806851649,-0.6707577439969814,1.2,0
923,0,1,0,1,0,0,0,0,0,1,0,0,0,0,0,0,1,0,1,1,0.10400173002540748,0.5393447476805364,1.2,0
924,0,1,0,0,0,1,0,1,0,0,0,0,0,0,0,0,0,1,1,0,0.28867717101147683,-0.5852306713315434,1.2,0
925,0,1,0,0,0,1,0,1,0,0,1,1,0,1,1,0,1,0,1,0,-0.534770745429596,-1.6515195259534585,1.2,0
926,1,1,0,1,1,1,0,0,0,1,0,0,0,0,0,0,1,0,0,0,0.31271445206649345,-0.12604672806208408,1.2,0
927,0,1,0,1,1,1,1,0,1,0,0,0,0,1,0,1,0,0,1,0,-0.6497736618025246,-1.0302004689644517,1.2,0
928,1,1,1,1,0,0,1,0,1,0,0,0,1,0,1,0,0,1,0,0,1.4137700149096655,1.2592204844550337,0.2527096105919187,1
929,0,1,1,2,1,0,0,1,1,2,0,0,0,1,1,0,0,0,0,2,-0.5278001981139185,-0.958020467733751,1.2,0
930,1,1,1,1,1,0,1,0,0,0,0,0,1,0,1,0,1,0,1,0,-0.8063309595293581,-3.124312029012047,1.2,0
931,0,1,0,0,2,1,1,0,0,0,0,1,0,0,2,0,0,0,1,0,-0.15855597440626537,0.6690454291471797,1.2,0
932,0,0,0,2,2,0,0,0,0,1,0,0,0,0,0,0,0,0,0,2,-0.9653219938997545,1.5880448137705088,1.2,0
933,0,2,0,0,0,0,1,0,0,1,0,1,0,0,1,0,0,0,1,0,-0.14676682612271225,-1.1579642221161084,1.2,0
934,1,1,0,1,1,0,0,1,1,0,2,0,0,0,0,0,1,0,1,1,-1.5630794336708835,-0.2948786602081539,1.2,0
935,0,2,0,0,0,0,1,0,1,0,0,0,0,0,0,1,0,0,0,0,1.2736990880326284,1.1973624111150618,1.2,0
936,1,2,1,2,1,0,0,1,0,2,0,1,0,0,0,0,1,1,2,1,0.3988639831038883,0.24067721990597102,1.2,0
937,1,2,0,1,1,0,2,2,0,0,0,0,0,1,1,1,0,0,1,1,0.6808258378160497,-0.0791275208764803,1.2,0
938,0,2,0,2,1,1,0,0,0,1,1,1,0,0,0,0,0,1,1,1,0.7801652354734628,0.6007175295698627,1.2,0
939,0,2,0,1,1,0,2,1,1,0,1,0,0,0,0,0,0,2,0,1,-0.7062987553568502,1.1643884562047333,1.2,0
940,1,2,0,1,0,0,1,0,0,1,0,0,1,0,0,0,0,1,1,0,2.102609716233175,1.0504293447162283,1.2,0
941,0,1,1,0,1,1,2,0,1,1,0,0,1,1,1,0,0,1,1,0,-0.3535308916202643,-1.0331333513007284,1.2,0
942,0,0,1,0,0,1,0,0,0,1,0,0,0,1,0,0,1,1,1,0,-0.2997565078925456,1.15935768122189,1.2,0
943,1,1,2,1,0,1,1,0,0,1,0,1,0,1,1,2,0,2,0,0,0.9155909171123875,0.4737785924098035,1.2,0
944,0,1,0,1,2,0,0,0,0,0,0,0,0,0,2,0,2,0,1,1,1.1657798836359519,0.4537449658502031,1.1899437151243353,1
945,0,1,1,1,1,1,0,1,0,0,1,1,1,0,1,1,0,2,1,0,1.2593143634595023,1.2334265104549325,1.2,0
946,1,1,0,0,1,0,0,0,0,1,0,0,0,1,1,1,0,1,1,1,0.009445437713657953,0.09674913639877589,1.2,0
947,0,2,0,1,2,0,2,0,0,0,0,2,0,0,0,0,0,1,1,0,-0.058026002897238735,-0.6337284172350203,1.2,0
948,0,1,2,1,0,0,1,0,2,1,0,1,0,0,1,0,0,2,1,0,-1.0922454396385948,1.069927876144614,1.2,0
949,0,2,0,1,0,1,0,0,0,2,1,0,0,0,2,1,1,1,0,2,-0.15677462523307997,-0.5074399971279469,1.2,0
950,0,0,0,0,0,0,0,2,0,0,0,0,0,0,2,0,1,0,0,1,0.23078018556564023,0.26098078669038416,1.2,0
951,1,2,1,1,1,0,0,0,0,0,0,0,0,0,1,0,0,1,2,1,-2.3749203593782346,-0.15427894537083606,1.2,0
952,1,2,1,0,1,0,0,0,0,1,0,0,1,0,1,0,1,0,0,0,-1.0721644162962043,-1.2262540029145637,1.2,0
953,0,0,0,1,0,0,0,0,0,0,1,0,0,0,0,0,0,2,1,1,-1.186157642172869,-1.0476926260935728,1.2,0
954,0,0,1,2,1,0,0,0,0,0,1,1,0,1,2,0,1,1,0,1,-3.183611547568517,-1.0430621816413543,1.2,0
955,0,1,0,0,2,1,0,1,0,1,1,0,0,0,0,0,1,0,1,1,1.8597240868714422,1.1739682330574484,1.2,0
956,0,0,0,1,1,0,0,0,0,0,1,1,0,0,0,1,1,1,0,0,-0.5503785338388546,-2.5517737920117214,1.2,0
957,0,1,0,0,0,1,2,0,0,0,0,0,0,0,1,1,0,0,0,2,-1.5719660446394366,-0.6102756543480535,1.2,0
958,0,1,0,1,1,1,0,0,0,0,0,0,1,1,0,0,0,0,0,0,0.20353883657104466,-0.2791673489876214,1.2,0
959,0,1,0,0,2,0,0,0,0,0,1,0,0,1,1,0,0,2,1,0,-0.6564163875163459,-2.577054671558176,1.2,0
960,0,0,2,1,0,1,0,1,0,1,1,0,1,0,1,0,0,2,1,0,0.983983333073213,-0.45106109312472814,1.2,0
961,0,1,1,2,1,0,1,1,0,0,0,0,1,0,0,1,0,0,1,0,0.12758068938109332,0.6150210973713045,1.2,0
962,0,1,1,2,0,0,0,0,1,0,0,0,0,0,1,1,0,1,2,2,-0.04205731761007815,-0.11342689329879485,1.2,0
963,0,2,1,1,0,0,0,0,0,1,0,0,1,0,1,0,2,0,0,1,-0.44229974114397835,0.009640282892132257,1.2,0
964,0,0,0,1,1,1,0,1,0,0,0,0,0,0,1,1,0,0,0,2,-0.47480184117820756,0.6246369242548874,1.2,0
965,0,2,0,0,1,2,1,0,0,0,1,0,0,0,1,1,0,1,0,0,-1.4015202808876848,-2.3181241013464096,1.2,0
966,0,1,2,0,1,0,0,1,0,0,0,0,1,0,1,1,0,1,0,0,-0.7370964811006955,-0.1420367725231536,1.2,0
967,1,1,0,1,1,0,0,1,0,1,0,2,0,0,1,0,0,1,1,0,0.743713278314023,-0.4886664409369477,1.2,0
968,0,0,1,1,1,0,2,0,0,1,0,1,0,0,1,0,0,1,1,0,-1.939168182862692,-2.0538956107530826,1.2,0
969,0,1,0,1,1,0,1,0,1,0,0,1,1,0,2,1,0,0,0,0,0.17111706595881213,-0.3781995089196222,1.2,0
970,0,2,1,2,1,0,0,0,0,0,0,0,0,0,2,1,0,1,1,0,1.1910616694647118,0.7520541400920326,1.2,0
971,0,2,1,1,2,0,1,0,0,0,0,0,0,0,0,1,1,1,2,2,-0.2911786134978607,1.6110395738875123,1.2,0
972,0,0,0,0,1,1,1,0,0,0,1,1,0,0,2,0,0,1,1,0,0.8949154365370693,-0.7864271533348262,1.2,0
973,0,1,1,1,0,0,0,0,0,1,0,0,1,0,0,0,1,1,1,1,-0.13933817580799493,1.7168610710417362,1.2,0
974,0,0,0,0,1,0,1,2,0,0,0,0,0,0,0,0,0,0,0,1,0.04616600878005686,-0.17614128198761525,1.2,0
975,0,0,0,0,2,0,1,2,0,1,0,1,0,0,1,0,0,1,2,0,0.06918803195387908,-0.4342710040308184,1.2,0
976,0,2,0,0,1,1,1,1,0,1,0,0,0,0,2,1,1,1,2,0,1.803011838751995,1.4167464950534643,1.2,0
977,1,1,0,1,1,0,0,0,0,0,0,0,0,0,1,0,1,0,0,2,1.330857949050936,1.5852176399711588,1.2,0
978,0,2,0,1,1,1,1,0,0,0,1,0,0,0,0,0,0,1,0,0,-0.020698818333588397,-0.8360649522422847,1.2,0
979,0,0,0,1,0,0,1,0,1,1,0,1,0,1,1,0,1,0,0,0,0.27295525415223115,-0.3813225574784804,1.2,0
980,1,0,0,0,1,0,0,1,0,0,0,0,0,0,0,0,0,1,1,2,-3.1712898015883457,-1.0209712882248814,1.2,0
981,0,0,0,0,0,1,0,0,0,1,0,1,1,0,0,0,0,1,2,0,-0.6237686914052768,-1.1643401821713437,1.2,0
982,0,0,0,2,1,0,2,1,0,1,0,0,0,0,1,2,0,1,0,0,0.960742838408558,-1.0788206280052108,1.2,0
983,0,0,0,0,0,0,2,0,0,0,0,0,0,0,2,1,1,0,0,0,0.1409287603466904,-1.518448663829738,1.2,0
984,0,1,0,0,1,2,0,0,0,0,1,0,0,0,1,0,1,2,0,0,0.7871366759954836,1.502457885063667,0.508920836333561,1
985,0,1,1,0,2,1,1,1,1,2,1,1,0,0,1,0,0,0,1,1,2.6342928968845016,0.05846328897843578,1.2,0
986,1,0,1,1,0,0,1,0,1,0,0,0,0,0,1,0,0,2,1,2,0.2917865454876222,0.008207977254945154,0.34569185563183275,1
987,1,1,0,2,1,0,0,0,0,2,0,0,0,1,0,0,0,1,0,1,0.015207848713116366,0.5375810684072465,1.2,0
988,2,2,1,2,1,0,1,0,0,1,0,0,0,0,2,0,0,0,1,0,1.398108882092103,1.153408884943947,1.2,0
989,0,2,1,1,1,0,0,0,2,0,0,1,1,1,1,1,0,0,0,0,-1.2288917919048208,-0.8169147128199066,1.2,0
990,0,1,0,0,1,0,2,0,0,1,1,1,1,0,1,0,0,0,2,1,-0.5911335761933639,-0.8362412253770546,1.2,0
991,1,0,0,0,1,0,0,0,0,1,0,1,0,0,1,0,0,1,0,0,0.7454417252281798,-1.116885292542815,1.2,0
992,0,0,0,1,1,0,1,0,0,1,0,0,2,0,1,0,1,1,0,0,0.7372829055279112,-0.32130635158195714,1.2,0
993,1,2,1,1,2,1,1,0,0,2,1,0,0,1,2,0,1,0,0,1,1.346786673647129,2.152456990294013,1.2,0
994,0,1,0,1,2,1,0,1,0,1,0,0,1,0,0,1,0,0,1,0,0.06373403981373,-1.464603521577261,1.2,0
995,0,2,0,1,1,1,1,0,1,1,0,0,0,0,0,0,0,1,1,1,1.8562952495654634,0.7445847427317717,1.2,0
996,0,2,0,1,1,1,0,0,0,0,0,0,0,0,1,0,0,2,2,0,-0.5830849337212545,0.25462811751958825,1.2,0
997,1,0,0,0,2,1,0,0,0,1,1,0,1,0,0,1,0,0,1,2,-0.46311024035322956,0.34107986582867267,1.2,0
998,0,1,1,1,1,0,1,0,0,0,1,1,0,2,0,0,0,0,1,0,0.09417406485438541,1.0379333888034759,1.2,0
999,0,0,0,0,1,0,1,1,0,1,1,1,0,0,0,1,0,1,0,1,0.9195087506160724,-0.11598903029038954,1.2,0
1000,2,0,1,1,0,0,1,0,0,0,0,1,0,0,0,1,0,0,0,0,-1.2392237622292162,-0.17958993698839398,0.9442532645881638,1
1001,0,2,0,0,1,0,0,1,0,0,0,0,0,0,1,0,0,0,1,2,0.6207375572948075,1.3258704824024572,1.2,0
1002,0,1,1,0,2,0,2,0,0,1,1,0,0,2,0,0,0,1,0,1,1.1931227584166613,0.10277726586453632,1.2,0
1003,1,1,2,0,0,1,0,0,0,2,0,2,2,1,0,1,0,0,0,0,-1.1281019275832007,1.0033715441505013,1.2,0
1004,1,0,1,1,0,2,0,1,0,0,0,0,0,1,1,0,0,1,0,1,-2.4537287621889465,-2.3748588308570278,1.2,0
1005,0,2,1,1,2,2,0,1,0,1,0,0,0,0,2,1,0,0,0,0,-2.0407484204753397,-0.8792286969680123,1.2,0
1006,0,2,1,0,0,0,0,2,0,0,0,0,0,1,1,0,0,0,1,1,-0.5449897933529689,1.206772570909138,1.2,0
1007,0,1,1,2,1,1,1,1,0,1,0,0,1,0,0,0,1,0,1,0,-0.8281350612375826,1.9449711445378841,1.2,0
1008,0,0,0,1,1,0,0,0,0,1,0,0,0,0,1,0,0,0,0,0,0.960356398767137,-0.9671161682400038,1.2,0
1009,0,1,1,1,0,0,0,1,0,1,0,0,0,0,2,0,1,0,0,0,0.9215571461605693,-1.2167090615313851,1.2,0
1010,0,1,0,0,1,0,1,1,0,2,0,0,1,1,2,1,0,2,1,2,0.406266815918487,0.5352558602873534,1.2,0
1011,0,0,1,2,1,0,1,1,1,1,0,0,0,1,0,1,0,0,0,1,1.2036238350268922,1.7361985745019415,1.2,0
1012,0,1,0,0,2,0,1,0,0,0,0,0,0,0,1,1,0,0,0,1,-0.9081495134237147,0.34941932762158545,1.2,0
1013,0,1,0,0,1,2,0,2,0,2,1,0,0,1,0,0,0,1,0,2,0.3934010497642595,-1.35867545875821,1.2,0
1014,0,1,0,1,0,1,0,0,0,0,0,0,1,0,1,0,0,0,1,1,-0.5496293213383239,0.8509375424002042,1.2,0
1015,1,1,0,1,0,0,0,0,0,1,0,1,0,0,1,1,1,2,1,1,-0.8231544741240935,-0.69706827779074,1.2,0
1016,0,1,0,1,1,0,0,1,0,1,1,0,1,1,1,0,0,0,2,0,0.8341174146519966,-0.44107353736406074,1.2,0
1017,0,1,0,0,0,0,0,0,0,1,0,0,0,1,2,0,0,1,2,1,1.0725540227721233,0.32197354772751685,1.2,0
1018,0,1,1,0,0,0,1,0,0,0,1,0,0,0,1,0,0,1,0,1,-1.5466025938446661,0.45103555216373015,1.2,0
1019,0,1,0,1,1,0,1,0,0,0,0,0,0,1,2,0,0,0,1,1,-0.030933914702505214,-0.8232342709711986,1.2,0
1020,0,0,1,1,2,0,0,1,0,1,0,0,0,0,0,0,0,0,1,0,0.9234774895846909,-2.2918864271640933,1.2,0
1021,0,0,0,0,0,1,0,0,0,0,1,1,0,0,2,0,0,1,1,1,-0.21973360976143344,0.24984129567398705,1.2,0
1022,0,1,0,1,0,2,1,0,1,1,0,1,1,0,1,0,0,0,1,1,0.1863089854294135,0.33941054819011446,1.2,0
1023,0,1,0,2,2,0,1,0,0,0,0,0,1,0,0,2,1,0,1,1,1.1083837784515085,0.43223702004594994,1.2,0
1024,0,0,0,0,0,1,0,0,0,0,0,0,0,0,1,0,0,0,2,0,0.32138663183319427,0.2825476081774705,1.2,0
1025,0,1,0,2,1,0,0,0,0,0,0,0,0,0,2,0,0,2,0,1,-0.5261932289438391,-2.0783533861826897,1.2,0
1026,1,1,0,0,0,1,1,0,0,0,0,0,1,0,1,2,0,1,1,0,0.13290077882708903,0.8258794326976113,1.2,0
1027,2,2,0,0,2,1,0,1,0,1,0,0,0,1,2,0,0,0,1,1,-0.9467719760668653,0.09544911557540178,1.2,0
1028,0,2,0,2,1,0,0,1,0,0,0,0,0,0,1,0,1,0,0,1,-0.234806175808128,-0.41834787208756397,1.2,0
1029,0,1,1,1,2,0,1,0,0,0,1,0,0,2,0,1,0,1,0,1,-0.624616959637257,-1.2963740903315548,1.2,0
1030,1,0,1,1,1,0,0,1,0,1,0,0,0,0,1,0,0,1,2,0,-0.9143083211290056,0.32462861503172935,1.2,0
1031,0,1,0,1,0,1,1,2,0,1,0,0,0,1,1,0,1,0,1,0,-1.5000300749413908,-0.27544350936644724,1.2,0
1032,0,1,0,0,1,1,1,1,0,0,1,0,1,0,1,1,1,2,1,1,0.5856588071525894,-0.30895666674288513,1.2,0
1033,1,0,0,2,1,1,1,0,1,0,0,0,0,0,1,1,0,0,0,0,-0.4608393100238037,-0.003891364478067705,1.2,0
1034,0,2,0,0,0,1,1,1,2,0,0,0,0,0,0,0,0,0,0,0,-0.08817360672606309,-0.8515977032576971,1.2,0
1035,1,1,0,1,1,1,1,1,0,1,0,0,0,0,0,1,1,0,0,2,1.0738903509914126,0.6804015460271764,1.2,0
1036,0,1,2,0,2,0,0,0,0,0,0,0,1,1,0,0,0,1,2,0,-0.9612058444940647,-0.44413540516614836,1.2,0
1037,0,0,1,1,0,0,1,1,0,1,0,0,0,1,0,0,0,0,0,0,0.8389879554358456,-0.15257225424147042,1.2,0
1038,1,0,0,1,2,0,0,0,0,0,0,1,0,0,1,0,1,0,0,0,-1.3453450953858792,-1.1497416229499837,1.2,0
1039,0,2,1,2,1,0,0,1,1,1,0,1,0,2,1,2,0,0,1,0,-1.8480084013277722,-0.29361347696130574,1.2,0
1040,0,2,0,1,1,1,0,0,0,1,0,0,0,0,2,0,0,2,2,2,1.0589521627592138,1.4436986149768776,1.2,0
1041,0,0,0,2,1,1,1,0,1,1,0,0,1,0,1,0,0,0,1,0,0.578567588091227,1.4397795990761582,0.7156444625783407,1
1042,0,0,1,1,1,0,1,0,0,1,0,1,0,1,0,1,1,0,1,0,0.8207538506237411,-1.1283126605220182,1.2,0
1043,0,2,0,0,0,0,0,0,0,0,1,0,0,0,0,1,0,0,1,1,1.2003500517295504,-0.9717100386220292,1.2,0
1044,1,1,0,0,0,1,1,0,0,2,0,0,2,1,1,2,0,1,1,0,-0.3886797850835987,-0.45268261199636967,1.2,0
1045,1,0,0,1,0,0,1,2,0,0,0,0,0,0,0,0,0,1,1,0,0.5783219880026197,0.2463122577906782,1.2,0
1046,0,2,1,1,2,0,1,0,1,2,1,1,1,0,1,0,0,1,0,1,-0.7730041840864456,-0.40242621983285726,1.2,0
1047,0,2,0,0,1,0,0,0,0,2,0,0,1,0,0,0,0,1,2,0,0.20337292566373613,0.09738120664100902,1.2,0
1048,0,0,0,2,1,0,0,1,0,0,1,0,1,1,0,0,0,0,2,1,1.4311775537003288,1.1204397303682576,1.2,0
1049,0,1,1,1,0,0,1,0,1,1,1,1,0,1,1,1,1,0,1,0,-2.234037525486915,-1.6836025911661738,1.2,0
1050,1,1,0,1,1,1,0,0,0,0,0,0,0,0,0,1,1,2,0,2,-0.6940754543755503,-1.6320420290012398,1.2,0
1051,0,1,0,1,2,1,1,0,0,2,0,0,0,0,0,0,0,1,0,0,-0.6096776233501278,-0.4478053747902256,1.2,0
1052,1,2,1,1,2,0,1,0,0,0,1,1,1,0,1,1,1,0,2,0,-0.35491433468499933,2.2106235689660796,1.2,0
1053,1,2,1,0,1,1,0,1,0,0,0,1,0,0,1,0,0,1,0,0,2.6435947478065294,1.857497244371499,1.2,0
1054,0,1,0,1,2,0,1,0,1,0,0,1,0,0,2,0,0,1,0,1,1.3471527746937948,-0.98058814361324,1.2,0
1055,0,2,0,0,0,0,0,2,0,0,0,0,0,0,2,2,1,2,1,1,0.037741326039384515,0.450377490921788,1.2,0
1056,1,0,0,2,0,1,0,0,0,1,0,1,1,0,1,0,0,1,0,1,-0.3714596039090019,-1.0612751372102625,1.2,0
1057,0,2,2,0,1,0,1,0,0,0,0,0,0,0,1,1,0,0,2,2,0.12172756988345917,0.8590003212975695,1.2,0
1058,0,1,0,1,1,1,1,1,0,0,1,0,1,1,0,1,0,1,1,1,1.2466930184338116,-0.6861601502416972,1.2,0
1059,1,1,1,1,1,0,0,2,0,1,0,0,0,0,1,1,0,0,0,1,-0.7063230929648433,-0.08156245852256791,1.2,0
1060,1,1,0,0,0,1,2,2,0,1,1,0,0,0,1,1,0,1,1,1,-0.5742922279656699,-0.016607836927688524,1.2,0
1061,0,0,0,1,0,0,0,1,1,1,0,0,0,0,0,0,0,1,0,1,2.0360934627153062,-0.28849880896460234,1.2,0
1062,0,0,0,1,0,1,0,0,0,0,0,0,0,1,1,0,1,1,2,0,1.1840957531527103,0.6378856180691655,1.2,0
1063,0,0,0,0,0,0,0,0,1,1,0,0,0,0,1,0,0,0,0,0,0.7931156837542593,1.0399880713719156,1.2,0
1064,0,1,1,0,2,1,0,0,0,1,0,0,0,1,0,0,1,1,0,0,-0.7490133321100121,-1.0384040376607608,1.2,0
1065,1,1,0,1,2,1,1,0,0,0,1,0,0,0,2,0,0,1,0,0,-1.0487631689283954,-3.1467747550912986,1.2,0
1066,1,2,1,1,0,1,1,1,0,1,1,1,0,0,0,1,0,1,1,2,0.7298241528743855,0.3432404422714649,1.2,0
1067,0,1,0,1,1,0,0,0,0,0,2,0,0,0,2,0,0,0,0,1,-1.810695896828774,-2.1893576141621613,1.2,0
1068,0,0,0,1,1,0,0,1,1,2,0,1,0,2,2,1,1,0,1,2,-1.3088125158515664,-0.09291811241968523,1.2,0
1069,0,1,0,1,1,0,0,0,0,1,0,0,0,1,1,0,0,0,1,1,-0.368638754409297,-1.128717945106751,1.2,0
1070,0,2,1,1,1,1,0,1,0,0,0,0,1,1,1,2,0,1,1,0,1.0797135203517845,-0.29136952326611426,1.2,0
1071,0,0,2,1,1,0,1,0,1,1,1,1,0,0,1,0,1,1,2,0,-0.15097137141895478,0.1429362781622372,1.104676685530552,1
1072,0,1,0,1,0,0,0,0,0,0,0,0,0,1,0,1,0,0,0,1,-0.3631909673357459,-0.007280931697971442,1.2,0
1073,1,0,0,0,2,0,1,1,0,0,1,1,0,0,1,0,0,0,0,0,0.9981018863562409,-0.5969889234646855,1.2,0
1074,0,1,0,1,0,0,0,0,1,1,0,0,1,0,1,2,0,0,0,0,0.3502987783891382,-1.0273151769546462,1.2,0
1075,1,0,0,1,2,0,0,0,0,1,0,0,0,0,0,0,0,0,0,0,0.41449780223643623,-0.1040744845275885,1.2,0
1076,0,1,0,2,0,1,0,1,0,0,0,1,0,1,2,1,0,2,1,1,-0.38358513645746195,-0.6666531397444073,1.2,0
1077,0,1,1,1,1,0,0,0,0,0,1,0,0,2,1,0,1,0,0,1,-2.1147332452363274,-1.3994055023135514,1.2,0
1078,1,0,1,1,2,1,1,1,0,1,1,0,1,0,0,1,0,1,1,0,-0.778231465107498,-1.4433200085144158,1.2,0
1079,0,1,0,1,1,1,0,0,0,0,1,1,0,0,0,0,0,0,2,2,1.9097023673810651,0.7243763922499198,1.2,0
1080,0,1,0,0,2,1,1,1,0,1,0,0,0,0,1,0,0,0,1,1,-0.3322385031209592,-1.2249917646635677,1.2,0
1081,1,0,0,0,1,0,0,0,1,2,1,0,0,1,0,0,0,2,1,0,-0.4955675660541002,0.47367558136086274,1.2,0
1082,0,1,1,0,1,1,2,2,0,1,1,0,1,0,1,0,0,1,0,1,-1.1755562517253155,-1.8508913561457296,1.2,0
1083,1,1,0,2,0,1,0,0,0,0,1,0,1,1,1,1,1,1,0,1,0.15727155458497932,-0.030662362588772613,1.2,0
1084,0,2,0,1,1,1,1,0,0,0,1,0,0,0,2,0,1,1,0,1,0.7878527597870404,0.008672659806878466,1.2,0
1085,0,0,0,0,1,1,0,1,0,1,0,0,0,1,0,0,1,1,1,1,0.668304372428963,-0.26506094045573053,1.2,0
1086,0,1,0,1,2,0,1,0,0,0,0,1,1,0,0,0,0,0,0,1,1.073210462363635,-0.028565661071119797,1.2,0
1087,0,1,0,0,0,0,1,1,0,1,0,0,0,0,2,1,0,1,0,2,0.18979513734088785,-0.5326521351638058,1.2,0
1088,0,1,0,1,1,1,1,0,0,0,1,0,0,1,1,1,1,0,0,0,-0.05215103389096845,0.09347432367486375,1.2,0
1089,1,0,1,0,0,1,1,0,1,1,0,0,0,0,0,0,1,1,0,1,-0.5670251138232287,-0.026976005647220427,1.2,0
1090,1,1,0,0,1,1,1,1,0,1,0,1,2,0,0,1,1,1,1,0,1.323533123018761,1.5749508702335864,1.2,0
1091,1,1,1,1,1,0,1,0,0,2,0,1,0,1,1,0,0,0,1,1,-0.1821162714006089,0.3360611867185777,1.2,0
1092,1,0,1,0,1,0,0,1,0,1,1,0,0,0,1,0,1,1,0,1,-1.1893319608451336,-1.4062531317755789,1.2,0
1093,2,1,1,1,2,0,1,0,0,0,0,1,1,0,0,2,0,0,1,0,-1.217858878818121,-0.2784497244211669,1.2,0
1094,0,2,0,1,1,2,0,1,0,0,1,0,0,0,0,0,0,1,1,0,0.7606192009613735,-0.5368457257504284,1.2,0
1095,0,0,2,0,1,0,2,0,0,1,0,0,1,0,1,1,1,0,1,0,0.20656647027861924,-0.513314937234266,1.2,0
1096,0,2,0,1,0,1,0,1,0,1,1,0,0,1,0,0,0,1,1,0,-1.131867490228176,-1.877639562490807,1.2,0
1097,0,1,0,1,0,1,0,0,0,0,0,1,0,0,1,1,1,1,0,0,-1.4686917029664066,-0.7860085081341249,1.2,0
1098,1,1,0,0,1,0,1,2,0,0,0,0,0,1,2,0,0,0,0,1,-0.3891499070720578,-1.0285219867924171,1.2,0
1099,1,2,0,0,1,0,0,0,0,0,0,0,0,0,0,0,1,2,1,1,-0.5063954599424464,-0.035437450048690644,1.2,0
1100,0,0,0,1,2,1,0,1,0,0,0,0,1,0,1,0,0,0,1,0,-1.0349245908067932,-1.257764469243221,1.2,0
1101,0,1,0,1,0,0,0,0,0,0,0,0,0,0,0,0,0,0,0,1,1.2812656600367753,1.264126900790545,0.6222583384544887,1
1102,0,1,0,0,1,0,0,0,0,1,0,1,0,0,1,0,2,2,0,2,1.0615911455055105,1.2561157842509636,1.2,0
1103,2,2,0,2,2,0,0,1,0,0,0,0,1,0,1,0,0,1,2,0,1.2853708678254312,0.09057953188636936,1.2,0
1104,0,0,0,1,1,1,1,0,0,1,1,1,0,0,1,0,0,0,1,0,2.1997955594755547,0.8436974383127571,1.2,0
1105,0,1,1,0,1,0,1,0,0,1,0,1,0,0,0,1,0,0,0,0,0.021902514454285375,0.24560938977842384,1.2,0
1106,1,0,0,1,1,1,2,1,0,0,1,2,0,0,1,0,1,1,1,0,0.07732910072010037,0.5327367683382972,1.2,0
1107,1,0,0,1,0,2,0,1,0,0,0,0,1,0,0,1,0,0,2,0,-0.8527713846618585,-0.5413931117096559,1.2,0
1108,2,2,0,0,2,1,0,0,0,0,0,0,0,0,0,0,1,1,2,0,-0.510481584885418,-0.7698653422034303,1.2,0
1109,0,1,1,2,0,0,0,2,1,0,0,0,0,0,2,1,0,0,2,0,1.0262304833582134,-0.3109287674488188,1.2,0
1110,0,1,0,0,1,0,0,1,0,1,0,0,1,0,0,0,0,2,0,0,-1.2006111298505304,-0.9954553381326137,1.2,0
1111,2,0,0,1,0,0,0,1,0,0,1,0,0,0,1,1,0,1,2,1,0.900824870204233,-1.2195717939075879,1.2,0
1112,1,1,0,1,1,0,0,1,0,1,0,0,1,0,0,0,1,1,0,1,0.4730900211156778,0.24542414596360013,1.2,0
1113,0,2,1,1,2,2,0,1,0,0,0,0,0,0,0,0,0,0,2,0,0.6709446639457275,-0.46537490792960057,1.2,0
1114,1,0,0,2,2,0,2,0,1,0,0,0,0,0,1,0,1,1,1,1,1.001314471643682,-2.3716443326301038,1.2,0
1115,1,2,1,1,1,1,0,0,0,0,1,0,1,0,1,0,1,0,0,0,0.5334579625318934,0.22812897143223337,1.2,0
1116,1,2,0,1,2,1,1,0,1,1,0,2,0,0,1,0,1,0,2,2,1.2710527140646752,1.1327021017068086,1.2,0
1117,0,1,0,1,0,1,0,1,1,1,0,1,0,0,2,1,0,0,0,0,-3.0703400690326177,-2.253244662779921,1.2,0
1118,1,0,0,1,1,1,1,0,0,1,0,0,0,0,1,0,0,1,2,0,0.7142618896012233,0.920315828047985,1.2,0
1119,1,1,0,0,1,0,2,0,0,1,0,1,0,0,1,1,0,2,2,0,-1.268466295673457,-0.4944775435961651,1.2,0
1120,0,0,0,0,2,0,0,0,0,0,0,0,0,0,1,0,0,0,0,1,0.25428250192760465,-1.0011546750891052,1.2,0
1121,0,2,1,0,0,2,0,0,0,0,0,0,0,0,1,0,0,0,1,1,0.5111032295532767,0.5066528605173768,1.0593978667092088,1
1122,2,1,0,1,0,1,0,0,0,1,1,0,0,0,1,0,0,0,2,0,-0.6459029630457158,0.872107751424835,1.2,0
1123,0,1,2,0,1,0,2,0,0,1,0,1,1,0,1,0,0,2,1,1,0.4371904221733478,-0.7632867793337954,1.2,0
1124,0,0,0,2,0,0,0,0,0,0,0,0,0,1,0,0,1,1,0,2,0.2428868590120914,1.2282377363301,1.2,0
1125,0,1,1,0,1,0,2,0,0,0,0,1,0,0,1,1,0,1,0,0,-0.5146909596615732,0.10260816979842635,1.2,0
1126,0,0,0,1,1,1,0,0,0,0,0,0,0,0,2,0,0,1,1,0,1.6214903969352945,-0.8774621741615232,1.2,0
1127,1,1,0,0,1,0,0,1,0,1,0,0,0,0,2,1,0,0,1,1,-0.9450431872898962,-1.5641984364255164,1.2,0
1128,1,2,1,1,1,0,1,0,0,0,0,0,0,0,0,1,0,1,0,0,0.6997857919504322,-0.5098515935354464,1.2,0
1129,1,2,0,1,1,0,1,0,0,1,0,0,1,0,2,0,0,0,1,1,0.15836681253447926,1.5096092532542271,1.0997407393869332,1
1130,1,1,1,2,0,1,0,0,0,1,0,0,0,0,2,0,0,0,1,1,0.9394973641353923,2.141815133394609,1.2,0
1131,2,1,1,1,0,0,1,0,1,0,1,1,0,0,1,2,0,0,2,0,-0.28268826713249634,0.27978817349516316,1.2,0
1132,0,0,1,0,0,1,1,1,0,1,0,0,1,0,2,0,0,0,0,0,0.2533523424716836,0.47731796565445483,1.2,0
1133,1,2,0,1,2,1,1,1,0,0,0,0,0,0,0,0,0,1,1,2,-1.2955760263006295,-2.4514416758670854,1.2,0
1134,0,1,0,1,1,0,1,1,1,2,0,0,1,0,0,1,0,0,0,0,-0.3077554421519457,-0.9535903438361852,0.7766769712470324,1
1135,0,0,0,1,2,0,0,0,0,0,0,0,0,0,1,1,0,1,1,2,-0.8402063493971139,-0.46405307845403765,0.9368826752196115,1
1136,0,1,1,0,1,0,1,0,0,1,1,0,0,0,2,0,0,2,0,0,0.5769868153836799,-1.4077742149408872,1.2,0
1137,0,2,0,1,2,1,0,1,1,0,0,1,1,1,1,1,1,1,0,1,0.484678555389384,-1.1102216707866954,0.5505966383606093,1
1138,0,1,0,2,0,0,1,0,0,0,0,1,0,0,0,1,0,2,0,1,-1.2716811004597852,-1.9866630535235974,1.2,0
1139,0,1,0,1,0,0,1,0,1,2,1,0,1,0,1,0,0,0,1,0,-0.837843847906196,0.4110325746661498,1.2,0
1140,1,1,1,1,1,1,0,0,1,0,0,1,0,0,2,0,1,0,2,0,0.26770722704132177,0.959078231582736,1.2,0
1141,0,0,0,0,0,0,0,0,0,0,0,1,0,1,0,0,0,0,0,1,1.31159595653592,0.2489067174276631,1.2,0
1142,0,0,0,1,0,0,1,1,0,0,0,0,0,0,1,1,0,1,2,1,-0.29065065410730617,1.2822778955177654,1.2,0
1143,0,1,1,1,1,0,1,0,0,2,0,0,0,0,1,1,1,2,0,1,0.7252193342228245,-0.6550580397997681,1.2,0
1144,0,1,0,1,0,2,1,0,1,1,1,0,2,0,0,0,0,1,2,1,-0.49691057646445463,-0.3285683316743858,1.2,0
1145,0,1,0,1,2,0,0,0,0,1,0,2,0,0,1,0,0,2,0,1,-0.7500927454574404,-0.20174609893468196,1.2,0
1146,0,2,0,2,0,1,0,0,0,0,0,0,1,1,1,0,0,0,0,2,0.0647431478613345,0.46388543372199587,1.2,0
1147,0,0,0,0,0,0,0,0,0,0,0,0,0,0,0,1,1,0,0,1,-0.21559240883192268,-0.14852812650472896,1.2,0
1148,1,0,1,1,1,1,0,0,0,1,0,1,0,0,2,1,1,0,0,0,-1.8155438941053414,-0.6387023388902605,1.2,0
1149,1,1,1,0,2,0,0,0,0,0,0,0,0,0,1,0,0,2,1,0,-1.1256906783594696,-1.6021636880665395,1.2,0
1150,1,1,0,0,1,0,0,0,0,1,1,0,0,0,1,1,0,0,0,1,-0.5340012136925399,0.7079638000363665,1.2,0
1151,0,1,0,2,0,0,0,0,0,1,0,0,0,0,1,2,0,0,1,0,-0.35472741766881216,-1.1428446726655312,1.2,0
1152,0,2,0,0,1,2,1,1,0,0,0,1,0,0,1,0,0,1,0,2,0.08452035280639209,-0.024953511486588864,1.2,0
1153,1,2,2,1,0,2,0,2,0,1,1,0,0,1,2,1,1,1,0,0,1.3042113379060478,-0.4067880147811339,1.2,0
1154,1,2,1,1,2,1,0,0,0,0,0,1,1,0,0,0,0,1,2,0,-1.2592655287270083,-1.1777751638762761,1.2,0
1155,2,0,0,0,1,0,0,0,1,1,0,1,0,0,2,1,0,1,2,0,0.03954764403290431,0.49051531709824425,1.2,0
1156,0,2,0,0,1,1,1,1,0,1,0,0,0,0,1,1,1,0,1,1,1.349054532602708,0.5102403654545353,1.2,0
1157,0,0,1,0,1,0,0,0,0,0,0,0,0,0,1,0,0,0,0,1,-0.8736865385420339,-1.0716155395871698,1.2,0
1158,0,1,1,0,1,1,1,0,0,1,0,0,0,0,0,1,0,1,0,1,1.5637629343418373,0.6595779696740758,1.2,0
1159,0,0,0,0,1,0,1,1,0,0,1,0,1,0,0,2,1,1,1,2,0.38164976418119,-0.19625277791166534,1.2,0
1160,0,1,0,1,0,1,0,1,0,1,0,1,0,0,1,0,0,0,0,1,0.24147798994991965,0.5646565488160404,1.2,0
1161,1,2,1,1,1,0,0,1,0,2,0,0,1,1,1,1,0,1,2,2,0.9884390150990013,-0.22702079214226445,1.2,0
1162,1,0,0,0,1,0,0,0,0,0,1,0,1,0,0,0,0,1,0,0,0.09366624836070551,-1.3976146375109728,1.2,0
1163,1,2,0,1,0,0,2,0,1,1,1,0,0,1,1,1,0,0,1,1,0.4280850217087456,-0.13545555719211294,1.2,0
1164,0,1,0,0,0,0,1,1,0,0,0,0,1,0,1,1,0,0,1,0,0.28937379453571127,-0.838073824688458,1.2,0
1165,1,1,1,0,1,0,0,0,0,0,0,0,0,0,0,0,0,0,1,1,0.8521477654358628,-0.6002230298300093,1.2,0
1166,1,1,0,2,1,0,1,0,0,0,0,0,1,0,0,1,0,0,0,0,-1.2351846318368231,0.5354577395824497,1.2,0
1167,0,2,0,0,2,0,0,0,0,0,0,1,0,1,1,1,0,1,0,0,-1.2403009237730578,-0.3669388874717612,1.2,0
1168,0,2,0,1,1,0,0,0,0,0,0,0,0,0,1,0,0,0,1,1,0.08965131381845363,-0.18955027054034762,1.2,0
1169,0,1,0,1,0,0,0,0,0,0,0,0,0,0,1,0,0,1,2,0,-2.001916520842718,-0.833946271279516,1.2,0
1170,0,0,0,2,2,0,0,1,0,0,1,1,0,0,0,1,0,1,1,0,-2.0299015110415497,-1.0706125943686882,1.2,0
1171,0,2,0,1,0,0,1,1,0,0,0,1,1,0,2,1,0,0,1,1,0.586520790366282,-0.69303768140475,1.2,0
1172,1,2,0,1,1,1,2,1,0,0,0,0,1,1,1,0,0,0,0,2,0.47422781252680496,-0.13956862291890193,1.2,0
1173,0,1,0,1,0,0,0,1,1,0,1,0,0,1,1,0,0,0,1,1,1.4792200710963523,0.732239144822241,1.2,0
1174,1,0,0,1,0,1,0,1,0,1,0,0,0,0,2,1,1,0,0,1,-0.4890991861137425,-0.01724703945006445,1.2,0
1175,1,1,0,0,1,0,0,0,0,1,0,1,0,1,1,2,0,0,2,0,0.5254354003109627,-0.6637142775134626,1.2,0
1176,2,2,1,0,1,0,1,0,0,0,0,0,1,0,1,1,0,1,1,0,0.6929423272711258,0.6733906977703803,1.2,0
1177,1,1,1,0,1,1,0,0,0,1,0,1,1,2,0,2,0,1,1,1,0.6816822353443941,1.0797587444846117,1.2,0
1178,2,1,0,0,1,0,2,0,0,0,0,1,1,0,2,1,1,0,1,0,-0.011751177673875478,2.053474621155475,1.2,0
1179,1,1,1,0,2,2,1,1,0,1,0,0,0,1,0,0,0,0,1,0,-0.26735717551682026,-0.7228219768787933,1.2,0
1180,0,1,0,1,1,0,0,1,0,0,0,0,0,1,2,0,1,1,1,0,1.0195792694414891,0.17045372318153135,1.1920275045555513,1
1181,1,1,0,1,1,0,2,1,0,0,1,0,0,0,1,1,0,1,1,1,1.7877142924373357,-0.3826184725270992,1.2,0
1182,0,1,1,0,0,0,1,1,1,0,1,0,1,0,1,0,0,1,0,0,-1.6877538011123796,0.32366144005910535,1.2,0
1183,0,1,1,1,1,0,0,0,1,1,1,0,0,0,1,1,1,1,1,1,0.2207923838240839,-0.1924918221761449,1.2,0
1184,0,2,0,0,0,1,0,0,0,0,0,0,0,1,1,0,0,1,0,0,-0.9943147888302847,0.21014049652526612,1.2,0
1185,0,0,0,1,2,0,0,0,0,0,0,0,0,0,1,0,0,0,0,1,-0.06445258883497441,-0.6633844567444807,1.2,0
1186,0,2,1,0,2,2,0,0,0,0,0,0,0,0,1,0,1,2,2,0,-0.3995486467913612,-0.890000696219067,1.2,0
1187,1,1,0,1,1,0,0,0,1,1,0,0,0,0,1,1,0,0,0,0,1.2108925913336592,0.46495770065964176,1.2,0
1188,0,1,0,2,0,0,1,1,0,0,0,0,0,0,0,0,1,1,0,0,1.405043853868997,0.7549134361394567,1.2,0
1189,1,1,0,1,0,0,0,0,0,1,0,1,1,0,1,1,0,0,0,1,-0.66307874440728,0.9571579707575462,1.2,0
1190,0,1,0,0,0,1,0,1,0,1,0,0,0,0,1,0,1,0,1,1,-0.10734737015426622,-0.044898619702851465,1.2,0
1191,0,0,0,1,1,1,1,0,1,0,0,1,0,0,0,1,1,0,0,1,-0.40487231983115674,0.02118813679582998,1.2,0
1192,0,1,1,1,1,0,1,1,0,0,0,0,0,0,0,2,0,1,1,1,0.7696460072167876,-0.8853601703498126,1.2,0
1193,1,0,1,0,1,0,0,0,0,0,0,1,0,0,0,0,1,2,1,0,-0.5569146636436515,-0.6104646897965585,1.2,0
1194,1,0,1,1,1,1,0,1,0,1,0,1,0,0,0,1,0,0,1,0,-0.5196837245220629,-0.6993703312740572,1.2,0
1195,2,2,0,1,1,0,0,1,1,0,0,1,1,0,1,0,0,0,1,0,0.5466771693278923,0.6960804984126134,1.2,0
1196,0,0,1,1,2,0,0,0,0,1,2,1,0,2,0,1,0,0,1,1,-0.5694475889304994,-0.7377167920378447,1.2,0
1197,0,0,0,1,1,2,1,1,0,0,0,1,0,0,2,2,0,1,1,1,0.920658153588815,-1.6269986402385155,1.2,0
1198,0,1,0,1,2,1,1,1,0,1,2,0,0,1,1,2,0,2,2,0,0.20246649798236008,-2.5476626135093374,1.2,0
1199,0,1,0,1,1,0,2,2,0,0,0,0,0,0,1,0,2,1,2,0,-0.6029442431192547,-1.3098062120462797,1.2,0
1200,0,1,0,1,1,0,1,0,0,0,0,0,0,1,1,1,0,0,0,0,-0.09295460152315746,-0.0401669507266158,1.2,0
1201,1,0,0,1,0,0,0,1,1,0,0,0,0,0,0,0,0,0,1,0,0.5335906115446073,0.9159007535965251,1.2,0
1202,0,2,0,0,0,1,1,0,0,2,1,0,0,1,2,0,1,0,0,1,-0.12646444505533877,-1.8991813033539473,1.2,0
1203,0,0,1,1,0,0,0,0,0,0,0,0,1,0,1,0,0,1,1,1,0.2960846195972832,0.9504966469831243,1.2,0
1204,1,1,1,1,1,2,0,1,1,1,0,1,0,0,1,1,1,1,2,1,1.0688088822793316,0.4740497636160683,1.2,0
1205,1,1,1,2,1,1,0,0,0,0,0,1,0,1,1,0,0,1,1,2,0.6253097775809509,1.1348454539631123,1.2,0
1206,0,1,0,2,1,0,0,1,0,1,0,1,1,0,0,1,0,0,1,1,-0.38191311744494866,-0.813925481683984,1.2,0
1207,0,0,1,1,1,0,1,1,0,0,0,0,1,0,1,0,0,0,2,1,-0.47488070839923185,-0.3651278550682534,1.2,0
1208,0,0,0,1,1,0,1,1,0,1,0,0,0,0,1,1,0,1,1,1,-0.2924610409485397,0.5557100830107984,1.2,0
1209,0,0,1,0,1,1,0,0,0,1,0,0,0,1,2,0,0,1,0,0,0.302770294970258,-0.2891290332648139,1.2,0
1210,1,2,1,1,0,1,1,2,0,2,0,1,0,0,1,0,0,1,0,2,2.1560607558363922,1.8926336496952518,1.2,0
1211,0,2,0,1,1,0,0,1,0,2,1,0,1,0,0,0,0,0,1,1,-0.3977371136049519,-1.5009687520858508,1.2,0
1212,0,1,0,1,1,1,0,0,0,0,1,1,0,2,1,0,1,0,1,0,-0.1143919807690339,-0.23333959645829427,1.2,0
1213,0,0,0,0,0,2,1,0,0,0,0,1,0,0,0,0,0,1,0,0,-1.6216527663210591,-0.6510779880896373,1.2,0
1214,0,1,0,2,1,1,1,0,1,1,0,0,0,0,1,1,1,0,1,0,0.054571401427827626,0.4321438340154268,1.2,0
1215,0,1,1,0,1,1,1,1,0,0,0,0,0,0,0,0,0,1,0,1,-0.7798888655741528,-0.4648709260173073,1.2,0
1216,0,1,0,0,1,1,1,1,0,1,0,0,1,0,1,1,0,1,0,2,-2.45059599865112,0.9993550612772343,1.2,0
1217,0,1,0,1,2,1,0,1,0,1,0,1,0,1,1,1,0,2,0,1,-0.8075653948151595,-0.4072804232629971,1.2,0
1218,0,1,1,1,1,1,0,0,1,0,0,1,0,0,2,0,2,1,0,0,1.3226801030463609,-0.13494280660797078,1.2,0
1219,0,1,1,1,2,0,0,0,0,0,1,0,2,0,2,1,0,1,0,0,1.1193747815997794,0.8195428320609562,1.1042589495378143,1
1220,1,0,1,2,0,0,1,1,0,0,0,0,1,0,1,2,1,0,0,1,0.6052880072562942,1.2000053788344607,1.2,0
1221,1,2,0,1,0,1,0,1,0,1,0,0,0,0,1,1,1,1,1,0,-0.7125160781441883,-1.1789175452076017,1.2,0
1222,0,0,0,1,1,0,1,0,0,0,0,0,0,0,1,2,1,2,1,2,-0.6126413049235689,-0.9696006426613903,1.2,0
1223,0,1,0,1,2,0,1,0,0,1,1,0,1,0,1,1,0,2,1,1,0.21131787180467881,-0.3844194359682083,1.2,0
1224,0,2,0,2,2,0,1,0,0,1,0,0,0,0,1,0,1,0,1,0,0.3852589254242001,0.1412152697371288,1.2,0
1225,1,0,0,1,0,0,1,1,1,1,0,0,2,0,1,0,0,0,1,1,0.4425708033750642,0.8933835149499181,1.2,0
1226,1,1,0,2,1,1,2,0,0,0,0,0,0,0,1,0,0,0,1,0,-0.8399641909666836,0.4724563067244104,1.2,0
1227,0,0,1,0,1,0,0,0,0,0,0,1,0,0,0,1,2,1,0,1,0.6610147161898834,1.1688059178651593,1.2,0
1228,1,1,1,1,0,0,0,1,0,0,0,0,0,0,2,0,0,1,1,1,-0.7191662067450206,0.276088711827909,1.2,0
1229,0,1,1,0,1,0,0,0,0,0,1,1,0,0,0,0,0,2,2,0,-1.622863228836215,1.1464222968667075,1.2,0
1230,1,1,1,1,1,1,0,1,0,1,0,0,0,0,1,1,0,2,1,0,0.03792404617453983,1.2754493676301801,1.2,0
1231,0,1,1,1,0,1,0,0,0,0,1,1,0,1,1,1,0,1,2,0,0.8700269037329794,0.014064259591741013,1.2,0
1232,0,1,0,0,2,2,0,1,1,0,0,0,1,0,1,1,1,0,1,1,-0.28171043798556195,-0.1637723039465207,1.2,0
1233,0,1,0,0,0,1,1,1,0,0,1,0,0,0,1,0,0,1,2,1,-0.618972816619074,-1.7929474576565156,1.2,0
1234,0,1,1,1,2,0,0,1,1,2,0,0,0,0,2,1,0,0,1,0,-1.0670192260574476,0.5066229845294812,1.2,0
1235,1,1,0,2,0,0,0,0,1,0,0,0,0,0,1,0,0,2,1,0,0.5222816593281601,0.05787760827750624,1.2,0
1236,1,2,0,0,2,0,0,0,0,0,0,2,0,0,0,0,0,1,0,0,-0.3387377908987314,0.8724374975183886,1.2,0
1237,0,1,1,1,1,1,0,1,0,1,1,0,0,0,0,2,0,1,2,0,1.0936143284676902,0.5215782460697368,0.5153991857412875,1
1238,0,1,2,1,1,0,1,1,1,1,1,0,0,0,1,0,0,0,2,2,0.5067968563679035,0.02972919636164595,1.2,0
1239,1,1,0,0,1,1,0,0,0,0,0,0,0,0,1,0,0,0,0,1,-1.6427831713490144,-0.016010804562290315,1.2,0
1240,1,1,0,2,1,0,0,1,0,0,1,0,0,1,1,0,1,0,0,1,-2.416862709850673,-0.8859498781240861,1.2,0
1241,0,0,1,1,0,0,1,0,0,0,1,0,0,0,1,0,0,0,0,1,-1.2802785545733681,0.4267032205325255,1.2,0
1242,0,1,0,2,1,0,1,0,0,1,0,0,0,0,0,0,0,0,1,1,0.8856196622965105,0.7566930957535607,1.2,0
1243,1,2,1,1,1,0,1,1,0,0,0,1,0,0,0,0,0,2,1,0,0.04945198729909541,-0.529697671822498,1.2,0
1244,1,1,0,2,1,1,0,0,0,0,1,0,0,0,0,0,0,1,0,0,0.7046788111471974,-1.4453904425082602,1.2,0
1245,0,0,0,2,0,1,1,0,1,1,1,0,0,0,1,0,0,1,0,1,0.3281466957133901,-2.0497878515138424,1.2,0
1246,0,0,0,1,0,0,1,0,0,0,0,0,0,0,0,0,0,0,0,1,-1.158471520308424,-0.853509730718645,1.2,0
1247,0,2,1,0,0,0,0,1,1,0,1,0,1,0,2,1,0,1,1,1,1.0058323290633941,0.5326254990486847,1.2,0
1248,1,2,0,0,1,0,0,0,0,0,0,0,0,0,1,1,1,0,0,1,-2.4440379523188365,-1.354101471420831,1.2,0
1249,0,2,0,0,1,1,0,0,1,1,0,0,1,1,0,0,0,0,1,0,0.7694433893531486,-0.6360697318009666,1.2,0
1250,0,2,1,1,0,1,0,1,0,1,0,0,0,0,1,0,1,0,0,0,0.4306018348464187,-0.406398638971947,1.2,0
1251,1,1,1,1,1,1,1,0,0,0,0,0,0,0,2,0,0,1,0,0,1.2035542063511302,-0.8057140007648335,1.2,0
1252,0,1,0,1,1,0,0,0,0,0,0,0,0,0,2,1,2,0,0,2,0.22333620849326805,0.8250807807902566,1.2,0
1253,1,1,0,0,2,1,1,2,0,1,0,1,0,0,0,0,0,1,0,0,-0.2921225880986776,-0.5212566684258114,1.2,0
1254,0,2,0,0,1,0,2,0,0,1,1,0,0,0,1,1,0,1,1,0,0.15319337140874895,-2.216926221205634,1.2,0
1255,1,0,0,0,2,1,0,2,1,1,0,0,0,0,1,0,1,0,1,0,0.9556233744432091,-0.8561155028599269,1.2,0
1256,1,1,2,1,1,0,0,1,0,0,0,0,0,0,2,1,0,0,2,2,-0.04313851047758087,1.2546200040289177,1.2,0
1257,0,1,0,0,2,1,1,0,0,0,0,2,0,1,1,0,0,1,1,0,-1.3573161755267689,-0.5859202979419442,1.2,0
1258,0,2,0,1,0,0,0,0,0,0,0,0,2,1,1,1,1,0,0,1,0.015235275220165139,0.4534294269091583,1.2,0
1259,1,1,1,0,2,0,1,0,0,1,0,0,0,0,0,1,1,1,0,0,-0.14316711396642243,-0.1958006019051303,1.2,0
1260,1,0,1,1,2,1,0,2,0,0,0,0,0,0,0,0,0,0,0,0,-0.7763204307249916,0.25499854278419054,1.2,0
1261,0,1,0,1,0,1,0,1,0,1,0,0,1,0,1,0,0,1,0,0,-0.3780797472957901,-0.6289418280895973,1.2,0
1262,0,1,1,0,0,0,1,0,0,1,1,1,0,0,1,1,2,0,1,1,0.6932507392479399,0.28013032482137,1.2,0
1263,0,1,0,2,1,0,0,0,0,1,0,0,0,0,0,1,1,0,1,1,0.5904728038586081,1.215053631490115,1.2,0
1264,1,0,0,1,0,2,1,1,0,1,0,1,1,0,0,0,0,1,1,0,1.7143412047848745,1.1026549532119927,1.2,0
1265,1,2,1,1,1,0,1,0,0,2,0,1,1,0,2,1,0,0,0,1,-0.23044555186544494,0.1748893679777095,1.2,0
1266,1,0,1,1,0,0,2,0,0,0,0,1,1,0,2,2,0,0,0,2,-0.6020125160985174,0.6490540814368148,1.2,0
1267,1,2,1,1,0,1,1,0,0,1,1,0,1,0,1,1,0,0,0,1,0.35840712237704625,0.7227277628602685,1.2,0
1268,1,2,0,1,1,0,0,1,2,1,0,2,2,0,2,1,0,1,0,2,1.0264151648135214,1.8116870726657677,1.2,0
1269,1,0,0,1,1,0,1,1,0,1,0,0,0,0,1,1,0,1,1,1,1.7804144770844759,-0.03415178270438257,1.2,0
1270,1,1,0,1,0,1,1,1,1,1,0,0,0,0,0,0,0,0,1,0,1.1806479740249654,0.32114698439488143,1.2,0
1271,1,0,0,1,0,0,0,0,0,2,0,0,1,0,2,0,1,1,0,1,-0.3965825247321913,-1.229807995189673,1.2,0
1272,0,1,1,1,2,0,0,1,0,1,0,0,0,0,1,0,0,1,1,1,-0.5079011465288428,-2.1344944918305946,1.2,0
1273,1,0,1,1,2,0,0,2,0,0,0,1,0,1,0,0,0,0,1,2,0.09077909948364074,-1.3871452091959815,1.2,0
1274,0,2,0,0,2,1,1,0,0,0,1,1,1,0,1,0,0,0,0,0,-0.3139999245453574,-0.7856503664588762,1.2,0
1275,1,1,0,0,0,0,1,0,0,0,1,0,0,0,1,1,1,0,1,1,-0.08830475211147014,0.6685363314093642,1.2,0
1276,0,0,1,0,1,1,0,0,0,1,0,1,1,1,1,1,0,0,0,0,-0.4216618043601533,-0.9089593348813046,1.2,0
1277,0,1,0,0,1,1,0,0,0,0,0,1,1,1,0,0,1,1,1,0,0.5583402855046402,0.13030887356648574,1.2,0
1278,0,1,1,0,2,0,1,1,1,1,0,0,0,0,1,0,0,2,1,0,1.6335001468161279,0.6987887445295204,1.2,0
1279,1,1,1,2,2,0,1,0,0,1,0,0,0,2,0,0,0,1,1,0,0.1757603378585584,-0.9286450770683132,1.2,0
1280,0,1,0,1,0,0,0,0,1,1,0,1,0,0,1,0,1,0,0,0,-0.11214933530710214,1.224486279597445,1.2,0
1281,0,2,1,0,0,1,0,1,0,0,0,0,0,0,0,0,1,2,1,2,-0.7268184797523944,-0.5484615541791882,1.2,0
1282,1,1,1,1,0,1,1,1,1,1,0,0,0,1,2,1,1,0,0,1,0.8652885280440238,0.6331026122616317,0.2920945236695411,1
1283,0,0,1,1,0,0,0,0,0,0,0,0,0,0,1,1,0,0,0,1,0.6257257441698612,-1.4115075096518088,1.2,0
1284,1,0,1,2,1,0,0,1,0,2,0,1,1,0,1,0,0,2,0,0,-0.8496734056885807,0.6832924594845422,1.2,0
1285,1,0,0,1,2,0,0,0,0,0,0,0,1,0,0,0,0,1,0,0,0.9908722552284864,0.5850933182221099,1.2,0
1286,1,1,0,1,1,0,0,1,0,1,0,0,0,1,2,0,1,0,1,2,-0.25940029270317716,0.1915417370585688,1.2,0
1287,0,0,1,1,0,1,1,0,0,0,0,1,0,0,2,0,0,0,1,0,1.0533679673964502,-0.013705141263604281,1.2,0
1288,0,1,1,1,0,0,1,1,0,0,0,0,0,0,2,0,0,0,2,1,1.346220740342485,-0.05496862076097331,1.2,0
1289,0,2,0,0,1,1,0,1,0,0,0,0,0,0,0,0,0,0,0,0,-0.4704363823560554,1.3584974480148833,1.2,0
1290,1,0,1,0,1,1,1,0,0,0,1,0,0,0,1,0,0,0,0,2,1.4840849139794365,1.948259134114204,1.2,0
1291,1,2,0,0,0,0,0,0,0,0,0,0,0,0,1,1,0,1,1,0,-0.4405838343377938,0.6068694910595761,1.2,0
1292,0,2,1,2,1,0,0,0,0,1,2,0,0,0,1,0,0,0,1,1,-1.3039794207220115,-0.015925819954030758,1.2,0
1293,1,1,1,1,1,0,0,0,1,0,0,0,0,0,0,0,1,0,1,1,-0.9271614127242034,-0.35835599395989814,1.2,0
1294,0,2,0,0,0,0,0,0,0,1,0,0,0,0,1,1,0,1,0,1,-0.7562290049584273,-0.411581501879152,1.2,0
1295,2,1,0,1,0,1,2,1,0,2,0,0,0,0,1,1,0,1,0,0,-1.4090683990006008,-0.5790653048544582,1.2,0
1296,0,2,2,1,1,1,0,0,0,1,0,0,0,0,1,1,0,1,0,0,-1.3255385455554822,-0.0323851870041682,1.2,0
1297,1,1,1,1,1,0,0,1,0,0,0,1,0,0,2,0,0,1,1,0,1.4685409025708316,-0.3034037823304194,1.2,0
1298,0,1,0,1,1,0,1,1,0,0,0,0,0,0,2,0,0,1,0,1,-0.5792054050571234,-0.37161820295582804,1.2,0
1299,0,2,1,1,1,1,1,0,1,0,0,1,0,1,0,0,0,0,0,0,-0.7508108309261409,-0.3883575633620253,1.2,0
1300,1,1,1,1,2,0,1,1,0,1,0,1,0,0,0,0,0,0,0,0,1.0715051887083598,-0.09959986492323042,1.2,0
1301,0,2,0,2,1,0,0,0,1,0,0,0,1,0,0,0,0,1,0,0,0.2524398535631413,0.9924070584143425,1.2,0
1302,0,1,0,1,1,1,2,0,0,0,0,1,0,1,1,1,0,0,1,1,-0.6073838806563886,-0.9256970552917836,1.2,0
1303,2,1,0,1,1,0,1,1,0,1,1,0,0,1,1,0,0,0,1,1,-1.2390328308224492,0.4612718333975753,1.2,0
1304,0,1,0,1,1,2,0,0,0,0,0,0,1,0,1,0,1,0,1,0,-0.8209596943988919,-1.920933956747986,1.2,0
1305,0,0,1,1,0,0,0,0,0,1,0,2,0,0,0,1,1,0,2,2,-0.888709619321468,0.3952231552143079,1.2,0
1306,1,1,1,2,1,0,0,1,0,1,1,1,0,0,2,1,0,1,1,0,0.8948914790847566,-0.37766577532760065,1.2,0
1307,1,1,0,1,2,0,1,0,0,0,0,0,0,1,1,1,0,0,0,1,-0.1446667781491581,0.9712123957957977,1.2,0
1308,0,1,0,1,1,0,0,1,0,0,0,0,2,0,2,0,0,1,0,1,-2.263610334441763,-0.3423644631017232,1.2,0
1309,0,2,0,1,0,1,1,0,0,0,0,1,1,0,2,1,1,1,0,1,0.3428112061393299,1.2167118401749641,0.9278838277123866,1
1310,0,1,0,1,1,0,0,1,1,0,0,0,0,0,2,1,0,1,0,1,-2.474047808592239,-1.7388931308480498,1.2,0
1311,1,1,0,2,0,1,1,0,0,0,0,0,0,0,2,0,0,0,1,0,1.3197600722820813,0.9991946347205914,1.2,0
1312,1,2,0,1,2,1,0,1,0,1,1,1,0,1,2,1,0,1,1,2,0.9294634049906637,0.4787605403812756,1.2,0
1313,1,1,0,0,1,0,1,0,0,0,0,1,0,1,1,1,0,1,1,1,-1.8844938526982904,-0.579615059280301,1.2,0
1314,0,1,1,2,1,0,2,0,0,0,1,0,1,1,1,0,1,0,2,0,-0.36496041419015296,-0.2541840900767145,1.2,0
1315,1,1,0,0,1,1,0,0,1,0,0,0,2,1,1,0,0,0,1,2,-0.06977333912472865,-0.532532470118031,1.2,0
1316,1,1,0,2,1,0,0,0,0,1,0,0,0,0,1,1,0,2,0,0,0.7743823586237949,-0.061879117783175175,1.2,0
1317,0,1,0,1,0,0,0,0,0,0,0,0,0,2,1,0,0,2,0,1,0.31235261703170286,1.6908362589332593,1.2,0
1318,0,0,0,0,1,0,1,0,0,1,1,1,0,0,0,1,0,1,1,1,1.3665892876766816,-0.25218194065162725,1.2,0
1319,0,0,1,1,0,0,0,0,0,0,0,0,1,0,1,1,0,1,2,1,0.8062889800696972,-0.5495742272591954,1.2,0
1320,0,2,0,1,1,0,0,1,0,1,0,0,1,0,2,2,0,1,0,1,-2.270877556301855,-2.2961937088040485,1.2,0
1321,0,2,0,1,1,0,1,0,0,1,0,1,0,0,1,1,1,0,0,0,-0.19158184434971212,-0.7800051253306347,1.2,0
1322,1,1,0,2,2,0,0,1,0,0,0,0,0,0,0,1,1,1,2,0,1.6855857244431467,0.334981557731184,1.2,0
1323,1,1,0,0,1,0,0,0,0,1,0,0,1,1,0,1,0,1,2,0,0.5305577570244817,1.370921246705263,1.2,0
1324,2,1,1,0,1,0,0,1,0,0,0,1,0,0,1,0,0,0,1,0,-0.4684175174197529,1.277159782743074,1.2,0
1325,0,1,1,1,1,0,0,2,1,0,0,0,0,0,0,2,0,1,1,1,0.8229245505744266,-0.447231362281015,1.2,0
1326,1,1,0,2,1,0,0,0,0,0,0,0,0,1,2,1,0,1,1,0,2.402659674023184,-0.045770897609609285,1.2,0
1327,0,1,1,1,1,0,1,0,0,0,1,0,0,0,0,1,1,2,1,0,-1.5980597722097285,-0.7125955092961795,1.2,0
1328,1,0,1,1,0,0,0,0,1,0,0,0,0,0,1,0,0,0,2,1,1.943959282850082,0.7182331787059758,1.2,0
1329,0,1,0,0,1,1,0,0,0,1,0,1,0,0,0,1,0,0,0,1,-0.8140036671786308,0.02829206032542264,1.2,0
1330,0,2,1,0,0,1,0,1,0,2,0,1,1,1,0,1,0,0,1,1,-0.654506273921194,-0.8762633064447044,1.2,0
1331,1,1,1,0,0,0,0,0,0,1,0,0,0,1,2,1,0,0,1,1,-0.21306267384593966,0.6289272954970195,1.2,0
1332,0,2,0,1,1,0,1,0,0,0,0,1,0,0,0,0,0,2,2,0,1.7416794147607668,1.5464454420870217,1.2,0
1333,0,1,0,0,1,0,1,0,1,2,0,0,0,0,0,1,1,1,0,2,-0.19936021977248866,-0.746956658778539,1.2,0
1334,1,0,1,1,2,1,1,0,0,0,0,0,1,0,1,0,0,1,1,1,-0.8726744344609166,0.02612349656812865,1.2,0
1335,1,2,2,0,0,0,0,0,1,2,1,1,0,0,0,1,0,1,0,1,0.6140284633836574,1.423667827884373,1.2,0
1336,0,1,1,1,1,2,0,0,1,0,0,0,0,2,0,0,0,1,1,0,0.8101113870042375,-0.8959711604685217,1.2,0
1337,0,1,0,1,0,0,0,0,1,0,0,0,1,1,1,0,0,0,0,0,1.1090305281996387,-0.45161797355249533,1.2,0
1338,0,0,0,1,1,0,0,0,1,1,1,0,0,0,1,1,0,1,0,1,-1.139105118562464,-0.3693957014420899,1.2,0
1339,0,1,0,1,1,1,0,1,0,2,1,0,0,0,1,1,1,0,0,0,0.033347890254753446,-0.640616213337887,1.2,0
1340,1,1,2,0,0,0,1,2,1,1,0,1,0,0,1,1,0,0,1,0,-0.3936264396967278,0.12462661773968578,1.2,0
1341,0,1,1,2,1,2,1,0,0,0,1,0,0,0,1,0,0,1,0,1,-0.9703903901424613,-0.524453474488788,0.41953572430947467,1
1342,0,0,0,1,0,0,1,1,0,0,0,0,0,2,1,0,0,0,1,1,-0.23756786011632414,0.5182536694080988,1.2,0
1343,1,1,0,1,0,1,0,1,0,1,0,1,1,1,2,0,0,0,2,1,2.4824401359129458,1.684760964796298,1.2,0
1344,0,0,1,0,1,0,0,0,0,2,1,1,1,2,1,1,1,0,1,0,1.1961501731931037,0.20228180419792557,1.2,0
1345,0,1,0,1,2,0,1,2,1,1,0,0,0,0,1,1,0,0,0,0,-0.15654122864169287,-0.7785663276491467,1.2,0
1346,0,1,0,0,1,1,0,2,0,0,0,0,0,0,0,1,0,0,1,2,-1.436550624345051,-1.5244000160325002,1.2,0
1347,2,2,0,2,1,0,1,0,0,1,0,0,1,0,0,0,0,1,1,0,-0.7041643238691094,0.05535495007995195,1.2,0
1348,0,2,0,0,1,1,0,1,0,0,0,0,0,0,1,0,0,1,2,0,0.6131909889609374,0.6904339280887382,1.2,0
1349,0,1,0,1,0,0,1,0,1,1,1,1,0,0,1,0,0,2,1,1,2.209838955873261,0.29612020612632095,1.2,0
1350,1,1,2,0,0,0,0,0,1,0,1,0,1,1,0,0,1,1,0,0,0.21561999878872806,1.4947421563228502,1.2,0
1351,0,1,0,2,0,0,0,0,0,1,0,0,1,0,1,0,1,2,0,1,0.5240894222058451,0.8535785756014596,1.2,0
1352,0,1,0,1,1,0,2,0,0,2,0,0,0,0,2,0,0,0,1,0,0.59535366905694,-0.43168977367350125,1.2,0
1353,0,0,0,0,0,1,0,0,0,0,1,1,0,0,0,1,1,0,0,0,0.023449520316185135,-0.36722296776722285,1.2,0
1354,1,0,0,1,1,0,1,0,0,1,1,0,0,0,1,1,0,0,1,1,2.521046025279849,-0.214221175617618,1.2,0
1355,0,1,0,0,2,0,1,2,1,1,0,1,0,0,1,0,0,1,2,1,-0.614950898409867,-0.6265053435351277,1.2,0
1356,1,1,0,2,1,0,0,0,0,1,0,1,0,0,1,0,0,2,0,1,0.055056991626658065,0.5853715156838983,1.2,0
1357,0,2,0,1,0,0,1,0,0,1,0,0,1,0,0,1,0,1,0,1,0.25176394217795095,2.3269783455104966,1.2,0
1358,0,0,0,1,1,0,1,1,0,0,1,1,0,0,1,0,0,2,0,0,1.5210879561373312,-0.4362196478474065,1.2,0
1359,0,1,0,1,2,0,1,0,0,0,0,0,1,0,0,1,0,1,0,1,0.20443571801797142,-0.5006779162189059,1.2,0
1360,0,0,0,0,1,0,0,0,0,0,0,1,0,0,1,0,0,0,0,0,0.8393930835573606,0.43898904177168274,1.2,0
1361,0,1,1,0,2,2,0,1,0,0,0,1,0,0,1,1,1,0,1,1,-0.6276773905772464,-0.8753054804000291,1.2,0
1362,0,1,1,1,2,1,1,0,0,0,0,0,2,0,1,0,0,0,0,1,-0.5329367686002109,-0.2827721939096396,1.2,0
1363,0,1,0,2,0,0,0,0,0,0,0,1,0,0,2,0,0,0,1,0,-1.7438163313109576,-0.2276414666460133,1.2,0
1364,1,1,1,2,1,0,0,0,0,1,0,1,0,1,1,1,0,1,0,0,-1.3308553464718749,-0.17261229885039014,1.2,0
1365,0,2,0,0,0,0,0,1,0,0,0,0,2,0,1,0,0,0,1,0,-0.8315017466170923,0.2138419249225443,1.2,0
1366,2,0,0,0,1,1,0,1,0,1,0,0,0,0,1,0,0,0,1,0,0.8599557703839852,1.2653439452197222,1.2,0
1367,0,1,0,0,1,0,0,1,0,0,0,0,0,0,2,2,0,2,0,1,-0.4155720909365193,-0.7558821045788319,1.2,0
1368,0,0,2,1,0,0,0,0,0,1,0,0,0,0,1,1,0,1,2,0,-0.004414746837819114,-0.23833775858512707,1.2,0
1369,0,0,2,0,1,2,0,0,0,0,0,0,0,0,2,1,0,2,1,0,0.14461950419850628,0.6735765781974705,1.2,0
1370,1,0,0,0,1,0,0,0,0,1,1,0,1,0,0,1,0,0,0,0,-0.30446386668093695,0.4428920280699217,1.2,0
1371,0,1,0,1,1,1,2,1,0,1,0,1,0,0,1,1,2,2,0,0,1.2312957580992108,-2.056394873560211,0.8181446179761004,1
1372,0,1,0,0,0,0,0,0,0,1,0,0,1,0,2,0,0,0,1,0,-0.6031346176220117,0.6186563537442065,1.2,0
1373,0,0,0,0,0,0,1,1,1,0,0,1,0,1,0,0,0,1,0,1,3.3194632799969153,1.310448498944739,1.2,0
1374,0,1,0,1,0,2,1,0,0,0,1,0,0,0,1,1,1,1,2,0,-0.3985569447240548,-1.5180650977872974,1.2,0
1375,0,1,0,0,1,1,1,0,0,1,0,0,0,1,1,1,0,0,0,0,-1.3016402592117604,-0.31874849210255485,1.2,0
1376,1,2,2,1,1,1,0,1,0,0,0,0,1,0,2,1,0,2,0,0,0.029409531538631788,-1.0289914825707498,1.2,0
1377,1,0,0,1,1,0,1,0,0,2,0,0,0,1,2,0,1,0,0,2,1.8356227167036299,1.332532331434297,1.2,0
1378,0,0,1,0,1,1,0,0,0,0,1,0,0,1,1,1,0,1,1,1,-0.5341079964064022,-0.731037346871367,1.2,0
1379,0,1,1,0,1,0,0,0,0,2,2,0,0,1,0,0,0,0,1,0,-0.7951945030019724,-0.29345030772625663,1.2,0
1380,0,2,1,1,1,2,0,1,1,1,0,0,0,0,0,1,2,0,0,0,-0.5174765455108102,-0.5772172481253484,1.2,0
1381,1,2,2,0,0,1,0,1,0,0,0,0,1,0,2,1,0,1,0,0,-1.0817309493634664,0.24151958344614405,1.2,0
1382,0,0,1,0,0,0,0,2,0,1,0,0,0,0,1,0,0,0,0,0,-0.156565134268943,0.3510786631748021,1.2,0
1383,0,2,0,1,2,1,0,0,0,0,0,1,0,0,1,1,0,2,0,0,1.899549211837264,-0.8245155050819218,1.2,0
1384,1,0,0,1,1,0,0,0,0,0,0,0,0,0,0,1,0,0,1,1,-0.10845891248726812,-0.2862092470501872,1.2,0
1385,1,2,0,1,1,0,0,0,0,0,0,1,0,0,2,1,1,0,0,1,2.2080204277618916,1.9932532623153985,1.2,0
1386,0,2,0,1,1,0,0,0,1,1,0,1,1,0,0,1,0,0,0,0,-0.1444456736853227,0.089583416961195,1.2,0
1387,0,1,0,0,1,2,0,0,0,2,0,1,0,1,0,1,0,0,0,1,1.9678327250338548,0.3852222378205204,1.2,0
1388,0,2,0,0,0,0,1,0,0,1,0,0,0,0,0,0,0,1,1,2,0.8058960836628869,1.3317400641814379,1.2,0
1389,1,1,0,0,1,0,2,0,0,1,0,0,1,1,1,1,0,1,0,0,-0.3304277469445387,-0.18667717173173623,1.2,0
1390,1,2,0,1,1,1,0,1,0,0,0,0,0,1,0,1,0,1,0,2,1.671978972877195,1.181606732691125,1.2,0
1391,1,2,0,1,2,1,0,0,0,2,0,0,0,0,1,1,0,1,0,0,-1.0700489750302373,-0.6958823616561179,1.2,0
1392,1,1,0,1,2,2,2,0,0,0,0,0,0,0,0,1,0,1,0,1,-0.525789188160776,-0.4968829443625461,1.2,0
1393,0,1,0,1,0,0,1,0,0,0,0,0,0,1,2,0,2,0,1,0,0.6895888209311672,0.26007921475028833,1.2,0
1394,0,1,0,2,1,0,0,1,0,0,1,0,1,0,1,0,0,1,1,2,0.13584752365372044,1.5480192327365758,1.2,0
1395,1,1,1,2,0,1,0,0,0,0,0,0,0,0,0,0,1,2,0,0,-1.520784343336896,-0.9122190835447016,1.2,0
1396,2,1,1,1,0,0,2,1,0,0,0,1,0,1,0,1,1,1,0,0,-0.48330540401707467,-1.7257817184220334,1.2,0
1397,0,0,1,1,2,0,2,1,0,0,0,0,1,1,1,0,0,1,1,2,1.3736626808467554,1.0977413500933262,1.2,0
1398,1,1,0,2,2,0,0,1,0,1,1,0,0,1,0,1,0,0,2,1,0.8568395993373656,0.833693915916881,1.2,0
1399,1,0,0,1,2,0,0,1,0,1,0,1,0,0,1,0,1,0,0,0,-1.1989496600565441,-2.1231749813131913,1.2,0
1400,0,2,0,0,0,0,2,0,0,2,0,0,0,0,0,1,2,1,0,1,0.4645708107930338,-1.6672240645801673,1.2,0
1401,0,2,0,2,1,1,0,0,0,2,0,0,1,0,0,1,0,0,0,1,0.2084505268923346,1.7666114022062729,1.2,0
1402,0,2,0,1,2,1,0,1,0,1,1,0,1,1,0,0,0,1,0,1,0.6035411507677588,-0.07986725980719123,1.2,0
1403,1,2,0,1,0,0,0,2,0,0,2,0,0,0,1,0,0,1,1,0,0.5733203504170227,0.050018396312388774,1.2,0
1404,0,1,0,0,1,1,0,1,0,0,0,1,0,0,0,0,0,1,1,0,0.6888152778488721,-0.771074381873708,1.2,0
1405,0,0,0,1,1,0,0,1,1,0,1,0,0,1,0,0,1,1,1,0,-1.6452576741482814,-1.3938815190532936,1.2,0
1406,0,1,0,1,0,1,0,0,0,0,0,0,0,0,1,0,0,1,0,1,0.0055329908238766585,0.14093681172178668,1.2,0
1407,2,0,1,1,1,1,1,0,0,1,0,0,0,2,0,0,0,0,1,1,-0.18546028160437383,-0.4162851231446922,1.2,0
1408,0,1,0,0,1,0,1,0,0,1,1,1,1,0,1,0,0,1,0,1,0.4003185222911705,-0.8142305494071211,1.2,0
1409,0,1,0,2,1,1,0,0,0,2,1,0,0,0,1,1,0,0,0,0,1.4699820977127918,-0.34868216208189673,1.2,0
1410,0,2,0,0,1,1,0,0,0,0,0,0,0,0,2,0,0,0,2,1,-0.526311715214866,0.06734834829431995,0.6365003063780049,1
1411,0,0,0,1,0,2,0,0,0,0,0,1,0,0,1,0,0,1,0,0,-0.8724161771877049,-0.7509162809683787,1.2,0
1412,0,1,0,0,2,0,1,0,0,1,1,0,0,0,1,2,0,0,1,1,0.24800273163320216,0.49376240903667695,1.2,0
1413,0,2,2,1,0,1,0,1,0,0,0,0,0,0,2,0,1,1,1,0,0.5358576133350406,2.0826135644304884,1.2,0
1414,0,1,0,0,1,0,0,1,0,1,0,1,0,0,1,2,0,0,0,1,-0.2902734510405785,-1.0530465860004206,1.2,0
1415,0,1,1,1,2,0,0,0,1,1,1,0,1,0,0,1,0,1,1,0,0.8277735197063789,0.5257509089063448,1.2,0
1416,0,0,2,1,1,0,1,1,1,0,1,1,0,0,2,0,0,0,0,1,0.5352078099113244,-1.561229332930043,1.2,0
1417,0,1,1,0,1,0,0,0,0,2,0,0,0,2,2,1,0,2,0,2,0.5242921631367126,0.8030722753221493,1.2,0
1418,0,1,0,1,1,2,1,0,0,0,0,1,0,0,1,0,0,0,1,0,1.755167967530565,-1.0255789257434682,1.2,0
1419,0,0,0,1,1,1,1,0,0,0,1,0,1,0,0,0,2,0,0,1,0.1376702640151805,-1.1033548073567787,1.2,0
1420,0,1,1,0,0,0,0,1,0,0,1,0,0,0,1,0,0,2,2,0,-0.7705317712459803,-1.3123829350643503,1.2,0
1421,0,1,0,1,1,1,1,1,0,0,0,0,1,1,1,2,1,0,2,1,-1.5904725851493895,-0.7052729833377192,1.2,0
1422,0,0,1,1,0,0,0,0,0,1,0,0,0,1,1,1,2,1,0,1,1.3162529151505389,1.64166943753628,1.2,0
1423,0,1,0,0,0,0,0,0,0,1,0,0,0,0,0,1,1,1,1,1,-0.09513252247017501,0.14784116495065536,1.2,0
1424,0,0,0,1,1,0,0,2,0,1,1,0,0,0,0,0,1,0,0,1,-0.49789077223450967,-0.0058626901375992135,1.2,0
1425,1,0,0,1,0,1,0,0,0,2,0,0,0,1,1,0,0,2,0,1,-0.409287506726437,-0.3495808455039749,1.2,0
1426,0,1,2,0,1,0,1,0,0,0,1,0,0,0,1,2,0,1,1,1,-2.3548491922466788,-0.9971907346511973,1.2,0
1427,1,1,0,0,1,0,0,0,0,2,0,0,1,0,2,1,0,0,0,1,-0.2540838355324416,0.10639480965825915,1.2,0
1428,1,1,0,1,1,0,0,0,0,0,0,0,1,1,0,1,0,1,0,0,0.9793597385300523,0.18116842259262256,1.2,0
1429,1,0,0,1,1,1,2,0,0,1,0,0,0,0,0,0,0,1,0,2,-1.1180597752356671,0.7806086334125906,1.2,0
1430,0,1,1,1,1,0,1,1,0,1,1,0,0,1,2,1,1,0,1,1,-2.1661724490698644,-1.1828838443882128,1.2,0
1431,1,1,0,1,0,0,0,0,0,1,1,0,0,0,1,1,0,0,0,1,0.16322080119806023,-0.16797981432317316,1.2,0
1432,1,1,0,0,1,0,0,0,0,0,0,0,0,0,0,0,1,1,1,0,-0.7012686121466233,0.2904048269289794,1.2,0
1433,0,2,0,2,1,0,1,0,0,2,0,1,0,0,2,1,0,1,2,1,1.0023517788204863,1.7459602153981661,1.2,0
1434,0,0,0,0,2,2,1,0,0,0,0,0,0,0,2,1,0,0,1,1,2.3144469306667568,0.47701823892991346,1.2,0
1435,0,1,0,1,0,0,1,0,0,1,0,0,1,1,0,1,0,1,1,2,1.8703070727276987,2.9186637851825328,1.2,0
1436,0,1,1,1,1,0,0,0,0,0,1,0,0,0,0,1,0,1,0,2,-0.022625947218848027,-0.8826156913385763,1.2,0
1437,0,0,0,2,0,1,0,0,0,0,0,0,1,0,0,1,0,0,2,0,0.39448934795720914,0.26913518488113997,1.2,0
1438,0,2,0,2,0,0,0,0,0,1,0,1,1,0,1,0,0,1,1,1,-0.30778303882614216,2.096098235819131,0.6752837515443781,1
1439,0,2,0,0,0,0,1,1,0,1,0,0,1,0,0,0,0,0,1,0,-0.1508853444978469,-0.26710121419768185,1.2,0
1440,0,0,1,1,2,1,0,0,0,0,0,0,1,0,1,0,1,0,0,1,-0.5270887058223903,0.18753338327563365,1.2,0
1441,1,2,0,1,0,1,1,0,0,1,0,0,1,1,0,1,0,0,1,0,0.15313501439243374,-0.8696774150039206,1.2,0
1442,1,1,2,0,2,0,2,2,0,2,0,1,0,1,1,0,1,0,1,1,-1.5036930552565044,-0.9061502181356924,1.2,0
1443,0,1,0,0,1,0,1,0,0,0,1,0,0,1,2,1,1,1,1,1,-0.8786762564965707,0.33972879228384745,1.2,0
1444,0,2,0,0,1,0,0,0,0,0,1,2,0,0,0,0,1,0,1,1,0.8364757134887102,-0.9753267171511474,1.2,0
1445,1,0,0,2,1,1,0,1,0,0,0,0,0,1,0,0,2,0,0,0,1.5893773350179041,0.3830743058322918,1.2,0
1446,1,2,0,1,0,0,0,1,0,1,0,0,0,0,1,1,1,2,1,0,-1.2969945171422081,1.3914700276080907,1.2,0
1447,0,1,0,1,2,2,1,1,0,0,1,0,0,0,2,0,0,1,1,0,1.3655307690211356,-1.006569637523133,1.2,0
1448,0,0,0,1,1,0,0,1,0,0,0,0,1,0,0,0,0,0,1,1,-0.12034598524065757,0.3290135548965983,0.5787993333434919,1
1449,0,1,0,0,1,1,1,0,0,0,1,0,0,0,1,0,0,1,1,1,-2.229430494738526,-2.4326077550969005,1.2,0
1450,0,2,0,1,1,0,1,0,0,1,0,0,0,0,2,0,0,1,1,1,0.63475683031689,0.5793806733066611,1.2,0
1451,0,1,0,0,1,1,0,1,0,1,0,0,0,0,0,1,1,1,1,1,-0.3185375729287881,-1.511101267078505,1.2,0
1452,1,0,1,2,1,0,1,0,0,2,0,1,0,0,0,0,0,1,1,2,-0.05216986850739482,1.089129950480521,1.2,0
1453,1,2,1,1,1,0,0,0,0,1,1,0,0,0,2,1,0,1,1,1,1.3573581273655217,1.9977588079060467,0.06495949923408981,1
1454,1,1,1,0,1,0,1,0,0,0,0,0,0,0,1,1,0,0,0,1,1.0609809037653914,1.2045502309003826,1.2,0
1455,0,0,0,1,1,0,0,1,1,1,0,0,0,0,1,2,0,0,1,2,-0.8100100444823298,-0.25176509952360426,1.2,0
1456,1,2,0,1,0,0,1,1,1,0,0,1,0,0,0,0,0,0,1,1,-0.3945290149523617,0.4131035661417882,1.2,0
1457,1,1,0,0,0,1,0,0,0,0,0,0,1,0,2,1,0,1,1,0,-0.591323518215198,1.2189958389947402,1.0035116134167512,1
1458,1,0,1,1,1,0,1,0,0,0,1,1,0,1,0,0,0,1,0,1,-0.29406340749399906,-0.29102176101211297,0.4553736897020094,1
1459,0,1,1,0,0,0,2,0,0,1,0,0,0,1,2,1,0,0,1,1,-0.030285512591288092,-0.026137508918858438,1.2,0
1460,0,1,0,0,1,0,1,0,0,1,0,0,0,0,1,0,1,1,1,0,-0.6967725778725279,-0.9569577250828825,1.2,0
1461,1,2,2,1,2,1,1,1,0,1,1,0,0,0,0,1,1,0,0,0,0.12090872264079162,-0.4076291504389104,1.2,0
1462,1,1,1,1,0,0,0,0,0,0,1,1,0,0,0,2,0,0,1,1,0.9268357377401626,0.4522291077634194,1.2,0
1463,0,1,0,0,2,0,0,0,0,0,0,0,0,0,0,0,0,1,0,1,-0.905588320259904,-0.7660695257569894,1.2,0
1464,0,1,0,0,1,0,0,0,0,0,0,0,0,0,0,1,1,1,0,0,-0.5829777737119394,0.3124750144568501,1.2,0
1465,0,0,1,1,0,0,1,0,1,0,0,0,0,0,0,0,0,1,1,0,-0.07797508442182316,-0.9170077539683478,1.2,0
1466,0,2,2,1,1,1,1,0,0,1,0,1,0,1,0,1,0,1,0,1,2.3042436862750684,2.340421153536405,1.2,0
1467,1,0,1,1,2,0,2,0,1,2,1,0,1,0,1,0,1,2,1,1,-0.08454800756071712,-0.13956244137456653,1.2,0
1468,0,1,0,1,0,0,0,1,0,1,0,1,0,0,2,1,0,0,1,0,0.9282946392574304,1.2957044905295567,1.2,0
1469,0,1,1,0,1,0,1,0,0,0,1,0,1,0,0,1,0,0,1,0,-2.6148129320527964,0.6091201354897038,1.2,0
1470,0,0,1,2,0,0,0,0,0,0,0,0,0,0,1,1,1,1,1,1,0.5848909619037035,0.39446922804587303,1.2,0
1471,0,0,0,2,1,1,1,0,1,1,1,0,0,0,2,0,1,0,1,0,-0.23137356151258098,-0.001783206919456437,1.2,0
1472,1,1,1,0,1,1,0,0,1,0,0,0,0,0,0,1,1,1,0,1,1.011585468646585,0.5555929174050513,1.2,0
1473,1,2,0,2,2,1,0,0,0,0,0,0,0,0,1,1,0,1,1,0,-0.11332012066532002,0.2455400006291974,1.2,0
1474,0,1,1,0,0,0,0,0,0,0,0,0,0,0,2,1,0,1,1,0,1.1240602147075522,1.3387046360803458,1.2,0
1475,1,2,2,0,0,1,1,0,0,0,2,1,0,1,0,1,1,0,0,0,-1.6876736321458732,-1.4440293190970483,1.2,0
1476,1,1,0,1,0,0,0,0,0,1,1,0,0,1,0,0,0,1,0,0,1.5916758015274743,-0.19013190403758773,1.2,0
1477,0,1,0,1,1,1,1,0,1,1,0,0,0,0,2,1,0,1,0,1,1.0704941343027818,-0.274833505418469,1.2,0
1478,0,2,1,1,1,1,0,0,1,0,0,0,1,0,2,1,0,0,0,2,-0.9850230762231079,-0.49694018730126116,1.2,0
1479,2,1,2,1,1,1,1,1,0,1,1,0,0,2,1,1,1,1,0,1,-0.40601913432711756,1.681246018574745,1.2,0
1480,1,1,0,0,1,0,0,0,0,2,0,1,0,0,1,1,0,2,0,0,0.032122382225232865,-1.065792075155838,1.2,0
1481,0,1,0,0,1,1,0,1,0,0,0,0,0,0,1,0,0,0,1,0,0.26237125417170354,1.6491693955507958,1.2,0
1482,1,1,2,0,1,0,1,1,0,1,0,0,0,0,0,0,0,1,1,0,-0.26416416676497956,1.211045292829783,1.2,0
1483,0,0,0,2,2,0,0,1,0,0,0,1,1,1,1,1,1,1,1,1,-0.7737333118992554,-0.9356549097875246,1.2,0
1484,0,0,1,1,0,0,1,1,0,0,0,0,0,1,1,1,0,0,1,1,-2.085972673550608,0.21022858463787253,1.2,0
1485,0,1,0,0,1,0,0,0,0,0,1,0,1,0,0,0,0,2,1,1,1.7595467325099696,0.697508712645581,1.2,0
1486,0,1,0,2,0,0,0,0,0,1,0,1,1,0,0,0,0,0,1,0,-1.2981488072775822,0.608021299546323,1.2,0
1487,0,2,0,1,0,1,1,0,0,1,0,0,0,0,1,0,1,0,0,1,0.07321190328008563,0.5373894731703759,1.2,0
1488,0,1,0,1,1,0,0,1,0,1,0,0,1,1,1,0,0,2,1,2,-0.8775352521564151,1.024261179537997,1.2,0
1489,0,1,0,1,1,0,0,0,0,0,0,1,0,0,0,1,0,1,2,0,-1.832765923808443,0.054107998016763914,1.2,0
1490,0,2,1,0,2,0,1,0,0,0,0,1,0,0,0,1,1,1,0,0,0.4894938264948077,1.3178165683139875,1.2,0
1491,1,1,0,2,0,1,0,1,0,0,1,0,0,1,1,0,0,1,1,1,-1.3418285156078493,-0.9587141306268799,1.2,0
1492,0,1,0,0,2,0,0,1,1,1,0,1,0,0,1,1,1,2,1,1,0.25863303330563264,-0.055438478197851304,1.2,0
1493,0,0,0,1,1,1,0,0,1,2,1,0,0,0,1,0,0,0,1,1,-0.3586889744159987,0.29914420432899747,1.2,0
1494,1,0,0,0,1,0,1,1,0,0,0,0,0,0,1,1,0,1,0,1,-1.2829697043825081,-1.3497370475525161,1.2,0
1495,0,0,1,1,1,2,0,1,1,0,2,1,0,1,0,0,0,1,0,1,0.15855277534531062,0.45857197206003586,1.2,0
1496,0,2,0,1,1,0,2,0,0,0,1,2,0,0,1,0,0,0,0,1,0.6568193917115563,1.6619460834479052,1.2,0
1497,1,0,1,0,0,1,2,0,0,0,1,0,0,1,1,1,0,1,1,0,-0.7202477151380897,0.10946303764042886,1.2,0
1498,0,1,1,1,1,1,0,0,0,0,0,0,0,0,0,0,1,2,0,1,0.5484791475926252,-1.2035616001267084,1.2,0
1499,0,0,0,0,0,0,1,0,0,1,0,0,1,0,2,0,0,1,0,2,0.07248575557190377,0.03488502192887194,1.2,0
1500,1,1,0,1,1,1,1,0,0,0,0,1,0,0,0,1,0,0,0,1,0.3380093475041585,0.08776973705266869,1.2,0
1501,0,0,0,2,0,0,0,0,0,1,1,0,1,0,0,1,0,2,1,0,0.7289220096625743,-0.41014083938934276,1.2,0
1502,1,1,1,1,1,1,0,1,1,1,1,0,1,0,0,0,0,1,2,2,-1.0309446994174263,1.4499452209262185,1.2,0
1503,1,1,1,2,1,0,1,0,0,0,0,0,0,0,2,1,0,0,0,0,1.1319438433612394,-0.052271002068071226,1.2,0
1504,0,0,0,1,1,1,0,0,0,0,0,0,1,0,1,0,0,1,1,2,-0.7280683039829405,-0.28642059238534967,1.2,0
1505,1,1,0,1,1,0,0,0,1,1,0,0,0,1,1,1,0,0,1,0,0.5473502665289443,0.7665803007524186,1.2,0
1506,2,1,0,0,1,1,0,2,0,0,0,0,0,0,0,1,0,0,2,0,-0.8229023250524194,1.0419878413547985,1.2,0
1507,2,1,1,0,1,1,1,0,0,1,0,0,1,0,0,0,1,0,1,1,0.4305591894985165,2.31976285607319,1.2,0
1508,0,0,0,0,1,1,1,2,0,0,0,0,1,1,1,0,1,0,0,1,1.2872824035249242,0.4271929903641398,1.2,0
1509,0,1,0,0,1,0,0,0,1,0,0,0,0,1,1,1,0,0,0,0,0.6333017132970572,-0.11389073129585364,1.2,0
1510,0,1,0,1,2,0,1,0,0,0,1,2,0,1,0,1,0,0,1,0,-0.783227099311162,-1.1755564525369753,1.2,0
1511,1,2,0,0,0,0,0,1,1,1,0,0,0,0,2,1,0,1,0,0,0.3613127371100208,0.5961850583701732,1.2,0
1512,1,1,0,0,1,0,0,0,0,1,0,0,0,0,0,1,0,0,1,1,-2.0919375296908975,0.4442645000856705,0.3943447962287519,1
1513,1,0,0,0,0,0,0,1,0,0,1,1,1,0,2,0,0,1,0,0,-0.47654605994390276,0.5009336056735383,1.2,0
1514,0,1,0,1,0,0,1,0,0,0,0,0,0,0,1,0,0,2,0,1,0.9424066267511764,-0.16643957103818902,1.2,0
1515,1,1,0,0,1,0,0,0,0,0,0,0,0,0,0,1,0,1,0,1,-1.4829000211026102,-1.3621604116181265,1.2,0
1516,0,1,1,1,1,1,1,1,0,0,1,0,1,0,1,1,0,1,0,1,0.8657849768661346,-1.3175014044322955,1.2,0
1517,0,1,0,0,1,2,0,0,0,0,0,0,0,0,1,1,0,0,0,1,-0.7210340567382222,0.5359459505773102,1.2,0
1518,0,1,0,0,1,0,1,0,0,0,0,1,0,1,0,1,0,1,1,0,-0.8053372376052955,-0.770432223542371,1.2,0
1519,0,0,2,1,1,0,0,1,0,0,0,0,0,0,1,1,0,1,2,0,-1.2853992743737097,0.35968871997895524,1.2,0
1520,0,1,0,0,1,1,0,2,0,0,0,0,0,0,0,0,2,0,1,1,0.6545499719450809,-1.904008180929708,1.2,0
1521,1,0,1,0,1,1,0,0,0,2,1,0,0,0,0,1,0,0,0,1,1.0132850047596988,1.0594020146991896,1.2,0
1522,1,2,0,0,1,0,1,0,0,1,0,0,0,1,1,1,0,0,2,0,1.1219146655513443,-1.130137455962354,1.2,0
1523,1,1,1,0,1,0,0,1,0,0,0,0,0,0,1,0,0,2,1,1,-0.8791491475049927,-1.521018105528337,1.2,0
1524,1,1,0,1,1,0,0,0,1,1,1,0,0,0,1,1,0,2,1,0,1.8980431576479921,0.15225831321242422,1.2,0
1525,0,1,0,1,1,0,0,0,1,0,0,0,1,1,1,1,1,1,1,1,-0.7997161975654242,1.1377289620469222,1.2,0
1526,0,2,1,1,2,0,0,0,0,0,0,0,0,0,1,1,0,1,2,2,0.008544559841213927,0.11820542075530038,1.2,0
1527,1,0,0,1,0,1,0,1,0,0,0,0,1,0,0,1,2,0,1,1,1.2336919380972113,0.011543744719048177,0.531647312141771,1
1528,1,2,0,1,0,1,1,1,0,1,0,0,0,0,0,0,1,0,0,1,-0.5192467575740223,0.5848476416924691,1.2,0
1529,1,1,0,0,2,1,1,0,1,0,1,0,0,1,0,0,0,1,1,1,0.010552920720332303,-0.4568109017076987,1.2,0
1530,1,1,0,0,1,0,0,1,0,0,0,1,0,0,0,1,1,0,2,2,-1.337937394023454,-0.6865415602797631,1.2,0
1531,1,2,0,2,1,0,0,1,0,1,1,0,0,1,1,1,0,1,0,1,0.25599390269890165,1.3452062848366608,1.2,0
1532,1,1,0,0,0,0,1,0,0,1,0,0,0,0,0,1,0,2,1,0,-1.9355615068995484,0.22927135401611265,1.2,0
1533,1,1,0,0,2,1,1,0,0,0,1,0,0,0,0,0,0,1,0,0,0.210770291084819,-1.4525366994264874,1.2,0
1534,0,0,0,0,2,0,1,0,0,1,0,0,0,0,0,0,1,1,1,0,-0.9550819682872405,1.1679050579505859,1.2,0
1535,1,1,0,0,1,1,1,1,0,2,0,1,0,0,1,1,1,0,0,0,0.4488627073556496,-3.4099727394181274,1.2,0
1536,0,2,0,1,1,0,1,0,0,1,0,1,0,2,1,1,1,1,0,0,1.7836595336042294,-0.6270705997031804,1.2,0
1537,0,2,1,0,2,0,1,1,1,0,0,2,0,0,1,0,2,2,2,0,1.0205539634393146,-1.3504623117585448,1.2,0
1538,0,0,1,0,1,0,1,0,0,0,0,1,0,1,2,0,0,1,1,1,0.08096344713173238,-0.6441645538863964,1.2,0
1539,0,0,0,2,2,1,1,1,0,1,1,0,0,0,0,0,1,0,0,2,0.53964174946301,0.4914969875726197,1.2,0
1540,0,2,0,1,0,0,1,0,0,0,0,1,0,0,0,0,0,1,1,0,-1.2146555472456189,-0.9338693506033138,1.2,0
1541,0,2,0,0,0,0,0,0,0,0,0,1,0,0,2,2,0,1,0,0,-0.4138506572304111,0.986420679943401,1.2,0
1542,0,1,1,1,1,1,1,0,0,1,0,1,1,0,1,0,0,0,1,0,-1.020150661793513,-0.39524790652139613,1.2,0
1543,0,1,1,0,1,0,0,0,0,0,0,0,0,0,1,1,0,0,2,0,0.4020468963113284,0.21277130888684231,1.2,0
1544,0,2,1,2,1,1,1,0,0,1,0,0,0,0,0,1,0,1,0,1,0.8788088391447415,-0.6913284270514863,1.2,0
1545,0,2,1,1,1,0,2,0,0,0,0,1,0,1,1,1,0,1,0,0,-1.3019557347176813,0.46216990802742663,1.2,0
1546,2,2,0,2,0,2,2,0,1,0,0,0,0,0,1,0,0,1,1,1,2.018076812011069,0.662290058502677,1.2,0
1547,1,0,1,1,2,0,1,0,0,1,1,1,2,1,0,0,2,0,0,1,-0.22189780740187626,1.761023123804119,1.2,0
1548,0,1,1,1,1,0,0,0,0,1,0,0,0,0,0,0,0,1,2,1,0.5608737861915833,1.9730365934890792,1.2,0
1549,0,2,0,0,1,0,0,0,0,2,1,0,0,0,1,1,0,0,1,2,-0.6287196400272137,0.25608038243152853,1.2,0
1550,1,1,0,1,0,0,0,1,0,1,0,0,0,1,1,0,1,1,1,1,0.24451155030927302,0.8194556179321629,1.2,0
1551,0,2,0,2,1,0,1,0,0,1,0,0,0,0,0,1,0,1,0,0,-0.548490328539834,-0.2316887335206533,1.2,0
1552,1,0,0,0,1,0,1,0,0,0,1,0,0,0,1,0,0,1,0,2,-0.5512254864958555,-0.7700290651813723,1.2,0
1553,0,0,1,0,2,1,0,1,1,0,0,0,0,0,0,0,1,2,2,2,1.2416630114921936,0.0953505756758001,1.2,0
1554,0,0,0,2,2,1,0,1,1,2,0,1,0,0,2,0,0,1,0,0,-2.411374808696166,-2.3224668975823297,1.2,0
1555,0,0,1,1,0,1,0,0,0,0,0,0,0,0,0,0,0,1,0,0,-1.3624402538908216,-1.1003541787254862,1.2,0
1556,0,1,1,0,1,0,0,1,0,0,0,0,0,1,1,2,0,2,0,0,-1.2206245438364263,-0.3774860823253351,1.2,0
1557,1,1,0,0,1,2,1,0,0,0,1,1,1,1,0,1,0,2,1,0,-0.7717474809181352,-1.5191508370916953,1.2,0
1558,1,1,0,1,1,0,0,0,0,0,1,0,1,0,2,1,0,0,1,1,-1.2072260228369487,-0.06582451040940221,1.2,0
1559,0,0,0,1,2,2,1,0,0,1,0,0,0,0,2,1,0,0,1,1,-0.19583086712898423,-0.295306825632411,1.2,0
1560,1,1,0,2,0,1,0,1,0,0,0,1,0,0,1,0,0,0,1,1,0.6703698234420193,1.183317940062025,1.2,0
1561,0,1,1,1,1,0,0,0,0,1,0,0,2,1,1,0,0,0,0,1,-0.5873022236145581,-0.2797007066928995,1.2,0
1562,0,0,0,1,1,1,0,0,0,0,0,0,0,0,1,1,0,1,0,0,-0.4435219907492109,-1.4214191151643008,1.2,0
1563,1,0,0,1,1,0,1,0,1,0,0,2,0,0,1,0,0,1,1,1,0.30358089418199047,-1.7108024244591786,1.2,0
1564,0,1,0,1,1,0,1,0,0,0,0,0,1,0,1,0,0,1,1,1,0.49287762390676343,0.5428169908492273,1.2,0
1565,0,1,1,0,1,1,1,0,1,0,0,0,1,0,1,1,0,0,0,2,-0.6708180214206614,0.07535153448194032,1.2,0
1566,0,2,0,1,0,0,1,0,1,0,0,0,0,0,0,0,0,0,0,2,-0.5348208982959255,-0.30897130743033385,1.2,0
1567,0,0,1,1,2,0,1,0,1,0,0,1,0,1,2,1,1,1,1,0,-2.032603537759498,-0.3865184732924306,1.2,0
1568,0,2,1,0,1,0,0,1,0,0,1,0,0,0,1,0,0,1,0,0,0.6738803288577234,0.5562801910685405,1.2,0
1569,0,1,0,0,0,0,0,0,0,2,0,0,0,0,1,2,1,0,1,1,0.7150206558535345,1.2234239981618944,1.2,0
1570,0,0,0,0,0,1,0,1,2,2,0,1,0,0,2,0,0,1,1,2,-1.3340053498785205,-0.6930572765163652,1.2,0
1571,0,0,0,1,1,0,1,0,0,1,1,0,0,0,1,0,0,0,1,1,-0.26814793723042857,-1.099182933000494,1.2,0
1572,1,1,2,0,2,0,0,0,0,1,0,1,1,0,0,0,1,1,0,0,-2.7969766208998723,-0.3466769820868748,1.2,0
1573,1,0,2,1,1,1,0,1,0,0,0,1,0,0,1,1,0,0,0,1,1.2304024075546396,0.7816512781766404,1.2,0
1574,1,2,0,2,1,0,0,0,1,1,0,0,0,1,0,0,0,2,1,1,-2.349044992747479,-1.8136735321126283,1.2,0
1575,0,2,0,1,0,0,0,1,1,1,1,0,0,0,1,0,1,0,0,1,-1.332345530861982,-0.46091597471933504,1.2,0
1576,0,1,1,1,0,0,0,1,0,2,0,0,0,0,0,1,0,0,0,0,-1.5416209037115163,-0.5492532398854939,1.2,0
1577,1,2,0,2,1,1,1,0,0,1,0,0,0,1,0,0,0,0,0,2,-0.03999276921546541,0.5120285738262043,1.2,0
1578,0,1,1,2,0,1,0,1,1,1,0,0,0,0,0,0,1,0,0,2,0.2268795708217809,0.8301935749552695,1.2,0
1579,0,2,1,0,2,1,0,0,0,1,0,0,0,0,0,1,0,0,1,0,0.8450500602939778,0.48777061498994306,1.2,0
1580,2,2,1,1,1,0,0,2,0,1,0,0,0,0,2,1,0,0,0,0,0.8399746905996544,0.48045017067306495,1.2,0
1581,0,1,2,0,2,0,0,0,0,1,0,1,0,0,2,0,0,0,0,2,1.3999966818014047,-0.2755796099513619,1.2,0
1582,0,1,1,0,2,0,0,0,0,0,0,0,0,2,0,0,0,2,1,1,0.42278752696801974,1.0432354325937065,1.2,0
1583,0,1,1,1,1,0,0,1,1,0,0,0,0,0,1,0,0,1,1,2,0.929861680815199,-1.130856125584991,1.2,0
1584,0,1,0,0,0,0,0,0,0,1,1,0,0,0,1,2,0,1,2,1,1.040255086770992,0.21614580102377906,1.2,0
1585,1,0,0,1,0,1,0,1,0,0,0,0,0,0,1,1,0,0,1,0,0.1361464978144673,-0.4150274294724805,1.2,0
1586,0,1,0,1,0,0,0,1,0,1,1,1,0,0,1,0,0,0,1,1,-1.1229181688190222,-0.250681842084502,1.2,0
1587,0,2,0,0,0,1,0,0,0,0,0,1,1,0,0,0,1,1,0,2,-0.9832033196718664,-0.21696756463588052,1.2,0
1588,1,1,0,2,0,0,1,1,1,1,0,0,0,1,2,0,0,1,0,1,-2.4965964201851554,-0.1520011795904539,1.2,0
1589,1,0,1,1,1,1,1,0,0,1,0,0,1,0,1,1,0,0,1,0,-0.21304268663219927,-0.42933898994428943,1.2,0
1590,1,1,0,1,0,1,0,1,0,0,2,0,0,0,2,0,2,1,0,1,0.5688711885311224,-0.4656490939415039,1.2,0
1591,0,0,0,0,0,1,0,0,0,1,1,0,0,0,2,0,0,1,1,1,2.532219606143953,0.5325564319887208,1.0093771409573655,1
1592,0,1,0,1,0,0,0,0,0,2,1,0,0,0,1,0,1,1,1,0,-0.03792564936462409,1.6596339714382293,1.2,0
1593,0,0,0,0,0,1,0,0,0,0,0,0,1,0,1,0,0,0,0,1,-0.005911176672044592,1.816581780600912,0.9663119872914181,1
1594,1,1,1,1,1,1,0,0,1,2,1,0,1,0,1,2,0,0,0,0,0.21286125848038223,-0.3991581803925456,1.2,0
1595,1,0,0,0,0,0,1,1,0,1,0,1,0,0,1,0,0,0,2,1,-0.2219698556493447,-1.4215444731848932,1.2,0
1596,2,1,1,2,1,0,0,0,0,0,0,1,0,1,1,1,0,0,1,1,1.3770483131413145,1.3242587935773107,1.2,0
1597,0,1,0,0,1,0,2,0,0,0,1,1,0,0,1,1,0,1,1,0,-0.07338670956387666,-0.255082938972819,1.2,0
1598,0,1,0,1,2,1,0,0,0,2,1,0,0,1,0,2,0,1,0,0,0.568886419552595,-0.0852303000070242,1.2,0
1599,2,2,0,0,0,0,0,0,0,1,1,0,0,0,0,0,1,1,1,1,-0.781862136660422,1.1734843638411856,1.2,0
1600,0,1,0,1,2,1,0,1,0,1,0,0,1,0,0,1,0,0,2,0,0.15691064547840983,-1.3061994336525955,1.044978950327506,1
1601,1,2,1,1,2,1,0,1,1,1,1,0,0,0,2,0,0,0,0,1,-0.47129662217534607,0.14372016870748439,1.2,0
1602,0,1,1,2,1,1,0,0,0,0,0,0,1,0,0,0,0,1,0,1,-0.11817303746716105,0.2652277946721762,1.2,0
1603,0,1,1,0,1,0,1,0,0,2,1,0,0,0,2,1,1,0,1,0,0.7933723294711786,1.4838866547786895,1.2,0
1604,0,1,1,1,0,1,0,1,0,1,0,0,0,0,1,0,0,1,0,2,-2.5825010362001213,-0.1667948821604191,1.2,0
1605,0,0,0,1,0,0,1,0,0,0,0,1,0,0,0,1,0,0,1,0,-1.3228776397094657,-0.643458275980419,1.2,0
1606,0,1,0,0,1,0,1,1,0,1,1,0,0,0,1,1,0,1,0,0,0.3309769671514525,-0.2908251848112976,1.2,0
1607,1,1,0,1,1,0,0,0,1,1,0,1,0,0,1,1,1,0,1,2,-0.9945295298036341,-0.5876928204503095,1.2,0
1608,1,2,1,0,1,0,1,0,0,0,0,0,1,1,1,1,1,1,1,0,-2.4360394489829944,-0.5745338054277698,1.2,0
1609,1,1,1,1,0,0,0,1,0,1,0,2,0,0,1,1,0,2,2,1,0.483474379180319,0.9603693375785634,1.2,0
1610,0,2,0,2,0,1,0,1,0,0,0,0,1,0,1,0,0,1,1,2,0.795152046709426,1.0755300840276327,1.2,0
1611,1,2,0,1,1,1,1,0,0,0,0,0,1,0,1,0,0,1,0,1,-0.5776780850123318,0.6770193319960266,1.2,0
1612,0,1,1,2,0,1,0,0,1,1,0,0,0,1,2,0,0,1,0,1,0.4520281250285776,-0.4577664276410095,1.2,0
1613,0,0,0,1,1,1,1,0,0,0,0,0,1,0,1,1,0,0,0,0,-0.8660035038265173,-0.36253337530794344,1.2,0
1614,1,1,1,1,1,1,0,1,0,0,1,0,1,0,1,0,0,1,0,1,0.7843120823193357,-0.3803287918813214,1.2,0
1615,0,2,0,1,1,0,0,0,0,0,0,1,0,0,1,0,2,0,0,1,0.3412378444095951,-1.2299984604127876,1.2,0
1616,0,1,1,1,0,0,0,0,0,1,1,0,0,0,0,0,0,0,1,2,0.01690857693083762,0.18120924194285748,1.2,0
1617,0,1,0,0,0,0,0,0,0,0,0,0,0,0,2,0,0,1,0,1,0.802546706165105,1.0182895354935646,1.2,0
1618,0,1,1,2,1,0,0,0,0,1,1,1,0,0,0,0,0,1,2,0,-0.13724232057619662,1.304321149135547,1.2,0
1619,0,2,0,1,2,0,0,0,0,0,0,0,0,0,1,1,2,0,1,2,0.1915237283887257,1.1783344944731113,1.2,0
1620,0,1,0,1,1,0,1,0,0,0,0,0,0,0,1,1,0,2,0,1,-0.3909365117552867,-0.4743773526275901,1.2,0
1621,0,2,0,0,2,0,0,0,0,1,1,0,0,1,2,1,1,1,0,1,-0.5960132374975249,0.35474076752978057,1.2,0
1622,1,1,0,0,1,1,0,0,0,2,0,0,0,0,1,0,0,0,1,1,1.3421779953282609,1.92765507325497,1.2,0
1623,1,1,0,0,0,0,1,0,0,1,0,1,0,1,1,0,0,1,1,0,-0.5991699866489092,0.7869675791386987,1.2,0
1624,0,0,0,1,0,0,1,0,1,1,1,1,0,1,0,1,0,1,0,0,0.013755046588060923,-0.28385986472099345,1.2,0
1625,0,0,0,1,0,1,0,0,0,1,0,1,0,1,1,0,1,0,1,2,-0.1250305148319925,-0.5168753298997677,1.2,0
1626,1,2,0,0,0,0,0,1,1,0,0,1,1,0,2,1,1,0,1,0,-0.8137570938639355,-0.3971086550304874,1.2,0
1627,0,0,1,1,0,0,0,0,0,0,0,1,1,1,1,1,2,0,1,1,2.3116334757949843,2.3148433805961117,1.2,0
1628,1,1,0,1,1,1,0,1,0,0,0,0,0,0,2,0,0,0,1,1,0.06627138464967722,0.312978690463206,1.2,0
1629,0,2,1,1,0,1,0,0,0,1,0,0,0,0,1,0,1,1,0,1,-1.981434013346389,-0.564481897670642,1.2,0
1630,1,0,1,0,1,1,0,1,0,1,1,1,0,0,1,1,0,0,0,0,-0.12515453714933533,-0.3616671332692502,1.2,0
1631,0,0,0,0,2,1,0,1,0,0,0,0,1,0,0,0,1,0,1,1,-0.33572642621490933,-0.3410206704696297,1.2,0
1632,0,1,2,0,0,2,1,0,0,0,1,1,1,1,0,0,0,1,2,0,-1.4738169778390284,-0.9977076696915218,1.2,0
1633,1,1,0,1,2,1,2,0,0,1,0,0,0,0,0,1,0,0,0,2,-0.7678941897894739,0.068106767341241,0.9357606940955348,1
1634,0,0,1,1,0,0,0,0,0,1,0,0,0,0,0,1,1,1,0,0,-0.6453208628642515,0.027910435359910946,1.2,0
1635,0,2,0,1,1,0,0,0,1,0,0,0,0,0,0,0,0,0,0,1,-0.043197721725293924,0.8217901355471665,1.2,0
1636,1,2,0,0,1,0,1,0,0,0,0,0,2,1,1,1,0,1,2,0,0.6673156831851792,0.9714687561454357,1.2,0
1637,1,1,0,1,1,0,0,0,0,0,0,0,0,0,0,0,0,1,0,2,1.0645808104013978,0.026250057015577033,1.2,0
1638,1,2,1,1,1,0,0,0,0,1,0,1,0,1,1,1,0,0,0,0,0.12416203363439494,0.25031442495873,1.2,0
1639,1,1,1,1,2,0,1,1,1,0,1,0,0,0,1,0,0,0,0,1,-0.9842343704208194,0.6213753798960684,1.2,0
1640,1,1,0,2,1,1,1,1,0,0,0,0,0,0,0,1,1,1,0,0,0.1794595534786215,-2.8197053647861416,1.2,0
1641,1,1,0,0,0,1,0,1,0,1,0,1,0,0,1,0,0,1,0,1,-0.3409855682958147,-0.15610284077934689,1.2,0
1642,1,1,0,1,0,0,1,0,0,1,0,1,2,0,0,1,0,0,1,1,0.12367483120689723,0.6272633278996571,1.2,0
1643,0,2,0,1,2,0,2,1,1,1,1,0,0,1,2,1,0,1,0,1,-0.8042164448086124,-1.0016256494428994,1.2,0
1644,0,2,1,2,2,1,1,1,0,0,0,0,0,1,0,0,1,1,0,1,-0.4755679413613035,0.12273714206610997,1.2,0
1645,0,1,0,0,1,1,2,0,0,0,0,0,1,1,2,0,0,2,0,0,-0.3484940938900217,-0.612990980313499,1.2,0
1646,0,0,2,1,0,1,0,0,0,0,0,0,0,0,2,2,0,1,0,0,0.41445653658077924,-0.7806265238005635,1.2,0
1647,0,1,0,0,1,0,0,1,0,0,0,2,0,0,1,0,1,0,0,1,-0.6027664658949804,-0.9587296583419741,1.2,0
1648,0,2,0,2,1,0,2,0,0,0,0,1,0,1,2,1,0,0,2,0,-0.3565882108811329,-0.051504139278245396,1.2,0
1649,0,2,0,1,2,0,0,0,0,2,0,0,0,0,2,1,0,0,1,1,-0.43157595067924814,-0.10496363987801122,1.2,0
1650,0,2,0,1,1,0,1,2,0,0,0,1,0,0,1,0,0,0,1,0,0.03450082401589756,-1.5363332658409647,1.2,0
1651,1,1,0,1,1,0,1,0,0,0,1,1,0,0,0,0,0,1,0,1,-0.05262213443797309,0.9148937916373564,1.2,0
1652,0,1,0,1,2,0,1,0,0,0,1,0,1,0,1,1,1,1,1,0,1.2699794095264878,-1.098493741129953,1.2,0
1653,0,2,1,1,1,1,1,1,1,0,1,0,1,0,1,1,0,1,1,0,-0.08519267679909819,-1.5376099216542212,1.2,0
1654,0,0,0,1,2,1,2,1,0,0,1,0,0,0,1,0,0,1,1,1,-0.7380101672562619,-0.48782591987121354,1.2,0
1655,0,2,0,1,0,0,0,0,1,1,0,1,0,1,0,0,0,2,0,2,1.9402701948754095,1.3529452336695682,1.2,0
1656,2,1,0,1,0,0,0,0,0,0,0,0,1,0,0,1,0,0,1,1,0.5995975014414,0.8662035171662026,1.2,0
1657,0,2,0,1,2,1,0,1,0,0,0,0,0,0,1,1,0,1,1,1,-1.841438210937336,-0.016154363451545972,1.2,0
1658,0,0,1,1,1,0,0,0,0,1,2,1,0,0,1,1,0,0,0,1,-0.5336705730372119,0.06056793962942306,1.2,0
1659,1,1,1,1,1,0,0,0,0,1,0,0,0,0,0,1,0,1,1,1,0.06621749988280501,3.251606158295646,1.2,0
1660,0,2,1,0,0,0,1,0,0,0,0,0,0,0,1,0,0,1,1,0,-0.7905678967572245,0.5354678927616631,1.2,0
1661,0,1,0,0,1,1,1,0,0,1,0,0,0,0,2,1,1,0,0,0,-1.0000627981807273,-1.0750549880348526,1.2,0
1662,0,2,1,0,2,1,0,0,0,1,0,0,0,0,1,0,0,0,1,1,-1.306527142061738,-1.293705557981245,1.2,0
1663,0,1,0,2,2,0,0,0,1,1,0,1,0,0,0,0,0,0,1,0,-0.5773910239887452,0.4044116930569853,1.2,0
1664,0,1,0,0,1,0,0,0,2,0,0,0,0,0,0,0,0,2,0,0,-0.5502396790288874,-1.089803136604787,1.2,0
1665,1,0,1,2,1,1,0,0,0,0,1,0,0,0,0,0,0,0,0,1,-1.452921061464821,-1.3547699985884227,1.2,0
1666,0,1,0,0,0,1,2,0,0,1,1,0,0,1,0,0,1,1,0,0,-0.18335919275228338,-0.5618772070621352,1.2,0
1667,1,1,0,0,1,1,0,0,0,0,0,1,0,0,1,0,1,1,1,2,0.5443465836031051,-0.24028053376702918,1.2,0
1668,1,0,0,2,2,1,0,0,0,1,0,0,0,0,1,0,0,0,2,0,1.6674532770053134,1.0781374448026406,1.2,0
1669,0,1,0,0,2,1,0,0,0,0,0,0,0,1,0,0,0,0,0,2,0.49926752967057464,-0.42464737855371737,1.2,0
1670,0,1,0,1,1,1,1,1,0,2,0,0,0,1,0,1,0,0,1,0,-0.20600911982882847,0.11795443011716367,1.2,0
1671,1,1,0,0,2,0,0,1,0,0,0,0,0,0,2,0,0,1,0,0,-0.14011276532930628,-1.5338413197228318,1.2,0
1672,2,1,0,0,2,1,1,0,0,0,0,0,0,0,0,0,0,1,1,1,1.309863853405213,-0.446702038696031,1.2,0
1673,1,0,0,1,1,1,0,1,0,0,1,1,1,0,0,0,0,1,0,1,1.292307749827948,0.8007083846065997,1.2,0
1674,0,1,1,1,1,1,1,0,0,2,1,0,0,0,0,0,0,0,2,2,0.9557239179371291,0.34038730638437453,1.2,0
1675,1,0,2,1,1,1,1,1,0,0,1,0,1,1,0,0,1,2,0,1,0.5055835382365202,0.943418077390667,1.2,0
1676,0,2,0,1,1,0,0,0,0,0,0,1,0,0,0,0,0,0,0,2,0.0741892246302963,0.8332315792510551,1.2,0
1677,0,1,0,0,1,0,0,1,1,1,0,0,1,0,1,0,0,1,0,1,-0.5250671075094644,-0.04133938796600353,1.2,0
1678,0,0,1,0,2,0,1,0,0,0,0,0,1,0,0,0,1,1,2,1,-0.2670749358138633,-1.5263502461973577,1.2,0
1679,1,0,1,0,2,0,0,0,0,0,0,0,0,0,1,0,0,0,1,0,-1.279523602429021,0.3753018944958427,1.2,0
1680,1,2,0,1,1,1,1,0,0,0,0,1,0,1,1,1,0,0,1,0,-1.2002290589552003,-0.8484183555942861,1.2,0
1681,0,1,0,1,0,0,0,0,0,0,1,2,1,0,2,0,0,0,2,0,0.8039100692220661,0.09022328145219893,1.2,0
1682,1,2,0,1,1,0,1,1,0,1,0,0,0,0,1,0,0,2,1,0,-0.09331315777687439,0.6086017452658841,1.2,0
1683,0,1,0,1,1,2,0,0,0,0,0,1,0,0,1,1,0,1,1,0,1.0543335900894002,-0.4846271942302735,1.2,0
1684,2,1,0,0,1,1,0,0,1,2,0,2,1,0,0,1,0,2,1,1,-0.7847784795345711,0.04246483745145119,1.2,0
1685,1,0,1,1,2,1,0,1,1,0,0,1,0,0,1,0,0,1,0,0,0.373691607110963,-0.36086840636772305,1.2,0
1686,1,1,0,0,2,1,0,2,0,1,1,0,0,0,1,1,0,1,0,1,-0.06148544853965919,-0.8504045463271959,1.2,0
1687,1,1,0,0,0,1,0,1,0,1,0,0,0,0,2,1,0,0,1,0,-0.008369316054203761,-0.7646132236509436,1.2,0
1688,1,1,0,1,2,0,1,0,0,0,0,1,0,0,1,0,1,0,0,1,-0.5574708491170722,-0.1365872817661814,1.0715428971506422,1
1689,1,1,0,0,1,0,0,1,0,1,0,0,0,1,1,0,0,0,0,1,0.5230755405924827,0.2465922671065015,1.2,0
1690,0,1,1,1,2,1,1,1,0,0,1,0,1,0,2,0,0,0,1,0,0.27468311942694223,-1.41761016933085,1.2,0
1691,1,1,0,1,0,0,1,0,0,0,0,0,0,1,0,0,0,1,0,1,-0.32941294564798795,0.772873282037653,1.2,0
1692,1,1,0,1,1,0,1,0,1,0,0,0,0,1,1,1,1,1,1,0,0.5690578018953563,-0.1690757526712563,1.2,0
1693,0,0,0,0,2,0,0,1,1,1,0,0,0,0,0,2,1,0,2,1,1.421314275665025,0.11519071174634996,1.2,0
1694,0,1,0,2,1,0,0,1,0,1,1,0,0,0,1,1,0,1,0,0,0.5064200074212427,-0.6249855947811684,1.2,0
1695,1,1,0,1,2,0,0,2,2,0,0,1,1,1,1,0,0,1,1,1,-1.2676666066298055,-0.6214268178979819,1.2,0
1696,1,1,1,1,0,0,0,0,0,1,0,0,0,0,1,1,0,1,2,1,0.22884991997672585,0.28937427809670657,1.2,0
1697,0,0,0,1,2,0,0,1,0,0,1,0,0,0,0,0,1,0,0,1,-1.76619381318643,-2.506721147211824,1.2,0
1698,0,2,0,1,0,0,0,0,0,1,1,0,1,0,2,1,2,0,1,1,0.036455785537835544,-0.4240910419971545,1.2,0
1699,1,1,0,0,1,2,1,0,0,1,0,1,0,0,2,0,0,0,0,0,1.0308050746250654,0.5514974334277745,1.2,0
1700,0,2,0,1,1,2,1,0,0,0,0,0,1,1,1,1,1,0,0,0,1.3216127369122566,-1.170470113326962,1.2,0
1701,1,1,0,0,2,1,1,1,0,0,2,0,0,0,1,0,0,1,1,1,1.2295887413321025,-0.7659706364996963,1.2,0
1702,0,2,0,0,1,0,1,1,0,0,0,0,0,1,0,0,0,2,0,1,-0.8068629814562633,0.08992581283343448,1.2,0
1703,0,1,0,1,1,0,0,0,1,0,2,0,0,0,2,0,1,1,1,1,-0.1785271035519632,-0.18790464106124485,1.2,0
1704,1,0,0,1,0,0,2,0,0,0,0,0,0,0,1,0,0,1,1,0,0.31296817024268714,-0.9223247007318915,1.2,0
1705,1,0,0,1,1,0,0,0,0,2,0,0,0,0,0,0,0,1,2,0,-1.3970138048329686,-0.7608980752208742,1.2,0
1706,1,1,0,1,2,2,1,2,0,1,0,0,0,0,1,0,1,0,0,1,1.6304328215468893,0.28528400014652044,1.2,0
1707,1,2,0,0,1,0,0,0,0,0,0,0,0,1,0,1,0,1,0,1,0.5798182213995032,2.143199181898197,1.2,0
1708,1,1,1,1,1,0,0,1,0,1,0,0,0,1,1,1,0,2,0,0,-1.1941135386657584,0.046226257985891306,1.2,0
1709,0,1,2,1,1,1,2,0,0,1,0,1,1,0,1,1,1,1,0,1,1.109688324437013,1.9712593520627146,1.2,0
1710,0,2,1,1,1,1,0,0,1,0,1,0,1,0,0,0,0,1,1,1,0.6247089372359489,1.0731615668790337,1.2,0
1711,0,0,0,1,1,0,1,0,0,0,0,0,0,0,1,1,0,0,1,0,0.5376785484913239,-0.7377024669011962,1.2,0
1712,1,2,1,2,2,1,0,0,0,0,0,0,1,0,2,0,0,1,0,0,-0.7328590209699464,-0.6660572332244147,1.2,0
1713,1,2,0,0,1,0,0,1,0,1,1,0,0,0,0,0,0,0,0,1,-0.11513035179101469,0.5816788710025217,1.2,0
1714,0,1,1,1,1,1,1,1,0,0,0,0,0,1,0,2,0,0,1,1,-0.4119802835138741,-0.14998483504111992,1.2,0
1715,0,1,0,1,1,0,0,2,0,1,0,0,1,0,1,0,0,2,0,1,0.7391761016254376,-0.004892881508530428,1.2,0
1716,2,1,0,0,0,0,0,0,1,1,0,0,1,0,2,0,0,2,0,1,-1.7942362602593327,0.43627076029682477,1.2,0
1717,0,1,0,1,1,0,0,0,0,1,0,0,0,0,1,1,0,0,1,0,-2.8283408774451764,-0.7496835622092071,1.2,0
1718,1,1,2,1,0,0,1,2,0,0,0,0,2,1,1,0,0,0,1,1,2.2700104636491063,2.8102709813391877,1.2,0
1719,1,1,0,2,1,1,1,0,0,1,1,1,1,0,1,0,0,1,1,0,0.4121061461116221,1.185966522197932,1.2,0
1720,1,2,0,0,1,0,0,1,0,0,1,1,1,0,0,1,1,0,0,0,-0.6980424758543265,0.26381318017225175,1.2,0
1721,0,1,0,1,1,1,0,1,0,0,0,0,0,0,0,0,1,2,2,1,0.9848594274281609,1.9193924578102437,1.2,0
1722,1,1,0,0,1,0,1,0,1,1,0,0,0,0,1,1,1,0,0,1,-0.10840237464550483,-0.7074728850939013,1.2,0
1723,0,1,0,0,1,1,1,0,0,0,0,1,1,0,2,0,0,0,0,0,-0.42920795835483966,0.4370642530945464,1.2,0
1724,0,0,0,1,2,0,0,0,0,0,1,0,0,0,0,1,0,1,1,0,0.061591929856608364,-1.580496501837227,1.2,0
1725,0,1,1,1,1,0,0,1,1,1,0,1,1,0,1,1,0,1,1,0,-0.8987314698451775,-1.8299350770915777,1.2,0
1726,1,0,2,1,0,0,2,0,0,1,2,0,0,0,1,1,0,1,1,0,0.7176037072504409,-0.7374243536635421,1.2,0
1727,1,1,0,2,1,0,0,1,0,1,0,0,0,0,1,1,0,0,1,1,-0.5003005596889286,0.26902164010925544,1.2,0
1728,1,0,0,0,1,1,1,1,0,0,1,2,0,0,0,0,0,0,0,0,-0.7306675637860025,-0.3707328083863369,1.2,0
1729,1,2,1,1,1,0,0,1,0,0,1,0,0,0,1,1,1,1,0,0,0.9297558411896186,0.5717348570363637,1.2,0
1730,2,0,1,1,1,0,0,0,1,0,0,0,1,0,1,1,0,2,0,0,-0.09611210697521172,0.09594742011815405,1.2,0
1731,0,0,1,2,0,0,0,0,0,0,0,0,1,0,0,1,1,1,1,1,-0.6276847895013485,0.4064422815259214,1.2,0
1732,0,2,0,1,1,0,0,0,0,0,2,0,0,0,0,0,1,0,2,0,1.2883710166817917,0.6533239015651464,1.1202628957134313,1
1733,0,1,2,1,0,2,2,0,0,0,1,1,0,0,2,0,1,2,0,0,0.058404336074035716,-0.04327548872363418,1.2,0
1734,1,0,0,0,2,0,1,0,0,1,0,0,1,0,1,0,1,2,0,2,0.6121008855229157,0.048278375084765346,1.2,0
1735,0,1,0,0,2,1,2,1,1,1,0,1,0,0,0,0,0,1,0,1,0.5038749103159046,0.339109350875149,1.2,0
1736,1,0,0,1,1,1,0,0,0,1,0,0,0,0,1,1,0,2,1,0,0.09166960871470298,-1.2576431042448808,1.2,0
1737,0,1,1,2,2,0,0,1,0,0,0,0,1,0,1,1,0,0,0,1,0.1220837142454554,-0.11487596737232497,1.2,0
1738,0,1,2,1,1,1,0,1,0,1,0,0,0,0,1,0,0,1,1,1,1.7857000125520766,1.840124785985321,1.2,0
1739,0,0,0,2,0,1,0,0,1,1,0,1,0,1,2,0,0,1,1,1,0.8096376039205908,-0.41714931984459647,1.2,0
1740,0,2,0,1,1,0,0,0,0,0,0,0,0,0,1,0,0,1,1,2,-0.937634838445902,1.800272942013991,1.2,0
1741,0,1,1,1,0,0,0,1,0,1,0,0,0,0,2,0,0,1,0,0,0.8779507113149123,-1.1263533164558928,1.2,0
1742,0,2,0,1,1,1,0,1,2,0,0,0,0,1,2,0,0,0,1,1,0.38382882906386884,-0.686743955292914,1.2,0
1743,0,0,0,0,1,1,0,0,0,0,2,1,0,1,1,0,0,0,0,0,0.2622497799646254,-0.02443708838533909,1.2,0
1744,1,0,0,1,1,1,0,0,0,1,0,1,0,1,0,1,0,0,1,1,-0.44000587831617427,-0.8091388273790574,1.2,0
1745,1,1,0,1,1,0,0,0,0,1,0,0,1,0,1,0,0,0,1,0,-0.8901970786604845,1.6641529639204626,1.2,0
1746,0,1,0,1,1,0,2,0,0,1,1,1,1,0,1,0,0,0,0,0,-0.6149556915569743,0.9640587733126195,1.2,0
1747,0,1,1,2,2,2,1,0,1,1,0,1,0,1,1,0,0,0,1,0,-0.727097028819111,0.04450184360712284,1.2,0
1748,0,1,1,2,1,1,0,1,0,0,0,0,0,0,0,1,0,1,2,1,-0.3090678521292387,0.5997314323528452,1.2,0
1749,1,0,0,0,1,0,1,0,0,0,0,0,0,0,1,0,0,0,1,2,0.2381830232509345,1.058739644801921,1.2,0
1750,0,2,0,1,2,1,1,1,0,1,1,0,0,1,1,0,0,0,1,1,0.6110025575267273,-1.1468203265882748,1.2,0
1751,0,2,0,0,1,1,1,1,1,0,1,0,0,0,1,1,1,2,1,0,1.6329204871978362,-1.2937629019232855,1.2,0
1752,0,1,0,0,2,0,2,0,0,0,0,0,0,0,1,0,2,1,1,0,-1.7383469814753965,-1.235098080272691,1.2,0
1753,0,1,1,2,2,0,2,0,0,1,0,0,1,0,0,0,1,0,0,1,0.607086899082746,-0.25617200642908133,1.2,0
1754,0,0,1,2,1,0,1,1,1,0,1,0,0,2,0,0,0,0,0,1,-0.7423376082651988,-0.6266635765918478,1.2,0
1755,0,0,0,1,2,0,0,0,0,0,1,0,0,0,2,1,0,0,0,0,-0.5188843640420618,-0.9230273227964944,1.2,0
1756,1,0,0,2,1,0,0,0,0,1,0,0,0,1,1,1,1,1,1,0,-0.04692059826786084,0.10284466918910418,1.2,0
1757,1,0,1,2,2,1,1,0,0,0,0,0,1,0,0,1,0,0,0,1,-0.22028559128846972,1.301733755086626,1.2,0
1758,0,2,0,0,1,1,1,1,1,1,1,2,1,0,0,1,0,1,1,1,-1.2805076045103372,-2.757809150514957,1.2,0
1759,1,2,0,0,1,0,0,0,0,0,0,0,0,1,1,2,0,1,0,0,1.346840610343093,-0.4626217238067366,1.2,0
1760,0,0,1,1,1,1,1,1,0,1,0,1,0,0,0,0,1,0,0,2,-0.2275772995319573,0.09835698176019034,1.2,0
1761,0,1,0,0,0,1,1,0,0,1,0,0,0,0,0,1,0,0,1,0,-0.4516319639483035,1.901790732892447,1.2,0
1762,0,2,0,0,1,0,0,1,0,0,1,0,1,1,1,2,0,1,1,0,-1.0972581560318875,-0.556900903859332,1.2,0
1763,1,2,1,1,1,1,1,0,0,0,1,0,0,0,0,0,0,0,1,0,0.5812939919058455,-1.4437205947666167,1.2,0
1764,2,1,1,0,1,0,0,0,0,0,1,0,0,0,1,0,0,0,0,1,0.47923614955202287,0.7704480722970921,1.2,0
1765,0,0,0,0,1,0,0,0,0,0,1,0,0,0,1,0,0,0,0,0,-0.560938459093277,0.9847360837287008,1.2,0
1766,0,1,1,0,0,0,1,0,0,0,0,2,0,1,0,0,0,0,0,1,-0.9455269623179103,-0.28725057195516907,1.2,0
1767,0,1,0,1,1,0,0,0,0,0,1,0,1,0,2,1,0,0,1,0,-0.1906131917662337,-0.38285331733006106,1.2,0
1768,0,2,1,0,2,0,0,1,0,0,0,0,0,0,1,1,0,0,2,0,-0.3982560112282438,-0.3937003125512315,1.2,0
1769,0,0,0,0,1,1,1,0,1,2,0,1,0,1,1,1,1,1,1,2,-0.3122997548584244,0.2058556127182855,1.2,0
1770,2,0,0,1,1,1,1,0,0,1,0,0,1,1,1,0,1,2,1,0,0.5215828160616028,0.9951109039461915,1.2,0
1771,0,2,0,2,1,1,0,1,0,0,0,0,0,1,1,1,0,0,0,0,-0.6908067950028123,-1.7740642505499042,1.2,0
1772,0,2,0,0,1,0,0,1,0,1,2,0,0,1,1,0,0,2,1,0,0.4802827051817281,-1.2813112831785523,1.2,0
1773,0,0,0,1,0,0,0,1,1,0,0,1,0,0,1,0,0,2,0,0,0.25167453577085863,-0.08843745504388895,1.2,0
1774,0,1,0,1,0,1,0,0,0,1,0,1,0,0,2,1,0,0,2,0,-1.105266015057944,0.7961748497946788,1.2,0
1775,2,1,0,0,1,1,0,1,0,2,1,0,0,0,0,0,0,0,1,0,1.573017405289814,0.16797623228924263,1.2,0
1776,1,1,0,1,2,0,0,0,0,1,0,2,0,0,1,2,0,0,2,1,1.1148904738913987,0.4047491420490943,1.2,0
1777,0,0,1,2,0,1,1,1,0,0,1,1,0,0,1,0,0,1,1,0,0.024714491532229616,1.3419144456941556,1.2,0
1778,1,2,1,1,0,0,0,0,0,1,0,0,1,0,0,0,0,0,1,2,1.5852070951907251,1.9362511588561284,1.2,0
1779,0,0,1,2,1,0,0,1,0,1,0,0,0,2,0,0,0,0,1,1,0.010051320297791192,0.5142692758020938,1.2,0
1780,0,1,0,0,1,0,0,0,1,1,1,0,0,0,1,0,1,1,1,1,-1.3715904607100369,1.4481602568067133,1.2,0
1781,1,0,1,0,2,0,0,1,0,2,0,1,1,1,2,1,1,1,1,0,0.9678380015253271,-0.11920056989520461,1.2,0
1782,0,1,0,0,1,1,2,0,1,2,0,1,0,0,1,1,0,1,2,1,-0.31029449351107335,0.10920356370944766,1.2,0
1783,0,0,0,1,0,1,1,0,0,2,0,1,0,0,0,1,1,1,1,1,-0.7212866868913188,1.4404147162074559,1.2,0
1784,0,2,0,2,2,0,1,0,0,1,1,0,1,0,0,0,1,0,0,0,0.5559504388934309,0.6294167499263317,1.2,0
1785,0,1,0,1,1,0,1,1,0,1,0,0,0,0,1,1,1,1,0,0,1.0596544726147556,0.04605787893787103,1.2,0
1786,1,0,0,1,0,0,0,0,0,0,0,0,0,0,1,0,0,1,0,1,-1.1312033117558933,0.935906820931022,1.2,0
1787,0,0,0,1,0,2,1,1,0,2,0,1,0,0,1,2,0,0,1,0,-1.703236048237904,-0.5669831060600157,1.2,0
1788,1,1,1,2,1,0,0,0,0,0,0,1,0,0,1,0,0,0,1,0,1.6368869804594424,1.4218991581138716,1.2,0
1789,0,1,1,1,1,1,0,1,0,2,0,2,0,0,0,0,1,0,0,0,-0.16453507145251653,0.7669753479174253,1.2,0
1790,1,0,0,0,1,0,2,1,0,1,0,0,0,0,2,1,0,2,0,0,-0.7053166530732871,-0.1279963890626441,1.2,0
1791,1,2,0,2,1,0,1,0,0,1,1,1,0,0,0,1,0,0,0,1,0.053333195750321014,1.3158808990351507,1.2,0
1792,0,0,0,1,0,1,0,0,0,0,0,0,0,0,0,0,0,0,1,0,-2.343079290709088,0.26283007983822115,1.2,0
1793,1,1,0,1,0,0,0,1,0,0,0,1,1,0,0,0,0,0,1,0,-0.6604900057949024,0.49398698062208257,1.2,0
1794,1,0,1,1,0,1,2,0,0,0,0,1,0,1,0,1,0,0,1,2,-0.06395580548997554,-0.05875576599004145,1.2,0
1795,0,2,0,0,1,0,1,1,0,1,0,1,0,1,1,1,0,1,1,0,-1.6795054562071043,-0.5118877222155678,1.2,0
1796,1,1,1,0,1,0,1,0,0,0,0,0,0,1,1,0,1,1,1,0,-0.18762682341142778,0.5557836493341793,0.26164130926863904,1
1797,0,1,1,1,1,0,1,0,1,0,1,0,0,0,2,0,0,2,1,0,0.34811870189348837,0.541524871979284,1.2,0
1798,1,1,0,1,0,0,2,0,1,1,0,0,0,0,0,0,0,0,2,1,0.6265014507172021,0.931566022373606,1.2,0
1799,1,0,0,2,1,0,1,0,1,0,1,1,1,0,0,1,1,1,1,2,0.26239972178278315,0.45689662531578457,1.2,0
1800,0,1,0,0,2,0,1,0,0,0,0,0,0,0,1,0,1,0,1,0,2.221599061018022,-0.8828901890375174,1.2,0
1801,0,1,1,0,0,2,1,0,0,2,0,1,0,0,1,2,0,1,1,1,0.08001720946909519,1.6703291843586263,0.20508808928292954,1
1802,1,1,0,1,1,0,0,0,0,0,0,0,1,0,2,0,0,0,1,0,0.7391423949489665,1.3603789559806754,1.2,0
1803,1,2,1,1,0,2,0,0,0,0,0,0,0,0,0,1,1,1,0,0,0.7133488483913158,0.8078938098366435,1.2,0
1804,1,2,0,2,0,1,0,0,0,1,0,0,0,0,1,0,0,1,2,0,-1.8237257790709245,0.3514800099551685,1.2,0
1805,2,2,0,2,1,0,0,1,0,0,1,2,0,0,0,0,0,1,2,0,0.09850881639582848,-0.7895794957908777,1.2,0
1806,0,1,0,1,1,0,1,0,0,0,0,0,0,1,1,0,1,0,2,2,-0.06414291831969333,1.4221156968157806,1.2,0
1807,1,2,1,0,1,0,1,1,0,1,0,0,0,1,2,1,0,1,1,1,-0.3798703562977473,-0.27851319087116716,1.2,0
1808,0,2,0,1,1,0,0,1,2,0,0,0,0,0,1,0,0,1,0,2,0.8910580058172489,-0.1457005458652439,1.2,0
1809,0,0,0,1,2,0,1,0,0,2,0,1,0,0,1,0,0,2,2,1,-1.4485938050506852,0.4674121894591907,1.2,0
1810,0,1,0,2,1,0,1,0,1,1,1,0,1,0,2,1,0,1,1,1,0.8610876394560417,0.8633791889019777,1.2,0
1811,1,0,1,2,1,0,0,0,0,1,0,1,1,0,1,1,0,0,1,1,-1.034884812837255,0.6646377773082183,1.2,0
1812,1,1,1,1,1,0,0,1,0,1,1,0,1,0,1,0,0,0,0,0,-0.8545679574135748,-0.01869316841588259,1.2,0
1813,1,1,0,1,2,0,0,0,0,1,0,0,0,1,1,1,0,1,1,0,2.3662904512721767,-0.4008807741997519,1.2,0
1814,0,1,0,0,1,2,0,0,0,0,1,0,0,0,1,2,0,1,0,1,0.2591076998788657,-1.1331241109659698,1.2,0
1815,0,1,1,1,0,0,0,1,0,0,0,0,1,0,2,1,0,0,1,0,-0.6704472677351427,-0.5850484650308394,1.2,0
1816,0,1,0,1,0,0,0,1,0,0,0,0,0,1,2,0,0,1,1,1,0.431212509503472,0.7812583002563681,1.2,0
1817,0,0,0,0,2,0,0,0,0,0,0,0,1,0,1,0,0,2,1,0,0.2118169597287566,0.362782320796164,1.2,0
1818,0,1,0,0,0,1,0,1,0,1,0,0,0,1,1,0,0,0,0,1,0.9777785731598347,1.0021708114614687,0.8325897972125663,1
1819,1,0,1,1,2,1,1,1,0,0,1,0,1,0,1,0,0,1,1,1,-0.32587628523632023,-1.0635595609985726,1.2,0
1820,1,0,1,1,0,0,0,2,1,1,1,0,0,0,0,0,1,2,0,0,0.906819591735772,-0.33883213757197017,1.2,0
1821,0,0,0,1,1,1,2,0,0,1,1,0,0,0,0,1,1,1,1,1,-1.3005580820078952,-1.9480203962888152,1.2,0
1822,1,2,1,1,0,1,0,0,0,0,0,1,0,0,1,0,1,2,0,0,-0.46197931556858873,-0.19159466305208045,1.2,0
1823,1,1,1,1,1,0,0,0,0,2,1,0,0,0,0,0,1,1,2,1,0.9353872326251764,1.0510569449338654,1.2,0
1824,1,1,0,1,1,0,0,2,0,1,1,1,0,0,2,1,1,1,1,0,0.016114320238710716,0.32201575088881396,1.2,0
1825,0,1,0,0,1,1,1,1,0,0,0,0,0,2,2,0,1,0,0,0,0.8596745602453008,-1.8720422414532272,1.2,0
1826,0,1,1,0,0,0,2,0,0,0,1,0,0,1,1,0,0,2,0,0,0.8342808330711105,1.0447740972208688,1.2,0
1827,0,1,0,1,1,0,0,0,0,1,0,0,0,0,0,0,0,0,0,1,-2.2800809229889207,-1.3452588363194546,1.2,0
1828,1,1,0,1,1,1,1,0,0,1,0,0,0,0,2,1,0,0,0,1,-1.9648587959029549,-2.012286361867366,1.2,0
1829,0,0,0,1,1,0,1,1,0,0,0,1,0,0,1,1,2,1,1,1,-0.42257249289858884,-0.6282224349059167,1.2,0
1830,0,0,0,1,1,1,1,0,0,1,1,1,0,0,1,0,0,1,1,0,1.1574651596729557,-1.4484397022981734,1.2,0
1831,0,2,0,0,0,1,1,1,0,0,0,0,0,0,1,1,0,0,2,0,-0.5776642063814936,0.051435847799320866,1.2,0
1832,0,2,1,0,0,0,0,0,0,1,1,0,1,0,1,0,0,0,0,1,1.5554882520683497,1.8593691106959866,1.2,0
1833,0,2,1,0,2,0,0,1,0,1,0,0,0,0,0,0,2,0,2,0,-0.9810570257991286,-0.2513267093367638,0.6564744102207634,1
1834,1,1,0,0,1,1,0,1,0,0,1,0,0,0,1,1,1,2,0,2,0.07989161286047565,-1.0280790703434062,1.2,0
1835,0,2,1,1,1,0,0,1,0,0,0,1,0,1,0,1,0,0,1,0,-0.3584140749845459,0.6448119463089264,0.8546668593881867,1
1836,1,1,0,1,0,0,0,1,1,0,0,0,1,0,1,0,0,1,1,0,-0.6205737723880088,0.3612858427737832,1.2,0
1837,0,2,0,1,0,0,0,0,1,1,0,0,0,0,2,1,0,1,1,1,-0.08326657372553292,0.12556677067062405,1.2,0
1838,1,2,0,0,1,0,1,0,0,0,0,1,0,1,0,2,0,1,1,1,-0.6293780991928734,-0.13596724525748874,1.2,0
1839,0,2,1,0,2,1,2,0,0,0,0,0,0,0,1,1,0,1,0,1,1.953751880114821,0.7981039582679754,1.2,0
1840,0,1,0,2,2,0,0,0,0,1,0,0,1,0,1,1,0,1,1,1,-0.02634591568816985,2.576996663494424,1.2,0
1841,0,0,0,0,1,0,2,0,0,1,1,0,0,0,1,0,0,2,1,0,0.24461190159556329,-1.0174138001916382,1.2,0
1842,1,1,0,0,0,2,1,0,0,1,1,0,0,0,2,1,0,0,0,1,1.6135966602141194,-0.471560034159133,1.2,0
1843,0,1,1,2,1,0,0,0,0,1,1,0,1,0,0,2,1,2,0,1,1.6747477248860485,0.39404472947244257,1.2,0
1844,0,0,0,0,1,0,0,0,0,1,1,0,2,0,1,1,0,0,1,0,-0.37434953901673457,-0.36759869617555824,1.2,0
1845,1,1,0,0,1,0,0,0,0,0,0,0,1,0,1,1,1,1,0,0,-0.5011766726676232,0.9009081223211852,1.2,0
1846,0,1,1,1,1,1,1,0,0,1,0,0,0,0,0,1,0,1,1,0,-2.1027822388955513,-0.34005149105039423,1.2,0
1847,1,2,0,0,0,0,1,1,1,1,1,0,0,1,2,0,1,0,1,1,-2.9698852723641345,-1.1968511899205494,0.46516783869092426,1
1848,0,0,0,1,1,1,1,0,0,0,0,0,0,1,0,0,1,1,0,1,0.37941829576778907,0.2856059736130467,1.2,0
1849,2,1,0,1,1,1,1,1,0,0,1,1,0,0,1,1,0,0,0,1,1.1345272862117286,0.3549712464245076,1.2,0
1850,0,1,0,0,0,0,0,0,0,1,0,1,0,0,1,0,0,1,0,1,1.3340199084336695,1.5924166472333376,1.2,0
1851,2,2,0,2,0,0,1,0,0,0,0,0,2,0,0,1,0,0,1,1,1.0384539280107439,2.6067945223768545,1.2,0
1852,2,1,0,0,0,0,0,0,0,1,1,1,0,0,2,1,1,0,0,0,-0.29949654898872446,1.107668027262635,1.2,0
1853,1,1,0,0,1,1,1,1,0,1,0,0,0,0,1,1,0,0,1,1,-0.8734103724407655,-0.8245389214265363,1.2,0
1854,0,1,0,2,0,0,1,1,0,0,1,0,1,0,1,1,1,1,1,1,-0.3488031335878675,-1.700308579954931,1.2,0
1855,1,2,0,0,1,2,0,2,1,0,0,0,1,0,0,0,1,1,0,1,-0.7461214986762178,-1.6506282958055665,1.2,0
1856,1,2,0,1,2,0,0,0,0,0,0,0,0,1,1,0,0,1,0,1,-0.09181606657648485,-0.5130803571938288,1.2,0
1857,1,1,1,0,0,2,2,0,0,1,0,0,0,0,1,1,1,1,1,2,0.2692517295134594,1.0194801147669967,1.2,0
1858,0,2,1,0,0,1,0,1,0,0,0,0,0,0,0,1,1,0,0,0,-1.69679796490224,0.6099847263130642,1.2,0
1859,0,1,1,2,2,0,0,0,0,1,0,0,0,0,1,2,0,2,0,1,-0.3421492757314279,-1.2045306339517488,1.2,0
1860,1,1,0,1,1,0,0,1,0,1,1,1,1,0,0,0,0,2,1,1,-0.7885224221529678,0.9717137737004826,1.2,0
1861,0,2,0,1,2,0,0,2,0,1,0,1,2,0,1,0,1,1,0,0,1.6005918692590326,0.6412659120103732,0.768239334187414,1
1862,0,1,0,0,1,1,1,0,0,0,0,0,0,0,0,0,0,0,1,1,-0.5262657511433628,0.1615210053888339,1.2,0
1863,0,1,0,0,1,1,0,0,1,0,0,0,0,0,1,0,1,1,0,0,-0.4693426979395318,-0.5196994198736486,1.2,0
1864,1,1,0,2,2,1,1,0,0,0,0,1,0,0,2,0,0,0,1,1,0.4159580939222677,1.2469281457592785,1.2,0
1865,0,2,2,1,1,1,0,0,1,1,0,0,0,0,1,0,0,1,1,0,1.0131600013187803,0.7174608182410067,1.2,0
1866,0,0,0,0,1,0,0,0,0,0,0,0,0,1,1,0,1,0,0,2,0.07602395830325029,0.7980881751788114,1.2,0
1867,0,0,1,2,0,0,0,2,0,0,1,0,2,0,1,0,1,0,2,0,1.4495779157794648,-0.5964184253361142,1.2,0
1868,1,1,0,1,2,0,0,0,0,0,0,1,0,0,1,0,0,0,0,0,-0.020986328895525888,0.6806698049207932,1.2,0
1869,0,2,0,0,1,0,0,0,0,2,1,1,1,0,1,0,1,0,1,1,0.1842857995068135,-0.3372091726061649,1.2,0
1870,0,2,0,2,1,1,0,0,0,0,0,0,0,0,0,0,0,0,1,0,-0.4919051611506295,1.407866205842386,1.2,0
1871,2,2,0,0,2,2,0,1,0,1,0,0,0,0,2,1,1,0,2,1,1.6934758851046299,0.2752137750759239,1.2,0
1872,0,1,1,1,2,0,0,0,0,0,0,1,0,0,1,0,1,1,0,2,0.5075562413895426,1.5676209189324284,1.2,0
1873,1,2,1,0,1,0,0,0,0,1,0,0,1,1,0,0,0,0,0,0,1.504834831079611,1.143795435898511,1.2,0
1874,0,0,0,2,0,0,2,0,0,1,1,1,0,0,1,0,1,1,1,2,-0.4081033476368559,-0.3324769049366247,1.2,0
1875,0,1,0,2,0,0,0,1,0,0,0,0,0,0,2,1,0,1,0,1,-0.25978729959243346,-1.608514749164428,0.4331542450645201,1
1876,1,0,1,0,1,0,1,0,0,0,0,0,2,0,2,1,1,0,0,2,0.40073047817564705,-0.00022747122790378604,1.2,0
1877,1,0,0,1,1,0,0,0,1,2,1,1,0,0,1,2,0,1,0,1,-0.40962709825536614,-0.30747166136729953,1.2,0
1878,1,2,0,1,0,0,0,1,0,0,0,0,0,1,1,0,0,0,1,1,-1.8825707233764826,-0.6220789747721988,1.2,0
1879,0,1,1,1,1,1,0,0,0,2,0,0,0,0,0,1,1,0,2,0,-0.32331051203245886,0.3378542775719299,1.2,0
1880,0,1,0,2,2,1,0,0,0,1,0,1,0,0,0,0,0,1,1,2,-0.269209823524504,0.2354533923751856,1.2,0
1881,1,2,0,1,1,0,1,1,0,0,0,0,0,1,0,0,0,1,1,1,-0.42444384781432987,-0.49025958324480207,1.2,0
1882,0,1,0,0,1,1,0,1,0,0,1,0,0,0,0,1,0,0,1,0,-1.9688887385525475,-2.569560697541786,1.2,0
1883,2,0,0,2,0,0,0,1,0,1,0,0,0,0,0,0,0,1,2,0,-0.1716558416686264,0.3190251921630624,1.2,0
1884,1,0,0,1,0,0,0,0,0,0,0,0,1,1,1,1,1,0,1,0,1.030364571646545,0.5679065749600896,1.2,0
1885,0,1,1,1,1,0,0,0,1,1,0,0,0,1,1,0,0,0,2,1,-0.07223222047766176,0.8226298966209895,1.2,0
1886,0,2,1,1,0,2,2,1,1,1,0,0,0,0,1,1,0,0,0,1,-0.4624715611817688,-0.591941300558584,0.46613234448430685,1
1887,0,2,0,1,2,1,0,0,0,1,0,0,1,0,0,0,0,2,1,1,1.0071370972170046,1.8414468475893608,1.2,0
1888,1,1,0,1,2,0,0,1,1,0,1,1,0,0,0,0,0,0,0,2,0.909034294536823,0.5559737072653754,1.2,0
1889,1,0,0,0,0,0,0,0,0,0,0,0,0,0,0,0,0,1,0,2,-1.8465194124376676,0.8125996832990681,1.2,0
1890,1,1,0,2,1,2,0,0,1,1,0,1,0,1,1,0,0,1,2,2,0.7630391259846405,-0.22109176406933262,1.2,0
1891,0,1,1,0,0,0,0,0,0,0,0,0,1,1,1,0,0,2,1,0,0.30700733379177675,-0.3240587074741704,1.2,0
1892,0,1,0,0,0,1,0,0,1,0,0,1,0,0,1,1,0,0,1,0,2.212669663213967,0.4176425768657974,1.2,0
1893,0,1,0,0,2,1,1,0,0,1,0,1,1,0,1,1,1,0,1,0,-2.110042823378222,0.10472909221992321,1.2,0
1894,1,2,1,1,1,0,1,0,0,1,0,1,1,0,1,1,0,1,1,1,-0.068084650172787,1.5859248330756428,1.2,0
1895,0,1,1,0,1,0,1,0,0,1,0,0,0,0,2,1,0,0,2,2,-0.2685328321240375,0.6912862936229631,1.2,0
1896,1,0,0,1,1,0,1,1,0,0,0,0,0,0,1,0,0,0,1,1,0.16697858801940885,-0.25082337116068965,1.2,0
1897,0,0,0,1,0,1,0,0,0,0,0,0,1,1,0,1,1,1,1,2,-0.8770351945896901,-0.7882359030250201,1.2,0
1898,1,2,0,1,0,1,1,0,0,0,1,0,0,0,1,0,0,0,0,1,0.17872849766428564,0.5829439840500035,1.2,0
1899,0,2,0,0,1,1,0,0,0,1,0,0,0,0,1,1,0,0,0,1,0.3137393194806446,-0.5628282860214606,1.2,0
1900,0,1,0,1,1,0,0,0,1,0,0,0,0,0,1,0,0,1,0,1,-0.6059406094114302,-2.3615359233278777,1.2,0
1901,0,1,1,2,0,0,1,1,0,0,0,0,0,1,0,1,0,0,2,1,-0.7098449185998539,0.18955924337865443,1.2,0
1902,0,0,0,1,1,1,1,0,0,1,0,0,0,0,0,1,0,0,0,1,-2.160758100616281,-2.973014910891065,1.2,0
1903,0,2,1,0,0,0,1,0,0,0,0,1,0,0,1,1,0,0,1,0,0.3218064059891081,-1.0513821569913224,1.2,0
1904,0,0,0,1,0,1,1,0,0,1,0,0,2,0,1,0,1,0,0,1,1.1765463303570471,-0.5314220562405296,1.2,0
1905,0,1,0,2,2,0,1,0,0,0,0,1,1,0,1,0,0,0,0,1,-0.05113185037663692,-1.100625398417093,1.2,0
1906,0,0,0,0,1,1,0,0,0,0,0,1,1,1,0,0,1,1,0,1,1.1313237540679095,0.3459048788297796,1.2,0
1907,0,0,0,0,0,0,0,1,0,0,0,0,0,1,0,0,1,2,1,0,-0.2962130863198946,-0.3304345442408,1.2,0
1908,2,2,0,0,0,1,0,2,0,1,1,1,1,0,0,0,0,2,0,0,0.792007870097033,-0.6888752547708211,1.2,0
1909,0,1,0,0,0,2,0,0,1,1,1,0,0,0,1,1,0,2,0,0,-0.8808176520194336,-0.20238076705913466,1.2,0
1910,0,0,0,1,2,0,2,0,1,1,0,1,1,0,2,1,0,0,0,1,0.38566057928103376,-1.1253003497679868,1.2,0
1911,0,1,0,1,1,0,2,0,0,0,0,1,0,0,2,1,0,0,0,2,-0.3434679909003004,-1.2401739425929963,1.2,0
1912,0,1,2,1,2,0,0,1,0,0,1,1,0,1,2,1,0,0,0,0,0.17373398497840484,-0.48332358668756215,1.2,0
1913,0,0,0,2,0,1,1,0,0,1,0,0,0,0,0,2,0,1,0,0,0.17100721493377,-0.7303464811312618,1.2,0
1914,1,2,0,0,1,1,0,0,0,0,1,1,1,0,1,2,0,0,2,2,-1.6771975435782875,0.4154594667938131,1.2,0
1915,0,2,0,2,1,0,0,0,1,2,0,0,0,0,1,1,0,0,1,1,1.9707414672208332,-1.903023647744466,1.2,0
1916,1,2,1,0,0,0,1,0,1,1,1,0,0,0,1,0,0,0,0,0,0.3909231693659212,0.49618223668405603,1.2,0
1917,0,0,0,0,1,1,0,0,0,1,1,0,1,1,1,0,1,2,0,0,0.03895291456304408,0.8856595198016847,1.2,0
1918,1,1,0,0,0,0,0,0,0,1,0,0,0,0,1,1,0,1,0,0,-2.090069075456437,-1.0916874475453722,1.2,0
1919,0,0,0,1,1,0,0,0,0,0,1,0,0,1,0,0,0,0,0,1,1.5168859867673208,1.7654410524966986,1.2,0
1920,1,1,0,0,0,1,0,0,0,0,0,1,1,1,1,1,1,1,0,1,-0.6830986596282659,-1.903459054118427,1.2,0
1921,0,1,0,1,2,0,1,1,0,1,0,0,0,0,2,0,0,0,1,0,-0.09231471921159133,0.025245194671804472,1.2,0
1922,0,0,1,0,0,1,1,0,0,1,0,0,1,0,1,1,1,2,0,0,0.29089328871136794,-0.7962577304133005,1.2,0
1923,1,1,1,1,0,1,1,0,0,0,0,0,1,1,2,1,0,1,1,1,-0.30293618423413265,1.353512056783715,1.2,0
1924,0,1,0,1,1,0,0,0,0,2,0,0,0,0,0,2,1,0,1,2,1.4615211883240102,1.3800913444205658,1.2,0
1925,0,1,1,1,1,0,0,1,0,0,1,0,1,1,1,1,0,0,1,2,0.22587082218352383,0.17212025625056407,1.2,0
1926,0,0,0,1,1,0,0,0,1,1,0,0,0,0,0,0,0,1,1,1,1.5337026110991623,0.679787386479755,1.2,0
1927,1,1,1,1,1,0,0,1,1,1,0,0,0,0,0,0,1,1,1,1,0.006075278849785218,-0.9432720893678619,1.2,0
1928,1,0,0,0,0,0,0,0,1,0,0,1,0,2,2,0,2,0,1,1,0.8786375190188261,1.1104222902562302,1.2,0
1929,0,1,1,2,1,0,0,0,0,1,0,0,0,0,2,0,0,1,2,2,-0.062329392561393346,1.8207234327728234,0.5927994657462194,1
1930,1,0,0,0,1,1,1,0,0,2,0,0,0,0,0,0,1,1,2,1,-0.04413966375859254,-0.08281692159724452,1.2,0
1931,1,0,0,1,1,0,1,1,1,0,0,1,0,0,1,1,0,1,1,1,-0.9912471754522675,-1.4699560080483651,1.2,0
1932,0,0,1,0,1,0,1,0,0,1,0,0,0,0,0,1,0,1,1,0,0.009251487311972164,0.8156627632837229,1.2,0
1933,1,1,0,1,1,0,1,0,0,0,0,0,0,1,1,1,0,1,1,2,1.3993788077298188,-1.1377556582193438,1.2,0
1934,0,1,1,1,1,0,0,1,2,1,1,0,0,0,2,0,0,0,0,2,0.007472318774794641,-0.429221622052125,1.2,0
1935,1,1,1,1,2,1,1,0,0,0,0,1,0,0,0,0,0,1,1,2,-1.0035702009533085,-0.009603587707985833,1.2,0
1936,0,2,0,2,0,2,0,0,0,1,0,2,0,0,1,1,0,0,0,0,-0.30306047907788236,-0.7127278486532983,1.2,0
1937,0,1,0,1,2,0,1,1,0,0,1,1,0,0,0,0,0,0,1,1,-1.2882676464962206,0.1637767234510904,1.2,0
1938,0,1,1,1,1,0,2,0,0,1,2,1,0,0,0,0,0,1,0,1,-0.4869785668687556,-0.22790108033517092,1.2,0
1939,1,0,0,2,1,2,0,0,0,0,1,0,1,1,0,0,1,2,1,0,0.09724267639186783,-1.243644879865498,1.2,0
1940,2,1,1,0,1,0,2,1,1,1,0,1,1,0,1,0,0,1,1,1,-1.9955915310798478,0.6216149656525493,1.2,0
1941,1,2,0,0,0,0,0,0,0,0,0,0,0,1,2,0,0,0,1,1,-0.3401139407244786,1.3778662853610304,1.2,0
1942,1,1,0,0,0,0,0,1,0,0,1,0,1,0,1,0,0,0,0,1,-0.6648866285279482,0.11279962919917275,1.2,0
1943,0,1,0,0,0,0,0,1,0,1,0,0,0,0,0,1,0,0,0,2,0.535075715470101,1.0176183980606306,1.2,0
1944,0,1,0,1,1,1,1,1,1,1,1,0,0,0,1,1,0,0,1,1,2.1925205300129926,1.1620025460701298,1.2,0
1945,0,0,1,2,0,1,0,1,0,2,0,0,0,0,1,0,1,0,0,0,-0.5812706482490486,0.748466054135543,1.2,0
1946,0,2,0,0,1,0,1,0,0,0,1,1,0,1,1,1,0,0,0,0,-1.6376797793287483,-1.9284027459972415,1.2,0
1947,0,1,1,0,0,0,0,0,2,1,1,0,2,0,0,0,0,0,0,1,-0.7584968200289153,-0.8378193664834306,1.2,0
1948,0,2,0,1,0,0,1,0,1,1,0,0,1,1,0,1,0,0,0,0,2.5071156934093533,1.771401086920577,1.2,0
1949,0,1,0,0,1,0,1,0,0,0,1,0,0,0,0,0,1,0,1,2,-2.3561229761734612,-1.3645614277799347,1.2,0
1950,0,2,0,1,1,0,1,2,1,1,0,1,0,0,0,0,0,0,2,0,0.4320014936829252,0.04889901450662376,1.2,0
1951,0,1,0,1,2,0,0,1,0,0,0,1,0,1,0,0,1,0,1,1,2.4722178837260773,0.39791530896011684,1.2,0
1952,0,1,0,0,0,1,2,0,0,2,0,0,1,1,1,0,0,1,2,1,0.942713950147399,1.1988728305718284,1.2,0
1953,0,1,1,2,1,0,0,0,0,0,0,0,0,1,1,0,1,1,1,0,1.6479699661673595,-0.19842892573601212,1.2,0
1954,1,0,0,1,1,1,1,0,0,0,0,1,0,0,1,0,0,0,1,1,-0.8821225388514642,0.8355093964166942,1.2,0
1955,2,0,0,0,2,0,0,0,0,1,0,0,0,0,1,0,1,1,1,1,-0.0801964504293751,0.09872170807096492,1.2,0
1956,0,1,0,0,1,0,0,2,2,1,1,0,0,0,1,0,0,1,2,0,0.9012359861612929,0.07990101645603431,1.2,0
1957,0,1,0,0,1,1,2,0,0,0,0,0,0,0,0,0,0,1,0,2,-0.507743734034162,1.4737878502866577,1.2,0
1958,0,1,1,1,2,0,0,1,0,2,1,0,0,0,0,1,1,1,0,2,-0.13294911690706654,-0.8666012189010317,1.2,0
1959,0,2,1,0,1,0,0,0,0,0,0,0,0,0,0,0,0,1,1,1,-0.0999276957434574,0.6470275830020105,1.2,0
1960,0,0,1,2,0,0,0,0,1,1,0,0,0,0,1,0,1,1,1,1,0.8635264634102243,0.5015238336517139,1.2,0
1961,0,1,0,2,1,0,1,0,0,0,0,0,0,0,1,0,1,1,1,0,-0.3218857931521423,-0.7953422741773076,1.2,0
1962,0,1,0,1,1,0,0,1,0,0,1,0,0,0,2,0,0,0,1,0,0.6948577452795788,0.9387285413356168,1.2,0
1963,0,1,0,1,0,1,0,0,0,1,0,1,0,1,2,0,1,1,0,1,1.4524064427168006,0.32486861351959534,1.2,0
1964,0,0,0,0,0,1,1,1,0,2,0,0,0,0,1,0,0,1,0,0,1.9111103037978772,1.0323202947698402,1.2,0
1965,1,2,0,1,1,1,1,1,0,1,1,1,0,0,0,1,0,0,0,0,-0.9985737385106612,1.669254606666049,1.2,0
1966,0,1,1,1,1,0,0,0,0,1,1,1,0,1,0,1,0,2,2,0,-0.2862711188286239,-0.47625891953342925,1.2,0
1967,1,0,1,0,1,0,0,0,1,1,1,1,0,1,0,0,0,2,0,0,1.1077568677313685,-0.43587259967944975,1.2,0
1968,0,1,0,1,1,1,0,0,0,1,0,0,0,0,0,0,0,2,0,0,-0.293869949014727,-0.5044171051258656,1.2,0
1969,0,1,1,0,0,1,0,2,0,0,1,0,1,0,0,0,0,0,1,0,0.7355017939701133,-0.7094930685821318,1.2,0
1970,0,1,0,1,0,1,0,1,0,1,0,0,0,0,0,1,1,0,0,0,1.3250093405531136,1.8243880741645941,1.2,0
1971,0,1,0,0,0,2,1,1,0,0,0,0,0,0,2,0,0,0,1,1,-1.5853284373351955,-1.662894391746292,1.2,0
1972,0,2,2,2,1,1,1,1,0,1,0,0,0,0,0,0,0,0,0,0,-0.3334954257773613,-0.801244637551946,1.2,0
1973,0,0,0,2,1,1,1,0,0,0,0,0,1,0,0,0,0,0,0,0,0.39564016145328074,-0.4809739882803543,1.2,0
1974,0,2,2,1,0,0,0,0,1,0,1,0,1,0,1,0,0,0,1,1,0.10486114904553231,0.5448639976081571,1.2,0
1975,0,2,0,0,1,0,1,1,0,1,0,0,0,0,1,0,0,1,2,2,-0.21389074483670728,-0.4425032445915373,1.2,0
1976,0,1,0,1,0,0,0,2,0,0,0,2,0,0,1,1,0,0,1,2,-2.2819758661935396,-0.8468560706466609,1.2,0
1977,0,1,0,1,0,0,0,0,0,0,0,1,1,0,1,0,2,1,0,1,-0.3016244930527743,0.22499467549180235,1.2,0
1978,0,2,0,1,0,1,0,0,0,0,0,0,0,0,0,1,0,0,2,0,1.453663162949779,-1.1518459126231648,1.2,0
1979,0,1,0,1,0,0,0,0,1,0,0,0,0,1,1,0,0,0,1,0,-1.0427919166078052,-1.7779333698465474,1.2,0
1980,1,0,0,1,1,1,1,1,0,0,0,0,0,1,1,0,0,0,0,0,0.26495516097094685,-2.5254377301911846,1.2,0
1981,1,2,1,2,2,0,0,1,0,1,0,0,0,1,0,1,1,0,2,1,0.2863351574323852,0.7094147145533437,1.2,0
1982,0,1,0,1,1,0,0,0,1,0,0,0,0,0,0,1,1,1,0,1,-1.51902839158407,-0.712358358744561,1.2,0
1983,0,1,1,1,1,0,0,0,1,1,0,0,0,1,1,2,1,1,0,1,0.9070995964905674,-1.170001569742697,1.2,0
1984,0,2,0,1,2,1,1,0,0,2,0,0,0,1,1,2,1,0,0,0,-0.5231114087871889,-1.5735448067607796,1.2,0
1985,0,0,0,1,1,0,1,0,1,0,1,0,0,0,0,1,1,1,1,1,0.8917180378832671,-1.0840536773435039,1.2,0
1986,0,1,1,0,0,0,1,0,0,1,0,1,0,0,0,1,0,1,1,1,0.5612435742537996,0.00967989253408208,1.2,0
1987,1,1,0,1,1,0,1,0,1,0,0,1,0,0,0,0,1,1,0,0,0.5582560057391559,1.389138848061858,1.2,0
1988,1,2,0,0,1,1,1,1,0,0,0,1,0,1,1,0,0,0,2,0,-0.43873492252712853,-1.0891439405620946,1.2,0
1989,1,0,1,0,1,1,0,0,0,1,0,0,0,0,2,0,0,0,1,1,-0.6798597440442317,-0.8279490366641571,1.2,0
1990,1,0,0,1,1,0,0,1,0,0,2,1,0,0,1,0,0,0,0,0,1.0015583781685633,0.045091634938529274,1.2,0
1991,0,0,0,0,1,0,1,0,0,0,0,0,0,1,1,0,0,0,0,1,-1.7006973678872281,-0.9057290870956518,1.2,0
1992,0,1,0,1,1,0,0,0,0,2,0,1,0,0,0,0,1,0,1,0,-0.5802503968184133,0.5977399605856824,1.2,0
1993,2,2,1,2,0,2,1,1,0,0,0,0,0,0,2,0,0,1,1,0,-0.38215585485889253,-2.444756593462973,1.2,0
1994,1,1,0,0,0,0,0,0,0,1,0,1,0,0,1,1,0,1,1,2,0.428952407593267,1.6231417896936047,1.2,0
1995,1,2,0,1,0,1,1,1,0,0,0,0,0,1,1,1,0,0,0,0,1.9455114736788477,1.2584283131795146,1.2,0
1996,0,1,0,0,0,1,0,1,0,2,0,1,1,0,1,0,0,1,0,1,0.8342769809088325,2.1551513150745145,1.2,0
1997,0,2,1,2,1,1,1,1,0,0,0,1,0,0,0,0,0,0,1,1,-0.097983802717013,-0.18688624708734208,1.2,0
1998,0,1,0,0,1,0,1,1,0,0,0,0,0,0,0,1,0,0,1,0,1.8233966634632204,0.7871351058618133,1.1204245398347747,1
1999,1,2,0,0,1,0,0,1,1,1,0,0,0,1,0,0,0,1,0,1,1.095976504987299,-0.09167687019430942,1.2,0
2000,0,1,0,1,0,0,0,0,0,1,0,1,1,1,0,1,0,1,2,1,0.012312295631215015,1.074566145338867,1.2,0
2001,0,1,0,1,2,0,0,0,0,2,1,0,1,0,1,1,0,0,0,1,0.5554353517576185,0.01212450423363437,1.2,0
2002,0,1,0,0,2,0,0,0,1,1,0,0,0,0,1,0,0,0,0,1,-1.7081376729620952,-1.0537039214381287,1.2,0
2003,1,2,0,0,0,0,0,0,0,0,1,0,0,1,1,0,0,0,1,2,0.12596379050862833,0.9637109771589747,1.2,0
2004,0,1,2,0,1,2,0,0,0,1,0,0,0,0,1,0,0,0,2,0,1.738302589873352,0.4108767403251431,1.2,0
2005,1,2,0,0,0,1,1,0,0,0,0,0,0,0,1,0,1,1,1,1,-1.9114352515064548,0.2433570049347818,1.2,0
2006,0,1,0,2,2,0,1,0,1,0,0,1,0,0,1,0,1,1,1,1,-0.41247085275956846,-0.2911063725376671,1.2,0
2007,1,1,0,1,1,0,0,0,1,1,0,0,1,0,0,1,0,1,1,1,-0.03286776569632227,0.8922004511939392,1.2,0
2008,2,0,0,0,0,1,2,0,0,0,0,0,0,1,1,0,0,1,0,0,2.0490676339444875,0.731801249158655,1.2,0
2009,0,1,0,0,2,0,0,1,1,0,0,0,0,0,1,1,0,1,1,0,-0.8761238906519746,-2.0029993327653473,1.2,0
2010,1,0,0,1,2,0,0,0,0,0,0,1,0,0,2,0,0,1,1,1,-0.26502290987890803,0.6688706143012778,1.2,0
2011,1,2,1,1,2,0,1,1,0,0,0,1,0,0,1,1,0,0,0,0,0.3066792994178761,1.1174564763377655,1.2,0
2012,1,0,0,0,2,0,1,0,1,0,0,1,0,0,0,1,1,2,2,1,0.8214392949396587,-0.8462656408951644,1.2,0
2013,1,1,0,1,1,0,0,1,0,0,0,0,0,0,0,1,1,0,1,1,1.3756844440637426,1.2043745921535987,1.2,0
2014,0,2,0,1,0,1,0,0,1,0,0,0,1,0,2,0,1,0,0,0,-0.36189899033403455,0.2747656400757055,1.2,0
2015,0,0,0,0,1,0,0,0,1,0,0,0,0,0,0,0,0,0,0,0,1.2823591598396318,0.08633449894606612,1.2,0
2016,0,1,1,1,0,0,1,1,0,0,1,1,0,1,1,0,0,0,1,0,1.6340796607519774,0.12940045190227836,1.2,0
2017,1,1,0,0,1,0,0,1,0,0,0,0,0,1,1,0,0,1,0,0,1.9365728878135224,1.2654912375563059,1.2,0
2018,0,0,2,1,1,1,0,1,0,1,0,0,0,0,1,0,0,1,1,0,-0.28450035407651003,0.04928053471645094,1.2,0
2019,0,1,0,1,2,0,0,0,1,0,0,0,0,0,1,1,1,1,1,1,-0.23891462420246773,-0.14325053867620408,1.2,0
2020,0,1,0,0,1,0,1,0,1,0,1,0,1,1,1,0,1,1,1,0,2.399862709523348,0.2985571563858701,1.2,0
2021,1,1,1,1,0,1,0,0,1,0,0,0,0,0,0,0,0,1,1,0,0.8300013975117553,1.0501208166698637,1.2,0
2022,1,1,0,2,1,1,1,0,1,0,0,0,0,0,1,0,0,0,0,0,0.1273833038874986,-1.5918643101647458,1.2,0
2023,0,1,0,0,1,1,2,0,1,1,1,2,0,0,1,0,0,0,1,0,0.23709882979471303,-0.9731935163932683,1.2,0
2024,1,1,1,2,2,0,0,0,1,0,1,0,0,1,1,0,0,1,0,1,-0.3804845127483974,-0.8671470947876405,1.2,0
2025,0,0,0,1,1,0,0,2,0,0,1,0,0,0,1,0,0,2,0,2,2.067119505756546,0.4038328237353614,1.1525057472376707,1
2026,0,2,0,2,1,0,0,0,1,0,1,1,0,0,0,1,0,1,0,1,1.0134937103527908,-1.0207784500809205,1.2,0
2027,0,1,0,1,2,0,2,0,1,0,0,1,0,0,1,0,0,1,1,0,0.14088921262955628,-0.570943133295996,1.2,0
2028,0,2,1,2,1,1,0,0,1,0,0,0,0,0,1,2,0,0,1,1,-0.18069794036932527,-0.5976878345704522,1.2,0
2029,1,0,1,0,0,1,0,0,0,1,0,0,1,0,1,0,1,0,0,1,0.12729592186877844,1.5291824993591399,1.2,0
2030,1,1,0,1,2,0,0,0,0,0,1,1,0,0,2,0,0,2,1,1,0.05801795528002963,-0.3581535651796222,1.2,0
2031,0,2,0,2,1,2,0,0,0,0,0,1,1,0,1,1,0,1,0,0,0.8699456971138965,0.43348629661268345,1.2,0
2032,0,2,0,0,1,1,2,0,0,0,1,0,0,0,0,1,0,1,1,0,1.2186762476924577,-1.2918503015582188,1.2,0
2033,2,0,0,0,1,0,1,0,2,1,0,0,0,1,1,0,0,0,2,0,-0.8109327298507045,-0.07629154595548358,1.2,0
2034,0,1,0,2,1,0,0,0,1,0,1,0,0,1,1,0,1,0,1,1,0.3711376320207121,0.2931237672157717,1.2,0
2035,0,2,0,1,1,0,1,0,0,0,0,1,0,1,2,0,0,1,0,0,-0.7575369324184196,0.659088377022355,1.2,0
2036,0,0,0,0,1,0,1,0,0,0,0,0,1,0,1,1,1,0,0,0,0.5938816412657415,-0.6501359850146542,1.2,0
2037,0,2,1,1,1,0,1,1,0,1,0,0,0,0,0,0,0,1,1,2,-0.2642399776866449,0.463885566406292,1.2,0
2038,0,2,0,1,0,1,0,0,0,0,0,1,0,1,1,0,0,2,2,1,-1.1825343411601157,-1.5134727581194833,1.2,0
2039,0,1,1,1,0,0,0,0,1,0,0,0,0,0,1,0,0,1,1,1,0.09209902382890943,0.7729729802758647,1.2,0
2040,0,1,0,0,0,0,1,0,0,1,0,1,0,0,1,0,0,1,2,0,0.4820610652632082,-0.4381794910504744,1.2,0
2041,2,1,0,2,1,2,1,1,2,1,1,0,1,0,1,0,1,0,1,0,2.298045017532148,0.4886193337944845,1.2,0
2042,0,2,0,0,0,0,0,1,1,0,1,0,1,0,1,0,0,0,0,1,1.0448399966502713,1.9677197581119656,1.2,0
2043,1,1,1,0,0,1,1,1,1,1,1,1,1,0,2,1,1,1,0,0,1.477491079449861,-1.1210182598593925,1.2,0
2044,0,2,0,0,0,0,0,0,0,1,0,0,0,0,1,1,2,0,0,1,-0.1694877488079998,-0.5322318947508993,1.2,0
2045,0,1,1,1,1,1,0,1,0,1,0,0,1,1,1,0,0,0,0,0,0.8560253491982199,0.9760522656987443,1.2,0
2046,1,1,0,1,0,1,0,0,0,1,1,0,0,0,1,0,0,0,0,1,2.15527105201212,1.1051478771975298,0.24581028746049668,1
2047,1,0,0,1,1,2,1,0,0,1,0,1,0,0,2,1,0,0,0,0,0.24516365545349988,0.47440780552406664,1.2,0
2048,0,0,1,1,0,1,1,1,1,1,0,1,0,0,2,1,0,1,1,1,0.5006443064124231,1.6342907817707542,1.2,0
2049,2,1,0,0,1,0,0,1,1,0,0,0,0,2,0,1,0,0,1,1,-0.08864074275897006,0.5791051990502165,1.2,0
2050,1,1,0,0,2,0,1,0,0,0,1,1,0,0,1,1,0,1,1,1,-0.4822860430543503,-0.08337270017427639,1.2,0
2051,0,1,0,1,1,0,1,1,0,0,0,1,1,0,1,2,0,1,0,1,1.5525477290453091,0.8064508411318281,1.2,0
2052,0,2,0,1,0,1,1,1,1,0,0,1,0,0,1,0,2,1,0,0,-0.15951559122654427,0.09747583211260125,1.2,0
2053,0,1,1,2,1,0,0,0,0,0,0,1,0,0,2,1,2,0,0,0,-0.2092590592733313,0.478117715153863,1.2,0
2054,1,1,0,2,2,1,1,0,0,1,2,0,1,0,1,1,0,1,0,2,-1.288018472590164,0.2700360329634576,1.2,0
2055,1,1,0,1,1,1,1,0,0,0,0,0,1,1,0,0,2,1,0,1,0.8050757183826335,0.05259763816220708,1.2,0
2056,1,1,1,1,2,0,0,1,0,0,0,0,0,0,0,0,0,1,0,1,-1.3345048644399682,0.01058716078634131,1.2,0
2057,1,0,0,1,1,1,1,1,0,1,0,0,1,0,0,0,0,0,0,0,0.30283738089592993,-0.23801504209298285,1.2,0
2058,1,0,0,0,0,1,0,1,0,0,0,0,0,0,1,1,0,0,1,0,-0.16959193669697303,-0.7440580703170432,1.2,0
2059,0,1,1,0,0,0,1,1,0,0,2,0,0,1,1,0,1,0,1,0,0.0440552612030573,0.5217197228305835,1.2,0
2060,0,2,1,1,2,0,1,0,1,0,0,0,1,0,1,0,2,2,1,1,0.807471837860952,-0.6982987229425961,1.2,0
2061,1,1,0,2,1,1,0,0,1,1,0,0,0,1,0,0,0,0,0,1,0.7843722668202058,1.6195448691289043,1.2,0
2062,1,1,0,2,2,0,1,1,1,0,0,1,0,0,1,0,1,0,0,2,-0.24352513491427674,0.11269256758127277,1.2,0
2063,1,0,0,1,1,0,0,0,0,0,0,0,0,1,1,1,0,1,2,1,0.1283926227633463,-0.098831401114013,1.2,0
2064,0,2,0,1,1,0,0,0,0,1,0,0,0,0,0,0,0,1,0,0,0.7280552643731386,0.29869521578057495,1.2,0
2065,0,1,0,1,1,2,0,0,0,1,1,0,0,0,0,0,1,1,0,0,-0.04495833214414731,-0.3437374538848082,1.2,0
2066,1,0,1,1,2,0,0,1,0,0,0,1,0,0,0,0,0,0,1,0,1.7365542776301397,0.5656918508941251,1.2,0
2067,0,1,0,1,1,0,1,1,0,0,0,0,0,0,0,0,1,0,1,2,1.4934644450614074,0.6599846644070623,1.2,0
2068,1,1,0,1,0,1,1,1,0,1,1,0,1,0,1,0,1,1,0,0,-0.5950847701824,0.22133430544056953,1.2,0
2069,1,1,1,1,0,0,1,0,0,0,0,1,0,0,2,0,0,1,1,2,1.2903236403313514,0.6584913276852378,1.2,0
2070,1,1,1,0,1,1,0,0,0,2,0,0,1,1,2,0,0,1,0,0,-0.27327405679697314,-0.36219172502369257,1.2,0
2071,0,0,1,1,1,0,0,0,0,0,1,1,0,1,1,1,2,0,0,0,-0.1541105350978036,-0.13324576048092363,1.2,0
2072,0,2,0,0,2,1,1,0,0,1,0,0,1,0,0,0,0,0,0,2,0.2974906879045519,-0.2050446137460728,1.2,0
2073,0,2,0,1,1,0,0,0,0,1,0,0,0,0,0,0,1,2,0,1,1.8241658783477883,0.2969152673951224,1.2,0
2074,0,2,0,2,0,0,1,1,1,0,0,1,0,0,1,1,2,2,1,1,-0.3285763889804771,0.06837070138861662,1.2,0
2075,2,0,0,0,0,0,1,0,0,1,0,0,2,0,1,0,0,1,0,1,0.5371197744588736,1.0516815235371284,1.2,0
2076,0,0,0,1,1,1,1,1,0,1,1,0,0,0,0,0,0,0,0,2,-1.4446678637990797,-0.12133380006551231,1.2,0
2077,2,0,0,1,2,0,1,0,0,0,1,0,0,0,1,0,0,1,0,2,-0.7554035911803736,-0.0603473811135565,1.2,0
2078,1,2,0,0,1,1,0,0,1,2,0,0,0,0,2,0,1,1,1,0,0.784590596863073,2.441947248676754,1.2,0
2079,1,2,0,0,1,1,0,0,0,0,0,0,0,0,2,0,1,0,2,2,1.6509187030754786,1.0013382775251998,1.2,0
2080,0,0,0,1,1,0,2,1,0,0,0,0,0,1,0,0,0,0,0,0,-0.14098963843848716,-0.37966392314939645,1.2,0
2081,1,0,1,1,1,1,0,0,0,1,0,0,1,0,0,0,0,1,1,0,1.1107290583345857,0.06598229552014934,1.2,0
2082,2,2,1,0,1,0,0,1,0,0,0,1,1,0,1,0,1,0,1,0,-1.3458571983264864,1.4455703679421927,1.2,0
2083,1,1,0,0,1,0,0,0,0,0,1,1,0,0,1,0,0,2,1,0,1.1481011646638863,-0.509302704534536,1.2,0
2084,1,2,0,2,1,1,0,1,0,0,0,0,0,0,0,2,0,0,1,1,2.472063357845695,1.2779467624845464,1.2,0
2085,0,2,0,1,0,0,0,2,1,1,0,0,1,0,0,2,0,1,0,0,-1.239669758290156,-1.328303710432214,1.2,0
2086,0,1,1,0,1,0,0,1,0,0,0,0,0,0,0,1,1,1,1,0,0.3913132717943064,-0.14032536816742747,1.2,0
2087,1,1,0,2,1,0,0,0,1,0,0,1,1,0,0,1,0,1,2,0,1.013310924041921,-0.33649334613910076,1.2,0
2088,0,1,1,1,0,1,1,1,0,1,1,0,0,0,2,0,0,0,0,1,0.7261690082240924,0.06465223610923108,1.2,0
2089,0,1,0,0,1,0,0,0,0,1,0,0,0,0,0,0,1,1,1,1,0.5480028242243886,1.9895295719942012,1.2,0
2090,0,1,0,1,1,2,0,0,0,1,0,0,0,1,1,0,0,1,0,1,0.9472139366922611,0.20499972483906595,1.2,0
2091,2,1,2,0,2,1,1,0,0,0,1,0,0,0,0,0,0,0,1,1,-2.223599494134426,0.669146175820206,1.2,0
2092,1,1,0,2,1,0,1,1,0,1,1,1,0,0,1,0,0,2,1,0,1.1300860251145088,0.12708972266364582,1.2,0
2093,0,2,0,0,0,1,1,0,0,1,1,1,1,1,1,0,1,2,0,0,0.1648771821541623,0.8269184698037164,1.2,0
2094,0,1,1,2,1,0,0,0,0,1,1,1,0,0,2,1,0,1,1,0,0.08984240766839384,0.9768061692659653,1.2,0
2095,0,1,0,1,0,0,0,0,0,0,1,0,0,0,1,0,1,0,0,1,-0.48521366045482,1.3916668604040408,1.2,0
2096,1,1,0,1,0,0,1,0,1,2,0,1,0,0,2,0,0,2,1,1,0.11790413946158132,-0.18286826042043258,1.2,0
2097,1,1,0,2,2,1,2,0,0,1,1,0,0,0,1,0,0,2,0,1,-2.0492318705510026,-1.5301781920030022,1.2,0
2098,0,2,0,0,2,1,1,1,0,0,1,0,0,0,1,0,1,1,2,0,-1.4827614884432854,-1.634095010813446,1.2,0
2099,0,0,0,2,1,0,1,0,0,0,0,0,1,0,1,0,1,0,1,1,0.055890969741560555,-0.43980796542987477,1.2,0
2100,0,1,0,0,2,0,0,0,0,0,0,0,0,1,0,1,0,0,0,1,1.2040542393927889,0.5392307829593632,1.2,0
2101,0,1,0,2,1,0,0,0,0,0,0,1,0,0,0,1,0,0,0,1,0.40380602846019326,1.1530688246842475,1.2,0
2102,0,0,0,1,1,0,1,0,0,0,0,0,1,0,2,1,0,0,1,2,1.076978071342538,0.35971576679880785,1.2,0
2103,0,0,0,0,1,0,0,0,0,0,1,1,0,0,0,0,1,0,0,0,-0.5525471680561221,0.44854498905619733,1.2,0
2104,0,1,0,1,1,1,0,0,0,0,1,1,0,1,0,0,0,1,0,1,-1.0827703309157617,0.11280850140988108,1.2,0
2105,0,2,0,1,1,0,0,0,0,0,0,0,1,0,1,0,0,2,0,1,-0.23514695872824978,-0.28667784751328373,1.2,0
2106,1,2,0,1,1,0,2,0,0,1,0,1,0,0,2,1,0,1,0,1,-0.39980499640333744,-0.39486422237820085,1.2,0
2107,1,1,0,0,2,1,1,1,0,0,0,1,0,0,0,2,0,1,1,1,-0.37750987069951336,-1.0879835471745718,1.2,0
2108,0,0,0,0,2,0,0,0,0,0,1,0,1,0,1,0,0,1,0,1,0.4017763529040428,-0.5899797507982603,1.2,0
2109,2,2,1,0,0,1,0,0,1,0,0,0,2,0,1,0,0,0,1,1,-0.8369901009353068,-0.6672027105237979,1.2,0
2110,0,0,0,2,0,0,0,1,0,0,0,1,0,1,1,0,0,0,0,0,-0.42438737941195986,-0.13392755732094996,1.2,0
2111,0,1,0,0,1,1,0,1,1,0,0,0,0,0,1,0,0,1,1,1,-0.42162469816762205,-2.085919137504746,1.0231603277153072,1
2112,0,1,0,0,0,1,0,0,0,1,1,0,0,0,1,2,0,1,1,1,0.446483443993725,0.5995853208739407,1.2,0
2113,1,1,0,0,0,0,1,1,0,0,1,0,0,0,1,0,0,0,0,2,-0.15852627262635544,-1.1141953182915232,1.2,0
2114,0,1,0,1,0,0,1,0,0,1,0,0,0,0,2,0,1,2,1,1,-0.19429225238659384,0.8163315015398538,1.2,0
2115,1,0,0,2,0,2,1,2,1,0,0,1,0,1,0,0,1,0,1,1,-1.1436113484703665,0.6281625764793746,1.2,0
2116,0,1,1,2,0,1,0,0,0,0,1,0,0,0,0,1,1,1,0,0,-3.2295236541607975,-2.9656617221470727,1.2,0
2117,0,1,0,0,0,1,0,0,0,0,0,0,0,1,0,1,1,1,1,0,0.29983682527570676,-1.190333206913797,1.2,0
2118,0,0,0,2,1,1,0,1,0,1,0,0,0,0,0,0,0,0,1,2,-0.9561552679344948,-0.893429290028969,1.2,0
2119,0,2,0,1,1,0,0,1,1,0,0,0,0,1,1,0,1,1,0,0,0.6448928927963845,-0.1834087824486685,1.2,0
2120,0,1,0,1,1,0,1,0,0,0,0,1,1,0,0,1,0,1,1,1,-0.7505474769721341,-0.009235579012586263,1.2,0
2121,0,0,0,0,1,0,0,1,0,0,0,0,0,1,1,1,1,0,1,0,-0.3476222409665782,-1.6654757962909974,1.2,0
2122,0,2,0,1,2,1,0,0,1,0,0,0,0,0,2,1,0,1,1,1,0.18311225597333658,-0.2935350998160604,1.2,0
2123,0,1,0,0,1,0,0,1,0,0,0,1,0,0,2,0,0,0,0,1,-1.6465093894825633,-1.132233013133274,1.2,0
2124,0,1,0,1,1,1,0,0,0,0,0,1,0,1,1,1,1,0,2,0,-1.2586948854403455,0.14393132799449326,0.29222623360193767,1
2125,0,1,0,0,1,0,0,2,0,0,0,0,0,0,0,0,0,1,1,1,1.0161125414048258,-0.2647957075327888,1.2,0
2126,1,1,0,1,1,0,0,0,0,1,0,0,0,1,1,0,0,2,0,0,-1.0630287166883414,-0.3562082353975523,1.2,0
2127,0,1,1,0,1,1,0,1,0,0,0,0,0,0,1,0,0,0,1,0,0.4813790527448771,0.8307880475329938,1.2,0
2128,0,2,0,0,2,0,0,0,0,0,1,0,0,1,2,1,0,1,0,0,0.5191131586750479,-0.4445037428622736,1.2,0
2129,0,2,1,1,2,0,1,1,0,1,0,0,0,1,0,0,0,1,2,1,-1.8046895549369821,-1.617008137773177,1.2,0
2130,0,1,0,0,2,0,0,0,1,0,2,0,0,0,0,1,0,0,0,2,-1.110396038945961,0.22085885664663762,1.2,0
2131,0,1,0,1,0,1,1,0,0,0,0,1,0,0,1,0,0,0,1,0,-1.1877543627656642,-0.5161412928210223,1.2,0
2132,1,2,0,1,0,0,0,0,0,0,0,0,1,0,0,1,0,1,1,0,0.43618583399582195,-0.13544032835937814,1.2,0
2133,0,1,0,1,1,1,0,1,0,1,0,0,0,1,2,1,0,1,1,2,0.29050696360756173,-0.5757577881870847,1.2,0
2134,0,0,1,0,1,1,0,0,0,0,0,1,1,1,1,0,0,0,1,0,1.8253361936755965,0.3818137114742185,1.2,0
2135,1,0,1,2,2,2,0,0,2,0,1,0,1,0,1,1,0,0,1,0,0.10831648988676644,-0.5304528874994032,1.2,0
2136,1,1,0,1,0,0,0,0,1,1,0,1,0,1,2,0,0,1,1,0,-0.254910412911734,2.110986741878345,1.2,0
2137,1,1,0,0,1,0,0,0,0,0,0,1,0,0,1,0,1,1,0,1,-1.177963496033462,-0.28311591711736495,1.2,0
2138,0,0,2,0,0,0,1,0,0,1,0,1,0,0,0,0,1,0,0,0,0.7949016526295197,0.13270908303778656,1.2,0
2139,0,0,0,0,1,0,1,0,0,0,0,0,1,0,2,0,0,1,0,1,-0.520724657145039,-0.04753171512219398,1.2,0
2140,0,1,0,1,1,1,0,1,0,1,1,0,0,0,2,1,0,1,1,1,0.8479234960090127,0.2961826735902486,1.2,0
2141,0,1,1,1,2,1,0,0,0,0,0,0,0,0,0,0,0,2,2,0,0.7958406626585677,-0.009235162427938745,1.2,0
2142,0,2,1,0,1,0,0,0,1,0,0,0,0,0,0,0,0,0,1,0,-1.5864096223870698,-0.504782240403366,1.2,0
