id,snp0,snp1,snp2,snp3,snp4,snp5,snp6,snp7,snp8,snp9,snp10,snp11,snp12,snp13,snp14,snp15,snp16,snp17,snp18,snp19,U,X,time,event
0,0,1,2,2,2,2,1,1,1,0,0,0,0,1,0,0,0,2,0,0,-0.2202525071817591,0.016387502314980207,1.2,0
1,1,0,1,0,2,1,1,0,0,1,0,0,0,1,2,0,1,0,0,0,0.22756457662480728,-0.3619830925262828,1.2,0
2,1,0,1,1,1,1,1,0,0,0,0,1,0,1,1,1,1,1,0,1,-0.26786773291425614,-0.8881023460250277,1.2,0
3,1,0,1,1,1,1,1,1,0,1,1,0,0,2,1,0,1,1,0,0,-0.8135938827024696,-0.3897597502770188,1.2,0
4,1,0,0,0,0,1,1,1,0,0,0,0,0,1,2,1,0,2,0,2,1.207871584422134,0.3651127661908279,1.2,0
5,1,0,1,1,1,1,1,1,0,1,0,0,0,1,1,0,0,1,0,0,0.4006563751032625,0.31568495029771726,1.2,0
6,0,1,0,1,1,2,1,0,0,0,1,0,0,1,1,2,0,2,0,1,-0.13347895619891875,1.0482971659297977,1.2,0
7,1,0,2,2,0,1,1,2,0,1,0,0,0,1,0,0,0,2,0,1,0.9299616982151658,1.7868235340149898,1.2,0
8,1,1,1,1,2,0,1,1,0,1,0,1,1,2,1,1,0,0,0,1,0.6079398573067016,1.0774211202134323,1.2,0
9,2,0,1,0,1,0,1,2,1,1,1,0,0,1,0,1,0,0,0,1,1.0167555649960398,1.5298251115589712,1.2,0
10,1,0,0,1,1,1,1,2,0,1,1,0,0,1,2,1,0,1,0,0,-0.6992916703025254,0.5684341503872464,1.2,0
11,1,0,2,0,2,0,2,1,0,0,0,0,1,2,1,0,1,0,0,1,0.16897975229443293,1.0482317922151427,0.4260721291543457,1
12,0,0,1,0,0,1,2,1,0,0,0,0,0,0,1,2,0,1,0,0,-0.30981599733879034,-0.5322738244850163,1.2,0
13,1,0,1,0,0,1,1,1,0,0,0,0,1,0,1,0,0,2,0,1,-0.5193151161636143,-0.8473886200183876,1.2,0
14,1,0,1,2,2,0,1,0,0,1,0,0,0,0,1,1,0,1,0,1,0.9983521259959479,1.96099654576018,1.2,0
15,1,0,0,1,1,2,0,1,0,0,0,1,0,2,2,1,2,0,0,0,-0.5062278450713604,-1.4137193831133774,1.2,0
16,0,0,0,0,1,2,1,0,0,1,0,0,0,2,1,0,0,1,1,0,0.3940891514885255,1.6864941000219216,0.28574967372030147,1
17,2,0,2,1,1,2,1,0,0,2,2,0,0,1,1,1,0,1,0,0,-0.6318318946338998,-0.12592417935424727,1.2,0
18,0,1,0,0,0,1,1,1,0,1,1,0,0,1,1,1,0,1,1,2,2.1523471726800594,0.16804632680071294,1.2,0
19,0,0,0,0,2,0,0,2,0,2,0,1,0,1,1,1,0,0,0,1,-0.6770113034955231,1.3372381006545513,1.2,0
20,0,0,1,1,1,0,1,0,0,0,0,0,0,2,0,0,0,1,0,0,-1.4225416719311443,-0.0032045159217921615,1.2,0
21,2,0,0,2,0,0,1,0,0,0,0,0,0,1,2,0,0,0,0,0,1.175778757732039,0.47940840535773477,1.2,0
22,1,0,1,0,1,2,1,1,0,1,0,0,0,0,0,1,0,1,0,0,-1.7980930556853825,0.5265601433764999,1.2,0
23,2,0,1,1,1,2,1,2,0,0,1,0,0,1,1,1,0,0,0,1,0.5907979735868797,1.441769571192219,1.2,0
24,0,0,1,0,0,0,2,0,0,0,1,0,0,2,1,1,0,1,0,1,-0.2224852035522772,-1.4690151081114728,1.2,0
25,0,0,0,1,0,0,1,1,0,0,0,0,0,2,1,1,0,0,0,1,-1.6877994260688092,-1.038661341515287,1.2,0
26,2,0,0,1,1,1,0,2,0,1,0,0,0,1,0,2,0,0,1,0,-2.4950732565402456,0.19027066848265406,1.2,0
27,1,0,0,1,1,2,1,2,1,0,1,0,0,0,0,1,2,1,1,1,0.3649132586543547,-0.8833886528635871,1.2,0
28,1,0,0,1,2,2,1,0,1,1,0,0,0,0,2,1,0,2,1,0,-0.09443357276652597,1.4709350439240456,1.2,0
29,2,0,1,1,0,0,2,0,0,1,2,0,0,0,1,2,0,1,1,1,1.6490628330786028,1.696303483813166,1.2,0
30,1,1,0,2,0,1,1,1,0,0,0,0,0,1,1,2,0,0,0,0,-1.0696952302404272,-0.8850499803715527,1.2,0
31,1,0,0,0,0,0,1,2,0,0,0,0,0,1,2,0,0,2,0,0,0.6006294294153333,0.7647214254244056,1.2,0
32,1,0,0,1,0,1,1,1,0,1,0,0,0,1,1,0,0,0,1,1,0.1627743301777295,0.1353183733821313,1.2,0
33,1,1,0,0,1,1,0,0,0,0,0,0,0,1,1,0,0,1,0,1,-2.0272525247215367,-0.884266885451316,1.2,0
34,1,1,1,1,1,1,2,1,0,0,1,0,0,1,1,1,1,1,1,1,-1.2150296903895308,-0.26206324778259843,1.2,0
35,0,0,1,1,0,2,1,1,0,1,1,0,0,1,1,1,1,0,0,0,0.7410311973367798,-0.2764930485597571,1.2,0
36,1,0,0,0,1,0,1,1,0,0,1,0,0,2,2,0,0,0,0,1,0.8769062112184365,-0.24349092874385217,1.2,0
37,0,1,0,2,1,1,1,2,0,0,0,0,0,1,1,1,1,1,0,0,-0.8552552644328074,0.0700712029412281,1.2,0
38,1,1,1,1,1,0,1,0,0,1,1,0,1,0,0,0,0,1,0,2,2.0862093435394176,-0.29511656098489913,1.2,0
39,0,1,0,1,2,0,0,1,0,1,0,0,1,2,2,1,0,0,1,0,1.0836975800241142,0.6251022041392988,1.2,0
40,0,0,0,2,0,1,2,0,0,0,0,1,0,1,1,0,1,1,0,1,0.2430575035433279,0.02109155939506152,1.2,0
41,1,0,1,2,1,2,1,2,0,1,0,0,0,1,1,2,0,1,0,0,-0.8384381202342963,2.0150829233772,1.2,0
42,1,1,2,0,2,1,0,1,0,0,1,0,0,0,2,1,0,2,0,0,-0.23652942247184439,0.5570201279719547,1.2,0
43,0,1,0,2,2,1,1,1,0,2,0,0,0,1,1,2,2,2,1,0,-0.41457032629780505,0.36444313176789167,1.2,0
44,1,0,1,1,0,1,0,1,0,1,1,0,0,1,1,2,0,1,0,1,-0.04952271675305864,-0.23591845847034632,1.2,0
45,0,0,1,1,2,0,0,1,0,1,1,0,0,1,1,1,1,0,0,1,-0.6540585583076172,0.6938362980350373,0.45916196990402364,1
46,1,0,0,0,1,1,2,0,0,0,1,0,1,0,0,0,1,0,1,1,1.032081287204599,-0.6922934292432982,1.2,0
47,1,1,0,2,1,2,2,2,0,0,2,0,0,1,0,2,0,0,0,2,-0.16450892594940758,-1.860980331472785,1.2,0
48,0,1,1,1,0,0,2,1,0,1,1,0,0,1,0,0,1,1,0,0,1.2430011087486637,0.03648640618557793,1.2,0
49,2,0,0,0,2,0,1,1,0,0,0,0,0,1,1,0,0,0,1,1,-0.05543689894519164,2.163013490299132,1.2,0
50,1,0,0,1,1,1,0,2,0,0,1,0,1,1,0,1,1,2,0,1,1.0811482721480719,1.067770643017416,1.2,0
51,1,0,1,1,1,1,0,0,1,1,0,0,0,2,1,1,0,1,0,0,-1.0994451277540964,0.1309056796856171,1.2,0
52,1,1,1,0,0,1,0,0,0,0,0,0,0,1,1,1,1,1,0,0,-1.4281765221436302,-0.03789243991643073,1.2,0
53,1,1,2,0,0,1,0,0,0,0,0,1,0,0,1,2,1,0,1,0,-1.0572770043036768,-0.43616948342342104,1.2,0
54,0,1,0,0,0,0,1,0,0,0,0,0,0,1,0,2,1,1,0,0,0.18955045906880544,-0.1602529228950591,1.2,0
55,0,0,1,1,0,0,2,2,0,0,1,0,0,1,1,1,0,0,0,0,-1.1316256644298006,-0.4617825313722487,1.2,0
56,2,0,0,2,1,1,1,2,0,2,1,0,0,1,1,1,1,1,1,2,0.21062669770181358,-0.24606063231570935,1.2,0
57,0,0,0,0,0,2,1,1,0,2,0,0,0,1,1,0,0,1,2,1,-1.49721004173828,-0.9456783134468785,1.2,0
58,1,0,0,1,1,0,1,1,0,0,0,1,0,1,2,0,1,0,0,0,1.8803213507770715,0.6530473552021377,0.5187562037020541,1
59,0,1,0,1,1,1,2,2,0,1,0,0,1,1,0,1,0,1,0,1,-1.2603716006193102,0.3772781511668116,1.2,0
60,0,0,0,1,2,1,0,1,0,0,0,0,0,1,2,1,0,2,0,2,-0.9092561478959266,0.15353238743237266,1.1875143578154048,1
61,1,1,0,1,0,1,0,1,0,1,0,0,0,2,1,2,0,0,0,1,-0.623124729684185,0.39975227891242787,1.2,0
62,1,0,0,1,0,0,0,2,0,1,1,0,0,1,1,2,0,0,0,0,-0.9082061670081637,1.8320129190046777,1.2,0
63,1,0,0,0,1,1,1,1,0,0,1,0,0,0,1,2,1,1,1,1,-0.4678247530362527,0.002106587544750682,1.2,0
64,2,0,1,1,1,1,1,0,0,0,0,0,0,2,2,1,0,0,1,0,1.1230605309512849,0.723194365153055,1.2,0
65,1,0,2,2,0,1,1,0,0,1,0,0,0,0,0,1,1,1,0,1,-1.570205818542665,0.1676180261064523,1.2,0
66,1,1,0,1,0,1,0,1,0,0,0,0,0,2,1,0,1,0,1,0,-0.04013935852845268,-0.2580043697093881,1.2,0
67,0,0,1,1,2,1,1,2,0,1,0,0,0,1,1,0,1,1,1,0,1.8125354194580274,0.6703663908772285,1.2,0
68,1,1,0,1,0,0,1,0,0,0,0,0,0,0,1,1,0,0,2,1,-0.7005794666313696,-0.34818346126489136,1.2,0
69,1,1,1,1,1,1,1,1,0,1,0,0,0,0,1,1,0,0,1,2,1.4831602770238788,1.671666279890088,1.2,0
70,0,0,0,0,0,0,1,0,1,0,1,0,0,1,2,1,0,1,0,1,-1.0583320185899512,-1.9012089135355739,1.2,0
71,1,0,0,1,0,1,0,0,0,1,1,0,0,0,2,0,1,1,0,1,-0.5366564172690167,-1.184823910727243,1.2,0
72,0,1,0,0,0,1,1,1,1,0,1,2,0,2,2,2,1,1,0,1,-0.23690065916428285,-0.7899402427464907,1.2,0
73,2,0,1,2,1,1,1,0,0,1,0,0,0,0,0,1,1,1,0,1,0.15173471789259885,-1.726142269929244,1.2,0
74,1,1,0,1,0,1,1,0,0,1,0,0,0,1,1,0,0,1,0,1,-1.0801219902635066,-0.3514919677819423,1.2,0
75,2,1,1,0,1,0,2,1,0,1,0,0,0,1,1,1,1,1,0,1,-0.25951600803642416,0.07616906616073706,1.2,0
76,0,2,2,0,1,0,1,1,0,0,1,0,0,1,0,2,0,1,0,0,0.9253825619183507,0.8883242435239733,1.2,0
77,0,1,0,1,0,0,0,0,0,0,1,0,0,2,1,1,1,0,0,2,-0.461559968137316,-0.009615775220615075,1.2,0
78,1,0,0,2,1,0,1,1,0,0,1,0,1,1,1,0,1,1,0,0,-1.6874916489284877,-0.3621608333989863,1.2,0
79,2,0,0,1,0,1,2,2,0,0,1,0,0,1,1,1,0,1,0,1,1.3021376101310373,-1.0502064253916963,1.2,0
80,1,0,1,0,0,1,2,1,0,0,0,0,0,0,2,1,1,1,0,2,1.280368860223038,0.05604825462648903,1.2,0
81,0,0,2,0,1,1,1,2,0,0,1,0,0,0,1,0,0,1,1,0,2.3321144429465512,0.2628325733925621,1.2,0
82,1,1,1,1,1,1,0,0,0,1,1,0,0,1,1,1,0,0,0,1,-0.2388353190208984,0.81574536216359,1.2,0
83,1,0,0,1,1,2,0,2,0,0,1,0,0,0,1,0,0,1,0,0,1.110665907121328,-0.8811664339402985,1.2,0
84,1,1,2,1,0,1,1,1,0,1,0,0,0,2,0,1,0,2,1,1,-0.3730063614146241,1.1472915554919996,1.2,0
85,1,1,1,1,1,2,0,0,0,0,1,0,0,1,1,0,0,1,0,0,-0.5400696131414665,-0.4959697344194537,1.2,0
86,0,0,0,1,1,1,1,2,0,2,1,0,0,1,1,1,1,2,0,0,0.44537827959116066,0.08990357945832667,1.2,0
87,2,0,1,0,1,1,0,0,1,2,0,0,0,2,1,1,1,0,1,1,1.419760746386533,1.7287521534846242,1.2,0
88,2,2,1,2,1,2,0,0,0,0,0,0,0,1,0,0,0,0,1,1,0.37827563407827913,-0.004577585315057253,1.2,0
89,2,0,0,1,0,1,1,1,0,0,1,0,2,1,0,0,1,2,0,1,-1.6289811440571957,-2.5321536317004365,1.2,0
90,2,1,0,1,1,2,1,0,0,0,0,0,0,1,2,2,1,1,1,0,-0.06199741894941585,0.670612576358995,1.2,0
91,1,0,0,2,1,2,0,2,0,0,0,0,1,1,1,1,1,1,0,0,-0.07040035559547252,2.529324533846128,1.2,0
92,0,0,1,0,0,1,0,1,0,1,1,0,1,0,0,1,0,0,1,0,0.33346588550919937,0.117429014055716,1.2,0
93,1,1,1,1,0,1,1,1,0,0,0,0,0,0,1,0,0,1,0,0,0.7345265850471057,0.25876217063623425,1.2,0
94,2,0,0,0,0,1,1,1,0,0,1,0,1,1,2,1,0,0,0,2,-0.06733448479925432,0.5621164281023489,1.2,0
95,1,0,0,2,1,1,0,2,0,0,1,0,0,1,1,2,0,1,0,0,0.9002040793194268,0.3495500718045362,1.2,0
96,1,0,1,2,1,1,0,1,0,1,0,1,0,0,0,1,0,0,0,1,0.5790016606992003,0.2849096177616173,0.6042662298817982,1
97,2,0,1,2,1,1,0,0,2,0,0,0,0,2,1,1,0,2,0,1,-1.4337995734019497,0.3787647494113801,1.2,0
98,1,0,2,0,0,1,0,1,1,0,0,0,0,1,0,1,1,1,0,1,-0.19456966140235787,0.10535115947471503,1.2,0
99,1,0,0,0,0,2,0,0,0,1,2,1,0,1,1,0,0,1,0,1,0.7117230834853719,-1.9664212406607664,1.2,0
100,2,0,1,1,0,1,2,2,0,1,2,0,0,0,1,1,1,0,2,1,-1.155942712583174,-1.1101812103278217,1.2,0
101,1,0,0,2,2,0,1,2,0,0,1,0,0,1,2,1,0,0,0,1,-0.0939180714301996,-0.026136133936961115,1.2,0
102,1,0,1,1,1,1,0,1,0,1,1,1,0,2,1,0,0,1,0,0,0.2837286852777763,1.414355054951983,0.3784366360253896,1
103,2,1,1,1,2,0,0,0,0,0,0,0,0,1,0,1,1,0,0,1,0.7933471551897724,1.1612323737297694,1.2,0
104,2,1,0,0,0,2,1,1,0,1,0,0,0,2,1,0,0,2,0,0,-2.3321231951911923,-1.579395269766428,1.2,0
105,0,0,1,2,1,1,0,1,0,2,1,0,0,0,1,1,0,2,1,0,0.21155347663939283,0.06650335714359534,1.2,0
106,1,0,1,1,1,1,0,0,0,1,0,0,0,0,1,0,0,1,0,1,0.13692704251137738,-0.41680368801685386,1.2,0
107,2,0,1,0,0,1,1,1,0,0,0,0,0,1,1,1,0,0,1,1,-0.8025897739260113,0.20509161200430948,1.2,0
108,2,0,0,2,0,2,0,0,1,0,1,1,0,1,1,0,1,0,0,0,-1.528320710441562,-0.883048657733123,1.2,0
109,1,0,0,1,1,0,1,1,1,0,0,0,0,1,1,2,0,0,0,1,-0.7372500451886174,0.11186049274367793,1.2,0
110,0,0,0,2,0,2,2,0,0,0,1,0,1,1,1,1,1,1,0,0,-1.1625154333845147,-1.4127907607050179,1.2,0
111,1,1,1,1,1,0,2,0,0,0,0,0,0,0,0,0,1,0,1,0,-1.3250126106802473,-1.4151752588042867,1.2,0
112,1,0,0,1,0,0,0,1,0,0,1,0,0,0,2,1,0,1,0,0,0.4980914989196802,-0.4500843166665872,1.2,0
113,1,0,0,1,0,1,1,2,0,0,0,1,0,0,1,0,0,1,1,0,-0.18836270005849926,-1.5291035510263866,1.2,0
114,1,0,1,0,1,0,2,1,0,1,2,0,0,2,2,1,0,0,0,1,0.8951611717382172,0.6663478587176546,1.2,0
115,1,0,1,1,1,0,0,2,0,0,0,0,0,2,1,1,0,0,1,2,1.0251030350314807,0.4147751350783533,1.2,0
116,1,0,0,1,0,1,1,0,0,1,2,1,0,2,0,0,1,1,1,2,-0.5735369271658473,-2.5895880817877686,0.9186388833918837,1
117,2,0,0,1,0,2,1,2,0,2,1,0,0,1,0,1,0,1,1,1,1.6716781000652399,-0.6575563120791326,1.2,0
118,1,1,1,1,2,1,1,1,0,0,1,0,1,0,1,0,1,2,0,0,0.7101358334421135,-0.1149276491244996,1.2,0
119,0,0,1,0,1,1,0,1,0,1,0,1,0,2,1,1,0,0,0,1,1.154956336338837,-0.1791497855134837,1.2,0
120,1,0,1,0,1,1,1,2,0,0,0,0,0,0,0,0,0,1,0,0,0.9934886975976971,0.7816824139094628,1.2,0
121,1,1,0,2,1,1,1,0,0,1,0,0,0,1,1,1,0,0,0,1,-0.9737078812602489,0.5532848437904233,1.2,0
122,1,1,0,1,1,1,2,1,0,0,1,0,0,2,1,1,0,0,0,0,0.6048861510527428,-0.41793261616479604,1.2,0
123,1,0,1,2,0,1,1,2,0,2,0,0,0,1,1,0,1,0,0,0,0.8585506549680861,0.5896913837836208,1.2,0
124,0,0,0,0,0,1,0,0,0,1,1,0,0,0,1,1,0,1,0,0,-0.995734019039988,-1.677907532451764,1.2,0
125,0,0,0,0,0,0,0,1,2,0,1,0,0,2,1,2,0,1,0,1,0.9247535950065209,1.5718475735576551,1.2,0
126,0,1,0,1,2,0,0,1,0,0,1,0,0,1,2,1,0,1,1,2,0.8989882718240669,0.7703001432629148,1.2,0
127,1,1,0,1,0,1,1,2,0,1,1,0,0,1,0,1,0,2,0,0,0.24516720314982163,0.5524434475847384,1.2,0
128,1,0,2,0,1,0,1,2,1,1,1,0,0,2,1,0,1,1,1,0,-1.1400746101257901,-0.5505183499428903,1.2,0
129,1,0,0,0,0,1,0,1,0,1,1,0,0,0,2,0,0,0,1,0,0.6253473993873114,0.5858247236196867,1.2,0
130,0,0,0,1,1,1,1,0,0,0,0,0,0,0,1,1,1,0,1,2,1.2386738563201836,-0.22425542068037066,1.2,0
131,1,0,0,0,0,1,1,1,0,0,0,0,0,1,1,1,0,0,0,1,-0.41808245140070993,1.3876257546460442,1.2,0
132,2,0,0,2,1,1,2,1,0,1,1,0,0,0,2,1,0,1,0,0,0.7757020770222276,0.7983840704095908,1.2,0
133,2,0,1,1,1,1,0,1,0,1,0,1,1,1,2,0,0,0,1,1,0.24563952764777194,1.3505187710892703,1.2,0
134,0,0,1,1,0,1,2,2,0,0,2,0,0,1,0,1,1,2,0,1,0.062353953937996226,0.2165939527282641,1.2,0
135,2,0,2,1,1,1,0,1,0,1,0,0,0,1,0,2,1,0,0,1,-0.25235051135023784,0.5388720201536557,1.2,0
136,1,1,1,1,1,1,1,2,0,1,0,0,0,1,1,1,1,0,0,0,1.0082266880805169,1.3484219009686491,1.2,0
137,2,1,1,2,1,0,1,1,0,0,0,0,0,2,1,1,1,1,1,1,0.3656901186279176,-0.0177134903936651,1.2,0
138,1,1,1,2,1,1,0,2,0,1,1,0,0,2,2,1,0,0,0,0,1.7648445199965268,0.46799944784555747,1.2,0
139,0,1,2,0,0,1,2,2,0,0,1,0,0,2,1,0,0,0,1,2,0.15390288300918023,-0.8377146197659885,1.2,0
140,1,0,0,1,1,0,0,1,0,1,2,0,0,1,1,1,0,1,1,0,-1.1542072732109274,0.6921475429317541,1.2,0
141,0,1,2,1,1,2,0,2,0,0,1,0,0,1,2,1,1,0,0,1,0.35199486792235446,1.356549726110473,1.2,0
142,1,2,0,0,1,0,0,1,0,1,1,0,0,0,0,0,0,1,0,2,-1.5940974008447166,-2.979698739417135,1.2,0
143,2,0,2,1,0,1,0,2,0,0,0,0,0,0,0,1,1,1,0,1,0.36768004642605046,-0.6306819760289137,1.2,0
144,1,1,1,2,0,1,0,2,0,0,1,0,0,1,1,2,0,1,0,1,0.26971599789199785,-0.6886686569963812,1.2,0
145,1,0,0,0,0,2,1,0,0,0,1,0,0,1,1,1,0,1,0,0,-1.0945982219584471,-0.06582345153294156,1.2,0
146,2,1,1,0,2,0,2,2,0,0,0,0,0,2,0,0,1,1,0,1,1.140334882514069,0.1130084259504386,1.2,0
147,2,1,2,0,1,1,1,1,0,0,1,1,0,1,1,1,1,1,1,1,0.479640880076576,-0.8626118587350089,1.2,0
148,2,1,0,1,2,1,2,2,0,0,0,0,0,2,1,0,0,1,0,0,-0.13241447790872388,0.8636861233401912,1.2,0
149,0,0,0,1,1,2,1,1,0,1,1,1,0,1,2,1,1,1,0,1,0.32146857173008475,0.5151463380402899,1.2,0
150,1,1,0,1,0,1,0,0,0,1,0,0,0,0,0,0,0,2,0,0,-0.6680026297336176,1.1285953251116696,1.2,0
151,2,1,0,1,1,2,1,1,0,1,1,1,0,2,0,1,1,2,0,1,-0.26771335570960647,-0.1261197131908053,1.2,0
152,1,1,0,0,0,2,2,2,0,1,0,0,0,1,2,1,1,0,0,0,-2.414758332767476,-1.4157389088150472,1.2,0
153,0,1,1,1,0,1,1,0,0,0,0,0,0,1,0,0,1,0,0,0,-0.35589586207027607,-1.0597150425341555,1.2,0
154,1,0,0,2,1,1,1,1,0,1,1,0,0,1,1,1,0,1,0,0,-1.0699171356453807,-0.5550917238701647,1.2,0
155,2,0,0,1,0,1,1,0,0,0,0,1,0,0,1,1,0,0,0,1,-1.5171004638168066,0.08816516980744271,1.2,0
156,2,1,0,1,0,1,2,1,0,2,1,1,0,0,1,2,1,1,0,1,-1.9294127485469847,-0.05857564066215676,1.2,0
157,0,1,1,2,0,2,1,2,0,1,0,0,0,0,1,0,1,2,1,1,1.088679889744761,-0.6760767237757472,1.2,0
158,1,0,1,0,1,1,2,1,1,0,0,0,0,0,0,1,1,0,0,2,-2.5862789843938105,-3.1726778130455893,1.2,0
159,1,0,0,1,2,0,1,1,0,0,0,0,0,0,1,1,1,1,0,0,-0.19704076186988267,0.3197541356487861,1.2,0
160,2,0,0,0,2,0,2,1,0,0,2,0,0,1,0,0,0,1,0,1,1.8336479346791559,-2.534585697237742,1.2,0
161,1,1,1,1,0,0,1,1,0,0,1,0,0,1,1,0,1,0,1,1,-0.0068293260188241394,-0.11360058369551762,1.2,0
162,1,1,0,1,0,1,1,1,0,0,0,0,0,1,1,1,0,1,0,1,1.4124686609149044,0.24797952845544557,1.2,0
163,1,0,1,1,1,0,2,0,0,0,0,1,1,1,1,2,0,1,1,0,-0.06791894389653101,-0.6866083048544512,1.2,0
164,1,0,0,0,2,0,1,2,0,0,1,0,0,1,1,2,1,0,0,0,-1.0865347693121894,-0.0637858455719332,1.2,0
165,2,0,0,0,0,0,1,1,0,0,1,1,0,1,2,0,0,0,1,1,-1.5311708560963329,-1.8743119166277313,1.2,0
166,0,0,1,2,1,0,0,1,0,0,0,0,0,1,1,1,0,1,1,0,-0.7318564596509041,-1.2296532550542274,1.2,0
167,1,0,1,0,0,0,0,0,0,1,1,0,0,1,1,1,0,0,1,1,-1.904690762904202,0.9447947505026648,1.2,0
168,2,0,1,1,0,1,1,0,0,1,0,0,0,0,2,0,0,1,0,1,-0.38068925033344664,-0.3935837232862527,1.2,0
169,1,0,1,1,1,0,1,1,1,0,1,1,0,0,0,1,0,2,0,0,-0.046780126371559705,-1.4658495681711654,1.2,0
170,2,0,1,1,1,0,2,1,0,1,0,0,0,0,1,0,1,0,0,2,0.23806565397545731,-1.2719961954192471,1.2,0
171,1,1,0,1,1,1,2,0,0,0,1,0,0,1,0,2,0,1,0,0,-0.18176079013390645,0.19441778657031994,1.2,0
172,1,0,0,1,1,0,0,0,0,0,1,0,0,0,2,0,1,0,1,0,1.516543652653025,0.13599485844632853,1.2,0
173,1,0,1,1,2,1,1,1,0,1,0,1,0,1,1,2,0,1,1,1,-0.36318687609872147,1.334405108282985,1.2,0
174,0,1,1,2,0,0,1,0,0,0,0,0,0,2,0,1,1,1,0,0,-0.5318226180521936,0.5164101650457995,1.2,0
175,0,1,1,0,1,0,0,1,0,0,0,1,1,1,2,1,1,1,0,0,0.24620100561237307,0.26968648583112775,1.2,0
176,0,1,2,0,1,1,1,1,0,1,0,0,0,2,1,1,1,2,0,1,1.4591486545420302,0.04842418177424279,1.2,0
177,0,1,1,0,1,0,1,0,1,0,1,0,0,0,0,0,0,1,0,0,0.855477699347951,-1.3768193263940511,1.2,0
178,0,0,1,1,1,2,1,0,0,0,1,1,0,1,2,1,0,0,0,1,0.7320573237948534,-0.16269292183404221,1.2,0
179,1,0,0,2,2,0,2,2,1,0,0,0,1,0,0,1,1,1,0,0,-0.1367651132446669,0.6588344472562044,1.2,0
180,1,0,0,1,1,1,0,0,0,0,1,0,0,1,1,0,1,1,0,1,-1.286414921220239,0.0369041457962771,0.12683957429039253,1
181,1,0,0,1,1,2,1,2,0,1,0,0,0,0,0,2,0,1,0,1,0.4042742080941208,1.672538412844978,1.2,0
182,1,1,0,0,0,1,1,0,1,1,1,0,0,2,2,0,0,1,2,0,0.23405855601585068,0.17506267224200778,0.22157047080605913,1
183,1,1,1,0,0,1,0,2,0,0,1,0,1,2,1,0,2,1,2,2,0.16893957412326996,0.3832473378042529,1.2,0
184,1,1,0,1,0,0,2,1,0,0,0,0,0,1,0,1,0,2,0,0,-0.917867901219591,-0.12579365074393115,1.2,0
185,1,0,0,1,2,1,1,0,0,1,0,0,0,0,0,2,1,1,0,1,0.14926351315894199,-0.37583201653274534,1.2,0
186,1,0,0,1,0,0,1,2,0,1,0,0,0,1,0,1,0,0,0,2,-0.7631219372663492,-0.1169826584854413,1.2,0
187,0,0,2,2,2,1,2,1,0,2,0,0,0,1,1,1,0,1,0,1,0.6231731646757557,1.1603725082357377,1.2,0
188,1,1,0,1,1,0,1,1,0,0,1,0,0,1,1,1,0,0,1,0,0.17384114103763995,-0.7583737753055274,1.2,0
189,1,0,2,2,0,1,1,1,0,1,0,1,0,0,1,0,1,1,0,0,-0.942083515980111,0.9974654721118459,1.2,0
190,0,0,0,2,1,2,2,1,0,1,0,0,0,1,1,0,1,0,0,1,-0.1527163255995786,0.07615944641246196,1.2,0
191,1,1,1,1,2,0,0,0,0,0,1,0,0,0,1,0,0,0,0,1,0.7842983596492494,-0.10257280882053982,0.9841956035535536,1
192,0,0,0,1,1,0,1,1,0,0,0,0,1,2,0,1,0,0,1,1,0.3415246585706429,-0.07984550230880222,1.2,0
193,1,0,1,1,0,0,0,0,0,0,0,0,0,1,1,1,0,0,1,0,-0.8068502150052812,-0.584144596157396,1.2,0
194,0,1,0,2,0,2,0,2,0,2,1,0,1,1,1,1,1,0,1,1,-0.5969600727696347,0.6961141667216765,1.2,0
195,2,0,0,1,2,0,0,1,0,2,0,0,0,2,1,1,1,0,0,2,-0.9818003261071298,1.4596285401302869,1.2,0
196,2,0,0,0,1,1,1,1,0,0,0,0,0,2,2,0,0,0,0,1,0.08028308635907054,-1.7262161742935351,1.2,0
197,0,1,2,1,0,1,2,0,0,0,0,0,0,1,2,0,0,0,1,0,-0.4005453320197079,0.9833432282083132,1.2,0
198,0,0,0,0,1,0,1,1,0,0,2,0,0,1,2,0,0,1,0,1,0.006131660940501562,-1.0118519150634213,1.2,0
199,0,0,1,2,1,1,1,0,0,1,2,0,0,2,2,0,0,0,0,1,-0.42260493869486915,0.39654434964156293,1.2,0
200,2,0,1,0,0,1,1,1,0,0,0,0,0,1,1,0,0,0,0,2,-1.5000068569297262,-1.5265977416566132,1.2,0
201,0,0,0,0,0,0,0,1,0,1,1,0,0,2,1,1,0,0,0,1,1.4323898301853686,0.49461100035070327,1.2,0
202,2,0,1,1,1,1,1,0,0,0,0,0,1,2,1,1,0,1,0,1,0.521848086581264,0.17640491063884095,1.2,0
203,1,0,0,0,1,1,1,1,0,1,1,0,1,2,2,1,0,1,0,1,-0.9745744701151456,-0.6528640865878614,1.2,0
204,1,0,0,1,1,1,0,0,0,0,1,0,0,1,1,0,0,2,2,1,1.4213051839256006,-0.44564653179895214,1.2,0
205,2,0,0,2,0,1,1,2,0,0,0,0,0,0,1,1,1,1,0,2,1.8386924814812584,0.09436547588202326,1.2,0
206,1,0,0,1,0,2,0,1,0,1,0,0,0,1,2,1,0,0,0,1,0.004491405678470375,-0.9501160042259064,1.2,0
207,1,0,0,1,1,1,1,0,0,1,0,0,0,1,0,1,1,2,0,0,1.4239499876876556,0.3514344223631275,1.2,0
208,0,0,1,0,0,2,2,0,0,0,2,0,1,1,1,0,0,1,0,1,-0.02214675052355359,-1.478835841316208,1.2,0
209,1,1,0,0,1,1,1,0,0,1,0,0,1,1,1,1,0,0,0,1,-0.5628691527456495,0.3801041300360293,1.2,0
210,1,1,1,1,2,1,1,1,0,0,0,1,0,1,1,0,1,0,1,1,-1.3033869516635461,-0.21957657289548688,1.2,0
211,1,0,2,0,0,2,0,2,0,0,0,0,0,0,1,0,0,0,0,1,-0.21981068140773413,1.0909689033384844,1.2,0
212,1,1,1,1,0,0,2,0,2,1,1,0,0,1,0,2,1,0,0,2,-1.439326461521087,-1.1549694443243606,1.2,0
213,0,0,0,2,1,2,1,1,0,1,0,0,0,1,0,0,0,1,0,1,-0.8780860403578652,1.3283277386373116,1.2,0
214,0,1,0,1,0,1,2,1,0,0,1,0,0,1,0,0,0,0,0,0,-0.3292294317486151,-0.5959436876620134,1.2,0
215,1,0,1,1,1,1,1,1,0,1,2,0,0,2,1,0,0,1,0,0,-0.09903020109394958,-0.25768885914008927,1.2,0
216,0,2,0,1,0,1,1,1,1,0,1,0,0,0,1,1,0,0,0,0,2.0068142675729588,0.5170090950041426,1.2,0
217,0,1,0,0,1,0,1,2,0,0,1,0,0,0,1,1,1,0,1,1,0.33456743087461127,-0.637613104368326,1.2,0
218,1,0,1,0,1,1,2,1,0,0,1,0,0,0,0,0,0,1,0,2,-2.039872398963043,-1.502232851654328,1.2,0
219,0,0,0,1,0,1,0,1,1,0,0,0,0,0,2,1,2,0,0,2,0.10355589165235177,-1.4558693838025876,1.2,0
220,0,1,0,1,1,0,1,1,0,0,1,1,0,0,1,0,0,2,0,1,0.28135241893400564,1.2687214700839418,1.2,0
221,1,0,1,0,0,1,0,1,1,0,0,0,0,2,2,1,2,2,1,0,-0.0032348239159214532,-0.8288980412407394,1.2,0
222,1,1,0,1,1,2,0,1,0,0,0,0,0,2,0,1,0,1,0,1,1.2012469528127856,0.4328649770665888,1.2,0
223,2,0,0,0,1,1,0,0,0,0,1,0,0,1,0,0,1,2,1,1,-0.4732086773646538,-1.239992271025923,0.9376447002397983,1
224,0,1,1,2,2,2,1,1,0,2,0,0,0,1,1,1,1,2,0,1,-0.22243454639808868,2.026250639582968,1.2,0
225,0,0,0,0,1,1,1,2,0,1,0,1,0,0,1,2,0,0,0,1,1.613742326384491,2.385391913336174,1.2,0
226,0,1,1,1,0,1,1,0,0,0,1,0,0,1,1,0,0,1,1,0,-0.46107420128386406,0.04393227666037269,1.2,0
227,1,1,1,2,1,0,1,0,0,1,2,0,0,0,1,2,0,1,1,1,-0.47398316540584956,-1.755522508639909,1.2,0
228,1,0,0,0,0,2,1,1,0,0,1,1,0,1,1,0,0,1,1,2,-1.1370782825053782,-2.095096214075944,1.2,0
229,0,0,0,0,1,0,1,1,0,0,0,0,0,1,2,1,1,0,1,0,0.08210033376995794,0.7590198346329449,1.2,0
230,1,1,0,2,1,2,2,1,0,0,0,0,0,1,0,1,0,1,0,2,-0.7202871545710369,0.26070187506234965,1.2,0
231,2,0,0,2,1,1,1,1,0,1,1,0,1,0,2,1,0,0,0,1,0.5036318616361063,1.2064990665368307,1.2,0
232,1,1,0,2,1,2,1,2,0,2,0,0,0,1,2,2,0,1,0,0,0.840904367817337,2.607177988377847,0.9843860582378899,1
233,0,0,1,0,0,2,0,1,1,1,1,0,0,2,0,1,0,2,0,0,-0.7873871712118302,-0.7987808775509404,1.2,0
234,1,0,0,0,0,0,1,1,1,1,1,0,0,1,2,0,1,1,0,1,0.32542797452701333,-0.4805081231542213,1.2,0
235,2,1,1,2,1,1,1,1,0,0,2,1,0,1,2,0,0,0,1,0,-0.5267052306146207,1.0273256300955942,1.2,0
236,2,0,2,2,2,2,0,1,0,1,0,0,0,1,1,1,0,0,0,0,-1.9101526193806455,0.5671386836545935,1.2,0
237,1,0,1,2,1,0,1,1,0,0,1,0,0,2,1,1,0,0,0,1,0.6739286344641424,0.7357629932702112,1.2,0
238,2,1,2,1,1,1,1,1,0,0,0,0,0,0,0,2,1,0,0,0,-2.1833095023125133,0.45056987462013554,1.2,0
239,0,1,0,2,1,1,1,1,0,0,1,1,1,0,2,1,0,0,0,2,0.21554905705372496,0.5092151573051479,1.2,0
240,0,0,1,0,0,1,1,1,0,0,0,0,0,0,1,0,1,0,0,2,-0.5752981169004635,-1.2135320490038235,1.1952552024851752,1
241,0,0,0,0,1,1,1,0,0,1,1,1,0,0,1,1,0,0,0,2,1.827457194403836,-0.8947498254646935,1.2,0
242,1,0,0,0,1,0,2,0,0,0,1,0,0,1,2,0,1,2,0,1,-1.2314333219755829,-1.583277508245522,1.2,0
243,1,0,0,2,1,2,0,0,0,1,1,1,0,1,2,1,0,1,1,0,1.7382437491798366,0.3267797526465661,1.2,0
244,0,1,0,0,0,0,0,0,0,0,0,1,0,2,0,0,0,1,1,0,0.03994740077207035,-1.3517645542567016,1.2,0
245,0,1,2,0,2,2,2,1,1,0,0,0,1,1,2,0,0,1,1,1,1.6021289857829888,1.509466548117798,1.2,0
246,1,0,1,0,0,0,2,2,1,0,0,0,0,2,2,2,0,0,0,0,-1.0101315425901987,-0.5652205812028462,1.2,0
247,1,0,2,0,0,2,0,1,2,1,0,1,0,2,1,0,0,1,0,0,-1.0305016762751429,0.512981866080364,1.2,0
248,1,0,1,0,0,0,0,2,0,1,0,0,0,1,0,1,0,0,0,0,1.2219556742739641,-0.4050852795012114,1.2,0
249,2,0,0,0,1,1,1,2,0,0,1,0,0,1,2,0,0,2,1,1,-0.9329099794618665,-2.701957161447959,1.2,0
250,1,1,0,2,0,2,1,2,0,0,2,0,0,1,1,0,1,0,0,1,1.465666721988266,-0.30620007505073976,1.2,0
251,0,0,1,1,2,1,0,1,1,0,0,0,0,2,1,1,0,1,1,0,1.8263736860965547,1.2969283686875193,0.9879670401927216,1
252,0,1,0,1,0,1,0,2,0,0,0,0,0,0,1,1,1,0,1,2,-0.8584334742418973,0.8021061617559349,1.2,0
253,2,0,1,2,2,2,1,1,0,0,1,0,0,0,1,1,0,0,0,2,1.6673118860283747,1.1522327369033345,1.187496169119364,1
254,1,1,0,1,1,0,1,1,0,1,0,0,1,0,0,0,0,1,1,2,-2.040782176358167,-1.5263909695790296,1.2,0
255,1,1,1,0,0,2,1,1,0,0,0,1,0,1,2,0,0,0,0,2,-0.41795316913945096,-0.5984973503290624,1.2,0
256,1,0,1,1,0,1,2,1,1,0,1,0,0,1,2,1,0,1,1,1,-1.0036480377231896,-0.6849654795064415,1.2,0
257,2,0,0,1,0,1,1,2,0,1,1,0,0,1,1,0,0,1,0,0,1.7315814375334257,-1.3978872183773818,1.2,0
258,1,0,0,1,0,0,0,0,0,0,0,0,0,1,2,2,0,2,0,0,0.4070304959314341,1.5032618650632952,1.2,0
259,2,0,0,0,2,2,0,0,0,1,0,0,1,1,2,0,0,0,0,1,1.020392893840535,-0.6207809520995107,1.2,0
260,0,1,1,1,0,0,1,1,1,0,0,0,0,0,1,1,0,0,0,1,-1.286630473656943,1.1967228332033932,1.2,0
261,0,0,2,1,1,1,0,0,0,1,0,0,0,1,1,1,2,1,1,0,0.7661278309291358,0.8076494310362794,1.2,0
262,1,0,1,0,1,1,0,0,0,0,2,0,0,1,2,0,0,0,1,1,-0.6028186174727698,-1.7428435010301526,1.2,0
263,1,0,1,1,2,1,0,1,0,2,1,0,0,1,0,2,0,1,1,2,0.39166473370785976,-1.1152393445727644,1.2,0
264,0,0,0,1,1,1,1,2,0,0,0,0,0,1,1,2,1,1,1,2,0.5892761014086457,0.7474225168034196,1.2,0
265,1,0,1,1,0,2,0,0,0,0,0,0,0,0,2,2,0,1,0,2,0.34165996822723477,-0.9358176397424186,1.2,0
266,1,2,1,1,1,1,0,1,0,1,1,0,0,1,1,0,0,0,0,0,-0.7916282510359682,-1.304549785415836,1.2,0
267,2,0,1,0,0,1,0,0,0,1,0,1,0,0,2,0,1,1,0,1,-0.3673371094218379,0.4163604757101792,1.2,0
268,2,1,0,0,0,2,1,1,0,0,1,1,0,0,1,1,0,1,1,1,1.2194899715715353,-1.4182306803693985,1.2,0
269,1,0,1,1,1,1,0,0,0,0,0,0,0,0,1,2,1,0,0,1,0.43867406138559056,0.2706862807575153,1.2,0
270,1,0,0,0,2,2,0,1,0,1,0,0,0,1,2,0,0,0,0,1,-0.2587040543640918,-2.0408131040840414,1.2,0
271,0,0,1,1,0,1,1,0,1,0,0,0,1,0,0,2,1,0,0,2,0.479401667307331,-0.05201752236956708,1.2,0
272,0,0,0,0,1,0,2,0,0,1,0,0,1,1,0,1,0,1,0,0,-1.7016437112211833,-0.8123608207266765,1.2,0
273,2,0,1,0,0,1,0,0,0,0,0,0,0,1,1,1,0,0,0,1,1.138664454601951,0.3034822312994189,1.2,0
274,1,1,1,1,0,1,2,0,0,1,2,0,0,1,1,2,1,1,0,1,0.09194050560020918,-1.0841088709506508,1.2,0
275,1,0,2,2,2,0,0,0,0,0,0,0,0,0,1,0,1,0,0,0,-0.372666960039125,0.1299926778487977,1.2,0
276,2,1,1,2,2,0,1,1,0,0,0,0,0,0,0,1,0,1,0,0,0.38252795803945705,0.7025219982414063,1.2,0
277,2,0,1,0,1,2,1,1,0,1,1,0,1,1,1,1,0,1,0,0,0.29695220318986615,0.19657249858410697,1.2,0
278,0,0,1,1,1,0,2,2,1,0,1,0,0,1,0,1,0,0,0,1,0.5156005358573664,-1.4479720790790656,1.2,0
279,1,0,2,2,1,0,0,1,0,0,0,0,0,0,0,1,0,1,0,1,0.5634629946278842,1.5974313181531197,1.2,0
280,0,0,1,1,0,1,2,1,0,0,0,1,0,0,0,1,0,2,0,0,0.4001273892747174,0.17758727977525757,0.16866067535821322,1
281,1,0,0,2,1,1,1,2,0,0,1,2,0,1,1,1,1,1,0,2,0.46302960430598167,-0.8375423079372525,1.2,0
282,2,1,1,0,0,0,2,0,0,0,1,0,0,0,0,1,0,2,0,0,0.03837679280498559,-0.23464238089097883,1.2,0
283,2,0,2,1,1,2,1,1,0,1,1,0,0,0,0,1,1,1,0,1,-0.41780216433996464,-0.06639080673253377,1.2,0
284,1,0,0,1,0,2,1,2,0,0,1,0,0,1,2,2,0,1,0,0,0.11291204053479101,0.500772365320391,1.2,0
285,0,1,1,1,1,2,0,1,0,1,2,0,0,0,0,2,0,0,2,0,0.7724461800837623,-1.1436337438044082,1.2,0
286,2,0,1,1,0,1,1,0,0,1,0,0,0,0,1,1,1,0,0,0,0.4590139887647313,0.12171065341698334,1.2,0
287,0,1,1,1,0,0,0,1,0,1,1,0,0,2,0,1,1,1,0,1,1.3748521068067745,0.6586695149454616,1.2,0
288,0,0,1,1,1,1,1,0,0,0,2,0,0,1,1,1,0,2,1,1,-1.0477618889904363,-1.8852251079967899,1.2,0
289,1,1,0,2,0,1,1,1,0,1,0,1,0,2,1,1,1,0,1,0,1.0539403211442326,0.7040956384142671,0.9250326810853711,1
290,2,0,0,1,0,0,1,1,0,0,0,0,0,1,2,2,1,0,0,0,-0.0995896930120285,0.8505746209774854,1.2,0
291,0,0,1,0,0,1,0,0,0,1,1,0,1,0,1,0,1,0,0,0,1.3860839107669711,1.156552325633972,1.2,0
292,1,1,1,0,1,0,0,0,0,0,0,0,0,0,1,0,1,0,1,0,0.5875200081726074,-0.31921828454164713,1.2,0
293,0,0,1,0,1,1,2,1,1,1,0,1,2,0,1,2,0,2,0,1,0.11478921017086281,-0.37905246701234757,1.2,0
294,1,0,0,1,0,0,1,0,0,1,0,0,0,2,1,2,0,2,1,1,0.1343393107369552,0.4566262775071112,1.2,0
295,1,0,0,1,2,1,1,1,0,0,1,0,0,0,0,0,0,1,0,1,-0.10566638713861799,-2.2267020611283774,1.2,0
296,0,1,1,1,1,2,1,1,0,1,1,0,0,2,1,0,0,1,0,1,-0.8019233528084616,-0.9812294270708037,1.2,0
297,0,0,2,0,1,1,1,1,0,1,0,0,1,2,0,0,0,1,0,2,0.9058030512514811,1.7146875758664688,1.2,0
298,0,0,0,1,0,1,1,1,1,0,0,0,0,0,1,1,0,1,1,1,-0.313780867734637,-0.09667686585043611,1.2,0
299,0,0,1,0,0,0,1,1,0,1,1,0,0,1,1,0,0,1,1,0,1.7243304483388133,-0.036846033547058635,1.2,0
300,0,0,0,0,0,1,1,1,0,1,1,0,0,0,1,1,0,1,0,0,1.4500297204685433,-1.0084564481970106,1.2,0
301,0,0,1,0,1,1,2,1,0,0,0,1,1,1,1,1,1,0,0,1,1.1879237333000752,1.152549310801224,1.2,0
302,0,0,2,1,0,1,2,2,0,0,1,0,1,2,1,0,0,1,0,0,0.08890554940524001,-0.09079102641020176,1.2,0
303,0,0,1,1,1,1,1,0,0,0,1,1,0,0,0,2,0,2,0,0,1.1582872161047362,1.09406804626362,1.2,0
304,1,2,1,2,2,0,1,0,0,0,1,0,0,1,0,1,0,0,1,1,0.32596481476090405,-0.14860642461979467,1.2,0
305,2,1,0,0,2,1,0,2,0,0,0,0,0,1,1,0,1,0,0,2,-0.05358328251279033,0.35080489246590413,1.2,0
306,1,0,2,2,0,0,2,1,0,0,2,0,0,1,1,1,1,0,1,0,-3.074640758476049,-3.667402599941728,1.2,0
307,1,0,0,2,1,1,0,1,0,0,1,0,0,1,0,1,0,2,0,0,-0.9976793378191111,-0.620528306510563,1.2,0
308,1,1,1,1,0,1,2,1,0,0,1,0,0,1,0,0,0,0,0,2,0.9955668043780888,1.0456989457450638,0.6843061027036041,1
309,0,2,2,1,1,2,1,1,0,0,0,0,0,2,1,1,1,0,0,1,0.997679356472146,1.2372500404874185,1.2,0
310,1,0,1,0,0,1,2,1,1,0,2,0,0,1,1,2,0,1,0,1,0.32040559465107793,-1.3974275386242918,1.2,0
311,0,0,1,1,0,0,1,2,0,0,1,0,1,2,2,1,0,0,1,2,0.3089280094529685,-0.9320510708293746,1.2,0
312,0,0,1,2,1,1,2,1,0,1,0,0,0,2,2,0,0,0,0,1,1.0820403790826436,0.23715863664425024,1.2,0
313,0,0,1,0,1,0,0,1,0,1,0,0,0,0,1,0,0,0,0,1,1.3246337633812104,1.365359124800104,1.2,0
314,1,0,1,0,0,1,0,1,0,0,0,0,0,0,1,0,0,0,0,1,0.5823723770798529,-0.053814673791016905,1.2,0
315,1,0,0,0,2,2,1,1,0,0,0,0,0,0,1,2,1,2,1,0,-1.2459531569259263,-2.034519563578224,1.2,0
316,1,1,1,0,1,2,2,1,0,0,1,1,0,0,2,1,0,2,0,1,1.9316741914134443,0.6945037772621439,1.2,0
317,0,1,0,0,1,1,0,1,0,0,1,0,0,1,0,2,2,0,0,1,-0.9373543086346366,-1.302871091301558,1.2,0
318,2,0,1,1,0,0,1,1,0,1,0,0,0,2,1,1,0,0,1,0,-1.4822839539868824,1.0718384602960527,1.2,0
319,0,2,0,2,1,2,2,0,0,1,2,0,0,0,0,1,1,0,0,2,-0.6532691965269144,-0.5919840549721191,1.2,0
320,0,0,2,2,1,1,0,1,0,0,1,0,0,0,1,1,1,0,1,0,-1.0231691740164617,0.8264596834826088,0.8010613066437067,1
321,0,0,0,1,0,0,2,1,0,0,1,0,0,1,0,1,0,1,0,1,1.6249021701444006,-0.9866010687975864,1.2,0
322,1,0,1,0,0,1,2,1,0,1,0,0,0,0,2,2,0,0,0,1,0.4708055764821936,1.3322108551417653,1.2,0
323,0,2,1,1,0,0,1,0,0,1,0,0,0,0,1,2,1,0,0,0,-0.6640337324846519,0.6292740952670259,1.2,0
324,1,1,1,1,0,2,1,1,0,1,1,0,0,2,1,1,0,0,1,1,0.46974004664195534,-0.9940415104938853,1.2,0
325,0,0,1,1,1,2,1,2,0,1,1,0,0,0,1,0,0,0,1,0,-0.587373854997438,-1.2794782394777418,1.2,0
326,1,0,2,0,2,0,1,0,1,1,0,0,0,1,2,0,1,2,1,0,-0.8253946810099075,-0.6879912285347364,0.6226376333556698,1
327,1,1,0,2,1,1,0,1,0,1,0,0,0,0,0,0,1,1,0,1,-1.0514529207979126,0.3593616886104535,1.2,0
328,2,2,1,1,0,1,1,0,0,0,0,0,0,1,1,1,1,1,0,1,-0.12353529889560717,-0.15422298658756162,0.5478579346253457,1
329,1,1,1,1,1,1,2,1,0,0,0,0,0,1,0,0,1,1,0,1,0.06924954509987004,-0.8627232131149994,1.2,0
330,1,1,2,1,1,1,0,1,0,0,0,0,0,1,1,0,0,2,0,1,0.4408720555739213,-0.4259351697188437,1.2,0
331,0,2,0,0,0,1,0,1,0,1,0,0,0,1,2,1,0,1,0,0,-0.6496955302046412,1.7040572413463864,1.2,0
332,0,0,2,0,0,2,1,0,0,0,0,0,0,1,1,0,0,2,0,1,-0.6950016928818877,-1.5416721515754594,1.2,0
333,1,2,0,1,1,1,0,0,0,0,1,0,0,2,0,2,0,1,0,0,0.7881561709027819,1.3154291982595303,1.2,0
334,0,0,0,1,0,0,1,0,1,0,0,0,0,0,0,1,0,0,1,1,0.5131909918168267,-1.8069241486695018,1.2,0
335,2,0,0,2,1,1,2,1,0,0,0,0,0,0,0,1,1,0,0,1,0.4554600819243097,1.6695770360304745,1.2,0
336,0,1,1,0,2,1,2,0,1,0,0,1,0,1,0,1,0,0,1,2,0.24078663732341915,-1.4999637862998965,1.2,0
337,0,1,1,1,1,1,2,1,0,1,1,1,0,2,0,0,0,1,0,0,0.9337697179783135,0.9029936100790368,1.2,0
338,2,1,1,0,1,1,1,1,1,1,1,0,0,0,2,1,1,2,0,2,0.7475684793040405,1.1961722870357367,1.2,0
339,2,1,0,2,1,0,2,1,0,0,0,0,0,2,2,1,2,0,1,0,0.899283832948778,1.3427431739913966,1.2,0
340,0,0,0,0,0,1,1,1,0,1,0,1,0,2,1,0,1,0,0,1,1.0975523230466808,1.9063190495320728,1.2,0
341,2,1,0,1,2,1,0,1,0,1,0,0,0,2,1,1,0,0,1,1,-1.393565590846072,-0.4944830783426107,1.2,0
342,0,1,0,1,0,0,1,2,0,1,0,1,0,1,0,0,0,0,1,1,-0.6539748897545338,-0.8955959944768077,1.2,0
343,1,1,2,1,0,1,0,0,2,0,0,0,0,0,0,0,0,1,1,1,-0.6979966867455102,-1.34843320267255,1.2,0
344,2,0,1,1,1,0,1,0,0,0,0,1,0,1,1,1,1,1,0,1,-0.8679607839242434,0.5291529570019741,1.2,0
345,1,0,0,0,1,2,1,2,0,1,1,0,0,0,2,2,0,1,0,0,-0.06584640216917108,0.07116931964832479,1.2,0
346,1,0,0,2,2,2,0,2,0,1,0,0,0,2,0,2,1,0,1,0,0.5429563347288293,1.4269117950816126,1.2,0
347,1,0,0,0,0,1,0,1,1,0,0,0,1,2,2,1,0,1,0,0,-0.37847356790736963,0.21440753597796142,1.2,0
348,1,0,0,2,1,1,0,1,0,1,1,0,0,0,1,1,1,0,1,1,-0.20774262900698448,1.7967679563257244,1.2,0
349,2,0,0,1,0,2,1,1,0,0,1,0,0,1,0,1,1,0,0,0,-0.9630502113922372,0.019748848933707985,1.2,0
350,2,0,1,1,0,1,1,0,1,0,0,0,0,1,2,1,0,0,1,0,-0.014215025138950716,0.025123135210315256,1.2,0
351,2,0,1,1,1,1,2,1,0,0,2,0,0,0,0,0,1,0,1,0,0.42233547781463715,-0.6694672030854368,1.2,0
352,0,2,0,2,0,1,2,2,0,1,0,0,0,1,0,2,1,0,0,0,-0.23373527976822864,1.5361538316639345,1.2,0
353,1,1,1,0,1,2,1,1,0,2,1,1,0,1,1,0,1,0,0,1,-1.4595798688089239,1.357125734628481,1.2,0
354,1,0,0,2,1,0,1,1,0,0,0,0,0,2,1,1,0,0,0,1,-0.5165178995337945,0.0700893859481187,1.2,0
355,1,0,1,1,0,0,1,1,0,1,0,0,0,1,2,0,1,2,0,1,-0.4557326366837552,0.05747270735452664,1.2,0
356,1,0,1,2,0,2,0,2,0,1,0,0,0,1,1,0,2,0,0,2,0.5686827397465939,1.4138260904096365,1.2,0
357,1,1,1,0,0,0,1,1,0,0,0,0,0,0,2,1,0,0,0,1,0.11250371249529162,-2.037025921225272,1.2,0
358,1,0,0,0,0,1,0,1,0,0,0,0,0,0,1,1,0,1,0,1,2.507176086193108,1.1449676020576391,1.2,0
359,0,1,0,1,2,1,0,1,0,1,1,1,0,1,0,0,1,1,0,0,0.24463856019383645,-0.3117765970215205,1.2,0
360,1,0,1,0,0,1,1,1,0,1,1,0,0,1,1,0,0,1,0,1,1.5126038606355274,1.0128667379827456,1.2,0
361,1,0,0,1,2,2,0,1,0,0,0,0,1,2,1,0,1,0,0,1,-0.3879874497007192,1.3427692841363361,1.2,0
362,1,0,1,1,2,1,0,1,0,0,0,0,0,0,1,2,0,0,1,1,-1.3384321395479117,0.7331494286052818,1.2,0
363,2,0,0,0,0,2,0,0,0,1,1,1,0,0,0,0,0,1,0,0,-0.1453162070208078,-1.4589425388563988,1.2,0
364,1,0,0,0,1,1,1,1,0,1,0,0,0,2,2,1,0,0,0,0,0.6570269049592375,0.11982055573332578,1.2,0
365,0,0,1,0,1,2,0,1,0,0,0,0,0,1,1,1,0,0,0,0,-1.121774064850974,-0.6108624595098354,1.2,0
366,1,1,0,0,0,0,0,0,0,0,0,1,0,1,2,0,2,0,0,1,0.7096588589942396,1.1068789981539435,1.2,0
367,1,0,2,2,1,0,0,2,0,1,1,0,2,1,1,0,1,1,0,1,-0.7576176312195237,0.09822852320474412,1.2,0
368,1,0,1,0,1,0,1,0,1,0,1,0,0,1,1,1,0,2,2,0,1.6151100439654704,-0.723306659156241,1.2,0
369,1,1,0,0,0,1,0,0,0,0,0,0,0,1,1,2,1,1,0,0,0.23931554032503377,1.2124634080349046,1.2,0
370,1,0,1,2,0,1,1,1,0,0,1,0,0,2,0,2,0,1,0,0,-0.8816851860955988,-0.3604300176768212,1.2,0
371,1,0,1,1,1,2,2,0,0,1,0,0,0,1,1,1,1,2,0,0,0.5763613074937347,1.5600247324290681,1.2,0
372,0,1,2,0,1,1,1,1,0,0,1,0,0,1,2,1,1,0,0,0,0.2836362481477908,-0.5349292599448394,1.2,0
373,2,1,1,1,1,1,2,1,0,2,0,0,0,1,1,0,1,0,1,1,-0.355271519452486,0.25843234131253573,1.2,0
374,1,1,1,2,1,0,2,1,0,0,0,1,0,0,1,0,1,0,0,1,-1.2195466606810124,-1.2939138621920208,1.2,0
375,2,0,0,1,0,0,1,0,0,0,1,0,0,2,0,1,0,1,0,0,1.906668348099693,0.5840076766023783,1.2,0
376,0,0,1,0,0,1,1,2,0,1,0,1,0,2,2,1,1,2,0,1,0.21638027393496767,1.0705288551736403,1.2,0
377,1,2,1,0,1,1,0,0,0,1,0,0,0,1,0,2,0,1,1,0,-0.9191362179751478,1.4979831771293541,0.20119275913303894,1
378,1,1,0,2,1,2,0,0,0,0,0,1,0,1,1,0,0,0,0,1,-1.0994710474009346,-2.2973994063659915,1.2,0
379,0,0,0,1,2,2,0,1,2,1,1,0,0,2,1,0,0,1,1,1,2.4631943675368078,0.2155453797245714,1.2,0
380,0,0,2,1,1,2,1,0,0,0,0,0,0,1,2,2,0,2,1,1,-0.5700170157652135,1.713399594484886,0.6364278795821139,1
381,0,0,0,0,0,2,1,2,0,0,0,1,0,2,0,1,0,2,0,0,0.43047334339486065,1.1984315396169867,1.2,0
382,0,0,1,1,0,0,1,1,0,1,1,1,0,1,2,0,0,1,0,0,1.992014334653405,1.648419918211864,0.7038461066807423,1
383,1,0,0,1,0,1,0,1,1,0,0,0,0,1,1,1,1,0,0,1,-0.9662312838760648,0.8011007200212319,1.2,0
384,2,0,1,2,2,1,1,2,0,1,0,1,0,1,0,0,0,1,0,0,-0.687768335811349,0.8602507410337683,1.2,0
385,1,0,1,0,0,2,1,2,0,1,0,0,0,1,0,2,0,1,1,1,0.4492388226484881,1.3837062245366858,1.2,0
386,1,0,1,2,1,1,2,2,0,2,1,1,0,1,2,0,1,0,1,1,1.9302620770754615,-1.162427070105658,1.2,0
387,0,0,1,1,1,1,2,1,0,0,1,0,0,1,1,1,0,1,0,2,-0.02377546494591696,-1.962943737872868,1.2,0
388,1,0,0,0,0,1,1,0,0,0,1,0,1,0,0,0,1,0,1,0,2.1272807832468654,-1.8483294478578367,1.2,0
389,2,1,0,1,1,1,2,0,0,1,0,0,0,2,0,1,0,2,0,1,-1.3342059441877432,0.5276049206627197,1.2,0
390,1,0,1,2,1,1,1,1,0,1,0,1,0,1,1,1,0,1,0,0,0.33596098055898266,0.6636249590631121,1.2,0
391,1,1,1,1,0,0,0,2,1,2,1,0,0,0,0,0,1,0,0,1,-1.6367870868114065,-0.23559853723231938,1.2,0
392,1,0,1,0,1,1,1,1,0,0,1,0,0,1,1,0,1,2,0,2,-1.250089026183442,-2.036563348927819,1.2,0
393,1,1,0,1,1,0,0,1,0,0,1,0,0,1,2,0,0,2,0,1,1.3831419366313156,0.6342805600060646,1.2,0
394,2,0,1,2,1,0,0,2,0,1,1,1,0,0,2,1,1,0,1,1,-0.6075873542612727,-0.4756478821237959,1.2,0
395,1,0,0,1,1,0,0,1,0,2,0,0,0,0,1,1,0,1,2,0,0.4133716199801196,1.6621910477054394,1.2,0
396,1,1,1,1,2,2,1,2,1,1,1,1,0,2,1,0,1,0,0,0,-2.1392309279278905,-1.131141951920895,1.2,0
397,1,0,1,1,0,0,1,1,0,0,1,0,0,0,0,1,0,1,2,1,-0.841708058110501,-1.2784731578019077,1.2,0
398,1,1,2,1,1,0,2,1,0,0,0,0,0,1,0,0,0,1,0,0,-2.008886766179853,-1.1368200000006565,1.2,0
399,0,0,1,0,0,0,1,1,0,0,0,0,0,2,2,0,0,1,1,1,0.9793690018057151,0.015531452717288285,1.2,0
400,1,0,1,1,2,0,1,0,0,1,0,0,0,1,1,0,1,1,0,0,-0.9011456635714634,1.5125861170961434,0.7351150686040326,1
401,1,1,1,2,0,1,1,0,0,1,0,0,0,0,1,2,0,1,1,0,-0.6703704283544707,1.2513713444775663,1.2,0
402,1,0,1,2,2,1,1,1,0,0,0,1,0,1,0,2,0,0,0,1,1.1948525885554133,-0.3706609283027307,1.2,0
403,1,0,1,1,1,0,1,1,0,0,0,0,0,0,2,0,0,0,0,1,-0.8693491797401713,1.0921282203434035,1.2,0
404,1,0,0,1,1,1,0,0,0,2,1,0,0,0,0,2,0,1,1,1,0.08975800012710855,0.848200423927018,1.2,0
405,0,0,0,1,1,2,0,0,0,0,0,0,1,2,1,1,0,1,0,1,1.0069532804808918,0.15144828667020616,1.2,0
406,1,1,1,1,1,0,1,1,1,0,0,0,0,2,1,0,0,1,0,1,0.40367621327987097,1.1308132376953173,1.2,0
407,1,1,1,0,1,0,1,2,0,1,0,0,0,2,0,2,0,0,0,1,1.3413289809790556,0.1912582006867658,1.2,0
408,2,0,1,2,1,0,1,0,0,0,0,1,0,1,0,1,0,1,1,1,2.215074725502884,1.3298614795693142,1.2,0
409,0,1,1,0,0,1,1,0,0,0,1,0,0,1,2,2,0,0,1,1,-0.5091081258073492,0.7102754993387811,1.2,0
410,0,1,1,1,1,2,1,0,0,0,1,0,0,1,2,1,0,1,0,0,-0.8071520032014357,-0.45669229493089913,1.2,0
411,0,2,0,2,1,0,1,2,2,0,0,0,0,1,1,2,0,1,1,2,0.7394414692090436,0.15972430243729233,1.2,0
412,1,0,2,0,1,0,1,0,0,0,0,0,0,1,2,1,0,0,2,0,-0.4254984473640666,-0.11023465338062267,1.2,0
413,0,0,0,2,1,1,1,2,0,2,1,1,0,0,2,2,1,1,0,0,-0.3814522157822146,-0.2883372395056356,1.2,0
414,1,0,0,1,1,1,1,1,0,0,0,0,0,1,0,1,0,2,0,0,0.21122046282901574,-0.2925342390263374,1.2,0
415,1,1,1,1,1,0,1,1,0,1,0,0,0,1,0,0,1,1,1,0,-1.6117478245755827,-0.9229398149731634,1.2,0
416,1,0,1,1,0,1,1,2,0,0,0,0,0,0,0,0,0,1,1,1,0.3428761935972144,0.3037593306864322,1.2,0
417,0,1,0,1,2,1,1,1,0,2,0,0,0,1,2,0,0,1,0,1,-0.8013144557227087,1.151324580552365,1.2,0
418,0,0,1,2,2,0,2,2,0,0,0,0,0,1,1,1,0,0,0,0,-0.7546481514313887,-0.8731094343454653,1.2,0
419,2,0,1,0,1,1,0,1,0,2,1,0,0,0,1,1,0,1,0,1,1.729566883829649,0.26045967612633325,1.2,0
420,1,1,1,1,0,2,0,0,0,0,0,0,0,1,2,2,1,1,0,0,-0.6240029144237895,-0.27422630986112717,1.2,0
421,1,1,1,0,1,1,0,2,0,0,0,0,0,2,1,1,0,0,0,0,2.2330038865925084,0.6077846114605144,1.2,0
422,0,0,2,1,0,0,1,1,1,0,1,0,1,0,2,0,0,1,0,0,-1.0264904190846804,-0.7201873509953509,1.2,0
423,2,0,1,1,1,1,1,0,0,0,0,0,0,2,2,1,1,1,1,2,1.141100161880838,-0.2396797096581974,1.2,0
424,0,0,0,1,2,1,0,2,0,1,0,0,0,2,1,0,0,2,1,0,-0.240937510999879,0.2154675407577763,1.2,0
425,1,0,1,0,1,1,1,0,0,1,0,0,0,1,2,1,0,1,0,1,0.806346312313312,1.441823241389,1.2,0
426,1,0,0,1,1,1,0,0,0,0,2,0,0,1,1,1,2,2,1,0,0.4659403414208199,0.6064588494452784,1.2,0
427,1,0,1,0,1,2,2,2,0,1,1,0,0,1,0,0,0,1,0,0,-0.7263015314095856,-1.5362696523920172,1.2,0
428,1,0,2,2,1,2,2,1,0,0,1,0,0,0,2,2,1,1,1,0,-1.6214183245873275,0.7388239050340042,1.2,0
429,1,1,0,0,2,2,0,1,0,0,1,0,0,0,1,0,0,1,1,1,-0.3828882477919544,-0.8290684125974769,1.2,0
430,1,0,1,1,0,1,1,2,0,1,0,0,0,1,2,0,1,0,0,0,-0.4899282920332658,-0.14731977791747855,1.2,0
431,0,0,0,1,1,2,1,1,0,1,2,1,0,1,1,1,1,1,0,2,0.46231515907032095,-0.9160333832825178,1.2,0
432,1,0,0,1,0,2,1,1,0,0,1,0,0,1,1,1,0,1,0,0,-0.548628316462707,-0.7262822362479966,1.2,0
433,1,0,1,1,0,0,1,1,0,0,0,1,0,1,2,1,0,2,0,0,0.8022613795024922,-0.3239213603922801,1.2,0
434,1,0,1,1,1,1,2,1,0,1,1,0,0,1,1,1,0,1,0,1,0.5415093701636379,-1.4958848372240443,1.2,0
435,0,0,1,0,1,1,0,2,0,1,1,0,0,1,2,1,1,2,0,0,-0.05176133195064722,-0.14956086994098966,1.2,0
436,1,0,1,2,2,1,0,2,0,1,1,0,0,1,2,0,0,1,0,0,-0.6608253681175145,1.2202151968235915,1.2,0
437,1,0,1,1,1,0,1,1,0,0,0,0,0,1,2,1,0,1,0,1,-0.2620405832305403,0.08236458772618403,1.2,0
438,0,0,1,1,0,2,0,1,0,1,0,0,0,1,2,0,1,1,0,2,-0.7267613382224805,-0.6676438428378358,1.2,0
439,2,0,1,2,0,0,2,2,0,0,0,0,0,2,0,1,0,0,1,2,-0.018903597554360052,-0.21279793068554875,1.2,0
440,0,0,1,1,0,1,0,1,0,0,0,1,0,0,1,2,0,1,0,1,0.5097472569414747,1.4508840636572793,1.2,0
441,1,0,0,0,1,0,1,1,0,0,1,0,0,0,1,1,0,0,0,1,0.9271609044353779,-1.3013826603985548,1.2,0
442,2,0,0,1,0,2,1,1,0,0,1,0,0,1,1,1,1,0,1,1,0.20212902191672008,-0.5124081559383996,1.2,0
443,1,0,2,0,0,0,0,1,1,0,0,0,0,0,1,0,0,1,0,1,-0.7419086196450825,0.7584807754550855,1.2,0
444,2,0,1,0,1,0,1,2,1,1,1,0,0,0,1,1,0,1,0,1,-0.32248409242001225,0.6049488845504376,1.2,0
445,2,1,1,1,2,1,0,0,1,0,1,0,0,2,1,1,1,1,0,1,-0.4901327959162188,0.775352113491615,1.2,0
446,1,0,1,1,1,1,1,1,0,1,1,0,0,2,2,2,1,1,1,1,1.5366440654549798,0.7797039809620433,1.2,0
447,1,0,1,0,1,1,1,2,0,1,1,0,0,2,1,1,1,2,0,0,2.358519173476965,0.7938032275140333,1.2,0
448,0,1,1,1,0,0,0,1,0,0,0,0,0,2,1,1,0,2,1,1,-1.411708050199699,-2.0510826295916025,1.2,0
449,1,1,1,0,1,1,1,2,0,0,0,0,0,2,1,0,0,2,1,1,-0.47113451644918064,-0.1732183279974781,1.2,0
450,1,0,0,0,2,0,0,1,0,0,0,0,0,0,1,1,0,0,0,2,-0.01610656678311698,-0.6242370154614281,1.2,0
451,2,0,1,0,1,1,1,1,0,1,1,0,1,0,0,2,0,0,1,1,0.08881010330193044,1.699154031132705,0.4868915022363568,1
452,0,1,1,1,1,2,0,1,0,0,1,0,1,1,1,2,0,0,0,1,2.2957032653061367,-0.8936270035755345,1.2,0
453,0,0,1,0,0,0,0,0,0,1,1,0,0,0,2,0,1,1,1,0,0.41080615230212797,0.0012604640039333148,1.2,0
454,1,1,1,0,1,2,0,2,1,0,1,1,0,1,2,1,0,1,1,1,-0.6626976667876485,-1.4172756946394753,1.2,0
455,0,0,0,1,1,2,0,1,0,0,0,0,0,1,0,1,0,1,0,0,-1.4531289541879766,0.8107457954372477,1.2,0
456,1,0,1,1,1,1,0,1,1,2,1,0,0,0,0,1,0,2,0,2,0.14921855701210918,2.6576133215274216,1.2,0
457,0,0,1,1,0,0,2,0,0,0,0,0,0,0,0,0,0,2,0,0,0.24799005238903193,-0.24840550826347083,1.2,0
458,2,1,1,1,1,2,1,1,0,0,1,0,1,0,1,0,1,0,1,1,1.8033930710476769,1.0757066824015555,1.2,0
459,1,0,0,1,0,2,2,1,1,1,0,2,0,1,1,0,1,2,0,1,-0.07945409046264838,0.13668793058742224,1.2,0
460,1,0,0,0,1,2,0,2,0,1,0,0,0,1,1,2,0,0,0,1,0.584104475913451,1.1921388201621814,1.2,0
461,2,0,1,0,2,1,1,2,0,1,0,0,0,1,2,0,0,1,0,0,-0.6883924344290023,0.46395657442441296,1.2,0
462,2,1,1,0,0,2,1,1,0,1,0,0,0,1,1,1,1,1,0,2,-0.6925645749979195,-0.03795420277404324,0.6895775227218736,1
463,0,0,1,1,0,1,0,2,0,0,1,0,0,1,2,0,0,0,1,0,-0.3404154497840173,-1.3578168157179404,1.2,0
464,1,1,1,1,2,1,0,0,0,1,1,0,1,0,1,0,1,2,0,0,-0.023604761416168345,0.4349902483123159,1.2,0
465,0,0,2,0,1,1,2,1,0,0,0,0,0,1,2,1,0,2,1,1,-0.7090479181242062,0.5721122843530161,1.2,0
466,0,0,0,0,0,2,1,1,1,0,1,0,0,1,1,0,0,1,0,1,-1.044307121105092,-1.4962968594208497,1.2,0
467,1,0,1,2,1,2,1,2,0,0,0,0,0,1,0,0,0,1,0,1,0.14195782498721302,0.7937486801804399,1.2,0
468,2,0,0,0,0,1,0,0,0,0,2,0,0,2,2,2,0,1,0,1,0.8865742080404871,0.946423028056123,1.2,0
469,2,0,1,1,1,0,1,1,0,0,0,0,0,2,2,1,1,2,0,1,1.1026085885522168,0.6128036376743284,1.2,0
470,1,0,1,0,0,2,2,0,0,1,0,0,0,1,0,1,0,1,0,1,-0.16991115927748335,-1.491141569961911,1.2,0
471,0,0,0,2,0,1,0,0,0,2,0,0,0,1,1,1,0,1,0,1,1.8550026872224223,2.1415284151416136,1.2,0
472,2,1,1,1,1,1,1,0,0,0,1,0,1,0,2,1,0,0,0,1,0.45492321332164665,0.3214956964107599,1.2,0
473,1,0,0,1,1,1,1,2,0,1,0,0,0,1,1,1,0,0,0,1,0.3100083495061538,0.3382747268981112,1.2,0
474,0,1,0,2,2,1,0,1,0,0,0,0,0,1,1,2,0,1,0,0,1.055635068660614,1.701833472151132,1.2,0
475,0,1,0,0,1,0,2,2,1,2,0,0,0,1,1,1,0,1,0,0,-0.30540642060262374,0.12824306090595095,1.2,0
476,1,0,0,0,1,0,1,1,0,0,0,0,0,1,0,1,1,2,1,0,-0.5498245069796523,-2.726771505053545,1.2,0
477,0,0,1,0,0,1,1,1,1,0,1,0,0,1,1,2,0,1,0,2,-0.5973264329217421,-0.6498547235493852,1.2,0
478,1,0,0,0,2,0,1,1,0,2,0,0,1,2,1,1,0,0,2,1,-2.1749381523657867,-0.15188697271012813,1.2,0
479,0,0,0,1,1,0,1,2,0,0,0,0,0,1,0,0,0,1,2,0,0.6273992469277041,-0.23118767084200734,1.2,0
480,1,0,0,1,1,1,1,0,0,2,0,0,0,1,2,0,0,0,0,1,-1.4710780191873194,-0.40032635117972576,1.2,0
481,0,0,0,0,1,1,2,2,0,0,0,1,0,1,1,2,1,1,0,1,1.684940438607972,-0.09457930143581872,1.2,0
482,1,0,0,0,1,1,1,0,0,0,1,0,0,2,0,1,1,1,0,0,-0.11250656008067178,-0.5297959642423228,1.2,0
483,0,1,0,0,1,1,0,0,0,0,1,0,0,2,0,1,0,0,0,0,-0.6456021777426668,-0.5968507414626605,1.2,0
484,1,0,0,2,1,2,2,1,0,0,0,1,0,2,1,2,0,1,1,2,1.0863203848775502,-0.000747141999129064,1.2,0
485,0,0,1,1,1,1,1,2,1,0,1,0,0,0,0,0,1,0,2,0,2.2187324118130087,0.006053739027878258,1.2,0
486,0,0,2,0,1,2,1,0,0,0,0,0,0,0,0,2,0,1,1,0,-1.2382150785150925,-0.24855120949540432,1.2,0
487,2,0,2,1,1,1,0,2,0,1,1,0,0,0,1,2,0,1,0,1,0.8985564011320696,1.2670842639279805,1.2,0
488,1,0,0,1,1,1,1,0,0,0,1,0,1,0,2,1,0,1,0,0,-0.9734682265505405,-0.544008396103083,1.2,0
489,1,0,1,0,2,1,0,0,1,1,1,0,0,0,2,0,0,1,0,0,-2.183024805505353,-1.297504937973375,1.2,0
490,2,0,1,0,0,1,1,2,0,0,0,0,0,0,2,1,0,1,1,1,1.0359849758160606,0.24512930982620382,1.2,0
491,1,0,2,1,0,1,1,2,0,0,0,0,0,0,0,0,2,0,1,2,-0.05894531488918937,-0.6075202901403536,1.2,0
492,1,0,0,1,0,0,1,1,0,1,0,0,0,0,1,1,1,1,1,0,-1.29506676705475,-1.0801664780368236,1.2,0
493,0,0,1,1,1,1,0,1,0,1,1,0,0,1,1,1,0,1,1,1,-1.7279610079507675,-0.9469121274348951,1.2,0
494,1,0,1,1,0,0,1,0,0,0,0,0,0,0,1,1,1,2,0,0,0.8660462791764791,0.5452269645837131,1.2,0
495,2,0,0,1,2,1,0,0,0,0,0,0,0,1,1,0,0,1,1,1,1.7127904507558942,-0.45847403479082327,1.2,0
496,1,1,1,1,0,0,0,1,0,1,1,0,0,1,1,1,0,0,0,1,-0.04956297825120901,0.2764250169233977,1.2,0
497,1,0,1,1,1,1,1,1,0,0,0,0,0,1,2,0,0,2,0,1,0.03926700022956784,0.911527832753422,1.2,0
498,1,0,0,0,0,0,1,0,0,0,1,1,0,0,1,0,1,1,1,1,0.8515927745365754,0.7197633747070158,1.2,0
499,2,1,0,1,0,0,1,0,0,0,0,0,0,1,2,1,0,2,0,1,-0.5032457573960152,-2.0047303514414945,1.2,0
500,0,1,1,2,2,0,1,0,0,0,0,0,0,1,1,0,0,0,0,0,-0.5889038017715634,1.0174885562357858,1.2,0
501,2,1,1,1,1,1,0,1,0,0,0,0,0,2,1,0,0,1,1,1,-0.9582443969500536,-0.9542248497673509,1.2,0
502,1,0,0,0,1,1,1,2,0,0,2,0,0,2,2,0,0,1,1,0,0.7709519967081234,-1.353588289006649,1.2,0
503,2,1,1,1,1,2,2,1,0,0,0,0,0,1,1,1,2,1,0,1,0.5106527332148662,1.251588231860539,1.2,0
504,2,0,2,1,0,1,0,0,0,1,1,0,0,2,2,2,0,1,0,0,0.57889245611492,1.402945531952355,1.2,0
505,2,0,0,0,1,2,2,1,1,0,0,0,1,0,1,1,2,0,1,0,-0.49131316222413324,-0.7514429020687365,1.2,0
506,1,0,1,1,0,1,0,1,0,1,1,0,0,0,1,1,0,0,0,0,-0.7496005453916278,0.9304214095218879,1.2,0
507,1,0,2,1,1,1,0,2,1,1,0,0,0,1,2,1,0,0,0,1,-0.24275244180185276,0.18228616995028818,1.2,0
508,1,0,0,0,0,2,1,0,0,0,0,0,0,2,1,0,0,0,0,1,-0.04533704979085214,-0.031529290794624354,1.2,0
509,0,0,1,0,1,1,1,1,0,0,0,0,0,0,2,1,1,0,0,0,-0.9073227120662724,-0.4249655381206221,1.2,0
510,2,0,1,0,0,1,1,1,0,0,0,0,0,1,1,2,0,0,0,1,-0.6631815784393823,-0.006972728511691371,1.2,0
511,1,0,1,0,0,2,0,1,0,0,0,0,1,2,0,0,0,1,0,0,-0.4916179330481535,1.1120092616892916,1.2,0
512,1,0,1,0,0,2,1,0,0,0,0,0,0,1,2,0,0,1,0,2,-0.4370006061373902,0.45019675166668693,1.2,0
513,0,0,0,0,2,0,1,1,0,0,1,0,0,0,2,0,0,0,0,1,-0.9032452082218303,-1.4456207774907195,1.2,0
514,0,1,2,2,1,1,1,1,0,0,0,0,0,1,1,0,0,1,0,0,-1.7322228924823173,0.7090359605136382,1.2,0
515,0,0,1,1,0,0,0,1,0,0,0,0,0,2,0,0,0,0,0,1,1.2490238041541046,0.000687775875492902,0.9518649323724725,1
516,2,0,2,0,1,1,1,1,0,0,0,1,0,0,1,0,0,0,0,2,1.508972629270067,0.9106971968256097,1.2,0
517,0,0,0,1,1,1,1,1,0,1,0,0,0,1,1,1,1,0,0,1,0.11385836696558548,1.9213825503295845,1.2,0
518,1,1,1,0,0,0,2,1,0,1,0,0,0,1,1,0,1,0,1,1,-1.6680339085445426,-0.730690269685466,1.2,0
519,2,0,0,0,1,1,0,2,0,0,0,0,0,1,0,0,0,1,0,0,-0.29133446040901967,-0.7864865797846946,1.2,0
520,1,0,0,1,1,2,1,1,0,1,0,0,0,0,2,2,0,1,0,0,1.0047543360531226,2.182965521607226,1.2,0
521,1,0,0,1,1,1,1,1,0,0,0,0,0,1,1,0,0,0,1,1,1.5271417225045232,1.0556245400143447,1.2,0
522,0,0,0,1,1,1,1,1,0,0,0,0,0,1,1,1,0,1,1,1,1.6007690350023682,0.47025855315088183,1.2,0
523,0,0,0,0,1,1,2,1,0,0,1,0,0,2,0,2,1,1,0,1,-0.5824799569769753,-0.5164554765429425,1.2,0
524,1,0,1,1,0,1,1,0,0,0,0,0,0,0,1,0,0,1,0,1,-1.7837062494279516,-1.1701152225181948,0.22774637282228855,1
525,0,0,1,0,1,2,2,0,0,0,0,0,0,1,1,2,1,0,1,0,-0.3327127331481741,-0.09651986319677074,1.2,0
526,0,0,0,1,1,1,0,1,2,1,0,1,0,1,0,2,1,1,0,0,-0.0728856561497269,0.8681029392470585,1.2,0
527,2,0,0,1,0,1,0,2,0,0,1,0,0,0,1,1,1,0,0,1,-0.2549407311271646,-0.8957842191987224,1.2,0
528,1,0,0,1,0,1,1,0,0,2,1,0,0,1,1,1,1,0,0,0,-2.2572351223270433,-0.6305387560271885,1.2,0
529,1,0,1,2,0,0,2,1,0,0,0,0,0,0,1,1,0,1,1,1,-0.41510060732203463,-0.04988255000342545,1.2,0
530,1,1,1,1,0,1,1,1,0,1,0,0,0,0,1,2,1,0,2,1,-1.222603759263545,-0.612981046573628,1.2,0
531,0,0,0,1,1,0,1,1,0,0,1,0,0,0,1,0,0,0,0,1,-0.09153025986154296,0.2873556329680139,1.2,0
532,1,1,0,2,1,1,2,2,0,1,1,0,0,0,1,1,0,0,0,0,-1.7276713132830563,-0.277957044157886,1.2,0
533,0,1,0,1,2,0,0,2,0,0,0,1,0,1,2,1,1,0,1,1,1.6396722969015534,2.7962119135348495,0.62516060722434,1
534,0,1,1,1,0,0,2,0,0,2,0,0,0,0,1,0,0,0,0,0,1.1306139198710874,0.9777914457410775,1.2,0
535,1,0,0,1,1,0,0,1,0,0,0,0,0,0,1,0,0,1,1,1,-0.3958820660050863,1.6793563088584205,1.2,0
536,1,0,1,0,2,1,1,0,0,0,2,0,0,1,1,2,0,0,0,2,-1.1661864709828922,-1.2728261692403848,1.2,0
537,2,0,0,0,0,0,0,1,0,0,1,0,0,2,1,1,1,1,2,0,-0.6716096701293013,-0.896315430303513,1.2,0
538,2,1,1,2,1,0,2,1,0,0,1,0,0,0,1,2,1,1,1,1,0.4492339952894867,0.9640069894530844,1.2,0
539,2,0,0,1,0,1,1,1,0,0,0,0,0,0,0,0,0,0,0,1,-0.7661251954417022,0.31944430618185493,1.2,0
540,1,0,1,1,0,1,1,1,1,1,1,0,0,0,2,2,0,1,0,0,-0.7530344934931812,-0.33548284143045504,1.2,0
541,0,0,1,0,1,2,0,2,0,1,2,0,0,1,0,0,0,1,1,0,-0.3300828708005307,0.5021344447955133,1.2,0
542,2,1,1,2,0,1,0,2,1,0,0,1,0,0,1,2,1,0,0,1,-0.847880384672392,0.023490383975546703,1.2,0
543,0,2,0,1,1,1,0,1,0,1,0,0,1,1,0,2,1,1,0,1,-1.1806089449715576,1.3318573454233391,1.2,0
544,0,0,1,0,0,1,1,1,0,1,0,0,0,2,1,1,0,1,1,1,1.3045589600166345,0.8068937766997454,1.2,0
545,0,0,1,0,2,1,0,2,0,1,2,0,1,1,2,1,1,1,1,0,-0.3664611887756871,-0.6780654764723666,1.2,0
546,2,0,2,0,1,1,0,0,0,2,0,1,1,1,1,0,0,0,0,1,-0.005076392559922034,0.07675461941928646,1.2,0
547,1,1,1,1,1,2,0,0,0,0,0,1,0,2,0,1,0,1,0,0,0.19027120375363799,-0.426693406313455,1.2,0
548,1,1,1,0,1,1,0,2,0,1,0,0,0,0,1,1,0,0,0,1,1.0344918972042094,2.4793319464089127,1.2,0
549,1,2,1,1,1,2,1,0,0,1,0,0,1,0,2,1,0,1,0,2,1.4048007311908022,2.6485303900923878,1.2,0
550,2,1,1,2,0,1,2,0,0,0,0,1,0,1,2,1,0,1,1,0,0.0952162415922858,0.02843838305568805,1.2,0
551,1,0,0,1,1,1,0,2,0,0,1,0,0,0,1,1,1,1,0,0,-0.30860757311725184,-0.5016548244382474,1.2,0
552,1,0,2,0,0,2,1,1,0,0,0,0,0,0,0,0,0,2,1,1,0.95382182655474,-1.6294576502731057,1.2,0
553,2,0,2,2,0,1,1,2,0,0,0,0,0,0,2,1,0,0,0,1,0.08036745749780372,1.068200078598473,1.2,0
554,1,1,0,0,0,0,2,0,0,1,1,0,0,1,2,2,0,1,0,0,1.690518120677994,-0.45385073055532743,1.2,0
555,0,0,0,0,1,2,2,1,0,0,0,0,0,1,2,0,0,0,0,1,0.3497844058353983,-1.0799764822065658,1.2,0
556,1,1,1,2,0,1,2,1,0,0,1,0,1,1,0,1,1,1,0,2,1.2358009465912576,0.5454385267226605,1.2,0
557,0,0,0,1,1,2,1,1,0,0,0,0,0,2,2,1,0,0,0,0,0.5399932342938634,0.06949773606718856,1.2,0
558,0,1,1,1,0,1,1,0,0,1,0,0,0,1,0,1,0,0,0,1,-0.490739225112127,0.08287478594942499,1.2,0
559,1,0,0,1,0,0,2,0,0,0,0,0,0,1,2,1,0,0,1,1,1.3468214980320616,-0.7676247890122141,1.2,0
560,1,1,0,0,1,0,1,1,0,0,1,1,1,1,0,1,0,2,0,0,2.1155299533325866,0.0115485631063732,1.2,0
561,1,0,2,0,0,1,0,0,1,0,0,0,0,2,1,1,1,0,0,0,-1.17409730538629,0.7640400469852672,1.2,0
562,0,1,0,0,1,2,0,0,0,2,0,0,0,1,0,0,0,0,2,1,-1.345757265854146,-0.03891618220314849,1.2,0
563,0,0,2,0,0,1,1,1,0,0,2,0,0,0,0,1,1,1,0,1,0.4397488197575011,-0.8686074195171384,1.2,0
564,0,0,0,1,2,1,2,1,0,1,1,0,0,0,1,1,0,1,0,1,-0.16637363227635504,-0.5305816316817904,1.2,0
565,1,0,2,2,1,1,0,1,0,1,0,0,0,1,1,1,0,1,0,1,-0.42161878152583665,-0.5818595569259998,1.2,0
566,1,1,1,2,0,0,1,1,0,0,0,0,1,1,1,1,0,0,0,1,-0.051966589569227825,0.8397407101179888,1.2,0
567,0,1,0,2,0,1,2,0,0,0,1,0,0,0,1,0,0,1,0,1,-0.40612265586094004,-2.029801962922993,1.2,0
568,1,0,1,1,1,0,1,1,0,0,0,0,0,2,2,1,1,0,0,0,-0.31361354549749004,0.18718369967697696,1.2,0
569,2,1,0,1,1,1,0,2,0,0,1,0,0,1,1,0,1,2,1,2,-0.5786427108100324,-0.30909062031483514,1.2,0
570,1,0,0,2,1,0,1,1,1,1,0,0,0,1,0,0,0,0,1,1,0.11419804787751096,1.2951166587777303,1.2,0
571,1,0,1,2,1,1,2,2,0,2,0,0,0,1,1,1,0,2,1,2,-1.610732192080488,0.10530405552605311,1.2,0
572,0,1,0,1,0,0,1,1,1,1,1,0,0,0,0,0,1,0,0,2,0.6755411899125153,-0.46033683886161514,1.2,0
573,1,1,1,0,0,0,0,0,0,1,0,0,0,0,2,0,0,1,0,1,0.7236586185661908,0.20808634250152525,0.16271986704952535,1
574,0,0,1,2,1,1,1,0,0,1,1,1,0,0,0,0,1,1,0,0,3.2934919203574893,0.4815333705491802,1.2,0
575,1,1,0,1,1,0,1,2,0,1,0,0,0,0,1,1,0,0,2,0,1.4170471434889014,0.7052091425588627,1.2,0
576,0,0,1,1,0,0,0,1,0,1,1,1,0,0,0,0,0,0,0,0,1.479506076883876,-0.03207487869112724,1.2,0
577,0,1,2,1,2,2,1,0,0,1,1,0,1,0,1,0,1,2,0,0,0.36680763213272577,1.7672343757786948,1.2,0
578,0,0,0,0,2,0,0,0,0,1,1,0,0,0,0,1,1,2,0,1,-1.5907517983699417,-1.6974880212799393,1.2,0
579,2,1,1,0,0,2,2,0,0,0,0,0,0,1,2,0,0,1,0,0,-0.24883004696014727,-0.5980271867280019,1.2,0
580,1,0,0,1,1,2,0,1,1,1,0,0,0,1,1,0,0,1,1,1,-0.7764150452070177,-0.07127791544638182,1.2,0
581,1,0,1,1,1,0,0,0,0,0,0,0,1,0,1,1,1,2,0,0,1.0207186519909277,2.1692779694658446,1.2,0
582,1,1,2,1,0,2,1,1,0,0,0,0,0,0,1,1,0,2,1,1,-1.3759845587943569,-0.6069565905238682,1.2,0
583,1,0,2,0,0,0,1,1,0,1,0,0,0,1,2,0,0,2,1,0,2.6617303158782097,0.20384179007462278,1.2,0
584,0,0,0,1,0,2,0,1,0,0,0,0,0,1,1,0,0,0,1,2,0.10029899771184612,-0.09551572538148723,1.2,0
585,0,0,0,0,1,0,0,0,0,0,0,0,0,1,0,1,0,1,0,1,-0.6242686862500563,-0.2707243234575525,1.2,0
586,2,0,0,1,0,1,1,1,0,1,1,0,0,0,1,1,0,1,1,0,0.9071829874695279,0.14758899700050226,1.2,0
587,2,0,1,2,2,2,2,0,1,0,0,1,0,1,1,0,0,0,1,2,-1.0931263880115583,0.9162664305791305,1.2,0
588,0,0,1,1,0,1,0,0,0,1,0,1,0,2,1,0,0,2,0,1,-1.5152046633370704,1.0328614461610661,1.2,0
589,1,1,1,2,1,1,0,1,0,1,2,0,0,0,2,0,0,0,0,1,0.40433197302054513,0.05605389533198739,1.2,0
590,2,0,1,0,0,1,2,1,0,0,0,0,0,1,1,2,0,0,2,1,0.5998548481422905,-0.1760775156703499,1.2,0
591,1,0,0,0,0,2,2,1,0,0,0,1,1,1,1,0,1,2,0,1,-0.22330122832994373,-0.10605894444279845,1.2,0
592,2,0,0,0,0,1,1,1,0,1,0,0,0,0,1,1,1,0,0,0,0.16841000205344683,0.27721440364106836,1.2,0
593,1,0,1,0,2,0,2,2,0,1,1,0,0,1,2,1,0,1,0,0,1.3642152845952182,0.6315576045576066,0.4091796953390963,1
594,1,0,0,0,0,1,1,0,0,0,2,0,0,2,1,0,1,2,0,0,-0.9533533108765732,-0.971346287475201,1.2,0
595,0,0,2,0,1,1,0,2,0,0,0,0,0,0,1,1,0,1,0,0,-0.14413140506692443,0.5510391504801458,1.2,0
596,0,1,1,2,1,1,2,0,0,1,0,0,0,1,1,1,0,0,0,2,0.5383662065376069,2.846836717323169,1.2,0
597,0,1,1,0,1,1,1,0,0,1,1,0,0,1,1,1,1,1,0,0,0.2218334119627795,0.5641408546093547,1.2,0
598,1,1,1,0,1,2,1,1,0,0,1,0,0,0,1,1,1,1,0,2,0.19440771893816758,-0.6167672715167019,1.2,0
599,1,0,1,1,0,1,0,1,0,2,0,0,0,0,1,0,0,1,0,0,0.08826944681631557,0.08174507660497277,1.2,0
600,1,0,0,1,2,0,0,2,0,0,1,0,0,2,2,1,1,0,0,2,0.2980157235992299,1.757516227430196,1.2,0
601,2,0,0,0,0,2,1,1,0,1,1,0,0,1,2,1,1,0,0,2,-0.6763535672294244,-0.48623956822574455,1.2,0
602,1,0,0,1,0,1,0,0,0,0,0,0,0,0,1,1,1,2,0,0,1.0017680580106292,0.17301846332129522,0.8651352406776357,1
603,0,0,0,0,0,0,1,2,0,1,0,1,0,1,2,0,1,1,0,2,0.8308085480020961,-0.22263706428216495,1.2,0
604,1,0,0,0,0,2,2,0,0,0,1,1,0,1,2,0,0,0,0,0,-0.7430293494654234,0.033192691442046396,1.2,0
605,0,0,0,0,1,2,1,1,0,0,1,0,0,0,1,1,1,1,0,1,-0.7509389706704037,0.21850985815051804,1.2,0
606,1,1,1,1,1,0,2,0,0,0,2,1,0,0,1,1,0,0,0,0,-0.30532201911125906,-0.8958582471505052,1.2,0
607,2,1,0,1,1,0,1,2,0,1,0,0,0,0,1,1,0,2,0,1,-0.7008702541772781,-0.7612873202841304,1.2,0
608,2,0,0,0,1,0,1,1,0,0,1,0,0,0,2,0,1,0,0,1,-0.5152522417642463,-1.9481798234187355,1.2,0
609,1,1,1,2,0,0,1,1,0,0,1,1,0,1,1,1,1,1,0,0,-0.5799289934456937,0.6515992543628794,1.2,0
610,1,0,1,0,2,1,1,1,0,0,0,0,0,1,0,1,0,1,0,1,-0.6607379953421506,-0.05790729814872555,1.2,0
611,1,0,1,2,0,0,2,1,0,0,0,1,0,1,1,1,1,1,0,0,-0.28974780011421847,-0.5584990587295191,1.2,0
612,0,1,0,0,0,2,1,1,0,1,0,0,0,0,1,1,0,0,1,1,0.7794568820874244,-0.6447781670264533,1.2,0
613,1,1,0,0,2,1,2,1,0,1,0,1,0,1,1,0,0,2,0,1,-0.18252721412340042,-2.3141073937211685,1.2,0
614,0,0,1,0,1,1,1,1,0,0,0,1,0,0,2,1,0,0,0,0,1.9149887870777782,1.574050537311336,1.2,0
615,1,0,1,0,2,1,2,2,0,1,0,0,0,1,0,0,1,0,0,0,-1.0260610639756622,-0.4182092159848066,1.2,0
616,0,0,1,0,0,1,0,1,0,1,1,0,0,1,1,2,0,0,1,1,-0.8960638199140961,-0.2919312207070469,1.2,0
617,0,1,0,0,0,2,1,1,0,0,0,1,0,1,2,2,0,1,0,1,-0.14356851274147608,0.6908893659971083,1.2,0
618,1,1,1,0,2,0,1,1,1,0,0,0,0,1,1,0,0,0,1,0,-1.9942337724409653,-0.39252834615052473,1.2,0
619,0,0,1,1,2,0,0,0,0,1,1,0,1,1,2,2,0,0,0,0,0.880327878275539,1.8719139296312268,0.6823026012448408,1
620,0,1,1,1,2,2,1,0,1,0,1,0,0,1,2,2,0,2,0,2,-0.8035748512439913,0.9156497629532134,1.2,0
621,2,0,2,0,0,2,2,0,0,0,0,0,0,0,1,1,1,1,2,1,-1.9774386654598188,-1.0805776811401946,1.2,0
622,1,0,0,1,1,1,0,2,0,0,1,0,0,0,0,1,0,1,0,0,0.656939792934614,-1.055237391948638,1.2,0
623,1,0,0,1,1,1,2,0,0,1,1,0,0,2,2,1,0,2,1,1,0.9785641543767595,-0.9752653662745672,1.2,0
624,0,2,1,1,1,0,0,0,0,2,2,0,0,0,0,1,1,1,0,1,1.2693567994027268,0.0250716902388457,1.2,0
625,0,0,1,0,1,1,2,1,0,0,0,0,0,2,1,0,1,1,1,1,0.24608928577930406,0.6612200426557311,1.2,0
626,2,1,1,1,0,1,2,1,0,0,1,0,0,0,1,0,0,1,1,1,-1.6622645083026586,-2.3159725018885995,0.49325124466307485,1
627,0,0,0,1,1,0,2,1,1,0,0,1,0,1,1,2,0,2,0,2,0.34380985129894087,-0.5383789139389875,1.2,0
628,2,1,1,0,0,1,1,1,0,0,1,0,0,0,2,0,0,1,0,2,0.5982200116786002,-1.0319285678164625,0.9493790771366578,1
629,1,1,0,2,2,0,1,2,0,0,1,0,0,0,0,2,0,1,0,0,0.16495624389305225,0.6936978626243295,1.2,0
630,1,0,1,0,1,2,0,0,0,0,2,1,0,2,0,2,0,1,0,0,1.5621076835882317,0.2249758331750423,1.2,0
631,1,0,0,2,2,0,1,0,0,1,0,0,0,1,1,1,0,1,1,1,-1.0430363209692501,0.41268557763420577,1.2,0
632,1,1,1,1,0,2,0,0,0,1,1,0,0,1,1,1,0,0,0,2,-0.7669647512569,0.24553169016846832,1.2,0
633,1,0,0,0,1,2,2,0,0,0,0,0,0,0,1,2,1,0,0,1,1.6296041703586666,-0.26347581528839675,0.7609499663503816,1
634,1,0,1,0,0,1,1,1,0,0,1,0,0,1,0,0,0,2,2,0,-0.0881661369380391,-0.6175417803457444,1.2,0
635,2,1,1,1,1,0,0,1,0,1,1,0,0,1,1,2,0,1,1,0,0.15749713273125485,-0.37733102853487865,1.2,0
636,0,1,0,0,0,1,2,1,0,0,0,0,0,2,2,1,1,0,0,1,0.5951156519046468,-0.49092091523808695,1.2,0
637,1,0,1,1,2,1,2,1,0,1,0,0,0,0,1,1,0,0,0,1,1.4687927824050726,1.9121982974868266,1.2,0
638,0,0,1,0,1,0,1,1,0,0,1,0,0,0,1,0,0,1,1,1,-0.6381403824243791,-0.8321423207095723,1.2,0
639,1,0,0,1,1,1,1,0,0,0,0,0,0,1,0,2,0,1,1,1,1.2819590673077739,1.1514380416534806,1.2,0
640,0,1,1,1,0,1,1,1,0,1,1,0,0,1,1,2,0,0,0,2,-0.12927237300248398,-0.18794259035132654,1.2,0
641,1,0,0,2,1,0,2,1,0,1,0,0,0,0,2,1,0,2,0,0,-1.7932698440642123,0.9992656202551411,1.2,0
642,1,0,1,1,1,0,0,0,0,0,0,0,0,1,0,0,0,0,1,1,0.3367876059573574,-0.09793383200500964,1.2,0
643,1,1,1,1,1,0,1,1,1,0,1,0,0,1,1,0,0,1,0,1,-0.12300234130956837,-1.296768321295013,1.2,0
644,2,0,0,2,1,1,1,1,1,0,1,0,0,1,1,0,0,0,0,1,-2.5676537751257245,-1.8182472609089906,1.2,0
645,0,0,1,1,2,1,1,1,0,1,1,0,0,1,1,1,0,0,1,1,-0.632137856147226,-0.5315553871257143,1.2,0
646,1,0,2,1,2,0,2,0,0,0,1,0,0,0,0,0,1,1,0,1,-1.8882466400010633,0.71450894351707,1.2,0
647,0,0,0,1,1,1,0,0,0,1,0,0,0,0,0,1,0,0,0,0,1.5914324956058727,0.39609643334902733,1.2,0
648,0,0,1,1,1,2,1,1,0,0,0,0,1,1,0,1,0,1,0,1,0.12617201817115484,0.05615718682584192,1.2,0
649,0,1,0,0,0,1,2,1,0,0,1,0,0,2,1,0,1,0,0,1,-2.265921970189384,-2.411795374794629,1.2,0
650,2,0,1,2,1,1,1,1,0,0,0,0,0,1,1,1,1,1,0,0,-0.9120280377055436,1.0892683193346895,1.2,0
651,1,0,1,0,0,0,2,2,0,0,1,0,0,1,1,1,1,2,0,1,-1.252461277713545,0.1005478696002613,1.2,0
652,1,0,1,1,0,1,1,1,0,1,1,0,0,1,0,0,0,0,0,0,-0.5275949778064147,-1.447061959891037,1.2,0
653,1,0,1,2,0,0,0,1,0,0,1,1,0,1,1,1,0,2,1,1,-1.7652772088377662,-1.0746064784167246,1.2,0
654,0,1,1,1,0,2,1,1,0,0,0,0,0,1,2,1,0,0,0,2,-0.06600263971900097,-0.37294062754393864,1.2,0
655,1,0,1,0,1,0,1,2,0,1,0,0,0,2,0,1,0,2,0,1,1.2876220650109778,0.8739566603004432,1.2,0
656,0,0,0,1,0,0,0,2,0,1,1,0,0,2,1,0,0,0,0,1,0.9466709083710171,-0.890491553228545,1.2,0
657,2,0,1,0,1,0,1,0,1,0,0,0,0,0,1,0,1,1,0,2,-0.38233895409773677,-0.3695499512112629,1.2,0
658,1,0,1,1,1,0,0,0,0,0,1,0,0,1,1,0,1,2,1,1,-1.077133601018337,-0.47420272914343686,1.2,0
659,2,1,1,1,1,1,1,2,1,0,0,0,0,1,1,1,0,1,0,1,-0.00032165827514630803,-0.09162385945054066,1.2,0
660,1,0,2,1,0,0,1,1,0,0,0,1,0,1,1,0,0,0,1,1,-0.1049931359595541,-0.40732155954602867,1.2,0
661,1,0,0,1,2,1,1,2,0,0,0,1,1,1,1,0,0,1,1,1,-1.5460794955892987,-1.959569532275373,1.2,0
662,1,0,0,0,1,1,0,1,0,0,0,0,0,1,2,0,1,2,1,0,-1.0925099580927895,0.8068226174990922,1.2,0
663,1,0,1,1,1,1,0,1,0,1,0,0,0,0,1,1,1,1,1,0,0.6348087487967162,0.04274042186661986,1.2,0
664,1,1,0,1,0,0,2,1,0,1,0,0,0,1,0,0,1,1,0,2,-0.45986857308073575,-0.6147912305052871,1.2,0
665,0,0,1,1,0,2,1,0,0,1,1,0,1,1,0,2,1,0,0,0,-0.5636176587699784,0.7303091768863945,1.2,0
666,1,0,0,0,2,2,1,2,0,0,1,0,1,1,1,1,1,1,0,1,0.32548206226081056,1.32016615735656,1.2,0
667,2,1,0,0,0,0,1,1,0,1,0,0,1,1,0,0,0,1,0,0,-1.717240031078661,-1.4923170390680842,1.2,0
668,1,0,0,1,1,2,1,1,0,0,0,0,0,1,0,1,1,2,0,0,-0.04426267660907269,0.4257917477041174,1.2,0
669,1,0,2,1,1,2,0,0,0,1,0,0,0,1,0,2,0,1,0,0,-0.313184157986852,1.0889892912982304,1.2,0
670,1,0,0,1,1,1,1,0,1,1,0,0,0,1,1,1,0,0,1,1,-0.763285022326743,0.3298957444457573,1.2,0
671,1,0,1,1,0,0,0,1,0,0,1,0,0,1,1,2,0,0,0,0,-0.7098722658044531,-0.8765106658007814,1.2,0
672,1,0,0,2,1,1,2,1,0,0,0,0,0,0,2,1,1,1,0,1,-0.09585681480370695,-0.7527369376981152,1.2,0
673,1,2,0,0,0,1,1,1,0,1,0,0,0,0,2,2,1,2,0,1,-0.043512461467785646,1.4961221922037269,1.2,0
674,1,0,1,2,0,1,1,2,0,1,1,0,0,0,1,1,0,1,0,0,-1.6464289868391984,0.09812461590335597,1.2,0
675,1,1,1,1,0,1,1,1,0,0,0,1,0,1,1,0,0,1,0,0,-0.4254015480979536,0.3751076786837968,1.2,0
676,1,0,2,1,0,0,1,0,0,1,0,0,0,0,1,1,1,1,1,1,-1.148868982417102,-0.6407196346507522,1.2,0
677,1,0,0,1,1,1,1,2,0,0,0,0,0,1,1,2,1,1,0,2,0.05407060713819399,0.19540394052858623,1.2,0
678,1,0,0,0,0,2,1,0,0,1,1,0,0,2,2,1,0,1,0,0,-0.06595070773989418,-1.865855563224181,1.2,0
679,0,0,0,0,1,1,0,1,0,1,0,0,0,1,1,1,0,1,0,0,-1.3935189376921853,0.6130628310401559,1.2,0
680,0,0,1,1,1,0,1,0,0,0,1,0,0,0,1,2,0,0,0,0,-0.5585375373110335,1.0834374977682657,1.2,0
681,0,1,0,0,1,0,0,2,0,1,0,0,0,1,2,0,0,1,0,0,-0.06296695795781138,0.9151987376440505,1.2,0
682,1,1,0,0,1,1,0,1,0,0,0,0,0,2,0,0,0,1,0,0,0.8162132948295957,0.3718163305053776,1.2,0
683,0,0,1,1,0,0,0,0,0,0,1,1,0,0,1,1,1,0,1,1,0.11829497911732384,-0.7489996109534532,1.2,0
684,1,1,2,1,0,1,1,0,0,1,1,0,0,0,1,0,1,1,1,1,-0.8362090912923793,-1.4024971308688856,1.2,0
685,1,0,0,2,0,0,1,0,0,0,0,0,0,0,2,2,0,0,0,1,0.7396469077995126,-1.0460857903619107,1.2,0
686,2,1,1,1,0,1,2,0,0,0,0,0,1,1,1,0,1,1,0,0,-2.1617116583908516,-0.0006325492150934808,1.2,0
687,0,1,0,2,2,1,2,2,1,2,0,0,0,1,2,1,0,0,0,0,0.4669555444817657,1.2722313017268254,1.2,0
688,1,0,1,0,0,1,1,0,0,0,0,0,0,1,0,1,0,1,0,0,-0.14804702348324772,0.3713852422421873,1.2,0
689,1,0,1,1,0,1,0,0,0,0,0,1,0,0,2,1,0,2,1,1,0.31110204544745285,-1.7444500756872112,1.2,0
690,1,1,1,1,0,1,0,1,0,0,0,0,0,0,2,1,0,0,0,1,0.03190875359218924,0.6203898945153506,1.2,0
691,1,0,0,0,0,0,2,1,0,0,0,0,0,0,1,1,1,0,0,1,-0.497261164251735,0.2750702561065306,1.2,0
692,0,1,2,0,0,1,1,1,0,0,1,0,0,1,0,2,1,1,0,2,0.004065130550570871,-0.01712432214768049,1.2,0
693,0,0,2,0,0,2,1,1,0,1,1,0,0,0,0,2,1,0,0,1,0.04015324303787656,-1.1569053426323652,1.2,0
694,1,1,0,1,1,0,2,1,0,0,1,0,0,1,2,1,2,0,1,1,-0.6618570481157543,-2.289889089812894,1.2,0
695,1,0,1,0,1,1,0,2,0,0,0,0,0,1,1,1,0,1,1,1,-1.3087929763485606,1.6786529863536208,1.2,0
696,1,0,1,0,1,1,2,1,0,0,1,0,0,1,1,0,1,2,2,0,1.0238748667020816,0.8908595744590349,1.2,0
697,1,0,1,1,0,1,2,1,0,0,1,1,1,0,2,0,0,1,1,0,1.206578897616049,0.8413303790056571,1.2,0
698,2,0,1,1,0,0,2,0,0,0,1,0,0,2,1,1,0,1,0,0,0.8481827939193817,-1.2077945253684628,1.2,0
699,1,1,1,2,0,1,1,1,0,0,1,0,0,0,1,1,1,1,0,2,0.2674980095675128,-0.6071021309581978,1.2,0
700,1,0,1,2,1,1,0,1,0,0,0,0,0,2,2,1,0,1,0,1,-0.5036523828628341,-0.2473800950947327,1.2,0
701,1,0,0,0,1,1,0,1,0,0,1,0,1,0,1,0,0,0,1,2,-0.399210716556347,-0.5872267104087827,1.2,0
702,1,1,0,1,0,1,0,1,0,0,1,0,0,1,2,0,0,0,0,1,-0.9483704824139706,-0.5875990207821931,1.2,0
703,2,0,1,0,1,1,0,2,0,0,0,1,0,2,0,2,1,1,1,2,0.9991967927309165,2.200294836726189,1.2,0
704,1,1,1,1,1,2,2,0,0,0,2,1,0,1,2,0,0,2,0,0,-0.8391838489519339,-1.1832190124742497,1.2,0
705,2,0,1,1,0,2,2,0,0,1,1,0,0,1,2,1,0,1,0,0,-0.43551021516937477,0.3400300496284963,1.1436911046331693,1
706,1,0,0,1,1,1,2,0,1,0,0,0,0,2,1,0,0,1,1,0,-1.5252421112622465,-1.637237843819564,1.2,0
707,0,1,1,1,1,0,1,0,0,0,0,0,0,2,2,1,0,1,1,2,-0.1247040000403333,0.027398652729177332,1.2,0
708,2,0,0,0,0,0,1,0,0,0,1,1,1,0,1,0,0,0,0,0,-1.3865040167162157,-1.5513266601635152,1.2,0
709,1,1,0,1,1,1,1,0,0,0,0,0,0,1,1,1,1,0,0,1,-1.2138525905604083,0.6379318427332509,1.2,0
710,2,0,1,1,0,2,2,2,0,0,1,0,0,1,1,1,0,1,0,0,-1.2489918048348656,-0.5875969964868722,1.2,0
711,1,0,1,1,0,1,1,0,0,0,0,0,0,1,1,1,0,2,0,1,1.3740690428483826,0.07793586626777266,1.2,0
712,1,0,1,1,0,2,1,2,0,1,0,0,0,0,2,1,0,1,0,1,-0.12723114553880263,-1.517716837417146,1.2,0
713,0,1,0,0,0,2,1,0,0,0,0,0,1,1,1,0,1,0,0,1,1.3032351281632353,1.111362365283894,1.2,0
714,2,0,2,1,1,1,0,0,0,0,0,0,0,2,1,0,0,2,2,0,1.582919660461621,0.6454420159484099,1.2,0
715,1,1,0,1,1,2,1,0,0,0,0,0,0,1,1,0,2,0,0,1,0.9267121623426842,0.24042384996526903,1.2,0
716,1,0,0,0,1,0,1,1,0,0,0,0,0,1,0,1,0,0,0,0,0.47610656113645533,-0.45826052856338984,1.2,0
717,0,0,1,0,2,1,2,0,0,1,1,0,1,2,0,0,0,0,1,0,-0.7349479577270128,-1.1688474544872949,1.2,0
718,1,0,2,0,1,0,2,1,0,0,0,0,0,0,1,1,0,1,0,2,-0.8405092791304635,0.4402647086051321,1.2,0
719,1,0,1,0,1,2,1,1,0,1,1,0,0,0,1,2,1,1,1,1,-0.8091119641591776,0.06680723271348227,1.2,0
720,1,0,1,1,1,0,2,1,0,0,0,0,0,1,1,0,0,1,0,1,-0.8195771285827544,-2.7556427959924843,1.2,0
721,0,0,0,1,2,2,1,1,0,0,2,0,0,1,0,0,1,2,0,1,0.7669232932849493,-1.114641229734891,1.2,0
722,0,0,2,2,0,1,1,1,0,1,1,1,0,1,1,2,0,1,0,0,0.6718872256008434,0.25848775953567793,1.2,0
723,0,2,1,2,0,1,1,0,0,0,0,0,0,0,2,1,1,2,0,2,-2.656261132146872,-1.0913492789089987,1.2,0
724,0,0,1,1,0,2,1,2,1,0,0,0,0,2,2,1,0,1,1,0,2.132147930860068,0.7622845261722343,1.2,0
725,1,0,1,0,0,1,0,1,0,0,0,1,0,1,1,2,0,0,0,1,-0.17517774380676038,0.9065188737913826,1.2,0
726,1,1,2,2,1,2,0,1,0,1,1,0,0,0,1,0,0,0,1,1,0.2908394675108643,0.8216781760340355,1.2,0
727,0,1,1,1,0,1,1,1,0,0,1,1,0,0,1,0,0,1,1,1,0.8396200908786766,-0.24092276166274335,1.2,0
728,2,0,2,0,1,1,1,0,0,0,0,0,0,0,1,1,0,0,0,1,-0.2539351700627737,-1.0998790622893526,1.2,0
729,1,0,1,2,2,1,1,1,0,1,0,0,1,0,2,2,0,0,1,0,-0.2237135742811743,2.0467250495095364,1.2,0
730,1,0,0,1,1,1,0,2,0,0,0,0,0,2,1,1,1,0,0,1,-0.24724839796527934,-0.00759941814527787,1.2,0
731,0,2,0,1,0,0,2,0,0,0,2,1,0,2,2,1,0,2,0,1,1.8392615235192338,-0.37032075657954044,1.2,0
732,1,1,1,2,2,1,0,1,1,0,1,0,0,2,1,1,0,1,0,0,-1.4718425697722517,0.16665667716206195,1.2,0
733,0,0,1,0,2,1,2,0,0,1,0,0,0,0,1,1,2,1,0,0,-0.4221281074251634,0.3000646218834532,1.2,0
734,0,0,1,0,1,1,1,1,1,0,0,0,0,1,0,1,1,0,0,1,0.8294057554514869,1.3783711365960234,1.2,0
735,0,1,1,0,1,0,0,2,0,0,1,0,0,0,1,2,2,0,0,1,-0.2935796005271748,0.6077786703934446,1.2,0
736,1,0,0,2,1,0,1,1,0,0,0,1,0,1,1,2,0,0,1,1,0.21235523122798317,-1.2422759260458505,1.2,0
737,1,0,0,1,0,1,1,1,0,1,0,0,0,0,2,1,0,1,0,1,-0.7725059139195195,0.1859540119421466,1.2,0
738,0,0,1,1,1,0,1,1,0,0,0,0,0,1,1,1,0,1,0,1,2.0520079312450368,0.5361389697293883,1.2,0
739,0,0,0,0,1,1,0,0,0,1,1,0,0,0,1,2,0,0,1,1,1.2526325123785313,0.45647885359865886,1.2,0
740,1,1,1,1,1,0,1,1,0,0,2,0,0,2,1,2,1,0,0,2,-1.481065213392203,-3.6285443934643204,1.2,0
741,1,0,2,1,1,1,1,1,0,0,1,0,0,0,1,0,0,0,0,2,-1.164613874740461,-0.68452216989478,1.2,0
742,0,0,0,1,1,2,1,0,0,0,0,0,0,1,1,0,2,0,0,1,-0.306151889547937,0.48246697730936816,1.2,0
743,1,0,1,1,1,1,1,0,0,1,0,0,0,0,0,1,1,1,0,1,0.08137442429225307,0.7793952181455623,1.2,0
744,0,1,0,1,0,0,2,1,0,0,1,0,0,2,1,0,1,0,1,0,0.026282315012316246,-1.4399232247357974,1.2,0
745,1,0,1,1,1,1,1,2,0,0,1,0,0,2,0,1,1,0,0,2,-2.045005129886915,-1.2914691233986162,1.2,0
746,0,0,2,1,2,0,1,0,0,0,0,0,1,0,1,1,1,1,0,0,0.23318808837841823,0.702304142393408,1.2,0
747,2,0,0,1,1,1,1,0,0,0,0,0,0,1,0,0,0,1,2,1,1.0305449282144987,-1.7309757477776924,1.2,0
748,1,0,2,2,1,0,1,2,0,0,1,0,0,0,2,0,0,1,0,1,-0.6217775323851009,1.1143415301001394,1.2,0
749,0,0,2,0,0,1,1,0,1,1,1,0,0,1,0,2,1,1,0,0,0.7426811211341717,0.6571857669931116,1.2,0
750,0,0,0,0,1,2,1,1,1,1,0,0,1,1,1,1,1,0,0,1,-0.6218958910177284,0.17168606211822574,1.2,0
751,1,0,0,2,1,1,0,1,0,0,0,1,0,0,1,0,0,2,1,1,-1.5417467028405714,-0.04266830991521264,1.2,0
752,1,1,1,2,0,1,1,1,0,1,2,0,0,0,1,0,0,0,0,0,0.6118402541888958,-0.5198821630384816,1.2,0
753,0,0,1,2,1,2,1,2,1,1,0,0,0,2,0,0,0,1,0,1,-1.0457919445694153,0.32595734081900407,1.2,0
754,0,1,0,2,1,1,1,2,0,1,0,1,0,0,1,1,1,0,1,0,-2.61277604755718,0.38014876187083246,1.2,0
755,1,0,0,2,1,1,1,2,0,2,2,0,0,0,0,2,0,1,1,0,-1.2751707706159532,-0.7240617330782946,1.2,0
756,1,0,0,1,2,1,1,1,0,0,1,0,0,2,0,1,0,1,1,1,-0.6865887483935111,-1.1233079249797149,1.2,0
757,0,0,0,0,0,0,1,0,0,2,1,0,0,1,1,0,1,2,1,1,2.5198786810062996,1.3735283059287786,1.2,0
758,0,0,1,1,1,0,1,1,0,0,1,0,1,2,1,0,0,0,0,0,-0.2300988556232029,-1.1872366456967178,1.2,0
759,0,0,1,0,2,1,2,1,0,0,1,0,0,1,0,0,2,1,0,1,1.414999592147852,-0.08092354854918135,1.2,0
760,0,1,0,1,1,0,2,0,0,0,1,0,0,1,2,0,0,1,0,0,0.0808955639465727,-1.0572779389366584,1.2,0
761,1,1,1,0,2,0,1,1,0,1,0,0,0,0,0,0,0,0,0,1,-0.10357206796424917,1.1438442875052726,1.2,0
762,0,0,0,0,1,1,1,0,0,1,0,0,0,2,0,1,0,1,0,0,-0.28501240445184267,0.5775644291598784,1.2,0
763,0,1,0,0,2,1,1,1,0,0,0,0,0,1,1,0,0,0,1,1,-0.08451141155032454,1.181100877351796,1.2,0
764,0,0,1,0,1,1,1,0,0,0,2,0,0,0,2,0,0,1,0,1,-0.4527841262658802,0.09120863501350973,1.2,0
765,1,0,1,0,0,2,2,1,0,0,0,0,0,1,0,1,0,2,0,0,-0.6764018536214742,0.5414270269364534,1.2,0
766,0,0,1,2,0,1,1,1,0,0,0,0,1,1,2,1,0,1,1,2,-2.4329739345050507,-1.8213706039728512,1.2,0
767,1,0,0,0,1,1,1,1,0,0,1,0,0,1,0,0,1,0,0,1,-0.7798332965346537,-1.9265246061812968,1.2,0
768,0,0,1,1,2,2,1,0,0,0,0,0,0,0,1,1,0,1,0,1,-1.2804848181712276,0.4039722571472985,1.2,0
769,0,0,0,0,2,1,1,2,0,2,0,1,0,1,1,1,0,0,0,1,-1.4512917028927566,-0.5634606798330433,0.919794947633787,1
770,1,0,0,0,1,1,1,0,0,1,1,0,0,2,1,1,0,1,0,1,1.9078935106846964,0.20157168529974762,1.2,0
771,2,0,1,1,1,1,0,0,0,0,2,0,0,0,1,0,0,1,0,1,-2.0817785151915387,0.48474551262213494,1.2,0
772,1,0,1,0,1,0,0,1,0,0,1,0,1,1,1,0,0,0,0,0,-0.367654929856598,-1.4688189564230718,1.2,0
773,0,0,0,0,2,1,0,0,0,0,0,0,0,1,1,0,0,0,0,2,1.754722020585516,1.433191350037247,1.2,0
774,0,1,1,0,1,2,1,1,0,0,0,0,0,1,1,1,0,0,1,1,-0.38404886588320264,0.9357181723464215,1.2,0
775,0,1,0,1,2,0,1,1,0,1,0,0,0,1,1,0,0,1,0,0,1.124085321452568,1.0027741503631207,1.2,0
776,2,0,1,0,1,1,0,1,0,1,0,0,0,2,2,0,0,0,1,1,0.8015165183943844,-0.45518551680895847,1.2,0
777,0,1,1,1,0,0,0,1,1,0,1,0,0,0,2,1,1,1,0,2,0.6947927224524184,-0.8811673207348978,1.2,0
778,0,0,0,2,0,2,2,2,1,1,0,0,0,0,1,2,0,1,0,1,-0.7712827359438982,-0.8066747340268344,1.2,0
779,1,0,1,0,0,1,0,0,1,1,0,1,0,0,0,0,0,0,0,1,1.3438289277914965,-1.5776968012304127,1.2,0
780,1,0,0,0,0,0,1,2,0,0,0,0,0,1,2,1,1,2,0,1,-0.6706357178331438,0.07831167555364377,1.2,0
781,1,0,2,1,1,0,2,0,0,0,0,0,0,1,2,1,0,1,1,1,-0.5309082560731335,-0.774319410814469,1.2,0
782,1,1,2,0,2,2,0,1,1,0,0,0,0,2,1,1,1,1,2,0,0.5504394285002753,0.08409648966111505,1.2,0
783,0,0,1,0,0,1,0,2,0,1,0,0,0,1,2,2,0,2,0,1,-0.764659822148043,0.3961495088350916,1.2,0
784,0,1,0,0,2,1,2,0,0,0,1,0,1,1,1,1,1,1,1,1,0.7833187454891284,0.23836701505444108,1.2,0
785,1,0,0,2,1,2,0,2,0,0,2,0,0,0,0,0,0,0,1,0,-0.21062019536064103,-1.0966974608026654,1.2,0
786,1,1,2,0,0,1,2,1,0,0,0,0,0,2,2,0,0,0,1,0,-0.07568699998901572,-1.763594488733668,1.2,0
787,1,0,2,1,2,0,1,1,0,1,1,0,0,0,1,0,1,0,0,0,0.11038824623109422,-0.28561772023346566,1.2,0
788,0,1,1,0,1,2,1,1,0,0,1,0,0,1,2,2,0,0,0,2,-0.2485624790042161,-0.8845569740233892,1.2,0
789,0,0,2,1,0,0,1,1,0,0,2,0,0,1,2,1,0,1,0,1,1.4850099707950057,-0.3305926386511708,1.2,0
790,2,1,1,1,1,1,0,1,0,1,0,0,0,1,1,1,0,1,0,0,-0.4131830250203934,1.0099778079940354,0.5929589737556716,1
791,1,1,0,1,1,0,2,0,0,0,1,1,0,1,0,0,1,1,0,1,-0.628329854609369,-1.0855178691503455,1.2,0
792,2,1,1,0,1,1,1,0,1,1,0,0,0,1,2,1,0,1,0,0,-2.0700222133729484,-1.7640975361841567,1.2,0
793,0,1,0,2,1,2,1,2,0,0,0,0,0,1,0,0,0,2,0,0,-0.0576244614904201,-0.03051335992841442,1.2,0
794,1,1,1,1,0,1,0,0,0,0,2,0,0,1,2,2,0,0,0,1,1.630150656758138,0.44337799559644886,1.2,0
795,0,0,1,2,0,1,0,1,0,1,1,1,0,1,1,0,0,0,0,1,0.38397600811761606,1.2124120580084141,1.2,0
796,2,0,1,0,0,1,1,1,0,1,0,0,0,0,1,2,0,1,0,2,-0.023609274577483515,-0.05288151739600069,1.2,0
797,1,0,1,0,0,2,1,1,0,1,0,0,0,1,1,1,0,1,1,0,-1.2150676737738448,0.8437129919302402,1.2,0
798,0,2,0,1,1,1,1,2,0,1,0,0,0,0,2,0,1,0,0,1,0.5071542747806503,0.46253080939637015,1.2,0
799,1,2,1,0,1,0,1,1,0,1,1,1,0,2,1,1,0,1,0,1,1.2479986208855847,1.0666054760091224,1.2,0
800,2,1,1,0,1,1,0,0,0,0,1,0,0,1,0,1,1,1,0,1,0.6784957642351404,0.21801261452529408,1.2,0
801,2,0,0,1,1,1,2,1,0,0,1,0,0,2,0,2,0,0,0,2,-0.5793689844378133,-0.17497063991014744,1.2,0
802,1,0,0,0,1,1,2,1,0,0,1,1,0,0,0,1,1,1,0,0,-0.05542886718917178,0.3560598340019896,1.2,0
803,1,0,0,0,1,1,2,2,0,0,0,0,1,1,2,1,1,1,0,1,-2.2436268912993347,-1.3215352372342415,1.2,0
804,2,0,2,0,1,1,2,1,0,1,1,0,0,1,1,1,1,1,1,0,-1.5952059799596974,-0.19848474712529757,1.2,0
805,0,0,1,1,0,2,2,1,2,0,0,0,0,1,0,0,0,1,0,0,0.77450501424783,0.8013218578096433,1.2,0
806,1,1,1,0,1,1,0,2,0,0,0,0,1,2,2,0,1,1,0,1,-1.0177008153223994,-0.4363695939796456,1.2,0
807,2,0,1,0,1,1,1,0,1,1,0,1,0,2,2,1,0,1,0,1,0.708097355646258,0.01802206226016803,1.2,0
808,1,0,1,0,2,1,1,1,0,0,0,0,0,0,0,1,1,1,1,1,-0.19210147781798267,-0.5391690957086697,1.2,0
809,1,0,2,1,1,1,2,2,0,0,1,0,1,1,1,0,1,1,0,0,-0.5158245497826883,-1.0493160206178744,1.2,0
810,0,0,0,1,1,1,1,1,0,0,1,0,0,1,1,2,1,0,0,1,-1.2243861926068096,-0.07452941985023576,1.2,0
811,1,1,2,1,1,1,0,1,0,1,1,0,1,2,1,1,0,0,0,1,0.1554821357601452,0.8168373416247955,1.2,0
812,1,0,0,1,0,1,0,1,0,0,0,0,0,1,1,0,1,0,0,0,2.3352168130128135,1.4041503950844623,1.2,0
813,2,1,1,0,1,2,1,0,0,0,0,0,0,0,2,2,0,0,0,0,-0.7103777327363247,-0.7503538409749765,1.2,0
814,1,0,0,2,1,1,2,2,0,0,1,0,0,1,2,0,0,1,0,0,-0.5458836343859133,-1.5975793961775455,1.2,0
815,1,0,1,0,0,2,1,2,0,1,1,1,0,1,0,1,1,2,0,1,-0.058540472747292856,0.06819041255815819,1.2,0
816,1,0,0,1,1,1,1,0,0,1,1,0,0,1,1,1,0,0,0,1,1.1210023986314552,-0.3815928452907823,1.2,0
817,1,0,0,2,1,1,1,1,1,0,1,1,0,1,2,1,0,0,1,1,1.428650397002726,0.8282947875246891,1.2,0
818,2,0,1,1,0,1,1,0,0,0,0,0,0,2,1,1,0,1,0,1,1.2699911466979428,-0.617947462355138,1.2,0
819,0,1,0,1,0,1,2,1,0,0,1,0,0,2,1,1,0,0,0,0,-0.5140260812070746,-0.7167231335547738,1.2,0
820,1,0,0,0,2,2,0,1,0,0,0,0,0,2,2,2,0,0,0,2,-1.1021976120260248,2.3736616924069387,1.2,0
821,2,1,1,1,2,0,2,2,1,0,0,1,0,0,0,1,1,1,0,1,-0.13777933154534772,0.05705223840601062,1.2,0
822,1,0,0,1,0,0,1,2,0,0,1,0,0,0,2,1,1,0,1,1,1.8618101138239909,0.7605825872945208,1.2,0
823,1,0,1,1,1,1,1,0,0,0,0,0,0,2,2,2,0,1,0,1,-0.4819480228883276,0.19745331576935202,1.2,0
824,2,1,0,0,1,0,0,1,0,0,0,1,0,0,1,1,0,0,0,1,-0.4296056202239831,-0.0767686268949975,1.2,0
825,2,1,0,1,1,0,1,0,0,0,0,0,0,1,1,2,0,2,0,2,-1.1674520519347502,0.38640199614642134,1.2,0
826,1,1,1,0,1,1,1,1,0,0,0,0,0,0,2,1,0,1,0,0,-0.821011429623441,-0.5033803790986732,1.2,0
827,0,1,0,0,0,1,2,1,0,0,0,0,0,1,2,1,0,0,0,1,-1.8550046529087216,-0.14641970142766447,1.2,0
828,1,0,1,0,1,2,2,1,0,0,0,0,0,0,1,0,0,0,0,2,0.6727448724510842,-0.18272726686138818,1.2,0
829,0,1,0,1,1,2,1,2,0,0,0,1,0,1,2,0,0,1,0,1,0.5117637566647859,0.6396629906945956,1.2,0
830,0,0,1,1,2,1,1,0,0,0,0,0,0,1,1,1,0,1,0,2,-0.4632468453797233,-0.3508212342150083,1.2,0
831,1,0,1,2,2,1,0,1,0,1,2,0,0,2,2,2,0,1,0,0,-0.125765885830877,2.5088096037525274,1.2,0
832,1,1,1,0,0,1,0,2,0,2,0,0,0,0,0,1,1,1,0,0,0.6795013392809772,0.3181378143628437,1.2,0
833,1,0,0,1,1,1,1,0,0,2,1,0,0,0,1,0,0,1,0,0,-0.9349519959145273,0.13772922516080605,1.2,0
834,1,0,0,1,1,1,2,2,0,1,1,0,1,2,1,1,0,2,0,0,0.07867399534797828,-0.8703900336712125,1.2,0
835,0,0,0,2,1,0,0,2,0,1,0,0,0,2,2,0,0,0,0,1,-0.33483889324258126,0.3853862833753316,0.5657060329428077,1
836,1,1,1,0,0,2,1,0,0,0,0,0,1,1,2,1,0,1,0,1,-0.12009068179116751,-0.0994739239510325,1.2,0
837,0,1,0,0,0,1,1,2,0,1,2,0,0,1,1,0,0,1,0,1,0.6914947092968402,0.08485181262589059,1.2,0
838,0,0,1,2,1,0,0,1,0,1,2,0,0,1,1,0,0,0,0,1,1.0494974748441843,-1.4405294586809771,1.2,0
839,1,0,2,0,1,0,2,2,0,0,0,1,1,1,0,1,1,1,0,1,-0.30396806169533014,0.021907153666720136,1.2,0
840,1,0,1,1,0,0,0,1,0,1,0,0,0,1,2,1,0,1,0,1,0.01891030751778453,-0.4141782777508948,1.2,0
841,0,0,1,1,0,2,1,1,0,1,1,0,0,1,2,0,1,0,0,0,-1.1945790079536869,0.5147111476770264,1.2,0
842,1,0,1,0,1,2,0,2,1,0,1,1,0,2,2,1,0,1,0,1,0.8473479142127228,-0.11089340495829833,1.2,0
843,0,0,1,0,0,0,0,2,0,0,0,0,0,1,1,1,1,2,0,1,-0.05454035817270605,1.0528538971332577,1.2,0
844,0,1,1,1,0,1,2,1,0,0,0,0,0,1,0,1,0,0,0,1,-0.07190215325211016,0.736396624701202,1.2,0
845,0,0,0,0,0,1,1,1,0,0,0,1,0,0,0,1,0,0,2,1,1.0655259878826837,-2.082342015890046,1.2,0
846,0,2,0,0,0,1,1,2,0,0,0,0,0,1,1,1,0,1,0,0,-0.009970939743736957,-0.23626221990775487,1.2,0
847,1,0,1,1,0,0,0,0,0,1,0,0,0,1,2,2,0,1,0,0,-1.5252168790401808,1.3295872691482444,1.2,0
848,2,1,1,2,0,0,1,0,0,0,0,0,0,2,1,0,0,2,0,1,0.6894090537623883,1.1982538548998662,1.2,0
849,0,1,0,1,1,1,1,0,0,0,1,0,0,1,0,0,0,0,0,0,2.3141401487494635,1.7103432667486798,1.2,0
850,1,0,1,1,0,1,2,1,0,1,2,1,0,0,2,1,1,1,1,2,-1.9279993059309717,-1.7198118310770234,1.2,0
851,1,0,0,1,1,0,1,1,0,2,1,0,0,1,1,1,0,0,1,1,1.1917858638477843,-0.22066661708293067,1.2,0
852,0,1,0,0,0,1,0,1,0,0,0,0,0,1,2,0,0,1,0,0,0.47331446149566253,0.04742050296734396,1.2,0
853,1,0,1,0,0,0,0,2,1,0,0,1,1,1,2,2,0,1,0,0,-2.2720393307579654,-1.5551480203054402,1.2,0
854,1,0,1,0,1,1,1,1,0,0,0,0,0,1,2,0,1,0,1,0,0.03382710181281763,0.6980623255670646,0.9286355933677579,1
855,2,0,0,1,2,0,2,1,0,0,0,0,0,1,1,0,0,0,0,2,-0.7499675925153827,0.8837023759506478,1.2,0
856,0,0,1,1,0,1,2,1,0,1,0,0,0,1,0,1,1,1,0,0,-0.542345905345802,-0.19328534597917618,1.2,0
857,0,0,1,2,1,2,0,1,0,0,2,1,0,1,2,1,0,0,0,1,1.26419823163905,0.6928660760797649,1.2,0
858,1,0,0,1,0,0,1,2,1,0,2,0,0,0,0,0,0,1,0,0,0.001326889740308942,-0.882367720189354,1.2,0
859,2,1,1,0,1,2,0,1,0,1,0,0,0,0,2,2,0,0,0,1,-0.2921361396283618,0.5104366133188974,1.2,0
860,2,1,1,1,1,1,0,2,0,1,0,0,0,0,1,0,0,0,0,0,1.6443291822463753,1.9329446391634901,1.2,0
861,0,0,1,2,1,0,2,1,0,0,0,2,0,1,2,0,0,0,0,1,-1.0044321474203501,-0.6987142799268767,1.2,0
862,2,1,0,0,1,0,1,1,0,1,1,0,0,0,2,0,2,1,0,0,-0.021010675866179523,0.9630412299923825,1.2,0
863,0,1,1,0,1,0,1,1,0,1,0,0,0,1,1,1,0,0,0,1,1.7253403484770795,-0.12939809928579016,1.2,0
864,1,0,0,0,2,0,0,0,0,1,0,0,0,2,0,1,0,0,0,1,0.4114363617591593,-0.6061132165972929,1.0544122773110804,1
865,1,0,1,1,1,2,2,0,0,2,0,0,1,1,0,1,1,1,0,1,-0.3160845789789149,1.6581056180935179,0.7008606266129737,1
866,2,0,0,2,0,1,2,0,0,0,1,0,0,0,1,2,0,1,0,0,0.3747588786792464,1.3564844044439721,1.2,0
867,1,0,0,1,2,2,0,1,0,1,2,0,0,0,0,0,1,1,0,0,-1.1387283316747807,-1.6583477827327118,1.2,0
868,0,0,0,1,1,1,1,2,0,0,1,0,0,1,1,1,0,0,1,2,0.11740799139390384,-0.28199087066458284,1.2,0
869,1,0,0,2,1,2,0,1,0,1,0,1,0,2,0,1,0,0,0,0,-0.7216884835893702,0.15578803052425477,1.2,0
870,0,0,0,0,0,0,1,2,0,1,0,0,0,0,1,1,0,1,1,1,0.8724680716970732,0.6730795348313228,1.2,0
871,0,1,1,0,1,1,1,1,0,1,1,1,0,2,2,1,0,1,0,1,-0.6864379860829158,-0.6671911700980091,1.2,0
872,1,0,0,1,1,2,0,1,0,0,0,0,0,1,0,2,0,0,0,1,-0.5137792947084499,-0.8687773541853315,1.0241338044034194,1
873,1,1,1,2,2,2,1,1,0,0,0,0,0,2,1,1,0,1,0,1,-1.8401850712034178,0.6513381371511809,1.2,0
874,1,0,1,1,2,0,0,1,0,1,0,0,0,2,0,1,0,0,1,0,2.9886620634964465,2.62259677652788,1.2,0
875,1,0,0,2,0,2,0,2,0,1,1,0,0,1,1,1,0,0,1,1,-0.1962506433406979,0.5419897770250397,1.2,0
876,1,1,1,0,0,1,0,1,0,0,0,0,0,1,1,2,0,0,1,1,-0.5244908159921041,2.3015092734187244,1.2,0
877,2,0,1,1,2,0,2,0,0,1,0,1,0,1,2,0,1,1,1,2,1.2136058209353178,-0.5386079085063591,1.2,0
878,2,1,0,2,1,0,1,2,1,2,1,1,1,1,0,1,0,1,2,0,-0.042351762073607205,-0.37264633482216525,1.2,0
879,1,0,1,1,1,1,1,0,1,1,0,0,0,1,0,1,0,0,0,1,0.022926174773208935,-1.0478173137788973,1.2,0
880,0,0,0,2,0,0,0,2,0,2,1,0,0,1,0,0,0,1,1,1,-0.3331763012777531,-1.6003904137796086,1.2,0
881,1,2,0,1,2,2,1,1,0,0,2,0,0,0,1,1,0,1,1,1,0.22705631571440846,-1.678072961600984,1.2,0
882,1,0,1,1,2,2,1,1,0,1,1,1,0,2,0,0,0,0,0,1,1.1535701681334405,1.0204339281282908,1.2,0
883,0,2,0,0,1,1,0,2,0,0,0,0,0,1,1,0,0,0,0,2,2.458193237592761,1.4859551477628186,1.2,0
884,0,1,0,0,0,2,0,0,0,0,0,0,1,0,0,1,0,0,0,0,0.6603567804269962,0.3575726450104044,1.2,0
885,1,0,1,1,1,0,0,0,0,2,1,0,0,1,1,1,1,2,0,0,-0.7909617586621241,-0.2682481030265007,1.2,0
886,0,1,0,2,1,1,2,1,0,0,1,0,0,1,1,1,0,0,1,0,0.4902325837917139,1.0212098426350926,1.2,0
887,1,0,0,2,1,0,0,0,0,0,1,0,0,1,1,1,1,0,0,2,0.40244525532614733,-0.20120623995975956,1.2,0
888,0,1,1,1,0,0,0,0,1,1,0,0,0,0,1,1,0,2,0,0,1.5929256390657538,0.8116404161360865,1.2,0
889,1,0,1,0,1,1,1,1,0,1,0,0,0,1,1,0,0,0,0,1,0.7249856722875772,1.2247191845550724,1.2,0
890,1,0,1,2,1,0,1,1,0,0,0,0,0,2,1,1,2,1,0,0,-0.929512136305327,-0.18300373474126075,1.2,0
891,1,1,0,2,0,2,2,0,1,0,0,0,0,0,0,2,0,0,1,1,-2.3464398021543498,-1.6781668188857992,1.2,0
892,1,0,0,1,1,0,1,0,0,0,0,0,0,1,2,1,1,0,0,1,1.525203392568462,-0.05092138860177986,1.2,0
893,0,0,1,0,1,2,1,2,0,0,1,0,0,0,1,1,0,1,2,0,-0.5060920290070762,-1.130498621462478,1.2,0
894,1,1,1,0,1,1,1,0,0,0,0,0,0,0,2,0,1,1,0,1,-0.9877493266398224,0.5126345408401805,1.2,0
895,1,1,0,0,0,1,1,2,0,0,0,2,0,2,1,0,0,1,0,2,1.1165522660045406,-0.3099115581068779,1.2,0
896,1,0,1,1,0,1,0,2,1,1,1,0,0,1,1,0,0,1,0,1,-0.8486781172012101,-0.2364356533651389,1.2,0
897,0,0,1,2,0,1,1,2,0,0,1,1,0,2,1,1,1,1,1,0,0.29179351102475276,0.6718929699439418,1.2,0
898,1,0,1,0,1,0,1,0,0,0,0,0,0,2,1,0,0,1,0,1,-0.2265588430580947,-0.3341538458543374,1.2,0
899,0,1,0,0,1,0,1,1,0,0,1,0,0,1,1,0,0,1,0,0,-0.5943949715197017,-0.3427583812810796,1.2,0
900,1,0,1,0,0,2,2,1,0,1,0,0,2,1,1,0,0,0,0,1,0.30188968227226476,-0.9661819330611722,1.2,0
901,1,0,1,1,1,1,2,0,0,1,0,0,0,1,1,1,1,0,0,0,1.5566370861845833,1.6371187785728334,1.2,0
902,0,0,1,0,0,1,1,0,0,0,0,0,0,2,1,0,0,1,0,2,-0.25005528142267414,-1.5783630906046389,1.2,0
903,1,0,0,2,1,2,0,1,0,1,0,0,0,1,1,0,1,2,0,1,1.1665724334294614,1.459833290567492,1.2,0
904,2,0,1,1,1,1,2,1,1,0,0,0,0,2,1,0,0,1,2,1,0.6561589266969905,-0.27080041508777986,1.2,0
905,1,2,0,1,0,1,0,2,0,0,1,0,1,1,2,0,1,1,1,0,1.1666147689067616,0.8677818502614983,1.2,0
906,1,1,0,1,0,0,1,1,1,0,1,0,0,0,1,1,0,2,1,0,-0.27379224101572297,-1.8105722053835929,1.2,0
907,1,1,0,0,1,0,2,0,0,0,2,1,0,0,1,1,1,1,1,1,0.5556346328308485,-0.9143192324707373,1.2,0
908,0,1,0,1,1,0,1,1,0,0,1,0,0,1,1,1,1,0,0,2,-0.8162640199109195,0.3754574056278913,0.9682934131878408,1
909,0,0,1,2,0,1,1,1,0,0,1,0,1,2,1,1,0,1,0,1,-0.742952267080614,-0.3559585349956848,1.2,0
910,1,1,2,0,1,1,1,1,0,0,0,1,0,0,0,0,1,1,0,1,-0.5118517981810392,-0.6129818116997728,1.2,0
911,2,0,1,0,2,0,2,0,0,0,2,0,0,1,1,1,0,0,0,1,-1.993491980344786,-0.4120215785235719,1.2,0
912,0,0,0,0,1,1,1,1,0,0,0,1,0,1,1,2,1,1,0,1,-0.3042987611077604,0.30888637357928866,1.2,0
913,0,0,2,1,0,1,0,0,0,1,0,0,0,2,1,0,0,0,1,2,2.061194904753574,-0.13523026530596338,1.2,0
914,1,0,0,0,1,1,2,0,1,1,1,0,0,1,0,1,1,1,1,2,0.3159401555908674,-1.8205390767130267,1.2,0
915,1,0,1,1,1,1,1,2,0,1,1,1,0,1,1,1,1,0,0,1,0.7073146360077007,0.8556246685075771,0.6299302756110914,1
916,1,1,2,0,1,1,1,2,1,0,0,0,0,0,2,1,0,1,0,1,-0.6821549981475755,1.0287411266248716,1.2,0
917,1,1,0,2,2,1,0,0,1,1,0,0,0,0,0,1,1,0,1,1,1.0379554187352769,2.4645860100613226,1.2,0
918,0,0,0,0,1,0,1,1,0,0,1,0,0,1,0,1,0,1,0,1,0.5252150771759668,0.290059365920182,1.2,0
919,0,0,1,1,2,0,2,0,1,1,2,0,0,1,1,1,0,1,0,0,-0.10807787845296787,-0.586409855649797,1.2,0
920,2,0,0,0,1,0,1,1,0,0,2,0,0,0,2,1,0,2,0,1,0.8521922075538301,-1.5795281554953604,1.2,0
921,1,0,0,0,1,1,1,1,0,2,1,0,0,2,0,1,0,0,0,0,-0.17127813618711718,0.2548910592235816,1.2,0
922,1,1,1,0,0,1,1,1,1,1,0,0,0,1,1,1,0,0,1,2,-1.0318577512706728,-0.1827298753236009,1.2,0
923,1,0,0,0,1,0,1,1,0,1,1,0,0,1,1,1,0,1,0,1,-0.7520375990265566,-0.44207487540538065,1.2,0
924,1,1,1,0,2,0,1,0,0,0,0,0,0,1,0,1,0,0,2,1,-1.0499441408603811,-1.5472971931049406,1.2,0
925,2,1,0,1,2,1,1,2,0,1,0,0,1,0,0,1,0,1,0,1,-1.927959242473103,-0.5373059012957224,1.2,0
926,0,0,1,0,0,2,0,1,1,0,1,0,0,1,2,2,0,2,0,0,0.16772589255256923,0.42430540797528177,1.2,0
927,2,1,2,2,2,0,0,1,0,0,1,0,0,0,2,1,0,0,1,1,1.1287337632351715,1.132144024115947,1.2,0
928,2,1,0,2,1,1,0,1,0,1,2,0,0,2,1,1,0,0,1,0,0.518251276335738,-0.48573550755613376,1.2,0
929,1,0,1,0,0,1,2,1,0,2,1,0,0,1,1,1,1,0,0,1,0.7634901185341069,-0.32887982960123596,1.2,0
930,1,0,0,1,2,0,1,1,0,0,0,0,0,2,0,0,1,2,1,1,1.2614589216741183,0.22415057349741552,1.2,0
931,1,0,0,1,0,1,1,1,0,0,0,0,0,0,2,0,0,1,0,1,-0.9643502906166223,0.7580670025376053,1.2,0
932,2,0,0,1,1,1,1,2,0,1,1,0,0,1,0,1,0,2,0,1,-0.29268663398049194,-0.4331971414961774,1.2,0
933,0,0,0,1,1,1,0,1,0,1,1,0,0,1,0,1,0,1,1,2,-1.0381060647646254,-0.7406686970603007,1.2,0
934,0,0,1,1,0,1,0,1,0,1,0,1,0,1,2,0,0,1,0,1,-0.5666787752204373,0.33246049368139297,1.2,0
935,0,0,1,0,1,0,1,0,0,0,1,0,0,0,1,1,1,0,1,1,0.8118053351075117,0.7894784305121957,1.2,0
936,0,0,0,2,0,0,0,1,0,1,0,0,0,1,1,0,2,0,2,1,-0.835245845628036,0.3392152332753965,1.2,0
937,1,1,1,0,2,0,1,1,0,0,2,0,0,2,1,0,1,2,1,1,-0.3039658047453056,-1.512038343001393,1.2,0
938,1,0,1,1,0,1,1,0,0,1,0,0,1,0,1,1,1,0,0,1,-0.430189745833064,1.3198756593962429,1.2,0
939,0,0,0,0,1,0,2,1,0,0,1,1,0,0,2,2,1,1,1,0,0.5104327129908758,-1.2249694058719296,1.2,0
940,0,0,1,0,1,1,1,2,0,0,1,0,0,1,1,1,0,0,0,0,0.7414981944420153,-0.4511868147311904,1.2,0
941,1,0,0,2,2,2,1,0,0,1,1,1,0,1,1,1,1,0,0,0,0.6985983507692489,1.0304381951917874,1.2,0
942,0,0,0,0,0,0,0,1,1,0,1,0,0,1,0,0,1,1,0,2,0.7166351230622456,-0.9269784005240466,1.2,0
943,1,2,1,1,2,2,2,1,0,0,2,0,0,1,1,0,1,0,0,1,1.3344731423639102,0.5633954279830786,1.2,0
944,0,0,1,0,0,2,1,1,0,1,0,0,0,1,0,0,1,1,0,0,0.6634294755331646,0.492411844998734,1.2,0
945,2,0,1,1,0,2,1,0,0,0,1,1,0,1,2,1,0,1,1,1,-1.4630332979852418,-1.5595813365968767,1.2,0
946,2,0,1,2,2,2,0,0,0,0,1,0,0,0,1,1,0,2,0,2,-0.025988046403760498,0.7311617860658557,1.2,0
947,1,1,0,0,1,0,1,0,0,0,0,1,0,1,2,0,0,0,0,2,-1.2599599760896043,-0.7392337091284031,1.2,0
948,1,0,0,0,1,0,1,0,0,0,0,0,0,0,2,1,0,1,0,1,1.8309954857005617,0.35711943906907356,1.2,0
949,1,1,0,1,1,2,1,1,0,1,1,0,0,2,0,1,0,1,1,1,-0.40497405259545455,1.1781607650008172,1.2,0
950,0,0,0,1,0,1,0,1,0,1,0,0,0,2,1,0,0,0,1,0,-0.5815286338634984,2.3121728051086694,1.2,0
951,1,0,1,0,0,1,2,1,0,0,1,0,0,1,1,1,1,1,1,1,-0.6066171883393369,0.051992566180737776,1.2,0
952,0,0,0,0,0,1,0,0,0,0,0,1,0,1,2,0,0,0,1,2,-0.17612705517405566,-0.6856194477265094,1.2,0
953,0,1,0,0,0,0,2,1,0,1,0,0,0,2,0,2,0,0,0,1,-1.249928487087801,-0.2648738751920988,1.2,0
954,0,0,0,0,0,1,0,0,0,1,1,0,0,1,1,1,1,0,1,1,0.12256085200989805,-0.194422825529721,1.2,0
955,2,0,1,0,1,0,0,1,0,1,2,0,0,0,1,1,0,1,0,1,-0.7464631924417326,0.24571298624032012,1.2,0
956,0,1,1,2,1,0,1,1,0,1,1,0,0,1,1,1,1,1,0,0,0.6802951409685803,2.3343110292193052,1.0190818196099884,1
957,1,0,0,0,0,2,0,1,0,0,1,1,0,0,0,0,0,0,1,0,-0.37298677913525824,-1.5252288223646584,1.1359046352303823,1
958,0,2,0,1,0,1,1,0,0,0,1,0,0,0,1,1,0,2,0,1,0.7118859422341782,0.14544330231287977,1.2,0
959,0,1,1,0,1,1,1,1,0,0,0,0,1,1,1,1,1,1,0,0,0.2825468905359878,1.3956093401474112,1.2,0
960,1,0,1,0,2,2,1,1,0,0,1,0,0,2,1,0,0,0,0,0,-1.1179142050523394,-1.4257921035414383,1.2,0
961,0,0,0,1,0,0,0,2,0,0,0,0,0,1,1,0,1,0,1,2,-0.3275905288686329,0.1655420693310784,1.2,0
962,2,0,0,0,2,0,0,1,0,0,0,0,0,2,1,2,0,1,1,1,-1.5877985132461256,0.7239017036785821,1.2,0
963,0,0,0,1,2,0,1,1,0,1,0,0,0,1,2,2,0,1,0,1,0.25801814545544133,1.1287509330308862,1.2,0
964,1,1,0,2,0,1,1,0,0,0,0,0,0,1,1,1,1,2,0,2,-0.9631138318298512,-0.8595512680798509,1.2,0
965,0,0,0,0,2,2,0,0,0,1,0,0,0,1,1,2,0,1,0,1,-1.6656487902436505,0.10175991575901183,1.2,0
966,1,0,2,0,1,2,2,1,0,0,1,0,1,1,1,1,0,1,0,1,0.724778957768812,0.7496706133003537,1.2,0
967,0,0,1,0,1,2,1,1,0,0,1,1,0,1,2,0,0,1,0,0,0.9450481850513583,0.5375220307961032,1.2,0
968,2,0,1,0,1,1,1,2,0,0,0,1,0,0,1,1,0,1,1,1,0.5569839307472518,0.9716564374783526,1.2,0
969,1,0,2,0,2,1,1,0,2,1,1,0,0,0,1,0,0,1,0,1,-0.6059732795071493,-0.656740733596421,1.2,0
970,0,0,1,0,0,1,1,0,0,0,1,0,0,0,2,2,0,1,0,2,-0.5642493393239805,0.19649751753563616,0.19282551173827706,1
971,2,0,1,1,0,1,1,2,0,0,1,0,0,0,0,0,0,1,0,0,0.3110179931037735,0.43242476206339514,1.2,0
972,0,1,2,0,0,1,1,1,0,0,1,0,0,2,1,2,1,0,0,1,-1.1995551902957646,0.577790255726676,1.2,0
973,1,0,0,0,2,0,1,1,0,1,0,0,0,2,1,1,1,1,1,0,0.7463748421517032,0.6099246893924732,1.2,0
974,0,0,0,1,0,0,1,1,0,0,1,1,0,0,1,1,0,0,1,2,1.2443019104551445,-1.040046337586246,1.2,0
975,0,1,0,1,0,1,2,1,0,0,0,0,1,0,0,1,0,1,0,2,-1.3244468691824676,-1.0253762954235943,1.2,0
976,1,0,2,2,1,1,1,0,0,0,0,0,0,0,1,2,0,0,2,1,-0.9819690354813759,-1.2430167580651301,0.3051474477693467,1
977,1,0,0,0,1,0,1,0,1,0,0,0,0,0,1,0,0,0,2,0,0.380663923098713,-0.4922929177966443,1.2,0
978,1,1,0,1,1,2,1,0,0,0,0,0,0,1,0,1,1,2,1,2,-0.7512594867705314,-0.6293001453113294,1.2,0
979,0,0,1,0,0,0,1,1,0,0,0,0,0,2,1,2,0,0,1,0,0.008232149544899545,1.2789946709742097,0.5573870591877731,1
980,0,1,0,1,1,1,2,1,0,1,0,0,0,1,2,1,0,1,0,1,0.41661735222182866,0.04227442121324432,1.2,0
981,0,0,1,0,1,1,0,1,0,0,0,0,0,1,0,1,1,1,0,1,0.9886331703413389,-0.4978235253927542,0.6342513035579838,1
982,1,1,1,0,1,1,2,1,0,1,0,0,0,0,0,2,0,2,0,2,-0.6889108549887115,-0.5845089331493993,1.2,0
983,1,0,0,0,1,2,1,1,0,2,0,0,0,0,2,2,0,2,1,1,1.5621908579277717,0.8277951626355633,1.2,0
984,1,0,0,1,0,0,1,0,1,1,0,0,0,2,2,0,1,1,1,1,-0.4300768741243461,0.08614512864681101,1.2,0
985,2,1,1,1,0,0,1,0,0,0,0,0,1,1,2,0,0,1,0,1,0.8513948068237528,1.6147000303620525,1.2,0
986,1,0,1,2,0,1,0,2,0,0,0,0,0,0,1,1,0,0,0,0,0.7963054113873613,0.46826513367875044,1.2,0
987,0,1,1,1,0,1,1,0,0,0,1,0,0,1,2,1,0,0,0,2,0.41620931513990445,-0.6612873529114296,1.2,0
988,1,0,2,0,0,0,0,0,0,0,0,0,0,0,1,0,0,1,0,1,-0.2268453698019612,-1.1467662106730325,1.2,0
989,0,0,0,0,1,1,0,2,1,0,2,1,0,2,1,0,0,1,0,0,-2.115439068755627,-0.6211781936630922,1.2,0
990,0,1,0,1,0,1,1,0,0,0,0,0,0,1,1,2,1,0,1,0,0.22005632221078336,-0.47146166360703,1.2,0
991,1,0,0,1,1,0,1,1,0,0,0,0,0,1,0,0,0,1,1,1,-0.6555887678258829,-0.2006256897606764,1.2,0
992,0,0,0,2,1,1,0,2,0,0,0,0,0,1,1,1,1,0,1,0,0.8196730843971763,1.479829363640793,1.2,0
993,1,0,1,0,1,2,1,0,0,1,0,0,0,2,2,1,0,0,0,1,1.604004234416472,1.2829041083368862,0.8404889304157939,1
994,1,1,1,1,0,2,2,1,0,0,0,0,0,0,1,0,0,2,0,0,-0.17598486291200413,0.5140223946650453,0.3997003020234435,1
995,1,0,1,1,0,0,0,2,0,1,1,0,0,0,2,2,1,1,0,2,-0.6579890564242503,0.9260135416306576,0.8886656647320181,1
996,0,1,0,1,1,0,1,0,1,0,0,0,0,2,2,0,0,0,0,0,2.065785140509166,1.164535874608418,1.2,0
997,1,0,1,0,2,2,1,2,0,1,1,0,0,0,2,2,0,1,1,0,-0.44884436461369326,-1.2778105527971007,1.2,0
998,0,0,0,1,1,0,1,0,0,0,1,0,0,1,0,1,0,0,0,1,0.11283690207788437,1.1788983643265054,1.2,0
999,1,0,2,1,1,1,2,1,0,1,0,0,1,2,0,1,0,1,0,0,-0.2920056522080398,1.8339468692075989,1.2,0
1000,1,0,1,2,1,1,0,2,0,0,0,1,0,0,0,1,0,1,1,0,0.5790881450968342,1.5683678629460953,1.2,0
1001,2,0,0,2,1,1,1,1,0,1,0,0,0,0,2,1,1,1,1,1,-0.0686851852758825,-0.48129043006984606,1.2,0
1002,1,0,0,0,1,0,0,0,0,1,1,0,0,0,0,1,0,0,0,1,-0.2929204142400423,-0.39181011439740904,1.2,0
1003,2,0,0,2,0,0,0,1,0,0,1,0,0,1,2,0,1,2,0,1,1.2610299008228043,0.47989797218895164,1.2,0
1004,1,0,1,1,0,1,1,2,0,0,1,0,0,0,2,1,0,0,1,1,-1.2695659073666692,-1.4748707516714865,1.2,0
1005,1,0,1,1,1,1,1,1,0,0,0,0,0,1,0,2,1,1,0,1,-1.7132942587773614,0.8738483580755774,1.2,0
1006,1,0,0,0,1,1,2,1,0,0,0,0,0,2,1,1,0,1,0,1,-0.3545037158471606,-0.6749124895718144,1.2,0
1007,1,0,1,0,2,1,1,1,1,1,0,0,0,0,2,1,1,2,1,0,-0.531015201890769,-1.4838509694290511,1.2,0
1008,2,0,0,0,0,2,0,1,0,0,0,0,0,1,1,0,1,2,1,2,-1.2566497941275336,-0.44408018263153565,1.2,0
1009,2,0,0,0,0,0,0,2,0,0,1,0,0,1,1,2,0,1,0,0,-1.1650572786533533,-0.9451028283478136,1.2,0
1010,1,1,1,1,1,1,1,1,0,0,1,0,0,1,1,0,0,1,0,0,-0.5736235334576215,-1.0821986574275966,1.2,0
1011,1,0,1,0,0,2,1,1,0,1,1,0,0,1,1,1,0,2,0,1,1.0491622456109349,-0.6373151359105761,1.2,0
1012,2,0,2,1,2,1,0,1,0,0,0,0,0,0,2,1,0,0,0,1,1.5583691785399136,0.4028726293966354,1.2,0
1013,1,0,1,2,2,1,0,2,0,0,0,1,0,1,2,1,0,2,1,1,0.13708570499111075,-0.2146320118499847,1.2,0
1014,1,1,0,0,1,1,1,0,0,1,0,0,0,1,0,1,0,0,1,1,1.2569609926829126,0.09762063300050788,1.2,0
1015,1,1,0,0,0,1,0,2,0,1,0,0,0,0,2,1,2,0,0,2,-0.04915645044548657,-0.83891004753626,1.2,0
1016,1,1,1,0,0,2,0,0,0,0,0,0,0,1,0,0,0,1,0,0,-0.009114550994716702,-0.7703667877275274,1.2,0
1017,1,0,0,1,1,1,2,0,0,1,0,0,0,2,0,1,0,0,0,0,-1.7554408699892943,-0.043925899824215076,1.2,0
1018,0,0,0,0,0,2,1,1,0,0,1,1,0,1,2,1,2,0,0,0,-0.2700515974840495,0.6104974064864981,1.2,0
1019,0,0,1,1,0,2,2,2,0,1,1,1,0,1,2,1,1,1,0,0,-1.3254870513481671,0.0074067791657762005,1.2,0
1020,2,0,1,1,1,1,1,1,0,0,0,0,1,1,0,0,0,1,1,2,0.7142724367077311,0.9973964583730793,1.2,0
1021,0,0,2,0,1,0,0,1,0,1,1,0,0,2,2,0,0,1,0,1,1.4745798824055574,-0.43951281821924904,1.2,0
1022,1,0,1,1,0,1,1,1,0,1,2,0,0,2,1,0,0,1,0,0,-0.9048706804922356,-1.5314618200985506,1.2,0
1023,1,0,0,0,0,1,1,1,0,1,0,0,0,1,2,0,0,1,0,1,0.9972483860653332,-0.18999319890020322,1.2,0
1024,0,1,0,1,0,1,0,1,0,2,2,0,1,1,1,1,1,1,1,1,0.7951622103804225,0.38860708311455255,1.2,0
1025,1,0,0,0,0,2,0,0,1,1,1,0,0,2,1,1,0,0,0,0,0.3325998327741025,-1.9411165291953218,1.2,0
1026,0,0,1,1,1,1,0,2,0,1,0,0,0,0,0,1,1,1,1,0,1.1246308741320996,0.7118156104454585,1.2,0
1027,1,1,1,0,2,0,2,1,0,1,1,0,0,1,2,0,0,0,0,2,-0.9203590508394904,-2.468128155030298,1.2,0
1028,2,0,0,0,0,2,1,2,0,0,1,0,0,1,1,1,0,1,0,0,-2.0788072991415047,-0.9722673754303519,1.2,0
1029,0,0,0,1,1,2,1,1,0,0,1,0,0,1,1,1,0,0,1,0,-0.06861329687179009,0.6907095020177841,1.2,0
1030,0,0,1,1,0,1,0,0,0,0,0,0,0,1,0,0,0,0,0,1,0.44032082835629005,-0.499633859911797,1.2,0
1031,0,0,0,2,1,0,0,1,0,0,1,0,0,1,1,1,1,1,1,1,-2.1321121850023914,-1.7065947323197288,1.2,0
1032,1,0,0,0,1,0,0,0,0,2,1,0,0,1,2,1,0,1,0,2,-0.576692721984821,0.2554325682479326,1.2,0
1033,1,0,0,2,1,2,2,0,0,1,2,0,0,0,0,1,0,1,0,1,2.113837901621899,0.137997673986944,1.2,0
1034,1,0,1,1,1,2,2,0,0,0,1,0,0,1,0,0,1,1,0,1,2.45815363513902,0.3853741011666133,1.2,0
1035,1,0,1,1,0,2,0,0,0,1,0,0,0,1,1,1,1,1,2,0,0.8439039230859168,0.8739926531662305,1.2,0
1036,1,0,0,1,0,1,1,1,0,1,1,0,0,1,1,1,0,2,0,1,-0.538722549708247,-0.1337047570772721,1.2,0
1037,2,0,1,1,1,1,0,2,0,0,1,1,0,0,1,1,0,2,0,0,-0.0067494118597637804,-0.345612409599962,1.2,0
1038,0,0,0,1,2,2,2,1,0,0,0,0,0,0,0,1,0,1,1,1,0.0020304125541700624,0.1953122759142275,1.2,0
1039,0,1,1,1,0,2,1,1,0,0,0,0,0,1,2,1,0,1,0,1,-1.029029963345961,-0.600834302184627,1.2,0
1040,1,0,2,0,1,0,2,2,0,1,1,0,0,0,1,0,0,1,0,0,-0.6610454656755393,-1.2032333762285443,1.2,0
1041,1,0,0,1,2,2,2,0,0,1,0,1,0,1,1,0,0,0,0,0,-0.3286151771190992,-0.8106264260869767,1.2,0
1042,0,0,1,1,1,2,1,0,0,1,1,0,0,1,0,1,0,2,0,0,0.9939455765051447,0.9261913125464011,0.8013269168759571,1
1043,2,0,1,1,1,1,0,2,0,1,0,0,0,0,2,1,0,2,2,1,-1.959246692854137,1.2266361126373977,1.1367580607107195,1
1044,1,1,0,2,1,1,2,2,0,0,0,0,0,0,0,0,1,0,0,1,-0.21656398543001723,0.5276864433916432,1.2,0
1045,1,2,1,0,1,1,0,1,0,0,0,0,0,0,0,2,0,0,0,1,-1.3843165984426953,0.31989004964313983,1.2,0
1046,2,1,1,1,0,0,1,0,0,2,1,0,0,0,1,1,0,1,0,0,-1.3357007963250624,-0.3138813832221229,1.2,0
1047,2,0,1,0,1,2,2,1,0,2,0,1,0,0,1,0,1,1,1,0,0.9844886020238354,-0.21988831973958956,1.2,0
1048,1,0,1,0,1,1,0,1,0,1,0,0,0,1,1,2,0,0,0,1,-0.8193080455397387,0.9082812933429447,1.2,0
1049,1,0,1,0,1,1,1,1,0,2,0,0,0,1,0,1,1,2,1,0,0.27964376877859753,0.32247011057066516,1.2,0
1050,1,1,0,2,0,1,1,1,0,0,1,0,0,1,0,0,0,0,1,2,0.42447332252215786,-0.45274018495013485,1.2,0
1051,1,0,1,2,2,1,0,2,0,1,0,1,0,0,0,0,0,0,1,1,-1.4283501977754534,-0.4169928049146851,1.2,0
1052,1,0,1,2,0,1,1,2,0,0,2,0,0,0,0,1,0,1,0,0,1.7785780405946132,1.0839718084362766,1.2,0
1053,1,1,0,2,2,0,1,2,0,0,2,0,0,1,2,1,0,2,0,0,-1.3237296438430635,1.0582791430591363,1.2,0
1054,2,0,1,1,2,1,1,1,0,1,1,0,0,1,2,0,0,2,1,0,-0.8970909273798826,-1.2396237624020223,1.2,0
1055,2,0,1,2,0,1,2,1,0,0,1,0,0,1,0,0,0,0,1,0,0.8319874280743484,0.19320399448323966,1.2,0
1056,1,0,1,1,0,2,0,0,1,1,0,0,0,2,0,0,0,1,0,0,0.6612248551215453,0.506397913275261,1.2,0
1057,1,0,1,2,0,2,0,2,0,0,1,0,0,2,1,0,0,1,0,0,-0.6510931280788037,-1.8149099496577754,1.2,0
1058,2,0,0,1,0,1,1,1,0,0,1,1,0,0,2,2,0,1,1,0,0.9469345071078619,-0.21847085818889134,1.2,0
1059,1,0,1,1,1,0,0,1,0,0,0,0,1,1,0,1,1,1,1,1,-0.9313018095505617,1.383352807060195,1.2,0
1060,0,0,0,0,1,2,0,1,0,1,0,0,0,1,2,0,0,1,0,0,-0.5412472323506559,0.5115330197846641,1.2,0
1061,1,0,0,1,2,0,0,1,0,0,0,0,0,0,2,1,0,1,0,0,0.2896598147851416,-0.6476524508219661,1.2,0
1062,1,0,0,0,1,1,1,0,1,1,1,0,0,0,2,0,1,2,0,2,1.0851992641916588,-0.3488981259846532,1.2,0
1063,1,0,0,0,0,1,2,2,0,0,1,0,0,1,2,1,0,0,1,0,0.5816635248941122,-1.9104058967726267,1.2,0
1064,1,0,1,1,0,1,1,0,0,2,0,0,0,2,1,0,0,1,0,0,0.03347447495230091,-0.4169529363072409,1.2,0
1065,0,0,0,1,0,0,1,0,0,0,0,0,0,2,1,1,1,0,0,0,0.8193130980245568,0.6385354062295194,1.2,0
1066,1,1,0,0,1,1,2,0,1,0,0,0,0,1,0,2,1,1,0,0,-0.01631504026678695,-0.6080508502845337,1.2,0
1067,1,0,0,0,1,0,1,0,1,1,0,1,0,1,0,1,1,1,0,1,1.3658474548890922,-0.42242700535541056,1.2,0
1068,0,0,2,0,0,1,1,1,1,1,1,0,0,2,2,1,1,1,0,0,0.5733635194963195,-0.2084579244937724,1.2,0
1069,0,0,2,1,0,2,2,2,1,0,0,1,0,2,2,1,0,1,0,2,1.2713409631400385,-0.5148599545721615,1.2,0
1070,1,1,0,0,2,1,0,1,0,2,0,0,0,1,2,0,0,0,0,0,-0.7866015945594323,0.6185351900449048,1.2,0
1071,0,0,2,0,1,2,2,1,0,1,2,0,0,2,1,2,2,1,0,0,0.09886033766566124,-1.0586831520469373,1.2,0
1072,1,0,1,0,0,1,0,1,0,0,1,0,0,2,0,0,0,0,1,1,-0.5832231178516919,-1.0171226659200678,1.2,0
1073,1,0,1,0,1,0,0,1,0,0,0,0,0,1,1,1,1,2,0,2,0.21459531302207005,-0.13929455538316923,1.2,0
1074,0,0,0,0,0,1,0,2,0,0,0,0,0,2,0,2,0,1,0,2,0.2372412482459363,1.4824322401218162,1.2,0
1075,0,1,0,0,0,1,2,0,0,1,0,0,0,1,2,1,0,1,0,2,0.8080399957135256,0.01291637075434203,1.2,0
1076,2,1,1,0,0,1,0,2,0,0,0,0,0,1,0,0,0,2,1,1,-1.6270838492520245,-0.31158876597154617,1.2,0
1077,1,0,1,1,1,1,1,1,0,0,1,0,0,2,1,0,0,1,0,1,0.5876465705365963,-0.17564255055293396,1.2,0
1078,1,0,0,1,2,0,0,2,0,1,0,0,0,1,0,0,0,1,0,1,-0.9475712804761023,-1.479098572604257,1.2,0
1079,1,1,0,2,1,0,0,1,0,0,2,0,0,1,0,2,0,2,0,0,0.9883430400672523,-0.3624714206815814,1.2,0
1080,0,0,1,1,1,1,1,2,0,0,1,0,0,1,1,0,0,0,2,1,1.1719361989467885,-1.4513101418736243,1.2,0
1081,1,0,0,1,2,0,2,2,0,1,1,0,0,1,2,0,0,1,0,1,0.7163747727566973,-0.029279220197182626,1.2,0
1082,1,0,1,0,0,1,1,2,0,0,1,0,0,1,2,2,0,1,0,1,1.1418707958814793,1.270855782620765,1.2,0
1083,0,0,1,0,0,0,0,1,0,0,0,0,0,1,1,0,1,2,0,1,-0.4334439008402807,-0.4380518479570292,1.2,0
1084,2,2,0,0,0,0,2,1,0,0,2,0,0,2,2,0,1,1,0,1,-0.12144665023720529,-1.5807615227619651,1.2,0
1085,2,0,0,1,1,1,0,1,1,2,0,1,0,2,2,0,1,0,0,0,-0.4851554333903999,0.7079949165926397,1.2,0
1086,0,1,0,0,0,1,0,0,0,1,0,0,0,0,0,1,0,0,0,1,0.9923831770736368,0.20370620419775554,1.2,0
1087,0,0,1,0,0,1,0,1,1,0,0,0,0,0,0,2,0,0,0,2,-2.187301371747811,0.21347296247580738,1.2,0
1088,1,1,0,0,1,1,2,1,0,0,0,0,0,2,1,2,0,1,0,0,-0.2694608243500419,1.5752736608770377,1.2,0
1089,0,0,0,0,1,1,0,2,0,0,0,0,1,1,0,1,1,0,0,1,0.8347843188920163,-0.338530409265275,1.2,0
1090,1,0,0,1,1,2,1,2,0,1,0,0,0,0,2,1,0,0,1,0,-1.5948705311886537,0.3653470832437431,1.2,0
1091,0,0,0,1,2,1,0,2,0,1,1,0,1,1,1,1,0,1,0,1,-1.798571805547075,-0.32777227667083697,1.2,0
1092,1,0,0,2,0,0,1,1,0,0,1,0,0,2,2,0,1,2,0,2,0.9025458072923437,-0.28474360957356315,1.2,0
1093,1,0,2,1,0,0,1,1,0,0,1,0,0,0,2,0,0,1,0,1,0.4043940548647241,-0.6448614022696898,1.2,0
1094,0,1,1,0,0,2,1,2,0,1,0,0,0,0,0,1,0,0,0,1,-1.0450774765413737,-0.33790520962080645,1.2,0
1095,0,0,1,0,1,0,1,1,0,0,1,0,0,0,1,1,1,0,0,1,-0.20436021503748422,-1.5981741739522648,1.2,0
1096,1,1,2,0,1,2,1,1,1,0,0,0,0,1,0,1,0,1,1,0,-0.6493389179412555,1.0196882684689776,1.2,0
1097,1,1,2,2,1,1,1,0,0,1,2,0,0,2,0,1,1,1,1,0,1.134565501443815,0.3035638853791276,1.2,0
1098,2,1,0,1,1,1,1,1,0,1,1,0,0,0,2,0,0,0,2,1,-0.467148553443228,-0.6826530613529033,1.2,0
1099,2,0,1,0,1,1,0,1,1,0,1,1,1,1,0,2,2,2,0,1,-0.3004687781561647,-0.7700234463200466,1.2,0
1100,2,1,1,1,0,0,0,1,0,0,1,0,0,1,0,0,0,0,2,1,-0.604231059007212,-0.5563969684396322,1.2,0
1101,1,0,0,0,1,1,2,0,0,0,1,0,0,2,2,1,0,0,1,1,-1.5368322889889816,-1.2786276407869264,1.2,0
1102,0,0,0,0,1,1,2,0,0,1,0,1,0,1,1,1,0,1,0,1,-1.0752316758893665,-1.0486640904973976,1.2,0
1103,1,1,1,2,0,1,1,2,0,0,0,0,0,1,2,1,0,0,1,0,-0.29658858253353004,1.1596323436788014,1.2,0
1104,2,0,0,0,1,1,0,0,1,1,1,0,0,2,2,1,0,0,0,1,0.014131671960947478,0.3130556293881727,0.9745339121940161,1
1105,1,0,1,1,0,0,2,1,0,1,0,0,1,0,0,1,0,0,0,2,-0.8763179661564698,-2.3833081641876204,1.2,0
1106,0,0,2,0,1,1,2,1,2,0,1,1,0,1,0,1,0,0,2,0,-1.1772899975894973,-2.40343592679372,1.2,0
1107,1,0,0,1,0,0,2,2,0,0,0,0,0,1,2,0,0,0,0,1,-0.9635293302222874,-0.5515262876054308,1.2,0
1108,1,0,1,1,2,2,1,2,1,2,0,0,1,2,1,1,0,2,0,0,-1.2093333367326125,-0.9952275120936854,1.2,0
1109,0,0,1,0,1,1,1,2,0,1,2,1,0,1,0,0,1,1,0,2,1.1274135717097378,-1.7506338871938847,1.2,0
1110,1,1,0,1,1,2,1,0,0,1,0,0,0,1,2,0,0,0,1,1,-0.8004912861040514,-0.8987352764511028,1.2,0
1111,2,1,0,0,2,0,1,1,0,0,0,1,1,1,0,0,0,0,0,0,-0.5828359063343213,-0.6948200894246428,1.2,0
1112,1,1,0,0,1,1,2,0,0,1,1,0,0,2,0,1,1,0,0,0,-0.09367811069928356,0.9429234987606363,1.2,0
1113,1,1,0,1,1,0,0,0,0,0,2,0,0,1,0,1,0,1,2,1,1.334378710343742,-0.2195203357580137,1.2,0
1114,0,0,0,0,2,1,1,0,0,1,1,0,1,1,1,1,2,1,0,1,0.17148400416031093,0.37063969185552176,1.2,0
1115,1,0,0,0,0,0,0,0,0,2,0,0,0,1,1,1,0,1,1,0,-1.0449429013598395,0.6580559253968719,1.2,0
1116,1,0,1,0,0,1,0,2,0,0,2,0,0,1,1,1,0,1,0,2,-0.9068910010250165,-0.1168122786806296,1.2,0
1117,1,1,0,1,1,2,1,2,0,1,0,0,0,2,2,0,0,1,1,2,0.6279158490236854,1.7963291653837474,1.2,0
1118,0,1,1,1,0,1,1,1,0,1,0,0,0,1,1,0,0,1,1,1,-0.733227656214699,0.8855255136606266,1.2,0
1119,1,0,1,1,0,2,1,2,0,0,0,0,1,2,1,0,0,0,0,1,-0.6356171756414578,-0.06012801320860726,1.2,0
1120,1,0,0,2,1,2,2,1,0,1,0,0,1,1,2,0,2,1,1,1,0.36251766125400053,0.6011049427728148,1.2,0
1121,1,0,1,1,0,0,0,1,0,0,0,0,1,0,0,1,0,1,0,1,0.3337001551080236,0.6600683575089162,1.2,0
1122,1,1,0,0,0,1,0,1,0,1,1,0,0,1,1,1,0,1,0,0,0.7439718480521788,0.3040661899989368,1.2,0
1123,0,0,1,1,1,0,1,0,0,1,1,0,0,0,0,2,0,0,0,1,-1.7122485668886276,-0.72820155918821,1.2,0
1124,0,0,1,1,0,1,2,0,1,1,0,1,1,0,0,2,1,0,1,2,-2.807524756067226,-0.17178110746950093,1.2,0
1125,1,0,0,1,1,1,0,1,0,0,0,0,0,2,2,2,1,0,1,2,0.46320710879538596,0.8598213206770027,1.2,0
1126,0,0,0,2,1,0,0,1,0,0,0,0,0,2,1,1,1,0,0,0,0.9817801827252925,1.122552734234661,1.2,0
1127,1,1,0,0,1,1,0,1,0,0,1,0,0,1,1,2,0,1,0,0,0.1963863679140812,0.6765300770695017,1.2,0
1128,1,1,1,1,1,0,1,0,1,1,0,0,1,0,1,2,0,1,1,1,0.8477837821432569,0.3821580722191104,1.2,0
1129,0,1,1,1,0,0,1,2,0,0,0,1,0,1,2,1,0,0,0,1,-0.3619183075127567,0.9112094128508993,1.2,0
1130,1,1,1,1,0,1,0,1,0,1,0,1,0,1,1,1,0,1,2,1,1.7964796216582253,2.2471996691292886,1.2,0
1131,1,1,0,0,1,0,1,0,0,0,0,0,0,2,2,1,0,1,0,0,0.40001514894812146,0.30860178232806457,1.2,0
1132,0,0,0,0,1,2,1,0,0,0,0,0,2,0,2,0,1,1,0,1,-0.5594110896481851,0.25417019325040624,1.2,0
1133,2,0,1,2,0,2,1,2,0,1,0,0,0,1,2,0,0,0,0,1,0.6150813204635418,1.5978892282435115,1.2,0
1134,0,0,1,1,0,1,1,1,0,0,0,1,0,0,0,0,0,1,0,0,0.8834011500976702,0.10937704670203381,1.2,0
1135,2,1,0,2,1,1,1,1,0,2,1,0,0,1,0,0,1,1,0,1,0.3973463247043863,0.40530721113333124,1.2,0
1136,1,1,0,2,0,0,0,1,0,1,1,0,0,2,0,1,0,0,0,2,-0.11718985911069695,0.5248143989032777,1.2,0
1137,0,0,1,0,0,1,0,1,0,2,0,0,1,1,1,2,0,1,0,1,0.19286252373802007,1.619335346540815,1.2,0
1138,1,0,1,0,0,1,0,1,0,2,0,0,0,1,0,1,0,2,1,0,0.6131159128732304,-0.19028651247910688,1.2,0
1139,1,0,1,0,1,2,1,1,0,0,1,0,0,2,1,1,1,1,1,1,-0.5021409949494293,-1.5898466317223754,1.2,0
1140,1,0,0,2,0,1,1,0,0,0,0,1,1,0,2,1,0,0,0,0,-1.330479219280402,-0.3980527736235965,1.2,0
1141,1,0,1,0,0,1,1,0,1,0,0,0,0,1,2,0,0,1,1,0,0.7496165824316665,0.8125576281663472,1.2,0
1142,2,0,0,1,0,2,1,0,0,1,2,0,0,0,0,0,1,0,0,0,0.8855038752528648,-0.9216577155805264,1.2,0
1143,1,0,1,2,1,0,1,1,0,2,1,0,0,0,0,0,0,0,1,0,0.8624689525249781,1.1481372870962316,1.2,0
1144,1,0,1,1,0,0,2,1,0,0,0,0,0,1,1,1,1,2,0,0,0.009501485890425598,-0.2976121994234091,1.2,0
1145,1,1,1,1,1,0,2,0,0,2,1,0,0,0,2,1,1,2,0,2,0.24166068019101253,0.11740805910593545,1.2,0
1146,0,0,0,1,0,1,0,0,0,1,0,0,0,0,1,0,0,1,0,0,-0.9187500898921761,0.46047143422804127,1.2,0
1147,1,0,2,1,0,0,1,1,0,1,1,0,0,2,2,1,0,0,1,1,0.04596603262403912,0.4693302177248234,1.2,0
1148,1,0,1,0,0,0,1,0,0,0,2,0,0,2,0,2,0,1,1,0,1.1637265517814965,-0.5457694998962811,1.2,0
1149,2,0,0,1,2,2,2,1,0,1,0,1,0,0,1,0,1,2,0,1,0.276071387955342,0.5943502304118022,1.2,0
1150,1,1,0,2,0,2,0,0,0,0,2,0,2,0,1,1,0,1,0,1,0.22992835690282576,-0.7820973948119916,1.2,0
1151,0,0,0,1,0,0,1,0,0,0,2,0,0,0,1,1,0,1,0,0,0.38618785816034484,0.9802758390032912,1.2,0
1152,1,0,1,0,0,0,1,1,0,0,0,0,0,1,1,0,0,0,1,1,-0.2193230321413404,-1.7948669812575315,1.2,0
1153,1,2,1,0,1,1,1,1,0,0,1,0,0,0,1,1,0,2,0,0,-0.06416687154498463,0.5692031788207553,1.2,0
1154,1,0,0,1,1,1,1,0,0,1,0,0,0,1,2,1,0,0,0,1,-0.7261646646664796,-0.6155120765844357,1.2,0
1155,1,0,0,0,1,2,0,2,0,1,1,1,0,1,1,0,2,1,0,1,-1.4776455121504164,0.6492599055964896,1.2,0
1156,2,1,2,0,1,1,1,1,0,1,1,0,0,0,2,1,1,2,0,1,-1.2947088602605117,0.5915367450951765,1.2,0
1157,2,1,1,1,1,1,2,1,0,0,0,0,0,2,1,2,0,1,0,1,0.3535593694678511,0.18850889476649962,1.2,0
1158,1,0,0,1,2,2,0,1,0,1,0,0,0,0,0,1,0,1,1,1,-0.28401171750031856,1.845769551812416,1.2,0
1159,0,0,1,0,1,1,1,1,0,0,0,0,1,0,0,0,0,0,0,0,0.26881869798607233,0.7855022972848741,1.2,0
1160,0,1,0,0,0,0,0,2,0,1,1,0,1,1,1,1,0,0,0,0,-0.31911235096446333,-0.39284380906288763,1.2,0
1161,1,0,1,0,1,2,0,0,0,0,1,0,0,1,1,1,0,2,1,1,1.7009610031401128,2.1926088624628433,1.2,0
1162,1,0,0,1,1,1,0,1,0,1,1,0,0,0,1,0,0,1,0,0,1.6267575812261241,-0.289429810829863,1.2,0
1163,0,1,1,1,0,1,1,1,1,1,0,0,0,2,1,1,0,1,0,1,1.9361206882497826,1.677174568394662,1.2,0
1164,1,0,2,2,0,0,0,0,0,0,0,0,0,1,1,1,0,0,0,1,-0.4650129249181038,-0.5049940737598855,1.2,0
1165,1,1,1,1,0,0,0,1,0,0,1,0,0,0,2,2,0,1,0,1,-0.1702729251285293,0.0815578319611747,1.2,0
1166,1,0,0,0,0,2,0,1,1,1,0,0,0,1,1,1,0,2,0,0,0.9725276188786954,0.08928674269907949,1.2,0
1167,2,0,1,0,0,2,2,1,1,0,0,0,0,0,0,2,0,1,1,2,1.0959222159107203,-1.3748299267754007,1.2,0
1168,0,0,0,1,1,2,0,1,0,0,0,0,0,1,1,1,0,2,1,0,0.6479115832379496,1.0847483132152616,0.26634769844637984,1
1169,1,0,0,0,0,1,1,0,0,1,0,0,0,1,2,1,1,0,0,1,-1.2229466900059487,-1.5114492174484915,1.2,0
1170,0,0,0,1,1,1,2,2,0,0,0,0,0,0,1,2,1,0,0,0,0.8220250456666096,1.3122905680917158,1.2,0
1171,1,0,0,1,1,1,1,0,0,1,0,0,0,1,2,0,0,0,0,0,0.7222332783084223,1.727763289916021,1.2,0
1172,1,0,0,0,1,1,2,1,1,1,1,0,1,0,0,1,1,0,1,0,-0.5136633907818138,-1.7645151107339694,1.2,0
1173,1,0,0,2,1,0,1,2,0,0,0,0,1,0,1,2,0,1,0,1,-0.13452940951073206,0.5234102941386224,1.2,0
1174,1,0,0,2,2,1,0,0,0,1,0,0,0,0,2,2,1,1,0,0,-1.190627663356163,0.6146637302882892,1.2,0
1175,0,0,2,0,1,1,2,0,0,1,1,0,0,1,0,0,0,0,0,1,1.622915570578771,0.830812958612143,1.2,0
1176,1,1,0,1,1,1,1,1,1,0,1,0,1,1,0,0,0,0,1,0,-1.1559960086075647,-0.8462975843093835,1.2,0
1177,1,0,0,1,1,1,2,2,0,0,1,0,0,2,0,1,0,1,2,0,0.1487962725645745,-0.01464710036246547,1.2,0
1178,2,0,2,0,2,1,2,1,0,1,2,0,0,1,1,0,0,1,0,2,-0.11962518184539314,-1.5720543193590748,1.2,0
1179,1,0,1,2,0,1,0,2,0,1,1,0,0,0,2,0,0,2,1,0,-0.17127345377140085,0.2965537490813018,0.2044174043898635,1
1180,1,1,0,0,0,0,1,0,0,1,1,1,0,0,1,2,1,1,0,1,1.2731232058266482,1.143141996534778,1.1285076072564146,1
1181,1,1,0,0,1,2,1,2,0,0,1,0,0,1,2,1,0,1,0,1,0.9261093427380824,0.2860535790610631,1.2,0
1182,1,0,0,1,1,0,0,2,1,0,1,0,0,1,2,1,1,1,0,1,0.40849369409421205,-0.3350558508839941,1.2,0
1183,0,0,1,1,0,2,2,2,0,1,1,0,0,1,1,0,0,1,0,0,0.614482811466138,-0.7235817045125752,1.2,0
1184,1,1,0,0,1,1,0,1,0,1,1,0,0,0,1,0,0,1,0,1,0.8190916471033886,0.7929434083425035,1.2,0
1185,1,0,0,1,0,0,2,1,0,0,1,0,0,1,2,2,0,0,1,1,0.3983226675206313,0.7832821496220637,1.2,0
1186,1,0,0,0,0,1,0,2,0,0,0,1,2,1,1,0,0,0,1,2,-0.12245179591107772,-1.0546648268222343,1.2,0
1187,0,0,2,1,2,0,1,2,0,0,1,0,0,0,0,1,0,0,0,0,0.1992209796367928,1.255694798134363,1.2,0
1188,0,1,1,1,1,2,1,0,0,1,2,0,0,1,2,1,0,0,0,0,-1.037879944854168,-1.189896128225792,1.2,0
1189,1,1,0,1,2,2,1,2,0,2,0,0,0,0,0,0,0,2,1,1,-1.7837763609149628,-0.46495544575133885,1.2,0
1190,0,0,0,1,0,2,1,0,0,0,0,0,0,2,1,1,0,0,1,1,-0.7914575894821135,-1.015271391781969,1.2,0
1191,0,1,1,1,1,1,0,1,0,0,1,1,0,1,1,1,0,2,0,1,0.34972486401827296,0.7609672953291031,1.2,0
1192,0,0,1,1,2,1,1,2,0,2,0,1,0,1,1,1,0,1,2,1,-0.7230734783693233,-0.4600337029565049,1.2,0
1193,1,0,0,1,1,1,2,2,0,0,1,0,0,1,2,1,0,1,0,0,-1.1297677209281647,0.19353652284472078,1.2,0
1194,0,0,0,1,1,1,1,0,0,1,0,0,0,1,1,2,2,0,2,0,0.37138541567461136,1.1733524643561621,0.6495925290017805,1
1195,1,0,0,0,0,2,1,1,0,1,0,0,0,1,2,0,0,2,0,1,-3.126687398795526,-1.9514742923931414,1.2,0
1196,0,1,2,0,0,0,0,1,0,1,1,0,0,2,1,1,0,0,0,1,1.311821185567775,0.6488314754128145,1.2,0
1197,1,1,2,1,2,1,1,2,0,0,0,0,0,1,1,1,0,0,1,0,0.49823320289172546,0.6113338756987423,1.1670542049536017,1
1198,2,1,0,0,2,0,0,1,1,0,1,0,0,1,1,1,1,1,0,1,0.851427342526072,-1.4162746690243635,1.2,0
1199,2,1,0,1,1,1,2,0,0,0,1,0,0,1,1,2,1,0,0,1,-0.5899986235709727,-0.07474858972197046,1.2,0
1200,2,1,0,2,1,1,0,1,0,0,0,0,0,0,1,2,1,1,1,1,0.08596624885174747,0.4730411726085514,1.2,0
1201,1,0,1,1,0,0,1,2,0,1,1,0,0,0,0,0,0,2,0,0,0.5304671122865825,1.0780923571423564,1.2,0
1202,2,1,0,0,0,0,0,0,1,0,0,0,0,1,1,1,1,2,0,1,1.3868407877547173,0.6643536070388035,1.2,0
1203,0,0,2,0,0,0,0,0,0,0,1,0,1,1,2,1,0,1,0,0,-0.4108136957357036,0.47816057451173205,1.2,0
1204,1,0,0,1,0,1,2,2,0,0,1,0,0,0,1,2,0,1,0,1,-1.901404900058276,-0.7346555397679694,1.2,0
1205,1,0,0,2,2,0,0,0,0,0,0,0,0,1,0,2,0,0,0,0,1.8826748342946154,2.7811308023191543,1.2,0
1206,2,0,0,2,0,0,2,2,0,1,1,1,0,0,0,1,0,1,0,0,-0.8924956179272509,-0.29810492740167177,1.2,0
1207,1,0,1,2,1,1,1,1,1,1,1,0,0,2,1,1,1,2,1,1,-0.9223225334621606,-0.22826854442546035,1.2,0
1208,0,1,1,1,0,1,0,1,0,0,1,1,0,0,2,1,0,0,0,0,-0.4680455337959118,0.0008760589294887766,1.2,0
1209,1,0,2,1,2,0,0,1,0,1,1,0,0,1,0,0,2,0,1,0,-0.9152717508810686,0.3139594518272826,1.2,0
1210,1,1,1,0,0,2,1,1,0,0,0,0,0,1,1,1,1,0,0,0,-0.05042005809056199,-0.7163409184379645,1.2,0
1211,0,2,0,0,2,1,1,0,0,0,0,0,0,2,1,0,0,1,1,1,0.9896683142414463,0.16474916544328383,1.2,0
1212,1,0,0,0,2,0,0,1,0,1,0,0,1,0,0,1,0,0,0,1,-0.05268857114420829,0.7259315387524047,1.2,0
1213,2,0,1,1,0,0,0,0,0,1,0,0,0,1,2,0,1,2,1,2,1.5516855290199358,1.1840785638999718,1.2,0
1214,1,1,1,2,0,1,2,0,0,0,1,1,0,1,2,2,0,2,0,2,-0.5188483077605794,-0.32691448259195993,1.2,0
1215,0,0,1,0,2,1,2,0,0,0,0,0,0,1,0,0,1,0,1,2,-0.5634011778400847,-0.9144113113084203,1.2,0
1216,2,1,0,0,0,0,1,2,0,0,0,0,0,1,0,0,0,2,0,0,0.19047173659587552,1.0944871662011437,1.2,0
1217,1,0,2,2,0,1,1,1,0,0,1,0,0,1,1,2,0,1,0,0,-0.1652378079707439,1.1623595945882803,1.2,0
1218,1,1,1,1,1,1,0,2,0,0,0,0,0,0,2,1,0,0,0,0,0.06159420956786435,-0.0539857553283245,1.2,0
1219,0,0,1,2,1,0,1,2,0,0,0,0,0,1,1,0,1,1,0,1,-0.6182557050159537,0.41126325800774466,1.2,0
1220,1,1,0,1,0,1,0,0,1,0,0,0,0,0,1,1,1,0,0,1,-0.2558289648221489,1.3034224834722943,1.2,0
1221,0,0,1,1,1,1,0,2,0,0,1,0,0,1,1,0,1,1,0,2,-0.32740557102038065,-1.282597236123275,1.2,0
1222,1,1,0,1,1,1,2,0,0,0,2,0,0,2,2,1,0,0,0,1,-0.46054789127655016,-0.5796704354277508,1.2,0
1223,2,1,0,0,1,0,1,1,0,1,1,0,0,0,1,0,1,1,1,2,-0.3218911195051369,-1.264442127172783,1.2,0
1224,2,0,1,1,1,1,0,1,0,0,0,0,0,0,0,0,0,2,0,0,-0.9300602541925628,0.5288041125672251,0.3736377574402932,1
1225,2,0,0,1,2,1,1,1,1,2,0,0,0,0,0,2,1,1,2,0,-0.3971086943278009,-0.03740621861011706,1.2,0
1226,1,2,0,0,2,0,1,2,0,0,0,0,0,1,1,2,0,1,0,1,0.41279954614641934,0.8522134539615075,1.2,0
1227,0,1,1,1,1,0,1,2,0,1,1,0,0,2,0,0,0,1,0,0,-0.6047619260234318,-0.8013629433383671,1.2,0
1228,1,0,1,1,1,1,2,1,0,1,0,0,0,0,1,1,1,1,0,0,-0.009058234939939168,0.611186850289239,1.2,0
1229,0,0,1,0,1,2,1,1,0,0,2,0,0,0,2,0,1,0,1,1,-0.4311396378618241,-1.1579729892441026,1.2,0
1230,1,0,1,2,1,1,0,0,0,2,2,0,0,1,1,1,1,1,0,2,0.8337329372372747,0.8853728880446383,1.2,0
1231,1,2,0,1,0,0,1,1,0,0,1,0,0,1,1,0,0,0,0,0,-0.15170550095448096,-1.1707506398864398,1.2,0
1232,1,0,2,0,0,1,2,0,0,0,0,0,0,1,2,0,0,1,0,1,0.9792842059850506,-0.710055984080556,1.1447434232090106,1
1233,0,0,0,0,0,1,1,0,0,0,2,0,0,2,1,0,0,0,0,1,-1.028567332190559,-0.4754133530060982,1.2,0
1234,2,0,0,0,1,2,2,0,1,0,2,0,0,1,1,0,0,0,1,1,-2.27433792199449,-1.6324285258746933,1.2,0
1235,0,1,1,2,1,1,0,1,1,2,0,0,0,1,1,2,1,0,0,1,-0.5231741579522947,1.0405825396071742,1.2,0
1236,0,1,1,0,2,0,1,2,0,0,1,0,0,2,0,0,1,1,0,0,1.043179345595683,1.397263517065869,1.2,0
1237,2,1,1,1,0,2,1,1,0,2,1,0,2,2,0,1,0,0,0,0,-1.7542082375956023,-0.11436982358730641,1.2,0
1238,1,0,2,0,0,0,2,2,1,0,1,0,0,1,0,0,0,1,1,0,-0.7945383128622091,-2.1875825940025413,1.2,0
1239,2,1,1,1,1,1,0,2,1,1,1,0,0,1,1,1,0,2,0,0,-0.05659144307784461,-0.005073641415483943,1.2,0
1240,2,1,2,1,1,1,2,0,0,0,2,0,0,1,1,2,0,1,0,1,0.18978415760974132,-1.6376617683665697,1.2,0
1241,2,0,1,1,2,1,1,1,0,1,0,0,0,1,0,0,0,1,0,0,0.4072424799786921,-0.35147010585366134,1.2,0
1242,1,0,1,0,0,0,2,2,0,1,2,0,0,2,0,0,0,1,1,0,0.3240957742799084,-0.28103150470096816,1.2,0
1243,1,0,1,2,0,1,1,1,0,0,0,0,0,2,1,2,0,0,1,2,-0.7917106998104101,-1.255001785670618,1.2,0
1244,0,0,1,0,1,1,0,1,0,0,1,1,0,0,2,2,0,1,0,0,1.67286778044705,0.8677449963517387,1.2,0
1245,1,0,2,1,1,0,2,1,0,0,0,0,0,2,1,1,1,1,1,1,0.4234364586672909,-0.7022656906683833,1.2,0
1246,1,0,0,0,0,0,1,2,1,0,0,0,0,2,1,1,0,0,0,0,-0.11773636775189296,-1.8726551594523098,1.2,0
1247,1,1,1,1,0,1,0,2,0,0,0,1,0,0,0,1,0,2,0,0,-0.2540624031147894,-0.7893379181379575,1.2,0
1248,0,1,0,0,0,1,2,2,0,2,0,0,0,0,1,0,0,0,1,1,0.24393309900457577,1.565500002675251,1.2,0
1249,0,0,1,0,0,1,1,2,1,0,1,0,0,1,1,0,1,0,0,0,-0.42685251196522217,-0.9006893633106654,1.2,0
1250,1,0,0,2,1,1,2,1,0,0,1,0,0,2,1,1,0,1,1,1,-0.6261283848277064,-0.736326805694057,1.2,0
1251,0,0,0,1,2,2,1,2,0,0,2,0,1,2,1,0,1,2,0,0,-0.2494280134942333,-0.9829457418636911,1.2,0
1252,1,0,1,0,1,0,2,0,0,0,0,0,0,1,0,1,0,0,1,1,0.12880268094349875,0.49490983063786076,1.2,0
1253,1,0,1,0,2,2,1,2,0,0,0,0,0,0,1,2,1,0,0,1,0.7013328738085483,0.7701482482758448,1.2,0
1254,1,1,0,2,2,1,2,1,0,0,1,0,0,0,1,0,1,0,0,0,1.1691193835202431,0.04447767460397996,1.2,0
1255,1,0,1,0,2,1,1,1,0,0,2,0,1,0,1,0,0,1,0,1,-0.42813536950660935,0.1718282652703481,1.2,0
1256,1,0,0,0,1,0,0,0,0,0,0,0,0,1,2,1,0,2,0,0,-0.6795146676449652,-0.9057018366482583,1.2,0
1257,0,1,1,1,1,2,1,0,0,0,0,0,0,1,0,1,0,1,0,1,0.2341145792621302,-2.0058345741724946,1.2,0
1258,2,1,1,1,1,2,1,0,1,1,0,0,0,0,1,1,0,0,0,2,1.4635431865560706,0.38968772246605815,1.2,0
1259,1,0,0,1,1,1,2,2,0,1,1,1,0,1,0,1,2,1,0,1,0.0717708230511878,-0.15001408638131014,1.2,0
1260,0,1,0,0,1,1,1,1,0,0,1,0,0,2,0,1,0,0,1,0,-0.8470261673820857,-1.5903328639915075,1.2,0
1261,0,0,0,2,0,1,0,0,0,0,0,0,0,1,0,0,0,1,1,1,0.3602431122532118,-1.4055956109271108,1.2,0
1262,1,0,1,1,1,0,0,0,0,1,1,0,0,0,1,0,0,0,0,0,-0.6279101756768922,0.7712917977472693,1.2,0
1263,0,1,0,1,0,1,2,1,0,0,1,1,0,1,0,2,0,0,0,0,-0.5458452885869671,-0.12558079970136857,1.2,0
1264,0,2,0,2,1,2,0,2,0,0,0,0,0,1,1,1,0,0,0,1,1.2405212612805099,1.9956891090557054,1.2,0
1265,1,1,0,1,1,2,2,1,0,0,1,0,0,1,0,0,0,1,1,2,-0.06806967750468891,-1.3443545045438787,1.2,0
1266,0,1,1,0,1,1,0,0,0,1,1,0,1,1,1,1,1,0,1,1,-0.7194798833607683,1.380704164335079,1.2,0
1267,0,0,0,1,1,0,2,2,0,1,1,0,0,0,2,1,0,1,0,0,0.10747209234088896,-0.13648946569067302,1.2,0
1268,0,1,1,0,0,1,1,1,0,0,1,0,0,1,2,0,0,0,0,1,2.621894073912912,-1.3063974613278824,1.2,0
1269,1,0,1,1,1,0,1,1,0,1,0,0,0,1,1,2,0,0,0,1,1.1578447302106651,0.04656294753499102,1.2,0
1270,2,0,1,0,1,1,2,1,0,1,0,0,0,0,0,1,1,0,1,1,1.9258344223134454,1.6156488112775864,1.2,0
1271,1,0,1,1,0,1,1,1,0,0,1,0,0,2,1,0,2,1,0,1,-1.3312152291996773,-0.2201543074659449,1.2,0
1272,0,1,0,1,1,1,0,0,0,1,0,0,0,1,1,2,0,2,1,0,0.8434184773245831,2.2219706000237123,1.1532741707856524,1
1273,0,0,2,0,1,1,1,1,0,0,0,0,0,0,2,0,0,1,1,0,0.15541901654398593,-0.5565897098831616,1.2,0
1274,2,0,1,1,1,2,1,1,0,0,1,0,0,2,1,0,0,2,0,0,1.2527587884867342,-1.0043863645965267,1.2,0
1275,1,1,1,0,1,1,2,0,0,0,1,0,0,1,0,1,0,0,1,2,-1.345908621200112,-1.283496134480935,1.2,0
1276,1,0,1,2,0,1,0,2,0,2,1,0,0,1,0,1,0,1,0,1,1.6794903274067665,1.7044385443106012,1.2,0
1277,0,0,0,2,1,1,2,0,0,1,0,0,0,1,1,0,0,0,1,0,0.950515199065203,0.28732594216549556,1.2,0
1278,1,0,1,0,2,2,2,1,1,0,1,0,0,2,1,0,0,2,0,0,1.2937248922043527,0.7386460796872656,1.2,0
1279,0,1,0,1,1,1,1,1,0,0,1,0,0,1,2,2,0,0,1,1,1.188717021051859,-0.33703600595812455,1.2,0
1280,0,0,1,1,2,1,1,1,0,1,1,0,0,1,1,1,1,0,0,1,-0.9196530025991975,-0.792960340079947,1.2,0
1281,1,0,1,0,0,1,0,1,0,0,0,0,0,0,1,1,1,1,2,2,-0.16279837767673874,0.22973389130487964,1.2,0
1282,0,1,0,0,2,1,1,2,0,0,0,0,0,1,0,0,0,1,0,2,0.09575863110259904,0.1119572309056753,1.2,0
1283,0,1,1,1,0,1,2,0,0,1,1,0,0,0,0,1,0,1,1,2,-0.28369463152570873,-0.8937665452175887,1.2,0
1284,1,1,1,1,1,1,1,0,0,1,1,1,0,1,0,1,0,0,1,1,-0.2924676606081821,-0.7171327174675813,1.2,0
1285,1,0,1,2,2,1,0,1,0,0,0,0,0,2,1,0,1,0,0,2,0.3263559204961021,-0.45527911183613134,1.2,0
1286,1,0,2,0,0,1,1,1,0,1,0,0,0,0,0,1,1,0,0,1,0.4718689287178161,-0.3703535779753735,1.2,0
1287,1,0,2,0,2,1,1,2,0,1,0,0,0,2,0,2,1,1,0,0,-1.313303402932315,-1.226411328405942,1.2,0
1288,0,1,1,0,0,1,1,1,0,0,0,0,0,0,1,1,0,1,0,1,2.556552778992075,0.9997499328976389,1.2,0
1289,0,0,2,2,1,2,1,2,0,0,1,0,0,1,0,0,0,0,0,1,0.6250424879500632,-0.3612086319394273,1.2,0
1290,1,0,0,1,1,1,1,1,0,0,1,0,0,0,1,0,0,1,0,1,0.09644634572299494,0.0675481010341562,1.2,0
1291,0,1,2,1,1,2,0,0,0,1,0,0,0,1,2,0,0,1,0,1,1.73308868417877,1.444440855744888,0.5967118444622573,1
1292,1,1,0,1,0,1,2,0,0,0,1,0,0,0,2,2,1,0,1,1,1.1657792684415298,0.2747969158614949,1.2,0
1293,0,1,1,1,0,0,2,1,0,1,1,0,0,2,2,1,0,0,0,1,-0.9126043366560391,-2.049024844907468,1.2,0
1294,1,0,1,0,0,0,0,0,0,1,1,0,0,1,1,1,0,1,1,1,-0.14726038161432567,-0.778495112149149,1.2,0
1295,0,0,1,2,1,2,1,1,1,1,0,0,0,1,1,0,0,2,0,0,-0.07982116020145183,0.12767473128781665,1.2,0
1296,2,0,1,1,2,1,2,1,0,0,0,0,0,1,0,0,1,0,0,0,-1.2609365387067923,0.195913247595923,1.2,0
1297,0,1,1,1,1,1,2,0,0,1,0,0,0,1,0,1,1,1,0,1,-0.4407106213906158,-0.8112432176841811,1.2,0
1298,2,0,1,2,2,0,2,2,0,0,1,0,0,2,1,1,1,1,1,2,-0.5375836819701914,1.0708420706888995,1.2,0
1299,2,0,0,1,1,1,1,0,0,1,1,0,0,1,2,1,1,1,1,1,0.28302131535008673,-0.8511778518329222,1.2,0
1300,1,0,1,0,1,1,0,0,0,2,0,0,0,1,1,0,1,2,0,0,1.1433489829289734,0.05890501743002985,1.2,0
1301,1,1,1,1,0,0,0,2,0,0,1,0,0,2,2,0,1,1,0,0,0.5266481199054971,-0.6765745306938261,1.2,0
1302,1,2,1,1,1,1,1,2,0,0,0,0,0,0,1,1,1,0,0,2,0.5098649444976447,0.3763011677024676,1.2,0
1303,2,0,1,0,1,1,1,0,0,1,2,0,0,2,2,2,0,0,0,1,-1.2310686995819757,-0.16744547360551532,1.2,0
1304,1,0,1,1,0,0,0,0,0,0,1,1,0,0,0,1,1,0,1,0,-1.1895328699628973,-1.0476056621573968,1.2,0
1305,0,0,1,0,1,2,2,2,0,0,0,0,0,0,1,0,0,0,0,1,-1.4920075252059435,-1.3604955945884005,1.2,0
1306,2,0,1,0,1,1,0,1,0,1,1,0,0,1,1,1,0,2,0,1,0.23265208575671664,-0.12468817038932961,1.2,0
1307,1,1,1,1,0,2,0,1,1,2,1,0,0,1,2,1,1,0,1,1,-0.822406602640573,-1.42486039853248,1.2,0
1308,0,1,0,1,0,0,1,0,0,0,1,0,0,1,0,1,0,0,0,0,0.5942035760916343,0.6803459015699882,1.2,0
1309,1,1,0,1,1,1,0,0,0,1,0,0,0,0,2,0,0,0,0,0,1.2653226840060852,0.07800281154113364,1.2,0
1310,1,0,0,0,0,0,0,2,0,0,0,1,0,1,1,1,0,2,0,2,-2.556189647118451,-1.10803613516622,1.2,0
1311,0,1,1,2,1,1,1,1,0,1,1,1,0,0,2,1,0,0,1,0,1.1573984016221184,0.9050099882729579,1.2,0
1312,1,0,1,0,1,1,1,2,0,0,0,0,0,2,1,1,0,0,1,2,-1.2520191486849992,-1.48575785647207,1.2,0
1313,0,0,1,1,0,1,2,1,0,1,0,0,0,1,0,1,1,0,0,2,-0.43438571985866575,-0.36068733028703565,1.2,0
1314,1,0,2,0,0,1,0,1,0,0,1,0,0,0,1,1,1,2,0,2,0.10488295264087273,0.7746584446830052,1.2,0
1315,0,0,1,0,2,2,0,2,1,1,0,0,0,1,1,1,1,1,1,1,0.6589614883587027,0.11105491063860262,1.2,0
1316,0,0,0,0,0,0,0,1,1,1,0,0,1,0,0,0,1,0,1,2,-0.578600306074336,-0.4053014459694761,1.2,0
1317,2,0,0,2,0,2,0,0,0,0,1,0,0,1,0,1,0,0,0,1,2.061879645657083,-0.6694075762528467,0.9143407505025525,1
1318,1,0,1,0,2,2,2,1,0,1,0,1,0,2,0,2,2,2,0,0,1.8728038825210336,0.4094595822562578,1.2,0
1319,1,0,0,0,1,1,1,1,0,1,0,0,0,0,1,1,1,0,1,0,-0.8679045736906361,-0.32808051851501785,1.2,0
1320,2,0,2,2,1,1,2,1,1,1,0,0,0,1,1,1,1,1,0,1,0.8534631422261721,-1.4553673547672974,1.2,0
1321,1,1,2,1,1,2,0,1,0,1,0,0,1,2,1,1,0,0,0,0,0.8733437217018521,1.1789105369768904,0.44828635204298517,1
1322,1,0,0,0,1,1,0,1,0,1,1,0,0,0,2,0,0,1,0,1,0.2907439427382266,0.07464327975434148,1.2,0
1323,0,0,0,0,2,1,0,0,0,1,1,0,0,1,1,1,0,1,2,2,0.19186849039195347,0.8943957225236364,1.2,0
1324,2,0,0,0,2,1,1,1,0,0,1,0,0,2,1,1,0,1,1,0,-3.110619613138074,-1.021833619010176,1.2,0
1325,0,0,1,1,1,2,2,1,0,0,0,0,0,1,1,0,0,1,0,1,0.48043315932819564,-1.7875407594447101,1.2,0
1326,0,0,1,0,1,1,0,2,0,0,0,0,0,0,0,1,0,2,0,2,-1.1266894113419232,-0.6974778492731886,1.2,0
1327,0,0,0,1,1,1,1,2,0,2,1,0,0,1,2,2,0,0,1,0,0.009974575678231453,-0.17759913401845062,1.2,0
1328,2,1,0,1,2,2,2,2,2,1,0,0,2,0,1,2,0,2,0,2,-1.2784011715662404,0.740200313983052,1.2,0
1329,1,0,1,0,0,2,1,0,0,0,0,0,0,2,1,1,0,0,2,1,-0.5136905145718705,0.06898368946801176,1.2,0
1330,1,0,1,2,2,2,1,1,0,2,0,0,0,0,1,1,0,0,0,2,1.2022812076161584,1.2968719336997023,1.2,0
1331,1,0,1,0,1,1,1,1,0,1,0,0,0,1,0,1,0,1,1,1,0.853183610207652,0.6349189595481214,1.2,0
1332,2,1,1,1,1,1,0,0,0,0,0,0,0,1,1,0,0,1,1,0,0.16570747467999689,-1.9850350917477746,1.2,0
1333,1,0,0,2,0,0,2,1,0,0,0,0,0,2,1,1,0,1,0,0,-0.8142083332385537,0.9698965280756509,1.2,0
1334,1,0,1,1,1,0,0,0,0,1,1,0,0,1,2,2,1,1,0,1,-0.19758783582093048,-0.07468207900735963,1.2,0
1335,0,0,0,2,1,2,1,1,0,0,1,0,0,0,2,1,0,0,0,1,-0.8719680984350155,-1.0778597055651193,1.2,0
1336,1,0,1,2,0,0,2,2,0,0,1,0,0,1,0,0,1,0,1,1,0.3320972464508855,1.0582048783241746,1.2,0
1337,0,0,1,1,1,2,0,2,0,0,1,0,0,2,2,1,1,0,0,0,1.91520679122101,2.330046119091371,1.2,0
1338,1,0,1,2,1,2,0,1,0,0,1,1,0,1,1,1,0,1,0,1,-0.5949928941055761,-0.0662321554487158,1.2,0
1339,0,0,1,1,1,0,0,1,1,0,1,0,0,1,2,0,0,1,0,0,-0.4400338088340913,0.46872392515946204,1.2,0
1340,1,0,0,1,1,0,2,2,0,0,1,0,1,2,1,0,1,1,0,1,-0.5651654741171313,-0.6420857385092702,1.2,0
1341,2,0,1,2,0,0,2,0,1,1,1,0,1,0,1,2,0,2,0,1,0.3688678053234511,-1.643407157575636,1.2,0
1342,1,0,2,1,1,0,1,1,0,0,1,0,0,0,2,1,0,2,1,1,0.6853146895097897,-1.5553120473873818,1.2,0
1343,1,0,1,1,1,0,0,0,0,0,0,0,0,0,0,2,1,1,1,1,0.8990600709443178,1.5187818319443058,1.2,0
1344,1,0,0,0,1,1,1,1,0,0,0,1,0,1,0,0,1,2,1,1,0.16563254826869422,0.4983457122415497,1.2,0
1345,0,0,0,1,1,2,1,1,0,1,1,0,0,2,0,2,1,0,2,0,0.5054877804794196,2.0621398254558345,1.2,0
1346,0,0,1,2,1,1,0,2,0,0,1,0,0,2,0,1,0,0,1,0,0.12985511304583378,-0.39996245852427204,0.8932468839155211,1
1347,1,0,0,0,1,0,0,2,0,0,1,1,1,0,0,1,0,1,0,2,0.06565938127220196,0.05837765570019704,1.2,0
1348,1,0,0,1,2,1,1,0,1,0,1,0,0,1,1,1,0,1,1,0,-0.8122520675290665,-1.8554821613776338,1.2,0
1349,1,0,2,0,0,0,2,0,0,0,0,0,0,2,1,2,0,0,0,1,-1.0618796254930605,-0.23651261428991832,1.2,0
1350,2,2,0,1,0,2,1,2,0,0,1,1,0,0,2,0,0,0,1,1,-0.5906197605120118,-0.6398587492343101,1.2,0
1351,0,0,0,1,0,0,2,1,0,1,0,0,0,1,1,0,0,0,0,1,-0.6797062467370599,-0.13657582187782574,1.2,0
1352,0,0,0,0,0,1,0,1,0,0,1,0,0,0,0,1,1,1,2,0,-0.6544958469185679,-0.7918501193133539,1.2,0
1353,1,0,2,2,1,0,1,1,0,0,0,0,0,0,0,1,0,0,0,1,0.7866936761416468,1.0607967447860387,0.9042175786952882,1
1354,2,0,1,1,1,1,1,2,0,2,2,0,0,0,0,0,1,0,0,2,-0.41978426356682197,-0.4984405243229785,1.2,0
1355,0,1,1,1,2,1,1,0,0,1,0,0,0,1,1,0,1,1,1,0,0.4368085856010305,1.8632193335088805,1.2,0
1356,2,1,0,0,1,1,1,1,0,1,0,0,0,1,1,0,1,1,2,0,-0.5197750790906784,-0.1705839380753812,1.2,0
1357,0,0,0,1,1,1,1,1,0,2,0,1,0,0,0,1,0,0,1,2,-0.027106393734642357,-0.4753600925033802,1.2,0
1358,1,1,1,0,0,0,1,2,0,0,2,0,0,1,0,1,1,1,0,0,-1.5285145266464544,-0.45845434910212046,1.2,0
1359,1,0,1,1,0,2,0,1,0,0,1,0,0,0,0,1,0,1,0,1,-1.9388984609619764,-0.9109815022170646,1.2,0
1360,0,0,0,0,0,2,1,2,0,0,1,0,0,1,1,1,0,0,0,1,0.6779074097034935,-0.09441302016484776,1.2,0
1361,1,0,1,0,1,0,0,1,0,1,1,0,0,1,1,1,0,1,0,0,-0.07581230673678795,0.8308277279066631,1.2,0
1362,2,0,0,1,1,0,0,2,1,1,1,0,0,0,2,0,0,1,0,0,-0.37826772494306643,-0.9884395522639251,0.8863764425574828,1
1363,1,0,0,0,1,1,1,1,1,1,1,0,0,0,1,0,0,2,0,1,-0.7332096288568821,-2.5540739006436537,1.2,0
1364,1,0,1,1,0,0,1,1,0,0,0,0,0,1,0,1,0,1,0,1,-0.06682338636942613,1.6668714958964912,1.2,0
1365,1,0,0,1,1,1,0,2,1,1,0,1,0,1,1,0,0,0,0,1,0.4055915374225729,-0.6783303488823578,1.2,0
1366,1,0,2,1,2,1,1,0,0,0,0,1,0,2,2,1,0,1,0,2,-1.5535842863478646,0.8548256412358238,1.2,0
1367,1,0,1,1,0,0,1,0,0,0,0,0,0,1,1,1,0,1,0,0,-1.6533221205413275,0.46526749447558785,1.2,0
1368,0,0,0,0,1,0,1,0,0,1,1,0,0,0,2,1,1,1,1,1,-1.1973224763281012,-0.30095866855226405,1.2,0
1369,1,1,0,0,0,0,0,1,0,1,1,0,0,2,1,1,0,1,0,0,-2.426029157661981,-1.4323446569493754,1.2,0
1370,0,1,0,0,0,0,1,2,0,1,1,1,0,0,2,1,1,1,1,1,0.6826219750926455,0.8202511803460768,1.2,0
1371,0,1,0,0,1,1,0,2,0,0,1,0,0,0,2,2,0,0,0,2,-0.7903003844222313,0.03037699811173944,1.2,0
1372,1,0,1,1,2,2,0,1,0,0,0,0,0,1,1,0,2,0,1,1,0.14359904486901573,0.6709775198047934,1.2,0
1373,1,0,1,2,0,2,1,0,0,1,0,0,0,1,2,2,0,1,0,1,0.5830325366370978,0.7612405722251676,1.2,0
1374,2,0,1,0,0,0,1,1,0,0,0,1,0,0,0,1,0,1,0,1,1.0271501505210816,0.6395394969112947,1.2,0
1375,2,0,1,0,2,2,0,1,0,0,1,0,0,0,2,1,2,1,0,1,0.5067330890505356,1.3487750538368828,1.2,0
1376,2,1,1,0,1,2,0,0,0,0,0,0,1,2,0,1,0,1,0,1,1.1129820778316615,2.22376147112524,1.2,0
1377,1,1,0,1,0,1,1,0,0,0,0,1,0,1,0,2,0,0,0,0,-0.04414338474720095,0.5644065101543714,1.2,0
1378,1,0,1,2,1,1,0,0,0,0,1,0,0,0,0,0,0,1,0,0,-0.09782714637160607,-1.2938153326672086,1.2,0
1379,1,0,0,1,2,2,0,1,0,0,2,0,0,0,1,1,0,1,0,0,2.3937591099876596,-0.1097188368226013,1.2,0
1380,1,1,0,0,0,0,2,1,0,0,0,0,0,2,0,1,2,1,2,1,-0.23609154640448074,-0.5303392567862353,1.2,0
1381,1,2,0,0,1,0,1,2,0,2,0,1,0,1,1,2,1,0,0,0,1.618446373083639,1.7063628742591392,1.2,0
1382,2,0,0,1,1,1,1,1,1,0,1,0,0,1,0,0,1,1,1,1,0.28532813599205686,-1.8122762915895119,1.2,0
1383,0,0,0,0,1,2,1,1,0,0,0,0,0,1,0,1,0,0,0,1,0.5777585906273984,1.0719413369510098,1.2,0
1384,0,1,0,0,0,2,0,1,0,1,0,0,0,2,2,0,0,2,0,0,0.07622272357161908,0.13985394368084858,1.2,0
1385,1,0,1,1,2,2,1,2,1,0,1,0,0,1,2,0,0,1,1,1,4.1132745944777795,2.910216293450246,1.2,0
1386,1,0,0,2,1,2,1,1,0,0,1,0,0,1,2,0,0,1,2,1,2.1553662405844336,-0.44049989083609603,1.2,0
1387,1,0,1,2,2,1,1,1,0,1,1,0,0,2,2,2,1,1,0,0,-0.24660405018895087,1.066533089747228,1.2,0
1388,2,0,2,0,1,1,0,0,0,1,1,0,0,2,2,1,2,2,0,2,1.8907388865430383,-0.32977718591450156,1.2,0
1389,0,1,1,1,2,1,2,0,0,1,1,0,0,0,0,0,0,1,1,2,0.8018971635183416,-0.8273444844523368,1.2,0
1390,1,0,1,1,2,1,0,2,0,0,0,0,0,1,1,0,0,0,1,0,0.03062977184809689,0.897675939220052,1.2,0
1391,0,0,1,1,0,2,1,0,0,1,1,0,0,1,2,0,0,1,0,1,1.5286105851764578,0.42131632074737546,1.2,0
1392,2,0,0,1,1,2,2,1,2,0,1,0,0,2,2,2,0,0,0,0,0.7647918122224783,-1.2782024234573859,1.2,0
1393,0,0,0,1,1,2,1,1,0,1,0,0,1,0,1,0,1,2,1,1,0.3498295892426282,-2.4398444004473516,1.2,0
1394,2,2,1,2,1,1,0,1,0,0,1,1,0,2,0,1,0,1,0,2,1.057023383853945,0.8039359619471738,1.2,0
1395,1,0,0,0,2,1,2,1,1,1,1,0,1,2,1,0,1,0,0,0,-0.445760418335219,-1.509785698394177,1.2,0
1396,1,1,0,1,0,0,1,0,0,1,0,0,0,1,1,0,2,1,0,0,-1.0492373500817742,1.4060900594119268,1.2,0
1397,2,0,1,1,2,0,1,0,0,0,0,0,0,1,0,0,0,0,1,0,-1.0501890576569455,0.594696137406573,1.2,0
1398,2,0,0,1,1,1,2,0,0,0,0,1,0,1,0,1,0,1,0,1,2.354347667910237,-0.9883595000101862,1.2,0
1399,1,0,1,1,1,2,1,0,0,1,0,1,0,2,0,0,0,1,0,0,-0.6395585531424123,-0.7152566846739603,1.2,0
1400,1,0,0,1,1,2,1,1,0,2,1,0,0,1,1,2,0,1,0,0,-0.44667672245064427,0.5740602795484203,1.2,0
1401,0,0,1,0,1,0,1,1,0,0,1,0,0,0,1,0,1,0,0,2,-0.7334641008624132,-1.4455828185734099,1.2,0
1402,2,1,2,0,1,0,1,1,0,1,0,0,0,2,1,0,0,0,1,1,-0.2716019759422028,-1.557829009342317,1.2,0
1403,2,1,0,1,0,1,1,0,0,2,0,0,0,1,1,1,0,0,1,0,2.503519832924641,0.7763170634937571,1.2,0
1404,1,0,1,1,0,1,2,1,0,0,2,1,0,0,2,0,1,1,1,1,-1.3810194217054632,-1.2586709060195735,1.2,0
1405,1,0,0,2,0,1,1,0,1,0,1,0,0,1,1,1,0,1,0,1,0.23345487987257205,-0.007047856539646125,1.2,0
1406,1,0,0,1,1,0,0,0,0,1,0,0,0,0,1,2,0,0,1,1,-0.5430547995995965,-0.00765412967087431,1.2,0
1407,0,0,0,1,2,1,2,1,0,0,1,0,0,0,1,1,1,0,1,0,1.52788110890275,0.35291486752982565,1.2,0
1408,1,0,0,1,0,0,1,1,0,1,0,0,0,0,1,1,1,0,1,0,0.9996359924296623,0.674829456789726,1.2,0
1409,0,0,2,1,1,1,1,1,1,1,0,0,0,1,0,2,0,0,1,0,-2.520295438576201,-1.1317187403945503,1.2,0
1410,0,0,0,2,1,0,2,0,0,1,0,0,0,1,1,1,1,0,0,2,0.3290183125237113,1.9254346920224934,1.2,0
1411,0,0,0,1,1,0,2,1,0,2,0,0,0,1,2,2,0,0,0,0,-0.214325036969678,-0.28247386518833995,1.2,0
1412,0,0,1,0,2,1,2,0,0,1,0,0,0,1,2,1,1,1,0,1,0.8978294838077655,0.04962595418006588,1.2,0
1413,1,1,1,1,0,2,0,2,0,1,0,0,0,1,1,0,0,1,0,0,0.32892054251856995,0.3216890071835005,1.2,0
1414,0,1,0,0,0,0,1,1,0,0,0,0,0,1,2,1,1,1,0,0,-0.9191354546100385,0.1450227911494426,1.2,0
1415,1,0,1,1,1,2,1,1,0,0,0,0,0,2,1,0,0,1,0,0,0.3071695540748892,0.2521441299447239,1.2,0
1416,2,1,0,0,0,1,0,1,0,0,0,0,0,0,0,0,0,1,0,1,-0.4590992416783051,-0.7915009979161551,1.2,0
1417,1,1,1,2,1,0,2,2,0,1,1,1,0,2,1,2,0,0,0,2,1.786030593679059,0.2624494137118143,1.2,0
1418,0,0,2,1,0,0,1,2,1,1,1,0,0,2,1,0,1,0,0,0,-0.5341157843505441,-1.7007946213023613,1.2,0
1419,0,0,1,1,1,1,0,1,1,2,1,0,0,1,2,2,1,1,0,0,-1.0231224908440228,0.6526298558288535,1.2,0
1420,1,0,0,1,1,2,0,2,0,1,0,0,0,0,0,1,0,0,0,0,1.2782178821709629,2.2916856570265196,0.5578063676633847,1
1421,1,0,0,0,1,2,2,0,0,1,1,0,0,1,1,1,1,0,0,1,-1.0164660859881156,-1.6227728417447707,1.2,0
1422,2,0,0,1,0,0,1,2,0,0,1,2,0,0,0,1,0,1,0,1,2.3387817159178987,-0.2288401689393214,1.2,0
1423,0,0,1,1,2,0,0,0,1,1,0,1,0,0,1,2,1,2,1,0,0.382495968770636,0.20131224389701174,1.2,0
1424,1,0,1,0,1,0,2,0,0,2,0,0,0,1,1,0,0,2,0,1,0.8224801591668064,0.6302464344663936,1.2,0
1425,1,0,0,1,1,2,1,2,0,0,1,1,1,1,1,0,0,1,0,0,-0.3054397226425123,-1.8644206272114818,1.2,0
1426,2,0,0,0,0,1,2,1,0,2,0,0,0,1,2,1,1,0,2,1,0.8514017393421703,0.26946584937422646,1.2,0
1427,2,0,0,0,1,0,1,1,0,0,0,1,0,1,0,1,1,0,2,1,1.4339547707527247,0.38751199908384626,1.2,0
1428,1,0,1,0,0,0,1,1,0,0,2,0,0,0,1,1,0,1,0,0,-1.6118959800584791,-1.1676204714706486,1.2,0
1429,1,0,0,0,2,1,0,1,0,1,0,0,0,0,0,0,1,1,0,1,0.5730907420901595,-0.4293809485183463,1.2,0
1430,0,1,1,1,2,1,2,2,0,1,1,0,0,1,1,1,1,1,0,1,-1.091235385459195,-0.7653781434938343,1.2,0
1431,0,0,1,0,0,1,0,0,0,0,0,1,0,2,1,0,0,1,1,2,1.5366994268180136,-0.07411884211899036,1.2,0
1432,2,0,1,2,0,1,1,0,0,1,0,0,0,1,2,0,0,1,0,1,0.7006270354475438,0.7083652836915832,1.2,0
1433,0,0,0,2,0,0,1,1,0,0,1,0,0,1,0,1,0,0,0,1,-0.7723156898161796,0.9464335687903929,1.2,0
1434,2,1,1,0,0,2,1,1,0,0,0,0,0,0,0,1,0,0,0,0,1.8808481346811128,1.4252152084205219,1.0883054430938728,1
1435,0,0,1,1,1,2,2,0,1,0,0,0,0,1,2,1,0,1,0,1,-1.2047035229503904,-0.7271488033818445,1.2,0
1436,1,0,1,1,0,1,0,1,1,1,1,0,0,1,0,2,0,0,0,1,0.41167788178867265,-0.32094834516410164,1.2,0
1437,1,0,0,1,0,0,1,0,0,0,1,2,0,2,1,0,0,1,1,1,0.43448360526432406,0.6894060935184241,1.2,0
1438,2,0,0,1,1,1,1,2,0,0,0,0,0,1,1,1,0,2,2,0,-0.6876360334914124,0.37687878131499,1.2,0
1439,1,1,1,2,1,1,1,0,0,2,2,0,0,0,1,0,0,1,0,0,-1.494285730275625,-1.1081775617784335,1.2,0
1440,0,0,1,0,1,1,1,1,0,1,0,0,0,1,0,0,1,2,0,0,-1.3002411091872228,0.8951388752777492,1.2,0
1441,1,2,1,0,1,2,0,2,0,0,1,0,0,1,2,1,0,2,1,2,-0.20780321769194532,-1.255748256247958,1.2,0
1442,1,0,1,2,2,0,0,0,0,1,0,0,0,0,1,2,1,0,1,1,1.2232677774520948,1.99612457407398,0.4975915518175321,1
1443,0,0,1,1,1,2,0,2,0,0,1,0,0,0,2,0,1,0,1,1,0.08492607434365593,-0.12361508559516626,1.2,0
1444,1,1,0,2,2,2,2,1,0,0,1,0,0,1,2,0,1,1,0,2,0.6476363940605331,-0.23158976894354616,1.2,0
1445,1,0,1,1,1,1,0,1,0,0,0,0,1,2,0,2,0,2,0,1,0.21032492104613743,-1.7605775577560006,1.2,0
1446,1,0,1,1,0,1,1,0,0,1,0,0,0,0,2,0,1,0,1,2,-0.2865867183282566,-0.01757115080990085,1.2,0
1447,1,0,0,1,1,1,1,2,1,1,2,0,0,2,2,1,0,0,0,0,-0.18548000631677902,-1.8685290365478413,1.2,0
1448,1,0,2,1,1,2,2,2,0,0,0,0,0,1,1,2,1,1,1,0,-0.2014648007787434,1.1910547263868272,1.2,0
1449,2,0,0,1,1,1,2,0,0,1,0,0,0,0,1,1,0,1,0,2,1.2044675692586775,0.743253244308181,1.2,0
1450,1,0,1,0,1,1,0,0,0,1,0,1,0,1,1,2,1,1,1,2,0.18535267590364846,0.32959587628512255,1.2,0
1451,1,0,0,0,2,0,0,1,0,0,0,0,0,2,1,1,0,0,0,0,0.4227537414708835,0.9338027280291222,1.2,0
1452,1,0,0,0,1,0,1,1,0,0,1,0,0,0,1,0,1,0,0,0,0.10228429387523283,-2.109104431533421,1.2,0
1453,2,1,1,0,1,0,0,1,0,0,2,0,0,0,2,1,0,1,1,0,0.21533780279108863,0.4728571211552646,1.2,0
1454,2,1,0,1,1,1,1,1,0,0,1,0,0,0,1,2,0,1,0,1,0.5090329235810823,-0.6327629596544353,1.2,0
1455,0,0,0,1,0,1,2,0,0,0,1,0,0,1,1,1,0,1,1,0,-0.23856446442133533,0.2634969003774713,1.2,0
1456,1,1,0,2,1,1,2,1,0,0,0,1,0,0,2,1,1,2,0,0,1.108181267732751,-0.17405820678914707,1.2,0
1457,1,0,2,0,2,1,1,0,0,0,0,0,0,1,2,2,0,0,0,2,1.3054041154461946,1.4731463948790682,1.0742971380239688,1
1458,2,0,0,2,0,1,0,1,0,2,2,0,0,1,0,2,0,1,0,0,-0.33824603351617516,0.03359022961510627,1.2,0
1459,0,1,0,1,1,0,2,2,0,1,0,0,0,1,0,0,0,1,0,2,0.09980973313145132,1.811785663416985,0.5099280948123507,1
1460,0,0,1,0,1,0,1,1,0,1,0,0,0,0,1,0,0,0,0,0,-0.25489218378776013,0.010366460077166476,1.2,0
1461,2,0,0,0,2,1,1,1,0,1,1,0,0,0,2,1,0,0,1,1,-0.8692919697752246,0.28169094908283876,1.2,0
1462,0,0,0,0,1,2,0,1,0,1,0,0,0,0,2,0,1,1,0,0,-0.20381270499554224,-0.4692157292029031,1.2,0
1463,0,0,1,0,0,1,2,1,0,1,0,0,0,2,1,1,0,2,0,0,-1.0933863648989974,-2.041481468013127,1.2,0
1464,1,0,0,1,1,1,0,0,0,0,1,0,0,1,1,1,0,1,0,0,0.6774042790849519,-0.39634204841692827,1.2,0
1465,1,2,1,1,0,1,0,1,0,0,0,0,0,1,1,0,2,1,0,2,1.713246006706303,0.898388638336377,1.2,0
1466,2,0,0,1,0,0,1,2,0,1,0,0,0,1,0,1,1,0,0,0,0.20640040601104098,0.4060238065926165,1.2,0
1467,1,0,2,1,0,1,0,1,1,0,1,0,1,0,1,0,1,0,0,0,0.033801187582717086,-0.8871358287476256,1.2,0
1468,1,1,1,0,0,2,0,0,0,0,1,0,0,0,0,1,0,1,0,1,-0.2617760616364088,-0.08678541953778374,1.2,0
1469,1,1,0,0,2,2,1,1,0,0,0,0,0,0,0,1,0,0,0,1,-0.218625371726372,0.45698074945510114,1.2,0
1470,1,0,0,1,1,1,1,1,0,0,1,0,0,2,0,1,1,0,0,0,-0.16426606598942525,-0.700548357010095,1.2,0
1471,0,1,1,0,0,0,1,1,0,0,1,0,0,1,1,0,1,0,1,0,-0.23447104669139654,-1.6969757273220953,1.2,0
1472,1,0,1,2,1,1,1,2,0,2,1,0,0,1,1,1,0,1,0,1,1.307794369217331,-0.26794188944115127,1.2,0
1473,1,1,2,2,1,0,1,0,0,2,0,0,1,2,2,1,1,2,0,2,0.50683383189394,1.745840645672338,1.2,0
1474,2,1,0,1,0,1,2,1,0,0,1,0,0,0,1,1,0,0,1,1,-0.4404726587384732,0.4648782597538168,1.2,0
1475,1,1,0,1,0,2,0,1,0,1,0,0,1,2,2,1,0,2,1,0,-0.7248290681346039,-0.4362366298983097,1.2,0
1476,1,0,0,0,1,0,1,2,0,2,0,0,0,2,1,1,0,2,1,1,-0.10457913522858918,0.016531159936080897,1.2,0
1477,2,1,1,1,0,1,1,1,1,0,1,0,0,2,1,1,1,1,0,0,-0.6921502899369638,-0.6277381602657632,1.2,0
1478,1,0,1,1,0,2,1,0,0,0,0,1,0,1,1,2,0,0,1,1,-0.742970299678593,0.12853865116960084,1.2,0
1479,1,1,0,1,0,1,1,1,0,0,1,0,0,1,1,1,1,0,0,1,-0.1915565387474453,-1.3847596958343817,1.2,0
1480,2,1,1,0,0,1,2,2,0,1,2,0,0,1,0,0,0,0,1,0,-1.3640804889331455,-1.137593437096928,1.2,0
1481,1,1,1,0,1,0,2,2,0,0,0,1,0,1,1,1,1,0,0,1,-0.005093152850471293,0.569149113283898,1.2,0
1482,0,0,0,1,2,1,0,0,0,1,0,0,0,2,1,0,0,0,2,0,0.021142059422452935,-0.11492283207193443,0.4270954861446601,1
1483,1,1,0,1,1,1,1,1,0,1,1,0,1,1,1,0,0,0,0,1,1.0374250180963083,0.2039805669992021,1.2,0
1484,2,0,1,1,2,1,1,1,0,0,1,1,0,1,1,1,0,0,0,0,-1.150574721075165,0.7514619982688799,0.4183597058155999,1
1485,1,0,1,1,1,1,1,0,0,1,0,0,1,1,0,1,1,0,0,1,-1.2441001805404257,0.7767810055360436,1.2,0
1486,0,1,0,0,0,1,1,2,0,1,1,0,0,2,1,2,0,1,0,0,1.253139847269892,0.43328327089068147,1.2,0
1487,1,0,0,0,2,1,2,1,0,0,0,0,0,1,1,0,0,1,1,0,-0.023763066114889115,2.1668556777774244,1.2,0
1488,1,0,0,0,2,0,1,2,0,0,1,0,0,0,1,2,0,2,0,1,-3.278381906029758,-2.245770045316728,1.2,0
1489,0,0,2,1,2,2,1,1,0,1,2,0,0,1,2,1,1,1,1,0,0.4671010643442245,1.767183778524591,1.2,0
1490,1,1,0,1,0,1,0,1,0,0,0,0,0,0,1,1,0,1,2,1,-0.9275684050386435,0.9039117365120284,1.2,0
1491,0,0,1,0,1,0,0,0,0,1,0,0,0,0,1,1,0,0,0,1,0.7323812452801328,0.1549974499912195,1.2,0
1492,0,1,0,2,1,0,1,1,0,1,0,1,0,1,0,2,0,1,0,0,0.5984029598417648,0.5500715240975134,1.2,0
1493,1,1,0,2,1,0,2,1,0,1,1,0,0,2,1,1,0,0,0,1,0.6211499770318221,-0.06501949168824905,1.2,0
1494,0,0,1,0,2,1,2,2,0,0,0,0,0,2,0,1,1,1,0,1,-1.96604235844869,-1.5828883645957996,1.2,0
1495,1,1,1,2,1,1,1,1,0,0,2,0,0,0,2,1,1,1,0,1,2.030674763587127,0.2800821537354069,1.2,0
1496,1,1,0,0,1,1,1,2,0,0,0,0,0,0,0,1,2,0,0,1,-1.1760362365731298,-0.7722250003705958,1.2,0
1497,0,0,1,1,2,1,0,2,0,0,1,0,0,0,2,1,0,0,1,0,-0.6815604876922295,0.7953654876185707,1.2,0
1498,1,0,1,0,1,1,0,1,0,1,1,0,0,2,2,2,1,1,0,0,-0.7825110585667886,-0.6822632317299812,1.2,0
1499,1,2,0,0,1,2,1,1,0,1,0,0,0,2,0,0,0,1,0,2,-0.746079896053123,0.987299562844417,1.2,0
1500,0,0,0,2,1,2,0,2,0,0,1,1,1,2,0,1,0,0,1,0,-0.6186405471691326,-0.5184435779953867,1.2,0
1501,2,0,0,0,2,2,0,0,0,0,1,0,0,1,2,0,2,1,1,2,-0.42127014040186217,1.5823145780728896,1.2,0
1502,0,2,1,1,2,1,1,0,0,0,0,0,0,1,1,1,1,0,1,2,1.3622700241776124,0.027809488796800563,1.2,0
1503,1,1,1,0,1,1,0,1,0,0,1,1,0,0,1,1,0,0,0,1,0.4727328312010203,-0.824184922434424,1.2,0
1504,2,0,1,1,1,1,2,1,0,0,0,0,1,1,1,1,0,1,0,1,0.6428040354099972,0.5911314774703802,1.2,0
1505,2,1,1,2,0,0,0,1,1,0,0,0,0,1,0,2,0,0,1,1,-0.01059735724360053,-1.5364310043911316,1.2,0
1506,0,0,0,1,1,1,1,0,1,0,1,0,0,1,1,1,0,0,0,1,-0.16132530976587298,-1.6157623783674495,1.2,0
1507,2,0,1,0,1,1,0,0,0,0,0,1,0,1,2,0,0,2,1,0,0.9320050558138587,1.6783025325824839,1.2,0
1508,0,0,1,2,1,1,1,0,0,1,0,0,0,1,1,1,0,1,0,0,2.1810016902604814,1.996215328023049,1.2,0
1509,1,0,1,0,0,2,0,0,0,1,0,0,0,1,0,1,0,1,0,0,0.8291841641822327,0.5646993494863745,1.2,0
1510,1,0,1,1,2,2,0,1,0,0,2,0,0,1,0,1,0,1,0,0,0.19783324755762133,0.7201829041317261,1.2,0
1511,2,1,0,0,0,1,1,0,0,0,1,0,0,2,1,1,1,0,0,0,-0.49641118880182084,-0.9549367994769364,1.2,0
1512,1,1,0,1,2,2,2,2,0,0,1,0,0,0,1,1,1,0,0,0,-0.9724356464026499,0.15301886011505017,1.2,0
1513,2,0,1,0,1,2,1,1,1,0,1,0,0,0,1,0,1,1,1,1,1.1194981188060966,0.08050068155736312,1.2,0
1514,0,1,0,1,0,1,1,2,0,0,0,0,0,0,1,2,0,2,1,1,0.018273347011605757,-0.3074638052683569,1.2,0
1515,0,0,0,0,1,0,1,1,0,1,2,0,0,1,0,0,1,0,0,1,-0.6672722447600511,-0.15574565529196782,1.2,0
1516,1,1,0,1,0,1,2,0,0,0,0,0,0,2,1,2,1,0,0,2,-1.0366810653716771,0.180333672245108,1.2,0
1517,2,0,1,2,0,0,1,0,0,1,1,0,0,0,1,2,0,1,0,1,-0.24189432580701326,1.3262518821972529,1.2,0
1518,0,0,0,2,0,2,1,1,1,0,0,0,0,0,1,1,1,1,1,0,0.320765806424907,0.8948538769939522,1.2,0
1519,2,0,0,0,0,2,1,1,0,0,1,0,1,1,1,0,1,0,0,1,0.9286861674839361,-0.13200996941139798,1.2,0
1520,1,0,2,1,2,0,2,1,0,1,0,0,0,0,1,0,0,1,0,1,-0.026025723957667734,1.655881977057747,1.2,0
1521,1,1,2,0,0,1,2,2,0,1,1,0,0,2,1,1,0,0,0,0,-0.2838444053538207,-1.0059825974690877,1.2,0
1522,2,0,1,1,1,2,1,2,1,0,1,0,0,0,0,1,0,1,1,0,-0.2574482744989937,-0.647148059273392,1.2,0
1523,0,0,2,0,1,1,2,0,0,1,1,0,0,2,1,1,0,0,0,0,-1.196010135786847,-1.411152236042786,1.2,0
1524,1,1,1,1,1,1,1,1,0,0,0,0,0,0,1,0,0,2,1,1,-0.05664751784302005,0.40958497127719007,1.2,0
1525,0,0,0,1,2,0,1,1,0,1,0,1,0,0,2,1,0,1,0,1,0.3914042155650793,0.0713054588093126,0.9716591737465187,1
1526,0,2,0,0,0,0,2,0,0,1,2,0,0,0,0,0,0,0,0,0,0.9028389088012153,-0.24584325848297905,1.2,0
1527,0,0,0,0,0,0,1,1,0,1,1,0,0,1,0,2,0,1,1,0,-1.312940472570973,-1.4526738036810871,1.2,0
1528,2,1,1,1,1,0,1,1,0,0,1,0,0,2,0,0,0,0,0,0,-0.9837112722156692,-0.9357511150057405,1.2,0
1529,1,0,1,0,0,1,1,2,1,0,0,0,0,2,0,1,0,1,0,0,-0.37997117896195587,1.1187872437396982,1.2,0
1530,0,0,0,0,0,0,0,0,0,0,0,0,0,2,1,1,1,0,1,1,0.15002344401727008,-0.897884246292111,1.2,0
1531,0,1,1,1,1,0,1,0,0,1,0,0,0,1,1,0,0,1,2,1,-0.056923385571940814,1.5137354561837044,1.2,0
1532,0,0,0,0,0,2,1,1,0,0,1,2,0,0,2,2,0,1,0,2,-0.20027907181424165,-0.1233972788935011,1.2,0
1533,0,1,1,0,0,2,0,0,1,0,0,0,0,0,1,0,0,0,0,0,-1.1671266207575763,0.05016797315897703,1.2,0
1534,1,0,1,0,0,1,1,2,0,0,1,0,0,2,1,1,0,2,1,1,-0.39845752944575175,-0.6790216255189039,1.2,0
1535,1,1,1,1,1,1,0,0,0,0,1,0,0,0,0,0,0,0,0,1,-0.20073152560641544,0.5377323319462841,1.2,0
1536,0,1,2,0,2,1,1,0,0,1,1,1,0,1,2,0,0,1,1,2,0.1652730828640896,0.5939566031061941,1.2,0
1537,1,0,0,1,1,1,0,0,0,0,2,0,0,0,2,1,0,0,0,0,-0.2032463120283226,0.6904704305326079,1.2,0
1538,2,0,0,0,0,0,1,2,0,0,0,0,1,0,2,0,1,1,0,1,-1.4651740524086636,0.7687910248903247,0.3544685192477168,1
1539,1,1,0,1,1,0,1,1,0,1,0,1,0,1,1,1,1,1,1,2,-2.42870429807862,-0.44888947080265174,1.2,0
1540,2,0,0,1,0,1,1,0,0,2,0,0,1,1,1,0,0,2,1,0,0.8342831675469088,-0.7550407313220113,1.2,0
1541,0,0,0,0,2,1,0,1,0,0,0,0,0,0,1,2,0,0,0,1,0.6142920605028128,1.7608598529630384,1.2,0
1542,1,1,0,1,0,0,0,1,0,0,1,0,0,2,1,1,1,0,0,2,0.3332369856946059,-1.1492550755435291,1.2,0
1543,1,0,0,0,1,0,1,1,0,1,1,0,0,1,1,1,1,1,1,1,1.1293894148027885,-0.06857345793527912,1.2,0
1544,2,0,1,1,1,1,1,1,0,1,0,0,0,1,1,0,0,0,0,1,-0.39140437432079495,-0.18570811859126268,1.2,0
1545,2,2,0,0,1,1,0,0,0,0,1,0,0,1,2,1,0,1,0,1,-1.1390775550542596,-0.6841103638657724,1.2,0
1546,1,0,2,0,0,2,1,1,0,0,0,1,0,1,1,1,0,2,1,0,-0.3047554876312185,-0.970769817644997,1.2,0
1547,1,0,1,0,1,2,1,1,0,1,0,0,0,0,2,1,0,0,0,0,-1.3962183861881525,0.22029444832390452,1.2,0
1548,1,0,0,0,1,1,0,2,0,0,0,0,0,2,0,1,0,1,0,2,1.5632260842046546,-0.13449831422184566,0.7894190756053826,1
1549,0,0,1,2,1,0,0,1,0,2,0,0,0,0,1,1,0,0,1,1,1.235425675316069,2.4543434696103796,1.2,0
1550,1,0,1,2,0,1,0,1,1,0,1,0,1,1,1,1,0,1,0,2,-0.15663927211162465,-1.0330001577048997,1.2,0
1551,1,1,0,0,0,2,1,0,1,0,0,0,0,1,1,1,0,1,1,1,-1.5506392211720457,-1.0848444639277306,1.2,0
1552,0,0,1,2,0,1,1,1,0,0,0,0,0,0,1,1,1,0,1,1,1.883089786228322,0.611991618149184,1.2,0
1553,1,0,0,1,0,1,2,0,0,1,1,0,0,2,0,1,0,1,0,0,-1.2225174288584884,0.22720237548690225,1.2,0
1554,1,0,0,1,1,1,1,0,1,1,0,0,1,0,1,1,1,1,0,1,0.41977585250734517,0.7305545818420283,1.2,0
1555,1,1,0,0,1,1,2,2,1,1,0,0,0,1,1,1,0,0,1,1,0.6690576366963553,1.4178987555346156,1.2,0
1556,2,0,0,0,1,1,1,2,0,1,0,0,0,1,2,0,0,2,0,1,-0.9834794467901229,0.9186446165238796,1.2,0
1557,1,0,0,0,0,1,0,1,0,0,0,0,0,1,2,1,0,2,0,1,2.356691344848206,-0.679666983655418,1.2,0
1558,1,0,1,1,0,2,1,1,0,1,0,1,0,1,1,1,1,0,1,0,1.5524487644326654,0.8546285331824952,1.2,0
1559,2,0,2,1,0,1,1,1,1,0,0,0,0,0,1,2,0,1,1,0,2.804470921394016,-0.4925637575148547,1.2,0
1560,0,1,0,1,1,1,1,0,0,0,0,0,0,1,2,1,1,1,1,2,0.6212096325202352,0.06315113418489848,1.2,0
1561,0,0,1,1,1,1,2,1,0,0,0,0,0,1,1,1,0,0,1,1,2.64489013610741,1.8786737715593562,1.1223669861871657,1
1562,0,0,2,1,0,2,1,0,0,0,0,0,0,2,2,0,0,0,0,0,-0.8251112142859144,0.19306703519953722,1.2,0
1563,1,0,2,1,0,1,1,0,0,1,0,0,0,1,1,1,0,1,0,1,1.1115131158435503,1.6083461419092377,1.2,0
1564,0,0,1,1,0,0,0,2,0,1,1,0,0,1,2,1,0,1,0,0,0.9092346199562662,0.7925095611030759,1.2,0
1565,0,0,0,0,0,0,2,1,0,2,1,0,0,0,1,2,0,1,0,0,0.12158431262617059,-0.13341662921765288,1.2,0
1566,0,0,0,0,0,2,2,0,0,0,1,0,0,1,1,0,1,2,1,1,-1.7473615504523572,-1.0366504548489124,1.2,0
1567,0,0,2,1,0,0,1,0,0,0,0,0,0,2,1,1,0,1,0,1,0.2760632357379155,0.18574016574503255,1.2,0
1568,0,1,0,1,0,2,0,0,0,0,2,0,0,2,2,1,0,1,0,0,0.9002950176002567,1.3821987141505467,1.2,0
1569,1,0,0,1,0,1,0,0,0,0,0,0,0,1,0,0,1,1,0,0,-0.9889643902473924,-1.6960417041633167,1.2,0
1570,2,0,0,0,1,1,1,1,0,0,1,0,0,2,1,1,0,0,0,1,0.043562245270501954,-0.9209726578502995,1.2,0
1571,1,1,1,1,1,2,1,1,0,1,1,0,0,1,1,0,0,0,1,1,0.5514113364077297,1.0076128726467557,0.32749899978163843,1
1572,1,0,1,1,1,2,2,1,0,0,0,0,0,2,2,2,1,1,0,1,0.7664708172968172,0.2527507700117041,1.2,0
1573,1,1,0,1,1,0,2,0,0,0,1,1,0,2,2,0,0,1,1,1,1.6895422760558534,-0.19392264848753066,1.2,0
1574,0,0,0,0,1,1,0,2,0,0,0,0,0,1,1,0,0,1,0,1,0.5550375626111219,-0.7326826624061022,1.2,0
1575,1,0,1,1,2,0,2,0,0,0,1,1,0,2,1,0,0,0,1,1,-0.6692988622882537,-1.2635052605427475,1.2,0
1576,0,1,0,0,0,1,1,0,0,0,1,0,0,0,2,0,0,1,0,1,-0.7818259118204764,-0.8570978253811761,1.2,0
1577,2,0,1,0,0,1,1,1,0,1,0,0,0,1,2,1,1,1,0,1,0.16225541364532023,0.04483204010715569,1.2,0
1578,1,0,1,1,0,0,1,0,0,0,1,0,0,2,0,0,0,1,2,0,-1.105681539575196,0.5752802976989375,1.2,0
1579,1,1,1,0,0,1,1,1,0,0,0,1,1,1,1,2,0,1,1,1,1.034925266384803,0.8013198724104609,1.2,0
1580,1,0,2,1,2,2,1,2,1,0,1,0,0,1,1,1,0,1,0,1,-0.6843923827794753,0.8260105581201198,1.2,0
1581,1,0,0,0,0,0,2,0,0,0,0,0,0,0,1,0,0,2,0,1,-0.06269211223273255,-1.7021115757752447,1.2,0
1582,0,0,0,1,1,1,1,1,0,0,0,1,1,0,2,0,1,1,0,1,0.2676490555198333,0.20759641785035254,1.2,0
1583,1,1,1,0,0,0,0,1,0,1,1,0,0,0,1,0,0,0,0,1,-0.2269567517807953,0.178755230198424,1.2,0
1584,0,1,1,0,0,2,0,1,0,0,1,0,0,2,1,0,1,1,0,0,-0.1184878458909156,-2.3200690354925264,1.2,0
1585,1,0,0,1,0,1,2,0,0,2,2,0,0,1,0,0,0,2,0,1,1.2424867078690915,-0.25370529131350483,1.2,0
1586,1,1,0,1,1,1,1,2,0,0,1,0,0,1,0,0,1,1,0,0,-0.7186985434242911,-1.836586986395317,1.2,0
1587,1,0,0,0,1,1,1,1,0,1,0,0,0,1,2,0,0,1,0,1,-0.5474949829449498,0.3877439324299179,1.2,0
1588,1,0,2,0,1,2,0,0,0,2,1,0,0,0,2,2,1,2,0,1,2.5771044009338806,0.13170276161101402,0.17085368892564803,1
1589,1,0,0,0,1,0,1,1,0,0,0,0,0,1,1,2,1,0,0,0,-0.9127974450201999,-0.712526581479511,1.2,0
1590,0,0,1,0,1,1,0,0,0,0,1,0,1,2,0,1,0,0,0,0,0.49295285108935344,0.15131555892489196,1.2,0
1591,1,2,1,1,0,1,2,2,1,0,1,0,0,2,1,0,2,0,0,1,0.14944843315066503,-0.6759733122883094,1.2,0
1592,2,2,1,1,0,0,0,0,0,0,0,0,0,2,0,1,1,0,1,1,-0.8743471530529581,1.068931317862435,1.2,0
1593,1,1,1,0,0,1,1,1,0,1,1,0,0,1,1,0,0,0,1,2,-0.22368075042012145,-0.6546382573940321,1.2,0
1594,1,0,0,1,1,0,2,0,0,0,0,0,0,0,1,2,1,1,1,0,0.04075877857738012,1.9783654267022681,1.2,0
1595,0,0,1,1,1,2,1,1,0,1,1,1,0,1,1,1,0,0,1,1,1.0131672838798687,-0.4878634122561952,1.2,0
1596,0,0,2,0,0,1,0,2,0,0,2,0,0,0,2,2,1,0,0,0,0.697035779286558,-0.4317895319634161,1.2,0
1597,1,1,1,1,1,2,1,1,0,1,0,0,0,1,0,0,0,2,1,1,0.40213408436742065,0.13918735563276075,1.2,0
1598,2,1,1,0,1,0,1,0,0,0,1,0,0,1,0,1,0,1,1,1,-0.8669173396738681,-0.729465184743316,1.2,0
1599,0,0,2,1,0,2,1,1,0,1,0,1,1,2,1,2,0,0,0,1,-0.26686278404170655,0.8258330130950247,1.2,0
1600,2,1,2,0,0,2,1,1,0,1,0,1,0,2,1,1,1,1,1,1,1.0370526601342613,1.6128245897996378,1.2,0
1601,1,1,0,1,0,2,1,1,0,0,0,0,0,1,0,2,0,1,2,1,-0.5015017423573837,0.4172901323933965,1.2,0
1602,1,0,2,0,0,1,0,0,1,0,1,0,0,0,1,0,1,0,0,0,1.3103464280773334,-1.1272877335015046,1.2,0
1603,1,1,1,2,0,2,0,2,1,0,0,1,0,1,0,1,0,2,0,2,-0.23261092617555112,0.693927563324547,1.2,0
1604,0,0,0,2,0,0,0,0,0,0,1,0,0,1,2,1,0,1,1,1,1.1040553649544997,0.17349778885698627,1.2,0
1605,1,1,0,0,1,1,0,2,0,0,0,0,2,1,1,0,0,0,0,0,0.8606891898370025,0.3985367831586999,1.2,0
1606,1,0,2,0,2,2,1,0,1,1,0,0,0,0,1,2,1,2,0,0,-0.8996592552667222,1.2408611713806934,1.2,0
1607,1,0,2,1,1,0,0,1,0,1,0,0,0,2,2,1,0,1,2,0,-0.13341392033927627,0.8944766538648874,1.2,0
1608,0,0,0,1,0,1,1,1,0,0,1,0,0,2,2,1,0,0,0,1,0.5085945095253163,0.4621645258883452,1.2,0
1609,0,0,0,2,2,1,2,1,0,0,1,0,0,0,0,0,0,0,0,0,-1.5829205118058352,-2.3219752314136546,1.2,0
1610,1,1,1,2,1,1,0,1,0,0,0,0,0,1,1,0,0,1,1,1,0.8182957508065422,2.436071136041285,1.2,0
1611,2,1,0,0,1,0,2,1,0,0,1,1,0,2,1,1,1,1,1,0,-0.08964005272679214,-1.9111196059401059,1.2,0
1612,1,0,0,0,0,0,1,0,0,0,0,0,0,1,1,1,0,1,0,0,-1.2389147027186196,0.07052317126531804,1.2,0
1613,1,0,0,0,1,2,2,2,0,1,1,0,1,1,2,1,0,1,1,1,0.18148430576700902,-0.38816487347969386,1.2,0
1614,0,0,0,0,0,1,0,1,0,0,2,0,0,0,0,1,0,0,1,2,0.45706718473255564,-1.592646374432386,1.2,0
1615,2,0,2,0,2,2,1,1,0,1,0,0,0,0,2,1,0,0,0,1,0.6981532990288783,1.1206282481429009,1.2,0
1616,0,1,1,0,0,1,2,2,0,0,0,0,0,2,1,2,1,1,1,1,0.5059485188701649,-1.4438541014527901,1.2,0
1617,0,1,1,0,0,0,1,1,0,0,0,0,0,1,0,0,0,1,0,0,-0.3394413551988333,-0.37960923056731216,1.2,0
1618,0,1,0,1,0,1,1,1,0,1,1,0,0,2,0,1,0,1,0,0,0.9901337056568359,1.076865364079982,1.2,0
1619,1,1,0,1,2,0,2,1,0,1,1,0,0,1,1,1,0,2,0,2,0.63056153820498,0.13038682659290407,1.2,0
1620,1,1,0,1,1,2,2,2,0,1,0,0,0,0,1,2,1,1,1,1,-0.30173657390573705,-0.28512778596965643,1.2,0
1621,2,2,0,2,1,2,1,0,1,0,0,0,1,0,2,1,0,2,0,1,0.4825575442597291,-0.28416179978956835,1.2,0
1622,2,1,0,0,2,0,0,1,0,0,1,0,0,1,0,1,1,0,0,1,0.021209677336206236,-0.14404279657353194,1.2,0
1623,1,2,2,0,1,1,0,0,0,1,0,0,1,1,1,0,1,0,0,1,-0.6184867122704464,0.32895955538928523,1.2,0
1624,1,0,1,0,0,1,0,2,0,1,0,0,0,1,1,0,1,2,1,0,-1.1906833071940466,-0.31295018386422774,1.2,0
1625,1,0,2,1,1,0,0,1,0,0,0,0,0,2,1,1,0,0,0,1,-1.181944588168231,0.3213936378047425,1.2,0
1626,1,0,1,1,1,2,0,1,0,0,0,0,0,0,1,0,2,1,1,1,-0.426156989324578,-1.9671106967551153,1.2,0
1627,2,0,1,0,1,1,1,1,0,1,0,0,0,1,2,0,0,1,0,1,-0.1500547670500233,0.7341350372662421,1.2,0
1628,1,1,1,0,0,1,2,0,0,1,0,0,0,2,0,1,1,0,0,1,-1.0613522466413852,0.2645715079947438,1.2,0
1629,1,0,0,1,0,1,0,1,0,0,0,1,0,1,1,1,0,0,1,0,-0.7096831897425324,-0.3227432001539952,1.2,0
1630,1,1,1,1,1,1,1,0,1,0,0,0,0,1,0,1,1,0,1,1,-1.874096057511079,-0.558496179319735,1.2,0
1631,1,0,0,1,0,2,0,2,1,1,0,0,0,0,1,0,0,0,2,1,0.3182661921127929,0.04516195216246896,1.2,0
1632,0,0,0,1,0,0,1,1,1,0,0,0,0,1,1,2,0,1,0,0,-0.4699469229531687,-0.3849872254832065,1.2,0
1633,1,1,1,2,2,0,2,2,1,1,2,0,0,2,1,2,2,1,0,1,0.7164996516227992,-0.19028484375762653,1.2,0
1634,2,1,0,1,2,1,1,0,0,0,0,0,0,1,0,0,0,0,0,0,0.8024770684490813,0.48861458609244246,1.2,0
1635,2,1,0,0,2,0,1,0,0,1,1,0,0,0,1,2,1,0,0,2,0.6022344452972335,0.5274533753588176,1.2,0
1636,0,0,1,0,1,1,0,1,0,2,0,0,0,1,2,2,0,1,0,1,0.45678104974210176,2.2524383957390977,1.2,0
1637,1,1,1,1,1,0,0,0,0,0,0,1,0,1,0,1,0,0,0,1,0.09987803230522796,1.3992335405323524,1.2,0
1638,2,1,0,0,0,1,2,2,0,0,1,0,0,0,0,1,0,0,0,2,1.1212416607396785,-0.8443563726337329,1.2,0
1639,1,0,0,1,1,2,1,1,0,0,1,0,0,0,2,0,0,0,0,1,-0.5705880645797594,-0.5586671933969808,1.2,0
1640,0,0,1,2,2,1,2,1,0,2,0,0,0,1,2,2,1,1,1,1,-0.9508286199762696,1.29892625680159,1.2,0
1641,0,0,1,2,1,1,0,2,0,0,0,0,0,1,1,2,0,1,0,0,-0.18462508960657356,1.2780438764039992,1.2,0
1642,2,0,0,2,1,1,0,1,1,1,0,0,0,1,1,1,1,1,0,0,-0.05271002101100687,1.2076365883444846,1.2,0
1643,0,1,0,1,1,1,0,1,1,1,1,0,0,2,1,1,1,0,0,1,-1.8522272872915209,-1.3083446600927717,1.2,0
1644,2,0,0,2,0,0,1,2,0,0,1,0,0,1,0,1,1,2,0,0,-0.38221603728827075,-0.26226373132159236,1.2,0
1645,1,0,1,2,0,0,1,1,0,1,1,0,0,2,0,1,1,1,0,1,-1.1808603373033455,-0.9577442551797293,1.2,0
1646,1,1,0,0,0,2,1,1,0,0,0,0,0,2,1,1,0,1,0,1,-0.3173675428946859,1.6292781863937171,1.2,0
1647,1,1,1,0,1,2,0,0,0,1,1,0,1,1,2,2,0,1,0,1,1.4635459122397676,1.5572324875351216,1.2,0
1648,1,0,0,0,2,1,1,2,0,0,1,0,0,1,0,1,1,1,0,1,-0.8628800065780594,-1.69347077068424,1.2,0
1649,1,1,1,1,1,1,0,1,0,0,0,0,0,1,0,0,0,0,0,0,0.40602904088270025,1.154950880049318,1.2,0
1650,1,0,0,1,1,0,0,1,0,0,1,0,0,2,1,1,0,1,0,1,-0.27439133098085267,0.08980188998850375,1.2,0
1651,0,0,0,0,0,1,2,0,0,2,1,0,0,1,1,2,1,0,0,1,-2.377049306577496,-1.0742950650569303,1.2,0
1652,0,1,1,0,0,1,0,0,1,2,1,0,0,1,2,1,1,0,0,0,1.2075292586957251,0.5472700297016697,1.2,0
1653,1,0,1,0,1,0,0,0,0,0,0,0,0,2,1,1,1,1,1,0,-1.4876839089088492,-1.2678554572425185,1.2,0
1654,0,0,0,0,0,0,2,1,1,0,0,0,0,2,1,1,0,2,2,1,0.8308957185411336,-0.7254767120898019,1.2,0
1655,2,0,2,1,1,0,1,2,0,1,0,0,1,1,1,0,0,0,0,1,-0.29017548715809754,0.4178120280667066,1.2,0
1656,1,0,1,1,1,2,1,0,0,1,1,0,0,0,0,1,0,1,0,0,0.442184960199647,-1.102901003700821,1.2,0
1657,0,0,0,2,0,2,1,2,0,0,0,0,0,1,0,1,0,2,0,2,-0.014807346188870717,-0.703511421254166,1.2,0
1658,0,0,1,0,0,1,1,0,0,0,1,0,0,0,1,1,0,1,1,0,0.8186881558614584,-0.369029080881518,1.2,0
1659,0,0,0,0,1,1,1,0,0,1,1,0,0,1,1,2,0,1,1,1,0.4805351847195262,-1.2879052936262134,1.2,0
1660,1,0,0,1,0,1,1,2,0,1,2,0,0,1,1,2,1,2,0,2,-0.9489061894803307,-0.5722064435947117,1.2,0
1661,1,1,0,1,0,0,2,1,0,0,0,0,0,2,1,0,0,0,1,1,-0.5547422736529274,0.04365896730344754,1.2,0
1662,0,0,1,1,1,0,1,1,1,0,0,0,0,1,0,2,0,0,0,1,-0.5605507294142579,0.38917662254722313,1.2,0
1663,1,0,1,0,0,1,2,2,0,1,0,0,0,0,0,0,0,0,0,0,-0.36862973413898653,-0.40702900610223913,1.2,0
1664,1,1,1,0,0,0,1,2,0,1,1,1,0,0,1,1,1,1,0,2,0.4122326357035953,1.560142535171946,1.2,0
1665,1,0,2,1,1,1,1,1,0,0,1,0,0,1,1,1,1,0,0,0,-0.03412690785974304,0.3919646473199503,0.9449631921213631,1
1666,2,0,1,2,1,2,1,2,0,1,0,0,0,0,1,1,0,0,0,1,-0.028204554910730466,2.028849726306385,1.2,0
1667,1,0,0,1,0,0,1,1,0,0,0,0,0,2,1,1,0,0,1,0,-1.700622445478517,-0.07514741061842206,1.2,0
1668,1,0,1,0,0,2,1,0,0,0,0,1,1,2,2,0,0,0,0,1,0.025233321517504577,-0.663803998112636,1.2,0
1669,0,1,0,0,1,1,1,1,0,1,0,0,0,0,1,1,0,0,1,0,-0.4162843794975469,0.12994082371424961,1.2,0
1670,1,0,1,1,1,2,1,1,0,1,0,0,0,0,1,0,1,1,0,0,-1.3712070140460568,-0.3333695049874259,1.2,0
1671,2,1,1,0,1,1,2,0,0,2,0,0,0,1,0,1,0,0,0,0,1.0939546223212744,3.4566326661454836,1.2,0
1672,1,0,1,1,0,0,0,1,0,1,0,0,0,0,2,0,1,1,1,0,2.302578901433527,1.17165777060874,1.2,0
1673,2,0,2,2,1,2,2,0,0,0,1,0,0,0,2,1,1,1,0,2,0.902282719047354,0.013795305836058647,0.5828364149326953,1
1674,2,0,1,1,1,2,0,0,0,0,0,0,0,1,0,0,0,1,0,2,-0.07274513632755102,0.28908144483536613,1.2,0
1675,0,0,1,0,0,0,0,1,0,0,0,0,0,1,1,0,1,2,0,0,-1.8364258824791468,-1.478734941306283,1.2,0
1676,1,0,0,1,1,2,1,0,0,0,1,0,0,2,1,1,1,0,0,1,0.5620070968341419,-0.4194359076754274,1.2,0
1677,1,1,1,1,0,1,2,2,0,2,0,0,0,1,1,0,0,0,1,2,1.218324017488233,-0.797634081091946,1.2,0
1678,1,1,0,1,1,1,0,2,0,1,1,0,0,0,1,1,0,2,0,0,0.4008288237692022,0.4134923539414224,1.2,0
1679,0,0,0,0,1,1,0,2,0,0,1,0,0,2,1,1,0,1,1,0,-1.4085782349675215,-0.19440587497183215,1.2,0
1680,2,0,1,0,0,1,1,1,1,0,1,0,0,2,2,1,0,1,1,2,-0.6930835655932231,-1.6732365538320189,1.2,0
1681,1,0,0,1,1,0,1,2,0,0,0,0,1,0,1,1,1,1,2,1,-0.33715473400364454,-1.0395146228792032,1.2,0
1682,0,0,1,0,0,1,1,1,0,1,0,0,0,1,1,1,0,1,1,1,-1.9273177411804117,-0.5582509072153605,1.2,0
1683,0,0,1,0,0,1,0,0,2,1,1,0,0,1,1,0,0,1,1,0,1.1288871033723074,-1.2803629844740447,1.2,0
1684,0,1,0,1,1,2,1,1,0,0,1,0,0,1,1,1,0,1,0,1,-0.29984605967541,-0.5868760647036585,1.2,0
1685,1,1,1,2,0,1,2,0,0,1,1,0,1,1,2,2,1,1,1,1,-0.40777385119745235,0.2913981587002414,1.2,0
1686,1,1,0,1,1,0,1,1,1,1,0,0,0,0,2,1,0,1,1,1,0.7156987794944162,1.5045398281198867,1.2,0
1687,0,0,1,1,1,2,0,1,1,2,0,0,0,0,1,0,0,1,0,0,1.4777080588079488,2.5435312148713174,1.2,0
1688,1,1,0,1,0,1,2,2,0,0,0,0,0,1,1,2,1,0,0,1,-1.1527666105328989,-0.0416445012057313,1.2,0
1689,0,0,0,0,1,0,2,0,1,1,0,0,1,2,1,1,1,2,1,1,-1.110220352788571,0.008679037039614812,1.2,0
1690,2,0,1,1,1,0,1,1,0,0,1,0,0,1,1,0,0,0,0,1,-0.8993735369960163,-2.2385991504699847,1.2,0
1691,0,0,0,1,0,0,1,1,0,0,0,0,0,0,1,2,0,0,0,1,0.4255446422440515,0.6927631084947133,1.2,0
1692,2,2,0,2,0,2,1,0,0,1,0,0,0,1,1,0,0,2,0,1,-0.021298723517576883,0.9527981197518012,1.2,0
1693,0,1,1,2,0,1,1,1,1,1,0,1,0,1,2,2,0,1,0,0,0.7388681113933215,2.0457577150964568,1.2,0
1694,1,0,1,0,1,0,1,2,0,0,1,0,0,1,2,0,1,2,0,0,-1.2795432880267419,-1.0810822292168625,1.2,0
1695,1,1,1,0,1,2,0,0,0,1,1,0,0,0,2,0,0,1,0,1,-1.2112805845853825,-1.3940561336465715,1.2,0
1696,1,1,0,1,1,0,2,0,1,0,1,0,0,1,1,1,0,2,0,1,0.734148930346797,-0.4899175966990162,1.2,0
1697,2,0,1,1,0,1,1,1,0,1,0,0,0,0,1,1,1,0,2,1,0.6394049548839159,1.2034458563818327,1.2,0
1698,1,1,0,2,0,1,2,0,0,1,0,0,0,0,1,0,0,2,1,0,0.6905934649191051,0.82406795644967,1.2,0
1699,1,1,0,1,2,1,0,1,0,0,1,0,0,2,1,1,0,0,1,1,0.34012545309597536,-2.0670537118027847,1.2,0
1700,1,0,2,1,1,1,1,1,0,1,0,0,1,1,1,1,1,1,0,0,-0.24619002292271536,-0.5205330549293606,0.4641602607702484,1
1701,0,1,1,1,2,0,1,1,0,0,1,0,0,0,1,0,0,0,1,1,-0.24550900949299295,0.2845552458462156,1.2,0
1702,1,0,1,0,0,2,0,0,0,1,2,0,0,1,2,0,1,1,1,0,1.6784912163844306,1.671220447450923,1.2,0
1703,1,0,1,1,1,1,1,0,1,1,1,0,0,1,1,2,1,2,0,0,0.5017510481984611,0.9659031455919702,0.7684971695207978,1
1704,1,0,1,0,0,1,1,2,1,0,1,0,0,2,1,1,0,1,0,1,-0.6318610393140165,-1.7528037654832156,1.2,0
1705,2,1,0,1,1,1,0,1,0,1,1,0,0,2,2,2,0,0,0,2,0.5047495933769907,0.07249550293791363,1.2,0
1706,0,0,2,0,1,1,1,1,0,1,2,0,0,2,1,2,1,0,0,0,1.355085268511981,0.49813694260291075,1.2,0
1707,2,0,0,2,0,0,0,0,0,0,0,0,0,1,0,0,0,1,0,1,0.6723325465189844,0.9887474001189638,1.2,0
1708,1,0,0,2,2,1,0,1,0,2,0,1,0,0,2,0,0,0,0,0,-0.16188043663767332,0.27857186185744176,1.2,0
1709,0,1,0,1,0,1,1,2,0,0,1,0,1,0,0,0,0,2,0,2,-1.664756954567801,-1.1951578230753672,1.2,0
1710,0,1,0,1,1,1,0,1,1,0,0,0,1,0,2,2,1,0,0,1,0.7377259945642336,0.5533493495079118,1.2,0
1711,2,0,1,0,1,0,0,1,0,1,0,0,0,0,1,1,0,1,0,1,0.5364404775803043,0.947962442220248,1.2,0
1712,1,0,0,1,1,0,1,0,0,1,1,0,1,1,1,0,0,0,0,1,-0.025022539556743478,0.47341346211815927,1.2,0
1713,1,0,1,1,1,0,2,2,0,0,1,0,1,1,2,1,0,0,1,0,0.8453241153131066,-0.7626161244320511,1.2,0
1714,1,0,0,1,1,0,1,2,0,1,2,0,0,1,1,1,1,0,1,0,2.166301519455459,0.3519040829072104,1.2,0
1715,1,1,0,0,1,2,0,1,0,0,0,0,0,0,1,2,0,1,0,1,0.8671317016033051,0.5847593747068117,1.2,0
1716,0,0,0,0,1,1,1,1,1,2,0,0,0,1,1,1,0,2,0,1,1.6493126152148438,0.0035424378263243517,1.2,0
1717,1,0,1,1,1,1,1,1,0,1,0,0,0,0,1,2,0,1,1,2,0.9578105563029813,-0.8245895005184419,1.2,0
1718,0,0,1,0,1,2,1,1,0,0,1,0,1,2,1,2,0,1,0,1,-1.0319075296641427,0.9133800752958707,1.2,0
1719,1,2,1,1,2,0,1,1,1,1,0,0,0,1,0,0,1,0,0,1,1.4699427350332037,0.7000101153137708,1.2,0
1720,2,0,0,1,0,0,0,1,0,1,1,2,0,0,1,1,0,0,0,0,0.06919110562129122,0.4105475685043889,1.2,0
1721,2,1,0,1,2,1,1,1,1,0,0,0,0,1,2,0,0,0,0,1,0.6208088473144988,-0.996524876815162,1.2,0
1722,1,0,0,0,0,0,1,2,0,1,2,1,0,1,0,1,0,2,0,0,0.6119427175984713,-0.08734159562749355,1.2,0
1723,0,0,1,1,0,1,1,1,0,0,0,0,0,2,1,0,0,0,0,0,0.7491288719314889,-0.3667495963998125,1.2,0
1724,0,0,1,0,0,2,1,1,0,0,0,0,0,0,0,0,0,1,0,0,0.5277021146070295,0.8478242649511984,1.2,0
1725,1,0,1,1,0,2,2,2,0,0,0,0,1,1,0,0,0,1,1,0,1.046900918881568,0.032270884639945985,1.2,0
1726,0,1,0,1,1,1,1,1,0,0,1,0,0,0,2,2,1,1,1,1,-0.3930947926949094,-0.2530696786270641,1.2,0
1727,1,0,1,1,1,0,1,1,0,0,0,1,0,1,2,0,1,0,0,0,-0.21420309007767058,-0.2291893477896935,1.2,0
1728,0,1,0,1,1,1,1,1,0,2,2,0,0,0,0,2,0,0,0,1,0.8071168497429214,1.670720704959082,1.2,0
1729,1,1,1,1,1,1,2,0,0,1,0,0,0,0,1,1,1,0,0,0,-0.9516628387216695,-0.38349885634541997,1.2,0
1730,2,0,1,0,2,1,0,1,0,1,0,0,0,1,1,1,0,1,0,0,-0.2508453402806183,0.2613754090053745,1.2,0
1731,0,0,1,2,1,0,0,2,1,1,1,0,0,2,0,1,0,1,1,1,-0.7780557255645911,1.3656226071638244,1.190928381645612,1
1732,0,0,0,0,1,1,1,0,0,1,1,0,0,0,1,2,0,1,0,0,0.5279049389270991,0.7055370509054504,1.2,0
1733,1,0,0,0,1,2,0,1,0,1,0,0,0,2,1,1,1,1,0,2,1.2044436820814075,0.9933729586046081,1.2,0
1734,1,0,2,0,2,0,1,1,0,1,0,0,0,0,0,0,0,1,1,1,0.010506254002371197,0.2750820910708319,1.2,0
1735,0,1,1,1,1,2,1,1,0,0,0,0,0,1,0,2,1,0,0,0,-0.0934386770430291,0.5791084490456038,1.2,0
1736,1,0,0,2,2,1,2,1,0,2,0,0,0,2,0,1,0,1,1,1,-0.7464155301567984,1.4804790124934963,1.2,0
1737,2,0,2,0,1,0,1,0,0,0,0,0,0,1,1,1,0,1,1,2,-0.015879266377317944,0.3977044075154521,1.2,0
1738,0,0,1,0,1,2,1,2,0,0,1,0,0,1,0,0,0,0,0,1,0.21288910586445894,-0.6750538280823021,1.2,0
1739,2,1,0,1,0,1,0,2,1,0,1,0,0,1,1,2,0,1,1,2,1.700450418180275,1.3485516329657967,1.2,0
1740,1,0,0,2,2,1,1,2,0,0,0,1,0,0,2,0,0,0,0,0,-1.5941333539695655,0.37578057689302535,1.2,0
1741,1,0,1,2,1,1,1,1,0,0,2,0,0,1,1,0,0,0,0,0,-1.1632339325384642,-0.4313219462839229,1.2,0
1742,2,1,1,0,1,1,1,0,1,0,1,0,0,0,0,0,1,0,2,1,-1.388317314770411,-1.7992056215526713,1.2,0
1743,1,0,0,1,0,0,1,1,0,2,0,0,0,0,2,1,0,0,1,2,-0.04247463417513044,-0.23208647541863037,1.2,0
1744,1,1,1,1,1,2,1,0,0,0,2,0,0,0,2,1,1,2,1,0,-0.23735626025395146,-0.4022997727561671,1.2,0
1745,2,0,1,1,1,1,1,1,0,0,1,0,0,1,2,0,2,1,0,2,-0.858509456916907,-1.3800028282283887,1.2,0
1746,0,0,0,1,0,1,1,2,0,1,1,0,0,1,1,1,2,1,0,0,-0.6173197823908937,-0.2670389206546803,1.2,0
1747,0,0,0,0,1,1,0,1,0,0,0,0,0,0,2,1,0,1,0,0,-0.3618403409957581,-1.6070222373071859,1.2,0
1748,2,0,0,1,2,0,0,1,0,0,0,1,0,1,1,2,2,0,0,0,0.7337612012309107,1.6805952709872387,1.2,0
1749,1,0,1,1,2,1,1,2,0,0,0,0,0,2,0,0,0,0,0,1,-0.7057194967437109,0.6243870549224082,1.2,0
1750,0,0,0,1,1,2,1,0,1,1,1,0,0,1,0,0,0,1,0,1,0.06881993048854945,-1.4027585405340335,1.2,0
1751,0,0,0,1,0,1,0,2,0,0,0,1,0,1,1,0,0,1,0,2,1.1972060348366405,0.42349934891872676,1.2,0
1752,2,0,1,0,1,0,1,2,0,0,1,0,1,0,1,1,2,0,0,0,-1.2903333767188174,-0.06827349145244566,1.2,0
1753,2,1,0,1,1,2,2,2,1,1,0,0,0,1,1,0,0,2,0,0,1.3044347554643472,0.31639949712788296,1.2,0
1754,2,0,0,0,1,0,1,0,0,0,1,0,0,1,1,0,0,0,0,1,1.007124287900049,-0.8023621028616126,1.2,0
1755,1,0,2,2,0,0,2,1,0,1,0,0,0,1,1,1,1,1,1,0,-0.3239185438269984,0.216032401526433,1.2,0
1756,2,0,1,0,0,1,1,0,0,0,1,1,0,0,1,1,1,1,0,2,-1.1659647729538567,-2.1747027801424745,1.2,0
1757,0,0,0,2,1,1,1,0,0,0,0,1,0,0,2,2,0,0,1,1,-1.0016968979900625,-0.4283612562556149,1.2,0
1758,1,0,0,1,1,1,2,1,0,0,1,1,0,1,1,2,0,1,1,0,-1.3365289386147956,0.4567850824929476,1.2,0
1759,0,1,0,0,0,1,1,1,0,1,1,0,0,0,2,1,1,0,1,0,-1.8545743333917935,0.5198318626643074,1.2,0
1760,0,0,1,2,0,1,2,1,0,1,0,0,0,0,1,1,0,2,1,1,3.1045899830401287,0.8536868149486774,1.2,0
1761,1,1,0,2,1,2,2,2,0,0,0,0,0,2,1,0,0,1,0,1,-0.825861923410727,-0.8547780074318396,1.2,0
1762,0,0,1,1,1,1,0,0,0,0,1,1,1,1,1,2,0,0,0,0,-1.1129555677009493,1.5298762071232768,1.2,0
1763,2,0,0,2,1,1,0,1,0,2,2,0,0,0,2,1,1,1,1,0,-0.1629115131229753,-0.4997210648302731,1.2,0
1764,0,1,1,0,0,0,0,1,0,1,1,0,0,0,1,0,0,1,0,1,0.39305155270935216,0.24293675651534696,1.2,0
1765,0,1,0,0,1,2,0,1,0,0,2,1,0,2,2,0,0,1,1,2,0.1909272273456972,-0.4526926311044185,1.2,0
1766,2,1,0,1,1,2,1,1,0,1,0,0,0,0,0,1,0,0,1,1,-2.0638956116600573,0.04334771267792242,1.2,0
1767,0,0,1,0,0,2,0,1,0,0,1,0,1,1,0,1,0,1,0,1,-1.4018692034078561,0.12731522197047862,1.2,0
1768,0,0,0,2,1,1,2,1,1,0,0,0,0,2,1,1,1,1,0,1,0.5060331569489945,0.15715392996719832,1.2,0
1769,1,0,0,1,1,0,1,1,0,0,1,0,0,1,2,1,2,1,1,2,-0.44683929957581664,-1.6572235139198277,1.2,0
1770,1,1,1,1,1,0,1,1,0,1,0,0,0,1,0,1,0,0,1,1,-1.0188847233549063,0.6167774571963355,1.2,0
1771,1,0,0,0,2,1,2,1,0,1,0,0,1,2,1,2,1,0,0,0,-1.3616032726703184,-0.5598060752296388,1.2,0
1772,1,0,1,1,1,0,0,1,0,0,0,0,0,0,2,1,1,0,1,1,-0.8040646893781868,0.07084691770604208,1.2,0
1773,1,0,1,1,0,2,0,0,0,0,0,0,0,1,1,0,0,1,0,1,0.05139360293411829,1.393708393137532,1.2,0
1774,1,0,0,0,0,2,0,1,0,0,2,0,0,2,0,0,0,2,0,2,1.1136220144280866,-1.850128653214281,1.2,0
1775,1,0,0,0,0,2,0,0,0,0,0,0,0,1,1,2,0,2,1,2,-0.8225236138828935,-0.16409134045939883,1.2,0
1776,1,1,0,1,1,1,0,0,0,1,0,0,0,2,2,1,0,0,0,0,-0.04924708637099845,1.3874630653925162,1.2,0
1777,0,1,0,1,0,1,1,1,0,0,1,0,0,1,0,1,1,0,1,1,0.2232737223303304,0.9888608284822685,1.2,0
1778,1,0,0,2,1,1,0,2,0,0,1,0,0,1,2,1,0,2,0,1,0.9428499234236093,1.8476734179404952,1.2,0
1779,1,1,0,0,0,0,0,1,0,0,0,0,0,1,1,1,0,0,0,1,-1.9064290659493057,-1.3400647649237798,1.2,0
1780,0,0,1,0,1,0,1,1,0,1,0,0,1,1,2,0,0,0,1,0,0.08864350911376175,1.4092419481801655,1.2,0
1781,0,2,0,0,0,1,0,1,0,1,1,0,0,1,1,1,0,1,1,1,-0.5426458922870316,0.37123652036387894,1.2,0
1782,0,0,2,0,0,0,1,1,1,1,0,0,0,1,0,0,0,1,1,2,0.26817973699212333,-1.239114842500998,1.2,0
1783,0,0,1,1,0,2,0,0,0,0,0,0,0,1,0,1,0,0,0,1,-0.03906502488853724,0.8411739726743768,1.2,0
1784,1,0,1,1,0,1,2,0,0,2,2,0,0,1,2,2,1,0,1,1,-0.824457485111456,-0.5761685203319853,1.2,0
1785,0,0,1,0,1,2,0,0,0,0,0,1,0,1,0,0,1,0,0,1,0.061270821421978795,0.060112944914640476,1.2,0
1786,1,1,1,2,1,1,0,1,0,0,1,1,0,0,1,1,0,1,0,0,-1.0376017917327862,0.3868242365190454,1.2,0
1787,0,1,0,0,1,0,1,2,0,1,1,0,0,1,0,0,0,1,1,1,-0.1806938326883492,-1.2282984125116694,1.2,0
1788,2,1,2,1,0,2,1,2,0,1,2,1,0,1,1,2,1,1,1,1,-0.1388215359767835,-0.45135363931456396,1.2,0
1789,1,0,0,1,0,2,1,0,0,0,1,0,0,1,0,1,1,0,0,0,1.5024632972171004,0.7360792005206092,1.2,0
1790,0,0,1,1,0,0,1,2,0,1,0,1,0,0,0,1,1,1,1,1,-0.9432577716123558,0.12675742325825248,1.2,0
1791,0,0,1,1,1,0,1,1,0,0,1,0,0,1,2,0,0,1,0,0,-0.7700211113002622,-0.8284807840605524,1.2,0
1792,0,0,0,1,1,1,0,1,0,2,0,0,0,1,2,0,0,0,2,2,1.157697970764606,0.5070623679157293,1.2,0
1793,1,0,2,0,2,0,1,0,0,1,1,0,1,0,1,0,0,1,1,0,-0.7254894787896464,-0.5984918444923226,1.2,0
1794,0,0,0,2,0,1,1,2,0,0,0,0,0,0,1,1,0,0,1,0,-1.2498445813442765,0.8002589680519603,1.2,0
1795,2,0,0,1,1,0,1,1,0,0,0,0,0,0,2,0,1,1,0,0,-1.0163920051797617,-1.8526241829683943,1.2,0
1796,0,0,0,1,0,0,1,1,0,1,1,0,0,0,1,1,1,0,1,1,-0.4067412248447721,-1.2422994669947962,1.2,0
1797,1,0,1,0,1,2,1,1,0,0,0,1,0,1,1,2,0,0,0,2,-0.8846806186666591,0.3886017460132979,1.2,0
1798,0,1,1,0,1,1,1,0,0,0,0,0,0,0,1,0,0,1,0,1,-1.189471112207233,0.049625156156283046,1.2,0
1799,0,1,0,2,2,1,1,2,0,0,1,0,1,1,1,1,1,0,0,0,0.11739629390261166,0.5857477700246162,1.2,0
1800,2,0,2,1,0,0,0,1,0,1,0,0,0,0,2,1,0,0,0,1,-0.5371298562899532,-0.11323751625772638,1.2,0
1801,0,1,2,1,0,1,0,2,0,0,1,0,0,1,2,2,0,0,0,2,-0.040120226914360305,0.1267707382148501,0.6595200943057805,1
1802,0,1,0,0,1,1,0,0,0,0,1,0,0,0,2,1,1,1,1,2,0.9834247159293285,-1.587782181727671,1.2,0
1803,0,2,2,1,1,1,1,0,0,1,0,0,0,1,2,1,0,0,0,2,0.6321950853617009,2.221655527670733,1.2,0
1804,0,0,1,0,0,1,1,1,0,1,1,1,0,0,2,1,1,0,1,1,0.23801759480859025,0.048061162686739045,1.2,0
1805,0,2,0,2,0,1,1,1,0,1,0,0,0,0,1,1,0,0,0,1,1.1217269905581297,1.7741253319011907,1.2,0
1806,1,1,0,0,1,1,0,1,0,1,1,0,0,0,1,0,0,2,0,1,0.701200884525791,2.16014713859598,1.2,0
1807,1,0,1,0,0,1,1,2,0,0,2,0,0,0,1,1,0,1,0,1,0.5345280665129808,0.03446032567988144,1.2,0
1808,0,0,0,1,1,1,1,1,1,1,0,1,0,0,1,2,1,2,0,1,-0.9413209679215158,-0.44281009176257713,1.2,0
1809,2,1,1,0,2,2,1,1,0,0,0,0,0,1,2,2,1,1,1,1,0.8877561923710423,0.4256585944673435,1.2,0
1810,0,1,1,1,1,0,1,1,0,0,0,0,0,1,1,2,0,0,0,0,0.25643975671690333,0.7814528247447077,1.2,0
1811,2,0,1,1,1,2,1,0,1,0,1,1,0,1,0,2,0,0,0,1,1.2296341102105033,-0.39497341301991573,1.2,0
1812,1,0,0,1,2,1,1,1,0,1,0,1,0,0,2,1,1,0,0,1,-0.610662288875929,0.2111036136507976,1.2,0
1813,0,0,0,0,1,2,0,1,0,2,2,0,0,1,0,2,2,0,0,0,1.5129254385475004,0.22649605754377045,1.2,0
1814,1,0,1,1,1,1,1,1,1,0,0,0,0,1,0,0,0,0,0,0,1.6764419754534206,0.07153609468372557,1.2,0
1815,0,0,1,1,0,2,2,1,0,1,0,0,0,1,0,1,0,0,1,1,0.7772578718989824,0.9872636679049944,1.2,0
1816,1,0,0,2,2,0,0,1,0,0,0,0,0,1,1,2,1,2,2,0,1.0969006996388586,1.3351247753360234,1.2,0
1817,1,1,1,1,1,1,1,1,0,2,0,0,1,1,1,0,0,0,1,2,0.5698792201083765,-0.2704397656017278,1.2,0
1818,1,0,1,1,0,0,0,0,0,0,1,0,0,1,0,1,0,0,0,2,-0.4542687381609293,0.3956927072872547,1.2,0
1819,0,1,2,1,1,0,0,0,0,1,0,0,0,1,2,0,0,2,0,1,-0.7927913082408048,0.38682603617787625,1.2,0
1820,2,1,2,1,0,0,0,0,0,1,0,0,0,0,2,2,0,0,0,1,-0.3898631580740271,1.474687392406267,1.2,0
1821,1,2,0,0,1,1,1,1,1,1,1,1,0,2,1,1,0,0,0,1,0.17037921031603454,-0.2192558183101436,1.2,0
1822,0,0,1,1,0,1,2,1,0,0,2,0,0,1,0,1,1,2,0,2,0.10152714397962426,-2.2664696241891416,1.2,0
1823,0,0,0,1,0,2,1,0,0,0,0,1,0,1,0,1,1,1,0,1,1.9018991128904106,-0.3184296930272942,1.2,0
1824,2,0,1,1,1,1,1,0,0,0,1,0,0,1,2,1,1,1,0,0,-0.015393763799290501,-0.637623253432007,1.2,0
1825,1,0,2,1,1,1,1,1,0,0,1,1,0,1,2,1,1,1,0,0,0.5899211433048135,0.48371114915001096,1.2,0
1826,2,0,0,0,1,1,1,2,0,1,1,1,0,1,1,1,0,1,1,0,-0.526774115047144,0.5995844279681115,1.2,0
1827,0,0,1,1,0,2,1,0,0,1,0,0,0,0,1,2,0,2,0,0,-0.16273983756900812,0.6494803242404216,1.2,0
1828,0,1,1,2,0,1,1,2,0,0,1,0,0,1,2,2,0,1,1,1,-2.118457969797032,0.39704109031356866,1.2,0
1829,1,1,1,2,0,0,1,2,0,0,0,0,0,2,1,2,0,1,0,1,-0.15109363692887398,0.1303362732025879,1.2,0
1830,0,0,0,1,0,0,2,1,0,2,1,0,0,0,1,1,1,0,0,2,0.9816726728428662,0.4748778871810761,1.2,0
1831,1,1,1,1,0,1,1,1,0,1,0,0,0,1,0,0,0,0,0,2,-0.2555248307923459,0.2785099267394371,1.2,0
1832,2,0,1,1,0,0,1,1,0,0,0,1,0,1,1,1,0,2,0,1,-0.46040303031953284,-0.4932787247854119,1.2,0
1833,1,1,1,1,0,0,2,0,0,1,2,0,0,0,1,0,0,1,0,1,-0.2510668454140099,0.08388030822853576,1.2,0
1834,0,0,0,1,1,1,2,0,1,0,0,0,0,0,0,0,0,0,0,0,1.499444283820658,0.8992522024061361,1.2,0
1835,0,0,1,0,1,1,1,2,0,0,1,1,0,0,0,0,1,1,1,0,-0.27242904562933395,-2.031822300983763,1.2,0
1836,1,0,1,0,0,1,1,1,0,0,1,0,0,0,2,0,0,1,0,0,0.7155911597473363,-0.08138575277054011,1.2,0
1837,0,0,1,1,0,1,0,1,0,1,0,0,0,1,2,1,1,2,0,1,0.26591129718013473,-1.635060930400465,1.2,0
1838,1,0,0,0,0,0,1,1,0,0,1,0,0,1,1,1,0,1,0,0,-0.1921412999485966,-0.1285309181970034,1.2,0
1839,2,0,1,0,0,1,0,1,0,1,0,0,0,1,2,1,0,2,1,0,0.7478940775536471,0.7649572932718149,1.2,0
1840,0,0,0,0,1,0,2,0,0,0,0,0,0,0,2,1,0,2,0,2,0.7985387109462148,-2.7399456507982216,1.2,0
1841,1,0,0,0,2,1,0,1,0,0,1,0,0,0,2,1,1,2,0,1,-0.3769473870380261,-0.9940378311590425,1.2,0
1842,1,0,0,1,1,0,1,1,0,0,2,0,0,0,1,1,0,1,1,0,-1.2033660799534847,-1.574037941754015,1.2,0
1843,1,0,2,0,0,0,1,1,0,0,0,0,1,0,1,1,1,0,1,1,0.09362367559452273,0.14814102180234529,1.2,0
1844,2,0,1,0,0,0,1,1,0,2,1,0,0,0,0,1,0,1,0,2,-1.026563474318292,-0.9287441476090255,1.2,0
1845,1,0,1,1,2,2,1,1,0,0,1,0,0,0,1,1,0,0,1,1,1.6079918664346087,0.6718212030227309,1.2,0
1846,1,0,1,0,1,0,1,1,0,0,0,0,0,0,1,0,0,2,1,2,-0.6140256205719066,-0.8651110486730225,1.2,0
1847,1,1,2,1,1,2,1,0,0,0,1,0,0,1,2,2,0,2,1,1,0.6946565333230154,-0.7585945375933898,1.2,0
1848,0,1,2,1,2,1,1,0,0,0,0,0,0,2,0,2,0,0,0,0,1.6695875820231532,0.9238063949696836,1.2,0
1849,1,0,0,1,1,1,1,1,0,1,1,0,0,0,0,1,1,0,1,2,2.932175003185437,-0.47386931373870156,1.2,0
1850,1,0,0,1,1,1,1,1,1,0,0,0,0,1,0,1,0,1,0,2,-0.8316781907559309,0.29715202718693234,1.2,0
1851,0,0,1,0,1,2,1,1,0,0,1,1,0,1,0,2,1,1,0,2,-1.2489819218421585,-1.3779545721326014,1.2,0
1852,0,0,1,1,2,2,1,0,0,1,0,1,0,0,1,0,1,0,0,2,0.8548978796790551,-1.0258091268475666,1.2,0
1853,0,0,1,0,2,1,1,1,0,0,0,0,0,0,1,1,1,2,0,1,0.7214930816731107,1.3314185374736782,1.2,0
1854,0,0,1,0,1,2,1,0,0,0,2,0,0,1,1,1,1,1,1,0,-1.3901012815133298,-1.3522259425598793,1.2,0
1855,1,1,1,0,0,1,0,0,0,1,1,0,0,0,2,0,1,1,0,2,0.07765300428046137,-2.395878207746187,1.2,0
1856,1,1,0,0,1,1,1,1,0,0,0,0,0,0,0,1,0,1,0,2,0.5038565525128266,-0.19229374677033392,1.2,0
1857,0,0,1,2,1,2,2,1,0,1,2,1,0,1,1,2,0,1,0,1,-0.10626922888244558,-0.04739921454887333,1.2,0
1858,0,0,0,0,1,1,1,2,0,1,1,0,0,2,2,1,0,0,0,0,2.1996018319699977,-0.2105857364581647,1.2,0
1859,2,0,0,2,1,2,0,0,0,1,1,1,0,0,2,0,0,1,2,1,-0.6134156630865552,0.4512036448553499,1.2,0
1860,0,0,1,2,0,1,2,1,0,1,0,1,0,1,0,1,0,1,0,0,1.9543184351123226,0.6313651854819295,1.2,0
1861,1,0,0,1,1,1,1,0,0,0,1,0,0,0,1,0,1,0,0,1,1.004481696211157,-0.3582968880175249,1.2,0
1862,1,0,2,1,2,2,2,2,0,0,0,0,0,0,1,1,1,1,0,1,0.414420842268443,0.3266448247890532,1.2,0
1863,1,0,1,1,1,1,1,1,0,1,1,0,0,1,2,1,0,0,0,0,0.01649104655645207,-1.2137547211313302,1.2,0
1864,0,0,1,0,0,1,0,0,1,0,1,0,0,1,0,1,0,1,0,1,-0.6982536448813895,-0.18096173403377902,1.2,0
1865,0,0,0,0,1,1,0,2,0,0,0,1,0,0,1,2,1,1,0,1,0.7775453678671229,-0.3229608108454598,1.2,0
1866,2,0,0,1,1,1,2,0,0,0,0,0,0,0,2,1,1,1,0,1,-0.44300770789842653,1.3868520768921309,1.2,0
1867,1,0,1,1,0,0,1,0,0,1,1,0,0,2,1,1,1,0,1,0,1.1975224597098832,1.1832649943662643,1.2,0
1868,2,0,0,0,0,0,1,2,0,0,1,0,0,0,0,0,0,2,2,1,-0.8913043025101222,-2.3130397901450106,1.2,0
1869,2,0,1,1,1,1,2,1,0,0,0,0,0,1,0,2,0,2,1,1,-0.2608312970934292,1.228175510713347,1.2,0
1870,0,1,0,1,1,0,2,2,0,0,0,1,0,1,1,0,0,1,0,0,1.2944135513308508,0.06609491196085249,0.8687413270842826,1
1871,1,2,1,2,0,0,1,0,0,0,0,0,0,0,1,1,0,0,1,2,3.013266918222865,2.266136231048923,1.2,0
1872,1,0,1,0,0,0,2,1,0,1,0,1,0,2,1,2,0,0,0,2,0.08479206141022734,-0.8065645338126519,1.2,0
1873,1,1,1,1,1,1,0,1,0,0,1,0,0,1,1,1,0,0,0,0,0.44511863481156655,0.06328968799432805,1.2,0
1874,1,1,0,1,0,1,1,0,0,0,0,0,0,1,0,2,0,1,0,1,0.8786897125641293,1.957628100216761,1.2,0
1875,1,1,1,0,2,1,1,1,0,1,0,0,0,2,0,1,0,0,0,1,-1.4849225010085032,0.4367627369489169,1.2,0
1876,0,0,1,1,0,1,2,2,0,1,0,0,0,1,1,2,0,1,2,0,0.4989088570012567,1.3512163136275852,1.0695671226991426,1
1877,1,0,0,1,0,2,1,1,0,0,0,0,0,1,0,1,0,1,0,0,0.39802717524543074,-0.1958484308381333,1.2,0
1878,1,2,1,1,0,1,1,0,0,1,2,0,0,1,1,0,0,0,2,0,-0.6138889989007609,-0.903148680806529,1.2,0
1879,1,0,0,0,0,1,0,0,0,0,0,0,1,0,2,1,2,1,1,2,2.516787837827194,1.1140646566839254,1.2,0
1880,1,0,1,0,0,0,1,1,0,1,1,0,0,0,1,1,0,1,0,1,0.20326679258818345,0.3728304690304345,1.2,0
1881,2,0,1,2,1,1,1,2,0,2,1,0,0,0,1,1,1,0,0,0,1.1683653805548768,0.9709487970832723,1.2,0
1882,2,0,1,0,1,1,1,1,0,0,1,0,0,1,1,1,0,1,1,1,-1.5584883817531001,1.1009862621805895,0.9616716294987513,1
1883,1,0,1,0,1,1,1,1,0,2,1,0,0,0,2,1,0,1,0,2,-1.3620869499586161,-1.2205122400787842,1.2,0
1884,0,0,0,1,0,1,0,2,0,0,2,0,0,2,1,1,1,1,0,1,0.13319794638432386,-0.21137462358674,1.2,0
1885,2,0,1,0,0,0,0,1,1,1,0,0,0,0,2,1,1,1,0,1,-1.0535780360106788,0.7273485850672299,1.2,0
1886,1,0,0,0,1,0,0,0,0,0,0,0,0,2,1,1,1,1,0,0,0.9166192467653721,0.3776289432993625,1.2,0
1887,0,0,1,0,1,0,0,0,0,2,0,1,0,1,1,1,0,0,1,0,0.932027077358093,0.4036491566474959,1.2,0
1888,1,1,0,1,0,2,0,2,0,2,0,0,0,0,0,1,0,1,0,2,1.0651049176076293,1.7382806290298047,1.2,0
1889,1,1,0,1,1,2,1,0,0,1,1,1,0,2,0,0,1,0,0,0,-0.2800979711297431,0.6043898752500763,1.2,0
1890,0,1,0,2,1,1,2,0,0,1,1,0,0,1,1,1,1,1,0,1,-0.7398843618653985,1.522594642529032,1.2,0
1891,2,1,0,1,0,1,2,1,0,0,2,1,0,0,0,0,1,2,1,1,2.1886506832784285,0.4648078266996766,1.2,0
1892,0,0,0,2,0,0,2,0,0,0,0,0,0,2,1,0,0,0,1,1,-0.2890890910064687,-1.4258120919769637,1.2,0
1893,2,1,0,1,1,2,0,1,0,1,0,0,0,1,1,0,1,0,0,1,0.941619024184019,1.8211614724187404,1.2,0
1894,1,1,1,1,1,0,1,1,0,1,1,0,0,1,1,2,1,1,0,1,0.6919579353630688,1.3936183396074955,1.2,0
1895,0,1,0,1,0,1,0,1,0,1,0,0,0,2,1,1,0,1,0,0,-0.6019320465676302,0.08744501599416804,1.2,0
1896,0,1,1,2,2,1,1,1,0,0,1,0,0,2,2,1,1,1,0,0,1.4582589407523727,1.6235279860383427,1.2,0
1897,1,1,0,1,0,0,1,0,0,1,0,0,0,1,0,0,0,0,0,0,0.8488775673450298,0.29695438060171986,1.2,0
1898,1,1,0,1,1,1,1,1,0,0,1,0,0,2,1,1,1,0,0,1,-1.1613538201794587,0.243028509540963,1.2,0
1899,1,1,2,0,1,2,0,1,0,1,1,0,0,1,0,1,1,0,0,1,-0.5523917060924423,-0.3085213519408635,1.2,0
1900,1,0,0,0,0,0,1,1,0,0,1,0,0,0,2,1,0,1,0,0,-0.02974881525003869,0.49837102015705703,1.2,0
1901,0,0,0,0,1,2,1,2,0,1,1,0,0,0,1,1,0,1,1,1,-1.3154537159769268,-0.5654292012262341,1.2,0
1902,1,0,1,0,1,1,0,1,0,1,0,0,0,1,0,1,0,1,1,1,-2.485953731604178,-1.9852885228326576,1.2,0
1903,0,1,1,0,2,2,1,0,0,2,0,1,0,0,1,1,0,1,0,1,0.7110705202743748,0.11360363498712833,1.2,0
1904,1,1,0,2,1,2,2,0,0,2,0,0,0,0,0,1,0,0,0,1,0.2857205613486744,-0.45499250350719944,1.2,0
1905,1,1,1,0,0,0,0,1,0,0,1,0,0,1,1,1,0,0,1,1,-0.4400101811067743,2.3054574702250115,1.2,0
1906,1,0,2,1,2,0,0,2,0,0,0,0,0,1,2,0,1,1,0,0,1.260315816469041,0.3480053120850428,1.2,0
1907,0,0,1,0,1,1,0,2,0,0,0,0,0,0,1,0,0,1,0,0,1.6627241688869001,1.4511571663128604,1.2,0
1908,0,2,0,0,1,1,1,0,0,1,2,0,1,1,1,2,0,1,1,0,-0.32091357359149053,-0.13082134270816365,1.2,0
1909,2,1,1,0,1,1,1,0,0,0,0,1,0,2,2,1,1,0,0,0,0.24173736296333578,0.4936550486880138,1.2,0
1910,0,0,0,1,0,1,1,1,0,1,1,0,0,1,2,0,0,1,0,1,-0.3610417388639155,-0.28009451802030316,1.2,0
1911,1,0,1,0,0,1,1,1,0,0,0,0,0,2,2,0,0,2,1,0,-0.25173959288010844,-1.2811342017057425,1.2,0
1912,1,0,1,0,1,2,2,0,0,2,1,1,0,0,1,1,0,1,1,0,-0.2916427755471192,-2.42114963404683,1.2,0
1913,1,0,1,0,0,2,1,1,1,1,0,0,0,1,2,1,0,2,0,1,-0.04994751941523676,0.6480383592633112,1.2,0
1914,0,1,0,1,1,1,1,1,1,0,0,0,0,0,1,1,0,2,0,1,-0.24075037817244674,-0.028132890264275734,1.2,0
1915,1,0,1,1,1,0,2,2,0,0,0,0,0,1,0,1,0,2,1,1,-0.040217814609141166,-1.0794760397364924,1.2,0
1916,0,0,0,1,1,2,1,2,0,1,1,1,0,2,1,1,0,0,0,2,0.3600170342586361,0.8695436818017027,1.2,0
1917,1,1,2,0,0,2,2,1,0,0,1,0,1,1,1,1,0,1,1,2,-0.29542973731734584,-0.9602034075114971,1.2,0
1918,0,0,0,0,0,2,1,1,0,0,1,1,0,1,0,1,0,0,1,1,-0.203555220323518,-0.5456807737042783,1.2,0
1919,2,0,1,1,1,1,1,1,0,1,1,0,0,1,1,1,0,1,1,2,-0.748856438560078,-0.8983001408208644,1.2,0
1920,0,0,2,0,1,0,0,0,0,0,0,0,0,1,1,0,1,1,1,1,-1.4169019583375362,-1.7881851106787559,1.2,0
1921,1,1,1,1,1,2,0,2,0,0,1,0,0,1,1,2,0,1,1,2,-0.7605778287495605,-0.6204078586756405,1.2,0
1922,1,0,0,2,0,2,1,1,1,2,1,0,0,0,1,1,0,1,0,0,-1.8116801016507704,-0.8785175551544402,1.2,0
1923,1,0,1,1,1,1,1,1,0,0,0,0,0,1,1,1,1,0,1,1,-0.29756929853099084,0.35601425912937573,1.2,0
1924,1,0,1,0,1,1,1,2,0,0,1,0,0,2,2,1,0,1,0,0,-1.4135648157168674,-1.8773254010763605,1.2,0
1925,1,1,1,0,0,1,2,0,0,1,1,0,0,1,2,1,1,1,0,0,0.5269471909730584,-0.5780601008626204,1.2,0
1926,1,0,2,1,0,1,0,0,1,1,2,0,0,0,1,1,0,1,1,0,1.6489243990311868,0.40821869737459016,1.2,0
1927,1,0,0,1,1,1,0,2,0,1,0,0,0,1,1,1,0,0,0,0,-0.3056710360686392,-0.21179678284300518,1.2,0
1928,2,1,1,0,0,0,1,2,0,0,1,0,0,0,2,1,0,0,0,1,-0.2733920588648435,-1.8192511752751424,1.2,0
1929,0,0,0,1,0,1,1,1,1,2,0,0,0,1,0,0,1,1,0,1,1.1038607991997695,1.1690639282884863,1.2,0
1930,1,0,0,2,2,1,0,0,0,0,0,0,0,1,0,0,1,1,0,1,-2.289041003921084,-1.7134506582343438,1.2,0
1931,1,0,0,0,0,1,1,1,0,0,1,0,0,0,1,1,0,2,0,0,-0.42524245126698956,-0.4367177072989361,1.2,0
1932,2,0,0,1,1,0,0,0,0,0,2,1,0,0,0,0,1,1,1,0,-1.328918962026071,-1.9162097610612538,1.2,0
1933,1,0,0,1,1,2,0,0,0,1,0,0,0,0,1,1,1,1,0,1,1.2027311037727466,2.790047703093698,1.2,0
1934,1,1,1,2,1,1,1,1,0,0,0,1,0,0,0,1,1,1,0,1,-0.7740318923283788,2.047366400375125,1.2,0
1935,2,2,0,0,0,1,0,1,1,1,1,0,0,0,1,1,1,0,0,1,0.552713021417494,0.35251189902762076,1.2,0
1936,1,1,0,1,0,1,1,1,1,1,1,0,0,2,0,0,0,0,0,1,-0.49201384480769395,-1.1087395635339021,1.2,0
1937,1,0,1,2,1,0,1,2,0,1,1,0,0,1,1,0,1,0,0,1,0.7627470967962267,0.2560346371345553,1.2,0
1938,0,1,1,0,0,2,2,0,0,1,0,0,0,0,0,2,1,0,1,0,-1.017199489729305,1.3324559039665553,1.2,0
1939,1,0,0,1,1,0,1,0,0,0,2,0,0,0,1,1,1,0,0,0,1.0275981389082145,-0.6590299307439177,1.2,0
1940,1,0,1,2,0,0,1,1,1,1,1,0,0,1,1,1,0,0,0,1,-1.8915912664194372,-0.0994337634789203,1.2,0
1941,1,1,1,0,0,0,1,1,1,0,1,0,0,1,2,1,0,0,1,0,-1.1442549741281731,-0.38824456584927514,1.2,0
1942,1,0,0,2,0,1,1,0,1,0,0,0,0,2,0,0,1,1,0,0,-0.953573546347463,-0.5979460607887159,1.2,0
1943,1,0,1,1,0,2,0,1,0,0,1,0,0,2,0,2,1,1,0,2,0.16982437547259227,0.7862089287290923,1.2,0
1944,1,1,0,0,1,2,0,1,0,0,0,0,0,1,0,1,0,1,0,1,-0.30659887259225,-0.6623677862449378,1.2,0
1945,1,0,0,1,1,0,1,1,0,0,1,0,0,0,1,2,0,0,0,1,0.9423182251873831,0.7378226303938342,1.2,0
1946,0,0,1,0,2,1,1,0,0,0,1,0,0,1,2,1,1,1,0,1,-0.8432159180302621,0.7943508386373188,1.2,0
1947,2,1,0,1,0,1,2,0,0,0,2,0,1,1,2,1,1,0,2,0,-0.07553269249410105,-1.3553333364732878,1.2,0
1948,1,0,1,0,0,0,0,1,0,2,2,0,0,0,2,0,0,2,0,1,0.8389607262112674,-0.44318302025105444,1.2,0
1949,2,1,1,1,2,1,1,0,0,0,2,0,0,2,1,1,0,2,1,1,1.2303775316059815,0.6511447202610723,0.6643168107422257,1
1950,2,0,0,2,1,0,2,1,0,0,2,0,0,1,0,0,0,1,0,0,0.22468592200427542,-1.402042062403118,1.2,0
1951,0,0,1,0,2,2,0,1,0,0,0,0,0,2,1,0,0,0,1,0,0.2827792100624467,2.7520419620402716,0.234256274763536,1
1952,0,0,2,1,0,2,0,1,0,0,0,0,0,1,0,0,0,1,0,0,2.5189286058423246,0.48898684765109923,1.2,0
1953,1,1,1,2,0,2,0,1,0,0,1,0,0,0,1,0,1,1,1,1,-1.2986364285903371,-1.1387698626353673,1.2,0
1954,1,0,0,1,1,1,0,1,0,1,0,0,0,2,1,0,0,0,0,1,-0.3584622351953237,0.7382153352158365,1.2,0
1955,1,0,1,1,0,0,0,1,0,0,1,1,0,2,1,0,0,1,0,1,-0.29753040454106233,0.860207620434221,1.2,0
1956,2,0,0,1,1,1,1,1,0,1,0,1,0,0,1,0,1,0,1,1,0.723122131555727,-0.09686042117908869,1.2,0
1957,0,0,1,1,2,1,2,1,1,1,1,1,0,0,0,1,1,2,0,0,1.2638168153622735,-0.5155097388571149,1.2,0
1958,2,0,2,1,0,1,1,1,0,0,0,0,0,1,2,1,0,1,1,0,-1.2431883559717838,-0.05986334826774093,1.2,0
1959,0,0,0,1,1,0,0,0,1,1,1,0,1,0,2,0,1,0,1,1,-0.8320221371134252,-0.24899162826618515,1.2,0
1960,1,0,0,0,0,2,0,1,1,0,1,0,0,1,1,1,1,0,0,0,1.1901406556081418,-0.8978348990976895,1.2,0
1961,1,0,1,1,0,0,2,1,0,1,1,0,0,1,1,0,1,1,1,2,-0.30277195403432544,-0.8498533315097897,1.2,0
1962,2,0,0,0,0,2,1,1,1,0,1,0,0,0,1,2,1,2,0,0,-2.5027690488761354,-1.4168217742468976,1.2,0
1963,1,1,1,2,2,2,1,0,0,0,0,0,0,0,1,0,0,0,0,1,0.5821885063637781,0.7710111038092216,1.2,0
1964,2,0,1,1,1,1,0,2,0,0,0,0,0,0,1,2,0,0,0,0,0.06541655607612502,1.7934999061717873,1.2,0
1965,0,0,1,1,0,0,1,1,0,0,0,0,0,1,1,2,1,1,0,0,0.3110981406542854,1.0290568700413538,1.2,0
1966,0,0,1,1,1,1,2,2,0,1,0,1,0,0,0,0,2,1,0,1,-1.1613741325850035,-0.7422795494693675,1.2,0
1967,1,0,1,0,0,1,0,2,0,0,1,0,0,1,2,1,0,1,1,1,0.8006313254801333,0.6037665952973625,1.2,0
1968,1,0,2,1,2,2,2,0,0,0,1,0,0,1,2,0,0,1,0,2,-1.283176248979283,-0.6337527823092443,1.2,0
1969,0,0,1,1,1,0,0,1,0,0,2,0,0,2,2,1,0,1,0,0,-1.2989990682145633,0.00787228559799591,1.2,0
1970,1,0,1,2,1,1,1,0,0,0,0,0,0,1,1,1,0,0,0,1,0.08036335680415824,-0.4037651495373618,1.2,0
1971,2,0,2,2,1,0,2,1,0,1,0,0,0,1,0,0,1,1,1,1,0.2352953078439449,1.954107933023605,1.2,0
1972,2,0,1,2,1,1,2,0,1,1,0,0,0,1,0,1,2,0,0,0,0.45105192317405585,0.7394101472814425,1.2,0
1973,0,0,0,1,1,1,2,2,0,0,0,0,0,1,2,0,2,1,1,1,0.357380397310323,-0.7395515492897987,1.2,0
1974,1,0,2,1,0,0,1,1,0,1,2,0,0,1,0,1,1,1,0,0,0.03382830586151348,-0.8059128136652667,1.2,0
1975,1,0,0,2,2,1,1,1,0,0,0,0,0,0,1,1,0,0,0,2,0.413313649444516,0.018915937123665738,0.7800608699498451,1
1976,1,0,1,0,0,1,1,1,0,2,1,0,0,0,2,2,0,0,0,0,0.13587787295073886,0.004671588849633479,1.2,0
1977,1,0,1,1,1,1,1,1,0,0,1,0,0,1,0,2,0,2,0,2,-0.49652921050075577,1.0137747677000537,1.2,0
1978,0,0,1,0,2,0,1,1,0,0,0,0,0,1,1,2,0,1,0,1,-1.2884095022592346,0.43960095938756794,1.2,0
1979,0,0,0,1,2,0,2,0,0,1,1,0,0,0,2,0,0,0,0,1,1.158513909551913,-1.8823938809601324,1.2,0
1980,1,2,0,1,0,0,1,1,0,0,1,0,0,0,0,1,0,1,0,0,0.609677230867084,0.723137360853462,1.2,0
1981,2,0,0,2,0,1,0,0,1,0,2,1,0,1,1,0,2,2,1,0,1.9519878106028645,-0.77101182510112,0.6509149590834752,1
1982,2,1,2,2,0,2,1,1,0,1,1,0,0,1,0,0,0,0,0,1,0.7233686936513234,0.6489828625363301,1.2,0
1983,1,0,1,0,1,0,1,1,0,0,1,0,0,0,2,1,1,1,0,1,-0.8906866673961109,-0.7550624615778426,1.2,0
1984,2,1,0,1,1,2,1,1,0,1,1,1,0,1,1,0,1,2,1,1,-0.46046826310338046,-0.7091142376498412,1.2,0
1985,1,1,1,2,2,1,0,1,0,0,0,0,0,1,0,1,1,2,0,1,1.624340295454048,1.1773690019611145,1.2,0
1986,1,1,1,0,0,2,1,1,0,0,0,0,1,1,1,0,1,2,0,0,0.00231011065505963,-0.8025765816167889,1.2,0
1987,1,0,0,0,2,1,2,2,0,0,0,0,0,2,0,0,1,2,0,1,-0.6487243925756532,-1.651120560555109,1.2,0
1988,1,0,2,0,1,2,1,2,0,0,0,0,0,1,0,0,0,1,0,1,-0.28055762893150693,0.8806139909970682,1.2,0
1989,2,0,0,0,0,0,0,0,0,0,1,0,0,0,1,2,0,2,0,1,0.04296719823765139,0.2142277460559528,1.2,0
1990,2,0,0,0,1,1,1,1,1,1,0,0,0,1,0,0,0,0,0,0,-0.25510996291175575,-0.5643602217831759,1.2,0
1991,0,0,0,0,1,0,2,0,1,0,0,0,0,0,0,1,2,0,0,1,-2.572894449407914,-0.3198010471880932,1.2,0
1992,1,0,1,1,1,0,0,2,0,0,1,0,0,1,1,1,1,0,0,1,-0.6697674689554971,-1.7046395602207114,1.2,0
1993,1,1,1,0,2,2,0,1,0,1,1,0,1,0,0,1,0,1,1,0,1.080464236517785,-0.10622620382181691,1.2,0
1994,2,0,0,0,0,1,2,0,0,0,1,2,0,1,2,1,0,2,1,0,0.29450131977026883,-0.8417021596225928,1.2,0
1995,0,0,0,1,0,0,1,0,0,0,0,0,0,1,1,1,1,0,0,1,-0.005822831948125033,0.4426260801552692,1.2,0
1996,2,0,0,1,0,1,0,1,0,1,0,0,0,1,1,1,0,2,0,0,-0.03420924648359357,-0.3144985713916302,1.2,0
1997,0,1,0,0,1,0,1,1,0,0,0,0,0,0,2,0,0,2,0,1,0.020853503730896894,-0.5072889804974355,1.2,0
1998,1,0,1,0,1,1,0,1,0,2,0,0,0,1,1,0,0,1,0,1,0.4819749271695294,0.4102361526156981,1.2,0
1999,0,0,1,0,2,1,0,1,0,0,0,0,0,1,2,1,0,1,0,1,1.2645446879639752,1.619005185759478,1.2,0
2000,1,2,2,1,0,1,1,1,0,0,0,0,0,0,0,1,0,0,1,1,-0.3155629785114308,-0.10253553793693293,1.2,0
2001,1,0,0,0,1,1,1,1,0,1,0,1,0,0,1,1,1,1,1,2,1.136853467770442,-0.08828356469744827,1.2,0
2002,1,0,0,1,1,0,1,1,0,0,0,0,1,0,1,1,0,0,0,0,-0.06700731788597478,0.2306594832493724,1.2,0
2003,0,0,2,1,0,1,1,1,0,0,1,0,0,0,1,0,0,1,0,0,-1.477614159339234,-0.15100667619047758,1.2,0
2004,0,1,0,1,2,1,0,1,0,1,1,0,0,2,1,2,0,1,0,0,-0.6750038162080773,-0.08653574967508659,1.2,0
2005,1,1,0,1,0,1,1,2,0,0,0,1,0,0,0,2,0,1,0,2,-0.23976665874213074,-0.49615162481455233,1.2,0
2006,0,0,1,0,1,0,2,1,0,0,1,0,0,2,0,1,1,1,0,2,-1.1069856518844035,-1.213087972242864,1.2,0
2007,1,0,1,0,0,0,1,0,0,1,0,0,1,0,0,0,0,0,0,0,2.1017116354503704,1.692110155334186,1.2,0
2008,0,0,1,0,2,1,1,1,0,0,0,0,0,1,1,0,1,0,0,1,0.12850934344242584,0.10000252270315414,1.2,0
2009,1,0,0,1,2,1,0,2,0,0,0,0,0,2,1,1,0,1,0,2,0.2804654253435615,2.1908111865340456,1.2,0
2010,0,1,2,1,2,1,1,0,0,1,1,0,0,1,2,1,0,0,1,1,-1.1927768849537688,0.8088069464866474,1.2,0
2011,2,0,0,1,1,2,2,1,0,1,0,0,0,1,1,1,0,1,0,0,1.157448931895416,0.25712546798367586,1.2,0
2012,1,0,0,0,2,2,2,1,0,0,1,0,0,1,1,0,1,0,0,2,-0.3580752415808749,-2.82231213164458,1.2,0
2013,1,0,0,1,0,0,1,0,0,1,2,0,0,0,0,1,0,0,0,1,-1.6935244704884096,-1.15580693977385,1.2,0
2014,0,1,1,2,2,1,1,1,0,1,0,0,0,1,1,1,0,1,0,1,0.25906821499942334,2.0026787085908246,1.2,0
2015,1,0,1,2,1,1,1,1,0,0,0,0,1,2,2,0,0,0,0,1,0.0737511974890803,1.0763548770999212,1.2,0
2016,0,0,1,1,0,2,0,0,0,0,0,0,0,0,2,0,0,0,1,0,0.06342817980497999,0.5832425535494955,1.2,0
2017,0,1,2,0,2,0,1,0,0,1,1,0,0,1,0,0,1,0,1,1,1.9499323057219853,1.7591176953023315,1.2,0
2018,1,0,1,0,1,2,2,1,0,1,0,0,0,0,0,0,0,1,1,1,-1.8758909423389707,-0.47623559920223746,1.2,0
2019,1,0,1,0,0,0,0,1,0,1,2,0,1,1,1,1,0,1,0,0,0.520318946377155,1.0345234698400771,0.3978458591628561,1
2020,1,0,1,1,1,1,2,1,1,1,2,1,1,1,1,1,0,1,0,1,-0.32635166024223156,1.236036120014055,1.2,0
2021,0,1,1,1,1,2,1,1,0,1,1,0,0,0,1,0,0,2,0,0,-0.1526952479145881,-1.7611293504128276,1.2,0
2022,1,0,1,0,2,1,2,1,1,0,0,0,0,1,1,1,0,1,0,0,0.6216255919394789,0.640687949529045,1.2,0
2023,2,1,2,1,0,1,1,0,0,0,0,0,0,2,1,1,0,1,0,0,-0.6502612031527027,1.8194971495778345,1.2,0
2024,0,0,0,1,2,1,1,1,0,1,1,0,0,2,0,0,0,1,2,1,1.8292902718491142,0.4973077063409305,1.2,0
2025,2,1,0,0,0,1,0,0,0,0,1,0,0,0,1,2,0,1,1,2,1.6930279255227592,-0.1041600755887615,1.2,0
2026,2,2,0,0,1,0,2,0,0,1,0,0,1,0,1,1,0,0,0,0,-0.5404023621535404,0.406203440742738,1.2,0
2027,0,1,0,0,1,1,1,1,0,0,1,1,0,1,0,0,1,1,0,2,1.5183199391881403,-1.3469250407497722,1.2,0
2028,1,1,0,1,2,1,1,1,1,0,0,0,0,1,1,1,0,1,0,1,-0.7852494108061686,0.3360235083043491,1.2,0
2029,2,1,2,2,1,0,2,1,0,1,1,0,1,1,0,1,0,0,0,0,0.28176658138092714,1.24833665875571,1.2,0
2030,1,1,1,1,0,1,1,2,0,2,0,0,0,0,1,0,1,1,0,1,0.4358726801889118,-0.5082652842668856,1.2,0
2031,1,0,1,0,0,2,1,2,0,0,0,0,0,2,0,1,1,0,0,0,-0.8917198308154168,0.20152964317561195,1.2,0
2032,1,0,1,0,0,2,1,0,0,2,0,0,0,0,1,0,0,0,0,0,1.950905417635759,2.905383462734829,0.3386436564040144,1
2033,1,0,1,0,0,0,1,1,0,1,0,0,0,1,1,2,0,0,1,0,0.7771843096557021,1.0747825603772612,1.2,0
2034,1,2,0,1,2,1,0,2,0,0,1,0,0,0,2,1,0,0,0,1,1.5849534460546337,0.24332481932915007,1.2,0
2035,1,1,0,1,0,1,1,0,0,1,1,0,0,1,1,1,0,1,0,0,1.1366812258702068,0.31418889006622364,1.2,0
2036,0,0,1,2,1,1,1,1,0,1,0,0,0,1,1,0,1,2,1,1,0.2275391498169472,-0.18887418553153756,1.2,0
2037,0,0,2,1,1,1,1,1,0,0,0,0,0,1,2,1,0,2,1,1,-0.3043051152615351,0.16652768195114442,1.2,0
2038,1,0,0,0,1,2,0,0,0,0,0,0,0,1,1,0,0,1,1,1,-0.7920733041309848,-0.49382296393404385,1.2,0
2039,1,0,2,1,1,0,1,1,0,0,1,1,0,1,1,0,0,1,0,2,-0.05803159892563761,0.13370930130998027,1.2,0
2040,0,1,0,1,1,2,2,1,0,2,1,0,0,1,0,1,0,1,1,1,0.3156203821061835,-0.9988617379114145,1.2,0
2041,0,1,0,0,0,2,0,2,0,1,1,0,0,0,2,2,0,2,0,0,-0.38095183750256445,0.5830308366080408,1.2,0
2042,1,0,1,0,1,1,0,1,0,0,0,0,0,0,1,1,1,1,1,1,1.3789137523272685,-0.03786181721781967,1.2,0
2043,0,0,0,2,0,0,1,1,0,0,0,0,0,0,1,1,0,1,0,2,-1.0754518207652857,0.29044602229546684,1.2,0
2044,0,0,1,1,2,1,1,1,0,1,1,0,0,2,1,1,0,0,0,1,-0.7544292830676209,-0.8134470646896104,1.2,0
2045,0,0,0,1,1,0,1,1,0,0,1,1,0,0,1,1,0,1,0,1,-0.5219342938645757,-0.8001645706317039,1.2,0
2046,1,0,0,1,0,1,2,1,0,0,1,0,0,1,2,1,1,1,1,2,-2.6111623966275426,-0.6518383423107383,1.2,0
2047,1,1,1,0,1,2,1,0,0,0,1,2,1,0,0,0,0,0,0,0,-0.7090777688306825,-1.1695206388358843,1.2,0
2048,1,1,1,0,1,1,0,1,0,1,1,1,0,0,1,2,0,0,0,0,1.774094645372275,1.2138876243768355,1.2,0
2049,0,0,1,2,0,1,1,1,0,0,0,0,0,0,1,1,0,0,1,2,0.11039626124695541,1.453961265675612,1.2,0
2050,0,1,1,1,1,1,1,0,0,0,2,0,0,1,2,2,0,1,0,0,0.988262927395514,0.061183658747750364,1.2,0
2051,1,1,1,1,1,0,2,1,0,1,0,0,0,2,1,1,0,2,0,1,1.5280156910587364,-0.0451886735305399,1.2,0
2052,1,0,2,2,0,1,1,2,0,1,1,0,0,2,0,0,0,1,0,1,-1.2987910230549145,-0.5180355455607215,1.2,0
2053,1,0,0,1,1,0,1,0,1,0,0,0,0,0,1,0,1,0,0,2,-0.07079832173655204,-0.22536510880558835,1.2,0
2054,1,0,1,0,1,0,1,2,0,1,0,0,0,1,1,0,0,0,0,0,1.1279463142478083,1.6157197405538906,1.2,0
2055,0,0,1,2,2,1,2,0,0,2,0,0,0,2,1,1,1,0,0,2,0.671510533636785,1.3078604116433379,1.2,0
2056,0,1,0,1,2,1,2,2,0,1,0,0,0,2,1,1,0,2,0,1,-0.11288915474680798,0.9555156472552168,1.2,0
2057,0,0,1,1,1,0,2,1,0,1,1,0,0,1,0,1,1,0,0,0,-0.3962416500362245,-0.3219798421127332,1.2,0
2058,0,0,1,2,1,1,1,2,0,1,1,0,0,0,0,0,1,0,0,1,-0.33541152373528293,-0.7271084449867966,1.2,0
2059,1,0,1,2,1,0,0,1,0,0,0,0,0,0,1,0,0,1,1,0,0.7050867288058298,0.6705988001029114,1.2,0
2060,1,1,0,0,1,1,2,0,0,1,1,1,0,0,1,1,0,1,1,0,0.4052621688832084,0.5080104079064315,1.2,0
2061,0,0,0,0,2,1,1,0,0,0,0,0,1,0,0,0,0,0,0,0,-0.5855264704875028,-0.2003955297726454,1.2,0
2062,2,1,0,0,0,0,1,0,0,0,0,0,0,2,1,0,0,0,0,0,-0.45857025852180017,-0.22289116597917713,1.2,0
2063,2,0,1,0,1,1,1,1,1,1,0,0,0,0,1,0,0,0,0,1,-2.4990260929861696,-1.1759657844431435,1.2,0
2064,0,0,2,1,1,1,1,1,0,0,0,0,0,1,1,1,1,0,0,0,0.09800371748722068,-0.15116133613792104,1.2,0
2065,1,0,1,0,0,1,1,1,0,1,0,1,0,1,0,0,0,0,1,2,0.0028515605741147123,-1.5820502578954576,1.2,0
2066,0,0,2,1,1,1,2,1,0,0,0,0,0,1,0,1,1,0,1,1,-1.170563616231519,-0.9963889117831375,1.2,0
2067,0,0,1,0,1,0,1,1,1,1,0,0,0,1,1,1,1,0,1,1,0.993634958553984,0.002682159267650197,1.2,0
2068,0,1,1,0,1,0,1,0,0,0,1,0,0,1,0,1,0,0,0,0,-0.7188681696055117,0.1350060337198773,1.2,0
2069,0,1,0,0,0,1,1,2,0,0,0,0,0,1,1,1,1,2,0,2,-0.4011611814776151,1.1783772474231495,1.2,0
2070,1,0,1,1,2,0,1,1,1,0,0,1,0,2,1,1,0,0,0,1,0.31558381598157254,0.40205066419501967,1.2,0
2071,2,0,0,1,1,1,1,1,0,1,1,1,0,0,2,2,0,1,1,1,1.1478823000398342,0.7480908642751019,1.2,0
2072,1,1,1,0,1,1,0,0,1,2,0,1,0,1,1,2,0,0,1,1,-1.4201890315465755,-1.1227310518722666,1.2,0
2073,0,1,0,1,0,2,1,0,1,0,0,0,0,1,2,0,0,2,1,1,-1.72144320999117,-1.6907717197272798,1.2,0
2074,0,0,1,1,1,1,1,1,0,0,0,0,0,1,0,0,1,0,0,1,0.553988424003047,-0.2846644934246678,1.2,0
2075,1,1,0,0,1,0,2,0,0,0,0,0,0,0,0,0,0,0,0,0,-0.11094954085610562,-1.0959924558551144,1.2,0
2076,0,1,1,0,1,0,2,1,1,1,1,1,0,0,1,2,1,1,0,0,1.0052482579357784,-0.2888940964133156,1.2,0
2077,1,0,0,2,0,1,1,2,0,0,0,1,0,2,0,1,0,0,0,0,-1.1170779033801457,2.0445756652590545,1.2,0
2078,1,0,0,2,1,0,2,0,0,0,1,0,0,2,1,0,0,1,1,1,-0.40117341377566024,0.3577989758311365,1.2,0
2079,0,0,0,0,0,2,0,1,0,1,1,0,0,1,0,2,0,1,0,2,1.072736491890421,-0.24680789080852872,1.2,0
2080,0,0,1,0,0,1,1,1,0,0,0,0,0,2,2,1,1,0,1,2,1.1818813082006234,-0.7943897154982428,1.2,0
2081,2,1,0,0,1,1,0,1,0,0,0,0,0,1,1,1,0,0,0,0,-0.5047981053267315,0.7189573883369565,1.2,0
2082,0,0,1,0,1,0,1,1,0,0,1,0,0,2,0,1,1,0,1,1,0.8237965380758736,-0.6447001386830171,1.2,0
2083,0,1,1,2,2,1,1,0,0,1,1,0,0,0,2,1,1,1,0,1,0.011481992437399457,0.3631444614687267,1.2,0
2084,1,0,0,1,0,0,2,1,0,0,0,0,0,0,2,0,1,0,0,0,0.4266097671043572,0.08345535574685614,1.2,0
2085,2,0,0,0,1,1,1,1,1,1,0,0,0,0,0,0,0,0,1,2,1.7836097527114818,1.4675254276366845,1.2,0
2086,0,0,2,1,1,1,1,0,0,0,1,0,0,1,2,0,0,1,1,0,-0.5753374093462055,-0.550595219389718,1.2,0
2087,0,1,0,2,2,1,0,1,0,0,1,1,0,0,1,1,0,0,2,0,0.11082773685986781,0.9012852357630858,1.2,0
2088,1,1,2,2,1,1,1,0,0,0,1,0,0,1,0,2,0,1,1,1,0.14982663217793823,-1.2817319917615169,1.2,0
2089,1,1,0,0,2,0,0,0,0,1,0,1,0,1,1,1,0,1,0,0,-0.9052407367382371,0.375557770611077,1.2,0
2090,2,0,2,0,1,2,0,2,0,0,1,0,0,2,0,2,1,2,0,1,0.6628416151100996,-0.5663084590167811,1.2,0
2091,1,1,1,2,1,1,1,0,1,1,0,0,0,2,1,1,0,1,0,1,-1.934511815792599,-0.749702549898479,1.2,0
2092,1,1,0,1,2,1,0,1,0,0,0,0,0,1,1,1,0,1,1,0,-0.8751789169801586,-0.34670297264914385,1.2,0
2093,1,0,0,0,1,2,1,1,0,0,0,0,0,0,1,1,1,1,0,1,-0.13459445379804041,0.24726766803672023,1.2,0
2094,2,1,0,1,1,1,1,0,1,0,0,0,0,2,1,1,0,1,0,1,-0.01327930245108556,-0.014539153179164575,1.2,0
2095,1,0,1,1,0,0,2,1,0,0,0,0,0,1,2,0,0,1,0,1,1.3287607010319122,-0.3732080698230131,1.2,0
2096,2,0,1,0,0,1,1,1,0,1,0,0,0,1,2,1,0,0,0,1,-0.6087136125682481,-0.8061928497882526,1.2,0
2097,0,0,0,0,1,1,0,1,0,1,1,0,1,1,1,2,1,0,1,0,-0.42813681002847725,-0.9510852402848906,1.2,0
2098,2,1,1,0,1,1,1,1,0,0,0,0,0,0,1,1,0,0,0,0,-0.5875331686928243,-0.4901644896614623,1.2,0
2099,1,1,1,0,1,0,1,0,0,1,1,0,0,1,0,0,0,0,0,1,0.6725699398582057,0.5836910864139647,1.2,0
2100,1,0,2,0,0,2,1,0,0,0,0,0,0,1,0,2,1,1,0,1,-0.4696499747471492,1.6504598473612115,1.2,0
2101,0,0,1,0,0,1,1,2,1,1,0,1,0,1,1,0,0,2,2,2,0.0740245359209214,-1.722635678057241,1.2,0
2102,2,0,0,0,1,2,0,1,0,1,0,0,0,1,1,1,0,1,0,1,-0.42927382789155916,-0.3907529756336844,1.2,0
2103,2,0,0,1,1,1,0,1,1,1,0,0,0,0,0,1,0,1,1,1,-1.9111892430624353,0.49987334905804715,1.2,0
2104,1,0,0,2,2,1,1,0,0,0,0,0,0,1,0,0,1,2,0,1,1.8537372700756487,1.3959267667588675,1.2,0
2105,0,1,0,1,0,0,1,1,0,1,1,0,0,0,0,0,0,1,0,1,-2.3809659009866944,-3.1951957593127256,1.2,0
2106,2,0,2,1,0,1,0,1,0,0,1,0,0,0,1,1,0,0,1,2,-0.306207313939463,-0.19044618606553929,1.2,0
2107,2,0,1,1,2,2,0,0,0,0,0,0,0,0,1,0,1,0,0,0,-0.9021061838760035,0.26668538115802376,1.2,0
2108,1,0,1,1,1,2,2,1,0,0,0,0,0,2,1,1,0,2,0,0,0.07300427613956272,1.0182158858854744,1.2,0
2109,0,1,1,0,0,0,1,0,1,0,2,0,0,1,1,0,1,1,0,0,-0.18725466105338412,-0.15212592452795182,1.2,0
2110,0,1,2,1,1,2,0,1,0,1,0,1,0,2,1,0,0,1,0,0,2.303674376127015,1.275905344618529,0.6020860864104631,1
2111,1,0,0,1,2,0,1,1,0,1,0,0,0,0,2,0,0,1,1,1,2.0762897586095823,2.54809482488989,0.8999883955863851,1
2112,2,2,0,2,0,1,2,0,0,0,2,0,0,2,0,1,0,0,0,1,-0.9817201007977178,-1.9538774842322577,1.2,0
2113,2,0,0,1,1,1,1,1,0,2,1,0,0,0,0,0,0,0,2,1,-0.2802505742205705,0.4487661112821431,1.2,0
2114,1,0,0,1,0,1,0,0,0,0,1,0,0,2,0,1,2,0,0,0,-0.40868387395649186,-1.445036100550374,1.2,0
2115,1,2,1,1,0,1,1,2,0,1,0,0,0,1,2,0,2,0,1,0,-1.3812919906905734,-0.1580021105057274,1.2,0
2116,0,1,2,1,0,0,2,0,0,0,0,1,0,0,1,2,0,1,1,1,-0.7687073109708815,-0.39534254892793164,1.2,0
2117,1,0,0,0,1,1,1,2,0,0,0,0,0,1,0,0,0,0,0,1,1.0030167104530547,0.37432300647895966,0.7626228659615457,1
2118,2,1,0,0,1,1,0,1,0,0,1,0,0,0,1,1,1,1,0,0,1.2530144726785228,0.09792697293957411,1.2,0
2119,0,0,1,1,0,1,1,1,0,0,0,0,0,2,0,2,1,0,0,1,-0.47000745980184505,1.4406950545734527,1.2,0
2120,0,0,0,1,1,1,2,1,0,0,0,0,0,2,1,0,0,1,0,1,-0.27832012341720563,-0.5226320542519927,1.2,0
2121,2,1,1,1,0,1,1,1,0,0,1,0,0,2,0,0,0,0,1,2,-0.8387566217996545,0.18841657289594926,1.2,0
2122,2,0,0,0,1,1,1,0,0,1,1,0,0,1,0,1,0,0,1,1,-0.4158145329608727,0.29147119028501844,0.629778987312386,1
2123,1,0,1,0,1,1,0,2,0,1,0,0,0,1,0,0,0,1,0,1,0.08406625811033244,-0.9758789964976826,1.2,0
2124,2,1,0,0,1,1,0,1,0,1,0,0,0,0,1,2,0,1,0,0,-0.6672681604803309,1.8571697799938918,1.2,0
2125,1,1,1,1,1,1,1,1,0,1,0,0,0,1,2,0,0,1,1,1,-2.0289527806025354,-0.2530055524484961,1.2,0
2126,0,0,0,1,1,2,1,1,0,1,1,0,0,2,1,0,0,1,0,1,0.2830237394187039,-1.0734633478885893,1.2,0
2127,1,1,0,1,1,1,0,0,0,0,0,0,0,0,1,2,2,1,0,1,0.2709574698984834,2.2666060613231154,1.2,0
2128,2,1,0,0,1,1,2,1,0,1,0,0,0,0,2,0,0,2,0,0,-0.1569586036562857,0.7528846675295172,1.2,0
2129,2,0,0,0,0,1,0,1,0,0,1,0,0,1,1,0,1,1,0,2,0.34298578417339204,-1.8324287092587306,1.2,0
2130,1,0,0,0,1,2,1,1,0,0,1,0,1,0,0,1,0,2,1,2,-0.43788617198677177,0.3062651955738842,1.2,0
2131,2,1,0,1,0,0,0,0,0,0,0,0,0,0,2,2,0,2,0,1,1.907340612596309,-0.2789580913426668,1.2,0
2132,2,1,0,1,1,2,2,1,0,1,2,0,1,0,1,2,1,0,0,2,-0.8639161757111997,-1.3748017365062457,1.2,0
2133,1,0,1,2,1,2,1,0,1,1,0,0,0,1,1,0,1,1,0,1,0.8366849158509806,0.7319943925738269,1.2,0
2134,0,1,1,1,0,1,1,1,0,0,0,0,0,1,1,1,0,0,1,2,-0.5706614894173734,1.0790070372634435,1.2,0
2135,1,0,1,1,0,0,1,1,1,0,0,0,0,1,1,0,1,1,0,1,0.6760162827155535,-1.048408440750971,1.2,0
2136,1,0,1,0,0,1,1,1,0,0,1,1,0,0,1,2,1,1,0,2,1.3117546021191808,-0.9108768815557036,1.2,0
2137,0,0,1,0,0,1,1,2,0,0,1,0,0,1,2,0,0,1,1,0,-1.2169033476628353,0.025647890995362355,1.2,0
2138,2,0,2,0,1,0,1,1,0,1,0,0,0,0,1,0,0,1,0,2,-1.1387266671356953,-2.1331855449046015,1.2,0
2139,0,1,1,2,1,1,1,1,0,1,0,0,0,2,2,1,0,0,1,0,-0.708926362983832,1.1426968426529265,1.2,0
2140,0,1,0,1,1,2,1,0,0,0,0,0,1,0,0,1,1,1,0,0,0.3722953372660957,0.473297044488755,1.2,0
2141,1,1,0,0,1,0,2,0,1,1,1,0,0,1,1,0,0,0,0,1,-0.07608141733300572,-0.3457240781983064,1.2,0
2142,2,1,0,1,2,0,2,1,1,1,1,0,1,0,0,2,2,2,0,0,1.402913226459559,0.3873746724760413,1.2,0
2143,2,0,1,1,1,0,0,1,0,1,0,0,0,2,1,1,0,2,1,1,-1.1302463603982802,1.7225061576202292,1.2,0
2144,0,0,1,0,0,0,0,1,0,0,0,0,0,1,1,0,0,1,0,0,0.007604859704230934,1.3251525680959904,1.2,0
2145,1,0,1,2,1,2,1,0,0,1,0,1,0,0,1,1,0,0,1,0,-0.731926780273773,-0.05543312387194638,1.2,0
2146,1,0,1,2,0,0,0,1,0,1,0,0,0,1,2,2,1,1,0,0,0.37402640965233647,1.5624069726471495,1.2,0
2147,1,0,0,1,2,1,0,2,0,0,0,0,0,1,0,2,0,0,0,1,-0.8860449815691642,0.7589725115565158,1.2,0
2148,0,0,0,1,1,2,0,1,0,1,1,0,0,1,1,0,0,1,1,1,-1.2678226176823901,0.02783320481545748,1.2,0
2149,1,0,2,1,0,1,1,2,0,1,0,0,0,2,0,1,0,1,0,1,0.028473895924781292,0.5814677184484413,1.2,0
2150,1,0,1,1,0,2,1,0,0,0,1,0,1,1,1,1,0,1,0,1,0.7876088211690542,-0.03155837609916626,1.2,0
2151,0,0,1,1,1,0,2,1,0,0,0,1,0,0,1,1,0,0,0,2,0.4230491586270836,-1.2258800201548679,1.2,0
2152,0,1,1,2,1,2,0,1,0,1,0,0,0,1,1,0,0,1,0,2,0.9845088506866039,0.6230933417879139,1.2,0
2153,2,1,2,1,0,1,0,2,1,1,1,0,1,2,1,0,1,0,0,1,1.0408316444768182,-0.09671672982628021,1.2,0
2154,1,0,0,1,0,0,0,0,0,0,0,0,0,0,2,0,0,2,0,1,0.7592195625740927,0.022954839104644093,1.2,0
2155,0,0,1,0,0,1,1,1,0,0,0,0,0,0,1,1,1,0,0,0,0.4186075553917029,1.6662482035723625,1.2,0
2156,2,0,1,2,0,0,0,2,0,0,0,0,0,0,2,1,2,2,0,1,-1.5521991581287156,0.7339843499955443,1.2,0
2157,0,1,1,0,0,1,1,1,0,1,0,0,0,2,1,1,0,2,1,0,-0.8889192671960994,0.501811941068002,1.2,0
2158,2,0,1,0,1,0,0,0,0,1,1,0,0,0,0,0,0,1,0,1,1.1444730455042482,-0.45911703901063894,1.2,0
2159,1,0,1,1,0,0,0,1,0,1,0,0,0,1,1,0,0,2,0,2,0.3819011083587432,-1.3717411345420283,1.2,0
2160,1,0,0,0,0,2,2,2,0,1,2,0,0,1,1,1,1,1,0,0,-1.8204718482624032,-1.6248268649071331,1.2,0
2161,1,0,1,1,0,1,0,2,0,0,0,0,0,1,1,1,0,1,0,1,-0.06434567266503155,0.14170748467832422,1.2,0
2162,2,0,0,2,1,1,1,2,0,0,0,0,0,1,1,1,0,0,0,0,2.519951197407254,2.204293305537198,1.2,0
2163,1,0,0,1,0,0,1,2,0,0,1,0,0,0,0,1,0,1,1,1,1.1348807122590832,0.9261055297686729,1.1903781022512518,1
2164,0,1,0,2,1,1,0,2,0,0,1,1,1,1,0,0,0,1,0,2,-0.11232685731829774,-0.6915692972621237,1.2,0
2165,2,1,1,1,1,0,0,1,0,0,0,0,0,1,0,2,1,0,0,1,1.0349095779423922,0.646642153026523,1.2,0
2166,0,1,1,1,1,0,1,0,0,2,0,0,0,0,1,0,1,1,0,0,-1.6146708613570901,1.1778323421161496,1.2,0
2167,0,0,0,0,1,1,1,0,0,0,0,1,0,2,1,1,0,1,0,0,-0.32479297342927,-0.23265489963435426,1.2,0
2168,0,0,0,1,0,1,1,1,0,0,0,0,0,0,1,1,0,2,1,0,-0.717563050579095,0.399724389718189,1.2,0
2169,2,0,0,1,1,1,0,1,0,0,0,1,0,0,1,1,0,0,1,1,-0.015498171808606756,-0.4043012214005713,1.2,0
2170,0,1,1,0,0,2,1,1,0,0,0,1,0,1,2,0,0,1,0,0,0.09472927168191442,-0.7091438458776248,1.2,0
2171,1,0,0,0,2,0,0,1,0,0,0,0,0,1,2,1,1,1,0,0,1.3743392815548088,1.3896480757448004,1.2,0
2172,1,0,0,0,1,1,1,1,0,0,0,0,0,1,0,0,1,0,0,0,-0.20239281686762367,-1.393021951445487,1.2,0
2173,0,0,0,1,1,1,0,2,0,0,1,0,0,0,1,1,0,1,1,1,0.5695827106138736,-1.0798164737998184,1.2,0
2174,1,0,0,2,1,1,0,1,0,0,1,0,1,2,0,1,1,0,1,1,-0.24924597064711265,-0.1763630702212623,1.2,0
2175,1,0,2,1,1,0,1,0,0,0,0,0,0,1,2,1,2,0,0,1,-1.0725293700895775,-0.08478206110042981,1.2,0
2176,1,0,1,0,1,0,0,1,0,0,0,0,0,0,1,2,1,1,0,2,-0.0424503347365095,-1.3601861630807224,1.2,0
2177,1,0,0,0,2,1,1,2,0,1,0,0,0,1,0,0,1,2,0,0,1.363402301694892,0.18884701646812102,1.2,0
2178,0,0,2,2,0,1,1,1,0,0,0,0,0,0,1,1,0,0,1,0,0.36816281439445986,1.6434936852515616,1.2,0
2179,1,0,0,1,0,0,1,1,0,1,1,0,0,0,0,1,0,1,1,2,0.7948793036210425,-2.129377662406993,1.2,0
2180,1,0,0,1,0,0,1,1,1,1,2,0,0,2,0,2,0,0,0,0,-1.6437011903134664,-1.1441015572861835,1.2,0
2181,0,1,0,1,0,0,2,1,0,0,1,0,0,0,1,1,1,2,0,2,-0.1912715463380007,-0.4970207711685416,1.2,0
2182,1,0,0,1,1,2,1,1,0,1,1,0,0,1,0,2,0,0,0,1,-0.041996537378167983,-0.6047642846451293,1.2,0
2183,2,0,0,1,2,1,2,0,0,0,0,1,0,1,2,1,0,1,0,1,0.30567283673228485,0.02469376753817222,1.2,0
2184,1,0,0,1,0,1,1,1,0,1,0,0,0,0,1,1,0,0,1,1,0.840159251226013,0.102005831661311,1.2,0
2185,2,0,1,0,0,0,1,1,0,0,0,0,0,2,1,1,0,1,0,1,0.2754469444581238,0.03761618515694667,1.2,0
2186,1,0,0,1,0,1,0,1,0,1,0,0,0,0,0,0,0,0,0,0,0.37876124181506776,-0.7810776789585159,1.2,0
2187,2,1,0,0,0,1,1,1,0,1,0,0,0,2,2,0,0,0,0,0,-2.010205464748517,0.3104734368699591,1.2,0
2188,1,1,1,1,1,2,0,1,0,0,1,0,0,1,0,1,1,0,1,2,-1.0301070702302861,-1.3815667669901819,1.2,0
2189,0,0,1,1,0,1,0,1,0,0,1,0,0,0,1,2,0,1,0,1,-0.353374954323587,-0.1712197419865857,1.2,0
2190,0,0,1,2,0,1,1,1,0,0,0,0,1,1,1,0,0,0,0,0,-1.2515190594654442,0.6835413022730131,1.2,0
2191,1,0,1,0,0,0,2,2,0,1,1,0,0,2,0,2,1,1,0,2,2.1499688904932808,-0.20419557648397657,1.2,0
2192,2,1,0,2,1,0,1,2,0,1,0,1,1,0,1,0,0,0,1,0,-0.9077885540654783,-1.0303809475965773,1.2,0
2193,1,0,1,0,1,0,1,2,0,0,0,0,1,1,1,1,0,0,0,2,0.8813955040308464,1.483923226142256,1.2,0
2194,1,0,1,0,1,0,1,0,0,1,1,0,0,1,1,1,0,1,0,0,0.8871190361860052,1.315373532918515,1.2,0
2195,1,1,1,0,1,1,1,0,0,1,1,0,0,1,1,1,1,1,0,1,-2.2542151196385807,-1.073169570680295,1.2,0
2196,2,1,1,1,2,1,0,1,0,0,0,0,0,1,2,1,1,0,1,0,1.024929105168754,-0.2967022303404683,1.2,0
2197,2,0,0,1,1,1,2,1,0,1,0,0,0,0,2,2,1,0,1,1,-1.013879256337506,0.014753798675742544,1.2,0
2198,1,0,0,1,0,2,1,0,0,0,0,0,1,2,1,1,1,0,1,1,0.8847183525211879,-0.3453487038817093,1.2,0
2199,0,0,0,2,1,1,1,1,1,1,0,0,0,1,0,0,1,1,0,0,0.4105734575839544,0.058323120860674565,1.2,0
2200,2,0,0,0,0,2,0,0,0,0,0,0,0,0,2,2,0,1,0,0,-0.870483451604814,0.06018471244637085,1.2,0
2201,1,0,1,2,1,2,0,1,0,0,0,0,0,0,0,1,0,0,1,1,-1.586625541797476,0.82594122980738,1.2,0
2202,1,1,1,1,2,1,2,1,0,1,1,0,0,2,1,1,0,2,0,1,0.18974622594027,0.2736530305880134,1.2,0
2203,2,1,0,1,2,1,1,1,0,0,0,0,0,1,1,1,0,0,1,0,0.15668413062833875,1.368380327459618,1.2,0
2204,2,1,0,2,0,1,0,1,1,0,0,1,0,1,1,1,0,0,0,0,1.0399502362998883,0.007796259831186703,1.2,0
2205,1,0,1,0,0,1,1,1,0,2,1,0,0,0,2,0,0,1,0,0,0.18578482698629598,0.6800921587920152,1.2,0
2206,0,0,1,1,2,1,0,2,0,0,0,0,0,1,1,2,0,0,1,0,-0.45808496970956714,1.0941715511355325,1.2,0
2207,1,0,0,0,0,1,1,1,0,1,0,0,0,2,1,2,0,0,0,0,-2.103116196504498,0.9247279121844904,1.2,0
2208,1,0,0,2,1,1,1,0,0,0,0,1,0,2,0,1,1,2,0,1,-0.6978658349301404,-0.06929175383049688,1.2,0
2209,1,1,0,2,0,0,2,0,2,1,0,0,1,2,1,2,0,0,0,0,-0.7037952678659665,0.053490512323504824,1.2,0
2210,2,1,0,1,0,2,2,0,0,2,1,0,0,1,1,0,0,1,0,1,0.5047351633616046,0.7958371305212004,1.2,0
2211,0,0,1,1,0,1,2,0,0,0,0,0,0,1,2,0,1,1,0,1,0.11313231772819825,0.05359313329657911,1.1465729457580534,1
2212,2,0,1,1,0,1,1,1,0,0,1,0,0,1,0,0,0,0,1,0,0.14327457368405913,-0.9522081530061721,1.2,0
2213,2,1,2,0,1,0,0,1,0,0,1,0,0,0,2,0,2,0,0,1,-0.6737912546832117,-1.5250702988450198,1.2,0
2214,0,0,0,2,1,0,0,0,0,1,0,0,0,1,0,1,0,1,0,0,0.3952665708788223,1.3652436203695757,1.2,0
2215,1,1,0,0,0,2,1,2,0,0,1,0,0,2,1,0,1,0,1,1,0.18536818338657152,-0.7165508238369752,1.2,0
2216,1,0,2,1,2,0,2,1,0,0,1,1,0,1,0,0,0,1,0,1,-0.19627422401649736,0.26989846310363297,1.2,0
2217,2,0,1,1,2,1,1,1,0,0,1,0,0,1,1,1,0,0,0,1,-1.3022612297065146,0.6289207288541783,1.2,0
2218,0,1,0,1,1,1,0,1,0,0,0,0,0,1,0,0,0,1,1,1,-2.070963051080358,-1.5284763661306948,1.2,0
2219,0,0,0,1,0,2,1,2,0,0,0,0,0,1,1,2,0,1,1,2,-0.8811867318998412,0.8583133716805701,1.2,0
2220,1,0,1,1,0,1,1,1,0,0,1,0,0,1,2,1,1,1,0,1,-0.7645437368264031,-0.8616137990827741,1.2,0
2221,0,1,1,1,0,2,0,0,0,1,0,1,0,0,1,1,0,0,1,0,0.3561823394467213,1.5981124512163918,1.2,0
2222,0,0,0,1,1,1,1,1,0,1,1,0,0,1,2,1,0,0,0,2,0.0032233197990504596,0.750120250358252,1.2,0
2223,1,0,0,0,1,0,2,1,0,0,0,0,0,2,2,0,0,2,0,1,0.6721756751978788,-0.2908222398844507,1.2,0
2224,0,0,2,1,0,1,1,0,0,1,0,0,0,1,1,0,0,1,1,1,-1.272078441419415,0.5360388460609348,1.2,0
2225,1,0,0,1,1,1,1,0,0,0,1,0,1,0,1,0,0,1,0,1,-0.09039958145008738,0.04717645179704211,1.2,0
2226,1,0,1,1,1,2,1,1,0,0,0,1,0,1,0,0,1,1,0,2,0.8833651025049795,0.646074408225265,1.2,0
2227,0,0,0,0,0,2,2,0,0,1,0,0,0,0,2,1,0,1,0,1,0.4354230821539069,0.6339371446797432,1.2,0
2228,1,0,1,0,0,2,2,0,0,1,1,0,0,0,1,2,0,1,0,0,-1.1886767469629416,-0.45537490791138346,1.2,0
2229,1,0,1,2,0,0,0,1,0,1,0,1,0,0,0,1,0,1,0,0,2.0519565928232293,2.4540844740541616,1.2,0
2230,2,0,2,1,1,2,0,1,0,1,1,0,1,0,1,1,0,1,1,2,0.4704860765040752,0.07505620747011704,1.2,0
2231,1,0,1,0,1,1,1,1,0,1,1,0,0,2,2,1,0,1,0,1,0.17222928350262015,0.7455609674377662,1.2,0
2232,0,0,1,0,1,0,1,1,0,1,0,0,0,1,2,2,0,0,0,1,-0.1325590608759373,-1.0383849851099198,1.2,0
2233,1,1,0,1,1,0,1,1,1,0,0,1,0,1,0,0,0,1,1,0,0.29057858240995194,-1.1684102026081014,1.2,0
2234,0,0,0,1,1,0,1,1,0,0,0,1,0,1,1,0,0,0,1,0,-1.8434198431196631,0.13160425027833178,1.2,0
2235,1,1,1,2,2,1,1,2,0,0,0,0,0,0,1,0,0,0,1,1,-0.14732807364631756,-1.3090600247673059,1.2,0
2236,1,1,0,2,1,0,1,2,0,1,1,1,1,0,0,0,1,1,0,1,-2.308410785514958,-0.1115755697001447,1.2,0
2237,1,0,1,0,2,2,0,1,0,2,0,0,0,1,1,1,0,0,0,0,0.6133287862317262,1.2318605860537897,1.2,0
2238,1,1,2,1,2,1,2,0,0,1,0,0,0,1,1,1,1,0,0,0,0.977578100514089,0.7319378295258122,1.2,0
2239,1,0,0,0,1,1,1,2,0,0,2,0,0,0,0,1,0,0,2,1,0.1812972100580183,-1.0962216428041387,1.2,0
2240,1,0,0,1,1,2,1,1,0,1,0,0,0,1,0,1,0,0,1,1,0.48427010555726635,0.8491722067363571,1.2,0
2241,1,0,1,1,1,1,1,1,0,1,0,2,0,0,1,0,0,0,0,1,0.3337233003761883,0.610496811028883,1.2,0
2242,2,1,1,0,1,1,0,0,0,0,1,0,0,1,0,2,0,0,0,1,1.2565528302025823,-0.15222445022182307,1.2,0
2243,0,0,1,1,0,1,0,0,0,0,1,0,0,2,2,0,0,1,1,0,-0.8537807801194498,-0.5848587382541776,1.2,0
2244,1,1,1,0,1,1,0,1,0,0,1,0,0,1,2,0,0,1,0,1,2.197249499312262,-0.3774104118663828,1.2,0
2245,1,1,1,2,0,1,0,0,1,1,1,0,0,1,2,0,0,0,1,1,-0.10464144480392602,-0.12526235968537475,1.2,0
2246,2,0,2,0,2,1,2,0,0,0,1,0,1,0,1,1,0,0,0,2,-1.1838264668039367,-1.6138603990590246,1.2,0
2247,0,1,1,0,1,1,2,1,0,1,0,0,0,2,0,1,0,1,0,0,1.3714837359681658,-0.09837533711779822,1.2,0
2248,1,0,0,2,2,0,2,1,0,0,0,0,0,1,0,1,0,0,1,2,1.88950879201314,0.7593826687535621,1.2,0
2249,2,0,0,1,1,0,1,1,0,0,0,0,0,1,1,2,1,1,0,0,0.9046868138610411,0.2526389561096038,1.2,0
2250,2,0,2,1,1,1,1,1,0,0,1,1,0,1,1,1,1,0,0,0,1.3738160717034271,0.7134091353295208,1.2,0
2251,1,1,0,2,1,2,1,0,0,1,1,0,0,0,1,1,0,1,0,1,-1.021809804426713,0.03686981210851853,1.2,0
2252,1,0,1,1,0,1,2,2,0,1,0,0,0,0,1,2,0,1,1,1,-0.8837568803403375,0.07844231270001377,1.2,0
2253,1,1,1,0,0,1,1,0,0,1,1,0,0,1,1,1,0,1,1,1,1.0934115838198766,0.12435406921071147,1.2,0
2254,2,0,1,1,1,1,0,1,1,1,1,0,1,0,0,1,0,1,0,1,0.484100717070479,0.5603909737741718,1.2,0
2255,1,0,2,0,1,1,1,1,0,0,0,0,0,0,1,1,0,1,1,1,1.6625849640992645,1.647651179723233,1.2,0
2256,1,0,1,0,1,1,0,1,0,0,1,0,0,1,2,1,0,1,0,2,-1.3815212299274866,-1.5103334359792648,1.2,0
2257,1,0,0,0,0,0,2,1,0,2,0,0,0,2,1,1,0,0,2,0,0.6160954383048997,1.242240356548856,1.2,0
2258,1,0,2,1,0,2,2,0,0,1,1,0,0,0,1,0,0,1,1,0,-1.642638851673289,-1.29651973852286,1.2,0
2259,1,0,1,1,1,0,0,2,0,1,0,1,0,0,2,1,1,0,2,1,-1.5565544675444138,-0.6785101546486902,1.2,0
2260,1,0,0,1,2,1,2,1,0,1,0,0,0,1,0,1,1,1,0,2,-0.05830926398460586,-1.111182431181431,1.2,0
2261,1,0,0,0,0,1,1,1,0,1,1,0,0,1,1,1,1,1,0,1,-0.4921225697845457,-0.9656332251644066,1.2,0
2262,0,0,1,0,1,1,2,1,0,1,1,0,0,1,1,1,1,0,0,1,0.27537620433972426,-1.943539700275605,1.2,0
2263,0,0,2,1,1,1,0,0,0,1,0,1,0,0,1,0,1,0,0,0,-1.444378275658139,-0.69838392378091,1.2,0
2264,2,0,1,1,2,1,1,1,0,0,0,0,0,1,0,1,0,1,0,0,1.1155621059109584,-0.09745394296981302,1.2,0
2265,1,0,0,0,1,0,0,0,0,0,0,1,0,1,0,1,0,0,0,1,0.8161154163606914,0.583141814192021,1.2,0
2266,2,0,1,2,0,0,1,2,0,1,0,0,0,0,1,0,0,1,0,1,-0.1117933686345169,0.8540754048450436,1.2,0
2267,0,0,1,0,0,1,2,1,0,0,0,0,0,1,1,0,0,1,0,0,0.29925541985225684,-0.4759566340787773,1.2,0
2268,1,1,0,2,0,1,1,1,0,0,0,0,0,2,1,1,1,0,0,0,1.344114503165583,1.1381596139523218,1.0346050030553815,1
2269,2,0,0,1,0,1,2,0,0,1,1,0,1,2,1,0,0,1,0,2,-0.4130233132986206,-2.0473148756899873,1.2,0
2270,0,0,0,0,1,1,1,0,1,2,1,0,0,1,1,0,1,0,0,1,1.2266514089272282,-1.5699562107368057,1.2,0
2271,1,1,0,1,1,1,0,2,0,1,0,0,0,1,1,0,0,0,1,1,-0.3390582169970004,-0.6665271573442215,1.2,0
2272,1,0,1,1,1,2,0,2,0,1,1,0,1,2,1,2,0,0,0,0,0.3300841030689264,1.063502753803994,1.2,0
2273,1,0,0,0,1,0,0,0,0,0,2,0,1,1,2,1,0,0,1,0,1.511140391457268,-0.4083434429393801,1.2,0
2274,0,1,0,0,1,1,1,0,0,0,1,2,0,1,1,0,0,0,0,1,0.5440816455478117,-0.8097678347185068,1.2,0
2275,0,0,0,1,1,1,0,2,0,0,1,0,0,1,0,0,0,0,0,1,0.8747456062874873,0.42161548525190884,1.2,0
2276,1,1,0,2,0,1,0,0,0,0,0,1,0,2,1,1,0,1,0,0,0.22687654243116837,-0.19039632607938572,1.2,0
2277,0,0,1,1,0,1,1,2,0,1,0,0,0,0,0,0,0,1,0,1,0.39292383416708637,0.9263690592471083,1.2,0
2278,2,1,0,0,1,0,0,1,0,1,1,0,1,0,2,2,0,1,1,2,0.21230119090887908,-0.0382682105790039,1.2,0
2279,0,1,0,1,0,1,0,1,0,0,0,0,0,1,1,2,0,1,1,0,0.013558186238600032,-0.9655416326544284,1.2,0
2280,1,0,2,0,1,2,2,1,0,0,0,0,1,1,0,0,0,0,1,2,0.626090473259133,-1.4066586833009442,1.2,0
2281,2,1,1,0,1,1,1,2,0,0,1,0,0,1,2,1,0,0,0,1,-1.0235786134532718,-0.5601946670739912,1.2,0
2282,1,0,0,1,2,1,2,1,0,0,0,0,0,1,2,1,0,0,0,2,-0.04057562245734562,-0.4418461208502952,1.2,0
2283,1,0,0,1,2,2,1,2,0,0,0,0,0,0,1,2,0,0,0,1,-0.040700078109550585,-0.45854613395450416,1.2,0
2284,1,0,1,1,0,1,0,1,0,1,0,0,0,1,0,2,0,1,0,1,0.1875850256492057,1.2195438120493267,1.2,0
2285,1,1,0,0,1,1,0,1,0,1,0,0,0,0,0,0,0,0,1,0,0.21469820133118642,-0.06365493458028848,1.2,0
2286,0,1,1,2,1,2,0,0,0,2,0,0,0,1,1,1,0,2,0,0,0.29943451790692543,0.3148035171435921,1.2,0
2287,0,1,0,0,0,1,1,1,1,0,2,0,0,1,1,1,1,2,0,0,-0.9096468583523935,-0.36459793859169576,1.2,0
2288,0,0,1,2,1,0,0,1,0,0,1,0,0,1,2,0,0,1,1,0,1.288719908355613,0.5874789018897675,1.2,0
2289,1,1,1,2,1,2,0,2,0,0,0,0,0,2,0,0,1,0,1,1,-0.4269075644190684,-0.35560329677367997,1.2,0
2290,1,0,2,2,0,1,2,2,0,0,0,0,0,0,2,2,0,0,0,0,0.48522257652305795,-0.05652227265670007,1.2,0
2291,1,1,0,0,1,1,0,0,0,0,0,0,0,1,2,2,0,1,0,1,-1.062959238122256,0.8605698597544986,1.2,0
2292,1,0,2,0,0,1,0,0,0,0,0,0,0,2,1,1,0,1,1,2,1.1957123025279388,1.1782706714371831,1.2,0
2293,2,0,2,1,1,1,1,0,0,0,0,0,0,1,2,1,0,0,0,0,-1.125734452326588,0.5960666972685034,1.2,0
2294,1,1,2,1,0,0,1,0,0,1,0,0,0,1,1,1,1,1,0,0,-1.8209162339857452,-1.6312667614693348,1.2,0
2295,1,0,1,0,0,1,1,0,0,0,0,0,1,0,0,0,0,1,0,1,0.1931404378314886,0.9724686994779599,1.2,0
2296,1,0,1,1,1,1,2,2,1,0,0,0,0,0,1,0,0,0,1,0,1.2212210122535143,1.2317084210502989,1.2,0
2297,2,0,0,1,2,0,1,1,0,0,0,0,0,1,1,1,1,1,1,1,-0.0023342036743038094,0.46136068013190035,1.2,0
2298,2,0,0,1,0,2,1,2,0,0,0,0,0,1,2,2,0,0,0,1,-0.25430286788196976,1.8422852634071227,1.2,0
2299,1,0,1,1,1,0,2,0,0,1,1,0,0,1,2,1,1,1,1,0,1.1133881442393443,-0.06925261628258284,1.2,0
2300,0,0,1,1,2,1,0,1,0,2,0,0,0,1,1,0,1,1,0,0,2.0598600644543357,1.5613830157488395,1.2,0
2301,0,0,0,0,0,0,1,2,1,0,2,0,0,2,2,2,1,0,0,0,0.4764977291851547,-0.9328958890658887,1.2,0
2302,0,0,2,0,2,1,0,1,0,1,0,0,0,1,2,0,0,0,0,1,0.1535927600725717,1.7981862521339382,1.2,0
2303,1,1,2,0,0,2,1,0,0,1,0,0,0,1,0,1,0,1,1,0,-0.6859151753763258,0.5401037094718683,1.2,0
2304,1,0,1,0,1,2,1,2,0,0,0,0,0,0,0,0,2,0,0,1,0.5593874159175998,0.3516463593801995,1.2,0
2305,1,0,0,2,0,2,2,1,1,1,2,0,0,1,1,0,1,1,0,1,1.2286227120087394,0.4144619173054074,1.2,0
2306,2,1,2,1,2,2,2,1,0,2,0,0,0,1,1,1,0,2,1,1,-0.8739088746569179,0.9872453374844234,1.2,0
2307,1,0,0,2,1,1,1,2,0,0,1,0,0,1,2,0,1,1,1,1,0.9709413426263023,-0.5083519959263492,1.2,0
2308,0,1,2,1,1,0,1,2,1,0,0,0,0,0,1,1,1,2,1,1,-0.661046788361028,-0.8007721452865142,1.2,0
2309,0,0,1,0,1,0,1,1,0,0,1,0,0,1,2,1,0,1,0,0,0.29234946952507684,1.8799418480626802,1.2,0
2310,1,0,1,0,0,1,0,2,0,1,0,0,0,1,1,1,0,1,1,1,-0.6227253220385088,0.7733985422951124,1.2,0
2311,1,0,1,0,0,1,1,2,0,0,0,0,0,1,2,0,1,2,1,1,-0.3780741261191379,0.20707483865911097,1.2,0
2312,1,0,2,0,2,2,0,1,0,0,0,1,0,1,1,1,0,1,1,0,0.8528220924963675,0.6328828658231705,1.2,0
2313,1,0,0,1,2,0,1,0,0,2,0,0,1,1,1,1,0,1,0,1,-0.5149955566712373,0.8557718889288167,1.2,0
2314,1,0,0,2,1,0,1,0,0,1,0,0,0,0,0,0,0,0,0,1,1.3316968844162322,-1.0158779411093262,1.2,0
2315,0,1,1,1,0,2,0,1,0,1,1,0,0,2,1,0,1,2,1,1,-0.6956777366373534,-0.23937950101311056,1.2,0
2316,0,0,0,1,1,0,0,2,0,1,1,0,0,1,2,0,0,0,0,0,2.9762538147190325,1.1496300424807604,1.2,0
2317,2,0,1,0,1,2,1,1,0,0,1,1,0,0,2,1,1,1,1,0,-0.3221616888079141,-1.076862873418746,1.2,0
2318,2,0,0,0,1,0,1,1,0,0,0,0,0,0,1,1,0,0,0,1,-0.5799738423979329,-1.9836969643246987,1.2,0
2319,1,1,0,1,0,0,1,2,0,0,1,0,0,1,0,0,0,0,0,0,-0.6559311925617626,-0.2654742076036775,1.2,0
2320,1,1,0,1,0,1,0,2,0,0,0,1,0,2,1,0,1,2,0,1,0.44593690832323046,1.374070693584514,1.2,0
2321,0,0,0,0,1,0,2,0,0,0,0,0,0,0,0,1,1,0,0,1,2.103524479854046,0.7931129559900095,1.2,0
2322,2,0,0,1,0,1,2,0,0,1,1,0,0,1,0,1,0,0,0,2,-0.38706006083305594,-0.6800426827892314,1.2,0
2323,2,1,1,0,1,0,1,1,0,1,1,0,0,1,0,0,1,0,0,2,-0.7391176993206272,0.2783969516164251,1.2,0
2324,0,0,1,1,2,0,0,1,0,1,1,1,0,1,0,0,1,0,1,0,0.13525197502419592,1.4140640868842596,1.2,0
2325,2,0,0,1,1,0,0,1,0,0,0,0,0,2,0,0,1,1,0,0,0.7063757628172433,2.278182224064461,1.2,0
2326,0,0,1,1,1,0,1,2,0,1,0,0,0,2,1,0,0,0,0,1,-0.4256475319002641,0.22776683370212128,1.2,0
2327,0,1,0,0,1,0,1,2,0,1,0,0,0,1,1,0,0,1,0,0,0.4533163497507885,2.6531288584393664,1.2,0
2328,1,0,1,1,1,1,1,0,0,0,2,0,0,1,1,1,1,1,0,0,0.33730867991883867,-1.2218041850097976,1.2,0
2329,1,0,1,2,1,1,2,2,0,1,1,0,0,1,2,0,1,0,0,2,-0.39733945432323065,0.6755940764408521,1.2,0
2330,1,0,0,1,0,2,0,1,0,0,1,1,0,0,2,2,1,0,0,0,-2.5719452577366826,-0.7351989043171115,1.2,0
2331,2,0,0,2,0,2,0,2,0,1,1,0,1,1,0,1,0,2,0,1,2.0284315451467987,1.8374326982367697,0.8954025073834497,1
2332,2,1,0,0,2,1,0,1,0,2,0,0,0,1,1,1,1,1,0,1,-0.30191098195482663,0.47825483255589685,1.2,0
2333,1,0,0,0,2,1,2,1,0,0,0,0,0,2,1,2,0,2,0,2,-0.25943987821509185,-0.6632574528497044,1.2,0
2334,1,0,1,1,1,0,1,1,0,0,0,0,0,1,0,1,0,0,0,1,0.1972615159761238,1.6418035564956923,1.2,0
2335,0,0,0,0,2,2,1,1,0,0,1,0,0,0,0,0,0,2,1,0,-0.09549187133409204,-1.0896693908739974,1.2,0
2336,1,1,0,1,1,2,0,1,0,1,0,0,0,2,1,2,0,1,1,1,1.6501364715299014,0.913777685590088,1.2,0
2337,1,0,2,1,1,2,1,0,0,0,0,1,0,0,1,2,2,0,1,1,-1.5692584205730982,-0.4843601763755532,1.2,0
2338,0,0,1,1,0,0,2,1,0,1,0,0,0,1,2,1,0,1,0,1,0.1537888802391812,0.09979687111695401,1.2,0
2339,0,1,0,1,0,1,1,0,0,1,0,1,0,1,1,0,0,0,1,1,-1.0506719429763054,-0.4609751197920048,1.2,0
2340,2,0,2,2,1,1,1,1,0,0,0,0,0,2,0,0,1,1,2,1,-0.1497973417174741,0.22125374110510002,1.2,0
2341,1,0,0,0,0,1,2,1,0,1,0,0,0,1,1,1,0,2,0,1,0.5163910349393204,0.26072502042411405,1.2,0
2342,1,0,1,0,1,1,1,1,0,0,1,0,0,2,1,1,0,1,1,1,1.2241296950525429,0.042719072359954924,1.2,0
2343,1,0,1,0,0,1,1,0,0,0,1,1,0,0,1,1,0,0,0,2,-1.3892841143105288,-1.0581700709959672,1.2,0
2344,1,0,0,1,0,1,0,1,0,1,1,0,0,0,2,0,0,1,0,1,1.1619590216422566,-0.03872307360654613,1.150779704738206,1
2345,2,0,0,1,1,2,2,0,1,1,0,0,0,0,2,0,1,0,0,0,-2.0155055820424037,-0.8108372775883876,1.2,0
2346,1,1,0,0,2,1,0,1,0,0,0,0,0,0,1,2,0,0,0,1,0.2752855697001646,0.39183719334396333,1.2,0
2347,0,0,0,1,2,0,1,1,0,0,1,0,0,1,2,0,0,1,0,0,-0.4164067133873014,-1.4955672416168637,1.2,0
2348,1,2,0,1,2,0,0,1,0,1,0,1,0,0,1,2,1,0,0,1,-0.5175839288802889,1.468741469569601,1.2,0
2349,1,0,1,1,0,2,1,1,1,1,0,0,0,1,1,1,0,1,0,1,-0.307085739951051,1.730916043813985,1.2,0
2350,1,0,0,1,1,0,1,1,0,0,0,0,0,0,1,0,0,1,0,0,0.3298504926074489,-0.6648502890590724,1.2,0
2351,1,0,0,0,0,1,2,0,0,0,1,1,0,1,1,0,0,0,0,1,-1.0786786860282287,-0.6145875142329457,1.2,0
2352,0,0,1,2,2,1,1,1,0,1,0,1,0,1,1,1,0,0,0,0,0.7444164194638242,1.0176596563099023,1.2,0
2353,2,0,1,1,2,1,2,2,0,1,1,0,1,0,0,0,1,1,0,1,0.057429531834741906,-1.689429627486584,1.2,0
2354,2,0,0,0,1,1,0,1,0,1,0,0,0,1,1,1,1,1,0,1,1.1712665245882947,0.937041509090107,1.2,0
2355,2,1,1,2,1,1,1,0,1,0,0,0,0,1,0,2,0,1,0,0,1.116286289285267,0.2697386817240329,1.2,0
2356,1,0,2,1,1,0,0,2,0,0,1,1,0,0,1,1,0,1,0,1,-0.21508633476353464,-0.7490731586796464,1.2,0
2357,0,1,1,0,2,0,0,0,0,0,0,0,0,0,2,0,0,1,1,0,2.8524294535046977,0.8010805676366797,1.2,0
2358,0,1,2,1,1,2,2,0,0,1,0,0,0,1,0,1,0,0,0,2,1.4289654154939357,0.8069125730774577,1.2,0
2359,1,0,0,0,1,0,1,2,0,2,0,0,0,1,2,0,0,1,2,0,0.7697245889851388,0.6688474411774566,1.2,0
2360,2,0,1,1,0,2,1,1,2,0,1,0,0,0,2,1,0,1,1,0,-0.20026836603804946,-0.17776678976071636,1.2,0
2361,1,0,0,1,1,1,2,2,0,0,1,0,0,1,1,1,0,1,0,0,1.291938477018078,0.5705756446160973,1.2,0
2362,0,1,0,1,0,1,1,0,0,1,0,0,0,1,0,0,0,2,0,2,-0.5003360328435544,-1.317213976668907,1.2,0
2363,2,0,0,0,0,0,0,1,0,2,1,0,0,1,1,0,1,0,0,1,0.7226877145544814,0.000024656074105247616,1.2,0
2364,2,1,0,1,2,1,2,1,0,0,0,0,0,2,1,2,1,0,0,2,0.6569709574340602,-0.36798933617856844,1.2,0
2365,1,0,1,2,1,0,1,1,0,1,0,0,0,0,2,0,0,2,0,2,-0.04937428522794937,1.0071426319092636,1.2,0
2366,2,0,1,0,2,0,1,2,1,0,0,0,0,2,0,0,0,0,0,1,0.512985786080563,-0.4584493209388235,1.2,0
2367,0,0,1,0,2,2,2,2,0,1,2,0,0,0,1,1,1,1,0,0,1.5166243175211325,0.40989746504486485,1.2,0
2368,1,0,1,1,0,2,1,0,0,1,1,0,0,0,0,0,1,0,0,1,-0.22206833379294935,-1.4708193359182888,1.2,0
2369,1,1,0,1,1,1,2,0,0,0,1,1,0,1,0,0,0,1,0,1,0.1641643174128048,-0.6506377063320201,1.2,0
2370,1,1,0,2,1,1,0,2,1,0,0,0,0,1,1,0,0,0,2,0,-0.29869610829479276,-0.4171735082161672,1.2,0
2371,2,0,0,2,1,0,1,1,1,1,0,1,0,1,1,0,0,1,1,0,0.6261531638391129,-0.06594837780240154,1.2,0
2372,0,0,0,1,0,1,1,1,0,1,0,0,0,0,1,2,0,2,0,1,1.403508051669348,1.876263649517154,1.2,0
2373,0,0,1,0,1,1,0,1,0,0,0,0,0,1,1,1,1,2,1,2,1.5656364425068598,0.8133216634986136,1.2,0
2374,1,1,1,2,1,0,1,0,0,1,0,0,0,1,1,0,0,1,0,1,-0.8948468085523269,-0.773535485066527,1.2,0
2375,1,0,1,1,0,2,0,0,0,1,1,0,0,1,1,1,0,0,1,1,-0.9591008220139381,-0.46391115569744984,1.2,0
2376,1,1,0,2,0,1,0,1,0,0,1,0,0,0,2,1,1,0,0,2,-0.2879649532164059,-0.154403405198423,1.2,0
2377,0,0,1,0,0,1,0,2,0,1,0,1,0,1,0,1,0,0,1,0,1.5094693598158182,0.22455382141053604,1.2,0
2378,0,1,2,1,0,1,0,1,0,0,0,0,0,1,1,1,0,0,0,1,0.35825448285269584,-0.22461422121805474,1.2,0
2379,1,0,0,1,1,1,1,0,0,0,1,0,0,0,1,0,1,0,0,1,0.3931074403141174,-1.9649183613306946,1.2,0
2380,1,0,0,1,1,1,0,2,0,0,0,0,0,2,2,2,0,1,0,0,1.2298686068059836,-0.5675876935818911,1.2,0
2381,0,0,0,0,0,0,0,1,0,0,0,0,0,1,1,0,0,1,1,0,-2.226064942220067,-1.5324877661359337,1.2,0
2382,2,0,1,1,1,1,0,2,0,0,0,0,0,1,1,0,0,0,0,1,0.16810920845110716,0.7939451027803739,1.2,0
2383,0,0,1,1,0,1,1,2,0,0,2,0,0,0,2,1,1,0,0,0,-0.013793225201831377,0.030811948210869855,1.2,0
2384,1,0,1,1,1,1,1,1,0,0,1,0,0,0,1,0,2,2,0,1,1.5885332697187708,-0.5999529939733675,1.2,0
2385,1,1,1,1,0,0,1,0,0,0,1,0,0,1,1,1,0,2,1,2,0.6584320410457392,-1.7456192662070964,1.2,0
2386,0,0,1,0,1,1,1,2,1,0,0,0,0,2,1,0,0,1,0,1,2.1825555274632062,-0.9652802652394652,1.2,0
2387,1,0,1,2,1,1,0,2,0,0,2,0,0,0,1,1,2,1,2,0,2.3060325483302284,0.4102175248975848,1.2,0
2388,1,1,0,1,2,0,0,0,1,0,1,0,0,0,1,0,0,0,0,2,0.5707102687069611,-0.38584129804816936,0.4016327520788276,1
2389,2,0,1,1,1,1,1,0,0,1,1,0,0,1,1,2,0,0,0,0,-0.1055227243937017,1.021819424242322,1.2,0
2390,2,1,0,0,0,0,1,0,0,1,0,0,0,1,1,1,0,0,1,1,0.046292082489689274,-1.0881094825904734,1.2,0
2391,2,0,0,1,2,1,1,0,0,0,0,0,0,0,0,0,1,1,0,0,1.3485188179398226,-0.40653286349502427,1.2,0
2392,1,0,0,1,1,1,1,1,0,0,0,0,0,1,2,0,2,1,1,1,-0.9998922855393253,-2.05874003731616,1.2,0
2393,1,0,2,1,0,2,0,0,0,0,2,0,0,0,0,2,0,1,1,2,-0.28339921847463734,-2.5001942473531065,1.2,0
2394,1,1,1,1,0,1,0,1,0,1,1,0,0,1,1,2,1,1,0,1,0.051974877246259016,-0.45543378753394614,1.2,0
2395,2,0,0,1,0,0,2,0,1,0,2,0,0,0,1,1,0,0,0,2,0.042911883504974414,-1.9675767075519714,1.2,0
2396,1,0,2,1,0,1,0,1,0,0,1,0,0,1,1,1,0,0,1,0,0.15510913121343273,-1.4332217153971483,1.2,0
2397,0,0,1,1,0,1,2,2,0,0,0,0,0,1,2,2,0,2,1,1,1.1262399499848883,1.4004988316363332,1.2,0
2398,2,1,0,2,1,1,0,1,0,1,1,0,0,0,2,0,0,1,0,1,-1.0710169867675583,0.6329240835682595,0.15385715584773352,1
2399,0,1,1,1,1,1,1,0,0,1,1,1,1,0,2,2,0,1,0,0,-0.21625785890617796,-0.5018490429621824,0.7186131051567289,1
2400,1,0,0,1,0,0,1,0,0,1,2,0,1,1,2,0,0,0,1,0,-1.3209234142927335,-0.8577197334592138,1.2,0
2401,0,0,0,1,2,0,0,1,0,1,2,1,0,1,1,1,1,1,0,1,-0.3207744904335161,0.43332064597204484,1.2,0
2402,1,0,1,0,0,1,1,1,0,0,1,0,0,0,1,0,0,1,0,1,1.495499500168961,-2.1625997723644295,1.2,0
2403,0,0,0,1,0,1,0,1,0,1,1,0,0,2,2,0,0,0,1,1,0.09787184568987854,0.0745996095880207,1.2,0
2404,1,1,0,1,1,1,1,1,0,0,0,1,0,0,1,1,0,1,1,0,2.935663760502646,2.1111459622717046,1.2,0
2405,2,1,0,0,0,2,2,1,0,0,1,0,0,2,2,1,0,1,1,2,-0.6964668029636151,-1.5423714737227365,1.2,0
2406,1,1,1,0,0,1,0,1,0,0,0,0,0,0,0,0,0,1,0,1,1.4367581966760017,0.11694718378776853,1.2,0
2407,1,1,1,1,1,1,0,2,0,0,1,0,0,1,0,1,0,1,0,0,-0.6715772822752895,-1.240294646170207,1.2,0
2408,1,0,0,1,0,1,1,0,0,1,1,0,0,0,2,0,0,1,0,1,-0.8068338221586447,-2.211059893198691,1.2,0
2409,0,1,1,1,2,0,0,0,0,1,0,0,0,1,2,0,0,0,0,1,-0.1952288823864078,0.5673853010070972,1.2,0
2410,0,0,1,2,0,1,1,1,0,0,0,0,0,1,1,0,0,1,0,1,-0.5394147077359502,1.9921363352263473,1.2,0
2411,1,1,0,1,0,2,1,0,0,0,2,0,0,1,1,0,0,1,0,1,0.8323258036481223,0.07934674079538728,1.2,0
2412,1,0,1,1,0,1,0,1,0,2,1,0,0,2,0,0,1,1,0,1,-0.8260007616566387,-0.367074843781873,1.2,0
2413,2,1,0,0,1,0,0,2,1,1,1,0,0,1,1,0,0,0,0,1,-1.323444118304098,0.3957792751458763,1.2,0
2414,1,0,0,0,1,1,2,1,0,0,1,1,0,0,0,0,0,0,0,1,-0.4537342199070698,-1.0082732796234424,1.2,0
2415,1,0,2,0,0,2,1,1,1,1,0,1,0,1,2,1,0,1,1,1,-0.7941843922984277,0.9385706362914921,1.2,0
2416,1,1,0,1,1,2,2,1,0,1,0,0,0,1,1,2,0,0,1,2,0.23244047278700178,-0.3412450328669774,1.2,0
2417,1,2,1,0,0,1,0,2,0,0,0,1,0,1,2,1,0,1,1,0,0.09355974253256674,-0.008805947211224963,1.2,0
2418,2,0,1,0,1,0,0,2,0,0,0,0,0,2,2,0,1,0,0,2,1.548601758302379,1.3222831921681988,1.2,0
2419,0,1,1,1,0,0,2,1,0,0,1,0,0,0,1,0,2,1,1,1,0.9244186865085173,-0.3192010213968961,1.2,0
2420,2,0,0,0,1,1,2,1,0,0,2,0,0,1,1,1,0,2,0,0,-0.9946235198521968,-1.540555618413741,1.2,0
2421,1,1,1,2,1,2,2,1,0,0,0,0,0,0,0,2,0,2,0,1,-0.36630742519130016,-0.5924654673796563,1.2,0
2422,1,1,0,0,1,2,2,2,0,1,0,1,0,1,1,2,1,0,1,1,0.34902923730386193,1.1701374526116972,1.2,0
2423,1,0,1,1,0,1,2,0,0,0,0,0,0,1,1,1,1,2,0,2,0.40247004430625966,0.8410071846310393,1.2,0
2424,1,1,0,1,2,1,1,0,1,0,0,1,0,1,0,0,1,1,0,2,1.0866672133675201,-1.399160876353307,1.2,0
2425,0,0,2,1,2,1,2,1,0,0,0,0,0,1,2,1,0,0,1,0,0.14465554866439492,0.04784647437134881,1.2,0
2426,0,0,0,2,1,0,1,1,0,0,1,0,0,0,1,2,0,1,0,0,0.14073846704752688,1.4307081504951313,1.2,0
2427,2,1,1,0,0,1,1,2,0,0,1,0,0,2,2,0,0,0,0,0,1.2354300747370361,0.8731611023541677,1.2,0
2428,1,0,0,1,1,0,1,1,1,0,0,1,0,0,1,1,0,1,0,1,-0.4468207158707035,-0.7629874172329381,1.2,0
2429,1,0,1,1,0,0,0,1,0,1,1,0,0,0,1,1,1,1,1,1,-0.022735008863231248,0.3558412316559472,1.2,0
2430,0,0,1,1,1,0,1,0,1,0,0,0,0,1,0,2,0,1,0,1,1.6495845851363096,0.8850868023046266,1.2,0
2431,2,1,0,2,1,0,1,1,0,0,1,0,0,1,0,0,1,0,0,1,0.06930169456205343,1.191471561759795,1.2,0
2432,2,0,1,2,1,0,0,0,0,1,0,0,0,1,2,0,1,1,0,0,-2.2409635626214093,-0.2270406679710864,1.2,0
2433,1,0,0,1,1,2,0,1,0,0,0,0,1,1,2,1,1,0,0,2,0.9201176291438954,-0.6875570292368738,1.2,0
2434,2,1,0,1,0,2,2,0,0,1,0,0,0,1,0,1,1,2,0,0,0.12586136488077368,-0.10628918007760857,1.2,0
2435,1,1,0,1,1,2,1,1,0,0,1,0,0,1,2,1,1,1,0,0,0.8901867594211458,0.3435230059297114,1.2,0
2436,0,0,0,2,1,0,1,0,1,1,0,0,0,1,1,1,1,1,0,1,0.7271041598051765,0.44024195702642993,1.2,0
2437,2,0,1,0,1,1,2,1,0,1,0,0,1,1,0,1,0,1,1,1,-0.5948458095876517,-0.2892915595807152,1.2,0
2438,1,0,0,0,1,0,0,0,0,2,0,0,0,0,0,1,0,0,0,0,-0.3801048545124861,-0.08477821260532498,1.2,0
2439,1,0,2,0,1,1,0,2,0,0,0,0,0,1,0,1,0,1,0,1,-2.016885571283614,-0.22974573936661707,1.2,0
2440,1,1,0,1,0,1,1,1,0,0,0,0,0,1,1,2,2,2,1,1,0.6683260689806629,0.05948380734399317,1.2,0
2441,1,0,1,1,0,1,0,1,1,1,1,0,1,2,1,0,0,0,1,1,-0.35483033088509797,-0.7330080271823631,1.2,0
2442,0,1,0,1,0,0,1,2,0,0,0,0,1,1,1,1,0,1,1,0,0.009171031480378511,-0.5725770658929434,1.2,0
2443,0,0,0,0,1,0,0,1,0,0,1,1,0,2,1,0,0,1,0,1,0.44965099864477975,0.19758360819331977,1.2,0
2444,1,0,2,0,2,0,0,1,1,0,0,0,0,1,0,1,0,0,0,0,-1.5911871614686444,-0.34941862094277165,1.2,0
2445,1,0,1,0,1,0,0,2,0,1,0,1,0,1,1,0,0,1,2,1,0.0960902638786014,0.8780182212760852,1.2,0
2446,0,0,0,1,0,2,2,0,0,0,1,0,0,0,1,1,0,1,0,0,0.6752956040028449,0.7270975894568775,1.2,0
